Date,Open,High,Low,Close
2005/06/30,6.5,6.6,6.5,6.5
2005/07/04,6.4,6.5,6.4,6.4
2005/07/05,6.4,6.4,6.3,6.4
2005/07/06,6.4,6.4,6.3,6.4
2005/07/07,6.4,6.4,6.3,6.4
2005/07/11,6.4,6.5,6.4,6.5
2005/07/12,6.5,6.6,6.5,6.6
2005/07/13,6.6,6.7,6.5,6.5
2005/07/14,6.6,6.6,6.5,6.5
2005/07/18,6.6,6.8,6.6,6.6
2005/07/19,6.7,6.7,6.6,6.7
2005/07/20,6.6,6.7,6.6,6.6
2005/07/21,6.6,6.6,6.5,6.5
2005/07/25,6.5,6.6,6.5,6.5
2005/07/26,6.6,6.6,6.4,6.4
2005/07/27,6.5,6.5,6.4,6.5
2005/07/28,6.4,6.5,6.4,6.5
2005/08/01,6.3,6.4,6.3,6.3
2005/08/02,6.4,6.5,6.4,6.5
2005/08/03,6.5,6.6,6.4,6.6
2005/08/08,6.5,6.6,6.5,6.6
2005/08/09,6.6,6.8,6.5,6.6
2005/08/10,6.6,6.6,6.5,6.6
2005/08/11,6.6,6.6,6.5,6.6
2005/08/15,6.6,6.6,6.4,6.5
2005/08/16,6.5,6.5,6.4,6.5
2005/08/17,6.5,6.5,6.4,6.5
2005/08/18,6.4,6.5,6.3,6.5
2005/08/22,6.4,6.4,6.4,6.4
2005/08/23,6.4,6.4,6.3,6.3
2005/08/24,6.3,6.4,6.3,6.4
2005/08/25,6.4,6.5,6.3,6.5
2005/08/29,6.5,6.5,6.4,6.5
2005/08/30,6.5,6.5,6.4,6.5
2005/09/01,6.6,6.6,6.5,6.6
2005/09/05,6.6,6.9,6.4,6.9
2005/09/06,6.9,7.0,6.7,6.9
2005/09/07,6.9,6.9,6.7,6.7
2005/09/08,6.7,7.2,6.6,7.2
2005/09/12,7.3,7.3,7.1,7.2
2005/09/13,7.0,7.2,6.9,7.1
2005/09/14,7.0,7.3,6.9,7.3
2005/09/15,7.3,7.3,7.0,7.0
2005/09/19,6.7,7.0,6.7,7.0
2005/09/20,6.9,6.9,6.7,6.8
2005/09/21,6.7,6.7,6.5,6.7
2005/09/22,6.6,6.7,6.5,6.7
2005/09/26,6.7,6.7,6.6,6.6
2005/09/27,6.6,6.7,6.6,6.6
2005/09/28,6.6,6.9,6.6,6.9
2005/09/29,6.9,7.1,6.8,7.1
2005/10/03,7.2,7.2,6.9,6.9
2005/10/04,6.8,6.9,6.8,6.9
2005/10/05,6.9,6.9,6.7,6.8
2005/10/06,6.8,6.8,6.5,6.5
2005/10/10,6.5,6.6,6.5,6.6
2005/10/11,6.6,6.6,6.5,6.6
2005/10/12,6.6,6.6,6.5,6.6
2005/10/13,6.6,6.6,6.5,6.5
2005/10/17,6.3,6.4,6.1,6.2
2005/10/18,6.2,6.2,5.9,5.9
2005/10/19,5.9,6.0,5.5,5.8
2005/10/20,5.7,5.8,5.6,5.7
2005/10/24,5.9,5.9,5.7,5.9
2005/10/25,5.8,5.8,5.7,5.8
2005/10/26,5.8,5.8,5.7,5.8
2005/10/27,5.8,5.9,5.8,5.9
2005/10/31,6.0,6.1,6.0,6.0
2005/11/01,6.0,6.0,6.0,6.0
2005/11/02,6.0,6.0,5.9,6.0
2005/11/03,6.0,6.0,5.9,5.9
2005/11/07,5.8,5.9,5.8,5.9
2005/11/08,5.9,6.0,5.8,5.9
2005/11/09,6.0,6.0,5.8,5.8
2005/11/10,5.9,5.9,5.8,5.8
2005/11/14,5.9,5.9,5.8,5.9
2005/11/15,5.8,5.8,5.7,5.7
2005/11/16,5.7,5.7,5.6,5.7
2005/11/17,5.7,5.8,5.6,5.8
2005/11/21,5.8,5.8,5.7,5.8
2005/11/22,5.8,5.8,5.7,5.8
2005/11/23,5.8,5.9,5.8,5.8
2005/11/24,5.8,5.9,5.7,5.8
2005/11/28,5.8,5.8,5.7,5.8
2005/11/29,5.7,5.9,5.7,5.9
2005/11/30,5.9,6.0,5.8,5.9
2005/12/01,5.9,6.0,5.9,5.9
2005/12/05,5.9,6.0,5.9,6.0
2005/12/06,5.9,6.0,5.9,5.9
2005/12/07,5.9,5.9,5.9,5.9
2005/12/08,5.9,5.9,5.8,5.9
2005/12/12,5.9,5.9,5.8,5.9
2005/12/13,5.9,5.9,5.8,5.8
2005/12/14,5.8,5.8,5.7,5.8
2005/12/15,5.8,5.9,5.8,5.9
2005/12/19,5.9,6.0,5.9,5.9
2005/12/20,6.0,6.0,5.9,5.9
2005/12/21,5.9,5.9,5.9,5.9
2005/12/22,5.9,5.9,5.9,5.9
2005/12/26,6.1,6.3,6.1,6.2
2005/12/27,6.2,6.2,6.1,6.1
2005/12/28,6.2,6.2,6.1,6.2
2005/12/29,6.2,6.3,6.1,6.2
2006/01/02,6.2,6.2,6.1,6.2
2006/01/03,6.2,6.3,6.1,6.2
2006/01/04,6.2,6.2,6.1,6.2
2006/01/05,6.2,6.2,6.0,6.0
2006/01/09,6.1,6.3,6.1,6.3
2006/01/10,6.3,6.3,6.2,6.2
2006/01/11,6.2,6.3,6.1,6.2
2006/01/13,6.2,6.2,6.1,6.2
2006/01/16,6.2,6.2,6.1,6.1
2006/01/17,6.1,6.2,6.0,6.1
2006/01/18,6.1,6.1,6.0,6.1
2006/01/19,6.0,6.1,6.0,6.1
2006/01/20,6.0,6.0,6.0,6.0
2006/01/23,6.0,6.0,5.9,6.0
2006/01/24,6.0,6.0,5.9,5.9
2006/01/25,5.9,6.2,5.9,6.2
2006/02/02,6.6,6.6,6.6,6.6
2006/02/03,6.1,6.1,6.1,6.1
2006/02/06,6.1,6.2,6.1,6.1
2006/02/07,6.1,6.2,6.1,6.2
2006/02/08,6.2,6.2,6.1,6.1
2006/02/09,6.1,6.1,6.0,6.0
2006/02/10,6.1,6.1,6.0,6.1
2006/02/13,6.0,6.1,5.9,6.0
2006/02/14,6.0,6.0,5.9,6.0
2006/02/15,6.0,6.0,5.9,6.0
2006/02/16,5.9,6.0,5.9,6.0
2006/02/17,6.0,6.0,5.9,6.0
2006/02/20,5.9,5.9,5.9,5.9
2006/02/21,5.9,5.9,5.8,5.9
2006/02/22,5.9,5.9,5.8,5.8
2006/02/23,5.8,5.9,5.7,5.7
2006/02/24,5.8,5.8,5.7,5.8
2006/02/27,5.8,5.8,5.7,5.8
2006/03/01,5.8,5.8,5.8,5.8
2006/03/02,5.8,5.8,5.7,5.8
2006/03/03,5.8,5.8,5.7,5.8
2006/03/06,5.7,5.8,5.7,5.8
2006/03/07,5.8,5.8,5.8,5.8
2006/03/08,5.7,5.8,5.7,5.8
2006/03/10,5.7,5.7,5.7,5.7
2006/03/13,5.7,5.7,5.6,5.7
2006/03/14,5.7,5.7,5.6,5.6
2006/03/15,5.6,5.6,5.5,5.6
2006/03/16,5.6,5.6,5.5,5.6
2006/03/17,5.6,5.6,5.5,5.5
2006/03/20,5.5,5.5,5.5,5.5
2006/03/21,5.5,5.7,5.5,5.7
2006/03/22,5.7,5.7,5.6,5.7
2006/03/23,5.7,5.8,5.6,5.8
2006/03/24,5.8,5.8,5.7,5.8
2006/03/27,5.8,5.8,5.7,5.8
2006/03/28,5.7,5.8,5.7,5.8
2006/03/29,5.7,5.8,5.7,5.8
2006/03/30,5.7,5.8,5.7,5.7
2006/03/31,5.7,5.8,5.7,5.7
2006/04/03,5.7,5.7,5.7,5.7
2006/04/04,5.7,5.7,5.7,5.7
2006/04/06,5.7,5.7,5.7,5.7
2006/04/07,5.7,5.7,5.7,5.7
2006/04/10,5.7,5.7,5.6,5.7
2006/04/11,5.8,5.8,5.7,5.7
2006/04/12,5.7,5.8,5.7,5.8
2006/04/13,5.8,5.8,5.7,5.8
2006/04/14,5.8,5.8,5.7,5.8
2006/04/17,5.8,5.9,5.8,5.9
2006/04/18,6.3,6.3,6.3,6.3
2006/04/19,6.7,6.7,6.7,6.7
2006/04/20,6.7,6.7,6.5,6.5
2006/04/21,6.5,6.5,6.4,6.4
2006/04/24,6.4,6.6,6.4,6.5
2006/04/25,6.6,6.6,6.4,6.4
2006/04/26,6.4,6.5,6.4,6.5
2006/04/27,6.5,6.5,6.4,6.4
2006/04/28,6.5,6.5,6.4,6.4
2006/05/02,6.4,6.5,6.4,6.5
2006/05/03,6.5,6.5,6.5,6.5
2006/05/04,6.5,6.7,6.5,6.6
2006/05/05,6.7,6.7,6.6,6.6
2006/05/08,6.6,6.7,6.6,6.6
2006/05/09,6.6,6.7,6.6,6.6
2006/05/10,6.7,6.9,6.7,6.8
2006/05/11,6.9,7.1,6.8,6.9
2006/05/12,6.9,6.9,6.8,6.9
2006/05/15,6.9,6.9,6.8,6.8
2006/05/16,6.9,6.9,6.5,6.6
2006/05/17,6.7,6.7,6.5,6.6
2006/05/18,6.5,6.6,6.5,6.5
2006/05/19,6.5,6.6,6.5,6.5
2006/05/22,6.5,6.6,6.1,6.1
2006/05/23,6.2,6.3,6.2,6.2
2006/05/24,6.2,6.3,6.2,6.3
2006/05/25,6.3,6.4,6.2,6.3
2006/05/26,6.3,6.4,6.3,6.4
2006/05/29,6.6,6.6,6.4,6.5
2006/05/30,6.6,6.6,6.4,6.5
2006/06/01,6.4,6.5,6.4,6.4
2006/06/02,6.4,6.4,6.3,6.3
2006/06/05,6.3,6.4,6.2,6.2
2006/06/06,6.2,6.2,6.0,6.2
2006/06/07,6.1,6.1,6.0,6.0
2006/06/08,6.0,6.0,5.9,5.9
2006/06/09,5.9,6.0,5.9,5.9
2006/06/12,6.1,6.1,5.9,6.0
2006/06/13,6.0,6.0,6.0,6.0
2006/06/14,6.0,6.2,6.0,6.2
2006/06/15,6.2,6.2,6.1,6.2
2006/06/16,6.5,6.6,6.4,6.6
2006/06/19,6.7,6.7,6.6,6.6
2006/06/20,6.6,6.6,6.3,6.5
2006/06/21,6.5,6.6,6.3,6.5
2006/06/22,6.5,6.6,6.5,6.6
2006/06/23,6.6,6.6,6.4,6.6
2006/06/26,6.6,6.6,6.5,6.6
2006/06/27,6.6,6.7,6.6,6.6
2006/06/28,6.6,6.6,6.6,6.6
2006/06/29,6.6,6.7,6.6,6.7
2006/06/30,6.7,6.8,6.6,6.7
2006/07/03,6.7,6.7,6.6,6.7
2006/07/04,6.7,6.7,6.5,6.6
2006/07/05,6.6,6.6,6.5,6.6
2006/07/06,6.6,6.6,6.5,6.6
2006/07/07,6.5,6.6,6.5,6.6
2006/07/10,6.5,6.6,6.5,6.6
2006/07/11,6.6,6.6,6.5,6.6
2006/07/12,6.5,6.6,6.5,6.6
2006/07/13,6.5,6.6,6.5,6.6
2006/07/14,6.5,6.5,6.4,6.5
2006/07/17,6.5,6.6,6.4,6.6
2006/07/18,6.6,6.6,6.5,6.5
2006/07/19,6.5,6.5,6.5,6.5
2006/07/20,6.5,6.6,6.5,6.6
2006/07/21,6.5,6.6,6.5,6.6
2006/07/24,6.6,7.0,6.5,7.0
2006/07/25,7.0,7.1,6.8,6.8
2006/07/26,6.8,6.9,6.7,6.7
2006/07/27,6.7,6.8,6.7,6.8
2006/07/28,6.8,6.8,6.6,6.7
2006/07/31,6.8,6.8,6.6,6.7
2006/08/01,6.7,6.7,6.6,6.7
2006/08/02,6.6,6.7,6.6,6.7
2006/08/03,6.7,6.7,6.7,6.7
2006/08/04,6.7,6.8,6.6,6.6
2006/08/07,6.6,6.7,6.6,6.6
2006/08/08,6.6,6.7,6.6,6.7
2006/08/09,6.6,6.7,6.6,6.6
2006/08/10,6.6,6.6,6.6,6.6
2006/08/11,6.6,6.7,6.6,6.7
2006/08/14,6.7,6.7,6.7,6.7
2006/08/15,6.7,6.9,6.7,6.9
2006/08/16,6.9,6.9,6.8,6.9
2006/08/17,7.3,7.3,7.3,7.3
2006/08/18,7.4,7.7,7.3,7.6
2006/08/21,7.6,7.6,7.2,7.2
2006/08/22,7.3,7.4,7.0,7.4
2006/08/23,7.4,7.4,7.2,7.4
2006/08/24,7.3,7.7,7.3,7.6
2006/08/25,7.6,7.7,7.4,7.5
2006/08/28,7.5,7.6,7.5,7.6
2006/08/29,7.6,7.6,7.5,7.6
2006/08/30,7.6,7.7,7.5,7.6
2006/08/31,7.6,7.6,7.5,7.5
2006/09/01,7.5,7.6,7.4,7.5
2006/09/04,7.5,7.6,7.5,7.5
2006/09/05,7.6,7.6,7.4,7.5
2006/09/06,7.5,7.6,7.4,7.5
2006/09/07,7.4,7.4,7.4,7.4
2006/09/08,7.4,7.4,7.3,7.4
2006/09/11,7.4,7.4,7.3,7.4
2006/09/12,7.4,7.5,7.4,7.4
2006/09/13,7.4,7.5,7.3,7.3
2006/09/14,7.3,7.3,7.0,7.3
2006/09/15,7.2,7.3,7.1,7.3
2006/09/18,7.3,7.5,7.2,7.5
2006/09/19,7.4,7.4,7.3,7.3
2006/09/20,7.3,7.5,7.2,7.4
2006/09/21,7.4,7.5,7.4,7.5
2006/09/22,7.4,7.5,7.4,7.5
2006/09/25,7.5,7.6,7.5,7.5
2006/09/26,7.5,7.6,7.5,7.5
2006/09/27,7.5,7.6,7.5,7.5
2006/09/28,7.5,7.5,7.4,7.5
2006/09/29,7.5,7.5,7.4,7.5
2006/10/02,7.5,7.5,7.4,7.5
2006/10/03,7.6,8.1,7.6,7.9
2006/10/04,7.8,8.1,7.8,8.0
2006/10/05,8.1,8.1,8.0,8.0
2006/10/10,8.0,8.0,8.0,8.0
2006/10/11,8.0,8.3,8.0,8.2
2006/10/12,8.3,8.3,8.0,8.1
2006/10/13,8.1,8.2,8.1,8.2
2006/10/16,8.4,8.9,8.4,8.9
2006/10/17,9.0,9.4,8.8,9.2
2006/10/18,9.3,9.3,9.0,9.1
2006/10/19,9.3,9.7,9.1,9.3
2006/10/20,9.3,9.5,9.1,9.2
2006/10/23,9.2,9.3,9.0,9.1
2006/10/24,9.0,9.2,9.0,9.1
2006/10/25,9.1,9.1,8.8,8.8
2006/10/26,8.9,9.3,8.9,9.1
2006/10/27,9.2,9.3,8.9,8.9
2006/10/30,8.9,8.9,8.8,8.8
2006/10/31,8.8,8.9,8.7,8.9
2006/11/01,8.9,8.9,8.8,8.8
2006/11/02,8.8,8.9,8.7,8.8
2006/11/03,8.8,8.9,8.7,8.9
2006/11/06,8.3,8.9,8.3,8.6
2006/11/07,8.7,8.9,8.7,8.9
2006/11/08,8.9,8.9,8.6,8.6
2006/11/09,8.7,8.7,8.5,8.5
2006/11/10,8.5,8.5,8.4,8.4
2006/11/13,8.4,8.7,8.4,8.6
2006/11/14,8.6,8.8,8.6,8.6
2006/11/15,8.7,8.7,8.5,8.7
2006/11/16,8.8,8.8,8.6,8.8
2006/11/17,9.0,9.0,8.8,8.9
2006/11/20,8.9,8.9,8.7,8.8
2006/11/21,8.8,8.8,8.6,8.8
2006/11/22,8.8,8.8,8.7,8.7
2006/11/23,8.8,8.8,8.7,8.7
2006/11/24,8.8,8.8,8.7,8.8
2006/11/27,8.8,8.9,8.7,8.8
2006/11/28,8.7,9.1,8.7,9.0
2006/11/29,9.1,9.1,8.8,8.9
2006/11/30,8.9,9.0,8.9,8.9
2006/12/01,9.0,9.0,8.8,8.9
2006/12/04,8.9,9.1,8.9,9.1
2006/12/05,9.2,9.2,8.9,8.9
2006/12/06,8.9,8.9,8.8,8.9
2006/12/07,8.9,9.0,8.8,8.9
2006/12/08,8.9,9.0,8.8,8.9
2006/12/11,9.0,9.0,8.9,8.9
2006/12/12,9.0,9.0,8.7,8.9
2006/12/13,8.9,8.9,8.7,8.8
2006/12/14,8.8,8.9,8.7,8.8
2006/12/15,8.8,8.9,8.8,8.9
2006/12/18,8.9,9.5,8.9,9.5
2006/12/19,9.7,9.9,9.2,9.5
2006/12/20,9.5,9.6,9.3,9.4
2006/12/21,9.5,9.5,9.3,9.4
2006/12/22,9.3,9.4,9.3,9.3
2006/12/25,9.3,9.5,9.3,9.4
2006/12/26,9.4,10.0,9.3,10.0
2006/12/27,10.4,10.6,10.0,10.4
2006/12/28,10.4,10.4,10.0,10.0
2006/12/29,10.0,10.7,10.0,10.7
2007/01/01,10.7,10.7,10.7,10.7
2007/01/02,11.1,11.4,11.1,11.4
2007/01/03,11.4,11.9,11.2,11.7
2007/01/04,11.6,12.1,11.4,11.9
2007/01/05,11.9,11.9,11.5,11.9
2007/01/08,11.8,11.9,11.6,11.6
2007/01/09,12.0,12.0,11.8,11.8
2007/01/10,11.6,11.7,11.2,11.4
2007/01/11,11.3,11.5,10.6,10.6
2007/01/12,10.6,11.3,10.2,11.3
2007/01/15,11.3,11.4,10.9,11.4
2007/01/16,11.4,11.5,11.3,11.3
2007/01/17,11.1,11.6,11.1,11.5
2007/01/18,11.5,11.7,11.5,11.6
2007/01/19,11.5,12.3,11.5,12.3
2007/01/22,12.5,12.6,12.3,12.3
2007/01/23,12.5,12.6,12.0,12.0
2007/01/24,12.3,12.3,11.9,11.9
2007/01/25,11.9,12.0,11.6,11.6
2007/01/26,11.2,11.7,11.2,11.4
2007/01/29,11.5,11.7,11.4,11.4
2007/01/30,11.5,12.0,11.2,12.0
2007/01/31,12.0,12.1,11.2,11.7
2007/02/01,11.5,11.8,11.5,11.6
2007/02/02,11.9,11.9,11.6,11.7
2007/02/05,11.6,11.7,11.5,11.5
2007/02/06,11.5,11.7,11.5,11.5
2007/02/07,11.7,11.7,11.5,11.5
2007/02/08,11.5,11.6,11.3,11.3
2007/02/09,11.3,11.4,11.2,11.2
2007/02/12,11.2,11.3,11.2,11.2
2007/02/13,11.3,11.3,11.2,11.2
2007/02/14,11.2,11.3,11.1,11.2
2007/02/26,11.5,11.5,11.3,11.4
2007/02/27,11.5,11.6,11.4,11.5
2007/03/01,11.2,11.5,11.2,11.3
2007/03/02,11.2,11.7,11.2,11.5
2007/03/05,11.2,11.3,10.6,11.0
2007/03/06,10.9,11.0,10.7,10.9
2007/03/07,11.0,11.0,10.9,10.9
2007/03/08,11.0,11.6,11.0,11.4
2007/03/09,11.4,11.5,11.2,11.3
2007/03/12,11.3,11.5,11.3,11.3
2007/03/13,11.6,12.1,11.5,12.1
2007/03/14,12.0,12.5,11.8,12.4
2007/03/15,12.6,13.3,12.6,13.3
2007/03/16,13.4,14.2,13.3,14.2
2007/03/20,14.0,14.2,13.6,13.6
2007/03/21,13.8,14.5,13.7,14.1
2007/03/22,14.6,14.6,13.9,13.9
2007/03/23,13.9,14.2,13.8,13.9
2007/03/26,14.0,14.1,13.8,13.8
2007/03/27,13.8,13.8,13.6,13.6
2007/03/28,13.6,14.3,13.6,14.0
2007/03/29,14.2,15.0,14.0,15.0
2007/03/30,15.4,16.0,15.2,15.2
2007/04/02,15.2,15.5,14.8,15.0
2007/04/03,15.3,15.8,15.1,15.2
2007/04/04,15.3,15.6,15.2,15.4
2007/04/09,15.4,15.5,15.2,15.4
2007/04/10,15.5,16.0,15.2,15.4
2007/04/11,16.0,16.5,15.6,16.5
2007/04/12,16.5,17.3,16.4,16.5
2007/04/13,16.5,17.7,16.5,17.7
2007/04/16,18.1,18.4,17.7,17.8
2007/04/17,17.9,18.0,16.5,16.5
2007/04/18,16.3,17.7,16.3,17.7
2007/04/19,17.5,18.8,17.5,18.8
2007/04/20,18.7,18.8,17.7,18.6
2007/04/23,18.6,18.8,18.3,18.4
2007/04/24,18.5,18.5,18.3,18.3
2007/04/25,18.3,18.5,18.1,18.3
2007/04/26,18.4,18.6,18.1,18.1
2007/04/27,18.1,18.6,17.6,18.6
2007/04/30,18.6,18.6,17.9,18.0
2007/05/02,18.3,19.1,18.1,18.9
2007/05/03,18.9,19.0,17.8,18.7
2007/05/04,18.6,18.8,18.4,18.8
2007/05/07,18.9,19.4,18.8,18.9
2007/05/08,18.9,18.9,18.4,18.9
2007/05/09,18.7,18.8,18.4,18.4
2007/05/10,18.4,18.6,18.3,18.3
2007/05/11,17.9,18.3,17.7,18.1
2007/05/14,18.0,18.2,17.1,18.2
2007/05/15,18.0,18.0,17.6,17.9
2007/05/16,17.5,17.8,17.4,17.5
2007/05/17,17.6,17.7,17.2,17.7
2007/05/18,17.7,17.9,17.6,17.9
2007/05/21,17.9,18.2,17.8,18.1
2007/05/22,18.6,18.6,18.1,18.2
2007/05/23,18.4,18.8,18.3,18.5
2007/05/24,18.5,18.5,18.2,18.3
2007/05/25,18.1,18.3,18.1,18.3
2007/05/28,18.3,18.3,17.0,17.0
2007/05/29,17.6,17.8,17.5,17.5
2007/05/30,17.5,17.7,17.4,17.5
2007/05/31,17.5,17.8,17.5,17.7
2007/06/01,17.7,17.9,17.7,17.7
2007/06/04,17.7,17.7,17.1,17.1
2007/06/05,17.1,17.2,16.6,16.6
2007/06/06,16.8,17.8,16.8,17.8
2007/06/07,17.9,18.3,17.7,18.1
2007/06/08,17.9,18.8,17.7,18.6
2007/06/11,18.7,18.7,18.3,18.4
2007/06/12,18.6,18.6,17.8,18.4
2007/06/13,18.4,19.2,18.3,19.2
2007/06/14,19.6,19.6,19.1,19.3
2007/06/15,19.4,19.8,19.4,19.4
2007/06/20,19.7,20.8,19.7,20.2
2007/06/21,20.7,21.1,20.2,20.8
2007/06/22,21.5,21.5,21.0,21.4
2007/06/25,22.4,22.5,21.8,21.9
2007/06/26,22.0,22.2,20.6,20.9
2007/06/27,21.2,21.4,20.6,20.9
2007/06/28,21.4,21.4,20.9,20.9
2007/06/29,21.2,21.4,20.9,20.9
2007/07/02,20.9,22.0,20.8,21.9
2007/07/03,22.2,22.9,21.8,22.1
2007/07/04,22.2,22.3,21.3,21.3
2007/07/05,21.5,22.7,21.5,22.2
2007/07/06,22.7,23.1,22.2,22.6
2007/07/09,22.8,23.9,22.7,23.8
2007/07/10,24.4,25.0,23.8,24.4
2007/07/11,24.4,24.4,23.5,23.6
2007/07/12,23.6,24.2,23.6,23.9
2007/07/13,24.2,24.4,23.6,23.6
2007/07/16,23.7,24.1,22.8,22.8
2007/07/17,22.9,23.5,22.5,22.9
2007/07/18,23.1,23.9,22.9,23.5
2007/07/19,23.8,24.1,23.5,23.8
2007/07/20,24.1,24.1,23.5,23.6
2007/07/23,23.5,24.0,23.0,23.2
2007/07/24,23.2,23.7,22.9,23.3
2007/07/25,23.2,24.2,23.2,24.1
2007/07/26,24.2,24.9,23.8,23.8
2007/07/27,23.3,25.1,23.3,25.0
2007/07/30,24.8,24.9,24.1,24.6
2007/07/31,24.7,25.0,24.4,24.6
2007/08/01,24.6,25.1,23.5,23.6
2007/08/02,24.2,24.4,22.8,23.5
2007/08/03,24.2,24.8,23.9,24.3
2007/08/06,24.3,26.0,24.3,26.0
2007/08/07,27.8,27.8,27.8,27.8
2007/08/08,29.8,29.8,27.8,27.8
2007/08/09,28.4,29.8,27.8,29.8
2007/08/10,28.7,31.2,28.7,30.3
2007/08/13,30.6,31.9,29.8,31.2
2007/08/14,31.3,31.9,29.0,29.3
2007/08/15,29.3,30.1,27.4,27.4
2007/08/16,26.7,29.3,26.7,27.4
2007/08/17,28.0,28.9,25.5,26.7
2007/08/20,28.6,28.6,27.7,28.6
2007/08/21,28.3,29.3,27.5,28.0
2007/08/22,28.4,29.3,28.0,28.7
2007/08/23,29.2,30.6,28.9,30.6
2007/08/24,30.9,32.7,28.5,31.6
2007/08/27,32.3,33.8,32.3,33.8
2007/08/28,34.7,35.8,33.9,34.7
2007/08/29,33.9,37.2,33.9,37.2
2007/08/30,38.1,38.5,36.5,36.7
2007/08/31,37.2,37.5,35.9,36.2
2007/09/03,36.2,38.3,36.2,37.8
2007/09/04,38.5,38.7,35.2,35.2
2007/09/05,35.2,35.2,33.6,33.6
2007/09/06,33.0,34.4,32.7,33.6
2007/09/07,33.9,34.4,33.2,33.2
2007/09/10,33.4,35.5,33.1,35.5
2007/09/11,36.0,36.4,34.9,35.1
2007/09/12,35.4,36.8,35.4,35.5
2007/09/13,36.0,36.2,34.2,34.5
2007/09/14,34.7,36.2,34.4,35.9
2007/09/17,36.7,37.8,36.2,36.7
2007/09/19,37.5,37.7,34.9,36.2
2007/09/20,36.2,36.8,35.4,36.0
2007/09/21,36.2,37.2,35.7,36.2
2007/09/26,36.2,37.2,35.5,36.2
2007/09/27,36.5,36.5,35.2,35.2
2007/09/28,35.2,37.6,35.2,37.5
2007/10/01,37.3,37.5,35.9,36.2
2007/10/02,36.1,37.7,36.1,36.2
2007/10/03,36.3,36.6,35.4,35.4
2007/10/04,35.4,35.9,34.9,35.1
2007/10/05,35.5,36.2,35.0,35.5
2007/10/08,36.1,36.1,34.3,34.4
2007/10/09,34.1,34.4,33.3,33.4
2007/10/11,33.6,34.9,33.5,33.7
2007/10/12,34.0,34.0,32.5,32.6
2007/10/15,32.8,33.2,30.3,30.6
2007/10/16,30.6,32.5,30.6,31.6
2007/10/17,32.3,33.8,31.9,33.8
2007/10/18,31.5,32.5,31.4,31.9
2007/10/19,31.6,31.6,31.0,31.2
2007/10/22,29.5,30.4,29.5,30.0
2007/10/23,30.2,30.4,28.7,29.5
2007/10/24,29.5,30.8,29.0,30.0
2007/10/25,30.3,30.6,29.2,29.5
2007/10/26,29.7,30.2,29.5,29.6
2007/10/29,29.8,30.4,29.5,29.8
2007/10/30,30.1,30.1,28.9,29.3
2007/10/31,28.9,29.2,27.3,27.3
2007/11/01,27.4,27.7,26.1,27.3
2007/11/02,26.7,27.2,25.7,25.9
2007/11/05,26.0,26.0,25.1,25.7
2007/11/06,25.4,25.4,24.5,24.5
2007/11/07,25.0,25.4,24.8,25.1
2007/11/08,24.8,24.8,23.5,23.8
2007/11/09,23.8,24.8,22.1,24.8
2007/11/12,24.0,25.7,24.0,25.4
2007/11/13,26.1,27.2,25.7,27.2
2007/11/14,28.0,28.6,27.7,28.5
2007/11/15,28.7,30.1,28.2,29.7
2007/11/16,29.0,30.1,29.0,29.7
2007/11/19,30.0,30.2,29.3,29.7
2007/11/20,28.7,29.6,28.7,29.4
2007/11/21,31.0,31.0,29.3,29.3
2007/11/22,29.9,30.4,29.7,30.0
2007/11/23,30.6,32.1,30.6,31.7
2007/11/26,32.2,32.2,31.0,31.9
2007/11/27,31.3,31.5,29.8,31.0
2007/11/28,31.5,31.5,29.9,30.1
2007/11/29,30.1,30.4,29.4,29.5
2007/11/30,29.3,29.5,28.4,29.5
2007/12/03,30.4,30.4,30.4,30.4
2007/12/04,30.4,31.3,30.2,30.6
2007/12/05,30.6,31.0,29.6,29.7
2007/12/06,29.7,30.0,28.7,28.7
2007/12/07,29.3,30.3,28.6,29.1
2007/12/10,29.6,30.9,29.3,30.9
2007/12/11,31.6,33.0,31.4,33.0
2007/12/12,33.0,34.5,32.8,34.5
2007/12/13,34.5,34.5,33.0,33.2
2007/12/14,33.0,33.8,31.4,31.9
2007/12/17,31.9,32.5,29.7,29.7
2007/12/18,28.3,29.9,27.7,28.8
2007/12/19,29.3,30.3,28.4,30.1
2007/12/20,30.6,30.6,29.4,29.4
2007/12/21,29.9,30.6,28.8,30.6
2007/12/24,31.0,32.2,31.0,31.9
2007/12/25,31.9,32.1,30.8,30.8
2007/12/26,30.8,33.0,30.8,33.0
2007/12/27,33.6,34.9,33.0,33.8
2007/12/28,33.9,34.9,33.9,34.3
2007/12/31,34.5,34.9,33.9,34.9
2008/01/02,34.9,36.4,33.4,34.0
2008/01/03,33.6,35.2,33.2,34.9
2008/01/04,34.9,37.3,34.7,36.5
2008/01/07,36.2,36.8,34.9,35.3
2008/01/08,35.3,36.0,34.9,35.1
2008/01/09,34.5,34.7,33.6,34.0
2008/01/10,36.4,36.4,35.3,35.3
2008/01/11,35.5,36.2,34.9,36.0
2008/01/14,36.9,37.0,35.7,36.0
2008/01/15,36.2,37.2,36.2,37.0
2008/01/16,37.0,37.0,34.7,34.9
2008/01/17,35.1,35.9,33.6,34.0
2008/01/18,32.9,34.9,32.6,34.7
2008/01/21,34.5,35.1,34.0,34.0
2008/01/22,32.6,33.6,31.6,31.7
2008/01/23,31.9,33.4,31.0,32.8
2008/01/24,33.9,34.2,31.9,32.2
2008/01/25,32.3,32.3,30.6,31.2
2008/01/28,31.2,31.8,30.0,30.0
2008/01/29,30.6,30.8,29.8,30.8
2008/01/30,31.3,32.1,30.5,30.5
2008/01/31,30.0,31.2,29.7,30.0
2008/02/01,30.3,31.0,30.0,30.0
2008/02/12,30.0,30.8,30.0,30.1
2008/02/13,30.2,30.2,30.0,30.1
2008/02/14,30.3,32.2,30.3,31.8
2008/02/15,29.7,30.7,29.7,30.6
2008/02/18,30.8,31.2,30.5,30.5
2008/02/19,30.6,31.1,30.1,30.5
2008/02/20,30.6,32.4,30.5,31.5
2008/02/21,31.8,31.9,30.5,31.4
2008/02/22,31.4,31.6,31.0,31.2
2008/02/25,31.6,31.6,31.2,31.3
2008/02/26,31.6,31.6,30.1,30.3
2008/02/27,32.4,32.4,31.0,31.1
2008/02/29,30.7,31.6,30.1,31.6
2008/03/03,31.0,31.3,30.5,31.0
2008/03/04,31.0,31.5,31.0,31.4
2008/03/05,31.5,31.5,30.8,30.8
2008/03/06,31.0,32.9,31.0,32.9
2008/03/07,32.6,32.6,31.4,32.5
2008/03/10,31.8,32.4,30.2,30.2
2008/03/11,30.0,30.8,29.7,30.7
2008/03/12,31.3,31.3,30.3,30.3
2008/03/13,30.3,31.0,30.1,30.1
2008/03/14,30.8,30.8,29.7,29.8
2008/03/17,28.7,29.6,27.9,28.4
2008/03/18,27.9,28.6,27.1,28.0
2008/03/19,28.4,28.6,28.0,28.0
2008/03/20,28.0,28.6,27.9,28.4
2008/03/21,28.7,29.9,28.4,29.5
2008/03/24,31.2,31.3,29.5,29.7
2008/03/25,30.0,30.1,29.1,29.1
2008/03/26,29.3,30.0,29.0,29.8
2008/03/27,30.0,30.3,29.8,30.0
2008/03/28,30.0,31.2,30.0,31.0
2008/03/31,31.3,31.3,30.5,30.6
2008/04/01,31.0,31.0,29.7,29.9
2008/04/02,30.2,30.2,29.7,29.9
2008/04/03,30.2,31.3,29.9,31.0
2008/04/07,31.4,31.6,30.8,31.0
2008/04/08,31.0,31.7,31.0,31.1
2008/04/09,31.1,31.3,30.8,31.0
2008/04/10,31.1,31.4,31.0,31.1
2008/04/11,31.6,31.6,30.7,31.1
2008/04/14,31.1,31.1,30.4,30.4
2008/04/15,30.4,30.9,30.4,30.9
2008/04/16,31.2,31.3,30.8,31.2
2008/04/17,31.4,31.5,31.0,31.2
2008/04/18,31.4,31.5,31.2,31.2
2008/04/21,31.3,31.6,31.0,31.0
2008/04/22,31.0,31.1,30.7,30.8
2008/04/23,31.1,31.5,30.7,31.2
2008/04/24,31.4,31.6,30.8,30.8
2008/04/25,30.8,31.2,30.2,30.4
2008/04/28,30.5,30.7,30.1,30.2
2008/04/29,30.2,30.7,30.0,30.4
2008/04/30,31.0,32.6,30.5,32.6
2008/05/02,33.5,34.8,32.9,33.1
2008/05/05,33.2,33.3,31.6,31.7
2008/05/06,32.6,33.8,32.2,33.8
2008/05/07,34.7,34.9,33.6,34.4
2008/05/08,34.2,34.2,34.2,34.2
2008/05/09,34.2,36.5,34.2,36.2
2008/05/12,36.4,36.8,35.3,35.5
2008/05/13,36.4,37.2,34.9,35.2
2008/05/14,35.2,35.5,34.6,34.7
2008/05/15,35.1,35.5,34.6,34.6
2008/05/16,34.9,35.2,34.4,34.4
2008/05/19,34.4,36.4,34.4,36.4
2008/05/20,36.5,38.5,35.5,37.7
2008/05/21,38.4,39.6,36.7,37.5
2008/05/22,37.2,38.3,37.0,37.3
2008/05/23,37.9,38.0,36.2,36.2
2008/05/26,36.2,36.8,35.9,36.2
2008/05/27,36.2,36.4,35.3,35.7
2008/05/28,35.8,36.8,33.2,34.1
2008/05/29,34.3,34.7,33.4,34.1
2008/05/30,34.7,35.0,33.6,34.1
2008/06/02,34.9,36.4,33.8,36.1
2008/06/03,35.6,36.8,35.6,36.0
2008/06/04,36.0,36.0,35.5,35.7
2008/06/05,35.7,36.0,34.7,35.7
2008/06/06,35.9,36.3,35.3,35.3
2008/06/09,34.7,35.7,34.7,35.7
2008/06/10,35.7,35.7,34.5,34.5
2008/06/11,35.1,35.1,32.9,33.2
2008/06/12,33.2,33.4,32.6,33.2
2008/06/13,33.2,34.2,32.9,33.3
2008/06/16,33.3,33.9,33.2,33.2
2008/06/17,33.8,33.8,30.9,32.7
2008/06/18,32.3,32.7,32.1,32.6
2008/06/19,31.9,32.5,31.6,31.6
2008/06/20,31.6,31.6,29.4,29.4
2008/06/23,29.0,31.3,27.8,31.3
2008/06/24,30.6,31.1,30.0,30.0
2008/06/25,29.3,30.3,29.3,30.3
2008/06/26,30.6,32.4,30.3,31.9
2008/06/27,30.0,31.9,29.7,31.6
2008/06/30,31.2,31.6,30.6,31.4
2008/07/01,31.4,31.7,30.4,30.4
2008/07/02,30.4,31.2,30.4,31.0
2008/07/03,31.1,31.9,30.8,31.9
2008/07/04,32.3,32.6,31.6,31.7
2008/07/07,31.7,31.9,31.7,31.7
2008/07/08,31.7,31.7,30.3,30.6
2008/07/09,28.7,30.6,28.6,28.6
2008/07/10,27.2,27.4,26.6,26.6
2008/07/11,26.5,26.7,25.7,26.7
2008/07/14,26.7,28.4,26.7,27.8
2008/07/15,28.0,28.6,27.5,27.5
2008/07/16,27.5,27.7,26.9,27.0
2008/07/17,27.8,28.2,27.3,27.8
2008/07/18,28.0,28.0,26.1,26.3
2008/07/21,26.5,27.2,26.4,27.1
2008/07/22,26.9,27.5,26.7,27.4
2008/07/23,27.7,28.7,27.3,28.2
2008/07/24,28.2,28.8,28.0,28.3
2008/07/25,28.1,28.1,27.5,27.5
2008/07/29,27.6,27.9,27.1,27.3
2008/07/30,27.7,27.7,27.1,27.2
2008/07/31,27.2,28.4,27.2,27.9
2008/08/01,27.8,28.6,27.3,28.6
2008/08/04,28.6,29.0,28.2,28.6
2008/08/05,28.6,28.8,28.2,28.3
2008/08/06,28.7,29.1,28.3,29.0
2008/08/07,29.0,29.2,28.6,28.8
2008/08/08,28.8,28.9,28.2,28.8
2008/08/11,29.5,29.5,28.3,28.5
2008/08/12,28.6,29.3,28.5,28.7
2008/08/13,28.7,29.2,28.7,29.1
2008/08/14,29.1,31.0,29.1,30.7
2008/08/15,30.9,30.9,29.7,29.7
2008/08/18,30.0,30.0,29.0,29.2
2008/08/19,29.1,29.4,28.9,29.1
2008/08/20,29.1,29.3,28.9,29.0
2008/08/21,29.1,29.3,28.7,28.9
2008/08/22,28.9,29.3,28.6,28.9
2008/08/25,29.9,29.9,29.0,29.1
2008/08/26,28.7,29.1,28.0,28.6
2008/08/27,28.7,29.3,28.6,29.0
2008/08/28,28.8,29.1,28.6,28.6
2008/08/29,28.7,29.1,28.7,28.7
2008/09/01,28.4,28.8,28.0,28.2
2008/09/02,28.0,28.2,27.8,27.8
2008/09/03,27.8,28.0,25.9,27.0
2008/09/04,26.1,26.7,25.1,25.7
2008/09/05,24.0,25.1,24.0,24.0
2008/09/08,24.0,25.0,24.0,24.6
2008/09/09,24.6,24.6,22.9,22.9
2008/09/10,22.8,22.8,21.3,21.8
2008/09/11,21.5,21.8,20.3,20.3
2008/09/12,19.9,20.2,18.9,19.4
2008/09/15,19.2,19.3,18.1,18.5
2008/09/16,17.3,18.4,17.3,18.3
2008/09/17,19.5,19.5,18.3,18.4
2008/09/18,18.3,19.5,17.3,19.0
2008/09/19,20.2,20.3,19.8,20.3
2008/09/22,21.2,21.7,20.9,21.7
2008/09/23,21.7,22.8,21.7,22.4
2008/09/24,21.9,22.2,20.9,22.0
2008/09/25,21.8,22.2,21.5,22.2
2008/09/26,22.3,22.5,20.6,22.2
2008/09/30,19.4,20.8,19.4,20.8
2008/10/01,21.1,22.3,21.1,21.4
2008/10/02,21.4,21.9,21.3,21.5
2008/10/03,21.2,21.7,20.6,21.5
2008/10/06,20.7,21.2,20.5,21.1
2008/10/07,20.3,21.8,19.8,21.8
2008/10/08,21.4,21.4,20.3,20.3
2008/10/09,19.5,19.5,18.9,19.5
2008/10/13,18.9,18.9,18.9,18.9
2008/10/14,19.9,20.1,19.2,20.1
2008/10/15,19.6,19.8,19.4,19.4
2008/10/16,18.8,18.8,18.8,18.8
2008/10/17,18.4,18.8,18.1,18.6
2008/10/20,18.2,18.2,18.0,18.0
2008/10/21,18.0,18.0,17.4,17.4
2008/10/22,16.8,16.8,16.8,16.8
2008/10/23,16.2,16.2,16.2,16.2
2008/10/24,15.6,15.6,15.6,15.6
2008/10/27,14.6,14.6,14.6,14.6
2008/10/28,13.6,15.6,13.6,15.6
2008/10/29,16.6,16.6,15.4,16.1
2008/10/30,15.8,17.2,15.8,17.2
2008/10/31,17.2,18.0,17.2,17.8
2008/11/03,17.9,17.9,17.5,17.5
2008/11/04,17.5,17.7,16.4,17.0
2008/11/05,17.5,18.0,17.1,17.7
2008/11/06,16.5,16.6,16.5,16.5
2008/11/07,15.4,16.2,15.4,16.2
2008/11/10,15.1,17.0,15.1,16.9
2008/11/11,16.8,17.8,16.3,17.6
2008/11/12,16.9,17.5,16.8,17.4
2008/11/13,16.7,17.2,16.2,17.1
2008/11/14,17.4,17.9,17.1,17.5
2008/11/17,17.8,17.8,17.0,17.4
2008/11/18,16.3,18.1,16.3,17.5
2008/11/19,17.5,17.8,17.0,17.5
2008/11/20,16.5,17.5,16.3,17.5
2008/11/21,17.1,18.1,16.6,18.1
2008/11/24,18.0,19.4,17.5,19.4
2008/11/25,20.7,20.7,19.7,19.8
2008/11/26,19.8,20.2,19.4,19.8
2008/11/27,20.0,20.5,19.7,20.0
2008/11/28,20.1,20.1,19.6,19.6
2008/12/01,19.6,20.1,19.5,19.6
2008/12/02,18.3,19.2,18.3,18.7
2008/12/03,18.8,19.6,18.7,19.2
2008/12/04,19.3,19.5,18.8,19.2
2008/12/05,18.6,19.2,18.5,19.1
2008/12/08,19.2,19.8,19.1,19.5
2008/12/09,19.8,20.2,19.6,19.8
2008/12/10,19.8,20.3,19.7,19.9
2008/12/11,20.0,20.3,19.6,19.6
2008/12/12,19.5,19.8,18.2,18.2
2008/12/15,18.5,18.8,17.3,17.7
2008/12/16,17.6,17.9,17.3,17.8
2008/12/17,18.3,18.3,17.8,18.3
2008/12/18,18.3,19.2,18.3,19.1
2008/12/19,19.0,19.4,18.8,19.1
2008/12/22,19.2,19.2,18.2,18.8
2008/12/23,18.3,18.4,17.5,18.0
2008/12/24,17.7,17.9,17.3,17.5
2008/12/25,17.7,18.1,17.7,18.1
2008/12/26,18.0,18.5,18.0,18.1
2008/12/29,19.2,19.4,18.7,19.4
2008/12/30,19.6,19.8,19.4,19.7
2008/12/31,20.1,20.3,19.8,20.3
2009/01/05,20.4,20.7,20.0,20.2
2009/01/06,20.0,20.5,19.8,20.4
2009/01/07,20.5,20.5,20.0,20.4
2009/01/08,20.0,20.7,19.8,20.2
2009/01/09,20.2,20.2,19.7,20.2
2009/01/12,20.6,20.8,19.6,19.6
2009/01/13,19.6,19.7,19.3,19.4
2009/01/14,19.6,19.8,19.4,19.4
2009/01/15,19.2,19.2,18.7,19.2
2009/01/16,19.2,19.6,19.1,19.2
2009/01/19,19.5,19.5,19.3,19.4
2009/01/20,19.2,19.8,18.7,19.8
2009/01/21,19.5,19.7,19.3,19.6
2009/02/02,19.2,19.6,19.1,19.6
2009/02/03,19.5,20.3,19.5,20.3
2009/02/04,20.2,20.3,19.7,19.7
2009/02/05,19.7,19.8,19.5,19.7
2009/02/06,19.8,20.0,19.5,19.7
2009/02/09,20.1,20.3,19.8,20.0
2009/02/10,19.7,20.4,19.7,20.3
2009/02/11,19.7,20.3,19.7,20.2
2009/02/12,20.1,20.1,19.7,20.0
2009/02/13,20.0,20.7,20.0,20.4
2009/02/16,20.7,20.9,20.2,20.3
2009/02/17,20.2,20.3,19.9,20.0
2009/02/18,19.8,20.2,19.6,20.1
2009/02/19,19.8,20.1,19.8,20.0
2009/02/20,19.8,20.0,19.7,19.7
2009/02/23,19.7,20.0,19.6,20.0
2009/02/24,19.8,19.9,19.7,19.8
2009/02/25,19.9,20.1,19.7,19.7
2009/02/26,19.8,19.9,19.7,19.8
2009/02/27,19.8,20.0,19.7,19.8
2009/03/02,19.8,19.8,19.4,19.5
2009/03/03,19.2,19.6,19.1,19.3
2009/03/04,19.3,19.6,19.3,19.4
2009/03/05,19.5,19.7,19.5,19.6
2009/03/06,19.5,19.7,19.3,19.4
2009/03/09,19.5,20.1,19.4,19.8
2009/03/10,20.0,20.3,19.9,20.1
2009/03/11,20.1,20.9,19.8,20.3
2009/03/12,20.2,20.5,20.1,20.1
2009/03/13,20.3,21.5,20.1,21.5
2009/03/16,21.8,22.9,21.7,22.1
2009/03/17,22.1,22.3,21.6,22.2
2009/03/18,22.4,23.4,21.9,23.2
2009/03/19,23.3,23.4,22.9,23.1
2009/03/20,23.1,23.6,22.9,23.4
2009/03/23,23.8,24.6,23.7,24.1
2009/03/24,24.3,24.4,23.5,23.6
2009/03/25,24.0,24.1,23.6,24.0
2009/03/26,24.2,24.2,23.6,23.7
2009/03/27,23.7,24.0,23.3,23.4
2009/03/30,23.3,23.4,21.9,22.0
2009/03/31,22.2,22.7,22.1,22.3
2009/04/01,22.6,22.9,22.5,22.9
2009/04/02,23.1,23.5,23.0,23.4
2009/04/03,23.7,24.2,23.3,24.2
2009/04/06,24.2,24.6,23.5,24.0
2009/04/07,23.6,24.1,23.6,23.6
2009/04/08,23.6,24.1,23.4,23.5
2009/04/09,23.6,24.4,23.6,24.4
2009/04/10,25.2,25.7,24.6,25.5
2009/04/13,25.9,26.7,25.7,26.7
2009/04/14,26.4,26.5,25.8,26.5
2009/04/15,26.1,26.3,25.5,25.7
2009/04/16,26.1,26.2,25.4,25.4
2009/04/17,25.7,26.0,23.6,24.3
2009/04/20,24.1,24.3,23.3,24.3
2009/04/21,24.1,24.5,23.7,24.5
2009/04/22,24.5,25.2,24.4,24.6
2009/04/23,24.6,25.2,24.0,25.1
2009/04/24,25.4,26.5,25.4,26.4
2009/04/27,26.6,26.6,24.5,24.5
2009/04/28,24.5,24.8,23.4,23.4
2009/04/29,23.4,23.8,23.4,23.6
2009/04/30,24.5,25.1,24.3,24.9
2009/05/04,24.9,25.9,24.3,25.5
2009/05/05,25.5,25.6,24.5,24.8
2009/05/06,24.6,25.9,24.5,25.9
2009/05/07,25.9,25.9,24.9,25.3
2009/05/08,25.3,25.8,25.1,25.2
2009/05/11,25.6,26.2,25.3,25.5
2009/05/12,24.2,24.8,24.0,24.0
2009/05/13,24.0,24.5,24.0,24.4
2009/05/14,24.0,24.2,23.8,23.8
2009/05/15,24.0,24.3,23.7,23.7
2009/05/18,23.6,23.7,23.1,23.2
2009/05/19,23.6,24.0,23.2,23.4
2009/05/20,23.7,24.1,23.3,23.8
2009/05/21,23.9,24.3,23.8,23.9
2009/05/22,23.7,24.2,23.5,24.0
2009/05/25,24.2,24.2,23.7,23.7
2009/05/26,23.7,24.1,23.3,23.3
2009/05/27,23.5,24.2,23.4,23.9
2009/06/01,24.2,24.9,24.0,24.6
2009/06/02,25.3,25.7,24.8,25.5
2009/06/03,25.6,25.6,24.3,24.3
2009/06/04,24.3,24.6,24.1,24.2
2009/06/05,24.5,24.6,24.2,24.2
2009/06/08,24.8,24.9,23.7,23.7
2009/06/09,23.7,24.0,22.6,22.6
2009/06/10,22.2,22.9,22.2,22.6
2009/06/11,22.7,23.1,22.3,23.0
2009/06/12,23.1,23.6,23.0,23.0
2009/06/15,23.0,23.5,22.1,22.1
2009/06/16,22.2,22.4,21.9,21.9
2009/06/17,22.1,22.6,21.9,22.0
2009/06/18,22.1,22.4,21.8,21.9
2009/06/19,21.9,22.2,21.9,22.1
2009/06/22,22.3,22.3,22.0,22.1
2009/06/23,21.8,22.1,21.6,21.8
2009/06/24,21.8,22.1,21.6,21.8
2009/06/25,21.9,22.1,21.8,22.1
2009/06/26,22.3,22.4,22.1,22.2
2009/06/29,22.2,22.4,22.0,22.0
2009/06/30,22.2,22.2,21.8,22.2
2009/07/01,22.2,22.2,21.8,22.1
2009/07/02,22.1,22.6,22.1,22.3
2009/07/03,22.3,22.5,22.0,22.3
2009/07/06,22.5,22.5,22.1,22.2
2009/07/07,22.2,22.8,22.2,22.8
2009/07/08,22.7,22.7,22.3,22.4
2009/07/09,22.5,22.7,22.4,22.4
2009/07/10,22.6,22.6,22.2,22.2
2009/07/13,22.6,23.2,22.5,22.8
2009/07/14,23.1,23.2,22.6,22.7
2009/07/15,22.7,23.0,22.7,22.9
2009/07/16,23.0,23.2,22.7,22.7
2009/07/17,22.8,23.0,22.7,23.0
2009/07/20,23.1,23.1,22.9,23.0
2009/07/21,23.2,23.2,22.8,23.0
2009/07/22,23.0,23.1,22.9,22.9
2009/07/23,23.0,23.1,22.8,22.8
2009/07/24,22.9,23.0,22.8,22.8
2009/07/27,23.0,23.2,22.9,23.1
2009/07/28,23.2,23.3,22.9,23.1
2009/07/29,23.2,23.2,22.8,22.8
2009/07/30,22.8,22.8,22.5,22.6
2009/07/31,22.9,23.0,22.7,22.8
2009/08/03,23.0,24.4,22.9,24.4
2009/08/04,25.6,26.0,25.1,25.7
2009/08/05,26.5,26.5,25.1,25.3
2009/08/06,25.7,26.1,25.2,25.6
2009/08/10,26.1,26.1,25.0,25.1
2009/08/11,25.0,25.3,24.3,24.5
2009/08/12,24.5,25.6,24.2,25.0
2009/08/13,25.0,25.5,24.6,24.6
2009/08/14,25.1,25.3,24.8,24.8
2009/08/17,25.9,25.9,25.1,25.1
2009/08/18,25.1,25.5,24.1,24.1
2009/08/19,24.3,24.7,24.3,24.3
2009/08/20,24.4,24.4,23.7,23.7
2009/08/21,24.0,24.2,23.6,23.6
2009/08/24,23.8,24.1,23.7,23.9
2009/08/25,23.9,24.1,23.7,23.7
2009/08/26,24.0,24.0,23.4,23.5
2009/08/27,23.5,24.0,22.9,23.0
2009/08/28,23.3,23.3,22.9,23.0
2009/08/31,23.0,23.5,22.9,23.4
2009/09/01,23.4,24.0,23.4,24.0
2009/09/02,24.0,24.2,23.8,24.0
2009/09/03,24.2,24.2,23.6,23.7
2009/09/04,23.8,24.1,23.7,23.9
2009/09/07,24.2,24.2,23.7,23.8
2009/09/08,24.1,24.1,23.8,24.0
2009/09/09,24.0,24.1,23.9,24.0
2009/09/10,24.3,25.1,24.1,24.9
2009/09/11,24.9,25.4,24.8,25.1
2009/09/14,24.2,24.4,23.8,23.8
2009/09/15,24.1,24.1,23.7,23.8
2009/09/16,23.9,24.1,23.6,23.8
2009/09/17,24.0,24.0,23.7,23.7
2009/09/18,23.7,23.8,23.7,23.7
2009/09/21,23.8,24.0,23.7,24.0
2009/09/22,24.0,24.2,23.8,23.8
2009/09/23,23.8,23.9,23.4,23.5
2009/09/24,23.5,23.5,23.1,23.2
2009/09/25,23.1,23.1,22.8,22.9
2009/09/28,22.6,22.8,22.3,22.4
2009/09/29,22.5,22.7,22.4,22.7
2009/09/30,22.7,23.8,22.7,23.7
2009/10/01,25.2,25.2,24.1,24.2
2009/10/02,24.2,24.2,23.7,23.7
2009/10/05,23.9,23.9,23.4,23.4
2009/10/06,23.6,23.8,23.5,23.6
2009/10/07,24.0,24.0,23.6,23.7
2009/10/08,23.8,24.2,23.7,23.7
2009/10/09,23.7,23.9,23.7,23.7
2009/10/12,23.9,23.9,23.5,23.8
2009/10/13,23.7,23.8,23.5,23.7
2009/10/14,23.8,23.9,23.7,23.7
2009/10/15,23.7,23.9,23.6,23.6
2009/10/16,23.6,23.8,23.6,23.7
2009/10/19,23.8,24.6,23.7,24.2
2009/10/20,24.6,24.6,23.9,23.9
2009/10/21,24.1,24.4,23.7,24.0
2009/10/22,24.2,24.2,23.7,23.7
2009/10/23,23.8,23.9,23.7,23.7
2009/10/26,24.0,24.7,23.8,24.1
2009/10/27,24.1,24.1,23.8,23.8
2009/10/28,23.8,24.2,23.7,23.8
2009/10/29,23.7,23.9,22.9,23.3
2009/10/30,23.6,23.6,23.0,23.0
2009/11/02,22.6,22.9,22.5,22.9
2009/11/03,22.9,23.2,22.9,22.9
2009/11/04,23.2,23.4,23.1,23.2
2009/11/05,23.5,23.5,23.2,23.2
2009/11/06,23.5,23.7,23.3,23.5
2009/11/09,23.7,23.7,23.3,23.3
2009/11/10,23.4,23.5,23.3,23.3
2009/11/11,23.1,23.2,22.8,22.9
2009/11/12,22.9,23.1,22.7,22.7
2009/11/13,22.7,22.8,22.6,22.7
2009/11/16,22.7,23.0,22.7,22.9
2009/11/17,22.9,23.0,22.6,22.8
2009/11/18,22.8,23.1,22.8,23.1
2009/11/19,23.1,23.9,23.0,23.5
2009/11/20,23.8,24.6,23.8,24.1
2009/11/23,24.2,24.3,23.8,23.8
2009/11/24,23.9,24.0,23.5,23.6
2009/11/25,23.6,24.0,23.5,23.6
2009/11/26,23.7,24.1,23.7,23.8
2009/11/27,23.5,23.7,22.9,22.9
2009/11/30,23.5,23.5,23.1,23.3
2009/12/01,23.6,24.6,23.6,23.9
2009/12/02,24.3,24.4,23.6,23.6
2009/12/03,23.6,23.8,23.2,23.3
2009/12/04,23.5,23.8,23.3,23.5
2009/12/07,24.4,25.1,24.4,25.1
2009/12/08,26.8,26.8,25.6,26.1
2009/12/09,26.1,27.1,25.7,26.8
2009/12/10,26.5,26.8,24.9,25.1
2009/12/11,25.2,25.8,25.2,25.8
2009/12/14,26.3,26.7,26.0,26.0
2009/12/15,26.1,26.4,25.6,25.6
2009/12/16,26.0,26.7,25.8,26.0
2009/12/17,26.2,26.4,25.2,25.2
2009/12/18,25.0,25.3,24.9,25.1
2009/12/21,25.6,25.6,25.2,25.2
2009/12/22,25.4,25.4,25.0,25.0
2009/12/23,25.1,25.4,25.0,25.1
2009/12/24,25.3,25.7,25.2,25.3
2009/12/25,25.5,25.5,25.0,25.0
2009/12/28,25.2,25.4,25.1,25.1
2009/12/29,25.2,25.6,25.2,25.5
2009/12/30,25.6,25.6,25.3,25.3
2009/12/31,25.5,25.7,25.3,25.5
2010/01/04,25.7,26.1,25.4,25.9
2010/01/05,26.1,26.2,25.3,25.4
2010/01/06,25.4,25.6,25.4,25.4
2010/01/07,25.6,25.9,25.3,25.4
2010/01/08,25.5,25.6,25.1,25.2
2010/01/11,25.4,25.5,25.3,25.3
2010/01/12,25.2,25.7,25.2,25.3
2010/01/13,25.2,25.3,24.7,24.8
2010/01/14,24.8,25.0,24.8,24.8
2010/01/15,25.1,25.3,25.0,25.0
2010/01/18,25.0,25.2,25.0,25.1
2010/01/19,25.1,25.2,24.6,24.7
2010/01/20,24.8,25.0,24.6,24.8
2010/01/21,24.8,24.8,24.3,24.3
2010/01/22,24.1,24.1,23.6,23.6
2010/01/25,23.1,23.3,23.0,23.1
2010/01/26,23.1,23.5,21.5,21.5
2010/01/27,21.5,21.7,20.9,21.3
2010/01/28,21.3,21.7,21.3,21.7
2010/01/29,21.5,21.8,21.3,21.4
2010/02/01,21.5,21.6,21.1,21.3
2010/02/02,21.3,21.6,20.9,21.3
2010/02/03,21.3,21.5,21.1,21.3
2010/02/04,21.3,21.5,21.3,21.4
2010/02/05,20.9,21.1,20.0,20.7
2010/02/08,19.7,20.0,19.6,19.7
2010/02/09,19.7,20.3,19.4,20.2
2010/02/10,20.2,20.7,20.2,20.5
2010/02/22,20.7,20.7,20.2,20.4
2010/02/23,20.4,20.6,20.2,20.5
2010/02/24,20.5,20.8,20.3,20.7
2010/02/25,20.8,20.9,20.5,20.5
2010/02/26,20.5,20.5,20.3,20.3
2010/03/01,20.3,20.7,20.3,20.5
2010/03/02,20.5,20.7,20.4,20.4
2010/03/03,20.3,20.7,20.3,20.6
2010/03/04,20.6,20.6,20.3,20.3
2010/03/05,20.5,20.6,20.4,20.4
2010/03/08,20.6,21.0,20.6,20.9
2010/03/09,21.1,21.2,20.9,21.1
2010/03/10,21.1,21.3,20.9,20.9
2010/03/11,21.2,21.2,20.9,20.9
2010/03/12,20.9,21.1,20.9,21.0
2010/03/15,21.1,21.1,20.6,20.6
2010/03/16,20.5,20.6,20.5,20.5
2010/03/17,20.6,20.9,20.6,20.8
2010/03/18,20.9,22.0,20.9,21.9
2010/03/19,22.1,22.4,21.9,21.9
2010/03/22,21.7,21.8,21.4,21.6
2010/03/23,21.6,21.9,21.5,21.6
2010/03/24,21.8,22.3,21.7,21.8
2010/03/25,21.8,21.8,21.5,21.6
2010/03/26,21.6,21.8,21.5,21.7
2010/03/29,21.9,22.0,21.8,21.8
2010/03/30,22.0,22.4,22.0,22.1
2010/03/31,22.1,22.1,21.6,21.7
2010/04/01,21.8,22.0,21.7,21.9
2010/04/02,22.0,22.0,21.7,21.8
2010/04/06,21.8,22.0,21.4,21.4
2010/04/07,21.4,21.6,21.3,21.3
2010/04/08,21.3,21.6,21.3,21.5
2010/04/09,21.5,21.8,21.5,21.7
2010/04/12,22.0,22.2,21.8,21.9
2010/04/13,21.8,21.9,21.5,21.5
2010/04/14,21.7,21.7,21.5,21.7
2010/04/15,21.9,21.9,21.6,21.7
2010/04/16,21.8,22.1,21.7,21.8
2010/04/19,21.7,21.7,20.6,20.7
2010/04/20,20.7,21.2,20.7,20.9
2010/04/21,20.9,21.1,20.9,21.1
2010/04/22,20.9,21.0,20.6,20.9
2010/04/23,20.9,20.9,20.7,20.7
2010/04/26,20.7,21.0,20.7,20.9
2010/04/27,20.9,20.9,20.8,20.8
2010/04/28,20.4,20.7,20.2,20.6
2010/04/29,20.7,21.4,20.5,21.2
2010/04/30,21.2,21.4,20.7,20.8
2010/05/03,20.5,20.8,20.5,20.5
2010/05/04,20.5,20.7,20.4,20.7
2010/05/05,20.1,20.4,19.5,19.8
2010/05/06,19.8,19.8,18.7,18.7
2010/05/07,17.4,18.6,17.4,18.6
2010/05/10,18.1,18.7,18.1,18.6
2010/05/11,18.8,18.8,18.1,18.1
2010/05/12,18.1,18.4,17.9,17.9
2010/05/13,18.1,18.4,18.1,18.4
2010/05/14,18.4,18.4,18.3,18.4
2010/05/17,18.3,18.3,17.9,17.9
2010/05/18,17.9,18.2,17.9,18.1
2010/05/19,18.0,18.4,17.8,18.3
2010/05/20,18.3,18.4,17.9,17.9
2010/05/21,17.4,17.6,17.0,17.1
2010/05/24,17.4,17.4,17.1,17.2
2010/05/25,17.2,17.2,16.0,16.0
2010/05/26,16.1,16.3,15.7,16.0
2010/05/27,15.7,16.1,15.7,16.1
2010/05/28,16.4,16.6,16.3,16.5
2010/05/31,16.5,16.5,16.3,16.5
2010/06/01,16.4,17.0,16.4,16.6
2010/06/02,16.5,16.9,16.4,16.4
2010/06/03,16.6,16.8,16.6,16.7
2010/06/04,16.9,16.9,16.6,16.8
2010/06/07,16.1,16.4,16.1,16.3
2010/06/08,16.3,16.6,16.3,16.5
2010/06/09,16.6,16.8,16.0,16.2
2010/06/10,16.4,16.5,16.2,16.3
2010/06/11,16.5,17.0,16.5,16.8
2010/06/14,16.8,17.0,16.7,16.8
2010/06/15,16.8,17.0,16.8,17.0
2010/06/17,17.0,17.6,17.0,17.2
2010/06/18,17.2,17.4,17.0,17.1
2010/06/21,17.1,17.4,17.1,17.2
2010/06/22,17.0,17.1,16.9,17.0
2010/06/23,16.5,16.9,16.5,16.7
2010/06/24,16.7,17.1,16.7,17.1
2010/06/25,17.0,17.0,16.8,16.9
2010/06/28,16.9,17.0,16.8,16.8
2010/06/29,16.7,17.0,16.7,16.7
2010/06/30,16.4,16.4,16.1,16.3
2010/07/01,16.3,16.3,16.1,16.3
2010/07/02,16.5,16.5,16.3,16.5
2010/07/05,16.5,16.7,16.4,16.7
2010/07/06,16.6,17.4,16.5,17.2
2010/07/07,17.2,17.4,17.2,17.2
2010/07/08,17.3,17.5,17.2,17.3
2010/07/09,17.4,17.4,17.2,17.3
2010/07/12,17.3,17.3,17.1,17.3
2010/07/13,17.5,18.5,17.5,18.5
2010/07/14,18.9,19.7,18.9,19.7
2010/07/15,19.7,19.9,19.4,19.5
2010/07/16,19.5,20.3,19.2,19.3
2010/07/19,19.1,20.5,19.1,20.5
2010/07/20,20.7,20.8,19.9,20.3
2010/07/21,20.5,21.6,20.3,20.5
2010/07/22,20.5,20.7,20.1,20.3
2010/07/23,20.5,20.7,20.0,20.0
2010/07/26,20.1,20.3,19.8,19.9
2010/07/27,20.1,20.7,20.1,20.5
2010/07/28,21.9,21.9,21.9,21.9
2010/07/29,22.7,23.2,22.2,22.2
2010/07/30,22.0,22.4,21.8,21.9
2010/08/02,21.9,22.5,21.9,22.4
2010/08/03,22.5,22.6,22.0,22.0
2010/08/04,22.0,22.4,22.0,22.3
2010/08/05,22.4,23.0,22.1,22.2
2010/08/06,22.4,22.7,22.0,22.1
2010/08/09,21.8,22.2,21.8,22.0
2010/08/10,22.2,22.8,22.0,22.1
2010/08/11,22.0,22.0,20.6,21.1
2010/08/12,20.7,20.9,20.6,20.8
2010/08/13,20.8,21.2,20.7,21.1
2010/08/16,21.1,21.4,20.9,21.3
2010/08/17,21.3,21.5,21.0,21.1
2010/08/18,21.1,21.2,20.7,20.7
2010/08/19,20.7,20.9,20.5,20.7
2010/08/20,20.7,20.9,20.6,20.8
2010/08/23,20.9,21.4,20.8,21.3
2010/08/24,21.4,21.5,21.1,21.1
2010/08/25,20.9,21.2,20.5,20.5
2010/08/26,20.5,21.1,20.5,20.8
2010/08/27,21.2,21.2,20.7,20.9
2010/08/30,21.3,21.3,20.9,20.9
2010/08/31,20.9,20.9,19.5,19.6
2010/09/01,19.6,20.3,19.6,20.2
2010/09/02,20.5,20.6,20.3,20.4
2010/09/03,19.7,19.7,19.0,19.3
2010/09/06,19.3,19.4,19.1,19.3
2010/09/07,19.3,19.4,19.0,19.0
2010/09/08,19.0,19.2,18.8,18.8
2010/09/09,18.9,19.1,18.7,18.8
2010/09/10,18.8,18.9,18.6,18.6
2010/09/13,18.6,19.0,18.6,19.0
2010/09/14,19.2,19.2,18.8,18.9
2010/09/15,18.9,19.1,18.9,19.1
2010/09/16,19.1,19.1,18.7,18.8
2010/09/17,18.9,19.0,18.7,18.8
2010/09/20,18.8,19.0,18.7,18.8
2010/09/21,18.8,19.0,18.8,18.8
2010/09/23,18.8,19.0,18.8,18.9
2010/09/24,18.8,18.9,18.6,18.9
2010/09/27,19.1,19.1,18.8,18.8
2010/09/28,18.8,18.8,18.6,18.6
2010/09/29,18.8,19.2,18.7,19.0
2010/09/30,19.2,20.3,19.2,20.1
2010/10/01,20.5,20.5,19.8,19.8
2010/10/04,19.8,20.0,19.4,19.5
2010/10/05,19.4,19.5,19.3,19.4
2010/10/06,19.6,19.6,19.3,19.4
2010/10/07,19.4,20.0,19.4,19.5
2010/10/08,19.7,20.0,19.4,19.5
2010/10/11,19.3,19.3,18.8,18.9
2010/10/12,18.7,18.9,18.7,18.8
2010/10/13,18.8,19.0,18.8,18.8
2010/10/14,18.9,19.0,18.8,18.8
2010/10/15,18.8,19.0,18.8,18.8
2010/10/18,18.9,19.0,18.6,18.6
2010/10/19,18.6,18.8,18.6,18.7
2010/10/20,18.6,18.8,18.6,18.6
2010/10/21,18.7,18.8,18.6,18.7
2010/10/22,19.0,19.0,18.7,18.7
2010/10/25,19.0,19.2,18.8,18.8
2010/10/26,18.8,18.9,18.7,18.8
2010/10/27,18.8,18.9,18.8,18.8
2010/10/28,18.7,18.8,18.7,18.7
2010/10/29,18.7,18.9,18.7,18.8
2010/11/01,18.8,18.8,18.3,18.3
2010/11/02,18.3,18.5,17.8,17.9
2010/11/03,17.9,17.9,16.7,17.4
2010/11/04,17.2,17.2,16.7,17.1
2010/11/05,17.1,17.2,16.8,17.2
2010/11/08,17.9,17.9,17.4,17.6
2010/11/09,17.6,17.6,17.5,17.5
2010/11/10,17.5,17.9,17.4,17.6
2010/11/11,17.8,17.8,17.4,17.8
2010/11/12,17.8,17.9,17.6,17.9
2010/11/15,17.9,17.9,17.6,17.9
2010/11/16,17.9,17.9,17.7,17.9
2010/11/17,17.6,17.8,17.4,17.8
2010/11/18,17.8,17.8,17.4,17.8
2010/11/19,17.6,17.7,17.4,17.7
2010/11/22,17.7,17.7,17.4,17.6
2010/11/23,17.5,17.5,17.2,17.4
2010/11/24,17.1,17.3,17.1,17.1
2010/11/25,17.0,17.3,17.0,17.1
2010/11/26,17.2,17.3,17.1,17.1
2010/11/29,17.1,17.4,17.1,17.1
2010/11/30,17.1,17.2,17.0,17.2
2010/12/01,17.2,17.4,17.2,17.3
2010/12/02,17.2,17.5,17.2,17.3
2010/12/03,17.4,17.4,17.2,17.3
2010/12/06,17.4,17.5,17.3,17.4
2010/12/07,17.5,17.5,17.3,17.4
2010/12/08,17.7,18.6,17.7,18.6
2010/12/09,18.6,18.7,18.3,18.4
2010/12/10,18.4,18.4,18.1,18.2
2010/12/13,18.1,18.4,18.1,18.1
2010/12/14,18.2,18.3,18.1,18.1
2010/12/15,18.1,18.2,17.8,17.9
2010/12/16,17.9,18.1,17.9,18.0
2010/12/17,17.9,18.1,17.9,17.9
2010/12/20,17.9,18.1,17.9,17.9
2010/12/21,18.1,19.1,18.1,18.4
2010/12/22,18.5,18.8,18.4,18.5
2010/12/23,18.6,18.7,18.4,18.7
2010/12/24,18.7,19.3,18.6,18.8
2010/12/27,19.0,19.0,18.6,18.6
2010/12/28,19.0,19.1,18.7,18.7
2010/12/29,19.1,19.1,18.6,18.9
2010/12/30,19.0,19.2,18.8,19.2
2010/12/31,19.2,20.0,19.2,19.3
2011/01/03,19.4,19.7,19.0,19.3
2011/01/04,19.5,19.5,18.9,19.4
2011/01/05,19.0,19.9,19.0,19.5
2011/01/06,19.5,19.7,19.3,19.3
2011/01/07,19.3,19.4,18.6,18.9
2011/01/10,18.9,18.9,18.4,18.4
2011/01/11,18.4,18.6,18.3,18.4
2011/01/12,18.5,18.6,18.4,18.4
2011/01/13,18.4,18.7,18.4,18.4
2011/01/14,18.4,18.6,18.3,18.3
2011/01/17,18.3,18.5,18.0,18.1
2011/01/18,18.1,18.2,17.8,17.9
2011/01/19,17.9,18.1,17.9,18.0
2011/01/20,18.1,18.1,18.0,18.0
2011/01/21,18.0,18.1,18.0,18.1
2011/01/24,18.1,18.2,18.0,18.0
2011/01/25,18.0,18.1,17.9,18.0
2011/01/26,18.0,18.1,17.9,17.9
2011/01/27,17.9,17.9,17.8,17.8
2011/01/28,17.8,17.9,17.6,17.6
2011/02/08,17.8,17.8,17.2,17.3
2011/02/09,17.4,17.5,17.2,17.5
2011/02/10,17.4,17.4,17.2,17.4
2011/02/11,17.5,17.5,16.9,17.4
2011/02/14,17.4,17.4,17.1,17.3
2011/02/15,17.3,17.3,17.0,17.3
2011/02/16,17.0,17.2,17.0,17.1
2011/02/17,17.1,17.1,16.9,17.1
2011/02/18,17.1,17.3,17.1,17.3
2011/02/21,17.3,17.4,17.1,17.4
2011/02/22,17.2,17.4,17.0,17.1
2011/02/23,16.9,17.1,16.8,17.1
2011/02/24,17.1,18.3,17.1,18.0
2011/02/25,18.1,18.1,17.5,17.7
2011/03/01,17.8,17.9,17.7,17.8
2011/03/02,17.8,18.0,17.6,17.9
2011/03/03,18.1,18.8,17.9,18.2
2011/03/04,18.2,18.4,18.0,18.1
2011/03/07,18.1,18.1,17.5,17.9
2011/03/08,17.9,18.1,17.7,17.7
2011/03/09,17.7,17.9,17.7,17.9
2011/03/10,17.9,18.0,17.7,17.9
2011/03/11,17.8,17.8,17.4,17.7
2011/03/14,18.2,18.2,17.6,17.6
2011/03/15,17.8,18.0,16.4,17.6
2011/03/16,17.6,18.1,17.4,17.8
2011/03/17,17.4,19.0,17.4,19.0
2011/03/18,19.8,19.8,19.0,19.2
2011/03/21,19.4,19.4,18.8,18.8
2011/03/22,18.8,19.2,18.8,18.9
2011/03/23,19.0,20.2,19.0,20.2
2011/03/24,21.1,21.2,20.5,20.5
2011/03/25,20.5,21.1,20.2,20.6
2011/03/28,20.6,21.6,20.4,21.1
2011/03/29,21.2,22.1,21.2,21.9
2011/03/30,22.1,22.1,21.2,21.4
2011/03/31,21.4,21.6,20.9,21.4
2011/04/01,21.8,21.8,20.9,21.0
2011/04/06,21.1,21.2,20.7,20.8
2011/04/07,20.9,21.2,20.8,21.1
2011/04/08,21.2,22.1,21.1,21.6
2011/04/11,21.6,21.6,21.0,21.1
2011/04/12,21.0,21.2,20.8,20.8
2011/04/13,20.8,20.9,20.2,20.5
2011/04/14,20.5,21.0,20.2,20.7
2011/04/15,20.9,21.0,20.1,20.1
2011/04/18,20.2,20.5,19.8,19.8
2011/04/19,19.5,19.7,19.3,19.5
2011/04/20,19.6,19.8,19.5,19.5
2011/04/21,19.9,20.9,19.9,20.9
2011/04/22,21.1,21.1,20.5,20.7
2011/04/25,20.7,20.7,20.4,20.5
2011/04/26,20.3,21.2,20.3,21.0
2011/04/27,21.4,21.4,20.7,20.8
2011/04/28,20.8,21.1,20.5,20.5
2011/04/29,20.7,20.7,20.0,20.0
2011/05/03,20.0,20.0,19.6,19.8
2011/05/04,19.6,20.2,19.3,19.8
2011/05/05,19.8,20.3,19.7,19.9
2011/05/06,19.9,20.2,19.6,19.7
2011/05/09,19.8,19.9,19.6,19.6
2011/05/10,19.6,19.9,19.4,19.6
2011/05/11,19.8,20.8,19.8,20.4
2011/05/12,20.4,20.5,20.2,20.2
2011/05/13,20.2,20.7,20.1,20.1
2011/05/16,20.1,20.3,19.5,19.5
2011/05/17,19.5,19.9,19.5,19.6
2011/05/18,19.7,19.8,19.5,19.8
2011/05/19,19.9,20.0,19.5,19.6
2011/05/20,19.8,19.8,19.0,19.0
2011/05/23,19.0,19.1,18.8,18.8
2011/05/24,18.8,18.8,18.0,18.3
2011/05/25,18.3,18.5,18.1,18.2
2011/05/26,18.3,19.2,18.3,18.9
2011/05/27,18.9,18.9,18.5,18.5
2011/05/30,18.5,18.5,18.2,18.3
2011/05/31,18.4,19.3,18.4,19.0
2011/06/01,19.0,19.1,18.8,18.8
2011/06/02,18.8,19.3,18.8,18.8
2011/06/03,19.0,19.1,18.7,18.8
2011/06/07,18.8,19.1,18.8,18.9
2011/06/08,19.0,19.0,18.8,18.8
2011/06/09,18.8,18.8,18.5,18.5
2011/06/10,18.6,18.7,18.2,18.2
2011/06/13,18.2,18.3,18.0,18.1
2011/06/14,18.0,18.3,18.0,18.3
2011/06/15,18.3,18.4,18.1,18.1
2011/06/16,18.0,18.0,17.7,17.7
2011/06/17,17.8,18.1,17.5,18.1
2011/06/20,18.1,18.2,17.5,17.5
2011/06/21,17.6,17.7,17.0,17.4
2011/06/22,17.4,17.6,17.4,17.4
2011/06/23,17.5,17.6,17.4,17.6
2011/06/24,17.6,17.6,17.4,17.6
2011/06/27,17.6,17.8,17.5,17.7
2011/06/28,17.8,17.9,17.7,17.7
2011/06/29,17.8,17.9,17.7,17.7
2011/06/30,17.8,17.9,17.7,17.9
2011/07/01,17.9,17.9,17.7,17.7
2011/07/04,17.8,17.9,17.7,17.8
2011/07/05,17.8,17.8,17.7,17.7
2011/07/06,17.7,17.7,17.5,17.5
2011/07/07,17.6,17.9,17.5,17.6
2011/07/08,18.1,18.6,17.9,18.4
2011/07/11,18.4,18.8,18.3,18.3
2011/07/12,18.3,18.3,17.7,17.7
2011/07/13,17.7,17.9,17.4,17.4
2011/07/14,17.4,17.6,17.1,17.2
2011/07/15,17.3,17.6,17.1,17.5
2011/07/18,17.5,17.6,17.4,17.4
2011/07/19,17.5,18.1,17.5,17.7
2011/07/20,17.8,18.0,17.7,17.8
2011/07/21,18.1,18.1,17.8,17.8
2011/07/22,17.9,18.3,17.9,18.1
2011/07/25,18.1,18.3,17.9,17.9
2011/07/26,17.9,18.0,17.8,18.0
2011/07/27,17.9,18.8,17.9,18.7
2011/07/28,18.6,18.9,18.4,18.8
2011/07/29,18.8,18.9,18.1,18.1
2011/08/01,18.3,18.7,18.1,18.5
2011/08/02,18.5,18.5,18.2,18.3
2011/08/03,18.2,18.2,17.9,17.9
2011/08/04,18.1,18.1,17.9,17.9
2011/08/05,16.7,17.1,16.7,16.7
2011/08/08,15.5,16.4,15.5,15.5
2011/08/09,14.5,15.0,14.5,14.8
2011/08/10,15.4,15.5,15.0,15.5
2011/08/11,14.0,14.5,14.0,14.1
2011/08/12,14.5,14.5,14.2,14.3
2011/08/15,14.3,14.5,14.3,14.4
2011/08/16,14.5,14.6,14.4,14.4
2011/08/17,14.4,14.5,14.3,14.3
2011/08/18,14.2,14.4,13.9,13.9
2011/08/19,13.6,13.6,13.0,13.0
2011/08/22,12.6,13.1,12.3,12.3
2011/08/23,12.4,13.0,12.4,12.9
2011/08/24,13.1,13.2,12.9,13.1
2011/08/25,13.1,13.1,12.9,12.9
2011/08/26,13.0,13.1,12.9,12.9
2011/08/29,12.9,13.2,12.9,13.0
2011/08/30,13.1,13.1,13.0,13.0
2011/08/31,13.1,13.1,12.8,13.1
2011/09/01,13.1,13.5,13.1,13.2
2011/09/02,13.2,13.2,13.1,13.2
2011/09/05,13.1,13.1,12.7,12.8
2011/09/06,12.8,12.8,12.4,12.4
2011/09/07,12.4,12.8,12.4,12.6
2011/09/08,12.7,13.1,12.7,13.0
2011/09/09,13.0,13.2,12.8,13.1
2011/09/13,12.9,13.1,12.9,13.0
2011/09/14,12.9,13.1,12.6,12.6
2011/09/15,12.9,13.3,12.8,13.3
2011/09/16,13.3,13.4,13.2,13.3
2011/09/19,13.3,13.5,13.2,13.2
2011/09/20,13.2,13.4,13.1,13.3
2011/09/21,13.3,13.6,13.3,13.5
2011/09/22,13.5,13.5,13.1,13.2
2011/09/23,12.9,12.9,12.6,12.7
2011/09/26,12.6,12.9,12.3,12.4
2011/09/27,12.6,12.7,12.5,12.5
2011/09/28,12.6,12.7,12.6,12.7
2011/09/29,12.6,12.7,12.5,12.7
2011/09/30,12.7,12.9,12.6,12.6
2011/10/03,12.5,12.6,12.4,12.5
2011/10/04,12.4,12.5,12.4,12.5
2011/10/05,12.6,12.6,12.4,12.4
2011/10/06,12.5,12.7,12.5,12.6
2011/10/07,12.7,12.7,12.6,12.6
2011/10/11,12.6,12.6,12.5,12.6
2011/10/12,12.6,12.7,12.6,12.6
2011/10/13,12.7,12.8,12.6,12.7
2011/10/14,12.7,12.7,12.5,12.6
2011/10/17,12.6,12.9,12.6,12.7
2011/10/18,12.6,12.9,12.6,12.7
2011/10/19,12.8,12.8,12.6,12.8
2011/10/20,12.8,12.8,12.6,12.6
2011/10/21,12.6,12.7,12.6,12.6
2011/10/24,12.6,12.9,12.6,12.9
2011/10/25,12.9,12.9,12.7,12.8
2011/10/26,12.8,12.8,12.6,12.7
2011/10/27,12.7,13.1,12.6,12.9
2011/10/28,13.1,13.2,13.0,13.0
2011/10/31,13.1,13.4,13.0,13.2
2011/11/01,13.1,13.1,12.7,12.9
2011/11/02,12.8,12.9,12.7,12.8
2011/11/03,12.8,12.9,12.7,12.8
2011/11/04,12.9,13.1,12.9,12.9
2011/11/07,13.1,13.2,12.9,12.9
2011/11/08,13.1,13.1,12.9,12.9
2011/11/09,13.0,13.0,12.9,13.0
2011/11/10,12.9,12.9,12.6,12.6
2011/11/11,12.6,12.7,12.5,12.5
2011/11/14,12.6,12.8,12.6,12.6
2011/11/15,12.6,12.6,12.5,12.5
2011/11/16,12.5,12.6,12.3,12.4
2011/11/17,12.4,12.4,12.1,12.1
2011/11/18,12.0,12.0,11.4,11.5
2011/11/21,11.5,11.5,10.8,10.9
2011/11/22,10.7,10.9,10.5,10.5
2011/11/23,10.3,10.5,9.9,10.0
2011/11/24,9.5,10.0,9.5,10.0
2011/11/25,10.1,10.1,9.8,10.0
2011/11/28,10.0,10.0,9.9,10.0
2011/11/29,10.1,10.2,10.0,10.2
2011/11/30,10.3,10.5,10.3,10.3
2011/12/01,10.6,10.6,10.5,10.5
2011/12/02,10.6,10.7,10.5,10.6
2011/12/05,10.6,10.6,10.5,10.6
2011/12/06,10.6,10.6,10.4,10.6
2011/12/07,10.6,10.7,10.3,10.7
2011/12/08,10.6,10.7,10.5,10.7
2011/12/09,10.5,10.6,10.3,10.6
2011/12/12,10.7,10.7,10.4,10.4
2011/12/13,10.4,10.4,10.2,10.3
2011/12/14,10.3,10.3,10.1,10.3
2011/12/15,10.1,10.2,10.1,10.1
2011/12/16,10.2,10.2,10.0,10.2
2011/12/19,10.1,10.2,9.5,9.9
2011/12/20,9.6,10.0,9.6,10.0
2011/12/21,10.1,10.5,10.1,10.4
2011/12/22,10.4,10.4,10.2,10.4
2011/12/23,10.4,10.6,10.4,10.5
2011/12/26,10.5,10.7,10.5,10.7
2011/12/27,10.5,10.7,10.5,10.6
2011/12/28,10.6,10.7,10.5,10.7
2011/12/29,10.6,10.7,10.6,10.7
2011/12/30,10.7,10.7,10.5,10.7
2012/01/02,10.7,10.7,10.4,10.4
2012/01/03,10.4,10.5,10.3,10.4
2012/01/04,10.5,10.6,10.5,10.6
2012/01/05,10.5,10.5,10.5,10.5
2012/01/06,10.5,10.5,10.4,10.4
2012/01/09,10.3,10.4,10.3,10.3
2012/01/10,10.5,10.5,10.4,10.4
2012/01/11,10.5,10.6,10.5,10.5
2012/01/12,10.4,10.5,10.2,10.2
2012/01/13,10.4,10.4,10.2,10.3
2012/01/16,10.4,10.5,10.3,10.4
2012/01/17,10.4,10.5,10.4,10.5
2012/01/18,10.6,10.6,10.4,10.4
2012/01/30,10.6,10.8,10.5,10.8
2012/01/31,11.0,11.2,10.8,11.2
2012/02/01,11.4,11.7,11.2,11.7
2012/02/02,11.7,12.2,11.7,12.0
2012/02/03,12.0,12.4,11.7,12.4
2012/02/06,13.3,13.6,13.0,13.3
2012/02/07,13.3,13.8,13.1,13.5
2012/02/08,13.5,13.9,13.3,13.9
2012/02/09,13.9,14.0,13.7,14.0
2012/02/10,14.0,14.3,13.9,14.1
2012/02/13,13.9,14.2,13.8,14.1
2012/02/14,14.1,14.2,13.7,13.9
2012/02/15,13.8,14.2,13.8,14.0
2012/02/16,14.0,14.4,13.9,14.2
2012/02/17,14.3,14.8,14.2,14.4
2012/02/20,14.6,15.2,14.6,15.1
2012/02/21,15.5,15.7,15.2,15.5
2012/02/22,15.6,15.7,15.3,15.4
2012/02/23,15.3,15.6,15.1,15.1
2012/02/24,15.1,15.3,14.7,14.8
2012/02/29,14.8,15.0,14.7,14.8
2012/03/01,14.9,14.9,14.6,14.7
2012/03/02,14.8,14.9,14.7,14.7
2012/03/05,15.0,15.0,14.6,14.6
2012/03/06,14.6,14.8,14.1,14.8
2012/03/07,14.3,14.7,14.3,14.5
2012/03/08,14.5,14.5,14.3,14.4
2012/03/09,14.4,14.6,14.3,14.5
2012/03/12,14.5,14.8,14.5,14.5
2012/03/13,14.5,14.6,14.4,14.5
2012/03/14,14.5,14.6,14.5,14.5
2012/03/15,14.7,15.0,14.6,14.7
2012/03/16,14.9,15.0,14.7,14.7
2012/03/19,14.8,14.9,14.5,14.5
2012/03/20,14.5,14.5,13.8,13.8
2012/03/21,13.8,13.8,12.9,13.3
2012/03/22,13.2,13.2,12.9,12.9
2012/03/23,12.9,13.4,12.9,13.1
2012/03/26,13.1,13.3,13.1,13.1
2012/03/27,13.2,13.2,13.0,13.0
2012/03/28,13.0,13.1,12.8,12.9
2012/03/29,12.9,12.9,12.3,12.4
2012/03/30,12.4,12.5,12.2,12.4
2012/04/02,12.4,12.5,12.1,12.2
2012/04/03,12.2,12.3,11.5,11.7
2012/04/05,11.3,11.4,10.9,11.3
2012/04/06,11.3,11.7,11.2,11.5
2012/04/09,11.4,11.5,11.3,11.4
2012/04/10,11.4,11.9,11.4,11.9
2012/04/11,11.6,11.9,11.6,11.7
2012/04/12,11.7,11.9,11.7,11.7
2012/04/13,11.8,12.1,11.8,12.1
2012/04/16,12.1,12.3,12.0,12.1
2012/04/17,12.2,12.2,11.7,11.7
2012/04/18,11.8,11.9,11.4,11.4
2012/04/19,11.4,11.6,11.2,11.6
2012/04/20,11.6,11.6,11.4,11.4
2012/04/23,11.4,11.4,11.2,11.4
2012/04/24,11.4,11.5,11.3,11.5
2012/04/25,11.5,11.7,11.5,11.6
2012/04/26,11.7,11.7,11.5,11.5
2012/04/27,11.5,11.6,11.4,11.5
2012/04/30,11.5,11.5,11.4,11.4
2012/05/02,11.6,11.7,11.4,11.7
2012/05/03,11.7,11.9,11.7,11.9
2012/05/04,11.8,11.9,11.7,11.8
2012/05/07,11.8,11.9,11.7,11.8
2012/05/08,11.8,11.8,11.7,11.8
2012/05/09,11.7,11.7,11.5,11.6
2012/05/10,11.4,11.7,11.4,11.7
2012/05/11,11.6,11.6,11.4,11.6
2012/05/14,11.5,11.5,11.4,11.5
2012/05/15,11.4,11.5,11.4,11.4
2012/05/16,11.4,11.4,11.2,11.3
2012/05/17,11.4,11.4,11.3,11.4
2012/05/18,11.3,11.4,11.0,11.0
2012/05/21,11.0,11.2,11.0,11.0
2012/05/22,11.0,11.2,11.0,11.2
2012/05/23,11.2,11.3,11.0,11.0
2012/05/24,11.5,11.5,11.2,11.3
2012/05/25,11.4,11.4,11.2,11.2
2012/05/28,11.2,11.4,11.2,11.4
2012/05/29,11.5,12.0,11.4,11.9
2012/05/30,11.9,11.9,11.7,11.7
2012/05/31,11.7,11.8,11.5,11.8
2012/06/01,11.8,11.8,11.4,11.6
2012/06/04,11.0,11.2,10.8,11.1
2012/06/05,11.1,11.2,11.0,11.2
2012/06/06,11.1,11.3,11.1,11.3
2012/06/07,11.3,11.3,11.1,11.2
2012/06/08,11.4,11.6,11.4,11.4
2012/06/11,11.6,11.7,11.5,11.5
2012/06/12,11.4,11.5,11.4,11.5
2012/06/13,11.5,11.5,11.3,11.4
2012/06/14,11.4,11.6,11.4,11.4
2012/06/15,11.5,11.6,10.7,10.7
2012/06/18,11.1,11.3,11.1,11.2
2012/06/19,11.2,11.4,11.1,11.4
2012/06/20,11.3,11.4,11.1,11.4
2012/06/21,11.4,11.4,11.2,11.4
2012/06/22,11.3,11.5,11.3,11.5
2012/06/25,11.4,11.5,11.3,11.5
2012/06/26,11.4,11.4,11.2,11.3
2012/06/27,11.3,11.4,11.3,11.4
2012/06/28,11.4,11.5,11.3,11.5
2012/06/29,11.4,11.5,11.4,11.5
2012/07/02,11.5,11.5,11.4,11.4
2012/07/03,11.4,11.5,11.4,11.5
2012/07/04,11.5,11.5,11.3,11.5
2012/07/05,11.5,11.6,11.5,11.5
2012/07/06,11.6,11.6,11.4,11.4
2012/07/09,11.3,11.4,11.2,11.3
2012/07/10,11.3,11.3,11.2,11.3
2012/07/11,11.2,11.3,11.1,11.2
2012/07/12,11.1,11.2,11.0,11.2
2012/07/13,11.2,11.2,10.9,11.1
2012/07/16,11.1,11.3,10.9,11.2
2012/07/17,11.2,11.2,11.0,11.1
2012/07/18,11.1,11.2,11.0,11.0
2012/07/19,11.0,11.1,10.9,11.1
2012/07/20,11.0,11.1,11.0,11.1
2012/07/23,11.0,11.0,10.7,11.0
2012/07/24,10.9,10.9,10.6,10.8
2012/07/25,10.7,10.8,10.6,10.7
2012/07/26,10.7,10.7,10.4,10.5
2012/07/27,10.5,10.6,10.5,10.5
2012/07/30,10.6,10.7,10.5,10.5
2012/07/31,10.5,10.7,10.5,10.6
2012/08/01,10.6,10.7,10.5,10.6
2012/08/03,10.6,10.6,10.4,10.6
2012/08/06,10.6,10.7,10.6,10.7
2012/08/07,10.7,10.7,10.6,10.7
2012/08/08,10.7,10.7,10.6,10.7
2012/08/09,10.7,10.8,10.6,10.7
2012/08/10,10.8,10.8,10.5,10.6
2012/08/13,10.6,10.7,10.6,10.7
2012/08/14,10.7,11.0,10.7,10.8
2012/08/15,10.8,11.2,10.7,11.2
2012/08/16,11.2,11.3,11.2,11.2
2012/08/17,11.2,11.2,11.1,11.1
2012/08/20,11.1,11.1,11.0,11.0
2012/08/21,11.0,11.2,11.0,11.2
2012/08/22,11.2,11.2,11.0,11.2
2012/08/23,11.2,11.2,11.1,11.1
2012/08/24,11.1,11.1,11.0,11.0
2012/08/27,11.1,11.2,11.1,11.2
2012/08/28,11.2,11.2,11.0,11.2
2012/08/29,11.2,11.2,11.1,11.1
2012/08/30,11.1,11.1,11.0,11.1
2012/08/31,11.1,11.2,11.0,11.1
2012/09/03,11.0,11.1,11.0,11.1
2012/09/04,11.1,11.1,11.0,11.1
2012/09/05,10.7,10.7,10.6,10.7
2012/09/06,10.7,10.7,10.6,10.6
2012/09/07,10.6,10.7,10.6,10.6
2012/09/10,10.6,10.8,10.6,10.7
2012/09/11,10.7,10.8,10.6,10.7
2012/09/12,10.7,10.7,10.6,10.7
2012/09/13,10.7,10.7,10.6,10.6
2012/09/14,10.7,10.8,10.7,10.8
2012/09/17,10.8,11.3,10.8,11.3
2012/09/18,11.3,11.4,11.0,11.0
2012/09/19,11.1,11.2,11.0,11.1
2012/09/20,11.1,11.4,11.0,11.1
2012/09/21,11.1,11.2,11.0,11.1
2012/09/24,11.2,11.3,11.1,11.2
2012/09/25,11.2,11.2,11.1,11.2
2012/09/26,11.1,11.2,11.1,11.1
2012/09/27,11.1,11.2,11.1,11.2
2012/09/28,11.2,11.2,10.8,11.0
2012/10/01,10.9,11.0,10.9,11.0
2012/10/02,11.0,11.2,11.0,11.1
2012/10/03,11.2,11.6,11.2,11.3
2012/10/04,11.2,11.4,11.1,11.2
2012/10/05,11.2,11.3,11.1,11.2
2012/10/08,11.2,11.2,10.9,10.9
2012/10/09,10.9,11.0,10.7,11.0
2012/10/11,11.0,11.0,10.6,10.7
2012/10/12,10.7,10.7,10.5,10.5
2012/10/15,10.5,10.6,10.2,10.4
2012/10/16,10.3,10.5,10.2,10.4
2012/10/17,10.4,10.5,10.3,10.3
2012/10/18,10.3,10.5,10.3,10.5
2012/10/19,10.4,10.4,10.3,10.4
2012/10/22,10.3,10.3,10.0,10.2
2012/10/23,10.2,10.2,10.1,10.1
2012/10/24,10.1,10.2,10.0,10.2
2012/10/25,10.0,10.1,10.0,10.0
2012/10/26,10.0,10.0,9.6,9.8
2012/10/29,9.8,9.8,9.4,9.4
2012/10/30,9.4,9.6,9.4,9.6
2012/10/31,9.8,10.0,9.8,9.8
2012/11/01,9.8,10.1,9.7,10.0
2012/11/02,10.0,10.3,10.0,10.0
2012/11/05,10.0,10.0,9.9,10.0
2012/11/06,10.0,10.2,9.8,10.2
2012/11/07,10.1,10.1,10.0,10.0
2012/11/08,10.0,10.0,9.8,10.0
2012/11/09,9.8,10.1,9.8,10.1
2012/11/12,10.1,10.1,10.0,10.1
2012/11/13,10.1,10.1,9.8,10.0
2012/11/14,10.0,10.0,9.8,10.0
2012/11/15,9.8,9.8,9.8,9.8
2012/11/16,9.8,9.9,9.6,9.6
2012/11/19,9.6,9.7,9.5,9.5
2012/11/20,9.5,9.5,9.4,9.4
2012/11/21,9.4,9.5,9.3,9.5
2012/11/22,9.8,9.8,9.3,9.3
2012/11/23,9.3,9.6,9.3,9.6
2012/11/26,9.6,9.8,9.5,9.8
2012/11/27,9.8,9.8,9.6,9.8
2012/11/28,9.7,9.8,9.7,9.7
2012/11/29,9.7,9.9,9.7,9.8
2012/11/30,9.8,9.8,9.4,9.4
2012/12/03,9.6,9.8,9.5,9.8
2012/12/04,9.8,9.9,9.6,9.8
2012/12/05,9.8,9.9,9.7,9.9
2012/12/06,9.9,10.1,9.9,9.9
2012/12/07,9.9,9.9,9.8,9.8
2012/12/10,9.8,9.8,9.6,9.6
2012/12/11,9.6,9.7,9.6,9.7
2012/12/12,9.7,9.8,9.6,9.6
2012/12/13,9.7,9.8,9.6,9.7
2012/12/14,9.8,9.8,9.5,9.7
2012/12/17,9.7,9.8,9.6,9.7
2012/12/18,9.7,9.8,9.6,9.8
2012/12/19,9.8,9.8,9.6,9.7
2012/12/20,9.7,9.8,9.6,9.6
2012/12/21,9.6,9.6,9.5,9.5
2012/12/24,9.6,9.7,9.6,9.7
2012/12/25,9.6,9.8,9.6,9.8
2012/12/26,9.8,9.9,9.8,9.9
2012/12/27,9.9,9.9,9.8,9.8
2012/12/28,9.8,9.9,9.8,9.8
2013/01/02,9.8,9.9,9.8,9.8
2013/01/03,9.8,9.9,9.8,9.9
2013/01/04,9.9,10.0,9.8,10.0
2013/01/07,10.0,10.1,10.0,10.0
2013/01/08,10.0,10.1,9.9,10.0
2013/01/09,10.0,10.0,9.9,9.9
2013/01/10,9.9,10.0,9.9,9.9
2013/01/11,10.0,10.0,9.9,10.0
2013/01/14,9.9,10.0,9.9,10.0
2013/01/15,10.0,10.0,9.8,10.0
2013/01/16,10.0,10.0,9.8,9.9
2013/01/17,9.9,10.0,9.6,9.6
2013/01/18,9.7,9.8,9.7,9.7
2013/01/21,9.7,9.8,9.7,9.8
2013/01/22,9.8,9.8,9.8,9.8
2013/01/23,9.8,9.9,9.8,9.8
2013/01/24,9.8,9.9,9.8,9.8
2013/01/25,9.8,9.8,9.7,9.7
2013/01/28,9.8,9.9,9.7,9.8
2013/01/29,9.8,9.8,9.8,9.8
2013/01/30,9.8,9.9,9.8,9.8
2013/01/31,9.8,9.9,9.8,9.8
2013/02/01,9.9,9.9,9.8,9.8
2013/02/04,9.8,9.8,9.5,9.8
2013/02/05,9.7,9.7,9.6,9.7
2013/02/06,9.6,9.8,9.6,9.8
2013/02/18,9.8,9.8,9.7,9.8
2013/02/19,9.8,9.9,9.8,9.8
2013/02/20,9.9,10.0,9.8,9.9
2013/02/21,9.9,9.9,9.8,9.8
2013/02/22,9.8,10.0,9.8,10.0
2013/02/25,10.2,10.5,10.2,10.3
2013/02/26,10.2,11.0,10.2,10.6
2013/02/27,10.6,10.8,10.6,10.7
2013/03/01,10.8,11.0,10.7,10.9
2013/03/04,10.9,11.0,10.8,10.9
2013/03/05,10.9,11.0,10.9,11.0
2013/03/06,11.0,11.1,11.0,11.0
2013/03/07,11.0,11.1,11.0,11.0
2013/03/08,11.0,11.0,10.8,10.9
2013/03/11,11.0,11.6,11.0,11.6
2013/03/12,11.7,12.1,11.5,11.6
2013/03/13,11.8,11.8,11.3,11.4
2013/03/14,11.4,11.5,11.2,11.4
2013/03/15,11.4,11.7,11.3,11.4
2013/03/18,11.3,11.4,11.2,11.2
2013/03/19,11.2,11.3,11.2,11.2
2013/03/20,11.2,11.3,11.2,11.2
2013/03/21,11.3,11.4,11.2,11.4
2013/03/22,11.4,11.4,11.2,11.4
2013/03/25,11.4,11.5,11.3,11.3
2013/03/26,11.3,11.3,11.2,11.3
2013/03/27,11.3,11.4,11.2,11.4
2013/03/28,11.4,11.4,11.2,11.3
2013/03/29,11.3,11.4,11.2,11.2
2013/04/01,11.2,11.3,11.2,11.2
2013/04/02,11.2,11.3,11.2,11.3
2013/04/03,11.3,11.3,11.2,11.2
2013/04/08,11.1,11.1,10.6,10.7
2013/04/09,10.7,10.7,10.6,10.6
2013/04/10,10.6,10.7,10.5,10.6
2013/04/11,10.6,10.8,10.6,10.8
2013/04/12,10.9,10.9,10.6,10.6
2013/04/15,10.6,10.7,10.5,10.6
2013/04/16,10.5,10.6,10.5,10.6
2013/04/17,10.6,10.9,10.5,10.9
2013/04/18,10.8,10.9,10.7,10.8
2013/04/19,10.8,10.8,10.6,10.7
2013/04/22,10.8,10.8,10.7,10.7
2013/04/23,10.6,10.7,10.6,10.7
2013/04/24,10.7,10.8,10.7,10.8
2013/04/25,10.8,10.8,10.7,10.7
2013/04/26,10.8,11.0,10.8,10.8
2013/04/29,10.8,10.9,10.7,10.8
2013/04/30,10.8,10.9,10.7,10.8
2013/05/02,10.8,10.9,10.7,10.7
2013/05/03,10.7,10.8,10.7,10.7
2013/05/06,10.7,10.8,10.7,10.8
2013/05/07,10.8,10.8,10.7,10.8
2013/05/08,10.8,10.8,10.7,10.7
2013/05/09,10.7,10.8,10.7,10.8
2013/05/10,11.0,11.6,11.0,11.6
2013/05/13,12.2,12.4,12.0,12.4
2013/05/14,12.8,12.8,12.3,12.5
2013/05/15,12.6,12.6,12.2,12.4
2013/05/16,12.3,12.3,12.0,12.1
2013/05/17,12.1,12.5,12.0,12.2
2013/05/20,12.3,13.1,12.3,13.1
2013/05/21,13.2,13.5,12.8,12.9
2013/05/22,12.9,13.0,12.6,12.7
2013/05/23,12.8,12.8,12.2,12.5
2013/05/24,12.5,12.6,12.1,12.3
2013/05/27,12.4,13.0,12.4,12.9
2013/05/28,12.9,12.9,12.5,12.6
2013/05/29,12.6,13.1,12.6,12.9
2013/05/30,12.7,12.7,12.6,12.7
2013/05/31,12.7,12.9,12.6,12.6
2013/06/03,12.3,12.5,12.2,12.3
2013/06/04,12.3,12.6,12.3,12.3
2013/06/05,12.3,12.4,12.1,12.1
2013/06/06,11.9,12.1,11.7,11.7
2013/06/07,11.8,12.1,11.7,11.7
2013/06/10,12.0,12.0,11.7,11.8
2013/06/11,11.8,11.9,11.6,11.6
2013/06/13,11.6,11.8,11.5,11.8
2013/06/14,11.9,11.9,11.6,11.6
2013/06/17,11.6,11.7,11.5,11.6
2013/06/18,11.8,11.8,11.6,11.7
2013/06/19,11.7,11.9,11.7,11.7
2013/06/20,11.6,11.7,11.6,11.7
2013/06/21,11.3,11.5,11.2,11.5
2013/06/24,11.4,11.4,11.3,11.3
2013/06/25,11.2,11.2,10.9,10.9
2013/06/26,11.1,11.2,11.1,11.2
2013/06/27,11.2,11.3,11.2,11.3
2013/06/28,11.3,11.3,11.2,11.2
2013/07/01,11.3,11.5,11.2,11.4
2013/07/02,11.4,11.4,11.3,11.3
2013/07/03,11.3,11.3,11.2,11.2
2013/07/04,11.2,11.2,11.0,11.2
2013/07/05,11.2,11.3,11.2,11.2
2013/07/08,11.2,11.3,11.2,11.2
2013/07/09,11.3,11.3,11.2,11.2
2013/07/10,11.2,11.2,11.1,11.1
2013/07/11,10.9,11.0,10.7,10.8
2013/07/12,10.8,11.0,10.8,10.9
2013/07/15,11.0,11.1,10.9,11.0
2013/07/16,11.0,11.1,10.9,11.0
2013/07/17,11.1,11.1,10.9,11.0
2013/07/18,11.0,11.1,11.0,11.0
2013/07/19,11.0,11.0,10.9,11.0
2013/07/22,11.1,11.1,10.9,11.0
2013/07/23,11.1,11.4,11.0,11.3
2013/07/24,11.3,11.4,11.2,11.2
2013/07/25,11.2,11.4,11.2,11.4
2013/07/26,11.4,11.8,11.4,11.6
2013/07/29,11.7,11.7,11.4,11.5
2013/07/30,11.6,11.6,11.5,11.6
2013/07/31,11.7,11.7,11.3,11.5
2013/08/01,11.5,11.5,11.3,11.4
2013/08/02,11.4,11.5,11.4,11.5
2013/08/05,11.5,11.7,11.4,11.6
2013/08/06,11.6,11.6,11.4,11.4
2013/08/07,11.4,11.4,11.3,11.3
2013/08/08,11.3,12.1,11.3,12.1
2013/08/09,12.3,12.4,11.7,11.9
2013/08/12,11.6,11.7,11.4,11.5
2013/08/13,11.5,11.6,11.4,11.4
2013/08/14,11.5,11.5,11.3,11.3
2013/08/15,11.4,11.6,11.4,11.5
2013/08/16,11.5,11.5,11.4,11.5
2013/08/19,11.4,11.4,11.2,11.2
2013/08/20,11.3,11.3,11.1,11.2
2013/08/22,11.2,11.2,11.0,11.0
2013/08/23,11.2,11.2,11.1,11.2
2013/08/26,11.2,11.2,11.0,11.1
2013/08/27,11.2,11.2,11.0,11.1
2013/08/28,11.0,11.0,10.8,11.0
2013/08/29,11.0,11.0,10.9,11.0
2013/08/30,11.0,11.1,10.9,11.1
2013/09/02,11.1,11.1,11.0,11.0
2013/09/03,11.1,11.2,11.0,11.1
2013/09/04,11.1,11.2,11.0,11.2
2013/09/05,11.2,11.5,11.2,11.4
2013/09/06,11.4,11.5,11.4,11.4
2013/09/09,11.4,11.4,11.2,11.2
2013/09/10,11.3,11.4,11.2,11.2
2013/09/11,11.3,11.6,11.3,11.6
2013/09/12,11.6,11.7,11.5,11.5
2013/09/13,11.6,11.6,11.4,11.6
2013/09/16,12.6,12.7,12.2,12.4
2013/09/17,12.2,12.2,12.0,12.0
2013/09/18,12.4,12.4,12.1,12.2
2013/09/23,12.1,12.5,12.1,12.2
2013/09/24,12.2,12.4,12.2,12.2
2013/09/25,12.2,12.3,12.2,12.2
2013/09/26,12.2,12.2,11.9,11.9
2013/09/27,12.0,12.2,11.9,12.0
2013/09/30,12.0,12.0,11.7,11.9
2013/10/01,11.9,12.2,11.9,12.1
2013/10/02,12.1,12.7,12.1,12.4
2013/10/03,12.5,13.1,12.4,12.9
2013/10/04,12.9,12.9,12.4,12.5
2013/10/07,12.6,12.8,12.5,12.6
2013/10/08,12.7,12.7,12.5,12.6
2013/10/09,12.8,13.0,12.7,12.8
2013/10/11,13.1,13.1,12.6,12.6
2013/10/14,12.6,12.6,12.2,12.2
2013/10/15,12.3,12.6,12.3,12.4
2013/10/16,12.5,13.1,12.5,12.7
2013/10/17,12.9,13.5,12.8,13.3
2013/10/18,13.3,13.3,13.1,13.2
2013/10/21,13.3,13.3,12.8,13.0
2013/10/22,12.9,13.1,12.9,12.9
2013/10/23,12.9,13.7,12.9,13.4
2013/10/24,13.4,14.0,13.3,13.6
2013/10/25,13.6,13.9,13.4,13.8
2013/10/28,14.2,14.7,14.2,14.7
2013/10/29,15.0,15.6,14.9,15.0
2013/10/30,15.2,15.8,15.0,15.5
2013/10/31,15.5,15.9,15.1,15.2
2013/11/01,15.3,15.4,15.1,15.3
2013/11/04,15.3,15.3,14.3,14.4
2013/11/05,14.4,14.8,14.3,14.8
2013/11/06,14.8,14.8,14.1,14.3
2013/11/07,14.5,14.9,14.5,14.6
2013/11/08,14.9,15.2,14.5,14.5
2013/11/11,14.5,14.5,13.7,13.9
2013/11/12,14.0,14.2,13.3,13.5
2013/11/13,13.5,13.9,13.1,13.1
2013/11/14,13.2,13.4,13.1,13.4
2013/11/15,13.6,13.6,13.3,13.4
2013/11/18,13.4,13.9,13.4,13.8
2013/11/19,13.9,14.2,13.7,14.1
2013/11/20,14.3,14.6,14.1,14.1
2013/11/21,14.1,14.2,13.8,13.9
2013/11/22,13.9,14.2,13.8,14.0
2013/11/25,14.0,14.3,13.8,13.8
2013/11/26,13.8,13.8,13.7,13.8
2013/11/27,13.7,14.3,13.7,14.1
2013/11/28,14.2,14.3,13.9,13.9
2013/11/29,13.9,14.0,13.8,13.8
2013/12/02,14.0,14.1,13.8,13.9
2013/12/03,13.9,13.9,13.7,13.8
2013/12/04,13.8,13.8,13.6,13.6
2013/12/05,13.6,13.8,13.5,13.6
2013/12/06,13.8,14.3,13.8,14.1
2013/12/09,14.3,14.3,14.0,14.0
2013/12/10,14.0,14.0,13.9,14.0
2013/12/11,14.0,14.3,13.9,14.0
2013/12/12,14.1,14.1,13.9,13.9
2013/12/13,13.8,14.2,13.8,14.0
2013/12/16,14.1,14.2,14.0,14.0
2013/12/17,14.1,14.1,14.0,14.0
2013/12/18,14.1,14.1,13.8,14.0
2013/12/19,14.0,14.0,13.7,13.7
2013/12/20,13.9,14.7,13.9,14.7
2013/12/23,15.0,15.3,14.8,15.0
2013/12/24,15.0,15.2,14.7,14.7
2013/12/25,14.7,14.8,14.5,14.5
2013/12/26,14.7,14.8,14.6,14.6
2013/12/27,14.8,15.3,14.7,14.8
2013/12/30,14.8,15.3,14.6,15.3
2013/12/31,15.4,15.5,15.0,15.0
2014/01/02,15.0,15.3,15.0,15.1
2014/01/03,15.0,15.2,15.0,15.0
2014/01/06,15.2,15.2,15.0,15.0
2014/01/07,14.9,15.0,14.8,14.8
2014/01/08,14.9,15.0,14.6,14.7
2014/01/09,14.6,14.8,14.5,14.5
2014/01/10,14.4,14.8,14.4,14.8
2014/01/13,14.9,15.0,14.8,14.8
2014/01/14,14.7,14.9,14.6,14.8
2014/01/15,14.7,15.2,14.7,14.9
2014/01/16,15.0,15.1,14.8,14.8
2014/01/17,14.8,14.9,14.5,14.7
2014/01/20,14.6,14.9,14.6,14.9
2014/01/21,14.9,14.9,14.6,14.7
2014/01/22,14.7,14.7,14.5,14.6
2014/01/23,14.6,14.7,14.5,14.6
2014/01/24,14.5,14.9,14.3,14.9
2014/01/27,14.6,14.8,14.4,14.8
2014/02/05,14.5,14.5,14.4,14.4
2014/02/06,14.4,14.7,14.3,14.7
2014/02/07,14.7,14.7,14.4,14.7
2014/02/10,14.5,14.9,14.4,14.7
2014/02/11,14.7,14.8,14.4,14.4
2014/02/12,14.5,14.5,14.2,14.3
2014/02/13,14.3,14.3,13.8,14.2
2014/02/14,14.2,14.2,13.8,13.8
2014/02/17,13.8,13.9,13.6,13.6
2014/02/18,13.5,13.7,13.4,13.7
2014/02/19,13.7,13.7,13.4,13.5
2014/02/20,13.4,13.8,13.4,13.7
2014/02/21,13.6,13.8,13.6,13.8
2014/02/24,13.8,13.8,13.7,13.8
2014/02/25,13.9,13.9,13.7,13.8
2014/02/26,13.8,13.8,13.6,13.8
2014/02/27,13.9,14.2,13.7,14.0
2014/03/03,14.0,14.0,13.7,13.7
2014/03/04,13.8,13.8,13.6,13.6
2014/03/05,13.7,13.8,13.6,13.8
2014/03/06,13.8,14.2,13.7,14.0
2014/03/07,14.9,14.9,14.3,14.4
2014/03/10,14.3,14.5,14.1,14.3
2014/03/11,14.4,14.5,14.3,14.3
2014/03/12,14.2,14.5,14.2,14.3
2014/03/13,14.3,14.4,14.1,14.1
2014/03/14,14.0,14.0,14.0,14.0
2014/03/17,13.9,14.4,13.9,14.0
2014/03/18,14.3,14.3,14.1,14.1
2014/03/19,14.1,14.3,14.0,14.0
2014/03/20,13.9,14.2,13.8,13.9
2014/03/21,13.9,14.0,13.8,13.8
2014/03/24,13.7,13.8,13.6,13.6
2014/03/25,13.7,13.9,13.6,13.8
2014/03/26,13.9,14.1,13.7,14.0
2014/03/27,14.0,14.1,13.8,14.0
2014/03/28,13.9,14.0,13.8,13.9
2014/03/31,14.0,14.0,13.8,13.8
2014/04/01,13.8,13.9,13.7,13.8
2014/04/02,13.9,14.4,13.9,14.2
2014/04/03,14.3,14.3,14.0,14.0
2014/04/07,14.0,14.0,13.8,14.0
2014/04/08,14.0,14.0,13.8,14.0
2014/04/09,14.0,14.0,13.9,14.0
2014/04/10,13.9,14.0,13.9,14.0
2014/04/11,13.9,14.0,13.6,14.0
2014/04/14,14.0,14.0,13.6,13.7
2014/04/15,13.8,13.8,13.6,13.7
2014/04/16,13.7,13.8,13.6,13.7
2014/04/17,13.8,13.9,13.7,13.7
2014/04/18,13.7,13.8,13.6,13.6
2014/04/21,13.7,13.7,13.6,13.6
2014/04/22,13.7,13.7,13.6,13.6
2014/04/23,13.6,13.7,13.5,13.7
2014/04/24,13.8,13.8,13.4,13.6
2014/04/25,13.6,13.8,13.1,13.6
2014/04/28,13.6,14.2,13.6,13.8
2014/04/29,13.9,13.9,13.6,13.8
2014/04/30,13.8,13.8,13.5,13.6
2014/05/02,13.6,13.6,13.4,13.4
2014/05/05,13.6,14.1,13.6,14.0
2014/05/06,14.0,14.0,13.7,13.8
2014/05/07,13.8,14.0,13.6,13.7
2014/05/08,13.8,13.8,13.6,13.8
2014/05/09,13.8,13.8,13.5,13.5
2014/05/12,13.5,13.5,13.2,13.3
2014/05/13,13.2,13.4,13.2,13.2
2014/05/14,13.1,13.2,13.1,13.1
2014/05/15,13.1,13.3,13.1,13.1
2014/05/16,13.1,13.3,13.1,13.1
2014/05/19,13.1,13.2,13.1,13.1
2014/05/20,13.2,13.3,13.1,13.2
2014/05/21,13.2,13.4,13.1,13.4
2014/05/22,13.4,13.6,13.4,13.5
2014/05/23,13.4,13.5,13.3,13.4
2014/05/26,13.5,13.5,13.2,13.3
2014/05/27,13.2,13.3,13.2,13.3
2014/05/28,13.3,13.3,13.2,13.3
2014/05/29,13.3,13.3,13.2,13.2
2014/05/30,13.2,13.3,13.2,13.2
2014/06/03,13.3,13.4,13.2,13.2
2014/06/04,13.4,13.4,13.2,13.3
2014/06/05,13.3,13.3,13.2,13.2
2014/06/06,13.3,13.3,13.2,13.2
2014/06/09,13.2,13.3,13.2,13.2
2014/06/10,13.2,13.3,13.1,13.3
2014/06/11,13.1,13.3,13.1,13.2
2014/06/12,13.3,13.3,13.0,13.0
2014/06/13,12.8,13.1,12.8,12.9
2014/06/16,12.9,13.0,12.9,13.0
2014/06/17,13.0,13.1,12.9,12.9
2014/06/18,13.1,13.2,13.0,13.1
2014/06/19,13.1,13.1,13.0,13.1
2014/06/20,13.1,13.2,13.0,13.1
2014/06/23,13.1,13.1,12.9,12.9
2014/06/24,13.0,13.0,12.9,12.9
2014/06/25,12.9,13.1,12.9,13.0
2014/06/26,12.9,13.2,12.9,13.1
2014/06/27,13.0,13.1,13.0,13.1
2014/06/30,13.1,13.1,13.1,13.1
2014/07/01,13.1,13.1,13.1,13.1
2014/07/02,13.1,13.1,12.9,13.1
2014/07/03,13.1,13.1,13.0,13.0
2014/07/04,12.9,13.1,12.9,12.9
2014/07/07,12.9,13.1,12.9,13.0
2014/07/08,13.0,13.1,12.9,13.1
2014/07/09,13.0,13.1,12.9,13.0
2014/07/10,13.4,13.6,13.4,13.6
2014/07/11,13.6,13.6,13.1,13.3
2014/07/14,13.2,13.3,13.2,13.3
2014/07/15,13.3,13.4,13.3,13.3
2014/07/16,13.3,13.4,13.2,13.2
2014/07/17,13.3,13.4,13.2,13.3
2014/07/18,13.2,13.5,13.2,13.3
2014/07/21,13.3,13.4,13.3,13.3
2014/07/22,13.3,13.5,13.3,13.4
2014/07/24,13.5,13.8,13.4,13.6
2014/07/25,13.6,13.6,13.4,13.6
2014/07/28,13.7,14.0,13.7,13.8
2014/07/29,13.9,14.0,13.8,13.8
2014/07/30,13.8,13.9,13.8,13.8
2014/07/31,13.8,13.9,13.6,13.7
2014/08/01,13.6,13.7,13.6,13.6
2014/08/04,13.8,13.8,13.6,13.6
2014/08/05,13.5,13.9,13.4,13.6
2014/08/06,13.7,13.7,13.3,13.4
2014/08/07,13.5,13.6,13.4,13.4
2014/08/08,13.4,13.5,13.2,13.4
2014/08/11,13.4,13.7,13.4,13.6
2014/08/12,13.6,13.7,13.4,13.6
2014/08/13,13.5,13.6,13.4,13.4
2014/08/14,13.4,13.5,13.3,13.3
2014/08/15,13.3,13.3,13.0,13.2
2014/08/18,13.2,13.2,12.9,12.9
2014/08/19,12.9,13.1,12.9,13.0
2014/08/20,13.0,13.3,13.0,13.3
2014/08/21,13.2,13.2,13.0,13.2
2014/08/22,13.0,13.2,13.0,13.2
2014/08/25,13.2,13.2,13.1,13.2
2014/08/26,13.3,13.3,13.1,13.2
2014/08/27,13.3,13.3,13.1,13.3
2014/08/28,13.3,13.3,13.2,13.2
2014/08/29,13.1,13.3,13.1,13.3
2014/09/01,13.3,13.3,13.2,13.3
2014/09/02,13.3,13.3,13.1,13.2
2014/09/03,13.2,13.2,13.1,13.1
2014/09/04,13.1,13.3,13.1,13.3
2014/09/05,13.2,13.2,13.1,13.2
2014/09/09,13.2,13.2,13.1,13.2
2014/09/10,13.3,13.3,13.1,13.1
2014/09/11,13.1,13.2,13.1,13.1
2014/09/12,13.1,13.1,13.0,13.1
2014/09/15,13.1,13.1,13.0,13.1
2014/09/16,13.1,13.1,12.9,13.0
2014/09/17,13.0,13.1,12.9,13.1
2014/09/18,12.9,13.1,12.9,13.1
2014/09/19,13.1,13.1,12.9,13.0
2014/09/22,12.9,13.0,12.9,12.9
2014/09/23,12.8,12.9,12.8,12.9
2014/09/24,12.9,13.0,12.9,12.9
2014/09/25,12.9,12.9,12.6,12.9
2014/09/26,12.7,12.9,12.7,12.8
2014/09/29,12.8,12.9,12.8,12.9
2014/09/30,12.9,13.3,12.8,13.2
2014/10/01,13.2,13.2,13.1,13.2
2014/10/02,13.2,13.2,13.1,13.2
2014/10/03,13.3,13.6,13.3,13.5
2014/10/06,13.5,13.6,13.3,13.4
2014/10/07,13.4,13.4,13.2,13.3
2014/10/08,13.3,13.3,13.1,13.3
2014/10/09,13.3,13.3,12.9,13.1
2014/10/13,13.0,13.1,12.9,12.9
2014/10/14,12.8,13.0,12.8,12.9
2014/10/15,12.8,12.9,12.5,12.6
2014/10/16,12.5,12.6,12.1,12.4
2014/10/17,12.3,12.4,12.2,12.3
2014/10/20,12.5,12.5,12.3,12.4
2014/10/21,12.3,12.4,12.2,12.3
2014/10/22,12.3,12.4,12.2,12.4
2014/10/23,12.3,12.4,12.2,12.3
2014/10/24,12.3,12.3,12.0,12.3
2014/10/27,12.3,12.3,11.8,11.9
2014/10/28,12.0,12.1,12.0,12.1
2014/10/29,12.1,12.2,11.9,12.2
2014/10/30,12.2,12.2,12.1,12.2
2014/10/31,12.2,12.4,12.1,12.3
2014/11/03,12.3,12.3,12.1,12.3
2014/11/04,12.3,12.3,12.2,12.3
2014/11/05,12.3,12.3,12.2,12.3
2014/11/06,12.3,12.3,12.2,12.3
2014/11/07,12.3,12.3,12.2,12.3
2014/11/10,12.3,12.4,12.1,12.3
2014/11/11,12.2,12.4,12.2,12.4
2014/11/12,12.1,12.3,12.1,12.3
2014/11/13,12.3,12.3,12.1,12.1
2014/11/14,12.1,12.2,12.1,12.1
2014/11/17,12.1,12.1,12.1,12.1
2014/11/18,12.1,12.1,11.9,12.0
2014/11/19,12.0,12.1,11.9,12.1
2014/11/20,12.0,12.1,11.9,11.9
2014/11/21,11.9,12.0,11.9,11.9
2014/11/24,11.9,12.0,11.8,11.9
2014/11/25,11.9,11.9,11.8,11.9
2014/11/26,12.1,12.1,11.8,11.9
2014/11/27,11.9,11.9,11.7,11.8
2014/11/28,11.8,11.8,11.7,11.7
2014/12/01,11.7,11.8,11.7,11.8
2014/12/02,11.9,11.9,11.7,11.8
2014/12/03,12.0,12.0,11.8,11.9
2014/12/04,11.9,12.0,11.9,12.0
2014/12/05,12.0,12.0,11.8,12.0
2014/12/08,11.9,12.0,11.9,11.9
2014/12/09,12.3,12.8,12.3,12.8
2014/12/10,13.0,13.1,12.8,12.9
2014/12/11,12.9,12.9,12.6,12.6
2014/12/12,12.8,12.9,12.6,12.7
2014/12/15,12.6,12.6,12.5,12.6
2014/12/16,13.0,13.0,12.8,12.8
2014/12/17,12.8,12.9,12.2,12.4
2014/12/18,12.5,12.5,12.4,12.4
2014/12/19,12.5,12.5,12.4,12.5
2014/12/22,12.4,12.6,12.3,12.4
2014/12/23,12.4,12.5,12.2,12.4
2014/12/24,12.4,12.6,12.4,12.6
2014/12/25,12.5,12.5,12.4,12.5
2014/12/26,12.5,12.8,12.4,12.7
2014/12/29,12.7,12.8,12.6,12.7
2014/12/30,12.6,12.9,12.6,12.8
2014/12/31,12.8,13.0,12.6,13.0
2015/01/05,12.8,12.9,12.7,12.9
2015/01/06,12.9,12.9,12.6,12.7
2015/01/07,12.8,12.9,12.7,12.7
2015/01/08,12.8,12.9,12.7,12.9
2015/01/09,13.0,13.0,12.6,12.6
2015/01/12,13.2,13.3,12.9,13.2
2015/01/13,13.1,13.2,13.0,13.1
2015/01/14,13.1,13.1,13.0,13.1
2015/01/15,13.1,13.1,13.0,13.1
2015/01/16,13.1,13.1,12.7,12.8
2015/01/19,12.8,12.9,12.7,12.7
2015/01/20,12.7,12.8,12.7,12.8
2015/01/21,12.9,13.0,12.9,13.0
2015/01/22,13.0,13.0,12.9,12.9
2015/01/23,13.0,13.0,12.9,12.9
2015/01/26,13.0,13.0,12.8,12.9
2015/01/27,12.9,12.9,12.8,12.9
2015/01/29,12.8,12.9,12.7,12.8
2015/01/30,12.9,12.9,12.7,12.8
2015/02/02,12.8,12.9,12.6,12.7
2015/02/03,12.8,12.9,12.7,12.9
2015/02/04,12.9,13.1,12.9,13.0
2015/02/05,13.1,13.2,13.0,13.1
2015/02/06,13.1,13.1,12.9,13.1
2015/02/09,12.9,12.9,12.8,12.9
2015/02/10,12.9,13.0,12.8,12.9
2015/02/11,12.7,12.9,12.7,12.8
2015/02/12,12.8,12.8,12.7,12.8
2015/02/13,12.8,12.9,12.8,12.9
2015/02/24,13.1,13.1,12.9,13.1
2015/02/25,12.9,13.0,12.9,13.0
2015/02/26,13.0,13.0,12.9,13.0
2015/03/02,13.0,13.0,12.7,12.7
2015/03/03,12.8,12.9,12.8,12.9
2015/03/04,12.9,13.0,12.8,12.8
2015/03/05,12.9,12.9,12.8,12.9
2015/03/06,12.9,12.9,12.7,12.8
2015/03/09,12.8,12.9,12.7,12.8
2015/03/10,12.9,12.9,12.8,12.8
2015/03/11,12.7,12.8,12.6,12.8
2015/03/12,12.8,12.8,12.6,12.8
2015/03/13,12.7,12.8,12.6,12.8
2015/03/16,12.7,12.8,12.7,12.7
2015/03/17,12.8,12.8,12.6,12.7
2015/03/18,12.7,12.7,12.5,12.5
2015/03/19,12.6,12.7,12.5,12.6
2015/03/20,12.6,12.7,12.6,12.7
2015/03/23,12.7,12.8,12.6,12.6
2015/03/24,12.7,12.8,12.5,12.7
2015/03/25,12.8,12.8,12.6,12.8
2015/03/26,12.8,13.0,12.7,12.7
2015/03/27,12.8,12.8,12.6,12.8
2015/03/30,12.8,13.6,12.8,13.5
2015/03/31,13.6,14.2,13.6,13.9
2015/04/01,13.9,14.0,13.6,14.0
2015/04/02,14.0,14.4,13.8,13.8
2015/04/07,14.2,14.4,14.0,14.2
2015/04/08,14.2,14.3,14.0,14.3
2015/04/09,14.3,14.3,14.0,14.0
2015/04/10,13.8,14.0,13.6,13.6
2015/04/13,13.7,13.9,13.7,13.8
2015/04/14,13.9,14.0,13.7,13.8
2015/04/15,13.9,13.9,13.5,13.6
2015/04/16,13.6,13.9,13.6,13.8
2015/04/17,13.8,14.3,13.6,14.2
2015/04/20,14.2,14.5,13.9,14.2
2015/04/21,14.2,14.3,13.9,14.2
2015/04/22,14.2,14.3,14.1,14.2
2015/04/23,14.3,14.4,14.1,14.1
2015/04/24,14.1,14.3,14.0,14.0
2015/04/27,14.2,14.2,13.9,14.0
2015/04/28,14.0,14.1,14.0,14.0
2015/04/29,14.0,14.4,14.0,14.2
2015/04/30,14.2,14.3,14.1,14.2
2015/05/04,14.2,14.7,14.2,14.5
2015/05/05,14.6,14.7,14.3,14.4
2015/05/06,14.3,14.5,14.2,14.4
2015/05/07,14.3,14.3,14.0,14.1
2015/05/08,14.2,14.7,14.2,14.3
2015/05/11,14.4,14.7,14.1,14.3
2015/05/12,14.4,14.7,14.3,14.6
2015/05/13,14.7,15.2,14.7,14.8
2015/05/14,13.8,13.9,13.8,13.8
2015/05/15,13.5,13.6,13.2,13.6
2015/05/18,13.5,13.5,13.3,13.5
2015/05/19,12.9,13.6,12.9,13.6
2015/05/20,13.5,13.6,13.3,13.3
2015/05/21,13.3,13.3,13.1,13.1
2015/05/22,13.1,13.4,13.1,13.3
2015/05/25,13.3,13.3,13.1,13.2
2015/05/26,13.3,13.3,13.1,13.1
2015/05/27,13.1,13.4,13.1,13.3
2015/05/28,13.3,13.5,13.3,13.5
2015/05/29,13.7,14.1,13.7,13.8
2015/06/01,14.0,14.4,13.8,13.8
2015/06/02,13.9,14.1,13.8,13.8
2015/06/03,13.8,13.9,13.5,13.5
2015/06/04,13.7,13.7,13.2,13.2
2015/06/05,13.4,13.4,13.1,13.1
2015/06/08,13.1,13.1,12.9,12.9
2015/06/09,12.8,12.9,12.5,12.5
2015/06/10,12.9,12.9,12.7,12.9
2015/06/11,12.9,12.9,12.9,12.9
2015/06/12,12.7,13.0,12.7,13.0
2015/06/15,13.0,13.1,12.9,13.1
2015/06/16,13.1,13.1,12.8,12.8
2015/06/17,12.8,12.9,12.6,12.6
2015/06/18,12.9,12.9,12.6,12.7
2015/06/22,12.7,12.9,12.6,12.8
2015/06/23,12.8,13.0,12.8,12.8
2015/06/24,12.8,12.9,12.7,12.8
2015/06/25,12.9,13.0,12.9,12.9
2015/06/26,12.9,13.2,12.9,13.1
2015/06/29,12.9,12.9,12.7,12.8
2015/06/30,12.7,12.9,12.7,12.9
2015/07/01,12.9,13.0,12.7,12.7
2015/07/02,12.8,13.0,12.8,12.9
2015/07/03,13.0,13.0,12.8,12.9
2015/07/06,12.9,12.9,12.7,12.9
2015/07/07,12.9,13.0,12.8,12.9
2015/07/08,13.1,13.3,13.0,13.0
2015/07/09,13.0,13.0,12.6,12.8
2015/07/13,13.1,13.2,13.0,13.1
2015/07/14,13.1,13.2,12.9,12.9
2015/07/15,13.1,13.1,12.8,12.9
2015/07/16,13.0,13.0,12.8,13.0
2015/07/17,13.0,13.0,12.9,12.9
2015/07/20,12.9,13.1,12.9,12.9
2015/07/21,12.9,12.9,12.7,12.7
2015/07/22,12.8,12.9,12.7,12.7
2015/07/23,12.8,12.9,12.6,12.9
2015/07/24,12.8,12.9,12.8,12.8
2015/07/27,12.8,12.9,12.5,12.5
2015/07/28,12.5,12.6,12.1,12.3
2015/07/29,12.3,12.5,12.1,12.4
2015/07/30,12.4,12.5,12.2,12.5
2015/07/31,12.4,12.4,12.3,12.3
2015/08/03,12.3,12.6,12.1,12.6
2015/08/04,12.4,12.6,12.1,12.4
2015/08/05,12.4,12.4,12.1,12.2
2015/08/06,12.4,12.4,12.1,12.3
2015/08/07,12.1,12.3,11.8,12.1
2015/08/10,12.5,12.6,12.3,12.6
2015/08/11,12.6,12.6,12.3,12.3
2015/08/12,12.3,12.4,12.2,12.3
2015/08/13,12.5,12.5,12.2,12.3
2015/08/14,12.4,12.4,12.2,12.3
2015/08/17,12.4,12.5,12.3,12.4
2015/08/18,12.4,12.5,12.2,12.2
2015/08/19,12.3,12.3,11.9,12.1
2015/08/20,12.1,12.2,11.9,12.2
2015/08/21,12.1,12.1,11.9,12.0
2015/08/24,11.8,11.8,10.9,11.2
2015/08/25,11.0,11.6,11.0,11.3
2015/08/26,11.1,11.4,11.1,11.2
2015/08/27,11.0,11.2,11.0,11.1
2015/08/28,11.2,11.6,11.2,11.6
2015/08/31,11.6,11.6,11.4,11.4
2015/09/01,11.3,11.6,11.3,11.4
2015/09/02,11.3,11.6,11.2,11.4
2015/09/03,11.4,11.7,11.4,11.5
2015/09/04,11.5,11.9,11.5,11.5
2015/09/07,11.5,11.7,11.5,11.6
2015/09/08,11.6,11.7,11.6,11.7
2015/09/09,11.7,11.9,11.7,11.9
2015/09/10,11.8,11.9,11.7,11.8
2015/09/11,11.8,11.9,11.7,11.8
2015/09/14,11.8,11.8,11.7,11.7
2015/09/15,11.5,12.0,11.5,11.7
2015/09/16,11.7,11.9,11.7,11.8
2015/09/17,12.1,12.1,11.9,11.9
2015/09/18,11.9,12.0,11.9,11.9
2015/09/21,11.8,11.8,11.7,11.7
2015/09/22,11.7,11.9,11.6,11.8
2015/09/23,11.8,11.8,11.6,11.7
2015/09/24,11.6,11.6,11.5,11.5
2015/09/25,11.5,11.7,11.5,11.7
2015/09/30,11.6,11.7,11.4,11.5
2015/10/01,11.5,11.6,11.2,11.4
2015/10/02,11.4,11.6,11.4,11.5
2015/10/05,11.5,11.6,11.5,11.6
2015/10/06,11.7,11.7,11.5,11.6
2015/10/07,11.7,12.7,11.6,12.7
2015/10/08,12.7,12.8,12.3,12.4
2015/10/12,12.5,12.6,12.3,12.5
2015/10/13,12.5,12.6,12.4,12.5
2015/10/14,12.5,12.5,12.4,12.4
2015/10/15,12.5,12.5,12.3,12.4
2015/10/16,12.4,12.7,12.4,12.7
2015/10/19,12.9,13.4,12.9,13.0
2015/10/20,13.0,13.0,12.8,13.0
2015/10/21,13.0,13.0,12.5,12.6
2015/10/22,12.7,12.7,12.6,12.6
2015/10/23,12.6,12.8,12.6,12.7
2015/10/26,12.6,13.1,12.6,13.0
2015/10/27,13.1,13.2,13.0,13.2
2015/10/28,13.2,13.2,12.9,13.0
2015/10/29,13.1,13.1,12.8,13.0
2015/10/30,13.0,13.0,12.7,12.9
2015/11/02,13.0,13.3,13.0,13.1
2015/11/03,13.1,13.1,13.0,13.0
2015/11/04,13.1,13.2,13.0,13.1
2015/11/05,13.1,13.2,13.0,13.0
2015/11/06,13.1,13.1,12.8,12.9
2015/11/09,12.9,12.9,12.7,12.7
2015/11/10,12.6,12.6,12.5,12.5
2015/11/11,12.5,12.6,12.2,12.2
2015/11/12,12.2,12.3,12.1,12.3
2015/11/13,12.2,12.3,12.1,12.1
2015/11/16,12.1,12.1,12.0,12.0
2015/11/17,12.3,12.3,12.1,12.2
2015/11/18,12.1,12.2,12.1,12.2
2015/11/19,12.2,13.4,12.1,13.4
2015/11/20,13.3,13.4,13.1,13.1
2015/11/23,13.2,13.2,12.8,12.8
2015/11/24,12.8,12.9,12.7,12.7
2015/11/25,12.8,13.1,12.6,12.6
2015/11/26,12.7,12.8,12.4,12.4
2015/11/27,12.5,12.6,12.4,12.5
2015/11/30,13.2,13.7,13.1,13.7
2015/12/01,13.7,13.8,13.3,13.4
2015/12/02,13.5,13.6,13.3,13.3
2015/12/03,13.4,13.5,13.2,13.4
2015/12/04,13.6,13.6,13.3,13.3
2015/12/07,13.7,14.0,13.5,13.5
2015/12/08,13.5,13.5,13.2,13.3
2015/12/09,13.3,13.3,12.9,12.9
2015/12/10,12.9,13.8,12.7,13.6
2015/12/11,13.4,13.4,13.0,13.2
2015/12/14,12.9,13.1,12.9,13.1
2015/12/15,13.2,13.4,13.1,13.1
2015/12/16,13.2,13.3,13.0,13.0
2015/12/17,13.1,13.5,13.1,13.3
2015/12/18,13.2,13.3,13.0,13.1
2015/12/21,13.1,13.1,13.0,13.1
2015/12/22,13.1,13.1,12.9,13.0
2015/12/23,13.1,13.1,12.8,12.8
2015/12/24,12.9,13.0,12.8,12.8
2015/12/25,12.9,12.9,12.8,12.9
2015/12/28,12.8,13.1,12.8,13.0
2015/12/29,12.9,12.9,12.7,12.8
2015/12/30,12.9,12.9,12.7,12.8
2015/12/31,12.7,12.9,12.7,12.7
2016/01/05,12.2,12.4,12.1,12.2
2016/01/06,12.3,12.3,11.3,12.0
2016/01/07,12.0,12.0,11.7,11.9
2016/01/08,12.3,12.4,12.1,12.3
2016/01/11,12.3,12.3,12.1,12.2
2016/01/12,12.3,12.4,12.1,12.2
2016/01/13,12.2,12.4,12.2,12.4
2016/01/14,12.3,13.1,12.2,12.9
2016/01/15,12.8,12.9,12.5,12.6
2016/01/18,12.4,13.4,12.3,13.1
2016/01/19,13.2,13.2,12.9,13.0
2016/01/20,12.9,13.1,12.6,12.6
2016/01/21,12.6,12.6,12.5,12.6
2016/01/22,12.8,12.8,12.5,12.5
2016/01/25,12.9,12.9,12.7,12.7
2016/01/26,12.7,12.7,12.6,12.7
2016/01/27,12.7,12.7,12.5,12.5
2016/01/28,12.5,12.6,12.5,12.6
2016/01/29,12.6,12.7,12.5,12.7
2016/02/01,13.0,13.0,12.7,12.8
2016/02/02,12.8,12.9,12.7,12.8
2016/02/03,12.8,12.9,12.6,12.9
2016/02/15,12.8,12.9,12.6,12.8
2016/02/16,12.9,13.5,12.9,13.5
2016/02/17,13.6,13.6,13.2,13.3
2016/02/18,13.4,13.5,13.2,13.5
2016/02/19,13.6,13.8,13.5,13.5
2016/02/22,13.5,13.6,13.2,13.3
2016/02/23,13.6,13.9,13.6,13.6
2016/02/24,13.6,13.6,13.4,13.5
2016/02/25,13.6,13.6,13.4,13.5
2016/02/26,13.5,13.6,13.4,13.5
2016/03/01,13.5,13.6,13.4,13.5
2016/03/02,13.5,13.6,13.5,13.6
2016/03/03,13.7,13.7,13.4,13.4
2016/03/04,13.3,13.5,13.3,13.5
2016/03/07,13.5,13.6,13.4,13.4
2016/03/08,13.5,13.5,13.3,13.4
2016/03/09,13.6,13.9,13.4,13.7
2016/03/10,13.7,13.8,13.5,13.6
2016/03/11,13.5,13.5,13.1,13.3
2016/03/14,13.3,13.3,13.1,13.1
2016/03/15,13.1,13.2,13.0,13.0
2016/03/16,12.9,13.2,12.9,13.1
2016/03/17,13.1,13.3,13.0,13.1
2016/03/18,13.3,14.2,13.1,14.0
2016/03/21,14.0,14.0,13.6,13.8
2016/03/22,13.8,13.8,13.5,13.5
2016/03/23,13.4,13.6,13.4,13.5
2016/03/24,13.3,13.4,13.3,13.3
2016/03/25,13.3,13.3,13.1,13.2
2016/03/28,13.3,13.3,13.1,13.1
2016/03/29,13.0,13.2,13.0,13.1
2016/03/30,13.1,13.1,13.0,13.1
2016/03/31,13.2,13.5,13.1,13.3
2016/04/01,13.5,14.1,13.3,14.0
2016/04/06,13.8,14.0,13.6,13.8
2016/04/07,13.8,13.8,13.4,13.4
2016/04/08,13.3,13.5,13.3,13.3
2016/04/11,13.5,13.5,13.3,13.3
2016/04/12,13.3,13.5,13.1,13.1
2016/04/13,13.2,13.3,13.2,13.2
2016/04/14,13.4,13.4,13.3,13.3
2016/04/15,13.4,13.5,13.3,13.5
2016/04/18,13.5,13.9,13.5,13.7
2016/04/19,13.6,13.7,13.4,13.4
2016/04/20,13.4,13.5,13.1,13.2
2016/04/21,13.2,13.3,13.2,13.2
2016/04/22,13.2,13.2,13.0,13.1
2016/04/25,13.3,13.3,13.0,13.1
2016/04/26,13.1,13.2,13.1,13.2
2016/04/27,13.1,13.1,13.0,13.1
2016/04/28,13.1,13.2,12.9,12.9
2016/04/29,12.9,12.9,12.6,12.6
2016/05/03,12.8,12.8,12.0,12.4
2016/05/04,12.4,12.4,12.2,12.2
2016/05/05,12.4,12.4,12.0,12.1
2016/05/06,12.1,12.3,12.1,12.2
2016/05/09,12.2,12.3,12.2,12.2
2016/05/10,12.5,13.0,12.5,12.7
2016/05/11,12.9,13.0,12.6,12.6
2016/05/12,12.5,12.7,12.4,12.4
2016/05/13,12.4,12.5,12.3,12.3
2016/05/16,12.1,12.2,11.8,12.1
2016/05/17,12.1,12.4,12.0,12.4
2016/05/18,12.3,12.4,12.3,12.4
2016/05/19,12.3,12.5,12.2,12.5
2016/05/20,12.5,12.6,12.4,12.6
2016/05/23,12.6,12.9,12.5,12.9
2016/05/24,12.6,12.9,12.6,12.9
2016/05/25,12.9,13.0,12.8,12.8
2016/05/26,12.9,12.9,12.8,12.8
2016/05/27,12.8,12.8,12.6,12.7
2016/05/30,12.7,12.8,12.7,12.7
2016/05/31,12.8,12.9,12.8,12.9
2016/06/01,12.8,12.9,12.7,12.8
2016/06/02,12.8,12.8,12.7,12.7
2016/06/03,12.7,12.8,12.7,12.7
2016/06/06,12.9,13.1,12.9,12.9
2016/06/07,12.9,13.0,12.9,12.9
2016/06/08,12.9,12.9,12.8,12.8
2016/06/13,12.7,12.7,12.6,12.6
2016/06/14,12.6,12.8,12.6,12.7
2016/06/15,12.7,12.7,12.6,12.7
2016/06/16,12.7,12.9,12.6,12.6
2016/06/17,12.8,12.8,12.6,12.6
2016/06/20,12.8,12.8,12.6,12.6
2016/06/21,12.7,12.9,12.6,12.7
2016/06/22,12.8,12.8,12.6,12.8
2016/06/23,12.7,12.7,12.6,12.6
2016/06/24,12.7,12.7,12.2,12.3
2016/06/27,12.3,12.6,12.2,12.4
2016/06/28,12.4,12.5,12.3,12.4
2016/06/29,12.5,12.6,12.4,12.5
2016/06/30,12.6,12.6,12.5,12.5
2016/07/01,12.5,12.6,12.4,12.5
2016/07/04,12.5,12.6,12.5,12.6
2016/07/05,12.6,12.8,12.6,12.7
2016/07/06,12.7,12.9,12.6,12.8
2016/07/07,12.9,12.9,12.7,12.9
2016/07/11,13.1,13.2,12.9,13.0
2016/07/12,13.0,13.0,12.9,13.0
2016/07/13,12.6,12.6,12.5,12.5
2016/07/14,12.5,12.6,12.5,12.6
2016/07/15,12.6,12.7,12.6,12.6
2016/07/18,12.7,12.7,12.6,12.6
2016/07/19,12.7,12.7,12.5,12.5
2016/07/20,12.5,12.6,12.5,12.6
2016/07/21,12.6,12.7,12.6,12.6
2016/07/22,12.5,12.9,12.5,12.7
2016/07/25,12.7,12.8,12.6,12.6
2016/07/26,12.6,12.6,12.5,12.5
2016/07/27,12.6,12.8,12.6,12.7
2016/07/28,12.7,12.8,12.7,12.7
2016/07/29,12.7,12.7,12.6,12.7
2016/08/01,12.7,12.8,12.7,12.7
2016/08/02,12.8,12.8,12.7,12.7
2016/08/03,12.7,12.7,12.7,12.7
2016/08/04,12.8,12.8,12.7,12.8
2016/08/05,12.8,12.8,12.7,12.7
2016/08/08,12.8,12.8,12.7,12.8
2016/08/09,13.0,13.1,12.9,13.1
2016/08/10,13.1,13.1,12.9,12.9
2016/08/11,13.0,13.1,12.9,13.0
2016/08/12,13.0,13.0,12.9,12.9
2016/08/15,12.9,13.0,12.6,12.8
2016/08/16,12.8,12.9,12.8,12.8
2016/08/17,12.8,13.2,12.7,13.2
2016/08/18,13.2,13.6,13.1,13.5
2016/08/19,13.5,13.5,13.2,13.3
2016/08/22,13.3,13.3,13.0,13.0
2016/08/23,13.0,13.1,13.0,13.1
2016/08/24,13.3,13.4,13.2,13.2
2016/08/25,13.2,13.2,13.1,13.2
2016/08/26,13.3,13.8,13.3,13.7
2016/08/29,13.8,14.0,13.7,13.8
2016/08/30,13.8,13.8,13.6,13.6
2016/08/31,13.6,13.6,13.5,13.5
2016/09/01,13.5,13.5,13.4,13.4
2016/09/02,13.4,13.7,13.4,13.5
2016/09/05,13.6,13.6,13.4,13.5
2016/09/06,13.5,13.5,13.4,13.4
2016/09/07,13.4,13.8,13.4,13.7
2016/09/08,13.7,15.1,13.6,14.8
2016/09/09,14.9,15.1,14.7,15.0
2016/09/12,14.9,15.5,14.8,15.1
2016/09/13,15.0,15.1,14.6,14.7
2016/09/14,14.8,15.5,14.7,15.0
2016/09/19,15.2,16.2,15.2,15.9
2016/09/20,16.1,16.7,15.8,16.0
2016/09/21,16.1,16.3,16.0,16.1
2016/09/22,16.4,16.4,15.5,15.8
2016/09/23,16.0,16.2,15.9,16.0
2016/09/26,16.0,16.0,15.6,15.7
2016/09/29,16.0,16.0,15.5,15.5
2016/09/30,15.5,15.6,15.0,15.2
2016/10/03,15.3,15.5,14.9,15.4
2016/10/04,15.4,15.6,15.3,15.6
2016/10/05,15.6,15.6,15.2,15.2
2016/10/06,15.2,16.2,15.2,16.0
2016/10/07,16.0,16.8,15.4,15.6
2016/10/11,15.7,15.7,14.7,15.0
2016/10/12,14.5,14.9,14.1,14.6
2016/10/13,14.5,14.8,14.3,14.4
2016/10/14,14.3,14.5,14.0,14.2
2016/10/17,14.3,14.5,14.0,14.4
2016/10/18,14.5,14.7,14.3,14.6
2016/10/19,14.6,14.7,14.5,14.6
2016/10/20,14.7,14.7,14.4,14.5
2016/10/21,14.5,14.7,14.5,14.5
2016/10/24,14.5,15.2,14.5,14.9
2016/10/25,14.9,14.9,14.7,14.7
2016/10/26,14.6,14.7,14.5,14.6
2016/10/27,14.6,14.7,14.5,14.6
2016/10/28,14.5,14.8,14.4,14.5
2016/10/31,14.5,14.5,14.2,14.3
2016/11/01,14.3,14.4,14.3,14.3
2016/11/02,14.2,14.4,14.1,14.1
2016/11/03,14.0,14.2,13.9,13.9
2016/11/04,14.0,14.0,13.8,13.8
2016/11/07,13.9,13.9,13.7,13.8
2016/11/08,13.9,14.1,13.9,13.9
2016/11/09,14.1,14.2,13.2,13.5
2016/11/10,13.6,13.9,13.6,13.8
2016/11/11,13.6,13.8,13.6,13.6
2016/11/14,13.6,14.1,13.6,14.0
2016/11/15,13.9,14.1,13.8,14.0
2016/11/16,14.1,14.1,13.9,13.9
2016/11/17,13.9,14.0,13.8,13.9
2016/11/18,13.9,14.1,13.8,14.0
2016/11/21,14.1,14.1,13.8,13.8
2016/11/22,13.8,14.3,13.8,14.3
2016/11/23,14.2,14.5,14.1,14.4
2016/11/24,14.5,15.0,14.5,14.9
2016/11/25,15.0,15.0,14.7,14.9
2016/11/28,14.9,15.0,14.8,14.9
2016/11/29,14.9,14.9,14.7,14.7
2016/11/30,14.7,14.8,14.7,14.8
2016/12/01,14.8,14.8,14.7,14.7
2016/12/02,14.7,14.7,14.5,14.5
2016/12/05,14.5,14.5,14.4,14.5
2016/12/06,14.7,14.7,14.5,14.6
2016/12/07,14.6,14.6,14.5,14.5
2016/12/08,14.5,14.7,14.5,14.6
2016/12/09,14.7,15.4,14.7,15.1
2016/12/12,15.3,15.4,15.0,15.0
2016/12/13,14.9,15.0,14.8,14.9
2016/12/14,15.0,15.0,14.8,14.9
2016/12/15,14.9,14.9,14.8,14.8
2016/12/16,14.9,15.1,14.8,14.8
2016/12/19,14.9,15.0,14.6,14.7
2016/12/20,14.7,14.8,14.5,14.6
2016/12/21,14.8,15.5,14.8,15.0
2016/12/22,15.0,15.1,14.8,14.8
2016/12/23,14.9,14.9,14.8,14.8
2016/12/26,15.0,15.0,14.7,14.8
2016/12/27,14.8,14.8,14.7,14.7
2016/12/28,14.8,14.8,14.7,14.8
2016/12/29,14.8,14.9,14.7,14.8
2016/12/30,14.8,14.9,14.8,14.8
2017/01/03,14.8,14.8,14.7,14.7
2017/01/04,14.7,14.8,14.6,14.8
2017/01/05,14.9,15.0,14.8,14.8
2017/01/06,14.8,15.2,14.8,15.0
2017/01/09,15.0,15.0,14.9,14.9
2017/01/10,14.8,15.0,14.7,14.8
2017/01/11,14.7,14.8,14.5,14.8
2017/01/12,14.8,14.8,14.6,14.8
2017/01/13,14.8,14.8,14.7,14.7
2017/01/16,14.7,14.7,14.5,14.5
2017/01/17,14.5,14.8,14.5,14.6
2017/01/18,14.5,14.7,14.5,14.6
2017/01/19,14.7,14.7,14.5,14.5
2017/01/20,14.5,14.7,14.5,14.5
2017/01/23,14.7,14.8,14.7,14.7
2017/01/24,14.7,14.9,14.6,14.9
2017/02/02,15.1,15.5,15.1,15.2
2017/02/03,15.2,15.2,15.0,15.0
2017/02/06,15.2,15.4,15.2,15.3
2017/02/07,15.4,15.4,15.2,15.2
2017/02/08,15.3,15.3,15.2,15.2
2017/02/09,15.2,15.2,14.9,15.0
2017/02/10,15.1,15.2,15.0,15.0
2017/02/13,15.0,15.0,14.5,14.6
2017/02/14,14.5,14.8,14.5,14.6
2017/02/15,14.6,14.8,14.6,14.8
2017/02/16,14.8,14.8,14.7,14.7
2017/02/17,14.7,14.8,14.6,14.8
2017/02/20,14.8,14.8,14.7,14.8
2017/02/21,14.8,14.8,14.7,14.8
2017/02/22,14.8,14.8,14.7,14.8
2017/02/23,14.7,14.7,14.6,14.6
2017/02/24,14.6,14.6,14.4,14.5
2017/03/01,14.4,14.6,14.4,14.5
2017/03/02,14.5,14.5,14.3,14.4
2017/03/03,14.4,14.5,14.4,14.4
2017/03/06,14.5,14.5,14.2,14.3
2017/03/07,14.2,14.3,14.2,14.3
2017/03/08,14.3,14.4,14.3,14.3
2017/03/09,14.3,14.3,14.2,14.3
2017/03/10,14.2,14.2,14.0,14.2
2017/03/13,14.3,14.3,14.2,14.2
2017/03/14,14.3,14.3,14.2,14.2
2017/03/15,14.1,14.3,14.1,14.3
2017/03/16,14.3,14.3,14.2,14.3
2017/03/17,14.1,14.3,14.1,14.1
2017/03/20,14.3,14.5,14.2,14.3
2017/03/21,14.2,14.4,14.2,14.2
2017/03/22,14.2,14.2,13.9,14.0
2017/03/23,14.1,14.3,14.1,14.3
2017/03/24,14.4,14.4,14.2,14.4
2017/03/27,14.4,14.4,14.1,14.1
2017/03/28,14.1,14.1,14.0,14.0
2017/03/29,14.0,14.1,14.0,14.1
2017/03/30,14.1,14.1,14.0,14.0
2017/03/31,14.1,14.1,14.0,14.0
2017/04/05,14.1,14.3,14.0,14.3
2017/04/06,14.3,14.3,14.1,14.2
2017/04/07,14.3,14.3,14.0,14.1
2017/04/10,14.3,14.4,14.3,14.4
2017/04/11,14.5,14.6,14.4,14.4
2017/04/12,14.4,14.4,14.3,14.3
2017/04/13,14.5,14.7,14.4,14.5
2017/04/14,14.5,14.5,14.3,14.3
2017/04/17,14.3,14.3,14.0,14.2
2017/04/18,14.4,14.4,14.0,14.3
2017/04/19,14.3,14.6,14.2,14.4
2017/04/20,14.5,14.5,14.2,14.3
2017/04/21,14.3,14.5,14.3,14.4
2017/04/24,14.4,14.5,14.3,14.3
2017/04/25,14.4,14.6,14.4,14.4
2017/04/26,14.4,14.4,14.3,14.3
2017/04/27,14.3,14.6,14.3,14.5
2017/04/28,14.5,14.5,14.3,14.3
2017/05/02,14.3,14.4,14.3,14.3
2017/05/03,14.4,14.4,14.3,14.4
2017/05/04,14.3,14.4,14.3,14.4
2017/05/05,14.4,14.5,14.3,14.4
2017/05/08,14.4,14.4,14.2,14.3
2017/05/09,14.3,14.5,14.1,14.2
2017/05/10,14.2,14.3,14.1,14.3
2017/05/11,14.1,14.1,13.8,13.9
2017/05/12,13.9,13.9,13.8,13.9
2017/05/15,14.0,14.0,13.8,13.9
2017/05/16,13.9,14.0,13.9,13.9
2017/05/17,13.9,13.9,13.7,13.8
2017/05/18,13.7,13.8,13.6,13.8
2017/05/19,13.7,13.9,13.7,13.8
2017/05/22,13.9,14.0,13.8,13.9
2017/05/23,13.9,14.0,13.9,13.9
2017/05/24,13.9,14.0,13.9,13.9
2017/05/25,14.0,14.1,13.9,13.9
2017/05/26,13.9,14.0,13.9,14.0
2017/05/31,14.0,14.0,13.9,14.0
2017/06/01,14.0,14.1,14.0,14.0
2017/06/02,14.0,14.1,14.0,14.0
2017/06/05,14.3,14.3,14.1,14.3
2017/06/06,14.3,14.3,14.1,14.1
2017/06/07,14.2,14.2,14.0,14.1
2017/06/08,14.0,14.1,14.0,14.1
2017/06/09,14.1,14.5,14.0,14.3
2017/06/12,14.3,14.3,14.1,14.1
2017/06/13,14.1,14.1,14.1,14.1
2017/06/14,14.2,14.2,13.9,14.0
2017/06/15,13.9,14.0,13.9,13.9
2017/06/16,13.9,14.1,13.9,14.1
2017/06/19,14.0,14.1,14.0,14.1
2017/06/20,14.1,14.2,14.1,14.1
2017/06/21,14.1,14.4,14.1,14.3
2017/06/22,14.4,14.4,14.3,14.3
2017/06/23,14.3,14.4,14.2,14.4
2017/06/26,14.5,14.6,14.3,14.4
2017/06/27,14.4,14.4,14.3,14.3
2017/06/28,14.3,14.4,14.3,14.3
2017/06/29,14.4,14.4,14.3,14.3
2017/06/30,14.3,14.3,14.2,14.2
2017/07/03,14.3,14.3,14.2,14.3
2017/07/04,14.4,14.5,14.3,14.3
2017/07/05,14.3,14.4,14.3,14.3
2017/07/06,14.3,14.4,14.3,14.4
2017/07/07,14.3,14.4,14.3,14.4
2017/07/10,14.5,14.5,14.4,14.4
2017/07/11,14.5,14.5,14.4,14.5
2017/07/12,14.5,14.5,14.4,14.4
2017/07/13,14.5,14.5,14.3,14.4
2017/07/14,14.4,14.4,14.3,14.4
2017/07/17,14.4,14.5,14.3,14.4
2017/07/18,14.5,14.5,14.3,14.3
2017/07/19,14.4,14.4,14.3,14.3
2017/07/20,14.4,14.4,14.3,14.3
2017/07/21,13.7,13.8,13.7,13.8
2017/07/24,13.8,14.0,13.7,13.8
2017/07/25,13.8,13.9,13.6,13.6
2017/07/26,13.6,13.6,13.5,13.6
2017/07/27,13.6,13.6,13.6,13.6
2017/07/28,13.6,13.6,13.5,13.6
2017/07/31,13.7,14.8,13.7,14.3
2017/08/01,14.3,14.3,14.0,14.2
2017/08/02,14.2,14.5,14.2,14.2
2017/08/03,14.2,15.6,14.2,15.6
2017/08/04,16.2,16.7,15.9,16.0
2017/08/07,16.0,16.0,15.3,15.7
2017/08/08,15.7,16.2,15.6,15.7
2017/08/09,15.7,15.7,15.3,15.4
2017/08/10,15.2,15.2,14.5,14.7
2017/08/11,14.5,15.4,14.5,15.3
2017/08/14,15.4,15.8,15.0,15.3
2017/08/15,15.3,15.5,15.0,15.2
2017/08/16,15.5,16.2,15.5,15.5
2017/08/17,15.5,15.8,15.3,15.6
2017/08/18,15.7,16.8,15.5,16.8
2017/08/21,17.2,18.1,16.9,17.0
2017/08/22,16.8,17.3,16.3,16.4
2017/08/23,16.7,16.9,16.4,16.8
2017/08/24,16.9,17.5,16.9,17.2
2017/08/25,17.6,17.6,17.0,17.2
2017/08/28,17.4,18.9,17.4,18.6
2017/08/29,18.6,18.6,18.0,18.5
2017/08/30,18.8,20.1,18.7,19.6
2017/08/31,19.8,20.4,19.2,19.7
2017/09/01,19.6,19.8,19.3,19.5
2017/09/04,19.5,20.1,19.1,19.3
2017/09/05,19.6,19.6,19.1,19.3
2017/09/06,19.3,19.7,18.9,18.9
2017/09/07,19.0,19.4,18.7,18.7
2017/09/08,18.7,18.8,18.3,18.4
2017/09/11,18.4,18.6,17.9,18.6
2017/09/12,18.8,19.6,18.6,19.4
2017/09/13,19.3,19.3,18.7,18.9
2017/09/14,18.7,19.0,18.6,18.8
2017/09/15,18.8,19.1,18.8,18.9
2017/09/18,19.0,19.0,18.6,18.6
2017/09/19,18.6,18.8,17.9,17.9
2017/09/20,17.9,18.1,17.5,17.8
2017/09/21,17.6,18.3,17.6,18.0
2017/09/22,18.1,18.1,17.6,17.6
2017/09/25,17.7,17.7,16.8,17.0
2017/09/26,17.0,17.2,16.6,16.7
2017/09/27,16.6,16.8,16.5,16.7
2017/09/28,17.0,17.1,16.5,16.7
2017/09/29,16.7,16.7,16.3,16.4
2017/10/02,17.4,17.4,17.1,17.2
2017/10/03,17.3,17.6,17.2,17.2
2017/10/05,17.3,17.6,17.2,17.3
2017/10/06,17.5,17.5,16.9,17.0
2017/10/11,17.4,17.4,16.8,16.9
2017/10/12,16.8,17.1,16.8,17.1
2017/10/13,17.2,17.2,16.8,16.9
2017/10/16,16.9,17.6,16.9,17.6
2017/10/17,17.8,17.8,17.0,17.2
2017/10/18,17.4,17.4,16.7,16.8
2017/10/19,17.0,17.0,16.8,16.9
2017/10/20,16.8,16.9,16.4,16.5
2017/10/23,16.5,16.8,16.3,16.4
2017/10/24,16.4,16.5,16.3,16.4
2017/10/25,16.5,16.6,16.4,16.4
2017/10/26,16.4,16.5,16.3,16.5
2017/10/27,16.7,16.7,16.2,16.2
2017/10/30,16.2,16.3,15.7,15.8
2017/10/31,15.8,16.0,15.7,15.9
2017/11/01,16.0,16.0,15.8,15.9
2017/11/02,15.9,16.0,15.9,16.0
2017/11/03,16.0,16.0,15.7,15.8
2017/11/06,16.0,16.0,15.6,15.6
2017/11/07,15.7,15.8,15.7,15.7
2017/11/08,15.7,15.9,15.6,15.8
2017/11/09,15.9,16.1,15.7,15.7
2017/11/10,15.8,17.3,15.8,17.3
2017/11/13,17.0,17.1,16.4,16.6
2017/11/14,16.6,16.7,16.3,16.4
2017/11/15,16.4,17.3,16.4,16.8
2017/11/16,16.8,16.9,16.3,16.4
2017/11/17,16.5,16.6,16.4,16.4
2017/11/20,16.4,16.6,16.1,16.1
2017/11/21,16.1,16.5,16.1,16.3
2017/11/22,16.5,16.9,16.4,16.5
2017/11/23,16.5,16.7,16.4,16.6
2017/11/24,16.7,16.7,16.4,16.6
2017/11/27,16.5,16.7,16.4,16.4
2017/11/28,16.4,16.9,16.4,16.7
2017/11/29,16.7,17.7,16.7,17.2
2017/11/30,17.3,18.0,17.0,17.6
2017/12/01,17.9,18.0,16.7,16.9
2017/12/04,17.1,17.1,16.8,16.9
2017/12/05,17.1,17.1,16.4,16.4
2017/12/06,16.4,16.6,16.2,16.2
2017/12/07,16.2,16.4,16.1,16.2
2017/12/08,16.2,16.4,15.9,16.0
2017/12/11,15.9,16.0,15.7,15.7
2017/12/12,15.7,16.0,15.7,15.8
2017/12/13,15.8,16.2,15.8,16.0
2017/12/14,16.2,16.4,16.0,16.0
2017/12/15,16.0,16.0,15.9,16.0
2017/12/18,16.2,16.2,15.9,16.0
2017/12/19,16.0,16.1,15.9,16.0
2017/12/20,16.0,16.0,16.0,16.0
2017/12/21,16.1,16.2,16.0,16.2
2017/12/22,16.2,17.0,16.2,16.5
2017/12/25,16.4,16.8,16.4,16.7
2017/12/26,16.9,17.0,16.3,16.3
2017/12/27,16.3,16.5,16.2,16.3
2017/12/28,16.3,16.9,16.3,16.9
2017/12/29,16.9,17.9,16.7,17.2
2018/01/02,17.4,17.5,16.8,17.3
2018/01/03,17.3,17.5,17.0,17.4
2018/01/04,17.4,18.0,17.3,17.4
2018/01/05,17.4,17.9,17.3,17.6
2018/01/08,17.6,18.5,17.5,18.3
2018/01/09,18.4,18.6,17.9,18.3
2018/01/10,18.3,18.3,17.9,18.0
2018/01/11,18.4,18.8,18.1,18.1
2018/01/12,18.1,18.4,17.8,18.1
2018/01/16,19.3,19.4,18.3,18.4
2018/01/17,18.3,18.6,18.2,18.6
2018/01/18,18.8,18.8,18.2,18.2
2018/01/19,18.2,18.3,17.8,17.9
2018/01/22,17.6,17.9,17.5,17.9
2018/01/23,17.9,18.0,17.5,17.5
2018/01/24,17.5,17.7,17.5,17.6
2018/01/25,17.6,17.6,17.1,17.1
2018/01/26,17.1,17.6,17.1,17.4
2018/01/29,17.3,17.4,17.2,17.3
2018/01/30,17.3,17.4,17.1,17.1
2018/01/31,17.1,17.5,16.9,17.4
2018/02/01,17.5,17.8,17.3,17.6
2018/02/02,17.6,17.6,17.4,17.4
2018/02/05,17.1,17.7,17.0,17.4
2018/02/06,17.1,17.3,15.7,16.4
2018/02/07,16.9,16.9,16.4,16.5
2018/02/08,16.5,16.8,16.4,16.7
2018/02/09,15.7,16.7,15.7,16.6
2018/02/12,16.8,17.1,16.5,17.1
2018/02/21,17.3,17.5,17.3,17.3
2018/02/22,17.4,17.7,17.3,17.6
2018/02/23,17.6,17.7,17.4,17.5
2018/02/26,17.6,17.7,17.4,17.5
2018/02/27,17.7,17.7,17.5,17.5
2018/03/01,17.4,17.6,17.3,17.5
2018/03/02,17.4,17.7,17.4,17.5
2018/03/05,17.4,17.4,17.2,17.2
2018/03/06,17.2,17.4,17.2,17.2
2018/03/07,17.2,17.3,17.0,17.2
2018/03/08,17.3,17.4,17.2,17.2
2018/03/09,17.2,17.4,17.2,17.4
2018/03/12,17.6,17.7,17.6,17.7
2018/03/13,17.8,17.8,17.6,17.6
2018/03/14,17.6,17.6,17.5,17.6
2018/03/15,17.6,17.8,17.6,17.8
2018/03/16,17.9,18.7,17.9,18.2
2018/03/19,18.2,18.4,18.1,18.2
2018/03/20,18.0,18.4,18.0,18.1
2018/03/21,18.2,18.5,18.1,18.1
2018/03/22,18.1,18.2,17.9,18.0
2018/03/23,17.7,17.8,17.5,17.6
2018/03/26,17.5,17.9,17.2,17.7
2018/03/27,18.0,19.5,18.0,19.5
2018/03/28,19.5,20.2,19.1,19.1
2018/03/29,19.4,21.0,19.3,21.0
2018/03/30,21.3,22.9,21.1,21.6
2018/04/02,21.9,21.9,21.4,21.5
2018/04/03,21.4,23.6,21.2,23.6
2018/04/09,25.6,26.0,24.2,26.0
2018/04/10,26.0,26.7,23.4,23.4
2018/04/11,23.4,24.1,21.6,22.5
2018/04/12,22.3,22.4,21.4,21.4
2018/04/13,21.9,22.0,20.7,20.8
2018/04/16,21.2,22.5,21.0,21.7
2018/04/17,21.5,21.6,20.8,20.9
2018/04/18,21.3,22.3,21.1,21.8
2018/04/19,21.6,23.4,21.3,22.7
2018/04/20,22.8,25.0,22.3,24.0
2018/04/23,24.7,25.2,23.5,24.0
2018/04/24,24.0,24.5,22.3,22.8
2018/04/25,22.3,24.5,22.3,24.0
2018/04/26,24.0,24.5,21.7,22.0
2018/04/27,22.0,22.8,21.1,22.6
2018/04/30,22.4,23.8,22.0,22.2
2018/05/02,21.8,21.8,20.0,20.1
2018/05/03,19.7,20.6,19.5,20.6
2018/05/04,20.6,20.7,20.2,20.4
2018/05/07,20.5,20.7,20.2,20.2
2018/05/08,20.5,20.7,20.0,20.0
2018/05/09,20.1,21.3,19.8,20.5
2018/05/10,20.5,20.8,20.0,20.2
2018/05/11,20.1,21.0,20.0,20.4
2018/05/14,20.5,20.7,20.1,20.1
2018/05/15,20.5,21.2,20.4,20.4
2018/05/16,20.5,20.8,20.2,20.3
2018/05/17,20.6,20.6,19.8,19.9
2018/05/18,19.9,20.1,19.7,19.7
2018/05/21,19.8,20.0,19.6,20.0
2018/05/22,20.0,20.2,19.8,19.8
2018/05/23,19.8,19.9,19.5,19.5
2018/05/24,19.7,20.0,19.5,19.6
2018/05/25,19.8,19.8,18.9,18.9
2018/05/28,18.9,18.9,18.3,18.4
2018/05/29,18.6,19.3,18.6,18.6
2018/05/30,18.6,19.0,18.5,18.6
2018/05/31,18.6,18.8,18.4,18.4
2018/06/01,18.4,19.1,18.3,18.9
2018/06/04,19.2,19.2,18.7,18.9
2018/06/05,18.8,19.0,18.5,18.5
2018/06/06,18.6,18.7,18.4,18.6
2018/06/07,18.7,18.9,18.6,18.7
2018/06/08,18.7,18.8,18.5,18.5
2018/06/11,18.6,19.0,18.5,18.8
2018/06/12,19.0,19.0,18.5,18.5
2018/06/13,18.6,20.1,18.6,19.1
2018/06/14,19.4,19.6,18.6,18.6
2018/06/15,18.7,19.0,18.6,18.6
2018/06/19,18.7,19.4,18.6,18.7
2018/06/20,18.8,19.0,18.6,18.7
2018/06/21,19.1,19.2,18.8,18.8
2018/06/22,18.8,18.8,18.4,18.4
2018/06/25,18.4,18.6,18.1,18.1
2018/06/26,18.0,18.0,17.5,17.7
2018/06/27,18.8,19.5,18.7,19.5
2018/06/28,19.3,19.3,18.8,19.2
2018/06/29,19.0,19.8,19.0,19.0
2018/07/02,19.0,19.2,18.6,18.7
2018/07/03,18.9,18.9,18.0,18.0
2018/07/04,18.0,18.4,17.8,18.3
2018/07/05,18.4,18.4,17.8,17.8
2018/07/06,18.0,18.0,17.7,18.0
2018/07/09,18.1,18.1,17.8,17.9
2018/07/10,18.8,18.8,18.1,18.3
2018/07/11,18.5,18.5,18.0,18.0
2018/07/12,18.1,18.2,18.0,18.2
2018/07/13,18.3,18.6,18.2,18.5
2018/07/16,18.7,18.9,18.5,18.5
2018/07/17,18.7,18.7,18.1,18.1
2018/07/18,18.2,18.3,18.0,18.3
2018/07/19,18.0,18.1,17.9,18.0
2018/07/20,18.2,18.2,17.8,17.9
2018/07/23,18.0,18.1,17.8,17.9
2018/07/24,17.9,18.1,17.9,18.0
2018/07/25,18.1,18.3,18.0,18.0
2018/07/26,18.2,18.2,18.0,18.0
2018/07/27,18.0,18.2,18.0,18.1
2018/07/30,18.1,18.8,18.1,18.3
2018/07/31,18.4,18.4,18.2,18.4
2018/08/01,18.4,18.6,18.4,18.4
2018/08/02,18.4,18.6,18.2,18.3
2018/08/03,18.4,18.7,18.4,18.6
2018/08/06,18.7,19.5,18.7,19.4
2018/08/07,19.5,19.7,19.0,19.0
2018/08/08,18.9,19.1,18.6,18.6
2018/08/09,18.6,18.8,18.6,18.7
2018/08/10,18.8,18.8,18.6,18.6
2018/08/13,18.4,18.4,17.1,17.9
2018/08/14,17.8,18.1,17.7,17.9
2018/08/15,18.1,18.1,17.6,17.9
2018/08/16,17.9,18.1,17.7,18.0
2018/08/17,18.0,18.2,17.9,18.2
2018/08/20,18.2,18.2,17.6,17.8
2018/08/21,17.8,18.1,17.8,17.8
2018/08/22,17.9,17.9,17.9,17.9
2018/08/23,18.0,18.8,18.0,18.3
2018/08/24,18.3,18.5,17.9,18.1
2018/08/27,18.2,18.3,18.2,18.2
2018/08/28,18.4,18.5,18.3,18.3
2018/08/29,18.3,18.6,18.2,18.3
2018/08/30,18.4,18.5,18.3,18.3
2018/08/31,18.4,18.6,18.3,18.4
2018/09/03,18.4,18.5,18.2,18.3
2018/09/04,18.3,18.4,18.3,18.3
2018/09/05,18.3,18.6,18.2,18.5
2018/09/06,18.3,18.3,18.2,18.2
2018/09/07,18.2,18.8,18.1,18.2
2018/09/10,18.3,18.3,17.9,17.9
2018/09/11,18.2,18.9,18.2,18.4
2018/09/12,18.6,19.1,18.0,18.2
2018/09/13,18.2,18.6,18.1,18.5
2018/09/14,18.6,18.6,18.5,18.5
2018/09/17,18.5,18.6,18.2,18.4
2018/09/18,18.8,20.2,18.8,20.2
2018/09/19,20.1,20.8,19.7,20.8
2018/09/20,20.7,20.8,20.2,20.2
2018/09/21,20.0,20.7,20.0,20.1
2018/09/25,20.3,21.4,20.0,20.5
2018/09/26,20.5,20.8,19.7,19.9
2018/09/27,19.8,20.2,19.6,19.8
2018/09/28,19.9,20.0,19.2,19.2
2018/10/01,19.3,20.2,19.3,20.1
2018/10/02,20.5,21.2,20.1,20.1
2018/10/03,20.2,20.5,19.6,19.7
2018/10/04,19.6,20.0,19.4,19.8
2018/10/05,19.9,19.9,18.4,18.6
2018/10/08,18.3,18.8,18.3,18.4
2018/10/09,18.6,18.6,17.8,17.8
2018/10/11,16.7,16.7,16.0,16.0
2018/10/12,15.5,16.0,15.4,16.0
2018/10/15,15.8,16.1,15.7,16.0
2018/10/16,15.8,16.1,15.8,15.8
2018/10/17,16.0,16.2,15.8,15.8
2018/10/18,15.8,16.0,15.7,15.7
2018/10/19,15.5,15.6,14.5,15.3
2018/10/22,15.3,15.9,15.2,15.7
2018/10/23,15.4,15.7,15.3,15.3
2018/10/24,15.2,15.3,15.0,15.0
2018/10/25,14.5,14.7,14.1,14.1
2018/10/26,14.3,14.5,13.6,13.8
2018/10/29,14.0,14.2,13.6,13.9
2018/10/30,13.9,14.5,13.9,14.3
2018/10/31,14.5,14.9,14.5,14.8
2018/11/01,14.8,15.0,14.7,14.9
2018/11/02,15.0,15.4,14.8,15.2
2018/11/05,15.0,15.4,15.0,15.3
2018/11/06,15.4,15.6,15.2,15.2
2018/11/07,15.3,15.7,15.3,15.5
2018/11/08,15.7,15.7,15.5,15.5
2018/11/09,15.5,15.5,15.2,15.3
2018/11/12,15.2,15.3,15.0,15.1
2018/11/13,14.9,15.1,14.8,15.0
2018/11/14,15.0,15.7,15.0,15.4
2018/11/15,15.4,15.5,15.1,15.2
2018/11/16,15.3,15.5,15.2,15.4
2018/11/19,15.4,15.7,15.4,15.6
2018/11/20,15.5,15.8,15.3,15.7
2018/11/21,15.7,15.8,15.5,15.6
2018/11/22,15.6,15.9,15.6,15.7
2018/11/23,15.7,15.8,15.5,15.7
2018/11/26,15.7,15.9,15.5,15.6
2018/11/27,15.6,15.7,15.5,15.6
2018/11/28,15.6,15.8,15.6,15.7
2018/11/29,15.8,16.0,15.7,15.7
2018/11/30,15.6,15.8,15.4,15.7
2018/12/03,15.9,16.1,15.9,16.1
2018/12/04,16.1,16.1,15.8,15.8
2018/12/05,15.7,15.8,15.6,15.7
2018/12/06,15.7,15.8,15.3,15.3
2018/12/07,15.3,15.5,15.3,15.4
2018/12/10,15.3,15.4,15.1,15.2
2018/12/11,15.2,15.4,15.0,15.2
2018/12/12,15.3,15.4,15.2,15.3
2018/12/13,15.3,15.5,15.3,15.5
2018/12/14,15.4,15.5,15.4,15.5
2018/12/17,15.5,15.7,15.3,15.5
2018/12/18,15.6,15.9,15.5,15.7
2018/12/19,15.8,15.8,15.4,15.4
2018/12/20,15.4,15.5,15.1,15.1
2018/12/21,15.2,15.2,15.0,15.2
2018/12/24,16.0,16.3,15.8,16.0
2018/12/25,15.7,15.9,15.6,15.7
2018/12/26,15.9,15.9,15.3,15.3
2018/12/27,15.6,15.6,15.4,15.5
2018/12/28,15.6,15.7,15.5,15.6
2019/01/02,15.6,15.8,15.6,15.8
2019/01/03,15.9,15.9,15.2,15.3
2019/01/04,15.2,15.3,15.0,15.3
2019/01/07,15.3,15.8,15.3,15.7
2019/01/08,15.7,15.8,15.6,15.8
2019/01/09,15.9,16.0,15.8,15.9
2019/01/10,15.9,16.0,15.8,15.8
2019/01/11,16.0,16.0,15.7,15.8
2019/01/14,15.7,15.9,15.7,15.7
2019/01/15,15.7,15.9,15.7,15.8
2019/01/16,15.8,15.9,15.8,15.9
2019/01/17,15.9,15.9,15.7,15.7
2019/01/18,15.7,15.9,15.7,15.8
2019/01/21,16.0,16.0,15.5,16.0
2019/01/22,16.0,17.5,15.8,17.1
2019/01/23,17.1,17.7,17.1,17.4
2019/01/24,17.3,17.7,17.2,17.2
2019/01/25,17.2,17.5,17.2,17.2
2019/01/28,17.4,17.8,17.3,17.8
2019/01/29,18.0,18.4,17.9,18.0
2019/01/30,18.1,18.1,17.6,17.9
2019/02/11,18.0,19.0,18.0,18.5
2019/02/12,18.8,18.8,18.2,18.3
2019/02/13,18.5,18.5,18.0,18.0
2019/02/14,18.1,18.1,17.9,18.1
2019/02/15,18.1,18.1,17.9,18.1
2019/02/18,18.4,18.4,17.7,17.8
2019/02/19,17.8,18.2,17.8,18.1
2019/02/20,18.4,18.4,17.9,17.9
2019/02/21,17.9,18.2,17.9,18.1
2019/02/22,18.1,18.2,18.0,18.2
2019/02/25,18.1,18.3,18.1,18.3
2019/02/26,18.3,18.3,18.1,18.1
2019/02/27,18.0,18.3,18.0,18.3
2019/03/04,18.3,18.3,18.0,18.1
2019/03/05,18.1,18.2,18.1,18.1
2019/03/06,18.2,18.2,18.1,18.1
2019/03/07,18.2,18.7,18.2,18.4
2019/03/08,18.3,18.5,18.2,18.3
2019/03/11,18.4,18.4,18.2,18.3
2019/03/12,18.5,18.6,18.4,18.4
2019/03/13,18.4,18.4,18.2,18.4
2019/03/14,18.4,18.4,18.3,18.4
2019/03/15,18.4,18.6,18.4,18.5
2019/03/18,18.6,19.2,18.5,19.2
2019/03/19,19.0,19.5,19.0,19.3
2019/03/20,19.5,19.6,19.2,19.6
2019/03/21,19.6,19.8,19.5,19.5
2019/03/22,19.4,19.5,18.9,19.0
2019/03/25,19.0,19.6,19.0,19.3
2019/03/26,19.3,19.5,19.2,19.4
2019/03/27,19.5,19.5,19.4,19.5
2019/03/28,19.8,19.9,19.5,19.7
2019/03/29,19.8,20.0,19.5,19.9
2019/04/01,20.0,20.0,19.5,19.6
2019/04/02,19.6,19.6,19.3,19.6
2019/04/03,19.8,19.8,19.3,19.5
2019/04/08,19.4,19.5,19.3,19.3
2019/04/09,19.3,19.4,19.3,19.3
2019/04/10,19.4,19.4,19.0,19.1
2019/04/11,19.2,19.2,18.7,18.7
2019/04/12,18.6,18.8,18.6,18.8
2019/04/15,18.8,19.0,18.5,18.6
2019/04/16,18.5,18.6,18.3,18.3
2019/04/17,18.3,18.5,18.1,18.1
2019/04/18,18.1,18.3,18.0,18.1
2019/04/19,18.2,18.4,17.9,18.0
2019/04/22,18.1,18.1,17.9,17.9
2019/04/23,17.9,17.9,17.5,17.7
2019/04/24,17.6,17.7,17.5,17.5
2019/04/25,17.6,17.6,17.3,17.6
2019/04/26,17.6,17.6,17.3,17.4
2019/04/29,17.5,17.5,17.3,17.3
2019/04/30,17.3,17.3,17.1,17.3
2019/05/02,17.1,17.9,17.1,17.8
2019/05/03,18.0,18.0,17.5,17.9
2019/05/06,17.6,17.7,17.4,17.7
2019/05/07,17.5,17.8,17.5,17.6
2019/05/08,17.6,17.6,17.2,17.4
2019/05/09,17.4,17.4,17.2,17.4
2019/05/10,17.2,17.6,17.2,17.5
2019/05/13,18.0,18.1,17.7,17.9
2019/05/14,17.9,18.1,17.4,18.1
2019/05/15,18.1,18.4,18.1,18.4
2019/05/16,18.4,18.5,18.3,18.4
2019/05/17,18.7,19.0,18.4,18.6
2019/05/20,18.8,19.2,18.7,18.9
2019/05/21,18.9,19.1,18.8,18.8
2019/05/22,19.0,19.0,18.8,18.8
2019/05/23,19.0,19.0,18.8,18.9
2019/05/24,19.1,19.1,18.9,18.9
2019/05/27,18.8,19.1,18.8,19.0
2019/05/28,19.1,19.8,19.1,19.3
2019/05/29,19.2,19.3,19.1,19.2
2019/05/30,19.2,19.5,19.2,19.3
2019/05/31,19.4,19.6,19.3,19.4
2019/06/03,19.4,19.5,19.3,19.4
2019/06/04,19.3,19.7,19.3,19.6
2019/06/05,19.9,21.5,19.9,21.4
2019/06/06,22.0,22.5,21.7,22.3
2019/06/10,23.0,23.2,22.0,22.6
2019/06/11,22.5,22.6,21.9,22.2
2019/06/12,22.2,22.8,22.0,22.3
2019/06/13,22.5,22.5,22.0,22.4
2019/06/14,22.7,22.7,22.1,22.1
2019/06/17,22.0,22.0,20.9,21.1
2019/06/18,21.8,22.2,21.6,21.9
2019/06/19,21.9,21.9,21.5,21.9
2019/06/20,22.1,22.1,21.7,21.7
2019/06/21,21.9,21.9,21.1,21.3
2019/06/24,21.2,21.8,20.7,21.6
2019/06/25,21.4,21.8,21.3,21.3
2019/06/26,21.4,21.4,21.1,21.1
2019/06/27,21.0,21.4,20.9,21.2
2019/06/28,21.7,22.0,21.1,21.1
2019/07/01,21.4,21.5,21.0,21.2
2019/07/02,21.2,21.5,21.1,21.5
2019/07/03,21.5,21.7,21.2,21.6
2019/07/04,21.8,22.7,21.8,22.2
2019/07/05,22.1,22.6,22.0,22.3
2019/07/08,22.3,22.5,21.9,22.1
2019/07/09,22.2,22.5,22.2,22.4
2019/07/10,22.7,22.7,21.8,21.8
2019/07/11,22.3,22.7,22.1,22.6
2019/07/12,23.0,23.7,22.6,22.8
2019/07/15,22.4,22.7,22.1,22.6
2019/07/16,22.7,23.3,22.4,23.0
2019/07/17,23.3,23.4,22.9,23.0
2019/07/18,23.0,23.4,22.7,22.9
2019/07/19,23.1,24.0,22.8,23.9
2019/07/22,24.1,24.5,23.3,23.6
2019/07/23,23.6,23.6,22.9,22.9
2019/07/24,22.9,23.1,22.7,22.7
2019/07/25,22.9,23.0,22.5,22.6
2019/07/26,22.7,23.2,22.6,22.8
2019/07/29,22.9,22.9,22.1,22.2
2019/07/30,22.2,22.2,21.2,21.4
2019/07/31,21.3,21.4,20.8,21.1
2019/08/01,21.2,21.3,20.7,20.8
2019/08/02,20.6,20.6,19.8,20.0
2019/08/05,20.0,20.1,19.5,19.6
2019/08/06,18.8,19.3,18.6,19.0
2019/08/07,19.0,19.4,19.0,19.0
2019/08/08,19.3,19.3,19.2,19.3
2019/08/12,19.3,19.4,19.2,19.2
2019/08/13,19.2,19.2,19.0,19.0
2019/08/14,18.8,18.8,18.4,18.4
2019/08/15,18.0,18.5,17.9,18.3
2019/08/16,18.3,18.6,18.2,18.4
2019/08/19,18.5,18.8,18.4,18.8
2019/08/20,18.8,19.0,18.8,18.8
2019/08/21,19.0,19.6,18.9,19.3
2019/08/22,19.7,19.7,19.0,19.0
2019/08/23,18.9,19.2,18.9,19.0
2019/08/26,19.0,19.1,18.7,19.0
2019/08/27,19.0,19.8,19.0,19.5
2019/08/28,19.5,19.5,19.2,19.3
2019/08/29,19.3,19.3,19.1,19.1
2019/08/30,19.3,19.3,19.2,19.3
2019/09/02,19.3,19.4,19.3,19.3
2019/09/03,19.2,19.8,19.2,19.5
2019/09/04,19.6,19.7,19.5,19.5
2019/09/05,19.7,19.7,19.5,19.6
2019/09/06,19.6,20.5,19.5,20.3
2019/09/09,20.5,20.5,20.0,20.4
2019/09/10,20.4,20.4,20.2,20.3
2019/09/11,20.6,20.6,20.2,20.3
2019/09/12,20.2,20.4,20.2,20.2
2019/09/16,20.2,20.5,20.1,20.5
2019/09/17,20.5,20.5,20.2,20.3
2019/09/18,20.4,20.8,20.4,20.5
2019/09/19,20.5,21.0,20.5,21.0
2019/09/20,21.1,21.4,21.0,21.0
2019/09/23,21.0,21.6,21.0,21.5
2019/09/24,21.7,21.9,21.5,21.5
2019/09/25,21.4,21.7,21.3,21.5
2019/09/26,21.5,21.6,21.1,21.3
2019/09/27,21.3,21.6,21.3,21.4
2019/10/01,21.7,21.9,21.4,21.5
2019/10/02,21.5,21.6,21.3,21.6
2019/10/03,21.6,21.6,21.3,21.4
2019/10/04,21.4,21.5,21.2,21.2
2019/10/07,21.2,21.7,21.2,21.4
2019/10/08,21.5,21.5,21.3,21.4
2019/10/09,21.5,21.6,21.4,21.4
2019/10/14,21.5,21.7,21.5,21.5
2019/10/15,21.2,21.5,20.5,21.4
2019/10/16,21.6,21.6,21.2,21.4
2019/10/17,21.3,21.5,21.3,21.4
2019/10/18,21.4,21.5,20.9,20.9
2019/10/21,20.9,20.9,20.2,20.2
2019/10/22,20.2,20.8,20.2,20.4
2019/10/23,20.4,20.6,20.4,20.5
2019/10/24,20.6,20.7,20.3,20.5
2019/10/25,20.5,20.6,20.4,20.4
2019/10/28,20.5,20.7,20.4,20.5
2019/10/29,20.6,21.1,20.6,20.8
2019/10/30,21.1,21.5,21.1,21.2
2019/10/31,21.4,21.4,21.1,21.1
2019/11/01,21.1,21.2,20.9,21.1
2019/11/04,21.0,21.1,21.0,21.0
2019/11/05,21.2,21.2,21.0,21.1
2019/11/06,21.2,21.2,21.0,21.0
2019/11/07,21.1,21.5,21.1,21.2
2019/11/08,21.2,21.2,21.1,21.2
2019/11/11,21.2,21.4,21.1,21.1
2019/11/12,21.4,21.4,21.2,21.3
2019/11/13,21.3,21.8,21.3,21.6
2019/11/14,21.7,22.3,21.7,22.0
2019/11/15,22.2,22.8,21.9,21.9
2019/11/18,22.1,22.3,21.9,22.1
2019/11/19,22.1,22.1,21.9,22.1
2019/11/20,22.1,22.6,22.1,22.4
2019/11/21,22.4,22.5,22.2,22.3
2019/11/22,22.3,22.7,22.3,22.7
2019/11/25,23.0,23.2,22.6,22.8
2019/11/26,22.8,23.4,22.8,23.3
2019/11/27,23.3,23.7,23.1,23.7
2019/11/28,23.7,23.9,23.3,23.7
2019/11/29,23.8,23.8,23.5,23.5
2019/12/02,23.6,23.7,23.0,23.0
2019/12/03,22.6,23.5,22.6,23.3
2019/12/04,23.5,23.5,22.8,23.0
2019/12/05,23.1,23.1,22.7,22.8
2019/12/06,23.0,23.2,22.8,22.9
2019/12/09,23.0,23.4,23.0,23.3
2019/12/10,23.3,23.7,23.3,23.6
2019/12/11,24.5,24.5,23.9,24.0
2019/12/12,24.1,24.2,23.7,23.7
2019/12/13,23.7,24.0,23.7,23.7
2019/12/16,24.0,24.3,23.7,24.1
2019/12/17,24.5,24.5,24.0,24.3
2019/12/18,24.3,25.1,24.3,24.9
2019/12/19,24.9,24.9,24.5,24.5
2019/12/20,24.8,24.8,24.3,24.3
2019/12/23,24.4,24.8,24.3,24.3
2019/12/24,24.5,24.5,24.3,24.3
2019/12/25,24.5,24.5,23.8,24.0
2019/12/26,24.0,24.0,23.8,23.8
2019/12/27,24.0,24.1,23.8,23.8
2019/12/30,23.9,24.0,23.8,23.8
2019/12/31,23.8,24.5,23.8,24.0
2020/01/02,24.0,24.2,24.0,24.0
2020/01/03,24.1,24.1,23.3,23.4
2020/01/06,23.4,23.8,23.1,23.3
2020/01/07,23.3,23.3,23.0,23.2
2020/01/08,23.2,23.2,22.5,22.8
2020/01/09,22.9,23.4,22.8,23.4
2020/01/10,24.6,24.6,23.8,23.8
2020/01/13,24.4,24.5,23.8,23.8
2020/01/14,24.0,24.0,23.8,23.8
2020/01/15,23.8,24.0,23.3,23.4
2020/01/16,23.6,23.8,23.3,23.7
2020/01/17,24.0,24.8,24.0,24.2
2020/01/20,24.6,25.5,24.2,25.1
2020/01/30,23.7,24.6,23.3,24.0
2020/01/31,24.2,24.9,23.9,24.8
2020/02/03,24.1,24.5,23.7,24.1
2020/02/04,24.2,25.4,24.1,25.0
2020/02/05,25.1,25.2,24.5,24.8
2020/02/06,25.2,26.9,25.2,25.6
2020/02/07,25.5,26.2,25.0,25.9
2020/02/10,25.8,26.6,25.5,26.4
2020/02/11,26.4,26.5,25.7,25.9
2020/02/12,26.4,26.9,25.7,26.0
2020/02/13,25.7,25.9,25.3,25.5
2020/02/14,25.5,25.9,25.5,25.6
2020/02/17,25.5,25.9,25.2,25.3
2020/02/18,25.3,25.7,25.2,25.2
2020/02/19,25.4,25.4,25.0,25.1
2020/02/20,25.2,25.6,25.0,25.1
2020/02/21,25.1,25.1,24.4,24.6
2020/02/24,24.5,24.7,24.1,24.6
2020/02/25,24.3,24.7,24.0,24.6
2020/02/26,24.3,25.4,24.3,25.1
2020/02/27,25.4,25.4,24.1,24.1
2020/03/02,23.2,24.8,23.2,24.5
2020/03/03,24.8,25.2,24.7,24.8
2020/03/04,24.7,25.3,24.7,25.2
2020/03/05,25.2,25.5,25.2,25.4
2020/03/06,25.4,25.9,25.1,25.7
2020/03/09,25.7,25.7,24.8,25.1
2020/03/10,24.3,25.0,24.3,25.0
2020/03/11,24.5,25.1,24.3,24.3
2020/03/12,24.3,24.3,22.3,22.8
2020/03/13,20.5,21.3,20.5,21.0
2020/03/16,21.2,21.3,19.8,20.0
2020/03/17,18.5,19.8,18.5,18.7
2020/03/18,19.0,19.3,18.2,18.3
2020/03/19,17.8,17.8,16.5,16.5
2020/03/20,16.7,17.9,16.7,17.7
2020/03/23,16.8,17.5,16.2,17.5
2020/03/24,17.9,18.7,17.5,18.7
2020/03/25,19.1,19.8,19.1,19.5
2020/03/26,19.7,19.9,18.9,19.7
2020/03/27,20.5,20.6,19.8,19.9
2020/03/30,19.5,20.0,19.1,20.0
2020/03/31,20.4,20.6,20.0,20.1
2020/04/01,20.1,21.1,19.7,20.8
2020/04/06,20.8,21.1,20.5,21.0
2020/04/07,21.0,21.7,21.0,21.6
2020/04/08,21.6,22.4,21.5,22.3
2020/04/09,22.4,22.6,22.0,22.5
2020/04/10,22.1,22.6,21.9,21.9
2020/04/13,21.9,21.9,21.3,21.3
2020/04/14,21.5,21.7,21.2,21.6
2020/04/15,21.7,21.7,21.3,21.4
2020/04/16,21.4,21.4,21.2,21.2
2020/04/17,21.6,21.7,21.0,21.1
2020/04/20,21.1,21.1,20.7,20.8
2020/04/21,20.8,20.9,20.0,20.0
2020/04/22,19.4,20.2,19.4,20.2
2020/04/23,20.2,20.4,20.1,20.2
2020/04/24,20.3,20.3,20.0,20.0
2020/04/27,20.4,20.7,20.0,20.5
2020/04/28,20.9,21.0,20.5,20.5
2020/04/29,20.7,21.2,20.7,21.1
2020/04/30,21.4,22.4,21.3,22.0
2020/05/04,21.6,21.9,21.2,21.5
2020/05/05,22.1,23.6,21.9,23.5
2020/05/06,23.6,24.0,22.9,23.2
2020/05/07,23.3,23.4,22.9,23.3
2020/05/08,23.4,23.7,23.2,23.3
2020/05/11,23.5,23.6,23.2,23.2
2020/05/12,23.4,23.5,22.5,22.6
2020/05/13,22.7,23.1,22.5,22.7
2020/05/14,22.7,23.0,22.0,22.2
2020/05/15,21.9,22.4,21.2,21.4
2020/05/18,21.3,21.4,20.9,21.4
2020/05/19,21.6,21.7,21.3,21.5
2020/05/20,21.6,21.9,21.4,21.7
2020/05/21,21.5,22.2,21.5,21.9
2020/05/22,22.0,22.0,21.0,21.1
2020/05/25,21.2,21.2,20.6,20.7
2020/05/26,20.9,21.0,20.3,20.7
2020/05/27,20.7,21.4,20.7,21.3
2020/05/28,21.4,22.0,21.2,21.4
2020/05/29,21.4,22.1,21.4,21.9
2020/06/01,21.9,21.9,21.7,21.8
2020/06/02,21.8,21.8,21.3,21.4
2020/06/03,21.7,22.2,21.6,21.6
2020/06/04,21.7,21.9,21.5,21.6
2020/06/05,21.9,22.5,21.9,22.2
2020/06/08,22.5,22.5,22.1,22.2
2020/06/09,22.3,22.4,22.0,22.0
2020/06/10,22.1,22.4,21.9,21.9
2020/06/11,22.2,22.9,22.1,22.1
2020/06/12,21.5,22.0,21.2,21.9
2020/06/15,22.3,23.6,22.1,23.0
2020/06/16,23.2,24.0,22.9,24.0
2020/06/17,24.8,24.8,23.6,23.8
2020/06/18,23.8,23.8,23.2,23.3
2020/06/19,23.4,23.8,23.3,23.3
2020/06/22,23.3,23.5,23.0,23.1
2020/06/23,23.1,23.3,22.7,22.8
2020/06/24,22.9,22.9,22.6,22.9
2020/06/29,22.9,22.9,22.6,22.6
2020/06/30,22.7,23.5,22.7,23.1
2020/07/01,23.3,24.0,23.1,23.6
2020/07/02,23.7,23.9,23.5,23.6
2020/07/03,23.7,23.8,23.3,23.4
2020/07/06,23.4,24.3,23.3,24.1
2020/07/07,24.5,24.5,23.8,24.4
2020/07/08,24.5,24.5,24.0,24.1
2020/07/09,24.4,26.0,24.3,25.2
2020/07/10,25.6,26.4,24.5,26.1
2020/07/13,26.1,26.6,25.4,25.7
2020/07/14,25.5,26.0,25.0,25.0
2020/07/15,25.0,27.3,25.0,25.6
2020/07/16,25.7,26.3,25.7,26.2
2020/07/17,26.9,28.4,26.4,26.4
2020/07/20,26.7,27.4,26.0,27.0
2020/07/21,27.2,27.9,26.9,27.5
2020/07/22,28.0,30.2,27.7,30.2
2020/07/23,30.5,31.9,29.5,30.0
2020/07/24,29.5,30.7,29.5,30.2
2020/07/27,29.3,29.8,27.2,27.2
2020/07/28,26.8,28.9,26.8,27.5
2020/07/29,27.6,29.5,27.5,28.7
2020/07/30,28.3,29.4,27.9,28.0
2020/07/31,28.2,28.7,27.6,27.8
2020/08/03,28.0,28.8,27.8,27.9
2020/08/04,28.1,28.5,28.0,28.3
2020/08/05,28.5,28.6,27.9,28.1
2020/08/06,28.7,29.6,28.4,29.5
2020/08/07,29.5,29.5,28.7,28.9
2020/08/10,28.9,29.6,28.8,29.0
2020/08/11,29.3,29.3,28.2,28.3
2020/08/12,28.3,28.5,26.9,28.4
2020/08/13,28.9,28.9,27.9,27.9
2020/08/14,28.2,29.2,28.1,28.8
2020/08/17,29.0,31.7,29.0,31.7
2020/08/18,31.7,33.4,30.7,32.3
2020/08/19,32.2,33.0,31.4,31.6
2020/08/20,31.7,31.8,28.8,29.7
2020/08/21,30.5,31.7,29.7,31.0
2020/08/24,30.8,32.4,30.3,31.7
2020/08/25,31.9,32.9,31.4,31.4
2020/08/26,31.8,32.1,31.2,31.4
2020/08/27,31.9,32.8,31.7,32.0
2020/08/28,32.2,32.5,31.5,32.0
2020/08/31,32.3,34.5,32.1,33.7
2020/09/01,33.8,34.1,32.7,32.8
2020/09/02,33.3,33.6,32.4,33.6
2020/09/03,34.1,35.5,33.3,34.0
2020/09/04,33.5,34.3,33.0,33.6
2020/09/07,33.9,36.8,33.7,34.8
2020/09/08,35.4,36.1,34.0,34.9
2020/09/09,33.3,35.8,33.3,35.2
2020/09/10,35.2,37.9,35.2,37.1
2020/09/11,38.0,40.8,37.5,38.6
2020/09/14,38.4,38.6,36.5,37.1
2020/09/15,36.9,37.8,36.6,36.7
2020/09/16,36.7,37.2,36.4,37.2
2020/09/17,37.2,37.9,36.9,37.2
2020/09/18,37.0,37.9,37.0,37.1
2020/09/21,37.4,39.1,37.3,38.1
2020/09/22,38.1,38.1,36.6,36.9
2020/09/23,37.5,37.5,36.0,36.5
2020/09/24,35.7,37.2,35.6,35.9
2020/09/25,36.5,37.6,33.6,34.6
2020/09/28,35.7,35.7,34.8,35.2
2020/09/29,35.6,35.8,34.3,34.5
2020/09/30,34.7,35.9,34.4,34.9
2020/10/05,35.3,37.6,35.0,37.2
2020/10/06,36.9,38.7,36.9,38.3
2020/10/07,37.9,39.1,37.6,38.4
2020/10/08,38.5,38.9,38.1,38.5
2020/10/12,38.8,42.3,38.6,42.0
2020/10/13,41.7,41.7,39.8,40.8
2020/10/14,40.8,44.2,40.5,42.1
2020/10/15,41.9,43.2,41.2,42.6
2020/10/16,42.6,43.6,40.9,41.7
2020/10/19,42.1,42.5,41.0,41.6
2020/10/20,41.4,42.0,41.0,41.9
2020/10/21,42.2,42.6,41.2,41.7
2020/10/22,41.3,42.1,40.6,41.6
2020/10/23,41.8,45.0,41.3,43.8
2020/10/26,43.8,44.0,42.6,43.4
2020/10/27,42.8,44.2,42.5,42.8
2020/10/28,43.0,45.9,42.8,43.1
2020/10/29,42.1,42.9,41.6,42.6
2020/10/30,42.6,43.4,41.7,42.0
2020/11/02,41.7,42.6,40.9,41.4
2020/11/03,42.1,43.0,41.7,42.4
2020/11/04,42.5,42.9,41.7,41.7
2020/11/05,42.1,44.1,42.0,42.5
2020/11/06,43.1,43.4,42.0,42.2
2020/11/09,43.0,43.3,42.3,42.8
2020/11/10,43.0,43.1,41.4,41.8
2020/11/11,41.3,42.1,40.3,40.5
2020/11/12,40.7,40.9,39.8,40.0
2020/11/13,39.8,40.7,39.7,40.5
2020/11/16,40.8,40.9,40.0,40.2
2020/11/17,40.3,41.7,39.8,40.8
2020/11/18,40.8,41.5,40.8,41.3
2020/11/19,41.3,42.8,41.1,42.1
2020/11/20,42.1,42.6,41.4,41.6
2020/11/23,41.8,42.1,41.3,41.8
2020/11/24,41.8,42.3,41.4,41.7
2020/11/25,42.4,44.6,42.1,43.0
2020/11/26,43.1,44.5,43.1,43.5
2020/11/27,43.8,45.3,43.1,43.7
2020/11/30,44.5,45.1,44.0,44.0
2020/12/01,44.2,45.0,43.1,44.3
2020/12/02,45.5,47.4,44.5,44.5
2020/12/03,44.5,45.7,44.0,44.4
2020/12/04,44.6,44.6,43.4,43.5
2020/12/07,43.8,45.2,42.8,44.5
2020/12/08,45.0,45.6,44.4,45.5
2020/12/09,45.5,46.0,44.9,45.1
2020/12/10,45.1,46.4,44.0,44.5
2020/12/11,44.5,44.8,42.7,43.3
2020/12/14,43.0,43.8,42.1,43.3
2020/12/15,43.3,43.4,41.8,41.9
2020/12/16,42.1,42.8,42.1,42.2
2020/12/17,42.3,42.4,41.4,41.5
2020/12/18,41.6,42.7,41.5,41.7
2020/12/21,42.0,42.0,40.7,41.3
2020/12/22,41.3,41.7,39.9,40.0
2020/12/23,40.1,42.1,39.7,41.7
2020/12/24,41.8,42.6,41.4,41.5
2020/12/25,41.7,42.0,40.9,41.2
2020/12/28,41.3,41.4,40.7,40.7
2020/12/29,40.8,41.9,40.5,40.6
2020/12/30,41.3,41.3,40.5,40.7
2020/12/31,40.9,41.1,40.4,41.1
2021/01/04,41.0,41.0,40.3,40.5
2021/01/05,40.5,40.8,40.2,40.3
2021/01/06,40.2,40.5,38.5,38.7
2021/01/07,38.8,40.9,38.8,39.5
2021/01/08,39.9,40.1,38.7,40.1
2021/01/11,40.2,40.7,39.8,39.9
2021/01/12,39.9,40.1,38.6,38.7
2021/01/13,38.7,39.9,38.7,39.1
2021/01/14,39.1,39.1,38.6,38.7
2021/01/15,38.8,39.0,36.9,37.0
2021/01/18,37.0,37.7,35.4,37.6
2021/01/19,37.6,38.1,37.3,37.3
2021/01/20,37.2,37.2,35.0,35.0
2021/01/21,35.0,36.2,35.0,35.2
2021/01/22,35.7,36.7,35.5,36.3
2021/01/25,36.3,37.5,36.0,37.5
2021/01/26,37.5,37.5,36.4,36.7
2021/01/27,36.7,37.1,36.0,36.2
2021/01/28,35.9,36.2,35.3,35.3
2021/01/29,35.5,37.0,35.4,35.4
2021/02/01,35.5,35.6,33.7,34.4
2021/02/02,34.4,35.5,34.3,35.1
2021/02/03,35.3,36.3,33.8,34.2
2021/02/04,34.2,35.3,34.2,35.0
2021/02/05,35.4,35.5,34.6,34.8
2021/02/17,35.3,36.3,35.1,36.2
2021/02/18,35.7,36.4,35.3,36.4
2021/02/19,36.0,36.8,35.9,36.7
2021/02/22,36.7,37.8,36.7,37.5
2021/02/23,37.6,37.9,37.1,37.5
2021/02/24,37.5,37.5,36.4,36.7
2021/02/25,36.8,37.2,36.6,36.8
2021/02/26,36.2,37.6,36.0,36.2
2021/03/02,36.4,37.1,36.2,36.2
2021/03/03,36.4,38.5,36.3,38.3
2021/03/04,38.3,38.7,37.3,37.4
2021/03/05,37.0,38.4,36.6,37.7
2021/03/08,38.3,39.2,37.8,38.0
2021/03/09,38.0,38.4,37.2,37.6
2021/03/10,37.9,38.2,37.3,37.4
2021/03/11,37.4,38.3,37.4,37.8
2021/03/12,38.1,38.8,38.1,38.1
2021/03/15,38.2,38.5,38.0,38.3
2021/03/16,38.3,38.3,38.1,38.1
2021/03/17,38.1,38.5,37.6,37.7
2021/03/18,37.9,38.3,37.7,37.8
2021/03/19,37.8,37.8,36.8,36.8
2021/03/22,36.9,36.9,36.1,36.4
2021/03/23,36.5,36.9,35.8,35.9
2021/03/24,35.9,36.4,35.8,36.0
2021/03/25,36.3,36.3,35.6,35.7
2021/03/26,36.0,36.6,35.6,36.6
2021/03/29,37.0,37.4,36.7,37.3
2021/03/30,37.5,37.5,37.1,37.4
2021/03/31,37.6,37.7,37.1,37.4
2021/04/01,37.4,38.8,37.4,38.8
2021/04/06,39.4,39.6,38.8,39.0
2021/04/07,39.2,39.3,38.2,38.3
2021/04/08,38.8,41.0,38.6,40.0
2021/04/09,40.9,42.2,40.2,41.5
2021/04/12,41.5,41.6,40.5,40.8
2021/04/13,41.5,42.1,40.2,40.2
2021/04/14,40.8,41.7,38.8,40.5
2021/04/15,41.5,42.5,41.2,41.5
2021/04/16,41.8,41.8,40.8,41.3
2021/04/19,41.7,42.9,41.2,41.7
2021/04/20,42.1,42.1,41.2,41.5
2021/04/21,41.8,41.8,41.1,41.2
2021/04/22,41.3,41.7,39.5,39.8
2021/04/23,40.1,40.7,39.8,39.8
2021/04/26,40.6,41.8,40.5,41.2
2021/04/27,41.7,42.2,41.1,41.5
2021/04/28,41.7,42.8,41.1,42.4
2021/04/29,42.8,42.9,41.6,42.2
2021/05/03,42.2,42.6,40.6,40.8
2021/05/04,40.8,41.5,37.2,38.3
2021/05/05,38.3,39.6,37.6,37.6
2021/05/06,38.0,41.4,38.0,41.4
2021/05/07,41.6,42.2,40.0,40.8
2021/05/10,40.9,43.6,40.8,40.9
2021/05/11,40.0,40.0,37.2,37.6
2021/05/12,37.6,37.6,33.8,34.0
2021/05/13,32.2,34.2,31.0,33.1
2021/05/14,33.6,35.5,33.2,34.5
2021/05/17,31.2,33.0,31.0,32.2
2021/05/18,32.5,35.0,32.2,35.0
2021/05/19,34.9,35.3,33.8,34.8
2021/05/20,34.8,35.3,33.5,33.5
2021/05/21,34.0,34.8,33.8,34.0
2021/05/24,34.3,35.1,33.9,34.8
2021/05/25,35.2,35.5,34.8,34.9
2021/05/26,35.2,35.4,34.7,35.2
2021/05/27,35.2,35.4,34.5,35.2
2021/05/28,35.4,36.2,35.4,35.8
2021/05/31,35.8,37.1,35.8,36.6
2021/06/01,36.8,37.4,36.6,36.7
2021/06/02,37.2,37.3,36.0,36.2
2021/06/03,36.7,36.7,36.2,36.3
2021/06/04,36.4,36.8,35.5,35.8
2021/06/07,36.0,36.0,34.1,35.4
2021/06/08,35.4,35.7,34.8,34.9
2021/06/09,34.9,35.2,34.4,34.4
2021/06/10,34.8,35.2,34.2,35.2
2021/06/11,35.6,36.0,35.4,35.9
2021/06/15,37.1,37.2,35.7,35.7
2021/06/16,36.0,36.1,35.1,35.2
2021/06/17,35.2,35.7,35.0,35.3
2021/06/18,35.6,35.7,34.8,35.0
2021/06/21,34.7,34.8,33.9,33.9
2021/06/22,34.5,35.7,34.3,34.9
2021/06/23,35.0,35.4,34.9,35.3
2021/06/24,35.4,35.8,35.3,35.6
2021/06/25,35.9,36.4,35.8,36.1
2021/06/28,36.2,36.7,35.7,35.7
2021/06/29,35.7,36.4,35.5,36.2
2021/06/30,36.3,36.8,36.0,36.0
2021/07/01,36.1,36.1,34.8,35.0
2021/07/02,34.9,35.1,34.7,34.8
2021/07/05,34.8,34.9,34.6,34.8
2021/07/06,35.0,35.6,34.8,34.8
2021/07/07,35.1,35.1,34.3,34.3
2021/07/08,34.5,34.5,34.2,34.3
2021/07/09,34.2,34.2,33.9,34.0
2021/07/12,34.1,34.2,33.8,34.0
2021/07/13,34.5,37.3,34.5,36.6
2021/07/14,36.6,37.4,35.8,36.2
2021/07/15,36.1,37.4,36.1,37.2
2021/07/16,37.2,37.9,36.8,37.1
2021/07/19,37.2,38.8,36.8,38.1
2021/07/20,37.9,38.1,37.2,37.3
2021/07/21,37.7,38.7,36.9,37.7
2021/07/22,37.8,38.4,37.4,37.7
2021/07/23,38.1,38.9,38.0,38.3
2021/07/26,38.8,39.7,38.5,39.5
2021/07/27,39.8,40.0,38.4,38.5
2021/07/28,38.4,38.4,36.2,36.4
2021/07/29,36.9,36.9,36.4,36.8
2021/07/30,36.0,36.7,35.8,35.8
2021/08/02,35.9,36.3,35.5,35.6
2021/08/03,35.6,35.9,35.5,35.7
2021/08/04,35.9,35.9,35.5,35.6
2021/08/05,35.7,35.8,35.1,35.1
2021/08/06,34.9,35.0,34.6,34.8
2021/08/09,34.8,34.9,34.3,34.4
2021/08/10,34.4,34.4,33.7,33.7
2021/08/11,33.8,34.0,32.9,33.4
2021/08/12,33.5,33.6,33.0,33.1
2021/08/13,32.9,33.0,32.2,33.0
2021/08/16,32.5,32.9,31.4,31.7
2021/08/17,31.5,31.6,30.9,31.4
2021/08/18,30.8,31.4,30.5,31.3
2021/08/19,31.2,31.2,29.8,29.9
2021/08/20,29.9,30.8,29.8,30.8
2021/08/23,30.7,31.4,30.6,31.4
2021/08/24,31.4,31.8,30.6,31.3
2021/08/25,31.2,31.5,30.8,31.3
2021/08/26,31.4,31.9,31.3,31.4
2021/08/27,31.4,31.8,31.4,31.4
2021/08/30,31.5,31.7,31.5,31.7
2021/08/31,31.7,31.7,31.3,31.7
2021/09/01,31.4,32.1,31.4,31.9
2021/09/02,31.8,31.9,31.2,31.2
2021/09/03,31.3,31.3,30.8,31.0
2021/09/06,31.0,31.4,30.3,30.3
2021/09/07,30.3,30.4,30.0,30.0
2021/09/08,30.0,30.0,29.0,29.2
2021/09/09,29.2,29.7,28.9,29.7
2021/09/10,29.8,30.1,29.6,30.1
2021/09/13,30.1,30.7,29.7,30.5
2021/09/14,31.1,31.2,30.6,31.0
2021/09/15,31.4,32.6,31.0,32.6
2021/09/16,32.6,33.8,32.2,32.4
2021/09/17,32.2,32.4,31.5,32.3
2021/09/22,32.2,32.2,31.0,31.7
2021/09/23,31.5,31.9,31.2,31.2
2021/09/24,31.2,31.7,31.2,31.3
2021/09/27,31.9,32.0,31.5,31.7
2021/09/28,31.9,31.9,31.4,31.7
2021/09/29,31.6,33.4,31.2,32.4
2021/09/30,32.8,32.8,31.8,32.4
2021/10/01,32.7,33.5,31.4,31.5
2021/10/04,31.8,32.1,30.5,30.6
2021/10/05,30.2,30.9,29.9,30.6
2021/10/06,31.0,31.4,30.6,30.6
2021/10/07,31.2,31.2,30.7,30.7
2021/10/08,31.0,31.0,30.2,30.3
2021/10/12,30.3,30.3,29.8,29.8
2021/10/13,29.4,29.7,29.0,29.2
2021/10/14,29.4,29.5,28.6,28.8
2021/10/15,29.2,29.5,29.2,29.4
2021/10/18,29.5,29.5,29.0,29.1
2021/10/19,29.1,29.7,29.1,29.6
2021/10/20,29.7,29.9,29.5,29.7
2021/10/21,29.9,30.5,29.7,29.7
2021/10/22,29.7,29.8,29.2,29.3
2021/10/25,29.0,29.4,28.9,29.4
2021/10/26,29.5,30.6,29.5,30.6
2021/10/27,30.6,30.7,30.1,30.2
2021/10/28,30.0,30.9,30.0,30.6
2021/10/29,30.7,30.9,30.3,30.3
2021/11/01,30.4,31.6,30.4,31.4
2021/11/02,31.4,31.7,30.4,30.4
2021/11/03,30.5,30.9,30.4,30.5
2021/11/04,30.8,30.8,30.4,30.4
2021/11/05,30.7,30.9,30.4,30.7
2021/11/08,30.7,31.2,30.6,31.0
2021/11/09,31.1,31.5,30.8,31.0
2021/11/10,31.1,31.1,30.7,30.8
2021/11/11,31.0,31.4,30.7,31.0
2021/11/12,31.0,31.0,30.3,30.3
2021/11/15,30.2,30.2,29.8,29.8
2021/11/16,29.8,30.0,29.4,29.5
2021/11/17,29.5,30.0,29.4,30.0
2021/11/18,29.9,30.0,29.8,29.9
2021/11/19,29.8,29.9,29.6,29.6
2021/11/22,29.4,30.2,29.4,30.0
2021/11/23,30.0,30.2,29.8,29.8
2021/11/24,29.8,30.0,29.8,30.0
2021/11/25,30.0,30.1,29.6,29.7
2021/11/26,29.6,29.7,29.0,29.3
2021/11/29,29.0,29.2,28.8,29.0
2021/11/30,29.0,29.7,29.0,29.7
2021/12/01,29.5,29.5,29.1,29.3
2021/12/02,29.4,29.4,28.9,28.9
2021/12/03,28.9,29.1,28.9,28.9
2021/12/06,28.9,28.9,28.7,28.8
2021/12/07,28.8,29.0,28.8,28.8
2021/12/08,28.9,28.9,28.7,28.8
2021/12/09,28.9,29.3,28.8,28.8
2021/12/10,28.8,29.0,28.6,28.8
2021/12/13,29.3,29.7,29.2,29.7
2021/12/14,29.6,29.8,29.3,29.4
2021/12/15,30.2,31.2,30.2,30.5
2021/12/16,30.6,30.6,30.2,30.4
2021/12/17,30.2,31.0,30.2,30.2
2021/12/20,30.8,31.1,30.4,30.4
2021/12/21,30.5,30.7,30.2,30.3
2021/12/22,30.3,30.4,30.2,30.2
2021/12/23,30.5,30.7,30.2,30.3
2021/12/24,30.5,30.5,30.0,30.0
2021/12/27,30.2,30.9,30.1,30.7
2021/12/28,30.8,30.9,30.5,30.6
2021/12/29,30.7,30.7,30.5,30.6
2021/12/30,30.8,31.0,30.5,30.9
2022/01/03,31.1,31.1,30.5,30.6
2022/01/04,30.5,30.6,30.4,30.5
2022/01/05,30.5,31.2,30.5,30.8
2022/01/06,30.7,30.7,30.5,30.7
2022/01/07,30.7,30.7,29.7,29.9
2022/01/10,29.7,29.8,29.5,29.8
2022/01/11,32.7,32.7,32.2,32.7
2022/01/12,34.6,36.0,34.5,36.0
2022/01/13,35.5,37.4,34.5,35.3
2022/01/14,34.7,34.8,32.9,32.9
2022/01/17,32.9,33.3,32.1,33.3
2022/01/18,33.5,36.0,33.2,33.2
2022/01/19,32.2,33.2,32.2,33.2
2022/01/20,33.1,34.0,32.7,32.8
2022/01/21,32.5,32.8,32.3,32.3
2022/01/24,32.0,32.0,30.7,31.2
2022/01/25,31.1,31.4,30.9,30.9
2022/01/26,30.9,31.3,30.7,31.0
2022/02/07,31.4,31.7,31.2,31.4
2022/02/08,31.4,32.5,31.4,32.4
2022/02/09,32.4,32.7,32.1,32.6
2022/02/10,33.0,33.0,32.3,32.7
2022/02/11,32.4,32.7,32.2,32.4
2022/02/14,32.0,32.1,31.7,31.8
2022/02/15,31.2,31.7,31.2,31.4
2022/02/16,31.7,32.2,31.7,32.1
2022/02/17,32.5,32.5,31.7,31.8
2022/02/18,31.7,31.9,31.5,31.8
2022/02/21,31.5,31.7,31.4,31.6
2022/02/22,31.4,31.4,30.7,31.1
2022/02/23,31.1,31.3,30.9,30.9
2022/02/24,30.9,30.9,29.9,30.1
2022/02/25,30.6,30.6,30.0,30.4
2022/03/01,30.5,31.0,30.5,30.9
2022/03/02,31.0,31.3,30.7,31.3
2022/03/03,31.3,32.3,31.2,32.0
2022/03/04,31.9,31.9,31.5,31.9
2022/03/07,31.7,31.7,30.8,31.2
2022/03/08,29.9,31.2,29.9,30.6
2022/03/09,30.6,31.6,30.3,31.3
2022/03/10,31.5,32.0,31.5,31.9
2022/03/11,31.9,32.4,31.8,32.0
2022/03/14,32.4,34.9,32.3,34.8
2022/03/15,34.5,34.5,33.1,33.1
2022/03/16,33.5,35.5,33.3,34.1
2022/03/17,34.7,35.0,33.5,34.1
2022/03/18,33.8,34.5,33.7,33.8
2022/03/21,33.9,35.5,33.8,34.4
2022/03/22,34.4,35.2,34.2,34.6
2022/03/23,35.0,35.0,33.9,34.0
2022/03/24,33.8,35.0,33.8,34.4
2022/03/25,34.5,34.6,33.4,33.4
2022/03/28,33.3,33.9,32.7,33.8
2022/03/29,34.0,34.5,33.8,34.4
2022/03/30,34.6,34.8,34.1,34.4
2022/03/31,34.8,35.5,33.9,34.0
2022/04/01,34.0,35.2,33.8,34.7
2022/04/06,34.5,37.0,34.4,36.9
2022/04/07,37.0,37.0,35.0,35.0
2022/04/08,35.2,37.0,35.2,36.5
2022/04/11,36.8,36.9,35.7,36.0
2022/04/12,35.4,35.4,34.5,34.8
2022/04/13,35.2,35.2,34.7,34.8
2022/04/14,34.9,35.8,34.6,35.5
2022/04/15,35.3,36.2,35.0,35.2
2022/04/18,35.3,35.5,34.6,34.6
2022/04/19,34.9,35.1,34.5,34.6
2022/04/20,34.8,35.6,33.9,34.0
2022/04/21,34.1,34.3,33.2,33.3
2022/04/22,33.1,33.8,33.0,33.1
2022/04/25,32.6,32.7,31.5,32.1
2022/04/26,32.2,34.1,32.2,33.2
2022/04/27,32.5,32.6,31.7,32.4
2022/04/28,32.3,32.6,31.7,31.7
2022/04/29,32.1,32.4,31.4,31.7
2022/05/03,31.5,32.0,31.5,31.8
2022/05/04,32.1,32.1,31.4,31.4
2022/05/05,31.6,32.1,31.6,31.7
2022/05/06,31.0,31.4,31.0,31.1
2022/05/09,30.7,30.8,29.2,29.3
2022/05/10,28.3,30.0,28.3,29.5
2022/05/11,29.1,29.8,28.7,28.8
2022/05/12,28.6,29.1,27.9,27.9
2022/05/13,28.0,28.9,28.0,28.5
2022/05/16,28.8,28.9,28.2,28.4
2022/05/17,28.6,29.1,28.4,28.6
2022/05/18,28.7,29.2,28.5,29.0
2022/05/19,28.7,28.8,28.1,28.6
2022/05/20,28.6,29.3,28.6,29.0
2022/05/23,29.1,29.4,29.0,29.1
2022/05/24,29.3,29.3,28.5,28.6
2022/05/25,28.8,29.6,28.8,29.5
2022/05/26,29.8,29.8,29.0,29.1
2022/05/27,29.6,29.7,29.2,29.3
2022/05/30,29.3,30.0,29.3,29.9
2022/05/31,30.1,30.1,29.8,29.9
2022/06/01,30.0,30.1,29.7,29.8
2022/06/02,29.8,29.8,29.5,29.7
2022/06/06,29.5,30.4,29.5,30.0
2022/06/07,29.8,29.9,29.5,29.8
2022/06/08,29.8,30.1,29.8,29.8
2022/06/09,29.8,30.2,29.6,29.9
2022/06/10,29.5,29.9,29.5,29.5
2022/06/13,28.9,29.0,28.5,28.7
2022/06/14,28.5,28.6,27.9,28.4
2022/06/15,28.8,31.2,28.8,28.9
2022/06/16,29.2,29.4,28.3,28.3
2022/06/17,27.4,28.2,27.4,28.0
2022/06/20,28.0,28.3,26.9,26.9
2022/06/21,26.9,27.8,26.9,27.8
2022/06/22,27.7,28.3,27.3,27.4
2022/06/23,28.1,28.1,27.3,27.8
2022/06/24,28.1,30.0,28.1,29.4
2022/06/27,29.8,29.8,29.1,29.3
2022/06/28,29.6,30.6,29.0,29.0
2022/06/29,28.9,29.5,28.6,29.0
2022/06/30,29.0,29.5,28.6,29.5
2022/07/01,29.9,30.2,27.9,27.9
2022/07/04,28.1,28.4,27.8,28.1
2022/07/05,28.7,29.7,28.7,28.9
2022/07/06,29.2,29.3,27.6,27.9
2022/07/07,28.2,28.8,27.4,28.6
2022/07/08,28.7,29.5,28.7,29.1
2022/07/11,29.5,29.7,29.0,29.4
2022/07/12,29.0,29.1,28.5,28.8
2022/07/13,29.6,30.1,29.1,29.8
2022/07/14,30.4,31.2,30.0,30.6
2022/07/15,30.6,31.0,30.2,30.7
2022/07/18,31.0,31.0,30.4,30.6
2022/07/19,30.7,31.4,30.7,31.0
2022/07/20,31.3,31.3,30.5,30.5
2022/07/21,30.7,30.7,30.0,30.5
2022/07/22,30.5,30.6,30.1,30.3
2022/07/25,30.7,31.9,30.7,31.9
2022/07/26,31.5,31.6,30.1,30.2
2022/07/27,30.3,30.8,30.0,30.5
2022/07/28,30.7,31.4,30.5,31.2
2022/07/29,30.6,31.0,30.6,30.7
2022/08/01,30.9,31.5,30.8,31.1
2022/08/02,30.6,30.8,30.2,30.6
2022/08/03,30.7,30.7,29.8,29.8
2022/08/04,30.0,30.0,28.7,29.5
2022/08/05,29.5,30.0,29.5,30.0
2022/08/08,30.0,30.0,29.3,29.8
2022/08/09,30.0,30.1,29.8,30.1
2022/08/10,30.4,32.6,30.3,31.5
2022/08/11,30.6,30.8,29.5,30.0
2022/08/12,30.0,30.0,29.7,29.9
2022/08/15,30.2,30.7,30.0,30.5
2022/08/16,30.8,32.1,30.7,32.0
2022/08/17,32.1,33.8,31.6,32.2
2022/08/18,32.3,33.6,32.2,32.5
2022/08/19,32.8,33.1,32.0,32.0
2022/08/22,31.7,32.6,31.6,32.1
2022/08/23,32.1,32.4,31.7,31.7
2022/08/24,32.2,33.2,32.1,32.6
2022/08/25,32.9,32.9,32.3,32.4
2022/08/26,32.5,32.6,32.3,32.3
2022/08/29,31.4,32.6,31.2,32.2
2022/08/30,33.1,33.8,32.7,32.7
2022/08/31,32.7,34.3,32.5,33.6
2022/09/01,33.6,33.6,32.6,32.7
2022/09/02,33.1,35.4,33.0,34.7
2022/09/05,35.5,35.5,33.6,34.0
2022/09/06,33.8,34.1,32.5,32.6
2022/09/07,32.4,33.1,32.4,32.7
2022/09/08,33.2,34.0,32.8,33.3
2022/09/12,33.7,33.7,33.1,33.5
2022/09/13,33.1,33.5,32.9,33.1
2022/09/14,32.6,32.9,32.4,32.5
2022/09/15,32.6,32.9,32.2,32.9
2022/09/16,33.4,34.0,32.4,32.4
2022/09/19,33.6,35.4,33.0,33.4
2022/09/20,33.9,36.5,33.1,36.0
2022/09/21,36.0,38.5,36.0,36.4
2022/09/22,36.7,37.6,35.4,37.1
2022/09/23,37.1,37.4,36.4,36.5
2022/09/26,36.0,36.0,33.3,33.3
2022/09/27,33.7,35.0,33.1,34.7
2022/09/28,34.4,36.0,33.1,33.4
2022/09/29,34.3,36.2,34.0,34.5
2022/09/30,33.9,34.5,32.7,34.4
2022/10/03,33.7,34.6,33.1,33.1
2022/10/04,33.9,35.0,33.9,34.6
2022/10/05,35.0,36.1,34.8,35.7
2022/10/06,36.0,36.1,34.8,35.0
2022/10/07,34.7,35.1,33.8,34.0
2022/10/11,33.3,35.1,33.1,35.0
2022/10/12,35.2,36.0,34.3,35.9
2022/10/13,35.9,35.9,34.2,34.5
2022/10/14,35.6,36.3,35.3,35.5
2022/10/17,34.8,34.9,33.4,34.3
2022/10/18,34.5,34.6,33.8,33.9
2022/10/19,34.4,34.4,33.4,33.6
2022/10/20,33.6,33.6,32.0,32.2
2022/10/21,32.2,32.6,31.1,31.4
2022/10/24,32.2,32.4,31.7,31.8
2022/10/25,32.1,32.1,31.5,31.8
2022/10/26,31.8,32.0,30.7,31.0
2022/10/27,31.0,31.6,30.9,31.4
2022/10/28,31.4,31.4,29.8,29.9
2022/10/31,30.0,30.7,30.0,30.4
2022/11/01,30.2,31.5,30.2,31.3
2022/11/02,31.3,32.0,31.3,31.8
2022/11/03,31.5,32.1,31.1,31.9
2022/11/04,31.9,32.3,31.2,32.2
2022/11/07,32.4,32.6,31.9,32.2
2022/11/08,32.6,32.6,31.9,31.9
2022/11/09,31.9,32.3,31.7,32.3
2022/11/10,32.3,32.9,31.0,31.2
2022/11/11,31.6,31.8,30.5,30.5
2022/11/14,30.8,31.5,30.7,31.5
2022/11/15,31.4,31.8,31.1,31.7
2022/11/16,31.6,31.7,31.0,31.0
2022/11/17,31.2,32.2,31.0,32.0
2022/11/18,32.2,32.5,31.5,31.6
2022/11/21,31.8,33.8,31.7,33.5
2022/11/22,33.5,34.5,33.1,34.0
2022/11/23,34.0,34.2,33.0,33.0
2022/11/24,33.0,33.7,33.0,33.6
2022/11/25,33.9,34.9,33.6,33.6
2022/11/28,33.5,34.5,33.3,34.2
2022/11/29,34.2,34.5,33.9,34.2
2022/11/30,34.1,34.5,34.1,34.3
2022/12/01,34.7,35.0,34.4,34.5
2022/12/02,34.6,36.6,34.6,35.3
2022/12/05,35.7,36.9,35.3,36.6
2022/12/06,39.0,40.2,38.2,40.2
2022/12/07,40.3,42.0,39.6,41.0
2022/12/08,41.6,42.1,40.1,41.0
2022/12/09,41.0,41.4,40.1,40.3
2022/12/12,40.0,40.6,38.8,40.0
2022/12/13,40.0,40.6,39.3,40.0
2022/12/14,40.0,41.2,39.8,40.7
2022/12/15,41.0,41.2,40.2,40.4
2022/12/16,39.8,41.1,39.8,40.7
2022/12/19,40.2,40.7,39.4,39.5
2022/12/20,39.8,41.1,38.6,39.1
2022/12/21,39.2,40.7,39.0,39.7
2022/12/22,39.9,40.9,39.5,39.6
2022/12/23,39.5,40.6,39.3,40.4
2022/12/26,40.5,40.9,39.8,40.9
2022/12/27,40.9,41.5,40.1,40.6
2022/12/28,40.2,41.3,40.2,40.3
2022/12/29,39.9,40.7,39.7,40.7
2022/12/30,41.2,42.1,39.9,39.9
2023/01/03,39.7,43.9,39.0,43.3
2023/01/04,43.9,47.6,43.7,47.6
2023/01/05,49.2,49.2,46.7,47.0
2023/01/06,46.8,46.9,42.9,43.1
2023/01/09,43.1,44.0,42.4,43.3
2023/01/10,43.2,43.6,42.6,43.3
2023/01/11,43.5,44.1,42.6,43.1
2023/01/12,43.0,43.3,41.9,42.1
2023/01/13,42.4,42.6,41.5,41.5
2023/01/16,41.4,42.3,40.9,41.9
2023/01/17,41.9,43.6,41.7,43.2
2023/01/30,43.9,45.7,43.3,45.0
2023/01/31,44.6,47.3,44.6,46.7
2023/02/01,46.7,48.3,46.0,46.6
2023/02/02,46.6,48.1,45.8,46.3
2023/02/03,45.5,45.7,44.5,45.0
2023/02/06,45.0,45.5,44.7,45.4
2023/02/07,45.7,46.1,45.1,45.5
2023/02/08,45.7,46.3,45.2,45.2
2023/02/09,45.1,46.8,45.1,45.9
2023/02/10,45.1,46.5,45.0,45.0
2023/02/13,44.0,44.2,42.7,43.9
2023/02/14,43.9,44.4,43.3,44.2
2023/02/15,44.2,47.4,44.2,45.9
2023/02/16,46.5,47.6,46.0,46.3
2023/02/17,45.7,47.9,45.5,47.8
2023/02/20,48.3,50.8,47.5,48.5
2023/02/21,48.8,53.3,48.8,53.3
2023/02/22,53.7,55.1,52.1,53.6
2023/02/23,53.3,53.5,52.3,53.1
2023/02/24,53.5,54.2,51.4,52.1
2023/03/01,51.7,53.1,50.8,52.5
2023/03/02,52.5,53.3,51.8,52.1
2023/03/03,53.1,53.7,51.6,52.1
2023/03/06,52.6,55.0,52.4,54.2
2023/03/07,55.0,59.3,55.0,56.9
2023/03/08,56.9,61.7,56.5,60.1
2023/03/09,60.4,62.7,58.9,62.4
2023/03/10,61.3,61.6,57.0,57.9
2023/03/13,56.7,57.2,54.6,55.4
2023/03/14,55.6,56.7,55.0,55.2
2023/03/15,56.3,57.0,55.3,55.7
2023/03/16,56.2,56.8,54.1,54.7
2023/03/17,55.5,55.7,54.2,55.1
2023/03/20,55.9,59.5,55.4,59.5
2023/03/21,59.4,60.7,58.7,58.8
2023/03/22,60.0,60.2,57.9,58.1
2023/03/23,57.9,59.2,57.2,58.8
2023/03/24,59.1,59.4,58.2,59.2
2023/03/27,59.2,59.9,57.0,57.2
2023/03/28,57.3,57.6,55.9,57.0
2023/03/29,57.7,57.8,56.9,57.4
2023/03/30,58.1,58.3,57.0,57.9
2023/03/31,57.9,58.0,56.8,57.3
2023/04/06,57.5,61.7,56.4,60.7
2023/04/07,61.6,66.6,61.6,65.2
2023/04/10,66.9,68.8,66.0,66.1
2023/04/11,68.6,72.7,68.4,72.7
2023/04/12,78.5,80.0,78.1,80.0
2023/04/13,80.2,84.3,77.7,78.5
2023/04/14,80.7,82.6,76.9,78.3
2023/04/17,78.4,83.1,78.3,80.2
2023/04/18,80.3,85.5,80.3,80.9
2023/04/19,81.9,83.9,80.0,81.8
2023/04/20,82.2,83.9,80.2,80.2
2023/04/21,80.7,81.8,77.2,78.8
2023/04/24,79.4,83.1,78.5,81.7
2023/04/25,81.8,82.2,74.7,77.4
2023/04/26,77.5,78.0,75.1,76.3
2023/04/27,76.3,76.7,73.4,76.5
2023/04/28,78.3,79.2,77.3,78.4
2023/05/02,79.2,86.0,79.1,85.5
2023/05/03,83.1,83.9,80.4,80.5
2023/05/04,80.6,82.3,80.0,82.1
2023/05/05,82.1,83.1,79.8,81.9
2023/05/08,83.1,90.1,83.1,90.1
2023/05/09,90.9,93.8,84.3,85.1
2023/05/10,84.7,85.5,81.1,81.7
2023/05/11,82.6,83.1,78.3,78.8
2023/05/12,79.4,86.0,79.2,83.9
2023/05/15,82.6,89.7,82.6,86.8
2023/05/16,88.4,90.5,84.7,90.5
2023/05/17,90.5,91.3,88.4,88.4
2023/05/18,91.7,97.1,90.1,97.1
2023/05/19,99.2,105.4,97.1,102.1
2023/05/22,101.7,109.1,100.4,106.2
2023/05/23,109.1,114.0,104.1,113.2
2023/05/24,112.0,115.3,110.7,114.9
2023/05/25,114.9,119.4,113.2,116.5
2023/05/26,116.5,118.2,110.7,112.0
2023/05/29,113.2,121.1,112.8,116.5
2023/05/30,116.5,118.2,113.2,116.5
2023/05/31,117.8,120.2,115.3,119.8
2023/06/01,120.7,122.7,118.6,119.0
2023/06/02,119.8,130.6,119.8,130.6
2023/06/05,134.7,138.4,128.5,128.9
2023/06/06,128.5,130.2,124.8,126.4
2023/06/07,127.3,130.6,124.8,128.1
2023/06/08,127.7,130.2,124.0,125.2
2023/06/09,126.0,127.7,123.1,126.9
2023/06/12,123.1,125.2,117.4,121.9
2023/06/13,123.6,124.4,119.8,121.1
2023/06/14,122.7,125.6,120.2,120.7
2023/06/15,120.7,131.0,119.8,129.8
2023/06/16,132.2,142.1,131.8,136.8
2023/06/19,138.0,140.5,132.2,133.1
2023/06/20,134.3,136.8,131.8,133.9
2023/06/21,135.1,137.2,133.5,135.1
2023/06/26,136.0,137.6,133.5,134.3
2023/06/27,135.5,138.8,126.4,127.3
2023/06/28,129.8,130.6,124.4,124.4
2023/06/29,125.6,127.7,124.4,126.9
2023/06/30,126.0,126.0,121.1,121.9
2023/07/03,123.1,123.1,120.7,123.1
2023/07/04,124.0,124.4,122.3,123.1
2023/07/05,124.0,124.0,120.7,120.7
2023/07/06,119.8,124.8,119.8,123.6
2023/07/07,124.4,124.4,122.3,123.6
2023/07/10,127.3,132.6,126.9,132.6
2023/07/11,137.6,138.0,134.7,137.2
2023/07/12,140.5,150.8,138.8,148.3
2023/07/13,151.2,151.2,142.1,150.4
2023/07/14,156.6,165.3,155.8,165.3
2023/07/17,169.4,181.8,166.1,179.8
2023/07/18,180.6,180.6,169.4,169.4
2023/07/19,165.3,165.3,158.7,160.7
2023/07/20,159.5,171.1,159.5,171.1
2023/07/21,169.4,179.3,168.6,178.5
2023/07/24,177.7,177.7,165.3,167.4
2023/07/25,171.1,171.1,163.6,170.2
2023/07/26,170.7,176.9,170.7,175.2
2023/07/27,175.2,189.7,173.6,186.0
2023/07/28,186.0,190.1,182.6,189.3
2023/07/31,194.2,197.5,189.3,197.5
2023/08/01,205.0,205.8,178.1,178.1
2023/08/02,179.3,182.6,166.1,169.0
2023/08/04,168.2,181.4,162.8,176.0
2023/08/07,177.7,186.8,169.8,173.6
2023/08/08,172.7,184.7,166.9,177.7
2023/08/09,175.6,192.1,175.6,185.1
2023/08/10,184.3,189.3,168.2,172.3
2023/08/11,177.3,180.2,168.6,174.8
2023/08/14,171.5,175.2,157.4,159.1
2023/08/15,162.0,174.8,160.3,174.8
2023/08/16,177.7,182.6,171.9,182.2
2023/08/17,178.5,198.3,178.5,195.0
2023/08/18,199.2,204.5,182.2,189.3
2023/08/21,195.9,207.9,193.4,207.9
2023/08/22,216.5,228.5,211.6,228.5
2023/08/23,230.2,240.5,219.4,228.5
2023/08/24,235.5,249.2,229.3,231.8
2023/08/25,233.5,242.6,231.0,236.8
2023/08/28,239.3,240.9,221.5,227.3
2023/08/29,234.7,242.6,230.2,238.8
2023/08/30,241.3,244.6,236.0,242.1
2023/08/31,242.1,247.9,239.3,247.5
2023/09/01,256.2,267.8,239.7,241.7
2023/09/04,243.8,257.0,243.4,247.9
2023/09/05,244.6,247.5,235.5,238.8
2023/09/06,241.7,244.2,236.4,239.7
2023/09/07,236.4,241.7,236.4,240.1
2023/09/08,240.5,246.3,237.6,242.1
2023/09/11,243.8,246.3,228.5,229.3
2023/09/12,224.8,236.0,219.8,233.9
2023/09/13,232.2,232.6,218.6,219.8
2023/09/14,223.1,224.0,209.1,213.2
2023/09/15,216.5,217.8,210.3,212.8
2023/09/18,210.7,213.6,202.9,203.7
2023/09/19,204.5,206.6,195.0,196.3
2023/09/20,197.1,206.6,192.6,205.0
2023/09/21,204.5,207.9,197.1,202.1
2023/09/22,199.2,205.8,195.0,195.0
2023/09/25,197.1,201.7,191.3,195.9
2023/09/26,196.3,213.2,196.3,207.9
2023/09/27,211.2,220.2,209.9,219.0
2023/09/28,216.9,224.0,212.0,224.0
2023/10/02,225.2,228.1,215.7,215.7
2023/10/03,217.8,223.6,213.2,218.6
2023/10/04,217.4,226.0,214.0,224.4
2023/10/05,225.6,242.1,224.8,237.2
2023/10/06,240.5,249.2,237.2,248.3
2023/10/11,250.8,254.5,240.5,240.9
2023/10/12,243.0,247.5,227.7,233.1
2023/10/13,234.3,236.4,228.5,230.6
2023/10/16,229.8,239.3,228.5,236.8
2023/10/17,238.4,243.4,229.8,233.1
2023/10/18,233.5,235.5,223.1,223.1
2023/10/19,221.1,227.3,214.9,215.3
2023/10/20,215.7,218.6,209.5,217.4
2023/10/23,214.9,232.6,214.0,228.1
2023/10/24,229.8,231.8,217.4,218.6
2023/10/25,221.5,224.4,214.9,215.3
2023/10/26,210.7,219.8,208.3,216.5
2023/10/27,216.9,218.6,206.6,207.4
2023/10/30,209.1,209.5,200.0,201.7
2023/10/31,203.3,205.0,183.5,185.1
2023/11/01,186.8,187.2,177.7,185.1
2023/11/02,188.0,193.4,182.6,185.5
2023/11/03,188.4,193.4,186.0,186.0
2023/11/06,188.4,204.1,188.4,199.2
2023/11/07,200.0,212.0,195.9,200.0
2023/11/08,202.5,203.7,196.7,200.0
2023/11/09,204.5,206.6,193.4,193.8
2023/11/10,192.1,197.5,190.5,196.3
2023/11/13,199.2,205.8,195.5,204.5
2023/11/14,204.5,213.6,204.1,213.6
2023/11/15,219.8,234.3,217.8,227.7
2023/11/16,230.6,233.9,221.5,231.4
2023/11/17,231.4,236.4,225.2,225.6
2023/11/20,227.7,229.3,216.9,217.8
2023/11/21,219.0,221.9,215.3,216.5
2023/11/22,216.5,218.2,210.7,211.6
2023/11/23,213.6,215.3,206.6,208.7
2023/11/24,213.6,229.3,209.5,227.3
2023/11/27,228.1,233.9,217.8,220.2
2023/11/28,219.8,227.7,218.2,227.7
2023/11/29,227.7,228.9,222.7,226.9
2023/11/30,229.3,233.9,225.6,231.4
2023/12/01,233.5,247.9,232.2,235.5
2023/12/04,236.0,258.7,233.9,255.8
2023/12/05,254.5,281.0,253.7,281.0
2023/12/06,284.3,290.1,274.4,285.1
2023/12/07,282.2,310.7,282.2,297.9
2023/12/08,300.0,307.9,293.8,303.3
2023/12/11,301.7,307.0,273.1,280.2
2023/12/12,281.8,295.0,281.4,294.2
2023/12/13,295.9,305.4,293.4,293.8
2023/12/14,296.3,299.6,287.2,293.4
2023/12/15,300.0,307.0,286.8,287.2
2023/12/18,286.0,293.4,278.9,281.0
2023/12/19,283.5,286.0,268.6,274.8
2023/12/20,278.1,278.5,270.7,271.9
2023/12/21,269.4,270.7,263.2,263.2
2023/12/22,264.5,271.1,262.0,265.3
2023/12/25,269.4,281.8,269.4,275.6
2023/12/26,279.8,281.4,259.5,260.3
2023/12/27,261.6,267.4,261.6,261.6
2023/12/28,268.6,287.6,268.6,287.6
2023/12/29,295.9,297.9,262.0,270.2
2024/01/02,270.2,286.4,266.1,282.6
2024/01/03,281.0,286.8,275.2,280.6
2024/01/04,281.0,290.1,268.6,274.0
2024/01/05,275.2,276.9,270.7,276.0
2024/01/08,276.9,286.0,274.4,283.9
2024/01/09,286.0,302.9,282.2,299.2
2024/01/10,296.3,305.0,290.1,303.3
2024/01/11,304.5,308.3,288.0,291.3
2024/01/12,290.5,307.9,290.5,305.8
2024/01/15,314.9,328.5,307.4,311.2
2024/01/16,309.1,313.2,300.8,306.6
2024/01/17,308.3,312.0,300.4,303.3
2024/01/18,306.6,310.7,297.5,297.5
2024/01/19,301.2,303.3,290.9,293.0
2024/01/22,295.0,307.0,291.3,306.6
2024/01/23,307.4,324.8,307.4,318.2
2024/01/24,321.5,327.7,316.5,324.0
2024/01/25,324.0,324.8,314.0,314.5
2024/01/26,315.7,318.6,308.3,314.5
2024/01/29,314.9,327.3,314.0,326.9
2024/01/30,327.3,347.1,323.6,347.1
2024/01/31,347.9,379.3,344.6,366.9
2024/02/01,367.8,403.3,364.9,403.3
2024/02/02,429.8,429.8,400.0,403.7
2024/02/05,407.9,419.0,402.5,406.6
2024/02/15,411.6,428.9,409.9,409.9
2024/02/16,415.7,427.3,400.0,415.7
2024/02/19,419.8,438.0,413.2,414.9
2024/02/20,419.0,424.0,402.5,414.9
2024/02/21,419.8,433.9,418.2,419.0
2024/02/22,425.6,434.7,417.4,427.3
2024/02/23,436.4,469.4,425.6,462.8
2024/02/26,464.5,464.5,436.4,444.6
2024/02/27,444.6,450.4,433.9,436.4
2024/02/29,433.9,450.4,429.8,444.6
2024/03/01,445.5,445.5,434.7,444.6
2024/03/04,442.1,444.6,434.7,436.4
2024/03/05,436.4,453.7,435.5,453.7
2024/03/06,443.0,465.3,443.0,458.7
2024/03/07,464.5,464.5,434.7,447.1
2024/03/08,447.1,447.1,405.0,414.9
2024/03/11,416.5,424.8,414.9,424.8
2024/03/12,438.0,452.9,409.5,433.9
2024/03/13,452.9,476.9,445.5,476.9
2024/03/14,496.7,524.0,471.1,524.0
2024/03/15,537.2,565.3,530.6,549.6
2024/03/18,547.1,580.2,541.3,573.6
2024/03/19,556.2,562.0,541.3,545.5
2024/03/20,548.8,558.7,529.8,558.7
2024/03/21,558.7,578.5,558.7,578.5
2024/03/22,591.7,591.7,577.7,590.1
2024/03/25,595.0,648.8,595.0,648.8
2024/03/26,662.0,683.5,619.8,651.2
2024/03/27,643.8,650.4,586.8,586.8
2024/03/28,582.6,586.8,540.5,553.7
2024/03/29,553.7,566.9,546.3,564.5
2024/04/01,580.2,618.2,580.2,611.6
2024/04/02,619.8,654.5,614.9,654.5
2024/04/03,654.5,674.4,641.3,674.4
2024/04/08,682.6,720.7,640.5,641.3
2024/04/09,661.2,705.0,661.2,705.0
2024/04/10,709.9,738.8,670.2,708.3
2024/04/11,711.6,764.5,706.6,710.7
2024/04/12,740.5,781.8,738.0,781.8
2024/04/15,788.4,816.5,709.9,724.0
2024/04/16,712.4,740.5,684.3,714.0
2024/04/17,734.7,785.1,719.0,785.1
2024/04/18,793.4,813.2,771.1,789.3
2024/04/19,789.3,811.6,740.5,756.2
2024/04/22,768.6,786.8,681.0,681.0
2024/04/23,707.4,713.2,652.1,681.8
2024/04/24,703.3,710.7,664.5,705.8
2024/04/25,705.0,714.0,674.4,713.2
2024/04/26,723.1,742.1,695.9,705.8
2024/04/29,709.1,720.7,688.4,705.0
2024/04/30,705.0,705.0,673.6,700.0
2024/05/02,698.3,706.6,660.3,662.8
2024/05/03,671.9,693.4,665.3,676.0
2024/05/06,687.6,689.3,654.5,658.7
2024/05/07,661.2,677.7,644.6,675.2
2024/05/08,675.2,742.1,671.1,733.9
2024/05/09,738.8,738.8,686.0,690.1
2024/05/10,692.6,700.8,659.5,659.5
2024/05/13,648.8,648.8,599.2,619.8
2024/05/14,619.8,654.5,602.5,633.9
2024/05/15,652.9,664.5,622.3,624.0
2024/05/16,626.4,642.1,609.1,610.7
2024/05/17,618.2,620.7,600.8,612.4
2024/05/20,615.7,633.9,604.1,604.1
2024/05/21,605.8,614.0,593.4,603.3
2024/05/22,603.3,605.0,568.6,570.2
2024/05/23,569.4,572.7,554.5,564.5
2024/05/24,563.6,586.8,556.2,581.8
2024/05/27,583.5,624.0,580.2,608.3
2024/05/28,614.9,616.5,602.5,604.1
2024/05/29,606.6,624.8,600.8,609.1
2024/05/30,605.8,625.6,594.2,594.2
2024/05/31,599.2,603.3,580.2,590.1
2024/06/03,590.1,598.3,575.2,575.2
2024/06/04,576.0,583.5,558.7,577.7
2024/06/05,576.9,579.3,566.1,571.1
2024/06/06,576.0,587.6,562.0,567.8
2024/06/07,573.6,619.8,566.9,613.2
2024/06/11,619.8,656.2,613.2,654.5
2024/06/12,660.3,671.9,634.7,651.2
2024/06/13,659.5,714.9,647.1,691.7
2024/06/14,703.3,760.3,702.5,760.3
2024/06/17,772.7,796.7,747.1,747.9
2024/06/18,753.7,786.0,734.7,781.0
2024/06/19,776.0,786.8,760.3,768.6
2024/06/20,769.4,789.3,769.4,781.0
2024/06/21,779.3,785.1,768.6,782.6
2024/06/24,783.5,783.5,743.8,743.8
2024/06/25,743.0,760.3,714.0,760.3
2024/06/26,758.7,766.1,754.5,759.5
2024/06/27,751.2,773.6,751.2,764.5
2024/06/28,766.9,783.5,766.9,781.0
2024/07/01,784.3,789.3,772.7,773.6
2024/07/02,777.7,789.3,777.7,789.3
2024/07/03,797.5,801.7,781.8,801.7
2024/07/04,824.8,838.8,809.1,838.8
2024/07/05,838.8,851.2,768.6,773.6
2024/07/08,776.9,787.6,747.9,747.9
2024/07/09,748.8,790.1,747.9,783.5
2024/07/10,789.3,797.5,771.9,781.0
2024/07/11,792.6,818.2,761.2,772.7
2024/07/12,775.2,785.1,749.6,749.6
2024/07/15,759.5,799.2,747.9,793.4
2024/07/16,797.5,805.8,762.0,772.7
2024/07/17,776.9,800.8,771.1,786.8
2024/07/18,783.5,791.7,761.2,771.1
2024/07/19,774.4,791.7,771.9,790.9
2024/07/22,805.0,808.3,714.9,714.9
2024/07/23,738.8,776.9,733.9,776.9
2024/07/26,744.5,752.7,695.5,704.5
2024/07/29,726.4,726.4,639.1,646.4
2024/07/30,650.0,703.6,645.5,649.1
2024/07/31,649.1,657.3,627.3,630.9
2024/08/01,642.7,650.9,622.7,622.7
2024/08/02,610.9,617.3,598.2,600.9
2024/08/05,568.2,585.5,540.9,549.1
2024/08/06,572.7,580.9,520.9,534.5
2024/08/07,515.5,570.9,515.5,567.3
2024/08/08,552.7,557.3,529.1,540.0
2024/08/09,562.7,593.6,559.1,574.5
2024/08/12,571.8,631.8,571.8,624.5
2024/08/13,624.5,630.9,600.9,629.1
2024/08/14,651.8,654.5,610.0,611.8
2024/08/15,617.3,630.9,594.5,596.4
2024/08/16,618.2,640.9,611.8,633.6
2024/08/19,636.4,638.2,617.3,622.7
2024/08/20,631.8,645.5,622.7,630.9
2024/08/21,630.0,662.7,623.6,640.0
2024/08/22,644.5,658.2,615.5,615.5
2024/08/23,610.0,629.1,600.0,628.2
2024/08/26,633.6,636.4,601.8,602.7
2024/08/27,606.4,620.9,603.6,618.2
2024/08/28,617.3,620.0,604.5,604.5
2024/08/29,606.4,614.5,605.5,614.5
2024/08/30,611.8,617.3,600.9,606.4
2024/09/02,610.0,629.1,592.7,592.7
2024/09/03,595.5,598.2,573.6,573.6
2024/09/04,540.9,560.9,531.8,545.5
2024/09/05,554.5,559.1,526.4,527.3
2024/09/06,529.1,535.5,506.4,507.3
2024/09/09,489.1,515.5,483.6,501.8
2024/09/10,506.4,510.9,479.1,490.9
2024/09/11,496.4,507.3,483.6,501.8
2024/09/12,509.1,522.7,502.7,520.9
2024/09/13,523.6,527.3,510.0,517.3
2024/09/16,522.7,525.5,513.6,524.5
2024/09/18,530.9,575.5,527.3,565.5
2024/09/19,564.5,583.6,557.3,565.5
2024/09/20,573.6,580.9,550.0,550.9
2024/09/23,554.5,600.9,554.5,590.9
2024/09/24,590.9,592.7,568.2,577.3
2024/09/25,582.7,593.6,563.6,589.1
2024/09/26,604.5,620.9,601.8,616.4
2024/09/27,621.8,622.7,591.8,600.0
2024/09/30,607.3,615.5,570.9,571.8
2024/10/01,577.3,591.8,565.5,590.0
2024/10/04,585.5,587.3,567.3,573.6
2024/10/07,577.3,605.5,573.6,594.5
2024/10/08,585.5,589.1,560.0,560.9
2024/10/09,569.1,575.5,559.1,559.1
2024/10/11,563.6,569.1,545.5,546.4
2024/10/14,552.7,565.5,545.5,559.1
2024/10/15,559.1,565.5,550.0,556.4
2024/10/16,553.6,565.5,550.9,556.4
2024/10/17,559.1,566.4,555.5,557.3
2024/10/18,560.9,563.6,550.9,561.8
2024/10/21,562.7,566.4,558.2,558.2
2024/10/22,560.0,560.0,530.9,532.7
2024/10/23,533.6,558.2,533.6,549.1
2024/10/24,546.4,550.0,522.7,525.5
2024/10/25,531.8,540.9,526.4,532.7
2024/10/28,527.3,531.8,511.8,520.9
2024/10/29,519.1,523.6,497.3,497.3
2024/10/30,503.6,505.5,493.6,498.2
2024/11/01,491.8,508.2,483.6,508.2
2024/11/04,503.6,509.1,494.5,509.1
2024/11/05,508.2,545.5,507.3,544.5
2024/11/06,546.4,548.2,530.9,530.9
2024/11/07,535.5,559.1,535.5,559.1
2024/11/08,561.8,574.5,550.9,563.6
2024/11/11,570.0,590.0,560.0,586.4
2024/11/12,581.8,608.2,580.0,606.4
2024/11/13,602.7,603.6,576.4,576.4
2024/11/14,581.8,595.5,572.7,572.7
2024/11/15,572.7,584.5,566.4,567.3
2024/11/18,570.0,575.5,519.1,519.1
2024/11/19,527.3,534.5,523.6,525.5
2024/11/20,528.2,528.2,500.0,512.7
2024/11/21,514.5,518.2,504.5,504.5
2024/11/22,510.0,518.2,498.2,500.9
2024/11/25,508.2,516.4,502.7,516.4
2024/11/26,513.6,516.4,503.6,509.1
2024/11/27,512.7,516.4,500.9,502.7
2024/11/28,505.5,507.3,485.5,493.6
2024/11/29,490.9,501.8,485.5,500.0
2024/12/02,504.5,521.8,498.2,514.5
2024/12/03,520.0,540.9,516.4,536.4
2024/12/04,542.7,542.7,515.5,520.0
2024/12/05,525.5,531.8,513.6,515.5
2024/12/06,516.4,523.6,506.4,507.3
2024/12/09,509.1,523.6,503.6,520.9
2024/12/10,513.6,525.5,507.3,511.8
2024/12/11,505.5,509.1,486.4,487.3
2024/12/12,491.8,494.5,479.1,482.7
2024/12/13,484.5,487.3,476.4,480.9
2024/12/16,480.9,484.5,468.2,470.9
2024/12/17,481.8,488.2,471.8,476.4
2024/12/18,478.2,502.7,470.9,499.1
2024/12/19,486.4,508.2,486.4,495.5
2024/12/20,493.6,505.5,492.7,494.5
2024/12/23,495.5,508.2,490.0,490.0
2024/12/24,498.2,502.7,487.3,489.1
2024/12/25,496.4,505.5,487.3,496.4
2024/12/26,500.0,504.5,496.4,496.4
2024/12/27,500.0,503.6,488.2,488.2
2024/12/30,489.1,524.5,488.2,507.3
2024/12/31,503.6,516.4,500.9,511.8
2025/01/02,513.6,521.8,494.5,494.5
2025/01/03,496.4,501.8,489.1,489.1
2025/01/06,495.5,502.7,492.7,494.5
2025/01/07,498.2,500.0,489.1,491.8
2025/01/08,497.3,500.9,484.5,486.4
2025/01/09,487.3,490.0,469.1,469.1
2025/01/10,480.9,483.6,448.2,459.1
2025/01/13,454.5,458.2,434.5,440.0
2025/01/14,445.5,450.5,438.6,443.6
2025/01/15,446.4,450.5,436.4,438.2
2025/01/16,446.4,455.5,440.9,455.5
2025/01/17,452.7,456.4,444.1,455.5
2025/01/20,461.8,470.0,458.2,464.5
2025/01/21,461.8,476.4,460.9,474.5
2025/01/22,477.3,516.4,474.5,516.4
2025/02/03,490.0,509.1,487.3,489.1
2025/02/04,491.8,495.5,482.7,485.5
2025/02/05,495.5,498.2,482.7,482.7
2025/02/06,487.3,494.5,481.8,484.5
2025/02/07,486.4,489.1,468.2,469.1
2025/02/10,467.3,472.7,459.1,469.1
2025/02/11,474.5,481.8,469.1,469.1
2025/02/12,470.9,478.2,468.2,468.2
2025/02/13,472.7,490.9,470.9,483.6
2025/02/14,485.5,486.4,473.6,476.4
2025/02/17,477.3,486.4,477.3,482.7
2025/02/18,481.8,488.2,480.0,488.2
2025/02/19,490.9,516.4,487.3,515.5
2025/02/20,518.2,566.4,512.7,566.4
2025/02/21,571.8,614.5,570.9,577.3
2025/02/24,580.0,607.3,580.0,600.9
2025/02/25,600.9,602.7,580.9,580.9
2025/02/26,576.4,592.7,565.5,568.2
2025/02/27,575.5,589.1,568.2,572.7
2025/03/03,549.1,574.5,549.1,555.5
2025/03/04,552.7,560.9,542.7,554.5
2025/03/05,554.5,584.5,550.9,580.0
2025/03/06,584.5,588.2,566.4,566.4
2025/03/07,563.6,578.2,550.9,551.8
2025/03/10,559.1,564.5,547.3,550.9
2025/03/11,531.8,540.0,510.9,510.9
2025/03/12,517.3,521.8,491.8,495.5
2025/03/13,504.5,510.0,497.3,500.0
2025/03/14,500.0,504.5,484.5,490.9
2025/03/17,495.5,498.2,481.8,484.5
2025/03/18,489.1,491.8,478.2,480.9
2025/03/19,483.6,485.5,478.2,478.2
2025/03/20,482.7,490.9,479.1,483.6
2025/03/21,487.3,488.2,478.2,479.1
2025/03/24,483.6,484.5,466.4,466.4
2025/03/25,473.6,479.1,461.8,469.1
2025/03/26,471.8,484.5,470.9,479.1
2025/03/27,477.3,477.3,470.9,470.9
2025/03/28,472.7,473.6,453.2,453.6
2025/03/31,430.0,437.3,408.6,408.6
2025/04/01,411.8,411.8,381.8,390.9
2025/04/02,402.7,415.9,396.4,400.5
2025/04/07,360.5,360.5,360.5,360.5
2025/04/08,324.5,324.5,324.5,324.5
2025/04/09,299.1,307.3,292.3,292.3
2025/04/10,321.4,321.4,321.4,321.4
2025/04/11,291.8,348.6,290.9,348.2
2025/04/14,355.0,365.0,348.2,348.2
2025/04/15,357.3,382.7,354.5,380.5
2025/04/16,379.5,385.9,362.7,362.7
2025/04/17,355.0,361.8,347.7,360.0
2025/04/18,360.9,363.2,350.5,351.8
2025/04/21,351.8,355.9,340.9,345.0
2025/04/22,337.3,350.0,337.3,339.1
2025/04/23,350.0,360.0,348.2,357.3
2025/04/24,362.7,365.5,351.8,355.5
2025/04/25,364.5,375.9,364.1,365.5
2025/04/28,370.9,372.7,364.5,368.6
2025/04/29,370.9,386.4,365.0,386.4
2025/04/30,384.5,394.5,379.5,382.7
2025/05/02,392.3,420.0,389.1,412.7
2025/05/05,421.8,440.9,414.1,418.6
2025/05/06,418.2,420.9,408.2,414.5
2025/05/07,412.7,413.6,405.0,409.1
2025/05/08,412.7,419.1,410.9,417.7
2025/05/09,420.0,423.6,410.0,420.9
2025/05/12,425.5,451.8,425.5,442.3
2025/05/13,453.6,459.1,432.3,435.0
2025/05/14,440.9,443.6,436.4,442.7
2025/05/15,445.5,454.5,439.1,450.0
2025/05/16,454.1,472.7,450.9,450.9
2025/05/19,454.5,459.1,436.8,436.8
2025/05/20,441.8,442.7,428.6,430.0
2025/05/21,431.8,435.5,424.5,435.5
2025/05/22,434.5,444.1,429.1,430.9
2025/05/23,434.5,438.2,430.9,435.5
2025/05/26,437.7,438.6,422.7,423.2
2025/05/27,428.6,437.7,427.7,431.8
2025/05/28,438.2,443.6,425.9,427.3
2025/05/29,431.8,432.7,417.3,417.7
2025/06/02,415.5,416.8,402.7,402.7
2025/06/03,405.9,415.9,404.1,414.1
2025/06/04,414.1,419.5,414.1,419.1
2025/06/05,420.0,427.3,413.6,414.1
2025/06/06,415.9,424.1,412.7,420.0
2025/06/09,426.4,437.7,420.5,429.1
2025/06/10,429.5,440.5,425.5,440.5
2025/06/11,441.8,450.0,438.6,439.5
2025/06/12,443.2,470.0,441.8,465.5
2025/06/13,465.5,468.2,455.5,458.2
2025/06/16,468.2,480.0,458.2,480.0
2025/06/17,484.5,504.5,483.6,500.9
2025/06/18,510.9,549.1,510.9,540.9
2025/06/19,548.2,556.4,521.8,527.3
2025/06/20,528.2,530.0,510.9,512.7
2025/06/23,499.1,520.9,495.5,520.0
2025/06/24,531.8,532.7,512.7,514.5
2025/06/25,521.8,522.7,514.5,515.5
2025/06/26,518.2,536.4,518.2,520.0
2025/06/27,526.4,530.9,520.0,523.6
2025/06/30,525.5,526.4,509.1,511.8
2025/07/01,518.2,529.1,516.4,525.5
2025/07/02,525.5,529.1,519.1,520.9
2025/07/03,527.3,530.9,521.8,523.6
2025/07/04,525.5,526.4,503.6,508.2
2025/07/07,508.2,508.2,493.6,498.2
2025/07/08,492.7,505.5,486.4,505.5
2025/07/09,500.0,529.1,496.4,522.7
2025/07/10,523.6,538.2,520.9,524.5
2025/07/11,527.3,533.6,520.9,526.4
2025/07/14,531.8,571.8,531.8,555.5
2025/07/15,566.4,574.5,559.1,574.5
2025/07/16,579.1,581.8,551.8,551.8
2025/07/17,555.5,560.0,547.3,560.0
2025/07/18,567.3,574.5,560.0,574.5
2025/07/21,574.5,575.5,567.3,574.5
2025/07/22,578.2,581.8,548.2,552.7
2025/07/23,561.8,605.5,561.8,600.0
2025/07/24,600.0,608.2,584.5,599.1
2025/07/25,610.0,629.0,603.0,620.0
2025/07/28,629.0,651.0,629.0,640.0
2025/07/29,650.0,674.0,645.0,656.0
2025/07/30,668.0,672.0,645.0,663.0
2025/07/31,665.0,674.0,659.0,667.0
2025/08/01,655.0,670.0,653.0,657.0
2025/08/04,649.0,654.0,642.0,644.0
2025/08/05,651.0,656.0,645.0,648.0
2025/08/06,648.0,657.0,647.0,652.0
2025/08/07,658.0,672.0,658.0,669.0
2025/08/08,675.0,676.0,664.0,676.0
2025/08/11,688.0,696.0,672.0,675.0
2025/08/12,679.0,684.0,650.0,663.0
2025/08/13,672.0,672.0,650.0,651.0
2025/08/14,656.0,656.0,622.0,626.0
2025/08/15,625.0,634.0,620.0,620.0
2025/08/18,617.0,618.0,605.0,610.0
2025/08/19,615.0,627.0,610.0,611.0
2025/08/20,611.0,619.0,595.0,611.0
2025/08/21,616.0,623.0,609.0,610.0
2025/08/22,610.0,612.0,596.0,597.0
2025/08/25,606.0,614.0,599.0,610.0
2025/08/26,607.0,613.0,602.0,610.0
2025/08/27,614.0,628.0,611.0,628.0
2025/08/28,635.0,635.0,618.0,618.0
2025/08/29,627.0,653.0,625.0,647.0
2025/09/01,657.0,662.0,610.0,621.0
2025/09/02,626.0,630.0,595.0,600.0
2025/09/03,606.0,615.0,599.0,604.0
2025/09/04,612.0,634.0,612.0,629.0
2025/09/05,634.0,635.0,617.0,622.0
2025/09/08,622.0,629.0,615.0,629.0
2025/09/09,635.0,639.0,621.0,621.0
2025/09/10,628.0,634.0,620.0,624.0
2025/09/11,627.0,633.0,602.0,605.0
2025/09/12,610.0,615.0,606.0,608.0
2025/09/15,613.0,613.0,598.0,601.0
2025/09/16,608.0,608.0,591.0,592.0
2025/09/17,592.0,596.0,582.0,582.0
2025/09/18,590.0,598.0,585.0,594.0
2025/09/19,599.0,602.0,590.0,590.0
2025/09/22,592.0,597.0,587.0,587.0
2025/09/23,589.0,594.0,582.0,586.0
2025/09/24,591.0,614.0,587.0,587.0
2025/09/25,590.0,602.0,583.0,585.0
2025/09/26,580.0,581.0,562.0,567.0
2025/09/30,567.0,581.0,566.0,581.0
2025/10/01,581.0,585.0,572.0,576.0
2025/10/02,580.0,581.0,563.0,563.0
2025/10/03,562.0,574.0,562.0,572.0
2025/10/07,575.0,585.0,572.0,574.0
2025/10/08,570.0,570.0,564.0,570.0
2025/10/09,571.0,571.0,553.0,554.0
2025/10/13,530.0,555.0,526.0,555.0
2025/10/14,561.0,570.0,551.0,551.0
2025/10/15,554.0,574.0,553.0,571.0
2025/10/16,588.0,604.0,586.0,595.0
2025/10/17,590.0,605.0,586.0,595.0
2025/10/20,608.0,614.0,587.0,589.0
2025/10/21,596.0,604.0,593.0,600.0
2025/10/22,600.0,605.0,599.0,600.0
2025/10/23,596.0,599.0,584.0,584.0
2025/10/27,591.0,594.0,581.0,592.0
2025/10/28,590.0,618.0,588.0,618.0
2025/10/29,622.0,622.0,604.0,604.0
2025/10/30,609.0,658.0,608.0,650.0
2025/10/31,655.0,715.0,651.0,715.0
2025/11/03,751.0,786.0,740.0,786.0
2025/11/04,800.0,816.0,763.0,772.0
2025/11/05,748.0,788.0,742.0,785.0
2025/11/06,785.0,785.0,765.0,765.0
2025/11/07,755.0,774.0,743.0,746.0
2025/11/10,765.0,770.0,750.0,770.0
2025/11/11,775.0,780.0,758.0,758.0
2025/11/12,765.0,770.0,759.0,765.0
2025/11/13,769.0,769.0,737.0,745.0
2025/11/14,725.0,736.0,722.0,722.0
2025/11/17,737.0,739.0,730.0,738.0
2025/11/18,740.0,740.0,706.0,707.0
2025/11/19,716.0,750.0,716.0,750.0
2025/11/20,789.0,803.0,732.0,739.0
2025/11/21,721.0,780.0,687.0,688.0
2025/11/24,701.0,729.0,698.0,706.0
2025/11/25,720.0,721.0,677.0,681.0
2025/11/26,689.0,704.0,677.0,695.0
2025/11/27,704.0,743.0,704.0,729.0
2025/11/28,738.0,738.0,698.0,700.0
2025/12/01,717.0,727.0,707.0,707.0
2025/12/02,711.0,718.0,691.0,691.0
2025/12/03,703.0,706.0,692.0,706.0
2025/12/04,705.0,715.0,694.0,711.0
2025/12/05,715.0,720.0,708.0,716.0
2025/12/08,720.0,730.0,704.0,715.0
2025/12/09,721.0,730.0,715.0,730.0
2025/12/10,745.0,784.0,735.0,779.0
2025/12/11,786.0,789.0,755.0,761.0
2025/12/12,767.0,808.0,767.0,807.0
2025/12/15,818.0,856.0,800.0,802.0
2025/12/16,812.0,834.0,783.0,798.0
2025/12/17,803.0,806.0,764.0,765.0
2025/12/18,770.0,782.0,754.0,757.0
2025/12/19,767.0,769.0,748.0,761.0
2025/12/22,773.0,790.0,766.0,786.0
2025/12/23,798.0,807.0,785.0,789.0
2025/12/24,798.0,800.0,783.0,783.0
2025/12/26,783.0,794.0,775.0,785.0
2025/12/29,791.0,791.0,776.0,778.0
2025/12/30,772.0,776.0,765.0,773.0
2025/12/31,773.0,780.0,764.0,765.0
2026/01/02,770.0,777.0,737.0,744.0
2026/01/05,746.0,752.0,736.0,737.0
2026/01/06,742.0,753.0,737.0,739.0
2026/01/07,744.0,755.0,732.0,755.0
2026/01/08,752.0,752.0,734.0,735.0
2026/01/09,737.0,791.0,731.0,786.0
2026/01/12,794.0,829.0,791.0,817.0
2026/01/13,839.0,852.0,810.0,812.0
2026/01/14,830.0,893.0,830.0,893.0
2026/01/15,935.0,944.0,894.0,907.0
2026/01/16,942.0,992.0,921.0,965.0
2026/01/19,963.0,995.0,942.0,963.0
2026/01/20,960.0,1005.0,956.0,1005.0
2026/01/21,982.0,1050.0,982.0,1025.0
2026/01/22,1045.0,1095.0,1000.0,1080.0
2026/01/23,1075.0,1100.0,1025.0,1030.0
2026/01/26,1030.0,1050.0,1000.0,1020.0
2026/01/27,1025.0,1030.0,1000.0,1015.0
2026/01/28,1020.0,1050.0,1010.0,1040.0
2026/01/29,1050.0,1055.0,989.0,1015.0
2026/01/30,1010.0,1020.0,970.0,970.0
2026/02/02,950.0,961.0,931.0,942.0
2026/02/03,961.0,978.0,926.0,947.0
2026/02/04,939.0,992.0,939.0,991.0
2026/02/05,982.0,1010.0,952.0,955.0
2026/02/06,949.0,957.0,908.0,910.0
2026/02/09,948.0,964.0,934.0,945.0
2026/02/10,966.0,985.0,943.0,966.0
2026/02/11,950.0,975.0,937.0,967.0
2026/02/23,996.0,1005.0,963.0,966.0
2026/02/24,975.0,980.0,951.0,956.0
2026/02/25,965.0,1050.0,962.0,1050.0
2026/02/26,1080.0,1115.0,997.0,1070.0
2026/03/02,1035.0,1070.0,1020.0,1030.0
2026/03/03,1035.0,1050.0,984.0,985.0
2026/03/04,960.0,975.0,904.0,908.0
2026/03/05,959.0,975.0,924.0,951.0
2026/03/06,940.0,956.0,910.0,926.0
2026/03/09,850.0,883.0,846.0,871.0
2026/03/10,910.0,937.0,902.0,912.0
2026/03/11,937.0,948.0,928.0,932.0
2026/03/12,926.0,952.0,920.0,922.0
2026/03/13,902.0,929.0,902.0,921.0
2026/03/16,928.0,928.0,906.0,909.0
2026/03/17,921.0,938.0,920.0,921.0
2026/03/18,934.0,948.0,922.0,929.0
2026/03/19,918.0,928.0,907.0,922.0
2026/03/20,927.0,937.0,906.0,916.0
2026/03/23,894.0,939.0,883.0,890.0
2026/03/24,913.0,922.0,875.0,881.0
2026/03/25,902.0,931.0,895.0,926.0
2026/03/26,932.0,935.0,893.0,894.0
2026/03/27,888.0,888.0,847.0,865.0
2026/03/30,838.0,850.0,822.0,834.0
2026/03/31,827.0,836.0,783.0,787.0
2026/04/01,824.0,825.0,801.0,812.0
2026/04/02,824.0,832.0,797.0,797.0
2026/04/07,814.0,814.0,778.0,785.0
2026/04/08,812.0,835.0,812.0,830.0
2026/04/09,839.0,839.0,805.0,806.0
2026/04/10,812.0,819.0,807.0,814.0
2026/04/13,816.0,818.0,796.0,817.0
2026/04/14,835.0,843.0,823.0,830.0
2026/04/15,860.0,896.0,856.0,877.0
2026/04/16,879.0,885.0,840.0,842.0
2026/04/20,908.0,929.0,886.0,891.0
2026/04/21,911.0,933.0,905.0,919.0
