Date,Open,High,Low,Close
2005/06/30,5.2,5.2,5.2,5.2
2005/07/04,5.2,5.2,5.1,5.2
2005/07/05,5.2,5.2,5.2,5.2
2005/07/06,5.2,5.2,5.1,5.1
2005/07/07,5.1,5.1,5.0,5.0
2005/07/11,5.1,5.1,5.0,5.0
2005/07/12,5.0,5.2,5.0,5.1
2005/07/13,5.1,5.1,5.0,5.0
2005/07/14,5.0,5.2,5.0,5.1
2005/07/18,5.1,5.2,5.1,5.2
2005/07/19,5.1,5.2,5.1,5.1
2005/07/20,5.1,5.1,5.0,5.0
2005/07/21,5.3,5.4,5.2,5.3
2005/07/25,5.1,5.2,5.1,5.1
2005/07/26,5.1,5.1,5.0,5.0
2005/07/27,5.0,5.1,5.0,5.0
2005/07/28,5.0,5.0,5.0,5.0
2005/08/01,5.0,5.0,5.0,5.0
2005/08/02,5.0,5.0,5.0,5.0
2005/08/03,5.0,5.0,5.0,5.0
2005/08/08,5.0,5.0,5.0,5.0
2005/08/09,5.0,5.0,5.0,5.0
2005/08/10,5.0,5.0,5.0,5.0
2005/08/11,5.0,5.1,5.0,5.0
2005/08/15,5.0,5.0,5.0,5.0
2005/08/16,5.0,5.0,5.0,5.0
2005/08/17,5.0,5.0,4.9,4.9
2005/08/18,4.9,4.9,4.9,4.9
2005/08/22,5.0,5.0,5.0,5.0
2005/08/23,5.0,5.0,4.8,5.0
2005/08/24,5.0,5.0,4.8,4.9
2005/08/25,4.9,5.0,4.9,4.9
2005/08/29,4.8,4.9,4.8,4.8
2005/08/30,4.9,4.9,4.8,4.9
2005/09/01,5.0,5.0,4.8,4.9
2005/09/05,4.9,4.9,4.9,4.9
2005/09/06,4.9,4.9,4.8,4.8
2005/09/07,4.8,4.9,4.8,4.8
2005/09/08,4.8,4.8,4.7,4.8
2005/09/12,4.8,4.9,4.8,4.8
2005/09/13,4.8,4.9,4.8,4.9
2005/09/14,4.9,4.9,4.8,4.8
2005/09/15,4.8,4.8,4.7,4.7
2005/09/19,4.7,4.8,4.7,4.8
2005/09/20,4.7,5.0,4.7,4.7
2005/09/21,4.6,4.7,4.6,4.6
2005/09/22,4.6,4.7,4.5,4.5
2005/09/26,4.5,4.6,4.5,4.5
2005/09/27,4.5,4.6,4.5,4.5
2005/09/28,4.5,4.7,4.5,4.7
2005/09/29,4.7,4.8,4.7,4.7
2005/10/03,4.9,4.9,4.8,4.8
2005/10/04,4.8,4.8,4.7,4.7
2005/10/05,4.7,4.8,4.7,4.8
2005/10/06,4.8,4.9,4.8,4.8
2005/10/10,4.8,4.9,4.7,4.8
2005/10/11,4.8,4.9,4.8,4.8
2005/10/12,4.7,4.8,4.7,4.8
2005/10/13,4.8,4.8,4.7,4.8
2005/10/17,4.8,4.8,4.8,4.8
2005/10/18,4.8,4.8,4.7,4.8
2005/10/19,4.7,4.9,4.6,4.8
2005/10/20,4.8,5.1,4.8,5.1
2005/10/24,4.8,5.2,4.8,5.1
2005/10/25,5.0,5.0,4.8,4.8
2005/10/26,4.8,4.8,4.7,4.7
2005/10/27,4.7,4.8,4.7,4.8
2005/10/31,4.8,4.9,4.8,4.8
2005/11/01,4.8,4.8,4.8,4.8
2005/11/02,4.8,4.9,4.8,4.8
2005/11/03,4.9,4.9,4.7,4.7
2005/11/07,5.0,5.0,4.8,4.8
2005/11/08,4.8,4.8,4.8,4.8
2005/11/09,4.8,4.8,4.8,4.8
2005/11/10,4.8,4.8,4.8,4.8
2005/11/14,4.9,5.0,4.8,5.0
2005/11/15,5.0,5.0,4.8,4.8
2005/11/16,4.9,4.9,4.8,4.9
2005/11/17,4.9,4.9,4.8,4.9
2005/11/21,4.8,4.8,4.7,4.7
2005/11/22,4.7,4.8,4.7,4.7
2005/11/23,4.7,4.8,4.7,4.7
2005/11/24,4.7,4.8,4.7,4.7
2005/11/28,4.7,4.7,4.7,4.7
2005/11/29,4.7,4.7,4.6,4.7
2005/11/30,4.7,4.7,4.6,4.7
2005/12/01,4.7,4.7,4.7,4.7
2005/12/05,4.7,4.7,4.7,4.7
2005/12/06,4.7,4.7,4.7,4.7
2005/12/07,4.7,4.7,4.7,4.7
2005/12/08,4.7,4.8,4.7,4.7
2005/12/12,4.9,4.9,4.8,4.8
2005/12/13,4.8,5.0,4.8,4.8
2005/12/14,5.0,5.0,4.9,4.9
2005/12/15,4.9,4.9,4.9,4.9
2005/12/19,5.2,5.2,5.0,5.2
2005/12/20,5.2,5.2,5.0,5.1
2005/12/21,5.2,5.2,5.0,5.0
2005/12/22,5.0,5.1,5.0,5.0
2005/12/26,5.0,5.0,5.0,5.0
2005/12/27,4.9,5.0,4.9,4.9
2005/12/28,4.9,5.0,4.9,5.0
2005/12/29,5.0,5.0,5.0,5.0
2006/01/02,5.0,5.0,4.9,5.0
2006/01/03,5.0,5.0,4.9,4.9
2006/01/04,4.9,5.0,4.9,4.9
2006/01/05,5.0,5.0,4.9,5.0
2006/01/09,5.0,5.2,5.0,5.2
2006/01/10,5.6,5.6,5.5,5.6
2006/01/11,6.0,6.0,5.6,5.6
2006/01/13,5.7,5.7,5.4,5.5
2006/01/16,5.3,5.5,5.3,5.4
2006/01/17,5.3,5.5,5.2,5.4
2006/01/18,5.4,5.4,5.3,5.3
2006/01/19,5.3,5.4,5.1,5.2
2006/01/20,5.2,5.3,5.1,5.1
2006/01/23,5.1,5.2,4.9,5.0
2006/01/24,5.0,5.1,4.9,5.0
2006/01/25,5.0,5.0,5.0,5.0
2006/02/02,5.4,5.4,5.4,5.4
2006/02/03,5.1,5.2,5.0,5.1
2006/02/06,5.1,5.2,5.0,5.2
2006/02/07,5.2,5.2,5.2,5.2
2006/02/08,5.2,5.3,5.2,5.2
2006/02/09,5.2,5.2,5.2,5.2
2006/02/10,5.2,5.3,5.2,5.2
2006/02/13,5.1,5.2,5.1,5.2
2006/02/14,5.1,5.1,5.0,5.1
2006/02/15,5.1,5.1,5.0,5.1
2006/02/16,5.0,5.1,5.0,5.1
2006/02/17,5.0,5.1,5.0,5.1
2006/02/20,5.1,5.1,5.0,5.1
2006/02/21,5.0,5.1,5.0,5.0
2006/02/22,5.0,5.0,4.8,5.0
2006/02/23,5.0,5.0,4.9,5.0
2006/02/24,4.9,4.9,4.8,4.9
2006/02/27,4.8,4.9,4.8,4.9
2006/03/01,4.9,5.0,4.9,4.9
2006/03/02,4.9,5.0,4.9,5.0
2006/03/03,5.0,5.0,4.9,4.9
2006/03/06,4.8,4.9,4.8,4.9
2006/03/07,5.0,5.0,5.0,5.0
2006/03/08,5.0,5.0,4.8,5.0
2006/03/10,4.9,4.9,4.8,4.9
2006/03/13,4.9,4.9,4.8,4.9
2006/03/14,4.8,4.8,4.8,4.8
2006/03/15,4.8,4.9,4.8,4.8
2006/03/16,4.8,4.8,4.8,4.8
2006/03/17,4.8,4.8,4.8,4.8
2006/03/20,4.7,4.8,4.7,4.8
2006/03/21,4.7,4.8,4.7,4.8
2006/03/22,4.7,4.7,4.7,4.7
2006/03/23,4.6,4.7,4.6,4.7
2006/03/24,4.7,4.7,4.6,4.6
2006/03/27,4.6,4.9,4.6,4.8
2006/03/28,4.8,4.8,4.7,4.7
2006/03/29,4.7,4.8,4.7,4.8
2006/03/30,4.8,4.8,4.7,4.7
2006/03/31,4.7,4.7,4.6,4.7
2006/04/03,4.7,4.7,4.7,4.7
2006/04/04,4.7,4.7,4.7,4.7
2006/04/06,4.7,4.8,4.7,4.8
2006/04/07,4.8,4.8,4.7,4.8
2006/04/10,4.8,4.8,4.7,4.8
2006/04/11,4.8,4.8,4.7,4.8
2006/04/12,4.8,4.9,4.8,4.9
2006/04/13,4.9,5.0,4.8,4.9
2006/04/14,5.0,5.0,4.9,5.0
2006/04/17,5.0,5.2,5.0,5.1
2006/04/18,5.1,5.2,5.0,5.1
2006/04/19,5.1,5.2,4.9,5.0
2006/04/20,5.0,5.0,5.0,5.0
2006/04/21,5.0,5.0,4.9,5.0
2006/04/24,5.1,5.1,5.0,5.0
2006/04/25,5.0,5.2,5.0,5.1
2006/04/26,5.2,5.3,5.2,5.2
2006/04/27,5.2,5.4,5.2,5.3
2006/04/28,5.4,5.4,5.1,5.2
2006/05/02,5.2,5.4,5.1,5.3
2006/05/03,5.4,5.4,5.3,5.4
2006/05/04,5.4,5.7,5.4,5.6
2006/05/05,5.7,5.8,5.3,5.4
2006/05/08,5.4,5.6,5.4,5.6
2006/05/09,5.8,6.0,5.7,6.0
2006/05/10,6.4,6.4,6.1,6.2
2006/05/11,6.2,6.2,5.8,5.8
2006/05/12,5.7,6.1,5.5,5.9
2006/05/15,5.9,6.2,5.8,6.1
2006/05/16,6.4,6.4,6.0,6.0
2006/05/17,6.0,6.0,5.7,5.8
2006/05/18,5.6,5.8,5.6,5.8
2006/05/19,5.7,6.0,5.6,5.7
2006/05/22,5.7,5.8,5.4,5.4
2006/05/23,5.4,5.4,5.3,5.3
2006/05/24,5.4,5.6,5.4,5.4
2006/05/25,5.5,5.7,5.5,5.6
2006/05/26,5.8,5.9,5.7,5.7
2006/05/29,5.8,5.9,5.5,5.6
2006/05/30,5.6,5.6,5.2,5.2
2006/06/01,5.3,5.4,5.2,5.3
2006/06/02,5.4,5.4,5.3,5.3
2006/06/05,5.3,5.4,5.1,5.1
2006/06/06,5.1,5.2,4.8,5.0
2006/06/07,5.0,5.1,5.0,5.0
2006/06/08,4.9,5.0,4.7,4.8
2006/06/09,4.8,4.8,4.7,4.8
2006/06/12,4.7,4.8,4.7,4.8
2006/06/13,4.7,4.8,4.7,4.7
2006/06/14,4.8,5.0,4.7,4.9
2006/06/15,4.9,4.9,4.7,4.9
2006/06/16,5.0,5.2,5.0,5.1
2006/06/19,5.0,5.2,5.0,5.1
2006/06/20,5.0,5.0,4.8,4.9
2006/06/21,4.8,5.0,4.8,4.9
2006/06/22,4.9,5.0,4.9,4.9
2006/06/23,4.9,4.9,4.8,4.9
2006/06/26,4.9,4.9,4.9,4.9
2006/06/27,5.0,5.0,4.9,5.0
2006/06/28,5.0,5.0,4.9,5.0
2006/06/29,5.0,5.1,5.0,5.1
2006/06/30,5.1,5.1,5.0,5.1
2006/07/03,5.1,5.3,5.0,5.1
2006/07/04,5.1,5.2,5.1,5.1
2006/07/05,5.1,5.2,5.1,5.1
2006/07/06,5.1,5.1,5.0,5.1
2006/07/07,5.1,5.1,5.0,5.0
2006/07/10,5.0,5.0,5.0,5.0
2006/07/11,5.0,5.0,5.0,5.0
2006/07/12,5.0,5.0,5.0,5.0
2006/07/13,5.0,5.0,5.0,5.0
2006/07/14,4.9,4.9,4.9,4.9
2006/07/17,4.8,4.9,4.7,4.8
2006/07/18,4.8,5.0,4.8,4.8
2006/07/19,4.9,5.0,4.8,5.0
2006/07/20,5.0,5.1,4.9,5.0
2006/07/21,5.0,5.0,4.9,4.9
2006/07/24,4.9,5.0,4.9,4.9
2006/07/25,5.0,5.0,4.9,5.0
2006/07/26,5.0,5.0,4.9,4.9
2006/07/27,4.9,5.0,4.9,5.0
2006/07/28,5.0,5.0,4.9,5.0
2006/07/31,4.9,5.0,4.6,4.8
2006/08/01,4.8,4.9,4.8,4.8
2006/08/02,4.9,4.9,4.8,4.8
2006/08/03,4.9,4.9,4.8,4.8
2006/08/04,4.8,4.8,4.8,4.8
2006/08/07,4.8,4.9,4.8,4.9
2006/08/08,4.8,4.9,4.8,4.9
2006/08/09,4.9,4.9,4.8,4.9
2006/08/10,4.9,4.9,4.9,4.9
2006/08/11,4.7,4.8,4.7,4.8
2006/08/14,4.8,4.9,4.8,4.8
2006/08/15,4.8,4.9,4.8,4.8
2006/08/16,4.8,4.9,4.8,4.9
2006/08/17,4.9,4.9,4.8,4.8
2006/08/18,4.8,4.9,4.8,4.8
2006/08/21,4.8,4.8,4.7,4.8
2006/08/22,4.8,4.8,4.8,4.8
2006/08/23,4.8,4.8,4.7,4.7
2006/08/24,4.7,4.8,4.7,4.7
2006/08/25,4.7,4.8,4.6,4.6
2006/08/28,4.7,4.7,4.5,4.6
2006/08/29,4.6,4.7,4.6,4.6
2006/08/30,4.6,4.6,4.6,4.6
2006/08/31,4.6,4.7,4.6,4.6
2006/09/01,4.6,4.8,4.6,4.6
2006/09/04,4.5,4.7,4.5,4.7
2006/09/05,4.6,4.7,4.6,4.7
2006/09/06,4.7,4.7,4.6,4.7
2006/09/07,4.6,4.6,4.6,4.6
2006/09/08,4.6,4.7,4.6,4.7
2006/09/11,4.6,4.7,4.6,4.7
2006/09/12,4.7,4.7,4.6,4.6
2006/09/13,4.7,4.7,4.6,4.6
2006/09/14,4.6,4.6,4.3,4.4
2006/09/15,4.4,4.5,4.2,4.3
2006/09/18,4.4,4.5,4.4,4.5
2006/09/19,4.5,4.5,4.4,4.4
2006/09/20,4.4,4.5,4.4,4.5
2006/09/21,4.5,4.6,4.5,4.6
2006/09/22,4.6,4.6,4.5,4.6
2006/09/25,4.6,4.6,4.6,4.6
2006/09/26,4.7,4.7,4.6,4.7
2006/09/27,4.6,4.8,4.6,4.7
2006/09/28,4.7,4.7,4.6,4.6
2006/09/29,4.6,4.6,4.5,4.6
2006/10/02,4.6,4.7,4.6,4.7
2006/10/03,4.7,4.8,4.7,4.7
2006/10/04,4.8,4.8,4.7,4.8
2006/10/05,4.8,4.8,4.8,4.8
2006/10/10,4.8,4.8,4.8,4.8
2006/10/11,4.8,5.0,4.8,5.0
2006/10/12,5.0,5.2,5.0,5.0
2006/10/13,5.1,5.2,5.0,5.1
2006/10/16,5.2,5.2,5.1,5.1
2006/10/17,5.1,5.2,5.0,5.2
2006/10/18,5.1,5.2,5.1,5.1
2006/10/19,5.1,5.2,5.1,5.1
2006/10/20,5.1,5.1,5.1,5.1
2006/10/23,5.1,5.2,5.1,5.2
2006/10/24,5.2,5.4,5.2,5.4
2006/10/25,5.4,5.6,5.4,5.4
2006/10/26,5.4,5.4,5.2,5.4
2006/10/27,5.3,5.3,5.2,5.3
2006/10/30,5.2,5.2,5.1,5.2
2006/10/31,5.3,5.3,5.2,5.2
2006/11/01,5.1,5.2,5.1,5.2
2006/11/02,5.1,5.2,5.1,5.2
2006/11/03,5.2,5.3,5.2,5.2
2006/11/06,5.1,5.2,5.1,5.1
2006/11/07,5.2,5.3,5.2,5.3
2006/11/08,5.3,5.6,5.3,5.6
2006/11/09,5.6,5.6,5.2,5.3
2006/11/10,5.3,5.4,5.2,5.3
2006/11/13,5.3,5.6,5.2,5.5
2006/11/14,5.7,5.9,5.6,5.7
2006/11/15,5.7,5.8,5.5,5.6
2006/11/16,5.7,5.8,5.6,5.7
2006/11/17,5.7,5.7,5.5,5.6
2006/11/20,5.6,5.6,5.5,5.6
2006/11/21,5.6,5.6,5.4,5.4
2006/11/22,5.4,5.6,5.4,5.6
2006/11/23,5.6,5.6,5.5,5.6
2006/11/24,5.6,5.6,5.6,5.6
2006/11/27,5.6,5.7,5.6,5.6
2006/11/28,5.6,5.9,5.6,5.8
2006/11/29,5.9,6.0,5.7,5.8
2006/11/30,5.9,6.0,5.9,6.0
2006/12/01,6.2,6.2,6.0,6.1
2006/12/04,6.1,6.5,6.1,6.5
2006/12/05,6.7,6.7,6.0,6.2
2006/12/06,6.1,6.3,6.1,6.2
2006/12/07,6.2,6.4,6.1,6.3
2006/12/08,6.2,6.7,6.2,6.6
2006/12/11,6.9,7.0,6.7,6.8
2006/12/12,6.9,6.9,6.3,6.5
2006/12/13,6.5,6.6,6.0,6.2
2006/12/14,6.2,6.4,6.2,6.2
2006/12/15,6.4,6.6,6.4,6.4
2006/12/18,6.4,6.6,6.4,6.5
2006/12/19,6.5,6.7,6.5,6.6
2006/12/20,6.6,6.8,6.6,6.8
2006/12/21,6.8,7.0,6.7,6.8
2006/12/22,6.8,6.8,6.6,6.6
2006/12/25,6.6,6.6,6.5,6.6
2006/12/26,6.6,6.8,6.6,6.8
2006/12/27,7.0,7.0,6.7,6.8
2006/12/28,6.8,6.8,6.7,6.8
2006/12/29,6.8,7.3,6.8,7.3
2007/01/01,7.3,7.3,7.3,7.3
2007/01/02,7.8,7.8,7.8,7.8
2007/01/03,8.3,8.3,8.3,8.3
2007/01/04,8.8,8.8,7.8,7.8
2007/01/05,7.5,7.7,7.4,7.6
2007/01/08,7.8,8.1,7.6,8.1
2007/01/09,8.2,8.7,8.0,8.7
2007/01/10,8.7,9.3,8.7,9.0
2007/01/11,9.0,9.2,8.4,8.4
2007/01/12,8.2,8.6,8.2,8.6
2007/01/15,8.8,9.2,8.6,9.2
2007/01/16,9.3,9.8,9.3,9.5
2007/01/17,9.4,9.9,9.2,9.7
2007/01/18,9.7,10.0,9.4,9.7
2007/01/19,9.8,9.9,9.6,9.7
2007/01/22,9.8,9.8,9.4,9.5
2007/01/23,9.6,9.8,9.5,9.5
2007/01/24,9.8,9.8,9.5,9.8
2007/01/25,9.8,10.2,9.7,9.8
2007/01/26,9.7,9.8,9.5,9.5
2007/01/29,9.5,9.6,9.1,9.1
2007/01/30,9.1,9.2,8.8,8.9
2007/01/31,9.0,9.5,9.0,9.4
2007/02/01,9.1,9.4,9.0,9.1
2007/02/02,9.2,9.3,9.0,9.0
2007/02/05,9.0,9.2,8.9,8.9
2007/02/06,9.0,9.2,9.0,9.0
2007/02/07,9.0,9.2,9.0,9.0
2007/02/08,9.0,9.2,9.0,9.0
2007/02/09,9.0,9.2,9.0,9.0
2007/02/12,9.0,9.1,8.8,8.9
2007/02/13,9.0,9.0,8.9,8.9
2007/02/14,9.0,9.0,8.9,8.9
2007/02/26,9.1,9.2,9.0,9.1
2007/02/27,8.9,9.1,8.9,8.9
2007/03/01,8.6,8.9,8.5,8.5
2007/03/02,8.5,8.7,8.5,8.6
2007/03/05,8.4,8.4,7.9,7.9
2007/03/06,7.7,8.0,7.7,7.9
2007/03/07,8.0,8.2,7.9,8.1
2007/03/08,8.1,8.2,8.1,8.2
2007/03/09,8.2,8.4,8.1,8.2
2007/03/12,8.2,8.3,8.2,8.2
2007/03/13,8.2,8.2,8.1,8.2
2007/03/14,8.2,8.3,8.0,8.2
2007/03/15,8.3,8.3,8.2,8.2
2007/03/16,8.2,8.7,8.2,8.7
2007/03/20,8.8,9.2,8.8,8.9
2007/03/21,8.9,9.2,8.9,9.0
2007/03/22,9.2,9.2,8.9,9.0
2007/03/23,9.0,9.1,8.8,9.1
2007/03/26,9.1,9.2,8.9,8.9
2007/03/27,8.9,9.0,8.7,8.7
2007/03/28,8.8,9.0,8.7,8.8
2007/03/29,8.8,8.9,8.6,8.9
2007/03/30,9.0,9.1,8.9,9.0
2007/04/02,9.0,9.1,8.6,8.7
2007/04/03,8.7,9.0,8.7,9.0
2007/04/04,9.1,9.1,8.9,8.9
2007/04/09,9.2,9.6,9.2,9.6
2007/04/10,9.7,10.2,9.6,9.9
2007/04/11,9.9,9.9,9.5,9.6
2007/04/12,9.6,9.9,9.6,9.8
2007/04/13,9.8,9.8,9.4,9.7
2007/04/16,10.0,10.5,10.0,10.0
2007/04/17,10.2,10.4,9.7,9.7
2007/04/18,9.8,9.9,9.6,9.7
2007/04/19,9.7,9.8,9.6,9.6
2007/04/20,9.6,9.9,9.6,9.8
2007/04/23,9.9,10.2,9.9,10.0
2007/04/24,10.0,10.5,10.0,10.2
2007/04/25,10.2,10.3,9.8,9.9
2007/04/26,10.0,10.0,9.8,10.0
2007/04/27,10.2,10.2,9.9,10.0
2007/04/30,10.2,10.2,9.6,9.6
2007/05/02,9.7,9.9,9.6,9.6
2007/05/03,9.7,9.7,9.0,9.0
2007/05/04,9.2,9.2,9.0,9.1
2007/05/07,9.2,9.3,9.2,9.3
2007/05/08,9.4,9.4,9.2,9.2
2007/05/09,9.2,9.2,9.0,9.0
2007/05/10,9.0,9.1,9.0,9.0
2007/05/11,8.9,9.0,8.9,9.0
2007/05/14,9.0,9.0,8.7,8.8
2007/05/15,8.9,9.0,8.9,8.9
2007/05/16,9.0,9.0,8.9,8.9
2007/05/17,9.0,9.4,9.0,9.3
2007/05/18,9.2,9.3,9.2,9.2
2007/05/21,9.2,9.3,9.1,9.2
2007/05/22,9.3,9.3,9.1,9.1
2007/05/23,9.1,9.1,9.0,9.1
2007/05/24,8.9,9.0,8.9,8.9
2007/05/25,8.8,9.0,8.8,8.9
2007/05/28,8.9,9.0,8.7,8.8
2007/05/29,8.8,9.0,8.8,8.8
2007/05/30,8.8,8.9,8.8,8.8
2007/05/31,9.0,9.0,8.8,8.9
2007/06/01,8.9,8.9,8.7,8.7
2007/06/04,8.7,8.8,8.7,8.8
2007/06/05,8.8,8.8,8.6,8.7
2007/06/06,8.7,8.9,8.6,8.8
2007/06/07,8.8,8.9,8.8,8.8
2007/06/08,8.8,8.8,8.6,8.7
2007/06/11,8.7,8.8,8.6,8.7
2007/06/12,8.7,9.0,8.7,8.8
2007/06/13,8.8,8.9,8.7,8.8
2007/06/14,8.9,8.9,8.8,8.8
2007/06/15,8.8,8.9,8.8,8.8
2007/06/20,8.9,9.0,8.8,9.0
2007/06/21,9.0,9.2,8.8,9.0
2007/06/22,9.0,9.1,9.0,9.1
2007/06/25,9.2,9.5,9.1,9.4
2007/06/26,9.4,9.4,9.0,9.0
2007/06/27,9.0,9.2,9.0,9.1
2007/06/28,9.2,9.8,9.2,9.8
2007/06/29,10.0,10.4,10.0,10.0
2007/07/02,10.0,10.1,9.7,9.8
2007/07/03,9.8,10.0,9.7,9.7
2007/07/04,9.8,10.4,9.8,10.1
2007/07/05,10.2,10.8,10.0,10.8
2007/07/06,11.4,11.5,10.8,11.0
2007/07/09,11.0,11.3,10.6,10.8
2007/07/10,10.8,11.0,10.6,10.8
2007/07/11,10.9,11.2,10.7,10.7
2007/07/12,10.8,11.2,10.8,11.0
2007/07/13,11.2,11.3,10.7,10.7
2007/07/16,11.2,11.4,11.1,11.4
2007/07/17,11.6,12.2,11.6,12.2
2007/07/18,12.7,13.0,12.3,13.0
2007/07/19,13.6,13.9,12.3,12.4
2007/07/20,12.4,12.6,11.5,12.4
2007/07/23,12.1,12.6,12.0,12.0
2007/07/24,12.1,12.5,12.0,12.0
2007/07/25,11.9,12.2,11.8,12.2
2007/07/26,12.3,12.6,11.5,11.6
2007/07/27,11.0,11.4,10.8,11.1
2007/07/30,11.0,11.4,10.8,11.0
2007/07/31,11.2,11.4,11.0,11.1
2007/08/01,11.0,11.4,10.5,10.6
2007/08/02,10.8,11.0,9.9,9.9
2007/08/03,10.0,10.6,10.0,10.6
2007/08/06,10.8,11.2,10.8,11.2
2007/08/07,12.0,12.0,11.2,11.2
2007/08/08,11.4,12.0,11.0,11.8
2007/08/09,11.8,12.3,11.6,11.6
2007/08/10,11.1,11.8,11.1,11.7
2007/08/13,12.0,12.4,11.7,12.1
2007/08/14,12.0,12.3,11.8,12.0
2007/08/15,11.8,12.0,11.2,11.5
2007/08/16,11.2,11.3,10.7,10.7
2007/08/17,10.4,10.8,10.0,10.0
2007/08/20,10.4,10.6,10.2,10.6
2007/08/21,10.7,11.0,10.3,10.5
2007/08/22,10.6,10.9,10.4,10.6
2007/08/23,10.8,11.0,10.6,10.6
2007/08/24,10.6,10.8,10.5,10.6
2007/08/27,11.0,11.1,10.7,10.8
2007/08/28,10.7,11.0,10.6,11.0
2007/08/29,10.8,11.6,10.8,11.6
2007/08/30,11.8,12.4,11.8,12.0
2007/08/31,11.8,12.1,11.8,12.1
2007/09/03,12.4,12.6,12.2,12.5
2007/09/04,12.6,13.2,12.4,12.9
2007/09/05,13.1,13.1,12.2,12.6
2007/09/06,12.5,12.6,12.3,12.5
2007/09/07,12.6,12.6,12.4,12.4
2007/09/10,12.3,12.6,12.1,12.5
2007/09/11,12.7,13.1,12.6,12.8
2007/09/12,12.8,13.0,12.6,12.8
2007/09/13,12.8,13.4,12.8,12.9
2007/09/14,12.9,13.2,12.8,13.0
2007/09/17,13.1,13.8,13.0,13.4
2007/09/19,13.5,13.6,12.8,13.0
2007/09/20,13.3,13.3,12.8,13.0
2007/09/21,13.1,13.2,12.9,13.1
2007/09/26,13.3,13.7,13.2,13.5
2007/09/27,13.7,13.8,13.2,13.4
2007/09/28,13.5,14.0,13.4,13.8
2007/10/01,15.0,15.5,14.5,15.0
2007/10/02,15.1,15.1,14.4,14.5
2007/10/03,14.6,14.6,14.0,14.2
2007/10/04,14.2,14.2,13.7,14.0
2007/10/05,14.0,14.5,14.0,14.4
2007/10/08,14.6,14.7,14.0,14.2
2007/10/09,14.2,14.4,13.9,14.3
2007/10/11,14.4,14.4,14.0,14.4
2007/10/12,14.4,14.5,14.0,14.3
2007/10/15,14.4,14.4,13.3,13.7
2007/10/16,13.7,13.9,13.4,13.6
2007/10/17,13.6,13.9,13.5,13.9
2007/10/18,14.0,14.1,13.6,13.9
2007/10/19,13.9,13.9,13.6,13.6
2007/10/22,13.6,14.1,13.5,13.6
2007/10/23,13.7,14.0,13.6,13.9
2007/10/24,13.9,14.5,13.9,14.2
2007/10/25,14.2,14.8,14.2,14.4
2007/10/26,14.5,14.6,14.2,14.3
2007/10/29,14.6,14.8,14.4,14.6
2007/10/30,14.6,14.6,13.9,14.0
2007/10/31,14.0,14.0,13.0,13.0
2007/11/01,12.6,12.7,12.2,12.2
2007/11/02,11.3,11.3,11.3,11.3
2007/11/05,10.7,11.2,10.6,11.1
2007/11/06,11.0,11.0,10.4,10.4
2007/11/07,10.6,11.2,10.5,11.2
2007/11/08,11.2,11.8,11.2,11.4
2007/11/09,11.4,11.4,10.6,11.0
2007/11/12,10.3,10.6,10.2,10.2
2007/11/13,10.2,10.2,9.5,10.1
2007/11/14,10.3,10.7,10.2,10.5
2007/11/15,10.5,10.6,10.2,10.4
2007/11/16,10.1,10.8,10.1,10.6
2007/11/19,10.6,10.9,10.5,10.5
2007/11/20,10.2,10.4,9.8,10.0
2007/11/21,10.1,10.3,10.0,10.2
2007/11/22,10.2,10.2,10.0,10.0
2007/11/23,10.0,10.2,9.4,9.5
2007/11/26,9.7,9.7,9.5,9.5
2007/11/27,9.1,9.3,8.9,9.0
2007/11/28,9.2,9.2,8.9,8.9
2007/11/29,9.0,9.2,9.0,9.1
2007/11/30,9.1,9.3,9.1,9.2
2007/12/03,9.4,9.4,9.4,9.4
2007/12/04,9.4,9.8,9.4,9.8
2007/12/05,9.9,9.9,9.6,9.7
2007/12/06,9.8,9.9,9.7,9.7
2007/12/07,9.8,9.8,9.6,9.6
2007/12/10,9.6,9.7,9.4,9.4
2007/12/11,9.6,9.6,9.4,9.5
2007/12/12,9.4,9.6,9.4,9.4
2007/12/13,9.4,9.6,8.8,9.3
2007/12/14,9.2,9.3,8.6,8.8
2007/12/17,8.7,8.7,8.2,8.2
2007/12/18,8.0,8.0,7.6,7.6
2007/12/19,7.8,8.1,7.8,8.0
2007/12/20,8.0,8.0,7.6,7.6
2007/12/21,7.5,7.6,7.1,7.3
2007/12/24,7.5,7.6,7.4,7.6
2007/12/25,7.7,8.2,7.7,8.2
2007/12/26,8.0,8.1,7.8,7.9
2007/12/27,8.0,8.4,8.0,8.3
2007/12/28,8.1,8.5,8.1,8.4
2007/12/31,8.7,9.0,8.6,9.0
2008/01/02,9.2,9.4,8.9,8.9
2008/01/03,8.8,9.2,8.8,9.1
2008/01/04,9.2,9.4,9.1,9.1
2008/01/07,9.1,9.2,8.9,8.9
2008/01/08,8.9,9.1,8.9,9.0
2008/01/09,8.9,9.2,8.8,9.0
2008/01/10,9.3,9.5,9.1,9.2
2008/01/11,9.2,9.2,8.7,9.0
2008/01/14,9.5,9.5,9.0,9.2
2008/01/15,9.2,9.6,9.2,9.4
2008/01/16,9.2,9.4,9.1,9.2
2008/01/17,9.2,9.3,8.9,9.0
2008/01/18,8.9,9.2,8.8,9.2
2008/01/21,9.2,9.3,9.0,9.0
2008/01/22,8.4,8.7,8.4,8.4
2008/01/23,8.4,8.5,7.8,7.8
2008/01/24,8.1,8.1,7.8,7.9
2008/01/25,8.0,8.2,8.0,8.1
2008/01/28,8.1,8.1,7.8,7.8
2008/01/29,7.9,8.0,7.7,7.9
2008/01/30,8.0,8.0,7.9,7.9
2008/01/31,7.8,8.0,7.8,8.0
2008/02/01,8.0,8.2,8.0,8.2
2008/02/12,8.1,8.3,7.8,8.3
2008/02/13,8.3,8.4,8.2,8.2
2008/02/14,8.2,8.3,8.2,8.3
2008/02/15,8.2,8.2,8.2,8.2
2008/02/18,8.4,8.8,8.4,8.8
2008/02/19,9.2,9.2,8.9,8.9
2008/02/20,8.9,9.0,8.5,8.6
2008/02/21,8.8,8.9,8.7,8.8
2008/02/22,8.8,9.0,8.6,9.0
2008/02/25,9.5,9.6,9.4,9.6
2008/02/26,10.0,10.2,9.7,10.1
2008/02/27,10.2,10.2,9.9,10.0
2008/02/29,9.8,10.2,9.8,10.0
2008/03/03,9.8,10.8,9.8,10.8
2008/03/04,10.9,11.0,10.6,10.8
2008/03/05,10.8,11.2,10.8,10.9
2008/03/06,11.0,11.0,10.4,10.4
2008/03/07,10.4,10.6,10.1,10.1
2008/03/10,10.1,10.2,9.6,9.6
2008/03/11,9.0,9.8,9.0,9.7
2008/03/12,10.0,10.1,9.7,9.7
2008/03/13,9.6,9.8,9.2,9.3
2008/03/14,9.4,9.5,9.1,9.1
2008/03/17,9.0,9.3,9.0,9.2
2008/03/18,9.3,9.3,9.0,9.1
2008/03/19,9.3,9.4,9.2,9.2
2008/03/20,9.3,9.4,9.2,9.4
2008/03/21,9.4,9.6,9.4,9.5
2008/03/24,10.2,10.2,10.0,10.2
2008/03/25,10.7,10.7,10.2,10.3
2008/03/26,10.3,10.6,10.3,10.5
2008/03/27,10.6,10.6,10.3,10.4
2008/03/28,10.4,10.6,10.4,10.6
2008/03/31,10.4,10.6,10.2,10.2
2008/04/01,10.4,10.4,9.9,9.9
2008/04/02,10.0,10.1,9.8,9.9
2008/04/03,10.0,10.0,9.6,9.6
2008/04/07,9.7,10.0,9.7,9.9
2008/04/08,10.0,10.0,9.8,9.9
2008/04/09,10.0,10.2,9.8,10.0
2008/04/10,9.9,10.2,9.9,10.2
2008/04/11,10.2,10.8,10.2,10.8
2008/04/14,11.1,11.6,11.0,11.6
2008/04/15,11.8,11.9,11.2,11.4
2008/04/16,11.6,11.8,11.3,11.4
2008/04/17,11.6,11.8,11.2,11.2
2008/04/18,11.2,11.6,11.2,11.4
2008/04/21,11.6,11.7,11.0,11.0
2008/04/22,11.0,11.8,11.0,11.8
2008/04/23,12.4,12.6,11.9,12.0
2008/04/24,12.1,12.8,11.8,12.8
2008/04/25,13.2,13.6,12.7,12.8
2008/04/28,12.8,12.9,12.0,12.2
2008/04/29,12.2,12.6,11.8,11.9
2008/04/30,11.9,12.6,11.8,12.2
2008/05/02,12.3,12.8,12.0,12.5
2008/05/05,12.6,13.1,12.4,12.8
2008/05/06,12.8,12.8,12.1,12.1
2008/05/07,12.1,12.3,12.1,12.1
2008/05/08,12.3,12.3,12.3,12.3
2008/05/09,12.3,12.7,12.2,12.4
2008/05/12,12.4,12.6,12.2,12.2
2008/05/13,12.3,12.6,12.2,12.2
2008/05/14,12.4,13.0,12.2,13.0
2008/05/15,13.1,13.6,12.9,13.2
2008/05/16,13.4,13.4,13.0,13.0
2008/05/19,13.1,13.5,13.0,13.1
2008/05/20,13.3,14.0,13.1,13.1
2008/05/21,13.3,14.0,13.2,13.6
2008/05/22,13.8,14.3,13.5,13.7
2008/05/23,14.3,14.3,13.4,13.4
2008/05/26,13.4,13.6,12.5,12.5
2008/05/27,12.6,12.8,12.3,12.5
2008/05/28,12.6,12.8,12.4,12.4
2008/05/29,12.3,12.8,12.0,12.2
2008/05/30,12.6,12.6,11.4,11.6
2008/06/02,11.5,11.5,10.8,10.9
2008/06/03,10.7,10.8,10.5,10.6
2008/06/04,10.5,10.8,10.3,10.8
2008/06/05,10.8,11.0,10.6,11.0
2008/06/06,11.0,11.4,11.0,11.1
2008/06/09,10.6,10.8,10.6,10.6
2008/06/10,10.8,11.0,10.4,10.4
2008/06/11,10.5,10.7,9.9,9.9
2008/06/12,9.4,9.6,9.2,9.2
2008/06/13,9.5,9.6,9.2,9.6
2008/06/16,9.7,10.2,9.7,10.2
2008/06/17,10.2,10.8,10.2,10.6
2008/06/18,10.6,11.0,10.4,10.7
2008/06/19,10.4,10.5,10.3,10.4
2008/06/20,10.0,10.6,9.7,9.7
2008/06/23,9.5,9.6,9.3,9.4
2008/06/24,9.3,9.7,9.0,9.0
2008/06/25,9.0,9.2,8.8,9.2
2008/06/26,9.3,9.6,9.0,9.3
2008/06/27,8.6,9.1,8.6,8.8
2008/06/30,8.9,9.0,8.6,8.6
2008/07/01,8.6,8.8,8.0,8.0
2008/07/02,7.7,8.2,7.5,8.1
2008/07/03,7.8,8.6,7.7,8.6
2008/07/04,8.7,9.0,8.3,8.4
2008/07/07,8.3,8.6,8.2,8.5
2008/07/08,8.5,8.6,8.2,8.3
2008/07/09,8.4,8.6,8.3,8.3
2008/07/10,8.3,8.6,8.2,8.4
2008/07/11,8.6,8.9,8.4,8.8
2008/07/14,8.8,8.9,8.6,8.8
2008/07/15,8.7,8.8,8.2,8.2
2008/07/16,8.1,8.4,7.8,7.8
2008/07/17,8.0,8.2,8.0,8.1
2008/07/18,8.3,8.3,7.7,7.7
2008/07/21,7.9,8.1,7.8,8.0
2008/07/22,8.0,8.0,7.8,7.9
2008/07/23,8.0,8.4,8.0,8.4
2008/07/24,8.4,8.8,8.4,8.6
2008/07/25,8.4,8.6,8.4,8.6
2008/07/29,8.1,8.4,8.1,8.3
2008/07/30,8.4,8.5,8.2,8.2
2008/07/31,8.3,8.4,8.0,8.2
2008/08/01,8.0,8.1,8.0,8.1
2008/08/04,8.1,8.1,7.8,8.0
2008/08/05,7.8,8.0,7.4,7.4
2008/08/06,7.4,7.6,7.2,7.4
2008/08/07,7.4,7.5,7.3,7.3
2008/08/08,7.3,7.5,7.2,7.5
2008/08/11,7.7,7.7,7.5,7.5
2008/08/12,7.6,7.6,7.5,7.5
2008/08/13,7.5,7.5,7.2,7.4
2008/08/14,7.4,7.8,7.4,7.8
2008/08/15,7.8,8.0,7.6,7.6
2008/08/18,7.6,7.6,7.3,7.3
2008/08/19,7.4,7.4,7.3,7.3
2008/08/20,7.3,7.4,7.2,7.4
2008/08/21,7.3,7.4,7.2,7.2
2008/08/22,7.2,7.3,7.1,7.1
2008/08/25,7.3,7.4,7.2,7.3
2008/08/26,7.2,7.3,7.2,7.3
2008/08/27,7.2,7.3,7.2,7.3
2008/08/28,7.3,7.4,7.2,7.2
2008/08/29,7.3,7.4,7.2,7.2
2008/09/01,7.2,7.2,6.8,6.8
2008/09/02,6.8,6.9,6.5,6.5
2008/09/03,6.5,6.5,6.0,6.0
2008/09/04,5.6,5.7,5.6,5.6
2008/09/05,5.2,5.4,5.2,5.2
2008/09/08,5.2,5.6,5.2,5.6
2008/09/09,5.7,5.7,5.2,5.4
2008/09/10,5.2,5.4,5.2,5.4
2008/09/11,5.5,5.7,5.2,5.4
2008/09/12,5.4,5.4,5.0,5.2
2008/09/15,5.2,5.2,4.9,4.9
2008/09/16,4.6,4.6,4.6,4.6
2008/09/17,4.2,4.6,4.2,4.2
2008/09/18,4.0,4.0,4.0,4.0
2008/09/19,4.0,4.2,4.0,4.2
2008/09/22,4.5,4.5,4.4,4.5
2008/09/23,4.6,4.8,4.6,4.8
2008/09/24,5.2,5.2,5.2,5.2
2008/09/25,5.5,5.5,5.3,5.4
2008/09/26,5.6,5.6,5.0,5.1
2008/09/30,4.8,4.9,4.8,4.8
2008/10/01,4.8,5.1,4.8,5.1
2008/10/02,5.2,5.4,5.1,5.2
2008/10/03,5.1,5.2,4.9,5.1
2008/10/06,5.0,5.2,5.0,5.0
2008/10/07,4.8,4.9,4.6,4.8
2008/10/08,4.6,4.9,4.5,4.5
2008/10/09,4.6,4.7,4.5,4.6
2008/10/13,4.4,4.5,4.4,4.5
2008/10/14,4.8,4.8,4.8,4.8
2008/10/15,5.2,5.2,5.2,5.2
2008/10/16,5.0,5.3,5.0,5.0
2008/10/17,5.0,5.2,4.9,5.0
2008/10/20,4.8,5.0,4.8,5.0
2008/10/21,5.0,5.3,5.0,5.1
2008/10/22,5.0,5.1,4.9,4.9
2008/10/23,4.8,4.8,4.8,4.8
2008/10/24,4.6,4.6,4.6,4.6
2008/10/27,4.3,4.4,4.3,4.3
2008/10/28,4.0,4.3,4.0,4.2
2008/10/29,4.5,4.5,4.3,4.3
2008/10/30,4.4,4.6,4.4,4.6
2008/10/31,4.8,4.9,4.5,4.8
2008/11/03,4.8,4.9,4.7,4.8
2008/11/04,4.8,4.8,4.6,4.7
2008/11/05,4.9,4.9,4.6,4.8
2008/11/06,4.5,4.7,4.5,4.5
2008/11/07,4.2,4.8,4.2,4.6
2008/11/10,4.7,4.9,4.5,4.7
2008/11/11,4.7,4.8,4.7,4.7
2008/11/12,4.6,4.7,4.6,4.6
2008/11/13,4.6,4.6,4.3,4.4
2008/11/14,4.6,4.6,4.4,4.4
2008/11/17,4.4,4.7,4.4,4.7
2008/11/18,5.0,5.0,4.9,5.0
2008/11/19,4.9,5.3,4.8,5.1
2008/11/20,4.9,5.0,4.7,4.7
2008/11/21,4.4,4.7,4.4,4.6
2008/11/24,4.7,4.8,4.6,4.7
2008/11/25,5.0,5.0,4.7,4.7
2008/11/26,4.8,4.8,4.7,4.7
2008/11/27,4.9,4.9,4.8,4.9
2008/11/28,4.9,5.0,4.8,4.9
2008/12/01,4.9,5.2,4.9,5.1
2008/12/02,5.0,5.2,4.8,5.0
2008/12/03,5.1,5.4,5.1,5.4
2008/12/04,5.6,5.6,5.0,5.1
2008/12/05,5.0,5.2,4.9,5.2
2008/12/08,5.2,5.4,5.2,5.3
2008/12/09,5.4,5.5,5.2,5.2
2008/12/10,5.3,5.4,5.3,5.4
2008/12/11,5.5,5.5,5.1,5.1
2008/12/12,5.1,5.2,5.0,5.1
2008/12/15,5.1,5.3,5.1,5.2
2008/12/16,5.1,5.2,5.0,5.1
2008/12/17,5.2,5.2,5.1,5.1
2008/12/18,5.1,5.3,5.0,5.2
2008/12/19,5.0,5.2,5.0,5.1
2008/12/22,5.1,5.2,4.9,4.9
2008/12/23,4.8,4.8,4.6,4.7
2008/12/24,4.5,4.8,4.5,4.8
2008/12/25,4.8,4.9,4.8,4.9
2008/12/26,4.9,5.0,4.8,4.8
2008/12/29,4.8,4.9,4.8,4.8
2008/12/30,4.8,5.0,4.8,5.0
2008/12/31,5.0,5.0,4.9,4.9
2009/01/05,5.0,5.0,5.0,5.0
2009/01/06,5.0,5.1,5.0,5.0
2009/01/07,5.1,5.1,5.0,5.0
2009/01/08,5.0,5.0,4.8,4.8
2009/01/09,4.9,4.9,4.8,4.8
2009/01/12,5.0,5.0,4.9,4.9
2009/01/13,4.8,4.9,4.8,4.9
2009/01/14,4.8,4.9,4.8,4.9
2009/01/15,4.8,4.8,4.7,4.8
2009/01/16,4.7,4.8,4.7,4.7
2009/01/19,4.8,4.8,4.6,4.6
2009/01/20,4.6,4.6,4.4,4.4
2009/01/21,4.3,4.5,4.3,4.4
2009/02/02,4.3,4.5,4.2,4.4
2009/02/03,4.4,4.5,4.4,4.5
2009/02/04,4.4,4.5,4.4,4.4
2009/02/05,4.4,4.5,4.4,4.5
2009/02/06,4.6,4.6,4.3,4.5
2009/02/09,4.6,4.6,4.5,4.6
2009/02/10,4.6,4.6,4.5,4.5
2009/02/11,4.5,4.6,4.4,4.5
2009/02/12,4.6,4.6,4.4,4.4
2009/02/13,4.4,4.5,4.4,4.5
2009/02/16,4.5,4.5,4.4,4.5
2009/02/17,4.4,4.5,4.4,4.5
2009/02/18,4.4,4.5,4.4,4.5
2009/02/19,4.4,4.5,4.4,4.4
2009/02/20,4.4,4.5,4.3,4.4
2009/02/23,4.4,4.4,4.4,4.4
2009/02/24,4.4,4.4,4.2,4.3
2009/02/25,4.4,4.4,4.3,4.3
2009/02/26,4.3,4.4,4.3,4.3
2009/02/27,4.4,4.4,4.3,4.3
2009/03/02,4.3,4.3,4.1,4.2
2009/03/03,4.2,4.2,4.1,4.2
2009/03/04,4.2,4.3,4.2,4.3
2009/03/05,4.3,4.4,4.3,4.3
2009/03/06,4.3,4.3,4.2,4.3
2009/03/09,4.3,4.4,4.3,4.4
2009/03/10,4.4,4.4,4.4,4.4
2009/03/11,4.6,4.6,4.5,4.5
2009/03/12,4.6,4.6,4.5,4.6
2009/03/13,4.6,4.8,4.6,4.7
2009/03/16,4.7,5.0,4.7,5.0
2009/03/17,5.1,5.2,5.0,5.0
2009/03/18,5.0,5.1,4.8,4.9
2009/03/19,5.0,5.0,4.8,4.9
2009/03/20,4.9,5.2,4.9,5.0
2009/03/23,5.1,5.1,5.0,5.1
2009/03/24,5.2,5.3,5.0,5.2
2009/03/25,5.2,5.5,5.2,5.4
2009/03/26,5.4,5.6,5.4,5.6
2009/03/27,5.9,6.0,5.7,6.0
2009/03/30,6.0,6.1,5.6,5.6
2009/03/31,5.4,5.6,5.4,5.5
2009/04/01,5.5,5.8,5.5,5.8
2009/04/02,5.9,6.0,5.8,6.0
2009/04/03,6.0,6.1,6.0,6.0
2009/04/06,6.2,6.3,6.1,6.2
2009/04/07,6.1,6.3,6.1,6.2
2009/04/08,6.2,6.2,5.9,6.0
2009/04/09,6.0,6.2,6.0,6.2
2009/04/10,6.3,6.3,6.2,6.2
2009/04/13,6.2,6.7,6.2,6.7
2009/04/14,6.7,7.1,6.7,7.0
2009/04/15,7.0,7.0,6.6,6.7
2009/04/16,6.8,6.9,6.6,6.8
2009/04/17,6.8,6.9,6.3,6.3
2009/04/20,6.3,6.3,5.8,6.0
2009/04/21,5.9,6.4,5.9,6.4
2009/04/22,6.4,6.8,6.4,6.6
2009/04/23,6.8,6.8,6.4,6.5
2009/04/24,6.5,6.7,6.3,6.5
2009/04/27,6.8,7.0,6.7,7.0
2009/04/28,7.2,7.2,6.5,6.5
2009/04/29,6.5,6.5,6.0,6.2
2009/04/30,6.4,6.6,6.3,6.6
2009/05/04,6.8,7.1,6.7,6.9
2009/05/05,7.0,7.0,6.4,6.5
2009/05/06,6.6,6.8,6.6,6.8
2009/05/07,6.7,7.0,6.6,6.9
2009/05/08,6.9,6.9,6.7,6.8
2009/05/11,7.2,7.2,7.2,7.2
2009/05/12,7.5,7.7,7.1,7.7
2009/05/13,8.2,8.3,8.0,8.2
2009/05/14,7.7,8.0,7.7,7.7
2009/05/15,7.6,7.9,7.6,7.8
2009/05/18,7.8,8.3,7.7,8.3
2009/05/19,8.9,8.9,8.2,8.2
2009/05/20,8.2,8.5,8.1,8.2
2009/05/21,8.3,8.6,8.2,8.5
2009/05/22,8.3,8.5,8.2,8.4
2009/05/25,8.5,8.9,8.4,8.9
2009/05/26,8.9,9.2,8.4,8.5
2009/05/27,8.6,8.8,8.6,8.8
2009/06/01,9.2,9.4,8.9,9.2
2009/06/02,9.4,9.5,8.9,8.9
2009/06/03,8.9,8.9,8.4,8.6
2009/06/04,8.6,8.7,8.3,8.6
2009/06/05,8.6,8.9,8.5,8.6
2009/06/08,9.1,9.1,8.3,8.4
2009/06/09,8.4,8.5,7.8,7.9
2009/06/10,7.9,8.1,7.9,7.9
2009/06/11,8.0,8.1,7.8,8.0
2009/06/12,8.1,8.3,8.1,8.2
2009/06/15,8.2,8.2,7.6,7.6
2009/06/16,7.1,7.6,7.1,7.4
2009/06/17,7.4,7.6,7.3,7.3
2009/06/18,7.3,7.5,7.0,7.2
2009/06/19,7.3,7.7,7.3,7.7
2009/06/22,7.9,8.0,7.5,7.7
2009/06/23,7.5,7.7,7.5,7.6
2009/06/24,7.6,8.0,7.6,7.8
2009/06/25,7.9,8.0,7.8,7.8
2009/06/26,7.8,8.0,7.8,7.9
2009/06/29,7.9,8.0,7.7,7.9
2009/06/30,7.9,8.1,7.9,7.9
2009/07/01,7.9,8.1,7.9,8.0
2009/07/02,8.1,8.3,8.1,8.3
2009/07/03,8.2,8.4,8.2,8.3
2009/07/06,8.3,8.9,8.3,8.8
2009/07/07,8.8,8.9,8.5,8.6
2009/07/08,8.5,8.6,8.4,8.4
2009/07/09,8.4,8.5,8.4,8.4
2009/07/10,8.5,8.7,8.4,8.5
2009/07/13,8.6,8.6,8.0,8.0
2009/07/14,8.3,8.3,8.0,8.2
2009/07/15,8.3,8.8,8.2,8.6
2009/07/16,8.6,9.2,8.6,9.2
2009/07/17,9.3,9.6,9.1,9.2
2009/07/20,9.2,9.3,8.9,9.0
2009/07/21,9.1,9.1,9.0,9.0
2009/07/22,9.1,9.5,9.0,9.2
2009/07/23,9.9,9.9,9.9,9.9
2009/07/24,10.6,10.6,10.3,10.6
2009/07/27,10.8,10.8,10.4,10.4
2009/07/28,10.8,10.8,10.4,10.4
2009/07/29,10.6,11.2,10.3,10.9
2009/07/30,11.1,11.6,10.7,11.6
2009/07/31,11.8,12.2,11.2,11.3
2009/08/03,11.6,12.0,11.5,12.0
2009/08/04,12.4,12.4,11.4,11.5
2009/08/05,11.6,11.8,11.2,11.2
2009/08/06,11.2,11.2,10.5,10.8
2009/08/10,11.1,11.1,10.7,10.8
2009/08/11,11.0,11.6,10.7,11.5
2009/08/12,11.4,11.8,11.4,11.4
2009/08/13,11.5,11.6,11.3,11.4
2009/08/14,11.4,11.6,11.4,11.4
2009/08/17,11.4,11.5,11.0,11.0
2009/08/18,10.7,10.8,10.3,10.5
2009/08/19,10.6,10.8,10.5,10.6
2009/08/20,10.6,10.6,10.0,10.1
2009/08/21,10.2,10.8,10.2,10.4
2009/08/24,10.6,10.9,10.6,10.8
2009/08/25,10.8,11.4,10.6,10.8
2009/08/26,11.4,11.5,11.1,11.2
2009/08/27,11.2,11.4,11.0,11.0
2009/08/28,11.0,11.4,10.6,10.6
2009/08/31,10.6,11.2,10.6,11.0
2009/09/01,11.0,11.3,10.9,11.2
2009/09/02,11.2,11.6,11.2,11.4
2009/09/03,11.5,12.2,11.4,12.2
2009/09/04,12.6,13.0,12.4,12.6
2009/09/07,12.7,13.2,12.7,12.8
2009/09/08,12.8,12.9,12.5,12.7
2009/09/09,12.7,13.5,12.6,12.8
2009/09/10,13.4,13.4,12.8,12.9
2009/09/11,13.0,13.4,12.9,13.2
2009/09/14,13.3,13.4,12.8,13.1
2009/09/15,13.1,13.3,13.0,13.1
2009/09/16,13.2,13.2,12.9,13.0
2009/09/17,13.0,13.2,12.7,12.7
2009/09/18,12.5,13.0,12.5,12.8
2009/09/21,13.0,13.4,12.8,13.2
2009/09/22,13.2,13.4,12.8,13.0
2009/09/23,13.0,13.2,12.6,12.6
2009/09/24,12.6,12.8,12.5,12.6
2009/09/25,12.4,13.1,12.4,13.0
2009/09/28,13.2,13.9,13.0,13.6
2009/09/29,13.8,13.8,13.4,13.4
2009/09/30,13.6,13.7,13.3,13.4
2009/10/01,13.6,14.3,13.4,14.3
2009/10/02,13.9,15.2,13.9,14.6
2009/10/05,15.0,15.6,15.0,15.6
2009/10/06,15.9,16.6,15.7,15.8
2009/10/07,16.4,16.9,15.8,16.9
2009/10/08,17.2,17.8,17.0,17.6
2009/10/09,18.1,18.2,16.4,17.5
2009/10/12,17.3,17.8,16.8,17.6
2009/10/13,17.6,17.8,17.0,17.4
2009/10/14,17.5,18.5,17.5,18.5
2009/10/15,19.1,19.8,18.0,18.0
2009/10/16,18.5,19.0,17.8,18.6
2009/10/19,18.8,20.0,18.8,20.0
2009/10/20,20.0,21.3,19.7,21.3
2009/10/21,21.3,22.8,21.3,22.8
2009/10/22,23.0,24.0,23.0,23.6
2009/10/23,23.8,23.8,22.4,23.0
2009/10/26,23.0,24.5,23.0,23.4
2009/10/27,23.7,24.0,23.2,23.5
2009/10/28,23.8,23.8,21.9,21.9
2009/10/29,21.0,21.8,20.4,21.8
2009/10/30,22.2,22.4,20.8,20.8
2009/11/02,19.9,20.5,19.4,20.0
2009/11/03,20.0,21.4,20.0,21.4
2009/11/04,21.6,22.8,21.6,22.8
2009/11/05,23.4,24.0,23.0,23.1
2009/11/06,23.8,24.7,23.2,24.6
2009/11/09,24.5,24.5,23.6,24.0
2009/11/10,23.9,24.6,23.9,24.2
2009/11/11,24.2,25.2,24.2,24.8
2009/11/12,25.1,25.1,24.3,24.4
2009/11/13,24.6,25.2,24.6,25.0
2009/11/16,25.4,25.5,24.6,25.0
2009/11/17,25.1,25.2,23.6,23.7
2009/11/18,23.7,24.2,23.7,23.8
2009/11/19,24.2,24.5,23.6,23.6
2009/11/20,23.7,24.2,23.5,23.8
2009/11/23,23.8,24.2,23.5,23.5
2009/11/24,23.5,25.1,23.5,24.6
2009/11/25,24.4,24.6,24.0,24.0
2009/11/26,24.2,24.6,23.9,24.0
2009/11/27,23.5,23.8,22.7,23.0
2009/11/30,23.6,24.3,23.4,23.9
2009/12/01,24.2,24.3,23.0,23.5
2009/12/02,23.8,24.3,23.4,23.8
2009/12/03,24.0,24.2,23.2,23.2
2009/12/04,23.2,23.5,23.0,23.1
2009/12/07,23.4,24.2,23.2,23.6
2009/12/08,24.0,25.2,23.8,24.8
2009/12/09,24.9,25.2,24.5,24.6
2009/12/10,25.0,26.2,24.8,25.5
2009/12/11,26.3,27.2,25.9,27.2
2009/12/14,28.5,29.2,28.5,29.2
2009/12/15,31.2,31.2,30.1,30.2
2009/12/16,29.7,29.9,28.2,29.0
2009/12/17,29.0,29.8,28.3,28.3
2009/12/18,28.0,29.2,28.0,28.9
2009/12/21,29.2,29.5,28.3,28.5
2009/12/22,28.6,30.4,28.6,30.4
2009/12/23,30.4,32.2,30.4,30.5
2009/12/24,31.0,31.0,29.8,30.0
2009/12/25,30.0,30.8,30.0,30.0
2009/12/28,30.2,31.2,30.2,30.2
2009/12/29,30.5,30.5,28.9,29.5
2009/12/30,29.5,29.8,29.2,29.5
2009/12/31,29.7,29.8,29.5,29.7
2010/01/04,29.8,29.8,28.7,29.3
2010/01/05,29.7,30.1,29.5,29.7
2010/01/06,30.0,30.8,29.8,29.9
2010/01/07,30.2,30.6,29.5,29.5
2010/01/08,29.9,29.9,29.2,29.6
2010/01/11,29.9,30.8,29.6,30.2
2010/01/12,30.6,30.6,29.6,29.7
2010/01/13,29.2,30.2,29.2,29.8
2010/01/14,29.9,30.1,29.6,29.8
2010/01/15,30.0,31.8,29.8,31.8
2010/01/18,32.3,32.7,31.2,31.3
2010/01/19,31.3,31.7,29.2,29.5
2010/01/20,29.6,29.8,28.5,28.7
2010/01/21,28.0,28.8,27.6,27.7
2010/01/22,27.2,27.6,26.8,27.4
2010/01/25,27.3,28.5,27.3,27.8
2010/01/26,27.9,28.5,25.8,25.8
2010/01/27,25.8,25.8,24.0,24.6
2010/01/28,24.6,25.8,24.6,25.2
2010/01/29,24.9,25.2,24.1,25.0
2010/02/01,25.2,25.4,24.6,24.7
2010/02/02,25.2,26.4,24.8,25.2
2010/02/03,25.6,25.8,25.2,25.2
2010/02/04,25.5,26.3,25.2,25.8
2010/02/05,24.5,25.1,24.0,24.2
2010/02/08,23.5,24.5,23.1,24.5
2010/02/09,24.5,25.8,24.0,25.6
2010/02/10,26.0,26.5,25.6,25.8
2010/02/22,27.5,27.5,26.5,27.0
2010/02/23,28.0,28.8,27.6,28.8
2010/02/24,29.0,29.8,29.0,29.0
2010/02/25,29.2,29.3,27.8,28.2
2010/02/26,28.2,28.7,28.0,28.7
2010/03/01,29.5,30.7,29.0,30.7
2010/03/02,31.7,32.4,31.0,31.3
2010/03/03,31.5,32.9,31.2,32.2
2010/03/04,32.8,34.4,32.5,33.7
2010/03/05,34.2,34.3,33.5,33.7
2010/03/08,34.0,34.2,31.9,32.8
2010/03/09,32.5,33.9,32.4,33.0
2010/03/10,32.9,33.3,32.3,32.3
2010/03/11,32.3,33.2,32.1,32.6
2010/03/12,32.7,32.9,32.2,32.7
2010/03/15,32.7,32.8,31.3,31.3
2010/03/16,31.3,32.6,31.0,32.5
2010/03/17,32.8,32.8,32.2,32.5
2010/03/18,32.8,34.0,32.4,33.2
2010/03/19,33.9,33.9,32.8,33.2
2010/03/22,33.5,33.8,33.0,33.8
2010/03/23,34.2,34.2,32.5,32.6
2010/03/24,33.0,33.8,32.8,33.3
2010/03/25,33.3,33.3,32.5,33.2
2010/03/26,33.2,33.2,32.7,32.8
2010/03/29,32.8,35.1,32.8,35.1
2010/03/30,35.5,36.7,35.0,35.2
2010/03/31,35.2,35.5,34.5,34.8
2010/04/01,34.8,36.5,34.8,35.8
2010/04/02,36.0,36.5,35.5,35.8
2010/04/06,36.5,37.6,36.2,36.5
2010/04/07,36.6,37.0,36.2,36.5
2010/04/08,36.6,36.8,35.7,35.7
2010/04/09,35.5,36.2,34.8,36.1
2010/04/12,36.3,36.6,35.1,35.5
2010/04/13,35.4,36.2,35.0,35.5
2010/04/14,35.7,36.2,35.7,36.0
2010/04/15,36.0,37.7,35.7,36.8
2010/04/16,36.8,37.4,36.5,36.6
2010/04/19,36.0,37.2,35.2,35.4
2010/04/20,35.6,37.2,35.5,37.0
2010/04/21,37.5,38.6,37.3,37.4
2010/04/22,37.4,37.7,36.9,37.2
2010/04/23,37.5,38.8,37.3,38.8
2010/04/26,41.5,41.5,41.5,41.5
2010/04/27,43.8,44.3,42.2,44.0
2010/04/28,42.5,47.0,42.5,47.0
2010/04/29,47.8,48.5,45.8,47.0
2010/04/30,47.0,47.6,43.8,44.0
2010/05/03,44.0,45.7,43.8,44.5
2010/05/04,45.0,45.0,42.3,42.6
2010/05/05,40.0,41.9,39.7,39.7
2010/05/06,39.7,39.9,36.9,36.9
2010/05/07,34.9,36.9,34.3,36.8
2010/05/10,36.7,37.6,35.8,37.5
2010/05/11,37.6,38.8,36.7,36.7
2010/05/12,37.1,38.0,36.6,37.0
2010/05/13,38.0,38.3,37.3,37.5
2010/05/14,37.5,38.6,37.2,38.6
2010/05/17,38.2,38.3,36.8,36.8
2010/05/18,37.3,37.6,36.2,36.8
2010/05/19,36.3,37.6,36.0,37.3
2010/05/20,37.3,37.4,34.8,35.0
2010/05/21,32.6,33.6,32.5,32.5
2010/05/24,32.5,34.1,31.5,34.0
2010/05/25,33.0,33.8,31.6,31.6
2010/05/26,32.1,33.3,32.1,32.8
2010/05/27,32.8,33.5,32.3,33.2
2010/05/28,33.7,34.5,33.2,33.5
2010/05/31,33.5,33.7,32.5,32.5
2010/06/01,32.5,33.1,32.0,32.4
2010/06/02,32.0,33.5,32.0,32.6
2010/06/03,33.1,33.8,33.1,33.2
2010/06/04,33.5,33.5,32.7,32.8
2010/06/07,31.0,31.4,30.7,31.0
2010/06/08,31.0,33.1,31.0,33.1
2010/06/09,34.6,35.4,33.3,34.2
2010/06/10,34.5,35.5,34.5,35.2
2010/06/11,35.6,36.0,35.0,35.3
2010/06/14,37.2,37.8,36.0,36.6
2010/06/15,36.4,36.8,35.8,36.1
2010/06/17,36.1,36.5,35.6,35.8
2010/06/18,36.1,36.2,35.6,35.8
2010/06/21,37.0,38.3,37.0,38.3
2010/06/22,38.5,38.8,38.1,38.5
2010/06/23,38.0,39.7,37.8,38.8
2010/06/24,39.5,39.8,38.8,39.3
2010/06/25,39.0,39.0,37.8,38.0
2010/06/28,38.5,38.8,37.5,37.6
2010/06/29,38.1,38.3,36.5,36.5
2010/06/30,35.3,36.0,35.1,36.0
2010/07/01,36.0,36.3,35.5,36.0
2010/07/02,36.2,37.0,35.9,36.1
2010/07/05,36.3,36.7,36.1,36.3
2010/07/06,36.2,37.7,36.1,37.5
2010/07/07,37.6,37.9,36.8,36.8
2010/07/08,37.0,37.8,36.4,36.4
2010/07/09,36.8,37.2,36.3,36.5
2010/07/12,36.6,36.8,36.0,36.3
2010/07/13,36.5,37.0,36.1,36.1
2010/07/14,36.5,36.8,36.0,36.1
2010/07/15,36.3,37.4,36.2,36.8
2010/07/16,36.8,37.5,36.5,36.6
2010/07/19,36.2,36.8,36.1,36.5
2010/07/20,37.0,37.5,36.6,36.8
2010/07/21,37.7,37.7,36.2,36.4
2010/07/22,36.4,36.8,36.2,36.4
2010/07/23,36.9,37.1,36.4,36.5
2010/07/26,36.8,36.8,36.1,36.2
2010/07/27,36.2,37.2,36.2,36.5
2010/07/28,36.5,36.8,36.2,36.3
2010/07/29,36.3,38.8,36.3,38.8
2010/07/30,39.2,40.6,38.1,38.1
2010/08/02,38.1,40.0,37.7,39.3
2010/08/03,39.7,40.0,39.0,39.0
2010/08/04,39.0,40.0,38.8,39.4
2010/08/05,40.4,40.4,37.5,37.7
2010/08/06,38.0,39.0,38.0,38.4
2010/08/09,38.4,40.3,38.2,40.3
2010/08/10,40.3,41.3,39.3,39.8
2010/08/11,39.8,40.3,38.6,38.6
2010/08/12,37.6,38.9,37.6,38.5
2010/08/13,39.0,39.0,38.5,38.5
2010/08/16,38.5,39.2,38.2,38.7
2010/08/17,39.0,39.7,38.7,39.1
2010/08/18,39.5,39.5,38.3,38.3
2010/08/19,38.5,38.7,37.4,37.7
2010/08/20,37.7,39.2,37.4,39.0
2010/08/23,39.0,39.2,38.3,38.5
2010/08/24,38.5,38.8,37.8,37.8
2010/08/25,37.6,37.8,36.0,36.0
2010/08/26,36.0,36.5,35.4,35.4
2010/08/27,35.4,36.0,35.4,35.7
2010/08/30,36.3,36.6,35.7,35.7
2010/08/31,35.7,35.7,33.2,33.3
2010/09/01,33.3,35.1,33.3,34.9
2010/09/02,35.8,36.2,35.4,35.6
2010/09/03,36.0,38.0,35.9,38.0
2010/09/06,38.9,40.5,38.9,39.8
2010/09/07,40.6,41.8,39.8,40.1
2010/09/08,40.1,40.7,39.8,40.2
2010/09/09,40.7,41.3,40.0,40.0
2010/09/10,41.0,42.8,40.8,42.8
2010/09/13,43.1,45.0,42.0,42.5
2010/09/14,42.5,44.0,42.5,44.0
2010/09/15,44.3,44.5,43.4,43.5
2010/09/16,43.9,44.5,43.0,43.2
2010/09/17,43.5,44.8,43.5,44.1
2010/09/20,44.3,46.0,44.2,45.0
2010/09/21,45.9,46.8,45.0,45.2
2010/09/23,45.5,46.0,44.1,44.3
2010/09/24,44.0,44.3,42.5,43.3
2010/09/27,43.8,43.9,42.0,42.5
2010/09/28,42.5,43.4,42.0,43.2
2010/09/29,43.4,45.2,43.3,44.3
2010/09/30,44.5,46.5,44.0,44.5
2010/10/01,44.7,45.1,43.1,43.4
2010/10/04,43.4,44.1,43.0,44.0
2010/10/05,43.6,44.0,43.2,43.5
2010/10/06,43.8,44.8,43.6,43.7
2010/10/07,43.8,45.0,43.6,44.5
2010/10/08,45.0,46.5,44.5,44.5
2010/10/11,44.6,45.0,43.5,43.6
2010/10/12,44.0,44.3,43.2,43.5
2010/10/13,44.1,44.1,42.7,43.0
2010/10/14,43.8,44.0,43.3,43.6
2010/10/15,43.8,44.8,43.1,43.8
2010/10/18,43.8,44.2,42.7,42.8
2010/10/19,42.8,43.5,42.7,42.8
2010/10/20,42.3,43.3,42.2,43.2
2010/10/21,43.8,44.8,43.8,44.3
2010/10/22,45.0,45.0,43.6,43.6
2010/10/25,43.8,44.4,43.8,44.0
2010/10/26,44.0,44.7,44.0,44.2
2010/10/27,44.7,44.7,43.1,43.1
2010/10/28,43.3,43.5,42.9,43.1
2010/10/29,43.0,43.3,42.7,43.0
2010/11/01,43.3,43.5,42.5,42.5
2010/11/02,42.6,43.0,41.1,41.7
2010/11/03,41.8,42.0,39.8,39.9
2010/11/04,39.9,40.2,38.9,39.7
2010/11/05,40.3,42.0,39.7,42.0
2010/11/08,42.0,43.9,42.0,42.8
2010/11/09,42.8,43.3,41.8,42.3
2010/11/10,43.0,43.5,41.8,41.9
2010/11/11,42.1,42.8,42.0,42.3
2010/11/12,42.3,43.0,42.0,42.3
2010/11/15,42.3,42.6,41.0,41.3
2010/11/16,41.4,41.7,40.6,41.3
2010/11/17,40.5,41.3,40.5,40.9
2010/11/18,41.1,41.5,41.0,41.2
2010/11/19,41.6,41.7,41.2,41.2
2010/11/22,42.0,42.5,41.6,42.3
2010/11/23,42.8,43.0,41.8,42.1
2010/11/24,41.3,41.7,41.0,41.5
2010/11/25,41.6,41.6,40.7,41.5
2010/11/26,41.5,41.5,40.5,40.5
2010/11/29,40.8,41.2,40.3,40.6
2010/11/30,41.0,41.2,40.5,41.1
2010/12/01,41.3,41.5,40.5,40.8
2010/12/02,41.0,41.1,40.5,40.6
2010/12/03,40.6,41.6,40.6,40.9
2010/12/06,41.2,42.1,41.0,42.0
2010/12/07,42.2,42.3,41.7,41.9
2010/12/08,42.2,42.2,41.0,41.5
2010/12/09,41.6,41.6,41.0,41.0
2010/12/10,41.0,41.0,39.6,40.8
2010/12/13,41.0,41.0,40.4,40.6
2010/12/14,40.8,40.9,40.3,40.3
2010/12/15,40.3,41.0,39.9,40.0
2010/12/16,40.0,41.2,40.0,40.5
2010/12/17,40.8,40.8,40.0,40.0
2010/12/20,40.5,41.0,40.2,40.2
2010/12/21,41.0,41.8,41.0,41.7
2010/12/22,41.8,41.9,41.1,41.4
2010/12/23,41.4,41.6,40.5,40.9
2010/12/24,40.8,40.8,40.3,40.5
2010/12/27,40.8,40.8,40.0,40.6
2010/12/28,40.6,40.6,40.0,40.1
2010/12/29,40.0,40.2,39.2,39.7
2010/12/30,39.7,39.8,39.0,39.2
2010/12/31,39.2,39.7,38.8,39.1
2011/01/03,39.5,39.5,38.8,39.5
2011/01/04,39.8,40.2,39.6,39.8
2011/01/05,39.8,39.8,38.9,39.0
2011/01/06,39.0,39.3,38.7,39.0
2011/01/07,39.2,39.2,36.5,37.0
2011/01/10,37.0,37.4,36.1,36.3
2011/01/11,36.3,37.3,36.1,37.2
2011/01/12,37.5,37.8,37.0,37.3
2011/01/13,37.6,37.7,37.2,37.5
2011/01/14,37.6,37.8,37.3,37.5
2011/01/17,38.0,38.0,36.3,36.7
2011/01/18,36.6,37.4,36.3,37.1
2011/01/19,37.3,37.6,36.8,37.2
2011/01/20,37.3,37.4,36.7,37.0
2011/01/21,37.5,37.8,37.2,37.6
2011/01/24,38.6,40.2,38.4,40.2
2011/01/25,40.2,40.2,38.9,39.2
2011/01/26,39.5,39.5,38.6,38.7
2011/01/27,38.9,39.0,37.7,38.0
2011/01/28,38.1,38.3,37.5,37.8
2011/02/08,38.3,38.5,37.8,37.8
2011/02/09,38.0,38.5,37.8,37.8
2011/02/10,38.0,38.7,38.0,38.0
2011/02/11,38.0,38.2,36.6,36.7
2011/02/14,37.0,37.3,35.8,36.0
2011/02/15,36.2,36.9,35.8,36.1
2011/02/16,36.1,37.0,36.0,36.5
2011/02/17,37.0,38.8,36.8,38.2
2011/02/18,38.5,39.0,37.7,37.8
2011/02/21,38.5,38.5,37.3,37.8
2011/02/22,37.6,37.6,36.7,37.0
2011/02/23,36.8,37.6,36.5,37.1
2011/02/24,37.1,37.6,36.8,37.2
2011/02/25,37.6,38.2,37.2,38.0
2011/03/01,38.7,39.3,38.1,38.2
2011/03/02,37.9,38.3,37.7,37.8
2011/03/03,38.0,38.8,37.8,38.2
2011/03/04,38.5,38.6,38.1,38.3
2011/03/07,38.3,39.2,37.9,38.6
2011/03/08,38.5,39.9,38.5,39.4
2011/03/09,41.0,42.2,40.1,41.5
2011/03/10,42.0,43.3,41.8,43.0
2011/03/11,43.0,43.0,41.6,42.7
2011/03/14,42.7,42.7,39.9,41.3
2011/03/15,41.3,41.7,38.5,40.0
2011/03/16,42.0,42.8,40.9,42.8
2011/03/17,42.8,44.7,42.3,43.8
2011/03/18,44.0,44.3,43.3,44.0
2011/03/21,44.0,46.1,44.0,44.5
2011/03/22,44.3,44.4,43.2,43.5
2011/03/23,43.0,43.8,42.8,43.5
2011/03/24,43.2,43.8,41.6,42.4
2011/03/25,42.4,43.1,41.5,42.5
2011/03/28,42.8,43.8,42.8,43.2
2011/03/29,43.4,43.6,43.0,43.2
2011/03/30,43.3,44.0,42.8,42.8
2011/03/31,42.8,43.4,42.6,42.6
2011/04/01,42.6,43.5,42.5,43.4
2011/04/06,44.0,44.2,43.3,44.0
2011/04/07,44.0,44.7,43.5,44.2
2011/04/08,44.5,45.9,44.5,44.9
2011/04/11,45.1,45.7,43.7,43.8
2011/04/12,43.7,43.7,43.1,43.4
2011/04/13,43.4,44.3,43.4,43.8
2011/04/14,43.8,44.6,43.8,43.9
2011/04/15,43.9,44.4,42.5,42.5
2011/04/18,42.5,43.2,41.2,41.4
2011/04/19,41.4,42.2,41.0,42.1
2011/04/20,42.5,42.7,42.2,42.3
2011/04/21,42.5,42.9,41.8,42.6
2011/04/22,42.8,42.8,41.8,41.9
2011/04/25,42.0,42.5,42.0,42.5
2011/04/26,42.7,42.7,42.0,42.0
2011/04/27,42.6,42.6,42.0,42.2
2011/04/28,42.2,42.3,40.9,41.0
2011/04/29,40.9,40.9,39.9,40.0
2011/05/03,40.0,40.3,38.8,39.5
2011/05/04,39.0,40.3,39.0,40.3
2011/05/05,40.5,41.9,40.3,41.5
2011/05/06,41.5,41.5,40.5,41.0
2011/05/09,41.0,41.4,40.8,41.0
2011/05/10,41.0,41.4,40.8,40.9
2011/05/11,41.1,41.1,40.8,40.8
2011/05/12,40.8,41.6,40.8,40.8
2011/05/13,41.2,41.2,40.0,40.2
2011/05/16,40.2,40.2,39.0,39.2
2011/05/17,39.2,39.6,37.8,38.1
2011/05/18,38.1,38.7,38.0,38.5
2011/05/19,38.8,38.8,38.2,38.2
2011/05/20,38.2,38.5,37.5,37.6
2011/05/23,37.2,37.6,35.0,35.0
2011/05/24,34.0,34.4,32.6,33.6
2011/05/25,33.6,34.0,33.4,34.0
2011/05/26,34.2,35.4,34.1,35.0
2011/05/27,35.4,35.4,34.6,35.2
2011/05/30,35.0,35.0,34.2,34.5
2011/05/31,34.5,35.1,34.5,35.0
2011/06/01,35.0,35.4,34.8,35.0
2011/06/02,35.0,35.0,33.9,34.7
2011/06/03,34.5,34.6,34.0,34.5
2011/06/07,34.6,36.0,34.5,35.7
2011/06/08,36.1,36.5,36.0,36.3
2011/06/09,36.7,38.8,36.7,38.8
2011/06/10,38.6,38.6,36.6,36.7
2011/06/13,36.7,36.9,36.0,36.3
2011/06/14,36.8,36.9,36.3,36.8
2011/06/15,35.5,35.8,35.5,35.5
2011/06/16,35.2,35.5,34.6,34.6
2011/06/17,34.7,35.0,33.9,34.0
2011/06/20,34.0,34.5,33.1,33.1
2011/06/21,33.5,34.0,33.0,33.6
2011/06/22,33.7,34.3,33.7,34.1
2011/06/23,34.3,34.5,33.8,34.4
2011/06/24,34.5,34.5,34.2,34.3
2011/06/27,34.3,35.0,34.0,34.8
2011/06/28,35.5,36.0,35.3,35.6
2011/06/29,36.0,36.5,35.6,35.8
2011/06/30,35.8,37.2,35.8,36.7
2011/07/01,36.7,36.9,36.0,36.4
2011/07/04,36.6,36.7,36.0,36.2
2011/07/05,36.2,36.8,35.9,36.5
2011/07/06,36.7,36.7,36.0,36.0
2011/07/07,36.0,36.3,35.7,35.7
2011/07/08,35.7,36.3,35.5,35.5
2011/07/11,35.5,35.9,35.5,35.5
2011/07/12,35.3,35.4,34.5,34.5
2011/07/13,34.7,35.0,34.4,34.7
2011/07/14,34.8,35.2,34.5,34.8
2011/07/15,35.0,36.2,34.9,35.8
2011/07/18,35.9,37.7,35.7,37.6
2011/07/19,37.3,37.5,36.7,36.8
2011/07/20,37.4,37.5,36.3,36.7
2011/07/21,36.6,37.5,36.3,36.7
2011/07/22,36.8,37.7,36.8,37.0
2011/07/25,37.0,37.6,36.7,36.8
2011/07/26,36.8,37.1,36.6,36.8
2011/07/27,36.8,37.5,36.5,37.2
2011/07/28,36.9,37.8,36.8,37.1
2011/07/29,37.4,37.7,36.2,36.2
2011/08/01,36.5,36.7,36.0,36.3
2011/08/02,36.3,36.8,36.0,36.2
2011/08/03,35.5,35.8,33.9,34.7
2011/08/04,35.0,35.0,33.7,33.7
2011/08/05,31.3,31.9,31.3,31.3
2011/08/08,31.0,31.0,29.2,29.2
2011/08/09,27.2,28.5,27.2,27.8
2011/08/10,29.0,29.5,28.2,29.4
2011/08/11,28.5,31.4,28.3,31.4
2011/08/12,32.6,33.3,31.5,31.7
2011/08/15,32.3,32.7,31.6,32.0
2011/08/16,32.4,32.4,31.8,32.0
2011/08/17,32.0,32.2,31.6,31.6
2011/08/18,31.6,31.6,30.3,30.5
2011/08/19,28.5,30.0,28.5,29.0
2011/08/22,29.0,30.0,28.6,29.8
2011/08/23,30.1,30.5,29.7,30.4
2011/08/24,30.4,30.5,29.7,29.9
2011/08/25,29.9,30.2,29.0,29.0
2011/08/26,29.0,29.3,28.4,28.5
2011/08/29,28.5,29.5,28.5,29.5
2011/08/30,30.0,30.2,29.5,29.7
2011/08/31,29.6,30.2,29.6,30.0
2011/09/01,30.2,30.5,29.5,29.6
2011/09/02,29.5,30.0,29.5,29.8
2011/09/05,29.0,29.4,28.7,28.9
2011/09/06,28.5,28.8,27.8,28.2
2011/09/07,28.2,29.2,28.0,28.3
2011/09/08,28.5,28.8,28.1,28.3
2011/09/09,28.2,28.5,27.8,28.2
2011/09/13,28.0,28.1,27.4,27.5
2011/09/14,27.8,28.0,25.6,25.6
2011/09/15,26.0,26.2,25.2,25.6
2011/09/16,26.0,26.2,25.8,26.2
2011/09/19,26.9,27.5,26.6,26.9
2011/09/20,26.9,27.5,26.6,27.0
2011/09/21,27.0,27.0,26.3,26.6
2011/09/22,26.2,26.2,24.8,24.9
2011/09/23,23.2,23.5,23.2,23.2
2011/09/26,23.0,23.0,21.6,21.6
2011/09/27,21.6,22.1,20.1,20.8
2011/09/28,21.5,21.5,20.1,20.7
2011/09/29,20.4,21.2,19.9,21.0
2011/09/30,21.2,21.4,20.5,21.0
2011/10/03,20.7,20.7,19.5,19.5
2011/10/04,18.5,19.0,18.4,19.0
2011/10/05,19.0,19.3,18.4,18.4
2011/10/06,18.8,19.3,18.5,18.9
2011/10/07,19.8,19.8,19.2,19.5
2011/10/11,20.0,20.4,19.7,20.2
2011/10/12,20.2,20.3,19.5,20.1
2011/10/13,20.2,21.5,20.2,21.5
2011/10/14,21.9,22.3,21.6,22.2
2011/10/17,22.4,22.5,21.8,22.3
2011/10/18,21.9,22.0,21.3,21.8
2011/10/19,22.1,22.1,21.8,21.8
2011/10/20,22.0,22.0,21.2,21.2
2011/10/21,21.5,21.6,21.2,21.3
2011/10/24,22.3,22.8,22.1,22.8
2011/10/25,23.2,23.9,23.2,23.6
2011/10/26,23.5,24.7,23.2,24.7
2011/10/27,24.7,26.4,24.3,26.4
2011/10/28,26.5,28.1,26.5,27.5
2011/10/31,27.5,27.8,27.0,27.6
2011/11/01,27.5,28.0,26.9,27.8
2011/11/02,27.0,29.7,26.8,29.6
2011/11/03,29.6,29.9,28.5,28.5
2011/11/04,29.6,30.2,29.0,30.0
2011/11/07,30.0,30.2,29.5,30.0
2011/11/08,30.0,30.2,29.0,29.0
2011/11/09,29.2,29.8,28.8,28.8
2011/11/10,28.0,28.2,27.0,27.3
2011/11/11,27.5,29.2,27.3,29.2
2011/11/14,29.5,31.0,29.5,30.0
2011/11/15,30.0,30.0,29.2,29.4
2011/11/16,29.5,29.8,27.7,28.2
2011/11/17,27.6,28.8,27.5,28.7
2011/11/18,28.0,28.5,27.9,28.5
2011/11/21,28.0,28.1,26.5,26.6
2011/11/22,26.2,26.6,25.2,26.0
2011/11/23,26.1,26.5,25.6,25.7
2011/11/24,25.7,27.4,24.8,27.4
2011/11/25,27.9,27.9,26.3,26.7
2011/11/28,27.3,27.6,27.0,27.2
2011/11/29,27.2,27.6,26.7,27.0
2011/11/30,27.0,27.5,26.5,26.5
2011/12/01,28.4,28.4,27.6,28.1
2011/12/02,28.1,28.4,27.7,28.2
2011/12/05,28.2,28.3,27.8,27.8
2011/12/06,27.8,27.8,26.2,26.2
2011/12/07,26.2,26.8,25.8,26.0
2011/12/08,26.0,26.0,25.2,25.7
2011/12/09,25.0,25.6,24.8,25.4
2011/12/12,26.0,26.1,25.3,25.4
2011/12/13,25.2,25.4,23.6,23.7
2011/12/14,23.5,23.8,23.1,23.6
2011/12/15,23.5,23.6,22.9,22.9
2011/12/16,23.0,23.4,22.5,22.5
2011/12/19,22.1,22.2,21.0,21.0
2011/12/20,21.0,21.5,20.7,21.1
2011/12/21,22.5,22.5,22.0,22.5
2011/12/22,23.1,24.0,22.6,23.4
2011/12/23,23.8,24.5,23.7,24.2
2011/12/26,24.3,24.7,23.8,24.6
2011/12/27,24.6,24.6,23.9,23.9
2011/12/28,23.9,24.0,23.4,23.4
2011/12/29,23.0,23.3,22.8,23.0
2011/12/30,23.2,23.5,22.9,23.0
2012/01/02,23.3,23.3,22.6,22.8
2012/01/03,22.8,23.4,22.8,23.0
2012/01/04,23.5,24.1,23.2,23.5
2012/01/05,23.5,23.7,23.4,23.5
2012/01/06,23.5,24.0,23.3,23.3
2012/01/09,23.3,24.1,23.2,23.8
2012/01/10,24.1,24.7,24.1,24.2
2012/01/11,24.2,24.6,23.8,23.8
2012/01/12,23.8,24.1,23.3,23.4
2012/01/13,23.5,23.8,23.0,23.0
2012/01/16,23.7,23.8,23.1,23.2
2012/01/17,23.2,24.4,23.2,24.4
2012/01/18,24.4,24.6,24.0,24.0
2012/01/30,24.8,24.8,24.4,24.4
2012/01/31,24.6,26.0,24.2,25.9
2012/02/01,26.0,26.7,25.5,26.2
2012/02/02,26.5,27.0,26.0,26.4
2012/02/03,26.9,27.5,26.5,27.1
2012/02/06,27.0,27.5,26.1,26.4
2012/02/07,26.4,26.6,25.8,26.4
2012/02/08,26.5,28.2,26.5,28.2
2012/02/09,28.6,29.8,28.6,29.4
2012/02/10,29.4,30.0,28.8,30.0
2012/02/13,30.5,30.5,29.4,30.0
2012/02/14,30.0,30.0,29.0,29.0
2012/02/15,29.1,29.8,29.1,29.2
2012/02/16,29.2,29.9,28.5,28.5
2012/02/17,28.9,28.9,27.0,27.7
2012/02/20,28.4,29.2,28.1,29.0
2012/02/21,29.6,30.4,29.1,30.2
2012/02/22,30.4,30.6,30.0,30.0
2012/02/23,30.3,32.1,30.0,32.1
2012/02/24,32.8,33.8,32.3,32.4
2012/02/29,33.6,34.7,33.0,34.7
2012/03/01,35.0,35.8,34.0,34.7
2012/03/02,35.0,35.2,34.0,34.8
2012/03/05,36.0,36.0,33.8,33.8
2012/03/06,33.0,34.0,31.5,32.3
2012/03/07,31.0,33.3,31.0,32.8
2012/03/08,33.4,34.0,32.7,32.8
2012/03/09,33.3,33.5,32.8,33.0
2012/03/12,33.1,34.3,33.0,33.0
2012/03/13,33.3,33.5,32.5,33.0
2012/03/14,33.5,34.1,33.1,33.1
2012/03/15,33.2,33.3,32.8,32.8
2012/03/16,32.6,33.2,32.5,32.9
2012/03/19,33.2,33.2,32.1,32.1
2012/03/20,32.1,32.3,31.2,31.6
2012/03/21,31.1,31.8,31.1,31.6
2012/03/22,31.8,33.2,31.6,32.7
2012/03/23,32.7,33.2,32.5,32.7
2012/03/26,32.7,33.2,32.5,32.7
2012/03/27,32.5,32.9,31.8,31.8
2012/03/28,31.8,32.0,31.3,31.4
2012/03/29,31.4,31.4,29.2,29.8
2012/03/30,29.6,31.0,29.2,31.0
2012/04/02,31.0,31.0,30.3,30.3
2012/04/03,30.3,30.5,28.4,29.1
2012/04/05,27.5,27.9,27.1,27.8
2012/04/06,27.9,29.2,27.9,29.0
2012/04/09,29.0,29.0,28.0,28.4
2012/04/10,28.8,29.0,28.2,28.5
2012/04/11,28.0,28.6,28.0,28.6
2012/04/12,28.6,30.2,28.3,30.2
2012/04/13,31.2,31.5,30.7,31.0
2012/04/16,31.4,32.4,31.3,31.5
2012/04/17,31.5,31.9,30.5,30.8
2012/04/18,31.3,31.3,30.2,30.4
2012/04/19,30.3,30.4,29.2,29.8
2012/04/20,29.4,30.2,29.3,29.4
2012/04/23,29.0,29.5,28.2,28.9
2012/04/24,28.5,29.2,28.5,28.8
2012/04/25,29.4,29.5,29.0,29.3
2012/04/26,29.3,29.5,28.8,28.8
2012/04/27,28.8,29.0,28.4,28.4
2012/04/30,28.9,29.5,28.3,29.5
2012/05/02,30.0,30.7,29.8,30.6
2012/05/03,30.8,30.8,30.2,30.3
2012/05/04,30.0,30.8,30.0,30.4
2012/05/07,29.9,30.0,29.3,29.6
2012/05/08,29.7,30.7,29.5,30.6
2012/05/09,30.1,30.8,30.0,30.0
2012/05/10,30.6,30.6,29.8,30.0
2012/05/11,29.9,30.0,29.2,29.2
2012/05/14,29.3,29.6,28.7,28.8
2012/05/15,28.2,29.1,28.2,29.1
2012/05/16,29.0,29.3,28.4,28.4
2012/05/17,28.5,28.9,28.4,28.8
2012/05/18,27.2,28.4,27.1,27.2
2012/05/21,27.2,28.0,27.2,27.3
2012/05/22,27.8,27.9,27.5,27.8
2012/05/23,27.8,27.8,27.2,27.2
2012/05/24,27.3,27.6,25.8,26.4
2012/05/25,26.8,26.8,26.4,26.4
2012/05/28,26.2,27.0,26.2,26.9
2012/05/29,27.1,28.5,27.1,28.5
2012/05/30,28.5,28.5,27.5,27.8
2012/05/31,27.5,28.6,27.3,28.2
2012/06/01,28.0,28.2,27.5,27.5
2012/06/04,26.5,26.6,25.6,25.6
2012/06/05,26.0,26.6,26.0,26.2
2012/06/06,26.5,26.8,26.3,26.3
2012/06/07,26.8,26.8,26.3,26.4
2012/06/08,26.4,27.0,26.4,26.5
2012/06/11,27.0,27.5,26.8,27.0
2012/06/12,26.6,27.0,26.6,26.9
2012/06/13,26.9,27.2,26.8,26.9
2012/06/14,27.0,27.0,26.5,26.5
2012/06/15,26.8,28.4,26.6,28.4
2012/06/18,28.9,29.0,28.4,28.4
2012/06/19,28.2,28.3,27.8,27.9
2012/06/20,28.4,28.8,28.2,28.2
2012/06/21,28.2,29.0,28.0,29.0
2012/06/22,28.5,29.2,28.4,29.1
2012/06/25,29.1,29.2,28.6,28.7
2012/06/26,28.7,28.7,28.2,28.5
2012/06/27,28.6,28.9,28.3,28.6
2012/06/28,29.5,29.5,28.6,28.8
2012/06/29,28.8,29.0,28.5,28.9
2012/07/02,29.2,29.2,28.6,29.0
2012/07/03,29.0,29.1,28.8,29.0
2012/07/04,29.1,29.2,28.9,29.0
2012/07/05,29.0,29.0,28.5,28.8
2012/07/06,28.5,30.2,28.4,29.6
2012/07/09,29.6,29.9,29.2,29.6
2012/07/10,29.7,31.2,29.7,30.5
2012/07/11,30.7,30.9,30.3,30.5
2012/07/12,30.5,31.0,30.2,30.4
2012/07/13,30.4,30.4,29.8,29.8
2012/07/16,30.0,30.2,29.4,29.4
2012/07/17,29.4,30.6,29.4,30.2
2012/07/18,30.6,31.7,30.5,30.6
2012/07/19,30.8,31.2,30.6,30.8
2012/07/20,30.8,31.0,30.5,30.5
2012/07/23,30.1,30.4,29.8,30.0
2012/07/24,30.0,30.5,29.8,30.5
2012/07/25,30.2,31.5,30.0,30.9
2012/07/26,31.0,31.8,30.9,31.1
2012/07/27,31.5,31.5,30.7,30.7
2012/07/30,31.2,32.0,31.0,31.7
2012/07/31,31.8,32.0,31.5,31.7
2012/08/01,31.7,32.0,31.3,31.3
2012/08/03,31.3,31.5,31.0,31.2
2012/08/06,31.9,32.0,31.5,31.8
2012/08/07,31.8,31.8,31.0,31.5
2012/08/08,31.7,32.2,31.5,31.7
2012/08/09,31.7,31.9,31.5,31.6
2012/08/10,31.8,31.8,30.3,30.6
2012/08/13,30.5,30.5,29.5,30.2
2012/08/14,30.0,30.4,29.8,30.0
2012/08/15,30.0,30.3,29.8,30.0
2012/08/16,30.0,30.4,30.0,30.0
2012/08/17,30.2,30.4,30.0,30.0
2012/08/20,30.0,30.3,29.8,29.8
2012/08/21,30.0,30.8,30.0,30.4
2012/08/22,30.6,30.6,30.2,30.2
2012/08/23,30.2,30.5,30.0,30.1
2012/08/24,30.1,30.4,30.0,30.1
2012/08/27,30.4,30.5,30.0,30.1
2012/08/28,30.1,30.2,29.5,29.7
2012/08/29,29.6,30.2,29.6,29.8
2012/08/30,30.0,30.0,29.6,29.6
2012/08/31,29.5,29.7,29.1,29.2
2012/09/03,29.5,29.9,29.2,29.6
2012/09/04,29.5,29.7,29.2,29.3
2012/09/05,29.3,29.5,29.0,29.0
2012/09/06,29.0,29.5,28.8,28.8
2012/09/07,29.0,30.8,29.0,30.8
2012/09/10,31.0,31.2,30.8,30.8
2012/09/11,31.0,31.2,30.5,30.5
2012/09/12,30.8,30.8,30.3,30.3
2012/09/13,30.3,30.8,30.3,30.4
2012/09/14,30.8,31.0,30.5,30.5
2012/09/17,30.6,31.5,30.6,30.8
2012/09/18,30.7,31.2,30.6,30.6
2012/09/19,30.6,31.4,30.6,31.0
2012/09/20,31.0,31.2,30.5,30.7
2012/09/21,30.7,31.0,30.6,30.9
2012/09/24,31.0,31.8,30.6,31.2
2012/09/25,31.6,31.8,31.2,31.8
2012/09/26,31.8,32.8,31.6,31.8
2012/09/27,31.8,32.2,31.2,31.2
2012/09/28,31.4,31.5,30.8,30.8
2012/10/01,31.0,31.6,30.8,31.2
2012/10/02,31.2,31.5,30.8,30.8
2012/10/03,31.0,31.1,30.5,30.5
2012/10/04,30.5,30.6,30.0,30.2
2012/10/05,30.2,30.8,30.2,30.5
2012/10/08,30.8,30.8,30.2,30.2
2012/10/09,30.2,30.4,29.6,29.6
2012/10/11,29.1,29.5,29.0,29.2
2012/10/12,29.2,29.7,28.7,29.1
2012/10/15,29.5,30.7,29.5,30.0
2012/10/16,30.4,30.4,29.8,30.0
2012/10/17,30.3,30.4,29.5,29.5
2012/10/18,29.5,29.8,29.4,29.6
2012/10/19,29.8,29.8,29.3,29.5
2012/10/22,29.1,29.3,29.0,29.2
2012/10/23,29.3,29.4,29.2,29.2
2012/10/24,28.8,29.2,28.8,29.1
2012/10/25,29.1,29.4,28.8,28.8
2012/10/26,29.0,29.0,27.1,27.2
2012/10/29,27.3,28.1,27.3,27.4
2012/10/30,27.6,28.2,27.5,28.0
2012/10/31,28.0,28.1,27.5,28.0
2012/11/01,27.6,28.4,27.5,28.1
2012/11/02,28.2,28.3,27.7,27.8
2012/11/05,27.7,27.7,27.1,27.3
2012/11/06,27.2,27.5,27.1,27.4
2012/11/07,27.4,27.8,27.2,27.6
2012/11/08,27.2,27.5,27.2,27.4
2012/11/09,27.2,28.2,27.2,28.0
2012/11/12,28.3,28.3,27.8,28.0
2012/11/13,28.1,28.2,27.3,27.4
2012/11/14,27.2,27.6,27.2,27.4
2012/11/15,27.3,27.7,27.2,27.5
2012/11/16,27.4,27.7,27.2,27.3
2012/11/19,27.4,27.5,27.1,27.1
2012/11/20,27.2,27.5,27.1,27.1
2012/11/21,27.2,27.4,26.8,26.8
2012/11/22,26.8,27.1,26.6,26.8
2012/11/23,27.0,27.5,27.0,27.5
2012/11/26,27.9,28.3,27.9,28.0
2012/11/27,28.0,28.2,27.8,28.0
2012/11/28,28.0,28.0,27.8,28.0
2012/11/29,27.9,28.5,27.9,28.1
2012/11/30,28.2,28.3,28.0,28.1
2012/12/03,28.1,28.6,28.1,28.2
2012/12/04,28.2,28.6,28.2,28.6
2012/12/05,28.7,29.5,28.5,29.0
2012/12/06,29.3,29.8,29.0,29.0
2012/12/07,29.5,29.8,29.1,29.2
2012/12/10,29.2,29.4,28.6,28.7
2012/12/11,28.8,29.0,28.2,28.5
2012/12/12,28.6,28.8,28.5,28.6
2012/12/13,28.8,29.2,28.6,29.0
2012/12/14,29.0,29.1,28.7,29.0
2012/12/17,29.0,29.1,28.8,29.0
2012/12/18,29.0,29.2,28.8,29.0
2012/12/19,29.3,29.4,28.8,28.9
2012/12/20,28.9,29.0,28.5,28.5
2012/12/21,28.7,28.7,28.3,28.7
2012/12/24,28.4,28.8,28.4,28.5
2012/12/25,28.6,29.0,28.6,29.0
2012/12/26,29.0,29.0,28.7,28.7
2012/12/27,28.7,28.9,28.6,28.8
2012/12/28,29.0,29.0,28.7,28.9
2013/01/02,29.1,29.5,29.0,29.2
2013/01/03,29.7,29.7,29.2,29.3
2013/01/04,29.6,29.6,29.0,29.0
2013/01/07,29.0,29.4,29.0,29.0
2013/01/08,29.0,29.4,29.0,29.0
2013/01/09,29.0,29.2,28.8,28.9
2013/01/10,29.0,29.5,28.9,29.0
2013/01/11,29.2,29.3,29.2,29.2
2013/01/14,29.2,29.2,28.9,29.0
2013/01/15,29.0,29.2,28.6,28.8
2013/01/16,28.8,28.8,28.4,28.5
2013/01/17,28.5,28.8,27.5,27.8
2013/01/18,28.1,28.2,27.8,28.1
2013/01/21,28.2,28.2,27.9,28.2
2013/01/22,28.5,28.8,28.4,28.5
2013/01/23,28.5,28.6,28.2,28.2
2013/01/24,28.2,28.4,28.0,28.0
2013/01/25,28.0,28.0,27.8,27.9
2013/01/28,28.0,28.1,27.8,28.0
2013/01/29,28.0,28.2,28.0,28.2
2013/01/30,28.3,28.4,28.2,28.4
2013/01/31,28.4,28.4,28.2,28.2
2013/02/01,28.2,28.4,28.1,28.1
2013/02/04,28.2,28.4,28.2,28.2
2013/02/05,28.2,28.2,28.0,28.2
2013/02/06,28.2,28.2,28.0,28.0
2013/02/18,28.4,28.5,28.3,28.4
2013/02/19,28.4,28.5,28.0,28.2
2013/02/20,28.2,29.2,28.2,29.0
2013/02/21,28.9,28.9,28.5,28.6
2013/02/22,28.7,29.0,28.5,28.8
2013/02/25,28.8,29.1,28.6,28.7
2013/02/26,28.5,28.8,28.5,28.6
2013/02/27,28.6,28.8,28.5,28.5
2013/03/01,28.5,29.2,28.5,28.8
2013/03/04,29.0,29.4,28.8,29.0
2013/03/05,29.0,29.2,28.8,28.9
2013/03/06,29.2,29.2,28.7,28.8
2013/03/07,29.0,30.0,29.0,29.5
2013/03/08,29.7,29.8,29.2,29.2
2013/03/11,29.2,29.4,29.0,29.1
2013/03/12,29.2,29.2,28.7,28.8
2013/03/13,28.8,29.0,28.6,28.7
2013/03/14,28.5,28.7,28.3,28.4
2013/03/15,28.4,28.6,28.1,28.1
2013/03/18,28.1,28.5,27.8,28.0
2013/03/19,28.0,28.1,27.8,28.0
2013/03/20,28.2,28.2,27.8,27.8
2013/03/21,28.0,28.6,28.0,28.2
2013/03/22,28.3,28.3,28.0,28.0
2013/03/25,28.5,28.5,28.1,28.2
2013/03/26,28.3,28.3,28.0,28.1
2013/03/27,28.2,28.2,28.0,28.0
2013/03/28,28.1,28.2,28.0,28.1
2013/03/29,28.4,28.4,28.1,28.2
2013/04/01,28.3,28.3,28.0,28.0
2013/04/02,28.0,28.3,28.0,28.2
2013/04/03,28.2,28.4,28.1,28.4
2013/04/08,27.8,28.0,27.2,27.5
2013/04/09,27.8,27.8,27.5,27.5
2013/04/10,27.5,27.6,27.4,27.5
2013/04/11,27.5,27.9,27.5,27.5
2013/04/12,27.5,27.6,27.5,27.5
2013/04/15,27.5,27.8,27.4,27.5
2013/04/16,27.1,27.6,27.1,27.5
2013/04/17,27.5,27.7,27.5,27.6
2013/04/18,27.7,28.5,27.5,28.3
2013/04/19,28.5,28.7,28.2,28.3
2013/04/22,28.7,28.7,28.2,28.2
2013/04/23,29.0,29.5,29.0,29.0
2013/04/24,29.2,29.4,29.2,29.2
2013/04/25,29.2,29.9,29.0,29.6
2013/04/26,30.0,31.1,29.8,30.2
2013/04/29,31.0,31.2,30.5,30.9
2013/04/30,31.5,31.8,31.0,31.2
2013/05/02,31.2,31.6,30.8,31.2
2013/05/03,31.4,32.2,30.9,31.5
2013/05/06,31.6,32.0,31.6,31.7
2013/05/07,31.4,32.3,31.4,31.8
2013/05/08,32.2,32.9,32.0,32.7
2013/05/09,32.9,33.1,32.1,32.6
2013/05/10,32.3,32.7,32.0,32.1
2013/05/13,32.0,32.1,31.5,31.6
2013/05/14,31.6,31.8,31.4,31.7
2013/05/15,31.8,32.2,31.6,31.7
2013/05/16,31.8,32.1,31.7,32.0
2013/05/17,31.8,32.4,31.5,32.2
2013/05/20,32.0,32.8,31.8,32.5
2013/05/21,33.0,33.5,32.2,32.3
2013/05/22,32.5,33.2,32.5,33.0
2013/05/23,32.8,33.0,32.4,32.6
2013/05/24,32.4,32.7,31.5,31.8
2013/05/27,32.0,32.0,31.8,32.0
2013/05/28,32.0,32.5,31.9,32.4
2013/05/29,32.7,33.2,32.7,32.8
2013/05/30,33.0,33.6,32.8,33.1
2013/05/31,33.4,33.7,32.8,33.2
2013/06/03,33.0,33.2,32.7,33.2
2013/06/04,33.4,33.8,33.3,33.4
2013/06/05,33.5,33.6,33.2,33.4
2013/06/06,33.2,33.6,33.0,33.5
2013/06/07,33.4,33.6,33.2,33.5
2013/06/10,33.8,33.8,33.2,33.5
2013/06/11,33.8,34.7,33.8,34.3
2013/06/13,34.2,34.8,34.0,34.6
2013/06/14,34.7,34.7,33.0,33.5
2013/06/17,33.5,33.5,33.0,33.0
2013/06/18,33.4,33.8,32.7,33.8
2013/06/19,33.9,34.4,33.8,34.2
2013/06/20,33.5,34.1,33.3,33.4
2013/06/21,32.6,33.1,31.6,31.6
2013/06/24,31.8,32.5,31.7,32.2
2013/06/25,32.4,32.4,30.8,31.1
2013/06/26,33.0,33.0,31.9,32.0
2013/06/27,32.5,33.2,32.2,33.0
2013/06/28,33.5,34.8,33.1,34.1
2013/07/01,34.4,35.3,34.0,35.0
2013/07/02,35.4,35.9,34.9,35.4
2013/07/03,35.7,37.8,35.7,37.8
2013/07/04,37.8,39.8,37.3,39.3
2013/07/05,39.5,39.9,38.5,39.2
2013/07/08,39.1,39.5,38.2,39.0
2013/07/09,39.0,39.8,38.7,39.0
2013/07/10,39.2,40.9,38.7,39.8
2013/07/11,40.7,40.9,39.7,39.8
2013/07/12,39.8,40.5,39.5,40.2
2013/07/15,40.3,40.4,39.8,40.1
2013/07/16,40.1,42.7,40.1,42.7
2013/07/17,42.5,42.7,41.5,41.8
2013/07/18,41.6,41.7,39.4,40.0
2013/07/19,40.2,41.2,39.8,40.0
2013/07/22,40.1,41.0,40.0,41.0
2013/07/23,41.5,41.9,40.5,41.0
2013/07/24,40.2,41.0,39.8,40.2
2013/07/25,40.1,40.1,38.2,39.2
2013/07/26,38.5,39.2,38.2,38.3
2013/07/29,38.3,39.9,38.2,39.0
2013/07/30,38.0,38.7,37.5,38.4
2013/07/31,38.4,39.2,38.3,38.7
2013/08/01,39.0,39.2,38.2,38.5
2013/08/02,38.5,38.8,38.0,38.8
2013/08/05,38.7,41.1,38.7,40.7
2013/08/06,40.6,40.6,39.8,40.1
2013/08/07,39.8,39.8,39.0,39.0
2013/08/08,39.2,39.6,38.5,38.9
2013/08/09,38.6,38.8,37.2,37.5
2013/08/12,37.5,37.9,37.1,37.2
2013/08/13,37.2,37.6,36.3,37.2
2013/08/14,37.5,38.3,37.2,37.6
2013/08/15,37.6,38.7,37.5,38.4
2013/08/16,38.2,39.2,37.9,39.0
2013/08/19,39.0,39.0,38.5,38.9
2013/08/20,38.9,39.0,38.3,38.5
2013/08/22,39.0,40.0,38.6,39.7
2013/08/23,39.8,40.5,39.7,40.1
2013/08/26,40.3,40.8,40.0,40.5
2013/08/27,40.5,40.5,38.5,39.5
2013/08/28,38.3,39.3,37.6,38.5
2013/08/29,38.5,38.7,38.1,38.5
2013/08/30,38.4,38.8,38.2,38.5
2013/09/02,38.8,39.1,38.5,39.0
2013/09/03,39.1,39.7,38.8,39.6
2013/09/04,39.6,40.2,39.3,40.1
2013/09/05,40.3,40.5,39.9,40.1
2013/09/06,40.1,40.2,39.1,40.0
2013/09/09,39.7,40.0,39.2,39.8
2013/09/10,40.0,40.0,39.5,40.0
2013/09/11,40.0,40.2,39.8,40.2
2013/09/12,40.2,43.0,40.2,43.0
2013/09/13,43.5,43.8,41.7,42.0
2013/09/16,41.5,42.3,41.0,41.2
2013/09/17,41.2,41.8,40.8,41.2
2013/09/18,41.5,41.8,41.2,41.2
2013/09/23,41.9,43.4,41.8,43.2
2013/09/24,43.5,44.2,43.5,43.7
2013/09/25,43.7,44.0,43.1,43.8
2013/09/26,44.0,44.0,42.1,42.4
2013/09/27,42.3,43.7,42.2,43.1
2013/09/30,43.1,45.3,42.7,45.0
2013/10/01,45.0,45.2,44.0,44.3
2013/10/02,44.6,46.5,44.2,45.6
2013/10/03,46.0,48.8,45.3,48.1
2013/10/04,48.0,48.5,47.3,48.1
2013/10/07,48.1,49.8,48.1,48.6
2013/10/08,48.6,49.2,47.3,47.8
2013/10/09,47.8,50.2,47.8,49.0
2013/10/11,50.1,50.5,49.0,49.3
2013/10/14,49.6,49.6,47.8,48.4
2013/10/15,48.8,49.5,48.5,48.5
2013/10/16,48.7,50.4,48.7,49.0
2013/10/17,50.1,51.4,49.5,51.0
2013/10/18,51.3,51.7,50.4,50.8
2013/10/21,50.8,51.0,49.6,50.3
2013/10/22,51.7,52.6,50.6,51.0
2013/10/23,51.4,51.4,50.4,50.4
2013/10/24,50.4,51.2,49.8,51.2
2013/10/25,51.2,51.4,50.3,50.4
2013/10/28,50.1,51.0,49.1,49.3
2013/10/29,49.3,50.3,49.3,49.9
2013/10/30,50.0,50.4,48.7,49.2
2013/10/31,49.2,49.8,49.0,49.5
2013/11/01,49.7,51.3,49.5,50.9
2013/11/04,51.0,51.0,48.1,49.0
2013/11/05,49.0,49.4,45.6,46.0
2013/11/06,46.0,47.5,46.0,46.7
2013/11/07,47.1,47.5,47.0,47.0
2013/11/08,47.0,47.3,46.3,46.5
2013/11/11,43.2,43.2,43.2,43.2
2013/11/12,40.5,43.2,40.5,43.1
2013/11/13,42.0,42.3,40.9,41.5
2013/11/14,43.1,44.3,42.5,44.0
2013/11/15,44.4,45.6,43.2,45.3
2013/11/18,45.3,47.8,45.3,47.8
2013/11/19,47.8,49.0,47.5,48.6
2013/11/20,48.6,48.6,47.8,48.1
2013/11/21,47.3,47.5,46.0,47.5
2013/11/22,47.4,47.8,46.0,46.3
2013/11/25,46.4,46.8,45.8,46.2
2013/11/26,46.7,47.2,46.6,46.8
2013/11/27,47.0,47.0,46.0,46.3
2013/11/28,46.7,47.6,46.5,46.9
2013/11/29,47.5,47.5,46.8,47.3
2013/12/02,47.3,47.3,46.5,47.2
2013/12/03,47.2,47.2,46.5,46.7
2013/12/04,46.5,47.4,46.1,47.2
2013/12/05,46.8,47.2,46.2,46.6
2013/12/06,46.6,46.9,46.6,46.6
2013/12/09,46.7,47.2,45.4,45.6
2013/12/10,45.6,45.9,44.8,45.0
2013/12/11,45.2,46.2,45.2,45.5
2013/12/12,45.3,45.5,45.1,45.2
2013/12/13,45.0,45.7,44.8,45.7
2013/12/16,45.8,46.2,45.3,45.5
2013/12/17,45.5,46.2,45.1,45.3
2013/12/18,46.0,46.0,45.3,45.3
2013/12/19,45.3,45.8,45.3,45.7
2013/12/20,46.0,46.0,45.5,45.6
2013/12/23,46.0,46.2,45.4,45.8
2013/12/24,45.6,45.9,45.3,45.4
2013/12/25,45.2,45.7,44.7,44.8
2013/12/26,45.2,45.3,44.8,45.1
2013/12/27,45.1,45.4,44.8,45.0
2013/12/30,45.3,45.8,45.0,45.7
2013/12/31,45.7,45.9,45.3,45.5
2014/01/02,45.2,45.7,45.0,45.0
2014/01/03,44.9,45.0,44.0,44.3
2014/01/06,44.3,44.8,43.2,43.9
2014/01/07,43.8,44.2,43.2,43.4
2014/01/08,43.4,44.0,42.8,43.5
2014/01/09,43.7,43.8,43.0,43.2
2014/01/10,43.2,43.7,43.0,43.0
2014/01/13,43.2,43.6,42.5,42.6
2014/01/14,42.6,42.8,41.7,42.2
2014/01/15,42.5,42.5,41.5,41.7
2014/01/16,41.7,42.0,40.8,41.1
2014/01/17,41.1,42.0,40.8,41.9
2014/01/20,41.7,42.0,41.4,42.0
2014/01/21,42.9,44.0,42.8,43.5
2014/01/22,43.3,44.0,43.0,43.8
2014/01/23,44.0,44.2,43.6,43.7
2014/01/24,43.7,43.8,43.0,43.2
2014/01/27,42.2,43.7,42.2,43.1
2014/02/05,42.5,42.8,42.0,42.2
2014/02/06,42.2,42.5,41.4,42.1
2014/02/07,42.1,42.8,42.0,42.2
2014/02/10,42.6,42.8,42.2,42.3
2014/02/11,42.8,44.5,42.5,44.2
2014/02/12,44.5,44.5,43.9,43.9
2014/02/13,44.2,44.8,43.7,44.0
2014/02/14,44.3,44.8,44.2,44.3
2014/02/17,44.8,46.8,44.8,46.1
2014/02/18,46.5,46.5,45.5,45.9
2014/02/19,45.7,46.2,45.5,45.9
2014/02/20,46.0,47.3,46.0,46.8
2014/02/21,47.8,49.3,47.8,48.5
2014/02/24,48.6,51.1,48.6,50.6
2014/02/25,51.4,51.5,50.1,50.6
2014/02/26,50.6,51.5,50.5,51.2
2014/02/27,51.5,54.3,51.2,54.0
2014/03/03,54.1,55.2,53.4,55.0
2014/03/04,55.0,55.0,53.0,53.0
2014/03/05,53.7,55.8,53.5,55.6
2014/03/06,55.7,57.7,55.7,57.5
2014/03/07,58.4,58.4,54.9,56.0
2014/03/10,56.0,57.5,54.4,56.3
2014/03/11,56.5,57.4,56.2,56.5
2014/03/12,56.2,57.4,56.0,56.5
2014/03/13,57.1,60.4,56.6,60.4
2014/03/14,60.0,62.4,59.7,61.8
2014/03/17,62.4,66.1,61.4,61.8
2014/03/18,61.8,61.8,59.2,60.4
2014/03/19,61.0,62.1,59.7,61.5
2014/03/20,61.4,63.5,60.5,61.7
2014/03/21,61.5,61.7,58.0,59.7
2014/03/24,58.7,59.5,57.5,58.8
2014/03/25,58.3,62.5,58.3,62.2
2014/03/26,62.6,63.3,61.3,62.4
2014/03/27,62.2,65.9,62.2,65.2
2014/03/28,65.6,65.7,62.3,62.8
2014/03/31,61.5,63.7,60.5,62.8
2014/04/01,62.5,62.5,60.6,60.8
2014/04/02,60.5,61.2,59.4,60.2
2014/04/03,60.2,60.3,58.6,59.0
2014/04/07,59.0,60.4,58.4,59.5
2014/04/08,59.5,59.5,58.0,58.8
2014/04/09,59.0,59.5,58.5,59.5
2014/04/10,60.0,62.1,59.6,61.0
2014/04/11,61.0,61.5,59.3,60.3
2014/04/14,60.0,60.3,57.6,58.0
2014/04/15,58.2,58.4,56.0,56.6
2014/04/16,57.0,58.4,56.6,57.9
2014/04/17,58.4,59.0,57.6,57.6
2014/04/18,58.1,58.7,57.6,58.4
2014/04/21,58.5,58.9,57.6,58.5
2014/04/22,59.2,60.0,58.6,58.6
2014/04/23,59.5,59.5,58.1,58.1
2014/04/24,58.0,58.1,56.9,57.0
2014/04/25,57.0,57.3,54.7,55.5
2014/04/28,54.1,57.5,54.0,57.2
2014/04/29,57.9,59.0,57.3,58.8
2014/04/30,59.0,59.0,58.1,58.1
2014/05/02,58.2,58.6,57.0,57.6
2014/05/05,58.5,60.2,58.5,60.2
2014/05/06,60.4,60.8,59.1,59.6
2014/05/07,59.9,62.2,59.4,61.0
2014/05/08,62.0,62.2,60.7,61.0
2014/05/09,61.1,61.7,59.1,59.3
2014/05/12,59.8,59.8,57.5,58.7
2014/05/13,59.5,59.5,57.6,57.8
2014/05/14,57.5,57.6,56.6,57.5
2014/05/15,57.3,57.7,57.0,57.5
2014/05/16,57.0,57.5,56.0,56.7
2014/05/19,56.9,57.4,56.5,56.6
2014/05/20,56.7,57.3,56.6,56.7
2014/05/21,57.0,59.9,57.0,59.6
2014/05/22,60.0,60.5,58.9,59.2
2014/05/23,59.7,60.5,58.6,59.3
2014/05/26,59.5,59.7,59.1,59.1
2014/05/27,59.5,59.5,58.7,59.3
2014/05/28,59.3,59.7,58.9,59.1
2014/05/29,59.1,59.5,58.5,58.8
2014/05/30,59.6,61.5,58.8,61.0
2014/06/03,61.6,61.8,59.8,60.0
2014/06/04,60.0,60.4,59.3,59.6
2014/06/05,59.3,59.6,59.0,59.6
2014/06/06,60.0,60.0,58.7,59.0
2014/06/09,59.2,59.5,58.5,59.5
2014/06/10,59.7,60.0,59.2,59.5
2014/06/11,60.0,62.3,60.0,60.8
2014/06/12,61.0,62.0,60.2,60.8
2014/06/13,60.5,61.0,59.7,60.3
2014/06/16,61.0,61.5,59.8,60.5
2014/06/17,60.5,61.5,60.2,61.0
2014/06/18,61.3,62.0,61.0,61.3
2014/06/19,61.9,65.5,61.9,65.5
2014/06/20,65.8,65.9,64.1,64.5
2014/06/23,65.0,65.9,64.1,64.2
2014/06/24,64.5,64.9,63.3,64.7
2014/06/25,64.7,68.5,64.7,67.3
2014/06/26,67.8,70.1,66.7,68.8
2014/06/27,68.8,69.3,67.5,67.5
2014/06/30,68.0,69.0,68.0,68.8
2014/07/01,69.0,70.9,67.1,67.3
2014/07/02,67.8,68.0,66.5,67.6
2014/07/03,67.5,67.9,66.7,67.7
2014/07/04,68.0,69.5,67.1,68.8
2014/07/07,69.0,69.4,67.4,68.0
2014/07/08,68.3,68.8,67.2,67.2
2014/07/09,66.8,67.8,66.1,67.4
2014/07/10,68.2,68.5,67.7,68.1
2014/07/11,67.5,68.2,66.4,67.0
2014/07/14,67.5,68.0,67.2,68.0
2014/07/15,68.7,72.1,68.7,69.5
2014/07/16,70.4,70.4,67.5,68.0
2014/07/17,68.0,69.0,67.1,68.5
2014/07/18,67.9,68.8,67.5,68.6
2014/07/21,69.3,69.3,67.7,68.6
2014/07/22,68.9,70.0,68.5,68.8
2014/07/24,67.4,67.4,66.4,66.4
2014/07/25,67.1,67.4,66.4,66.4
2014/07/28,66.6,68.2,66.1,67.1
2014/07/29,68.0,69.0,67.5,68.4
2014/07/30,68.4,69.1,67.5,68.5
2014/07/31,68.8,69.5,68.0,69.0
2014/08/01,67.5,68.4,67.1,68.0
2014/08/04,68.0,68.3,66.9,67.3
2014/08/05,67.6,67.6,66.4,66.6
2014/08/06,66.6,66.8,64.0,64.5
2014/08/07,63.7,64.5,60.0,60.8
2014/08/08,60.6,60.6,57.5,59.6
2014/08/11,60.0,63.0,60.0,62.7
2014/08/12,62.4,62.4,61.2,62.0
2014/08/13,61.5,62.2,61.0,61.4
2014/08/14,61.4,62.3,60.9,61.8
2014/08/15,61.9,62.8,61.4,61.8
2014/08/18,62.2,62.3,61.3,61.5
2014/08/19,61.7,62.6,61.7,62.5
2014/08/20,62.2,62.4,60.8,61.1
2014/08/21,61.1,61.7,60.3,61.5
2014/08/22,61.6,62.7,61.5,62.3
2014/08/25,62.5,62.8,62.1,62.6
2014/08/26,62.4,62.7,62.2,62.7
2014/08/27,63.0,65.8,63.0,65.2
2014/08/28,65.2,65.5,64.0,64.2
2014/08/29,64.0,65.4,63.7,64.6
2014/09/01,64.6,65.4,64.3,65.1
2014/09/02,65.5,65.5,63.6,63.7
2014/09/03,63.7,64.5,62.2,63.1
2014/09/04,63.1,63.6,62.6,63.2
2014/09/05,62.0,62.5,60.6,61.8
2014/09/09,62.0,63.3,62.0,62.9
2014/09/10,62.5,62.6,62.0,62.2
2014/09/11,62.5,63.2,62.3,62.4
2014/09/12,62.4,62.7,61.2,61.4
2014/09/15,61.0,61.8,60.1,60.3
2014/09/16,60.3,61.3,60.0,60.9
2014/09/17,61.0,61.7,60.8,61.1
2014/09/18,61.1,61.6,60.9,61.0
2014/09/19,61.7,61.7,60.9,61.0
2014/09/22,61.0,61.3,56.9,57.0
2014/09/23,56.7,58.0,55.6,57.6
2014/09/24,57.6,58.4,57.6,58.2
2014/09/25,58.5,58.5,57.5,57.7
2014/09/26,56.2,58.6,56.2,58.4
2014/09/29,59.5,59.5,58.4,59.0
2014/09/30,58.8,59.3,57.3,58.5
2014/10/01,59.0,59.0,58.1,58.1
2014/10/02,58.1,58.7,57.8,58.6
2014/10/03,58.6,59.1,58.4,58.9
2014/10/06,59.5,59.5,58.8,59.2
2014/10/07,59.0,59.1,58.1,58.1
2014/10/08,57.6,58.6,57.6,57.6
2014/10/09,58.0,58.0,56.6,56.7
2014/10/13,55.0,56.4,54.2,54.5
2014/10/14,54.6,56.4,54.6,55.8
2014/10/15,56.2,56.3,51.9,51.9
2014/10/16,48.3,55.0,48.3,53.9
2014/10/17,50.2,51.3,50.2,50.2
2014/10/20,53.7,53.7,51.1,51.7
2014/10/21,50.8,50.8,48.1,48.1
2014/10/22,48.0,48.0,44.8,45.4
2014/10/23,45.0,45.5,44.1,44.3
2014/10/24,44.7,45.2,44.2,44.6
2014/10/27,44.8,45.7,44.4,44.4
2014/10/28,44.8,45.3,44.5,45.2
2014/10/29,45.5,48.4,45.5,48.4
2014/10/30,48.9,49.3,47.8,48.4
2014/10/31,48.6,49.2,48.5,49.0
2014/11/03,49.1,49.2,48.2,48.3
2014/11/04,48.4,49.0,48.3,48.3
2014/11/05,48.3,48.7,46.5,47.0
2014/11/06,47.0,48.2,47.0,47.7
2014/11/07,48.5,48.5,47.4,47.8
2014/11/10,47.9,48.3,47.8,47.8
2014/11/11,48.7,50.8,48.2,50.2
2014/11/12,50.0,50.9,49.5,50.5
2014/11/13,50.4,50.9,50.1,50.3
2014/11/14,50.5,51.9,50.5,51.5
2014/11/17,51.8,52.7,50.8,51.9
2014/11/18,51.9,52.2,50.3,50.6
2014/11/19,50.6,51.4,50.2,50.3
2014/11/20,51.0,51.5,50.6,50.9
2014/11/21,51.6,53.8,51.5,53.0
2014/11/24,53.9,54.9,53.2,54.7
2014/11/25,54.7,54.8,53.8,54.4
2014/11/26,54.7,56.0,54.4,55.6
2014/11/27,55.6,55.8,54.6,55.1
2014/11/28,55.4,55.8,54.6,54.8
2014/12/01,53.1,56.4,53.1,55.3
2014/12/02,55.3,55.9,54.6,54.7
2014/12/03,55.0,55.8,54.8,55.2
2014/12/04,55.0,55.4,54.4,54.7
2014/12/05,54.5,55.1,54.4,54.4
2014/12/08,54.7,56.0,54.4,55.6
2014/12/09,55.5,55.9,55.3,55.4
2014/12/10,54.9,55.6,54.6,54.7
2014/12/11,54.5,54.5,53.1,53.7
2014/12/12,53.8,54.5,53.7,54.4
2014/12/15,54.4,55.0,54.1,54.9
2014/12/16,54.8,57.4,54.5,56.3
2014/12/17,56.3,56.5,54.8,54.8
2014/12/18,55.0,55.4,54.5,54.6
2014/12/19,55.3,55.4,54.7,55.0
2014/12/22,56.0,56.2,55.3,55.6
2014/12/23,55.6,55.9,55.5,55.5
2014/12/24,56.3,56.3,55.5,55.6
2014/12/25,55.7,56.1,55.3,55.4
2014/12/26,55.8,55.8,55.4,55.4
2014/12/29,56.1,56.1,55.6,55.6
2014/12/30,55.6,55.8,54.8,54.8
2014/12/31,55.2,55.4,54.8,55.3
2015/01/05,55.3,55.6,54.3,55.5
2015/01/06,55.4,55.4,54.5,55.0
2015/01/07,54.5,55.1,54.5,54.7
2015/01/08,55.1,55.3,54.7,54.7
2015/01/09,54.7,55.2,54.4,55.0
2015/01/12,54.1,55.4,54.1,55.0
2015/01/13,55.5,55.6,55.0,55.1
2015/01/14,55.4,55.8,55.0,55.6
2015/01/15,55.6,55.7,55.0,55.4
2015/01/16,55.6,55.6,55.0,55.2
2015/01/19,55.6,55.6,55.1,55.3
2015/01/20,55.5,59.0,55.4,58.0
2015/01/21,58.5,58.5,56.7,57.3
2015/01/22,58.0,58.1,57.2,57.4
2015/01/23,58.0,58.0,57.2,57.4
2015/01/26,57.7,57.7,56.5,57.1
2015/01/27,56.9,57.7,56.6,57.3
2015/01/28,57.1,57.6,57.0,57.3
2015/01/29,57.3,57.3,56.1,57.0
2015/01/30,57.0,57.7,56.5,57.6
2015/02/02,57.6,57.6,56.9,56.9
2015/02/03,57.0,57.7,57.0,57.4
2015/02/04,57.9,57.9,57.3,57.4
2015/02/05,57.9,58.7,57.8,58.0
2015/02/06,58.2,58.4,57.5,57.6
2015/02/09,57.4,57.9,57.4,57.7
2015/02/10,57.5,57.8,57.3,57.6
2015/02/11,57.6,58.1,57.3,57.4
2015/02/12,57.3,57.9,57.1,57.1
2015/02/13,57.3,57.7,56.6,56.6
2015/02/24,56.8,57.7,56.7,57.3
2015/02/25,57.8,58.8,57.5,58.2
2015/02/26,57.6,58.2,57.3,58.0
2015/03/02,58.0,60.2,58.0,59.8
2015/03/03,60.0,61.8,59.6,60.8
2015/03/04,60.8,61.7,60.5,60.5
2015/03/05,61.0,61.2,60.0,61.2
2015/03/06,61.2,61.8,60.5,61.2
2015/03/09,61.0,61.0,60.1,60.5
2015/03/10,61.4,61.8,61.0,61.2
2015/03/11,60.8,62.0,60.7,61.1
2015/03/12,61.0,61.4,60.3,60.6
2015/03/13,61.2,61.2,60.6,60.7
2015/03/16,60.4,60.8,60.3,60.8
2015/03/17,60.8,61.3,60.4,60.5
2015/03/18,60.5,60.9,60.3,60.3
2015/03/19,60.6,61.2,60.6,61.1
2015/03/20,60.9,63.3,60.7,62.6
2015/03/23,62.5,63.1,61.7,62.9
2015/03/24,62.9,63.2,62.0,62.6
2015/03/25,62.7,64.9,62.7,64.6
2015/03/26,63.4,65.0,63.4,64.3
2015/03/27,64.5,66.5,63.8,66.0
2015/03/30,66.0,69.0,66.0,68.4
2015/03/31,69.2,69.4,67.5,67.5
2015/04/01,67.5,69.0,67.0,68.9
2015/04/02,68.9,70.0,68.4,68.6
2015/04/07,69.0,70.2,68.5,69.2
2015/04/08,69.6,69.8,68.4,69.3
2015/04/09,69.5,71.7,68.6,68.6
2015/04/10,68.6,69.2,67.9,68.1
2015/04/13,68.1,69.1,68.0,68.8
2015/04/14,69.3,70.0,69.0,69.5
2015/04/15,70.0,70.0,68.3,68.3
2015/04/16,68.2,68.7,66.5,67.3
2015/04/17,67.1,68.0,66.7,67.9
2015/04/20,67.9,69.0,67.4,68.2
2015/04/21,69.0,69.3,67.6,67.6
2015/04/22,67.7,68.9,67.0,68.5
2015/04/23,68.2,68.9,68.2,68.5
2015/04/24,68.5,69.0,67.8,68.1
2015/04/27,68.6,71.3,68.2,71.3
2015/04/28,71.3,71.5,68.7,68.8
2015/04/29,68.8,69.7,68.2,69.0
2015/04/30,69.5,69.5,68.0,68.2
2015/05/04,68.2,68.7,66.6,67.0
2015/05/05,66.5,67.2,63.5,64.6
2015/05/06,64.0,65.8,64.0,65.5
2015/05/07,65.5,66.0,64.6,64.8
2015/05/08,65.5,65.8,64.5,65.0
2015/05/11,65.1,65.5,63.1,63.5
2015/05/12,63.6,64.4,63.2,64.0
2015/05/13,64.2,66.6,64.2,66.2
2015/05/14,66.0,67.3,65.9,66.1
2015/05/15,66.3,66.5,65.1,65.5
2015/05/18,66.5,66.5,65.1,65.1
2015/05/19,66.1,66.1,65.2,65.5
2015/05/20,67.3,68.3,66.5,67.8
2015/05/21,68.3,69.8,68.1,68.4
2015/05/22,68.4,69.4,67.7,69.1
2015/05/25,69.4,69.5,68.6,68.7
2015/05/26,69.0,69.2,67.5,69.0
2015/05/27,69.0,69.0,68.1,68.2
2015/05/28,68.6,69.3,68.3,69.3
2015/05/29,69.3,69.4,68.4,68.7
2015/06/01,68.7,69.0,67.4,68.0
2015/06/02,68.4,69.1,68.0,68.5
2015/06/03,68.6,69.0,67.7,67.7
2015/06/04,67.4,67.5,64.7,64.9
2015/06/05,64.8,68.0,64.2,67.3
2015/06/08,67.5,68.9,66.6,68.5
2015/06/09,67.5,68.4,66.0,66.1
2015/06/10,67.1,68.1,66.1,67.3
2015/06/11,68.5,68.6,65.3,65.8
2015/06/12,65.8,65.9,64.0,64.2
2015/06/15,64.2,65.4,64.1,64.3
2015/06/16,64.3,64.9,64.1,64.6
2015/06/17,64.2,64.8,63.2,63.6
2015/06/18,63.4,65.3,63.3,64.9
2015/06/22,65.0,67.1,65.0,66.5
2015/06/23,67.5,68.5,66.6,67.8
2015/06/24,67.5,68.2,67.4,67.4
2015/06/25,67.4,67.9,66.5,67.0
2015/06/26,67.5,68.1,67.3,67.7
2015/06/29,67.3,68.0,66.8,67.0
2015/06/30,66.8,67.5,66.8,67.5
2015/07/01,67.5,68.9,67.5,68.3
2015/07/02,68.5,68.5,67.1,67.6
2015/07/03,67.5,67.6,66.5,66.8
2015/07/06,66.5,66.5,64.5,64.9
2015/07/07,64.1,65.6,64.1,64.5
2015/07/08,64.2,64.4,62.0,62.4
2015/07/09,60.7,62.2,60.0,61.6
2015/07/13,64.0,64.0,62.5,62.9
2015/07/14,63.4,64.0,63.4,63.5
2015/07/15,64.0,64.0,63.2,63.2
2015/07/16,63.8,65.5,63.4,65.1
2015/07/17,65.1,65.7,64.8,65.3
2015/07/20,65.8,66.0,64.0,64.7
2015/07/21,65.3,67.3,65.1,66.9
2015/07/22,67.3,70.3,66.5,69.4
2015/07/23,70.3,70.8,68.4,68.5
2015/07/24,68.5,69.6,67.5,68.6
2015/07/27,68.9,69.1,65.1,66.4
2015/07/28,66.4,67.3,63.6,67.0
2015/07/29,67.5,67.9,66.0,67.3
2015/07/30,67.9,70.5,67.5,70.5
2015/07/31,71.6,71.7,69.3,70.3
2015/08/03,70.5,75.3,70.0,72.4
2015/08/04,72.8,74.6,69.8,72.3
2015/08/05,72.3,74.5,72.0,73.6
2015/08/06,74.0,75.3,72.7,74.3
2015/08/07,73.9,74.7,73.1,74.5
2015/08/10,74.0,75.5,74.0,74.8
2015/08/11,75.0,75.2,72.7,72.7
2015/08/12,72.5,73.0,70.6,73.0
2015/08/13,71.9,72.7,71.3,72.1
2015/08/14,72.4,74.4,72.3,73.9
2015/08/17,74.2,74.6,73.3,74.1
2015/08/18,74.7,77.4,73.7,76.1
2015/08/19,76.0,76.3,74.8,75.7
2015/08/20,75.7,77.2,74.7,77.2
2015/08/21,76.3,76.8,72.9,73.7
2015/08/24,72.4,72.5,67.1,67.5
2015/08/25,67.0,71.3,66.8,70.9
2015/08/26,70.1,72.4,70.0,71.9
2015/08/27,72.3,74.0,72.2,72.3
2015/08/28,72.3,73.3,72.1,72.4
2015/08/31,72.3,75.1,72.1,75.1
2015/09/01,76.2,77.0,74.1,74.1
2015/09/02,73.7,74.1,72.2,73.9
2015/09/03,74.3,75.4,74.0,74.3
2015/09/04,74.6,74.9,72.5,72.5
2015/09/07,72.8,73.3,71.6,72.2
2015/09/08,72.2,72.6,71.3,71.5
2015/09/09,72.3,73.3,72.2,73.0
2015/09/10,72.5,72.5,71.3,71.6
2015/09/11,72.5,72.7,70.8,70.9
2015/09/14,71.2,71.8,69.7,70.3
2015/09/15,70.7,70.9,69.9,70.7
2015/09/16,71.2,71.2,70.0,70.4
2015/09/17,70.6,71.5,70.6,70.6
2015/09/18,71.0,71.1,70.1,70.9
2015/09/21,70.3,70.6,69.6,70.0
2015/09/22,67.9,71.2,66.8,71.2
2015/09/23,71.0,71.5,69.8,70.8
2015/09/24,71.5,71.5,70.6,71.1
2015/09/25,71.0,71.2,70.1,71.1
2015/09/30,70.0,71.2,69.2,70.5
2015/10/01,71.0,71.0,70.1,70.3
2015/10/02,70.2,72.7,70.2,72.5
2015/10/05,72.5,73.1,72.0,73.1
2015/10/06,73.1,73.3,72.1,72.5
2015/10/07,72.5,72.9,72.5,72.8
2015/10/08,72.8,73.2,72.2,72.5
2015/10/12,72.5,72.5,70.5,71.8
2015/10/13,72.0,72.7,71.2,71.3
2015/10/14,71.0,71.5,70.3,70.3
2015/10/15,70.6,71.3,70.3,71.0
2015/10/16,71.4,72.0,70.7,71.1
2015/10/19,71.1,71.9,70.6,71.8
2015/10/20,71.7,71.7,71.0,71.3
2015/10/21,72.3,72.3,70.5,70.5
2015/10/22,70.6,71.9,70.6,71.8
2015/10/23,72.2,72.3,71.0,71.1
2015/10/26,71.9,71.9,71.1,71.2
2015/10/27,71.4,71.7,71.3,71.5
2015/10/28,71.7,72.0,71.4,71.8
2015/10/29,72.1,72.4,71.8,71.8
2015/10/30,71.8,71.8,70.5,70.6
2015/11/02,70.4,70.5,69.0,69.4
2015/11/03,69.8,70.1,69.0,69.3
2015/11/04,69.5,69.9,69.2,69.5
2015/11/05,69.5,71.2,69.5,70.8
2015/11/06,71.1,71.1,69.8,69.8
2015/11/09,69.8,70.5,69.5,70.0
2015/11/10,69.5,69.6,68.6,69.1
2015/11/11,69.1,69.5,68.6,68.6
2015/11/12,69.0,70.0,68.8,69.6
2015/11/13,69.7,69.7,68.6,69.0
2015/11/16,68.4,69.0,68.2,68.6
2015/11/17,68.8,70.1,68.8,69.9
2015/11/18,70.0,70.0,68.5,68.6
2015/11/19,69.0,69.3,68.7,68.7
2015/11/20,69.4,69.4,68.5,68.8
2015/11/23,69.0,71.1,69.0,70.1
2015/11/24,70.1,70.2,68.2,68.4
2015/11/25,68.6,69.2,67.2,67.4
2015/11/26,67.7,68.4,67.7,67.8
2015/11/27,67.8,68.4,67.6,68.0
2015/11/30,68.0,68.4,67.0,67.0
2015/12/01,67.0,67.3,66.5,67.1
2015/12/02,67.1,67.9,67.0,67.1
2015/12/03,67.0,67.4,66.3,66.5
2015/12/04,66.0,67.2,65.7,67.2
2015/12/07,67.8,67.8,67.2,67.2
2015/12/08,67.2,67.5,66.1,66.2
2015/12/09,66.2,66.5,64.8,65.5
2015/12/10,65.0,65.0,64.3,64.6
2015/12/11,64.6,65.3,64.4,64.4
2015/12/14,64.0,64.4,63.0,63.5
2015/12/15,63.3,64.0,62.8,63.1
2015/12/16,63.5,65.3,63.2,65.2
2015/12/17,65.3,67.5,65.3,67.0
2015/12/18,66.7,66.7,65.5,66.4
2015/12/21,65.2,66.3,65.2,65.9
2015/12/22,67.5,68.0,66.5,68.0
2015/12/23,68.0,68.5,67.8,68.2
2015/12/24,68.6,68.6,68.0,68.5
2015/12/25,68.4,68.6,67.9,68.5
2015/12/28,68.3,68.5,67.9,68.2
2015/12/29,68.0,68.3,67.9,68.3
2015/12/30,68.3,68.4,66.6,66.9
2015/12/31,66.9,68.2,66.8,67.9
2016/01/05,66.8,66.8,65.5,65.5
2016/01/06,65.5,65.5,62.9,63.0
2016/01/07,62.9,62.9,59.5,61.0
2016/01/08,60.4,60.9,59.1,59.8
2016/01/11,60.0,60.1,57.6,57.6
2016/01/12,58.6,59.3,58.5,58.5
2016/01/13,59.4,59.7,58.4,58.6
2016/01/14,57.0,57.2,56.6,56.8
2016/01/15,57.5,57.9,57.0,57.5
2016/01/18,56.8,59.7,56.8,59.7
2016/01/19,59.8,59.8,58.8,59.4
2016/01/20,59.4,59.4,57.1,57.5
2016/01/21,59.0,59.5,58.1,58.5
2016/01/22,58.9,59.2,58.0,58.3
2016/01/25,58.5,60.2,58.5,60.0
2016/01/26,59.8,59.8,59.1,59.4
2016/01/27,59.5,59.7,58.7,59.0
2016/01/28,59.0,60.1,59.0,59.7
2016/01/29,59.7,60.9,59.7,60.4
2016/02/01,60.8,62.8,60.5,61.8
2016/02/02,62.0,62.2,60.7,61.7
2016/02/03,61.5,61.5,60.5,60.7
2016/02/15,59.1,60.5,59.1,60.5
2016/02/16,60.7,61.7,60.4,60.8
2016/02/17,61.4,62.0,61.1,61.3
2016/02/18,61.6,62.5,61.4,61.5
2016/02/19,62.3,62.3,61.2,61.5
2016/02/22,61.5,62.2,61.5,61.8
2016/02/23,63.0,65.5,63.0,65.0
2016/02/24,65.0,66.3,64.5,65.1
2016/02/25,65.5,65.8,64.1,64.1
2016/02/26,64.8,65.1,63.4,64.8
2016/03/01,65.1,65.5,64.4,65.0
2016/03/02,65.4,65.7,65.1,65.5
2016/03/03,65.5,66.5,65.5,66.1
2016/03/04,65.8,66.1,65.5,66.0
2016/03/07,65.5,67.2,65.5,66.5
2016/03/08,66.1,66.3,64.8,65.5
2016/03/09,65.5,66.0,65.0,65.5
2016/03/10,65.5,65.7,64.8,64.8
2016/03/11,64.5,66.2,64.5,65.5
2016/03/14,65.5,65.7,64.3,65.0
2016/03/15,65.2,65.3,64.0,64.0
2016/03/16,63.8,63.8,61.9,62.2
2016/03/17,62.3,62.9,61.6,62.0
2016/03/18,62.8,63.2,61.6,62.2
2016/03/21,62.2,63.2,61.9,62.1
2016/03/22,62.3,62.9,61.9,62.3
2016/03/23,62.4,62.7,62.0,62.1
2016/03/24,62.1,62.5,61.7,62.2
2016/03/25,62.5,62.6,62.2,62.2
2016/03/28,62.3,62.8,62.1,62.3
2016/03/29,62.3,62.6,61.3,61.7
2016/03/30,61.8,62.5,61.6,62.4
2016/03/31,62.4,62.7,62.1,62.4
2016/04/01,62.7,62.7,61.7,62.0
2016/04/06,62.4,63.4,61.6,63.3
2016/04/07,63.0,63.2,62.5,62.8
2016/04/08,62.0,62.5,61.9,62.1
2016/04/11,62.1,62.3,61.7,62.0
2016/04/12,62.0,62.3,61.2,61.8
2016/04/13,61.9,62.5,61.7,62.1
2016/04/14,62.0,62.2,61.5,62.2
2016/04/15,62.4,62.4,61.4,61.7
2016/04/18,61.7,62.2,61.5,62.1
2016/04/19,62.3,62.4,61.8,61.8
2016/04/20,62.0,62.0,60.6,60.9
2016/04/21,61.2,61.4,59.8,60.6
2016/04/22,60.6,61.1,59.9,60.2
2016/04/25,60.2,60.2,59.4,60.0
2016/04/26,60.0,60.2,59.4,60.2
2016/04/27,60.2,60.4,59.5,59.8
2016/04/28,60.0,60.2,59.8,60.0
2016/04/29,59.9,60.3,59.7,59.9
2016/05/03,60.2,60.3,59.5,59.7
2016/05/04,59.7,60.2,59.5,59.8
2016/05/05,59.6,60.3,59.5,60.1
2016/05/06,60.2,60.2,59.7,60.0
2016/05/09,59.7,60.5,59.6,59.8
2016/05/10,59.8,62.3,59.8,62.0
2016/05/11,62.0,62.3,61.7,62.0
2016/05/12,61.7,63.2,61.7,62.6
2016/05/13,62.8,63.2,62.1,63.2
2016/05/16,63.0,63.6,62.5,63.2
2016/05/17,63.2,64.1,62.5,63.7
2016/05/18,63.7,63.7,63.0,63.2
2016/05/19,63.2,63.2,61.6,61.9
2016/05/20,61.5,62.1,61.5,62.0
2016/05/23,62.1,62.5,61.5,62.3
2016/05/24,62.3,62.6,62.0,62.4
2016/05/25,62.4,62.9,62.3,62.5
2016/05/26,62.3,62.7,62.1,62.6
2016/05/27,62.8,62.8,61.9,62.3
2016/05/30,62.7,62.8,62.2,62.7
2016/05/31,62.9,63.1,62.6,62.8
2016/06/01,63.0,64.6,63.0,64.3
2016/06/02,64.6,64.6,63.6,63.8
2016/06/03,64.3,65.1,64.0,64.9
2016/06/06,65.5,65.8,64.2,64.7
2016/06/07,64.7,65.2,64.7,65.1
2016/06/08,65.1,65.2,64.2,64.7
2016/06/13,65.0,65.1,63.6,64.3
2016/06/14,63.9,64.0,62.3,63.5
2016/06/15,63.0,64.6,63.0,64.0
2016/06/16,64.0,64.2,63.5,63.9
2016/06/17,64.4,64.4,63.8,64.2
2016/06/20,64.5,64.8,64.3,64.4
2016/06/21,65.1,65.8,65.1,65.8
2016/06/22,65.7,66.3,65.2,65.3
2016/06/23,65.9,66.1,65.3,65.4
2016/06/24,65.4,65.6,64.3,64.6
2016/06/27,64.0,66.4,64.0,65.8
2016/06/28,65.4,68.4,65.4,68.2
2016/06/29,68.7,68.8,67.5,68.0
2016/06/30,68.7,68.7,67.0,67.4
2016/07/01,67.5,68.3,67.5,67.8
2016/07/04,67.8,68.2,67.5,68.1
2016/07/05,68.1,68.2,67.2,67.3
2016/07/06,67.0,67.3,66.3,66.5
2016/07/07,66.7,67.0,66.5,66.9
2016/07/11,67.2,67.5,66.5,67.5
2016/07/12,68.0,68.6,68.0,68.3
2016/07/13,68.3,68.7,68.0,68.5
2016/07/14,68.5,68.9,68.0,68.0
2016/07/15,68.1,68.9,68.0,68.9
2016/07/18,68.8,69.7,68.8,69.5
2016/07/19,69.8,69.9,69.0,69.7
2016/07/20,69.7,69.7,68.8,69.7
2016/07/21,70.4,71.9,70.4,70.5
2016/07/22,70.5,72.0,70.5,71.4
2016/07/25,71.5,72.2,71.4,71.5
2016/07/26,70.7,70.8,69.2,70.1
2016/07/27,70.1,70.4,69.5,69.5
2016/07/28,69.5,69.9,68.5,68.6
2016/07/29,68.5,69.5,68.4,69.5
2016/08/01,69.5,69.8,69.0,69.3
2016/08/02,69.3,70.0,69.3,69.9
2016/08/03,69.9,71.7,69.5,70.8
2016/08/04,70.8,71.6,70.8,71.3
2016/08/05,71.8,72.1,71.6,72.0
2016/08/08,72.3,72.5,71.0,71.3
2016/08/09,71.3,71.5,70.5,70.9
2016/08/10,70.9,71.6,70.9,71.6
2016/08/11,71.4,71.5,70.1,70.9
2016/08/12,70.9,72.1,70.6,71.9
2016/08/15,71.9,71.9,71.3,71.8
2016/08/16,71.8,71.8,70.6,70.9
2016/08/17,70.9,71.0,68.5,69.6
2016/08/18,69.2,69.8,69.1,69.5
2016/08/19,69.5,70.3,69.1,69.2
2016/08/22,68.5,69.0,68.2,68.7
2016/08/23,69.1,70.2,69.1,69.7
2016/08/24,69.9,70.2,69.6,70.1
2016/08/25,70.0,70.2,69.6,70.1
2016/08/26,70.0,70.1,69.8,70.1
2016/08/29,70.1,70.6,69.6,70.6
2016/08/30,70.8,71.2,70.0,70.5
2016/08/31,70.5,71.0,70.2,71.0
2016/09/01,70.6,70.6,69.5,69.9
2016/09/02,69.9,70.2,69.3,69.5
2016/09/05,69.6,70.0,69.4,70.0
2016/09/06,70.0,70.0,69.5,69.6
2016/09/07,69.8,70.2,69.4,70.0
2016/09/08,70.0,71.0,69.8,70.8
2016/09/09,70.8,71.4,70.1,71.2
2016/09/12,69.9,70.0,68.8,68.9
2016/09/13,68.9,69.9,68.8,68.9
2016/09/14,68.8,69.0,68.2,68.4
2016/09/19,68.5,69.4,68.5,69.2
2016/09/20,69.4,70.0,69.0,70.0
2016/09/21,70.5,71.5,70.3,71.0
2016/09/22,71.2,71.2,70.5,70.8
2016/09/23,70.3,71.0,70.3,71.0
2016/09/26,71.0,71.0,70.2,70.9
2016/09/29,70.9,71.0,69.9,70.3
2016/09/30,70.3,70.3,69.5,69.5
2016/10/03,69.6,70.2,69.6,69.8
2016/10/04,69.9,70.3,69.9,70.3
2016/10/05,70.4,70.4,69.6,69.9
2016/10/06,70.4,70.4,69.5,70.0
2016/10/07,69.6,70.0,69.3,70.0
2016/10/11,70.0,70.2,68.9,69.8
2016/10/12,69.0,69.4,67.3,68.0
2016/10/13,67.5,67.6,66.7,67.2
2016/10/14,67.2,67.4,67.0,67.4
2016/10/17,67.4,67.7,66.9,67.5
2016/10/18,67.8,67.8,66.9,67.5
2016/10/19,67.5,68.4,67.3,67.5
2016/10/20,68.0,69.2,67.7,69.2
2016/10/21,69.5,69.8,67.9,69.4
2016/10/24,69.1,69.1,68.3,68.3
2016/10/25,68.3,68.6,66.9,67.4
2016/10/26,67.0,67.6,66.9,67.3
2016/10/27,67.3,67.9,66.8,67.6
2016/10/28,67.5,68.1,67.0,67.8
2016/10/31,67.7,67.7,67.0,67.3
2016/11/01,67.3,67.6,66.9,67.6
2016/11/02,67.0,67.3,66.7,67.0
2016/11/03,67.0,67.2,66.0,66.2
2016/11/04,66.2,66.5,66.0,66.5
2016/11/07,66.5,66.9,66.3,66.5
2016/11/08,66.5,66.9,65.8,66.6
2016/11/09,66.6,66.6,64.8,65.5
2016/11/10,65.7,66.6,65.7,66.2
2016/11/11,66.0,66.0,64.9,65.2
2016/11/14,65.2,65.2,62.8,64.0
2016/11/15,64.0,64.0,63.2,63.6
2016/11/16,63.6,64.1,63.5,63.7
2016/11/17,63.7,64.1,62.5,62.9
2016/11/18,62.9,63.6,62.7,63.5
2016/11/21,63.5,63.5,61.8,62.0
2016/11/22,62.0,62.8,61.7,62.5
2016/11/23,62.5,63.3,62.2,63.0
2016/11/24,63.0,63.8,62.9,63.8
2016/11/25,63.8,63.9,63.1,63.8
2016/11/28,63.9,64.1,63.4,63.9
2016/11/29,63.9,64.5,63.5,64.3
2016/11/30,64.3,64.5,63.6,64.5
2016/12/01,64.4,64.4,63.4,64.0
2016/12/02,63.9,63.9,62.6,62.9
2016/12/05,63.0,63.3,62.9,62.9
2016/12/06,63.2,63.4,63.0,63.1
2016/12/07,63.1,63.4,63.1,63.4
2016/12/08,63.4,64.1,63.2,63.9
2016/12/09,64.1,64.1,63.3,64.0
2016/12/12,64.2,64.2,63.2,63.2
2016/12/13,63.2,63.6,63.1,63.3
2016/12/14,63.4,63.6,63.3,63.3
2016/12/15,63.2,63.6,63.0,63.5
2016/12/16,63.5,63.6,63.1,63.4
2016/12/19,63.4,63.6,63.2,63.2
2016/12/20,63.2,63.5,62.7,63.0
2016/12/21,63.0,63.3,62.8,62.8
2016/12/22,62.9,63.2,62.5,63.0
2016/12/23,63.0,63.0,62.0,62.2
2016/12/26,62.2,62.5,61.6,61.6
2016/12/27,61.6,62.0,61.1,61.3
2016/12/28,61.3,61.7,61.3,61.4
2016/12/29,61.4,61.7,61.1,61.1
2016/12/30,61.1,61.4,61.0,61.1
2017/01/03,61.2,61.4,61.0,61.2
2017/01/04,61.4,61.5,61.1,61.1
2017/01/05,61.3,62.5,61.3,62.5
2017/01/06,62.6,63.1,62.5,62.8
2017/01/09,62.7,63.0,62.2,62.3
2017/01/10,62.5,62.8,62.3,62.8
2017/01/11,62.9,63.4,62.9,63.0
2017/01/12,63.0,63.6,63.0,63.6
2017/01/13,63.6,63.7,63.4,63.6
2017/01/16,63.6,63.6,62.9,63.1
2017/01/17,63.1,63.2,62.5,63.2
2017/01/18,63.2,63.3,63.0,63.2
2017/01/19,63.2,63.8,63.2,63.6
2017/01/20,63.6,63.9,63.5,63.8
2017/01/23,63.8,64.0,63.6,63.8
2017/01/24,63.8,64.3,63.6,64.1
2017/02/02,64.3,64.3,63.8,63.9
2017/02/03,63.5,63.9,63.0,63.4
2017/02/06,63.4,63.7,63.2,63.6
2017/02/07,63.6,64.2,63.5,64.0
2017/02/08,64.1,64.1,63.5,63.9
2017/02/09,64.1,64.3,63.9,64.2
2017/02/10,64.2,64.8,64.2,64.5
2017/02/13,64.6,65.0,64.3,64.5
2017/02/14,64.5,64.7,64.1,64.7
2017/02/15,64.8,64.9,64.2,64.4
2017/02/16,64.7,64.7,63.8,63.8
2017/02/17,63.9,64.1,63.1,63.4
2017/02/20,63.5,64.4,63.1,64.2
2017/02/21,64.2,64.2,63.4,63.5
2017/02/22,63.5,64.0,63.2,63.2
2017/02/23,63.2,63.5,62.9,63.1
2017/02/24,63.0,63.6,62.7,63.0
2017/03/01,63.2,63.5,63.0,63.2
2017/03/02,63.6,63.6,62.7,62.8
2017/03/03,62.8,63.2,62.8,63.0
2017/03/06,63.0,63.3,62.7,63.1
2017/03/07,62.9,63.1,62.9,62.9
2017/03/08,62.9,62.9,62.5,62.7
2017/03/09,62.6,62.6,62.0,62.3
2017/03/10,62.5,62.5,61.7,61.9
2017/03/13,62.3,62.3,61.6,62.0
2017/03/14,62.3,62.7,62.3,62.6
2017/03/15,62.7,63.6,62.6,63.3
2017/03/16,63.6,63.8,63.0,63.0
2017/03/17,63.5,63.5,62.9,63.3
2017/03/20,63.8,63.8,62.9,63.0
2017/03/21,62.9,63.3,62.6,62.6
2017/03/22,62.6,62.7,62.3,62.4
2017/03/23,62.5,63.4,62.5,62.9
2017/03/24,63.1,63.7,63.1,63.5
2017/03/27,63.5,63.5,63.1,63.1
2017/03/28,63.5,63.5,62.3,62.4
2017/03/29,62.8,63.4,62.4,63.4
2017/03/30,62.9,63.2,62.4,62.5
2017/03/31,62.8,63.0,61.9,61.9
2017/04/05,61.9,62.2,61.7,62.0
2017/04/06,62.2,62.4,61.9,61.9
2017/04/07,62.0,62.2,61.9,61.9
2017/04/10,61.9,62.0,61.6,61.7
2017/04/11,61.7,62.1,61.1,61.1
2017/04/12,61.2,61.3,60.7,61.3
2017/04/13,61.3,61.3,60.8,60.8
2017/04/14,60.8,60.8,59.8,60.2
2017/04/17,59.9,60.1,59.2,59.3
2017/04/18,59.4,59.8,58.9,59.2
2017/04/19,59.0,59.0,57.9,58.3
2017/04/20,58.1,58.1,57.3,57.4
2017/04/21,58.0,58.3,57.1,57.2
2017/04/24,57.4,58.8,57.4,58.3
2017/04/25,59.1,60.2,58.8,60.2
2017/04/26,60.1,60.5,59.8,60.3
2017/04/27,60.3,60.6,60.1,60.3
2017/04/28,60.5,61.1,60.3,61.0
2017/05/02,61.2,61.4,60.7,61.0
2017/05/03,61.0,61.0,60.4,60.7
2017/05/04,60.5,60.5,59.8,60.2
2017/05/05,60.2,60.4,60.1,60.2
2017/05/08,60.2,60.5,60.2,60.2
2017/05/09,60.5,60.6,60.1,60.2
2017/05/10,60.2,60.8,60.2,60.4
2017/05/11,60.8,61.2,60.8,61.0
2017/05/12,61.2,61.8,61.0,61.7
2017/05/15,61.8,61.8,61.3,61.7
2017/05/16,61.5,61.7,61.4,61.6
2017/05/17,61.8,61.8,61.1,61.3
2017/05/18,61.0,61.0,60.7,60.9
2017/05/19,60.7,61.0,60.5,61.0
2017/05/22,61.2,61.3,61.0,61.1
2017/05/23,61.3,61.4,61.0,61.1
2017/05/24,61.3,61.5,61.2,61.5
2017/05/25,61.5,62.5,61.5,62.5
2017/05/26,62.9,63.2,62.5,62.7
2017/05/31,62.9,63.2,62.5,63.0
2017/06/01,63.1,63.4,62.9,62.9
2017/06/02,62.9,63.1,62.5,62.7
2017/06/05,62.7,63.0,62.5,62.7
2017/06/06,62.7,62.7,62.3,62.5
2017/06/07,62.2,62.4,61.9,61.9
2017/06/08,61.9,62.0,61.5,61.8
2017/06/09,61.9,62.1,61.4,61.4
2017/06/12,61.4,61.4,61.0,61.1
2017/06/13,61.1,62.1,61.1,62.0
2017/06/14,62.3,62.3,60.0,60.7
2017/06/15,61.3,61.3,60.4,60.4
2017/06/16,61.1,62.5,60.4,61.7
2017/06/19,62.0,62.8,62.0,62.2
2017/06/20,62.2,62.5,61.4,61.6
2017/06/21,61.4,63.0,61.0,62.5
2017/06/22,62.5,63.3,62.4,62.8
2017/06/23,62.8,63.4,62.8,63.0
2017/06/26,63.4,64.0,63.2,63.9
2017/06/27,64.0,64.2,63.9,64.1
2017/06/28,63.8,65.1,63.7,64.4
2017/06/29,64.4,64.8,63.8,64.4
2017/06/30,64.4,64.8,63.5,64.4
2017/07/03,64.7,65.0,64.4,64.7
2017/07/04,64.7,66.4,64.5,65.7
2017/07/05,66.0,67.2,66.0,66.9
2017/07/06,67.0,67.5,66.0,66.0
2017/07/07,66.4,66.5,66.0,66.1
2017/07/10,66.1,66.1,65.1,65.3
2017/07/11,65.7,65.8,65.0,65.0
2017/07/12,64.8,65.9,64.8,65.9
2017/07/13,63.5,64.2,63.4,63.7
2017/07/14,63.8,64.5,63.8,64.2
2017/07/17,64.2,64.3,63.6,64.2
2017/07/18,64.2,64.5,63.8,64.5
2017/07/19,64.9,64.9,63.9,63.9
2017/07/20,64.4,64.4,63.8,64.1
2017/07/21,64.1,64.2,63.3,64.1
2017/07/24,64.0,65.4,64.0,65.0
2017/07/25,65.2,65.8,65.2,65.6
2017/07/26,65.6,65.6,65.1,65.1
2017/07/27,65.0,65.3,64.6,65.3
2017/07/28,65.1,65.2,64.3,64.5
2017/07/31,64.5,64.6,63.7,64.6
2017/08/01,64.6,64.6,63.8,64.4
2017/08/02,63.7,64.1,63.6,63.6
2017/08/03,63.4,63.4,62.5,63.1
2017/08/04,63.0,63.7,62.9,63.6
2017/08/07,63.6,64.1,63.1,63.8
2017/08/08,63.8,64.2,63.5,63.7
2017/08/09,63.7,64.2,63.6,63.8
2017/08/10,63.8,63.8,62.5,63.0
2017/08/11,62.6,63.0,61.9,62.6
2017/08/14,62.6,63.0,62.2,62.8
2017/08/15,62.6,62.9,62.3,62.7
2017/08/16,62.7,63.0,62.2,62.6
2017/08/17,62.3,62.7,62.2,62.7
2017/08/18,62.5,62.7,61.5,62.2
2017/08/21,62.2,62.2,61.6,61.9
2017/08/22,61.9,62.5,61.4,62.5
2017/08/23,62.5,62.6,61.9,62.1
2017/08/24,62.0,63.1,62.0,62.9
2017/08/25,62.9,63.1,62.8,62.9
2017/08/28,62.5,63.0,62.5,62.6
2017/08/29,62.8,62.8,62.4,62.5
2017/08/30,62.4,63.0,62.4,62.5
2017/08/31,63.0,63.5,62.6,63.5
2017/09/01,63.1,63.3,62.8,62.9
2017/09/04,62.7,62.7,61.8,61.9
2017/09/05,61.9,62.3,61.5,62.0
2017/09/06,62.0,62.3,61.6,61.6
2017/09/07,62.0,62.1,61.6,61.8
2017/09/08,61.8,62.2,61.8,62.0
2017/09/11,61.8,62.2,61.7,62.2
2017/09/12,62.0,62.0,61.6,61.9
2017/09/13,62.0,62.0,61.6,61.7
2017/09/14,61.7,62.0,61.6,61.8
2017/09/15,61.8,61.8,61.4,61.7
2017/09/18,61.7,61.7,60.9,61.0
2017/09/19,61.0,61.3,61.0,61.0
2017/09/20,61.2,61.2,60.3,60.7
2017/09/21,61.1,61.1,60.2,60.6
2017/09/22,60.7,60.9,59.8,59.9
2017/09/25,59.9,59.9,58.5,59.2
2017/09/26,59.2,59.4,58.9,59.2
2017/09/27,59.2,59.7,59.2,59.3
2017/09/28,59.4,60.6,59.3,60.3
2017/09/29,60.3,60.8,59.6,60.8
2017/10/02,60.7,61.2,60.5,61.1
2017/10/03,60.8,61.2,60.6,60.6
2017/10/05,60.5,61.2,60.4,61.2
2017/10/06,60.7,61.1,60.4,60.5
2017/10/11,60.6,61.6,60.2,61.4
2017/10/12,61.5,61.5,60.8,61.4
2017/10/13,61.0,61.1,60.8,61.0
2017/10/16,61.8,61.8,60.9,61.2
2017/10/17,61.3,61.8,61.3,61.8
2017/10/18,61.6,61.8,61.2,61.2
2017/10/19,61.2,61.6,60.8,61.6
2017/10/20,61.6,61.7,60.7,60.7
2017/10/23,61.2,61.6,60.5,61.2
2017/10/24,61.2,61.6,61.0,61.3
2017/10/25,60.7,61.4,60.7,61.2
2017/10/26,61.2,61.2,60.6,60.6
2017/10/27,60.6,61.0,60.5,60.5
2017/10/30,60.5,60.9,60.5,60.5
2017/10/31,60.7,60.9,60.7,60.9
2017/11/01,61.0,61.5,61.0,61.0
2017/11/02,61.1,61.7,60.9,61.6
2017/11/03,62.0,62.0,61.7,61.9
2017/11/06,61.9,61.9,60.5,61.0
2017/11/07,61.7,61.7,60.7,60.7
2017/11/08,61.0,61.3,60.9,61.1
2017/11/09,61.0,61.2,60.9,61.2
2017/11/10,61.2,61.4,60.5,61.2
2017/11/13,61.4,62.2,61.2,62.0
2017/11/14,62.0,62.0,61.4,61.7
2017/11/15,61.9,61.9,61.2,61.3
2017/11/16,61.4,61.5,61.2,61.2
2017/11/17,61.0,61.5,61.0,61.4
2017/11/20,61.0,63.0,60.2,61.7
2017/11/21,61.0,61.4,60.7,60.8
2017/11/22,60.8,60.8,59.8,60.1
2017/11/23,60.0,60.2,59.6,60.2
2017/11/24,60.0,60.3,59.7,59.9
2017/11/27,60.0,60.1,59.8,60.0
2017/11/28,60.0,60.1,59.8,59.8
2017/11/29,59.8,59.9,59.3,59.5
2017/11/30,59.5,60.3,58.9,60.3
2017/12/01,60.0,60.0,59.1,59.5
2017/12/04,59.5,59.9,59.3,59.5
2017/12/05,59.3,59.3,58.8,59.0
2017/12/06,59.1,59.1,58.2,58.6
2017/12/07,58.6,59.0,58.1,58.2
2017/12/08,58.5,58.9,58.3,58.5
2017/12/11,58.8,60.2,58.7,60.2
2017/12/12,60.3,61.2,60.2,61.0
2017/12/13,61.3,61.7,61.1,61.7
2017/12/14,61.9,62.2,61.8,62.0
2017/12/15,62.0,62.0,61.4,61.7
2017/12/18,61.7,62.0,61.2,61.7
2017/12/19,61.7,62.8,61.7,62.4
2017/12/20,62.8,63.0,62.6,62.7
2017/12/21,62.7,63.0,62.2,62.7
2017/12/22,62.4,63.0,62.4,62.6
2017/12/25,62.6,62.6,61.8,62.4
2017/12/26,62.3,63.0,62.0,62.4
2017/12/27,62.6,63.3,62.2,63.0
2017/12/28,63.1,64.0,62.8,63.8
2017/12/29,63.7,64.9,63.6,63.7
2018/01/02,64.2,64.2,63.6,63.6
2018/01/03,64.0,64.0,63.1,63.8
2018/01/04,63.6,63.9,62.6,63.2
2018/01/05,62.5,63.4,62.2,63.4
2018/01/08,63.2,63.2,62.5,62.6
2018/01/09,62.8,63.4,62.2,63.0
2018/01/10,62.9,63.1,62.5,63.1
2018/01/11,63.2,63.4,62.2,63.0
2018/01/12,63.0,63.2,62.3,62.7
2018/01/16,63.4,64.1,63.2,64.0
2018/01/17,64.0,65.2,64.0,65.0
2018/01/18,65.2,65.7,64.5,65.3
2018/01/19,65.4,65.4,64.0,65.2
2018/01/22,65.3,65.4,64.4,65.0
2018/01/23,65.0,65.0,63.6,64.4
2018/01/24,64.1,64.1,63.6,63.7
2018/01/25,63.6,63.6,62.5,62.8
2018/01/26,62.8,63.0,61.9,62.5
2018/01/29,62.5,62.8,61.8,61.8
2018/01/30,61.8,61.8,61.3,61.3
2018/01/31,61.3,62.1,60.9,61.9
2018/02/01,61.9,61.9,61.5,61.7
2018/02/02,61.8,61.9,61.4,61.9
2018/02/05,61.0,61.8,61.0,61.8
2018/02/06,61.0,61.1,59.5,59.7
2018/02/07,60.2,60.5,59.8,60.2
2018/02/08,60.0,60.7,59.8,60.5
2018/02/09,60.0,60.1,59.0,59.9
2018/02/12,60.5,60.5,60.0,60.4
2018/02/21,60.2,61.4,60.2,61.4
2018/02/22,61.4,61.4,60.8,61.0
2018/02/23,61.2,61.2,60.7,60.8
2018/02/26,61.0,61.9,60.9,61.6
2018/02/27,61.6,61.7,61.0,61.5
2018/03/01,61.4,61.5,60.9,61.0
2018/03/02,61.2,61.2,60.4,60.9
2018/03/05,60.9,61.3,60.1,60.2
2018/03/06,60.3,60.7,60.3,60.4
2018/03/07,60.1,60.7,60.1,60.4
2018/03/08,60.5,60.5,60.1,60.1
2018/03/09,60.7,62.4,60.5,61.5
2018/03/12,62.1,63.5,61.8,62.5
2018/03/13,63.0,63.7,62.9,63.0
2018/03/14,63.2,63.2,62.2,62.2
2018/03/15,62.2,62.9,62.0,62.1
2018/03/16,62.5,62.5,61.5,61.8
2018/03/19,61.8,62.0,61.5,61.6
2018/03/20,61.2,61.5,61.0,61.4
2018/03/21,61.6,61.8,61.0,61.0
2018/03/22,61.0,61.3,60.9,60.9
2018/03/23,60.5,60.6,60.2,60.2
2018/03/26,60.3,60.5,59.7,59.9
2018/03/27,60.6,61.0,60.0,60.6
2018/03/28,60.7,61.0,60.5,60.7
2018/03/29,60.5,61.0,60.0,60.6
2018/03/30,60.6,61.0,60.6,60.9
2018/04/02,61.1,61.1,60.5,60.5
2018/04/03,60.5,60.5,60.2,60.3
2018/04/09,60.5,61.1,60.5,61.0
2018/04/10,61.0,61.1,60.7,60.8
2018/04/11,61.0,61.3,61.0,61.1
2018/04/12,61.1,61.2,60.8,61.0
2018/04/13,61.0,61.6,61.0,61.6
2018/04/16,61.6,61.8,61.1,61.1
2018/04/17,61.2,61.2,60.4,60.4
2018/04/18,60.5,61.2,60.3,60.3
2018/04/19,60.3,61.1,60.3,61.0
2018/04/20,60.9,61.4,60.7,61.4
2018/04/23,61.5,61.6,60.8,60.8
2018/04/24,61.3,61.3,60.0,60.5
2018/04/25,60.0,60.3,59.9,60.2
2018/04/26,60.2,61.1,60.2,60.5
2018/04/27,60.6,60.6,59.9,60.1
2018/04/30,60.2,60.6,60.2,60.3
2018/05/02,60.4,60.8,60.2,60.7
2018/05/03,60.7,60.9,60.3,60.5
2018/05/04,60.7,60.7,60.1,60.5
2018/05/07,60.6,60.6,60.1,60.4
2018/05/08,60.9,60.9,60.2,60.6
2018/05/09,60.7,60.7,60.3,60.4
2018/05/10,60.4,60.5,60.2,60.4
2018/05/11,60.4,60.9,60.4,60.5
2018/05/14,60.7,60.7,60.2,60.6
2018/05/15,60.7,60.8,60.4,60.5
2018/05/16,60.6,60.8,60.4,60.7
2018/05/17,60.7,60.8,60.7,60.8
2018/05/18,61.0,61.9,61.0,61.9
2018/05/21,62.0,62.2,61.6,61.6
2018/05/22,61.8,61.9,61.2,61.5
2018/05/23,61.5,61.7,61.0,61.0
2018/05/24,61.0,61.9,61.0,61.6
2018/05/25,61.9,61.9,61.0,61.3
2018/05/28,61.6,61.6,60.9,61.0
2018/05/29,61.0,61.4,60.8,61.0
2018/05/30,60.8,61.5,60.7,61.3
2018/05/31,61.9,62.0,61.4,61.7
2018/06/01,61.8,61.8,61.0,61.3
2018/06/04,61.3,61.5,61.1,61.4
2018/06/05,61.5,62.0,61.5,61.8
2018/06/06,62.3,62.8,62.0,62.8
2018/06/07,63.0,63.0,62.3,62.6
2018/06/08,62.6,62.8,62.2,62.2
2018/06/11,62.2,62.6,62.2,62.5
2018/06/12,63.0,63.0,62.1,62.2
2018/06/13,62.2,62.2,61.7,61.9
2018/06/14,62.0,62.0,61.4,61.7
2018/06/15,62.3,62.3,61.4,62.0
2018/06/19,61.8,61.9,61.4,61.4
2018/06/20,61.3,61.8,61.0,61.6
2018/06/21,61.7,61.7,61.0,61.5
2018/06/22,61.4,61.4,61.0,61.0
2018/06/25,61.0,61.2,60.9,61.0
2018/06/26,61.2,61.3,60.5,61.1
2018/06/27,61.1,61.1,60.8,60.8
2018/06/28,61.0,61.5,60.6,60.7
2018/06/29,60.7,61.1,60.6,60.8
2018/07/02,61.3,61.3,60.8,60.8
2018/07/03,60.8,60.8,60.4,60.4
2018/07/04,60.4,60.9,60.3,60.4
2018/07/05,60.4,61.0,60.1,60.3
2018/07/06,60.0,60.3,59.9,60.0
2018/07/09,60.0,60.3,59.8,59.9
2018/07/10,59.9,60.0,59.2,59.5
2018/07/11,59.5,60.0,59.5,60.0
2018/07/12,57.8,58.7,57.8,58.2
2018/07/13,58.3,58.6,58.0,58.3
2018/07/16,58.3,58.8,58.1,58.8
2018/07/17,58.8,59.1,58.4,58.8
2018/07/18,58.8,59.3,58.3,59.2
2018/07/19,59.2,59.3,58.6,59.3
2018/07/20,59.3,59.4,58.6,58.6
2018/07/23,59.3,59.3,57.7,57.7
2018/07/24,56.8,57.9,56.8,57.9
2018/07/25,57.9,57.9,57.1,57.1
2018/07/26,57.1,57.4,56.9,57.1
2018/07/27,57.5,57.5,57.0,57.1
2018/07/30,57.1,57.1,56.8,56.8
2018/07/31,56.8,56.8,54.9,56.8
2018/08/01,56.7,56.7,55.7,55.9
2018/08/02,56.0,56.0,55.5,55.8
2018/08/03,55.9,56.0,54.9,55.5
2018/08/06,55.1,55.8,55.0,55.7
2018/08/07,56.0,56.3,56.0,56.0
2018/08/08,56.3,56.5,56.1,56.1
2018/08/09,56.5,56.6,56.2,56.5
2018/08/10,56.5,56.7,56.3,56.3
2018/08/13,56.2,56.2,55.1,55.1
2018/08/14,55.1,55.5,55.0,55.1
2018/08/15,55.3,55.5,54.0,54.1
2018/08/16,54.1,54.1,51.6,52.2
2018/08/17,52.2,52.8,50.5,50.9
2018/08/20,51.1,51.5,50.5,51.0
2018/08/21,51.2,51.9,50.8,51.9
2018/08/22,52.0,52.4,51.8,52.0
2018/08/23,52.2,52.2,51.4,51.5
2018/08/24,52.0,52.0,50.5,50.7
2018/08/27,50.9,51.5,50.3,51.5
2018/08/28,51.6,52.1,51.5,51.8
2018/08/29,51.8,52.0,51.3,51.3
2018/08/30,51.3,52.6,51.3,52.2
2018/08/31,52.3,52.3,51.7,52.0
2018/09/03,52.0,52.3,52.0,52.0
2018/09/04,52.1,53.3,52.1,53.2
2018/09/05,53.5,53.6,52.6,52.6
2018/09/06,52.6,52.6,52.1,52.4
2018/09/07,52.6,52.6,51.5,51.7
2018/09/10,51.6,51.6,50.5,50.9
2018/09/11,51.0,51.6,50.8,51.6
2018/09/12,51.8,51.8,50.8,51.0
2018/09/13,51.2,51.5,51.0,51.0
2018/09/14,51.2,52.0,51.0,52.0
2018/09/17,52.0,52.3,51.7,51.9
2018/09/18,51.9,52.1,51.7,52.0
2018/09/19,52.0,52.4,51.9,51.9
2018/09/20,51.9,51.9,51.0,51.5
2018/09/21,51.6,51.9,51.1,51.5
2018/09/25,51.5,51.7,51.0,51.6
2018/09/26,51.7,51.7,51.1,51.2
2018/09/27,51.5,51.5,51.0,51.1
2018/09/28,51.1,51.5,51.1,51.2
2018/10/01,51.2,53.6,51.2,53.0
2018/10/02,53.0,54.6,53.0,53.3
2018/10/03,53.7,54.2,53.3,53.5
2018/10/04,53.3,53.7,52.5,53.0
2018/10/05,53.0,53.0,51.1,51.6
2018/10/08,51.6,52.1,50.6,50.9
2018/10/09,50.9,51.4,50.6,50.8
2018/10/11,50.0,50.0,45.8,45.8
2018/10/12,45.6,45.6,44.6,45.0
2018/10/15,45.3,45.5,44.7,44.9
2018/10/16,45.0,45.7,44.8,44.8
2018/10/17,45.1,45.5,44.5,44.8
2018/10/18,44.5,44.5,42.6,42.8
2018/10/19,42.6,43.0,39.7,43.0
2018/10/22,42.7,43.0,41.5,42.1
2018/10/23,42.0,43.2,41.9,42.8
2018/10/24,42.8,43.1,42.1,43.1
2018/10/25,42.0,42.7,42.0,42.3
2018/10/26,42.8,43.3,42.5,43.0
2018/10/29,43.0,43.8,42.3,43.5
2018/10/30,43.4,43.5,42.7,43.0
2018/10/31,43.5,44.5,43.2,43.7
2018/11/01,44.0,44.7,43.3,44.3
2018/11/02,44.8,45.0,44.3,45.0
2018/11/05,44.7,45.4,44.5,45.4
2018/11/06,45.5,45.7,44.7,45.2
2018/11/07,45.2,46.0,45.2,45.9
2018/11/08,46.2,47.2,46.2,46.7
2018/11/09,46.7,47.0,46.1,46.9
2018/11/12,46.9,47.4,46.8,47.0
2018/11/13,46.6,46.8,46.2,46.8
2018/11/14,46.8,46.8,45.8,45.8
2018/11/15,46.0,46.0,45.2,45.2
2018/11/16,45.5,46.2,45.5,46.0
2018/11/19,46.1,46.5,45.9,46.0
2018/11/20,46.0,46.1,45.7,45.9
2018/11/21,45.6,46.6,45.6,46.5
2018/11/22,46.3,46.8,46.2,46.3
2018/11/23,46.3,46.3,45.4,45.5
2018/11/26,46.2,46.3,45.8,46.0
2018/11/27,46.2,46.4,45.8,46.0
2018/11/28,46.0,46.5,46.0,46.2
2018/11/29,46.5,46.8,46.3,46.5
2018/11/30,46.6,47.5,46.6,47.5
2018/12/03,47.5,48.0,47.4,47.5
2018/12/04,47.6,47.7,46.7,46.7
2018/12/05,46.7,46.7,46.0,46.3
2018/12/06,46.0,46.5,45.5,45.9
2018/12/07,45.7,46.5,45.7,46.3
2018/12/10,46.3,46.4,45.6,46.3
2018/12/11,46.0,46.3,46.0,46.3
2018/12/12,46.3,47.0,46.3,47.0
2018/12/13,46.9,47.0,46.4,46.7
2018/12/14,46.6,46.6,45.7,46.0
2018/12/17,46.3,46.3,45.5,45.5
2018/12/18,45.8,45.8,45.0,45.4
2018/12/19,45.4,45.4,44.9,45.0
2018/12/20,45.0,45.3,45.0,45.3
2018/12/21,45.3,47.0,45.3,46.7
2018/12/24,47.0,48.2,47.0,47.8
2018/12/25,47.2,47.7,46.3,47.5
2018/12/26,47.6,47.8,46.8,46.8
2018/12/27,47.0,47.5,47.0,47.1
2018/12/28,47.0,47.0,46.7,46.9
2019/01/02,47.5,47.6,46.9,46.9
2019/01/03,47.5,47.5,47.0,47.0
2019/01/04,47.0,47.5,46.5,47.0
2019/01/07,47.1,48.0,47.1,47.5
2019/01/08,47.6,47.7,47.5,47.5
2019/01/09,47.8,48.3,47.7,48.3
2019/01/10,48.3,50.5,48.3,50.1
2019/01/11,50.4,51.4,50.4,51.0
2019/01/14,51.0,52.7,50.9,52.6
2019/01/15,52.7,53.0,51.6,52.8
2019/01/16,52.0,52.8,51.9,52.5
2019/01/17,52.3,52.7,51.9,52.5
2019/01/18,52.5,53.4,52.3,53.0
2019/01/21,53.0,53.2,52.5,53.2
2019/01/22,53.4,54.8,53.4,54.0
2019/01/23,54.4,54.4,53.6,54.2
2019/01/24,54.2,54.6,53.6,54.1
2019/01/25,53.7,54.8,53.7,54.2
2019/01/28,54.2,54.8,53.6,54.6
2019/01/29,54.6,54.7,54.1,54.5
2019/01/30,54.7,56.0,54.5,55.9
2019/02/11,55.9,56.4,55.0,55.5
2019/02/12,55.5,56.0,55.0,55.9
2019/02/13,55.4,55.9,55.0,55.0
2019/02/14,55.1,55.5,54.6,55.0
2019/02/15,55.0,55.1,54.2,54.4
2019/02/18,54.4,54.5,54.0,54.0
2019/02/19,54.0,54.4,53.7,53.8
2019/02/20,54.0,55.3,53.9,55.2
2019/02/21,55.5,55.5,54.6,54.7
2019/02/22,54.7,55.0,54.4,54.5
2019/02/25,54.5,55.5,54.5,55.0
2019/02/26,55.0,55.0,54.6,54.6
2019/02/27,54.6,54.9,54.3,54.4
2019/03/04,54.4,55.3,54.4,55.1
2019/03/05,54.8,55.0,54.6,54.6
2019/03/06,55.0,55.0,54.5,54.8
2019/03/07,54.8,54.8,54.0,54.0
2019/03/08,54.0,54.0,53.5,53.9
2019/03/11,53.9,54.4,53.9,54.2
2019/03/12,53.8,54.0,53.1,53.9
2019/03/13,54.0,54.2,53.8,53.8
2019/03/14,54.0,54.6,54.0,54.0
2019/03/15,54.0,54.1,53.9,53.9
2019/03/18,54.0,54.4,54.0,54.2
2019/03/19,54.5,54.5,54.0,54.0
2019/03/20,54.0,54.0,53.8,54.0
2019/03/21,54.0,54.3,53.7,53.8
2019/03/22,54.2,54.2,53.5,53.5
2019/03/25,53.3,53.3,52.8,53.1
2019/03/26,53.1,53.7,53.1,53.3
2019/03/27,53.4,53.5,53.3,53.5
2019/03/28,53.3,53.4,53.2,53.4
2019/03/29,53.7,53.7,53.4,53.4
2019/04/01,53.7,54.3,53.7,54.0
2019/04/02,54.3,55.9,54.3,55.9
2019/04/03,55.9,56.3,55.1,55.1
2019/04/08,55.1,56.0,54.9,55.0
2019/04/09,55.5,55.5,54.6,54.8
2019/04/10,54.8,55.3,54.5,55.3
2019/04/11,55.3,55.3,54.2,54.2
2019/04/12,54.2,54.3,53.5,54.1
2019/04/15,54.2,54.4,53.8,53.9
2019/04/16,53.9,53.9,53.7,53.7
2019/04/17,53.6,54.4,53.6,54.3
2019/04/18,54.3,54.3,53.7,53.9
2019/04/19,53.7,54.1,53.5,53.6
2019/04/22,53.6,53.9,53.5,53.6
2019/04/23,53.6,53.6,53.2,53.3
2019/04/24,53.4,53.4,52.8,53.2
2019/04/25,53.3,53.6,53.0,53.3
2019/04/26,53.5,53.5,52.9,53.3
2019/04/29,53.3,53.5,52.8,52.8
2019/04/30,52.8,53.3,52.7,53.3
2019/05/02,53.3,53.8,53.2,53.8
2019/05/03,53.8,54.1,53.3,54.0
2019/05/06,53.6,53.9,53.0,53.4
2019/05/07,53.4,53.8,53.1,53.5
2019/05/08,53.3,53.4,53.1,53.4
2019/05/09,53.2,53.2,52.7,52.8
2019/05/10,52.6,52.9,52.5,52.6
2019/05/13,52.6,52.6,51.2,51.3
2019/05/14,50.5,52.2,50.0,51.9
2019/05/15,51.9,51.9,51.5,51.9
2019/05/16,51.8,51.8,51.2,51.3
2019/05/17,51.3,51.4,51.1,51.3
2019/05/20,51.3,51.3,50.8,51.1
2019/05/21,51.1,52.3,51.0,51.8
2019/05/22,51.8,52.0,50.2,51.3
2019/05/23,51.3,51.4,50.5,50.7
2019/05/24,50.7,51.4,50.5,51.3
2019/05/27,51.3,51.7,50.0,51.3
2019/05/28,51.5,52.1,51.3,52.0
2019/05/29,51.9,53.3,51.7,53.3
2019/05/30,53.0,53.2,52.3,53.0
2019/05/31,53.2,53.3,52.5,52.8
2019/06/03,52.8,54.0,52.7,54.0
2019/06/04,54.0,54.5,54.0,54.1
2019/06/05,54.4,54.4,53.6,53.7
2019/06/06,53.6,54.0,53.3,53.4
2019/06/10,53.4,53.9,53.4,53.5
2019/06/11,53.0,53.6,52.9,53.5
2019/06/12,53.5,53.5,53.0,53.2
2019/06/13,53.0,53.5,53.0,53.2
2019/06/14,53.1,53.9,53.1,53.8
2019/06/17,53.8,55.1,53.7,54.5
2019/06/18,54.5,55.0,54.5,54.9
2019/06/19,55.1,55.3,54.9,55.2
2019/06/20,55.3,56.3,55.3,55.6
2019/06/21,55.6,55.7,55.0,55.6
2019/06/24,55.7,56.3,55.7,56.0
2019/06/25,56.2,57.0,56.2,56.7
2019/06/26,54.0,54.4,53.4,54.1
2019/06/27,54.5,54.7,54.0,54.6
2019/06/28,54.6,56.2,54.6,55.6
2019/07/01,56.0,56.2,54.7,55.0
2019/07/02,55.0,55.0,54.2,54.2
2019/07/03,55.6,57.1,54.6,55.2
2019/07/04,56.0,56.0,55.2,55.3
2019/07/05,56.0,56.0,55.3,55.4
2019/07/08,55.4,55.9,55.1,55.6
2019/07/09,55.8,56.1,55.6,55.8
2019/07/10,56.0,56.0,55.1,56.0
2019/07/11,55.5,55.8,55.0,55.1
2019/07/12,55.1,55.3,54.8,55.2
2019/07/15,55.2,55.2,54.7,54.8
2019/07/16,54.8,54.8,54.1,54.2
2019/07/17,54.0,54.1,53.8,53.8
2019/07/18,53.8,53.9,53.6,53.8
2019/07/19,54.0,54.0,53.6,53.7
2019/07/22,53.8,54.3,53.8,54.1
2019/07/23,54.2,54.4,53.7,54.0
2019/07/24,54.0,54.0,53.6,53.7
2019/07/25,53.7,53.8,53.5,53.7
2019/07/26,54.0,54.0,53.3,53.5
2019/07/29,53.5,53.5,53.0,53.1
2019/07/30,53.1,53.1,52.4,52.6
2019/07/31,52.5,53.6,52.4,53.2
2019/08/01,53.2,53.5,52.8,52.9
2019/08/02,52.8,52.9,52.1,52.6
2019/08/05,52.6,52.6,52.0,52.0
2019/08/06,51.3,51.8,50.3,51.8
2019/08/07,51.8,51.9,51.6,51.6
2019/08/08,51.7,52.4,51.7,52.0
2019/08/12,52.0,52.1,51.6,51.8
2019/08/13,51.3,51.5,50.6,50.6
2019/08/14,51.0,51.5,50.8,51.4
2019/08/15,51.0,51.3,50.8,51.0
2019/08/16,51.3,51.6,51.3,51.3
2019/08/19,51.5,51.8,51.3,51.4
2019/08/20,51.4,52.0,51.4,51.5
2019/08/21,52.4,52.4,51.5,51.5
2019/08/22,51.9,51.9,51.4,51.6
2019/08/23,51.8,51.8,51.2,51.3
2019/08/26,50.8,51.6,50.6,50.9
2019/08/27,51.0,51.5,51.0,51.4
2019/08/28,51.7,51.7,50.9,51.4
2019/08/29,51.1,51.4,50.8,51.1
2019/08/30,51.1,51.4,50.9,51.1
2019/09/02,51.4,51.5,51.1,51.3
2019/09/03,51.3,51.6,51.3,51.3
2019/09/04,51.3,51.5,51.0,51.4
2019/09/05,51.6,51.9,51.3,51.7
2019/09/06,51.9,51.9,51.2,51.5
2019/09/09,51.5,51.7,51.2,51.5
2019/09/10,51.5,51.6,51.2,51.5
2019/09/11,51.8,51.8,51.0,51.0
2019/09/12,51.1,51.3,50.7,50.7
2019/09/16,50.8,51.0,50.5,50.6
2019/09/17,50.7,50.8,50.0,50.3
2019/09/18,50.4,50.7,49.5,49.6
2019/09/19,49.8,50.4,49.8,50.3
2019/09/20,50.3,50.6,50.3,50.4
2019/09/23,50.4,51.0,50.4,50.9
2019/09/24,50.9,51.1,50.9,50.9
2019/09/25,50.9,50.9,50.6,50.7
2019/09/26,51.0,51.1,50.7,51.1
2019/09/27,51.0,51.0,50.2,50.3
2019/10/01,50.3,50.8,50.3,50.4
2019/10/02,50.4,50.5,50.1,50.2
2019/10/03,50.0,50.1,49.8,49.8
2019/10/04,49.8,50.0,49.8,49.8
2019/10/07,49.9,50.1,49.8,49.8
2019/10/08,49.8,50.6,49.8,50.5
2019/10/09,50.1,50.3,50.0,50.2
2019/10/14,50.2,50.2,49.8,49.9
2019/10/15,49.9,49.9,49.5,49.8
2019/10/16,49.8,49.8,49.6,49.7
2019/10/17,49.7,49.8,49.5,49.6
2019/10/18,49.6,50.1,49.6,50.1
2019/10/21,50.1,50.4,50.0,50.4
2019/10/22,50.4,50.6,50.3,50.3
2019/10/23,50.4,50.8,50.4,50.5
2019/10/24,50.6,50.7,50.4,50.7
2019/10/25,50.7,50.8,50.5,50.6
2019/10/28,50.7,50.7,50.4,50.6
2019/10/29,50.6,50.6,50.0,50.0
2019/10/30,50.0,50.0,49.5,49.5
2019/10/31,49.8,49.8,49.3,49.6
2019/11/01,49.7,49.7,49.2,49.3
2019/11/04,49.3,50.0,49.3,50.0
2019/11/05,50.0,50.0,49.7,49.9
2019/11/06,49.7,49.7,49.3,49.7
2019/11/07,49.7,49.8,49.3,49.8
2019/11/08,49.8,49.8,49.7,49.7
2019/11/11,49.8,49.8,49.4,49.7
2019/11/12,49.7,49.8,49.7,49.8
2019/11/13,49.7,50.0,49.7,50.0
2019/11/14,50.0,50.0,49.7,49.8
2019/11/15,49.8,49.8,49.5,49.7
2019/11/18,49.7,50.0,49.7,50.0
2019/11/19,50.0,50.0,49.8,49.8
2019/11/20,49.8,50.0,49.8,50.0
2019/11/21,50.0,50.2,49.9,50.0
2019/11/22,50.0,50.5,50.0,50.3
2019/11/25,50.3,50.6,50.3,50.5
2019/11/26,50.6,50.7,50.2,50.2
2019/11/27,50.2,50.8,50.2,50.8
2019/11/28,50.8,50.8,50.5,50.5
2019/11/29,50.3,50.5,50.1,50.2
2019/12/02,50.2,50.3,49.8,50.3
2019/12/03,50.3,50.3,50.0,50.1
2019/12/04,50.1,50.2,50.1,50.2
2019/12/05,50.2,50.3,50.0,50.3
2019/12/06,50.3,50.3,50.0,50.1
2019/12/09,50.2,50.2,49.8,49.9
2019/12/10,50.0,50.3,49.8,49.9
2019/12/11,49.9,50.3,49.8,49.8
2019/12/12,50.1,50.5,50.0,50.4
2019/12/13,50.5,50.5,50.1,50.1
2019/12/16,50.2,50.5,50.0,50.0
2019/12/17,50.0,50.4,50.0,50.0
2019/12/18,50.2,50.6,50.2,50.5
2019/12/19,50.7,50.8,50.1,50.2
2019/12/20,50.5,50.5,50.3,50.3
2019/12/23,50.3,50.8,50.3,50.8
2019/12/24,51.0,51.7,50.9,51.4
2019/12/25,51.4,51.5,50.9,51.1
2019/12/26,51.1,51.2,51.0,51.2
2019/12/27,51.5,51.5,51.1,51.4
2019/12/30,51.4,51.4,50.8,51.0
2019/12/31,51.0,51.1,50.7,50.9
2020/01/02,50.9,51.0,50.7,51.0
2020/01/03,51.1,51.3,50.8,51.1
2020/01/06,51.1,51.1,50.7,50.9
2020/01/07,50.9,51.0,50.4,50.7
2020/01/08,50.5,50.5,50.2,50.4
2020/01/09,50.5,50.8,50.5,50.7
2020/01/10,50.7,50.8,50.6,50.7
2020/01/13,50.8,51.0,50.8,51.0
2020/01/14,51.1,51.2,50.8,51.0
2020/01/15,51.0,51.0,50.5,50.7
2020/01/16,50.7,50.7,50.5,50.7
2020/01/17,50.8,50.8,50.6,50.7
2020/01/20,50.8,50.9,50.7,50.8
2020/01/30,49.8,55.7,49.1,49.6
2020/01/31,50.0,50.4,49.6,49.6
2020/02/03,49.0,49.0,47.4,48.0
2020/02/04,48.0,48.8,48.0,48.4
2020/02/05,48.2,48.6,48.2,48.5
2020/02/06,48.7,49.5,48.6,49.0
2020/02/07,49.0,49.0,48.7,48.8
2020/02/10,48.5,48.7,48.0,48.7
2020/02/11,48.7,49.0,48.7,48.8
2020/02/12,48.8,49.0,48.7,48.8
2020/02/13,48.8,49.0,48.8,48.8
2020/02/14,48.9,49.4,48.9,49.0
2020/02/17,49.5,50.4,49.3,49.7
2020/02/18,49.7,50.0,49.6,49.6
2020/02/19,49.6,50.1,49.6,50.0
2020/02/20,50.1,50.4,49.7,49.7
2020/02/21,49.7,49.9,49.6,49.8
2020/02/24,49.9,49.9,49.2,49.2
2020/02/25,49.0,49.2,48.8,49.2
2020/02/26,49.1,49.1,48.0,49.0
2020/02/27,49.0,49.2,48.6,49.0
2020/03/02,48.5,49.3,48.3,48.9
2020/03/03,49.0,49.2,49.0,49.0
2020/03/04,49.0,49.0,48.6,48.8
2020/03/05,49.0,49.4,49.0,49.2
2020/03/06,49.2,49.2,49.0,49.0
2020/03/09,49.0,49.0,48.0,48.0
2020/03/10,47.8,47.8,47.0,47.4
2020/03/11,47.1,47.8,47.0,47.0
2020/03/12,46.8,46.8,45.0,45.0
2020/03/13,42.2,42.2,40.6,41.8
2020/03/16,41.8,41.8,40.6,40.7
2020/03/17,39.0,39.8,38.6,39.0
2020/03/18,39.0,39.2,38.7,38.7
2020/03/19,37.3,37.3,34.8,34.9
2020/03/20,36.8,38.0,36.0,37.9
2020/03/23,36.3,36.7,36.0,36.3
2020/03/24,36.0,37.9,36.0,37.7
2020/03/25,39.8,40.5,39.0,40.0
2020/03/26,40.0,40.0,39.2,39.7
2020/03/27,40.0,40.5,39.8,39.8
2020/03/30,39.7,39.8,38.9,39.8
2020/03/31,40.0,41.0,40.0,40.4
2020/04/01,40.5,42.0,40.5,42.0
2020/04/06,43.0,43.0,40.7,41.8
2020/04/07,42.5,42.5,41.8,42.1
2020/04/08,41.5,42.3,41.5,42.2
2020/04/09,42.2,42.7,42.0,42.2
2020/04/10,42.2,42.3,41.7,42.2
2020/04/13,41.8,41.9,41.7,41.8
2020/04/14,41.8,42.3,41.8,42.1
2020/04/15,42.2,43.5,42.2,43.5
2020/04/16,43.5,43.5,42.6,43.3
2020/04/17,43.7,43.8,43.2,43.2
2020/04/20,43.2,43.2,42.8,43.1
2020/04/21,42.9,42.9,41.5,41.5
2020/04/22,41.3,41.3,40.5,41.3
2020/04/23,41.7,42.2,41.4,42.2
2020/04/24,42.2,42.4,41.5,42.0
2020/04/27,42.1,42.9,42.0,42.8
2020/04/28,42.9,43.5,42.9,43.5
2020/04/29,43.5,44.3,43.5,44.2
2020/04/30,45.0,45.3,44.3,45.3
2020/05/04,44.7,44.7,43.8,44.2
2020/05/05,44.2,44.5,44.0,44.3
2020/05/06,44.4,44.4,44.0,44.0
2020/05/07,44.1,44.9,44.1,44.8
2020/05/08,45.5,45.5,45.0,45.0
2020/05/11,45.5,45.5,45.0,45.2
2020/05/12,45.2,45.2,44.5,44.7
2020/05/13,44.7,44.8,44.2,44.8
2020/05/14,44.8,45.2,44.3,44.3
2020/05/15,44.3,44.6,43.7,44.2
2020/05/18,43.7,44.3,43.7,43.9
2020/05/19,44.0,44.7,44.0,44.2
2020/05/20,44.2,44.4,43.9,44.0
2020/05/21,44.0,44.4,44.0,44.3
2020/05/22,44.3,44.5,44.0,44.0
2020/05/25,44.0,44.5,43.8,44.5
2020/05/26,44.8,45.3,44.5,45.2
2020/05/27,45.5,45.5,44.6,45.1
2020/05/28,45.1,45.1,44.6,44.7
2020/05/29,44.6,44.8,44.5,44.5
2020/06/01,45.0,45.0,44.7,44.8
2020/06/02,45.4,45.5,45.2,45.2
2020/06/03,45.5,45.6,45.3,45.5
2020/06/04,46.2,46.3,45.7,46.3
2020/06/05,46.5,47.0,46.5,46.9
2020/06/08,47.1,47.7,47.0,47.5
2020/06/09,48.2,48.2,47.5,47.5
2020/06/10,47.4,47.4,46.8,47.0
2020/06/11,47.0,47.0,45.4,45.4
2020/06/12,44.6,45.0,44.2,45.0
2020/06/15,45.1,45.2,44.8,44.8
2020/06/16,44.9,45.5,44.9,45.2
2020/06/17,45.2,45.7,45.2,45.7
2020/06/18,45.7,46.0,45.6,45.6
2020/06/19,45.6,45.6,44.8,44.8
2020/06/22,44.8,45.7,44.8,45.6
2020/06/23,45.8,45.8,45.2,45.7
2020/06/24,45.8,45.8,45.5,45.7
2020/06/29,45.7,45.7,45.3,45.6
2020/06/30,46.0,46.3,45.8,46.0
2020/07/01,44.3,44.8,44.3,44.6
2020/07/02,44.7,45.2,44.7,45.0
2020/07/03,45.2,45.2,44.5,44.5
2020/07/06,44.6,44.7,44.4,44.5
2020/07/07,44.6,45.2,44.5,44.6
2020/07/08,44.6,44.8,44.5,44.5
2020/07/09,44.7,45.2,44.7,45.1
2020/07/10,45.2,45.2,44.0,44.2
2020/07/13,44.5,44.5,44.0,44.1
2020/07/14,44.1,44.1,43.7,43.7
2020/07/15,43.7,44.0,43.0,43.2
2020/07/16,43.3,43.9,43.2,43.2
2020/07/17,43.3,43.4,43.0,43.1
2020/07/20,43.1,43.2,42.2,42.3
2020/07/21,43.3,44.2,43.2,43.9
2020/07/22,44.2,44.6,43.8,44.0
2020/07/23,44.4,44.4,43.7,43.8
2020/07/24,43.8,43.8,42.8,42.9
2020/07/27,42.3,42.7,41.9,41.9
2020/07/28,41.9,42.2,41.1,41.1
2020/07/29,41.2,42.2,41.2,41.5
2020/07/30,42.2,42.2,41.8,41.8
2020/07/31,42.2,42.2,41.9,42.0
2020/08/03,42.0,42.0,41.2,41.4
2020/08/04,41.5,41.7,41.4,41.5
2020/08/05,41.5,41.9,41.5,41.8
2020/08/06,42.0,42.3,41.8,42.0
2020/08/07,42.0,42.0,41.8,41.8
2020/08/10,41.8,42.3,41.8,42.3
2020/08/11,42.3,42.3,41.8,42.0
2020/08/12,41.9,42.0,41.8,41.8
2020/08/13,41.9,42.0,41.8,41.8
2020/08/14,41.8,42.3,41.8,42.2
2020/08/17,42.2,43.2,42.2,43.1
2020/08/18,43.5,43.5,43.2,43.2
2020/08/19,43.5,43.5,42.9,42.9
2020/08/20,42.8,42.8,41.3,42.0
2020/08/21,42.2,42.3,42.0,42.3
2020/08/24,42.3,42.4,42.0,42.2
2020/08/25,42.2,42.5,42.2,42.3
2020/08/26,42.4,42.5,42.2,42.4
2020/08/27,42.4,42.8,42.4,42.7
2020/08/28,42.7,42.7,42.5,42.7
2020/08/31,42.8,42.8,42.6,42.8
2020/09/01,42.8,42.8,42.7,42.7
2020/09/02,42.8,42.8,42.3,42.6
2020/09/03,42.7,42.9,42.5,42.5
2020/09/04,42.2,42.4,42.0,42.3
2020/09/07,42.3,42.7,42.3,42.5
2020/09/08,42.5,42.8,42.5,42.5
2020/09/09,42.2,42.5,42.2,42.5
2020/09/10,42.4,42.7,42.4,42.5
2020/09/11,42.7,43.1,42.7,42.8
2020/09/14,43.0,43.0,42.7,42.7
2020/09/15,42.8,42.8,42.5,42.5
2020/09/16,42.6,42.7,42.5,42.5
2020/09/17,42.5,42.9,42.5,42.8
2020/09/18,42.8,43.2,42.7,43.2
2020/09/21,43.2,43.7,43.2,43.5
2020/09/22,43.8,44.2,43.5,43.5
2020/09/23,43.6,43.6,42.8,43.0
2020/09/24,42.7,42.7,41.8,41.9
2020/09/25,41.9,42.2,41.7,41.8
2020/09/28,42.0,42.4,42.0,42.2
2020/09/29,42.2,42.5,42.0,42.1
2020/09/30,42.2,42.4,42.0,42.1
2020/10/05,42.1,42.5,42.1,42.4
2020/10/06,42.5,42.8,42.5,42.8
2020/10/07,42.7,42.8,42.5,42.8
2020/10/08,43.0,43.0,42.6,42.7
2020/10/12,42.7,42.8,42.5,42.5
2020/10/13,42.8,43.0,42.6,42.8
2020/10/14,42.6,42.8,42.6,42.8
2020/10/15,42.8,42.8,42.5,42.5
2020/10/16,42.3,42.5,42.1,42.2
2020/10/19,42.2,42.8,42.2,42.7
2020/10/20,42.7,42.7,42.2,42.2
2020/10/21,44.1,44.7,43.5,43.7
2020/10/22,43.7,43.8,42.6,42.6
2020/10/23,43.0,43.2,42.8,43.0
2020/10/26,43.2,43.5,43.2,43.3
2020/10/27,43.5,43.5,43.0,43.2
2020/10/28,43.4,43.4,43.0,43.0
2020/10/29,42.8,43.3,42.7,43.2
2020/10/30,43.2,43.2,42.8,42.8
2020/11/02,42.8,43.0,42.7,42.8
2020/11/03,42.8,43.2,42.8,43.0
2020/11/04,43.0,43.3,42.9,43.2
2020/11/05,43.3,43.3,43.2,43.3
2020/11/06,43.3,43.3,43.2,43.2
2020/11/09,43.2,43.9,43.2,43.3
2020/11/10,43.5,44.1,43.5,44.0
2020/11/11,44.0,44.4,44.0,44.4
2020/11/12,44.5,44.5,43.7,44.0
2020/11/13,44.2,45.0,44.2,45.0
2020/11/16,45.0,45.8,44.7,44.9
2020/11/17,45.4,45.4,44.9,45.0
2020/11/18,45.0,45.2,45.0,45.2
2020/11/19,45.3,46.0,45.2,45.8
2020/11/20,45.8,46.0,45.8,46.0
2020/11/23,45.9,45.9,45.7,45.8
2020/11/24,45.8,45.8,45.0,45.2
2020/11/25,45.2,45.3,45.0,45.2
2020/11/26,45.0,45.5,45.0,45.5
2020/11/27,45.5,45.5,45.0,45.2
2020/11/30,45.1,45.5,45.1,45.2
2020/12/01,45.2,45.2,44.8,45.1
2020/12/02,45.2,45.2,44.6,44.7
2020/12/03,44.8,45.3,44.8,45.0
2020/12/04,45.0,45.5,44.9,45.4
2020/12/07,45.5,45.8,45.0,45.3
2020/12/08,45.3,45.3,45.0,45.2
2020/12/09,45.2,45.2,45.0,45.1
2020/12/10,45.2,45.5,45.0,45.2
2020/12/11,45.1,45.3,44.7,44.9
2020/12/14,44.9,44.9,44.6,44.8
2020/12/15,44.8,44.8,44.2,44.2
2020/12/16,44.2,45.0,44.2,45.0
2020/12/17,45.0,45.0,44.7,45.0
2020/12/18,45.2,45.5,45.1,45.5
2020/12/21,45.7,47.7,45.2,47.4
2020/12/22,47.4,47.4,46.0,46.0
2020/12/23,46.0,46.0,45.5,45.6
2020/12/24,46.0,46.0,45.5,45.5
2020/12/25,45.9,45.9,45.2,45.5
2020/12/28,45.7,46.4,45.4,46.2
2020/12/29,46.3,48.3,46.3,47.5
2020/12/30,47.5,47.8,47.1,47.4
2020/12/31,47.4,47.5,46.8,47.0
2021/01/04,47.0,47.3,46.9,47.1
2021/01/05,47.2,47.2,46.2,46.5
2021/01/06,46.6,47.0,45.8,46.1
2021/01/07,46.2,46.5,46.0,46.2
2021/01/08,46.2,46.8,46.2,46.7
2021/01/11,47.0,47.0,46.3,46.6
2021/01/12,46.8,46.8,45.7,45.8
2021/01/13,46.0,46.2,45.5,45.8
2021/01/14,45.9,45.9,45.5,45.5
2021/01/15,48.0,48.0,46.0,46.3
2021/01/18,46.3,46.3,45.0,45.6
2021/01/19,45.6,45.7,45.3,45.4
2021/01/20,45.3,45.3,43.9,44.0
2021/01/21,44.1,45.0,44.1,44.2
2021/01/22,44.5,45.7,44.3,45.3
2021/01/25,45.4,45.5,45.0,45.1
2021/01/26,45.0,45.2,44.7,44.7
2021/01/27,44.8,45.1,44.8,44.9
2021/01/28,44.8,44.8,44.5,44.5
2021/01/29,44.5,45.0,44.5,44.5
2021/02/01,44.4,44.7,44.0,44.5
2021/02/02,44.5,45.0,44.4,44.8
2021/02/03,44.8,45.3,44.7,45.2
2021/02/04,44.8,45.2,44.8,45.1
2021/02/05,45.2,45.4,45.2,45.4
2021/02/17,45.7,45.7,45.0,45.2
2021/02/18,45.5,45.5,45.2,45.3
2021/02/19,45.5,45.6,45.3,45.5
2021/02/22,45.8,46.5,45.7,46.3
2021/02/23,46.6,46.8,46.2,46.8
2021/02/24,46.8,46.8,46.1,46.2
2021/02/25,46.2,46.7,46.2,46.7
2021/02/26,46.3,46.5,45.9,46.2
2021/03/02,46.3,46.3,46.0,46.0
2021/03/03,46.2,46.3,46.0,46.2
2021/03/04,46.2,46.4,46.0,46.4
2021/03/05,46.3,46.3,46.0,46.2
2021/03/08,46.3,46.7,46.2,46.7
2021/03/09,47.5,48.2,47.0,47.0
2021/03/10,47.7,48.4,47.4,48.1
2021/03/11,48.1,48.5,47.7,47.8
2021/03/12,48.0,48.0,47.5,47.6
2021/03/15,47.6,47.6,46.8,46.8
2021/03/16,47.0,47.3,47.0,47.2
2021/03/17,47.2,47.3,47.0,47.0
2021/03/18,47.1,47.5,47.1,47.4
2021/03/19,47.5,47.5,47.0,47.3
2021/03/22,47.3,47.3,47.0,47.2
2021/03/23,47.3,47.5,47.0,47.0
2021/03/24,47.0,47.0,46.8,46.8
2021/03/25,46.8,47.0,46.8,47.0
2021/03/26,47.5,47.5,47.0,47.2
2021/03/29,47.2,47.3,46.9,47.2
2021/03/30,47.1,47.2,47.0,47.1
2021/03/31,47.2,47.6,47.2,47.5
2021/04/01,47.4,47.5,47.2,47.4
2021/04/06,47.4,47.5,47.2,47.3
2021/04/07,47.2,47.3,47.2,47.3
2021/04/08,47.3,47.8,47.2,47.7
2021/04/09,47.8,47.8,47.5,47.5
2021/04/12,48.0,48.3,47.8,48.0
2021/04/13,48.5,49.5,48.2,48.2
2021/04/14,48.5,48.9,47.8,48.7
2021/04/15,48.7,49.1,48.5,48.9
2021/04/16,49.1,50.6,49.0,50.5
2021/04/19,51.4,52.0,50.8,51.7
2021/04/20,51.5,52.1,50.5,51.9
2021/04/21,54.0,55.8,53.6,54.5
2021/04/22,55.5,56.8,54.5,55.1
2021/04/23,55.3,55.7,53.4,54.8
2021/04/26,56.5,56.9,55.4,56.6
2021/04/27,56.7,57.6,55.7,57.6
2021/04/28,57.9,60.1,57.2,59.8
2021/04/29,59.6,59.7,57.4,58.0
2021/05/03,58.8,59.8,57.8,58.7
2021/05/04,59.0,59.4,55.1,56.4
2021/05/05,56.7,57.2,55.7,56.2
2021/05/06,56.4,56.8,55.6,56.2
2021/05/07,56.6,57.1,55.8,56.2
2021/05/10,57.2,59.0,56.9,59.0
2021/05/11,58.7,59.6,56.0,56.8
2021/05/12,56.0,57.0,51.2,51.3
2021/05/13,51.0,52.8,48.5,51.7
2021/05/14,52.6,52.8,50.0,51.3
2021/05/17,49.0,51.0,48.2,49.5
2021/05/18,51.0,53.6,50.0,53.3
2021/05/19,54.0,54.7,52.1,53.1
2021/05/20,52.7,54.1,52.7,53.0
2021/05/21,54.5,55.8,53.5,54.9
2021/05/24,55.0,56.9,54.8,55.6
2021/05/25,57.0,57.2,55.3,55.5
2021/05/26,56.0,59.1,55.0,57.7
2021/05/27,57.5,58.0,56.2,56.2
2021/05/28,57.0,57.1,56.0,56.5
2021/05/31,56.7,57.1,56.5,56.9
2021/06/01,55.0,55.4,54.7,55.0
2021/06/02,55.0,57.2,54.3,56.9
2021/06/03,57.0,57.1,56.0,56.0
2021/06/04,55.7,55.8,54.8,54.8
2021/06/07,54.8,55.2,53.1,53.8
2021/06/08,54.4,54.8,53.7,54.3
2021/06/09,54.7,54.8,53.2,53.5
2021/06/10,53.9,54.0,52.8,53.2
2021/06/11,53.0,53.5,53.0,53.2
2021/06/15,53.2,53.2,52.4,52.7
2021/06/16,52.7,52.7,51.8,51.9
2021/06/17,51.8,52.5,51.8,52.1
2021/06/18,52.1,52.3,51.5,51.5
2021/06/21,51.3,51.8,51.0,51.8
2021/06/22,51.7,51.9,51.3,51.7
2021/06/23,51.9,52.3,51.5,52.3
2021/06/24,52.0,52.3,51.8,52.1
2021/06/25,52.2,52.2,51.6,51.7
2021/06/28,51.7,51.7,50.9,51.2
2021/06/29,51.1,51.2,50.8,50.9
2021/06/30,50.9,51.4,50.9,51.1
2021/07/01,51.2,52.4,51.2,51.4
2021/07/02,51.8,52.0,51.5,51.8
2021/07/05,52.2,52.2,50.7,51.1
2021/07/06,51.1,51.3,50.8,50.9
2021/07/07,50.9,51.3,50.8,51.1
2021/07/08,51.6,51.8,51.2,51.7
2021/07/09,51.7,51.7,51.1,51.6
2021/07/12,51.6,51.7,51.2,51.6
2021/07/13,51.6,51.9,51.5,51.6
2021/07/14,51.6,51.7,51.3,51.5
2021/07/15,51.6,52.3,51.5,52.3
2021/07/16,52.4,53.2,52.0,52.4
2021/07/19,52.4,52.5,51.6,51.9
2021/07/20,51.7,52.0,51.1,51.2
2021/07/21,52.1,52.1,51.2,51.5
2021/07/22,51.6,51.8,51.0,51.2
2021/07/23,51.4,51.6,51.1,51.3
2021/07/26,51.4,51.6,51.2,51.4
2021/07/27,51.4,51.6,51.1,51.1
2021/07/28,51.0,51.2,50.1,50.5
2021/07/29,50.5,51.2,50.5,51.2
2021/07/30,50.8,51.0,50.4,50.5
2021/08/02,50.9,50.9,50.3,50.8
2021/08/03,50.8,50.9,50.4,50.6
2021/08/04,50.6,50.8,50.5,50.7
2021/08/05,50.7,50.8,50.1,50.2
2021/08/06,50.3,50.4,49.8,50.0
2021/08/09,50.0,50.0,49.2,49.5
2021/08/10,49.5,49.5,48.5,48.7
2021/08/11,48.7,49.2,48.5,48.6
2021/08/12,48.6,49.3,48.6,49.2
2021/08/13,49.2,49.3,48.3,48.5
2021/08/16,48.3,48.3,47.6,47.8
2021/08/17,47.8,48.2,47.8,47.8
2021/08/18,47.8,47.8,47.3,47.8
2021/08/19,47.7,47.7,47.0,47.0
2021/08/20,47.0,47.0,46.3,46.8
2021/08/23,46.9,47.8,46.9,47.8
2021/08/24,48.6,49.3,48.2,48.7
2021/08/25,48.7,48.9,48.5,48.7
2021/08/26,48.5,48.8,48.4,48.6
2021/08/27,48.5,48.8,48.4,48.7
2021/08/30,48.4,48.8,48.4,48.7
2021/08/31,48.7,48.8,48.4,48.8
2021/09/01,48.8,49.2,48.8,48.9
2021/09/02,48.9,48.9,48.5,48.5
2021/09/03,48.5,49.2,48.5,49.1
2021/09/06,49.6,49.6,48.5,48.6
2021/09/07,48.6,48.6,48.3,48.4
2021/09/08,48.4,48.4,47.5,47.5
2021/09/09,47.6,47.7,47.2,47.6
2021/09/10,47.5,47.9,47.5,47.7
2021/09/13,47.7,47.8,47.3,47.7
2021/09/14,47.8,48.7,47.8,48.5
2021/09/15,48.7,48.8,48.3,48.8
2021/09/16,48.8,48.8,48.6,48.8
2021/09/17,48.6,48.7,48.3,48.5
2021/09/22,47.7,48.0,47.7,48.0
2021/09/23,48.0,48.2,48.0,48.1
2021/09/24,48.2,48.5,48.0,48.0
2021/09/27,48.0,48.8,48.0,48.6
2021/09/28,48.8,49.6,48.7,49.5
2021/09/29,49.7,49.7,48.6,48.7
2021/09/30,48.9,49.1,48.0,49.0
2021/10/01,49.0,50.7,48.6,49.3
2021/10/04,50.0,50.9,49.5,50.7
2021/10/05,50.4,50.4,49.2,50.3
2021/10/06,50.6,50.6,49.5,49.6
2021/10/07,50.0,50.5,49.9,50.0
2021/10/08,50.7,50.7,49.6,50.1
2021/10/12,49.7,50.6,49.5,50.4
2021/10/13,50.6,50.7,49.9,49.9
2021/10/14,50.1,50.4,49.7,49.8
2021/10/15,50.1,50.1,49.4,49.8
2021/10/18,50.0,50.5,49.6,50.2
2021/10/19,50.6,51.3,50.5,51.1
2021/10/20,52.0,52.4,51.5,51.8
2021/10/21,51.0,51.2,50.1,51.2
2021/10/22,50.8,50.8,49.8,49.8
2021/10/25,49.7,50.2,49.7,49.8
2021/10/26,49.8,50.0,49.7,49.8
2021/10/27,49.7,49.8,49.1,49.1
2021/10/28,49.0,49.0,48.7,48.7
2021/10/29,48.8,48.8,48.2,48.4
2021/11/01,48.3,48.6,48.2,48.5
2021/11/02,48.5,49.0,48.5,48.7
2021/11/03,48.8,49.2,48.8,49.0
2021/11/04,49.2,49.3,49.1,49.2
2021/11/05,49.3,49.3,48.9,49.0
2021/11/08,49.0,49.0,48.8,48.9
2021/11/09,49.0,49.0,48.5,48.7
2021/11/10,48.7,49.0,48.7,48.8
2021/11/11,48.7,48.8,48.5,48.6
2021/11/12,48.6,48.8,48.5,48.8
2021/11/15,48.7,48.9,48.6,48.7
2021/11/16,48.7,49.0,48.7,49.0
2021/11/17,48.8,49.0,48.8,49.0
2021/11/18,48.8,49.0,48.7,49.0
2021/11/19,49.0,49.3,49.0,49.1
2021/11/22,49.1,49.1,48.8,48.8
2021/11/23,48.9,49.8,48.8,49.8
2021/11/24,49.8,50.2,49.2,49.5
2021/11/25,49.6,49.9,49.5,49.8
2021/11/26,49.8,50.2,49.5,49.8
2021/11/29,49.2,49.6,49.0,49.4
2021/11/30,49.5,49.8,49.0,49.0
2021/12/01,49.4,49.4,48.8,49.0
2021/12/02,49.0,49.0,48.7,48.8
2021/12/03,48.7,49.1,48.7,49.0
2021/12/06,49.1,49.2,48.7,48.9
2021/12/07,48.8,49.1,48.8,48.9
2021/12/08,49.2,49.2,48.8,49.1
2021/12/09,49.2,49.3,49.0,49.1
2021/12/10,49.1,49.2,48.9,49.0
2021/12/13,49.0,49.2,49.0,49.2
2021/12/14,49.2,49.2,49.0,49.0
2021/12/15,49.0,49.2,49.0,49.0
2021/12/16,49.3,49.5,49.1,49.4
2021/12/17,49.5,49.6,49.3,49.3
2021/12/20,49.3,49.5,49.2,49.2
2021/12/21,49.2,49.5,49.1,49.5
2021/12/22,49.3,49.5,49.3,49.3
2021/12/23,49.4,49.4,49.2,49.3
2021/12/24,49.2,49.5,49.2,49.3
2021/12/27,49.4,49.8,49.3,49.8
2021/12/28,50.3,50.7,50.0,50.1
2021/12/29,50.3,50.4,50.0,50.1
2021/12/30,50.5,50.5,50.0,50.2
2022/01/03,50.3,50.3,49.7,49.7
2022/01/04,49.7,49.7,49.3,49.5
2022/01/05,49.4,49.8,49.4,49.8
2022/01/06,49.5,49.8,49.5,49.8
2022/01/07,49.8,50.1,49.7,49.8
2022/01/10,49.7,49.9,49.4,49.8
2022/01/11,50.0,50.0,49.8,50.0
2022/01/12,50.1,50.1,49.9,50.0
2022/01/13,50.0,50.1,49.9,50.0
2022/01/14,50.3,50.3,49.5,49.9
2022/01/17,49.8,49.8,49.4,49.4
2022/01/18,49.8,49.8,49.3,49.4
2022/01/19,49.5,49.5,49.2,49.2
2022/01/20,49.2,49.5,49.2,49.2
2022/01/21,49.8,50.3,49.3,49.4
2022/01/24,49.2,49.2,48.6,49.0
2022/01/25,49.0,49.0,48.5,48.7
2022/01/26,48.5,48.8,48.4,48.8
2022/02/07,49.0,49.9,48.9,49.8
2022/02/08,49.9,50.0,49.8,49.9
2022/02/09,50.0,50.0,49.7,50.0
2022/02/10,49.9,50.0,49.8,50.0
2022/02/11,50.0,50.3,49.9,50.0
2022/02/14,50.0,50.0,49.8,49.8
2022/02/15,50.0,50.0,49.9,50.0
2022/02/16,50.1,50.1,49.8,50.0
2022/02/17,50.0,50.2,49.9,50.1
2022/02/18,50.0,50.5,49.9,50.4
2022/02/21,50.2,50.4,50.1,50.3
2022/02/22,50.1,50.3,49.6,49.8
2022/02/23,50.0,50.0,49.7,49.7
2022/02/24,49.8,49.8,49.0,49.0
2022/02/25,49.0,49.3,48.8,49.0
2022/03/01,49.4,49.8,49.1,49.7
2022/03/02,49.8,49.8,49.5,49.6
2022/03/03,49.6,49.8,49.2,49.5
2022/03/04,49.3,49.3,49.2,49.2
2022/03/07,49.0,49.0,48.5,48.7
2022/03/08,48.7,48.8,47.9,48.0
2022/03/09,48.0,48.5,48.0,48.2
2022/03/10,49.2,49.2,48.3,48.4
2022/03/11,48.5,48.7,48.4,48.5
2022/03/14,48.5,48.7,48.4,48.7
2022/03/15,48.7,48.7,48.2,48.2
2022/03/16,48.5,48.5,48.0,48.2
2022/03/17,48.5,48.8,48.5,48.7
2022/03/18,48.8,49.2,48.5,49.2
2022/03/21,49.2,49.2,48.9,49.0
2022/03/22,48.8,49.0,48.6,48.8
2022/03/23,48.8,49.0,48.5,48.7
2022/03/24,48.7,48.8,48.5,48.5
2022/03/25,48.5,49.0,48.5,48.9
2022/03/28,48.7,48.8,48.5,48.7
2022/03/29,48.7,48.7,48.5,48.7
2022/03/30,48.8,48.9,48.7,48.8
2022/03/31,48.8,48.9,48.7,48.7
2022/04/01,48.7,48.7,48.5,48.6
2022/04/06,48.6,48.7,48.5,48.7
2022/04/07,48.7,48.7,48.4,48.4
2022/04/08,48.5,48.5,48.4,48.4
2022/04/11,48.5,48.5,48.1,48.2
2022/04/12,48.1,48.2,47.8,47.9
2022/04/13,47.9,48.3,47.9,48.2
2022/04/14,48.3,48.4,48.2,48.2
2022/04/15,48.2,50.2,48.2,49.7
2022/04/18,49.7,49.7,48.6,48.6
2022/04/19,49.2,49.2,49.0,49.0
2022/04/20,49.2,49.9,49.2,49.5
2022/04/21,49.5,49.5,49.2,49.2
2022/04/22,49.0,49.2,48.8,49.0
2022/04/25,48.8,48.8,48.2,48.2
2022/04/26,48.2,48.5,48.0,48.1
2022/04/27,47.8,47.8,46.9,47.1
2022/04/28,47.3,48.8,47.2,48.5
2022/04/29,48.8,48.8,47.6,47.8
2022/05/03,47.9,48.1,47.8,47.9
2022/05/04,48.0,48.0,47.8,47.8
2022/05/05,48.2,48.2,47.8,47.8
2022/05/06,47.5,47.7,47.5,47.5
2022/05/09,47.2,47.2,46.5,46.7
2022/05/10,46.2,46.7,46.2,46.7
2022/05/11,46.6,46.7,46.2,46.2
2022/05/12,46.2,46.2,45.2,45.2
2022/05/13,45.2,45.8,45.2,45.8
2022/05/16,46.0,46.7,45.7,46.0
2022/05/17,46.5,46.7,46.3,46.3
2022/05/18,46.4,46.9,46.4,46.6
2022/05/19,46.3,46.7,46.0,46.5
2022/05/20,46.6,46.9,46.5,46.7
2022/05/23,46.8,47.0,46.6,46.8
2022/05/24,46.7,46.7,46.2,46.2
2022/05/25,46.3,46.3,46.0,46.1
2022/05/26,46.2,46.4,46.0,46.0
2022/05/27,46.3,46.5,46.3,46.3
2022/05/30,46.5,47.0,46.4,47.0
2022/05/31,47.0,47.7,47.0,47.5
2022/06/01,47.5,47.9,47.5,47.7
2022/06/02,45.5,46.0,45.3,45.9
2022/06/06,46.0,46.6,46.0,46.0
2022/06/07,46.3,46.3,46.0,46.0
2022/06/08,46.3,46.3,45.8,45.8
2022/06/09,45.8,46.1,45.8,45.9
2022/06/10,45.7,46.0,45.5,46.0
2022/06/13,45.5,45.7,45.4,45.5
2022/06/14,45.5,45.8,45.5,45.8
2022/06/15,46.0,46.2,45.9,46.0
2022/06/16,46.3,46.3,46.0,46.0
2022/06/17,45.9,45.9,45.0,45.0
2022/06/20,45.3,45.9,45.3,45.3
2022/06/21,45.5,46.1,45.5,46.0
2022/06/22,46.2,46.2,45.4,45.5
2022/06/23,46.0,46.2,45.7,46.1
2022/06/24,46.2,46.6,45.8,46.5
2022/06/27,46.5,46.7,46.2,46.2
2022/06/28,46.5,46.5,46.0,46.2
2022/06/29,45.5,46.2,45.5,46.2
2022/06/30,45.5,45.8,45.4,45.7
2022/07/01,45.8,45.8,45.0,45.2
2022/07/04,45.5,45.6,45.1,45.2
2022/07/05,45.5,46.0,45.4,46.0
2022/07/06,46.0,46.0,45.2,45.2
2022/07/07,45.8,45.8,45.2,45.5
2022/07/08,45.5,45.8,45.2,45.3
2022/07/11,45.5,45.5,45.2,45.2
2022/07/12,45.0,45.0,44.1,44.2
2022/07/13,44.4,44.9,44.4,44.8
2022/07/14,44.8,44.8,44.5,44.7
2022/07/15,44.6,44.6,44.0,44.0
2022/07/18,43.8,44.3,43.5,44.2
2022/07/19,44.0,44.5,44.0,44.2
2022/07/20,44.8,45.0,44.5,44.8
2022/07/21,44.8,45.6,44.8,45.4
2022/07/22,45.0,45.2,44.7,44.8
2022/07/25,44.7,45.1,44.7,45.0
2022/07/26,45.0,45.2,44.9,45.0
2022/07/27,45.0,45.2,45.0,45.1
2022/07/28,45.0,45.3,44.5,44.9
2022/07/29,44.8,45.2,44.8,45.2
2022/08/01,45.0,45.2,44.8,45.0
2022/08/02,44.8,45.0,44.7,44.7
2022/08/03,44.7,44.7,44.2,44.3
2022/08/04,44.3,44.3,43.8,44.0
2022/08/05,44.5,44.8,44.5,44.7
2022/08/08,44.7,45.0,44.2,45.0
2022/08/09,45.0,46.1,45.0,45.8
2022/08/10,45.5,46.0,45.5,45.8
2022/08/11,45.9,45.9,45.5,45.5
2022/08/12,45.5,45.7,45.3,45.5
2022/08/15,45.5,45.8,45.3,45.7
2022/08/16,45.5,45.6,45.5,45.5
2022/08/17,45.6,46.0,45.6,45.7
2022/08/18,45.5,46.0,45.5,45.5
2022/08/19,45.5,46.2,45.4,46.2
2022/08/22,45.8,46.5,45.8,46.3
2022/08/23,45.8,46.4,45.7,46.2
2022/08/24,46.3,46.6,46.2,46.5
2022/08/25,46.5,46.9,46.3,46.5
2022/08/26,46.7,46.7,46.3,46.4
2022/08/29,45.9,46.2,45.7,46.0
2022/08/30,46.0,46.0,45.9,45.9
2022/08/31,46.0,46.2,45.8,46.0
2022/09/01,45.8,45.9,45.2,45.5
2022/09/02,45.7,46.0,45.5,45.8
2022/09/05,46.0,46.0,45.3,45.3
2022/09/06,45.5,45.5,44.9,45.3
2022/09/07,45.2,45.2,44.8,45.1
2022/09/08,45.2,45.8,44.8,45.8
2022/09/12,45.8,46.3,45.6,46.2
2022/09/13,46.3,46.3,46.0,46.0
2022/09/14,45.5,46.0,45.3,45.3
2022/09/15,45.2,46.0,45.1,45.5
2022/09/16,45.2,45.5,45.1,45.4
2022/09/19,45.4,45.4,45.0,45.2
2022/09/20,45.2,45.2,45.0,45.1
2022/09/21,44.8,44.8,44.5,44.5
2022/09/22,44.5,44.5,44.0,44.2
2022/09/23,44.5,44.5,44.2,44.3
2022/09/26,44.3,44.3,43.7,43.8
2022/09/27,43.5,43.7,43.5,43.5
2022/09/28,43.7,43.7,42.5,42.7
2022/09/29,42.5,45.0,42.5,44.1
2022/09/30,44.1,44.8,43.3,44.6
2022/10/03,44.6,44.6,44.0,44.0
2022/10/04,44.1,44.4,43.8,44.0
2022/10/05,43.8,44.0,43.7,43.7
2022/10/06,43.7,43.7,43.3,43.5
2022/10/07,43.2,43.4,43.1,43.2
2022/10/11,43.2,43.4,42.5,43.0
2022/10/12,42.8,43.0,42.7,42.9
2022/10/13,42.8,43.3,42.5,42.5
2022/10/14,42.6,43.0,42.6,42.8
2022/10/17,42.8,42.8,42.3,42.7
2022/10/18,42.7,43.5,42.7,43.4
2022/10/19,43.4,43.5,42.9,42.9
2022/10/20,43.0,43.3,42.7,43.3
2022/10/21,43.3,43.3,43.0,43.0
2022/10/24,43.4,43.9,43.2,43.8
2022/10/25,43.7,43.8,43.2,43.2
2022/10/26,43.5,43.5,43.2,43.4
2022/10/27,43.5,43.6,43.3,43.6
2022/10/28,43.5,43.6,43.2,43.2
2022/10/31,43.1,43.5,43.0,43.3
2022/11/01,43.4,43.5,43.2,43.2
2022/11/02,43.2,43.9,43.2,43.8
2022/11/03,43.5,44.4,43.5,44.1
2022/11/04,44.0,44.1,43.8,44.1
2022/11/07,44.2,44.7,44.1,44.6
2022/11/08,44.6,45.0,44.6,44.8
2022/11/09,45.0,45.5,45.0,45.4
2022/11/10,45.4,45.5,45.3,45.4
2022/11/11,45.6,45.6,44.7,44.7
2022/11/14,45.5,45.5,44.8,45.0
2022/11/15,45.0,45.0,44.3,44.7
2022/11/16,44.8,44.8,43.5,43.6
2022/11/17,43.6,44.2,43.6,43.8
2022/11/18,44.3,44.3,43.7,43.8
2022/11/21,44.4,44.4,43.9,44.2
2022/11/22,44.2,44.2,43.5,43.7
2022/11/23,43.8,43.8,43.3,43.5
2022/11/24,44.2,44.7,43.8,44.5
2022/11/25,44.5,44.8,44.0,44.0
2022/11/28,44.3,44.3,43.8,44.1
2022/11/29,44.3,44.6,44.1,44.5
2022/11/30,44.5,45.2,44.5,45.2
2022/12/01,45.2,45.8,45.2,45.2
2022/12/02,44.1,45.2,44.1,45.1
2022/12/05,45.1,45.2,44.7,44.8
2022/12/06,45.0,45.0,44.2,44.2
2022/12/07,44.3,44.7,44.2,44.5
2022/12/08,44.5,44.5,44.2,44.2
2022/12/09,44.3,44.8,44.3,44.7
2022/12/12,44.8,44.8,44.3,44.5
2022/12/13,44.5,45.0,44.5,44.9
2022/12/14,45.1,45.3,44.8,44.9
2022/12/15,45.0,45.2,44.8,44.9
2022/12/16,44.6,45.0,44.2,44.2
2022/12/19,44.2,45.7,44.2,45.7
2022/12/20,45.5,45.7,44.8,45.1
2022/12/21,45.1,45.1,44.8,44.8
2022/12/22,45.0,45.2,44.9,45.2
2022/12/23,44.8,45.3,44.7,44.8
2022/12/26,44.8,44.8,44.5,44.8
2022/12/27,45.0,45.0,44.5,44.7
2022/12/28,44.7,45.2,44.7,45.2
2022/12/29,45.0,45.3,44.3,45.1
2022/12/30,45.1,45.6,44.8,45.5
2023/01/03,45.4,45.4,45.0,45.2
2023/01/04,45.0,45.0,44.8,44.9
2023/01/05,44.9,45.0,44.7,45.0
2023/01/06,45.4,45.4,44.7,44.7
2023/01/09,44.8,45.1,44.7,45.1
2023/01/10,45.1,45.3,44.5,45.3
2023/01/11,45.3,45.3,45.0,45.2
2023/01/12,45.2,45.3,44.8,45.3
2023/01/13,45.3,45.3,45.0,45.2
2023/01/16,45.3,45.3,45.0,45.2
2023/01/17,45.2,45.3,45.1,45.3
2023/01/30,45.5,45.7,45.5,45.5
2023/01/31,45.5,45.7,45.5,45.7
2023/02/01,45.7,46.0,45.7,46.0
2023/02/02,46.2,47.0,46.2,46.5
2023/02/03,46.5,46.8,46.0,46.8
2023/02/06,46.6,46.8,46.2,46.5
2023/02/07,46.5,46.9,46.0,46.2
2023/02/08,46.2,46.5,45.9,46.2
2023/02/09,46.0,46.3,46.0,46.1
2023/02/10,46.0,46.1,45.8,45.8
2023/02/13,45.8,46.2,45.8,46.2
2023/02/14,46.1,46.1,45.8,46.0
2023/02/15,46.0,46.3,45.8,45.8
2023/02/16,46.3,46.3,46.0,46.0
2023/02/17,46.0,46.2,45.8,46.0
2023/02/20,46.2,46.6,46.2,46.5
2023/02/21,46.5,46.6,46.0,46.2
2023/02/22,46.0,46.2,45.7,45.9
2023/02/23,46.0,46.5,45.8,46.2
2023/02/24,46.3,47.1,46.2,47.0
2023/03/01,47.0,47.4,46.6,46.6
2023/03/02,46.6,47.3,46.6,47.2
2023/03/03,47.2,47.3,47.0,47.2
2023/03/06,47.5,48.1,47.5,47.8
2023/03/07,48.0,48.0,47.5,47.7
2023/03/08,47.7,47.8,47.2,47.6
2023/03/09,47.6,47.6,47.2,47.2
2023/03/10,47.1,47.1,46.5,46.8
2023/03/13,46.6,47.0,46.0,46.9
2023/03/14,46.9,47.0,46.4,46.5
2023/03/15,46.8,46.9,46.5,46.6
2023/03/16,46.7,46.8,46.2,46.5
2023/03/17,46.5,46.7,46.1,46.4
2023/03/20,46.4,46.8,46.3,46.7
2023/03/21,46.6,46.6,45.9,46.2
2023/03/22,46.2,46.8,46.2,46.7
2023/03/23,46.7,47.2,46.5,47.2
2023/03/24,47.1,47.2,46.8,47.0
2023/03/27,47.0,47.2,47.0,47.2
2023/03/28,47.2,47.5,47.0,47.3
2023/03/29,47.3,48.0,47.1,47.2
2023/03/30,47.2,47.2,46.7,46.8
2023/03/31,47.0,47.4,47.0,47.2
2023/04/06,47.6,47.6,47.0,47.0
2023/04/07,47.0,47.6,47.0,47.2
2023/04/10,47.2,47.5,47.0,47.5
2023/04/11,47.5,47.5,46.9,47.4
2023/04/12,47.6,47.6,47.2,47.2
2023/04/13,47.5,48.0,47.5,47.8
2023/04/14,47.8,48.2,47.5,47.9
2023/04/17,47.8,48.6,47.8,48.5
2023/04/18,48.6,48.6,47.8,48.2
2023/04/19,48.0,48.3,47.5,47.6
2023/04/20,47.6,47.6,47.0,47.1
2023/04/21,47.1,47.9,47.0,47.5
2023/04/24,47.7,48.0,47.1,47.2
2023/04/25,47.2,47.2,46.6,46.8
2023/04/26,46.8,47.5,46.8,47.5
2023/04/27,47.5,48.0,47.3,48.0
2023/04/28,48.0,48.0,47.8,48.0
2023/05/02,48.2,48.9,48.0,48.6
2023/05/03,48.5,49.3,48.2,49.1
2023/05/04,49.3,51.2,49.3,50.4
2023/05/05,50.6,50.9,49.6,50.7
2023/05/08,50.7,51.2,50.4,51.1
2023/05/09,51.2,51.5,50.8,50.8
2023/05/10,50.8,51.2,50.3,51.1
2023/05/11,51.1,51.1,50.5,50.6
2023/05/12,50.6,51.0,50.1,51.0
2023/05/15,51.0,51.0,50.3,50.6
2023/05/16,50.6,51.5,50.6,51.2
2023/05/17,51.3,52.0,51.3,51.5
2023/05/18,51.5,51.9,51.0,51.2
2023/05/19,51.5,51.5,50.5,50.8
2023/05/22,50.8,51.8,50.8,51.7
2023/05/23,51.3,51.7,51.1,51.3
2023/05/24,51.3,51.5,50.7,51.4
2023/05/25,51.4,51.4,50.8,50.8
2023/05/26,50.8,50.8,50.0,50.1
2023/05/29,50.2,50.9,50.2,50.7
2023/05/30,50.7,50.7,50.3,50.4
2023/05/31,50.3,50.8,50.3,50.7
2023/06/01,48.8,49.2,48.6,49.0
2023/06/02,48.9,49.1,48.7,49.0
2023/06/05,49.0,49.1,48.9,49.0
2023/06/06,49.0,49.0,48.8,49.0
2023/06/07,49.0,49.0,48.7,48.8
2023/06/08,48.8,49.0,48.3,48.5
2023/06/09,48.5,49.0,48.4,48.7
2023/06/12,48.7,48.9,48.5,48.7
2023/06/13,48.7,49.0,48.7,48.8
2023/06/14,48.8,49.0,48.6,49.0
2023/06/15,49.0,49.0,48.8,48.9
2023/06/16,48.9,48.9,47.8,47.9
2023/06/19,47.9,47.9,47.5,47.7
2023/06/20,47.7,47.8,47.2,47.3
2023/06/21,47.5,48.2,47.3,48.2
2023/06/26,48.2,48.2,47.7,47.8
2023/06/27,47.8,47.8,47.3,47.5
2023/06/28,47.5,48.0,47.5,47.9
2023/06/29,48.0,48.0,47.7,47.9
2023/06/30,47.7,47.9,47.7,47.8
2023/07/03,47.8,48.0,47.5,47.8
2023/07/04,47.8,47.8,47.5,47.7
2023/07/05,47.7,47.8,47.5,47.8
2023/07/06,47.8,47.8,47.5,47.5
2023/07/07,47.5,47.5,46.8,47.0
2023/07/10,47.4,47.4,46.5,46.9
2023/07/11,47.0,47.1,46.8,47.0
2023/07/12,47.3,47.3,46.8,46.8
2023/07/13,46.9,47.3,46.8,46.9
2023/07/14,47.0,47.0,46.8,46.9
2023/07/17,46.9,47.7,46.7,47.5
2023/07/18,47.0,47.4,47.0,47.0
2023/07/19,47.0,47.2,46.5,46.8
2023/07/20,47.0,47.0,46.7,46.8
2023/07/21,48.1,49.7,48.0,49.1
2023/07/24,49.5,49.5,48.2,48.5
2023/07/25,48.8,49.0,48.2,48.8
2023/07/26,48.8,50.5,48.7,50.0
2023/07/27,50.2,51.1,49.9,50.7
2023/07/28,50.4,50.5,49.3,49.5
2023/07/31,49.5,49.9,48.8,48.9
2023/08/01,49.0,49.3,48.6,49.2
2023/08/02,49.2,49.3,48.7,48.7
2023/08/04,48.7,48.7,48.3,48.5
2023/08/07,48.8,49.0,48.7,48.8
2023/08/08,48.8,49.1,48.3,48.5
2023/08/09,48.5,48.5,48.1,48.1
2023/08/10,48.3,49.1,48.3,48.7
2023/08/11,48.7,48.8,47.8,48.0
2023/08/14,48.0,48.0,47.2,47.3
2023/08/15,47.4,47.9,47.2,47.8
2023/08/16,48.4,48.4,47.2,47.2
2023/08/17,47.2,47.3,46.8,47.3
2023/08/18,47.3,47.7,47.2,47.3
2023/08/21,47.5,47.7,47.3,47.6
2023/08/22,47.9,48.0,47.7,47.7
2023/08/23,47.5,47.8,47.5,47.7
2023/08/24,47.8,48.0,47.5,47.7
2023/08/25,47.7,48.0,47.5,47.8
2023/08/28,48.0,48.2,47.5,47.6
2023/08/29,47.7,47.9,47.6,47.8
2023/08/30,47.8,48.0,47.7,47.7
2023/08/31,47.7,47.9,47.7,47.9
2023/09/01,47.8,48.0,47.7,47.8
2023/09/04,47.7,48.0,47.7,48.0
2023/09/05,48.0,48.1,47.8,48.0
2023/09/06,47.8,48.0,47.5,47.8
2023/09/07,47.8,47.8,47.7,47.7
2023/09/08,47.6,47.8,47.5,47.7
2023/09/11,47.7,47.7,47.5,47.5
2023/09/12,48.0,48.0,47.7,47.8
2023/09/13,47.8,48.2,47.8,48.0
2023/09/14,48.0,48.0,47.8,48.0
2023/09/15,48.0,48.0,47.8,47.8
2023/09/18,47.8,48.5,47.7,48.3
2023/09/19,48.3,48.8,48.2,48.3
2023/09/20,48.3,49.1,48.3,48.7
2023/09/21,49.5,50.0,49.0,49.2
2023/09/22,49.2,49.2,48.5,48.8
2023/09/25,49.1,50.0,49.1,49.7
2023/09/26,49.7,49.9,49.2,49.3
2023/09/27,49.3,49.3,48.8,49.1
2023/09/28,49.3,49.5,49.3,49.5
2023/10/02,49.6,51.0,49.6,50.4
2023/10/03,50.6,50.6,49.9,50.2
2023/10/04,50.2,50.2,49.6,49.9
2023/10/05,49.9,50.5,49.8,50.3
2023/10/06,50.3,50.3,49.8,49.8
2023/10/11,50.0,50.1,49.6,49.7
2023/10/12,50.0,50.8,49.8,50.6
2023/10/13,50.6,50.7,50.2,50.4
2023/10/16,50.4,50.4,50.0,50.3
2023/10/17,50.2,50.9,50.2,50.6
2023/10/18,50.7,50.8,50.0,50.0
2023/10/19,50.1,50.8,50.0,50.4
2023/10/20,50.4,50.6,49.9,50.4
2023/10/23,50.9,51.4,50.0,50.2
2023/10/24,50.2,50.8,49.8,50.2
2023/10/25,50.5,50.7,50.2,50.5
2023/10/26,50.1,50.5,49.5,50.3
2023/10/27,50.3,50.4,49.8,50.1
2023/10/30,50.2,50.5,49.7,49.7
2023/10/31,49.8,49.8,49.0,49.0
2023/11/01,49.0,49.9,49.0,49.9
2023/11/02,49.8,50.1,49.4,49.5
2023/11/03,49.5,49.7,49.2,49.4
2023/11/06,49.9,49.9,49.3,49.5
2023/11/07,49.5,49.5,49.1,49.2
2023/11/08,49.2,49.4,49.0,49.2
2023/11/09,49.2,49.5,48.8,49.1
2023/11/10,48.9,49.5,48.9,49.3
2023/11/13,48.9,49.1,48.5,48.6
2023/11/14,48.6,48.8,48.4,48.7
2023/11/15,49.2,49.8,49.0,49.7
2023/11/16,49.8,49.9,49.0,49.8
2023/11/17,49.7,49.8,48.9,49.3
2023/11/20,49.3,49.5,49.0,49.5
2023/11/21,49.3,49.8,49.3,49.8
2023/11/22,50.0,50.4,49.8,50.2
2023/11/23,50.0,50.2,49.8,50.1
2023/11/24,50.1,50.6,49.9,50.3
2023/11/27,50.2,50.7,50.0,50.0
2023/11/28,50.0,50.2,50.0,50.1
2023/11/29,50.0,50.2,49.9,50.2
2023/11/30,50.3,50.4,50.2,50.4
2023/12/01,50.4,50.8,50.4,50.4
2023/12/04,50.4,50.4,50.1,50.3
2023/12/05,50.3,50.3,49.6,49.7
2023/12/06,49.8,50.4,49.8,50.0
2023/12/07,50.0,50.2,49.9,50.0
2023/12/08,49.9,50.2,49.8,50.0
2023/12/11,50.1,50.3,49.9,50.0
2023/12/12,50.2,50.4,49.5,49.7
2023/12/13,49.8,50.0,49.7,49.9
2023/12/14,50.0,50.0,49.8,50.0
2023/12/15,50.1,50.1,49.9,50.0
2023/12/18,50.1,50.1,49.9,50.0
2023/12/19,50.0,50.0,49.7,50.0
2023/12/20,50.0,50.0,49.8,50.0
2023/12/21,50.3,50.7,50.1,50.1
2023/12/22,50.2,50.5,50.2,50.5
2023/12/25,50.8,51.2,50.6,50.9
2023/12/26,51.1,51.1,50.6,51.0
2023/12/27,51.0,51.0,50.5,50.7
2023/12/28,50.9,50.9,50.4,50.8
2023/12/29,50.8,50.9,50.5,50.8
2024/01/02,51.0,51.3,50.8,50.9
2024/01/03,51.2,51.2,50.8,51.1
2024/01/04,51.2,51.2,50.8,50.9
2024/01/05,51.0,51.0,50.6,50.8
2024/01/08,50.8,51.4,50.8,51.0
2024/01/09,51.1,51.2,50.7,50.8
2024/01/10,50.7,50.9,50.4,50.4
2024/01/11,50.6,51.6,50.6,51.5
2024/01/12,51.5,51.6,51.1,51.4
2024/01/15,51.4,51.5,50.9,51.0
2024/01/16,51.0,51.0,50.4,50.6
2024/01/17,50.3,50.7,50.0,50.2
2024/01/18,50.0,50.4,49.8,50.3
2024/01/19,50.0,50.2,49.8,50.1
2024/01/22,50.1,50.3,50.0,50.0
2024/01/23,50.9,51.3,50.9,51.0
2024/01/24,51.1,51.8,51.1,51.4
2024/01/25,51.7,51.7,51.1,51.5
2024/01/26,51.6,51.6,51.4,51.6
2024/01/29,51.7,51.8,51.3,51.6
2024/01/30,51.7,52.5,51.6,52.5
2024/01/31,52.5,52.5,52.1,52.1
2024/02/01,52.2,52.8,52.0,52.7
2024/02/02,52.9,52.9,52.4,52.6
2024/02/05,52.3,52.3,51.1,51.8
2024/02/15,52.0,52.5,51.7,51.8
2024/02/16,52.1,52.1,51.4,51.8
2024/02/19,51.8,52.2,51.8,52.1
2024/02/20,52.1,52.6,51.8,52.5
2024/02/21,53.4,54.9,53.3,54.6
2024/02/22,54.9,55.4,54.5,54.6
2024/02/23,54.8,55.0,54.1,54.1
2024/02/26,54.1,54.6,54.1,54.3
2024/02/27,54.5,54.5,53.9,53.9
2024/02/29,53.9,55.4,53.9,54.7
2024/03/01,54.7,55.1,54.7,54.9
2024/03/04,55.0,55.6,54.8,55.0
2024/03/05,55.0,56.6,54.6,56.1
2024/03/06,56.5,57.2,55.6,56.0
2024/03/07,56.0,57.1,56.0,56.5
2024/03/08,56.6,57.1,55.2,55.6
2024/03/11,55.4,55.6,55.2,55.4
2024/03/12,55.3,55.6,54.8,55.5
2024/03/13,56.2,57.1,56.0,57.0
2024/03/14,57.0,57.3,56.0,56.7
2024/03/15,56.9,56.9,55.5,55.7
2024/03/18,56.0,56.1,55.1,55.7
2024/03/19,55.7,56.2,55.4,56.2
2024/03/20,56.2,56.9,56.2,56.7
2024/03/21,57.7,59.4,57.7,58.3
2024/03/22,59.0,59.0,58.1,58.2
2024/03/25,58.2,58.2,57.4,57.7
2024/03/26,57.9,57.9,57.1,57.5
2024/03/27,57.4,57.8,57.3,57.8
2024/03/28,57.8,58.5,57.6,58.2
2024/03/29,58.2,58.2,56.8,57.3
2024/04/01,57.9,59.2,57.8,58.6
2024/04/02,58.9,58.9,57.9,58.5
2024/04/03,58.0,58.8,58.0,58.8
2024/04/08,58.8,58.8,58.1,58.3
2024/04/09,58.2,58.2,57.1,57.7
2024/04/10,58.0,58.0,57.4,57.8
2024/04/11,57.8,57.8,56.4,56.4
2024/04/12,56.4,56.5,55.9,56.1
2024/04/15,56.1,56.5,55.8,56.1
2024/04/16,56.0,56.0,55.0,55.3
2024/04/17,55.3,55.8,55.0,55.6
2024/04/18,55.6,56.7,55.3,56.2
2024/04/19,56.6,56.6,55.1,55.8
2024/04/22,56.0,56.4,55.5,56.0
2024/04/23,58.0,61.0,57.3,60.5
2024/04/24,60.5,60.5,58.7,59.5
2024/04/25,59.5,60.0,59.0,59.8
2024/04/26,60.0,62.0,59.7,62.0
2024/04/29,62.2,62.3,61.3,61.5
2024/04/30,61.3,61.4,60.8,60.8
2024/05/02,60.8,61.4,60.5,61.3
2024/05/03,61.3,61.9,60.0,60.2
2024/05/06,60.8,61.2,60.3,61.0
2024/05/07,61.2,61.2,60.5,61.0
2024/05/08,61.0,62.9,61.0,62.5
2024/05/09,62.4,62.4,61.6,61.6
2024/05/10,62.0,64.3,61.3,63.6
2024/05/13,63.6,64.2,63.0,63.8
2024/05/14,63.7,64.3,63.3,64.3
2024/05/15,64.9,66.5,64.6,65.8
2024/05/16,65.4,66.4,65.3,65.7
2024/05/17,65.7,66.4,65.7,66.1
2024/05/20,66.4,66.4,65.5,66.4
2024/05/21,64.4,64.4,62.1,62.9
2024/05/22,62.9,63.3,61.9,62.2
2024/05/23,62.3,62.7,60.7,61.3
2024/05/24,61.2,61.2,60.4,60.8
2024/05/27,60.8,61.3,60.5,61.0
2024/05/28,61.1,62.3,61.1,62.0
2024/05/29,62.5,62.6,61.1,61.4
2024/05/30,61.2,62.0,61.1,62.0
2024/05/31,59.5,59.7,58.8,59.0
2024/06/03,59.1,59.1,58.0,58.4
2024/06/04,58.4,58.8,58.3,58.6
2024/06/05,58.6,58.8,57.8,58.0
2024/06/06,58.1,58.3,57.5,57.9
2024/06/07,57.7,58.1,57.4,57.9
2024/06/11,58.1,58.8,57.6,58.6
2024/06/12,58.5,58.5,57.4,57.6
2024/06/13,57.8,57.8,56.8,57.1
2024/06/14,57.6,58.0,57.2,57.7
2024/06/17,58.0,58.2,57.6,57.6
2024/06/18,58.0,58.4,57.6,58.1
2024/06/19,58.2,58.2,57.7,57.9
2024/06/20,57.9,57.9,57.4,57.7
2024/06/21,57.5,58.0,57.4,58.0
2024/06/24,58.1,58.3,57.7,57.9
2024/06/25,58.2,58.2,57.3,58.0
2024/06/26,58.0,58.1,57.4,57.4
2024/06/27,57.2,58.2,56.9,57.8
2024/06/28,58.3,59.1,57.6,58.7
2024/07/01,59.2,59.3,58.3,58.9
2024/07/02,59.2,59.5,58.6,59.0
2024/07/03,59.4,59.4,58.6,58.9
2024/07/04,59.3,59.3,58.2,58.3
2024/07/05,58.5,58.8,58.3,58.5
2024/07/08,58.5,58.9,57.7,57.7
2024/07/09,57.7,58.1,57.1,57.4
2024/07/10,57.4,57.9,57.4,57.4
2024/07/11,57.6,58.1,57.2,57.9
2024/07/12,57.8,58.0,57.5,57.6
2024/07/15,57.6,58.1,57.5,58.1
2024/07/16,58.0,58.2,57.5,57.5
2024/07/17,57.5,58.2,57.5,58.0
2024/07/18,58.0,58.8,57.4,58.8
2024/07/19,58.2,58.3,57.2,57.6
2024/07/22,57.6,57.6,56.6,57.2
2024/07/23,57.7,58.5,57.6,58.3
2024/07/26,57.5,58.5,57.3,58.5
2024/07/29,58.6,59.3,58.2,59.1
2024/07/30,59.0,59.0,57.8,58.7
2024/07/31,58.8,60.6,58.4,59.5
2024/08/01,60.1,60.2,59.5,60.0
2024/08/02,59.5,59.7,59.0,59.3
2024/08/05,58.8,58.8,55.1,55.7
2024/08/06,56.7,57.0,54.2,56.2
2024/08/07,56.2,56.8,56.2,56.7
2024/08/08,56.0,57.4,55.9,56.8
2024/08/09,57.0,58.0,57.0,57.4
2024/08/12,57.8,57.9,57.3,57.3
2024/08/13,57.6,57.6,56.4,56.7
2024/08/14,57.7,58.0,56.5,57.2
2024/08/15,57.5,57.5,55.3,55.3
2024/08/16,55.7,55.9,55.2,55.6
2024/08/19,55.4,55.5,55.0,55.2
2024/08/20,55.2,55.8,55.1,55.4
2024/08/21,55.1,55.5,54.2,54.5
2024/08/22,54.5,55.7,54.4,55.0
2024/08/23,55.0,55.0,54.5,54.6
2024/08/26,54.6,55.0,54.2,54.4
2024/08/27,54.4,55.1,54.4,55.0
2024/08/28,55.0,55.2,54.9,55.0
2024/08/29,54.9,55.3,54.8,55.1
2024/08/30,55.3,55.5,55.2,55.5
2024/09/02,55.6,55.6,55.0,55.0
2024/09/03,55.0,55.0,54.3,54.4
2024/09/04,53.8,53.8,52.7,53.0
2024/09/05,53.2,53.4,52.4,52.5
2024/09/06,52.5,53.0,52.0,52.9
2024/09/09,52.2,52.9,52.0,52.9
2024/09/10,52.8,53.9,52.8,53.3
2024/09/11,53.2,53.4,53.0,53.0
2024/09/12,53.1,53.5,53.0,53.1
2024/09/13,53.2,54.1,53.2,53.7
2024/09/16,53.3,54.4,53.3,53.9
2024/09/18,53.7,53.9,53.2,53.2
2024/09/19,53.2,53.7,52.9,53.3
2024/09/20,53.4,54.3,53.3,54.3
2024/09/23,53.5,53.5,52.5,53.3
2024/09/24,53.3,54.2,53.2,53.5
2024/09/25,53.6,53.9,53.3,53.3
2024/09/26,53.4,53.9,53.4,53.5
2024/09/27,53.7,55.5,53.7,55.3
2024/09/30,55.8,57.2,55.3,55.7
2024/10/01,56.2,56.5,55.4,55.9
2024/10/04,56.7,61.4,56.2,60.0
2024/10/07,61.2,62.5,59.7,60.9
2024/10/08,61.4,62.5,58.6,58.6
2024/10/09,59.1,59.3,56.6,57.0
2024/10/11,57.3,57.3,56.1,56.1
2024/10/14,56.9,57.1,56.4,56.6
2024/10/15,56.7,56.8,56.2,56.4
2024/10/16,56.6,57.0,55.4,56.9
2024/10/17,57.2,58.2,56.7,57.0
2024/10/18,57.1,57.3,56.2,56.7
2024/10/21,57.3,57.4,56.7,56.7
2024/10/22,56.0,56.2,54.4,55.2
2024/10/23,55.2,56.1,55.2,55.2
2024/10/24,55.2,55.4,54.9,55.1
2024/10/25,55.2,55.4,54.9,55.2
2024/10/28,55.4,56.4,55.2,55.8
2024/10/29,56.0,56.0,54.7,55.1
2024/10/30,55.7,55.7,54.8,55.0
2024/11/01,54.5,55.7,54.4,55.6
2024/11/04,55.6,55.8,55.1,55.2
2024/11/05,55.2,55.8,55.2,55.7
2024/11/06,55.5,55.6,55.1,55.3
2024/11/07,55.1,55.8,55.1,55.7
2024/11/08,55.7,55.7,55.2,55.3
2024/11/11,55.5,55.5,53.9,54.2
2024/11/12,53.8,54.4,53.0,53.4
2024/11/13,53.0,54.0,52.6,53.4
2024/11/14,53.5,53.7,53.0,53.0
2024/11/15,53.0,53.5,52.6,52.7
2024/11/18,52.9,53.0,52.3,52.6
2024/11/19,52.6,53.3,52.6,53.2
2024/11/20,53.3,53.5,52.9,53.0
2024/11/21,53.2,54.2,53.2,54.2
2024/11/22,54.3,54.6,53.8,53.8
2024/11/25,54.2,54.2,53.8,54.1
2024/11/26,53.9,54.3,53.7,53.8
2024/11/27,54.0,54.0,53.3,53.3
2024/11/28,53.2,53.4,52.9,53.0
2024/11/29,52.8,53.6,52.5,53.0
2024/12/02,53.0,53.3,52.9,52.9
2024/12/03,52.9,53.3,52.9,53.1
2024/12/04,53.1,53.4,52.7,52.7
2024/12/05,52.8,53.0,52.7,52.7
2024/12/06,52.8,52.8,52.5,52.5
2024/12/09,52.5,52.8,52.4,52.5
2024/12/10,53.4,53.8,52.5,52.5
2024/12/11,52.5,52.6,52.0,52.2
2024/12/12,52.2,52.4,52.1,52.1
2024/12/13,52.1,52.1,50.7,51.0
2024/12/16,51.0,51.0,50.0,50.1
2024/12/17,50.1,50.2,50.0,50.1
2024/12/18,50.0,50.2,49.7,50.1
2024/12/19,49.8,49.9,49.4,49.6
2024/12/20,49.5,49.6,49.2,49.3
2024/12/23,49.4,49.8,49.4,49.8
2024/12/24,49.9,50.4,49.8,49.8
2024/12/25,50.2,50.2,49.6,49.6
2024/12/26,49.7,49.9,49.6,49.7
2024/12/27,49.8,50.2,49.8,50.1
2024/12/30,50.1,50.2,49.6,49.9
2024/12/31,49.8,49.8,49.2,49.8
2025/01/02,49.5,49.8,49.2,49.8
2025/01/03,49.8,50.2,49.1,49.2
2025/01/06,49.4,49.7,49.2,49.6
2025/01/07,49.6,49.6,48.6,48.6
2025/01/08,48.6,49.1,48.4,49.0
2025/01/09,49.0,49.0,48.4,48.5
2025/01/10,48.2,48.2,47.6,47.8
2025/01/13,47.8,48.0,47.0,48.0
2025/01/14,48.0,48.5,48.0,48.3
2025/01/15,48.6,49.0,48.6,48.6
2025/01/16,48.8,49.1,48.8,48.9
2025/01/17,49.2,49.7,49.1,49.6
2025/01/20,49.7,50.0,49.2,49.8
2025/01/21,49.8,50.4,49.6,49.7
2025/01/22,49.8,50.3,49.8,50.0
2025/02/03,50.0,50.6,49.8,50.5
2025/02/04,50.7,50.7,49.6,49.7
2025/02/05,50.0,50.2,49.7,49.9
2025/02/06,49.8,50.4,49.8,50.3
2025/02/07,50.0,50.1,49.7,49.8
2025/02/10,49.8,50.1,49.7,49.8
2025/02/11,49.8,50.2,49.7,49.8
2025/02/12,49.8,50.2,49.6,49.8
2025/02/13,49.9,50.9,49.9,50.8
2025/02/14,50.8,51.2,50.4,50.8
2025/02/17,51.0,51.6,51.0,51.4
2025/02/18,51.4,51.4,51.1,51.1
2025/02/19,51.1,51.3,50.9,51.2
2025/02/20,51.1,51.5,51.0,51.2
2025/02/21,51.0,51.0,50.1,50.6
2025/02/24,50.6,51.1,50.5,50.8
2025/02/25,50.7,51.0,50.7,50.8
2025/02/26,50.8,50.9,50.5,50.6
2025/02/27,50.6,51.2,50.6,51.1
2025/03/03,51.1,51.1,50.8,51.0
2025/03/04,50.8,50.8,50.0,50.6
2025/03/05,50.3,51.1,50.3,50.8
2025/03/06,51.0,51.3,50.8,51.2
2025/03/07,51.2,51.3,50.9,51.3
2025/03/10,51.3,51.4,50.8,51.0
2025/03/11,50.4,51.0,49.9,50.5
2025/03/12,50.5,50.9,50.2,50.6
2025/03/13,50.6,50.8,50.1,50.1
2025/03/14,50.3,50.7,50.1,50.7
2025/03/17,50.7,50.8,50.3,50.5
2025/03/18,50.6,50.9,50.4,50.6
2025/03/19,50.6,51.0,50.5,50.5
2025/03/20,50.6,51.0,50.5,50.6
2025/03/21,49.5,50.0,48.8,48.8
2025/03/24,48.8,49.3,48.7,49.0
2025/03/25,49.1,49.1,48.0,48.6
2025/03/26,48.7,48.8,48.4,48.6
2025/03/27,48.6,48.6,48.3,48.4
2025/03/28,48.4,48.4,47.8,48.0
2025/03/31,47.5,47.8,46.9,47.4
2025/04/01,47.4,47.8,47.4,47.6
2025/04/02,47.6,48.2,47.2,48.1
2025/04/07,43.3,43.9,43.3,43.6
2025/04/08,43.8,45.2,43.8,44.9
2025/04/09,44.5,44.5,42.6,42.6
2025/04/10,44.2,46.5,44.2,46.2
2025/04/11,45.8,45.8,43.5,45.0
2025/04/14,45.4,45.8,44.8,45.1
2025/04/15,45.2,45.8,45.1,45.6
2025/04/16,45.6,45.7,45.0,45.2
2025/04/17,44.9,45.4,44.8,45.0
2025/04/18,45.1,45.4,45.0,45.1
2025/04/21,45.2,45.4,45.0,45.1
2025/04/22,45.1,45.4,45.0,45.2
2025/04/23,45.2,46.2,45.2,46.0
2025/04/24,46.0,46.4,45.6,45.6
2025/04/25,45.8,46.0,45.7,45.8
2025/04/28,45.9,46.4,45.8,46.2
2025/04/29,46.6,47.4,46.4,47.2
2025/04/30,47.0,47.3,46.9,47.0
2025/05/02,47.2,47.5,47.0,47.5
2025/05/05,48.3,49.4,48.0,48.4
2025/05/06,48.6,48.8,48.0,48.4
2025/05/07,48.4,48.8,48.3,48.4
2025/05/08,48.4,48.8,48.4,48.6
2025/05/09,48.4,49.2,48.4,49.1
2025/05/12,49.2,49.2,48.8,48.8
2025/05/13,48.8,48.9,48.4,48.8
2025/05/14,48.7,48.7,48.2,48.4
2025/05/15,48.2,48.2,47.6,47.7
2025/05/16,47.7,48.0,47.5,48.0
2025/05/19,47.8,48.2,47.8,47.8
2025/05/20,47.8,47.8,47.6,47.6
2025/05/21,47.5,47.6,47.4,47.5
2025/05/22,47.4,47.4,46.8,47.0
2025/05/23,46.7,46.8,46.7,46.8
2025/05/26,46.8,46.8,46.4,46.8
2025/05/27,46.5,46.9,46.5,46.8
2025/05/28,46.8,47.2,46.8,47.1
2025/05/29,47.3,47.3,46.2,47.0
2025/06/02,46.6,46.8,46.4,46.4
2025/06/03,44.0,44.0,42.8,43.0
2025/06/04,43.0,43.2,42.8,42.8
2025/06/05,43.0,43.6,43.0,43.0
2025/06/06,43.3,43.3,43.0,43.0
2025/06/09,43.0,43.0,42.7,42.8
2025/06/10,43.0,43.0,42.7,42.8
2025/06/11,42.8,42.8,42.6,42.7
2025/06/12,42.8,42.8,42.3,42.4
2025/06/13,42.3,42.3,41.8,41.9
2025/06/16,41.8,41.8,41.2,41.4
2025/06/17,41.3,41.5,41.1,41.3
2025/06/18,41.3,41.7,41.2,41.4
2025/06/19,41.4,41.4,40.9,41.0
2025/06/20,41.0,41.5,40.3,41.5
2025/06/23,41.0,41.0,40.1,40.5
2025/06/24,40.5,41.0,40.2,40.2
2025/06/25,40.4,40.4,40.0,40.0
2025/06/26,40.2,40.8,40.0,40.6
2025/06/27,40.8,41.4,40.6,41.4
2025/06/30,41.5,41.5,40.8,40.8
2025/07/01,40.9,41.4,40.8,40.8
2025/07/02,40.9,41.0,40.5,40.8
2025/07/03,40.8,41.4,40.8,41.2
2025/07/04,41.4,41.4,41.0,41.0
2025/07/07,41.2,41.2,40.8,41.2
2025/07/08,41.2,41.2,40.5,40.6
2025/07/09,40.6,40.6,40.2,40.4
2025/07/10,40.4,40.7,40.2,40.6
2025/07/11,40.6,41.2,40.2,41.0
2025/07/14,40.8,41.0,40.7,40.9
2025/07/15,40.9,41.0,40.6,40.8
2025/07/16,40.8,41.2,40.8,40.8
2025/07/17,40.8,41.6,40.8,41.4
2025/07/18,41.4,41.8,41.2,41.4
2025/07/21,41.4,41.5,41.0,41.4
2025/07/22,41.0,41.0,40.2,40.5
2025/07/23,40.6,40.6,40.4,40.6
2025/07/24,40.6,40.8,40.2,40.4
2025/07/25,40.4,40.6,40.4,40.4
2025/07/28,40.5,40.5,40.0,40.2
2025/07/29,40.2,40.5,40.1,40.2
2025/07/30,40.2,40.3,40.1,40.3
2025/07/31,40.3,40.4,39.8,40.4
2025/08/01,40.1,40.5,39.9,40.5
2025/08/04,40.4,40.8,40.2,40.8
2025/08/05,40.6,40.8,40.6,40.6
2025/08/06,40.6,41.0,40.6,40.9
2025/08/07,40.9,41.0,40.4,40.6
2025/08/08,40.6,40.6,40.4,40.6
2025/08/11,40.6,40.6,40.0,40.2
2025/08/12,40.3,40.4,40.2,40.3
2025/08/13,40.3,40.4,40.0,40.0
2025/08/14,40.2,40.3,39.9,40.2
2025/08/15,40.2,40.2,39.9,39.9
2025/08/18,39.9,39.9,39.0,39.4
2025/08/19,39.2,39.3,39.0,39.2
2025/08/20,39.2,39.5,39.2,39.4
2025/08/21,39.4,39.8,39.3,39.8
2025/08/22,39.6,39.7,39.4,39.4
2025/08/25,39.5,39.5,39.3,39.4
2025/08/26,39.3,39.4,39.1,39.1
2025/08/27,39.1,39.5,39.1,39.4
2025/08/28,39.2,39.8,39.2,39.6
2025/08/29,39.6,39.8,39.6,39.6
2025/09/01,39.6,39.7,39.3,39.4
2025/09/02,39.4,39.6,39.2,39.2
2025/09/03,39.3,39.6,39.2,39.5
2025/09/04,39.5,39.8,39.4,39.7
2025/09/05,39.8,39.8,39.6,39.7
2025/09/08,39.7,39.8,39.6,39.7
2025/09/09,39.7,40.0,39.6,39.8
2025/09/10,39.8,39.8,39.5,39.6
2025/09/11,39.7,39.7,39.2,39.2
2025/09/12,39.2,39.8,39.2,39.5
2025/09/15,39.6,39.8,39.5,39.7
2025/09/16,39.7,39.7,39.6,39.6
2025/09/17,39.6,39.8,39.5,39.5
2025/09/18,39.5,39.9,39.5,39.8
2025/09/19,40.0,40.8,39.9,40.6
2025/09/22,40.7,40.8,40.3,40.4
2025/09/23,40.4,40.8,40.3,40.3
2025/09/24,40.2,40.2,40.0,40.0
2025/09/25,40.0,40.2,39.8,40.0
2025/09/26,40.0,40.0,39.6,39.6
2025/09/30,39.8,39.8,39.4,39.6
2025/10/01,39.6,39.9,39.6,39.8
2025/10/02,39.8,40.0,39.8,39.9
2025/10/03,40.0,40.0,39.6,39.6
2025/10/07,39.6,39.6,39.2,39.4
2025/10/08,39.3,39.4,39.0,39.2
2025/10/09,39.2,39.5,39.2,39.3
2025/10/13,39.0,39.2,38.4,39.0
2025/10/14,39.0,39.2,39.0,39.2
2025/10/15,39.2,39.2,38.7,38.7
2025/10/16,39.2,39.6,38.8,39.0
2025/10/17,39.2,39.5,39.0,39.0
2025/10/20,39.0,39.2,38.6,38.8
2025/10/21,38.8,38.8,38.6,38.6
2025/10/22,38.6,38.8,38.5,38.8
2025/10/23,38.8,39.3,38.8,39.2
2025/10/27,39.2,39.3,38.8,38.8
2025/10/28,39.0,39.2,38.6,38.8
2025/10/29,38.8,38.8,38.3,38.6
2025/10/30,38.8,39.2,38.6,39.1
2025/10/31,39.1,39.2,38.6,38.7
2025/11/03,38.7,38.8,38.3,38.8
2025/11/04,38.6,38.6,38.3,38.5
2025/11/05,38.4,38.6,38.0,38.6
2025/11/06,38.8,39.4,38.8,39.4
2025/11/07,39.3,40.1,39.3,39.8
2025/11/10,39.8,40.0,39.4,39.8
2025/11/11,39.8,39.8,38.7,38.8
2025/11/12,38.8,39.8,38.8,39.6
2025/11/13,40.0,40.2,39.4,39.4
2025/11/14,38.7,39.1,38.6,38.6
2025/11/17,38.8,38.8,38.0,38.4
2025/11/18,38.4,38.4,37.8,37.8
2025/11/19,38.0,38.0,37.4,37.6
2025/11/20,37.7,37.8,37.6,37.6
2025/11/21,37.8,37.8,37.3,37.4
2025/11/24,37.4,37.6,37.4,37.4
2025/11/25,37.4,37.4,37.0,37.1
2025/11/26,37.0,38.0,37.0,38.0
2025/11/27,37.6,38.0,37.6,37.8
2025/11/28,37.8,38.6,37.8,38.4
2025/12/01,38.4,38.8,38.2,38.2
2025/12/02,38.2,38.4,38.1,38.3
2025/12/03,38.3,38.6,38.2,38.2
2025/12/04,38.3,38.5,38.2,38.2
2025/12/05,38.2,38.4,37.9,38.1
2025/12/08,38.0,38.1,37.6,37.8
2025/12/09,37.8,37.8,37.6,37.6
2025/12/10,37.5,37.6,37.2,37.2
2025/12/11,37.3,37.8,37.2,37.8
2025/12/12,37.8,38.2,37.8,37.9
2025/12/15,38.0,38.5,37.9,38.4
2025/12/16,38.3,38.6,38.2,38.6
2025/12/17,38.6,38.8,38.6,38.6
2025/12/18,38.5,39.2,38.5,39.1
2025/12/19,39.1,39.8,39.1,39.8
2025/12/22,39.8,39.8,39.2,39.4
2025/12/23,39.4,39.4,39.0,39.0
2025/12/24,39.0,39.3,38.8,38.9
2025/12/26,38.9,39.2,38.8,39.1
2025/12/29,39.1,39.8,39.1,39.6
2025/12/30,39.4,39.4,38.8,39.2
2025/12/31,39.0,39.3,38.9,39.2
2026/01/02,39.0,39.4,39.0,39.0
2026/01/05,39.0,39.0,38.6,38.7
2026/01/06,38.7,38.8,38.5,38.6
2026/01/07,38.6,38.8,38.6,38.7
2026/01/08,38.7,39.0,38.7,38.8
2026/01/09,38.8,39.0,38.8,38.8
2026/01/12,38.9,39.3,38.9,39.2
2026/01/13,39.2,39.2,38.4,38.4
2026/01/14,38.4,38.5,38.2,38.2
2026/01/15,38.3,38.4,38.1,38.2
2026/01/16,38.2,38.2,37.9,37.9
2026/01/19,37.8,38.0,37.6,37.7
2026/01/20,37.8,38.0,37.6,37.6
2026/01/21,37.6,37.6,37.4,37.6
2026/01/22,37.6,38.0,37.6,37.8
2026/01/23,37.8,38.2,37.8,38.0
2026/01/26,37.9,38.2,37.9,38.1
2026/01/27,38.1,38.4,37.8,37.8
2026/01/28,37.9,38.0,37.4,37.6
2026/01/29,37.6,37.8,37.5,37.8
2026/01/30,37.7,37.8,37.6,37.6
2026/02/02,37.6,37.6,37.0,37.2
2026/02/03,37.2,37.4,37.1,37.4
2026/02/04,37.4,37.7,37.4,37.7
2026/02/05,37.6,38.0,37.6,37.8
2026/02/06,37.8,37.8,37.2,37.4
2026/02/09,37.4,37.6,37.4,37.6
2026/02/10,37.3,37.4,37.2,37.4
2026/02/11,37.4,37.4,37.0,37.4
2026/02/23,37.4,38.0,37.3,37.8
2026/02/24,38.0,38.3,38.0,38.2
2026/02/25,38.4,38.4,38.0,38.2
2026/02/26,38.2,38.4,38.0,38.2
2026/03/02,38.2,38.2,37.8,38.0
2026/03/03,38.0,38.0,37.7,38.0
2026/03/04,38.0,38.0,37.3,37.4
2026/03/05,37.4,37.7,37.2,37.5
2026/03/06,37.4,37.4,37.0,37.3
2026/03/09,36.9,36.9,36.0,36.4
2026/03/10,36.7,36.7,36.1,36.2
2026/03/11,36.2,36.2,35.8,36.2
2026/03/12,36.0,36.2,35.5,35.8
2026/03/13,35.6,35.8,35.6,35.6
2026/03/16,35.6,36.0,35.6,35.7
2026/03/17,35.8,36.2,35.8,36.2
2026/03/18,36.2,36.3,36.0,36.2
2026/03/19,36.0,36.0,35.6,35.6
2026/03/20,35.6,35.7,35.5,35.6
2026/03/23,35.3,35.4,35.0,35.2
2026/03/24,35.3,35.3,35.1,35.2
2026/03/25,35.6,35.8,35.4,35.8
2026/03/26,35.8,36.0,35.6,36.0
2026/03/27,36.0,36.1,35.9,36.0
2026/03/30,35.5,36.2,35.5,36.0
2026/03/31,36.0,36.8,36.0,36.4
2026/04/01,36.4,36.7,36.4,36.6
2026/04/02,36.6,36.6,36.2,36.3
2026/04/07,36.3,36.3,36.0,36.2
2026/04/08,36.2,36.4,36.2,36.4
2026/04/09,36.3,36.3,36.0,36.2
2026/04/10,36.2,36.4,36.1,36.1
2026/04/13,36.1,36.4,36.1,36.2
2026/04/14,36.3,36.6,36.3,36.4
2026/04/15,36.4,38.0,36.3,37.0
2026/04/16,37.2,37.2,36.8,37.0
2026/04/20,36.7,36.8,36.0,36.2
2026/04/21,36.2,36.3,36.0,36.2
2026/04/22,36.2,36.2,36.0,36.0
2026/04/23,36.0,36.0,35.7,35.8
2026/04/24,35.8,36.0,35.8,35.8
2026/04/27,35.8,35.8,35.5,35.6
2026/04/28,35.8,35.8,35.4,35.4
2026/04/29,35.4,35.4,35.3,35.4
2026/04/30,35.4,35.4,35.0,35.1
2026/05/04,35.2,35.2,35.0,35.0
2026/05/05,35.1,35.1,34.8,34.8
2026/05/06,34.8,34.8,34.5,34.6
2026/05/07,34.6,34.6,34.4,34.4
2026/05/08,34.6,34.6,34.2,34.4
2026/05/11,34.4,34.4,34.0,34.2
2026/05/12,34.1,34.1,33.7,33.8
2026/05/13,33.6,33.6,33.1,33.3
2026/05/14,33.3,33.8,33.2,33.5
2026/05/15,33.0,33.0,32.4,32.9
2026/05/18,32.9,32.9,32.2,32.5
2026/05/19,32.5,33.2,32.4,32.7
2026/05/20,32.8,33.0,32.6,33.0
2026/05/21,33.0,33.4,32.9,33.4
2026/05/22,33.4,33.4,33.0,33.2
2026/05/25,33.3,33.3,32.7,32.9
2026/05/26,32.8,33.2,32.8,33.0
2026/05/27,33.1,33.1,32.8,32.9
2026/05/28,31.5,31.5,31.0,31.2
2026/05/29,31.0,31.3,31.0,31.2
2026/06/01,31.1,31.2,30.6,30.8
2026/06/02,30.9,31.2,30.6,31.2
2026/06/03,31.2,31.4,31.0,31.4
2026/06/04,31.4,31.4,31.2,31.2
2026/06/05,31.2,31.4,31.1,31.4
2026/06/08,30.8,31.0,30.2,30.8
2026/06/09,30.8,31.4,30.8,31.2
2026/06/10,31.0,31.5,31.0,31.4
2026/06/11,31.4,31.4,31.2,31.4
2026/06/12,31.6,31.8,31.4,31.6
2026/06/15,31.8,31.8,31.5,31.5
2026/06/16,31.5,31.6,31.4,31.6
2026/06/17,31.6,31.6,31.4,31.4
2026/06/18,31.5,31.8,31.5,31.8
2026/06/22,31.8,31.8,31.2,31.4
2026/06/23,31.4,31.6,31.4,31.5
2026/06/24,31.5,31.7,31.4,31.6
2026/06/25,31.6,31.8,31.6,31.6
2026/06/26,31.5,31.7,31.2,31.2
2026/06/29,31.3,31.6,31.3,31.5
2026/06/30,31.5,31.7,31.4,31.5
2026/07/01,31.6,31.6,31.4,31.4
2026/07/02,31.6,31.6,31.4,31.5
2026/07/03,31.6,32.7,31.6,32.6
2026/07/06,33.4,34.2,33.4,33.8
2026/07/07,33.8,34.0,33.2,33.4
2026/07/08,33.4,33.6,33.2,33.2
2026/07/09,33.6,33.6,32.6,32.6
2026/07/13,32.6,32.9,32.6,32.7
2026/07/14,32.8,32.8,32.4,32.8
2026/07/15,33.0,34.0,33.0,33.8
2026/07/16,33.9,33.9,33.5,33.6
2026/07/17,33.6,34.1,33.5,33.9
2026/07/20,34.2,34.2,33.4,33.9
2026/07/21,33.9,34.2,33.9,34.0
2026/07/22,34.0,34.2,33.4,33.5
2026/07/23,33.6,33.6,33.2,33.2
2026/07/24,33.3,33.4,33.2,33.4
2026/07/27,33.6,33.6,33.2,33.3
2026/07/28,33.1,33.4,33.0,33.4
2026/07/29,33.4,34.2,33.2,34.0
2026/07/30,33.8,34.2,33.8,34.2
2026/07/31,34.2,34.5,33.7,33.8
2026/08/03,33.8,33.8,33.1,33.2
2026/08/04,33.0,33.4,33.0,33.4
