Date,Open,High,Low,Close
2005/06/30,18.4,18.6,18.0,18.6
2005/07/04,18.7,19.1,18.7,19.0
2005/07/05,19.3,19.3,18.7,18.8
2005/07/06,18.7,18.9,18.5,18.6
2005/07/07,18.6,19.4,18.6,18.9
2005/07/11,20.4,20.6,20.1,20.5
2005/07/12,20.7,21.5,20.7,21.1
2005/07/13,21.1,21.2,20.8,21.0
2005/07/14,21.0,21.3,20.9,20.9
2005/07/18,20.9,20.9,20.6,20.6
2005/07/19,20.7,21.3,20.7,20.7
2005/07/20,20.8,21.1,20.6,20.6
2005/07/21,20.6,20.6,19.5,19.5
2005/07/25,20.1,20.1,19.5,19.5
2005/07/26,19.5,19.6,19.0,19.0
2005/07/27,19.1,19.5,19.1,19.3
2005/07/28,19.2,19.2,18.0,18.1
2005/08/01,18.1,18.5,18.0,18.3
2005/08/02,18.4,18.9,18.4,18.8
2005/08/03,18.9,19.2,18.7,19.0
2005/08/08,18.7,19.5,18.7,19.5
2005/08/09,19.6,19.8,19.1,19.3
2005/08/10,19.3,19.5,19.0,19.0
2005/08/11,19.3,19.3,18.7,18.7
2005/08/15,17.8,18.1,17.7,18.1
2005/08/16,18.0,18.1,17.8,17.8
2005/08/17,17.9,18.1,17.7,17.8
2005/08/18,17.2,17.5,16.6,16.6
2005/08/22,16.3,16.3,15.8,16.2
2005/08/23,15.7,15.8,15.5,15.5
2005/08/24,15.9,16.0,15.4,15.6
2005/08/25,14.5,15.0,14.5,14.9
2005/08/29,14.8,15.1,14.8,14.9
2005/08/30,15.0,15.0,14.4,14.6
2005/09/01,14.9,15.4,14.8,15.4
2005/09/05,15.5,15.5,15.2,15.2
2005/09/06,15.4,15.4,15.2,15.2
2005/09/07,15.3,15.4,14.8,14.8
2005/09/08,14.9,15.3,14.8,15.0
2005/09/12,15.3,15.3,14.9,14.9
2005/09/13,14.9,15.1,14.9,14.9
2005/09/14,15.0,15.0,14.4,14.6
2005/09/15,14.6,14.9,14.6,14.7
2005/09/19,14.9,15.4,14.7,15.3
2005/09/20,15.3,15.5,15.0,15.1
2005/09/21,14.9,15.1,14.8,14.8
2005/09/22,14.9,15.0,14.5,14.7
2005/09/26,14.8,14.9,14.6,14.6
2005/09/27,14.6,14.8,14.5,14.6
2005/09/28,14.6,15.3,14.6,15.3
2005/09/29,15.4,15.7,15.3,15.4
2005/10/03,15.5,16.3,15.4,16.3
2005/10/04,16.5,17.0,16.2,16.4
2005/10/05,16.3,16.9,16.0,16.5
2005/10/06,16.6,16.7,16.2,16.3
2005/10/10,16.3,16.3,15.6,15.6
2005/10/11,15.6,15.8,15.1,15.2
2005/10/12,15.2,15.5,15.2,15.3
2005/10/13,15.5,15.6,15.3,15.3
2005/10/17,14.6,15.1,14.6,14.9
2005/10/18,14.7,14.7,14.0,14.0
2005/10/19,14.1,14.4,13.4,13.9
2005/10/20,13.5,13.9,13.5,13.7
2005/10/24,14.2,14.2,13.8,13.9
2005/10/25,13.9,13.9,13.4,13.4
2005/10/26,13.4,13.7,13.1,13.4
2005/10/27,13.2,13.4,12.7,12.8
2005/10/31,13.3,13.4,13.1,13.1
2005/11/01,13.2,13.9,13.2,13.7
2005/11/02,13.9,13.9,13.6,13.7
2005/11/03,14.0,14.2,13.7,13.8
2005/11/07,13.4,13.5,13.3,13.3
2005/11/08,13.3,13.7,13.2,13.7
2005/11/09,13.8,14.1,13.7,13.8
2005/11/10,14.0,14.3,14.0,14.1
2005/11/14,14.2,14.4,14.1,14.1
2005/11/15,14.1,14.4,14.0,14.1
2005/11/16,14.2,14.2,13.9,13.9
2005/11/17,14.1,14.5,14.1,14.2
2005/11/21,14.2,14.8,14.2,14.6
2005/11/22,14.8,14.9,14.4,14.4
2005/11/23,14.6,14.8,14.4,14.4
2005/11/24,14.5,14.6,14.3,14.3
2005/11/28,14.5,14.7,14.4,14.4
2005/11/29,14.4,14.8,14.4,14.8
2005/11/30,14.9,15.1,14.6,14.7
2005/12/01,14.9,15.0,14.5,14.5
2005/12/05,14.8,15.1,14.6,15.0
2005/12/06,15.0,15.6,15.0,15.2
2005/12/07,15.2,15.4,15.0,15.1
2005/12/08,15.0,15.3,14.9,15.1
2005/12/12,15.3,15.7,15.2,15.3
2005/12/13,15.4,15.8,15.3,15.3
2005/12/14,15.4,15.6,15.3,15.4
2005/12/15,15.6,15.6,15.2,15.3
2005/12/19,15.5,15.9,15.5,15.6
2005/12/20,15.7,15.8,15.6,15.6
2005/12/21,15.7,15.7,15.4,15.4
2005/12/22,15.6,15.6,15.5,15.5
2005/12/26,15.6,15.7,15.5,15.7
2005/12/27,15.7,16.0,15.6,15.7
2005/12/28,15.8,16.0,15.6,15.6
2005/12/29,15.7,15.9,15.6,15.6
2006/01/02,15.3,15.5,15.1,15.3
2006/01/03,15.5,15.8,15.4,15.5
2006/01/04,15.5,16.3,15.5,16.3
2006/01/05,16.3,16.5,15.8,15.8
2006/01/09,16.3,17.1,16.1,17.1
2006/01/10,17.1,17.2,16.6,17.1
2006/01/11,17.1,17.5,16.4,16.4
2006/01/13,16.7,16.7,16.0,16.0
2006/01/16,16.0,16.1,15.8,15.8
2006/01/17,15.9,16.2,15.8,15.9
2006/01/18,15.6,15.7,14.9,15.0
2006/01/19,15.3,15.7,15.2,15.7
2006/01/20,15.7,15.8,15.2,15.3
2006/01/23,14.8,15.1,14.8,14.8
2006/01/24,14.9,15.6,14.9,15.6
2006/01/25,15.7,15.7,15.4,15.4
2006/02/02,15.6,16.0,15.6,15.7
2006/02/03,15.5,15.7,15.3,15.3
2006/02/06,15.3,15.5,15.1,15.4
2006/02/07,15.5,15.9,15.4,15.6
2006/02/08,15.6,15.7,15.4,15.5
2006/02/09,15.6,15.7,15.3,15.3
2006/02/13,15.1,15.5,15.0,15.0
2006/02/14,15.1,15.2,14.9,15.1
2006/02/15,15.1,15.5,15.1,15.3
2006/02/16,15.6,15.8,15.5,15.6
2006/02/17,15.8,16.0,15.6,15.6
2006/02/20,15.6,15.6,15.3,15.3
2006/02/21,15.3,15.5,15.1,15.1
2006/02/22,15.1,15.3,14.8,14.8
2006/02/23,14.8,14.9,14.4,14.4
2006/02/24,14.4,14.7,14.3,14.7
2006/02/27,14.4,14.6,14.3,14.4
2006/03/01,14.3,14.6,14.3,14.6
2006/03/02,14.8,14.9,14.6,14.6
2006/03/03,14.6,14.7,14.4,14.4
2006/03/06,14.5,14.7,14.4,14.6
2006/03/07,14.2,14.2,14.2,14.2
2006/03/08,14.2,14.4,13.9,14.0
2006/03/10,14.0,14.1,13.9,14.0
2006/03/13,14.2,14.5,14.1,14.3
2006/03/14,14.3,14.6,14.2,14.2
2006/03/15,14.4,14.4,14.0,14.1
2006/03/16,14.1,14.2,14.0,14.0
2006/03/17,13.9,14.0,13.6,13.7
2006/03/20,13.9,13.9,13.7,13.7
2006/03/21,13.7,13.9,13.7,13.7
2006/03/22,13.5,13.9,13.4,13.7
2006/03/23,13.8,13.8,13.4,13.4
2006/03/24,13.4,13.5,13.2,13.3
2006/03/27,13.4,13.4,13.0,13.2
2006/03/28,13.2,13.4,13.0,13.2
2006/03/29,13.2,13.5,13.1,13.3
2006/03/30,13.5,13.5,13.3,13.4
2006/03/31,13.4,13.6,13.4,13.5
2006/04/03,13.5,13.7,13.5,13.6
2006/04/04,13.6,14.0,13.5,13.9
2006/04/06,13.9,14.1,13.9,14.1
2006/04/07,14.1,14.1,13.8,13.9
2006/04/10,13.9,13.9,13.7,13.7
2006/04/11,13.7,13.9,13.6,13.7
2006/04/12,13.7,13.9,13.6,13.7
2006/04/13,13.7,13.9,13.7,13.8
2006/04/14,13.8,14.1,13.8,14.1
2006/04/17,14.1,14.4,14.0,14.3
2006/04/18,14.3,14.3,14.1,14.2
2006/04/19,14.4,14.5,14.2,14.2
2006/04/20,14.3,14.4,14.2,14.2
2006/04/21,14.2,14.6,14.2,14.3
2006/04/24,14.2,14.3,13.9,14.0
2006/04/25,14.0,14.2,13.9,13.9
2006/04/26,13.9,14.3,13.9,14.3
2006/04/27,14.3,14.3,13.9,13.9
2006/04/28,13.9,14.0,13.9,13.9
2006/05/02,13.9,14.1,13.7,13.8
2006/05/03,13.8,14.0,13.7,13.7
2006/05/04,13.8,14.1,13.8,13.9
2006/05/05,14.0,14.3,13.9,14.2
2006/05/08,14.4,14.5,14.2,14.3
2006/05/09,14.3,14.5,14.1,14.1
2006/05/10,14.2,14.4,14.1,14.2
2006/05/11,14.2,14.3,14.1,14.1
2006/05/12,14.1,14.2,13.9,13.9
2006/05/15,13.9,13.9,13.6,13.6
2006/05/16,13.6,13.8,13.5,13.5
2006/05/17,13.5,13.7,13.5,13.5
2006/05/18,13.5,13.5,13.3,13.4
2006/05/19,13.5,13.7,13.4,13.5
2006/05/22,13.6,14.4,13.6,14.2
2006/05/23,14.7,15.2,14.2,14.7
2006/05/24,15.2,15.2,14.1,14.4
2006/05/25,14.4,14.6,14.2,14.2
2006/05/26,14.4,14.5,13.7,13.7
2006/05/29,13.9,14.2,13.8,14.1
2006/05/30,14.2,14.3,14.1,14.1
2006/06/01,15.1,15.1,15.1,15.1
2006/06/02,16.1,16.1,15.4,15.6
2006/06/05,15.6,16.0,15.5,15.6
2006/06/06,15.6,15.8,14.5,15.2
2006/06/07,15.1,15.1,14.5,14.5
2006/06/08,14.3,14.3,13.6,13.6
2006/06/09,13.8,13.8,13.0,13.6
2006/06/12,13.3,13.5,13.2,13.2
2006/06/13,13.1,13.6,13.0,13.4
2006/06/14,13.4,13.7,13.3,13.7
2006/06/15,14.1,14.3,13.9,13.9
2006/06/16,14.3,14.3,13.8,13.9
2006/06/19,13.9,14.1,13.9,13.9
2006/06/20,14.0,14.2,13.5,13.9
2006/06/21,13.9,14.0,13.4,13.5
2006/06/22,13.6,14.0,13.6,13.9
2006/06/23,13.7,13.9,13.5,13.6
2006/06/26,13.7,14.0,13.7,13.9
2006/06/27,13.9,14.2,13.9,14.0
2006/06/28,13.9,14.2,13.8,14.1
2006/06/29,14.2,14.3,14.1,14.2
2006/06/30,14.4,14.6,14.2,14.3
2006/07/03,14.5,14.6,14.2,14.4
2006/07/04,14.5,14.6,14.2,14.2
2006/07/05,14.1,14.2,13.9,13.9
2006/07/06,13.8,14.3,13.7,14.1
2006/07/07,14.1,14.2,13.9,13.9
2006/07/10,14.0,14.1,13.9,14.0
2006/07/11,14.1,14.2,13.9,14.0
2006/07/12,14.1,14.2,14.0,14.0
2006/07/13,13.9,14.0,13.9,13.9
2006/07/14,13.7,13.9,13.6,13.6
2006/07/17,14.0,14.2,13.6,13.7
2006/07/18,13.9,14.1,13.7,13.8
2006/07/19,13.9,13.9,13.6,13.6
2006/07/20,13.9,14.0,13.8,13.9
2006/07/21,13.9,14.1,13.8,13.9
2006/07/24,13.8,13.9,13.7,13.7
2006/07/25,13.9,14.0,13.8,13.8
2006/07/26,13.9,14.0,13.8,13.9
2006/07/27,14.0,14.3,13.9,14.2
2006/07/28,14.2,14.3,14.1,14.1
2006/07/31,14.2,14.3,14.0,14.0
2006/08/01,14.0,14.1,13.9,14.0
2006/08/02,13.9,14.1,13.8,14.1
2006/08/03,14.1,14.2,14.0,14.0
2006/08/04,14.0,14.6,14.0,14.3
2006/08/07,14.2,14.3,14.0,14.1
2006/08/08,14.2,14.2,14.0,14.1
2006/08/09,14.2,14.4,14.1,14.2
2006/08/10,14.1,14.4,14.1,14.2
2006/08/11,14.3,14.5,14.2,14.3
2006/08/14,14.3,14.4,14.3,14.3
2006/08/15,14.4,14.4,14.2,14.3
2006/08/16,14.5,14.8,14.4,14.5
2006/08/17,14.6,14.7,14.4,14.4
2006/08/18,14.4,14.5,14.3,14.3
2006/08/21,14.3,14.3,13.3,13.4
2006/08/22,13.4,13.7,13.4,13.6
2006/08/23,13.6,13.7,13.3,13.7
2006/08/24,13.7,13.7,13.6,13.6
2006/08/25,13.7,13.7,13.5,13.5
2006/08/28,13.5,13.5,13.0,13.1
2006/08/29,13.1,13.3,13.1,13.2
2006/08/30,13.3,13.6,13.3,13.6
2006/08/31,13.7,13.7,13.3,13.3
2006/09/01,13.4,13.8,13.4,13.7
2006/09/04,13.8,14.0,13.8,13.9
2006/09/05,13.8,14.2,13.7,14.1
2006/09/06,14.1,14.1,13.8,13.9
2006/09/07,13.7,13.8,13.7,13.7
2006/09/08,13.8,13.9,13.7,13.7
2006/09/11,13.8,14.0,13.8,13.9
2006/09/12,13.9,13.9,13.7,13.7
2006/09/13,13.8,13.9,13.5,13.6
2006/09/14,13.7,13.9,13.2,13.4
2006/09/15,13.4,13.5,13.3,13.5
2006/09/18,13.7,14.1,13.7,14.0
2006/09/19,14.0,14.1,13.9,14.0
2006/09/20,13.9,14.1,13.9,14.0
2006/09/21,14.2,14.2,13.9,13.9
2006/09/22,13.9,14.0,13.9,14.0
2006/09/25,14.1,14.2,14.0,14.2
2006/09/26,14.3,14.6,14.2,14.4
2006/09/27,14.6,14.6,14.4,14.5
2006/09/28,14.5,14.8,14.3,14.4
2006/09/29,14.4,14.6,14.3,14.3
2006/10/02,14.3,14.5,14.3,14.4
2006/10/03,14.4,14.4,14.2,14.3
2006/10/04,14.3,14.4,14.1,14.1
2006/10/05,14.2,14.3,14.1,14.1
2006/10/10,14.1,14.1,14.1,14.1
2006/10/11,14.2,14.6,14.0,14.6
2006/10/12,14.6,14.9,14.6,14.6
2006/10/13,14.9,15.0,14.6,14.6
2006/10/16,14.8,15.0,14.8,14.9
2006/10/17,14.9,15.1,14.8,14.8
2006/10/18,14.8,14.8,14.5,14.5
2006/10/19,14.3,14.6,14.3,14.4
2006/10/20,14.4,14.5,14.4,14.5
2006/10/23,14.5,14.7,14.3,14.5
2006/10/24,14.6,14.8,14.6,14.7
2006/10/25,14.7,14.9,14.6,14.8
2006/10/26,14.9,15.1,14.8,15.0
2006/10/27,14.9,16.0,14.9,15.6
2006/10/30,15.7,16.1,15.6,15.8
2006/10/31,15.8,15.9,15.3,15.4
2006/11/01,15.4,15.6,15.4,15.4
2006/11/02,15.4,15.6,15.3,15.6
2006/11/03,15.6,15.9,15.6,15.7
2006/11/06,15.1,15.5,15.0,15.3
2006/11/07,15.5,15.6,15.3,15.4
2006/11/08,15.5,15.6,15.4,15.4
2006/11/09,15.6,15.8,15.2,15.3
2006/11/10,15.3,15.5,15.3,15.3
2006/11/13,15.3,15.6,15.2,15.3
2006/11/14,15.3,15.8,15.3,15.7
2006/11/15,15.9,16.0,15.6,15.7
2006/11/16,15.8,16.8,15.8,16.8
2006/11/17,17.1,17.2,16.7,16.7
2006/11/20,16.9,17.1,16.4,16.9
2006/11/21,17.1,17.6,17.1,17.4
2006/11/22,17.6,18.6,17.6,18.6
2006/11/23,19.0,19.9,19.0,19.6
2006/11/24,19.7,20.3,19.4,20.1
2006/11/27,20.1,21.2,19.6,20.9
2006/11/28,20.5,20.8,20.2,20.4
2006/11/29,20.9,21.9,20.9,21.9
2006/11/30,22.0,22.8,21.4,22.5
2006/12/01,22.5,22.7,22.0,22.1
2006/12/04,22.1,22.3,21.3,21.5
2006/12/05,21.8,21.8,20.4,20.6
2006/12/06,20.7,21.9,20.6,21.7
2006/12/07,21.8,21.8,21.0,21.2
2006/12/08,21.2,21.7,20.7,21.3
2006/12/11,21.3,22.2,21.3,21.9
2006/12/12,21.7,21.9,21.2,21.3
2006/12/13,21.4,22.2,21.2,22.2
2006/12/14,22.6,22.8,21.8,21.9
2006/12/15,22.5,22.5,21.6,21.6
2006/12/18,21.6,22.6,21.6,22.5
2006/12/19,22.6,23.5,22.1,23.2
2006/12/20,23.2,23.6,22.7,22.8
2006/12/21,22.9,23.2,22.0,22.2
2006/12/22,22.1,22.3,21.6,22.2
2006/12/25,22.4,23.0,22.2,22.3
2006/12/26,22.3,22.6,22.0,22.1
2006/12/27,22.2,22.3,21.8,21.8
2006/12/28,21.8,22.0,21.6,21.7
2006/12/29,21.6,22.4,21.6,22.4
2007/01/01,22.4,22.4,22.4,22.4
2007/01/02,22.3,22.3,21.9,21.9
2007/01/03,21.9,22.0,20.7,20.7
2007/01/04,20.7,21.6,20.7,21.2
2007/01/05,21.2,21.9,21.2,21.7
2007/01/08,21.9,22.6,21.7,21.9
2007/01/09,22.2,22.6,21.9,22.2
2007/01/10,22.2,22.6,21.8,21.9
2007/01/11,22.1,22.5,21.3,21.7
2007/01/12,21.9,22.6,21.9,22.0
2007/01/15,22.4,22.6,22.0,22.0
2007/01/16,22.1,22.3,21.6,21.6
2007/01/17,21.6,22.0,21.4,21.8
2007/01/18,22.1,22.7,21.9,22.6
2007/01/19,22.8,23.5,22.3,22.5
2007/01/22,22.5,22.8,22.1,22.1
2007/01/23,22.1,22.6,22.1,22.1
2007/01/24,22.5,22.8,22.3,22.5
2007/01/25,22.9,22.9,22.3,22.3
2007/01/26,22.3,22.6,22.3,22.5
2007/01/29,22.6,22.6,21.8,21.8
2007/01/30,21.8,21.8,21.4,21.4
2007/01/31,21.4,21.6,20.6,20.9
2007/02/01,21.2,21.4,21.1,21.3
2007/02/02,21.6,21.9,21.4,21.9
2007/02/05,22.0,22.2,21.5,21.8
2007/02/06,21.9,21.9,21.5,21.8
2007/02/07,21.9,22.2,21.6,21.6
2007/02/08,21.6,21.8,21.4,21.5
2007/02/09,21.5,21.5,21.3,21.3
2007/02/12,20.9,21.3,20.8,21.0
2007/02/13,21.0,21.3,21.0,21.1
2007/02/14,21.1,21.3,21.0,21.2
2007/02/26,21.5,21.6,21.2,21.2
2007/02/27,21.3,21.6,20.9,21.6
2007/03/01,20.7,21.2,20.7,20.9
2007/03/02,20.9,21.1,20.8,21.0
2007/03/05,20.0,20.0,18.8,18.8
2007/03/06,18.6,19.0,18.1,18.6
2007/03/07,18.8,19.0,18.1,18.2
2007/03/08,18.2,18.5,18.2,18.4
2007/03/09,18.6,19.3,18.4,19.0
2007/03/12,19.0,19.5,18.8,19.5
2007/03/13,19.7,20.0,19.5,19.5
2007/03/14,18.6,19.0,18.6,18.8
2007/03/15,19.2,19.7,19.0,19.7
2007/03/16,20.2,21.0,19.9,20.7
2007/03/20,20.6,20.8,20.0,20.0
2007/03/21,20.3,20.4,20.0,20.2
2007/03/22,20.5,20.7,20.3,20.3
2007/03/23,20.4,20.5,19.7,20.0
2007/03/26,20.0,20.5,19.7,19.7
2007/03/27,19.7,19.7,18.8,19.0
2007/03/28,19.0,19.2,18.9,19.2
2007/03/29,19.2,19.3,19.0,19.2
2007/03/30,19.3,20.3,19.3,19.9
2007/04/02,20.0,20.1,19.4,19.4
2007/04/03,19.5,20.3,19.5,20.0
2007/04/04,20.2,20.3,19.7,19.7
2007/04/09,20.0,20.0,19.7,19.7
2007/04/10,19.7,19.9,19.5,19.7
2007/04/11,19.9,20.0,19.9,19.9
2007/04/12,19.9,20.0,19.7,20.0
2007/04/13,20.0,20.4,20.0,20.2
2007/04/16,20.7,21.0,20.2,20.2
2007/04/17,20.4,20.5,19.6,19.7
2007/04/18,19.7,20.2,19.7,20.2
2007/04/19,19.9,20.2,19.7,19.7
2007/04/20,19.7,20.0,19.7,20.0
2007/04/23,20.4,20.4,19.8,19.8
2007/04/24,19.9,20.2,19.8,19.9
2007/04/25,19.9,20.1,19.8,19.8
2007/04/26,20.1,21.2,20.0,21.2
2007/04/27,21.3,21.6,20.8,20.9
2007/04/30,21.3,21.6,20.8,21.3
2007/05/02,21.3,21.5,20.9,20.9
2007/05/03,21.2,21.3,20.0,20.3
2007/05/04,20.6,21.1,20.5,20.8
2007/05/07,21.0,21.6,20.9,21.4
2007/05/08,21.4,21.5,21.0,21.3
2007/05/09,21.2,22.4,21.2,21.7
2007/05/10,21.9,22.3,21.7,21.9
2007/05/11,21.6,22.2,21.6,21.8
2007/05/14,21.9,21.9,21.1,21.1
2007/05/15,21.0,21.3,20.7,20.8
2007/05/16,20.8,21.1,20.6,20.7
2007/05/17,20.8,20.9,20.7,20.7
2007/05/18,21.0,21.0,20.2,20.3
2007/05/21,20.3,20.6,20.0,20.5
2007/05/22,20.5,20.7,20.4,20.7
2007/05/23,20.8,20.9,20.5,20.5
2007/05/24,20.6,20.6,20.4,20.4
2007/05/25,20.5,20.7,20.2,20.4
2007/05/28,20.5,20.7,20.5,20.6
2007/05/29,20.7,20.7,20.4,20.4
2007/05/30,20.5,21.0,20.4,20.8
2007/05/31,20.9,21.3,20.7,20.8
2007/06/01,21.1,21.6,21.0,21.6
2007/06/04,21.8,21.9,21.3,21.5
2007/06/05,21.6,21.8,21.2,21.2
2007/06/06,21.3,21.4,20.8,20.8
2007/06/07,20.8,21.0,20.7,20.8
2007/06/08,20.7,20.8,20.6,20.6
2007/06/11,20.8,21.3,20.8,21.3
2007/06/12,21.5,21.9,21.2,21.8
2007/06/13,21.9,22.3,21.6,21.8
2007/06/14,22.0,22.4,21.7,21.8
2007/06/15,21.9,22.2,21.9,21.9
2007/06/20,22.0,22.5,21.9,22.1
2007/06/21,22.2,22.6,22.1,22.3
2007/06/22,22.5,22.6,22.1,22.3
2007/06/25,22.1,22.2,21.6,21.6
2007/06/26,21.7,21.7,21.2,21.2
2007/06/27,21.2,21.5,21.1,21.3
2007/06/28,21.3,21.6,21.3,21.4
2007/06/29,21.5,21.9,20.9,21.2
2007/07/02,21.3,21.4,21.0,21.4
2007/07/03,21.6,22.0,21.6,21.8
2007/07/04,22.0,22.3,21.8,21.8
2007/07/05,21.8,21.9,21.5,21.7
2007/07/06,21.7,22.9,21.6,22.7
2007/07/09,23.1,23.6,22.7,23.5
2007/07/10,23.9,24.5,23.2,24.1
2007/07/11,23.6,24.1,23.4,23.4
2007/07/12,23.6,24.0,23.4,23.5
2007/07/13,23.9,24.0,23.2,23.2
2007/07/16,23.2,23.8,23.2,23.3
2007/07/17,23.5,23.7,23.1,23.5
2007/07/18,23.8,25.1,23.7,24.9
2007/07/19,25.1,26.1,25.1,25.2
2007/07/20,25.9,26.4,25.5,25.9
2007/07/23,26.7,27.2,26.4,26.7
2007/07/24,27.1,27.4,25.5,25.8
2007/07/25,25.3,25.9,25.1,25.9
2007/07/26,26.3,27.7,26.3,26.5
2007/07/27,26.4,28.3,26.3,28.3
2007/07/30,28.3,28.7,26.8,26.9
2007/07/31,27.4,27.6,26.2,26.6
2007/08/01,26.4,27.9,25.1,25.1
2007/08/02,26.3,26.8,24.4,26.8
2007/08/03,27.7,28.6,27.0,27.2
2007/08/06,26.2,27.0,25.9,26.4
2007/08/07,27.0,27.0,25.5,25.5
2007/08/08,25.8,26.7,25.7,26.3
2007/08/09,26.5,27.3,26.5,27.3
2007/08/10,26.9,28.4,26.9,28.4
2007/08/13,29.1,30.4,28.8,30.2
2007/08/14,30.7,32.2,30.2,31.5
2007/08/15,31.5,32.0,29.3,29.5
2007/08/16,28.9,31.0,28.9,29.5
2007/08/17,31.0,31.4,29.3,30.9
2007/08/20,33.0,33.0,32.2,33.0
2007/08/21,33.3,34.3,32.5,33.1
2007/08/22,33.2,33.4,31.6,32.6
2007/08/23,33.4,34.2,31.7,31.7
2007/08/24,32.1,32.8,31.9,32.1
2007/08/27,32.5,32.5,30.8,31.0
2007/08/28,30.7,32.5,30.7,32.5
2007/08/29,31.6,32.1,31.4,31.8
2007/08/30,32.8,32.8,31.1,31.2
2007/08/31,31.4,31.9,31.2,31.3
2007/09/03,31.3,33.2,31.3,32.6
2007/09/04,33.2,33.4,32.3,32.6
2007/09/05,32.9,33.7,31.9,31.9
2007/09/06,32.1,33.4,32.0,33.1
2007/09/07,33.2,33.8,32.3,32.4
2007/09/10,31.4,32.0,30.3,31.1
2007/09/11,31.1,31.5,30.5,30.7
2007/09/12,31.0,31.4,30.3,30.3
2007/09/13,30.6,31.0,30.2,30.3
2007/09/14,30.8,30.8,30.2,30.4
2007/09/17,30.5,30.7,29.9,29.9
2007/09/19,30.7,30.7,28.4,28.4
2007/09/20,29.1,29.7,28.4,28.5
2007/09/21,28.8,30.0,28.7,30.0
2007/09/26,30.6,30.6,29.9,30.2
2007/09/27,30.2,30.8,30.2,30.8
2007/09/28,30.9,31.3,30.2,30.2
2007/10/01,30.2,30.6,29.9,30.1
2007/10/02,30.3,30.5,29.9,29.9
2007/10/03,29.9,30.0,28.7,28.8
2007/10/04,28.4,29.4,27.5,29.4
2007/10/05,29.4,29.4,28.3,28.4
2007/10/08,28.8,28.8,27.7,27.7
2007/10/09,27.7,27.9,26.6,27.0
2007/10/11,27.5,28.8,27.5,28.6
2007/10/12,28.4,28.4,27.1,27.3
2007/10/15,27.5,27.5,26.7,26.7
2007/10/16,26.3,27.2,26.1,27.1
2007/10/17,27.2,27.8,26.8,27.8
2007/10/18,27.9,28.6,27.9,28.4
2007/10/19,28.4,28.5,27.9,27.9
2007/10/22,26.6,27.4,26.2,27.0
2007/10/23,27.2,27.7,27.2,27.5
2007/10/24,27.9,27.9,27.0,27.0
2007/10/25,27.2,27.7,27.2,27.7
2007/10/26,28.3,29.7,28.3,29.7
2007/10/29,30.3,31.7,30.1,31.7
2007/10/30,31.9,32.2,30.7,31.0
2007/10/31,31.0,32.4,31.0,31.4
2007/11/01,32.1,32.2,30.8,31.7
2007/11/02,31.0,31.6,30.7,30.7
2007/11/05,30.7,31.4,30.0,31.1
2007/11/06,31.1,32.2,30.6,32.2
2007/11/07,32.4,32.5,30.6,30.6
2007/11/08,29.0,29.3,28.5,28.5
2007/11/09,28.5,28.8,26.5,27.3
2007/11/12,26.1,27.0,26.1,26.5
2007/11/13,26.5,27.0,26.2,27.0
2007/11/14,28.0,28.8,27.6,28.3
2007/11/15,28.0,28.4,27.8,28.2
2007/11/16,27.5,28.0,27.2,27.7
2007/11/19,28.3,28.3,27.5,27.5
2007/11/20,26.7,28.3,26.7,28.3
2007/11/21,28.3,28.8,27.0,27.0
2007/11/22,26.6,27.9,26.6,27.8
2007/11/23,28.1,28.2,26.7,26.7
2007/11/26,27.1,27.2,26.8,27.2
2007/11/27,26.6,26.7,25.3,26.1
2007/11/28,26.4,27.0,26.3,26.6
2007/11/29,27.1,27.3,26.7,26.9
2007/11/30,27.2,27.4,26.0,26.0
2007/12/03,26.4,26.4,26.4,26.4
2007/12/04,26.5,27.0,26.4,26.9
2007/12/05,26.8,26.9,26.4,26.4
2007/12/06,26.9,27.3,26.2,26.2
2007/12/07,26.6,26.9,26.5,26.6
2007/12/10,26.6,26.7,26.2,26.4
2007/12/11,26.6,26.7,26.2,26.3
2007/12/12,25.6,26.0,25.5,25.7
2007/12/13,25.7,25.9,23.9,23.9
2007/12/14,23.8,23.8,22.3,23.3
2007/12/17,22.4,22.8,21.7,21.7
2007/12/18,20.8,21.3,20.1,20.4
2007/12/19,21.0,21.8,20.8,21.8
2007/12/20,22.1,23.1,21.8,22.0
2007/12/21,22.6,22.7,22.0,22.3
2007/12/24,22.9,23.1,22.5,22.9
2007/12/25,22.9,23.4,22.6,23.3
2007/12/26,23.2,23.5,22.8,23.5
2007/12/27,23.5,24.2,23.4,23.4
2007/12/28,23.4,24.2,23.0,24.2
2007/12/31,24.3,25.1,23.9,25.1
2008/01/02,25.0,25.2,24.3,24.3
2008/01/03,24.0,25.1,23.6,25.0
2008/01/04,24.7,25.6,24.6,24.6
2008/01/07,23.4,24.0,22.9,22.9
2008/01/08,22.3,22.7,21.7,22.1
2008/01/09,21.5,22.5,21.4,22.4
2008/01/10,23.1,23.1,22.4,22.4
2008/01/11,22.9,23.0,22.3,22.4
2008/01/14,22.9,23.0,22.2,22.3
2008/01/15,22.6,23.1,22.4,22.5
2008/01/16,22.0,22.2,21.6,21.7
2008/01/17,22.1,22.4,21.7,22.0
2008/01/18,21.1,22.7,21.1,22.5
2008/01/21,21.7,22.3,21.7,22.2
2008/01/22,20.7,21.2,20.7,20.7
2008/01/23,20.8,21.0,19.2,19.3
2008/01/24,19.9,20.3,19.3,20.1
2008/01/25,20.1,21.4,20.1,21.4
2008/01/28,21.4,21.5,20.7,20.8
2008/01/29,22.2,22.2,21.2,21.3
2008/01/30,21.8,22.1,21.3,21.3
2008/01/31,21.5,21.6,20.8,21.2
2008/02/01,21.4,21.6,21.2,21.4
2008/02/12,20.8,20.8,20.0,20.3
2008/02/13,20.3,20.6,19.9,20.4
2008/02/14,21.5,21.8,21.2,21.8
2008/02/15,22.2,22.7,21.8,22.3
2008/02/18,22.4,22.7,22.2,22.3
2008/02/19,22.8,23.3,22.3,23.2
2008/02/20,23.0,23.4,22.6,22.7
2008/02/21,22.9,23.4,22.9,23.1
2008/02/22,22.8,23.0,22.7,22.8
2008/02/25,23.1,23.4,23.0,23.3
2008/02/26,23.8,23.8,23.3,23.4
2008/02/27,23.7,24.0,23.5,24.0
2008/02/29,23.8,23.8,23.1,23.1
2008/03/03,22.4,22.8,22.2,22.7
2008/03/04,22.9,23.8,22.7,23.8
2008/03/05,23.8,23.8,23.2,23.5
2008/03/06,23.8,24.3,23.5,24.1
2008/03/07,23.5,24.1,23.4,23.7
2008/03/10,23.0,23.5,23.0,23.2
2008/03/11,23.2,23.7,23.0,23.6
2008/03/12,24.1,24.1,23.4,23.5
2008/03/13,23.4,23.4,22.9,22.9
2008/03/14,22.9,23.3,22.6,22.9
2008/03/17,22.5,22.5,22.0,22.0
2008/03/18,22.2,22.2,21.7,22.1
2008/03/19,22.4,22.6,22.3,22.5
2008/03/20,22.5,23.1,22.3,22.9
2008/03/21,23.2,23.3,22.7,23.2
2008/03/24,24.6,24.6,23.6,23.7
2008/03/25,23.8,24.2,23.7,23.7
2008/03/26,24.0,24.3,23.7,23.7
2008/03/27,23.7,23.9,23.4,23.9
2008/03/28,23.9,24.0,23.6,23.9
2008/03/31,23.7,24.2,23.7,23.9
2008/04/01,23.9,24.3,23.7,23.7
2008/04/02,24.3,24.5,24.0,24.5
2008/04/03,24.5,24.5,24.1,24.2
2008/04/07,24.5,24.5,23.9,24.1
2008/04/08,24.2,24.2,23.6,23.7
2008/04/09,23.7,23.8,23.4,23.4
2008/04/10,23.5,25.0,23.5,25.0
2008/04/11,24.9,25.4,24.9,25.1
2008/04/14,25.0,25.8,24.7,25.6
2008/04/15,26.6,26.7,25.9,25.9
2008/04/16,26.2,26.2,25.3,25.6
2008/04/17,26.3,26.7,26.0,26.0
2008/04/18,26.2,26.3,25.7,26.1
2008/04/21,26.2,26.7,26.0,26.3
2008/04/22,26.3,26.7,26.1,26.1
2008/04/23,26.1,26.7,25.8,26.0
2008/04/24,26.1,26.1,25.6,25.6
2008/04/25,25.8,26.1,25.4,25.4
2008/04/28,25.5,25.7,25.5,25.6
2008/04/29,25.6,26.1,24.5,24.7
2008/04/30,24.7,24.9,24.5,24.5
2008/05/02,24.8,24.9,24.4,24.5
2008/05/05,24.5,24.8,24.0,24.3
2008/05/06,24.1,24.3,24.0,24.2
2008/05/07,24.3,24.9,24.2,24.3
2008/05/08,23.9,23.9,23.9,23.9
2008/05/09,23.9,23.9,23.5,23.6
2008/05/12,23.4,23.7,23.4,23.7
2008/05/13,23.8,24.3,23.7,24.1
2008/05/14,24.1,24.6,24.1,24.3
2008/05/15,24.5,24.8,24.3,24.3
2008/05/16,24.5,25.1,24.4,24.9
2008/05/19,24.9,25.1,24.8,24.8
2008/05/20,24.9,25.1,24.3,24.3
2008/05/21,24.0,24.8,24.0,24.4
2008/05/22,24.0,24.1,23.8,23.9
2008/05/23,24.1,24.1,23.4,23.4
2008/05/26,23.4,23.6,22.8,22.8
2008/05/27,23.0,23.1,22.4,22.8
2008/05/28,23.2,23.2,22.8,22.8
2008/05/29,23.0,23.2,22.5,22.5
2008/05/30,22.5,22.8,21.0,21.1
2008/06/02,21.6,21.9,21.3,21.8
2008/06/03,21.8,22.4,21.5,22.4
2008/06/04,22.6,22.7,22.0,22.0
2008/06/05,22.0,22.2,21.8,22.0
2008/06/06,22.2,22.3,21.8,21.9
2008/06/09,21.2,21.6,21.1,21.3
2008/06/10,21.2,21.3,20.9,20.9
2008/06/11,21.2,21.2,20.4,20.7
2008/06/12,20.4,20.5,19.3,19.5
2008/06/13,20.1,20.5,19.7,20.4
2008/06/16,20.9,20.9,20.7,20.7
2008/06/17,20.7,20.9,20.2,20.7
2008/06/18,20.7,21.2,20.5,20.8
2008/06/19,20.5,20.5,20.1,20.3
2008/06/20,20.5,20.5,19.5,19.5
2008/06/23,19.0,19.3,18.6,19.0
2008/06/24,18.8,19.0,17.9,17.9
2008/06/25,17.9,18.6,17.9,18.6
2008/06/26,18.7,19.0,18.5,18.5
2008/06/27,17.5,17.9,17.4,17.7
2008/06/30,17.9,17.9,17.4,17.4
2008/07/01,17.6,17.7,17.0,17.0
2008/07/02,17.1,17.7,17.1,17.4
2008/07/03,17.4,18.2,17.0,18.2
2008/07/04,18.1,18.1,17.4,17.4
2008/07/07,16.9,17.5,16.9,17.5
2008/07/08,17.5,17.5,16.3,16.4
2008/07/09,16.7,16.9,16.5,16.5
2008/07/10,16.5,16.9,16.3,16.8
2008/07/11,17.0,17.4,16.7,17.4
2008/07/14,17.3,17.5,17.1,17.3
2008/07/15,17.2,17.2,16.3,16.4
2008/07/16,16.6,16.8,16.3,16.3
2008/07/17,16.6,17.0,16.6,16.9
2008/07/18,17.1,17.2,16.3,16.4
2008/07/21,16.7,17.5,16.7,17.5
2008/07/22,17.5,17.9,17.4,17.7
2008/07/23,18.0,18.5,17.8,18.2
2008/07/24,18.4,18.6,18.2,18.3
2008/07/25,17.9,18.0,17.6,17.9
2008/07/29,17.4,17.6,17.3,17.4
2008/07/30,17.9,17.9,17.4,17.4
2008/07/31,17.7,17.8,17.2,17.8
2008/08/01,17.5,17.6,17.2,17.4
2008/08/04,17.4,17.4,16.9,16.9
2008/08/05,16.8,17.1,16.3,16.3
2008/08/06,16.7,17.4,16.6,17.3
2008/08/07,16.7,17.0,16.6,16.7
2008/08/08,16.7,17.5,16.6,17.5
2008/08/11,18.1,18.5,17.9,18.2
2008/08/12,18.2,19.4,17.9,19.4
2008/08/13,19.2,20.1,19.1,19.9
2008/08/14,19.7,19.7,19.3,19.5
2008/08/15,19.7,19.7,18.9,18.9
2008/08/18,19.0,19.0,18.0,18.0
2008/08/19,17.5,18.0,17.4,18.0
2008/08/20,17.9,19.2,17.6,19.2
2008/08/21,19.3,19.7,18.3,18.3
2008/08/22,18.8,19.0,18.3,18.7
2008/08/25,19.2,19.8,19.0,19.2
2008/08/26,19.0,19.0,18.7,18.9
2008/08/27,19.0,19.7,19.0,19.5
2008/08/28,19.9,20.8,19.6,20.8
2008/08/29,20.8,21.0,20.3,21.0
2008/09/01,20.5,20.8,19.6,19.6
2008/09/02,19.5,19.6,18.3,18.8
2008/09/03,18.8,19.0,18.1,18.4
2008/09/04,18.4,18.9,17.4,17.8
2008/09/05,17.3,18.1,17.2,18.1
2008/09/08,18.8,19.3,18.6,19.0
2008/09/09,18.7,18.7,17.7,17.7
2008/09/10,17.3,17.7,17.0,17.0
2008/09/11,17.1,17.2,16.7,16.7
2008/09/12,16.7,16.9,15.5,15.6
2008/09/15,15.2,15.2,14.6,14.6
2008/09/16,13.7,14.0,13.6,13.6
2008/09/17,14.4,14.4,13.5,13.9
2008/09/18,13.0,13.1,12.9,13.0
2008/09/19,13.8,13.9,13.6,13.9
2008/09/22,14.1,14.8,14.1,14.5
2008/09/23,14.1,15.0,14.0,14.9
2008/09/24,14.7,15.3,14.6,15.0
2008/09/25,14.8,15.1,14.7,14.8
2008/09/26,14.9,14.9,14.0,14.0
2008/09/30,13.1,13.5,13.1,13.5
2008/10/01,13.8,14.2,13.6,14.0
2008/10/02,13.9,14.3,13.7,14.0
2008/10/03,13.6,14.3,13.5,14.2
2008/10/06,14.0,14.2,13.8,13.9
2008/10/07,13.8,14.0,13.4,13.7
2008/10/08,13.3,13.5,12.8,12.8
2008/10/09,12.8,13.0,12.0,12.0
2008/10/13,11.8,12.1,11.6,12.1
2008/10/14,12.9,12.9,12.8,12.9
2008/10/15,12.7,13.2,12.7,13.2
2008/10/16,12.8,12.8,12.8,12.8
2008/10/17,12.5,12.8,12.4,12.4
2008/10/20,12.3,12.7,12.0,12.7
2008/10/21,12.9,13.3,12.7,12.7
2008/10/22,12.4,13.1,12.4,12.5
2008/10/23,12.1,12.2,12.1,12.2
2008/10/24,11.9,12.1,11.9,11.9
2008/10/27,11.1,11.6,11.0,11.0
2008/10/28,10.5,11.8,10.3,11.8
2008/10/29,12.5,12.5,11.5,11.5
2008/10/30,12.3,12.3,12.3,12.3
2008/10/31,13.1,13.1,13.1,13.1
2008/11/03,14.0,14.0,13.5,14.0
2008/11/04,13.8,14.1,13.6,14.1
2008/11/05,14.3,14.3,13.7,13.8
2008/11/06,12.8,13.1,12.8,12.9
2008/11/07,12.3,13.7,12.3,13.7
2008/11/10,13.6,13.9,13.3,13.8
2008/11/11,13.6,13.7,13.0,13.3
2008/11/12,13.3,13.8,13.1,13.2
2008/11/13,12.3,12.5,12.3,12.3
2008/11/14,12.8,13.0,12.7,12.8
2008/11/17,12.4,12.8,11.9,12.0
2008/11/18,11.8,11.8,11.2,11.2
2008/11/19,11.2,11.8,11.2,11.7
2008/11/20,11.3,12.2,11.3,11.9
2008/11/21,11.9,12.7,11.6,12.7
2008/11/24,13.2,13.5,12.9,13.5
2008/11/25,14.3,14.3,13.1,13.2
2008/11/26,13.2,13.4,12.8,13.1
2008/11/27,13.5,14.0,13.4,13.8
2008/11/28,13.6,14.2,13.4,14.0
2008/12/01,14.0,14.4,13.7,14.0
2008/12/02,13.0,13.5,13.0,13.0
2008/12/03,13.1,13.3,12.9,12.9
2008/12/04,13.0,13.2,12.6,12.7
2008/12/05,12.7,12.8,12.5,12.6
2008/12/08,12.9,13.4,12.9,13.4
2008/12/09,13.7,14.1,13.6,13.8
2008/12/10,14.1,14.7,14.1,14.7
2008/12/11,15.2,15.7,15.1,15.4
2008/12/12,15.2,15.2,14.3,14.5
2008/12/15,15.0,15.1,14.3,14.8
2008/12/16,14.6,15.3,14.3,15.2
2008/12/17,15.6,15.6,14.8,14.8
2008/12/18,14.9,15.0,14.7,15.0
2008/12/19,14.8,15.3,14.8,15.0
2008/12/22,15.1,15.4,14.3,14.3
2008/12/23,14.3,14.3,13.3,13.4
2008/12/24,13.3,13.7,13.1,13.3
2008/12/25,13.5,14.0,13.3,14.0
2008/12/26,13.9,14.2,13.8,14.0
2008/12/29,14.2,14.5,14.1,14.1
2008/12/30,14.4,15.0,14.3,14.8
2008/12/31,15.0,15.2,14.8,15.0
2009/01/05,15.5,15.6,15.2,15.2
2009/01/06,15.5,16.3,15.3,16.0
2009/01/07,16.5,17.1,16.4,16.7
2009/01/08,16.3,16.4,15.5,15.5
2009/01/09,15.6,16.0,15.4,15.5
2009/01/12,15.0,15.0,14.1,14.3
2009/01/13,15.0,15.0,14.6,14.9
2009/01/14,15.0,15.5,15.0,15.2
2009/01/15,14.5,14.8,14.4,14.7
2009/01/16,15.0,15.0,14.7,14.9
2009/01/19,14.9,15.0,14.8,15.0
2009/01/20,14.8,14.9,14.5,14.9
2009/01/21,14.7,15.4,14.6,15.3
2009/02/02,15.4,15.6,15.0,15.1
2009/02/03,15.3,15.9,15.2,15.7
2009/02/04,16.1,16.1,15.5,15.5
2009/02/05,15.5,15.6,15.1,15.1
2009/02/06,15.7,16.1,15.2,15.2
2009/02/09,15.2,15.3,14.9,14.9
2009/02/10,14.7,15.2,14.7,15.2
2009/02/11,15.0,15.5,14.9,15.4
2009/02/12,15.4,15.5,14.6,14.7
2009/02/13,15.0,15.2,14.7,15.1
2009/02/16,15.2,15.4,15.1,15.1
2009/02/17,15.1,15.2,14.8,14.9
2009/02/18,14.6,14.8,14.4,14.6
2009/02/19,14.6,15.0,14.5,14.8
2009/02/20,14.7,15.0,14.6,14.7
2009/02/23,14.7,14.8,14.3,14.8
2009/02/24,14.6,14.6,13.8,13.8
2009/02/25,13.9,14.0,13.5,13.6
2009/02/26,13.8,14.2,13.7,14.0
2009/02/27,14.0,14.2,13.9,14.1
2009/03/02,14.1,14.4,13.7,13.7
2009/03/03,13.6,14.0,13.5,13.9
2009/03/04,14.0,14.4,13.9,14.2
2009/03/05,14.4,14.9,14.2,14.8
2009/03/06,14.7,15.0,14.5,14.6
2009/03/09,14.8,14.8,14.3,14.4
2009/03/10,14.4,14.9,14.3,14.6
2009/03/11,15.0,15.3,14.8,14.9
2009/03/12,15.0,15.1,14.8,15.0
2009/03/13,15.2,15.7,15.1,15.1
2009/03/16,15.2,15.4,15.0,15.1
2009/03/17,15.0,15.2,14.9,15.1
2009/03/18,15.2,15.6,15.1,15.1
2009/03/19,15.4,15.6,15.3,15.4
2009/03/20,15.5,15.6,14.9,14.9
2009/03/23,15.0,15.3,15.0,15.3
2009/03/24,15.6,15.7,15.3,15.4
2009/03/25,15.5,16.2,15.4,16.0
2009/03/26,16.0,16.5,15.9,16.3
2009/03/27,16.5,16.9,16.0,16.0
2009/03/30,16.0,16.2,15.6,15.6
2009/03/31,15.8,16.0,15.6,15.9
2009/04/01,16.2,16.6,16.1,16.2
2009/04/02,16.5,16.5,15.9,16.0
2009/04/03,16.2,16.4,16.1,16.2
2009/04/06,16.4,17.0,16.3,16.6
2009/04/07,16.6,16.8,16.4,16.6
2009/04/08,16.4,17.2,16.4,16.7
2009/04/09,17.3,17.9,17.3,17.9
2009/04/10,18.3,18.3,17.5,17.7
2009/04/13,17.8,17.8,17.2,17.5
2009/04/14,17.3,18.1,17.2,18.0
2009/04/15,17.8,18.3,17.6,18.2
2009/04/16,18.8,19.4,18.4,19.4
2009/04/17,20.3,20.3,18.1,18.1
2009/04/20,18.2,18.9,17.4,18.2
2009/04/21,18.1,19.4,17.8,19.4
2009/04/22,19.4,20.8,19.4,20.6
2009/04/23,21.8,21.9,21.1,21.2
2009/04/24,21.3,21.7,20.7,21.0
2009/04/27,21.5,21.5,19.8,20.0
2009/04/28,20.1,20.4,18.7,18.7
2009/04/29,18.1,19.0,18.1,18.1
2009/04/30,19.1,19.3,18.7,19.3
2009/05/04,19.0,20.0,18.9,19.2
2009/05/05,19.2,19.4,18.1,18.4
2009/05/06,18.4,19.2,18.1,18.9
2009/05/07,19.1,19.4,18.6,19.0
2009/05/08,19.0,20.0,18.9,19.6
2009/05/11,19.7,20.4,19.6,19.8
2009/05/12,19.8,20.1,18.8,19.6
2009/05/13,20.0,20.9,19.7,20.9
2009/05/14,21.0,21.7,20.9,21.0
2009/05/15,21.6,21.9,21.0,21.1
2009/05/18,21.2,21.6,20.8,20.8
2009/05/19,21.3,21.7,20.7,20.8
2009/05/20,21.0,21.1,20.4,20.5
2009/05/21,20.5,20.8,20.3,20.7
2009/05/22,20.7,21.9,20.7,21.4
2009/05/25,22.1,22.2,21.1,21.1
2009/05/26,21.4,21.4,20.0,20.7
2009/05/27,21.1,22.1,21.0,22.1
2009/06/01,23.0,23.7,22.9,23.7
2009/06/02,24.3,25.3,23.1,24.0
2009/06/03,24.0,24.0,23.3,23.6
2009/06/04,23.8,24.1,22.9,23.0
2009/06/05,23.1,24.0,22.9,23.0
2009/06/08,23.4,23.5,21.9,21.9
2009/06/09,22.0,22.2,20.4,20.4
2009/06/10,20.9,21.0,20.2,20.4
2009/06/11,20.4,21.5,20.3,21.5
2009/06/12,21.0,21.8,20.8,20.8
2009/06/15,20.5,20.6,19.3,19.3
2009/06/16,19.2,19.9,19.0,19.8
2009/06/17,19.8,20.6,19.6,20.5
2009/06/18,20.5,20.9,19.4,19.6
2009/06/19,19.7,20.0,19.6,20.0
2009/06/22,20.0,20.2,19.6,20.0
2009/06/23,19.4,20.1,19.3,19.8
2009/06/24,20.0,20.4,19.8,19.8
2009/06/25,20.0,20.7,20.0,20.5
2009/06/26,20.5,20.6,20.0,20.1
2009/06/29,20.1,20.3,19.3,19.3
2009/06/30,19.5,19.8,19.4,19.6
2009/07/01,19.7,20.4,19.6,20.4
2009/07/02,20.5,20.9,20.3,20.5
2009/07/03,20.4,20.7,20.1,20.6
2009/07/06,20.6,20.7,20.2,20.5
2009/07/07,20.6,20.8,20.4,20.7
2009/07/08,20.7,22.1,20.7,21.7
2009/07/09,21.9,22.4,21.4,21.4
2009/07/10,21.3,21.8,21.0,21.1
2009/07/13,21.2,21.4,19.7,19.7
2009/07/14,19.9,20.5,19.9,20.5
2009/07/15,20.8,21.0,20.6,20.8
2009/07/16,21.2,21.4,20.8,20.8
2009/07/17,21.0,21.9,20.8,21.7
2009/07/20,22.1,22.1,21.5,21.7
2009/07/21,21.8,22.2,21.5,22.0
2009/07/22,22.2,22.4,21.7,21.8
2009/07/23,22.0,22.2,21.8,21.8
2009/07/24,22.2,22.6,21.9,21.9
2009/07/27,22.1,22.3,21.9,22.0
2009/07/28,22.3,22.8,22.3,22.7
2009/07/29,22.8,22.9,22.2,22.2
2009/07/30,22.2,22.3,21.8,22.0
2009/07/31,22.3,22.4,22.0,22.2
2009/08/03,22.0,22.1,21.2,21.7
2009/08/04,21.7,22.0,21.0,21.0
2009/08/05,21.0,21.2,20.2,20.4
2009/08/06,20.2,20.5,20.0,20.5
2009/08/10,20.6,21.5,20.4,21.5
2009/08/11,21.5,21.8,21.0,21.3
2009/08/12,21.3,21.8,21.3,21.4
2009/08/13,21.8,22.2,21.5,22.2
2009/08/14,22.5,22.6,21.9,21.9
2009/08/17,21.8,21.8,21.5,21.5
2009/08/18,21.3,21.4,20.3,20.5
2009/08/19,20.8,20.9,20.6,20.6
2009/08/20,20.6,20.7,20.0,20.2
2009/08/21,20.3,20.8,20.0,20.0
2009/08/24,20.3,20.8,20.3,20.8
2009/08/25,20.8,21.1,20.5,20.5
2009/08/26,20.7,20.8,19.9,20.0
2009/08/27,20.0,20.5,20.0,20.2
2009/08/28,20.3,20.7,20.0,20.2
2009/08/31,20.2,20.6,19.8,20.5
2009/09/01,20.5,20.8,20.3,20.8
2009/09/02,20.7,20.9,20.6,20.7
2009/09/03,20.9,21.8,20.8,21.8
2009/09/04,21.9,22.1,21.5,21.5
2009/09/07,21.6,22.0,21.5,21.8
2009/09/08,21.9,22.2,21.6,21.6
2009/09/09,21.6,21.8,21.2,21.2
2009/09/10,22.0,22.1,21.0,21.0
2009/09/11,21.1,21.5,21.0,21.4
2009/09/14,21.4,21.5,21.0,21.0
2009/09/15,21.0,21.4,21.0,21.2
2009/09/16,21.4,22.4,21.2,22.4
2009/09/17,22.5,22.6,21.8,21.8
2009/09/18,22.0,22.1,21.8,21.8
2009/09/21,21.9,22.0,21.7,21.7
2009/09/22,21.9,22.2,21.6,21.8
2009/09/23,21.8,22.0,21.1,21.1
2009/09/24,21.2,21.4,21.0,21.1
2009/09/25,21.0,21.2,20.9,21.0
2009/09/28,21.0,21.2,20.5,20.5
2009/09/29,20.9,21.1,20.8,21.1
2009/09/30,21.1,21.5,21.0,21.0
2009/10/01,21.3,21.3,20.8,20.8
2009/10/02,20.4,20.7,20.4,20.5
2009/10/05,20.6,20.8,20.5,20.8
2009/10/06,21.0,21.2,20.9,21.0
2009/10/07,21.6,22.0,21.6,21.6
2009/10/08,21.6,21.8,21.0,21.0
2009/10/09,21.2,21.4,21.2,21.3
2009/10/12,21.3,21.6,21.2,21.3
2009/10/13,20.9,21.4,20.8,21.2
2009/10/14,21.5,21.8,21.5,21.5
2009/10/15,21.7,21.8,21.3,21.3
2009/10/16,21.4,21.7,21.2,21.5
2009/10/19,21.5,21.7,21.4,21.6
2009/10/20,21.8,22.2,21.6,21.8
2009/10/21,21.8,22.0,21.5,21.6
2009/10/22,21.6,22.5,21.5,22.0
2009/10/23,22.2,22.3,21.8,21.8
2009/10/26,22.0,22.1,21.6,21.6
2009/10/27,21.6,21.8,21.5,21.6
2009/10/28,21.6,21.6,20.8,20.8
2009/10/29,20.5,20.7,20.0,20.5
2009/10/30,20.8,20.8,19.8,19.8
2009/11/02,19.5,20.0,19.5,19.8
2009/11/03,19.8,20.3,19.8,20.0
2009/11/04,20.0,20.4,20.0,20.2
2009/11/05,20.2,20.4,19.9,19.9
2009/11/06,20.3,20.4,20.0,20.0
2009/11/09,20.2,20.2,20.0,20.0
2009/11/10,20.3,20.4,20.0,20.0
2009/11/11,20.1,20.1,19.9,20.1
2009/11/12,20.2,20.6,20.2,20.2
2009/11/13,20.2,20.4,20.0,20.1
2009/11/16,20.2,20.4,20.0,20.2
2009/11/17,20.5,20.6,20.2,20.2
2009/11/18,20.4,20.5,20.2,20.2
2009/11/19,20.4,20.7,20.3,20.4
2009/11/20,20.5,20.5,20.3,20.3
2009/11/23,20.4,20.4,20.0,20.1
2009/11/24,20.2,20.4,20.1,20.2
2009/11/25,20.2,20.5,20.1,20.2
2009/11/26,20.2,20.4,20.2,20.2
2009/11/27,20.0,20.0,19.5,19.5
2009/11/30,19.7,19.8,19.6,19.7
2009/12/01,19.7,19.9,19.5,19.6
2009/12/02,19.6,20.2,19.5,19.7
2009/12/03,19.8,20.0,19.6,19.6
2009/12/04,19.5,19.7,19.5,19.5
2009/12/07,19.8,19.9,19.7,19.8
2009/12/08,19.8,20.4,19.6,20.4
2009/12/09,20.4,20.7,20.1,20.1
2009/12/10,20.2,20.2,19.5,19.6
2009/12/11,19.6,20.0,19.6,19.7
2009/12/14,19.7,19.8,19.6,19.8
2009/12/15,19.9,20.0,19.6,19.6
2009/12/16,19.6,19.8,19.5,19.6
2009/12/17,19.8,19.8,19.5,19.5
2009/12/18,19.5,19.8,19.3,19.6
2009/12/21,19.6,19.8,19.6,19.8
2009/12/22,20.0,20.3,19.8,19.9
2009/12/23,20.1,20.1,19.9,20.0
2009/12/24,20.2,20.6,20.2,20.5
2009/12/25,20.7,20.7,20.3,20.3
2009/12/28,21.2,21.5,21.0,21.5
2009/12/29,21.6,21.6,21.1,21.2
2009/12/30,21.2,21.4,21.0,21.2
2009/12/31,21.2,21.4,21.0,21.1
2010/01/04,21.3,21.5,21.1,21.2
2010/01/05,21.5,21.5,20.6,20.6
2010/01/06,20.7,21.3,20.6,21.0
2010/01/07,21.3,21.6,20.8,20.8
2010/01/08,20.8,21.0,20.6,20.8
2010/01/11,21.0,21.5,21.0,21.2
2010/01/12,21.2,21.4,21.0,21.0
2010/01/13,20.7,21.2,20.6,20.8
2010/01/14,20.9,21.9,20.9,21.6
2010/01/15,21.9,22.4,21.7,22.1
2010/01/18,22.0,23.0,21.6,22.8
2010/01/19,23.0,23.0,22.1,22.1
2010/01/20,22.2,22.6,22.0,22.0
2010/01/21,21.8,22.1,21.2,21.3
2010/01/22,20.9,21.0,20.5,20.5
2010/01/25,20.4,20.9,20.4,20.5
2010/01/26,20.6,20.8,19.5,19.5
2010/01/27,19.6,19.9,19.5,19.6
2010/01/28,20.5,20.5,20.1,20.4
2010/01/29,19.9,20.2,19.7,20.0
2010/02/01,20.1,20.4,19.8,20.0
2010/02/02,20.2,20.3,19.2,19.3
2010/02/03,19.5,19.8,19.4,19.6
2010/02/04,19.6,19.8,19.5,19.5
2010/02/05,19.0,19.1,18.2,18.2
2010/02/08,17.9,18.0,17.5,18.0
2010/02/09,18.0,18.6,17.8,18.6
2010/02/10,19.1,19.1,18.6,18.7
2010/02/22,19.2,19.2,18.9,18.9
2010/02/23,19.0,19.2,18.9,19.1
2010/02/24,19.0,19.2,18.8,19.2
2010/02/25,19.3,19.5,18.9,19.5
2010/02/26,19.5,19.8,19.2,19.2
2010/03/01,19.2,19.8,19.1,19.5
2010/03/02,20.0,20.4,19.8,20.2
2010/03/03,20.3,20.7,20.1,20.1
2010/03/04,20.2,20.3,19.7,19.7
2010/03/05,20.0,20.2,19.8,20.0
2010/03/08,20.2,20.4,20.1,20.1
2010/03/09,20.1,20.2,20.0,20.0
2010/03/10,20.2,20.3,20.0,20.1
2010/03/11,20.3,20.3,19.9,19.9
2010/03/12,20.0,20.0,19.8,19.8
2010/03/15,20.0,20.1,19.7,19.7
2010/03/16,20.0,20.0,19.7,19.8
2010/03/17,20.0,20.5,20.0,20.5
2010/03/18,20.6,20.6,20.3,20.4
2010/03/19,20.4,20.5,20.2,20.2
2010/03/22,20.2,20.3,20.0,20.0
2010/03/23,20.2,20.5,20.0,20.1
2010/03/24,20.3,20.4,19.9,19.9
2010/03/25,19.8,19.9,19.7,19.8
2010/03/26,19.8,20.0,19.7,19.8
2010/03/29,19.9,20.2,19.9,20.1
2010/03/30,20.2,20.2,20.1,20.2
2010/03/31,20.2,20.2,19.9,19.9
2010/04/01,19.9,20.2,19.8,20.0
2010/04/02,20.2,20.2,20.0,20.0
2010/04/06,20.0,20.3,20.0,20.1
2010/04/07,20.2,20.2,20.0,20.2
2010/04/08,20.2,20.3,20.0,20.0
2010/04/09,20.0,20.5,20.0,20.5
2010/04/12,20.8,21.0,20.6,20.6
2010/04/13,20.6,20.9,20.3,20.3
2010/04/14,20.5,20.8,20.4,20.6
2010/04/15,20.8,21.2,20.7,20.9
2010/04/16,21.0,21.3,20.7,20.7
2010/04/19,20.0,20.4,19.3,19.4
2010/04/20,19.6,19.8,19.5,19.8
2010/04/21,19.8,20.4,19.8,20.2
2010/04/22,20.2,20.5,20.0,20.2
2010/04/23,20.4,20.5,20.0,20.2
2010/04/26,20.5,20.7,20.4,20.5
2010/04/27,20.5,20.7,20.4,20.5
2010/04/28,19.8,20.1,19.5,20.0
2010/04/29,20.1,20.2,19.8,19.8
2010/04/30,20.0,20.2,19.6,19.6
2010/05/03,19.6,19.8,19.5,19.5
2010/05/04,19.8,19.8,19.2,19.2
2010/05/05,18.5,18.7,18.1,18.1
2010/05/06,18.2,18.4,17.8,17.8
2010/05/07,17.0,17.6,17.0,17.6
2010/05/10,17.9,18.4,17.8,18.4
2010/05/11,18.5,18.5,17.8,17.8
2010/05/12,18.0,18.1,17.8,17.8
2010/05/13,18.0,18.8,18.0,18.8
2010/05/14,18.6,18.6,18.2,18.3
2010/05/17,18.0,18.2,17.7,17.8
2010/05/18,18.0,18.0,17.8,17.9
2010/05/19,17.7,17.8,17.5,17.8
2010/05/20,17.8,18.0,17.5,17.8
2010/05/21,17.2,17.3,16.8,17.0
2010/05/24,17.0,17.3,17.0,17.2
2010/05/25,17.0,17.0,16.0,16.0
2010/05/26,16.1,16.3,16.0,16.0
2010/05/27,16.2,16.8,16.0,16.6
2010/05/28,16.9,17.1,16.8,17.0
2010/05/31,17.1,18.2,17.0,18.2
2010/06/01,18.3,18.6,18.0,18.0
2010/06/02,18.0,18.1,17.4,17.4
2010/06/03,18.0,18.0,17.7,17.7
2010/06/04,17.8,17.9,17.5,17.5
2010/06/07,17.0,17.2,16.8,17.0
2010/06/08,17.0,17.3,17.0,17.2
2010/06/09,17.2,17.4,16.5,16.5
2010/06/10,16.9,17.0,16.6,17.0
2010/06/11,17.1,18.1,17.0,18.1
2010/06/14,18.5,18.5,18.0,18.2
2010/06/15,18.2,18.2,18.0,18.0
2010/06/17,18.2,18.4,18.1,18.2
2010/06/18,18.2,18.2,17.8,18.1
2010/06/21,18.4,18.4,18.1,18.1
2010/06/22,18.2,18.4,18.0,18.0
2010/06/23,18.2,18.2,18.0,18.0
2010/06/24,18.0,18.3,18.0,18.0
2010/06/25,17.9,17.9,17.5,17.5
2010/06/28,17.7,17.7,17.5,17.5
2010/06/29,17.5,17.8,17.4,17.4
2010/06/30,17.0,17.2,16.8,17.0
2010/07/01,17.0,17.0,16.8,16.8
2010/07/02,16.9,17.1,16.9,17.0
2010/07/05,17.0,17.3,17.0,17.2
2010/07/06,17.3,17.5,17.2,17.5
2010/07/07,17.5,17.6,17.2,17.2
2010/07/08,17.5,17.6,17.4,17.4
2010/07/09,17.4,17.5,17.3,17.4
2010/07/12,17.5,17.7,17.4,17.4
2010/07/13,17.6,17.6,17.4,17.4
2010/07/14,17.7,18.0,17.6,17.8
2010/07/15,17.8,17.9,17.6,17.6
2010/07/16,17.6,17.6,17.2,17.3
2010/07/19,17.2,17.4,17.2,17.4
2010/07/20,17.5,17.6,17.4,17.5
2010/07/21,17.6,17.7,17.4,17.5
2010/07/22,17.5,17.6,17.4,17.4
2010/07/23,17.5,17.8,17.5,17.5
2010/07/26,17.8,17.9,17.6,17.8
2010/07/27,18.0,18.0,17.5,17.6
2010/07/28,17.6,17.8,17.6,17.8
2010/07/29,17.8,17.9,17.7,17.9
2010/07/30,17.9,18.0,17.8,17.8
2010/08/02,18.0,18.2,18.0,18.0
2010/08/03,18.1,18.2,18.0,18.1
2010/08/04,18.0,18.2,17.9,18.2
2010/08/05,17.8,17.9,17.4,17.4
2010/08/06,17.4,17.8,17.4,17.6
2010/08/09,17.6,17.8,17.5,17.5
2010/08/10,17.5,17.6,17.2,17.3
2010/08/11,17.2,17.3,16.8,17.0
2010/08/12,16.7,16.8,16.6,16.7
2010/08/13,16.8,17.0,16.8,17.0
2010/08/16,17.0,17.2,17.0,17.0
2010/08/17,17.0,17.1,17.0,17.0
2010/08/18,17.1,17.2,17.0,17.0
2010/08/19,17.0,17.1,16.9,16.9
2010/08/20,16.9,17.0,16.8,16.8
2010/08/23,16.8,16.8,16.6,16.7
2010/08/24,16.7,16.9,16.6,16.6
2010/08/25,16.6,16.6,16.0,16.0
2010/08/26,16.0,16.2,15.9,16.0
2010/08/27,16.0,16.2,15.9,16.0
2010/08/30,16.2,16.2,16.0,16.0
2010/08/31,15.9,16.0,15.6,15.7
2010/09/01,15.6,16.0,15.6,15.8
2010/09/02,16.0,16.1,15.8,15.8
2010/09/03,15.9,16.2,15.9,16.2
2010/09/06,16.4,16.5,16.1,16.1
2010/09/07,16.2,16.2,16.0,16.0
2010/09/08,16.0,16.4,15.8,15.9
2010/09/09,16.1,16.2,16.0,16.0
2010/09/10,16.1,16.2,16.0,16.0
2010/09/13,16.2,16.5,16.1,16.4
2010/09/14,16.5,16.5,16.4,16.4
2010/09/15,16.4,16.5,16.2,16.3
2010/09/16,16.5,16.5,16.2,16.2
2010/09/17,16.3,16.4,16.2,16.2
2010/09/20,16.2,16.4,16.2,16.2
2010/09/21,16.2,16.3,16.2,16.2
2010/09/23,16.2,16.4,16.2,16.2
2010/09/24,16.2,16.3,16.2,16.2
2010/09/27,16.4,16.5,16.2,16.2
2010/09/28,16.2,17.3,16.2,17.1
2010/09/29,17.3,17.5,16.5,16.5
2010/09/30,16.8,17.0,16.7,16.8
2010/10/01,16.9,17.0,16.8,16.8
2010/10/04,16.9,17.0,16.7,16.8
2010/10/05,16.6,16.7,16.4,16.5
2010/10/06,16.6,16.8,16.5,16.5
2010/10/07,16.7,16.7,16.4,16.5
2010/10/08,16.5,16.6,16.4,16.4
2010/10/11,16.6,16.8,16.5,16.6
2010/10/12,16.5,16.6,16.1,16.3
2010/10/13,16.3,16.4,16.2,16.2
2010/10/14,16.4,16.5,16.3,16.4
2010/10/15,16.4,16.4,16.2,16.2
2010/10/18,16.4,16.4,16.0,16.0
2010/10/19,16.0,16.1,16.0,16.0
2010/10/20,15.8,16.2,15.8,16.0
2010/10/21,16.0,16.2,16.0,16.0
2010/10/22,16.0,16.2,15.8,15.9
2010/10/25,16.0,16.1,16.0,16.1
2010/10/26,16.2,16.2,16.0,16.2
2010/10/27,16.2,16.2,16.0,16.0
2010/10/28,16.0,16.2,15.9,16.0
2010/10/29,16.2,16.6,16.1,16.4
2010/11/01,16.5,16.5,16.3,16.5
2010/11/02,16.6,16.9,16.5,16.5
2010/11/03,16.6,16.7,16.0,16.1
2010/11/04,16.2,16.4,16.2,16.2
2010/11/05,16.4,16.5,16.2,16.2
2010/11/08,16.3,16.3,15.8,15.8
2010/11/09,15.9,16.0,15.8,15.8
2010/11/10,16.0,16.1,15.9,16.0
2010/11/11,16.0,16.1,15.8,15.9
2010/11/12,15.8,15.9,15.7,15.8
2010/11/15,15.8,15.9,15.7,15.7
2010/11/16,15.7,16.4,15.7,16.2
2010/11/17,16.1,16.2,16.0,16.1
2010/11/18,16.2,16.3,16.1,16.2
2010/11/19,16.3,16.3,15.9,16.0
2010/11/22,16.0,16.2,16.0,16.0
2010/11/23,16.0,16.5,16.0,16.4
2010/11/24,16.4,16.5,16.0,16.0
2010/11/25,16.0,16.2,15.9,15.9
2010/11/26,16.0,16.2,15.8,15.8
2010/11/29,16.0,16.0,15.8,15.9
2010/11/30,16.0,16.2,15.9,15.9
2010/12/01,16.0,16.4,16.0,16.2
2010/12/02,16.4,16.5,16.1,16.1
2010/12/03,16.2,16.2,16.1,16.2
2010/12/06,16.3,16.4,16.2,16.2
2010/12/07,16.2,17.0,16.2,17.0
2010/12/08,17.0,17.2,16.6,16.6
2010/12/09,16.8,17.1,16.6,16.7
2010/12/10,16.8,16.8,16.6,16.6
2010/12/13,16.7,17.1,16.7,16.8
2010/12/14,17.0,17.0,16.6,16.6
2010/12/15,16.6,16.8,16.5,16.6
2010/12/16,16.6,16.8,16.5,16.6
2010/12/17,16.8,17.4,16.6,17.0
2010/12/20,17.1,17.2,16.8,16.8
2010/12/21,16.9,17.2,16.8,17.1
2010/12/22,17.2,17.2,17.0,17.0
2010/12/23,17.1,17.5,17.0,17.1
2010/12/24,17.2,17.9,17.1,17.5
2010/12/27,17.5,18.2,17.5,17.6
2010/12/28,17.6,17.9,17.3,17.6
2010/12/29,17.7,18.2,17.7,17.7
2010/12/30,17.8,17.9,17.4,17.4
2010/12/31,17.5,17.5,17.2,17.2
2011/01/03,17.4,17.7,17.3,17.6
2011/01/04,17.8,18.4,17.6,18.0
2011/01/05,18.2,18.3,17.5,17.6
2011/01/06,17.8,18.5,17.6,18.2
2011/01/07,18.2,18.5,17.8,17.8
2011/01/10,17.8,18.0,17.6,17.6
2011/01/11,17.6,17.8,17.5,17.6
2011/01/12,17.8,18.1,17.5,17.5
2011/01/13,17.6,18.0,17.5,17.6
2011/01/14,17.9,17.9,17.6,17.6
2011/01/17,17.8,17.8,17.4,17.4
2011/01/18,17.4,17.6,17.3,17.3
2011/01/19,17.4,17.8,17.4,17.6
2011/01/20,17.5,17.8,17.5,17.5
2011/01/21,17.5,17.5,17.3,17.3
2011/01/24,17.4,17.5,17.3,17.3
2011/01/25,17.5,17.6,17.4,17.6
2011/01/26,17.7,18.1,17.6,18.0
2011/01/27,18.4,18.4,17.8,17.8
2011/01/28,17.8,18.0,17.6,17.6
2011/02/08,17.7,17.7,17.1,17.2
2011/02/09,17.2,17.4,17.0,17.0
2011/02/10,17.0,17.2,17.0,17.0
2011/02/11,17.0,17.1,16.0,16.2
2011/02/14,16.4,16.5,16.2,16.4
2011/02/15,16.4,16.4,16.0,16.2
2011/02/16,16.4,16.4,16.2,16.2
2011/02/17,16.2,16.3,16.1,16.1
2011/02/18,16.2,16.4,16.2,16.2
2011/02/21,16.3,16.4,16.2,16.2
2011/02/22,16.0,16.1,15.7,15.8
2011/02/23,15.8,16.1,15.7,15.8
2011/02/24,15.8,16.1,15.8,15.9
2011/02/25,16.0,16.2,15.8,16.2
2011/03/01,16.2,17.0,16.2,17.0
2011/03/02,16.7,16.8,16.5,16.6
2011/03/03,16.8,16.9,16.6,16.7
2011/03/04,16.8,16.9,16.5,16.5
2011/03/07,16.5,16.5,16.2,16.3
2011/03/08,16.1,16.6,16.1,16.3
2011/03/09,16.4,16.5,16.2,16.2
2011/03/10,16.0,16.2,15.9,15.9
2011/03/11,15.8,15.8,15.6,15.8
2011/03/14,15.5,15.6,14.8,15.2
2011/03/15,15.0,15.2,14.1,14.1
2011/03/16,14.2,14.4,14.0,14.2
2011/03/17,14.0,14.2,13.8,14.2
2011/03/18,14.3,14.6,14.3,14.5
2011/03/21,14.6,14.8,14.5,14.8
2011/03/22,14.8,15.0,14.8,15.0
2011/03/23,15.0,15.0,14.8,15.0
2011/03/24,15.1,15.2,15.0,15.1
2011/03/25,15.2,15.3,15.1,15.1
2011/03/28,15.1,15.1,14.8,14.8
2011/03/29,14.8,14.8,14.6,14.8
2011/03/30,14.8,15.0,14.8,14.9
2011/03/31,15.0,15.0,14.9,15.0
2011/04/01,15.0,15.1,14.8,15.0
2011/04/06,15.0,15.2,14.9,15.2
2011/04/07,15.3,15.3,15.1,15.1
2011/04/08,15.2,15.2,15.0,15.2
2011/04/11,15.2,15.6,15.2,15.4
2011/04/12,15.4,15.4,15.0,15.2
2011/04/13,15.2,15.2,15.0,15.2
2011/04/14,15.2,15.2,15.0,15.1
2011/04/15,15.2,15.2,15.0,15.0
2011/04/18,15.0,15.1,14.8,14.8
2011/04/19,14.7,14.8,14.6,14.8
2011/04/20,15.0,15.0,14.8,15.0
2011/04/21,15.1,15.4,15.0,15.1
2011/04/22,15.1,15.2,15.0,15.2
2011/04/25,15.2,15.2,15.0,15.0
2011/04/26,15.0,15.1,15.0,15.1
2011/04/27,15.1,15.2,15.1,15.2
2011/04/28,15.2,15.2,15.0,15.0
2011/04/29,14.8,15.2,14.7,14.9
2011/05/03,14.7,14.8,14.2,14.3
2011/05/04,14.3,14.4,14.0,14.2
2011/05/05,14.2,14.4,14.2,14.2
2011/05/06,14.1,14.2,14.0,14.1
2011/05/09,14.2,14.2,14.1,14.2
2011/05/10,14.2,14.2,14.1,14.2
2011/05/11,14.2,14.2,13.9,14.0
2011/05/12,14.0,14.0,13.9,14.0
2011/05/13,14.0,14.2,14.0,14.0
2011/05/16,14.0,14.2,14.0,14.0
2011/05/17,14.0,14.0,14.0,14.0
2011/05/18,14.0,14.2,14.0,14.2
2011/05/19,14.2,14.2,14.0,14.0
2011/05/20,14.0,14.1,13.9,14.0
2011/05/23,13.9,14.0,13.8,13.8
2011/05/24,13.8,14.0,13.8,13.9
2011/05/25,13.8,14.1,13.8,14.0
2011/05/26,14.1,14.3,14.1,14.2
2011/05/27,14.2,14.4,14.2,14.3
2011/05/30,14.3,14.4,14.2,14.3
2011/05/31,14.3,14.9,14.3,14.8
2011/06/01,14.8,14.8,14.6,14.6
2011/06/02,14.6,14.9,14.4,14.8
2011/06/03,14.8,14.8,14.7,14.8
2011/06/07,14.8,14.9,14.6,14.8
2011/06/08,14.8,15.0,14.8,14.8
2011/06/09,14.8,14.9,14.8,14.8
2011/06/10,14.8,14.9,14.6,14.6
2011/06/13,14.6,14.6,14.4,14.4
2011/06/14,14.4,14.6,14.4,14.5
2011/06/15,14.5,14.8,14.4,14.6
2011/06/16,14.6,14.6,14.4,14.4
2011/06/17,14.4,14.5,14.1,14.2
2011/06/20,14.2,14.3,13.7,13.8
2011/06/21,13.8,14.0,13.8,14.0
2011/06/22,14.0,14.2,14.0,14.1
2011/06/23,14.1,14.2,14.0,14.0
2011/06/24,14.0,14.2,13.9,14.1
2011/06/27,14.0,14.0,14.0,14.0
2011/06/28,14.0,14.2,14.0,14.0
2011/06/29,14.0,14.2,13.9,14.0
2011/06/30,14.0,14.0,13.9,13.9
2011/07/01,14.2,14.5,14.2,14.2
2011/07/04,14.2,14.4,14.2,14.2
2011/07/05,14.2,14.3,14.2,14.2
2011/07/06,14.1,14.8,14.1,14.7
2011/07/07,14.9,14.9,14.7,14.8
2011/07/08,14.8,14.8,14.6,14.6
2011/07/11,14.5,14.6,14.4,14.4
2011/07/12,14.4,14.4,14.2,14.2
2011/07/13,14.2,14.4,14.2,14.2
2011/07/14,14.1,14.3,14.0,14.2
2011/07/15,14.2,14.8,14.2,14.8
2011/07/18,14.7,14.8,14.3,14.6
2011/07/19,14.6,14.8,14.6,14.6
2011/07/20,14.7,15.0,14.7,14.8
2011/07/21,14.8,15.0,14.8,14.8
2011/07/22,14.9,15.0,14.8,14.8
2011/07/25,14.8,15.0,14.8,14.9
2011/07/26,15.0,15.0,14.8,14.9
2011/07/27,14.8,14.9,14.6,14.8
2011/07/28,14.7,14.8,14.6,14.6
2011/07/29,14.6,14.7,14.4,14.4
2011/08/01,14.5,14.7,14.5,14.6
2011/08/02,14.4,14.6,14.2,14.3
2011/08/03,14.0,14.1,13.8,14.0
2011/08/04,14.0,14.2,14.0,14.0
2011/08/05,13.3,13.3,13.0,13.0
2011/08/08,12.8,13.0,12.2,12.2
2011/08/09,10.8,11.2,10.8,10.8
2011/08/10,11.2,11.6,11.1,11.6
2011/08/11,11.0,12.4,11.0,12.3
2011/08/12,12.5,12.7,12.1,12.2
2011/08/15,12.2,12.6,12.2,12.6
2011/08/16,12.6,12.9,12.6,12.8
2011/08/17,12.7,13.1,12.7,13.1
2011/08/18,13.0,13.2,12.8,13.0
2011/08/19,12.6,12.8,12.2,12.2
2011/08/22,12.6,12.6,11.6,11.8
2011/08/23,12.0,12.6,11.9,12.4
2011/08/24,12.4,12.5,12.1,12.2
2011/08/25,12.2,12.3,11.9,11.9
2011/08/26,12.0,12.4,12.0,12.4
2011/08/29,12.4,12.7,12.4,12.7
2011/08/30,13.6,13.6,13.4,13.6
2011/08/31,13.4,13.7,13.4,13.6
2011/09/01,13.7,13.7,13.4,13.6
2011/09/02,13.4,13.6,13.3,13.6
2011/09/05,13.3,13.4,13.2,13.3
2011/09/06,13.4,13.6,13.1,13.2
2011/09/07,13.4,13.6,13.2,13.4
2011/09/08,13.6,13.6,13.4,13.4
2011/09/09,13.4,13.6,13.3,13.6
2011/09/13,13.4,13.5,13.2,13.2
2011/09/14,13.4,13.4,12.8,13.2
2011/09/15,13.4,13.6,13.4,13.6
2011/09/16,13.7,14.0,13.7,14.0
2011/09/19,14.0,14.0,13.8,14.0
2011/09/20,14.0,14.1,13.8,14.1
2011/09/21,14.2,14.2,14.0,14.0
2011/09/22,13.8,13.9,13.6,13.8
2011/09/23,13.4,13.5,13.0,13.5
2011/09/26,13.5,13.6,13.2,13.2
2011/09/27,13.4,13.8,13.4,13.8
2011/09/28,13.7,14.0,13.7,13.9
2011/09/29,13.8,14.0,13.8,14.0
2011/09/30,13.9,14.0,13.8,14.0
2011/10/03,13.8,14.0,13.7,14.0
2011/10/04,13.8,14.1,13.5,14.1
2011/10/05,14.2,14.3,13.9,14.2
2011/10/06,14.3,14.4,14.0,14.0
2011/10/07,14.0,14.4,14.0,14.3
2011/10/11,14.4,14.4,14.3,14.4
2011/10/12,14.4,14.6,14.3,14.5
2011/10/13,14.5,14.5,14.3,14.5
2011/10/14,14.4,14.5,14.4,14.4
2011/10/17,14.5,14.6,14.3,14.4
2011/10/18,14.3,14.5,14.3,14.3
2011/10/19,14.4,14.5,14.2,14.4
2011/10/20,14.4,14.5,14.4,14.4
2011/10/21,14.4,14.6,14.4,14.5
2011/10/24,14.6,14.6,14.4,14.6
2011/10/25,14.6,14.6,14.4,14.4
2011/10/26,14.3,14.4,14.3,14.3
2011/10/27,14.3,14.4,14.0,14.0
2011/10/28,14.1,14.2,13.6,13.6
2011/10/31,13.6,13.6,13.4,13.5
2011/11/01,13.4,13.9,13.4,13.8
2011/11/02,13.6,13.7,13.6,13.6
2011/11/03,13.6,13.7,13.4,13.4
2011/11/04,13.6,13.6,13.4,13.4
2011/11/07,13.5,13.6,13.4,13.4
2011/11/08,13.5,13.7,13.5,13.6
2011/11/09,13.6,13.8,13.4,13.4
2011/11/10,13.2,13.4,12.8,12.8
2011/11/11,12.8,13.0,12.8,12.9
2011/11/14,13.1,13.2,13.0,13.2
2011/11/15,13.2,13.3,12.8,12.8
2011/11/16,12.8,13.0,12.6,12.6
2011/11/17,12.6,12.8,12.5,12.6
2011/11/18,12.6,12.8,12.5,12.6
2011/11/21,12.5,12.6,11.8,11.8
2011/11/22,11.8,12.0,11.6,11.7
2011/11/23,11.6,11.8,11.0,11.0
2011/11/24,10.6,11.3,10.6,11.2
2011/11/25,11.4,11.4,11.0,11.2
2011/11/28,11.4,11.6,11.2,11.4
2011/11/29,11.5,11.8,11.4,11.8
2011/11/30,11.8,11.8,11.3,11.3
2011/12/01,11.8,12.0,11.7,11.8
2011/12/02,11.8,11.9,11.7,11.8
2011/12/05,11.8,12.0,11.6,12.0
2011/12/06,11.8,11.9,11.5,11.6
2011/12/07,11.7,11.8,11.7,11.8
2011/12/08,12.0,12.3,12.0,12.2
2011/12/09,12.1,12.6,12.0,12.5
2011/12/12,12.6,12.8,12.6,12.8
2011/12/13,12.6,12.8,12.5,12.8
2011/12/14,12.6,12.8,12.6,12.8
2011/12/15,12.7,12.8,12.6,12.6
2011/12/16,12.6,12.7,12.6,12.6
2011/12/19,12.6,12.6,12.2,12.4
2011/12/20,12.3,12.6,12.2,12.6
2011/12/21,12.6,13.0,12.6,12.9
2011/12/22,12.9,13.0,12.8,12.8
2011/12/23,13.0,13.0,12.8,13.0
2011/12/26,13.1,13.2,12.8,13.0
2011/12/27,13.0,13.0,12.8,13.0
2011/12/28,13.0,13.0,12.8,13.0
2011/12/29,12.8,13.0,12.8,12.9
2011/12/30,12.9,12.9,12.7,12.9
2012/01/02,12.8,12.8,12.7,12.8
2012/01/03,12.8,13.0,12.7,12.8
2012/01/04,12.9,13.0,12.8,12.9
2012/01/05,12.9,13.0,12.8,13.0
2012/01/06,12.9,13.0,12.7,12.9
2012/01/09,12.8,13.0,12.7,12.9
2012/01/10,12.7,12.9,12.6,12.9
2012/01/11,12.9,12.9,12.6,12.8
2012/01/12,12.8,12.8,12.6,12.6
2012/01/13,12.6,12.8,12.5,12.5
2012/01/16,12.8,12.8,12.3,12.5
2012/01/17,12.6,12.6,12.4,12.6
2012/01/18,12.6,12.6,12.3,12.5
2012/01/30,12.7,12.8,12.6,12.7
2012/01/31,12.8,12.8,12.6,12.6
2012/02/01,12.6,13.3,12.6,13.0
2012/02/02,13.2,13.2,13.0,13.2
2012/02/03,13.3,13.3,13.1,13.2
2012/02/06,13.0,13.0,12.6,12.6
2012/02/07,12.6,12.8,12.6,12.6
2012/02/08,12.8,12.8,12.6,12.8
2012/02/09,12.8,13.0,12.6,13.0
2012/02/10,13.1,13.2,12.9,13.0
2012/02/13,12.9,13.0,12.6,12.8
2012/02/14,12.9,12.9,12.5,12.5
2012/02/15,12.6,12.8,12.5,12.6
2012/02/16,12.7,13.4,12.6,13.4
2012/02/17,14.0,14.4,13.7,14.0
2012/02/20,14.0,14.3,13.8,13.8
2012/02/21,13.8,14.0,13.6,13.8
2012/02/22,13.7,14.1,13.7,14.0
2012/02/23,14.0,14.0,13.6,13.8
2012/02/24,13.8,13.8,13.6,13.8
2012/02/29,13.8,14.0,13.7,13.7
2012/03/01,13.7,13.9,13.6,13.9
2012/03/02,14.0,14.6,13.8,14.6
2012/03/05,16.0,16.4,15.6,16.0
2012/03/06,16.0,16.0,14.8,15.2
2012/03/07,14.9,15.2,14.7,15.0
2012/03/08,15.4,15.4,15.0,15.0
2012/03/09,15.0,15.9,14.9,15.7
2012/03/12,15.7,15.7,15.0,15.0
2012/03/13,15.2,15.6,15.1,15.2
2012/03/14,15.6,15.6,15.1,15.2
2012/03/15,15.2,15.2,15.0,15.2
2012/03/16,15.0,15.4,14.8,14.8
2012/03/19,14.8,15.0,14.8,14.8
2012/03/20,14.7,15.0,14.7,14.8
2012/03/21,14.8,15.2,14.7,14.9
2012/03/22,15.0,15.1,14.8,15.0
2012/03/23,15.0,15.2,14.8,15.0
2012/03/26,15.1,15.4,15.0,15.2
2012/03/27,15.4,15.4,15.0,15.1
2012/03/28,15.1,15.2,14.9,15.0
2012/03/29,14.8,15.0,14.0,14.4
2012/03/30,14.3,14.6,14.2,14.4
2012/04/02,14.3,14.6,14.3,14.6
2012/04/03,14.5,14.6,14.0,14.3
2012/04/05,13.6,14.2,13.4,14.2
2012/04/06,14.4,14.6,14.2,14.5
2012/04/09,14.2,14.3,14.0,14.2
2012/04/10,14.2,14.2,14.0,14.0
2012/04/11,13.8,14.3,13.8,14.0
2012/04/12,14.0,14.1,13.8,14.0
2012/04/13,14.3,14.3,14.0,14.1
2012/04/16,14.1,14.1,13.8,14.0
2012/04/17,14.0,14.0,13.6,13.6
2012/04/18,14.0,14.0,13.5,13.5
2012/04/19,13.5,13.6,13.2,13.2
2012/04/20,13.2,13.2,12.6,12.7
2012/04/23,12.8,13.0,12.5,12.5
2012/04/24,12.5,12.8,12.4,12.8
2012/04/25,13.1,13.2,13.0,13.2
2012/04/26,13.2,13.5,13.0,13.2
2012/04/27,13.3,13.3,13.0,13.0
2012/04/30,13.0,13.0,12.8,12.8
2012/05/02,13.0,13.6,13.0,13.5
2012/05/03,13.5,13.6,13.2,13.2
2012/05/04,13.2,13.4,13.2,13.4
2012/05/07,13.1,13.2,13.0,13.2
2012/05/08,13.2,13.4,13.2,13.3
2012/05/09,13.2,13.4,13.2,13.2
2012/05/10,13.2,13.4,13.0,13.4
2012/05/11,13.4,13.4,13.1,13.3
2012/05/14,13.3,13.3,13.0,13.1
2012/05/15,13.0,13.0,12.8,13.0
2012/05/16,13.2,13.9,13.2,13.9
2012/05/17,14.0,14.3,13.8,13.8
2012/05/18,13.5,13.8,13.5,13.6
2012/05/21,13.7,14.1,13.6,14.0
2012/05/22,14.2,14.2,14.0,14.0
2012/05/23,14.0,14.1,13.8,14.1
2012/05/24,14.1,14.1,13.8,13.9
2012/05/25,14.0,14.0,13.8,13.8
2012/05/28,13.8,14.2,13.8,14.0
2012/05/29,14.0,14.4,14.0,14.2
2012/05/30,14.3,14.3,14.1,14.2
2012/05/31,14.0,14.2,14.0,14.2
2012/06/01,14.3,14.3,14.0,14.0
2012/06/04,13.8,13.8,13.6,13.8
2012/06/05,14.0,14.2,13.9,14.0
2012/06/06,14.2,14.6,14.0,14.6
2012/06/07,14.8,15.0,14.4,14.6
2012/06/08,14.4,14.5,14.4,14.4
2012/06/11,14.6,14.7,14.5,14.6
2012/06/12,14.6,14.7,14.4,14.6
2012/06/13,14.8,14.8,14.6,14.8
2012/06/14,14.8,15.0,14.6,14.9
2012/06/15,14.9,15.9,14.8,15.9
2012/06/18,15.9,15.9,15.4,15.5
2012/06/19,15.4,15.6,15.4,15.4
2012/06/20,15.5,15.6,15.4,15.5
2012/06/21,15.5,15.6,15.4,15.6
2012/06/22,15.4,15.6,15.3,15.6
2012/06/25,15.6,15.7,15.4,15.6
2012/06/26,15.5,15.7,15.5,15.6
2012/06/27,15.6,15.8,15.6,15.6
2012/06/28,15.8,15.8,15.6,15.6
2012/06/29,15.6,15.8,15.5,15.6
2012/07/02,15.6,15.7,15.6,15.6
2012/07/03,15.6,15.8,15.6,15.8
2012/07/04,15.9,16.2,15.8,16.2
2012/07/05,16.2,16.2,15.9,16.0
2012/07/06,15.9,16.0,15.8,15.9
2012/07/09,15.6,16.2,15.6,16.2
2012/07/10,16.2,16.2,15.7,15.7
2012/07/11,15.6,15.8,15.6,15.8
2012/07/12,15.8,15.8,15.6,15.8
2012/07/13,15.6,16.0,15.3,15.3
2012/07/16,15.3,15.3,14.8,14.8
2012/07/17,14.6,14.8,14.5,14.5
2012/07/18,14.5,14.6,14.3,14.5
2012/07/19,14.6,14.8,14.4,14.4
2012/07/20,14.5,14.6,14.4,14.6
2012/07/23,14.6,14.6,14.4,14.4
2012/07/24,14.4,14.5,14.4,14.4
2012/07/25,14.4,14.5,14.2,14.4
2012/07/26,14.4,14.5,14.3,14.4
2012/07/27,14.4,14.6,14.4,14.4
2012/07/30,14.6,14.6,14.4,14.4
2012/07/31,14.4,14.5,14.0,14.0
2012/08/01,14.0,14.3,14.0,14.3
2012/08/03,14.3,14.3,14.0,14.2
2012/08/06,14.3,14.4,14.2,14.2
2012/08/07,14.2,14.2,14.0,14.0
2012/08/08,14.1,14.2,14.0,14.0
2012/08/09,13.2,13.4,13.1,13.4
2012/08/10,13.4,13.6,13.3,13.4
2012/08/13,13.5,13.6,13.4,13.4
2012/08/14,13.4,13.6,13.3,13.4
2012/08/15,13.4,13.6,13.4,13.5
2012/08/16,13.6,13.7,13.4,13.6
2012/08/17,13.8,14.0,13.6,14.0
2012/08/20,14.0,14.2,14.0,14.2
2012/08/21,14.4,14.6,14.2,14.3
2012/08/22,14.2,14.3,14.1,14.1
2012/08/23,14.1,14.2,14.1,14.2
2012/08/24,14.0,14.2,13.9,14.0
2012/08/27,13.9,14.0,13.9,14.0
2012/08/28,13.9,14.0,13.8,13.8
2012/08/29,13.8,14.0,13.8,14.0
2012/08/30,14.1,14.2,14.0,14.2
2012/08/31,14.0,14.5,14.0,14.4
2012/09/03,14.5,14.6,14.4,14.6
2012/09/04,14.6,14.6,14.4,14.5
2012/09/05,14.5,14.6,14.3,14.3
2012/09/06,14.3,14.6,14.2,14.4
2012/09/07,14.6,14.6,14.4,14.4
2012/09/10,14.4,14.5,14.3,14.4
2012/09/11,14.4,14.5,14.3,14.4
2012/09/12,14.4,14.6,14.4,14.4
2012/09/13,14.4,14.5,14.3,14.3
2012/09/14,14.4,14.6,14.4,14.5
2012/09/17,14.6,14.8,14.4,14.4
2012/09/18,14.3,14.6,14.2,14.4
2012/09/19,14.4,14.6,14.4,14.5
2012/09/20,14.6,14.6,14.4,14.6
2012/09/21,14.7,14.8,14.4,14.5
2012/09/24,14.5,14.6,14.3,14.4
2012/09/25,14.4,14.6,14.4,14.6
2012/09/26,14.5,14.6,14.4,14.4
2012/09/27,14.2,14.5,14.2,14.4
2012/09/28,14.4,14.5,14.2,14.4
2012/10/01,14.3,14.6,14.3,14.4
2012/10/02,14.6,15.0,14.6,14.6
2012/10/03,14.7,14.7,14.4,14.5
2012/10/04,14.5,14.6,14.3,14.4
2012/10/05,14.5,14.5,14.2,14.2
2012/10/08,14.2,14.2,14.0,14.0
2012/10/09,13.9,14.2,13.9,14.1
2012/10/11,13.9,14.0,13.6,13.7
2012/10/12,13.7,14.0,13.6,13.7
2012/10/15,13.7,13.8,13.5,13.6
2012/10/16,13.8,13.8,13.6,13.7
2012/10/17,13.9,13.9,13.6,13.6
2012/10/18,13.6,13.8,13.2,13.3
2012/10/19,13.3,13.4,13.1,13.2
2012/10/22,13.0,13.1,13.0,13.0
2012/10/23,13.0,13.2,13.0,13.0
2012/10/24,13.0,13.0,12.9,13.0
2012/10/25,13.0,13.2,12.8,12.8
2012/10/26,13.1,13.1,12.4,12.4
2012/10/29,12.5,12.5,12.3,12.4
2012/10/30,12.7,13.2,12.7,13.2
2012/10/31,13.4,13.4,13.0,13.2
2012/11/01,13.0,13.4,13.0,13.1
2012/11/02,13.2,13.2,12.5,12.5
2012/11/05,12.6,12.9,12.5,12.8
2012/11/06,12.9,13.0,12.8,13.0
2012/11/07,13.1,13.1,13.0,13.1
2012/11/08,12.8,13.0,12.8,13.0
2012/11/09,12.8,13.1,12.8,13.0
2012/11/12,13.2,13.2,13.0,13.0
2012/11/13,13.0,13.1,12.8,12.9
2012/11/14,13.0,13.0,12.8,12.9
2012/11/15,12.8,13.0,12.8,12.8
2012/11/16,12.8,13.0,12.8,13.0
2012/11/19,13.0,13.2,13.0,13.0
2012/11/20,13.2,13.2,12.9,12.9
2012/11/21,12.9,13.0,12.8,12.8
2012/11/22,12.8,13.0,12.8,12.8
2012/11/23,12.9,13.1,12.9,13.1
2012/11/26,13.3,13.3,13.2,13.2
2012/11/27,13.2,13.3,13.2,13.2
2012/11/28,13.1,13.2,13.1,13.2
2012/11/29,13.4,13.4,13.2,13.4
2012/11/30,13.4,13.6,13.4,13.6
2012/12/03,13.7,13.9,13.6,13.8
2012/12/04,13.7,14.0,13.7,13.8
2012/12/05,13.8,14.2,13.7,14.0
2012/12/06,14.1,14.1,13.9,13.9
2012/12/07,13.9,14.0,13.8,13.9
2012/12/10,14.0,14.1,13.8,13.8
2012/12/11,13.8,13.8,13.6,13.8
2012/12/12,13.8,13.8,13.8,13.8
2012/12/13,13.8,13.9,13.8,13.8
2012/12/14,13.8,13.9,13.6,13.6
2012/12/17,13.7,13.7,13.6,13.7
2012/12/18,13.6,14.0,13.6,13.9
2012/12/19,14.0,14.0,13.9,14.0
2012/12/20,14.0,14.0,13.8,13.8
2012/12/21,13.8,13.8,13.6,13.6
2012/12/24,13.8,13.8,13.7,13.8
2012/12/25,13.8,14.0,13.8,14.0
2012/12/26,14.0,14.0,13.8,13.9
2012/12/27,13.9,14.0,13.8,14.0
2012/12/28,14.0,14.0,13.9,14.0
2013/01/02,14.0,14.1,14.0,14.0
2013/01/03,14.1,14.2,14.0,14.1
2013/01/04,14.0,14.2,14.0,14.0
2013/01/07,14.0,14.1,14.0,14.0
2013/01/08,14.0,14.0,14.0,14.0
2013/01/09,14.0,14.0,14.0,14.0
2013/01/10,14.0,14.0,13.8,13.9
2013/01/11,14.0,14.0,13.8,13.9
2013/01/14,13.9,14.0,13.8,13.9
2013/01/15,14.0,14.0,13.9,14.0
2013/01/16,14.0,14.0,13.8,13.9
2013/01/17,14.0,14.0,13.6,13.6
2013/01/18,13.6,13.9,13.6,13.9
2013/01/21,13.9,13.9,13.8,13.8
2013/01/22,13.8,13.8,13.8,13.8
2013/01/23,13.8,13.8,13.7,13.8
2013/01/24,13.8,13.8,13.6,13.7
2013/01/25,13.8,13.8,13.6,13.6
2013/01/28,13.6,13.8,13.6,13.8
2013/01/29,13.8,14.0,13.8,14.0
2013/01/30,13.9,14.0,13.8,14.0
2013/01/31,14.0,14.1,13.6,13.6
2013/02/01,13.7,13.8,13.6,13.7
2013/02/04,13.9,13.9,13.8,13.8
2013/02/05,13.7,13.8,13.6,13.7
2013/02/06,13.9,13.9,13.7,13.7
2013/02/18,13.9,13.9,13.7,13.7
2013/02/19,13.8,14.0,13.7,13.9
2013/02/20,13.9,14.0,13.8,13.9
2013/02/21,13.8,14.0,13.8,13.9
2013/02/22,13.9,13.9,13.8,13.9
2013/02/25,14.0,14.2,13.9,14.1
2013/02/26,14.0,14.1,14.0,14.0
2013/02/27,14.1,14.1,14.0,14.0
2013/03/01,14.1,14.6,14.1,14.4
2013/03/04,14.4,14.4,14.2,14.2
2013/03/05,14.2,14.7,14.2,14.6
2013/03/06,14.6,14.7,14.4,14.5
2013/03/07,14.5,14.6,14.4,14.4
2013/03/08,14.6,14.6,14.3,14.3
2013/03/11,14.4,14.4,14.2,14.3
2013/03/12,14.4,14.4,14.1,14.1
2013/03/13,14.2,14.2,14.1,14.1
2013/03/14,14.1,14.2,14.0,14.0
2013/03/15,14.0,14.2,14.0,14.0
2013/03/18,13.9,14.1,13.8,13.8
2013/03/19,14.0,14.0,13.8,14.0
2013/03/20,14.0,14.0,13.8,13.8
2013/03/21,14.0,14.0,13.9,13.9
2013/03/22,13.8,14.1,13.8,14.0
2013/03/25,14.1,14.2,14.0,14.0
2013/03/26,14.0,14.1,13.9,13.9
2013/03/27,14.0,14.0,13.9,14.0
2013/03/28,14.0,14.1,13.9,14.1
2013/03/29,14.0,14.1,14.0,14.1
2013/04/01,14.2,14.2,14.0,14.0
2013/04/02,14.0,14.0,13.9,13.9
2013/04/03,14.0,14.0,14.0,14.0
2013/04/08,13.8,13.9,13.5,13.5
2013/04/09,13.6,13.6,13.5,13.6
2013/04/10,13.7,13.7,13.6,13.6
2013/04/11,13.7,13.8,13.6,13.7
2013/04/12,13.7,13.8,13.6,13.8
2013/04/15,13.7,13.8,13.6,13.6
2013/04/16,13.6,13.7,13.4,13.6
2013/04/17,13.7,13.8,13.6,13.6
2013/04/18,13.6,13.8,13.6,13.8
2013/04/19,13.8,14.0,13.8,13.9
2013/04/22,14.0,14.0,13.8,13.9
2013/04/23,13.9,13.9,13.8,13.9
2013/04/24,14.0,14.1,13.9,14.0
2013/04/25,13.9,13.9,13.8,13.8
2013/04/26,13.8,13.8,13.8,13.8
2013/04/29,13.8,13.8,13.7,13.8
2013/04/30,13.8,13.9,13.8,13.8
2013/05/02,13.8,13.8,13.8,13.8
2013/05/03,13.8,13.8,13.8,13.8
2013/05/06,14.0,14.4,14.0,14.2
2013/05/07,14.2,14.3,14.1,14.2
2013/05/08,14.2,14.3,14.1,14.2
2013/05/09,14.3,14.4,14.2,14.4
2013/05/10,14.4,14.4,14.3,14.4
2013/05/13,14.4,14.4,14.2,14.4
2013/05/14,14.6,14.9,14.6,14.8
2013/05/15,14.8,14.9,14.6,14.8
2013/05/16,15.0,15.1,14.9,15.0
2013/05/17,15.1,15.2,15.0,15.0
2013/05/20,15.0,15.3,14.9,15.2
2013/05/21,15.3,15.4,15.1,15.2
2013/05/22,15.2,15.3,15.2,15.2
2013/05/23,15.2,15.4,15.1,15.1
2013/05/24,15.1,15.2,15.1,15.2
2013/05/27,15.3,15.7,15.3,15.6
2013/05/28,15.7,15.9,15.6,15.8
2013/05/29,15.8,16.0,15.6,15.7
2013/05/30,15.7,15.8,15.6,15.8
2013/05/31,15.8,15.9,15.6,15.8
2013/06/03,15.6,15.8,15.6,15.7
2013/06/04,15.8,16.2,15.8,15.8
2013/06/05,15.8,16.0,15.8,15.8
2013/06/06,15.8,15.8,15.4,15.5
2013/06/07,15.5,15.6,15.2,15.4
2013/06/10,15.6,15.7,15.6,15.7
2013/06/11,15.8,15.8,15.5,15.6
2013/06/13,15.4,15.5,15.2,15.2
2013/06/14,15.4,15.4,15.1,15.2
2013/06/17,15.2,15.3,15.2,15.2
2013/06/18,15.3,15.7,15.2,15.6
2013/06/19,16.0,16.2,15.7,15.7
2013/06/20,15.6,15.8,15.5,15.6
2013/06/21,15.3,15.4,14.9,14.9
2013/06/24,15.0,15.4,15.0,15.4
2013/06/25,15.4,15.4,15.2,15.3
2013/06/26,15.4,15.6,15.2,15.5
2013/06/27,15.5,15.7,15.4,15.7
2013/06/28,15.8,15.9,15.6,15.7
2013/07/01,15.6,15.9,15.6,15.9
2013/07/02,16.0,16.2,15.9,16.0
2013/07/03,16.0,16.2,15.8,15.8
2013/07/04,15.9,16.0,15.8,15.8
2013/07/05,16.0,16.0,15.8,15.8
2013/07/08,15.9,16.0,15.8,15.8
2013/07/09,15.9,16.0,15.8,15.9
2013/07/10,16.0,16.1,15.8,16.0
2013/07/11,16.0,16.1,16.0,16.0
2013/07/12,16.0,16.0,16.0,16.0
2013/07/15,16.0,16.2,16.0,16.2
2013/07/16,16.2,16.8,16.2,16.7
2013/07/17,16.8,17.2,16.6,17.0
2013/07/18,17.0,17.2,16.8,16.9
2013/07/19,16.9,17.1,16.6,16.8
2013/07/22,17.0,17.2,17.0,17.0
2013/07/23,17.0,17.2,17.0,17.0
2013/07/24,17.0,17.8,17.0,17.6
2013/07/25,17.6,17.8,17.5,17.5
2013/07/26,17.8,18.1,17.8,17.8
2013/07/29,18.0,18.2,17.8,17.8
2013/07/30,17.9,18.0,17.7,17.9
2013/07/31,17.9,17.9,17.5,17.8
2013/08/01,17.9,17.9,17.7,17.8
2013/08/02,17.8,17.8,17.5,17.5
2013/08/05,17.6,18.0,17.6,18.0
2013/08/06,18.0,18.0,17.8,17.8
2013/08/07,17.6,17.8,17.5,17.6
2013/08/08,17.5,17.9,17.5,17.8
2013/08/09,17.8,17.9,17.6,17.8
2013/08/12,17.8,17.9,17.6,17.8
2013/08/13,16.8,17.0,16.6,17.0
2013/08/14,17.0,17.2,16.8,17.1
2013/08/15,16.9,17.0,16.8,16.8
2013/08/16,16.8,17.0,16.8,16.9
2013/08/19,17.0,17.0,16.8,16.8
2013/08/20,16.8,17.2,16.8,17.0
2013/08/22,16.8,17.2,16.8,17.1
2013/08/23,17.2,17.7,17.2,17.6
2013/08/26,18.0,18.1,17.7,17.8
2013/08/27,17.8,18.0,17.4,17.5
2013/08/28,17.2,17.4,17.2,17.3
2013/08/29,17.4,17.8,17.4,17.6
2013/08/30,17.6,17.9,17.5,17.5
2013/09/02,17.5,18.1,17.5,18.0
2013/09/03,18.3,18.4,18.0,18.2
2013/09/04,18.2,18.5,18.0,18.4
2013/09/05,18.4,18.7,18.4,18.5
2013/09/06,18.7,19.5,18.7,19.4
2013/09/09,19.6,19.6,18.9,19.4
2013/09/10,19.5,19.7,18.9,19.2
2013/09/11,19.1,19.2,18.8,19.2
2013/09/12,19.4,19.5,19.1,19.2
2013/09/13,19.2,19.2,18.8,19.0
2013/09/16,18.5,19.0,18.5,19.0
2013/09/17,19.0,19.0,18.8,19.0
2013/09/18,19.0,19.0,18.8,19.0
2013/09/23,19.0,19.1,18.8,19.1
2013/09/24,19.1,19.2,18.9,19.1
2013/09/25,19.1,19.1,19.0,19.0
2013/09/26,19.0,19.0,18.6,18.8
2013/09/27,18.7,18.9,18.6,18.9
2013/09/30,18.9,19.0,18.8,19.0
2013/10/01,19.0,19.0,18.8,18.8
2013/10/02,18.9,19.4,18.9,19.4
2013/10/03,19.6,19.7,19.5,19.6
2013/10/04,19.5,19.9,19.5,19.6
2013/10/07,19.7,19.8,19.2,19.2
2013/10/08,19.2,19.4,19.0,19.0
2013/10/09,19.0,19.1,18.7,18.7
2013/10/11,19.2,19.4,18.9,19.4
2013/10/14,19.4,19.5,19.2,19.2
2013/10/15,19.3,19.5,19.2,19.3
2013/10/16,19.3,19.3,19.2,19.2
2013/10/17,19.4,19.5,19.2,19.4
2013/10/18,19.5,19.5,19.4,19.5
2013/10/21,19.8,19.8,19.5,19.5
2013/10/22,19.5,19.5,19.4,19.5
2013/10/23,19.5,19.8,19.5,19.5
2013/10/24,19.5,19.6,19.3,19.4
2013/10/25,19.4,19.5,19.4,19.4
2013/10/28,19.4,19.5,19.3,19.4
2013/10/29,19.5,19.5,19.3,19.4
2013/10/30,19.5,19.5,19.3,19.4
2013/10/31,19.5,19.8,19.4,19.8
2013/11/01,19.8,19.8,19.5,19.5
2013/11/04,19.6,19.7,19.4,19.5
2013/11/05,19.5,19.6,19.0,19.1
2013/11/06,19.1,19.2,18.5,18.5
2013/11/07,18.6,18.9,18.5,18.7
2013/11/08,18.6,18.8,18.5,18.6
2013/11/11,18.8,19.0,18.7,18.7
2013/11/12,18.7,18.9,18.6,18.9
2013/11/13,19.2,19.6,19.2,19.4
2013/11/14,19.6,19.7,19.4,19.6
2013/11/15,19.6,19.8,19.5,19.6
2013/11/18,19.7,20.4,19.6,20.2
2013/11/19,20.2,20.3,20.0,20.2
2013/11/20,20.0,20.8,20.0,20.5
2013/11/21,20.4,20.5,20.2,20.4
2013/11/22,20.4,20.8,20.4,20.8
2013/11/25,21.0,21.2,20.8,20.9
2013/11/26,20.9,21.0,20.7,20.8
2013/11/27,20.8,21.2,20.7,21.0
2013/11/28,21.2,21.4,21.0,21.4
2013/11/29,21.5,21.5,21.2,21.3
2013/12/02,21.3,21.5,21.2,21.4
2013/12/03,21.5,22.7,21.5,22.3
2013/12/04,22.3,22.4,22.0,22.4
2013/12/05,22.5,22.9,22.4,22.8
2013/12/06,22.8,23.0,22.6,22.8
2013/12/09,23.0,23.5,23.0,23.2
2013/12/10,23.6,24.3,23.5,24.2
2013/12/11,24.3,24.3,23.6,23.8
2013/12/12,23.5,24.2,23.5,24.0
2013/12/13,24.0,24.2,24.0,24.1
2013/12/16,24.2,24.2,23.5,23.6
2013/12/17,23.8,24.2,23.8,24.1
2013/12/18,24.3,25.0,24.2,24.7
2013/12/19,24.9,25.0,24.5,24.6
2013/12/20,24.7,24.8,24.3,24.6
2013/12/23,24.7,24.7,23.4,23.5
2013/12/24,23.8,24.0,23.8,23.8
2013/12/25,23.8,24.0,23.7,23.9
2013/12/26,23.6,24.2,23.6,24.1
2013/12/27,24.1,24.1,23.9,24.0
2013/12/30,24.0,24.4,24.0,24.2
2013/12/31,24.2,24.3,24.0,24.2
2014/01/02,24.2,24.8,24.2,24.5
2014/01/03,24.5,25.0,24.3,24.8
2014/01/06,25.0,25.2,24.6,24.6
2014/01/07,24.8,25.0,24.6,24.9
2014/01/08,25.0,25.0,24.8,24.8
2014/01/09,24.8,24.9,23.4,23.6
2014/01/10,24.5,24.5,24.0,24.4
2014/01/13,24.5,24.7,24.3,24.4
2014/01/14,24.3,24.5,24.2,24.4
2014/01/15,24.4,24.9,24.4,24.6
2014/01/16,24.8,25.0,24.5,24.5
2014/01/17,24.4,24.8,24.2,24.4
2014/01/20,24.5,24.9,24.4,24.8
2014/01/21,25.0,26.5,24.9,26.5
2014/01/22,26.7,27.4,26.5,26.6
2014/01/23,26.6,26.6,25.8,26.0
2014/01/24,25.8,26.3,25.8,26.0
2014/01/27,25.6,26.7,25.4,26.5
2014/02/05,26.4,27.7,26.4,27.6
2014/02/06,28.0,29.4,27.6,29.2
2014/02/07,29.5,29.5,28.8,28.8
2014/02/10,29.1,29.8,28.9,29.1
2014/02/11,29.2,30.2,29.2,29.5
2014/02/12,29.8,29.8,29.0,29.3
2014/02/13,29.3,29.3,28.2,28.5
2014/02/14,29.0,29.0,28.5,28.5
2014/02/17,29.0,30.2,29.0,29.8
2014/02/18,30.0,30.0,29.5,29.8
2014/02/19,29.7,30.0,29.4,29.7
2014/02/20,29.5,29.8,28.2,28.4
2014/02/21,28.5,29.2,28.5,28.8
2014/02/24,29.2,30.0,29.1,29.7
2014/02/25,29.7,30.8,29.5,30.2
2014/02/26,30.3,30.6,30.0,30.2
2014/02/27,30.2,30.5,30.2,30.2
2014/03/03,30.0,30.2,29.5,29.8
2014/03/04,29.8,29.8,29.2,29.2
2014/03/05,29.9,30.2,29.5,29.5
2014/03/06,29.8,30.0,29.0,29.1
2014/03/07,29.2,29.3,27.5,28.0
2014/03/10,28.5,28.8,28.2,28.6
2014/03/11,28.8,29.0,28.5,28.8
2014/03/12,28.9,29.3,28.8,29.2
2014/03/13,29.4,29.4,28.8,29.0
2014/03/14,28.9,29.5,28.6,29.3
2014/03/17,29.7,30.2,29.1,29.9
2014/03/18,30.5,30.9,29.5,29.5
2014/03/19,29.7,30.0,29.2,29.8
2014/03/20,29.0,30.0,29.0,29.8
2014/03/21,29.8,30.3,29.5,30.0
2014/03/24,29.1,30.2,29.0,30.1
2014/03/25,30.0,30.3,29.8,30.1
2014/03/26,30.1,30.3,30.0,30.2
2014/03/27,30.2,32.3,30.2,32.3
2014/03/28,31.8,31.8,30.0,30.0
2014/03/31,30.0,30.2,29.5,30.1
2014/04/01,30.0,30.7,30.0,30.3
2014/04/02,30.7,30.8,30.3,30.6
2014/04/03,30.8,30.8,30.2,30.2
2014/04/07,30.3,30.5,30.0,30.0
2014/04/08,30.4,30.7,30.2,30.6
2014/04/09,30.8,31.4,30.8,31.1
2014/04/10,31.9,31.9,30.9,31.4
2014/04/11,31.0,31.6,30.9,31.5
2014/04/14,31.5,31.6,31.1,31.6
2014/04/15,31.7,32.2,31.7,31.9
2014/04/16,32.0,33.2,31.7,33.0
2014/04/17,33.0,33.1,32.5,32.5
2014/04/18,32.6,32.7,32.1,32.2
2014/04/21,32.1,32.7,32.1,32.2
2014/04/22,32.2,34.0,32.2,33.2
2014/04/23,33.2,33.6,32.7,32.9
2014/04/24,33.2,33.8,32.9,32.9
2014/04/25,33.0,33.7,32.1,32.1
2014/04/28,31.5,33.8,31.4,33.1
2014/04/29,33.2,34.0,32.8,33.8
2014/04/30,33.9,34.0,33.0,33.0
2014/05/02,33.1,33.8,32.8,33.3
2014/05/05,33.8,35.2,33.4,34.8
2014/05/06,34.8,35.5,34.3,34.6
2014/05/07,34.4,35.3,34.4,35.0
2014/05/08,35.2,35.8,35.0,35.6
2014/05/09,35.6,36.1,35.0,35.8
2014/05/12,36.0,36.6,35.8,36.2
2014/05/13,36.5,37.0,36.1,36.7
2014/05/14,38.0,38.2,36.8,37.4
2014/05/15,37.5,39.7,37.5,39.4
2014/05/16,39.3,41.5,39.0,41.0
2014/05/19,41.2,42.8,40.0,40.5
2014/05/20,40.9,41.1,40.1,40.4
2014/05/21,40.5,41.1,38.8,39.3
2014/05/22,40.2,42.0,39.7,42.0
2014/05/23,42.0,42.3,41.2,42.2
2014/05/26,42.2,43.5,41.8,42.2
2014/05/27,42.5,43.5,41.7,43.5
2014/05/28,43.5,44.4,43.1,44.4
2014/05/29,44.4,44.5,43.8,44.5
2014/05/30,44.5,45.0,44.0,44.6
2014/06/03,44.7,44.8,42.5,43.2
2014/06/04,43.4,45.2,43.4,44.7
2014/06/05,44.7,45.6,44.1,44.6
2014/06/06,45.0,45.4,44.2,44.5
2014/06/09,44.7,44.8,43.2,44.3
2014/06/10,44.3,44.3,43.0,43.3
2014/06/11,43.3,44.4,43.1,44.0
2014/06/12,44.0,44.0,43.7,43.8
2014/06/13,43.7,43.8,43.0,43.2
2014/06/16,43.0,44.2,42.6,44.0
2014/06/17,44.1,44.2,43.7,43.8
2014/06/18,44.1,44.3,42.5,43.6
2014/06/19,44.0,46.0,43.8,45.9
2014/06/20,46.1,47.0,45.5,45.5
2014/06/23,45.5,45.5,43.0,44.0
2014/06/24,44.0,46.3,44.0,46.0
2014/06/25,45.5,45.6,44.6,44.7
2014/06/26,45.0,45.2,44.3,44.5
2014/06/27,44.6,45.0,44.2,44.5
2014/06/30,44.6,45.1,44.3,45.0
2014/07/01,45.3,45.5,44.7,44.7
2014/07/02,45.1,46.5,44.3,45.1
2014/07/03,45.0,45.5,44.7,45.3
2014/07/04,45.5,46.3,45.0,45.8
2014/07/07,46.0,49.0,45.9,48.4
2014/07/08,48.5,49.9,48.0,48.7
2014/07/09,49.2,52.0,49.2,52.0
2014/07/10,51.7,51.8,50.2,50.6
2014/07/11,50.2,51.7,47.6,48.7
2014/07/14,48.7,49.3,47.9,49.0
2014/07/15,49.8,49.8,48.0,48.2
2014/07/16,48.3,48.3,46.3,46.8
2014/07/17,46.9,48.5,46.7,46.7
2014/07/18,46.8,47.0,45.2,46.4
2014/07/21,47.3,47.5,46.8,46.8
2014/07/22,47.1,49.2,46.8,48.2
2014/07/24,49.2,49.8,48.3,49.7
2014/07/25,50.0,50.0,48.0,48.1
2014/07/28,48.0,48.3,46.9,47.5
2014/07/29,47.8,48.3,44.8,45.8
2014/07/30,45.8,46.7,44.9,46.2
2014/07/31,46.5,47.2,45.6,46.5
2014/08/01,44.0,45.8,44.0,45.5
2014/08/04,45.5,45.5,44.8,44.8
2014/08/05,45.0,45.5,44.8,44.8
2014/08/06,44.8,45.3,41.8,42.1
2014/08/07,42.1,42.7,39.3,40.0
2014/08/08,40.0,40.3,38.0,40.1
2014/08/11,41.1,42.9,40.0,42.9
2014/08/12,43.1,43.2,41.6,42.1
2014/08/13,40.5,42.9,40.3,42.9
2014/08/14,43.5,44.3,41.7,41.8
2014/08/15,41.6,42.5,41.2,42.1
2014/08/18,42.2,42.5,41.0,42.2
2014/08/19,43.3,44.3,42.5,43.4
2014/08/20,43.5,43.6,42.3,42.3
2014/08/21,41.5,41.8,40.4,40.8
2014/08/22,40.8,42.0,40.4,41.3
2014/08/25,41.3,41.8,41.0,41.8
2014/08/26,42.0,42.8,41.8,42.0
2014/08/27,42.2,42.7,41.8,41.9
2014/08/28,41.9,42.0,40.9,41.2
2014/08/29,41.0,41.5,40.8,41.0
2014/09/01,41.1,41.5,41.0,41.2
2014/09/02,41.4,43.8,41.2,43.0
2014/09/03,43.5,43.7,41.9,41.9
2014/09/04,41.9,43.5,41.9,41.9
2014/09/05,42.0,42.8,41.7,42.2
2014/09/09,42.7,42.7,41.8,42.2
2014/09/10,42.5,42.5,41.7,42.5
2014/09/11,42.7,42.7,42.0,42.7
2014/09/12,42.7,42.7,40.5,40.5
2014/09/15,40.0,41.0,38.2,38.6
2014/09/16,38.6,39.0,38.2,38.4
2014/09/17,38.7,39.3,37.7,38.0
2014/09/18,38.5,39.2,38.3,38.5
2014/09/19,39.0,41.2,38.2,41.1
2014/09/22,41.0,41.0,40.2,40.2
2014/09/23,40.0,40.7,39.5,39.5
2014/09/24,39.2,40.0,39.1,39.1
2014/09/25,39.5,39.6,37.8,38.5
2014/09/26,38.0,39.1,37.8,38.7
2014/09/29,38.9,39.2,38.5,38.7
2014/09/30,38.2,38.5,36.2,37.5
2014/10/01,37.5,39.2,37.2,38.2
2014/10/02,38.1,40.8,37.8,40.0
2014/10/03,40.0,40.5,39.8,39.8
2014/10/06,39.9,40.5,39.3,39.3
2014/10/07,39.0,39.2,38.3,38.5
2014/10/08,38.3,39.8,38.1,38.8
2014/10/09,39.0,39.5,37.1,37.2
2014/10/13,36.5,37.2,35.0,35.6
2014/10/14,35.6,37.0,35.6,37.0
2014/10/15,37.1,37.2,36.2,36.2
2014/10/16,36.1,37.4,34.6,36.2
2014/10/17,36.4,37.0,35.7,36.9
2014/10/20,37.4,38.5,37.3,37.5
2014/10/21,37.5,37.8,36.7,36.7
2014/10/22,37.5,37.8,37.1,37.2
2014/10/23,37.0,37.4,36.7,36.8
2014/10/24,37.0,37.2,36.1,36.2
2014/10/27,36.6,36.8,35.5,35.5
2014/10/28,36.0,36.5,35.8,36.1
2014/10/29,36.2,38.1,36.2,37.3
2014/10/30,37.3,37.3,36.7,36.8
2014/10/31,37.2,37.8,37.0,37.2
2014/11/03,37.5,39.4,37.4,39.0
2014/11/04,39.4,40.0,39.0,39.0
2014/11/05,39.4,39.4,38.2,38.2
2014/11/06,38.5,38.6,37.5,37.8
2014/11/07,38.2,38.8,37.9,38.8
2014/11/10,39.2,39.5,38.7,38.7
2014/11/11,38.7,39.0,38.4,38.7
2014/11/12,38.6,38.8,37.7,37.7
2014/11/13,37.0,37.4,35.7,36.3
2014/11/14,36.3,36.7,35.8,36.5
2014/11/17,36.5,36.5,35.5,35.5
2014/11/18,35.5,35.8,33.2,33.5
2014/11/19,33.5,34.5,33.5,34.0
2014/11/20,34.0,34.5,34.0,34.0
2014/11/21,34.1,34.8,34.1,34.5
2014/11/24,34.6,34.9,33.8,33.8
2014/11/25,33.5,34.0,33.5,33.5
2014/11/26,33.5,34.2,33.5,33.6
2014/11/27,33.8,34.2,33.8,33.8
2014/11/28,34.0,34.1,33.5,33.8
2014/12/01,32.5,33.8,32.3,33.5
2014/12/02,33.5,33.8,32.6,32.8
2014/12/03,33.1,34.3,33.0,34.1
2014/12/04,34.7,36.2,34.4,35.8
2014/12/05,35.9,36.4,35.5,35.6
2014/12/08,36.0,36.0,35.1,35.1
2014/12/09,35.0,35.1,34.4,34.5
2014/12/10,34.5,35.0,34.3,34.4
2014/12/11,34.2,34.5,33.9,34.2
2014/12/12,34.3,35.2,34.3,34.7
2014/12/15,34.3,34.5,34.0,34.5
2014/12/16,34.1,34.5,33.8,33.8
2014/12/17,33.9,34.2,33.5,33.5
2014/12/18,33.9,34.0,33.2,33.2
2014/12/19,33.8,33.9,33.0,33.0
2014/12/22,33.1,33.7,33.1,33.5
2014/12/23,33.7,34.0,33.6,33.9
2014/12/24,34.0,34.5,33.7,34.3
2014/12/25,34.5,34.7,34.3,34.5
2014/12/26,34.7,35.2,34.6,34.6
2014/12/29,34.8,35.0,34.5,34.5
2014/12/30,34.8,34.8,34.2,34.2
2014/12/31,34.5,34.5,34.1,34.1
2015/01/05,34.0,34.5,34.0,34.5
2015/01/06,34.5,34.5,34.0,34.2
2015/01/07,34.3,34.3,34.0,34.1
2015/01/08,34.4,34.9,34.2,34.4
2015/01/09,34.8,34.8,34.2,34.3
2015/01/12,34.1,34.3,34.0,34.0
2015/01/13,34.3,34.3,34.0,34.1
2015/01/14,34.1,34.2,33.6,33.9
2015/01/15,34.1,34.7,34.0,34.2
2015/01/16,34.3,34.3,33.7,33.8
2015/01/19,34.0,34.1,33.3,33.3
2015/01/20,33.4,33.6,33.3,33.3
2015/01/21,33.5,33.8,33.4,33.5
2015/01/22,33.6,34.4,33.6,34.3
2015/01/23,34.7,34.8,34.2,34.3
2015/01/26,34.3,34.3,34.0,34.3
2015/01/27,34.5,34.6,34.1,34.2
2015/01/28,34.2,36.5,34.2,36.1
2015/01/29,36.1,36.2,35.5,35.8
2015/01/30,36.0,36.1,35.4,35.4
2015/02/02,35.2,35.7,34.6,34.8
2015/02/03,34.8,36.7,34.7,36.2
2015/02/04,36.7,37.5,36.4,36.5
2015/02/05,36.5,36.8,36.2,36.3
2015/02/06,36.7,38.3,36.6,37.1
2015/02/09,37.3,38.4,37.3,37.8
2015/02/10,38.2,38.2,37.3,38.0
2015/02/11,38.4,38.9,38.2,38.3
2015/02/12,38.6,38.8,38.3,38.5
2015/02/13,38.5,38.8,38.1,38.2
2015/02/24,39.0,39.7,38.5,38.7
2015/02/25,38.7,39.0,38.1,38.2
2015/02/26,38.2,38.2,37.7,38.0
2015/03/02,38.1,39.0,38.1,38.5
2015/03/03,38.6,38.6,37.0,37.3
2015/03/04,37.2,37.7,37.0,37.2
2015/03/05,37.5,37.6,37.2,37.3
2015/03/06,37.3,37.7,37.3,37.5
2015/03/09,37.5,38.5,37.3,38.3
2015/03/10,38.0,38.0,37.0,37.1
2015/03/11,36.8,36.9,36.3,36.7
2015/03/12,36.7,37.2,36.5,36.7
2015/03/13,37.0,37.2,36.8,36.9
2015/03/16,37.0,37.3,36.8,36.8
2015/03/17,36.9,37.3,36.6,36.6
2015/03/18,36.6,37.0,36.5,36.5
2015/03/19,36.6,37.7,36.6,37.5
2015/03/20,37.5,37.7,36.9,36.9
2015/03/23,37.2,37.3,37.0,37.0
2015/03/24,37.2,37.5,36.7,37.2
2015/03/25,37.1,37.2,36.7,36.8
2015/03/26,36.2,37.5,36.2,37.0
2015/03/27,37.3,37.4,36.8,36.8
2015/03/30,36.8,37.7,36.7,37.0
2015/03/31,37.3,37.5,37.0,37.2
2015/04/01,37.2,37.2,36.7,36.7
2015/04/02,36.9,37.0,36.3,36.3
2015/04/07,36.3,36.5,35.3,35.7
2015/04/08,35.5,35.9,35.2,35.2
2015/04/09,35.7,35.7,35.0,35.1
2015/04/10,35.1,35.3,34.0,34.2
2015/04/13,34.3,35.1,34.3,35.0
2015/04/14,35.0,35.2,34.8,35.1
2015/04/15,35.0,35.5,35.0,35.2
2015/04/16,35.4,35.6,35.2,35.3
2015/04/17,35.2,35.3,35.1,35.2
2015/04/20,35.1,35.1,34.2,34.5
2015/04/21,34.5,34.8,34.1,34.2
2015/04/22,34.2,34.8,34.2,34.5
2015/04/23,34.5,35.5,34.5,35.5
2015/04/24,35.6,36.6,35.6,36.0
2015/04/27,36.3,37.2,36.0,36.8
2015/04/28,37.2,37.2,36.5,36.8
2015/04/29,36.8,36.9,35.8,36.1
2015/04/30,36.2,36.7,36.2,36.7
2015/05/04,37.0,37.2,36.5,36.7
2015/05/05,36.7,37.1,36.6,37.0
2015/05/06,36.9,37.2,36.7,37.2
2015/05/07,37.1,37.2,36.2,36.2
2015/05/08,36.2,36.5,35.1,35.1
2015/05/11,35.0,35.1,32.7,33.7
2015/05/12,33.5,33.9,32.4,32.9
2015/05/13,33.0,33.8,33.0,33.8
2015/05/14,34.7,35.3,34.2,34.7
2015/05/15,35.1,35.7,35.0,35.0
2015/05/18,35.2,35.4,34.5,34.7
2015/05/19,35.1,36.0,34.8,35.7
2015/05/20,35.5,35.6,35.0,35.2
2015/05/21,34.9,34.9,34.2,34.5
2015/05/22,34.5,35.0,34.5,34.5
2015/05/25,34.5,34.5,33.8,34.2
2015/05/26,34.2,34.5,34.1,34.4
2015/05/27,34.3,34.4,34.0,34.2
2015/05/28,34.3,36.1,34.3,35.5
2015/05/29,35.2,35.4,34.9,35.0
2015/06/01,34.8,36.2,34.5,35.5
2015/06/02,35.5,35.8,35.0,35.0
2015/06/03,35.2,35.2,34.7,34.7
2015/06/04,34.7,35.1,34.0,34.1
2015/06/05,34.1,34.2,33.4,33.8
2015/06/08,34.0,34.2,33.4,33.8
2015/06/09,33.8,33.8,32.6,32.7
2015/06/10,32.7,33.4,32.5,32.6
2015/06/11,32.8,33.0,31.4,31.7
2015/06/12,31.4,31.6,30.5,31.0
2015/06/15,30.8,32.3,30.8,32.1
2015/06/16,32.2,32.4,31.5,31.7
2015/06/17,31.7,32.2,31.6,31.8
2015/06/18,32.3,33.0,31.9,33.0
2015/06/22,33.2,33.5,32.7,32.8
2015/06/23,33.0,33.1,32.5,32.5
2015/06/24,32.6,32.8,31.8,31.8
2015/06/25,32.0,32.3,31.8,31.8
2015/06/26,31.9,32.3,31.9,32.0
2015/06/29,31.5,31.6,31.2,31.2
2015/06/30,31.1,31.4,31.1,31.2
2015/07/01,31.4,31.4,31.0,31.2
2015/07/02,31.3,31.8,31.1,31.5
2015/07/03,31.6,31.6,31.1,31.5
2015/07/06,31.2,31.7,31.2,31.2
2015/07/07,31.2,31.6,31.0,31.1
2015/07/08,31.0,31.0,29.8,30.0
2015/07/09,29.2,30.0,28.8,29.5
2015/07/13,30.3,30.8,30.1,30.5
2015/07/14,31.0,31.7,30.8,31.2
2015/07/15,31.5,31.5,30.5,30.6
2015/07/16,30.8,31.2,30.6,31.2
2015/07/17,31.2,31.4,30.9,31.0
2015/07/20,31.3,31.3,30.2,30.4
2015/07/21,30.4,30.4,29.8,30.1
2015/07/22,30.0,30.0,29.2,29.6
2015/07/23,29.4,29.8,29.2,29.4
2015/07/24,29.5,29.5,28.5,28.6
2015/07/27,28.5,28.6,27.6,28.0
2015/07/28,27.8,28.9,27.8,28.8
2015/07/29,28.8,28.8,28.2,28.4
2015/07/30,28.8,28.9,28.5,28.8
2015/07/31,29.0,29.2,28.8,29.0
2015/08/03,29.0,29.0,28.4,28.6
2015/08/04,28.6,28.8,28.5,28.6
2015/08/05,28.7,28.9,28.5,28.5
2015/08/06,28.8,28.8,28.0,28.1
2015/08/07,27.8,28.0,27.8,28.0
2015/08/10,28.0,28.8,28.0,28.8
2015/08/11,29.1,29.8,29.0,29.5
2015/08/12,26.5,26.8,26.5,26.7
2015/08/13,26.8,27.4,26.8,27.4
2015/08/14,27.2,28.2,27.0,27.6
2015/08/17,27.6,27.6,27.1,27.1
2015/08/18,27.2,27.5,26.9,27.0
2015/08/19,27.0,27.0,25.8,25.9
2015/08/20,25.6,26.2,25.6,25.8
2015/08/21,25.5,25.5,24.5,24.6
2015/08/24,24.0,24.2,22.2,22.2
2015/08/25,21.6,23.2,21.5,22.9
2015/08/26,23.1,24.0,22.5,24.0
2015/08/27,24.2,24.8,24.1,24.2
2015/08/28,24.8,25.5,24.5,25.4
2015/08/31,25.4,25.4,24.9,25.2
2015/09/01,25.2,25.8,25.1,25.7
2015/09/02,25.4,26.4,25.2,26.4
2015/09/03,26.5,27.2,25.8,26.8
2015/09/04,26.8,27.5,26.6,26.8
2015/09/07,26.6,27.1,26.5,27.0
2015/09/08,27.0,27.8,26.8,27.5
2015/09/09,27.8,28.5,27.7,28.0
2015/09/10,28.0,28.4,27.8,28.3
2015/09/11,28.2,28.4,28.0,28.0
2015/09/14,28.2,28.3,27.7,27.8
2015/09/15,27.8,28.0,27.6,28.0
2015/09/16,28.2,28.3,28.0,28.1
2015/09/17,28.3,29.0,28.2,28.5
2015/09/18,28.7,29.3,28.4,28.8
2015/09/21,28.6,28.7,28.2,28.2
2015/09/22,28.6,28.6,28.2,28.3
2015/09/23,28.0,28.2,27.6,27.7
2015/09/24,27.9,28.0,27.6,27.6
2015/09/25,27.7,28.0,27.6,28.0
2015/09/30,27.6,28.0,27.6,27.9
2015/10/01,28.1,28.8,28.1,28.5
2015/10/02,28.0,28.2,27.9,28.1
2015/10/05,28.4,28.6,28.3,28.5
2015/10/06,28.8,30.0,28.8,29.4
2015/10/07,29.5,29.5,29.0,29.2
2015/10/08,29.5,29.5,28.8,28.8
2015/10/12,29.6,30.1,29.2,29.7
2015/10/13,30.2,30.4,29.8,29.8
2015/10/14,29.8,31.5,29.5,30.7
2015/10/15,30.7,31.1,30.4,30.4
2015/10/16,30.5,32.3,30.5,32.3
2015/10/19,32.3,32.9,31.6,32.0
2015/10/20,32.2,33.3,32.2,32.5
2015/10/21,33.0,33.3,32.3,32.8
2015/10/22,32.7,33.0,32.6,32.8
2015/10/23,33.1,33.5,32.7,32.7
2015/10/26,32.8,33.2,32.8,33.2
2015/10/27,33.3,33.3,32.9,33.3
2015/10/28,33.3,33.5,33.0,33.1
2015/10/29,33.3,33.3,32.0,32.1
2015/10/30,32.1,33.1,31.4,33.1
2015/11/02,33.0,33.8,32.7,33.4
2015/11/03,33.4,34.0,33.4,34.0
2015/11/04,34.0,34.2,33.7,33.7
2015/11/05,33.9,33.9,33.5,33.5
2015/11/06,33.6,34.6,32.7,33.8
2015/11/09,33.8,34.2,33.3,33.7
2015/11/10,33.5,33.8,32.8,33.5
2015/11/11,33.5,33.8,32.9,33.5
2015/11/12,33.8,33.8,32.9,33.4
2015/11/13,33.5,35.2,33.5,34.5
2015/11/16,34.5,35.8,34.5,35.6
2015/11/17,36.8,37.2,35.6,37.0
2015/11/18,37.2,39.6,37.1,39.0
2015/11/19,39.9,40.8,39.4,40.8
2015/11/20,41.0,42.0,41.0,42.0
2015/11/23,42.5,42.8,40.8,41.5
2015/11/24,41.7,45.0,41.5,44.5
2015/11/25,45.0,45.3,43.2,44.5
2015/11/26,44.5,44.5,40.8,41.5
2015/11/27,42.4,42.7,40.4,41.3
2015/11/30,41.2,42.8,40.7,42.6
2015/12/01,43.5,43.6,42.0,42.2
2015/12/02,42.7,44.9,42.5,44.3
2015/12/03,44.5,45.0,43.4,43.4
2015/12/04,42.9,45.0,42.8,44.4
2015/12/07,45.2,46.2,43.5,43.7
2015/12/08,43.7,43.9,42.2,43.2
2015/12/09,43.7,44.0,42.2,42.9
2015/12/10,43.7,45.2,43.2,44.8
2015/12/11,45.2,45.7,42.2,42.3
2015/12/14,41.8,45.0,41.3,44.5
2015/12/15,44.9,46.5,44.8,46.3
2015/12/16,46.8,47.5,44.7,45.1
2015/12/17,45.2,46.0,44.3,46.0
2015/12/18,45.5,48.3,45.4,47.3
2015/12/21,47.3,48.2,46.7,47.3
2015/12/22,47.5,47.8,46.5,47.8
2015/12/23,48.0,48.8,47.7,47.7
2015/12/24,48.0,48.4,46.4,46.5
2015/12/25,47.0,47.0,45.6,46.5
2015/12/28,46.8,47.0,45.5,46.0
2015/12/29,46.0,46.4,45.3,46.0
2015/12/30,46.4,46.4,45.7,45.8
2015/12/31,45.8,47.0,45.5,47.0
2016/01/05,45.6,46.5,45.2,46.5
2016/01/06,46.6,46.8,43.4,43.8
2016/01/07,43.8,45.0,42.5,43.5
2016/01/08,43.5,44.5,43.1,43.8
2016/01/11,43.5,43.5,41.0,41.2
2016/01/12,42.7,43.7,42.3,43.0
2016/01/13,43.6,43.9,41.8,42.5
2016/01/14,41.0,42.8,41.0,42.2
2016/01/15,42.9,43.0,40.2,40.5
2016/01/18,39.2,42.8,39.2,42.6
2016/01/19,42.0,42.4,41.2,41.7
2016/01/20,41.5,42.5,41.0,41.6
2016/01/21,41.7,42.4,41.1,41.1
2016/01/22,41.8,42.4,41.5,42.0
2016/01/25,42.5,43.5,42.5,43.2
2016/01/26,43.3,44.2,42.6,44.0
2016/01/27,44.8,44.8,42.8,42.9
2016/01/28,42.2,43.2,42.2,42.6
2016/01/29,43.1,43.3,42.0,42.0
2016/02/01,40.8,41.3,39.8,41.2
2016/02/02,41.5,42.2,40.8,42.0
2016/02/03,42.0,42.0,41.0,41.0
2016/02/15,41.3,42.0,41.2,41.4
2016/02/16,41.8,41.9,41.2,41.5
2016/02/17,41.8,42.6,41.7,42.5
2016/02/18,43.0,43.2,41.8,42.2
2016/02/19,42.5,43.0,42.2,42.7
2016/02/22,43.2,43.4,42.5,42.5
2016/02/23,42.8,43.2,42.7,43.0
2016/02/24,43.2,44.5,42.8,44.2
2016/02/25,44.1,44.9,43.4,43.8
2016/02/26,44.0,44.8,43.3,44.5
2016/03/01,44.6,46.0,44.6,45.3
2016/03/02,45.8,45.8,44.8,45.4
2016/03/03,45.8,46.2,45.0,45.1
2016/03/04,45.3,45.5,44.7,45.1
2016/03/07,45.0,45.2,44.6,44.9
2016/03/08,44.8,44.8,43.8,44.0
2016/03/09,43.8,44.5,43.6,44.0
2016/03/10,44.6,45.0,43.7,44.2
2016/03/11,44.1,44.3,43.6,43.8
2016/03/14,43.8,44.8,43.8,44.8
2016/03/15,45.2,45.4,43.6,43.9
2016/03/16,43.8,44.2,43.3,43.5
2016/03/17,43.6,43.8,42.1,42.2
2016/03/18,42.5,42.7,41.8,41.8
2016/03/21,42.5,44.3,42.4,44.2
2016/03/22,44.1,44.1,43.3,43.8
2016/03/23,44.2,44.2,43.5,44.0
2016/03/24,44.0,44.2,43.3,44.0
2016/03/25,44.0,44.5,43.7,44.4
2016/03/28,44.4,44.4,43.5,44.0
2016/03/29,44.5,44.8,43.3,43.6
2016/03/30,44.5,48.0,44.5,48.0
2016/03/31,49.6,50.3,49.0,49.5
2016/04/01,49.5,50.5,48.6,49.2
2016/04/06,49.2,51.0,48.5,51.0
2016/04/07,51.2,51.2,50.0,50.7
2016/04/08,50.3,51.5,48.0,50.0
2016/04/11,50.9,52.3,50.2,50.3
2016/04/12,50.8,51.3,50.0,50.7
2016/04/13,51.1,52.9,51.0,51.6
2016/04/14,51.5,51.5,50.1,50.5
2016/04/15,50.8,51.8,50.3,51.0
2016/04/18,50.7,51.8,50.6,51.0
2016/04/19,51.5,52.0,50.7,51.5
2016/04/20,51.5,52.4,49.1,49.5
2016/04/21,49.8,50.4,49.2,49.8
2016/04/22,49.8,50.1,48.5,49.1
2016/04/25,49.8,54.0,49.8,54.0
2016/04/26,53.0,53.6,51.4,51.5
2016/04/27,51.3,52.4,51.2,51.8
2016/04/28,52.1,52.7,51.5,51.5
2016/04/29,51.3,51.5,49.5,51.5
2016/05/03,51.0,51.5,49.4,51.2
2016/05/04,50.0,50.5,49.2,49.7
2016/05/05,49.3,50.1,48.4,48.5
2016/05/06,48.5,49.5,47.8,49.0
2016/05/09,49.5,50.2,49.5,50.0
2016/05/10,49.7,49.7,46.7,48.2
2016/05/11,48.0,48.8,47.7,47.8
2016/05/12,47.2,48.9,47.2,48.0
2016/05/13,48.8,49.5,47.8,49.2
2016/05/16,49.0,51.3,48.6,50.7
2016/05/17,51.1,51.4,50.3,50.5
2016/05/18,50.0,50.8,49.5,49.5
2016/05/19,49.5,50.9,49.5,50.3
2016/05/20,50.8,50.8,49.5,50.2
2016/05/23,50.2,52.2,49.7,52.0
2016/05/24,52.0,52.5,51.2,51.6
2016/05/25,52.6,53.2,51.2,51.2
2016/05/26,51.3,52.7,51.2,52.7
2016/05/27,52.8,53.7,52.4,52.6
2016/05/30,52.9,53.6,52.7,52.9
2016/05/31,52.5,52.9,52.0,52.0
2016/06/01,51.6,53.0,51.6,52.6
2016/06/02,52.8,52.9,51.6,51.6
2016/06/03,51.6,52.1,50.9,52.0
2016/06/06,52.0,52.1,51.5,51.8
2016/06/07,52.0,53.5,51.9,53.0
2016/06/08,52.7,53.1,52.0,52.3
2016/06/13,52.7,54.4,52.3,54.2
2016/06/14,54.3,54.7,53.6,54.4
2016/06/15,54.4,55.0,53.9,55.0
2016/06/16,55.0,56.8,54.9,55.9
2016/06/17,56.1,56.5,55.9,56.0
2016/06/20,56.2,59.7,55.1,58.0
2016/06/21,57.6,58.5,56.5,58.5
2016/06/22,58.0,58.5,57.4,57.6
2016/06/23,57.6,58.6,57.4,58.6
2016/06/24,58.8,59.5,56.2,57.2
2016/06/27,56.8,58.7,56.8,58.5
2016/06/28,58.0,60.7,57.7,59.9
2016/06/29,60.0,60.8,59.1,59.1
2016/06/30,59.4,59.7,58.2,59.1
2016/07/01,59.1,59.1,57.6,58.0
2016/07/04,58.0,60.5,57.3,60.0
2016/07/05,59.9,60.7,59.6,60.1
2016/07/06,59.4,60.6,58.9,60.1
2016/07/07,60.0,60.2,59.6,59.8
2016/07/11,61.0,65.7,60.8,65.7
2016/07/12,65.0,70.0,64.1,66.7
2016/07/13,67.0,69.3,66.3,69.3
2016/07/14,68.5,70.3,68.1,68.2
2016/07/15,68.6,69.4,67.7,68.0
2016/07/18,68.0,72.0,68.0,70.7
2016/07/19,70.5,70.5,68.0,68.9
2016/07/20,68.9,68.9,66.9,67.5
2016/07/21,68.1,69.2,68.1,68.3
2016/07/22,69.0,69.6,68.5,69.2
2016/07/25,69.7,69.9,67.3,67.9
2016/07/26,67.2,67.8,66.9,67.5
2016/07/27,67.8,69.1,67.6,67.8
2016/07/28,68.5,69.6,68.1,68.6
2016/07/29,68.7,70.8,68.1,69.6
2016/08/01,69.6,70.5,69.2,69.9
2016/08/02,70.0,70.3,68.5,68.6
2016/08/03,67.7,70.0,67.6,68.2
2016/08/04,68.1,69.0,67.1,68.5
2016/08/05,68.9,73.3,68.5,73.0
2016/08/08,73.8,73.8,71.6,72.0
2016/08/09,71.6,71.7,68.5,68.8
2016/08/10,68.4,70.6,68.4,70.6
2016/08/11,70.0,70.0,64.6,65.5
2016/08/12,65.9,66.7,63.8,65.5
2016/08/15,65.9,70.4,65.9,69.0
2016/08/16,66.9,68.3,66.0,67.6
2016/08/17,68.4,69.1,67.2,67.3
2016/08/18,68.1,69.4,67.9,69.1
2016/08/19,69.2,69.3,68.3,68.4
2016/08/22,68.7,69.2,68.3,68.4
2016/08/23,68.4,69.3,67.7,68.9
2016/08/24,69.2,72.4,69.2,70.5
2016/08/25,70.9,71.9,69.5,71.3
2016/08/26,71.1,72.7,71.0,71.6
2016/08/29,72.0,73.6,71.8,73.4
2016/08/30,73.7,77.6,73.6,76.5
2016/08/31,76.5,76.6,74.7,76.5
2016/09/01,76.1,76.6,75.0,75.5
2016/09/02,75.9,76.0,73.5,76.0
2016/09/05,76.5,78.4,76.5,76.7
2016/09/06,77.5,78.0,76.7,78.0
2016/09/07,77.6,78.4,76.5,76.6
2016/09/08,76.6,79.7,76.5,79.2
2016/09/09,79.2,81.6,78.0,81.2
2016/09/12,81.3,85.6,81.0,83.3
2016/09/13,84.5,85.5,79.6,79.8
2016/09/14,79.0,81.5,78.4,79.0
2016/09/19,79.9,84.9,79.9,84.9
2016/09/20,84.2,84.8,83.3,83.9
2016/09/21,83.2,83.6,81.4,83.6
2016/09/22,84.8,85.0,81.0,81.0
2016/09/23,81.4,81.5,79.1,79.8
2016/09/26,79.9,80.7,79.2,80.5
2016/09/29,80.4,81.2,78.9,79.2
2016/09/30,79.2,82.0,78.5,81.5
2016/10/03,82.3,83.0,80.5,80.6
2016/10/04,80.6,82.5,80.0,82.5
2016/10/05,82.5,83.1,81.8,82.1
2016/10/06,82.5,82.6,81.2,82.5
2016/10/07,82.5,82.6,81.4,82.5
2016/10/11,83.5,83.8,79.6,82.5
2016/10/12,81.7,81.9,80.9,80.9
2016/10/13,80.9,81.2,79.7,80.4
2016/10/14,79.8,81.9,79.8,81.3
2016/10/17,81.7,83.4,80.8,83.0
2016/10/18,83.4,83.6,81.8,82.5
2016/10/19,82.3,82.8,81.7,82.8
2016/10/20,83.3,84.8,82.7,83.1
2016/10/21,83.0,83.3,81.3,81.5
2016/10/24,81.9,83.0,81.8,82.8
2016/10/25,83.0,89.5,82.9,87.0
2016/10/26,86.5,88.5,85.8,87.7
2016/10/27,87.9,90.7,87.0,90.1
2016/10/28,90.1,90.6,88.2,89.6
2016/10/31,89.6,90.9,88.3,90.9
2016/11/01,90.3,90.5,89.0,89.0
2016/11/02,87.4,87.8,84.0,84.0
2016/11/03,83.5,84.9,81.1,81.5
2016/11/04,82.1,84.8,82.0,83.9
2016/11/07,85.0,86.0,84.5,86.0
2016/11/08,86.6,86.7,84.2,85.7
2016/11/09,85.9,86.3,79.7,80.5
2016/11/10,83.5,86.8,83.1,86.2
2016/11/11,84.1,84.5,81.3,82.2
2016/11/14,83.6,86.0,82.5,85.3
2016/11/15,85.9,85.9,82.5,83.4
2016/11/16,85.1,86.9,85.1,86.5
2016/11/17,86.4,88.1,85.6,88.0
2016/11/18,88.8,88.8,87.4,87.5
2016/11/21,87.5,88.0,86.4,86.9
2016/11/22,87.5,87.9,86.9,87.3
2016/11/23,87.3,89.6,87.3,88.0
2016/11/24,87.8,87.9,86.4,87.8
2016/11/25,87.5,88.5,87.3,87.7
2016/11/28,87.7,88.2,85.3,85.4
2016/11/29,84.7,86.4,83.9,86.4
2016/11/30,86.1,86.1,83.8,85.0
2016/12/01,85.0,85.0,82.2,82.2
2016/12/02,80.1,80.9,77.7,77.9
2016/12/05,78.9,78.9,77.1,77.1
2016/12/06,78.0,78.9,77.5,77.5
2016/12/07,77.9,78.2,75.6,76.2
2016/12/08,77.4,79.4,77.2,79.3
2016/12/09,79.3,79.9,78.6,78.9
2016/12/12,78.1,78.1,75.3,75.3
2016/12/13,75.6,78.0,74.6,77.9
2016/12/14,78.5,78.5,76.5,77.2
2016/12/15,76.5,78.0,76.0,78.0
2016/12/16,78.0,79.5,77.2,77.4
2016/12/19,77.3,77.4,75.0,75.1
2016/12/20,75.5,75.8,71.1,72.3
2016/12/21,72.5,73.8,71.6,72.5
2016/12/22,72.8,73.4,72.1,73.1
2016/12/23,73.3,73.4,72.0,72.0
2016/12/26,72.3,72.6,71.6,71.9
2016/12/27,72.8,75.4,72.8,74.0
2016/12/28,74.0,74.5,73.2,73.8
2016/12/29,73.0,73.7,72.6,73.1
2016/12/30,73.0,74.2,73.0,73.6
2017/01/03,73.8,75.0,73.8,74.5
2017/01/04,74.7,75.0,74.0,74.7
2017/01/05,75.0,77.6,74.6,76.4
2017/01/06,76.4,77.4,75.9,76.1
2017/01/09,76.2,76.9,73.7,74.6
2017/01/10,74.6,76.8,74.5,76.7
2017/01/11,77.2,79.3,77.1,78.7
2017/01/12,79.1,79.3,78.5,78.7
2017/01/13,79.2,79.3,78.2,79.2
2017/01/16,79.2,79.2,77.8,78.1
2017/01/17,78.3,79.5,78.1,79.5
2017/01/18,80.0,80.7,76.6,76.6
2017/01/19,77.5,77.5,75.1,75.5
2017/01/20,75.6,76.0,73.5,73.8
2017/01/23,74.3,75.0,74.1,74.8
2017/01/24,75.3,75.8,74.7,75.6
2017/02/02,75.9,76.1,73.8,73.8
2017/02/03,74.4,74.7,73.1,74.2
2017/02/06,74.5,75.6,74.3,75.0
2017/02/07,74.5,74.7,73.8,74.1
2017/02/08,74.1,74.4,73.6,74.4
2017/02/09,74.3,74.3,73.6,73.9
2017/02/10,74.7,75.3,74.3,74.5
2017/02/13,75.3,75.8,74.3,74.4
2017/02/14,75.0,75.2,73.7,74.0
2017/02/15,74.0,74.3,73.3,73.7
2017/02/16,73.7,74.0,71.7,72.6
2017/02/17,72.7,73.3,71.5,71.6
2017/02/20,71.4,73.2,71.4,72.2
2017/02/21,72.5,72.9,71.5,72.1
2017/02/22,72.6,73.7,72.4,73.0
2017/02/23,73.0,73.2,71.8,71.8
2017/02/24,71.5,71.7,70.5,71.1
2017/03/01,70.7,71.0,69.0,69.3
2017/03/02,70.0,70.8,69.5,70.8
2017/03/03,70.5,71.3,69.8,71.0
2017/03/06,70.8,70.8,70.2,70.4
2017/03/07,70.6,71.5,70.5,71.0
2017/03/08,70.9,71.0,69.7,70.2
2017/03/09,70.3,71.0,69.9,70.3
2017/03/10,70.5,71.1,69.9,70.7
2017/03/13,71.0,71.4,70.6,71.3
2017/03/14,71.2,71.3,70.6,70.8
2017/03/15,70.2,70.7,70.2,70.4
2017/03/16,70.5,72.0,70.5,70.7
2017/03/17,70.8,71.4,70.4,71.3
2017/03/20,71.3,71.7,70.7,70.8
2017/03/21,70.8,72.9,70.8,72.1
2017/03/22,71.9,73.3,71.4,72.7
2017/03/23,73.4,73.4,72.0,72.3
2017/03/24,72.4,73.3,72.4,72.8
2017/03/27,72.8,73.3,72.3,72.7
2017/03/28,73.0,73.0,70.2,70.9
2017/03/29,71.1,71.6,70.6,71.5
2017/03/30,72.3,72.8,71.5,71.5
2017/03/31,71.2,72.0,70.6,70.6
2017/04/05,70.7,71.2,69.3,70.8
2017/04/06,70.2,70.8,69.9,69.9
2017/04/07,69.2,69.3,67.1,67.4
2017/04/10,67.2,67.2,66.0,66.2
2017/04/11,66.4,67.2,65.3,65.5
2017/04/12,65.5,65.5,63.1,63.2
2017/04/13,62.6,63.9,62.1,63.4
2017/04/14,63.0,63.3,62.5,63.0
2017/04/17,63.0,63.4,62.2,62.9
2017/04/18,63.2,63.3,62.5,62.6
2017/04/19,61.0,61.7,60.0,60.1
2017/04/20,60.1,61.2,60.1,60.2
2017/04/21,60.5,60.9,60.3,60.6
2017/04/24,60.8,61.0,60.1,60.1
2017/04/25,60.4,60.6,60.1,60.6
2017/04/26,60.9,61.3,60.5,60.9
2017/04/27,60.5,60.7,59.1,59.9
2017/04/28,59.6,60.6,59.2,60.5
2017/05/02,60.6,63.9,60.5,63.3
2017/05/03,63.2,63.2,62.1,62.2
2017/05/04,62.0,62.4,61.7,62.1
2017/05/05,62.6,63.6,62.2,62.2
2017/05/08,62.4,63.3,62.2,62.5
2017/05/09,63.5,63.7,62.7,63.3
2017/05/10,63.4,63.8,62.3,63.5
2017/05/11,64.0,65.8,63.9,65.0
2017/05/12,67.6,70.1,66.8,69.4
2017/05/15,69.6,72.5,69.5,71.4
2017/05/16,71.2,72.1,70.0,70.5
2017/05/17,70.0,70.5,69.5,70.3
2017/05/18,69.0,70.3,68.4,70.2
2017/05/19,70.2,70.9,69.7,70.0
2017/05/22,70.0,70.0,68.7,69.3
2017/05/23,68.7,69.3,68.4,68.5
2017/05/24,68.7,70.7,68.7,69.3
2017/05/25,69.7,70.3,69.5,69.9
2017/05/26,70.2,71.1,69.7,70.8
2017/05/31,71.4,71.5,70.0,70.0
2017/06/01,70.0,70.8,69.9,70.6
2017/06/02,70.9,70.9,69.9,70.0
2017/06/05,71.3,72.0,70.7,71.0
2017/06/06,71.0,71.4,70.6,71.4
2017/06/07,71.4,71.4,69.8,70.4
2017/06/08,70.4,71.3,70.2,70.9
2017/06/09,71.4,71.6,70.3,70.3
2017/06/12,69.5,70.0,68.5,69.5
2017/06/13,69.5,70.4,69.2,69.6
2017/06/14,69.8,70.0,67.3,68.1
2017/06/15,68.2,69.5,67.5,69.4
2017/06/16,69.7,69.9,68.8,69.2
2017/06/19,69.3,70.8,69.3,70.3
2017/06/20,70.4,70.8,69.9,70.4
2017/06/21,70.3,70.8,69.6,70.5
2017/06/22,70.5,71.5,70.5,70.8
2017/06/23,70.6,71.2,70.4,70.9
2017/06/26,71.2,72.8,70.8,72.4
2017/06/27,72.3,72.5,71.6,72.0
2017/06/28,71.5,71.6,70.9,70.9
2017/06/29,71.6,72.4,71.0,71.3
2017/06/30,70.9,71.0,70.2,70.7
2017/07/03,70.7,70.9,70.2,70.5
2017/07/04,70.4,71.3,70.0,70.2
2017/07/05,70.4,71.7,70.1,71.5
2017/07/06,71.5,72.0,71.1,71.8
2017/07/07,71.6,72.1,71.1,71.7
2017/07/10,71.9,72.2,71.3,71.6
2017/07/11,72.6,76.5,72.6,76.2
2017/07/12,77.5,77.5,76.2,76.2
2017/07/13,76.5,78.0,76.2,77.3
2017/07/14,77.4,78.5,76.6,77.4
2017/07/17,77.7,77.8,75.9,76.0
2017/07/18,76.1,76.9,76.0,76.1
2017/07/19,76.7,78.5,76.5,77.0
2017/07/20,77.6,78.3,77.1,77.6
2017/07/21,77.1,77.5,76.3,77.4
2017/07/24,77.5,78.3,77.5,77.7
2017/07/25,78.3,81.3,78.3,79.7
2017/07/26,81.0,81.0,79.5,79.5
2017/07/27,79.6,80.0,78.6,79.2
2017/07/28,78.9,80.5,78.9,79.3
2017/07/31,79.2,79.7,78.2,78.4
2017/08/01,78.7,79.9,78.2,79.9
2017/08/02,80.7,80.7,79.3,79.5
2017/08/03,79.4,79.6,78.7,79.2
2017/08/04,79.1,80.5,78.8,79.2
2017/08/07,79.3,80.5,78.8,80.3
2017/08/08,81.1,82.0,80.3,80.7
2017/08/09,80.7,80.8,79.1,79.4
2017/08/10,79.4,79.8,76.5,76.9
2017/08/11,75.0,76.6,74.9,76.2
2017/08/14,77.0,77.5,75.3,75.6
2017/08/15,76.2,76.2,74.0,74.9
2017/08/16,70.5,71.1,69.1,69.4
2017/08/17,69.7,71.1,69.5,70.9
2017/08/18,70.1,70.1,69.1,69.3
2017/08/21,69.4,69.7,68.0,68.2
2017/08/22,68.6,70.5,68.6,68.9
2017/08/23,69.3,69.8,68.7,68.7
2017/08/24,68.9,69.6,68.7,68.9
2017/08/25,69.7,70.0,68.8,68.8
2017/08/28,68.8,69.4,68.1,68.2
2017/08/29,68.2,69.8,67.5,69.0
2017/08/30,68.9,69.7,68.7,69.0
2017/08/31,69.2,69.5,68.7,68.7
2017/09/01,69.0,69.6,68.9,68.9
2017/09/04,68.7,68.8,68.1,68.2
2017/09/05,68.0,68.1,66.3,66.8
2017/09/06,66.3,66.4,64.8,65.6
2017/09/07,66.0,66.8,66.0,66.7
2017/09/08,67.0,67.3,66.4,66.8
2017/09/11,66.0,67.2,65.6,67.0
2017/09/12,67.3,68.2,67.2,67.9
2017/09/13,68.0,68.2,67.0,67.0
2017/09/14,67.1,67.3,66.2,66.5
2017/09/15,66.0,66.6,65.6,66.2
2017/09/18,66.5,67.1,65.9,67.0
2017/09/19,67.0,67.1,65.6,65.7
2017/09/20,65.6,65.9,65.0,65.6
2017/09/21,65.5,66.1,65.1,66.1
2017/09/22,65.5,65.8,64.1,64.1
2017/09/25,64.1,64.1,61.8,62.3
2017/09/26,61.9,62.7,60.9,61.2
2017/09/27,61.3,62.4,61.3,61.7
2017/09/28,65.5,67.5,65.1,66.4
2017/09/29,67.0,67.2,64.8,65.2
2017/10/02,66.1,66.4,65.5,65.8
2017/10/03,66.3,66.6,65.2,65.8
2017/10/05,65.6,66.1,65.2,65.8
2017/10/06,66.0,66.1,64.7,64.7
2017/10/11,64.4,65.3,64.2,64.4
2017/10/12,64.5,65.2,63.3,64.4
2017/10/13,64.4,65.1,64.0,64.0
2017/10/16,65.4,69.3,65.4,68.7
2017/10/17,69.6,72.4,69.6,71.3
2017/10/18,72.6,73.6,70.5,71.4
2017/10/19,71.5,73.0,71.1,72.4
2017/10/20,72.3,75.7,71.4,74.5
2017/10/23,75.7,75.9,73.6,73.8
2017/10/24,74.5,76.2,73.2,74.1
2017/10/25,73.9,74.7,72.8,73.1
2017/10/26,73.5,74.4,73.4,73.6
2017/10/27,73.6,73.7,71.5,71.5
2017/10/30,72.1,73.5,71.3,71.9
2017/10/31,71.9,73.9,71.5,73.5
2017/11/01,73.3,74.6,72.2,73.7
2017/11/02,74.0,74.3,73.0,74.1
2017/11/03,74.5,74.5,72.7,72.9
2017/11/06,72.9,74.8,72.1,74.1
2017/11/07,74.1,74.4,72.7,74.2
2017/11/08,74.2,76.4,73.7,75.1
2017/11/09,76.0,79.4,75.3,77.5
2017/11/10,77.6,78.7,76.0,77.5
2017/11/13,76.9,76.9,73.1,74.8
2017/11/14,74.8,75.8,72.7,73.3
2017/11/15,73.5,75.4,72.9,74.8
2017/11/16,73.9,74.3,73.0,74.0
2017/11/17,74.5,75.4,74.0,74.0
2017/11/20,73.8,74.9,73.0,74.0
2017/11/21,74.8,76.5,74.5,74.6
2017/11/22,74.6,74.8,73.2,73.4
2017/11/23,73.9,75.9,73.9,75.2
2017/11/24,76.8,77.2,74.9,74.9
2017/11/27,75.2,75.2,73.5,73.6
2017/11/28,73.9,75.0,73.2,75.0
2017/11/29,76.0,76.0,73.8,74.0
2017/11/30,73.5,74.1,72.6,73.3
2017/12/01,73.8,73.9,70.0,70.9
2017/12/04,70.8,70.9,68.4,69.8
2017/12/05,69.8,70.1,68.6,69.1
2017/12/06,69.1,70.5,68.7,70.0
2017/12/07,70.5,70.8,68.6,68.6
2017/12/08,69.1,72.7,69.1,72.2
2017/12/11,72.2,74.5,71.7,74.0
2017/12/12,74.6,75.4,73.3,74.1
2017/12/13,74.2,75.4,73.8,74.5
2017/12/14,75.0,75.2,73.6,73.6
2017/12/15,74.0,75.0,73.3,73.3
2017/12/18,73.6,73.9,72.0,72.0
2017/12/19,72.5,74.6,72.5,74.3
2017/12/20,74.8,75.0,73.5,75.0
2017/12/21,75.2,76.3,74.3,74.3
2017/12/22,74.4,74.9,73.7,74.7
2017/12/25,75.0,76.0,74.1,75.0
2017/12/26,75.6,75.8,72.7,73.0
2017/12/27,73.4,74.8,73.4,74.7
2017/12/28,75.0,76.2,74.0,75.6
2017/12/29,76.5,79.1,75.7,76.6
2018/01/02,78.1,80.4,77.2,79.9
2018/01/03,81.0,86.6,80.5,85.0
2018/01/04,86.2,87.7,84.4,86.2
2018/01/05,85.6,89.4,85.0,88.6
2018/01/08,88.6,90.4,87.5,88.7
2018/01/09,88.5,89.9,86.4,88.1
2018/01/10,88.1,88.6,84.9,85.1
2018/01/11,86.2,90.0,85.5,89.6
2018/01/12,90.5,90.8,87.1,87.6
2018/01/16,87.0,91.3,87.0,89.9
2018/01/17,91.0,94.5,89.1,92.3
2018/01/18,93.3,93.4,89.7,89.9
2018/01/19,91.0,92.3,89.8,90.0
2018/01/22,90.3,90.4,87.3,89.8
2018/01/23,91.7,91.8,89.8,90.6
2018/01/24,91.6,96.2,91.5,92.4
2018/01/25,93.2,94.9,91.4,93.4
2018/01/26,95.0,95.5,93.6,95.4
2018/01/29,99.9,104.5,98.4,104.5
2018/01/30,105.0,105.0,96.6,96.7
2018/01/31,95.8,98.2,93.2,96.3
2018/02/01,97.9,99.7,94.7,94.7
2018/02/02,94.3,96.6,94.2,94.6
2018/02/05,90.0,91.2,86.6,89.9
2018/02/06,83.7,85.4,81.8,83.9
2018/02/07,87.9,90.9,86.5,87.4
2018/02/08,89.0,89.5,85.8,88.1
2018/02/09,85.1,89.5,84.2,85.4
2018/02/12,86.5,87.7,85.2,85.4
2018/02/21,87.7,91.0,87.3,89.2
2018/02/22,88.0,88.0,85.0,85.0
2018/02/23,87.5,87.6,85.7,86.0
2018/02/26,86.8,89.7,86.8,87.5
2018/02/27,89.0,89.3,85.5,85.5
2018/03/01,86.8,89.9,85.5,89.9
2018/03/02,88.2,88.6,86.5,87.1
2018/03/05,87.5,87.6,86.0,86.0
2018/03/06,87.3,87.9,86.7,87.2
2018/03/07,87.8,91.3,87.5,90.9
2018/03/08,92.3,94.2,89.3,90.1
2018/03/09,89.4,91.1,88.6,90.1
2018/03/12,90.7,91.2,88.7,90.0
2018/03/13,90.2,91.9,89.3,89.3
2018/03/14,89.7,90.4,88.8,89.0
2018/03/15,89.6,91.6,89.2,90.8
2018/03/16,92.7,92.7,90.5,90.5
2018/03/19,90.5,90.5,88.9,89.5
2018/03/20,88.9,90.7,88.2,89.0
2018/03/21,89.5,93.2,89.5,92.8
2018/03/22,92.7,95.2,92.0,94.5
2018/03/23,90.5,92.6,89.8,90.1
2018/03/26,90.0,97.5,90.0,97.3
2018/03/27,98.0,101.0,96.5,98.5
2018/03/28,97.8,99.7,96.5,97.8
2018/03/29,98.4,99.4,97.2,97.7
2018/03/30,99.9,101.0,94.7,95.6
2018/04/02,96.4,104.5,96.2,101.5
2018/04/03,101.0,102.0,99.5,101.5
2018/04/09,103.0,103.0,98.4,99.3
2018/04/10,100.0,102.0,98.2,98.6
2018/04/11,101.0,102.5,98.5,100.5
2018/04/12,101.5,102.0,99.6,100.5
2018/04/13,102.0,104.0,100.5,100.5
2018/04/16,101.5,101.5,95.6,95.8
2018/04/17,95.8,96.0,90.9,95.0
2018/04/18,96.2,97.2,93.1,94.0
2018/04/19,95.9,97.3,94.2,95.0
2018/04/20,94.1,96.3,92.8,95.2
2018/04/23,95.2,96.7,94.4,96.0
2018/04/24,96.8,96.8,92.0,92.0
2018/04/25,89.7,92.1,88.3,88.9
2018/04/26,90.5,92.9,88.5,90.2
2018/04/27,92.0,93.8,90.8,93.6
2018/04/30,94.1,94.5,92.5,93.4
2018/05/02,93.8,94.9,92.9,94.1
2018/05/03,93.5,98.8,93.5,97.0
2018/05/04,97.0,98.9,95.9,97.4
2018/05/07,99.9,101.0,98.1,99.1
2018/05/08,100.0,101.0,97.7,98.4
2018/05/09,98.1,101.5,98.1,100.0
2018/05/10,103.0,106.5,101.0,103.0
2018/05/11,103.0,104.0,101.0,102.5
2018/05/14,106.0,112.0,103.0,110.5
2018/05/15,110.0,114.0,107.5,111.5
2018/05/16,110.5,115.5,110.5,114.0
2018/05/17,117.0,120.5,115.5,118.5
2018/05/18,118.0,124.0,116.0,122.0
2018/05/21,124.0,125.5,121.0,124.0
2018/05/22,125.0,126.0,120.0,126.0
2018/05/23,126.0,131.0,123.0,129.5
2018/05/24,129.0,130.0,126.0,128.5
2018/05/25,127.5,131.0,123.5,124.5
2018/05/28,125.0,126.0,122.5,124.5
2018/05/29,124.0,128.0,123.0,127.0
2018/05/30,126.0,126.0,121.0,121.0
2018/05/31,123.0,126.0,122.5,125.0
2018/06/01,125.0,127.0,123.5,126.5
2018/06/04,127.5,127.5,123.5,123.5
2018/06/05,124.0,128.0,123.0,124.5
2018/06/06,124.5,125.5,123.0,123.0
2018/06/07,121.0,122.5,114.0,115.0
2018/06/08,112.5,114.0,110.5,112.5
2018/06/11,117.5,118.0,115.5,117.0
2018/06/12,116.5,116.5,113.5,115.0
2018/06/13,115.0,115.0,110.5,112.0
2018/06/14,114.0,114.0,108.5,109.0
2018/06/15,110.5,110.5,107.0,107.5
2018/06/19,110.5,115.5,107.5,114.5
2018/06/20,112.5,112.5,104.0,106.0
2018/06/21,106.5,110.5,104.0,104.5
2018/06/22,101.0,101.5,98.5,100.0
2018/06/25,100.0,100.5,96.3,98.8
2018/06/26,97.1,100.5,96.3,99.8
2018/06/27,101.5,101.5,95.8,96.2
2018/06/28,96.0,98.2,95.3,96.4
2018/06/29,95.6,96.4,93.1,94.2
2018/07/02,94.0,96.0,93.4,94.3
2018/07/03,94.3,96.4,92.2,96.0
2018/07/04,97.0,97.9,92.5,92.5
2018/07/05,93.6,95.6,92.8,93.3
2018/07/06,95.0,98.9,94.6,98.2
2018/07/09,95.3,95.5,91.5,95.0
2018/07/10,95.3,98.3,93.1,97.6
2018/07/11,98.0,99.5,95.5,98.2
2018/07/12,98.3,98.7,95.6,96.2
2018/07/13,96.8,101.5,96.7,101.0
2018/07/16,100.5,102.0,98.9,100.5
2018/07/17,100.0,100.5,97.1,97.5
2018/07/18,98.6,105.0,98.6,105.0
2018/07/19,101.0,102.0,99.2,101.0
2018/07/20,99.4,104.0,98.2,98.9
2018/07/23,100.0,103.5,100.0,103.0
2018/07/24,104.0,113.0,104.0,110.0
2018/07/25,109.0,111.5,107.0,107.0
2018/07/26,109.5,109.5,106.0,106.5
2018/07/27,107.5,109.5,106.5,108.0
2018/07/30,106.5,107.0,103.0,103.0
2018/07/31,103.5,108.0,103.0,105.0
2018/08/01,105.5,111.5,105.5,110.5
2018/08/02,108.5,109.0,106.0,106.5
2018/08/03,107.0,110.0,104.5,105.5
2018/08/06,106.0,106.5,103.0,104.5
2018/08/07,104.5,104.5,100.0,101.5
2018/08/08,102.5,107.5,102.0,107.0
2018/08/09,105.0,106.0,103.5,104.0
2018/08/10,103.0,105.5,102.0,104.0
2018/08/13,105.0,106.5,98.5,100.5
2018/08/14,102.0,102.0,99.6,100.0
2018/08/15,101.0,101.5,90.6,99.7
2018/08/16,97.1,100.0,95.3,99.5
2018/08/17,97.5,103.5,96.5,100.5
2018/08/20,100.5,102.0,99.0,99.5
2018/08/21,99.6,100.5,97.2,99.9
2018/08/22,97.0,99.8,95.8,95.8
2018/08/23,96.5,100.0,95.1,100.0
2018/08/24,100.0,101.0,97.5,99.2
2018/08/27,101.0,105.0,100.0,104.0
2018/08/28,106.0,108.5,104.0,104.5
2018/08/29,105.5,107.5,105.5,107.0
2018/08/30,107.0,108.0,104.0,104.5
2018/08/31,105.0,106.5,103.5,106.5
2018/09/03,106.5,109.0,106.0,107.5
2018/09/04,108.0,110.0,107.0,107.5
2018/09/05,108.0,108.5,105.0,105.0
2018/09/06,104.0,104.5,100.0,100.5
2018/09/07,99.0,101.0,96.4,97.3
2018/09/10,97.6,97.6,91.6,93.6
2018/09/11,92.4,92.5,87.7,89.8
2018/09/12,91.0,91.1,84.1,86.5
2018/09/13,87.8,87.8,84.9,85.3
2018/09/14,86.9,90.2,86.5,88.7
2018/09/17,88.3,89.7,87.1,89.4
2018/09/18,88.0,88.3,85.7,85.9
2018/09/19,87.0,88.2,86.8,87.0
2018/09/20,87.9,87.9,85.3,85.8
2018/09/21,86.1,86.2,80.7,83.4
2018/09/25,83.2,85.9,82.5,84.6
2018/09/26,84.0,86.2,83.6,84.3
2018/09/27,85.2,85.2,81.8,82.5
2018/09/28,82.8,83.2,81.3,82.5
2018/10/01,83.4,84.4,82.6,84.1
2018/10/02,84.3,85.8,83.3,83.8
2018/10/03,83.7,85.0,82.9,83.0
2018/10/04,82.5,83.1,81.6,82.1
2018/10/05,81.3,81.8,76.5,77.8
2018/10/08,77.7,80.7,77.7,80.2
2018/10/09,79.8,80.5,76.1,77.4
2018/10/11,70.1,75.0,70.1,74.4
2018/10/12,74.0,76.1,72.7,76.1
2018/10/15,76.4,77.1,74.3,74.9
2018/10/16,74.9,76.5,74.5,75.2
2018/10/17,76.0,76.5,74.5,74.6
2018/10/18,74.5,74.5,69.7,71.6
2018/10/19,69.8,70.8,67.3,70.3
2018/10/22,69.0,71.9,68.9,70.5
2018/10/23,69.2,70.4,68.0,68.0
2018/10/24,68.9,70.0,67.9,68.7
2018/10/25,65.6,66.6,64.5,65.5
2018/10/26,66.5,67.4,65.0,65.5
2018/10/29,66.2,70.5,66.2,66.7
2018/10/30,66.8,67.1,64.0,64.8
2018/10/31,65.8,69.5,65.3,68.3
2018/11/01,67.5,71.8,67.3,70.5
2018/11/02,71.7,74.2,71.4,72.9
2018/11/05,72.0,74.2,71.6,73.7
2018/11/06,73.4,73.8,71.3,72.4
2018/11/07,72.8,75.7,72.8,74.8
2018/11/08,76.2,76.8,73.7,73.9
2018/11/09,73.7,73.9,71.8,73.5
2018/11/12,75.1,77.2,74.1,74.6
2018/11/13,70.9,73.4,70.7,72.8
2018/11/14,73.0,73.4,72.1,72.9
2018/11/15,73.1,73.2,69.3,70.0
2018/11/16,66.5,67.0,63.9,64.2
2018/11/19,65.5,66.4,64.5,65.5
2018/11/20,64.3,66.7,63.5,66.5
2018/11/21,65.0,65.4,64.2,65.0
2018/11/22,65.2,68.0,65.2,66.6
2018/11/23,66.6,67.5,66.0,66.6
2018/11/26,66.6,67.0,64.5,66.0
2018/11/27,65.2,65.8,64.0,64.4
2018/11/28,65.1,68.7,64.6,67.8
2018/11/29,69.8,71.8,68.9,70.7
2018/11/30,70.7,73.6,70.2,72.5
2018/12/03,75.0,77.0,73.8,75.2
2018/12/04,75.4,75.8,73.6,74.2
2018/12/05,72.5,73.0,71.4,71.4
2018/12/06,71.1,72.0,68.2,68.6
2018/12/07,70.2,71.8,69.9,70.6
2018/12/10,69.0,69.9,68.2,69.1
2018/12/11,68.7,69.5,67.5,67.5
2018/12/12,68.1,68.8,68.1,68.6
2018/12/13,69.2,71.4,68.6,69.1
2018/12/14,69.8,70.3,69.1,69.5
2018/12/17,68.9,69.4,68.2,68.4
2018/12/18,67.8,70.9,67.5,69.8
2018/12/19,69.8,70.6,69.2,69.3
2018/12/20,68.8,69.6,67.6,67.9
2018/12/21,67.8,70.5,67.5,69.9
2018/12/24,71.2,77.1,70.6,74.7
2018/12/25,73.5,75.9,73.0,75.5
2018/12/26,77.1,77.1,71.9,72.3
2018/12/27,74.9,77.8,74.2,76.6
2018/12/28,77.3,77.8,75.8,76.4
2019/01/02,77.5,79.6,77.0,77.0
2019/01/03,77.4,77.9,74.4,74.5
2019/01/04,73.2,75.3,71.8,74.8
2019/01/07,77.0,79.4,75.1,79.4
2019/01/08,79.0,79.0,77.3,77.4
2019/01/09,78.8,79.6,77.6,77.8
2019/01/10,75.1,77.7,75.0,77.2
2019/01/11,77.9,78.3,75.5,75.7
2019/01/14,76.0,76.5,75.5,76.4
2019/01/15,76.7,79.4,76.0,77.7
2019/01/16,77.4,78.7,77.1,77.1
2019/01/17,78.2,80.7,77.2,79.0
2019/01/18,78.3,79.9,77.8,78.7
2019/01/21,80.5,81.2,78.1,78.3
2019/01/22,78.3,78.8,77.1,77.4
2019/01/23,76.9,77.3,76.2,76.6
2019/01/24,77.2,77.7,75.5,75.6
2019/01/25,76.3,77.1,76.1,77.1
2019/01/28,77.5,78.0,76.9,77.4
2019/01/29,75.3,75.8,74.0,74.4
2019/01/30,74.8,75.4,73.9,74.1
2019/02/11,75.0,76.3,74.6,75.8
2019/02/12,76.3,79.4,76.1,78.8
2019/02/13,79.8,81.6,78.7,81.1
2019/02/14,80.3,83.6,79.4,83.0
2019/02/15,83.3,84.4,81.5,83.0
2019/02/18,83.6,84.2,82.0,82.2
2019/02/19,83.0,83.4,82.3,82.5
2019/02/20,83.3,84.8,83.2,84.6
2019/02/21,85.0,85.4,83.6,83.7
2019/02/22,83.5,84.7,82.6,83.2
2019/02/25,83.7,84.3,83.0,83.5
2019/02/26,83.5,83.8,82.1,82.3
2019/02/27,82.6,83.0,81.3,81.8
2019/03/04,82.5,84.5,82.2,84.5
2019/03/05,84.5,84.5,83.1,83.9
2019/03/06,84.5,84.5,83.2,83.9
2019/03/07,83.8,84.2,81.9,82.1
2019/03/08,81.6,83.7,81.5,83.4
2019/03/11,82.8,83.4,82.1,82.6
2019/03/12,83.5,83.6,82.0,82.0
2019/03/13,82.2,82.7,81.7,81.9
2019/03/14,82.4,82.4,79.9,80.4
2019/03/15,80.9,81.7,79.6,80.5
2019/03/18,80.9,81.6,80.3,81.6
2019/03/19,82.0,84.0,81.7,82.9
2019/03/20,83.4,83.9,82.1,82.9
2019/03/21,83.7,84.9,83.1,84.3
2019/03/22,85.5,89.0,85.5,85.6
2019/03/25,84.0,84.7,83.2,83.5
2019/03/26,84.7,84.9,83.1,83.4
2019/03/27,84.0,84.2,82.5,82.9
2019/03/28,82.1,82.8,80.8,82.2
2019/03/29,83.3,86.8,82.3,86.5
2019/04/01,88.0,89.8,87.0,87.9
2019/04/02,89.0,89.0,87.0,87.5
2019/04/03,88.4,88.4,86.7,87.3
2019/04/08,88.5,89.3,87.6,88.5
2019/04/09,88.9,88.9,87.8,88.0
2019/04/10,86.6,87.1,85.5,86.0
2019/04/11,86.6,87.2,84.9,85.0
2019/04/12,85.5,86.1,84.3,84.3
2019/04/15,85.5,86.4,84.6,85.4
2019/04/16,86.0,86.8,85.3,86.7
2019/04/17,88.0,88.0,86.5,86.5
2019/04/18,86.5,87.3,85.6,85.9
2019/04/19,86.6,87.6,86.5,87.2
2019/04/22,87.5,88.0,86.8,87.2
2019/04/23,87.3,87.4,86.1,86.1
2019/04/24,86.9,87.7,86.6,87.5
2019/04/25,88.9,89.7,86.5,86.7
2019/04/26,86.2,87.5,86.0,86.7
2019/04/29,87.2,87.2,84.2,84.6
2019/04/30,84.7,85.8,83.3,85.6
2019/05/02,85.8,86.1,84.8,85.0
2019/05/03,85.2,85.5,84.8,85.3
2019/05/06,84.3,84.3,82.3,82.3
2019/05/07,83.0,83.5,82.1,83.0
2019/05/08,82.0,82.5,81.1,81.1
2019/05/09,81.1,81.6,79.2,79.2
2019/05/10,79.2,79.6,77.0,77.5
2019/05/13,77.8,77.8,74.7,75.0
2019/05/14,74.3,78.2,73.6,78.0
2019/05/15,77.2,78.3,77.1,77.7
2019/05/16,77.7,78.2,77.0,77.0
2019/05/17,77.8,78.3,76.7,77.0
2019/05/20,77.1,77.9,76.8,77.9
2019/05/21,78.3,79.2,77.4,79.0
2019/05/22,79.0,79.2,78.0,78.0
2019/05/23,77.3,77.3,75.6,76.6
2019/05/24,77.3,77.5,76.1,76.2
2019/05/27,76.9,77.3,76.3,76.4
2019/05/28,77.0,78.3,76.7,77.1
2019/05/29,77.1,77.8,76.6,77.4
2019/05/30,77.6,79.5,77.6,78.5
2019/05/31,79.2,83.3,79.0,82.6
2019/06/03,82.0,83.4,81.5,83.0
2019/06/04,83.0,83.1,80.0,80.1
2019/06/05,81.3,81.7,80.3,80.7
2019/06/06,80.7,81.6,80.1,80.1
2019/06/10,81.7,81.7,79.8,80.1
2019/06/11,80.4,81.7,80.3,81.5
2019/06/12,81.6,81.9,80.6,81.6
2019/06/13,81.7,81.8,80.8,81.2
2019/06/14,81.5,81.6,78.6,78.7
2019/06/17,77.6,79.1,77.6,78.7
2019/06/18,79.2,82.3,79.2,81.9
2019/06/19,82.8,84.0,82.4,83.9
2019/06/20,84.0,84.8,83.3,83.4
2019/06/21,84.4,84.9,83.0,83.0
2019/06/24,83.9,84.3,83.2,84.2
2019/06/25,85.0,85.4,84.0,84.0
2019/06/26,84.8,85.9,84.5,85.3
2019/06/27,87.0,89.7,86.9,87.0
2019/06/28,86.4,88.0,86.0,88.0
2019/07/01,89.3,90.0,87.4,89.5
2019/07/02,89.9,93.0,88.5,92.2
2019/07/03,92.0,92.5,90.5,91.0
2019/07/04,91.7,93.0,90.3,90.6
2019/07/05,90.9,91.8,90.0,90.2
2019/07/08,90.0,92.2,89.3,89.8
2019/07/09,90.3,90.6,88.6,88.8
2019/07/10,89.0,90.2,89.0,89.8
2019/07/11,90.6,91.3,89.6,89.7
2019/07/12,89.7,89.9,88.9,89.4
2019/07/15,89.6,89.8,87.6,88.9
2019/07/16,88.3,88.8,87.2,87.5
2019/07/17,87.3,88.3,86.9,87.6
2019/07/18,88.0,88.3,86.9,86.9
2019/07/19,87.2,88.0,86.4,87.6
2019/07/22,87.6,87.9,86.3,86.4
2019/07/23,86.7,87.3,85.6,86.4
2019/07/24,86.4,88.6,86.4,88.0
2019/07/25,88.3,88.5,87.2,87.5
2019/07/26,87.5,88.4,87.0,88.0
2019/07/29,88.0,88.3,87.2,87.2
2019/07/30,87.9,88.0,86.6,86.8
2019/07/31,87.1,88.0,86.3,87.8
2019/08/01,86.7,87.6,86.3,87.1
2019/08/02,86.2,86.5,85.3,86.0
2019/08/05,85.5,86.3,84.5,85.6
2019/08/06,83.3,87.3,83.0,86.8
2019/08/07,86.5,87.0,85.3,85.7
2019/08/08,86.1,87.3,85.7,86.4
2019/08/12,86.5,89.3,86.5,88.0
2019/08/13,87.9,89.8,87.7,87.7
2019/08/14,88.3,89.0,86.1,86.7
2019/08/15,85.4,85.4,84.4,84.6
2019/08/16,84.7,87.0,84.5,86.4
2019/08/19,86.6,88.2,86.6,87.6
2019/08/20,87.7,89.4,87.7,89.3
2019/08/21,89.5,89.8,89.2,89.3
2019/08/22,89.3,89.9,88.8,88.9
2019/08/23,89.0,89.0,87.9,88.8
2019/08/26,82.1,83.5,81.5,81.6
2019/08/27,82.6,85.5,82.4,83.6
2019/08/28,83.6,84.3,83.6,84.0
2019/08/29,84.0,84.4,83.1,84.1
2019/08/30,84.5,85.8,83.7,83.8
2019/09/02,84.2,85.3,83.8,84.3
2019/09/03,85.0,85.0,84.1,84.1
2019/09/04,84.9,85.3,84.5,85.3
2019/09/05,86.0,86.2,85.5,86.2
2019/09/06,86.4,88.3,86.4,88.0
2019/09/09,88.8,89.2,87.7,88.5
2019/09/10,89.5,90.0,88.2,88.5
2019/09/11,88.5,89.5,88.1,88.7
2019/09/12,89.5,89.5,88.7,88.7
2019/09/16,89.4,89.4,88.1,88.5
2019/09/17,88.8,88.8,87.3,88.8
2019/09/18,88.9,89.3,88.2,89.0
2019/09/19,89.4,90.5,89.2,89.7
2019/09/20,90.3,92.0,89.8,91.6
2019/09/23,91.6,92.8,90.7,92.2
2019/09/24,93.0,94.7,92.4,93.8
2019/09/25,93.1,93.1,90.7,90.9
2019/09/26,91.0,91.5,90.5,90.8
2019/09/27,90.2,91.2,89.5,90.3
2019/10/01,90.8,91.9,89.8,89.8
2019/10/02,89.8,91.5,89.7,90.0
2019/10/03,89.0,89.2,88.4,88.4
2019/10/04,89.1,90.3,88.8,89.3
2019/10/07,90.4,90.5,89.5,90.0
2019/10/08,90.0,90.6,88.8,89.9
2019/10/09,89.0,89.3,88.1,88.3
2019/10/14,89.6,91.0,88.9,90.0
2019/10/15,90.9,91.5,89.6,89.8
2019/10/16,90.0,90.7,89.5,90.4
2019/10/17,91.0,91.3,89.9,90.3
2019/10/18,90.5,90.6,89.2,89.3
2019/10/21,89.9,90.2,88.5,89.0
2019/10/22,89.6,89.8,88.6,89.1
2019/10/23,89.4,91.2,89.2,91.0
2019/10/24,91.5,92.0,89.2,89.5
2019/10/25,89.9,90.0,89.1,89.6
2019/10/28,91.0,92.1,90.8,90.8
2019/10/29,91.8,91.8,89.0,89.7
2019/10/30,89.7,89.9,89.0,89.6
2019/10/31,89.8,90.4,89.3,90.0
2019/11/01,90.5,90.5,89.3,90.4
2019/11/04,91.0,91.9,90.3,91.9
2019/11/05,92.0,93.0,91.9,92.3
2019/11/06,92.1,92.1,90.2,90.7
2019/11/07,90.6,90.7,89.1,89.3
2019/11/08,90.0,90.3,89.4,89.7
2019/11/11,89.8,90.3,88.5,88.6
2019/11/12,89.3,89.4,88.5,89.0
2019/11/13,88.0,88.0,83.0,83.0
2019/11/14,83.7,83.7,82.6,82.8
2019/11/15,83.5,84.0,83.3,83.7
2019/11/18,83.0,85.0,83.0,85.0
2019/11/19,84.5,86.3,84.5,85.7
2019/11/20,86.2,86.7,86.1,86.6
2019/11/21,86.0,86.1,84.8,86.0
2019/11/22,86.2,86.6,85.0,85.3
2019/11/25,85.8,85.8,84.5,84.8
2019/11/26,85.0,85.4,85.0,85.4
2019/11/27,85.5,86.0,85.5,85.7
2019/11/28,85.6,85.7,84.7,84.9
2019/11/29,85.1,85.2,83.8,83.9
2019/12/02,84.0,84.4,83.3,83.8
2019/12/03,83.3,84.6,83.3,84.5
2019/12/04,84.4,85.2,84.1,84.5
2019/12/05,84.8,85.1,84.4,84.8
2019/12/06,84.8,85.3,84.5,85.0
2019/12/09,85.5,85.7,84.9,85.1
2019/12/10,85.1,85.3,84.7,85.3
2019/12/11,85.6,86.1,84.7,85.5
2019/12/12,85.6,86.2,85.5,85.8
2019/12/13,86.3,86.3,85.5,85.9
2019/12/16,86.1,86.2,85.4,86.0
2019/12/17,86.3,86.5,85.8,86.5
2019/12/18,86.8,87.8,86.5,87.5
2019/12/19,87.5,88.1,86.9,87.7
2019/12/20,88.0,88.5,87.6,87.6
2019/12/23,87.8,88.0,86.2,86.2
2019/12/24,86.5,87.5,86.5,86.7
2019/12/25,86.7,87.7,86.7,87.2
2019/12/26,88.0,89.0,88.0,88.3
2019/12/27,88.8,88.9,87.8,87.8
2019/12/30,87.8,88.1,86.9,86.9
2019/12/31,86.9,87.3,85.8,86.7
2020/01/02,87.2,89.5,87.2,88.9
2020/01/03,89.5,90.3,88.3,89.2
2020/01/06,88.6,89.2,87.8,88.8
2020/01/07,89.1,89.5,87.6,88.3
2020/01/08,87.6,88.5,87.3,87.5
2020/01/09,88.0,89.0,88.0,88.7
2020/01/10,89.2,91.8,89.2,90.1
2020/01/13,91.2,91.4,90.1,90.8
2020/01/14,91.4,92.0,90.5,92.0
2020/01/15,92.1,93.2,91.7,92.3
2020/01/16,92.5,94.5,92.5,93.6
2020/01/17,93.3,95.0,92.4,94.1
2020/01/20,94.3,95.5,93.1,93.8
2020/01/30,92.0,92.5,89.7,90.5
2020/01/31,91.6,94.7,91.5,92.8
2020/02/03,91.6,92.7,90.0,92.3
2020/02/04,91.9,93.1,90.9,92.0
2020/02/05,92.5,94.3,91.2,92.0
2020/02/06,93.0,95.6,92.9,95.6
2020/02/07,95.6,95.6,93.5,93.5
2020/02/10,92.7,94.4,92.5,93.6
2020/02/11,94.4,94.8,93.3,94.5
2020/02/12,97.0,97.2,94.1,94.2
2020/02/13,94.5,96.8,94.3,96.4
2020/02/14,96.2,96.8,94.9,95.8
2020/02/17,95.1,95.9,94.3,95.3
2020/02/18,96.0,96.4,94.8,94.9
2020/02/19,95.3,96.4,95.1,95.8
2020/02/20,97.0,99.6,95.8,95.8
2020/02/21,95.8,96.1,94.4,95.4
2020/02/24,94.3,95.3,91.6,92.5
2020/02/25,91.0,93.5,90.4,92.7
2020/02/26,91.0,93.3,91.0,92.6
2020/02/27,92.2,93.0,90.8,90.8
2020/03/02,88.3,90.9,88.3,90.5
2020/03/03,91.0,91.4,89.8,90.0
2020/03/04,89.8,91.3,89.8,90.2
2020/03/05,90.8,92.2,90.6,91.7
2020/03/06,91.6,91.6,89.2,89.2
2020/03/09,87.2,87.8,86.0,86.0
2020/03/10,85.0,86.5,84.3,85.9
2020/03/11,85.9,87.7,85.1,86.3
2020/03/12,85.1,85.6,82.1,82.1
2020/03/13,76.2,81.6,75.6,79.6
2020/03/16,80.0,80.2,76.7,76.7
2020/03/17,76.0,78.5,75.6,77.5
2020/03/18,77.4,78.0,73.2,73.2
2020/03/19,70.2,72.5,68.5,72.0
2020/03/20,72.1,78.0,72.1,78.0
2020/03/23,74.2,74.6,72.6,72.6
2020/03/24,73.9,78.2,73.9,76.8
2020/03/25,78.7,81.2,77.8,81.0
2020/03/26,82.4,84.5,80.8,83.7
2020/03/27,87.0,88.0,83.2,84.1
2020/03/30,83.0,85.8,81.7,84.2
2020/03/31,86.1,89.7,85.1,88.7
2020/04/01,90.4,91.5,88.4,89.4
2020/04/06,89.9,90.9,89.1,90.0
2020/04/07,91.0,91.3,88.7,89.0
2020/04/08,88.6,90.2,87.1,87.8
2020/04/09,88.6,88.6,87.1,87.7
2020/04/10,87.5,88.5,86.9,87.8
2020/04/13,87.9,88.3,87.1,87.4
2020/04/14,88.3,90.2,88.1,89.7
2020/04/15,90.0,92.4,89.5,92.4
2020/04/16,91.5,92.4,90.8,91.7
2020/04/17,94.1,96.2,92.3,93.0
2020/04/20,93.2,94.0,92.0,92.1
2020/04/21,91.4,92.5,89.5,90.3
2020/04/22,89.0,90.5,89.0,90.5
2020/04/23,91.2,93.0,91.0,92.7
2020/04/24,92.8,93.4,91.6,92.0
2020/04/27,93.0,93.4,92.1,92.3
2020/04/28,93.0,93.3,91.9,92.7
2020/04/29,92.8,93.2,92.1,92.2
2020/04/30,92.9,93.2,92.2,93.0
2020/05/04,90.1,91.5,90.1,90.5
2020/05/05,90.9,91.6,90.0,90.0
2020/05/06,90.5,90.8,89.0,89.5
2020/05/07,90.0,92.0,89.8,91.9
2020/05/08,92.5,92.5,90.1,90.8
2020/05/11,91.7,94.2,90.8,93.7
2020/05/12,94.3,98.5,94.2,98.4
2020/05/13,99.1,103.0,98.9,102.0
2020/05/14,103.5,105.0,99.2,102.5
2020/05/15,105.0,107.0,100.5,103.5
2020/05/18,104.0,104.5,100.0,101.5
2020/05/19,105.0,107.0,102.5,106.0
2020/05/20,108.0,108.5,105.0,106.5
2020/05/21,109.0,110.0,104.0,106.0
2020/05/22,105.0,105.0,101.5,102.5
2020/05/25,104.0,104.0,99.6,103.5
2020/05/26,104.5,105.0,103.0,105.0
2020/05/27,106.0,108.0,100.0,100.5
2020/05/28,101.5,102.5,100.5,102.5
2020/05/29,101.0,102.0,100.0,101.0
2020/06/01,101.5,103.5,101.0,103.5
2020/06/02,103.5,105.5,102.5,104.0
2020/06/03,105.0,106.0,102.5,106.0
2020/06/04,108.0,110.0,107.0,108.0
2020/06/05,110.0,114.0,110.0,111.5
2020/06/08,112.0,112.0,105.0,106.0
2020/06/09,107.0,107.5,104.5,107.5
2020/06/10,104.5,106.0,104.0,105.5
2020/06/11,106.5,107.0,102.0,102.5
2020/06/12,99.7,103.5,99.2,103.5
2020/06/15,104.0,104.5,101.0,101.5
2020/06/16,103.0,103.5,101.5,103.5
2020/06/17,103.5,104.5,100.5,103.0
2020/06/18,103.0,104.5,101.5,104.5
2020/06/19,105.0,105.5,102.5,102.5
2020/06/22,102.0,105.5,101.5,105.0
2020/06/23,107.0,107.0,104.5,106.0
2020/06/24,107.0,107.5,105.5,106.5
2020/06/29,106.0,108.0,103.5,106.5
2020/06/30,107.0,107.5,105.0,107.5
2020/07/01,108.0,113.0,108.0,112.0
2020/07/02,112.0,113.5,109.0,113.0
2020/07/03,117.0,123.0,114.0,115.5
2020/07/06,118.0,119.5,117.0,119.5
2020/07/07,121.0,121.0,116.5,118.0
2020/07/08,117.0,119.0,113.5,116.0
2020/07/09,117.0,120.0,114.0,120.0
2020/07/10,121.0,122.0,116.0,118.0
2020/07/13,121.0,125.5,119.5,120.5
2020/07/14,121.5,129.0,121.0,126.0
2020/07/15,128.5,129.5,124.0,126.0
2020/07/16,129.5,132.5,128.0,131.0
2020/07/17,132.0,134.0,129.0,130.0
2020/07/20,131.0,132.0,127.0,130.0
2020/07/21,132.5,135.5,131.0,132.5
2020/07/22,133.0,135.5,131.5,135.5
2020/07/23,137.0,140.0,135.5,137.0
2020/07/24,138.5,139.5,132.5,134.5
2020/07/27,136.0,136.5,129.0,130.0
2020/07/28,131.0,132.5,125.5,128.5
2020/07/29,129.0,130.0,126.5,129.5
2020/07/30,131.0,132.5,129.0,132.5
2020/07/31,132.0,132.0,129.5,130.5
2020/08/03,130.0,132.5,129.0,131.0
2020/08/04,132.0,134.5,131.0,134.5
2020/08/05,136.0,138.0,133.5,137.5
2020/08/06,139.5,141.0,135.0,136.5
2020/08/07,138.0,138.5,136.5,138.0
2020/08/10,138.0,139.0,132.0,133.0
2020/08/11,134.0,137.0,131.0,137.0
2020/08/12,136.0,136.5,133.0,136.0
2020/08/13,136.0,144.5,136.0,142.0
2020/08/14,140.5,146.0,139.0,144.0
2020/08/17,147.5,151.5,145.0,148.5
2020/08/18,149.5,153.0,147.0,149.0
2020/08/19,153.0,158.0,144.5,145.5
2020/08/20,146.0,148.5,138.5,141.0
2020/08/21,145.5,149.0,144.0,149.0
2020/08/24,148.5,148.5,140.0,141.0
2020/08/25,143.0,145.5,141.5,145.5
2020/08/26,145.5,146.5,141.5,143.0
2020/08/27,143.5,144.5,139.0,140.5
2020/08/28,141.5,142.5,136.5,138.0
2020/08/31,139.5,140.0,128.5,135.5
2020/09/01,138.5,139.5,132.0,135.0
2020/09/02,137.0,145.0,137.0,138.5
2020/09/03,143.0,152.0,142.0,150.5
2020/09/04,147.5,147.5,142.5,144.5
2020/09/07,144.5,144.5,135.0,136.0
2020/09/08,137.0,138.0,133.5,134.5
2020/09/09,135.0,135.5,130.0,135.0
2020/09/10,137.0,137.5,132.5,135.0
2020/09/11,134.0,136.0,132.0,136.0
2020/09/14,136.5,138.0,135.5,137.5
2020/09/15,137.0,139.5,137.0,137.0
2020/09/16,138.5,141.5,137.0,139.0
2020/09/17,139.0,141.0,138.0,138.5
2020/09/18,139.0,142.0,137.0,140.5
2020/09/21,140.5,141.5,136.5,137.0
2020/09/22,136.5,137.5,134.5,135.0
2020/09/23,135.5,136.5,132.0,135.5
2020/09/24,133.0,133.0,126.5,127.0
2020/09/25,130.0,132.0,126.0,128.0
2020/09/28,129.5,133.0,128.0,132.5
2020/09/29,134.0,134.0,129.0,132.0
2020/09/30,133.0,134.5,130.5,133.0
2020/10/05,134.0,134.0,129.5,130.5
2020/10/06,131.5,132.0,129.0,130.0
2020/10/07,130.0,132.0,129.0,130.0
2020/10/08,131.0,131.5,127.5,128.5
2020/10/12,128.5,130.0,125.5,130.0
2020/10/13,130.0,130.5,127.0,129.0
2020/10/14,129.0,129.0,126.5,128.0
2020/10/15,127.5,128.0,123.5,123.5
2020/10/16,122.0,124.5,121.0,123.5
2020/10/19,123.5,125.0,122.0,124.0
2020/10/20,124.0,124.5,122.0,124.0
2020/10/21,124.0,126.0,121.5,122.5
2020/10/22,122.5,123.5,121.5,123.5
2020/10/23,124.5,125.0,122.0,122.5
2020/10/26,123.0,124.5,122.5,123.5
2020/10/27,122.5,123.5,121.0,121.5
2020/10/28,122.0,123.5,120.0,123.0
2020/10/29,120.5,121.5,118.0,121.0
2020/10/30,120.5,121.0,115.0,115.0
2020/11/02,113.0,116.5,112.5,115.5
2020/11/03,116.0,118.5,116.0,117.5
2020/11/04,117.5,119.5,116.0,119.0
2020/11/05,119.0,120.0,117.5,118.5
2020/11/06,119.5,121.0,118.5,119.5
2020/11/09,120.5,121.0,118.0,120.0
2020/11/10,120.0,120.0,113.0,113.5
2020/11/11,114.5,120.0,114.0,117.5
2020/11/12,116.5,117.5,114.0,115.0
2020/11/13,115.0,118.0,114.5,117.0
2020/11/16,118.5,119.0,117.5,118.5
2020/11/17,119.0,121.5,118.5,121.0
2020/11/18,120.5,122.0,119.5,121.0
2020/11/19,121.0,124.5,120.5,123.0
2020/11/20,123.0,124.0,121.5,123.5
2020/11/23,125.0,125.5,122.5,123.5
2020/11/24,124.0,124.0,121.0,121.5
2020/11/25,122.5,123.5,121.5,122.0
2020/11/26,122.5,125.0,122.5,124.5
2020/11/27,125.0,128.0,124.5,127.0
2020/11/30,127.5,127.5,125.0,125.0
2020/12/01,125.0,128.5,124.0,127.5
2020/12/02,129.5,129.5,127.5,128.0
2020/12/03,129.0,129.5,126.5,128.0
2020/12/04,127.5,128.0,126.5,126.5
2020/12/07,127.5,133.0,126.5,132.5
2020/12/08,131.5,134.0,131.0,131.5
2020/12/09,131.5,133.0,129.0,132.0
2020/12/10,132.5,135.0,130.5,131.0
2020/12/11,131.0,133.0,129.0,132.5
2020/12/14,132.5,133.0,129.0,129.0
2020/12/15,129.0,133.5,129.0,130.0
2020/12/16,132.0,132.0,129.5,130.0
2020/12/17,130.5,134.0,130.0,132.5
2020/12/18,132.5,137.5,132.5,133.0
2020/12/21,134.0,134.5,130.5,132.0
2020/12/22,131.0,131.0,126.0,126.0
2020/12/23,126.0,127.5,125.0,125.0
2020/12/24,126.0,127.0,125.0,125.0
2020/12/25,126.5,127.0,125.0,125.5
2020/12/28,126.5,130.0,126.0,127.5
2020/12/29,128.0,130.0,128.0,128.5
2020/12/30,129.5,130.0,127.0,130.0
2020/12/31,130.0,134.0,129.5,132.5
2021/01/04,135.0,135.0,132.5,133.5
2021/01/05,132.5,132.5,129.5,130.0
2021/01/06,130.0,131.0,128.0,128.5
2021/01/07,130.0,131.0,128.5,129.0
2021/01/08,130.0,133.0,129.0,131.5
2021/01/11,130.0,130.0,127.0,128.5
2021/01/12,129.0,133.0,128.0,130.5
2021/01/13,132.0,141.0,131.0,138.0
2021/01/14,139.0,142.5,137.0,140.0
2021/01/15,140.0,140.5,134.0,134.0
2021/01/18,135.0,135.0,129.5,131.0
2021/01/19,131.5,133.5,130.0,132.5
2021/01/20,131.5,132.0,127.0,127.5
2021/01/21,128.0,130.0,127.5,129.0
2021/01/22,130.0,134.0,129.0,133.5
2021/01/25,133.5,138.0,132.5,136.0
2021/01/26,135.0,137.0,133.5,134.5
2021/01/27,137.0,139.0,135.5,137.0
2021/01/28,134.0,137.0,133.5,134.5
2021/01/29,134.5,136.5,130.0,130.5
2021/02/01,131.0,133.0,130.0,131.0
2021/02/02,131.0,136.0,129.5,134.5
2021/02/03,134.0,136.5,133.5,135.5
2021/02/04,134.0,135.0,132.0,132.5
2021/02/05,134.0,135.0,132.5,134.0
2021/02/17,141.5,147.0,139.0,142.0
2021/02/18,141.5,142.5,139.0,141.0
2021/02/19,141.5,142.5,136.0,141.0
2021/02/22,144.0,152.5,143.5,147.0
2021/02/23,146.0,161.5,144.0,161.5
2021/02/24,160.0,161.0,154.0,156.0
2021/02/25,160.0,161.5,152.0,154.0
2021/02/26,151.0,152.5,146.0,149.0
2021/03/02,152.0,153.0,144.5,145.5
2021/03/03,148.0,150.0,145.0,149.5
2021/03/04,149.5,149.5,143.5,145.0
2021/03/05,142.5,148.0,140.5,145.5
2021/03/08,147.5,148.5,146.0,148.0
2021/03/09,147.5,150.0,143.5,148.0
2021/03/10,150.5,151.5,146.0,147.0
2021/03/11,148.5,154.0,147.5,153.5
2021/03/12,153.5,154.5,150.0,151.0
2021/03/15,152.5,160.0,150.0,159.0
2021/03/16,158.0,166.0,156.0,160.0
2021/03/17,160.0,163.0,158.0,162.5
2021/03/18,163.0,167.0,162.5,163.5
2021/03/19,161.5,162.0,159.0,160.5
2021/03/22,163.5,168.5,162.5,165.5
2021/03/23,165.5,166.0,159.0,162.0
2021/03/24,162.0,167.0,161.0,163.0
2021/03/25,163.0,167.5,159.5,166.0
2021/03/26,168.0,169.0,164.0,166.0
2021/03/29,167.5,167.5,164.5,166.5
2021/03/30,167.0,172.0,165.0,171.0
2021/03/31,172.0,178.5,171.0,174.0
2021/04/01,174.0,177.0,172.0,173.0
2021/04/06,176.5,176.5,169.5,171.0
2021/04/07,173.0,173.0,168.5,169.0
2021/04/08,170.0,170.5,165.0,167.0
2021/04/09,165.5,171.5,165.5,170.0
2021/04/12,171.5,171.5,165.0,166.0
2021/04/13,166.5,167.5,158.5,160.0
2021/04/14,161.0,165.5,159.5,165.0
2021/04/15,166.5,170.0,165.5,170.0
2021/04/16,171.0,183.5,169.5,178.5
2021/04/19,176.5,177.0,168.5,171.0
2021/04/20,172.0,173.0,168.5,169.5
2021/04/21,169.5,173.0,163.0,171.0
2021/04/22,174.5,176.0,169.5,171.0
2021/04/23,173.0,175.5,169.5,175.0
2021/04/26,175.5,179.0,173.0,176.5
2021/04/27,177.5,182.0,176.0,179.0
2021/04/28,181.0,181.5,175.0,177.5
2021/04/29,177.0,186.0,174.5,184.5
2021/05/03,195.0,200.5,183.5,188.0
2021/05/04,192.0,201.0,187.0,191.0
2021/05/05,195.0,203.0,191.5,194.0
2021/05/06,198.0,199.0,182.5,187.5
2021/05/07,191.0,192.0,184.0,190.0
2021/05/10,190.0,194.0,186.0,191.0
2021/05/11,183.0,186.5,172.0,174.0
2021/05/12,175.0,177.0,157.5,168.0
2021/05/13,168.0,173.0,161.5,170.0
2021/05/14,170.0,173.0,167.5,170.0
2021/05/17,155.0,172.0,155.0,166.0
2021/05/18,170.0,178.0,167.0,176.0
2021/05/19,174.5,178.5,169.5,170.5
2021/05/20,170.0,172.5,159.0,165.0
2021/05/21,167.5,171.5,160.0,164.5
2021/05/24,162.0,164.5,160.0,164.5
2021/05/25,168.0,171.0,165.0,168.5
2021/05/26,170.0,172.0,162.5,164.0
2021/05/27,163.0,168.0,162.5,167.0
2021/05/28,170.5,171.0,165.5,166.5
2021/05/31,166.0,167.5,162.0,165.5
2021/06/01,166.5,172.0,164.5,171.5
2021/06/02,175.0,175.0,168.5,170.0
2021/06/03,171.5,175.0,169.0,175.0
2021/06/04,173.5,174.0,170.0,170.0
2021/06/07,171.0,172.0,165.5,171.0
2021/06/08,172.0,173.5,169.5,170.0
2021/06/09,169.5,171.5,167.5,169.0
2021/06/10,170.5,173.5,169.0,172.0
2021/06/11,172.0,172.5,166.0,167.0
2021/06/15,167.0,170.5,166.5,169.5
2021/06/16,169.0,173.0,168.5,170.5
2021/06/17,169.0,172.0,168.5,172.0
2021/06/18,174.0,186.0,172.5,181.0
2021/06/21,178.0,181.0,174.5,178.5
2021/06/22,181.0,182.5,169.5,169.5
2021/06/23,169.5,169.5,165.0,165.0
2021/06/24,165.5,165.5,162.0,162.5
2021/06/25,162.5,163.0,157.0,158.5
2021/06/28,160.0,161.0,157.0,160.0
2021/06/29,160.5,161.0,157.0,157.0
2021/06/30,157.0,159.5,155.5,157.5
2021/07/01,158.0,160.5,157.5,158.0
2021/07/02,158.0,158.5,154.0,154.0
2021/07/05,155.5,159.0,154.5,158.5
2021/07/06,159.5,161.0,157.0,157.5
2021/07/07,158.0,159.5,157.0,158.5
2021/07/08,159.5,160.0,157.5,158.0
2021/07/09,156.0,158.0,153.5,154.5
2021/07/12,155.0,156.0,149.5,151.5
2021/07/13,152.0,154.0,151.0,152.0
2021/07/14,153.0,154.0,148.5,151.0
2021/07/15,152.0,154.5,150.0,154.0
2021/07/16,154.0,155.5,151.5,153.5
2021/07/19,151.5,152.5,149.0,151.5
2021/07/20,150.0,151.5,150.0,150.0
2021/07/21,150.5,151.0,145.0,145.5
2021/07/22,146.0,150.0,143.0,146.0
2021/07/23,147.0,148.0,142.5,143.0
2021/07/26,143.0,151.0,142.0,148.5
2021/07/27,149.0,154.0,149.0,150.0
2021/07/28,150.0,151.0,145.5,148.5
2021/07/29,150.0,150.0,146.0,147.0
2021/07/30,146.5,150.5,146.0,148.0
2021/08/02,149.5,151.5,148.5,151.0
2021/08/03,152.0,152.5,147.0,147.5
2021/08/04,149.5,152.0,149.0,150.0
2021/08/05,148.5,150.5,147.0,147.5
2021/08/06,147.5,150.0,147.0,148.5
2021/08/09,147.5,153.0,147.5,151.0
2021/08/10,150.0,150.5,143.0,143.5
2021/08/11,142.5,144.5,138.5,142.0
2021/08/12,142.0,143.5,140.0,141.5
2021/08/13,141.5,141.5,137.5,137.5
2021/08/16,139.0,141.5,138.0,139.0
2021/08/17,139.0,141.0,129.0,129.5
2021/08/18,125.0,128.0,123.0,126.0
2021/08/19,125.5,127.5,123.5,123.5
2021/08/20,123.5,125.0,120.5,122.5
2021/08/23,119.0,120.5,117.0,119.5
2021/08/24,124.0,127.0,122.5,124.5
2021/08/25,125.0,127.5,124.5,127.0
2021/08/26,128.0,130.0,125.5,127.5
2021/08/27,127.0,128.0,126.0,127.5
2021/08/30,129.0,130.5,127.5,130.0
2021/08/31,130.5,131.0,128.0,130.5
2021/09/01,130.0,133.0,129.5,132.5
2021/09/02,134.0,136.5,133.0,133.5
2021/09/03,135.5,136.5,132.0,136.0
2021/09/06,136.0,139.5,135.0,136.5
2021/09/07,137.0,139.5,136.0,137.5
2021/09/08,137.0,137.5,132.5,135.0
2021/09/09,134.5,139.0,132.5,138.5
2021/09/10,139.0,139.5,136.0,138.5
2021/09/13,139.0,140.5,137.5,139.0
2021/09/14,140.0,140.0,138.0,138.5
2021/09/15,139.0,139.0,135.0,136.5
2021/09/16,135.5,139.5,135.0,138.5
2021/09/17,137.5,140.0,136.5,139.0
2021/09/22,134.5,140.0,134.5,139.5
2021/09/23,141.0,147.0,140.5,145.0
2021/09/24,145.5,147.0,142.5,143.0
2021/09/27,142.0,142.5,137.0,137.5
2021/09/28,134.5,137.0,129.0,131.0
2021/09/29,128.5,130.5,126.5,129.0
2021/09/30,129.0,130.5,127.5,129.5
2021/10/01,129.5,130.0,126.5,127.0
2021/10/04,131.0,132.5,127.0,127.0
2021/10/05,126.5,129.5,123.5,128.0
2021/10/06,130.0,130.5,126.0,127.0
2021/10/07,129.5,137.0,129.5,135.5
2021/10/08,135.5,142.0,134.5,137.0
2021/10/12,137.0,139.5,135.0,136.5
2021/10/13,139.0,140.5,138.5,139.0
2021/10/14,142.0,143.0,137.0,137.0
2021/10/15,138.5,139.5,137.0,138.5
2021/10/18,142.0,146.5,139.5,144.0
2021/10/19,144.0,144.0,140.0,142.0
2021/10/20,142.0,143.0,141.0,142.0
2021/10/21,143.0,144.0,140.0,140.5
2021/10/22,140.5,141.5,138.5,140.5
2021/10/25,139.5,141.0,139.0,141.0
2021/10/26,141.0,143.0,140.0,142.5
2021/10/27,142.0,142.0,139.0,140.5
2021/10/28,139.0,140.5,138.5,139.0
2021/10/29,139.5,141.0,138.0,140.0
2021/11/01,140.5,143.0,140.0,142.0
2021/11/02,143.0,145.0,142.0,143.5
2021/11/03,143.5,146.5,142.5,145.0
2021/11/04,145.5,152.0,145.5,152.0
2021/11/05,152.5,154.0,149.0,151.5
2021/11/08,153.0,161.0,151.0,158.0
2021/11/09,161.0,165.5,157.5,159.5
2021/11/10,164.5,173.0,163.0,166.5
2021/11/11,165.0,167.5,162.5,165.0
2021/11/12,161.5,163.0,155.0,158.5
2021/11/15,160.0,163.5,159.5,161.0
2021/11/16,163.5,166.0,161.5,163.0
2021/11/17,163.0,163.0,159.0,162.5
2021/11/18,164.5,168.5,161.0,161.0
2021/11/19,164.5,169.0,162.5,166.0
2021/11/22,168.5,169.0,164.0,165.0
2021/11/23,163.5,164.0,160.0,161.0
2021/11/24,161.0,163.5,160.0,162.5
2021/11/25,162.5,164.5,162.0,163.0
2021/11/26,162.0,164.5,160.0,162.0
2021/11/29,158.5,162.5,157.0,161.5
2021/11/30,164.0,168.5,163.0,163.0
2021/12/01,164.0,166.0,162.0,164.5
2021/12/02,163.5,166.0,160.0,161.0
2021/12/03,161.5,163.5,160.5,161.5
2021/12/06,160.5,163.5,157.0,163.5
2021/12/07,164.0,166.0,162.5,165.5
2021/12/08,167.5,169.0,165.0,166.0
2021/12/09,168.0,170.5,166.0,169.0
2021/12/10,167.0,169.0,165.5,166.0
2021/12/13,168.5,173.0,167.5,168.5
2021/12/14,168.0,168.5,164.5,165.0
2021/12/15,165.0,165.5,161.0,162.0
2021/12/16,165.0,169.0,164.5,165.5
2021/12/17,165.0,165.0,161.5,162.5
2021/12/20,161.0,164.0,160.5,160.5
2021/12/21,160.5,163.5,158.5,162.0
2021/12/22,163.0,163.5,161.0,162.0
2021/12/23,163.5,164.0,160.5,161.0
2021/12/24,162.0,162.0,160.0,160.5
2021/12/27,161.5,162.0,159.5,160.0
2021/12/28,162.0,165.5,162.0,165.5
2021/12/29,166.0,166.0,161.5,162.0
2021/12/30,162.0,162.5,160.0,160.5
2022/01/03,161.0,161.5,160.0,160.0
2022/01/04,161.0,163.0,160.5,161.5
2022/01/05,161.0,162.5,160.0,162.5
2022/01/06,160.5,161.0,157.0,160.5
2022/01/07,161.0,161.5,157.5,160.5
2022/01/10,160.0,161.0,157.5,160.5
2022/01/11,160.0,161.0,154.0,156.5
2022/01/12,157.0,157.5,155.0,157.5
2022/01/13,157.5,159.0,154.5,155.5
2022/01/14,155.0,156.0,152.0,155.5
2022/01/17,154.5,158.5,154.0,157.5
2022/01/18,157.5,161.0,157.0,158.5
2022/01/19,157.5,158.5,156.5,158.0
2022/01/20,158.5,160.0,157.5,158.0
2022/01/21,157.0,158.5,155.5,156.0
2022/01/24,154.5,156.5,152.0,156.5
2022/01/25,153.5,155.5,153.0,154.0
2022/01/26,153.5,154.5,151.0,151.0
2022/02/07,150.5,155.5,150.0,153.5
2022/02/08,153.5,157.5,152.0,154.5
2022/02/09,155.0,157.5,154.0,157.0
2022/02/10,156.5,157.5,154.0,157.0
2022/02/11,156.5,160.0,155.5,156.0
2022/02/14,155.5,155.5,152.5,153.0
2022/02/15,153.5,156.0,153.5,155.0
2022/02/16,157.0,157.5,155.5,157.0
2022/02/17,158.0,160.0,157.5,159.5
2022/02/18,158.0,160.5,157.5,160.0
2022/02/21,158.5,160.0,157.0,159.5
2022/02/22,157.5,157.5,153.5,156.0
2022/02/23,157.0,159.0,156.0,158.5
2022/02/24,156.0,157.5,155.0,156.0
2022/02/25,157.5,158.0,155.0,155.5
2022/03/01,158.0,161.0,156.0,158.0
2022/03/02,158.0,160.0,157.0,158.0
2022/03/03,159.5,160.0,156.5,157.0
2022/03/04,155.5,156.0,152.5,153.0
2022/03/07,152.0,152.5,145.0,145.0
2022/03/08,143.5,147.0,143.5,145.0
2022/03/09,146.5,149.0,142.0,144.0
2022/03/10,148.0,149.0,146.0,147.0
2022/03/11,145.0,145.5,141.5,142.0
2022/03/14,141.5,143.0,140.0,143.0
2022/03/15,143.0,144.5,139.5,140.0
2022/03/16,141.0,142.0,139.0,140.0
2022/03/17,143.0,143.5,141.5,142.5
2022/03/18,142.0,142.5,139.0,141.0
2022/03/21,143.0,144.5,140.0,140.5
2022/03/22,135.5,139.5,135.0,138.5
2022/03/23,141.0,141.5,136.0,137.0
2022/03/24,136.0,136.0,130.5,132.5
2022/03/25,133.5,135.0,131.5,134.0
2022/03/28,132.0,134.0,132.0,133.5
2022/03/29,133.5,134.0,130.5,130.5
2022/03/30,132.0,133.0,130.0,132.0
2022/03/31,132.0,133.0,130.0,130.0
2022/04/01,129.5,130.0,127.5,130.0
2022/04/06,130.0,130.5,126.5,127.5
2022/04/07,127.5,127.5,123.5,125.0
2022/04/08,125.0,126.0,122.0,122.5
2022/04/11,122.5,123.5,120.0,121.0
2022/04/12,119.5,122.0,118.0,120.0
2022/04/13,121.5,124.5,120.5,123.0
2022/04/14,123.5,124.0,122.0,123.0
2022/04/15,122.5,122.5,120.5,120.5
2022/04/18,119.5,124.0,118.5,122.0
2022/04/19,123.5,127.0,123.0,123.0
2022/04/20,125.0,126.0,122.5,123.0
2022/04/21,124.0,124.5,121.5,122.5
2022/04/22,121.0,121.0,119.0,120.5
2022/04/25,118.5,120.0,118.0,119.0
2022/04/26,119.5,122.5,118.5,121.0
2022/04/27,119.0,121.5,118.5,119.5
2022/04/28,119.5,121.0,118.5,120.5
2022/04/29,122.0,124.0,121.0,121.0
2022/05/03,120.0,124.0,120.0,123.5
2022/05/04,125.0,126.0,123.5,125.0
2022/05/05,127.0,127.5,125.5,126.0
2022/05/06,123.5,126.0,123.0,125.0
2022/05/09,127.0,129.5,126.0,128.5
2022/05/10,128.0,132.0,126.0,131.0
2022/05/11,130.0,131.5,128.0,130.0
2022/05/12,128.0,131.0,127.5,128.5
2022/05/13,130.5,131.0,128.0,130.0
2022/05/16,132.5,132.5,126.0,127.5
2022/05/17,129.0,131.0,128.0,130.5
2022/05/18,131.0,131.5,129.0,131.0
2022/05/19,128.5,131.5,128.0,130.5
2022/05/20,130.0,132.0,128.5,129.0
2022/05/23,129.5,129.5,126.0,126.0
2022/05/24,126.0,127.0,124.0,124.0
2022/05/25,124.5,129.0,124.0,127.5
2022/05/26,127.5,129.5,126.5,128.0
2022/05/27,129.5,134.0,129.0,132.0
2022/05/30,134.5,137.0,133.0,134.0
2022/05/31,133.0,136.5,132.0,135.0
2022/06/01,135.0,137.0,134.0,136.0
2022/06/02,135.0,136.0,132.0,132.5
2022/06/06,134.0,136.0,132.0,132.5
2022/06/07,132.0,134.5,131.5,134.0
2022/06/08,134.0,136.0,133.5,134.5
2022/06/09,134.0,135.5,133.5,135.5
2022/06/10,133.5,134.0,132.0,133.0
2022/06/13,129.5,132.5,128.0,131.0
2022/06/14,129.5,131.0,127.5,129.5
2022/06/15,129.5,131.5,129.5,130.0
2022/06/16,132.5,133.5,128.0,129.0
2022/06/17,126.5,127.5,124.0,125.5
2022/06/20,126.0,127.0,123.0,126.0
2022/06/21,127.0,130.0,126.5,128.5
2022/06/22,128.5,129.0,122.0,122.0
2022/06/23,125.5,127.0,123.0,125.0
2022/06/24,124.0,127.0,122.5,127.0
2022/06/27,127.0,128.0,124.5,125.5
2022/06/28,125.0,125.5,122.5,123.5
2022/06/29,121.5,122.0,115.5,117.0
2022/06/30,113.0,115.0,109.5,113.5
2022/07/01,111.0,112.0,103.5,105.0
2022/07/04,102.5,104.5,101.0,101.5
2022/07/05,103.5,105.0,100.0,102.0
2022/07/06,102.0,103.0,100.0,100.0
2022/07/07,99.7,104.0,98.3,102.0
2022/07/08,105.0,110.5,104.5,108.0
2022/07/11,108.5,110.0,106.0,106.5
2022/07/12,105.0,105.5,102.0,104.5
2022/07/13,108.0,110.0,107.0,108.0
2022/07/14,107.0,110.0,106.0,109.5
2022/07/15,109.0,112.0,108.5,111.0
2022/07/18,112.0,115.5,110.5,115.0
2022/07/19,116.0,120.0,115.0,118.0
2022/07/20,120.0,121.0,118.0,119.5
2022/07/21,118.5,120.5,118.0,120.0
2022/07/22,118.5,118.5,113.5,115.0
2022/07/25,113.5,118.5,113.5,117.0
2022/07/26,116.0,117.0,112.5,113.5
2022/07/27,113.5,116.0,113.0,115.0
2022/07/28,116.0,117.0,115.0,116.0
2022/07/29,117.0,119.0,116.5,118.0
2022/08/01,117.0,117.0,114.0,116.0
2022/08/02,114.5,118.0,114.0,116.0
2022/08/03,115.0,116.0,114.0,115.5
2022/08/04,116.0,116.5,112.5,116.0
2022/08/05,115.0,118.5,114.5,117.5
2022/08/08,117.5,119.0,117.0,119.0
2022/08/09,118.0,118.0,115.0,116.0
2022/08/10,114.5,115.0,112.5,114.0
2022/08/11,116.0,116.5,114.0,114.0
2022/08/12,115.0,119.5,115.0,118.5
2022/08/15,121.5,126.0,120.5,124.5
2022/08/16,126.0,128.5,125.0,127.5
2022/08/17,116.5,118.0,114.0,116.5
2022/08/18,116.5,116.5,115.0,116.0
2022/08/19,117.0,117.5,115.0,115.5
2022/08/22,114.5,119.0,114.0,117.5
2022/08/23,116.5,119.0,116.0,116.5
2022/08/24,117.0,117.5,113.0,113.5
2022/08/25,115.0,115.5,114.0,114.5
2022/08/26,116.0,117.5,115.5,116.5
2022/08/29,113.0,115.0,112.5,114.0
2022/08/30,114.0,114.5,113.0,113.5
2022/08/31,114.0,116.0,114.0,115.0
2022/09/01,113.5,114.0,112.5,113.0
2022/09/02,113.0,114.0,110.5,111.0
2022/09/05,111.0,114.0,110.5,112.5
2022/09/06,113.5,114.0,110.5,111.5
2022/09/07,110.0,111.0,108.0,110.0
2022/09/08,110.5,117.0,109.5,117.0
2022/09/12,117.5,119.5,116.0,117.5
2022/09/13,119.0,125.5,118.0,122.0
2022/09/14,119.5,122.0,118.0,120.0
2022/09/15,120.0,124.0,118.5,122.5
2022/09/16,121.0,122.5,119.5,121.0
2022/09/19,124.5,124.5,120.5,123.0
2022/09/20,123.0,123.5,121.0,122.0
2022/09/21,120.5,120.5,114.0,115.0
2022/09/22,112.0,116.0,110.0,114.5
2022/09/23,112.5,117.0,112.5,115.0
2022/09/26,113.0,113.5,109.0,111.0
2022/09/27,112.0,112.5,108.0,110.5
2022/09/28,109.5,111.0,106.0,106.5
2022/09/29,107.5,113.5,106.0,107.5
2022/09/30,105.5,109.0,104.5,107.5
2022/10/03,105.5,106.5,103.5,105.5
2022/10/04,107.5,111.0,107.5,110.0
2022/10/05,112.5,113.0,109.5,110.0
2022/10/06,110.0,110.5,107.0,108.0
2022/10/07,107.5,107.5,104.0,106.5
2022/10/11,105.0,107.0,103.5,104.0
2022/10/12,104.0,108.0,103.5,106.5
2022/10/13,105.5,109.5,105.5,109.0
2022/10/14,110.0,110.5,106.5,106.5
2022/10/17,106.0,107.5,103.5,107.0
2022/10/18,108.5,116.0,107.5,108.0
2022/10/19,107.5,111.5,107.5,110.0
2022/10/20,108.5,111.0,107.0,111.0
2022/10/21,110.0,110.0,107.5,107.5
2022/10/24,109.5,115.0,109.5,112.0
2022/10/25,111.5,113.5,110.5,111.5
2022/10/26,111.5,112.5,110.0,111.0
2022/10/27,111.5,113.0,111.0,112.0
2022/10/28,113.0,113.5,110.5,111.0
2022/10/31,113.0,113.0,109.5,109.5
2022/11/01,110.0,111.5,109.5,110.0
2022/11/02,110.0,112.5,109.5,112.0
2022/11/03,110.5,114.0,110.5,113.5
2022/11/04,112.5,113.5,111.0,112.5
2022/11/07,112.0,118.5,112.0,116.5
2022/11/08,118.5,119.5,116.5,118.0
2022/11/09,118.0,121.0,118.0,120.5
2022/11/10,119.0,120.5,115.0,120.0
2022/11/11,125.0,125.0,120.5,123.0
2022/11/14,123.0,123.5,120.5,122.5
2022/11/15,121.5,123.0,120.5,123.0
2022/11/16,122.0,129.0,122.0,127.0
2022/11/17,125.5,129.0,125.0,128.5
2022/11/18,129.0,131.5,128.0,130.5
2022/11/21,129.0,130.0,126.0,126.0
2022/11/22,124.5,124.5,120.0,122.0
2022/11/23,123.0,123.0,120.5,122.5
2022/11/24,123.5,124.5,122.5,123.5
2022/11/25,124.0,127.5,123.5,125.0
2022/11/28,123.5,126.0,123.0,123.0
2022/11/29,124.0,124.5,122.0,122.0
2022/11/30,122.0,124.0,120.5,123.0
2022/12/01,124.0,124.5,122.5,123.5
2022/12/02,122.0,125.0,122.0,123.5
2022/12/05,124.0,126.0,123.0,125.0
2022/12/06,124.0,125.0,121.0,121.5
2022/12/07,121.0,121.0,116.5,119.0
2022/12/08,118.5,119.5,115.0,117.5
2022/12/09,118.0,120.0,117.5,119.0
2022/12/12,117.5,120.5,116.0,120.5
2022/12/13,120.5,122.0,118.0,120.5
2022/12/14,120.5,123.5,120.5,122.5
2022/12/15,124.0,126.0,122.0,123.0
2022/12/16,121.0,124.5,118.5,123.5
2022/12/19,121.5,124.5,121.0,123.5
2022/12/20,122.5,124.0,116.0,116.0
2022/12/21,117.0,118.0,114.5,117.0
2022/12/22,117.5,119.5,117.0,117.5
2022/12/23,116.0,119.5,115.5,119.5
2022/12/26,119.5,120.0,118.0,119.0
2022/12/27,119.5,120.0,117.0,118.0
2022/12/28,116.5,118.5,116.5,118.0
2022/12/29,117.0,121.0,116.5,120.0
2022/12/30,120.5,121.5,119.0,119.5
2023/01/03,119.0,122.5,119.0,122.5
2023/01/04,122.5,122.5,121.0,122.0
2023/01/05,123.0,124.0,122.5,123.5
2023/01/06,123.5,124.5,123.0,124.0
2023/01/09,125.0,126.0,124.5,126.0
2023/01/10,125.5,126.5,124.5,126.5
2023/01/11,127.0,127.0,125.0,125.5
2023/01/12,125.5,126.5,124.5,125.5
2023/01/13,126.0,127.0,125.0,125.5
2023/01/16,126.0,127.5,124.5,125.5
2023/01/17,126.0,128.5,125.0,127.5
2023/01/30,130.0,133.5,130.0,133.0
2023/01/31,132.0,134.5,129.0,131.0
2023/02/01,131.5,134.5,130.0,134.0
2023/02/02,134.0,134.0,131.5,133.0
2023/02/03,132.0,134.0,131.5,132.0
2023/02/06,131.5,135.0,131.5,132.5
2023/02/07,132.5,134.5,131.5,134.0
2023/02/08,134.5,135.0,132.5,132.5
2023/02/09,132.5,133.5,131.5,132.0
2023/02/10,131.0,131.5,128.5,128.5
2023/02/13,128.5,132.0,128.5,131.0
2023/02/14,131.5,133.5,131.0,133.0
2023/02/15,133.5,134.5,130.5,131.0
2023/02/16,132.0,136.0,132.0,135.5
2023/02/17,135.0,136.0,133.0,135.0
2023/02/20,135.0,136.0,134.0,134.5
2023/02/21,135.0,135.5,134.5,135.0
2023/02/22,133.5,137.5,133.0,136.5
2023/02/23,140.0,145.0,139.5,141.5
2023/02/24,143.0,144.0,136.5,137.0
2023/03/01,136.5,140.0,135.0,139.0
2023/03/02,140.0,140.5,136.0,139.0
2023/03/03,140.0,140.5,138.5,139.5
2023/03/06,141.5,141.5,139.0,140.0
2023/03/07,139.5,141.5,139.5,141.0
2023/03/08,139.5,140.5,138.0,139.5
2023/03/09,139.5,140.5,138.5,139.0
2023/03/10,137.5,138.0,134.5,137.0
2023/03/13,136.5,140.5,135.5,138.0
2023/03/14,137.0,140.0,134.0,136.5
2023/03/15,136.5,140.0,135.5,139.0
2023/03/16,141.0,144.0,140.0,142.5
2023/03/17,144.5,145.0,139.0,145.0
2023/03/20,143.5,144.0,139.5,140.5
2023/03/21,141.5,142.0,139.5,140.0
2023/03/22,141.0,144.5,141.0,144.5
2023/03/23,143.0,144.5,142.5,144.0
2023/03/24,143.5,144.0,141.5,144.0
2023/03/27,144.0,144.0,142.0,143.5
2023/03/28,143.5,143.5,141.5,142.5
2023/03/29,142.0,143.5,141.5,143.0
2023/03/30,145.5,147.0,142.5,143.5
2023/03/31,144.0,144.5,142.5,144.0
2023/04/06,144.0,145.0,142.0,145.0
2023/04/07,145.0,145.0,143.0,144.0
2023/04/10,144.0,146.0,143.5,146.0
2023/04/11,146.5,146.5,144.5,146.5
2023/04/12,147.0,147.0,145.0,146.5
2023/04/13,146.0,146.0,145.0,146.0
2023/04/14,146.0,147.5,145.0,147.0
2023/04/17,146.0,147.5,145.5,147.5
2023/04/18,147.5,148.0,146.0,147.5
2023/04/19,147.5,147.5,145.0,146.5
2023/04/20,145.5,146.5,144.0,145.0
2023/04/21,145.0,146.0,143.5,144.0
2023/04/24,144.5,146.0,142.5,143.0
2023/04/25,144.0,144.5,139.0,141.0
2023/04/26,141.5,143.5,140.5,143.0
2023/04/27,144.0,145.5,142.5,145.0
2023/04/28,146.0,146.5,144.5,145.5
2023/05/02,145.0,147.0,141.0,143.0
2023/05/03,143.5,146.0,141.5,144.0
2023/05/04,144.0,146.5,142.5,145.5
2023/05/05,145.5,145.5,142.0,142.5
2023/05/08,143.5,144.0,142.5,144.0
2023/05/09,144.0,146.0,143.5,146.0
2023/05/10,145.0,145.5,143.0,145.0
2023/05/11,145.0,146.5,144.0,146.5
2023/05/12,145.0,148.0,142.5,147.5
2023/05/15,148.5,155.0,148.0,152.0
2023/05/16,152.5,156.0,152.0,154.5
2023/05/17,154.5,156.5,153.0,155.5
2023/05/18,156.5,159.0,156.0,159.0
2023/05/19,160.0,161.0,156.0,157.0
2023/05/22,158.0,159.5,156.0,158.0
2023/05/23,157.5,159.0,156.5,158.5
2023/05/24,159.0,161.0,158.0,161.0
2023/05/25,166.5,168.5,161.5,162.5
2023/05/26,166.0,174.5,165.5,169.5
2023/05/29,170.5,171.5,166.0,168.0
2023/05/30,167.0,167.0,163.0,164.5
2023/05/31,166.5,167.5,164.0,166.0
2023/06/01,166.5,167.5,165.0,166.0
2023/06/02,167.0,173.0,166.0,171.5
2023/06/05,171.5,173.0,168.5,173.0
2023/06/06,173.0,174.5,170.5,173.5
2023/06/07,175.0,181.0,175.0,178.5
2023/06/08,180.0,183.0,177.5,180.0
2023/06/09,182.0,187.5,180.0,185.0
2023/06/12,186.0,186.5,176.5,178.0
2023/06/13,180.0,183.0,180.0,182.5
2023/06/14,181.5,181.5,177.5,179.0
2023/06/15,179.5,181.5,176.5,178.0
2023/06/16,177.0,180.0,174.0,178.0
2023/06/19,176.5,177.0,172.5,174.0
2023/06/20,174.5,175.5,172.0,174.0
2023/06/21,175.0,177.0,174.5,176.0
2023/06/26,174.5,177.0,172.5,175.5
2023/06/27,175.0,176.5,172.5,174.0
2023/06/28,175.0,176.0,171.5,172.5
2023/06/29,175.0,176.0,172.5,174.0
2023/06/30,173.0,177.5,172.5,176.5
2023/07/03,179.0,181.0,178.0,180.0
2023/07/04,179.0,181.0,177.0,179.0
2023/07/05,180.0,180.5,175.5,176.5
2023/07/06,178.0,179.0,174.5,176.0
2023/07/07,174.5,176.0,171.0,173.0
2023/07/10,171.0,177.0,170.0,175.5
2023/07/11,176.5,180.0,176.0,179.5
2023/07/12,180.5,183.5,179.5,182.0
2023/07/13,185.0,194.0,185.0,188.0
2023/07/14,188.5,190.0,179.0,185.0
2023/07/17,184.0,194.5,184.0,188.0
2023/07/18,194.0,198.5,189.0,193.0
2023/07/19,196.0,196.0,185.5,187.0
2023/07/20,186.5,188.0,184.0,186.0
2023/07/21,185.0,193.0,184.0,191.5
2023/07/24,193.0,194.0,188.5,192.0
2023/07/25,197.0,211.0,196.5,211.0
2023/07/26,216.0,216.5,200.0,203.5
2023/07/27,206.0,206.5,195.0,196.0
2023/07/28,197.0,202.0,191.0,201.0
2023/07/31,204.0,204.5,192.5,194.5
2023/08/01,195.0,199.0,189.0,190.5
2023/08/02,193.0,195.0,183.5,186.0
2023/08/04,187.0,187.5,181.5,184.5
2023/08/07,185.0,190.0,184.5,189.0
2023/08/08,190.0,195.0,189.0,192.0
2023/08/09,192.0,200.0,192.0,194.5
2023/08/10,191.5,192.5,183.0,187.5
2023/08/11,185.0,185.0,178.5,179.0
2023/08/14,176.5,179.5,175.0,178.0
2023/08/15,179.0,180.0,175.5,176.5
2023/08/16,174.5,178.5,174.0,178.5
2023/08/17,176.0,179.0,169.5,178.5
2023/08/18,177.5,178.0,172.0,173.0
2023/08/21,172.0,173.0,168.0,170.5
2023/08/22,173.0,175.0,169.0,170.0
2023/08/23,171.5,172.0,168.5,171.5
2023/08/24,175.0,175.0,171.5,173.0
2023/08/25,173.0,174.0,170.5,171.5
2023/08/28,167.0,167.0,160.5,161.5
2023/08/29,162.0,162.5,158.0,160.0
2023/08/30,163.0,165.5,160.0,161.0
2023/08/31,161.0,161.5,158.5,159.5
2023/09/01,160.5,161.5,158.5,159.5
2023/09/04,160.0,162.0,158.5,161.5
2023/09/05,160.5,167.5,160.5,165.0
2023/09/06,165.0,167.0,164.0,165.0
2023/09/07,164.0,166.5,163.0,164.5
2023/09/08,164.0,166.0,162.5,163.5
2023/09/11,166.0,168.5,162.0,162.0
2023/09/12,164.0,166.0,162.5,164.5
2023/09/13,164.5,165.0,162.0,164.5
2023/09/14,164.5,168.5,164.5,168.0
2023/09/15,168.0,172.0,166.0,171.5
2023/09/18,170.0,171.0,168.5,168.5
2023/09/19,169.0,170.0,166.0,166.0
2023/09/20,167.5,177.5,166.5,175.5
2023/09/21,177.0,178.0,171.0,172.5
2023/09/22,171.5,172.0,168.0,171.0
2023/09/25,172.5,172.5,169.5,170.5
2023/09/26,170.5,173.0,167.5,168.5
2023/09/27,167.0,168.0,165.5,167.0
2023/09/28,167.0,167.5,163.0,164.0
2023/10/02,165.0,169.0,164.0,167.5
2023/10/03,167.0,169.0,165.0,167.0
2023/10/04,165.0,166.0,163.5,164.5
2023/10/05,165.0,167.5,164.5,166.5
2023/10/06,167.5,169.0,165.5,168.0
2023/10/11,173.0,174.0,168.5,168.5
2023/10/12,170.0,172.5,169.0,172.5
2023/10/13,169.0,170.5,164.0,166.5
2023/10/16,165.5,166.0,164.0,164.0
2023/10/17,165.5,166.0,162.0,162.0
2023/10/18,162.0,163.0,159.0,160.5
2023/10/19,159.0,160.0,156.5,159.0
2023/10/20,157.5,158.5,154.0,156.5
2023/10/23,154.0,160.0,154.0,157.5
2023/10/24,157.5,162.5,157.5,161.0
2023/10/25,162.0,166.5,162.0,164.5
2023/10/26,161.0,166.5,159.0,165.5
2023/10/27,165.5,168.5,165.5,167.5
2023/10/30,167.5,169.0,165.0,168.0
2023/10/31,168.0,169.0,164.0,165.0
2023/11/01,166.0,167.0,163.0,166.0
2023/11/02,168.0,171.0,168.0,170.5
2023/11/03,170.5,171.5,169.0,170.0
2023/11/06,171.5,173.0,170.0,172.5
2023/11/07,171.5,172.0,170.0,171.0
2023/11/08,172.0,174.0,171.0,173.0
2023/11/09,173.0,174.0,171.0,172.0
2023/11/10,172.5,175.5,172.0,174.5
2023/11/13,173.5,173.5,165.5,166.0
2023/11/14,166.5,167.5,163.5,166.5
2023/11/15,168.5,170.0,168.0,168.0
2023/11/16,167.5,167.5,164.0,164.5
2023/11/17,165.5,167.0,165.0,166.0
2023/11/20,167.0,167.0,164.0,165.0
2023/11/21,166.0,171.0,166.0,170.0
2023/11/22,169.0,170.5,168.0,169.5
2023/11/23,169.5,170.5,168.0,169.0
2023/11/24,170.0,171.5,169.0,169.0
2023/11/27,169.0,170.5,167.0,167.5
2023/11/28,169.0,169.5,166.5,168.0
2023/11/29,170.0,183.0,169.0,181.0
2023/11/30,183.0,187.0,180.0,183.5
2023/12/01,183.5,185.0,181.0,185.0
2023/12/04,186.5,187.5,183.0,183.5
2023/12/05,180.0,181.5,176.5,178.0
2023/12/06,178.0,179.5,176.5,176.5
2023/12/07,178.0,180.5,176.5,180.0
2023/12/08,182.0,183.5,178.5,179.0
2023/12/11,179.0,181.0,176.5,177.0
2023/12/12,177.5,179.0,175.5,177.0
2023/12/13,179.0,181.0,178.0,178.0
2023/12/14,180.5,183.0,179.0,181.5
2023/12/15,183.0,183.0,179.0,179.0
2023/12/18,179.5,183.0,178.0,180.5
2023/12/19,181.0,182.5,178.5,181.5
2023/12/20,182.0,190.0,180.5,184.5
2023/12/21,182.0,184.0,180.5,181.5
2023/12/22,183.0,187.5,183.0,184.0
2023/12/25,185.0,196.0,185.0,193.0
2023/12/26,194.0,201.5,191.5,195.5
2023/12/27,198.5,203.5,198.0,200.0
2023/12/28,200.0,203.0,198.5,201.5
2023/12/29,203.5,208.5,202.0,204.0
2024/01/02,204.5,205.5,196.5,198.0
2024/01/03,195.0,196.0,190.0,191.0
2024/01/04,190.0,190.0,186.5,187.5
2024/01/05,188.0,190.0,186.0,186.0
2024/01/08,187.0,192.5,185.5,187.5
2024/01/09,191.0,193.5,188.0,189.5
2024/01/10,175.0,187.5,175.0,186.0
2024/01/11,185.5,186.5,183.0,184.5
2024/01/12,184.5,185.5,183.0,184.5
2024/01/15,186.5,187.0,180.5,181.0
2024/01/16,180.0,182.0,179.0,179.5
2024/01/17,179.0,181.5,178.0,179.0
2024/01/18,180.0,184.5,178.0,179.0
2024/01/19,180.0,185.0,179.5,184.5
2024/01/22,186.0,188.5,183.5,186.0
2024/01/23,184.0,184.0,180.0,183.0
2024/01/24,183.0,184.0,181.0,183.0
2024/01/25,184.0,185.0,181.0,185.0
2024/01/26,184.5,184.5,179.0,179.5
2024/01/29,181.0,185.0,180.5,183.5
2024/01/30,184.0,185.0,183.0,184.0
2024/01/31,184.0,184.0,181.0,182.0
2024/02/01,182.5,184.0,181.0,184.0
2024/02/02,184.5,192.0,184.0,189.5
2024/02/05,190.0,191.5,189.0,191.0
2024/02/15,194.5,196.0,188.0,193.0
2024/02/16,193.0,193.5,190.0,191.0
2024/02/19,192.5,192.5,188.5,191.0
2024/02/20,191.0,192.0,188.5,192.0
2024/02/21,190.0,191.5,189.0,190.0
2024/02/22,193.0,195.0,189.5,189.5
2024/02/23,191.0,194.0,190.5,191.5
2024/02/26,191.0,191.0,187.0,189.5
2024/02/27,191.0,193.5,187.5,187.5
2024/02/29,188.0,191.0,187.0,191.0
2024/03/01,192.0,193.5,191.0,191.0
2024/03/04,192.5,198.5,191.0,192.0
2024/03/05,193.5,196.0,192.0,195.0
2024/03/06,194.0,196.0,192.0,193.0
2024/03/07,193.5,194.5,188.5,189.5
2024/03/08,189.5,191.0,186.5,188.0
2024/03/11,188.5,190.5,187.0,187.0
2024/03/12,187.5,189.0,186.5,188.5
2024/03/13,189.0,190.5,188.0,189.0
2024/03/14,189.0,189.0,183.0,186.0
2024/03/15,176.5,177.0,168.0,169.5
2024/03/18,172.0,174.5,170.0,171.5
2024/03/19,172.5,173.5,170.0,170.0
2024/03/20,170.0,171.0,168.0,168.5
2024/03/21,170.0,170.5,166.5,170.5
2024/03/22,169.5,172.5,169.5,171.0
2024/03/25,171.0,172.0,170.0,170.0
2024/03/26,170.5,172.5,167.5,168.5
2024/03/27,168.5,169.5,167.0,168.0
2024/03/28,168.0,169.0,167.0,167.0
2024/03/29,167.0,170.5,166.5,169.5
2024/04/01,170.0,170.5,168.0,169.5
2024/04/02,169.5,170.5,169.0,170.0
2024/04/03,170.0,171.0,169.0,169.5
2024/04/08,170.5,173.5,170.5,171.5
2024/04/09,172.0,173.5,171.5,172.5
2024/04/10,174.0,175.0,172.0,172.5
2024/04/11,171.5,173.0,170.5,173.0
2024/04/12,171.5,172.5,170.5,170.5
2024/04/15,170.5,172.5,167.5,167.5
2024/04/16,166.5,167.0,160.5,161.5
2024/04/17,162.0,163.0,161.0,161.5
2024/04/18,160.5,162.5,159.0,161.0
2024/04/19,157.0,158.0,152.0,154.0
2024/04/22,154.0,156.0,152.0,154.0
2024/04/23,155.0,156.5,153.5,154.5
2024/04/24,156.5,159.5,156.5,158.0
2024/04/25,158.0,158.0,155.0,155.0
2024/04/26,155.5,158.0,155.5,156.0
2024/04/29,156.5,162.5,156.5,160.0
2024/04/30,160.0,161.5,159.0,159.5
2024/05/02,159.0,161.0,158.0,159.0
2024/05/03,160.5,162.5,159.0,159.0
2024/05/06,161.0,163.0,160.5,162.0
2024/05/07,163.0,164.0,159.0,163.0
2024/05/08,163.5,164.5,161.0,163.0
2024/05/09,164.0,164.0,161.0,163.0
2024/05/10,164.0,165.0,162.0,165.0
2024/05/13,168.5,168.5,163.0,164.5
2024/05/14,170.0,176.0,168.5,168.5
2024/05/15,169.0,170.0,167.0,169.0
2024/05/16,171.0,172.0,169.5,170.5
2024/05/17,171.5,172.5,169.0,170.5
2024/05/20,172.0,172.0,167.5,168.5
2024/05/21,169.0,169.5,166.0,167.5
2024/05/22,169.0,175.5,168.5,175.5
2024/05/23,182.0,189.0,179.5,186.5
2024/05/24,184.0,189.0,181.0,187.0
2024/05/27,188.0,203.5,188.0,200.0
2024/05/28,202.0,210.0,200.0,200.0
2024/05/29,200.5,202.0,195.0,197.5
2024/05/30,195.5,203.0,193.0,193.5
2024/05/31,194.0,197.0,191.5,191.5
2024/06/03,200.5,206.5,195.5,197.0
2024/06/04,196.0,198.5,191.0,192.5
2024/06/05,192.5,192.5,186.0,186.0
2024/06/06,189.0,189.0,184.0,186.5
2024/06/07,186.0,187.5,184.5,185.5
2024/06/11,184.0,184.5,179.0,179.5
2024/06/12,179.5,181.0,177.0,178.0
2024/06/13,179.0,184.0,179.0,183.0
2024/06/14,183.0,183.0,178.5,179.5
2024/06/17,179.5,180.5,178.5,179.5
2024/06/18,180.0,181.0,177.0,178.0
2024/06/19,178.0,180.5,177.0,177.5
2024/06/20,178.0,181.0,178.0,180.5
2024/06/21,180.0,180.0,177.0,180.0
2024/06/24,181.0,182.0,180.0,181.5
2024/06/25,181.0,181.0,175.0,176.5
2024/06/26,177.5,178.0,175.0,176.5
2024/06/27,175.0,176.5,172.0,175.5
2024/06/28,176.0,179.5,176.0,178.0
2024/07/01,181.0,182.5,179.5,180.5
2024/07/02,180.0,181.0,178.5,179.5
2024/07/03,182.5,183.0,179.5,180.5
2024/07/04,182.5,184.5,181.5,183.5
2024/07/05,183.5,184.0,181.5,182.0
2024/07/08,182.5,185.0,181.0,184.0
2024/07/09,184.0,184.5,180.0,180.5
2024/07/10,179.0,180.5,178.5,180.0
2024/07/11,180.0,183.0,179.0,180.5
2024/07/12,181.5,182.5,179.5,180.5
2024/07/15,182.5,184.0,180.5,181.5
2024/07/16,181.5,183.0,181.0,181.0
2024/07/17,182.0,185.5,180.5,182.5
2024/07/18,182.0,185.0,180.5,183.5
2024/07/19,183.0,183.5,180.0,180.5
2024/07/22,180.5,181.0,171.5,175.5
2024/07/23,178.0,179.0,175.5,177.5
2024/07/26,174.5,174.5,169.5,174.0
2024/07/29,176.0,177.5,170.0,170.0
2024/07/30,170.0,172.0,167.5,171.5
2024/07/31,171.0,172.5,169.0,169.5
2024/08/01,171.5,176.0,171.0,174.5
2024/08/02,171.0,175.0,170.5,173.5
2024/08/05,168.5,169.0,157.5,161.0
2024/08/06,164.0,165.5,153.0,157.0
2024/08/07,157.5,165.0,157.5,164.0
2024/08/08,161.0,164.0,160.0,161.0
2024/08/09,165.0,169.0,164.0,166.5
2024/08/12,170.0,172.0,168.5,169.5
2024/08/13,170.0,170.0,165.0,166.5
2024/08/14,169.5,172.0,168.0,171.0
2024/08/15,174.0,174.0,169.0,169.0
2024/08/16,172.0,174.5,171.5,172.5
2024/08/19,174.0,176.0,173.0,174.5
2024/08/20,175.5,176.0,173.5,174.0
2024/08/21,175.5,177.5,174.0,175.0
2024/08/22,176.0,176.5,172.0,174.0
2024/08/23,174.0,175.5,171.5,175.0
2024/08/26,182.5,186.5,178.5,184.0
2024/08/27,184.0,184.5,178.5,180.0
2024/08/28,183.5,186.0,181.0,183.5
2024/08/29,182.5,185.5,180.5,184.5
2024/08/30,185.5,186.0,182.0,183.5
2024/09/02,185.0,185.5,182.5,183.5
2024/09/03,183.5,184.5,181.0,181.0
2024/09/04,172.5,178.0,170.0,172.5
2024/09/05,174.5,176.0,170.0,170.0
2024/09/06,172.5,173.0,168.0,172.5
2024/09/09,166.0,172.0,166.0,170.0
2024/09/10,171.0,172.5,167.5,168.0
2024/09/11,168.5,169.5,166.0,166.0
2024/09/12,170.0,173.0,169.0,171.0
2024/09/13,170.5,172.0,170.0,171.0
2024/09/16,171.5,172.0,170.0,170.5
2024/09/18,171.0,171.0,168.0,169.0
2024/09/19,170.0,172.5,169.0,171.5
2024/09/20,173.0,179.0,173.0,177.0
2024/09/23,178.0,180.0,175.5,176.5
2024/09/24,176.5,177.5,175.5,177.5
2024/09/25,178.5,178.5,176.5,177.0
2024/09/26,177.5,178.0,173.0,173.5
2024/09/27,174.5,177.0,173.0,173.5
2024/09/30,174.0,175.5,173.0,174.0
2024/10/01,174.5,175.5,172.0,175.0
2024/10/04,174.0,175.5,168.5,170.0
2024/10/07,171.0,173.0,170.0,172.0
2024/10/08,170.0,171.0,169.0,170.0
2024/10/09,171.0,172.5,168.0,168.0
2024/10/11,170.5,174.5,170.5,173.5
2024/10/14,174.0,175.0,173.0,173.5
2024/10/15,175.0,177.5,174.0,176.5
2024/10/16,174.5,179.0,174.5,177.5
2024/10/17,179.0,181.5,177.5,177.5
2024/10/18,179.0,181.5,178.0,179.0
2024/10/21,181.5,183.5,179.5,179.5
2024/10/22,179.5,181.5,178.5,181.5
2024/10/23,181.0,181.0,177.0,177.0
2024/10/24,177.0,180.0,177.0,179.5
2024/10/25,180.5,181.0,178.5,180.0
2024/10/28,181.5,182.5,180.0,181.5
2024/10/29,182.0,182.5,178.0,182.0
2024/10/30,183.0,186.0,178.0,178.0
2024/11/01,174.0,182.0,173.5,181.0
2024/11/04,181.0,183.0,180.5,182.5
2024/11/05,183.5,188.5,182.0,188.5
2024/11/06,187.5,189.5,185.5,189.0
2024/11/07,189.0,191.5,186.5,189.0
2024/11/08,189.5,191.0,184.0,184.5
2024/11/11,186.0,187.5,182.0,183.0
2024/11/12,180.5,184.5,180.0,181.0
2024/11/13,178.0,178.5,168.5,172.0
2024/11/14,172.0,174.0,170.5,171.0
2024/11/15,171.5,173.5,167.0,168.0
2024/11/18,167.5,169.5,165.5,167.5
2024/11/19,169.0,173.0,168.5,172.5
2024/11/20,171.5,172.5,169.5,171.5
2024/11/21,169.0,174.0,169.0,174.0
2024/11/22,174.0,175.0,172.5,174.0
2024/11/25,175.0,177.0,173.0,173.0
2024/11/26,174.0,175.5,172.0,173.5
2024/11/27,173.0,174.0,170.0,170.0
2024/11/28,171.0,171.5,168.0,168.0
2024/11/29,167.5,172.0,166.0,171.0
2024/12/02,170.5,173.5,170.5,172.0
2024/12/03,173.0,176.0,173.0,175.0
2024/12/04,175.0,175.5,173.0,175.0
2024/12/05,175.5,175.5,171.5,174.0
2024/12/06,174.5,176.0,174.0,174.5
2024/12/09,175.0,176.5,173.0,173.0
2024/12/10,172.0,174.0,172.0,172.5
2024/12/11,171.0,172.0,170.0,170.0
2024/12/12,170.5,171.5,170.0,170.5
2024/12/13,170.5,171.0,169.0,169.5
2024/12/16,171.0,173.0,168.5,168.5
2024/12/17,170.0,174.5,169.0,172.0
2024/12/18,172.0,181.0,172.0,179.5
2024/12/19,175.5,179.5,174.5,177.5
2024/12/20,176.5,179.0,176.0,178.5
2024/12/23,179.5,182.0,178.0,178.5
2024/12/24,179.0,181.0,178.0,178.5
2024/12/25,179.5,187.0,179.5,184.5
2024/12/26,185.0,187.0,183.0,185.0
2024/12/27,185.0,185.0,182.0,184.5
2024/12/30,184.5,187.0,183.5,184.0
2024/12/31,184.0,185.5,183.0,183.5
2025/01/02,182.5,184.5,181.5,183.0
2025/01/03,183.5,184.5,181.0,183.0
2025/01/06,184.5,189.0,183.0,188.0
2025/01/07,189.5,195.0,186.0,186.0
2025/01/08,186.5,197.5,186.5,195.0
2025/01/09,195.0,196.5,187.5,188.0
2025/01/10,185.0,188.0,182.0,184.5
2025/01/13,183.0,187.0,180.5,183.5
2025/01/14,183.5,186.5,182.5,185.0
2025/01/15,185.0,186.5,179.0,179.5
2025/01/16,183.5,184.5,180.5,180.5
2025/01/17,180.5,182.0,179.0,180.0
2025/01/20,182.0,185.0,181.0,181.0
2025/01/21,183.0,183.0,181.0,181.0
2025/01/22,181.5,183.5,180.5,181.5
2025/02/03,178.5,199.0,177.0,196.0
2025/02/04,199.0,203.5,194.0,195.0
2025/02/05,197.0,201.0,194.0,197.0
2025/02/06,198.0,198.5,189.0,191.5
2025/02/07,192.5,197.5,191.0,193.0
2025/02/10,192.0,192.5,187.0,191.0
2025/02/11,192.0,196.5,191.5,196.0
2025/02/12,197.5,199.5,192.0,193.0
2025/02/13,194.5,198.0,193.0,194.0
2025/02/14,195.5,195.5,188.0,190.0
2025/02/17,191.5,197.0,191.5,195.5
2025/02/18,195.5,210.0,195.5,200.5
2025/02/19,202.0,205.0,197.5,199.0
2025/02/20,199.5,204.5,198.0,199.0
2025/02/21,200.0,204.5,197.5,201.0
2025/02/24,199.0,199.5,196.5,198.0
2025/02/25,195.5,195.5,192.5,194.5
2025/02/26,193.0,196.0,191.0,195.5
2025/02/27,195.0,195.0,182.5,185.0
2025/03/03,183.0,191.0,183.0,185.5
2025/03/04,182.5,185.5,180.0,184.5
2025/03/05,186.0,191.5,185.0,190.0
2025/03/06,190.0,192.5,188.0,189.0
2025/03/07,188.5,189.5,182.5,183.0
2025/03/10,183.5,183.5,175.5,176.5
2025/03/11,173.0,176.5,171.0,175.0
2025/03/12,176.5,182.0,175.0,179.0
2025/03/13,176.0,176.0,166.0,167.0
2025/03/14,168.0,171.5,164.0,171.0
2025/03/17,171.0,171.5,167.5,169.0
2025/03/18,170.0,176.5,168.5,174.5
2025/03/19,174.5,174.5,170.0,171.0
2025/03/20,173.0,175.0,171.0,171.5
2025/03/21,171.5,173.0,170.5,171.5
2025/03/24,172.0,173.5,171.0,171.0
2025/03/25,172.5,173.5,171.0,172.5
2025/03/26,173.0,174.5,172.0,173.5
2025/03/27,171.5,173.0,169.5,171.5
2025/03/28,170.0,172.0,169.0,169.5
2025/03/31,165.0,166.5,161.5,162.0
2025/04/01,164.0,169.0,164.0,167.5
2025/04/02,168.0,169.5,167.0,168.5
2025/04/07,152.0,152.0,152.0,152.0
2025/04/08,137.0,137.0,137.0,137.0
2025/04/09,123.5,123.5,123.5,123.5
2025/04/10,135.5,135.5,131.5,135.5
2025/04/11,122.5,128.0,122.0,127.0
2025/04/14,133.5,139.0,132.0,133.5
2025/04/15,134.0,143.0,134.0,143.0
2025/04/16,141.5,142.0,135.0,136.0
2025/04/17,136.0,137.0,134.5,136.0
2025/04/18,137.0,137.5,135.0,135.0
2025/04/21,135.0,135.0,126.0,129.0
2025/04/22,127.0,130.0,125.0,127.5
2025/04/23,132.0,133.0,130.0,132.5
2025/04/24,134.5,135.5,132.5,133.0
2025/04/25,136.5,138.5,135.5,136.5
2025/04/28,138.0,139.0,136.5,138.5
2025/04/29,138.5,142.0,137.5,142.0
2025/04/30,141.5,142.5,139.5,139.5
2025/05/02,142.5,145.0,141.5,145.0
2025/05/05,147.5,147.5,135.5,137.5
2025/05/06,138.0,141.0,136.5,140.0
2025/05/07,141.5,142.5,139.0,140.0
2025/05/08,142.0,142.5,140.0,141.0
2025/05/09,141.5,143.0,140.5,142.5
2025/05/12,145.5,148.0,144.0,145.5
2025/05/13,145.5,147.0,141.0,143.0
2025/05/14,145.0,148.0,145.0,147.5
2025/05/15,147.5,147.5,141.5,141.5
2025/05/16,142.5,142.5,139.0,139.5
2025/05/19,139.0,144.5,137.0,139.0
2025/05/20,140.0,140.0,135.0,136.5
2025/05/21,138.0,139.0,134.5,139.0
2025/05/22,137.0,137.5,134.5,135.5
2025/05/23,135.5,136.0,133.0,134.0
2025/05/26,135.5,138.5,133.5,138.5
2025/05/27,137.5,138.5,134.5,137.0
2025/05/28,139.0,139.5,136.0,139.5
2025/05/29,140.5,142.5,136.5,142.5
2025/06/02,140.5,140.5,132.0,133.5
2025/06/03,134.5,138.0,133.5,137.5
2025/06/04,138.0,141.0,138.0,140.5
2025/06/05,140.5,142.5,139.0,141.5
2025/06/06,141.5,141.5,139.0,141.0
2025/06/09,141.5,142.0,140.0,141.0
2025/06/10,142.5,145.0,141.0,144.0
2025/06/11,145.5,146.0,144.0,145.0
2025/06/12,145.0,147.5,144.5,146.5
2025/06/13,146.0,146.5,144.5,145.0
2025/06/16,144.0,145.0,143.0,145.0
2025/06/17,146.0,146.5,142.5,143.5
2025/06/18,143.5,144.5,142.5,144.5
2025/06/19,143.5,143.5,140.5,141.0
2025/06/20,142.0,142.5,138.5,139.5
2025/06/23,137.0,139.5,135.0,137.5
2025/06/24,140.0,143.5,140.0,141.5
2025/06/25,144.5,145.5,142.5,142.5
2025/06/26,144.0,144.5,140.5,140.5
2025/06/27,141.0,143.5,141.0,143.0
2025/06/30,143.5,144.5,142.0,143.5
2025/07/01,144.0,145.0,143.0,144.5
2025/07/02,143.5,144.5,143.0,144.0
2025/07/03,144.0,145.5,144.0,145.5
2025/07/04,146.5,146.5,142.0,142.5
2025/07/07,143.0,143.5,140.5,141.0
2025/07/08,141.0,141.5,139.5,140.5
2025/07/09,140.5,142.5,140.0,142.0
2025/07/10,141.5,142.0,140.0,141.5
2025/07/11,143.0,143.5,141.5,142.5
2025/07/14,142.5,143.0,140.0,140.5
2025/07/15,141.0,144.5,141.0,144.0
2025/07/16,144.5,146.0,143.5,143.5
2025/07/17,144.0,146.5,144.0,145.5
2025/07/18,147.0,148.0,145.5,145.5
2025/07/21,146.0,147.0,145.5,146.5
2025/07/22,147.0,150.5,140.0,140.0
2025/07/23,141.5,144.0,140.5,143.5
2025/07/24,144.0,144.5,143.5,144.5
2025/07/25,145.0,145.0,143.5,144.0
2025/07/28,144.0,145.5,143.5,144.5
2025/07/29,144.5,145.5,143.0,143.0
2025/07/30,143.5,144.5,142.0,143.5
2025/07/31,143.0,145.5,140.5,144.0
2025/08/01,143.0,149.0,142.5,147.5
2025/08/04,146.0,148.5,146.0,147.5
2025/08/05,149.0,153.0,148.5,152.5
2025/08/06,152.5,153.0,151.0,152.0
2025/08/07,152.5,153.5,147.5,150.5
2025/08/08,150.5,151.5,149.0,150.5
2025/08/11,149.0,149.0,143.5,145.5
2025/08/12,146.0,147.5,144.5,144.5
2025/08/13,145.5,147.0,143.5,143.5
2025/08/14,144.5,145.5,143.5,144.0
2025/08/15,145.5,146.0,144.0,145.0
2025/08/18,145.5,148.0,144.5,145.5
2025/08/19,147.0,149.0,145.0,145.5
2025/08/20,146.0,146.0,140.0,140.5
2025/08/21,141.5,142.0,139.0,139.5
2025/08/22,140.0,141.0,139.0,139.0
2025/08/25,136.0,137.0,134.0,134.5
2025/08/26,135.0,136.0,132.5,134.5
2025/08/27,136.5,138.5,135.5,137.0
2025/08/28,137.0,138.0,136.0,136.5
2025/08/29,136.5,137.5,135.0,135.0
2025/09/01,134.5,134.5,127.0,127.0
2025/09/02,128.5,131.0,127.5,127.5
2025/09/03,128.5,129.5,127.5,127.5
2025/09/04,129.0,131.5,128.5,129.5
2025/09/05,131.5,131.5,129.5,129.5
2025/09/08,130.0,131.5,129.0,129.0
2025/09/09,129.5,130.5,128.0,129.5
2025/09/10,130.0,130.0,127.0,127.0
2025/09/11,127.5,128.5,124.0,124.5
2025/09/12,125.0,129.5,125.0,125.0
2025/09/15,125.0,125.0,122.5,122.5
2025/09/16,122.5,123.5,122.5,123.0
2025/09/17,123.0,124.0,120.5,120.5
2025/09/18,121.5,122.5,120.5,121.0
2025/09/19,122.0,123.5,121.0,122.5
2025/09/22,123.5,123.5,120.5,120.5
2025/09/23,121.5,122.0,119.0,119.5
2025/09/24,119.5,119.5,116.5,117.0
2025/09/25,117.5,120.5,117.0,118.0
2025/09/26,117.5,117.5,112.0,114.0
2025/09/30,116.0,116.5,114.0,116.0
2025/10/01,116.5,118.0,113.5,113.5
2025/10/02,114.0,115.0,112.5,112.5
2025/10/03,112.0,114.0,109.5,114.0
2025/10/07,114.0,114.5,112.0,113.0
2025/10/08,113.0,113.5,111.0,113.5
2025/10/09,114.0,114.0,111.5,112.0
2025/10/13,109.0,114.0,107.0,113.5
2025/10/14,115.0,115.5,108.5,108.5
2025/10/15,110.5,111.5,108.5,109.0
2025/10/16,110.5,111.5,108.5,109.5
2025/10/17,110.0,110.5,108.0,108.0
2025/10/20,109.0,110.0,107.0,109.0
2025/10/21,110.0,111.5,109.0,109.5
2025/10/22,110.0,111.0,109.0,110.0
2025/10/23,109.0,109.5,108.0,108.0
2025/10/27,109.5,110.5,108.5,109.0
2025/10/28,109.0,109.0,108.0,108.0
2025/10/29,109.5,114.0,109.0,112.0
2025/10/30,112.0,112.5,109.5,109.5
2025/10/31,109.5,110.5,109.0,109.5
2025/11/03,110.0,111.5,108.5,108.5
2025/11/04,109.0,110.0,103.5,104.5
2025/11/05,102.5,103.5,101.0,103.5
2025/11/06,104.5,107.5,104.0,106.5
2025/11/07,106.5,113.5,106.5,113.5
2025/11/10,115.0,115.0,111.5,112.0
2025/11/11,112.5,113.0,108.0,109.0
2025/11/12,110.0,112.0,109.5,110.0
2025/11/13,111.0,112.5,109.0,109.5
2025/11/14,108.0,109.0,104.5,105.5
2025/11/17,105.0,105.5,102.0,102.5
2025/11/18,101.0,105.5,100.5,103.0
2025/11/19,103.5,104.0,100.5,101.5
2025/11/20,104.0,104.5,101.5,103.0
2025/11/21,101.5,103.5,99.9,101.0
2025/11/24,102.0,103.0,100.5,102.5
2025/11/25,103.0,107.5,102.5,107.5
2025/11/26,107.5,108.0,105.5,108.0
2025/11/27,108.0,108.5,106.0,107.0
2025/11/28,107.0,107.5,106.5,107.5
2025/12/01,106.5,106.5,102.5,102.5
2025/12/02,103.0,104.0,101.5,102.0
2025/12/03,103.0,104.0,102.0,102.5
2025/12/04,102.5,103.5,102.0,102.5
2025/12/05,102.5,103.0,101.0,101.5
2025/12/08,102.0,102.5,101.0,101.0
2025/12/09,101.0,101.5,99.0,99.5
2025/12/10,99.9,101.0,98.5,98.6
2025/12/11,99.1,100.5,98.5,99.3
2025/12/12,99.8,102.5,99.1,99.3
2025/12/15,98.0,102.0,98.0,101.0
2025/12/16,100.5,104.5,100.0,103.0
2025/12/17,103.0,104.0,100.0,100.5
2025/12/18,100.5,102.0,100.0,100.0
2025/12/19,100.5,102.0,100.5,102.0
2025/12/22,103.0,103.5,100.5,101.0
2025/12/23,101.5,101.5,98.6,98.6
2025/12/24,99.0,99.1,98.0,98.0
2025/12/26,98.1,98.6,96.0,96.2
2025/12/29,96.1,96.3,95.2,95.5
2025/12/30,95.4,96.5,94.3,96.0
2025/12/31,96.0,97.2,95.5,96.1
2026/01/02,96.7,97.7,95.6,95.8
2026/01/05,96.8,97.2,94.7,95.1
2026/01/06,95.1,95.9,94.8,95.8
2026/01/07,96.4,97.2,95.1,96.3
2026/01/08,97.3,99.4,96.2,96.5
2026/01/09,97.0,98.4,94.7,97.4
2026/01/12,98.2,100.5,97.4,100.0
2026/01/13,101.0,101.5,98.0,98.0
2026/01/14,98.9,103.0,98.6,102.0
2026/01/15,102.5,102.5,98.7,100.0
2026/01/16,100.5,100.5,98.9,99.0
2026/01/19,99.3,100.5,98.1,99.8
2026/01/20,99.9,103.0,99.9,100.5
2026/01/21,100.5,102.0,99.5,99.7
2026/01/22,101.0,103.0,100.5,101.0
2026/01/23,102.0,103.0,100.0,100.5
2026/01/26,101.0,101.0,98.8,99.0
2026/01/27,99.2,100.5,96.9,97.1
2026/01/28,97.0,97.1,95.3,95.5
2026/01/29,95.5,95.6,93.1,93.7
2026/01/30,93.1,93.1,90.0,90.2
2026/02/02,89.0,92.9,89.0,90.8
2026/02/03,91.3,92.5,89.4,90.0
2026/02/04,89.5,91.4,89.4,90.6
2026/02/05,90.6,92.0,89.7,89.8
2026/02/06,89.2,90.4,87.6,90.0
2026/02/09,90.7,91.3,88.5,88.5
2026/02/10,90.5,94.3,90.4,90.4
2026/02/11,90.9,91.5,90.4,90.7
2026/02/23,91.5,93.4,90.6,92.6
2026/02/24,93.0,93.9,91.6,91.6
2026/02/25,91.8,93.4,91.7,92.2
2026/02/26,92.9,94.9,92.2,94.3
2026/03/02,93.9,99.8,93.0,98.6
2026/03/03,99.5,99.5,95.5,96.0
2026/03/04,94.5,95.4,92.0,93.8
2026/03/05,95.1,96.9,94.1,95.0
2026/03/06,94.0,97.0,93.2,96.7
2026/03/09,91.2,93.7,90.2,92.8
2026/03/10,93.5,94.4,91.2,92.8
2026/03/11,93.0,96.0,93.0,94.5
2026/03/12,93.7,96.2,93.6,94.3
2026/03/13,93.7,95.1,92.5,92.8
2026/03/16,91.9,94.0,90.8,94.0
2026/03/17,93.7,94.5,93.0,93.6
2026/03/18,94.9,98.5,94.2,97.5
2026/03/19,97.4,97.5,93.7,94.3
2026/03/20,95.1,95.2,92.6,93.5
2026/03/23,92.2,92.5,90.5,91.2
2026/03/24,92.4,92.4,90.0,90.7
2026/03/25,92.0,92.3,90.5,90.7
2026/03/26,90.9,91.7,90.6,90.7
2026/03/27,89.6,90.5,89.4,90.4
2026/03/30,88.6,89.8,88.2,88.3
2026/03/31,87.7,88.0,85.0,85.0
2026/04/01,87.0,88.6,87.0,88.1
2026/04/02,89.2,89.6,87.0,87.2
2026/04/07,88.5,89.7,87.5,89.2
2026/04/08,90.4,92.7,90.3,92.2
2026/04/09,93.0,93.0,90.9,91.6
2026/04/10,91.2,92.3,89.5,90.8
2026/04/13,90.1,90.6,88.8,89.6
2026/04/14,90.2,90.4,88.8,88.9
2026/04/15,90.0,90.1,88.2,88.7
2026/04/16,89.6,91.9,89.3,90.8
2026/04/17,91.4,91.9,90.8,91.9
2026/04/20,92.6,93.4,91.4,91.7
2026/04/21,92.5,94.4,92.5,93.8
2026/04/22,94.4,97.5,93.8,97.5
2026/04/23,99.0,106.0,97.6,98.0
2026/04/24,98.5,98.7,93.1,95.1
2026/04/27,95.1,95.1,93.2,93.4
2026/04/28,93.4,99.2,91.3,97.4
2026/04/29,98.3,101.5,95.8,100.0
2026/04/30,100.5,101.0,97.1,97.7
2026/05/04,97.7,98.1,95.0,95.1
2026/05/05,95.3,96.0,94.5,95.7
2026/05/06,96.4,100.5,95.5,100.0
2026/05/07,101.5,103.5,99.1,101.0
2026/05/08,100.5,103.5,98.9,100.0
2026/05/11,99.5,109.5,97.0,107.5
2026/05/12,114.0,118.0,103.5,105.0
2026/05/13,108.0,115.5,105.0,115.5
2026/05/14,121.0,124.0,116.5,117.0
2026/05/15,115.0,117.5,110.0,112.0
2026/05/18,110.5,115.0,108.0,113.0
2026/05/19,113.0,115.5,111.5,111.5
2026/05/20,112.0,112.5,109.0,109.5
2026/05/21,112.0,114.5,112.0,113.0
2026/05/22,114.5,124.0,113.5,124.0
2026/05/25,131.5,136.0,127.0,127.0
2026/05/26,128.0,128.5,123.5,126.0
2026/05/27,127.5,132.0,125.5,126.5
2026/05/28,127.5,129.0,122.0,123.5
2026/05/29,126.0,133.0,126.0,131.0
2026/06/01,136.0,144.0,134.5,141.5
2026/06/02,145.0,152.5,142.0,149.0
2026/06/03,151.5,152.0,146.0,146.5
2026/06/04,145.0,147.5,140.0,140.0
2026/06/05,138.5,142.5,135.5,141.5
2026/06/08,128.0,132.5,128.0,132.0
2026/06/09,133.5,138.0,132.5,137.5
2026/06/10,135.0,140.5,132.0,132.0
2026/06/11,130.5,134.5,129.5,133.5
2026/06/12,139.5,143.5,136.5,136.5
2026/06/15,141.0,142.5,136.5,140.0
2026/06/16,142.5,142.5,135.5,136.5
2026/06/17,135.5,137.0,133.5,137.0
2026/06/18,137.0,139.0,136.5,138.5
2026/06/22,140.0,140.5,136.5,137.0
2026/06/23,137.0,137.5,132.5,133.5
2026/06/24,132.0,136.0,131.0,133.5
2026/06/25,135.0,135.5,132.0,133.5
2026/06/26,133.0,135.5,131.5,131.5
2026/06/29,134.0,141.0,133.5,139.0
2026/06/30,142.0,146.0,139.5,146.0
2026/07/01,147.0,147.0,139.5,145.5
2026/07/02,142.5,147.0,141.0,143.0
2026/07/03,142.5,144.5,141.5,143.0
2026/07/06,144.5,146.0,142.0,142.5
2026/07/07,143.0,143.5,136.0,137.0
2026/07/08,138.5,147.0,138.5,142.0
2026/07/09,143.5,147.5,141.5,145.0
2026/07/13,146.0,153.0,144.5,149.5
2026/07/14,148.0,148.0,140.5,147.0
2026/07/15,149.0,149.5,144.0,148.5
2026/07/16,148.0,148.0,145.0,145.0
2026/07/17,142.0,146.5,137.5,141.5
2026/07/20,142.0,142.5,131.5,141.5
2026/07/21,143.0,146.0,141.5,146.0
2026/07/22,149.0,157.5,148.0,155.0
2026/07/23,157.5,158.0,149.0,152.0
2026/07/24,149.0,151.0,144.5,146.5
2026/07/27,146.5,147.0,137.5,146.5
2026/07/28,140.0,144.5,138.5,139.0
2026/07/29,140.5,144.5,133.0,137.5
2026/07/30,137.0,138.0,134.0,136.0
2026/07/31,143.5,148.0,139.5,142.0
2026/08/03,140.5,147.5,139.5,143.0
2026/08/04,141.5,151.0,139.5,149.5
2026/08/05,152.5,154.5,150.0,151.0
2026/08/06,151.0,158.0,151.0,154.0
2026/08/07,154.0,155.5,150.5,153.0
2026/08/10,154.5,156.5,154.0,155.0
2026/08/11,155.0,155.5,152.5,154.0
2026/08/12,157.0,169.0,152.0,169.0
2026/08/13,171.0,173.5,162.5,168.0
2026/08/14,170.5,171.0,158.5,159.0
2026/08/17,158.5,158.5,149.5,149.5
2026/08/18,149.5,150.0,144.5,148.0
2026/08/19,145.0,148.0,144.5,146.5
2026/08/20,144.0,145.5,138.5,140.0
2026/08/21,140.0,142.5,140.0,141.5
2026/08/24,142.0,145.0,141.5,144.0
2026/08/25,143.5,144.0,141.0,144.0
2026/08/26,144.5,147.0,144.0,146.0
2026/08/27,147.0,148.5,144.0,145.0
2026/08/28,146.0,146.5,144.0,145.0
2026/08/31,145.5,155.0,145.0,155.0
2026/09/01,155.0,156.0,151.5,154.0
2026/09/02,152.5,156.0,152.0,155.0
2026/09/03,157.0,162.0,150.5,151.0
