Date,Open,High,Low,Close
2005/06/30,6.9,7.0,6.8,6.9
2005/07/04,6.9,7.3,6.9,7.3
2005/07/05,7.6,7.8,7.4,7.4
2005/07/06,7.4,7.4,7.0,7.1
2005/07/07,7.1,7.3,7.0,7.2
2005/07/11,7.3,7.5,7.3,7.4
2005/07/12,7.5,7.7,7.4,7.6
2005/07/13,7.7,7.7,7.5,7.5
2005/07/14,7.6,7.6,7.3,7.3
2005/07/18,7.3,7.5,7.3,7.3
2005/07/19,7.4,7.6,7.3,7.3
2005/07/20,7.4,7.4,7.2,7.2
2005/07/21,7.2,7.3,6.9,6.9
2005/07/25,6.9,7.0,6.8,6.9
2005/07/26,6.9,6.9,6.7,6.7
2005/07/27,6.7,6.9,6.7,6.8
2005/07/28,6.8,7.0,6.8,6.8
2005/08/01,6.7,6.7,6.1,6.1
2005/08/02,6.2,6.3,6.2,6.2
2005/08/03,6.3,6.7,6.3,6.7
2005/08/08,7.1,7.3,7.1,7.3
2005/08/09,7.5,7.7,7.4,7.4
2005/08/10,7.6,7.6,7.2,7.3
2005/08/11,7.4,7.4,7.2,7.3
2005/08/15,7.0,7.2,7.0,7.2
2005/08/16,7.1,7.4,7.1,7.4
2005/08/17,7.4,7.5,7.2,7.3
2005/08/18,7.3,7.3,7.1,7.2
2005/08/22,7.2,7.2,7.0,7.0
2005/08/23,6.9,6.9,6.5,6.5
2005/08/24,6.5,6.7,6.5,6.6
2005/08/25,6.6,6.9,6.6,6.8
2005/08/29,6.6,6.7,6.5,6.5
2005/08/30,6.5,6.5,6.3,6.3
2005/09/01,6.3,6.5,6.3,6.5
2005/09/05,6.6,6.6,6.5,6.6
2005/09/06,6.7,6.7,6.5,6.5
2005/09/07,6.5,6.6,6.5,6.5
2005/09/08,6.5,6.6,6.3,6.5
2005/09/12,6.5,6.5,6.2,6.3
2005/09/13,6.3,6.3,6.1,6.3
2005/09/14,6.0,6.1,6.0,6.0
2005/09/15,6.2,6.2,6.1,6.1
2005/09/19,6.1,6.5,6.0,6.5
2005/09/20,6.4,6.8,6.4,6.7
2005/09/21,6.7,7.0,6.7,6.7
2005/09/22,6.8,6.9,6.6,6.6
2005/09/26,6.7,6.8,6.7,6.7
2005/09/27,6.7,6.9,6.7,6.9
2005/09/28,7.0,7.2,6.9,7.0
2005/09/29,7.0,7.5,7.0,7.3
2005/10/03,7.2,7.3,7.1,7.1
2005/10/04,7.1,7.3,7.1,7.1
2005/10/05,7.0,7.1,7.0,7.0
2005/10/06,7.0,7.3,7.0,7.1
2005/10/10,7.1,7.2,6.9,6.9
2005/10/11,6.9,6.9,6.8,6.8
2005/10/12,6.7,6.8,6.7,6.7
2005/10/13,6.9,6.9,6.8,6.8
2005/10/17,6.7,6.7,6.4,6.5
2005/10/18,6.5,6.5,6.2,6.2
2005/10/19,6.3,6.5,6.2,6.5
2005/10/20,6.4,6.9,6.3,6.6
2005/10/24,6.6,6.6,6.5,6.5
2005/10/25,6.5,6.5,6.1,6.2
2005/10/26,6.2,6.2,5.8,5.8
2005/10/27,5.7,5.9,5.7,5.8
2005/10/31,6.1,6.2,6.0,6.0
2005/11/01,6.0,6.1,6.0,6.1
2005/11/02,6.2,6.3,6.2,6.2
2005/11/03,6.2,6.3,6.2,6.2
2005/11/07,6.0,6.2,6.0,6.2
2005/11/08,6.0,6.3,6.0,6.2
2005/11/09,6.3,6.4,6.2,6.2
2005/11/10,6.3,6.4,6.2,6.3
2005/11/14,6.3,6.3,6.1,6.2
2005/11/15,6.2,6.3,6.2,6.2
2005/11/16,6.3,6.6,6.2,6.6
2005/11/17,6.9,6.9,6.5,6.5
2005/11/21,6.4,6.6,6.4,6.4
2005/11/22,6.4,6.5,6.4,6.4
2005/11/23,6.4,6.6,6.4,6.5
2005/11/24,6.6,6.6,6.5,6.5
2005/11/28,6.6,6.7,6.5,6.6
2005/11/29,6.6,6.8,6.6,6.8
2005/11/30,6.9,7.0,6.7,6.7
2005/12/01,6.8,6.9,6.6,6.6
2005/12/05,6.7,6.8,6.7,6.7
2005/12/06,6.7,6.8,6.6,6.6
2005/12/07,6.6,6.8,6.6,6.7
2005/12/08,6.7,6.8,6.7,6.8
2005/12/12,7.0,7.1,6.9,7.0
2005/12/13,7.0,7.1,6.9,6.9
2005/12/14,7.0,7.2,6.9,7.2
2005/12/15,7.2,7.4,7.2,7.3
2005/12/19,7.6,7.7,7.5,7.5
2005/12/20,7.5,7.7,7.5,7.5
2005/12/21,7.7,8.0,7.7,8.0
2005/12/22,8.0,8.2,7.8,7.9
2005/12/26,9.0,9.0,9.0,9.0
2005/12/27,9.6,9.6,9.5,9.6
2005/12/28,10.3,10.3,10.2,10.3
2005/12/29,11.0,11.0,10.4,10.9
2006/01/02,11.8,12.4,11.8,12.4
2006/01/03,13.2,13.2,13.2,13.2
2006/01/04,14.1,14.1,14.1,14.1
2006/01/05,15.1,15.1,13.4,13.6
2006/01/09,13.7,14.7,13.7,14.7
2006/01/10,15.2,15.7,14.7,15.5
2006/01/11,15.6,15.6,14.5,14.5
2006/01/13,13.9,14.5,13.5,14.5
2006/01/16,14.5,15.2,14.5,15.2
2006/01/17,15.3,15.7,14.5,14.5
2006/01/18,13.9,14.3,13.5,13.7
2006/01/19,13.8,14.1,12.9,13.3
2006/01/20,13.3,13.9,13.1,13.4
2006/01/23,12.7,13.1,12.5,12.5
2006/01/24,12.7,13.1,12.5,12.8
2006/01/25,12.9,13.0,12.1,12.3
2006/02/02,12.7,13.0,12.7,13.0
2006/02/03,12.8,12.9,12.4,12.7
2006/02/06,12.7,13.6,12.6,13.6
2006/02/07,13.6,14.0,13.3,13.6
2006/02/08,13.6,13.9,13.1,13.2
2006/02/09,13.5,13.5,12.3,12.3
2006/02/13,12.5,12.7,11.7,11.7
2006/02/14,11.5,12.0,11.3,12.0
2006/02/15,12.1,12.6,11.7,12.0
2006/02/16,12.0,12.8,12.0,12.8
2006/02/17,12.8,12.9,12.3,12.3
2006/02/20,12.0,12.3,11.7,11.8
2006/02/21,11.9,12.1,11.7,11.7
2006/02/22,11.7,11.9,10.9,10.9
2006/02/23,10.9,11.1,10.5,10.5
2006/02/24,10.5,10.7,10.4,10.7
2006/02/27,10.3,10.8,10.3,10.6
2006/03/01,10.6,11.3,10.6,11.3
2006/03/02,11.5,11.7,11.1,11.2
2006/03/03,11.2,11.3,10.7,10.7
2006/03/06,10.7,10.9,10.6,10.9
2006/03/07,10.7,10.7,10.7,10.7
2006/03/08,10.7,11.4,10.6,11.4
2006/03/10,11.5,11.8,11.2,11.6
2006/03/13,11.9,12.3,11.7,12.0
2006/03/14,12.1,12.5,12.0,12.1
2006/03/15,12.3,12.3,12.0,12.1
2006/03/16,12.2,12.6,12.1,12.1
2006/03/17,12.1,12.2,11.7,11.8
2006/03/20,12.1,12.6,12.0,12.3
2006/03/21,12.4,12.8,12.3,12.5
2006/03/22,12.5,12.7,12.3,12.4
2006/03/23,12.6,12.7,11.8,11.8
2006/03/24,11.7,12.0,11.7,11.8
2006/03/27,12.2,12.3,12.0,12.1
2006/03/28,12.3,12.3,12.1,12.1
2006/03/29,12.2,12.3,12.0,12.0
2006/03/30,12.2,12.9,12.2,12.9
2006/03/31,13.1,13.7,13.0,13.3
2006/04/03,13.6,14.2,13.4,13.9
2006/04/04,13.8,13.9,13.3,13.4
2006/04/06,13.5,14.1,13.3,13.9
2006/04/07,13.9,13.9,13.4,13.7
2006/04/10,13.4,13.8,13.4,13.5
2006/04/11,13.5,13.6,13.1,13.3
2006/04/12,13.0,13.6,13.0,13.5
2006/04/13,13.7,13.9,13.2,13.3
2006/04/14,13.3,13.6,13.0,13.3
2006/04/17,13.5,13.5,13.1,13.1
2006/04/18,13.2,13.9,13.2,13.3
2006/04/19,13.7,13.9,13.3,13.4
2006/04/20,13.6,13.8,13.5,13.8
2006/04/21,14.0,14.2,13.4,13.4
2006/04/24,13.4,13.7,13.3,13.5
2006/04/25,13.6,13.6,13.0,13.0
2006/04/26,13.5,13.8,13.4,13.8
2006/04/27,14.2,14.3,13.6,13.6
2006/04/28,13.7,14.0,13.3,13.9
2006/05/02,13.9,14.6,13.9,14.1
2006/05/03,14.1,14.3,13.6,13.9
2006/05/04,13.9,14.0,13.4,13.5
2006/05/05,13.5,13.7,13.2,13.2
2006/05/08,13.3,13.3,12.7,12.7
2006/05/09,12.6,13.1,12.6,12.9
2006/05/10,13.0,13.1,12.1,12.5
2006/05/11,12.5,12.9,12.4,12.7
2006/05/12,12.7,12.9,12.6,12.8
2006/05/15,12.8,13.3,12.8,13.0
2006/05/16,13.1,13.3,12.6,12.6
2006/05/17,12.8,12.8,12.6,12.7
2006/05/18,12.6,12.8,12.4,12.8
2006/05/19,13.0,13.3,13.0,13.1
2006/05/22,13.3,13.5,13.0,13.0
2006/05/23,12.9,13.1,12.7,12.8
2006/05/24,12.8,13.2,12.8,13.0
2006/05/25,13.0,13.1,12.6,12.6
2006/05/26,12.7,12.9,12.2,12.3
2006/05/29,12.3,12.5,12.2,12.3
2006/05/30,12.3,12.5,12.2,12.3
2006/06/01,12.5,12.5,12.3,12.3
2006/06/02,12.3,12.5,12.2,12.2
2006/06/05,12.2,12.3,11.4,11.4
2006/06/06,10.7,11.1,10.6,10.7
2006/06/07,10.7,10.7,10.0,10.0
2006/06/08,9.6,9.7,9.3,9.3
2006/06/09,9.3,9.8,8.8,9.8
2006/06/12,9.8,9.9,9.5,9.6
2006/06/13,9.5,9.6,9.0,9.1
2006/06/14,9.1,9.5,9.1,9.4
2006/06/15,9.8,9.8,9.3,9.3
2006/06/16,9.8,9.8,9.5,9.5
2006/06/19,9.7,9.7,9.5,9.5
2006/06/20,9.5,9.5,8.8,9.1
2006/06/21,8.8,9.1,8.5,8.6
2006/06/22,8.7,9.1,8.7,9.1
2006/06/23,9.1,9.1,8.9,9.1
2006/06/26,9.2,9.7,9.2,9.7
2006/06/27,9.6,10.3,9.6,10.3
2006/06/28,10.3,10.5,10.1,10.4
2006/06/29,10.5,10.6,10.1,10.1
2006/06/30,10.5,10.5,10.2,10.3
2006/07/03,10.4,10.6,10.3,10.6
2006/07/04,10.8,11.0,10.6,10.6
2006/07/05,10.6,10.8,10.3,10.4
2006/07/06,10.4,10.6,10.3,10.6
2006/07/07,10.7,10.7,10.4,10.4
2006/07/10,10.3,10.4,10.3,10.4
2006/07/11,10.3,10.7,10.3,10.4
2006/07/12,10.6,11.1,10.5,11.1
2006/07/13,11.1,11.1,10.4,10.4
2006/07/14,10.2,10.3,10.1,10.2
2006/07/17,10.1,10.2,9.6,9.6
2006/07/18,9.8,10.1,9.8,10.1
2006/07/19,10.1,10.3,9.9,10.3
2006/07/20,10.3,10.6,10.1,10.3
2006/07/21,10.3,10.3,10.1,10.3
2006/07/24,10.1,10.4,9.9,10.1
2006/07/25,10.4,10.4,10.1,10.1
2006/07/26,10.1,10.3,10.1,10.1
2006/07/27,10.3,10.3,10.1,10.2
2006/07/28,10.2,10.5,10.1,10.4
2006/07/31,10.6,10.6,10.2,10.3
2006/08/01,10.4,10.4,10.2,10.2
2006/08/02,10.3,10.4,10.1,10.3
2006/08/03,10.4,10.6,10.4,10.4
2006/08/04,10.4,10.9,10.4,10.6
2006/08/07,10.5,10.6,10.4,10.4
2006/08/08,10.4,10.6,10.4,10.5
2006/08/09,10.5,10.9,10.4,10.7
2006/08/10,10.7,10.8,10.6,10.7
2006/08/11,10.7,10.9,10.5,10.6
2006/08/14,10.7,10.7,10.6,10.6
2006/08/15,10.7,11.0,10.7,10.8
2006/08/16,11.0,11.1,10.9,11.1
2006/08/17,11.1,11.2,10.8,10.8
2006/08/18,10.8,10.9,10.7,10.7
2006/08/21,10.7,10.7,9.9,9.9
2006/08/22,9.9,10.3,9.7,10.3
2006/08/23,10.1,10.3,9.9,10.1
2006/08/24,10.0,10.3,9.9,10.0
2006/08/25,10.0,10.3,10.0,10.1
2006/08/28,10.1,10.1,9.6,9.6
2006/08/29,9.7,10.0,9.7,9.9
2006/08/30,9.9,10.3,9.9,10.2
2006/08/31,10.4,10.9,10.3,10.9
2006/09/01,10.9,11.1,10.7,11.1
2006/09/04,11.4,11.9,11.1,11.9
2006/09/05,12.3,12.3,11.8,11.9
2006/09/06,11.7,11.9,11.3,11.4
2006/09/07,11.3,11.5,11.3,11.5
2006/09/08,11.4,12.3,11.3,12.3
2006/09/11,12.3,12.6,12.1,12.3
2006/09/12,12.1,12.3,11.9,11.9
2006/09/13,12.0,12.2,11.7,11.7
2006/09/14,11.6,11.9,10.9,11.3
2006/09/15,11.1,11.4,11.1,11.3
2006/09/18,11.6,12.0,11.5,11.9
2006/09/19,11.9,12.1,11.7,12.0
2006/09/20,11.8,12.1,11.8,11.9
2006/09/21,12.0,12.3,12.0,12.2
2006/09/22,12.2,12.7,12.2,12.5
2006/09/25,12.6,12.6,12.1,12.2
2006/09/26,12.3,12.3,11.8,11.9
2006/09/27,12.0,12.2,11.9,12.2
2006/09/28,12.3,13.0,12.2,13.0
2006/09/29,13.2,13.6,13.1,13.3
2006/10/02,13.5,13.5,13.0,13.2
2006/10/03,13.1,13.3,13.0,13.1
2006/10/04,13.2,13.5,13.1,13.1
2006/10/05,13.5,13.5,13.1,13.1
2006/10/10,13.1,13.1,13.1,13.1
2006/10/11,13.0,13.2,12.7,12.8
2006/10/12,13.1,13.4,13.0,13.1
2006/10/13,13.3,13.9,13.1,13.7
2006/10/16,13.5,13.6,13.2,13.2
2006/10/17,13.5,13.6,13.2,13.3
2006/10/18,13.3,13.4,13.1,13.1
2006/10/19,13.2,14.0,13.2,14.0
2006/10/20,14.1,14.3,13.7,13.9
2006/10/23,14.0,14.0,13.5,13.8
2006/10/24,13.9,14.3,13.9,14.1
2006/10/25,14.3,14.5,14.1,14.1
2006/10/26,14.1,14.3,13.9,13.9
2006/10/27,13.9,14.1,13.5,13.5
2006/10/30,13.5,13.7,13.5,13.6
2006/10/31,13.9,14.0,13.1,13.2
2006/11/01,13.3,13.5,13.1,13.2
2006/11/02,13.1,13.3,12.9,13.0
2006/11/03,13.1,13.3,13.1,13.1
2006/11/06,12.8,13.0,12.7,12.8
2006/11/07,13.0,13.4,13.0,13.4
2006/11/08,13.6,13.6,13.3,13.4
2006/11/09,13.5,13.5,13.1,13.1
2006/11/10,13.1,13.2,12.9,13.1
2006/11/13,13.1,13.3,13.1,13.1
2006/11/14,13.2,13.4,13.1,13.2
2006/11/15,13.5,13.8,13.3,13.4
2006/11/16,13.5,13.9,13.5,13.7
2006/11/17,13.8,13.9,13.6,13.7
2006/11/20,13.8,13.8,13.5,13.5
2006/11/21,13.6,14.0,13.5,13.7
2006/11/22,13.7,14.0,13.6,13.9
2006/11/23,14.0,14.1,13.5,13.5
2006/11/24,13.5,13.7,13.5,13.5
2006/11/27,13.7,14.1,13.7,13.8
2006/11/28,13.7,13.9,13.7,13.8
2006/11/29,13.9,14.1,13.7,14.0
2006/11/30,14.2,14.2,13.9,14.0
2006/12/01,14.9,14.9,14.9,14.9
2006/12/04,15.8,15.9,15.1,15.1
2006/12/05,15.1,15.1,14.1,14.1
2006/12/06,14.1,14.2,13.9,14.1
2006/12/07,13.9,14.1,13.7,13.7
2006/12/08,13.6,14.1,13.6,13.9
2006/12/11,13.9,14.2,13.8,14.0
2006/12/12,14.0,14.1,13.5,13.6
2006/12/13,13.5,13.7,13.5,13.7
2006/12/14,14.3,14.6,14.1,14.6
2006/12/15,14.8,15.0,14.2,14.2
2006/12/18,14.2,14.5,14.0,14.2
2006/12/19,14.0,14.3,14.0,14.1
2006/12/20,14.0,14.2,14.0,14.0
2006/12/21,14.0,14.4,14.0,14.0
2006/12/22,14.1,14.4,14.1,14.1
2006/12/25,14.2,14.5,14.1,14.2
2006/12/26,14.3,14.3,14.1,14.2
2006/12/27,14.4,14.5,14.1,14.2
2006/12/28,14.3,14.3,14.1,14.1
2006/12/29,14.1,14.3,14.1,14.1
2007/01/01,14.1,14.1,14.1,14.1
2007/01/02,14.3,14.4,14.1,14.1
2007/01/03,14.2,14.3,14.0,14.0
2007/01/04,14.1,14.2,13.9,13.9
2007/01/05,13.9,14.1,13.9,13.9
2007/01/08,13.8,14.2,13.8,14.0
2007/01/09,14.0,14.2,14.0,14.0
2007/01/10,14.0,14.0,13.8,13.8
2007/01/11,13.8,14.0,12.9,12.9
2007/01/12,13.0,13.2,12.9,13.0
2007/01/15,13.0,13.3,13.0,13.2
2007/01/16,13.2,13.2,12.9,13.1
2007/01/17,13.0,13.0,12.6,12.8
2007/01/18,12.8,13.1,12.7,13.0
2007/01/19,13.0,13.5,12.9,13.2
2007/01/22,13.2,13.3,12.9,12.9
2007/01/23,12.9,13.0,12.9,12.9
2007/01/24,12.9,13.1,12.9,12.9
2007/01/25,13.0,13.3,13.0,13.1
2007/01/26,13.1,13.3,13.0,13.0
2007/01/29,13.0,13.1,12.8,12.8
2007/01/30,12.9,12.9,12.6,12.6
2007/01/31,12.7,12.7,12.4,12.4
2007/02/01,12.5,12.6,12.4,12.4
2007/02/02,12.6,12.6,12.5,12.5
2007/02/05,12.6,12.7,12.5,12.6
2007/02/06,12.6,12.9,12.5,12.9
2007/02/07,12.9,13.1,12.8,12.9
2007/02/08,12.9,12.9,12.7,12.7
2007/02/09,12.7,12.8,12.6,12.6
2007/02/12,12.6,12.7,12.6,12.6
2007/02/13,12.7,12.7,12.5,12.5
2007/02/14,12.6,12.7,12.5,12.5
2007/02/26,12.8,12.8,12.6,12.7
2007/02/27,12.7,13.0,12.7,12.9
2007/03/01,12.7,12.7,12.5,12.6
2007/03/02,12.6,12.7,12.5,12.7
2007/03/05,12.5,12.6,11.8,12.0
2007/03/06,12.1,12.2,11.9,12.1
2007/03/07,12.2,12.3,12.0,12.1
2007/03/08,12.1,12.9,12.1,12.9
2007/03/09,13.0,13.1,12.7,12.7
2007/03/12,12.7,12.8,12.6,12.7
2007/03/13,12.7,13.3,12.7,13.2
2007/03/14,12.9,13.7,12.8,13.5
2007/03/15,14.0,14.0,13.6,13.6
2007/03/16,13.7,13.7,13.3,13.3
2007/03/20,13.5,13.7,13.3,13.3
2007/03/21,13.3,13.4,13.2,13.2
2007/03/22,13.4,13.4,13.1,13.1
2007/03/23,13.1,13.5,13.1,13.5
2007/03/26,13.6,14.1,13.5,13.8
2007/03/27,13.8,14.0,13.4,13.9
2007/03/28,13.9,14.0,13.7,13.7
2007/03/29,13.6,13.9,13.6,13.6
2007/03/30,13.8,13.8,13.6,13.6
2007/04/02,13.8,14.5,13.7,14.0
2007/04/03,14.1,14.1,13.8,13.9
2007/04/04,14.1,14.1,13.8,13.8
2007/04/09,13.9,13.9,13.6,13.6
2007/04/10,13.6,13.8,13.5,13.5
2007/04/11,13.6,13.7,13.5,13.6
2007/04/12,13.6,14.4,13.6,14.4
2007/04/13,14.6,14.7,14.3,14.3
2007/04/16,14.5,14.7,14.3,14.3
2007/04/17,14.6,14.8,14.3,14.3
2007/04/18,14.5,14.6,14.1,14.4
2007/04/19,14.4,14.5,14.1,14.1
2007/04/20,14.2,14.3,14.0,14.0
2007/04/23,14.3,14.3,14.0,14.0
2007/04/24,14.1,14.3,14.1,14.2
2007/04/25,14.3,14.5,14.1,14.4
2007/04/26,14.5,14.7,14.3,14.3
2007/04/27,14.5,14.5,14.1,14.1
2007/04/30,14.1,14.3,13.6,13.7
2007/05/02,13.5,13.7,12.7,12.8
2007/05/03,12.8,13.0,12.0,12.3
2007/05/04,12.3,12.8,12.3,12.7
2007/05/07,12.9,12.9,12.7,12.7
2007/05/08,12.7,12.9,12.7,12.7
2007/05/09,12.5,12.9,12.5,12.7
2007/05/10,12.8,12.9,12.7,12.7
2007/05/11,12.7,12.8,12.6,12.8
2007/05/14,12.9,12.9,12.7,12.7
2007/05/15,12.7,13.0,12.7,12.7
2007/05/16,12.7,12.8,12.6,12.6
2007/05/17,12.6,12.8,12.6,12.6
2007/05/18,12.6,12.9,12.6,12.7
2007/05/21,12.8,12.9,12.7,12.9
2007/05/22,12.9,13.2,12.8,13.2
2007/05/23,13.2,13.6,13.2,13.5
2007/05/24,13.4,13.5,13.2,13.2
2007/05/25,13.1,13.3,13.0,13.0
2007/05/28,13.1,13.2,13.0,13.1
2007/05/29,13.0,13.2,12.9,12.9
2007/05/30,13.0,13.1,12.8,12.9
2007/05/31,13.0,13.1,12.9,13.0
2007/06/01,13.1,13.4,13.0,13.4
2007/06/04,13.5,14.0,13.4,13.9
2007/06/05,13.9,13.9,13.5,13.5
2007/06/06,13.6,13.9,13.4,13.4
2007/06/07,13.4,13.6,13.3,13.6
2007/06/08,13.5,13.6,13.3,13.5
2007/06/11,13.6,13.7,13.5,13.5
2007/06/12,13.7,13.9,13.6,13.6
2007/06/13,13.6,13.9,13.5,13.7
2007/06/14,13.9,13.9,13.6,13.6
2007/06/15,13.7,13.8,13.5,13.5
2007/06/20,13.5,13.6,13.2,13.2
2007/06/21,13.4,13.5,13.3,13.4
2007/06/22,13.5,14.2,13.5,13.8
2007/06/25,13.9,13.9,13.7,13.7
2007/06/26,13.9,13.9,13.6,13.6
2007/06/27,13.8,13.9,13.7,13.8
2007/06/28,14.0,14.2,13.9,13.9
2007/06/29,14.0,14.1,13.8,13.8
2007/07/02,13.8,14.0,13.8,13.9
2007/07/03,13.9,14.1,13.9,14.0
2007/07/04,14.1,14.1,13.8,13.9
2007/07/05,13.9,14.2,13.9,14.0
2007/07/06,14.1,14.5,14.1,14.2
2007/07/09,14.4,14.6,14.3,14.3
2007/07/10,14.4,14.5,14.2,14.2
2007/07/11,14.2,14.3,14.1,14.1
2007/07/12,14.1,14.5,14.1,14.3
2007/07/13,14.4,14.6,14.1,14.1
2007/07/16,14.3,14.4,14.1,14.1
2007/07/17,14.1,14.3,14.1,14.1
2007/07/18,14.2,14.3,14.1,14.2
2007/07/19,14.2,14.3,14.1,14.1
2007/07/20,14.2,14.3,14.0,14.1
2007/07/23,14.1,14.7,14.1,14.6
2007/07/24,14.7,14.7,14.3,14.3
2007/07/25,14.3,14.5,14.3,14.3
2007/07/26,14.9,14.9,14.6,14.9
2007/07/27,14.6,15.4,14.4,15.1
2007/07/30,15.1,15.7,14.8,15.6
2007/07/31,15.7,15.8,15.1,15.3
2007/08/01,15.3,16.0,15.1,15.2
2007/08/02,15.4,15.7,14.7,14.7
2007/08/03,15.2,15.7,15.1,15.7
2007/08/06,15.8,16.5,15.8,16.4
2007/08/07,16.7,16.8,15.9,15.9
2007/08/08,16.1,16.1,15.5,15.7
2007/08/09,16.0,16.4,15.8,16.1
2007/08/10,15.8,16.0,15.5,15.8
2007/08/13,16.2,16.5,16.0,16.4
2007/08/14,16.5,16.7,16.2,16.2
2007/08/15,15.8,16.3,15.1,15.4
2007/08/16,15.1,15.3,14.4,14.4
2007/08/17,14.4,14.9,13.4,13.7
2007/08/20,14.7,14.7,14.6,14.7
2007/08/21,15.3,15.3,14.7,14.9
2007/08/22,14.9,15.2,14.7,14.9
2007/08/23,15.1,15.2,14.8,14.9
2007/08/24,14.7,14.9,14.5,14.7
2007/08/27,14.9,15.0,14.4,14.5
2007/08/28,14.5,14.6,14.3,14.6
2007/08/29,14.3,14.4,14.2,14.2
2007/08/30,14.4,14.5,14.2,14.2
2007/08/31,14.2,14.8,14.1,14.7
2007/09/03,14.9,15.4,14.7,15.3
2007/09/04,15.5,15.5,14.9,15.1
2007/09/05,15.3,15.3,14.7,14.7
2007/09/06,14.8,15.0,14.6,14.7
2007/09/07,14.7,14.9,14.6,14.7
2007/09/10,14.3,14.5,14.3,14.4
2007/09/11,14.5,14.6,14.3,14.4
2007/09/12,14.5,14.8,14.5,14.6
2007/09/13,14.6,14.9,14.3,14.7
2007/09/14,14.7,14.8,14.6,14.6
2007/09/17,14.6,14.6,14.3,14.3
2007/09/19,14.6,14.6,14.1,14.1
2007/09/20,14.2,14.5,14.2,14.4
2007/09/21,14.4,14.4,14.3,14.4
2007/09/26,14.5,14.7,14.3,14.7
2007/09/27,14.8,15.2,14.7,15.0
2007/09/28,15.0,15.0,14.7,14.7
2007/10/01,14.9,14.9,14.6,14.7
2007/10/02,14.8,14.9,14.6,14.7
2007/10/03,14.7,14.8,14.4,14.4
2007/10/04,14.4,14.6,14.3,14.4
2007/10/05,14.4,14.5,14.3,14.3
2007/10/08,14.4,14.6,14.3,14.3
2007/10/09,14.4,14.5,14.3,14.3
2007/10/11,14.4,14.4,14.2,14.2
2007/10/12,14.2,14.3,13.9,13.9
2007/10/15,14.0,14.0,13.7,13.7
2007/10/16,13.7,14.0,13.6,13.7
2007/10/17,13.7,13.8,13.2,13.6
2007/10/18,13.6,14.0,13.6,14.0
2007/10/19,14.0,14.3,13.9,14.0
2007/10/22,13.4,13.7,13.3,13.7
2007/10/23,13.8,13.8,13.6,13.6
2007/10/24,13.7,13.8,13.3,13.3
2007/10/25,13.4,13.5,13.2,13.3
2007/10/26,13.4,13.6,13.2,13.5
2007/10/29,13.6,13.7,13.4,13.5
2007/10/30,13.5,13.8,13.5,13.5
2007/10/31,13.7,13.7,13.4,13.4
2007/11/01,13.5,13.7,13.3,13.3
2007/11/02,13.2,13.2,12.7,13.0
2007/11/05,13.1,13.2,12.8,12.8
2007/11/06,13.0,13.2,12.9,13.0
2007/11/07,13.0,13.1,12.9,12.9
2007/11/08,12.6,12.6,12.0,12.0
2007/11/09,12.0,12.3,11.2,11.9
2007/11/12,11.3,11.5,11.3,11.5
2007/11/13,11.3,11.7,11.3,11.4
2007/11/14,11.8,11.8,11.5,11.7
2007/11/15,11.7,11.8,11.5,11.6
2007/11/16,11.5,11.5,11.4,11.5
2007/11/19,11.6,11.8,11.5,11.6
2007/11/20,11.1,11.5,11.1,11.5
2007/11/21,11.4,11.5,11.2,11.5
2007/11/22,11.3,11.4,11.2,11.4
2007/11/23,11.4,11.4,11.2,11.4
2007/11/26,11.5,11.5,11.2,11.2
2007/11/27,10.9,11.1,10.7,11.0
2007/11/28,10.9,11.0,10.9,11.0
2007/11/29,11.1,11.2,10.9,10.9
2007/11/30,11.0,11.1,11.0,11.1
2007/12/03,11.0,11.0,11.0,11.0
2007/12/04,11.0,11.1,10.9,11.1
2007/12/05,11.1,11.5,11.1,11.4
2007/12/06,11.6,11.6,11.2,11.2
2007/12/07,11.2,11.4,11.1,11.1
2007/12/10,11.1,11.2,11.0,11.0
2007/12/11,11.0,11.1,11.0,11.0
2007/12/12,10.9,11.0,10.9,10.9
2007/12/13,11.0,11.0,10.5,10.5
2007/12/14,10.5,10.5,9.8,9.8
2007/12/17,9.7,9.7,9.2,9.2
2007/12/18,8.5,8.9,8.5,8.5
2007/12/19,8.8,9.0,8.7,9.0
2007/12/20,9.0,9.0,8.6,8.6
2007/12/21,8.5,8.7,8.5,8.6
2007/12/24,8.7,9.2,8.7,9.1
2007/12/25,9.2,9.3,9.0,9.2
2007/12/26,9.2,9.2,9.0,9.2
2007/12/27,9.2,9.6,9.2,9.6
2007/12/28,9.5,9.8,9.5,9.7
2007/12/31,9.8,10.3,9.8,10.1
2008/01/02,10.1,10.2,9.9,10.0
2008/01/03,9.7,9.9,9.7,9.9
2008/01/04,9.8,10.2,9.8,9.9
2008/01/07,9.3,9.5,9.3,9.5
2008/01/08,9.3,9.7,9.3,9.4
2008/01/09,9.2,9.7,9.2,9.5
2008/01/10,9.6,9.7,9.5,9.5
2008/01/11,9.5,9.7,9.4,9.4
2008/01/14,9.7,9.7,9.4,9.5
2008/01/15,9.6,10.1,9.4,9.5
2008/01/16,9.5,9.6,9.3,9.3
2008/01/17,9.5,9.5,9.3,9.3
2008/01/18,9.5,9.7,9.4,9.5
2008/01/21,9.8,9.8,9.5,9.5
2008/01/22,9.2,9.2,8.8,8.8
2008/01/23,8.8,9.0,8.2,8.3
2008/01/24,8.4,8.6,8.1,8.5
2008/01/25,8.6,8.8,8.5,8.7
2008/01/28,8.4,8.7,8.4,8.5
2008/01/29,8.5,8.6,8.4,8.5
2008/01/30,8.5,8.7,8.5,8.5
2008/01/31,8.5,8.6,8.4,8.5
2008/02/01,8.6,8.7,8.5,8.7
2008/02/12,8.5,8.7,8.5,8.5
2008/02/13,8.7,8.7,8.5,8.5
2008/02/14,8.7,8.9,8.7,8.8
2008/02/15,8.7,8.7,8.7,8.7
2008/02/18,8.8,9.2,8.8,9.1
2008/02/19,9.1,9.2,9.0,9.1
2008/02/20,9.1,9.4,9.0,9.2
2008/02/21,9.4,9.5,9.3,9.4
2008/02/22,9.3,9.3,9.1,9.3
2008/02/25,9.3,9.6,9.3,9.4
2008/02/26,9.5,9.5,9.2,9.5
2008/02/27,9.5,9.6,9.4,9.5
2008/02/29,9.5,9.6,9.4,9.6
2008/03/03,9.5,9.5,9.3,9.4
2008/03/04,9.3,9.8,9.3,9.7
2008/03/05,9.7,9.8,9.5,9.7
2008/03/06,9.8,10.0,9.7,10.0
2008/03/07,9.8,10.1,9.8,10.0
2008/03/10,9.9,9.9,9.7,9.8
2008/03/11,9.4,9.8,9.3,9.8
2008/03/12,10.0,10.0,9.8,9.8
2008/03/13,9.8,9.9,9.5,9.9
2008/03/14,10.1,10.3,9.9,9.9
2008/03/17,9.8,9.8,9.5,9.6
2008/03/18,9.8,9.8,9.4,9.5
2008/03/19,9.7,9.7,9.5,9.5
2008/03/20,9.5,9.8,9.4,9.7
2008/03/21,9.8,9.8,9.7,9.8
2008/03/24,10.2,10.2,9.9,10.1
2008/03/25,10.1,10.1,9.9,9.9
2008/03/26,10.0,10.1,9.9,10.0
2008/03/27,10.1,10.6,10.0,10.6
2008/03/28,10.5,10.7,10.4,10.6
2008/03/31,10.6,10.6,10.4,10.5
2008/04/01,10.6,10.9,10.5,10.5
2008/04/02,10.7,10.8,10.6,10.6
2008/04/03,10.7,10.7,10.6,10.6
2008/04/07,10.7,10.8,10.6,10.6
2008/04/08,10.7,10.9,10.5,10.7
2008/04/09,10.7,10.7,10.6,10.6
2008/04/10,10.6,10.8,10.6,10.7
2008/04/11,10.8,11.0,10.7,10.8
2008/04/14,10.8,10.8,10.7,10.7
2008/04/15,10.8,11.1,10.8,11.1
2008/04/16,11.4,11.4,11.1,11.2
2008/04/17,11.3,11.5,11.2,11.2
2008/04/18,11.2,11.3,11.0,11.1
2008/04/21,11.2,11.4,11.0,11.2
2008/04/22,11.4,11.4,11.2,11.2
2008/04/23,11.2,11.3,11.1,11.2
2008/04/24,11.2,11.3,11.0,11.0
2008/04/25,11.0,11.1,10.9,10.9
2008/04/28,11.0,11.0,10.9,10.9
2008/04/29,10.9,11.3,10.9,11.0
2008/04/30,11.3,11.6,11.1,11.5
2008/05/02,11.9,12.1,11.7,12.1
2008/05/05,12.2,12.2,11.9,11.9
2008/05/06,11.9,12.1,11.7,11.9
2008/05/07,12.0,12.2,11.9,11.9
2008/05/08,12.1,12.1,12.1,12.1
2008/05/09,12.1,12.4,12.0,12.2
2008/05/12,12.2,12.4,12.1,12.3
2008/05/13,12.3,12.4,12.1,12.3
2008/05/14,12.6,12.9,12.3,12.7
2008/05/15,12.9,13.0,12.6,12.7
2008/05/16,12.7,13.0,12.6,12.9
2008/05/19,13.0,13.1,12.8,13.0
2008/05/20,13.0,13.3,12.9,13.2
2008/05/21,13.2,13.5,13.2,13.5
2008/05/22,12.8,13.5,12.8,13.2
2008/05/23,13.4,13.8,13.2,13.3
2008/05/26,13.5,13.5,12.5,12.7
2008/05/27,12.7,12.9,12.7,12.7
2008/05/28,12.9,13.2,12.8,13.0
2008/05/29,13.1,13.2,12.7,12.7
2008/05/30,12.8,12.9,12.1,12.8
2008/06/02,12.9,13.1,12.8,13.1
2008/06/03,12.8,13.1,12.8,12.9
2008/06/04,12.9,13.2,12.9,13.2
2008/06/05,13.3,13.5,13.1,13.4
2008/06/06,13.5,13.5,13.3,13.3
2008/06/09,12.9,13.5,12.9,13.3
2008/06/10,13.4,13.4,13.0,13.2
2008/06/11,13.2,13.2,12.5,12.5
2008/06/12,12.3,12.3,11.6,11.6
2008/06/13,11.6,11.8,11.6,11.8
2008/06/16,12.1,12.4,11.9,12.0
2008/06/17,12.0,12.1,11.9,12.0
2008/06/18,12.0,12.2,12.0,12.2
2008/06/19,11.9,12.1,11.9,12.0
2008/06/20,12.1,12.1,11.7,11.7
2008/06/23,11.2,11.6,11.2,11.6
2008/06/24,11.3,11.6,11.0,11.0
2008/06/25,10.9,11.3,10.9,11.3
2008/06/26,11.5,11.5,11.2,11.2
2008/06/27,10.4,10.7,10.4,10.4
2008/06/30,10.4,10.4,9.7,9.8
2008/07/01,9.5,9.8,9.4,9.7
2008/07/02,9.8,10.1,9.6,10.1
2008/07/03,9.8,10.7,9.7,10.7
2008/07/04,10.5,10.7,10.2,10.3
2008/07/07,10.5,10.5,10.3,10.4
2008/07/08,10.4,10.4,10.0,10.2
2008/07/09,10.4,10.4,9.9,10.2
2008/07/10,10.1,10.2,9.9,10.0
2008/07/11,10.0,10.4,10.0,10.3
2008/07/14,10.1,10.4,10.1,10.3
2008/07/15,10.3,10.3,9.7,9.7
2008/07/16,9.5,9.9,9.5,9.6
2008/07/17,9.8,10.0,9.8,9.9
2008/07/18,10.1,10.2,9.6,9.9
2008/07/21,9.9,10.1,9.8,10.1
2008/07/22,10.2,10.2,9.9,10.2
2008/07/23,10.2,10.8,10.2,10.8
2008/07/24,10.9,11.0,10.7,10.9
2008/07/25,10.7,10.9,10.6,10.8
2008/07/29,10.5,10.5,10.2,10.2
2008/07/30,10.5,10.5,10.2,10.3
2008/07/31,10.3,10.4,10.2,10.4
2008/08/01,10.2,10.3,10.1,10.3
2008/08/04,10.3,10.3,9.8,9.8
2008/08/05,9.8,9.8,9.4,9.4
2008/08/06,9.6,9.9,9.6,9.9
2008/08/07,10.0,10.0,9.8,10.0
2008/08/08,9.7,10.4,9.7,10.4
2008/08/11,10.4,10.7,10.4,10.6
2008/08/12,10.6,10.7,10.5,10.7
2008/08/13,10.6,10.8,10.5,10.8
2008/08/14,10.8,10.8,10.6,10.7
2008/08/15,10.7,10.8,10.3,10.4
2008/08/18,10.4,10.4,9.9,9.9
2008/08/19,9.5,9.9,9.5,9.8
2008/08/20,9.6,10.3,9.6,10.3
2008/08/21,10.2,10.2,9.9,9.9
2008/08/22,9.9,10.4,9.9,10.3
2008/08/25,10.5,10.5,10.2,10.3
2008/08/26,10.1,10.1,10.0,10.1
2008/08/27,10.1,10.3,10.0,10.1
2008/08/28,10.1,10.2,10.0,10.0
2008/08/29,10.3,10.4,10.2,10.3
2008/09/01,10.2,10.2,9.8,10.1
2008/09/02,10.0,10.0,9.5,9.8
2008/09/03,9.7,9.8,9.2,9.4
2008/09/04,9.2,9.5,9.2,9.5
2008/09/05,9.2,9.4,9.1,9.3
2008/09/08,9.7,10.0,9.6,10.0
2008/09/09,9.9,9.9,9.3,9.3
2008/09/10,9.3,9.6,9.3,9.5
2008/09/11,9.5,9.5,9.2,9.4
2008/09/12,9.4,9.4,9.1,9.3
2008/09/15,9.3,9.3,8.7,8.7
2008/09/16,8.1,8.2,8.1,8.1
2008/09/17,8.6,8.6,7.8,8.2
2008/09/18,7.7,8.2,7.7,8.2
2008/09/19,8.5,8.7,8.4,8.7
2008/09/22,8.9,8.9,8.7,8.8
2008/09/23,8.7,9.0,8.6,9.0
2008/09/24,8.9,9.1,8.7,9.0
2008/09/25,8.9,9.0,8.7,8.9
2008/09/26,8.9,8.9,8.3,8.3
2008/09/30,7.8,8.3,7.8,8.3
2008/10/01,8.4,8.5,8.3,8.4
2008/10/02,8.4,8.7,8.4,8.6
2008/10/03,8.5,8.8,8.4,8.8
2008/10/06,8.5,8.9,8.5,8.6
2008/10/07,8.5,8.7,8.3,8.6
2008/10/08,8.4,8.5,8.0,8.1
2008/10/09,7.9,8.3,7.8,8.3
2008/10/13,8.0,8.0,8.0,8.0
2008/10/14,8.3,8.5,8.3,8.5
2008/10/15,8.4,8.4,8.2,8.3
2008/10/16,8.0,8.0,8.0,8.0
2008/10/17,7.7,8.0,7.7,7.7
2008/10/20,7.7,7.7,7.4,7.5
2008/10/21,7.7,7.8,7.5,7.6
2008/10/22,7.4,7.4,7.3,7.3
2008/10/23,7.1,7.1,7.1,7.1
2008/10/24,6.8,6.8,6.8,6.8
2008/10/27,6.3,6.3,6.3,6.3
2008/10/28,5.9,6.6,5.9,6.6
2008/10/29,6.9,7.1,6.7,6.7
2008/10/30,6.7,7.0,6.5,6.9
2008/10/31,6.7,7.0,6.6,6.9
2008/11/03,6.8,7.0,6.7,6.7
2008/11/04,6.7,6.9,6.5,6.8
2008/11/05,6.9,6.9,6.6,6.6
2008/11/06,6.1,6.3,6.1,6.3
2008/11/07,5.9,6.4,5.9,6.3
2008/11/10,6.4,6.4,6.1,6.1
2008/11/11,5.8,5.9,5.6,5.6
2008/11/12,5.3,5.8,5.3,5.4
2008/11/13,5.1,5.2,5.0,5.0
2008/11/14,5.0,5.2,4.7,5.2
2008/11/17,5.0,5.0,4.8,4.8
2008/11/18,4.6,4.8,4.5,4.5
2008/11/19,4.5,4.7,4.5,4.6
2008/11/20,4.3,4.4,4.3,4.3
2008/11/21,4.0,4.6,4.0,4.5
2008/11/24,4.5,4.5,4.3,4.3
2008/11/25,4.4,4.5,4.4,4.4
2008/11/26,4.4,4.4,4.3,4.3
2008/11/27,4.5,4.6,4.4,4.6
2008/11/28,4.6,4.7,4.6,4.7
2008/12/01,4.6,4.8,4.6,4.7
2008/12/02,4.5,4.5,4.4,4.4
2008/12/03,4.5,4.5,4.2,4.3
2008/12/04,4.3,4.4,4.3,4.3
2008/12/05,4.3,4.4,4.2,4.3
2008/12/08,4.3,4.5,4.3,4.4
2008/12/09,4.6,4.6,4.5,4.5
2008/12/10,4.5,4.7,4.4,4.7
2008/12/11,4.7,4.9,4.7,4.8
2008/12/12,4.8,4.8,4.5,4.7
2008/12/15,4.8,4.8,4.7,4.8
2008/12/16,4.7,4.7,4.6,4.6
2008/12/17,4.7,4.7,4.6,4.7
2008/12/18,4.6,4.6,4.5,4.6
2008/12/19,4.6,4.8,4.6,4.7
2008/12/22,4.8,4.8,4.6,4.6
2008/12/23,4.6,4.6,4.3,4.4
2008/12/24,4.3,4.4,4.3,4.4
2008/12/25,4.4,4.5,4.4,4.4
2008/12/26,4.4,4.5,4.3,4.4
2008/12/29,4.4,4.4,4.3,4.3
2008/12/30,4.4,4.5,4.4,4.5
2008/12/31,4.5,4.7,4.5,4.6
2009/01/05,4.7,4.9,4.7,4.8
2009/01/06,4.8,4.8,4.7,4.7
2009/01/07,4.8,4.9,4.7,4.8
2009/01/08,4.7,4.7,4.5,4.5
2009/01/09,4.5,4.6,4.4,4.5
2009/01/12,4.9,4.9,4.7,4.8
2009/01/13,4.6,4.7,4.5,4.7
2009/01/14,4.7,4.7,4.6,4.7
2009/01/15,4.5,4.5,4.4,4.5
2009/01/16,4.5,4.6,4.5,4.6
2009/01/19,4.7,5.0,4.7,5.0
2009/01/20,5.0,5.3,4.9,5.2
2009/01/21,5.1,5.2,4.9,4.9
2009/02/02,4.9,5.2,4.8,5.1
2009/02/03,5.1,5.3,5.1,5.3
2009/02/04,5.4,5.4,5.1,5.1
2009/02/05,5.1,5.1,5.0,5.0
2009/02/06,5.1,5.1,5.0,5.1
2009/02/09,5.2,5.3,5.1,5.2
2009/02/10,5.1,5.3,5.1,5.3
2009/02/11,5.2,5.3,5.1,5.3
2009/02/12,5.3,5.5,5.2,5.2
2009/02/13,5.2,5.5,5.2,5.5
2009/02/16,5.8,5.9,5.7,5.9
2009/02/17,5.9,5.9,5.6,5.7
2009/02/18,5.7,5.9,5.7,5.7
2009/02/19,5.7,5.8,5.7,5.7
2009/02/20,5.6,5.7,5.5,5.5
2009/02/23,5.4,5.7,5.4,5.6
2009/02/24,5.4,5.7,5.4,5.6
2009/02/25,5.9,6.0,5.8,6.0
2009/02/26,6.2,6.2,6.0,6.1
2009/02/27,6.1,6.5,6.0,6.5
2009/03/02,6.4,6.7,6.3,6.6
2009/03/03,6.3,6.6,6.1,6.6
2009/03/04,6.6,6.9,6.4,6.7
2009/03/05,6.8,6.9,6.6,6.6
2009/03/06,6.5,6.7,6.5,6.7
2009/03/09,6.7,7.0,6.6,7.0
2009/03/10,7.0,7.2,7.0,7.1
2009/03/11,7.2,7.2,7.0,7.0
2009/03/12,7.0,7.2,7.0,7.0
2009/03/13,7.1,7.2,7.1,7.1
2009/03/16,7.1,7.2,7.1,7.1
2009/03/17,7.1,7.1,6.9,7.0
2009/03/18,7.0,7.3,7.0,7.1
2009/03/19,7.1,7.4,7.1,7.1
2009/03/20,7.2,7.2,7.0,7.0
2009/03/23,7.1,7.2,7.1,7.2
2009/03/24,7.2,7.7,7.2,7.6
2009/03/25,7.6,7.9,7.6,7.8
2009/03/26,7.9,8.2,7.8,8.2
2009/03/27,8.4,8.4,8.0,8.2
2009/03/30,8.0,8.1,7.7,7.8
2009/03/31,7.8,8.1,7.7,7.9
2009/04/01,8.0,8.5,8.0,8.5
2009/04/02,8.8,9.1,8.5,9.1
2009/04/03,9.7,9.7,9.7,9.7
2009/04/06,10.3,10.3,9.9,9.9
2009/04/07,9.9,10.2,9.7,10.1
2009/04/08,9.8,10.5,9.8,10.0
2009/04/09,10.2,10.6,10.0,10.6
2009/04/10,10.9,11.4,10.9,11.4
2009/04/13,11.6,12.2,11.0,12.1
2009/04/14,12.2,12.4,11.8,12.1
2009/04/15,12.0,12.9,11.9,12.9
2009/04/16,13.7,13.7,12.7,12.7
2009/04/17,12.7,13.0,11.8,11.8
2009/04/20,11.8,12.7,11.6,12.7
2009/04/21,12.8,13.4,12.5,13.2
2009/04/22,13.1,13.3,12.7,13.0
2009/04/23,13.0,13.1,12.5,12.6
2009/04/24,12.8,13.2,12.7,12.9
2009/04/27,13.2,13.2,12.0,12.2
2009/04/28,12.3,13.0,11.8,12.7
2009/04/29,13.0,13.2,11.8,11.8
2009/04/30,12.2,12.7,12.1,12.7
2009/05/04,13.5,13.5,13.3,13.5
2009/05/05,14.4,14.4,13.8,14.3
2009/05/06,14.0,15.3,14.0,15.3
2009/05/07,16.0,16.3,15.7,16.3
2009/05/08,16.3,17.3,15.8,16.6
2009/05/11,16.8,17.3,16.8,16.9
2009/05/12,16.4,16.5,15.8,15.8
2009/05/13,15.6,16.1,15.6,15.9
2009/05/14,15.5,16.6,15.1,16.3
2009/05/15,16.5,16.8,16.5,16.5
2009/05/18,16.6,17.7,16.6,17.7
2009/05/19,18.3,18.3,16.5,16.7
2009/05/20,16.7,16.8,16.1,16.4
2009/05/21,16.3,16.4,15.6,15.9
2009/05/22,15.6,16.5,15.6,16.3
2009/05/25,16.5,16.6,15.2,15.6
2009/05/26,15.6,15.6,14.6,14.7
2009/05/27,14.9,15.5,14.9,15.4
2009/06/01,15.5,15.9,15.0,15.1
2009/06/02,15.5,15.5,14.3,14.4
2009/06/03,14.5,14.8,14.3,14.6
2009/06/04,14.6,15.1,14.6,15.0
2009/06/05,15.3,15.5,14.9,14.9
2009/06/08,14.8,14.9,13.9,13.9
2009/06/09,13.8,13.8,13.0,13.0
2009/06/10,13.1,13.3,12.5,12.9
2009/06/11,12.9,13.5,12.8,13.5
2009/06/12,13.5,13.8,13.0,13.0
2009/06/15,12.8,13.0,12.2,12.2
2009/06/16,12.1,12.2,11.6,12.1
2009/06/17,12.2,12.3,12.1,12.2
2009/06/18,12.2,12.5,12.0,12.3
2009/06/19,12.3,12.7,12.3,12.7
2009/06/22,12.7,12.8,12.5,12.8
2009/06/23,12.5,12.7,12.5,12.7
2009/06/24,12.7,13.1,12.4,12.8
2009/06/25,12.9,13.0,12.7,12.7
2009/06/26,13.0,13.0,12.7,12.7
2009/06/29,12.7,12.7,12.3,12.4
2009/06/30,12.5,12.7,12.2,12.2
2009/07/01,12.4,13.1,12.3,13.1
2009/07/02,13.4,13.9,13.3,13.9
2009/07/03,13.9,14.7,13.9,14.7
2009/07/06,15.0,15.0,14.5,15.0
2009/07/07,15.0,15.1,14.8,14.8
2009/07/08,14.8,15.4,14.7,15.3
2009/07/09,15.5,15.5,15.1,15.1
2009/07/10,15.2,15.4,14.9,14.9
2009/07/13,15.1,15.4,14.7,15.0
2009/07/14,15.4,15.8,15.4,15.7
2009/07/15,15.8,15.9,15.4,15.7
2009/07/16,15.9,15.9,15.3,15.3
2009/07/17,15.6,15.7,15.2,15.4
2009/07/20,15.6,15.9,15.5,15.6
2009/07/21,15.8,15.9,15.4,15.5
2009/07/22,15.5,15.7,15.4,15.5
2009/07/23,15.5,15.5,15.2,15.2
2009/07/24,15.3,15.8,15.2,15.6
2009/07/27,15.8,16.1,15.7,15.9
2009/07/28,15.9,16.8,15.9,16.8
2009/07/29,17.0,17.8,16.6,17.4
2009/07/30,17.3,18.1,17.0,18.0
2009/07/31,18.2,19.0,17.8,18.0
2009/08/03,17.9,18.4,17.4,18.1
2009/08/04,18.4,18.8,17.4,17.7
2009/08/05,17.7,17.8,16.5,16.9
2009/08/06,16.9,17.1,16.3,16.7
2009/08/10,16.9,17.9,16.9,17.9
2009/08/11,18.3,18.5,17.5,18.3
2009/08/12,18.3,18.7,18.1,18.3
2009/08/13,18.4,19.2,18.4,18.9
2009/08/14,19.1,19.3,18.7,18.9
2009/08/17,18.9,19.0,18.2,18.3
2009/08/18,17.7,18.1,17.1,17.4
2009/08/19,17.7,18.2,17.4,18.0
2009/08/20,18.0,18.1,17.2,17.8
2009/08/21,18.1,19.0,17.9,18.2
2009/08/24,18.8,19.0,18.4,18.6
2009/08/25,18.6,19.2,18.3,18.9
2009/08/26,18.8,18.9,18.3,18.7
2009/08/27,18.6,19.5,18.5,19.1
2009/08/28,19.2,20.0,18.9,19.7
2009/08/31,20.0,21.1,19.9,21.1
2009/09/01,21.3,22.3,21.1,22.3
2009/09/02,22.0,22.8,21.8,22.1
2009/09/03,21.9,22.3,21.5,21.7
2009/09/04,21.8,22.7,21.8,22.3
2009/09/07,22.8,23.5,22.7,23.5
2009/09/08,23.7,23.7,22.9,22.9
2009/09/09,22.9,22.9,21.7,22.2
2009/09/10,23.2,23.2,22.1,22.3
2009/09/11,22.3,23.1,22.3,23.0
2009/09/14,23.0,24.4,22.7,23.9
2009/09/15,24.2,24.5,23.7,24.1
2009/09/16,24.3,24.9,24.2,24.2
2009/09/17,24.3,24.4,23.5,23.6
2009/09/18,23.4,24.3,23.4,24.3
2009/09/21,24.4,24.4,23.9,24.1
2009/09/22,24.2,24.4,23.8,24.0
2009/09/23,24.0,24.2,22.8,23.1
2009/09/24,23.0,23.5,22.9,23.1
2009/09/25,23.1,24.0,23.1,23.6
2009/09/28,23.5,23.7,22.7,22.8
2009/09/29,22.9,23.1,22.5,22.6
2009/09/30,22.4,23.4,22.4,23.2
2009/10/01,23.2,23.4,22.7,22.8
2009/10/02,22.3,23.1,22.3,22.7
2009/10/05,22.8,22.9,22.5,22.8
2009/10/06,23.0,23.8,22.9,23.6
2009/10/07,24.0,24.0,23.1,23.2
2009/10/08,23.2,23.5,22.5,22.6
2009/10/09,22.8,22.9,22.1,22.4
2009/10/12,22.5,22.9,22.4,22.7
2009/10/13,22.6,22.7,22.2,22.5
2009/10/14,22.7,23.9,22.7,23.7
2009/10/15,24.2,24.3,23.1,23.1
2009/10/16,23.4,23.4,23.0,23.2
2009/10/19,23.2,23.8,23.2,23.7
2009/10/20,23.8,24.3,23.4,23.9
2009/10/21,24.0,24.4,23.7,23.7
2009/10/22,23.6,23.7,22.9,23.0
2009/10/23,23.3,23.4,22.9,23.2
2009/10/26,23.4,23.5,22.8,22.8
2009/10/27,23.1,23.4,22.9,23.0
2009/10/28,22.9,23.1,22.4,22.4
2009/10/29,21.8,22.1,20.9,21.6
2009/10/30,21.8,22.0,21.1,21.2
2009/11/02,20.6,21.6,20.6,21.6
2009/11/03,21.6,21.8,21.4,21.5
2009/11/04,21.6,22.0,21.6,21.8
2009/11/05,22.0,22.5,21.9,22.0
2009/11/06,22.3,22.4,21.7,21.8
2009/11/09,21.9,22.0,21.7,21.7
2009/11/10,22.0,22.2,21.7,21.8
2009/11/11,21.8,21.9,21.6,21.7
2009/11/12,21.8,22.1,21.7,21.9
2009/11/13,22.0,22.2,22.0,22.1
2009/11/16,22.3,22.6,22.1,22.5
2009/11/17,22.7,22.7,22.0,22.0
2009/11/18,22.0,22.5,22.0,22.1
2009/11/19,22.4,22.4,22.1,22.2
2009/11/20,22.0,22.1,21.8,21.8
2009/11/23,21.7,22.1,21.6,21.6
2009/11/24,21.8,22.2,21.7,21.9
2009/11/25,21.9,22.4,21.9,22.0
2009/11/26,22.0,22.5,21.8,21.9
2009/11/27,21.7,21.8,21.0,21.0
2009/11/30,21.4,21.5,21.2,21.4
2009/12/01,21.5,21.9,21.5,21.6
2009/12/02,21.7,22.0,21.6,21.6
2009/12/03,21.7,21.8,21.2,21.3
2009/12/04,21.3,21.6,21.1,21.2
2009/12/07,21.4,21.6,21.4,21.4
2009/12/08,21.5,22.4,21.4,22.4
2009/12/09,22.3,22.5,22.0,22.2
2009/12/10,22.2,22.5,21.6,21.7
2009/12/11,21.8,22.2,21.8,21.9
2009/12/14,22.1,22.5,22.0,22.4
2009/12/15,22.5,22.5,22.1,22.2
2009/12/16,22.3,22.3,22.0,22.0
2009/12/17,22.2,22.2,21.6,21.6
2009/12/18,21.3,21.7,21.3,21.7
2009/12/21,21.7,21.8,21.5,21.6
2009/12/22,21.7,22.2,21.7,21.8
2009/12/23,22.0,22.5,21.9,22.3
2009/12/24,22.5,22.8,22.2,22.3
2009/12/25,22.5,22.9,22.0,22.6
2009/12/28,22.9,23.1,22.5,22.5
2009/12/29,22.6,22.7,22.4,22.5
2009/12/30,22.6,22.8,22.5,22.6
2009/12/31,22.9,22.9,22.5,22.6
2010/01/04,22.6,22.8,22.3,22.3
2010/01/05,22.6,22.6,22.0,22.1
2010/01/06,22.1,22.3,22.1,22.2
2010/01/07,22.2,22.3,21.6,21.7
2010/01/08,21.7,22.1,21.5,22.0
2010/01/11,22.3,22.6,22.0,22.5
2010/01/12,22.6,22.7,22.3,22.4
2010/01/13,22.0,22.4,22.0,22.1
2010/01/14,22.7,23.2,22.7,23.1
2010/01/15,23.2,23.5,22.8,22.8
2010/01/18,22.8,23.1,22.3,22.6
2010/01/19,22.6,22.9,22.4,22.5
2010/01/20,22.6,22.7,22.4,22.4
2010/01/21,22.3,22.5,22.0,22.0
2010/01/22,21.8,21.9,21.7,21.7
2010/01/25,21.4,22.0,21.4,21.5
2010/01/26,21.7,21.8,20.0,20.5
2010/01/27,20.5,20.5,19.4,19.6
2010/01/28,19.7,20.4,19.7,20.3
2010/01/29,19.8,20.2,19.7,20.0
2010/02/01,20.0,20.3,20.0,20.2
2010/02/02,20.5,20.5,19.6,19.8
2010/02/03,19.8,20.0,19.7,19.8
2010/02/04,19.9,20.8,19.9,20.7
2010/02/05,20.0,20.4,19.9,20.1
2010/02/08,20.9,21.1,20.6,21.0
2010/02/09,21.0,21.8,20.9,21.6
2010/02/10,22.1,22.2,21.8,21.8
2010/02/22,22.3,22.3,21.9,21.9
2010/02/23,21.9,22.1,21.7,21.9
2010/02/24,21.8,22.8,21.8,22.6
2010/02/25,22.8,23.3,22.7,22.9
2010/02/26,23.2,23.2,22.5,22.7
2010/03/01,23.1,23.2,22.8,23.1
2010/03/02,23.2,23.3,22.8,22.9
2010/03/03,23.1,23.1,22.7,22.7
2010/03/04,22.8,23.2,22.7,22.8
2010/03/05,23.1,23.4,22.9,23.2
2010/03/08,23.6,23.6,23.1,23.1
2010/03/09,23.3,23.4,23.0,23.1
2010/03/10,23.1,23.9,23.1,23.4
2010/03/11,23.7,23.7,23.0,23.0
2010/03/12,23.1,23.6,23.1,23.5
2010/03/15,23.6,23.7,23.1,23.1
2010/03/16,23.1,24.2,22.7,24.1
2010/03/17,24.4,25.8,24.4,25.8
2010/03/18,26.8,27.6,26.5,27.1
2010/03/19,27.3,28.1,26.9,27.6
2010/03/22,27.6,29.5,27.5,29.5
2010/03/23,30.3,31.3,28.5,28.7
2010/03/24,28.8,29.4,28.4,28.8
2010/03/25,28.8,29.4,28.2,29.0
2010/03/26,29.0,30.1,29.0,29.7
2010/03/29,30.2,30.2,28.9,29.0
2010/03/30,29.0,29.5,28.6,29.1
2010/03/31,29.2,29.5,28.7,28.8
2010/04/01,29.3,29.9,29.0,29.0
2010/04/02,29.1,29.7,29.1,29.2
2010/04/06,29.7,30.0,29.2,29.4
2010/04/07,29.7,29.9,29.1,29.8
2010/04/08,29.8,29.8,27.8,27.8
2010/04/09,27.9,28.0,26.9,27.9
2010/04/12,28.2,28.9,27.9,28.4
2010/04/13,28.4,28.4,27.0,27.5
2010/04/14,27.7,27.8,27.0,27.5
2010/04/15,27.8,28.1,27.1,27.6
2010/04/16,27.6,28.4,27.6,28.1
2010/04/19,27.6,27.8,26.3,26.5
2010/04/20,27.2,27.4,26.9,27.1
2010/04/21,27.3,28.7,27.1,28.6
2010/04/22,28.4,29.4,28.2,29.1
2010/04/23,29.1,29.2,28.7,28.9
2010/04/26,29.4,30.9,29.2,30.9
2010/04/27,31.9,33.0,31.8,33.0
2010/04/28,32.5,34.8,32.1,33.9
2010/04/29,34.2,34.6,33.6,34.0
2010/04/30,34.4,35.2,33.0,33.0
2010/05/03,32.9,33.7,32.3,32.7
2010/05/04,33.0,33.1,31.7,32.3
2010/05/05,30.9,31.5,30.2,31.0
2010/05/06,30.2,31.9,30.2,31.2
2010/05/07,30.2,32.0,29.4,31.9
2010/05/10,32.1,32.3,31.1,31.7
2010/05/11,31.8,32.3,30.8,30.8
2010/05/12,31.0,31.4,30.7,30.8
2010/05/13,31.6,32.7,31.2,32.5
2010/05/14,32.5,32.9,32.1,32.6
2010/05/17,32.1,32.6,31.7,31.9
2010/05/18,32.3,32.4,31.3,31.5
2010/05/19,31.1,31.5,30.3,30.9
2010/05/20,30.9,31.4,29.8,29.8
2010/05/21,28.0,28.5,27.8,28.2
2010/05/24,28.4,28.6,27.9,28.6
2010/05/25,27.8,28.1,26.6,26.6
2010/05/26,26.7,27.0,25.5,25.8
2010/05/27,25.8,27.6,25.8,27.6
2010/05/28,28.3,28.4,27.4,27.6
2010/05/31,27.4,27.7,27.1,27.5
2010/06/01,27.2,27.2,25.8,26.2
2010/06/02,25.8,26.2,25.5,25.6
2010/06/03,26.2,27.1,25.9,26.8
2010/06/04,26.8,27.1,26.3,26.4
2010/06/07,25.0,25.3,24.6,24.9
2010/06/08,25.0,25.2,24.8,24.9
2010/06/09,25.1,25.3,23.9,24.1
2010/06/10,24.4,24.5,24.0,24.5
2010/06/11,24.9,25.4,24.9,25.1
2010/06/14,25.3,25.5,25.1,25.2
2010/06/15,25.4,25.8,25.3,25.6
2010/06/17,25.9,26.8,25.8,26.4
2010/06/18,26.4,26.4,26.0,26.2
2010/06/21,26.5,26.9,26.2,26.7
2010/06/22,26.8,26.8,26.4,26.4
2010/06/23,26.0,27.1,26.0,26.7
2010/06/24,26.7,27.4,26.6,27.0
2010/06/25,26.7,27.7,26.7,27.1
2010/06/28,27.3,27.4,26.5,26.5
2010/06/29,26.7,27.3,26.2,26.3
2010/06/30,25.4,25.8,25.2,25.7
2010/07/01,25.6,26.0,25.6,26.0
2010/07/02,26.3,27.1,26.0,26.6
2010/07/05,26.8,27.0,26.4,27.0
2010/07/06,26.9,27.2,26.7,26.8
2010/07/07,27.0,27.7,26.9,27.3
2010/07/08,27.7,27.9,27.4,27.5
2010/07/09,27.6,27.7,27.1,27.1
2010/07/12,27.4,27.4,26.8,26.8
2010/07/13,27.0,27.7,27.0,27.2
2010/07/14,27.6,28.3,27.5,28.2
2010/07/15,28.4,29.2,28.4,28.7
2010/07/16,28.7,28.8,27.7,27.7
2010/07/19,27.4,27.6,27.1,27.3
2010/07/20,28.1,29.2,28.0,29.2
2010/07/21,29.4,29.8,28.7,29.0
2010/07/22,29.3,29.3,28.4,28.9
2010/07/23,29.3,30.2,28.9,29.7
2010/07/26,30.2,30.2,29.2,29.3
2010/07/27,29.7,29.9,29.1,29.1
2010/07/28,29.0,29.7,28.9,29.2
2010/07/29,29.3,29.5,28.9,28.9
2010/07/30,28.9,29.6,28.8,29.2
2010/08/02,29.4,29.7,29.3,29.7
2010/08/03,29.9,30.0,29.4,29.4
2010/08/04,29.4,30.0,29.4,29.7
2010/08/05,30.1,30.6,29.6,29.7
2010/08/06,30.0,30.0,29.6,29.8
2010/08/09,30.0,30.1,29.5,29.6
2010/08/10,29.8,30.0,29.1,29.2
2010/08/11,29.3,29.6,29.0,29.6
2010/08/12,29.1,30.0,29.1,29.7
2010/08/13,30.3,31.8,30.3,31.8
2010/08/16,32.2,33.0,31.9,32.1
2010/08/17,32.2,33.5,31.8,33.4
2010/08/18,33.5,33.6,32.3,32.3
2010/08/19,32.5,32.7,32.3,32.4
2010/08/20,32.2,32.6,31.4,31.8
2010/08/23,31.8,32.4,31.4,31.6
2010/08/24,31.3,31.8,31.1,31.1
2010/08/25,30.9,31.7,30.8,31.2
2010/08/26,31.2,31.5,30.2,30.4
2010/08/27,30.4,30.5,30.0,30.4
2010/08/30,30.5,31.0,30.3,30.4
2010/08/31,28.3,28.3,28.3,28.3
2010/09/01,26.3,27.4,26.3,26.8
2010/09/02,27.3,27.4,26.5,26.5
2010/09/03,26.8,27.3,26.7,27.0
2010/09/06,27.0,27.6,27.0,27.4
2010/09/07,27.4,27.8,27.1,27.1
2010/09/08,27.1,27.4,27.0,27.0
2010/09/09,27.2,27.3,26.8,27.0
2010/09/10,27.3,28.0,27.3,27.5
2010/09/13,27.9,28.1,27.6,27.8
2010/09/14,27.8,28.0,27.6,27.6
2010/09/15,27.6,27.7,27.2,27.3
2010/09/16,27.4,28.0,27.3,27.5
2010/09/17,27.5,27.7,27.3,27.5
2010/09/20,27.6,28.1,27.4,27.7
2010/09/21,28.0,28.7,27.8,28.5
2010/09/23,28.6,28.9,28.4,28.5
2010/09/24,28.5,28.5,27.9,28.0
2010/09/27,28.4,28.4,27.9,27.9
2010/09/28,27.8,28.0,27.5,27.5
2010/09/29,27.7,28.4,27.7,28.1
2010/09/30,28.1,28.7,28.1,28.3
2010/10/01,28.4,28.4,27.7,27.8
2010/10/04,27.8,28.0,27.0,27.1
2010/10/05,27.1,27.1,26.4,26.8
2010/10/06,27.0,27.2,26.9,26.9
2010/10/07,27.0,27.0,26.9,26.9
2010/10/08,26.8,26.9,26.4,26.5
2010/10/11,26.3,26.6,26.2,26.2
2010/10/12,26.3,26.3,25.5,25.8
2010/10/13,25.9,26.0,25.6,25.8
2010/10/14,26.2,26.2,25.8,25.8
2010/10/15,25.8,26.2,25.6,25.6
2010/10/18,25.8,25.9,25.5,25.5
2010/10/19,25.5,25.7,25.5,25.5
2010/10/20,25.6,27.3,25.6,27.3
2010/10/21,27.1,27.2,26.5,26.5
2010/10/22,26.5,26.8,26.5,26.6
2010/10/25,26.7,26.9,26.6,26.8
2010/10/26,26.8,28.3,26.7,28.0
2010/10/27,28.2,28.3,27.6,27.6
2010/10/28,27.6,28.1,27.6,27.8
2010/10/29,28.0,28.1,27.7,27.9
2010/11/01,28.1,28.2,27.9,28.0
2010/11/02,28.1,28.1,27.5,27.6
2010/11/03,27.6,27.8,26.4,26.8
2010/11/04,26.8,27.1,26.8,26.9
2010/11/05,27.3,27.3,27.0,27.1
2010/11/08,27.1,27.2,26.3,26.3
2010/11/09,26.3,26.9,26.3,26.7
2010/11/10,26.8,27.0,26.6,26.9
2010/11/11,26.9,27.6,26.9,27.3
2010/11/12,27.1,27.2,27.0,27.0
2010/11/15,26.8,27.1,26.5,26.6
2010/11/16,26.7,27.0,26.7,26.8
2010/11/17,26.6,26.8,26.5,26.8
2010/11/18,26.8,27.1,26.7,26.9
2010/11/19,27.0,27.5,27.0,27.1
2010/11/22,27.4,27.4,27.1,27.2
2010/11/23,27.4,27.7,27.3,27.3
2010/11/24,27.2,27.3,26.9,27.0
2010/11/25,27.3,27.4,27.1,27.2
2010/11/26,27.3,27.7,27.3,27.4
2010/11/29,27.7,27.7,27.3,27.4
2010/11/30,27.4,27.9,27.4,27.5
2010/12/01,27.6,28.9,27.6,28.7
2010/12/02,29.0,29.0,28.4,28.7
2010/12/03,29.0,29.2,28.4,28.4
2010/12/06,28.5,28.8,28.4,28.4
2010/12/07,28.5,29.4,28.5,29.3
2010/12/08,29.4,29.7,28.9,28.9
2010/12/09,29.0,30.9,29.0,30.6
2010/12/10,30.8,31.9,30.8,30.9
2010/12/13,31.6,32.5,31.6,31.9
2010/12/14,32.0,32.1,30.9,31.0
2010/12/15,31.0,31.3,30.0,30.2
2010/12/16,30.3,30.9,30.3,30.7
2010/12/17,31.0,31.3,30.4,30.4
2010/12/20,30.5,30.6,29.8,30.1
2010/12/21,30.4,30.9,30.2,30.7
2010/12/22,30.8,31.0,30.6,30.7
2010/12/23,30.8,31.7,30.5,31.0
2010/12/24,31.2,31.5,30.6,30.6
2010/12/27,30.7,30.7,30.3,30.3
2010/12/28,30.7,31.1,30.4,30.5
2010/12/29,30.6,30.8,29.8,29.8
2010/12/30,29.8,30.2,29.7,30.0
2010/12/31,30.4,30.4,29.9,30.1
2011/01/03,30.3,30.7,29.8,29.8
2011/01/04,29.9,30.2,29.8,29.8
2011/01/05,30.2,30.3,29.4,29.6
2011/01/06,30.0,30.1,29.6,30.0
2011/01/07,30.2,30.4,29.5,29.7
2011/01/10,29.7,29.8,29.4,29.4
2011/01/11,29.4,30.4,29.4,30.4
2011/01/12,30.4,30.6,30.0,30.1
2011/01/13,30.3,30.8,30.2,30.4
2011/01/14,30.4,31.1,30.4,30.6
2011/01/17,31.2,31.2,30.4,30.4
2011/01/18,30.5,30.7,30.4,30.4
2011/01/19,30.5,30.6,30.1,30.4
2011/01/20,30.4,30.4,30.0,30.0
2011/01/21,30.0,30.2,29.7,29.8
2011/01/24,30.1,30.1,29.5,29.8
2011/01/25,30.1,30.1,29.5,29.7
2011/01/26,30.0,30.1,29.5,29.9
2011/01/27,30.1,30.6,29.9,30.2
2011/01/28,30.3,30.5,29.9,29.9
2011/02/08,30.3,31.2,29.9,31.0
2011/02/09,31.0,31.5,30.5,31.5
2011/02/10,31.5,31.5,30.8,31.5
2011/02/11,31.8,31.9,30.5,30.7
2011/02/14,31.1,31.4,31.0,31.2
2011/02/15,31.6,32.4,31.2,31.8
2011/02/16,32.2,32.4,31.2,31.4
2011/02/17,31.7,31.8,30.9,31.0
2011/02/18,31.2,31.5,31.1,31.2
2011/02/21,31.2,32.9,31.2,32.7
2011/02/22,32.4,32.7,31.5,32.2
2011/02/23,32.0,32.9,31.7,31.7
2011/02/24,32.1,32.4,30.9,31.1
2011/02/25,31.3,31.4,30.3,31.2
2011/03/01,31.5,31.6,31.3,31.5
2011/03/02,31.2,31.4,30.8,30.8
2011/03/03,31.0,31.8,31.0,31.5
2011/03/04,32.1,32.8,32.0,32.0
2011/03/07,32.0,32.5,31.8,32.3
2011/03/08,32.3,32.4,31.9,32.0
2011/03/09,32.0,32.4,31.8,31.8
2011/03/10,31.8,31.8,31.0,31.0
2011/03/11,30.4,30.7,30.4,30.7
2011/03/14,30.4,30.5,29.2,29.8
2011/03/15,29.6,30.0,27.8,28.1
2011/03/16,28.5,28.9,27.9,28.5
2011/03/17,28.0,28.0,27.0,27.6
2011/03/18,28.1,29.2,28.0,29.2
2011/03/21,29.6,30.3,28.9,30.3
2011/03/22,31.9,32.2,30.9,31.1
2011/03/23,31.8,32.4,31.6,32.2
2011/03/24,32.4,32.5,31.8,31.8
2011/03/25,32.2,32.4,31.5,32.1
2011/03/28,32.4,32.9,32.0,32.0
2011/03/29,31.9,32.0,31.1,31.1
2011/03/30,31.8,31.9,31.5,31.5
2011/03/31,31.8,31.8,31.3,31.5
2011/04/01,31.5,31.8,31.5,31.6
2011/04/06,32.0,32.7,31.9,32.4
2011/04/07,32.4,32.6,32.0,32.3
2011/04/08,32.5,33.4,32.5,32.6
2011/04/11,32.9,33.0,32.4,32.4
2011/04/12,32.4,32.5,31.6,31.7
2011/04/13,31.6,32.0,31.6,31.9
2011/04/14,32.0,32.1,31.8,31.8
2011/04/15,32.0,32.4,31.9,31.9
2011/04/18,31.9,32.0,31.4,31.4
2011/04/19,31.0,31.2,30.8,31.1
2011/04/20,31.1,32.3,31.1,32.2
2011/04/21,32.7,32.7,31.8,31.9
2011/04/22,32.4,32.4,29.7,29.7
2011/04/25,29.2,29.2,27.9,29.1
2011/04/26,29.1,29.8,29.1,29.6
2011/04/27,29.8,29.9,29.3,29.5
2011/04/28,29.7,29.8,29.0,29.1
2011/04/29,29.0,29.3,28.8,28.8
2011/05/03,29.0,29.1,28.3,28.5
2011/05/04,28.5,28.9,28.5,28.9
2011/05/05,28.8,29.0,28.7,28.8
2011/05/06,28.6,28.7,28.4,28.4
2011/05/09,28.6,29.2,28.6,28.9
2011/05/10,28.9,29.1,28.8,28.9
2011/05/11,29.0,29.1,28.6,28.7
2011/05/12,28.7,28.7,28.5,28.7
2011/05/13,28.8,29.0,28.7,28.9
2011/05/16,28.9,29.0,28.5,28.5
2011/05/17,28.5,28.6,28.3,28.4
2011/05/18,28.4,28.5,28.3,28.4
2011/05/19,28.5,28.6,28.2,28.3
2011/05/20,28.3,28.3,27.8,27.8
2011/05/23,27.6,27.7,27.4,27.4
2011/05/24,27.3,27.7,27.2,27.7
2011/05/25,27.7,28.2,27.5,28.1
2011/05/26,28.6,28.6,28.2,28.3
2011/05/27,28.4,28.5,28.3,28.3
2011/05/30,28.3,28.4,28.1,28.1
2011/05/31,28.2,28.6,28.2,28.5
2011/06/01,28.8,28.8,28.3,28.5
2011/06/02,28.2,28.3,28.1,28.2
2011/06/03,28.3,28.4,28.2,28.3
2011/06/07,28.4,28.5,28.3,28.5
2011/06/08,28.5,28.6,28.3,28.4
2011/06/09,28.4,28.4,28.2,28.2
2011/06/10,28.3,28.4,27.9,28.0
2011/06/13,27.8,27.9,27.5,27.5
2011/06/14,27.6,27.9,27.6,27.8
2011/06/15,27.9,28.0,27.7,28.0
2011/06/16,27.7,27.7,27.4,27.5
2011/06/17,27.5,27.7,27.1,27.6
2011/06/20,27.6,27.6,26.3,26.3
2011/06/21,26.4,26.9,26.0,26.2
2011/06/22,26.4,26.9,26.3,26.7
2011/06/23,26.7,26.8,26.4,26.5
2011/06/24,26.5,26.6,26.3,26.4
2011/06/27,26.2,26.6,26.1,26.4
2011/06/28,26.5,26.7,26.3,26.4
2011/06/29,26.5,26.8,26.5,26.6
2011/06/30,26.8,26.8,26.5,26.6
2011/07/01,26.8,26.9,26.5,26.8
2011/07/04,26.9,27.5,26.7,27.2
2011/07/05,27.2,27.2,26.8,26.9
2011/07/06,27.0,27.5,27.0,27.3
2011/07/07,27.5,27.5,27.1,27.4
2011/07/08,27.5,27.7,27.2,27.3
2011/07/11,27.1,27.1,26.8,26.9
2011/07/12,26.4,26.7,26.1,26.2
2011/07/13,26.2,26.3,25.9,25.9
2011/07/14,26.3,26.3,25.6,25.7
2011/07/15,25.9,26.4,25.5,26.3
2011/07/18,26.3,26.5,26.1,26.2
2011/07/19,26.2,26.3,26.2,26.3
2011/07/20,26.5,26.7,26.5,26.7
2011/07/21,26.7,26.7,26.4,26.5
2011/07/22,26.7,27.1,26.6,26.9
2011/07/25,26.9,27.0,26.6,26.7
2011/07/26,26.6,27.0,26.6,27.0
2011/07/27,27.0,27.1,26.8,26.9
2011/07/28,26.7,26.9,26.5,26.6
2011/07/29,26.5,26.8,26.3,26.3
2011/08/01,26.5,26.7,26.5,26.6
2011/08/02,26.5,26.6,26.3,26.3
2011/08/03,26.2,26.3,25.7,25.7
2011/08/04,24.3,24.6,24.0,24.2
2011/08/05,22.6,23.0,22.5,22.5
2011/08/08,22.4,22.8,21.0,21.9
2011/08/09,20.4,21.6,20.4,21.4
2011/08/10,21.9,22.8,21.9,22.8
2011/08/11,22.0,23.0,21.8,22.6
2011/08/12,23.0,23.8,22.9,23.0
2011/08/15,23.2,23.5,23.0,23.1
2011/08/16,23.5,23.5,23.0,23.0
2011/08/17,23.1,23.1,22.7,22.8
2011/08/18,22.8,22.8,22.0,22.0
2011/08/19,21.0,21.0,20.5,20.5
2011/08/22,20.5,20.7,19.4,19.8
2011/08/23,20.2,21.2,20.1,21.2
2011/08/24,21.6,22.0,21.2,21.4
2011/08/25,21.8,21.8,21.0,21.0
2011/08/26,21.0,21.4,20.8,21.0
2011/08/29,21.0,21.4,21.0,21.4
2011/08/30,21.6,22.1,21.5,21.8
2011/08/31,21.8,23.0,21.6,22.6
2011/09/01,22.9,23.3,22.6,22.7
2011/09/02,22.7,23.1,22.5,23.0
2011/09/05,22.5,23.1,22.3,23.0
2011/09/06,22.7,23.2,22.5,23.0
2011/09/07,23.3,23.5,23.2,23.4
2011/09/08,23.6,24.5,23.6,24.0
2011/09/09,24.0,24.2,23.8,24.0
2011/09/13,23.8,23.8,23.1,23.2
2011/09/14,23.5,23.8,23.0,23.4
2011/09/15,24.2,24.5,23.9,24.0
2011/09/16,24.5,25.2,24.3,25.2
2011/09/19,25.2,25.2,24.6,24.7
2011/09/20,24.8,25.0,24.2,24.7
2011/09/21,24.8,24.9,24.5,24.8
2011/09/22,24.4,24.5,23.9,24.1
2011/09/23,23.2,23.4,22.8,22.9
2011/09/26,22.9,23.2,22.2,22.2
2011/09/27,22.6,23.1,22.5,22.6
2011/09/28,23.0,23.3,22.8,23.3
2011/09/29,23.0,23.5,23.0,23.4
2011/09/30,23.4,23.6,23.0,23.4
2011/10/03,22.6,23.1,22.6,22.9
2011/10/04,22.4,23.5,22.4,23.2
2011/10/05,23.2,23.6,23.0,23.2
2011/10/06,23.6,24.0,23.4,23.6
2011/10/07,23.9,24.1,23.5,23.5
2011/10/11,24.2,24.2,23.5,23.5
2011/10/12,23.5,23.5,23.2,23.2
2011/10/13,23.3,23.6,23.2,23.2
2011/10/14,23.2,23.4,22.9,22.9
2011/10/17,23.2,23.4,23.0,23.2
2011/10/18,23.0,23.5,22.8,23.4
2011/10/19,23.6,23.6,23.2,23.2
2011/10/20,23.2,23.5,23.1,23.2
2011/10/21,23.2,23.3,23.1,23.2
2011/10/24,23.5,23.8,23.5,23.6
2011/10/25,23.8,23.8,23.5,23.5
2011/10/26,23.3,23.9,23.3,23.7
2011/10/27,23.8,24.7,23.6,24.5
2011/10/28,24.8,24.8,23.8,23.8
2011/10/31,24.0,24.1,23.5,23.8
2011/11/01,23.7,24.2,23.5,24.2
2011/11/02,24.0,24.0,23.4,23.8
2011/11/03,23.9,24.0,23.6,23.6
2011/11/04,24.0,24.2,23.9,24.0
2011/11/07,24.0,24.4,24.0,24.0
2011/11/08,24.2,24.7,24.2,24.7
2011/11/09,24.4,25.0,24.1,24.2
2011/11/10,23.6,23.8,22.6,22.8
2011/11/11,23.0,23.2,22.5,22.6
2011/11/14,23.0,23.3,22.9,23.0
2011/11/15,23.0,23.1,22.6,22.8
2011/11/16,22.8,23.0,22.2,22.2
2011/11/17,22.1,22.2,21.8,21.9
2011/11/18,21.7,21.8,21.4,21.4
2011/11/21,21.4,21.4,20.3,20.3
2011/11/22,20.1,20.4,19.5,19.8
2011/11/23,20.0,20.0,18.9,19.0
2011/11/24,19.0,19.3,18.6,19.1
2011/11/25,19.1,19.4,18.5,18.7
2011/11/28,18.9,19.3,18.9,19.2
2011/11/29,19.5,19.6,19.2,19.6
2011/11/30,19.8,19.8,19.0,19.0
2011/12/01,19.5,20.1,19.5,20.0
2011/12/02,20.0,20.0,19.7,19.8
2011/12/05,19.8,20.1,19.5,20.1
2011/12/06,20.1,20.1,19.6,19.6
2011/12/07,19.8,19.8,19.5,19.5
2011/12/08,19.4,19.4,18.6,18.8
2011/12/09,18.2,18.8,18.0,18.4
2011/12/12,18.8,18.8,18.4,18.4
2011/12/13,18.3,18.4,18.0,18.3
2011/12/14,18.2,18.6,18.2,18.6
2011/12/15,18.5,18.5,18.2,18.2
2011/12/16,18.3,18.5,18.2,18.2
2011/12/19,18.1,18.2,17.0,17.0
2011/12/20,17.0,17.5,17.0,17.3
2011/12/21,17.9,18.5,17.9,18.5
2011/12/22,18.5,18.5,18.2,18.4
2011/12/23,18.5,19.1,18.5,19.0
2011/12/26,19.0,19.0,18.7,18.8
2011/12/27,19.0,19.0,18.6,18.7
2011/12/28,18.5,18.8,18.5,18.5
2011/12/29,18.5,18.8,18.4,18.8
2011/12/30,18.9,19.0,18.7,18.7
2012/01/02,18.9,18.9,18.5,18.5
2012/01/03,18.6,18.8,18.5,18.7
2012/01/04,18.9,19.0,18.8,18.8
2012/01/05,18.8,19.5,18.8,19.5
2012/01/06,19.5,20.2,19.5,19.9
2012/01/09,19.9,19.9,19.5,19.5
2012/01/10,19.8,19.8,19.5,19.5
2012/01/11,19.6,19.8,19.5,19.6
2012/01/12,19.7,19.7,19.4,19.5
2012/01/13,19.6,19.6,19.1,19.1
2012/01/16,19.5,19.6,19.2,19.5
2012/01/17,19.5,20.1,19.5,20.0
2012/01/18,20.5,21.2,20.4,21.0
2012/01/30,21.6,21.7,21.2,21.5
2012/01/31,21.5,22.5,21.4,22.0
2012/02/01,22.3,22.6,22.1,22.5
2012/02/02,22.7,23.3,22.5,22.9
2012/02/03,23.2,23.5,22.8,23.0
2012/02/06,23.4,23.5,23.0,23.5
2012/02/07,25.1,25.1,24.5,25.1
2012/02/08,25.5,25.6,25.0,25.5
2012/02/09,25.4,26.5,25.2,26.2
2012/02/10,26.2,26.7,25.8,26.0
2012/02/13,26.0,26.2,25.5,25.9
2012/02/14,26.0,26.5,25.8,25.9
2012/02/15,26.2,26.5,26.0,26.2
2012/02/16,26.0,26.4,24.7,25.0
2012/02/17,25.5,25.7,24.8,24.8
2012/02/20,25.1,25.5,25.0,25.4
2012/02/21,25.5,25.8,25.1,25.5
2012/02/22,25.5,25.8,25.4,25.5
2012/02/23,25.2,25.8,25.2,25.6
2012/02/24,25.6,25.7,25.0,25.2
2012/02/29,25.5,25.5,25.1,25.2
2012/03/01,25.2,26.2,25.2,25.9
2012/03/02,26.2,26.2,25.8,26.0
2012/03/05,25.6,25.9,25.1,25.2
2012/03/06,25.3,25.4,24.2,24.6
2012/03/07,24.1,24.8,24.0,24.5
2012/03/08,24.7,24.8,24.5,24.8
2012/03/09,24.9,25.4,24.8,25.2
2012/03/12,25.4,26.6,25.3,25.7
2012/03/13,26.0,26.0,25.5,25.7
2012/03/14,26.0,26.4,25.6,25.7
2012/03/15,26.0,26.6,26.0,26.2
2012/03/16,26.5,26.8,26.3,26.3
2012/03/19,26.2,26.4,25.8,25.9
2012/03/20,26.4,26.4,25.8,26.0
2012/03/21,26.0,26.2,25.4,25.6
2012/03/22,25.6,26.0,25.6,25.9
2012/03/23,25.8,26.0,25.7,25.8
2012/03/26,25.9,25.9,25.5,25.5
2012/03/27,25.6,25.8,25.4,25.4
2012/03/28,25.6,27.0,25.6,27.0
2012/03/29,27.0,27.4,25.6,26.2
2012/03/30,26.2,27.5,26.2,27.4
2012/04/02,27.4,27.8,26.9,26.9
2012/04/03,27.0,27.3,25.1,25.2
2012/04/05,24.1,24.7,23.5,24.5
2012/04/06,24.5,25.6,24.5,25.3
2012/04/09,24.4,25.0,24.4,24.8
2012/04/10,25.4,25.5,25.0,25.1
2012/04/11,24.8,26.0,24.7,26.0
2012/04/12,25.8,26.0,25.5,25.8
2012/04/13,25.9,27.5,25.9,27.3
2012/04/16,26.8,26.8,26.1,26.2
2012/04/17,26.5,26.5,25.2,25.3
2012/04/18,26.0,26.1,25.3,25.4
2012/04/19,25.7,25.8,25.1,25.5
2012/04/20,25.6,25.8,25.2,25.2
2012/04/23,25.2,25.4,24.6,24.7
2012/04/24,25.0,25.2,24.6,25.1
2012/04/25,25.4,25.8,25.3,25.8
2012/04/26,25.9,26.0,25.4,25.5
2012/04/27,25.8,26.8,25.5,26.2
2012/04/30,26.8,26.8,26.1,26.5
2012/05/02,26.7,28.2,26.7,28.0
2012/05/03,28.0,28.2,27.7,28.0
2012/05/04,28.0,29.1,27.8,28.7
2012/05/07,28.3,28.4,27.9,28.1
2012/05/08,28.5,28.6,28.0,28.1
2012/05/09,27.7,28.2,27.5,28.2
2012/05/10,28.2,28.4,27.6,27.9
2012/05/11,27.9,28.0,27.1,27.1
2012/05/14,27.1,27.3,26.5,26.8
2012/05/15,26.4,27.6,26.2,27.6
2012/05/16,27.4,27.5,26.6,26.9
2012/05/17,26.6,27.2,26.6,27.1
2012/05/18,26.5,26.6,25.6,25.7
2012/05/21,25.8,26.3,25.8,25.9
2012/05/22,26.4,26.8,26.2,26.7
2012/05/23,26.5,26.5,26.0,26.2
2012/05/24,26.2,26.4,25.3,25.5
2012/05/25,25.5,25.8,25.5,25.6
2012/05/28,26.0,26.2,25.6,26.2
2012/05/29,26.3,27.4,26.3,27.3
2012/05/30,27.5,27.9,27.2,27.5
2012/05/31,27.0,27.9,26.9,27.9
2012/06/01,27.5,27.6,26.5,26.7
2012/06/04,25.6,25.7,25.0,25.4
2012/06/05,26.0,26.5,25.9,26.2
2012/06/06,26.5,26.7,26.3,26.4
2012/06/07,26.8,27.2,26.6,26.6
2012/06/08,26.8,26.8,26.5,26.5
2012/06/11,27.0,27.3,26.8,27.3
2012/06/12,27.0,27.7,27.0,27.6
2012/06/13,27.7,27.8,27.1,27.4
2012/06/14,27.4,27.5,27.1,27.2
2012/06/15,27.2,28.4,27.2,28.4
2012/06/18,28.6,28.6,27.9,28.1
2012/06/19,28.0,28.0,27.8,27.8
2012/06/20,28.0,28.2,27.8,27.8
2012/06/21,28.0,28.3,27.8,28.0
2012/06/22,27.6,27.8,27.4,27.6
2012/06/25,27.3,27.8,27.3,27.5
2012/06/26,27.3,27.5,27.2,27.3
2012/06/27,27.4,27.8,27.4,27.4
2012/06/28,27.6,27.8,27.5,27.5
2012/06/29,27.6,27.8,27.5,27.8
2012/07/02,28.0,28.1,27.8,27.8
2012/07/03,28.0,28.5,27.9,28.2
2012/07/04,28.4,28.6,28.2,28.3
2012/07/05,28.3,28.5,28.0,28.2
2012/07/06,28.3,28.3,27.6,27.8
2012/07/09,27.5,27.8,27.4,27.8
2012/07/10,27.8,28.0,27.5,27.5
2012/07/11,27.5,27.8,27.5,27.7
2012/07/12,27.7,27.8,27.4,27.5
2012/07/13,27.4,27.4,26.9,27.0
2012/07/16,27.3,27.3,26.5,26.5
2012/07/17,26.5,26.9,26.5,26.8
2012/07/18,26.8,26.9,26.7,26.7
2012/07/19,27.0,27.2,26.8,27.1
2012/07/20,27.1,27.4,27.1,27.2
2012/07/23,27.1,27.1,26.7,26.8
2012/07/24,26.5,26.8,26.5,26.8
2012/07/25,26.8,27.0,26.5,26.8
2012/07/26,27.0,27.0,26.8,26.8
2012/07/27,27.1,27.5,27.0,27.4
2012/07/30,27.6,27.8,27.5,27.6
2012/07/31,27.8,27.8,27.6,27.7
2012/08/01,27.7,27.8,27.5,27.7
2012/08/03,27.6,27.8,27.5,27.6
2012/08/06,26.5,26.5,26.2,26.2
2012/08/07,26.2,26.2,26.1,26.1
2012/08/08,26.2,26.5,26.2,26.5
2012/08/09,26.5,27.0,26.4,27.0
2012/08/10,27.0,27.5,26.8,27.3
2012/08/13,27.3,27.5,27.0,27.0
2012/08/14,27.0,27.2,26.6,26.8
2012/08/15,26.8,26.8,26.7,26.8
2012/08/16,26.8,27.3,26.8,27.2
2012/08/17,27.4,27.5,27.1,27.1
2012/08/20,27.1,27.3,26.8,26.8
2012/08/21,26.8,27.0,26.8,26.8
2012/08/22,26.8,27.2,26.8,27.0
2012/08/23,27.0,27.8,26.9,27.8
2012/08/24,27.8,27.8,27.5,27.6
2012/08/27,27.8,27.8,27.4,27.5
2012/08/28,27.5,27.5,26.8,26.9
2012/08/29,26.9,27.2,26.9,27.2
2012/08/30,27.2,27.6,27.0,27.3
2012/08/31,27.2,28.0,27.2,27.7
2012/09/03,28.0,28.8,27.7,28.5
2012/09/04,29.5,29.8,29.1,29.3
2012/09/05,29.4,30.2,29.0,30.0
2012/09/06,30.5,30.7,30.0,30.2
2012/09/07,30.7,30.8,29.8,30.1
2012/09/10,30.4,30.5,30.1,30.3
2012/09/11,30.3,30.3,29.6,29.8
2012/09/12,30.2,30.6,30.2,30.4
2012/09/13,31.0,31.7,31.0,31.0
2012/09/14,31.6,31.6,30.8,30.8
2012/09/17,31.0,31.2,30.4,30.8
2012/09/18,30.7,30.8,30.2,30.2
2012/09/19,30.4,30.6,30.4,30.5
2012/09/20,30.5,30.6,30.0,30.1
2012/09/21,30.4,30.5,30.1,30.1
2012/09/24,30.3,30.7,30.2,30.5
2012/09/25,30.6,31.1,30.5,30.8
2012/09/26,30.9,31.2,30.6,30.8
2012/09/27,30.8,31.0,30.5,30.6
2012/09/28,31.0,31.0,30.5,30.8
2012/10/01,31.0,31.0,30.6,30.7
2012/10/02,31.0,31.0,30.6,30.8
2012/10/03,30.9,31.5,30.8,31.0
2012/10/04,31.0,31.0,30.5,30.5
2012/10/05,30.8,31.0,30.3,30.4
2012/10/08,30.6,30.6,30.2,30.4
2012/10/09,30.7,30.7,29.2,29.3
2012/10/11,28.7,29.1,28.5,29.0
2012/10/12,29.2,29.5,29.0,29.2
2012/10/15,29.6,29.6,28.7,29.0
2012/10/16,29.1,29.2,29.0,29.2
2012/10/17,29.5,29.7,29.4,29.4
2012/10/18,29.4,30.0,29.3,29.8
2012/10/19,29.8,29.8,29.5,29.5
2012/10/22,28.8,29.3,28.8,29.3
2012/10/23,29.4,29.5,29.0,29.1
2012/10/24,28.8,29.2,28.8,29.2
2012/10/25,29.2,29.4,28.5,28.5
2012/10/26,28.5,28.8,27.5,27.8
2012/10/29,28.3,28.6,27.8,28.2
2012/10/30,28.5,29.0,28.4,28.9
2012/10/31,29.2,29.2,28.7,28.9
2012/11/01,28.8,29.3,28.5,29.0
2012/11/02,29.4,29.4,28.8,28.9
2012/11/05,28.8,29.0,28.7,28.8
2012/11/06,29.1,29.4,28.8,29.3
2012/11/07,29.2,29.4,29.0,29.2
2012/11/08,28.6,29.0,28.6,29.0
2012/11/09,28.9,29.2,28.7,29.0
2012/11/12,29.1,29.2,28.8,28.8
2012/11/13,28.8,28.8,28.5,28.5
2012/11/14,28.5,28.8,28.4,28.5
2012/11/15,28.5,28.8,28.4,28.7
2012/11/16,28.8,28.9,28.5,28.5
2012/11/19,28.8,28.8,28.4,28.4
2012/11/20,28.7,28.7,28.3,28.3
2012/11/21,28.4,28.5,27.7,27.8
2012/11/22,28.0,28.2,27.8,27.8
2012/11/23,28.1,28.6,28.0,28.6
2012/11/26,28.9,29.6,28.8,29.4
2012/11/27,29.4,29.4,29.1,29.2
2012/11/28,29.0,29.2,29.0,29.1
2012/11/29,29.4,29.5,29.2,29.4
2012/11/30,29.4,29.6,29.3,29.5
2012/12/03,29.6,30.1,29.5,29.9
2012/12/04,29.9,30.0,29.7,30.0
2012/12/05,30.0,30.2,29.8,29.9
2012/12/06,30.0,30.0,29.3,29.4
2012/12/07,29.3,29.5,29.2,29.2
2012/12/10,29.2,29.4,28.7,28.8
2012/12/11,28.8,28.8,28.2,28.5
2012/12/12,29.0,29.0,28.6,28.8
2012/12/13,29.0,29.0,28.8,29.0
2012/12/14,29.0,29.0,28.7,28.8
2012/12/17,28.8,28.9,28.6,28.8
2012/12/18,29.0,29.0,28.7,28.8
2012/12/19,28.8,29.2,28.8,29.0
2012/12/20,29.0,29.2,28.9,29.0
2012/12/21,29.0,29.1,28.6,28.6
2012/12/24,28.7,28.8,28.5,28.5
2012/12/25,28.8,28.8,28.5,28.6
2012/12/26,28.6,29.0,28.6,28.8
2012/12/27,28.8,29.0,28.5,28.7
2012/12/28,28.7,28.8,28.5,28.8
2013/01/02,29.0,29.1,28.8,29.0
2013/01/03,29.3,29.4,29.2,29.2
2013/01/04,29.1,29.1,28.9,29.0
2013/01/07,29.0,29.2,28.8,29.2
2013/01/08,29.2,29.4,29.1,29.2
2013/01/09,29.2,29.4,29.1,29.2
2013/01/10,29.2,29.6,29.2,29.5
2013/01/11,29.6,29.8,29.2,29.2
2013/01/14,29.2,29.2,29.0,29.2
2013/01/15,29.2,29.4,29.0,29.0
2013/01/16,29.0,29.7,29.0,29.6
2013/01/17,29.8,30.3,29.4,29.4
2013/01/18,29.6,30.0,29.6,29.8
2013/01/21,29.8,29.9,29.5,29.6
2013/01/22,29.6,30.0,29.6,29.8
2013/01/23,29.8,29.8,29.5,29.6
2013/01/24,29.7,29.7,29.2,29.3
2013/01/25,29.2,29.4,29.1,29.2
2013/01/28,29.2,29.3,29.1,29.2
2013/01/29,29.2,29.6,29.2,29.5
2013/01/30,29.6,29.6,29.5,29.6
2013/01/31,29.6,29.6,29.5,29.5
2013/02/01,29.6,30.2,29.5,30.1
2013/02/04,30.5,30.6,30.2,30.3
2013/02/05,30.1,30.2,30.0,30.2
2013/02/06,30.5,30.6,30.1,30.1
2013/02/18,30.6,30.7,30.2,30.4
2013/02/19,30.5,30.5,30.2,30.4
2013/02/20,30.5,30.8,30.3,30.5
2013/02/21,30.5,30.8,30.2,30.2
2013/02/22,30.2,30.3,30.0,30.2
2013/02/25,30.2,30.4,30.2,30.2
2013/02/26,30.0,30.1,29.9,30.0
2013/02/27,30.2,30.2,29.8,29.9
2013/03/01,30.1,30.4,30.0,30.0
2013/03/04,30.2,30.2,29.8,29.8
2013/03/05,29.8,30.2,29.8,30.0
2013/03/06,30.1,30.2,30.0,30.1
2013/03/07,30.2,30.6,30.0,30.2
2013/03/08,30.4,30.6,30.2,30.2
2013/03/11,30.3,30.8,30.3,30.5
2013/03/12,30.5,30.6,30.2,30.2
2013/03/13,30.3,30.5,30.2,30.2
2013/03/14,30.2,30.4,30.0,30.4
2013/03/15,30.4,30.5,30.0,30.0
2013/03/18,30.0,30.0,29.8,29.8
2013/03/19,29.8,30.0,29.8,30.0
2013/03/20,30.0,30.0,29.8,29.8
2013/03/21,29.9,30.2,29.8,29.9
2013/03/22,29.9,30.6,29.9,30.4
2013/03/25,30.4,30.6,30.4,30.6
2013/03/26,30.2,30.3,29.8,29.9
2013/03/27,30.1,30.1,29.8,29.9
2013/03/28,30.2,30.2,30.0,30.0
2013/03/29,30.2,30.2,29.9,30.0
2013/04/01,30.0,30.1,29.8,29.8
2013/04/02,29.8,29.8,29.6,29.6
2013/04/03,29.8,30.2,29.5,30.2
2013/04/08,29.7,29.8,29.5,29.6
2013/04/09,29.8,29.8,29.5,29.5
2013/04/10,29.8,29.8,29.5,29.6
2013/04/11,29.9,30.1,29.8,29.8
2013/04/12,29.8,30.0,29.6,29.7
2013/04/15,29.9,30.2,29.6,29.6
2013/04/16,29.4,29.8,29.4,29.6
2013/04/17,29.7,30.3,29.6,30.2
2013/04/18,30.2,30.6,30.1,30.3
2013/04/19,30.4,30.5,30.2,30.2
2013/04/22,30.4,30.4,30.0,30.1
2013/04/23,30.1,30.4,29.9,30.0
2013/04/24,30.2,30.2,30.0,30.0
2013/04/25,30.0,30.3,30.0,30.1
2013/04/26,30.2,30.2,29.9,29.9
2013/04/29,29.9,30.1,29.9,30.0
2013/04/30,30.2,30.5,30.1,30.2
2013/05/02,30.1,30.2,30.1,30.2
2013/05/03,30.3,30.3,30.1,30.1
2013/05/06,30.2,30.3,30.0,30.0
2013/05/07,30.2,30.2,30.0,30.2
2013/05/08,30.2,30.3,30.0,30.0
2013/05/09,30.2,30.3,30.1,30.2
2013/05/10,28.2,28.7,28.1,28.3
2013/05/13,28.3,28.4,27.8,28.0
2013/05/14,27.9,28.1,27.6,27.7
2013/05/15,27.7,27.8,27.6,27.8
2013/05/16,28.0,28.2,27.9,28.0
2013/05/17,28.0,28.0,27.8,27.8
2013/05/20,28.0,28.2,27.8,28.0
2013/05/21,28.2,28.2,27.9,28.0
2013/05/22,28.3,28.3,28.0,28.0
2013/05/23,28.0,28.1,27.8,27.8
2013/05/24,27.8,28.4,27.8,27.9
2013/05/27,28.1,28.2,28.0,28.0
2013/05/28,28.2,28.2,28.0,28.1
2013/05/29,28.2,28.3,28.2,28.2
2013/05/30,28.2,28.3,28.0,28.1
2013/05/31,28.2,28.3,28.0,28.2
2013/06/03,28.0,28.1,27.8,28.0
2013/06/04,28.0,28.1,28.0,28.0
2013/06/05,28.0,28.1,28.0,28.0
2013/06/06,27.8,28.0,27.8,28.0
2013/06/07,28.0,28.0,27.8,27.8
2013/06/10,28.1,28.2,28.0,28.0
2013/06/11,28.0,28.0,27.8,27.8
2013/06/13,27.7,27.7,27.4,27.4
2013/06/14,27.5,27.5,27.2,27.3
2013/06/17,27.3,27.7,27.3,27.7
2013/06/18,28.0,28.0,27.7,27.8
2013/06/19,28.0,28.0,27.8,27.8
2013/06/20,27.5,27.8,27.5,27.6
2013/06/21,27.3,27.4,26.4,26.4
2013/06/24,26.6,26.8,26.2,26.7
2013/06/25,26.6,26.6,25.9,26.0
2013/06/26,26.3,26.5,25.9,26.2
2013/06/27,26.4,26.4,26.2,26.2
2013/06/28,26.4,26.5,26.2,26.4
2013/07/01,26.4,27.0,26.4,26.9
2013/07/02,27.1,27.3,27.0,27.2
2013/07/03,27.2,27.2,26.9,27.1
2013/07/04,27.1,27.2,26.7,26.8
2013/07/05,26.8,27.0,26.7,26.8
2013/07/08,26.8,26.8,26.5,26.5
2013/07/09,26.5,26.8,26.5,26.5
2013/07/10,26.5,26.8,26.5,26.5
2013/07/11,26.7,26.7,26.5,26.6
2013/07/12,26.8,26.8,26.5,26.6
2013/07/15,26.6,26.8,26.5,26.5
2013/07/16,26.5,26.6,26.5,26.6
2013/07/17,26.6,27.3,26.6,27.2
2013/07/18,27.3,27.3,26.8,26.9
2013/07/19,26.8,26.8,26.6,26.7
2013/07/22,26.7,27.0,26.7,27.0
2013/07/23,27.0,27.4,27.0,27.4
2013/07/24,27.6,27.8,27.4,27.5
2013/07/25,27.5,27.6,27.5,27.5
2013/07/26,27.5,27.6,27.4,27.4
2013/07/29,27.4,27.8,27.3,27.3
2013/07/30,27.4,27.5,27.4,27.5
2013/07/31,27.5,27.6,27.0,27.1
2013/08/01,27.2,27.4,27.1,27.4
2013/08/02,27.6,27.6,27.2,27.3
2013/08/05,27.3,27.6,27.2,27.3
2013/08/06,27.3,27.5,27.2,27.2
2013/08/07,27.2,27.4,27.1,27.1
2013/08/08,27.2,27.3,27.0,27.1
2013/08/09,27.3,27.3,27.0,27.0
2013/08/12,27.0,27.0,26.8,26.8
2013/08/13,26.9,27.0,26.8,26.8
2013/08/14,26.9,27.0,26.7,26.9
2013/08/15,26.9,27.0,26.8,26.8
2013/08/16,26.6,27.0,26.5,26.8
2013/08/19,26.8,27.0,26.8,27.0
2013/08/20,27.0,27.0,26.8,26.8
2013/08/22,26.5,26.8,26.5,26.7
2013/08/23,26.8,27.0,26.7,26.8
2013/08/26,27.0,27.0,26.8,27.0
2013/08/27,27.0,27.0,26.6,26.6
2013/08/28,26.6,26.7,26.4,26.5
2013/08/29,24.9,25.1,24.8,24.8
2013/08/30,24.8,24.9,24.6,24.6
2013/09/02,24.6,24.8,24.6,24.6
2013/09/03,24.9,25.1,24.7,25.0
2013/09/04,25.0,25.6,24.8,25.6
2013/09/05,25.8,26.2,25.7,25.7
2013/09/06,25.7,25.8,25.4,25.4
2013/09/09,25.4,25.5,25.2,25.2
2013/09/10,25.5,25.5,25.0,25.1
2013/09/11,25.1,25.2,24.9,25.0
2013/09/12,25.0,25.2,25.0,25.0
2013/09/13,25.2,25.6,24.8,25.2
2013/09/16,25.0,25.2,25.0,25.2
2013/09/17,25.1,25.2,25.0,25.0
2013/09/18,25.0,25.2,25.0,25.0
2013/09/23,25.1,25.4,25.0,25.3
2013/09/24,25.4,25.5,25.1,25.2
2013/09/25,25.0,25.2,24.9,25.0
2013/09/26,24.9,25.0,24.7,24.8
2013/09/27,24.8,25.4,24.8,25.2
2013/09/30,25.1,25.1,24.8,25.0
2013/10/01,25.0,25.0,24.8,24.8
2013/10/02,25.0,25.0,24.8,24.8
2013/10/03,24.8,25.2,24.8,25.0
2013/10/04,25.2,25.3,25.1,25.1
2013/10/07,25.1,25.2,25.0,25.0
2013/10/08,25.0,25.0,24.8,24.8
2013/10/09,24.8,24.9,24.6,24.6
2013/10/11,24.8,24.8,24.3,24.4
2013/10/14,24.5,24.5,24.0,24.0
2013/10/15,24.0,24.2,24.0,24.0
2013/10/16,24.0,24.0,23.9,24.0
2013/10/17,24.0,24.2,23.9,24.0
2013/10/18,24.0,24.3,24.0,24.2
2013/10/21,24.2,24.2,23.9,24.0
2013/10/22,24.0,24.1,23.9,24.1
2013/10/23,24.1,24.2,23.9,24.0
2013/10/24,24.0,24.2,23.8,24.1
2013/10/25,24.1,24.5,24.0,24.4
2013/10/28,24.4,24.5,24.4,24.5
2013/10/29,24.5,24.5,24.2,24.5
2013/10/30,24.5,24.6,24.4,24.4
2013/10/31,24.5,24.5,24.2,24.3
2013/11/01,24.3,24.4,24.1,24.2
2013/11/04,24.4,24.4,24.1,24.1
2013/11/05,24.1,24.3,24.1,24.2
2013/11/06,24.0,24.2,24.0,24.1
2013/11/07,24.0,24.2,24.0,24.1
2013/11/08,24.1,24.3,24.1,24.2
2013/11/11,24.5,24.5,24.2,24.2
2013/11/12,24.2,24.4,24.0,24.1
2013/11/13,24.3,24.4,24.2,24.3
2013/11/14,24.5,25.2,24.4,25.0
2013/11/15,25.0,25.0,24.5,24.6
2013/11/18,24.8,24.8,24.5,24.5
2013/11/19,24.5,24.7,24.5,24.6
2013/11/20,24.8,24.8,24.6,24.7
2013/11/21,24.6,24.6,24.4,24.4
2013/11/22,24.4,24.8,24.4,24.5
2013/11/25,24.7,24.7,24.5,24.6
2013/11/26,24.6,24.8,24.6,24.7
2013/11/27,24.7,25.0,24.7,24.9
2013/11/28,25.2,25.5,25.0,25.3
2013/11/29,25.4,25.8,25.4,25.5
2013/12/02,25.6,25.7,25.4,25.6
2013/12/03,25.5,25.6,25.4,25.5
2013/12/04,25.5,25.5,25.3,25.5
2013/12/05,25.5,25.5,25.2,25.2
2013/12/06,25.3,25.5,25.2,25.4
2013/12/09,25.2,25.4,24.8,24.8
2013/12/10,24.8,24.9,24.7,24.8
2013/12/11,24.8,25.0,24.8,24.8
2013/12/12,24.8,25.0,24.6,24.8
2013/12/13,24.8,24.8,24.6,24.8
2013/12/16,24.7,24.8,24.5,24.5
2013/12/17,24.5,24.6,24.5,24.5
2013/12/18,24.6,24.7,24.5,24.7
2013/12/19,24.8,24.8,24.5,24.5
2013/12/20,24.5,24.6,24.5,24.5
2013/12/23,24.5,24.8,24.5,24.7
2013/12/24,24.8,24.8,24.6,24.6
2013/12/25,24.8,24.8,24.6,24.7
2013/12/26,24.7,25.0,24.7,24.9
2013/12/27,25.0,25.1,25.0,25.0
2013/12/30,25.2,25.2,25.0,25.0
2013/12/31,25.0,25.2,24.9,25.0
2014/01/02,25.0,25.3,25.0,25.2
2014/01/03,25.2,25.2,25.1,25.1
2014/01/06,25.2,25.7,25.2,25.5
2014/01/07,25.5,26.2,25.5,26.1
2014/01/08,26.2,26.6,26.2,26.5
2014/01/09,26.5,26.8,26.0,26.2
2014/01/10,26.2,26.4,26.0,26.1
2014/01/13,26.2,26.5,26.2,26.5
2014/01/14,26.5,26.5,26.2,26.2
2014/01/15,26.5,26.5,26.3,26.3
2014/01/16,26.5,26.9,26.5,26.6
2014/01/17,26.7,26.8,26.4,26.5
2014/01/20,26.5,26.7,26.4,26.4
2014/01/21,26.4,26.6,26.3,26.5
2014/01/22,26.5,26.8,26.5,26.5
2014/01/23,26.7,26.7,26.5,26.5
2014/01/24,26.5,26.6,26.2,26.4
2014/01/27,26.0,26.2,26.0,26.0
2014/02/05,25.6,26.1,25.5,26.0
2014/02/06,26.3,26.7,26.1,26.5
2014/02/07,26.8,27.6,26.7,27.5
2014/02/10,27.7,27.8,27.2,27.4
2014/02/11,27.4,27.5,27.1,27.3
2014/02/12,27.5,28.1,27.5,27.5
2014/02/13,27.6,27.6,27.2,27.2
2014/02/14,27.4,27.5,26.8,26.8
2014/02/17,27.0,27.1,26.8,26.8
2014/02/18,26.9,27.4,26.8,27.1
2014/02/19,27.0,27.2,26.8,27.0
2014/02/20,27.0,27.8,26.8,27.6
2014/02/21,27.8,28.0,27.6,27.6
2014/02/24,27.8,27.8,27.2,27.2
2014/02/25,27.2,27.4,27.0,27.2
2014/02/26,27.2,27.4,27.1,27.1
2014/02/27,27.2,27.3,27.1,27.2
2014/03/03,27.2,27.2,26.9,27.0
2014/03/04,26.9,27.0,26.7,26.8
2014/03/05,26.9,27.1,26.9,27.1
2014/03/06,27.0,27.1,26.8,27.0
2014/03/07,27.0,27.2,26.8,26.8
2014/03/10,26.9,26.9,26.8,26.8
2014/03/11,27.0,27.2,26.8,27.0
2014/03/12,27.0,27.5,27.0,27.1
2014/03/13,27.0,27.2,27.0,27.2
2014/03/14,26.8,27.0,26.8,26.8
2014/03/17,27.0,27.0,26.8,27.0
2014/03/18,27.2,27.3,26.8,27.0
2014/03/19,27.0,27.0,26.6,26.8
2014/03/20,26.8,26.8,26.6,26.8
2014/03/21,26.8,27.0,26.6,26.8
2014/03/24,26.6,26.8,26.3,26.6
2014/03/25,26.6,27.5,26.6,27.4
2014/03/26,27.8,27.8,27.4,27.5
2014/03/27,27.5,27.5,27.2,27.4
2014/03/28,27.3,27.5,27.2,27.3
2014/03/31,27.4,27.8,27.4,27.7
2014/04/01,28.0,28.2,27.8,28.0
2014/04/02,28.0,28.2,27.8,28.0
2014/04/03,27.8,28.1,27.8,28.1
2014/04/07,28.1,28.1,27.8,28.0
2014/04/08,27.9,28.1,27.8,28.1
2014/04/09,28.2,28.5,28.2,28.3
2014/04/10,28.3,28.4,28.0,28.0
2014/04/11,27.8,28.2,27.6,27.6
2014/04/14,27.6,27.8,27.5,27.8
2014/04/15,27.9,28.3,27.8,27.9
2014/04/16,28.0,28.6,27.8,28.4
2014/04/17,28.5,28.5,28.1,28.1
2014/04/18,28.2,28.2,28.0,28.1
2014/04/21,28.1,28.1,27.9,27.9
2014/04/22,28.0,28.0,27.7,27.9
2014/04/23,28.2,28.2,27.8,27.9
2014/04/24,27.9,28.1,27.8,27.9
2014/04/25,27.9,28.0,26.5,27.2
2014/04/28,26.8,27.1,26.6,27.1
2014/04/29,26.9,27.4,26.9,27.1
2014/04/30,27.4,27.4,27.0,27.0
2014/05/02,27.0,27.3,27.0,27.3
2014/05/05,27.3,27.4,27.2,27.2
2014/05/06,27.3,27.4,27.2,27.3
2014/05/07,27.3,27.4,27.2,27.2
2014/05/08,27.3,27.4,27.2,27.2
2014/05/09,27.2,27.2,27.0,27.1
2014/05/12,28.3,28.4,27.9,28.2
2014/05/13,28.4,28.4,27.7,27.8
2014/05/14,27.9,27.9,27.6,27.8
2014/05/15,27.8,28.4,27.8,28.4
2014/05/16,28.4,28.6,28.1,28.2
2014/05/19,28.2,28.2,28.0,28.1
2014/05/20,28.2,28.5,28.1,28.1
2014/05/21,28.4,28.5,28.1,28.1
2014/05/22,28.4,29.0,28.3,28.8
2014/05/23,28.8,28.8,28.5,28.6
2014/05/26,28.8,28.8,28.5,28.5
2014/05/27,28.5,28.7,28.4,28.4
2014/05/28,28.5,28.7,28.4,28.6
2014/05/29,28.6,28.8,28.5,28.5
2014/05/30,28.5,28.8,28.5,28.6
2014/06/03,28.6,28.7,28.3,28.5
2014/06/04,28.5,28.8,28.5,28.5
2014/06/05,28.5,28.7,28.5,28.7
2014/06/06,28.8,29.4,28.8,29.0
2014/06/09,29.0,29.4,28.8,29.2
2014/06/10,29.4,29.5,29.2,29.3
2014/06/11,29.4,30.2,29.3,30.2
2014/06/12,30.2,30.3,30.0,30.0
2014/06/13,30.0,30.0,29.7,29.9
2014/06/16,30.2,30.2,30.0,30.0
2014/06/17,30.1,30.2,29.6,29.7
2014/06/18,29.7,30.0,29.4,29.7
2014/06/19,29.7,30.1,29.6,29.9
2014/06/20,30.0,30.5,29.9,30.1
2014/06/23,30.2,30.4,29.3,29.5
2014/06/24,29.7,30.0,29.5,29.9
2014/06/25,30.0,30.6,29.9,30.2
2014/06/26,30.5,30.6,30.3,30.4
2014/06/27,30.4,30.6,30.1,30.1
2014/06/30,30.4,30.4,30.1,30.2
2014/07/01,30.2,31.2,30.2,31.0
2014/07/02,31.6,32.5,31.0,31.4
2014/07/03,32.4,32.4,31.8,32.0
2014/07/04,32.0,32.2,31.6,31.7
2014/07/07,31.6,31.6,30.8,31.4
2014/07/08,31.5,32.0,31.5,31.8
2014/07/09,31.8,32.5,31.8,32.2
2014/07/10,32.5,32.5,31.9,32.0
2014/07/11,32.0,32.3,30.8,31.2
2014/07/14,31.9,32.7,31.9,32.6
2014/07/15,33.0,34.0,33.0,33.8
2014/07/16,34.6,35.8,34.2,34.7
2014/07/17,34.6,35.8,34.1,35.0
2014/07/18,34.5,35.2,34.3,34.7
2014/07/21,35.0,35.8,34.8,35.2
2014/07/22,35.7,36.2,35.2,35.2
2014/07/24,35.3,35.5,34.5,34.8
2014/07/25,35.3,35.3,34.8,34.8
2014/07/28,35.0,35.5,34.6,34.8
2014/07/29,35.0,35.2,32.9,33.3
2014/07/30,33.5,34.0,33.5,34.0
2014/07/31,34.3,34.6,33.8,34.5
2014/08/01,33.2,35.0,33.2,35.0
2014/08/04,35.5,35.8,35.1,35.2
2014/08/05,35.5,35.5,34.5,34.6
2014/08/06,34.6,35.2,34.0,34.8
2014/08/07,35.3,35.4,34.3,34.5
2014/08/08,34.5,34.7,33.4,34.0
2014/08/11,34.2,35.5,34.2,35.2
2014/08/12,35.7,36.5,35.2,35.4
2014/08/13,35.6,36.3,35.6,35.8
2014/08/14,36.4,36.4,35.6,35.6
2014/08/15,35.8,35.9,35.3,35.7
2014/08/18,36.0,36.0,35.3,35.8
2014/08/19,36.0,36.2,35.7,35.7
2014/08/20,36.0,36.0,35.2,35.3
2014/08/21,35.3,35.3,34.2,34.9
2014/08/22,35.0,35.0,34.8,35.0
2014/08/25,35.0,35.0,34.3,34.5
2014/08/26,34.5,35.1,34.5,35.0
2014/08/27,35.1,35.6,35.1,35.4
2014/08/28,34.3,34.5,34.2,34.2
2014/08/29,34.2,34.7,34.2,34.3
2014/09/01,34.5,34.7,34.4,34.5
2014/09/02,34.7,34.7,33.8,33.8
2014/09/03,34.0,34.2,33.8,33.8
2014/09/04,34.2,34.2,33.8,33.8
2014/09/05,34.0,34.5,33.9,34.0
2014/09/09,34.4,34.5,33.9,34.1
2014/09/10,33.8,34.0,33.5,33.8
2014/09/11,34.0,34.0,33.6,33.6
2014/09/12,33.7,33.8,32.7,32.7
2014/09/15,32.4,32.8,32.0,32.2
2014/09/16,32.2,32.5,32.1,32.3
2014/09/17,32.4,32.8,32.3,32.6
2014/09/18,32.8,33.5,32.8,33.5
2014/09/19,33.7,34.0,33.7,34.0
2014/09/22,34.0,34.0,33.5,33.7
2014/09/23,33.8,34.0,33.5,33.8
2014/09/24,33.8,33.8,33.7,33.8
2014/09/25,34.0,34.2,33.0,33.5
2014/09/26,33.0,33.5,32.8,33.2
2014/09/29,33.5,34.0,33.4,33.8
2014/09/30,34.0,34.1,33.5,33.9
2014/10/01,33.7,34.2,33.7,33.9
2014/10/02,33.7,34.3,33.7,34.3
2014/10/03,34.6,35.2,34.6,34.6
2014/10/06,35.2,35.2,34.8,34.9
2014/10/07,34.9,35.7,34.6,35.5
2014/10/08,35.4,35.8,35.1,35.3
2014/10/09,35.8,35.9,34.7,34.7
2014/10/13,33.8,34.3,33.2,33.2
2014/10/14,33.2,34.5,33.2,34.4
2014/10/15,34.4,34.6,32.8,33.5
2014/10/16,33.3,33.7,32.0,33.5
2014/10/17,33.9,33.9,32.7,32.8
2014/10/20,33.5,34.2,33.1,34.0
2014/10/21,34.2,34.7,34.0,34.2
2014/10/22,34.9,34.9,34.2,34.5
2014/10/23,34.5,35.3,34.5,35.2
2014/10/24,35.3,35.3,34.3,34.3
2014/10/27,34.5,34.6,32.8,33.0
2014/10/28,33.6,34.4,33.3,34.4
2014/10/29,34.8,35.2,34.6,35.2
2014/10/30,35.2,35.4,34.8,35.0
2014/10/31,35.3,35.8,35.2,35.8
2014/11/03,36.0,36.1,35.4,35.9
2014/11/04,35.9,36.8,35.6,36.4
2014/11/05,37.6,38.0,37.0,37.2
2014/11/06,36.8,37.0,35.8,35.9
2014/11/07,35.9,36.5,35.8,36.3
2014/11/10,36.5,36.7,36.2,36.2
2014/11/11,37.0,37.5,36.5,37.1
2014/11/12,37.3,37.4,36.8,37.1
2014/11/13,37.2,37.3,36.8,36.9
2014/11/14,37.4,37.7,37.0,37.4
2014/11/17,38.0,38.3,37.3,37.8
2014/11/18,38.1,38.1,36.7,37.0
2014/11/19,37.1,37.8,37.1,37.5
2014/11/20,38.0,38.6,37.8,38.3
2014/11/21,38.6,38.6,37.9,38.0
2014/11/24,38.5,38.5,37.5,37.6
2014/11/25,37.7,37.9,37.5,37.5
2014/11/26,37.8,38.2,37.7,37.8
2014/11/27,38.2,38.2,37.8,37.8
2014/11/28,38.0,38.3,37.9,37.9
2014/12/01,36.9,38.2,36.8,38.2
2014/12/02,38.2,38.2,37.5,37.8
2014/12/03,38.3,40.5,38.0,39.8
2014/12/04,40.0,40.3,39.2,39.7
2014/12/05,40.0,41.5,39.7,41.4
2014/12/08,42.0,42.1,40.4,40.4
2014/12/09,40.3,40.9,39.6,40.5
2014/12/10,40.3,40.5,39.7,40.1
2014/12/11,39.8,40.9,39.5,40.1
2014/12/12,40.7,40.8,40.1,40.1
2014/12/15,39.8,40.2,39.7,40.1
2014/12/16,40.1,40.4,39.7,39.7
2014/12/17,39.8,40.0,39.2,39.3
2014/12/18,39.6,40.2,39.3,39.6
2014/12/19,40.3,40.3,39.4,39.4
2014/12/22,39.6,40.2,39.6,39.8
2014/12/23,40.1,41.0,40.0,40.8
2014/12/24,40.8,41.2,40.5,40.8
2014/12/25,40.8,40.8,40.0,40.3
2014/12/26,40.3,40.5,40.1,40.3
2014/12/29,40.5,40.6,40.3,40.4
2014/12/30,40.5,40.7,40.4,40.5
2014/12/31,40.5,41.4,40.5,40.9
2015/01/05,41.2,41.2,40.6,40.8
2015/01/06,40.1,40.3,39.4,39.7
2015/01/07,39.7,39.7,39.3,39.4
2015/01/08,39.5,39.8,39.2,39.3
2015/01/09,40.5,41.3,40.1,41.0
2015/01/12,41.0,41.9,40.8,40.8
2015/01/13,40.5,41.6,40.4,41.0
2015/01/14,41.2,41.3,40.6,40.8
2015/01/15,40.9,41.9,40.6,40.9
2015/01/16,40.9,41.4,40.5,40.8
2015/01/19,41.0,41.1,40.6,40.7
2015/01/20,41.0,41.4,40.8,41.2
2015/01/21,41.3,41.3,40.8,40.9
2015/01/22,41.2,42.8,40.9,42.8
2015/01/23,43.3,43.3,42.1,42.1
2015/01/26,42.1,42.3,41.8,42.2
2015/01/27,42.2,43.2,42.2,42.6
2015/01/28,42.5,42.9,42.3,42.6
2015/01/29,42.5,42.5,41.5,42.0
2015/01/30,42.1,42.8,42.0,42.7
2015/02/02,42.2,42.4,41.2,41.8
2015/02/03,42.0,42.4,41.8,41.9
2015/02/04,42.2,42.5,42.0,42.3
2015/02/05,42.7,43.3,42.5,43.1
2015/02/06,43.3,43.8,42.8,42.8
2015/02/09,42.8,43.2,42.7,42.9
2015/02/10,43.5,44.3,43.2,43.7
2015/02/11,44.3,44.3,43.3,43.7
2015/02/12,44.0,44.2,43.8,43.9
2015/02/13,44.0,44.3,43.8,43.8
2015/02/24,44.6,45.7,44.2,45.5
2015/02/25,45.8,45.9,45.0,45.5
2015/02/26,45.0,45.2,44.3,44.5
2015/03/02,44.5,44.5,43.3,44.0
2015/03/03,44.0,44.6,44.0,44.2
2015/03/04,44.2,44.3,43.8,44.0
2015/03/05,44.0,46.7,44.0,46.4
2015/03/06,46.8,47.2,46.0,46.1
2015/03/09,46.0,47.6,45.8,47.6
2015/03/10,48.5,50.5,48.5,49.0
2015/03/11,49.0,49.9,48.6,49.7
2015/03/12,50.0,50.5,49.7,50.0
2015/03/13,50.2,53.0,50.0,52.4
2015/03/16,52.6,54.8,51.7,54.7
2015/03/17,55.0,55.8,52.5,53.2
2015/03/18,53.5,54.3,53.0,53.6
2015/03/19,54.0,55.5,53.1,53.8
2015/03/20,53.8,55.0,53.2,54.0
2015/03/23,54.2,56.5,54.2,55.4
2015/03/24,55.4,55.4,54.2,54.3
2015/03/25,56.0,57.1,54.8,55.4
2015/03/26,55.0,55.3,53.7,55.1
2015/03/27,54.7,55.0,52.5,54.6
2015/03/30,55.0,55.2,52.5,53.1
2015/03/31,53.6,54.8,53.6,53.6
2015/04/01,53.3,54.6,52.8,54.4
2015/04/02,54.4,54.8,53.7,54.7
2015/04/07,54.7,56.1,54.3,55.1
2015/04/08,55.0,55.7,53.3,53.4
2015/04/09,53.5,54.2,51.1,51.1
2015/04/10,52.4,52.4,49.8,50.5
2015/04/13,51.0,52.6,50.4,52.6
2015/04/14,52.4,54.3,52.1,53.8
2015/04/15,53.1,53.5,51.9,52.1
2015/04/16,52.8,53.4,51.7,52.1
2015/04/17,52.1,52.3,51.1,51.2
2015/04/20,51.2,51.6,50.7,51.4
2015/04/21,51.5,51.6,48.0,49.2
2015/04/22,49.2,50.7,48.7,50.7
2015/04/23,51.4,52.0,50.8,51.1
2015/04/24,51.1,51.2,50.0,50.5
2015/04/27,50.7,52.5,50.5,52.5
2015/04/28,52.9,52.9,51.8,52.2
2015/04/29,52.4,52.4,50.7,51.5
2015/04/30,51.2,51.4,50.4,51.2
2015/05/04,51.2,52.7,51.0,52.1
2015/05/05,52.0,52.0,50.7,51.4
2015/05/06,51.2,51.8,50.6,51.7
2015/05/07,55.3,55.3,54.6,55.3
2015/05/08,55.2,55.2,53.2,53.2
2015/05/11,54.0,54.2,51.8,53.0
2015/05/12,53.3,56.3,53.0,56.3
2015/05/13,56.3,57.4,55.3,55.6
2015/05/14,55.6,55.9,53.9,54.2
2015/05/15,54.7,54.9,53.6,54.5
2015/05/18,54.8,54.8,53.9,54.1
2015/05/19,54.3,57.8,54.2,57.0
2015/05/20,56.7,56.8,55.8,56.4
2015/05/21,56.0,56.3,55.3,55.4
2015/05/22,55.1,56.5,55.1,55.1
2015/05/25,55.1,55.6,54.1,54.2
2015/05/26,54.5,54.6,52.6,52.8
2015/05/27,52.6,54.4,52.5,54.4
2015/05/28,55.0,55.0,53.7,53.8
2015/05/29,53.8,54.7,53.1,53.1
2015/06/01,53.3,54.0,53.1,54.0
2015/06/02,54.5,56.0,54.1,54.5
2015/06/03,54.5,54.7,53.0,53.0
2015/06/04,53.2,53.4,49.2,50.5
2015/06/05,51.0,52.0,49.7,51.7
2015/06/08,51.7,52.2,50.8,51.5
2015/06/09,51.5,51.5,48.8,49.1
2015/06/10,49.7,50.4,49.5,49.9
2015/06/11,50.4,50.4,49.1,49.3
2015/06/12,49.0,49.5,48.2,48.6
2015/06/15,48.5,48.5,46.8,47.0
2015/06/16,47.0,47.0,44.3,46.7
2015/06/17,46.7,47.0,45.8,46.1
2015/06/18,46.5,50.7,46.4,50.7
2015/06/22,51.9,53.9,51.5,52.8
2015/06/23,53.3,53.6,52.5,52.5
2015/06/24,53.2,55.2,52.6,53.8
2015/06/25,54.8,55.3,54.2,54.5
2015/06/26,55.3,59.2,55.0,58.6
2015/06/29,58.6,62.3,57.2,60.0
2015/06/30,61.0,62.8,60.1,60.1
2015/07/01,60.1,61.4,58.8,60.0
2015/07/02,61.5,65.6,61.2,64.9
2015/07/03,65.3,65.9,63.3,63.5
2015/07/06,62.0,64.3,61.8,61.8
2015/07/07,62.8,65.4,61.0,63.7
2015/07/08,63.8,63.9,59.7,60.5
2015/07/09,58.5,62.4,56.8,61.4
2015/07/13,63.0,63.5,61.6,62.1
2015/07/14,63.0,65.3,62.3,63.5
2015/07/15,64.5,65.5,63.6,65.4
2015/07/16,66.6,69.9,66.5,69.0
2015/07/17,69.3,69.3,66.0,66.1
2015/07/20,67.1,68.5,66.2,66.5
2015/07/21,67.0,67.0,63.4,64.7
2015/07/22,63.5,65.7,63.2,64.5
2015/07/23,64.6,65.6,61.6,63.3
2015/07/24,63.8,63.9,60.4,60.6
2015/07/27,60.0,61.1,58.5,59.3
2015/07/28,59.3,62.0,58.8,61.5
2015/07/29,62.8,64.9,61.1,64.0
2015/07/30,64.7,65.8,62.7,63.0
2015/07/31,63.9,65.6,63.6,65.0
2015/08/03,64.5,66.2,63.3,64.5
2015/08/04,65.4,67.8,63.8,64.5
2015/08/05,65.0,69.0,64.2,69.0
2015/08/06,71.3,72.1,69.1,69.5
2015/08/07,68.2,71.9,68.1,71.9
2015/08/10,71.6,76.6,71.5,75.9
2015/08/11,76.3,77.4,71.8,71.8
2015/08/12,71.2,73.4,69.4,71.0
2015/08/13,72.3,75.0,72.3,75.0
2015/08/14,75.2,75.4,72.3,72.5
2015/08/17,72.0,73.7,71.3,72.2
2015/08/18,73.0,74.9,72.6,72.8
2015/08/19,73.2,73.5,70.1,70.8
2015/08/20,71.5,72.4,69.4,70.8
2015/08/21,69.9,70.4,68.8,70.0
2015/08/24,69.0,69.5,63.0,63.0
2015/08/25,60.2,69.0,60.0,68.6
2015/08/26,68.6,72.0,67.0,71.7
2015/08/27,71.9,72.4,68.1,68.8
2015/08/28,70.0,72.0,68.8,69.1
2015/08/31,69.4,71.3,68.5,71.0
2015/09/01,70.9,73.0,70.8,71.1
2015/09/02,70.3,71.2,69.8,71.0
2015/09/03,72.0,74.6,71.7,73.0
2015/09/04,73.6,74.4,70.0,70.2
2015/09/07,69.9,71.0,69.2,70.0
2015/09/08,71.8,72.5,69.9,70.2
2015/09/09,71.7,72.8,70.6,72.7
2015/09/10,72.5,74.5,71.8,72.7
2015/09/11,73.8,76.0,73.3,75.1
2015/09/14,76.0,76.2,73.4,73.4
2015/09/15,74.0,74.0,70.7,71.1
2015/09/16,72.2,72.5,70.5,70.7
2015/09/17,71.7,72.0,70.8,70.8
2015/09/18,71.3,73.5,70.5,71.9
2015/09/21,71.9,74.2,71.5,73.4
2015/09/22,74.3,75.9,74.0,74.5
2015/09/23,73.6,74.4,72.1,72.3
2015/09/24,72.7,73.2,69.8,71.9
2015/09/25,72.0,72.5,70.7,71.5
2015/09/30,70.8,72.4,70.4,72.4
2015/10/01,73.4,75.0,73.0,73.5
2015/10/02,73.5,74.5,72.7,73.2
2015/10/05,73.5,74.3,73.0,73.4
2015/10/06,74.0,76.4,72.0,72.0
2015/10/07,73.5,73.6,72.5,72.5
2015/10/08,73.1,74.5,72.2,72.2
2015/10/12,72.9,74.4,72.2,72.2
2015/10/13,72.6,73.0,71.5,72.3
2015/10/14,72.4,72.9,71.6,71.6
2015/10/15,72.0,72.1,70.5,70.7
2015/10/16,71.0,71.8,68.0,68.3
2015/10/19,68.3,69.4,66.5,67.2
2015/10/20,68.1,69.3,67.1,68.5
2015/10/21,68.8,69.0,67.6,67.8
2015/10/22,67.8,68.1,67.0,67.7
2015/10/23,68.3,68.7,67.1,67.2
2015/10/26,67.6,68.3,67.3,68.2
2015/10/27,68.2,68.2,64.0,65.3
2015/10/28,65.5,66.5,65.4,66.2
2015/10/29,67.0,67.0,64.9,65.0
2015/10/30,65.0,67.2,64.5,66.7
2015/11/02,66.5,66.9,65.3,66.4
2015/11/03,66.8,70.7,66.6,69.6
2015/11/04,69.6,69.8,68.8,68.8
2015/11/05,71.6,72.5,70.5,71.0
2015/11/06,71.2,71.5,70.0,70.2
2015/11/09,69.6,69.7,66.9,67.2
2015/11/10,67.1,67.8,66.0,66.3
2015/11/11,66.6,66.8,63.5,64.0
2015/11/12,64.0,65.1,63.6,64.7
2015/11/13,63.2,64.7,63.2,64.2
2015/11/16,63.0,64.9,63.0,64.7
2015/11/17,65.5,66.4,65.1,65.8
2015/11/18,66.0,66.1,64.2,64.5
2015/11/19,65.5,66.3,64.7,66.3
2015/11/20,66.6,66.7,65.1,65.3
2015/11/23,65.5,65.8,64.5,64.7
2015/11/24,64.9,65.2,63.1,63.5
2015/11/25,63.3,63.7,61.6,62.0
2015/11/26,62.0,64.2,62.0,63.8
2015/11/27,64.3,64.4,62.7,63.0
2015/11/30,63.0,64.0,62.3,63.5
2015/12/01,64.3,65.3,64.0,65.3
2015/12/02,65.8,65.8,64.0,64.1
2015/12/03,63.8,65.5,63.6,65.0
2015/12/04,63.8,64.4,63.0,63.4
2015/12/07,63.8,64.6,63.5,63.6
2015/12/08,61.9,61.9,58.0,58.0
2015/12/09,56.8,58.8,56.8,57.6
2015/12/10,57.7,58.5,54.0,55.5
2015/12/11,56.0,57.0,54.1,54.5
2015/12/14,54.5,55.8,53.5,55.3
2015/12/15,55.9,56.5,54.3,54.3
2015/12/16,55.0,55.2,53.8,54.1
2015/12/17,54.8,56.9,54.4,56.9
2015/12/18,56.8,56.8,55.4,55.4
2015/12/21,54.8,56.0,54.6,55.7
2015/12/22,56.0,56.4,55.4,55.5
2015/12/23,56.3,58.8,56.1,57.6
2015/12/24,57.6,58.3,56.3,56.4
2015/12/25,56.6,58.0,56.5,57.9
2015/12/28,58.8,60.2,58.2,59.0
2015/12/29,59.9,60.1,58.1,58.6
2015/12/30,59.0,59.5,56.7,57.0
2015/12/31,57.2,57.9,56.8,57.5
2016/01/05,58.1,58.1,56.4,56.4
2016/01/06,56.7,57.2,55.4,56.0
2016/01/07,56.0,56.9,53.6,54.1
2016/01/08,54.1,56.2,54.1,56.2
2016/01/11,55.8,55.8,54.2,54.3
2016/01/12,55.3,55.3,51.0,51.5
2016/01/13,52.7,52.9,51.3,52.0
2016/01/14,51.3,52.6,50.5,51.9
2016/01/15,52.7,52.8,50.8,50.9
2016/01/18,49.9,53.4,49.8,53.0
2016/01/19,52.8,53.5,52.1,53.0
2016/01/20,52.5,52.8,51.9,52.2
2016/01/21,52.3,53.0,51.9,52.4
2016/01/22,53.3,53.4,51.7,52.2
2016/01/25,53.1,53.4,52.5,53.2
2016/01/26,52.9,53.0,52.3,52.5
2016/01/27,53.0,53.0,52.0,52.2
2016/01/28,52.2,52.6,51.9,52.3
2016/01/29,52.6,57.5,52.5,57.5
2016/02/01,57.3,58.3,56.5,56.5
2016/02/02,56.5,57.1,55.7,57.1
2016/02/03,57.6,58.7,57.4,57.4
2016/02/15,55.3,57.4,55.3,56.3
2016/02/16,56.4,58.0,56.4,56.9
2016/02/17,57.2,57.4,56.5,56.6
2016/02/18,57.1,57.5,56.6,57.0
2016/02/19,57.0,60.4,57.0,59.2
2016/02/22,59.0,59.7,57.5,58.3
2016/02/23,58.9,59.5,58.4,59.0
2016/02/24,58.9,60.9,58.4,59.3
2016/02/25,59.0,60.7,59.0,59.8
2016/02/26,60.4,60.9,59.8,60.5
2016/03/01,60.9,61.3,60.3,60.9
2016/03/02,61.8,62.9,61.6,61.6
2016/03/03,61.8,62.3,60.2,60.6
2016/03/04,60.9,61.3,60.3,60.9
2016/03/07,61.2,61.2,58.8,58.8
2016/03/08,58.2,58.3,56.6,57.3
2016/03/09,57.2,57.2,56.3,56.5
2016/03/10,56.9,57.4,56.3,57.4
2016/03/11,57.4,57.4,56.4,57.0
2016/03/14,57.1,57.4,55.9,56.1
2016/03/15,56.4,56.4,55.0,55.0
2016/03/16,55.0,55.6,54.2,54.5
2016/03/17,54.5,55.3,54.5,54.5
2016/03/18,54.6,56.2,54.6,56.2
2016/03/21,56.3,57.5,55.3,56.3
2016/03/22,56.5,57.3,55.6,56.6
2016/03/23,56.6,58.1,56.6,57.7
2016/03/24,59.9,60.5,58.6,59.0
2016/03/25,59.6,59.7,58.1,58.2
2016/03/28,58.5,59.7,57.6,59.7
2016/03/29,60.5,61.1,59.1,59.2
2016/03/30,60.2,60.4,59.3,60.0
2016/03/31,61.1,61.8,60.4,61.3
2016/04/01,61.5,61.8,60.6,60.9
2016/04/06,60.9,61.4,59.7,61.3
2016/04/07,61.3,61.3,60.0,60.0
2016/04/08,59.7,60.0,58.7,59.1
2016/04/11,58.8,59.9,58.3,59.2
2016/04/12,59.3,59.6,57.7,57.7
2016/04/13,58.0,60.0,58.0,59.3
2016/04/14,59.9,59.9,59.3,59.6
2016/04/15,59.5,59.7,59.0,59.4
2016/04/18,59.2,59.2,58.5,58.5
2016/04/19,58.9,60.4,58.7,59.8
2016/04/20,59.8,60.1,58.2,58.5
2016/04/21,58.8,59.1,58.2,58.6
2016/04/22,58.6,58.8,57.5,57.5
2016/04/25,57.5,57.6,56.2,57.2
2016/04/26,57.2,57.6,56.8,57.3
2016/04/27,57.5,58.4,56.7,58.2
2016/04/28,58.3,58.5,57.1,57.1
2016/04/29,58.2,58.9,57.6,57.6
2016/05/03,58.1,58.1,57.1,57.6
2016/05/04,57.6,59.5,57.4,58.9
2016/05/05,59.0,59.3,58.2,58.9
2016/05/06,58.8,58.8,57.2,57.6
2016/05/09,58.6,60.0,58.3,58.7
2016/05/10,59.6,60.6,59.0,60.1
2016/05/11,60.5,62.1,59.9,61.9
2016/05/12,62.5,63.8,60.7,61.0
2016/05/13,61.5,63.0,60.1,63.0
2016/05/16,63.0,64.8,62.3,63.6
2016/05/17,63.8,64.5,63.0,63.3
2016/05/18,63.0,63.7,62.0,62.0
2016/05/19,62.6,63.2,62.0,62.3
2016/05/20,62.3,63.7,62.0,63.3
2016/05/23,63.8,65.5,63.5,65.0
2016/05/24,65.4,66.5,64.3,65.7
2016/05/25,66.4,66.4,65.1,65.1
2016/05/26,65.4,65.5,64.2,64.9
2016/05/27,65.5,66.0,64.9,65.1
2016/05/30,65.5,66.0,64.5,65.8
2016/05/31,65.8,65.8,64.8,65.7
2016/06/01,65.7,67.4,65.4,66.7
2016/06/02,66.8,66.8,66.1,66.2
2016/06/03,66.5,66.7,64.8,64.9
2016/06/06,64.9,65.4,64.3,64.4
2016/06/07,65.4,66.5,65.2,66.1
2016/06/08,66.1,66.2,65.4,65.7
2016/06/13,65.5,65.9,64.7,65.9
2016/06/14,66.0,67.6,65.9,67.0
2016/06/15,67.0,67.3,66.2,67.2
2016/06/16,67.2,69.5,67.1,68.8
2016/06/17,69.8,71.0,69.5,71.0
2016/06/20,71.1,72.1,70.5,71.2
2016/06/21,71.6,73.2,70.9,71.7
2016/06/22,72.0,72.6,71.4,72.6
2016/06/23,73.0,73.3,72.0,72.0
2016/06/24,72.7,73.6,70.3,71.3
2016/06/27,71.3,73.0,70.8,71.5
2016/06/28,71.0,71.8,70.6,71.7
2016/06/29,72.6,74.9,72.4,74.8
2016/06/30,75.2,75.4,74.3,75.2
2016/07/01,75.3,75.3,74.0,74.5
2016/07/04,74.0,75.0,73.2,75.0
2016/07/05,74.9,75.0,73.9,74.0
2016/07/06,73.6,73.7,72.1,72.2
2016/07/07,72.7,73.5,72.1,72.3
2016/07/11,73.1,75.2,72.8,74.5
2016/07/12,75.0,75.7,74.0,74.0
2016/07/13,74.0,75.5,73.6,74.0
2016/07/14,74.0,74.7,73.7,73.8
2016/07/15,74.0,74.7,73.8,74.0
2016/07/18,74.0,74.6,73.1,73.1
2016/07/19,73.1,73.6,70.7,71.3
2016/07/20,71.3,72.4,70.5,72.0
2016/07/21,72.2,74.4,71.7,73.7
2016/07/22,73.7,74.3,72.8,72.8
2016/07/25,73.5,73.5,71.1,71.4
2016/07/26,71.4,71.7,70.9,71.7
2016/07/27,72.2,72.7,71.4,72.1
2016/07/28,72.0,73.4,72.0,73.1
2016/07/29,73.1,73.3,71.6,72.5
2016/08/01,72.7,74.2,71.8,73.9
2016/08/02,74.0,74.0,72.9,73.0
2016/08/03,74.4,79.5,74.2,78.9
2016/08/04,80.1,80.2,78.1,78.3
2016/08/05,79.0,81.8,78.3,80.1
2016/08/08,80.8,84.4,80.1,83.1
2016/08/09,83.4,84.6,82.1,82.3
2016/08/10,82.8,86.9,82.5,84.0
2016/08/11,84.5,85.7,79.8,81.8
2016/08/12,82.8,83.4,81.1,81.8
2016/08/15,82.0,84.1,81.8,83.2
2016/08/16,83.5,83.5,81.9,82.0
2016/08/17,81.2,81.8,79.9,81.1
2016/08/18,80.9,81.5,79.8,80.0
2016/08/19,80.8,81.5,80.0,81.3
2016/08/22,81.3,81.9,80.9,81.4
2016/08/23,81.4,84.4,81.3,83.9
2016/08/24,84.4,84.7,83.1,83.3
2016/08/25,79.9,81.2,79.4,80.5
2016/08/26,81.9,85.0,81.8,85.0
2016/08/29,84.7,84.8,82.9,83.5
2016/08/30,84.1,87.9,83.8,86.7
2016/08/31,86.9,88.5,85.5,86.6
2016/09/01,86.2,86.5,85.5,85.7
2016/09/02,86.3,87.2,84.0,84.4
2016/09/05,86.1,88.0,85.3,86.7
2016/09/06,87.5,92.1,86.8,86.8
2016/09/07,87.2,88.3,86.5,87.8
2016/09/08,88.0,88.3,87.3,87.9
2016/09/09,87.9,88.0,87.0,87.1
2016/09/12,85.1,85.7,84.8,84.8
2016/09/13,85.4,85.7,82.9,84.1
2016/09/14,84.1,86.5,84.0,85.5
2016/09/19,86.6,88.7,86.6,88.3
2016/09/20,88.8,89.8,87.7,89.2
2016/09/21,89.2,89.7,88.3,88.5
2016/09/22,89.7,90.7,88.6,88.6
2016/09/23,89.2,89.5,87.8,88.5
2016/09/26,88.1,88.1,87.0,87.0
2016/09/29,87.0,87.9,86.2,86.3
2016/09/30,85.3,85.6,84.3,85.5
2016/10/03,85.6,86.2,83.7,84.4
2016/10/04,84.0,84.2,82.3,84.0
2016/10/05,83.5,84.9,82.5,82.6
2016/10/06,82.6,82.6,81.5,81.7
2016/10/07,81.5,82.8,81.3,81.5
2016/10/11,82.3,82.3,78.1,79.8
2016/10/12,78.7,83.1,78.3,82.0
2016/10/13,82.0,82.6,81.0,82.0
2016/10/14,81.4,82.0,80.1,80.5
2016/10/17,81.0,83.4,80.7,83.3
2016/10/18,83.4,83.5,82.7,82.9
2016/10/19,83.2,85.1,83.2,83.4
2016/10/20,83.7,84.0,83.0,83.5
2016/10/21,83.6,84.1,82.7,83.9
2016/10/24,83.9,87.3,83.1,86.7
2016/10/25,86.0,88.0,85.3,87.8
2016/10/26,86.8,88.4,86.8,87.9
2016/10/27,89.0,90.9,89.0,90.4
2016/10/28,90.1,91.0,89.0,89.0
2016/10/31,89.0,89.1,87.4,88.1
2016/11/01,87.8,88.4,86.6,86.9
2016/11/02,86.0,86.4,83.3,83.8
2016/11/03,83.6,87.1,83.6,86.0
2016/11/04,86.8,87.8,85.6,85.9
2016/11/07,85.9,86.5,85.2,86.0
2016/11/08,86.5,86.5,85.1,85.9
2016/11/09,85.9,86.3,81.8,83.0
2016/11/10,84.6,85.6,83.2,83.7
2016/11/11,81.7,82.5,79.2,79.6
2016/11/14,79.6,81.9,78.5,81.1
2016/11/15,81.1,82.2,80.2,82.2
2016/11/16,83.2,84.2,83.1,84.0
2016/11/17,84.1,84.2,82.6,82.8
2016/11/18,82.8,83.7,82.3,82.5
2016/11/21,82.5,83.3,82.2,82.9
2016/11/22,83.1,83.6,82.5,83.6
2016/11/23,83.6,87.3,83.6,85.7
2016/11/24,86.3,86.3,84.1,84.2
2016/11/25,84.2,85.2,82.0,83.0
2016/11/28,82.8,83.3,82.5,82.5
2016/11/29,82.5,84.2,82.3,83.8
2016/11/30,83.7,83.8,82.6,83.8
2016/12/01,83.2,83.4,82.7,83.0
2016/12/02,82.8,82.8,81.5,81.6
2016/12/05,81.5,83.5,81.4,83.4
2016/12/06,84.2,84.7,82.0,83.5
2016/12/07,83.4,84.7,83.3,84.5
2016/12/08,85.2,86.3,84.6,85.6
2016/12/09,85.6,85.7,84.1,84.6
2016/12/12,84.7,85.0,83.7,83.7
2016/12/13,83.7,84.5,83.3,83.7
2016/12/14,83.9,84.1,83.5,83.5
2016/12/15,83.0,85.0,83.0,84.1
2016/12/16,84.2,86.5,83.7,86.0
2016/12/19,86.0,86.7,84.2,84.3
2016/12/20,84.4,88.8,84.4,88.1
2016/12/21,88.3,88.3,86.4,86.4
2016/12/22,86.4,87.2,86.0,86.1
2016/12/23,85.8,86.3,85.2,85.3
2016/12/26,85.3,86.4,85.2,86.4
2016/12/27,86.6,88.0,86.5,87.2
2016/12/28,88.0,89.7,87.5,89.2
2016/12/29,89.0,90.0,88.2,89.9
2016/12/30,90.1,90.5,89.1,90.0
2017/01/03,90.2,90.2,89.1,89.2
2017/01/04,89.7,96.5,89.2,95.6
2017/01/05,96.0,99.8,94.5,98.5
2017/01/06,97.5,98.1,94.6,95.4
2017/01/09,95.6,97.3,93.8,95.0
2017/01/10,95.1,96.8,95.1,96.5
2017/01/11,96.8,97.3,95.7,95.7
2017/01/12,96.5,103.5,96.5,101.5
2017/01/13,101.0,103.0,99.1,99.4
2017/01/16,99.2,99.2,97.1,98.9
2017/01/17,99.0,102.0,99.0,99.9
2017/01/18,100.0,102.5,99.1,101.0
2017/01/19,101.0,102.0,99.0,99.3
2017/01/20,99.8,102.0,99.7,101.5
2017/01/23,103.5,111.5,103.5,111.5
2017/01/24,113.5,114.5,109.0,109.5
2017/02/02,112.0,120.0,111.0,120.0
2017/02/03,120.0,123.0,115.5,119.0
2017/02/06,119.5,119.5,113.0,116.0
2017/02/07,115.5,119.5,113.5,118.5
2017/02/08,117.5,118.0,113.0,114.5
2017/02/09,115.5,117.0,113.5,113.5
2017/02/10,115.5,119.5,114.0,115.5
2017/02/13,115.5,116.5,114.0,115.0
2017/02/14,116.0,116.5,113.0,113.0
2017/02/15,113.0,114.0,111.0,113.5
2017/02/16,113.5,117.0,112.0,113.5
2017/02/17,114.0,114.5,111.0,112.5
2017/02/20,116.0,117.0,110.0,110.5
2017/02/21,111.0,112.0,107.5,109.5
2017/02/22,111.5,114.0,111.5,112.0
2017/02/23,112.0,115.5,110.5,112.5
2017/02/24,112.5,113.5,111.5,112.5
2017/03/01,113.0,113.0,109.5,109.5
2017/03/02,111.0,111.5,108.0,110.0
2017/03/03,108.5,112.0,108.5,110.5
2017/03/06,109.5,111.0,109.0,110.0
2017/03/07,113.5,117.5,113.5,117.5
2017/03/08,117.0,120.5,115.5,118.5
2017/03/09,118.5,120.5,116.0,116.5
2017/03/10,116.0,118.5,114.5,117.5
2017/03/13,122.0,129.0,121.5,128.0
2017/03/14,128.0,128.0,124.5,127.0
2017/03/15,127.0,130.0,124.5,126.0
2017/03/16,128.5,128.5,122.0,125.0
2017/03/17,123.5,123.5,117.5,120.5
2017/03/20,119.0,120.0,118.0,119.5
2017/03/21,119.5,120.5,118.0,119.0
2017/03/22,116.5,117.5,115.0,117.0
2017/03/23,117.5,118.5,116.5,117.0
2017/03/24,118.0,121.5,117.5,118.0
2017/03/27,119.5,124.0,118.5,119.0
2017/03/28,122.5,122.5,117.5,120.0
2017/03/29,121.0,121.5,119.0,121.5
2017/03/30,123.0,123.0,119.0,120.0
2017/03/31,120.0,120.5,118.0,118.0
2017/04/05,118.5,120.0,117.0,120.0
2017/04/06,120.0,125.0,120.0,125.0
2017/04/07,125.0,125.0,121.5,124.0
2017/04/10,122.5,124.0,119.5,120.0
2017/04/11,119.0,121.5,117.0,117.0
2017/04/12,117.0,118.0,115.5,117.0
2017/04/13,116.5,119.5,116.5,117.5
2017/04/14,117.0,117.0,113.0,114.0
2017/04/17,114.5,119.5,113.0,118.0
2017/04/18,118.0,119.0,116.5,118.0
2017/04/19,117.5,117.5,115.0,115.5
2017/04/20,115.5,117.0,114.0,116.0
2017/04/21,116.5,122.0,116.5,122.0
2017/04/24,121.0,121.5,116.0,116.0
2017/04/25,116.5,117.0,113.0,116.0
2017/04/26,116.0,116.0,111.5,113.0
2017/04/27,112.5,113.0,111.0,111.5
2017/04/28,114.5,121.5,114.0,120.5
2017/05/02,120.5,124.5,117.5,117.5
2017/05/03,118.0,121.5,118.0,119.0
2017/05/04,120.0,122.5,118.5,121.0
2017/05/05,122.0,122.5,120.0,121.0
2017/05/08,122.5,126.5,121.5,124.5
2017/05/09,125.5,126.5,122.0,124.0
2017/05/10,124.0,125.0,122.0,122.5
2017/05/11,124.0,126.0,122.5,123.0
2017/05/12,122.5,123.0,121.0,121.5
2017/05/15,121.5,126.0,121.5,124.0
2017/05/16,125.5,130.0,124.5,126.5
2017/05/17,126.5,132.5,126.5,132.0
2017/05/18,129.0,133.0,129.0,132.0
2017/05/19,132.5,134.0,125.0,125.0
2017/05/22,125.5,126.0,123.0,125.0
2017/05/23,125.5,126.0,122.5,122.5
2017/05/24,122.5,125.0,122.5,124.0
2017/05/25,125.0,125.5,123.0,124.0
2017/05/26,124.0,124.0,121.5,124.0
2017/05/31,124.0,126.0,123.5,125.0
2017/06/01,125.5,125.5,123.0,123.5
2017/06/02,124.0,125.0,123.0,124.0
2017/06/05,122.5,126.5,122.5,126.0
2017/06/06,127.5,131.5,125.5,131.5
2017/06/07,132.0,132.5,126.0,126.0
2017/06/08,126.5,132.5,126.0,131.0
2017/06/09,130.5,134.5,130.0,130.0
2017/06/12,128.5,129.0,127.0,128.0
2017/06/13,128.5,131.5,128.0,129.0
2017/06/14,131.0,133.0,126.5,130.0
2017/06/15,130.0,133.5,127.0,128.5
2017/06/16,129.0,130.5,128.0,130.5
2017/06/19,130.5,132.0,129.5,131.0
2017/06/20,132.5,136.0,132.0,133.0
2017/06/21,133.0,134.0,131.5,134.0
2017/06/22,134.5,137.5,134.0,136.5
2017/06/23,137.5,139.0,135.5,136.0
2017/06/26,136.0,139.5,136.0,138.0
2017/06/27,138.5,139.0,136.0,137.0
2017/06/28,137.5,137.5,132.5,134.5
2017/06/29,137.5,144.5,137.0,141.5
2017/06/30,140.5,147.5,139.5,147.5
2017/07/03,146.5,146.5,143.5,143.5
2017/07/04,142.5,143.5,140.5,141.0
2017/07/05,140.5,143.0,138.0,143.0
2017/07/06,143.0,143.5,140.0,142.5
2017/07/07,142.0,144.0,141.0,141.0
2017/07/10,141.0,142.5,140.0,142.5
2017/07/11,142.5,143.5,140.0,140.0
2017/07/12,140.5,143.5,140.5,143.5
2017/07/13,144.5,154.0,144.5,149.0
2017/07/14,150.0,152.0,147.5,148.5
2017/07/17,150.0,150.0,146.0,147.0
2017/07/18,148.0,151.0,147.5,150.0
2017/07/19,150.5,154.0,149.0,152.0
2017/07/20,153.0,153.0,149.0,149.0
2017/07/21,148.0,148.5,146.0,146.5
2017/07/24,146.5,148.0,145.5,146.5
2017/07/25,147.5,150.5,146.0,147.5
2017/07/26,148.0,148.0,145.5,145.5
2017/07/27,146.0,146.5,144.0,146.5
2017/07/28,147.5,151.5,147.0,150.0
2017/07/31,151.0,151.5,148.0,149.5
2017/08/01,150.0,152.5,149.5,150.0
2017/08/02,151.0,152.0,149.5,152.0
2017/08/03,152.0,155.0,150.5,153.5
2017/08/04,155.0,155.0,152.0,153.0
2017/08/07,154.0,157.5,153.0,154.5
2017/08/08,155.0,156.0,152.0,152.0
2017/08/09,150.0,150.0,142.0,143.5
2017/08/10,140.0,140.5,133.0,133.0
2017/08/11,133.0,141.0,131.5,138.5
2017/08/14,139.0,142.0,138.5,140.0
2017/08/15,141.5,142.5,138.5,140.0
2017/08/16,140.5,142.0,138.0,139.5
2017/08/17,141.5,148.5,141.5,148.5
2017/08/18,147.0,154.0,143.5,153.0
2017/08/21,154.5,167.5,152.5,164.5
2017/08/22,163.5,165.0,158.5,158.5
2017/08/23,159.5,163.5,158.0,159.0
2017/08/24,159.0,161.0,157.5,160.0
2017/08/25,157.5,158.0,153.5,156.5
2017/08/28,156.5,160.5,155.5,155.5
2017/08/29,156.5,156.5,153.5,154.5
2017/08/30,155.0,155.5,152.5,153.0
2017/08/31,154.0,154.5,151.5,152.0
2017/09/01,148.0,150.5,146.5,149.0
2017/09/04,146.5,147.0,136.0,137.5
2017/09/05,136.5,142.0,133.0,142.0
2017/09/06,141.0,141.5,138.5,141.5
2017/09/07,141.0,141.0,136.0,136.5
2017/09/08,134.5,138.0,134.0,135.0
2017/09/11,137.5,139.0,135.5,135.5
2017/09/12,138.0,140.5,137.0,139.5
2017/09/13,141.0,142.5,139.0,139.5
2017/09/14,140.5,141.0,138.5,139.0
2017/09/15,140.0,142.0,139.0,142.0
2017/09/18,142.5,143.5,140.5,140.5
2017/09/19,141.0,142.0,138.5,138.5
2017/09/20,139.0,141.5,137.5,139.5
2017/09/21,140.5,145.5,140.5,145.5
2017/09/22,145.5,145.5,141.5,141.5
2017/09/25,142.0,142.0,137.5,137.5
2017/09/26,139.0,141.0,136.5,136.5
2017/09/27,138.0,141.0,137.0,139.5
2017/09/28,140.0,143.0,140.0,141.5
2017/09/29,142.0,146.0,142.0,144.0
2017/10/02,144.5,151.0,144.0,149.0
2017/10/03,150.0,150.5,147.0,147.0
2017/10/05,146.0,146.0,141.5,141.5
2017/10/06,138.5,138.5,132.5,134.5
2017/10/11,134.5,136.5,132.0,133.0
2017/10/12,133.5,135.5,132.5,135.0
2017/10/13,134.5,137.5,134.0,137.5
2017/10/16,137.0,139.5,133.5,137.5
2017/10/17,137.5,138.5,132.5,133.0
2017/10/18,133.0,134.5,132.0,132.5
2017/10/19,132.0,132.0,127.0,130.0
2017/10/20,128.5,129.5,124.5,125.0
2017/10/23,126.0,129.0,124.0,124.5
2017/10/24,125.0,129.0,125.0,128.0
2017/10/25,127.0,129.0,125.0,125.0
2017/10/26,125.0,128.5,124.5,128.0
2017/10/27,127.0,128.0,125.0,125.0
2017/10/30,125.0,126.5,112.5,117.5
2017/10/31,119.5,123.0,119.0,120.0
2017/11/01,119.5,122.0,116.5,120.0
2017/11/02,119.0,119.0,113.0,114.0
2017/11/03,114.5,117.0,113.0,115.0
2017/11/06,115.0,118.0,115.0,117.0
2017/11/07,119.0,119.0,116.5,117.0
2017/11/08,117.0,117.5,113.0,113.0
2017/11/09,113.0,115.5,113.0,115.0
2017/11/10,114.5,115.0,113.0,113.5
2017/11/13,113.5,114.0,109.0,110.0
2017/11/14,109.5,116.0,109.5,115.0
2017/11/15,114.0,114.5,112.0,113.5
2017/11/16,112.5,114.5,112.5,113.0
2017/11/17,113.5,118.0,113.5,117.5
2017/11/20,118.0,120.5,118.0,119.5
2017/11/21,120.0,120.0,116.0,116.5
2017/11/22,117.0,119.0,116.0,116.5
2017/11/23,116.5,119.5,116.5,119.0
2017/11/24,118.0,118.5,112.5,113.5
2017/11/27,113.5,115.0,112.5,114.5
2017/11/28,114.5,116.5,113.5,115.5
2017/11/29,116.5,118.0,115.5,117.5
2017/11/30,117.5,118.0,113.5,114.0
2017/12/01,115.0,115.5,109.0,109.0
2017/12/04,109.5,111.5,108.0,111.0
2017/12/05,111.0,112.5,108.0,108.5
2017/12/06,106.0,106.0,97.7,97.7
2017/12/07,96.5,98.8,95.0,98.3
2017/12/08,98.5,98.5,94.5,96.2
2017/12/11,96.2,96.3,94.0,94.0
2017/12/12,93.4,95.7,91.5,91.5
2017/12/13,91.5,95.2,91.5,92.7
2017/12/14,93.3,94.9,92.0,94.0
2017/12/15,94.7,95.3,93.0,94.3
2017/12/18,94.4,96.0,94.3,94.5
2017/12/19,95.0,95.3,94.2,94.5
2017/12/20,95.3,103.5,95.2,103.5
2017/12/21,103.5,103.5,99.5,100.5
2017/12/22,100.5,100.5,98.0,98.1
2017/12/25,97.3,99.3,96.1,96.6
2017/12/26,96.6,96.9,92.4,92.4
2017/12/27,92.7,95.4,92.7,94.9
2017/12/28,97.0,101.5,96.4,97.0
2017/12/29,97.3,101.5,97.3,101.5
2018/01/02,102.5,104.0,100.5,104.0
2018/01/03,105.0,107.0,104.0,104.5
2018/01/04,105.0,106.0,102.5,105.5
2018/01/05,105.5,105.5,102.0,102.5
2018/01/08,103.0,104.5,103.0,103.0
2018/01/09,102.0,103.5,100.5,103.5
2018/01/10,104.0,104.5,100.5,102.0
2018/01/11,102.0,103.5,101.5,103.5
2018/01/12,104.0,110.5,104.0,109.0
2018/01/16,112.0,113.0,109.5,110.0
2018/01/17,109.0,109.0,101.5,103.0
2018/01/18,104.5,106.0,103.0,103.5
2018/01/19,103.5,103.5,98.2,99.1
2018/01/22,99.5,101.5,99.3,101.5
2018/01/23,102.0,102.0,99.6,100.5
2018/01/24,101.0,101.5,99.8,101.5
2018/01/25,101.5,102.0,99.5,99.5
2018/01/26,100.0,100.5,99.5,99.7
2018/01/29,100.5,108.5,100.5,106.5
2018/01/30,106.5,106.5,103.0,103.0
2018/01/31,102.0,102.5,101.0,102.5
2018/02/01,103.0,108.0,102.5,107.5
2018/02/02,106.0,107.0,104.5,105.0
2018/02/05,101.0,101.5,99.6,100.5
2018/02/06,98.0,100.0,93.4,95.4
2018/02/07,98.4,100.5,98.1,98.1
2018/02/08,98.0,101.5,98.0,99.3
2018/02/09,96.5,101.5,94.8,101.0
2018/02/12,101.5,103.5,100.0,102.0
2018/02/21,104.0,108.0,102.5,106.5
2018/02/22,106.0,108.0,104.5,107.0
2018/02/23,107.5,112.5,107.0,111.0
2018/02/26,112.0,112.5,108.5,109.5
2018/02/27,110.0,111.0,108.5,109.5
2018/03/01,108.0,111.0,107.5,109.5
2018/03/02,108.0,109.0,103.5,104.0
2018/03/05,105.0,106.5,104.5,105.5
2018/03/06,106.0,106.5,103.0,104.0
2018/03/07,103.5,104.5,102.0,102.0
2018/03/08,102.0,104.0,102.0,102.5
2018/03/09,103.0,103.5,102.0,103.0
2018/03/12,103.5,104.0,101.5,102.0
2018/03/13,102.5,105.0,102.0,105.0
2018/03/14,105.0,105.0,103.0,103.0
2018/03/15,103.0,108.5,101.0,108.0
2018/03/16,108.0,110.0,105.0,110.0
2018/03/19,108.0,109.5,106.0,106.0
2018/03/20,105.0,107.0,104.0,105.0
2018/03/21,103.5,104.0,100.0,101.5
2018/03/22,101.5,102.5,98.1,98.1
2018/03/23,95.8,96.3,93.8,95.1
2018/03/26,94.0,96.6,93.8,95.6
2018/03/27,96.1,99.1,96.1,96.6
2018/03/28,95.8,95.9,94.1,94.1
2018/03/29,94.0,96.0,94.0,95.7
2018/03/30,96.0,97.5,94.4,94.4
2018/04/02,93.8,94.8,93.2,93.2
2018/04/03,93.0,93.0,90.5,91.7
2018/04/09,91.0,91.8,87.4,87.5
2018/04/10,87.5,92.3,87.3,91.0
2018/04/11,91.3,92.0,89.5,89.5
2018/04/12,89.4,90.8,89.1,89.8
2018/04/13,90.1,91.1,89.5,90.5
2018/04/16,90.4,90.4,87.4,88.5
2018/04/17,88.5,89.8,87.6,88.9
2018/04/18,88.9,89.4,87.5,87.6
2018/04/19,87.3,88.0,83.7,84.5
2018/04/20,83.9,85.9,83.7,84.1
2018/04/23,83.6,84.4,77.9,78.0
2018/04/24,77.6,78.7,73.5,76.8
2018/04/25,75.2,76.8,73.5,75.5
2018/04/26,76.0,77.3,73.9,74.7
2018/04/27,72.0,75.3,71.7,72.0
2018/04/30,72.7,74.1,72.1,73.0
2018/05/02,73.2,73.9,72.3,73.0
2018/05/03,73.8,75.4,72.6,73.3
2018/05/04,72.9,72.9,70.5,70.5
2018/05/07,70.2,71.0,68.2,69.5
2018/05/08,70.0,71.4,69.8,71.1
2018/05/09,72.2,72.6,71.3,72.2
2018/05/10,75.0,79.4,74.5,79.4
2018/05/11,81.5,84.8,79.9,83.6
2018/05/14,84.4,85.4,82.4,83.6
2018/05/15,83.8,85.8,83.4,83.5
2018/05/16,83.5,85.0,82.7,83.5
2018/05/17,83.8,85.3,83.4,84.7
2018/05/18,85.7,86.2,84.5,85.1
2018/05/21,85.6,85.8,84.1,84.1
2018/05/22,83.9,86.9,83.9,85.8
2018/05/23,85.9,86.1,83.2,83.9
2018/05/24,83.9,84.8,82.2,82.5
2018/05/25,82.2,83.8,80.8,83.4
2018/05/28,83.5,86.3,82.6,85.1
2018/05/29,85.2,85.5,82.8,82.8
2018/05/30,82.0,82.4,80.3,80.7
2018/05/31,81.2,81.8,80.2,80.2
2018/06/01,80.2,84.8,80.1,84.4
2018/06/04,85.1,85.6,84.5,84.8
2018/06/05,85.9,88.8,85.3,87.1
2018/06/06,87.1,89.5,87.1,87.9
2018/06/07,88.3,88.6,86.5,87.0
2018/06/08,87.8,91.2,87.8,88.6
2018/06/11,89.1,90.6,87.3,89.2
2018/06/12,88.8,90.2,87.6,87.6
2018/06/13,87.6,89.7,87.3,88.5
2018/06/14,87.8,89.4,87.4,87.5
2018/06/15,87.5,87.8,84.5,84.5
2018/06/19,84.0,86.0,83.8,84.1
2018/06/20,84.5,84.6,81.0,81.0
2018/06/21,82.3,82.6,81.5,81.5
2018/06/22,81.2,81.8,78.6,78.8
2018/06/25,79.5,80.3,78.2,78.3
2018/06/26,78.2,80.9,78.0,79.4
2018/06/27,79.5,80.0,78.1,78.1
2018/06/28,78.2,79.3,77.3,77.8
2018/06/29,78.2,80.2,78.2,79.8
2018/07/02,80.3,80.4,78.6,79.2
2018/07/03,79.4,79.6,77.6,77.6
2018/07/04,77.6,78.5,77.3,78.5
2018/07/05,79.8,81.0,77.5,78.9
2018/07/06,78.5,78.8,72.6,73.0
2018/07/09,73.7,76.3,73.6,75.5
2018/07/10,74.6,76.6,74.6,75.8
2018/07/11,75.8,75.8,73.5,74.0
2018/07/12,74.0,75.3,73.9,75.2
2018/07/13,76.0,77.8,75.0,77.0
2018/07/16,77.0,79.4,77.0,78.6
2018/07/17,78.6,78.8,75.5,78.2
2018/07/18,78.2,80.3,78.0,79.0
2018/07/19,79.0,81.0,79.0,80.0
2018/07/20,80.0,85.4,80.0,84.8
2018/07/23,84.5,85.9,83.3,84.9
2018/07/24,82.3,83.6,81.2,83.6
2018/07/25,82.8,84.0,81.8,83.9
2018/07/26,83.8,84.7,83.2,84.2
2018/07/27,83.8,86.8,83.8,86.0
2018/07/30,86.1,87.5,84.5,85.6
2018/07/31,85.0,89.5,85.0,88.0
2018/08/01,88.0,96.8,88.0,96.0
2018/08/02,95.1,99.7,92.7,98.5
2018/08/03,97.1,98.3,94.1,94.1
2018/08/06,94.4,96.7,94.1,94.9
2018/08/07,95.4,97.9,94.2,94.3
2018/08/08,94.4,98.3,94.4,98.0
2018/08/09,97.1,99.6,96.1,99.2
2018/08/10,99.2,101.0,98.1,99.0
2018/08/13,98.0,98.0,90.3,93.6
2018/08/14,94.0,96.7,94.0,95.5
2018/08/15,95.0,95.3,92.4,92.9
2018/08/16,91.0,95.4,89.9,91.7
2018/08/17,92.1,93.8,91.1,91.1
2018/08/20,91.1,92.0,86.8,88.5
2018/08/21,89.0,92.5,88.9,91.2
2018/08/22,90.5,92.4,89.8,89.9
2018/08/23,89.9,92.4,89.9,91.8
2018/08/24,91.7,91.8,87.5,89.5
2018/08/27,90.3,93.5,90.2,93.0
2018/08/28,93.5,94.5,91.6,92.5
2018/08/29,92.5,94.5,92.4,94.4
2018/08/30,90.0,90.9,87.5,88.4
2018/08/31,88.8,89.6,88.1,88.8
2018/09/03,88.8,89.2,86.0,86.6
2018/09/04,86.7,91.0,86.7,90.6
2018/09/05,90.6,91.0,89.3,90.3
2018/09/06,90.2,90.7,88.6,88.6
2018/09/07,88.4,89.4,84.0,84.4
2018/09/10,84.0,84.8,76.0,78.0
2018/09/11,78.4,79.8,74.3,77.4
2018/09/12,78.0,78.7,77.0,78.5
2018/09/13,78.7,81.8,78.3,81.0
2018/09/14,82.0,84.7,81.2,84.4
2018/09/17,83.0,84.0,81.8,82.0
2018/09/18,82.0,82.8,81.1,81.5
2018/09/19,82.4,83.0,80.4,80.7
2018/09/20,81.1,81.4,78.0,79.0
2018/09/21,80.0,82.7,79.0,82.4
2018/09/25,81.4,84.1,81.4,83.7
2018/09/26,84.2,84.5,82.1,83.4
2018/09/27,83.0,84.0,82.5,83.0
2018/09/28,83.5,86.9,83.5,86.0
2018/10/01,86.0,89.0,85.0,88.1
2018/10/02,87.9,87.9,84.7,85.4
2018/10/03,84.7,85.8,84.6,85.3
2018/10/04,85.3,87.2,84.8,86.7
2018/10/05,85.5,85.5,81.6,81.6
2018/10/08,79.8,83.9,79.8,82.6
2018/10/09,82.5,82.5,74.4,78.0
2018/10/11,73.0,73.0,70.2,70.2
2018/10/12,64.2,70.3,64.2,69.5
2018/10/15,69.4,71.5,68.8,70.4
2018/10/16,70.8,74.3,70.8,74.0
2018/10/17,76.0,77.2,73.2,73.2
2018/10/18,73.9,75.5,72.8,75.5
2018/10/19,74.7,74.8,70.2,74.6
2018/10/22,73.5,73.7,71.9,72.5
2018/10/23,72.3,72.3,67.5,67.5
2018/10/24,67.2,69.0,65.0,65.7
2018/10/25,61.0,63.0,59.2,59.2
2018/10/26,60.4,60.8,54.1,56.2
2018/10/29,57.0,59.0,56.5,57.1
2018/10/30,57.2,58.1,56.9,57.9
2018/10/31,59.3,62.5,59.0,61.9
2018/11/01,62.0,67.9,61.1,66.0
2018/11/02,67.8,71.0,67.3,68.9
2018/11/05,68.5,72.0,66.9,72.0
2018/11/06,72.1,74.4,69.3,70.0
2018/11/07,70.0,72.4,69.5,72.4
2018/11/08,74.4,74.8,71.1,71.6
2018/11/09,70.7,71.9,69.2,69.7
2018/11/12,68.6,70.4,68.6,70.4
2018/11/13,67.0,69.0,67.0,69.0
2018/11/14,68.5,70.0,68.4,70.0
2018/11/15,70.0,70.3,68.7,70.1
2018/11/16,70.6,71.5,70.5,70.6
2018/11/19,71.0,72.6,71.0,72.3
2018/11/20,71.9,72.5,71.4,71.9
2018/11/21,70.6,72.0,70.2,71.5
2018/11/22,71.6,72.4,70.2,70.2
2018/11/23,70.1,70.8,69.0,69.0
2018/11/26,68.9,70.8,68.9,69.0
2018/11/27,69.5,74.2,69.5,72.6
2018/11/28,73.0,74.8,72.4,73.8
2018/11/29,74.8,78.0,74.6,75.0
2018/11/30,75.3,76.0,72.6,72.9
2018/12/03,74.8,80.1,74.3,80.1
2018/12/04,82.8,88.1,80.1,88.1
2018/12/05,88.1,88.1,82.1,82.9
2018/12/06,80.9,82.4,75.4,76.3
2018/12/07,80.0,80.3,75.5,76.2
2018/12/10,75.0,79.4,74.1,77.5
2018/12/11,78.5,82.4,78.4,81.0
2018/12/12,80.8,81.6,80.3,81.2
2018/12/13,81.4,82.2,78.2,78.4
2018/12/14,78.1,79.6,77.0,77.3
2018/12/17,77.0,78.3,75.0,75.7
2018/12/18,74.7,75.0,68.5,68.9
2018/12/19,69.9,71.2,65.7,67.4
2018/12/20,66.9,68.1,64.0,64.2
2018/12/21,64.6,67.8,64.5,67.5
2018/12/24,67.2,68.0,66.1,67.5
2018/12/25,66.0,66.5,65.0,66.4
2018/12/26,66.5,67.2,64.5,64.5
2018/12/27,66.7,67.0,65.4,65.4
2018/12/28,65.5,66.9,65.5,65.7
2019/01/02,66.4,67.7,66.3,66.5
2019/01/03,66.6,67.3,66.0,66.6
2019/01/04,65.7,65.7,63.3,65.3
2019/01/07,67.4,70.4,66.8,68.6
2019/01/08,68.3,69.7,67.4,69.0
2019/01/09,69.0,69.4,68.3,68.5
2019/01/10,68.5,68.8,67.9,68.4
2019/01/11,69.0,69.8,68.6,68.7
2019/01/14,68.8,69.3,67.7,68.0
2019/01/15,68.0,69.0,67.5,68.9
2019/01/16,69.3,75.7,69.3,75.7
2019/01/17,78.0,78.0,74.3,74.3
2019/01/18,75.9,79.5,75.3,76.6
2019/01/21,78.0,80.7,76.8,80.4
2019/01/22,78.1,80.7,77.9,79.5
2019/01/23,79.5,83.5,79.4,81.5
2019/01/24,81.0,81.5,79.7,80.1
2019/01/25,79.3,80.0,78.3,78.7
2019/01/28,79.0,79.9,77.5,77.5
2019/01/29,77.2,79.0,76.7,77.4
2019/01/30,80.1,80.8,79.7,80.0
2019/02/11,81.0,81.1,79.4,80.4
2019/02/12,81.5,85.4,80.9,82.0
2019/02/13,83.1,86.5,83.0,84.5
2019/02/14,84.8,89.5,84.4,87.0
2019/02/15,87.0,90.2,85.9,88.2
2019/02/18,88.2,89.5,87.0,87.7
2019/02/19,88.0,90.6,87.8,90.0
2019/02/20,91.7,93.5,90.2,90.2
2019/02/21,92.0,94.2,91.9,92.3
2019/02/22,93.2,95.4,92.5,93.5
2019/02/25,95.7,96.5,94.2,96.5
2019/02/26,96.5,96.5,94.1,94.1
2019/02/27,94.4,96.3,94.4,95.2
2019/03/04,92.8,94.2,90.5,93.0
2019/03/05,90.9,95.6,90.7,94.9
2019/03/06,93.0,93.7,90.7,93.0
2019/03/07,92.0,93.6,91.5,93.3
2019/03/08,93.3,94.0,91.4,93.8
2019/03/11,93.8,94.4,91.6,91.6
2019/03/12,93.0,94.2,92.7,93.5
2019/03/13,92.7,93.5,91.9,92.0
2019/03/14,92.8,97.4,92.8,96.3
2019/03/15,97.0,100.5,96.8,98.0
2019/03/18,98.5,99.5,96.9,97.3
2019/03/19,98.0,99.1,97.0,97.0
2019/03/20,97.5,98.6,96.6,96.6
2019/03/21,97.1,99.6,97.1,98.0
2019/03/22,99.0,100.0,95.0,96.1
2019/03/25,93.7,94.3,92.3,93.5
2019/03/26,95.0,100.5,95.0,98.4
2019/03/27,99.3,103.0,99.3,99.6
2019/03/28,100.5,101.5,97.0,97.0
2019/03/29,99.5,106.5,99.0,106.5
2019/04/01,107.5,108.0,101.5,102.5
2019/04/02,104.0,105.5,103.5,104.5
2019/04/03,104.5,104.5,99.9,100.5
2019/04/08,101.5,102.0,99.0,99.4
2019/04/09,101.5,103.5,99.6,99.7
2019/04/10,99.7,104.5,99.5,103.5
2019/04/11,105.0,107.5,100.0,101.5
2019/04/12,102.0,103.5,100.0,100.5
2019/04/15,105.0,106.5,101.0,102.0
2019/04/16,104.5,109.5,103.0,109.0
2019/04/17,110.0,113.0,108.0,111.5
2019/04/18,112.0,113.5,106.0,107.5
2019/04/19,110.0,111.0,106.0,107.0
2019/04/22,111.0,111.0,106.5,107.5
2019/04/23,109.0,109.5,103.0,103.5
2019/04/24,104.5,104.5,101.5,103.5
2019/04/25,103.5,104.5,101.0,102.0
2019/04/26,100.5,101.0,99.3,100.0
2019/04/29,101.0,103.0,95.2,97.5
2019/04/30,98.5,99.6,97.7,99.2
2019/05/02,99.1,99.4,98.0,98.8
2019/05/03,98.5,102.0,98.0,100.5
2019/05/06,96.5,97.4,92.2,93.4
2019/05/07,94.6,95.8,94.5,94.6
2019/05/08,93.1,97.9,92.4,97.9
2019/05/09,99.0,101.0,97.2,98.6
2019/05/10,99.6,101.0,96.7,97.5
2019/05/13,97.5,98.1,92.1,92.8
2019/05/14,90.9,94.6,88.6,94.2
2019/05/15,94.7,98.3,94.7,97.9
2019/05/16,97.2,97.5,92.7,92.7
2019/05/17,93.7,94.7,87.1,89.9
2019/05/20,89.7,90.5,85.2,87.6
2019/05/21,87.1,90.8,86.1,90.6
2019/05/22,91.0,92.9,88.3,88.3
2019/05/23,86.6,88.9,85.7,86.0
2019/05/24,86.1,87.4,84.7,84.7
2019/05/27,84.8,85.0,79.5,81.7
2019/05/28,82.3,83.4,80.0,80.0
2019/05/29,79.5,80.8,77.8,80.0
2019/05/30,80.6,83.3,80.6,82.9
2019/05/31,82.1,85.9,82.1,85.9
2019/06/03,85.3,86.9,83.5,85.9
2019/06/04,86.3,86.8,83.1,83.4
2019/06/05,84.9,85.5,84.2,84.2
2019/06/06,84.2,84.9,81.7,82.0
2019/06/10,83.2,87.4,82.7,87.0
2019/06/11,86.8,92.0,86.8,88.3
2019/06/12,88.3,92.5,88.3,91.7
2019/06/13,91.1,93.5,89.6,90.1
2019/06/14,90.4,91.6,88.3,88.5
2019/06/17,89.1,91.7,88.9,90.1
2019/06/18,90.7,91.8,89.5,91.4
2019/06/19,93.1,96.5,92.5,95.7
2019/06/20,96.5,98.5,96.0,98.5
2019/06/21,99.5,99.9,94.5,95.1
2019/06/24,95.4,96.4,94.2,94.7
2019/06/25,95.5,96.1,94.1,94.8
2019/06/26,95.3,95.9,93.8,94.8
2019/06/27,95.2,98.0,95.2,95.6
2019/06/28,95.4,95.7,92.9,93.7
2019/07/01,98.0,103.0,97.3,103.0
2019/07/02,101.5,104.5,101.0,102.5
2019/07/03,102.5,104.0,99.6,99.8
2019/07/04,100.5,102.0,99.6,101.0
2019/07/05,101.0,101.5,99.6,100.5
2019/07/08,101.0,102.5,98.8,99.1
2019/07/09,99.5,101.0,99.0,101.0
2019/07/10,102.0,106.0,100.5,102.5
2019/07/11,107.0,110.0,106.5,108.5
2019/07/12,110.5,111.0,107.5,110.0
2019/07/15,110.0,113.5,110.0,113.0
2019/07/16,113.0,115.0,111.0,111.0
2019/07/17,112.0,114.0,109.5,110.0
2019/07/18,110.5,112.0,108.5,109.0
2019/07/19,112.5,115.5,111.5,115.0
2019/07/22,116.0,124.0,115.0,121.5
2019/07/23,120.0,123.0,117.5,119.5
2019/07/24,119.5,121.0,118.0,120.5
2019/07/25,120.5,124.5,119.0,123.0
2019/07/26,121.5,127.0,121.5,124.0
2019/07/29,124.0,124.5,121.5,121.5
2019/07/30,122.0,123.0,115.0,119.5
2019/07/31,119.5,123.5,118.5,120.0
2019/08/01,123.5,129.0,122.5,126.0
2019/08/02,120.0,121.5,117.5,118.0
2019/08/05,117.5,119.0,115.0,115.5
2019/08/06,112.0,119.5,111.0,119.0
2019/08/07,120.5,124.5,120.5,121.5
2019/08/08,121.5,127.5,121.5,126.0
2019/08/12,127.5,131.5,124.5,125.0
2019/08/13,123.5,129.5,123.0,127.0
2019/08/14,133.5,135.0,131.5,134.5
2019/08/15,130.5,133.5,130.0,132.5
2019/08/16,135.0,136.0,131.0,131.5
2019/08/19,134.5,136.0,132.5,134.0
2019/08/20,135.5,140.5,135.5,135.5
2019/08/21,136.5,137.5,134.0,137.0
2019/08/22,138.5,141.5,137.5,139.5
2019/08/23,140.0,140.0,134.5,139.0
2019/08/26,134.5,137.0,131.5,131.5
2019/08/27,134.0,136.5,133.0,133.5
2019/08/28,133.5,136.0,133.5,135.5
2019/08/29,133.5,136.5,131.0,136.5
2019/08/30,138.5,139.5,131.5,132.0
2019/09/02,130.0,135.5,128.5,133.5
2019/09/03,134.5,135.5,132.0,133.5
2019/09/04,133.5,135.0,130.5,134.0
2019/09/05,137.5,140.0,135.5,139.5
2019/09/06,137.0,139.0,134.5,135.5
2019/09/09,135.5,136.5,126.5,128.0
2019/09/10,128.5,129.5,127.0,127.5
2019/09/11,128.5,132.5,128.0,130.0
2019/09/12,130.0,138.0,129.0,136.0
2019/09/16,138.5,140.0,134.5,139.0
2019/09/17,138.0,142.0,138.0,140.0
2019/09/18,138.5,139.0,133.5,134.5
2019/09/19,133.5,133.5,131.0,132.0
2019/09/20,132.5,133.5,131.0,133.0
2019/09/23,133.0,133.0,129.5,130.5
2019/09/24,130.5,132.5,128.5,128.5
2019/09/25,128.5,130.5,127.5,128.5
2019/09/26,129.5,132.5,129.0,130.0
2019/09/27,130.0,131.0,124.0,125.5
2019/10/01,126.0,131.0,126.0,129.5
2019/10/02,128.0,131.0,127.0,129.0
2019/10/03,127.5,127.5,123.5,126.5
2019/10/04,127.0,129.5,126.5,127.5
2019/10/07,128.0,132.0,127.0,131.5
2019/10/08,132.0,132.0,125.0,125.0
2019/10/09,123.0,125.5,119.5,124.0
2019/10/14,126.0,128.5,126.0,126.5
2019/10/15,126.0,128.0,123.5,123.5
2019/10/16,124.0,126.0,119.5,122.5
2019/10/17,123.0,126.0,122.5,124.5
2019/10/18,125.5,128.5,125.0,127.5
2019/10/21,129.0,130.0,126.5,128.5
2019/10/22,130.5,133.5,130.0,130.5
2019/10/23,130.0,131.5,127.0,128.0
2019/10/24,128.5,129.0,126.5,129.0
2019/10/25,129.0,131.0,127.5,128.0
2019/10/28,129.5,130.0,127.0,129.5
2019/10/29,130.0,131.0,125.0,126.0
2019/10/30,125.5,127.5,124.0,125.5
2019/10/31,128.0,133.5,127.0,127.5
2019/11/01,129.0,133.0,128.0,133.0
2019/11/04,137.0,137.0,129.5,131.0
2019/11/05,133.0,134.5,130.0,130.5
2019/11/06,131.5,132.5,123.5,125.0
2019/11/07,124.5,124.5,117.0,121.0
2019/11/08,122.0,123.0,118.5,119.0
2019/11/11,119.0,120.5,116.5,117.5
2019/11/12,119.0,124.5,118.5,124.0
2019/11/13,123.5,126.0,123.0,125.5
2019/11/14,125.0,126.5,123.5,126.0
2019/11/15,126.5,128.0,125.0,126.5
2019/11/18,127.5,128.5,124.5,124.5
2019/11/19,125.5,126.5,124.0,125.0
2019/11/20,124.5,125.0,120.5,121.5
2019/11/21,119.5,121.5,118.0,121.0
2019/11/22,121.5,123.0,121.0,121.0
2019/11/25,122.0,122.5,121.5,122.0
2019/11/26,123.0,127.0,123.0,126.0
2019/11/27,126.0,128.0,125.0,127.0
2019/11/28,128.0,128.0,124.5,125.5
2019/11/29,126.0,126.5,121.5,122.0
2019/12/02,122.0,123.0,117.5,120.0
2019/12/03,119.5,123.0,119.0,122.5
2019/12/04,121.5,123.0,120.5,122.0
2019/12/05,123.0,125.5,123.0,123.0
2019/12/06,123.5,124.0,122.0,123.0
2019/12/09,124.0,126.0,123.0,123.0
2019/12/10,123.0,123.5,121.0,121.5
2019/12/11,122.0,123.0,121.5,122.0
2019/12/12,123.0,123.5,120.0,121.0
2019/12/13,122.0,124.0,119.0,123.5
2019/12/16,124.0,125.0,122.5,125.0
2019/12/17,125.5,125.5,124.0,124.5
2019/12/18,125.0,127.0,124.0,124.0
2019/12/19,125.0,126.0,123.5,124.5
2019/12/20,125.0,125.0,124.0,125.0
2019/12/23,125.0,125.5,124.5,125.0
2019/12/24,125.5,126.0,124.5,125.0
2019/12/25,126.0,132.0,126.0,131.5
2019/12/26,132.5,137.5,132.5,135.5
2019/12/27,137.5,138.0,134.5,135.0
2019/12/30,136.5,138.5,135.0,136.5
2019/12/31,136.5,138.5,135.5,137.0
2020/01/02,138.5,140.0,134.5,137.5
2020/01/03,138.5,139.0,131.0,133.0
2020/01/06,132.5,134.0,130.0,132.0
2020/01/07,133.5,134.5,128.0,129.5
2020/01/08,128.0,130.0,127.0,127.0
2020/01/09,129.0,133.0,129.0,131.0
2020/01/10,131.0,131.5,128.5,129.0
2020/01/13,130.5,134.5,129.5,134.5
2020/01/14,135.0,136.5,133.0,136.0
2020/01/15,136.0,136.5,132.0,132.0
2020/01/16,132.0,135.0,132.0,134.5
2020/01/17,135.0,136.0,133.0,135.5
2020/01/20,135.5,136.5,134.5,136.0
2020/01/30,123.0,124.0,122.5,122.5
2020/01/31,122.5,122.5,113.5,115.5
2020/02/03,110.0,114.0,105.5,112.0
2020/02/04,114.5,120.0,114.0,119.5
2020/02/05,119.0,120.5,116.0,118.5
2020/02/06,119.5,121.5,119.0,121.0
2020/02/07,119.0,120.0,117.5,117.5
2020/02/10,114.5,120.5,112.5,117.5
2020/02/11,119.0,121.5,119.0,120.5
2020/02/12,121.5,128.5,121.0,127.5
2020/02/13,127.5,130.0,126.5,127.5
2020/02/14,127.0,129.5,127.0,128.5
2020/02/17,127.5,131.0,126.5,128.5
2020/02/18,128.5,129.5,127.0,128.5
2020/02/19,128.0,129.0,126.5,127.5
2020/02/20,128.5,131.0,127.5,127.5
2020/02/21,127.5,129.0,125.0,125.5
2020/02/24,124.0,127.0,123.5,126.5
2020/02/25,125.0,128.0,124.0,127.0
2020/02/26,126.0,129.5,126.0,128.0
2020/02/27,128.5,129.5,119.0,120.0
2020/03/02,116.0,121.0,114.5,119.0
2020/03/03,122.5,126.5,122.0,123.5
2020/03/04,122.5,124.0,121.0,122.5
2020/03/05,124.0,125.0,122.5,123.5
2020/03/06,123.5,127.0,123.0,125.5
2020/03/09,124.5,125.0,119.0,119.0
2020/03/10,118.5,126.0,118.0,125.5
2020/03/11,126.0,126.5,124.5,125.5
2020/03/12,123.0,123.5,113.5,115.5
2020/03/13,106.0,109.0,104.0,109.0
2020/03/16,108.5,110.5,104.5,104.5
2020/03/17,97.2,106.0,97.2,101.0
2020/03/18,101.5,105.5,100.0,100.0
2020/03/19,98.5,99.7,90.0,90.0
2020/03/20,94.2,99.0,94.2,97.5
2020/03/23,94.1,96.8,92.1,92.6
2020/03/24,96.4,101.0,96.4,99.6
2020/03/25,105.0,107.5,104.0,105.5
2020/03/26,105.5,107.0,103.0,106.5
2020/03/27,109.0,110.5,105.0,105.5
2020/03/30,103.5,108.0,102.5,108.0
2020/03/31,109.5,111.0,106.0,106.0
2020/04/01,105.5,107.5,105.0,107.0
2020/04/06,110.0,114.5,109.0,114.0
2020/04/07,116.0,118.0,114.5,116.0
2020/04/08,116.5,118.5,115.5,117.0
2020/04/09,118.0,118.5,115.0,115.0
2020/04/10,115.5,117.0,115.0,117.0
2020/04/13,117.5,119.0,116.0,117.0
2020/04/14,118.5,120.5,118.0,120.0
2020/04/15,122.5,124.5,121.0,123.0
2020/04/16,121.5,125.0,121.0,123.5
2020/04/17,125.5,126.5,122.0,123.0
2020/04/20,123.0,125.0,121.0,124.5
2020/04/21,123.5,125.5,121.0,121.0
2020/04/22,119.5,122.0,118.5,121.5
2020/04/23,122.5,123.5,120.5,123.0
2020/04/24,123.0,123.0,120.5,120.5
2020/04/27,121.0,122.5,120.5,122.0
2020/04/28,122.0,124.0,121.0,123.5
2020/04/29,124.5,125.0,123.5,124.5
2020/04/30,125.5,130.0,124.5,130.0
2020/05/04,129.5,133.5,128.0,130.5
2020/05/05,134.0,138.0,130.0,132.0
2020/05/06,134.0,135.0,132.0,134.0
2020/05/07,135.5,139.0,135.5,137.5
2020/05/08,140.0,147.5,138.0,144.0
2020/05/11,147.5,149.0,144.0,146.0
2020/05/12,146.0,147.5,143.0,144.0
2020/05/13,144.0,148.0,141.5,145.5
2020/05/14,144.5,145.5,140.5,141.0
2020/05/15,144.0,144.5,139.0,144.0
2020/05/18,141.0,142.5,133.0,134.0
2020/05/19,137.0,138.0,132.5,135.0
2020/05/20,135.5,136.5,133.5,135.5
2020/05/21,138.5,148.5,138.0,147.0
2020/05/22,147.5,148.0,142.0,143.0
2020/05/25,145.0,150.0,142.5,148.0
2020/05/26,148.5,155.0,148.0,153.0
2020/05/27,153.5,155.5,151.5,152.0
2020/05/28,154.0,154.5,147.5,148.0
2020/05/29,147.0,151.0,147.0,147.5
2020/06/01,149.5,151.0,148.0,150.0
2020/06/02,151.0,152.0,148.0,149.0
2020/06/03,151.0,152.0,150.0,151.0
2020/06/04,152.5,153.0,148.5,152.0
2020/06/05,150.0,150.5,146.5,148.0
2020/06/08,149.5,150.5,147.5,148.5
2020/06/09,149.5,153.5,149.0,151.5
2020/06/10,152.5,155.0,151.5,155.0
2020/06/11,157.0,159.0,149.0,149.0
2020/06/12,144.0,150.5,143.0,149.0
2020/06/15,150.0,153.5,149.0,149.5
2020/06/16,154.0,159.0,152.5,159.0
2020/06/17,158.5,160.0,155.0,158.0
2020/06/18,159.5,165.0,158.5,162.5
2020/06/19,163.5,164.0,159.0,161.0
2020/06/22,160.0,161.5,159.0,159.0
2020/06/23,161.0,161.5,155.0,156.0
2020/06/24,157.0,158.0,154.0,154.5
2020/06/29,153.0,161.5,153.0,158.5
2020/06/30,160.5,161.0,158.0,159.5
2020/07/01,160.5,161.0,158.5,159.5
2020/07/02,161.0,164.0,160.5,162.5
2020/07/03,164.0,167.0,162.0,166.5
2020/07/06,168.0,169.5,165.5,167.0
2020/07/07,168.5,169.0,161.0,162.0
2020/07/08,162.0,163.5,160.0,163.0
2020/07/09,165.5,165.5,161.5,161.5
2020/07/10,161.5,161.5,155.5,156.0
2020/07/13,157.5,159.0,156.5,157.0
2020/07/14,158.5,168.5,158.5,160.0
2020/07/15,164.0,164.5,158.5,158.5
2020/07/16,160.0,160.5,158.0,159.5
2020/07/17,160.5,161.0,156.0,156.0
2020/07/20,156.5,161.5,156.0,160.0
2020/07/21,160.5,165.5,160.0,164.0
2020/07/22,164.5,166.0,164.0,164.0
2020/07/23,165.5,176.0,164.0,173.0
2020/07/24,173.0,173.0,165.5,168.0
2020/07/27,171.0,172.5,167.5,169.5
2020/07/28,171.0,175.0,165.5,167.0
2020/07/29,167.0,170.5,166.0,169.5
2020/07/30,171.0,174.0,169.0,171.5
2020/07/31,171.5,179.0,170.5,177.0
2020/08/03,177.5,181.5,173.0,174.0
2020/08/04,177.0,183.0,176.5,177.0
2020/08/05,179.0,182.0,178.0,179.5
2020/08/06,179.5,180.0,173.0,175.0
2020/08/07,174.5,174.5,171.0,174.0
2020/08/10,174.0,174.0,168.5,169.0
2020/08/11,170.0,172.0,168.0,170.5
2020/08/12,169.5,171.0,167.0,170.5
2020/08/13,173.5,173.5,168.5,169.0
2020/08/14,168.5,171.5,168.0,170.5
2020/08/17,171.0,171.0,168.0,170.0
2020/08/18,170.0,171.0,168.0,168.0
2020/08/19,168.5,171.0,167.0,167.5
2020/08/20,170.5,174.5,154.0,160.0
2020/08/21,163.5,172.0,162.0,171.5
2020/08/24,171.0,173.5,169.0,172.0
2020/08/25,175.0,179.5,174.0,175.0
2020/08/26,176.0,178.0,175.0,176.0
2020/08/27,180.5,183.5,174.0,175.0
2020/08/28,174.0,175.0,170.5,171.0
2020/08/31,173.0,173.0,169.0,170.0
2020/09/01,170.0,172.5,169.0,171.5
2020/09/02,173.0,174.5,171.0,172.5
2020/09/03,174.0,175.5,167.0,167.0
2020/09/04,162.5,169.5,162.0,169.0
2020/09/07,165.0,168.0,157.0,158.5
2020/09/08,160.0,160.5,155.0,156.5
2020/09/09,154.0,156.0,152.0,155.5
2020/09/10,157.0,159.0,153.0,154.0
2020/09/11,154.0,154.0,149.0,149.5
2020/09/14,150.0,156.0,149.5,156.0
2020/09/15,156.0,158.0,155.0,156.0
2020/09/16,157.0,158.5,155.5,156.5
2020/09/17,156.0,158.0,156.0,158.0
2020/09/18,159.0,160.5,158.0,159.0
2020/09/21,159.0,159.5,155.0,155.0
2020/09/22,154.0,156.0,152.0,154.0
2020/09/23,156.0,157.5,152.0,152.5
2020/09/24,150.0,153.0,149.5,150.0
2020/09/25,151.0,151.5,141.0,144.5
2020/09/28,146.0,146.5,142.0,143.0
2020/09/29,144.5,146.0,142.5,143.0
2020/09/30,144.0,147.5,142.0,146.0
2020/10/05,146.0,149.5,145.5,149.0
2020/10/06,153.5,156.0,152.0,153.0
2020/10/07,153.0,153.5,151.5,153.5
2020/10/08,154.5,155.0,151.5,152.5
2020/10/12,154.0,155.0,148.5,149.5
2020/10/13,149.5,150.0,147.5,148.0
2020/10/14,148.0,149.5,147.0,148.0
2020/10/15,147.5,151.0,147.0,150.0
2020/10/16,150.5,151.5,149.0,150.0
2020/10/19,151.0,157.5,150.5,156.0
2020/10/20,155.5,157.5,155.0,156.5
2020/10/21,157.5,158.0,155.0,156.0
2020/10/22,156.0,156.5,152.0,154.5
2020/10/23,154.0,155.5,154.0,154.5
2020/10/26,154.5,156.0,153.0,154.0
2020/10/27,154.5,154.5,152.5,153.5
2020/10/28,153.0,153.5,149.5,150.5
2020/10/29,145.5,151.5,145.5,151.0
2020/10/30,151.0,151.0,149.0,150.0
2020/11/02,151.5,152.0,143.5,146.5
2020/11/03,147.0,148.0,144.5,145.5
2020/11/04,146.5,149.0,145.0,148.0
2020/11/05,148.5,149.0,146.0,147.5
2020/11/06,148.0,148.5,146.0,146.5
2020/11/09,148.5,149.5,146.0,147.5
2020/11/10,148.0,149.0,147.0,147.5
2020/11/11,148.0,153.0,147.5,152.5
2020/11/12,152.5,154.5,151.5,153.0
2020/11/13,152.5,154.0,150.0,153.5
2020/11/16,156.0,164.5,155.5,163.0
2020/11/17,168.0,170.0,161.5,162.0
2020/11/18,161.5,162.5,159.0,160.0
2020/11/19,160.0,160.0,154.0,155.5
2020/11/20,155.0,157.0,153.5,156.5
2020/11/23,157.0,157.5,155.5,156.0
2020/11/24,156.5,157.5,155.5,156.0
2020/11/25,156.5,157.5,152.0,152.5
2020/11/26,152.5,156.0,152.5,155.0
2020/11/27,155.0,157.5,154.0,157.0
2020/11/30,158.0,160.0,156.0,156.0
2020/12/01,157.0,157.5,155.0,157.0
2020/12/02,158.0,159.0,157.0,158.0
2020/12/03,159.0,161.5,157.5,159.0
2020/12/04,159.0,160.0,156.0,157.0
2020/12/07,158.5,158.5,153.5,154.0
2020/12/08,155.0,158.0,154.5,156.0
2020/12/09,157.0,161.0,156.0,161.0
2020/12/10,161.0,161.5,154.5,155.0
2020/12/11,156.0,156.5,150.0,153.0
2020/12/14,153.0,156.0,151.5,155.5
2020/12/15,154.0,155.5,150.5,150.5
2020/12/16,153.0,155.0,151.5,154.5
2020/12/17,154.5,156.0,153.5,154.5
2020/12/18,155.0,158.0,155.0,155.0
2020/12/21,155.0,156.5,152.0,156.0
2020/12/22,155.0,156.5,153.0,153.0
2020/12/23,154.5,161.0,154.0,157.0
2020/12/24,159.5,160.0,157.0,157.5
2020/12/25,159.0,159.0,156.5,157.5
2020/12/28,158.5,159.0,156.0,157.0
2020/12/29,157.5,158.0,155.0,156.0
2020/12/30,157.0,157.0,155.0,155.5
2020/12/31,155.5,158.0,155.0,157.0
2021/01/04,157.0,157.5,155.0,156.5
2021/01/05,157.0,160.5,156.5,159.0
2021/01/06,161.0,162.5,155.0,155.5
2021/01/07,157.0,158.0,155.0,157.5
2021/01/08,158.0,160.0,157.0,159.0
2021/01/11,160.0,161.0,158.5,161.0
2021/01/12,162.5,162.5,156.0,157.0
2021/01/13,157.0,160.0,156.0,159.5
2021/01/14,159.5,166.0,159.0,165.5
2021/01/15,167.0,167.5,160.0,161.0
2021/01/18,160.0,161.0,156.0,159.5
2021/01/19,160.0,160.5,157.5,158.5
2021/01/20,158.0,158.0,155.0,155.0
2021/01/21,155.5,159.0,155.0,156.0
2021/01/22,157.5,161.5,156.0,161.5
2021/01/25,160.5,162.0,158.5,161.0
2021/01/26,161.5,163.5,159.0,161.0
2021/01/27,161.5,163.0,160.0,162.5
2021/01/28,159.0,160.5,156.0,156.5
2021/01/29,157.0,158.0,150.0,150.5
2021/02/01,151.0,153.5,150.0,152.5
2021/02/02,154.0,157.0,153.5,155.0
2021/02/03,155.5,156.5,154.0,155.0
2021/02/04,154.5,157.5,154.0,157.0
2021/02/05,159.0,164.0,158.0,161.5
2021/02/17,164.5,166.5,162.0,164.0
2021/02/18,165.0,166.0,163.0,164.5
2021/02/19,164.5,171.5,163.5,169.0
2021/02/22,169.5,170.5,167.5,168.5
2021/02/23,167.5,169.0,166.0,169.0
2021/02/24,170.0,174.0,166.0,166.5
2021/02/25,168.5,169.0,162.5,163.0
2021/02/26,160.5,170.5,160.5,169.0
2021/03/02,173.0,177.5,169.0,169.0
2021/03/03,170.5,172.5,166.5,172.0
2021/03/04,173.0,175.5,169.5,170.0
2021/03/05,168.0,171.5,166.5,167.5
2021/03/08,169.5,170.0,166.0,166.0
2021/03/09,166.0,168.0,161.0,165.5
2021/03/10,167.0,169.0,166.0,166.0
2021/03/11,166.0,168.5,165.5,167.5
2021/03/12,168.5,172.0,168.5,169.5
2021/03/15,169.5,170.0,168.0,168.5
2021/03/16,169.0,170.0,167.5,170.0
2021/03/17,169.5,170.0,168.0,168.0
2021/03/18,168.5,169.5,168.5,169.0
2021/03/19,168.0,169.5,166.0,168.5
2021/03/22,168.5,170.0,167.5,170.0
2021/03/23,171.5,171.5,169.0,169.0
2021/03/24,169.0,170.0,167.0,168.0
2021/03/25,168.0,168.0,165.0,165.0
2021/03/26,166.5,167.5,165.0,166.5
2021/03/29,168.0,171.5,167.5,171.0
2021/03/30,171.0,171.0,169.0,170.0
2021/03/31,170.0,170.0,168.0,169.0
2021/04/01,170.0,170.0,167.5,168.5
2021/04/06,169.5,169.5,167.0,167.5
2021/04/07,169.0,169.5,167.5,169.0
2021/04/08,170.0,172.0,168.5,171.5
2021/04/09,173.0,173.0,168.5,169.0
2021/04/12,170.5,171.0,169.0,170.0
2021/04/13,171.0,171.0,166.0,167.0
2021/04/14,171.0,175.0,166.0,169.0
2021/04/15,170.0,170.5,167.0,168.5
2021/04/16,170.0,170.0,168.0,169.5
2021/04/19,169.5,171.5,167.0,169.5
2021/04/20,170.0,177.0,169.5,175.5
2021/04/21,175.0,181.0,174.0,181.0
2021/04/22,183.0,188.0,175.0,175.0
2021/04/23,177.0,180.0,175.0,179.5
2021/04/26,182.5,183.0,178.0,182.0
2021/04/27,184.0,184.5,179.0,182.0
2021/04/28,182.0,182.0,176.5,178.5
2021/04/29,180.5,180.5,175.5,178.0
2021/05/03,180.0,184.5,178.0,179.5
2021/05/04,181.5,183.0,166.5,173.0
2021/05/05,173.5,175.0,165.0,165.0
2021/05/06,168.0,171.0,163.0,166.5
2021/05/07,169.0,172.5,167.0,172.5
2021/05/10,172.5,175.5,167.0,168.0
2021/05/11,164.0,166.0,158.0,161.0
2021/05/12,157.5,159.5,145.0,150.0
2021/05/13,145.0,153.0,141.5,151.5
2021/05/14,152.5,160.0,151.0,157.0
2021/05/17,146.0,157.0,146.0,155.0
2021/05/18,157.0,160.5,155.0,159.0
2021/05/19,159.0,159.5,157.0,158.5
2021/05/20,158.5,159.0,156.0,156.5
2021/05/21,159.5,159.5,155.0,156.5
2021/05/24,155.0,159.0,153.5,158.5
2021/05/25,159.0,162.0,158.5,161.0
2021/05/26,161.0,162.5,159.0,159.5
2021/05/27,157.5,159.0,156.5,157.0
2021/05/28,159.5,160.5,158.0,158.5
2021/05/31,160.0,164.0,159.5,164.0
2021/06/01,164.0,165.0,162.0,162.5
2021/06/02,162.0,164.0,158.0,160.0
2021/06/03,160.5,161.0,158.5,159.5
2021/06/04,158.5,161.0,158.0,159.5
2021/06/07,163.0,163.5,157.0,162.5
2021/06/08,162.5,171.0,162.0,168.5
2021/06/09,168.5,182.0,168.0,179.0
2021/06/10,183.5,196.5,182.0,196.5
2021/06/11,196.0,209.0,192.5,202.0
2021/06/15,207.5,216.5,205.5,207.5
2021/06/16,207.0,213.5,203.5,210.0
2021/06/17,210.5,216.0,208.5,214.0
2021/06/18,212.5,213.5,207.5,212.0
2021/06/21,210.5,213.5,207.0,213.5
2021/06/22,217.0,224.0,201.5,204.5
2021/06/23,207.5,216.5,205.0,213.5
2021/06/24,213.0,217.0,210.0,215.5
2021/06/25,217.0,220.5,210.0,213.5
2021/06/28,214.5,221.5,212.0,214.0
2021/06/29,217.0,235.0,213.5,235.0
2021/06/30,234.5,234.5,212.0,218.0
2021/07/01,219.0,220.5,206.0,210.0
2021/07/02,213.5,218.0,210.5,216.5
2021/07/05,219.0,226.0,216.0,223.0
2021/07/06,224.0,224.5,217.0,218.0
2021/07/07,219.0,222.0,215.0,217.0
2021/07/08,218.0,222.0,213.0,219.0
2021/07/09,220.5,228.5,217.5,218.5
2021/07/12,223.0,223.5,214.0,216.0
2021/07/13,218.0,228.5,217.0,223.5
2021/07/14,227.0,234.5,220.0,231.0
2021/07/15,232.5,233.0,224.5,229.0
2021/07/16,226.0,238.5,225.0,238.5
2021/07/19,238.5,248.5,236.0,242.5
2021/07/20,238.0,245.0,229.5,231.0
2021/07/21,236.0,242.0,232.0,236.0
2021/07/22,238.0,240.5,232.5,235.0
2021/07/23,237.5,238.0,227.0,230.5
2021/07/26,231.0,236.5,229.0,236.0
2021/07/27,238.0,238.5,227.0,231.0
2021/07/28,228.0,234.0,217.0,230.0
2021/07/29,234.0,235.0,227.0,229.0
2021/07/30,230.0,233.5,223.0,225.0
2021/08/02,225.0,229.5,218.5,220.5
2021/08/03,221.0,224.0,216.5,223.0
2021/08/04,224.0,224.5,217.0,218.5
2021/08/05,218.5,223.5,217.5,222.5
2021/08/06,221.5,222.0,219.0,221.5
2021/08/09,220.0,223.5,214.0,215.5
2021/08/10,215.5,220.0,209.0,215.5
2021/08/11,214.0,219.0,210.0,212.5
2021/08/12,211.5,221.0,211.5,220.5
2021/08/13,219.0,219.0,207.5,208.0
2021/08/16,206.5,208.0,200.0,205.0
2021/08/17,208.0,216.5,208.0,208.0
2021/08/18,206.5,224.0,205.5,222.5
2021/08/19,220.5,235.0,219.5,228.0
2021/08/20,228.0,236.5,224.5,235.5
2021/08/23,236.5,237.0,228.5,231.5
2021/08/24,234.5,242.0,233.0,236.5
2021/08/25,236.5,239.5,231.0,234.0
2021/08/26,229.5,233.0,223.5,232.0
2021/08/27,232.5,234.0,226.5,228.5
2021/08/30,231.0,232.0,228.0,230.0
2021/08/31,228.5,234.0,225.0,234.0
2021/09/01,234.5,237.5,230.5,237.0
2021/09/02,237.0,239.5,230.5,232.0
2021/09/03,234.0,234.5,226.0,232.0
2021/09/06,236.5,240.0,230.5,231.0
2021/09/07,234.5,234.5,226.5,228.0
2021/09/08,226.5,228.0,213.5,221.5
2021/09/09,220.0,229.0,220.0,226.5
2021/09/10,226.0,226.5,221.5,225.0
2021/09/13,225.0,225.5,219.0,219.5
2021/09/14,219.5,224.0,219.5,222.5
2021/09/15,222.5,222.5,215.5,219.5
2021/09/16,221.5,233.0,220.0,231.0
2021/09/17,229.5,232.5,227.5,227.5
2021/09/22,224.5,235.5,222.0,232.5
2021/09/23,239.0,251.5,234.0,249.0
2021/09/24,247.0,251.5,236.5,238.0
2021/09/27,226.5,233.0,222.0,226.0
2021/09/28,223.0,229.0,222.5,228.0
2021/09/29,222.5,223.0,210.0,214.5
2021/09/30,218.0,221.0,212.5,217.5
2021/10/01,215.5,215.5,209.0,210.0
2021/10/04,210.0,214.5,209.0,209.5
2021/10/05,208.0,219.0,202.0,218.0
2021/10/06,218.0,220.0,202.5,203.0
2021/10/07,203.5,215.5,203.5,211.5
2021/10/08,211.0,218.0,211.0,214.5
2021/10/12,211.0,214.5,206.5,207.0
2021/10/13,208.0,210.0,200.0,200.0
2021/10/14,203.5,208.0,201.0,206.5
2021/10/15,208.5,212.0,206.0,211.5
2021/10/18,211.0,213.0,206.5,207.0
2021/10/19,208.0,222.5,208.0,215.0
2021/10/20,218.0,223.5,217.0,217.0
2021/10/21,219.0,220.0,212.5,212.5
2021/10/22,214.5,219.0,214.0,217.5
2021/10/25,217.5,219.0,215.5,218.0
2021/10/26,220.0,221.0,218.0,218.0
2021/10/27,219.0,228.5,219.0,227.5
2021/10/28,235.5,248.0,235.5,240.5
2021/10/29,243.0,251.5,234.0,240.5
2021/11/01,238.0,241.5,230.5,234.0
2021/11/02,236.0,236.0,226.5,228.5
2021/11/03,231.0,234.0,226.5,232.0
2021/11/04,230.0,234.5,229.5,231.5
2021/11/05,233.0,233.5,226.5,230.5
2021/11/08,231.0,232.0,227.5,230.0
2021/11/09,233.5,236.0,231.5,232.0
2021/11/10,233.5,233.5,230.0,231.0
2021/11/11,228.0,235.0,228.0,229.5
2021/11/12,233.0,236.0,230.5,232.0
2021/11/15,234.0,238.0,233.0,234.0
2021/11/16,235.0,235.5,230.0,233.0
2021/11/17,235.0,240.0,229.0,233.0
2021/11/18,234.5,235.5,228.0,232.0
2021/11/19,233.5,233.5,226.5,227.5
2021/11/22,228.5,234.0,228.0,233.0
2021/11/23,232.5,232.5,228.0,228.5
2021/11/24,235.0,248.0,235.0,245.0
2021/11/25,252.0,269.5,251.5,269.5
2021/11/26,261.5,272.5,261.0,272.5
2021/11/29,267.0,280.5,266.5,280.0
2021/11/30,290.5,293.5,276.0,280.0
2021/12/01,275.5,281.0,271.0,279.5
2021/12/02,276.0,278.0,267.0,269.0
2021/12/03,272.0,276.0,266.0,274.5
2021/12/06,274.0,276.5,268.0,275.5
2021/12/07,286.5,290.0,277.5,278.0
2021/12/08,280.0,283.0,276.0,280.0
2021/12/09,287.0,293.0,273.5,276.5
2021/12/10,276.5,284.0,272.0,280.0
2021/12/13,278.0,281.5,275.0,279.0
2021/12/14,278.0,278.5,271.0,274.0
2021/12/15,274.0,277.5,272.0,275.0
2021/12/16,279.0,285.0,277.0,282.5
2021/12/17,280.0,281.5,274.5,276.5
2021/12/20,276.5,281.0,275.5,275.5
2021/12/21,278.0,279.0,273.0,275.5
2021/12/22,279.0,279.0,270.5,275.5
2021/12/23,278.5,282.5,276.0,281.0
2021/12/24,282.0,283.0,275.0,276.5
2021/12/27,277.0,280.0,273.5,277.5
2021/12/28,277.5,279.0,275.5,277.5
2021/12/29,279.0,281.0,277.5,279.5
2021/12/30,281.0,281.5,277.5,278.0
2022/01/03,280.0,298.0,275.0,277.5
2022/01/04,277.5,280.0,274.0,277.0
2022/01/05,277.5,281.5,276.0,280.5
2022/01/06,279.0,288.5,279.0,285.0
2022/01/07,285.5,286.0,272.0,273.0
2022/01/10,274.0,276.5,272.5,275.0
2022/01/11,272.5,274.5,261.0,262.5
2022/01/12,270.0,270.0,256.5,262.0
2022/01/13,262.5,266.5,259.0,262.0
2022/01/14,262.0,268.0,258.5,267.0
2022/01/17,267.0,274.0,261.5,274.0
2022/01/18,268.0,282.5,268.0,276.0
2022/01/19,270.0,282.0,270.0,281.5
2022/01/20,278.0,281.0,275.5,279.0
2022/01/21,275.5,278.0,270.0,273.0
2022/01/24,267.0,275.0,266.5,275.0
2022/01/25,274.0,274.5,264.0,265.0
2022/01/26,266.5,267.5,256.5,264.5
2022/02/07,275.0,275.0,269.0,271.5
2022/02/08,277.0,284.0,271.0,275.0
2022/02/09,276.5,279.5,274.0,275.5
2022/02/10,277.5,286.0,276.0,285.5
2022/02/11,285.0,285.0,279.0,279.0
2022/02/14,277.0,277.0,269.5,271.5
2022/02/15,271.0,274.0,270.5,271.0
2022/02/16,275.0,277.0,271.5,275.5
2022/02/17,276.5,280.0,276.0,280.0
2022/02/18,276.0,278.0,273.0,278.0
2022/02/21,275.5,278.0,274.0,278.0
2022/02/22,275.5,279.0,272.5,279.0
2022/02/23,275.5,288.0,275.5,288.0
2022/02/24,285.0,287.0,278.0,279.0
2022/02/25,283.5,286.5,267.0,270.0
2022/03/01,272.0,274.5,265.0,273.0
2022/03/02,271.0,275.5,269.0,275.5
2022/03/03,278.0,279.0,272.0,274.0
2022/03/04,272.0,275.0,270.0,273.0
2022/03/07,267.0,267.5,257.5,262.0
2022/03/08,250.0,263.5,249.5,254.0
2022/03/09,257.0,258.0,252.0,254.0
2022/03/10,262.0,262.0,258.0,260.0
2022/03/11,260.0,261.0,251.0,253.0
2022/03/14,253.0,256.5,248.0,252.5
2022/03/15,253.5,254.5,248.5,249.0
2022/03/16,252.0,252.5,241.0,244.5
2022/03/17,251.5,258.5,248.5,258.5
2022/03/18,255.0,258.0,254.5,255.0
2022/03/21,258.5,259.0,255.0,256.0
2022/03/22,263.0,263.0,257.0,257.5
2022/03/23,260.5,262.0,257.5,258.5
2022/03/24,258.5,258.5,254.0,257.0
2022/03/25,259.5,260.0,257.0,257.0
2022/03/28,257.0,261.5,255.0,261.0
2022/03/29,261.5,263.0,258.5,259.0
2022/03/30,261.5,265.5,261.0,261.0
2022/03/31,261.0,262.0,256.5,258.0
2022/04/01,258.0,261.0,255.0,261.0
2022/04/06,257.0,259.5,255.0,257.0
2022/04/07,255.5,258.0,251.0,255.0
2022/04/08,260.0,263.5,255.5,257.0
2022/04/11,255.5,256.0,234.5,240.0
2022/04/12,233.5,244.5,233.0,237.0
2022/04/13,232.0,239.5,232.0,238.5
2022/04/14,238.5,242.0,238.0,240.5
2022/04/15,237.0,237.0,234.0,235.5
2022/04/18,232.0,236.5,230.0,234.5
2022/04/19,239.5,240.5,234.0,236.0
2022/04/20,238.0,242.5,238.0,242.5
2022/04/21,241.5,246.0,240.5,245.0
2022/04/22,240.5,245.0,240.5,243.5
2022/04/25,238.0,240.5,235.0,235.5
2022/04/26,236.5,239.0,233.0,235.5
2022/04/27,231.0,235.0,224.0,233.0
2022/04/28,238.0,238.5,214.0,216.0
2022/04/29,219.0,224.0,218.5,222.0
2022/05/03,219.0,222.0,214.0,215.0
2022/05/04,214.5,224.5,214.0,222.0
2022/05/05,224.0,227.5,221.0,222.0
2022/05/06,215.0,217.5,213.5,215.0
2022/05/09,213.5,213.5,208.5,210.5
2022/05/10,205.5,215.0,205.0,214.0
2022/05/11,210.5,216.0,210.0,210.5
2022/05/12,212.5,217.5,211.0,213.0
2022/05/13,216.5,227.0,215.0,224.0
2022/05/16,228.5,230.5,216.5,219.5
2022/05/17,220.0,223.0,218.5,221.0
2022/05/18,221.5,230.0,221.5,227.5
2022/05/19,222.5,227.0,220.5,226.0
2022/05/20,226.0,229.0,224.5,228.0
2022/05/23,231.5,231.5,225.0,226.0
2022/05/24,227.5,230.0,223.0,225.0
2022/05/25,225.0,228.0,223.5,226.0
2022/05/26,228.0,238.0,228.0,233.0
2022/05/27,236.0,242.0,230.5,232.5
2022/05/30,235.5,235.5,228.0,233.0
2022/05/31,233.0,235.0,231.0,232.5
2022/06/01,233.0,234.0,228.5,230.0
2022/06/02,229.5,230.0,224.5,225.0
2022/06/06,225.5,231.5,224.5,230.0
2022/06/07,230.0,233.5,230.0,232.5
2022/06/08,232.5,243.5,232.5,239.5
2022/06/09,240.5,242.0,238.0,240.5
2022/06/10,237.0,240.5,236.5,239.0
2022/06/13,234.0,235.0,233.0,233.0
2022/06/14,231.0,233.0,225.5,228.0
2022/06/15,230.0,231.0,223.0,224.0
2022/06/16,229.0,229.0,211.5,212.5
2022/06/17,208.0,211.0,202.5,206.0
2022/06/20,206.5,208.0,195.5,195.5
2022/06/21,198.0,199.0,193.0,197.0
2022/06/22,198.0,198.5,180.5,184.0
2022/06/23,188.0,189.5,182.5,185.5
2022/06/24,187.0,192.5,184.0,187.0
2022/06/27,190.0,200.0,190.0,194.5
2022/06/28,195.0,195.5,185.0,191.5
2022/06/29,186.5,190.5,186.5,189.0
2022/06/30,189.0,190.0,177.0,178.5
2022/07/01,180.0,183.5,173.0,173.5
2022/07/04,177.5,177.5,168.0,172.5
2022/07/05,176.0,177.0,165.5,170.5
2022/07/06,173.0,174.0,162.0,163.5
2022/07/07,166.0,166.5,158.0,165.0
2022/07/08,167.5,170.5,164.5,166.5
2022/07/11,169.0,170.5,166.0,168.0
2022/07/12,162.5,163.5,151.5,151.5
2022/07/13,155.5,156.0,145.0,149.0
2022/07/14,148.5,158.0,147.0,157.0
2022/07/15,154.5,156.5,146.5,154.5
2022/07/18,153.0,156.0,148.5,156.0
2022/07/19,153.0,164.0,153.0,160.0
2022/07/20,163.0,168.0,162.0,163.5
2022/07/21,166.0,170.0,163.5,170.0
2022/07/22,171.5,174.5,165.5,166.5
2022/07/25,166.0,166.5,160.5,161.5
2022/07/26,162.0,163.0,158.5,161.0
2022/07/27,161.0,164.0,158.0,164.0
2022/07/28,166.5,166.5,155.5,158.5
2022/07/29,161.0,167.0,159.0,166.0
2022/08/01,167.5,171.5,163.5,168.0
2022/08/02,166.0,167.0,161.0,163.0
2022/08/03,162.0,164.0,160.0,161.5
2022/08/04,160.5,162.5,157.0,162.0
2022/08/05,162.0,164.5,161.0,163.5
2022/08/08,160.5,161.0,158.0,160.0
2022/08/09,159.0,164.0,158.5,163.0
2022/08/10,161.0,163.5,160.5,161.5
2022/08/11,164.5,167.0,162.0,166.5
2022/08/12,166.5,172.5,165.5,171.0
2022/08/15,175.0,180.0,171.5,176.5
2022/08/16,177.5,178.0,175.0,175.0
2022/08/17,176.0,178.0,174.0,176.0
2022/08/18,175.0,176.0,171.5,174.5
2022/08/19,176.0,181.0,174.5,176.5
2022/08/22,171.0,178.0,170.0,174.0
2022/08/23,172.0,176.0,172.0,174.0
2022/08/24,175.0,176.0,172.0,173.0
2022/08/25,165.5,167.0,163.0,164.5
2022/08/26,166.5,167.0,164.5,165.5
2022/08/29,160.5,161.0,156.5,157.5
2022/08/30,157.5,161.5,157.0,160.0
2022/08/31,159.5,162.5,159.0,162.0
2022/09/01,161.0,161.0,156.5,157.5
2022/09/02,158.5,173.0,157.5,170.0
2022/09/05,171.0,176.0,168.0,171.5
2022/09/06,172.0,179.5,163.5,164.5
2022/09/07,163.0,171.5,159.5,170.5
2022/09/08,171.5,175.5,169.0,170.0
2022/09/12,173.5,174.5,168.0,171.0
2022/09/13,173.0,173.5,170.0,171.0
2022/09/14,166.0,170.0,165.0,166.5
2022/09/15,167.5,176.0,166.0,174.0
2022/09/16,174.0,178.0,169.0,171.5
2022/09/19,171.5,172.0,166.5,167.0
2022/09/20,169.0,172.0,168.0,172.0
2022/09/21,170.5,172.5,168.5,170.5
2022/09/22,168.0,169.5,165.0,168.5
2022/09/23,168.5,170.5,165.5,166.5
2022/09/26,166.5,167.5,161.0,167.5
2022/09/27,168.0,176.0,168.0,176.0
2022/09/28,176.0,178.0,166.5,168.0
2022/09/29,170.5,172.5,155.5,158.5
2022/09/30,153.5,160.0,149.0,160.0
2022/10/03,156.5,164.0,154.5,160.0
2022/10/04,163.0,165.0,157.0,161.5
2022/10/05,164.5,167.0,159.0,159.5
2022/10/06,162.0,163.0,158.5,159.5
2022/10/07,158.0,159.5,154.5,155.0
2022/10/11,149.0,150.5,139.5,139.5
2022/10/12,139.5,141.5,134.0,138.0
2022/10/13,136.5,139.0,134.5,136.5
2022/10/14,142.5,144.5,140.0,141.5
2022/10/17,138.0,142.0,135.0,139.0
2022/10/18,141.5,144.5,141.0,143.5
2022/10/19,143.5,146.5,142.0,142.0
2022/10/20,140.5,144.0,133.0,144.0
2022/10/21,140.0,141.0,135.0,135.0
2022/10/24,138.0,142.5,137.5,139.5
2022/10/25,137.0,139.0,130.5,136.0
2022/10/26,133.5,134.5,128.0,130.0
2022/10/27,131.5,139.5,130.5,139.0
2022/10/28,135.5,140.0,135.0,137.0
2022/10/31,141.5,146.5,140.5,146.5
2022/11/01,148.0,154.0,146.0,148.0
2022/11/02,149.5,162.5,148.5,157.5
2022/11/03,154.5,161.5,153.5,160.5
2022/11/04,159.5,164.5,157.5,164.5
2022/11/07,166.0,166.5,158.5,164.5
2022/11/08,165.5,170.0,162.0,163.5
2022/11/09,164.5,170.0,164.0,169.0
2022/11/10,168.0,171.0,166.5,170.5
2022/11/11,176.0,178.0,169.5,174.5
2022/11/14,176.5,178.0,170.5,172.0
2022/11/15,172.0,174.5,169.5,173.5
2022/11/16,175.5,176.5,171.0,174.0
2022/11/17,174.0,178.0,173.0,175.5
2022/11/18,177.5,179.0,174.5,175.5
2022/11/21,177.5,177.5,172.5,172.5
2022/11/22,173.5,177.5,172.5,177.0
2022/11/23,178.5,188.0,176.0,186.0
2022/11/24,187.0,188.5,180.0,186.5
2022/11/25,187.0,188.0,180.0,180.0
2022/11/28,180.0,182.5,177.0,180.5
2022/11/29,180.0,186.0,179.5,182.5
2022/11/30,184.0,194.0,182.0,190.5
2022/12/01,193.5,201.0,191.5,196.5
2022/12/02,196.5,196.5,190.0,190.5
2022/12/05,191.0,195.0,190.5,191.5
2022/12/06,190.0,193.0,189.0,189.5
2022/12/07,188.0,189.0,181.0,186.5
2022/12/08,185.0,194.0,183.5,193.5
2022/12/09,193.5,197.5,189.5,197.5
2022/12/12,195.0,196.0,188.0,189.5
2022/12/13,192.0,192.5,186.0,187.0
2022/12/14,189.0,193.5,183.5,189.0
2022/12/15,187.5,192.0,186.5,189.0
2022/12/16,185.5,188.0,182.0,182.0
2022/12/19,182.0,183.5,177.5,181.5
2022/12/20,180.0,182.0,172.5,173.0
2022/12/21,173.5,175.0,169.5,172.5
2022/12/22,175.0,178.0,171.0,178.0
2022/12/23,173.0,178.0,171.5,176.5
2022/12/26,177.0,179.0,173.5,174.5
2022/12/27,175.5,176.5,174.5,176.0
2022/12/28,174.5,175.5,172.0,173.0
2022/12/29,171.5,174.5,169.0,174.0
2022/12/30,176.0,177.0,171.0,171.0
2023/01/03,169.0,177.5,169.0,176.5
2023/01/04,175.0,181.0,174.5,180.0
2023/01/05,180.0,181.5,171.5,174.5
2023/01/06,174.0,177.5,172.5,176.5
2023/01/09,179.5,185.0,179.5,185.0
2023/01/10,185.0,188.0,183.0,186.0
2023/01/11,187.0,187.5,181.0,181.0
2023/01/12,183.0,187.0,182.0,184.0
2023/01/13,186.5,186.5,179.5,180.0
2023/01/16,176.5,179.5,169.5,176.5
2023/01/17,175.0,178.5,175.0,178.5
2023/01/30,184.0,184.5,179.5,180.5
2023/01/31,183.0,187.0,179.0,180.5
2023/02/01,184.0,194.0,182.0,189.0
2023/02/02,189.5,191.5,186.5,187.0
2023/02/03,189.0,192.0,186.5,190.0
2023/02/06,188.0,188.0,182.5,182.5
2023/02/07,182.5,184.5,181.0,184.0
2023/02/08,185.0,186.0,182.5,184.5
2023/02/09,185.0,191.0,183.5,190.0
2023/02/10,191.5,192.5,188.0,190.0
2023/02/13,190.5,193.5,189.5,191.5
2023/02/14,193.0,193.5,188.0,189.5
2023/02/15,188.5,190.5,186.0,187.0
2023/02/16,189.5,191.0,188.5,190.5
2023/02/17,188.5,189.5,186.0,187.5
2023/02/20,187.5,190.5,184.5,190.5
2023/02/21,190.5,193.5,189.5,192.0
2023/02/22,190.0,190.0,185.0,185.5
2023/02/23,187.0,188.0,184.5,185.0
2023/02/24,188.5,195.0,188.0,190.5
2023/03/01,190.0,190.5,185.0,188.0
2023/03/02,188.0,189.5,186.5,189.0
2023/03/03,190.0,194.0,189.0,189.5
2023/03/06,191.5,195.0,191.5,192.5
2023/03/07,193.5,195.5,191.0,194.5
2023/03/08,193.0,196.0,191.5,195.0
2023/03/09,196.0,196.0,190.0,190.0
2023/03/10,190.0,191.0,182.5,183.5
2023/03/13,183.0,183.0,177.0,180.0
2023/03/14,177.0,178.5,171.0,172.5
2023/03/15,174.0,175.0,170.5,171.0
2023/03/16,171.5,173.5,168.0,169.5
2023/03/17,171.5,172.5,168.0,170.5
2023/03/20,171.0,171.0,168.5,170.5
2023/03/21,172.0,174.5,170.5,173.0
2023/03/22,174.5,180.0,174.0,178.5
2023/03/23,178.0,179.0,176.0,178.0
2023/03/24,178.0,179.5,177.0,177.0
2023/03/27,178.5,181.0,176.5,180.0
2023/03/28,180.0,181.5,174.5,176.0
2023/03/29,177.5,180.5,176.5,179.5
2023/03/30,181.0,183.0,180.5,183.0
2023/03/31,184.5,184.5,181.0,182.0
2023/04/06,181.0,182.5,178.0,178.5
2023/04/07,180.5,182.0,179.5,179.5
2023/04/10,180.0,182.5,178.5,182.0
2023/04/11,182.0,186.5,181.5,185.0
2023/04/12,185.5,188.0,184.0,185.5
2023/04/13,184.0,186.5,180.5,183.0
2023/04/14,185.0,186.5,183.5,185.0
2023/04/17,184.5,184.5,180.5,183.5
2023/04/18,184.0,184.0,181.5,182.0
2023/04/19,182.0,182.5,175.0,176.5
2023/04/20,176.5,177.0,173.0,173.0
2023/04/21,173.0,174.0,169.0,169.0
2023/04/24,169.0,171.0,166.5,167.0
2023/04/25,168.0,168.0,159.0,160.0
2023/04/26,157.0,159.0,150.0,153.5
2023/04/27,155.0,168.0,153.0,162.0
2023/04/28,164.5,169.0,163.0,163.5
2023/05/02,164.0,164.5,159.5,160.0
2023/05/03,159.0,165.5,159.0,164.5
2023/05/04,163.5,167.5,163.0,164.0
2023/05/05,163.5,170.5,163.0,170.0
2023/05/08,172.0,173.5,169.0,172.0
2023/05/09,171.5,172.5,168.0,171.0
2023/05/10,171.0,171.0,167.0,168.0
2023/05/11,168.5,169.0,164.5,165.5
2023/05/12,165.0,166.0,161.5,161.5
2023/05/15,160.5,165.5,160.5,164.0
2023/05/16,169.0,171.5,167.5,170.5
2023/05/17,170.5,171.5,169.0,169.5
2023/05/18,172.5,180.5,172.0,179.0
2023/05/19,182.0,186.5,178.0,184.5
2023/05/22,185.5,202.0,185.5,191.0
2023/05/23,191.5,191.5,185.0,187.5
2023/05/24,189.5,194.5,187.5,190.5
2023/05/25,198.0,206.5,190.5,204.0
2023/05/26,208.0,211.0,200.5,202.5
2023/05/29,209.0,210.5,200.0,204.5
2023/05/30,204.5,211.5,201.5,211.5
2023/05/31,212.5,215.0,207.0,211.0
2023/06/01,210.0,211.0,206.5,210.0
2023/06/02,212.5,212.5,206.5,210.0
2023/06/05,211.5,212.0,205.0,209.0
2023/06/06,213.5,214.5,207.0,209.5
2023/06/07,215.5,230.0,213.0,230.0
2023/06/08,230.0,243.5,228.0,230.5
2023/06/09,236.0,240.0,231.5,234.5
2023/06/12,235.0,236.5,228.5,235.5
2023/06/13,237.5,241.0,232.0,239.0
2023/06/14,239.0,246.0,237.5,242.5
2023/06/15,244.0,250.0,241.0,249.0
2023/06/16,249.0,249.0,242.0,244.0
2023/06/19,243.5,246.5,238.0,241.5
2023/06/20,244.0,247.5,241.0,243.0
2023/06/21,244.5,244.5,238.5,240.5
2023/06/26,235.0,236.0,230.0,232.0
2023/06/27,227.5,233.0,225.0,226.5
2023/06/28,231.0,232.0,226.0,226.0
2023/06/29,229.0,237.0,227.5,236.0
2023/06/30,235.0,245.0,233.5,243.5
2023/07/03,238.5,248.5,235.0,247.5
2023/07/04,248.0,269.5,246.0,263.0
2023/07/05,265.5,275.5,259.0,269.0
2023/07/06,263.0,274.0,263.0,266.5
2023/07/07,264.5,268.0,258.0,260.5
2023/07/10,261.0,283.5,260.5,277.5
2023/07/11,279.0,304.0,279.0,295.0
2023/07/12,291.5,305.0,291.5,297.5
2023/07/13,300.0,319.0,297.5,304.5
2023/07/14,310.0,314.0,298.0,306.5
2023/07/17,301.0,313.0,301.0,305.0
2023/07/18,319.5,333.0,311.0,326.0
2023/07/19,325.5,327.5,312.5,318.0
2023/07/20,327.0,340.0,324.0,330.5
2023/07/21,299.5,334.5,299.5,324.5
2023/07/24,325.0,356.5,325.0,356.5
2023/07/25,356.0,363.5,347.0,354.5
2023/07/26,358.5,362.0,350.5,354.0
2023/07/27,389.0,389.0,389.0,389.0
2023/07/28,409.0,427.5,403.0,418.0
2023/07/31,428.5,433.5,391.5,414.0
2023/08/01,408.5,419.5,397.0,403.5
2023/08/02,405.5,427.0,393.0,400.5
2023/08/04,396.0,406.0,388.0,400.0
2023/08/07,415.0,440.0,414.0,440.0
2023/08/08,440.5,452.0,430.5,440.5
2023/08/09,431.5,446.5,422.5,443.5
2023/08/10,434.5,437.5,399.5,406.5
2023/08/11,402.0,413.5,391.5,405.0
2023/08/14,394.0,413.5,393.0,406.0
2023/08/15,424.0,435.5,418.0,425.0
2023/08/16,419.0,442.5,417.5,438.5
2023/08/17,437.5,441.5,424.0,435.5
2023/08/18,432.5,443.5,416.5,427.0
2023/08/21,435.0,439.5,421.0,422.0
2023/08/22,433.0,439.5,426.5,433.5
2023/08/23,433.5,454.5,431.0,442.0
2023/08/24,450.0,462.0,441.0,445.0
2023/08/25,430.0,442.0,415.5,420.0
2023/08/28,423.0,425.5,403.5,404.0
2023/08/29,408.5,411.5,397.0,403.5
2023/08/30,420.0,427.0,413.0,415.5
2023/08/31,420.0,447.0,420.0,437.5
2023/09/01,445.0,449.5,427.0,438.5
2023/09/04,442.5,446.5,431.0,439.0
2023/09/05,439.0,457.5,438.0,455.0
2023/09/06,460.0,460.0,441.5,450.0
2023/09/07,447.0,449.5,442.0,446.5
2023/09/08,447.5,454.0,434.0,446.5
2023/09/11,448.0,449.0,421.0,437.0
2023/09/12,435.0,442.0,425.0,431.0
2023/09/13,431.0,431.0,406.0,421.5
2023/09/14,423.0,432.0,421.0,424.0
2023/09/15,423.0,426.0,411.5,423.0
2023/09/18,417.0,417.0,404.5,406.5
2023/09/19,404.5,411.5,394.0,398.0
2023/09/20,399.5,417.0,398.0,406.5
2023/09/21,398.0,402.0,386.0,392.5
2023/09/22,389.0,406.0,382.0,402.0
2023/09/25,402.0,412.0,400.0,408.5
2023/09/26,410.0,417.0,409.0,415.0
2023/09/27,412.0,418.0,406.5,418.0
2023/09/28,421.5,433.0,421.0,428.0
2023/10/02,438.0,454.5,438.0,449.0
2023/10/03,447.5,451.5,435.0,435.5
2023/10/04,428.0,441.0,427.0,441.0
2023/10/05,440.5,450.0,429.0,445.0
2023/10/06,449.5,450.0,433.5,439.5
2023/10/11,445.0,449.0,430.0,431.0
2023/10/12,435.5,444.0,426.0,428.5
2023/10/13,435.5,443.5,423.0,425.5
2023/10/16,421.0,422.0,410.5,411.0
2023/10/17,417.0,421.0,404.0,418.0
2023/10/18,405.5,412.0,397.0,402.0
2023/10/19,393.0,407.0,392.5,400.0
2023/10/20,398.5,405.5,386.0,403.0
2023/10/23,399.0,408.0,397.5,400.0
2023/10/24,400.0,413.5,396.0,413.5
2023/10/25,412.5,419.5,410.0,415.5
2023/10/26,410.0,413.5,388.5,388.5
2023/10/27,393.0,396.0,381.5,383.0
2023/10/30,384.5,392.5,382.5,387.0
2023/10/31,389.5,392.5,353.0,359.0
2023/11/01,361.0,363.0,352.0,363.0
2023/11/02,371.5,390.0,371.5,383.0
2023/11/03,382.5,393.0,381.0,388.0
2023/11/06,395.5,401.0,393.0,400.5
2023/11/07,402.5,404.5,395.0,399.5
2023/11/08,401.0,414.5,401.0,404.0
2023/11/09,407.0,413.5,404.0,413.5
2023/11/10,410.0,418.0,409.0,417.0
2023/11/13,421.5,425.0,415.0,422.0
2023/11/14,422.5,429.0,417.0,419.0
2023/11/15,426.0,426.5,409.5,411.0
2023/11/16,413.0,414.5,404.5,414.5
2023/11/17,414.0,421.0,411.0,417.5
2023/11/20,419.5,446.0,416.0,440.0
2023/11/21,440.0,441.5,425.5,436.0
2023/11/22,430.0,431.5,422.0,424.5
2023/11/23,426.0,434.0,422.0,422.5
2023/11/24,425.0,430.5,419.5,422.0
2023/11/27,422.0,423.0,398.0,398.0
2023/11/28,390.0,390.0,373.5,378.5
2023/11/29,380.0,386.0,369.0,372.0
2023/11/30,378.0,386.0,371.0,380.0
2023/12/01,381.0,395.5,377.0,389.0
2023/12/04,394.0,403.0,389.5,391.5
2023/12/05,386.5,387.5,377.5,385.0
2023/12/06,389.0,393.0,386.0,386.5
2023/12/07,385.5,389.5,383.0,384.0
2023/12/08,389.5,398.5,386.0,393.5
2023/12/11,395.0,395.5,391.5,391.5
2023/12/12,393.0,396.5,380.5,381.0
2023/12/13,383.5,390.0,381.0,383.0
2023/12/14,387.0,387.5,375.5,378.0
2023/12/15,375.5,378.5,372.0,376.0
2023/12/18,376.0,377.5,368.5,368.5
2023/12/19,371.0,371.0,362.0,365.5
2023/12/20,366.5,372.5,365.0,366.5
2023/12/21,364.5,373.0,359.0,371.0
2023/12/22,374.0,377.5,371.0,375.5
2023/12/25,378.0,380.0,372.0,372.0
2023/12/26,374.0,376.5,371.5,374.5
2023/12/27,377.0,379.5,372.5,377.5
2023/12/28,379.0,386.5,377.0,377.0
2023/12/29,377.0,383.0,376.0,382.0
2024/01/02,382.0,382.0,363.0,366.0
2024/01/03,363.0,368.5,360.5,362.5
2024/01/04,363.0,366.0,353.0,361.5
2024/01/05,361.5,365.5,358.0,365.5
2024/01/08,371.0,374.5,362.0,363.0
2024/01/09,368.0,371.5,361.5,366.0
2024/01/10,363.0,364.5,358.5,358.5
2024/01/11,355.5,378.5,355.0,376.0
2024/01/12,374.0,383.0,374.0,381.5
2024/01/15,383.5,393.0,381.5,385.0
2024/01/16,385.0,394.0,383.5,392.0
2024/01/17,393.5,395.5,384.0,385.0
2024/01/18,385.0,393.5,379.5,382.0
2024/01/19,388.0,398.0,382.0,396.0
2024/01/22,415.0,435.5,412.5,435.5
2024/01/23,429.5,439.0,426.5,439.0
2024/01/24,439.0,441.0,424.5,424.5
2024/01/25,430.0,431.0,412.0,414.5
2024/01/26,416.5,419.5,408.5,414.5
2024/01/29,418.5,434.0,418.5,431.5
2024/01/30,437.5,474.5,429.0,470.5
2024/01/31,468.5,478.0,460.0,461.0
2024/02/01,454.0,456.0,445.5,450.0
2024/02/02,465.0,484.0,463.0,475.0
2024/02/05,480.5,500.0,480.0,497.5
2024/02/15,535.0,547.0,530.0,545.0
2024/02/16,546.0,550.0,514.0,534.0
2024/02/19,529.0,541.0,511.0,515.0
2024/02/20,511.0,513.0,491.0,509.0
2024/02/21,499.5,505.0,490.5,492.5
2024/02/22,513.0,519.0,490.5,490.5
2024/02/23,507.0,520.0,500.0,510.0
2024/02/26,510.0,529.0,504.0,524.0
2024/02/27,525.0,525.0,492.0,504.0
2024/02/29,502.0,505.0,493.0,495.0
2024/03/01,498.0,510.0,488.0,494.0
2024/03/04,500.0,502.0,482.0,487.0
2024/03/05,494.0,509.0,489.0,498.5
2024/03/06,495.0,525.0,494.0,514.0
2024/03/07,524.0,538.0,514.0,522.0
2024/03/08,536.0,536.0,490.0,490.0
2024/03/11,488.0,501.0,486.5,496.0
2024/03/12,490.0,498.0,450.0,450.0
2024/03/13,444.0,449.0,405.0,405.0
2024/03/14,404.0,410.0,390.0,394.0
2024/03/15,399.0,416.5,396.0,414.0
2024/03/18,416.0,418.0,402.0,412.0
2024/03/19,413.5,424.5,407.0,418.0
2024/03/20,423.5,423.5,406.0,406.0
2024/03/21,412.5,435.0,407.5,420.5
2024/03/22,440.0,440.0,426.5,427.5
2024/03/25,427.5,430.5,420.5,420.5
2024/03/26,423.0,429.0,407.0,409.0
2024/03/27,415.0,418.0,409.0,415.0
2024/03/28,419.0,424.5,402.5,403.0
2024/03/29,403.0,407.5,400.0,403.5
2024/04/01,407.5,408.5,397.5,398.5
2024/04/02,400.0,405.0,397.5,400.5
2024/04/03,402.0,419.5,400.5,410.5
2024/04/08,429.0,449.5,426.5,445.0
2024/04/09,445.0,450.0,433.5,434.5
2024/04/10,438.0,438.0,400.0,405.5
2024/04/11,402.5,407.5,399.5,400.5
2024/04/12,403.5,408.0,401.0,402.0
2024/04/15,400.0,403.5,383.0,383.0
2024/04/16,375.0,380.0,368.5,374.5
2024/04/17,374.5,378.0,371.0,372.5
2024/04/18,372.5,391.0,370.0,385.0
2024/04/19,378.5,388.5,360.0,375.5
2024/04/22,371.0,372.5,350.5,350.5
2024/04/23,363.0,381.5,356.0,376.0
2024/04/24,388.0,397.5,386.0,391.5
2024/04/25,385.0,402.0,382.5,382.5
2024/04/26,393.0,402.0,390.0,397.0
2024/04/29,407.5,412.0,403.0,406.5
2024/04/30,412.0,417.5,401.5,412.0
2024/05/02,426.0,434.0,417.5,421.5
2024/05/03,432.0,435.0,416.5,416.5
2024/05/06,428.5,434.5,422.5,426.0
2024/05/07,429.0,429.0,409.0,420.0
2024/05/08,420.0,428.0,417.5,425.5
2024/05/09,428.0,429.0,419.0,422.5
2024/05/10,427.5,427.5,413.0,416.0
2024/05/13,415.0,415.5,403.5,412.0
2024/05/14,412.0,416.5,404.5,408.5
2024/05/15,414.5,426.0,411.0,420.5
2024/05/16,428.0,439.5,427.5,433.5
2024/05/17,437.0,451.5,432.5,448.0
2024/05/20,450.5,450.5,432.0,432.0
2024/05/21,432.0,434.0,424.5,424.5
2024/05/22,429.5,434.5,425.0,431.0
2024/05/23,435.5,437.5,421.0,430.5
2024/05/24,425.5,433.5,424.0,430.5
2024/05/27,437.5,442.0,429.0,434.5
2024/05/28,434.5,437.5,422.5,422.5
2024/05/29,423.5,431.5,423.0,427.0
2024/05/30,427.0,427.0,415.0,415.5
2024/05/31,417.0,419.5,408.5,408.5
2024/06/03,419.0,440.5,415.5,435.0
2024/06/04,434.5,439.5,429.5,430.5
2024/06/05,436.0,436.0,423.5,434.5
2024/06/06,442.0,444.5,430.0,442.0
2024/06/07,443.0,449.0,435.0,438.0
2024/06/11,433.0,434.0,417.0,422.5
2024/06/12,431.5,462.0,430.5,452.5
2024/06/13,463.5,466.5,448.0,451.5
2024/06/14,460.0,463.0,447.5,462.0
2024/06/17,473.0,474.0,450.0,450.0
2024/06/18,456.0,458.0,448.0,451.0
2024/06/19,457.0,457.5,444.0,444.5
2024/06/20,445.0,465.0,445.0,462.5
2024/06/21,457.0,458.0,448.0,453.0
2024/06/24,453.0,467.0,448.0,457.5
2024/06/25,458.5,464.0,445.0,464.0
2024/06/26,472.5,479.0,467.5,472.5
2024/06/27,471.0,482.0,466.5,479.5
2024/06/28,477.5,483.5,474.0,475.0
2024/07/01,475.0,477.5,463.5,466.0
2024/07/02,471.0,487.5,464.0,484.5
2024/07/03,491.0,506.0,488.0,492.5
2024/07/04,500.0,502.0,491.5,494.0
2024/07/05,498.0,515.0,495.5,508.0
2024/07/08,510.0,511.0,498.5,501.0
2024/07/09,501.0,508.0,489.0,506.0
2024/07/10,509.0,512.0,498.0,509.0
2024/07/11,514.0,517.0,500.0,500.0
2024/07/12,492.0,493.0,470.0,470.0
2024/07/15,475.5,479.0,459.5,470.0
2024/07/16,475.0,480.0,471.0,474.5
2024/07/17,474.0,475.0,461.5,462.0
2024/07/18,450.0,451.0,441.0,447.5
2024/07/19,445.5,447.0,432.5,433.5
2024/07/22,433.5,435.0,413.0,416.5
2024/07/23,424.0,440.0,420.0,440.0
2024/07/26,417.0,424.5,410.5,416.5
2024/07/29,423.5,425.0,409.0,411.0
2024/07/30,408.0,431.5,403.5,431.0
2024/07/31,425.0,444.0,425.0,438.0
2024/08/01,448.5,452.0,420.0,420.5
2024/08/02,405.0,426.0,402.5,413.5
2024/08/05,395.0,404.0,373.5,388.0
2024/08/06,425.0,426.5,394.5,426.5
2024/08/07,430.5,448.0,428.5,444.0
2024/08/08,439.0,446.0,433.0,442.0
2024/08/09,451.5,455.0,439.0,439.5
2024/08/12,445.0,451.0,439.0,446.5
2024/08/13,447.0,448.5,428.0,428.0
2024/08/14,435.5,438.5,429.5,433.0
2024/08/15,432.5,440.0,429.0,436.0
2024/08/16,443.5,445.0,436.5,437.5
2024/08/19,441.0,442.0,435.0,437.5
2024/08/20,440.0,444.0,430.0,431.0
2024/08/21,430.0,437.0,429.5,430.0
2024/08/22,430.0,435.0,430.0,433.0
2024/08/23,431.0,446.5,427.0,446.0
2024/08/26,451.0,453.5,439.0,439.0
2024/08/27,439.0,444.0,438.0,443.5
2024/08/28,444.0,457.0,441.0,451.5
2024/08/29,441.5,449.0,435.5,440.0
2024/08/30,442.0,466.0,442.0,465.0
2024/09/02,472.5,483.0,468.0,470.5
2024/09/03,485.0,507.0,481.5,500.0
2024/09/04,475.0,492.5,465.0,468.0
2024/09/05,479.5,497.0,473.0,491.0
2024/09/06,484.0,493.0,476.0,490.5
2024/09/09,479.0,489.0,472.0,479.5
2024/09/10,484.0,485.5,454.0,458.0
2024/09/11,463.5,463.5,455.0,456.0
2024/09/12,474.5,483.0,467.5,479.5
2024/09/13,485.0,485.0,462.0,463.5
2024/09/16,466.5,474.0,465.0,472.0
2024/09/18,468.0,474.0,458.0,458.0
2024/09/19,465.0,477.0,462.0,475.0
2024/09/20,480.5,482.5,471.0,472.0
2024/09/23,474.5,480.0,468.5,468.5
2024/09/24,470.0,471.5,457.0,461.5
2024/09/25,467.0,475.0,463.5,473.0
2024/09/26,475.0,478.0,465.5,466.0
2024/09/27,471.5,474.5,464.0,468.0
2024/09/30,466.5,466.5,445.0,447.0
2024/10/01,451.5,456.5,437.5,442.0
2024/10/04,442.0,442.0,413.0,414.5
2024/10/07,418.5,433.0,416.5,431.5
2024/10/08,433.0,435.5,422.0,433.0
2024/10/09,435.0,436.0,417.0,419.0
2024/10/11,420.5,421.0,411.5,416.0
2024/10/14,418.5,421.5,414.0,417.5
2024/10/15,422.0,424.0,414.5,418.0
2024/10/16,416.0,419.0,412.0,416.0
2024/10/17,418.5,431.5,417.0,431.5
2024/10/18,434.5,434.5,419.5,420.0
2024/10/21,422.0,432.0,421.0,428.5
2024/10/22,426.5,438.5,426.5,436.0
2024/10/23,436.0,449.5,434.5,444.0
2024/10/24,446.0,447.0,426.0,428.5
2024/10/25,431.0,432.5,427.0,428.5
2024/10/28,430.0,434.0,424.5,429.0
2024/10/29,427.5,428.5,416.0,420.0
2024/10/30,420.0,423.5,417.5,419.5
2024/11/01,398.5,427.5,398.5,427.0
2024/11/04,423.0,429.5,422.5,427.0
2024/11/05,425.0,431.5,425.0,427.0
2024/11/06,429.5,437.0,425.0,431.5
2024/11/07,435.0,440.5,434.5,435.0
2024/11/08,437.0,440.0,431.5,431.5
2024/11/11,432.5,437.0,428.0,435.0
2024/11/12,433.0,439.0,429.0,429.0
2024/11/13,427.5,440.5,427.0,438.5
2024/11/14,439.0,445.0,436.0,441.5
2024/11/15,443.0,448.0,435.5,446.5
2024/11/18,444.0,445.5,424.0,424.5
2024/11/19,426.5,436.0,426.5,434.0
2024/11/20,434.0,453.0,434.0,447.5
2024/11/21,445.5,483.0,445.0,473.0
2024/11/22,477.0,493.0,474.5,482.0
2024/11/25,490.0,491.0,472.5,478.0
2024/11/26,475.5,479.5,467.0,468.0
2024/11/27,469.0,475.0,464.5,467.5
2024/11/28,465.5,476.5,454.0,463.0
2024/11/29,459.0,471.5,456.5,468.5
2024/12/02,474.5,504.0,473.0,504.0
2024/12/03,506.0,513.0,497.5,510.0
2024/12/04,510.0,534.0,506.0,534.0
2024/12/05,533.0,535.0,520.0,527.0
2024/12/06,534.0,540.0,521.0,533.0
2024/12/09,540.0,552.0,536.0,550.0
2024/12/10,545.0,556.0,539.0,554.0
2024/12/11,549.0,583.0,547.0,572.0
2024/12/12,575.0,582.0,565.0,573.0
2024/12/13,573.0,600.0,571.0,599.0
2024/12/16,605.0,611.0,596.0,610.0
2024/12/17,607.0,607.0,581.0,599.0
2024/12/18,597.0,615.0,586.0,615.0
2024/12/19,603.0,620.0,596.0,617.0
2024/12/20,616.0,621.0,591.0,596.0
2024/12/23,606.0,614.0,592.0,608.0
2024/12/24,610.0,614.0,595.0,595.0
2024/12/25,598.0,605.0,588.0,591.0
2024/12/26,594.0,612.0,593.0,605.0
2024/12/27,605.0,630.0,602.0,630.0
2024/12/30,630.0,634.0,610.0,619.0
2024/12/31,614.0,628.0,614.0,618.0
2025/01/02,615.0,618.0,593.0,596.0
2025/01/03,601.0,611.0,598.0,604.0
2025/01/06,606.0,620.0,600.0,620.0
2025/01/07,630.0,633.0,598.0,603.0
2025/01/08,600.0,614.0,590.0,599.0
2025/01/09,600.0,606.0,583.0,585.0
2025/01/10,587.0,594.0,581.0,590.0
2025/01/13,588.0,589.0,558.0,563.0
2025/01/14,569.0,584.0,552.0,578.0
2025/01/15,589.0,598.0,572.0,577.0
2025/01/16,596.0,605.0,584.0,589.0
2025/01/17,591.0,600.0,580.0,598.0
2025/01/20,604.0,605.0,595.0,603.0
2025/01/21,607.0,616.0,597.0,604.0
2025/01/22,612.0,617.0,602.0,614.0
2025/02/03,558.0,572.0,553.0,553.0
2025/02/04,563.0,563.0,540.0,546.0
2025/02/05,553.0,586.0,552.0,576.0
2025/02/06,598.0,613.0,587.0,600.0
2025/02/07,600.0,615.0,596.0,615.0
2025/02/10,612.0,616.0,605.0,612.0
2025/02/11,612.0,627.0,610.0,620.0
2025/02/12,626.0,627.0,603.0,604.0
2025/02/13,610.0,611.0,601.0,603.0
2025/02/14,602.0,607.0,594.0,595.0
2025/02/17,602.0,609.0,592.0,594.0
2025/02/18,598.0,613.0,597.0,612.0
2025/02/19,609.0,616.0,607.0,611.0
2025/02/20,616.0,620.0,603.0,603.0
2025/02/21,606.0,609.0,600.0,601.0
2025/02/24,594.0,601.0,578.0,596.0
2025/02/25,587.0,594.0,573.0,576.0
2025/02/26,594.0,633.0,592.0,633.0
2025/02/27,639.0,641.0,623.0,632.0
2025/03/03,624.0,637.0,613.0,626.0
2025/03/04,611.0,619.0,604.0,604.0
2025/03/05,611.0,620.0,606.0,606.0
2025/03/06,617.0,619.0,601.0,603.0
2025/03/07,601.0,608.0,580.0,580.0
2025/03/10,586.0,589.0,567.0,571.0
2025/03/11,557.0,566.0,547.0,563.0
2025/03/12,573.0,594.0,572.0,573.0
2025/03/13,590.0,593.0,579.0,580.0
2025/03/14,585.0,590.0,580.0,580.0
2025/03/17,587.0,590.0,581.0,586.0
2025/03/18,589.0,608.0,589.0,606.0
2025/03/19,603.0,603.0,581.0,585.0
2025/03/20,590.0,594.0,583.0,583.0
2025/03/21,585.0,601.0,585.0,595.0
2025/03/24,598.0,617.0,597.0,604.0
2025/03/25,614.0,617.0,603.0,611.0
2025/03/26,606.0,610.0,600.0,607.0
2025/03/27,594.0,598.0,585.0,595.0
2025/03/28,589.0,598.0,579.0,585.0
2025/03/31,556.0,565.0,540.0,545.0
2025/04/01,549.0,555.0,538.0,545.0
2025/04/02,546.0,554.0,523.0,527.0
2025/04/07,474.5,474.5,474.5,474.5
2025/04/08,435.0,455.0,429.0,452.0
2025/04/09,443.0,452.0,407.0,407.0
2025/04/10,447.5,447.5,447.5,447.5
2025/04/11,453.0,492.0,447.5,492.0
2025/04/14,520.0,538.0,511.0,516.0
2025/04/15,527.0,545.0,519.0,544.0
2025/04/16,531.0,540.0,517.0,517.0
2025/04/17,513.0,526.0,507.0,515.0
2025/04/18,508.0,531.0,508.0,522.0
2025/04/21,522.0,532.0,516.0,516.0
2025/04/22,500.0,521.0,497.0,499.0
2025/04/23,520.0,527.0,512.0,522.0
2025/04/24,525.0,530.0,515.0,515.0
2025/04/25,527.0,566.0,527.0,566.0
2025/04/28,563.0,564.0,551.0,557.0
2025/04/29,560.0,566.0,548.0,565.0
2025/04/30,559.0,563.0,549.0,556.0
2025/05/02,590.0,611.0,586.0,611.0
2025/05/05,611.0,628.0,604.0,623.0
2025/05/06,612.0,635.0,611.0,624.0
2025/05/07,625.0,632.0,611.0,612.0
2025/05/08,647.0,665.0,625.0,662.0
2025/05/09,667.0,690.0,659.0,679.0
2025/05/12,681.0,686.0,659.0,675.0
2025/05/13,689.0,690.0,665.0,674.0
2025/05/14,688.0,696.0,677.0,687.0
2025/05/15,683.0,690.0,678.0,685.0
2025/05/16,686.0,693.0,679.0,684.0
2025/05/19,684.0,688.0,666.0,667.0
2025/05/20,677.0,684.0,672.0,676.0
2025/05/21,684.0,725.0,680.0,720.0
2025/05/22,712.0,723.0,711.0,714.0
2025/05/23,721.0,728.0,696.0,710.0
2025/05/26,710.0,720.0,707.0,707.0
2025/05/27,710.0,714.0,698.0,706.0
2025/05/28,718.0,728.0,710.0,721.0
2025/05/29,742.0,766.0,742.0,749.0
2025/06/02,744.0,762.0,741.0,758.0
2025/06/03,762.0,788.0,760.0,784.0
2025/06/04,792.0,795.0,775.0,780.0
2025/06/05,781.0,789.0,770.0,789.0
2025/06/06,789.0,799.0,783.0,788.0
2025/06/09,791.0,822.0,763.0,820.0
2025/06/10,832.0,900.0,825.0,890.0
2025/06/11,875.0,887.0,863.0,873.0
2025/06/12,868.0,881.0,851.0,858.0
2025/06/13,848.0,869.0,848.0,860.0
2025/06/16,852.0,879.0,851.0,879.0
2025/06/17,890.0,902.0,857.0,867.0
2025/06/18,855.0,866.0,834.0,845.0
2025/06/19,846.0,852.0,838.0,845.0
2025/06/20,848.0,848.0,822.0,838.0
2025/06/23,825.0,854.0,825.0,834.0
2025/06/24,845.0,870.0,843.0,860.0
2025/06/25,877.0,890.0,858.0,858.0
2025/06/26,869.0,876.0,848.0,855.0
2025/06/27,858.0,877.0,856.0,866.0
2025/06/30,869.0,903.0,869.0,882.0
2025/07/01,894.0,901.0,884.0,900.0
2025/07/02,894.0,909.0,892.0,903.0
2025/07/03,911.0,942.0,899.0,928.0
2025/07/04,935.0,963.0,921.0,923.0
2025/07/07,917.0,924.0,894.0,901.0
2025/07/08,910.0,956.0,908.0,953.0
2025/07/09,944.0,965.0,944.0,957.0
2025/07/10,964.0,990.0,957.0,957.0
2025/07/11,960.0,961.0,927.0,941.0
2025/07/14,935.0,941.0,922.0,928.0
2025/07/15,933.0,970.0,932.0,970.0
2025/07/16,976.0,1005.0,973.0,983.0
2025/07/17,986.0,995.0,962.0,973.0
2025/07/18,988.0,1035.0,985.0,1025.0
2025/07/21,1025.0,1025.0,999.0,1015.0
2025/07/22,1025.0,1025.0,989.0,990.0
2025/07/23,995.0,1010.0,979.0,988.0
2025/07/24,992.0,1005.0,981.0,989.0
2025/07/25,994.0,999.0,981.0,994.0
2025/07/28,997.0,1040.0,995.0,1025.0
2025/07/29,1025.0,1025.0,1000.0,1015.0
2025/07/30,1020.0,1035.0,988.0,1005.0
2025/07/31,1040.0,1105.0,1030.0,1105.0
2025/08/01,1105.0,1165.0,1095.0,1120.0
2025/08/04,1115.0,1145.0,1090.0,1110.0
2025/08/05,1140.0,1165.0,1120.0,1125.0
2025/08/06,1115.0,1125.0,1100.0,1110.0
2025/08/07,1125.0,1155.0,1110.0,1145.0
2025/08/08,1140.0,1150.0,1125.0,1150.0
2025/08/11,1155.0,1175.0,1130.0,1155.0
2025/08/12,1165.0,1195.0,1150.0,1175.0
2025/08/13,1185.0,1215.0,1160.0,1200.0
2025/08/14,1210.0,1225.0,1190.0,1210.0
2025/08/15,1190.0,1280.0,1180.0,1280.0
2025/08/18,1300.0,1310.0,1280.0,1305.0
2025/08/19,1305.0,1345.0,1225.0,1230.0
2025/08/20,1180.0,1205.0,1150.0,1150.0
2025/08/21,1180.0,1260.0,1160.0,1235.0
2025/08/22,1245.0,1260.0,1200.0,1205.0
2025/08/25,1250.0,1255.0,1225.0,1250.0
2025/08/26,1250.0,1250.0,1205.0,1250.0
2025/08/27,1260.0,1295.0,1245.0,1280.0
2025/08/28,1270.0,1275.0,1220.0,1250.0
2025/08/29,1275.0,1285.0,1220.0,1220.0
2025/09/01,1210.0,1225.0,1125.0,1155.0
2025/09/02,1175.0,1180.0,1125.0,1150.0
2025/09/03,1150.0,1170.0,1140.0,1165.0
2025/09/04,1115.0,1155.0,1075.0,1115.0
2025/09/05,1155.0,1165.0,1130.0,1165.0
2025/09/08,1190.0,1190.0,1145.0,1145.0
2025/09/09,1155.0,1255.0,1155.0,1225.0
2025/09/10,1250.0,1270.0,1230.0,1255.0
2025/09/11,1265.0,1380.0,1265.0,1325.0
2025/09/12,1350.0,1360.0,1310.0,1345.0
2025/09/15,1345.0,1345.0,1295.0,1315.0
2025/09/16,1320.0,1330.0,1280.0,1285.0
2025/09/17,1295.0,1325.0,1285.0,1315.0
2025/09/18,1305.0,1340.0,1295.0,1335.0
2025/09/19,1345.0,1350.0,1290.0,1290.0
2025/09/22,1305.0,1325.0,1280.0,1300.0
2025/09/23,1305.0,1390.0,1295.0,1345.0
2025/09/24,1345.0,1350.0,1280.0,1295.0
2025/09/25,1285.0,1305.0,1255.0,1255.0
2025/09/26,1255.0,1265.0,1215.0,1225.0
2025/09/30,1260.0,1265.0,1220.0,1225.0
2025/10/01,1255.0,1265.0,1225.0,1230.0
2025/10/02,1250.0,1320.0,1235.0,1295.0
2025/10/03,1300.0,1310.0,1285.0,1305.0
2025/10/07,1375.0,1375.0,1230.0,1235.0
2025/10/08,1210.0,1220.0,1180.0,1195.0
2025/10/09,1225.0,1235.0,1195.0,1235.0
2025/10/13,1180.0,1200.0,1170.0,1200.0
2025/10/14,1220.0,1230.0,1165.0,1170.0
2025/10/15,1150.0,1165.0,1120.0,1140.0
2025/10/16,1140.0,1175.0,1135.0,1140.0
2025/10/17,1120.0,1140.0,1085.0,1105.0
2025/10/20,1115.0,1155.0,1095.0,1125.0
2025/10/21,1150.0,1155.0,1120.0,1130.0
2025/10/22,1130.0,1130.0,1105.0,1120.0
2025/10/23,1110.0,1135.0,1105.0,1115.0
2025/10/27,1150.0,1185.0,1140.0,1165.0
2025/10/28,1175.0,1260.0,1165.0,1255.0
2025/10/29,1285.0,1290.0,1240.0,1250.0
2025/10/30,1265.0,1295.0,1250.0,1275.0
2025/10/31,1300.0,1400.0,1300.0,1360.0
2025/11/03,1385.0,1435.0,1360.0,1410.0
2025/11/04,1440.0,1525.0,1435.0,1470.0
2025/11/05,1405.0,1465.0,1390.0,1440.0
2025/11/06,1450.0,1460.0,1430.0,1450.0
2025/11/07,1420.0,1435.0,1370.0,1370.0
2025/11/10,1365.0,1385.0,1345.0,1360.0
2025/11/11,1375.0,1380.0,1320.0,1320.0
2025/11/12,1355.0,1415.0,1340.0,1345.0
2025/11/13,1335.0,1395.0,1320.0,1375.0
2025/11/14,1340.0,1425.0,1335.0,1380.0
2025/11/17,1465.0,1510.0,1425.0,1450.0
2025/11/18,1430.0,1445.0,1340.0,1350.0
2025/11/19,1350.0,1360.0,1320.0,1330.0
2025/11/20,1420.0,1445.0,1385.0,1430.0
2025/11/21,1365.0,1390.0,1295.0,1310.0
2025/11/24,1330.0,1345.0,1305.0,1320.0
2025/11/25,1380.0,1450.0,1380.0,1450.0
2025/11/26,1500.0,1535.0,1445.0,1470.0
2025/11/27,1500.0,1515.0,1470.0,1495.0
2025/11/28,1535.0,1560.0,1505.0,1525.0
2025/12/01,1515.0,1515.0,1460.0,1475.0
2025/12/02,1495.0,1540.0,1440.0,1440.0
2025/12/03,1465.0,1470.0,1415.0,1430.0
2025/12/04,1425.0,1450.0,1405.0,1425.0
2025/12/05,1430.0,1505.0,1405.0,1495.0
2025/12/08,1500.0,1500.0,1475.0,1485.0
2025/12/09,1485.0,1515.0,1480.0,1500.0
2025/12/10,1505.0,1605.0,1485.0,1600.0
2025/12/11,1585.0,1630.0,1560.0,1595.0
2025/12/12,1605.0,1635.0,1575.0,1605.0
2025/12/15,1575.0,1625.0,1555.0,1605.0
2025/12/16,1580.0,1590.0,1465.0,1495.0
2025/12/17,1505.0,1550.0,1495.0,1495.0
2025/12/18,1470.0,1515.0,1470.0,1500.0
2025/12/19,1535.0,1565.0,1530.0,1550.0
2025/12/22,1575.0,1610.0,1560.0,1600.0
2025/12/23,1615.0,1630.0,1590.0,1615.0
2025/12/24,1650.0,1695.0,1630.0,1690.0
2025/12/26,1685.0,1695.0,1640.0,1640.0
2025/12/29,1650.0,1680.0,1645.0,1675.0
2025/12/30,1665.0,1665.0,1630.0,1645.0
2025/12/31,1680.0,1680.0,1615.0,1645.0
2026/01/02,1655.0,1660.0,1580.0,1590.0
2026/01/05,1620.0,1690.0,1585.0,1620.0
2026/01/06,1630.0,1705.0,1625.0,1695.0
2026/01/07,1720.0,1720.0,1530.0,1580.0
2026/01/08,1600.0,1615.0,1540.0,1545.0
2026/01/09,1560.0,1600.0,1540.0,1565.0
2026/01/12,1565.0,1610.0,1555.0,1610.0
2026/01/13,1650.0,1650.0,1590.0,1635.0
2026/01/14,1635.0,1675.0,1630.0,1670.0
2026/01/15,1660.0,1700.0,1560.0,1570.0
2026/01/16,1615.0,1630.0,1570.0,1625.0
2026/01/19,1625.0,1635.0,1545.0,1580.0
2026/01/20,1575.0,1620.0,1560.0,1615.0
2026/01/21,1590.0,1610.0,1560.0,1560.0
2026/01/22,1610.0,1675.0,1585.0,1660.0
2026/01/23,1675.0,1800.0,1655.0,1800.0
2026/01/26,1790.0,1825.0,1715.0,1740.0
2026/01/27,1745.0,1840.0,1725.0,1820.0
2026/01/28,1845.0,1945.0,1830.0,1900.0
2026/01/29,1925.0,1925.0,1785.0,1790.0
2026/01/30,1795.0,1820.0,1735.0,1745.0
2026/02/02,1720.0,1815.0,1720.0,1785.0
2026/02/03,1810.0,1875.0,1775.0,1855.0
2026/02/04,1885.0,2040.0,1870.0,2040.0
2026/02/05,1980.0,2035.0,1905.0,1950.0
2026/02/06,1920.0,2005.0,1840.0,1925.0
2026/02/09,2005.0,2110.0,1975.0,2080.0
2026/02/10,2080.0,2130.0,2050.0,2105.0
2026/02/11,2100.0,2210.0,2065.0,2195.0
2026/02/23,2275.0,2370.0,2160.0,2175.0
2026/02/24,2210.0,2330.0,2155.0,2310.0
2026/02/25,2335.0,2460.0,2315.0,2420.0
2026/02/26,2500.0,2500.0,2395.0,2440.0
2026/03/02,2280.0,2435.0,2280.0,2380.0
2026/03/03,2355.0,2430.0,2315.0,2320.0
2026/03/04,2255.0,2295.0,2180.0,2190.0
2026/03/05,2350.0,2395.0,2300.0,2365.0
2026/03/06,2340.0,2470.0,2325.0,2360.0
2026/03/09,2125.0,2210.0,2125.0,2175.0
2026/03/10,2315.0,2390.0,2315.0,2375.0
2026/03/11,2390.0,2520.0,2375.0,2450.0
2026/03/12,2440.0,2665.0,2440.0,2600.0
2026/03/13,2580.0,2765.0,2540.0,2705.0
2026/03/16,2785.0,2785.0,2575.0,2585.0
2026/03/17,2645.0,2750.0,2625.0,2700.0
2026/03/18,2740.0,2745.0,2670.0,2700.0
2026/03/19,2700.0,2970.0,2660.0,2890.0
2026/03/20,2905.0,2915.0,2720.0,2810.0
2026/03/23,2715.0,2880.0,2705.0,2795.0
2026/03/24,2865.0,2870.0,2670.0,2685.0
2026/03/25,2790.0,2915.0,2780.0,2845.0
2026/03/26,2920.0,3035.0,2895.0,2945.0
2026/03/27,2900.0,2950.0,2845.0,2910.0
2026/03/30,2815.0,2850.0,2705.0,2785.0
2026/03/31,2780.0,2830.0,2595.0,2600.0
2026/04/01,2800.0,2860.0,2745.0,2860.0
2026/04/02,2920.0,2965.0,2775.0,2785.0
2026/04/07,2875.0,2970.0,2850.0,2885.0
2026/04/08,3160.0,3170.0,3135.0,3170.0
2026/04/09,3225.0,3350.0,3180.0,3220.0
2026/04/10,3280.0,3435.0,3260.0,3420.0
2026/04/13,3430.0,3440.0,3320.0,3325.0
2026/04/14,3490.0,3655.0,3490.0,3605.0
2026/04/15,3870.0,3875.0,3700.0,3810.0
2026/04/16,3950.0,3950.0,3760.0,3795.0
2026/04/20,3780.0,3915.0,3720.0,3850.0
2026/04/21,3900.0,3990.0,3830.0,3950.0
2026/04/22,3960.0,4200.0,3895.0,4065.0
2026/04/23,4215.0,4440.0,3975.0,4100.0
2026/04/24,4300.0,4485.0,4230.0,4475.0
2026/04/27,4660.0,4800.0,4475.0,4730.0
2026/04/28,4650.0,4655.0,4340.0,4375.0
2026/04/29,4165.0,4460.0,4160.0,4440.0
2026/04/30,4550.0,4660.0,4485.0,4545.0
2026/05/04,4605.0,4770.0,4530.0,4755.0
2026/05/05,4740.0,4775.0,4600.0,4730.0
2026/05/06,4855.0,4995.0,4745.0,4950.0
2026/05/07,5110.0,5115.0,4825.0,4960.0
2026/05/08,4810.0,4905.0,4670.0,4750.0
2026/05/11,4480.0,4860.0,4480.0,4850.0
2026/05/12,4805.0,5080.0,4805.0,4900.0
2026/05/13,4880.0,5000.0,4800.0,4930.0
2026/05/14,5095.0,5215.0,4920.0,4920.0
2026/05/15,4960.0,5020.0,4615.0,4615.0
2026/05/18,4415.0,4575.0,4300.0,4545.0
2026/05/19,4515.0,4675.0,4430.0,4535.0
2026/05/20,4530.0,4530.0,4360.0,4395.0
2026/05/21,4610.0,4785.0,4555.0,4690.0
2026/05/22,4925.0,5085.0,4800.0,5005.0
2026/05/25,5355.0,5505.0,5205.0,5505.0
2026/05/26,5635.0,5635.0,5160.0,5290.0
2026/05/27,5500.0,5545.0,5300.0,5305.0
2026/05/28,5300.0,5515.0,5025.0,5055.0
2026/05/29,4925.0,5250.0,4925.0,5120.0
2026/06/01,5130.0,5280.0,4985.0,5070.0
2026/06/02,5060.0,5075.0,4820.0,4860.0
2026/06/03,4910.0,5010.0,4820.0,4830.0
2026/06/04,4880.0,4885.0,4740.0,4830.0
2026/06/05,4780.0,5025.0,4545.0,4885.0
2026/06/08,4575.0,4810.0,4530.0,4770.0
2026/06/09,4965.0,5060.0,4820.0,5010.0
2026/06/10,5080.0,5245.0,4875.0,4940.0
2026/06/11,4995.0,5130.0,4800.0,5095.0
2026/06/12,5500.0,5500.0,4750.0,4830.0
2026/06/15,5000.0,5080.0,4935.0,5030.0
2026/06/16,5120.0,5220.0,5065.0,5120.0
2026/06/17,5105.0,5230.0,4885.0,5200.0
2026/06/18,5460.0,5600.0,5230.0,5600.0
2026/06/22,5815.0,6045.0,5815.0,5825.0
2026/06/23,5710.0,5710.0,5430.0,5700.0
2026/06/24,5440.0,5575.0,5345.0,5560.0
2026/06/25,5700.0,5700.0,5500.0,5640.0
2026/06/26,5640.0,5640.0,5220.0,5255.0
2026/06/29,5255.0,5450.0,5255.0,5450.0
2026/06/30,5375.0,5440.0,5255.0,5390.0
2026/07/01,5475.0,5670.0,5300.0,5535.0
2026/07/02,5440.0,5750.0,5390.0,5655.0
2026/07/03,5535.0,6080.0,5530.0,6080.0
2026/07/06,6225.0,6250.0,5475.0,5475.0
2026/07/07,5475.0,5550.0,5200.0,5220.0
2026/07/08,5350.0,5555.0,5250.0,5315.0
2026/07/09,5315.0,5500.0,5270.0,5295.0
2026/07/13,5380.0,5390.0,5055.0,5125.0
2026/07/14,5050.0,5160.0,4745.0,4970.0
2026/07/15,5055.0,5190.0,4995.0,5080.0
2026/07/16,4985.0,5030.0,4825.0,4990.0
2026/07/17,4715.0,4835.0,4495.0,4495.0
2026/07/20,4455.0,4560.0,4180.0,4395.0
2026/07/21,4605.0,4830.0,4560.0,4830.0
2026/07/22,5210.0,5250.0,5045.0,5125.0
2026/07/23,5280.0,5280.0,5030.0,5095.0
2026/07/24,5055.0,5055.0,4720.0,4755.0
2026/07/27,4825.0,4890.0,4640.0,4815.0
2026/07/28,4420.0,4690.0,4400.0,4410.0
2026/07/29,4380.0,4475.0,3985.0,4100.0
2026/07/30,4005.0,4510.0,3930.0,4315.0
2026/07/31,4745.0,4745.0,4745.0,4745.0
2026/08/03,5135.0,5195.0,4930.0,4980.0
2026/08/04,4995.0,5210.0,4875.0,5140.0
2026/08/05,5425.0,5425.0,5165.0,5245.0
2026/08/06,5200.0,5380.0,5105.0,5305.0
2026/08/07,5400.0,5400.0,5180.0,5240.0
2026/08/10,5330.0,5510.0,5230.0,5290.0
2026/08/11,5300.0,5535.0,5240.0,5535.0
2026/08/12,5500.0,5730.0,5480.0,5730.0
2026/08/13,5875.0,5875.0,5655.0,5690.0
