Date,Open,High,Low,Close
2005/06/30,77.7,78.8,77.5,78.8
2005/07/04,79.9,79.9,78.7,79.3
2005/07/05,79.9,79.9,78.4,78.7
2005/07/06,78.1,78.1,75.7,76.9
2005/07/07,76.7,77.6,76.4,77.0
2005/07/11,77.6,78.0,76.9,77.6
2005/07/12,77.6,78.7,77.5,78.7
2005/07/13,78.2,79.2,77.8,78.8
2005/07/14,77.8,78.8,77.6,77.6
2005/07/18,77.1,78.2,77.1,78.1
2005/07/19,78.1,78.8,78.1,78.8
2005/07/20,77.1,78.3,77.1,77.6
2005/07/21,78.2,79.1,77.8,78.8
2005/07/25,79.5,80.0,78.9,79.9
2005/07/26,80.0,80.1,78.8,80.0
2005/07/27,80.0,80.0,78.8,78.8
2005/07/28,79.4,80.0,78.3,78.8
2005/08/01,79.4,80.0,79.4,80.0
2005/08/02,80.0,80.0,79.4,79.9
2005/08/03,79.4,79.4,76.7,76.9
2005/08/08,73.8,74.8,73.2,74.0
2005/08/09,72.1,77.0,72.1,75.8
2005/08/10,71.2,72.1,70.9,71.5
2005/08/11,71.8,72.0,71.0,72.0
2005/08/15,71.8,71.9,71.3,71.5
2005/08/16,71.5,72.3,71.0,72.1
2005/08/17,71.7,72.0,71.2,72.0
2005/08/18,71.3,71.9,70.9,71.8
2005/08/22,71.2,71.4,70.9,71.0
2005/08/23,70.9,71.0,69.7,69.7
2005/08/24,69.7,70.7,69.7,70.2
2005/08/25,70.6,71.8,70.6,71.0
2005/08/29,71.4,71.8,70.9,71.7
2005/08/30,71.9,74.0,71.9,74.0
2005/09/01,72.7,72.9,72.0,72.4
2005/09/05,70.9,71.3,70.9,70.9
2005/09/06,70.9,71.2,70.8,70.9
2005/09/07,70.9,71.5,70.9,71.4
2005/09/08,71.4,71.5,71.0,71.2
2005/09/12,71.4,71.4,70.9,71.2
2005/09/13,71.0,71.2,70.9,71.2
2005/09/14,71.0,71.3,70.8,70.8
2005/09/15,70.7,70.8,70.1,70.2
2005/09/19,69.6,69.8,69.2,69.7
2005/09/20,69.7,69.8,69.1,69.2
2005/09/21,69.1,69.2,68.3,68.5
2005/09/22,68.5,69.2,68.4,68.7
2005/09/26,69.8,70.8,69.7,70.6
2005/09/27,70.3,70.7,70.3,70.3
2005/09/28,70.6,70.6,70.3,70.4
2005/09/29,70.3,70.7,70.3,70.3
2005/10/03,70.4,70.6,70.3,70.3
2005/10/04,70.3,70.6,69.7,70.1
2005/10/05,70.0,70.1,69.0,69.5
2005/10/06,66.7,69.5,66.7,69.1
2005/10/10,69.0,69.2,68.9,69.2
2005/10/11,69.1,69.1,68.5,68.5
2005/10/12,68.5,68.5,67.9,68.1
2005/10/13,67.9,68.6,67.9,68.3
2005/10/17,68.0,68.5,67.9,68.4
2005/10/18,67.9,68.4,67.9,68.3
2005/10/19,68.1,68.5,67.8,68.3
2005/10/20,67.2,68.3,67.0,68.3
2005/10/24,68.1,68.5,68.0,68.3
2005/10/25,68.3,69.1,68.1,69.1
2005/10/26,68.5,69.7,68.5,69.7
2005/10/27,69.6,69.6,68.9,68.9
2005/10/31,69.2,69.8,69.1,69.8
2005/11/01,69.6,70.3,69.1,70.3
2005/11/02,70.1,70.1,69.6,70.0
2005/11/03,70.0,70.2,69.7,70.0
2005/11/07,69.7,70.2,69.5,70.2
2005/11/08,69.7,70.4,69.6,70.4
2005/11/09,70.3,70.3,69.4,69.7
2005/11/10,70.3,70.4,69.5,70.2
2005/11/14,69.5,69.6,68.7,68.9
2005/11/15,68.7,69.7,68.5,68.9
2005/11/16,69.0,69.4,68.6,69.4
2005/11/17,69.1,69.7,69.1,69.7
2005/11/21,68.9,69.5,68.5,69.4
2005/11/22,69.4,69.7,69.1,69.7
2005/11/23,69.7,69.7,68.9,69.1
2005/11/24,69.1,69.1,68.5,68.5
2005/11/28,68.7,69.1,68.4,68.5
2005/11/29,68.5,69.2,68.3,69.1
2005/11/30,69.1,69.6,69.0,69.6
2005/12/01,69.6,70.0,69.0,69.2
2005/12/05,68.9,69.6,68.9,69.2
2005/12/06,69.4,69.6,69.1,69.5
2005/12/07,68.9,69.4,68.6,69.1
2005/12/08,69.6,69.6,68.6,69.4
2005/12/12,69.4,69.5,69.0,69.2
2005/12/13,69.5,69.6,68.7,69.4
2005/12/14,69.0,69.5,68.9,69.5
2005/12/15,69.5,69.7,68.9,69.6
2005/12/19,69.6,69.6,68.6,69.1
2005/12/20,69.1,69.2,68.5,69.2
2005/12/21,69.4,69.4,68.6,68.6
2005/12/22,69.1,69.1,68.5,68.7
2005/12/26,68.7,69.1,68.5,69.1
2005/12/27,69.1,69.2,68.4,68.7
2005/12/28,69.0,69.0,68.6,68.9
2005/12/29,68.9,69.0,68.5,68.9
2006/01/02,68.6,69.0,68.1,69.0
2006/01/03,69.2,69.7,69.2,69.6
2006/01/04,69.7,69.8,69.1,69.7
2006/01/05,69.7,69.8,68.9,69.7
2006/01/09,69.8,70.0,69.7,69.8
2006/01/10,69.8,70.9,69.8,70.8
2006/01/11,70.7,70.7,69.8,70.3
2006/01/13,69.8,70.1,69.5,69.8
2006/01/16,69.8,70.0,69.1,69.2
2006/01/17,69.2,69.5,68.7,69.0
2006/01/18,68.5,68.6,67.9,68.4
2006/01/19,68.4,68.6,67.9,68.3
2006/01/20,68.6,68.6,67.9,68.0
2006/01/23,67.9,68.0,67.7,67.7
2006/01/24,67.8,68.7,67.8,68.4
2006/01/25,68.4,68.4,67.9,68.4
2006/02/02,73.1,73.1,68.6,68.6
2006/02/03,67.9,67.9,66.7,67.3
2006/02/06,67.3,67.8,66.7,67.8
2006/02/07,67.8,68.4,67.8,68.0
2006/02/08,68.0,68.0,66.8,66.8
2006/02/09,66.9,67.2,66.7,66.9
2006/02/13,69.2,69.7,68.9,69.5
2006/02/14,69.7,70.2,69.0,70.1
2006/02/15,70.1,70.9,70.0,70.9
2006/02/16,70.8,71.8,70.8,71.7
2006/02/17,71.8,72.0,71.3,71.7
2006/02/20,71.5,71.7,71.2,71.3
2006/02/21,71.3,71.3,70.9,70.9
2006/02/22,70.9,71.2,70.4,71.0
2006/02/23,71.3,72.7,71.2,72.4
2006/02/24,72.1,72.4,71.5,71.8
2006/02/27,71.3,71.9,71.0,71.9
2006/03/01,71.7,71.8,71.3,71.8
2006/03/02,71.3,71.7,70.9,71.3
2006/03/03,71.5,71.8,71.0,71.8
2006/03/06,70.6,71.8,70.6,71.7
2006/03/07,71.5,71.5,71.5,71.5
2006/03/08,70.8,71.8,70.8,71.8
2006/03/10,71.8,72.0,71.7,71.9
2006/03/13,70.8,72.0,70.8,72.0
2006/03/14,71.8,72.1,71.8,71.9
2006/03/15,71.8,72.4,71.7,72.4
2006/03/16,72.4,72.7,72.0,72.7
2006/03/17,72.5,72.7,72.0,72.7
2006/03/20,72.7,73.0,72.5,73.0
2006/03/21,72.7,73.4,72.7,73.4
2006/03/22,73.4,73.4,72.5,73.0
2006/03/23,72.9,73.4,72.6,73.4
2006/03/24,73.4,73.7,72.7,73.7
2006/03/27,73.0,73.8,73.0,73.6
2006/03/28,73.4,74.0,73.4,74.0
2006/03/29,74.0,74.3,73.4,74.3
2006/03/30,74.3,74.3,73.6,73.8
2006/03/31,73.5,74.3,73.4,74.2
2006/04/03,74.0,74.1,73.1,73.8
2006/04/04,72.7,73.6,72.3,72.6
2006/04/06,72.9,73.1,72.6,72.7
2006/04/07,72.7,72.7,72.1,72.1
2006/04/10,72.1,72.5,72.0,72.1
2006/04/11,72.1,72.6,72.0,72.6
2006/04/12,72.6,72.9,72.3,72.7
2006/04/13,72.7,73.0,72.4,72.7
2006/04/14,72.7,72.7,72.4,72.6
2006/04/17,72.7,73.1,72.6,73.1
2006/04/18,73.1,74.0,73.0,74.0
2006/04/19,74.0,74.4,73.8,74.4
2006/04/20,74.0,74.4,73.7,74.3
2006/04/21,74.1,74.3,73.2,73.2
2006/04/24,73.2,73.6,72.7,73.4
2006/04/25,73.2,73.6,73.0,73.4
2006/04/26,73.4,74.0,73.1,73.7
2006/04/27,73.6,74.3,73.6,73.8
2006/04/28,74.2,74.3,74.0,74.3
2006/05/02,74.3,74.6,73.8,74.4
2006/05/03,74.4,74.6,74.0,74.3
2006/05/04,74.2,75.2,74.0,74.8
2006/05/05,74.9,75.2,74.3,74.4
2006/05/08,74.8,75.5,74.6,74.8
2006/05/09,74.8,75.3,73.8,74.2
2006/05/10,74.2,75.0,74.1,74.2
2006/05/11,74.3,74.4,73.7,74.3
2006/05/12,74.0,74.3,73.7,74.0
2006/05/15,74.2,75.2,74.0,74.3
2006/05/16,74.1,74.3,73.7,73.7
2006/05/17,73.7,75.2,73.6,74.0
2006/05/18,73.8,74.3,73.1,73.6
2006/05/19,73.4,74.0,73.2,74.0
2006/05/22,74.0,74.3,73.1,74.0
2006/05/23,74.0,75.2,73.4,75.2
2006/05/24,75.0,75.0,73.1,74.4
2006/05/25,74.2,74.2,72.5,73.2
2006/05/26,73.2,74.8,73.1,74.8
2006/05/29,74.3,74.6,73.4,73.4
2006/05/30,74.0,74.1,72.7,72.7
2006/06/01,73.5,74.0,73.4,73.6
2006/06/02,73.6,74.1,73.2,73.6
2006/06/05,73.6,74.2,72.5,73.0
2006/06/06,72.7,72.9,72.1,72.5
2006/06/07,72.7,74.0,72.6,73.2
2006/06/08,72.7,73.5,71.8,71.8
2006/06/09,72.3,73.7,71.8,73.1
2006/06/12,72.7,73.1,72.3,72.9
2006/06/13,72.5,72.7,72.1,72.7
2006/06/14,72.4,72.7,72.1,72.5
2006/06/15,72.7,72.7,71.3,71.8
2006/06/16,72.7,72.9,71.0,71.0
2006/06/19,71.5,72.4,71.4,72.0
2006/06/20,71.8,72.1,71.0,71.4
2006/06/21,71.0,71.7,70.9,71.3
2006/06/22,71.9,72.4,71.4,71.4
2006/06/23,71.5,71.5,70.7,71.0
2006/06/26,71.0,71.4,70.8,71.0
2006/06/27,70.9,71.9,70.9,71.7
2006/06/28,71.7,72.0,71.0,71.9
2006/06/29,71.9,72.1,71.0,71.0
2006/06/30,71.2,71.5,70.7,70.9
2006/07/03,71.4,71.9,71.4,71.8
2006/07/04,71.8,72.3,71.8,72.0
2006/07/05,72.1,72.1,71.2,71.5
2006/07/06,71.0,73.4,70.8,73.4
2006/07/07,71.5,72.0,71.4,71.7
2006/07/10,71.7,72.5,70.9,72.0
2006/07/11,72.0,72.6,72.0,72.5
2006/07/12,72.4,72.7,71.0,71.5
2006/07/13,71.3,71.3,70.8,70.9
2006/07/14,70.6,70.6,69.8,70.1
2006/07/17,70.1,70.3,69.1,69.6
2006/07/18,70.3,70.3,69.6,69.6
2006/07/19,69.8,70.2,69.5,70.1
2006/07/20,70.9,70.9,69.8,70.1
2006/07/21,70.3,70.4,69.8,70.3
2006/07/24,69.7,70.4,69.7,70.4
2006/07/25,70.4,70.8,70.4,70.7
2006/07/26,70.7,71.3,70.6,70.9
2006/07/27,70.9,73.2,70.9,73.1
2006/07/28,72.5,74.0,72.5,74.0
2006/07/31,73.4,73.6,71.7,73.1
2006/08/01,73.4,74.2,73.1,73.2
2006/08/02,73.2,73.8,72.9,73.4
2006/08/03,73.4,73.8,72.7,72.7
2006/08/04,73.0,73.4,72.5,72.7
2006/08/07,72.7,73.1,72.1,72.1
2006/08/08,72.6,73.0,72.5,73.0
2006/08/09,72.6,73.8,72.4,73.8
2006/08/10,68.8,69.4,67.9,68.3
2006/08/11,68.5,68.5,67.8,68.0
2006/08/14,68.0,68.1,66.9,67.4
2006/08/15,67.5,67.6,67.3,67.5
2006/08/16,67.6,67.6,67.2,67.3
2006/08/17,67.4,67.8,66.8,66.9
2006/08/18,66.9,67.0,66.4,66.7
2006/08/21,66.8,66.9,66.4,66.4
2006/08/22,66.8,67.3,66.7,67.0
2006/08/23,67.2,67.3,66.3,67.0
2006/08/24,67.0,67.2,66.8,67.0
2006/08/25,67.0,67.5,66.8,66.9
2006/08/28,66.8,66.8,66.2,66.5
2006/08/29,66.8,67.0,66.2,66.4
2006/08/30,66.5,67.0,66.5,66.9
2006/08/31,67.2,67.4,66.3,66.8
2006/09/01,66.9,67.4,66.9,67.4
2006/09/04,67.5,67.6,67.3,67.4
2006/09/05,67.4,67.4,66.5,67.2
2006/09/06,67.3,67.3,66.8,66.9
2006/09/07,66.8,67.3,66.5,67.2
2006/09/08,67.0,67.0,66.7,66.9
2006/09/11,66.9,67.5,66.8,66.9
2006/09/12,67.0,67.2,66.7,66.9
2006/09/13,67.3,67.5,66.9,67.5
2006/09/14,67.5,67.6,67.0,67.3
2006/09/15,67.4,67.6,67.2,67.4
2006/09/18,67.9,67.9,67.2,67.4
2006/09/19,67.5,68.1,67.5,68.0
2006/09/20,68.0,68.0,67.2,67.8
2006/09/21,68.0,68.3,66.9,67.6
2006/09/22,67.6,68.1,67.5,67.9
2006/09/25,67.2,68.0,67.0,67.8
2006/09/26,67.6,68.0,67.4,67.8
2006/09/27,67.8,67.9,67.3,67.5
2006/09/28,67.5,67.6,66.4,66.4
2006/09/29,66.8,68.1,66.7,67.9
2006/10/02,67.8,68.0,67.4,68.0
2006/10/03,67.6,68.1,67.5,67.6
2006/10/04,67.9,68.6,67.8,68.3
2006/10/05,68.8,70.2,68.4,70.2
2006/10/10,70.2,70.2,70.2,70.2
2006/10/11,69.7,69.7,69.0,69.3
2006/10/12,69.3,69.5,69.0,69.0
2006/10/13,69.0,70.2,69.0,69.5
2006/10/16,69.3,69.7,69.1,69.7
2006/10/17,69.9,70.0,69.3,69.7
2006/10/18,69.7,69.7,69.3,69.5
2006/10/19,69.3,70.0,69.3,69.3
2006/10/20,69.6,70.5,69.4,70.5
2006/10/23,70.5,70.7,70.0,70.4
2006/10/24,70.7,71.1,70.5,71.1
2006/10/25,71.1,71.9,71.0,71.7
2006/10/26,71.7,71.7,70.9,71.0
2006/10/27,70.5,71.0,70.5,70.6
2006/10/30,70.5,70.5,69.6,69.6
2006/10/31,69.9,70.5,69.7,70.5
2006/11/01,70.5,70.6,70.0,70.5
2006/11/02,70.4,71.2,70.2,71.2
2006/11/03,70.7,71.7,70.7,71.6
2006/11/06,70.7,71.7,70.7,71.4
2006/11/07,71.7,71.7,70.9,71.4
2006/11/08,71.4,71.5,70.9,71.2
2006/11/09,70.7,71.4,70.4,70.4
2006/11/10,70.4,70.5,69.9,70.4
2006/11/13,70.4,71.1,70.2,70.4
2006/11/14,70.5,71.4,70.5,71.0
2006/11/15,71.6,72.0,71.4,71.7
2006/11/16,72.0,73.1,71.6,73.0
2006/11/17,73.5,73.8,72.3,73.5
2006/11/20,73.7,73.7,71.7,72.2
2006/11/21,70.6,73.0,70.6,72.8
2006/11/22,73.0,73.0,71.5,72.3
2006/11/23,72.3,72.6,71.6,72.5
2006/11/24,72.0,72.5,71.6,71.9
2006/11/27,71.9,72.1,71.2,71.7
2006/11/28,71.7,71.9,71.4,71.5
2006/11/29,71.5,72.3,71.4,71.4
2006/11/30,72.2,73.0,71.7,72.7
2006/12/01,72.7,73.8,72.0,73.6
2006/12/04,73.3,73.8,72.7,73.2
2006/12/05,73.6,74.4,73.3,74.0
2006/12/06,74.0,74.6,74.0,74.3
2006/12/07,74.2,74.7,74.0,74.4
2006/12/08,74.3,74.4,73.6,74.3
2006/12/11,74.2,74.7,73.8,74.7
2006/12/12,74.8,74.8,74.2,74.2
2006/12/13,74.2,74.6,73.7,74.6
2006/12/14,73.6,74.6,73.6,74.1
2006/12/15,74.2,74.6,74.2,74.4
2006/12/18,74.7,74.8,74.1,74.7
2006/12/19,74.7,74.7,74.0,74.7
2006/12/20,74.6,74.7,74.2,74.7
2006/12/21,74.3,74.7,73.8,74.2
2006/12/22,73.6,74.2,73.3,73.6
2006/12/25,73.3,73.6,73.1,73.5
2006/12/26,73.5,74.3,73.5,74.2
2006/12/27,74.2,74.4,74.1,74.2
2006/12/28,74.9,75.1,74.0,74.3
2006/12/29,74.1,74.9,74.1,74.9
2007/01/01,74.9,74.9,74.9,74.9
2007/01/02,74.9,75.3,74.3,75.3
2007/01/03,75.3,75.6,74.8,74.8
2007/01/04,75.2,75.3,74.7,75.2
2007/01/05,75.4,75.4,74.0,74.2
2007/01/08,74.2,74.4,73.6,73.7
2007/01/09,74.2,74.8,74.1,74.7
2007/01/10,74.0,74.2,73.5,74.0
2007/01/11,74.0,74.7,73.5,73.7
2007/01/12,74.8,74.9,74.1,74.8
2007/01/15,74.8,74.8,74.2,74.4
2007/01/16,74.4,74.8,74.2,74.4
2007/01/17,75.2,75.7,74.8,75.6
2007/01/18,75.6,76.1,74.7,75.6
2007/01/19,75.2,75.8,74.7,74.7
2007/01/22,75.4,75.7,74.2,75.4
2007/01/23,75.2,75.3,74.3,75.3
2007/01/24,76.1,76.2,75.8,75.9
2007/01/25,76.6,76.6,75.8,76.2
2007/01/26,75.9,77.2,74.9,76.9
2007/01/29,76.9,78.0,76.7,77.9
2007/01/30,77.4,78.0,77.3,77.4
2007/01/31,77.4,78.7,77.2,78.2
2007/02/01,78.2,78.4,77.9,78.3
2007/02/02,78.4,79.4,78.4,79.3
2007/02/05,79.1,79.4,78.9,79.1
2007/02/06,77.9,79.4,77.9,79.4
2007/02/07,79.1,79.1,78.5,78.8
2007/02/08,78.8,79.4,78.0,78.9
2007/02/09,79.1,79.4,78.7,79.3
2007/02/12,78.5,78.5,77.2,77.2
2007/02/13,77.2,78.2,77.0,78.2
2007/02/14,78.9,79.1,77.9,79.0
2007/02/26,79.0,79.4,78.2,78.4
2007/02/27,78.4,78.5,75.3,76.8
2007/03/01,75.4,76.1,75.1,75.2
2007/03/02,75.3,75.8,74.9,75.4
2007/03/05,78.5,78.5,74.9,75.6
2007/03/06,75.7,76.7,75.3,75.7
2007/03/07,78.2,78.2,75.6,76.2
2007/03/08,77.3,77.3,76.1,77.0
2007/03/09,77.0,77.0,76.2,76.2
2007/03/12,76.2,77.9,76.1,76.7
2007/03/13,77.3,77.3,76.6,76.8
2007/03/14,76.2,76.4,75.7,76.3
2007/03/15,76.3,77.2,76.3,76.7
2007/03/16,76.7,77.7,76.2,77.3
2007/03/20,76.7,76.8,76.2,76.3
2007/03/21,76.7,77.7,76.6,77.5
2007/03/22,78.5,78.9,78.3,78.7
2007/03/23,78.9,79.3,78.3,79.3
2007/03/26,79.1,79.4,78.9,79.0
2007/03/27,78.2,79.3,78.2,78.9
2007/03/28,78.2,78.5,77.3,77.8
2007/03/29,77.8,79.1,77.8,78.8
2007/03/30,78.8,79.4,77.9,79.3
2007/04/02,79.1,79.5,78.3,78.4
2007/04/03,79.1,79.4,78.0,78.9
2007/04/04,78.8,79.6,78.5,79.5
2007/04/09,79.5,79.8,78.9,78.9
2007/04/10,79.1,80.8,78.9,80.6
2007/04/11,79.4,80.1,79.4,79.6
2007/04/12,79.1,79.6,79.1,79.3
2007/04/13,79.0,79.4,78.7,79.1
2007/04/16,79.5,80.5,79.5,80.4
2007/04/17,80.1,80.4,79.5,80.3
2007/04/18,79.5,80.4,79.5,80.1
2007/04/19,79.9,80.0,78.5,78.8
2007/04/20,78.9,79.4,78.8,79.1
2007/04/23,79.8,80.8,79.6,79.9
2007/04/24,79.9,80.3,79.1,79.9
2007/04/25,79.8,79.8,78.8,78.9
2007/04/26,79.1,79.1,78.0,78.0
2007/04/27,78.3,78.9,78.0,78.3
2007/04/30,78.3,78.5,77.4,78.0
2007/05/02,78.2,78.3,77.4,77.8
2007/05/03,78.0,78.7,78.0,78.3
2007/05/04,78.3,78.9,78.2,78.3
2007/05/07,78.2,78.3,77.7,77.9
2007/05/08,77.9,77.9,77.7,77.9
2007/05/09,78.3,79.1,77.9,78.9
2007/05/10,78.8,78.9,78.7,78.7
2007/05/11,77.8,78.4,77.8,78.2
2007/05/14,78.2,78.7,78.2,78.3
2007/05/15,78.3,78.8,78.0,78.5
2007/05/16,78.5,78.5,78.2,78.5
2007/05/17,78.5,79.1,78.4,78.7
2007/05/18,78.7,78.7,78.2,78.3
2007/05/21,78.3,78.4,77.8,77.8
2007/05/22,77.8,78.2,77.7,77.9
2007/05/23,77.8,78.4,77.7,78.0
2007/05/24,77.9,78.0,77.5,77.7
2007/05/25,77.7,77.7,76.9,77.2
2007/05/28,77.2,78.0,77.2,77.3
2007/05/29,77.2,77.7,76.9,77.4
2007/05/30,76.7,77.5,76.6,77.5
2007/05/31,77.0,77.7,76.7,76.7
2007/06/01,77.2,77.4,77.0,77.3
2007/06/04,77.3,77.9,77.3,77.3
2007/06/05,77.3,77.8,76.9,76.9
2007/06/06,76.9,77.4,76.7,76.9
2007/06/07,76.7,77.8,76.6,76.9
2007/06/08,76.7,76.8,76.4,76.6
2007/06/11,76.7,76.8,76.2,76.6
2007/06/12,76.6,76.9,76.1,76.1
2007/06/13,76.1,76.7,75.8,76.7
2007/06/14,76.9,77.2,76.6,76.6
2007/06/15,77.2,77.5,76.8,77.4
2007/06/20,77.7,77.7,76.2,77.4
2007/06/21,78.2,78.9,77.4,78.0
2007/06/22,77.9,78.0,77.2,77.4
2007/06/25,77.5,77.9,77.2,77.4
2007/06/26,77.3,77.5,76.8,77.2
2007/06/27,76.9,77.3,76.7,77.0
2007/06/28,77.0,77.2,76.8,77.0
2007/06/29,77.4,77.7,76.9,77.5
2007/07/02,77.5,77.9,77.0,77.9
2007/07/03,77.9,78.5,77.7,78.3
2007/07/04,78.8,79.0,78.2,78.3
2007/07/05,78.7,78.9,78.4,78.7
2007/07/06,78.7,78.7,78.0,78.3
2007/07/09,78.5,78.8,78.3,78.5
2007/07/10,78.5,78.5,77.7,78.4
2007/07/11,78.2,78.2,77.5,77.9
2007/07/12,77.9,78.2,77.8,77.8
2007/07/13,78.5,78.8,77.9,78.0
2007/07/16,78.3,78.4,77.8,78.3
2007/07/17,78.8,79.4,77.9,79.1
2007/07/18,79.1,79.1,78.5,78.5
2007/07/19,78.2,79.3,78.2,78.5
2007/07/20,78.7,79.6,78.7,79.6
2007/07/23,79.3,80.4,79.1,80.3
2007/07/24,80.4,82.5,80.4,82.4
2007/07/25,82.4,83.6,81.7,83.1
2007/07/26,79.6,80.8,79.6,79.7
2007/07/27,78.2,78.6,76.2,76.2
2007/07/30,75.1,75.4,74.3,74.8
2007/07/31,75.9,75.9,75.1,75.5
2007/08/01,74.8,75.4,73.5,73.5
2007/08/02,74.8,74.8,73.9,74.3
2007/08/03,75.1,75.5,75.0,75.4
2007/08/06,74.4,75.2,74.1,74.3
2007/08/07,74.4,75.1,74.3,74.3
2007/08/08,74.3,75.1,74.1,74.8
2007/08/09,75.0,75.5,75.0,75.0
2007/08/10,73.6,74.1,73.3,73.5
2007/08/13,73.6,74.3,73.5,73.6
2007/08/14,73.7,74.0,73.3,73.5
2007/08/15,72.6,72.6,72.0,72.0
2007/08/16,70.9,71.6,69.8,70.7
2007/08/17,69.6,70.7,69.0,69.4
2007/08/20,73.2,73.3,71.4,73.3
2007/08/21,73.1,73.5,72.4,72.5
2007/08/22,72.5,72.9,71.8,71.8
2007/08/23,74.0,74.3,73.3,73.9
2007/08/24,74.4,74.5,73.6,74.3
2007/08/27,75.2,75.2,74.5,75.1
2007/08/28,74.3,74.5,73.9,74.5
2007/08/29,74.5,77.4,74.3,76.7
2007/08/30,77.5,78.4,77.0,78.2
2007/08/31,78.2,79.7,77.9,79.7
2007/09/03,79.6,79.6,78.2,78.4
2007/09/04,78.9,80.0,78.6,78.9
2007/09/05,79.4,79.7,78.9,79.3
2007/09/06,78.9,79.2,78.2,78.9
2007/09/07,78.8,79.2,78.4,78.8
2007/09/10,77.8,79.3,77.5,78.9
2007/09/11,78.9,79.3,78.5,78.8
2007/09/12,78.9,79.7,78.8,79.6
2007/09/13,80.1,80.1,78.9,79.4
2007/09/14,80.0,80.1,79.4,80.0
2007/09/17,80.0,80.3,79.0,79.9
2007/09/19,81.1,81.6,80.5,81.6
2007/09/20,82.0,82.6,81.6,82.2
2007/09/21,82.2,82.6,81.6,82.3
2007/09/26,83.0,84.3,82.8,84.2
2007/09/27,84.3,84.7,83.5,84.6
2007/09/28,84.3,84.3,83.0,83.0
2007/10/01,83.0,83.8,82.7,83.0
2007/10/02,83.7,84.1,83.0,83.9
2007/10/03,84.1,84.5,83.7,83.9
2007/10/04,83.4,83.9,82.7,83.8
2007/10/05,83.8,84.3,83.4,83.9
2007/10/08,84.2,84.6,83.7,84.3
2007/10/09,84.2,84.2,83.4,83.8
2007/10/11,84.3,84.3,83.3,83.4
2007/10/12,83.1,83.5,82.8,83.3
2007/10/15,83.4,83.7,82.6,83.0
2007/10/16,82.8,83.5,82.4,83.1
2007/10/17,83.0,83.1,82.2,82.8
2007/10/18,82.8,83.1,81.6,82.8
2007/10/19,83.0,83.5,82.6,83.0
2007/10/22,80.9,81.8,80.7,81.6
2007/10/23,82.2,83.7,81.6,83.5
2007/10/24,83.7,84.1,83.1,83.3
2007/10/25,83.7,83.8,83.1,83.3
2007/10/26,83.8,84.5,83.7,84.2
2007/10/29,84.7,86.1,84.7,85.7
2007/10/30,85.6,85.8,85.0,85.6
2007/10/31,85.6,85.8,83.8,84.5
2007/11/01,85.2,85.8,84.5,85.3
2007/11/02,84.1,84.6,83.4,83.7
2007/11/05,83.0,83.3,82.2,83.0
2007/11/06,82.8,84.6,82.4,83.3
2007/11/07,83.7,83.7,82.0,82.0
2007/11/08,80.9,81.6,80.3,80.4
2007/11/09,80.3,82.8,80.3,81.2
2007/11/12,80.4,80.4,79.2,79.6
2007/11/13,79.2,80.8,78.9,79.6
2007/11/14,81.6,83.0,81.5,81.6
2007/11/15,81.9,82.0,81.3,81.5
2007/11/16,80.9,80.9,79.6,80.3
2007/11/19,80.9,81.8,80.3,80.3
2007/11/20,79.6,82.2,79.2,82.0
2007/11/21,81.6,81.6,79.7,79.7
2007/11/22,79.2,81.8,79.2,80.9
2007/11/23,81.6,82.0,80.7,81.6
2007/11/26,82.6,84.3,82.6,84.3
2007/11/27,82.4,85.0,82.0,84.1
2007/11/28,85.0,85.2,83.7,84.5
2007/11/29,85.6,86.2,85.6,86.2
2007/11/30,86.7,87.7,86.5,87.6
2007/12/03,85.3,85.3,85.3,85.3
2007/12/04,85.3,85.8,84.9,85.4
2007/12/05,85.4,85.4,83.8,84.5
2007/12/06,85.3,85.7,84.7,85.7
2007/12/07,86.5,86.9,86.4,86.8
2007/12/10,86.1,86.1,84.5,84.7
2007/12/11,85.3,85.8,84.9,85.7
2007/12/12,83.9,85.3,83.8,84.1
2007/12/13,83.9,85.8,82.7,82.7
2007/12/14,82.7,83.8,81.9,83.7
2007/12/17,83.4,85.0,83.0,83.4
2007/12/18,82.3,85.0,82.2,83.0
2007/12/19,83.1,83.1,81.5,81.5
2007/12/20,81.5,81.8,80.9,81.5
2008/01/09,79.8,85.3,78.7,84.3
2008/01/10,84.5,84.8,83.6,84.3
2008/01/11,84.3,86.6,84.3,85.1
2008/01/14,86.3,86.6,85.1,85.5
2008/01/15,85.8,87.6,85.6,87.6
2008/01/16,85.2,88.1,85.2,87.2
2008/01/17,85.9,86.6,83.8,85.1
2008/01/18,83.5,86.6,82.6,84.8
2008/01/21,84.0,89.3,83.8,88.8
2008/01/22,83.5,89.0,83.5,86.8
2008/01/23,88.8,89.0,86.8,87.3
2008/01/24,87.8,88.8,87.2,87.2
2008/01/25,87.2,88.2,85.5,85.7
2008/01/28,84.1,84.7,83.5,84.1
2008/01/29,84.2,84.8,83.6,84.1
2008/01/30,84.1,84.2,83.2,84.0
2008/01/31,84.1,84.5,83.1,84.1
2008/02/01,85.2,85.2,84.0,84.0
2008/02/12,82.7,87.8,82.6,85.9
2008/02/13,86.2,87.7,85.9,86.3
2008/02/14,86.9,87.7,86.4,86.7
2008/02/15,86.6,86.6,86.1,86.3
2008/02/18,86.6,86.6,85.9,86.6
2008/02/19,86.6,86.8,86.1,86.4
2008/02/20,86.4,86.6,86.1,86.2
2008/02/21,86.6,88.1,86.3,87.4
2008/02/22,87.1,90.3,85.9,89.0
2008/02/25,90.9,95.2,90.9,95.2
2008/02/26,98.7,101.8,96.2,96.5
2008/02/27,96.5,97.3,94.1,94.1
2008/02/29,94.0,98.3,93.7,95.8
2008/03/03,94.5,97.7,92.6,95.2
2008/03/04,95.3,97.2,95.3,95.7
2008/03/05,93.0,96.7,91.3,95.0
2008/03/06,95.8,98.9,95.7,97.7
2008/03/07,95.8,96.0,94.2,94.2
2008/03/10,93.7,93.7,90.9,91.5
2008/03/11,90.5,95.2,90.3,94.2
2008/03/12,95.1,95.5,93.5,93.7
2008/03/13,93.2,93.9,91.5,92.3
2008/03/14,93.5,96.7,93.4,94.7
2008/03/17,94.0,94.7,90.4,92.8
2008/03/18,93.7,95.2,92.9,93.9
2008/03/19,96.5,96.5,94.4,95.3
2008/03/20,94.0,94.5,92.8,93.6
2008/03/21,95.2,96.0,94.0,94.0
2008/03/24,100.5,100.5,96.3,97.8
2008/03/25,97.8,98.7,96.5,97.7
2008/03/26,96.5,97.4,96.2,97.1
2008/03/27,97.1,98.7,96.5,96.5
2008/03/28,96.5,99.6,96.0,98.8
2008/03/31,98.7,98.9,97.8,98.8
2008/04/01,98.8,98.8,96.2,96.2
2008/04/02,97.7,97.9,96.1,96.8
2008/04/03,97.4,97.7,96.8,96.8
2008/04/07,96.5,97.7,95.5,97.6
2008/04/08,97.6,97.6,95.8,95.8
2008/04/09,95.2,95.8,93.6,94.1
2008/04/10,93.4,96.1,93.2,95.2
2008/04/11,94.0,95.0,93.0,93.7
2008/04/14,92.9,94.4,92.8,93.5
2008/04/15,95.2,95.2,94.2,94.2
2008/04/16,95.2,98.3,95.2,97.7
2008/04/17,99.1,99.3,97.6,98.3
2008/04/18,97.7,98.2,96.3,97.7
2008/04/21,98.3,98.4,96.0,96.5
2008/04/22,96.5,97.8,95.8,97.0
2008/04/23,97.4,102.3,96.5,101.4
2008/04/24,100.3,100.3,98.4,98.9
2008/04/25,98.9,99.8,97.4,98.1
2008/04/28,98.7,102.1,98.7,100.9
2008/04/29,100.7,102.9,99.9,99.9
2008/04/30,98.9,99.1,96.6,97.1
2008/05/02,96.8,97.9,96.3,96.3
2008/05/05,96.0,96.7,94.4,94.9
2008/05/06,95.1,97.1,94.0,96.0
2008/05/07,96.2,97.2,95.6,96.5
2008/05/08,94.9,94.9,94.9,94.9
2008/05/09,96.0,97.7,95.5,96.2
2008/05/12,96.5,97.0,95.3,95.3
2008/05/13,96.3,97.6,95.6,96.6
2008/05/14,97.6,98.8,97.1,97.1
2008/05/15,97.7,98.6,97.2,97.4
2008/05/16,98.1,98.1,97.2,97.6
2008/05/19,98.1,100.0,98.1,98.8
2008/05/20,98.9,99.2,96.2,96.5
2008/05/21,96.2,96.3,95.0,95.2
2008/05/22,94.2,96.1,94.0,95.7
2008/05/23,95.2,95.8,94.2,94.2
2008/05/26,94.1,95.2,93.7,94.0
2008/05/27,94.1,95.2,94.1,94.9
2008/05/28,94.9,94.9,93.9,93.9
2008/05/29,94.0,95.1,93.9,93.9
2008/05/30,94.2,95.1,93.2,93.2
2008/06/02,93.4,94.5,93.4,93.9
2008/06/03,93.4,93.9,92.0,92.4
2008/06/04,93.4,93.9,92.4,93.1
2008/06/05,93.1,95.0,91.1,94.6
2008/06/06,95.2,96.0,94.4,95.6
2008/06/09,93.7,94.7,93.5,94.6
2008/06/10,94.0,94.0,91.9,92.0
2008/06/11,91.6,95.5,91.5,94.6
2008/06/12,93.0,93.5,91.9,92.3
2008/06/13,93.5,93.7,92.4,92.8
2008/06/16,93.9,93.9,92.8,93.0
2008/06/17,93.4,95.5,93.0,95.0
2008/06/18,95.0,95.8,94.0,94.9
2008/06/19,93.9,94.6,93.2,94.0
2008/06/20,95.0,95.1,93.4,93.4
2008/06/23,91.8,94.0,91.5,92.5
2008/06/24,92.1,93.1,92.1,92.4
2008/06/25,93.7,95.2,93.7,93.9
2008/06/26,94.6,94.6,92.5,92.9
2008/06/27,90.4,94.2,90.4,92.8
2008/06/30,94.0,97.1,93.0,97.1
2008/07/01,96.2,96.5,94.0,94.1
2008/07/02,93.2,95.1,93.1,93.9
2008/07/03,92.8,95.5,91.8,94.4
2008/07/04,94.6,94.6,92.5,93.6
2008/07/07,92.8,94.6,92.4,94.0
2008/07/08,93.5,93.5,91.3,91.9
2008/07/09,92.0,93.4,91.5,92.3
2008/07/10,92.3,93.9,92.1,92.1
2008/07/11,92.3,93.6,91.4,92.4
2008/07/14,92.0,92.4,90.6,90.6
2008/07/15,90.3,90.3,88.3,89.0
2008/07/16,89.0,89.9,88.7,89.0
2008/07/17,89.0,89.8,88.3,89.8
2008/07/18,90.3,90.9,88.9,89.0
2008/07/21,91.5,94.4,91.5,94.2
2008/07/22,94.0,95.1,93.5,94.0
2008/07/23,95.1,95.2,94.5,94.9
2008/07/24,95.0,95.3,94.4,95.0
2008/07/25,93.6,95.0,93.1,94.0
2008/07/29,93.2,95.1,92.3,94.9
2008/07/30,95.2,95.7,94.7,95.7
2008/07/31,95.7,96.2,95.3,96.1
2008/08/01,95.0,96.5,95.0,96.1
2008/08/04,95.2,97.2,94.9,97.1
2008/08/05,97.6,97.6,95.3,96.8
2008/08/06,96.7,97.4,95.5,96.5
2008/08/07,96.5,96.5,93.5,94.6
2008/08/08,95.0,97.2,95.0,96.7
2008/08/11,96.5,97.7,95.8,97.7
2008/08/12,97.2,97.4,95.6,96.5
2008/08/13,96.5,96.7,95.6,96.5
2008/08/14,96.7,96.7,95.6,96.7
2008/08/15,96.7,98.1,96.5,97.7
2008/08/18,97.6,98.1,96.3,97.4
2008/08/19,96.5,96.7,95.2,96.7
2008/08/20,96.0,96.3,95.2,95.5
2008/08/21,94.7,94.7,91.5,93.1
2008/08/22,92.5,94.6,92.5,93.9
2008/08/25,95.0,96.0,94.4,96.0
2008/08/26,94.7,96.0,94.5,95.3
2008/08/27,95.2,96.8,94.7,96.2
2008/08/28,96.2,96.7,95.6,96.0
2008/08/29,96.5,97.6,96.5,97.3
2008/09/01,97.1,97.4,95.3,96.5
2008/09/02,96.5,97.1,95.8,96.0
2008/09/03,97.1,97.9,96.8,97.9
2008/09/04,96.7,97.8,96.5,97.0
2008/09/05,96.5,97.8,96.2,97.1
2008/09/08,97.9,98.7,97.3,98.7
2008/09/09,97.2,98.8,96.7,97.4
2008/09/10,97.1,97.3,96.6,97.0
2008/09/11,96.7,96.8,95.5,95.8
2008/09/12,95.2,96.1,94.4,95.8
2008/09/15,94.4,95.2,91.5,95.2
2008/09/16,91.0,92.5,88.7,89.4
2008/09/17,90.9,93.5,89.4,90.3
2008/09/18,89.4,94.6,87.4,92.9
2008/09/19,95.0,96.1,92.5,92.6
2008/09/22,94.0,94.4,89.5,90.9
2008/09/23,90.9,91.5,90.5,90.8
2008/09/24,91.4,92.1,90.9,91.5
2008/09/25,91.0,92.8,90.5,92.1
2008/09/26,92.5,94.0,92.5,93.9
2008/09/30,88.2,92.5,88.2,92.4
2008/10/01,92.4,92.9,91.3,91.8
2008/10/02,92.8,94.4,92.5,92.9
2008/10/03,92.1,93.6,91.3,92.0
2008/10/06,90.4,93.1,90.3,92.0
2008/10/07,91.0,94.5,91.0,93.4
2008/10/08,91.9,95.0,91.0,91.0
2008/10/09,91.0,92.1,89.2,89.3
2008/10/13,86.3,86.8,86.2,86.2
2008/10/14,89.0,89.7,83.2,83.6
2008/10/15,82.5,82.5,80.8,80.8
2008/10/16,78.0,78.0,78.0,78.0
2008/10/17,70.6,75.6,70.0,70.4
2008/10/20,70.3,70.6,68.2,70.6
2008/10/21,73.6,75.6,71.0,74.2
2008/10/22,74.2,79.2,74.2,76.5
2008/10/23,74.2,75.4,73.8,74.7
2008/10/24,72.6,73.6,72.2,72.3
2008/10/27,69.6,73.6,69.6,72.1
2008/10/28,71.5,73.0,69.6,71.1
2008/10/29,75.4,75.4,71.1,71.2
2008/10/30,74.2,76.2,73.5,76.2
2008/10/31,78.4,81.4,76.3,81.4
2008/11/03,83.3,83.3,80.1,80.8
2008/11/04,80.8,81.3,78.9,80.2
2008/11/05,82.3,82.3,77.8,77.8
2008/11/06,73.3,77.7,73.3,76.2
2008/11/07,73.6,78.0,73.6,75.6
2008/11/10,75.6,76.2,74.8,75.0
2008/11/11,74.8,76.9,74.7,75.0
2008/11/12,74.8,77.5,74.8,76.6
2008/11/13,74.8,78.6,74.8,77.2
2008/11/14,79.5,80.8,78.6,79.9
2008/11/17,80.8,82.9,80.8,81.6
2008/11/18,81.4,81.6,79.6,79.8
2008/11/19,79.3,79.3,77.5,77.7
2008/11/20,75.9,78.0,75.6,76.6
2008/11/21,76.0,79.8,76.0,77.4
2008/11/24,77.4,79.5,77.1,78.6
2008/11/25,81.3,81.6,78.7,80.8
2008/11/26,80.8,81.1,77.8,77.8
2008/11/27,79.0,79.0,77.8,78.1
2008/11/28,78.1,78.6,77.7,78.6
2008/12/01,78.6,79.0,77.4,77.4
2008/12/02,75.6,76.9,75.6,76.0
2008/12/03,76.0,76.6,76.0,76.6
2008/12/04,77.7,78.7,77.4,78.7
2008/12/05,77.8,79.2,77.8,78.6
2008/12/08,77.8,79.6,77.8,79.0
2008/12/09,79.0,79.0,77.4,78.0
2008/12/10,77.8,78.7,77.7,78.7
2008/12/11,78.9,79.3,77.7,77.8
2008/12/12,77.5,78.3,75.4,76.2
2008/12/15,77.4,78.4,76.0,76.3
2008/12/16,75.6,76.6,75.4,76.2
2008/12/17,77.1,78.1,76.3,76.8
2008/12/18,77.4,77.8,76.8,77.5
2008/12/19,77.5,78.0,77.2,77.2
2008/12/22,77.8,78.0,76.2,76.2
2008/12/23,76.0,76.6,75.7,75.9
2008/12/24,75.6,76.2,75.6,75.9
2008/12/25,75.9,76.2,75.7,76.2
2008/12/26,76.2,76.3,75.9,76.0
2008/12/29,76.5,76.8,76.0,76.6
2008/12/30,76.6,77.4,76.3,76.8
2008/12/31,76.8,80.1,76.0,80.1
2009/01/05,77.8,78.4,76.5,76.6
2009/01/06,75.9,76.6,75.6,75.7
2009/01/07,75.6,76.2,75.3,75.6
2009/01/08,75.0,76.2,74.8,74.8
2009/01/09,75.1,75.9,75.0,75.3
2009/01/12,76.3,77.8,76.3,77.2
2009/01/13,77.8,78.1,77.4,77.8
2009/01/14,77.7,77.8,77.1,77.1
2009/01/15,76.2,77.1,75.7,76.2
2009/01/16,76.8,76.8,76.0,76.6
2009/01/19,76.8,76.9,76.2,76.5
2009/01/20,76.5,77.1,76.0,76.5
2009/01/21,75.9,77.5,75.9,76.5
2009/02/02,76.3,76.5,75.9,76.2
2009/02/03,76.0,76.6,76.0,76.3
2009/02/04,76.5,76.9,76.2,76.8
2009/02/05,76.6,76.8,76.0,76.0
2009/02/06,76.0,76.6,76.0,76.5
2009/02/09,76.5,76.8,75.9,76.0
2009/02/10,76.2,76.6,76.2,76.2
2009/02/11,76.3,76.6,76.3,76.5
2009/02/12,76.3,76.5,76.0,76.0
2009/02/13,75.9,76.8,75.9,76.8
2009/02/16,76.3,76.6,76.2,76.2
2009/02/17,76.2,76.8,76.2,76.6
2009/02/18,76.3,77.7,76.3,77.1
2009/02/19,77.1,78.1,76.6,77.5
2009/02/20,77.5,77.8,77.2,77.4
2009/02/23,77.2,78.6,77.2,78.1
2009/02/24,77.8,78.6,77.8,78.4
2009/02/25,78.6,80.1,78.6,79.3
2009/02/26,79.5,80.5,79.3,80.1
2009/02/27,80.1,80.8,79.8,80.7
2009/03/02,80.5,82.2,78.7,82.2
2009/03/20,85.3,85.3,81.3,81.9
2009/03/23,82.0,82.1,80.0,81.0
2009/03/24,80.3,81.0,78.0,79.5
2009/03/25,78.4,79.8,78.4,79.4
2009/03/26,79.5,80.3,78.9,79.1
2009/03/27,78.9,79.4,78.1,78.1
2009/03/30,76.9,77.3,76.4,76.9
2009/03/31,76.5,78.1,76.5,77.4
2009/04/01,77.5,77.6,76.1,76.4
2009/04/02,76.4,76.6,76.0,76.1
2009/04/03,76.1,76.6,75.3,76.1
2009/04/06,76.3,78.3,76.1,77.9
2009/04/07,77.6,79.0,77.3,78.5
2009/04/08,78.1,78.4,77.3,77.8
2009/04/09,77.8,78.6,77.6,78.3
2009/04/10,78.4,78.4,77.5,77.8
2009/04/13,77.8,79.0,77.8,79.0
2009/04/14,78.6,78.6,77.5,78.3
2009/04/15,77.6,77.8,77.0,77.1
2009/04/16,77.5,78.3,77.1,77.8
2009/04/17,78.0,78.0,75.8,76.1
2009/04/20,76.9,76.9,75.8,76.5
2009/04/21,75.6,76.5,75.6,76.4
2009/04/22,76.3,76.3,75.3,75.4
2009/04/23,75.4,75.6,75.1,75.4
2009/04/24,75.3,75.5,74.4,74.4
2009/04/27,74.4,75.0,73.1,73.1
2009/04/28,73.1,73.9,72.8,73.3
2009/04/29,73.9,77.3,73.8,76.6
2009/04/30,81.3,81.3,77.8,78.8
2009/05/04,79.1,80.0,76.6,78.5
2009/05/05,78.5,78.8,76.9,77.1
2009/05/06,76.3,78.0,76.3,77.9
2009/05/07,78.1,78.4,77.0,78.4
2009/05/08,77.5,77.6,76.9,77.3
2009/05/11,77.1,77.3,76.6,76.8
2009/05/12,76.4,76.6,75.9,76.0
2009/05/13,76.0,77.0,75.6,76.3
2009/05/14,75.6,75.9,75.3,75.5
2009/05/15,75.6,76.3,75.4,75.8
2009/05/18,75.5,75.6,75.0,75.0
2009/05/19,75.5,78.5,75.5,76.5
2009/05/20,76.5,77.1,76.1,76.4
2009/05/21,76.1,76.3,75.6,75.8
2009/05/22,75.3,76.6,75.0,75.8
2009/05/25,76.5,77.0,76.3,76.3
2009/05/26,76.9,77.9,76.5,77.3
2009/05/27,77.5,78.0,77.0,77.5
2009/06/01,78.5,79.4,77.8,78.6
2009/06/02,79.4,79.6,78.8,78.9
2009/06/03,78.9,79.1,78.0,79.1
2009/06/04,79.1,80.4,79.0,79.8
2009/06/05,80.0,80.6,79.9,80.4
2009/06/08,80.1,80.3,78.8,78.8
2009/06/09,78.8,79.9,78.6,78.9
2009/06/10,79.5,79.5,78.5,78.8
2009/06/11,78.8,79.5,78.5,79.4
2009/06/12,79.6,81.9,79.6,80.4
2009/06/15,80.4,81.4,79.8,81.3
2009/06/16,81.3,82.0,80.9,81.5
2009/06/17,81.5,81.5,79.5,79.5
2009/06/18,79.5,80.1,79.3,79.9
2009/06/19,80.1,80.4,79.6,80.4
2009/06/22,80.8,81.4,80.5,81.3
2009/06/23,81.0,81.4,80.5,81.3
2009/06/24,81.4,83.5,81.3,81.6
2009/06/25,81.6,82.8,81.6,81.8
2009/06/26,82.3,82.3,81.3,81.4
2009/06/29,82.3,82.5,81.3,81.3
2009/06/30,81.8,82.1,81.5,81.9
2009/07/01,82.0,82.8,82.0,82.1
2009/07/02,82.1,82.3,81.6,81.9
2009/07/03,81.9,82.0,80.8,81.3
2009/07/06,81.6,81.6,80.9,81.4
2009/07/07,81.3,81.5,80.9,80.9
2009/07/08,80.5,80.8,79.9,79.9
2009/07/09,80.0,81.0,80.0,80.4
2009/07/10,80.4,80.4,79.8,80.0
2009/07/13,79.9,80.3,79.6,79.8
2009/07/14,80.1,80.3,79.8,79.9
2009/07/15,79.8,79.8,78.9,79.5
2009/07/16,79.5,80.3,78.9,79.0
2009/07/17,79.8,80.4,79.4,80.4
2009/07/20,80.9,81.3,80.5,80.8
2009/07/21,81.1,81.1,80.3,80.6
2009/07/22,80.4,80.6,79.8,80.1
2009/07/23,80.3,81.0,80.3,80.8
2009/07/24,81.0,81.1,80.0,80.4
2009/07/27,80.6,81.5,80.3,81.3
2009/07/28,81.5,82.0,81.1,81.8
2009/07/29,81.8,81.8,80.8,81.0
2009/07/30,81.3,82.3,80.9,82.3
2009/07/31,82.5,82.9,81.8,82.3
2009/08/03,77.4,79.9,76.9,79.6
2009/08/04,79.8,80.3,78.4,78.5
2009/08/05,78.8,79.1,78.5,78.7
2009/08/06,78.7,78.8,77.8,78.5
2009/08/10,78.0,78.1,77.4,77.6
2009/08/11,78.2,78.2,76.4,76.9
2009/08/12,76.4,77.4,76.2,77.0
2009/08/13,77.6,77.8,77.0,77.7
2009/08/14,77.8,78.1,77.3,77.7
2009/08/17,77.1,77.3,76.6,77.0
2009/08/18,76.6,77.3,76.4,77.0
2009/08/19,77.0,77.3,76.6,76.6
2009/08/20,76.9,77.1,76.3,76.9
2009/08/21,77.1,77.3,76.4,77.1
2009/08/24,77.4,77.6,77.0,77.0
2009/08/25,77.0,77.3,76.4,76.4
2009/08/26,76.4,77.1,76.4,76.9
2009/08/27,77.0,77.6,76.9,77.4
2009/08/28,77.7,78.2,77.6,78.1
2009/08/31,78.4,78.5,77.3,77.6
2009/09/01,77.7,78.2,77.4,78.2
2009/09/02,78.1,78.1,77.6,77.6
2009/09/03,77.8,78.0,77.4,77.8
2009/09/04,78.1,78.1,77.7,78.0
2009/09/07,78.1,78.2,77.7,78.0
2009/09/08,78.1,78.8,77.8,78.4
2009/09/09,78.4,78.5,78.0,78.1
2009/09/10,80.0,80.2,78.2,78.4
2009/09/11,78.2,78.5,78.0,78.0
2009/09/14,78.0,78.5,77.7,78.2
2009/09/15,78.1,78.5,78.1,78.2
2009/09/16,78.5,78.7,78.1,78.4
2009/09/17,78.5,78.8,78.1,78.2
2009/09/18,78.2,78.4,77.8,78.4
2009/09/21,78.1,78.2,77.7,77.8
2009/09/22,77.8,78.0,77.7,77.8
2009/09/23,77.8,78.5,77.8,78.0
2009/09/24,78.0,78.1,77.8,78.1
2009/09/25,78.4,79.2,78.0,78.7
2009/09/28,78.7,79.5,78.5,79.2
2009/09/29,79.6,80.0,79.5,79.9
2009/09/30,79.9,80.0,79.1,79.6
2009/10/01,79.8,79.9,79.2,79.3
2009/10/02,78.8,79.1,78.4,78.5
2009/10/05,78.4,78.4,78.1,78.2
2009/10/06,78.4,78.9,78.1,78.4
2009/10/07,79.1,79.1,78.4,78.9
2009/10/08,79.1,79.5,78.4,79.2
2009/10/09,79.5,79.6,78.8,79.3
2009/10/12,79.5,79.6,78.9,79.3
2009/10/13,79.1,79.2,78.8,79.1
2009/10/14,79.1,79.5,79.1,79.3
2009/10/15,79.8,79.8,79.5,79.6
2009/10/16,79.8,80.0,79.2,79.6
2009/10/19,79.6,79.8,79.1,79.1
2009/10/20,79.3,79.8,79.2,79.3
2009/10/21,79.3,79.8,79.2,79.3
2009/10/22,79.8,79.8,78.7,78.8
2009/10/23,78.9,79.3,78.8,79.1
2009/10/26,79.1,79.8,79.1,79.6
2009/10/27,79.8,80.0,79.5,79.9
2009/10/28,79.9,80.0,79.3,79.3
2009/10/29,79.1,79.5,78.9,79.2
2009/10/30,79.5,79.9,79.1,79.2
2009/11/02,78.8,78.9,78.7,78.7
2009/11/03,78.7,78.8,78.4,78.5
2009/11/04,78.8,79.1,78.7,78.8
2009/11/05,79.1,79.2,78.4,78.4
2009/11/06,78.9,79.2,78.8,78.9
2009/11/09,79.5,79.5,79.1,79.5
2009/11/10,79.8,79.8,78.8,79.5
2009/11/11,79.2,79.5,78.9,79.2
2009/11/12,79.1,79.6,78.9,79.2
2009/11/13,79.2,79.6,79.1,79.3
2009/11/16,79.3,79.6,79.2,79.6
2009/11/17,79.9,79.9,79.3,79.5
2009/11/18,79.5,79.9,79.2,79.8
2009/11/19,79.8,79.8,79.1,79.2
2009/11/20,79.1,79.6,78.9,79.3
2009/11/23,79.6,79.6,79.1,79.6
2009/11/24,79.6,79.6,79.2,79.6
2009/11/25,79.6,79.9,79.3,79.8
2009/11/26,79.8,79.9,79.5,79.6
2009/11/27,79.1,79.3,78.9,78.9
2009/11/30,79.1,79.5,79.1,79.2
2009/12/01,79.3,79.6,79.1,79.6
2009/12/02,79.8,79.8,79.1,79.2
2009/12/03,79.3,79.6,79.1,79.6
2009/12/04,79.3,79.8,79.2,79.8
2009/12/07,79.6,79.8,79.3,79.6
2009/12/08,79.8,79.8,79.3,79.8
2009/12/09,79.8,79.9,79.6,79.8
2009/12/10,79.9,79.9,79.2,79.6
2009/12/11,79.6,79.8,79.3,79.8
2009/12/14,79.8,80.0,79.6,79.9
2009/12/15,79.9,80.4,79.8,80.3
2009/12/16,80.4,80.4,79.9,80.0
2009/12/17,80.2,80.3,79.8,79.9
2009/12/18,79.9,80.3,79.8,80.2
2009/12/21,80.0,80.3,80.0,80.2
2009/12/22,80.3,80.4,79.9,80.0
2009/12/23,80.3,80.3,80.0,80.3
2009/12/24,80.3,81.1,80.2,81.0
2009/12/25,81.1,82.4,81.1,81.9
2009/12/28,82.4,82.4,81.9,82.1
2009/12/29,82.1,82.1,81.4,81.7
2009/12/30,81.7,81.8,81.3,81.7
2009/12/31,81.7,81.8,81.3,81.8
2010/01/04,81.8,81.9,81.3,81.5
2010/01/05,81.5,81.8,81.4,81.7
2010/01/06,81.5,82.1,81.4,81.9
2010/01/07,81.4,81.5,80.0,80.3
2010/01/08,80.0,80.8,79.6,79.9
2010/01/11,79.9,80.6,79.8,80.4
2010/01/12,80.7,81.0,80.3,80.7
2010/01/13,80.6,80.6,80.3,80.6
2010/01/14,80.4,80.4,80.0,80.3
2010/01/15,80.2,80.3,80.0,80.3
2010/01/18,80.0,80.3,79.9,80.3
2010/01/19,80.3,80.4,79.9,80.2
2010/01/20,80.2,80.3,79.9,79.9
2010/02/08,73.2,75.1,73.2,74.6
2010/02/09,74.1,75.0,74.1,74.7
2010/02/10,74.9,74.9,74.1,74.1
2010/02/22,74.4,75.3,74.4,74.5
2010/02/23,74.7,75.1,74.5,75.0
2010/02/24,74.7,74.7,74.3,74.3
2010/02/25,74.4,74.6,74.1,74.1
2010/02/26,74.5,75.0,74.4,74.7
2010/03/01,75.4,78.6,75.3,77.5
2010/03/02,77.5,77.5,76.5,76.9
2010/03/03,76.4,76.8,76.1,76.2
2010/03/04,76.1,76.4,75.6,75.7
2010/03/05,76.2,76.9,75.6,75.9
2010/03/08,76.0,76.5,75.9,75.9
2010/03/09,75.9,76.1,75.6,75.6
2010/03/10,75.7,76.0,75.6,75.7
2010/03/11,76.0,76.0,75.7,76.0
2010/03/12,76.4,76.6,76.1,76.5
2010/03/15,76.5,76.8,75.7,76.0
2010/03/16,77.2,77.2,76.0,76.0
2010/03/17,76.9,77.0,76.2,76.6
2010/03/18,76.6,76.8,76.1,76.5
2010/03/19,76.5,77.2,76.5,76.9
2010/03/22,76.9,76.9,76.0,76.0
2010/03/23,76.4,76.6,76.0,76.1
2010/03/24,76.4,76.6,76.0,76.1
2010/03/25,76.1,76.5,75.7,76.2
2010/03/26,76.0,76.8,75.7,76.4
2010/03/29,76.5,76.9,76.4,76.6
2010/03/30,77.0,77.8,77.0,77.6
2010/03/31,77.1,77.6,76.2,77.6
2010/04/01,77.5,77.9,77.1,77.4
2010/04/02,77.6,77.6,77.1,77.2
2010/04/06,77.4,77.5,77.0,77.1
2010/04/07,77.1,77.4,77.0,77.2
2010/04/08,77.4,77.5,76.6,77.0
2010/04/09,77.0,77.2,76.9,77.1
2010/04/12,77.2,77.4,76.9,76.9
2010/04/13,76.9,77.5,76.9,77.1
2010/04/14,77.1,77.4,76.9,77.1
2010/04/15,77.4,77.4,77.0,77.4
2010/04/16,77.1,77.4,76.9,77.4
2010/04/19,76.8,77.1,76.8,76.9
2010/04/20,77.0,77.0,76.4,76.6
2010/04/21,76.9,76.9,76.4,76.5
2010/04/22,76.5,77.0,76.2,76.9
2010/04/23,77.1,77.1,76.8,76.9
2010/04/26,77.2,77.5,77.1,77.4
2010/04/27,77.2,77.4,77.1,77.1
2010/04/28,76.5,77.4,76.5,77.0
2010/04/29,76.9,77.1,76.9,76.9
2010/04/30,76.9,77.4,76.9,76.9
2010/05/03,76.9,77.2,76.6,77.2
2010/05/04,77.2,77.2,76.8,76.9
2010/05/05,76.2,76.6,75.6,75.6
2010/05/06,75.4,76.5,75.0,76.2
2010/05/07,75.0,76.2,75.0,76.0
2010/05/10,76.2,77.4,76.2,76.9
2010/05/11,77.4,77.4,76.4,76.4
2010/05/12,76.5,77.2,76.4,77.1
2010/05/13,77.4,77.8,77.0,77.4
2010/05/14,77.1,77.4,76.9,77.0
2010/05/17,76.8,77.2,76.6,77.2
2010/05/18,77.2,77.5,76.8,77.2
2010/05/19,76.9,77.4,76.6,77.2
2010/05/20,77.0,77.4,76.8,77.2
2010/05/21,76.8,77.5,76.4,77.2
2010/05/24,77.2,77.5,76.8,77.0
2010/05/25,77.0,77.0,76.5,76.5
2010/05/26,76.5,77.6,76.5,77.6
2010/05/27,77.4,77.4,76.6,76.8
2010/05/28,76.9,77.0,76.2,76.6
2010/05/31,77.0,77.5,76.6,77.4
2010/06/01,76.9,77.4,76.9,77.1
2010/06/02,77.1,77.4,76.8,76.9
2010/06/03,77.4,77.5,77.0,77.1
2010/06/04,77.4,77.4,77.0,77.2
2010/06/07,76.9,77.5,76.8,77.2
2010/06/08,77.0,77.4,76.9,77.0
2010/06/09,77.2,77.5,77.0,77.2
2010/06/10,77.5,78.1,77.2,78.0
2010/06/11,78.2,78.8,78.0,78.5
2010/06/14,78.8,79.0,78.5,78.8
2010/06/15,78.8,79.9,78.5,79.6
2010/06/17,79.3,79.4,78.8,79.1
2010/06/18,79.5,79.9,78.9,79.9
2010/06/21,79.9,80.4,79.3,79.6
2010/06/22,79.9,80.2,79.4,79.4
2010/06/23,79.7,79.7,79.1,79.7
2010/06/24,79.7,79.9,79.4,79.7
2010/06/25,79.4,79.6,79.1,79.1
2010/06/28,79.0,79.9,79.0,79.7
2010/06/29,80.0,80.2,79.6,79.6
2010/06/30,79.1,80.1,79.1,79.9
2010/07/01,80.0,80.4,79.7,80.2
2010/07/02,80.5,81.8,80.5,81.2
2010/07/05,81.2,81.8,80.6,81.8
2010/07/06,81.4,82.5,81.4,82.5
2010/07/07,82.3,82.5,81.9,82.1
2010/07/08,82.3,82.5,82.1,82.5
2010/07/09,82.5,82.5,82.3,82.5
2010/07/12,82.5,83.0,82.1,82.5
2010/07/13,82.5,82.7,82.4,82.5
2010/07/14,82.7,83.0,82.6,83.0
2010/07/15,82.7,82.9,82.3,82.3
2010/07/16,82.3,82.9,82.1,82.4
2010/07/19,82.3,82.9,82.1,82.6
2010/07/20,82.5,83.1,82.5,82.9
2010/07/21,82.9,83.4,82.7,83.4
2010/07/22,83.1,83.4,83.0,83.2
2010/07/23,83.5,84.6,83.4,84.3
2010/07/26,84.4,84.4,83.8,84.0
2010/07/27,84.0,84.1,83.1,83.6
2010/07/28,83.8,83.8,83.2,83.6
2010/07/29,83.5,84.8,83.4,84.4
2010/07/30,84.3,85.2,84.0,84.9
2010/08/02,84.9,86.0,84.9,85.6
2010/08/03,85.6,86.2,85.5,86.0
2010/08/04,86.0,86.2,85.9,86.2
2010/08/05,86.1,86.2,86.0,86.1
2010/08/06,86.1,86.2,85.7,86.2
2010/08/09,86.1,86.1,85.4,85.5
2010/08/10,85.4,85.4,83.9,84.5
2010/08/11,84.5,85.0,84.1,84.6
2010/08/12,79.5,80.1,79.5,79.7
2010/08/13,80.0,80.0,79.6,80.0
2010/08/16,80.0,80.2,79.6,80.2
2010/08/17,80.4,81.1,80.2,81.1
2010/08/18,81.2,81.9,81.0,81.6
2010/08/19,81.2,81.4,80.7,81.2
2010/08/20,81.2,81.2,80.9,81.1
2010/08/23,81.2,81.6,81.0,81.1
2010/08/24,81.2,81.2,80.5,80.5
2010/08/25,80.1,80.5,79.7,80.1
2010/08/26,80.0,81.1,79.9,80.7
2010/08/27,81.1,81.4,80.5,80.9
2010/08/30,81.5,81.9,81.0,81.2
2010/08/31,81.2,81.9,80.7,81.9
2010/09/01,81.8,83.8,81.6,83.4
2010/09/02,83.5,84.1,83.0,83.4
2010/09/03,83.4,83.8,83.2,83.8
2010/09/06,83.8,84.3,83.6,84.1
2010/09/07,84.0,84.0,83.4,83.8
2010/09/08,83.6,84.4,83.5,84.3
2010/09/09,84.9,85.0,84.4,84.9
2010/09/10,85.0,85.1,84.8,84.8
2010/09/13,84.9,86.0,84.9,86.0
2010/09/14,86.0,86.2,85.7,86.2
2010/09/15,86.2,86.5,86.1,86.4
2010/09/16,86.2,86.2,85.5,85.6
2010/09/17,85.6,86.1,85.4,86.0
2010/09/20,86.0,86.2,85.5,86.1
2010/09/21,86.2,86.2,85.9,86.1
2010/09/23,85.9,86.2,85.7,86.1
2010/09/24,86.1,86.6,85.7,86.6
2010/09/27,86.6,88.1,86.5,87.5
2010/09/28,87.5,87.6,87.3,87.5
2010/09/29,87.5,87.6,87.4,87.5
2010/09/30,87.4,87.5,87.3,87.5
2010/10/01,87.3,87.5,87.1,87.5
2010/10/04,87.3,87.5,87.1,87.1
2010/10/05,87.0,87.5,86.9,87.3
2010/10/06,87.5,87.5,87.1,87.4
2010/10/07,87.5,88.0,87.4,88.0
2010/10/08,88.0,90.0,87.9,89.8
2010/10/11,89.9,90.1,88.6,88.8
2010/10/12,88.8,88.9,87.7,88.1
2010/10/13,88.1,88.1,87.7,87.9
2010/10/14,88.2,88.6,87.9,88.1
2010/10/15,88.1,90.0,88.1,88.8
2010/10/18,88.9,89.6,88.2,89.3
2010/10/19,89.4,89.4,88.8,89.0
2010/10/20,88.9,89.3,88.8,89.0
2010/10/21,89.1,89.3,88.8,89.0
2010/10/22,89.1,89.1,88.6,89.0
2010/10/25,89.1,90.0,88.9,90.0
2010/10/26,90.0,90.0,89.0,89.6
2010/10/27,89.6,89.6,88.9,89.1
2010/10/28,89.1,90.0,88.8,89.6
2010/10/29,89.5,89.8,89.3,89.5
2010/11/01,89.5,90.5,89.4,90.0
2010/11/02,90.0,90.1,89.5,89.9
2010/11/03,90.0,91.2,89.9,90.7
2010/11/04,90.7,91.2,90.6,91.0
2010/11/05,91.6,92.3,91.6,92.1
2010/11/08,92.1,94.1,92.1,93.5
2010/11/09,93.4,98.8,93.4,95.9
2010/11/10,95.9,96.6,94.6,95.4
2010/11/11,94.6,95.0,93.5,94.0
2010/11/12,93.2,93.4,92.4,92.7
2010/11/15,92.5,93.0,91.5,93.0
2010/11/16,93.4,93.5,92.5,93.2
2010/11/17,93.2,93.5,92.9,93.0
2010/11/18,93.0,93.0,92.5,92.5
2010/11/19,92.7,94.4,92.7,94.0
2010/11/22,94.3,94.6,93.5,93.8
2010/11/23,94.4,95.1,93.5,93.6
2010/11/24,93.5,93.6,92.9,93.0
2010/11/25,93.1,93.2,92.5,92.6
2010/11/26,92.5,92.6,91.2,91.4
2010/11/29,92.0,92.3,91.4,92.0
2010/11/30,92.0,93.0,91.5,92.5
2010/12/01,92.5,93.4,92.1,92.7
2010/12/02,92.7,93.1,92.1,92.9
2010/12/03,93.0,93.0,92.3,92.3
2010/12/06,92.5,92.5,91.9,91.9
2010/12/07,91.9,92.0,91.6,91.9
2010/12/08,91.9,92.6,91.9,92.1
2010/12/09,92.0,92.5,91.9,92.4
2010/12/10,91.9,92.4,91.5,91.9
2010/12/13,91.6,91.6,91.2,91.4
2010/12/14,91.1,91.2,90.6,90.6
2010/12/15,90.4,90.4,89.5,90.0
2010/12/16,89.8,91.6,89.5,91.1
2010/12/17,91.9,94.9,91.6,93.1
2010/12/20,92.5,93.5,92.1,92.5
2010/12/21,92.5,93.6,92.4,92.7
2010/12/22,92.5,93.2,92.4,93.0
2010/12/23,93.6,93.6,92.6,93.2
2010/12/24,93.4,93.8,93.4,93.5
2010/12/27,93.6,94.0,93.2,93.8
2010/12/28,93.8,93.8,93.1,93.5
2010/12/29,93.1,93.2,92.3,93.0
2010/12/30,92.7,92.7,92.3,92.6
2010/12/31,92.6,93.1,92.0,92.6
2011/01/03,92.6,92.6,91.9,92.0
2011/01/04,91.9,92.1,91.5,91.6
2011/01/05,91.5,91.6,90.9,91.2
2011/01/06,91.2,91.8,91.1,91.4
2011/01/25,90.4,91.0,89.0,89.2
2011/01/26,89.4,89.4,88.6,88.7
2011/01/27,88.7,88.8,88.5,88.7
2011/01/28,88.7,89.5,88.6,89.2
2011/02/08,89.0,89.0,87.8,87.9
2011/02/09,87.9,88.8,87.8,88.3
2011/02/10,88.0,88.1,87.3,87.3
2011/02/11,87.0,87.0,86.1,86.7
2011/02/14,87.0,87.6,86.1,87.5
2011/02/15,87.4,87.5,86.6,86.8
2011/02/16,86.8,87.9,86.5,87.4
2011/02/17,87.6,87.6,86.8,87.0
2011/02/18,87.0,88.5,87.0,87.7
2011/02/21,87.7,88.3,87.4,87.7
2011/02/22,87.2,88.0,87.0,87.5
2011/02/23,87.5,88.0,87.2,87.7
2011/02/24,87.7,88.5,87.6,87.9
2011/02/25,88.8,89.0,88.1,88.1
2011/03/01,88.1,89.1,88.1,88.6
2011/03/02,88.5,88.5,87.8,87.8
2011/03/03,88.0,89.2,88.0,88.7
2011/03/04,89.0,89.0,88.4,89.0
2011/03/07,89.0,89.0,88.5,88.5
2011/03/08,88.5,89.0,88.5,89.0
2011/03/09,88.8,88.9,88.2,88.3
2011/03/10,88.5,88.5,88.0,88.1
2011/03/11,88.0,88.3,87.8,88.3
2011/03/14,88.0,88.4,87.5,88.4
2011/03/15,88.5,88.9,87.5,88.1
2011/03/16,88.5,88.8,87.9,88.2
2011/03/17,88.0,88.2,87.5,87.6
2011/03/18,87.6,87.7,87.3,87.4
2011/03/21,87.7,88.0,87.4,87.7
2011/03/22,87.9,88.7,87.9,88.4
2011/03/23,88.8,89.0,88.4,89.0
2011/03/24,89.0,89.5,89.0,89.2
2011/03/25,89.4,89.4,88.5,89.0
2011/03/28,89.0,89.9,89.0,89.6
2011/03/29,89.5,89.9,89.3,89.9
2011/03/30,90.5,91.3,90.4,91.1
2011/03/31,91.4,91.6,90.3,91.6
2011/04/01,91.3,91.4,90.8,91.4
2011/04/06,91.9,92.0,91.4,91.8
2011/04/07,91.8,91.8,91.2,91.6
2011/04/08,91.8,91.8,91.0,91.6
2011/04/11,91.7,92.2,91.0,91.5
2011/04/12,91.3,91.3,90.7,91.1
2011/04/13,90.6,90.8,90.2,90.4
2011/04/14,90.3,91.3,90.2,90.9
2011/04/15,91.5,91.5,90.8,90.9
2011/04/18,91.4,91.5,90.8,91.4
2011/04/19,91.2,91.9,91.0,91.7
2011/04/20,92.0,92.0,91.7,91.9
2011/04/21,92.5,92.5,91.8,92.0
2011/04/22,92.1,92.1,91.8,92.0
2011/04/25,92.1,92.2,91.3,91.3
2011/04/26,91.0,91.8,90.5,91.8
2011/04/27,91.8,91.8,91.1,91.6
2011/04/28,91.6,91.6,90.9,91.2
2011/04/29,91.0,91.1,90.5,91.1
2011/05/03,91.1,91.4,90.6,91.3
2011/05/04,91.3,91.5,90.8,91.1
2011/05/05,91.0,91.8,90.8,91.3
2011/05/06,91.8,91.9,90.8,91.3
2011/05/09,91.8,92.1,91.2,91.9
2011/05/10,92.0,92.2,91.8,92.1
2011/05/11,92.4,92.9,92.1,92.8
2011/05/12,92.8,94.0,92.7,93.8
2011/05/13,93.9,94.1,92.5,92.5
2011/05/16,92.8,93.1,92.5,92.6
2011/05/17,92.8,92.8,92.3,92.3
2011/05/18,92.3,93.4,92.2,93.2
2011/05/19,93.2,93.6,92.9,93.1
2011/05/20,93.2,93.2,92.2,92.7
2011/05/23,92.2,93.0,92.2,92.8
2011/05/24,92.7,93.0,92.5,92.8
2011/05/25,92.8,93.3,92.7,93.3
2011/05/26,93.5,93.5,93.0,93.2
2011/05/27,93.1,93.5,93.1,93.2
2011/05/30,93.2,93.5,93.0,93.1
2011/05/31,93.4,94.0,93.2,93.6
2011/06/01,93.5,95.0,93.5,94.6
2011/06/02,94.5,95.4,94.4,95.2
2011/06/03,95.6,96.1,95.4,96.1
2011/06/07,96.5,100.0,96.5,97.8
2011/06/08,97.8,98.2,97.6,97.8
2011/06/09,97.8,97.9,97.0,97.0
2011/06/10,97.0,97.8,96.8,96.8
2011/06/13,96.5,98.3,96.5,97.8
2011/06/14,98.5,99.0,98.0,98.6
2011/06/15,99.0,99.8,98.5,99.4
2011/06/16,99.0,99.8,98.7,99.0
2011/06/17,99.0,99.7,98.7,99.0
2011/06/20,99.1,99.2,97.5,97.7
2011/06/21,97.7,98.8,97.6,98.8
2011/06/22,99.4,99.4,98.0,98.3
2011/06/23,98.0,98.5,97.9,98.5
2011/06/24,98.8,98.8,98.0,98.2
2011/06/27,97.9,98.0,97.3,97.4
2011/06/28,97.9,98.3,96.9,97.1
2011/06/29,98.0,98.3,97.2,98.3
2011/06/30,98.3,98.9,98.0,98.8
2011/07/01,99.0,101.0,98.8,101.0
2011/07/04,101.0,102.0,100.5,101.0
2011/07/05,101.0,102.5,100.5,102.0
2011/07/06,102.5,104.0,101.5,103.5
2011/07/07,103.5,103.5,102.0,103.0
2011/07/08,103.0,104.0,102.5,103.5
2011/07/11,103.0,103.5,100.5,102.0
2011/07/12,101.0,103.0,100.5,103.0
2011/07/13,103.0,105.0,102.0,105.0
2011/07/14,105.0,105.0,104.0,104.5
2011/07/15,104.5,105.5,104.0,105.5
2011/07/18,105.5,109.0,105.0,108.0
2011/07/19,108.0,110.0,106.5,109.5
2011/07/20,110.0,111.0,108.0,110.0
2011/07/21,105.5,106.0,103.0,104.0
2011/07/22,104.0,104.0,99.4,99.6
2011/07/25,99.4,99.8,97.6,98.1
2011/07/26,98.1,99.8,98.0,99.8
2011/07/27,100.0,100.0,98.8,99.4
2011/07/28,99.4,100.0,98.9,100.0
2011/07/29,100.0,100.0,99.6,100.0
2011/08/01,100.0,100.5,99.8,100.0
2011/08/02,100.0,100.5,99.8,99.8
2011/08/03,99.6,99.8,98.9,99.7
2011/08/04,99.8,100.0,99.3,100.0
2011/08/05,99.0,99.3,97.6,98.1
2011/08/08,97.5,97.8,92.0,94.7
2011/08/09,91.1,95.7,90.0,94.7
2011/08/10,95.6,96.2,95.2,95.8
2011/08/11,95.2,96.5,94.0,95.8
2011/08/12,96.9,97.0,95.1,95.9
2011/08/15,96.8,98.5,96.7,98.5
2011/08/16,99.5,99.5,97.6,98.0
2011/08/17,98.0,98.3,97.6,98.0
2011/08/18,99.0,99.0,96.5,98.1
2011/08/19,97.0,98.7,96.6,98.0
2011/08/22,98.0,99.8,97.7,99.1
2011/08/23,101.0,102.0,99.9,101.5
2011/08/24,102.5,102.5,100.0,101.5
2011/08/25,101.5,102.0,100.0,101.5
2011/08/26,101.5,101.5,100.5,101.0
2011/08/29,101.5,103.0,100.0,101.0
2011/08/30,101.5,101.5,99.5,100.0
2011/08/31,100.0,100.0,99.3,99.9
2011/09/01,100.5,101.0,99.4,100.0
2011/09/02,100.5,100.5,99.1,99.5
2011/09/05,99.0,99.3,98.5,98.8
2011/09/06,98.9,99.6,98.1,98.2
2011/09/07,98.2,100.5,98.2,100.5
2011/09/08,100.0,100.5,99.3,99.6
2011/09/09,99.5,101.0,99.5,100.0
2011/09/13,100.0,100.5,99.2,99.6
2011/09/14,100.0,100.5,99.6,99.8
2011/09/15,100.0,101.0,99.8,100.5
2011/09/16,101.5,101.5,100.5,100.5
2011/09/19,100.5,101.0,99.6,100.0
2011/09/20,100.5,100.5,99.3,99.8
2011/09/21,100.5,100.5,99.0,99.0
2011/09/22,98.5,99.3,97.5,98.5
2011/09/23,98.0,98.4,96.8,97.7
2011/09/26,97.7,98.9,97.0,98.5
2011/09/27,98.7,99.8,98.5,99.8
2011/09/28,99.8,100.5,99.2,100.5
2011/09/29,100.0,101.0,99.8,101.0
2011/09/30,101.0,101.5,100.0,101.5
2011/10/03,100.5,101.5,100.0,101.5
2011/10/04,101.5,102.0,100.5,102.0
2011/10/05,102.0,102.0,100.5,100.5
2011/10/06,101.5,102.0,101.0,102.0
2011/10/07,102.0,102.0,100.0,100.0
2011/10/11,101.5,101.5,99.0,99.1
2011/10/12,99.1,99.4,98.9,99.0
2011/10/13,99.0,99.2,98.4,98.9
2011/10/14,98.9,99.0,98.2,98.5
2011/10/17,99.0,99.3,98.5,99.3
2011/10/18,98.8,99.0,98.5,99.0
2011/10/19,99.7,99.7,99.0,99.5
2011/10/20,99.9,99.9,99.0,99.4
2011/10/21,99.8,99.8,99.2,99.7
2011/10/24,100.0,101.0,100.0,101.0
2011/10/25,101.0,101.0,100.0,100.5
2011/10/26,100.0,101.0,99.7,100.5
2011/10/27,100.5,101.0,99.5,99.5
2011/10/28,100.0,100.5,99.1,99.6
2011/10/31,99.2,100.5,99.2,100.5
2011/11/01,100.5,101.0,99.9,100.0
2011/11/02,99.8,101.0,99.5,100.5
2011/11/03,100.0,100.5,99.7,100.0
2011/11/04,100.0,101.0,99.8,99.8
2011/11/07,100.0,100.5,99.8,99.9
2011/11/08,100.5,101.0,100.0,100.5
2011/11/09,100.5,101.0,100.0,100.5
2011/11/10,100.0,101.0,100.0,100.5
2011/11/11,101.0,101.0,100.5,100.5
2011/11/14,101.0,101.5,100.5,101.0
2011/11/15,101.0,101.5,101.0,101.5
2011/11/16,101.5,102.0,101.5,102.0
2011/11/17,102.0,104.5,101.5,103.5
2011/11/18,104.0,104.0,102.0,102.0
2011/11/21,101.5,101.5,100.0,100.0
2011/11/22,100.0,101.5,99.8,100.5
2011/11/23,100.5,100.5,99.8,100.0
2011/11/24,100.0,101.0,99.9,100.5
2011/11/25,100.0,101.0,99.3,99.5
2011/11/28,100.0,101.0,100.0,100.0
2011/11/29,101.0,101.0,99.6,99.6
2011/11/30,99.7,100.0,99.0,99.6
2011/12/01,100.5,101.5,100.0,101.5
2011/12/02,100.5,101.5,100.0,101.0
2011/12/05,100.0,100.5,99.7,100.5
2011/12/06,100.0,100.5,99.9,100.0
2011/12/07,100.5,101.5,100.0,101.5
2011/12/08,101.0,101.5,100.5,101.5
2011/12/09,101.5,101.5,100.5,101.0
2011/12/12,101.0,102.0,100.5,101.5
2011/12/13,101.0,101.5,101.0,101.0
2011/12/14,101.5,101.5,101.0,101.0
2011/12/15,100.5,101.0,99.8,100.0
2011/12/16,100.0,101.0,100.0,100.5
2011/12/19,101.0,101.0,99.9,100.5
2011/12/20,100.5,101.0,99.9,101.0
2011/12/21,101.0,101.5,100.5,101.5
2011/12/22,100.5,101.0,100.5,101.0
2011/12/23,100.5,101.0,99.9,100.5
2011/12/26,100.0,100.5,99.4,99.7
2011/12/27,99.7,100.5,99.4,100.5
2011/12/28,100.0,100.5,99.8,100.0
2011/12/29,99.9,100.5,99.5,100.5
2011/12/30,100.5,100.5,99.8,100.0
2012/01/02,100.0,100.0,99.6,99.7
2012/01/03,100.5,101.0,100.0,100.0
2012/01/04,100.5,100.5,99.8,100.0
2012/01/05,100.0,100.0,99.5,100.0
2012/01/06,100.0,100.0,99.5,99.9
2012/01/09,99.5,99.5,98.6,99.0
2012/01/10,99.0,99.0,98.4,98.5
2012/01/11,98.6,99.0,98.4,99.0
2012/01/12,98.8,99.2,98.7,99.0
2012/01/13,99.1,99.4,98.8,99.0
2012/01/16,99.2,99.2,98.6,98.9
2012/01/17,98.6,98.8,96.9,97.0
2012/01/18,96.6,96.6,95.5,95.9
2012/01/30,95.1,95.3,94.5,94.9
2012/01/31,94.8,96.4,94.8,96.2
2012/02/01,96.2,96.5,95.7,96.5
2012/02/02,96.8,96.8,95.9,96.1
2012/02/03,95.9,95.9,95.3,95.5
2012/02/06,96.0,96.0,95.3,95.7
2012/02/07,95.5,95.7,95.3,95.3
2012/02/08,95.3,96.2,95.3,95.8
2012/02/09,95.6,95.6,95.2,95.3
2012/02/10,95.2,95.2,94.6,94.6
2012/02/13,94.1,94.1,93.3,93.6
2012/02/14,93.6,94.0,93.4,93.9
2012/02/15,93.8,94.0,93.5,93.9
2012/02/16,93.9,95.0,93.6,94.5
2012/02/17,94.5,95.4,94.5,94.6
2012/02/20,94.6,94.8,93.9,94.6
2012/02/21,94.6,94.6,94.0,94.6
2012/02/22,93.5,93.5,92.3,92.8
2012/02/23,92.0,92.1,91.5,91.5
2012/02/24,90.6,90.6,90.0,90.1
2012/02/29,90.0,91.1,90.0,90.4
2012/03/01,90.4,92.0,90.4,91.8
2012/03/02,92.5,92.5,91.8,92.2
2012/03/05,92.5,92.7,92.0,92.1
2012/03/06,92.0,92.7,91.4,92.5
2012/03/07,92.0,92.8,91.9,92.0
2012/03/08,92.0,92.1,91.5,91.6
2012/03/09,91.5,91.5,91.1,91.3
2012/03/12,91.3,91.4,91.0,91.0
2012/03/13,90.7,91.4,90.6,91.4
2012/03/14,92.0,92.0,91.7,91.8
2012/03/15,91.5,91.5,91.0,91.0
2012/03/16,91.0,91.0,90.5,90.5
2012/03/19,91.3,91.3,90.5,90.9
2012/03/20,90.9,90.9,90.1,90.2
2012/03/21,90.0,90.5,90.0,90.2
2012/03/22,90.1,91.2,90.1,91.2
2012/03/23,91.4,91.4,91.0,91.3
2012/03/26,91.0,91.0,90.2,90.5
2012/03/27,90.5,91.1,90.5,91.1
2012/03/28,91.2,91.6,91.0,91.4
2012/03/29,91.1,91.2,90.6,90.8
2012/03/30,90.4,90.9,90.2,90.9
2012/04/02,90.7,91.1,90.5,90.9
2012/04/03,91.4,91.4,90.7,90.8
2012/04/05,90.2,90.8,90.2,90.5
2012/04/06,90.8,91.0,90.5,90.7
2012/04/09,90.3,91.1,90.2,90.8
2012/04/10,91.1,91.1,90.5,90.5
2012/04/11,90.3,90.6,90.3,90.4
2012/04/12,90.4,90.6,90.2,90.4
2012/04/13,90.9,90.9,90.5,90.6
2012/04/16,90.4,90.6,90.3,90.3
2012/04/17,90.2,90.3,90.0,90.0
2012/04/18,90.1,90.1,89.1,89.5
2012/04/19,89.1,89.2,88.3,88.3
2012/04/20,88.1,88.1,87.5,87.6
2012/04/23,87.6,89.4,87.5,88.3
2012/04/24,88.3,90.3,88.2,89.7
2012/04/25,90.5,90.7,90.0,90.5
2012/04/26,90.7,90.9,90.1,90.6
2012/04/27,90.6,91.3,90.2,91.3
2012/04/30,91.2,92.0,91.0,91.4
2012/05/02,91.2,91.5,90.8,90.8
2012/05/03,90.9,91.8,90.8,91.1
2012/05/04,90.9,91.7,90.9,91.5
2012/05/07,90.9,90.9,90.0,90.5
2012/05/08,90.5,91.3,90.3,91.1
2012/05/09,90.5,90.9,90.2,90.2
2012/05/10,90.0,90.2,89.4,89.4
2012/05/11,89.4,90.1,89.3,90.0
2012/05/14,89.5,90.4,89.5,90.0
2012/05/15,90.0,91.6,89.8,91.4
2012/05/16,91.5,91.7,90.3,90.3
2012/05/17,91.0,91.3,90.3,91.0
2012/05/18,90.1,90.9,90.0,90.3
2012/05/21,90.1,91.0,90.1,90.8
2012/05/22,91.3,91.5,90.8,91.4
2012/05/23,91.3,91.5,90.8,91.3
2012/05/24,91.2,91.4,91.0,91.4
2012/05/25,90.9,91.6,90.9,91.2
2012/05/28,90.9,91.2,90.9,90.9
2012/05/29,91.1,91.2,90.8,90.9
2012/05/30,90.8,90.9,90.0,90.0
2012/05/31,90.0,90.6,89.5,90.2
2012/06/01,89.6,90.6,89.5,90.0
2012/06/04,89.5,90.0,89.5,89.7
2012/06/05,90.0,90.3,89.8,90.0
2012/06/06,90.1,90.8,89.9,90.7
2012/06/07,90.8,90.9,90.0,90.8
2012/06/08,90.1,90.5,89.8,90.2
2012/06/11,90.0,91.1,90.0,91.0
2012/06/12,90.8,91.0,90.4,90.5
2012/06/13,90.7,90.7,90.2,90.4
2012/06/14,91.0,91.0,90.3,90.3
2012/06/15,90.3,90.8,90.1,90.1
2012/06/18,90.6,90.9,90.2,90.7
2012/06/19,90.8,90.9,90.5,90.9
2012/06/20,91.0,91.5,90.8,91.5
2012/06/21,91.0,91.7,91.0,91.7
2012/06/22,91.5,91.7,91.0,91.3
2012/06/25,91.3,91.3,90.3,91.2
2012/06/26,91.2,92.0,91.0,92.0
2012/06/27,92.0,93.1,92.0,93.0
2012/06/28,93.3,93.7,92.8,92.8
2012/06/29,93.0,94.0,92.8,94.0
2012/07/02,94.0,94.0,93.5,93.9
2012/07/03,93.9,94.7,93.6,94.7
2012/07/04,95.0,95.1,94.8,95.0
2012/07/05,95.0,95.1,94.8,95.1
2012/07/06,95.2,95.2,94.7,95.2
2012/07/09,95.0,95.4,94.9,95.4
2012/07/10,95.5,95.8,95.2,95.6
2012/07/11,95.2,95.4,95.0,95.4
2012/07/12,95.2,95.2,93.4,93.6
2012/07/13,93.5,94.0,93.0,93.8
2012/07/16,94.0,94.2,93.6,93.8
2012/07/17,88.5,89.6,88.5,89.5
2012/07/18,89.9,90.1,89.4,89.4
2012/07/19,89.8,89.8,89.5,89.6
2012/07/20,89.6,89.6,89.3,89.6
2012/07/23,89.5,89.5,88.8,89.3
2012/07/24,89.4,89.4,88.8,88.8
2012/07/25,88.5,89.2,88.5,89.1
2012/07/26,89.0,89.1,87.8,88.3
2012/07/27,88.9,89.0,87.9,88.1
2012/07/30,88.0,88.6,88.0,88.4
2012/07/31,88.1,90.0,88.1,90.0
2012/08/01,89.1,89.4,88.8,88.9
2012/08/03,88.5,89.5,88.5,89.5
2012/08/06,89.9,90.0,89.3,89.5
2012/08/07,89.5,89.6,88.9,89.0
2012/08/08,89.3,89.4,88.6,88.6
2012/08/09,88.7,89.8,88.7,89.8
2012/08/10,89.9,90.0,89.2,89.9
2012/08/13,90.0,90.0,89.4,90.0
2012/08/14,90.0,90.4,89.7,90.2
2012/08/15,90.2,90.6,90.0,90.6
2012/08/16,90.4,90.7,90.2,90.4
2012/08/17,90.3,90.4,89.9,90.0
2012/08/20,90.0,90.0,89.7,89.7
2012/08/21,90.5,90.7,90.0,90.3
2012/08/22,90.6,90.6,90.0,90.5
2012/08/23,90.0,90.6,90.0,90.6
2012/08/24,90.6,90.7,90.1,90.1
2012/08/27,90.1,90.5,90.1,90.1
2012/08/28,90.1,90.3,90.0,90.0
2012/08/29,90.3,90.5,90.2,90.2
2012/08/30,90.2,90.5,89.9,90.5
2012/08/31,90.2,90.5,90.0,90.5
2012/09/03,90.3,90.5,90.0,90.1
2012/09/04,90.1,90.3,90.0,90.0
2012/09/05,90.0,90.5,89.7,90.0
2012/09/06,90.0,90.4,89.9,90.4
2012/09/07,90.5,90.6,90.3,90.5
2012/09/10,90.4,90.6,90.1,90.6
2012/09/11,90.6,90.6,90.3,90.6
2012/09/12,90.6,91.0,90.6,90.9
2012/09/13,90.9,91.0,90.7,90.9
2012/09/14,90.9,92.0,90.6,92.0
2012/09/17,92.0,92.5,91.3,92.5
2012/09/18,92.0,92.6,91.8,92.5
2012/09/19,92.4,93.2,92.0,93.2
2012/09/20,93.0,93.1,92.3,92.5
2012/09/21,92.9,93.0,92.5,93.0
2012/09/24,93.0,93.1,92.2,92.9
2012/09/25,92.8,93.3,92.8,93.2
2012/09/26,93.0,93.2,92.8,93.2
2012/09/27,93.0,93.7,92.9,93.7
2012/09/28,93.6,93.9,93.2,93.9
2012/10/01,93.5,93.7,93.1,93.3
2012/10/02,93.0,93.5,92.8,93.5
2012/10/03,93.5,93.5,92.8,92.8
2012/10/04,92.8,93.0,92.5,93.0
2012/10/05,93.2,93.2,92.7,93.0
2012/10/08,93.0,93.0,92.4,92.7
2012/10/09,92.8,93.8,92.8,93.6
2012/10/11,93.2,93.6,93.0,93.4
2012/10/12,93.4,93.4,92.2,92.8
2012/10/15,92.2,92.6,92.1,92.1
2012/10/16,92.0,92.5,92.0,92.3
2012/10/17,92.2,92.3,91.7,91.8
2012/10/18,91.8,92.5,91.7,92.4
2012/10/19,92.4,92.4,91.9,92.0
2012/10/22,91.5,92.2,91.3,92.1
2012/10/23,92.0,92.3,91.8,92.2
2012/10/24,91.5,92.2,91.4,92.2
2012/10/25,92.2,92.3,91.8,92.0
2012/10/26,92.0,92.0,91.2,91.5
2012/10/29,91.2,91.2,90.6,91.0
2012/10/30,91.0,92.0,91.0,91.8
2012/10/31,91.4,91.6,91.0,91.6
2012/11/01,91.0,91.5,90.6,91.4
2012/11/02,92.0,92.0,91.0,91.7
2012/11/05,92.0,92.4,91.6,92.4
2012/11/06,92.6,93.3,92.1,93.3
2012/11/07,93.3,93.3,91.9,92.5
2012/11/08,92.0,93.0,91.6,93.0
2012/11/09,92.3,92.8,91.8,92.5
2012/11/12,92.2,92.6,92.0,92.2
2012/11/13,92.0,92.1,91.6,92.1
2012/11/14,92.1,92.4,91.9,92.2
2012/11/15,92.0,92.7,91.4,92.6
2012/11/16,91.9,92.7,91.9,92.6
2012/11/19,91.9,92.7,91.9,92.6
2012/11/20,92.6,92.8,92.4,92.7
2012/11/21,92.7,92.7,92.3,92.6
2012/11/22,92.5,92.8,92.5,92.7
2012/11/23,92.7,93.1,92.6,92.9
2012/11/26,93.0,93.1,92.8,93.0
2012/11/27,92.8,93.5,92.8,93.5
2012/11/28,93.5,93.5,92.9,93.5
2012/11/29,93.5,94.0,93.3,93.8
2012/11/30,93.3,93.9,93.0,93.9
2012/12/03,93.8,94.0,93.6,93.9
2012/12/04,93.9,93.9,93.4,93.7
2012/12/05,93.1,94.0,93.1,94.0
2012/12/06,93.9,94.0,93.6,94.0
2012/12/07,94.0,94.2,93.9,94.2
2012/12/10,94.2,94.5,94.1,94.5
2012/12/11,94.5,95.0,94.4,95.0
2012/12/12,95.0,95.3,94.8,94.8
2012/12/13,95.0,95.0,94.0,94.4
2012/12/14,94.0,94.3,93.5,93.7
2012/12/17,93.4,93.9,93.4,93.7
2012/12/18,93.5,93.7,93.4,93.7
2012/12/19,93.7,93.8,93.5,93.7
2012/12/20,93.7,93.7,93.4,93.6
2012/12/21,93.5,93.5,92.3,93.3
2012/12/24,93.0,93.0,92.6,92.8
2012/12/25,92.8,93.7,92.5,93.7
2012/12/26,93.4,93.7,92.5,92.5
2012/12/27,92.5,93.5,92.2,93.5
2012/12/28,93.5,94.5,92.9,94.5
2013/01/02,94.3,94.3,93.6,94.0
2013/01/03,93.9,93.9,93.0,93.0
2013/01/04,93.5,93.9,93.0,93.9
2013/01/07,93.9,94.0,93.3,93.9
2013/01/08,93.9,94.2,93.2,94.2
2013/01/09,94.0,94.2,93.5,94.1
2013/01/10,94.1,94.5,93.6,94.5
2013/01/11,94.4,94.5,93.7,94.2
2013/01/14,93.5,94.4,93.2,94.4
2013/01/15,94.4,94.7,93.8,94.7
2013/01/16,94.7,94.7,93.7,93.8
2013/01/17,94.2,94.3,93.6,93.9
2013/01/18,94.0,94.7,93.9,94.7
2013/01/21,94.7,94.8,94.0,94.6
2013/01/22,94.8,94.9,94.1,94.9
2013/01/23,94.9,95.0,94.6,95.0
2013/01/24,94.8,94.8,94.0,94.5
2013/01/25,94.5,94.7,94.0,94.4
2013/01/28,94.5,94.8,94.3,94.5
2013/01/29,94.7,94.7,94.2,94.5
2013/01/30,94.0,94.1,93.8,93.8
2013/01/31,93.8,94.0,93.7,94.0
2013/02/01,93.7,94.0,93.7,93.8
2013/02/04,93.9,94.1,93.8,93.9
2013/02/05,93.9,94.0,93.8,93.9
2013/02/06,94.0,94.0,93.7,93.9
2013/02/18,93.8,93.9,92.4,92.5
2013/02/19,92.6,92.7,92.3,92.3
2013/02/20,92.7,93.0,92.2,92.5
2013/02/21,92.9,93.2,92.4,92.9
2013/02/22,92.8,93.2,92.5,93.0
2013/02/25,93.0,93.0,92.6,93.0
2013/02/26,92.8,92.8,92.3,92.6
2013/02/27,92.6,92.8,92.2,92.2
2013/03/01,92.2,92.5,92.0,92.4
2013/03/04,92.1,92.1,91.7,91.7
2013/03/05,92.0,92.0,91.7,91.7
2013/03/06,91.7,92.1,91.7,91.8
2013/03/07,91.8,92.0,91.7,92.0
2013/03/08,91.8,92.3,91.8,92.3
2013/03/11,92.1,92.2,91.9,92.0
2013/03/12,92.1,92.7,92.1,92.6
2013/03/13,92.9,93.0,92.5,92.7
2013/03/14,92.5,92.8,92.1,92.4
2013/03/15,92.5,93.0,92.4,93.0
2013/03/18,92.3,92.6,92.2,92.3
2013/03/19,92.3,92.7,92.2,92.3
2013/03/20,92.3,92.3,92.0,92.0
2013/03/21,92.0,92.2,92.0,92.0
2013/03/22,92.0,92.3,92.0,92.0
2013/03/25,92.2,92.5,92.0,92.1
2013/03/26,92.4,92.4,91.9,92.2
2013/03/27,92.0,92.1,92.0,92.1
2013/03/28,92.5,92.5,92.0,92.2
2013/03/29,92.6,92.9,92.4,92.8
2013/04/01,92.8,93.0,92.6,93.0
2013/04/02,93.0,93.1,92.7,93.1
2013/04/03,93.1,93.2,92.8,93.1
2013/04/08,92.5,92.6,92.3,92.3
2013/04/09,92.3,92.5,92.1,92.3
2013/04/10,92.8,92.8,92.1,92.3
2013/04/11,92.3,92.9,92.2,92.9
2013/04/12,93.0,93.2,92.9,93.2
2013/04/15,93.2,93.3,93.0,93.3
2013/04/16,92.5,93.6,92.5,93.6
2013/04/17,93.6,93.7,93.3,93.6
2013/04/18,93.5,93.6,93.1,93.2
2013/04/19,93.6,93.7,93.2,93.6
2013/04/22,93.6,93.8,93.5,93.8
2013/04/23,93.8,93.9,93.6,93.9
2013/04/24,93.9,94.0,93.6,93.8
2013/04/25,94.0,94.0,93.7,93.8
2013/04/26,93.9,94.1,93.9,94.1
2013/04/29,94.1,94.5,93.8,94.5
2013/04/30,94.5,94.8,93.8,93.8
2013/05/02,94.5,95.3,94.5,95.0
2013/05/03,95.0,95.3,95.0,95.2
2013/05/06,95.2,95.3,95.0,95.1
2013/05/07,95.1,95.2,95.1,95.1
2013/05/08,95.1,95.9,95.1,95.7
2013/05/09,96.0,96.1,95.8,96.0
2013/05/10,96.0,96.0,95.7,96.0
2013/05/13,96.0,96.2,95.4,95.9
2013/05/14,95.8,96.0,95.6,96.0
2013/05/15,96.0,97.2,96.0,97.2
2013/05/16,97.5,97.8,97.4,97.5
2013/05/17,97.5,97.8,97.2,97.5
2013/05/20,97.5,97.7,97.4,97.5
2013/05/21,97.5,98.5,97.4,98.1
2013/05/22,98.1,98.5,98.0,98.2
2013/05/23,98.2,98.2,97.2,97.6
2013/05/24,97.6,97.8,96.5,96.5
2013/05/27,96.2,97.3,96.1,97.0
2013/05/28,97.0,97.5,96.7,97.0
2013/05/29,97.0,97.2,96.9,97.1
2013/05/30,96.6,96.6,95.6,95.6
2013/05/31,96.2,96.5,95.5,95.5
2013/06/03,95.2,95.4,94.6,95.0
2013/06/04,95.0,95.3,94.8,94.9
2013/06/05,94.9,94.9,94.5,94.5
2013/06/06,94.4,94.8,94.1,94.5
2013/06/07,94.5,95.0,94.1,95.0
2013/06/10,95.5,95.5,95.0,95.2
2013/06/11,95.5,95.9,95.2,95.2
2013/06/13,94.6,95.5,94.5,94.5
2013/06/14,94.6,95.3,94.5,94.6
2013/06/17,94.5,96.4,94.5,95.2
2013/06/18,95.2,96.0,94.7,96.0
2013/06/19,96.1,96.2,95.4,95.7
2013/06/20,95.6,96.0,95.2,95.3
2013/06/21,95.0,95.0,94.6,95.0
2013/06/24,94.8,96.0,94.6,95.1
2013/06/25,95.0,95.9,94.8,95.5
2013/06/26,96.0,96.0,95.0,95.3
2013/06/27,95.8,95.9,95.0,95.9
2013/06/28,95.9,102.0,95.4,102.0
2013/07/01,97.1,98.5,96.8,98.0
2013/07/02,97.9,98.0,97.4,97.9
2013/07/03,97.9,98.0,97.7,97.8
2013/07/04,97.7,98.1,97.7,98.1
2013/07/05,98.0,99.3,98.0,99.2
2013/07/08,99.2,99.3,98.1,98.7
2013/07/09,98.5,99.5,98.5,99.4
2013/07/10,99.0,99.5,99.0,99.4
2013/07/11,99.4,99.9,99.2,99.8
2013/07/12,99.8,100.0,99.6,100.0
2013/07/15,100.0,100.0,99.8,99.9
2013/07/16,99.9,99.9,99.6,99.8
2013/07/17,94.9,96.1,94.8,95.4
2013/07/18,95.6,95.8,95.5,95.7
2013/07/19,95.7,96.1,95.2,95.5
2013/07/22,95.8,96.5,95.6,96.5
2013/07/23,96.8,96.8,96.3,96.7
2013/07/24,96.7,96.7,95.7,95.8
2013/07/25,95.6,95.8,95.4,95.6
2013/07/26,95.6,96.0,95.4,95.6
2013/07/29,96.0,96.0,95.2,95.7
2013/07/30,95.5,95.7,95.2,95.5
2013/07/31,95.4,95.9,94.9,95.9
2013/08/01,95.2,95.8,94.9,94.9
2013/08/02,95.1,95.8,94.8,95.0
2013/08/05,95.6,95.7,94.8,95.2
2013/08/06,95.0,95.0,94.3,94.4
2013/08/07,94.5,94.5,93.8,93.8
2013/08/08,93.8,93.8,93.5,93.6
2013/08/09,93.8,94.1,93.5,93.5
2013/08/12,93.6,94.2,93.6,94.0
2013/08/13,94.0,94.3,93.6,94.0
2013/08/14,94.0,94.0,93.5,93.8
2013/08/15,93.6,93.6,93.2,93.4
2013/08/16,93.4,94.3,93.0,94.0
2013/08/19,94.2,94.3,93.3,93.4
2013/08/20,93.4,93.8,93.2,93.4
2013/08/22,93.2,93.6,92.8,93.1
2013/08/23,93.7,93.7,93.0,93.2
2013/08/26,93.2,94.1,93.0,93.7
2013/08/27,93.5,94.1,93.2,94.0
2013/08/28,93.0,94.0,93.0,93.5
2013/08/29,93.5,94.3,93.5,93.8
2013/08/30,94.3,94.6,93.9,94.6
2013/09/02,94.1,94.6,94.1,94.3
2013/09/03,94.3,94.6,94.0,94.1
2013/09/04,94.0,94.6,94.0,94.6
2013/09/05,94.6,94.8,94.1,94.8
2013/09/06,94.8,95.0,94.3,94.4
2013/09/09,94.5,94.8,94.1,94.6
2013/09/10,94.7,94.9,94.2,94.9
2013/09/11,94.9,95.1,94.3,94.4
2013/09/12,94.4,94.5,93.8,94.0
2013/09/13,94.0,94.4,93.9,94.3
2013/09/16,94.4,94.9,94.4,94.9
2013/09/17,94.6,94.8,94.3,94.8
2013/09/18,94.8,94.9,94.5,94.9
2013/09/23,94.9,94.9,94.1,94.7
2013/09/24,94.4,94.6,94.0,94.0
2013/09/25,94.0,94.3,93.5,94.3
2013/09/26,94.3,94.3,93.6,93.6
2013/09/27,93.6,94.2,93.6,93.9
2013/09/30,93.7,94.7,93.5,94.7
2013/10/01,94.6,94.6,93.7,94.0
2013/10/02,94.0,94.0,93.5,93.5
2013/10/03,93.6,94.3,93.5,93.8
2013/10/04,93.6,94.0,93.5,94.0
2013/10/07,93.9,93.9,93.4,93.7
2013/10/08,93.7,93.7,93.0,93.2
2013/10/09,93.2,93.5,93.1,93.1
2013/10/11,93.1,93.5,92.8,92.8
2013/10/14,92.8,93.2,92.6,93.2
2013/10/15,93.2,93.5,92.8,93.0
2013/10/16,93.3,93.5,93.0,93.5
2013/10/17,93.8,94.0,93.2,93.5
2013/10/18,93.9,94.0,93.1,93.4
2013/10/21,93.2,93.2,91.8,92.4
2013/10/22,91.8,91.8,90.0,90.6
2013/10/23,90.3,92.3,90.3,92.3
2013/10/24,92.0,92.7,91.5,92.7
2013/10/25,92.0,92.7,91.6,92.3
2013/10/28,92.8,93.2,92.2,93.2
2013/10/29,93.2,93.2,92.6,93.2
2013/10/30,93.0,94.5,92.8,94.4
2013/10/31,94.4,94.6,94.0,94.6
2013/11/01,94.6,94.6,92.8,93.3
2013/11/04,93.1,93.1,92.4,92.5
2013/11/05,92.6,93.3,92.6,93.0
2013/11/06,93.2,93.4,92.9,93.3
2013/11/07,93.2,93.2,92.4,93.0
2013/11/08,92.8,93.1,92.5,93.0
2013/11/11,92.9,92.9,92.4,92.4
2013/11/12,92.7,93.0,92.5,93.0
2013/11/13,93.0,93.0,92.3,92.4
2013/11/14,92.4,92.5,91.9,91.9
2013/11/15,92.0,92.4,91.9,91.9
2013/11/18,92.1,92.4,91.9,91.9
2013/11/19,92.7,92.7,92.1,92.3
2013/11/20,92.2,92.3,91.8,91.8
2013/11/21,91.8,91.8,91.3,91.4
2013/11/22,92.4,92.4,91.4,91.5
2013/11/25,92.3,92.3,91.5,91.5
2013/11/26,91.5,92.8,91.5,92.8
2013/11/27,92.8,92.8,92.0,92.5
2013/11/28,92.5,92.8,92.4,92.5
2013/11/29,92.5,93.0,92.4,92.8
2013/12/02,92.8,92.9,92.4,92.7
2013/12/03,92.5,92.5,92.2,92.3
2013/12/04,92.0,92.1,91.8,91.9
2013/12/05,91.9,92.0,91.7,91.8
2013/12/06,91.8,92.1,91.7,91.9
2013/12/09,92.4,92.8,92.2,92.7
2013/12/10,92.7,92.7,92.4,92.5
2013/12/11,92.5,93.1,92.5,92.9
2013/12/12,93.0,93.0,92.4,92.5
2013/12/13,92.2,92.5,92.1,92.3
2013/12/16,92.2,92.3,91.9,91.9
2013/12/17,92.0,92.4,92.0,92.0
2013/12/18,92.1,92.1,91.8,92.0
2013/12/19,92.2,92.9,92.0,92.3
2013/12/20,92.3,92.6,92.1,92.6
2013/12/23,92.6,92.9,92.4,92.4
2013/12/24,92.7,93.4,92.4,92.4
2013/12/25,92.8,93.0,92.5,92.6
2013/12/26,92.6,93.1,92.6,93.0
2013/12/27,93.0,93.4,92.9,93.4
2013/12/30,93.4,93.6,93.0,93.2
2013/12/31,93.2,93.3,92.9,93.1
2014/01/02,93.1,93.2,92.6,92.8
2014/01/03,92.8,92.9,92.5,92.8
2014/01/06,92.6,92.6,92.3,92.3
2014/01/07,92.3,92.5,92.1,92.1
2014/01/08,92.1,92.5,92.1,92.1
2014/01/09,92.1,92.2,91.9,92.1
2014/01/10,92.1,92.1,91.8,91.9
2014/01/13,92.0,92.5,91.9,92.0
2014/01/14,92.0,92.1,91.8,92.0
2014/01/15,92.0,92.1,91.9,92.0
2014/01/16,92.0,92.3,92.0,92.0
2014/01/17,92.0,92.1,91.9,92.0
2014/01/20,92.0,92.0,91.8,91.8
2014/01/21,91.8,92.0,91.8,91.9
2014/01/22,91.9,92.0,91.8,91.9
2014/01/23,91.9,92.0,91.7,91.8
2014/01/24,91.7,91.9,91.5,91.7
2014/01/27,91.5,91.9,91.3,91.9
2014/02/05,90.4,90.9,89.8,90.3
2014/02/06,90.3,90.7,90.3,90.3
2014/02/07,90.5,90.6,90.3,90.4
2014/02/10,90.4,90.5,90.3,90.3
2014/02/11,90.3,90.4,90.1,90.1
2014/02/12,90.3,90.7,90.2,90.7
2014/02/13,90.7,91.0,90.4,90.7
2014/02/14,90.7,91.5,90.7,91.2
2014/02/17,91.3,91.4,91.0,91.2
2014/02/18,91.2,91.5,91.1,91.3
2014/02/19,91.3,91.8,91.3,91.8
2014/02/20,91.8,91.8,91.2,91.3
2014/02/21,91.3,91.8,91.1,91.7
2014/02/24,91.6,91.8,91.3,91.8
2014/02/25,91.4,91.8,91.4,91.4
2014/02/26,91.4,91.8,91.0,91.4
2014/02/27,91.4,92.0,91.3,92.0
2014/03/03,91.9,91.9,91.0,91.7
2014/03/04,91.4,91.6,91.2,91.3
2014/03/05,91.4,92.0,91.4,91.9
2014/03/06,92.0,92.4,91.7,92.3
2014/03/07,92.5,92.5,92.3,92.4
2014/03/10,92.3,92.5,92.0,92.4
2014/03/11,92.4,93.2,92.1,93.0
2014/03/12,92.8,93.0,92.4,93.0
2014/03/13,92.8,93.2,92.5,93.2
2014/03/14,92.6,92.9,92.2,92.2
2014/03/17,92.2,92.5,92.0,92.5
2014/03/18,92.8,93.5,92.7,93.0
2014/03/19,93.2,93.5,92.9,93.3
2014/03/20,93.0,93.4,92.5,92.9
2014/03/21,93.0,93.3,92.5,93.0
2014/03/24,93.0,93.3,92.6,92.9
2014/03/25,92.9,93.7,92.9,93.7
2014/03/26,93.0,93.3,92.5,92.8
2014/03/27,92.8,93.6,92.7,93.3
2014/03/28,93.3,93.5,93.0,93.4
2014/03/31,93.7,93.8,93.1,93.7
2014/04/01,93.7,93.7,93.2,93.7
2014/04/02,93.8,93.8,93.3,93.7
2014/04/03,93.6,93.6,93.2,93.4
2014/04/07,93.3,93.7,93.2,93.5
2014/04/08,93.4,93.5,93.2,93.2
2014/04/09,93.5,93.5,93.2,93.4
2014/04/10,93.4,93.7,93.2,93.7
2014/04/11,93.7,93.7,93.4,93.7
2014/04/14,93.6,93.8,93.4,93.7
2014/04/15,93.7,94.0,93.5,94.0
2014/04/16,94.0,94.4,93.6,94.0
2014/04/17,94.0,94.3,93.8,94.3
2014/04/18,94.3,94.5,94.1,94.5
2014/04/21,94.5,94.5,94.3,94.4
2014/04/22,94.4,94.5,94.3,94.4
2014/04/23,94.4,94.6,94.3,94.5
2014/04/24,94.5,94.6,94.4,94.5
2014/04/25,94.5,94.6,93.6,93.7
2014/04/28,93.2,94.2,93.1,94.0
2014/04/29,94.0,94.2,93.9,94.1
2014/04/30,94.1,95.1,94.0,94.2
2014/05/02,94.4,94.6,94.2,94.4
2014/05/05,94.4,94.6,93.9,94.0
2014/05/06,94.0,94.2,93.9,94.0
2014/05/07,94.0,94.1,93.5,94.0
2014/05/08,94.0,94.2,93.8,94.1
2014/05/09,94.1,94.8,94.1,94.8
2014/05/12,94.8,94.8,94.0,94.0
2014/05/13,94.1,94.6,94.1,94.4
2014/05/14,94.8,94.8,94.2,94.8
2014/05/15,94.5,94.8,94.5,94.6
2014/05/16,94.8,94.9,94.6,94.9
2014/05/19,94.9,95.0,94.6,95.0
2014/05/20,95.0,95.2,94.7,95.1
2014/05/21,95.1,95.4,94.9,95.4
2014/05/22,95.4,96.0,95.3,96.0
2014/05/23,96.0,96.5,96.0,96.5
2014/05/26,96.6,96.9,96.6,96.8
2014/05/27,96.8,96.8,96.0,96.2
2014/05/28,96.2,96.7,95.9,96.7
2014/05/29,96.5,96.7,96.0,96.5
2014/05/30,96.6,96.7,96.0,96.0
2014/06/03,96.0,96.5,95.9,96.5
2014/06/04,96.0,96.0,95.5,95.5
2014/06/05,95.4,95.4,94.8,95.0
2014/06/06,94.8,95.4,94.8,95.4
2014/06/09,95.4,96.0,95.3,96.0
2014/06/10,95.9,96.6,95.6,96.6
2014/06/11,96.5,96.6,96.2,96.5
2014/06/12,96.5,96.5,96.0,96.1
2014/06/13,96.1,96.3,96.0,96.2
2014/06/16,96.1,96.5,96.1,96.4
2014/06/17,96.4,96.4,96.1,96.2
2014/06/18,96.2,96.8,96.1,96.5
2014/06/19,96.5,96.9,96.3,96.9
2014/06/20,96.9,96.9,96.2,96.4
2014/06/23,96.4,96.5,95.8,96.4
2014/06/24,96.4,96.5,96.0,96.4
2014/06/25,96.4,96.5,96.1,96.1
2014/06/26,96.1,96.3,95.9,96.0
2014/06/27,96.0,96.5,96.0,96.5
2014/06/30,96.5,96.5,96.0,96.2
2014/07/01,96.2,96.4,96.0,96.1
2014/07/02,96.1,96.2,95.6,96.0
2014/07/03,95.8,96.0,95.6,95.8
2014/07/04,95.8,95.9,95.2,95.6
2014/07/07,95.6,95.7,95.4,95.6
2014/07/08,95.7,96.1,95.6,96.1
2014/07/09,96.2,96.3,96.0,96.1
2014/07/10,96.1,96.2,96.0,96.0
2014/07/11,96.0,96.2,95.8,95.8
2014/07/14,96.0,96.1,95.8,95.8
2014/07/15,96.0,96.0,95.7,95.9
2014/07/16,95.9,95.9,95.5,95.6
2014/07/17,91.5,92.1,91.4,92.0
2014/07/18,92.0,92.2,91.9,92.0
2014/07/21,92.0,92.1,91.6,91.6
2014/07/22,91.6,91.9,91.5,91.9
2014/07/24,91.9,92.0,91.5,92.0
2014/07/25,92.0,92.0,91.5,91.6
2014/07/28,91.6,91.8,91.3,91.3
2014/07/29,91.5,91.9,91.5,91.6
2014/07/30,91.9,92.0,91.6,91.6
2014/07/31,92.0,92.1,91.5,91.5
2014/08/01,91.3,92.0,91.3,92.0
2014/08/04,92.0,92.0,91.5,91.5
2014/08/05,92.0,92.0,91.1,91.1
2014/08/06,91.1,91.4,91.1,91.1
2014/08/07,91.3,91.8,91.1,91.8
2014/08/08,91.8,91.8,91.3,91.5
2014/08/11,91.9,91.9,91.7,91.8
2014/08/12,91.9,91.9,91.3,91.8
2014/08/13,91.9,92.2,91.6,92.2
2014/08/14,92.2,92.2,91.9,92.0
2014/08/15,92.2,92.2,91.8,92.0
2014/08/18,91.9,92.0,91.8,91.9
2014/08/19,92.1,93.0,92.1,93.0
2014/08/20,93.2,93.3,92.9,93.3
2014/08/21,93.3,93.5,92.8,93.2
2014/08/22,93.2,93.7,93.2,93.6
2014/08/25,93.6,93.6,93.3,93.5
2014/08/26,93.5,93.5,93.0,93.5
2014/08/27,93.5,93.6,93.4,93.5
2014/08/28,93.5,93.7,93.3,93.7
2014/08/29,93.7,93.7,92.9,92.9
2014/09/01,92.8,92.9,91.8,92.2
2014/09/02,92.1,92.2,91.5,91.9
2014/09/03,91.9,92.9,91.8,92.9
2014/09/04,93.1,93.1,91.9,92.5
2014/09/05,92.5,92.5,91.8,92.0
2014/09/09,92.1,92.3,91.7,92.3
2014/09/10,91.9,92.0,91.7,91.9
2014/09/11,92.0,92.3,91.8,91.8
2014/09/12,91.8,92.1,91.7,92.1
2014/09/15,92.0,92.0,91.6,91.6
2014/09/16,91.6,91.6,91.4,91.4
2014/09/17,91.4,91.9,91.2,91.7
2014/09/18,91.7,92.0,91.6,92.0
2014/09/19,92.0,92.0,91.7,92.0
2014/09/22,92.0,92.0,91.2,91.6
2014/09/23,91.9,91.9,91.5,91.7
2014/09/24,91.5,92.0,91.4,91.8
2014/09/25,91.8,91.8,91.2,91.5
2014/09/26,91.3,91.5,91.1,91.5
2014/09/29,91.5,91.5,91.0,91.0
2014/09/30,91.0,91.8,90.7,91.7
2014/10/01,91.7,91.8,91.1,91.7
2014/10/02,91.5,91.7,91.0,91.5
2014/10/03,91.5,91.8,91.2,91.8
2014/10/06,91.5,91.5,91.0,91.1
2014/10/07,91.3,91.4,91.0,91.1
2014/10/08,91.0,91.7,91.0,91.5
2014/10/09,91.5,91.7,91.4,91.4
2014/10/13,91.0,91.4,91.0,91.1
2014/10/14,91.1,91.5,91.1,91.4
2014/10/15,91.4,92.1,91.0,91.5
2014/10/16,91.3,91.7,91.0,91.5
2014/10/17,91.4,91.5,90.0,90.3
2014/10/20,91.0,91.5,91.0,91.1
2014/10/21,91.1,91.7,91.0,91.7
2014/10/22,91.7,91.8,91.3,91.6
2014/10/23,91.3,91.5,91.1,91.4
2014/10/24,91.2,91.7,91.0,91.7
2014/10/27,91.7,91.7,91.3,91.6
2014/10/28,92.0,92.3,92.0,92.0
2014/10/29,92.0,92.4,92.0,92.4
2014/10/30,92.4,92.7,92.1,92.7
2014/10/31,92.7,92.7,92.2,92.7
2014/11/03,92.3,92.6,92.0,92.5
2014/11/04,92.5,92.7,92.1,92.5
2014/11/05,92.5,92.6,92.3,92.4
2014/11/06,92.4,92.5,92.1,92.5
2014/11/07,92.3,92.4,92.0,92.2
2014/11/10,92.2,92.8,92.2,92.7
2014/11/11,92.7,92.9,92.6,92.8
2014/11/12,92.8,92.8,92.0,92.4
2014/11/13,92.4,92.7,92.0,92.5
2014/11/14,92.8,92.9,92.5,92.9
2014/11/17,92.9,92.9,92.0,92.6
2014/11/18,92.6,92.7,92.3,92.7
2014/11/19,92.7,93.3,92.2,93.2
2014/11/20,93.0,93.6,92.9,93.6
2014/11/21,93.5,93.7,93.3,93.5
2014/11/24,93.4,93.4,93.0,93.2
2014/11/25,93.2,93.2,92.4,92.4
2014/11/26,92.5,92.8,92.4,92.6
2014/11/27,92.7,93.0,92.6,92.6
2014/11/28,92.6,93.0,92.6,93.0
2014/12/01,92.2,92.6,92.1,92.4
2014/12/02,92.3,92.4,92.0,92.2
2014/12/03,92.6,92.8,92.0,92.7
2014/12/04,92.8,93.1,92.7,92.8
2014/12/05,93.0,93.0,92.2,92.8
2014/12/08,92.9,93.0,92.5,93.0
2014/12/09,93.0,93.0,92.2,92.7
2014/12/10,92.4,92.5,92.0,92.1
2014/12/11,92.2,92.4,91.8,91.8
2014/12/12,92.1,92.4,91.8,91.9
2014/12/15,91.7,91.8,91.2,91.6
2014/12/16,91.6,92.4,91.6,92.0
2014/12/17,92.4,92.4,91.7,91.8
2014/12/18,91.8,92.0,91.5,92.0
2014/12/19,92.5,92.5,92.1,92.5
2014/12/22,92.5,92.6,92.0,92.6
2014/12/23,92.6,92.8,92.0,92.0
2014/12/24,92.3,93.0,92.3,93.0
2014/12/25,93.0,93.0,92.6,92.9
2014/12/26,93.0,93.0,92.4,93.0
2014/12/29,93.0,93.3,92.6,93.2
2014/12/30,93.2,93.5,93.2,93.2
2014/12/31,93.3,94.0,93.2,94.0
2015/01/05,93.3,93.3,92.6,93.0
2015/01/06,92.7,92.9,92.1,92.5
2015/01/07,92.5,92.9,92.3,92.5
2015/01/08,93.2,93.3,92.7,92.8
2015/01/09,93.5,93.5,92.8,93.0
2015/01/12,93.0,93.7,92.8,93.7
2015/01/13,93.7,94.3,93.4,94.1
2015/01/14,94.1,94.2,93.6,93.9
2015/01/15,93.9,94.0,93.5,93.5
2015/01/16,93.9,94.0,92.8,93.8
2015/01/19,93.9,94.3,93.8,93.9
2015/01/20,94.0,94.4,93.9,94.4
2015/01/21,94.6,95.0,94.4,95.0
2015/01/22,95.0,95.3,94.8,95.3
2015/01/23,95.3,95.8,95.0,95.5
2015/01/26,95.3,95.3,94.9,95.3
2015/01/27,95.3,95.5,95.0,95.5
2015/01/28,95.1,95.5,95.0,95.5
2015/01/29,95.0,95.4,95.0,95.0
2015/01/30,95.4,95.5,94.8,95.5
2015/02/02,95.5,95.5,95.0,95.4
2015/02/03,95.4,95.5,95.0,95.5
2015/02/04,94.9,95.8,94.9,95.8
2015/02/05,95.9,96.0,95.5,96.0
2015/02/06,96.0,96.0,95.6,96.0
2015/02/09,96.0,96.0,95.1,95.6
2015/02/10,95.4,96.0,95.4,96.0
2015/02/11,96.0,96.0,95.7,96.0
2015/02/12,96.0,96.5,95.9,96.5
2015/02/13,96.3,97.0,96.3,96.9
2015/02/24,97.0,98.8,97.0,98.6
2015/02/25,98.6,98.9,98.3,98.9
2015/02/26,98.8,98.8,98.1,98.2
2015/03/02,98.3,98.4,97.6,98.0
2015/03/03,98.3,98.4,97.5,98.0
2015/03/04,98.0,98.0,97.5,98.0
2015/03/05,98.0,98.2,97.7,98.0
2015/03/06,98.0,98.1,97.7,98.0
2015/03/09,98.0,98.1,97.2,97.2
2015/03/10,98.0,98.0,97.1,97.3
2015/03/11,97.2,97.7,97.1,97.3
2015/03/12,97.7,98.0,97.4,97.5
2015/03/13,97.8,98.5,97.7,98.5
2015/03/16,98.5,98.5,98.0,98.0
2015/03/17,98.1,98.5,98.1,98.4
2015/03/18,98.3,98.7,98.2,98.6
2015/03/19,98.8,99.2,98.8,99.0
2015/03/20,99.0,99.1,98.7,99.1
2015/03/23,99.0,99.0,98.5,98.8
2015/03/24,99.0,99.7,98.6,99.7
2015/03/25,99.7,99.7,99.0,99.5
2015/03/26,99.0,99.8,98.9,99.8
2015/03/27,99.8,99.8,99.1,99.5
2015/03/30,99.5,99.7,99.0,99.5
2015/03/31,99.5,99.5,99.1,99.5
2015/04/01,99.7,99.7,98.7,98.7
2015/04/02,99.0,99.5,99.0,99.3
2015/04/07,99.3,99.5,98.8,98.8
2015/04/08,99.3,99.4,98.5,98.8
2015/04/09,99.2,99.4,98.8,99.1
2015/04/10,99.4,99.5,99.0,99.5
2015/04/13,99.4,99.6,99.2,99.6
2015/04/14,99.6,99.6,98.8,99.0
2015/04/15,98.5,99.1,96.8,97.5
2015/04/16,97.6,98.3,97.3,98.1
2015/04/17,97.4,98.1,97.4,97.6
2015/04/20,97.5,98.0,97.4,97.8
2015/04/21,97.5,98.1,97.5,98.0
2015/04/22,98.0,98.5,97.9,98.0
2015/04/23,98.2,99.2,98.2,98.8
2015/04/24,99.0,99.7,98.6,99.4
2015/04/27,99.4,99.4,98.9,99.3
2015/04/28,99.3,99.4,98.7,99.3
2015/04/29,99.2,99.6,98.7,99.4
2015/04/30,99.4,99.5,99.0,99.0
2015/05/04,99.0,99.2,98.7,99.0
2015/05/05,99.0,99.3,98.8,99.3
2015/05/06,99.2,99.4,98.8,99.4
2015/05/07,99.3,99.3,98.7,98.7
2015/05/08,98.9,99.1,98.5,98.9
2015/05/11,99.2,99.3,98.9,99.1
2015/05/12,99.3,99.4,99.1,99.1
2015/05/13,99.1,99.2,98.7,98.7
2015/05/14,99.0,99.0,98.2,98.4
2015/05/15,98.8,98.8,98.0,98.4
2015/05/18,98.4,98.5,98.0,98.4
2015/05/19,98.4,99.0,98.1,99.0
2015/05/20,99.0,99.0,98.2,98.5
2015/05/21,98.0,98.1,97.5,97.6
2015/05/22,98.1,98.2,97.7,98.2
2015/05/25,98.3,98.3,97.6,98.0
2015/05/26,98.6,98.6,97.6,97.8
2015/05/27,97.6,97.8,97.5,97.8
2015/05/28,97.6,97.8,97.1,97.3
2015/05/29,97.7,97.7,97.0,97.0
2015/06/01,97.0,97.5,97.0,97.1
2015/06/02,97.3,97.3,96.9,96.9
2015/06/03,96.9,97.2,96.2,96.6
2015/06/04,96.5,96.6,95.5,95.8
2015/06/05,95.7,96.6,95.5,96.0
2015/06/08,95.9,97.7,95.6,97.7
2015/06/09,97.0,97.5,96.9,97.0
2015/06/10,97.5,97.5,96.7,97.0
2015/06/11,97.5,97.5,96.8,97.5
2015/06/12,97.5,97.5,96.8,97.0
2015/06/15,97.0,97.1,96.5,96.6
2015/06/16,96.8,96.8,96.0,96.0
2015/06/17,96.1,96.5,95.7,95.7
2015/06/18,96.1,96.4,95.9,95.9
2015/06/22,96.2,97.2,96.2,96.7
2015/06/23,97.0,97.1,96.5,97.0
2015/06/24,97.0,97.2,96.8,97.2
2015/06/25,96.7,97.5,96.6,97.5
2015/06/26,97.6,97.7,96.9,97.5
2015/06/29,97.4,97.5,97.1,97.5
2015/06/30,97.5,98.4,97.1,98.4
2015/07/01,98.1,98.4,97.5,98.0
2015/07/02,98.3,98.3,97.8,98.1
2015/07/03,98.1,98.3,97.5,98.3
2015/07/06,98.3,98.5,98.1,98.3
2015/07/07,98.4,98.7,98.3,98.7
2015/07/08,98.5,98.7,97.7,98.0
2015/07/09,97.5,98.0,97.2,97.7
2015/07/13,98.0,98.3,97.9,98.2
2015/07/14,98.2,98.6,98.2,98.2
2015/07/15,98.4,98.5,98.0,98.2
2015/07/16,94.2,94.9,94.1,94.9
2015/07/17,95.0,95.2,95.0,95.1
2015/07/20,95.4,95.4,94.7,95.0
2015/07/21,95.0,95.3,94.8,95.1
2015/07/22,95.3,95.4,95.0,95.3
2015/07/23,95.3,95.4,94.9,95.4
2015/07/24,95.2,95.5,95.1,95.5
2015/07/27,95.4,96.0,95.2,96.0
2015/07/28,96.0,96.1,95.5,95.5
2015/07/29,95.5,96.0,95.5,96.0
2015/07/30,96.0,96.5,96.0,96.5
2015/07/31,96.8,98.0,96.7,98.0
2015/08/03,97.9,97.9,97.0,97.8
2015/08/04,98.0,98.9,97.8,98.9
2015/08/05,99.1,99.5,99.0,99.3
2015/08/06,99.5,99.7,98.3,98.6
2015/08/07,98.3,98.5,97.6,98.0
2015/08/10,98.5,99.0,98.0,98.2
2015/08/11,99.5,99.6,97.5,98.7
2015/08/12,99.0,99.0,98.6,99.0
2015/08/13,99.0,99.0,98.2,98.4
2015/08/14,98.4,98.5,97.4,97.5
2015/08/17,98.4,98.4,97.0,97.4
2015/08/18,98.4,98.8,97.8,98.4
2015/08/19,98.8,98.8,97.8,98.4
2015/08/20,98.4,98.5,97.4,97.9
2015/08/21,97.9,98.0,96.9,97.5
2015/08/24,96.9,96.9,93.1,95.1
2015/08/25,93.8,95.5,93.8,95.3
2015/08/26,95.0,95.3,94.4,95.1
2015/08/27,95.3,96.1,94.9,96.1
2015/08/28,96.1,96.4,95.6,96.1
2015/08/31,96.1,98.8,96.0,98.8
2015/09/01,98.3,98.3,96.9,97.4
2015/09/02,96.9,97.7,96.5,97.0
2015/09/03,98.0,98.0,97.0,97.3
2015/09/04,97.3,97.9,96.8,97.5
2015/09/07,97.5,97.8,96.5,97.5
2015/09/08,97.5,97.5,96.0,96.5
2015/09/09,97.6,97.8,96.8,97.5
2015/09/10,97.5,97.6,97.0,97.5
2015/09/11,97.8,98.0,97.3,98.0
2015/09/14,98.1,98.1,96.9,98.0
2015/09/15,98.4,98.4,97.7,98.4
2015/09/16,98.5,98.5,98.0,98.4
2015/09/17,98.4,98.5,98.0,98.5
2015/09/18,98.5,98.6,98.0,98.5
2015/09/21,98.3,98.3,97.0,97.5
2015/09/22,98.2,98.3,97.0,98.3
2015/09/23,97.8,97.9,97.1,97.7
2015/09/24,97.9,98.1,97.5,98.1
2015/09/25,98.1,98.1,97.4,98.0
2015/09/30,98.5,99.0,98.0,98.8
2015/10/01,98.8,98.8,98.4,98.7
2015/10/02,99.0,99.0,98.7,99.0
2015/10/05,99.0,99.0,97.7,98.6
2015/10/06,98.6,98.8,98.3,98.6
2015/10/07,98.6,98.7,98.2,98.5
2015/10/08,98.5,98.6,97.9,98.5
2015/10/12,98.1,99.0,98.1,99.0
2015/10/13,98.9,99.0,98.7,98.9
2015/10/14,98.9,99.2,98.7,98.9
2015/10/15,99.2,99.5,99.1,99.3
2015/10/16,99.3,99.8,98.7,98.7
2015/10/19,99.3,99.9,98.9,99.8
2015/10/20,99.9,100.0,99.7,100.0
2015/10/21,100.0,100.5,99.1,99.8
2015/10/22,100.0,100.0,99.3,99.9
2015/10/23,100.0,100.5,99.8,100.0
2015/10/26,100.5,101.0,100.0,100.5
2015/10/27,100.0,101.0,99.8,100.5
2015/10/28,100.5,101.0,100.0,100.5
2015/10/29,100.5,101.0,100.0,100.5
2015/10/30,100.5,100.5,99.7,99.7
2015/11/02,99.6,100.5,99.5,100.5
2015/11/03,100.5,100.5,100.0,100.0
2015/11/04,100.0,101.0,99.7,100.0
2015/11/05,99.8,100.0,99.5,100.0
2015/11/06,100.0,100.0,98.8,99.0
2015/11/09,98.6,99.7,98.6,99.2
2015/11/10,98.6,98.9,98.1,98.5
2015/11/11,98.5,98.7,97.8,98.5
2015/11/12,98.0,99.1,98.0,99.0
2015/11/13,99.0,99.0,98.1,98.1
2015/11/16,98.1,98.1,97.3,97.3
2015/11/17,98.5,100.0,98.2,99.5
2015/11/18,99.5,100.0,98.7,98.8
2015/11/19,99.3,100.0,98.9,100.0
2015/11/20,99.2,99.8,99.1,99.3
2015/11/23,99.3,99.7,99.3,99.4
2015/11/24,99.2,99.5,99.0,99.0
2015/11/25,99.0,99.5,98.7,99.0
2015/11/26,99.5,100.0,99.1,99.3
2015/11/27,99.4,99.8,99.0,99.0
2015/11/30,98.5,99.8,98.2,99.8
2015/12/01,99.7,100.0,98.6,99.9
2015/12/02,99.5,99.9,99.1,99.1
2015/12/03,98.6,99.4,98.6,98.7
2015/12/04,98.8,99.1,98.5,99.0
2015/12/07,99.0,99.9,98.9,99.0
2015/12/08,99.0,99.0,98.3,98.6
2015/12/09,98.5,98.7,98.1,98.4
2015/12/10,98.1,98.5,97.8,98.5
2015/12/11,98.0,98.7,98.0,98.0
2015/12/14,97.8,98.0,97.6,97.8
2015/12/15,98.5,98.5,97.9,98.0
2015/12/16,99.0,99.0,98.0,98.0
2015/12/17,98.3,98.8,98.0,98.4
2015/12/18,98.6,98.8,98.4,98.5
2015/12/21,98.4,98.9,98.2,98.2
2015/12/22,98.8,99.4,98.5,99.4
2015/12/23,99.4,99.5,99.1,99.4
2015/12/24,99.5,99.5,99.1,99.4
2015/12/25,99.4,99.5,99.3,99.5
2015/12/28,99.5,99.5,99.2,99.5
2015/12/29,99.4,99.5,99.0,99.0
2015/12/30,99.2,99.4,99.0,99.1
2015/12/31,99.1,99.5,99.0,99.1
2016/01/05,98.3,98.8,98.0,98.8
2016/01/06,98.7,99.0,98.0,98.7
2016/01/07,98.8,99.4,98.1,99.2
2016/01/08,98.6,99.8,98.4,99.4
2016/01/11,99.4,101.0,99.4,100.0
2016/01/12,100.5,101.0,100.0,101.0
2016/01/13,101.0,101.5,101.0,101.5
2016/01/14,101.0,103.0,101.0,102.5
2016/01/15,103.0,103.0,100.5,101.0
2016/01/18,100.0,101.0,99.5,100.0
2016/01/19,100.5,101.5,100.5,101.5
2016/01/20,101.0,102.0,100.0,101.5
2016/01/21,101.0,101.0,100.0,100.5
2016/01/22,101.5,101.5,100.0,100.5
2016/01/25,101.5,102.0,100.5,102.0
2016/01/26,100.5,102.0,100.5,102.0
2016/01/27,102.0,102.0,101.0,102.0
2016/01/28,102.0,102.5,101.5,102.5
2016/01/29,102.0,103.0,101.0,103.0
2016/02/01,103.0,103.0,102.0,103.0
2016/02/02,103.0,103.5,102.5,103.0
2016/02/03,102.0,103.0,101.5,103.0
2016/02/15,104.0,105.0,103.5,104.5
2016/02/16,104.5,105.0,104.0,105.0
2016/02/17,105.5,106.0,104.5,105.5
2016/02/18,105.5,105.5,104.0,104.5
2016/02/19,105.0,105.0,104.0,105.0
2016/02/22,105.0,105.0,103.0,104.0
2016/02/23,104.0,104.0,102.5,104.0
2016/02/24,103.5,104.0,102.0,103.0
2016/02/25,103.0,104.5,102.5,104.5
2016/02/26,104.5,105.0,103.5,104.5
2016/03/01,104.5,105.5,104.0,105.5
2016/03/02,105.5,106.0,105.0,105.5
2016/03/03,105.0,106.0,105.0,106.0
2016/03/04,105.5,106.0,105.0,106.0
2016/03/07,106.0,106.0,105.0,106.0
2016/03/08,105.5,105.5,104.0,105.0
2016/03/09,104.5,105.5,104.5,105.5
2016/03/10,105.5,106.0,105.0,106.0
2016/03/11,106.0,106.5,105.0,106.0
2016/03/14,106.5,106.5,105.5,106.0
2016/03/15,105.5,107.0,105.5,107.0
2016/03/16,107.0,107.5,106.5,107.5
2016/03/17,107.0,108.0,107.0,108.0
2016/03/18,108.0,109.0,108.0,108.5
2016/03/21,108.5,109.0,108.0,108.0
2016/03/22,108.0,109.0,107.5,109.0
2016/03/23,108.0,109.0,108.0,109.0
2016/03/24,109.0,110.0,108.5,110.0
2016/03/25,110.0,111.0,109.5,110.5
2016/03/28,110.5,110.5,109.5,109.5
2016/03/29,109.5,109.5,107.5,109.0
2016/03/30,109.5,110.5,109.0,110.5
2016/03/31,110.0,110.5,109.5,109.5
2016/04/01,109.0,109.5,108.0,109.5
2016/04/06,108.5,109.0,107.0,107.0
2016/04/07,107.5,108.5,107.0,108.0
2016/04/08,107.5,109.0,107.0,108.5
2016/04/11,108.5,109.5,107.5,109.5
2016/04/12,109.5,110.0,109.0,109.5
2016/04/13,109.5,110.0,109.0,110.0
2016/04/14,110.0,110.0,109.5,109.5
2016/04/15,109.5,110.5,109.5,110.5
2016/04/18,110.5,111.0,109.5,111.0
2016/04/19,111.0,111.0,109.5,109.5
2016/04/20,110.0,110.5,108.5,109.0
2016/04/21,109.5,110.0,109.5,110.0
2016/04/22,110.0,110.5,109.5,110.5
2016/04/25,110.5,111.5,110.0,111.5
2016/04/26,111.5,111.5,110.0,110.0
2016/04/27,110.0,110.5,109.5,110.0
2016/04/28,110.0,110.0,109.0,109.0
2016/04/29,109.0,109.5,108.5,109.0
2016/05/03,110.0,110.5,109.0,110.5
2016/05/04,110.5,110.5,109.5,110.5
2016/05/05,110.0,110.5,109.5,109.5
2016/05/06,110.0,110.0,108.5,110.0
2016/05/09,109.5,110.5,109.0,110.5
2016/05/10,110.5,111.0,110.0,111.0
2016/05/11,111.0,111.0,110.0,110.5
2016/05/12,110.5,111.5,110.0,111.5
2016/05/13,111.0,112.0,110.5,112.0
2016/05/16,111.5,112.0,110.5,110.5
2016/05/17,110.5,111.0,110.0,110.5
2016/05/18,110.5,111.0,110.0,111.0
2016/05/19,110.5,111.0,109.5,109.5
2016/05/20,109.5,110.5,109.5,110.0
2016/05/23,110.0,110.5,109.0,110.0
2016/05/24,109.5,110.5,109.5,110.5
2016/05/25,110.0,110.5,110.0,110.5
2016/05/26,110.0,110.5,109.5,110.0
2016/05/27,110.0,110.5,109.5,110.5
2016/05/30,110.5,110.5,109.5,110.0
2016/05/31,109.5,110.0,109.0,110.0
2016/06/01,110.0,111.0,109.5,110.5
2016/06/02,110.5,111.0,110.0,111.0
2016/06/03,111.0,112.0,110.5,112.0
2016/06/06,112.0,112.0,111.5,112.0
2016/06/07,112.0,113.0,111.5,112.5
2016/06/08,112.5,113.5,112.0,113.0
2016/06/13,113.0,113.0,111.5,112.0
2016/06/14,112.0,113.0,111.5,112.0
2016/06/15,112.0,113.0,111.5,112.5
2016/06/16,112.5,112.5,112.0,112.0
2016/06/17,112.0,113.0,111.5,112.5
2016/06/20,112.5,113.0,112.0,113.0
2016/06/21,113.0,113.5,112.5,113.0
2016/06/22,113.0,113.5,112.5,113.5
2016/06/23,113.5,113.5,113.0,113.0
2016/06/24,113.0,113.0,110.5,112.5
2016/06/27,112.5,113.0,112.0,112.0
2016/06/28,112.5,113.0,112.0,112.5
2016/06/29,113.0,114.0,112.5,114.0
2016/06/30,114.0,116.5,113.5,116.5
2016/07/01,116.5,119.0,116.0,118.0
2016/07/04,118.0,119.0,117.5,119.0
2016/07/05,118.5,118.5,117.5,118.0
2016/07/06,117.5,118.0,116.5,117.5
2016/07/07,117.5,118.5,117.0,118.0
2016/07/11,119.0,123.0,118.5,122.5
2016/07/12,122.5,125.5,122.5,123.5
2016/07/13,123.5,124.0,121.5,121.5
2016/07/14,121.0,121.5,119.5,120.0
2016/07/15,120.0,123.0,120.0,123.0
2016/07/18,123.0,124.0,122.5,124.0
2016/07/19,124.0,124.0,123.0,123.5
2016/07/20,123.0,124.0,122.0,123.0
2016/07/21,119.0,119.5,118.5,118.5
2016/07/22,119.0,119.0,116.0,116.0
2016/07/25,116.5,117.0,114.5,116.0
2016/07/26,116.0,116.0,115.0,116.0
2016/07/27,116.0,116.5,115.5,116.5
2016/07/28,116.5,116.5,115.0,116.5
2016/07/29,115.0,115.5,113.5,113.5
2016/08/01,114.0,116.0,114.0,115.0
2016/08/02,115.5,116.0,114.5,115.0
2016/08/03,114.0,116.0,114.0,115.5
2016/08/04,115.5,115.5,115.0,115.5
2016/08/05,115.5,116.0,115.0,115.0
2016/08/08,116.0,116.5,115.5,116.5
2016/08/09,116.0,117.0,115.5,116.5
2016/08/10,116.5,117.0,116.0,116.5
2016/08/11,115.5,116.5,115.5,116.5
2016/08/12,115.5,116.5,114.5,115.0
2016/08/15,115.5,116.0,115.0,115.5
2016/08/16,115.5,116.0,115.0,115.0
2016/08/17,115.0,115.5,113.5,113.5
2016/08/18,114.0,114.5,113.5,113.5
2016/08/19,113.5,114.5,113.0,113.5
2016/08/22,113.5,115.0,113.0,114.5
2016/08/23,115.0,116.0,114.5,115.0
2016/08/24,115.0,116.0,114.5,115.5
2016/08/25,115.5,116.5,115.5,116.0
2016/08/26,116.0,117.0,116.0,116.5
2016/08/29,116.5,116.5,115.0,115.5
2016/08/30,115.0,116.0,115.0,115.0
2016/08/31,115.0,115.5,114.0,114.0
2016/09/01,114.0,114.5,113.0,113.0
2016/09/02,113.0,114.0,112.5,113.5
2016/09/05,113.5,115.0,113.5,114.0
2016/09/06,114.0,115.0,114.0,114.5
2016/09/07,114.5,115.5,114.5,114.5
2016/09/08,114.5,115.0,114.0,114.0
2016/09/09,113.5,114.0,113.5,113.5
2016/09/12,113.0,113.0,112.5,112.5
2016/09/13,112.5,113.0,111.5,112.5
2016/09/14,112.0,112.0,111.0,112.0
2016/09/19,111.0,112.0,111.0,111.5
2016/09/20,111.5,112.0,111.0,111.5
2016/09/21,111.5,112.0,111.5,112.0
2016/09/22,112.5,112.5,111.5,112.0
2016/09/23,112.0,112.0,111.0,112.0
2016/09/26,111.5,112.0,111.5,112.0
2016/09/29,111.5,112.0,111.5,112.0
2016/09/30,111.5,112.0,110.0,110.5
2016/10/03,110.5,111.5,110.0,111.0
2016/10/04,111.0,112.0,110.5,112.0
2016/10/05,111.5,112.5,111.5,112.0
2016/10/06,111.5,112.5,111.5,112.5
2016/10/07,112.0,112.5,112.0,112.0
2016/10/11,111.5,112.5,111.5,112.0
2016/10/12,111.5,112.5,111.5,112.0
2016/10/13,111.5,112.5,111.5,112.0
2016/10/14,111.5,112.0,111.5,111.5
2016/10/17,111.5,112.5,111.5,112.5
2016/10/18,112.0,112.5,112.0,112.5
2016/10/19,112.0,112.5,111.5,111.5
2016/10/20,111.5,112.0,111.5,111.5
2016/10/21,111.5,112.0,111.5,112.0
2016/10/24,111.5,112.5,111.5,112.5
2016/10/25,112.5,112.5,111.5,111.5
2016/10/26,111.5,112.0,111.5,111.5
2016/10/27,111.5,112.0,111.0,111.0
2016/10/28,110.0,110.5,110.0,110.5
2016/10/31,110.0,110.5,108.0,108.0
2016/11/01,108.0,109.5,107.0,109.0
2016/11/02,108.0,108.5,107.5,108.0
2016/11/03,108.0,109.5,107.5,108.5
2016/11/04,108.0,108.5,108.0,108.0
2016/11/07,108.5,109.5,108.0,108.5
2016/11/08,108.5,110.5,108.0,110.0
2016/11/09,110.0,111.0,109.0,109.0
2016/11/10,109.5,110.0,109.0,109.0
2016/11/11,108.0,108.5,107.0,107.0
2016/11/14,106.5,106.5,105.0,105.0
2016/11/15,104.5,105.0,104.0,104.0
2016/11/16,104.0,107.0,104.0,106.0
2016/11/17,105.0,106.0,105.0,105.5
2016/11/18,105.5,106.0,105.5,105.5
2016/11/21,105.5,106.0,105.0,105.0
2016/11/22,105.0,107.0,105.0,106.0
2016/11/23,106.0,108.5,106.0,107.5
2016/11/24,107.5,108.0,107.0,107.5
2016/11/25,107.5,108.0,107.0,107.5
2016/11/28,107.5,108.0,107.5,107.5
2016/11/29,107.5,108.5,107.5,107.5
2016/11/30,107.5,108.0,107.5,107.5
2016/12/01,107.5,108.0,106.5,106.5
2016/12/02,106.0,106.5,105.5,106.0
2016/12/05,106.5,107.0,105.5,106.0
2016/12/06,106.5,107.0,106.0,106.0
2016/12/07,106.0,106.5,105.5,106.0
2016/12/08,107.0,107.0,105.5,106.0
2016/12/09,105.5,106.0,104.5,105.0
2016/12/12,105.0,106.0,104.5,105.0
2016/12/13,105.0,105.5,104.5,104.5
2016/12/14,105.0,105.5,104.0,104.5
2016/12/15,104.5,104.5,103.0,104.0
2016/12/16,104.0,104.0,102.0,103.0
2016/12/19,102.5,103.0,101.0,101.5
2016/12/20,101.0,101.5,100.5,101.5
2016/12/21,101.5,102.0,101.0,101.0
2016/12/22,101.0,101.5,100.5,101.0
2016/12/23,101.0,101.0,100.5,101.0
2016/12/26,101.0,101.5,100.5,101.0
2016/12/27,101.5,101.5,100.5,101.0
2016/12/28,101.0,101.5,100.5,101.5
2016/12/29,101.5,102.5,101.0,101.5
2016/12/30,101.5,102.5,101.5,101.5
2017/01/03,102.0,102.5,101.5,102.5
2017/01/04,102.5,104.0,102.5,103.5
2017/01/05,104.0,104.5,103.0,104.5
2017/01/06,104.5,104.5,102.5,103.0
2017/01/09,102.5,102.5,102.0,102.0
2017/01/10,101.5,102.5,101.5,102.0
2017/01/11,102.5,102.5,101.5,101.5
2017/01/12,101.5,103.5,101.5,102.0
2017/01/13,102.5,103.0,102.0,102.0
2017/01/16,102.0,102.5,102.0,102.0
2017/01/17,102.0,103.0,102.0,102.5
2017/01/18,102.5,103.0,101.5,101.5
2017/01/19,101.5,102.0,101.0,101.0
2017/01/20,101.0,101.5,101.0,101.5
2017/01/23,102.0,102.0,101.5,101.5
2017/01/24,101.5,104.0,101.5,102.0
2017/02/02,100.0,100.5,99.5,100.0
2017/02/03,100.0,100.5,99.9,100.0
2017/02/06,100.5,101.0,100.0,100.5
2017/02/07,100.5,101.0,100.5,101.0
2017/02/08,101.0,101.0,100.5,100.5
2017/02/09,100.5,101.0,100.0,100.0
2017/02/10,100.5,101.5,100.0,101.0
2017/02/13,101.5,101.5,100.5,101.0
2017/02/14,101.0,101.5,100.5,101.0
2017/02/15,101.0,101.5,101.0,101.0
2017/02/16,101.5,102.0,101.0,101.0
2017/02/17,101.5,102.0,101.0,101.0
2017/02/20,102.0,102.0,101.0,101.5
2017/02/21,101.5,102.0,101.0,101.0
2017/02/22,101.5,101.5,101.0,101.0
2017/02/23,101.0,102.0,101.0,102.0
2017/02/24,101.5,102.5,101.5,102.0
2017/03/01,101.5,102.0,101.5,101.5
2017/03/02,101.5,102.5,101.5,102.0
2017/03/03,102.0,103.0,101.5,102.5
2017/03/06,102.5,103.0,102.0,102.5
2017/03/07,102.5,103.0,102.5,102.5
2017/03/08,103.0,103.5,103.0,103.0
2017/03/09,103.5,104.0,103.0,103.5
2017/03/10,103.5,103.5,103.0,103.0
2017/03/13,103.5,103.5,103.0,103.5
2017/03/14,103.5,104.0,103.0,103.5
2017/03/15,103.5,104.0,103.0,103.0
2017/03/16,103.5,104.0,103.5,104.0
2017/03/17,104.0,105.0,104.0,105.0
2017/03/20,105.0,106.0,104.5,106.0
2017/03/21,106.0,106.5,105.5,106.0
2017/03/22,105.5,105.5,104.5,104.5
2017/03/23,104.5,105.0,104.5,104.5
2017/03/24,104.5,105.0,103.5,104.5
2017/03/27,104.5,105.0,104.0,105.0
2017/03/28,105.5,105.5,104.5,105.0
2017/03/29,105.0,105.5,104.0,104.0
2017/03/30,104.5,104.5,104.0,104.0
2017/03/31,104.5,104.5,102.0,103.0
2017/04/05,103.0,103.5,103.0,103.5
2017/04/06,103.5,104.0,103.0,104.0
2017/04/07,103.5,104.5,103.5,104.5
2017/04/10,104.0,104.5,104.0,104.0
2017/04/11,104.0,104.5,103.5,103.5
2017/04/12,103.5,104.0,103.0,103.5
2017/04/13,103.5,104.0,103.5,103.5
2017/04/14,103.5,104.0,103.5,103.5
2017/04/17,103.5,104.5,103.5,104.5
2017/04/18,104.5,104.5,103.5,104.0
2017/04/19,103.5,104.0,102.5,103.0
2017/04/20,103.0,103.0,102.5,102.5
2017/04/21,103.0,103.0,102.5,103.0
2017/04/24,103.0,103.5,102.5,103.0
2017/04/25,103.0,103.5,102.5,103.5
2017/04/26,103.5,103.5,103.0,103.0
2017/04/27,103.0,103.5,102.5,103.0
2017/04/28,103.0,103.0,102.0,102.0
2017/05/02,102.5,103.0,102.0,103.0
2017/05/03,103.0,103.5,103.0,103.5
2017/05/04,103.5,104.0,103.0,104.0
2017/05/05,104.0,104.0,103.5,103.5
2017/05/08,104.0,105.0,103.5,104.5
2017/05/09,105.0,105.5,104.5,105.0
2017/05/10,105.0,105.5,104.5,104.5
2017/05/11,105.0,105.0,104.5,104.5
2017/05/12,104.5,105.5,104.5,105.5
2017/05/15,105.5,106.0,105.0,106.0
2017/05/16,106.0,106.5,105.5,106.0
2017/05/17,106.0,106.0,104.5,106.0
2017/05/18,105.5,106.0,105.0,106.0
2017/05/19,106.0,106.0,105.5,105.5
2017/05/22,105.5,106.0,105.5,106.0
2017/05/23,106.0,106.0,105.5,106.0
2017/05/24,106.0,106.5,105.5,106.0
2017/05/25,106.0,107.0,106.0,107.0
2017/05/26,107.0,107.5,106.5,107.0
2017/05/31,107.5,108.0,107.0,107.5
2017/06/01,108.0,108.5,107.5,108.0
2017/06/02,108.0,108.5,107.0,108.0
2017/06/05,107.5,108.0,107.5,108.0
2017/06/06,108.0,108.0,107.5,108.0
2017/06/07,108.0,108.5,107.5,107.5
2017/06/08,108.0,108.5,108.0,108.5
2017/06/09,108.5,109.0,108.0,108.0
2017/06/12,108.5,109.0,108.0,108.0
2017/06/13,108.0,108.5,107.5,108.0
2017/06/14,108.0,108.5,107.5,108.0
2017/06/15,108.0,108.5,107.5,108.5
2017/06/16,107.5,108.0,107.5,107.5
2017/06/19,107.5,108.0,107.5,108.0
2017/06/20,108.0,108.0,107.5,107.5
2017/06/21,107.5,108.5,107.0,107.5
2017/06/22,108.0,108.5,107.5,108.5
2017/06/23,108.5,108.5,108.0,108.5
2017/06/26,108.5,109.0,108.0,109.0
2017/06/27,109.0,109.0,108.0,109.0
2017/06/28,108.5,109.0,108.0,108.5
2017/06/29,108.5,109.0,107.5,108.0
2017/06/30,107.5,108.5,106.5,108.0
2017/07/03,108.0,109.0,107.5,109.0
2017/07/04,108.5,109.0,108.0,108.0
2017/07/05,108.0,109.0,108.0,109.0
2017/07/06,109.0,109.0,108.5,108.5
2017/07/07,108.5,109.0,108.0,108.5
2017/07/10,108.5,109.0,108.0,108.5
2017/07/11,108.5,109.0,108.0,109.0
2017/07/12,109.0,109.5,108.5,109.0
2017/07/13,109.0,109.5,109.0,109.5
2017/07/14,109.5,110.0,109.0,109.5
2017/07/17,109.5,110.5,109.5,110.0
2017/07/18,110.0,111.0,109.5,110.5
2017/07/19,110.5,111.0,109.5,110.0
2017/07/20,110.0,110.0,109.0,109.5
2017/07/21,104.5,105.0,103.5,103.5
2017/07/24,103.5,104.0,103.0,103.5
2017/07/25,103.5,104.0,103.0,103.5
2017/07/26,103.5,104.0,103.0,103.5
2017/07/27,103.5,104.0,103.0,103.5
2017/07/28,103.5,103.5,102.5,103.0
2017/07/31,103.0,103.0,102.0,102.0
2017/08/01,102.5,102.5,102.0,102.0
2017/08/02,102.5,102.5,101.5,102.0
2017/08/03,101.5,102.0,101.5,102.0
2017/08/04,102.0,102.5,102.0,102.5
2017/08/07,102.5,102.5,102.0,102.0
2017/08/08,102.0,102.5,102.0,102.5
2017/08/09,102.5,102.5,102.0,102.0
2017/08/10,102.0,102.5,102.0,102.0
2017/08/11,102.0,102.5,101.5,102.0
2017/08/14,102.5,102.5,102.0,102.0
2017/08/15,102.0,102.5,102.0,102.5
2017/08/16,102.5,102.5,102.0,102.5
2017/08/17,102.5,102.5,102.0,102.5
2017/08/18,103.0,103.0,102.5,102.5
2017/08/21,103.0,103.0,102.5,102.5
2017/08/22,103.0,103.0,102.5,103.0
2017/08/23,103.0,103.0,102.5,103.0
2017/08/24,103.0,103.0,102.5,103.0
2017/08/25,103.0,103.5,102.5,103.5
2017/08/28,103.5,104.0,103.5,104.0
2017/08/29,104.0,104.0,103.5,104.0
2017/08/30,104.0,104.5,104.0,104.5
2017/08/31,104.5,105.0,104.0,105.0
2017/09/01,104.5,105.0,104.5,104.5
2017/09/04,104.5,105.0,104.5,105.0
2017/09/05,105.0,105.0,104.0,104.5
2017/09/06,104.5,105.0,104.0,104.0
2017/09/07,104.0,104.5,104.0,104.5
2017/09/08,104.5,105.0,104.0,105.0
2017/09/11,104.5,105.0,104.5,104.5
2017/09/12,105.0,105.0,104.5,104.5
2017/09/13,104.5,105.0,104.0,104.0
2017/09/14,104.0,104.5,104.0,104.0
2017/09/15,104.0,104.5,104.0,104.5
2017/09/18,104.0,104.5,104.0,104.0
2017/09/19,104.0,104.0,103.5,104.0
2017/09/20,103.5,104.0,103.5,104.0
2017/09/21,103.5,104.0,103.5,103.5
2017/09/22,103.5,104.0,103.0,103.5
2017/09/25,103.5,103.5,102.5,103.0
2017/09/26,103.0,103.5,102.5,103.0
2017/09/27,103.0,103.5,102.5,103.0
2017/09/28,103.5,104.0,103.0,103.0
2017/09/29,103.5,104.5,103.0,104.5
2017/10/02,104.5,104.5,103.0,103.5
2017/10/03,103.5,103.5,103.0,103.0
2017/10/05,103.0,103.5,103.0,103.0
2017/10/06,103.0,103.5,103.0,103.0
2017/10/11,103.0,103.5,102.5,103.0
2017/10/12,103.0,103.5,103.0,103.0
2017/10/13,103.0,103.5,103.0,103.5
2017/10/16,103.5,103.5,103.0,103.0
2017/10/17,103.5,103.5,103.0,103.5
2017/10/18,103.5,103.5,103.0,103.0
2017/10/19,103.0,103.5,102.5,102.5
2017/10/20,102.5,103.0,102.5,102.5
2017/10/23,103.0,103.0,102.5,103.0
2017/10/24,103.0,103.0,102.5,102.5
2017/10/25,103.0,103.0,102.5,102.5
2017/10/26,102.5,103.0,102.5,102.5
2017/10/27,102.5,103.0,102.5,103.0
2017/10/30,103.0,103.5,102.5,102.5
2017/10/31,102.5,103.0,102.5,103.0
2017/11/01,103.0,103.5,102.5,102.5
2017/11/02,102.5,103.0,102.0,102.0
2017/11/03,102.5,103.0,102.0,102.0
2017/11/06,102.5,102.5,102.0,102.0
2017/11/07,102.5,103.0,102.0,102.5
2017/11/08,102.5,103.0,102.0,103.0
2017/11/09,102.5,103.0,102.5,103.0
2017/11/10,102.5,103.5,102.0,103.5
2017/11/13,103.0,103.5,102.5,102.5
2017/11/14,102.5,103.0,102.5,103.0
2017/11/15,102.5,103.0,102.0,102.5
2017/11/16,102.5,103.0,102.5,102.5
2017/11/17,102.5,103.0,102.5,103.0
2017/11/20,103.0,103.0,102.5,102.5
2017/11/21,102.5,103.0,102.5,103.0
2017/11/22,103.0,103.5,102.5,103.5
2017/11/23,103.5,103.5,103.0,103.5
2017/11/24,103.5,104.0,103.0,104.0
2017/11/27,104.0,104.0,103.5,104.0
2017/11/28,104.0,104.5,103.5,104.5
2017/11/29,104.0,104.5,103.5,104.5
2017/11/30,104.0,104.5,103.5,103.5
2017/12/01,104.0,104.5,103.5,104.0
2017/12/04,104.0,104.0,103.5,104.0
2017/12/05,103.5,104.0,103.5,104.0
2017/12/06,103.5,104.0,103.5,104.0
2017/12/07,104.0,104.5,103.5,104.5
2017/12/08,104.5,104.5,104.0,104.5
2017/12/11,104.5,105.0,104.0,104.5
2017/12/12,104.5,105.0,104.5,104.5
2017/12/13,104.5,105.0,104.5,104.5
2017/12/14,104.5,105.0,104.5,105.0
2017/12/15,105.0,105.5,105.0,105.5
2017/12/18,105.0,105.5,105.0,105.0
2017/12/19,105.0,105.5,105.0,105.0
2017/12/20,105.0,105.5,105.0,105.5
2017/12/21,105.5,105.5,105.0,105.0
2017/12/22,105.5,105.5,105.0,105.5
2017/12/25,105.5,106.0,105.0,106.0
2017/12/26,105.5,106.0,105.5,105.5
2017/12/27,106.0,106.5,105.5,106.0
2017/12/28,106.0,106.5,105.0,105.5
2017/12/29,105.5,106.0,105.5,106.0
2018/01/02,106.0,108.0,105.5,107.5
2018/01/03,107.5,108.0,107.0,108.0
2018/01/04,108.0,108.0,107.5,108.0
2018/01/05,108.0,108.5,107.5,108.5
2018/01/08,108.5,109.0,108.0,108.5
2018/01/09,108.5,109.0,108.0,109.0
2018/01/10,109.0,109.5,108.5,108.5
2018/01/11,108.5,109.0,108.0,108.5
2018/01/12,108.5,109.0,108.0,108.5
2018/01/16,109.0,109.0,108.5,109.0
2018/01/17,108.5,109.0,108.5,109.0
2018/01/18,109.0,109.0,107.5,107.5
2018/01/19,108.0,109.0,107.5,109.0
2018/01/22,108.5,109.0,108.0,108.5
2018/01/23,108.5,109.5,108.5,109.0
2018/01/24,109.5,109.5,108.5,108.5
2018/01/25,108.5,109.0,108.5,108.5
2018/01/26,108.5,109.0,108.5,108.5
2018/01/29,109.0,109.5,108.5,109.5
2018/01/30,109.0,109.5,108.0,108.0
2018/01/31,108.0,109.0,108.0,108.5
2018/02/01,109.0,110.0,109.0,109.0
2018/02/02,109.5,109.5,109.0,109.0
2018/02/05,108.0,109.0,108.0,108.0
2018/02/06,107.0,107.5,105.0,106.5
2018/02/07,107.0,108.0,107.0,107.5
2018/02/08,107.5,108.0,107.5,108.0
2018/02/09,106.0,107.5,106.0,107.5
2018/02/12,107.0,107.5,106.5,106.5
2018/02/21,108.0,109.0,107.5,109.0
2018/02/22,108.5,109.0,108.0,108.5
2018/02/23,108.5,109.5,108.5,109.5
2018/02/26,109.5,110.0,109.5,110.0
2018/02/27,110.0,110.0,109.5,109.5
2018/03/01,108.5,109.5,108.5,108.5
2018/03/02,108.0,108.5,108.0,108.0
2018/03/05,108.0,108.5,108.0,108.0
2018/03/06,109.0,109.5,108.5,109.5
2018/03/07,109.0,110.0,109.0,109.5
2018/03/08,109.5,109.5,109.0,109.5
2018/03/09,109.5,109.5,108.5,109.5
2018/03/12,109.0,109.5,108.5,109.0
2018/03/13,109.0,109.0,108.5,109.0
2018/03/14,109.0,109.5,108.5,109.0
2018/03/15,109.0,109.5,108.5,109.0
2018/03/16,109.0,110.0,108.5,110.0
2018/03/19,109.5,110.0,109.0,110.0
2018/03/20,109.5,110.0,109.0,109.5
2018/03/21,109.5,110.5,109.5,110.5
2018/03/22,110.5,111.5,110.5,111.5
2018/03/23,110.5,111.0,110.0,110.0
2018/03/26,110.0,111.0,109.5,111.0
2018/03/27,111.0,112.0,111.0,112.0
2018/03/28,112.0,112.5,111.5,112.5
2018/03/29,112.5,112.5,111.5,111.5
2018/03/30,112.5,113.0,112.0,113.0
2018/04/02,112.5,113.5,112.0,112.5
2018/04/03,112.0,112.5,111.5,112.0
2018/04/09,112.5,114.0,112.0,114.0
2018/04/10,113.5,114.5,113.5,114.5
2018/04/11,114.5,115.0,113.5,114.0
2018/04/12,114.0,115.0,113.0,114.0
2018/04/13,113.5,114.0,112.5,113.5
2018/04/16,113.0,113.5,112.5,113.0
2018/04/17,113.0,113.5,112.5,113.5
2018/04/18,113.5,114.5,113.5,114.5
2018/04/19,114.0,114.5,113.5,114.0
2018/04/20,114.0,114.5,113.5,113.5
2018/04/23,113.0,113.5,112.5,112.5
2018/04/24,112.5,112.5,111.0,111.0
2018/04/25,111.0,111.0,110.0,110.5
2018/04/26,110.5,112.0,110.5,111.5
2018/04/27,112.5,113.0,112.0,113.0
2018/04/30,113.0,113.0,112.5,113.0
2018/05/02,112.5,113.0,112.0,112.0
2018/05/03,112.0,112.0,111.5,111.5
2018/05/04,111.0,112.0,111.0,111.5
2018/05/07,112.0,112.5,111.5,112.0
2018/05/08,111.5,112.0,111.0,112.0
2018/05/09,111.5,111.5,110.0,110.0
2018/05/10,109.5,110.0,108.5,108.5
2018/05/11,109.0,109.5,108.5,109.0
2018/05/14,109.0,109.5,109.0,109.0
2018/05/15,109.0,109.5,108.5,108.5
2018/05/16,108.5,109.0,108.0,108.0
2018/05/17,108.5,109.0,108.0,108.5
2018/05/18,109.0,110.0,108.5,110.0
2018/05/21,110.0,110.5,109.5,110.0
2018/05/22,109.5,110.0,109.5,109.5
2018/05/23,109.5,110.0,109.0,109.5
2018/05/24,110.0,110.5,109.0,109.5
2018/05/25,110.0,110.5,109.5,110.0
2018/05/28,110.5,112.5,110.0,111.0
2018/05/29,111.0,111.5,109.5,109.5
2018/05/30,109.0,109.5,108.5,108.5
2018/05/31,109.0,110.0,109.0,109.0
2018/06/01,109.0,110.0,109.0,110.0
2018/06/04,110.0,110.5,109.5,110.0
2018/06/05,110.0,110.5,110.0,110.0
2018/06/06,109.5,110.5,109.5,110.5
2018/06/07,110.0,110.5,109.5,110.0
2018/06/08,109.5,110.0,109.0,110.0
2018/06/11,110.0,110.5,109.5,109.5
2018/06/12,109.5,110.5,109.5,109.5
2018/06/13,109.5,110.0,109.5,110.0
2018/06/14,109.5,110.0,109.0,109.0
2018/06/15,109.0,110.0,109.0,109.5
2018/06/19,109.0,110.0,109.0,109.0
2018/06/20,109.5,110.5,109.0,110.0
2018/06/21,109.5,110.5,109.5,109.5
2018/06/22,109.5,110.0,109.0,110.0
2018/06/25,109.5,110.0,109.5,109.5
2018/06/26,109.5,110.0,109.5,109.5
2018/06/27,109.5,110.5,109.5,109.5
2018/06/28,109.5,110.0,109.5,110.0
2018/06/29,110.0,110.0,109.5,110.0
2018/07/02,110.0,110.0,109.5,109.5
2018/07/03,110.0,112.5,109.5,111.0
2018/07/04,111.0,111.5,111.0,111.5
2018/07/05,111.5,112.0,111.5,112.0
2018/07/06,111.5,112.0,111.5,112.0
2018/07/09,112.0,112.5,111.5,112.0
2018/07/10,112.0,112.5,112.0,112.5
2018/07/11,112.0,112.5,111.5,112.0
2018/07/12,111.5,112.0,111.0,111.5
2018/07/13,111.5,111.5,111.0,111.5
2018/07/16,111.5,111.5,111.0,111.5
2018/07/17,111.5,112.0,111.0,112.0
2018/07/18,112.0,112.0,111.5,112.0
2018/07/19,112.0,112.0,111.5,111.5
2018/07/20,111.5,112.0,111.0,111.5
2018/07/23,106.0,106.5,105.5,106.5
2018/07/24,107.0,107.5,105.0,105.5
2018/07/25,105.5,106.0,104.5,105.0
2018/07/26,105.5,105.5,105.0,105.5
2018/07/27,105.5,105.5,105.0,105.5
2018/07/30,105.5,106.0,105.5,106.0
2018/07/31,106.0,107.0,105.5,106.0
2018/08/01,106.0,106.5,105.5,106.0
2018/08/02,106.0,106.5,105.5,105.5
2018/08/03,105.5,106.0,105.0,106.0
2018/08/06,106.0,106.5,106.0,106.5
2018/08/07,106.5,106.5,106.0,106.5
2018/08/08,106.5,107.0,106.5,107.0
2018/08/09,107.0,107.5,106.5,107.0
2018/08/10,107.0,107.5,106.5,107.5
2018/08/13,107.0,107.5,106.5,106.5
2018/08/14,107.0,107.0,106.5,107.0
2018/08/15,106.5,107.5,106.5,107.0
2018/08/16,106.5,107.5,106.0,106.5
2018/08/17,106.5,107.0,106.5,107.0
2018/08/20,107.0,107.5,107.0,107.0
2018/08/21,107.0,108.5,107.0,108.5
2018/08/22,107.5,108.5,107.5,108.0
2018/08/23,108.0,108.5,107.5,108.5
2018/08/24,108.0,108.0,107.5,107.5
2018/08/27,108.0,108.5,107.5,108.0
2018/08/28,108.5,108.5,108.0,108.5
2018/08/29,108.5,108.5,108.0,108.5
2018/08/30,108.0,108.5,107.5,107.5
2018/08/31,107.5,108.5,107.5,108.5
2018/09/03,108.0,108.5,108.0,108.0
2018/09/04,108.0,108.5,108.0,108.5
2018/09/05,108.0,108.5,108.0,108.0
2018/09/06,107.5,108.0,107.5,107.5
2018/09/07,107.5,108.5,107.5,108.0
2018/09/10,108.0,109.0,108.0,108.5
2018/09/11,108.5,110.0,108.5,110.0
2018/09/12,110.0,110.5,109.5,110.0
2018/09/13,109.5,110.0,109.0,109.5
2018/09/14,109.0,109.5,108.5,108.5
2018/09/17,109.0,109.5,108.5,108.5
2018/09/18,108.5,110.5,108.5,110.0
2018/09/19,110.0,110.5,109.5,110.5
2018/09/20,110.0,110.5,109.5,110.0
2018/09/21,110.0,110.5,109.5,109.5
2018/09/25,109.5,110.0,109.0,109.5
2018/09/26,110.0,110.0,109.5,109.5
2018/09/27,109.0,110.5,109.0,110.0
2018/09/28,110.0,110.5,109.5,110.0
2018/10/01,110.0,110.5,110.0,110.5
2018/10/02,110.0,110.5,109.5,109.5
2018/10/03,109.5,109.5,108.5,109.0
2018/10/04,109.0,109.0,108.0,108.0
2018/10/05,108.0,109.5,107.5,109.0
2018/10/08,109.0,109.0,108.0,108.5
2018/10/09,108.5,110.0,108.5,109.5
2018/10/11,108.0,109.5,108.0,108.5
2018/10/12,108.0,108.0,107.0,108.0
2018/10/15,107.5,107.5,106.5,106.5
2018/10/16,106.5,107.5,106.0,107.0
2018/10/17,107.5,108.0,106.5,107.0
2018/10/18,106.5,108.5,106.5,107.5
2018/10/19,107.5,107.5,106.5,106.5
2018/10/22,106.5,107.5,106.5,107.5
2018/10/23,106.5,107.5,106.5,106.5
2018/10/24,107.0,107.5,106.5,107.0
2018/10/25,106.5,108.0,106.5,108.0
2018/10/26,107.5,109.0,107.0,109.0
2018/10/29,108.5,110.0,108.0,109.5
2018/10/30,109.5,109.5,108.0,108.5
2018/10/31,108.5,109.5,108.5,109.5
2018/11/01,108.5,108.5,107.0,107.0
2018/11/02,107.0,107.0,104.5,106.0
2018/11/05,105.5,106.0,105.0,105.5
2018/11/06,105.5,106.5,105.0,106.0
2018/11/07,106.0,107.0,106.0,107.0
2018/11/08,107.0,107.5,107.0,107.0
2018/11/09,107.0,107.5,106.5,107.0
2018/11/12,107.0,107.5,106.5,106.5
2018/11/13,106.0,107.0,105.5,107.0
2018/11/14,107.0,107.0,106.5,107.0
2018/11/15,107.5,108.0,106.0,107.0
2018/11/16,107.0,107.0,106.0,106.0
2018/11/19,106.5,107.0,106.0,106.5
2018/11/20,106.5,107.0,106.0,107.0
2018/11/21,106.5,107.5,106.0,107.0
2018/11/22,107.0,107.5,106.5,107.5
2018/11/23,107.5,108.0,107.0,108.0
2018/11/26,107.5,108.0,107.0,107.5
2018/11/27,107.5,108.0,107.0,107.5
2018/11/28,107.5,108.0,106.5,107.5
2018/11/29,108.0,108.0,106.5,106.5
2018/11/30,107.0,107.5,106.5,107.0
2018/12/03,107.5,107.5,106.0,106.0
2018/12/04,106.0,107.0,106.0,106.0
2018/12/05,106.5,107.0,106.0,106.5
2018/12/06,106.5,107.0,106.0,106.5
2018/12/07,106.5,107.0,106.5,107.0
2018/12/10,106.5,107.0,106.5,107.0
2018/12/11,107.0,107.5,106.5,107.5
2018/12/12,107.5,107.5,107.0,107.5
2018/12/13,107.5,107.5,107.0,107.5
2018/12/14,107.0,107.5,106.5,107.5
2018/12/17,107.5,107.5,107.0,107.5
2018/12/18,107.5,107.5,106.5,106.5
2018/12/19,107.0,107.5,106.5,107.5
2018/12/20,107.0,107.5,107.0,107.5
2018/12/21,107.0,107.5,107.0,107.5
2018/12/24,107.5,108.0,106.5,107.0
2018/12/25,106.5,107.5,106.0,106.5
2018/12/26,106.5,107.0,106.0,106.0
2018/12/27,106.5,107.0,106.0,106.5
2018/12/28,107.0,113.0,106.5,113.0
2019/01/02,108.0,108.5,107.0,107.0
2019/01/03,107.5,107.5,107.0,107.0
2019/01/04,107.0,107.5,106.5,107.5
2019/01/07,108.0,108.0,107.5,108.0
2019/01/08,108.0,108.0,107.0,107.0
2019/01/09,107.5,107.5,107.0,107.5
2019/01/10,106.5,107.0,106.5,107.0
2019/01/11,107.0,107.0,106.5,107.0
2019/01/14,107.0,107.0,106.0,106.5
2019/01/15,106.5,107.0,106.5,107.0
2019/01/16,106.5,107.0,106.5,107.0
2019/01/17,106.5,107.0,106.5,107.0
2019/01/18,107.0,107.0,106.5,107.0
2019/01/21,107.0,107.0,106.0,106.5
2019/01/22,106.5,107.5,106.5,107.5
2019/01/23,107.0,108.0,106.5,107.0
2019/01/24,107.0,107.5,106.5,107.0
2019/01/25,107.0,107.0,106.5,107.0
2019/01/28,106.5,107.0,106.5,106.5
2019/01/29,107.0,107.0,106.5,107.0
2019/01/30,107.0,107.0,106.5,107.0
2019/02/11,107.5,108.0,106.5,106.5
2019/02/12,107.0,107.5,106.5,107.0
2019/02/13,107.0,107.0,106.0,106.0
2019/02/14,106.5,107.0,106.0,106.0
2019/02/15,106.5,107.0,106.0,106.5
2019/02/18,106.5,107.0,106.0,106.5
2019/02/19,106.5,107.0,106.0,106.0
2019/02/20,106.0,106.5,106.0,106.5
2019/02/21,106.0,106.5,106.0,106.5
2019/02/22,106.5,107.0,106.0,107.0
2019/02/25,107.0,107.0,106.5,107.0
2019/02/26,107.0,107.0,106.5,106.5
2019/02/27,106.5,107.5,106.5,107.0
2019/03/04,106.5,107.5,106.5,107.0
2019/03/05,107.0,107.5,106.5,107.0
2019/03/06,107.0,107.5,107.0,107.5
2019/03/07,107.0,107.5,107.0,107.0
2019/03/08,107.0,107.5,107.0,107.5
2019/03/11,107.5,107.5,107.0,107.0
2019/03/12,107.5,108.0,107.5,108.0
2019/03/13,108.0,108.0,107.5,108.0
2019/03/14,108.0,108.0,107.5,107.5
2019/03/15,108.0,108.5,107.5,108.0
2019/03/18,108.0,108.0,107.5,108.0
2019/03/19,107.5,108.0,107.5,108.0
2019/03/20,108.0,108.5,107.5,108.0
2019/03/21,108.0,108.5,108.0,108.0
2019/03/22,108.0,108.5,107.5,108.5
2019/03/25,108.0,108.5,107.5,107.5
2019/03/26,108.0,108.5,108.0,108.5
2019/03/27,108.5,109.0,108.0,108.5
2019/03/28,108.5,109.0,108.5,109.0
2019/03/29,109.0,109.5,108.5,109.5
2019/04/01,109.5,110.5,109.0,110.5
2019/04/02,110.0,110.5,109.5,109.5
2019/04/03,110.0,110.0,108.5,108.5
2019/04/08,108.5,109.0,108.5,108.5
2019/04/09,108.5,109.5,108.5,109.5
2019/04/10,109.0,109.5,108.5,109.5
2019/04/11,109.0,109.5,108.5,109.0
2019/04/12,108.5,109.5,108.5,109.5
2019/04/15,109.0,110.0,109.0,109.5
2019/04/16,109.0,110.0,109.0,110.0
2019/04/17,110.0,110.0,109.5,109.5
2019/04/18,109.5,110.0,109.0,110.0
2019/04/19,110.0,110.0,109.5,109.5
2019/04/22,110.0,110.5,109.5,110.0
2019/04/23,110.0,110.5,109.5,110.5
2019/04/24,110.0,110.5,110.0,110.5
2019/04/25,110.5,111.0,110.0,110.5
2019/04/26,110.5,111.0,110.0,110.5
2019/04/29,110.5,111.0,110.0,111.0
2019/04/30,111.0,111.5,110.5,111.0
2019/05/02,111.0,111.5,111.0,111.0
2019/05/03,111.0,111.5,110.5,111.0
2019/05/06,111.0,111.0,110.0,110.5
2019/05/07,110.5,111.0,110.5,110.5
2019/05/08,110.5,111.5,110.5,111.5
2019/05/09,111.0,111.0,110.0,110.0
2019/05/10,110.0,110.5,109.5,110.0
2019/05/13,110.0,110.5,110.0,110.0
2019/05/14,110.0,111.5,109.5,111.5
2019/05/15,111.0,111.5,110.5,110.5
2019/05/16,110.5,111.0,110.5,110.5
2019/05/17,110.5,111.5,110.5,111.0
2019/05/20,111.0,112.0,111.0,111.5
2019/05/21,112.0,112.5,111.5,112.5
2019/05/22,112.5,112.5,111.5,112.0
2019/05/23,112.0,112.0,111.5,112.0
2019/05/24,112.0,112.5,111.5,112.0
2019/05/27,112.0,112.5,112.0,112.0
2019/05/28,112.0,112.5,111.5,111.5
2019/05/29,111.5,112.0,111.5,112.0
2019/05/30,112.0,112.5,111.5,112.5
2019/05/31,112.0,112.5,111.5,112.5
2019/06/03,112.0,113.0,112.0,113.0
2019/06/04,113.0,113.5,112.5,113.0
2019/06/05,113.0,113.5,112.5,113.5
2019/06/06,113.0,113.5,113.0,113.5
2019/06/10,113.5,114.0,113.5,114.0
2019/06/11,114.0,114.0,113.0,113.5
2019/06/12,113.0,113.5,112.5,113.0
2019/06/13,113.0,113.0,112.5,113.0
2019/06/14,112.5,113.0,112.0,112.5
2019/06/17,112.5,112.5,112.0,112.0
2019/06/18,112.0,112.0,111.5,112.0
2019/06/19,112.5,113.5,112.0,113.5
2019/06/20,112.5,113.0,112.0,112.5
2019/06/21,112.5,113.5,112.0,113.5
2019/06/24,113.5,114.0,113.0,114.0
2019/06/25,113.5,114.0,113.0,114.0
2019/06/26,114.0,114.0,113.5,114.0
2019/06/27,114.0,114.0,113.0,113.5
2019/06/28,113.5,114.0,113.0,113.0
2019/07/01,113.5,114.0,113.0,113.0
2019/07/02,113.0,113.5,113.0,113.5
2019/07/03,113.0,113.5,113.0,113.5
2019/07/04,113.5,113.5,112.5,113.0
2019/07/05,113.0,113.5,113.0,113.5
2019/07/08,113.5,114.0,113.0,114.0
2019/07/09,114.0,114.0,113.0,113.5
2019/07/10,113.5,113.5,113.0,113.5
2019/07/11,113.5,113.5,113.0,113.5
2019/07/12,113.0,113.5,113.0,113.0
2019/07/15,113.0,113.0,112.5,112.5
2019/07/16,112.5,113.0,111.5,111.5
2019/07/17,111.5,112.0,111.0,112.0
2019/07/18,112.0,112.0,111.5,112.0
2019/07/19,112.0,112.5,112.0,112.0
2019/07/22,112.0,112.5,112.0,112.5
2019/07/23,112.5,113.0,112.0,112.0
2019/07/24,112.0,112.5,112.0,112.0
2019/07/25,107.0,107.5,107.0,107.0
2019/07/26,107.5,108.0,107.0,107.5
2019/07/29,107.5,108.0,107.5,107.5
2019/07/30,108.0,108.0,107.5,107.5
2019/07/31,108.0,108.0,107.5,108.0
2019/08/01,107.5,108.0,107.0,107.0
2019/08/02,107.0,107.5,107.0,107.0
2019/08/05,107.0,107.5,107.0,107.5
2019/08/06,107.0,107.0,106.5,106.5
2019/08/07,107.0,107.5,106.5,106.5
2019/08/08,106.5,107.5,106.5,107.5
2019/08/12,107.5,108.0,107.0,107.5
2019/08/13,107.5,107.5,107.0,107.0
2019/08/14,107.5,108.0,107.0,107.0
2019/08/15,107.0,107.0,106.5,106.5
2019/08/16,107.0,108.0,106.5,108.0
2019/08/19,107.5,108.0,107.0,107.5
2019/08/20,107.5,107.5,107.0,107.0
2019/08/21,107.5,107.5,107.0,107.5
2019/08/22,107.5,108.0,107.0,107.0
2019/08/23,107.5,107.5,107.0,107.5
2019/08/26,107.0,107.5,107.0,107.0
2019/08/27,107.5,107.5,107.0,107.5
2019/08/28,107.5,108.0,107.0,108.0
2019/08/29,108.0,108.5,107.5,108.5
2019/08/30,108.5,109.0,108.0,109.0
2019/09/02,109.0,110.0,108.5,110.0
2019/09/03,110.0,110.5,109.5,109.5
2019/09/04,109.5,110.0,109.0,110.0
2019/09/05,109.5,110.0,109.5,110.0
2019/09/06,109.5,110.0,109.0,110.0
2019/09/09,110.0,110.5,109.5,110.5
2019/09/10,110.5,111.0,110.0,111.0
2019/09/11,111.0,111.5,110.5,111.0
2019/09/12,111.0,111.5,110.5,111.0
2019/09/16,111.0,111.5,111.0,111.5
2019/09/17,111.5,111.5,111.0,111.5
2019/09/18,111.5,112.0,111.0,111.5
2019/09/19,111.5,112.0,111.5,112.0
2019/09/20,112.0,112.5,111.0,112.5
2019/09/23,112.5,112.5,112.0,112.0
2019/09/24,112.0,112.0,111.5,111.5
2019/09/25,111.5,111.5,110.5,110.5
2019/09/26,111.0,111.0,110.0,110.0
2019/09/27,110.5,111.0,110.0,111.0
2019/10/01,112.0,112.0,111.0,112.0
2019/10/02,112.0,112.5,112.0,112.0
2019/10/03,111.0,112.0,111.0,111.5
2019/10/04,111.5,112.0,111.5,112.0
2019/10/07,112.0,112.5,112.0,112.5
2019/10/08,112.0,112.5,112.0,112.5
2019/10/09,112.0,112.5,111.5,111.5
2019/10/14,112.0,112.5,112.0,112.0
2019/10/15,112.0,112.5,111.5,112.0
2019/10/16,112.0,112.5,111.5,112.5
2019/10/17,112.0,112.5,112.0,112.5
2019/10/18,112.5,112.5,112.0,112.5
2019/10/21,112.0,113.0,112.0,112.5
2019/10/22,112.5,113.0,112.5,113.0
2019/10/23,112.5,113.0,112.0,112.5
2019/10/24,112.5,113.0,112.0,113.0
2019/10/25,112.5,113.0,112.0,112.5
2019/10/28,112.5,113.0,112.0,113.0
2019/10/29,113.0,113.0,112.5,112.5
2019/10/30,112.5,113.0,112.5,113.0
2019/10/31,113.0,113.0,112.0,112.0
2019/11/01,112.5,113.0,112.0,113.0
2019/11/04,112.5,113.0,112.5,113.0
2019/11/05,112.5,113.0,112.5,113.0
2019/11/06,113.0,114.0,112.5,113.5
2019/11/07,113.5,113.5,113.0,113.0
2019/11/08,113.5,114.0,113.0,113.5
2019/11/11,113.5,114.0,113.0,114.0
2019/11/12,114.0,114.0,113.5,113.5
2019/11/13,113.0,113.5,112.5,112.5
2019/11/14,113.0,113.5,112.5,113.0
2019/11/15,113.5,113.5,113.0,113.5
2019/11/18,113.5,114.0,113.0,113.5
2019/11/19,113.0,114.0,112.5,113.0
2019/11/20,113.0,114.0,113.0,114.0
2019/11/21,113.5,114.0,113.0,113.0
2019/11/22,113.5,114.0,113.0,114.0
2019/11/25,113.5,114.0,113.0,113.5
2019/11/26,114.0,114.0,112.5,112.5
2019/11/27,113.5,113.5,113.0,113.0
2019/11/28,113.0,113.5,112.5,112.5
2019/11/29,112.5,113.0,112.5,113.0
2019/12/02,113.0,113.0,112.5,113.0
2019/12/03,113.0,113.5,112.5,113.0
2019/12/04,113.0,113.0,112.5,113.0
2019/12/05,113.0,113.5,112.5,113.0
2019/12/06,113.0,113.0,112.5,112.5
2019/12/09,112.5,112.5,112.0,112.0
2019/12/10,112.0,112.5,111.5,111.5
2019/12/11,111.5,112.0,111.0,111.0
2019/12/12,111.5,112.0,111.0,111.5
2019/12/13,112.0,112.5,111.5,112.0
2019/12/16,111.5,112.0,110.5,110.5
2019/12/17,111.0,111.0,110.0,110.5
2019/12/18,110.5,111.0,110.5,110.5
2019/12/19,110.5,111.0,110.0,110.0
2019/12/20,110.5,111.0,110.0,111.0
2019/12/23,111.0,111.5,110.5,111.5
2019/12/24,111.0,111.5,110.5,110.5
2019/12/25,110.5,111.5,110.5,110.5
2019/12/26,111.0,111.5,110.5,111.0
2019/12/27,111.5,111.5,110.5,111.5
2019/12/30,111.5,111.5,110.5,111.0
2019/12/31,111.0,111.5,110.0,110.0
2020/01/02,110.5,110.5,109.5,109.5
2020/01/03,110.0,110.5,109.5,110.5
2020/01/06,110.5,110.5,110.0,110.0
2020/01/07,110.0,110.0,108.5,109.5
2020/01/08,109.5,110.0,109.0,109.0
2020/01/09,109.5,110.0,109.0,109.5
2020/01/10,109.5,110.0,109.0,109.5
2020/01/13,109.5,110.0,108.5,110.0
2020/01/14,109.5,110.0,108.5,109.5
2020/01/15,109.0,109.5,108.5,109.0
2020/01/16,109.0,109.5,108.5,109.5
2020/01/17,109.5,110.0,109.0,109.5
2020/01/20,109.5,110.0,109.0,109.5
2020/01/30,108.5,109.0,108.0,108.5
2020/01/31,107.5,109.0,107.5,108.0
2020/02/03,107.5,108.0,107.0,108.0
2020/02/04,107.5,108.5,107.0,108.0
2020/02/05,108.0,108.5,108.0,108.0
2020/02/06,108.5,109.0,108.5,108.5
2020/02/07,109.0,109.0,108.5,109.0
2020/02/10,109.0,109.0,108.0,109.0
2020/02/11,109.0,109.5,108.5,108.5
2020/02/12,109.0,109.0,108.5,108.5
2020/02/13,109.0,109.5,108.5,109.5
2020/02/14,109.5,109.5,109.0,109.0
2020/02/17,109.0,110.0,109.0,110.0
2020/02/18,109.5,110.0,109.5,109.5
2020/02/19,110.0,110.5,109.5,110.0
2020/02/20,110.0,110.5,109.5,109.5
2020/02/21,109.5,110.0,109.5,109.5
2020/02/24,109.5,109.5,108.5,108.5
2020/02/25,108.5,109.0,108.0,108.5
2020/02/26,108.0,109.0,108.0,108.0
2020/02/27,108.0,108.5,108.0,108.0
2020/03/02,107.5,108.0,107.0,108.0
2020/03/03,108.0,109.0,108.0,108.0
2020/03/04,108.5,109.0,108.0,109.0
2020/03/05,109.5,110.0,109.0,110.0
2020/03/06,109.5,110.0,108.5,108.5
2020/03/09,108.0,108.0,107.5,107.5
2020/03/10,107.0,108.5,107.0,107.5
2020/03/11,108.0,108.5,107.5,108.5
2020/03/12,108.0,108.5,107.0,107.5
2020/03/13,106.5,107.0,103.0,106.0
2020/03/16,106.5,107.0,105.0,105.0
2020/03/17,104.0,107.0,103.5,107.0
2020/03/18,107.0,107.0,105.0,106.5
2020/03/19,104.0,106.0,103.5,105.5
2020/03/20,106.0,106.5,104.5,106.5
2020/03/23,105.0,106.0,104.5,105.5
2020/03/24,106.5,108.0,106.0,107.0
2020/03/25,107.0,108.5,107.0,108.0
2020/03/26,108.0,109.0,107.5,107.5
2020/03/27,108.0,108.0,107.0,107.5
2020/03/30,106.5,107.0,106.0,106.5
2020/03/31,107.0,107.5,106.5,107.5
2020/04/01,107.5,108.0,107.0,107.0
2020/04/06,108.0,108.0,107.0,108.0
2020/04/07,108.0,108.0,107.0,107.5
2020/04/08,107.5,108.0,107.0,108.0
2020/04/09,107.5,107.5,107.0,107.0
2020/04/10,107.5,108.0,107.0,108.0
2020/04/13,108.0,108.5,107.5,108.0
2020/04/14,108.5,108.5,108.0,108.5
2020/04/15,109.0,109.0,108.0,109.0
2020/04/16,108.5,109.0,108.0,108.0
2020/04/17,108.5,109.0,108.0,108.5
2020/04/20,108.5,109.5,108.5,109.0
2020/04/21,109.0,109.5,108.0,108.5
2020/04/22,108.0,109.0,107.5,109.0
2020/04/23,108.5,109.0,108.0,109.0
2020/04/24,109.0,109.0,108.0,108.5
2020/04/27,109.0,109.5,109.0,109.5
2020/04/28,109.5,109.5,109.0,109.5
2020/04/29,109.5,110.0,109.0,110.0
2020/04/30,110.0,110.0,109.5,109.5
2020/05/04,108.0,109.0,108.0,109.0
2020/05/05,109.0,109.5,109.0,109.0
2020/05/06,109.5,109.5,109.0,109.5
2020/05/07,109.5,110.0,109.0,109.0
2020/05/08,110.0,111.5,109.5,110.0
2020/05/11,110.5,111.0,110.0,110.0
2020/05/12,110.0,110.5,109.5,110.0
2020/05/13,110.0,110.5,109.5,110.0
2020/05/14,110.0,110.0,109.5,110.0
2020/05/15,110.0,110.5,109.5,109.5
2020/05/18,109.5,111.0,109.5,110.5
2020/05/19,111.5,111.5,110.5,111.0
2020/05/20,111.0,111.5,111.0,111.5
2020/05/21,111.5,111.5,110.5,111.5
2020/05/22,111.0,112.0,110.5,111.0
2020/05/25,111.5,111.5,110.5,110.5
2020/05/26,111.0,111.5,110.5,111.0
2020/05/27,111.0,111.0,110.0,110.0
2020/05/28,110.0,111.0,110.0,110.5
2020/05/29,110.5,111.5,110.0,110.5
2020/06/01,111.5,111.5,111.0,111.5
2020/06/02,111.5,112.0,111.0,112.0
2020/06/03,112.0,113.0,111.5,112.5
2020/06/04,113.0,113.5,112.5,113.0
2020/06/05,113.0,113.0,112.5,112.5
2020/06/08,112.5,113.0,112.0,113.0
2020/06/09,112.5,113.0,112.0,113.0
2020/06/10,113.0,113.0,112.5,113.0
2020/06/11,112.5,113.0,112.5,112.5
2020/06/12,112.0,113.0,111.5,113.0
2020/06/15,112.5,113.0,111.5,111.5
2020/06/16,112.0,113.0,112.0,112.5
2020/06/17,113.0,113.0,112.5,113.0
2020/06/18,113.0,113.0,112.5,112.5
2020/06/19,113.0,113.5,112.5,113.0
2020/06/22,113.0,113.5,113.0,113.5
2020/06/23,113.5,114.0,113.0,114.0
2020/06/24,114.0,114.5,114.0,114.5
2020/06/29,114.5,115.0,114.0,115.0
2020/06/30,115.0,117.0,115.0,117.0
2020/07/01,116.5,117.0,116.0,116.5
2020/07/02,111.5,114.0,110.5,114.0
2020/07/03,114.0,114.0,112.0,112.0
2020/07/06,112.0,112.5,111.5,112.0
2020/07/07,112.0,112.0,111.0,111.5
2020/07/08,111.5,112.0,111.0,112.0
2020/07/09,112.0,112.0,110.5,110.5
2020/07/10,111.0,111.5,110.5,111.0
2020/07/13,111.0,111.5,110.5,110.5
2020/07/14,111.0,111.0,110.0,110.0
2020/07/15,110.0,110.5,109.0,109.5
2020/07/16,110.5,110.5,109.0,109.5
2020/07/17,110.0,110.5,109.5,109.5
2020/07/20,110.0,110.5,109.5,110.0
2020/07/21,110.0,110.5,109.5,110.0
2020/07/22,110.0,110.0,109.5,110.0
2020/07/23,109.5,110.0,109.0,109.0
2020/07/24,109.0,109.5,109.0,109.0
2020/07/27,108.5,109.0,108.0,108.0
2020/07/28,108.0,109.0,107.5,108.5
2020/07/29,109.0,109.5,108.5,108.5
2020/07/30,108.5,109.5,108.5,108.5
2020/07/31,109.5,109.5,108.5,109.5
2020/08/03,109.0,109.5,108.0,108.0
2020/08/04,108.5,109.0,108.0,108.5
2020/08/05,109.0,109.5,108.0,108.0
2020/08/06,108.5,109.0,108.0,109.0
2020/08/07,108.5,109.0,108.0,109.0
2020/08/10,109.0,109.5,108.5,108.5
2020/08/11,109.0,109.0,108.5,108.5
2020/08/12,109.0,109.0,108.0,109.0
2020/08/13,109.5,109.5,109.0,109.5
2020/08/14,109.0,109.5,108.5,109.0
2020/08/17,109.0,109.5,108.5,108.5
2020/08/18,109.0,109.0,108.5,109.0
2020/08/19,109.5,109.5,109.0,109.0
2020/08/20,108.5,109.5,108.5,109.0
2020/08/21,109.0,109.5,108.5,109.5
2020/08/24,109.5,109.5,109.0,109.0
2020/08/25,109.0,109.5,109.0,109.0
2020/08/26,109.0,109.5,108.5,109.0
2020/08/27,109.0,109.5,109.0,109.5
2020/08/28,109.0,109.5,108.5,109.0
2020/08/31,109.0,109.0,108.5,108.5
2020/09/01,109.0,109.0,108.5,109.0
2020/09/02,109.0,109.0,108.0,108.5
2020/09/03,108.5,109.0,108.0,109.0
2020/09/04,108.0,108.5,108.0,108.5
2020/09/07,108.5,108.5,108.0,108.5
2020/09/08,108.5,109.0,108.0,109.0
2020/09/09,108.5,109.0,108.0,108.5
2020/09/10,108.5,109.0,108.0,109.0
2020/09/11,108.5,109.0,108.5,109.0
2020/09/14,108.5,109.0,108.0,109.0
2020/09/15,108.5,109.0,108.0,109.0
2020/09/16,109.0,109.0,108.5,109.0
2020/09/17,108.5,109.0,108.5,109.0
2020/09/18,108.5,109.0,108.0,109.0
2020/09/21,108.5,109.0,108.0,108.5
2020/09/22,108.5,108.5,108.0,108.0
2020/09/23,108.0,108.5,107.5,107.5
2020/09/24,107.5,108.0,107.0,107.0
2020/09/25,107.5,107.5,106.5,107.5
2020/09/28,107.5,108.0,107.0,108.0
2020/09/29,108.0,108.5,107.5,108.5
2020/09/30,108.5,108.5,106.5,107.0
2020/10/05,107.0,107.5,106.5,107.0
2020/10/06,107.5,108.0,107.0,108.0
2020/10/07,107.5,108.0,106.5,106.5
2020/10/08,107.0,107.5,106.5,107.5
2020/10/12,107.5,107.5,107.0,107.0
2020/10/13,107.0,107.5,106.5,107.5
2020/10/14,107.5,107.5,107.0,107.5
2020/10/15,107.0,107.5,106.5,106.5
2020/10/16,106.5,107.0,106.5,106.5
2020/10/19,106.5,107.0,106.5,107.0
2020/10/20,107.0,107.0,106.5,106.5
2020/10/21,107.0,107.5,106.5,107.0
2020/10/22,107.0,107.5,106.5,107.0
2020/10/23,107.0,107.5,107.0,107.5
2020/10/26,107.5,108.5,107.5,108.5
2020/10/27,108.0,109.5,108.0,109.0
2020/10/28,108.5,109.0,108.0,108.5
2020/10/29,108.0,108.0,107.5,107.5
2020/10/30,107.5,108.0,107.0,107.0
2020/11/02,108.0,109.5,107.5,109.5
2020/11/03,109.5,109.5,109.0,109.5
2020/11/04,109.0,109.5,109.0,109.5
2020/11/05,109.5,110.0,109.0,110.0
2020/11/06,109.5,110.0,109.0,109.5
2020/11/09,109.5,110.0,109.0,110.0
2020/11/10,110.0,110.0,109.0,110.0
2020/11/11,110.0,110.0,109.5,110.0
2020/11/12,110.0,110.5,109.5,110.0
2020/11/13,109.5,110.0,109.0,110.0
2020/11/16,109.5,110.0,109.0,109.5
2020/11/17,109.0,110.0,108.5,110.0
2020/11/18,110.0,110.0,109.5,110.0
2020/11/19,110.0,110.0,109.5,110.0
2020/11/20,110.0,110.0,109.0,109.5
2020/11/23,110.0,110.5,109.5,110.5
2020/11/24,110.0,110.0,109.5,109.5
2020/11/25,110.0,110.0,108.5,109.0
2020/11/26,109.0,110.0,108.5,109.5
2020/11/27,109.5,110.0,109.0,109.5
2020/11/30,109.5,110.0,108.5,108.5
2020/12/01,108.5,109.5,108.5,109.0
2020/12/02,108.5,109.5,108.5,109.0
2020/12/03,109.0,109.0,108.5,108.5
2020/12/04,109.5,109.5,109.0,109.5
2020/12/07,109.5,109.5,108.5,108.5
2020/12/08,108.5,109.5,108.5,109.5
2020/12/09,109.0,109.0,108.0,108.5
2020/12/10,108.0,109.0,108.0,108.5
2020/12/11,108.5,108.5,108.0,108.5
2020/12/14,108.5,109.0,108.0,108.5
2020/12/15,108.5,109.0,108.0,109.0
2020/12/16,108.5,109.5,108.5,109.5
2020/12/17,109.0,109.5,109.0,109.5
2020/12/18,109.5,109.5,109.0,109.5
2020/12/21,109.5,110.0,109.0,109.5
2020/12/22,109.5,109.5,109.0,109.0
2020/12/23,109.0,109.5,108.0,108.5
2020/12/24,108.5,109.0,108.0,108.0
2020/12/25,108.5,109.0,108.0,108.5
2020/12/28,108.5,109.5,108.5,109.5
2020/12/29,109.5,109.5,108.5,109.0
2020/12/30,109.0,110.0,109.0,110.0
2020/12/31,110.0,110.0,109.0,109.0
2021/01/04,109.0,109.5,109.0,109.0
2021/01/05,109.0,109.5,108.5,109.5
2021/01/06,109.0,109.5,108.5,109.5
2021/01/07,109.0,109.5,109.0,109.0
2021/01/08,109.0,110.0,109.0,110.0
2021/01/11,110.0,111.0,109.5,111.0
2021/01/12,111.0,111.5,110.5,111.0
2021/01/13,111.0,111.5,111.0,111.5
2021/01/14,111.5,112.0,111.5,112.0
2021/01/15,112.0,112.5,111.0,111.0
2021/01/18,111.0,111.5,111.0,111.0
2021/01/19,111.0,111.5,111.0,111.0
2021/01/20,110.5,111.0,109.0,109.0
2021/01/21,109.0,110.0,108.5,108.5
2021/01/22,109.0,109.0,108.5,108.5
2021/01/25,108.5,109.5,108.5,109.0
2021/01/26,109.0,109.5,108.5,108.5
2021/01/27,109.0,109.5,108.5,109.0
2021/01/28,109.0,109.5,108.0,109.0
2021/01/29,108.5,109.0,108.0,108.0
2021/02/01,108.5,109.5,108.0,109.0
2021/02/02,108.5,109.0,108.5,109.0
2021/02/03,108.5,109.0,108.0,109.0
2021/02/04,108.5,109.0,108.0,108.0
2021/02/05,108.5,109.0,108.0,108.5
2021/02/17,109.0,109.0,108.0,108.5
2021/02/18,108.5,109.0,108.0,108.5
2021/02/19,108.5,109.0,108.5,109.0
2021/02/22,109.0,109.0,108.5,108.5
2021/02/23,108.5,109.5,108.5,109.5
2021/02/24,109.5,110.0,109.5,109.5
2021/02/25,110.0,110.5,109.5,110.5
2021/02/26,110.5,111.0,109.0,109.5
2021/03/02,110.0,110.5,109.5,109.5
2021/03/03,110.0,110.5,109.5,109.5
2021/03/04,110.0,110.5,109.0,109.5
2021/03/05,109.5,110.0,109.0,110.0
2021/03/08,110.5,111.0,109.5,110.0
2021/03/09,110.5,111.0,110.0,110.5
2021/03/10,110.5,111.0,110.0,110.5
2021/03/11,110.5,111.0,110.0,111.0
2021/03/12,111.0,111.0,110.5,111.0
2021/03/15,110.5,111.0,110.0,110.5
2021/03/16,110.5,111.0,110.5,110.5
2021/03/17,110.5,111.0,110.0,110.5
2021/03/18,110.5,111.0,110.5,111.0
2021/03/19,110.5,111.0,110.0,110.0
2021/03/22,110.5,110.5,110.0,110.5
2021/03/23,110.5,111.0,110.5,111.0
2021/03/24,111.0,111.0,110.5,111.0
2021/03/25,111.0,111.5,110.5,111.5
2021/03/26,111.5,111.5,111.0,111.5
2021/03/29,111.5,112.0,111.0,112.0
2021/03/30,112.0,112.0,111.0,111.5
2021/03/31,111.5,112.0,111.0,111.5
2021/04/01,111.5,112.0,111.0,111.5
2021/04/06,111.5,112.0,111.0,112.0
2021/04/07,112.0,112.5,112.0,112.0
2021/04/08,112.0,112.5,111.0,111.0
2021/04/09,111.5,112.0,111.0,112.0
2021/04/12,111.5,112.0,111.0,111.0
2021/04/13,111.5,112.0,111.0,112.0
2021/04/14,111.5,114.0,111.5,113.0
2021/04/15,113.0,114.0,113.0,114.0
2021/04/16,114.0,114.5,113.5,114.0
2021/04/19,114.0,114.5,113.5,114.5
2021/04/20,114.5,115.0,114.0,115.0
2021/04/21,115.0,115.0,114.0,114.5
2021/04/22,114.0,115.0,114.0,114.5
2021/04/23,114.5,114.5,113.5,114.0
2021/04/26,114.0,114.0,113.5,114.0
2021/04/27,114.0,114.0,113.0,114.0
2021/04/28,114.0,114.0,113.0,114.0
2021/04/29,113.5,114.0,113.0,114.0
2021/05/03,113.5,114.0,113.0,113.0
2021/05/04,113.5,114.0,112.0,112.5
2021/05/05,112.5,113.0,112.0,112.0
2021/05/06,112.5,113.0,112.5,113.0
2021/05/07,113.0,113.5,113.0,113.5
2021/05/10,114.0,114.0,113.0,114.0
2021/05/11,113.5,114.5,113.0,114.5
2021/05/12,114.0,114.5,108.5,112.5
2021/05/13,112.0,112.5,111.0,111.0
2021/05/14,111.5,113.5,111.0,113.5
2021/05/17,112.0,113.5,111.5,112.5
2021/05/18,112.0,113.5,112.0,113.5
2021/05/19,113.0,113.5,112.5,112.5
2021/05/20,112.5,113.5,112.0,113.5
2021/05/21,113.5,114.5,113.5,114.5
2021/05/24,113.5,113.5,112.5,113.0
2021/05/25,113.0,114.0,113.0,114.0
2021/05/26,113.5,114.0,113.0,113.0
2021/05/27,113.5,113.5,112.0,112.0
2021/05/28,113.0,113.5,112.5,113.0
2021/05/31,113.5,114.0,113.0,113.5
2021/06/01,113.5,114.0,113.0,113.5
2021/06/02,113.5,114.0,113.5,114.0
2021/06/03,114.0,114.5,113.0,114.0
2021/06/04,113.5,114.0,113.5,114.0
2021/06/07,114.0,114.0,113.0,114.0
2021/06/08,114.5,114.5,113.5,114.5
2021/06/09,114.0,114.5,114.0,114.0
2021/06/10,114.0,114.5,113.5,114.5
2021/06/11,114.5,115.0,114.0,114.5
2021/06/15,114.5,115.0,114.0,114.5
2021/06/16,114.0,115.0,114.0,115.0
2021/06/17,114.0,114.5,114.0,114.5
2021/06/18,114.0,114.5,113.5,113.5
2021/06/21,113.5,114.0,113.0,113.5
2021/06/22,114.0,114.5,113.5,114.0
2021/06/23,114.0,115.0,113.5,114.5
2021/06/24,114.5,115.0,114.0,114.0
2021/06/25,114.0,114.5,114.0,114.5
2021/06/28,114.5,115.0,114.0,114.0
2021/06/29,114.0,114.5,114.0,114.0
2021/06/30,114.0,114.5,113.5,114.0
2021/07/01,114.0,114.5,113.5,113.5
2021/07/02,113.5,114.0,113.5,114.0
2021/07/05,114.5,114.5,114.0,114.5
2021/07/06,114.0,114.5,113.5,114.0
2021/07/07,114.0,114.5,113.5,114.0
2021/07/08,114.0,114.5,113.5,114.0
2021/07/09,113.5,114.5,113.5,114.5
2021/07/12,114.5,114.5,113.5,113.5
2021/07/13,114.0,114.5,113.5,114.5
2021/07/14,114.5,114.5,114.0,114.5
2021/07/15,114.0,114.5,114.0,114.5
2021/07/16,114.0,115.0,113.5,115.0
2021/07/19,114.0,115.0,114.0,115.0
2021/07/20,114.5,115.0,114.5,115.0
2021/07/21,114.5,115.0,114.5,115.0
2021/07/22,115.0,116.0,115.0,116.0
2021/07/23,115.5,116.0,115.0,115.0
2021/07/26,115.0,115.5,114.5,115.0
2021/07/27,115.0,115.5,114.5,115.5
2021/07/28,115.5,116.0,114.5,116.0
2021/07/29,115.5,116.5,115.5,116.5
2021/07/30,116.5,116.5,115.0,115.0
2021/08/02,115.5,116.5,115.5,116.5
2021/08/03,116.5,117.0,116.5,117.0
2021/08/04,117.0,117.5,116.5,117.5
2021/08/05,117.5,118.0,117.0,118.0
2021/08/06,118.0,118.0,117.5,117.5
2021/08/09,117.5,118.0,117.0,117.5
2021/08/10,118.0,118.0,117.0,118.0
2021/08/11,118.0,118.0,117.5,118.0
2021/08/12,118.0,118.5,117.5,118.0
2021/08/13,118.0,118.0,116.5,117.5
2021/08/16,117.5,117.5,117.0,117.5
2021/08/17,117.5,117.5,117.0,117.5
2021/08/18,117.5,117.5,117.0,117.5
2021/08/19,117.5,117.5,116.0,116.5
2021/08/20,116.5,117.0,115.5,116.0
2021/08/23,116.0,116.5,115.5,115.5
2021/08/24,115.5,116.0,115.0,115.5
2021/08/25,110.5,111.0,109.0,110.0
2021/08/26,110.0,110.5,109.5,110.0
2021/08/27,110.0,110.5,109.5,110.0
2021/08/30,110.5,111.5,110.0,111.0
2021/08/31,111.5,112.5,111.0,112.0
2021/09/01,112.0,112.5,110.5,110.5
2021/09/02,110.5,111.5,110.5,111.0
2021/09/03,111.0,111.5,111.0,111.0
2021/09/06,111.0,111.5,110.5,111.0
2021/09/07,111.0,111.5,111.0,111.0
2021/09/08,111.5,111.5,110.5,111.0
2021/09/09,111.0,111.5,110.5,110.5
2021/09/10,110.5,111.0,110.5,110.5
2021/09/13,111.0,111.0,110.5,111.0
2021/09/14,111.0,111.5,110.5,111.0
2021/09/15,111.0,112.0,111.0,111.0
2021/09/16,111.0,111.5,111.0,111.5
2021/09/17,111.5,111.5,111.0,111.0
2021/09/22,110.5,111.5,110.0,111.0
2021/09/23,111.0,111.5,111.0,111.0
2021/09/24,111.5,111.5,111.0,111.5
2021/09/27,111.5,111.5,111.0,111.0
2021/09/28,111.0,111.5,111.0,111.0
2021/09/29,111.0,111.5,110.5,111.5
2021/09/30,111.0,111.5,110.5,110.5
2021/10/01,110.5,111.0,110.0,110.5
2021/10/04,111.0,111.0,110.5,111.0
2021/10/05,111.0,111.0,110.5,110.5
2021/10/06,110.5,111.0,110.5,111.0
2021/10/07,111.5,111.5,111.0,111.5
2021/10/08,111.0,112.0,111.0,111.5
2021/10/12,111.0,111.5,110.5,111.5
2021/10/13,111.5,111.5,110.5,111.5
2021/10/14,111.5,111.5,110.5,110.5
2021/10/15,110.5,111.0,110.5,111.0
2021/10/18,111.0,111.5,110.5,111.0
2021/10/19,111.0,111.5,111.0,111.5
2021/10/20,111.0,111.5,110.5,111.0
2021/10/21,111.0,111.5,110.5,110.5
2021/10/22,110.5,111.5,110.5,111.5
2021/10/25,111.0,111.5,110.5,111.0
2021/10/26,111.0,111.0,110.5,110.5
2021/10/27,110.5,111.0,110.5,110.5
2021/10/28,111.0,111.0,110.0,110.0
2021/10/29,110.5,111.0,110.0,110.5
2021/11/01,111.0,111.0,110.5,111.0
2021/11/02,111.0,111.0,110.0,110.5
2021/11/03,110.5,111.0,110.0,110.5
2021/11/04,110.5,111.0,110.5,111.0
2021/11/05,111.0,111.0,110.5,111.0
2021/11/08,111.0,111.5,110.5,111.5
2021/11/09,111.0,111.5,110.5,111.5
2021/11/10,111.5,112.0,111.0,112.0
2021/11/11,112.0,112.5,111.0,112.5
2021/11/12,112.0,112.5,112.0,112.5
2021/11/15,112.5,113.0,112.0,113.0
2021/11/16,113.0,114.0,112.5,114.0
2021/11/17,114.0,114.5,113.5,114.5
2021/11/18,114.5,115.0,114.0,115.0
2021/11/19,114.5,115.0,112.5,113.0
2021/11/22,113.0,113.5,112.5,112.5
2021/11/23,113.0,114.0,112.5,113.5
2021/11/24,113.5,114.0,113.0,113.5
2021/11/25,113.5,114.0,113.0,113.5
2021/11/26,113.0,114.0,112.5,113.0
2021/11/29,112.5,113.0,112.0,112.5
2021/11/30,112.5,113.0,112.0,112.0
2021/12/01,112.0,113.0,112.0,113.0
2021/12/02,113.0,114.0,112.5,114.0
2021/12/03,113.5,114.0,113.0,113.5
2021/12/06,113.5,114.0,113.0,114.0
2021/12/07,114.0,114.0,113.5,114.0
2021/12/08,114.0,114.5,113.5,114.0
2021/12/09,114.5,114.5,113.5,114.5
2021/12/10,114.0,114.5,113.5,114.0
2021/12/13,114.0,114.5,113.5,113.5
2021/12/14,114.0,114.0,113.5,114.0
2021/12/15,114.0,114.5,113.5,114.0
2021/12/16,114.5,115.0,114.0,114.5
2021/12/17,115.0,115.0,114.0,115.0
2021/12/20,114.0,115.0,114.0,115.0
2021/12/21,115.0,116.0,114.5,115.5
2021/12/22,115.5,116.0,115.0,115.5
2021/12/23,116.0,116.0,114.5,115.5
2021/12/24,115.5,116.0,115.0,115.5
2021/12/27,115.5,116.5,115.5,116.0
2021/12/28,116.0,116.5,115.5,116.0
2021/12/29,116.5,117.0,116.0,116.5
2021/12/30,116.5,116.5,116.0,116.5
2022/01/03,116.5,116.5,114.5,115.5
2022/01/04,115.5,116.0,114.5,115.5
2022/01/05,115.0,115.5,115.0,115.5
2022/01/06,116.0,116.0,115.0,115.5
2022/01/07,115.5,116.0,115.0,115.5
2022/01/10,115.5,116.5,115.0,116.5
2022/01/11,116.5,117.0,116.0,116.5
2022/01/12,116.5,117.0,116.0,117.0
2022/01/13,117.0,117.5,116.5,117.5
2022/01/14,117.5,118.0,117.0,117.5
2022/01/17,117.5,117.5,116.5,117.0
2022/01/18,117.0,117.5,116.5,117.5
2022/01/19,117.0,117.5,115.5,117.0
2022/01/20,117.0,117.5,116.0,116.5
2022/01/21,116.5,117.0,116.0,117.0
2022/01/24,116.5,117.5,116.0,117.0
2022/01/25,116.0,117.0,116.0,117.0
2022/01/26,117.0,117.5,116.5,117.5
2022/02/07,118.0,118.5,117.5,118.5
2022/02/08,118.5,119.0,118.0,118.0
2022/02/09,118.5,119.0,118.0,118.5
2022/02/10,119.0,119.5,118.5,119.5
2022/02/11,119.0,120.0,118.5,119.5
2022/02/14,119.0,120.0,118.5,120.0
2022/02/15,120.0,120.0,119.5,120.0
2022/02/16,120.0,121.0,120.0,121.0
2022/02/17,121.5,122.0,121.0,121.5
2022/02/18,121.5,123.0,121.0,122.0
2022/02/21,122.0,123.5,121.5,123.5
2022/02/22,123.0,123.5,122.5,123.5
2022/02/23,123.5,126.0,123.5,125.5
2022/02/24,125.0,125.5,124.0,124.5
2022/02/25,124.0,125.0,124.0,124.5
2022/03/01,125.0,125.5,124.0,124.5
2022/03/02,125.0,125.0,122.5,123.5
2022/03/03,123.5,124.0,122.0,122.5
2022/03/04,122.5,123.0,122.0,123.0
2022/03/07,122.0,122.5,120.5,121.0
2022/03/08,120.0,122.5,120.0,122.0
2022/03/09,122.0,122.5,121.5,122.5
2022/03/10,122.5,123.0,122.5,123.0
2022/03/11,122.5,122.5,122.0,122.5
2022/03/14,122.5,123.0,122.5,123.0
2022/03/15,123.0,125.0,122.0,125.0
2022/03/16,124.0,126.0,124.0,126.0
2022/03/17,126.0,127.5,125.0,125.5
2022/03/18,126.0,126.5,125.0,126.5
2022/03/21,125.5,127.0,125.0,126.5
2022/03/22,126.5,126.5,125.0,126.5
2022/03/23,126.0,126.5,125.0,126.5
2022/03/24,125.5,127.0,125.5,127.0
2022/03/25,126.0,128.0,126.0,128.0
2022/03/28,127.0,128.0,126.5,128.0
2022/03/29,127.5,128.0,126.5,127.0
2022/03/30,127.5,127.5,126.5,127.0
2022/03/31,127.0,127.5,126.5,127.0
2022/04/01,126.5,127.0,126.0,127.0
2022/04/06,127.0,127.0,126.0,127.0
2022/04/07,127.0,127.5,126.5,127.0
2022/04/08,127.5,128.0,126.5,128.0
2022/04/11,128.0,130.0,128.0,130.0
2022/04/12,129.0,129.5,128.0,128.5
2022/04/13,129.0,129.0,128.0,128.5
2022/04/14,128.5,130.0,128.5,130.0
2022/04/15,129.5,130.0,129.0,129.5
2022/04/18,128.5,130.0,128.5,130.0
2022/04/19,130.0,130.5,129.5,129.5
2022/04/20,129.0,131.0,129.0,131.0
2022/04/21,131.0,131.5,130.5,131.0
2022/04/22,130.5,131.5,130.5,131.5
2022/04/25,131.0,131.5,130.5,131.5
2022/04/26,131.0,132.0,131.0,132.0
2022/04/27,131.5,132.5,131.5,132.0
2022/04/28,132.0,132.5,130.0,131.5
2022/04/29,131.0,131.5,129.5,131.0
2022/05/03,130.0,130.5,127.0,127.5
2022/05/04,126.5,126.5,123.5,124.0
2022/05/05,125.0,126.0,124.5,125.0
2022/05/06,124.0,127.5,123.5,126.5
2022/05/09,126.0,126.5,124.0,125.0
2022/05/10,125.0,125.5,124.0,124.5
2022/05/11,124.5,126.0,124.0,125.0
2022/05/12,125.0,125.5,124.0,124.0
2022/05/13,124.5,125.5,123.5,124.0
2022/05/16,125.0,125.5,124.0,124.0
2022/05/17,124.5,124.5,123.5,123.5
2022/05/18,124.0,125.5,123.5,125.0
2022/05/19,125.0,125.0,123.5,124.5
2022/05/20,124.5,124.5,124.0,124.5
2022/05/23,125.0,125.0,123.5,123.5
2022/05/24,124.0,124.5,123.5,124.0
2022/05/25,124.0,125.5,124.0,125.0
2022/05/26,125.0,128.0,124.5,127.5
2022/05/27,127.5,128.0,124.5,125.5
2022/05/30,126.0,127.0,125.0,127.0
2022/05/31,126.5,127.0,125.0,127.0
2022/06/01,126.5,126.5,125.0,125.0
2022/06/02,125.5,126.5,124.5,125.0
2022/06/06,126.0,126.5,124.5,126.0
2022/06/07,126.0,126.5,125.0,125.5
2022/06/08,126.0,127.0,126.0,126.5
2022/06/09,126.5,127.0,126.0,126.0
2022/06/10,126.0,126.5,125.0,125.0
2022/06/13,125.5,125.5,124.0,125.0
2022/06/14,125.0,125.0,124.0,124.5
2022/06/15,124.5,126.0,124.0,125.0
2022/06/16,126.0,126.0,124.0,124.0
2022/06/17,124.0,125.5,124.0,125.0
2022/06/20,125.0,126.0,124.0,125.0
2022/06/21,125.5,126.5,125.0,126.5
2022/06/22,126.5,126.5,125.5,125.5
2022/06/23,126.5,127.0,126.0,127.0
2022/06/24,126.5,130.0,126.0,129.0
2022/06/27,129.5,130.0,128.5,128.5
2022/06/28,128.5,129.5,128.5,129.0
2022/06/29,129.0,130.5,128.5,130.5
2022/06/30,124.0,124.5,121.0,122.0
2022/07/01,122.0,125.0,120.0,124.0
2022/07/04,125.0,128.0,124.5,126.5
2022/07/05,127.5,128.0,125.5,127.0
2022/07/06,128.0,128.5,127.0,128.0
2022/07/07,128.0,129.5,126.5,127.5
2022/07/08,127.0,127.0,124.5,124.5
2022/07/11,125.0,125.5,123.0,124.0
2022/07/12,123.5,124.5,122.0,122.5
2022/07/13,122.5,125.0,122.5,124.0
2022/07/14,125.0,125.0,122.0,123.0
2022/07/15,122.5,123.0,122.0,123.0
2022/07/18,124.0,124.0,122.0,123.0
2022/07/19,123.0,123.5,120.5,121.5
2022/07/20,121.5,122.0,120.0,120.0
2022/07/21,119.5,120.0,119.0,119.5
2022/07/22,119.0,119.5,117.5,118.5
2022/07/25,118.5,120.5,118.5,120.0
2022/07/26,120.0,120.0,119.0,120.0
2022/07/27,119.5,122.5,119.5,121.5
2022/07/28,121.5,122.0,121.0,121.5
2022/07/29,122.0,122.5,121.0,121.5
2022/08/01,122.5,122.5,121.0,122.0
2022/08/02,122.0,123.0,121.5,122.5
2022/08/03,121.5,122.5,121.0,121.5
2022/08/04,121.5,122.0,120.0,120.5
2022/08/05,121.0,122.0,121.0,122.0
2022/08/08,122.0,122.5,121.0,122.5
2022/08/09,122.0,122.5,121.5,122.5
2022/08/10,122.5,123.0,122.0,122.5
2022/08/11,123.5,126.0,123.5,125.0
2022/08/12,125.0,125.5,124.0,125.0
2022/08/15,125.0,125.5,124.5,124.5
2022/08/16,125.0,125.0,123.0,123.5
2022/08/17,124.0,124.5,122.0,123.0
2022/08/18,123.0,123.0,122.0,122.5
2022/08/19,122.0,122.5,121.0,121.5
2022/08/22,121.0,123.0,121.0,123.0
2022/08/23,123.0,123.0,122.0,122.5
2022/08/24,122.5,122.5,122.0,122.0
2022/08/25,122.0,122.5,121.5,122.0
2022/08/26,122.0,122.5,121.5,122.0
2022/08/29,122.0,123.5,121.0,123.0
2022/08/30,122.5,123.5,122.0,122.5
2022/08/31,122.0,122.5,121.0,121.0
2022/09/01,121.0,121.5,120.5,121.0
2022/09/02,121.0,122.0,120.5,121.0
2022/09/05,121.0,122.0,121.0,122.0
2022/09/06,122.0,122.0,121.0,121.5
2022/09/07,121.0,121.5,120.0,120.5
2022/09/08,120.5,121.0,120.0,121.0
2022/09/12,122.0,122.0,120.0,121.0
2022/09/13,121.0,121.5,120.5,121.0
2022/09/14,120.0,120.5,119.5,119.5
2022/09/15,119.5,120.0,119.0,119.0
2022/09/16,118.5,119.0,117.5,118.0
2022/09/19,118.0,119.0,118.0,118.0
2022/09/20,118.5,119.0,118.0,118.0
2022/09/21,118.0,118.0,117.0,117.5
2022/09/22,116.5,117.0,116.0,116.0
2022/09/23,116.5,116.5,114.5,115.0
2022/09/26,114.5,117.0,113.5,116.5
2022/09/27,117.0,117.5,116.0,116.0
2022/09/28,117.0,117.0,114.0,116.5
2022/09/29,117.0,117.5,115.0,116.0
2022/09/30,115.0,115.5,114.0,114.0
2022/10/03,113.0,113.5,111.0,111.5
2022/10/04,112.5,113.0,111.0,112.0
2022/10/05,112.0,112.5,111.5,111.5
2022/10/06,111.5,111.5,110.5,110.5
2022/10/07,110.0,111.0,109.5,110.5
2022/10/11,109.5,110.0,109.0,109.0
2022/10/12,109.0,110.0,108.5,110.0
2022/10/13,109.5,110.0,109.0,109.0
2022/10/14,109.5,110.0,108.0,109.0
2022/10/17,108.5,109.5,108.0,109.0
2022/10/18,109.5,109.5,108.0,108.5
2022/10/19,108.5,109.0,107.0,107.5
2022/10/20,107.0,107.5,105.5,107.0
2022/10/21,107.5,108.0,107.0,108.0
2022/10/24,108.0,108.5,107.0,107.5
2022/10/25,108.0,110.5,107.0,110.5
2022/10/26,110.0,110.5,108.5,108.5
2022/10/27,109.0,110.5,108.5,109.5
2022/10/28,109.5,110.0,109.0,109.0
2022/10/31,110.0,111.5,109.5,111.0
2022/11/01,110.5,110.5,109.5,109.5
2022/11/02,109.0,109.0,108.0,108.5
2022/11/03,108.5,109.0,108.0,108.5
2022/11/04,107.5,108.5,107.0,108.5
2022/11/07,108.5,109.0,107.5,108.0
2022/11/08,108.0,108.5,108.0,108.5
2022/11/09,108.0,109.5,108.0,109.0
2022/11/10,108.5,109.5,108.0,108.5
2022/11/11,109.5,110.0,108.5,109.5
2022/11/14,109.5,110.5,108.5,109.5
2022/11/15,109.5,110.0,108.5,109.0
2022/11/16,108.5,109.0,108.0,108.5
2022/11/17,108.5,109.0,107.5,108.0
2022/11/18,108.0,109.0,108.0,109.0
2022/11/21,109.0,109.5,108.5,109.0
2022/11/22,109.0,109.0,108.0,108.5
2022/11/23,109.0,109.5,108.5,109.0
2022/11/24,109.5,110.5,109.0,110.0
2022/11/25,110.0,114.0,110.0,112.5
2022/11/28,111.5,112.0,110.5,110.5
2022/11/29,110.5,113.0,110.5,112.0
2022/11/30,112.0,113.5,111.5,113.5
2022/12/01,114.0,114.0,111.5,111.5
2022/12/02,111.5,112.0,111.0,112.0
2022/12/05,112.0,113.0,111.5,112.5
2022/12/06,112.0,112.0,111.5,112.0
2022/12/07,112.0,113.0,111.5,112.5
2022/12/08,112.0,112.5,111.0,111.0
2022/12/09,111.5,112.5,111.0,112.0
2022/12/12,111.5,112.5,111.5,112.5
2022/12/13,112.0,112.5,111.0,111.0
2022/12/14,112.0,113.0,111.5,111.5
2022/12/15,112.5,112.5,111.5,112.0
2022/12/16,111.0,112.0,110.5,110.5
2022/12/19,110.5,112.0,110.5,111.5
2022/12/20,111.0,112.0,111.0,111.5
2022/12/21,111.5,112.5,111.5,111.5
2022/12/22,112.0,113.0,111.5,113.0
2022/12/23,112.0,113.0,111.5,112.5
2022/12/26,113.0,113.5,112.5,113.0
2022/12/27,113.5,113.5,113.0,113.0
2022/12/28,112.5,114.0,112.0,114.0
2022/12/29,113.0,113.5,112.5,113.0
2022/12/30,113.5,113.5,112.5,113.0
2023/01/03,113.0,113.5,111.5,113.0
2023/01/04,113.5,114.0,113.0,113.5
2023/01/05,113.5,114.0,113.0,114.0
2023/01/06,114.0,114.0,113.5,114.0
2023/01/09,114.5,115.0,113.5,115.0
2023/01/10,115.0,115.0,114.0,115.0
2023/01/11,115.0,115.0,113.5,114.0
2023/01/12,114.0,114.5,113.0,113.5
2023/01/13,114.0,114.5,113.5,114.0
2023/01/16,114.0,115.0,113.5,115.0
2023/01/17,114.5,115.0,114.0,114.0
2023/01/30,115.5,115.5,113.0,114.5
2023/01/31,114.5,114.5,112.5,112.5
2023/02/01,112.5,113.0,111.5,112.5
2023/02/02,112.0,113.0,111.5,112.0
2023/02/03,112.0,113.5,112.0,113.0
2023/02/06,112.5,113.5,112.0,112.5
2023/02/07,113.0,113.5,112.5,112.5
2023/02/08,112.5,113.0,112.5,112.5
2023/02/09,112.5,113.0,112.0,112.5
2023/02/10,112.0,113.0,112.0,113.0
2023/02/13,113.0,113.5,112.5,113.5
2023/02/14,114.0,114.5,113.0,114.0
2023/02/15,114.0,114.0,113.0,113.5
2023/02/16,113.5,114.5,113.5,114.0
2023/02/17,114.0,114.0,113.5,113.5
2023/02/20,114.0,115.0,113.5,115.0
2023/02/21,114.5,115.0,114.0,114.5
2023/02/22,114.5,115.5,114.0,115.0
2023/02/23,115.0,116.0,114.5,115.5
2023/02/24,115.5,116.0,115.0,115.5
2023/03/01,115.5,115.5,114.5,115.0
2023/03/02,115.0,117.0,115.0,116.5
2023/03/03,117.0,118.0,116.5,117.5
2023/03/06,118.0,119.0,117.5,118.0
2023/03/07,118.0,119.0,117.5,118.5
2023/03/08,118.0,119.0,118.0,119.0
2023/03/09,119.0,119.5,118.0,118.5
2023/03/10,118.5,118.5,117.0,117.5
2023/03/13,117.0,119.5,116.5,119.0
2023/03/14,118.0,118.5,117.5,117.5
2023/03/15,118.0,119.5,118.0,119.0
2023/03/16,118.5,119.5,118.5,119.0
2023/03/17,119.0,119.5,118.0,118.0
2023/03/20,118.5,119.5,118.0,119.0
2023/03/21,119.0,119.5,118.5,118.5
2023/03/22,119.0,119.5,118.5,119.5
2023/03/23,119.5,120.5,119.5,120.0
2023/03/24,120.0,120.5,119.5,119.5
2023/03/27,120.0,120.5,119.5,120.0
2023/03/28,120.0,120.0,119.0,119.5
2023/03/29,120.0,120.0,119.0,120.0
2023/03/30,120.0,120.0,119.5,120.0
2023/03/31,120.0,120.5,119.5,119.5
2023/04/06,120.0,120.5,119.5,120.5
2023/04/07,120.5,121.0,120.0,121.0
2023/04/10,121.0,122.5,121.0,122.5
2023/04/11,122.5,123.0,121.5,123.0
2023/04/12,123.0,124.0,122.5,123.0
2023/04/13,123.0,124.0,122.5,124.0
2023/04/14,124.0,125.0,123.5,124.5
2023/04/17,124.5,125.5,123.5,125.5
2023/04/18,125.0,126.0,125.0,126.0
2023/04/19,126.0,126.0,124.5,124.5
2023/04/20,124.5,125.0,124.0,125.0
2023/04/21,124.5,126.0,124.5,126.0
2023/04/24,125.5,126.5,125.5,126.0
2023/04/25,126.0,126.5,125.5,126.0
2023/04/26,126.0,127.0,125.5,127.0
2023/04/27,126.5,127.0,126.0,126.5
2023/04/28,126.5,127.0,126.0,127.0
2023/05/02,126.5,127.0,125.0,125.5
2023/05/03,125.0,125.5,124.5,125.5
2023/05/04,125.0,126.5,125.0,126.5
2023/05/05,126.5,126.5,125.5,126.5
2023/05/08,126.5,126.5,126.0,126.5
2023/05/09,126.0,126.5,126.0,126.5
2023/05/10,126.5,127.0,125.5,126.0
2023/05/11,126.0,126.0,125.5,126.0
2023/05/12,125.5,125.5,124.5,125.0
2023/05/15,124.5,125.5,124.5,125.5
2023/05/16,125.0,126.0,125.0,126.0
2023/05/17,125.5,127.0,125.5,127.0
2023/05/18,126.5,127.5,126.5,126.5
2023/05/19,127.0,127.5,126.5,127.5
2023/05/22,127.0,127.0,125.0,125.5
2023/05/23,125.5,126.5,125.0,126.5
2023/05/24,125.5,126.5,125.0,126.5
2023/05/25,125.5,128.0,125.0,128.0
2023/05/26,126.5,127.0,125.0,127.0
2023/05/29,126.0,126.5,125.0,126.0
2023/05/30,125.5,126.0,124.5,125.5
2023/05/31,125.0,126.0,124.5,126.0
2023/06/01,125.5,126.0,124.5,125.0
2023/06/02,125.0,126.0,124.5,125.5
2023/06/05,125.5,125.5,125.0,125.0
2023/06/06,125.5,126.0,125.0,125.5
2023/06/07,126.0,126.0,125.0,125.0
2023/06/08,125.5,125.5,125.0,125.0
2023/06/09,125.5,126.0,125.0,125.5
2023/06/12,126.0,126.0,125.0,125.0
2023/06/13,125.0,126.0,125.0,125.5
2023/06/14,125.5,126.0,125.0,125.5
2023/06/15,125.5,126.0,125.0,125.5
2023/06/16,125.5,126.0,125.0,125.5
2023/06/19,125.5,126.0,125.0,125.5
2023/06/20,125.5,126.0,125.0,126.0
2023/06/21,125.5,126.0,125.0,126.0
2023/06/26,126.0,126.0,124.0,124.0
2023/06/27,124.0,124.0,122.0,122.0
2023/06/28,122.0,122.5,121.0,121.5
2023/06/29,117.0,118.0,117.0,117.5
2023/06/30,117.5,117.5,116.0,116.5
2023/07/03,116.5,117.0,115.0,115.0
2023/07/04,114.0,116.0,114.0,115.5
2023/07/05,115.5,116.5,115.0,115.0
2023/07/06,115.5,115.5,114.5,115.0
2023/07/07,115.0,115.0,114.0,114.5
2023/07/10,114.5,115.0,114.0,114.0
2023/07/11,114.5,115.5,114.5,115.0
2023/07/12,115.0,115.5,114.5,115.0
2023/07/13,115.5,115.5,115.0,115.0
2023/07/14,115.5,116.5,115.0,116.5
2023/07/17,117.0,117.0,116.0,116.5
2023/07/18,116.0,116.5,115.0,115.0
2023/07/19,116.0,116.5,115.0,115.0
2023/07/20,115.5,116.0,115.5,115.5
2023/07/21,116.0,116.5,115.5,115.5
2023/07/24,116.0,116.0,115.5,116.0
2023/07/25,116.0,116.5,115.5,116.5
2023/07/26,116.5,117.0,116.0,117.0
2023/07/27,117.0,117.0,116.5,116.5
2023/07/28,116.5,117.0,116.0,116.5
2023/07/31,117.0,117.0,116.0,116.0
2023/08/01,116.0,116.5,116.0,116.5
2023/08/02,116.0,116.5,116.0,116.0
2023/08/04,116.0,116.5,116.0,116.5
2023/08/07,116.0,116.5,116.0,116.0
2023/08/08,116.5,117.0,116.0,116.5
2023/08/09,116.5,117.0,116.5,117.0
2023/08/10,117.0,118.0,117.0,118.0
2023/08/11,118.0,118.5,118.0,118.0
2023/08/14,118.0,118.5,117.0,117.0
2023/08/15,118.0,118.0,117.0,117.0
2023/08/16,117.0,118.0,117.0,118.0
2023/08/17,117.5,117.5,116.5,116.5
2023/08/18,117.0,118.0,116.5,117.5
2023/08/21,117.5,118.0,117.0,117.0
2023/08/22,117.0,117.5,116.5,116.5
2023/08/23,117.0,117.5,116.5,116.5
2023/08/24,116.5,118.0,116.5,117.5
2023/08/25,117.5,118.0,116.5,116.5
2023/08/28,117.0,117.5,116.5,117.0
2023/08/29,117.0,118.0,117.0,117.5
2023/08/30,117.5,118.0,117.0,117.0
2023/08/31,117.5,117.5,116.0,116.0
2023/09/01,116.0,117.0,116.0,116.5
2023/09/04,116.5,117.5,116.0,117.5
2023/09/05,117.5,117.5,117.0,117.0
2023/09/06,117.5,117.5,117.0,117.0
2023/09/07,117.0,117.5,116.5,117.0
2023/09/08,117.0,117.0,116.5,116.5
2023/09/11,116.5,117.0,116.5,117.0
2023/09/12,117.0,117.5,116.5,117.0
2023/09/13,117.0,117.5,116.5,116.5
2023/09/14,117.0,117.0,116.5,117.0
2023/09/15,117.0,117.5,116.5,117.5
2023/09/18,117.0,117.5,117.0,117.0
2023/09/19,117.0,118.0,117.0,117.0
2023/09/20,117.0,117.5,116.5,117.0
2023/09/21,117.0,117.5,116.5,116.5
2023/09/22,116.5,117.0,116.5,117.0
2023/09/25,117.0,117.0,116.5,116.5
2023/09/26,116.5,117.0,116.0,116.0
2023/09/27,116.0,116.5,116.0,116.5
2023/09/28,116.5,117.0,116.0,116.0
2023/10/02,116.5,117.0,116.0,116.5
2023/10/03,116.5,116.5,116.0,116.0
2023/10/04,116.0,116.0,115.0,115.0
2023/10/05,115.0,116.0,115.0,115.0
2023/10/06,115.5,116.0,115.5,115.5
2023/10/11,116.5,116.5,115.5,116.5
2023/10/12,117.0,117.0,116.0,116.5
2023/10/13,116.0,116.5,115.5,116.0
2023/10/16,116.0,116.5,116.0,116.5
2023/10/17,116.5,117.0,116.0,116.5
2023/10/18,116.5,116.5,116.0,116.0
2023/10/19,116.0,116.5,115.5,116.0
2023/10/20,115.5,116.0,115.5,115.5
2023/10/23,115.5,116.0,115.5,115.5
2023/10/24,115.5,116.0,115.5,115.5
2023/10/25,115.5,116.0,115.5,115.5
2023/10/26,115.5,116.0,115.0,115.0
2023/10/27,115.5,116.0,115.0,115.5
2023/10/30,116.0,116.0,115.5,115.5
2023/10/31,116.0,116.0,115.5,116.0
2023/11/01,116.0,117.5,115.5,117.0
2023/11/02,117.0,118.0,116.5,118.0
2023/11/03,118.0,118.5,117.0,117.5
2023/11/06,118.0,118.5,117.5,117.5
2023/11/07,117.5,118.0,117.5,118.0
2023/11/08,118.0,118.5,118.0,118.5
2023/11/09,118.5,118.5,117.5,117.5
2023/11/10,117.5,118.0,117.0,117.0
2023/11/13,117.5,118.0,116.5,116.5
2023/11/14,117.0,117.5,116.5,116.5
2023/11/15,117.0,118.0,117.0,118.0
2023/11/16,118.0,118.5,117.0,117.0
2023/11/17,117.5,118.0,117.0,117.0
2023/11/20,117.0,118.0,117.0,118.0
2023/11/21,117.5,118.5,117.5,118.0
2023/11/22,118.0,118.5,117.5,118.0
2023/11/23,118.0,118.5,118.0,118.5
2023/11/24,118.5,119.0,118.0,119.0
2023/11/27,119.0,120.5,119.0,120.0
2023/11/28,120.0,121.0,119.5,119.5
2023/11/29,119.5,121.0,119.5,120.0
2023/11/30,120.0,120.5,119.5,119.5
2023/12/01,119.0,120.5,119.0,120.0
2023/12/04,120.0,121.0,120.0,121.0
2023/12/05,121.0,121.5,120.0,121.5
2023/12/06,122.0,122.5,121.5,122.0
2023/12/07,122.0,122.0,121.0,121.0
2023/12/08,121.0,121.5,120.5,120.5
2023/12/11,120.5,120.5,119.5,120.0
2023/12/12,120.0,120.0,119.5,120.0
2023/12/13,120.0,120.5,119.5,119.5
2023/12/14,120.0,120.5,119.0,119.5
2023/12/15,119.5,120.0,118.0,118.5
2023/12/18,118.5,119.0,118.0,118.5
2023/12/19,118.0,118.5,118.0,118.5
2023/12/20,118.5,119.0,118.0,118.5
2023/12/21,118.5,118.5,117.5,118.0
2023/12/22,118.5,118.5,117.5,117.5
2023/12/25,118.0,118.5,117.5,118.0
2023/12/26,118.0,119.0,118.0,119.0
2023/12/27,118.5,119.5,118.5,119.5
2023/12/28,119.0,120.0,119.0,120.0
2023/12/29,120.0,120.5,119.5,120.0
2024/01/02,120.0,120.5,119.5,120.5
2024/01/03,120.0,120.5,119.0,120.0
2024/01/04,119.5,120.0,119.0,119.0
2024/01/05,119.5,119.5,119.0,119.5
2024/01/08,119.5,120.5,119.0,120.5
2024/01/09,120.5,120.5,120.0,120.0
2024/01/10,120.0,120.5,120.0,120.0
2024/01/11,120.0,120.5,120.0,120.5
2024/01/12,120.5,120.5,120.0,120.0
2024/01/15,120.0,121.0,120.0,120.5
2024/01/16,120.0,120.5,119.0,119.0
2024/01/17,119.0,119.5,118.5,118.5
2024/01/18,118.5,119.0,118.5,118.5
2024/01/19,118.5,120.0,118.5,119.0
2024/01/22,119.5,120.0,119.0,119.0
2024/01/23,119.5,120.0,119.0,119.5
2024/01/24,119.5,120.0,119.5,120.0
2024/01/25,120.0,120.5,119.5,120.0
2024/01/26,120.0,120.0,119.5,119.5
2024/01/29,119.5,120.5,119.5,120.0
2024/01/30,120.0,120.0,119.5,119.5
2024/01/31,119.0,119.5,119.0,119.0
2024/02/01,119.0,120.0,119.0,120.0
2024/02/02,120.0,120.5,119.5,120.5
2024/02/05,120.0,121.5,120.0,121.5
2024/02/15,121.5,122.0,121.0,121.0
2024/02/16,121.5,122.0,121.0,122.0
2024/02/19,121.5,122.5,121.5,122.0
2024/02/20,122.0,122.5,122.0,122.5
2024/02/21,122.5,123.0,122.5,122.5
2024/02/22,122.5,123.0,122.0,122.0
2024/02/23,122.0,122.5,122.0,122.0
2024/02/26,122.0,122.5,122.0,122.0
2024/02/27,122.0,122.5,120.5,121.0
2024/02/29,120.0,121.0,120.0,120.5
2024/03/01,120.5,121.5,120.5,121.0
2024/03/04,121.0,122.0,121.0,121.5
2024/03/05,121.5,122.0,121.0,121.0
2024/03/06,121.0,122.0,121.0,121.5
2024/03/07,121.0,121.5,121.0,121.0
2024/03/08,120.5,121.0,120.5,120.5
2024/03/11,120.5,121.5,120.5,121.5
2024/03/12,122.0,122.0,121.5,121.5
2024/03/13,121.0,121.5,121.0,121.0
2024/03/14,121.0,122.0,121.0,122.0
2024/03/15,122.0,122.5,121.5,122.5
2024/03/18,122.5,123.0,122.0,123.0
2024/03/19,122.5,123.5,122.0,123.0
2024/03/20,122.5,124.0,122.5,123.0
2024/03/21,123.0,124.0,122.5,123.5
2024/03/22,123.0,124.0,123.0,124.0
2024/03/25,123.5,124.5,123.5,124.5
2024/03/26,124.5,125.5,124.0,125.5
2024/03/27,125.5,127.0,125.5,127.0
2024/03/28,126.5,127.0,125.0,125.5
2024/03/29,125.5,127.0,125.0,126.0
2024/04/01,126.0,127.0,125.5,126.5
2024/04/02,126.5,127.0,126.0,126.5
2024/04/03,126.5,126.5,125.0,125.0
2024/04/08,125.0,126.5,125.0,126.5
2024/04/09,126.0,126.5,125.5,125.5
2024/04/10,125.5,126.0,125.5,126.0
2024/04/11,125.5,126.5,125.0,126.5
2024/04/12,125.5,126.5,125.5,125.5
2024/04/15,125.5,126.5,125.5,126.0
2024/04/16,125.5,126.0,124.0,124.5
2024/04/17,125.0,125.0,123.5,123.5
2024/04/18,123.5,124.5,123.0,124.0
2024/04/19,123.5,124.0,122.5,123.0
2024/04/22,123.5,125.5,123.0,125.5
2024/04/23,125.5,126.0,125.0,125.0
2024/04/24,125.5,126.0,124.0,124.5
2024/04/25,125.0,125.0,123.5,123.5
2024/04/26,123.5,124.5,123.5,123.5
2024/04/29,124.0,125.5,124.0,124.5
2024/04/30,124.5,125.0,124.0,124.0
2024/05/02,124.0,125.0,123.5,124.0
2024/05/03,124.0,125.0,124.0,124.0
2024/05/06,124.5,125.0,124.0,124.5
2024/05/07,124.5,125.5,124.5,125.5
2024/05/08,125.5,127.0,125.0,126.5
2024/05/09,126.0,126.5,125.5,126.0
2024/05/10,125.5,126.0,125.0,125.5
2024/05/13,125.5,126.5,125.0,126.5
2024/05/14,126.5,126.5,125.0,125.5
2024/05/15,125.5,126.0,125.0,125.5
2024/05/16,126.0,126.5,125.5,125.5
2024/05/17,125.5,126.5,125.5,126.0
2024/05/20,126.0,126.5,125.5,126.5
2024/05/21,126.0,126.5,125.5,126.5
2024/05/22,126.5,127.0,126.0,127.0
2024/05/23,126.5,128.0,126.0,127.0
2024/05/24,127.0,128.0,126.0,127.0
2024/05/27,127.0,128.0,125.0,125.0
2024/05/28,126.0,127.5,125.5,126.0
2024/05/29,126.0,127.0,125.0,125.0
2024/05/30,125.0,126.5,125.0,126.0
2024/05/31,125.5,128.0,125.5,128.0
2024/06/03,127.5,128.0,125.5,127.0
2024/06/04,126.0,128.0,126.0,127.0
2024/06/05,127.5,128.0,126.5,127.0
2024/06/06,127.0,128.0,126.5,127.5
2024/06/07,127.0,127.5,126.5,126.5
2024/06/11,126.0,127.0,126.0,126.5
2024/06/12,126.5,127.0,126.0,126.5
2024/06/13,126.5,127.0,126.5,126.5
2024/06/14,127.0,128.0,126.5,128.0
2024/06/17,127.5,128.0,127.0,127.5
2024/06/18,128.0,128.0,127.0,128.0
2024/06/19,128.0,128.0,127.0,127.5
2024/06/20,127.0,127.5,126.0,126.5
2024/06/21,127.0,127.0,125.5,125.5
2024/06/24,125.5,126.5,125.5,126.5
2024/06/25,126.5,127.0,125.5,126.0
2024/06/26,126.0,126.5,125.0,125.5
2024/06/27,125.0,126.0,125.0,126.0
2024/06/28,126.0,126.5,125.5,125.5
2024/07/01,126.0,127.0,126.0,126.5
2024/07/02,126.0,126.5,125.0,125.5
2024/07/03,125.5,126.0,125.0,125.5
2024/07/04,119.0,119.5,118.0,118.5
2024/07/05,119.0,120.0,119.0,120.0
2024/07/08,120.0,120.0,118.5,119.0
2024/07/09,119.0,119.5,118.5,119.0
2024/07/10,119.0,119.0,118.0,118.5
2024/07/11,118.5,119.0,118.0,118.5
2024/07/12,118.5,119.0,118.0,118.5
2024/07/15,119.0,120.0,118.5,119.5
2024/07/16,119.5,120.5,119.5,119.5
2024/07/17,120.0,120.5,119.5,119.5
2024/07/18,120.0,121.0,119.5,120.5
2024/07/19,120.0,121.0,119.5,121.0
2024/07/22,120.0,121.0,119.5,120.5
2024/07/23,120.5,122.5,120.5,121.5
2024/07/26,121.5,123.0,121.5,122.5
2024/07/29,122.5,123.0,121.0,121.5
2024/07/30,121.5,122.5,121.0,121.0
2024/07/31,121.5,122.0,121.0,121.5
2024/08/01,122.0,122.0,121.0,121.5
2024/08/02,121.0,123.0,121.0,123.0
2024/08/05,121.5,122.5,119.5,121.5
2024/08/06,121.5,122.0,120.5,122.0
2024/08/07,121.5,123.5,120.5,121.5
2024/08/08,121.0,122.0,121.0,121.5
2024/08/09,121.0,122.5,121.0,122.0
2024/08/12,122.0,122.5,121.5,121.5
2024/08/13,122.0,122.0,121.0,122.0
2024/08/14,122.0,122.5,121.5,122.5
2024/08/15,123.0,123.0,122.5,123.0
2024/08/16,123.5,124.0,123.5,124.0
2024/08/19,124.0,124.0,123.0,123.5
2024/08/20,124.0,124.0,123.0,123.5
2024/08/21,123.5,124.0,123.0,123.5
2024/08/22,123.5,124.0,123.0,124.0
2024/08/23,124.0,125.0,123.5,124.0
2024/08/26,124.5,125.0,123.5,124.0
2024/08/27,123.5,124.5,123.0,124.5
2024/08/28,124.5,124.5,123.5,124.0
2024/08/29,124.0,124.5,123.5,123.5
2024/08/30,124.0,124.5,123.5,124.0
2024/09/02,124.0,124.5,124.0,124.0
2024/09/03,124.5,125.0,124.0,124.0
2024/09/04,123.0,123.5,122.0,122.0
2024/09/05,123.5,124.0,123.0,123.0
2024/09/06,123.5,124.0,123.0,124.0
2024/09/09,123.0,124.0,123.0,123.5
2024/09/10,123.5,124.0,123.5,124.0
2024/09/11,124.0,124.5,123.5,123.5
2024/09/12,124.5,124.5,124.0,124.5
2024/09/13,124.5,124.5,124.0,124.5
2024/09/16,125.0,125.0,124.5,125.0
2024/09/18,125.0,125.0,124.5,125.0
2024/09/19,125.0,125.5,124.5,125.0
2024/09/20,125.5,126.0,125.0,126.0
2024/09/23,126.0,126.5,125.5,126.5
2024/09/24,127.0,127.0,126.0,126.5
2024/09/25,127.0,127.0,126.5,126.5
2024/09/26,127.0,127.0,126.5,127.0
2024/09/27,127.5,127.5,126.5,126.5
2024/09/30,126.5,127.0,125.5,125.5
2024/10/01,125.5,126.0,125.0,126.0
2024/10/04,124.0,125.0,124.0,124.5
2024/10/07,124.5,125.0,123.5,124.0
2024/10/08,123.5,124.0,122.5,122.5
2024/10/09,123.0,124.0,122.5,122.5
2024/10/11,122.5,123.5,122.5,122.5
2024/10/14,123.0,123.5,122.5,122.5
2024/10/15,123.0,124.0,122.5,123.5
2024/10/16,123.0,123.5,122.5,122.5
2024/10/17,122.5,123.5,122.0,122.5
2024/10/18,123.0,124.0,122.5,124.0
2024/10/21,124.0,124.0,122.5,122.5
2024/10/22,122.5,123.0,122.0,123.0
2024/10/23,123.0,123.0,122.0,122.0
2024/10/24,122.0,122.5,121.5,122.0
2024/10/25,122.5,122.5,121.5,122.0
2024/10/28,122.0,123.0,121.5,122.5
2024/10/29,122.5,122.5,121.5,122.5
2024/10/30,122.0,122.5,121.5,122.0
2024/11/01,122.0,122.5,121.5,122.0
2024/11/04,122.0,122.5,122.0,122.5
2024/11/05,122.5,123.0,122.0,123.0
2024/11/06,123.0,123.5,122.5,122.5
2024/11/07,122.5,123.0,122.0,123.0
2024/11/08,123.0,123.5,122.5,123.0
2024/11/11,123.0,123.5,122.5,123.0
2024/11/12,123.0,123.0,122.5,122.5
2024/11/13,122.5,123.5,122.0,123.5
2024/11/14,123.0,123.5,122.5,122.5
2024/11/15,123.0,123.5,122.5,122.5
2024/11/18,123.0,123.0,122.5,122.5
2024/11/19,123.0,123.5,122.5,123.5
2024/11/20,123.0,123.5,122.5,122.5
2024/11/21,122.5,123.5,122.5,123.0
2024/11/22,123.0,123.5,123.0,123.0
2024/11/25,124.0,124.5,123.5,123.5
2024/11/26,123.5,124.5,123.5,124.0
2024/11/27,123.5,124.5,123.5,123.5
2024/11/28,124.0,124.0,123.5,123.5
2024/11/29,123.0,124.0,123.0,123.0
2024/12/02,123.5,124.0,123.0,123.0
2024/12/03,123.5,124.0,123.5,123.5
2024/12/04,124.0,124.5,123.5,124.5
2024/12/05,124.5,124.5,124.0,124.0
2024/12/06,124.5,124.5,124.0,124.5
2024/12/09,124.0,125.0,124.0,124.5
2024/12/10,124.0,125.0,124.0,124.5
2024/12/11,124.5,124.5,123.5,123.5
2024/12/12,123.5,124.0,123.5,123.5
2024/12/13,123.5,124.0,123.0,123.5
2024/12/16,123.5,124.0,123.0,123.0
2024/12/17,123.5,124.5,123.5,123.5
2024/12/18,123.5,124.5,123.5,124.0
2024/12/19,123.5,124.0,123.5,123.5
2024/12/20,123.5,124.0,123.0,123.0
2024/12/23,123.5,124.5,123.0,124.5
2024/12/24,124.5,124.5,123.5,123.5
2024/12/25,124.0,124.5,123.5,124.0
2024/12/26,124.0,124.5,124.0,124.0
2024/12/27,124.0,124.5,124.0,124.5
2024/12/30,124.0,124.5,124.0,124.0
2024/12/31,124.0,124.5,123.0,123.5
2025/01/02,123.5,124.0,122.5,123.0
2025/01/03,123.0,123.5,122.5,122.5
2025/01/06,123.0,124.0,123.0,123.5
2025/01/07,124.0,124.0,123.0,123.0
2025/01/08,123.5,124.5,123.0,123.5
2025/01/09,123.5,124.0,123.0,123.0
2025/01/10,123.0,123.5,122.5,123.0
2025/01/13,122.5,123.0,122.5,123.0
2025/01/14,123.0,123.5,123.0,123.5
2025/01/15,123.5,123.5,123.0,123.5
2025/01/16,123.5,124.0,123.0,124.0
2025/01/17,123.5,124.0,123.5,124.0
2025/01/20,124.0,124.0,123.5,123.5
2025/01/21,123.5,124.0,123.0,123.5
2025/01/22,124.0,124.5,123.5,124.5
2025/02/03,124.5,125.5,124.0,125.5
2025/02/04,125.5,126.0,125.0,125.0
2025/02/05,126.0,126.0,125.0,126.0
2025/02/06,126.0,126.0,125.0,126.0
2025/02/07,125.5,126.0,125.0,126.0
2025/02/10,125.5,126.0,125.0,125.5
2025/02/11,125.5,126.0,125.5,125.5
2025/02/12,126.0,126.5,125.5,126.0
2025/02/13,126.0,126.5,125.5,125.5
2025/02/14,126.0,126.0,125.5,125.5
2025/02/17,126.0,126.0,125.5,126.0
2025/02/18,126.0,126.5,125.5,126.5
2025/02/19,126.5,127.0,126.0,126.5
2025/02/20,126.5,126.5,126.0,126.5
2025/02/21,126.5,127.0,126.0,127.0
2025/02/24,126.5,127.0,126.0,127.0
2025/02/25,126.5,127.0,126.5,126.5
2025/02/26,126.5,127.5,126.5,127.5
2025/02/27,128.0,128.0,127.0,128.0
2025/03/03,128.0,128.5,127.5,128.5
2025/03/04,128.5,128.5,127.0,127.0
2025/03/05,127.5,128.0,127.0,127.5
2025/03/06,128.0,128.0,127.5,128.0
2025/03/07,128.0,128.5,127.5,128.0
2025/03/10,128.0,128.5,127.5,128.0
2025/03/11,127.5,128.5,127.0,127.5
2025/03/12,127.5,128.5,127.5,128.0
2025/03/13,128.5,128.5,128.0,128.5
2025/03/14,128.5,129.0,127.0,128.5
2025/03/17,128.0,128.5,127.5,128.0
2025/03/18,128.5,129.5,128.5,129.0
2025/03/19,129.0,129.0,128.5,128.5
2025/03/20,129.0,129.5,128.5,129.0
2025/03/21,129.0,130.0,128.5,130.0
2025/03/24,130.0,130.0,129.0,129.0
2025/03/25,129.5,129.5,128.5,129.0
2025/03/26,129.5,129.5,128.5,129.0
2025/03/27,129.0,130.0,128.5,130.0
2025/03/28,129.5,130.0,129.0,130.0
2025/03/31,129.0,129.5,128.0,128.5
2025/04/01,129.0,130.0,129.0,130.0
2025/04/02,129.5,130.0,129.0,130.0
2025/04/07,123.0,127.0,122.0,124.0
2025/04/08,125.5,127.5,125.0,127.0
2025/04/09,126.0,129.0,125.0,126.0
2025/04/10,129.0,129.5,126.0,127.0
2025/04/11,127.5,129.0,127.0,128.5
2025/04/14,128.0,129.0,127.0,127.5
2025/04/15,128.0,129.0,127.5,129.0
2025/04/16,128.5,129.5,128.0,128.5
2025/04/17,129.0,129.0,128.0,128.0
2025/04/18,129.0,129.0,127.5,128.0
2025/04/21,128.0,128.5,127.0,127.0
2025/04/22,128.0,129.0,127.0,128.0
2025/04/23,128.5,129.0,127.0,127.5
2025/04/24,127.5,128.0,126.5,127.0
2025/04/25,127.0,127.5,126.5,126.5
2025/04/28,127.0,128.0,126.5,128.0
2025/04/29,128.0,129.0,127.5,129.0
2025/04/30,129.0,129.5,128.5,129.5
2025/05/02,129.5,129.5,128.0,128.5
2025/05/05,129.0,129.5,128.5,129.5
2025/05/06,129.5,130.5,129.5,130.0
2025/05/07,130.5,131.0,130.0,131.0
2025/05/08,131.0,131.0,129.5,129.5
2025/05/09,129.5,131.0,129.0,131.0
2025/05/12,131.0,131.0,130.0,131.0
2025/05/13,130.0,131.0,130.0,130.0
2025/05/14,130.5,130.5,129.0,129.5
2025/05/15,129.5,131.0,129.0,131.0
2025/05/16,131.0,131.5,130.5,131.0
2025/05/19,131.0,131.5,130.5,131.0
2025/05/20,131.5,132.0,131.5,131.5
2025/05/21,132.0,132.5,131.5,132.5
2025/05/22,132.0,133.0,132.0,133.0
2025/05/23,133.0,133.0,132.0,133.0
2025/05/26,133.0,133.0,132.0,133.0
2025/05/27,133.0,133.0,131.5,131.5
2025/05/28,131.5,132.5,131.0,132.0
2025/05/29,132.5,132.5,129.5,129.5
2025/06/02,130.0,131.5,129.5,131.5
2025/06/03,131.5,132.0,130.0,130.0
2025/06/04,130.5,130.5,129.5,129.5
2025/06/05,129.5,130.5,129.5,130.0
2025/06/06,130.5,131.0,130.0,130.0
2025/06/09,130.0,132.5,130.0,132.5
2025/06/10,132.0,133.0,131.5,133.0
2025/06/11,132.5,133.0,132.5,133.0
2025/06/12,133.0,134.0,132.5,134.0
2025/06/13,133.0,135.0,133.0,135.0
2025/06/16,135.0,137.0,134.5,136.0
2025/06/17,136.0,137.0,135.5,136.5
2025/06/18,136.0,137.0,135.5,137.0
2025/06/19,136.0,137.0,135.5,136.5
2025/06/20,136.0,137.0,136.0,136.5
2025/06/23,136.0,136.5,135.5,136.5
2025/06/24,136.5,137.0,135.5,135.5
2025/06/25,136.5,137.0,136.0,137.0
2025/06/26,136.5,137.0,135.5,137.0
2025/06/27,136.5,137.5,136.0,136.5
2025/06/30,136.5,136.5,135.0,135.0
2025/07/01,135.5,137.0,134.5,135.0
2025/07/02,135.0,136.0,134.5,134.5
2025/07/03,130.0,131.0,129.5,131.0
2025/07/04,131.0,132.5,130.0,130.5
2025/07/07,130.5,131.0,128.5,130.0
2025/07/08,130.5,130.5,128.5,129.0
2025/07/09,129.0,129.0,128.0,128.0
2025/07/10,128.5,130.0,128.5,130.0
2025/07/11,130.0,131.0,129.5,130.5
2025/07/14,130.5,131.0,130.0,130.5
2025/07/15,130.0,130.5,129.0,129.5
2025/07/16,129.5,130.5,129.0,130.5
2025/07/17,130.5,131.0,129.5,130.5
2025/07/18,130.5,131.0,129.0,129.0
2025/07/21,130.0,130.5,129.0,129.0
2025/07/22,129.5,130.5,129.0,130.5
2025/07/23,130.5,131.0,129.5,130.0
2025/07/24,129.5,130.0,129.0,129.5
2025/07/25,130.0,130.5,129.0,129.0
2025/07/28,129.5,129.5,128.5,129.5
2025/07/29,129.5,129.5,128.5,129.0
2025/07/30,130.0,130.0,129.0,129.5
2025/07/31,129.0,129.5,128.5,129.0
2025/08/01,129.0,130.5,129.0,129.5
2025/08/04,129.5,131.0,129.5,131.0
2025/08/05,131.0,132.0,130.5,132.0
2025/08/06,132.5,133.5,132.0,132.5
2025/08/07,132.5,133.5,132.0,132.5
2025/08/08,132.5,134.0,132.0,134.0
2025/08/11,133.5,135.0,133.5,134.5
2025/08/12,134.5,135.0,134.0,135.0
2025/08/13,134.5,135.0,134.0,134.5
2025/08/14,134.5,136.0,134.0,134.5
2025/08/15,135.5,136.0,134.5,135.0
2025/08/18,134.5,137.0,134.5,137.0
2025/08/19,136.5,138.0,136.0,138.0
2025/08/20,138.0,138.0,136.0,136.5
2025/08/21,137.0,138.0,136.5,137.5
2025/08/22,137.5,137.5,136.0,136.0
2025/08/25,136.0,136.5,135.0,135.5
2025/08/26,134.5,134.5,133.5,133.5
2025/08/27,133.5,134.5,133.0,134.0
2025/08/28,134.5,134.5,133.0,133.0
2025/08/29,133.5,134.0,132.5,132.5
2025/09/01,133.5,134.5,133.0,134.0
2025/09/02,134.0,135.0,134.0,135.0
2025/09/03,134.5,135.5,134.0,134.0
2025/09/04,135.0,135.0,134.0,135.0
2025/09/05,135.0,135.5,134.0,134.5
2025/09/08,134.5,135.0,134.0,134.5
2025/09/09,134.5,135.5,134.0,135.5
2025/09/10,135.0,136.0,134.5,135.5
2025/09/11,135.0,136.0,134.5,134.5
2025/09/12,135.5,136.0,134.5,135.5
2025/09/15,135.5,135.5,134.5,135.0
2025/09/16,134.5,135.0,134.0,134.0
2025/09/17,134.5,135.0,134.0,134.5
2025/09/18,134.5,135.0,133.5,134.0
2025/09/19,134.0,134.5,133.5,134.0
2025/09/22,134.5,134.5,133.5,133.5
2025/09/23,133.5,134.0,133.0,133.5
2025/09/24,134.0,134.5,133.5,134.5
2025/09/25,134.5,134.5,133.5,133.5
2025/09/26,133.5,135.0,133.0,134.5
2025/09/30,135.0,135.0,133.0,133.5
2025/10/01,134.0,134.5,133.5,134.5
2025/10/02,134.0,134.0,133.0,133.0
2025/10/03,133.5,134.0,132.5,133.0
2025/10/07,133.0,134.0,132.5,133.0
2025/10/08,134.0,134.0,133.0,133.5
2025/10/09,133.0,133.5,132.5,133.0
2025/10/13,133.0,133.0,131.5,132.5
2025/10/14,132.0,133.0,132.0,132.5
2025/10/15,132.0,132.5,131.5,131.5
2025/10/16,132.0,132.5,131.5,132.0
2025/10/17,133.0,133.0,132.5,133.0
2025/10/20,133.0,133.5,133.0,133.0
2025/10/21,133.5,133.5,133.0,133.0
2025/10/22,133.0,133.5,133.0,133.5
2025/10/23,133.0,134.0,133.0,134.0
2025/10/27,134.0,134.0,131.5,132.0
2025/10/28,132.5,133.0,131.5,132.0
2025/10/29,132.0,133.0,131.5,132.0
2025/10/30,132.5,132.5,130.5,131.5
2025/10/31,132.0,132.0,130.5,131.0
2025/11/03,132.0,133.0,131.0,131.5
2025/11/04,131.5,132.5,130.5,131.0
2025/11/05,131.5,132.0,130.0,132.0
2025/11/06,132.0,132.5,131.5,131.5
2025/11/07,131.0,133.0,130.5,132.5
2025/11/10,132.5,133.0,132.0,133.0
2025/11/11,133.0,133.0,132.0,132.0
2025/11/12,132.5,133.0,132.0,132.0
2025/11/13,132.5,133.0,131.5,131.5
2025/11/14,132.0,132.5,131.5,131.5
2025/11/17,131.5,133.0,131.5,132.0
2025/11/18,131.5,132.0,131.0,131.0
2025/11/19,131.5,132.0,130.5,130.5
2025/11/20,131.5,132.0,131.0,132.0
2025/11/21,132.0,132.5,131.0,131.5
2025/11/24,132.0,133.0,131.5,132.0
2025/11/25,131.5,132.0,130.5,131.0
2025/11/26,131.0,131.5,130.5,131.0
2025/11/27,130.5,131.0,130.5,131.0
2025/11/28,130.5,131.0,130.5,130.5
2025/12/01,131.0,131.0,130.0,130.0
2025/12/02,130.0,130.5,130.0,130.0
2025/12/03,130.5,130.5,130.0,130.0
2025/12/04,130.0,130.5,129.5,129.5
2025/12/05,130.0,131.0,129.5,130.0
2025/12/08,130.0,130.5,129.5,129.5
2025/12/09,130.0,130.0,129.5,130.0
2025/12/10,130.0,130.0,129.5,129.5
2025/12/11,130.0,130.5,129.5,130.0
2025/12/12,130.5,130.5,130.0,130.5
2025/12/15,130.0,131.0,130.0,130.5
2025/12/16,130.0,130.5,129.5,130.5
2025/12/17,130.5,130.5,129.5,129.5
2025/12/18,129.5,130.5,129.5,130.0
2025/12/19,130.0,131.0,129.5,131.0
2025/12/22,130.5,131.0,130.0,130.5
2025/12/23,130.5,131.0,130.0,130.5
2025/12/24,130.5,131.0,130.5,130.5
2025/12/26,130.5,131.5,130.5,131.5
2025/12/29,131.0,132.0,131.0,132.0
2025/12/30,132.0,132.0,131.0,131.0
2025/12/31,131.5,132.0,130.5,130.5
2026/01/02,131.5,132.0,131.0,132.0
2026/01/05,131.5,133.0,131.5,133.0
2026/01/06,133.0,133.5,132.5,132.5
2026/01/07,132.0,133.5,132.0,133.0
2026/01/08,133.0,134.0,133.0,133.5
2026/01/09,133.0,134.0,132.5,133.5
2026/01/12,133.0,134.0,132.5,133.5
2026/01/13,133.5,134.0,133.5,133.5
2026/01/14,133.5,134.0,133.0,133.0
2026/01/15,133.5,134.0,133.0,133.5
2026/01/16,133.5,134.0,133.0,133.0
2026/01/19,133.5,134.0,133.0,134.0
2026/01/20,133.5,134.0,133.0,133.0
2026/01/21,133.5,133.5,132.5,133.0
2026/01/22,133.0,133.5,133.0,133.0
2026/01/23,133.5,134.0,133.5,134.0
2026/01/26,134.0,134.0,133.5,134.0
2026/01/27,134.0,134.5,133.0,133.0
2026/01/28,133.5,134.0,133.0,133.5
2026/01/29,133.5,134.5,133.5,133.5
2026/01/30,133.5,134.5,133.0,133.5
2026/02/02,134.0,134.0,133.0,133.0
2026/02/03,133.5,134.0,133.0,133.5
2026/02/04,133.5,134.0,133.0,133.0
2026/02/05,133.0,133.5,132.5,132.5
2026/02/06,132.5,133.0,132.0,133.0
2026/02/09,133.0,133.5,132.0,132.0
2026/02/10,132.0,133.0,132.0,132.5
2026/02/11,133.5,133.5,132.5,133.0
2026/02/23,134.0,135.0,133.5,135.0
2026/02/24,134.5,135.5,134.5,135.5
2026/02/25,135.0,136.0,135.0,136.0
2026/02/26,136.0,136.0,134.0,134.0
2026/03/02,135.0,138.0,134.5,138.0
2026/03/03,137.5,138.0,137.0,138.0
2026/03/04,137.0,137.5,135.0,135.5
2026/03/05,136.5,137.0,135.0,137.0
2026/03/06,136.5,137.0,135.5,136.5
2026/03/09,134.5,136.5,134.5,136.0
2026/03/10,137.0,137.0,134.5,135.0
2026/03/11,136.0,137.0,135.0,135.5
2026/03/12,135.0,136.5,135.0,136.0
2026/03/13,136.0,136.5,135.5,136.0
2026/03/16,136.5,137.5,136.0,136.5
2026/03/17,137.0,137.5,136.0,137.0
2026/03/18,137.5,137.5,136.5,137.5
2026/03/19,137.0,137.0,135.0,135.5
2026/03/20,136.0,136.5,134.0,134.0
2026/03/23,133.0,135.0,133.0,134.0
2026/03/24,134.0,135.0,134.0,134.0
2026/03/25,135.5,136.0,134.0,135.0
2026/03/26,135.5,135.5,134.0,134.5
2026/03/27,134.5,135.0,134.0,134.0
2026/03/30,133.5,134.5,133.0,134.0
2026/03/31,133.5,134.0,133.0,133.0
2026/04/01,134.0,134.5,133.0,134.0
2026/04/02,134.5,134.5,133.5,134.0
2026/04/07,134.0,134.0,133.0,134.0
2026/04/08,134.5,135.0,133.5,134.0
2026/04/09,134.0,135.0,133.0,135.0
2026/04/10,135.0,135.5,134.5,135.5
2026/04/13,135.0,135.0,134.0,134.5
2026/04/14,135.0,135.0,134.0,135.0
2026/04/15,135.0,135.5,134.0,135.5
2026/04/16,136.0,136.0,135.0,136.0
2026/04/20,137.5,138.0,137.0,137.0
2026/04/21,137.5,138.0,136.5,137.0
2026/04/22,137.5,137.5,135.5,136.5
2026/04/23,136.0,136.5,135.5,136.0
2026/04/24,136.0,136.0,135.0,135.5
2026/04/27,135.0,138.0,135.0,137.0
2026/04/28,137.5,138.0,136.5,137.0
2026/04/29,137.5,137.5,135.5,136.5
2026/04/30,136.0,137.0,135.5,136.0
2026/05/04,137.0,137.5,135.5,135.5
2026/05/05,135.5,136.0,135.0,136.0
2026/05/06,137.0,137.0,135.5,136.0
2026/05/07,135.5,136.5,135.5,135.5
2026/05/08,136.0,136.5,135.5,136.5
2026/05/11,136.5,136.5,135.5,135.5
2026/05/12,135.5,136.5,135.5,135.5
2026/05/13,136.5,137.5,135.5,137.5
2026/05/14,136.5,138.0,136.5,137.5
2026/05/15,137.5,138.0,137.0,138.0
2026/05/18,138.0,138.0,137.0,137.0
2026/05/19,137.0,144.0,137.0,142.5
2026/05/20,142.5,143.5,139.0,139.0
2026/05/21,139.0,140.0,137.5,137.5
2026/05/22,137.5,138.0,137.0,137.0
2026/05/25,137.5,137.5,136.0,136.5
2026/05/26,136.5,138.0,136.0,136.0
2026/05/27,137.0,138.0,136.0,137.0
2026/05/28,137.0,138.0,136.5,136.5
2026/05/29,137.5,138.5,136.5,137.0
2026/06/01,137.0,142.0,137.0,140.5
2026/06/02,140.0,142.5,140.0,142.0
2026/06/03,142.0,143.0,141.0,141.0
2026/06/04,141.0,143.0,140.5,141.5
2026/06/05,141.0,142.0,140.0,141.0
2026/06/08,139.5,140.5,138.0,138.5
2026/06/09,138.0,142.5,138.0,141.5
2026/06/10,141.5,144.0,141.5,144.0
2026/06/11,144.0,145.0,143.5,145.0
2026/06/12,145.0,145.5,143.5,145.0
2026/06/15,146.0,146.0,144.0,145.5
2026/06/16,146.0,147.0,145.0,146.5
2026/06/17,145.5,146.5,144.5,145.5
2026/06/18,145.0,145.5,144.0,144.0
2026/06/22,144.0,146.0,143.5,144.5
2026/06/23,145.0,145.5,144.0,144.0
2026/06/24,143.5,145.0,143.0,143.5
2026/06/25,144.0,145.5,143.5,144.5
