Date,Open,High,Low,Close
2005/06/30,59.8,59.9,58.4,59.6
2005/07/04,59.9,60.5,59.6,59.7
2005/07/05,60.4,61.9,60.2,61.0
2005/07/06,61.9,63.7,61.7,61.8
2005/07/07,62.9,64.4,62.6,63.5
2005/07/11,65.0,65.0,63.7,63.7
2005/07/12,63.9,64.7,63.6,63.6
2005/07/13,64.5,68.0,64.2,67.9
2005/07/14,68.7,69.8,67.6,67.9
2005/07/18,68.5,70.2,68.5,69.6
2005/07/19,70.2,71.5,69.6,69.6
2005/07/20,70.4,71.8,70.0,70.2
2005/07/21,70.4,70.8,67.6,67.6
2005/07/25,71.1,71.9,69.3,69.4
2005/07/26,69.4,70.6,67.1,68.0
2005/07/27,68.3,69.1,66.4,66.9
2005/07/28,67.4,68.3,65.6,65.6
2005/08/01,66.4,67.2,65.6,65.7
2005/08/02,67.2,67.9,66.5,67.0
2005/08/03,67.3,70.0,67.0,69.2
2005/08/08,69.4,70.1,68.0,68.3
2005/08/09,68.7,69.8,68.3,68.4
2005/08/10,69.4,70.8,68.7,70.6
2005/08/11,71.9,72.9,70.0,70.1
2005/08/15,66.7,67.1,65.7,66.7
2005/08/16,66.4,68.4,66.4,68.0
2005/08/17,68.1,68.3,66.7,66.7
2005/08/18,66.7,67.3,66.3,66.4
2005/08/22,66.7,66.7,64.0,64.5
2005/08/23,63.7,64.0,60.0,60.3
2005/08/24,59.0,61.3,58.5,60.8
2005/08/25,61.6,62.8,61.0,61.8
2005/08/29,62.3,62.3,60.1,60.6
2005/08/30,61.0,61.0,57.9,59.2
2005/09/01,60.3,60.3,57.2,58.3
2005/09/05,58.7,58.7,57.6,57.6
2005/09/06,57.6,58.9,57.6,58.6
2005/09/07,58.9,58.9,57.9,57.9
2005/09/08,58.3,59.6,58.1,59.0
2005/09/12,59.8,60.5,59.1,60.0
2005/09/13,59.6,59.7,59.1,59.3
2005/09/14,59.4,60.3,59.1,59.8
2005/09/15,59.8,59.8,55.6,56.2
2005/09/19,50.9,52.6,50.1,52.4
2005/09/20,52.2,52.7,50.9,50.9
2005/09/21,50.9,52.9,50.9,52.3
2005/09/22,52.5,52.8,51.0,51.5
2005/09/26,51.2,52.3,51.2,51.7
2005/09/27,51.9,54.0,51.9,54.0
2005/09/28,55.2,57.7,55.2,57.7
2005/09/29,59.0,59.0,56.8,57.3
2005/10/03,58.1,58.4,56.1,56.4
2005/10/04,56.3,56.9,55.2,55.8
2005/10/05,55.7,56.6,55.3,55.9
2005/10/06,56.7,57.1,56.0,56.0
2005/10/10,57.0,57.3,56.2,56.2
2005/10/11,56.8,57.0,55.2,56.0
2005/10/12,56.0,56.0,55.2,55.2
2005/10/13,55.7,55.9,55.2,55.6
2005/10/17,54.3,55.3,53.5,55.2
2005/10/18,55.0,55.0,52.6,52.7
2005/10/19,53.9,54.6,52.3,53.5
2005/10/20,52.7,54.4,52.7,52.8
2005/10/24,54.0,54.1,52.2,52.3
2005/10/25,52.3,52.3,50.3,50.5
2005/10/26,50.1,50.1,47.1,47.1
2005/10/27,46.2,47.5,45.7,47.0
2005/10/31,49.2,49.2,47.3,47.9
2005/11/01,47.9,50.0,47.9,48.9
2005/11/02,49.6,49.7,48.8,48.8
2005/11/03,49.2,49.6,47.9,48.4
2005/11/07,47.5,47.5,46.8,47.1
2005/11/08,47.3,48.8,47.1,48.8
2005/11/09,49.1,50.7,48.5,50.0
2005/11/10,51.1,51.1,50.3,50.4
2005/11/14,50.5,50.5,49.6,49.6
2005/11/15,49.6,50.7,49.6,50.2
2005/11/16,50.5,50.6,49.9,50.3
2005/11/17,50.7,52.1,50.5,51.1
2005/11/21,51.3,51.6,50.6,50.6
2005/11/22,50.6,51.3,50.1,50.7
2005/11/23,50.9,51.8,50.9,51.2
2005/11/24,51.0,51.7,50.9,51.2
2005/11/28,51.6,51.8,51.3,51.3
2005/11/29,51.5,51.6,50.9,51.0
2005/11/30,51.2,51.3,50.9,50.9
2005/12/01,51.8,52.5,51.0,51.0
2005/12/05,51.8,52.7,51.8,52.2
2005/12/06,53.1,54.4,52.8,53.9
2005/12/07,54.1,54.8,53.2,53.3
2005/12/08,53.7,54.3,53.3,53.3
2005/12/12,54.1,56.4,53.8,55.4
2005/12/13,56.3,57.4,55.8,56.0
2005/12/14,56.5,57.1,56.2,57.0
2005/12/15,57.2,59.0,56.8,56.9
2005/12/19,56.4,57.2,56.3,56.4
2005/12/20,57.1,57.2,56.4,56.5
2005/12/21,56.9,57.9,56.7,56.8
2005/12/22,57.4,57.4,56.6,56.8
2005/12/26,57.5,57.7,56.1,56.2
2005/12/27,56.2,56.2,55.2,55.4
2005/12/28,55.8,56.0,54.5,54.5
2005/12/29,54.5,55.9,54.5,54.6
2006/01/02,55.2,57.0,54.4,56.6
2006/01/03,57.6,58.3,57.1,57.7
2006/01/04,59.0,61.7,58.4,59.9
2006/01/05,61.5,61.5,58.4,58.5
2006/01/09,59.4,59.8,58.1,58.6
2006/01/10,59.4,60.3,58.5,58.9
2006/01/11,59.6,60.2,58.2,58.2
2006/01/13,58.9,58.9,57.8,57.9
2006/01/16,58.1,58.7,57.8,58.1
2006/01/17,58.9,60.4,58.4,59.3
2006/01/18,58.5,59.0,55.8,56.3
2006/01/19,56.0,56.0,52.4,53.6
2006/01/20,53.1,53.9,53.0,53.5
2006/01/23,52.6,52.6,51.8,52.1
2006/01/24,52.6,53.4,52.4,53.0
2006/01/25,53.0,53.3,52.7,52.7
2006/02/02,53.5,53.5,53.5,53.5
2006/02/03,53.3,53.4,50.9,51.4
2006/02/06,52.1,52.9,51.8,52.9
2006/02/07,53.0,56.6,53.0,56.6
2006/02/08,56.9,57.6,54.6,54.9
2006/02/09,56.0,56.2,55.1,55.2
2006/02/10,55.2,55.6,53.6,53.8
2006/02/13,53.6,54.3,53.5,54.0
2006/02/14,53.5,54.7,53.5,54.6
2006/02/15,54.8,54.8,53.0,53.3
2006/02/16,53.3,54.1,53.3,53.5
2006/02/17,53.5,54.3,53.1,53.1
2006/02/20,53.0,53.9,52.7,53.0
2006/02/21,53.5,53.8,52.6,52.7
2006/02/22,52.7,52.7,51.8,51.8
2006/02/23,51.8,51.9,51.0,51.2
2006/02/24,51.8,51.8,51.0,51.3
2006/02/27,51.3,51.3,50.7,51.1
2006/03/01,50.6,52.5,50.6,52.0
2006/03/02,52.6,53.0,52.0,52.0
2006/03/03,52.0,52.1,51.0,51.1
2006/03/06,51.0,51.2,50.1,50.3
2006/03/07,50.1,50.1,50.1,50.1
2006/03/08,50.1,50.7,50.1,50.5
2006/03/10,50.2,50.8,50.1,50.2
2006/03/13,50.2,50.7,50.2,50.4
2006/03/14,50.4,50.7,50.1,50.1
2006/03/15,50.1,50.4,48.4,49.2
2006/03/16,49.2,49.2,46.8,47.3
2006/03/17,47.3,47.3,46.1,46.7
2006/03/20,47.3,47.9,47.1,47.3
2006/03/21,47.3,47.9,47.3,47.5
2006/03/22,47.5,47.9,47.3,47.5
2006/03/23,47.5,47.9,44.2,44.5
2006/03/24,44.5,44.5,42.1,42.8
2006/03/27,42.8,42.9,41.9,42.4
2006/03/28,42.7,44.8,42.4,44.8
2006/03/29,44.7,44.9,44.1,44.5
2006/03/30,44.9,45.8,44.9,45.4
2006/03/31,45.4,46.2,45.4,45.7
2006/04/03,45.7,46.2,45.6,45.7
2006/04/04,46.2,48.9,46.2,48.9
2006/04/06,51.3,51.3,49.7,50.2
2006/04/07,50.2,50.2,47.6,48.4
2006/04/10,47.1,48.0,46.5,46.5
2006/04/11,46.5,47.7,46.5,47.7
2006/04/12,47.6,48.1,47.3,47.7
2006/04/13,48.4,49.6,48.0,49.6
2006/04/14,50.1,51.2,49.6,49.7
2006/04/17,50.7,51.2,49.7,49.9
2006/04/18,49.9,50.3,48.4,50.1
2006/04/19,51.2,51.3,50.5,50.5
2006/04/20,51.0,51.1,50.1,50.2
2006/04/21,50.8,50.9,49.1,49.2
2006/04/24,49.2,50.6,48.8,50.1
2006/04/25,50.5,51.6,50.1,50.9
2006/04/26,51.3,51.5,50.5,50.7
2006/04/27,50.9,51.2,49.2,49.4
2006/04/28,49.9,50.2,49.6,49.8
2006/05/02,49.8,50.5,49.6,49.6
2006/05/03,50.1,51.8,50.1,51.8
2006/05/04,52.2,53.5,52.2,52.8
2006/05/05,53.5,54.5,52.6,52.8
2006/05/08,54.1,54.4,53.1,53.1
2006/05/09,53.5,54.3,53.0,53.1
2006/05/10,53.9,53.9,51.9,52.8
2006/05/11,53.0,53.5,52.8,53.1
2006/05/12,53.1,53.7,52.9,53.0
2006/05/15,52.8,53.0,52.2,52.2
2006/05/16,52.6,53.0,52.3,52.3
2006/05/17,53.0,53.2,52.3,52.3
2006/05/18,52.0,53.0,52.0,52.3
2006/05/19,52.6,52.9,52.3,52.5
2006/05/22,53.4,53.6,52.0,52.0
2006/05/23,52.0,52.0,50.9,51.2
2006/05/24,51.8,51.8,49.6,50.5
2006/05/25,50.5,50.5,49.3,49.6
2006/05/26,50.1,50.5,49.6,50.0
2006/05/29,50.7,50.7,50.0,50.5
2006/05/30,50.9,52.9,50.9,52.2
2006/06/01,52.6,53.5,52.3,53.0
2006/06/02,53.5,53.9,52.9,53.0
2006/06/05,53.5,53.5,50.1,50.1
2006/06/06,49.6,52.6,49.6,52.6
2006/06/07,52.3,53.9,51.2,52.9
2006/06/08,52.9,53.2,50.4,50.4
2006/06/09,51.8,52.5,50.6,52.2
2006/06/12,51.8,52.5,51.3,52.4
2006/06/13,51.5,54.1,51.4,53.5
2006/06/14,53.9,54.0,52.0,52.9
2006/06/15,52.9,53.5,51.8,52.2
2006/06/16,52.9,53.8,52.2,52.4
2006/06/19,52.4,52.4,51.0,51.4
2006/06/20,50.9,51.2,47.9,48.0
2006/06/21,48.0,48.4,47.2,47.3
2006/06/22,48.2,49.1,47.9,49.0
2006/06/23,49.2,49.9,48.8,49.6
2006/06/26,49.5,50.1,49.0,50.0
2006/06/27,50.5,51.9,49.9,50.2
2006/06/28,50.2,50.2,49.6,50.1
2006/06/29,51.1,51.8,50.7,51.8
2006/06/30,52.8,53.3,51.8,53.0
2006/07/03,53.3,53.6,52.6,52.9
2006/07/04,53.1,53.5,52.1,52.4
2006/07/05,52.2,52.9,51.7,51.8
2006/07/06,51.8,52.5,51.8,52.4
2006/07/07,52.5,53.7,52.4,52.9
2006/07/10,52.4,53.7,52.4,53.5
2006/07/11,54.1,57.2,54.1,57.2
2006/07/12,58.1,59.0,56.5,57.2
2006/07/13,57.2,58.0,56.9,57.4
2006/07/14,56.2,57.2,55.0,55.2
2006/07/17,55.6,56.0,51.8,53.1
2006/07/18,53.1,56.8,52.7,56.8
2006/07/19,58.1,59.8,57.1,57.5
2006/07/20,60.2,61.5,59.2,61.5
2006/07/21,61.1,62.8,60.7,62.8
2006/07/24,61.9,63.0,61.2,62.7
2006/07/25,64.5,66.0,63.2,63.6
2006/07/26,63.6,65.9,62.9,65.3
2006/07/27,65.2,65.7,63.3,64.9
2006/07/28,64.8,66.4,64.5,64.7
2006/07/31,64.8,65.1,61.7,61.9
2006/08/01,62.4,64.1,61.9,62.6
2006/08/02,62.1,63.4,61.6,63.3
2006/08/03,64.1,66.2,63.6,65.3
2006/08/04,65.8,65.8,63.5,64.1
2006/08/07,63.6,65.1,63.5,64.9
2006/08/08,64.9,65.4,64.1,65.2
2006/08/09,65.3,67.5,65.3,66.3
2006/08/10,66.9,68.0,66.6,66.9
2006/08/11,67.0,67.6,66.1,66.2
2006/08/14,66.7,67.7,66.2,66.9
2006/08/15,66.9,68.6,66.7,67.5
2006/08/16,67.4,67.4,64.5,65.3
2006/08/17,65.8,66.2,64.8,65.3
2006/08/18,65.3,66.4,65.1,65.6
2006/08/21,65.3,65.7,62.6,63.0
2006/08/22,63.0,64.5,63.0,64.5
2006/08/23,64.4,65.0,63.5,64.3
2006/08/24,64.3,68.1,64.2,67.8
2006/08/25,69.2,69.4,66.9,66.9
2006/08/28,66.9,67.9,65.2,67.9
2006/08/29,68.4,68.4,67.2,67.6
2006/08/30,68.7,70.5,68.6,68.9
2006/08/31,70.2,70.3,68.8,68.9
2006/09/01,69.4,73.6,69.2,73.6
2006/09/04,74.8,78.7,74.7,78.7
2006/09/05,79.8,80.0,76.4,78.3
2006/09/06,77.6,78.7,76.4,77.6
2006/09/07,76.4,79.8,76.4,79.8
2006/09/08,79.4,79.4,78.4,78.5
2006/09/11,78.5,83.2,78.5,80.8
2006/09/12,81.7,81.7,78.3,79.8
2006/09/13,80.6,80.6,76.6,78.4
2006/09/14,76.6,78.1,74.9,76.2
2006/09/15,76.2,78.1,75.1,77.5
2006/09/18,80.0,82.8,78.8,82.8
2006/09/19,83.3,84.3,81.3,81.6
2006/09/20,80.7,81.3,77.9,78.7
2006/09/21,78.7,79.3,78.0,78.4
2006/09/22,79.2,81.4,78.5,80.9
2006/09/25,81.4,81.4,78.5,79.5
2006/09/26,80.2,80.3,77.9,77.9
2006/09/27,78.8,79.1,77.1,78.4
2006/09/28,78.4,78.8,73.0,76.1
2006/09/29,74.8,77.5,74.8,76.2
2006/10/02,76.2,76.9,74.8,76.2
2006/10/03,76.6,77.3,75.9,75.9
2006/10/04,76.4,78.8,76.2,76.4
2006/10/05,78.7,79.5,77.5,79.3
2006/10/10,79.3,79.3,79.3,79.3
2006/10/11,79.3,79.6,76.5,77.0
2006/10/12,77.0,78.4,76.8,77.0
2006/10/13,77.9,82.1,77.7,80.9
2006/10/16,78.8,79.0,77.8,78.1
2006/10/17,78.4,79.5,77.1,77.1
2006/10/18,76.6,76.6,71.8,72.4
2006/10/19,71.8,73.0,71.8,72.4
2006/10/20,72.4,73.8,72.4,72.7
2006/10/23,72.7,73.0,72.2,73.0
2006/10/24,73.4,73.8,72.2,72.3
2006/10/25,72.3,73.0,72.2,72.4
2006/10/26,72.6,73.0,70.0,71.3
2006/10/27,71.8,72.7,69.5,69.5
2006/10/30,68.1,68.5,67.1,67.4
2006/10/31,68.5,69.4,68.0,68.1
2006/11/01,68.2,71.2,68.2,71.2
2006/11/02,70.3,70.8,69.8,70.4
2006/11/03,70.4,71.0,70.4,70.4
2006/11/06,68.2,70.8,68.2,69.9
2006/11/07,70.6,71.7,69.9,70.2
2006/11/08,70.4,73.7,70.4,72.5
2006/11/09,73.5,73.6,70.8,70.8
2006/11/10,70.8,72.0,70.7,71.3
2006/11/13,72.2,73.3,71.7,71.7
2006/11/14,73.0,76.7,72.3,76.7
2006/11/15,77.1,80.1,75.7,75.7
2006/11/16,75.7,77.2,75.7,75.9
2006/11/17,76.6,79.6,75.4,77.3
2006/11/20,79.3,79.3,77.5,77.7
2006/11/21,78.7,79.7,77.6,78.4
2006/11/22,78.8,80.2,77.1,77.8
2006/11/23,78.4,78.7,75.9,76.2
2006/11/24,76.8,76.9,75.7,76.1
2006/11/27,76.9,77.1,75.9,75.9
2006/11/28,75.7,76.6,75.0,75.3
2006/11/29,76.2,76.6,74.4,74.7
2006/11/30,75.3,75.6,74.1,74.1
2006/12/01,74.9,76.5,74.5,75.3
2006/12/04,76.2,76.6,75.4,75.7
2006/12/05,76.0,76.4,74.5,74.6
2006/12/06,74.7,76.7,74.7,76.7
2006/12/07,76.7,76.9,75.3,75.3
2006/12/08,75.3,76.3,74.9,75.3
2006/12/11,76.2,79.5,75.3,77.1
2006/12/12,77.6,78.4,75.5,75.9
2006/12/13,76.6,76.6,74.0,75.4
2006/12/14,75.6,79.1,75.0,78.0
2006/12/15,79.3,80.6,77.4,77.8
2006/12/18,78.2,78.7,77.1,77.1
2006/12/19,77.5,79.5,77.3,78.9
2006/12/20,80.1,81.3,78.5,78.7
2006/12/21,78.7,79.8,77.1,77.9
2006/12/22,76.6,77.4,73.0,75.7
2006/12/25,75.8,76.6,74.9,75.4
2006/12/26,76.5,77.1,75.9,76.8
2006/12/27,77.4,77.9,77.1,77.4
2006/12/28,78.4,78.4,76.3,76.6
2006/12/29,76.6,77.5,76.1,76.6
2007/01/01,76.6,76.6,76.6,76.6
2007/01/02,77.4,77.4,76.0,76.1
2007/01/03,76.1,77.1,75.1,76.5
2007/01/04,76.6,78.6,76.6,77.1
2007/01/05,78.1,78.1,76.4,76.4
2007/01/08,76.1,76.1,74.8,75.7
2007/01/09,75.7,76.3,75.4,75.7
2007/01/10,75.7,76.9,75.3,75.7
2007/01/11,75.7,76.5,75.2,75.7
2007/01/12,76.4,76.5,75.7,76.0
2007/01/15,76.5,77.9,75.8,77.9
2007/01/16,78.0,78.2,77.1,77.5
2007/01/17,77.5,77.5,75.8,77.5
2007/01/18,77.5,81.5,76.8,81.5
2007/01/19,82.3,82.8,81.1,81.8
2007/01/22,82.3,82.5,80.5,81.1
2007/01/23,81.0,83.3,80.8,81.4
2007/01/24,82.9,83.8,82.0,82.2
2007/01/25,83.1,83.4,82.0,82.0
2007/01/26,81.7,83.3,81.7,82.3
2007/01/29,82.0,82.0,78.6,78.6
2007/01/30,78.8,79.6,77.9,78.6
2007/01/31,78.6,78.9,76.6,78.0
2007/02/01,78.1,78.6,76.6,77.5
2007/02/02,77.9,78.1,77.1,77.1
2007/02/05,77.1,77.6,76.8,77.1
2007/02/06,77.1,78.7,77.1,78.3
2007/02/07,78.5,78.8,77.5,77.5
2007/02/08,78.0,78.5,77.8,77.9
2007/02/09,78.3,78.4,77.1,77.1
2007/02/12,76.8,77.8,76.6,76.7
2007/02/13,76.6,77.5,76.6,76.8
2007/02/14,76.9,78.0,76.9,77.5
2007/02/26,79.3,80.9,78.4,80.2
2007/02/27,80.6,81.6,79.5,81.1
2007/03/01,79.4,82.2,79.4,81.8
2007/03/02,82.0,87.5,82.0,87.5
2007/03/05,88.7,90.0,82.9,85.6
2007/03/06,87.3,91.3,86.9,91.3
2007/03/07,93.5,97.5,92.2,93.5
2007/03/08,95.3,96.2,93.1,94.4
2007/03/09,95.8,99.3,95.8,96.2
2007/03/12,97.1,98.0,94.9,96.2
2007/03/13,96.7,98.4,94.0,94.4
2007/03/14,91.3,96.2,91.3,94.0
2007/03/15,95.8,100.2,95.3,100.2
2007/03/16,102.0,106.0,100.7,104.2
2007/03/20,104.2,106.9,102.9,106.0
2007/03/21,106.9,108.2,103.3,103.3
2007/03/22,105.6,105.6,101.5,102.0
2007/03/23,102.0,109.1,102.0,109.1
2007/03/26,111.3,111.3,106.0,110.5
2007/03/27,110.5,111.3,107.8,107.8
2007/03/28,109.6,114.5,108.7,109.1
2007/03/29,109.1,115.8,108.2,111.8
2007/03/30,112.2,113.1,110.9,111.3
2007/04/02,112.7,116.7,111.3,112.2
2007/04/03,112.2,113.1,108.7,110.9
2007/04/04,112.2,113.1,110.0,112.7
2007/04/09,115.4,115.8,109.6,110.5
2007/04/10,111.3,111.3,103.3,106.9
2007/04/11,107.8,110.5,106.9,106.9
2007/04/12,106.9,108.7,104.2,106.0
2007/04/13,106.4,106.9,104.7,104.7
2007/04/16,102.4,102.9,95.8,98.0
2007/04/17,98.0,101.1,97.1,101.1
2007/04/18,101.1,106.9,100.7,106.0
2007/04/19,106.0,106.9,104.7,105.1
2007/04/20,105.1,106.4,104.2,105.1
2007/04/23,106.9,106.9,104.2,104.7
2007/04/24,105.1,106.4,104.2,106.0
2007/04/25,105.6,107.8,103.3,107.8
2007/04/26,108.7,109.1,100.7,101.1
2007/04/27,100.7,100.7,96.7,98.0
2007/04/30,98.0,99.8,97.5,99.8
2007/05/02,99.8,100.7,99.3,99.3
2007/05/03,99.8,100.2,98.0,98.9
2007/05/04,99.3,105.6,99.3,103.3
2007/05/07,104.7,105.1,102.0,103.3
2007/05/08,101.1,102.9,101.1,102.4
2007/05/09,102.0,102.9,99.8,99.8
2007/05/10,101.5,104.2,98.0,103.8
2007/05/11,101.5,104.7,101.5,103.8
2007/05/14,104.2,105.6,102.4,103.3
2007/05/15,103.3,105.1,102.9,103.3
2007/05/16,103.3,104.2,102.4,104.2
2007/05/17,105.1,105.1,102.4,102.4
2007/05/18,102.4,103.8,100.7,100.7
2007/05/21,100.7,101.5,97.1,98.9
2007/05/22,98.9,100.7,98.9,99.8
2007/05/23,99.8,100.2,97.1,98.0
2007/05/24,99.8,104.7,99.8,104.7
2007/05/25,104.7,105.6,103.8,104.7
2007/05/28,106.0,106.0,103.8,103.8
2007/05/29,103.8,106.4,103.3,104.2
2007/05/30,104.2,108.2,103.8,106.0
2007/05/31,108.7,110.0,107.8,108.7
2007/06/01,109.6,112.2,108.2,110.0
2007/06/04,110.9,111.3,107.8,108.2
2007/06/05,107.8,108.2,104.7,106.0
2007/06/06,107.3,108.7,104.7,106.0
2007/06/07,106.0,107.3,105.1,106.9
2007/06/08,105.6,110.0,105.1,107.8
2007/06/11,109.6,113.6,108.2,112.2
2007/06/12,114.0,119.8,111.3,116.7
2007/06/13,118.5,123.8,116.7,117.1
2007/06/14,120.3,122.0,117.1,117.6
2007/06/15,120.3,121.1,118.0,119.8
2007/06/20,121.1,126.5,118.5,124.3
2007/06/21,126.5,128.3,122.9,123.4
2007/06/22,124.7,126.9,123.4,125.6
2007/06/25,123.8,124.3,120.7,122.9
2007/06/26,122.9,122.9,119.4,121.1
2007/06/27,120.7,122.5,120.3,122.0
2007/06/28,123.8,126.5,122.9,123.4
2007/06/29,125.2,125.6,118.5,118.9
2007/07/02,120.3,122.9,118.5,122.5
2007/07/03,123.4,123.4,120.7,122.0
2007/07/04,125.2,129.2,122.9,127.8
2007/07/05,129.6,133.2,127.8,130.9
2007/07/06,133.6,139.9,130.9,137.6
2007/07/09,139.0,142.1,139.0,139.9
2007/07/10,140.3,140.7,134.5,137.2
2007/07/11,138.1,143.4,136.3,137.2
2007/07/12,139.0,139.4,133.6,136.3
2007/07/13,138.1,143.0,135.8,139.9
2007/07/16,142.5,148.3,142.5,145.2
2007/07/17,145.2,145.6,141.6,142.5
2007/07/18,145.2,152.3,143.4,145.2
2007/07/19,147.0,148.8,146.1,147.9
2007/07/20,150.5,155.0,149.2,153.2
2007/07/23,156.8,160.3,155.0,156.8
2007/07/24,159.9,160.3,151.4,153.2
2007/07/25,152.3,155.0,149.2,153.7
2007/07/26,154.1,156.3,143.0,145.2
2007/07/27,138.1,144.3,137.6,142.5
2007/07/30,142.5,144.8,138.1,143.9
2007/07/31,147.9,148.8,144.8,145.2
2007/08/01,142.5,146.1,135.4,135.4
2007/08/02,135.4,137.2,126.0,132.7
2007/08/03,131.8,131.8,125.2,125.6
2007/08/06,122.9,134.1,122.9,134.1
2007/08/07,136.7,137.6,130.9,131.4
2007/08/08,133.6,135.4,131.8,135.4
2007/08/09,137.2,140.3,136.3,136.7
2007/08/10,137.6,140.7,137.2,140.3
2007/08/13,142.5,142.5,133.2,133.2
2007/08/14,133.2,135.4,129.2,131.4
2007/08/15,129.2,130.9,124.7,126.5
2007/08/16,124.7,125.6,118.0,120.3
2007/08/17,120.3,124.3,115.8,120.3
2007/08/20,127.8,128.3,124.7,128.3
2007/08/21,129.2,129.2,119.4,119.4
2007/08/22,116.2,116.7,111.3,115.4
2007/08/23,115.4,115.8,110.5,115.8
2007/08/24,114.9,118.5,113.6,117.1
2007/08/27,118.9,120.7,117.6,118.9
2007/08/28,118.9,118.9,110.9,114.0
2007/08/29,108.7,111.3,106.4,110.9
2007/08/30,110.9,112.2,108.7,109.6
2007/08/31,109.6,111.8,109.1,110.5
2007/09/03,110.5,111.3,102.9,104.7
2007/09/04,104.7,107.8,102.4,107.8
2007/09/05,107.8,114.9,107.8,112.2
2007/09/06,112.2,114.9,111.3,113.1
2007/09/07,114.0,116.2,112.2,113.6
2007/09/10,110.8,111.7,108.5,108.5
2007/09/11,109.4,111.2,104.9,109.9
2007/09/12,111.7,114.4,110.8,113.5
2007/09/13,112.6,112.6,108.0,108.0
2007/09/14,108.9,109.9,105.3,106.7
2007/09/17,106.7,106.7,104.9,105.3
2007/09/19,107.1,107.6,99.4,99.4
2007/09/20,101.7,103.5,99.9,100.3
2007/09/21,101.7,105.3,101.7,105.3
2007/09/26,107.1,112.6,106.7,112.6
2007/09/27,113.5,117.1,113.5,115.3
2007/09/28,117.1,119.8,116.2,116.2
2007/10/01,117.1,118.0,113.0,113.9
2007/10/02,115.3,116.2,114.4,114.8
2007/10/03,114.8,115.8,113.0,114.4
2007/10/04,113.5,115.3,113.0,113.5
2007/10/05,114.4,117.1,113.9,115.3
2007/10/08,117.1,117.1,111.7,111.7
2007/10/09,112.6,114.4,108.5,111.7
2007/10/11,113.5,113.5,110.3,111.7
2007/10/12,111.7,113.5,111.2,111.7
2007/10/15,112.6,112.6,108.5,108.9
2007/10/16,107.6,112.6,107.6,110.3
2007/10/17,110.3,112.6,109.4,111.2
2007/10/18,112.6,118.0,111.7,118.0
2007/10/19,118.9,118.9,114.4,114.4
2007/10/22,107.1,109.9,106.7,107.6
2007/10/23,108.9,109.9,107.6,108.5
2007/10/24,110.8,110.8,106.2,106.2
2007/10/25,106.7,108.0,102.1,104.4
2007/10/26,103.5,103.9,102.1,102.6
2007/10/29,103.5,104.4,102.1,102.6
2007/10/30,103.5,106.7,103.5,104.9
2007/10/31,105.3,108.0,105.3,108.0
2007/11/01,108.9,109.4,106.2,107.1
2007/11/02,104.4,107.1,101.7,102.6
2007/11/05,102.6,103.9,100.8,102.6
2007/11/06,104.4,104.9,102.6,103.0
2007/11/07,104.9,106.2,101.7,102.6
2007/11/08,99.9,100.8,95.8,95.8
2007/11/09,96.2,100.8,90.0,98.0
2007/11/12,95.8,97.1,92.6,94.0
2007/11/13,95.3,97.1,94.4,95.8
2007/11/14,98.5,99.0,96.2,98.0
2007/11/15,97.6,98.0,95.8,97.6
2007/11/16,95.3,96.2,93.5,94.9
2007/11/19,95.3,97.1,94.4,94.4
2007/11/20,92.6,94.4,90.8,93.5
2007/11/21,93.5,95.8,92.6,92.6
2007/11/22,90.8,94.0,90.8,91.7
2007/11/23,91.7,93.1,89.0,89.0
2007/11/26,90.8,90.8,88.1,88.3
2007/11/27,85.3,87.2,82.7,84.4
2007/11/28,84.4,85.9,84.4,85.7
2007/11/29,87.2,91.2,87.2,90.8
2007/11/30,91.7,97.1,90.8,92.6
2007/12/03,95.8,95.8,95.8,95.8
2007/12/04,95.8,98.5,94.4,96.7
2007/12/05,100.8,103.0,99.9,103.0
2007/12/06,103.0,103.9,98.0,98.0
2007/12/07,99.9,102.1,99.0,99.9
2007/12/10,99.0,101.2,98.0,98.0
2007/12/11,99.4,99.4,97.1,99.4
2007/12/12,95.3,98.0,95.3,95.8
2007/12/13,95.8,96.2,89.2,89.2
2007/12/14,89.9,91.7,85.3,90.8
2007/12/17,89.0,90.8,85.8,85.8
2007/12/18,84.4,89.9,80.8,89.5
2007/12/19,90.0,92.6,89.0,90.8
2007/12/20,90.8,92.6,85.8,86.2
2007/12/21,88.0,89.0,86.2,86.7
2007/12/24,88.1,88.7,84.2,88.2
2007/12/25,88.1,88.5,85.9,87.2
2007/12/26,87.2,87.7,86.1,86.5
2007/12/27,86.7,91.7,86.7,91.2
2007/12/28,90.8,94.4,89.9,92.1
2007/12/31,93.1,93.5,90.8,92.6
2008/01/02,92.6,98.5,92.1,94.0
2008/01/03,92.1,94.4,90.6,93.5
2008/01/04,92.6,93.1,89.9,90.5
2008/01/07,86.7,87.9,84.2,84.4
2008/01/08,84.4,85.2,80.8,82.2
2008/01/09,79.0,86.0,79.0,86.0
2008/01/10,86.9,87.4,84.4,84.4
2008/01/11,86.2,86.4,84.9,85.0
2008/01/14,87.2,87.2,84.4,84.8
2008/01/15,87.2,89.2,86.2,87.9
2008/01/16,85.3,86.1,81.8,81.9
2008/01/17,83.7,86.2,82.6,86.2
2008/01/18,85.3,88.6,83.5,88.2
2008/01/21,88.5,90.4,87.2,87.6
2008/01/22,81.5,83.5,81.5,81.5
2008/01/23,83.2,83.2,75.9,75.9
2008/01/24,78.8,79.6,75.7,75.9
2008/01/25,77.2,79.5,77.2,79.4
2008/01/28,78.5,79.0,74.1,74.4
2008/01/29,74.4,75.5,69.9,74.0
2008/01/30,72.6,75.4,72.6,73.4
2008/01/31,73.4,74.1,70.0,71.7
2008/02/01,72.7,73.4,71.5,71.9
2008/02/12,71.4,71.7,66.9,69.9
2008/02/13,68.5,69.0,65.8,65.8
2008/02/14,68.1,70.4,67.2,70.4
2008/02/15,69.3,71.6,68.2,69.8
2008/02/18,69.9,72.4,69.8,70.4
2008/02/19,71.4,71.8,70.4,71.6
2008/02/20,71.6,76.2,71.0,72.7
2008/02/21,74.4,74.9,73.7,74.2
2008/02/22,71.7,72.4,70.4,71.7
2008/02/25,71.9,72.4,71.2,71.7
2008/02/26,72.2,74.4,71.9,72.8
2008/02/27,73.7,74.9,73.3,74.4
2008/02/29,74.3,79.6,73.8,79.6
2008/03/03,78.1,78.1,74.7,75.0
2008/03/04,75.0,76.9,75.0,76.0
2008/03/05,76.7,76.9,75.4,75.5
2008/03/06,76.4,79.1,76.4,79.1
2008/03/07,78.2,78.8,77.9,78.1
2008/03/10,78.5,79.4,77.2,77.2
2008/03/11,76.5,77.1,75.9,76.9
2008/03/12,79.3,79.6,78.1,78.4
2008/03/13,78.8,79.0,76.8,76.8
2008/03/14,78.1,78.1,74.7,76.4
2008/03/17,74.7,75.5,71.9,73.4
2008/03/18,73.4,74.4,72.7,73.4
2008/03/19,74.9,74.9,73.5,73.9
2008/03/20,73.9,75.2,73.5,75.0
2008/03/21,75.4,77.2,75.1,77.0
2008/03/24,82.3,82.3,79.5,81.3
2008/03/25,81.3,82.1,79.9,80.8
2008/03/26,80.8,81.3,80.1,81.1
2008/03/27,79.9,79.9,77.4,78.5
2008/03/28,78.5,79.9,78.2,79.0
2008/03/31,79.2,82.0,78.6,81.8
2008/04/01,84.4,87.5,83.8,84.5
2008/04/02,86.2,90.4,85.8,90.4
2008/04/03,90.6,96.2,90.4,90.8
2008/04/07,90.8,93.1,90.1,91.2
2008/04/08,91.7,91.7,88.4,88.9
2008/04/09,86.2,88.1,83.1,84.4
2008/04/10,84.2,87.6,84.2,87.2
2008/04/11,87.8,91.7,87.8,89.8
2008/04/14,88.2,88.8,86.4,87.1
2008/04/15,87.2,90.3,87.2,88.9
2008/04/16,89.0,93.5,89.0,93.5
2008/04/17,96.2,99.9,96.2,98.0
2008/04/18,99.0,102.1,96.7,97.1
2008/04/21,98.0,102.6,96.2,102.1
2008/04/22,102.6,104.4,101.7,103.0
2008/04/23,104.4,106.7,101.7,103.0
2008/04/24,101.2,103.5,99.9,100.8
2008/04/25,103.0,107.6,103.0,107.6
2008/04/28,107.1,108.0,103.5,106.7
2008/04/29,107.1,107.1,103.9,103.9
2008/04/30,104.4,106.7,103.0,104.9
2008/05/02,107.1,107.1,100.8,101.7
2008/05/05,103.5,103.5,98.0,99.9
2008/05/06,103.0,106.7,101.7,106.7
2008/05/07,112.1,113.9,110.8,113.9
2008/05/08,114.4,114.4,114.4,114.4
2008/05/09,114.4,114.4,108.9,108.9
2008/05/12,108.9,112.1,106.7,111.7
2008/05/13,113.0,114.8,111.7,111.7
2008/05/14,113.0,114.4,111.7,111.7
2008/05/15,113.0,114.4,110.3,111.7
2008/05/16,112.6,113.9,110.3,111.7
2008/05/19,111.7,112.6,107.6,111.2
2008/05/20,112.6,112.6,106.7,106.7
2008/05/21,105.3,106.7,103.5,105.3
2008/05/22,103.0,104.4,102.6,104.4
2008/05/23,105.8,105.8,97.1,97.1
2008/05/26,97.1,97.1,91.7,94.0
2008/05/27,94.0,96.2,93.5,95.8
2008/05/28,97.1,97.1,89.4,89.4
2008/05/29,90.8,93.1,89.4,89.4
2008/05/30,90.8,90.8,84.4,86.1
2008/06/02,87.6,91.7,86.1,91.7
2008/06/03,93.5,97.1,93.1,94.9
2008/06/04,96.2,99.4,94.9,97.1
2008/06/05,99.0,101.7,95.8,101.7
2008/06/06,101.7,101.7,97.1,97.1
2008/06/09,90.8,98.0,90.8,98.0
2008/06/10,98.0,98.0,92.1,92.1
2008/06/11,92.6,97.6,91.7,96.7
2008/06/12,94.9,95.3,92.1,94.0
2008/06/13,94.9,96.7,92.6,95.8
2008/06/16,96.7,96.7,90.3,90.3
2008/06/17,90.3,93.1,85.1,92.6
2008/06/18,90.8,92.6,88.5,89.6
2008/06/19,87.3,87.6,85.6,86.9
2008/06/20,87.6,89.4,85.7,85.7
2008/06/23,84.8,87.1,82.6,87.1
2008/06/24,86.2,86.7,81.0,81.0
2008/06/25,80.5,81.4,76.7,77.8
2008/06/26,77.6,79.5,77.4,77.6
2008/06/27,72.6,73.5,72.3,72.6
2008/06/30,72.6,73.0,70.8,70.9
2008/07/01,70.9,73.1,70.7,72.1
2008/07/02,73.5,77.1,72.8,77.1
2008/07/03,77.1,82.4,75.9,82.4
2008/07/04,82.6,86.5,79.2,79.2
2008/07/07,79.3,82.5,77.3,81.7
2008/07/08,81.3,81.3,76.1,76.4
2008/07/09,78.1,80.7,78.1,79.0
2008/07/10,78.1,81.7,78.1,80.3
2008/07/11,81.7,83.0,80.5,81.8
2008/07/14,81.3,82.7,80.9,82.2
2008/07/15,81.3,82.0,77.9,78.1
2008/07/16,79.0,80.3,75.8,76.9
2008/07/17,82.3,82.3,82.3,82.3
2008/07/18,85.5,85.5,79.1,80.1
2008/07/21,83.5,83.5,80.8,82.6
2008/07/22,82.9,85.8,82.9,84.8
2008/07/23,84.8,84.8,80.3,81.1
2008/07/24,81.5,83.1,80.4,82.0
2008/07/25,79.1,79.7,76.3,76.3
2008/07/29,72.3,73.2,71.0,72.9
2008/07/30,74.0,75.0,70.0,70.6
2008/07/31,70.6,72.6,70.0,70.0
2008/08/01,69.9,69.9,65.3,67.9
2008/08/04,67.0,69.5,66.3,67.4
2008/08/05,68.1,68.5,63.4,64.5
2008/08/06,66.3,68.8,65.8,68.8
2008/08/07,71.1,73.6,70.8,73.6
2008/08/08,76.1,78.5,75.6,77.5
2008/08/11,80.4,81.3,78.2,78.4
2008/08/12,78.0,81.1,76.9,80.2
2008/08/13,79.0,79.4,77.9,79.4
2008/08/14,79.4,81.8,78.5,80.2
2008/08/15,81.7,83.8,79.5,79.5
2008/08/18,81.8,81.8,76.4,77.3
2008/08/19,75.4,78.4,75.4,77.6
2008/08/20,75.9,77.3,74.4,77.2
2008/08/21,81.6,81.6,75.6,75.6
2008/08/22,77.3,77.3,71.7,74.9
2008/08/25,74.9,75.4,73.5,74.9
2008/08/26,73.5,74.7,73.2,74.3
2008/08/27,73.8,76.8,73.5,76.3
2008/08/28,76.8,78.5,76.4,76.5
2008/08/29,77.4,77.4,75.2,75.5
2008/09/01,74.4,76.3,74.1,76.3
2008/09/02,76.7,77.4,74.9,76.7
2008/09/03,75.8,76.1,71.4,72.4
2008/09/04,72.6,73.6,71.7,72.4
2008/09/05,71.3,72.6,69.7,72.6
2008/09/08,75.4,77.0,74.7,75.3
2008/09/09,73.1,73.5,71.8,72.4
2008/09/10,73.5,74.4,72.6,72.6
2008/09/11,74.4,74.4,71.3,72.2
2008/09/12,73.3,73.3,69.5,69.9
2008/09/15,69.0,69.0,65.1,65.1
2008/09/16,60.6,60.8,60.6,60.6
2008/09/17,56.5,64.7,56.4,56.4
2008/09/18,48.9,49.3,48.9,48.9
2008/09/19,51.0,52.2,50.0,52.2
2008/09/22,55.6,55.6,52.2,54.5
2008/09/23,53.4,56.5,52.9,55.9
2008/09/24,54.3,57.2,53.8,55.5
2008/09/25,55.2,57.6,55.0,55.5
2008/09/26,56.2,56.3,51.6,51.6
2008/09/30,48.1,48.1,48.1,48.1
2008/10/01,50.0,51.5,49.3,49.8
2008/10/02,49.8,51.0,48.6,48.6
2008/10/03,48.1,51.8,48.1,51.5
2008/10/06,49.9,50.3,48.3,48.5
2008/10/07,47.5,49.5,46.7,49.1
2008/10/08,48.4,49.4,46.0,46.0
2008/10/09,46.0,49.1,46.0,46.9
2008/10/13,45.8,50.0,45.6,50.0
2008/10/14,53.5,53.5,53.5,53.5
2008/10/15,52.9,54.7,51.9,54.2
2008/10/16,52.4,52.4,52.4,52.4
2008/10/17,52.4,54.3,50.6,50.6
2008/10/20,49.1,51.5,48.9,51.5
2008/10/21,52.2,52.2,50.5,51.5
2008/10/22,49.9,52.4,49.9,51.5
2008/10/23,49.7,50.5,49.7,49.7
2008/10/24,48.6,48.8,48.0,48.0
2008/10/27,44.9,49.1,44.9,45.7
2008/10/28,44.5,47.2,42.5,46.2
2008/10/29,49.4,49.4,47.2,47.2
2008/10/30,48.2,50.4,47.9,50.4
2008/10/31,50.5,53.7,50.4,52.9
2008/11/03,52.9,53.6,51.3,52.9
2008/11/04,51.6,52.4,49.4,52.4
2008/11/05,53.3,54.5,51.6,52.4
2008/11/06,49.5,50.4,48.8,48.8
2008/11/07,45.8,50.1,45.8,49.1
2008/11/10,49.1,49.8,47.9,48.8
2008/11/11,47.6,49.5,47.2,48.0
2008/11/12,48.2,49.5,47.8,48.2
2008/11/13,46.9,47.5,45.0,46.2
2008/11/14,47.6,48.1,45.9,46.4
2008/11/17,45.0,46.2,43.1,43.5
2008/11/18,41.9,42.6,40.4,40.7
2008/11/19,39.6,40.3,38.1,39.0
2008/11/20,36.7,37.5,36.3,36.3
2008/11/21,35.0,38.2,34.4,37.7
2008/11/24,37.7,38.8,36.8,38.1
2008/11/25,40.7,40.7,40.0,40.7
2008/11/26,40.9,42.7,40.6,40.6
2008/11/27,41.5,43.5,41.5,43.5
2008/11/28,44.4,44.6,43.0,43.5
2008/12/01,43.5,44.7,43.1,44.3
2008/12/02,41.2,42.4,41.2,41.2
2008/12/03,41.5,42.0,41.1,41.8
2008/12/04,42.4,43.4,41.8,42.2
2008/12/05,41.9,42.5,41.1,41.5
2008/12/08,42.5,44.5,42.5,44.5
2008/12/09,45.1,47.5,45.1,45.7
2008/12/10,47.3,48.6,46.6,48.6
2008/12/11,48.4,51.5,47.6,51.3
2008/12/12,50.7,51.9,47.7,47.7
2008/12/15,49.3,50.5,48.6,49.3
2008/12/16,48.2,49.5,47.7,49.5
2008/12/17,51.5,51.8,49.5,50.3
2008/12/18,50.3,53.7,49.9,53.7
2008/12/19,54.1,57.5,54.1,57.5
2008/12/22,57.9,60.5,55.6,57.2
2008/12/23,57.2,57.2,53.2,54.4
2008/12/24,52.2,55.8,52.2,54.4
2008/12/25,55.3,58.1,55.3,58.1
2008/12/26,58.1,59.2,56.8,57.4
2008/12/29,56.5,57.6,56.1,57.1
2008/12/30,57.2,59.7,57.2,59.7
2008/12/31,60.0,60.0,57.3,57.6
2009/01/05,59.1,59.7,57.3,57.3
2009/01/06,59.1,60.2,58.1,58.4
2009/01/07,60.5,62.4,60.0,62.4
2009/01/08,61.9,62.1,59.6,60.0
2009/01/09,61.7,61.7,59.1,59.1
2009/01/12,58.6,58.7,56.8,56.8
2009/01/13,56.2,56.2,54.9,55.9
2009/01/14,56.9,59.8,56.7,59.8
2009/01/15,57.2,57.8,55.8,55.8
2009/01/16,57.6,58.5,56.7,56.7
2009/01/19,58.6,59.2,57.9,57.9
2009/01/20,57.2,57.6,55.8,56.8
2009/01/21,55.9,59.1,55.8,57.4
2009/02/02,61.4,61.4,61.0,61.4
2009/02/03,61.3,64.4,61.3,63.0
2009/02/04,64.3,66.2,63.7,65.7
2009/02/05,64.8,65.5,63.5,64.6
2009/02/06,66.4,69.1,65.6,67.8
2009/02/09,69.0,69.1,65.7,65.7
2009/02/10,67.6,68.6,66.6,67.2
2009/02/11,65.7,67.7,65.6,67.5
2009/02/12,67.5,67.8,62.8,62.8
2009/02/13,62.9,64.0,62.6,63.2
2009/02/16,63.2,63.2,60.6,61.5
2009/02/17,61.0,61.0,58.4,58.9
2009/02/18,59.1,60.8,59.1,60.8
2009/02/19,60.8,61.5,59.6,60.5
2009/02/20,59.9,60.9,58.9,59.0
2009/02/23,59.6,63.1,59.2,63.1
2009/02/24,62.7,65.4,62.3,63.4
2009/02/25,65.3,65.3,63.8,63.8
2009/02/26,64.4,67.0,64.1,65.6
2009/02/27,66.7,68.8,66.7,67.5
2009/03/02,67.5,67.5,63.1,64.2
2009/03/03,64.2,65.7,62.9,65.0
2009/03/04,64.8,66.9,64.3,65.4
2009/03/05,66.1,68.6,65.6,67.0
2009/03/06,67.0,69.5,67.0,67.9
2009/03/09,68.1,69.0,66.2,66.5
2009/03/10,66.2,67.7,65.8,66.7
2009/03/11,67.7,68.1,65.7,65.7
2009/03/12,65.7,67.7,65.7,66.7
2009/03/13,68.1,68.7,67.2,68.1
2009/03/16,69.0,69.8,68.1,68.5
2009/03/17,68.0,69.2,65.9,66.7
2009/03/18,67.1,67.2,65.7,65.9
2009/03/19,66.2,66.8,64.8,64.8
2009/03/20,64.8,66.5,64.4,64.8
2009/03/23,65.5,67.2,65.1,67.2
2009/03/24,68.1,68.1,66.1,67.0
2009/03/25,67.0,71.7,66.7,71.7
2009/03/26,74.6,76.6,74.3,76.6
2009/03/27,79.1,81.0,77.5,77.5
2009/03/30,76.3,76.3,72.1,72.1
2009/03/31,72.1,73.0,70.3,70.5
2009/04/01,74.1,74.8,72.5,73.8
2009/04/02,74.8,75.0,71.0,72.4
2009/04/03,72.4,73.7,71.5,72.3
2009/04/06,72.9,74.9,71.9,72.9
2009/04/07,72.0,75.8,72.0,75.8
2009/04/08,75.3,78.6,74.8,76.5
2009/04/09,78.1,81.8,77.6,81.0
2009/04/10,81.3,81.8,78.7,81.0
2009/04/13,82.9,82.9,79.9,80.5
2009/04/14,79.1,81.0,78.6,80.9
2009/04/15,81.0,86.5,80.9,86.0
2009/04/16,88.9,90.5,86.7,88.9
2009/04/17,89.6,90.3,82.9,83.1
2009/04/20,83.1,84.9,82.9,83.5
2009/04/21,82.8,84.8,82.0,84.7
2009/04/22,86.2,90.1,85.2,88.5
2009/04/23,90.5,90.5,86.2,87.6
2009/04/24,87.8,89.2,86.7,87.7
2009/04/27,89.1,89.1,81.6,81.6
2009/04/28,87.2,87.2,81.6,83.2
2009/04/29,83.4,84.2,79.1,81.0
2009/04/30,86.6,86.6,82.9,86.6
2009/05/04,88.0,92.6,88.0,90.4
2009/05/05,89.7,91.5,88.0,88.6
2009/05/06,88.6,94.8,88.6,94.8
2009/05/07,95.3,95.3,89.5,91.8
2009/05/08,91.3,94.8,90.3,94.3
2009/05/11,94.3,96.2,92.5,92.9
2009/05/12,89.2,91.8,86.7,89.0
2009/05/13,88.6,90.5,86.8,88.1
2009/05/14,87.2,90.5,86.9,87.8
2009/05/15,89.1,89.9,86.7,87.3
2009/05/18,86.7,89.0,86.5,88.4
2009/05/19,89.9,91.5,89.0,90.4
2009/05/20,90.8,92.4,89.3,89.8
2009/05/21,89.6,89.6,86.7,87.2
2009/05/22,85.8,86.9,84.9,85.0
2009/05/25,85.0,86.6,82.1,82.9
2009/05/26,81.1,82.4,80.0,80.6
2009/05/27,81.2,82.8,80.7,81.8
2009/06/01,81.8,81.8,77.7,78.1
2009/06/02,79.3,81.6,79.3,80.7
2009/06/03,81.0,81.6,78.1,78.4
2009/06/04,78.5,81.0,78.5,81.0
2009/06/05,81.6,82.1,79.4,79.4
2009/06/08,80.5,80.5,76.9,76.9
2009/06/09,77.2,77.8,74.9,75.3
2009/06/10,77.2,77.7,75.8,76.7
2009/06/11,76.7,78.6,75.9,78.6
2009/06/12,78.6,78.6,75.9,76.7
2009/06/15,75.8,75.8,71.5,71.9
2009/06/16,72.1,76.7,72.1,76.2
2009/06/17,75.8,76.5,73.4,73.9
2009/06/18,74.2,75.4,72.8,73.1
2009/06/19,74.2,75.0,73.3,74.2
2009/06/22,75.3,77.2,73.8,76.5
2009/06/23,76.1,76.4,74.3,75.8
2009/06/24,76.0,79.7,74.8,77.0
2009/06/25,78.1,79.9,77.4,78.2
2009/06/26,79.0,80.5,78.6,79.1
2009/06/29,80.4,80.4,77.7,78.0
2009/06/30,79.0,80.4,78.6,79.1
2009/07/01,79.9,80.3,79.4,79.4
2009/07/02,80.1,81.8,80.0,80.1
2009/07/03,80.5,81.5,79.9,81.0
2009/07/06,81.0,82.3,80.2,81.0
2009/07/07,80.6,84.0,80.2,83.4
2009/07/08,83.6,84.7,82.2,82.4
2009/07/09,82.7,84.1,82.7,82.7
2009/07/10,82.7,84.2,81.9,83.9
2009/07/13,83.9,84.5,82.4,82.6
2009/07/14,83.7,85.4,83.0,84.6
2009/07/15,85.8,89.1,85.0,88.1
2009/07/16,89.6,90.0,87.3,87.4
2009/07/17,88.1,93.5,88.1,93.5
2009/07/20,95.3,99.6,94.4,98.1
2009/07/21,97.7,99.6,93.4,96.7
2009/07/22,97.2,98.6,95.3,97.2
2009/07/23,97.2,98.1,95.2,95.8
2009/07/24,96.7,102.4,96.7,98.1
2009/07/27,98.1,100.5,97.2,98.1
2009/07/28,98.1,102.0,98.1,99.1
2009/07/29,101.0,103.9,98.1,99.1
2009/07/30,98.6,99.1,94.0,95.0
2009/07/31,96.7,101.5,95.3,99.6
2009/08/03,100.1,104.3,100.1,100.1
2009/08/04,102.0,102.9,95.3,95.8
2009/08/05,97.2,97.7,93.4,93.4
2009/08/06,98.6,99.6,96.7,99.6
2009/08/10,99.1,104.8,99.1,101.5
2009/08/11,102.9,108.2,100.5,108.2
2009/08/12,109.1,110.5,106.7,108.2
2009/08/13,109.1,110.5,106.2,108.6
2009/08/14,110.1,110.5,107.2,108.2
2009/08/17,107.2,107.2,103.4,103.9
2009/08/18,102.9,104.8,99.1,102.0
2009/08/19,103.4,105.3,101.0,104.8
2009/08/20,105.3,105.3,100.1,104.8
2009/08/21,104.3,106.2,97.7,97.7
2009/08/24,100.1,103.9,99.6,102.9
2009/08/25,103.9,104.3,102.0,103.4
2009/08/26,104.8,104.8,98.1,101.0
2009/08/27,99.1,102.4,99.1,102.0
2009/08/28,102.9,103.4,101.5,102.4
2009/08/31,103.4,106.7,102.9,104.3
2009/09/01,105.8,111.5,104.8,111.5
2009/09/02,111.5,116.7,110.5,115.8
2009/09/03,113.0,116.0,112.5,113.5
2009/09/04,115.0,116.5,113.0,113.0
2009/09/07,114.5,117.0,114.0,115.5
2009/09/08,112.0,112.5,109.0,110.5
2009/09/09,112.0,112.0,107.5,108.0
2009/09/10,112.0,112.0,108.0,110.5
2009/09/11,109.5,111.5,109.5,111.5
2009/09/14,112.5,114.5,112.0,112.0
2009/09/15,113.0,114.5,112.5,114.0
2009/09/16,115.0,116.0,112.0,114.0
2009/09/17,115.0,115.5,113.5,114.0
2009/09/18,116.0,116.5,114.5,116.0
2009/09/21,117.0,117.5,115.0,115.5
2009/09/22,116.5,117.5,114.5,114.5
2009/09/23,115.0,115.5,110.0,111.5
2009/09/24,111.5,111.5,109.5,110.5
2009/09/25,111.0,112.5,111.0,111.5
2009/09/28,112.5,114.5,110.5,111.5
2009/09/29,113.0,114.0,112.0,113.5
2009/09/30,114.0,116.5,112.5,115.0
2009/10/01,115.5,116.0,112.5,113.5
2009/10/02,112.0,116.0,111.5,114.0
2009/10/05,115.0,117.0,114.5,116.5
2009/10/06,117.5,117.5,115.5,115.5
2009/10/07,118.0,120.0,117.0,118.0
2009/10/08,120.0,120.0,113.0,113.0
2009/10/09,115.0,115.0,112.0,114.5
2009/10/12,114.5,116.5,114.0,116.5
2009/10/13,115.5,118.0,114.0,117.5
2009/10/14,118.5,120.5,118.0,119.5
2009/10/15,120.5,121.0,117.5,117.5
2009/10/16,118.0,118.5,116.0,117.5
2009/10/19,116.0,117.0,115.5,116.0
2009/10/20,116.5,117.0,114.5,115.0
2009/10/21,117.0,117.5,114.0,114.0
2009/10/22,114.0,115.0,110.5,111.0
2009/10/23,112.5,113.0,111.0,112.0
2009/10/26,113.0,114.0,111.5,112.0
2009/10/27,112.0,112.5,111.0,112.5
2009/10/28,112.5,113.5,110.0,111.0
2009/10/29,109.5,110.0,105.0,106.0
2009/10/30,107.5,108.0,103.0,103.5
2009/11/02,102.0,104.5,101.5,104.0
2009/11/03,104.5,107.0,104.5,105.5
2009/11/04,108.0,108.5,106.0,107.0
2009/11/05,108.0,108.0,103.5,104.0
2009/11/06,106.5,106.5,103.5,104.0
2009/11/09,104.0,104.0,101.0,103.0
2009/11/10,105.0,105.0,102.0,103.5
2009/11/11,103.5,104.5,102.0,104.0
2009/11/12,104.5,108.5,104.5,107.5
2009/11/13,107.5,108.0,105.5,105.5
2009/11/16,106.5,107.0,105.5,106.5
2009/11/17,107.5,107.5,104.0,104.0
2009/11/18,105.0,106.0,102.5,105.0
2009/11/19,105.0,105.5,103.5,104.5
2009/11/20,104.5,106.5,104.0,104.5
2009/11/23,105.0,105.5,102.5,103.0
2009/11/24,104.0,105.5,103.0,105.0
2009/11/25,105.0,106.0,104.0,104.0
2009/11/26,105.0,105.5,103.0,103.5
2009/11/27,101.5,102.5,100.0,100.0
2009/11/30,101.5,101.5,100.5,101.0
2009/12/01,101.5,101.5,98.9,100.0
2009/12/02,101.0,103.5,100.5,101.5
2009/12/03,102.0,104.0,101.5,103.5
2009/12/04,103.0,103.5,99.6,99.9
2009/12/07,101.5,103.5,101.0,103.0
2009/12/08,104.0,106.0,103.0,104.5
2009/12/09,104.5,105.5,103.0,103.0
2009/12/10,104.0,104.0,100.5,102.5
2009/12/11,103.0,103.5,101.5,103.5
2009/12/14,104.0,104.5,102.0,103.0
2009/12/15,103.0,103.5,102.5,102.5
2009/12/16,102.5,103.5,101.0,103.5
2009/12/17,106.0,110.5,106.0,110.5
2009/12/18,110.5,112.0,108.0,110.5
2009/12/21,111.5,112.0,108.5,109.0
2009/12/22,110.5,114.0,110.5,113.0
2009/12/23,114.0,117.0,113.0,116.5
2009/12/24,119.5,122.0,118.5,120.5
2009/12/25,122.0,122.0,118.5,119.0
2009/12/28,119.5,120.5,117.0,119.0
2009/12/29,119.0,121.5,118.5,119.0
2009/12/30,120.0,122.0,118.5,119.5
2009/12/31,121.0,121.5,119.0,120.0
2010/01/04,120.0,124.0,120.0,120.0
2010/01/05,121.5,121.5,112.5,114.0
2010/01/06,114.0,115.0,112.0,114.0
2010/01/07,114.0,114.5,112.0,113.0
2010/01/08,113.0,114.0,111.0,113.0
2010/01/11,113.0,113.5,110.0,110.5
2010/01/12,110.5,112.0,110.5,111.5
2010/01/13,110.5,112.5,110.0,111.5
2010/01/14,111.5,114.5,111.5,113.0
2010/01/15,114.0,115.0,112.5,114.0
2010/01/18,114.0,114.0,112.0,112.0
2010/01/19,112.0,113.0,106.5,108.0
2010/01/20,109.0,110.0,107.5,108.5
2010/01/21,108.5,110.5,107.5,108.5
2010/01/22,107.0,109.5,107.0,107.0
2010/01/25,106.0,108.0,106.0,107.5
2010/01/26,108.5,108.5,100.0,101.0
2010/01/27,102.0,103.0,100.0,101.0
2010/01/28,101.0,104.5,101.0,104.5
2010/01/29,102.5,104.0,101.5,104.0
2010/02/01,105.0,105.0,102.0,103.5
2010/02/02,105.0,105.5,101.0,101.5
2010/02/03,103.0,105.0,102.0,105.0
2010/02/04,105.5,105.5,103.5,105.0
2010/02/05,101.0,102.5,100.0,100.0
2010/02/08,103.0,103.0,101.0,103.0
2010/02/09,103.0,107.5,101.5,106.0
2010/02/10,107.0,107.0,105.0,105.0
2010/02/22,108.0,108.0,106.5,106.5
2010/02/23,108.0,108.0,106.0,108.0
2010/02/24,107.0,108.0,105.5,107.5
2010/02/25,107.5,108.0,106.0,107.0
2010/02/26,107.5,108.5,107.0,108.5
2010/03/01,109.0,112.0,108.5,109.5
2010/03/02,111.0,111.5,108.5,109.0
2010/03/03,109.0,110.5,108.0,109.5
2010/03/04,110.0,110.0,107.5,108.0
2010/03/05,109.0,109.5,108.0,109.0
2010/03/08,109.5,111.0,109.0,110.5
2010/03/09,110.5,113.5,109.5,113.0
2010/03/10,113.5,113.5,111.0,112.0
2010/03/11,112.5,114.0,110.0,110.0
2010/03/12,111.0,111.0,109.0,111.0
2010/03/15,112.0,112.5,110.5,111.0
2010/03/16,111.5,112.5,111.0,111.5
2010/03/17,112.5,114.0,112.0,113.5
2010/03/18,113.5,115.0,113.0,113.5
2010/03/19,114.0,114.5,112.0,113.0
2010/03/22,112.5,113.0,111.0,111.5
2010/03/23,112.0,113.5,111.5,111.5
2010/03/24,112.5,112.5,110.5,110.5
2010/03/25,110.5,111.5,109.5,111.0
2010/03/26,111.0,113.5,110.0,113.5
2010/03/29,114.0,114.0,112.5,114.0
2010/03/30,114.0,115.0,113.0,114.0
2010/03/31,114.0,115.5,112.5,115.0
2010/04/01,115.5,115.5,114.5,115.0
2010/04/02,115.0,115.5,114.0,114.5
2010/04/06,115.0,118.5,115.0,117.5
2010/04/07,118.0,118.5,117.0,118.0
2010/04/08,118.0,118.5,116.5,117.0
2010/04/09,117.5,117.5,114.5,115.0
2010/04/12,115.5,116.0,114.0,115.0
2010/04/13,114.0,118.0,114.0,118.0
2010/04/14,118.0,118.0,116.0,117.0
2010/04/15,117.5,118.0,116.5,116.5
2010/04/16,117.0,117.0,114.0,114.5
2010/04/19,112.5,114.0,111.5,112.0
2010/04/20,112.0,112.5,110.5,111.0
2010/04/21,111.0,112.5,111.0,112.0
2010/04/22,111.0,111.5,108.0,110.0
2010/04/23,108.0,111.0,108.0,110.0
2010/04/26,110.0,110.5,108.0,109.0
2010/04/27,109.5,110.5,109.0,109.5
2010/04/28,107.5,109.5,107.5,108.5
2010/04/29,108.5,109.0,107.0,107.0
2010/04/30,108.0,108.5,99.6,99.6
2010/05/03,101.0,104.0,101.0,104.0
2010/05/04,104.5,105.0,103.0,104.0
2010/05/05,101.0,101.0,98.0,98.7
2010/05/06,98.9,99.9,98.3,99.1
2010/05/07,95.0,97.0,94.0,94.2
2010/05/10,95.0,95.2,93.8,94.5
2010/05/11,95.5,95.5,92.6,92.6
2010/05/12,93.1,93.1,88.0,89.5
2010/05/13,90.1,92.0,90.1,91.2
2010/05/14,91.5,92.5,91.0,92.0
2010/05/17,91.0,91.2,89.0,89.2
2010/05/18,89.2,89.9,87.5,88.3
2010/05/19,87.5,89.4,86.0,88.6
2010/05/20,88.8,88.9,87.6,87.8
2010/05/21,86.0,87.8,85.0,87.8
2010/05/24,88.9,89.5,88.5,88.9
2010/05/25,88.3,88.3,82.7,82.7
2010/05/26,83.5,84.9,79.0,79.3
2010/05/27,79.3,83.9,79.3,83.2
2010/05/28,84.0,86.1,83.5,83.8
2010/05/31,84.1,84.9,83.7,84.2
2010/06/01,84.2,85.5,83.8,84.6
2010/06/02,84.6,85.1,84.0,84.5
2010/06/03,86.2,88.6,85.3,87.9
2010/06/04,88.9,89.8,87.5,87.9
2010/06/07,84.9,85.4,83.2,84.9
2010/06/08,84.9,87.0,84.7,86.3
2010/06/09,86.3,86.4,82.5,83.7
2010/06/10,82.3,86.3,82.3,85.5
2010/06/11,87.5,88.4,86.7,87.0
2010/06/14,87.0,89.3,87.0,88.7
2010/06/15,88.7,89.5,88.2,88.6
2010/06/17,89.8,89.8,88.4,89.0
2010/06/18,89.5,89.6,88.0,88.1
2010/06/21,89.6,89.6,88.5,89.4
2010/06/22,89.6,90.4,88.7,88.9
2010/06/23,88.9,90.5,88.4,90.2
2010/06/24,90.2,90.4,89.7,90.0
2010/06/25,89.1,89.4,86.7,87.1
2010/06/28,87.5,87.6,85.8,86.0
2010/06/29,86.9,87.6,86.6,87.0
2010/06/30,85.1,86.4,82.5,85.6
2010/07/01,85.5,85.8,84.7,85.6
2010/07/02,86.0,86.2,85.0,85.3
2010/07/05,84.5,86.4,84.2,85.9
2010/07/06,85.6,89.7,85.3,89.1
2010/07/07,90.0,90.0,88.6,89.1
2010/07/08,90.4,93.0,90.0,92.5
2010/07/09,93.0,93.6,91.5,92.2
2010/07/12,92.2,95.0,92.2,93.4
2010/07/13,93.9,94.6,91.9,92.0
2010/07/14,92.7,93.2,91.6,92.3
2010/07/15,92.0,92.3,91.2,92.0
2010/07/16,91.5,92.8,91.2,91.5
2010/07/19,90.2,93.5,90.2,93.4
2010/07/20,94.0,95.0,93.5,94.9
2010/07/21,95.0,95.5,93.5,93.5
2010/07/22,93.0,94.5,93.0,93.1
2010/07/23,94.5,94.5,92.3,92.8
2010/07/26,91.0,91.4,88.1,88.9
2010/07/27,88.9,90.1,88.6,90.1
2010/07/28,90.0,91.0,89.8,90.8
2010/07/29,90.8,91.0,89.8,90.0
2010/07/30,89.8,90.2,89.3,89.3
2010/08/02,89.4,91.8,89.4,91.0
2010/08/03,91.6,91.6,90.8,91.1
2010/08/04,91.1,91.5,90.6,90.6
2010/08/05,91.2,92.2,90.6,91.1
2010/08/06,91.1,92.0,90.3,91.1
2010/08/09,90.5,91.5,90.5,90.8
2010/08/10,90.5,91.0,89.3,89.9
2010/08/11,89.6,90.5,89.4,90.1
2010/08/12,87.0,88.0,87.0,87.2
2010/08/13,87.2,87.5,86.1,86.8
2010/08/16,86.8,86.8,85.3,86.0
2010/08/17,86.0,87.0,85.9,85.9
2010/08/18,86.5,87.3,86.0,86.1
2010/08/19,85.8,85.9,85.0,85.6
2010/08/20,85.4,85.4,84.0,84.4
2010/08/23,84.1,84.4,83.9,83.9
2010/08/24,83.5,83.9,83.2,83.3
2010/08/25,83.3,83.3,81.8,81.9
2010/08/26,81.9,82.2,81.5,81.8
2010/08/27,82.0,83.0,81.8,82.2
2010/08/30,82.4,83.0,81.9,82.0
2010/08/31,82.0,83.0,82.0,82.5
2010/09/01,83.0,83.3,82.3,82.9
2010/09/02,83.2,84.8,83.2,84.2
2010/09/03,84.2,85.2,84.0,84.7
2010/09/06,85.0,87.0,84.8,86.7
2010/09/07,87.0,87.4,85.5,85.8
2010/09/08,77.0,77.2,75.6,76.3
2010/09/09,76.4,76.7,75.3,75.4
2010/09/10,76.0,76.6,75.8,75.9
2010/09/13,76.1,76.6,75.4,76.1
2010/09/14,76.5,78.1,76.2,77.4
2010/09/15,77.6,78.4,77.4,78.3
2010/09/16,78.5,78.8,77.7,77.8
2010/09/17,78.0,78.3,77.1,77.6
2010/09/20,77.6,77.6,76.7,77.0
2010/09/21,77.3,79.8,77.3,79.1
2010/09/23,79.1,79.2,78.0,79.2
2010/09/24,78.5,79.0,77.8,77.8
2010/09/27,78.0,78.9,77.7,77.8
2010/09/28,77.8,79.1,77.8,79.1
2010/09/29,79.3,79.5,78.5,79.0
2010/09/30,79.2,81.4,79.1,80.5
2010/10/01,81.0,81.5,80.7,81.0
2010/10/04,81.3,81.7,79.3,80.1
2010/10/05,78.8,79.9,78.8,79.6
2010/10/06,81.0,81.0,79.5,79.9
2010/10/07,80.5,80.5,79.7,80.0
2010/10/08,80.5,80.9,79.4,79.7
2010/10/11,79.7,80.3,79.5,80.0
2010/10/12,79.6,79.7,76.5,77.7
2010/10/13,78.6,78.6,77.2,77.6
2010/10/14,77.9,78.5,77.8,78.1
2010/10/15,78.1,78.5,76.6,76.7
2010/10/18,76.6,77.2,75.5,75.7
2010/10/19,76.5,76.5,75.7,76.0
2010/10/20,75.5,76.5,75.0,76.1
2010/10/21,76.1,76.5,75.1,75.2
2010/10/22,75.3,76.1,75.3,75.7
2010/10/25,75.8,78.6,75.8,78.1
2010/10/26,78.4,78.4,77.6,78.1
2010/10/27,78.3,78.6,76.0,76.1
2010/10/28,76.2,78.2,76.1,77.4
2010/10/29,77.8,77.9,76.0,76.1
2010/11/01,75.6,76.3,71.0,71.6
2010/11/02,71.6,71.6,69.1,71.0
2010/11/03,71.5,72.5,71.0,72.0
2010/11/04,72.1,73.0,72.1,72.1
2010/11/05,72.6,73.2,72.5,73.2
2010/11/08,72.2,73.2,72.1,72.2
2010/11/09,72.1,72.6,72.0,72.5
2010/11/10,72.5,72.8,70.7,72.8
2010/11/11,72.1,73.4,72.1,72.7
2010/11/12,72.2,72.3,71.8,72.1
2010/11/15,72.1,72.7,71.6,72.1
2010/11/16,72.1,72.5,72.0,72.1
2010/11/17,71.5,72.0,71.0,71.0
2010/11/18,71.5,71.6,71.1,71.5
2010/11/19,71.9,72.2,71.0,71.2
2010/11/22,71.6,72.0,71.2,71.8
2010/11/23,72.0,72.8,71.6,71.6
2010/11/24,71.6,74.0,71.6,71.9
2010/11/25,72.1,72.7,71.7,71.9
2010/11/26,72.5,72.5,71.9,71.9
2010/11/29,71.9,72.1,71.1,71.2
2010/11/30,71.0,71.7,71.0,71.0
2010/12/01,71.3,72.2,71.3,72.0
2010/12/02,74.0,75.1,73.1,73.2
2010/12/03,73.2,73.5,72.4,72.7
2010/12/06,72.8,72.9,72.1,72.4
2010/12/07,72.5,73.3,72.5,72.9
2010/12/08,72.1,73.4,72.1,72.8
2010/12/09,73.0,73.7,72.7,73.7
2010/12/10,74.5,77.0,74.0,75.5
2010/12/13,76.8,79.5,76.5,78.3
2010/12/14,79.0,79.0,76.6,78.3
2010/12/15,78.3,80.0,77.0,78.6
2010/12/16,78.6,79.5,78.0,78.9
2010/12/17,79.0,82.5,79.0,81.4
2010/12/20,82.0,82.4,79.5,79.6
2010/12/21,80.0,80.1,78.1,78.7
2010/12/22,79.3,80.7,79.0,79.5
2010/12/23,79.5,80.2,78.7,78.8
2010/12/24,78.8,79.4,78.1,78.2
2010/12/27,78.0,78.5,77.8,77.8
2010/12/28,78.0,78.9,77.8,78.5
2010/12/29,78.0,78.2,75.6,76.5
2010/12/30,76.3,77.3,76.1,77.3
2010/12/31,78.0,79.7,77.2,79.0
2011/01/03,79.4,79.9,79.0,79.4
2011/01/04,79.5,80.5,78.8,80.0
2011/01/05,80.0,81.6,79.8,81.0
2011/01/06,81.0,81.7,79.4,81.5
2011/01/07,81.7,83.4,81.7,82.5
2011/01/10,83.0,83.0,81.4,81.9
2011/01/11,82.0,84.0,81.2,83.5
2011/01/12,83.0,83.8,83.0,83.4
2011/01/13,83.8,85.0,83.7,84.6
2011/01/14,84.6,85.0,83.9,84.2
2011/01/17,85.0,85.5,83.9,84.2
2011/01/18,83.0,85.0,83.0,84.8
2011/01/19,85.0,85.9,84.6,85.8
2011/01/20,85.8,85.8,85.0,85.8
2011/01/21,82.6,89.2,82.6,89.0
2011/01/24,89.6,90.3,88.0,88.2
2011/01/25,88.0,88.2,86.0,86.0
2011/01/26,86.0,88.1,86.0,86.6
2011/01/27,86.6,87.2,85.6,86.8
2011/01/28,88.9,89.1,86.2,86.5
2011/02/08,87.0,87.8,86.5,87.1
2011/02/09,87.5,87.5,85.6,85.6
2011/02/10,84.4,85.9,82.2,82.2
2011/02/11,82.2,83.8,81.0,82.5
2011/02/14,82.5,82.6,81.0,81.1
2011/02/15,82.1,82.3,80.4,81.4
2011/02/16,81.4,85.2,80.9,84.5
2011/02/17,84.8,85.2,82.7,82.8
2011/02/18,83.1,84.4,81.6,81.8
2011/02/21,81.6,83.3,81.3,81.9
2011/02/22,81.5,81.6,79.7,80.4
2011/02/23,80.4,81.0,78.4,78.8
2011/02/24,78.8,80.5,77.2,78.4
2011/02/25,80.5,80.5,77.8,78.0
2011/03/01,79.4,79.5,77.8,78.0
2011/03/02,77.8,80.3,77.6,77.9
2011/03/03,78.0,79.8,78.0,79.0
2011/03/04,80.0,80.0,78.1,78.9
2011/03/07,78.9,79.5,78.5,78.6
2011/03/08,78.5,79.7,78.5,79.0
2011/03/09,78.6,80.3,78.6,79.1
2011/03/10,79.1,79.1,77.2,77.8
2011/03/11,75.0,77.5,75.0,77.5
2011/03/14,82.0,82.5,77.5,78.1
2011/03/15,78.7,80.0,73.2,77.9
2011/03/16,79.7,79.8,77.4,78.0
2011/03/17,75.2,77.6,75.2,75.6
2011/03/18,75.6,75.7,74.5,74.7
2011/03/21,74.8,75.2,74.2,74.9
2011/03/22,75.2,76.2,75.2,75.3
2011/03/23,75.4,76.8,75.4,76.8
2011/03/24,76.4,82.1,76.4,82.1
2011/03/25,84.5,84.5,79.3,79.3
2011/03/28,78.1,79.6,78.0,78.6
2011/03/29,79.5,80.5,78.7,80.0
2011/03/30,80.5,80.5,80.0,80.4
2011/03/31,80.5,81.0,80.0,80.4
2011/04/01,80.4,80.5,79.1,80.4
2011/04/06,84.0,84.0,81.2,84.0
2011/04/07,84.0,84.3,82.8,84.1
2011/04/08,84.1,85.5,83.8,84.5
2011/04/11,84.5,84.5,83.2,84.0
2011/04/12,84.0,84.0,82.4,83.0
2011/04/13,83.0,83.0,82.2,82.3
2011/04/14,81.9,83.3,81.6,82.0
2011/04/15,82.7,82.7,80.6,80.6
2011/04/18,80.6,81.3,80.1,81.2
2011/04/19,80.1,80.2,79.0,80.0
2011/04/20,80.0,82.0,79.6,82.0
2011/04/21,82.4,83.9,80.5,80.5
2011/04/22,81.1,82.0,80.8,81.4
2011/04/25,82.1,83.3,81.6,82.2
2011/04/26,82.0,83.3,81.6,83.3
2011/04/27,84.0,84.5,83.5,83.9
2011/04/28,83.9,85.7,83.4,85.0
2011/04/29,86.0,86.3,83.0,84.0
2011/05/03,86.0,86.3,83.7,84.0
2011/05/04,84.6,85.4,83.4,85.0
2011/05/05,84.8,86.1,84.2,85.5
2011/05/06,85.5,85.5,84.7,85.5
2011/05/09,85.0,85.1,83.5,83.5
2011/05/10,83.5,84.0,81.8,83.8
2011/05/11,84.0,84.9,83.0,84.9
2011/05/12,84.9,85.9,84.5,85.3
2011/05/13,85.2,85.2,84.5,85.2
2011/05/16,84.5,85.1,83.9,83.9
2011/05/17,83.2,83.9,82.5,83.1
2011/05/18,83.1,84.0,83.0,83.5
2011/05/19,83.3,84.2,80.7,80.8
2011/05/20,80.8,81.4,76.3,77.0
2011/05/23,75.0,79.4,75.0,79.3
2011/05/24,79.0,80.0,77.7,80.0
2011/05/25,78.0,78.7,77.5,78.0
2011/05/26,76.2,78.4,76.2,77.1
2011/05/27,80.1,80.1,78.2,78.6
2011/05/30,78.8,80.3,78.8,79.2
2011/05/31,80.5,84.4,79.7,84.4
2011/06/01,85.0,85.4,82.2,83.3
2011/06/02,82.0,83.5,81.0,82.3
2011/06/03,83.0,83.0,81.3,83.0
2011/06/07,83.0,83.0,81.8,82.4
2011/06/08,83.0,83.0,81.4,81.9
2011/06/09,81.5,82.7,81.5,82.7
2011/06/10,83.5,83.5,81.5,81.6
2011/06/13,81.4,81.4,79.8,79.8
2011/06/14,80.0,81.6,79.8,81.5
2011/06/15,81.5,83.5,80.5,83.2
2011/06/16,81.2,82.8,81.2,81.9
2011/06/17,82.8,83.5,81.5,83.1
2011/06/20,83.1,83.4,80.7,82.0
2011/06/21,82.0,82.9,81.5,82.3
2011/06/22,82.6,86.0,82.6,84.3
2011/06/23,84.3,85.0,83.1,83.6
2011/06/24,84.0,85.1,82.6,84.9
2011/06/27,84.4,84.9,83.5,84.9
2011/06/28,85.9,85.9,84.2,84.2
2011/06/29,84.2,84.2,83.0,83.4
2011/06/30,85.0,85.0,83.2,84.4
2011/07/01,84.6,84.9,82.6,84.3
2011/07/04,84.4,85.0,83.0,83.0
2011/07/05,83.1,84.0,83.0,84.0
2011/07/06,84.0,84.0,83.1,83.1
2011/07/07,84.0,84.3,83.1,84.0
2011/07/08,84.0,84.0,81.6,81.9
2011/07/11,81.9,81.9,80.0,80.6
2011/07/12,79.1,80.0,79.1,79.4
2011/07/13,79.4,80.6,79.2,80.6
2011/07/14,81.3,81.9,80.6,81.2
2011/07/15,82.0,82.0,81.2,81.3
2011/07/18,81.3,81.5,80.3,81.2
2011/07/19,78.2,80.8,78.0,79.0
2011/07/20,80.7,80.7,79.6,80.0
2011/07/21,80.8,80.8,79.9,80.2
2011/07/22,81.1,81.1,80.2,80.6
2011/07/25,80.6,80.6,78.6,78.7
2011/07/26,78.1,79.1,78.1,78.7
2011/07/27,78.7,79.0,78.3,78.7
2011/07/28,78.5,80.7,77.8,78.5
2011/07/29,79.3,79.5,78.0,78.0
2011/08/01,78.5,80.5,78.5,79.0
2011/08/02,80.0,81.1,78.8,79.0
2011/08/03,77.5,79.7,77.3,78.8
2011/08/04,79.5,79.5,77.8,77.9
2011/08/05,72.5,74.0,72.5,72.5
2011/08/08,70.2,70.9,67.5,67.5
2011/08/09,62.8,64.9,62.8,63.4
2011/08/10,65.5,66.0,64.0,65.8
2011/08/11,63.7,66.7,63.4,66.7
2011/08/12,68.5,68.5,64.6,64.9
2011/08/15,66.0,66.9,65.6,66.9
2011/08/16,67.8,67.8,65.6,65.8
2011/08/17,66.0,66.5,65.5,65.8
2011/08/18,64.5,64.5,61.3,61.8
2011/08/19,59.3,59.6,58.4,59.3
2011/08/22,58.2,61.7,58.1,59.6
2011/08/23,60.8,62.5,60.2,61.9
2011/08/24,62.0,62.8,61.0,61.2
2011/08/25,62.0,62.7,60.4,60.5
2011/08/26,61.8,62.5,61.0,61.8
2011/08/29,66.0,66.0,63.5,65.3
2011/08/30,67.8,68.2,65.5,67.6
2011/08/31,67.6,67.6,65.0,66.5
2011/09/01,65.1,68.2,65.1,68.2
2011/09/02,68.0,68.0,67.0,68.0
2011/09/05,67.8,67.8,64.5,65.0
2011/09/06,65.0,65.1,63.5,63.6
2011/09/07,64.5,65.0,64.2,64.9
2011/09/08,65.2,65.8,64.3,65.0
2011/09/09,65.0,65.5,63.8,64.2
2011/09/13,63.6,64.0,63.5,63.5
2011/09/14,63.7,64.4,62.9,62.9
2011/09/15,64.1,65.9,64.0,64.1
2011/09/16,65.0,66.7,64.8,64.8
2011/09/19,65.1,65.6,64.2,64.2
2011/09/20,64.3,65.7,64.1,65.2
2011/09/21,65.4,65.7,64.5,65.2
2011/09/22,64.0,64.0,62.5,62.5
2011/09/23,60.1,61.2,59.3,60.8
2011/09/26,60.0,60.3,57.1,57.7
2011/09/27,58.3,60.8,58.3,60.2
2011/09/28,61.7,61.7,59.6,60.0
2011/09/29,60.0,61.4,59.4,61.0
2011/09/30,61.0,61.0,59.9,60.4
2011/10/03,60.4,60.4,58.5,58.8
2011/10/04,58.2,60.4,58.2,59.9
2011/10/05,60.4,61.0,59.3,59.3
2011/10/06,60.7,61.3,59.4,59.5
2011/10/07,61.5,62.4,60.8,62.0
2011/10/11,64.0,64.5,63.5,63.9
2011/10/12,64.2,64.5,63.4,64.2
2011/10/13,64.5,64.8,63.5,63.6
2011/10/14,64.0,64.0,62.8,63.0
2011/10/17,63.5,64.4,63.3,64.0
2011/10/18,63.2,64.0,63.0,63.9
2011/10/19,65.0,65.9,64.4,64.6
2011/10/20,65.4,65.5,63.5,63.5
2011/10/21,63.5,64.5,63.5,63.9
2011/10/24,64.6,66.3,64.6,65.6
2011/10/25,66.0,66.2,64.6,64.7
2011/10/26,63.8,65.9,63.8,65.6
2011/10/27,65.0,66.2,65.0,65.5
2011/10/28,66.5,69.2,66.3,68.3
2011/10/31,70.1,72.8,69.0,70.7
2011/11/01,70.7,71.3,70.0,70.1
2011/11/02,68.9,69.3,68.0,68.8
2011/11/03,69.3,69.6,67.7,67.7
2011/11/04,68.5,70.6,68.5,69.3
2011/11/07,69.7,70.3,69.3,69.5
2011/11/08,68.7,70.0,68.7,68.7
2011/11/09,68.9,69.9,68.9,69.5
2011/11/10,66.6,68.0,64.8,66.7
2011/11/11,67.0,67.0,65.6,66.7
2011/11/14,67.5,68.9,67.5,68.9
2011/11/15,68.6,69.2,68.3,68.8
2011/11/16,68.8,70.3,68.8,69.6
2011/11/17,70.5,72.0,69.5,71.0
2011/11/18,70.1,70.3,68.8,69.1
2011/11/21,69.1,69.1,66.0,67.5
2011/11/22,67.5,67.9,66.0,66.9
2011/11/23,66.9,67.5,66.1,66.1
2011/11/24,66.2,66.9,65.1,66.0
2011/11/25,66.1,67.0,64.4,64.4
2011/11/28,66.0,67.8,65.5,66.6
2011/11/29,66.9,67.5,66.1,67.0
2011/11/30,66.2,67.3,66.1,67.3
2011/12/01,69.1,72.0,68.0,71.7
2011/12/02,71.7,73.4,70.3,72.9
2011/12/05,72.9,73.0,71.7,71.7
2011/12/06,71.1,73.2,70.2,70.2
2011/12/07,70.9,74.7,70.9,73.0
2011/12/08,72.8,74.3,72.5,74.3
2011/12/09,73.3,73.8,70.0,71.4
2011/12/12,72.5,74.6,71.5,73.9
2011/12/13,73.0,74.5,72.9,74.5
2011/12/14,74.5,75.8,73.3,75.8
2011/12/15,75.5,75.7,74.0,74.3
2011/12/16,74.4,75.0,73.3,73.4
2011/12/19,73.0,73.0,71.0,71.1
2011/12/20,71.4,74.7,71.4,73.6
2011/12/21,75.3,78.2,75.3,75.5
2011/12/22,74.7,77.7,74.1,77.5
2011/12/23,78.5,82.0,78.5,80.4
2011/12/26,81.5,81.5,79.1,79.7
2011/12/27,78.9,79.0,78.2,78.6
2011/12/28,78.6,79.8,78.2,78.9
2011/12/29,78.9,80.4,77.8,79.2
2011/12/30,79.2,80.0,78.9,79.2
2012/01/02,79.2,79.2,75.8,76.0
2012/01/03,76.8,77.5,74.7,75.8
2012/01/04,76.7,76.9,74.2,74.7
2012/01/05,74.8,75.5,74.4,75.0
2012/01/06,75.4,77.6,75.1,77.6
2012/01/09,77.8,78.5,76.0,77.8
2012/01/10,78.8,79.9,77.8,78.2
2012/01/11,77.2,78.0,76.2,76.6
2012/01/12,76.6,77.2,75.9,77.0
2012/01/13,76.8,77.6,76.0,76.5
2012/01/16,76.5,77.8,74.6,76.6
2012/01/17,76.5,79.4,76.0,77.6
2012/01/18,77.0,77.9,75.0,77.0
2012/01/30,79.0,80.5,77.0,80.2
2012/01/31,79.3,81.1,79.2,79.7
2012/02/01,80.5,80.5,77.7,78.8
2012/02/02,79.9,83.0,79.0,82.7
2012/02/03,83.3,88.0,82.9,87.4
2012/02/06,86.2,86.2,84.0,85.9
2012/02/07,85.9,85.9,84.0,85.0
2012/02/08,85.0,90.9,82.5,88.5
2012/02/09,88.4,90.5,86.8,89.1
2012/02/10,89.0,90.5,87.0,87.3
2012/02/13,87.0,87.0,84.0,85.9
2012/02/14,85.9,86.3,81.0,82.5
2012/02/15,83.0,84.9,82.1,84.0
2012/02/16,83.3,84.7,81.0,81.5
2012/02/17,83.1,84.5,82.1,84.1
2012/02/20,85.4,85.4,83.1,84.0
2012/02/21,84.6,84.7,82.2,82.6
2012/02/22,82.6,83.5,82.2,83.0
2012/02/23,83.0,84.0,81.5,82.2
2012/02/24,82.4,82.4,81.1,82.2
2012/02/29,87.9,87.9,87.9,87.9
2012/03/01,87.9,87.9,84.6,85.5
2012/03/02,85.5,86.0,82.4,83.2
2012/03/05,82.0,83.0,81.7,82.0
2012/03/06,82.3,82.8,81.1,81.5
2012/03/07,80.1,82.7,80.1,81.6
2012/03/08,82.5,83.0,81.3,82.2
2012/03/09,82.6,82.9,81.5,82.2
2012/03/12,82.6,82.6,81.1,81.1
2012/03/13,81.2,82.9,81.2,81.5
2012/03/14,82.8,82.9,82.0,82.0
2012/03/15,82.0,83.7,82.0,83.6
2012/03/16,83.6,84.4,82.5,82.5
2012/03/19,84.0,84.0,82.1,83.0
2012/03/20,83.5,83.5,81.1,81.3
2012/03/21,81.3,81.8,78.1,79.5
2012/03/22,79.9,82.1,79.9,81.9
2012/03/23,84.0,86.2,83.1,85.4
2012/03/26,85.9,85.9,84.5,85.0
2012/03/27,85.6,85.8,83.5,83.5
2012/03/28,84.0,86.3,84.0,84.4
2012/03/29,84.4,84.4,82.7,83.5
2012/03/30,83.8,85.2,82.8,85.2
2012/04/02,85.2,85.2,83.5,84.4
2012/04/03,84.6,85.2,82.9,83.5
2012/04/05,81.0,81.8,77.7,79.4
2012/04/06,79.8,83.5,79.4,81.2
2012/04/09,79.5,81.5,79.5,81.2
2012/04/10,81.0,81.9,80.3,81.1
2012/04/11,80.7,81.5,80.1,81.2
2012/04/12,81.0,83.5,79.9,81.2
2012/04/13,82.2,82.4,81.3,81.8
2012/04/16,81.4,81.4,79.8,79.9
2012/04/17,79.9,80.7,78.3,79.1
2012/04/18,80.5,81.5,79.0,79.0
2012/04/19,79.4,79.6,78.2,78.5
2012/04/20,78.2,78.5,77.4,77.7
2012/04/23,77.5,78.2,76.8,77.6
2012/04/24,77.8,78.5,77.3,78.5
2012/04/25,79.5,79.5,78.5,78.6
2012/04/26,79.3,79.3,78.3,78.5
2012/04/27,79.3,80.0,77.8,77.8
2012/04/30,77.8,78.5,77.1,78.3
2012/05/02,79.3,81.8,78.5,81.8
2012/05/03,82.4,82.4,81.2,81.5
2012/05/04,81.0,81.8,81.0,81.5
2012/05/07,81.0,81.0,78.9,80.7
2012/05/08,80.6,83.4,80.1,81.5
2012/05/09,81.2,82.0,80.6,81.1
2012/05/10,81.5,81.5,80.5,81.3
2012/05/11,81.4,81.8,80.9,81.1
2012/05/14,81.7,82.5,81.0,82.2
2012/05/15,81.8,83.0,81.4,82.5
2012/05/16,82.4,82.4,80.6,80.8
2012/05/17,81.0,82.2,81.0,82.1
2012/05/18,81.2,81.9,80.7,81.3
2012/05/21,81.5,82.3,81.3,82.1
2012/05/22,82.5,82.6,82.0,82.0
2012/05/23,82.0,82.2,81.0,81.7
2012/05/24,82.0,82.5,81.9,82.3
2012/05/25,82.5,82.5,81.1,81.8
2012/05/28,81.7,82.2,81.2,81.8
2012/05/29,82.0,83.9,82.0,83.3
2012/05/30,83.2,83.4,82.0,82.7
2012/05/31,82.4,84.8,82.4,84.8
2012/06/01,84.3,85.0,83.5,83.6
2012/06/04,82.0,83.5,81.0,82.0
2012/06/05,82.8,85.4,82.8,83.4
2012/06/06,83.7,83.7,81.8,81.8
2012/06/07,82.5,82.6,80.1,80.6
2012/06/08,80.6,81.3,80.1,80.6
2012/06/11,81.8,82.9,81.8,82.2
2012/06/12,81.5,83.0,81.5,82.9
2012/06/13,82.8,82.9,81.4,81.7
2012/06/14,81.5,81.5,80.2,80.2
2012/06/15,80.5,81.1,75.7,75.7
2012/06/18,79.5,79.5,78.5,79.0
2012/06/19,79.3,80.1,79.0,79.9
2012/06/20,80.4,80.4,79.0,79.6
2012/06/21,79.5,80.2,79.4,80.2
2012/06/22,79.4,79.9,79.4,79.5
2012/06/25,79.5,79.5,77.7,77.9
2012/06/26,79.5,79.5,77.9,78.8
2012/06/27,78.8,79.9,78.5,79.9
2012/06/28,81.3,81.3,79.9,80.6
2012/06/29,82.3,82.5,81.3,82.5
2012/07/02,83.1,83.1,81.6,82.2
2012/07/03,82.2,83.0,82.2,82.7
2012/07/04,83.5,83.8,83.0,83.6
2012/07/05,78.1,78.4,77.8,77.8
2012/07/06,78.5,78.5,77.1,78.0
2012/07/09,79.6,79.6,77.3,79.2
2012/07/10,79.6,79.6,77.3,77.8
2012/07/11,78.5,78.5,77.5,77.5
2012/07/12,78.8,78.8,75.8,76.0
2012/07/13,77.1,77.1,75.9,76.1
2012/07/16,77.7,77.7,77.0,77.7
2012/07/17,78.9,79.9,78.3,79.9
2012/07/18,80.5,80.5,78.0,79.0
2012/07/19,79.9,80.3,79.3,79.9
2012/07/20,81.0,81.2,80.3,81.0
2012/07/23,81.0,81.0,78.5,79.0
2012/07/24,78.0,79.5,78.0,79.5
2012/07/25,79.0,79.3,77.4,77.5
2012/07/26,79.0,79.0,77.8,78.0
2012/07/27,79.8,80.7,79.5,80.7
2012/07/30,81.2,81.2,80.1,81.0
2012/07/31,81.0,82.0,80.7,81.0
2012/08/01,81.4,83.0,80.6,82.5
2012/08/03,82.5,82.5,80.8,81.0
2012/08/06,83.0,83.4,81.6,82.5
2012/08/07,83.5,83.8,82.5,83.0
2012/08/08,83.2,83.3,81.5,81.5
2012/08/09,82.0,82.8,81.7,82.0
2012/08/10,83.5,83.5,82.7,83.0
2012/08/13,83.3,83.3,82.3,82.9
2012/08/14,83.0,83.2,81.9,82.4
2012/08/15,82.5,82.5,81.6,82.0
2012/08/16,82.0,82.0,81.4,82.0
2012/08/17,82.5,82.5,81.2,81.7
2012/08/20,81.5,81.5,80.8,81.5
2012/08/21,81.5,82.0,80.8,81.2
2012/08/22,81.0,81.0,79.9,80.1
2012/08/23,79.9,80.6,79.4,80.0
2012/08/24,79.6,79.8,79.0,79.2
2012/08/27,79.8,80.2,79.1,79.8
2012/08/28,79.3,79.6,79.0,79.0
2012/08/29,78.5,79.1,76.7,77.5
2012/08/30,78.1,78.5,77.9,78.1
2012/08/31,78.4,79.0,78.4,78.6
2012/09/03,79.5,79.5,78.4,78.8
2012/09/04,79.3,79.3,78.5,78.6
2012/09/05,79.8,79.8,78.6,79.0
2012/09/06,79.0,79.2,78.0,78.3
2012/09/07,79.7,79.7,78.8,78.8
2012/09/10,79.5,79.5,78.3,78.5
2012/09/11,78.5,78.5,77.8,78.0
2012/09/12,78.7,78.7,77.6,77.8
2012/09/13,77.7,79.3,77.6,79.3
2012/09/14,79.8,79.9,78.9,79.1
2012/09/17,79.5,79.5,78.5,78.5
2012/09/18,79.3,79.3,77.8,77.9
2012/09/19,78.8,79.4,77.9,79.4
2012/09/20,79.9,79.9,78.0,78.0
2012/09/21,78.8,79.1,78.0,78.4
2012/09/24,78.8,78.8,78.0,78.1
2012/09/25,78.7,78.8,78.0,78.8
2012/09/26,78.8,78.8,78.1,78.8
2012/09/27,78.8,79.0,78.3,78.8
2012/09/28,79.4,79.5,78.5,79.3
2012/10/01,78.9,79.0,78.5,78.9
2012/10/02,79.1,79.3,78.6,79.3
2012/10/03,79.8,81.4,79.4,81.3
2012/10/04,81.4,82.0,80.7,81.5
2012/10/05,81.5,81.9,81.0,81.8
2012/10/08,81.5,82.0,80.1,81.3
2012/10/09,80.9,81.3,80.4,80.9
2012/10/11,79.4,80.3,79.4,79.4
2012/10/12,80.1,80.1,79.2,79.2
2012/10/15,79.3,79.3,78.1,78.4
2012/10/16,78.4,79.1,78.3,78.4
2012/10/17,78.6,80.0,78.2,78.2
2012/10/18,78.3,78.8,78.0,78.2
2012/10/19,78.2,78.6,77.6,77.9
2012/10/22,77.1,77.9,77.1,77.8
2012/10/23,77.6,78.5,77.0,78.5
2012/10/24,77.7,77.7,76.8,77.1
2012/10/25,77.0,77.2,76.0,76.1
2012/10/26,78.0,78.0,76.3,76.5
2012/10/29,77.0,77.0,73.3,73.9
2012/10/30,74.1,75.6,73.6,74.6
2012/10/31,75.1,75.1,73.4,73.5
2012/11/01,73.5,74.6,72.2,74.5
2012/11/02,74.2,74.8,73.3,73.3
2012/11/05,73.3,74.3,73.2,74.0
2012/11/06,74.2,74.5,73.5,74.5
2012/11/07,74.6,74.9,74.2,74.9
2012/11/08,74.5,74.7,73.9,74.5
2012/11/09,74.0,75.6,73.6,74.5
2012/11/12,75.0,75.0,73.9,74.3
2012/11/13,74.0,74.2,73.0,73.0
2012/11/14,74.5,74.5,73.1,73.8
2012/11/15,73.2,74.5,72.5,73.8
2012/11/16,73.2,74.2,73.2,73.6
2012/11/19,73.7,74.5,73.7,74.1
2012/11/20,74.8,74.8,73.8,74.2
2012/11/21,74.4,74.4,73.2,73.3
2012/11/22,73.0,73.8,73.0,73.4
2012/11/23,73.8,75.3,73.5,75.2
2012/11/26,75.5,76.4,75.2,76.0
2012/11/27,76.2,76.7,75.9,75.9
2012/11/28,75.2,75.6,74.8,75.6
2012/11/29,75.8,76.7,75.6,76.1
2012/11/30,76.5,78.5,76.5,78.5
2012/12/03,79.0,79.7,78.5,79.6
2012/12/04,79.6,79.9,79.0,79.8
2012/12/05,79.8,80.1,79.1,80.0
2012/12/06,80.1,80.5,80.1,80.4
2012/12/07,80.4,80.9,80.1,80.5
2012/12/10,80.1,81.1,78.5,80.0
2012/12/11,79.3,80.0,78.8,80.0
2012/12/12,80.2,80.9,80.2,80.7
2012/12/13,80.7,81.4,80.6,81.2
2012/12/14,77.8,81.3,77.8,81.1
2012/12/17,81.1,81.5,80.7,81.4
2012/12/18,81.6,81.6,80.9,81.6
2012/12/19,81.6,81.9,81.5,81.8
2012/12/20,81.6,81.6,80.2,81.4
2012/12/21,80.8,80.9,79.0,79.0
2012/12/24,79.8,80.2,79.3,79.9
2012/12/25,80.1,81.3,79.9,81.1
2012/12/26,81.1,81.2,79.7,80.9
2012/12/27,80.9,81.4,80.1,81.2
2012/12/28,81.5,81.5,80.3,80.8
2013/01/02,81.0,81.5,80.2,81.5
2013/01/03,81.5,82.0,80.8,82.0
2013/01/04,82.0,82.0,81.0,81.3
2013/01/07,81.4,81.9,80.5,81.8
2013/01/08,80.9,82.0,80.3,81.0
2013/01/09,81.5,81.9,80.9,81.0
2013/01/10,79.8,81.0,79.6,80.9
2013/01/11,80.9,80.9,79.8,80.5
2013/01/14,80.4,81.0,79.5,80.1
2013/01/15,80.5,81.2,80.3,81.2
2013/01/16,81.5,81.6,80.6,81.2
2013/01/17,81.8,81.8,80.8,81.2
2013/01/18,81.5,81.5,80.5,81.5
2013/01/21,81.2,81.3,80.4,81.2
2013/01/22,80.9,81.9,80.5,81.3
2013/01/23,81.3,81.5,80.6,81.5
2013/01/24,80.7,81.3,80.2,81.3
2013/01/25,81.3,81.5,80.4,81.1
2013/01/28,81.1,81.8,81.1,81.5
2013/01/29,82.0,82.0,81.0,81.5
2013/01/30,81.8,81.8,80.5,81.0
2013/01/31,81.0,81.7,80.1,80.7
2013/02/01,80.7,81.7,80.2,81.1
2013/02/04,81.4,81.5,80.7,81.2
2013/02/05,80.5,81.0,80.5,81.0
2013/02/06,81.0,81.7,80.5,81.4
2013/02/18,82.0,86.2,81.9,86.0
2013/02/19,87.0,87.0,85.4,85.8
2013/02/20,86.4,86.7,84.9,85.6
2013/02/21,86.4,86.4,84.9,85.2
2013/02/22,85.0,85.0,84.1,84.5
2013/02/25,85.6,85.7,84.8,85.0
2013/02/26,84.3,85.5,84.1,84.8
2013/02/27,84.8,85.5,84.3,84.5
2013/03/01,84.9,85.4,84.4,84.5
2013/03/04,85.3,87.0,84.8,86.8
2013/03/05,87.5,89.6,87.5,88.4
2013/03/06,89.4,90.2,88.5,89.0
2013/03/07,90.0,91.4,89.3,91.4
2013/03/08,92.5,94.5,92.5,93.8
2013/03/11,94.7,95.0,92.5,93.2
2013/03/12,93.1,94.3,92.0,92.7
2013/03/13,93.1,94.2,91.5,93.5
2013/03/14,93.0,94.9,92.3,94.4
2013/03/15,96.0,101.0,96.0,97.9
2013/03/18,97.1,97.1,94.6,95.0
2013/03/19,97.0,97.0,95.5,96.0
2013/03/20,97.2,99.5,96.3,96.5
2013/03/21,97.1,97.1,95.0,95.5
2013/03/22,97.9,99.0,96.8,97.2
2013/03/25,98.0,98.8,97.2,97.2
2013/03/26,98.0,98.0,97.0,97.4
2013/03/27,96.8,98.4,96.4,97.5
2013/03/28,96.2,97.5,95.1,96.8
2013/03/29,97.2,98.5,97.0,97.0
2013/04/01,97.6,98.9,97.6,97.7
2013/04/02,98.7,98.7,97.2,97.4
2013/04/03,98.5,101.0,97.9,101.0
2013/04/08,100.0,102.0,99.3,101.5
2013/04/09,101.0,102.0,96.6,98.5
2013/04/10,99.9,99.9,96.0,98.2
2013/04/11,98.2,98.9,97.0,97.0
2013/04/12,97.2,99.2,97.2,97.9
2013/04/15,97.9,99.2,97.6,98.3
2013/04/16,98.0,99.0,97.9,98.5
2013/04/17,99.0,101.5,97.7,101.5
2013/04/18,101.0,102.0,98.8,98.8
2013/04/19,99.9,101.0,99.3,100.0
2013/04/22,101.0,103.0,100.0,103.0
2013/04/23,103.0,105.5,102.0,103.5
2013/04/24,103.5,104.5,102.5,103.5
2013/04/25,103.5,103.5,101.5,102.0
2013/04/26,104.0,104.0,99.8,100.5
2013/04/29,102.0,102.0,99.5,100.0
2013/04/30,100.5,102.0,100.0,102.0
2013/05/02,102.0,103.0,101.5,102.0
2013/05/03,102.0,103.5,102.0,103.0
2013/05/06,103.0,104.0,102.0,103.0
2013/05/07,103.0,103.5,102.0,102.5
2013/05/08,102.5,104.0,101.0,102.0
2013/05/09,102.5,102.5,100.5,101.0
2013/05/10,100.0,103.5,99.5,100.5
2013/05/13,100.5,101.0,99.6,99.7
2013/05/14,99.3,99.4,97.7,98.4
2013/05/15,98.1,98.5,96.5,97.0
2013/05/16,97.7,99.0,97.0,98.0
2013/05/17,98.3,98.8,97.2,97.4
2013/05/20,98.0,99.0,96.5,97.1
2013/05/21,97.7,98.5,97.1,97.5
2013/05/22,98.3,98.3,97.0,97.5
2013/05/23,97.2,99.2,96.7,98.0
2013/05/24,98.0,99.0,96.9,97.0
2013/05/27,96.9,97.3,94.6,95.7
2013/05/28,95.7,95.7,93.5,94.0
2013/05/29,95.9,96.4,95.0,96.0
2013/05/30,96.8,96.8,95.6,95.8
2013/05/31,96.5,99.4,96.1,98.3
2013/06/03,97.8,98.6,97.2,98.0
2013/06/04,98.6,98.6,96.2,97.2
2013/06/05,97.7,98.5,96.8,98.5
2013/06/06,98.0,98.3,96.7,97.4
2013/06/07,98.3,98.5,96.6,98.5
2013/06/10,99.0,99.0,97.6,98.2
2013/06/11,98.7,98.7,97.0,97.4
2013/06/13,98.0,98.8,96.8,97.5
2013/06/14,98.0,98.5,94.2,94.6
2013/06/17,94.1,96.5,93.5,94.5
2013/06/18,94.7,94.7,93.2,94.0
2013/06/19,95.2,97.0,94.7,95.4
2013/06/20,94.0,98.0,94.0,98.0
2013/06/21,96.3,96.5,93.0,93.0
2013/06/24,95.4,96.5,94.0,94.4
2013/06/25,94.2,94.5,90.2,90.3
2013/06/26,94.0,94.0,89.0,92.4
2013/06/27,91.8,94.4,91.6,93.0
2013/06/28,93.0,94.0,91.8,93.0
2013/07/01,93.0,96.2,93.0,96.0
2013/07/02,96.8,98.5,96.6,98.3
2013/07/03,92.0,92.9,90.1,90.2
2013/07/04,90.2,90.2,86.0,86.7
2013/07/05,87.0,88.2,86.0,86.0
2013/07/08,90.0,90.0,87.2,88.2
2013/07/09,88.2,88.2,86.2,86.6
2013/07/10,87.0,88.4,86.8,86.8
2013/07/11,88.0,88.8,86.9,87.3
2013/07/12,87.6,89.5,87.6,89.0
2013/07/15,89.5,90.0,89.2,90.0
2013/07/16,91.8,91.8,89.8,90.2
2013/07/17,91.5,91.5,90.3,91.3
2013/07/18,91.4,91.8,89.9,90.5
2013/07/19,90.0,91.8,88.6,91.2
2013/07/22,91.6,92.0,90.9,91.0
2013/07/23,90.7,92.0,90.7,91.0
2013/07/24,91.2,91.7,89.8,90.0
2013/07/25,88.9,88.9,87.0,87.4
2013/07/26,87.4,88.7,87.4,88.5
2013/07/29,88.7,88.7,86.7,86.7
2013/07/30,86.7,87.7,86.7,87.7
2013/07/31,87.7,87.9,86.6,87.0
2013/08/01,87.7,87.9,86.1,86.2
2013/08/02,87.7,87.7,86.1,86.5
2013/08/05,86.1,87.5,85.9,87.0
2013/08/06,88.0,89.0,87.0,87.2
2013/08/07,87.2,87.2,86.2,87.0
2013/08/08,87.0,87.3,85.2,85.6
2013/08/09,86.9,87.0,85.4,86.0
2013/08/12,85.5,86.0,85.3,86.0
2013/08/13,85.9,86.5,85.7,85.7
2013/08/14,86.0,87.5,86.0,87.3
2013/08/15,86.5,87.0,86.1,86.4
2013/08/16,85.8,87.2,85.7,87.1
2013/08/19,87.1,87.1,86.1,86.5
2013/08/20,86.0,86.9,85.5,85.9
2013/08/22,85.4,85.8,85.0,85.4
2013/08/23,85.5,86.0,85.1,85.3
2013/08/26,85.0,85.8,85.0,85.5
2013/08/27,85.7,85.7,85.0,85.5
2013/08/28,85.0,85.9,84.8,85.2
2013/08/29,85.0,86.1,85.0,86.0
2013/08/30,86.5,88.3,85.9,88.3
2013/09/02,88.3,88.7,87.6,88.0
2013/09/03,88.1,88.5,87.1,87.9
2013/09/04,87.0,88.1,87.0,88.0
2013/09/05,90.0,94.0,90.0,91.3
2013/09/06,92.6,92.8,90.0,90.2
2013/09/09,90.2,91.0,89.5,90.0
2013/09/10,91.0,91.3,90.1,91.0
2013/09/11,91.5,91.6,90.1,91.5
2013/09/12,91.5,91.8,90.8,91.5
2013/09/13,91.5,91.8,91.0,91.4
2013/09/16,91.2,92.0,91.2,91.8
2013/09/17,92.0,92.9,91.2,92.9
2013/09/18,93.8,93.9,91.0,93.3
2013/09/23,93.6,94.4,92.9,94.4
2013/09/24,94.0,94.2,93.1,93.5
2013/09/25,92.5,93.9,92.5,93.0
2013/09/26,92.4,93.5,92.3,93.5
2013/09/27,92.5,93.6,92.5,93.6
2013/09/30,93.0,93.1,92.4,93.1
2013/10/01,92.5,93.0,92.3,92.3
2013/10/02,91.8,93.6,91.8,93.3
2013/10/03,93.0,95.3,93.0,94.5
2013/10/04,94.5,94.9,93.9,94.5
2013/10/07,94.0,94.0,93.0,93.5
2013/10/08,93.8,93.8,92.6,93.5
2013/10/09,93.0,93.0,92.5,92.5
2013/10/11,93.5,93.5,92.6,93.0
2013/10/14,93.0,93.0,91.6,91.9
2013/10/15,92.0,93.3,92.0,92.6
2013/10/16,91.9,92.6,91.8,91.9
2013/10/17,91.9,92.9,91.8,92.2
2013/10/18,92.9,93.2,92.6,92.9
2013/10/21,92.4,93.3,92.4,92.5
2013/10/22,93.3,93.3,92.5,92.8
2013/10/23,93.3,93.3,92.4,92.8
2013/10/24,93.0,93.2,92.2,93.2
2013/10/25,93.2,93.3,92.6,92.8
2013/10/28,93.0,93.3,92.7,92.9
2013/10/29,93.0,93.1,92.6,92.7
2013/10/30,93.3,93.3,92.7,93.0
2013/10/31,93.1,93.2,91.6,92.8
2013/11/01,93.0,93.1,92.8,93.0
2013/11/04,93.1,93.1,91.5,92.5
2013/11/05,91.6,92.3,90.8,91.6
2013/11/06,91.6,92.4,91.6,92.2
2013/11/07,92.2,92.3,91.6,91.8
2013/11/08,91.0,92.0,90.0,91.8
2013/11/11,91.4,91.7,90.8,91.1
2013/11/12,91.4,91.4,90.3,90.8
2013/11/13,90.7,90.7,89.6,89.6
2013/11/14,89.6,89.6,88.8,88.9
2013/11/15,88.8,90.2,88.8,90.2
2013/11/18,90.0,90.0,86.4,86.4
2013/11/19,86.5,89.5,86.5,89.5
2013/11/20,88.8,89.0,88.5,89.0
2013/11/21,88.8,89.0,87.8,89.0
2013/11/22,88.5,88.5,87.0,88.1
2013/11/25,88.0,88.0,86.4,87.0
2013/11/26,86.9,89.3,86.8,89.3
2013/11/27,89.0,89.0,88.0,88.0
2013/11/28,88.2,88.9,88.2,88.7
2013/11/29,88.3,88.7,88.0,88.1
2013/12/02,88.2,88.8,87.5,88.0
2013/12/03,88.0,88.6,87.3,87.3
2013/12/04,87.0,87.4,86.6,87.4
2013/12/05,87.4,87.4,86.5,86.5
2013/12/06,86.6,87.0,86.5,86.5
2013/12/09,87.8,88.5,87.0,88.1
2013/12/10,88.1,88.2,87.3,87.5
2013/12/11,87.3,87.7,86.4,86.5
2013/12/12,86.5,86.5,85.6,85.6
2013/12/13,85.6,86.0,84.7,84.9
2013/12/16,84.8,84.8,83.6,83.9
2013/12/17,84.0,84.6,83.3,83.3
2013/12/18,83.3,83.8,82.7,83.0
2013/12/19,83.2,83.3,82.0,82.2
2013/12/20,82.2,83.2,82.0,83.0
2013/12/23,84.5,84.5,83.4,83.5
2013/12/24,84.4,84.4,83.4,83.5
2013/12/25,84.2,84.2,83.6,84.0
2013/12/26,84.0,84.3,83.4,83.5
2013/12/27,84.0,84.0,83.0,83.6
2013/12/30,84.2,84.6,83.5,84.6
2013/12/31,85.1,86.8,84.5,85.7
2014/01/02,87.0,87.0,85.7,86.8
2014/01/03,86.8,86.8,85.9,86.4
2014/01/06,86.4,86.9,86.0,86.6
2014/01/07,86.9,88.0,86.5,87.4
2014/01/08,87.6,88.2,87.6,87.8
2014/01/09,88.3,89.0,87.6,88.9
2014/01/10,89.0,89.9,88.1,88.2
2014/01/13,89.0,89.1,88.2,88.2
2014/01/14,88.2,88.5,87.3,87.3
2014/01/15,87.3,88.4,86.8,87.3
2014/01/16,88.0,88.7,87.8,88.6
2014/01/17,88.6,88.7,88.0,88.5
2014/01/20,88.5,89.7,88.2,89.4
2014/01/21,89.8,90.9,89.8,90.0
2014/01/22,90.1,91.3,90.0,90.5
2014/01/23,90.5,91.0,89.6,90.0
2014/01/24,89.5,91.0,89.5,91.0
2014/01/27,90.1,90.4,88.2,90.2
2014/02/05,88.1,88.7,86.4,87.3
2014/02/06,87.0,89.6,86.7,88.3
2014/02/07,89.3,90.3,88.3,89.8
2014/02/10,89.8,90.5,89.1,89.6
2014/02/11,90.4,90.9,88.7,88.7
2014/02/12,88.8,90.5,88.8,90.2
2014/02/13,89.2,90.8,89.2,90.2
2014/02/14,90.5,91.9,90.3,90.8
2014/02/17,90.8,92.5,90.7,91.7
2014/02/18,92.0,92.0,91.3,92.0
2014/02/19,91.5,93.7,91.5,92.9
2014/02/20,93.0,93.1,91.6,92.1
2014/02/21,91.8,92.6,90.8,92.3
2014/02/24,91.8,92.9,91.8,92.4
2014/02/25,92.4,92.4,91.5,91.5
2014/02/26,91.0,91.8,90.8,90.8
2014/02/27,90.8,92.4,90.4,92.4
2014/03/03,91.7,91.7,90.8,91.5
2014/03/04,91.0,91.5,90.6,90.7
2014/03/05,91.0,91.3,90.1,90.1
2014/03/06,90.7,91.3,90.1,90.5
2014/03/07,90.6,91.5,90.4,90.7
2014/03/10,90.7,90.7,89.1,89.6
2014/03/11,89.7,90.4,89.7,90.1
2014/03/12,90.0,90.5,89.9,90.5
2014/03/13,90.5,91.0,90.0,90.7
2014/03/14,90.7,91.3,90.0,91.2
2014/03/17,91.9,92.0,91.3,91.9
2014/03/18,92.4,92.4,91.7,91.9
2014/03/19,91.8,93.3,91.4,92.7
2014/03/20,94.0,96.5,93.2,95.5
2014/03/21,96.4,100.5,95.9,95.9
2014/03/24,95.9,98.8,95.9,97.0
2014/03/25,98.0,98.1,96.5,97.5
2014/03/26,97.5,97.8,97.1,97.2
2014/03/27,97.2,97.5,96.5,96.9
2014/03/28,96.3,97.8,96.3,97.5
2014/03/31,98.0,99.7,96.9,99.0
2014/04/01,99.7,100.5,98.5,99.4
2014/04/02,99.2,101.5,99.2,99.8
2014/04/03,101.0,103.0,100.0,102.0
2014/04/07,101.0,101.5,100.0,101.0
2014/04/08,101.0,101.5,99.8,100.5
2014/04/09,100.5,101.0,99.9,99.9
2014/04/10,100.5,103.0,100.0,101.5
2014/04/11,100.0,101.5,100.0,101.5
2014/04/14,100.0,101.5,99.0,99.0
2014/04/15,100.0,101.0,99.9,100.0
2014/04/16,101.0,102.0,99.9,101.5
2014/04/17,101.5,101.5,100.0,101.5
2014/04/18,101.5,102.0,100.0,100.0
2014/04/21,100.0,101.5,100.0,100.0
2014/04/22,101.0,102.5,100.5,102.0
2014/04/23,103.0,103.0,100.0,100.0
2014/04/24,100.0,101.0,100.0,100.0
2014/04/25,101.0,101.0,97.0,98.2
2014/04/28,98.8,101.0,98.2,100.0
2014/04/29,100.0,101.0,100.0,100.0
2014/04/30,102.0,102.0,99.6,99.6
2014/05/02,100.0,101.0,99.1,99.5
2014/05/05,100.5,100.5,99.1,99.9
2014/05/06,100.5,100.5,99.1,99.5
2014/05/07,100.0,100.5,98.8,99.8
2014/05/08,101.0,106.5,101.0,106.5
2014/05/09,109.0,109.5,105.0,105.0
2014/05/12,107.0,107.0,105.0,105.5
2014/05/13,106.5,110.0,106.0,106.0
2014/05/14,107.0,107.5,105.5,107.0
2014/05/15,107.5,108.5,106.5,107.5
2014/05/16,106.0,107.0,103.5,106.0
2014/05/19,106.5,108.5,105.0,107.5
2014/05/20,107.0,108.5,106.5,106.5
2014/05/21,105.0,106.0,104.5,105.0
2014/05/22,105.5,106.5,105.0,106.0
2014/05/23,105.0,106.5,104.0,106.0
2014/05/26,107.0,107.0,105.5,105.5
2014/05/27,106.5,106.5,105.0,106.0
2014/05/28,106.5,109.5,105.5,108.5
2014/05/29,108.5,109.0,107.0,107.0
2014/05/30,109.0,109.0,107.5,109.0
2014/06/03,109.0,109.0,107.5,108.5
2014/06/04,109.0,109.0,106.5,106.5
2014/06/05,108.0,113.5,108.0,113.5
2014/06/06,112.5,113.0,108.5,109.0
2014/06/09,110.5,111.0,107.5,109.0
2014/06/10,108.5,109.0,107.0,109.0
2014/06/11,111.0,111.5,107.5,109.5
2014/06/12,110.0,110.5,108.0,109.0
2014/06/13,109.5,109.5,108.0,109.0
2014/06/16,110.0,110.0,108.5,108.5
2014/06/17,109.5,109.5,108.0,108.0
2014/06/18,109.5,110.5,109.0,110.0
2014/06/19,112.0,112.0,109.0,110.0
2014/06/20,112.0,112.0,109.5,109.5
2014/06/23,109.5,110.0,107.5,108.0
2014/06/24,109.0,110.0,108.5,109.0
2014/06/25,108.5,110.0,108.0,110.0
2014/06/26,109.5,110.0,108.0,109.5
2014/06/27,109.5,109.5,108.0,109.0
2014/06/30,102.5,103.5,101.5,102.5
2014/07/01,103.5,103.5,101.5,102.0
2014/07/02,102.0,103.0,101.0,102.0
2014/07/03,102.0,102.0,100.0,101.5
2014/07/04,102.0,103.5,101.5,103.5
2014/07/07,105.0,105.0,102.5,105.0
2014/07/08,105.0,108.5,104.0,108.5
2014/07/09,108.5,108.5,105.5,108.0
2014/07/10,108.0,109.0,107.5,107.5
2014/07/11,107.0,108.0,104.5,105.0
2014/07/14,105.0,106.5,104.0,105.0
2014/07/15,105.0,106.0,104.5,105.0
2014/07/16,106.0,107.0,105.5,107.0
2014/07/17,107.0,108.0,106.0,108.0
2014/07/18,107.5,107.5,105.5,105.5
2014/07/21,105.5,106.0,102.5,103.0
2014/07/22,103.5,105.5,103.0,105.5
2014/07/24,106.0,107.5,104.5,107.5
2014/07/25,107.5,107.5,103.0,105.5
2014/07/28,104.0,106.0,104.0,106.0
2014/07/29,106.5,106.5,105.0,106.5
2014/07/30,105.5,107.0,103.5,104.5
2014/07/31,104.0,104.5,103.0,103.0
2014/08/01,101.5,103.5,101.5,102.5
2014/08/04,103.0,105.0,103.0,105.0
2014/08/05,106.0,106.0,103.0,104.0
2014/08/06,104.0,104.5,102.5,103.0
2014/08/07,102.0,103.5,102.0,102.5
2014/08/08,103.5,103.5,101.5,102.0
2014/08/11,103.5,104.0,102.5,102.5
2014/08/12,103.0,103.5,101.5,101.5
2014/08/13,101.0,104.0,101.0,103.5
2014/08/14,103.0,103.5,101.5,102.0
2014/08/15,103.0,103.0,101.5,102.0
2014/08/18,103.0,103.0,100.0,100.0
2014/08/19,102.0,103.0,100.5,103.0
2014/08/20,103.5,103.5,101.5,102.5
2014/08/21,102.5,102.5,100.0,101.0
2014/08/22,102.0,103.5,101.5,103.5
2014/08/25,103.0,104.0,101.5,103.0
2014/08/26,102.0,102.5,101.0,102.0
2014/08/27,102.5,103.0,101.5,102.0
2014/08/28,102.5,104.0,102.0,104.0
2014/08/29,104.0,104.0,99.6,100.5
2014/09/01,101.0,101.5,100.0,101.0
2014/09/02,101.5,101.5,100.5,101.5
2014/09/03,102.0,102.0,100.5,102.0
2014/09/04,101.0,102.0,100.5,102.0
2014/09/05,102.0,102.0,101.0,102.0
2014/09/09,101.5,102.5,101.0,101.5
2014/09/10,102.0,102.0,99.8,101.0
2014/09/11,101.0,101.5,99.9,100.0
2014/09/12,99.5,100.0,98.0,98.5
2014/09/15,98.2,98.2,96.5,97.5
2014/09/16,98.2,98.6,96.8,96.8
2014/09/17,97.0,98.0,96.6,97.1
2014/09/18,97.0,97.6,96.5,97.1
2014/09/19,97.0,97.0,96.6,97.0
2014/09/22,96.7,96.7,93.8,94.0
2014/09/23,94.0,95.0,94.0,94.5
2014/09/24,95.3,97.9,95.3,97.3
2014/09/25,98.3,98.5,95.4,97.1
2014/09/26,96.1,98.0,95.0,97.8
2014/09/29,98.8,98.8,96.2,97.8
2014/09/30,98.2,101.5,97.0,101.0
2014/10/01,102.0,102.0,99.3,99.7
2014/10/02,99.0,102.0,99.0,102.0
2014/10/03,101.0,102.0,100.0,100.5
2014/10/06,99.5,100.5,99.3,100.5
2014/10/07,100.5,101.5,99.3,101.5
2014/10/08,101.0,102.5,100.5,101.5
2014/10/09,101.5,102.0,100.0,100.5
2014/10/13,98.0,100.5,97.0,98.1
2014/10/14,98.1,100.0,98.1,100.0
2014/10/15,100.0,101.0,99.0,100.0
2014/10/16,99.0,100.0,96.1,96.3
2014/10/17,96.0,97.0,93.9,95.3
2014/10/20,95.5,98.7,95.5,96.9
2014/10/21,96.7,97.9,95.0,95.0
2014/10/22,95.9,97.5,95.0,96.2
2014/10/23,97.0,97.2,95.6,97.2
2014/10/24,98.0,98.0,96.2,97.7
2014/10/27,98.0,98.5,97.2,97.7
2014/10/28,98.4,101.0,98.4,101.0
2014/10/29,102.0,103.0,101.0,102.0
2014/10/30,102.0,102.0,100.5,101.0
2014/10/31,101.0,102.5,100.5,102.5
2014/11/03,102.5,103.0,101.5,102.5
2014/11/04,102.5,102.5,101.0,102.5
2014/11/05,102.5,103.0,101.5,102.0
2014/11/06,102.0,102.5,101.5,102.5
2014/11/07,102.5,102.5,100.0,100.0
2014/11/10,101.5,103.0,101.5,102.5
2014/11/11,103.0,105.5,102.5,104.5
2014/11/12,105.0,105.0,103.0,104.5
2014/11/13,105.0,105.0,101.0,101.5
2014/11/14,102.5,103.0,101.5,102.0
2014/11/17,101.5,102.0,99.7,99.7
2014/11/18,100.0,101.0,98.9,99.6
2014/11/19,99.6,102.5,99.6,102.0
2014/11/20,102.0,102.0,101.0,102.0
2014/11/21,102.0,102.5,99.8,100.0
2014/11/24,100.5,100.5,99.2,100.0
2014/11/25,100.5,103.0,99.3,103.0
2014/11/26,102.0,102.5,101.0,101.0
2014/11/27,101.5,102.5,101.0,102.0
2014/11/28,103.0,103.0,100.5,101.5
2014/12/01,100.0,101.0,99.7,100.0
2014/12/02,100.0,101.0,99.0,101.0
2014/12/03,102.0,102.0,100.0,101.0
2014/12/04,102.0,102.0,100.5,102.0
2014/12/05,101.0,102.5,101.0,102.5
2014/12/08,103.0,103.0,101.0,101.5
2014/12/09,101.0,101.5,99.4,99.8
2014/12/10,99.0,100.5,98.5,99.8
2014/12/11,99.0,99.7,98.6,98.6
2014/12/12,100.0,100.0,98.1,98.3
2014/12/15,98.0,99.6,97.0,98.2
2014/12/16,98.8,101.0,98.4,99.0
2014/12/17,99.0,99.9,98.0,98.0
2014/12/18,98.1,99.7,96.5,96.5
2014/12/19,97.6,98.3,97.0,98.3
2014/12/22,98.8,99.9,97.4,97.4
2014/12/23,98.1,98.3,97.6,97.9
2014/12/24,97.9,99.8,97.9,98.9
2014/12/25,99.0,99.0,97.9,98.0
2014/12/26,98.2,98.5,97.9,98.2
2014/12/29,98.2,99.3,98.2,98.9
2014/12/30,99.0,100.0,98.4,98.4
2014/12/31,98.4,99.9,98.0,98.7
2015/01/05,98.7,99.4,98.0,98.5
2015/01/06,98.0,98.9,98.0,98.1
2015/01/07,98.0,98.8,97.7,98.1
2015/01/08,98.8,99.4,98.3,98.4
2015/01/09,99.1,99.4,98.3,98.5
2015/01/12,98.2,99.4,98.1,98.9
2015/01/13,98.9,99.4,98.6,99.4
2015/01/14,99.2,99.6,98.4,98.7
2015/01/15,99.3,99.6,98.7,99.2
2015/01/16,99.2,99.6,98.6,99.4
2015/01/19,99.4,99.9,99.4,99.9
2015/01/20,99.9,104.0,99.6,102.5
2015/01/21,103.0,103.0,101.5,102.5
2015/01/22,102.5,105.0,102.0,105.0
2015/01/23,105.0,106.0,102.0,103.0
2015/01/26,103.5,104.0,101.5,102.0
2015/01/27,103.0,103.5,101.5,102.5
2015/01/28,101.5,103.0,100.5,101.5
2015/01/29,101.5,102.5,101.0,102.5
2015/01/30,103.0,103.0,100.5,100.5
2015/02/02,100.5,102.0,100.0,102.0
2015/02/03,103.0,104.0,101.5,103.5
2015/02/04,104.0,104.0,103.0,103.0
2015/02/05,103.0,104.0,102.5,104.0
2015/02/06,103.5,105.0,103.5,105.0
2015/02/09,104.5,104.5,102.5,103.0
2015/02/10,103.0,103.0,102.0,102.5
2015/02/11,102.5,103.5,100.5,102.0
2015/02/12,101.0,102.5,100.5,101.5
2015/02/13,101.5,102.5,101.5,102.0
2015/02/24,103.0,104.5,102.0,104.0
2015/02/25,104.0,104.0,103.0,103.5
2015/02/26,103.0,104.0,102.5,103.5
2015/03/02,104.5,104.5,103.0,104.0
2015/03/03,104.0,110.0,103.5,108.0
2015/03/04,108.0,108.5,106.5,108.0
2015/03/05,107.0,108.0,107.0,107.0
2015/03/06,107.0,114.0,106.0,111.0
2015/03/09,109.5,110.0,108.0,109.0
2015/03/10,108.0,114.5,107.0,109.0
2015/03/11,107.5,108.5,107.0,107.0
2015/03/12,108.0,108.0,106.5,107.5
2015/03/13,110.0,111.5,107.0,108.0
2015/03/16,112.0,113.0,108.5,109.5
2015/03/17,110.5,111.5,109.0,110.0
2015/03/18,111.5,111.5,109.5,109.5
2015/03/19,110.0,111.0,109.0,109.0
2015/03/20,109.0,110.5,107.5,108.5
2015/03/23,109.0,110.0,108.5,110.0
2015/03/24,111.0,111.0,108.5,110.0
2015/03/25,110.0,115.5,110.0,111.0
2015/03/26,109.0,111.5,109.0,111.0
2015/03/27,111.0,111.0,108.5,110.0
2015/03/30,111.0,111.5,109.5,109.5
2015/03/31,110.5,111.0,110.0,111.0
2015/04/01,111.0,111.0,109.5,110.0
2015/04/02,111.0,112.0,110.5,112.0
2015/04/07,113.0,113.0,112.0,112.0
2015/04/08,115.0,119.5,115.0,119.5
2015/04/09,120.5,121.5,114.5,115.5
2015/04/10,115.5,117.5,115.0,116.5
2015/04/13,116.5,117.0,115.5,117.0
2015/04/14,118.0,120.0,117.5,119.5
2015/04/15,120.0,120.5,117.0,118.0
2015/04/16,118.0,119.5,117.0,118.0
2015/04/17,117.0,117.5,113.0,116.0
2015/04/20,116.0,116.5,113.0,115.0
2015/04/21,116.5,117.0,114.5,115.5
2015/04/22,117.0,118.5,116.5,118.5
2015/04/23,119.0,121.0,118.5,119.0
2015/04/24,120.0,121.0,118.5,120.0
2015/04/27,120.0,121.0,119.0,120.0
2015/04/28,120.5,120.5,119.0,120.0
2015/04/29,120.0,120.5,118.0,119.0
2015/04/30,119.0,119.0,118.0,118.0
2015/05/04,118.5,121.0,117.5,121.0
2015/05/05,121.0,122.0,119.0,121.0
2015/05/06,120.0,121.5,119.5,120.0
2015/05/07,120.0,120.0,117.0,117.5
2015/05/08,118.5,120.0,117.5,119.5
2015/05/11,121.0,121.0,119.5,120.0
2015/05/12,120.0,120.5,119.0,120.0
2015/05/13,120.0,120.0,116.5,117.0
2015/05/14,118.0,118.0,116.0,116.5
2015/05/15,116.5,117.5,115.5,116.5
2015/05/18,116.5,117.0,114.5,115.5
2015/05/19,116.5,120.5,115.5,116.0
2015/05/20,116.5,118.0,116.5,117.5
2015/05/21,117.0,119.5,115.0,115.5
2015/05/22,115.5,117.0,114.5,115.0
2015/05/25,115.0,116.5,111.0,113.5
2015/05/26,113.5,115.5,113.0,115.5
2015/05/27,115.5,117.0,114.5,117.0
2015/05/28,118.5,118.5,116.0,116.5
2015/05/29,115.5,119.5,115.5,118.0
2015/06/01,119.0,119.0,117.5,118.5
2015/06/02,119.0,120.0,117.5,118.5
2015/06/03,118.5,119.0,115.5,118.5
2015/06/04,118.0,119.0,114.0,114.0
2015/06/05,114.0,115.0,113.0,114.0
2015/06/08,113.0,120.0,113.0,119.0
2015/06/09,116.0,118.5,113.5,114.5
2015/06/10,114.5,118.0,114.5,118.0
2015/06/11,116.0,118.0,116.0,117.5
2015/06/12,116.0,116.5,114.5,114.5
2015/06/15,114.5,115.5,114.0,114.0
2015/06/16,114.0,114.5,113.0,114.5
2015/06/17,114.0,115.5,113.5,115.0
2015/06/18,116.0,118.0,114.5,118.0
2015/06/22,117.0,118.0,116.5,117.5
2015/06/23,117.5,119.5,117.0,117.5
2015/06/24,118.0,118.0,117.0,118.0
2015/06/25,118.0,118.5,117.5,118.5
2015/06/26,118.5,118.5,117.5,118.0
2015/06/29,116.5,118.0,116.5,117.0
2015/06/30,109.0,114.5,109.0,113.5
2015/07/01,114.0,114.0,112.0,113.0
2015/07/02,112.0,115.0,109.0,113.5
2015/07/03,112.0,113.0,110.0,110.5
2015/07/06,110.0,110.5,108.0,108.0
2015/07/07,107.5,108.5,104.5,105.0
2015/07/08,102.5,104.0,99.5,102.0
2015/07/09,100.5,100.5,99.0,99.0
2015/07/13,99.5,99.6,97.7,98.0
2015/07/14,98.9,100.5,98.0,98.2
2015/07/15,99.2,105.0,98.7,103.5
2015/07/16,102.0,103.0,101.0,101.0
2015/07/17,101.0,102.0,99.0,99.5
2015/07/20,100.0,101.0,97.5,98.1
2015/07/21,98.3,98.5,97.3,97.3
2015/07/22,96.6,99.7,95.9,99.7
2015/07/23,99.0,99.0,96.5,97.5
2015/07/24,97.5,98.0,97.0,97.5
2015/07/27,96.7,97.2,95.5,96.8
2015/07/28,96.8,98.4,95.5,98.4
2015/07/29,97.5,97.5,95.7,95.8
2015/07/30,95.8,96.7,95.1,95.3
2015/07/31,95.1,96.7,93.9,94.1
2015/08/03,94.3,96.0,92.1,96.0
2015/08/04,96.0,97.5,94.8,97.5
2015/08/05,97.5,98.0,96.0,97.6
2015/08/06,97.6,98.8,97.5,97.5
2015/08/07,91.2,94.0,91.2,92.4
2015/08/10,91.0,91.8,88.6,88.8
2015/08/11,88.9,89.8,88.7,88.7
2015/08/12,89.1,90.8,89.0,90.0
2015/08/13,90.0,90.8,88.8,89.0
2015/08/14,88.2,88.2,87.2,88.2
2015/08/17,88.0,88.6,87.8,88.1
2015/08/18,88.0,88.8,82.8,84.0
2015/08/19,83.7,83.7,77.1,77.5
2015/08/20,76.7,77.3,76.0,77.0
2015/08/21,76.0,76.0,71.0,71.4
2015/08/24,70.6,72.9,68.1,70.0
2015/08/25,69.9,74.5,69.3,73.7
2015/08/26,73.7,73.7,72.0,73.2
2015/08/27,75.0,76.8,74.8,76.2
2015/08/28,77.0,80.2,77.0,79.8
2015/08/31,79.8,87.7,78.0,87.7
2015/09/01,85.0,85.0,81.1,81.6
2015/09/02,80.0,81.4,78.3,80.1
2015/09/03,80.1,81.5,80.1,81.3
2015/09/04,81.0,81.2,80.0,80.2
2015/09/07,80.3,81.5,79.8,80.8
2015/09/08,80.7,81.0,80.2,80.4
2015/09/09,81.9,84.4,81.6,83.3
2015/09/10,83.5,84.0,82.0,84.0
2015/09/11,83.1,84.0,82.5,83.3
2015/09/14,83.1,83.8,82.9,83.4
2015/09/15,83.4,83.5,80.0,81.1
2015/09/16,83.0,89.2,81.6,89.2
2015/09/17,89.2,98.0,88.1,98.0
2015/09/18,98.0,98.8,95.0,95.0
2015/09/21,95.0,95.0,92.0,92.5
2015/09/22,93.1,94.3,91.0,91.0
2015/09/23,90.1,90.1,86.5,86.5
2015/09/24,86.5,87.4,83.5,84.0
2015/09/25,83.5,84.6,82.0,83.0
2015/09/30,81.8,86.0,81.5,83.0
2015/10/01,84.0,85.3,83.1,84.1
2015/10/02,84.4,85.3,83.7,84.9
2015/10/05,85.6,86.4,85.0,85.6
2015/10/06,86.5,86.8,85.2,86.6
2015/10/07,86.4,87.3,85.4,86.6
2015/10/08,86.6,87.1,84.6,85.0
2015/10/12,86.0,87.6,85.6,86.2
2015/10/13,87.0,87.4,85.1,86.1
2015/10/14,86.0,86.0,85.2,86.0
2015/10/15,87.7,87.7,86.5,86.8
2015/10/16,87.0,88.2,86.6,88.2
2015/10/19,88.8,91.4,88.7,90.5
2015/10/20,91.5,92.8,90.1,91.3
2015/10/21,91.5,92.3,90.1,91.1
2015/10/22,91.0,92.8,89.5,92.0
2015/10/23,93.0,93.2,90.9,90.9
2015/10/26,91.6,92.3,91.5,92.0
2015/10/27,91.5,92.0,90.8,92.0
2015/10/28,91.5,93.2,91.0,92.1
2015/10/29,92.1,92.3,90.2,90.2
2015/10/30,90.2,91.0,88.8,90.7
2015/11/02,90.7,90.8,89.3,90.4
2015/11/03,90.8,92.0,90.2,90.4
2015/11/04,90.6,92.0,90.0,90.2
2015/11/05,90.5,91.6,90.1,90.3
2015/11/06,91.3,91.5,89.6,90.3
2015/11/09,90.4,91.4,89.6,90.0
2015/11/10,87.5,89.0,87.1,87.1
2015/11/11,87.2,87.4,85.3,85.3
2015/11/12,85.6,85.9,85.2,85.4
2015/11/13,85.3,85.4,85.0,85.0
2015/11/16,83.0,83.8,82.5,83.2
2015/11/17,83.5,84.0,82.2,82.2
2015/11/18,82.5,82.9,81.3,81.6
2015/11/19,82.6,83.7,81.6,83.5
2015/11/20,83.0,83.5,82.5,82.5
2015/11/23,82.5,83.8,82.5,83.5
2015/11/24,83.5,84.5,83.4,83.7
2015/11/25,84.5,84.5,83.4,83.7
2015/11/26,84.4,85.3,83.7,84.1
2015/11/27,84.5,84.6,83.9,84.5
2015/11/30,83.0,85.3,82.0,85.3
2015/12/01,84.6,85.5,83.9,85.0
2015/12/02,85.1,86.9,85.1,86.5
2015/12/03,86.1,86.3,85.6,85.9
2015/12/04,85.5,85.5,84.0,85.0
2015/12/07,85.3,87.6,85.3,86.6
2015/12/08,86.6,86.9,84.8,85.2
2015/12/09,86.0,86.0,84.6,84.7
2015/12/10,84.3,84.3,82.0,83.7
2015/12/11,83.7,83.9,82.5,82.6
2015/12/14,82.0,82.0,81.0,81.8
2015/12/15,82.5,82.7,81.6,82.0
2015/12/16,82.5,83.1,81.9,82.5
2015/12/17,83.4,85.2,82.8,85.2
2015/12/18,85.2,87.8,84.3,86.9
2015/12/21,86.1,86.8,84.7,85.2
2015/12/22,85.6,86.8,85.6,86.0
2015/12/23,86.0,86.5,85.7,86.0
2015/12/24,86.5,87.0,86.0,86.1
2015/12/25,86.5,86.5,86.0,86.3
2015/12/28,86.2,87.0,86.2,86.4
2015/12/29,86.4,86.8,85.5,86.1
2015/12/30,86.5,86.6,85.1,85.6
2015/12/31,86.5,86.6,85.5,85.7
2016/01/05,83.6,85.3,83.6,84.1
2016/01/06,84.4,84.8,82.3,83.5
2016/01/07,84.3,84.5,83.0,83.9
2016/01/08,83.9,84.0,82.3,83.9
2016/01/11,83.9,85.0,81.5,84.0
2016/01/12,83.9,83.9,81.5,81.6
2016/01/13,82.1,83.3,82.1,82.9
2016/01/14,82.3,83.4,81.3,82.4
2016/01/15,83.0,83.0,81.8,82.0
2016/01/18,82.0,85.0,81.5,83.5
2016/01/19,84.2,84.5,83.0,84.0
2016/01/20,84.0,84.3,82.5,82.7
2016/01/21,82.8,83.5,82.0,82.0
2016/01/22,83.0,84.8,82.4,84.4
2016/01/25,85.0,85.1,84.0,85.1
2016/01/26,84.0,84.0,82.5,82.8
2016/01/27,83.7,85.5,83.7,85.0
2016/01/28,85.0,87.5,84.7,86.8
2016/01/29,86.9,89.8,86.6,89.8
2016/02/01,89.3,91.5,88.7,91.4
2016/02/02,92.0,92.6,90.4,91.6
2016/02/03,91.2,93.0,90.5,91.5
2016/02/15,89.0,92.5,89.0,92.5
2016/02/16,92.0,94.2,91.8,94.2
2016/02/17,94.7,95.0,93.7,94.9
2016/02/18,96.3,96.9,95.9,96.9
2016/02/19,97.0,97.8,96.6,97.7
2016/02/22,98.0,98.2,96.0,97.0
2016/02/23,97.0,98.0,96.7,97.2
2016/02/24,97.0,98.2,96.9,97.4
2016/02/25,98.0,98.9,97.7,98.6
2016/02/26,98.1,103.0,98.1,101.5
2016/03/01,102.0,105.5,102.0,105.5
2016/03/02,106.0,106.0,104.0,105.5
2016/03/03,105.0,107.5,104.0,106.0
2016/03/04,106.0,107.0,102.0,102.5
2016/03/07,102.0,102.0,100.0,101.0
2016/03/08,99.8,101.0,99.2,100.5
2016/03/09,101.5,104.0,100.0,102.5
2016/03/10,102.5,104.5,102.0,104.5
2016/03/11,105.0,106.0,104.0,105.0
2016/03/14,107.0,107.0,102.5,102.5
2016/03/15,102.5,103.5,99.7,100.5
2016/03/16,102.0,102.0,99.0,99.1
2016/03/17,101.0,101.0,97.8,97.8
2016/03/18,98.3,101.5,98.2,99.4
2016/03/21,100.5,100.5,99.5,99.9
2016/03/22,100.0,100.0,97.1,97.7
2016/03/23,97.5,98.8,97.3,98.6
2016/03/24,98.5,99.2,97.4,97.8
2016/03/25,98.0,98.2,97.5,97.9
2016/03/28,98.5,98.5,97.9,98.3
2016/03/29,98.1,98.6,98.0,98.5
2016/03/30,99.2,101.0,98.1,98.8
2016/03/31,100.0,100.5,98.7,99.5
2016/04/01,99.0,99.0,98.5,99.0
2016/04/06,98.0,98.1,96.2,97.3
2016/04/07,97.5,97.5,95.9,96.2
2016/04/08,96.2,96.2,95.1,95.8
2016/04/11,95.8,96.8,95.1,96.3
2016/04/12,96.3,96.5,95.0,95.2
2016/04/13,95.2,96.9,95.2,96.8
2016/04/14,97.0,97.0,95.7,95.9
2016/04/15,95.9,96.9,95.5,96.9
2016/04/18,96.3,97.5,96.3,97.5
2016/04/19,97.5,98.0,95.5,95.7
2016/04/20,96.0,96.5,94.2,94.8
2016/04/21,94.8,94.8,93.0,93.8
2016/04/22,93.2,93.8,92.5,92.9
2016/04/25,92.5,94.4,92.5,92.8
2016/04/26,92.8,93.5,92.0,92.8
2016/04/27,92.8,93.0,92.0,92.7
2016/04/28,92.6,92.7,92.0,92.5
2016/04/29,92.0,92.4,90.7,90.7
2016/05/03,90.7,90.9,88.0,90.6
2016/05/04,90.6,90.6,89.0,89.8
2016/05/05,89.5,89.8,88.2,89.2
2016/05/06,88.2,88.6,87.6,87.8
2016/05/09,87.8,88.8,87.5,87.8
2016/05/10,87.6,89.3,86.5,87.9
2016/05/11,88.0,88.3,86.7,86.8
2016/05/12,86.3,88.2,86.3,88.1
2016/05/13,87.6,87.6,84.0,86.2
2016/05/16,86.1,86.6,85.3,85.8
2016/05/17,86.2,86.5,85.0,86.3
2016/05/18,85.6,86.5,85.6,86.5
2016/05/19,86.0,86.4,85.1,85.5
2016/05/20,86.1,87.8,85.6,87.4
2016/05/23,87.6,92.6,85.7,91.5
2016/05/24,90.5,91.1,89.0,89.2
2016/05/25,90.5,91.5,89.8,91.1
2016/05/26,92.3,92.3,90.1,90.6
2016/05/27,91.8,91.8,90.1,90.4
2016/05/30,90.0,92.3,90.0,91.8
2016/05/31,91.8,94.6,91.8,93.2
2016/06/01,93.1,94.2,93.1,94.0
2016/06/02,94.0,94.1,93.2,93.8
2016/06/03,93.8,94.2,93.2,94.0
2016/06/06,94.0,96.0,93.8,95.0
2016/06/07,94.5,96.0,94.5,96.0
2016/06/08,95.2,96.5,95.2,96.4
2016/06/13,95.0,95.1,92.7,93.1
2016/06/14,92.5,94.4,92.5,94.4
2016/06/15,94.4,95.8,94.1,95.8
2016/06/16,96.0,96.5,95.0,95.8
2016/06/17,96.0,96.0,93.5,93.5
2016/06/20,94.0,95.6,93.8,95.4
2016/06/21,96.0,97.5,95.4,97.5
2016/06/22,97.5,97.5,96.1,96.9
2016/06/23,96.4,96.7,96.0,96.1
2016/06/24,96.6,97.4,93.0,93.5
2016/06/27,93.0,95.5,92.5,95.4
2016/06/28,94.7,95.4,94.0,94.6
2016/06/29,94.6,97.0,94.6,96.6
2016/06/30,97.0,97.8,95.6,97.6
2016/07/01,97.8,99.5,97.1,99.0
2016/07/04,99.6,100.5,99.0,99.3
2016/07/05,99.3,99.9,98.2,98.4
2016/07/06,98.4,98.7,97.5,98.4
2016/07/07,91.6,92.5,91.6,91.9
2016/07/11,92.2,95.3,92.2,94.2
2016/07/12,93.7,94.9,93.7,94.4
2016/07/13,95.6,96.0,94.1,96.0
2016/07/14,95.4,96.0,95.3,95.6
2016/07/15,95.1,95.9,94.9,95.0
2016/07/18,95.9,96.8,95.6,96.6
2016/07/19,97.0,97.5,96.2,97.0
2016/07/20,97.0,97.8,95.5,97.5
2016/07/21,97.5,98.0,96.9,97.9
2016/07/22,97.8,97.8,96.2,96.7
2016/07/25,96.5,97.0,95.0,96.0
2016/07/26,96.0,96.0,95.0,96.0
2016/07/27,96.4,96.4,95.8,96.0
2016/07/28,96.0,97.3,95.6,97.0
2016/07/29,96.1,96.3,94.7,95.7
2016/08/01,94.6,96.5,94.5,95.0
2016/08/02,95.7,95.7,94.6,94.8
2016/08/03,95.0,95.2,93.7,95.2
2016/08/04,94.3,95.0,93.9,94.2
2016/08/05,95.0,95.6,94.8,95.5
2016/08/08,95.5,95.9,94.0,95.0
2016/08/09,94.5,97.5,94.5,97.0
2016/08/10,96.0,96.4,94.9,96.0
2016/08/11,95.8,95.8,94.1,95.2
2016/08/12,95.3,95.6,94.6,95.3
2016/08/15,95.8,96.8,95.2,96.7
2016/08/16,95.6,96.8,94.7,96.8
2016/08/17,96.0,96.5,95.1,95.8
2016/08/18,95.2,95.3,94.6,94.8
2016/08/19,95.1,95.5,94.2,94.4
2016/08/22,94.4,94.7,93.9,94.0
2016/08/23,93.3,93.7,92.6,93.7
2016/08/24,93.0,93.3,91.8,92.0
2016/08/25,91.8,92.2,91.1,91.8
2016/08/26,91.8,92.4,91.6,92.2
2016/08/29,92.2,92.4,90.6,91.6
2016/08/30,91.1,92.3,91.1,91.9
2016/08/31,91.6,92.3,91.5,91.5
2016/09/01,91.5,91.8,90.6,91.4
2016/09/02,91.7,91.8,90.6,91.1
2016/09/05,91.1,91.8,90.7,91.1
2016/09/06,91.1,92.5,91.1,92.5
2016/09/07,91.8,92.5,90.6,90.6
2016/09/08,90.6,91.3,90.1,90.5
2016/09/09,90.1,90.6,90.0,90.2
2016/09/12,91.0,91.5,89.6,90.0
2016/09/13,90.0,91.0,89.2,90.1
2016/09/14,89.4,90.7,89.4,90.7
2016/09/19,90.7,91.4,90.1,90.5
2016/09/20,90.2,90.4,90.0,90.0
2016/09/21,90.0,91.0,89.5,91.0
2016/09/22,91.2,91.8,91.0,91.2
2016/09/23,91.7,92.5,91.7,92.3
2016/09/26,92.7,92.7,91.8,92.2
2016/09/29,93.0,93.5,92.8,93.3
2016/09/30,92.6,92.7,91.3,91.5
2016/10/03,92.2,92.2,91.0,91.3
2016/10/04,92.0,92.5,91.9,92.5
2016/10/05,92.5,92.7,92.3,92.6
2016/10/06,92.9,92.9,92.0,92.3
2016/10/07,92.3,92.3,91.3,91.5
2016/10/11,92.5,92.5,90.0,90.1
2016/10/12,89.5,91.2,89.5,90.9
2016/10/13,91.0,91.0,89.7,89.9
2016/10/14,89.8,90.0,89.5,89.5
2016/10/17,89.5,89.6,88.0,89.0
2016/10/18,89.0,90.5,88.6,90.3
2016/10/19,89.8,90.5,89.3,89.5
2016/10/20,89.1,89.8,89.0,89.3
2016/10/21,89.1,90.4,88.9,90.1
2016/10/24,90.0,90.0,88.1,88.1
2016/10/25,88.3,89.2,87.5,87.9
2016/10/26,87.9,87.9,87.1,87.4
2016/10/27,87.2,87.5,86.9,87.0
2016/10/28,87.1,87.8,87.0,87.5
2016/10/31,87.4,87.9,86.2,87.2
2016/11/01,87.0,87.4,86.9,87.0
2016/11/02,87.0,87.1,86.1,86.9
2016/11/03,86.4,86.5,85.8,85.8
2016/11/04,85.2,85.7,85.0,85.5
2016/11/07,85.3,86.2,85.3,85.6
2016/11/08,85.6,86.8,85.6,86.8
2016/11/09,87.0,87.3,85.0,85.1
2016/11/10,86.0,86.4,85.8,86.0
2016/11/11,85.0,85.2,82.9,82.9
2016/11/14,83.0,83.1,81.1,81.1
2016/11/15,82.5,82.5,81.3,81.7
2016/11/16,82.4,82.4,80.6,81.4
2016/11/17,81.4,81.4,79.1,79.5
2016/11/18,79.5,81.4,79.5,81.0
2016/11/21,81.0,82.7,80.9,82.3
2016/11/22,82.4,82.8,82.1,82.5
2016/11/23,83.6,85.6,83.6,84.6
2016/11/24,84.6,85.8,84.5,84.5
2016/11/25,85.0,85.0,83.6,83.7
2016/11/28,84.5,84.5,84.0,84.0
2016/11/29,84.8,84.8,83.5,83.6
2016/11/30,84.6,87.4,84.3,87.4
2016/12/01,87.2,87.4,85.6,87.0
2016/12/02,87.0,88.2,86.0,86.5
2016/12/05,87.3,87.3,85.2,86.0
2016/12/06,86.8,87.4,86.3,87.0
2016/12/07,86.9,87.3,86.4,86.8
2016/12/08,87.4,87.4,86.7,86.8
2016/12/09,87.3,87.7,86.9,87.2
2016/12/12,87.2,87.3,85.2,85.5
2016/12/13,84.7,86.2,84.7,85.3
2016/12/14,85.5,86.7,85.5,86.5
2016/12/15,86.5,86.9,85.5,86.7
2016/12/16,87.0,87.0,85.4,85.4
2016/12/19,85.4,86.0,85.4,85.6
2016/12/20,85.7,85.7,84.2,84.7
2016/12/21,85.3,85.3,84.6,84.6
2016/12/22,84.6,85.3,84.6,84.8
2016/12/23,84.6,85.1,84.0,84.0
2016/12/26,84.0,85.0,84.0,84.9
2016/12/27,85.2,85.2,84.5,84.6
2016/12/28,84.6,85.0,84.6,84.7
2016/12/29,84.7,85.3,84.7,84.7
2016/12/30,84.7,85.5,84.7,85.2
2017/01/03,85.8,86.0,85.1,85.6
2017/01/04,85.6,86.8,85.6,86.5
2017/01/05,86.5,87.0,86.1,86.8
2017/01/06,86.4,87.1,86.1,86.1
2017/01/09,86.1,86.9,86.1,86.5
2017/01/10,86.8,86.8,86.0,86.7
2017/01/11,86.5,86.7,86.0,86.6
2017/01/12,86.3,86.7,86.2,86.2
2017/01/13,86.4,86.9,86.3,86.9
2017/01/16,87.0,87.0,85.0,85.2
2017/01/17,85.2,86.0,84.5,85.1
2017/01/18,85.1,85.9,85.0,85.3
2017/01/19,85.6,85.9,85.0,85.2
2017/01/20,85.2,85.5,84.8,85.2
2017/01/23,85.6,86.6,85.6,86.3
2017/01/24,86.0,86.5,85.5,85.5
2017/02/02,85.6,86.0,84.8,85.1
2017/02/03,86.0,86.0,85.0,85.5
2017/02/06,85.5,86.1,85.5,86.0
2017/02/07,86.0,86.4,85.7,85.8
2017/02/08,86.0,86.4,85.8,86.2
2017/02/09,86.5,86.7,85.5,86.2
2017/02/10,86.3,86.7,85.7,86.0
2017/02/13,86.7,87.9,86.0,87.8
2017/02/14,88.2,88.5,87.3,88.4
2017/02/15,88.7,88.8,88.1,88.5
2017/02/16,88.7,88.9,87.2,87.5
2017/02/17,87.5,87.7,87.0,87.0
2017/02/20,87.5,88.0,87.3,87.5
2017/02/21,88.0,88.0,87.3,88.0
2017/02/22,88.4,88.4,87.8,88.0
2017/02/23,87.8,88.4,87.8,88.2
2017/02/24,88.5,88.5,86.3,86.3
2017/03/01,86.4,86.8,86.3,86.4
2017/03/02,86.9,87.2,84.9,85.9
2017/03/03,85.8,86.2,85.3,86.0
2017/03/06,86.0,86.9,86.0,86.9
2017/03/07,86.9,87.7,86.8,87.7
2017/03/08,87.8,87.9,87.1,87.6
2017/03/09,87.4,87.7,86.8,87.7
2017/03/10,88.1,89.8,86.8,89.5
2017/03/13,90.4,93.4,90.4,93.1
2017/03/14,94.0,97.5,93.9,97.1
2017/03/15,97.0,97.0,96.0,97.0
2017/03/16,97.3,98.0,96.6,97.2
2017/03/17,97.2,98.4,96.8,98.2
2017/03/20,98.5,101.0,98.5,100.5
2017/03/21,100.5,101.5,99.7,100.0
2017/03/22,99.6,101.0,98.7,101.0
2017/03/23,101.0,101.0,99.8,100.0
2017/03/24,100.0,100.5,99.3,99.6
2017/03/27,100.0,102.5,99.9,100.0
2017/03/28,100.5,101.0,99.7,100.5
2017/03/29,101.5,102.0,99.5,100.0
2017/03/30,100.0,101.0,99.0,99.0
2017/03/31,99.0,101.0,98.2,99.4
2017/04/05,100.0,102.0,100.0,102.0
2017/04/06,102.0,102.0,100.0,101.5
2017/04/07,101.0,102.0,99.9,102.0
2017/04/10,102.0,102.0,100.0,101.5
2017/04/11,102.0,103.0,100.5,103.0
2017/04/12,103.0,103.0,100.0,101.0
2017/04/13,100.5,101.0,100.0,100.0
2017/04/14,100.0,101.0,98.5,100.0
2017/04/17,100.0,101.0,100.0,100.0
2017/04/18,100.5,102.0,99.9,101.0
2017/04/19,100.0,100.5,99.9,100.0
2017/04/20,99.5,99.5,97.0,99.4
2017/04/21,98.5,100.5,98.5,100.5
2017/04/24,100.5,100.5,98.6,98.8
2017/04/25,99.5,101.5,98.8,101.5
2017/04/26,102.5,104.5,102.0,104.0
2017/04/27,104.5,104.5,102.5,102.5
2017/04/28,103.5,103.5,102.0,103.0
2017/05/02,103.0,104.5,102.5,104.0
2017/05/03,104.5,104.5,102.0,103.0
2017/05/04,103.0,104.0,101.5,103.5
2017/05/05,102.5,104.0,102.0,104.0
2017/05/08,104.0,104.0,98.0,99.2
2017/05/09,99.1,99.8,98.1,98.1
2017/05/10,98.1,101.0,98.1,100.5
2017/05/11,99.9,101.0,99.6,101.0
2017/05/12,101.5,101.5,100.0,101.0
2017/05/15,100.5,101.0,100.0,100.0
2017/05/16,100.0,101.0,100.0,101.0
2017/05/17,100.0,101.0,99.0,101.0
2017/05/18,100.0,100.0,97.7,98.8
2017/05/19,99.4,99.4,98.6,98.8
2017/05/22,98.8,99.5,98.5,99.1
2017/05/23,98.6,99.4,98.6,98.9
2017/05/24,100.0,102.0,99.5,100.5
2017/05/25,101.5,102.0,101.0,102.0
2017/05/26,103.0,103.0,100.0,100.0
2017/05/31,100.0,103.0,99.5,103.0
2017/06/01,102.5,102.5,101.0,101.5
2017/06/02,102.0,102.0,100.5,101.5
2017/06/05,101.5,102.5,100.5,102.5
2017/06/06,102.5,102.5,101.5,101.5
2017/06/07,102.0,102.5,101.0,101.5
2017/06/08,101.5,103.5,101.0,103.0
2017/06/09,103.5,103.5,101.0,101.0
2017/06/12,99.8,100.0,99.1,99.5
2017/06/13,99.1,100.5,99.1,100.0
2017/06/14,100.5,103.0,99.5,103.0
2017/06/15,102.5,103.5,101.5,103.5
2017/06/16,103.5,103.5,102.0,103.5
2017/06/19,103.5,103.5,102.5,103.5
2017/06/20,103.5,103.5,102.5,102.5
2017/06/21,102.5,103.5,102.0,103.5
2017/06/22,103.5,104.0,103.0,103.5
2017/06/23,103.5,104.0,102.0,103.0
2017/06/26,103.0,103.5,102.5,103.5
2017/06/27,103.5,104.0,103.0,103.0
2017/06/28,101.0,102.5,101.0,101.5
2017/06/29,102.5,103.0,102.0,102.5
2017/06/30,101.0,102.0,101.0,102.0
2017/07/03,96.0,96.1,95.0,95.2
2017/07/04,95.3,95.6,94.5,94.5
2017/07/05,94.5,94.8,92.7,94.0
2017/07/06,94.0,94.0,93.0,93.5
2017/07/07,93.5,93.9,93.1,93.7
2017/07/10,94.0,94.0,93.3,93.4
2017/07/11,93.9,94.9,93.8,94.5
2017/07/12,94.5,95.1,93.8,95.1
2017/07/13,95.2,95.5,94.6,94.8
2017/07/14,95.2,95.3,94.1,94.4
2017/07/17,94.4,94.4,93.5,94.0
2017/07/18,94.0,94.0,93.3,93.6
2017/07/19,93.6,93.9,93.1,93.2
2017/07/20,93.5,93.5,93.1,93.2
2017/07/21,93.2,93.3,92.7,92.7
2017/07/24,92.7,93.0,92.1,92.7
2017/07/25,93.2,93.2,91.9,92.0
2017/07/26,92.0,92.6,91.1,91.1
2017/07/27,91.2,91.2,90.5,90.7
2017/07/28,91.0,91.1,90.0,90.0
2017/07/31,90.6,90.6,88.3,89.5
2017/08/01,89.7,90.0,89.5,89.8
2017/08/02,91.1,91.1,90.3,90.7
2017/08/03,90.5,90.5,89.5,89.8
2017/08/04,90.0,90.5,89.8,90.5
2017/08/07,90.9,90.9,89.8,90.3
2017/08/08,90.1,90.6,89.9,90.0
2017/08/09,90.0,90.0,89.0,89.1
2017/08/10,89.1,89.4,88.3,88.9
2017/08/11,88.9,89.6,88.7,88.7
2017/08/14,89.9,89.9,88.7,88.7
2017/08/15,89.5,89.8,88.9,89.5
2017/08/16,89.5,90.1,89.1,89.5
2017/08/17,89.5,89.9,89.5,89.8
2017/08/18,89.8,89.8,89.1,89.3
2017/08/21,89.0,90.2,89.0,89.6
2017/08/22,90.0,90.1,89.6,89.7
2017/08/23,90.2,90.3,89.5,89.5
2017/08/24,89.5,90.0,89.3,89.8
2017/08/25,90.1,90.2,89.6,90.0
2017/08/28,90.5,90.5,89.8,90.0
2017/08/29,90.0,90.0,89.5,89.8
2017/08/30,90.2,91.0,89.5,89.6
2017/08/31,89.8,90.4,89.7,90.0
2017/09/01,90.9,90.9,89.8,89.8
2017/09/04,89.8,90.3,89.6,89.7
2017/09/05,90.1,90.1,89.5,89.6
2017/09/06,90.0,90.0,88.7,89.2
2017/09/07,89.8,90.3,89.1,89.4
2017/09/08,90.0,90.2,89.5,89.8
2017/09/11,90.4,90.4,89.4,89.5
2017/09/12,90.1,90.1,88.9,89.0
2017/09/13,89.6,89.6,88.7,88.8
2017/09/14,89.8,89.8,88.5,89.2
2017/09/15,89.3,89.4,88.0,88.0
2017/09/18,88.2,90.1,88.2,88.8
2017/09/19,89.7,89.9,88.6,88.6
2017/09/20,89.5,89.5,88.5,88.8
2017/09/21,88.8,89.5,88.5,88.8
2017/09/22,88.8,89.0,88.0,88.1
2017/09/25,88.1,88.1,86.2,86.6
2017/09/26,86.5,86.8,84.6,84.8
2017/09/27,85.1,85.9,85.0,85.3
2017/09/28,86.0,86.0,85.1,85.1
2017/09/29,85.1,85.7,85.0,85.7
2017/10/02,87.0,87.9,87.0,87.7
2017/10/03,88.1,88.7,88.0,88.0
2017/10/05,88.0,88.0,86.1,86.5
2017/10/06,86.5,86.8,86.0,86.7
2017/10/11,86.9,88.2,85.6,88.1
2017/10/12,88.6,88.7,87.2,87.9
2017/10/13,87.9,87.9,86.4,87.6
2017/10/16,87.2,87.2,86.6,87.0
2017/10/17,87.0,87.0,85.8,85.9
2017/10/18,85.4,86.8,85.1,86.5
2017/10/19,86.3,86.3,85.6,85.9
2017/10/20,85.7,86.0,85.2,85.8
2017/10/23,86.5,86.5,85.7,86.0
2017/10/24,86.0,86.1,85.2,85.5
2017/10/25,85.9,86.2,85.3,85.9
2017/10/26,86.0,86.4,85.5,85.5
2017/10/27,86.0,86.3,85.4,85.7
2017/10/30,86.0,86.3,85.7,85.7
2017/10/31,86.1,86.1,85.6,85.6
2017/11/01,86.0,86.3,85.6,86.3
2017/11/02,86.1,86.2,85.6,85.9
2017/11/03,85.9,85.9,85.3,85.3
2017/11/06,85.7,86.2,85.3,86.0
2017/11/07,86.3,86.6,86.0,86.4
2017/11/08,86.5,86.5,86.0,86.0
2017/11/09,86.1,86.5,85.1,85.2
2017/11/10,85.1,85.1,84.2,84.5
2017/11/13,84.3,84.7,83.5,83.5
2017/11/14,83.1,85.8,83.0,85.2
2017/11/15,84.3,84.6,83.1,84.3
2017/11/16,84.2,84.2,83.5,83.5
2017/11/17,84.1,84.1,83.1,83.3
2017/11/20,83.7,83.7,82.5,82.6
2017/11/21,82.9,83.1,82.3,82.7
2017/11/22,83.0,83.0,82.6,82.8
2017/11/23,83.0,83.5,82.8,83.4
2017/11/24,83.6,85.5,83.6,84.5
2017/11/27,85.0,85.0,83.5,83.7
2017/11/28,83.7,83.9,82.6,82.6
2017/11/29,82.6,83.8,82.6,83.7
2017/11/30,83.0,85.3,83.0,83.7
2017/12/01,83.7,85.0,83.6,85.0
2017/12/04,85.0,85.5,83.4,83.5
2017/12/05,83.5,83.5,82.8,83.0
2017/12/06,83.1,83.2,82.5,82.6
2017/12/07,82.7,83.1,82.0,82.0
2017/12/08,82.0,82.2,81.0,81.2
2017/12/11,81.2,81.9,81.2,81.5
2017/12/12,81.6,81.7,81.0,81.1
2017/12/13,81.0,81.1,80.6,80.6
2017/12/14,81.3,82.3,80.7,81.2
2017/12/15,81.2,82.5,80.4,82.5
2017/12/18,82.4,82.7,81.7,81.9
2017/12/19,82.0,82.3,80.7,80.8
2017/12/20,81.0,81.4,80.8,81.1
2017/12/21,81.7,81.9,81.2,81.5
2017/12/22,81.6,81.9,81.5,81.6
2017/12/25,82.0,82.3,81.9,82.1
2017/12/26,82.3,82.3,81.8,81.9
2017/12/27,82.0,82.1,81.8,81.9
2017/12/28,82.0,82.5,82.0,82.2
2017/12/29,82.3,82.7,82.3,82.7
2018/01/02,82.7,83.1,82.5,82.9
2018/01/03,83.1,83.2,81.8,82.7
2018/01/04,82.7,83.1,82.3,82.7
2018/01/05,82.8,83.5,82.8,83.2
2018/01/08,83.4,83.5,83.1,83.3
2018/01/09,83.5,83.8,83.1,83.7
2018/01/10,83.7,83.8,83.2,83.6
2018/01/11,82.4,82.9,81.9,82.7
2018/01/12,82.3,82.7,82.2,82.2
2018/01/16,82.5,83.2,82.1,83.0
2018/01/17,83.1,83.6,82.9,83.4
2018/01/18,83.6,83.9,83.1,83.3
2018/01/19,83.3,83.8,83.3,83.8
2018/01/22,83.9,84.7,83.9,84.5
2018/01/23,84.7,84.7,84.0,84.3
2018/01/24,84.3,84.8,84.0,84.8
2018/01/25,85.0,85.2,84.8,84.9
2018/01/26,84.9,85.2,84.6,84.8
2018/01/29,84.8,84.9,84.4,84.8
2018/01/30,85.0,85.4,84.4,84.7
2018/01/31,84.6,84.6,84.0,84.3
2018/02/01,84.3,85.0,84.3,84.5
2018/02/02,84.9,84.9,84.2,84.4
2018/02/05,83.8,84.3,83.3,84.1
2018/02/06,83.0,83.4,81.0,81.7
2018/02/07,82.0,83.1,82.0,82.0
2018/02/08,82.0,82.7,81.6,81.9
2018/02/09,80.7,81.5,80.1,81.2
2018/02/12,82.1,82.1,81.6,81.9
2018/02/21,82.2,82.9,82.2,82.9
2018/02/22,82.9,83.5,82.8,83.4
2018/02/23,83.5,84.2,83.4,83.9
2018/02/26,84.4,85.0,84.0,85.0
2018/02/27,85.4,85.4,84.0,84.8
2018/03/01,84.4,84.8,84.3,84.7
2018/03/02,84.2,84.2,83.6,83.9
2018/03/05,84.3,84.4,83.0,83.2
2018/03/06,83.5,84.0,83.3,83.3
2018/03/07,83.3,83.8,83.3,83.3
2018/03/08,84.0,84.4,83.6,83.8
2018/03/09,84.9,86.9,84.7,86.0
2018/03/12,86.5,86.9,86.0,86.0
2018/03/13,86.6,86.6,85.6,86.3
2018/03/14,86.3,86.3,86.0,86.1
2018/03/15,86.1,86.1,85.4,85.8
2018/03/16,85.8,86.0,84.9,84.9
2018/03/19,85.1,85.9,85.1,85.9
2018/03/20,85.9,85.9,85.2,85.6
2018/03/21,86.0,86.0,85.2,85.2
2018/03/22,85.6,85.6,84.5,84.5
2018/03/23,83.7,85.5,83.1,85.1
2018/03/26,85.1,85.8,84.5,85.5
2018/03/27,86.0,86.4,85.5,85.7
2018/03/28,86.0,86.0,85.1,85.2
2018/03/29,85.9,86.0,85.5,86.0
2018/03/30,86.6,86.6,85.8,86.5
2018/04/02,86.5,86.5,86.0,86.1
2018/04/03,86.0,86.8,85.5,86.6
2018/04/09,86.6,87.9,86.4,87.9
2018/04/10,87.9,88.0,87.0,87.1
2018/04/11,87.0,87.3,86.3,86.8
2018/04/12,86.8,86.8,86.2,86.5
2018/04/13,87.0,87.0,86.0,86.4
2018/04/16,86.0,86.4,85.0,85.0
2018/04/17,85.1,85.4,84.1,84.1
2018/04/18,84.2,85.5,84.2,84.5
2018/04/19,84.6,84.9,84.5,84.8
2018/04/20,85.0,85.0,84.1,84.3
2018/04/23,84.3,84.6,84.1,84.4
2018/04/24,84.4,84.4,83.0,84.0
2018/04/25,83.8,84.0,83.1,83.8
2018/04/26,84.0,84.2,83.3,83.3
2018/04/27,83.8,83.8,83.2,83.4
2018/04/30,83.4,83.7,83.2,83.7
2018/05/02,83.7,84.5,83.5,84.0
2018/05/03,84.0,84.7,83.2,83.4
2018/05/04,83.0,83.2,82.6,82.9
2018/05/07,83.6,83.6,82.9,83.3
2018/05/08,83.5,83.7,83.0,83.7
2018/05/09,83.7,83.7,83.4,83.6
2018/05/10,83.6,83.6,83.0,83.0
2018/05/11,83.0,83.2,82.8,83.2
2018/05/14,83.2,83.5,82.8,83.5
2018/05/15,83.5,83.7,83.1,83.2
2018/05/16,83.1,83.7,83.1,83.1
2018/05/17,83.5,83.8,83.3,83.7
2018/05/18,83.8,84.3,83.6,83.6
2018/05/21,84.1,84.5,84.0,84.3
2018/05/22,84.3,84.8,84.2,84.4
2018/05/23,84.6,85.0,84.3,84.9
2018/05/24,85.2,85.3,84.9,85.0
2018/05/25,85.4,85.4,85.0,85.1
2018/05/28,86.0,86.0,85.1,85.8
2018/05/29,85.8,85.9,85.2,85.7
2018/05/30,85.6,85.6,84.7,84.8
2018/05/31,85.0,85.9,85.0,85.9
2018/06/01,86.2,86.2,85.4,85.6
2018/06/04,85.6,87.0,85.6,86.9
2018/06/05,87.2,87.2,86.3,86.5
2018/06/06,86.9,87.2,86.8,87.2
2018/06/07,87.5,87.5,86.6,86.6
2018/06/08,87.0,87.0,86.0,86.0
2018/06/11,86.2,86.3,85.1,85.5
2018/06/12,85.1,85.7,84.4,85.7
2018/06/13,86.0,86.7,85.2,85.2
2018/06/14,85.3,85.3,84.8,84.9
2018/06/15,85.1,88.0,84.2,88.0
2018/06/19,88.3,89.3,87.5,87.6
2018/06/20,87.7,88.4,85.7,87.8
2018/06/21,88.5,89.0,86.8,87.1
2018/06/22,87.2,87.2,86.0,86.8
2018/06/25,86.9,86.9,85.7,85.7
2018/06/26,85.7,86.2,84.7,85.7
2018/06/27,86.0,86.2,85.2,85.5
2018/06/28,85.9,85.9,84.6,84.6
2018/06/29,84.6,85.1,84.6,84.6
2018/07/02,85.5,85.5,84.5,84.7
2018/07/03,84.7,84.8,84.1,84.1
2018/07/04,78.5,80.0,78.5,79.0
2018/07/05,80.0,80.0,78.5,78.5
2018/07/06,78.6,78.8,76.2,77.2
2018/07/09,77.2,77.2,76.1,76.7
2018/07/10,77.4,78.9,77.4,78.8
2018/07/11,78.0,78.4,77.0,77.0
2018/07/12,77.8,77.9,77.1,77.2
2018/07/13,77.6,77.9,77.3,77.7
2018/07/16,77.8,78.0,77.4,77.4
2018/07/17,77.8,78.0,77.5,77.7
2018/07/18,78.2,79.8,78.2,79.5
2018/07/19,80.0,80.0,79.0,79.4
2018/07/20,79.4,79.5,78.5,78.9
2018/07/23,78.9,78.9,78.0,78.5
2018/07/24,78.2,78.8,78.1,78.8
2018/07/25,79.0,79.0,78.3,78.4
2018/07/26,78.8,78.8,78.2,78.6
2018/07/27,78.8,78.8,78.0,78.2
2018/07/30,78.3,78.6,78.0,78.1
2018/07/31,78.0,78.0,77.4,77.5
2018/08/01,77.5,77.5,77.2,77.5
2018/08/02,77.5,77.5,77.0,77.0
2018/08/03,77.1,77.4,77.0,77.1
2018/08/06,77.2,77.5,77.1,77.4
2018/08/07,77.6,77.7,77.1,77.7
2018/08/08,77.8,78.2,77.8,78.1
2018/08/09,78.1,78.1,77.8,77.9
2018/08/10,78.2,78.2,77.3,77.3
2018/08/13,77.3,77.3,76.0,76.6
2018/08/14,76.6,76.6,76.1,76.2
2018/08/15,76.1,76.1,75.6,75.6
2018/08/16,75.5,75.5,74.6,75.0
2018/08/17,75.2,75.3,74.5,74.9
2018/08/20,74.9,74.9,74.5,74.9
2018/08/21,75.0,75.0,74.3,75.0
2018/08/22,75.0,75.0,74.2,74.4
2018/08/23,74.4,74.6,74.0,74.4
2018/08/24,74.4,74.6,73.8,74.3
2018/08/27,74.3,74.3,73.8,74.2
2018/08/28,74.3,74.8,73.9,74.8
2018/08/29,74.8,74.9,74.4,74.8
2018/08/30,75.0,75.0,74.6,74.7
2018/08/31,74.7,74.8,74.3,74.3
2018/09/03,74.3,74.9,74.2,74.9
2018/09/04,75.0,75.0,74.6,74.9
2018/09/05,74.9,74.9,74.4,74.4
2018/09/06,74.4,74.4,73.8,73.9
2018/09/07,74.0,74.0,72.8,72.9
2018/09/10,72.5,72.8,71.4,72.0
2018/09/11,68.0,69.9,67.1,68.7
2018/09/12,68.8,69.0,68.0,68.7
2018/09/13,68.7,71.4,68.4,71.3
2018/09/14,72.0,72.1,71.5,71.6
2018/09/17,71.6,72.2,71.1,71.2
2018/09/18,71.3,71.3,70.4,70.5
2018/09/19,70.5,71.2,70.4,71.0
2018/09/20,71.0,71.1,70.7,70.9
2018/09/21,70.9,71.3,70.5,71.0
2018/09/25,71.0,71.4,70.9,71.0
2018/09/26,70.9,70.9,70.2,70.2
2018/09/27,70.0,70.2,69.8,70.2
2018/09/28,70.3,70.5,70.0,70.0
2018/10/01,70.0,70.5,70.0,70.4
2018/10/02,70.4,70.4,69.9,70.0
2018/10/03,70.0,70.0,69.0,69.2
2018/10/04,69.0,69.0,68.1,68.4
2018/10/05,68.4,68.9,68.2,68.7
2018/10/08,68.6,68.7,67.9,68.0
2018/10/09,68.0,68.4,67.5,67.7
2018/10/11,66.0,67.0,65.0,66.6
2018/10/12,65.6,67.1,65.5,67.1
2018/10/15,67.1,67.5,66.5,66.5
2018/10/16,66.5,66.8,66.3,66.4
2018/10/17,67.0,67.3,66.3,66.4
2018/10/18,66.4,66.9,66.0,66.2
2018/10/19,66.1,66.7,65.9,66.7
2018/10/22,66.5,66.9,65.7,65.7
2018/10/23,66.0,66.8,65.8,66.6
2018/10/24,66.6,66.6,66.0,66.5
2018/10/25,65.5,66.0,65.4,65.5
2018/10/26,65.7,65.7,65.0,65.4
2018/10/29,65.0,65.0,63.4,63.9
2018/10/30,63.9,64.1,62.8,64.1
2018/10/31,64.1,64.8,63.5,64.6
2018/11/01,64.5,65.4,64.1,65.4
2018/11/02,65.4,66.2,65.4,66.0
2018/11/05,66.0,67.8,66.0,67.8
2018/11/06,67.8,68.5,67.5,67.7
2018/11/07,67.5,67.8,67.5,67.7
2018/11/08,68.1,68.5,68.1,68.3
2018/11/09,68.0,68.0,66.8,67.5
2018/11/12,67.5,67.9,67.3,67.6
2018/11/13,66.8,67.2,66.6,66.7
2018/11/14,66.7,69.0,66.7,68.3
2018/11/15,69.0,69.1,68.7,69.0
2018/11/16,69.3,69.5,69.0,69.5
2018/11/19,69.8,70.5,69.7,70.4
2018/11/20,70.2,70.2,69.6,69.7
2018/11/21,69.6,70.3,69.3,70.0
2018/11/22,70.0,70.5,70.0,70.4
2018/11/23,70.3,70.3,69.5,69.9
2018/11/26,70.0,71.0,69.0,69.3
2018/11/27,69.5,70.2,68.8,69.2
2018/11/28,69.5,70.1,69.1,69.8
2018/11/29,70.3,70.4,69.4,69.6
2018/11/30,70.0,70.1,68.2,68.2
2018/12/03,69.9,70.2,68.8,70.0
2018/12/04,69.9,69.9,68.7,69.0
2018/12/05,68.0,68.4,67.8,68.4
2018/12/06,68.4,68.4,67.2,67.4
2018/12/07,68.3,68.3,67.4,67.4
2018/12/10,68.2,68.5,67.5,68.2
2018/12/11,68.2,68.4,67.5,67.6
2018/12/12,67.6,68.2,67.6,67.9
2018/12/13,67.9,68.4,67.3,68.0
2018/12/14,68.0,68.0,67.2,67.5
2018/12/17,67.5,67.5,66.5,66.5
2018/12/18,66.5,67.2,66.5,66.5
2018/12/19,66.3,66.5,65.8,66.2
2018/12/20,66.0,66.1,65.0,65.3
2018/12/21,65.2,65.4,64.6,64.6
2018/12/24,65.4,65.8,64.8,64.8
2018/12/25,64.8,65.6,64.4,64.4
2018/12/26,64.9,65.6,64.9,65.6
2018/12/27,66.0,66.3,65.1,65.7
2018/12/28,65.7,66.8,65.6,66.8
2019/01/02,67.0,67.0,66.4,66.8
2019/01/03,67.0,67.4,66.0,67.0
2019/01/04,67.0,67.0,66.0,66.9
2019/01/07,67.0,67.4,66.7,66.7
2019/01/08,66.7,67.0,66.0,66.0
2019/01/09,66.3,67.8,66.3,67.8
2019/01/10,67.7,67.7,66.9,66.9
2019/01/11,66.0,66.6,65.5,65.5
2019/01/14,65.5,65.9,64.8,65.1
2019/01/15,65.0,65.3,64.6,65.1
2019/01/16,65.1,65.2,64.6,64.7
2019/01/17,65.0,65.8,64.7,65.7
2019/01/18,65.5,66.0,65.0,66.0
2019/01/21,66.1,66.3,65.8,66.0
2019/01/22,65.8,65.8,65.4,65.5
2019/01/23,65.4,66.5,65.1,66.5
2019/01/24,66.5,66.5,66.0,66.1
2019/01/25,66.1,66.5,65.9,66.3
2019/01/28,66.3,66.5,66.1,66.4
2019/01/29,66.4,66.7,66.2,66.5
2019/01/30,66.5,66.7,66.2,66.3
2019/02/11,66.6,68.1,66.3,67.0
2019/02/12,67.0,67.0,66.7,66.9
2019/02/13,67.0,67.3,66.7,67.1
2019/02/14,67.1,67.9,66.9,67.8
2019/02/15,67.9,68.2,67.7,67.8
2019/02/18,67.9,68.0,67.7,67.9
2019/02/19,67.9,68.2,67.6,68.1
2019/02/20,68.1,68.5,68.0,68.5
2019/02/21,68.8,69.0,68.4,68.5
2019/02/22,68.6,68.9,67.6,68.1
2019/02/25,68.2,68.6,67.8,68.6
2019/02/26,68.7,68.9,68.3,68.9
2019/02/27,69.0,69.1,68.6,68.8
2019/03/04,68.9,69.0,68.3,68.4
2019/03/05,68.4,68.8,68.3,68.6
2019/03/06,68.8,68.9,68.1,68.3
2019/03/07,68.5,68.5,68.0,68.0
2019/03/08,68.3,68.5,68.0,68.3
2019/03/11,68.3,69.4,68.3,69.3
2019/03/12,69.3,69.8,69.3,69.4
2019/03/13,69.5,69.5,69.1,69.1
2019/03/14,69.1,69.6,69.1,69.2
2019/03/15,69.2,69.5,69.2,69.3
2019/03/18,69.5,69.8,69.4,69.4
2019/03/19,69.7,69.7,69.2,69.5
2019/03/20,69.5,69.8,69.4,69.5
2019/03/21,69.5,69.5,69.0,69.1
2019/03/22,69.5,69.6,69.2,69.5
2019/03/25,69.3,69.3,69.0,69.2
2019/03/26,69.2,69.6,69.2,69.5
2019/03/27,69.6,69.6,69.3,69.6
2019/03/28,69.6,70.6,69.6,70.3
2019/03/29,70.5,70.5,69.8,70.0
2019/04/01,70.0,70.0,69.5,69.7
2019/04/02,69.9,69.9,69.6,69.8
2019/04/03,70.1,70.1,69.5,69.6
2019/04/08,69.7,70.6,69.7,70.3
2019/04/09,70.3,70.3,69.8,70.0
2019/04/10,70.0,70.1,69.8,70.0
2019/04/11,70.0,70.1,69.4,69.7
2019/04/12,69.7,69.9,69.5,69.7
2019/04/15,69.7,69.7,69.3,69.6
2019/04/16,69.5,69.9,69.4,69.9
2019/04/17,69.9,69.9,69.6,69.9
2019/04/18,70.0,70.0,69.4,69.4
2019/04/19,69.4,69.9,69.4,69.6
2019/04/22,69.8,70.0,69.8,70.0
2019/04/23,70.3,70.3,69.8,70.0
2019/04/24,70.3,70.3,69.9,70.1
2019/04/25,70.2,71.0,70.1,70.9
2019/04/26,70.9,71.0,70.5,71.0
2019/04/29,71.0,71.0,70.3,70.3
2019/04/30,70.5,70.5,70.0,70.0
2019/05/02,70.0,70.4,70.0,70.4
2019/05/03,70.4,70.6,70.3,70.5
2019/05/06,70.4,70.4,69.2,69.5
2019/05/07,69.6,70.0,69.3,69.9
2019/05/08,69.4,69.8,69.2,69.8
2019/05/09,69.7,69.7,69.2,69.4
2019/05/10,69.1,69.4,69.0,69.2
2019/05/13,69.2,69.2,67.8,67.8
2019/05/14,67.3,67.8,66.7,67.8
2019/05/15,68.0,68.5,68.0,68.2
2019/05/16,68.2,69.6,68.2,68.8
2019/05/17,68.9,70.0,68.9,69.4
2019/05/20,69.4,70.2,69.4,69.8
2019/05/21,70.0,70.8,70.0,70.2
2019/05/22,70.3,70.6,69.9,70.4
2019/05/23,70.4,71.5,70.2,70.8
2019/05/24,70.6,71.7,70.6,71.5
2019/05/27,71.6,72.2,71.4,71.7
2019/05/28,71.8,72.0,70.5,70.5
2019/05/29,70.5,71.5,70.5,70.9
2019/05/30,70.9,71.9,70.8,71.7
2019/05/31,72.0,72.2,71.7,71.7
2019/06/03,71.7,71.9,71.4,71.7
2019/06/04,71.7,71.7,71.2,71.5
2019/06/05,71.6,71.8,71.3,71.3
2019/06/06,71.3,72.0,71.3,71.7
2019/06/10,72.0,72.5,71.5,71.7
2019/06/11,71.7,71.7,70.7,70.9
2019/06/12,70.9,71.2,70.9,71.1
2019/06/13,71.1,71.5,70.7,71.2
2019/06/14,71.5,71.8,71.2,71.3
2019/06/17,71.3,71.5,69.9,69.9
2019/06/18,70.1,71.1,70.1,71.1
2019/06/19,72.0,72.0,71.2,71.2
2019/06/20,71.5,71.7,71.0,71.2
2019/06/21,71.2,71.5,70.8,70.8
2019/06/24,71.1,71.5,70.2,70.2
2019/06/25,70.5,70.9,69.8,69.8
2019/06/26,69.8,70.9,69.8,70.9
2019/06/27,70.9,71.3,70.9,71.3
2019/06/28,71.8,71.8,71.5,71.6
2019/07/01,71.8,72.0,71.6,71.7
2019/07/02,71.6,71.6,70.9,71.3
2019/07/03,66.8,68.2,66.5,67.7
2019/07/04,67.7,67.9,67.5,67.5
2019/07/05,67.5,68.1,67.5,67.8
2019/07/08,68.0,68.2,67.7,67.7
2019/07/09,67.8,68.7,67.8,68.7
2019/07/10,69.3,69.4,68.4,68.6
2019/07/11,68.7,68.9,67.8,68.1
2019/07/12,68.8,68.8,67.5,67.7
2019/07/15,68.3,68.3,67.6,68.0
2019/07/16,68.5,68.5,67.6,67.6
2019/07/17,67.6,67.6,67.1,67.3
2019/07/18,67.4,67.4,67.0,67.0
2019/07/19,67.0,67.4,66.8,67.4
2019/07/22,67.5,67.5,67.0,67.0
2019/07/23,67.2,67.5,66.9,67.5
2019/07/24,68.0,68.0,66.8,66.9
2019/07/25,67.4,67.5,66.7,67.5
2019/07/26,67.5,67.6,67.1,67.4
2019/07/29,67.4,68.4,67.4,68.2
2019/07/30,68.3,68.4,67.5,67.8
2019/07/31,67.9,68.0,67.6,68.0
2019/08/01,67.9,67.9,67.0,67.4
2019/08/02,67.0,67.0,66.2,66.4
2019/08/05,66.2,66.4,65.4,65.5
2019/08/06,64.6,65.1,64.0,65.0
2019/08/07,65.2,66.2,65.2,66.0
2019/08/08,66.0,66.4,65.8,66.4
2019/08/12,66.1,66.2,65.8,66.0
2019/08/13,66.0,66.6,65.5,66.6
2019/08/14,66.7,66.7,65.7,66.0
2019/08/15,65.7,65.7,65.2,65.4
2019/08/16,65.4,65.8,65.0,65.5
2019/08/19,65.7,65.8,65.0,65.8
2019/08/20,65.8,65.9,65.6,65.8
2019/08/21,66.0,66.3,65.6,65.8
2019/08/22,65.8,66.0,65.6,66.0
2019/08/23,66.3,66.5,65.8,66.5
2019/08/26,66.0,66.1,65.6,65.9
2019/08/27,66.1,66.4,66.1,66.3
2019/08/28,66.3,66.4,65.8,66.2
2019/08/29,66.2,66.3,65.8,66.3
2019/08/30,66.2,66.3,65.7,65.9
2019/09/02,65.8,65.8,65.5,65.6
2019/09/03,65.8,66.0,65.4,66.0
2019/09/04,66.0,66.2,65.7,66.1
2019/09/05,66.2,66.2,65.9,66.0
2019/09/06,66.3,66.3,65.9,65.9
2019/09/09,66.1,66.5,66.1,66.5
2019/09/10,66.5,66.5,65.7,66.0
2019/09/11,66.0,66.0,65.5,65.6
2019/09/12,66.0,66.0,65.4,65.8
2019/09/16,65.8,65.8,65.4,65.4
2019/09/17,65.4,65.4,65.2,65.4
2019/09/18,65.4,65.5,65.1,65.3
2019/09/19,65.5,65.5,65.2,65.2
2019/09/20,65.2,65.4,65.0,65.0
2019/09/23,65.0,65.0,64.4,64.8
2019/09/24,64.9,65.9,64.9,65.5
2019/09/25,65.5,65.5,65.0,65.0
2019/09/26,65.0,65.4,64.7,64.8
2019/09/27,64.8,64.8,64.2,64.4
2019/10/01,64.5,64.9,64.5,64.7
2019/10/02,64.5,64.5,64.3,64.3
2019/10/03,64.2,64.6,64.1,64.6
2019/10/04,64.5,64.5,64.2,64.3
2019/10/07,64.3,66.2,64.3,65.9
2019/10/08,66.0,66.3,65.6,66.2
2019/10/09,66.0,66.5,65.7,65.8
2019/10/14,66.0,66.0,64.9,65.1
2019/10/15,65.1,65.4,64.7,65.0
2019/10/16,65.0,65.0,64.6,64.8
2019/10/17,64.6,64.8,64.4,64.5
2019/10/18,64.5,64.7,64.3,64.6
2019/10/21,64.7,65.4,64.7,65.2
2019/10/22,65.4,65.4,64.4,64.4
2019/10/23,64.7,67.0,64.7,66.1
2019/10/24,66.6,67.5,66.4,66.9
2019/10/25,67.0,67.2,66.4,67.1
2019/10/28,67.1,67.1,66.3,66.5
2019/10/29,66.7,66.9,66.2,66.7
2019/10/30,66.5,66.8,66.2,66.6
2019/10/31,66.4,66.4,66.0,66.1
2019/11/01,66.3,66.9,66.3,66.4
2019/11/04,66.6,67.1,66.5,66.9
2019/11/05,67.0,67.4,66.7,66.8
2019/11/06,66.8,67.1,66.7,66.8
2019/11/07,66.8,67.1,66.8,66.9
2019/11/08,68.4,68.5,67.7,68.2
2019/11/11,68.5,68.5,67.1,68.5
2019/11/12,68.7,68.9,67.9,67.9
2019/11/13,68.0,71.4,68.0,70.3
2019/11/14,70.5,71.8,70.5,71.6
2019/11/15,71.8,75.0,71.8,74.8
2019/11/18,75.1,75.7,73.8,74.5
2019/11/19,74.5,75.0,73.8,74.8
2019/11/20,74.8,74.9,73.6,73.8
2019/11/21,73.7,74.6,73.2,73.6
2019/11/22,73.5,73.5,72.3,72.7
2019/11/25,72.7,73.2,72.1,73.0
2019/11/26,73.5,73.5,71.6,72.5
2019/11/27,72.5,72.6,71.6,71.9
2019/11/28,71.9,72.1,71.2,71.7
2019/11/29,71.7,72.0,71.5,71.5
2019/12/02,71.9,72.5,71.4,72.2
2019/12/03,72.3,72.9,72.1,72.8
2019/12/04,73.0,73.0,72.2,72.7
2019/12/05,72.7,74.8,72.7,74.8
2019/12/06,75.5,75.7,74.1,75.5
2019/12/09,75.6,75.6,73.7,74.2
2019/12/10,73.8,75.2,73.8,75.2
2019/12/11,75.2,76.0,74.5,76.0
2019/12/12,76.6,77.0,75.5,75.8
2019/12/13,76.3,76.7,75.0,75.5
2019/12/16,75.5,76.5,75.5,75.7
2019/12/17,76.1,77.9,76.1,77.7
2019/12/18,78.0,78.2,77.3,77.7
2019/12/19,78.0,78.8,77.4,78.0
2019/12/20,78.2,78.2,76.6,77.8
2019/12/23,77.4,77.7,76.3,77.7
2019/12/24,78.0,78.0,77.0,77.2
2019/12/25,77.4,77.6,77.0,77.5
2019/12/26,77.8,78.6,77.7,78.2
2019/12/27,79.0,79.7,77.1,78.0
2019/12/30,78.0,78.2,77.4,78.0
2019/12/31,77.8,77.9,77.1,77.9
2020/01/02,77.9,78.1,77.5,77.5
2020/01/03,77.2,77.5,75.4,76.0
2020/01/06,75.8,75.8,74.5,75.1
2020/01/07,75.0,76.0,74.9,76.0
2020/01/08,76.0,77.9,75.7,77.3
2020/01/09,78.5,78.6,77.0,77.5
2020/01/10,77.5,77.9,77.0,77.5
2020/01/13,77.0,78.1,77.0,77.9
2020/01/14,77.9,78.0,77.1,77.5
2020/01/15,77.5,77.5,77.0,77.5
2020/01/16,77.5,77.9,77.1,77.9
2020/01/17,78.0,78.5,77.9,78.5
2020/01/20,78.9,78.9,77.6,78.2
2020/01/30,74.8,77.1,73.6,76.9
2020/01/31,78.4,82.4,77.4,81.0
2020/02/03,80.5,83.0,79.0,83.0
2020/02/04,82.9,83.8,80.6,80.8
2020/02/05,81.0,81.9,80.0,80.0
2020/02/06,81.2,82.5,80.1,82.5
2020/02/07,83.0,84.0,78.8,79.0
2020/02/10,78.5,79.9,77.3,79.0
2020/02/11,78.8,79.5,78.5,79.1
2020/02/12,79.4,81.4,79.3,80.9
2020/02/13,81.7,81.7,80.3,80.6
2020/02/14,80.6,81.8,80.6,80.8
2020/02/17,80.4,81.2,80.3,80.3
2020/02/18,80.4,81.0,79.1,79.9
2020/02/19,79.5,80.1,79.2,79.5
2020/02/20,79.3,80.0,79.3,79.5
2020/02/21,79.5,79.5,78.2,78.2
2020/02/24,78.2,79.0,77.6,78.0
2020/02/25,77.3,78.0,77.0,77.8
2020/02/26,77.5,79.3,77.5,78.6
2020/02/27,78.5,78.9,78.0,78.1
2020/03/02,77.2,78.5,77.1,78.0
2020/03/03,78.7,80.6,78.7,80.0
2020/03/04,79.2,79.5,78.9,79.3
2020/03/05,79.9,80.9,79.3,79.4
2020/03/06,79.5,80.2,79.3,79.4
2020/03/09,79.3,80.2,77.8,77.8
2020/03/10,76.0,77.6,76.0,76.4
2020/03/11,77.0,77.2,76.0,76.0
2020/03/12,75.0,76.4,74.6,76.4
2020/03/13,72.5,75.0,71.1,75.0
2020/03/16,75.0,75.0,73.0,73.0
2020/03/17,68.5,72.4,67.8,67.8
2020/03/18,68.1,68.7,67.8,67.8
2020/03/19,65.1,69.8,65.1,69.2
2020/03/20,68.5,72.5,66.1,66.1
2020/03/23,65.2,68.0,64.4,66.3
2020/03/24,67.0,68.6,67.0,68.0
2020/03/25,69.6,71.3,68.1,68.3
2020/03/26,68.7,69.7,68.0,69.5
2020/03/27,70.6,70.8,68.3,68.3
2020/03/30,67.0,67.5,66.0,66.9
2020/03/31,66.6,67.7,66.5,66.5
2020/04/01,66.6,67.1,66.6,66.7
2020/04/06,66.8,67.4,66.7,67.3
2020/04/07,68.0,69.2,67.7,68.7
2020/04/08,69.0,70.3,68.5,69.5
2020/04/09,70.1,70.2,68.2,68.5
2020/04/10,68.5,68.9,68.0,68.8
2020/04/13,68.8,69.0,68.1,68.5
2020/04/14,68.5,69.5,68.5,69.5
2020/04/15,70.0,70.0,69.0,69.3
2020/04/16,69.2,69.2,68.6,68.7
2020/04/17,69.1,70.3,69.0,69.9
2020/04/20,70.8,72.8,70.7,70.8
2020/04/21,71.2,71.4,68.5,68.6
2020/04/22,68.0,68.7,67.3,68.5
2020/04/23,69.0,69.5,68.5,68.6
2020/04/24,69.1,69.9,68.7,69.4
2020/04/27,70.0,70.4,69.5,69.8
2020/04/28,69.8,70.0,69.2,69.8
2020/04/29,70.1,70.5,69.7,70.1
2020/04/30,70.2,70.6,70.0,70.6
2020/05/04,69.9,69.9,69.2,69.7
2020/05/05,69.9,69.9,68.8,69.1
2020/05/06,69.3,69.5,68.8,69.0
2020/05/07,69.0,69.5,68.9,69.2
2020/05/08,69.9,70.3,69.7,70.2
2020/05/11,69.9,70.4,69.4,70.1
2020/05/12,70.0,70.1,69.6,69.6
2020/05/13,69.4,69.9,69.1,69.7
2020/05/14,69.7,70.0,69.1,69.2
2020/05/15,69.5,69.7,68.8,69.0
2020/05/18,68.8,69.3,68.6,68.6
2020/05/19,69.3,69.6,69.0,69.5
2020/05/20,69.5,69.9,69.4,69.8
2020/05/21,70.2,70.3,69.8,69.9
2020/05/22,70.3,71.2,70.1,70.1
2020/05/25,70.1,71.0,69.7,70.9
2020/05/26,71.5,72.0,71.1,71.4
2020/05/27,71.8,72.0,71.0,71.4
2020/05/28,71.9,71.9,70.5,70.7
2020/05/29,70.7,71.1,70.3,70.3
2020/06/01,70.7,71.4,70.7,71.3
2020/06/02,71.7,71.8,71.3,71.5
2020/06/03,71.9,72.2,71.6,72.1
2020/06/04,73.0,73.3,72.3,73.3
2020/06/05,73.5,73.5,72.6,73.2
2020/06/08,73.7,73.7,72.3,72.9
2020/06/09,72.9,72.9,72.1,72.3
2020/06/10,72.1,72.2,71.3,72.2
2020/06/11,72.4,72.4,71.1,71.1
2020/06/12,70.1,70.8,69.7,70.7
2020/06/15,70.8,71.3,70.7,70.7
2020/06/16,71.1,72.5,71.1,72.5
2020/06/17,72.6,73.3,72.1,73.1
2020/06/18,72.8,73.0,72.3,72.6
2020/06/19,72.9,73.1,71.6,71.6
2020/06/22,71.6,72.0,71.0,71.7
2020/06/23,72.0,72.0,71.1,71.1
2020/06/24,71.2,71.5,71.1,71.5
2020/06/29,71.0,71.5,70.9,71.0
2020/06/30,71.4,72.0,71.4,72.0
2020/07/01,72.3,73.5,72.3,73.5
2020/07/02,70.0,70.2,69.0,69.6
2020/07/03,69.8,70.0,69.1,69.2
2020/07/06,69.2,69.8,69.1,69.3
2020/07/07,69.9,69.9,69.0,69.0
2020/07/08,69.1,69.5,68.8,69.3
2020/07/09,69.4,69.4,68.5,68.6
2020/07/10,68.6,68.8,67.6,68.2
2020/07/13,68.2,68.7,67.8,68.1
2020/07/14,68.2,68.3,68.0,68.1
2020/07/15,68.3,68.5,68.0,68.5
2020/07/16,68.5,68.9,68.2,68.3
2020/07/17,68.3,68.7,68.2,68.2
2020/07/20,68.2,68.2,67.0,67.8
2020/07/21,68.0,68.2,67.6,67.7
2020/07/22,67.7,68.0,67.5,67.6
2020/07/23,67.6,68.5,67.4,68.1
2020/07/24,68.0,68.0,67.1,67.1
2020/07/27,67.1,67.4,66.5,66.5
2020/07/28,67.0,67.0,65.6,65.6
2020/07/29,65.6,66.0,65.4,65.7
2020/07/30,66.1,66.5,65.7,65.8
2020/07/31,66.0,66.0,65.7,66.0
2020/08/03,66.0,66.4,66.0,66.2
2020/08/04,66.4,66.7,66.2,66.6
2020/08/05,66.7,66.8,66.3,66.6
2020/08/06,67.1,67.1,66.3,66.4
2020/08/07,66.3,66.4,65.6,65.7
2020/08/10,65.6,65.6,65.1,65.6
2020/08/11,65.3,65.6,65.1,65.2
2020/08/12,65.6,65.6,65.0,65.2
2020/08/13,65.3,65.4,64.8,65.0
2020/08/14,64.9,64.9,64.6,64.7
2020/08/17,64.6,64.6,64.3,64.4
2020/08/18,64.3,64.5,64.2,64.4
2020/08/19,64.5,64.5,64.0,64.1
2020/08/20,64.1,64.1,63.2,64.0
2020/08/21,64.4,64.9,63.9,64.7
2020/08/24,64.8,64.8,64.3,64.5
2020/08/25,64.5,64.6,64.0,64.1
2020/08/26,64.1,64.3,63.8,64.0
2020/08/27,64.2,64.2,63.8,64.0
2020/08/28,64.0,64.1,63.7,63.8
2020/08/31,63.8,65.9,63.8,65.9
2020/09/01,65.4,65.8,65.0,65.0
2020/09/02,65.0,65.1,64.2,64.3
2020/09/03,64.3,64.7,64.3,64.5
2020/09/04,64.1,64.7,63.8,64.4
2020/09/07,64.4,65.2,64.2,64.5
2020/09/08,64.5,65.4,64.5,65.1
2020/09/09,64.8,65.6,64.6,65.0
2020/09/10,65.0,65.3,65.0,65.2
2020/09/11,65.0,65.3,64.5,64.6
2020/09/14,64.6,64.8,64.2,64.3
2020/09/15,64.3,64.7,64.1,64.1
2020/09/16,64.2,64.4,64.0,64.0
2020/09/17,64.0,64.3,63.8,64.0
2020/09/18,64.0,64.0,63.5,63.5
2020/09/21,63.5,63.8,63.4,63.4
2020/09/22,63.4,63.5,63.1,63.2
2020/09/23,63.3,63.7,63.2,63.4
2020/09/24,63.3,63.8,63.1,63.2
2020/09/25,63.2,63.8,63.0,63.5
2020/09/28,63.7,63.7,63.0,63.2
2020/09/29,63.2,63.3,63.0,63.0
2020/09/30,63.1,63.1,62.8,62.8
2020/10/05,62.8,62.8,62.2,62.4
2020/10/06,62.5,63.1,62.3,62.8
2020/10/07,62.8,62.8,62.1,62.1
2020/10/08,62.2,62.5,61.8,62.0
2020/10/12,62.0,62.3,61.8,62.1
2020/10/13,62.3,62.3,61.9,62.3
2020/10/14,62.5,63.4,62.5,63.0
2020/10/15,63.0,63.1,62.6,62.9
2020/10/16,62.8,62.9,62.6,62.7
2020/10/19,62.7,62.9,62.4,62.5
2020/10/20,62.4,62.8,62.1,62.8
2020/10/21,62.8,63.1,62.3,63.1
2020/10/22,63.0,63.3,62.3,62.4
2020/10/23,62.6,62.7,62.2,62.3
2020/10/26,62.5,62.5,62.1,62.1
2020/10/27,62.1,62.8,62.1,62.3
2020/10/28,62.3,64.5,62.3,63.8
2020/10/29,63.5,64.0,63.2,63.8
2020/10/30,64.0,64.0,63.1,63.7
2020/11/02,63.7,64.2,63.5,63.7
2020/11/03,63.7,64.1,63.5,63.7
2020/11/04,63.7,64.3,63.5,63.8
2020/11/05,64.1,64.1,63.5,63.5
2020/11/06,63.5,64.0,63.4,63.8
2020/11/09,64.0,64.2,63.5,63.7
2020/11/10,64.0,64.1,63.6,64.0
2020/11/11,63.6,64.2,63.6,63.7
2020/11/12,63.7,63.7,63.2,63.3
2020/11/13,63.3,63.3,62.8,62.9
2020/11/16,63.1,63.7,63.1,63.7
2020/11/17,63.8,64.0,63.5,63.9
2020/11/18,63.9,64.0,63.7,64.0
2020/11/19,64.0,64.5,63.8,64.4
2020/11/20,64.6,66.0,64.6,66.0
2020/11/23,66.2,66.7,66.0,66.2
2020/11/24,66.2,66.3,65.1,65.5
2020/11/25,65.5,65.5,64.5,64.9
2020/11/26,64.9,64.9,64.2,64.8
2020/11/27,64.5,65.5,64.2,65.5
2020/11/30,65.5,65.6,64.6,64.6
2020/12/01,64.6,65.5,63.6,64.9
2020/12/02,65.0,68.5,65.0,67.5
2020/12/03,67.5,67.6,66.0,66.1
2020/12/04,66.2,68.5,66.2,67.8
2020/12/07,68.9,68.9,67.0,67.8
2020/12/08,68.0,68.0,66.3,66.8
2020/12/09,66.5,66.8,66.0,66.0
2020/12/10,66.0,66.4,64.5,64.8
2020/12/11,64.8,64.9,64.0,64.6
2020/12/14,64.6,65.0,64.3,64.5
2020/12/15,64.1,64.4,63.5,63.8
2020/12/16,63.9,64.4,63.6,64.3
2020/12/17,64.3,64.3,63.6,63.9
2020/12/18,63.8,65.2,63.7,65.2
2020/12/21,64.9,64.9,63.8,63.9
2020/12/22,64.0,64.3,63.2,63.2
2020/12/23,63.2,64.2,63.2,63.2
2020/12/24,63.5,64.2,63.2,63.2
2020/12/25,63.5,64.4,63.4,64.3
2020/12/28,64.6,65.3,64.5,65.2
2020/12/29,65.3,65.5,64.5,65.0
2020/12/30,65.0,65.3,64.7,65.2
2020/12/31,65.2,65.3,64.9,65.0
2021/01/04,65.1,66.4,64.4,66.0
2021/01/05,66.0,66.0,65.1,65.3
2021/01/06,65.3,65.5,64.2,64.4
2021/01/07,64.9,64.9,64.2,64.7
2021/01/08,64.7,64.8,64.2,64.3
2021/01/11,64.3,64.8,64.1,64.3
2021/01/12,64.3,64.7,64.0,64.0
2021/01/13,64.0,64.4,63.8,63.9
2021/01/14,63.8,64.1,63.5,64.1
2021/01/15,64.1,64.5,63.3,63.7
2021/01/18,63.7,63.7,62.5,63.3
2021/01/19,63.5,63.6,63.1,63.6
2021/01/20,63.5,63.5,62.6,62.8
2021/01/21,62.9,62.9,62.2,62.4
2021/01/22,62.4,62.4,62.0,62.0
2021/01/25,62.0,63.2,61.6,62.8
2021/01/26,62.5,62.7,61.9,62.2
2021/01/27,62.2,62.5,62.0,62.1
2021/01/28,61.8,61.9,61.5,61.7
2021/01/29,61.7,62.0,61.5,61.6
2021/02/01,61.8,61.9,61.4,61.6
2021/02/02,61.5,61.9,61.5,61.9
2021/02/03,61.8,61.8,61.6,61.6
2021/02/04,61.6,61.7,61.4,61.6
2021/02/05,61.9,62.5,61.6,62.4
2021/02/17,63.2,63.8,62.3,63.5
2021/02/18,63.7,64.8,63.7,64.5
2021/02/19,64.5,65.2,64.4,64.9
2021/02/22,65.2,66.4,65.1,65.5
2021/02/23,65.5,65.5,65.0,65.5
2021/02/24,65.5,65.8,65.1,65.4
2021/02/25,65.7,65.8,65.4,65.7
2021/02/26,65.7,65.7,65.0,65.4
2021/03/02,65.4,67.4,65.4,66.4
2021/03/03,66.7,67.0,66.0,66.6
2021/03/04,66.4,66.5,65.0,65.6
2021/03/05,65.0,65.5,64.9,65.2
2021/03/08,65.2,65.8,64.9,65.0
2021/03/09,65.0,65.2,64.4,64.8
2021/03/10,64.8,64.8,64.0,64.5
2021/03/11,64.6,65.6,64.6,65.2
2021/03/12,65.2,65.4,64.7,65.3
2021/03/15,65.2,65.3,64.7,64.8
2021/03/16,64.8,65.3,64.8,65.3
2021/03/17,65.3,65.3,64.3,64.4
2021/03/18,64.6,65.1,64.4,64.9
2021/03/19,64.5,65.7,63.9,65.7
2021/03/22,65.5,65.5,64.0,64.0
2021/03/23,64.3,64.6,63.7,63.7
2021/03/24,63.9,64.1,63.3,63.6
2021/03/25,63.7,63.9,63.3,63.8
2021/03/26,64.1,64.7,64.1,64.6
2021/03/29,64.7,65.4,64.7,65.2
2021/03/30,65.4,65.5,64.9,65.3
2021/03/31,65.3,65.3,65.0,65.3
2021/04/01,65.4,65.5,65.2,65.4
2021/04/06,65.7,67.5,65.7,66.4
2021/04/07,66.5,66.7,65.9,66.4
2021/04/08,66.8,70.9,66.5,69.9
2021/04/09,69.9,70.7,69.3,70.2
2021/04/12,71.0,73.0,70.7,71.4
2021/04/13,72.0,72.4,70.6,71.4
2021/04/14,72.1,74.6,70.0,71.0
2021/04/15,71.4,71.6,70.7,71.0
2021/04/16,71.0,71.8,70.6,71.1
2021/04/19,72.0,76.3,72.0,75.6
2021/04/20,76.9,78.0,75.9,76.6
2021/04/21,76.9,80.5,76.1,80.4
2021/04/22,81.8,84.0,76.9,78.8
2021/04/23,78.6,84.6,77.1,84.3
2021/04/26,85.0,91.9,84.6,86.1
2021/04/27,85.9,85.9,80.2,80.6
2021/04/28,80.6,82.2,78.4,78.8
2021/04/29,79.0,81.6,76.8,80.5
2021/05/03,80.5,82.4,77.4,79.2
2021/05/04,79.5,79.9,73.1,75.5
2021/05/05,76.0,77.0,74.0,74.1
2021/05/06,74.4,74.9,72.7,72.9
2021/05/07,74.2,77.6,73.7,76.3
2021/05/10,77.2,78.0,76.0,77.0
2021/05/11,75.0,75.2,70.7,71.5
2021/05/12,71.0,72.1,66.0,69.1
2021/05/13,68.2,70.2,66.6,68.5
2021/05/14,70.0,70.4,68.6,69.4
2021/05/17,65.5,68.9,65.0,66.5
2021/05/18,66.5,70.4,66.0,69.3
2021/05/19,68.1,70.0,67.6,69.4
2021/05/20,69.4,69.8,68.1,68.6
2021/05/21,69.7,69.8,68.7,69.5
2021/05/24,68.7,70.9,68.5,69.8
2021/05/25,70.4,74.4,70.4,72.2
2021/05/26,72.1,72.7,70.8,71.1
2021/05/27,70.7,70.9,70.0,70.2
2021/05/28,71.0,71.9,70.7,71.2
2021/05/31,71.2,71.8,70.3,70.9
2021/06/01,71.7,73.5,71.6,73.3
2021/06/02,73.3,73.8,71.5,72.2
2021/06/03,73.4,73.4,72.4,72.8
2021/06/04,72.8,73.4,72.3,73.3
2021/06/07,74.6,74.6,70.7,72.2
2021/06/08,72.4,72.4,71.4,71.9
2021/06/09,72.0,72.2,70.7,71.7
2021/06/10,72.2,73.5,71.7,72.5
2021/06/11,72.5,73.1,71.9,72.3
2021/06/15,72.6,74.0,72.4,73.7
2021/06/16,73.8,73.8,72.3,72.6
2021/06/17,72.2,73.0,71.9,72.8
2021/06/18,73.0,74.7,72.0,72.0
2021/06/21,71.7,71.8,70.7,70.9
2021/06/22,71.8,71.8,70.8,71.2
2021/06/23,71.4,72.4,70.6,72.2
2021/06/24,72.2,74.0,72.2,73.6
2021/06/25,74.1,74.2,73.1,73.2
2021/06/28,73.8,77.9,73.8,77.9
2021/06/29,78.5,79.0,73.3,73.6
2021/06/30,74.1,74.3,73.5,73.9
2021/07/01,74.0,74.0,72.5,72.7
2021/07/02,72.5,73.7,72.5,73.3
2021/07/05,71.0,73.5,71.0,72.6
2021/07/06,73.0,73.0,71.7,71.8
2021/07/07,72.0,72.5,71.3,71.5
2021/07/08,71.9,73.0,71.5,71.8
2021/07/09,71.5,72.5,71.0,72.4
2021/07/12,73.4,73.5,72.0,72.3
2021/07/13,72.9,73.3,72.0,72.1
2021/07/14,72.5,72.5,71.2,72.0
2021/07/15,72.4,72.5,71.8,72.2
2021/07/16,72.0,72.9,71.9,72.6
2021/07/19,72.2,72.5,71.6,71.8
2021/07/20,71.4,72.0,71.0,71.3
2021/07/21,71.6,71.9,70.1,70.7
2021/07/22,70.9,71.8,70.9,71.1
2021/07/23,71.1,71.8,70.6,70.8
2021/07/26,70.9,71.2,70.6,70.9
2021/07/27,71.1,71.6,70.5,70.9
2021/07/28,71.1,71.2,69.5,69.8
2021/07/29,70.1,70.3,69.5,70.3
2021/07/30,70.3,70.8,69.9,70.0
2021/08/02,70.3,71.2,70.1,70.7
2021/08/03,70.6,71.0,70.4,70.8
2021/08/04,71.0,73.4,71.0,73.1
2021/08/05,73.8,74.2,72.4,72.5
2021/08/06,74.0,75.5,73.1,74.9
2021/08/09,75.5,75.5,73.2,73.2
2021/08/10,73.2,74.8,72.2,74.7
2021/08/11,74.8,75.3,72.0,72.8
2021/08/12,72.6,72.6,70.9,71.2
2021/08/13,70.7,70.7,66.9,68.0
2021/08/16,67.2,68.0,66.5,67.2
2021/08/17,67.7,67.8,67.0,67.6
2021/08/18,67.6,68.2,66.6,68.2
2021/08/19,68.2,68.2,66.6,67.1
2021/08/20,67.5,67.5,66.4,66.7
2021/08/23,67.5,68.1,67.2,68.0
2021/08/24,68.4,68.4,67.7,68.2
2021/08/25,68.2,69.1,68.2,68.7
2021/08/26,69.0,69.1,68.4,69.0
2021/08/27,68.9,70.0,68.5,69.4
2021/08/30,70.4,70.4,69.6,69.7
2021/08/31,70.0,70.2,69.1,69.4
2021/09/01,69.5,71.0,69.5,70.8
2021/09/02,70.5,71.0,69.7,69.8
2021/09/03,70.3,70.7,68.9,69.8
2021/09/06,70.5,70.5,69.0,69.2
2021/09/07,68.9,69.2,68.4,68.8
2021/09/08,69.4,69.4,67.7,67.7
2021/09/09,67.9,68.0,67.5,67.6
2021/09/10,67.6,68.6,67.6,68.6
2021/09/13,68.6,68.7,67.8,67.9
2021/09/14,68.3,68.3,67.5,67.9
2021/09/15,67.9,67.9,67.2,67.3
2021/09/16,67.4,67.8,67.3,67.8
2021/09/17,67.6,68.4,67.6,68.1
2021/09/22,67.4,67.6,66.9,67.3
2021/09/23,67.9,68.4,67.6,68.0
2021/09/24,68.4,68.7,68.0,68.1
2021/09/27,68.0,68.4,67.9,67.9
2021/09/28,67.9,68.2,67.7,67.9
2021/09/29,67.5,67.5,66.8,66.8
2021/09/30,66.7,67.2,66.4,67.1
2021/10/01,66.9,66.9,66.0,66.1
2021/10/04,66.3,66.3,65.5,66.0
2021/10/05,65.6,66.7,65.2,66.3
2021/10/06,66.6,66.9,66.0,66.8
2021/10/07,66.9,67.4,66.5,67.1
2021/10/08,67.1,67.7,67.1,67.1
2021/10/12,66.7,66.7,66.0,66.1
2021/10/13,66.6,66.7,65.6,65.6
2021/10/14,65.7,65.9,65.3,65.6
2021/10/15,65.9,66.9,65.9,66.7
2021/10/18,66.6,67.1,66.4,66.6
2021/10/19,66.4,67.0,66.4,67.0
2021/10/20,67.3,67.6,67.1,67.6
2021/10/21,68.0,68.3,67.5,68.2
2021/10/22,68.2,68.2,67.2,67.6
2021/10/25,67.1,68.1,67.1,67.9
2021/10/26,67.9,68.4,67.9,68.1
2021/10/27,67.9,68.4,67.7,68.1
2021/10/28,68.3,68.4,67.5,67.8
2021/10/29,67.8,67.8,67.3,67.5
2021/11/01,67.8,68.2,67.5,67.8
2021/11/02,68.0,68.6,67.6,68.0
2021/11/03,67.9,68.3,67.7,68.1
2021/11/04,68.6,68.6,67.9,68.2
2021/11/05,68.6,69.3,68.3,69.0
2021/11/08,69.1,70.2,69.1,70.0
2021/11/09,70.3,70.3,69.5,70.0
2021/11/10,70.0,70.6,69.7,70.0
2021/11/11,70.0,70.7,68.6,68.6
2021/11/12,69.3,70.6,69.3,70.0
2021/11/15,70.5,70.5,68.6,69.0
2021/11/16,69.1,69.9,68.8,69.0
2021/11/17,69.1,70.1,69.1,70.1
2021/11/18,70.1,70.7,70.0,70.6
2021/11/19,71.8,72.3,70.9,71.1
2021/11/22,71.6,73.7,71.5,71.8
2021/11/23,71.8,71.9,70.5,70.5
2021/11/24,71.4,71.4,70.2,70.5
2021/11/25,71.1,71.1,70.1,70.1
2021/11/26,69.9,70.1,69.1,69.1
2021/11/29,68.6,69.2,68.1,69.0
2021/11/30,69.3,70.2,69.0,69.3
2021/12/01,69.4,69.8,69.0,69.6
2021/12/02,69.7,71.0,69.6,69.8
2021/12/03,69.8,70.2,69.7,69.8
2021/12/06,70.0,70.3,69.6,70.3
2021/12/07,70.3,70.3,69.8,70.3
2021/12/08,70.6,70.8,70.0,70.3
2021/12/09,70.5,70.5,70.0,70.2
2021/12/10,70.2,70.5,70.0,70.2
2021/12/13,70.2,70.9,70.1,70.7
2021/12/14,70.7,71.2,70.2,70.6
2021/12/15,70.7,70.7,70.4,70.5
2021/12/16,70.7,71.4,70.4,71.3
2021/12/17,71.9,73.2,71.8,72.6
2021/12/20,73.1,73.5,72.3,72.9
2021/12/21,73.4,73.5,72.7,73.1
2021/12/22,74.0,74.7,72.7,72.8
2021/12/23,73.6,74.3,73.3,73.9
2021/12/24,74.3,74.6,73.7,73.8
2021/12/27,74.4,74.4,72.9,73.8
2021/12/28,73.9,74.2,73.0,73.0
2021/12/29,73.2,73.5,72.3,73.0
2021/12/30,72.9,73.5,72.7,73.1
2022/01/03,73.1,73.8,72.4,72.4
2022/01/04,72.6,72.7,72.1,72.4
2022/01/05,71.9,72.3,71.0,71.2
2022/01/06,71.0,71.7,70.8,71.6
2022/01/07,71.7,71.7,70.8,70.9
2022/01/10,70.6,71.3,70.3,70.9
2022/01/11,71.3,71.3,70.6,70.6
2022/01/12,70.6,71.1,70.3,70.8
2022/01/13,70.9,71.2,70.5,71.0
2022/01/14,71.0,71.0,70.4,70.9
2022/01/17,70.8,71.3,70.6,71.3
2022/01/18,71.0,71.6,70.9,71.0
2022/01/19,71.4,71.4,70.7,71.0
2022/01/20,71.0,71.4,70.8,71.0
2022/01/21,71.0,71.0,70.3,70.3
2022/01/24,70.1,70.4,69.5,70.4
2022/01/25,69.5,69.9,69.5,69.6
2022/01/26,69.6,70.1,69.6,69.9
2022/02/07,69.9,70.9,69.9,70.4
2022/02/08,70.9,72.0,70.4,71.4
2022/02/09,71.7,72.0,71.3,72.0
2022/02/10,72.5,72.5,71.6,71.7
2022/02/11,71.8,72.0,71.4,71.7
2022/02/14,71.0,71.9,70.5,70.8
2022/02/15,70.8,71.2,70.6,70.7
2022/02/16,71.0,71.7,70.8,71.7
2022/02/17,71.7,72.2,71.4,71.4
2022/02/18,70.8,71.9,70.8,71.7
2022/02/21,71.8,72.5,71.7,72.3
2022/02/22,72.4,72.4,71.0,71.3
2022/02/23,71.3,71.8,71.2,71.6
2022/02/24,71.1,71.2,69.7,69.9
2022/02/25,70.2,70.7,69.7,70.6
2022/03/01,70.9,72.0,70.9,71.9
2022/03/02,71.4,72.0,71.4,71.7
2022/03/03,72.0,72.8,71.7,72.2
2022/03/04,73.3,75.0,73.3,74.6
2022/03/07,74.7,74.8,73.0,73.1
2022/03/08,72.7,73.1,71.8,72.0
2022/03/09,72.4,73.6,72.3,73.4
2022/03/10,74.0,74.5,73.7,74.4
2022/03/11,74.5,74.6,74.0,74.2
2022/03/14,74.5,75.0,74.2,74.8
2022/03/15,74.8,75.0,73.9,74.4
2022/03/16,74.6,75.4,73.8,74.5
2022/03/17,75.2,75.5,74.9,75.2
2022/03/18,75.2,75.8,74.4,74.4
2022/03/21,74.6,75.2,74.2,74.7
2022/03/22,74.8,74.8,74.4,74.6
2022/03/23,74.7,75.0,74.5,74.8
2022/03/24,74.6,74.8,74.4,74.5
2022/03/25,74.5,74.6,74.1,74.2
2022/03/28,74.2,74.2,73.1,74.0
2022/03/29,74.2,74.4,74.0,74.0
2022/03/30,74.4,75.0,74.3,74.6
2022/03/31,74.6,75.0,74.3,74.4
2022/04/01,74.0,74.5,73.5,74.2
2022/04/06,74.2,74.6,73.6,74.1
2022/04/07,73.8,74.1,73.0,73.0
2022/04/08,73.2,73.9,73.2,73.5
2022/04/11,73.5,74.0,72.5,72.5
2022/04/12,72.5,72.6,71.8,72.0
2022/04/13,72.8,73.4,72.3,73.3
2022/04/14,72.9,73.5,72.8,73.0
2022/04/15,73.2,73.2,72.1,72.2
2022/04/18,72.2,72.7,71.7,72.6
2022/04/19,72.6,73.2,72.6,72.8
2022/04/20,72.7,73.7,72.1,72.1
2022/04/21,72.5,73.4,72.5,73.1
2022/04/22,72.8,73.1,72.7,72.7
2022/04/25,72.0,72.0,71.5,71.7
2022/04/26,71.7,72.2,71.6,71.7
2022/04/27,71.4,71.5,71.0,71.0
2022/04/28,71.0,71.6,70.8,70.9
2022/04/29,71.4,71.6,71.0,71.1
2022/05/03,71.1,71.5,71.1,71.4
2022/05/04,71.4,71.9,71.4,71.5
2022/05/05,72.0,72.4,71.8,72.4
2022/05/06,71.9,72.7,71.5,72.3
2022/05/09,72.1,72.1,71.1,71.3
2022/05/10,70.7,71.3,70.0,71.3
2022/05/11,71.0,71.9,70.7,70.7
2022/05/12,70.6,70.8,69.8,70.2
2022/05/13,70.5,70.6,69.8,70.0
2022/05/16,70.1,70.8,70.1,70.2
2022/05/17,70.5,70.9,70.5,70.9
2022/05/18,71.1,72.1,70.9,71.4
2022/05/19,71.0,71.3,70.4,70.6
2022/05/20,71.8,71.8,71.0,71.3
2022/05/23,72.0,72.0,71.0,71.5
2022/05/24,71.7,71.7,70.5,70.5
2022/05/25,70.6,70.9,70.2,70.5
2022/05/26,71.1,71.1,70.5,70.9
2022/05/27,70.9,71.6,70.9,71.5
2022/05/30,71.7,72.1,71.4,72.1
2022/05/31,72.0,72.5,71.7,72.1
2022/06/01,72.0,72.6,71.8,72.2
2022/06/02,72.0,72.6,71.8,72.3
2022/06/06,72.6,72.6,71.8,72.1
2022/06/07,71.9,72.0,71.5,71.9
2022/06/08,71.9,72.2,71.9,72.1
2022/06/09,72.1,72.1,71.8,71.8
2022/06/10,71.4,71.7,71.1,71.5
2022/06/13,70.8,71.2,70.5,70.6
2022/06/14,70.8,71.2,70.4,71.1
2022/06/15,70.7,71.5,70.7,71.4
2022/06/16,71.8,71.8,70.7,70.7
2022/06/17,70.5,70.9,69.9,69.9
2022/06/20,70.5,70.6,69.4,69.5
2022/06/21,70.4,71.0,70.0,70.5
2022/06/22,70.7,71.0,70.0,70.3
2022/06/23,70.3,70.8,70.0,70.4
2022/06/24,71.0,71.0,70.3,70.5
2022/06/27,70.7,71.2,70.7,70.8
2022/06/28,70.8,70.9,70.3,70.3
2022/06/29,70.3,70.4,69.7,70.1
2022/06/30,70.2,70.3,69.1,69.1
2022/07/01,69.1,69.6,68.5,68.5
2022/07/04,62.5,62.5,59.5,59.5
2022/07/05,60.6,60.6,58.1,58.8
2022/07/06,58.9,58.9,57.9,58.1
2022/07/07,58.4,59.1,58.0,59.0
2022/07/08,59.5,60.5,59.5,60.2
2022/07/11,60.5,60.5,59.2,59.2
2022/07/12,58.8,59.0,57.9,57.9
2022/07/13,59.0,59.2,58.4,59.0
2022/07/14,59.0,59.1,58.2,59.1
2022/07/15,59.0,59.8,58.9,59.2
2022/07/18,59.2,61.0,59.2,60.8
2022/07/19,60.8,61.2,60.4,61.1
2022/07/20,61.1,61.9,61.0,61.1
2022/07/21,61.5,61.5,60.9,61.2
2022/07/22,61.2,61.5,60.9,61.0
2022/07/25,61.0,61.6,60.8,61.4
2022/07/26,61.1,61.8,61.1,61.4
2022/07/27,61.4,61.8,61.4,61.8
2022/07/28,62.4,63.0,61.8,62.9
2022/07/29,63.5,64.0,63.0,63.8
2022/08/01,63.8,64.0,63.2,63.7
2022/08/02,63.0,63.0,62.2,62.7
2022/08/03,63.0,63.0,62.6,62.7
2022/08/04,62.7,62.7,61.8,62.2
2022/08/05,63.5,64.9,63.5,64.7
2022/08/08,64.7,65.5,64.5,65.3
2022/08/09,65.0,65.6,65.0,65.6
2022/08/10,65.0,65.6,65.0,65.0
2022/08/11,65.9,65.9,65.1,65.3
2022/08/12,65.5,65.8,65.1,65.8
2022/08/15,65.8,66.5,65.5,66.3
2022/08/16,66.7,66.7,65.8,65.9
2022/08/17,65.9,65.9,65.2,65.3
2022/08/18,65.3,65.6,64.9,65.1
2022/08/19,65.1,66.1,65.1,66.1
2022/08/22,65.9,66.6,65.7,66.6
2022/08/23,66.4,66.5,66.0,66.3
2022/08/24,66.6,66.6,65.8,66.2
2022/08/25,66.5,66.6,66.0,66.5
2022/08/26,66.5,66.7,66.3,66.6
2022/08/29,65.0,66.0,64.8,65.3
2022/08/30,65.0,65.5,65.0,65.5
2022/08/31,65.6,66.2,65.3,66.2
2022/09/01,65.0,65.7,64.5,65.5
2022/09/02,65.5,65.7,65.0,65.0
2022/09/05,65.0,65.3,64.7,65.0
2022/09/06,65.0,65.0,64.1,64.7
2022/09/07,64.1,64.4,63.7,63.9
2022/09/08,64.1,64.8,63.9,64.8
2022/09/12,65.9,65.9,65.0,65.6
2022/09/13,65.9,66.2,65.7,66.0
2022/09/14,65.0,65.8,64.8,65.4
2022/09/15,65.4,66.2,65.4,65.7
2022/09/16,65.3,67.8,65.3,67.8
2022/09/19,67.3,67.3,66.1,66.8
2022/09/20,66.1,66.4,66.0,66.0
2022/09/21,66.4,66.4,64.6,65.5
2022/09/22,65.0,65.9,64.3,65.7
2022/09/23,65.7,65.9,65.0,65.3
2022/09/26,64.9,64.9,63.7,63.7
2022/09/27,64.0,65.0,64.0,64.9
2022/09/28,65.0,65.0,63.4,63.4
2022/09/29,64.2,64.5,63.3,64.3
2022/09/30,64.1,64.5,63.8,64.5
2022/10/03,64.0,64.5,64.0,64.0
2022/10/04,64.2,64.9,64.2,64.5
2022/10/05,64.6,65.5,64.6,65.3
2022/10/06,66.0,66.0,65.3,65.8
2022/10/07,65.2,66.5,65.1,66.4
2022/10/11,65.7,66.6,65.2,66.3
2022/10/12,66.7,66.7,65.2,66.0
2022/10/13,66.0,66.0,64.3,64.5
2022/10/14,65.5,66.2,65.2,65.9
2022/10/17,65.7,65.8,65.0,65.5
2022/10/18,66.1,66.5,65.5,66.5
2022/10/19,66.8,67.2,66.0,66.0
2022/10/20,65.1,67.0,64.8,65.9
2022/10/21,65.9,65.9,64.9,64.9
2022/10/24,65.4,65.9,65.0,65.0
2022/10/25,65.5,65.8,64.5,64.5
2022/10/26,64.9,65.5,64.6,65.0
2022/10/27,65.5,65.9,65.1,65.9
2022/10/28,65.1,65.8,64.3,64.4
2022/10/31,64.7,65.3,64.4,64.4
2022/11/01,65.0,65.3,64.6,65.2
2022/11/02,65.2,65.8,65.2,65.5
2022/11/03,64.8,65.5,64.8,65.1
2022/11/04,64.8,65.4,64.4,65.0
2022/11/07,65.5,65.5,64.5,65.0
2022/11/08,65.0,65.5,64.8,65.1
2022/11/09,65.3,67.0,65.2,66.9
2022/11/10,66.2,66.7,66.1,66.5
2022/11/11,67.3,67.3,66.5,66.7
2022/11/14,67.2,67.2,66.1,66.7
2022/11/15,66.3,66.5,65.8,66.4
2022/11/16,66.1,66.7,65.9,66.0
2022/11/17,66.0,66.1,65.5,66.0
2022/11/18,66.1,66.1,65.6,65.8
2022/11/21,65.8,65.8,65.3,65.5
2022/11/22,65.8,65.8,65.1,65.2
2022/11/23,65.3,65.7,65.2,65.5
2022/11/24,65.9,66.4,65.8,66.3
2022/11/25,66.5,66.8,66.2,66.4
2022/11/28,65.9,66.8,65.8,66.8
2022/11/29,67.0,67.2,66.3,67.2
2022/11/30,67.0,67.7,66.7,67.7
2022/12/01,67.8,68.2,67.2,67.9
2022/12/02,67.8,68.0,67.4,67.4
2022/12/05,67.5,67.7,67.0,67.6
2022/12/06,67.4,67.4,66.4,67.2
2022/12/07,66.5,66.8,66.2,66.8
2022/12/08,66.4,66.8,66.0,66.8
2022/12/09,66.8,67.0,66.4,66.9
2022/12/12,66.7,66.9,66.2,66.9
2022/12/13,66.5,67.0,66.3,67.0
2022/12/14,67.2,67.2,66.6,66.9
2022/12/15,66.9,66.9,66.4,66.4
2022/12/16,65.8,66.5,65.5,65.7
2022/12/19,65.4,67.4,65.4,67.2
2022/12/20,67.2,67.2,65.8,65.8
2022/12/21,65.8,66.4,65.6,65.8
2022/12/22,66.0,66.5,65.9,66.5
2022/12/23,65.6,66.9,65.4,66.8
2022/12/26,67.0,67.0,66.2,66.8
2022/12/27,66.8,66.8,66.4,66.8
2022/12/28,66.3,66.8,66.1,66.3
2022/12/29,66.3,66.3,65.7,65.7
2022/12/30,65.8,66.2,65.8,66.0
2023/01/03,66.0,66.0,65.4,66.0
2023/01/04,66.0,66.4,65.9,66.2
2023/01/05,66.4,66.8,66.3,66.7
2023/01/06,66.7,66.7,66.3,66.7
2023/01/09,67.3,67.5,67.0,67.1
2023/01/10,67.3,67.3,66.9,67.0
2023/01/11,67.2,67.3,66.8,67.3
2023/01/12,67.4,67.4,66.9,67.3
2023/01/13,67.3,67.4,66.7,67.2
2023/01/16,67.2,67.5,67.0,67.4
2023/01/17,67.4,67.5,67.2,67.4
2023/01/30,67.9,68.2,67.5,68.0
2023/01/31,67.8,68.0,67.5,68.0
2023/02/01,68.0,68.5,67.7,67.7
2023/02/02,67.7,68.2,67.7,68.2
2023/02/03,68.1,68.3,67.7,68.3
2023/02/06,68.0,68.5,67.7,67.7
2023/02/07,68.0,68.7,67.9,68.7
2023/02/08,68.7,69.0,68.3,68.8
2023/02/09,68.5,68.9,67.9,68.8
2023/02/10,68.5,68.5,68.0,68.5
2023/02/13,68.0,68.5,67.8,68.5
2023/02/14,68.3,68.7,68.3,68.5
2023/02/15,68.5,68.8,68.3,68.6
2023/02/16,68.8,68.8,68.4,68.5
2023/02/17,68.6,68.7,68.4,68.7
2023/02/20,68.6,69.3,68.5,69.3
2023/02/21,69.3,69.6,68.9,69.5
2023/02/22,69.4,69.5,68.5,69.5
2023/02/23,69.5,69.6,69.2,69.5
2023/02/24,69.6,70.9,69.2,70.3
2023/03/01,69.9,71.0,69.8,70.7
2023/03/02,70.7,71.2,70.5,71.1
2023/03/03,70.7,71.0,69.9,71.0
2023/03/06,71.1,71.1,70.2,70.9
2023/03/07,71.0,71.0,70.5,71.0
2023/03/08,70.7,71.3,70.7,71.2
2023/03/09,71.2,71.4,70.7,71.1
2023/03/10,70.4,71.0,70.1,71.0
2023/03/13,70.5,71.1,70.2,71.1
2023/03/14,70.6,71.3,70.4,71.2
2023/03/15,71.0,71.5,70.9,71.5
2023/03/16,71.5,71.5,70.2,70.2
2023/03/17,70.7,71.6,70.2,71.6
2023/03/20,71.7,71.8,71.3,71.6
2023/03/21,71.4,71.9,71.2,71.9
2023/03/22,71.9,72.1,71.7,71.9
2023/03/23,72.0,72.8,71.9,72.6
2023/03/24,72.9,73.8,72.6,73.5
2023/03/27,73.5,73.6,72.7,72.8
2023/03/28,73.0,73.0,72.1,72.6
2023/03/29,72.6,72.8,72.4,72.5
2023/03/30,72.7,73.2,72.5,73.0
2023/03/31,73.5,73.7,73.1,73.1
2023/04/06,73.0,73.5,72.7,73.5
2023/04/07,73.5,73.9,73.2,73.5
2023/04/10,73.8,73.8,73.0,73.1
2023/04/11,73.7,73.8,73.1,73.4
2023/04/12,73.4,73.7,73.1,73.1
2023/04/13,73.1,73.3,72.7,73.0
2023/04/14,73.1,73.3,72.8,73.0
2023/04/17,73.0,73.0,72.4,72.4
2023/04/18,72.5,72.5,72.0,72.3
2023/04/19,72.3,72.4,71.0,71.0
2023/04/20,71.0,71.2,70.5,70.6
2023/04/21,70.5,71.3,70.3,70.8
2023/04/24,70.6,71.5,70.5,70.5
2023/04/25,70.7,70.7,70.0,70.1
2023/04/26,70.1,70.8,70.0,70.7
2023/04/27,70.9,71.2,70.4,71.2
2023/04/28,71.3,71.5,71.0,71.0
2023/05/02,71.3,71.5,71.0,71.5
2023/05/03,71.7,71.7,71.0,71.5
2023/05/04,71.5,71.5,71.0,71.4
2023/05/05,71.1,71.5,71.0,71.2
2023/05/08,71.1,71.7,69.8,70.9
2023/05/09,71.3,71.3,70.5,71.3
2023/05/10,71.3,71.5,70.7,71.5
2023/05/11,71.5,71.5,70.8,71.0
2023/05/12,70.9,71.4,70.6,71.3
2023/05/15,71.0,71.4,70.6,71.4
2023/05/16,71.4,71.9,71.2,71.5
2023/05/17,71.5,72.4,71.4,72.4
2023/05/18,72.5,73.0,71.8,72.6
2023/05/19,72.6,73.0,72.6,73.0
2023/05/22,73.2,73.4,72.9,73.1
2023/05/23,73.1,73.1,72.4,73.0
2023/05/24,73.0,73.1,72.4,73.1
2023/05/25,72.4,73.2,72.4,73.2
2023/05/26,73.0,73.3,72.9,73.3
2023/05/29,73.4,74.6,73.4,73.8
2023/05/30,74.4,74.9,74.1,74.8
2023/05/31,75.0,78.7,74.9,77.0
2023/06/01,77.1,77.5,76.6,77.5
2023/06/02,77.7,78.7,77.7,78.7
2023/06/05,79.0,79.0,77.2,77.7
2023/06/06,77.7,77.7,76.1,76.4
2023/06/07,76.5,77.2,76.4,77.0
2023/06/08,76.8,76.9,76.2,76.5
2023/06/09,77.0,77.3,75.6,76.1
2023/06/12,76.1,76.9,76.1,76.3
2023/06/13,76.8,78.3,76.8,78.1
2023/06/14,78.1,78.9,77.7,78.8
2023/06/15,78.8,79.1,78.0,79.0
2023/06/16,79.1,79.5,78.0,78.8
2023/06/19,78.8,78.8,77.9,78.1
2023/06/20,78.1,78.5,77.2,77.7
2023/06/21,78.1,78.4,77.7,78.0
2023/06/26,78.0,78.0,77.0,77.3
2023/06/27,77.8,77.8,76.8,77.1
2023/06/28,77.1,77.3,77.0,77.2
2023/06/29,77.8,78.0,77.3,77.8
2023/06/30,78.0,78.4,77.8,78.4
2023/07/03,79.0,79.2,78.5,78.7
2023/07/04,79.0,79.0,78.4,78.8
2023/07/05,79.0,79.9,78.5,78.7
2023/07/06,73.0,73.1,71.1,71.5
2023/07/07,71.1,71.5,70.2,71.5
2023/07/10,71.7,71.7,70.0,70.0
2023/07/11,70.1,71.3,70.1,71.1
2023/07/12,71.5,71.5,70.6,70.9
2023/07/13,71.8,71.8,70.9,70.9
2023/07/14,71.7,73.3,71.1,73.0
2023/07/17,73.0,74.7,73.0,74.4
2023/07/18,74.5,74.7,73.3,73.7
2023/07/19,74.4,74.5,73.5,73.5
2023/07/20,73.5,73.8,72.3,72.5
2023/07/21,72.1,72.5,71.7,72.0
2023/07/24,71.7,71.7,70.6,71.0
2023/07/25,70.8,72.8,70.8,71.9
2023/07/26,71.6,72.1,71.0,71.2
2023/07/27,71.8,72.5,71.4,71.7
2023/07/28,73.0,73.1,72.1,72.6
2023/07/31,72.6,72.6,71.1,71.2
2023/08/01,71.5,71.8,71.0,71.5
2023/08/02,71.2,71.7,71.0,71.0
2023/08/04,71.0,71.3,70.8,71.0
2023/08/07,71.0,72.0,70.9,71.9
2023/08/08,71.8,72.1,71.1,71.4
2023/08/09,71.5,71.9,71.3,71.4
2023/08/10,72.0,72.0,71.0,71.8
2023/08/11,71.8,71.8,71.0,71.2
2023/08/14,71.2,71.2,70.0,70.1
2023/08/15,70.1,70.9,70.1,70.1
2023/08/16,70.1,70.4,70.0,70.3
2023/08/17,70.1,70.6,69.6,70.6
2023/08/18,70.4,71.1,70.2,70.5
2023/08/21,70.4,70.8,70.0,70.8
2023/08/22,71.1,71.1,70.3,70.5
2023/08/23,70.8,71.1,70.5,71.1
2023/08/24,71.1,71.5,70.8,71.5
2023/08/25,71.1,71.1,70.7,70.9
2023/08/28,71.0,71.0,70.4,71.0
2023/08/29,71.0,71.0,70.5,70.7
2023/08/30,70.7,71.5,70.7,71.5
2023/08/31,71.5,72.4,71.0,72.4
2023/09/01,72.7,72.7,72.0,72.2
2023/09/04,72.2,73.0,71.8,72.8
2023/09/05,72.8,72.9,72.3,72.6
2023/09/06,72.4,72.7,72.1,72.7
2023/09/07,72.3,73.0,72.1,72.8
2023/09/08,72.5,72.8,72.1,72.7
2023/09/11,73.0,73.0,72.1,72.8
2023/09/12,72.8,73.4,72.5,73.4
2023/09/13,73.5,74.1,73.5,73.8
2023/09/14,74.1,74.7,74.0,74.7
2023/09/15,74.9,75.0,74.3,75.0
2023/09/18,75.0,75.0,74.4,74.9
2023/09/19,74.9,75.2,74.7,75.0
2023/09/20,75.0,75.0,73.8,74.2
2023/09/21,73.6,73.9,72.8,73.4
2023/09/22,72.9,73.2,72.5,72.6
2023/09/25,72.7,73.9,72.7,73.7
2023/09/26,73.0,73.5,72.6,73.0
2023/09/27,72.4,72.8,72.3,72.8
2023/09/28,72.5,72.6,72.2,72.6
2023/10/02,72.8,73.5,72.6,73.5
2023/10/03,72.8,73.8,72.8,73.4
2023/10/04,73.0,73.2,72.2,73.2
2023/10/05,73.2,73.3,72.6,73.2
2023/10/06,73.3,74.3,73.0,74.0
2023/10/11,74.8,74.8,74.1,74.5
2023/10/12,74.5,74.8,73.8,74.8
2023/10/13,74.2,75.3,74.2,75.1
2023/10/16,75.1,75.1,74.5,75.0
2023/10/17,74.9,75.9,74.6,75.2
2023/10/18,75.7,75.8,73.8,75.4
2023/10/19,75.2,75.4,74.5,75.3
2023/10/20,74.2,75.2,73.6,75.2
2023/10/23,75.1,75.1,74.4,74.5
2023/10/24,74.5,75.0,74.0,75.0
2023/10/25,75.0,75.1,74.5,74.8
2023/10/26,74.1,74.1,73.5,73.5
2023/10/27,73.6,73.6,73.1,73.4
2023/10/30,73.4,74.4,73.2,74.3
2023/10/31,73.6,74.3,73.2,73.4
2023/11/01,73.4,74.8,73.4,74.8
2023/11/02,75.4,75.4,74.8,75.0
2023/11/03,75.2,75.3,74.8,75.2
2023/11/06,75.1,76.0,75.1,76.0
2023/11/07,76.2,79.5,76.2,79.4
2023/11/08,80.0,80.5,78.7,79.3
2023/11/09,79.2,81.5,79.2,80.8
2023/11/10,79.9,81.3,79.5,80.6
2023/11/13,81.0,81.0,79.5,80.6
2023/11/14,81.0,81.3,80.5,81.2
2023/11/15,82.0,82.2,81.3,81.9
2023/11/16,82.2,82.4,81.2,81.4
2023/11/17,81.4,81.8,80.6,81.1
2023/11/20,81.8,83.4,80.5,80.5
2023/11/21,81.4,82.5,81.1,82.0
2023/11/22,82.3,82.3,81.4,82.1
2023/11/23,82.1,83.5,81.7,82.8
2023/11/24,82.8,82.9,81.8,81.8
2023/11/27,82.0,82.4,80.4,80.7
2023/11/28,81.2,82.5,80.9,82.5
2023/11/29,82.4,83.0,82.4,83.0
2023/11/30,83.0,83.4,82.5,83.3
2023/12/01,83.2,83.3,82.2,82.3
2023/12/04,82.6,83.9,82.6,83.2
2023/12/05,83.2,83.2,81.1,82.6
2023/12/06,82.6,83.3,82.6,83.3
2023/12/07,83.8,84.6,83.0,83.2
2023/12/08,84.1,84.5,83.6,84.1
2023/12/11,83.8,84.0,82.5,83.4
2023/12/12,83.4,83.7,82.1,82.1
2023/12/13,82.4,83.5,81.4,82.0
2023/12/14,83.0,83.5,82.3,83.0
2023/12/15,83.0,83.4,81.5,81.5
2023/12/18,82.5,82.5,80.3,80.4
2023/12/19,80.4,80.5,78.4,79.6
2023/12/20,79.9,80.3,79.4,79.9
2023/12/21,78.7,79.6,78.7,79.0
2023/12/22,80.0,81.2,79.4,79.9
2023/12/25,80.2,80.7,79.9,80.1
2023/12/26,80.1,81.0,80.1,81.0
2023/12/27,81.0,81.6,80.7,81.3
2023/12/28,81.3,81.3,80.5,80.5
2023/12/29,81.0,81.0,80.0,80.6
2024/01/02,80.5,80.5,79.5,79.6
2024/01/03,79.5,79.5,78.5,78.8
2024/01/04,78.7,79.0,78.5,78.7
2024/01/05,78.5,79.3,78.5,78.5
2024/01/08,78.5,78.9,78.1,78.2
2024/01/09,78.3,78.3,78.0,78.0
2024/01/10,79.6,79.6,78.6,79.0
2024/01/11,78.7,79.5,78.0,79.2
2024/01/12,78.6,79.4,78.4,78.7
2024/01/15,78.7,79.4,78.7,79.2
2024/01/16,78.1,78.3,77.6,77.9
2024/01/17,77.2,77.8,77.0,77.0
2024/01/18,77.0,77.7,76.8,76.9
2024/01/19,76.8,77.9,76.8,77.8
2024/01/22,78.3,78.9,77.6,77.6
2024/01/23,78.0,78.2,77.5,78.2
2024/01/24,78.2,78.9,78.2,78.9
2024/01/25,78.9,79.2,78.3,79.0
2024/01/26,78.8,79.3,78.7,79.3
2024/01/29,79.5,80.0,78.8,79.7
2024/01/30,79.7,79.8,79.1,79.6
2024/01/31,79.6,79.6,78.6,78.8
2024/02/01,79.8,79.8,78.8,79.0
2024/02/02,79.0,79.5,78.5,78.7
2024/02/05,77.8,78.6,77.4,77.9
2024/02/15,77.7,79.1,77.4,79.0
2024/02/16,79.0,79.7,78.5,79.3
2024/02/19,79.5,80.5,79.3,80.5
2024/02/20,80.9,81.4,79.9,79.9
2024/02/21,80.1,80.5,79.9,80.0
2024/02/22,80.3,80.4,79.9,80.3
2024/02/23,80.6,82.1,80.6,81.0
2024/02/26,81.2,81.3,80.3,80.9
2024/02/27,81.2,81.9,80.3,80.3
2024/02/29,80.3,80.6,80.0,80.0
2024/03/01,81.4,83.2,81.4,82.9
2024/03/04,83.9,84.5,83.3,83.5
2024/03/05,82.8,84.2,82.8,84.2
2024/03/06,84.2,84.4,83.6,83.9
2024/03/07,84.0,84.5,83.7,84.2
2024/03/08,83.8,84.1,82.0,82.0
2024/03/11,82.7,83.8,82.5,83.8
2024/03/12,84.6,87.3,84.5,86.2
2024/03/13,86.1,86.9,85.9,86.3
2024/03/14,86.4,86.4,84.8,84.8
2024/03/15,85.0,87.0,85.0,85.9
2024/03/18,85.9,86.0,84.8,85.6
2024/03/19,85.6,87.4,85.5,86.8
2024/03/20,87.0,89.5,87.0,88.6
2024/03/21,90.0,90.3,88.8,90.1
2024/03/22,90.2,90.6,88.2,88.7
2024/03/25,89.2,90.4,88.6,88.7
2024/03/26,89.5,90.0,87.8,88.3
2024/03/27,88.3,89.5,88.3,89.5
2024/03/28,89.5,89.5,88.6,88.9
2024/03/29,88.9,89.4,88.9,89.1
2024/04/01,89.6,89.6,88.5,88.8
2024/04/02,88.8,89.7,88.8,89.6
2024/04/03,89.7,89.7,88.8,89.2
2024/04/08,89.4,93.5,89.4,92.6
2024/04/09,93.0,93.5,92.0,93.5
2024/04/10,92.2,95.4,92.2,94.0
2024/04/11,94.0,94.0,92.5,93.4
2024/04/12,93.2,95.3,93.0,94.5
2024/04/15,94.3,94.3,92.8,92.8
2024/04/16,92.0,92.5,89.4,90.0
2024/04/17,90.0,91.0,89.8,90.4
2024/04/18,90.1,90.5,88.9,90.5
2024/04/19,89.5,89.6,86.3,87.4
2024/04/22,88.8,89.8,87.5,89.1
2024/04/23,89.1,89.5,88.6,89.2
2024/04/24,89.3,90.7,89.3,90.4
2024/04/25,90.7,91.4,90.1,90.1
2024/04/26,90.1,91.9,90.1,91.4
2024/04/29,92.0,94.2,91.8,94.0
2024/04/30,94.0,94.5,93.0,93.7
2024/05/02,93.0,95.0,92.7,94.3
2024/05/03,94.9,94.9,93.5,94.5
2024/05/06,95.0,97.9,95.0,97.0
2024/05/07,99.0,103.5,99.0,99.7
2024/05/08,100.0,100.0,98.5,100.0
2024/05/09,100.0,100.5,97.9,98.6
2024/05/10,99.5,102.0,97.8,101.5
2024/05/13,102.5,102.5,100.0,101.5
2024/05/14,102.5,103.5,101.0,101.5
2024/05/15,103.0,103.5,101.0,103.0
2024/05/16,104.0,108.0,103.5,108.0
2024/05/17,108.0,109.0,106.0,109.0
2024/05/20,108.0,113.0,107.0,111.5
2024/05/21,112.0,114.0,110.0,112.0
2024/05/22,113.0,113.0,110.0,111.5
2024/05/23,111.5,112.0,109.0,110.0
2024/05/24,109.0,112.0,108.5,112.0
2024/05/27,114.0,114.0,111.5,113.5
2024/05/28,113.0,113.0,111.0,112.0
2024/05/29,111.5,119.5,110.0,115.0
2024/05/30,115.0,118.5,112.5,114.5
2024/05/31,115.0,118.0,110.5,117.5
2024/06/03,116.0,117.0,111.0,113.0
2024/06/04,112.5,115.5,110.0,113.5
2024/06/05,113.5,116.0,111.5,114.0
2024/06/06,114.0,117.0,112.5,115.0
2024/06/07,116.0,122.0,116.0,122.0
2024/06/11,120.0,123.0,116.0,118.0
2024/06/12,117.0,121.0,116.0,121.0
2024/06/13,119.5,124.5,118.0,122.0
2024/06/14,121.5,123.0,121.5,121.5
2024/06/17,122.0,128.0,121.5,127.0
2024/06/18,129.0,134.5,128.5,133.0
2024/06/19,135.0,136.5,131.5,131.5
2024/06/20,133.0,135.5,130.5,131.0
2024/06/21,132.0,138.5,130.5,132.0
2024/06/24,131.5,132.0,126.5,126.5
2024/06/25,125.5,126.0,120.5,125.5
2024/06/26,127.5,128.0,123.0,124.5
2024/06/27,123.5,123.5,121.0,122.0
2024/06/28,121.5,121.5,115.0,115.0
2024/07/01,116.0,117.0,112.5,112.5
2024/07/02,111.5,114.0,110.5,113.5
2024/07/03,114.0,119.0,114.0,118.0
2024/07/04,118.0,121.5,117.0,117.0
2024/07/05,118.5,120.5,117.0,119.5
2024/07/08,113.0,113.5,109.5,110.5
2024/07/09,109.0,109.5,103.0,103.5
2024/07/10,104.0,104.0,100.0,102.0
2024/07/11,102.0,102.5,100.0,101.0
2024/07/12,101.5,102.5,100.5,102.0
2024/07/15,102.0,103.0,100.5,101.0
2024/07/16,101.0,102.0,100.5,102.0
2024/07/17,102.0,103.0,101.0,102.0
2024/07/18,101.0,102.0,99.0,102.0
2024/07/19,100.5,100.5,97.3,98.4
2024/07/22,98.4,98.4,96.0,96.7
2024/07/23,96.9,99.2,96.6,98.6
2024/07/26,96.5,96.9,94.5,95.8
2024/07/29,96.7,98.0,95.7,96.1
2024/07/30,96.0,98.8,95.0,98.6
2024/07/31,98.1,100.5,96.9,99.1
2024/08/01,101.0,102.5,100.0,101.5
2024/08/02,99.1,101.5,98.2,99.1
2024/08/05,97.0,97.3,90.4,92.0
2024/08/06,94.3,94.3,85.6,91.6
2024/08/07,91.2,94.3,90.4,93.5
2024/08/08,93.3,94.0,92.3,92.5
2024/08/09,93.4,95.3,93.1,93.5
2024/08/12,94.0,94.9,93.5,94.8
2024/08/13,95.0,96.0,94.2,96.0
2024/08/14,97.0,98.1,96.6,97.2
2024/08/15,98.0,98.8,95.4,95.6
2024/08/16,97.6,99.4,97.3,98.5
2024/08/19,98.5,99.5,98.0,99.1
2024/08/20,99.8,100.0,99.1,99.8
2024/08/21,100.0,103.5,99.8,102.5
2024/08/22,104.0,104.0,100.0,101.0
2024/08/23,100.0,100.5,98.7,100.5
2024/08/26,102.0,103.0,101.0,103.0
2024/08/27,103.0,103.0,100.5,102.5
2024/08/28,103.0,103.0,100.5,101.5
2024/08/29,101.0,103.5,100.0,103.5
2024/08/30,104.0,104.0,102.5,103.5
2024/09/02,104.0,104.0,102.0,103.0
2024/09/03,103.5,105.0,102.0,104.0
2024/09/04,99.9,102.5,97.7,99.5
2024/09/05,101.0,102.5,99.4,99.4
2024/09/06,100.0,101.0,96.9,100.0
2024/09/09,97.2,101.0,97.2,100.5
2024/09/10,100.5,101.0,98.3,99.2
2024/09/11,99.9,101.0,98.7,100.0
2024/09/12,101.0,101.5,99.1,100.0
2024/09/13,100.0,101.5,99.6,101.0
2024/09/16,101.0,101.0,99.0,99.0
2024/09/18,99.5,102.0,99.3,99.3
2024/09/19,100.0,101.5,97.5,100.5
2024/09/20,101.5,101.5,97.8,97.8
2024/09/23,98.8,101.0,98.6,99.6
2024/09/24,99.6,99.7,97.7,99.3
2024/09/25,99.5,100.5,98.6,100.5
2024/09/26,101.5,103.5,99.5,101.0
2024/09/27,102.5,103.5,101.5,103.0
2024/09/30,102.0,103.5,100.0,103.0
2024/10/01,103.5,104.0,100.0,100.5
2024/10/04,100.0,102.5,97.3,102.5
2024/10/07,102.5,103.0,100.5,103.0
2024/10/08,101.5,102.0,100.0,102.0
2024/10/09,102.0,103.0,101.0,102.5
2024/10/11,101.0,102.0,100.0,101.0
2024/10/14,101.0,102.0,99.6,102.0
2024/10/15,101.5,103.0,101.0,103.0
2024/10/16,102.0,103.0,100.5,102.5
2024/10/17,102.5,103.0,101.5,103.0
2024/10/18,103.5,103.5,101.0,101.0
2024/10/21,102.5,102.5,101.0,101.0
2024/10/22,101.0,102.0,100.0,100.0
2024/10/23,100.0,100.0,97.5,97.6
2024/10/24,98.1,98.1,95.5,95.6
2024/10/25,96.6,96.7,95.4,96.3
2024/10/28,96.6,97.5,95.7,96.1
2024/10/29,96.1,96.3,95.0,95.0
2024/10/30,96.0,96.4,95.1,96.4
2024/11/01,96.3,97.8,94.7,97.6
2024/11/04,97.5,97.5,94.9,95.1
2024/11/05,95.1,97.4,94.3,96.0
2024/11/06,96.0,96.8,92.1,96.2
2024/11/07,95.3,98.5,95.1,98.0
2024/11/08,99.5,99.5,95.4,97.4
2024/11/11,96.4,97.5,93.1,97.4
2024/11/12,94.2,95.0,93.1,93.3
2024/11/13,92.5,92.9,91.4,92.9
2024/11/14,92.5,93.0,90.8,91.7
2024/11/15,91.5,92.3,91.5,91.8
2024/11/18,92.0,93.3,90.8,93.3
2024/11/19,92.8,94.1,92.1,93.9
2024/11/20,93.7,93.7,92.3,93.0
2024/11/21,94.1,94.1,91.7,91.8
2024/11/22,92.0,93.4,92.0,92.2
2024/11/25,92.8,93.6,91.8,93.6
2024/11/26,92.7,94.2,92.7,93.3
2024/11/27,93.2,93.6,90.5,92.1
2024/11/28,91.2,93.0,89.4,92.1
2024/11/29,91.0,91.5,89.8,91.5
2024/12/02,91.8,92.1,90.1,90.7
2024/12/03,91.6,92.8,91.3,91.3
2024/12/04,91.6,92.1,90.6,91.9
2024/12/05,91.9,92.7,91.5,92.7
2024/12/06,92.7,94.2,92.4,94.2
2024/12/09,94.3,94.5,92.6,93.9
2024/12/10,93.2,94.5,93.1,94.2
2024/12/11,94.0,94.2,91.6,94.2
2024/12/12,94.0,94.0,92.9,93.7
2024/12/13,91.5,91.8,90.5,90.6
2024/12/16,90.7,92.3,90.5,91.2
2024/12/17,90.7,91.1,89.4,90.2
2024/12/18,90.0,91.3,89.4,91.3
2024/12/19,89.7,91.5,89.7,91.0
2024/12/20,90.6,92.9,89.0,89.0
2024/12/23,89.7,91.8,89.7,90.3
2024/12/24,91.3,91.9,88.4,88.4
2024/12/25,89.8,90.4,87.6,87.7
2024/12/26,88.9,88.9,87.5,88.3
2024/12/27,88.9,89.2,87.4,87.7
2024/12/30,88.2,88.4,86.7,86.8
2024/12/31,86.8,87.7,85.6,86.6
2025/01/02,86.7,88.4,85.8,86.7
2025/01/03,87.6,88.1,85.6,85.6
2025/01/06,85.7,87.8,85.5,86.7
2025/01/07,86.8,87.9,86.1,86.1
2025/01/08,86.2,87.8,86.2,87.5
2025/01/09,87.1,87.7,85.6,85.6
2025/01/10,85.7,86.8,85.6,86.1
2025/01/13,85.7,86.9,83.6,85.0
2025/01/14,86.0,86.0,83.9,84.7
2025/01/15,83.9,85.3,83.9,84.1
2025/01/16,84.8,86.0,84.8,85.3
2025/01/17,85.3,86.3,85.0,86.0
2025/01/20,86.1,86.2,85.6,85.8
2025/01/21,86.2,86.7,86.1,86.2
2025/01/22,86.7,87.3,86.3,87.3
2025/02/03,87.3,87.3,85.4,86.5
2025/02/04,87.0,87.6,85.1,85.1
2025/02/05,86.1,87.4,86.1,86.7
2025/02/06,87.3,88.2,87.0,87.3
2025/02/07,87.1,87.8,86.2,86.9
2025/02/10,86.5,87.2,85.9,85.9
2025/02/11,86.4,87.3,86.4,86.6
2025/02/12,86.6,87.7,86.4,86.4
2025/02/13,86.6,89.6,86.6,88.4
2025/02/14,88.6,89.0,88.2,88.3
2025/02/17,89.2,89.8,88.8,88.8
2025/02/18,89.3,89.7,88.9,89.5
2025/02/19,90.0,90.6,90.0,90.2
2025/02/20,90.0,90.5,88.8,89.0
2025/02/21,89.0,90.4,88.8,90.2
2025/02/24,89.2,90.4,89.1,89.2
2025/02/25,88.4,89.7,88.1,88.8
2025/02/26,89.2,90.2,88.6,90.2
2025/02/27,90.7,90.7,89.0,89.4
2025/03/03,89.0,89.0,87.1,87.3
2025/03/04,86.0,88.2,85.9,87.8
2025/03/05,87.8,88.1,86.7,87.9
2025/03/06,87.7,88.2,87.5,87.9
2025/03/07,89.8,96.6,89.8,96.6
2025/03/10,101.0,102.0,98.0,99.0
2025/03/11,95.0,106.5,94.6,102.5
2025/03/12,102.5,104.0,99.4,101.0
2025/03/13,101.0,101.5,99.5,99.6
2025/03/14,100.0,103.5,100.0,100.5
2025/03/17,101.5,105.0,100.0,104.0
2025/03/18,105.5,106.5,102.5,103.0
2025/03/19,103.5,104.5,102.0,103.0
2025/03/20,103.5,105.0,102.5,105.0
2025/03/21,104.5,105.5,102.0,102.5
2025/03/24,102.5,103.0,101.0,102.0
2025/03/25,103.0,104.5,102.0,103.5
2025/03/26,103.0,104.0,102.0,103.0
2025/03/27,102.0,105.0,102.0,105.0
2025/03/28,103.0,104.0,101.5,102.0
2025/03/31,100.5,103.0,99.8,100.5
2025/04/01,101.5,105.0,100.5,104.0
2025/04/02,104.0,104.5,102.0,104.0
2025/04/07,93.6,93.6,93.6,93.6
2025/04/08,84.3,90.5,84.3,86.7
2025/04/09,85.1,87.4,78.5,78.5
2025/04/10,86.3,86.3,85.9,86.3
2025/04/11,86.2,94.1,85.5,93.4
2025/04/14,94.9,97.7,94.0,94.5
2025/04/15,96.7,97.8,95.1,96.8
2025/04/16,97.2,98.0,95.5,96.9
2025/04/17,97.0,99.5,96.5,99.5
2025/04/18,100.5,104.0,99.2,102.0
2025/04/21,102.0,106.0,100.5,101.5
2025/04/22,101.5,103.0,98.4,99.8
2025/04/23,103.0,104.0,100.5,103.0
2025/04/24,103.0,104.5,101.0,104.5
2025/04/25,105.5,108.0,103.0,103.0
2025/04/28,103.5,104.0,100.0,102.5
2025/04/29,102.5,103.5,101.5,103.5
2025/04/30,103.0,103.5,100.0,100.0
2025/05/02,102.0,103.0,100.5,101.5
2025/05/05,102.5,102.5,96.8,99.2
2025/05/06,99.7,100.0,97.6,98.6
2025/05/07,99.2,99.5,97.0,97.0
2025/05/08,97.2,97.3,95.1,96.5
2025/05/09,96.5,97.3,94.0,96.9
2025/05/12,97.5,99.5,97.5,99.4
2025/05/13,100.5,101.0,99.4,99.9
2025/05/14,100.5,102.5,100.0,102.5
2025/05/15,102.0,105.0,101.0,102.0
2025/05/16,102.0,102.5,99.6,101.0
2025/05/19,101.5,106.0,100.0,103.0
2025/05/20,104.5,105.5,102.5,103.5
2025/05/21,103.5,106.0,103.5,105.5
2025/05/22,104.0,105.0,103.0,103.5
2025/05/23,103.0,104.0,102.0,103.5
2025/05/26,103.5,103.5,100.0,102.5
2025/05/27,104.0,104.0,101.5,101.5
2025/05/28,103.0,108.0,102.5,105.5
2025/05/29,106.5,107.5,103.0,103.0
2025/06/02,103.0,104.0,101.5,103.5
2025/06/03,104.5,105.5,103.0,105.5
2025/06/04,106.0,107.5,104.0,106.0
2025/06/05,106.0,106.5,102.5,103.5
2025/06/06,103.5,106.0,103.0,105.5
2025/06/09,107.0,107.5,101.5,104.0
2025/06/10,104.5,108.5,103.0,108.5
2025/06/11,110.5,112.0,106.0,108.5
2025/06/12,108.5,109.5,103.5,105.0
2025/06/13,104.5,105.5,103.5,103.5
2025/06/16,103.5,103.5,102.0,102.5
2025/06/17,103.5,104.5,102.0,102.5
2025/06/18,104.0,105.0,102.5,104.0
2025/06/19,104.5,104.5,101.5,101.5
2025/06/20,103.0,103.0,98.0,98.4
2025/06/23,98.2,101.0,97.2,100.5
2025/06/24,100.5,102.0,100.0,100.5
2025/06/25,102.0,103.5,101.0,102.5
2025/06/26,103.5,109.0,103.0,104.5
2025/06/27,106.5,106.5,101.0,101.0
2025/06/30,101.0,102.5,100.0,100.5
2025/07/01,101.0,103.0,100.5,102.5
2025/07/02,102.5,105.0,100.5,105.0
2025/07/03,105.0,115.0,103.5,114.5
2025/07/04,113.5,120.0,111.5,120.0
2025/07/07,120.0,122.0,108.5,111.0
2025/07/08,103.5,105.0,99.3,100.5
2025/07/09,99.9,101.0,98.9,99.9
2025/07/10,100.0,100.5,96.9,96.9
2025/07/11,96.9,98.1,96.8,96.8
2025/07/14,97.0,97.2,95.2,96.3
2025/07/15,95.8,96.4,90.8,91.5
2025/07/16,91.8,92.4,90.7,91.5
2025/07/17,91.5,92.9,91.4,91.8
2025/07/18,92.9,93.3,90.8,90.8
2025/07/21,90.9,91.4,90.3,90.3
2025/07/22,90.8,91.1,88.3,88.8
2025/07/23,89.0,90.7,89.0,90.0
2025/07/24,90.6,90.6,88.8,89.6
2025/07/25,89.6,89.9,88.8,89.9
2025/07/28,91.0,95.0,90.5,94.0
2025/07/29,94.0,95.0,92.3,92.7
2025/07/30,94.1,94.1,92.3,93.2
2025/07/31,92.9,95.1,92.3,94.6
2025/08/01,93.5,94.2,93.2,93.6
2025/08/04,93.2,94.6,92.7,94.3
2025/08/05,94.8,95.8,93.9,95.5
2025/08/06,96.0,96.3,95.1,96.0
2025/08/07,96.6,96.7,94.1,95.4
2025/08/08,95.0,95.5,92.8,93.0
2025/08/11,94.5,95.9,93.5,95.5
2025/08/12,96.1,100.5,95.7,99.8
2025/08/13,102.5,103.0,100.0,100.0
2025/08/14,100.0,101.5,99.9,100.5
2025/08/15,101.5,101.5,98.0,99.3
2025/08/18,99.3,99.3,97.4,98.3
2025/08/19,98.0,98.2,96.4,96.6
2025/08/20,96.5,96.5,94.2,94.4
2025/08/21,95.0,101.0,94.6,99.8
2025/08/22,99.5,99.5,95.2,97.2
2025/08/25,98.0,98.9,97.7,98.2
2025/08/26,97.8,99.0,97.6,98.5
2025/08/27,98.5,100.5,98.5,99.9
2025/08/28,100.0,101.5,100.0,100.5
2025/08/29,102.0,103.0,100.5,101.0
2025/09/01,101.5,101.5,98.5,99.0
2025/09/02,100.0,101.5,98.5,99.6
2025/09/03,100.0,101.5,99.4,100.5
2025/09/04,101.5,105.0,101.5,101.5
2025/09/05,102.5,105.0,102.0,104.5
2025/09/08,106.5,109.5,104.5,106.5
2025/09/09,107.0,109.5,105.5,109.0
2025/09/10,109.0,109.5,107.5,109.5
2025/09/11,110.5,112.5,110.0,110.5
2025/09/12,111.5,118.5,110.0,111.0
2025/09/15,114.0,117.5,112.0,116.5
2025/09/16,118.5,118.5,114.5,118.5
2025/09/17,119.5,120.0,116.5,118.0
2025/09/18,119.0,121.5,118.0,118.5
2025/09/19,120.5,122.0,118.0,118.5
2025/09/22,121.0,124.5,118.5,121.0
2025/09/23,122.0,122.0,117.0,118.0
2025/09/24,118.5,118.5,114.5,116.0
2025/09/25,115.5,115.5,111.0,111.5
2025/09/26,109.5,109.5,105.5,105.5
2025/09/30,108.5,111.0,106.5,110.0
2025/10/01,112.5,115.0,109.5,113.0
2025/10/02,117.5,119.0,114.5,115.5
2025/10/03,116.0,117.0,112.5,113.5
2025/10/07,115.0,120.0,113.0,118.5
2025/10/08,116.5,119.0,114.5,117.0
2025/10/09,119.0,122.0,116.5,121.0
2025/10/13,117.0,123.5,115.5,122.0
2025/10/14,126.0,130.0,122.0,123.5
2025/10/15,124.0,128.0,120.0,127.0
2025/10/16,129.0,139.5,128.5,139.5
2025/10/17,141.0,143.5,132.0,133.0
2025/10/20,133.0,133.0,126.5,131.0
2025/10/21,133.0,136.0,127.0,131.5
2025/10/22,131.0,132.5,129.0,130.5
2025/10/23,129.0,131.0,128.5,131.0
2025/10/27,138.5,141.0,135.5,137.0
2025/10/28,137.0,137.5,131.5,132.0
2025/10/29,133.0,134.5,130.5,134.5
2025/10/30,137.5,138.0,132.5,134.0
2025/10/31,134.0,134.0,129.0,132.5
2025/11/03,131.5,136.0,129.0,133.0
2025/11/04,134.0,134.0,128.0,128.0
2025/11/05,123.5,129.0,123.0,129.0
2025/11/06,131.5,136.0,130.5,135.0
2025/11/07,146.0,148.5,143.0,148.5
2025/11/10,163.0,163.0,163.0,163.0
2025/11/11,179.0,179.0,179.0,179.0
2025/11/12,187.5,196.5,185.0,196.5
2025/11/13,210.0,216.0,209.5,216.0
2025/11/14,206.0,209.0,194.5,196.0
2025/11/17,204.5,204.5,193.5,199.0
2025/11/18,194.0,213.5,192.5,200.0
2025/11/19,195.0,213.0,195.0,204.5
2025/11/20,210.0,212.0,195.0,202.0
2025/11/21,185.0,190.0,182.5,186.5
2025/11/24,188.0,192.0,185.0,186.5
2025/11/25,199.0,199.0,187.5,189.0
2025/11/26,187.0,187.0,177.0,183.0
2025/11/27,185.0,192.0,182.0,192.0
2025/11/28,183.5,208.0,177.5,183.0
2025/12/01,183.0,188.0,177.5,178.5
2025/12/02,180.5,180.5,174.0,176.5
2025/12/03,177.0,182.0,172.5,173.0
2025/12/04,175.5,176.0,169.0,170.5
2025/12/05,174.0,179.5,173.0,176.5
2025/12/08,181.0,191.0,180.0,181.0
2025/12/09,180.0,182.5,176.0,181.0
2025/12/10,182.0,182.0,176.0,177.5
2025/12/11,178.0,179.0,174.0,174.0
2025/12/12,175.0,184.0,175.0,181.5
2025/12/15,175.5,180.0,173.0,177.5
2025/12/16,174.5,176.0,168.0,170.0
2025/12/17,172.0,184.0,172.0,180.5
2025/12/18,183.5,187.5,179.0,183.5
2025/12/19,189.0,189.0,175.0,175.5
2025/12/22,179.5,183.0,177.5,180.0
2025/12/23,181.5,184.5,177.5,182.5
2025/12/24,183.5,189.0,179.5,182.5
2025/12/26,185.0,187.0,177.0,179.0
2025/12/29,179.5,184.0,175.0,183.5
2025/12/30,181.5,201.5,180.5,196.0
2025/12/31,198.0,208.0,193.5,196.0
2026/01/02,198.0,212.0,193.5,203.0
2026/01/05,210.0,213.0,198.5,206.5
2026/01/06,207.0,225.0,202.5,216.5
2026/01/07,232.0,238.0,231.5,238.0
2026/01/08,245.0,261.0,242.0,257.5
2026/01/09,255.0,255.0,232.0,241.5
2026/01/12,255.0,257.0,236.0,237.0
2026/01/13,240.0,246.0,229.0,239.5
2026/01/14,242.0,247.0,237.0,240.5
2026/01/15,243.0,243.0,237.0,238.0
2026/01/16,245.0,258.0,241.0,254.0
2026/01/19,260.0,276.0,251.0,256.5
2026/01/20,233.0,248.0,231.0,248.0
2026/01/21,250.0,253.0,226.0,231.0
2026/01/22,240.0,242.0,231.0,232.0
2026/01/23,233.0,250.0,227.0,238.5
2026/01/26,245.0,256.5,242.0,252.5
2026/01/27,252.5,252.5,238.0,241.0
2026/01/28,246.5,253.5,241.0,250.5
2026/01/29,254.5,272.0,248.0,259.0
2026/01/30,262.0,274.0,251.0,266.5
2026/02/02,252.0,254.5,240.0,240.0
2026/02/03,250.0,256.0,230.0,231.0
2026/02/04,226.0,235.0,220.5,228.5
2026/02/05,221.0,224.0,213.0,219.0
2026/02/06,219.0,224.0,211.0,221.0
2026/02/09,234.5,234.5,222.5,223.5
2026/02/10,223.5,223.5,212.0,213.0
2026/02/11,209.0,220.0,206.0,219.0
2026/02/23,224.0,227.5,219.0,219.0
2026/02/24,221.0,230.0,216.5,227.5
2026/02/25,230.5,230.5,212.0,215.0
2026/02/26,216.5,216.5,209.0,210.0
2026/03/02,202.0,222.0,201.0,218.5
2026/03/03,219.0,219.0,197.0,202.5
2026/03/04,197.5,205.0,191.5,199.0
2026/03/05,211.5,216.5,209.0,213.5
2026/03/06,212.5,224.0,211.5,217.0
2026/03/09,200.5,216.0,198.5,212.5
2026/03/10,221.0,225.0,215.0,220.0
2026/03/11,222.5,232.5,222.0,229.0
2026/03/12,230.5,235.5,225.0,225.5
2026/03/13,223.5,237.0,222.0,236.0
2026/03/16,241.5,259.5,239.5,259.5
2026/03/17,264.0,285.0,264.0,285.0
2026/03/18,301.0,313.5,297.5,313.5
2026/03/19,307.0,313.0,297.0,309.0
2026/03/20,335.0,335.0,292.0,302.0
2026/03/23,279.5,283.0,272.0,272.0
2026/03/24,272.0,272.0,245.0,253.0
2026/03/25,255.5,261.0,251.0,255.0
2026/03/26,247.0,250.0,235.0,242.0
2026/03/27,225.5,236.0,222.5,236.0
2026/03/30,227.0,234.5,227.0,228.0
2026/03/31,209.5,220.5,208.5,211.0
2026/04/01,228.0,230.0,218.5,230.0
2026/04/02,238.0,238.0,232.0,233.0
2026/04/07,243.0,246.5,231.0,233.5
2026/04/08,242.0,249.5,238.0,248.0
2026/04/09,245.5,248.0,228.0,233.0
2026/04/10,239.5,253.0,237.0,240.5
2026/04/13,241.5,250.0,239.0,245.0
2026/04/14,255.0,267.5,247.5,249.5
2026/04/15,257.0,259.0,246.0,248.0
2026/04/16,249.0,253.0,246.5,250.5
2026/04/20,249.0,254.0,240.0,250.5
2026/04/21,256.0,271.0,255.5,265.5
2026/04/22,265.5,270.0,258.5,269.0
2026/04/23,277.5,284.0,243.0,251.5
2026/04/24,255.0,258.0,247.5,252.5
2026/04/27,256.0,270.0,252.5,262.0
2026/04/28,266.0,267.0,250.5,261.5
2026/04/29,260.0,283.0,257.5,268.0
2026/04/30,270.0,270.5,252.0,252.5
2026/05/04,258.0,266.0,253.5,265.5
2026/05/05,265.5,287.0,264.0,283.0
2026/05/06,304.0,311.0,293.5,302.5
2026/05/07,312.0,312.0,293.5,302.5
2026/05/08,313.0,330.0,301.5,312.5
2026/05/11,333.0,343.5,332.5,343.5
2026/05/12,352.0,360.0,342.5,351.0
2026/05/13,340.0,342.5,320.0,327.0
2026/05/14,335.5,351.5,333.5,344.5
2026/05/15,347.0,347.5,330.0,336.0
2026/05/18,328.0,331.5,320.0,328.5
2026/05/19,325.0,325.0,305.0,306.5
2026/05/20,312.0,319.0,303.0,309.5
2026/05/21,321.0,321.0,307.0,313.5
2026/05/22,318.0,324.0,314.5,316.5
2026/05/25,315.0,316.0,304.0,311.0
2026/05/26,315.5,318.0,310.0,316.5
2026/05/27,333.0,344.0,318.5,321.0
2026/05/28,325.0,337.0,319.0,322.0
2026/05/29,332.0,343.0,329.0,338.0
2026/06/01,351.0,360.0,343.0,357.5
2026/06/02,364.0,379.0,350.5,363.5
2026/06/03,369.0,369.0,348.0,358.0
2026/06/04,354.0,383.0,353.5,357.0
2026/06/05,349.0,349.0,321.5,321.5
2026/06/08,289.5,298.5,289.5,294.5
2026/06/09,300.0,307.0,294.5,304.5
2026/06/10,302.0,313.0,291.5,293.0
2026/06/11,290.0,297.5,280.5,292.0
2026/06/12,308.0,311.0,303.0,305.5
2026/06/15,310.5,316.0,309.0,310.0
2026/06/16,318.0,320.0,310.5,312.5
2026/06/17,310.0,312.5,298.5,311.0
2026/06/18,312.0,315.0,308.0,311.5
2026/06/22,317.0,320.5,309.5,309.5
2026/06/23,310.5,311.5,300.0,300.5
2026/06/24,294.5,301.5,291.0,294.0
2026/06/25,290.0,300.0,287.5,288.0
2026/06/26,290.0,298.5,278.5,278.5
2026/06/29,282.5,285.5,271.5,275.0
2026/06/30,276.0,276.5,262.5,266.5
2026/07/01,269.0,269.0,250.0,250.5
2026/07/02,241.5,258.0,241.5,258.0
2026/07/03,254.0,264.0,252.0,263.0
2026/07/06,267.0,276.5,267.0,270.5
2026/07/07,270.0,270.5,255.5,256.0
2026/07/08,254.0,257.0,247.0,250.0
2026/07/09,252.5,264.0,251.0,253.5
2026/07/13,258.0,258.5,250.5,252.5
2026/07/14,252.0,254.0,230.5,239.0
2026/07/15,243.0,261.5,243.0,253.0
2026/07/16,249.5,254.0,242.0,247.5
2026/07/17,237.5,242.5,230.0,230.0
2026/07/20,232.0,233.0,216.0,221.0
2026/07/21,225.0,240.0,224.5,235.0
2026/07/22,242.5,252.5,241.5,241.5
2026/07/23,244.0,246.5,237.0,244.5
2026/07/24,262.0,268.5,253.5,264.0
2026/07/27,265.5,272.0,261.5,272.0
2026/07/28,264.5,267.5,254.0,257.5
2026/07/29,261.0,278.0,250.0,269.5
2026/07/30,265.5,280.0,260.0,269.5
2026/07/31,289.5,295.0,280.0,293.0
2026/08/03,286.0,293.0,279.5,281.0
2026/08/04,276.0,288.5,271.0,284.5
2026/08/05,290.0,291.5,280.5,282.5
2026/08/06,280.0,296.0,280.0,293.0
2026/08/07,295.0,301.0,291.5,297.0
2026/08/10,297.0,300.0,292.0,295.5
2026/08/11,292.5,293.5,284.0,286.0
2026/08/12,287.0,300.0,286.5,294.5
2026/08/13,298.0,305.0,294.5,302.0
2026/08/14,304.0,306.0,291.0,292.5
2026/08/17,292.5,292.5,287.5,290.0
2026/08/18,291.0,294.5,280.0,280.0
2026/08/19,275.5,281.5,273.0,281.0
2026/08/20,283.0,289.0,279.5,284.5
2026/08/21,285.0,312.5,285.0,312.5
2026/08/24,317.0,329.5,312.0,316.0
2026/08/25,310.0,311.0,293.0,299.0
