Date,Open,High,Low,Close
2005/06/30,21.6,21.7,21.1,21.5
2005/07/04,21.6,21.7,21.1,21.2
2005/07/05,21.6,21.7,21.1,21.2
2005/07/06,21.3,21.6,21.0,21.0
2005/07/07,21.0,21.5,20.6,20.6
2005/07/11,21.3,21.6,21.1,21.3
2005/07/12,21.4,21.9,21.4,21.7
2005/07/13,21.8,22.2,21.8,21.9
2005/07/14,22.0,22.0,21.4,21.4
2005/07/18,21.4,21.7,21.0,21.5
2005/07/19,21.8,21.9,20.9,21.1
2005/07/20,20.8,21.2,20.5,20.5
2005/07/21,20.5,20.5,19.1,19.3
2005/07/25,19.3,19.6,19.3,19.6
2005/07/26,19.5,19.6,19.1,19.3
2005/07/27,19.3,19.5,19.2,19.2
2005/07/28,19.5,19.5,19.0,19.0
2005/08/01,18.7,18.8,17.9,18.1
2005/08/02,18.1,18.8,18.1,18.7
2005/08/03,18.3,18.7,18.3,18.6
2005/08/08,18.9,19.0,18.8,18.9
2005/08/09,19.2,19.3,19.0,19.0
2005/08/10,19.2,19.7,19.1,19.2
2005/08/11,19.5,19.7,19.0,19.0
2005/08/15,18.4,18.5,17.8,18.2
2005/08/16,18.1,18.4,18.0,18.1
2005/08/17,18.2,18.8,18.2,18.6
2005/08/18,18.8,18.8,18.6,18.8
2005/08/22,18.8,19.0,18.5,18.6
2005/08/23,18.5,18.5,17.4,17.5
2005/08/24,17.5,17.8,17.3,17.5
2005/08/25,17.6,17.9,17.6,17.7
2005/08/29,17.3,17.4,16.4,16.5
2005/08/30,16.5,16.8,16.1,16.3
2005/09/01,16.6,16.7,16.4,16.7
2005/09/05,17.4,18.2,17.4,18.2
2005/09/06,18.9,19.0,18.3,18.4
2005/09/07,18.1,18.7,18.1,18.5
2005/09/08,18.5,18.7,18.1,18.2
2005/09/12,18.2,18.4,18.1,18.4
2005/09/13,18.4,18.5,18.1,18.1
2005/09/14,18.3,18.4,17.8,17.8
2005/09/15,17.8,18.0,17.3,17.3
2005/09/19,17.5,18.4,17.3,18.2
2005/09/20,18.2,18.5,17.8,18.1
2005/09/21,17.8,18.0,17.4,17.6
2005/09/22,17.6,17.8,17.4,17.7
2005/09/26,18.5,18.5,18.1,18.1
2005/09/27,18.1,18.4,17.9,17.9
2005/09/28,18.0,18.4,18.0,18.3
2005/09/29,18.5,18.9,18.4,18.5
2005/10/03,18.8,18.8,18.4,18.7
2005/10/04,18.8,19.0,18.6,18.6
2005/10/05,18.6,19.2,18.5,18.5
2005/10/06,18.6,19.0,18.5,18.6
2005/10/10,18.9,18.9,18.4,18.4
2005/10/11,18.4,18.5,17.7,17.7
2005/10/12,17.4,17.8,17.4,17.6
2005/10/13,17.7,18.0,17.7,17.8
2005/10/17,17.7,18.2,17.7,18.1
2005/10/18,17.8,18.1,17.4,18.1
2005/10/19,18.1,18.5,17.8,18.4
2005/10/20,18.2,18.4,18.1,18.3
2005/10/24,18.5,18.9,18.2,18.2
2005/10/25,18.4,18.4,17.5,17.5
2005/10/26,17.5,17.8,17.2,17.3
2005/10/27,17.2,17.4,16.4,16.6
2005/10/31,17.7,18.5,17.6,18.0
2005/11/01,18.6,18.8,18.2,18.4
2005/11/02,18.7,18.7,18.1,18.1
2005/11/03,18.4,18.5,18.2,18.2
2005/11/07,18.1,18.6,18.1,18.2
2005/11/08,18.4,19.5,18.2,19.5
2005/11/09,19.9,20.2,19.6,19.8
2005/11/10,20.0,20.2,19.6,19.9
2005/11/14,20.1,20.2,19.6,19.6
2005/11/15,19.6,20.3,19.6,20.0
2005/11/16,20.2,20.6,19.9,20.5
2005/11/17,20.8,21.5,20.7,20.7
2005/11/21,20.9,21.1,20.4,20.5
2005/11/22,20.7,20.9,20.2,20.4
2005/11/23,20.5,21.0,20.5,20.8
2005/11/24,20.9,21.1,20.4,20.5
2005/11/28,21.3,21.5,21.1,21.2
2005/11/29,21.7,22.1,21.2,21.4
2005/11/30,21.4,22.0,21.2,21.7
2005/12/01,22.1,22.3,21.6,21.7
2005/12/05,22.4,23.1,22.3,22.4
2005/12/06,22.7,22.8,21.8,22.1
2005/12/07,22.8,23.7,22.7,23.2
2005/12/08,23.3,24.8,23.1,24.4
2005/12/12,25.5,25.8,24.9,25.2
2005/12/13,25.6,26.7,25.4,25.9
2005/12/14,26.0,26.5,25.7,26.2
2005/12/15,26.3,26.8,26.0,26.3
2005/12/19,26.8,27.0,26.2,26.3
2005/12/20,26.3,28.1,26.3,28.1
2005/12/21,28.7,29.7,28.2,28.9
2005/12/22,29.4,30.9,29.4,30.9
2005/12/26,30.9,31.0,29.0,30.2
2005/12/27,29.9,32.0,29.9,32.0
2005/12/28,32.6,34.3,32.4,33.7
2005/12/29,33.8,34.1,32.9,33.5
2006/01/02,35.5,37.4,35.5,37.4
2006/01/03,37.4,40.0,37.4,40.0
2006/01/04,40.8,41.1,38.4,39.5
2006/01/05,39.5,39.5,37.3,37.5
2006/01/09,41.7,42.8,41.2,42.8
2006/01/10,42.9,43.8,41.1,42.5
2006/01/11,43.0,43.0,39.6,39.6
2006/01/13,39.6,42.4,38.7,41.7
2006/01/16,41.7,42.7,41.3,42.0
2006/01/17,42.5,43.6,41.1,41.1
2006/01/18,40.2,41.0,38.7,39.1
2006/01/19,39.6,40.1,36.4,37.2
2006/01/20,37.9,38.7,36.8,37.6
2006/01/23,35.8,36.5,35.1,35.1
2006/01/24,35.1,36.1,34.2,35.7
2006/01/25,36.6,38.1,35.6,37.5
2006/02/02,38.1,38.1,37.4,38.1
2006/02/03,38.1,38.4,36.8,38.2
2006/02/06,38.1,39.0,37.7,39.0
2006/02/07,39.2,40.9,39.0,39.0
2006/02/08,39.0,39.6,37.9,38.0
2006/02/09,38.4,38.9,37.2,37.4
2006/02/10,37.4,37.9,35.0,35.3
2006/02/13,35.1,36.0,34.8,35.3
2006/02/14,35.3,37.7,35.1,37.7
2006/02/15,37.9,38.8,37.5,37.7
2006/02/16,38.2,38.8,37.9,38.1
2006/02/17,38.6,39.9,38.1,38.1
2006/02/20,37.3,38.1,36.5,37.1
2006/02/21,37.6,37.6,35.2,35.8
2006/02/22,35.6,35.8,33.3,33.4
2006/02/23,33.2,33.3,31.9,32.5
2006/02/24,32.5,33.1,32.2,33.0
2006/02/27,32.8,34.2,32.4,33.0
2006/03/01,33.0,35.3,33.0,35.3
2006/03/02,36.3,36.9,36.3,36.8
2006/03/03,36.8,36.8,34.7,35.2
2006/03/06,35.3,36.5,35.2,36.5
2006/03/07,34.5,34.5,34.5,34.5
2006/03/08,34.5,35.0,32.8,34.1
2006/03/10,34.4,36.4,34.3,35.8
2006/03/13,36.3,37.1,35.7,36.3
2006/03/14,36.1,36.1,34.5,34.7
2006/03/15,35.3,36.1,34.7,35.9
2006/03/16,36.5,38.2,36.3,37.7
2006/03/17,38.1,39.8,37.4,38.9
2006/03/20,39.7,40.0,38.4,38.6
2006/03/21,39.1,39.1,37.2,37.3
2006/03/22,36.9,38.9,36.8,38.1
2006/03/23,38.6,38.9,37.4,38.0
2006/03/24,38.4,39.4,38.2,38.7
2006/03/27,38.7,38.7,36.0,36.5
2006/03/28,36.1,36.1,34.8,35.5
2006/03/29,35.7,36.4,35.7,36.0
2006/03/30,36.4,37.4,36.3,36.8
2006/03/31,37.1,38.0,37.1,37.3
2006/04/03,37.7,38.2,36.8,37.3
2006/04/04,37.5,39.2,37.2,38.7
2006/04/06,38.9,39.1,37.5,38.6
2006/04/07,38.9,39.9,38.6,39.2
2006/04/10,39.2,41.0,38.8,40.5
2006/04/11,41.0,41.0,39.5,40.5
2006/04/12,40.2,41.5,40.0,40.8
2006/04/13,40.2,40.2,38.0,38.7
2006/04/14,38.8,39.5,38.3,39.0
2006/04/17,39.3,40.2,37.6,38.7
2006/04/18,38.4,38.7,37.1,37.9
2006/04/19,38.8,38.8,37.6,37.9
2006/04/20,38.6,40.6,38.2,40.6
2006/04/21,41.9,43.0,41.0,41.4
2006/04/24,41.2,41.9,40.4,40.5
2006/04/25,40.8,41.9,40.2,40.6
2006/04/26,40.8,41.1,39.4,40.6
2006/04/27,40.8,41.1,38.8,39.1
2006/04/28,39.6,39.9,38.8,39.9
2006/05/02,40.2,40.6,39.1,39.9
2006/05/03,40.5,41.5,40.4,40.8
2006/05/04,41.2,41.4,39.9,40.2
2006/05/05,40.3,40.4,38.8,38.9
2006/05/08,39.0,39.0,37.1,37.3
2006/05/09,37.1,37.1,34.7,35.9
2006/05/10,35.9,35.9,34.2,35.8
2006/05/11,35.8,37.1,35.8,36.7
2006/05/12,36.1,37.2,35.9,35.9
2006/05/15,35.9,36.5,35.6,35.6
2006/05/16,35.8,36.1,35.3,35.3
2006/05/17,35.7,37.1,34.8,36.8
2006/05/18,36.1,36.8,36.1,36.6
2006/05/19,36.7,37.2,36.4,36.7
2006/05/22,37.5,37.5,35.2,35.2
2006/05/23,34.8,35.1,33.8,33.8
2006/05/24,34.1,34.4,32.5,33.2
2006/05/25,33.3,33.7,32.7,33.3
2006/05/26,33.7,34.2,32.9,32.9
2006/05/29,33.0,33.3,32.1,32.5
2006/05/30,33.2,33.8,33.2,33.3
2006/06/01,33.3,33.7,32.8,33.7
2006/06/02,34.3,34.3,33.3,33.3
2006/06/05,33.2,33.2,31.0,31.0
2006/06/06,30.4,30.4,28.9,29.1
2006/06/07,28.9,28.9,27.1,27.1
2006/06/08,26.3,26.3,25.2,25.2
2006/06/09,25.8,26.0,24.8,26.0
2006/06/12,25.8,26.8,25.5,26.8
2006/06/13,26.4,27.5,25.9,26.2
2006/06/14,26.3,26.6,25.6,26.4
2006/06/15,27.4,27.4,26.1,26.2
2006/06/16,27.0,27.2,26.6,26.7
2006/06/19,26.7,26.7,25.9,26.0
2006/06/20,25.7,26.2,24.3,24.7
2006/06/21,24.3,25.2,22.9,23.1
2006/06/22,24.1,24.7,23.7,24.7
2006/06/23,24.1,24.8,23.9,24.8
2006/06/26,25.2,26.5,25.0,26.5
2006/06/27,26.8,27.8,26.7,27.2
2006/06/28,26.4,27.1,26.4,27.0
2006/06/29,27.2,27.8,27.2,27.3
2006/06/30,28.2,28.3,27.7,28.0
2006/07/03,28.0,29.3,27.9,29.1
2006/07/04,29.3,29.6,28.2,28.4
2006/07/05,28.2,28.9,27.7,27.8
2006/07/06,27.7,28.2,27.7,28.2
2006/07/07,28.3,28.6,28.0,28.0
2006/07/10,27.8,28.6,27.5,28.6
2006/07/11,28.8,29.4,28.8,29.0
2006/07/12,29.3,29.3,28.2,28.2
2006/07/13,28.0,28.5,27.4,27.5
2006/07/14,27.0,27.1,26.0,26.3
2006/07/17,25.9,26.2,24.9,25.2
2006/07/18,25.2,25.4,23.9,25.0
2006/07/19,25.1,25.6,24.9,25.1
2006/07/20,25.8,26.7,25.6,26.6
2006/07/21,25.9,26.6,25.9,26.3
2006/07/24,25.6,26.7,25.5,26.5
2006/07/25,27.0,27.4,26.6,26.6
2006/07/26,26.7,27.1,26.0,26.4
2006/07/27,26.6,27.1,26.3,27.1
2006/07/28,27.4,28.0,27.4,28.0
2006/07/31,28.6,29.5,28.5,28.9
2006/08/01,29.4,29.4,28.3,28.5
2006/08/02,28.2,28.7,28.0,28.6
2006/08/03,28.7,29.3,28.6,28.6
2006/08/04,28.9,29.2,28.4,28.6
2006/08/07,28.6,29.0,28.3,28.5
2006/08/08,28.5,28.7,27.5,28.1
2006/08/09,28.1,29.1,27.8,29.0
2006/08/10,29.0,30.2,28.5,29.6
2006/08/11,30.1,30.1,29.4,29.4
2006/08/14,29.4,30.3,29.3,30.1
2006/08/15,30.1,30.6,29.8,30.6
2006/08/16,31.9,32.2,31.0,31.3
2006/08/17,31.9,31.9,30.4,30.6
2006/08/18,30.6,30.9,29.9,29.9
2006/08/21,30.0,30.1,27.9,27.9
2006/08/22,27.9,28.3,27.4,28.3
2006/08/23,28.2,28.2,26.9,28.1
2006/08/24,27.9,28.2,27.7,28.1
2006/08/25,28.1,28.5,27.3,27.5
2006/08/28,27.5,27.5,26.7,26.8
2006/08/29,27.0,28.3,27.0,28.3
2006/08/30,28.1,28.4,27.7,28.2
2006/08/31,28.4,28.7,28.0,28.4
2006/09/01,28.4,28.5,28.2,28.3
2006/09/04,28.6,29.7,28.6,29.2
2006/09/05,29.2,29.5,28.9,28.9
2006/09/06,28.8,29.5,28.6,29.4
2006/09/07,29.0,30.0,29.0,29.4
2006/09/08,29.9,30.3,29.7,29.9
2006/09/11,29.9,30.6,29.6,29.7
2006/09/12,29.7,29.9,28.6,28.6
2006/09/13,29.0,29.3,28.6,29.0
2006/09/14,29.1,29.1,27.8,27.9
2006/09/15,27.9,28.8,27.6,28.8
2006/09/18,29.9,30.3,29.6,30.3
2006/09/19,30.6,31.5,30.1,30.9
2006/09/20,31.2,31.8,30.8,31.3
2006/09/21,31.7,32.0,30.8,31.2
2006/09/22,31.2,31.7,31.1,31.2
2006/09/25,31.2,31.4,30.1,30.6
2006/09/26,32.7,32.7,31.0,31.0
2006/09/27,31.2,31.4,30.9,31.3
2006/09/28,31.2,31.3,30.0,30.2
2006/09/29,30.3,31.1,30.2,31.0
2006/10/02,31.3,31.7,31.2,31.7
2006/10/03,31.7,31.8,31.2,31.4
2006/10/04,31.5,31.7,30.9,30.9
2006/10/05,31.2,32.9,31.2,32.8
2006/10/10,32.8,32.8,32.8,32.8
2006/10/11,32.8,34.0,32.6,33.2
2006/10/12,33.5,33.6,32.5,32.6
2006/10/13,33.0,33.7,32.9,33.4
2006/10/16,33.4,34.0,33.2,33.7
2006/10/17,33.8,34.6,33.5,33.7
2006/10/18,33.1,33.6,31.8,32.8
2006/10/19,32.6,33.2,32.2,32.4
2006/10/20,32.5,33.1,32.4,33.1
2006/10/23,33.2,33.5,33.0,33.4
2006/10/24,33.7,33.9,33.4,33.5
2006/10/25,33.6,33.8,33.2,33.2
2006/10/26,33.4,34.1,33.4,33.5
2006/10/27,33.7,34.0,33.2,33.3
2006/10/30,33.0,33.2,32.6,32.8
2006/10/31,32.8,32.9,32.5,32.5
2006/11/01,32.5,32.9,31.9,32.2
2006/11/02,32.0,32.2,31.4,32.0
2006/11/03,32.0,32.8,32.0,32.6
2006/11/06,31.4,32.2,31.4,31.7
2006/11/07,32.3,33.2,32.0,33.2
2006/11/08,33.6,34.6,33.4,33.4
2006/11/09,34.0,34.2,33.5,33.6
2006/11/10,34.1,34.3,33.4,33.7
2006/11/13,33.7,34.1,33.4,33.5
2006/11/14,33.8,35.8,33.8,35.8
2006/11/15,36.9,38.3,36.9,37.7
2006/11/16,38.1,38.3,37.1,37.3
2006/11/17,37.7,38.2,36.9,37.6
2006/11/20,37.6,38.1,36.7,37.0
2006/11/21,37.2,38.9,37.0,38.5
2006/11/22,38.6,39.2,38.0,38.1
2006/11/23,38.0,38.4,37.1,37.2
2006/11/24,37.2,37.8,36.9,37.2
2006/11/27,37.5,37.7,36.9,37.5
2006/11/28,37.0,37.8,36.9,37.1
2006/11/29,37.5,37.8,36.9,36.9
2006/11/30,37.0,37.3,36.6,36.8
2006/12/01,36.8,37.8,36.7,36.9
2006/12/04,37.2,37.2,36.6,36.7
2006/12/05,37.0,38.3,36.8,37.1
2006/12/06,37.5,37.9,37.2,37.3
2006/12/07,37.4,37.7,36.5,36.6
2006/12/08,36.6,37.1,36.5,37.0
2006/12/11,37.1,37.2,36.7,36.8
2006/12/12,36.8,37.0,34.4,35.0
2006/12/13,35.0,35.4,34.1,34.9
2006/12/14,35.7,35.9,35.0,35.7
2006/12/15,36.0,36.1,35.3,35.4
2006/12/18,35.4,35.7,35.3,35.5
2006/12/19,35.2,35.8,34.7,35.2
2006/12/20,35.2,36.1,35.1,35.7
2006/12/21,36.0,36.2,35.5,35.6
2006/12/22,35.8,35.8,35.4,35.8
2006/12/25,35.9,36.0,35.4,35.5
2006/12/26,35.5,36.5,35.5,35.9
2006/12/27,36.1,37.1,36.1,36.3
2006/12/28,36.5,36.9,36.0,36.1
2006/12/29,36.1,37.3,36.1,37.3
2007/01/01,37.3,37.3,37.3,37.3
2007/01/02,37.5,37.8,36.9,36.9
2007/01/03,36.8,37.3,36.1,36.3
2007/01/04,36.3,36.7,36.3,36.6
2007/01/05,36.7,37.1,36.4,36.6
2007/01/08,36.6,36.6,35.7,35.8
2007/01/09,35.8,36.2,35.7,35.8
2007/01/10,35.5,35.6,34.6,34.8
2007/01/11,35.1,35.2,33.6,33.8
2007/01/12,34.1,34.8,34.1,34.7
2007/01/15,35.0,36.0,34.9,36.0
2007/01/16,35.9,35.9,35.1,35.4
2007/01/17,35.2,35.9,35.1,35.4
2007/01/18,35.5,36.5,35.5,35.9
2007/01/19,35.7,36.0,35.4,35.5
2007/01/22,35.7,36.4,35.6,35.8
2007/01/23,35.8,36.3,35.4,35.7
2007/01/24,36.0,36.1,35.4,35.4
2007/01/25,35.7,36.6,35.7,36.1
2007/01/26,36.3,36.6,35.7,36.3
2007/01/29,36.4,36.4,35.4,35.5
2007/01/30,35.5,35.6,34.9,35.1
2007/01/31,35.1,35.3,34.1,34.4
2007/02/01,34.7,35.0,34.5,35.0
2007/02/02,35.3,35.8,35.3,35.7
2007/02/05,35.8,36.0,35.7,36.0
2007/02/06,36.0,36.0,35.7,36.0
2007/02/07,36.0,37.1,35.8,36.4
2007/02/08,36.8,37.0,35.7,35.7
2007/02/09,35.9,36.0,35.3,35.5
2007/02/12,35.5,35.6,34.3,35.2
2007/02/13,34.7,35.2,34.6,34.7
2007/02/14,35.4,35.7,35.2,35.6
2007/02/26,36.4,38.1,36.3,38.1
2007/02/27,38.1,38.8,37.5,38.0
2007/03/01,37.0,37.3,36.6,36.7
2007/03/02,37.0,39.3,37.0,39.3
2007/03/05,37.5,37.7,35.4,35.5
2007/03/06,35.7,36.6,35.7,36.1
2007/03/07,36.6,36.7,35.8,36.1
2007/03/08,36.3,37.7,36.3,37.0
2007/03/09,37.5,38.8,36.5,38.1
2007/03/12,38.9,39.0,37.8,38.0
2007/03/13,38.0,38.6,37.5,37.5
2007/03/14,36.6,37.0,36.5,36.5
2007/03/15,37.3,39.0,37.2,38.7
2007/03/16,38.4,38.9,38.1,38.3
2007/03/20,39.5,40.0,39.0,39.0
2007/03/21,39.6,39.7,38.9,39.2
2007/03/22,40.2,41.0,39.6,39.8
2007/03/23,39.9,40.1,39.0,39.0
2007/03/26,39.0,39.6,38.7,38.7
2007/03/27,39.3,39.3,38.3,38.4
2007/03/28,38.6,39.2,38.6,39.2
2007/03/29,39.2,39.8,38.7,39.2
2007/03/30,39.3,39.8,38.7,38.7
2007/04/02,38.9,39.6,38.6,38.7
2007/04/03,38.7,39.2,38.4,39.1
2007/04/04,39.5,39.6,38.9,39.0
2007/04/09,39.1,39.3,38.1,38.1
2007/04/10,38.1,38.7,38.1,38.3
2007/04/11,38.5,39.3,38.4,38.7
2007/04/12,38.7,40.0,38.7,39.6
2007/04/13,40.1,40.1,38.6,38.6
2007/04/16,39.3,39.4,38.5,38.5
2007/04/17,38.9,39.0,37.5,37.9
2007/04/18,37.9,38.3,37.8,38.0
2007/04/19,37.9,38.5,37.8,38.0
2007/04/20,38.0,38.4,37.9,38.1
2007/04/23,38.5,38.6,38.0,38.1
2007/04/24,38.2,38.7,38.1,38.6
2007/04/25,38.7,38.7,37.9,37.9
2007/04/26,38.2,38.4,38.0,38.4
2007/04/27,38.6,38.6,38.0,38.1
2007/04/30,38.0,38.0,36.3,36.7
2007/05/02,36.7,37.3,36.4,36.4
2007/05/03,36.7,36.7,35.0,35.8
2007/05/04,35.8,36.1,35.7,36.0
2007/05/07,36.1,36.4,35.8,36.0
2007/05/08,36.1,36.6,36.1,36.4
2007/05/09,36.5,36.6,36.1,36.4
2007/05/10,36.9,36.9,36.1,36.3
2007/05/11,36.3,36.4,35.9,36.4
2007/05/14,36.5,36.6,35.6,36.3
2007/05/15,36.3,36.4,36.0,36.3
2007/05/16,36.3,36.5,35.7,36.4
2007/05/17,36.5,36.6,35.5,35.7
2007/05/18,35.5,35.8,35.1,35.1
2007/05/21,35.2,35.5,35.1,35.3
2007/05/22,35.4,35.6,35.3,35.4
2007/05/23,35.5,35.9,35.5,35.6
2007/05/24,35.8,35.8,35.1,35.2
2007/05/25,35.2,35.4,34.9,35.2
2007/05/28,35.3,35.4,35.0,35.0
2007/05/29,35.1,35.4,35.1,35.2
2007/05/30,35.2,35.4,34.9,35.0
2007/05/31,35.7,37.4,35.7,37.4
2007/06/01,38.1,38.9,38.1,38.1
2007/06/04,38.9,40.4,38.8,39.6
2007/06/05,39.6,40.4,39.3,40.2
2007/06/06,40.2,40.6,39.6,40.2
2007/06/07,40.1,42.5,40.0,42.2
2007/06/08,42.1,42.3,41.2,41.6
2007/06/11,41.7,42.1,40.8,40.8
2007/06/12,41.0,42.0,41.0,41.1
2007/06/13,41.1,42.7,40.8,42.3
2007/06/14,42.5,42.8,41.4,42.4
2007/06/15,42.4,42.5,41.3,41.5
2007/06/20,41.9,42.4,41.5,41.5
2007/06/21,41.7,42.3,41.7,42.1
2007/06/22,42.3,43.3,41.9,42.3
2007/06/25,43.1,43.8,42.6,42.8
2007/06/26,43.0,43.4,41.9,42.8
2007/06/27,42.7,43.1,42.2,42.3
2007/06/28,42.8,42.8,42.1,42.6
2007/06/29,42.8,43.1,42.0,42.1
2007/07/02,42.3,42.5,41.9,41.9
2007/07/03,42.3,42.4,41.4,41.6
2007/07/04,41.9,42.2,41.6,41.9
2007/07/05,42.3,44.7,42.1,44.5
2007/07/06,42.3,43.7,41.9,42.4
2007/07/09,42.4,42.4,41.4,41.5
2007/07/10,41.8,41.9,41.1,41.3
2007/07/11,41.0,41.8,40.7,40.9
2007/07/12,41.1,41.6,40.9,40.9
2007/07/13,42.1,42.1,41.3,41.6
2007/07/16,41.6,42.7,41.3,41.9
2007/07/17,41.9,43.5,41.9,42.7
2007/07/18,43.3,44.1,42.8,43.3
2007/07/19,43.5,43.8,43.0,43.0
2007/07/20,43.5,44.4,43.3,43.3
2007/07/23,43.0,46.4,42.8,46.4
2007/07/24,47.0,49.4,46.4,47.9
2007/07/25,47.6,49.3,46.9,48.0
2007/07/26,49.0,50.0,46.4,46.7
2007/07/27,45.9,49.9,45.8,48.8
2007/07/30,49.7,51.2,48.5,49.7
2007/07/31,50.2,51.1,48.6,49.3
2007/08/01,49.3,51.6,49.1,49.2
2007/08/02,50.2,50.8,46.5,48.6
2007/08/03,49.4,50.6,48.6,48.7
2007/08/06,48.1,48.3,46.8,47.7
2007/08/07,48.3,48.7,46.2,46.2
2007/08/08,47.1,47.5,46.5,47.4
2007/08/09,48.2,48.6,46.7,46.7
2007/08/10,45.3,45.7,44.5,44.8
2007/08/13,45.6,45.6,44.5,44.8
2007/08/14,44.8,46.8,44.8,46.2
2007/08/15,46.2,46.8,43.9,44.0
2007/08/16,43.4,44.6,41.0,41.7
2007/08/17,41.7,42.9,40.2,41.1
2007/08/20,43.5,43.8,42.4,43.5
2007/08/21,43.5,44.5,42.7,44.5
2007/08/22,44.4,44.4,42.0,42.4
2007/08/23,43.1,43.9,42.7,43.7
2007/08/24,43.3,44.1,42.4,42.5
2007/08/27,43.5,43.6,42.8,42.8
2007/08/28,42.9,43.5,42.7,42.8
2007/08/29,40.5,41.6,39.8,40.4
2007/08/30,40.9,40.9,39.9,40.1
2007/08/31,40.3,41.1,40.2,40.6
2007/09/03,41.1,42.1,41.0,41.5
2007/09/04,41.7,42.8,41.7,42.4
2007/09/05,43.5,43.5,41.8,41.8
2007/09/06,41.8,41.8,41.2,41.8
2007/09/07,44.2,44.2,42.3,42.3
2007/09/10,41.7,42.5,41.3,42.3
2007/09/11,42.6,42.6,41.8,41.9
2007/09/12,42.3,42.5,41.9,41.9
2007/09/13,42.1,42.2,41.0,41.1
2007/09/14,41.2,41.3,40.6,40.9
2007/09/17,41.1,41.1,39.8,40.2
2007/09/19,40.2,40.9,39.2,39.2
2007/09/20,39.2,39.8,39.2,39.3
2007/09/21,39.3,40.2,38.7,40.2
2007/09/26,40.5,42.9,40.5,42.5
2007/09/27,42.5,42.7,42.2,42.4
2007/09/28,42.5,42.8,41.7,41.7
2007/10/01,42.5,42.7,41.9,42.0
2007/10/02,42.4,43.5,42.4,42.9
2007/10/03,43.1,43.3,42.4,42.7
2007/10/04,42.4,43.4,42.4,43.1
2007/10/05,43.3,43.5,42.6,42.7
2007/10/08,43.1,43.4,42.5,42.6
2007/10/09,42.6,42.8,41.6,41.9
2007/10/11,41.9,42.1,41.6,41.7
2007/10/12,41.7,41.7,40.1,40.3
2007/10/15,40.9,40.9,39.6,40.2
2007/10/16,39.9,41.0,39.8,40.8
2007/10/17,41.2,41.2,40.7,41.1
2007/10/18,41.3,42.1,41.3,41.7
2007/10/19,41.8,41.9,41.3,41.3
2007/10/22,39.6,40.4,39.5,39.5
2007/10/23,39.9,40.2,39.4,40.1
2007/10/24,40.5,40.8,39.5,39.5
2007/10/25,39.9,40.6,39.8,40.0
2007/10/26,40.4,41.0,40.0,40.0
2007/10/29,40.5,40.9,40.0,40.5
2007/10/30,40.6,40.7,40.1,40.5
2007/10/31,40.5,40.5,39.5,39.6
2007/11/01,39.6,40.1,36.9,37.1
2007/11/02,36.5,36.5,34.6,34.6
2007/11/05,34.6,35.2,33.8,34.7
2007/11/06,34.9,34.9,34.1,34.6
2007/11/07,34.7,34.9,34.3,34.7
2007/11/08,34.1,34.3,32.3,32.4
2007/11/09,32.6,34.1,32.3,33.7
2007/11/12,32.8,33.5,32.6,32.9
2007/11/13,32.9,34.3,32.9,34.3
2007/11/14,35.4,35.8,34.9,35.3
2007/11/15,35.0,35.4,34.6,34.9
2007/11/16,34.3,35.3,34.3,35.2
2007/11/19,35.7,35.7,34.8,34.8
2007/11/20,34.4,34.9,33.6,34.9
2007/11/21,34.9,35.1,34.1,34.1
2007/11/22,33.7,34.1,33.1,33.4
2007/11/23,33.6,33.8,32.2,32.6
2007/11/26,33.4,33.6,32.6,33.0
2007/11/27,30.7,32.4,30.7,31.8
2007/11/28,32.3,32.6,31.9,32.0
2007/11/29,32.0,32.5,31.2,31.4
2007/11/30,32.2,33.6,31.7,33.6
2007/12/03,33.4,33.4,33.4,33.4
2007/12/04,33.8,33.8,32.8,33.7
2007/12/05,33.4,34.7,33.0,34.5
2007/12/06,34.5,34.7,33.4,33.4
2007/12/07,34.1,34.1,33.1,33.2
2007/12/10,33.2,33.2,32.2,32.3
2007/12/11,32.4,32.5,31.3,31.7
2007/12/12,31.3,31.4,30.9,31.4
2007/12/13,31.4,31.4,30.0,30.1
2007/12/14,30.5,30.5,28.0,29.0
2007/12/17,29.0,29.5,27.0,27.0
2007/12/18,26.0,26.9,25.1,25.3
2007/12/19,25.7,26.5,25.3,25.9
2007/12/20,26.2,26.2,24.2,24.3
2007/12/21,24.5,26.0,23.8,26.0
2007/12/24,26.6,26.6,25.9,25.9
2007/12/25,26.1,26.5,25.7,26.0
2007/12/26,26.0,26.0,25.2,25.6
2007/12/27,25.6,26.7,25.6,26.5
2007/12/28,26.1,27.0,26.0,27.0
2007/12/31,27.5,28.2,27.1,27.8
2008/01/02,27.7,28.6,27.6,27.8
2008/01/03,27.4,27.5,27.0,27.2
2008/01/04,27.0,27.5,26.8,27.3
2008/01/07,26.3,26.7,25.8,25.8
2008/01/08,26.0,26.3,25.9,26.0
2008/01/09,25.5,26.4,25.3,26.4
2008/01/10,26.8,27.2,26.1,26.1
2008/01/11,26.2,26.7,26.2,26.5
2008/01/14,26.8,27.2,26.1,26.1
2008/01/15,26.6,27.3,26.3,26.9
2008/01/16,26.5,26.5,25.4,26.3
2008/01/17,26.3,26.8,26.2,26.8
2008/01/18,26.2,27.0,26.1,26.9
2008/01/21,26.8,27.0,26.5,26.9
2008/01/22,25.8,25.9,25.0,25.0
2008/01/23,25.1,25.6,23.5,23.9
2008/01/24,24.2,24.8,23.7,23.9
2008/01/25,24.5,24.8,24.1,24.7
2008/01/28,24.1,24.4,23.7,23.7
2008/01/29,23.8,24.1,23.3,23.6
2008/01/30,23.8,24.0,23.2,23.3
2008/01/31,23.2,23.5,22.8,22.8
2008/02/01,23.2,23.8,23.1,23.5
2008/02/12,23.5,23.8,23.0,23.2
2008/02/13,23.6,23.8,23.2,23.2
2008/02/14,23.5,24.4,23.5,24.4
2008/02/15,23.9,24.8,23.9,24.5
2008/02/18,24.8,24.9,24.5,24.7
2008/02/19,24.9,25.6,24.7,25.4
2008/02/20,25.3,25.4,24.8,25.0
2008/02/21,25.1,25.6,25.1,25.3
2008/02/22,25.0,25.4,24.9,25.3
2008/02/25,25.5,26.1,25.5,25.9
2008/02/26,26.2,26.4,25.8,26.0
2008/02/27,26.2,27.0,26.0,26.7
2008/02/29,26.7,27.2,26.5,27.1
2008/03/03,26.6,27.0,26.1,27.0
2008/03/04,27.2,27.7,27.1,27.5
2008/03/05,27.4,27.7,26.6,26.9
2008/03/06,27.2,27.6,27.2,27.6
2008/03/07,27.1,27.6,27.0,27.1
2008/03/10,27.4,27.4,27.0,27.2
2008/03/11,27.0,27.1,26.6,27.1
2008/03/12,27.6,28.4,27.4,28.0
2008/03/13,28.0,28.0,27.3,27.4
2008/03/14,27.6,27.7,26.7,26.7
2008/03/17,25.4,26.1,25.4,25.9
2008/03/18,25.7,25.9,25.1,25.9
2008/03/19,26.3,26.3,25.4,25.4
2008/03/20,25.5,25.7,25.1,25.6
2008/03/21,25.9,26.1,25.6,25.6
2008/03/24,27.2,27.3,26.2,26.4
2008/03/25,26.7,27.2,26.5,26.9
2008/03/26,27.0,27.1,26.6,26.7
2008/03/27,26.6,27.1,26.4,27.1
2008/03/28,27.2,27.6,27.1,27.3
2008/03/31,26.7,27.3,26.7,27.0
2008/04/01,27.0,27.4,27.0,27.1
2008/04/02,27.4,27.9,27.3,27.5
2008/04/03,27.5,28.2,27.4,27.8
2008/04/07,27.9,28.6,27.7,28.5
2008/04/08,28.5,28.6,28.0,28.2
2008/04/09,28.3,28.8,28.2,28.4
2008/04/10,28.4,28.5,28.1,28.3
2008/04/11,28.4,28.6,28.3,28.4
2008/04/14,28.2,28.4,28.0,28.3
2008/04/15,28.3,28.5,28.2,28.2
2008/04/16,28.3,28.5,27.9,28.3
2008/04/17,28.5,28.9,28.2,28.2
2008/04/18,28.2,28.3,28.0,28.2
2008/04/21,28.4,28.6,28.2,28.3
2008/04/22,28.4,28.4,28.0,28.0
2008/04/23,27.8,28.2,27.6,28.0
2008/04/24,28.0,28.6,27.9,28.4
2008/04/25,28.8,29.5,28.6,28.6
2008/04/28,28.6,28.8,28.5,28.6
2008/04/29,28.4,28.8,27.8,28.1
2008/04/30,28.2,28.7,27.7,27.9
2008/05/02,27.1,27.1,25.9,25.9
2008/05/05,25.4,25.4,24.8,25.0
2008/05/06,24.8,25.4,24.8,25.4
2008/05/07,25.7,25.7,25.1,25.1
2008/05/08,25.0,25.0,25.0,25.0
2008/05/09,25.4,25.4,24.7,24.8
2008/05/12,25.4,25.4,24.8,25.1
2008/05/13,25.3,25.3,24.9,25.0
2008/05/14,25.1,25.2,24.8,25.0
2008/05/15,25.1,25.7,25.0,25.3
2008/05/16,25.4,25.8,25.4,25.5
2008/05/19,25.7,25.7,25.4,25.7
2008/05/20,25.9,26.2,25.5,25.6
2008/05/21,25.6,25.7,25.4,25.4
2008/05/22,25.1,25.4,25.1,25.4
2008/05/23,25.4,25.6,24.9,24.9
2008/05/26,24.9,24.9,23.9,24.1
2008/05/27,24.2,24.4,23.6,23.7
2008/05/28,23.8,23.9,23.5,23.5
2008/05/29,23.5,23.7,22.8,23.0
2008/05/30,23.2,23.2,22.5,22.9
2008/06/02,23.0,23.0,22.5,22.7
2008/06/03,22.7,22.8,22.5,22.5
2008/06/04,22.7,22.7,22.5,22.6
2008/06/05,22.7,23.3,22.4,23.3
2008/06/06,23.3,23.3,23.0,23.1
2008/06/09,22.7,23.7,22.7,23.7
2008/06/10,23.7,23.7,23.0,23.0
2008/06/11,23.2,23.2,22.5,22.5
2008/06/12,22.2,22.2,21.0,21.2
2008/06/13,21.2,21.5,20.8,21.3
2008/06/16,21.7,21.7,21.4,21.4
2008/06/17,21.4,21.5,21.0,21.2
2008/06/18,20.9,21.3,20.8,21.2
2008/06/19,21.2,21.2,20.5,20.7
2008/06/20,20.8,20.9,20.2,20.2
2008/06/23,19.9,19.9,19.5,19.5
2008/06/24,19.5,19.9,19.3,19.3
2008/06/25,19.3,19.9,19.3,19.8
2008/06/26,20.1,20.2,19.9,20.1
2008/06/27,19.3,19.3,18.9,19.0
2008/06/30,19.1,19.2,18.3,18.6
2008/07/01,18.6,18.7,18.1,18.1
2008/07/02,18.1,18.6,17.9,18.6
2008/07/03,18.4,19.8,18.1,19.8
2008/07/07,19.2,19.9,19.2,19.9
2008/07/08,19.8,19.8,19.2,19.2
2008/07/09,19.3,19.7,18.7,18.9
2008/07/10,18.9,19.1,18.6,19.1
2008/07/11,19.1,19.5,18.9,19.3
2008/07/14,19.1,19.5,19.1,19.2
2008/07/15,19.1,19.1,18.3,18.3
2008/07/16,18.3,18.5,18.1,18.2
2008/07/17,18.4,19.0,18.4,18.9
2008/07/18,19.2,19.3,18.1,18.3
2008/07/21,18.9,18.9,18.4,18.8
2008/07/22,18.7,19.0,18.6,18.7
2008/07/23,19.0,19.7,18.9,19.7
2008/07/24,19.8,19.9,19.5,19.8
2008/07/25,19.1,19.5,19.1,19.5
2008/07/29,19.0,19.1,18.6,18.6
2008/07/30,19.0,19.1,18.8,18.8
2008/07/31,19.1,19.1,18.5,18.6
2008/08/01,18.5,18.5,18.2,18.4
2008/08/04,18.4,18.4,17.9,18.1
2008/08/05,18.1,18.1,17.0,17.7
2008/08/06,18.1,18.4,17.7,18.4
2008/08/07,18.3,18.6,18.1,18.2
2008/08/08,18.2,19.3,18.2,19.3
2008/08/11,19.8,20.0,19.6,19.7
2008/08/12,19.9,19.9,19.5,19.5
2008/08/13,19.5,19.8,19.3,19.7
2008/08/14,19.7,19.9,19.5,19.9
2008/08/15,20.5,21.0,20.1,20.1
2008/08/18,19.8,20.1,19.2,19.2
2008/08/19,18.7,19.5,18.6,19.4
2008/08/20,19.2,19.6,19.2,19.5
2008/08/21,19.3,19.4,18.9,18.9
2008/08/22,18.7,19.1,18.6,18.6
2008/08/25,18.9,19.3,18.7,19.1
2008/08/26,19.1,19.1,18.6,18.7
2008/08/27,18.8,19.2,18.7,19.0
2008/08/28,19.1,19.3,19.0,19.0
2008/08/29,19.2,19.4,19.0,19.0
2008/09/01,18.9,18.9,18.3,18.3
2008/09/02,18.3,18.6,17.5,17.5
2008/09/03,17.5,17.6,16.7,16.9
2008/09/04,16.6,17.2,15.8,15.8
2008/09/05,15.0,15.5,14.9,15.3
2008/09/08,16.0,16.3,15.8,16.3
2008/09/09,16.3,16.3,15.2,15.2
2008/09/10,14.9,15.9,14.9,15.8
2008/09/11,16.2,16.2,15.4,15.5
2008/09/12,15.9,15.9,15.0,15.4
2008/09/15,14.8,15.2,14.1,14.2
2008/09/16,13.2,13.5,13.2,13.2
2008/09/17,13.8,14.1,12.5,12.9
2008/09/18,12.0,12.3,12.0,12.3
2008/09/19,13.1,13.1,13.0,13.1
2008/09/22,14.0,14.0,13.9,14.0
2008/09/23,13.8,14.9,13.8,14.9
2008/09/24,14.9,15.6,14.4,15.2
2008/09/25,14.8,15.9,14.8,15.7
2008/09/26,16.0,16.0,14.6,14.7
2008/09/30,13.7,13.9,13.7,13.7
2008/10/01,14.3,14.6,14.1,14.6
2008/10/02,14.6,15.2,14.5,14.6
2008/10/03,14.6,15.5,14.3,15.5
2008/10/06,15.0,15.2,14.8,14.8
2008/10/07,14.3,15.0,14.3,15.0
2008/10/08,14.6,14.7,14.0,14.0
2008/10/09,13.8,14.3,13.1,13.2
2008/10/13,12.7,12.9,12.7,12.9
2008/10/14,13.7,13.7,13.7,13.7
2008/10/15,13.9,13.9,13.6,13.9
2008/10/16,13.5,13.5,13.5,13.5
2008/10/17,13.9,13.9,13.5,13.5
2008/10/20,13.5,13.7,13.0,13.7
2008/10/21,14.2,14.3,13.5,13.7
2008/10/22,13.3,13.7,13.2,13.2
2008/10/23,12.7,12.7,12.7,12.7
2008/10/24,12.3,12.3,12.3,12.3
2008/10/27,11.5,11.9,11.5,11.5
2008/10/28,10.7,12.2,10.7,11.6
2008/10/29,12.4,12.4,11.4,11.4
2008/10/30,11.5,12.2,11.5,12.2
2008/10/31,12.5,12.9,11.9,12.9
2008/11/03,12.5,12.8,12.3,12.7
2008/11/04,12.3,12.4,12.1,12.2
2008/11/05,12.3,12.5,12.1,12.2
2008/11/06,11.3,11.6,11.3,11.3
2008/11/07,10.6,11.4,10.6,11.3
2008/11/10,11.3,11.4,11.1,11.2
2008/11/11,11.2,11.2,10.7,10.9
2008/11/12,10.5,11.0,10.5,10.8
2008/11/13,10.7,10.7,10.1,10.1
2008/11/14,10.3,10.4,9.6,9.7
2008/11/17,9.5,9.5,9.1,9.1
2008/11/18,8.6,8.9,8.4,8.4
2008/11/19,8.1,8.9,8.1,8.5
2008/11/20,7.9,8.1,7.9,7.9
2008/11/21,7.3,8.0,7.3,8.0
2008/11/24,8.0,8.2,7.8,7.9
2008/11/25,8.1,8.4,8.1,8.3
2008/11/26,8.2,8.3,8.1,8.1
2008/11/27,8.3,8.7,8.3,8.7
2008/11/28,8.6,8.9,8.5,8.8
2008/12/01,8.8,9.2,8.7,9.1
2008/12/02,8.5,8.7,8.4,8.4
2008/12/03,8.5,8.6,8.1,8.1
2008/12/04,8.3,8.3,7.9,7.9
2008/12/05,7.9,8.0,7.7,7.9
2008/12/08,8.0,8.4,8.0,8.3
2008/12/09,8.4,8.5,8.4,8.4
2008/12/10,8.6,9.0,8.5,9.0
2008/12/11,9.1,9.5,9.1,9.3
2008/12/12,9.0,9.2,8.6,8.8
2008/12/15,9.4,9.4,9.2,9.4
2008/12/16,9.6,9.7,9.4,9.5
2008/12/17,9.7,9.7,9.2,9.4
2008/12/18,9.3,9.4,9.1,9.3
2008/12/19,9.2,9.5,9.1,9.5
2008/12/22,9.5,9.6,9.0,9.1
2008/12/23,9.0,9.0,8.5,8.6
2008/12/24,8.4,8.6,8.3,8.6
2008/12/25,8.6,8.6,8.4,8.5
2008/12/26,8.5,8.6,8.4,8.6
2008/12/29,8.6,8.6,8.4,8.6
2008/12/30,8.6,8.9,8.6,8.7
2008/12/31,8.9,8.9,8.7,8.7
2009/01/05,9.2,9.2,8.9,8.9
2009/01/06,8.9,9.3,8.9,9.1
2009/01/07,9.3,9.6,9.2,9.3
2009/01/08,9.2,9.2,8.7,8.7
2009/01/09,8.6,8.9,8.6,8.8
2009/01/12,8.7,8.9,8.6,8.7
2009/01/13,8.6,8.8,8.6,8.7
2009/01/14,8.8,8.8,8.7,8.7
2009/01/15,8.5,8.5,8.2,8.2
2009/01/16,8.5,8.5,8.2,8.3
2009/01/19,8.8,9.0,8.8,8.8
2009/01/20,8.7,8.7,8.3,8.4
2009/01/21,8.2,8.4,8.1,8.4
2009/02/02,8.4,8.4,8.2,8.3
2009/02/03,8.4,8.7,8.4,8.7
2009/02/04,8.8,8.9,8.7,8.7
2009/02/05,8.6,9.0,8.6,8.7
2009/02/06,9.0,9.0,8.8,8.8
2009/02/09,9.1,9.1,8.9,8.9
2009/02/10,8.9,9.1,8.9,9.0
2009/02/11,8.8,9.3,8.7,9.3
2009/02/12,9.4,9.9,9.2,9.3
2009/02/13,9.5,10.0,9.5,10.0
2009/02/16,10.7,10.7,10.3,10.6
2009/02/17,10.6,10.8,10.2,10.8
2009/02/18,10.3,10.7,10.3,10.4
2009/02/19,10.4,10.4,9.8,10.2
2009/02/20,10.1,10.4,10.0,10.1
2009/02/23,10.0,10.2,9.8,10.1
2009/02/24,10.0,10.0,9.7,9.8
2009/02/25,10.1,10.3,10.0,10.2
2009/02/26,10.4,10.5,10.1,10.1
2009/02/27,10.1,10.4,10.1,10.2
2009/03/02,10.2,10.8,10.2,10.3
2009/03/03,10.3,10.3,9.7,10.3
2009/03/04,10.4,11.0,10.3,11.0
2009/03/05,11.4,11.5,10.8,11.0
2009/03/06,10.7,11.2,10.7,11.2
2009/03/09,11.4,11.9,11.3,11.9
2009/03/10,12.4,12.8,12.2,12.8
2009/03/11,13.2,13.2,12.3,12.3
2009/03/12,12.3,12.5,12.2,12.2
2009/03/13,12.7,12.7,11.9,12.2
2009/03/16,12.2,12.4,12.0,12.1
2009/03/17,12.1,12.4,12.0,12.3
2009/03/18,12.4,12.8,12.3,12.4
2009/03/19,12.5,12.6,12.2,12.2
2009/03/20,12.2,12.3,11.8,11.8
2009/03/23,12.0,12.3,11.9,12.2
2009/03/24,12.4,13.1,12.3,13.0
2009/03/25,13.3,13.7,13.0,13.5
2009/03/26,13.7,14.3,13.3,13.9
2009/03/27,14.1,14.3,13.7,13.9
2009/03/30,13.5,13.7,12.9,12.9
2009/03/31,12.8,13.1,12.6,12.7
2009/04/01,12.9,13.3,12.9,13.1
2009/04/02,13.3,13.5,13.1,13.3
2009/04/03,13.5,13.9,13.3,13.6
2009/04/06,13.9,14.3,13.7,13.8
2009/04/07,13.6,14.1,13.5,13.9
2009/04/08,13.9,14.5,13.7,13.9
2009/04/09,14.1,14.4,14.1,14.3
2009/04/10,14.9,15.2,14.6,14.9
2009/04/13,15.0,15.5,14.6,15.2
2009/04/14,15.2,15.3,14.9,15.0
2009/04/15,15.0,15.5,14.8,15.5
2009/04/16,15.7,15.9,15.5,15.8
2009/04/17,16.0,16.4,14.8,14.9
2009/04/20,14.8,14.9,13.9,14.3
2009/04/21,13.9,14.9,13.8,14.9
2009/04/22,14.9,15.2,14.8,14.8
2009/04/23,14.9,15.2,14.4,14.6
2009/04/24,14.6,15.3,14.6,15.2
2009/04/27,15.4,15.4,14.2,14.3
2009/04/28,14.1,14.4,13.4,13.4
2009/04/29,13.4,13.5,12.9,13.1
2009/04/30,13.9,13.9,13.5,13.9
2009/05/04,14.3,14.9,14.3,14.9
2009/05/05,15.3,15.3,13.9,14.2
2009/05/06,14.2,15.0,13.9,14.6
2009/05/07,15.3,15.6,15.0,15.6
2009/05/08,16.7,16.7,16.2,16.7
2009/05/11,17.3,17.5,16.4,16.5
2009/05/12,16.2,16.4,15.6,15.9
2009/05/13,16.0,16.5,16.0,16.2
2009/05/14,15.8,16.6,15.6,16.2
2009/05/15,16.3,16.6,16.0,16.2
2009/05/18,16.2,16.4,16.0,16.0
2009/05/19,16.4,16.6,15.8,15.9
2009/05/20,16.0,16.2,15.8,15.8
2009/05/21,15.7,16.0,15.7,15.8
2009/05/22,15.6,16.5,15.4,16.2
2009/05/25,16.6,17.3,16.1,17.3
2009/05/26,17.8,18.1,17.0,17.1
2009/05/27,17.5,18.0,17.2,17.9
2009/06/01,17.9,17.9,17.2,17.3
2009/06/02,17.6,17.6,16.4,16.6
2009/06/03,16.4,17.2,16.3,16.6
2009/06/04,16.7,17.0,16.5,16.8
2009/06/05,16.9,17.6,16.8,17.5
2009/06/08,17.5,17.5,16.4,16.6
2009/06/09,16.4,16.6,15.4,15.4
2009/06/10,15.6,15.8,15.2,15.7
2009/06/11,15.7,16.1,15.5,16.0
2009/06/12,16.2,16.2,15.3,15.4
2009/06/15,15.0,15.0,14.4,14.4
2009/06/16,13.8,14.1,13.4,13.7
2009/06/17,13.7,14.1,13.5,13.5
2009/06/18,13.9,13.9,13.4,13.4
2009/06/19,13.4,13.7,13.4,13.7
2009/06/22,13.9,14.3,13.7,14.3
2009/06/23,14.2,14.6,14.0,14.2
2009/06/24,14.2,14.6,13.9,14.2
2009/06/25,14.2,14.7,14.1,14.6
2009/06/26,15.0,15.0,14.4,14.6
2009/06/29,14.6,14.8,14.1,14.2
2009/06/30,14.3,14.6,14.2,14.2
2009/07/01,14.3,14.8,14.3,14.6
2009/07/02,14.8,15.2,14.7,14.9
2009/07/03,14.8,15.3,14.5,15.3
2009/07/06,15.4,16.0,15.4,15.5
2009/07/07,15.7,16.0,15.6,15.7
2009/07/08,15.7,15.7,15.3,15.4
2009/07/09,15.7,16.2,15.6,16.2
2009/07/10,16.4,16.5,16.0,16.1
2009/07/13,16.2,16.3,15.2,15.2
2009/07/14,15.4,15.8,15.4,15.6
2009/07/15,15.9,16.1,15.6,15.8
2009/07/16,16.1,16.2,15.6,15.6
2009/07/17,15.8,16.2,15.6,16.1
2009/07/20,16.2,16.6,16.0,16.5
2009/07/21,16.6,16.7,16.1,16.2
2009/07/22,16.2,16.6,16.0,16.4
2009/07/23,16.4,16.6,16.2,16.2
2009/07/24,16.5,16.5,15.8,15.8
2009/07/27,16.0,16.2,15.8,15.9
2009/07/28,16.0,16.7,16.0,16.6
2009/07/29,16.9,17.8,16.6,17.8
2009/07/30,17.9,17.9,16.9,17.5
2009/07/31,17.9,18.7,17.9,18.2
2009/08/03,18.5,19.4,18.3,19.4
2009/08/04,19.8,20.1,18.1,18.3
2009/08/05,18.4,18.5,17.3,17.5
2009/08/06,17.6,17.9,17.2,17.6
2009/08/10,17.5,18.0,17.5,17.8
2009/08/11,17.8,17.9,17.3,17.8
2009/08/12,17.6,18.2,17.5,17.8
2009/08/13,18.2,18.6,18.1,18.5
2009/08/14,18.6,19.1,18.4,18.5
2009/08/17,18.5,19.0,18.3,18.5
2009/08/18,18.3,18.4,17.5,17.7
2009/08/19,18.1,18.1,17.7,17.9
2009/08/20,17.8,17.9,16.9,17.0
2009/08/21,17.2,17.5,16.0,16.5
2009/08/24,16.9,17.3,16.9,17.2
2009/08/25,17.5,17.5,16.5,16.5
2009/08/26,16.6,17.3,16.4,17.1
2009/08/27,17.1,17.8,16.9,17.2
2009/08/28,17.3,17.9,17.3,17.6
2009/08/31,17.6,17.7,17.1,17.1
2009/09/01,17.1,17.9,17.1,17.9
2009/09/02,17.7,18.3,17.6,17.9
2009/09/03,18.1,18.3,17.7,17.8
2009/09/04,17.9,18.1,17.8,17.8
2009/09/07,18.0,18.5,17.9,18.3
2009/09/08,18.4,19.0,18.2,18.8
2009/09/09,19.0,19.0,17.9,18.0
2009/09/10,18.3,18.5,17.7,17.7
2009/09/11,17.7,18.1,17.7,17.9
2009/09/14,17.7,18.0,17.7,17.7
2009/09/15,17.7,19.0,17.7,19.0
2009/09/16,19.2,19.9,19.0,19.0
2009/09/17,19.2,19.3,18.7,18.7
2009/09/18,19.0,19.6,18.8,19.6
2009/09/21,19.6,20.2,19.4,19.6
2009/09/22,20.0,20.0,19.2,19.3
2009/09/23,19.5,20.0,19.0,19.2
2009/09/24,19.2,19.4,19.0,19.2
2009/09/25,19.2,19.2,18.8,18.9
2009/09/28,18.7,18.9,18.4,18.5
2009/09/29,18.7,19.0,18.7,18.8
2009/09/30,19.0,19.0,18.7,18.8
2009/10/01,18.8,19.0,18.6,18.6
2009/10/02,18.3,18.5,18.2,18.3
2009/10/05,18.3,18.5,18.2,18.4
2009/10/06,18.5,18.9,18.5,18.7
2009/10/07,19.0,19.2,18.8,18.9
2009/10/08,19.0,19.5,18.9,19.0
2009/10/09,19.0,19.2,18.7,18.8
2009/10/12,19.0,19.0,18.7,18.8
2009/10/13,18.8,19.1,18.7,18.9
2009/10/14,19.1,19.3,19.0,19.2
2009/10/15,19.5,19.5,19.0,19.0
2009/10/16,19.2,19.8,19.1,19.4
2009/10/19,19.6,20.0,19.6,20.0
2009/10/20,20.2,20.2,19.5,19.5
2009/10/21,19.5,20.0,19.5,19.9
2009/10/22,19.8,19.8,19.0,19.1
2009/10/23,19.1,19.4,19.0,19.1
2009/10/26,19.2,19.4,19.0,19.0
2009/10/27,19.2,19.4,18.8,19.0
2009/10/28,18.9,19.0,18.4,18.5
2009/10/29,18.1,18.1,17.3,17.6
2009/10/30,17.9,17.9,17.3,17.4
2009/11/02,16.8,17.2,16.6,16.9
2009/11/03,17.2,17.2,16.9,17.0
2009/11/04,17.1,18.1,17.1,17.9
2009/11/05,17.6,18.2,17.6,18.0
2009/11/06,18.3,18.3,17.5,17.6
2009/11/09,17.7,17.9,17.4,17.5
2009/11/10,17.6,17.8,17.6,17.7
2009/11/11,17.7,17.8,17.4,17.6
2009/11/12,17.7,17.8,17.6,17.6
2009/11/13,17.6,17.9,17.6,17.8
2009/11/16,17.9,18.1,17.9,18.1
2009/11/17,18.3,18.4,18.1,18.4
2009/11/18,18.5,19.4,18.3,19.0
2009/11/19,19.0,19.2,18.5,18.7
2009/11/20,18.7,19.0,18.5,18.8
2009/11/23,18.8,19.1,18.7,18.7
2009/11/24,19.0,19.0,18.5,18.5
2009/11/25,18.7,18.8,18.5,18.5
2009/11/26,18.7,18.7,18.2,18.2
2009/11/27,17.8,18.1,17.6,17.6
2009/11/30,17.9,18.1,17.9,18.1
2009/12/01,18.1,18.5,17.9,18.1
2009/12/02,18.2,18.8,18.1,18.3
2009/12/03,18.4,18.5,17.9,18.0
2009/12/04,18.0,18.1,17.9,18.0
2009/12/07,18.0,18.5,18.0,18.3
2009/12/08,18.4,18.7,18.3,18.5
2009/12/09,18.7,19.1,18.6,18.7
2009/12/10,18.8,19.0,18.0,18.3
2009/12/11,18.5,18.7,18.4,18.5
2009/12/14,18.7,19.4,18.7,19.3
2009/12/15,19.4,19.8,19.0,19.1
2009/12/16,19.1,19.6,19.0,19.2
2009/12/17,19.3,19.6,19.0,19.0
2009/12/18,19.0,19.6,18.9,19.4
2009/12/21,19.8,20.7,19.6,20.7
2009/12/22,21.5,21.6,20.6,20.7
2009/12/23,20.8,21.5,20.6,21.5
2009/12/24,23.0,23.0,23.0,23.0
2009/12/25,24.6,24.6,24.6,24.6
2009/12/28,25.4,25.7,24.7,25.0
2009/12/29,24.9,25.5,24.6,25.2
2009/12/30,25.2,26.6,24.8,26.6
2009/12/31,26.6,27.6,26.1,27.3
2010/01/04,27.2,27.3,25.9,26.1
2010/01/05,26.4,26.5,24.4,24.6
2010/01/06,24.6,25.3,24.4,24.7
2010/01/07,24.9,26.0,24.8,25.0
2010/01/08,25.3,25.6,24.4,25.2
2010/01/11,25.2,25.4,24.6,24.8
2010/01/12,24.8,25.2,24.6,24.9
2010/01/13,24.8,25.3,24.6,24.9
2010/01/14,25.0,25.6,24.9,25.1
2010/01/15,25.5,25.7,25.1,25.4
2010/01/18,25.3,26.2,25.1,25.7
2010/01/19,25.7,26.1,24.8,25.0
2010/01/20,25.4,25.4,24.8,25.2
2010/01/21,25.2,25.4,24.4,24.5
2010/01/22,23.7,24.1,23.1,24.0
2010/01/25,23.6,24.0,23.1,23.1
2010/01/26,23.7,23.7,21.5,21.5
2010/01/27,21.2,21.5,20.4,21.0
2010/01/28,21.4,22.3,21.3,21.9
2010/01/29,21.4,21.7,21.0,21.7
2010/02/01,21.9,23.1,21.8,23.1
2010/02/02,23.8,23.8,22.7,22.7
2010/02/03,23.3,23.7,22.9,23.5
2010/02/04,23.6,24.2,23.3,23.8
2010/02/05,22.9,23.3,22.1,22.3
2010/02/08,22.9,24.1,22.8,24.1
2010/02/09,24.3,25.2,24.3,25.0
2010/02/10,25.7,25.9,24.7,25.0
2010/02/22,25.9,25.9,24.0,24.1
2010/02/23,24.1,24.5,24.0,24.4
2010/02/24,23.8,24.8,23.8,24.0
2010/02/25,24.1,24.6,23.8,23.8
2010/02/26,24.4,25.0,24.0,24.5
2010/03/01,24.6,24.9,24.4,24.5
2010/03/02,24.6,25.0,24.1,24.1
2010/03/03,24.1,24.4,23.4,23.7
2010/03/04,23.8,24.3,23.7,23.8
2010/03/05,24.1,24.5,23.9,24.4
2010/03/08,24.6,25.4,24.5,25.2
2010/03/09,25.6,26.1,25.3,25.4
2010/03/10,25.7,25.7,24.8,24.9
2010/03/11,24.9,25.2,24.5,24.5
2010/03/12,24.8,24.8,24.2,24.2
2010/03/15,24.2,24.7,24.2,24.2
2010/03/16,24.5,24.9,24.2,24.7
2010/03/17,25.0,25.0,24.6,24.7
2010/03/18,24.9,26.4,24.8,26.4
2010/03/19,26.9,27.1,25.4,25.4
2010/03/22,25.7,27.2,25.7,27.2
2010/03/23,27.9,28.8,27.1,27.4
2010/03/24,27.5,27.7,26.7,26.9
2010/03/25,26.6,27.3,26.4,26.6
2010/03/26,26.6,27.3,26.3,26.7
2010/03/29,27.1,27.2,26.6,26.8
2010/03/30,27.1,27.1,26.1,26.3
2010/03/31,26.3,26.8,26.2,26.5
2010/04/01,26.7,26.9,26.3,26.7
2010/04/02,27.6,28.5,27.5,28.5
2010/04/06,28.8,28.8,27.7,27.9
2010/04/07,28.2,29.1,27.5,29.1
2010/04/08,29.1,31.1,29.1,30.0
2010/04/09,30.3,30.6,29.6,30.3
2010/04/12,30.3,30.8,30.3,30.3
2010/04/13,30.3,30.7,29.4,29.4
2010/04/14,30.1,31.4,30.1,30.9
2010/04/15,30.9,31.1,30.3,30.7
2010/04/16,30.7,31.7,30.7,31.1
2010/04/19,30.3,31.1,29.0,29.0
2010/04/20,29.0,30.5,28.1,29.6
2010/04/21,29.2,30.5,29.2,29.8
2010/04/22,29.6,30.9,28.8,30.7
2010/04/23,30.7,32.8,30.3,32.6
2010/04/26,32.5,32.9,31.9,32.4
2010/04/27,31.7,31.7,30.1,30.1
2010/04/28,28.0,29.6,28.0,29.5
2010/04/29,29.4,29.8,28.8,28.8
2010/04/30,29.2,29.4,27.3,27.6
2010/05/03,28.0,28.3,27.5,28.0
2010/05/04,28.2,28.8,27.7,28.4
2010/05/05,28.4,29.4,28.4,28.9
2010/05/06,29.3,29.4,27.7,28.8
2010/05/07,27.3,28.7,26.9,28.4
2010/05/10,28.7,29.2,28.2,29.2
2010/05/11,29.2,29.4,28.2,28.2
2010/05/12,28.7,30.1,28.2,28.2
2010/05/13,28.4,28.9,28.2,28.4
2010/05/14,28.2,28.6,28.2,28.4
2010/05/17,28.0,28.2,27.3,27.3
2010/05/18,27.5,27.7,26.5,26.8
2010/05/19,25.9,26.8,25.8,26.5
2010/05/20,26.8,26.8,25.4,25.4
2010/05/21,23.7,24.4,23.7,23.7
2010/05/24,23.8,24.3,23.6,24.2
2010/05/25,23.7,23.7,22.5,22.5
2010/05/26,23.1,23.5,22.4,23.2
2010/05/27,23.2,24.4,22.9,24.0
2010/05/28,24.5,24.8,24.0,24.0
2010/05/31,23.7,24.7,23.7,24.4
2010/06/01,24.4,24.5,24.0,24.2
2010/06/02,23.7,24.5,23.4,23.4
2010/06/03,24.2,25.0,23.9,25.0
2010/06/04,25.3,25.3,24.6,24.8
2010/06/07,23.7,23.8,23.4,23.8
2010/06/08,23.8,24.6,23.8,24.2
2010/06/09,24.4,24.4,23.1,23.3
2010/06/10,23.4,23.7,23.2,23.6
2010/06/11,24.2,24.6,24.1,24.2
2010/06/14,24.4,24.6,24.2,24.4
2010/06/15,24.5,24.9,24.4,24.6
2010/06/17,25.0,25.9,24.9,25.1
2010/06/18,25.2,25.4,25.0,25.1
2010/06/21,25.5,25.6,25.2,25.2
2010/06/22,25.7,26.0,25.2,25.4
2010/06/23,25.4,25.7,25.1,25.3
2010/06/24,25.3,25.6,25.2,25.2
2010/06/25,24.7,24.8,24.2,24.3
2010/06/28,24.4,24.6,24.1,24.1
2010/06/29,24.2,24.5,23.6,23.7
2010/06/30,22.6,23.2,22.6,23.1
2010/07/01,23.1,23.4,22.9,23.1
2010/07/02,23.1,23.9,23.1,23.9
2010/07/05,24.0,24.6,23.8,24.4
2010/07/06,24.5,25.2,24.2,24.5
2010/07/07,24.8,24.8,24.3,24.4
2010/07/08,25.7,25.7,24.6,24.6
2010/07/09,24.6,24.9,24.5,24.5
2010/07/12,24.7,25.0,24.5,24.5
2010/07/13,24.6,24.9,23.8,24.1
2010/07/14,24.4,24.6,24.2,24.4
2010/07/15,24.4,24.6,24.2,24.3
2010/07/16,24.3,24.4,23.8,23.8
2010/07/19,23.7,24.1,23.4,23.8
2010/07/20,23.9,24.6,23.9,24.6
2010/07/21,24.9,25.3,24.6,24.9
2010/07/22,25.0,25.2,24.6,24.7
2010/07/23,25.0,25.6,24.8,25.1
2010/07/26,25.2,25.3,24.9,25.1
2010/07/27,25.3,25.4,24.9,24.9
2010/07/28,24.8,25.0,24.4,24.6
2010/07/29,24.4,24.9,24.4,24.8
2010/07/30,24.8,25.4,24.6,25.0
2010/08/02,25.2,25.3,24.6,24.7
2010/08/03,24.8,25.0,24.5,24.8
2010/08/04,24.9,25.3,24.8,25.0
2010/08/05,25.2,25.2,24.1,24.5
2010/08/06,24.6,24.8,24.3,24.6
2010/08/09,24.8,25.2,24.6,25.0
2010/08/10,25.5,25.8,25.0,25.0
2010/08/11,24.9,25.3,24.7,25.0
2010/08/12,24.7,24.9,24.5,24.6
2010/08/13,24.8,25.6,24.8,25.4
2010/08/16,25.4,25.7,25.0,25.2
2010/08/17,25.2,26.4,25.2,25.9
2010/08/18,26.4,27.5,25.6,27.0
2010/08/19,27.0,27.0,26.1,26.3
2010/08/20,26.0,26.3,25.6,25.6
2010/08/23,25.6,26.3,25.2,25.6
2010/08/24,25.9,26.1,25.4,25.7
2010/08/25,26.0,26.5,23.9,25.0
2010/08/26,25.0,25.3,24.0,24.0
2010/08/27,23.8,24.2,23.8,24.0
2010/08/30,24.4,24.4,23.2,23.3
2010/08/31,23.0,23.0,22.0,22.0
2010/09/01,22.1,22.8,22.1,22.3
2010/09/02,23.0,23.1,22.5,22.6
2010/09/03,22.7,23.2,22.7,23.2
2010/09/06,23.7,23.7,22.9,23.7
2010/09/07,24.0,24.1,23.5,23.6
2010/09/08,23.6,23.6,23.1,23.1
2010/09/09,23.7,24.2,23.6,23.6
2010/09/10,23.7,23.9,23.4,23.5
2010/09/13,23.7,23.9,23.6,23.9
2010/09/14,24.1,24.1,23.8,23.8
2010/09/15,23.8,24.1,23.7,23.9
2010/09/16,24.1,24.1,23.5,23.5
2010/09/17,23.6,23.8,23.5,23.5
2010/09/20,23.7,23.7,23.4,23.4
2010/09/21,23.6,23.8,23.4,23.6
2010/09/23,23.6,23.9,23.3,23.7
2010/09/24,23.7,23.8,23.5,23.5
2010/09/27,24.1,24.8,23.7,24.4
2010/09/28,24.6,24.6,24.2,24.2
2010/09/29,24.5,25.3,24.3,25.2
2010/09/30,25.2,25.6,24.7,24.7
2010/10/01,24.8,24.8,24.4,24.4
2010/10/04,24.4,24.6,23.8,23.8
2010/10/05,23.7,23.9,23.4,23.6
2010/10/06,23.8,23.9,23.4,23.6
2010/10/07,23.6,23.8,23.5,23.6
2010/10/08,23.7,24.4,23.4,24.1
2010/10/11,24.0,24.0,23.6,23.6
2010/10/12,23.6,23.8,23.4,23.5
2010/10/13,23.7,23.8,23.4,23.5
2010/10/14,23.8,23.8,23.5,23.6
2010/10/15,23.6,23.7,22.9,23.0
2010/10/18,23.0,23.5,22.9,23.0
2010/10/19,23.1,23.2,23.0,23.0
2010/10/20,22.9,24.1,22.9,24.1
2010/10/21,24.1,24.1,23.4,23.4
2010/10/22,23.5,24.4,23.5,24.0
2010/10/25,24.0,24.3,23.9,24.0
2010/10/26,24.0,24.2,23.7,23.8
2010/10/27,23.8,24.0,23.4,23.4
2010/10/28,23.5,23.7,23.4,23.6
2010/10/29,24.1,25.1,24.1,24.2
2010/11/01,24.5,25.6,24.5,25.1
2010/11/02,25.1,25.1,24.1,24.1
2010/11/03,24.5,24.5,23.6,23.7
2010/11/04,24.0,24.3,23.8,24.0
2010/11/05,24.4,24.4,23.9,24.0
2010/11/08,24.0,24.2,23.4,23.5
2010/11/09,23.5,23.7,23.4,23.7
2010/11/10,23.7,24.2,23.6,24.0
2010/11/11,24.5,25.0,24.4,24.6
2010/11/12,24.6,24.6,24.1,24.1
2010/11/15,24.1,24.8,23.9,24.4
2010/11/16,24.4,24.6,24.2,24.4
2010/11/17,24.2,24.6,24.0,24.4
2010/11/18,24.7,24.7,24.3,24.4
2010/11/19,24.5,24.6,23.9,23.9
2010/11/22,24.1,24.3,24.0,24.2
2010/11/23,24.3,24.4,24.0,24.2
2010/11/24,24.1,24.3,23.9,24.0
2010/11/25,24.3,24.6,24.2,24.4
2010/11/26,24.5,24.5,24.2,24.2
2010/11/29,24.4,24.6,24.2,24.4
2010/11/30,24.5,24.8,24.3,24.4
2010/12/01,24.6,25.0,24.6,24.8
2010/12/02,25.0,25.7,25.0,25.0
2010/12/03,25.1,25.9,25.0,25.8
2010/12/06,25.9,26.2,25.4,25.6
2010/12/07,25.7,25.9,25.4,25.7
2010/12/08,26.0,26.0,25.4,25.4
2010/12/09,25.6,26.1,25.3,25.9
2010/12/10,25.9,27.6,25.9,27.6
2010/12/13,28.3,29.5,28.3,29.5
2010/12/14,30.5,30.9,28.8,29.2
2010/12/15,29.5,30.1,28.8,29.8
2010/12/16,29.9,29.9,29.1,29.3
2010/12/17,29.4,30.0,28.6,28.6
2010/12/20,29.0,29.2,28.3,28.6
2010/12/21,28.8,29.4,28.7,28.8
2010/12/22,29.1,29.2,28.5,28.7
2010/12/23,28.7,29.5,28.6,29.2
2010/12/24,29.4,29.5,28.4,29.0
2010/12/27,29.0,30.3,29.0,29.2
2010/12/28,29.4,30.1,28.7,28.8
2010/12/29,28.8,28.9,26.8,26.8
2010/12/30,26.8,27.0,26.3,26.5
2010/12/31,26.5,27.1,26.5,26.8
2011/01/03,26.9,27.3,26.4,26.4
2011/01/04,26.6,27.2,26.6,26.7
2011/01/05,26.8,26.9,25.9,26.1
2011/01/06,26.5,26.9,26.1,26.7
2011/01/07,27.3,27.5,26.5,26.7
2011/01/10,26.7,26.7,26.2,26.3
2011/01/11,26.3,26.8,26.2,26.5
2011/01/12,26.6,27.1,26.5,26.9
2011/01/13,27.1,27.5,26.6,26.6
2011/01/14,26.7,26.9,26.4,26.5
2011/01/17,26.7,26.7,26.3,26.5
2011/01/18,26.5,27.3,26.5,26.9
2011/01/19,27.3,27.3,26.9,26.9
2011/01/20,26.9,28.4,26.9,28.2
2011/01/21,28.1,28.8,27.5,28.0
2011/01/24,28.0,28.4,27.7,28.0
2011/01/25,28.2,28.8,28.1,28.1
2011/01/26,28.3,28.4,27.5,27.6
2011/01/27,27.7,28.1,27.5,27.5
2011/01/28,27.6,28.2,27.5,27.5
2011/02/08,27.7,28.3,27.4,27.9
2011/02/09,28.0,28.2,27.1,27.1
2011/02/10,27.1,27.3,26.7,26.8
2011/02/11,26.8,26.9,25.0,25.3
2011/02/14,25.5,26.0,25.5,25.7
2011/02/15,25.7,26.9,25.3,26.5
2011/02/16,26.8,27.1,26.3,26.7
2011/02/17,26.7,26.7,25.5,25.6
2011/02/18,26.2,26.2,25.7,26.0
2011/02/21,26.1,26.1,25.4,25.5
2011/02/22,25.2,25.2,24.4,24.6
2011/02/23,24.2,25.0,24.2,24.6
2011/02/24,24.8,25.0,24.4,24.8
2011/02/25,25.0,25.0,24.2,24.9
2011/03/01,25.0,25.4,25.0,25.3
2011/03/02,25.0,25.3,24.8,24.9
2011/03/03,25.0,26.6,25.0,26.6
2011/03/04,27.0,27.1,26.1,26.1
2011/03/07,26.0,26.7,25.9,26.3
2011/03/08,26.0,26.4,25.9,26.2
2011/03/09,26.2,26.9,26.0,26.4
2011/03/10,26.4,26.6,25.5,25.6
2011/03/11,25.0,25.2,24.8,25.0
2011/03/14,26.7,26.7,25.0,25.7
2011/03/15,26.1,26.4,24.0,24.6
2011/03/16,24.8,25.0,23.8,24.0
2011/03/17,23.1,23.1,22.4,22.8
2011/03/18,23.0,23.5,22.9,23.3
2011/03/21,23.4,24.2,23.3,24.2
2011/03/22,24.4,24.8,23.9,24.4
2011/03/23,24.4,24.8,24.2,24.4
2011/03/24,24.8,25.2,24.6,25.0
2011/03/25,25.2,25.2,24.5,24.6
2011/03/28,24.6,24.6,24.2,24.2
2011/03/29,24.4,24.4,24.0,24.2
2011/03/30,24.2,24.4,24.2,24.3
2011/03/31,24.4,24.6,24.2,24.6
2011/04/01,24.4,24.6,24.2,24.3
2011/04/06,24.6,25.4,24.6,25.0
2011/04/07,25.1,25.2,24.8,25.2
2011/04/08,25.4,25.7,25.2,25.5
2011/04/11,25.6,25.6,25.0,25.0
2011/04/12,24.7,25.2,24.2,24.4
2011/04/13,24.4,24.8,24.4,24.7
2011/04/14,24.7,24.8,24.4,24.6
2011/04/15,24.9,24.9,24.4,24.5
2011/04/18,24.5,24.5,24.1,24.1
2011/04/19,24.2,24.2,23.7,23.9
2011/04/20,24.2,24.4,24.0,24.4
2011/04/21,24.5,25.1,24.4,24.8
2011/04/22,24.8,24.8,24.3,24.4
2011/04/25,24.4,24.6,24.3,24.4
2011/04/26,24.4,24.8,24.3,24.8
2011/04/27,24.9,24.9,24.6,24.6
2011/04/28,24.6,24.8,24.1,24.1
2011/04/29,24.1,24.2,23.5,23.7
2011/05/03,23.7,23.8,23.1,23.1
2011/05/04,23.1,23.4,23.0,23.3
2011/05/05,23.3,23.5,23.1,23.1
2011/05/06,23.1,23.2,23.0,23.0
2011/05/09,23.1,23.4,23.0,23.1
2011/05/10,23.4,23.6,23.2,23.5
2011/05/11,23.5,23.6,23.4,23.4
2011/05/12,23.3,23.4,23.0,23.1
2011/05/13,23.2,23.4,23.1,23.1
2011/05/16,23.1,23.4,23.0,23.0
2011/05/17,22.8,23.3,22.7,22.9
2011/05/18,22.9,23.1,22.8,23.0
2011/05/19,23.0,23.2,22.9,22.9
2011/05/20,23.0,23.0,22.2,22.3
2011/05/23,22.4,22.4,21.5,21.8
2011/05/24,21.7,21.8,20.8,21.4
2011/05/25,21.5,21.9,21.2,21.8
2011/05/26,21.8,21.9,21.5,21.6
2011/05/27,21.5,21.8,21.5,21.7
2011/05/30,21.7,21.9,21.7,21.7
2011/05/31,21.8,22.0,21.8,22.0
2011/06/01,22.1,22.3,22.0,22.1
2011/06/02,21.8,21.9,21.7,21.7
2011/06/03,21.9,21.9,21.7,21.7
2011/06/07,21.7,21.7,21.5,21.6
2011/06/08,21.7,22.0,21.7,21.7
2011/06/09,21.7,21.9,21.7,21.7
2011/06/10,21.8,21.9,21.1,21.3
2011/06/13,21.2,21.2,20.4,20.7
2011/06/14,20.8,21.1,20.7,20.8
2011/06/15,20.9,20.9,20.0,20.4
2011/06/16,20.1,20.2,19.4,19.4
2011/06/17,19.4,19.6,18.7,18.9
2011/06/20,19.0,19.2,17.7,18.0
2011/06/21,18.3,18.5,18.0,18.1
2011/06/22,18.5,19.2,18.5,19.0
2011/06/23,19.0,19.0,18.1,18.2
2011/06/24,18.4,18.5,18.1,18.5
2011/06/27,18.3,18.3,18.1,18.1
2011/06/28,18.3,18.7,18.3,18.5
2011/06/29,18.7,18.9,18.6,18.7
2011/06/30,18.9,18.9,18.5,18.6
2011/07/01,18.8,19.6,18.8,19.0
2011/07/04,19.1,19.2,18.6,18.6
2011/07/05,18.5,18.6,18.3,18.3
2011/07/06,18.3,18.6,18.3,18.6
2011/07/07,18.6,18.7,18.4,18.4
2011/07/08,18.8,19.1,18.6,18.6
2011/07/11,18.5,18.5,18.1,18.1
2011/07/12,18.0,18.0,17.6,17.6
2011/07/13,17.4,17.8,17.3,17.4
2011/07/14,17.5,17.7,17.2,17.3
2011/07/15,17.1,18.1,17.1,17.9
2011/07/18,17.9,18.1,17.4,17.9
2011/07/19,17.9,18.0,17.6,17.9
2011/07/20,18.0,19.1,18.0,19.1
2011/07/21,19.2,19.2,18.7,18.7
2011/07/22,19.0,19.3,18.9,19.1
2011/07/25,19.5,19.5,18.5,18.5
2011/07/26,18.5,19.1,18.5,18.9
2011/07/27,18.7,19.0,18.7,18.8
2011/07/28,18.4,18.7,18.4,18.5
2011/07/29,18.5,18.5,18.1,18.1
2011/08/01,18.2,18.5,18.2,18.4
2011/08/02,18.3,18.3,18.0,18.3
2011/08/03,17.7,18.0,17.5,17.9
2011/08/04,17.9,18.0,17.6,17.6
2011/08/05,16.4,16.6,16.4,16.4
2011/08/08,16.2,16.2,15.3,15.3
2011/08/09,14.3,15.2,14.3,14.7
2011/08/10,15.4,15.4,15.0,15.4
2011/08/11,15.0,15.0,14.4,14.9
2011/08/12,15.0,15.3,15.0,15.2
2011/08/15,15.4,15.6,15.3,15.5
2011/08/16,15.5,15.7,15.4,15.6
2011/08/17,15.6,15.6,15.4,15.5
2011/08/18,15.4,15.5,14.9,15.0
2011/08/19,14.1,14.5,14.0,14.0
2011/08/22,14.3,14.3,13.7,13.8
2011/08/23,14.1,14.6,13.9,14.6
2011/08/24,14.9,14.9,14.2,14.4
2011/08/25,14.6,14.6,14.1,14.1
2011/08/26,13.8,14.2,13.8,14.1
2011/08/29,14.3,14.6,14.2,14.4
2011/08/30,14.6,14.8,14.4,14.5
2011/08/31,14.5,14.7,14.3,14.7
2011/09/01,14.8,15.1,14.6,14.8
2011/09/02,14.8,14.8,14.4,14.6
2011/09/05,14.3,14.3,14.1,14.1
2011/09/06,13.8,14.4,13.8,14.1
2011/09/07,14.3,14.6,14.1,14.6
2011/09/08,14.6,14.7,14.3,14.3
2011/09/09,14.3,14.8,14.3,14.5
2011/09/13,14.3,14.4,14.1,14.2
2011/09/14,14.3,14.4,13.9,13.9
2011/09/15,14.3,14.5,14.1,14.3
2011/09/16,14.6,14.8,14.5,14.6
2011/09/19,14.6,14.6,14.3,14.3
2011/09/20,14.3,14.5,14.3,14.3
2011/09/21,14.5,14.6,14.3,14.6
2011/09/22,14.5,14.5,14.1,14.3
2011/09/23,13.8,14.0,13.8,13.8
2011/09/26,13.9,13.9,12.9,12.9
2011/09/27,13.2,13.4,13.2,13.3
2011/09/28,13.6,13.6,13.2,13.3
2011/09/29,13.2,13.4,13.1,13.3
2011/09/30,13.4,13.5,13.3,13.4
2011/10/03,13.3,13.4,13.2,13.2
2011/10/04,12.9,13.2,12.9,13.1
2011/10/05,13.3,13.3,13.1,13.1
2011/10/06,13.4,13.4,13.3,13.3
2011/10/07,13.4,13.4,13.4,13.4
2011/10/11,13.6,13.7,13.5,13.5
2011/10/12,13.5,13.6,13.4,13.5
2011/10/13,13.7,14.4,13.5,14.4
2011/10/14,14.4,14.4,13.9,13.9
2011/10/17,14.0,14.1,13.9,13.9
2011/10/18,13.7,13.8,13.5,13.5
2011/10/19,13.7,13.7,13.4,13.4
2011/10/20,13.4,13.4,13.0,13.1
2011/10/21,13.1,13.1,13.0,13.0
2011/10/24,13.1,13.3,13.1,13.2
2011/10/25,13.4,13.4,13.2,13.2
2011/10/26,13.1,13.3,13.1,13.3
2011/10/27,13.4,13.6,13.3,13.4
2011/10/28,13.7,13.8,13.4,13.5
2011/10/31,13.5,13.7,13.2,13.2
2011/11/01,13.1,13.3,13.1,13.2
2011/11/02,13.1,13.2,13.0,13.2
2011/11/03,13.3,13.3,13.2,13.2
2011/11/04,13.3,13.7,13.3,13.6
2011/11/07,13.7,13.7,13.6,13.6
2011/11/08,13.6,14.2,13.6,13.8
2011/11/09,14.0,14.0,13.7,13.8
2011/11/10,13.5,13.5,13.0,13.1
2011/11/11,13.2,13.3,13.1,13.3
2011/11/14,13.4,13.5,13.4,13.4
2011/11/15,13.4,13.4,13.3,13.3
2011/11/16,13.3,13.4,13.1,13.1
2011/11/17,13.1,13.2,13.1,13.1
2011/11/18,13.1,13.1,12.9,12.9
2011/11/21,12.9,12.9,12.0,12.0
2011/11/22,11.5,11.9,11.3,11.5
2011/11/23,11.4,11.6,10.8,10.8
2011/11/24,10.8,11.3,10.7,11.0
2011/11/25,10.9,11.2,10.9,11.1
2011/11/28,11.2,11.4,11.2,11.2
2011/11/29,11.4,11.6,11.3,11.5
2011/11/30,11.5,11.5,11.0,11.1
2011/12/01,11.5,11.9,11.4,11.7
2011/12/02,11.7,11.8,11.5,11.6
2011/12/05,11.8,11.8,11.4,11.4
2011/12/06,11.4,11.5,11.3,11.4
2011/12/07,11.4,11.5,11.3,11.4
2011/12/08,11.3,11.3,10.9,11.1
2011/12/09,11.0,11.2,10.9,11.0
2011/12/12,11.2,11.2,11.0,11.1
2011/12/13,11.0,11.1,10.9,11.0
2011/12/14,10.8,11.1,10.8,11.1
2011/12/15,11.0,11.0,10.8,10.8
2011/12/16,10.9,10.9,10.8,10.8
2011/12/19,10.7,10.7,10.1,10.1
2011/12/20,10.1,10.2,10.0,10.0
2011/12/21,10.5,10.7,10.5,10.7
2011/12/22,10.7,10.7,10.5,10.6
2011/12/23,10.7,11.1,10.7,11.1
2011/12/26,11.4,11.5,11.1,11.2
2011/12/27,11.2,11.5,11.1,11.4
2011/12/28,11.4,11.6,11.2,11.5
2011/12/29,11.5,11.5,11.3,11.4
2011/12/30,11.5,11.5,11.3,11.3
2012/01/02,11.4,11.4,11.1,11.1
2012/01/03,11.2,11.4,11.2,11.3
2012/01/04,11.4,11.5,11.3,11.3
2012/01/05,11.3,11.5,11.3,11.4
2012/01/06,11.4,11.5,11.4,11.4
2012/01/09,11.4,11.4,11.2,11.3
2012/01/10,11.4,11.4,11.3,11.3
2012/01/11,11.3,11.4,11.2,11.3
2012/01/12,11.3,11.5,11.2,11.2
2012/01/13,11.2,11.4,10.7,10.7
2012/01/16,11.0,11.0,10.7,10.7
2012/01/17,10.7,11.0,10.7,10.9
2012/01/18,11.0,11.2,10.9,11.1
2012/01/30,11.5,11.7,11.4,11.6
2012/01/31,11.6,12.1,11.6,12.0
2012/02/01,12.0,12.8,12.0,12.8
2012/02/02,13.2,13.3,12.9,13.2
2012/02/03,13.2,13.7,12.9,13.5
2012/02/06,13.9,13.9,13.3,13.3
2012/02/07,13.3,13.4,13.0,13.1
2012/02/08,13.2,13.7,13.2,13.7
2012/02/09,13.7,14.3,13.6,14.1
2012/02/10,14.2,15.0,14.1,14.8
2012/02/13,14.9,15.4,14.7,15.0
2012/02/14,15.0,15.2,14.1,14.4
2012/02/15,14.4,15.2,14.2,15.0
2012/02/16,15.0,15.0,14.2,14.3
2012/02/17,14.6,14.8,14.1,14.1
2012/02/20,14.5,14.5,14.0,14.3
2012/02/21,14.5,14.5,14.1,14.1
2012/02/22,14.1,14.4,14.1,14.3
2012/02/23,14.3,14.8,14.2,14.5
2012/02/24,14.5,14.7,14.3,14.3
2012/02/29,14.5,14.6,14.3,14.3
2012/03/01,14.3,14.6,14.2,14.4
2012/03/02,14.6,14.6,14.5,14.5
2012/03/05,14.9,14.9,14.5,14.5
2012/03/06,14.4,14.6,14.0,14.0
2012/03/07,13.7,14.0,13.7,13.9
2012/03/08,13.9,14.3,13.9,14.1
2012/03/09,14.1,14.5,14.1,14.3
2012/03/12,14.4,14.6,14.1,14.2
2012/03/13,14.3,14.3,14.0,14.1
2012/03/14,14.3,15.0,14.3,15.0
2012/03/15,14.6,14.8,14.3,14.6
2012/03/16,14.5,14.7,14.3,14.4
2012/03/19,14.5,14.5,14.2,14.2
2012/03/20,14.2,14.3,14.0,14.0
2012/03/21,13.9,14.1,13.9,14.0
2012/03/22,14.0,14.3,14.0,14.1
2012/03/23,14.0,14.3,14.0,14.2
2012/03/26,14.1,14.1,14.0,14.0
2012/03/27,14.0,14.1,13.7,13.7
2012/03/28,13.6,13.8,13.3,13.3
2012/03/29,13.3,13.3,12.4,12.4
2012/03/30,12.2,12.7,12.2,12.7
2012/04/02,12.7,12.7,12.4,12.4
2012/04/03,12.4,12.5,11.7,11.8
2012/04/05,11.5,11.5,11.2,11.5
2012/04/06,11.6,11.9,11.5,11.8
2012/04/09,11.5,11.8,11.4,11.6
2012/04/10,11.7,11.9,11.6,11.7
2012/04/11,11.4,11.7,11.4,11.6
2012/04/12,11.7,11.8,11.5,11.6
2012/04/13,11.8,12.1,11.8,12.0
2012/04/16,11.8,12.2,11.8,12.0
2012/04/17,12.0,12.1,11.6,11.6
2012/04/18,11.7,11.8,11.4,11.4
2012/04/19,11.4,11.5,11.3,11.4
2012/04/20,11.4,11.5,11.2,11.2
2012/04/23,11.1,11.2,11.0,11.0
2012/04/24,11.0,11.2,10.9,11.0
2012/04/25,11.1,11.3,11.1,11.2
2012/04/26,11.5,11.5,11.1,11.2
2012/04/27,11.3,11.3,11.0,11.1
2012/04/30,11.0,11.0,10.9,10.9
2012/05/02,11.1,11.6,11.1,11.5
2012/05/03,11.5,11.5,11.4,11.4
2012/05/04,11.3,11.5,11.3,11.4
2012/05/07,11.2,11.3,11.2,11.2
2012/05/08,11.2,11.3,11.2,11.2
2012/05/09,11.2,11.2,11.0,11.1
2012/05/10,11.0,11.2,11.0,11.0
2012/05/11,11.0,11.1,10.8,10.8
2012/05/14,10.9,11.0,10.8,10.8
2012/05/15,10.7,10.8,10.6,10.8
2012/05/16,10.8,10.8,10.6,10.7
2012/05/17,10.8,10.8,10.7,10.8
2012/05/18,10.7,10.7,10.3,10.3
2012/05/21,10.6,10.6,10.5,10.5
2012/05/22,10.5,10.7,10.5,10.6
2012/05/23,10.6,10.6,10.4,10.4
2012/05/24,10.4,10.5,10.2,10.3
2012/05/25,10.2,10.3,10.2,10.2
2012/05/28,10.3,10.3,10.2,10.3
2012/05/29,10.3,10.9,10.3,10.8
2012/05/30,10.8,10.8,10.6,10.8
2012/05/31,10.6,10.8,10.6,10.8
2012/06/01,10.8,10.8,10.5,10.5
2012/06/04,9.9,10.0,9.7,9.8
2012/06/05,9.8,10.1,9.8,9.9
2012/06/06,10.0,10.1,9.9,10.0
2012/06/07,10.3,10.3,10.0,10.0
2012/06/08,10.0,10.1,10.0,10.0
2012/06/11,10.2,10.2,10.1,10.1
2012/06/12,10.0,10.0,9.9,10.0
2012/06/13,10.0,10.3,10.0,10.2
2012/06/14,10.2,10.2,10.1,10.1
2012/06/15,10.1,10.2,10.1,10.1
2012/06/18,10.3,10.5,10.2,10.3
2012/06/19,10.4,10.4,10.3,10.3
2012/06/20,10.3,10.4,10.3,10.4
2012/06/21,10.4,10.5,10.4,10.4
2012/06/22,10.4,10.4,10.3,10.4
2012/06/25,10.3,10.5,10.3,10.3
2012/06/26,10.3,10.3,10.1,10.2
2012/06/27,10.3,10.3,10.1,10.1
2012/06/28,10.2,10.3,10.1,10.1
2012/06/29,10.1,10.2,10.1,10.2
2012/07/02,10.2,10.3,10.2,10.3
2012/07/03,10.3,10.4,10.3,10.4
2012/07/04,10.4,10.6,10.4,10.6
2012/07/05,10.6,10.6,10.3,10.3
2012/07/06,10.4,10.4,10.3,10.3
2012/07/09,10.3,10.3,10.2,10.2
2012/07/10,10.2,10.3,10.1,10.1
2012/07/11,10.1,10.2,10.1,10.2
2012/07/12,10.1,10.2,10.0,10.0
2012/07/13,10.0,10.1,9.9,9.9
2012/07/16,9.9,10.0,9.8,9.8
2012/07/17,9.8,9.9,9.8,9.8
2012/07/18,9.8,9.8,9.6,9.6
2012/07/19,9.6,9.8,9.5,9.6
2012/07/20,9.6,9.6,9.5,9.6
2012/07/23,9.6,9.8,9.3,9.8
2012/07/24,9.6,9.6,9.3,9.4
2012/07/25,9.4,9.5,9.3,9.3
2012/07/26,9.4,9.4,9.3,9.3
2012/07/27,9.4,9.5,9.4,9.4
2012/07/30,9.6,9.6,9.4,9.5
2012/07/31,9.4,9.6,9.4,9.5
2012/08/01,9.4,9.6,9.4,9.5
2012/08/03,9.4,9.5,9.3,9.3
2012/08/06,9.5,9.5,9.4,9.4
2012/08/07,9.4,9.5,9.3,9.4
2012/08/08,9.4,9.5,9.4,9.4
2012/08/09,9.4,9.8,9.4,9.7
2012/08/10,9.8,10.0,9.7,9.7
2012/08/13,9.7,9.9,9.7,9.7
2012/08/14,9.8,9.9,9.7,9.8
2012/08/15,9.7,9.9,9.7,9.8
2012/08/16,9.8,10.1,9.8,10.0
2012/08/17,10.1,10.1,10.0,10.0
2012/08/20,10.0,10.1,9.8,9.9
2012/08/21,9.9,10.1,9.9,10.0
2012/08/22,10.1,10.1,10.0,10.1
2012/08/23,10.0,10.1,10.0,10.0
2012/08/24,10.0,10.0,9.9,10.0
2012/08/27,10.0,10.0,9.9,10.0
2012/08/28,9.9,10.0,9.9,9.9
2012/08/29,9.9,10.0,9.8,9.8
2012/08/30,9.8,9.9,9.8,9.8
2012/08/31,9.8,9.8,9.7,9.7
2012/09/03,9.8,10.0,9.8,9.9
2012/09/04,10.0,10.0,9.9,9.9
2012/09/05,9.9,10.2,9.9,9.9
2012/09/06,10.0,10.1,9.9,10.0
2012/09/07,10.1,10.2,10.0,10.1
2012/09/10,10.1,10.4,10.1,10.3
2012/09/11,10.3,10.4,10.2,10.2
2012/09/12,10.3,10.7,10.3,10.5
2012/09/13,10.5,10.8,10.4,10.5
2012/09/14,10.6,10.7,10.5,10.5
2012/09/17,10.6,10.8,10.6,10.6
2012/09/18,10.6,11.0,10.6,10.7
2012/09/19,10.8,10.9,10.7,10.8
2012/09/20,10.8,10.9,10.6,10.7
2012/09/21,10.7,11.4,10.7,11.2
2012/09/24,11.2,11.9,11.1,11.3
2012/09/25,11.3,11.5,11.2,11.2
2012/09/26,11.2,11.2,10.8,10.8
2012/09/27,10.7,11.0,10.7,10.9
2012/09/28,10.9,11.0,10.7,10.7
2012/10/01,10.7,10.8,10.6,10.7
2012/10/02,10.8,10.9,10.7,10.7
2012/10/03,10.7,10.8,10.6,10.6
2012/10/04,10.6,10.7,10.5,10.5
2012/10/05,10.6,10.6,10.4,10.4
2012/10/08,10.4,10.5,10.2,10.2
2012/10/09,10.2,10.4,10.1,10.1
2012/10/11,9.9,10.0,9.9,9.9
2012/10/12,9.9,10.0,9.8,9.9
2012/10/15,9.9,9.9,9.9,9.9
2012/10/16,10.0,10.1,9.9,10.0
2012/10/17,10.1,10.1,9.9,9.9
2012/10/18,10.0,10.0,9.8,9.9
2012/10/19,9.9,9.9,9.7,9.8
2012/10/22,9.6,9.7,9.5,9.6
2012/10/23,9.6,9.7,9.6,9.6
2012/10/24,9.6,10.0,9.6,9.7
2012/10/25,9.7,9.8,9.5,9.5
2012/10/26,9.6,9.6,9.2,9.2
2012/10/29,9.2,9.3,8.8,8.8
2012/10/30,8.8,9.1,8.8,9.1
2012/10/31,9.4,9.4,9.0,9.1
2012/11/01,8.9,9.3,8.8,9.3
2012/11/02,9.4,9.4,9.0,9.0
2012/11/05,8.9,8.9,8.8,8.8
2012/11/06,8.8,8.9,8.8,8.9
2012/11/07,8.9,9.0,8.9,9.0
2012/11/08,8.9,9.0,8.9,9.0
2012/11/09,8.9,9.2,8.9,9.2
2012/11/12,9.2,9.2,9.0,9.1
2012/11/13,9.1,9.1,8.9,8.9
2012/11/14,8.9,8.9,8.8,8.9
2012/11/15,8.7,8.9,8.7,8.9
2012/11/16,8.8,9.0,8.8,8.8
2012/11/19,8.9,8.9,8.8,8.8
2012/11/20,8.9,8.9,8.8,8.8
2012/11/21,8.8,8.8,8.7,8.7
2012/11/22,8.8,8.8,8.7,8.7
2012/11/23,8.7,8.9,8.7,8.9
2012/11/26,9.0,9.1,9.0,9.1
2012/11/27,9.1,9.2,9.0,9.2
2012/11/28,9.3,9.4,9.2,9.3
2012/11/29,9.4,9.5,9.3,9.3
2012/11/30,9.4,9.8,9.4,9.5
2012/12/03,9.6,10.1,9.6,9.9
2012/12/04,9.9,10.1,9.8,10.0
2012/12/05,10.0,10.3,9.9,10.2
2012/12/06,10.3,10.3,10.1,10.1
2012/12/07,10.1,10.2,10.0,10.0
2012/12/10,9.9,10.0,9.8,9.8
2012/12/11,9.9,9.9,9.6,9.6
2012/12/12,9.7,10.0,9.7,9.9
2012/12/13,9.9,10.1,9.9,10.1
2012/12/14,10.0,10.0,9.9,9.9
2012/12/17,9.9,10.0,9.8,9.9
2012/12/18,9.9,10.1,9.9,10.1
2012/12/19,10.2,10.4,10.2,10.3
2012/12/20,10.3,10.3,10.1,10.1
2012/12/21,10.2,10.2,9.9,9.9
2012/12/24,10.0,10.0,9.9,9.9
2012/12/25,9.9,10.1,9.9,10.0
2012/12/26,10.0,10.1,10.0,10.0
2012/12/27,10.0,10.1,10.0,10.0
2012/12/28,10.1,10.1,10.0,10.0
2013/01/02,10.0,10.2,10.0,10.1
2013/01/03,10.2,10.2,10.1,10.2
2013/01/04,10.1,10.5,9.9,10.4
2013/01/07,10.3,10.4,10.2,10.2
2013/01/08,10.2,10.3,10.1,10.1
2013/01/09,10.1,10.2,10.1,10.1
2013/01/10,10.2,10.3,10.1,10.1
2013/01/11,10.1,10.3,10.1,10.2
2013/01/14,10.2,10.3,10.2,10.3
2013/01/15,10.2,10.3,10.2,10.2
2013/01/16,10.2,10.3,10.2,10.2
2013/01/17,10.1,10.2,9.8,9.9
2013/01/18,9.9,10.0,9.9,9.9
2013/01/21,9.9,10.0,9.7,9.9
2013/01/22,9.9,10.0,9.8,9.9
2013/01/23,10.0,10.0,9.8,9.8
2013/01/24,9.8,9.9,9.8,9.8
2013/01/25,9.8,9.8,9.7,9.8
2013/01/28,9.9,9.9,9.7,9.7
2013/01/29,9.8,10.0,9.7,9.9
2013/01/30,10.0,10.0,9.9,9.9
2013/01/31,9.9,9.9,9.8,9.8
2013/02/01,9.8,9.9,9.7,9.8
2013/02/04,9.8,9.9,9.8,9.8
2013/02/05,9.7,9.9,9.7,9.7
2013/02/06,9.8,9.9,9.7,9.7
2013/02/18,9.8,9.9,9.7,9.7
2013/02/19,9.8,9.9,9.8,9.9
2013/02/20,10.0,10.0,9.9,9.9
2013/02/21,9.9,9.9,9.8,9.8
2013/02/22,9.8,10.0,9.8,9.8
2013/02/25,10.1,10.2,10.1,10.1
2013/02/26,10.1,10.1,10.0,10.0
2013/02/27,10.0,10.1,10.0,10.0
2013/03/01,10.0,10.1,10.0,10.0
2013/03/04,10.0,10.0,9.8,9.9
2013/03/05,9.9,10.0,9.9,10.0
2013/03/06,10.1,10.1,9.9,10.0
2013/03/07,10.0,10.1,10.0,10.0
2013/03/08,10.1,10.1,10.1,10.1
2013/03/11,10.1,10.2,10.0,10.1
2013/03/12,10.1,10.2,10.0,10.0
2013/03/13,10.0,10.1,10.0,10.1
2013/03/14,10.1,10.1,9.9,10.0
2013/03/15,10.0,10.0,9.9,9.9
2013/03/18,9.9,9.9,9.6,9.6
2013/03/19,9.7,9.8,9.7,9.7
2013/03/20,9.7,9.8,9.6,9.7
2013/03/21,9.7,9.8,9.7,9.7
2013/03/22,9.7,9.8,9.7,9.8
2013/03/25,9.8,10.1,9.8,10.0
2013/03/26,10.0,10.1,9.9,10.0
2013/03/27,10.0,10.0,9.9,9.9
2013/03/28,9.9,10.0,9.9,9.9
2013/03/29,10.0,10.0,9.8,9.9
2013/04/01,9.9,9.9,9.8,9.8
2013/04/02,9.8,9.9,9.8,9.8
2013/04/03,9.8,9.8,9.8,9.8
2013/04/08,9.7,9.7,9.3,9.3
2013/04/09,9.3,9.4,9.2,9.4
2013/04/10,9.3,9.5,9.3,9.3
2013/04/11,9.4,9.6,9.4,9.5
2013/04/12,9.5,9.7,9.5,9.5
2013/04/15,9.5,9.7,9.4,9.4
2013/04/16,9.4,9.4,9.3,9.3
2013/04/17,9.4,9.5,9.3,9.4
2013/04/18,9.4,9.8,9.4,9.8
2013/04/19,10.0,10.1,9.9,10.0
2013/04/22,10.0,10.6,10.0,10.5
2013/04/23,10.5,11.0,10.5,10.6
2013/04/24,10.7,10.9,10.5,10.7
2013/04/25,10.8,11.0,10.8,10.9
2013/04/26,11.0,11.0,10.6,10.6
2013/04/29,10.7,10.8,10.6,10.6
2013/04/30,10.7,10.8,10.6,10.6
2013/05/02,10.6,10.7,10.5,10.5
2013/05/03,10.6,10.6,10.3,10.3
2013/05/06,10.4,10.6,10.4,10.5
2013/05/07,10.5,10.6,10.4,10.5
2013/05/08,10.5,10.7,10.5,10.6
2013/05/09,10.7,10.9,10.6,10.7
2013/05/10,10.9,10.9,10.7,10.8
2013/05/13,10.8,10.8,10.6,10.6
2013/05/14,10.6,10.7,10.6,10.6
2013/05/15,10.7,10.7,10.5,10.6
2013/05/16,10.6,10.8,10.6,10.8
2013/05/17,10.8,11.2,10.8,11.0
2013/05/20,11.1,11.5,11.0,11.4
2013/05/21,11.5,11.9,11.5,11.6
2013/05/22,11.7,12.4,11.6,12.4
2013/05/23,12.4,12.5,11.8,11.8
2013/05/24,11.8,11.9,11.3,11.4
2013/05/27,11.2,11.7,11.2,11.6
2013/05/28,11.6,11.8,11.5,11.6
2013/05/29,11.7,11.8,11.6,11.7
2013/05/30,11.7,12.0,11.5,11.7
2013/05/31,12.0,12.1,11.7,11.8
2013/06/03,11.7,11.8,11.5,11.8
2013/06/04,11.8,11.9,11.6,11.7
2013/06/05,11.6,11.8,11.6,11.6
2013/06/06,11.5,11.5,11.4,11.4
2013/06/07,11.6,11.7,11.3,11.4
2013/06/10,11.5,11.6,11.5,11.5
2013/06/11,11.5,11.6,11.5,11.5
2013/06/13,11.4,11.4,11.0,11.1
2013/06/14,11.0,11.2,10.5,10.6
2013/06/17,10.6,10.9,10.6,10.9
2013/06/18,11.0,11.0,10.9,11.0
2013/06/19,11.0,11.0,10.8,10.9
2013/06/20,10.7,10.8,10.4,10.5
2013/06/21,10.2,10.3,10.2,10.3
2013/06/24,10.3,10.4,10.3,10.3
2013/06/25,10.3,10.3,10.1,10.2
2013/06/26,10.2,10.4,10.2,10.3
2013/06/27,10.5,10.8,10.5,10.7
2013/06/28,10.9,10.9,10.5,10.5
2013/07/01,10.7,10.9,10.6,10.8
2013/07/02,10.8,10.9,10.7,10.8
2013/07/03,10.8,10.8,10.6,10.6
2013/07/04,10.6,10.7,10.6,10.6
2013/07/05,10.7,10.8,10.6,10.7
2013/07/08,10.7,10.7,10.5,10.6
2013/07/09,10.6,10.6,10.4,10.6
2013/07/10,10.7,10.7,10.5,10.6
2013/07/11,10.6,10.8,10.6,10.6
2013/07/12,10.6,10.7,10.6,10.6
2013/07/15,10.7,10.8,10.7,10.8
2013/07/16,10.8,10.9,10.7,10.8
2013/07/17,10.8,10.8,10.7,10.7
2013/07/18,10.7,10.7,10.6,10.6
2013/07/19,10.6,10.6,10.4,10.5
2013/07/22,10.5,10.7,10.3,10.6
2013/07/23,10.6,10.7,10.6,10.7
2013/07/24,10.7,11.2,10.6,11.0
2013/07/25,11.1,11.2,11.0,11.0
2013/07/26,11.0,11.1,10.8,10.9
2013/07/29,10.9,11.0,10.8,10.8
2013/07/30,10.8,10.9,10.7,10.8
2013/07/31,10.8,11.1,10.7,10.7
2013/08/01,10.8,10.9,10.8,10.8
2013/08/02,11.0,11.0,10.8,10.8
2013/08/05,10.8,10.8,10.7,10.8
2013/08/06,10.8,10.9,10.8,10.8
2013/08/07,10.7,10.7,10.5,10.5
2013/08/08,10.5,10.6,10.5,10.6
2013/08/09,10.6,10.9,10.6,10.7
2013/08/12,10.8,10.8,10.6,10.7
2013/08/13,10.7,10.7,10.6,10.6
2013/08/14,10.6,10.7,10.5,10.6
2013/08/15,10.5,10.7,10.5,10.7
2013/08/16,10.7,10.7,10.7,10.7
2013/08/19,10.7,10.8,10.7,10.7
2013/08/20,10.7,10.7,10.6,10.6
2013/08/22,10.6,10.6,10.6,10.6
2013/08/23,10.6,10.7,10.6,10.6
2013/08/26,10.7,10.8,10.6,10.6
2013/08/27,10.7,10.7,10.5,10.5
2013/08/28,10.4,10.5,10.3,10.3
2013/08/29,10.3,10.5,10.3,10.5
2013/08/30,10.5,10.7,10.4,10.6
2013/09/02,10.6,10.6,10.5,10.6
2013/09/03,10.7,10.9,10.7,10.8
2013/09/04,10.8,11.1,10.8,10.9
2013/09/05,10.9,11.0,10.9,10.9
2013/09/06,11.0,11.4,10.9,11.3
2013/09/09,11.4,11.4,11.0,11.1
2013/09/10,11.1,11.1,10.9,10.9
2013/09/11,11.0,11.0,10.8,10.8
2013/09/12,10.8,10.9,10.8,10.9
2013/09/13,10.8,10.9,10.8,10.8
2013/09/16,10.8,10.9,10.8,10.8
2013/09/17,10.8,10.9,10.8,10.8
2013/09/18,10.8,10.9,10.7,10.8
2013/09/23,11.0,11.2,10.9,11.1
2013/09/24,11.1,11.1,11.0,11.1
2013/09/25,11.1,11.2,11.0,11.2
2013/09/26,11.2,11.2,11.0,11.0
2013/09/27,11.0,11.5,11.0,11.2
2013/09/30,11.2,11.3,11.1,11.2
2013/10/01,11.2,11.3,11.1,11.1
2013/10/02,11.2,11.2,11.2,11.2
2013/10/03,11.2,11.9,11.2,11.6
2013/10/04,11.6,11.7,11.4,11.4
2013/10/07,11.4,11.5,11.3,11.4
2013/10/08,11.4,11.4,11.3,11.4
2013/10/09,11.3,11.4,11.1,11.1
2013/10/11,11.3,11.4,11.1,11.1
2013/10/14,11.2,11.2,10.9,11.0
2013/10/15,11.0,11.2,11.0,11.1
2013/10/16,11.1,11.1,11.0,11.0
2013/10/17,11.1,11.1,11.1,11.1
2013/10/18,11.2,11.3,11.1,11.3
2013/10/21,11.4,11.4,11.3,11.3
2013/10/22,11.3,11.5,11.2,11.3
2013/10/23,11.3,11.3,11.1,11.1
2013/10/24,11.1,11.3,11.1,11.2
2013/10/25,11.2,11.3,11.1,11.1
2013/10/28,11.1,11.2,11.0,11.0
2013/10/29,11.0,11.1,11.0,11.1
2013/10/30,11.1,11.2,11.1,11.2
2013/10/31,11.2,11.2,11.1,11.1
2013/11/01,11.1,11.1,10.9,11.0
2013/11/04,11.0,11.0,10.8,10.8
2013/11/05,10.8,10.8,10.6,10.6
2013/11/06,10.7,10.7,10.5,10.6
2013/11/07,10.5,10.8,10.5,10.6
2013/11/08,10.6,10.6,10.4,10.4
2013/11/11,10.5,10.6,10.5,10.5
2013/11/12,10.6,10.6,10.4,10.4
2013/11/13,10.4,10.5,10.4,10.4
2013/11/14,10.5,10.5,10.4,10.5
2013/11/15,10.5,10.6,10.5,10.5
2013/11/18,10.5,10.6,10.4,10.4
2013/11/19,10.5,10.5,10.4,10.4
2013/11/20,10.4,10.5,10.4,10.4
2013/11/21,10.4,10.4,10.2,10.3
2013/11/22,10.3,10.3,10.2,10.2
2013/11/25,10.2,10.3,10.2,10.3
2013/11/26,10.5,10.6,10.4,10.6
2013/11/27,10.5,10.6,10.5,10.5
2013/11/28,10.5,10.9,10.5,10.7
2013/11/29,10.8,10.8,10.7,10.7
2013/12/02,10.8,10.9,10.7,10.8
2013/12/03,10.7,10.8,10.7,10.8
2013/12/04,10.7,10.8,10.7,10.8
2013/12/05,10.8,10.9,10.7,10.8
2013/12/06,10.7,10.9,10.7,10.8
2013/12/09,10.8,10.9,10.8,10.9
2013/12/10,10.9,11.1,10.8,10.8
2013/12/11,10.9,11.0,10.8,10.8
2013/12/12,10.8,10.9,10.7,10.8
2013/12/13,10.8,10.9,10.8,10.8
2013/12/16,10.9,11.0,10.8,11.0
2013/12/17,11.1,11.1,10.9,10.9
2013/12/18,10.9,11.0,10.8,10.8
2013/12/19,11.0,11.0,10.8,10.8
2013/12/20,11.0,11.0,10.8,10.9
2013/12/23,10.9,11.1,10.9,10.9
2013/12/24,10.9,11.0,10.9,11.0
2013/12/25,11.0,11.1,11.0,11.0
2013/12/26,11.0,11.1,11.0,11.0
2013/12/27,11.0,11.2,11.0,11.1
2013/12/30,11.1,11.3,11.1,11.2
2013/12/31,11.3,11.4,11.2,11.2
2014/01/02,11.3,11.5,11.3,11.3
2014/01/03,11.4,11.4,11.2,11.2
2014/01/06,11.2,11.3,11.1,11.2
2014/01/07,11.1,11.3,11.1,11.3
2014/01/08,11.3,11.5,11.3,11.5
2014/01/09,11.5,11.7,11.5,11.5
2014/01/10,11.6,11.7,11.5,11.6
2014/01/13,11.7,12.1,11.7,12.0
2014/01/14,12.0,12.0,11.8,12.0
2014/01/15,12.0,12.2,11.9,12.0
2014/01/16,12.1,12.2,12.0,12.0
2014/01/17,12.1,12.1,11.7,11.7
2014/01/20,11.7,11.8,11.7,11.8
2014/01/21,12.2,12.6,12.2,12.6
2014/01/22,12.6,12.8,12.3,12.4
2014/01/23,12.4,12.5,12.3,12.4
2014/01/24,12.3,12.4,12.1,12.1
2014/01/27,11.8,12.0,11.8,12.0
2014/02/05,11.8,12.0,11.8,11.8
2014/02/06,11.9,12.1,11.8,12.0
2014/02/07,12.2,12.8,12.1,12.5
2014/02/10,12.5,12.6,12.2,12.3
2014/02/11,12.4,12.5,12.2,12.4
2014/02/12,12.6,12.6,12.3,12.4
2014/02/13,12.5,12.5,12.2,12.3
2014/02/14,12.3,13.1,12.3,12.9
2014/02/17,12.9,13.0,12.7,12.7
2014/02/18,12.7,12.9,12.7,12.7
2014/02/19,12.9,13.1,12.8,12.8
2014/02/20,12.9,12.9,12.7,12.8
2014/02/21,12.9,13.4,12.9,13.1
2014/02/24,13.2,13.3,13.1,13.1
2014/02/25,13.2,13.3,13.1,13.1
2014/02/26,13.3,13.3,13.0,13.1
2014/02/27,13.1,13.2,12.9,12.9
2014/03/03,12.9,12.9,12.7,12.8
2014/03/04,12.8,13.0,12.8,12.8
2014/03/05,13.0,13.1,12.8,12.8
2014/03/06,12.9,12.9,12.8,12.8
2014/03/07,12.8,12.9,12.4,12.4
2014/03/10,12.4,12.6,12.4,12.5
2014/03/11,12.5,12.6,12.5,12.6
2014/03/12,12.6,12.6,12.5,12.5
2014/03/13,12.5,12.6,12.4,12.4
2014/03/14,12.4,12.6,12.4,12.5
2014/03/17,12.5,12.7,12.5,12.6
2014/03/18,12.7,12.7,12.6,12.6
2014/03/19,12.7,12.7,12.4,12.4
2014/03/20,12.4,12.5,12.3,12.3
2014/03/21,12.3,12.6,12.3,12.6
2014/03/24,12.6,12.6,12.3,12.4
2014/03/25,12.4,12.6,12.4,12.5
2014/03/26,12.5,12.6,12.5,12.5
2014/03/27,12.5,12.7,12.5,12.5
2014/03/28,12.5,12.6,12.2,12.3
2014/03/31,12.3,12.4,12.3,12.4
2014/04/01,12.4,12.5,12.4,12.4
2014/04/02,12.5,12.5,12.4,12.4
2014/04/03,12.4,12.5,12.4,12.5
2014/04/07,12.5,12.6,12.5,12.5
2014/04/08,12.5,12.8,12.5,12.8
2014/04/09,12.9,12.9,12.8,12.9
2014/04/10,12.9,12.9,12.7,12.8
2014/04/11,12.7,12.8,12.5,12.6
2014/04/14,12.6,12.8,12.6,12.6
2014/04/15,12.6,12.8,12.6,12.7
2014/04/16,12.7,12.8,12.7,12.8
2014/04/17,12.8,12.8,12.7,12.7
2014/04/18,12.7,12.8,12.7,12.8
2014/04/21,12.8,12.9,12.8,12.8
2014/04/22,12.8,13.0,12.8,12.9
2014/04/23,13.0,13.8,12.9,13.4
2014/04/24,13.4,13.5,13.2,13.2
2014/04/25,13.2,13.4,12.6,12.7
2014/04/28,12.6,12.8,12.5,12.7
2014/04/29,12.8,12.8,12.7,12.7
2014/04/30,12.8,12.8,12.6,12.7
2014/05/02,12.7,12.8,12.7,12.7
2014/05/05,12.7,12.9,12.7,12.9
2014/05/06,12.9,13.0,12.8,12.9
2014/05/07,12.9,12.9,12.8,12.9
2014/05/08,12.9,12.9,12.8,12.8
2014/05/09,12.9,12.9,12.8,12.9
2014/05/12,13.0,13.4,12.9,12.9
2014/05/13,13.0,13.1,12.8,12.8
2014/05/14,12.8,12.9,12.8,12.8
2014/05/15,12.8,12.9,12.8,12.8
2014/05/16,12.8,12.9,12.8,12.8
2014/05/19,12.8,13.0,12.8,12.9
2014/05/20,13.0,13.1,12.9,13.0
2014/05/21,13.0,13.0,12.9,12.9
2014/05/22,13.0,13.3,12.9,13.2
2014/05/23,13.2,13.6,13.2,13.5
2014/05/26,13.6,13.6,13.4,13.5
2014/05/27,13.5,14.4,13.5,14.4
2014/05/28,14.4,14.5,14.1,14.3
2014/05/29,14.3,14.8,14.1,14.6
2014/05/30,14.6,15.0,14.4,14.6
2014/06/03,14.8,14.9,14.6,14.7
2014/06/04,14.8,15.7,14.8,15.7
2014/06/05,16.3,16.7,16.0,16.7
2014/06/06,17.7,17.9,16.9,17.2
2014/06/09,17.5,18.3,17.2,18.3
2014/06/10,18.5,19.2,17.9,18.1
2014/06/11,18.1,18.3,17.4,17.6
2014/06/12,17.8,18.6,17.8,17.9
2014/06/13,17.6,17.9,17.4,17.5
2014/06/16,17.5,17.8,17.2,17.6
2014/06/17,17.6,17.9,17.2,17.2
2014/06/18,17.2,17.8,17.2,17.4
2014/06/19,17.6,18.1,17.6,17.6
2014/06/20,17.9,17.9,17.4,17.4
2014/06/23,17.6,17.6,16.4,16.6
2014/06/24,16.6,16.9,16.5,16.6
2014/06/25,16.5,16.8,16.2,16.2
2014/06/26,16.4,17.0,16.3,16.9
2014/06/27,16.9,17.0,16.5,16.6
2014/06/30,16.7,17.2,16.6,16.7
2014/07/01,16.7,17.1,16.7,16.8
2014/07/02,17.2,17.2,16.4,16.5
2014/07/03,16.5,16.7,16.5,16.5
2014/07/04,16.7,16.7,16.5,16.7
2014/07/07,16.8,17.2,16.8,17.0
2014/07/08,17.2,17.9,16.9,17.6
2014/07/09,17.6,17.9,17.2,17.3
2014/07/10,17.3,17.6,16.8,16.8
2014/07/11,16.7,17.1,16.0,16.2
2014/07/14,16.2,16.5,16.2,16.3
2014/07/15,16.5,16.6,16.3,16.3
2014/07/16,16.3,16.5,15.9,16.0
2014/07/17,16.0,16.2,15.8,16.0
2014/07/18,16.0,16.4,15.8,16.2
2014/07/21,16.3,16.5,16.1,16.2
2014/07/22,16.2,16.5,16.2,16.4
2014/07/24,16.5,16.5,16.1,16.2
2014/07/25,16.2,16.5,16.0,16.2
2014/07/28,16.3,16.3,15.8,16.0
2014/07/29,16.2,16.5,15.7,15.7
2014/07/30,15.8,15.9,15.7,15.8
2014/07/31,15.9,15.9,15.7,15.7
2014/08/01,15.6,15.6,14.7,15.3
2014/08/04,15.2,15.5,15.1,15.4
2014/08/05,15.5,15.5,15.0,15.1
2014/08/06,15.0,15.5,14.9,15.3
2014/08/07,15.3,15.5,15.1,15.2
2014/08/08,15.6,15.8,15.2,15.4
2014/08/11,15.5,15.7,15.5,15.7
2014/08/12,15.7,15.7,15.5,15.5
2014/08/13,16.0,16.5,16.0,16.5
2014/08/14,17.0,17.2,16.7,16.9
2014/08/15,16.9,16.9,16.2,16.4
2014/08/18,16.4,16.4,15.8,16.1
2014/08/19,16.1,16.8,16.0,16.6
2014/08/20,16.7,16.9,16.4,16.4
2014/08/21,16.5,16.8,16.3,16.4
2014/08/22,16.5,16.9,16.5,16.5
2014/08/25,16.7,16.9,16.6,16.7
2014/08/26,16.9,16.9,16.5,16.6
2014/08/27,16.7,17.2,16.6,17.0
2014/08/28,17.2,17.2,16.7,16.7
2014/08/29,16.7,17.0,16.6,16.6
2014/09/01,16.7,17.0,16.7,16.8
2014/09/02,16.9,17.2,16.7,16.7
2014/09/03,16.8,16.9,16.6,16.7
2014/09/04,16.7,17.2,16.6,17.2
2014/09/05,17.3,17.4,16.9,16.9
2014/09/09,16.9,17.0,16.7,16.7
2014/09/10,16.7,16.8,16.0,16.4
2014/09/11,16.5,16.6,16.3,16.5
2014/09/12,16.5,16.5,15.7,15.8
2014/09/15,16.1,16.1,15.9,16.0
2014/09/16,16.2,16.2,15.9,16.0
2014/09/17,16.0,16.3,16.0,16.0
2014/09/18,16.1,16.2,16.1,16.2
2014/09/19,16.3,16.5,16.1,16.5
2014/09/22,16.4,16.4,16.0,16.0
2014/09/23,15.9,16.2,15.9,16.0
2014/09/24,16.0,16.2,16.0,16.0
2014/09/25,16.2,16.2,15.7,15.8
2014/09/26,15.7,16.0,15.5,16.0
2014/09/29,16.0,16.1,16.0,16.0
2014/09/30,16.0,16.2,15.6,16.2
2014/10/01,16.2,16.3,15.8,16.0
2014/10/02,15.8,16.2,15.8,16.1
2014/10/03,16.1,16.7,16.0,16.5
2014/10/06,16.7,16.7,16.2,16.2
2014/10/07,16.1,16.2,16.0,16.0
2014/10/08,15.9,16.1,15.9,16.0
2014/10/09,16.2,16.6,16.0,16.4
2014/10/13,16.0,16.1,15.3,15.3
2014/10/14,15.1,15.4,14.6,15.0
2014/10/15,15.0,15.0,14.0,14.0
2014/10/16,13.4,13.8,13.1,13.5
2014/10/17,13.7,13.9,13.4,13.4
2014/10/20,13.5,14.0,13.5,13.9
2014/10/21,13.9,14.2,13.8,14.0
2014/10/22,14.2,14.8,14.1,14.5
2014/10/23,14.5,14.8,14.5,14.7
2014/10/24,14.8,14.8,14.3,14.3
2014/10/27,14.5,14.6,13.8,14.0
2014/10/28,14.0,14.3,14.0,14.3
2014/10/29,14.6,14.6,14.3,14.5
2014/10/30,14.6,14.8,14.4,14.6
2014/10/31,14.6,15.0,14.6,14.8
2014/11/03,14.9,15.0,14.7,14.8
2014/11/04,14.9,15.0,14.7,14.8
2014/11/05,14.8,15.0,14.8,14.8
2014/11/06,14.8,15.0,14.5,14.6
2014/11/07,14.8,15.0,14.6,15.0
2014/11/10,15.0,15.1,14.8,14.9
2014/11/11,15.0,15.4,14.9,15.4
2014/11/12,15.6,15.7,15.3,15.5
2014/11/13,15.6,15.6,15.0,15.2
2014/11/14,15.3,15.4,15.2,15.2
2014/11/17,15.4,15.4,15.0,15.2
2014/11/18,14.9,15.0,14.5,14.9
2014/11/19,14.9,15.0,14.8,14.9
2014/11/20,15.0,15.5,15.0,15.5
2014/11/21,15.7,16.5,15.7,16.0
2014/11/24,16.0,16.2,15.9,16.0
2014/11/25,15.9,16.2,15.9,16.0
2014/11/26,16.0,16.7,16.0,16.2
2014/11/27,16.3,16.5,16.2,16.3
2014/11/28,16.5,16.5,16.2,16.2
2014/12/01,15.5,16.3,15.5,16.2
2014/12/02,16.2,17.1,16.1,16.9
2014/12/03,16.9,17.2,16.7,16.9
2014/12/04,17.0,17.4,17.0,17.2
2014/12/05,17.3,17.3,17.0,17.2
2014/12/08,17.3,17.8,17.2,17.5
2014/12/09,17.6,17.6,17.2,17.4
2014/12/10,17.4,17.4,16.8,16.8
2014/12/11,16.6,17.2,16.5,17.0
2014/12/12,17.2,17.2,16.9,16.9
2014/12/15,16.7,17.1,16.6,17.0
2014/12/16,16.9,17.2,16.9,16.9
2014/12/17,16.9,17.1,16.6,16.7
2014/12/18,16.9,17.0,16.7,16.7
2014/12/19,17.0,17.2,16.6,16.9
2014/12/22,16.9,17.3,16.8,17.2
2014/12/23,17.2,17.3,17.1,17.1
2014/12/24,17.2,17.3,17.0,17.1
2014/12/25,17.2,17.8,17.2,17.3
2014/12/26,17.4,17.4,17.1,17.2
2014/12/29,17.2,17.5,17.2,17.2
2014/12/30,17.2,17.4,17.1,17.1
2014/12/31,17.1,17.2,17.0,17.1
2015/01/05,17.2,17.2,16.9,17.2
2015/01/06,16.9,17.0,16.7,16.7
2015/01/07,16.7,16.7,16.2,16.5
2015/01/08,16.6,16.8,16.6,16.7
2015/01/09,16.8,16.9,16.7,16.8
2015/01/12,16.8,16.8,16.5,16.5
2015/01/13,16.5,16.7,16.5,16.6
2015/01/14,16.6,17.2,16.3,17.0
2015/01/15,17.0,17.6,16.7,17.5
2015/01/16,17.7,17.9,16.9,16.9
2015/01/19,17.0,17.2,16.6,16.8
2015/01/20,16.8,17.0,16.8,16.9
2015/01/21,16.9,17.0,16.7,16.7
2015/01/22,16.8,16.9,16.8,16.8
2015/01/23,16.9,17.1,16.8,16.8
2015/01/26,16.8,17.6,16.7,17.5
2015/01/27,17.7,18.1,17.5,17.6
2015/01/28,17.4,17.7,17.2,17.6
2015/01/29,17.6,17.8,17.5,17.6
2015/01/30,17.9,17.9,17.3,17.3
2015/02/02,17.4,17.6,17.2,17.3
2015/02/03,17.4,17.6,17.2,17.3
2015/02/04,17.5,17.6,17.3,17.4
2015/02/05,17.4,17.5,17.3,17.4
2015/02/06,17.7,18.6,17.6,18.6
2015/02/09,19.1,19.9,19.1,19.9
2015/02/10,20.3,20.8,19.8,20.2
2015/02/11,20.2,20.7,20.0,20.5
2015/02/12,20.4,20.7,20.1,20.5
2015/02/13,20.5,20.7,20.0,20.1
2015/02/24,21.0,21.5,20.8,21.5
2015/02/25,22.4,22.4,21.4,21.4
2015/02/26,21.5,21.9,21.4,21.8
2015/03/02,21.8,21.8,20.7,21.1
2015/03/03,21.2,21.2,20.7,20.9
2015/03/04,20.7,21.2,20.5,20.9
2015/03/05,21.1,21.7,21.0,21.3
2015/03/06,21.2,21.2,20.8,20.9
2015/03/09,20.8,21.0,20.5,20.7
2015/03/10,20.8,21.3,20.6,20.7
2015/03/11,20.5,20.7,20.5,20.5
2015/03/12,20.5,20.8,20.2,20.4
2015/03/13,20.6,21.0,20.5,20.7
2015/03/16,20.7,20.8,20.4,20.4
2015/03/17,20.5,20.7,19.1,19.5
2015/03/18,19.6,20.0,19.3,19.8
2015/03/19,19.9,20.3,19.9,20.2
2015/03/20,20.4,20.4,20.0,20.2
2015/03/23,20.2,20.5,20.1,20.2
2015/03/24,20.2,20.7,20.2,20.3
2015/03/25,20.3,20.6,20.3,20.5
2015/03/26,20.4,20.8,20.3,20.8
2015/03/27,21.0,21.0,19.8,19.9
2015/03/30,19.9,20.1,19.3,19.7
2015/03/31,20.0,20.2,19.9,20.0
2015/04/01,20.0,20.0,19.6,19.7
2015/04/02,19.7,20.1,19.7,20.1
2015/04/07,20.5,20.5,20.1,20.3
2015/04/08,20.4,21.4,20.4,21.0
2015/04/09,21.2,21.2,20.5,20.6
2015/04/10,20.7,21.0,20.5,20.7
2015/04/13,20.7,21.1,20.7,21.1
2015/04/14,21.1,21.4,21.0,21.2
2015/04/15,21.1,21.1,20.4,20.4
2015/04/16,20.6,20.6,20.2,20.4
2015/04/17,20.4,20.4,19.7,19.9
2015/04/20,19.8,19.8,19.5,19.7
2015/04/21,19.7,19.9,18.6,19.0
2015/04/22,19.0,19.5,18.8,19.5
2015/04/23,19.6,20.0,19.6,19.7
2015/04/24,19.7,19.9,19.3,19.8
2015/04/27,19.7,19.8,19.5,19.5
2015/04/28,19.4,19.4,19.0,19.1
2015/04/29,20.2,20.2,19.5,19.8
2015/04/30,19.7,19.9,19.1,19.9
2015/05/04,19.9,19.9,19.5,19.8
2015/05/05,19.6,19.7,19.1,19.2
2015/05/06,19.1,19.5,19.0,19.4
2015/05/07,19.3,19.8,19.3,19.6
2015/05/08,19.8,19.8,19.3,19.5
2015/05/11,19.6,19.7,18.6,18.6
2015/05/12,18.5,18.5,17.7,18.1
2015/05/13,18.1,18.4,18.0,18.4
2015/05/14,18.5,18.8,18.5,18.7
2015/05/15,18.7,18.7,18.1,18.3
2015/05/18,18.3,18.4,17.2,17.7
2015/05/19,17.8,18.4,17.8,18.4
2015/05/20,18.4,18.6,18.1,18.4
2015/05/21,18.4,19.3,18.1,19.2
2015/05/22,19.7,20.5,19.5,20.5
2015/05/25,20.5,21.2,20.0,20.0
2015/05/26,20.2,20.9,20.0,20.7
2015/05/27,20.9,21.0,20.1,20.8
2015/05/28,20.8,21.0,20.5,20.6
2015/05/29,20.7,20.7,20.2,20.5
2015/06/01,20.7,21.4,20.5,21.2
2015/06/02,21.6,22.0,20.9,21.0
2015/06/03,21.1,21.9,20.5,21.7
2015/06/04,21.7,21.7,19.8,19.8
2015/06/05,19.8,21.2,19.8,20.9
2015/06/08,21.1,21.9,20.5,21.4
2015/06/09,21.2,21.6,19.3,20.1
2015/06/10,20.1,20.7,20.1,20.4
2015/06/11,20.7,20.7,20.0,20.1
2015/06/12,20.1,20.3,19.0,19.0
2015/06/15,19.0,19.2,18.3,18.7
2015/06/16,18.7,18.8,18.1,18.2
2015/06/17,18.3,18.5,18.2,18.2
2015/06/18,18.3,19.2,18.3,18.5
2015/06/22,18.7,19.1,18.5,19.0
2015/06/23,19.1,19.5,18.8,18.9
2015/06/24,19.3,19.3,18.7,18.7
2015/06/25,18.7,19.0,18.6,18.6
2015/06/26,18.7,19.0,18.3,18.4
2015/06/29,18.2,18.2,17.6,17.6
2015/06/30,17.4,17.8,17.2,17.6
2015/07/01,17.7,18.1,17.7,18.0
2015/07/02,18.1,18.2,17.9,17.9
2015/07/03,17.9,18.0,17.4,17.6
2015/07/06,17.3,17.5,17.0,17.0
2015/07/07,17.2,17.5,17.1,17.2
2015/07/08,17.3,17.3,15.5,15.9
2015/07/09,15.5,15.7,14.9,15.7
2015/07/13,15.9,16.3,15.9,16.3
2015/07/14,16.0,16.6,16.0,16.0
2015/07/15,16.2,16.2,15.3,15.4
2015/07/16,15.5,15.7,15.3,15.5
2015/07/17,15.5,15.5,15.0,15.1
2015/07/20,15.2,15.3,14.6,14.7
2015/07/21,14.7,14.9,14.5,14.8
2015/07/22,14.7,14.9,14.6,14.6
2015/07/23,14.6,14.7,14.1,14.2
2015/07/24,14.2,14.3,14.0,14.1
2015/07/27,14.0,14.1,13.2,13.2
2015/07/28,13.2,13.7,13.2,13.4
2015/07/29,13.6,13.6,13.3,13.5
2015/07/30,14.8,14.8,14.8,14.8
2015/07/31,15.7,16.0,15.3,15.4
2015/08/03,15.5,15.5,15.0,15.0
2015/08/04,15.2,15.7,15.0,15.1
2015/08/05,15.3,15.6,15.0,15.5
2015/08/06,15.6,15.7,15.3,15.3
2015/08/07,15.5,16.8,15.4,16.8
2015/08/10,16.8,17.1,16.4,17.1
2015/08/11,17.2,17.2,16.6,16.7
2015/08/12,16.7,17.1,16.6,17.0
2015/08/13,17.2,17.9,17.1,17.2
2015/08/14,17.2,17.3,17.1,17.3
2015/08/17,17.4,17.4,17.1,17.3
2015/08/18,17.4,17.5,16.9,16.9
2015/08/19,16.9,16.9,16.5,16.7
2015/08/20,16.7,16.9,16.6,16.6
2015/08/21,16.2,16.2,15.5,15.5
2015/08/24,15.0,15.2,14.0,14.3
2015/08/25,14.3,15.1,14.1,14.8
2015/08/26,14.6,15.0,14.5,15.0
2015/08/27,15.2,15.7,15.1,15.6
2015/08/28,15.8,16.2,15.8,15.9
2015/08/31,15.9,16.1,15.8,16.0
2015/09/01,15.9,16.2,15.7,15.8
2015/09/02,15.5,16.3,15.4,16.3
2015/09/03,16.4,16.7,16.2,16.6
2015/09/04,16.6,16.7,16.2,16.2
2015/09/07,16.0,16.2,16.0,16.1
2015/09/08,16.9,17.6,16.9,17.2
2015/09/09,17.2,17.4,17.1,17.2
2015/09/10,17.3,18.2,17.2,18.2
2015/09/11,18.2,18.2,17.9,18.1
2015/09/14,18.3,18.7,18.1,18.2
2015/09/15,18.3,18.3,17.9,17.9
2015/09/16,18.1,18.3,18.0,18.3
2015/09/17,18.6,18.7,18.2,18.3
2015/09/18,18.3,18.6,18.3,18.4
2015/09/21,18.3,18.5,18.1,18.3
2015/09/22,18.3,18.6,18.2,18.3
2015/10/05,16.7,16.7,16.1,16.5
2015/10/06,16.9,17.6,16.8,17.3
2015/10/07,17.3,17.5,17.1,17.3
2015/10/08,17.3,17.4,16.8,16.8
2015/10/12,16.9,17.2,16.9,17.1
2015/10/13,17.2,17.3,17.0,17.1
2015/10/14,17.1,17.2,17.0,17.1
2015/10/15,17.2,17.3,17.1,17.1
2015/10/16,17.2,17.6,17.2,17.4
2015/10/19,17.4,17.6,17.2,17.3
2015/10/20,17.3,17.5,17.3,17.5
2015/10/21,17.6,18.6,17.6,18.2
2015/10/22,18.1,18.6,17.8,18.2
2015/10/23,18.8,20.0,18.6,19.7
2015/10/26,19.7,21.6,19.7,21.6
2015/10/27,21.6,22.2,21.3,21.9
2015/10/28,21.8,21.9,20.5,21.4
2015/10/29,21.5,22.1,21.0,21.0
2015/10/30,21.0,21.1,19.9,20.7
2015/11/02,20.7,21.6,20.7,21.2
2015/11/03,21.3,21.4,21.0,21.2
2015/11/04,21.3,21.6,21.2,21.4
2015/11/05,21.4,21.7,21.2,21.4
2015/11/06,21.4,21.4,20.9,21.3
2015/11/09,21.3,21.4,20.2,20.3
2015/11/10,20.1,21.0,19.9,20.8
2015/11/11,20.7,20.7,20.2,20.2
2015/11/12,20.2,20.7,19.5,19.8
2015/11/13,19.7,20.7,19.5,20.6
2015/11/16,20.2,21.2,20.2,20.7
2015/11/17,21.0,21.4,20.9,21.2
2015/11/18,21.2,21.7,21.0,21.1
2015/11/19,21.4,21.4,21.1,21.2
2015/11/20,21.2,21.3,20.6,20.7
2015/11/23,20.9,20.9,20.0,20.2
2015/11/24,20.2,20.5,20.1,20.2
2015/11/25,20.2,20.3,19.6,19.8
2015/11/26,19.7,20.1,19.7,20.1
2015/11/27,20.1,20.2,19.8,19.9
2015/11/30,19.7,20.1,19.6,19.9
2015/12/01,19.9,20.9,19.9,20.8
2015/12/02,20.9,21.3,20.4,20.5
2015/12/03,20.3,21.0,20.3,20.9
2015/12/04,20.7,22.8,20.7,22.0
2015/12/07,22.5,22.7,22.0,22.1
2015/12/08,22.3,23.1,21.8,21.8
2015/12/09,21.9,22.2,20.7,21.0
2015/12/10,20.7,21.6,20.3,21.4
2015/12/11,21.7,22.7,20.8,21.2
2015/12/14,20.8,22.1,20.7,21.7
2015/12/15,22.3,22.4,21.9,22.0
2015/12/16,22.4,22.8,22.0,22.1
2015/12/17,22.5,24.1,22.4,23.7
2015/12/18,23.5,24.6,23.3,23.6
2015/12/21,23.5,24.2,23.3,24.0
2015/12/22,23.9,23.9,22.7,22.8
2015/12/23,22.8,23.1,22.5,22.6
2015/12/24,22.9,23.1,22.2,22.5
2015/12/25,22.8,23.3,22.4,22.9
2015/12/28,22.9,23.2,22.6,22.9
2015/12/29,22.9,22.9,22.4,22.5
2015/12/30,22.5,23.2,22.5,22.6
2015/12/31,22.7,23.0,22.6,22.9
2016/01/05,21.5,22.6,21.4,22.2
2016/01/06,22.3,22.4,21.4,21.7
2016/01/07,21.4,21.8,20.2,20.4
2016/01/08,20.1,21.0,20.0,21.0
2016/01/11,20.7,20.7,20.1,20.2
2016/01/12,19.9,20.9,19.9,20.5
2016/01/13,20.6,20.9,19.9,20.0
2016/01/14,19.7,20.0,19.4,19.8
2016/01/15,20.2,20.2,19.1,19.1
2016/01/18,18.7,19.7,18.3,19.6
2016/01/19,19.5,21.1,19.5,20.8
2016/01/20,20.5,20.7,19.9,20.2
2016/01/21,20.2,20.5,19.7,19.7
2016/01/22,19.9,20.3,19.8,20.1
2016/01/25,20.3,20.6,20.2,20.5
2016/01/26,20.3,20.5,20.1,20.5
2016/01/27,20.6,20.7,20.2,20.2
2016/01/28,20.2,21.3,20.1,20.7
2016/01/29,20.9,21.6,20.7,21.5
2016/02/01,22.0,22.0,21.6,21.6
2016/02/02,21.6,21.6,21.1,21.3
2016/02/03,21.3,21.3,20.6,20.6
2016/02/15,20.5,22.2,20.5,22.1
2016/02/16,22.4,22.8,22.1,22.4
2016/02/17,22.4,22.4,22.0,22.2
2016/02/18,22.3,22.6,22.1,22.3
2016/02/19,22.4,22.9,22.4,22.5
2016/02/22,22.6,22.7,22.2,22.4
2016/02/23,22.5,22.7,22.2,22.2
2016/02/24,22.2,22.2,22.0,22.0
2016/02/25,22.1,22.5,22.1,22.5
2016/02/26,22.9,24.0,22.9,23.8
2016/03/01,24.6,25.9,24.6,25.8
2016/03/02,25.8,25.9,24.9,25.0
2016/03/03,25.4,26.4,25.0,26.2
2016/03/04,26.5,27.8,26.2,26.2
2016/03/07,26.3,26.7,25.6,26.2
2016/03/08,26.2,26.7,25.4,26.7
2016/03/09,26.3,28.2,26.3,27.7
2016/03/10,29.4,30.5,28.2,30.5
2016/03/11,30.9,32.5,30.5,31.7
2016/03/14,31.7,32.6,31.1,32.3
2016/03/15,32.3,32.3,31.1,31.4
2016/03/16,31.5,32.4,31.5,32.3
2016/03/17,32.4,33.2,29.9,30.4
2016/03/18,30.0,30.5,29.6,30.5
2016/03/21,30.7,31.2,30.5,31.1
2016/03/22,31.1,31.6,30.9,31.1
2016/03/23,31.0,31.1,29.9,30.3
2016/03/24,30.3,30.3,29.2,29.5
2016/03/25,29.5,29.7,29.0,29.7
2016/03/28,29.6,29.7,28.6,28.6
2016/03/29,28.4,29.3,28.4,28.8
2016/03/30,29.3,31.7,28.9,31.7
2016/03/31,31.4,31.4,30.0,30.0
2016/04/01,29.2,29.6,28.7,28.8
2016/04/06,28.8,29.0,28.5,28.6
2016/04/07,28.8,29.3,28.4,28.4
2016/04/08,28.6,29.3,28.5,29.2
2016/04/11,29.5,30.5,29.3,30.1
2016/04/12,30.4,30.7,29.7,30.7
2016/04/13,31.1,31.1,30.2,30.2
2016/04/14,30.5,33.0,30.4,32.4
2016/04/15,32.0,32.7,31.3,32.3
2016/04/18,32.2,32.2,30.9,30.9
2016/04/19,31.2,31.3,30.3,30.4
2016/04/20,30.8,31.1,30.4,31.1
2016/04/21,31.2,31.2,29.9,30.2
2016/04/22,30.0,30.0,27.2,27.3
2016/04/25,27.0,29.0,26.3,28.6
2016/04/26,28.4,28.5,27.9,28.1
2016/04/27,27.9,30.3,27.7,29.6
2016/04/28,31.4,32.2,30.6,31.4
2016/04/29,31.0,31.7,30.5,30.5
2016/05/03,30.7,31.5,30.2,31.4
2016/05/04,30.9,31.1,30.2,30.3
2016/05/05,30.1,30.8,29.8,30.5
2016/05/06,30.5,30.5,29.5,29.5
2016/05/09,29.9,30.1,29.0,29.0
2016/05/10,29.2,31.9,29.2,31.1
2016/05/11,30.9,31.7,30.5,31.5
2016/05/12,31.4,31.6,30.7,30.8
2016/05/13,31.1,31.3,30.5,30.9
2016/05/16,31.1,33.9,30.7,33.4
2016/05/17,33.6,33.6,31.9,33.0
2016/05/18,32.9,34.4,32.3,33.1
2016/05/19,32.9,33.7,32.1,32.3
2016/05/20,32.3,32.6,31.4,32.0
2016/05/23,32.0,32.8,31.9,32.7
2016/05/24,32.7,35.3,32.7,34.7
2016/05/25,34.6,35.6,33.8,34.5
2016/05/26,34.7,36.0,34.5,35.7
2016/05/27,35.7,36.3,35.3,35.9
2016/05/30,35.3,36.3,35.3,36.1
2016/05/31,36.0,37.2,35.3,36.3
2016/06/01,36.0,36.7,35.9,36.0
2016/06/02,36.1,36.9,35.0,35.1
2016/06/03,35.2,35.3,34.1,34.9
2016/06/06,34.8,35.3,34.7,34.7
2016/06/07,35.0,35.7,34.9,35.6
2016/06/08,35.5,36.4,35.4,35.5
2016/06/13,34.4,34.9,34.1,34.5
2016/06/14,34.5,34.9,34.4,34.7
2016/06/15,34.8,36.0,34.4,36.0
2016/06/16,35.7,35.7,34.5,34.5
2016/06/17,34.8,35.4,34.8,35.3
2016/06/20,35.3,36.0,35.3,35.5
2016/06/21,35.6,36.0,35.4,35.5
2016/06/22,35.6,36.1,35.2,35.2
2016/06/23,34.9,35.2,34.6,34.6
2016/06/24,34.8,34.8,32.6,33.3
2016/06/27,33.3,34.1,33.3,33.4
2016/06/28,33.3,33.3,32.6,33.0
2016/06/29,33.3,34.2,33.3,33.7
2016/06/30,33.9,34.0,33.5,33.7
2016/07/01,34.0,34.1,33.0,33.0
2016/07/04,33.0,33.9,33.0,33.8
2016/07/05,33.9,34.1,33.4,33.4
2016/07/06,33.2,33.2,32.6,32.7
2016/07/07,32.8,33.3,32.7,32.8
2016/07/11,33.0,33.5,33.0,33.3
2016/07/12,33.4,33.8,33.1,33.7
2016/07/13,34.6,35.5,34.1,34.3
2016/07/14,34.1,34.3,33.5,33.9
2016/07/15,33.9,35.1,33.9,34.8
2016/07/18,34.2,34.4,33.0,33.4
2016/07/19,33.5,33.5,32.9,33.0
2016/07/20,33.1,33.6,32.9,33.0
2016/07/21,33.3,33.7,33.3,33.4
2016/07/22,33.4,33.7,33.1,33.6
2016/07/25,33.8,33.9,33.1,33.1
2016/07/26,33.1,33.4,32.9,33.1
2016/07/27,33.4,35.6,33.3,35.1
2016/07/28,35.6,36.7,35.4,35.6
2016/07/29,36.7,39.1,36.5,39.1
2016/08/01,39.2,40.9,38.4,39.0
2016/08/02,39.4,39.5,38.8,39.1
2016/08/03,38.5,39.0,38.1,38.7
2016/08/04,38.8,38.9,38.1,38.2
2016/08/05,38.0,38.5,37.5,38.0
2016/08/08,38.5,39.3,37.8,37.8
2016/08/09,38.0,38.0,36.8,37.0
2016/08/10,37.3,37.8,36.5,36.9
2016/08/11,36.9,37.9,36.5,36.8
2016/08/12,36.9,37.2,36.5,37.0
2016/08/15,37.0,37.1,36.4,36.9
2016/08/16,36.9,37.8,36.3,36.3
2016/08/17,36.4,36.5,35.8,36.2
2016/08/18,36.5,38.0,36.2,37.7
2016/08/19,37.8,37.9,37.0,37.0
2016/08/22,37.0,37.0,36.0,36.0
2016/08/23,36.0,36.8,36.0,36.7
2016/08/24,36.5,36.6,35.6,35.7
2016/08/25,35.6,36.6,35.6,36.5
2016/08/26,37.6,38.2,36.7,36.7
2016/08/29,36.9,37.5,36.8,36.8
2016/08/30,37.1,38.0,37.0,37.8
2016/08/31,38.0,40.9,37.8,38.7
2016/09/01,39.5,39.9,38.1,38.1
2016/09/02,38.3,39.0,37.7,38.0
2016/09/05,38.6,40.5,38.4,39.8
2016/09/06,39.4,40.1,38.8,39.8
2016/09/07,40.1,41.5,40.1,40.3
2016/09/08,40.5,41.7,40.5,41.1
2016/09/09,41.0,41.3,40.3,40.6
2016/09/23,41.8,43.7,41.8,43.6
2016/09/26,43.6,43.9,41.9,42.9
2016/09/29,43.1,43.2,41.2,42.1
2016/09/30,40.9,41.5,40.6,40.7
2016/10/03,41.1,41.7,41.1,41.6
2016/10/04,41.7,41.9,41.3,41.6
2016/10/05,41.6,41.8,41.3,41.4
2016/10/06,41.6,43.0,41.6,42.5
2016/10/07,42.3,42.3,40.5,40.6
2016/10/11,40.7,40.9,37.9,39.8
2016/10/12,39.8,40.3,38.4,39.1
2016/10/13,39.1,39.2,38.3,38.5
2016/10/14,38.5,40.1,38.0,39.2
2016/10/17,39.3,40.3,38.9,39.7
2016/10/18,39.7,39.9,39.3,39.9
2016/10/19,39.8,39.9,39.4,39.8
2016/10/20,39.6,39.9,39.6,39.7
2016/10/21,39.9,42.3,39.9,41.5
2016/10/24,42.4,42.4,41.2,41.4
2016/10/25,41.7,42.4,41.5,42.3
2016/10/26,41.9,43.5,41.8,42.3
2016/10/27,43.1,43.1,41.1,41.1
2016/10/28,40.9,41.1,40.3,40.3
2016/10/31,40.6,40.8,40.2,40.8
2016/11/01,40.3,41.7,40.3,41.4
2016/11/02,40.9,40.9,38.8,38.8
2016/11/03,38.8,39.3,38.3,39.2
2016/11/04,39.0,39.2,38.0,38.0
2016/11/07,38.5,38.9,37.8,38.2
2016/11/08,38.1,38.3,36.8,37.1
2016/11/09,36.9,37.7,34.7,35.7
2016/11/10,37.1,38.1,36.9,37.6
2016/11/11,35.9,37.3,35.9,36.8
2016/11/14,37.2,37.8,35.2,37.7
2016/11/15,38.2,38.7,37.8,37.8
2016/11/16,38.1,38.1,37.4,37.6
2016/11/17,37.6,38.0,37.0,37.0
2016/11/18,37.3,37.6,36.8,37.4
2016/11/21,37.4,38.2,37.1,38.1
2016/11/22,38.1,38.9,38.0,38.5
2016/11/23,38.5,39.3,38.2,38.3
2016/11/24,38.5,38.8,38.3,38.3
2016/11/25,38.3,38.8,38.1,38.1
2016/11/28,38.1,38.3,37.6,37.8
2016/11/29,37.9,38.9,37.6,38.7
2016/11/30,38.6,39.2,38.0,38.3
2016/12/01,38.3,38.3,37.9,37.9
2016/12/02,37.5,37.5,37.1,37.2
2016/12/05,37.2,37.5,36.9,36.9
2016/12/06,37.4,37.5,37.2,37.2
2016/12/07,37.7,38.9,37.6,38.8
2016/12/08,39.2,39.9,38.8,38.8
2016/12/09,39.0,39.0,38.4,38.4
2016/12/12,38.5,38.7,37.9,38.1
2016/12/13,38.3,39.3,38.1,39.3
2016/12/14,39.6,39.9,38.6,38.8
2016/12/15,38.6,38.9,38.4,38.4
2016/12/16,38.6,39.1,38.5,38.5
2016/12/19,38.5,38.6,37.9,37.9
2016/12/20,37.9,37.9,37.1,37.2
2016/12/21,37.3,37.3,36.2,36.6
2016/12/22,36.5,36.6,34.9,35.0
2016/12/23,34.4,35.5,34.4,34.7
2016/12/26,35.1,35.4,34.7,34.7
2016/12/27,35.0,35.4,34.7,35.2
2016/12/28,35.3,36.6,35.3,36.6
2016/12/29,36.6,37.3,36.3,37.3
2016/12/30,37.3,37.7,37.0,37.7
2017/01/03,37.7,38.0,36.6,37.1
2017/01/04,37.1,37.3,36.7,36.8
2017/01/05,36.8,37.0,36.5,36.8
2017/01/06,36.9,37.3,36.8,37.2
2017/01/09,37.2,37.3,36.8,36.8
2017/01/10,36.6,36.9,36.6,36.7
2017/01/11,36.8,36.8,36.6,36.7
2017/01/12,36.7,37.3,36.6,36.7
2017/01/13,36.6,37.5,36.6,37.1
2017/01/16,36.9,37.3,36.7,37.2
2017/01/17,37.2,37.3,36.9,37.1
2017/01/18,37.2,38.6,37.1,38.4
2017/01/19,39.0,42.2,38.9,40.4
2017/01/20,41.0,41.9,39.9,40.5
2017/01/23,41.2,41.9,40.8,41.8
2017/01/24,41.6,41.7,41.1,41.1
2017/02/02,41.2,41.7,40.5,40.8
2017/02/03,41.3,42.8,41.0,42.4
2017/02/06,42.9,42.9,41.7,42.7
2017/02/07,42.7,42.8,41.9,42.7
2017/02/08,42.1,43.0,39.5,40.5
2017/02/09,40.5,40.8,40.0,40.6
2017/02/10,40.6,41.1,39.6,39.8
2017/02/13,39.9,41.3,39.8,40.8
2017/02/14,41.1,41.3,40.2,40.8
2017/02/15,40.8,41.2,40.3,40.9
2017/02/16,41.1,41.2,40.0,40.0
2017/02/17,40.1,41.0,40.1,40.9
2017/02/20,42.3,43.7,41.9,43.2
2017/02/21,43.7,45.3,43.0,43.7
2017/02/22,43.2,45.9,43.2,45.1
2017/02/23,45.6,45.9,44.4,45.2
2017/02/24,45.9,48.3,45.7,46.0
2017/03/01,46.9,50.5,46.6,50.5
2017/03/02,51.2,51.4,48.9,49.5
2017/03/03,49.0,49.5,48.0,48.5
2017/03/06,50.2,51.8,49.7,51.0
2017/03/07,51.0,51.4,49.9,50.7
2017/03/08,50.8,51.0,49.7,50.1
2017/03/09,50.2,50.9,49.7,50.4
2017/03/10,49.7,50.2,48.6,49.0
2017/03/13,49.3,51.0,48.9,50.5
2017/03/14,50.3,50.3,49.3,49.7
2017/03/15,49.7,51.0,49.7,50.0
2017/03/16,50.7,50.9,50.1,50.6
2017/03/17,50.5,51.7,50.4,51.1
2017/03/20,52.1,54.9,51.3,54.2
2017/03/21,54.0,54.0,52.6,52.7
2017/03/22,51.6,51.9,51.0,51.9
2017/03/23,51.9,52.0,50.8,50.8
2017/03/24,50.8,50.9,49.0,49.6
2017/03/27,49.4,49.6,48.6,49.4
2017/03/28,49.6,49.8,46.6,47.8
2017/03/29,48.1,49.6,47.7,49.4
2017/03/30,49.4,49.8,48.8,49.6
2017/03/31,49.3,49.3,47.1,47.7
2017/04/05,48.3,49.0,47.6,47.8
2017/04/06,47.9,49.3,47.9,49.1
2017/04/07,49.0,50.2,48.4,49.8
2017/04/10,49.6,52.2,49.6,50.3
2017/04/11,50.3,51.0,49.7,50.3
2017/04/12,50.3,53.2,50.3,53.0
2017/04/13,53.4,54.5,52.7,53.4
2017/04/14,53.0,53.3,52.0,52.8
2017/04/17,53.8,55.7,53.2,53.3
2017/04/18,53.4,55.9,53.3,54.6
2017/04/19,54.2,57.2,53.3,56.4
2017/04/20,56.8,58.1,54.6,54.9
2017/04/21,56.0,60.4,55.0,60.4
2017/04/24,60.5,64.5,58.8,63.0
2017/04/25,63.0,65.8,62.0,64.8
2017/04/26,65.0,65.7,62.2,62.5
2017/04/27,62.8,63.4,62.0,62.0
2017/04/28,61.7,63.3,60.8,61.6
2017/05/02,62.3,62.5,59.8,60.2
2017/05/03,60.6,61.3,59.3,59.7
2017/05/04,59.6,61.7,59.5,61.3
2017/05/05,61.3,61.3,59.2,59.2
2017/05/08,59.1,59.6,57.6,59.0
2017/05/09,58.9,58.9,55.6,56.2
2017/05/10,56.7,58.9,56.7,57.7
2017/05/11,57.8,58.0,55.6,56.5
2017/05/12,56.6,57.2,55.8,56.1
2017/05/15,56.1,58.1,56.1,57.6
2017/05/16,57.4,57.6,55.7,55.7
2017/05/17,55.4,55.4,52.8,54.0
2017/05/18,52.9,54.8,52.9,53.7
2017/05/19,54.3,54.8,53.1,53.1
2017/05/22,53.7,55.1,53.2,54.0
2017/05/23,54.5,55.0,54.3,54.4
2017/05/24,54.8,56.1,54.7,55.3
2017/05/25,56.1,56.6,55.4,55.6
2017/05/26,55.8,55.8,55.0,55.1
2017/05/31,55.1,55.9,53.7,53.7
2017/06/01,54.7,54.7,52.9,54.1
2017/06/02,54.2,57.3,54.2,56.9
2017/06/05,57.4,59.3,57.4,57.8
2017/06/06,57.8,58.3,56.6,58.3
2017/06/07,57.9,58.5,56.6,56.7
2017/06/08,57.2,59.5,57.2,59.2
2017/06/09,60.8,61.0,58.4,58.6
2017/06/12,57.8,58.0,57.4,57.4
2017/06/13,58.0,58.2,56.2,56.2
2017/06/14,56.5,56.5,53.1,54.1
2017/06/15,54.1,54.1,53.0,53.6
2017/06/16,53.7,54.8,53.7,54.6
2017/06/19,54.5,56.1,54.5,55.9
2017/06/20,56.4,57.2,55.6,56.0
2017/06/21,59.3,60.6,58.2,58.8
2017/06/22,58.8,59.2,58.1,59.0
2017/06/23,60.0,60.2,58.1,58.1
2017/06/26,57.6,58.4,56.9,57.4
2017/06/27,57.8,59.5,57.8,57.9
2017/06/28,57.5,57.8,56.6,57.0
2017/06/29,57.6,58.5,57.0,58.1
2017/06/30,57.5,58.6,57.4,58.2
2017/07/03,58.0,58.6,57.5,57.5
2017/07/04,57.5,58.2,57.3,57.7
2017/07/05,57.6,57.8,56.1,56.4
2017/07/06,56.6,57.4,56.6,57.4
2017/07/07,57.7,57.8,56.7,56.8
2017/07/10,56.8,57.0,56.1,56.3
2017/07/11,56.3,56.9,55.6,56.3
2017/07/12,56.8,58.6,56.2,57.8
2017/07/13,58.1,58.3,56.7,57.6
2017/07/14,57.3,58.6,57.2,58.0
2017/07/17,56.8,57.5,56.2,56.2
2017/07/18,56.3,56.3,54.7,55.2
2017/07/19,55.2,56.8,55.1,56.5
2017/07/20,56.1,56.3,55.0,55.3
2017/07/21,55.2,55.7,54.8,54.8
2017/07/24,54.9,55.4,54.6,55.2
2017/07/25,55.3,57.4,55.3,57.3
2017/07/26,57.9,59.4,57.9,58.6
2017/07/27,59.2,59.2,58.1,58.3
2017/07/28,58.2,58.5,57.2,57.8
2017/07/31,57.9,59.2,57.6,57.7
2017/08/01,58.4,59.1,57.4,57.4
2017/08/02,58.0,60.6,58.0,60.2
2017/08/03,60.2,60.2,58.6,59.3
2017/08/04,62.9,64.0,61.7,61.8
2017/08/07,62.8,62.9,61.3,61.5
2017/08/08,62.1,67.6,61.0,66.6
2017/08/09,66.0,66.0,62.9,63.1
2017/08/10,64.0,64.3,61.0,62.1
2017/08/11,61.1,62.4,61.1,61.6
2017/08/14,62.4,62.9,59.4,60.0
2017/08/15,61.2,62.7,60.6,61.8
2017/08/16,62.7,64.0,61.8,62.7
2017/08/17,63.2,64.3,62.6,63.8
2017/08/18,63.3,64.0,62.4,62.9
2017/08/21,63.1,64.5,63.0,64.0
2017/08/22,65.0,65.5,63.6,63.6
2017/08/23,64.3,64.5,62.1,62.5
2017/08/24,62.6,64.5,62.2,64.4
2017/08/25,64.9,65.7,64.1,65.0
2017/08/28,66.0,71.5,66.0,71.4
2017/08/29,70.2,72.9,69.7,71.4
2017/08/30,73.6,78.3,71.9,75.7
2017/08/31,76.2,78.9,72.9,73.5
2017/09/01,73.6,75.3,72.6,75.0
2017/09/04,75.2,76.2,74.4,74.5
2017/09/05,76.8,77.4,74.6,74.7
2017/09/06,74.7,76.1,73.8,75.4
2017/09/19,82.1,82.1,82.0,82.0
2017/09/20,80.6,82.6,78.6,78.8
2017/09/21,79.0,79.8,77.3,78.6
2017/09/22,78.8,79.9,78.6,78.6
2017/09/25,76.0,76.0,70.8,70.8
2017/09/26,70.3,71.2,67.1,68.0
2017/09/27,68.8,72.6,68.8,70.7
2017/09/28,71.2,71.5,70.3,71.4
2017/09/29,71.4,75.7,71.4,75.2
2017/10/02,79.5,79.7,77.5,79.0
2017/10/03,78.4,78.7,77.3,77.7
2017/10/05,78.5,79.3,78.1,78.8
2017/10/06,79.6,79.8,77.6,78.0
2017/10/11,78.8,81.4,78.6,80.0
2017/10/12,80.0,80.1,79.1,80.0
2017/10/13,80.1,80.1,79.1,79.2
2017/10/16,79.2,81.5,78.8,80.9
2017/10/17,80.9,86.0,80.9,82.7
2017/10/18,83.6,84.4,80.3,80.5
2017/10/19,81.1,82.5,81.1,81.4
2017/10/20,81.4,82.4,80.6,81.2
2017/10/23,81.5,83.5,81.5,82.1
2017/10/24,82.2,83.4,81.2,81.5
2017/10/25,81.7,82.4,80.1,80.3
2017/10/26,79.6,82.4,79.6,80.4
2017/10/27,80.7,81.5,78.3,78.5
2017/10/30,80.0,80.0,77.3,77.8
2017/10/31,78.2,79.9,77.8,77.8
2017/11/01,78.8,83.2,78.6,83.0
2017/11/02,83.0,83.0,80.7,80.8
2017/11/03,81.2,81.4,79.5,79.7
2017/11/06,80.6,80.6,78.8,79.2
2017/11/07,79.2,80.0,78.0,79.0
2017/11/08,79.0,80.8,78.8,80.4
2017/11/09,80.3,80.4,77.8,78.0
2017/11/10,78.0,78.5,77.0,77.5
2017/11/13,77.5,77.7,75.4,75.5
2017/11/14,75.4,80.1,75.4,79.5
2017/11/15,79.7,81.6,78.6,79.5
2017/11/16,81.8,85.5,81.2,81.6
2017/11/17,82.3,87.0,82.3,86.9
2017/11/20,88.5,89.3,85.1,86.3
2017/11/21,87.8,89.3,85.5,87.0
2017/11/22,89.0,90.0,86.5,87.0
2017/11/23,87.0,88.0,84.0,84.7
2017/11/24,85.5,91.0,85.5,88.4
2017/11/27,89.1,97.2,88.2,95.7
2017/11/28,96.7,104.0,96.5,100.5
2017/11/29,100.5,110.0,100.0,108.0
2017/11/30,104.0,112.0,101.0,112.0
2017/12/01,111.0,111.5,103.0,103.0
2017/12/04,104.5,107.5,102.5,102.5
2017/12/05,101.5,101.5,95.4,96.2
2017/12/06,98.8,98.9,93.1,94.7
2017/12/07,95.5,97.0,92.0,92.7
2017/12/08,94.9,101.0,94.0,98.0
2017/12/11,97.8,106.5,96.1,102.0
2017/12/12,102.0,102.5,97.0,97.5
2017/12/13,97.6,100.5,97.5,98.7
2017/12/14,100.0,105.5,99.8,100.0
2017/12/15,101.5,104.0,99.5,102.0
2017/12/18,103.0,112.0,103.0,112.0
2017/12/19,115.0,119.5,110.5,113.0
2017/12/20,114.0,118.5,112.5,116.0
2017/12/21,114.5,116.0,111.0,113.0
2017/12/22,115.0,118.0,112.0,115.0
2017/12/25,117.0,118.0,112.5,112.5
2017/12/26,112.5,112.5,102.0,103.0
2017/12/27,105.5,109.0,102.0,103.0
2017/12/28,104.0,106.0,101.5,106.0
2017/12/29,107.0,108.5,104.0,105.0
2018/01/02,106.0,106.5,99.9,101.5
2018/01/03,103.0,111.5,103.0,111.5
2018/01/04,111.5,118.5,111.5,117.0
2018/01/05,115.5,119.0,113.0,116.0
2018/01/08,115.0,115.0,108.0,110.0
2018/01/09,110.5,112.5,108.0,109.0
2018/01/10,109.0,110.5,101.5,105.0
2018/01/11,106.5,110.0,101.5,102.5
2018/01/12,103.0,104.5,100.0,101.0
2018/01/16,97.3,101.0,94.7,96.3
2018/01/17,96.5,97.1,93.1,96.4
2018/01/18,98.0,103.0,97.7,103.0
2018/01/19,104.5,106.5,100.0,103.0
2018/01/22,102.0,109.0,101.5,108.5
2018/01/23,107.5,108.5,100.0,100.0
2018/01/24,101.0,102.0,97.0,98.3
2018/01/25,98.7,99.7,94.6,95.4
2018/01/26,96.2,96.5,89.1,92.2
2018/01/29,93.8,98.5,93.0,98.0
2018/01/30,96.5,98.9,95.5,97.5
2018/01/31,96.5,99.7,95.7,98.3
2018/02/01,98.0,98.8,97.0,98.0
2018/02/02,99.7,101.5,95.8,95.8
2018/02/05,91.2,96.2,91.2,96.2
2018/02/06,93.1,95.7,86.6,87.3
2018/02/07,91.4,93.3,89.1,89.2
2018/02/08,89.3,90.6,86.7,88.0
2018/02/09,82.4,85.9,81.5,84.2
2018/02/12,85.9,86.3,82.8,83.6
2018/02/21,86.8,87.8,85.4,86.4
2018/02/22,86.3,86.7,84.7,85.7
2018/02/23,88.5,90.0,83.3,83.3
2018/02/26,85.0,88.0,84.2,87.5
2018/02/27,90.0,90.0,85.5,86.4
2018/03/01,85.6,89.9,85.0,89.9
2018/03/02,89.0,92.6,88.3,91.1
2018/03/05,93.1,95.5,92.6,93.8
2018/03/06,94.8,96.6,94.5,95.1
2018/03/07,95.0,96.3,92.6,93.1
2018/03/08,93.6,94.9,93.0,94.0
2018/03/09,94.2,94.4,92.7,93.0
2018/03/12,94.6,95.5,93.8,95.4
2018/03/13,95.6,96.7,94.2,96.0
2018/03/14,96.0,101.0,95.2,98.5
2018/03/15,102.5,108.0,99.5,106.0
2018/03/16,107.0,108.5,105.0,105.0
2018/03/19,106.0,111.0,106.0,110.0
2018/03/20,109.0,114.0,108.0,109.5
2018/03/21,111.0,114.0,111.0,112.5
2018/03/22,118.0,123.5,118.0,119.5
2018/03/23,115.0,119.5,112.0,112.5
2018/03/26,113.5,114.5,110.0,111.0
2018/03/27,114.5,120.0,114.0,119.5
2018/03/28,117.5,117.5,112.5,115.0
2018/03/29,117.0,119.5,114.0,118.5
2018/03/30,119.5,125.0,118.5,119.0
2018/04/02,120.5,124.5,120.0,121.5
2018/04/03,119.0,120.5,117.0,120.0
2018/04/09,121.0,122.5,118.0,122.0
2018/04/10,121.5,131.5,121.0,129.5
2018/04/11,134.5,136.0,126.0,129.0
2018/04/12,128.5,131.0,126.5,128.0
2018/04/13,131.0,134.0,130.0,132.5
2018/04/16,137.0,145.5,134.5,145.5
2018/04/17,150.0,160.0,148.5,157.5
2018/04/18,156.0,169.0,154.5,169.0
2018/04/19,167.0,185.5,165.5,181.0
2018/04/20,178.0,184.0,163.5,164.0
2018/04/23,180.0,180.0,175.0,180.0
2018/04/24,185.5,192.5,170.0,172.0
2018/04/25,172.0,181.5,168.0,168.0
2018/04/26,172.0,177.5,169.0,171.0
2018/04/27,177.5,188.0,176.5,188.0
2018/04/30,190.0,194.0,183.5,187.5
2018/05/02,193.0,206.0,192.0,206.0
2018/05/03,200.5,225.0,200.0,225.0
2018/05/04,228.5,236.0,225.0,227.0
2018/05/07,240.0,249.5,234.5,249.5
2018/05/08,245.0,245.0,227.0,232.0
2018/05/09,233.0,254.0,233.0,246.0
2018/05/10,251.5,261.0,248.0,261.0
2018/05/11,270.0,283.0,253.5,259.0
2018/05/14,284.0,284.5,275.0,284.5
2018/05/15,288.0,312.5,288.0,312.5
2018/05/16,305.0,320.0,305.0,312.5
2018/05/17,282.0,283.0,281.5,281.5
2018/05/18,300.0,300.0,271.5,281.5
2018/05/21,289.0,309.5,282.0,309.5
2018/05/22,321.0,340.0,317.0,340.0
2018/05/23,343.5,343.5,306.0,306.0
2018/05/24,306.0,316.5,286.0,314.0
2018/05/25,328.5,342.0,319.0,340.0
2018/05/28,355.0,374.0,348.0,373.5
2018/05/29,368.0,375.5,358.0,366.5
2018/05/30,364.5,385.5,355.0,385.0
2018/05/31,397.0,400.5,370.0,387.5
2018/06/01,377.5,387.0,374.0,378.0
2018/06/04,386.0,388.5,378.0,378.0
2018/06/05,382.0,383.0,351.0,355.0
2018/06/06,374.0,390.5,371.0,390.5
2018/06/07,400.0,420.0,400.0,415.5
2018/06/08,415.5,416.0,406.5,407.5
2018/06/11,416.0,424.5,410.0,414.5
2018/06/12,422.5,424.0,394.5,407.0
2018/06/13,407.5,416.0,388.5,405.0
2018/06/14,400.5,410.5,394.0,394.0
2018/06/15,395.5,417.0,388.0,411.0
2018/06/19,410.5,410.5,393.5,394.0
2018/06/20,394.0,394.5,355.0,357.0
2018/06/21,358.0,372.5,346.0,350.0
2018/06/22,337.5,347.0,319.5,320.5
2018/06/25,329.0,333.0,318.0,326.0
2018/06/26,320.0,358.5,319.5,358.5
2018/06/27,369.0,391.0,366.0,372.5
2018/06/28,374.5,390.0,374.0,390.0
2018/06/29,398.0,422.0,396.0,417.0
2018/07/02,426.0,458.5,425.0,458.5
2018/07/03,475.0,491.5,439.0,450.0
2018/07/04,452.0,458.5,431.5,451.5
2018/07/05,454.5,454.5,409.5,418.0
2018/07/06,430.0,433.0,382.5,410.0
2018/07/09,424.0,444.5,396.0,396.0
2018/07/10,410.0,414.5,395.5,414.5
2018/07/11,395.0,408.5,392.0,406.5
2018/07/12,409.0,441.0,400.5,438.0
2018/07/13,449.5,452.0,435.5,435.5
2018/07/16,437.5,441.5,398.5,405.5
2018/07/17,398.5,412.5,386.5,412.0
2018/07/18,424.0,425.0,373.0,383.5
2018/07/19,386.5,393.0,366.0,382.0
2018/07/20,383.0,386.0,344.0,344.0
2018/07/23,346.0,369.5,339.0,369.5
2018/07/24,369.0,392.0,363.0,391.0
2018/07/25,393.0,415.0,390.0,415.0
2018/07/26,421.5,431.5,415.0,420.5
2018/07/27,427.0,431.0,421.0,424.0
2018/07/30,423.0,423.0,382.0,382.0
2018/07/31,376.0,388.0,344.0,347.0
2018/08/01,350.0,355.0,333.0,342.5
2018/08/02,339.0,339.0,308.5,308.5
2018/08/03,305.0,316.0,278.0,289.0
2018/08/06,302.0,308.0,291.0,291.5
2018/08/07,305.0,320.5,299.0,320.5
2018/08/08,320.0,327.0,292.0,295.0
2018/08/09,301.0,310.5,292.5,299.0
2018/08/10,292.0,296.0,269.5,271.0
2018/08/13,254.0,266.0,244.0,244.0
2018/08/14,249.0,260.0,234.0,252.0
2018/08/15,249.0,253.0,238.5,245.5
2018/08/16,248.0,270.0,248.0,270.0
2018/08/17,275.0,285.0,259.0,261.0
2018/08/20,265.0,286.5,254.5,278.5
2018/08/21,278.5,285.0,271.0,282.5
2018/08/22,281.0,282.0,274.0,275.0
2018/08/23,276.0,279.0,262.0,264.0
2018/08/24,266.5,283.0,266.5,280.5
2018/08/27,289.5,308.5,289.5,308.5
2018/08/28,312.0,317.5,301.0,303.0
2018/08/29,307.0,315.0,302.5,315.0
2018/08/30,316.0,319.5,311.5,312.5
2018/08/31,309.0,315.0,306.5,314.5
2018/09/03,314.0,314.5,283.5,283.5
2018/09/04,285.0,292.5,270.0,283.5
2018/09/05,279.0,285.0,267.0,267.0
2018/09/06,265.0,269.5,255.5,256.5
2018/09/07,252.0,257.0,232.0,238.0
2018/09/10,242.0,248.0,230.0,247.0
2018/09/11,249.0,257.0,245.0,247.0
2018/09/12,245.5,245.5,233.5,240.5
2018/09/13,248.0,251.5,233.5,233.5
2018/09/14,240.0,256.0,233.0,251.5
2018/09/17,250.0,255.0,245.5,253.0
2018/09/18,247.0,250.0,234.5,234.5
2018/09/19,240.0,242.5,221.5,221.5
2018/09/20,224.0,229.5,214.5,223.0
2018/09/21,228.0,235.5,225.0,235.0
2018/09/25,230.0,242.0,227.5,234.5
2018/09/26,232.5,238.5,227.0,227.0
2018/09/27,222.0,227.0,212.0,212.0
2018/09/28,214.0,217.5,205.5,213.0
2018/10/01,214.0,214.0,208.0,211.5
2018/10/02,215.0,218.0,208.0,208.0
2018/10/03,208.0,211.0,202.0,205.0
2018/10/04,210.0,212.0,201.0,203.0
2018/10/05,201.5,204.0,183.0,183.0
2018/10/08,182.0,184.0,165.0,172.0
2018/10/09,174.5,180.0,167.0,173.5
2018/10/11,157.0,161.0,156.5,156.5
2018/10/12,157.0,169.0,156.5,165.0
2018/10/15,164.0,173.5,162.0,168.5
2018/10/16,170.0,177.0,169.0,171.5
2018/10/17,181.0,182.0,170.5,170.5
2018/10/18,174.0,178.5,173.5,176.5
2018/10/19,170.0,171.0,161.5,163.0
2018/10/22,154.0,163.0,152.5,162.0
2018/10/23,161.5,164.5,148.5,148.5
2018/10/24,150.0,151.5,142.5,142.5
2018/10/25,134.0,135.0,128.5,128.5
2018/10/26,134.0,134.5,125.0,127.0
2018/10/29,129.5,133.0,124.0,131.5
2018/10/30,129.0,129.5,119.0,119.0
2018/10/31,122.5,130.5,122.5,130.5
2018/11/01,133.0,143.5,133.0,143.5
2018/11/02,157.5,157.5,147.0,157.5
2018/11/05,153.5,161.0,152.0,157.5
2018/11/06,155.5,159.0,142.0,142.0
2018/11/07,141.5,156.0,139.0,156.0
2018/11/08,165.0,166.5,154.0,154.0
2018/11/09,156.0,165.5,152.5,162.0
2018/11/12,152.0,158.0,152.0,154.0
2018/11/13,145.0,157.0,144.0,157.0
2018/11/14,159.0,162.5,157.0,158.0
2018/11/15,159.5,164.5,158.5,164.0
2018/11/16,167.0,174.0,165.5,165.5
2018/11/19,166.0,170.0,165.5,166.5
2018/11/20,165.0,169.0,162.5,164.0
2018/11/21,162.5,172.5,162.0,172.5
2018/11/22,175.0,178.5,163.5,165.5
2018/11/23,166.5,168.5,161.0,162.0
2018/11/26,164.5,168.0,163.0,167.0
2018/11/27,168.0,173.0,166.0,172.5
2018/11/28,174.0,185.0,173.5,178.0
2018/11/29,184.0,186.5,177.5,179.0
2018/11/30,181.0,187.5,181.0,187.5
2018/12/03,200.0,206.0,198.5,206.0
2018/12/04,214.0,215.0,207.0,210.5
2018/12/05,200.5,206.5,199.5,203.5
2018/12/06,200.0,203.0,183.5,183.5
2018/12/07,185.0,188.0,177.5,184.5
2018/12/10,178.0,178.5,166.5,167.5
2018/12/11,167.5,170.5,164.0,167.5
2018/12/12,171.0,174.0,170.5,172.5
2018/12/13,172.5,172.5,161.0,164.0
2018/12/14,160.0,165.5,157.0,165.5
2018/12/17,162.5,167.5,160.5,165.0
2018/12/18,162.0,163.0,158.5,160.5
2018/12/19,161.5,165.0,161.5,162.0
2018/12/20,160.5,162.0,153.0,155.5
2018/12/21,155.5,162.5,151.0,160.0
2018/12/24,159.0,160.5,156.5,160.0
2018/12/25,153.5,156.0,152.0,155.0
2018/12/26,157.0,160.0,149.5,149.5
2018/12/27,156.5,159.0,154.5,156.5
2018/12/28,158.0,159.5,154.0,154.0
2019/01/02,156.0,157.0,152.5,154.0
2019/01/03,154.0,156.0,144.5,144.5
2019/01/04,141.5,141.5,136.0,140.0
2019/01/07,147.0,148.0,145.5,148.0
2019/01/08,147.0,147.5,145.0,146.0
2019/01/09,149.0,160.5,148.5,157.5
2019/01/10,157.0,157.5,152.5,154.5
2019/01/11,157.5,161.0,155.0,155.0
2019/01/14,155.0,157.0,154.0,156.5
2019/01/15,157.5,162.5,157.5,162.5
2019/01/16,162.5,164.5,161.5,164.0
2019/01/17,166.5,168.0,161.0,162.5
2019/01/18,164.5,166.5,163.0,166.0
2019/01/21,170.0,171.5,168.0,168.0
2019/01/22,167.5,167.5,162.5,163.0
2019/01/23,161.5,166.0,161.0,166.0
2019/01/24,166.5,168.0,164.0,164.0
2019/01/25,167.0,176.5,166.5,175.0
2019/01/28,178.0,181.0,173.0,174.5
2019/01/29,172.0,172.0,168.5,171.5
2019/01/30,172.5,173.5,171.0,171.0
2019/02/11,175.0,175.0,170.0,171.0
2019/02/12,173.5,181.5,173.5,180.5
2019/02/13,191.0,198.5,187.5,198.5
2019/02/14,200.0,201.0,194.5,195.5
2019/02/15,194.0,194.5,184.5,184.5
2019/02/18,188.0,191.5,186.5,189.0
2019/02/19,190.0,192.5,187.5,188.5
2019/02/20,191.5,199.5,191.5,193.0
2019/02/21,194.5,197.5,191.0,197.5
2019/02/22,199.5,204.0,196.5,197.0
2019/02/25,200.0,202.0,198.0,199.0
2019/02/26,199.0,205.0,194.5,194.5
2019/02/27,190.0,191.0,180.5,181.0
2019/03/04,183.5,186.0,180.0,186.0
2019/03/05,183.0,184.5,182.0,182.5
2019/03/06,183.0,185.0,182.0,183.0
2019/03/07,182.5,183.5,173.5,178.0
2019/03/08,174.5,178.0,172.0,178.0
2019/03/11,175.0,181.5,174.5,181.0
2019/03/12,184.0,185.0,180.0,180.0
2019/03/13,181.0,185.0,180.5,185.0
2019/03/14,186.0,187.5,181.5,183.0
2019/03/15,185.5,190.5,185.0,187.0
2019/03/18,191.0,193.0,189.0,189.0
2019/03/19,190.5,190.5,186.0,187.0
2019/03/20,189.0,191.5,188.0,190.0
2019/03/21,191.0,192.0,189.0,192.0
2019/03/22,194.0,197.0,192.5,194.5
2019/03/25,188.0,190.0,186.5,188.0
2019/03/26,189.0,191.5,189.0,190.5
2019/03/27,192.5,197.0,191.0,197.0
2019/03/28,196.0,197.5,194.5,195.0
2019/03/29,197.0,201.0,196.0,200.0
2019/04/01,202.0,203.5,190.5,193.0
2019/04/02,194.5,195.5,190.5,192.0
2019/04/03,193.5,198.5,192.0,196.0
2019/04/08,199.5,201.5,195.0,195.0
2019/04/09,197.0,208.5,195.5,206.0
2019/04/10,206.0,207.5,203.5,204.0
2019/04/11,206.0,214.0,205.5,207.0
2019/04/12,209.5,213.0,203.5,206.0
2019/04/15,209.0,212.0,208.5,212.0
2019/04/16,214.0,217.0,211.5,213.0
2019/04/17,217.5,231.0,216.0,225.0
2019/04/18,230.0,233.5,218.0,220.5
2019/04/19,225.0,226.5,218.5,224.0
2019/04/22,226.0,227.5,217.5,218.0
2019/04/23,219.0,219.0,210.0,212.5
2019/04/24,214.5,216.0,207.5,208.5
2019/04/25,203.0,209.0,200.5,209.0
2019/04/26,206.5,208.5,203.0,204.5
2019/04/29,197.0,199.5,185.0,185.0
2019/04/30,184.0,190.5,181.5,189.0
2019/05/02,188.0,190.5,185.5,190.0
2019/05/03,190.0,191.0,186.0,187.5
2019/05/06,182.0,185.0,179.5,180.0
2019/05/07,181.5,185.0,180.5,180.5
2019/05/08,178.0,180.5,175.5,180.5
2019/05/09,180.5,181.0,173.0,174.0
2019/05/10,175.0,180.0,173.0,176.0
2019/05/13,175.0,177.5,163.0,163.0
2019/05/14,159.0,166.0,156.0,166.0
2019/05/15,168.0,172.0,166.0,170.5
2019/05/16,169.5,171.0,163.0,164.0
2019/05/17,167.0,167.5,162.0,164.0
2019/05/20,166.5,168.5,163.5,163.5
2019/05/21,163.0,168.5,162.5,167.5
2019/05/22,167.5,169.5,164.0,164.0
2019/05/23,161.5,161.5,157.0,157.0
2019/05/24,158.5,159.5,154.0,154.0
2019/05/27,155.5,156.5,152.0,153.5
2019/05/28,155.0,156.5,153.0,156.0
2019/05/29,154.5,161.0,154.0,160.5
2019/05/30,161.0,162.0,156.0,156.0
2019/05/31,156.0,163.0,155.5,159.0
2019/06/03,158.5,160.0,156.5,157.0
2019/06/04,160.0,162.0,158.0,158.5
2019/06/05,162.0,162.5,154.0,155.0
2019/06/06,154.0,154.5,146.0,146.5
2019/06/10,150.0,152.0,147.0,150.0
2019/06/11,148.5,153.0,146.5,151.0
2019/06/12,151.0,153.0,149.0,152.0
2019/06/13,151.0,152.0,149.0,149.5
2019/06/14,151.0,154.0,150.0,151.0
2019/06/17,151.0,155.0,151.0,155.0
2019/06/18,155.0,156.0,152.0,152.0
2019/06/19,155.0,156.0,154.0,155.0
2019/06/20,158.0,167.5,158.0,165.5
2019/06/21,167.5,167.5,161.5,162.0
2019/06/24,162.0,167.0,161.0,167.0
2019/06/25,167.0,167.5,162.0,162.5
2019/06/26,162.5,164.5,162.0,163.0
2019/06/27,163.0,166.0,163.0,164.0
2019/06/28,164.5,166.0,162.5,164.0
2019/07/01,168.0,171.0,167.0,169.5
2019/07/02,170.0,173.5,167.5,172.0
2019/07/03,173.0,175.5,171.0,173.5
2019/07/04,175.5,183.0,175.0,181.0
2019/07/05,181.5,183.0,178.5,180.0
2019/07/08,178.5,180.0,175.0,175.5
2019/07/09,171.5,172.5,168.0,168.0
2019/07/10,169.5,172.5,169.5,172.0
2019/07/11,173.5,174.5,170.5,170.5
2019/07/12,171.5,173.0,169.0,172.5
2019/07/15,171.5,172.5,167.5,170.0
2019/07/16,171.5,175.5,171.0,174.0
2019/07/17,174.0,174.0,171.5,172.5
2019/07/18,172.0,173.0,168.0,168.5
2019/07/19,170.5,171.5,167.0,169.0
2019/07/22,168.0,169.0,164.5,165.0
2019/07/23,166.0,169.0,165.5,165.5
2019/07/24,169.5,171.5,168.0,168.5
2019/07/25,169.0,172.0,167.5,172.0
2019/07/26,172.0,177.5,171.0,177.5
2019/07/29,179.0,180.5,176.5,178.0
2019/07/30,180.5,183.0,177.0,177.0
2019/07/31,177.5,178.0,174.5,177.0
2019/08/01,175.0,180.0,174.5,180.0
2019/08/02,177.5,179.0,175.0,176.5
2019/08/05,177.0,181.0,175.0,175.0
2019/08/06,170.0,174.0,168.5,172.0
2019/08/07,174.5,175.0,165.5,165.5
2019/08/08,152.0,154.5,150.0,151.5
2019/08/12,152.0,154.5,150.5,154.0
2019/08/13,153.5,154.0,149.5,150.0
2019/08/14,152.5,153.0,149.0,149.0
2019/08/15,145.0,145.0,142.0,142.5
2019/08/16,143.5,145.5,142.5,145.0
2019/08/19,146.5,150.5,145.5,150.0
2019/08/20,151.0,152.0,148.5,149.0
2019/08/21,148.5,151.0,147.5,147.5
2019/08/22,150.0,150.0,146.0,146.0
2019/08/23,145.5,149.5,145.5,148.5
2019/08/26,145.0,146.5,142.5,144.5
2019/08/27,146.0,147.0,144.0,144.0
2019/08/28,146.0,148.5,145.0,148.0
2019/08/29,148.5,149.0,146.0,147.5
2019/08/30,150.0,161.5,150.0,158.0
2019/09/02,159.0,163.5,158.5,160.0
2019/09/03,160.0,162.0,157.5,160.0
2019/09/04,161.0,162.5,159.5,161.0
2019/09/05,163.0,166.0,161.5,162.5
2019/09/06,165.0,166.0,162.5,163.0
2019/09/09,164.0,164.5,156.0,156.0
2019/09/10,156.5,158.0,155.0,156.5
2019/09/11,157.0,158.5,156.5,158.0
2019/09/12,159.5,161.0,158.5,159.5
2019/09/16,159.0,159.5,156.5,159.0
2019/09/17,162.0,165.0,161.0,161.0
2019/09/18,162.0,163.0,161.0,163.0
2019/09/19,164.0,164.5,161.0,162.0
2019/09/20,163.0,164.0,161.5,162.0
2019/09/23,162.5,163.5,161.0,161.5
2019/09/24,162.5,162.5,159.5,159.5
2019/09/25,158.5,159.0,156.5,158.0
2019/09/26,160.5,169.5,160.5,167.5
2019/09/27,170.5,174.5,170.0,174.5
2019/10/01,177.0,188.5,176.5,183.0
2019/10/02,182.0,185.5,181.0,182.0
2019/10/03,178.5,182.0,178.5,179.5
2019/10/04,181.0,183.0,175.5,178.0
2019/10/07,181.0,185.0,181.0,183.0
2019/10/08,183.0,184.5,179.0,181.0
2019/10/09,181.0,185.0,179.0,180.0
2019/10/14,184.0,187.0,182.5,185.0
2019/10/15,186.5,192.5,184.5,185.5
2019/10/16,187.0,188.0,178.5,179.0
2019/10/17,179.5,184.0,177.5,184.0
2019/10/18,185.0,185.0,181.0,182.5
2019/10/21,183.5,186.5,183.0,183.5
2019/10/22,185.0,186.0,181.0,182.0
2019/10/23,181.5,182.5,178.5,182.0
2019/10/24,184.0,185.5,183.5,183.5
2019/10/25,184.0,187.0,182.0,185.5
2019/10/28,187.0,187.5,184.5,185.0
2019/10/29,186.5,187.5,181.0,182.0
2019/10/30,182.5,187.0,182.0,187.0
2019/10/31,189.0,191.5,183.0,183.5
2019/11/01,182.0,182.0,175.0,181.5
2019/11/04,183.0,183.5,180.5,182.0
2019/11/05,183.0,183.5,180.5,182.0
2019/11/06,182.5,185.5,179.0,180.5
2019/11/07,179.5,181.0,174.5,175.0
2019/11/08,175.5,176.5,171.0,172.0
2019/11/11,171.5,171.5,157.5,160.0
2019/11/12,163.0,164.0,161.0,163.5
2019/11/13,167.0,172.5,166.5,168.0
2019/11/14,169.0,170.0,165.5,168.5
2019/11/15,170.0,170.5,166.5,166.5
2019/11/18,169.0,169.0,165.5,166.0
2019/11/19,166.5,168.5,166.0,167.5
2019/11/20,168.0,168.5,165.0,165.5
2019/11/21,162.5,165.0,160.5,165.0
2019/11/22,163.5,165.5,162.5,163.5
2019/11/25,165.0,169.0,163.5,168.5
2019/11/26,173.5,174.5,171.0,171.0
2019/11/27,172.0,176.5,172.0,176.0
2019/11/28,176.0,176.0,172.5,172.5
2019/11/29,174.5,174.5,169.0,170.0
2019/12/02,172.5,174.5,169.0,173.0
2019/12/03,172.5,181.5,171.5,177.0
2019/12/04,178.0,180.0,174.5,175.5
2019/12/05,177.0,178.0,175.0,176.0
2019/12/06,178.5,181.0,176.0,181.0
2019/12/09,185.0,186.0,182.5,184.0
2019/12/10,183.0,184.5,181.0,182.5
2019/12/11,182.5,185.5,181.5,184.0
2019/12/12,185.0,186.0,182.0,182.5
2019/12/13,184.5,185.5,181.0,183.5
2019/12/16,185.0,187.5,183.5,187.0
2019/12/17,188.0,188.5,184.5,184.5
2019/12/18,184.0,186.5,183.0,183.5
2019/12/19,185.0,186.5,183.0,184.0
2019/12/20,186.0,191.5,185.5,189.0
2019/12/23,190.0,190.5,187.0,190.5
2019/12/24,195.0,209.5,195.0,208.0
2019/12/25,210.0,214.0,208.5,211.5
2019/12/26,212.5,215.0,206.5,208.5
2019/12/27,210.5,219.0,210.5,219.0
2019/12/30,221.5,233.5,221.0,230.0
2019/12/31,231.0,241.0,230.0,239.0
2020/01/02,241.5,245.5,235.0,239.5
2020/01/03,248.0,262.0,245.5,255.5
2020/01/06,255.0,258.0,250.0,252.5
2020/01/07,248.0,249.0,227.5,235.0
2020/01/08,226.0,241.0,224.0,236.0
2020/01/09,242.0,244.5,236.5,236.5
2020/01/10,237.0,240.0,229.5,232.5
2020/01/13,234.0,234.5,221.0,227.5
2020/01/14,230.5,238.5,230.5,236.0
2020/01/15,238.0,240.5,228.0,229.5
2020/01/16,229.5,235.5,229.5,233.5
2020/01/17,236.0,237.5,229.0,229.5
2020/01/20,229.5,232.0,228.5,232.0
2020/01/30,211.0,215.5,209.0,209.0
2020/01/31,212.0,214.5,204.5,210.5
2020/02/03,202.5,217.5,198.0,216.5
2020/02/04,223.0,237.0,218.5,236.0
2020/02/05,239.0,244.5,231.5,234.5
2020/02/06,240.0,244.0,235.0,238.5
2020/02/07,236.5,240.0,233.0,235.0
2020/02/10,229.0,235.0,224.5,228.5
2020/02/11,234.5,241.0,234.0,241.0
2020/02/12,242.0,244.0,241.0,242.5
2020/02/13,243.0,244.5,234.5,235.5
2020/02/14,236.5,242.0,235.5,242.0
2020/02/17,239.0,243.5,237.0,239.0
2020/02/18,243.0,249.0,235.0,235.0
2020/02/19,237.0,238.5,230.0,235.0
2020/02/20,238.0,239.0,235.0,236.5
2020/02/21,237.5,240.5,236.0,239.5
2020/02/24,236.0,241.0,234.0,241.0
2020/02/25,240.5,256.0,237.0,248.5
2020/02/26,242.0,245.5,228.5,228.5
2020/02/27,229.5,231.5,212.0,213.0
2020/03/02,209.5,223.0,206.5,218.0
2020/03/03,226.0,226.5,217.0,217.0
2020/03/04,216.0,217.5,206.0,210.5
2020/03/05,214.5,216.5,210.0,214.0
2020/03/06,210.0,211.5,208.5,209.0
2020/03/09,205.0,206.0,198.0,198.5
2020/03/10,196.0,206.0,194.0,206.0
2020/03/11,206.0,208.0,195.5,197.0
2020/03/12,194.5,195.5,178.0,178.5
2020/03/13,162.5,169.0,161.0,168.0
2020/03/16,168.0,175.0,156.5,156.5
2020/03/17,153.0,160.5,148.5,150.0
2020/03/18,153.5,154.5,144.0,144.5
2020/03/19,142.0,144.5,130.5,130.5
2020/03/20,138.5,143.5,136.5,143.5
2020/03/23,138.0,146.5,133.5,146.5
2020/03/24,155.5,160.0,154.0,159.0
2020/03/25,166.5,169.5,160.5,164.0
2020/03/26,162.0,164.5,156.0,164.5
2020/03/27,170.0,171.0,160.0,160.5
2020/03/30,153.0,163.5,152.5,162.0
2020/03/31,165.5,166.5,158.5,161.0
2020/04/01,160.5,162.5,158.0,162.5
2020/04/06,167.0,167.5,161.0,166.5
2020/04/07,169.5,171.5,167.5,168.5
2020/04/08,168.5,185.0,167.5,185.0
2020/04/09,187.5,193.0,178.5,181.0
2020/04/10,182.0,185.5,180.0,180.0
2020/04/13,179.0,180.0,173.5,174.5
2020/04/14,177.5,181.0,177.0,180.0
2020/04/15,191.0,198.0,189.0,198.0
2020/04/16,198.0,202.0,196.5,199.0
2020/04/17,206.0,207.0,192.0,193.5
2020/04/20,195.0,201.0,191.5,200.0
2020/04/21,197.5,199.5,191.5,192.0
2020/04/22,196.5,211.0,192.5,211.0
2020/04/23,212.5,214.5,204.5,205.0
2020/04/24,206.0,211.0,202.5,207.5
2020/04/27,212.0,221.5,208.5,215.0
2020/04/28,217.0,219.5,213.0,213.5
2020/04/29,214.5,217.0,211.0,211.0
2020/04/30,215.0,217.0,211.0,213.0
2020/05/04,199.0,209.0,199.0,209.0
2020/05/05,210.5,218.0,207.5,207.5
2020/05/06,210.0,210.5,205.0,207.5
2020/05/07,209.5,210.5,205.0,207.0
2020/05/08,209.5,210.0,203.0,203.5
2020/05/11,205.0,208.0,204.0,205.0
2020/05/12,202.5,205.0,196.0,197.5
2020/05/13,196.0,201.0,192.0,199.5
2020/05/14,198.0,198.0,188.5,189.0
2020/05/15,192.5,194.5,185.0,189.0
2020/05/18,187.0,189.5,180.5,183.0
2020/05/19,187.5,192.0,184.5,190.5
2020/05/20,191.5,194.5,189.0,189.0
2020/05/21,191.5,192.5,187.5,190.0
2020/05/22,190.0,190.0,183.0,184.0
2020/05/25,184.0,188.0,179.0,188.0
2020/05/26,194.5,195.5,188.0,188.0
2020/05/27,189.5,193.0,188.5,191.0
2020/05/28,192.5,193.0,187.5,187.5
2020/05/29,186.0,190.5,185.0,187.0
2020/06/01,188.5,193.5,187.5,192.5
2020/06/02,193.0,194.0,189.0,190.0
2020/06/03,193.0,195.5,190.5,194.5
2020/06/04,198.0,210.0,196.5,206.0
2020/06/05,206.0,206.0,198.0,198.5
2020/06/08,201.0,201.5,196.5,197.0
2020/06/09,196.5,200.5,196.0,197.5
2020/06/10,198.0,200.5,196.5,196.5
2020/06/11,196.0,197.5,188.0,189.5
2020/06/12,183.0,188.5,182.5,188.0
2020/06/15,187.5,189.5,184.0,184.5
2020/06/16,186.5,192.5,185.5,189.5
2020/06/17,189.0,190.0,186.0,187.5
2020/06/18,188.0,190.0,186.5,190.0
2020/06/19,192.0,193.0,187.0,187.0
2020/06/22,187.0,191.0,186.0,187.0
2020/06/23,190.0,191.5,186.5,189.5
2020/06/24,191.0,192.5,187.0,188.5
2020/06/29,185.5,186.0,182.0,184.0
2020/06/30,180.5,182.5,176.0,179.0
2020/07/01,180.0,182.5,178.5,179.0
2020/07/02,180.0,182.0,179.0,181.0
2020/07/03,182.0,183.0,179.0,179.0
2020/07/06,179.5,184.0,178.0,182.5
2020/07/07,184.5,186.5,183.0,183.5
2020/07/08,186.0,187.5,184.0,184.5
2020/07/09,185.0,186.0,181.5,182.0
2020/07/10,183.0,185.0,178.0,178.5
2020/07/13,180.0,182.0,178.5,181.5
2020/07/14,181.0,182.0,178.0,178.0
2020/07/15,181.0,182.0,177.0,177.5
2020/07/16,179.0,180.0,177.0,177.5
2020/07/17,179.0,179.5,176.0,176.0
2020/07/20,176.5,177.5,173.0,177.0
2020/07/21,178.5,181.0,178.0,179.0
2020/07/22,180.0,185.0,179.5,185.0
2020/07/23,186.0,186.0,179.5,180.0
2020/07/24,180.0,182.5,177.0,177.0
2020/07/27,178.5,183.0,175.5,181.5
2020/07/28,183.0,185.0,175.0,175.0
2020/07/29,173.0,176.5,172.0,174.0
2020/07/30,175.5,177.0,173.5,177.0
2020/07/31,175.5,177.5,174.5,175.5
2020/08/03,178.5,184.0,178.0,180.0
2020/08/04,181.5,182.5,178.5,181.0
2020/08/05,182.5,185.0,181.5,184.5
2020/08/06,181.5,182.0,178.0,178.5
2020/08/07,182.0,184.5,179.0,179.0
2020/08/10,179.0,179.5,175.5,176.0
2020/08/11,179.0,183.0,177.5,179.0
2020/08/12,180.5,183.5,179.5,182.0
2020/08/13,184.0,184.5,178.5,179.0
2020/08/14,179.5,182.0,177.0,181.5
2020/08/17,183.0,185.5,182.0,183.5
2020/08/18,185.5,186.0,182.5,184.0
2020/08/19,184.5,185.0,175.0,176.0
2020/08/20,175.0,175.5,158.5,161.5
2020/08/21,164.0,166.0,160.5,165.0
2020/08/24,167.5,167.5,160.5,162.5
2020/08/25,163.5,164.5,162.0,163.5
2020/08/26,163.5,164.0,161.5,163.5
2020/08/27,164.5,166.0,162.0,163.0
2020/08/28,163.0,164.5,160.5,163.0
2020/08/31,164.0,165.0,160.0,160.0
2020/09/01,160.5,162.0,158.0,161.5
2020/09/02,162.5,163.0,159.5,160.5
2020/09/03,162.5,163.0,161.0,161.5
2020/09/04,159.0,161.0,157.5,159.0
2020/09/07,159.5,160.5,156.0,156.5
2020/09/08,158.5,161.5,157.0,160.0
2020/09/09,159.0,161.5,158.0,161.5
2020/09/10,162.5,163.0,159.5,159.5
2020/09/11,159.0,161.5,158.5,160.0
2020/09/14,161.0,166.0,160.0,165.0
2020/09/15,165.0,165.5,163.0,163.0
2020/09/16,164.0,164.5,161.5,163.0
2020/09/17,162.5,166.5,162.5,164.0
2020/09/18,165.0,165.5,163.0,164.5
2020/09/21,164.5,164.5,161.0,161.0
2020/09/22,161.0,161.0,158.5,158.5
2020/09/23,159.0,160.0,156.5,157.0
2020/09/24,154.5,155.0,149.0,149.0
2020/09/25,151.0,152.0,143.0,146.0
2020/09/28,148.0,149.0,146.5,148.5
2020/09/29,150.5,156.0,150.0,151.0
2020/09/30,151.5,155.0,149.5,154.5
2020/10/05,154.5,158.0,152.5,156.5
2020/10/06,158.0,160.0,157.0,159.5
2020/10/07,158.5,161.0,158.0,159.0
2020/10/08,162.5,163.5,160.5,161.0
2020/10/12,162.0,162.5,158.0,159.5
2020/10/13,160.0,163.5,159.0,162.0
2020/10/14,162.0,163.5,160.0,161.0
2020/10/15,160.5,161.5,159.0,159.5
2020/10/16,160.0,163.5,159.5,161.0
2020/10/19,161.5,163.0,160.5,162.0
2020/10/20,161.0,163.5,160.5,161.5
2020/10/21,162.0,164.0,161.0,161.5
2020/10/22,162.0,163.0,160.0,161.5
2020/10/23,162.0,162.5,160.5,161.5
2020/10/26,162.5,166.5,162.0,166.5
2020/10/27,167.0,167.0,163.0,165.0
2020/10/28,165.0,166.5,162.0,163.5
2020/10/29,160.5,163.0,159.0,162.0
2020/10/30,162.0,166.0,161.0,163.5
2020/11/02,164.0,165.5,162.5,165.0
2020/11/03,167.5,181.5,167.5,181.5
2020/11/04,182.5,183.0,177.5,181.0
2020/11/05,181.0,184.0,177.0,179.0
2020/11/06,181.5,181.5,178.0,178.0
2020/11/09,183.0,184.5,180.0,182.5
2020/11/10,183.0,187.0,180.0,182.0
2020/11/11,183.0,187.0,182.0,186.0
2020/11/12,187.0,190.5,185.0,185.0
2020/11/13,185.0,188.0,183.5,187.0
2020/11/16,190.0,192.0,187.0,188.0
2020/11/17,190.0,190.0,187.0,187.0
2020/11/18,188.0,189.5,186.5,187.5
2020/11/19,187.5,191.5,186.5,189.0
2020/11/20,190.0,198.0,189.5,191.5
2020/11/23,193.0,194.5,190.5,193.5
2020/11/24,195.0,199.0,191.5,191.5
2020/11/25,191.5,192.5,184.0,184.5
2020/11/26,184.5,189.5,184.0,188.5
2020/11/27,188.5,192.5,188.0,192.0
2020/11/30,193.0,196.5,192.5,194.5
2020/12/01,199.0,204.5,197.5,202.0
2020/12/02,203.0,203.5,197.5,199.0
2020/12/03,200.5,205.0,199.0,201.5
2020/12/04,203.0,203.5,200.5,203.0
2020/12/07,212.0,215.0,205.0,208.5
2020/12/08,210.0,212.0,207.5,209.5
2020/12/09,214.5,230.0,212.5,230.0
2020/12/10,230.0,244.5,228.0,235.0
2020/12/11,241.0,247.0,229.5,242.0
2020/12/14,243.0,244.0,237.0,237.5
2020/12/15,238.5,239.5,221.0,223.0
2020/12/16,229.5,234.0,228.0,230.5
2020/12/17,230.5,231.5,220.0,230.0
2020/12/18,230.0,230.5,222.0,222.5
2020/12/21,220.5,225.5,214.5,221.5
2020/12/22,220.0,225.0,215.0,215.5
2020/12/23,216.5,223.5,215.0,220.5
2020/12/24,229.0,238.0,226.0,227.0
2020/12/25,229.0,230.5,221.5,223.0
2020/12/28,223.0,224.5,219.0,222.5
2020/12/29,223.0,227.0,220.0,224.5
2020/12/30,225.5,229.0,224.0,228.5
2020/12/31,231.5,234.0,227.5,230.5
2021/01/04,231.0,232.5,227.5,230.0
2021/01/05,230.0,236.5,228.0,233.0
2021/01/06,234.5,235.5,220.5,224.0
2021/01/07,229.0,232.5,224.5,230.5
2021/01/08,234.5,246.0,232.0,238.5
2021/01/11,242.5,246.5,239.0,242.0
2021/01/12,242.5,243.0,230.0,232.5
2021/01/13,235.0,240.5,233.5,238.5
2021/01/14,238.5,241.0,231.0,240.0
2021/01/15,242.0,243.0,232.0,232.0
2021/01/18,230.5,234.5,223.5,233.5
2021/01/19,236.0,238.5,233.0,234.5
2021/01/20,234.5,235.0,224.0,225.5
2021/01/21,228.5,230.0,224.5,228.0
2021/01/22,226.5,233.5,226.5,231.5
2021/01/25,232.0,240.5,231.0,239.0
2021/01/26,242.5,245.0,232.0,232.0
2021/01/27,234.0,235.5,229.0,233.0
2021/01/28,229.0,232.5,226.0,227.0
2021/01/29,230.0,232.0,220.5,220.5
2021/02/01,222.0,229.0,215.5,229.0
2021/02/02,229.5,235.0,229.5,232.5
2021/02/03,234.0,237.0,233.0,237.0
2021/02/04,235.0,237.5,232.0,232.5
2021/02/05,235.0,237.5,234.0,236.0
2021/02/17,243.5,259.5,240.5,259.5
2021/02/18,260.0,266.5,253.0,255.5
2021/02/19,259.0,268.0,255.5,265.0
2021/02/22,269.5,287.5,267.0,279.0
2021/02/23,279.0,291.5,273.5,289.0
2021/02/24,287.5,289.0,270.5,271.5
2021/02/25,279.5,283.0,267.0,269.0
2021/02/26,259.0,264.0,253.0,254.0
2021/03/02,260.5,262.0,250.5,251.0
2021/03/03,255.0,261.0,249.0,260.5
2021/03/04,257.0,259.0,252.5,254.0
2021/03/05,248.0,255.0,247.0,249.0
2021/03/08,253.0,253.5,240.0,240.5
2021/03/09,240.0,247.0,238.0,242.0
2021/03/10,245.5,246.0,238.0,238.5
2021/03/11,244.5,261.0,243.5,258.0
2021/03/12,260.0,262.5,253.5,254.0
2021/03/15,252.0,260.5,250.5,259.0
2021/03/16,264.0,269.5,258.5,259.0
2021/03/17,260.0,261.5,254.0,255.5
2021/03/18,258.0,258.5,249.0,252.0
2021/03/19,248.0,250.0,245.5,249.0
2021/03/22,248.0,255.5,245.5,253.0
2021/03/23,253.5,255.0,248.0,249.0
2021/03/24,247.0,252.0,246.5,248.0
2021/03/25,248.5,249.5,240.5,241.5
2021/03/26,245.5,253.0,245.0,252.5
2021/03/29,254.0,255.0,250.0,251.5
2021/03/30,253.0,258.5,252.0,253.5
2021/03/31,255.0,255.0,249.5,249.5
2021/04/01,252.5,254.0,248.5,253.5
2021/04/06,257.0,257.0,253.5,255.5
2021/04/07,257.0,259.5,255.0,259.5
2021/04/08,265.0,266.5,260.0,261.0
2021/04/09,262.0,263.0,253.0,254.5
2021/04/12,255.5,256.0,250.0,250.5
2021/04/13,252.0,254.0,246.5,246.5
2021/04/14,247.5,249.0,236.5,243.0
2021/04/15,244.5,245.5,241.0,245.0
2021/04/16,246.0,248.0,242.0,246.5
2021/04/19,248.0,252.0,246.5,250.0
2021/04/20,250.0,258.0,249.5,251.5
2021/04/21,252.0,253.0,248.0,248.0
2021/04/22,250.0,251.5,240.5,240.5
2021/04/23,243.0,247.5,243.0,244.0
2021/04/26,246.0,248.0,243.5,244.5
2021/04/27,245.5,249.0,242.0,246.0
2021/04/28,246.5,247.5,242.5,244.0
2021/04/29,244.0,247.0,242.5,242.5
2021/05/03,241.0,242.0,228.5,228.5
2021/05/04,234.0,235.0,220.0,224.0
2021/05/05,226.0,227.5,213.0,214.0
2021/05/06,216.5,222.0,214.0,218.0
2021/05/07,221.5,232.5,220.5,231.0
2021/05/10,232.0,232.0,222.0,222.0
2021/05/11,214.5,216.0,202.5,205.0
2021/05/12,205.5,208.0,184.5,190.0
2021/05/13,185.5,196.5,180.5,191.5
2021/05/14,198.0,209.5,194.0,195.0
2021/05/17,180.5,193.5,177.5,184.0
2021/05/18,192.0,196.0,187.5,194.5
2021/05/19,190.5,194.0,187.5,192.5
2021/05/20,193.5,195.5,188.5,189.5
2021/05/21,196.0,202.0,190.0,192.0
2021/05/24,187.5,198.5,187.5,198.5
2021/05/25,200.5,206.5,198.5,204.5
2021/05/26,205.5,207.0,201.5,205.5
2021/05/27,204.0,205.0,201.0,201.0
2021/05/28,204.0,208.5,203.0,207.5
2021/05/31,210.0,212.5,205.5,210.0
2021/06/01,209.0,213.0,208.0,210.5
2021/06/02,211.0,212.5,203.0,204.5
2021/06/03,206.0,208.0,204.0,206.0
2021/06/04,202.0,203.0,199.0,202.0
2021/06/07,204.0,204.0,196.5,199.5
2021/06/08,201.5,204.0,201.0,203.0
2021/06/09,204.5,207.0,202.0,205.5
2021/06/10,206.5,208.5,204.5,207.5
2021/06/11,209.0,210.0,207.0,207.0
2021/06/15,208.5,220.0,207.5,218.0
2021/06/16,216.0,217.5,211.5,212.5
2021/06/17,210.0,219.5,209.0,217.0
2021/06/18,219.0,220.5,213.5,213.5
2021/06/21,212.0,212.5,206.0,207.0
2021/06/22,210.0,211.5,206.0,206.0
2021/06/23,208.0,213.0,207.5,212.0
2021/06/24,214.5,214.5,211.0,211.0
2021/06/25,213.0,215.5,211.0,212.5
2021/06/28,213.0,214.0,211.0,213.0
2021/06/29,218.0,220.0,213.5,213.5
2021/06/30,215.0,227.5,214.5,227.5
2021/07/01,222.5,222.5,214.0,214.0
2021/07/02,213.0,213.5,208.5,211.0
2021/07/05,212.5,215.0,211.0,212.0
2021/07/06,214.0,218.5,213.5,216.0
2021/07/07,217.0,221.0,214.5,218.0
2021/07/08,217.5,219.0,212.5,213.5
2021/07/09,212.0,214.5,211.0,211.0
2021/07/12,215.0,215.5,211.5,211.5
2021/07/13,214.0,217.5,212.5,213.0
2021/07/14,214.5,217.5,213.0,214.5
2021/07/15,216.0,219.0,213.5,215.5
2021/07/16,214.0,215.0,212.5,214.0
2021/07/19,213.0,213.0,208.5,211.0
2021/07/20,209.5,210.5,205.0,206.5
2021/07/21,208.5,211.0,205.0,205.0
2021/07/22,209.5,214.5,208.0,210.5
2021/07/23,215.0,215.5,208.0,209.0
2021/07/26,212.0,212.0,207.0,209.5
2021/07/27,210.5,213.0,205.5,205.5
2021/07/28,205.5,207.5,197.0,203.5
2021/07/29,205.0,206.0,201.5,204.5
2021/07/30,203.5,204.5,200.0,200.0
2021/08/02,202.0,209.0,200.5,209.0
2021/08/03,206.5,211.0,204.5,206.5
2021/08/04,207.0,208.0,205.5,206.0
2021/08/05,206.5,209.5,205.5,208.0
2021/08/06,208.0,208.0,203.0,204.5
2021/08/09,205.5,207.0,201.0,201.0
2021/08/10,202.5,203.0,197.5,197.5
2021/08/11,200.0,200.0,194.0,194.5
2021/08/12,196.0,197.5,194.5,195.0
2021/08/13,194.5,195.0,188.0,188.0
2021/08/16,185.0,189.0,184.0,188.0
2021/08/17,189.0,189.5,183.5,183.5
2021/08/18,181.5,190.5,180.5,190.0
2021/08/19,185.0,185.0,176.5,177.0
2021/08/20,178.0,180.5,173.5,178.0
2021/08/23,180.5,183.0,180.5,183.0
2021/08/24,184.0,186.5,182.5,182.5
2021/08/25,183.0,190.0,183.0,188.5
2021/08/26,190.0,190.5,184.0,185.0
2021/08/27,186.0,191.0,185.5,189.0
2021/08/30,185.5,186.5,182.5,183.5
2021/08/31,184.0,184.5,179.0,180.5
2021/09/01,183.5,187.0,182.0,186.5
2021/09/02,185.0,186.0,181.0,181.0
2021/09/03,182.5,184.0,181.5,182.0
2021/09/06,182.5,183.5,179.0,179.5
2021/09/07,180.0,181.0,178.0,178.5
2021/09/08,180.0,180.5,173.5,175.0
2021/09/09,173.0,176.5,171.5,174.0
2021/09/10,174.0,175.0,171.0,175.0
2021/09/13,175.0,175.5,172.0,172.5
2021/09/14,173.5,175.5,171.5,172.0
2021/09/15,170.5,172.0,167.0,167.5
2021/09/16,170.0,171.0,167.0,168.5
2021/09/17,167.5,171.0,167.5,170.5
2021/09/22,166.0,167.0,164.0,165.0
2021/09/23,166.5,168.5,165.5,165.5
2021/09/24,166.5,168.5,166.5,166.5
2021/09/27,166.0,167.5,163.5,163.5
2021/09/28,162.0,162.5,157.5,158.0
2021/09/29,154.5,156.0,151.0,155.0
2021/09/30,155.0,155.0,151.0,153.0
2021/10/01,152.0,154.0,147.5,149.5
2021/10/04,150.0,152.0,146.0,146.0
2021/10/05,143.0,149.5,143.0,149.0
2021/10/06,150.5,150.5,143.0,143.5
2021/10/07,145.0,151.0,145.0,150.0
2021/10/08,150.0,152.5,147.0,148.0
2021/10/12,145.5,146.0,143.5,144.0
2021/10/13,144.5,145.5,138.0,138.5
2021/10/14,140.0,143.5,138.0,142.0
2021/10/15,144.0,147.0,143.5,146.0
2021/10/18,146.0,147.0,142.0,143.0
2021/10/19,143.0,146.0,141.0,145.0
2021/10/20,144.5,148.0,144.0,147.5
2021/10/21,146.5,149.0,144.5,147.5
2021/10/22,147.5,149.0,146.0,149.0
2021/10/25,148.0,152.0,146.5,151.5
2021/10/26,151.5,153.0,150.0,150.5
2021/10/27,150.5,151.5,148.0,151.5
2021/10/28,152.0,156.0,151.5,153.5
2021/10/29,154.0,154.5,150.5,151.0
2021/11/01,151.5,152.0,149.5,150.0
2021/11/02,149.0,149.0,142.5,144.0
2021/11/03,148.5,158.0,148.0,158.0
2021/11/04,162.5,164.0,155.5,157.5
2021/11/05,156.5,157.0,153.0,154.0
2021/11/08,151.0,153.0,149.0,151.5
2021/11/09,151.5,161.0,150.5,159.0
2021/11/10,158.0,161.5,156.5,159.0
2021/11/11,157.0,159.0,156.0,156.5
2021/11/12,155.0,156.5,154.0,154.5
2021/11/15,155.0,161.0,155.0,160.0
2021/11/16,160.0,161.5,159.0,160.5
2021/11/17,161.5,172.0,160.5,171.0
2021/11/18,172.0,177.5,171.5,175.0
2021/11/19,178.0,179.5,173.5,177.5
2021/11/22,178.0,184.0,177.5,183.5
2021/11/23,183.5,183.5,179.0,180.0
2021/11/24,178.0,181.5,174.0,179.5
2021/11/25,179.0,181.5,178.0,178.5
2021/11/26,178.0,179.5,172.5,173.0
2021/11/29,169.0,178.0,166.5,176.0
2021/11/30,177.5,181.5,173.0,173.5
2021/12/01,174.5,177.5,173.0,174.5
2021/12/02,175.0,176.5,171.0,171.0
2021/12/03,172.0,173.0,170.5,172.5
2021/12/06,171.0,172.5,169.0,169.0
2021/12/07,168.0,168.5,164.0,164.0
2021/12/08,166.0,167.5,164.0,164.0
2021/12/09,164.0,167.5,164.0,167.0
2021/12/10,166.0,166.0,162.5,164.0
2021/12/13,163.5,165.0,161.5,162.0
2021/12/14,161.5,165.0,160.5,162.5
2021/12/15,163.5,169.5,163.0,167.5
2021/12/16,168.5,169.5,166.0,166.0
2021/12/17,165.0,167.5,165.0,166.5
2021/12/20,165.0,167.0,164.5,165.0
2021/12/21,166.0,168.5,164.5,167.0
2021/12/22,168.0,170.0,167.0,169.0
2021/12/23,170.5,171.0,168.5,169.0
2021/12/24,170.0,171.0,166.0,166.0
2021/12/27,167.0,169.0,165.5,167.0
2021/12/28,168.0,169.5,167.0,167.5
2021/12/29,168.5,168.5,166.0,166.5
2021/12/30,167.0,168.0,166.0,167.0
2022/01/03,168.0,171.5,166.5,171.0
2022/01/04,173.5,180.5,173.0,177.0
2022/01/05,178.0,178.0,172.0,173.0
2022/01/06,170.0,173.0,170.0,171.5
2022/01/07,172.0,173.5,166.0,167.0
2022/01/10,166.0,169.0,164.5,167.5
2022/01/11,166.0,166.0,160.0,160.5
2022/01/12,161.5,162.0,155.5,156.0
2022/01/13,156.0,157.0,153.0,154.5
2022/01/14,154.5,155.0,150.5,154.5
2022/01/17,154.5,158.5,153.0,157.0
2022/01/18,160.0,163.0,157.5,157.5
2022/01/19,156.0,158.5,155.5,156.5
2022/01/20,156.5,158.5,155.5,158.5
2022/01/21,157.0,157.0,155.0,155.5
2022/01/24,154.0,154.5,151.0,154.0
2022/01/25,152.0,153.5,151.0,151.0
2022/01/26,151.5,153.0,150.0,150.5
2022/02/07,151.0,155.5,151.0,153.5
2022/02/08,153.5,157.5,153.5,156.5
2022/02/09,157.5,159.0,156.0,158.5
2022/02/10,159.5,160.0,157.5,158.5
2022/02/11,157.0,159.5,157.0,159.5
2022/02/14,157.0,157.5,154.0,154.5
2022/02/15,154.5,157.0,154.5,155.0
2022/02/16,157.0,159.0,157.0,158.5
2022/02/17,159.0,162.0,157.5,158.5
2022/02/18,156.0,157.5,155.5,157.0
2022/02/21,156.0,158.0,154.5,157.5
2022/02/22,157.0,157.0,151.5,153.5
2022/02/23,152.0,153.5,150.5,151.5
2022/02/24,150.0,150.5,146.0,146.5
2022/02/25,148.5,149.0,146.0,146.0
2022/03/01,149.0,153.0,148.0,151.0
2022/03/02,149.0,151.5,149.0,151.0
2022/03/03,152.0,152.5,150.0,150.0
2022/03/04,148.0,149.0,147.0,148.0
2022/03/07,146.5,147.0,141.0,142.0
2022/03/08,138.0,143.0,138.0,138.0
2022/03/09,140.5,141.0,138.5,139.5
2022/03/10,142.5,144.0,141.5,142.5
2022/03/11,141.5,142.5,140.0,141.5
2022/03/14,141.5,142.5,140.5,141.5
2022/03/15,140.0,140.5,138.0,138.5
2022/03/16,140.0,140.5,135.5,136.0
2022/03/17,140.0,144.5,139.5,144.5
2022/03/18,142.0,144.0,140.5,144.0
2022/03/21,145.0,146.0,143.5,144.0
2022/03/22,144.0,145.5,143.5,145.0
2022/03/23,146.0,147.5,144.0,145.0
2022/03/24,143.5,144.5,143.0,144.0
2022/03/25,145.0,145.5,141.0,141.0
2022/03/28,139.5,141.0,138.0,140.0
2022/03/29,141.0,141.0,138.5,141.0
2022/03/30,142.0,144.5,142.0,143.5
2022/03/31,145.0,145.0,142.0,142.0
2022/04/01,140.5,141.0,139.0,141.0
2022/04/06,140.0,140.0,138.5,139.5
2022/04/07,138.5,139.0,135.5,135.5
2022/04/08,136.5,137.5,135.5,136.0
2022/04/11,136.0,136.0,128.5,128.5
2022/04/12,128.0,129.5,126.5,128.0
2022/04/13,130.0,133.0,129.5,132.0
2022/04/14,132.5,133.0,131.0,131.5
2022/04/15,130.5,130.5,128.0,129.0
2022/04/18,128.0,129.5,127.0,128.0
2022/04/19,129.5,131.5,128.5,129.5
2022/04/20,130.0,130.5,127.0,129.0
2022/04/21,130.0,132.0,129.5,132.0
2022/04/22,130.5,131.0,128.0,129.0
2022/04/25,125.5,126.0,120.5,121.5
2022/04/26,122.5,123.0,119.5,121.0
2022/04/27,117.5,121.5,116.0,121.0
2022/04/28,121.0,123.5,120.0,122.5
2022/04/29,124.0,124.5,121.5,122.5
2022/05/03,122.5,124.0,121.0,123.5
2022/05/04,121.0,121.0,117.0,117.5
2022/05/05,118.5,120.0,117.0,118.0
2022/05/06,114.0,115.0,112.5,113.0
2022/05/09,111.0,112.0,107.0,108.5
2022/05/10,106.5,110.0,105.0,109.5
2022/05/11,108.5,109.0,105.5,107.0
2022/05/12,105.0,108.0,104.0,104.0
2022/05/13,105.5,106.5,104.0,106.5
2022/05/16,107.5,108.5,106.0,106.5
2022/05/17,107.5,113.0,106.5,112.5
2022/05/18,113.5,115.5,112.0,113.0
2022/05/19,109.5,112.0,109.0,111.0
2022/05/20,112.5,113.0,110.0,111.5
2022/05/23,112.5,112.5,110.5,111.5
2022/05/24,111.5,112.0,108.0,108.0
2022/05/25,109.5,112.0,108.0,111.0
2022/05/26,112.0,113.5,110.5,111.0
2022/05/27,112.5,116.5,112.5,116.0
2022/05/30,119.0,120.0,115.5,116.5
2022/05/31,116.0,117.0,115.0,116.0
2022/06/01,116.0,118.0,115.5,116.5
2022/06/02,115.5,119.0,115.0,118.0
2022/06/06,118.5,121.0,117.0,120.0
2022/06/07,119.0,119.5,118.0,118.0
2022/06/08,119.5,120.0,117.5,118.0
2022/06/09,117.5,118.5,117.0,117.0
2022/06/10,115.5,115.5,113.0,113.5
2022/06/13,110.5,111.0,107.0,107.0
2022/06/14,105.0,108.0,105.0,107.5
2022/06/15,107.0,108.0,104.5,105.5
2022/06/16,107.0,108.0,102.5,103.0
2022/06/17,100.5,103.0,99.7,100.5
2022/06/20,100.5,101.0,94.5,94.5
2022/06/21,94.8,98.3,94.8,97.7
2022/06/22,97.9,97.9,93.1,93.1
2022/06/23,94.0,94.7,92.6,93.6
2022/06/24,95.0,96.2,94.7,95.0
2022/06/27,96.1,98.3,95.8,97.9
2022/06/28,97.7,97.7,94.8,95.2
2022/06/29,94.1,94.4,93.0,93.1
2022/06/30,92.2,92.5,89.4,89.7
2022/07/01,90.3,90.4,82.7,82.7
2022/07/04,83.8,87.4,83.6,85.8
2022/07/05,87.6,88.9,86.0,88.6
2022/07/06,88.1,89.8,87.4,87.6
2022/07/07,88.0,91.5,88.0,91.4
2022/07/08,92.6,97.5,92.2,94.5
2022/07/11,93.8,94.0,91.3,91.5
2022/07/12,90.9,92.3,90.0,90.0
2022/07/13,93.8,94.2,92.0,92.0
2022/07/14,91.8,95.9,91.0,95.9
2022/07/15,95.7,97.3,94.9,96.3
2022/07/18,97.1,99.0,96.5,99.0
2022/07/19,98.4,101.0,97.7,99.9
2022/07/20,101.0,102.0,98.7,98.8
2022/07/21,100.5,103.5,99.8,102.5
2022/07/22,103.0,104.0,101.0,102.0
2022/07/25,101.0,102.5,100.0,102.0
2022/07/26,101.5,102.5,99.5,99.5
2022/07/27,99.5,101.5,99.2,101.5
2022/07/28,102.5,102.5,99.6,101.0
2022/07/29,102.0,103.0,100.5,101.5
2022/08/01,100.5,100.5,99.1,99.4
2022/08/02,98.0,98.3,95.1,96.0
2022/08/03,96.7,98.2,96.1,96.4
2022/08/04,96.7,96.8,93.0,94.7
2022/08/05,95.5,96.6,95.1,96.2
2022/08/08,95.2,95.9,93.6,94.0
2022/08/09,93.9,94.6,92.2,93.9
2022/08/10,89.4,90.3,89.3,89.5
2022/08/11,90.5,91.9,90.5,91.5
2022/08/12,90.8,93.5,90.7,93.5
2022/08/15,93.9,95.4,93.4,94.7
2022/08/16,94.7,95.1,93.0,93.4
2022/08/17,94.0,95.0,93.2,94.8
2022/08/18,93.9,94.0,91.4,93.4
2022/08/19,92.9,95.3,92.9,94.8
2022/08/22,94.0,94.5,93.5,93.9
2022/08/23,93.7,93.7,92.0,92.6
2022/08/24,93.2,93.6,91.5,91.7
2022/08/25,92.5,94.2,92.1,94.0
2022/08/26,95.0,95.3,94.4,95.0
2022/08/29,92.0,92.5,90.1,90.2
2022/08/30,90.7,91.7,90.3,91.6
2022/08/31,90.8,93.2,90.8,93.0
2022/09/01,92.5,92.5,90.1,90.2
2022/09/02,90.7,91.1,89.8,89.9
2022/09/05,89.9,89.9,87.0,87.4
2022/09/06,87.5,88.1,86.0,86.0
2022/09/07,85.0,85.2,84.1,84.2
2022/09/08,84.9,89.0,84.3,87.4
2022/09/12,88.5,93.8,88.5,92.9
2022/09/13,93.1,93.6,92.1,92.9
2022/09/14,90.5,91.9,89.5,91.6
2022/09/15,91.5,92.8,90.5,90.5
2022/09/16,89.5,90.2,88.4,88.4
2022/09/19,88.2,88.4,86.5,87.2
2022/09/20,87.6,88.0,86.3,86.6
2022/09/21,86.0,86.5,84.8,85.4
2022/09/22,84.4,84.8,83.2,84.3
2022/09/23,84.3,85.4,83.1,83.4
2022/09/26,82.8,82.8,77.0,77.0
2022/09/27,78.7,78.7,76.6,78.1
2022/09/28,77.5,78.0,73.3,73.3
2022/09/29,75.4,76.9,73.4,75.2
2022/09/30,72.3,74.7,71.8,74.5
2022/10/03,73.1,75.3,72.4,74.0
2022/10/04,75.5,77.1,75.5,76.9
2022/10/05,78.0,79.2,77.5,78.2
2022/10/06,78.5,79.5,77.6,78.9
2022/10/07,78.7,79.4,77.9,78.4
2022/10/11,76.5,76.6,74.5,74.6
2022/10/12,74.6,75.7,73.5,74.8
2022/10/13,74.0,74.6,71.6,71.9
2022/10/14,73.1,75.8,73.1,75.3
2022/10/17,74.2,76.9,72.8,76.9
2022/10/18,77.7,79.9,76.8,79.0
2022/10/19,78.8,79.9,77.6,78.0
2022/10/20,76.7,76.9,74.8,75.3
2022/10/21,75.2,75.6,73.5,73.5
2022/10/24,75.8,77.5,75.4,76.8
2022/10/25,76.8,78.6,76.1,77.0
2022/10/26,76.6,77.9,76.3,77.0
2022/10/27,78.2,79.2,77.8,79.0
2022/10/28,78.5,79.3,73.0,73.1
2022/10/31,74.2,79.3,73.6,79.0
2022/11/01,78.5,81.7,77.8,81.5
2022/11/02,80.6,80.6,78.3,79.5
2022/11/03,78.0,81.1,78.0,80.6
2022/11/04,80.0,81.7,79.7,81.7
2022/11/07,82.0,82.5,80.2,81.4
2022/11/08,81.6,82.8,81.0,81.2
2022/11/09,82.5,84.9,81.7,84.1
2022/11/10,83.5,84.8,83.4,84.7
2022/11/11,88.2,89.7,85.2,85.6
2022/11/14,86.3,87.1,85.3,86.6
2022/11/15,86.0,88.5,86.0,88.4
2022/11/16,88.0,88.2,86.7,87.3
2022/11/17,86.8,88.8,86.8,88.4
2022/11/18,88.2,88.8,86.6,86.9
2022/11/21,86.1,87.3,85.2,85.2
2022/11/22,84.8,85.7,84.4,84.7
2022/11/23,85.5,86.0,84.2,84.2
2022/11/24,85.0,86.7,84.7,86.4
2022/11/25,86.6,86.7,85.2,85.2
2022/11/28,84.4,84.8,83.3,84.1
2022/11/29,84.9,85.7,83.0,85.4
2022/11/30,85.4,87.7,84.9,87.3
2022/12/01,88.4,89.6,87.7,87.9
2022/12/02,87.6,88.8,87.3,88.4
2022/12/05,89.3,90.6,88.9,89.0
2022/12/06,88.6,88.8,85.4,85.8
2022/12/07,85.2,85.8,82.9,83.4
2022/12/08,82.7,82.9,81.6,82.4
2022/12/09,82.8,83.5,81.9,82.1
2022/12/12,81.3,84.7,80.6,84.5
2022/12/13,83.4,83.6,81.8,81.9
2022/12/14,82.4,83.2,81.9,83.2
2022/12/15,83.0,83.7,82.8,82.8
2022/12/16,81.5,81.7,80.5,81.0
2022/12/19,80.7,81.5,80.2,80.5
2022/12/20,80.5,81.3,78.0,78.0
2022/12/21,78.5,78.8,77.2,77.5
2022/12/22,79.1,80.3,78.5,79.8
2022/12/23,78.1,79.1,77.6,78.7
2022/12/26,79.3,79.4,78.1,79.0
2022/12/27,79.3,80.7,79.2,79.9
2022/12/28,79.3,79.3,78.4,78.5
2022/12/29,78.0,79.1,77.4,78.2
2022/12/30,79.4,79.7,78.4,79.0
2023/01/03,78.8,79.6,78.2,79.2
2023/01/04,79.5,81.0,79.5,80.9
2023/01/05,81.4,82.2,81.0,81.0
2023/01/06,81.2,82.7,80.5,82.4
2023/01/09,83.7,85.6,83.5,85.6
2023/01/10,86.0,86.0,84.8,86.0
2023/01/11,86.9,86.9,85.0,85.6
2023/01/12,85.8,86.4,85.2,85.8
2023/01/13,86.8,86.8,84.0,84.1
2023/01/16,84.9,85.8,84.3,84.5
2023/01/17,84.5,84.5,83.2,84.0
2023/01/30,86.5,87.7,85.6,87.7
2023/01/31,87.7,90.0,87.6,89.9
2023/02/01,91.0,98.8,90.5,98.8
2023/02/02,102.5,104.5,99.0,101.5
2023/02/03,100.5,102.0,99.9,100.0
2023/02/06,99.3,101.0,98.3,98.7
2023/02/07,98.2,98.7,97.0,98.5
2023/02/08,99.1,99.9,98.3,98.7
2023/02/09,97.7,97.7,94.4,94.8
2023/02/10,94.8,94.8,93.0,93.0
2023/02/13,92.6,93.7,91.6,93.7
2023/02/14,94.1,95.8,93.5,95.7
2023/02/15,95.5,96.0,93.4,93.9
2023/02/16,94.5,100.5,94.3,100.5
2023/02/17,99.5,102.5,98.6,101.0
2023/02/20,101.5,102.5,100.0,100.5
2023/02/21,102.0,102.5,100.5,101.0
2023/02/22,99.5,99.8,98.1,98.1
2023/02/23,99.0,101.5,98.7,101.0
2023/02/24,101.0,101.5,99.4,100.5
2023/03/01,99.6,99.7,95.8,97.1
2023/03/02,97.8,98.5,95.9,95.9
2023/03/03,97.1,98.7,97.0,97.6
2023/03/06,98.8,102.0,98.7,102.0
2023/03/07,102.5,103.0,101.0,102.0
2023/03/08,100.5,102.0,100.0,100.5
2023/03/09,101.5,101.5,98.3,98.7
2023/03/10,97.5,97.6,94.5,95.3
2023/03/13,94.5,95.5,93.2,95.0
2023/03/14,94.2,94.3,93.2,93.5
2023/03/15,94.7,95.5,93.9,94.7
2023/03/16,94.3,95.1,91.7,92.9
2023/03/17,93.6,94.1,92.1,92.9
2023/03/20,93.2,94.3,93.2,94.1
2023/03/21,94.8,95.2,94.2,94.2
2023/03/22,94.9,95.4,94.3,95.2
2023/03/23,95.4,96.9,94.7,96.2
2023/03/24,97.4,98.4,96.5,98.0
2023/03/27,98.0,98.3,96.5,96.6
2023/03/28,96.6,96.9,94.4,94.8
2023/03/29,94.6,95.3,93.3,94.1
2023/03/30,95.0,96.3,95.0,95.5
2023/03/31,95.9,99.0,95.5,96.7
2023/04/06,96.7,96.7,93.5,94.7
2023/04/07,94.7,95.2,94.0,94.7
2023/04/10,96.2,103.5,96.2,100.0
2023/04/11,101.5,103.0,100.0,102.5
2023/04/12,103.0,112.0,102.0,110.0
2023/04/13,110.5,113.0,107.5,109.0
2023/04/14,111.5,113.5,108.0,110.5
2023/04/17,111.5,111.5,106.5,107.0
2023/04/18,107.5,110.0,105.5,106.0
2023/04/19,107.5,108.0,102.5,103.0
2023/04/20,103.0,105.0,101.5,102.0
2023/04/21,102.5,103.5,97.0,97.1
2023/04/24,96.7,98.9,95.9,96.7
2023/04/25,97.0,97.4,92.2,93.3
2023/04/26,93.2,94.5,92.6,94.0
2023/04/27,94.0,94.8,92.2,93.7
2023/04/28,95.6,96.8,95.0,95.4
2023/05/02,95.7,96.3,94.6,95.9
2023/05/03,95.4,95.5,93.8,94.6
2023/05/04,94.0,94.9,93.6,94.3
2023/05/05,96.2,102.5,96.1,102.0
2023/05/08,102.5,104.0,98.5,99.8
2023/05/09,99.7,101.0,97.6,99.0
2023/05/10,99.6,100.5,98.5,98.7
2023/05/11,99.6,100.5,96.6,96.6
2023/05/12,96.0,96.4,94.7,95.7
2023/05/15,95.2,95.4,93.8,95.2
2023/05/16,95.9,99.0,95.9,98.2
2023/05/17,97.8,99.7,97.8,98.4
2023/05/18,99.4,100.5,99.1,100.0
2023/05/19,101.5,102.0,98.5,98.6
2023/05/22,99.0,101.0,99.0,100.5
2023/05/23,101.0,101.0,99.0,100.0
2023/05/24,100.0,100.5,99.0,100.0
2023/05/25,100.5,101.0,98.6,99.5
2023/05/26,100.0,100.5,99.1,100.5
2023/05/29,101.5,101.5,100.0,101.0
2023/05/30,102.0,102.0,99.8,100.0
2023/05/31,100.5,105.0,100.0,104.0
2023/06/01,104.0,104.0,102.5,102.5
2023/06/02,104.0,106.0,103.5,105.5
2023/06/05,106.5,106.5,102.5,104.5
2023/06/06,104.5,104.5,99.0,99.0
2023/06/07,99.4,99.8,98.2,99.1
2023/06/08,99.0,99.0,95.0,95.1
2023/06/09,96.0,96.3,95.2,96.1
2023/06/12,95.7,95.7,94.0,94.8
2023/06/13,95.5,96.4,95.0,96.1
2023/06/14,96.1,96.8,95.4,95.7
2023/06/15,95.5,96.9,95.5,96.8
2023/06/16,97.1,97.4,94.8,95.8
2023/06/19,95.9,96.1,95.1,95.3
2023/06/20,95.6,95.8,94.6,94.8
2023/06/21,95.6,97.0,94.8,94.9
2023/06/26,94.3,95.4,94.0,94.8
2023/06/27,94.8,95.2,93.3,93.6
2023/06/28,94.1,94.6,93.3,93.7
2023/06/29,94.7,98.5,94.2,96.8
2023/06/30,97.1,97.4,95.1,95.4
2023/07/03,95.9,97.1,95.8,96.5
2023/07/04,96.4,96.9,95.5,96.6
2023/07/05,96.7,98.2,95.9,96.1
2023/07/06,96.0,96.2,94.8,94.8
2023/07/07,94.2,95.3,93.3,94.7
2023/07/10,95.0,95.5,94.2,94.3
2023/07/11,95.1,96.8,95.1,96.6
2023/07/12,96.2,96.9,95.6,95.6
2023/07/13,96.0,98.9,96.0,96.4
2023/07/14,97.5,98.2,97.1,97.9
2023/07/17,98.5,101.0,96.2,100.5
2023/07/18,102.5,102.5,98.9,99.3
2023/07/19,100.5,101.0,98.3,98.5
2023/07/20,98.0,100.5,98.0,99.8
2023/07/21,99.5,99.5,96.7,97.3
2023/07/24,97.1,97.1,94.0,94.1
2023/07/25,94.5,96.0,94.4,95.0
2023/07/26,95.6,95.6,93.5,94.0
2023/07/27,94.5,95.9,94.2,95.9
2023/07/28,93.6,97.0,93.1,95.7
2023/07/31,96.4,97.8,94.7,94.9
2023/08/01,94.9,97.4,94.6,94.7
2023/08/02,94.4,95.7,93.2,93.3
2023/08/04,93.1,93.6,92.2,93.0
2023/08/07,93.0,93.3,91.8,92.7
2023/08/08,92.8,93.0,91.3,91.3
2023/08/09,91.2,91.6,90.0,90.3
2023/08/10,91.5,91.5,90.0,90.0
2023/08/11,90.8,93.9,90.4,91.5
2023/08/14,91.5,92.3,90.7,91.1
2023/08/15,92.0,92.2,91.0,91.1
2023/08/16,90.7,91.4,89.3,91.3
2023/08/17,90.3,94.8,90.2,94.0
2023/08/18,93.5,96.8,93.4,94.5
2023/08/21,94.9,95.9,94.4,94.9
2023/08/22,96.2,97.3,95.6,96.3
2023/08/23,96.0,96.9,95.5,95.5
2023/08/24,96.4,96.5,94.3,95.4
2023/08/25,94.4,95.9,94.3,95.0
2023/08/28,95.7,96.3,94.8,94.9
2023/08/29,96.0,96.0,94.6,95.8
2023/08/30,96.3,96.5,95.8,95.9
2023/08/31,96.0,98.8,95.8,98.6
2023/09/01,99.9,108.0,99.4,108.0
2023/09/04,110.0,113.0,106.0,107.0
2023/09/05,107.0,110.0,106.0,107.5
2023/09/06,108.5,111.0,105.5,111.0
2023/09/07,109.5,111.0,105.5,106.5
2023/09/08,106.0,107.0,104.0,106.0
2023/09/11,106.5,108.0,104.5,105.0
2023/09/12,105.0,107.0,103.5,106.0
2023/09/13,106.5,108.0,105.0,105.5
2023/09/14,106.0,107.0,105.5,107.0
2023/09/15,107.0,109.0,106.0,108.0
2023/09/18,108.0,110.0,106.5,108.0
2023/09/19,109.0,111.0,105.0,106.0
2023/09/20,106.5,108.0,102.5,103.5
2023/09/21,102.5,102.5,98.9,99.6
2023/09/22,99.4,104.0,98.4,103.5
2023/09/25,103.5,104.0,102.5,103.0
2023/09/26,102.5,103.5,101.5,101.5
2023/09/27,101.0,102.5,100.0,102.0
2023/09/28,102.5,103.5,101.5,102.5
2023/10/02,103.5,104.5,103.0,103.5
2023/10/03,103.0,103.0,100.5,100.5
2023/10/04,99.6,100.0,98.8,99.3
2023/10/05,99.5,101.0,99.5,100.0
2023/10/06,100.5,100.5,99.7,99.9
2023/10/11,101.5,102.5,100.0,102.0
2023/10/12,102.5,108.0,102.0,108.0
2023/10/13,106.5,108.5,105.5,108.0
2023/10/16,107.0,108.5,106.5,108.5
2023/10/17,109.0,109.5,107.0,107.0
2023/10/18,107.5,107.5,104.5,105.5
2023/10/19,105.0,107.0,104.0,106.0
2023/10/20,105.0,106.5,103.0,106.5
2023/10/23,105.5,108.0,105.5,106.5
2023/10/24,107.0,108.5,106.0,108.5
2023/10/25,109.5,110.0,107.5,107.5
2023/10/26,105.0,105.5,103.0,103.5
2023/10/27,104.0,106.0,102.5,103.0
2023/10/30,102.5,106.0,102.5,104.5
2023/10/31,105.0,107.5,104.0,104.5
2023/11/01,110.0,114.5,109.5,111.0
2023/11/02,112.5,122.0,111.0,118.5
2023/11/03,123.0,125.0,120.5,122.0
2023/11/06,123.5,125.0,121.0,123.5
2023/11/07,122.5,127.0,122.0,124.5
2023/11/08,127.0,127.5,122.5,123.5
2023/11/09,123.5,125.5,123.0,124.0
2023/11/10,123.0,123.5,119.5,121.5
2023/11/13,123.5,123.5,120.0,121.5
2023/11/14,122.0,122.0,116.0,116.5
2023/11/15,118.5,118.5,116.5,117.0
2023/11/16,117.5,118.5,116.5,117.0
2023/11/17,117.5,120.0,116.5,119.5
2023/11/20,118.0,118.0,115.5,116.0
2023/11/21,117.0,118.0,116.0,116.5
2023/11/22,116.5,120.5,115.5,120.0
2023/11/23,120.5,123.0,119.0,122.0
2023/11/24,122.5,129.0,122.0,124.0
2023/11/27,124.0,125.0,119.5,120.0
2023/11/28,120.5,127.5,120.5,127.0
2023/11/29,133.0,139.5,132.0,139.5
2023/11/30,140.0,141.0,136.0,136.5
2023/12/01,136.5,143.5,135.5,140.0
2023/12/04,141.5,143.5,139.5,140.5
2023/12/05,142.0,142.5,136.0,136.5
2023/12/06,137.5,138.5,133.5,134.0
2023/12/07,134.5,136.0,132.5,133.0
2023/12/08,134.0,135.5,129.5,132.5
2023/12/11,135.0,139.5,133.5,134.5
2023/12/12,136.0,136.5,131.5,132.0
2023/12/13,134.0,135.0,132.0,132.5
2023/12/14,135.5,138.5,133.5,134.0
2023/12/15,134.5,134.5,130.5,130.5
2023/12/18,130.5,131.5,127.5,128.5
2023/12/19,128.5,129.5,124.0,125.0
2023/12/20,126.0,126.5,123.5,124.5
2023/12/21,123.0,125.0,122.0,123.5
2023/12/22,124.5,124.5,121.5,122.0
2023/12/25,123.0,125.0,123.0,124.0
2023/12/26,124.5,125.5,121.5,122.5
2023/12/27,122.5,123.5,121.5,122.0
2023/12/28,123.0,124.5,122.0,123.0
2023/12/29,123.0,123.0,121.0,123.0
2024/01/02,125.0,125.5,121.0,121.0
2024/01/03,121.0,121.0,117.5,118.0
2024/01/04,118.0,119.0,115.5,116.0
2024/01/05,117.0,117.0,115.5,116.0
2024/01/08,116.5,117.5,114.0,114.0
2024/01/09,115.5,115.5,112.5,113.0
2024/01/10,113.5,113.5,111.0,111.5
2024/01/11,112.5,113.0,110.5,112.5
2024/01/12,112.5,112.5,109.0,110.0
2024/01/15,110.5,115.0,109.5,114.5
2024/01/16,112.5,113.0,111.0,111.0
2024/01/17,112.5,116.0,106.5,107.0
2024/01/18,107.5,108.5,106.0,107.0
2024/01/19,107.5,108.5,105.5,107.5
2024/01/22,108.5,109.0,107.0,108.0
2024/01/23,108.5,110.5,108.5,110.0
2024/01/24,110.0,111.0,109.0,109.0
2024/01/25,110.0,110.5,108.0,108.5
2024/01/26,108.0,109.5,107.0,108.0
2024/01/29,108.0,111.0,107.0,110.5
2024/01/30,110.5,110.5,107.5,108.0
2024/01/31,108.0,108.5,107.0,108.0
2024/02/01,108.5,108.5,107.0,108.0
2024/02/02,109.0,109.5,108.0,109.0
2024/02/05,109.5,109.5,107.5,108.0
2024/02/15,110.0,112.0,108.5,111.5
2024/02/16,112.0,112.5,109.5,112.5
2024/02/19,112.5,115.0,111.5,114.0
2024/02/20,114.0,114.0,112.0,112.5
2024/02/21,112.5,114.5,112.0,113.0
2024/02/22,113.5,114.0,111.5,113.0
2024/02/23,114.0,114.0,111.5,111.5
2024/02/26,110.5,111.5,108.5,111.5
2024/02/27,111.0,113.0,108.5,108.5
2024/02/29,110.0,114.5,109.5,112.0
2024/03/01,112.5,113.0,110.0,110.5
2024/03/04,112.5,112.5,109.0,109.0
2024/03/05,109.5,110.5,108.0,108.0
2024/03/06,107.0,108.5,106.0,107.0
2024/03/07,107.5,108.0,104.0,104.5
2024/03/08,104.5,106.5,102.0,102.5
2024/03/11,102.0,105.0,102.0,104.0
2024/03/12,104.5,106.0,104.0,105.5
2024/03/13,105.5,106.0,103.0,103.5
2024/03/14,104.5,108.5,102.5,107.5
2024/03/15,106.5,108.0,106.0,106.5
2024/03/18,107.5,108.5,106.5,107.5
2024/03/19,107.5,108.5,107.0,108.0
2024/03/20,109.0,111.0,107.0,107.0
2024/03/21,108.0,109.5,107.0,109.0
2024/03/22,108.0,109.5,107.0,109.5
2024/03/25,110.5,112.0,109.0,109.5
2024/03/26,110.0,111.0,107.5,109.0
2024/03/27,109.5,109.5,108.5,109.0
2024/03/28,109.5,113.5,109.5,111.5
2024/03/29,113.0,117.5,112.0,113.0
2024/04/01,113.5,124.0,113.0,124.0
2024/04/02,125.0,126.0,120.5,120.5
2024/04/03,119.0,122.0,118.0,119.0
2024/04/08,121.5,123.0,118.0,118.0
2024/04/09,118.5,119.5,116.5,117.5
2024/04/10,118.0,119.5,117.5,117.5
2024/04/11,116.5,116.5,113.5,113.5
2024/04/12,114.0,116.5,113.5,114.5
2024/04/15,113.0,114.0,110.0,110.0
2024/04/16,108.5,109.5,104.5,104.5
2024/04/17,106.0,106.5,104.5,105.0
2024/04/18,104.5,107.5,103.5,106.5
2024/04/19,105.5,108.5,102.5,104.0
2024/04/22,104.5,109.0,104.0,106.5
2024/04/23,107.5,108.5,105.0,107.5
2024/04/24,108.0,110.5,108.0,110.5
2024/04/25,109.0,109.0,107.5,107.5
2024/04/26,107.5,108.5,107.0,107.0
2024/04/29,108.5,114.5,108.5,114.5
2024/04/30,114.0,114.0,111.0,111.5
2024/05/02,111.5,112.5,110.5,112.5
2024/05/03,116.5,121.0,115.5,117.0
2024/05/06,118.5,119.0,115.5,116.0
2024/05/07,117.0,117.5,113.0,115.0
2024/05/08,115.5,116.5,113.5,115.0
2024/05/09,115.0,115.5,113.0,113.0
2024/05/10,114.0,114.5,112.0,113.0
2024/05/13,114.0,115.0,113.0,114.5
2024/05/14,114.0,116.0,114.0,115.0
2024/05/15,115.5,116.0,111.0,111.5
2024/05/16,112.5,114.5,112.5,113.5
2024/05/17,114.0,114.0,111.0,112.0
2024/05/20,113.5,113.5,110.0,110.5
2024/05/21,111.0,111.0,108.5,110.0
2024/05/22,111.5,113.0,110.5,113.0
2024/05/23,113.0,113.5,109.0,109.5
2024/05/24,108.5,111.5,108.0,111.0
2024/05/27,112.5,118.0,112.5,116.5
2024/05/28,117.0,117.5,115.0,116.0
2024/05/29,117.0,117.0,114.5,114.5
2024/05/30,113.0,114.0,112.0,112.0
2024/05/31,113.0,119.0,113.0,114.5
2024/06/03,116.5,117.0,114.5,115.0
2024/06/04,115.0,115.0,111.5,112.5
2024/06/05,113.0,114.5,112.0,112.5
2024/06/06,113.5,113.5,109.5,110.5
2024/06/07,111.5,115.0,111.5,113.5
2024/06/11,113.5,114.0,110.5,111.0
2024/06/12,111.5,112.0,109.5,111.0
2024/06/13,111.5,113.0,111.0,112.5
2024/06/14,113.5,121.0,113.5,118.0
2024/06/17,117.5,120.0,116.0,119.5
2024/06/18,120.5,120.5,117.5,119.0
2024/06/19,119.5,120.0,117.0,117.0
2024/06/20,118.0,118.5,117.0,118.0
2024/06/21,119.5,123.0,118.5,121.0
2024/06/24,121.5,123.5,119.5,119.5
2024/06/25,120.5,121.5,117.0,119.5
2024/06/26,120.0,121.5,117.5,118.5
2024/06/27,117.5,118.5,116.0,116.5
2024/06/28,116.5,120.0,116.5,118.0
2024/07/01,118.5,119.0,116.0,116.5
2024/07/02,116.5,117.0,115.0,115.5
2024/07/03,116.5,120.5,116.5,118.5
2024/07/04,119.5,119.5,117.5,119.0
2024/07/05,120.0,122.0,119.0,121.5
2024/07/08,122.5,122.5,118.5,119.5
2024/07/09,120.5,121.0,116.5,118.0
2024/07/10,116.5,121.0,116.5,119.0
2024/07/11,120.0,130.0,118.0,127.0
2024/07/12,125.0,126.5,122.5,123.5
2024/07/15,125.0,125.0,121.0,124.0
2024/07/16,130.0,132.5,125.5,127.0
2024/07/17,127.0,130.0,127.0,128.0
2024/07/18,125.0,128.0,122.5,126.0
2024/07/19,124.0,125.0,120.0,120.0
2024/07/22,120.0,121.0,114.0,115.0
2024/07/23,116.0,117.0,115.0,115.5
2024/07/26,110.5,115.5,109.5,114.5
2024/07/29,115.5,117.0,111.0,111.0
2024/07/30,110.5,113.0,109.0,113.0
2024/07/31,112.5,117.0,112.5,114.0
2024/08/01,115.5,117.0,114.5,117.0
2024/08/02,115.0,116.5,112.5,113.0
2024/08/05,108.5,108.5,102.0,102.0
2024/08/06,104.5,105.5,95.1,101.0
2024/08/07,101.0,105.5,100.5,105.0
2024/08/08,103.0,105.0,102.0,102.5
2024/08/09,106.0,108.0,104.0,104.5
2024/08/12,106.0,108.0,106.0,106.5
2024/08/13,108.5,108.5,106.0,107.0
2024/08/14,108.0,110.0,107.5,109.0
2024/08/15,109.0,109.0,107.0,107.0
2024/08/16,109.0,111.0,108.5,109.0
2024/08/19,109.5,110.0,108.0,109.5
2024/08/20,109.5,110.5,108.5,108.5
2024/08/21,108.0,109.0,106.0,107.0
2024/08/22,107.5,108.0,106.0,106.5
2024/08/23,106.0,107.5,105.0,107.5
2024/08/26,108.5,110.5,108.0,109.0
2024/08/27,109.0,109.5,107.5,109.0
2024/08/28,110.0,110.0,107.5,108.0
2024/08/29,107.5,110.0,107.5,110.0
2024/08/30,110.0,111.0,109.0,110.5
2024/09/02,110.5,110.5,109.0,109.5
2024/09/03,110.0,110.0,107.0,107.0
2024/09/04,102.5,103.5,100.0,102.0
2024/09/05,103.5,104.0,100.5,100.5
2024/09/06,101.5,102.5,100.5,101.0
2024/09/09,98.7,101.0,98.6,100.5
2024/09/10,102.0,102.0,97.5,98.0
2024/09/11,98.1,101.0,98.1,99.5
2024/09/12,103.0,104.5,102.0,102.0
2024/09/13,103.0,103.5,102.0,102.5
2024/09/16,102.5,104.0,102.5,103.0
2024/09/18,103.0,103.5,100.5,101.0
2024/09/19,102.0,104.5,101.5,103.5
2024/09/20,105.0,105.5,103.5,104.0
2024/09/23,105.0,106.5,104.5,105.5
2024/09/24,106.0,108.0,104.5,107.5
2024/09/25,106.5,109.5,105.0,109.0
2024/09/26,112.0,113.0,109.0,109.5
2024/09/27,110.5,110.5,108.5,109.5
2024/09/30,109.5,110.0,107.5,108.0
2024/10/01,108.0,109.0,106.5,107.0
2024/10/04,106.5,107.5,105.0,105.5
2024/10/07,107.0,107.5,106.0,106.5
2024/10/08,106.0,106.5,104.0,105.0
2024/10/09,106.0,107.0,104.5,104.5
2024/10/11,105.5,105.5,104.0,104.0
2024/10/14,104.5,105.5,103.5,105.0
2024/10/15,106.5,108.0,106.0,106.0
2024/10/16,104.5,105.5,104.0,104.5
2024/10/17,105.0,107.0,105.0,106.0
2024/10/18,107.0,107.5,105.0,105.0
2024/10/21,105.5,107.0,105.5,106.5
2024/10/22,107.5,107.5,106.0,107.5
2024/10/23,107.0,107.5,105.5,105.5
2024/10/24,105.0,106.0,104.5,104.5
2024/10/25,105.0,106.0,104.5,106.0
2024/10/28,105.5,106.0,104.0,105.0
2024/10/29,104.5,104.5,102.0,102.5
2024/10/30,103.0,104.0,100.5,101.0
2024/11/01,98.5,102.0,98.4,102.0
2024/11/04,101.5,102.0,100.5,101.0
2024/11/05,100.5,101.5,99.8,99.8
2024/11/06,100.0,101.5,99.8,100.0
2024/11/07,100.5,105.0,100.5,103.5
2024/11/08,105.0,105.5,102.0,102.5
2024/11/11,101.0,101.5,100.0,101.0
2024/11/12,99.6,100.0,98.5,98.9
2024/11/13,98.9,99.4,97.2,98.6
2024/11/14,98.7,99.2,95.5,95.5
2024/11/15,96.5,98.4,95.6,95.9
2024/11/18,95.9,96.0,93.5,93.8
2024/11/19,94.2,95.6,93.8,95.5
2024/11/20,95.5,96.0,94.0,94.0
2024/11/21,94.0,95.6,93.8,94.9
2024/11/22,95.5,97.7,95.5,96.5
2024/11/25,97.6,98.5,97.0,98.3
2024/11/26,98.7,99.2,97.0,97.2
2024/11/27,97.2,97.2,94.1,94.1
2024/11/28,94.2,94.5,91.9,92.9
2024/11/29,92.6,94.4,91.5,94.2
2024/12/02,95.1,95.8,94.1,94.1
2024/12/03,95.4,97.6,95.1,96.7
2024/12/04,96.7,103.0,96.4,102.0
2024/12/05,103.5,106.0,100.5,100.5
2024/12/06,100.0,101.0,99.2,99.2
2024/12/09,99.2,100.5,97.6,97.6
2024/12/10,97.3,100.5,97.0,97.0
2024/12/11,96.5,97.8,95.6,96.1
2024/12/12,96.6,97.4,95.0,95.0
2024/12/13,94.4,94.5,92.4,93.0
2024/12/16,93.2,94.0,91.5,91.6
2024/12/17,92.1,94.3,92.1,92.2
2024/12/18,92.3,94.2,91.9,93.4
2024/12/19,91.9,93.0,91.7,91.9
2024/12/20,91.9,92.6,90.9,91.0
2024/12/23,92.2,93.8,92.2,93.0
2024/12/24,94.1,94.1,92.6,92.7
2024/12/25,93.0,93.6,92.8,93.2
2024/12/26,93.8,95.7,93.8,94.3
2024/12/27,94.3,94.5,93.7,94.1
2024/12/30,94.2,94.2,92.4,92.6
2024/12/31,91.8,92.5,91.3,92.5
2025/01/02,92.5,93.1,91.3,91.6
2025/01/03,92.9,95.4,92.9,93.0
2025/01/06,93.8,95.0,93.2,94.7
2025/01/07,95.6,96.0,93.6,93.6
2025/01/08,93.3,94.4,93.2,94.0
2025/01/09,94.5,94.5,90.5,90.7
2025/01/10,90.2,91.4,89.6,89.7
2025/01/13,88.6,88.6,85.7,86.6
2025/01/14,86.6,90.0,86.6,89.5
2025/01/15,90.3,92.2,90.0,91.3
2025/01/16,92.0,93.5,91.3,93.0
2025/01/17,93.0,94.6,91.8,94.0
2025/01/20,93.5,93.5,92.4,92.4
2025/01/21,92.9,93.8,92.8,93.1
2025/01/22,93.8,93.8,92.3,92.9
2025/02/03,91.1,92.3,89.8,90.6
2025/02/04,91.5,94.6,91.1,92.5
2025/02/05,93.4,97.7,93.3,95.5
2025/02/06,97.0,97.9,95.0,95.4
2025/02/07,94.8,95.9,94.6,95.8
2025/02/10,95.6,97.2,95.2,96.0
2025/02/11,96.2,96.9,95.1,95.1
2025/02/12,95.9,96.2,94.2,94.3
2025/02/13,95.1,97.7,95.1,97.3
2025/02/14,97.3,97.4,96.4,97.0
2025/02/17,97.5,97.8,96.5,97.0
2025/02/18,97.6,97.6,96.7,97.5
2025/02/19,97.5,98.6,96.8,96.8
2025/02/20,96.9,98.0,96.7,96.8
2025/02/21,98.0,99.0,97.4,98.8
2025/02/24,98.5,99.5,97.6,98.3
2025/02/25,97.5,98.0,96.9,97.2
2025/02/26,97.1,97.3,96.2,96.6
2025/02/27,97.3,97.7,95.4,95.9
2025/03/03,94.8,95.8,94.0,94.7
2025/03/04,93.2,95.7,92.6,95.6
2025/03/05,94.9,96.6,94.6,96.6
2025/03/06,96.2,96.8,95.7,96.2
2025/03/07,95.3,96.0,94.9,94.9
2025/03/10,94.9,95.1,94.3,94.5
2025/03/11,92.7,93.6,90.6,93.5
2025/03/12,94.1,96.0,93.4,95.4
2025/03/13,95.6,96.5,93.3,93.4
2025/03/14,94.0,95.6,93.4,95.2
2025/03/17,95.5,96.8,95.5,95.6
2025/03/18,96.5,97.3,96.1,96.5
2025/03/19,97.0,97.3,95.3,95.4
2025/03/20,96.7,97.7,96.3,97.7
2025/03/21,97.4,97.7,96.6,97.7
2025/03/24,97.7,98.3,96.1,96.4
2025/03/25,97.7,98.0,95.8,95.8
2025/03/26,95.8,96.8,95.8,96.8
2025/03/27,96.7,96.7,94.8,95.6
2025/03/28,95.5,95.5,91.9,92.1
2025/03/31,88.6,89.3,86.1,86.5
2025/04/01,87.5,88.6,87.0,88.2
2025/04/02,88.1,91.9,87.3,91.1
2025/04/07,82.0,82.0,82.0,82.0
2025/04/08,74.0,76.4,73.8,73.8
2025/04/09,70.3,71.2,66.5,66.5
2025/04/10,73.1,73.1,72.2,73.1
2025/04/11,70.2,74.0,67.3,74.0
2025/04/14,75.8,78.3,75.2,76.0
2025/04/15,77.4,79.9,77.0,79.9
2025/04/16,79.2,79.2,77.2,77.2
2025/04/17,76.1,77.6,75.7,77.0
2025/04/18,80.0,80.3,76.8,76.9
2025/04/21,77.5,77.6,75.2,75.2
2025/04/22,74.3,75.6,73.6,74.0
2025/04/23,76.1,77.1,75.9,76.5
2025/04/24,77.2,77.2,76.0,76.2
2025/04/25,78.4,78.8,77.2,77.5
2025/04/28,78.0,78.5,77.6,78.0
2025/04/29,78.1,79.4,77.8,79.1
2025/04/30,79.2,80.1,78.0,78.1
2025/05/02,79.3,79.7,78.7,79.3
2025/05/05,79.3,80.0,75.2,76.8
2025/05/06,76.8,80.2,76.6,79.0
2025/05/07,79.7,83.5,79.0,82.2
2025/05/08,83.5,85.4,82.3,82.8
2025/05/09,82.5,83.2,81.8,82.3
2025/05/12,82.3,83.7,82.3,83.1
2025/05/13,84.8,84.8,83.1,83.5
2025/05/14,84.1,84.5,83.5,84.5
2025/05/15,85.0,85.0,83.7,84.0
2025/05/16,84.1,84.7,83.7,84.3
2025/05/19,83.5,83.8,82.0,82.1
2025/05/20,82.3,82.9,81.6,81.8
2025/05/21,82.6,83.2,82.0,83.2
2025/05/22,82.5,82.6,81.6,82.6
2025/05/23,82.6,82.6,81.8,81.9
2025/05/26,81.3,82.3,81.3,81.8
2025/05/27,81.8,82.6,81.2,81.3
2025/05/28,82.3,82.9,80.7,81.5
2025/05/29,82.3,83.3,81.4,81.8
2025/06/02,80.7,80.7,78.1,78.5
2025/06/03,79.6,79.6,78.1,78.3
2025/06/04,78.5,81.3,78.5,80.7
2025/06/05,80.3,81.3,79.8,80.1
2025/06/06,80.3,81.3,80.2,81.2
2025/06/09,82.2,82.4,80.5,81.2
2025/06/10,82.2,83.0,81.9,82.5
2025/06/11,82.6,83.0,82.0,82.9
2025/06/12,82.9,82.9,82.1,82.2
2025/06/13,81.5,81.9,80.1,80.7
2025/06/16,80.0,81.6,79.6,81.5
2025/06/17,82.6,85.7,82.5,85.5
2025/06/18,83.8,84.7,82.0,83.4
2025/06/19,83.0,83.1,81.0,81.0
2025/06/20,81.0,81.0,78.6,78.6
2025/06/23,77.1,78.5,76.3,77.8
2025/06/24,78.1,80.5,78.1,79.9
2025/06/25,81.0,81.0,79.9,80.6
2025/06/26,80.6,82.3,80.6,81.2
2025/06/27,81.8,84.0,81.6,82.3
2025/06/30,82.3,82.3,80.7,81.3
2025/07/01,81.6,82.9,81.6,81.7
2025/07/02,82.2,82.5,81.5,81.9
2025/07/03,82.8,84.0,82.5,83.5
2025/07/04,84.6,84.6,81.6,81.6
2025/07/07,82.0,82.2,80.3,81.1
2025/07/08,81.5,81.5,79.9,80.3
2025/07/09,78.0,79.0,77.9,78.7
2025/07/10,79.5,79.5,78.2,79.2
2025/07/11,79.5,79.9,78.7,79.6
2025/07/14,79.8,79.9,78.5,79.2
2025/07/15,78.6,80.7,78.4,80.4
2025/07/16,81.1,83.8,80.8,82.5
2025/07/17,82.5,84.0,82.2,84.0
2025/07/18,84.4,84.7,83.5,83.9
2025/07/21,83.9,87.3,83.9,86.6
2025/07/22,86.8,89.2,83.5,84.2
2025/07/23,84.6,87.5,84.5,86.8
2025/07/24,86.8,87.1,85.2,86.1
2025/07/25,85.8,86.3,85.0,85.1
2025/07/28,86.0,86.7,84.7,86.0
2025/07/29,85.8,87.7,85.5,85.5
2025/07/30,86.4,86.6,85.1,86.3
2025/07/31,86.0,86.7,84.6,84.9
2025/08/01,83.5,87.2,82.3,85.4
2025/08/04,84.4,85.6,83.5,85.0
2025/08/05,85.7,88.2,85.7,86.7
2025/08/06,87.0,87.2,85.8,85.8
2025/08/07,86.9,86.9,85.0,85.0
2025/08/08,83.6,83.6,81.1,81.2
2025/08/11,81.0,81.4,79.9,80.5
2025/08/12,80.5,81.1,80.2,80.3
2025/08/13,80.9,82.1,80.4,81.0
2025/08/14,81.1,81.7,80.8,80.8
2025/08/15,80.8,81.1,79.9,80.8
2025/08/18,80.6,82.5,80.2,81.6
2025/08/19,81.4,82.0,80.9,80.9
2025/08/20,80.8,81.2,79.0,79.3
2025/08/21,80.1,81.9,80.0,81.2
2025/08/22,81.5,81.8,80.5,81.8
2025/08/25,81.9,83.3,81.7,81.9
2025/08/26,81.6,81.9,81.1,81.1
2025/08/27,81.1,82.0,81.1,81.6
2025/08/28,82.1,82.7,81.5,81.8
2025/08/29,82.8,82.9,81.7,82.4
2025/09/01,82.4,82.5,79.6,80.1
2025/09/02,81.4,81.5,79.2,79.5
2025/09/03,79.5,80.0,79.0,79.0
2025/09/04,79.5,80.5,79.2,79.7
2025/09/05,80.7,80.7,79.4,80.5
2025/09/08,80.5,82.3,80.5,81.3
2025/09/09,81.8,82.5,81.1,81.7
2025/09/10,81.5,81.9,80.6,81.6
2025/09/11,81.5,81.5,80.0,80.0
2025/09/12,81.4,85.5,80.5,84.1
2025/09/15,83.1,83.7,81.6,82.3
2025/09/16,83.1,84.4,82.7,84.3
2025/09/17,84.9,86.9,84.4,84.6
2025/09/18,85.2,87.0,84.6,87.0
2025/09/19,87.8,95.7,86.6,95.7
2025/09/22,100.0,105.0,99.6,105.0
2025/09/23,105.0,105.0,98.8,99.9
2025/09/24,99.9,109.5,95.9,109.5
2025/09/25,108.0,109.0,98.8,100.5
2025/09/26,104.5,110.5,103.5,105.5
2025/09/30,104.0,106.0,101.0,104.5
2025/10/01,105.0,108.0,100.0,101.0
2025/10/02,102.0,103.0,100.0,102.0
2025/10/03,102.0,106.0,101.0,102.5
2025/10/07,101.0,106.0,100.5,103.5
2025/10/08,103.5,105.0,102.5,104.0
2025/10/09,105.0,106.0,103.0,103.5
2025/10/13,99.0,100.5,97.6,99.3
2025/10/14,100.0,101.0,94.1,94.7
2025/10/15,95.1,95.8,94.3,95.1
2025/10/16,95.5,99.7,95.5,98.3
2025/10/17,99.0,105.0,98.6,103.5
2025/10/20,106.0,113.5,104.5,113.5
2025/10/21,115.5,121.0,113.0,113.5
2025/10/22,113.5,116.5,113.0,115.0
2025/10/23,113.5,126.5,112.5,123.0
2025/10/27,134.5,135.0,132.0,135.0
2025/10/28,136.0,138.5,133.0,138.0
2025/10/29,141.5,144.5,130.5,131.5
2025/10/30,131.0,134.5,125.5,128.0
2025/10/31,128.0,129.0,123.5,124.0
2025/11/03,126.0,128.0,121.5,123.5
2025/11/04,125.0,125.0,117.5,118.5
2025/11/05,113.0,117.0,113.0,116.5
2025/11/06,117.5,120.5,115.0,120.5
2025/11/07,118.0,118.5,116.0,117.5
2025/11/10,117.5,117.5,111.5,113.0
2025/11/11,115.0,120.5,115.0,117.5
2025/11/12,118.5,121.0,116.0,119.0
2025/11/13,122.5,130.5,121.5,130.5
2025/11/14,129.5,134.5,124.0,124.5
2025/11/17,126.5,128.0,118.0,118.5
2025/11/18,116.5,125.0,116.5,118.5
2025/11/19,119.5,123.5,114.5,118.0
2025/11/20,122.0,124.5,119.0,121.5
2025/11/21,117.5,122.5,117.5,118.5
2025/11/24,120.0,121.0,117.5,119.0
2025/11/25,120.5,121.5,115.0,117.0
2025/11/26,118.0,118.5,116.0,117.0
2025/11/27,118.0,120.0,117.0,119.5
2025/11/28,122.5,124.0,118.5,119.5
2025/12/01,119.5,120.0,115.0,115.0
2025/12/02,115.0,116.0,113.0,113.5
2025/12/03,115.0,118.0,115.0,118.0
2025/12/04,118.5,121.0,117.0,118.0
2025/12/05,118.0,121.0,117.5,120.0
2025/12/08,120.0,121.0,118.0,120.5
2025/12/09,121.5,121.5,119.0,119.0
2025/12/10,120.0,129.5,119.5,127.0
2025/12/11,128.0,128.5,120.5,121.0
2025/12/12,122.0,122.5,119.0,120.0
2025/12/15,117.5,119.0,115.5,117.0
2025/12/16,116.0,116.5,111.0,113.5
2025/12/17,113.5,115.0,113.0,113.5
2025/12/18,113.0,116.5,113.0,114.5
2025/12/19,116.5,117.5,114.0,115.0
2025/12/22,116.0,117.0,115.5,116.5
2025/12/23,117.5,118.5,115.5,116.0
2025/12/24,116.5,119.5,115.0,115.5
2025/12/26,116.5,117.0,115.0,116.5
2025/12/29,117.5,118.5,114.0,114.0
2025/12/30,114.0,116.0,112.5,115.5
2025/12/31,115.0,118.0,114.5,117.0
2026/01/02,118.0,126.0,117.5,124.5
2026/01/05,126.5,128.0,122.0,124.0
2026/01/06,124.0,130.5,123.5,129.5
2026/01/07,130.0,134.0,128.0,132.0
2026/01/08,132.0,132.5,122.0,122.5
2026/01/09,123.5,126.0,120.0,124.0
2026/01/12,125.0,130.0,124.0,125.0
2026/01/13,126.0,131.0,123.5,131.0
2026/01/14,136.0,141.0,132.0,134.5
2026/01/15,135.0,138.0,133.0,134.0
2026/01/16,135.0,136.0,128.5,133.5
2026/01/19,134.0,146.5,131.5,146.5
2026/01/20,146.0,148.5,141.5,148.0
2026/01/21,146.0,152.5,140.0,143.5
2026/01/22,150.5,157.5,150.5,157.5
2026/01/23,163.5,165.5,148.0,153.5
2026/01/26,154.5,155.5,148.0,149.5
2026/01/27,150.5,153.5,148.0,152.5
2026/01/28,155.0,155.5,145.0,146.5
2026/01/29,147.0,147.5,138.5,140.5
2026/01/30,139.5,142.0,135.0,136.5
2026/02/02,132.0,133.0,126.0,126.5
2026/02/03,132.0,132.5,125.0,129.0
2026/02/04,127.5,131.5,126.5,131.0
2026/02/05,129.0,130.5,125.0,125.0
2026/02/06,124.0,124.0,119.0,122.0
2026/02/09,127.0,127.0,121.5,122.0
2026/02/10,126.0,127.0,123.0,123.5
2026/02/11,123.5,124.5,122.0,123.5
2026/02/23,131.0,135.5,131.0,135.5
2026/02/24,139.0,149.0,138.0,149.0
2026/02/25,153.0,159.5,151.0,156.0
2026/02/26,156.5,157.0,147.0,156.0
2026/03/02,144.5,154.0,144.5,148.0
2026/03/03,149.0,152.0,139.5,140.0
2026/03/04,135.5,137.5,126.5,128.0
2026/03/05,133.5,136.0,129.0,131.5
2026/03/06,131.5,137.0,130.0,134.0
2026/03/09,123.0,125.0,121.0,123.0
2026/03/10,127.5,128.5,125.5,127.0
2026/03/11,128.5,131.5,128.5,131.0
2026/03/12,129.0,130.0,124.0,125.0
2026/03/13,122.5,130.5,122.5,129.5
2026/03/16,129.5,131.0,127.5,130.5
2026/03/17,132.5,143.5,131.0,143.5
2026/03/18,144.0,146.5,138.0,141.5
2026/03/19,138.5,142.5,136.5,137.0
2026/03/20,139.0,142.5,130.5,131.5
2026/03/23,125.5,126.5,123.0,123.5
2026/03/24,128.0,128.0,120.5,124.0
2026/03/25,127.5,130.0,127.0,128.5
2026/03/26,129.0,131.5,126.0,126.5
2026/03/27,124.0,128.5,122.5,128.0
2026/03/30,124.5,125.0,121.0,124.5
2026/03/31,124.5,126.0,116.5,117.0
2026/04/01,122.0,123.0,117.5,118.0
2026/04/02,120.0,120.5,114.0,114.0
2026/04/07,114.5,117.0,113.0,114.0
2026/04/08,117.5,122.5,117.0,121.0
2026/04/09,121.5,125.0,120.5,123.5
2026/04/10,126.5,131.5,126.0,128.5
2026/04/13,135.5,140.0,132.0,136.0
2026/04/14,138.0,146.0,137.0,143.0
2026/04/15,147.0,151.0,141.5,144.5
2026/04/16,143.5,154.0,138.5,148.5
2026/04/17,149.0,154.0,146.0,147.0
2026/04/20,148.0,152.0,146.5,149.5
2026/04/21,149.5,151.5,146.5,149.0
2026/04/22,149.0,149.0,142.0,142.5
2026/04/23,143.0,143.5,128.5,130.0
2026/04/24,131.0,133.0,127.0,130.0
2026/04/27,130.0,130.5,124.0,129.5
2026/04/28,130.5,142.0,129.5,142.0
2026/04/29,140.0,141.5,134.0,134.5
2026/04/30,134.5,136.5,131.0,131.5
2026/05/04,134.0,143.5,131.5,138.5
2026/05/05,138.0,149.5,137.0,148.5
2026/05/06,153.0,155.0,144.5,147.0
2026/05/07,150.0,161.5,146.5,160.0
2026/05/08,159.5,164.5,152.5,156.0
2026/05/11,158.5,171.5,151.5,171.5
2026/05/12,175.0,188.5,167.5,188.5
2026/05/13,184.5,205.0,181.5,200.0
2026/05/14,220.0,220.0,215.5,220.0
2026/05/15,215.0,222.5,204.5,206.0
2026/05/18,210.0,219.0,206.0,217.5
2026/05/19,213.0,222.0,213.0,220.0
2026/05/20,224.0,242.0,224.0,242.0
2026/05/21,259.5,266.0,259.5,266.0
2026/05/22,280.5,292.5,280.5,292.5
2026/05/25,306.0,321.5,306.0,321.5
2026/05/26,303.0,330.0,289.5,328.5
2026/05/27,345.0,361.0,345.0,361.0
2026/05/28,355.0,397.0,355.0,390.0
2026/05/29,410.0,411.5,384.0,394.0
2026/06/01,408.0,433.0,408.0,416.0
2026/06/02,391.0,456.0,374.5,456.0
2026/06/03,446.0,450.5,422.0,423.0
2026/06/04,392.0,405.0,392.0,392.0
2026/06/05,374.0,422.0,353.5,416.0
2026/06/08,374.5,412.0,374.5,400.0
2026/06/09,410.5,440.0,410.5,440.0
2026/06/10,450.0,482.5,407.5,407.5
2026/06/11,408.0,417.5,371.5,417.5
2026/06/12,457.5,457.5,409.0,409.0
2026/06/15,445.0,449.5,445.0,449.5
2026/06/16,460.0,494.0,460.0,494.0
2026/06/17,487.5,542.0,487.5,542.0
2026/06/18,537.0,590.0,501.0,561.0
2026/06/22,616.0,617.0,575.0,617.0
2026/06/23,645.0,645.0,570.0,577.0
2026/06/24,554.0,597.0,553.0,590.0
2026/06/25,605.0,605.0,580.0,599.0
2026/06/26,579.0,585.0,540.0,540.0
2026/06/29,534.0,540.0,487.0,514.0
2026/06/30,529.0,565.0,529.0,565.0
2026/07/01,598.0,611.0,598.0,603.0
2026/07/02,581.0,595.0,561.0,561.0
2026/07/03,540.0,584.0,532.0,563.0
2026/07/06,590.0,590.0,530.0,557.0
2026/07/07,557.0,565.0,502.0,502.0
2026/07/08,510.0,511.0,452.5,474.0
2026/07/09,481.0,505.0,462.0,465.5
2026/07/13,473.5,478.5,419.0,419.0
2026/07/14,406.0,422.5,377.5,390.0
