Date,Open,High,Low,Close
2005/06/30,18.5,18.6,18.4,18.5
2005/07/04,18.4,18.5,18.2,18.2
2005/07/05,18.2,18.3,18.1,18.2
2005/07/06,18.1,18.2,18.1,18.2
2005/07/07,18.2,18.2,18.1,18.1
2005/07/11,18.5,18.5,18.3,18.4
2005/07/12,18.4,18.5,18.3,18.4
2005/07/13,18.5,18.6,18.5,18.6
2005/07/14,18.6,18.8,18.6,18.6
2005/07/18,18.8,18.9,18.7,18.8
2005/07/19,18.9,19.2,18.8,19.1
2005/07/20,18.5,19.2,18.5,18.9
2005/07/21,19.0,19.1,18.9,19.0
2005/07/25,19.5,19.5,19.2,19.2
2005/07/26,19.3,19.3,19.2,19.3
2005/07/27,19.3,19.4,19.0,19.1
2005/07/28,19.2,19.3,19.0,19.0
2005/08/01,19.2,19.2,19.0,19.1
2005/08/02,19.1,19.2,19.0,19.1
2005/08/03,19.1,19.2,18.8,19.0
2005/08/08,18.8,18.9,18.8,18.8
2005/08/09,18.9,19.0,18.6,18.6
2005/08/10,18.6,18.8,18.6,18.8
2005/08/11,18.8,19.0,18.8,18.9
2005/08/15,18.8,18.9,18.8,18.9
2005/08/16,18.8,18.9,18.6,18.8
2005/08/17,18.7,19.0,18.6,18.9
2005/08/18,18.9,19.1,18.9,19.0
2005/08/22,19.1,19.3,19.0,19.1
2005/08/23,19.1,19.3,19.0,19.2
2005/08/24,19.1,19.3,19.0,19.3
2005/08/25,19.3,19.3,19.1,19.2
2005/08/29,19.1,19.3,19.0,19.1
2005/08/30,19.1,19.3,19.0,19.3
2005/09/01,19.2,19.5,19.2,19.4
2005/09/05,19.4,19.5,19.4,19.5
2005/09/06,19.5,19.6,19.4,19.5
2005/09/07,19.4,19.5,19.3,19.4
2005/09/08,19.4,19.4,19.3,19.3
2005/09/12,19.5,19.6,19.5,19.6
2005/09/13,19.6,19.8,19.5,19.7
2005/09/14,19.7,19.8,19.5,19.6
2005/09/15,19.6,19.6,19.5,19.5
2005/09/19,19.6,19.6,19.4,19.5
2005/09/20,19.5,19.6,19.5,19.6
2005/09/21,19.5,19.6,19.3,19.4
2005/09/22,19.4,19.5,19.4,19.4
2005/09/26,19.3,19.5,19.3,19.5
2005/09/27,19.5,19.5,19.4,19.4
2005/09/28,18.5,18.5,18.2,18.3
2005/09/29,18.3,18.7,18.2,18.6
2005/10/03,18.6,18.9,18.3,18.8
2005/10/04,18.6,18.8,18.4,18.4
2005/10/05,18.2,18.2,18.0,18.0
2005/10/06,17.7,17.8,17.7,17.8
2005/10/10,17.9,18.5,17.9,18.5
2005/10/11,18.4,18.6,18.2,18.6
2005/10/12,18.5,18.8,18.2,18.7
2005/10/13,18.7,18.8,18.5,18.6
2005/10/17,18.7,18.9,18.6,18.9
2005/10/18,18.7,18.8,18.5,18.7
2005/10/19,18.7,18.9,18.5,18.9
2005/10/20,18.7,19.0,18.6,18.9
2005/10/24,18.9,19.4,18.9,19.3
2005/10/25,19.4,19.6,19.3,19.4
2005/10/26,19.4,19.4,19.0,19.0
2005/10/27,19.0,19.3,19.0,19.1
2005/10/31,19.5,19.7,19.3,19.6
2005/11/01,19.6,19.9,19.5,19.6
2005/11/02,19.5,19.6,19.3,19.6
2005/11/03,19.7,19.8,19.5,19.7
2005/11/07,19.5,19.8,19.4,19.7
2005/11/08,19.7,20.0,19.7,20.0
2005/11/09,20.0,20.1,19.8,20.1
2005/11/10,20.4,20.4,20.2,20.4
2005/11/14,20.6,20.6,20.0,20.2
2005/11/15,20.2,20.3,20.0,20.3
2005/11/16,20.6,20.6,20.1,20.4
2005/11/17,20.6,20.6,20.4,20.5
2005/11/21,20.0,20.2,19.7,19.9
2005/11/22,19.9,20.1,19.8,20.1
2005/11/23,20.0,20.0,19.5,19.5
2005/11/24,19.6,19.8,19.5,19.5
2005/11/28,19.7,19.9,19.5,19.5
2005/11/29,19.6,19.6,19.3,19.5
2005/11/30,19.4,19.5,19.0,19.0
2005/12/01,19.1,19.2,18.6,19.1
2005/12/05,18.7,18.9,18.7,18.9
2005/12/06,18.9,18.9,18.7,18.9
2005/12/07,18.9,19.1,18.5,19.1
2005/12/08,19.2,19.3,18.8,19.3
2005/12/12,19.5,19.7,19.4,19.6
2005/12/13,19.7,19.8,19.4,19.7
2005/12/14,19.5,19.9,19.5,19.7
2005/12/15,19.7,20.3,19.7,20.3
2005/12/19,19.3,19.6,19.0,19.1
2005/12/20,19.1,19.2,18.9,19.1
2005/12/21,19.0,19.1,18.9,18.9
2005/12/22,18.9,19.2,18.8,19.2
2005/12/26,19.3,19.3,19.1,19.1
2005/12/27,19.1,19.1,18.7,18.9
2005/12/28,19.0,19.1,18.8,19.1
2005/12/29,19.1,19.1,18.9,18.9
2006/01/02,18.7,18.9,18.6,18.9
2006/01/03,19.1,19.2,19.1,19.2
2006/01/04,19.3,19.4,19.1,19.3
2006/01/05,19.3,19.4,19.1,19.3
2006/01/09,19.3,19.3,19.1,19.3
2006/01/10,19.3,19.5,19.2,19.5
2006/01/11,19.6,19.8,19.4,19.7
2006/01/13,19.6,19.7,19.3,19.3
2006/01/16,19.4,19.4,19.1,19.1
2006/01/17,19.0,19.1,19.0,19.0
2006/01/18,18.9,19.0,18.7,18.7
2006/01/19,18.7,18.7,18.5,18.6
2006/01/20,18.6,18.7,18.5,18.5
2006/01/23,18.4,18.5,18.3,18.4
2006/01/24,18.5,18.7,18.4,18.5
2006/01/25,18.8,19.0,18.6,19.0
2006/02/02,19.5,20.4,19.5,20.4
2006/02/03,19.0,19.2,18.9,19.0
2006/02/06,19.0,19.3,18.8,19.3
2006/02/07,19.2,19.2,19.0,19.1
2006/02/08,19.1,19.1,18.9,18.9
2006/02/09,19.0,19.1,18.9,18.9
2006/02/10,19.6,20.2,19.6,20.2
2006/02/13,21.0,21.6,20.5,21.6
2006/02/14,22.0,22.0,21.0,21.3
2006/02/15,21.2,21.2,20.8,21.1
2006/02/16,21.2,21.2,20.8,21.0
2006/02/17,21.1,21.1,20.8,20.9
2006/02/20,20.9,21.7,20.8,21.6
2006/02/21,21.6,21.8,21.5,21.5
2006/02/22,21.5,21.6,21.2,21.6
2006/02/23,21.8,21.8,21.4,21.8
2006/02/24,21.8,21.9,21.6,21.8
2006/02/27,21.8,21.9,21.1,21.9
2006/03/01,21.9,22.0,21.6,22.0
2006/03/02,22.0,22.0,21.7,21.9
2006/03/03,21.8,21.8,21.3,21.3
2006/03/06,21.3,21.3,21.2,21.2
2006/03/07,21.3,21.3,21.3,21.3
2006/03/08,21.5,21.5,21.3,21.3
2006/03/10,21.2,21.2,20.1,20.3
2006/03/13,20.0,20.7,20.0,20.7
2006/03/14,20.8,20.9,20.1,20.4
2006/03/15,20.6,20.6,20.3,20.4
2006/03/16,20.2,20.4,20.0,20.4
2006/03/17,20.7,20.7,20.1,20.4
2006/03/20,20.4,20.5,20.2,20.5
2006/03/21,20.4,20.8,20.4,20.4
2006/03/22,20.3,20.5,20.2,20.4
2006/03/23,20.4,20.4,20.3,20.4
2006/03/24,20.4,20.8,20.3,20.7
2006/03/27,20.8,20.9,20.7,20.7
2006/03/28,20.7,21.2,20.6,21.2
2006/03/29,21.2,21.2,21.0,21.2
2006/03/30,21.2,21.6,21.1,21.6
2006/03/31,21.4,21.7,21.2,21.7
2006/04/03,21.3,21.5,21.2,21.3
2006/04/04,21.2,21.3,20.8,21.0
2006/04/06,21.1,21.4,21.1,21.4
2006/04/07,21.3,21.3,21.0,21.2
2006/04/10,21.2,21.5,21.0,21.2
2006/04/11,21.2,21.2,20.7,20.8
2006/04/12,20.7,20.9,20.7,20.8
2006/04/13,20.8,21.3,20.8,21.3
2006/04/14,21.3,21.7,21.2,21.7
2006/04/17,21.5,21.7,21.4,21.7
2006/04/18,21.7,21.7,21.2,21.5
2006/04/19,21.5,21.6,21.4,21.5
2006/04/20,21.5,21.5,21.2,21.4
2006/04/21,21.4,21.4,21.1,21.1
2006/04/24,21.0,21.3,20.9,20.9
2006/04/25,21.0,21.3,21.0,21.2
2006/04/26,21.2,21.5,21.1,21.5
2006/04/27,21.5,22.5,21.5,21.9
2006/04/28,21.9,22.2,21.9,22.1
2006/05/02,21.7,22.2,21.5,22.1
2006/05/03,22.1,22.2,21.8,21.8
2006/05/04,21.9,22.2,21.4,22.2
2006/05/05,22.2,22.8,21.9,22.2
2006/05/08,22.3,22.9,22.3,22.9
2006/05/09,22.9,22.9,22.0,22.3
2006/05/10,22.3,22.5,21.7,22.1
2006/05/11,21.7,22.1,21.4,22.0
2006/05/12,21.6,21.8,21.5,21.7
2006/05/15,21.6,21.6,20.4,20.5
2006/05/16,20.6,20.7,20.1,20.2
2006/05/17,20.3,20.4,20.1,20.2
2006/05/18,20.0,20.2,19.8,20.0
2006/05/19,20.1,20.3,20.0,20.2
2006/05/22,20.2,20.2,19.8,19.9
2006/05/23,19.7,20.3,19.6,20.0
2006/05/24,20.4,21.1,20.0,20.7
2006/05/25,21.0,21.2,20.6,20.8
2006/05/26,20.9,21.5,20.9,21.5
2006/05/29,21.2,21.3,20.8,20.8
2006/05/30,20.8,20.9,20.3,20.3
2006/06/01,20.4,20.4,20.0,20.0
2006/06/02,20.5,20.5,20.0,20.4
2006/06/05,20.2,20.8,20.0,20.0
2006/06/06,20.0,20.3,20.0,20.2
2006/06/07,20.2,20.5,20.0,20.1
2006/06/08,20.0,20.0,19.3,19.3
2006/06/09,19.7,19.7,19.1,19.3
2006/06/12,19.7,20.6,19.3,20.5
2006/06/13,20.1,20.2,19.3,19.3
2006/06/14,19.7,20.4,19.5,20.2
2006/06/15,20.5,20.5,20.0,20.2
2006/06/16,20.6,21.0,20.6,20.8
2006/06/19,21.1,21.1,20.8,20.8
2006/06/20,20.8,20.9,20.4,20.4
2006/06/21,20.4,20.5,20.1,20.3
2006/06/22,20.6,20.8,20.3,20.4
2006/06/23,20.2,20.5,20.0,20.4
2006/06/26,20.0,20.5,20.0,20.3
2006/06/27,20.6,20.7,20.1,20.7
2006/06/28,20.6,20.8,20.3,20.8
2006/06/29,20.8,21.1,20.6,21.1
2006/06/30,21.4,21.5,21.1,21.2
2006/07/03,21.1,21.3,21.1,21.2
2006/07/04,21.2,21.4,20.8,20.9
2006/07/05,21.1,21.2,20.7,21.0
2006/07/06,20.9,21.0,20.6,21.0
2006/07/07,20.7,21.0,20.6,21.0
2006/07/10,20.9,21.4,20.6,21.2
2006/07/11,21.1,21.4,21.1,21.2
2006/07/12,21.3,21.5,20.9,21.1
2006/07/13,21.0,21.1,20.9,20.9
2006/07/14,20.5,20.8,20.4,20.4
2006/07/17,20.4,20.7,20.2,20.3
2006/07/18,20.6,20.8,20.4,20.4
2006/07/19,20.5,20.6,20.4,20.4
2006/07/20,20.8,21.0,20.5,20.7
2006/07/21,20.4,20.4,20.0,20.3
2006/07/24,20.2,20.2,19.9,20.0
2006/07/25,19.1,19.3,19.1,19.1
2006/07/26,19.1,19.3,19.0,19.0
2006/07/27,19.0,19.4,19.0,19.3
2006/07/28,19.3,19.5,19.1,19.5
2006/07/31,19.5,19.5,19.1,19.4
2006/08/01,19.4,19.7,19.4,19.6
2006/08/02,19.6,19.7,19.4,19.5
2006/08/03,19.8,20.0,19.5,19.7
2006/08/04,19.7,19.9,19.3,19.3
2006/08/07,19.2,19.3,19.0,19.0
2006/08/08,19.2,19.4,19.0,19.4
2006/08/09,19.1,20.0,19.1,19.9
2006/08/10,19.8,19.9,19.7,19.9
2006/08/11,19.9,19.9,19.5,19.9
2006/08/14,19.8,20.0,19.7,19.8
2006/08/15,19.8,19.8,19.5,19.6
2006/08/16,19.8,19.8,19.4,19.7
2006/08/17,18.6,19.7,18.6,19.1
2006/08/18,19.2,19.6,19.2,19.4
2006/08/21,19.2,19.4,18.6,18.6
2006/08/22,18.8,19.6,18.7,19.3
2006/08/23,19.3,19.3,18.6,18.9
2006/08/24,19.1,19.1,18.8,18.9
2006/08/25,19.0,19.3,19.0,19.0
2006/08/28,18.9,19.0,18.8,18.9
2006/08/29,19.0,19.0,18.7,18.8
2006/08/30,19.0,19.2,18.8,19.2
2006/08/31,19.4,19.7,19.3,19.4
2006/09/01,19.5,19.7,19.4,19.4
2006/09/04,19.7,19.7,19.5,19.7
2006/09/05,19.7,19.8,19.5,19.6
2006/09/06,19.7,19.7,19.3,19.3
2006/09/07,19.1,19.5,19.1,19.3
2006/09/08,19.3,19.3,19.1,19.2
2006/09/11,19.1,19.5,19.0,19.2
2006/09/12,19.3,19.3,19.0,19.1
2006/09/13,19.1,19.2,18.9,19.1
2006/09/14,19.1,19.3,19.1,19.2
2006/09/15,19.1,19.7,19.1,19.6
2006/09/18,20.0,20.4,19.8,20.2
2006/09/19,20.2,20.7,20.2,20.5
2006/09/20,20.3,20.5,20.0,20.0
2006/09/21,20.2,20.6,20.1,20.4
2006/09/22,20.4,20.8,20.4,20.6
2006/09/25,20.7,20.9,20.5,20.9
2006/09/26,20.9,21.1,20.8,21.1
2006/09/27,21.2,21.3,21.2,21.3
2006/09/28,20.8,21.3,20.8,21.0
2006/09/29,20.8,21.0,20.6,20.8
2006/10/02,20.8,21.0,20.6,20.8
2006/10/03,20.6,20.8,20.3,20.3
2006/10/04,20.4,20.4,20.0,20.0
2006/10/05,20.2,21.0,20.1,20.9
2006/10/10,20.9,20.9,20.9,20.9
2006/10/11,20.8,21.1,20.8,21.1
2006/10/12,21.1,21.1,20.7,20.9
2006/10/13,20.9,21.1,20.8,20.8
2006/10/16,20.9,21.0,20.6,20.8
2006/10/17,20.8,20.8,20.4,20.7
2006/10/18,20.4,20.8,20.4,20.8
2006/10/19,20.4,20.7,20.3,20.4
2006/10/20,20.3,20.4,20.0,20.1
2006/10/23,20.1,20.4,20.0,20.2
2006/10/24,20.3,20.8,20.3,20.8
2006/10/25,20.8,20.8,20.4,20.4
2006/10/26,20.4,20.7,20.2,20.7
2006/10/27,20.7,20.8,20.6,20.6
2006/10/30,20.8,20.8,20.5,20.5
2006/10/31,20.8,20.9,20.6,20.8
2006/11/01,20.9,20.9,20.4,20.5
2006/11/02,20.6,20.9,20.4,20.6
2006/11/03,20.5,21.2,20.5,21.1
2006/11/06,20.8,21.3,20.8,21.1
2006/11/07,21.2,21.3,21.1,21.2
2006/11/08,21.2,21.4,21.2,21.3
2006/11/09,21.3,21.7,21.3,21.5
2006/11/10,21.5,21.5,21.0,21.1
2006/11/13,20.9,21.1,20.9,20.9
2006/11/14,20.9,21.3,20.9,21.3
2006/11/15,21.3,21.5,21.1,21.5
2006/11/16,21.5,21.6,21.2,21.5
2006/11/17,21.7,21.7,21.1,21.1
2006/11/20,21.1,21.2,20.5,20.6
2006/11/21,20.4,21.0,20.4,21.0
2006/11/22,21.0,21.0,20.8,20.9
2006/11/23,21.0,21.3,20.9,21.3
2006/11/24,21.0,21.3,21.0,21.3
2006/11/27,21.3,21.6,21.1,21.4
2006/11/28,21.3,21.3,21.2,21.2
2006/11/29,21.3,21.7,21.3,21.7
2006/11/30,21.7,21.8,21.4,21.7
2006/12/01,21.7,21.8,21.5,21.8
2006/12/04,21.8,22.2,21.6,22.0
2006/12/05,22.1,22.1,21.6,21.9
2006/12/06,21.6,22.0,21.5,21.8
2006/12/07,21.6,21.9,21.4,21.5
2006/12/08,21.5,21.5,21.3,21.4
2006/12/11,21.3,21.5,21.2,21.3
2006/12/12,21.3,21.3,20.9,20.9
2006/12/13,20.9,21.3,20.8,21.1
2006/12/14,21.1,21.2,20.9,21.0
2006/12/15,21.1,21.2,21.1,21.2
2006/12/18,21.2,21.4,21.1,21.2
2006/12/19,21.2,21.4,21.2,21.3
2006/12/20,21.4,21.6,21.3,21.6
2006/12/21,21.6,21.6,21.2,21.3
2006/12/22,21.3,21.3,21.1,21.2
2006/12/25,21.2,21.3,21.1,21.2
2006/12/26,21.2,21.4,21.2,21.4
2006/12/27,21.3,21.3,21.1,21.1
2006/12/28,21.0,21.1,20.9,20.9
2006/12/29,20.9,21.2,20.9,21.2
2007/01/01,21.2,21.2,21.2,21.2
2007/01/02,21.2,21.7,21.2,21.6
2007/01/03,21.7,21.9,21.6,21.6
2007/01/04,21.7,21.8,21.4,21.5
2007/01/05,21.2,21.2,20.7,20.8
2007/01/08,20.6,20.6,20.4,20.4
2007/01/09,20.5,20.8,20.4,20.7
2007/01/10,20.6,20.6,20.3,20.3
2007/01/11,20.3,20.4,19.9,19.9
2007/01/12,19.9,20.3,19.9,20.1
2007/01/15,20.1,20.1,19.3,19.4
2007/01/16,19.4,20.1,19.4,20.0
2007/01/17,20.0,20.0,19.7,19.7
2007/01/18,19.7,20.0,19.5,20.0
2007/01/19,20.1,20.4,20.1,20.4
2007/01/22,20.4,20.6,20.0,20.6
2007/01/23,20.6,20.6,20.4,20.6
2007/01/24,20.6,20.9,20.5,20.9
2007/01/25,20.7,20.7,20.4,20.5
2007/01/26,20.3,20.4,20.0,20.0
2007/01/29,20.0,20.0,19.6,19.7
2007/01/30,19.6,19.8,19.6,19.7
2007/01/31,19.7,19.7,19.5,19.6
2007/02/01,19.7,19.9,19.7,19.8
2007/02/02,19.8,20.0,19.8,20.0
2007/02/05,20.0,20.2,20.0,20.0
2007/02/06,20.2,20.4,20.1,20.4
2007/02/07,20.4,20.5,20.2,20.2
2007/02/08,20.2,20.3,20.0,20.2
2007/02/09,20.2,20.3,20.1,20.2
2007/02/12,20.2,20.2,19.9,19.9
2007/02/13,19.9,20.0,19.7,19.8
2007/02/14,19.8,19.9,19.7,19.8
2007/02/26,20.0,20.1,19.9,20.0
2007/02/27,19.9,20.0,19.5,19.5
2007/03/01,19.5,19.7,18.9,19.1
2007/03/02,19.1,19.1,18.9,19.1
2007/03/05,18.9,18.9,18.4,18.4
2007/03/06,18.6,18.7,18.5,18.6
2007/03/07,18.7,18.7,18.1,18.2
2007/03/08,18.4,18.4,18.2,18.4
2007/03/09,18.4,18.5,18.3,18.4
2007/03/12,18.4,18.4,18.3,18.3
2007/03/13,18.4,18.4,18.1,18.2
2007/03/14,18.0,18.0,17.8,17.9
2007/03/15,17.9,18.2,17.9,18.1
2007/03/16,18.1,18.4,18.1,18.3
2007/03/20,18.6,18.7,18.5,18.5
2007/03/21,18.6,19.0,18.6,19.0
2007/03/22,19.1,19.3,19.1,19.3
2007/03/23,19.3,19.4,19.2,19.3
2007/03/26,19.3,19.3,19.1,19.1
2007/03/27,19.1,19.3,19.1,19.1
2007/03/28,19.1,19.3,18.9,19.2
2007/03/29,19.2,19.2,18.9,19.0
2007/03/30,19.1,19.2,19.0,19.2
2007/04/02,19.1,19.2,19.0,19.1
2007/04/03,19.1,19.3,19.1,19.3
2007/04/04,19.3,19.8,19.3,19.6
2007/04/09,19.6,19.9,19.6,19.8
2007/04/10,19.8,19.8,19.5,19.6
2007/04/11,19.6,19.7,19.6,19.7
2007/04/12,19.6,19.7,19.4,19.4
2007/04/13,19.4,19.5,19.3,19.4
2007/04/16,19.4,19.6,19.4,19.6
2007/04/17,19.6,19.7,19.5,19.5
2007/04/18,19.5,19.6,19.5,19.5
2007/04/19,19.4,19.4,18.9,19.1
2007/04/20,19.1,19.1,18.9,19.0
2007/04/23,19.0,19.3,19.0,19.2
2007/04/24,19.1,19.3,19.1,19.2
2007/04/25,19.2,19.2,19.0,19.1
2007/04/26,19.1,19.2,19.1,19.1
2007/04/27,19.1,19.2,18.9,18.9
2007/04/30,19.0,19.0,18.7,18.9
2007/05/02,18.9,18.9,18.6,18.7
2007/05/03,18.7,18.9,18.7,18.7
2007/05/04,18.8,18.9,18.8,18.8
2007/05/07,18.9,18.9,18.8,18.8
2007/05/08,18.8,18.9,18.6,18.7
2007/05/09,18.7,18.7,18.6,18.7
2007/05/10,18.7,18.8,18.6,18.6
2007/05/11,18.6,18.6,18.5,18.5
2007/05/14,18.6,18.6,18.5,18.5
2007/05/15,18.5,18.5,18.5,18.5
2007/05/16,18.5,18.5,18.4,18.5
2007/05/17,18.5,18.6,18.5,18.5
2007/05/18,18.5,18.6,18.5,18.5
2007/05/21,18.5,18.7,18.5,18.7
2007/05/22,18.7,18.9,18.6,18.8
2007/05/23,18.8,18.9,18.8,18.8
2007/05/24,18.8,18.9,18.7,18.7
2007/05/25,18.7,18.7,18.5,18.6
2007/05/28,18.6,18.6,18.5,18.6
2007/05/29,18.6,18.7,18.6,18.6
2007/05/30,18.6,18.6,18.5,18.5
2007/05/31,18.5,18.6,17.7,17.7
2007/06/01,18.4,18.5,18.3,18.4
2007/06/04,18.4,18.5,18.4,18.5
2007/06/05,18.5,18.6,18.3,18.6
2007/06/06,18.6,18.6,18.5,18.5
2007/06/07,18.5,18.5,18.4,18.5
2007/06/08,18.5,18.5,18.2,18.2
2007/06/11,18.2,18.5,18.2,18.4
2007/06/12,18.4,18.4,18.1,18.2
2007/06/13,18.2,18.4,18.1,18.3
2007/06/14,18.4,19.0,18.4,18.9
2007/06/15,18.9,19.7,18.9,19.5
2007/06/20,19.7,20.0,19.7,19.8
2007/06/21,20.0,20.0,19.6,20.0
2007/06/22,20.1,20.2,19.5,19.6
2007/06/25,19.6,19.7,19.5,19.5
2007/06/26,19.6,19.7,19.5,19.6
2007/06/27,19.6,19.7,19.5,19.6
2007/06/28,19.6,19.8,19.6,19.8
2007/06/29,19.8,19.8,19.6,19.7
2007/07/02,19.7,19.7,19.5,19.7
2007/07/03,19.8,19.8,19.7,19.7
2007/07/04,19.9,19.9,19.7,19.8
2007/07/05,19.8,20.0,19.7,20.0
2007/07/06,20.0,20.0,19.7,19.8
2007/07/09,19.8,20.2,19.8,20.2
2007/07/10,20.2,20.7,20.0,20.7
2007/07/11,20.5,20.6,20.3,20.5
2007/07/12,20.6,20.8,20.4,20.7
2007/07/13,20.9,21.0,20.6,20.7
2007/07/16,20.7,20.9,20.5,20.6
2007/07/17,20.6,20.8,20.4,20.8
2007/07/18,20.7,21.3,20.6,20.9
2007/07/19,20.7,20.8,20.6,20.7
2007/07/20,20.7,20.8,20.7,20.8
2007/07/23,20.9,21.1,20.7,21.1
2007/07/24,21.2,21.3,21.0,21.3
2007/07/25,21.1,21.2,21.0,21.2
2007/07/26,21.2,21.3,20.9,20.9
2007/07/27,20.1,20.6,20.0,20.0
2007/07/30,19.8,20.4,19.8,20.3
2007/07/31,20.4,20.5,20.3,20.5
2007/08/01,20.1,20.4,19.5,19.6
2007/08/02,18.6,18.7,17.7,18.1
2007/08/03,18.2,18.3,17.8,17.9
2007/08/06,17.8,17.8,17.7,17.7
2007/08/07,17.7,17.8,17.3,17.4
2007/08/08,17.4,18.0,17.4,17.8
2007/08/09,17.8,17.9,17.7,17.8
2007/08/10,17.6,17.6,17.2,17.3
2007/08/13,17.5,17.8,17.3,17.8
2007/08/14,17.8,17.8,17.5,17.7
2007/08/15,17.3,17.5,17.1,17.3
2007/08/16,17.0,17.2,16.9,17.0
2007/08/17,17.3,17.3,16.9,16.9
2007/08/20,17.4,17.4,17.0,17.3
2007/08/21,17.4,17.4,17.2,17.4
2007/08/22,17.3,17.5,17.3,17.3
2007/08/23,17.7,17.9,17.7,17.8
2007/08/24,18.0,18.0,17.6,17.6
2007/08/27,17.8,17.8,17.5,17.5
2007/08/28,17.7,17.7,17.6,17.7
2007/08/29,17.3,17.7,17.3,17.5
2007/08/30,17.7,17.8,17.6,17.7
2007/08/31,17.7,18.2,17.6,18.2
2007/09/03,18.1,18.2,17.7,17.8
2007/09/04,17.9,18.1,17.5,17.5
2007/09/05,17.8,18.0,17.6,17.7
2007/09/06,17.6,17.8,17.5,17.7
2007/09/07,17.8,17.9,17.7,17.7
2007/09/10,17.7,18.0,17.5,17.8
2007/09/11,18.1,18.1,17.8,18.0
2007/09/12,18.1,18.1,17.8,18.1
2007/09/13,18.1,18.2,18.0,18.1
2007/09/14,18.1,18.4,18.1,18.3
2007/09/17,18.2,18.3,17.8,17.9
2007/09/19,18.3,18.5,18.3,18.3
2007/09/20,18.4,18.5,18.1,18.2
2007/09/21,18.2,18.3,17.7,17.9
2007/09/26,17.8,17.9,17.7,17.7
2007/09/27,17.8,18.3,17.8,18.3
2007/09/28,18.3,18.4,18.1,18.3
2007/10/01,18.4,18.5,18.3,18.3
2007/10/02,18.4,18.6,18.3,18.5
2007/10/03,18.6,19.1,18.5,19.0
2007/10/04,18.9,19.1,18.8,19.1
2007/10/05,19.1,19.2,18.8,18.9
2007/10/08,19.3,19.3,18.8,19.0
2007/10/09,19.1,19.1,18.7,18.8
2007/10/11,19.1,19.1,18.6,19.0
2007/10/12,19.0,19.0,18.2,18.6
2007/10/15,18.7,19.0,18.5,19.0
2007/10/16,18.8,19.0,18.7,18.9
2007/10/17,18.9,18.9,18.5,18.8
2007/10/18,18.9,18.9,18.4,18.5
2007/10/19,18.7,18.7,18.5,18.6
2007/10/22,18.1,18.4,17.9,18.4
2007/10/23,18.5,18.5,18.2,18.4
2007/10/24,18.6,18.6,18.2,18.3
2007/10/25,18.4,18.5,18.2,18.5
2007/10/26,18.3,18.5,18.2,18.5
2007/10/29,18.6,18.9,18.6,18.8
2007/10/30,18.8,18.9,18.7,18.7
2007/10/31,18.8,18.9,18.6,18.7
2007/11/01,18.9,18.9,18.6,18.6
2007/11/02,18.5,18.5,18.0,18.2
2007/11/05,18.1,18.1,17.7,17.8
2007/11/06,17.8,18.0,17.8,17.8
2007/11/07,18.3,18.3,17.9,17.9
2007/11/08,17.6,17.8,17.5,17.5
2007/11/09,17.7,18.0,17.7,17.9
2007/11/12,17.8,17.8,17.2,17.4
2007/11/13,17.4,17.7,17.2,17.3
2007/11/14,17.7,17.7,17.5,17.6
2007/11/15,17.7,17.9,17.5,17.7
2007/11/16,17.7,17.7,17.4,17.7
2007/11/19,17.7,18.0,17.7,17.7
2007/11/20,17.6,17.9,17.3,17.8
2007/11/21,17.8,17.8,17.3,17.3
2007/11/22,17.4,17.6,17.2,17.5
2007/11/23,17.4,17.5,17.3,17.5
2007/11/26,17.6,17.9,17.6,17.8
2007/11/27,17.6,17.9,17.5,17.7
2007/11/28,17.8,17.8,17.5,17.5
2007/11/29,17.7,17.7,17.6,17.7
2007/11/30,17.7,17.9,17.6,17.7
2007/12/03,17.8,17.8,17.8,17.8
2007/12/04,17.7,17.8,17.7,17.7
2007/12/05,17.7,17.8,17.7,17.7
2007/12/06,18.0,18.1,17.9,18.1
2007/12/07,18.1,18.2,18.0,18.0
2007/12/10,18.1,18.3,18.0,18.0
2007/12/11,18.2,18.2,18.1,18.2
2007/12/12,18.1,18.1,17.8,17.8
2007/12/13,18.2,18.2,17.6,17.6
2007/12/14,17.9,17.9,17.6,17.7
2007/12/17,17.7,17.8,17.6,17.7
2007/12/18,17.7,17.7,17.6,17.6
2007/12/19,17.7,17.7,17.6,17.7
2007/12/20,17.7,17.8,17.5,17.6
2007/12/21,17.6,17.8,17.4,17.4
2007/12/24,17.5,17.8,17.5,17.7
2007/12/25,17.7,17.7,17.6,17.7
2007/12/26,17.7,17.7,17.4,17.7
2007/12/27,17.7,17.8,17.7,17.7
2007/12/28,17.7,17.9,17.6,17.9
2007/12/31,17.9,17.9,17.7,17.7
2008/01/02,17.7,17.7,17.4,17.4
2008/01/03,17.3,17.4,17.3,17.3
2008/01/04,17.3,17.9,17.3,17.7
2008/01/07,17.5,17.7,17.3,17.3
2008/01/08,17.6,17.9,17.6,17.7
2008/01/09,17.6,17.8,17.6,17.8
2008/01/10,17.8,17.8,17.7,17.7
2008/01/11,17.7,17.9,17.7,17.7
2008/01/14,18.2,18.3,18.0,18.3
2008/01/15,18.5,19.5,18.5,19.5
2008/01/16,19.3,19.5,18.6,18.6
2008/01/17,18.7,19.2,18.5,19.2
2008/01/18,18.9,19.5,18.5,19.4
2008/01/21,19.3,19.7,19.2,19.3
2008/01/22,18.0,18.5,18.0,18.0
2008/01/23,18.4,18.5,17.8,17.9
2008/01/24,18.3,18.6,18.1,18.3
2008/01/25,18.5,18.6,18.2,18.3
2008/01/28,18.2,18.5,18.0,18.1
2008/01/29,18.1,18.4,18.1,18.4
2008/01/30,18.5,18.6,18.2,18.3
2008/01/31,18.1,18.6,18.0,18.6
2008/02/01,18.7,18.8,18.5,18.7
2008/02/12,18.5,19.2,18.4,19.0
2008/02/13,19.1,19.2,18.6,18.8
2008/02/14,18.9,19.5,18.9,19.5
2008/02/15,19.0,19.3,18.9,19.3
2008/02/18,19.1,19.3,18.9,18.9
2008/02/19,19.2,19.3,19.0,19.2
2008/02/20,19.1,19.1,18.4,18.6
2008/02/21,18.9,19.2,18.7,19.2
2008/02/22,19.0,19.1,18.7,19.1
2008/02/25,19.2,19.5,19.2,19.4
2008/02/26,19.2,19.6,19.2,19.5
2008/02/27,19.7,20.1,19.6,20.1
2008/02/29,19.7,20.0,19.7,19.8
2008/03/03,19.3,19.6,19.2,19.4
2008/03/04,19.3,20.0,19.3,20.0
2008/03/05,19.7,20.2,19.7,20.2
2008/03/06,20.2,20.5,20.1,20.5
2008/03/07,20.1,20.5,20.1,20.5
2008/03/10,20.4,20.4,19.9,20.1
2008/03/11,19.8,20.4,19.8,20.4
2008/03/12,20.8,20.8,20.4,20.6
2008/03/13,20.4,20.7,20.3,20.4
2008/03/14,20.5,20.6,20.0,20.1
2008/03/17,19.9,20.5,19.6,20.0
2008/03/18,20.1,20.5,20.0,20.4
2008/03/19,20.7,20.7,20.2,20.4
2008/03/20,20.3,21.3,20.1,21.3
2008/03/21,21.9,22.0,21.2,21.3
2008/03/24,22.3,22.5,21.9,22.0
2008/03/25,21.7,22.4,21.7,22.0
2008/03/26,21.9,22.1,21.8,22.1
2008/03/27,22.0,22.0,21.5,21.9
2008/03/28,21.9,21.9,21.6,21.7
2008/03/31,21.7,21.9,20.9,21.2
2008/04/01,21.2,21.2,20.7,21.0
2008/04/02,21.3,22.0,21.0,22.0
2008/04/03,22.0,22.0,21.6,21.6
2008/04/07,21.3,21.6,21.1,21.4
2008/04/08,21.3,21.5,21.1,21.3
2008/04/09,21.2,21.9,21.2,21.6
2008/04/10,21.6,22.2,21.4,22.2
2008/04/11,22.2,23.4,21.9,23.2
2008/04/14,23.2,23.6,22.4,22.9
2008/04/15,23.0,23.2,22.9,23.0
2008/04/16,23.2,24.4,23.1,24.1
2008/04/17,24.1,24.2,23.6,24.1
2008/04/18,23.8,24.0,23.6,24.0
2008/04/21,24.0,24.2,23.7,23.7
2008/04/22,23.7,23.9,23.6,23.9
2008/04/23,23.9,23.9,23.2,23.2
2008/04/24,23.5,23.7,23.2,23.6
2008/04/25,23.6,23.9,23.2,23.2
2008/04/28,23.3,24.1,23.2,24.1
2008/04/29,24.1,24.3,23.3,23.3
2008/04/30,23.8,24.0,23.2,23.8
2008/05/02,24.0,24.2,23.6,23.6
2008/05/05,23.6,23.8,22.8,23.0
2008/05/06,23.0,23.2,22.6,23.2
2008/05/07,23.3,23.5,23.0,23.3
2008/05/08,22.9,22.9,22.9,22.9
2008/05/09,22.9,22.9,22.3,22.3
2008/05/12,22.2,22.5,22.1,22.3
2008/05/13,22.4,23.1,22.3,23.1
2008/05/14,23.0,23.2,22.9,23.0
2008/05/15,23.2,23.5,23.2,23.5
2008/05/16,23.5,23.8,23.5,23.5
2008/05/19,23.6,23.7,23.1,23.3
2008/05/20,23.3,23.4,21.8,22.4
2008/05/21,22.2,22.5,22.0,22.4
2008/05/22,21.8,22.3,21.5,22.1
2008/05/23,22.2,22.3,21.7,21.8
2008/05/26,21.7,21.8,21.4,21.5
2008/05/27,21.6,21.8,21.3,21.7
2008/05/28,21.7,21.7,21.3,21.3
2008/05/29,21.6,21.7,21.4,21.4
2008/05/30,21.6,21.8,21.1,21.1
2008/06/02,21.3,22.0,21.3,22.0
2008/06/03,21.5,21.8,21.2,21.5
2008/06/04,21.5,21.6,21.4,21.6
2008/06/05,21.4,21.7,20.8,21.6
2008/06/06,21.7,21.7,21.3,21.4
2008/06/09,20.8,21.2,20.8,21.2
2008/06/10,21.0,21.1,20.3,20.3
2008/06/11,20.4,20.7,20.3,20.4
2008/06/12,20.0,20.4,20.0,20.1
2008/06/13,20.4,20.4,20.0,20.2
2008/06/16,20.5,20.6,20.3,20.6
2008/06/17,20.8,21.0,20.4,21.0
2008/06/18,20.8,21.0,20.7,20.7
2008/06/19,20.5,20.6,20.2,20.5
2008/06/20,20.5,20.8,20.3,20.5
2008/06/23,20.1,20.8,20.1,20.7
2008/06/24,20.6,20.8,20.4,20.6
2008/06/25,20.7,21.4,20.7,21.2
2008/06/26,21.3,21.4,21.0,21.2
2008/06/27,19.7,20.6,19.7,20.6
2008/06/30,20.8,21.3,20.4,21.3
2008/07/01,21.1,21.3,20.8,20.9
2008/07/02,20.8,21.0,19.5,19.5
2008/07/03,18.9,19.4,18.7,19.3
2008/07/04,19.1,19.5,18.8,18.8
2008/07/07,18.8,19.1,18.7,18.9
2008/07/08,18.8,18.8,17.9,18.3
2008/07/09,18.4,18.7,17.7,17.7
2008/07/10,17.7,18.1,17.6,17.7
2008/07/11,17.7,18.5,17.6,18.3
2008/07/14,18.2,18.3,17.8,18.1
2008/07/15,17.8,17.9,17.3,17.4
2008/07/16,17.5,17.8,17.4,17.7
2008/07/17,18.2,18.6,18.0,18.6
2008/07/18,18.6,18.7,17.3,17.4
2008/07/21,17.9,18.6,17.9,18.3
2008/07/22,18.4,18.7,18.2,18.2
2008/07/23,18.8,19.5,18.8,19.5
2008/07/24,19.6,19.8,19.2,19.4
2008/07/25,19.1,19.2,18.4,18.6
2008/07/29,18.5,18.5,17.7,18.2
2008/07/30,18.5,18.6,18.0,18.3
2008/07/31,18.5,18.8,18.2,18.4
2008/08/01,18.2,18.5,18.2,18.5
2008/08/04,18.5,18.8,18.4,18.7
2008/08/05,18.5,18.6,18.2,18.4
2008/08/06,17.6,17.6,17.3,17.4
2008/08/07,17.4,17.5,17.0,17.3
2008/08/08,16.9,17.6,16.9,17.5
2008/08/11,17.6,17.6,17.3,17.3
2008/08/12,17.3,17.5,17.2,17.3
2008/08/13,17.3,17.7,17.3,17.6
2008/08/14,17.6,17.7,17.3,17.5
2008/08/15,17.7,17.7,17.1,17.5
2008/08/18,17.3,17.3,16.5,16.9
2008/08/19,16.8,17.2,16.6,16.9
2008/08/20,16.9,17.1,16.8,16.9
2008/08/21,16.8,16.9,16.7,16.9
2008/08/22,17.1,17.2,16.5,16.9
2008/08/25,17.0,17.3,16.8,17.3
2008/08/26,17.1,17.2,16.9,17.2
2008/08/27,17.2,17.4,16.9,17.3
2008/08/28,17.3,17.4,17.2,17.3
2008/08/29,17.3,17.7,17.3,17.7
2008/09/01,17.6,17.6,16.9,16.9
2008/09/02,16.9,17.2,16.7,16.9
2008/09/03,16.9,17.0,16.2,16.4
2008/09/04,16.3,16.4,15.3,15.3
2008/09/05,14.6,15.3,14.6,15.0
2008/09/08,16.1,16.1,15.7,16.1
2008/09/09,16.2,16.3,15.9,16.1
2008/09/10,16.3,16.8,15.9,15.9
2008/09/11,16.1,16.1,15.1,15.5
2008/09/12,15.6,15.9,15.4,15.9
2008/09/15,15.5,15.5,14.8,15.2
2008/09/16,14.1,14.3,14.1,14.1
2008/09/17,14.5,14.8,13.9,14.4
2008/09/18,13.4,13.6,13.4,13.4
2008/09/19,14.3,14.3,13.5,14.2
2008/09/22,14.4,14.5,13.3,13.8
2008/09/23,12.9,13.8,12.9,13.7
2008/09/24,13.8,14.0,13.3,13.4
2008/09/25,13.0,13.5,13.0,13.2
2008/09/26,13.2,13.3,12.5,12.7
2008/09/30,11.8,12.7,11.8,12.7
2008/10/01,12.7,12.8,12.1,12.6
2008/10/02,12.7,13.0,12.3,12.7
2008/10/03,12.3,12.5,11.8,12.2
2008/10/06,11.5,11.8,11.3,11.3
2008/10/07,10.7,11.5,10.7,11.5
2008/10/08,11.3,11.4,10.7,10.7
2008/10/09,10.5,10.8,10.1,10.2
2008/10/13,9.9,9.9,9.9,9.9
2008/10/14,10.6,10.6,10.0,10.3
2008/10/15,10.2,10.2,9.9,9.9
2008/10/16,9.6,9.6,9.6,9.6
2008/10/17,9.3,9.7,9.3,9.3
2008/10/20,9.0,9.1,9.0,9.0
2008/10/21,8.7,9.0,8.7,8.8
2008/10/22,8.6,8.9,8.5,8.5
2008/10/23,8.2,8.2,8.2,8.2
2008/10/24,7.9,8.0,7.9,7.9
2008/10/27,7.4,7.9,7.4,7.4
2008/10/28,7.0,7.4,6.9,7.0
2008/10/29,7.4,7.4,7.1,7.1
2008/10/30,7.4,7.6,7.3,7.6
2008/10/31,7.9,8.1,7.8,8.1
2008/11/03,8.4,8.7,8.1,8.7
2008/11/04,8.9,9.3,8.6,9.3
2008/11/05,9.4,9.9,9.1,9.3
2008/11/06,8.7,8.8,8.7,8.7
2008/11/07,8.1,9.2,8.1,8.9
2008/11/10,8.9,9.1,8.7,9.0
2008/11/11,8.9,9.0,8.4,8.8
2008/11/12,8.6,8.8,8.3,8.8
2008/11/13,8.3,8.8,8.2,8.5
2008/11/14,8.6,8.7,8.3,8.5
2008/11/17,8.3,8.7,8.3,8.5
2008/11/18,8.5,8.8,8.4,8.4
2008/11/19,8.6,8.6,8.5,8.5
2008/11/20,8.2,8.3,7.9,7.9
2008/11/21,7.5,8.3,7.5,7.9
2008/11/24,8.1,8.2,7.9,8.1
2008/11/25,8.4,8.7,8.3,8.5
2008/11/26,8.6,8.8,8.5,8.5
2008/11/27,8.7,9.1,8.7,8.9
2008/11/28,8.9,9.0,8.8,9.0
2008/12/01,9.3,9.7,9.0,9.7
2008/12/02,9.3,9.7,9.0,9.6
2008/12/03,9.6,9.9,9.3,9.3
2008/12/04,9.4,9.4,8.9,9.1
2008/12/05,9.1,9.3,9.0,9.1
2008/12/08,9.4,9.7,9.4,9.7
2008/12/09,9.9,10.1,9.6,9.6
2008/12/10,9.6,10.2,9.5,10.2
2008/12/11,10.2,10.2,10.0,10.2
2008/12/12,10.0,10.2,9.5,9.5
2008/12/15,9.7,10.2,9.7,10.0
2008/12/16,10.0,10.1,9.8,10.1
2008/12/17,10.3,10.4,10.0,10.2
2008/12/18,10.1,10.3,10.0,10.2
2008/12/19,10.2,10.3,9.8,10.1
2008/12/22,10.2,10.3,9.7,9.7
2008/12/23,9.6,9.9,9.1,9.6
2008/12/24,9.2,9.8,9.2,9.8
2008/12/25,9.7,9.7,9.5,9.7
2008/12/26,9.6,9.7,9.6,9.6
2008/12/29,9.6,9.6,9.2,9.6
2008/12/30,9.7,10.2,9.6,10.1
2008/12/31,10.1,10.2,9.7,10.2
2009/01/05,10.3,10.7,10.2,10.3
2009/01/06,10.2,10.3,10.0,10.0
2009/01/07,10.1,10.2,10.0,10.1
2009/01/08,9.9,9.9,9.4,9.4
2009/01/09,9.2,9.4,9.1,9.3
2009/01/12,9.0,9.6,9.0,9.4
2009/01/13,9.4,9.6,9.2,9.6
2009/01/14,9.4,9.8,9.4,9.4
2009/01/15,9.0,9.0,8.8,8.8
2009/01/16,9.0,9.0,8.6,8.7
2009/01/19,9.0,9.0,8.9,8.9
2009/01/20,8.8,8.8,8.5,8.5
2009/01/21,8.3,8.7,8.3,8.7
2009/02/02,8.8,8.8,8.4,8.6
2009/02/03,8.7,9.0,8.6,8.7
2009/02/04,9.0,9.0,8.7,8.7
2009/02/05,8.6,9.0,8.6,8.7
2009/02/06,8.9,9.3,8.8,9.2
2009/02/09,9.8,9.8,9.2,9.3
2009/02/10,9.5,9.7,9.1,9.2
2009/02/11,9.0,9.2,8.9,9.2
2009/02/12,9.3,9.4,8.9,8.9
2009/02/13,8.9,9.2,8.9,9.2
2009/02/16,9.1,9.2,8.9,9.0
2009/02/17,9.0,9.0,8.7,8.7
2009/02/18,8.6,8.8,8.6,8.7
2009/02/19,8.7,8.8,8.5,8.6
2009/02/20,8.6,8.7,8.4,8.4
2009/02/23,8.3,8.5,8.2,8.3
2009/02/24,8.3,8.4,8.1,8.3
2009/02/25,8.4,8.8,8.4,8.8
2009/02/26,8.8,9.0,8.5,8.6
2009/02/27,8.6,8.7,8.5,8.5
2009/03/02,8.4,8.4,7.9,7.9
2009/03/03,7.7,8.0,7.6,8.0
2009/03/04,8.1,8.2,7.8,8.1
2009/03/05,8.3,8.5,8.3,8.4
2009/03/06,8.3,8.4,8.3,8.4
2009/03/09,8.4,8.5,8.2,8.4
2009/03/10,8.4,8.8,8.4,8.7
2009/03/11,9.0,9.2,8.9,9.0
2009/03/12,9.0,9.0,8.8,8.9
2009/03/13,9.1,9.3,9.0,9.2
2009/03/16,9.3,9.5,9.1,9.5
2009/03/17,9.6,10.0,9.6,10.0
2009/03/18,10.1,10.1,9.8,10.0
2009/03/19,10.0,10.2,9.8,9.9
2009/03/20,9.8,9.8,9.5,9.5
2009/03/23,9.6,10.1,9.6,10.1
2009/03/24,10.5,10.8,10.3,10.7
2009/03/25,10.7,10.8,10.4,10.8
2009/03/26,10.8,11.1,10.5,11.0
2009/03/27,11.2,11.4,11.0,11.1
2009/03/30,10.9,11.0,10.3,10.5
2009/03/31,10.4,11.0,10.4,10.8
2009/04/01,10.9,11.0,10.7,10.8
2009/04/02,11.1,11.4,11.0,11.4
2009/04/03,11.4,12.2,11.4,12.2
2009/04/06,12.4,13.0,12.2,13.0
2009/04/07,12.9,13.3,12.5,13.3
2009/04/08,13.1,13.1,12.4,12.4
2009/04/09,12.2,13.0,12.1,13.0
2009/04/10,13.4,13.8,13.3,13.8
2009/04/13,13.8,14.0,13.6,14.0
2009/04/14,13.9,13.9,13.2,13.6
2009/04/15,13.3,13.3,13.0,13.2
2009/04/16,13.8,14.0,13.4,13.8
2009/04/17,13.8,13.8,12.9,12.9
2009/04/20,12.9,13.0,12.2,12.4
2009/04/21,12.1,12.4,11.8,12.4
2009/04/22,12.4,12.4,12.2,12.2
2009/04/23,12.2,12.4,11.8,12.3
2009/04/24,12.3,12.6,11.8,12.0
2009/04/27,12.2,12.2,11.2,11.3
2009/04/28,11.4,11.6,10.9,11.0
2009/04/29,11.1,11.3,11.0,11.1
2009/04/30,11.9,11.9,11.9,11.9
2009/05/04,12.7,12.7,12.7,12.7
2009/05/05,13.6,13.6,13.0,13.5
2009/05/06,13.3,13.7,13.0,13.7
2009/05/07,13.7,13.7,13.2,13.4
2009/05/08,13.0,13.3,13.0,13.3
2009/05/11,13.1,13.9,13.1,13.7
2009/05/12,13.3,13.4,12.9,13.1
2009/05/13,13.0,13.3,13.0,13.0
2009/05/14,12.7,12.8,12.3,12.4
2009/05/15,12.5,12.8,12.3,12.8
2009/05/18,12.8,13.1,12.5,13.1
2009/05/19,13.4,14.0,13.4,13.5
2009/05/20,13.8,14.4,13.6,14.4
2009/05/21,14.3,14.5,14.0,14.5
2009/05/22,14.2,14.5,14.1,14.4
2009/05/25,14.9,15.0,14.4,14.6
2009/05/26,14.8,14.8,14.2,14.2
2009/05/27,14.4,14.9,14.2,14.6
2009/06/01,14.6,14.7,14.3,14.6
2009/06/02,14.6,14.7,14.3,14.3
2009/06/03,13.8,14.1,13.8,14.0
2009/06/04,14.0,14.1,13.1,13.4
2009/06/05,13.5,13.5,13.3,13.4
2009/06/08,13.7,13.7,13.1,13.2
2009/06/09,13.1,13.3,12.6,12.6
2009/06/10,12.7,13.0,12.6,13.0
2009/06/11,13.0,13.5,12.7,13.5
2009/06/12,13.3,13.3,12.9,13.0
2009/06/15,12.9,13.0,12.5,12.7
2009/06/16,12.7,12.9,12.2,12.4
2009/06/17,12.4,12.8,12.3,12.4
2009/06/18,12.5,12.6,11.8,11.9
2009/06/19,12.2,12.4,12.0,12.4
2009/06/22,12.4,12.6,12.2,12.5
2009/06/23,12.3,12.3,12.1,12.2
2009/06/24,12.4,13.0,12.2,13.0
2009/06/25,13.2,13.6,13.0,13.3
2009/06/26,13.6,13.7,13.4,13.5
2009/06/29,13.8,13.8,13.0,13.0
2009/06/30,13.3,13.5,13.0,13.4
2009/07/01,13.6,14.3,13.4,14.3
2009/07/02,14.4,14.8,14.2,14.7
2009/07/03,14.9,15.3,14.8,14.9
2009/07/06,15.2,15.2,14.7,14.7
2009/07/07,14.7,15.1,14.7,14.7
2009/07/08,14.5,14.6,14.2,14.3
2009/07/09,14.5,15.1,14.4,14.5
2009/07/10,14.6,14.7,14.3,14.4
2009/07/13,14.3,14.3,13.4,13.4
2009/07/14,13.4,13.8,13.4,13.6
2009/07/15,13.8,14.2,13.7,14.1
2009/07/16,14.6,14.7,14.2,14.3
2009/07/17,14.5,14.6,14.2,14.6
2009/07/20,14.7,15.0,14.7,14.9
2009/07/21,15.1,15.1,14.5,14.7
2009/07/22,15.1,15.3,15.0,15.0
2009/07/23,15.0,15.2,14.7,15.2
2009/07/24,15.3,15.4,15.2,15.2
2009/07/27,15.4,15.7,15.3,15.6
2009/07/28,15.7,16.0,15.7,16.0
2009/07/29,16.0,16.1,15.5,15.6
2009/07/30,15.5,15.6,15.1,15.3
2009/07/31,15.4,15.6,15.2,15.2
2009/08/03,15.2,15.5,15.1,15.5
2009/08/04,15.8,16.0,15.6,15.7
2009/08/05,15.7,15.7,14.9,15.1
2009/08/06,15.4,15.7,15.1,15.7
2009/08/10,15.6,16.0,15.3,15.9
2009/08/11,16.0,16.1,15.6,15.7
2009/08/12,15.7,15.7,15.3,15.3
2009/08/13,15.6,15.9,15.4,15.7
2009/08/14,15.8,15.9,15.6,15.7
2009/08/17,15.4,15.7,15.2,15.2
2009/08/18,15.1,15.3,14.6,14.9
2009/08/19,15.0,15.2,14.9,15.0
2009/08/20,15.0,15.0,14.4,14.5
2009/08/21,14.7,14.8,14.2,14.3
2009/08/24,14.5,15.3,14.5,15.3
2009/08/25,15.3,15.3,14.8,14.8
2009/08/26,14.7,14.9,14.4,14.6
2009/08/27,14.6,14.7,14.4,14.5
2009/08/28,14.6,15.0,14.5,14.8
2009/08/31,14.9,14.9,14.4,14.5
2009/09/01,14.7,15.2,14.5,15.2
2009/09/02,14.9,15.3,14.9,15.2
2009/09/03,15.2,15.4,15.0,15.3
2009/09/04,15.4,15.6,15.3,15.5
2009/09/07,15.9,16.1,15.8,15.9
2009/09/08,16.1,16.1,15.7,16.0
2009/09/09,16.3,16.5,16.0,16.0
2009/09/10,17.1,17.1,16.5,16.7
2009/09/11,17.0,17.4,16.9,17.3
2009/09/14,17.3,17.4,16.9,17.0
2009/09/15,16.9,17.0,16.6,16.9
2009/09/16,17.2,17.5,17.0,17.5
2009/09/17,17.7,18.1,17.7,18.0
2009/09/18,17.9,18.2,17.6,18.2
2009/09/21,18.3,18.4,17.8,17.8
2009/09/22,18.0,18.3,17.9,17.9
2009/09/23,18.0,18.1,17.1,17.4
2009/09/24,17.4,17.5,16.7,17.2
2009/09/25,17.1,17.5,17.1,17.3
2009/09/28,17.3,17.3,17.0,17.2
2009/09/29,17.3,17.8,17.3,17.8
2009/09/30,17.9,18.1,17.7,18.1
2009/10/01,18.5,19.2,18.1,18.5
2009/10/02,18.0,18.2,17.9,18.0
2009/10/05,18.0,18.0,17.7,18.0
2009/10/06,18.1,18.1,17.7,18.0
2009/10/07,18.2,18.4,18.0,18.3
2009/10/08,18.0,18.3,17.8,17.9
2009/10/09,18.1,18.5,18.0,18.1
2009/10/12,18.3,18.3,17.8,18.1
2009/10/13,17.7,17.8,17.5,17.8
2009/10/14,17.9,18.0,17.7,17.9
2009/10/15,18.1,18.3,17.8,18.0
2009/10/16,17.9,18.1,17.8,17.9
2009/10/19,17.8,17.9,17.7,17.8
2009/10/20,17.9,18.0,17.8,17.8
2009/10/21,17.8,17.9,17.6,17.6
2009/10/22,17.5,17.6,17.1,17.3
2009/10/23,17.5,17.5,17.3,17.4
2009/10/26,17.5,17.9,17.5,17.5
2009/10/27,17.4,17.5,17.2,17.5
2009/10/28,17.3,17.5,16.9,17.0
2009/10/29,16.7,16.7,16.0,16.3
2009/10/30,16.6,16.6,16.3,16.4
2009/11/02,16.1,16.3,16.0,16.3
2009/11/03,16.3,16.4,16.1,16.1
2009/11/04,16.3,17.2,16.1,17.2
2009/11/05,17.2,17.2,16.9,16.9
2009/11/06,17.2,17.5,17.1,17.3
2009/11/09,18.0,18.0,17.5,17.6
2009/11/10,17.7,17.8,17.5,17.7
2009/11/11,17.6,17.8,17.4,17.7
2009/11/12,17.7,17.8,17.6,17.7
2009/11/13,17.7,17.7,17.3,17.4
2009/11/16,17.6,17.8,17.5,17.8
2009/11/17,18.0,18.0,17.1,17.2
2009/11/18,17.2,17.3,17.0,17.1
2009/11/19,16.9,17.1,16.9,17.0
2009/11/20,16.9,16.9,16.6,16.7
2009/11/23,16.7,16.8,16.6,16.7
2009/11/24,16.7,16.9,16.7,16.9
2009/11/25,16.8,17.2,16.8,17.2
2009/11/26,17.2,17.3,16.8,16.8
2009/11/27,16.4,16.4,16.0,16.0
2009/11/30,16.1,16.3,16.1,16.1
2009/12/01,16.1,16.8,16.1,16.8
2009/12/02,17.0,17.0,16.6,16.6
2009/12/03,16.9,16.9,16.4,16.5
2009/12/04,16.4,16.5,16.1,16.2
2009/12/07,16.3,16.6,16.2,16.4
2009/12/08,16.4,16.5,16.2,16.4
2009/12/09,16.2,16.4,16.1,16.1
2009/12/10,16.2,16.3,15.8,16.1
2009/12/11,16.1,16.2,16.0,16.2
2009/12/14,16.1,16.2,15.9,16.1
2009/12/15,16.1,16.2,16.0,16.1
2009/12/16,16.0,16.1,15.8,15.8
2009/12/17,16.0,16.0,15.7,15.8
2009/12/18,15.7,16.0,15.6,16.0
2009/12/21,15.9,16.1,15.9,15.9
2009/12/22,16.1,16.2,16.0,16.1
2009/12/23,16.1,16.2,16.0,16.1
2009/12/24,16.1,16.3,16.1,16.2
2009/12/25,16.2,16.3,16.1,16.2
2009/12/28,16.2,16.5,16.2,16.4
2009/12/29,16.4,16.5,16.3,16.4
2009/12/30,16.4,16.5,16.3,16.5
2009/12/31,16.5,16.6,16.4,16.4
2010/01/04,16.5,16.6,16.4,16.5
2010/01/05,16.6,16.8,16.5,16.7
2010/01/06,16.7,16.9,16.5,16.9
2010/01/07,16.9,17.0,16.7,16.7
2010/01/08,16.7,17.0,16.6,16.8
2010/01/11,16.8,16.9,16.8,16.8
2010/01/12,16.9,16.9,16.6,16.7
2010/01/13,16.6,16.6,16.4,16.4
2010/01/14,16.4,16.6,16.4,16.5
2010/01/15,16.5,16.6,16.4,16.5
2010/01/18,16.4,16.4,16.3,16.4
2010/01/19,16.4,16.5,16.2,16.3
2010/01/20,16.3,16.4,16.1,16.1
2010/01/21,16.1,16.3,16.1,16.3
2010/01/22,16.1,16.3,16.0,16.0
2010/01/25,16.0,16.0,15.8,15.9
2010/01/26,15.9,15.9,15.3,15.3
2010/01/27,15.4,15.5,15.1,15.2
2010/01/28,15.3,15.5,15.3,15.3
2010/01/29,15.2,15.3,15.0,15.3
2010/02/01,15.3,15.4,15.2,15.3
2010/02/02,15.5,15.5,15.0,15.1
2010/02/03,15.4,15.6,15.2,15.5
2010/02/04,15.5,15.5,15.3,15.3
2010/02/05,15.0,15.1,14.7,14.7
2010/02/08,15.1,15.1,14.9,15.0
2010/02/09,15.1,15.3,15.0,15.3
2010/02/10,15.5,15.5,15.3,15.3
2010/02/22,15.6,15.9,15.5,15.8
2010/02/23,16.0,16.1,15.7,16.1
2010/02/24,16.0,16.1,15.8,16.0
2010/02/25,16.0,16.1,15.6,15.7
2010/02/26,15.7,15.8,15.6,15.7
2010/03/01,15.7,16.1,15.7,15.8
2010/03/02,16.0,16.0,15.8,15.9
2010/03/03,16.0,16.2,16.0,16.1
2010/03/04,16.2,16.2,15.7,15.7
2010/03/05,15.9,16.1,15.8,16.0
2010/03/08,16.1,16.2,16.0,16.2
2010/03/09,16.2,16.3,16.1,16.3
2010/03/10,16.3,16.4,16.1,16.2
2010/03/11,16.1,16.3,16.0,16.0
2010/03/12,16.1,16.1,16.0,16.0
2010/03/15,16.0,16.0,15.7,15.7
2010/03/16,15.8,15.9,15.7,15.8
2010/03/17,16.0,16.3,15.9,16.3
2010/03/18,16.3,16.4,16.1,16.2
2010/03/19,16.2,16.3,16.1,16.1
2010/03/22,16.1,16.2,15.9,16.1
2010/03/23,16.2,16.2,16.1,16.1
2010/03/24,16.3,16.3,16.1,16.1
2010/03/25,16.1,16.1,15.9,16.1
2010/03/26,16.0,16.3,15.8,16.1
2010/03/29,16.1,16.3,16.1,16.3
2010/03/30,16.4,16.5,16.2,16.5
2010/03/31,16.3,16.5,16.1,16.3
2010/04/01,16.3,16.5,16.3,16.5
2010/04/02,16.5,16.5,16.5,16.5
2010/04/06,16.5,16.6,16.5,16.5
2010/04/07,16.5,16.6,16.5,16.6
2010/04/08,16.5,16.7,16.5,16.6
2010/04/09,16.6,16.7,16.5,16.6
2010/04/12,16.6,16.7,16.5,16.6
2010/04/13,16.5,16.6,16.4,16.4
2010/04/14,16.4,16.6,16.4,16.5
2010/04/15,16.6,16.7,16.5,16.6
2010/04/16,16.6,16.6,16.5,16.6
2010/04/19,16.3,16.3,16.0,16.1
2010/04/20,16.2,16.2,16.0,16.1
2010/04/21,16.1,16.3,16.1,16.1
2010/04/22,16.1,16.1,15.8,16.0
2010/04/23,16.1,16.1,15.9,16.0
2010/04/26,16.1,16.5,16.1,16.3
2010/04/27,16.4,16.5,16.3,16.3
2010/04/28,15.9,16.3,15.8,16.1
2010/04/29,16.3,16.3,16.1,16.1
2010/04/30,16.1,16.4,16.1,16.3
2010/05/03,16.2,16.3,16.1,16.2
2010/05/04,16.2,16.3,16.0,16.1
2010/05/05,15.8,15.9,15.7,15.7
2010/05/06,15.7,15.7,15.5,15.5
2010/05/07,15.3,15.5,15.3,15.4
2010/05/10,15.4,15.6,15.3,15.5
2010/05/11,15.6,15.6,15.3,15.3
2010/05/12,15.3,15.4,15.3,15.3
2010/05/13,15.5,15.8,15.4,15.7
2010/05/14,15.6,15.8,15.6,15.7
2010/05/17,15.5,15.6,15.3,15.5
2010/05/18,15.5,15.5,15.4,15.5
2010/05/19,15.4,15.5,15.3,15.4
2010/05/20,15.4,15.4,15.2,15.2
2010/05/21,15.0,15.0,14.8,14.9
2010/05/24,14.9,15.1,14.8,14.9
2010/05/25,14.8,14.8,14.5,14.5
2010/05/26,14.6,14.9,14.5,14.7
2010/05/27,14.8,14.9,14.5,14.8
2010/05/28,14.7,14.9,14.7,14.9
2010/05/31,15.0,15.0,14.8,15.0
2010/06/01,15.0,15.0,14.7,14.7
2010/06/02,14.7,14.8,14.5,14.5
2010/06/03,14.7,14.8,14.6,14.8
2010/06/04,14.8,14.8,14.6,14.7
2010/06/07,14.3,14.6,14.2,14.6
2010/06/08,14.6,14.7,14.5,14.5
2010/06/09,14.5,14.7,14.4,14.5
2010/06/10,14.9,14.9,14.5,14.7
2010/06/11,15.0,15.2,14.9,15.1
2010/06/14,15.3,15.4,15.2,15.3
2010/06/15,15.3,15.7,15.3,15.6
2010/06/17,15.7,15.7,15.5,15.7
2010/06/18,15.7,15.7,15.4,15.6
2010/06/21,15.7,15.8,15.5,15.7
2010/06/22,15.7,15.7,15.6,15.7
2010/06/23,15.7,15.7,15.5,15.6
2010/06/24,15.7,15.8,15.6,15.8
2010/06/25,15.7,15.9,15.6,15.7
2010/06/28,15.8,16.0,15.7,15.8
2010/06/29,16.0,16.0,15.6,15.7
2010/06/30,15.4,15.5,15.3,15.3
2010/07/01,15.4,15.4,15.2,15.3
2010/07/02,15.4,16.3,15.4,16.0
2010/07/05,16.3,16.4,16.1,16.4
2010/07/06,16.1,16.5,16.1,16.4
2010/07/07,16.4,16.4,16.2,16.3
2010/07/08,16.5,16.5,16.2,16.3
2010/07/09,16.5,16.5,16.2,16.3
2010/07/12,16.4,16.5,16.2,16.2
2010/07/13,16.3,16.3,16.1,16.2
2010/07/14,16.5,17.1,16.5,17.1
2010/07/15,17.0,17.0,16.9,16.9
2010/07/16,17.1,17.3,16.8,16.9
2010/07/19,16.9,17.2,16.9,17.0
2010/07/20,17.1,17.1,16.9,17.0
2010/07/21,17.0,17.1,16.8,16.9
2010/07/22,17.0,17.1,16.8,16.8
2010/07/23,16.9,17.0,16.9,16.9
2010/07/26,17.1,17.1,16.9,16.9
2010/07/27,17.0,17.0,16.8,16.8
2010/07/28,16.8,17.0,16.8,16.9
2010/07/29,17.0,17.0,16.8,16.9
2010/07/30,16.9,17.0,16.8,17.0
2010/08/02,17.1,17.7,17.1,17.6
2010/08/03,17.7,17.9,17.7,17.9
2010/08/04,18.0,18.0,17.7,17.7
2010/08/05,17.9,17.9,17.7,17.8
2010/08/06,17.9,17.9,17.7,17.8
2010/08/09,17.8,18.2,17.8,18.1
2010/08/10,18.3,18.3,17.9,18.1
2010/08/11,17.3,17.4,16.9,17.1
2010/08/12,16.9,17.2,16.8,17.1
2010/08/13,17.1,17.1,16.9,17.1
2010/08/16,17.1,17.3,16.9,17.1
2010/08/17,17.1,17.1,17.0,17.0
2010/08/18,17.0,17.3,17.0,17.3
2010/08/19,17.1,17.3,16.9,17.0
2010/08/20,17.1,17.2,17.0,17.0
2010/08/23,17.1,17.6,17.0,17.4
2010/08/24,17.7,17.8,17.4,17.7
2010/08/25,17.6,17.6,17.0,17.0
2010/08/26,17.0,17.1,16.6,16.8
2010/08/27,16.9,17.4,16.8,17.2
2010/08/30,17.3,17.6,17.3,17.5
2010/08/31,17.4,17.4,17.2,17.2
2010/09/01,17.4,17.7,17.3,17.5
2010/09/02,17.7,17.7,17.5,17.5
2010/09/03,17.7,17.7,17.5,17.6
2010/09/06,17.7,17.7,17.5,17.6
2010/09/07,17.7,17.7,17.5,17.6
2010/09/08,17.6,17.7,17.3,17.7
2010/09/09,17.7,17.7,17.5,17.5
2010/09/10,17.6,17.6,17.5,17.6
2010/09/13,17.7,18.2,17.7,18.2
2010/09/14,18.4,18.5,18.1,18.5
2010/09/15,18.6,18.8,18.5,18.8
2010/09/16,18.8,18.9,18.5,18.5
2010/09/17,18.8,18.9,18.5,18.5
2010/09/20,18.5,18.6,18.4,18.5
2010/09/21,18.7,18.8,18.4,18.7
2010/09/23,18.4,19.1,18.4,19.1
2010/09/24,18.9,19.1,18.6,18.8
2010/09/27,18.9,19.0,18.7,18.9
2010/09/28,18.9,18.9,18.6,18.7
2010/09/29,18.7,18.9,18.6,18.8
2010/09/30,18.6,18.7,18.5,18.6
2010/10/01,18.6,18.7,18.5,18.7
2010/10/04,18.7,19.0,18.7,18.9
2010/10/05,18.9,18.9,18.6,18.7
2010/10/06,18.9,19.3,18.9,19.3
2010/10/07,19.3,19.4,19.1,19.3
2010/10/08,19.3,19.3,19.0,19.2
2010/10/11,19.3,19.3,18.7,18.9
2010/10/12,18.9,18.9,18.5,18.6
2010/10/13,18.7,18.8,18.5,18.6
2010/10/14,18.8,19.3,18.8,19.1
2010/10/15,19.3,19.3,19.0,19.2
2010/10/18,19.2,19.2,18.6,18.6
2010/10/19,18.6,18.6,18.4,18.5
2010/10/20,18.4,18.5,18.2,18.3
2010/10/21,18.3,18.5,18.2,18.3
2010/10/22,18.3,18.3,18.1,18.2
2010/10/25,18.2,18.6,18.2,18.5
2010/10/26,18.6,18.8,18.5,18.8
2010/10/27,18.9,19.0,18.6,18.8
2010/10/28,18.6,18.9,18.5,18.8
2010/10/29,18.9,18.9,18.5,18.9
2010/11/01,18.8,19.1,18.8,19.0
2010/11/02,19.2,19.2,18.9,19.0
2010/11/03,19.0,19.2,18.9,19.0
2010/11/04,19.0,19.2,18.9,19.0
2010/11/05,19.2,19.2,19.0,19.2
2010/11/08,19.2,19.3,19.0,19.1
2010/11/09,18.9,19.0,18.7,19.0
2010/11/10,18.9,19.0,18.8,18.9
2010/11/11,18.7,18.9,18.7,18.9
2010/11/12,18.7,18.8,18.4,18.5
2010/11/15,18.5,18.5,18.0,18.1
2010/11/16,18.1,18.4,17.8,18.4
2010/11/17,18.2,18.2,17.7,17.8
2010/11/18,17.8,18.0,17.7,17.8
2010/11/19,18.0,18.0,17.7,18.0
2010/11/22,18.0,18.1,17.9,18.0
2010/11/23,18.0,18.1,17.7,17.9
2010/11/24,17.7,17.9,17.7,17.7
2010/11/25,17.7,18.2,17.7,18.2
2010/11/26,18.2,18.2,18.0,18.1
2010/11/29,18.4,18.4,17.9,18.1
2010/11/30,18.0,18.2,18.0,18.0
2010/12/01,18.3,18.9,18.2,18.9
2010/12/02,19.0,19.3,18.9,19.1
2010/12/03,19.0,19.0,18.7,18.8
2010/12/06,18.8,19.2,18.8,19.0
2010/12/07,19.0,19.1,18.9,19.1
2010/12/08,19.0,19.1,18.9,18.9
2010/12/09,19.1,19.3,19.0,19.1
2010/12/10,19.0,19.2,18.9,19.2
2010/12/13,19.2,19.2,19.0,19.1
2010/12/14,19.1,19.1,18.6,18.9
2010/12/15,18.7,18.8,18.5,18.7
2010/12/16,18.7,18.9,18.7,18.8
2010/12/17,18.8,19.1,18.8,18.9
2010/12/20,19.0,19.1,18.9,18.9
2010/12/21,19.0,19.1,18.9,19.1
2010/12/22,19.1,19.3,19.0,19.3
2010/12/23,19.3,19.8,19.2,19.7
2010/12/24,19.7,19.7,19.4,19.4
2010/12/27,19.5,20.0,19.3,19.8
2010/12/28,19.8,19.9,19.6,19.7
2010/12/29,19.6,20.2,19.6,20.1
2010/12/30,20.1,20.1,19.7,19.7
2010/12/31,19.7,20.2,19.7,19.9
2011/01/03,20.0,20.3,20.0,20.3
2011/01/04,20.3,20.3,19.8,19.9
2011/01/05,19.9,20.0,19.1,19.4
2011/01/06,19.4,19.6,19.2,19.6
2011/01/07,19.5,19.6,19.0,19.3
2011/01/10,19.3,19.4,19.1,19.3
2011/01/11,19.3,19.7,19.2,19.7
2011/01/12,19.7,19.9,19.6,19.8
2011/01/13,19.8,19.9,19.6,19.9
2011/01/14,20.0,20.0,19.7,19.7
2011/01/17,19.7,19.7,19.2,19.3
2011/01/18,19.2,19.7,19.1,19.6
2011/01/19,19.6,19.7,19.4,19.6
2011/01/20,19.5,19.8,19.5,19.7
2011/01/21,19.7,20.0,19.4,19.7
2011/01/24,20.0,20.4,20.0,20.0
2011/01/25,20.2,20.4,20.1,20.1
2011/01/26,20.2,20.4,20.2,20.4
2011/01/27,20.4,21.0,20.3,20.8
2011/01/28,20.8,21.1,20.8,20.9
2011/02/08,21.0,21.1,20.6,20.7
2011/02/09,20.7,20.9,20.3,20.3
2011/02/10,20.1,20.3,19.6,19.6
2011/02/11,19.6,19.7,19.2,19.4
2011/02/14,19.5,20.0,19.3,19.8
2011/02/15,19.4,19.9,18.9,19.9
2011/02/16,19.9,20.0,19.6,19.7
2011/02/17,19.7,19.7,19.3,19.4
2011/02/18,19.9,20.5,19.9,20.4
2011/02/21,20.4,20.4,20.1,20.2
2011/02/22,20.0,20.0,19.6,19.8
2011/02/23,19.7,20.0,19.5,19.6
2011/02/24,19.9,19.9,19.3,19.3
2011/02/25,19.5,19.6,18.9,19.0
2011/03/01,19.1,19.4,19.1,19.3
2011/03/02,19.1,19.3,19.0,19.0
2011/03/03,19.1,19.5,19.0,19.3
2011/03/04,19.5,19.5,19.3,19.5
2011/03/07,19.5,19.7,19.3,19.6
2011/03/08,19.6,19.7,19.6,19.6
2011/03/09,19.8,20.0,19.8,20.0
2011/03/10,20.0,20.1,19.9,20.1
2011/03/11,19.9,20.0,19.7,19.8
2011/03/14,19.6,19.6,18.8,19.5
2011/03/15,19.1,19.3,18.2,18.4
2011/03/16,18.5,18.7,18.3,18.6
2011/03/17,18.4,18.8,18.3,18.7
2011/03/18,18.8,19.1,18.7,18.9
2011/03/21,18.9,19.3,18.7,19.2
2011/03/22,19.3,19.9,19.1,19.6
2011/03/23,19.6,19.9,19.5,19.9
2011/03/24,20.0,20.1,19.8,20.0
2011/03/25,20.0,20.1,19.9,20.0
2011/03/28,20.1,20.2,20.0,20.0
2011/03/29,20.1,20.3,20.0,20.2
2011/03/30,20.2,20.5,20.2,20.4
2011/03/31,20.4,20.6,20.3,20.5
2011/04/01,20.5,20.5,20.3,20.4
2011/04/06,20.6,20.9,20.5,20.9
2011/04/07,20.9,21.0,20.7,20.8
2011/04/08,20.6,20.8,20.5,20.8
2011/04/11,20.7,20.8,20.4,20.7
2011/04/12,20.5,20.5,20.1,20.2
2011/04/13,20.2,20.4,20.0,20.4
2011/04/14,20.4,20.4,20.1,20.2
2011/04/15,20.2,20.4,20.0,20.0
2011/04/18,20.0,20.3,19.9,20.3
2011/04/19,20.0,20.1,20.0,20.0
2011/04/20,20.1,20.5,20.1,20.4
2011/04/21,20.6,21.2,20.5,21.2
2011/04/22,21.5,21.8,21.3,21.6
2011/04/25,21.8,21.9,21.4,21.5
2011/04/26,21.1,21.4,20.9,21.3
2011/04/27,21.4,22.4,21.4,22.3
2011/04/28,22.4,22.9,22.2,22.2
2011/04/29,22.2,22.2,21.6,22.2
2011/05/03,22.2,22.3,22.0,22.1
2011/05/04,22.1,22.1,21.8,22.0
2011/05/05,21.9,22.4,21.8,22.4
2011/05/06,22.2,22.3,21.9,21.9
2011/05/09,22.0,22.4,21.9,22.1
2011/05/10,22.1,22.2,22.0,22.0
2011/05/11,22.1,22.2,21.8,22.0
2011/05/12,21.8,22.0,21.6,21.8
2011/05/13,21.9,21.9,21.6,21.7
2011/05/16,21.6,21.8,21.5,21.5
2011/05/17,21.6,21.6,21.2,21.5
2011/05/18,21.4,21.6,21.3,21.6
2011/05/19,21.6,22.2,21.5,21.8
2011/05/20,22.0,22.0,21.6,21.6
2011/05/23,21.6,21.6,21.2,21.3
2011/05/24,21.3,21.3,21.2,21.3
2011/05/25,21.3,21.3,21.2,21.2
2011/05/26,21.3,21.6,21.2,21.4
2011/05/27,21.5,21.8,21.5,21.5
2011/05/30,21.5,22.0,21.4,22.0
2011/05/31,22.0,22.0,21.6,21.7
2011/06/01,21.7,22.0,21.7,22.0
2011/06/02,21.7,22.0,21.7,21.9
2011/06/03,21.8,21.9,21.7,21.8
2011/06/07,21.8,21.8,21.5,21.7
2011/06/08,21.6,21.8,21.5,21.6
2011/06/09,21.6,22.1,21.6,22.0
2011/06/10,22.1,22.4,21.8,21.8
2011/06/13,21.6,22.1,21.5,21.7
2011/06/14,21.7,22.0,21.7,22.0
2011/06/15,22.0,22.0,21.5,21.6
2011/06/16,21.5,21.6,21.2,21.3
2011/06/17,21.3,21.6,21.2,21.6
2011/06/20,21.6,21.7,20.5,20.7
2011/06/21,20.8,21.3,20.8,21.2
2011/06/22,21.4,22.0,21.3,21.7
2011/06/23,21.7,21.8,21.5,21.5
2011/06/24,21.5,21.6,21.3,21.3
2011/06/27,21.1,21.3,20.9,21.1
2011/06/28,21.3,21.5,21.1,21.3
2011/06/29,21.6,22.1,21.3,22.1
2011/06/30,22.0,22.3,22.0,22.3
2011/07/01,22.4,23.1,22.3,23.0
2011/07/04,23.2,23.2,22.8,22.9
2011/07/05,22.9,23.2,22.7,23.0
2011/07/06,23.1,23.2,23.1,23.1
2011/07/07,22.9,23.2,22.8,23.1
2011/07/08,23.1,23.5,22.9,23.2
2011/07/11,23.2,23.2,23.0,23.1
2011/07/12,22.8,23.1,22.6,22.8
2011/07/13,22.7,23.2,22.7,23.1
2011/07/14,23.1,23.1,22.8,23.0
2011/07/15,23.0,23.6,23.0,23.5
2011/07/18,23.4,24.0,23.4,23.6
2011/07/19,23.6,24.0,23.5,23.6
2011/07/20,23.7,23.8,23.4,23.7
2011/07/21,23.5,23.7,23.0,23.3
2011/07/22,23.4,24.0,23.2,23.9
2011/07/25,24.0,24.0,23.5,23.6
2011/07/26,23.8,24.8,23.7,24.5
2011/07/27,24.4,25.5,24.4,25.0
2011/07/28,24.6,25.2,24.6,25.0
2011/07/29,24.7,25.1,24.5,24.6
2011/08/01,24.7,25.8,24.7,25.5
2011/08/02,25.5,25.5,24.8,25.0
2011/08/03,24.7,24.7,24.3,24.6
2011/08/04,24.8,26.2,24.8,25.0
2011/08/05,23.6,24.6,23.4,23.6
2011/08/08,23.1,24.0,22.0,22.8
2011/08/09,21.5,23.4,21.4,22.5
2011/08/10,24.0,24.0,23.1,23.7
2011/08/11,23.2,23.8,22.9,23.2
2011/08/12,23.5,23.6,22.7,22.7
2011/08/15,23.0,23.2,22.6,23.2
2011/08/16,23.3,23.4,22.8,22.9
2011/08/17,22.8,23.3,22.7,23.0
2011/08/18,22.9,23.1,22.7,22.9
2011/08/19,22.2,22.7,21.7,21.9
2011/08/22,21.9,22.6,21.6,22.1
2011/08/23,21.7,22.8,21.5,22.7
2011/08/24,22.8,23.4,22.2,23.0
2011/08/25,23.5,23.6,22.5,22.7
2011/08/26,23.0,23.0,22.3,22.6
2011/08/29,23.0,23.4,22.8,22.9
2011/08/30,23.3,23.3,22.8,23.0
2011/08/31,23.2,23.2,22.7,23.2
2011/09/01,23.3,24.0,23.3,23.3
2011/09/02,23.7,23.7,23.3,23.4
2011/09/05,23.0,23.0,22.5,22.5
2011/09/06,22.2,22.2,21.0,21.1
2011/09/07,21.5,21.6,20.2,21.1
2011/09/08,21.3,21.7,21.1,21.4
2011/09/09,21.6,21.9,21.4,21.6
2011/09/13,21.2,21.2,20.1,20.3
2011/09/14,20.5,20.6,18.9,19.1
2011/09/15,19.7,19.8,19.2,19.6
2011/09/16,20.0,20.9,20.0,20.8
2011/09/19,20.6,20.6,19.9,20.0
2011/09/20,20.0,20.3,19.3,19.7
2011/09/21,20.0,20.4,19.6,20.1
2011/09/22,19.5,19.5,19.0,19.1
2011/09/23,18.2,18.6,17.9,18.2
2011/09/26,18.2,18.3,17.2,17.2
2011/09/27,18.1,18.1,17.6,17.8
2011/09/28,18.1,18.4,17.8,18.2
2011/09/29,18.1,19.1,18.0,18.9
2011/09/30,19.2,19.8,19.2,19.3
2011/10/03,18.8,18.9,18.2,18.2
2011/10/04,17.7,18.3,17.6,18.3
2011/10/05,18.3,18.4,18.0,18.0
2011/10/06,18.6,19.1,18.6,18.8
2011/10/07,19.4,19.9,19.3,19.5
2011/10/11,20.4,20.6,20.3,20.4
2011/10/12,20.3,20.3,19.8,20.0
2011/10/13,20.5,20.5,20.0,20.2
2011/10/14,19.9,20.0,19.6,19.6
2011/10/17,19.9,20.4,19.7,20.2
2011/10/18,19.7,20.0,19.6,19.7
2011/10/19,20.0,20.0,19.6,19.9
2011/10/20,19.9,19.9,19.4,19.4
2011/10/21,19.6,19.8,19.5,19.8
2011/10/24,20.2,20.6,20.1,20.4
2011/10/25,20.6,20.8,20.4,20.6
2011/10/26,20.4,20.6,20.3,20.5
2011/10/27,20.6,20.9,20.4,20.6
2011/10/28,21.5,21.7,21.1,21.3
2011/10/31,21.4,21.6,20.9,21.1
2011/11/01,20.8,21.4,20.7,21.1
2011/11/02,20.1,20.8,20.1,20.6
2011/11/03,20.5,20.5,19.9,19.9
2011/11/04,20.4,20.6,20.3,20.5
2011/11/07,20.4,20.4,20.1,20.2
2011/11/08,20.5,20.5,20.0,20.0
2011/11/09,20.3,20.3,19.8,20.0
2011/11/10,19.2,19.5,18.6,18.6
2011/11/11,18.6,18.8,18.3,18.7
2011/11/14,19.0,19.3,18.7,18.7
2011/11/15,18.6,18.7,18.3,18.5
2011/11/16,18.4,18.6,17.9,17.9
2011/11/17,17.5,17.9,17.4,17.7
2011/11/18,17.5,18.1,17.4,17.8
2011/11/21,17.7,18.1,17.6,17.8
2011/11/22,18.6,18.6,17.7,17.9
2011/11/23,17.7,17.9,17.2,17.2
2011/11/24,17.3,18.0,17.3,17.9
2011/11/25,18.0,18.1,17.4,17.4
2011/11/28,17.7,17.8,17.6,17.7
2011/11/29,18.0,18.0,17.7,17.9
2011/11/30,17.9,17.9,17.5,17.6
2011/12/01,18.9,18.9,18.6,18.9
2011/12/02,18.9,19.1,18.6,18.8
2011/12/05,18.9,18.9,18.3,18.6
2011/12/06,18.6,18.6,18.1,18.2
2011/12/07,18.5,18.6,18.4,18.6
2011/12/08,18.6,18.6,18.2,18.5
2011/12/09,18.1,18.6,18.1,18.4
2011/12/12,18.9,18.9,18.6,18.8
2011/12/13,18.4,18.6,18.1,18.1
2011/12/14,18.4,18.4,18.1,18.1
2011/12/15,18.0,18.0,17.4,17.4
2011/12/16,17.6,17.7,17.4,17.6
2011/12/19,17.5,17.5,16.4,16.5
2011/12/20,16.7,16.7,15.9,16.0
2011/12/21,17.1,17.1,16.9,17.1
2011/12/22,17.3,17.8,17.2,17.7
2011/12/23,18.2,18.7,18.1,18.5
2011/12/26,18.5,18.5,18.1,18.1
2011/12/27,18.1,18.3,17.8,18.2
2011/12/28,18.3,18.3,18.1,18.1
2011/12/29,18.1,18.3,17.9,18.3
2011/12/30,18.6,18.7,18.3,18.3
2012/01/02,18.3,18.3,17.6,17.6
2012/01/03,17.6,18.2,17.6,18.1
2012/01/04,18.3,18.6,18.2,18.4
2012/01/05,18.5,18.5,18.2,18.5
2012/01/06,18.5,18.6,18.2,18.5
2012/01/09,18.4,18.4,18.0,18.3
2012/01/10,18.5,18.8,18.4,18.7
2012/01/11,18.9,18.9,18.5,18.5
2012/01/12,18.7,18.7,18.5,18.5
2012/01/13,18.7,18.8,18.5,18.5
2012/01/16,18.9,18.9,17.6,17.7
2012/01/17,17.8,17.9,17.4,17.8
2012/01/18,17.7,17.7,17.1,17.2
2012/01/30,17.7,17.8,17.5,17.5
2012/01/31,17.6,18.5,17.6,18.4
2012/02/01,18.5,19.5,18.3,19.0
2012/02/02,19.4,19.6,19.0,19.3
2012/02/03,19.5,19.6,19.0,19.5
2012/02/06,20.0,20.0,19.4,19.5
2012/02/07,19.7,20.1,19.6,19.7
2012/02/08,20.0,20.5,20.0,20.5
2012/02/09,20.4,20.5,20.2,20.5
2012/02/10,20.5,20.8,20.3,20.8
2012/02/13,20.8,20.9,20.5,20.7
2012/02/14,20.6,20.6,20.0,20.4
2012/02/15,20.4,20.6,20.0,20.6
2012/02/16,20.4,20.4,19.8,19.9
2012/02/17,20.1,20.3,19.4,19.5
2012/02/20,19.6,19.6,19.4,19.4
2012/02/21,19.3,19.3,19.0,19.2
2012/02/22,19.2,20.0,19.1,19.9
2012/02/23,19.9,19.9,19.5,19.5
2012/02/24,19.9,19.9,19.5,19.8
2012/02/29,19.9,20.7,19.9,20.7
2012/03/01,20.4,20.5,20.0,20.4
2012/03/02,20.5,20.5,19.7,19.8
2012/03/05,19.4,19.4,19.0,19.1
2012/03/06,19.0,19.1,18.6,18.8
2012/03/07,18.5,18.7,18.4,18.4
2012/03/08,18.8,19.4,18.6,19.1
2012/03/09,19.0,19.3,18.7,19.2
2012/03/12,19.3,19.3,18.9,19.0
2012/03/13,19.2,19.7,19.2,19.6
2012/03/14,20.1,20.3,19.8,19.9
2012/03/15,20.1,20.2,19.8,20.0
2012/03/16,20.0,20.0,19.5,19.5
2012/03/19,19.5,19.7,19.2,19.4
2012/03/20,19.4,19.4,19.1,19.2
2012/03/21,19.4,19.5,19.2,19.4
2012/03/22,19.4,19.7,19.4,19.6
2012/03/23,19.9,20.0,19.8,19.9
2012/03/26,19.9,19.9,19.3,19.3
2012/03/27,19.4,19.5,19.3,19.4
2012/03/28,19.5,19.5,19.1,19.3
2012/03/29,19.2,19.2,18.8,19.1
2012/03/30,18.9,19.0,18.8,18.9
2012/04/02,18.8,19.0,18.7,18.9
2012/04/03,19.1,19.5,19.1,19.4
2012/04/05,18.8,19.3,18.8,19.1
2012/04/06,19.1,19.2,18.8,19.1
2012/04/09,18.7,19.1,18.6,18.9
2012/04/10,19.1,19.3,18.8,19.0
2012/04/11,18.8,19.5,18.7,19.3
2012/04/12,19.5,19.5,19.1,19.2
2012/04/13,19.5,19.5,19.3,19.4
2012/04/16,19.1,19.5,19.0,19.4
2012/04/17,19.5,19.6,19.2,19.5
2012/04/18,19.7,20.0,19.5,19.6
2012/04/19,19.7,20.1,19.5,19.9
2012/04/20,19.9,20.2,19.5,19.5
2012/04/23,19.4,20.2,19.4,20.2
2012/04/24,20.2,20.2,20.0,20.2
2012/04/25,20.3,20.5,20.0,20.0
2012/04/26,20.3,20.4,20.1,20.3
2012/04/27,20.5,20.5,20.1,20.4
2012/04/30,20.2,20.9,20.2,20.9
2012/05/02,20.8,20.9,20.6,20.7
2012/05/03,20.5,20.6,20.4,20.4
2012/05/04,20.4,20.5,20.2,20.3
2012/05/07,20.0,20.3,19.7,20.2
2012/05/08,20.3,20.4,20.0,20.2
2012/05/09,19.9,20.1,19.8,19.8
2012/05/10,19.8,20.2,19.8,20.1
2012/05/11,20.0,20.1,19.2,19.4
2012/05/14,19.4,19.6,19.3,19.6
2012/05/15,19.5,19.6,19.3,19.6
2012/05/16,19.6,19.7,19.0,19.0
2012/05/17,19.3,19.7,19.1,19.5
2012/05/18,19.1,19.3,18.8,18.8
2012/05/21,19.0,19.1,18.9,19.0
2012/05/22,19.3,19.3,19.0,19.2
2012/05/23,18.9,19.0,18.5,18.6
2012/05/24,18.6,18.7,17.8,18.1
2012/05/25,18.1,18.1,17.8,18.0
2012/05/28,18.1,18.6,18.0,18.4
2012/05/29,18.6,19.0,18.5,18.9
2012/05/30,18.9,19.0,18.6,18.9
2012/05/31,18.4,18.8,18.2,18.8
2012/06/01,18.4,18.5,18.2,18.3
2012/06/04,17.8,18.0,17.4,17.6
2012/06/05,17.9,18.1,17.9,18.1
2012/06/06,18.3,18.5,18.1,18.2
2012/06/07,18.7,18.7,18.5,18.6
2012/06/08,18.8,19.1,18.7,18.8
2012/06/11,19.1,19.3,19.1,19.3
2012/06/12,19.0,19.3,19.0,19.2
2012/06/13,19.3,19.7,19.0,19.6
2012/06/14,19.6,19.7,19.4,19.4
2012/06/15,19.5,19.6,19.3,19.3
2012/06/18,19.9,19.9,19.6,19.7
2012/06/19,19.6,19.6,19.4,19.5
2012/06/20,19.5,19.6,19.4,19.5
2012/06/21,19.1,19.3,19.0,19.0
2012/06/22,18.8,19.3,18.6,19.3
2012/06/25,19.2,19.5,19.0,19.0
2012/06/26,19.0,19.0,18.9,19.0
2012/06/27,19.1,19.7,19.0,19.6
2012/06/28,19.7,19.7,19.4,19.5
2012/06/29,19.5,19.8,19.4,19.8
2012/07/02,20.0,20.3,19.9,20.1
2012/07/03,20.3,20.5,20.1,20.4
2012/07/04,20.5,20.7,20.5,20.7
2012/07/05,20.6,20.8,20.6,20.8
2012/07/06,20.8,20.8,20.5,20.7
2012/07/09,20.5,20.6,20.3,20.5
2012/07/10,20.4,20.5,20.2,20.3
2012/07/11,20.4,20.9,20.2,20.9
2012/07/12,20.9,21.1,20.8,20.9
2012/07/13,20.9,21.1,20.8,21.0
2012/07/16,21.0,21.0,20.7,20.7
2012/07/17,20.6,21.2,20.6,21.2
2012/07/18,21.1,21.1,20.7,20.7
2012/07/19,20.8,21.0,20.7,20.7
2012/07/20,20.7,20.9,20.7,20.9
2012/07/23,20.7,20.9,20.6,20.9
2012/07/24,20.8,20.9,20.6,20.9
2012/07/25,20.7,21.1,20.6,21.1
2012/07/26,21.1,21.3,20.9,20.9
2012/07/27,20.9,21.2,20.9,21.2
2012/07/30,21.2,21.9,21.2,21.4
2012/07/31,21.5,22.0,21.4,22.0
2012/08/01,22.0,22.2,21.9,21.9
2012/08/03,21.8,21.9,21.7,21.7
2012/08/06,21.9,22.2,21.9,21.9
2012/08/07,22.0,22.1,21.6,21.8
2012/08/08,21.3,21.4,21.2,21.4
2012/08/09,21.4,21.8,21.3,21.8
2012/08/10,21.8,21.8,21.3,21.4
2012/08/13,21.5,21.5,21.1,21.3
2012/08/14,21.2,21.4,20.7,20.8
2012/08/15,21.0,21.1,20.8,20.9
2012/08/16,21.0,21.2,20.8,21.0
2012/08/17,21.0,21.1,20.8,21.0
2012/08/20,20.9,21.0,20.8,20.8
2012/08/21,21.0,21.4,21.0,21.4
2012/08/22,21.5,21.7,21.4,21.5
2012/08/23,21.5,21.6,21.3,21.4
2012/08/24,21.4,21.4,21.1,21.2
2012/08/27,21.2,21.3,20.9,20.9
2012/08/28,20.8,20.8,20.6,20.6
2012/08/29,20.8,20.9,20.7,20.8
2012/08/30,20.7,20.8,20.4,20.5
2012/08/31,20.6,20.7,20.4,20.7
2012/09/03,20.9,21.1,20.8,20.8
2012/09/04,20.8,20.8,20.3,20.4
2012/09/05,20.4,20.4,20.1,20.1
2012/09/06,20.2,20.3,20.1,20.1
2012/09/07,20.6,20.6,20.3,20.4
2012/09/10,20.5,20.7,20.5,20.7
2012/09/11,20.7,20.7,20.4,20.4
2012/09/12,20.5,20.8,20.5,20.6
2012/09/13,20.8,20.8,20.7,20.7
2012/09/14,21.0,21.4,20.9,21.4
2012/09/17,21.5,21.9,21.4,21.5
2012/09/18,21.0,21.3,20.8,21.1
2012/09/19,21.0,21.2,20.9,20.9
2012/09/20,20.9,21.1,20.5,20.7
2012/09/21,20.7,20.8,20.6,20.8
2012/09/24,20.8,20.8,20.5,20.7
2012/09/25,20.7,20.8,20.7,20.8
2012/09/26,20.7,20.8,20.5,20.8
2012/09/27,20.8,20.9,20.7,20.9
2012/09/28,20.9,20.9,20.6,20.8
2012/10/01,20.6,20.7,20.5,20.5
2012/10/02,20.7,20.8,20.7,20.8
2012/10/03,20.7,20.7,20.4,20.5
2012/10/04,20.5,20.6,20.4,20.5
2012/10/05,20.5,20.9,20.5,20.8
2012/10/08,20.8,20.8,20.4,20.5
2012/10/09,20.6,20.7,20.5,20.5
2012/10/11,20.3,20.4,20.2,20.2
2012/10/12,20.2,20.3,20.0,20.2
2012/10/15,20.1,20.2,19.9,20.0
2012/10/16,20.0,20.3,20.0,20.2
2012/10/17,20.3,20.3,19.9,20.1
2012/10/18,20.1,20.3,20.0,20.3
2012/10/19,20.3,20.3,20.0,20.2
2012/10/22,20.0,20.3,19.9,20.2
2012/10/23,20.2,20.3,20.1,20.2
2012/10/24,20.0,20.2,19.9,20.0
2012/10/25,20.2,20.2,20.0,20.0
2012/10/26,20.0,20.0,19.4,19.4
2012/10/29,19.3,19.6,19.3,19.4
2012/10/30,19.4,19.7,19.4,19.7
2012/10/31,19.7,19.7,19.3,19.5
2012/11/01,19.3,19.4,19.1,19.3
2012/11/02,19.6,19.8,19.6,19.8
2012/11/05,19.7,19.7,19.5,19.6
2012/11/06,19.7,19.7,19.4,19.6
2012/11/07,19.7,19.8,19.6,19.7
2012/11/08,19.6,19.6,19.3,19.5
2012/11/09,19.3,19.5,19.1,19.5
2012/11/12,19.6,19.6,19.3,19.4
2012/11/13,19.5,19.5,19.1,19.1
2012/11/14,19.1,19.2,19.0,19.1
2012/11/15,19.1,19.1,18.8,18.8
2012/11/16,19.0,19.1,18.9,19.1
2012/11/19,19.2,19.5,19.2,19.3
2012/11/20,19.6,19.7,19.4,19.7
2012/11/21,19.7,19.8,19.3,19.5
2012/11/22,19.7,19.9,19.6,19.6
2012/11/23,19.9,20.1,19.8,20.1
2012/11/26,20.2,20.6,20.2,20.6
2012/11/27,20.6,20.7,20.4,20.6
2012/11/28,20.6,20.6,20.3,20.6
2012/11/29,20.7,20.8,20.6,20.7
2012/11/30,20.7,20.9,20.7,20.9
2012/12/03,20.8,21.0,20.7,20.9
2012/12/04,20.8,20.8,20.7,20.8
2012/12/05,20.8,21.0,20.7,21.0
2012/12/06,21.0,21.0,20.8,21.0
2012/12/07,21.0,21.1,20.9,21.0
2012/12/10,21.0,21.1,20.7,20.7
2012/12/11,20.7,20.7,20.3,20.4
2012/12/12,20.7,21.1,20.6,21.0
2012/12/13,21.1,21.1,20.9,21.1
2012/12/14,20.9,21.1,20.9,21.1
2012/12/17,21.0,21.1,20.7,20.8
2012/12/18,20.8,21.0,20.8,21.0
2012/12/19,21.1,21.3,20.9,21.0
2012/12/20,20.9,20.9,20.7,20.8
2012/12/21,20.8,20.8,20.5,20.6
2012/12/24,20.6,20.7,20.5,20.6
2012/12/25,20.5,20.9,20.5,20.9
2012/12/26,20.8,20.9,20.8,20.9
2012/12/27,20.9,20.9,20.5,20.7
2012/12/28,20.9,20.9,20.7,20.8
2013/01/02,20.9,21.0,20.8,21.0
2013/01/03,21.1,21.2,21.0,21.2
2013/01/04,21.2,21.2,20.9,21.1
2013/01/07,21.0,21.0,20.8,20.9
2013/01/08,20.9,21.0,20.8,21.0
2013/01/09,21.0,21.1,20.8,21.0
2013/01/10,21.1,21.5,21.0,21.5
2013/01/11,21.6,21.7,21.4,21.4
2013/01/14,21.3,21.6,21.0,21.6
2013/01/15,21.6,21.6,21.3,21.4
2013/01/16,21.5,21.6,21.2,21.2
2013/01/17,21.3,21.4,20.9,20.9
2013/01/18,21.3,21.4,21.2,21.3
2013/01/21,21.2,21.3,21.0,21.1
2013/01/22,21.2,21.4,21.2,21.4
2013/01/23,21.4,21.4,21.2,21.4
2013/01/24,21.1,21.3,21.0,21.1
2013/01/25,21.0,21.3,21.0,21.3
2013/01/28,21.4,21.7,21.4,21.7
2013/01/29,21.8,21.9,21.6,21.7
2013/01/30,21.9,21.9,21.7,21.8
2013/01/31,21.8,22.2,21.6,22.2
2013/02/01,22.2,22.2,22.0,22.2
2013/02/04,22.3,23.7,22.3,23.5
2013/02/05,23.2,23.7,23.0,23.1
2013/02/06,23.4,23.8,23.3,23.3
2013/02/18,23.7,23.7,23.1,23.1
2013/02/19,23.1,23.1,22.8,23.0
2013/02/20,23.3,23.5,23.1,23.3
2013/02/21,23.1,23.1,22.9,22.9
2013/02/22,22.7,22.9,22.5,22.7
2013/02/25,22.9,22.9,22.4,22.4
2013/02/26,22.2,22.6,22.2,22.4
2013/02/27,22.6,22.6,22.4,22.5
2013/03/01,22.5,22.9,22.5,22.9
2013/03/04,22.9,22.9,22.5,22.6
2013/03/05,22.8,23.1,22.7,23.1
2013/03/06,23.4,23.4,22.9,22.9
2013/03/07,22.9,23.1,22.9,23.0
2013/03/08,23.1,23.5,23.1,23.3
2013/03/11,23.3,23.5,23.2,23.3
2013/03/12,23.3,23.3,22.9,22.9
2013/03/13,23.1,23.2,22.8,22.8
2013/03/14,22.8,23.1,22.7,22.9
2013/03/15,23.0,23.2,22.7,23.2
2013/03/18,23.0,23.0,22.4,22.5
2013/03/19,22.5,22.6,22.4,22.4
2013/03/20,22.4,22.6,22.2,22.2
2013/03/21,22.2,22.4,22.1,22.1
2013/03/22,22.1,22.1,22.0,22.0
2013/03/25,22.3,22.5,22.3,22.4
2013/03/26,22.4,22.4,22.2,22.2
2013/03/27,22.4,22.4,22.3,22.4
2013/03/28,22.4,22.4,22.0,22.2
2013/03/29,22.1,22.2,22.0,22.2
2013/04/01,22.2,22.3,22.0,22.0
2013/04/02,22.0,22.1,21.8,22.0
2013/04/03,22.2,22.2,22.0,22.2
2013/04/08,21.7,21.7,21.4,21.4
2013/04/09,21.6,21.9,21.4,21.6
2013/04/10,21.6,21.7,21.4,21.7
2013/04/11,21.6,21.7,21.5,21.6
2013/04/12,21.6,21.7,21.4,21.5
2013/04/15,21.4,21.5,21.1,21.3
2013/04/16,21.2,21.2,21.0,21.1
2013/04/17,21.1,21.1,20.7,20.8
2013/04/18,20.8,21.1,20.7,20.9
2013/04/19,20.9,21.3,20.9,21.2
2013/04/22,21.3,21.5,21.3,21.4
2013/04/23,21.1,21.3,20.9,21.3
2013/04/24,21.1,21.5,21.1,21.4
2013/04/25,21.4,21.4,21.3,21.4
2013/04/26,21.3,21.4,21.0,21.0
2013/04/29,21.0,21.1,20.7,20.8
2013/04/30,20.9,21.1,20.9,20.9
2013/05/02,21.1,21.4,21.0,21.3
2013/05/03,21.4,21.6,21.4,21.5
2013/05/06,21.6,21.7,21.4,21.7
2013/05/07,21.6,21.7,21.5,21.6
2013/05/08,21.7,21.9,21.6,21.6
2013/05/09,21.8,21.9,21.6,21.6
2013/05/10,21.6,21.8,21.5,21.5
2013/05/13,21.7,21.7,21.4,21.4
2013/05/14,21.6,21.7,21.4,21.4
2013/05/15,21.5,21.8,21.5,21.7
2013/05/16,21.9,22.5,21.9,22.3
2013/05/17,22.3,22.5,22.2,22.2
2013/05/20,22.2,22.6,22.0,22.5
2013/05/21,22.5,22.5,22.3,22.3
2013/05/22,22.3,22.4,22.3,22.3
2013/05/23,22.3,22.3,21.7,21.8
2013/05/24,21.8,21.9,21.6,21.6
2013/05/27,21.6,22.0,21.5,22.0
2013/05/28,21.9,22.1,21.9,22.0
2013/05/29,22.1,22.2,21.9,22.0
2013/05/30,21.9,22.0,21.7,21.8
2013/05/31,22.0,22.1,21.7,22.1
2013/06/03,21.9,22.0,21.8,21.8
2013/06/04,21.8,21.9,21.5,21.5
2013/06/05,21.5,21.5,21.3,21.3
2013/06/06,21.2,21.3,21.0,21.0
2013/06/07,21.0,21.2,20.9,21.1
2013/06/10,21.2,21.5,21.1,21.5
2013/06/11,21.4,21.5,21.3,21.3
2013/06/13,21.1,21.2,20.8,20.8
2013/06/14,20.8,20.9,20.8,20.8
2013/06/17,20.8,20.9,20.8,20.8
2013/06/18,20.9,20.9,20.8,20.8
2013/06/19,20.8,21.0,20.8,20.8
2013/06/20,20.8,20.9,20.6,20.8
2013/06/21,20.7,20.9,20.3,20.9
2013/06/24,20.8,20.8,20.4,20.4
2013/06/25,20.4,20.7,20.3,20.3
2013/06/26,20.5,20.5,20.2,20.3
2013/06/27,20.4,20.7,20.4,20.6
2013/06/28,20.6,20.9,20.6,20.9
2013/07/01,20.9,21.2,20.7,21.1
2013/07/02,21.2,21.3,20.9,21.1
2013/07/03,21.1,21.2,20.8,21.1
2013/07/04,21.0,21.5,20.9,21.5
2013/07/05,21.7,21.7,21.4,21.4
2013/07/08,21.3,21.4,21.1,21.3
2013/07/09,21.3,21.8,21.3,21.7
2013/07/10,21.9,22.5,21.9,22.3
2013/07/11,22.4,22.8,22.3,22.7
2013/07/12,22.7,22.8,22.6,22.8
2013/07/15,22.4,22.8,22.4,22.8
2013/07/16,22.8,22.8,22.5,22.7
2013/07/17,22.7,23.1,22.3,23.1
2013/07/18,23.0,23.1,22.8,23.0
2013/07/19,23.0,23.1,22.7,22.9
2013/07/22,23.0,23.1,23.0,23.0
2013/07/23,23.1,23.4,22.8,23.1
2013/07/24,23.1,23.1,22.9,23.1
2013/07/25,23.0,23.1,22.8,22.9
2013/07/26,23.0,23.1,22.9,23.0
2013/07/29,22.9,23.0,22.8,23.0
2013/07/30,23.1,23.4,23.1,23.4
2013/07/31,23.4,23.4,23.0,23.0
2013/08/01,23.1,23.4,22.9,23.3
2013/08/02,23.4,23.6,23.3,23.6
2013/08/05,23.6,23.7,23.4,23.6
2013/08/06,23.6,23.6,23.1,23.2
2013/08/07,23.0,23.3,22.8,23.1
2013/08/08,22.9,23.1,22.8,23.1
2013/08/09,23.1,23.1,22.6,22.9
2013/08/12,22.8,22.9,22.7,22.8
2013/08/13,22.0,22.0,21.3,21.4
2013/08/14,21.4,21.4,21.1,21.3
2013/08/15,21.1,21.3,21.0,21.1
2013/08/16,21.1,21.4,21.0,21.3
2013/08/19,21.3,21.3,21.1,21.2
2013/08/20,21.1,21.3,21.1,21.1
2013/08/22,21.1,21.2,20.9,21.1
2013/08/23,21.2,21.2,21.0,21.1
2013/08/26,21.1,21.2,21.0,21.1
2013/08/27,21.1,21.2,21.1,21.1
2013/08/28,21.0,21.1,20.7,20.8
2013/08/29,20.9,21.0,20.8,20.8
2013/08/30,21.0,21.0,20.8,21.0
2013/09/02,21.0,21.0,20.9,20.9
2013/09/03,21.4,21.4,21.2,21.3
2013/09/04,21.3,21.7,21.2,21.7
2013/09/05,21.7,21.7,21.4,21.5
2013/09/06,21.5,21.5,21.4,21.4
2013/09/09,21.4,21.5,21.3,21.3
2013/09/10,21.4,21.6,21.3,21.6
2013/09/11,21.6,21.6,21.4,21.5
2013/09/12,21.5,21.6,21.4,21.6
2013/09/13,21.6,21.7,21.5,21.6
2013/09/16,21.6,22.0,21.6,22.0
2013/09/17,22.0,22.2,21.9,22.1
2013/09/18,22.2,22.3,22.1,22.1
2013/09/23,22.1,22.7,22.1,22.7
2013/09/24,22.6,22.7,22.4,22.7
2013/09/25,22.5,22.8,22.3,22.8
2013/09/26,22.7,22.7,22.2,22.2
2013/09/27,22.3,22.6,22.2,22.6
2013/09/30,22.4,22.5,22.3,22.3
2013/10/01,22.3,22.5,22.3,22.4
2013/10/02,22.3,22.4,22.0,22.0
2013/10/03,22.1,22.8,22.1,22.7
2013/10/04,22.5,22.9,22.5,22.8
2013/10/07,22.8,23.0,22.6,22.9
2013/10/08,22.9,23.1,22.8,23.1
2013/10/09,23.0,23.1,22.9,23.1
2013/10/11,23.2,23.3,23.0,23.1
2013/10/14,22.9,23.2,22.9,23.1
2013/10/15,23.1,23.3,23.1,23.3
2013/10/16,23.2,23.3,23.1,23.1
2013/10/17,23.1,23.2,23.0,23.0
2013/10/18,23.0,23.1,22.8,23.1
2013/10/21,23.0,23.1,22.5,22.7
2013/10/22,22.6,22.8,22.5,22.7
2013/10/23,22.7,22.9,22.7,22.8
2013/10/24,22.7,22.9,22.6,22.9
2013/10/25,22.8,23.0,22.7,22.9
2013/10/28,22.9,23.2,22.7,23.2
2013/10/29,23.2,23.3,22.9,23.1
2013/10/30,23.1,23.3,23.0,23.3
2013/10/31,23.1,23.6,23.1,23.6
2013/11/01,23.5,23.5,22.9,23.2
2013/11/04,23.0,23.0,22.8,22.8
2013/11/05,22.8,22.9,22.7,22.8
2013/11/06,22.8,22.8,22.4,22.6
2013/11/07,22.6,22.6,22.4,22.4
2013/11/08,22.4,22.6,22.4,22.5
2013/11/11,22.5,22.5,22.1,22.2
2013/11/12,22.3,22.6,22.2,22.6
2013/11/13,22.7,22.7,22.1,22.2
2013/11/14,22.3,22.3,22.1,22.2
2013/11/15,22.2,22.3,22.1,22.1
2013/11/18,22.1,22.3,22.1,22.1
2013/11/19,22.1,22.2,22.1,22.1
2013/11/20,22.1,22.5,22.1,22.4
2013/11/21,22.3,22.3,22.0,22.0
2013/11/22,22.0,22.3,22.0,22.3
2013/11/25,22.5,22.9,22.5,22.5
2013/11/26,22.6,22.8,22.5,22.8
2013/11/27,22.8,22.9,22.7,22.8
2013/11/28,22.8,23.0,22.7,22.9
2013/11/29,22.9,23.1,22.8,23.1
2013/12/02,23.1,23.1,22.8,22.9
2013/12/03,22.9,23.1,22.8,22.8
2013/12/04,22.8,22.8,22.6,22.7
2013/12/05,22.7,23.0,22.6,22.8
2013/12/06,22.7,22.8,22.6,22.6
2013/12/09,22.7,22.9,22.7,22.9
2013/12/10,22.8,23.2,22.8,23.2
2013/12/11,23.2,23.5,23.1,23.5
2013/12/12,23.4,23.4,23.2,23.2
2013/12/13,23.1,23.5,23.1,23.5
2013/12/16,23.2,23.5,22.9,23.4
2013/12/17,23.2,23.5,23.2,23.2
2013/12/18,23.2,23.3,22.9,22.9
2013/12/19,22.7,22.8,22.5,22.8
2013/12/20,22.7,22.8,22.7,22.8
2013/12/23,22.8,23.1,22.8,23.0
2013/12/24,23.0,23.1,22.9,23.0
2013/12/25,23.0,23.1,22.9,23.0
2013/12/26,23.0,23.2,23.0,23.1
2013/12/27,23.1,23.2,23.0,23.1
2013/12/30,23.2,23.4,23.2,23.4
2013/12/31,23.4,23.5,23.3,23.3
2014/01/02,23.2,23.6,23.2,23.5
2014/01/03,23.4,23.5,23.2,23.2
2014/01/06,23.1,23.2,23.0,23.1
2014/01/07,23.1,23.2,22.9,22.9
2014/01/08,22.9,23.2,22.9,23.1
2014/01/09,22.9,23.1,22.8,22.8
2014/01/10,22.9,23.0,22.8,22.8
2014/01/13,22.9,23.1,22.9,22.9
2014/01/14,22.8,22.9,22.8,22.9
2014/01/15,22.9,23.2,22.9,23.0
2014/01/16,23.2,23.2,23.1,23.1
2014/01/17,23.0,23.0,22.9,22.9
2014/01/20,22.9,23.2,22.9,23.1
2014/01/21,23.1,23.1,22.9,22.9
2014/01/22,22.9,23.1,22.9,23.1
2014/01/23,23.1,23.1,22.9,23.0
2014/01/24,22.9,23.0,22.8,22.9
2014/01/27,22.7,22.7,22.5,22.7
2014/02/05,22.3,22.5,22.2,22.3
2014/02/06,22.2,22.6,22.2,22.3
2014/02/07,22.5,22.6,22.4,22.6
2014/02/10,22.6,22.7,22.5,22.5
2014/02/11,22.5,22.6,22.5,22.5
2014/02/12,22.6,22.7,22.4,22.5
2014/02/13,22.6,22.6,22.3,22.4
2014/02/14,22.4,22.6,22.3,22.3
2014/02/17,22.3,22.4,22.2,22.2
2014/02/18,22.3,22.5,22.2,22.4
2014/02/19,22.4,22.4,22.2,22.3
2014/02/20,22.2,22.3,22.1,22.1
2014/02/21,22.3,22.5,22.2,22.5
2014/02/24,22.4,22.4,22.2,22.3
2014/02/25,22.3,22.4,22.2,22.3
2014/02/26,22.3,22.4,22.2,22.4
2014/02/27,22.4,22.5,22.3,22.5
2014/03/03,22.4,22.4,22.0,22.2
2014/03/04,22.0,22.2,22.0,22.0
2014/03/05,22.1,22.2,22.0,22.0
2014/03/06,22.2,22.2,22.0,22.2
2014/03/07,22.3,22.5,22.2,22.5
2014/03/10,22.3,22.4,22.2,22.2
2014/03/11,22.2,22.2,22.1,22.1
2014/03/12,22.0,22.1,21.9,21.9
2014/03/13,21.9,22.1,21.7,21.7
2014/03/14,21.6,21.7,21.5,21.5
2014/03/17,21.5,21.5,21.3,21.5
2014/03/18,21.5,21.9,21.5,21.8
2014/03/19,21.7,21.7,21.5,21.6
2014/03/20,21.5,21.5,21.3,21.3
2014/03/21,21.3,21.3,21.1,21.1
2014/03/24,21.1,21.3,21.0,21.2
2014/03/25,21.2,21.5,21.1,21.4
2014/03/26,21.4,21.6,21.4,21.5
2014/03/27,21.4,21.6,21.4,21.4
2014/03/28,21.4,21.7,21.4,21.7
2014/03/31,21.5,21.9,21.5,21.9
2014/04/01,21.7,21.8,21.6,21.7
2014/04/02,21.7,21.8,21.6,21.7
2014/04/03,21.7,21.8,21.6,21.7
2014/04/07,21.7,21.8,21.5,21.7
2014/04/08,21.7,21.8,21.7,21.8
2014/04/09,21.8,22.0,21.8,22.0
2014/04/10,22.1,22.2,22.0,22.2
2014/04/11,22.0,22.2,22.0,22.2
2014/04/14,22.2,22.2,22.1,22.1
2014/04/15,22.1,22.2,22.0,22.1
2014/04/16,22.1,22.2,22.0,22.0
2014/04/17,22.0,22.2,22.0,22.1
2014/04/18,22.1,22.2,22.1,22.2
2014/04/21,22.0,22.1,22.0,22.0
2014/04/22,22.0,22.0,21.9,21.9
2014/04/23,21.9,22.0,21.8,21.8
2014/04/24,21.8,21.9,21.7,21.9
2014/04/25,21.7,21.8,21.5,21.5
2014/04/28,21.4,21.5,21.3,21.5
2014/04/29,21.5,21.5,21.4,21.5
2014/04/30,21.5,21.5,21.4,21.5
2014/05/02,21.5,21.6,21.4,21.6
2014/05/05,21.6,21.6,21.5,21.5
2014/05/06,21.5,21.8,21.4,21.8
2014/05/07,21.7,21.9,21.5,21.9
2014/05/08,21.9,22.1,21.7,21.9
2014/05/09,21.9,22.0,21.8,21.8
2014/05/12,21.8,21.9,21.5,21.5
2014/05/13,21.6,21.9,21.6,21.8
2014/05/14,21.9,21.9,21.7,21.9
2014/05/15,21.8,22.1,21.7,22.1
2014/05/16,22.0,22.1,21.8,22.1
2014/05/19,22.0,22.1,21.9,22.1
2014/05/20,22.1,22.2,21.8,21.8
2014/05/21,21.8,21.9,21.6,21.7
2014/05/22,21.8,22.2,21.8,22.1
2014/05/23,22.0,22.5,22.0,22.4
2014/05/26,22.5,22.7,22.4,22.6
2014/05/27,22.7,22.8,22.5,22.8
2014/05/28,22.8,23.1,22.8,23.1
2014/05/29,23.1,23.1,22.8,22.9
2014/05/30,22.9,23.3,22.8,23.3
2014/06/03,23.2,23.2,22.8,23.0
2014/06/04,22.8,23.2,22.8,23.0
2014/06/05,22.8,23.2,22.8,23.0
2014/06/06,23.0,23.1,23.0,23.0
2014/06/09,23.0,23.1,23.0,23.1
2014/06/10,23.1,23.2,23.0,23.2
2014/06/11,23.1,23.2,23.0,23.1
2014/06/12,23.1,23.2,22.9,23.2
2014/06/13,23.0,23.1,23.0,23.1
2014/06/16,23.1,23.2,22.9,23.1
2014/06/17,23.1,23.1,22.9,23.0
2014/06/18,23.0,23.1,22.9,23.0
2014/06/19,23.0,23.0,22.8,23.0
2014/06/20,23.0,23.1,22.8,22.8
2014/06/23,22.8,23.0,22.8,22.8
2014/06/24,22.8,23.1,22.8,23.0
2014/06/25,23.0,23.1,22.8,23.1
2014/06/26,23.1,23.2,23.0,23.2
2014/06/27,23.2,23.2,23.1,23.2
2014/06/30,23.2,23.2,23.0,23.1
2014/07/01,23.2,23.2,23.1,23.2
2014/07/02,23.2,23.3,22.9,23.0
2014/07/03,23.1,23.1,22.9,22.9
2014/07/04,22.9,23.0,22.8,22.9
2014/07/07,22.9,23.0,22.8,23.0
2014/07/08,23.0,23.4,22.9,23.3
2014/07/09,23.3,23.4,23.2,23.3
2014/07/10,23.4,23.6,23.4,23.6
2014/07/11,23.6,23.6,23.5,23.5
2014/07/14,23.5,23.7,23.4,23.5
2014/07/15,23.7,24.4,23.6,24.2
2014/07/16,24.2,24.4,24.1,24.3
2014/07/17,24.3,24.3,24.1,24.2
2014/07/18,24.2,24.2,24.1,24.2
2014/07/21,24.3,24.4,24.1,24.3
2014/07/22,24.3,24.4,24.2,24.4
2014/07/24,24.5,24.6,24.4,24.6
2014/07/25,24.7,24.8,24.5,24.7
2014/07/28,24.7,24.9,24.6,24.9
2014/07/29,24.9,25.1,24.3,24.6
2014/07/30,24.6,24.7,24.4,24.5
2014/07/31,24.6,24.6,24.2,24.6
2014/08/01,24.1,24.3,24.0,24.1
2014/08/04,23.9,24.2,23.7,24.2
2014/08/05,24.0,24.0,23.3,23.5
2014/08/06,23.4,24.1,23.4,24.1
2014/08/07,24.1,24.2,24.1,24.2
2014/08/08,24.2,24.2,23.9,24.1
2014/08/11,24.3,24.5,24.2,24.5
2014/08/12,24.5,24.5,24.2,24.4
2014/08/13,23.4,23.6,23.4,23.6
2014/08/14,23.6,23.7,23.4,23.4
2014/08/15,23.5,23.5,23.2,23.2
2014/08/18,23.2,23.3,23.0,23.1
2014/08/19,23.3,23.5,23.2,23.3
2014/08/20,23.3,23.6,23.3,23.5
2014/08/21,23.6,23.9,23.5,23.7
2014/08/22,23.7,24.4,23.6,24.2
2014/08/25,24.5,24.5,23.8,23.9
2014/08/26,24.1,24.2,24.0,24.1
2014/08/27,24.2,24.3,24.0,24.3
2014/08/28,24.3,24.3,23.9,24.1
2014/08/29,24.0,24.1,23.8,24.0
2014/09/01,24.1,24.2,24.1,24.1
2014/09/02,24.1,24.1,23.8,23.8
2014/09/03,24.0,24.1,23.9,24.1
2014/09/04,24.1,24.1,24.0,24.1
2014/09/05,24.1,24.1,23.8,23.8
2014/09/09,24.1,24.1,23.8,23.9
2014/09/10,23.9,23.9,23.5,23.8
2014/09/11,23.9,23.9,23.6,23.6
2014/09/12,23.6,23.6,23.5,23.6
2014/09/15,23.6,23.9,23.5,23.9
2014/09/16,23.9,23.9,23.5,23.5
2014/09/17,23.5,23.7,23.3,23.3
2014/09/18,23.4,23.5,23.3,23.4
2014/09/19,23.4,23.5,23.2,23.3
2014/09/22,23.2,23.4,23.2,23.4
2014/09/23,23.4,23.4,23.2,23.3
2014/09/24,23.4,23.5,23.1,23.2
2014/09/25,23.3,23.4,23.0,23.0
2014/09/26,22.9,23.4,22.8,23.3
2014/09/29,23.3,23.4,23.0,23.0
2014/09/30,23.1,23.2,22.9,23.2
2014/10/01,23.2,23.2,22.9,23.0
2014/10/02,23.2,23.2,22.8,22.8
2014/10/03,22.9,23.3,22.8,23.3
2014/10/06,23.2,23.3,23.0,23.1
2014/10/07,23.1,23.2,23.0,23.1
2014/10/08,23.1,23.5,23.1,23.4
2014/10/09,23.5,23.6,23.4,23.5
2014/10/13,23.2,23.3,22.9,22.9
2014/10/14,22.9,23.0,22.8,23.0
2014/10/15,23.0,23.0,22.7,22.8
2014/10/16,22.5,22.8,22.5,22.6
2014/10/17,22.8,22.8,22.2,22.2
2014/10/20,22.4,22.6,22.3,22.5
2014/10/21,22.4,22.5,22.3,22.4
2014/10/22,22.6,22.6,22.4,22.5
2014/10/23,22.4,22.8,22.4,22.7
2014/10/24,22.6,22.7,22.4,22.6
2014/10/27,22.7,23.0,22.6,23.0
2014/10/28,23.1,23.3,23.1,23.2
2014/10/29,23.4,23.4,23.2,23.3
2014/10/30,23.2,23.3,23.0,23.2
2014/10/31,23.4,23.5,23.1,23.4
2014/11/03,23.4,23.4,23.1,23.2
2014/11/04,23.3,23.5,23.2,23.2
2014/11/05,23.3,23.4,23.2,23.3
2014/11/06,23.4,23.4,23.0,23.1
2014/11/07,23.1,23.2,22.9,23.0
2014/11/10,23.0,23.5,23.0,23.5
2014/11/11,23.5,23.5,23.3,23.4
2014/11/12,23.4,23.4,23.1,23.3
2014/11/13,23.3,23.4,23.1,23.4
2014/11/14,23.2,23.4,23.1,23.4
2014/11/17,23.2,23.3,22.9,22.9
2014/11/18,23.1,23.2,23.0,23.2
2014/11/19,23.3,23.4,23.1,23.3
2014/11/20,23.1,23.4,23.1,23.1
2014/11/21,23.2,23.4,23.1,23.3
2014/11/24,23.4,23.4,23.2,23.4
2014/11/25,23.3,23.3,23.2,23.2
2014/11/26,23.3,23.3,23.0,23.2
2014/11/27,23.2,23.5,23.2,23.3
2014/11/28,23.4,23.4,23.2,23.4
2014/12/01,23.0,23.1,22.8,22.8
2014/12/02,22.8,22.8,22.0,22.1
2014/12/03,22.1,22.3,21.9,22.2
2014/12/04,22.3,22.8,22.3,22.7
2014/12/05,22.7,22.8,22.6,22.7
2014/12/08,22.8,22.8,22.4,22.5
2014/12/09,22.5,22.7,22.5,22.6
2014/12/10,22.5,22.5,22.2,22.3
2014/12/11,22.3,22.5,22.1,22.3
2014/12/12,22.5,22.5,22.2,22.4
2014/12/15,22.3,22.3,22.2,22.2
2014/12/16,22.3,22.4,22.2,22.2
2014/12/17,22.4,22.4,22.1,22.1
2014/12/18,22.2,22.2,22.1,22.2
2014/12/19,22.2,22.4,22.2,22.3
2014/12/22,22.3,22.5,22.2,22.4
2014/12/23,22.4,22.5,22.3,22.5
2014/12/24,22.5,22.6,22.4,22.6
2014/12/25,22.6,22.6,22.4,22.5
2014/12/26,22.5,22.6,22.5,22.6
2014/12/29,22.6,22.7,22.5,22.7
2014/12/30,22.7,22.8,22.6,22.7
2014/12/31,22.7,22.7,22.5,22.7
2015/01/05,22.5,22.7,22.3,22.4
2015/01/06,22.2,22.3,22.1,22.1
2015/01/07,22.1,22.2,22.0,22.0
2015/01/08,22.3,22.3,22.1,22.1
2015/01/09,22.3,22.3,22.0,22.1
2015/01/12,22.0,22.2,22.0,22.0
2015/01/13,22.0,22.2,22.0,22.2
2015/01/14,22.1,22.2,22.0,22.1
2015/01/15,22.1,22.2,22.0,22.0
2015/01/16,22.0,22.1,21.9,21.9
2015/01/19,22.1,22.2,21.9,21.9
2015/01/20,22.0,22.1,21.9,21.9
2015/01/21,22.1,22.1,22.0,22.1
2015/01/22,22.2,22.3,22.1,22.2
2015/01/23,22.5,22.6,22.3,22.3
2015/01/26,22.3,22.4,22.2,22.4
2015/01/27,22.4,22.5,22.2,22.5
2015/01/28,22.5,22.6,22.4,22.5
2015/01/29,22.5,22.5,22.3,22.5
2015/01/30,22.5,22.6,22.4,22.5
2015/02/02,22.5,22.7,22.5,22.7
2015/02/03,22.7,22.7,22.5,22.5
2015/02/04,22.7,22.8,22.6,22.8
2015/02/05,22.8,23.0,22.8,23.0
2015/02/06,22.9,22.9,22.5,22.6
2015/02/09,22.6,22.6,22.5,22.5
2015/02/10,22.5,22.8,22.5,22.6
2015/02/11,22.8,22.8,22.6,22.6
2015/02/12,22.7,22.8,22.6,22.8
2015/02/13,22.6,22.9,22.6,22.9
2015/02/24,23.1,23.4,23.0,23.3
2015/02/25,23.4,23.4,23.1,23.3
2015/02/26,23.1,23.3,23.1,23.2
2015/03/02,23.2,23.2,22.8,22.8
2015/03/03,22.8,23.1,22.8,23.0
2015/03/04,22.8,23.0,22.8,22.9
2015/03/05,22.9,23.0,22.8,22.8
2015/03/06,23.0,23.1,22.8,23.0
2015/03/09,23.0,23.0,22.8,22.8
2015/03/10,23.0,23.1,22.8,22.8
2015/03/11,22.8,23.0,22.7,22.9
2015/03/12,23.0,23.4,22.9,23.4
2015/03/13,23.4,23.5,23.2,23.2
2015/03/16,23.4,23.5,23.1,23.1
2015/03/17,23.4,23.5,23.2,23.3
2015/03/18,23.3,23.9,23.3,23.8
2015/03/19,24.0,24.1,23.9,24.1
2015/03/20,24.0,24.1,23.8,23.9
2015/03/23,23.9,24.1,23.9,24.1
2015/03/24,24.1,24.1,23.8,24.0
2015/03/25,24.0,24.0,23.7,23.7
2015/03/26,23.5,23.7,23.5,23.7
2015/03/27,23.5,23.6,23.3,23.3
2015/03/30,23.6,24.0,23.4,23.8
2015/03/31,24.1,24.1,23.8,24.1
2015/04/01,24.1,24.1,23.9,24.0
2015/04/02,24.1,24.1,24.0,24.1
2015/04/07,24.1,24.2,24.1,24.2
2015/04/08,24.2,24.2,24.0,24.0
2015/04/09,24.1,24.2,24.1,24.1
2015/04/10,24.1,24.2,24.1,24.2
2015/04/13,24.2,24.4,24.2,24.4
2015/04/14,24.4,24.5,24.2,24.3
2015/04/15,24.3,24.5,24.1,24.1
2015/04/16,24.3,24.5,24.1,24.5
2015/04/17,24.4,24.5,24.3,24.3
2015/04/20,24.2,24.5,24.2,24.4
2015/04/21,24.4,24.4,24.2,24.4
2015/04/22,24.3,24.6,24.2,24.6
2015/04/23,24.5,26.3,24.5,26.2
2015/04/24,26.3,26.3,25.2,26.2
2015/04/27,26.3,26.4,26.0,26.0
2015/04/28,26.2,26.2,25.7,26.1
2015/04/29,26.2,26.5,25.7,25.7
2015/04/30,25.6,25.9,25.4,25.4
2015/05/04,25.6,25.8,25.1,25.1
2015/05/05,25.3,25.4,24.9,25.1
2015/05/06,25.1,25.5,25.0,25.5
2015/05/07,25.4,25.4,25.1,25.4
2015/05/08,25.4,25.4,25.1,25.3
2015/05/11,25.5,25.5,24.9,25.0
2015/05/12,25.4,25.5,25.1,25.3
2015/05/13,25.5,26.2,25.5,25.8
2015/05/14,25.8,25.8,24.9,25.0
2015/05/15,25.1,25.3,24.9,25.2
2015/05/18,25.2,25.6,25.1,25.6
2015/05/19,25.9,26.0,25.4,25.5
2015/05/20,25.8,25.9,25.5,25.6
2015/05/21,25.4,25.4,24.8,25.1
2015/05/22,25.2,25.2,24.9,25.0
2015/05/25,25.0,25.0,24.7,24.8
2015/05/26,25.0,25.3,24.9,25.3
2015/05/27,25.3,25.4,25.2,25.4
2015/05/28,25.5,25.5,25.1,25.3
2015/05/29,25.5,25.5,25.1,25.5
2015/06/01,25.4,25.7,25.2,25.4
2015/06/02,25.5,25.6,25.3,25.5
2015/06/03,25.5,25.6,25.3,25.4
2015/06/04,25.3,25.4,24.7,25.1
2015/06/05,25.3,25.3,24.9,24.9
2015/06/08,25.3,25.6,25.0,25.5
2015/06/09,25.4,25.5,25.1,25.1
2015/06/10,25.2,25.9,25.2,25.7
2015/06/11,25.7,25.8,25.4,25.4
2015/06/12,25.5,25.8,25.5,25.8
2015/06/15,26.0,26.0,25.6,25.6
2015/06/16,25.9,26.0,25.7,25.9
2015/06/17,25.9,26.0,25.4,25.7
2015/06/18,25.8,26.1,25.6,25.8
2015/06/22,26.1,26.3,26.0,26.0
2015/06/23,26.2,26.2,26.0,26.1
2015/06/24,26.0,26.1,25.9,26.1
2015/06/25,26.2,26.3,25.9,26.0
2015/06/26,26.1,26.1,25.9,26.0
2015/06/29,25.8,25.9,25.5,25.7
2015/06/30,25.9,26.1,25.5,25.8
2015/07/01,25.7,26.1,25.6,25.9
2015/07/02,26.0,26.1,25.8,26.0
2015/07/03,26.0,26.0,25.5,26.0
2015/07/06,25.7,26.0,25.7,25.7
2015/07/07,25.9,26.0,25.5,25.5
2015/07/08,25.5,25.7,24.8,24.8
2015/07/09,24.1,25.3,23.7,25.0
2015/07/13,25.0,25.2,24.7,25.2
2015/07/14,25.3,25.6,25.2,25.5
2015/07/15,25.4,25.7,25.3,25.7
2015/07/16,25.8,25.9,25.5,25.7
2015/07/17,25.7,25.7,25.0,25.1
2015/07/20,25.4,25.5,25.0,25.2
2015/07/21,25.2,25.3,24.8,24.9
2015/07/22,25.0,25.2,24.8,25.0
2015/07/23,24.9,25.1,24.8,24.8
2015/07/24,25.0,25.0,24.5,24.7
2015/07/27,24.5,24.6,23.9,24.1
2015/07/28,24.1,24.5,23.9,24.4
2015/07/29,24.4,24.4,24.0,24.2
2015/07/30,24.2,24.9,24.2,24.8
2015/07/31,24.9,25.1,24.6,25.1
2015/08/03,25.1,25.1,24.6,25.0
2015/08/04,25.2,25.5,25.0,25.4
2015/08/05,25.5,25.6,25.3,25.4
2015/08/06,25.6,25.6,25.2,25.3
2015/08/07,25.2,25.4,24.9,24.9
2015/08/10,24.8,24.9,24.7,24.8
2015/08/11,25.0,25.1,24.3,24.3
2015/08/12,24.1,24.1,22.8,23.0
2015/08/13,21.9,22.4,21.9,22.2
2015/08/14,22.2,22.4,22.2,22.3
2015/08/17,22.6,22.6,22.1,22.3
2015/08/18,22.4,22.4,21.9,21.9
2015/08/19,22.0,22.0,21.1,21.1
2015/08/20,21.1,21.6,20.9,21.4
2015/08/21,20.8,21.3,20.7,20.9
2015/08/24,20.7,21.1,19.6,20.7
2015/08/25,20.6,21.5,20.5,20.9
2015/08/26,20.9,21.5,20.2,21.3
2015/08/27,21.3,21.5,21.1,21.3
2015/08/28,21.5,22.1,21.5,22.0
2015/08/31,22.1,22.7,21.4,22.7
2015/09/01,22.2,22.2,21.8,21.8
2015/09/02,21.7,22.1,21.4,21.7
2015/09/03,22.0,22.0,21.6,21.9
2015/09/04,21.9,21.9,21.7,21.8
2015/09/07,21.8,22.1,21.8,22.0
2015/09/08,21.8,21.9,21.7,21.7
2015/09/09,22.2,22.4,22.1,22.2
2015/09/10,22.1,22.3,22.1,22.2
2015/09/11,22.4,22.4,22.2,22.2
2015/09/14,22.3,22.3,22.0,22.1
2015/09/15,22.1,22.2,21.9,22.1
2015/09/16,22.0,22.1,22.0,22.1
2015/09/17,22.3,22.5,22.2,22.5
2015/09/18,22.4,22.4,22.2,22.2
2015/09/21,22.0,22.0,21.6,21.6
2015/09/22,21.7,21.8,21.6,21.8
2015/09/23,21.6,21.7,21.3,21.3
2015/09/24,21.4,21.5,21.1,21.1
2015/09/25,21.1,21.2,20.8,20.8
2015/09/30,20.3,21.2,20.2,21.2
2015/10/01,21.0,21.3,20.9,21.0
2015/10/02,21.0,21.3,21.0,21.3
2015/10/05,21.5,21.5,21.1,21.2
2015/10/06,21.3,21.5,21.0,21.1
2015/10/07,20.9,21.4,20.9,21.3
2015/10/08,21.4,21.4,21.1,21.1
2015/10/12,21.3,21.3,21.1,21.2
2015/10/13,21.2,21.3,21.0,21.3
2015/10/14,21.0,21.1,20.9,20.9
2015/10/15,21.0,21.4,20.9,21.4
2015/10/16,21.4,21.6,21.3,21.4
2015/10/19,21.4,21.5,21.4,21.5
2015/10/20,21.5,21.9,21.5,21.8
2015/10/21,21.7,21.8,21.5,21.5
2015/10/22,21.4,21.8,21.4,21.8
2015/10/23,22.0,22.2,21.8,22.2
2015/10/26,22.1,22.5,22.1,22.5
2015/10/27,22.1,22.5,22.0,22.5
2015/10/28,22.3,22.4,22.1,22.4
2015/10/29,22.2,22.4,22.0,22.2
2015/10/30,22.1,22.2,21.7,22.0
2015/11/02,21.4,21.6,21.4,21.5
2015/11/03,21.6,22.0,21.5,21.8
2015/11/04,21.8,22.0,21.6,21.8
2015/11/05,21.7,21.9,21.6,21.9
2015/11/06,21.8,21.8,21.4,21.4
2015/11/09,21.4,21.6,21.4,21.6
2015/11/10,21.4,21.4,21.2,21.2
2015/11/11,21.2,21.2,21.1,21.2
2015/11/12,21.1,21.2,21.0,21.1
2015/11/13,21.1,21.1,20.9,20.9
2015/11/16,20.9,21.1,20.7,21.0
2015/11/17,21.2,21.4,21.1,21.2
2015/11/18,21.2,21.2,20.8,20.9
2015/11/19,20.9,21.3,20.8,21.3
2015/11/20,21.1,21.3,21.1,21.3
2015/11/23,21.3,21.3,21.1,21.1
2015/11/24,21.0,21.4,21.0,21.2
2015/11/25,21.1,21.2,20.9,21.0
2015/11/26,21.2,21.3,21.1,21.1
2015/11/27,21.3,21.3,21.0,21.0
2015/11/30,20.9,21.1,20.7,21.1
2015/12/01,21.1,21.2,20.9,21.1
2015/12/02,21.1,21.1,20.8,20.8
2015/12/03,20.7,20.9,20.7,20.9
2015/12/04,20.8,20.9,20.7,20.8
2015/12/07,20.9,20.9,20.8,20.8
2015/12/08,20.8,20.8,20.4,20.4
2015/12/09,20.2,20.3,20.0,20.0
2015/12/10,20.1,20.4,20.0,20.4
2015/12/11,20.4,20.5,20.0,20.1
2015/12/14,20.0,20.1,19.8,19.8
2015/12/15,19.9,19.9,19.8,19.8
2015/12/16,20.0,20.2,20.0,20.0
2015/12/17,20.0,20.4,20.0,20.4
2015/12/18,20.1,20.2,20.0,20.0
2015/12/21,19.8,19.9,19.6,19.8
2015/12/22,19.8,19.9,19.8,19.9
2015/12/23,20.0,20.1,19.9,20.1
2015/12/24,20.1,20.2,20.0,20.0
2015/12/25,20.0,20.1,20.0,20.1
2015/12/28,20.1,20.2,20.0,20.2
2015/12/29,20.2,20.2,20.0,20.1
2015/12/30,20.1,20.1,19.9,19.9
2015/12/31,19.9,20.0,19.9,19.9
2016/01/05,19.7,19.8,19.5,19.6
2016/01/06,19.6,19.6,19.2,19.2
2016/01/07,19.2,19.2,18.7,18.7
2016/01/08,18.8,19.1,18.8,19.0
2016/01/11,18.9,19.0,18.8,18.8
2016/01/12,18.8,19.0,18.8,19.0
2016/01/13,19.0,19.2,18.9,18.9
2016/01/14,18.8,18.8,18.7,18.7
2016/01/15,18.7,18.8,18.5,18.6
2016/01/18,18.3,18.5,18.0,18.4
2016/01/19,18.4,18.7,18.3,18.7
2016/01/20,18.5,18.7,18.3,18.3
2016/01/21,18.4,18.4,18.0,18.0
2016/01/22,18.2,18.4,17.8,18.1
2016/01/25,18.2,18.7,18.1,18.7
2016/01/26,18.5,18.7,18.5,18.5
2016/01/27,18.6,18.7,18.4,18.5
2016/01/28,18.5,19.2,18.5,19.0
2016/01/29,19.0,20.0,19.0,19.8
2016/02/01,20.1,20.3,19.9,20.3
2016/02/02,20.3,20.5,20.2,20.3
2016/02/03,20.0,20.2,19.8,20.0
2016/02/15,19.7,20.0,19.5,20.0
2016/02/16,19.9,20.4,19.9,20.3
2016/02/17,20.2,20.4,20.0,20.2
2016/02/18,20.3,20.4,20.2,20.4
2016/02/19,20.3,20.3,20.0,20.2
2016/02/22,20.4,20.5,20.1,20.3
2016/02/23,20.4,20.4,20.1,20.3
2016/02/24,20.3,20.3,20.1,20.2
2016/02/25,20.2,20.4,20.1,20.3
2016/02/26,20.5,20.5,20.3,20.5
2016/03/01,20.4,20.5,20.2,20.4
2016/03/02,20.6,20.7,20.4,20.4
2016/03/03,20.4,20.9,20.4,20.9
2016/03/04,21.0,21.2,20.9,21.2
2016/03/07,21.4,21.5,21.3,21.5
2016/03/08,21.5,21.5,21.3,21.4
2016/03/09,21.3,21.4,20.9,21.4
2016/03/10,21.4,21.5,21.3,21.5
2016/03/11,21.4,21.5,21.2,21.5
2016/03/14,21.4,21.5,21.4,21.4
2016/03/15,21.4,21.4,20.9,21.0
2016/03/16,21.1,21.3,20.8,21.3
2016/03/17,21.4,21.5,21.3,21.4
2016/03/18,21.5,21.5,21.4,21.5
2016/03/21,21.5,21.5,21.2,21.5
2016/03/22,21.3,21.5,21.2,21.5
2016/03/23,21.4,21.5,21.3,21.5
2016/03/24,21.4,21.5,21.3,21.5
2016/03/25,21.5,21.5,21.4,21.5
2016/03/28,21.5,21.5,21.5,21.5
2016/03/29,21.5,21.5,21.4,21.5
2016/03/30,21.5,21.6,21.5,21.5
2016/03/31,21.5,21.5,21.4,21.5
2016/04/01,21.3,21.5,21.2,21.2
2016/04/06,21.2,21.2,20.9,20.9
2016/04/07,20.8,20.9,20.7,20.9
2016/04/08,20.7,20.9,20.6,20.8
2016/04/11,20.8,21.1,20.7,21.1
2016/04/12,21.1,21.3,21.0,21.2
2016/04/13,21.2,21.4,21.1,21.4
2016/04/14,21.5,21.6,21.5,21.5
2016/04/15,21.5,21.6,21.5,21.5
2016/04/18,21.5,21.6,21.5,21.5
2016/04/19,21.5,21.6,21.5,21.5
2016/04/20,21.6,21.6,21.5,21.5
2016/04/21,21.5,21.6,21.5,21.5
2016/04/22,21.5,21.6,21.5,21.6
2016/04/25,21.5,21.6,21.5,21.5
2016/04/26,21.5,21.6,21.5,21.5
2016/04/27,21.5,21.8,21.5,21.7
2016/04/28,21.8,22.0,21.4,21.6
2016/04/29,21.5,21.6,21.3,21.5
2016/05/03,21.6,21.7,21.5,21.6
2016/05/04,21.7,21.7,21.5,21.6
2016/05/05,21.5,21.5,21.4,21.4
2016/05/06,21.4,21.5,21.0,21.4
2016/05/09,21.4,21.5,21.2,21.5
2016/05/10,21.5,21.6,21.5,21.6
2016/05/11,21.6,21.6,21.3,21.4
2016/05/12,21.4,21.5,21.4,21.5
2016/05/13,21.4,21.7,21.4,21.7
2016/05/16,21.6,21.7,21.5,21.5
2016/05/17,21.5,21.6,21.4,21.5
2016/05/18,21.5,21.7,21.5,21.7
2016/05/19,21.5,21.6,21.4,21.5
2016/05/20,21.5,21.7,21.4,21.5
2016/05/23,21.5,22.0,21.2,22.0
2016/05/24,21.9,22.0,21.6,21.8
2016/05/25,21.9,22.1,21.8,22.0
2016/05/26,22.0,22.1,21.9,22.1
2016/05/27,22.1,22.1,21.9,22.1
2016/05/30,22.1,22.3,22.0,22.2
2016/05/31,22.2,22.5,22.2,22.4
2016/06/01,22.3,22.6,22.3,22.6
2016/06/02,22.6,22.8,22.5,22.8
2016/06/03,22.8,22.8,22.6,22.7
2016/06/06,22.7,22.9,22.6,22.7
2016/06/07,22.8,22.9,22.7,22.9
2016/06/08,22.9,23.2,22.9,23.2
2016/06/13,23.1,23.1,22.7,22.8
2016/06/14,22.6,22.9,22.5,22.9
2016/06/15,22.8,22.9,22.7,22.9
2016/06/16,22.7,22.7,22.2,22.2
2016/06/17,22.3,22.7,22.3,22.6
2016/06/20,22.7,22.9,22.6,22.9
2016/06/21,22.8,23.0,22.6,23.0
2016/06/22,22.9,23.0,22.7,22.9
2016/06/23,22.7,22.9,22.6,22.8
2016/06/24,22.8,22.9,22.1,22.3
2016/06/27,22.1,22.2,21.9,22.0
2016/06/28,21.9,22.5,21.7,22.5
2016/06/29,22.5,22.7,22.4,22.7
2016/06/30,22.9,22.9,22.5,22.8
2016/07/01,22.8,22.9,22.7,22.8
2016/07/04,22.8,22.9,22.7,22.9
2016/07/05,22.9,22.9,22.7,22.8
2016/07/06,22.7,22.8,22.2,22.3
2016/07/07,22.4,22.5,22.2,22.3
2016/07/11,22.6,22.7,22.5,22.5
2016/07/12,22.7,22.7,22.5,22.5
2016/07/13,22.8,22.9,22.6,22.9
2016/07/14,22.8,23.0,22.7,23.0
2016/07/15,23.0,23.3,22.9,23.3
2016/07/18,23.4,23.4,23.2,23.3
2016/07/19,23.2,23.4,23.0,23.4
2016/07/20,23.3,23.4,23.2,23.4
2016/07/21,23.4,23.5,23.4,23.5
2016/07/22,23.4,23.5,23.3,23.4
2016/07/25,23.5,23.5,23.3,23.5
2016/07/26,23.4,23.4,23.3,23.4
2016/07/27,23.5,23.5,23.3,23.4
2016/07/28,23.3,23.5,23.2,23.4
2016/07/29,23.3,23.5,23.3,23.4
2016/08/01,23.4,23.5,23.3,23.4
2016/08/02,23.4,23.4,23.2,23.3
2016/08/03,23.1,23.4,23.1,23.4
2016/08/04,23.4,23.4,23.1,23.4
2016/08/05,23.4,23.7,23.3,23.7
2016/08/08,23.8,23.9,23.7,23.9
2016/08/09,23.9,24.2,23.8,24.2
2016/08/10,24.2,24.4,24.1,24.3
2016/08/11,24.4,24.4,24.2,24.4
2016/08/12,24.4,24.5,24.3,24.4
2016/08/15,23.0,23.0,22.6,22.6
2016/08/16,22.7,22.8,22.5,22.6
2016/08/17,22.6,22.9,22.5,22.7
2016/08/18,22.6,22.9,22.6,22.8
2016/08/19,22.8,22.9,22.3,22.3
2016/08/22,21.2,21.3,20.7,20.9
2016/08/23,20.7,20.9,20.6,20.8
2016/08/24,20.8,20.8,20.3,20.3
2016/08/25,20.2,20.8,20.2,20.7
2016/08/26,20.5,20.7,20.5,20.7
2016/08/29,20.6,20.7,20.5,20.6
2016/08/30,20.6,20.7,20.5,20.6
2016/08/31,20.5,20.6,20.2,20.2
2016/09/01,20.2,20.2,19.7,19.9
2016/09/02,20.0,20.1,20.0,20.0
2016/09/05,20.2,20.7,20.2,20.7
2016/09/06,20.7,20.8,20.6,20.7
2016/09/07,20.7,20.9,20.7,20.8
2016/09/08,20.8,21.2,20.7,21.2
2016/09/09,21.0,21.1,20.9,21.0
2016/09/12,20.7,20.7,20.5,20.5
2016/09/13,20.6,20.7,20.5,20.7
2016/09/14,20.6,20.7,20.5,20.5
2016/09/19,20.5,21.1,20.5,21.0
2016/09/20,20.9,21.2,20.8,21.1
2016/09/21,21.1,21.1,20.9,21.1
2016/09/22,21.1,21.2,20.7,20.9
2016/09/23,20.7,21.1,20.7,21.1
2016/09/26,21.0,21.0,20.7,20.8
2016/09/29,20.7,21.0,20.5,20.9
2016/09/30,20.8,20.9,20.7,20.7
2016/10/03,20.7,20.7,20.6,20.6
2016/10/04,20.5,20.6,20.4,20.5
2016/10/05,20.3,20.6,20.3,20.5
2016/10/06,20.4,20.7,20.4,20.6
2016/10/07,20.4,20.6,20.4,20.5
2016/10/11,20.4,20.5,20.3,20.4
2016/10/12,20.4,20.6,20.2,20.5
2016/10/13,20.5,20.5,20.2,20.3
2016/10/14,20.3,20.4,20.2,20.3
2016/10/17,20.3,20.3,20.1,20.2
2016/10/18,20.2,20.4,20.2,20.4
2016/10/19,20.3,20.5,20.3,20.5
2016/10/20,20.5,20.6,20.4,20.5
2016/10/21,20.5,20.6,20.4,20.6
2016/10/24,20.6,20.6,20.4,20.4
2016/10/25,20.4,20.6,20.4,20.6
2016/10/26,20.6,20.6,20.5,20.5
2016/10/27,20.5,20.5,20.3,20.3
2016/10/28,20.3,20.4,20.2,20.3
2016/10/31,20.2,20.3,20.1,20.2
2016/11/01,20.2,20.2,20.1,20.2
2016/11/02,20.1,20.2,20.0,20.1
2016/11/03,20.2,20.7,20.2,20.6
2016/11/04,20.6,20.7,20.4,20.5
2016/11/07,20.6,20.7,20.6,20.6
2016/11/08,20.7,21.2,20.7,21.1
2016/11/09,21.2,21.4,20.6,20.6
2016/11/10,21.2,21.5,21.1,21.5
2016/11/11,21.5,21.7,21.3,21.5
2016/11/14,21.3,22.3,21.3,21.8
2016/11/15,21.8,22.0,21.7,21.8
2016/11/16,22.0,22.0,21.6,21.6
2016/11/17,21.5,21.5,21.3,21.5
2016/11/18,21.5,21.5,21.3,21.3
2016/11/21,21.3,21.7,21.3,21.6
2016/11/22,21.6,21.8,21.4,21.8
2016/11/23,21.5,21.6,21.4,21.4
2016/11/24,21.4,21.7,21.4,21.7
2016/11/25,21.7,21.7,21.5,21.6
2016/11/28,21.6,21.7,21.6,21.7
2016/11/29,21.6,21.8,21.5,21.5
2016/11/30,21.5,21.6,21.3,21.3
2016/12/01,21.4,21.6,21.4,21.5
2016/12/02,21.4,21.6,21.4,21.6
2016/12/05,21.5,21.6,21.4,21.4
2016/12/06,21.5,21.8,21.5,21.8
2016/12/07,21.8,21.8,21.6,21.8
2016/12/08,21.7,22.0,21.6,22.0
2016/12/09,22.0,22.2,21.9,22.2
2016/12/12,22.2,22.2,22.1,22.2
2016/12/13,22.2,22.2,22.1,22.2
2016/12/14,22.2,22.2,21.8,21.9
2016/12/15,21.9,22.0,21.8,21.9
2016/12/16,22.0,22.3,22.0,22.2
2016/12/19,22.2,22.2,21.9,21.9
2016/12/20,21.9,21.9,21.7,21.8
2016/12/21,21.8,21.8,21.7,21.7
2016/12/22,21.7,21.7,21.5,21.5
2016/12/23,21.4,21.7,21.4,21.5
2016/12/26,21.5,21.7,21.5,21.5
2016/12/27,21.5,21.5,21.4,21.4
2016/12/28,21.4,21.6,21.4,21.5
2016/12/29,21.5,21.5,21.3,21.4
2016/12/30,21.5,21.7,21.4,21.5
2017/01/03,21.5,21.6,21.4,21.6
2017/01/04,21.7,22.0,21.6,22.0
2017/01/05,21.9,22.2,21.7,22.2
2017/01/06,22.2,22.2,22.0,22.2
2017/01/09,22.2,22.2,21.9,21.9
2017/01/10,21.8,22.2,21.8,22.1
2017/01/11,22.2,22.2,22.1,22.2
2017/01/12,22.2,22.4,22.2,22.4
2017/01/13,22.4,22.4,22.2,22.4
2017/01/16,22.3,22.3,22.1,22.1
2017/01/17,22.1,22.2,22.0,22.0
2017/01/18,22.0,22.1,21.7,21.8
2017/01/19,21.8,22.1,21.7,21.9
2017/01/20,21.8,21.9,21.8,21.8
2017/01/23,22.0,22.1,21.9,22.1
2017/01/24,22.1,22.1,21.8,21.8
2017/02/02,21.9,21.9,21.6,21.8
2017/02/03,21.8,21.9,21.7,21.7
2017/02/06,21.8,22.2,21.7,22.1
2017/02/07,22.1,22.2,21.9,22.2
2017/02/08,22.1,22.2,22.0,22.1
2017/02/09,22.0,22.1,22.0,22.0
2017/02/10,22.1,22.3,22.1,22.2
2017/02/13,22.2,22.4,22.2,22.4
2017/02/14,22.4,22.4,22.3,22.3
2017/02/15,22.4,22.7,22.3,22.7
2017/02/16,22.7,22.9,22.3,22.4
2017/02/17,22.4,22.4,22.1,22.1
2017/02/20,22.3,22.4,22.2,22.4
2017/02/21,22.4,22.5,22.3,22.5
2017/02/22,22.6,22.7,22.5,22.6
2017/02/23,22.6,22.7,22.5,22.6
2017/02/24,22.6,22.6,22.4,22.4
2017/03/01,22.4,22.6,22.3,22.5
2017/03/02,22.6,22.6,22.3,22.3
2017/03/03,22.3,22.5,22.2,22.2
2017/03/06,22.2,22.4,22.2,22.4
2017/03/07,22.4,22.5,22.3,22.5
2017/03/08,22.4,22.5,22.4,22.4
2017/03/09,22.3,22.4,22.2,22.2
2017/03/10,22.2,22.5,22.2,22.3
2017/03/13,22.4,22.4,22.2,22.2
2017/03/14,22.3,22.4,22.3,22.3
2017/03/15,22.3,22.4,22.3,22.3
2017/03/16,22.4,22.4,22.3,22.4
2017/03/17,22.5,22.6,22.4,22.6
2017/03/20,22.6,22.7,22.5,22.7
2017/03/21,22.7,22.8,22.7,22.8
2017/03/22,22.5,22.7,22.5,22.7
2017/03/23,22.8,22.8,22.5,22.6
2017/03/24,22.5,22.7,22.5,22.6
2017/03/27,22.5,22.7,22.4,22.5
2017/03/28,22.7,22.7,22.4,22.6
2017/03/29,22.8,23.0,22.7,23.0
2017/03/30,23.0,23.2,23.0,23.1
2017/03/31,23.2,23.2,22.9,22.9
2017/04/05,23.2,23.3,22.7,22.9
2017/04/06,22.9,22.9,22.6,22.6
2017/04/07,22.6,22.6,22.4,22.4
2017/04/10,22.5,22.8,22.5,22.8
2017/04/11,22.6,22.7,22.6,22.6
2017/04/12,22.5,22.6,22.4,22.6
2017/04/13,22.6,22.6,22.5,22.6
2017/04/14,22.6,22.6,22.4,22.5
2017/04/17,22.5,22.5,22.4,22.5
2017/04/18,22.6,22.6,22.4,22.5
2017/04/19,22.4,22.5,22.3,22.4
2017/04/20,22.3,22.5,22.3,22.5
2017/04/21,22.5,22.7,22.4,22.6
2017/04/24,22.7,22.7,22.4,22.5
2017/04/25,22.6,22.8,22.5,22.8
2017/04/26,22.7,23.0,22.7,23.0
2017/04/27,22.9,23.0,22.9,22.9
2017/04/28,22.8,23.0,22.7,22.7
2017/05/02,22.7,22.9,22.7,22.9
2017/05/03,22.9,23.0,22.9,23.0
2017/05/04,23.0,23.1,22.9,23.1
2017/05/05,22.9,23.0,22.9,22.9
2017/05/08,23.0,23.1,22.8,22.9
2017/05/09,22.9,22.9,22.8,22.9
2017/05/10,22.9,22.9,22.8,22.9
2017/05/11,22.9,23.0,22.9,23.0
2017/05/12,22.9,23.1,22.9,23.1
2017/05/15,23.1,23.2,23.0,23.2
2017/05/16,23.2,23.4,23.1,23.4
2017/05/17,23.3,23.4,23.0,23.2
2017/05/18,23.0,23.2,22.9,23.0
2017/05/19,23.0,23.1,22.9,22.9
2017/05/22,23.0,23.1,22.9,23.0
2017/05/23,23.1,23.2,23.1,23.1
2017/05/24,23.1,23.2,23.0,23.1
2017/05/25,23.1,23.1,22.9,23.1
2017/05/26,23.0,23.0,22.9,22.9
2017/05/31,22.9,22.9,22.7,22.7
2017/06/01,22.7,22.8,22.7,22.7
2017/06/02,22.8,22.9,22.7,22.9
2017/06/05,22.9,23.0,22.9,23.0
2017/06/06,23.0,23.1,23.0,23.1
2017/06/07,23.1,23.1,22.9,23.0
2017/06/08,23.0,23.2,23.0,23.2
2017/06/09,23.1,23.3,22.9,23.1
2017/06/12,23.1,23.1,22.9,23.0
2017/06/13,23.1,23.2,23.0,23.2
2017/06/14,23.1,23.2,23.0,23.0
2017/06/15,23.0,23.1,22.9,23.1
2017/06/16,23.1,23.2,23.0,23.0
2017/06/19,23.0,23.3,23.0,23.2
2017/06/20,23.3,23.3,23.2,23.3
2017/06/21,23.2,23.4,23.2,23.3
2017/06/22,23.3,23.4,23.2,23.3
2017/06/23,23.2,23.3,23.0,23.1
2017/06/26,23.1,23.5,23.0,23.5
2017/06/27,23.5,23.7,23.4,23.6
2017/06/28,23.4,23.5,23.3,23.3
2017/06/29,23.6,23.8,23.6,23.7
2017/06/30,23.7,23.8,23.5,23.7
2017/07/03,23.7,24.0,23.7,24.0
2017/07/04,23.8,24.0,23.7,23.9
2017/07/05,23.9,24.1,23.8,24.0
2017/07/06,23.9,24.0,23.7,24.0
2017/07/07,23.7,23.9,23.7,23.7
2017/07/10,23.7,23.8,23.6,23.7
2017/07/11,23.7,24.0,23.6,24.0
2017/07/12,23.8,24.0,23.8,23.9
2017/07/13,23.9,24.0,23.8,23.9
2017/07/14,23.8,23.9,23.7,23.8
2017/07/17,23.9,23.9,23.7,23.8
2017/07/18,23.8,24.0,23.8,23.9
2017/07/19,23.9,24.0,23.9,24.0
2017/07/20,24.0,24.1,23.9,24.1
2017/07/21,24.0,24.0,23.7,23.7
2017/07/24,23.7,24.1,23.7,24.1
2017/07/25,24.0,24.1,23.9,24.0
2017/07/26,24.0,24.0,23.9,23.9
2017/07/27,24.0,24.1,23.9,24.0
2017/07/28,23.9,24.0,23.9,24.0
2017/07/31,23.9,23.9,23.8,23.9
2017/08/01,23.9,24.0,23.9,23.9
2017/08/02,23.9,24.0,23.9,23.9
2017/08/03,23.9,23.9,23.8,23.9
2017/08/04,23.9,24.2,23.8,24.2
2017/08/07,24.2,24.5,24.2,24.5
2017/08/08,24.7,24.7,24.4,24.4
2017/08/09,24.2,24.3,24.0,24.1
2017/08/10,22.4,22.6,22.3,22.4
2017/08/11,22.3,22.4,22.2,22.4
2017/08/14,22.5,22.5,22.3,22.3
2017/08/15,22.5,22.5,22.2,22.3
2017/08/16,22.2,22.4,22.2,22.4
2017/08/17,22.5,22.6,22.3,22.5
2017/08/18,22.5,22.5,22.3,22.4
2017/08/21,22.4,22.5,22.3,22.4
2017/08/22,22.4,22.9,22.4,22.6
2017/08/23,22.7,22.7,22.4,22.5
2017/08/24,22.7,22.7,22.5,22.5
2017/08/25,22.5,22.6,22.4,22.4
2017/08/28,22.5,22.8,22.5,22.6
2017/08/29,22.6,22.6,22.4,22.5
2017/08/30,22.5,22.7,22.4,22.6
2017/08/31,22.7,22.7,22.5,22.7
2017/09/01,22.7,22.7,22.4,22.5
2017/09/04,22.5,22.5,22.4,22.4
2017/09/05,22.5,22.5,22.3,22.4
2017/09/06,22.4,22.5,22.3,22.3
2017/09/07,22.3,22.4,22.2,22.3
2017/09/08,22.4,22.4,22.2,22.4
2017/09/11,22.5,22.5,22.3,22.3
2017/09/12,22.4,22.4,22.2,22.3
2017/09/13,22.3,22.4,22.2,22.3
2017/09/14,22.3,22.4,22.2,22.3
2017/09/15,22.3,22.3,22.2,22.3
2017/09/18,22.3,22.3,22.2,22.2
2017/09/19,22.2,22.3,22.2,22.2
2017/09/20,22.2,22.3,22.2,22.3
2017/09/21,22.3,22.4,22.2,22.2
2017/09/22,22.2,22.3,22.1,22.2
2017/09/25,22.2,22.2,22.1,22.1
2017/09/26,22.1,22.4,22.1,22.3
2017/09/27,22.2,22.4,22.2,22.2
2017/09/28,22.3,22.3,22.2,22.2
2017/09/29,22.3,22.3,22.2,22.2
2017/10/02,22.2,22.4,22.2,22.4
2017/10/03,22.4,22.4,22.2,22.3
2017/10/05,22.3,22.4,22.3,22.3
2017/10/06,22.3,22.5,22.3,22.5
2017/10/11,22.5,22.6,22.4,22.6
2017/10/12,22.5,22.5,22.3,22.4
2017/10/13,22.4,22.5,22.3,22.4
2017/10/16,22.4,22.5,22.3,22.5
2017/10/17,22.5,22.6,22.4,22.6
2017/10/18,22.6,22.7,22.4,22.6
2017/10/19,22.6,22.6,22.4,22.4
2017/10/20,22.4,22.4,22.3,22.4
2017/10/23,22.5,22.5,22.4,22.5
2017/10/24,22.5,22.6,22.4,22.5
2017/10/25,22.5,22.5,22.5,22.5
2017/10/26,22.5,22.5,22.2,22.3
2017/10/27,22.3,22.4,22.2,22.3
2017/10/30,22.3,22.3,22.2,22.2
2017/10/31,22.2,22.3,22.2,22.2
2017/11/01,22.3,22.3,22.1,22.2
2017/11/02,22.1,22.2,22.0,22.1
2017/11/03,22.1,22.2,22.0,22.1
2017/11/06,22.1,22.2,22.1,22.2
2017/11/07,22.2,22.3,22.1,22.2
2017/11/08,22.2,22.2,22.1,22.1
2017/11/09,22.2,22.2,22.1,22.2
2017/11/10,22.2,22.2,22.1,22.1
2017/11/13,22.1,22.2,22.1,22.1
2017/11/14,22.1,22.2,22.1,22.2
2017/11/15,22.2,22.2,22.1,22.1
2017/11/16,22.1,22.1,22.0,22.0
2017/11/17,22.1,22.2,22.1,22.1
2017/11/20,22.1,22.2,22.0,22.1
2017/11/21,22.1,22.4,22.0,22.3
2017/11/22,22.4,22.6,22.4,22.5
2017/11/23,22.5,22.5,22.3,22.5
2017/11/24,22.3,22.3,22.2,22.2
2017/11/27,22.2,22.2,22.1,22.1
2017/11/28,22.1,22.2,22.0,22.1
2017/11/29,22.1,22.2,22.0,22.1
2017/11/30,22.2,22.2,22.0,22.2
2017/12/01,22.2,22.2,22.0,22.2
2017/12/04,22.2,22.3,22.1,22.3
2017/12/05,22.3,22.4,22.2,22.2
2017/12/06,22.2,22.2,22.1,22.2
2017/12/07,22.2,22.2,21.9,21.9
2017/12/08,21.9,22.1,21.9,21.9
2017/12/11,21.9,22.2,21.9,22.0
2017/12/12,22.0,22.1,21.9,22.0
2017/12/13,22.0,22.2,22.0,22.2
2017/12/14,22.2,22.3,22.1,22.1
2017/12/15,22.1,22.2,22.0,22.2
2017/12/18,22.2,22.2,22.1,22.2
2017/12/19,22.2,22.2,22.1,22.2
2017/12/20,22.2,22.2,22.1,22.2
2017/12/21,22.1,22.2,22.1,22.1
2017/12/22,22.1,22.3,22.1,22.3
2017/12/25,22.3,22.3,22.2,22.3
2017/12/26,22.3,22.3,22.2,22.2
2017/12/27,22.2,22.3,22.2,22.3
2017/12/28,22.4,22.4,22.3,22.4
2017/12/29,22.5,22.5,22.4,22.5
2018/01/02,22.5,22.7,22.5,22.7
2018/01/03,22.7,22.9,22.6,22.9
2018/01/04,22.9,23.0,22.8,23.0
2018/01/05,23.0,23.3,23.0,23.3
2018/01/08,23.4,23.6,23.2,23.6
2018/01/09,23.5,23.5,23.4,23.4
2018/01/10,23.4,23.7,23.4,23.7
2018/01/11,23.7,23.8,23.5,23.8
2018/01/12,23.8,23.9,23.7,23.7
2018/01/16,24.3,24.4,24.2,24.2
2018/01/17,24.1,24.3,24.0,24.2
2018/01/18,24.0,24.3,23.9,24.2
2018/01/19,23.9,23.9,23.5,23.9
2018/01/22,23.7,23.9,23.7,23.9
2018/01/23,23.7,23.8,23.7,23.8
2018/01/24,23.7,23.7,23.5,23.7
2018/01/25,23.7,24.0,23.7,24.0
2018/01/26,23.9,24.0,23.8,24.0
2018/01/29,23.9,24.1,23.9,24.1
2018/01/30,23.9,24.0,23.8,23.8
2018/01/31,23.7,23.8,23.6,23.7
2018/02/01,23.7,23.9,23.7,23.8
2018/02/02,23.6,23.7,23.6,23.7
2018/02/05,23.4,23.5,23.4,23.4
2018/02/06,22.8,22.9,22.3,22.5
2018/02/07,22.7,22.9,22.6,22.6
2018/02/08,22.7,22.8,22.6,22.6
2018/02/09,22.2,22.6,22.2,22.4
2018/02/12,22.5,22.9,22.5,22.6
2018/02/21,22.9,23.1,22.8,23.1
2018/02/22,22.9,23.2,22.9,23.2
2018/02/23,23.2,23.4,23.2,23.4
2018/02/26,23.6,23.6,23.4,23.4
2018/02/27,23.5,23.7,23.3,23.4
2018/03/01,23.0,23.6,23.0,23.5
2018/03/02,23.3,23.5,23.2,23.4
2018/03/05,23.4,23.5,23.1,23.2
2018/03/06,23.4,23.5,23.3,23.3
2018/03/07,23.2,23.4,22.9,22.9
2018/03/08,23.1,23.4,23.0,23.4
2018/03/09,23.4,23.4,23.3,23.4
2018/03/12,23.6,23.9,23.5,23.8
2018/03/13,23.8,24.0,23.7,24.0
2018/03/14,23.9,23.9,23.7,23.7
2018/03/15,23.7,23.7,23.5,23.5
2018/03/16,23.6,23.9,23.5,23.9
2018/03/19,23.9,23.9,23.7,23.8
2018/03/20,23.7,23.8,23.7,23.7
2018/03/21,23.8,23.9,23.7,23.7
2018/03/22,23.7,24.0,23.7,23.8
2018/03/23,23.4,23.7,23.4,23.6
2018/03/26,23.5,23.7,23.5,23.6
2018/03/27,23.7,23.8,23.7,23.8
2018/03/28,23.7,23.7,23.5,23.5
2018/03/29,23.5,23.6,23.4,23.5
2018/03/30,23.6,23.7,23.5,23.5
2018/04/02,23.7,23.8,23.7,23.7
2018/04/03,23.7,23.7,23.6,23.7
2018/04/09,23.8,23.8,23.6,23.8
2018/04/10,23.7,24.1,23.7,24.0
2018/04/11,24.0,24.0,23.8,23.9
2018/04/12,23.9,24.0,23.9,24.0
2018/04/13,24.0,24.0,23.9,24.0
2018/04/16,23.9,24.0,23.9,24.0
2018/04/17,24.0,24.0,23.7,23.7
2018/04/18,23.9,23.9,23.6,23.6
2018/04/19,23.7,24.1,23.7,24.1
2018/04/20,24.0,24.1,23.9,24.1
2018/04/23,24.1,24.2,24.0,24.2
2018/04/24,24.2,24.4,24.1,24.3
2018/04/25,24.2,24.4,24.1,24.4
2018/04/26,24.4,24.4,24.1,24.3
2018/04/27,24.3,24.4,24.2,24.4
2018/04/30,24.4,24.6,24.3,24.6
2018/05/02,24.5,24.6,24.5,24.6
2018/05/03,24.5,24.6,24.4,24.4
2018/05/04,24.3,24.4,24.2,24.2
2018/05/07,24.2,24.4,24.2,24.4
2018/05/08,24.4,24.6,24.3,24.5
2018/05/09,24.4,24.6,24.4,24.5
2018/05/10,24.5,24.5,24.4,24.4
2018/05/11,24.5,24.7,24.5,24.7
2018/05/14,24.8,24.9,24.7,24.8
2018/05/15,24.9,24.9,24.6,24.6
2018/05/16,24.7,24.8,24.7,24.8
2018/05/17,24.8,24.9,24.7,24.8
2018/05/18,24.8,25.0,24.8,25.0
2018/05/21,25.0,25.4,25.0,25.3
2018/05/22,25.2,25.3,25.1,25.1
2018/05/23,25.1,25.2,25.1,25.2
2018/05/24,25.2,25.3,25.1,25.3
2018/05/25,25.3,25.3,25.1,25.2
2018/05/28,25.2,25.4,25.2,25.4
2018/05/29,25.3,25.4,25.1,25.2
2018/05/30,25.0,25.1,24.4,24.7
2018/05/31,24.7,24.8,24.5,24.6
2018/06/01,24.6,25.1,24.5,25.0
2018/06/04,25.0,25.4,25.0,25.4
2018/06/05,25.4,25.7,25.3,25.6
2018/06/06,25.6,25.8,25.6,25.7
2018/06/07,25.7,25.7,25.5,25.6
2018/06/08,25.5,25.5,25.2,25.4
2018/06/11,25.3,25.3,25.1,25.2
2018/06/12,25.2,25.2,25.0,25.1
2018/06/13,25.3,25.3,25.0,25.1
2018/06/14,25.0,25.1,24.9,24.9
2018/06/15,24.9,25.1,24.8,25.1
2018/06/19,24.8,24.9,24.7,24.7
2018/06/20,24.8,25.1,24.6,24.9
2018/06/21,25.1,25.1,24.9,24.9
2018/06/22,25.1,25.1,24.8,24.9
2018/06/25,24.8,25.0,24.7,24.9
2018/06/26,25.0,25.1,24.9,25.0
2018/06/27,25.0,25.1,24.9,25.0
2018/06/28,24.9,24.9,24.6,24.6
2018/06/29,24.6,25.2,24.6,25.2
2018/07/02,24.9,25.1,24.8,24.8
2018/07/03,24.8,24.9,24.7,24.7
2018/07/04,24.7,24.9,24.7,24.8
2018/07/05,25.0,25.0,24.7,24.8
2018/07/06,24.7,24.8,24.5,24.8
2018/07/09,25.0,25.0,24.8,24.9
2018/07/10,25.0,25.0,24.8,25.0
2018/07/11,24.8,24.9,24.6,24.9
2018/07/12,24.9,25.2,24.8,25.2
2018/07/13,25.2,25.3,25.1,25.3
2018/07/16,25.4,25.4,25.1,25.1
2018/07/17,25.1,25.3,25.0,25.2
2018/07/18,25.3,25.3,25.2,25.3
2018/07/19,25.3,25.4,25.2,25.2
2018/07/20,25.2,25.3,25.1,25.2
2018/07/23,25.2,25.4,25.2,25.2
2018/07/24,25.3,25.4,25.2,25.4
2018/07/25,25.4,25.6,25.3,25.5
2018/07/26,25.6,25.6,25.4,25.6
2018/07/27,25.6,25.6,25.4,25.5
2018/07/30,25.6,25.6,25.5,25.5
2018/07/31,25.6,25.6,25.4,25.5
2018/08/01,25.5,25.7,25.5,25.7
2018/08/02,25.7,25.8,25.6,25.6
2018/08/03,25.7,25.8,25.6,25.6
2018/08/06,25.7,25.7,25.5,25.6
2018/08/07,25.6,25.6,25.5,25.6
2018/08/08,25.6,25.7,25.6,25.6
2018/08/09,24.4,24.6,24.4,24.4
2018/08/10,24.5,24.7,24.4,24.7
2018/08/13,24.6,24.6,24.4,24.5
2018/08/14,24.4,24.5,24.4,24.4
2018/08/15,24.4,24.4,24.0,24.0
2018/08/16,23.9,23.9,23.7,23.7
2018/08/17,23.9,24.0,23.9,23.9
2018/08/20,24.0,24.0,23.8,23.9
2018/08/21,24.0,24.2,23.9,24.2
2018/08/22,24.3,24.4,24.1,24.3
2018/08/23,24.4,24.4,24.2,24.4
2018/08/24,24.4,24.4,24.2,24.4
2018/08/27,24.4,24.4,24.2,24.2
2018/08/28,24.3,24.4,24.2,24.3
2018/08/29,24.3,24.3,24.1,24.2
2018/08/30,24.2,24.2,24.1,24.2
2018/08/31,24.2,24.2,24.0,24.2
2018/09/03,24.2,24.2,24.0,24.1
2018/09/04,24.1,24.4,24.1,24.4
2018/09/05,24.4,24.4,24.1,24.1
2018/09/06,24.0,24.3,23.9,24.3
2018/09/07,24.1,24.3,24.0,24.3
2018/09/10,24.1,24.3,24.1,24.2
2018/09/11,24.2,24.4,24.2,24.4
2018/09/12,24.4,24.4,24.2,24.4
2018/09/13,24.3,24.4,24.2,24.4
2018/09/14,24.4,24.4,24.3,24.3
2018/09/17,24.4,24.8,24.4,24.7
2018/09/18,24.7,25.2,24.7,25.1
2018/09/19,25.1,25.3,25.0,25.3
2018/09/20,25.3,25.4,25.2,25.3
2018/09/21,25.3,25.5,25.3,25.4
2018/09/25,25.5,25.6,25.4,25.6
2018/09/26,25.6,25.6,25.4,25.6
2018/09/27,25.6,25.6,25.4,25.6
2018/09/28,25.5,25.8,25.5,25.8
2018/10/01,25.8,26.0,25.8,25.8
2018/10/02,25.9,25.9,25.3,25.4
2018/10/03,25.3,25.6,25.3,25.4
2018/10/04,25.4,25.6,25.3,25.6
2018/10/05,25.5,25.6,25.0,25.1
2018/10/08,25.1,25.5,25.1,25.3
2018/10/09,25.3,26.0,25.3,25.8
2018/10/11,25.2,25.4,24.7,24.8
2018/10/12,24.6,25.3,24.6,25.3
2018/10/15,25.1,25.2,24.8,24.9
2018/10/16,24.9,25.1,24.8,24.9
2018/10/17,25.0,25.1,24.8,25.0
2018/10/18,25.0,25.0,24.6,24.7
2018/10/19,24.4,24.8,24.4,24.6
2018/10/22,24.5,24.6,24.4,24.5
2018/10/23,24.4,24.5,24.4,24.5
2018/10/24,24.4,24.4,23.9,24.4
2018/10/25,23.9,24.1,23.8,23.9
2018/10/26,24.0,24.1,23.4,23.7
2018/10/29,23.7,23.9,23.5,23.7
2018/10/30,23.8,23.9,23.6,23.8
2018/10/31,24.2,24.5,24.0,24.5
2018/11/01,24.2,24.3,24.1,24.2
2018/11/02,24.4,24.6,24.3,24.6
2018/11/05,24.4,24.6,24.3,24.6
2018/11/06,24.6,24.6,24.4,24.6
2018/11/07,24.6,24.8,24.5,24.8
2018/11/08,24.9,25.0,24.7,25.0
2018/11/09,25.0,25.0,24.5,24.8
2018/11/12,24.7,24.9,24.5,24.8
2018/11/13,24.5,24.9,24.5,24.8
2018/11/14,24.8,24.8,24.7,24.8
2018/11/15,24.7,24.8,24.6,24.7
2018/11/16,24.8,24.9,24.7,24.8
2018/11/19,24.8,24.9,24.7,24.8
2018/11/20,24.7,24.8,24.6,24.6
2018/11/21,24.5,24.6,24.5,24.6
2018/11/22,24.6,24.6,24.4,24.5
2018/11/23,24.5,24.7,24.4,24.6
2018/11/26,24.6,24.9,24.4,24.5
2018/11/27,24.5,24.5,24.3,24.3
2018/11/28,24.4,24.5,24.3,24.5
2018/11/29,24.5,24.5,24.1,24.1
2018/11/30,24.3,24.5,23.9,24.0
2018/12/03,24.2,24.4,24.2,24.2
2018/12/04,24.2,24.4,24.2,24.4
2018/12/05,24.3,24.4,24.2,24.2
2018/12/06,24.2,24.2,24.0,24.2
2018/12/07,24.2,24.2,24.1,24.2
2018/12/10,24.0,24.1,23.9,24.0
2018/12/11,24.0,24.2,23.9,24.1
2018/12/12,24.3,24.3,24.0,24.1
2018/12/13,24.1,24.1,24.0,24.1
2018/12/14,23.9,24.1,23.9,24.0
2018/12/17,24.1,24.2,24.0,24.2
2018/12/18,24.1,24.2,23.9,24.0
2018/12/19,24.0,24.1,23.9,24.1
2018/12/20,23.9,24.1,23.9,24.1
2018/12/21,24.0,24.0,23.9,24.0
2018/12/24,23.9,24.0,23.8,23.9
2018/12/25,23.7,23.8,23.7,23.7
2018/12/26,23.8,23.8,23.6,23.7
2018/12/27,23.7,23.9,23.7,23.7
2018/12/28,23.7,24.3,23.6,24.3
2019/01/02,24.1,24.1,23.7,23.8
2019/01/03,23.7,23.9,23.6,23.8
2019/01/04,23.7,23.8,23.6,23.7
2019/01/07,23.9,24.0,23.8,24.0
2019/01/08,24.0,24.0,23.8,23.9
2019/01/09,24.0,24.2,23.9,24.2
2019/01/10,24.2,24.4,24.2,24.4
2019/01/11,24.5,24.5,24.3,24.4
2019/01/14,24.4,24.4,24.2,24.4
2019/01/15,24.4,24.5,24.3,24.5
2019/01/16,24.5,24.5,24.4,24.4
2019/01/17,24.4,24.4,24.3,24.4
2019/01/18,24.4,24.6,24.4,24.4
2019/01/21,24.6,24.6,24.5,24.6
2019/01/22,24.6,24.8,24.5,24.8
2019/01/23,24.6,24.9,24.6,24.9
2019/01/24,24.9,24.9,24.7,24.9
2019/01/25,24.7,24.9,24.7,24.8
2019/01/28,24.8,24.9,24.7,24.8
2019/01/29,24.8,25.0,24.7,25.0
2019/01/30,25.0,25.2,24.9,24.9
2019/02/11,25.2,25.2,24.7,24.7
2019/02/12,24.8,25.1,24.7,24.9
2019/02/13,24.9,25.0,24.8,24.9
2019/02/14,24.8,25.0,24.8,24.8
2019/02/15,24.8,25.0,24.7,24.7
2019/02/18,24.9,25.1,24.9,25.0
2019/02/19,25.0,25.2,25.0,25.1
2019/02/20,25.2,25.2,25.1,25.2
2019/02/21,25.2,25.3,25.2,25.3
2019/02/22,25.2,25.3,25.2,25.2
2019/02/25,25.3,25.4,25.2,25.4
2019/02/26,25.4,25.4,25.2,25.3
2019/02/27,25.4,25.5,25.3,25.5
2019/03/04,25.3,25.5,25.2,25.3
2019/03/05,25.3,25.4,25.2,25.2
2019/03/06,25.4,25.4,25.2,25.4
2019/03/07,25.3,25.4,25.3,25.4
2019/03/08,25.3,25.4,25.3,25.3
2019/03/11,25.4,25.7,25.3,25.5
2019/03/12,25.6,25.8,25.5,25.6
2019/03/13,25.6,25.7,25.5,25.7
2019/03/14,25.6,25.7,25.4,25.6
2019/03/15,25.6,25.7,25.6,25.7
2019/03/18,25.8,26.1,25.7,26.1
2019/03/19,26.1,26.3,26.1,26.2
2019/03/20,26.2,26.2,26.0,26.2
2019/03/21,26.2,26.3,26.1,26.3
2019/03/22,26.3,26.4,26.2,26.2
2019/03/25,26.0,26.1,25.9,26.0
2019/03/26,26.0,26.3,26.0,26.2
2019/03/27,26.2,26.3,26.1,26.2
2019/03/28,26.2,26.3,26.1,26.2
2019/03/29,26.2,26.3,26.1,26.3
2019/04/01,26.3,26.3,26.1,26.1
2019/04/02,26.1,26.2,26.1,26.1
2019/04/03,26.2,26.3,26.2,26.2
2019/04/08,26.3,26.4,26.2,26.3
2019/04/09,26.3,26.4,26.3,26.4
2019/04/10,26.3,26.5,26.3,26.4
2019/04/11,26.3,26.5,26.3,26.5
2019/04/12,26.4,26.5,26.4,26.5
2019/04/15,26.5,26.5,26.4,26.4
2019/04/16,26.4,26.5,26.3,26.3
2019/04/17,26.4,26.4,26.3,26.3
2019/04/18,26.3,26.4,26.3,26.4
2019/04/19,26.4,26.4,26.3,26.4
2019/04/22,26.4,26.4,26.2,26.2
2019/04/23,26.2,26.4,26.2,26.4
2019/04/24,26.7,26.9,26.7,26.8
2019/04/25,26.8,27.0,26.8,26.9
2019/04/26,26.9,27.1,26.9,27.1
2019/04/29,27.1,27.5,27.1,27.5
2019/04/30,27.5,27.8,27.4,27.8
2019/05/02,27.7,28.3,27.7,28.2
2019/05/03,28.2,28.3,28.1,28.1
2019/05/06,28.1,28.1,27.9,28.1
2019/05/07,28.1,28.8,28.1,28.6
2019/05/08,28.2,28.6,28.2,28.6
2019/05/09,28.2,28.3,28.0,28.0
2019/05/10,28.0,28.1,27.7,27.7
2019/05/13,27.7,27.7,27.4,27.6
2019/05/14,27.5,28.0,27.5,27.6
2019/05/15,27.7,28.0,27.6,27.8
2019/05/16,27.8,27.9,27.7,27.7
2019/05/17,28.0,28.3,27.9,28.1
2019/05/20,28.4,28.5,28.3,28.5
2019/05/21,28.7,28.8,28.5,28.7
2019/05/22,28.6,28.7,28.4,28.5
2019/05/23,28.5,28.6,28.1,28.6
2019/05/24,28.5,28.7,28.4,28.6
2019/05/27,28.6,28.7,28.5,28.6
2019/05/28,28.6,28.6,28.2,28.3
2019/05/29,28.3,28.6,28.2,28.6
2019/05/30,28.5,28.8,28.4,28.8
2019/05/31,28.6,29.0,28.6,29.0
2019/06/03,28.9,29.0,28.8,29.0
2019/06/04,29.0,29.1,28.9,28.9
2019/06/05,29.0,29.1,28.9,28.9
2019/06/06,28.9,29.7,28.9,29.7
2019/06/10,29.7,30.0,29.6,29.9
2019/06/11,29.9,29.9,29.3,29.3
2019/06/12,29.1,29.1,28.2,28.8
2019/06/13,28.7,28.9,28.3,28.7
2019/06/14,28.5,28.7,28.5,28.7
2019/06/17,28.8,28.9,28.7,28.8
2019/06/18,28.8,28.9,28.6,28.9
2019/06/19,28.9,29.3,28.9,29.3
2019/06/20,29.5,29.5,29.3,29.5
2019/06/21,29.3,29.4,28.9,28.9
2019/06/24,28.9,29.0,28.9,28.9
2019/06/25,28.9,29.1,28.9,29.0
2019/06/26,29.0,29.1,29.0,29.1
2019/06/27,29.0,29.1,28.9,28.9
2019/06/28,29.0,29.2,28.9,28.9
2019/07/01,28.9,29.1,28.9,28.9
2019/07/02,29.0,29.3,29.0,29.1
2019/07/03,29.0,29.2,29.0,29.2
2019/07/04,29.2,29.3,29.1,29.2
2019/07/05,29.2,29.4,29.2,29.4
2019/07/08,29.4,29.4,29.3,29.4
2019/07/09,29.4,29.6,29.4,29.6
2019/07/10,29.6,29.7,29.6,29.6
2019/07/11,29.6,29.9,29.6,29.8
2019/07/12,29.9,30.0,29.8,29.8
2019/07/15,29.9,30.0,29.6,29.7
2019/07/16,29.8,29.9,29.7,29.9
2019/07/17,29.8,29.9,29.6,29.9
2019/07/18,29.8,29.9,29.6,29.8
2019/07/19,29.9,29.9,29.8,29.8
2019/07/22,29.9,30.0,29.9,29.9
2019/07/23,30.0,30.1,30.0,30.1
2019/07/24,30.0,30.2,30.0,30.2
2019/07/25,30.2,30.4,30.2,30.2
2019/07/26,30.3,30.3,30.1,30.3
2019/07/29,30.3,30.3,30.1,30.1
2019/07/30,30.1,30.2,30.0,30.1
2019/07/31,30.2,30.2,29.7,30.1
2019/08/01,29.6,29.9,29.6,29.6
2019/08/02,29.3,29.4,29.1,29.4
2019/08/05,29.4,29.4,29.2,29.3
2019/08/06,29.1,29.5,28.9,29.3
2019/08/07,29.6,29.6,29.1,29.1
2019/08/08,28.9,29.3,28.9,29.1
2019/08/12,27.4,27.4,27.0,27.2
2019/08/13,27.2,27.2,26.6,26.7
2019/08/14,26.7,26.8,26.4,26.4
2019/08/15,26.1,26.2,26.0,26.1
2019/08/16,26.2,26.6,26.0,26.5
2019/08/19,26.5,26.6,26.5,26.5
2019/08/20,26.5,26.7,26.5,26.7
2019/08/21,26.7,26.7,26.4,26.4
2019/08/22,26.5,26.6,26.4,26.5
2019/08/23,26.5,26.6,26.5,26.6
2019/08/26,26.2,26.4,26.1,26.2
2019/08/27,26.2,26.3,26.1,26.2
2019/08/28,26.2,26.5,26.2,26.3
2019/08/29,26.3,26.3,26.2,26.2
2019/08/30,26.4,26.9,26.3,26.9
2019/09/02,26.8,26.8,26.5,26.6
2019/09/03,26.6,26.6,26.5,26.6
2019/09/04,26.6,26.7,26.6,26.6
2019/09/05,26.7,26.8,26.6,26.7
2019/09/06,26.8,27.0,26.8,27.0
2019/09/09,27.2,27.4,27.1,27.4
2019/09/10,27.6,27.7,27.4,27.7
2019/09/11,27.7,27.7,27.3,27.6
2019/09/12,27.7,27.7,27.4,27.4
2019/09/16,27.6,27.6,27.3,27.4
2019/09/17,27.4,27.4,27.3,27.4
2019/09/18,27.4,27.7,27.3,27.7
2019/09/19,27.6,27.7,27.4,27.6
2019/09/20,27.6,27.6,27.3,27.4
2019/09/23,27.4,27.4,27.3,27.4
2019/09/24,27.4,27.4,27.2,27.2
2019/09/25,27.2,27.3,26.9,27.0
2019/09/26,27.1,27.1,27.0,27.0
2019/09/27,27.0,27.1,26.9,26.9
2019/10/01,26.9,27.2,26.9,26.9
2019/10/02,26.9,27.2,26.9,27.0
2019/10/03,26.8,27.0,26.8,26.9
2019/10/04,26.9,27.0,26.9,27.0
2019/10/07,27.1,27.1,27.0,27.1
2019/10/08,27.4,27.6,27.2,27.3
2019/10/09,27.3,27.4,27.2,27.2
2019/10/14,27.4,27.4,27.1,27.3
2019/10/15,27.3,27.4,27.1,27.3
2019/10/16,27.4,27.4,27.2,27.3
2019/10/17,27.3,27.4,27.3,27.4
2019/10/18,27.5,27.5,27.2,27.3
2019/10/21,27.3,27.4,27.1,27.4
2019/10/22,27.4,27.4,27.2,27.3
2019/10/23,27.3,27.4,27.3,27.4
2019/10/24,27.4,27.6,27.4,27.6
2019/10/25,27.6,27.6,27.4,27.6
2019/10/28,27.6,27.7,27.5,27.7
2019/10/29,27.8,27.8,27.7,27.8
2019/10/30,27.8,28.0,27.7,28.0
2019/10/31,28.0,28.1,28.0,28.0
2019/11/01,28.0,28.0,27.7,27.8
2019/11/04,27.8,28.1,27.8,28.1
2019/11/05,28.1,28.3,28.1,28.3
2019/11/06,28.7,29.0,28.4,28.7
2019/11/07,28.8,28.8,28.5,28.6
2019/11/08,28.7,28.7,28.5,28.6
2019/11/11,28.6,28.7,28.2,28.5
2019/11/12,28.7,28.7,28.4,28.7
2019/11/13,28.6,28.7,28.5,28.6
2019/11/14,28.6,28.6,28.4,28.5
2019/11/15,28.7,28.7,28.5,28.6
2019/11/18,28.6,28.8,28.5,28.8
2019/11/19,28.7,28.8,28.6,28.8
2019/11/20,28.8,28.8,28.6,28.7
2019/11/21,28.5,28.6,28.4,28.4
2019/11/22,28.4,28.5,28.4,28.5
2019/11/25,28.5,28.5,28.4,28.5
2019/11/26,28.6,28.8,28.5,28.5
2019/11/27,28.5,28.8,28.5,28.8
2019/11/28,28.8,28.8,28.6,28.7
2019/11/29,28.7,28.7,28.4,28.4
2019/12/02,28.2,28.4,28.2,28.4
2019/12/03,28.2,28.2,28.1,28.1
2019/12/04,28.2,28.2,28.1,28.2
2019/12/05,28.3,28.3,28.1,28.2
2019/12/06,28.3,28.3,28.1,28.1
2019/12/09,28.2,28.2,28.1,28.2
2019/12/10,28.2,28.3,28.2,28.3
2019/12/11,28.2,28.2,28.1,28.2
2019/12/12,28.2,28.4,28.1,28.2
2019/12/13,28.3,28.5,28.3,28.4
2019/12/16,28.4,28.5,28.4,28.4
2019/12/17,28.4,28.7,28.4,28.7
2019/12/18,28.6,28.7,28.6,28.7
2019/12/19,28.6,28.7,28.5,28.6
2019/12/20,28.7,28.8,28.5,28.6
2019/12/23,28.6,28.9,28.6,28.9
2019/12/24,28.9,28.9,28.8,28.9
2019/12/25,28.9,28.9,28.8,28.9
2019/12/26,28.9,28.9,28.8,28.9
2019/12/27,28.9,28.9,28.9,28.9
2019/12/30,28.9,29.0,28.8,28.8
2019/12/31,28.8,28.8,28.7,28.7
2020/01/02,28.7,28.7,28.6,28.7
2020/01/03,28.8,28.9,28.7,28.9
2020/01/06,28.8,28.8,28.7,28.7
2020/01/07,28.7,28.7,28.6,28.7
2020/01/08,28.7,28.9,28.6,28.8
2020/01/09,28.8,28.9,28.8,28.9
2020/01/10,28.9,29.1,28.9,29.0
2020/01/13,29.1,29.7,29.1,29.7
2020/01/14,29.8,30.0,29.7,30.0
2020/01/15,30.0,30.0,29.7,29.8
2020/01/16,29.8,29.9,29.7,29.9
2020/01/17,30.0,30.1,29.9,30.1
2020/01/20,30.1,30.3,30.1,30.3
2020/01/30,29.9,29.9,29.2,29.2
2020/01/31,29.3,30.0,29.3,29.6
2020/02/03,29.2,29.7,28.8,29.6
2020/02/04,29.6,30.1,29.4,29.8
2020/02/05,29.8,30.0,29.6,30.0
2020/02/06,30.1,30.3,30.0,30.3
2020/02/07,30.1,30.2,29.9,30.0
2020/02/10,29.6,30.1,29.6,30.0
2020/02/11,29.9,30.1,29.9,30.1
2020/02/12,30.0,30.2,30.0,30.1
2020/02/13,30.1,30.2,30.0,30.2
2020/02/14,30.1,30.3,30.0,30.3
2020/02/17,30.2,30.5,30.2,30.4
2020/02/18,30.4,31.0,30.3,30.8
2020/02/19,30.9,31.3,30.9,31.3
2020/02/20,31.4,31.7,31.1,31.5
2020/02/21,31.4,31.5,31.1,31.1
2020/02/24,30.9,30.9,30.5,30.6
2020/02/25,30.3,30.7,30.3,30.6
2020/02/26,30.3,30.4,30.2,30.3
2020/02/27,30.3,30.3,30.1,30.3
2020/03/02,29.6,30.2,29.6,29.9
2020/03/03,30.2,30.4,30.1,30.2
2020/03/04,30.1,30.3,30.1,30.3
2020/03/05,30.3,30.9,30.3,30.8
2020/03/06,30.7,30.7,30.2,30.4
2020/03/09,29.7,30.1,29.4,29.7
2020/03/10,29.1,29.6,29.1,29.4
2020/03/11,29.3,29.5,29.2,29.2
2020/03/12,28.8,28.9,28.0,28.3
2020/03/13,26.6,28.3,26.3,28.1
2020/03/16,27.3,27.7,27.2,27.2
2020/03/17,26.0,26.8,25.9,26.2
2020/03/18,25.9,26.6,25.9,26.2
2020/03/19,25.8,26.0,24.7,24.7
2020/03/20,25.0,26.2,25.0,26.2
2020/03/23,24.9,25.5,24.5,25.3
2020/03/24,26.3,26.5,25.6,25.6
2020/03/25,26.2,26.6,26.0,26.2
2020/03/26,26.3,26.5,26.0,26.4
2020/03/27,26.6,27.0,26.5,26.8
2020/03/30,26.5,27.0,26.1,26.8
2020/03/31,27.0,27.1,26.4,26.6
2020/04/01,26.5,26.6,26.3,26.3
2020/04/06,27.2,27.6,26.3,26.6
2020/04/07,26.8,26.9,26.5,26.6
2020/04/08,26.6,26.8,26.6,26.6
2020/04/09,26.6,26.8,26.6,26.7
2020/04/10,26.8,27.4,26.7,27.3
2020/04/13,26.9,27.1,26.7,26.8
2020/04/14,26.8,27.0,26.7,27.0
2020/04/15,27.1,27.4,27.1,27.4
2020/04/16,27.0,27.1,26.8,27.0
2020/04/17,27.2,27.6,27.2,27.2
2020/04/20,27.1,27.3,26.9,27.1
2020/04/21,27.0,27.0,26.4,26.6
2020/04/22,26.2,26.7,26.2,26.5
2020/04/23,26.4,26.8,26.4,26.5
2020/04/24,26.5,26.6,26.4,26.4
2020/04/27,26.7,27.0,26.6,26.9
2020/04/28,27.2,27.6,27.2,27.6
2020/04/29,27.9,28.1,27.6,28.1
2020/04/30,28.1,28.7,28.1,28.2
2020/05/04,26.9,27.7,26.9,27.5
2020/05/05,27.6,28.1,27.5,28.0
2020/05/06,28.0,28.0,27.5,27.7
2020/05/07,27.7,28.0,27.5,27.7
2020/05/08,28.1,28.2,28.0,28.1
2020/05/11,28.4,28.6,28.3,28.5
2020/05/12,28.4,28.4,28.2,28.4
2020/05/13,28.4,28.5,28.2,28.4
2020/05/14,28.2,28.4,28.1,28.3
2020/05/15,28.4,28.5,28.2,28.3
2020/05/18,28.2,28.3,28.1,28.1
2020/05/19,28.7,28.8,28.4,28.6
2020/05/20,28.7,28.9,28.6,28.9
2020/05/21,28.9,29.0,28.7,29.0
2020/05/22,28.8,28.9,28.5,28.5
2020/05/25,28.6,28.6,28.2,28.4
2020/05/26,28.8,28.9,28.5,28.7
2020/05/27,28.7,28.9,28.7,28.8
2020/05/28,28.8,28.8,28.5,28.5
2020/05/29,28.4,28.8,28.4,28.8
2020/06/01,28.9,29.1,28.7,28.8
2020/06/02,28.8,29.0,28.8,28.9
2020/06/03,29.2,29.5,29.1,29.3
2020/06/04,29.5,29.5,29.3,29.4
2020/06/05,29.4,29.5,29.2,29.5
2020/06/08,29.5,29.8,29.4,29.8
2020/06/09,29.7,29.8,29.6,29.8
2020/06/10,29.8,30.1,29.7,30.1
2020/06/11,30.0,30.1,29.7,29.8
2020/06/12,29.0,29.7,28.9,29.5
2020/06/15,29.5,29.6,29.3,29.3
2020/06/16,29.5,30.0,29.5,29.7
2020/06/17,29.6,29.7,29.5,29.7
2020/06/18,29.7,29.7,29.5,29.6
2020/06/19,29.6,29.6,29.3,29.3
2020/06/22,29.3,29.5,29.1,29.2
2020/06/23,29.2,29.4,28.9,29.2
2020/06/24,29.3,29.5,29.1,29.3
2020/06/29,28.9,29.1,28.9,28.9
2020/06/30,29.0,29.1,28.9,28.9
2020/07/01,28.9,29.5,28.9,29.3
2020/07/02,29.3,29.6,29.2,29.6
2020/07/03,29.7,29.9,29.6,29.6
2020/07/06,29.6,30.0,29.6,29.9
2020/07/07,30.0,30.1,29.8,30.0
2020/07/08,29.9,30.1,29.9,30.0
2020/07/09,30.1,30.3,30.0,30.2
2020/07/10,30.2,30.2,29.9,30.0
2020/07/13,30.1,30.2,30.0,30.0
2020/07/14,30.1,30.2,30.0,30.2
2020/07/15,30.2,30.3,30.0,30.1
2020/07/16,30.2,30.2,29.9,30.1
2020/07/17,30.2,30.3,30.0,30.2
2020/07/20,30.2,30.4,30.1,30.4
2020/07/21,30.4,30.6,30.4,30.5
2020/07/22,30.4,30.7,30.4,30.6
2020/07/23,30.4,30.7,30.3,30.6
2020/07/24,30.4,30.5,30.1,30.1
2020/07/27,30.1,30.2,29.6,29.6
2020/07/28,29.3,29.8,29.2,29.6
2020/07/29,29.6,30.3,29.6,30.2
2020/07/30,30.3,30.3,30.0,30.3
2020/07/31,30.3,30.4,30.2,30.3
2020/08/03,30.3,30.3,29.8,30.1
2020/08/04,30.1,30.3,30.1,30.2
2020/08/05,30.3,30.3,30.1,30.2
2020/08/06,30.2,30.4,30.2,30.4
2020/08/07,30.4,30.5,30.3,30.4
2020/08/10,30.4,30.5,30.3,30.4
2020/08/11,30.3,30.4,30.3,30.4
2020/08/12,30.4,30.4,30.3,30.3
2020/08/13,28.6,28.6,28.2,28.5
2020/08/14,28.4,28.4,28.1,28.1
2020/08/17,28.1,28.2,28.1,28.1
2020/08/18,28.1,28.1,28.0,28.1
2020/08/19,28.1,28.4,28.0,28.0
2020/08/20,28.0,28.1,27.5,27.5
2020/08/21,27.8,27.9,27.6,27.7
2020/08/24,27.8,27.8,27.6,27.7
2020/08/25,27.7,27.8,27.6,27.6
2020/08/26,27.6,27.8,27.6,27.7
2020/08/27,27.8,27.8,27.5,27.5
2020/08/28,27.6,27.7,27.5,27.5
2020/08/31,27.7,27.7,27.4,27.4
2020/09/01,27.4,27.4,27.2,27.2
2020/09/02,27.4,27.4,27.0,27.1
2020/09/03,27.1,27.1,26.9,27.1
2020/09/04,26.9,27.1,26.8,26.8
2020/09/07,26.8,27.0,26.8,27.0
2020/09/08,27.1,27.2,26.9,27.0
2020/09/09,26.9,27.0,26.8,26.9
2020/09/10,26.9,27.0,26.8,26.9
2020/09/11,26.9,26.9,26.7,26.8
2020/09/14,26.8,26.9,26.7,26.8
2020/09/15,26.8,26.8,26.7,26.8
2020/09/16,26.8,26.9,26.7,26.9
2020/09/17,26.9,26.9,26.7,26.7
2020/09/18,26.7,26.8,26.6,26.6
2020/09/21,26.6,26.6,26.4,26.4
2020/09/22,26.4,26.4,26.1,26.1
2020/09/23,26.1,26.1,25.8,25.8
2020/09/24,25.6,25.6,25.3,25.3
2020/09/25,25.3,26.1,25.3,25.7
2020/09/28,25.9,26.2,25.9,26.1
2020/09/29,26.3,26.3,25.9,26.0
2020/09/30,26.1,26.2,26.0,26.0
2020/10/05,26.1,26.3,26.0,26.0
2020/10/06,26.2,26.2,26.1,26.2
2020/10/07,26.2,26.2,26.1,26.2
2020/10/08,26.2,26.3,26.1,26.2
2020/10/12,26.3,26.5,26.2,26.5
2020/10/13,26.5,26.5,26.3,26.4
2020/10/14,26.3,26.4,26.2,26.2
2020/10/15,26.2,26.2,25.9,26.0
2020/10/16,26.0,26.1,25.9,25.9
2020/10/19,25.9,26.1,25.9,26.0
2020/10/20,26.0,26.1,25.9,25.9
2020/10/21,26.0,26.0,25.9,25.9
2020/10/22,25.9,26.0,25.9,26.0
2020/10/23,26.0,26.0,25.9,26.0
2020/10/26,26.0,26.1,25.9,26.0
2020/10/27,25.9,26.0,25.9,25.9
2020/10/28,25.9,26.0,25.9,25.9
2020/10/29,25.9,25.9,25.8,25.8
2020/10/30,25.8,26.0,25.7,25.8
2020/11/02,25.9,26.2,25.8,26.2
2020/11/03,26.2,26.3,26.1,26.3
2020/11/04,26.4,26.4,26.3,26.3
2020/11/05,26.4,26.6,26.3,26.6
2020/11/06,26.6,26.7,26.6,26.7
2020/11/09,26.8,27.0,26.7,26.9
2020/11/10,27.0,27.2,26.9,27.2
2020/11/11,27.3,27.8,27.3,27.8
2020/11/12,27.8,27.8,27.2,27.4
2020/11/13,27.4,27.5,27.2,27.5
2020/11/16,27.6,27.7,27.4,27.6
2020/11/17,27.6,27.6,27.4,27.6
2020/11/18,27.6,27.8,27.5,27.8
2020/11/19,27.5,27.7,27.5,27.7
2020/11/20,27.7,27.8,27.6,27.7
2020/11/23,27.7,27.9,27.7,27.8
2020/11/24,27.8,27.8,27.4,27.4
2020/11/25,27.6,27.6,27.4,27.4
2020/11/26,27.4,27.4,27.4,27.4
2020/11/27,27.4,27.4,27.3,27.3
2020/11/30,27.3,27.3,26.6,26.6
2020/12/01,26.8,27.3,26.8,27.3
2020/12/02,27.2,27.4,27.2,27.4
2020/12/03,27.3,27.4,27.2,27.4
2020/12/04,27.4,27.4,27.2,27.3
2020/12/07,27.3,27.3,27.1,27.2
2020/12/08,27.0,27.1,26.8,26.9
2020/12/09,26.8,27.1,26.8,26.9
2020/12/10,26.9,27.2,26.8,27.0
2020/12/11,27.1,27.4,27.1,27.4
2020/12/14,27.5,27.5,27.4,27.4
2020/12/15,27.3,27.4,27.1,27.2
2020/12/16,27.2,27.6,27.2,27.5
2020/12/17,27.6,27.6,27.5,27.6
2020/12/18,27.6,27.6,27.5,27.6
2020/12/21,27.5,27.8,27.4,27.8
2020/12/22,27.8,27.8,27.6,27.8
2020/12/23,27.5,27.6,27.3,27.6
2020/12/24,27.6,27.6,27.4,27.6
2020/12/25,27.5,27.6,27.4,27.5
2020/12/28,27.5,27.7,27.4,27.7
2020/12/29,27.6,27.7,27.5,27.7
2020/12/30,27.6,28.1,27.6,28.0
2020/12/31,28.0,28.1,27.9,27.9
2021/01/04,27.8,28.0,27.7,28.0
2021/01/05,28.0,28.0,27.9,28.0
2021/01/06,27.9,28.0,27.5,27.6
2021/01/07,27.6,27.9,27.6,27.9
2021/01/08,27.9,28.1,27.8,28.1
2021/01/11,28.1,28.1,28.0,28.1
2021/01/12,28.1,28.1,27.9,27.9
2021/01/13,27.9,28.0,27.8,27.9
2021/01/14,27.9,28.0,27.7,27.9
2021/01/15,27.7,27.7,27.4,27.4
2021/01/18,27.4,27.4,27.2,27.3
2021/01/19,27.3,27.3,27.2,27.3
2021/01/20,27.2,27.2,26.8,26.9
2021/01/21,26.9,27.2,26.9,26.9
2021/01/22,26.9,26.9,26.7,26.8
2021/01/25,26.9,27.1,26.8,27.0
2021/01/26,27.1,27.1,26.8,26.9
2021/01/27,27.0,27.0,26.8,26.9
2021/01/28,26.8,26.9,26.7,26.7
2021/01/29,26.7,26.8,26.4,26.4
2021/02/01,26.4,26.9,26.4,26.8
2021/02/02,26.9,27.1,26.8,26.9
2021/02/03,26.9,27.0,26.8,27.0
2021/02/04,26.9,27.1,26.8,27.0
2021/02/05,27.0,27.2,26.9,27.0
2021/02/17,27.2,27.7,27.1,27.5
2021/02/18,27.5,27.5,27.3,27.4
2021/02/19,27.4,27.4,27.2,27.3
2021/02/22,27.3,27.4,27.2,27.3
2021/02/23,27.3,27.7,27.3,27.7
2021/02/24,27.7,27.8,27.4,27.4
2021/02/25,27.5,27.8,27.5,27.8
2021/02/26,27.8,27.8,27.4,27.4
2021/03/02,27.7,27.9,27.7,27.8
2021/03/03,27.8,27.9,27.7,27.9
2021/03/04,27.9,27.9,27.4,27.7
2021/03/05,27.6,27.9,27.5,27.8
2021/03/08,27.9,28.1,27.8,28.0
2021/03/09,28.1,28.7,28.1,28.7
2021/03/10,28.7,28.7,28.5,28.7
2021/03/11,28.7,29.1,28.7,28.8
2021/03/12,28.9,28.9,28.5,28.7
2021/03/15,28.8,29.1,28.7,29.0
2021/03/16,29.1,29.5,29.1,29.4
2021/03/17,29.4,29.5,29.2,29.5
2021/03/18,29.5,29.6,29.4,29.4
2021/03/19,29.2,29.4,29.1,29.1
2021/03/22,29.0,29.4,28.9,29.3
2021/03/23,29.2,29.4,29.1,29.4
2021/03/24,29.3,29.4,29.2,29.4
2021/03/25,29.4,29.6,29.3,29.6
2021/03/26,29.6,29.7,29.5,29.6
2021/03/29,29.6,29.8,29.6,29.8
2021/03/30,29.7,29.8,29.6,29.8
2021/03/31,29.8,29.9,29.7,29.9
2021/04/01,29.9,30.0,29.8,29.9
2021/04/06,29.9,30.0,29.9,30.0
2021/04/07,30.0,30.0,29.9,30.0
2021/04/08,29.9,29.9,29.7,29.7
2021/04/09,29.7,29.8,29.5,29.6
2021/04/12,29.5,29.8,29.4,29.6
2021/04/13,29.7,29.9,29.7,29.8
2021/04/14,29.8,29.9,29.7,29.9
2021/04/15,29.9,29.9,29.8,29.9
2021/04/16,29.9,30.0,29.8,30.0
2021/04/19,30.0,30.4,30.0,30.4
2021/04/20,30.4,30.5,30.3,30.5
2021/04/21,30.3,30.4,30.3,30.3
2021/04/22,30.1,30.3,30.1,30.3
2021/04/23,30.3,30.3,30.1,30.2
2021/04/26,30.2,30.5,30.1,30.5
2021/04/27,30.5,30.6,30.3,30.5
2021/04/28,30.4,30.5,30.3,30.5
2021/04/29,30.5,30.7,30.4,30.6
2021/05/03,30.4,30.6,30.4,30.4
2021/05/04,30.4,30.5,30.1,30.1
2021/05/05,30.1,30.2,29.9,30.0
2021/05/06,30.0,30.4,29.9,30.3
2021/05/07,30.3,30.5,30.3,30.5
2021/05/10,30.6,30.9,30.5,30.9
2021/05/11,30.9,30.9,30.3,30.4
2021/05/12,30.3,30.5,28.1,29.4
2021/05/13,29.1,30.0,28.9,29.4
2021/05/14,29.5,29.8,29.4,29.7
2021/05/17,29.1,29.5,28.9,29.1
2021/05/18,29.2,30.1,29.2,30.0
2021/05/19,29.9,30.2,29.8,30.1
2021/05/20,30.1,30.1,29.8,30.1
2021/05/21,30.2,30.5,30.2,30.4
2021/05/24,30.2,30.6,30.2,30.5
2021/05/25,30.4,30.9,30.4,30.6
2021/05/26,30.6,30.8,30.6,30.7
2021/05/27,30.5,31.1,30.4,31.1
2021/05/28,30.9,31.0,30.8,31.0
2021/05/31,31.0,31.0,30.9,31.0
2021/06/01,30.9,31.1,30.9,30.9
2021/06/02,30.9,31.1,30.8,31.1
2021/06/03,30.9,31.1,30.8,30.9
2021/06/04,30.9,30.9,30.8,30.9
2021/06/07,31.0,31.0,30.7,31.0
2021/06/08,31.1,31.1,30.9,31.0
2021/06/09,30.8,30.9,30.6,30.9
2021/06/10,30.9,31.0,30.6,31.0
2021/06/11,30.9,31.0,30.8,30.8
2021/06/15,30.8,30.8,30.6,30.7
2021/06/16,30.6,31.0,30.5,30.9
2021/06/17,30.6,30.9,30.6,30.8
2021/06/18,30.7,30.9,30.6,30.7
2021/06/21,30.7,30.8,30.4,30.4
2021/06/22,30.6,30.7,30.4,30.4
2021/06/23,30.4,30.9,30.4,30.7
2021/06/24,30.7,30.9,30.5,30.5
2021/06/25,30.6,30.9,30.6,30.8
2021/06/28,30.8,30.9,30.6,30.7
2021/06/29,30.6,30.7,30.5,30.5
2021/06/30,30.5,30.8,30.5,30.8
2021/07/01,30.6,30.7,30.4,30.6
2021/07/02,30.6,30.6,30.5,30.5
2021/07/05,30.7,30.7,30.5,30.7
2021/07/06,30.7,30.8,30.6,30.8
2021/07/07,30.6,30.7,30.4,30.7
2021/07/08,30.7,30.8,30.6,30.7
2021/07/09,30.5,30.8,30.4,30.8
2021/07/12,30.8,30.8,30.7,30.7
2021/07/13,30.7,30.9,30.7,30.9
2021/07/14,30.7,30.9,30.7,30.9
2021/07/15,30.7,30.8,30.7,30.8
2021/07/16,30.7,30.9,30.7,30.9
2021/07/19,30.8,31.0,30.7,31.0
2021/07/20,30.8,30.9,30.7,30.7
2021/07/21,30.7,30.9,30.6,30.8
2021/07/22,30.8,31.0,30.8,31.0
2021/07/23,31.0,31.0,30.9,31.0
2021/07/26,31.0,31.1,30.8,30.9
2021/07/27,30.9,31.0,30.8,31.0
2021/07/28,31.0,31.0,30.8,30.9
2021/07/29,30.9,31.0,30.8,31.0
2021/07/30,31.0,31.0,30.8,31.0
2021/08/02,31.0,31.0,30.8,30.9
2021/08/03,31.0,31.0,30.9,31.0
2021/08/04,31.0,31.1,31.0,31.1
2021/08/05,31.1,31.1,31.0,31.1
2021/08/06,31.0,31.1,31.0,31.1
2021/08/09,31.0,31.1,30.8,31.1
2021/08/10,31.1,31.1,30.9,31.0
2021/08/11,31.0,31.0,30.9,31.0
2021/08/12,28.8,29.0,28.7,28.8
2021/08/13,28.9,29.2,28.8,29.1
2021/08/16,29.1,29.1,28.9,29.1
2021/08/17,29.1,29.9,29.0,29.5
2021/08/18,29.5,29.5,29.3,29.5
2021/08/19,29.4,29.5,29.2,29.3
2021/08/20,29.5,29.6,29.1,29.5
2021/08/23,29.6,29.6,29.1,29.1
2021/08/24,29.2,29.4,29.1,29.4
2021/08/25,29.5,29.5,29.3,29.5
2021/08/26,29.4,29.5,29.2,29.5
2021/08/27,29.5,30.0,29.4,30.0
2021/08/30,30.0,30.4,29.9,30.4
2021/08/31,30.3,30.7,30.2,30.7
2021/09/01,30.5,30.6,30.4,30.5
2021/09/02,30.4,30.5,30.0,30.1
2021/09/03,30.2,30.5,30.1,30.5
2021/09/06,30.5,30.5,30.3,30.4
2021/09/07,30.4,30.4,30.3,30.4
2021/09/08,30.4,30.4,30.2,30.4
2021/09/09,30.3,30.3,30.2,30.3
2021/09/10,30.3,30.4,30.2,30.4
2021/09/13,30.3,30.3,30.2,30.3
2021/09/14,30.4,30.4,30.3,30.4
2021/09/15,30.4,30.4,30.2,30.3
2021/09/16,30.3,30.4,30.2,30.3
2021/09/17,30.3,30.4,30.1,30.1
2021/09/22,30.0,30.2,29.9,30.1
2021/09/23,30.2,30.3,30.1,30.3
2021/09/24,30.4,30.4,30.3,30.3
2021/09/27,30.3,30.4,30.2,30.3
2021/09/28,30.3,30.3,30.1,30.3
2021/09/29,30.1,30.2,30.0,30.0
2021/09/30,30.0,30.2,30.0,30.0
2021/10/01,30.0,30.1,29.8,30.0
2021/10/04,30.0,30.1,30.0,30.1
2021/10/05,30.0,30.1,29.9,30.0
2021/10/06,30.0,30.3,29.9,30.2
2021/10/07,30.3,30.4,30.2,30.3
2021/10/08,30.3,30.3,30.1,30.2
2021/10/12,30.1,30.4,29.9,30.4
2021/10/13,30.4,30.4,30.3,30.4
2021/10/14,30.4,30.5,30.3,30.3
2021/10/15,30.3,30.4,30.2,30.4
2021/10/18,30.4,30.9,30.3,30.9
2021/10/19,30.9,30.9,30.6,30.7
2021/10/20,30.7,30.9,30.7,30.8
2021/10/21,30.8,30.9,30.7,30.9
2021/10/22,30.9,31.0,30.7,31.0
2021/10/25,30.9,31.0,30.8,31.0
2021/10/26,31.0,31.4,31.0,31.3
2021/10/27,31.2,31.4,31.2,31.2
2021/10/28,31.2,31.3,31.1,31.3
2021/10/29,31.2,31.3,31.0,31.3
2021/11/01,31.3,31.3,31.1,31.2
2021/11/02,31.2,31.3,31.1,31.2
2021/11/03,31.1,31.3,31.1,31.3
2021/11/04,31.3,31.3,31.1,31.3
2021/11/05,31.3,31.6,31.2,31.6
2021/11/08,31.6,31.6,31.4,31.5
2021/11/09,31.5,31.6,31.3,31.6
2021/11/10,31.6,31.8,31.4,31.8
2021/11/11,31.8,31.8,31.6,31.7
2021/11/12,31.8,31.8,31.6,31.8
2021/11/15,31.8,31.8,31.7,31.8
2021/11/16,31.8,32.0,31.8,32.0
2021/11/17,31.9,32.1,31.9,32.0
2021/11/18,32.1,32.6,32.0,32.5
2021/11/19,32.5,32.5,32.1,32.5
2021/11/22,32.3,32.4,31.9,32.0
2021/11/23,31.9,32.1,31.8,31.9
2021/11/24,31.9,32.4,31.8,32.2
2021/11/25,32.1,32.3,31.9,32.3
2021/11/26,32.0,32.2,31.7,31.8
2021/11/29,31.7,31.9,31.6,31.8
2021/11/30,31.6,32.0,31.4,32.0
2021/12/01,31.6,32.0,31.6,32.0
2021/12/02,31.8,32.1,31.7,32.1
2021/12/03,32.0,32.1,31.9,32.0
2021/12/06,31.8,32.4,31.8,32.4
2021/12/07,32.3,32.9,32.1,32.9
2021/12/08,32.9,33.1,32.7,33.0
2021/12/09,33.0,33.1,32.7,33.1
2021/12/10,33.0,33.4,32.9,33.4
2021/12/13,33.4,33.5,33.1,33.3
2021/12/14,33.1,33.2,32.9,33.2
2021/12/15,33.1,33.1,32.9,33.0
2021/12/16,33.0,33.3,32.9,33.3
2021/12/17,33.0,33.6,33.0,33.6
2021/12/20,33.4,33.7,33.3,33.7
2021/12/21,33.7,33.7,33.4,33.5
2021/12/22,33.4,33.4,33.3,33.4
2021/12/23,33.3,33.4,33.2,33.3
2021/12/24,33.3,33.3,33.1,33.3
2021/12/27,33.3,33.3,33.1,33.3
2021/12/28,33.3,33.3,33.2,33.3
2021/12/29,33.3,33.5,33.3,33.3
2021/12/30,33.3,33.4,33.3,33.3
2022/01/03,33.3,33.4,33.0,33.1
2022/01/04,33.2,33.3,33.0,33.3
2022/01/05,33.2,33.3,33.1,33.3
2022/01/06,33.2,33.7,33.1,33.7
2022/01/07,33.7,34.2,33.6,33.9
2022/01/10,33.9,33.9,33.5,33.9
2022/01/11,33.7,34.7,33.7,34.7
2022/01/12,34.7,34.7,34.4,34.7
2022/01/13,34.7,35.5,34.7,35.5
2022/01/14,35.4,35.5,34.7,35.1
2022/01/17,34.9,35.0,34.5,34.7
2022/01/18,34.7,35.0,34.5,34.9
2022/01/19,34.7,34.7,34.5,34.7
2022/01/20,34.5,34.8,34.4,34.6
2022/01/21,34.4,34.5,34.1,34.5
2022/01/24,34.2,34.6,34.1,34.6
2022/01/25,34.1,34.6,34.0,34.6
2022/01/26,34.5,34.8,34.3,34.6
2022/02/07,34.7,35.6,34.7,35.6
2022/02/08,35.7,36.5,35.6,36.5
2022/02/09,36.5,36.6,36.3,36.3
2022/02/10,36.3,36.3,35.7,36.3
2022/02/11,36.1,36.4,35.9,36.3
2022/02/14,36.0,36.1,35.6,36.0
2022/02/15,35.9,35.9,35.6,35.7
2022/02/16,35.8,36.0,35.6,35.8
2022/02/17,35.9,36.0,35.7,36.0
2022/02/18,35.7,35.9,35.6,35.7
2022/02/21,35.6,35.6,35.3,35.6
2022/02/22,35.3,35.4,34.9,35.2
2022/02/23,35.2,35.7,35.2,35.6
2022/02/24,35.4,35.4,35.1,35.3
2022/02/25,35.2,35.3,34.9,35.2
2022/03/01,35.2,35.8,35.1,35.8
2022/03/02,35.7,35.7,35.4,35.7
2022/03/03,35.7,35.7,35.5,35.7
2022/03/04,35.6,35.6,35.1,35.6
2022/03/07,35.1,35.3,34.7,35.3
2022/03/08,35.1,35.4,34.9,35.0
2022/03/09,35.1,35.5,35.0,35.0
2022/03/10,35.1,35.8,35.1,35.8
2022/03/11,35.6,35.8,35.4,35.5
2022/03/14,35.6,36.1,35.6,36.1
2022/03/15,36.1,36.3,35.9,36.2
2022/03/16,36.3,37.0,36.1,37.0
2022/03/17,37.8,38.0,37.0,37.5
2022/03/18,37.8,38.2,37.6,37.9
2022/03/21,37.9,38.0,37.9,38.0
2022/03/22,37.9,38.5,37.9,38.5
2022/03/23,38.6,39.8,38.6,39.7
2022/03/24,39.5,39.8,39.2,39.6
2022/03/25,39.4,39.8,38.9,39.5
2022/03/28,39.1,39.8,39.0,39.7
2022/03/29,39.6,39.7,39.3,39.3
2022/03/30,39.5,39.7,39.1,39.6
2022/03/31,39.6,40.3,39.5,40.2
2022/04/01,40.0,40.5,39.9,40.4
2022/04/06,40.5,41.3,40.1,41.3
2022/04/07,41.4,42.5,41.1,41.3
2022/04/08,41.4,41.6,41.0,41.5
2022/04/11,41.6,42.0,41.3,41.8
2022/04/12,41.8,41.8,41.4,41.6
2022/04/13,41.7,42.2,41.5,42.1
2022/04/14,42.2,42.2,40.2,40.4
2022/04/15,40.2,41.0,39.7,40.1
2022/04/18,39.9,40.0,38.6,39.2
2022/04/19,39.3,39.6,38.7,38.9
2022/04/20,38.9,39.3,38.4,39.1
2022/04/21,39.1,39.1,38.1,38.4
2022/04/22,38.1,38.9,38.1,38.9
2022/04/25,38.5,39.2,38.4,38.9
2022/04/26,39.1,39.3,38.7,39.3
2022/04/27,38.9,39.3,38.9,39.0
2022/04/28,38.9,39.1,38.2,38.4
2022/04/29,38.4,39.2,38.3,39.0
2022/05/03,38.8,38.8,38.2,38.3
2022/05/04,38.7,38.7,38.0,38.3
2022/05/05,38.5,38.5,37.0,37.3
2022/05/06,36.4,37.0,36.2,36.9
2022/05/09,36.1,36.4,35.6,35.6
2022/05/10,35.2,36.0,34.9,35.8
2022/05/11,35.6,35.9,35.5,35.9
2022/05/12,35.5,35.6,34.4,34.7
2022/05/13,34.7,34.8,34.0,34.6
2022/05/16,34.7,34.8,34.0,34.6
2022/05/17,34.4,34.5,34.1,34.1
2022/05/18,34.1,35.2,34.1,35.1
2022/05/19,34.6,34.6,34.2,34.3
2022/05/20,34.5,34.9,34.2,34.8
2022/05/23,34.8,35.3,34.3,34.8
2022/05/24,34.9,35.4,34.8,34.8
2022/05/25,34.9,35.3,34.7,35.2
2022/05/26,35.3,35.3,34.9,34.9
2022/05/27,35.1,35.6,34.9,35.5
2022/05/30,35.8,36.1,35.4,36.0
2022/05/31,36.0,36.3,35.4,36.3
2022/06/01,36.3,36.3,35.7,35.8
2022/06/02,35.5,35.7,35.2,35.5
2022/06/06,34.9,35.6,34.7,35.4
2022/06/07,35.1,35.4,35.0,35.3
2022/06/08,35.4,35.5,35.2,35.3
2022/06/09,35.1,35.1,34.7,34.8
2022/06/10,34.5,34.8,34.3,34.8
2022/06/13,34.0,34.2,33.5,34.2
2022/06/14,34.0,34.7,33.9,34.6
2022/06/15,34.1,34.1,33.7,33.9
2022/06/16,34.2,34.5,33.8,33.9
2022/06/17,33.6,33.7,32.8,33.1
2022/06/20,33.1,33.5,32.4,32.4
2022/06/21,32.9,33.8,32.8,33.3
2022/06/22,33.3,33.7,32.8,33.2
2022/06/23,33.8,34.1,32.9,33.1
2022/06/24,34.0,34.2,33.6,33.9
2022/06/27,34.3,34.4,33.9,33.9
2022/06/28,34.1,34.2,33.9,34.1
2022/06/29,33.5,33.8,33.3,33.4
2022/06/30,33.3,33.4,33.0,33.1
2022/07/01,33.1,33.3,32.9,33.0
2022/07/04,33.3,33.7,33.2,33.5
2022/07/05,33.7,33.9,33.3,33.3
2022/07/06,33.5,33.5,32.9,33.0
2022/07/07,33.0,33.2,32.6,32.9
2022/07/08,33.0,33.2,32.8,32.8
2022/07/11,32.7,32.7,32.1,32.1
2022/07/12,31.8,31.8,31.2,31.3
2022/07/13,32.1,33.0,32.0,32.6
2022/07/14,32.6,32.8,32.3,32.4
2022/07/15,32.1,32.2,31.8,31.8
2022/07/18,31.8,32.2,31.6,32.0
2022/07/19,31.8,32.2,31.8,32.0
2022/07/20,32.2,32.6,31.8,32.0
2022/07/21,31.8,32.3,31.7,32.3
2022/07/22,32.3,32.8,31.9,32.7
2022/07/25,32.5,32.6,32.2,32.3
2022/07/26,32.2,32.6,32.1,32.4
2022/07/27,32.5,33.0,32.4,32.9
2022/07/28,33.0,33.4,32.9,33.3
2022/07/29,33.5,33.6,32.9,33.2
2022/08/01,33.2,33.3,33.0,33.3
2022/08/02,33.1,33.4,32.8,33.4
2022/08/03,33.5,33.5,33.2,33.3
2022/08/04,33.3,33.6,33.2,33.4
2022/08/05,33.8,33.8,33.5,33.6
2022/08/08,33.6,33.7,33.3,33.7
2022/08/09,33.8,34.8,33.8,34.6
2022/08/10,34.6,35.0,34.4,34.8
2022/08/11,34.5,34.6,34.0,34.4
2022/08/12,34.6,34.6,34.2,34.3
2022/08/15,34.3,34.3,34.0,34.2
2022/08/16,34.2,34.5,34.2,34.4
2022/08/17,34.3,34.4,34.1,34.3
2022/08/18,34.4,34.6,34.2,34.6
2022/08/19,34.4,34.6,34.2,34.4
2022/08/22,34.1,34.5,33.9,34.4
2022/08/23,34.2,34.2,33.8,33.8
2022/08/24,33.9,33.9,33.7,33.7
2022/08/25,33.7,34.2,33.7,34.1
2022/08/26,34.3,34.5,34.2,34.4
2022/08/29,33.7,34.3,33.7,34.1
2022/08/30,33.9,34.4,33.8,34.0
2022/08/31,34.0,34.5,33.9,34.5
2022/09/01,33.9,34.0,33.7,33.7
2022/09/02,33.8,33.9,33.6,33.6
2022/09/05,33.7,33.9,33.5,33.9
2022/09/06,34.1,34.1,33.8,33.9
2022/09/07,33.6,33.8,33.5,33.6
2022/09/08,33.6,33.7,33.5,33.6
2022/09/12,33.8,34.1,33.7,34.1
2022/09/13,34.1,34.2,33.6,33.7
2022/09/14,33.3,33.6,33.2,33.4
2022/09/15,33.3,33.4,33.1,33.2
2022/09/16,33.0,33.4,32.9,33.1
2022/09/19,33.3,33.5,33.0,33.1
2022/09/20,33.3,33.3,33.1,33.1
2022/09/21,33.1,33.2,32.8,32.9
2022/09/22,32.7,32.8,32.3,32.3
2022/09/23,32.5,32.7,32.4,32.5
2022/09/26,32.4,32.4,31.9,32.0
2022/09/27,32.0,32.2,31.2,31.2
2022/09/28,30.9,31.2,30.2,30.7
2022/09/29,30.7,30.9,30.1,30.5
2022/09/30,30.3,30.3,29.8,29.9
2022/10/03,29.6,29.7,29.3,29.4
2022/10/04,29.5,29.7,29.3,29.5
2022/10/05,29.6,30.0,29.6,29.6
2022/10/06,29.8,30.1,29.5,30.1
2022/10/07,30.0,30.0,29.6,29.8
2022/10/11,29.1,29.1,28.9,28.9
2022/10/12,28.9,29.2,28.7,29.0
2022/10/13,29.0,29.0,28.3,28.6
2022/10/14,28.6,28.9,28.2,28.2
2022/10/17,28.1,28.2,27.8,28.1
2022/10/18,28.3,28.5,28.0,28.5
2022/10/19,28.5,28.6,27.8,27.8
2022/10/20,27.4,28.1,27.3,28.0
2022/10/21,28.3,28.6,28.1,28.5
2022/10/24,28.7,28.8,28.3,28.4
2022/10/25,28.8,28.9,28.2,28.8
2022/10/26,28.8,29.3,28.7,28.9
2022/10/27,29.1,29.2,28.5,28.5
2022/10/28,28.7,28.9,28.4,28.6
2022/10/31,28.8,29.1,28.7,28.7
2022/11/01,28.8,28.8,28.4,28.6
2022/11/02,28.4,28.5,28.1,28.2
2022/11/03,28.2,28.2,27.9,27.9
2022/11/04,27.8,28.4,27.7,28.4
2022/11/07,28.6,29.0,28.4,29.0
2022/11/08,29.2,29.2,28.8,29.2
2022/11/09,29.2,29.4,29.0,29.3
2022/11/10,29.2,29.2,28.8,28.8
2022/11/11,29.4,29.9,29.1,29.6
2022/11/14,29.6,30.1,29.5,30.1
2022/11/15,29.9,30.1,29.6,29.9
2022/11/16,29.9,30.1,29.5,29.6
2022/11/17,29.6,29.7,29.3,29.6
2022/11/18,29.5,29.6,28.8,29.0
2022/11/21,29.0,29.3,28.9,29.3
2022/11/22,29.5,29.7,29.2,29.7
2022/11/23,29.7,30.1,29.7,29.9
2022/11/24,30.1,30.4,29.9,30.4
2022/11/25,30.2,30.4,30.0,30.1
2022/11/28,29.7,29.9,29.4,29.7
2022/11/29,30.0,30.2,29.8,30.2
2022/11/30,30.2,30.7,30.1,30.7
2022/12/01,30.9,30.9,30.2,30.3
2022/12/02,30.1,30.2,29.8,29.9
2022/12/05,29.9,30.1,29.8,29.8
2022/12/06,29.8,30.0,29.6,29.7
2022/12/07,29.7,30.0,29.6,29.7
2022/12/08,29.8,29.9,29.4,29.9
2022/12/09,29.9,30.0,29.7,29.9
2022/12/12,29.8,29.9,29.6,29.9
2022/12/13,29.8,30.1,29.4,29.6
2022/12/14,29.7,30.1,29.6,30.0
2022/12/15,30.0,30.1,29.7,29.9
2022/12/16,29.5,29.8,29.5,29.6
2022/12/19,29.3,29.5,29.3,29.4
2022/12/20,29.3,29.5,29.1,29.4
2022/12/21,29.2,29.4,29.2,29.3
2022/12/22,29.3,29.6,29.3,29.6
2022/12/23,29.2,29.3,29.1,29.3
2022/12/26,29.3,29.5,29.2,29.5
2022/12/27,29.5,29.6,29.4,29.4
2022/12/28,29.4,29.4,29.2,29.3
2022/12/29,29.2,29.2,28.9,29.0
2022/12/30,29.1,29.5,29.0,29.1
2023/01/03,29.1,29.4,28.9,29.3
2023/01/04,29.2,29.4,29.0,29.2
2023/01/05,29.4,29.9,29.3,29.9
2023/01/06,29.8,29.9,29.6,29.7
2023/01/09,30.2,30.4,30.0,30.4
2023/01/10,30.5,30.5,30.1,30.5
2023/01/11,30.4,30.5,30.2,30.2
2023/01/12,30.2,30.3,30.1,30.2
2023/01/13,30.4,30.6,30.3,30.4
2023/01/16,30.6,30.7,30.5,30.7
2023/01/17,30.7,30.7,30.6,30.7
2023/01/30,32.0,32.2,30.9,31.3
2023/01/31,31.3,31.3,30.7,30.7
2023/02/01,30.9,31.3,30.6,31.3
2023/02/02,31.3,31.5,30.9,31.5
2023/02/03,31.3,31.4,31.1,31.2
2023/02/06,31.1,31.2,30.8,30.8
2023/02/07,30.9,31.1,30.8,31.0
2023/02/08,31.1,31.2,30.7,30.9
2023/02/09,30.7,31.0,30.7,30.8
2023/02/10,31.1,31.4,31.0,31.3
2023/02/13,31.3,32.0,31.2,32.0
2023/02/14,32.0,32.3,31.8,32.2
2023/02/15,32.2,32.2,31.9,32.1
2023/02/16,31.9,32.7,31.9,32.1
2023/02/17,32.0,32.3,32.0,32.2
2023/02/20,32.2,32.7,32.2,32.7
2023/02/21,32.5,32.6,32.3,32.3
2023/02/22,31.9,32.5,31.8,32.5
2023/02/23,32.5,32.5,32.3,32.3
2023/02/24,32.3,32.4,31.9,32.0
2023/03/01,31.3,32.4,31.3,32.4
2023/03/02,32.3,32.3,31.5,31.6
2023/03/03,31.7,31.8,31.5,31.5
2023/03/06,31.5,31.9,31.4,31.6
2023/03/07,31.6,31.9,31.5,31.8
2023/03/08,32.0,32.3,31.9,32.0
2023/03/09,32.0,32.0,31.6,31.6
2023/03/10,31.3,31.5,31.3,31.3
2023/03/13,31.2,31.5,31.0,31.3
2023/03/14,30.8,31.2,30.8,30.8
2023/03/15,31.0,31.1,30.7,30.7
2023/03/16,30.5,30.6,30.2,30.4
2023/03/17,30.7,30.8,30.5,30.5
2023/03/20,30.6,30.8,30.5,30.7
2023/03/21,30.9,31.2,30.8,30.9
2023/03/22,31.4,31.4,31.1,31.4
2023/03/23,31.5,31.8,31.3,31.8
2023/03/24,31.8,31.9,31.6,31.8
2023/03/27,31.9,31.9,31.5,31.7
2023/03/28,31.7,31.9,31.5,31.5
2023/03/29,31.7,31.7,31.4,31.5
2023/03/30,31.5,31.6,31.3,31.4
2023/03/31,31.4,31.8,31.3,31.7
2023/04/06,31.6,31.8,31.4,31.7
2023/04/07,31.7,31.7,31.4,31.5
2023/04/10,31.7,31.8,31.6,31.7
2023/04/11,31.6,31.8,31.6,31.8
2023/04/12,31.8,31.9,31.7,31.8
2023/04/13,31.8,32.0,31.8,32.0
2023/04/14,32.0,32.1,31.9,32.1
2023/04/17,32.2,32.2,32.0,32.1
2023/04/18,32.6,33.1,32.6,32.8
2023/04/19,32.9,32.9,32.6,32.7
2023/04/20,32.5,32.6,32.4,32.5
2023/04/21,32.5,32.7,32.5,32.7
2023/04/24,32.6,32.7,32.5,32.7
2023/04/25,32.7,32.8,32.4,32.5
2023/04/26,32.5,32.6,32.5,32.6
2023/04/27,32.5,32.6,32.3,32.5
2023/04/28,32.5,32.7,32.5,32.7
2023/05/02,32.6,32.7,32.5,32.7
2023/05/03,32.7,32.8,32.6,32.8
2023/05/04,32.7,33.1,32.7,32.9
2023/05/05,33.0,33.1,32.8,32.9
2023/05/08,32.9,33.1,32.8,32.9
2023/05/09,33.1,33.2,33.0,33.1
2023/05/10,33.2,33.4,33.2,33.4
2023/05/11,33.5,33.7,33.2,33.4
2023/05/12,33.3,33.4,32.9,32.9
2023/05/15,32.9,33.3,32.8,33.1
2023/05/16,33.4,33.8,33.3,33.7
2023/05/17,33.7,34.4,33.7,34.2
2023/05/18,34.1,34.6,34.1,34.5
2023/05/19,34.5,34.8,34.3,34.6
2023/05/22,34.6,34.8,34.5,34.8
2023/05/23,34.8,34.8,34.4,34.8
2023/05/24,34.5,34.5,34.2,34.5
2023/05/25,34.4,34.8,33.9,34.8
2023/05/26,34.3,34.7,34.0,34.7
2023/05/29,34.5,34.8,34.4,34.8
2023/05/30,34.8,34.9,34.6,34.8
2023/05/31,34.7,34.8,34.4,34.4
2023/06/01,34.3,34.6,34.2,34.4
2023/06/02,34.4,34.8,34.4,34.7
2023/06/05,34.9,35.4,34.8,35.2
2023/06/06,35.4,35.4,35.0,35.0
2023/06/07,35.1,35.5,35.1,35.5
2023/06/08,35.5,35.8,35.4,35.8
2023/06/09,35.8,36.2,35.8,36.1
2023/06/12,36.1,36.4,36.1,36.1
2023/06/13,36.2,36.5,36.1,36.2
2023/06/14,36.2,36.2,35.9,36.0
2023/06/15,35.9,36.2,35.8,35.9
2023/06/16,36.0,36.0,35.3,35.3
2023/06/19,35.3,35.7,35.0,35.5
2023/06/20,35.4,36.0,35.4,36.0
2023/06/21,35.9,36.2,35.7,36.2
2023/06/26,36.1,36.4,35.9,36.2
2023/06/27,36.1,36.4,36.0,36.1
2023/06/28,36.1,36.5,36.1,36.4
2023/06/29,36.5,37.2,36.4,37.0
2023/06/30,36.9,37.2,36.6,36.7
2023/07/03,36.7,37.0,36.7,36.8
2023/07/04,36.9,37.0,36.8,37.0
2023/07/05,37.2,37.2,36.6,36.7
2023/07/06,36.5,36.6,35.8,36.0
2023/07/07,35.5,36.0,35.3,35.8
2023/07/10,35.8,36.1,35.3,35.4
2023/07/11,35.5,36.1,35.5,36.1
2023/07/12,35.8,36.7,35.8,36.7
2023/07/13,36.8,37.0,36.5,36.6
2023/07/14,36.7,37.3,36.6,37.3
2023/07/17,37.3,37.4,37.2,37.3
2023/07/18,37.2,37.7,37.0,37.7
2023/07/19,37.7,37.7,37.0,37.3
2023/07/20,37.1,37.9,37.1,37.8
2023/07/21,37.6,37.9,37.4,37.8
2023/07/24,37.4,37.7,37.3,37.4
2023/07/25,37.5,37.6,37.3,37.6
2023/07/26,37.6,38.2,37.6,38.1
2023/07/27,38.2,38.7,38.2,38.5
2023/07/28,38.4,38.6,38.1,38.5
2023/07/31,38.5,38.9,38.5,38.6
2023/08/01,38.8,39.0,38.5,39.0
2023/08/02,38.9,38.9,37.8,38.0
2023/08/04,38.0,38.3,37.6,38.0
2023/08/07,37.9,38.4,37.9,38.4
2023/08/08,38.4,38.4,38.1,38.1
2023/08/09,38.1,38.4,37.9,38.4
2023/08/10,37.5,37.6,36.4,36.9
2023/08/11,36.8,37.0,36.3,36.4
2023/08/14,36.4,36.4,35.4,35.9
2023/08/15,35.8,35.9,35.4,35.4
2023/08/16,35.1,35.2,34.5,34.6
2023/08/17,34.4,34.7,34.1,34.5
2023/08/18,34.3,35.1,34.2,34.6
2023/08/21,34.9,34.9,34.4,34.5
2023/08/22,34.5,34.6,33.9,34.2
2023/08/23,34.2,34.4,34.1,34.2
2023/08/24,34.4,34.9,34.2,34.7
2023/08/25,34.6,34.8,34.4,34.5
2023/08/28,34.6,35.3,34.6,35.0
2023/08/29,35.2,35.4,35.0,35.4
2023/08/30,35.6,35.6,35.1,35.3
2023/08/31,35.3,35.3,34.7,34.7
2023/09/01,34.8,35.0,34.7,34.8
2023/09/04,34.8,35.0,34.8,35.0
2023/09/05,34.9,35.1,34.8,34.8
2023/09/06,34.8,34.9,34.4,34.4
2023/09/07,34.4,34.9,34.4,34.7
2023/09/08,34.6,34.9,34.5,34.9
2023/09/11,35.0,35.2,34.8,35.0
2023/09/12,35.1,35.4,35.0,35.4
2023/09/13,35.3,35.4,35.2,35.4
2023/09/14,35.6,36.3,35.5,36.3
2023/09/15,36.3,36.4,36.1,36.3
2023/09/18,36.3,36.7,36.2,36.6
2023/09/19,36.6,36.8,36.5,36.6
2023/09/20,36.4,36.7,36.4,36.6
2023/09/21,36.4,36.4,35.9,36.2
2023/09/22,35.9,36.6,35.9,36.6
2023/09/25,36.6,36.8,36.5,36.8
2023/09/26,36.5,36.8,36.4,36.6
2023/09/27,36.4,36.6,36.2,36.5
2023/09/28,36.5,36.6,36.3,36.5
2023/10/02,36.6,36.6,36.1,36.4
2023/10/03,36.4,36.7,36.1,36.4
2023/10/04,36.0,36.1,35.6,35.7
2023/10/05,35.9,36.3,35.7,36.3
2023/10/06,36.3,36.6,36.1,36.3
2023/10/11,36.8,37.3,36.5,37.3
2023/10/12,37.3,37.7,37.1,37.7
2023/10/13,37.3,37.4,37.1,37.3
2023/10/16,37.0,37.6,37.0,37.6
2023/10/17,37.6,37.6,37.1,37.5
2023/10/18,37.6,37.6,37.3,37.6
2023/10/19,37.4,37.6,36.9,37.1
2023/10/20,36.4,36.5,35.9,36.3
2023/10/23,36.1,36.2,35.9,35.9
2023/10/24,35.9,36.1,35.7,36.1
2023/10/25,36.0,36.0,35.6,35.7
2023/10/26,35.2,35.6,35.0,35.2
2023/10/27,35.3,35.9,35.3,35.8
2023/10/30,35.7,35.8,35.1,35.4
2023/10/31,35.3,35.7,35.3,35.5
2023/11/01,35.7,35.7,35.2,35.5
2023/11/02,35.8,36.6,35.7,36.6
2023/11/03,36.6,37.0,36.5,37.0
2023/11/06,37.2,37.4,36.9,37.3
2023/11/07,37.2,37.4,37.0,37.4
2023/11/08,37.4,37.5,37.1,37.4
2023/11/09,37.4,37.5,37.2,37.4
2023/11/10,37.2,37.4,37.1,37.2
2023/11/13,37.2,37.5,37.0,37.3
2023/11/14,37.3,37.4,37.1,37.3
2023/11/15,37.4,37.6,37.3,37.6
2023/11/16,37.7,38.0,37.6,37.9
2023/11/17,37.9,38.3,37.8,37.9
2023/11/20,37.9,38.0,37.7,37.9
2023/11/21,38.0,38.6,37.9,38.6
2023/11/22,38.5,38.6,38.3,38.6
2023/11/23,38.5,38.6,38.1,38.4
2023/11/24,38.4,38.5,38.2,38.2
2023/11/27,38.2,38.9,38.2,38.2
2023/11/28,38.2,38.7,38.2,38.4
2023/11/29,38.4,38.4,37.9,37.9
2023/11/30,38.0,38.2,37.9,38.2
2023/12/01,37.9,37.9,37.4,37.4
2023/12/04,37.5,37.9,37.5,37.7
2023/12/05,37.6,37.7,37.4,37.7
2023/12/06,37.7,38.2,37.7,38.2
2023/12/07,38.2,38.3,37.7,37.7
2023/12/08,37.6,38.2,37.6,38.1
2023/12/11,38.1,38.1,37.7,37.8
2023/12/12,38.2,38.2,37.7,38.2
2023/12/13,38.1,38.1,37.7,37.8
2023/12/14,38.0,38.4,37.6,38.4
2023/12/15,38.4,38.5,38.1,38.2
2023/12/18,38.2,38.4,37.8,37.9
2023/12/19,37.9,38.3,37.7,38.0
2023/12/20,37.9,38.0,37.5,37.6
2023/12/21,37.3,37.4,37.1,37.2
2023/12/22,37.1,37.4,37.0,37.2
2023/12/25,37.2,37.7,37.1,37.7
2023/12/26,37.8,37.8,37.5,37.7
2023/12/27,37.7,38.0,37.6,37.9
2023/12/28,37.6,38.1,37.6,38.1
2023/12/29,38.0,38.1,37.8,38.1
2024/01/02,37.9,38.2,37.7,38.2
2024/01/03,37.8,38.0,37.4,37.5
2024/01/04,37.5,37.9,37.5,37.6
2024/01/05,37.6,38.0,37.6,37.8
2024/01/08,38.0,38.3,37.9,38.3
2024/01/09,38.4,38.4,38.2,38.3
2024/01/10,38.2,38.3,37.9,38.2
2024/01/11,38.2,38.3,37.9,38.1
2024/01/12,37.9,38.1,37.6,37.9
2024/01/15,37.9,38.1,37.7,37.8
2024/01/16,37.4,37.8,37.2,37.5
2024/01/17,37.0,37.3,36.2,36.2
2024/01/18,36.3,36.7,36.3,36.7
2024/01/19,36.5,36.8,36.4,36.8
2024/01/22,36.9,37.0,36.8,37.0
2024/01/23,37.0,37.0,36.7,36.7
2024/01/24,36.7,36.9,36.7,36.7
2024/01/25,36.7,36.9,36.7,36.7
2024/01/26,36.6,37.3,36.6,37.2
2024/01/29,37.1,37.4,37.1,37.2
2024/01/30,37.3,37.3,36.8,36.8
2024/01/31,36.4,36.7,36.4,36.6
2024/02/01,36.7,36.8,36.5,36.8
2024/02/02,36.8,36.8,36.6,36.8
2024/02/05,36.5,36.7,36.5,36.5
2024/02/15,36.5,36.9,36.5,36.7
2024/02/16,36.7,37.1,36.7,36.8
2024/02/19,37.0,37.3,36.9,37.3
2024/02/20,37.3,37.6,37.1,37.5
2024/02/21,37.5,37.6,37.1,37.2
2024/02/22,37.2,37.4,37.2,37.4
2024/02/23,37.3,37.4,37.2,37.2
2024/02/26,37.0,37.2,37.0,37.0
2024/02/27,37.0,37.3,37.0,37.1
2024/02/29,37.1,37.7,37.0,37.6
2024/03/01,37.5,37.7,37.4,37.4
2024/03/04,37.3,37.7,37.3,37.7
2024/03/05,37.5,38.1,37.5,37.9
2024/03/06,37.9,38.4,37.9,38.3
2024/03/07,38.1,38.4,38.1,38.2
2024/03/08,38.1,38.9,38.1,38.7
2024/03/11,38.7,38.9,38.6,38.6
2024/03/12,38.7,38.9,38.5,38.8
2024/03/13,38.5,39.2,38.5,39.2
2024/03/14,39.2,39.8,39.2,39.7
2024/03/15,39.7,39.7,39.0,39.7
2024/03/18,39.7,39.7,39.2,39.4
2024/03/19,39.4,39.4,39.0,39.0
2024/03/20,39.1,39.5,39.0,39.0
2024/03/21,39.0,39.5,39.0,39.4
2024/03/22,39.1,39.4,38.8,38.9
2024/03/25,38.7,38.9,38.6,38.8
2024/03/26,39.0,39.5,38.9,39.4
2024/03/27,39.5,39.5,39.2,39.3
2024/03/28,39.1,39.3,39.0,39.1
2024/03/29,39.2,39.4,39.0,39.4
2024/04/01,39.4,39.7,39.2,39.5
2024/04/02,39.4,39.4,39.0,39.1
2024/04/03,39.0,39.1,38.6,38.6
2024/04/08,38.5,38.9,38.5,38.8
2024/04/09,38.9,39.2,38.8,39.2
2024/04/10,39.2,39.5,39.2,39.3
2024/04/11,38.9,39.3,38.7,39.0
2024/04/12,38.7,38.9,38.7,38.8
2024/04/15,38.8,38.9,38.6,38.6
2024/04/16,38.5,38.9,38.0,38.0
2024/04/17,38.0,38.3,37.8,37.9
2024/04/18,38.1,38.3,37.8,38.1
2024/04/19,37.9,38.2,36.9,37.6
2024/04/22,38.3,38.5,38.1,38.3
2024/04/23,38.7,38.9,38.5,38.8
2024/04/24,39.3,39.3,38.2,38.2
2024/04/25,37.9,38.2,37.8,37.9
2024/04/26,37.9,38.3,37.8,38.0
2024/04/29,38.2,39.0,38.2,38.9
2024/04/30,38.8,39.2,38.8,38.8
2024/05/02,38.8,39.2,38.6,38.8
2024/05/03,38.8,39.1,38.8,38.9
2024/05/06,39.0,40.0,39.0,40.0
2024/05/07,40.0,40.0,39.5,39.8
2024/05/08,39.8,40.0,39.7,39.9
2024/05/09,39.8,39.8,39.4,39.5
2024/05/10,39.4,39.8,39.4,39.8
2024/05/13,39.8,39.9,39.5,39.9
2024/05/14,39.8,39.8,39.3,39.3
2024/05/15,39.6,39.9,39.4,39.7
2024/05/16,39.8,40.0,39.6,39.6
2024/05/17,39.6,39.8,39.6,39.7
2024/05/20,39.7,39.8,39.4,39.6
2024/05/21,39.5,39.6,39.3,39.4
2024/05/22,39.6,39.8,39.3,39.4
2024/05/23,38.9,39.3,38.8,38.9
2024/05/24,38.9,39.1,38.8,38.8
2024/05/27,38.9,38.9,38.5,38.6
2024/05/28,38.6,38.8,38.5,38.6
2024/05/29,38.6,38.6,37.9,37.9
2024/05/30,37.7,38.1,37.7,37.8
2024/05/31,37.9,38.3,37.8,37.9
2024/06/03,38.1,38.2,37.9,38.2
2024/06/04,37.9,38.1,37.7,38.0
2024/06/05,38.2,38.2,37.9,38.0
2024/06/06,37.9,38.3,37.9,38.2
2024/06/07,38.2,38.3,38.0,38.2
2024/06/11,38.0,38.3,38.0,38.1
2024/06/12,38.1,38.3,38.1,38.1
2024/06/13,38.2,38.4,38.2,38.3
2024/06/14,38.3,38.4,38.2,38.4
2024/06/17,38.4,38.7,38.4,38.6
2024/06/18,38.7,38.9,38.7,38.9
2024/06/19,38.9,39.0,38.7,38.8
2024/06/20,38.8,38.9,38.5,38.8
2024/06/21,38.8,39.0,38.7,38.8
2024/06/24,38.8,39.2,38.6,39.2
2024/06/25,39.4,39.5,39.1,39.5
2024/06/26,39.5,39.5,39.0,39.1
2024/06/27,38.7,39.1,38.6,39.1
2024/06/28,39.1,39.5,39.1,39.2
2024/07/01,39.2,39.6,39.1,39.6
2024/07/02,39.2,39.8,39.1,39.6
2024/07/03,39.6,41.6,39.5,41.5
2024/07/04,41.3,41.4,40.6,40.7
2024/07/05,40.8,41.2,40.7,40.9
2024/07/08,40.9,41.2,40.7,40.9
2024/07/09,40.9,41.0,40.2,40.4
2024/07/10,40.9,41.3,40.4,40.4
2024/07/11,40.8,41.2,40.5,40.5
2024/07/12,40.5,41.1,40.5,40.8
2024/07/15,41.0,41.1,40.5,40.7
2024/07/16,40.7,40.9,40.5,40.6
2024/07/17,40.6,41.0,40.4,40.7
2024/07/18,40.9,41.5,40.6,41.5
2024/07/19,41.2,41.4,40.5,41.0
2024/07/22,40.7,41.2,40.4,41.2
2024/07/23,41.2,41.7,41.1,41.5
2024/07/26,41.1,41.5,40.9,41.5
2024/07/29,41.6,42.1,41.5,42.0
2024/07/30,41.9,41.9,41.2,41.5
2024/07/31,41.3,41.9,41.2,41.9
2024/08/01,41.9,42.0,41.8,42.0
2024/08/02,41.3,41.7,40.8,41.4
2024/08/05,40.3,40.7,39.0,39.7
2024/08/06,39.9,40.8,38.8,40.6
2024/08/07,39.9,40.5,39.9,40.3
2024/08/08,38.0,38.3,37.7,38.1
2024/08/09,38.2,39.1,38.2,38.8
2024/08/12,39.1,39.6,39.0,39.4
2024/08/13,39.4,39.4,38.5,38.7
2024/08/14,39.0,39.4,38.7,38.9
2024/08/15,39.2,39.3,38.2,38.3
2024/08/16,38.8,39.1,38.7,39.0
2024/08/19,39.1,39.2,38.7,38.7
2024/08/20,39.0,39.0,38.7,39.0
2024/08/21,39.0,39.0,38.6,38.9
2024/08/22,38.8,39.0,38.7,39.0
2024/08/23,39.0,39.0,38.8,39.0
2024/08/26,39.2,39.7,39.0,39.6
2024/08/27,39.4,39.8,39.2,39.8
2024/08/28,39.5,39.7,39.2,39.3
2024/08/29,39.3,39.3,38.9,38.9
2024/08/30,39.0,39.2,38.8,39.0
2024/09/02,39.0,39.2,39.0,39.0
2024/09/03,39.0,39.0,38.8,39.0
2024/09/04,37.2,38.5,37.2,38.0
2024/09/05,38.2,38.7,38.2,38.5
2024/09/06,38.5,39.0,38.2,38.9
2024/09/09,38.0,39.1,38.0,39.1
2024/09/10,38.8,39.4,38.6,39.4
2024/09/11,39.2,39.2,38.8,39.0
2024/09/12,39.4,39.4,38.8,39.0
2024/09/13,39.2,39.2,39.0,39.2
2024/09/16,39.2,39.4,39.0,39.4
2024/09/18,39.2,39.4,39.2,39.4
2024/09/19,39.4,39.5,39.2,39.2
2024/09/20,39.3,39.6,39.3,39.4
2024/09/23,39.6,39.8,39.4,39.7
2024/09/24,39.5,39.8,39.4,39.8
2024/09/25,39.9,39.9,39.6,39.8
2024/09/26,40.0,40.0,39.7,40.0
2024/09/27,40.2,40.2,39.2,39.4
2024/09/30,39.6,39.8,39.3,39.3
2024/10/01,39.4,39.6,39.2,39.4
2024/10/04,38.9,39.3,38.9,39.0
2024/10/07,39.0,39.4,38.9,39.3
2024/10/08,39.0,39.2,38.7,38.8
2024/10/09,39.0,39.1,38.6,38.6
2024/10/11,38.8,39.2,38.8,38.8
2024/10/14,39.0,39.2,38.8,38.9
2024/10/15,39.0,39.4,38.9,39.3
2024/10/16,38.9,39.2,38.9,39.1
2024/10/17,39.0,39.5,39.0,39.4
2024/10/18,39.6,39.8,39.4,39.8
2024/10/21,39.9,39.9,39.2,39.3
2024/10/22,39.3,39.4,39.0,39.4
2024/10/23,39.3,39.3,38.8,38.9
2024/10/24,38.9,39.1,38.8,38.8
2024/10/25,39.0,39.2,38.8,38.9
2024/10/28,39.0,39.2,38.9,39.2
2024/10/29,39.0,39.2,38.9,39.1
2024/10/30,39.4,39.4,39.0,39.3
2024/11/01,38.8,38.9,38.6,38.6
2024/11/04,38.7,39.4,38.6,39.4
2024/11/05,39.1,39.4,39.0,39.4
2024/11/06,39.1,39.4,39.0,39.0
2024/11/07,38.8,39.5,38.8,39.1
2024/11/08,39.4,39.4,39.1,39.1
2024/11/11,39.1,39.3,39.1,39.2
2024/11/12,38.8,39.4,38.8,39.2
2024/11/13,38.9,39.4,38.8,39.3
2024/11/14,39.0,39.4,38.9,39.0
2024/11/15,39.1,39.4,39.1,39.2
2024/11/18,39.3,39.8,39.3,39.7
2024/11/19,39.5,40.0,39.5,40.0
2024/11/20,39.6,40.0,39.6,40.0
2024/11/21,39.5,39.7,39.2,39.4
2024/11/22,39.3,39.8,39.2,39.8
2024/11/25,40.0,40.2,39.8,40.2
2024/11/26,39.9,40.1,39.6,40.0
2024/11/27,40.0,40.6,39.9,40.0
2024/11/28,40.1,40.2,39.8,39.8
2024/11/29,39.6,40.0,39.4,39.8
2024/12/02,39.8,40.0,39.4,39.4
2024/12/03,39.7,40.2,39.5,40.2
2024/12/04,40.2,40.2,39.8,40.2
2024/12/05,40.2,40.3,40.0,40.3
2024/12/06,40.3,40.4,39.9,40.0
2024/12/09,39.7,40.0,39.6,40.0
2024/12/10,39.8,40.1,39.5,39.7
2024/12/11,39.6,39.6,39.2,39.4
2024/12/12,39.4,39.5,39.2,39.4
2024/12/13,39.4,39.5,39.2,39.4
2024/12/16,39.5,39.8,39.4,39.5
2024/12/17,39.5,39.6,39.1,39.2
2024/12/18,39.1,39.3,38.8,38.8
2024/12/19,38.6,39.0,38.5,38.6
2024/12/20,38.5,38.8,38.4,38.6
2024/12/23,39.0,39.2,38.6,38.6
2024/12/24,39.0,39.2,38.9,39.1
2024/12/25,39.3,39.3,38.7,38.8
2024/12/26,38.8,39.0,38.7,38.8
2024/12/27,38.7,38.9,38.7,38.8
2024/12/30,38.8,39.0,38.8,38.8
2024/12/31,38.6,38.8,38.6,38.7
2025/01/02,38.6,38.7,38.1,38.1
2025/01/03,38.3,38.6,38.3,38.4
2025/01/06,38.6,39.0,38.6,38.8
2025/01/07,38.8,39.0,38.6,38.6
2025/01/08,38.7,38.8,38.4,38.7
2025/01/09,38.6,38.9,38.6,38.6
2025/01/10,38.4,38.8,38.4,38.4
2025/01/13,38.4,38.7,38.1,38.4
2025/01/14,38.4,39.0,38.4,38.9
2025/01/15,38.9,39.0,38.8,38.9
2025/01/16,39.0,39.2,38.9,39.1
2025/01/17,39.1,39.2,38.8,38.8
2025/01/20,39.0,39.0,38.6,38.7
2025/01/21,38.7,39.1,38.7,39.0
2025/01/22,38.8,39.0,38.6,38.7
2025/02/03,38.7,39.2,38.7,39.2
2025/02/04,39.3,39.3,38.7,38.7
2025/02/05,39.1,39.2,38.7,38.7
2025/02/06,38.8,39.0,38.8,39.0
2025/02/07,39.2,39.2,38.8,38.8
2025/02/10,38.8,38.8,38.5,38.7
2025/02/11,38.7,38.8,38.4,38.5
2025/02/12,38.5,38.7,38.5,38.7
2025/02/13,38.8,38.9,38.6,38.8
2025/02/14,38.8,39.0,38.6,38.8
2025/02/17,39.0,39.1,38.8,38.9
2025/02/18,38.9,39.2,38.9,39.2
2025/02/19,39.2,39.3,39.0,39.2
2025/02/20,39.2,39.4,39.0,39.3
2025/02/21,39.2,39.4,39.2,39.4
2025/02/24,39.3,39.4,39.2,39.4
2025/02/25,38.8,39.6,38.8,39.4
2025/02/26,39.2,40.0,39.2,40.0
2025/02/27,39.9,40.0,39.6,39.6
2025/03/03,39.6,40.2,39.6,40.2
2025/03/04,39.8,40.0,39.6,39.7
2025/03/05,40.0,40.1,39.6,39.6
2025/03/06,39.6,40.0,39.6,39.6
2025/03/07,39.8,39.8,39.5,39.5
2025/03/10,39.5,40.0,39.3,39.8
2025/03/11,39.2,39.8,39.1,39.5
2025/03/12,39.5,39.7,39.3,39.3
2025/03/13,39.4,39.8,39.4,39.6
2025/03/14,39.8,39.9,39.4,39.6
2025/03/17,39.6,39.8,39.6,39.6
2025/03/18,39.7,40.0,39.7,39.8
2025/03/19,39.9,40.0,39.6,39.6
2025/03/20,39.9,40.0,39.6,39.8
2025/03/21,39.6,40.2,39.6,39.7
2025/03/24,39.8,40.1,39.8,40.0
2025/03/25,40.0,40.2,39.7,39.7
2025/03/26,39.7,40.0,39.7,39.9
2025/03/27,40.2,40.2,39.8,40.2
2025/03/28,40.1,40.4,39.8,40.3
2025/03/31,39.8,40.4,39.6,39.9
2025/04/01,40.0,40.2,39.7,39.7
2025/04/02,39.6,39.8,39.5,39.5
2025/04/07,35.6,36.8,35.6,35.6
2025/04/08,37.2,38.6,36.2,38.2
2025/04/09,39.2,39.3,36.4,36.8
2025/04/10,39.5,39.8,38.0,38.0
2025/04/11,38.0,38.6,37.8,38.2
2025/04/14,38.0,38.3,37.8,37.8
2025/04/15,37.8,38.0,37.7,37.7
2025/04/16,37.5,37.8,37.1,37.5
2025/04/17,37.6,37.6,37.3,37.3
2025/04/18,37.6,37.6,37.1,37.6
2025/04/21,37.3,37.7,37.2,37.7
2025/04/22,37.4,37.7,37.2,37.7
2025/04/23,37.6,37.8,37.6,37.8
2025/04/24,37.5,37.8,37.4,37.6
2025/04/25,37.7,37.8,37.4,37.4
2025/04/28,37.4,37.6,37.2,37.3
2025/04/29,37.3,37.6,37.3,37.5
2025/04/30,37.4,37.9,37.3,37.8
2025/05/02,37.9,37.9,37.6,37.6
2025/05/05,38.0,38.4,37.8,38.2
2025/05/06,38.4,38.6,38.2,38.4
2025/05/07,38.6,38.8,38.5,38.8
2025/05/08,38.8,38.8,38.4,38.8
2025/05/09,38.6,39.2,38.6,39.0
2025/05/12,39.4,39.8,39.0,39.8
2025/05/13,39.2,39.9,39.1,39.5
2025/05/14,40.0,40.1,39.8,40.0
2025/05/15,40.5,40.8,40.2,40.7
2025/05/16,40.3,40.8,40.2,40.8
2025/05/19,40.4,41.2,40.2,41.2
2025/05/20,41.3,41.3,40.8,41.3
2025/05/21,41.0,41.2,40.5,41.2
2025/05/22,40.6,40.8,39.7,40.0
2025/05/23,39.7,40.6,39.6,40.6
2025/05/26,40.6,40.6,40.0,40.6
2025/05/27,40.5,40.5,39.9,40.0
2025/05/28,40.1,40.2,39.8,40.1
2025/05/29,40.1,40.1,39.6,39.6
2025/06/02,39.4,39.6,38.9,39.1
2025/06/03,39.2,39.6,39.0,39.4
2025/06/04,39.4,40.0,39.2,39.8
2025/06/05,39.5,40.0,39.5,39.7
2025/06/06,40.0,40.2,39.8,40.2
2025/06/09,40.2,40.3,40.0,40.1
2025/06/10,39.9,40.5,39.9,40.0
2025/06/11,39.8,40.2,39.8,40.2
2025/06/12,40.2,40.5,40.2,40.4
2025/06/13,39.9,41.0,39.9,40.8
2025/06/16,40.8,41.0,40.4,40.8
2025/06/17,40.8,40.9,40.6,40.6
2025/06/18,40.7,40.9,40.4,40.8
2025/06/19,40.5,41.0,40.4,40.4
2025/06/20,40.5,40.8,40.4,40.4
2025/06/23,40.2,40.4,40.0,40.2
2025/06/24,40.8,41.0,40.5,40.6
2025/06/25,41.0,41.0,40.8,41.0
2025/06/26,41.1,41.6,40.6,41.0
2025/06/27,40.8,41.3,40.8,41.2
2025/06/30,40.7,41.4,40.7,41.0
2025/07/01,40.8,41.6,40.6,41.6
2025/07/02,41.0,41.8,41.0,41.8
2025/07/03,41.8,41.8,41.1,41.7
2025/07/04,41.7,42.1,40.6,41.2
2025/07/07,41.2,42.1,41.2,42.0
2025/07/08,42.0,42.4,42.0,42.4
2025/07/09,42.0,42.2,41.6,42.0
2025/07/10,41.6,42.4,41.4,42.3
2025/07/11,42.2,42.5,42.2,42.5
2025/07/14,42.3,42.6,42.2,42.5
2025/07/15,42.0,42.4,41.6,42.0
2025/07/16,41.8,42.2,41.6,42.2
2025/07/17,42.2,42.2,41.8,42.0
2025/07/18,42.2,42.2,41.8,42.2
2025/07/21,42.2,42.4,42.0,42.2
2025/07/22,42.2,42.8,42.2,42.7
2025/07/23,42.8,43.0,42.3,42.9
2025/07/24,42.6,42.9,42.6,42.8
2025/07/25,42.7,43.0,42.7,42.8
2025/07/28,42.8,42.9,42.6,42.8
2025/07/29,42.6,42.8,42.4,42.6
2025/07/30,42.7,43.2,42.7,42.8
2025/07/31,42.5,43.0,42.4,42.6
2025/08/01,42.4,42.8,42.4,42.6
2025/08/04,42.6,43.0,42.6,43.0
2025/08/05,43.0,43.2,42.8,42.8
2025/08/06,42.8,43.0,42.8,43.0
2025/08/07,41.2,41.6,40.3,40.6
2025/08/08,40.6,40.8,40.2,40.6
2025/08/11,40.5,40.8,40.5,40.8
2025/08/12,41.2,42.0,41.2,41.5
2025/08/13,41.7,42.0,41.4,42.0
2025/08/14,42.0,42.9,42.0,42.8
2025/08/15,42.8,42.8,42.3,42.3
2025/08/18,42.3,43.0,42.0,42.8
2025/08/19,42.3,42.6,42.2,42.2
2025/08/20,42.4,42.4,41.8,41.8
2025/08/21,42.1,42.2,41.2,41.6
2025/08/22,41.4,41.8,41.0,41.0
2025/08/25,41.4,41.5,40.8,41.0
2025/08/26,41.0,41.0,40.0,40.0
2025/08/27,40.2,40.6,40.2,40.2
2025/08/28,40.2,40.8,40.2,40.4
2025/08/29,40.4,40.5,40.0,40.0
2025/09/01,40.4,41.0,40.4,40.8
2025/09/02,40.8,41.1,40.7,41.1
2025/09/03,41.0,41.3,41.0,41.1
2025/09/04,41.1,41.4,41.0,41.1
2025/09/05,41.1,41.4,41.0,41.2
2025/09/08,41.1,41.2,40.8,40.8
2025/09/09,41.0,41.4,40.8,41.4
2025/09/10,41.3,41.7,41.2,41.6
2025/09/11,41.4,41.6,41.4,41.5
2025/09/12,41.5,41.6,41.3,41.6
2025/09/15,41.8,41.8,41.3,41.4
2025/09/16,41.6,41.7,41.2,41.2
2025/09/17,41.2,41.3,41.0,41.2
2025/09/18,41.4,41.4,41.0,41.4
2025/09/19,41.5,41.8,41.2,41.8
2025/09/22,41.8,41.8,41.4,41.6
2025/09/23,41.5,41.7,41.4,41.7
2025/09/24,41.7,42.0,41.6,42.0
2025/09/25,42.0,42.2,41.8,42.0
2025/09/26,42.0,42.1,41.6,42.0
2025/09/30,42.4,42.5,42.0,42.5
2025/10/01,42.4,42.4,42.1,42.3
2025/10/02,42.3,42.4,42.0,42.0
2025/10/03,42.2,42.2,41.7,41.8
2025/10/07,41.6,42.0,41.4,41.8
2025/10/08,42.0,42.2,41.8,42.0
2025/10/09,42.0,42.0,41.8,42.0
2025/10/13,42.0,42.0,41.1,41.6
2025/10/14,41.5,42.2,41.5,42.1
2025/10/15,42.1,42.1,41.6,42.0
2025/10/16,42.0,42.2,41.8,41.8
2025/10/17,42.0,42.2,41.6,41.6
2025/10/20,41.8,41.9,41.4,41.8
2025/10/21,41.9,42.0,41.6,41.8
2025/10/22,41.6,42.0,41.5,41.8
2025/10/23,41.5,41.8,41.4,41.6
2025/10/27,41.8,41.9,41.0,41.2
2025/10/28,41.4,41.4,40.8,41.0
2025/10/29,41.0,41.1,40.6,40.7
2025/10/30,40.6,41.0,40.4,41.0
2025/10/31,41.2,41.2,40.4,40.4
2025/11/03,40.4,40.6,40.3,40.4
2025/11/04,40.4,40.7,40.4,40.6
2025/11/05,40.6,40.8,40.0,40.8
2025/11/06,41.0,41.0,40.3,40.4
2025/11/07,40.4,40.7,40.3,40.3
2025/11/10,40.6,40.6,40.2,40.4
2025/11/11,40.3,40.4,40.2,40.2
2025/11/12,40.5,40.6,40.2,40.2
2025/11/13,40.2,40.2,40.0,40.0
2025/11/14,40.0,40.2,39.7,39.9
2025/11/17,39.9,40.0,39.4,39.6
2025/11/18,39.3,39.7,39.2,39.4
2025/11/19,39.8,39.8,39.0,39.0
2025/11/20,39.2,39.6,39.0,39.6
2025/11/21,39.6,39.8,39.2,39.5
2025/11/24,39.7,40.4,39.6,40.4
2025/11/25,40.0,40.2,39.4,39.6
2025/11/26,40.0,40.3,39.9,40.3
2025/11/27,40.1,40.7,40.1,40.6
2025/11/28,40.4,40.6,40.0,40.1
2025/12/01,39.8,40.5,39.8,40.3
2025/12/02,40.1,40.6,40.1,40.2
2025/12/03,40.2,40.4,39.9,40.1
2025/12/04,40.0,40.6,40.0,40.6
2025/12/05,40.4,40.8,40.4,40.8
2025/12/08,40.8,40.8,40.4,40.6
2025/12/09,40.2,40.7,40.2,40.7
2025/12/10,40.7,40.8,40.5,40.6
2025/12/11,40.8,40.9,40.4,40.9
2025/12/12,41.0,41.4,40.8,41.2
2025/12/15,41.1,41.7,40.8,41.4
2025/12/16,40.4,41.0,40.2,40.4
2025/12/17,40.6,41.0,40.3,40.4
2025/12/18,40.4,40.8,40.2,40.4
2025/12/19,40.2,41.0,40.2,40.6
2025/12/22,40.6,41.2,40.6,41.2
2025/12/23,41.0,41.2,40.7,41.0
2025/12/24,41.0,41.0,40.6,40.7
2025/12/26,40.7,40.8,40.4,40.6
2025/12/29,40.6,40.6,40.2,40.4
2025/12/30,40.4,40.4,40.2,40.2
2025/12/31,40.2,40.4,40.0,40.0
2026/01/02,40.0,40.4,40.0,40.3
2026/01/05,40.2,40.6,40.1,40.3
2026/01/06,40.6,40.8,40.4,40.6
2026/01/07,40.6,40.6,40.2,40.4
2026/01/08,40.4,40.6,40.2,40.4
2026/01/09,40.5,41.0,40.4,40.6
2026/01/12,40.6,40.6,40.2,40.3
2026/01/13,40.6,40.6,40.3,40.4
2026/01/14,40.6,40.6,40.2,40.5
2026/01/15,40.5,40.8,40.4,40.6
2026/01/16,40.6,41.0,40.6,40.9
2026/01/19,40.7,41.1,40.4,40.6
2026/01/20,40.6,40.6,40.0,40.0
2026/01/21,40.0,40.2,39.8,39.8
2026/01/22,40.0,40.2,39.8,39.8
2026/01/23,39.8,39.9,39.6,39.7
2026/01/26,39.8,39.8,39.4,39.6
2026/01/27,39.8,39.9,39.4,39.4
2026/01/28,39.6,39.8,39.2,39.4
2026/01/29,39.2,39.5,39.2,39.4
2026/01/30,39.4,39.4,38.6,38.8
2026/02/02,39.0,39.0,38.4,38.8
2026/02/03,38.8,39.2,38.8,38.9
2026/02/04,39.1,39.6,39.0,39.2
2026/02/05,39.3,39.8,39.3,39.7
2026/02/06,39.4,39.8,39.4,39.8
2026/02/09,40.0,40.0,39.6,39.8
2026/02/10,39.8,40.0,39.6,39.8
2026/02/11,40.0,40.1,39.8,40.0
2026/02/23,40.6,41.0,40.2,41.0
2026/02/24,41.0,41.0,40.6,40.8
2026/02/25,40.8,40.8,40.4,40.6
2026/02/26,40.5,40.8,40.4,40.6
2026/03/02,40.8,41.0,40.0,40.2
2026/03/03,40.0,40.5,40.0,40.4
2026/03/04,39.8,40.2,38.8,38.9
2026/03/05,39.2,39.6,39.0,39.3
2026/03/06,39.2,39.5,39.0,39.3
2026/03/09,37.8,39.3,37.8,39.2
2026/03/10,39.5,39.6,38.8,39.0
2026/03/11,39.0,39.4,39.0,39.3
2026/03/12,38.9,39.0,38.6,38.8
2026/03/13,38.8,39.2,38.6,38.8
2026/03/16,39.0,39.2,38.8,39.0
2026/03/17,39.4,39.6,39.1,39.4
2026/03/18,39.6,39.6,39.0,39.3
2026/03/19,39.0,39.0,38.8,39.0
2026/03/20,39.2,39.2,38.7,38.8
2026/03/23,38.2,38.6,37.9,38.4
2026/03/24,38.4,39.0,38.4,38.8
2026/03/25,39.5,39.5,38.8,39.2
2026/03/26,39.4,39.4,38.8,39.1
2026/03/27,39.0,39.2,38.7,39.1
2026/03/30,38.2,39.0,38.2,38.6
2026/03/31,38.5,38.9,38.2,38.4
2026/04/01,39.0,39.2,38.6,39.0
2026/04/02,39.1,39.3,38.7,39.2
2026/04/07,39.2,39.4,39.0,39.4
2026/04/08,39.9,39.9,38.9,39.4
2026/04/09,39.4,39.8,39.2,39.8
2026/04/10,39.8,39.9,39.6,39.8
2026/04/13,39.8,39.8,39.0,39.3
2026/04/14,39.8,39.8,39.2,39.4
2026/04/15,39.3,39.6,39.2,39.5
2026/04/16,39.6,40.0,39.6,39.9
2026/04/20,39.5,40.0,39.4,39.8
2026/04/21,39.8,39.9,39.0,39.4
2026/04/22,39.4,39.8,39.4,39.5
2026/04/23,39.3,39.8,39.3,39.8
2026/04/24,39.8,39.8,39.4,39.6
2026/04/27,39.4,40.2,39.2,39.8
2026/04/28,39.6,40.2,39.6,40.2
2026/04/29,40.4,40.4,39.8,40.1
2026/04/30,39.4,40.0,39.1,39.1
2026/05/04,39.6,39.6,39.0,39.0
2026/05/05,39.0,39.3,38.7,39.1
2026/05/06,39.4,39.7,39.2,39.6
2026/05/07,39.4,40.0,39.4,39.6
2026/05/08,40.0,40.2,39.6,40.2
2026/05/11,40.2,40.5,40.0,40.1
2026/05/12,40.1,40.1,39.2,39.2
2026/05/13,39.4,39.8,39.1,39.6
2026/05/14,39.2,39.6,39.2,39.3
2026/05/15,39.6,40.0,39.4,39.4
2026/05/18,39.8,39.8,39.4,39.6
2026/05/19,39.6,41.4,39.6,40.6
2026/05/20,41.0,41.0,40.1,40.3
2026/05/21,40.3,40.5,40.0,40.2
2026/05/22,40.1,40.3,39.9,39.9
2026/05/25,39.9,39.9,39.5,39.5
2026/05/26,39.5,40.0,39.4,39.4
2026/05/27,39.6,40.0,39.4,39.4
2026/05/28,39.8,40.2,39.5,40.0
2026/05/29,40.4,40.8,40.0,40.0
2026/06/01,40.2,41.4,40.1,41.4
2026/06/02,41.2,42.4,41.0,41.7
2026/06/03,41.6,42.4,40.9,41.6
2026/06/04,42.0,42.7,41.8,42.1
2026/06/05,41.8,42.4,41.6,42.0
2026/06/08,41.2,41.6,40.8,41.2
2026/06/09,41.0,43.4,41.0,43.4
2026/06/10,43.4,43.7,42.7,43.4
2026/06/11,43.6,43.6,42.6,43.4
2026/06/12,43.4,44.0,43.1,43.4
2026/06/15,45.0,45.0,43.4,44.0
2026/06/16,43.8,44.8,43.5,44.5
2026/06/17,44.2,45.4,44.2,45.1
2026/06/18,45.1,46.0,44.8,45.5
2026/06/22,45.5,45.5,44.4,44.8
2026/06/23,44.5,45.7,44.3,45.2
2026/06/24,45.0,45.2,44.4,44.6
2026/06/25,44.6,47.0,44.6,46.6
2026/06/26,45.6,46.4,45.6,46.2
2026/06/29,47.4,47.4,46.2,46.2
2026/06/30,46.2,47.2,45.4,46.1
2026/07/01,46.2,47.2,44.8,46.2
2026/07/02,45.7,46.4,45.4,46.0
2026/07/03,45.4,46.8,45.4,45.5
2026/07/06,45.4,46.6,45.4,46.3
2026/07/07,46.2,47.2,46.2,46.8
2026/07/08,46.8,47.2,46.5,46.8
2026/07/09,46.8,47.2,46.4,46.7
2026/07/13,46.7,47.3,46.6,47.0
2026/07/14,47.2,47.2,46.4,47.0
2026/07/15,46.8,47.3,45.8,46.0
2026/07/16,46.0,47.6,45.9,46.6
2026/07/17,46.6,47.6,46.3,47.6
2026/07/20,47.8,48.4,47.4,48.2
2026/07/21,48.2,48.9,48.0,48.6
2026/07/22,47.9,49.0,47.6,48.2
2026/07/23,48.4,48.4,47.6,48.2
2026/07/24,47.1,48.7,47.1,48.4
2026/07/27,49.0,49.8,48.3,49.4
2026/07/28,49.4,50.0,49.2,49.8
