Date,Open,High,Low,Close
2005/06/30,10.9,11.1,10.9,11.1
2005/07/04,11.0,11.1,11.0,11.0
2005/07/05,11.0,11.1,11.0,11.0
2005/07/06,11.0,11.0,10.9,11.0
2005/07/07,11.0,11.2,11.0,11.1
2005/07/11,11.2,11.2,11.2,11.2
2005/07/12,11.2,11.2,11.1,11.1
2005/07/13,11.1,11.2,11.1,11.2
2005/07/14,11.2,11.4,11.2,11.3
2005/07/18,11.4,11.5,11.3,11.5
2005/07/19,11.5,11.7,11.5,11.6
2005/07/20,11.6,11.6,11.4,11.5
2005/07/21,11.5,11.5,11.3,11.3
2005/07/25,10.9,11.0,10.8,10.9
2005/07/26,10.9,10.9,10.8,10.9
2005/07/27,9.3,9.4,9.2,9.4
2005/07/28,10.7,11.0,10.7,10.7
2005/08/01,10.9,11.2,10.9,11.0
2005/08/02,11.1,11.2,11.0,11.1
2005/08/03,11.1,11.2,11.0,11.1
2005/08/08,10.7,10.8,10.7,10.8
2005/08/09,10.8,10.8,10.6,10.6
2005/08/10,10.6,10.6,10.5,10.5
2005/08/11,10.5,10.7,10.5,10.6
2005/08/15,10.5,10.5,10.4,10.4
2005/08/16,10.4,10.4,10.1,10.1
2005/08/17,10.1,10.1,9.9,9.9
2005/08/18,9.9,10.1,9.9,10.1
2005/08/22,10.2,10.2,10.0,10.0
2005/08/23,10.0,10.1,10.0,10.0
2005/08/24,10.0,10.1,10.0,10.1
2005/08/25,10.1,10.2,10.1,10.1
2005/08/29,10.0,10.0,9.9,10.0
2005/08/30,10.0,10.0,9.8,9.8
2005/09/01,9.9,10.0,9.9,9.9
2005/09/05,10.0,10.0,9.9,9.9
2005/09/06,10.0,10.0,9.8,9.9
2005/09/07,9.9,9.9,9.7,9.8
2005/09/08,9.8,9.8,9.5,9.5
2005/09/12,9.5,9.6,9.4,9.4
2005/09/13,9.4,9.5,9.4,9.4
2005/09/14,9.4,9.4,9.3,9.3
2005/09/15,9.4,9.4,9.2,9.2
2005/09/19,8.9,9.0,8.6,9.0
2005/09/20,8.9,8.9,8.7,8.7
2005/09/21,8.6,8.7,8.5,8.5
2005/09/22,8.5,8.6,8.5,8.6
2005/09/26,8.7,8.8,8.6,8.7
2005/09/27,8.8,8.9,8.7,8.8
2005/09/28,8.8,9.2,8.8,9.1
2005/09/29,9.2,9.2,9.1,9.1
2005/10/03,9.0,9.2,9.0,9.1
2005/10/04,9.1,9.1,8.9,8.9
2005/10/05,8.8,8.9,8.7,8.7
2005/10/06,8.7,8.8,8.7,8.7
2005/10/10,8.7,8.9,8.7,8.9
2005/10/11,8.9,9.1,8.9,8.9
2005/10/12,8.9,9.1,8.8,9.0
2005/10/13,9.1,9.4,9.1,9.3
2005/10/17,8.8,8.9,8.7,8.7
2005/10/18,8.7,8.7,8.5,8.5
2005/10/19,8.5,8.6,8.4,8.5
2005/10/20,8.4,8.6,8.4,8.5
2005/10/24,8.2,8.4,8.2,8.2
2005/10/25,8.2,8.3,8.0,8.0
2005/10/26,8.0,8.1,7.9,8.0
2005/10/27,8.0,8.0,7.8,7.8
2005/10/31,8.1,8.1,8.0,8.0
2005/11/01,8.2,8.2,8.1,8.2
2005/11/02,8.2,8.2,8.2,8.2
2005/11/03,8.2,8.3,8.0,8.1
2005/11/07,7.9,8.0,7.8,7.8
2005/11/08,7.9,8.2,7.9,8.2
2005/11/09,8.2,8.2,8.0,8.2
2005/11/10,8.2,8.5,8.2,8.5
2005/11/14,8.4,8.5,8.2,8.3
2005/11/15,8.3,8.4,8.2,8.3
2005/11/16,8.3,8.3,8.2,8.2
2005/11/17,8.3,8.3,8.2,8.2
2005/11/21,8.2,8.3,8.2,8.2
2005/11/22,8.2,8.3,8.2,8.2
2005/11/23,8.2,8.3,8.0,8.1
2005/11/24,8.1,8.2,8.1,8.1
2005/11/28,8.3,8.4,8.2,8.2
2005/11/29,8.2,8.3,8.2,8.3
2005/11/30,8.3,8.3,8.2,8.2
2005/12/01,8.5,8.8,8.5,8.8
2005/12/05,8.9,9.1,8.8,9.0
2005/12/06,8.8,8.8,8.5,8.5
2005/12/07,8.3,8.3,7.9,8.0
2005/12/08,8.3,8.3,8.2,8.3
2005/12/12,8.4,8.4,8.3,8.4
2005/12/13,8.4,8.5,8.3,8.3
2005/12/14,8.3,8.4,8.2,8.2
2005/12/15,8.3,8.4,8.3,8.4
2005/12/19,8.4,8.4,8.3,8.4
2005/12/20,8.3,8.4,8.3,8.4
2005/12/21,8.4,8.4,8.2,8.2
2005/12/22,8.2,8.3,8.2,8.2
2005/12/26,8.3,8.3,8.2,8.2
2005/12/27,8.2,8.2,8.2,8.2
2005/12/28,8.3,8.3,8.2,8.2
2005/12/29,8.2,8.2,8.0,8.1
2006/01/02,8.0,8.1,8.0,8.1
2006/01/03,8.2,8.2,8.1,8.1
2006/01/04,8.2,8.3,8.2,8.3
2006/01/05,8.4,8.4,8.2,8.3
2006/01/09,8.4,8.5,8.3,8.5
2006/01/10,8.5,8.6,8.4,8.6
2006/01/11,8.7,8.8,8.6,8.7
2006/01/13,8.8,8.8,8.6,8.6
2006/01/16,8.6,8.6,8.5,8.5
2006/01/17,8.5,8.6,8.4,8.5
2006/01/18,8.4,8.5,8.2,8.3
2006/01/19,8.3,8.5,8.2,8.5
2006/01/20,8.5,8.6,8.4,8.5
2006/01/23,8.3,8.4,8.3,8.3
2006/01/24,8.4,8.5,8.4,8.4
2006/01/25,8.4,8.6,8.4,8.6
2006/02/02,8.5,8.5,8.4,8.5
2006/02/03,9.0,9.2,9.0,9.2
2006/02/06,9.4,9.8,9.3,9.8
2006/02/07,9.9,10.0,9.7,9.8
2006/02/08,9.8,9.9,9.7,9.7
2006/02/09,9.7,9.7,9.5,9.5
2006/02/10,9.6,9.7,9.5,9.6
2006/02/13,9.7,9.8,9.6,9.7
2006/02/14,9.7,9.7,9.5,9.7
2006/02/15,9.7,9.7,9.4,9.4
2006/02/16,9.5,9.6,9.4,9.5
2006/02/17,9.6,9.7,9.5,9.6
2006/02/20,9.6,9.8,9.5,9.7
2006/02/21,9.7,9.7,9.6,9.6
2006/02/22,9.6,9.7,9.2,9.3
2006/02/23,9.3,9.5,9.1,9.3
2006/02/24,9.3,9.4,9.3,9.3
2006/02/27,9.3,9.5,9.2,9.3
2006/03/01,9.2,9.4,9.2,9.4
2006/03/02,9.4,9.4,9.3,9.3
2006/03/03,9.3,9.3,9.0,9.1
2006/03/06,9.0,9.0,8.9,9.0
2006/03/07,8.6,8.6,8.6,8.6
2006/03/08,8.6,8.7,8.4,8.6
2006/03/10,8.7,8.7,8.4,8.5
2006/03/13,8.3,8.5,8.2,8.4
2006/03/14,8.2,8.3,8.2,8.2
2006/03/15,8.5,8.5,8.3,8.5
2006/03/16,8.5,8.5,8.3,8.3
2006/03/17,8.4,8.4,8.2,8.3
2006/03/20,8.3,8.3,8.2,8.2
2006/03/21,8.2,8.3,8.2,8.2
2006/03/22,8.2,8.2,8.1,8.1
2006/03/23,8.2,8.2,8.1,8.1
2006/03/24,8.2,8.3,8.2,8.2
2006/03/27,8.2,8.3,8.2,8.2
2006/03/28,8.2,8.3,8.2,8.2
2006/03/29,8.3,8.3,8.2,8.2
2006/03/30,8.3,8.4,8.2,8.4
2006/03/31,8.4,8.5,8.3,8.4
2006/04/03,8.4,8.4,8.3,8.4
2006/04/04,8.4,8.5,8.3,8.4
2006/04/06,8.4,8.5,8.4,8.5
2006/04/07,8.5,8.6,8.4,8.5
2006/04/10,8.5,8.5,8.4,8.4
2006/04/11,8.4,8.5,8.4,8.4
2006/04/12,8.4,8.6,8.4,8.6
2006/04/13,8.7,8.9,8.7,8.9
2006/04/14,9.0,9.1,8.9,9.0
2006/04/17,9.1,9.2,9.0,9.1
2006/04/18,9.2,9.3,9.0,9.1
2006/04/19,9.2,9.4,9.2,9.2
2006/04/20,9.2,9.3,9.1,9.2
2006/04/21,9.1,9.2,9.0,9.0
2006/04/24,8.9,9.2,8.8,9.1
2006/04/25,9.2,9.4,9.2,9.4
2006/04/26,9.4,9.7,9.4,9.7
2006/04/27,9.7,10.2,9.7,9.7
2006/04/28,9.7,10.0,9.5,9.8
2006/05/02,9.8,10.0,9.7,9.9
2006/05/03,10.1,10.4,10.0,10.2
2006/05/04,10.3,10.9,10.2,10.7
2006/05/05,11.0,11.0,10.3,10.5
2006/05/08,10.7,10.7,10.4,10.6
2006/05/09,10.6,10.6,10.2,10.5
2006/05/10,10.5,10.6,9.7,9.7
2006/05/11,9.7,9.9,9.6,9.6
2006/05/12,9.6,9.9,9.6,9.8
2006/05/15,9.7,9.8,9.3,9.4
2006/05/16,9.4,10.0,9.4,9.7
2006/05/17,9.8,10.0,9.6,10.0
2006/05/18,9.7,9.9,9.7,9.7
2006/05/19,9.6,9.9,9.6,9.8
2006/05/22,9.8,9.8,9.5,9.6
2006/05/23,9.5,9.9,9.5,9.7
2006/05/24,9.8,10.0,9.6,9.9
2006/05/25,9.9,10.0,9.7,9.8
2006/05/26,9.9,10.0,9.6,9.6
2006/05/29,9.6,9.7,9.5,9.6
2006/05/30,9.6,9.7,9.6,9.7
2006/06/01,9.6,9.8,9.6,9.8
2006/06/02,9.8,9.9,9.6,9.9
2006/06/05,9.9,10.1,9.6,9.7
2006/06/06,9.8,9.9,9.7,9.7
2006/06/07,9.7,9.8,9.5,9.6
2006/06/08,9.5,9.5,9.1,9.3
2006/06/09,9.4,9.4,9.2,9.4
2006/06/12,9.2,9.4,9.0,9.3
2006/06/13,9.0,9.2,9.0,9.0
2006/06/14,9.0,9.2,9.0,9.2
2006/06/15,9.2,9.3,9.1,9.2
2006/06/16,9.4,9.8,9.4,9.8
2006/06/19,9.8,10.1,9.7,9.7
2006/06/20,9.7,9.8,9.5,9.5
2006/06/21,9.5,9.7,9.4,9.5
2006/06/22,9.6,9.7,9.5,9.5
2006/06/23,9.4,9.4,9.0,9.1
2006/06/26,9.1,9.3,9.1,9.2
2006/06/27,9.2,9.2,9.0,9.1
2006/06/28,9.1,9.1,8.9,9.0
2006/06/29,9.1,9.1,9.0,9.1
2006/06/30,9.3,9.4,9.3,9.3
2006/07/03,9.3,9.4,9.3,9.4
2006/07/04,9.4,9.4,9.3,9.3
2006/07/05,9.3,9.3,9.1,9.2
2006/07/06,9.0,9.1,9.0,9.0
2006/07/07,9.0,9.1,9.0,9.0
2006/07/10,9.0,9.1,8.9,9.0
2006/07/11,9.1,9.1,9.0,9.0
2006/07/12,8.9,9.1,8.9,8.9
2006/07/13,9.0,9.0,8.9,8.9
2006/07/14,8.9,8.9,8.7,8.8
2006/07/17,8.7,8.8,8.6,8.7
2006/07/18,8.7,8.8,8.6,8.6
2006/07/19,8.6,8.6,8.5,8.5
2006/07/20,8.5,8.6,8.5,8.5
2006/07/21,8.5,8.5,8.4,8.5
2006/07/24,8.5,8.5,8.4,8.5
2006/07/25,8.5,8.6,8.5,8.5
2006/07/26,8.5,8.5,8.4,8.5
2006/07/27,8.5,8.5,8.4,8.4
2006/07/28,8.4,8.5,8.4,8.5
2006/07/31,8.5,8.5,8.4,8.4
2006/08/01,8.4,8.5,8.4,8.4
2006/08/02,8.4,8.4,8.3,8.3
2006/08/03,8.4,8.4,8.3,8.3
2006/08/04,8.3,8.4,8.2,8.2
2006/08/07,8.2,8.2,8.2,8.2
2006/08/08,8.2,8.3,8.2,8.2
2006/08/09,8.2,8.3,8.2,8.2
2006/08/10,8.2,8.2,8.1,8.1
2006/08/11,8.1,8.1,8.1,8.1
2006/08/14,8.1,8.2,8.0,8.1
2006/08/15,8.1,8.1,8.0,8.0
2006/08/16,8.1,8.3,8.0,8.2
2006/08/17,8.2,8.3,8.1,8.2
2006/08/18,8.1,8.2,8.1,8.1
2006/08/21,8.0,8.1,7.6,7.6
2006/08/22,7.6,7.6,7.3,7.5
2006/08/23,7.5,7.5,7.3,7.3
2006/08/24,7.3,7.5,7.3,7.5
2006/08/25,7.5,7.7,7.5,7.5
2006/08/28,7.5,7.6,7.5,7.5
2006/08/29,7.5,7.6,7.4,7.4
2006/08/30,7.4,7.5,7.3,7.4
2006/08/31,7.4,7.5,7.4,7.4
2006/09/01,7.4,7.4,7.4,7.4
2006/09/04,7.4,7.4,7.2,7.3
2006/09/05,7.3,7.3,7.1,7.1
2006/09/06,7.1,7.2,7.0,7.1
2006/09/07,7.0,7.1,6.9,6.9
2006/09/08,6.9,7.0,6.8,7.0
2006/09/11,6.9,7.1,6.9,6.9
2006/09/12,6.9,7.0,6.9,6.9
2006/09/13,7.0,7.0,7.0,7.0
2006/09/14,7.1,7.3,7.0,7.2
2006/09/15,7.2,7.6,7.2,7.5
2006/09/18,7.6,7.9,7.6,7.9
2006/09/19,7.9,7.9,7.8,7.9
2006/09/20,7.8,7.9,7.7,7.8
2006/09/21,7.8,7.9,7.5,7.6
2006/09/22,7.6,7.6,7.4,7.6
2006/09/25,7.6,7.8,7.6,7.7
2006/09/26,7.6,7.7,7.6,7.6
2006/09/27,7.7,7.8,7.7,7.8
2006/09/28,7.8,7.8,7.6,7.7
2006/09/29,7.8,8.0,7.7,7.9
2006/10/02,8.2,8.4,8.2,8.4
2006/10/03,8.4,8.4,8.1,8.3
2006/10/04,8.3,8.3,8.1,8.1
2006/10/05,8.2,8.2,8.1,8.2
2006/10/10,8.2,8.2,8.2,8.2
2006/10/11,8.1,8.4,8.1,8.3
2006/10/12,8.3,8.4,8.2,8.4
2006/10/13,8.4,8.5,8.4,8.4
2006/10/16,8.4,8.5,8.3,8.4
2006/10/17,8.2,8.2,7.9,8.0
2006/10/18,7.9,7.9,7.8,7.8
2006/10/19,7.8,7.9,7.7,7.9
2006/10/20,7.9,8.0,7.9,8.0
2006/10/23,7.9,8.0,7.8,8.0
2006/10/24,8.0,8.1,8.0,8.1
2006/10/25,8.1,8.2,8.1,8.1
2006/10/26,8.2,8.2,8.1,8.1
2006/10/27,8.1,8.1,8.0,8.0
2006/10/30,8.0,8.0,7.9,7.9
2006/10/31,7.9,8.0,7.9,8.0
2006/11/01,7.8,7.9,7.8,7.8
2006/11/02,7.7,7.8,7.7,7.8
2006/11/03,7.8,7.8,7.7,7.7
2006/11/06,7.6,7.7,7.6,7.6
2006/11/07,7.6,7.7,7.6,7.6
2006/11/08,7.7,7.7,7.7,7.7
2006/11/09,7.7,7.9,7.7,7.7
2006/11/10,7.7,7.8,7.6,7.6
2006/11/13,7.6,7.7,7.5,7.6
2006/11/14,7.6,7.7,7.6,7.7
2006/11/15,7.7,7.7,7.6,7.7
2006/11/16,7.7,7.7,7.6,7.7
2006/11/17,7.7,7.8,7.6,7.7
2006/11/20,7.7,7.7,7.6,7.6
2006/11/21,7.5,7.6,7.5,7.5
2006/11/22,7.5,7.6,7.4,7.5
2006/11/23,7.5,7.6,7.5,7.6
2006/11/24,7.6,8.1,7.6,8.1
2006/11/27,8.1,8.1,7.9,8.1
2006/11/28,8.1,8.1,8.0,8.1
2006/11/29,8.1,8.3,8.1,8.2
2006/11/30,8.3,8.4,8.1,8.3
2006/12/01,8.3,8.4,8.2,8.3
2006/12/04,8.2,8.3,8.2,8.2
2006/12/05,8.2,8.2,8.0,8.0
2006/12/06,8.1,8.1,7.9,8.0
2006/12/07,8.0,8.3,8.0,8.2
2006/12/08,8.2,8.2,8.1,8.1
2006/12/11,8.1,8.2,8.0,8.0
2006/12/12,8.0,8.1,7.9,8.0
2006/12/13,8.0,8.2,8.0,8.2
2006/12/14,8.2,8.4,8.2,8.3
2006/12/15,8.3,8.5,8.3,8.5
2006/12/18,8.5,8.7,8.5,8.7
2006/12/19,8.8,8.8,8.7,8.8
2006/12/20,8.8,8.8,8.7,8.8
2006/12/21,8.8,8.8,8.6,8.7
2006/12/22,8.6,8.7,8.5,8.7
2006/12/25,8.6,8.8,8.6,8.7
2006/12/26,8.7,8.8,8.7,8.7
2006/12/27,8.8,9.0,8.8,8.9
2006/12/28,8.9,9.0,8.8,8.9
2006/12/29,8.9,9.0,8.9,9.0
2007/01/01,9.0,9.0,9.0,9.0
2007/01/02,9.0,9.6,9.0,9.6
2007/01/03,9.6,10.0,9.4,9.4
2007/01/04,9.4,9.5,9.3,9.5
2007/01/05,9.4,9.4,9.1,9.2
2007/01/08,9.0,9.1,8.9,9.1
2007/01/09,9.1,9.1,9.0,9.0
2007/01/10,8.9,8.9,8.7,8.8
2007/01/11,8.6,8.9,8.6,8.8
2007/01/12,8.8,8.9,8.8,8.9
2007/01/15,8.9,9.0,8.6,8.8
2007/01/16,8.7,8.8,8.6,8.8
2007/01/17,8.7,8.7,8.6,8.7
2007/01/18,8.7,8.8,8.6,8.8
2007/01/19,8.8,8.9,8.7,8.7
2007/01/22,8.7,8.7,8.4,8.4
2007/01/23,8.4,8.6,8.4,8.6
2007/01/24,8.6,8.8,8.6,8.8
2007/01/25,8.8,8.8,8.7,8.7
2007/01/26,8.6,8.8,8.6,8.6
2007/01/29,8.6,8.8,8.6,8.6
2007/01/30,8.7,8.8,8.6,8.6
2007/01/31,8.7,8.7,8.5,8.6
2007/02/01,8.6,8.7,8.6,8.7
2007/02/02,8.7,8.8,8.7,8.7
2007/02/05,8.7,8.8,8.7,8.7
2007/02/06,8.8,9.1,8.7,9.1
2007/02/07,9.1,9.1,8.9,9.1
2007/02/08,9.1,9.1,8.9,9.1
2007/02/09,9.0,9.1,8.9,9.0
2007/02/12,8.9,8.9,8.4,8.5
2007/02/13,8.4,8.5,8.2,8.3
2007/02/14,8.3,8.3,8.3,8.3
2007/02/26,8.4,8.5,8.2,8.2
2007/02/27,8.2,8.2,8.2,8.2
2007/03/01,8.0,8.1,7.8,7.8
2007/03/02,7.8,8.0,7.8,7.9
2007/03/05,7.7,7.7,7.5,7.6
2007/03/06,7.6,7.8,7.6,7.8
2007/03/07,7.8,7.8,7.5,7.6
2007/03/08,7.5,7.8,7.5,7.8
2007/03/09,7.8,7.8,7.7,7.8
2007/03/12,7.8,7.8,7.7,7.7
2007/03/13,7.7,7.7,7.7,7.7
2007/03/14,7.6,7.6,7.5,7.6
2007/03/15,7.6,7.8,7.6,7.7
2007/03/16,7.7,8.3,7.7,8.1
2007/03/20,8.2,8.2,8.1,8.1
2007/03/21,8.2,8.2,8.1,8.1
2007/03/22,8.2,8.3,8.2,8.2
2007/03/23,8.2,8.2,8.1,8.2
2007/03/26,8.1,8.1,7.9,8.0
2007/03/27,7.9,7.9,7.8,7.9
2007/03/28,7.9,8.0,7.9,7.9
2007/03/29,7.8,8.0,7.8,7.9
2007/03/30,8.0,8.0,7.9,8.0
2007/04/02,7.9,8.0,7.9,7.9
2007/04/03,7.9,8.0,7.9,7.9
2007/04/04,8.0,8.1,8.0,8.0
2007/04/09,8.1,8.2,8.1,8.1
2007/04/10,8.1,8.1,8.0,8.1
2007/04/11,8.1,8.1,7.9,8.0
2007/04/12,7.9,8.0,7.9,7.9
2007/04/13,7.9,7.9,7.8,7.8
2007/04/16,7.8,7.9,7.8,7.9
2007/04/17,8.0,8.1,7.9,7.9
2007/04/18,7.9,7.9,7.9,7.9
2007/04/19,7.9,7.9,7.6,7.7
2007/04/20,7.7,7.8,7.7,7.7
2007/04/23,7.8,7.8,7.7,7.8
2007/04/24,7.7,7.8,7.7,7.8
2007/04/25,7.8,7.9,7.7,7.9
2007/04/26,7.9,7.9,7.8,7.8
2007/04/27,7.9,7.9,7.8,7.8
2007/04/30,7.8,7.8,7.6,7.6
2007/05/02,7.6,7.7,7.6,7.6
2007/05/03,7.6,7.6,7.6,7.6
2007/05/04,7.6,7.8,7.6,7.7
2007/05/07,7.7,7.8,7.7,7.8
2007/05/08,7.8,7.8,7.7,7.7
2007/05/09,7.7,7.7,7.6,7.6
2007/05/10,7.7,7.8,7.7,7.7
2007/05/11,7.7,7.8,7.7,7.8
2007/05/14,7.8,7.8,7.7,7.8
2007/05/15,7.8,7.8,7.7,7.7
2007/05/16,7.8,7.8,7.7,7.7
2007/05/17,7.8,7.8,7.7,7.7
2007/05/18,7.7,7.9,7.7,7.8
2007/05/21,7.8,8.0,7.7,7.9
2007/05/22,8.0,8.0,7.9,8.0
2007/05/23,8.1,8.1,8.0,8.0
2007/05/24,8.0,8.1,7.9,7.9
2007/05/25,7.9,7.9,7.8,7.8
2007/05/28,7.8,7.9,7.8,7.8
2007/05/29,7.8,7.9,7.8,7.8
2007/05/30,7.7,7.8,7.7,7.8
2007/05/31,7.8,7.9,7.6,7.6
2007/06/01,7.7,7.8,7.7,7.7
2007/06/04,7.7,7.8,7.7,7.7
2007/06/05,7.7,7.8,7.7,7.7
2007/06/06,7.8,7.8,7.7,7.7
2007/06/07,7.7,7.9,7.7,7.8
2007/06/08,7.8,7.8,7.7,7.8
2007/06/11,7.8,7.8,7.7,7.7
2007/06/12,7.7,7.8,7.7,7.8
2007/06/13,7.8,7.9,7.7,7.8
2007/06/14,7.8,7.9,7.8,7.9
2007/06/15,7.9,8.1,7.9,8.0
2007/06/20,8.1,8.2,8.0,8.2
2007/06/21,8.2,8.2,8.0,8.1
2007/06/22,8.2,8.2,8.0,8.0
2007/06/25,8.1,8.2,8.0,8.0
2007/06/26,8.1,8.5,8.1,8.3
2007/06/27,8.4,8.4,8.2,8.3
2007/06/28,8.4,8.6,8.3,8.6
2007/06/29,8.6,8.7,8.5,8.5
2007/07/02,8.5,8.6,8.5,8.5
2007/07/03,8.6,8.6,8.5,8.6
2007/07/04,8.6,9.0,8.6,8.8
2007/07/05,8.9,8.9,8.7,8.8
2007/07/06,8.7,8.8,8.6,8.6
2007/07/09,8.7,8.7,8.6,8.7
2007/07/10,8.7,8.7,8.6,8.7
2007/07/11,8.7,8.7,8.6,8.7
2007/07/12,8.7,8.9,8.7,8.8
2007/07/13,8.9,8.9,8.8,8.8
2007/07/16,8.8,9.1,8.8,8.8
2007/07/17,8.8,8.8,8.7,8.8
2007/07/18,8.8,9.0,8.8,8.9
2007/07/19,8.9,8.9,8.8,8.9
2007/07/20,8.9,8.9,8.8,8.8
2007/07/23,8.8,8.9,8.8,8.8
2007/07/24,8.9,8.9,8.8,8.9
2007/07/25,8.8,8.8,8.7,8.7
2007/07/26,8.7,8.8,8.6,8.7
2007/07/27,8.4,8.5,8.3,8.3
2007/07/30,8.1,8.2,8.1,8.2
2007/07/31,8.4,8.4,8.2,8.3
2007/08/01,8.2,8.2,8.0,8.0
2007/08/02,8.2,8.2,8.0,8.2
2007/08/03,8.3,8.3,8.1,8.2
2007/08/06,8.0,8.1,8.0,8.0
2007/08/07,8.1,8.1,8.0,8.0
2007/08/08,8.1,8.2,8.0,8.1
2007/08/09,8.2,8.2,8.0,8.1
2007/08/10,7.9,7.9,7.8,7.8
2007/08/13,7.7,7.8,7.7,7.8
2007/08/14,7.8,7.9,7.7,7.8
2007/08/15,7.7,7.7,7.6,7.6
2007/08/16,7.5,7.5,7.3,7.4
2007/08/17,7.3,7.4,7.0,7.1
2007/08/20,7.6,7.6,7.4,7.6
2007/08/21,7.7,7.8,7.6,7.6
2007/08/22,7.6,7.8,7.6,7.7
2007/08/23,7.9,8.0,7.7,7.8
2007/08/24,7.9,7.9,7.7,7.7
2007/08/27,7.8,7.8,7.7,7.7
2007/08/28,7.7,7.8,7.6,7.7
2007/08/29,7.5,7.6,7.5,7.5
2007/08/30,7.6,7.7,7.5,7.6
2007/08/31,7.6,7.9,7.5,7.7
2007/09/03,7.7,7.8,7.6,7.7
2007/09/04,7.8,7.8,7.6,7.6
2007/09/05,7.7,7.7,7.6,7.6
2007/09/06,7.7,7.8,7.5,7.7
2007/09/07,7.7,7.8,7.6,7.7
2007/09/10,7.6,7.6,7.5,7.5
2007/09/11,7.6,7.6,7.5,7.5
2007/09/12,7.6,7.6,7.5,7.5
2007/09/13,7.6,7.6,7.5,7.5
2007/09/14,7.5,7.6,7.5,7.6
2007/09/17,7.6,7.6,7.4,7.6
2007/09/19,7.7,7.8,7.7,7.7
2007/09/20,7.7,7.8,7.7,7.7
2007/09/21,7.7,7.7,7.5,7.6
2007/09/26,7.6,7.7,7.5,7.6
2007/09/27,7.6,7.7,7.6,7.7
2007/09/28,7.7,7.9,7.7,7.7
2007/10/01,7.8,7.9,7.8,7.8
2007/10/02,7.9,8.1,7.9,8.0
2007/10/03,8.0,8.2,7.9,8.0
2007/10/04,8.0,8.0,7.8,7.8
2007/10/05,7.8,7.9,7.7,7.8
2007/10/08,7.9,7.9,7.8,7.9
2007/10/09,7.9,7.9,7.8,7.8
2007/10/11,7.8,7.8,7.7,7.7
2007/10/12,7.7,7.7,7.6,7.6
2007/10/15,7.6,7.7,7.6,7.6
2007/10/16,7.6,7.8,7.6,7.7
2007/10/17,7.8,7.8,7.6,7.7
2007/10/18,7.8,7.8,7.6,7.8
2007/10/19,7.7,7.7,7.7,7.7
2007/10/22,7.5,7.5,7.4,7.5
2007/10/23,7.5,7.5,7.5,7.5
2007/10/24,7.5,7.6,7.4,7.5
2007/10/25,7.5,7.5,7.5,7.5
2007/10/26,7.5,7.5,7.4,7.4
2007/10/29,7.5,7.5,7.5,7.5
2007/10/30,7.5,7.5,7.4,7.5
2007/10/31,7.5,7.5,7.4,7.5
2007/11/01,7.5,7.5,7.4,7.4
2007/11/02,7.3,7.3,7.2,7.2
2007/11/05,7.2,7.2,7.0,7.1
2007/11/06,7.0,7.1,7.0,7.0
2007/11/07,7.1,7.1,7.0,7.0
2007/11/08,6.8,6.8,6.5,6.6
2007/11/09,6.6,6.6,6.3,6.5
2007/11/12,6.5,6.7,6.4,6.7
2007/11/13,6.7,6.7,6.5,6.5
2007/11/14,6.7,6.7,6.5,6.6
2007/11/15,6.6,6.6,6.5,6.5
2007/11/16,6.5,6.6,6.4,6.5
2007/11/19,6.8,6.8,6.7,6.7
2007/11/20,6.7,6.7,6.5,6.7
2007/11/21,6.6,6.7,6.4,6.4
2007/11/22,6.5,6.6,6.5,6.5
2007/11/23,6.6,6.6,6.5,6.5
2007/11/26,6.6,6.6,6.5,6.6
2007/11/27,6.4,6.5,6.4,6.4
2007/11/28,6.5,6.5,6.4,6.4
2007/11/29,6.5,6.5,6.4,6.5
2007/11/30,6.5,6.6,6.4,6.5
2007/12/03,6.5,6.5,6.5,6.5
2007/12/04,6.4,6.5,6.4,6.4
2007/12/05,6.4,6.4,6.3,6.4
2007/12/06,6.5,6.5,6.4,6.4
2007/12/07,6.5,6.6,6.4,6.5
2007/12/10,6.5,6.5,6.4,6.4
2007/12/11,6.5,6.5,6.4,6.4
2007/12/12,6.4,6.4,6.3,6.3
2007/12/13,6.3,6.4,6.3,6.3
2007/12/14,6.3,6.3,6.0,6.1
2007/12/17,6.0,6.1,5.9,5.9
2007/12/18,5.9,5.9,5.7,5.7
2007/12/19,5.8,5.8,5.7,5.8
2007/12/20,5.8,5.8,5.6,5.6
2007/12/21,5.6,5.8,5.6,5.7
2007/12/24,5.7,5.9,5.7,5.9
2007/12/25,5.9,6.0,5.8,5.9
2007/12/26,5.9,6.0,5.8,6.0
2007/12/27,6.0,6.2,6.0,6.2
2007/12/28,6.2,6.2,6.1,6.1
2007/12/31,6.1,6.3,6.1,6.3
2008/01/02,6.3,6.3,6.2,6.2
2008/01/03,6.1,6.3,6.1,6.2
2008/01/04,6.3,6.4,6.2,6.4
2008/01/07,6.2,6.2,6.1,6.1
2008/01/08,6.2,6.3,6.1,6.1
2008/01/09,6.1,6.2,6.0,6.2
2008/01/10,6.2,6.3,6.2,6.2
2008/01/11,6.2,6.2,6.1,6.1
2008/01/14,6.2,6.4,6.2,6.2
2008/01/15,6.3,6.6,6.3,6.6
2008/01/16,6.4,6.6,6.3,6.5
2008/01/17,6.6,6.7,6.1,6.4
2008/01/18,6.1,6.5,6.1,6.4
2008/01/21,6.4,6.6,6.4,6.5
2008/01/22,6.1,6.2,6.1,6.1
2008/01/23,6.2,6.3,5.9,6.0
2008/01/24,6.1,6.2,6.0,6.1
2008/01/25,6.1,6.2,6.0,6.1
2008/01/28,6.1,6.1,6.0,6.0
2008/01/29,6.1,6.2,6.0,6.2
2008/01/30,6.1,6.1,6.0,6.0
2008/01/31,6.0,6.0,5.9,6.0
2008/02/01,6.0,6.1,6.0,6.0
2008/02/12,6.0,6.0,5.7,5.7
2008/02/13,5.8,5.8,5.7,5.7
2008/02/14,5.8,6.0,5.8,6.0
2008/02/15,5.9,6.1,5.9,6.1
2008/02/18,6.2,6.2,6.0,6.1
2008/02/19,6.2,6.3,6.1,6.3
2008/02/20,6.3,6.3,6.2,6.2
2008/02/21,6.3,6.4,6.2,6.3
2008/02/22,6.3,6.4,6.2,6.4
2008/02/25,6.5,6.6,6.5,6.6
2008/02/26,6.7,6.8,6.6,6.7
2008/02/27,6.8,6.9,6.8,6.8
2008/02/29,6.8,6.9,6.7,6.9
2008/03/03,6.7,6.8,6.7,6.8
2008/03/04,6.9,7.0,6.8,6.8
2008/03/05,6.8,6.8,6.6,6.7
2008/03/06,6.7,6.7,6.6,6.7
2008/03/07,6.6,6.6,6.5,6.5
2008/03/10,6.5,6.6,6.4,6.4
2008/03/11,6.3,6.4,6.3,6.4
2008/03/12,6.6,6.7,6.4,6.5
2008/03/13,6.5,6.5,6.4,6.4
2008/03/14,6.5,6.5,6.3,6.3
2008/03/17,6.3,6.3,6.1,6.2
2008/03/18,6.2,6.2,6.1,6.2
2008/03/19,6.3,6.3,6.2,6.3
2008/03/20,6.3,6.6,6.2,6.5
2008/03/21,6.7,6.8,6.6,6.8
2008/03/24,7.3,7.3,7.1,7.3
2008/03/25,7.3,7.3,7.1,7.1
2008/03/26,7.2,7.6,7.1,7.5
2008/03/27,7.5,7.5,7.3,7.4
2008/03/28,7.4,7.5,7.2,7.4
2008/03/31,7.4,7.4,7.1,7.1
2008/04/01,7.2,7.2,6.8,6.8
2008/04/02,6.9,7.0,6.8,6.9
2008/04/03,6.8,6.9,6.7,6.8
2008/04/07,6.8,7.0,6.8,6.9
2008/04/08,6.9,6.9,6.8,6.9
2008/04/09,6.9,7.0,6.9,6.9
2008/04/10,6.9,7.1,6.9,7.1
2008/04/11,7.1,7.5,7.1,7.4
2008/04/14,7.4,7.5,7.3,7.3
2008/04/15,7.3,7.4,7.3,7.3
2008/04/16,7.4,7.7,7.3,7.7
2008/04/17,7.7,7.7,7.5,7.5
2008/04/18,7.5,7.6,7.4,7.5
2008/04/21,7.6,7.6,7.4,7.4
2008/04/22,7.5,7.5,7.4,7.4
2008/04/23,7.5,7.5,7.4,7.5
2008/04/24,7.5,7.6,7.5,7.5
2008/04/25,7.5,7.6,7.4,7.4
2008/04/28,7.4,7.5,7.4,7.5
2008/04/29,7.5,7.7,7.5,7.5
2008/04/30,7.5,7.6,7.4,7.4
2008/05/02,7.5,7.6,7.5,7.5
2008/05/05,7.5,7.6,7.3,7.4
2008/05/06,7.4,7.4,7.3,7.4
2008/05/07,7.5,7.5,7.3,7.3
2008/05/08,7.4,7.4,7.4,7.4
2008/05/09,7.5,7.5,7.0,7.0
2008/05/12,7.0,7.0,6.9,7.0
2008/05/13,7.0,7.1,7.0,7.1
2008/05/14,7.1,7.1,7.0,7.0
2008/05/15,7.1,7.2,7.1,7.2
2008/05/16,7.3,7.3,7.1,7.2
2008/05/19,7.2,7.4,7.2,7.4
2008/05/20,7.4,7.5,7.1,7.1
2008/05/21,7.1,7.2,7.1,7.2
2008/05/22,7.0,7.2,6.9,7.2
2008/05/23,7.1,7.2,7.0,7.0
2008/05/26,7.1,7.1,6.9,6.9
2008/05/27,7.0,7.0,7.0,7.0
2008/05/28,7.0,7.0,6.8,6.8
2008/05/29,6.8,7.0,6.8,6.8
2008/05/30,6.8,6.9,6.7,6.7
2008/06/02,6.7,7.1,6.7,7.1
2008/06/03,7.0,7.1,7.0,7.1
2008/06/04,7.2,7.2,7.0,7.1
2008/06/05,7.0,7.1,6.9,7.1
2008/06/06,7.1,7.2,7.1,7.1
2008/06/09,6.9,7.0,6.9,7.0
2008/06/10,7.1,7.1,6.8,6.8
2008/06/11,7.0,7.2,6.8,6.8
2008/06/12,6.8,6.8,6.6,6.7
2008/06/13,6.7,6.8,6.5,6.6
2008/06/16,6.7,6.7,6.6,6.7
2008/06/17,6.7,6.7,6.6,6.7
2008/06/18,6.7,6.7,6.6,6.7
2008/06/19,6.6,6.6,6.4,6.4
2008/06/20,6.4,6.4,6.0,6.1
2008/06/23,6.0,6.2,6.0,6.2
2008/06/24,6.2,6.2,6.1,6.1
2008/06/25,6.1,6.4,6.1,6.3
2008/06/26,6.4,6.4,6.3,6.4
2008/06/27,6.0,6.1,6.0,6.1
2008/06/30,6.2,6.2,6.0,6.1
2008/07/01,6.1,6.1,6.0,6.1
2008/07/02,5.9,6.1,5.9,5.9
2008/07/03,5.7,5.9,5.6,5.8
2008/07/04,5.8,5.8,5.7,5.7
2008/07/07,5.7,5.9,5.7,5.9
2008/07/08,5.8,5.8,5.6,5.6
2008/07/09,5.6,5.7,5.5,5.6
2008/07/10,5.5,5.6,5.5,5.5
2008/07/11,5.5,5.6,5.4,5.5
2008/07/14,5.5,5.5,5.4,5.4
2008/07/15,5.2,5.2,5.0,5.0
2008/07/16,4.9,5.0,4.8,4.9
2008/07/17,5.1,5.2,5.1,5.2
2008/07/18,5.3,5.3,5.0,5.0
2008/07/21,5.1,5.3,5.1,5.2
2008/07/22,5.2,5.3,5.1,5.3
2008/07/23,5.3,5.6,5.3,5.6
2008/07/24,5.6,5.6,5.5,5.6
2008/07/25,5.5,5.5,5.4,5.4
2008/07/29,5.3,5.3,5.1,5.1
2008/07/30,5.2,5.2,5.2,5.2
2008/07/31,5.2,5.3,5.2,5.2
2008/08/01,5.2,5.2,5.1,5.1
2008/08/04,5.2,5.2,5.1,5.2
2008/08/05,5.2,5.2,5.0,5.2
2008/08/06,5.2,5.3,5.2,5.3
2008/08/07,5.2,5.3,5.2,5.2
2008/08/08,5.1,5.3,5.1,5.3
2008/08/11,5.4,5.4,5.2,5.2
2008/08/12,5.3,5.3,5.2,5.2
2008/08/13,5.2,5.2,5.1,5.2
2008/08/14,5.2,5.2,5.1,5.2
2008/08/15,5.2,5.2,5.0,5.1
2008/08/18,4.7,4.8,4.7,4.7
2008/08/19,4.5,4.7,4.5,4.7
2008/08/20,4.5,4.6,4.3,4.5
2008/08/21,4.5,4.5,4.4,4.4
2008/08/22,4.5,4.6,4.5,4.6
2008/08/25,4.6,4.7,4.6,4.6
2008/08/26,4.6,4.6,4.5,4.5
2008/08/27,4.6,4.7,4.6,4.6
2008/08/28,4.6,4.6,4.6,4.6
2008/08/29,4.6,4.7,4.6,4.6
2008/09/01,4.5,4.6,4.4,4.5
2008/09/02,4.5,4.5,4.4,4.4
2008/09/03,4.4,4.5,4.1,4.2
2008/09/04,4.2,4.2,3.9,4.0
2008/09/05,3.8,4.0,3.8,4.0
2008/09/08,4.2,4.2,4.2,4.2
2008/09/09,4.2,4.3,4.1,4.2
2008/09/10,4.2,4.4,4.2,4.4
2008/09/11,4.4,4.4,4.2,4.2
2008/09/12,4.2,4.2,4.1,4.2
2008/09/15,4.1,4.1,3.9,3.9
2008/09/16,3.7,3.7,3.7,3.7
2008/09/17,3.7,3.8,3.4,3.5
2008/09/18,3.2,3.2,3.2,3.2
2008/09/19,3.2,3.4,3.2,3.3
2008/09/22,3.4,3.4,3.3,3.3
2008/09/23,3.2,3.4,3.1,3.3
2008/09/24,3.3,3.4,3.3,3.3
2008/09/25,3.3,3.4,3.2,3.2
2008/09/26,3.3,3.3,3.1,3.1
2008/09/30,2.9,2.9,2.9,2.9
2008/10/01,2.9,2.9,2.7,2.7
2008/10/02,2.8,2.9,2.8,2.9
2008/10/03,2.8,2.9,2.7,2.9
2008/10/06,2.8,2.8,2.7,2.7
2008/10/07,2.6,2.8,2.5,2.8
2008/10/08,2.7,2.7,2.6,2.6
2008/10/09,2.6,2.6,2.4,2.4
2008/10/13,2.3,2.3,2.3,2.3
2008/10/14,2.5,2.5,2.4,2.5
2008/10/15,2.5,2.5,2.4,2.4
2008/10/16,2.3,2.3,2.3,2.3
2008/10/17,2.3,2.3,2.3,2.3
2008/10/20,2.2,2.2,2.2,2.2
2008/10/21,2.1,2.2,2.1,2.1
2008/10/22,2.1,2.2,2.1,2.1
2008/10/23,2.0,2.1,2.0,2.0
2008/10/24,2.0,2.0,2.0,2.0
2008/10/27,1.8,1.9,1.8,1.8
2008/10/28,1.7,2.0,1.7,2.0
2008/10/29,2.1,2.1,2.0,2.0
2008/10/30,2.0,2.2,2.0,2.2
2008/10/31,2.3,2.3,2.3,2.3
2008/11/03,2.5,2.5,2.3,2.5
2008/11/04,2.5,2.5,2.4,2.5
2008/11/05,2.5,2.6,2.5,2.5
2008/11/06,2.4,2.5,2.4,2.4
2008/11/07,2.2,2.5,2.2,2.5
2008/11/10,2.5,2.6,2.4,2.5
2008/11/11,2.4,2.4,2.3,2.3
2008/11/12,2.2,2.3,2.2,2.2
2008/11/13,2.1,2.1,2.0,2.0
2008/11/14,2.1,2.1,1.9,2.0
2008/11/17,1.9,2.1,1.9,2.1
2008/11/18,2.1,2.1,1.9,2.0
2008/11/19,2.1,2.1,2.1,2.1
2008/11/20,2.1,2.2,2.0,2.1
2008/11/21,2.1,2.2,1.9,2.2
2008/11/24,2.2,2.2,2.1,2.1
2008/11/25,2.2,2.2,2.1,2.1
2008/11/26,2.2,2.3,2.2,2.3
2008/11/27,2.4,2.4,2.4,2.4
2008/11/28,2.5,2.6,2.4,2.5
2008/12/01,2.5,2.6,2.4,2.6
2008/12/02,2.5,2.7,2.5,2.6
2008/12/03,2.7,2.8,2.6,2.7
2008/12/04,2.8,2.9,2.6,2.7
2008/12/05,2.6,2.7,2.6,2.6
2008/12/08,2.7,2.8,2.7,2.8
2008/12/09,2.9,2.9,2.8,2.8
2008/12/10,2.8,2.9,2.7,2.9
2008/12/11,2.9,2.9,2.7,2.7
2008/12/12,2.7,2.8,2.5,2.6
2008/12/15,2.7,2.7,2.6,2.6
2008/12/16,2.6,2.7,2.6,2.7
2008/12/17,2.8,2.8,2.7,2.7
2008/12/18,2.7,2.8,2.7,2.7
2008/12/19,2.7,2.8,2.7,2.8
2008/12/22,2.9,2.9,2.7,2.7
2008/12/23,2.7,2.7,2.5,2.5
2008/12/24,2.4,2.6,2.4,2.6
2008/12/25,2.6,2.6,2.6,2.6
2008/12/26,2.6,2.6,2.5,2.6
2008/12/29,2.6,2.6,2.5,2.6
2008/12/30,2.7,2.8,2.7,2.8
2008/12/31,2.8,2.8,2.7,2.7
2009/01/05,2.8,2.8,2.8,2.8
2009/01/06,2.7,2.8,2.7,2.8
2009/01/07,2.8,2.8,2.7,2.7
2009/01/08,2.7,2.7,2.5,2.5
2009/01/09,2.5,2.5,2.5,2.5
2009/01/12,2.3,2.4,2.3,2.3
2009/01/13,2.3,2.4,2.3,2.4
2009/01/14,2.4,2.6,2.4,2.6
2009/01/15,2.4,2.5,2.4,2.4
2009/01/16,2.5,2.5,2.4,2.5
2009/01/19,2.5,2.5,2.5,2.5
2009/01/20,2.4,2.4,2.4,2.4
2009/01/21,2.2,2.4,2.2,2.4
2009/02/02,2.4,2.4,2.4,2.4
2009/02/03,2.4,2.5,2.4,2.4
2009/02/04,2.5,2.5,2.4,2.4
2009/02/05,2.4,2.5,2.4,2.4
2009/02/06,2.5,2.5,2.4,2.4
2009/02/09,2.4,2.5,2.3,2.4
2009/02/10,2.4,2.4,2.4,2.4
2009/02/11,2.3,2.4,2.3,2.4
2009/02/12,2.5,2.5,2.4,2.4
2009/02/13,2.4,2.5,2.4,2.4
2009/02/16,2.5,2.5,2.4,2.4
2009/02/17,2.4,2.4,2.4,2.4
2009/02/18,2.3,2.4,2.3,2.4
2009/02/19,2.3,2.4,2.3,2.3
2009/02/20,2.3,2.4,2.3,2.3
2009/02/23,2.2,2.3,2.2,2.2
2009/02/24,2.2,2.3,2.2,2.2
2009/02/25,2.3,2.4,2.3,2.3
2009/02/26,2.4,2.4,2.3,2.3
2009/02/27,2.3,2.4,2.3,2.3
2009/03/02,2.3,2.3,2.2,2.2
2009/03/03,2.0,2.1,2.0,2.1
2009/03/04,2.1,2.2,2.1,2.2
2009/03/05,2.2,2.2,2.2,2.2
2009/03/06,2.2,2.2,2.1,2.1
2009/03/09,2.2,2.2,2.1,2.1
2009/03/10,2.1,2.2,2.1,2.2
2009/03/11,2.2,2.3,2.2,2.3
2009/03/12,2.2,2.3,2.2,2.2
2009/03/13,2.3,2.3,2.2,2.3
2009/03/16,2.3,2.3,2.3,2.3
2009/03/17,2.3,2.4,2.3,2.3
2009/03/18,2.4,2.4,2.3,2.3
2009/03/19,2.4,2.5,2.4,2.4
2009/03/20,2.4,2.4,2.3,2.3
2009/03/23,2.3,2.5,2.3,2.5
2009/03/24,2.5,2.6,2.5,2.5
2009/03/25,2.5,2.5,2.4,2.5
2009/03/26,2.5,2.6,2.5,2.6
2009/03/27,2.6,2.8,2.6,2.8
2009/03/30,2.8,2.8,2.6,2.6
2009/03/31,2.5,2.7,2.5,2.6
2009/04/01,2.6,2.8,2.6,2.8
2009/04/02,2.8,2.9,2.8,2.9
2009/04/03,2.9,3.1,2.9,2.9
2009/04/06,3.0,3.1,2.9,3.0
2009/04/07,3.0,3.1,2.9,3.1
2009/04/08,3.0,3.2,2.9,3.0
2009/04/09,3.0,3.1,2.9,3.1
2009/04/10,3.2,3.2,3.1,3.1
2009/04/13,3.1,3.3,3.1,3.2
2009/04/14,3.3,3.4,3.2,3.4
2009/04/15,3.4,3.5,3.4,3.5
2009/04/16,3.8,3.8,3.7,3.8
2009/04/17,3.9,4.0,3.5,3.5
2009/04/20,3.5,3.7,3.3,3.7
2009/04/21,3.5,3.7,3.4,3.7
2009/04/22,3.7,3.8,3.6,3.7
2009/04/23,3.6,3.7,3.5,3.6
2009/04/24,3.6,3.7,3.5,3.6
2009/04/27,3.7,3.7,3.4,3.4
2009/04/28,3.4,3.6,3.3,3.4
2009/04/29,3.4,3.5,3.3,3.3
2009/04/30,3.5,3.5,3.5,3.5
2009/05/04,3.8,3.8,3.8,3.8
2009/05/05,4.0,4.0,3.9,4.0
2009/05/06,4.0,4.3,4.0,4.3
2009/05/07,4.3,4.5,4.2,4.3
2009/05/08,4.2,4.2,4.0,4.1
2009/05/11,4.1,4.4,4.1,4.3
2009/05/12,4.2,4.2,4.0,4.0
2009/05/13,4.0,4.1,4.0,4.1
2009/05/14,3.8,3.9,3.8,3.8
2009/05/15,4.0,4.0,3.9,4.0
2009/05/18,4.0,4.3,4.0,4.3
2009/05/19,4.6,4.6,4.6,4.6
2009/05/20,4.9,4.9,4.7,4.9
2009/05/21,5.0,5.2,4.9,5.2
2009/05/22,5.2,5.6,5.2,5.6
2009/05/25,5.8,5.9,5.6,5.7
2009/05/26,5.7,5.7,5.3,5.3
2009/05/27,5.4,5.6,5.2,5.5
2009/06/01,5.8,5.8,5.6,5.6
2009/06/02,5.7,5.7,5.4,5.4
2009/06/03,5.4,5.5,5.3,5.4
2009/06/04,5.5,5.6,5.2,5.3
2009/06/05,5.3,5.4,5.3,5.4
2009/06/08,5.6,5.6,5.2,5.2
2009/06/09,5.2,5.3,4.9,4.9
2009/06/10,5.0,5.2,4.9,5.2
2009/06/11,5.2,5.3,5.0,5.3
2009/06/12,5.3,5.3,5.1,5.2
2009/06/15,5.1,5.2,4.9,4.9
2009/06/16,4.9,5.0,4.7,4.9
2009/06/17,5.0,5.2,4.9,5.2
2009/06/18,5.2,5.3,4.9,5.1
2009/06/19,5.2,5.3,5.1,5.3
2009/06/22,5.3,5.5,5.3,5.4
2009/06/23,5.3,5.4,5.3,5.3
2009/06/24,5.5,5.7,5.4,5.6
2009/06/25,5.6,5.7,5.5,5.5
2009/06/26,5.6,5.6,5.4,5.4
2009/06/29,5.6,5.7,5.5,5.6
2009/06/30,5.8,6.0,5.6,5.8
2009/07/01,5.8,5.8,5.6,5.8
2009/07/02,5.8,5.9,5.7,5.8
2009/07/03,5.8,6.2,5.8,6.2
2009/07/06,6.3,6.3,6.0,6.1
2009/07/07,6.1,6.5,6.1,6.4
2009/07/08,6.3,6.5,6.3,6.5
2009/07/09,6.4,6.6,6.3,6.3
2009/07/10,6.4,6.5,6.2,6.2
2009/07/13,6.2,6.2,5.8,5.8
2009/07/14,5.9,6.0,5.8,5.9
2009/07/15,6.0,6.1,5.9,5.9
2009/07/16,6.2,6.3,6.0,6.1
2009/07/17,6.2,6.2,6.0,6.1
2009/07/20,6.2,6.5,6.1,6.3
2009/07/21,6.5,6.5,6.2,6.4
2009/07/22,6.5,6.6,6.3,6.3
2009/07/23,6.3,6.4,6.2,6.3
2009/07/24,6.4,6.4,6.1,6.1
2009/07/27,6.1,6.2,6.0,6.1
2009/07/28,6.2,6.3,6.2,6.2
2009/07/29,6.3,6.4,6.2,6.2
2009/07/30,6.1,6.2,6.0,6.0
2009/07/31,6.1,6.1,6.0,6.0
2009/08/03,6.0,6.1,6.0,6.0
2009/08/04,6.1,6.2,5.9,5.9
2009/08/05,5.9,5.9,5.5,5.5
2009/08/06,5.6,5.7,5.5,5.5
2009/08/10,5.4,5.5,5.4,5.5
2009/08/11,5.6,5.6,5.3,5.3
2009/08/12,5.3,5.4,5.2,5.2
2009/08/13,5.3,5.6,5.3,5.6
2009/08/14,5.6,5.7,5.5,5.6
2009/08/17,5.6,5.6,5.5,5.5
2009/08/18,5.4,5.6,5.4,5.4
2009/08/19,5.5,5.6,5.4,5.4
2009/08/20,5.4,5.4,5.2,5.2
2009/08/21,5.3,5.4,4.9,5.0
2009/08/24,5.1,5.3,5.1,5.3
2009/08/25,5.2,5.2,5.1,5.1
2009/08/26,5.1,5.2,4.9,4.9
2009/08/27,4.9,5.0,4.9,4.9
2009/08/28,4.9,5.2,4.9,5.2
2009/08/31,5.3,5.3,5.1,5.1
2009/09/01,5.2,5.4,5.1,5.4
2009/09/02,5.3,5.6,5.3,5.6
2009/09/03,5.6,5.7,5.5,5.6
2009/09/04,5.6,5.7,5.5,5.5
2009/09/07,5.6,5.7,5.6,5.6
2009/09/08,5.7,5.8,5.6,5.7
2009/09/09,5.8,5.9,5.7,5.7
2009/09/10,6.1,6.1,5.8,5.8
2009/09/11,5.9,5.9,5.8,5.8
2009/09/14,5.9,5.9,5.7,5.8
2009/09/15,5.9,5.9,5.8,5.9
2009/09/16,6.0,6.1,6.0,6.1
2009/09/17,6.2,6.4,6.2,6.4
2009/09/18,6.4,6.4,6.3,6.4
2009/09/21,6.5,6.5,6.3,6.4
2009/09/22,6.5,6.6,6.5,6.5
2009/09/23,6.5,6.5,6.1,6.2
2009/09/24,6.2,6.2,6.1,6.2
2009/09/25,6.1,6.4,6.1,6.3
2009/09/28,6.3,6.4,6.3,6.4
2009/09/29,6.4,6.5,6.4,6.5
2009/09/30,6.6,6.6,6.5,6.6
2009/10/01,6.7,6.9,6.7,6.8
2009/10/02,6.6,6.7,6.5,6.6
2009/10/05,6.6,6.7,6.4,6.4
2009/10/06,6.4,6.5,6.3,6.5
2009/10/07,6.6,6.7,6.5,6.5
2009/10/08,6.5,6.6,6.4,6.4
2009/10/09,6.6,6.6,6.4,6.5
2009/10/12,6.6,6.6,6.4,6.5
2009/10/13,6.3,6.5,6.3,6.5
2009/10/14,6.5,6.5,6.4,6.4
2009/10/15,6.6,6.7,6.5,6.5
2009/10/16,6.5,6.6,6.5,6.6
2009/10/19,6.5,6.6,6.5,6.6
2009/10/20,6.6,6.7,6.5,6.5
2009/10/21,6.5,6.5,6.4,6.5
2009/10/22,6.6,6.6,6.4,6.5
2009/10/23,6.6,6.6,6.5,6.6
2009/10/26,6.6,6.7,6.5,6.5
2009/10/27,6.5,6.6,6.5,6.6
2009/10/28,6.6,6.6,6.5,6.5
2009/10/29,6.3,6.4,6.0,6.1
2009/10/30,6.2,6.2,6.1,6.1
2009/11/02,5.9,6.0,5.9,6.0
2009/11/03,6.0,6.0,5.8,5.8
2009/11/04,5.9,6.1,5.8,6.1
2009/11/05,6.1,6.1,5.9,5.9
2009/11/06,6.0,6.1,6.0,6.0
2009/11/09,6.5,6.5,6.3,6.4
2009/11/10,6.4,6.5,6.3,6.3
2009/11/11,6.3,6.4,6.2,6.4
2009/11/12,6.4,6.5,6.3,6.3
2009/11/13,6.2,6.3,6.1,6.2
2009/11/16,6.3,6.4,6.2,6.3
2009/11/17,6.4,6.4,6.0,6.0
2009/11/18,6.1,6.1,6.0,6.0
2009/11/19,6.0,6.0,5.8,5.8
2009/11/20,5.8,5.9,5.8,5.8
2009/11/23,5.9,5.9,5.8,5.8
2009/11/24,5.8,5.9,5.7,5.7
2009/11/25,5.7,5.9,5.7,5.8
2009/11/26,5.9,5.9,5.7,5.7
2009/11/27,5.6,5.8,5.6,5.7
2009/11/30,5.6,5.7,5.6,5.6
2009/12/01,5.6,5.8,5.6,5.8
2009/12/02,5.9,6.0,5.8,5.9
2009/12/03,6.0,6.0,5.8,5.8
2009/12/04,5.8,5.9,5.8,5.8
2009/12/07,5.8,5.9,5.8,5.9
2009/12/08,5.8,5.8,5.7,5.7
2009/12/09,5.7,5.8,5.7,5.7
2009/12/10,5.7,5.8,5.5,5.6
2009/12/11,5.6,5.7,5.6,5.7
2009/12/14,5.6,5.7,5.6,5.6
2009/12/15,5.6,5.7,5.6,5.7
2009/12/16,5.6,5.6,5.6,5.6
2009/12/17,5.6,5.7,5.6,5.6
2009/12/18,5.5,5.5,5.4,5.5
2009/12/21,5.5,5.6,5.5,5.6
2009/12/22,5.7,5.8,5.6,5.8
2009/12/23,5.9,5.9,5.8,5.8
2009/12/24,5.8,5.9,5.8,5.8
2009/12/25,5.9,5.9,5.8,5.8
2009/12/28,5.8,6.0,5.8,6.0
2009/12/29,6.1,6.1,5.9,5.9
2009/12/30,6.0,6.0,5.9,5.9
2009/12/31,5.9,6.0,5.8,5.9
2010/01/04,5.9,6.0,5.9,5.9
2010/01/05,6.0,6.1,5.9,6.1
2010/01/06,6.1,6.1,6.0,6.1
2010/01/07,6.1,6.2,6.0,6.0
2010/01/08,6.0,6.1,6.0,6.1
2010/01/11,6.2,6.4,6.2,6.2
2010/01/12,6.2,6.3,6.2,6.2
2010/01/13,6.1,6.1,6.0,6.1
2010/01/14,6.1,6.1,6.0,6.0
2010/01/15,6.0,6.1,6.0,6.1
2010/01/18,5.9,6.1,5.9,6.0
2010/02/03,5.6,5.6,5.6,5.6
2010/02/04,5.4,5.5,5.4,5.4
2010/02/05,5.1,5.2,5.0,5.0
2010/02/08,4.3,4.6,4.3,4.5
2010/02/09,4.5,4.7,4.4,4.6
2010/02/10,4.8,4.9,4.8,4.9
2010/02/22,5.0,5.0,4.9,4.9
2010/02/23,4.9,5.0,4.8,4.9
2010/02/24,4.9,5.0,4.8,4.9
2010/02/25,4.9,4.9,4.7,4.7
2010/02/26,4.8,4.8,4.7,4.7
2010/03/01,4.7,5.0,4.7,5.0
2010/03/02,5.0,5.0,4.9,4.9
2010/03/03,5.0,5.1,5.0,5.0
2010/03/04,5.1,5.1,4.9,5.0
2010/03/05,5.0,5.1,5.0,5.1
2010/03/08,5.2,5.2,5.1,5.1
2010/03/09,5.1,5.1,5.1,5.1
2010/03/10,5.2,5.3,5.2,5.2
2010/03/11,5.2,5.2,5.1,5.1
2010/03/12,5.1,5.2,5.1,5.1
2010/03/15,5.1,5.1,4.9,4.9
2010/03/16,4.9,5.0,4.9,5.0
2010/03/17,5.0,5.2,5.0,5.2
2010/03/18,5.2,5.4,5.2,5.3
2010/03/19,5.3,5.4,5.2,5.4
2010/03/22,5.4,5.4,5.3,5.4
2010/03/23,5.4,5.6,5.4,5.6
2010/03/24,5.6,5.7,5.5,5.5
2010/03/25,5.5,5.5,5.3,5.4
2010/03/26,5.4,5.5,5.3,5.5
2010/03/29,5.5,5.6,5.5,5.5
2010/03/30,5.6,5.6,5.5,5.6
2010/03/31,5.5,5.6,5.5,5.6
2010/04/01,5.6,5.8,5.6,5.8
2010/04/02,5.8,5.8,5.7,5.8
2010/04/06,5.8,5.9,5.8,5.8
2010/04/07,5.9,5.9,5.7,5.8
2010/04/08,5.8,5.9,5.7,5.7
2010/04/09,5.7,5.8,5.7,5.8
2010/04/12,5.8,5.9,5.7,5.8
2010/04/13,5.8,5.8,5.6,5.6
2010/04/14,5.6,5.7,5.6,5.7
2010/04/15,5.7,5.8,5.6,5.6
2010/04/16,5.6,5.6,5.5,5.6
2010/04/19,5.5,5.5,5.3,5.4
2010/04/20,5.4,5.4,5.3,5.4
2010/04/21,5.4,5.4,5.3,5.4
2010/04/22,5.3,5.3,5.2,5.3
2010/04/23,5.4,5.5,5.4,5.5
2010/04/26,5.5,5.6,5.5,5.5
2010/04/27,5.5,5.6,5.5,5.5
2010/04/28,5.3,5.4,5.3,5.4
2010/04/29,5.4,5.4,5.4,5.4
2010/04/30,5.5,5.5,5.3,5.3
2010/05/03,5.3,5.3,5.3,5.3
2010/05/04,5.3,5.4,5.3,5.3
2010/05/05,5.2,5.2,5.2,5.2
2010/05/06,5.2,5.3,5.2,5.2
2010/05/07,5.1,5.1,5.0,5.1
2010/05/10,5.2,5.2,5.1,5.2
2010/05/11,5.3,5.4,5.2,5.2
2010/05/12,5.2,5.3,5.2,5.3
2010/05/13,5.3,5.6,5.3,5.6
2010/05/14,5.5,5.6,5.5,5.5
2010/05/17,5.4,5.4,5.3,5.3
2010/05/18,5.4,5.5,5.4,5.5
2010/05/19,5.4,5.5,5.4,5.5
2010/05/20,5.4,5.5,5.3,5.3
2010/05/21,5.1,5.1,4.9,5.0
2010/05/24,5.0,5.1,5.0,5.1
2010/05/25,5.0,5.0,4.7,4.8
2010/05/26,4.9,4.9,4.7,4.8
2010/05/27,4.8,4.9,4.7,4.9
2010/05/28,5.0,5.0,4.9,4.9
2010/05/31,4.9,5.0,4.9,5.0
2010/06/01,5.0,5.0,4.9,4.9
2010/06/02,4.9,5.0,4.9,4.9
2010/06/03,5.0,5.0,5.0,5.0
2010/06/04,5.0,5.0,5.0,5.0
2010/06/07,4.9,4.9,4.8,4.9
2010/06/08,4.8,4.9,4.8,4.9
2010/06/09,4.9,4.9,4.8,4.8
2010/06/10,4.9,4.9,4.8,4.9
2010/06/11,5.0,5.1,5.0,5.0
2010/06/14,5.1,5.3,5.1,5.2
2010/06/15,5.2,5.2,5.2,5.2
2010/06/17,5.3,5.3,5.2,5.3
2010/06/18,5.3,5.4,5.2,5.4
2010/06/21,5.4,5.5,5.4,5.4
2010/06/22,5.4,5.5,5.4,5.5
2010/06/23,5.5,5.5,5.4,5.5
2010/06/24,5.5,5.6,5.4,5.6
2010/06/25,5.6,5.7,5.5,5.5
2010/06/28,5.6,5.7,5.6,5.7
2010/06/29,5.7,5.8,5.5,5.5
2010/06/30,5.4,5.5,5.4,5.5
2010/07/01,5.5,5.5,5.4,5.4
2010/07/02,5.5,5.7,5.4,5.6
2010/07/05,5.7,5.9,5.7,5.8
2010/07/06,5.8,5.9,5.7,5.9
2010/07/07,5.9,5.9,5.7,5.7
2010/07/08,5.8,5.9,5.7,5.8
2010/07/09,5.8,5.8,5.7,5.8
2010/07/12,5.8,5.9,5.7,5.8
2010/07/13,5.9,5.9,5.8,5.9
2010/07/14,6.0,6.1,5.9,6.1
2010/07/15,6.1,6.3,6.1,6.3
2010/07/16,6.5,6.5,6.3,6.3
2010/07/19,6.2,6.4,6.2,6.4
2010/07/20,6.4,6.4,6.2,6.3
2010/07/21,6.4,6.4,6.3,6.3
2010/07/22,6.4,6.4,6.2,6.2
2010/07/23,6.3,6.4,6.2,6.3
2010/07/26,6.4,6.4,6.3,6.4
2010/07/27,6.4,6.4,6.2,6.2
2010/07/28,6.2,6.3,6.2,6.2
2010/07/29,6.2,6.2,6.1,6.2
2010/07/30,6.2,6.3,6.1,6.2
2010/08/02,6.4,6.5,6.4,6.5
2010/08/03,6.5,6.6,6.4,6.6
2010/08/04,6.7,6.7,6.6,6.6
2010/08/05,6.7,6.7,6.6,6.6
2010/08/06,6.6,6.6,6.6,6.6
2010/08/09,6.6,6.9,6.6,6.9
2010/08/10,6.9,6.9,6.8,6.8
2010/08/11,6.7,6.8,6.6,6.6
2010/08/12,6.6,6.9,6.5,6.8
2010/08/13,6.8,6.9,6.7,6.8
2010/08/16,6.8,6.8,6.7,6.8
2010/08/17,6.8,6.8,6.7,6.7
2010/08/18,6.7,6.8,6.5,6.6
2010/08/19,6.5,6.6,6.4,6.4
2010/08/20,6.4,6.5,6.4,6.5
2010/08/23,6.5,6.7,6.5,6.7
2010/08/24,6.8,6.8,6.6,6.6
2010/08/25,6.6,6.6,6.4,6.4
2010/08/26,6.4,6.5,6.1,6.2
2010/08/27,6.2,6.3,6.2,6.3
2010/08/30,6.4,6.6,6.4,6.5
2010/08/31,6.4,6.4,6.3,6.4
2010/09/01,6.5,6.5,6.4,6.4
2010/09/02,6.5,6.5,6.4,6.4
2010/09/03,6.5,6.5,6.4,6.5
2010/09/06,6.5,6.5,6.4,6.4
2010/09/07,6.5,6.5,6.4,6.5
2010/09/08,6.5,6.6,6.5,6.5
2010/09/09,6.5,6.5,6.4,6.4
2010/09/10,6.5,6.5,6.5,6.5
2010/09/13,6.5,6.8,6.5,6.8
2010/09/14,6.8,6.9,6.7,6.7
2010/09/15,6.8,6.9,6.7,6.8
2010/09/16,6.8,6.9,6.7,6.7
2010/09/17,6.9,6.9,6.7,6.7
2010/09/20,6.8,6.8,6.7,6.7
2010/09/21,6.8,6.8,6.7,6.8
2010/09/23,6.8,7.0,6.8,6.9
2010/09/24,7.0,7.0,6.9,6.9
2010/09/27,7.0,7.0,6.8,6.9
2010/09/28,6.9,6.9,6.8,6.8
2010/09/29,6.9,6.9,6.8,6.8
2010/09/30,6.8,6.9,6.8,6.8
2010/10/01,6.8,6.9,6.8,6.9
2010/10/04,7.0,7.0,6.9,7.0
2010/10/05,6.9,6.9,6.8,6.9
2010/10/06,6.9,7.0,6.9,6.9
2010/10/07,6.9,7.0,6.9,6.9
2010/10/08,6.9,6.9,6.8,6.8
2010/10/11,6.9,6.9,6.7,6.7
2010/10/12,6.7,6.7,6.6,6.7
2010/10/13,6.7,6.8,6.7,6.7
2010/10/14,6.8,6.9,6.8,6.8
2010/10/15,6.8,6.8,6.7,6.7
2010/10/18,6.7,6.7,6.5,6.5
2010/10/19,6.5,6.6,6.5,6.5
2010/10/20,6.5,6.5,6.5,6.5
2010/10/21,6.5,6.6,6.5,6.5
2010/10/22,6.5,6.5,6.5,6.5
2010/10/25,6.5,6.6,6.5,6.6
2010/10/26,6.6,6.6,6.5,6.6
2010/10/27,6.7,6.7,6.5,6.5
2010/10/28,6.6,6.6,6.5,6.6
2010/10/29,6.6,6.6,6.5,6.5
2010/11/01,6.5,6.6,6.5,6.6
2010/11/02,6.6,6.7,6.6,6.7
2010/11/03,6.7,6.7,6.6,6.6
2010/11/04,6.7,6.8,6.7,6.8
2010/11/05,6.8,6.9,6.7,6.8
2010/11/08,6.9,6.9,6.8,6.8
2010/11/09,6.8,6.8,6.7,6.8
2010/11/10,6.7,6.7,6.6,6.6
2010/11/11,6.6,6.7,6.6,6.7
2010/11/12,6.7,6.7,6.5,6.6
2010/11/15,6.6,6.6,6.4,6.5
2010/11/16,6.4,6.5,6.4,6.5
2010/11/17,6.4,6.5,6.4,6.5
2010/11/18,6.5,6.5,6.5,6.5
2010/11/19,6.6,6.6,6.5,6.5
2010/11/22,6.5,6.5,6.5,6.5
2010/11/23,6.5,6.5,6.5,6.5
2010/11/24,6.4,6.6,6.4,6.6
2010/11/25,6.6,6.6,6.5,6.6
2010/11/26,6.6,6.6,6.5,6.5
2010/11/29,6.6,6.6,6.5,6.5
2010/11/30,6.5,6.6,6.5,6.5
2010/12/01,6.5,6.8,6.5,6.8
2010/12/02,6.9,7.1,6.9,7.0
2010/12/03,7.1,7.1,6.9,6.9
2010/12/06,7.0,7.2,7.0,7.1
2010/12/07,7.1,7.2,7.0,7.1
2010/12/08,7.2,7.3,7.2,7.2
2010/12/09,7.4,7.5,7.3,7.5
2010/12/10,7.4,7.4,7.3,7.4
2010/12/13,7.5,7.5,7.4,7.4
2010/12/14,7.4,7.4,7.2,7.3
2010/12/15,7.2,7.3,7.2,7.3
2010/12/16,7.3,7.3,7.3,7.3
2010/12/17,7.3,7.5,7.3,7.4
2010/12/20,7.6,7.6,7.5,7.6
2010/12/21,7.6,7.6,7.5,7.6
2010/12/22,7.6,7.6,7.5,7.5
2010/12/23,7.6,7.6,7.5,7.6
2010/12/24,7.6,7.6,7.5,7.5
2010/12/27,7.6,7.9,7.5,7.9
2010/12/28,7.9,7.9,7.7,7.8
2010/12/29,7.8,8.4,7.8,8.3
2010/12/30,8.4,8.4,8.1,8.2
2010/12/31,8.2,8.5,8.2,8.4
2011/01/03,8.4,8.7,8.4,8.7
2011/01/04,8.7,8.9,8.5,8.5
2011/01/05,8.6,8.7,8.1,8.1
2011/01/06,8.1,8.2,7.9,8.1
2011/01/07,8.0,8.1,7.7,7.8
2011/01/10,7.8,7.9,7.7,7.9
2011/01/11,7.9,8.1,7.8,8.0
2011/01/12,8.1,8.2,8.1,8.1
2011/01/13,8.2,8.2,8.0,8.1
2011/01/14,8.2,8.5,8.2,8.3
2011/01/17,8.4,8.4,8.1,8.1
2011/01/18,8.1,8.3,8.1,8.2
2011/01/19,8.2,8.3,8.1,8.2
2011/01/20,8.2,8.3,8.2,8.2
2011/01/21,8.0,8.1,8.0,8.1
2011/01/24,8.1,8.1,8.0,8.0
2011/01/25,8.1,8.2,8.1,8.2
2011/01/26,8.3,8.3,8.1,8.1
2011/01/27,8.1,8.2,8.1,8.1
2011/01/28,8.1,8.2,8.1,8.2
2011/02/08,8.3,8.3,8.1,8.1
2011/02/09,8.2,8.3,8.1,8.2
2011/02/10,8.1,8.2,7.8,7.8
2011/02/11,7.8,7.9,7.3,7.4
2011/02/14,7.5,7.6,7.5,7.5
2011/02/15,7.5,7.5,7.3,7.4
2011/02/16,7.4,7.6,7.4,7.5
2011/02/17,7.5,7.6,7.4,7.4
2011/02/18,7.6,7.9,7.6,7.8
2011/02/21,7.8,7.8,7.6,7.7
2011/02/22,7.5,7.5,7.4,7.5
2011/02/23,7.4,7.6,7.3,7.4
2011/02/24,7.5,7.5,7.3,7.3
2011/02/25,7.4,7.5,7.2,7.4
2011/03/01,7.4,7.5,7.4,7.5
2011/03/02,7.4,7.5,7.4,7.5
2011/03/03,7.5,7.8,7.5,7.7
2011/03/04,7.9,8.0,7.8,7.8
2011/03/07,7.8,7.9,7.7,7.7
2011/03/08,7.9,7.9,7.8,7.9
2011/03/09,8.0,8.0,7.9,8.0
2011/03/10,8.1,8.1,7.9,7.9
2011/03/11,7.8,7.9,7.8,7.9
2011/03/14,7.7,7.7,7.3,7.4
2011/03/15,7.3,7.4,6.9,7.4
2011/03/16,7.4,7.5,7.3,7.5
2011/03/17,7.3,7.7,7.3,7.6
2011/03/18,7.6,7.8,7.5,7.5
2011/03/21,7.5,7.8,7.5,7.8
2011/03/22,7.9,8.1,7.8,7.9
2011/03/23,7.9,8.1,7.8,8.0
2011/03/24,8.1,8.1,8.0,8.0
2011/03/25,8.1,8.1,7.9,7.9
2011/03/28,7.9,8.0,7.8,7.8
2011/03/29,7.8,7.9,7.8,7.9
2011/03/30,7.9,8.0,7.9,8.0
2011/03/31,8.0,8.1,8.0,8.1
2011/04/01,8.1,8.1,8.0,8.1
2011/04/06,8.1,8.2,8.1,8.1
2011/04/07,8.2,8.2,8.1,8.1
2011/04/08,8.2,8.2,8.1,8.2
2011/04/11,8.2,8.2,8.1,8.1
2011/04/12,8.0,8.1,7.8,8.0
2011/04/13,7.9,8.1,7.9,8.0
2011/04/14,8.0,8.0,7.9,8.0
2011/04/15,8.0,8.0,7.7,7.7
2011/04/18,7.7,7.8,7.7,7.7
2011/04/19,7.6,7.6,7.4,7.5
2011/04/20,7.5,7.8,7.5,7.7
2011/04/21,7.8,8.1,7.8,8.1
2011/04/22,8.1,8.2,8.1,8.1
2011/04/25,8.2,8.3,8.1,8.1
2011/04/26,8.0,8.0,7.9,8.0
2011/04/27,8.0,8.2,8.0,8.2
2011/04/28,8.3,8.3,8.1,8.1
2011/04/29,8.2,8.2,8.1,8.2
2011/05/03,8.2,8.2,8.0,8.1
2011/05/04,8.1,8.1,8.0,8.1
2011/05/05,8.0,8.2,8.0,8.2
2011/05/06,8.1,8.1,8.0,8.0
2011/05/09,8.1,8.5,8.1,8.5
2011/05/10,8.5,8.6,8.4,8.5
2011/05/11,8.6,8.6,8.4,8.4
2011/05/12,8.3,8.5,8.3,8.4
2011/05/13,8.4,8.5,8.4,8.4
2011/05/16,8.4,8.5,8.2,8.3
2011/05/17,8.2,8.3,8.1,8.2
2011/05/18,8.3,8.3,8.2,8.2
2011/05/19,8.3,8.4,8.1,8.2
2011/05/20,8.2,8.3,8.0,8.0
2011/05/23,7.9,7.9,7.8,7.9
2011/05/24,7.9,8.0,7.8,8.0
2011/05/25,7.9,7.9,7.8,7.9
2011/05/26,8.0,8.1,7.9,8.0
2011/05/27,8.1,8.1,8.1,8.1
2011/05/30,8.1,8.2,8.0,8.1
2011/05/31,8.1,8.3,8.1,8.3
2011/06/01,8.2,8.4,8.2,8.3
2011/06/02,8.2,8.3,8.2,8.2
2011/06/03,8.4,8.5,8.3,8.4
2011/06/07,8.4,8.5,8.3,8.5
2011/06/08,8.5,8.5,8.4,8.4
2011/06/09,8.5,8.5,8.4,8.5
2011/06/10,8.6,8.6,8.3,8.3
2011/06/13,8.3,8.3,8.2,8.2
2011/06/14,8.2,8.3,8.2,8.3
2011/06/15,8.3,8.3,8.1,8.2
2011/06/16,8.2,8.2,8.0,8.0
2011/06/17,8.1,8.1,8.0,8.0
2011/06/20,8.0,8.1,7.9,8.0
2011/06/21,8.1,8.1,8.0,8.1
2011/06/22,8.1,8.2,8.1,8.1
2011/06/23,8.1,8.2,8.0,8.1
2011/06/24,8.2,8.4,8.1,8.2
2011/06/27,8.1,8.2,8.1,8.1
2011/06/28,8.1,8.2,8.1,8.1
2011/06/29,8.1,8.3,8.1,8.2
2011/06/30,8.2,8.3,8.2,8.3
2011/07/01,8.3,8.4,8.2,8.3
2011/07/04,8.4,8.5,8.3,8.3
2011/07/05,8.2,8.3,8.2,8.2
2011/07/06,8.3,8.3,8.1,8.2
2011/07/07,8.2,8.3,8.2,8.3
2011/07/08,8.3,8.4,8.3,8.3
2011/07/11,8.4,8.5,8.3,8.4
2011/07/12,8.3,8.4,8.2,8.2
2011/07/13,8.2,8.4,8.2,8.3
2011/07/14,8.3,8.4,8.2,8.2
2011/07/15,8.3,8.4,8.3,8.3
2011/07/18,8.3,8.5,8.3,8.4
2011/07/19,8.4,8.4,8.3,8.3
2011/07/20,8.4,8.5,8.3,8.4
2011/07/21,8.4,8.5,8.4,8.4
2011/07/22,8.5,8.5,8.4,8.5
2011/07/25,8.5,8.5,8.3,8.4
2011/07/26,8.4,8.4,8.3,8.4
2011/07/27,8.3,8.5,8.3,8.4
2011/07/28,8.3,8.5,8.3,8.3
2011/07/29,8.3,8.3,8.0,8.0
2011/08/01,8.1,8.2,8.0,8.2
2011/08/02,8.1,8.1,8.0,8.1
2011/08/03,7.9,8.0,7.8,8.0
2011/08/04,8.0,8.2,7.9,7.9
2011/08/05,7.4,7.5,7.4,7.4
2011/08/08,7.2,7.3,6.9,7.1
2011/08/09,6.6,7.0,6.6,6.9
2011/08/10,7.3,7.3,7.1,7.1
2011/08/11,7.0,7.3,6.9,7.1
2011/08/12,7.2,7.3,7.1,7.1
2011/08/15,7.2,7.3,7.2,7.3
2011/08/16,7.4,7.4,7.2,7.2
2011/08/17,7.2,7.3,7.1,7.3
2011/08/18,7.2,7.3,7.0,7.0
2011/08/19,6.7,6.8,6.7,6.7
2011/08/22,6.8,6.9,6.6,6.6
2011/08/23,6.7,6.8,6.7,6.8
2011/08/24,6.8,6.8,6.5,6.5
2011/08/25,6.7,6.7,6.4,6.4
2011/08/26,6.5,6.5,6.3,6.4
2011/08/29,6.4,6.5,6.4,6.5
2011/08/30,6.6,6.6,6.5,6.5
2011/08/31,6.5,6.8,6.5,6.8
2011/09/01,7.0,7.1,6.9,7.0
2011/09/02,7.1,7.1,6.9,7.0
2011/09/05,6.8,6.8,6.7,6.7
2011/09/06,6.6,6.7,6.5,6.5
2011/09/07,6.6,6.6,6.5,6.6
2011/09/08,6.7,6.8,6.6,6.7
2011/09/09,6.7,6.8,6.7,6.7
2011/09/13,6.6,6.6,6.4,6.4
2011/09/14,6.5,6.5,6.0,6.0
2011/09/15,6.1,6.1,6.0,6.1
2011/09/16,6.3,6.6,6.3,6.6
2011/09/19,6.5,6.5,6.3,6.3
2011/09/20,6.3,6.4,6.2,6.3
2011/09/21,6.3,6.5,6.3,6.3
2011/09/22,6.2,6.2,6.1,6.2
2011/09/23,5.9,6.1,5.8,6.0
2011/09/26,5.9,6.0,5.8,5.8
2011/09/27,6.1,6.2,6.0,6.1
2011/09/28,6.2,6.2,6.0,6.0
2011/09/29,6.0,6.1,5.9,6.1
2011/09/30,6.1,6.3,6.1,6.2
2011/10/03,6.0,6.0,5.9,5.9
2011/10/04,5.8,5.9,5.8,5.9
2011/10/05,5.9,5.9,5.8,5.8
2011/10/06,6.0,6.1,6.0,6.0
2011/10/07,6.1,6.2,6.1,6.1
2011/10/11,6.3,6.4,6.3,6.4
2011/10/12,6.2,6.3,6.2,6.3
2011/10/13,6.4,6.4,6.3,6.3
2011/10/14,6.3,6.3,6.2,6.2
2011/10/17,6.3,6.4,6.3,6.3
2011/10/18,6.3,6.3,6.1,6.2
2011/10/19,6.3,6.3,6.1,6.2
2011/10/20,6.2,6.2,6.0,6.0
2011/10/21,6.1,6.1,6.0,6.1
2011/10/24,6.3,6.4,6.3,6.4
2011/10/25,6.5,6.5,6.4,6.5
2011/10/26,6.4,6.5,6.4,6.5
2011/10/27,6.6,6.7,6.5,6.6
2011/10/28,6.9,6.9,6.7,6.7
2011/10/31,6.7,6.8,6.6,6.7
2011/11/01,6.6,6.7,6.5,6.7
2011/11/02,6.5,6.6,6.4,6.6
2011/11/03,6.6,6.6,6.4,6.4
2011/11/04,6.6,6.7,6.6,6.6
2011/11/07,6.6,6.6,6.5,6.6
2011/11/08,6.7,6.8,6.6,6.6
2011/11/09,6.7,6.7,6.6,6.6
2011/11/10,6.5,6.6,6.3,6.4
2011/11/11,6.4,6.4,6.3,6.4
2011/11/14,6.5,6.5,6.4,6.4
2011/11/15,6.4,6.4,6.4,6.4
2011/11/16,6.4,6.5,6.2,6.2
2011/11/17,6.1,6.3,6.1,6.2
2011/11/18,6.0,6.1,6.0,6.0
2011/11/21,5.9,6.0,5.8,5.9
2011/11/22,5.9,6.0,5.8,5.8
2011/11/23,5.8,5.8,5.4,5.4
2011/11/24,5.4,5.7,5.4,5.7
2011/11/25,5.7,5.7,5.6,5.6
2011/11/28,5.7,5.7,5.6,5.6
2011/11/29,5.7,5.8,5.7,5.7
2011/11/30,5.8,5.8,5.6,5.7
2011/12/01,6.0,6.0,5.9,6.0
2011/12/02,6.0,6.0,5.8,5.9
2011/12/05,5.9,5.9,5.8,5.9
2011/12/06,5.9,5.9,5.7,5.7
2011/12/07,5.7,5.8,5.7,5.8
2011/12/08,5.8,5.8,5.6,5.7
2011/12/09,5.4,5.6,5.4,5.5
2011/12/12,5.6,5.6,5.5,5.5
2011/12/13,5.4,5.5,5.4,5.4
2011/12/14,5.4,5.5,5.4,5.5
2011/12/15,5.4,5.4,5.3,5.3
2011/12/16,5.3,5.3,5.2,5.3
2011/12/19,5.2,5.2,4.9,4.9
2011/12/20,4.9,5.0,4.8,4.8
2011/12/21,5.2,5.2,5.1,5.2
2011/12/22,5.2,5.3,5.2,5.3
2011/12/23,5.4,5.6,5.4,5.6
2011/12/26,5.6,5.6,5.4,5.5
2011/12/27,5.5,5.5,5.3,5.4
2011/12/28,5.4,5.5,5.4,5.5
2011/12/29,5.4,5.4,5.3,5.4
2011/12/30,5.5,5.6,5.4,5.4
2012/01/02,5.4,5.4,5.3,5.3
2012/01/03,5.3,5.4,5.3,5.4
2012/01/04,5.4,5.5,5.3,5.4
2012/01/05,5.3,5.4,5.3,5.4
2012/01/06,5.4,5.4,5.3,5.3
2012/01/09,5.3,5.3,5.2,5.2
2012/01/10,5.3,5.3,5.3,5.3
2012/01/11,5.3,5.4,5.3,5.3
2012/01/12,5.3,5.4,5.3,5.3
2012/01/13,5.4,5.4,5.3,5.3
2012/01/16,5.4,5.4,5.2,5.2
2012/01/17,5.3,5.3,5.2,5.3
2012/01/18,5.3,5.3,5.2,5.3
2012/01/30,5.4,5.4,5.3,5.4
2012/01/31,5.4,5.7,5.4,5.7
2012/02/01,5.7,5.8,5.6,5.8
2012/02/02,5.9,5.9,5.8,5.9
2012/02/03,5.9,6.1,5.9,6.1
2012/02/06,6.4,6.4,6.2,6.2
2012/02/07,6.3,6.4,6.1,6.3
2012/02/08,6.4,6.4,6.3,6.4
2012/02/09,6.4,6.4,6.3,6.4
2012/02/10,6.4,6.5,6.3,6.4
2012/02/13,6.4,6.5,6.4,6.5
2012/02/14,6.5,6.5,6.3,6.3
2012/02/15,6.4,6.4,6.3,6.4
2012/02/16,6.3,6.4,6.1,6.2
2012/02/17,6.3,6.3,6.2,6.2
2012/02/20,6.3,6.3,6.2,6.2
2012/02/21,6.2,6.2,6.0,6.1
2012/02/22,6.0,6.1,5.9,6.1
2012/02/23,6.0,6.1,6.0,6.1
2012/02/24,6.1,6.1,6.0,6.1
2012/02/29,6.1,6.3,6.1,6.2
2012/03/01,6.2,6.2,6.1,6.1
2012/03/02,6.2,6.2,6.1,6.2
2012/03/05,6.1,6.1,6.0,6.0
2012/03/06,6.0,6.1,5.9,6.0
2012/03/07,6.0,6.1,5.9,6.1
2012/03/08,6.2,6.3,6.1,6.2
2012/03/09,6.2,6.2,6.1,6.2
2012/03/12,6.2,6.3,6.1,6.1
2012/03/13,6.2,6.4,6.2,6.2
2012/03/14,6.4,6.4,6.3,6.3
2012/03/15,6.4,6.6,6.4,6.4
2012/03/16,6.4,6.4,6.3,6.4
2012/03/19,6.5,6.5,6.3,6.4
2012/03/20,6.4,6.4,6.3,6.3
2012/03/21,6.3,6.4,6.3,6.3
2012/03/22,6.4,6.4,6.3,6.4
2012/03/23,6.4,6.4,6.3,6.4
2012/03/26,6.4,6.4,6.2,6.3
2012/03/27,6.3,6.3,6.2,6.3
2012/03/28,6.3,6.3,6.2,6.2
2012/03/29,6.1,6.2,6.0,6.0
2012/03/30,6.0,6.1,6.0,6.1
2012/04/02,6.1,6.1,6.1,6.1
2012/04/03,6.1,6.1,5.9,5.9
2012/04/05,5.8,5.8,5.7,5.8
2012/04/06,5.8,5.8,5.8,5.8
2012/04/09,5.7,5.8,5.6,5.7
2012/04/10,5.8,5.9,5.8,5.9
2012/04/11,5.8,5.9,5.8,5.8
2012/04/12,5.8,5.9,5.8,5.8
2012/04/13,5.9,6.0,5.9,5.9
2012/04/16,5.8,5.9,5.8,5.8
2012/04/17,5.9,5.9,5.7,5.7
2012/04/18,5.8,5.8,5.7,5.8
2012/04/19,5.7,5.8,5.7,5.8
2012/04/20,5.8,5.9,5.8,5.8
2012/04/23,5.8,5.9,5.8,5.9
2012/04/24,5.8,5.9,5.8,5.8
2012/04/25,5.9,5.9,5.8,5.9
2012/04/26,5.9,5.9,5.8,5.8
2012/04/27,5.8,5.9,5.7,5.8
2012/04/30,5.8,5.9,5.8,5.9
2012/05/02,5.8,6.0,5.8,6.0
2012/05/03,6.0,6.0,6.0,6.0
2012/05/04,6.0,6.1,6.0,6.0
2012/05/07,6.0,6.0,5.9,5.9
2012/05/08,6.0,6.0,5.9,5.9
2012/05/09,5.9,5.9,5.8,5.9
2012/05/10,5.8,5.9,5.8,5.9
2012/05/11,5.8,5.8,5.7,5.8
2012/05/14,5.8,5.8,5.7,5.8
2012/05/15,5.7,5.8,5.7,5.8
2012/05/16,5.8,5.8,5.6,5.7
2012/05/17,5.7,5.8,5.7,5.8
2012/05/18,5.7,5.7,5.7,5.7
2012/05/21,5.7,5.8,5.7,5.8
2012/05/22,5.8,5.8,5.7,5.8
2012/05/23,5.7,5.7,5.6,5.7
2012/05/24,5.7,5.7,5.6,5.6
2012/05/25,5.6,5.7,5.6,5.7
2012/05/28,5.7,5.7,5.6,5.7
2012/05/29,5.7,5.9,5.7,5.9
2012/05/30,5.9,5.9,5.8,5.9
2012/05/31,5.8,5.8,5.7,5.8
2012/06/01,5.8,5.8,5.7,5.7
2012/06/04,5.6,5.6,5.3,5.3
2012/06/05,5.4,5.6,5.4,5.5
2012/06/06,5.6,5.6,5.5,5.6
2012/06/07,5.7,5.7,5.7,5.7
2012/06/08,5.7,5.8,5.7,5.7
2012/06/11,5.8,5.8,5.8,5.8
2012/06/12,5.8,5.8,5.7,5.8
2012/06/13,5.8,5.8,5.8,5.8
2012/06/14,5.8,5.8,5.8,5.8
2012/06/15,5.8,5.9,5.8,5.9
2012/06/18,6.0,6.0,5.9,6.0
2012/06/19,5.9,5.9,5.9,5.9
2012/06/20,5.9,6.0,5.9,6.0
2012/06/21,5.9,5.9,5.8,5.8
2012/06/22,5.8,5.8,5.7,5.8
2012/06/25,5.9,5.9,5.8,5.8
2012/06/26,5.8,5.8,5.8,5.8
2012/06/27,5.8,5.9,5.8,5.9
2012/06/28,5.9,5.9,5.8,5.8
2012/06/29,5.8,5.9,5.8,5.9
2012/07/02,6.0,6.0,6.0,6.0
2012/07/03,6.0,6.1,6.0,6.1
2012/07/04,6.1,6.2,6.1,6.1
2012/07/05,6.0,6.1,5.9,5.9
2012/07/06,5.9,6.0,5.8,5.9
2012/07/09,5.8,5.9,5.8,5.9
2012/07/10,5.9,5.9,5.8,5.9
2012/07/11,5.9,5.9,5.8,5.9
2012/07/12,6.0,6.0,5.9,5.9
2012/07/13,5.9,5.9,5.9,5.9
2012/07/16,5.9,5.9,5.9,5.9
2012/07/17,5.9,6.0,5.9,6.0
2012/07/18,6.0,6.0,5.9,5.9
2012/07/19,6.0,6.0,5.9,5.9
2012/07/20,6.0,6.0,5.9,6.0
2012/07/23,6.0,6.0,5.9,6.0
2012/07/24,5.9,6.0,5.9,6.0
2012/07/25,6.0,6.1,5.9,6.0
2012/07/26,6.1,6.2,6.0,6.1
2012/07/27,6.2,6.2,6.2,6.2
2012/07/30,6.3,6.3,6.2,6.3
2012/07/31,6.3,6.3,6.3,6.3
2012/08/01,6.3,6.4,6.3,6.3
2012/08/03,6.3,6.3,6.1,6.1
2012/08/06,6.2,6.3,6.2,6.2
2012/08/07,6.3,6.3,6.2,6.2
2012/08/08,6.3,6.4,6.3,6.4
2012/08/09,6.4,6.5,6.3,6.4
2012/08/10,6.5,6.5,6.4,6.4
2012/08/13,6.4,6.4,6.3,6.3
2012/08/14,6.3,6.4,6.3,6.3
2012/08/15,6.3,6.4,6.3,6.4
2012/08/16,6.4,6.4,6.4,6.4
2012/08/17,6.4,6.4,6.3,6.4
2012/08/20,6.4,6.4,6.3,6.3
2012/08/21,6.3,6.5,6.3,6.4
2012/08/22,6.5,6.5,6.4,6.4
2012/08/23,6.4,6.4,6.4,6.4
2012/08/24,6.4,6.4,6.3,6.3
2012/08/27,6.4,6.4,6.3,6.4
2012/08/28,6.4,6.4,6.3,6.3
2012/08/29,6.4,6.4,6.3,6.4
2012/08/30,6.4,6.4,6.3,6.4
2012/08/31,6.4,6.5,6.4,6.5
2012/09/03,6.5,6.5,6.5,6.5
2012/09/04,6.5,6.5,6.4,6.4
2012/09/05,6.4,6.4,6.4,6.4
2012/09/06,6.4,6.4,6.4,6.4
2012/09/07,6.4,6.5,6.4,6.4
2012/09/10,6.4,6.4,6.4,6.4
2012/09/11,6.4,6.4,6.4,6.4
2012/09/12,6.4,6.5,6.4,6.4
2012/09/13,6.4,6.4,6.4,6.4
2012/09/14,6.4,6.6,6.4,6.5
2012/09/17,6.6,6.6,6.5,6.5
2012/09/18,6.5,6.5,6.4,6.4
2012/09/19,6.4,6.5,6.4,6.5
2012/09/20,6.5,6.5,6.4,6.4
2012/09/21,6.4,6.5,6.4,6.5
2012/09/24,6.5,6.5,6.4,6.5
2012/09/25,6.5,6.5,6.4,6.5
2012/09/26,6.4,6.4,6.4,6.4
2012/09/27,6.4,6.4,6.4,6.4
2012/09/28,6.4,6.4,6.4,6.4
2012/10/01,6.4,6.4,6.3,6.3
2012/10/02,6.4,6.4,6.3,6.3
2012/10/03,6.3,6.4,6.3,6.3
2012/10/04,6.3,6.3,6.2,6.3
2012/10/05,6.3,6.4,6.2,6.3
2012/10/08,6.3,6.3,6.2,6.2
2012/10/09,6.3,6.3,6.2,6.3
2012/10/11,6.2,6.2,6.1,6.1
2012/10/12,6.1,6.2,6.1,6.1
2012/10/15,6.1,6.2,6.1,6.1
2012/10/16,6.1,6.2,6.1,6.2
2012/10/17,6.2,6.3,6.2,6.2
2012/10/18,6.2,6.2,6.2,6.2
2012/10/19,6.2,6.2,6.1,6.1
2012/10/22,6.1,6.2,6.1,6.1
2012/10/23,6.1,6.2,6.1,6.1
2012/10/24,6.1,6.1,6.0,6.1
2012/10/25,6.1,6.1,6.0,6.0
2012/10/26,6.1,6.1,5.9,5.9
2012/10/29,5.9,5.9,5.9,5.9
2012/10/30,5.9,5.9,5.9,5.9
2012/10/31,5.9,5.9,5.8,5.9
2012/11/01,5.9,5.9,5.8,5.9
2012/11/02,5.9,6.0,5.9,6.0
2012/11/05,6.0,6.0,5.9,5.9
2012/11/06,5.9,6.0,5.9,6.0
2012/11/07,6.0,6.1,6.0,6.1
2012/11/08,6.0,6.1,6.0,6.0
2012/11/09,6.0,6.1,5.9,6.0
2012/11/12,6.0,6.1,6.0,6.0
2012/11/13,6.0,6.0,5.9,5.9
2012/11/14,5.9,6.0,5.9,5.9
2012/11/15,5.9,5.9,5.9,5.9
2012/11/16,5.9,6.0,5.9,5.9
2012/11/19,6.0,6.0,5.9,5.9
2012/11/20,6.0,6.0,5.9,5.9
2012/11/21,5.9,6.0,5.9,5.9
2012/11/22,5.9,5.9,5.9,5.9
2012/11/23,5.9,6.1,5.9,6.1
2012/11/26,6.1,6.1,6.0,6.1
2012/11/27,6.1,6.1,6.0,6.1
2012/11/28,6.1,6.1,6.0,6.1
2012/11/29,6.1,6.1,6.1,6.1
2012/11/30,6.1,6.2,6.1,6.2
2012/12/03,6.3,6.3,6.2,6.2
2012/12/04,6.2,6.3,6.2,6.3
2012/12/05,6.3,6.4,6.2,6.3
2012/12/06,6.3,6.4,6.2,6.3
2012/12/07,6.4,6.4,6.3,6.4
2012/12/10,6.4,6.4,6.3,6.3
2012/12/11,6.3,6.3,6.3,6.3
2012/12/12,6.4,6.5,6.4,6.4
2012/12/13,6.5,6.5,6.4,6.5
2012/12/14,6.4,6.5,6.4,6.5
2012/12/17,6.5,6.6,6.4,6.6
2012/12/18,6.6,6.6,6.5,6.5
2012/12/19,6.5,6.6,6.5,6.5
2012/12/20,6.5,6.5,6.4,6.4
2012/12/21,6.4,6.4,6.3,6.4
2012/12/24,6.4,6.4,6.4,6.4
2012/12/25,6.4,6.5,6.4,6.5
2012/12/26,6.5,6.5,6.4,6.4
2012/12/27,6.4,6.5,6.4,6.4
2012/12/28,6.5,6.6,6.5,6.5
2013/01/02,6.6,6.6,6.5,6.6
2013/01/03,6.6,6.6,6.5,6.6
2013/01/04,6.6,6.6,6.5,6.5
2013/01/07,6.5,6.6,6.5,6.6
2013/01/08,6.6,6.6,6.5,6.5
2013/01/09,6.5,6.6,6.5,6.6
2013/01/10,6.6,6.7,6.6,6.7
2013/01/11,6.8,6.8,6.7,6.7
2013/01/14,6.7,6.7,6.6,6.7
2013/01/15,6.7,6.7,6.6,6.6
2013/01/16,6.6,6.6,6.5,6.5
2013/01/17,6.6,6.6,6.4,6.4
2013/01/18,6.5,6.6,6.5,6.6
2013/01/21,6.6,6.6,6.5,6.6
2013/01/22,6.6,6.6,6.5,6.6
2013/01/23,6.6,6.6,6.6,6.6
2013/01/24,6.5,6.6,6.5,6.5
2013/01/25,6.6,6.6,6.5,6.5
2013/01/28,6.5,6.6,6.5,6.5
2013/01/29,6.6,6.6,6.5,6.6
2013/01/30,6.6,6.6,6.5,6.6
2013/01/31,6.6,6.6,6.5,6.6
2013/02/01,6.6,6.6,6.6,6.6
2013/02/04,6.7,6.8,6.7,6.8
2013/02/05,6.8,6.8,6.7,6.8
2013/02/06,6.8,6.9,6.8,6.8
2013/02/18,7.0,7.0,6.8,6.9
2013/02/19,7.0,7.0,6.9,6.9
2013/02/20,7.4,7.4,7.1,7.2
2013/02/21,7.1,7.1,6.9,6.9
2013/02/22,6.9,7.0,6.9,7.0
2013/02/25,7.0,7.0,6.9,6.9
2013/02/26,6.8,6.8,6.8,6.8
2013/02/27,6.8,6.8,6.8,6.8
2013/03/01,6.9,6.9,6.8,6.8
2013/03/04,6.9,6.9,6.7,6.8
2013/03/05,6.8,6.9,6.8,6.9
2013/03/06,6.9,7.0,6.8,6.8
2013/03/07,6.8,7.0,6.8,6.9
2013/03/08,7.0,7.1,7.0,7.0
2013/03/11,7.0,7.1,7.0,7.1
2013/03/12,7.1,7.1,6.9,7.0
2013/03/13,7.0,7.1,7.0,7.0
2013/03/14,7.0,7.1,7.0,7.0
2013/03/15,7.0,7.1,6.9,6.9
2013/03/18,6.9,6.9,6.9,6.9
2013/03/19,7.0,7.0,6.9,6.9
2013/03/20,7.0,7.1,6.9,7.0
2013/03/21,7.0,7.0,6.9,6.9
2013/03/22,7.0,7.0,6.9,6.9
2013/03/25,7.0,7.0,7.0,7.0
2013/03/26,7.0,7.0,7.0,7.0
2013/03/27,7.0,7.0,7.0,7.0
2013/03/28,7.0,7.0,7.0,7.0
2013/03/29,7.1,7.1,7.0,7.1
2013/04/01,7.1,7.1,7.0,7.1
2013/04/02,7.0,7.1,7.0,7.0
2013/04/03,7.1,7.1,7.0,7.1
2013/04/08,7.0,7.0,6.9,6.9
2013/04/09,7.0,7.0,6.9,7.0
2013/04/10,7.0,7.2,7.0,7.1
2013/04/11,7.2,7.2,7.2,7.2
2013/04/12,7.2,7.2,7.1,7.2
2013/04/15,7.2,7.2,7.0,7.1
2013/04/16,7.0,7.2,7.0,7.1
2013/04/17,7.1,7.1,7.0,7.1
2013/04/18,7.0,7.1,7.0,7.0
2013/04/19,7.0,7.1,7.0,7.1
2013/04/22,7.1,7.1,7.1,7.1
2013/04/23,7.1,7.1,7.0,7.1
2013/04/24,7.1,7.2,7.1,7.2
2013/04/25,7.2,7.2,7.1,7.2
2013/04/26,7.2,7.2,7.2,7.2
2013/04/29,7.2,7.2,7.2,7.2
2013/04/30,7.2,7.2,7.2,7.2
2013/05/02,7.2,7.3,7.2,7.3
2013/05/03,7.3,7.3,7.3,7.3
2013/05/06,7.4,7.4,7.3,7.3
2013/05/07,7.3,7.3,7.3,7.3
2013/05/08,7.4,7.5,7.4,7.4
2013/05/09,7.5,7.5,7.4,7.5
2013/05/10,7.5,7.6,7.5,7.6
2013/05/13,7.6,7.7,7.6,7.7
2013/05/14,7.7,7.7,7.6,7.7
2013/05/15,7.7,7.7,7.6,7.7
2013/05/16,7.7,7.7,7.6,7.7
2013/05/17,7.7,7.7,7.5,7.6
2013/05/20,7.6,7.7,7.6,7.7
2013/05/21,7.7,7.7,7.6,7.6
2013/05/22,7.7,7.7,7.6,7.7
2013/05/23,7.6,7.7,7.5,7.5
2013/05/24,7.5,7.5,7.3,7.4
2013/05/27,7.4,7.5,7.4,7.5
2013/05/28,7.5,7.5,7.4,7.5
2013/05/29,7.5,7.5,7.5,7.5
2013/05/30,7.5,7.5,7.3,7.4
2013/05/31,7.4,7.5,7.3,7.3
2013/06/03,7.2,7.4,7.2,7.4
2013/06/04,7.4,7.4,7.3,7.4
2013/06/05,7.3,7.4,7.3,7.4
2013/06/06,7.3,7.3,7.3,7.3
2013/06/07,7.3,7.4,7.3,7.3
2013/06/10,7.4,7.5,7.4,7.5
2013/06/11,7.5,7.5,7.5,7.5
2013/06/13,7.4,7.4,7.4,7.4
2013/06/14,7.4,7.4,7.3,7.3
2013/06/17,7.4,7.4,7.4,7.4
2013/06/18,7.4,7.5,7.4,7.4
2013/06/19,7.4,7.5,7.4,7.4
2013/06/20,7.4,7.4,7.3,7.4
2013/06/21,7.3,7.3,7.2,7.2
2013/06/24,7.2,7.3,7.2,7.2
2013/06/25,7.2,7.3,7.1,7.1
2013/06/26,7.2,7.3,7.2,7.2
2013/06/27,7.3,7.4,7.3,7.4
2013/06/28,7.4,7.5,7.4,7.5
2013/07/01,7.5,7.6,7.5,7.5
2013/07/02,7.5,7.5,7.4,7.4
2013/07/03,7.4,7.5,7.4,7.4
2013/07/04,7.4,7.4,7.3,7.4
2013/07/05,7.4,7.5,7.4,7.4
2013/07/08,7.5,7.5,7.4,7.5
2013/07/09,7.5,7.5,7.4,7.5
2013/07/10,7.5,7.6,7.5,7.5
2013/07/11,7.6,7.6,7.5,7.6
2013/07/12,7.6,7.7,7.6,7.6
2013/07/15,7.6,7.7,7.6,7.7
2013/07/16,7.7,7.7,7.6,7.7
2013/07/17,7.7,7.7,7.6,7.7
2013/07/18,7.7,7.7,7.7,7.7
2013/07/19,7.7,7.8,7.7,7.7
2013/07/22,7.7,7.8,7.7,7.7
2013/07/23,7.7,7.8,7.7,7.8
2013/07/24,7.8,7.8,7.7,7.7
2013/07/25,7.7,7.8,7.7,7.7
2013/07/26,7.7,7.8,7.7,7.8
2013/07/29,7.8,7.8,7.7,7.7
2013/07/30,7.7,7.9,7.7,7.8
2013/07/31,7.8,7.9,7.8,7.9
2013/08/01,7.9,7.9,7.8,7.8
2013/08/02,7.9,7.9,7.8,7.9
2013/08/05,7.9,7.9,7.7,7.8
2013/08/06,7.8,7.8,7.7,7.7
2013/08/07,7.6,7.6,7.5,7.5
2013/08/08,7.5,7.6,7.5,7.6
2013/08/09,7.6,7.6,7.5,7.6
2013/08/12,7.6,7.8,7.6,7.8
2013/08/13,7.8,7.9,7.7,7.8
2013/08/14,7.8,7.8,7.7,7.7
2013/08/15,7.7,7.7,7.7,7.7
2013/08/16,7.6,7.7,7.6,7.7
2013/08/19,7.7,7.9,7.7,7.9
2013/08/20,7.9,7.9,7.8,7.8
2013/08/22,7.7,7.9,7.7,7.8
2013/08/23,7.9,7.9,7.8,7.8
2013/08/26,7.8,7.9,7.8,7.8
2013/08/27,7.8,7.9,7.8,7.8
2013/08/28,7.8,7.9,7.8,7.8
2013/08/29,7.8,7.9,7.8,7.9
2013/08/30,7.9,7.9,7.8,7.9
2013/09/02,7.9,8.0,7.9,8.0
2013/09/03,8.0,8.1,8.0,8.1
2013/09/04,8.1,8.1,8.0,8.1
2013/09/05,8.1,8.1,8.1,8.1
2013/09/06,8.1,8.2,8.1,8.2
2013/09/09,8.2,8.3,8.1,8.3
2013/09/10,8.3,8.3,8.2,8.3
2013/09/11,8.3,8.4,8.2,8.4
2013/09/12,8.4,8.6,8.4,8.6
2013/09/13,8.6,8.6,8.4,8.4
2013/09/16,8.4,8.4,8.4,8.4
2013/09/17,8.4,8.5,8.3,8.5
2013/09/18,8.5,8.6,8.5,8.5
2013/09/23,8.5,8.6,8.5,8.6
2013/09/24,8.6,8.6,8.4,8.5
2013/09/25,8.5,8.5,8.4,8.5
2013/09/26,8.5,8.5,8.4,8.4
2013/09/27,8.4,8.5,8.4,8.5
2013/09/30,8.4,8.5,8.4,8.4
2013/10/01,8.4,8.5,8.4,8.5
2013/10/02,8.5,8.5,8.4,8.4
2013/10/03,8.5,8.6,8.5,8.6
2013/10/04,8.6,8.6,8.6,8.6
2013/10/07,8.6,8.8,8.6,8.8
2013/10/08,8.8,9.0,8.8,9.0
2013/10/09,8.9,9.0,8.9,9.0
2013/10/11,9.1,9.2,9.1,9.1
2013/10/14,9.1,9.1,9.0,9.1
2013/10/15,9.1,9.1,9.0,9.1
2013/10/16,9.1,9.1,9.0,9.0
2013/10/17,9.1,9.1,9.0,9.0
2013/10/18,9.0,9.1,9.0,9.1
2013/10/21,9.0,9.1,9.0,9.1
2013/10/22,9.1,9.1,9.0,9.1
2013/10/23,9.1,9.1,9.0,9.0
2013/10/24,9.1,9.1,9.0,9.1
2013/10/25,9.1,9.1,8.9,8.9
2013/10/28,8.9,9.1,8.9,9.1
2013/10/29,9.1,9.1,9.0,9.1
2013/10/30,9.1,9.1,9.0,9.1
2013/10/31,9.0,9.1,9.0,9.1
2013/11/01,9.1,9.2,9.0,9.1
2013/11/04,9.0,9.0,8.9,8.9
2013/11/05,9.0,9.0,8.9,8.9
2013/11/06,8.9,8.9,8.8,8.8
2013/11/07,8.8,8.9,8.7,8.7
2013/11/08,8.7,8.8,8.7,8.8
2013/11/11,8.8,9.0,8.8,9.0
2013/11/12,9.0,9.0,8.9,8.9
2013/11/13,8.9,8.9,8.8,8.9
2013/11/14,8.9,8.9,8.8,8.8
2013/11/15,8.9,8.9,8.8,8.9
2013/11/18,9.0,9.0,8.9,9.0
2013/11/19,9.0,9.1,9.0,9.1
2013/11/20,9.1,9.2,9.1,9.2
2013/11/21,9.2,9.2,9.1,9.1
2013/11/22,9.1,9.1,9.1,9.1
2013/11/25,9.2,9.2,8.9,9.0
2013/11/26,8.9,9.0,8.9,8.9
2013/11/27,8.9,9.0,8.9,9.0
2013/11/28,9.0,9.1,9.0,9.1
2013/11/29,9.1,9.1,9.0,9.0
2013/12/02,9.0,9.0,8.9,9.0
2013/12/03,8.9,9.0,8.9,8.9
2013/12/04,8.9,9.0,8.9,9.0
2013/12/05,9.0,9.0,8.9,8.9
2013/12/06,8.9,9.0,8.9,8.9
2013/12/09,9.0,9.0,8.9,9.0
2013/12/10,9.0,9.0,8.9,9.0
2013/12/11,9.0,9.1,9.0,9.0
2013/12/12,9.0,9.0,8.9,8.9
2013/12/13,8.9,9.0,8.9,8.9
2013/12/16,8.9,8.9,8.9,8.9
2013/12/17,8.9,8.9,8.9,8.9
2013/12/18,8.9,8.9,8.8,8.8
2013/12/19,8.9,8.9,8.8,8.9
2013/12/20,8.9,8.9,8.8,8.8
2013/12/23,8.8,8.9,8.8,8.9
2013/12/24,8.9,8.9,8.8,8.8
2013/12/25,8.8,8.9,8.8,8.8
2013/12/26,8.9,8.9,8.8,8.9
2013/12/27,8.9,9.0,8.9,9.0
2013/12/30,9.0,9.0,9.0,9.0
2013/12/31,9.0,9.1,9.0,9.0
2014/01/02,9.0,9.1,9.0,9.1
2014/01/03,9.0,9.0,8.9,8.9
2014/01/06,8.9,9.0,8.9,8.9
2014/01/07,8.9,8.9,8.8,8.9
2014/01/08,8.9,9.0,8.9,8.9
2014/01/09,8.9,9.0,8.9,9.0
2014/01/10,9.0,9.0,8.9,9.0
2014/01/13,9.1,9.1,9.0,9.0
2014/01/14,9.0,9.0,9.0,9.0
2014/01/15,9.0,9.0,9.0,9.0
2014/01/16,9.0,9.0,8.9,8.9
2014/01/17,8.9,9.0,8.9,9.0
2014/01/20,9.0,9.0,8.9,9.0
2014/01/21,9.0,9.0,8.9,8.9
2014/01/22,8.9,9.0,8.9,9.0
2014/01/23,9.0,9.0,8.9,8.9
2014/01/24,8.9,9.0,8.9,9.0
2014/01/27,8.9,8.9,8.8,8.8
2014/02/05,8.7,8.8,8.6,8.7
2014/02/06,8.7,8.7,8.6,8.7
2014/02/07,8.7,8.8,8.7,8.7
2014/02/10,8.7,8.8,8.7,8.7
2014/02/11,8.8,8.9,8.8,8.8
2014/02/12,8.9,8.9,8.9,8.9
2014/02/13,8.9,8.9,8.8,8.8
2014/02/14,8.9,8.9,8.9,8.9
2014/02/17,8.9,9.0,8.9,8.9
2014/02/18,8.9,9.0,8.9,9.0
2014/02/19,9.0,9.0,8.9,9.0
2014/02/20,8.9,9.0,8.9,9.0
2014/02/21,9.0,9.1,9.0,9.0
2014/02/24,9.0,9.0,8.8,8.9
2014/02/25,8.9,8.9,8.8,8.8
2014/02/26,8.8,8.9,8.8,8.8
2014/02/27,8.8,8.8,8.8,8.8
2014/03/03,8.8,8.8,8.7,8.8
2014/03/04,8.7,8.8,8.7,8.7
2014/03/05,8.7,8.8,8.7,8.7
2014/03/06,8.7,8.8,8.7,8.8
2014/03/07,8.8,8.8,8.7,8.8
2014/03/10,8.8,8.8,8.7,8.8
2014/03/11,8.8,8.8,8.7,8.7
2014/03/12,8.7,8.7,8.6,8.7
2014/03/13,8.7,8.7,8.6,8.6
2014/03/14,8.6,8.6,8.5,8.6
2014/03/17,8.6,8.6,8.6,8.6
2014/03/18,8.6,8.7,8.6,8.6
2014/03/19,8.7,8.7,8.6,8.6
2014/03/20,8.6,8.6,8.5,8.5
2014/03/21,8.5,8.5,8.5,8.5
2014/03/24,8.4,8.5,8.4,8.5
2014/03/25,8.4,8.5,8.4,8.4
2014/03/26,8.5,8.5,8.5,8.5
2014/03/27,8.5,8.6,8.5,8.5
2014/03/28,8.5,8.6,8.5,8.6
2014/03/31,8.6,8.6,8.5,8.6
2014/04/01,8.5,8.6,8.5,8.6
2014/04/02,8.6,8.6,8.5,8.5
2014/04/03,8.5,8.6,8.5,8.6
2014/04/07,8.5,8.5,8.5,8.5
2014/04/08,8.5,8.7,8.5,8.7
2014/04/09,8.7,8.7,8.6,8.7
2014/04/10,8.7,8.8,8.7,8.8
2014/04/11,8.7,8.8,8.7,8.8
2014/04/14,8.8,8.8,8.7,8.7
2014/04/15,8.8,8.8,8.7,8.7
2014/04/16,8.7,8.7,8.6,8.6
2014/04/17,8.6,8.6,8.6,8.6
2014/04/18,8.6,8.6,8.6,8.6
2014/04/21,8.6,8.6,8.6,8.6
2014/04/22,8.6,8.6,8.5,8.6
2014/04/23,8.6,8.6,8.5,8.5
2014/04/24,8.5,8.5,8.5,8.5
2014/04/25,8.5,8.7,8.5,8.5
2014/04/28,8.5,8.6,8.5,8.6
2014/04/29,8.6,8.7,8.6,8.6
2014/04/30,8.6,8.7,8.5,8.5
2014/05/02,8.5,8.6,8.5,8.6
2014/05/05,8.7,8.7,8.6,8.6
2014/05/06,8.7,8.8,8.6,8.8
2014/05/07,8.7,8.8,8.7,8.8
2014/05/08,8.8,8.8,8.7,8.8
2014/05/09,8.8,8.8,8.7,8.7
2014/05/12,8.8,8.8,8.7,8.8
2014/05/13,8.8,8.8,8.8,8.8
2014/05/14,8.8,8.8,8.7,8.8
2014/05/15,8.8,8.9,8.8,8.9
2014/05/16,8.9,9.0,8.9,9.0
2014/05/19,9.0,9.0,8.9,9.0
2014/05/20,9.0,9.0,8.9,8.9
2014/05/21,8.9,8.9,8.8,8.9
2014/05/22,8.9,8.9,8.9,8.9
2014/05/23,8.9,9.0,8.9,9.0
2014/05/26,9.0,9.0,8.9,9.0
2014/05/27,9.0,9.0,8.9,9.0
2014/05/28,9.0,9.1,9.0,9.1
2014/05/29,9.1,9.1,9.1,9.1
2014/05/30,9.1,9.3,9.1,9.3
2014/06/03,9.2,9.2,9.1,9.2
2014/06/04,9.2,9.2,9.1,9.1
2014/06/05,9.1,9.2,9.1,9.2
2014/06/06,9.2,9.2,9.1,9.2
2014/06/09,9.2,9.2,9.2,9.2
2014/06/10,9.3,9.3,9.2,9.3
2014/06/11,9.3,9.4,9.3,9.4
2014/06/12,9.4,9.4,9.3,9.4
2014/06/13,9.3,9.5,9.3,9.5
2014/06/16,9.5,9.6,9.4,9.5
2014/06/17,9.5,9.6,9.5,9.6
2014/06/18,9.6,9.7,9.5,9.6
2014/06/19,9.6,9.6,9.6,9.6
2014/06/20,9.6,9.6,9.5,9.6
2014/06/23,9.5,9.6,9.5,9.5
2014/06/24,9.5,9.5,9.4,9.5
2014/06/25,9.5,9.5,9.4,9.5
2014/06/26,9.5,9.6,9.5,9.6
2014/06/27,9.6,9.6,9.5,9.5
2014/06/30,9.5,9.5,9.5,9.5
2014/07/01,9.5,9.6,9.5,9.6
2014/07/02,9.6,9.6,9.5,9.6
2014/07/03,9.5,9.6,9.5,9.5
2014/07/04,9.5,9.6,9.5,9.5
2014/07/07,9.5,9.6,9.5,9.5
2014/07/08,9.6,9.6,9.5,9.6
2014/07/09,9.6,9.8,9.6,9.7
2014/07/10,9.8,9.9,9.8,9.9
2014/07/11,9.9,9.9,9.7,9.7
2014/07/14,9.7,9.8,9.7,9.7
2014/07/15,9.8,9.9,9.8,9.9
2014/07/16,9.9,9.9,9.8,9.9
2014/07/17,9.8,9.9,9.8,9.9
2014/07/18,9.8,9.9,9.8,9.8
2014/07/21,9.9,9.9,9.9,9.9
2014/07/22,9.9,10.0,9.9,10.0
2014/07/24,10.0,10.0,9.9,10.0
2014/07/25,10.0,10.1,9.9,10.0
2014/07/28,10.0,10.2,10.0,10.2
2014/07/29,10.2,10.3,10.0,10.1
2014/07/30,10.1,10.2,10.1,10.2
2014/07/31,10.2,10.2,10.0,10.0
2014/08/01,9.9,9.9,9.8,9.9
2014/08/04,9.9,10.0,9.8,10.0
2014/08/05,10.0,10.0,9.8,9.8
2014/08/06,9.7,9.9,9.7,9.9
2014/08/07,9.9,9.9,9.8,9.9
2014/08/08,9.9,9.9,9.8,9.9
2014/08/11,9.9,10.0,9.9,9.9
2014/08/12,10.0,10.0,9.9,10.0
2014/08/13,10.0,10.1,10.0,10.1
2014/08/14,10.1,10.1,9.9,9.9
2014/08/15,9.9,9.9,9.9,9.9
2014/08/18,9.9,9.9,9.8,9.9
2014/08/19,9.7,10.1,9.7,10.0
2014/08/20,10.1,10.2,10.0,10.2
2014/08/21,10.2,10.2,10.1,10.1
2014/08/22,10.2,10.4,10.1,10.4
2014/08/25,10.5,10.5,10.3,10.3
2014/08/26,10.3,10.3,10.2,10.2
2014/08/27,10.3,10.4,10.3,10.3
2014/08/28,10.4,10.4,10.4,10.4
2014/08/29,10.5,10.5,10.4,10.4
2014/09/01,10.5,10.5,10.3,10.3
2014/09/02,10.4,10.4,10.3,10.3
2014/09/03,10.4,10.5,10.3,10.5
2014/09/04,10.5,10.6,10.4,10.5
2014/09/05,10.5,10.5,10.4,10.5
2014/09/09,10.5,10.5,10.4,10.4
2014/09/10,10.5,10.5,10.3,10.4
2014/09/11,10.5,10.5,10.3,10.3
2014/09/12,10.4,10.5,10.3,10.4
2014/09/15,10.3,10.4,10.3,10.3
2014/09/16,10.3,10.3,10.2,10.3
2014/09/17,10.3,10.4,10.2,10.2
2014/09/18,10.2,10.3,10.2,10.2
2014/09/19,10.3,10.3,10.2,10.2
2014/09/22,10.2,10.2,10.1,10.2
2014/09/23,10.2,10.2,10.2,10.2
2014/09/24,10.2,10.2,10.1,10.2
2014/09/25,10.2,10.2,10.0,10.1
2014/09/26,10.0,10.1,9.9,10.0
2014/09/29,10.0,10.0,9.9,9.9
2014/09/30,9.9,9.9,9.7,9.7
2014/10/01,9.7,9.9,9.7,9.8
2014/10/02,9.8,9.9,9.7,9.8
2014/10/03,9.8,10.0,9.8,10.0
2014/10/06,10.0,10.0,9.8,9.8
2014/10/07,9.8,9.9,9.7,9.8
2014/10/08,9.8,9.8,9.7,9.7
2014/10/09,9.8,9.8,9.8,9.8
2014/10/13,9.7,9.7,9.5,9.5
2014/10/14,9.5,9.6,9.4,9.6
2014/10/15,9.6,9.6,9.5,9.5
2014/10/16,9.4,9.6,9.4,9.5
2014/10/17,9.5,9.6,9.5,9.5
2014/10/20,9.6,9.7,9.6,9.7
2014/10/21,9.7,9.7,9.6,9.6
2014/10/22,9.7,9.7,9.6,9.7
2014/10/23,9.7,9.7,9.7,9.7
2014/10/24,9.7,9.7,9.6,9.7
2014/10/27,9.7,9.7,9.6,9.6
2014/10/28,9.7,9.9,9.7,9.9
2014/10/29,9.9,10.0,9.9,10.0
2014/10/30,10.0,10.0,9.8,9.8
2014/10/31,9.9,9.9,9.8,9.9
2014/11/03,9.9,10.0,9.9,10.0
2014/11/04,10.0,10.1,10.0,10.0
2014/11/05,10.0,10.1,9.9,10.0
2014/11/06,9.9,10.0,9.9,9.9
2014/11/07,9.9,9.9,9.8,9.9
2014/11/10,9.9,10.0,9.9,9.9
2014/11/11,9.9,9.9,9.8,9.9
2014/11/12,9.8,9.9,9.7,9.7
2014/11/13,9.7,9.8,9.7,9.7
2014/11/14,9.7,9.7,9.6,9.7
2014/11/17,9.8,9.8,9.6,9.7
2014/11/18,9.7,9.8,9.6,9.7
2014/11/19,9.7,9.8,9.7,9.8
2014/11/20,9.8,9.8,9.8,9.8
2014/11/21,9.8,9.9,9.8,9.9
2014/11/24,9.9,9.9,9.8,9.8
2014/11/25,9.8,9.8,9.7,9.7
2014/11/26,9.7,9.8,9.7,9.7
2014/11/27,9.7,9.8,9.7,9.8
2014/11/28,9.8,9.8,9.7,9.8
2014/12/01,9.6,9.8,9.6,9.7
2014/12/02,9.7,9.7,9.6,9.6
2014/12/03,9.6,9.8,9.6,9.8
2014/12/04,9.8,9.8,9.7,9.7
2014/12/05,9.7,9.8,9.7,9.8
2014/12/08,9.7,9.8,9.7,9.7
2014/12/09,9.0,9.3,9.0,9.2
2014/12/10,9.2,9.2,9.0,9.0
2014/12/11,8.9,8.9,8.8,8.8
2014/12/12,8.8,9.0,8.8,8.9
2014/12/15,8.9,8.9,8.7,8.8
2014/12/16,8.8,8.8,8.7,8.7
2014/12/17,8.7,8.7,8.3,8.4
2014/12/18,8.4,8.5,8.3,8.3
2014/12/19,8.4,8.7,8.4,8.7
2014/12/22,8.7,8.8,8.7,8.8
2014/12/23,8.8,8.9,8.8,8.9
2014/12/24,8.9,8.9,8.8,8.9
2014/12/25,8.9,9.0,8.8,8.9
2014/12/26,8.9,8.9,8.8,8.9
2014/12/29,8.9,8.9,8.9,8.9
2014/12/30,8.9,9.0,8.9,8.9
2014/12/31,8.9,8.9,8.9,8.9
2015/01/05,8.9,8.9,8.8,8.8
2015/01/06,8.7,8.7,8.5,8.6
2015/01/07,8.6,8.7,8.5,8.6
2015/01/08,8.6,8.7,8.6,8.7
2015/01/09,8.8,8.8,8.7,8.8
2015/01/12,8.7,8.7,8.7,8.7
2015/01/13,8.6,8.8,8.6,8.8
2015/01/14,8.8,8.8,8.7,8.7
2015/01/15,8.8,8.8,8.7,8.8
2015/01/16,8.7,8.7,8.6,8.6
2015/01/19,8.7,8.7,8.6,8.7
2015/01/20,8.7,8.8,8.7,8.7
2015/01/21,8.8,8.8,8.7,8.8
2015/01/22,8.8,8.8,8.8,8.8
2015/01/23,8.9,8.9,8.8,8.8
2015/01/26,8.8,8.9,8.8,8.9
2015/01/27,9.0,9.0,8.9,9.0
2015/01/28,9.0,9.1,8.9,9.1
2015/01/29,9.0,9.1,8.9,8.9
2015/01/30,8.9,9.0,8.8,8.8
2015/02/02,8.8,9.0,8.8,9.0
2015/02/03,9.0,9.1,9.0,9.0
2015/02/04,9.0,9.1,9.0,9.0
2015/02/05,9.0,9.1,9.0,9.0
2015/02/06,9.1,9.1,9.0,9.0
2015/02/09,9.0,9.0,9.0,9.0
2015/02/10,9.0,9.1,9.0,9.1
2015/02/11,9.1,9.1,9.0,9.0
2015/02/12,9.1,9.1,9.0,9.1
2015/02/13,9.1,9.1,9.0,9.1
2015/02/24,9.1,9.2,9.1,9.1
2015/02/25,9.2,9.2,9.1,9.2
2015/02/26,9.2,9.2,9.1,9.2
2015/03/02,9.2,9.2,9.1,9.1
2015/03/03,9.1,9.1,9.1,9.1
2015/03/04,9.1,9.1,9.0,9.1
2015/03/05,9.1,9.1,9.0,9.0
2015/03/06,9.0,9.0,9.0,9.0
2015/03/09,9.0,9.0,8.9,9.0
2015/03/10,9.0,9.0,8.9,8.9
2015/03/11,8.8,9.0,8.8,8.9
2015/03/12,8.9,9.0,8.9,9.0
2015/03/13,9.0,9.0,8.9,8.9
2015/03/16,8.9,9.0,8.9,8.9
2015/03/17,9.0,9.0,9.0,9.0
2015/03/18,9.0,9.2,9.0,9.2
2015/03/19,9.2,9.2,9.1,9.2
2015/03/20,9.1,9.1,9.0,9.1
2015/03/23,9.1,9.1,9.0,9.1
2015/03/24,9.1,9.1,9.0,9.0
2015/03/25,9.0,9.0,8.9,8.9
2015/03/26,8.9,9.1,8.9,9.1
2015/03/27,9.0,9.1,8.9,8.9
2015/03/30,8.9,9.1,8.9,9.0
2015/03/31,9.0,9.1,9.0,9.1
2015/04/01,9.1,9.1,9.0,9.0
2015/04/02,9.0,9.1,9.0,9.1
2015/04/07,9.1,9.1,9.0,9.1
2015/04/08,9.1,9.1,9.0,9.1
2015/04/09,9.1,9.2,9.1,9.2
2015/04/10,9.2,9.2,9.1,9.2
2015/04/13,9.2,9.2,9.2,9.2
2015/04/14,9.2,9.3,9.2,9.2
2015/04/15,9.2,9.2,9.1,9.1
2015/04/16,9.2,9.2,9.1,9.2
2015/04/17,9.2,9.3,9.1,9.1
2015/04/20,9.1,9.2,9.1,9.1
2015/04/21,9.1,9.2,9.1,9.2
2015/04/22,9.2,9.2,9.1,9.2
2015/04/23,9.2,9.6,9.2,9.5
2015/04/24,9.5,9.6,9.4,9.5
2015/04/27,9.6,9.8,9.6,9.7
2015/04/28,9.7,9.8,9.6,9.7
2015/04/29,9.7,9.7,9.5,9.6
2015/04/30,9.6,9.7,9.6,9.6
2015/05/04,9.6,9.7,9.5,9.5
2015/05/05,9.5,9.6,9.5,9.6
2015/05/06,9.5,9.5,9.4,9.5
2015/05/07,9.4,9.4,9.2,9.2
2015/05/08,9.3,9.4,9.2,9.2
2015/05/11,9.4,9.4,9.3,9.3
2015/05/12,9.3,9.4,9.3,9.3
2015/05/13,9.3,9.3,9.2,9.2
2015/05/14,9.2,9.2,9.0,9.0
2015/05/15,9.1,9.1,9.0,9.1
2015/05/18,9.1,9.1,9.0,9.0
2015/05/19,9.0,9.2,9.0,9.2
2015/05/20,9.1,9.2,9.1,9.1
2015/05/21,9.1,9.1,8.9,9.0
2015/05/22,9.0,9.1,9.0,9.1
2015/05/25,9.1,9.1,9.1,9.1
2015/05/26,9.2,9.2,9.1,9.1
2015/05/27,9.1,9.1,9.1,9.1
2015/05/28,9.1,9.2,9.1,9.1
2015/05/29,9.1,9.2,9.1,9.1
2015/06/01,9.1,9.1,9.0,9.1
2015/06/02,9.1,9.1,9.0,9.1
2015/06/03,9.1,9.1,9.0,9.1
2015/06/04,9.0,9.1,8.8,8.9
2015/06/05,8.9,8.9,8.8,8.8
2015/06/08,8.8,8.9,8.7,8.8
2015/06/09,8.8,8.8,8.7,8.7
2015/06/10,8.7,8.8,8.6,8.7
2015/06/11,8.8,8.8,8.7,8.7
2015/06/12,8.8,8.8,8.7,8.8
2015/06/15,8.8,8.8,8.7,8.8
2015/06/16,8.7,8.8,8.7,8.7
2015/06/17,8.7,8.7,8.6,8.6
2015/06/18,8.6,8.7,8.6,8.6
2015/06/22,8.6,8.7,8.6,8.7
2015/06/23,8.7,8.9,8.7,8.9
2015/06/24,8.9,8.9,8.8,8.9
2015/06/25,8.9,8.9,8.8,8.8
2015/06/26,8.8,8.9,8.8,8.8
2015/06/29,8.8,8.8,8.7,8.7
2015/06/30,8.7,8.8,8.7,8.8
2015/07/01,8.8,8.9,8.8,8.8
2015/07/02,8.8,8.9,8.8,8.9
2015/07/03,8.8,8.9,8.7,8.9
2015/07/06,8.8,8.9,8.8,8.8
2015/07/07,8.8,8.9,8.8,8.9
2015/07/08,8.8,8.8,8.6,8.6
2015/07/09,8.6,8.7,8.5,8.6
2015/07/13,8.6,8.7,8.6,8.7
2015/07/14,8.7,8.8,8.7,8.7
2015/07/15,8.8,8.8,8.7,8.7
2015/07/16,8.7,8.8,8.7,8.8
2015/07/17,8.8,8.8,8.7,8.8
2015/07/20,8.8,8.8,8.7,8.7
2015/07/21,8.7,8.7,8.6,8.7
2015/07/22,8.7,8.7,8.6,8.6
2015/07/23,8.6,8.7,8.6,8.6
2015/07/24,8.6,8.7,8.6,8.6
2015/07/27,8.6,8.6,8.5,8.5
2015/07/28,8.5,8.5,8.4,8.4
2015/07/29,8.4,8.5,8.3,8.3
2015/07/30,8.4,8.5,8.4,8.5
2015/07/31,8.5,8.5,8.4,8.5
2015/08/03,8.5,8.5,8.4,8.4
2015/08/04,8.5,8.5,8.5,8.5
2015/08/05,8.5,8.6,8.5,8.6
2015/08/06,8.6,8.6,8.5,8.5
2015/08/07,8.5,8.5,8.4,8.4
2015/08/10,8.4,8.5,8.4,8.5
2015/08/11,8.5,8.6,8.5,8.5
2015/08/12,8.5,8.5,8.2,8.3
2015/08/13,8.4,8.4,8.2,8.2
2015/08/14,8.3,8.3,8.2,8.3
2015/08/17,8.3,8.3,8.2,8.3
2015/08/18,8.3,8.3,8.2,8.2
2015/08/19,8.1,8.2,7.9,7.9
2015/08/20,7.9,7.9,7.7,7.8
2015/08/21,7.7,7.7,7.5,7.5
2015/08/24,7.4,7.4,6.8,7.0
2015/08/25,6.8,7.4,6.8,7.4
2015/08/26,7.3,7.7,7.3,7.6
2015/08/27,7.7,7.8,7.7,7.8
2015/08/28,7.9,7.9,7.7,7.8
2015/08/31,7.8,7.8,7.7,7.8
2015/09/01,7.8,7.9,7.8,7.9
2015/09/02,7.8,8.0,7.7,7.9
2015/09/03,8.0,8.0,7.8,7.9
2015/09/04,7.9,7.9,7.8,7.8
2015/09/07,7.8,7.9,7.7,7.7
2015/09/08,7.7,7.8,7.6,7.7
2015/09/09,7.9,8.0,7.9,8.0
2015/09/10,7.9,8.1,7.9,8.1
2015/09/11,8.0,8.1,8.0,8.1
2015/09/14,8.1,8.2,8.1,8.1
2015/09/15,8.1,8.1,8.0,8.0
2015/09/16,8.1,8.2,8.0,8.2
2015/09/17,8.2,8.3,8.2,8.3
2015/09/18,8.3,8.4,8.2,8.3
2015/09/21,8.2,8.2,8.1,8.1
2015/09/22,8.2,8.2,8.1,8.1
2015/09/23,8.1,8.1,7.9,7.9
2015/09/24,7.9,8.0,7.8,7.9
2015/09/25,7.9,8.0,7.8,8.0
2015/09/30,7.8,8.0,7.7,8.0
2015/10/01,7.9,8.0,7.8,7.9
2015/10/02,8.0,8.1,8.0,8.1
2015/10/05,8.1,8.1,8.0,8.1
2015/10/06,8.1,8.2,8.1,8.1
2015/10/07,8.1,8.2,8.0,8.2
2015/10/08,8.3,8.4,8.2,8.3
2015/10/12,8.3,8.4,8.2,8.4
2015/10/13,8.4,8.5,8.3,8.5
2015/10/14,8.5,8.5,8.3,8.3
2015/10/15,8.5,8.6,8.4,8.6
2015/10/16,8.6,8.6,8.5,8.6
2015/10/19,8.6,8.7,8.6,8.7
2015/10/20,8.7,8.8,8.6,8.7
2015/10/21,8.8,8.8,8.6,8.6
2015/10/22,8.6,8.7,8.6,8.7
2015/10/23,8.7,8.8,8.7,8.7
2015/10/26,8.8,8.9,8.7,8.9
2015/10/27,8.8,8.9,8.7,8.8
2015/10/28,8.8,8.8,8.7,8.8
2015/10/29,8.8,8.8,8.6,8.7
2015/10/30,8.7,8.8,8.6,8.7
2015/11/02,8.6,8.7,8.6,8.7
2015/11/03,8.7,8.9,8.7,8.9
2015/11/04,8.9,8.9,8.8,8.9
2015/11/05,8.9,8.9,8.8,8.9
2015/11/06,8.9,8.9,8.7,8.7
2015/11/09,8.7,8.8,8.7,8.7
2015/11/10,8.7,8.7,8.6,8.6
2015/11/11,8.5,8.6,8.4,8.4
2015/11/12,8.4,8.5,8.4,8.5
2015/11/13,8.4,8.5,8.3,8.3
2015/11/16,8.3,8.3,8.2,8.3
2015/11/17,8.4,8.5,8.3,8.4
2015/11/18,8.5,8.5,8.2,8.3
2015/11/19,8.3,8.4,8.3,8.4
2015/11/20,8.4,8.4,8.3,8.3
2015/11/23,8.4,8.4,8.3,8.3
2015/11/24,8.3,8.3,8.2,8.2
2015/11/25,8.2,8.2,8.1,8.2
2015/11/26,8.2,8.3,8.2,8.2
2015/11/27,8.3,8.3,8.2,8.2
2015/11/30,8.1,8.1,7.9,7.9
2015/12/01,8.0,8.2,7.9,8.0
2015/12/02,8.0,8.2,8.0,8.1
2015/12/03,8.0,8.1,8.0,8.0
2015/12/04,7.9,8.0,7.9,7.9
2015/12/07,7.9,8.1,7.9,7.9
2015/12/08,7.9,8.0,7.8,7.8
2015/12/09,7.8,7.9,7.8,7.8
2015/12/10,7.8,7.9,7.7,7.9
2015/12/11,7.8,7.9,7.6,7.6
2015/12/14,7.6,7.6,7.5,7.5
2015/12/15,7.6,7.6,7.5,7.5
2015/12/16,7.6,7.7,7.6,7.7
2015/12/17,7.7,7.8,7.7,7.8
2015/12/18,7.7,7.7,7.6,7.7
2015/12/21,7.6,7.7,7.6,7.7
2015/12/22,7.7,7.8,7.6,7.8
2015/12/23,7.7,7.9,7.7,7.9
2015/12/24,8.0,8.0,7.9,8.0
2015/12/25,8.0,8.0,7.9,8.0
2015/12/28,8.0,8.0,7.9,8.0
2015/12/29,8.0,8.0,7.8,7.8
2015/12/30,7.9,7.9,7.7,7.7
2015/12/31,7.7,7.9,7.7,7.8
2016/01/05,7.6,7.6,7.5,7.5
2016/01/06,7.5,7.6,7.5,7.6
2016/01/07,7.5,7.6,7.4,7.4
2016/01/08,7.4,7.5,7.3,7.4
2016/01/11,7.3,7.3,6.8,7.0
2016/01/12,7.0,7.1,7.0,7.0
2016/01/13,7.1,7.1,7.0,7.0
2016/01/14,6.8,7.0,6.8,6.9
2016/01/15,7.0,7.0,6.8,6.9
2016/01/18,6.9,7.1,6.8,7.1
2016/01/19,7.1,7.1,7.0,7.0
2016/01/20,7.0,7.0,6.9,6.9
2016/01/21,6.9,6.9,6.8,6.8
2016/01/22,6.9,6.9,6.9,6.9
2016/01/25,6.9,7.2,6.9,7.2
2016/01/26,7.1,7.1,7.0,7.1
2016/01/27,7.2,7.5,7.0,7.1
2016/01/28,7.1,7.2,7.1,7.1
2016/01/29,7.1,7.5,7.1,7.3
2016/02/01,7.4,7.4,7.3,7.4
2016/02/02,7.5,7.5,7.3,7.3
2016/02/03,7.3,7.3,7.1,7.2
2016/02/15,7.1,7.2,7.1,7.1
2016/02/16,7.2,7.4,7.2,7.4
2016/02/17,7.5,7.5,7.3,7.4
2016/02/18,7.5,7.5,7.4,7.5
2016/02/19,7.4,7.4,7.3,7.3
2016/02/22,7.4,7.5,7.3,7.4
2016/02/23,7.4,7.5,7.4,7.5
2016/02/24,7.4,7.5,7.3,7.3
2016/02/25,7.4,7.4,7.3,7.4
2016/02/26,7.4,7.5,7.4,7.5
2016/03/01,7.5,7.5,7.4,7.5
2016/03/02,7.5,7.6,7.5,7.6
2016/03/03,7.6,7.7,7.6,7.7
2016/03/04,7.7,7.8,7.6,7.7
2016/03/07,7.8,8.0,7.7,7.9
2016/03/08,7.9,7.9,7.7,7.8
2016/03/09,7.8,7.9,7.7,7.9
2016/03/10,7.9,8.0,7.8,7.9
2016/03/11,7.9,7.9,7.8,7.9
2016/03/14,8.0,8.0,7.9,7.9
2016/03/15,7.9,7.9,7.7,7.7
2016/03/16,7.8,7.9,7.7,7.9
2016/03/17,7.9,8.0,7.8,7.9
2016/03/18,7.9,8.0,7.9,8.0
2016/03/21,8.0,8.0,7.8,7.9
2016/03/22,7.9,7.9,7.7,7.9
2016/03/23,7.8,7.9,7.8,7.9
2016/03/24,7.8,7.9,7.7,7.8
2016/03/25,7.9,7.9,7.8,7.8
2016/03/28,7.8,7.9,7.7,7.8
2016/03/29,7.8,7.8,7.5,7.6
2016/03/30,7.7,7.8,7.7,7.8
2016/03/31,7.8,7.9,7.6,7.7
2016/04/01,7.7,7.7,7.6,7.7
2016/04/06,7.6,7.6,7.5,7.6
2016/04/07,7.6,7.6,7.5,7.6
2016/04/08,7.6,7.7,7.6,7.7
2016/04/11,7.6,7.7,7.6,7.6
2016/04/12,7.7,7.8,7.7,7.8
2016/04/13,7.8,7.9,7.8,7.9
2016/04/14,7.9,7.9,7.9,7.9
2016/04/15,7.9,8.0,7.9,8.0
2016/04/18,7.9,8.0,7.9,8.0
2016/04/19,8.1,8.2,8.0,8.2
2016/04/20,8.1,8.1,8.0,8.1
2016/04/21,8.1,8.1,8.0,8.0
2016/04/22,8.0,8.2,8.0,8.1
2016/04/25,8.1,8.3,8.1,8.3
2016/04/26,8.3,8.3,8.2,8.3
2016/04/27,8.4,8.7,8.2,8.4
2016/04/28,8.3,8.3,8.0,8.1
2016/04/29,8.2,8.4,8.1,8.3
2016/05/03,8.3,8.3,8.2,8.2
2016/05/04,8.2,8.2,8.1,8.2
2016/05/05,8.1,8.2,8.0,8.1
2016/05/06,8.1,8.2,8.0,8.2
2016/05/09,8.2,8.2,8.1,8.1
2016/05/10,8.1,8.2,8.1,8.2
2016/05/11,8.2,8.3,8.1,8.1
2016/05/12,8.1,8.2,8.1,8.1
2016/05/13,8.1,8.1,7.9,7.9
2016/05/16,7.9,8.0,7.9,7.9
2016/05/17,8.0,8.0,7.9,8.0
2016/05/18,8.0,8.0,7.9,7.9
2016/05/19,8.0,8.0,7.9,8.0
2016/05/20,8.0,8.1,7.9,8.0
2016/05/23,8.0,8.2,7.9,8.2
2016/05/24,8.2,8.2,8.1,8.2
2016/05/25,8.2,8.2,8.1,8.2
2016/05/26,8.2,8.2,8.1,8.1
2016/05/27,8.2,8.3,8.1,8.3
2016/05/30,8.3,8.4,8.2,8.3
2016/05/31,8.3,8.4,8.3,8.4
2016/06/01,8.4,8.5,8.3,8.4
2016/06/02,8.4,8.5,8.4,8.4
2016/06/03,8.4,8.5,8.4,8.4
2016/06/06,8.4,8.5,8.3,8.4
2016/06/07,8.4,8.5,8.4,8.5
2016/06/08,8.5,8.5,8.5,8.5
2016/06/13,8.5,8.5,8.3,8.3
2016/06/14,8.3,8.5,8.3,8.5
2016/06/15,8.5,8.5,8.4,8.4
2016/06/16,8.4,8.4,8.3,8.3
2016/06/17,8.4,8.4,8.4,8.4
2016/06/20,8.4,8.5,8.4,8.4
2016/06/21,8.4,8.5,8.4,8.5
2016/06/22,8.5,8.5,8.4,8.5
2016/06/23,8.5,8.5,8.4,8.5
2016/06/24,8.5,8.5,8.2,8.3
2016/06/27,8.2,8.3,8.1,8.3
2016/06/28,8.3,8.4,8.2,8.3
2016/06/29,8.4,8.4,8.3,8.4
2016/06/30,8.5,8.5,8.4,8.5
2016/07/01,8.5,8.5,8.4,8.5
2016/07/04,8.5,8.5,8.4,8.5
2016/07/05,8.5,8.5,8.4,8.5
2016/07/06,8.5,8.5,8.4,8.4
2016/07/07,8.4,8.4,8.4,8.4
2016/07/11,8.5,8.6,8.4,8.6
2016/07/12,8.6,8.6,8.5,8.6
2016/07/13,8.6,8.7,8.6,8.7
2016/07/14,8.7,8.7,8.6,8.7
2016/07/15,8.7,8.8,8.7,8.8
2016/07/18,8.8,8.8,8.7,8.8
2016/07/19,8.8,8.8,8.7,8.8
2016/07/20,8.8,8.8,8.7,8.8
2016/07/21,8.8,8.8,8.7,8.8
2016/07/22,8.8,8.8,8.7,8.8
2016/07/25,8.8,8.8,8.7,8.8
2016/07/26,8.8,8.8,8.7,8.8
2016/07/27,8.8,8.8,8.7,8.8
2016/07/28,8.8,8.8,8.8,8.8
2016/07/29,8.8,8.8,8.7,8.7
2016/08/01,8.8,8.8,8.8,8.8
2016/08/02,8.8,8.8,8.7,8.7
2016/08/03,8.7,8.7,8.7,8.7
2016/08/04,8.7,8.7,8.7,8.7
2016/08/05,8.7,8.8,8.7,8.8
2016/08/08,8.8,8.9,8.8,8.9
2016/08/09,8.9,9.0,8.9,9.0
2016/08/10,9.0,9.1,9.0,9.1
2016/08/11,9.1,9.1,9.0,9.1
2016/08/12,9.1,9.1,9.1,9.1
2016/08/15,9.1,9.1,9.0,9.1
2016/08/16,9.1,9.1,9.0,9.1
2016/08/17,9.1,9.1,9.0,9.0
2016/08/18,9.0,9.1,9.0,9.1
2016/08/19,9.1,9.2,9.1,9.1
2016/08/22,9.1,9.1,9.0,9.0
2016/08/23,9.0,9.0,8.9,9.0
2016/08/24,8.7,8.8,8.6,8.7
2016/08/25,8.7,8.8,8.7,8.7
2016/08/26,8.7,8.8,8.7,8.7
2016/08/29,8.7,8.8,8.7,8.7
2016/08/30,8.8,8.8,8.7,8.7
2016/08/31,8.7,8.8,8.7,8.8
2016/09/01,8.7,8.7,8.5,8.6
2016/09/02,8.6,8.6,8.5,8.6
2016/09/05,8.6,8.7,8.6,8.7
2016/09/06,8.7,8.8,8.7,8.8
2016/09/07,8.8,8.8,8.7,8.8
2016/09/08,8.8,8.8,8.7,8.8
2016/09/09,8.7,8.7,8.6,8.7
2016/09/12,8.6,8.6,8.5,8.6
2016/09/13,8.6,8.6,8.5,8.6
2016/09/14,8.5,8.6,8.5,8.5
2016/09/19,8.5,8.7,8.5,8.7
2016/09/20,8.7,8.7,8.6,8.6
2016/09/21,8.6,8.7,8.6,8.6
2016/09/22,8.7,8.7,8.6,8.7
2016/09/23,8.7,8.7,8.6,8.7
2016/09/26,8.7,8.7,8.6,8.6
2016/09/29,8.7,8.7,8.6,8.7
2016/09/30,8.6,8.6,8.5,8.5
2016/10/03,8.6,8.6,8.5,8.5
2016/10/04,8.5,8.6,8.5,8.6
2016/10/05,8.5,8.6,8.5,8.6
2016/10/06,8.6,8.6,8.5,8.5
2016/10/07,8.6,8.6,8.5,8.6
2016/10/11,8.6,8.6,8.5,8.5
2016/10/12,8.4,8.5,8.4,8.5
2016/10/13,8.5,8.5,8.4,8.4
2016/10/14,8.4,8.4,8.3,8.3
2016/10/17,8.3,8.3,8.2,8.3
2016/10/18,8.3,8.3,8.2,8.3
2016/10/19,8.3,8.4,8.3,8.4
2016/10/20,8.4,8.4,8.3,8.4
2016/10/21,8.4,8.4,8.4,8.4
2016/10/24,8.4,8.4,8.3,8.3
2016/10/25,8.4,8.4,8.3,8.4
2016/10/26,8.4,8.4,8.4,8.4
2016/10/27,8.4,8.4,8.3,8.3
2016/10/28,8.3,8.4,8.3,8.3
2016/10/31,8.3,8.5,8.3,8.5
2016/11/01,8.4,8.5,8.4,8.4
2016/11/02,8.4,8.4,8.3,8.4
2016/11/03,8.3,8.4,8.3,8.3
2016/11/04,8.3,8.4,8.3,8.3
2016/11/07,8.3,8.4,8.3,8.3
2016/11/08,8.4,8.4,8.4,8.4
2016/11/09,8.5,8.5,8.2,8.2
2016/11/10,8.4,8.4,8.3,8.4
2016/11/11,8.3,8.4,8.3,8.3
2016/11/14,8.3,8.5,8.3,8.4
2016/11/15,8.5,8.5,8.4,8.4
2016/11/16,8.4,8.5,8.3,8.3
2016/11/17,8.3,8.4,8.3,8.4
2016/11/18,8.4,8.4,8.3,8.3
2016/11/21,8.3,8.4,8.3,8.3
2016/11/22,8.4,8.5,8.4,8.4
2016/11/23,8.4,8.5,8.4,8.4
2016/11/24,8.4,8.6,8.4,8.6
2016/11/25,8.6,8.6,8.5,8.5
2016/11/28,8.6,8.6,8.5,8.6
2016/11/29,8.6,8.6,8.5,8.6
2016/11/30,8.6,8.6,8.6,8.6
2016/12/01,8.6,8.7,8.6,8.6
2016/12/02,8.6,8.6,8.6,8.6
2016/12/05,8.6,8.6,8.5,8.5
2016/12/06,8.6,8.6,8.5,8.6
2016/12/07,8.6,8.6,8.6,8.6
2016/12/08,8.6,8.7,8.6,8.7
2016/12/09,8.7,8.7,8.7,8.7
2016/12/12,8.7,8.8,8.7,8.7
2016/12/13,8.7,8.8,8.7,8.8
2016/12/14,8.8,8.9,8.7,8.7
2016/12/15,8.8,8.8,8.7,8.8
2016/12/16,8.8,8.8,8.7,8.7
2016/12/19,8.7,8.7,8.6,8.6
2016/12/20,8.7,8.7,8.6,8.6
2016/12/21,8.7,8.7,8.6,8.6
2016/12/22,8.6,8.7,8.5,8.5
2016/12/23,8.5,8.6,8.5,8.6
2016/12/26,8.6,8.6,8.6,8.6
2016/12/27,8.6,8.6,8.5,8.6
2016/12/28,8.6,8.6,8.5,8.5
2016/12/29,8.5,8.6,8.5,8.5
2016/12/30,8.6,8.6,8.6,8.6
2017/01/03,8.6,8.6,8.6,8.6
2017/01/04,8.6,8.7,8.6,8.6
2017/01/05,8.6,8.7,8.6,8.7
2017/01/06,8.7,8.7,8.7,8.7
2017/01/09,8.7,8.7,8.7,8.7
2017/01/10,8.6,8.6,8.6,8.6
2017/01/11,8.6,8.7,8.6,8.7
2017/01/12,8.7,8.7,8.7,8.7
2017/01/13,8.7,8.7,8.7,8.7
2017/01/16,8.7,8.7,8.6,8.7
2017/01/17,8.7,8.7,8.6,8.7
2017/01/18,8.7,8.7,8.7,8.7
2017/01/19,8.7,8.7,8.6,8.6
2017/01/20,8.7,8.7,8.6,8.6
2017/01/23,8.7,8.7,8.6,8.7
2017/01/24,8.7,8.7,8.6,8.6
2017/02/02,8.7,8.7,8.6,8.6
2017/02/03,8.6,8.7,8.6,8.7
2017/02/06,8.7,8.7,8.7,8.7
2017/02/07,8.7,8.9,8.7,8.9
2017/02/08,8.9,8.9,8.8,8.8
2017/02/09,8.8,8.8,8.7,8.8
2017/02/10,8.8,8.9,8.8,8.9
2017/02/13,8.9,8.9,8.8,8.9
2017/02/14,8.9,8.9,8.8,8.9
2017/02/15,8.9,8.9,8.8,8.9
2017/02/16,8.9,9.0,8.9,9.0
2017/02/17,9.0,9.0,8.9,8.9
2017/02/20,8.9,8.9,8.9,8.9
2017/02/21,8.9,8.9,8.9,8.9
2017/02/22,8.9,9.0,8.9,8.9
2017/02/23,8.9,9.0,8.9,8.9
2017/02/24,8.9,8.9,8.9,8.9
2017/03/01,8.9,8.9,8.8,8.8
2017/03/02,8.9,8.9,8.8,8.9
2017/03/03,8.8,8.9,8.8,8.8
2017/03/06,8.9,8.9,8.8,8.9
2017/03/07,8.9,8.9,8.8,8.9
2017/03/08,8.9,8.9,8.8,8.9
2017/03/09,8.9,8.9,8.8,8.8
2017/03/10,8.8,8.9,8.8,8.9
2017/03/13,8.9,9.0,8.9,8.9
2017/03/14,8.9,9.0,8.9,8.9
2017/03/15,8.9,9.0,8.9,8.9
2017/03/16,9.0,9.0,8.9,8.9
2017/03/17,8.9,9.0,8.9,9.0
2017/03/20,9.0,9.1,9.0,9.0
2017/03/21,9.0,9.1,9.0,9.1
2017/03/22,9.0,9.0,9.0,9.0
2017/03/23,9.1,9.1,9.0,9.0
2017/03/24,9.1,9.1,9.0,9.0
2017/03/27,9.0,9.0,9.0,9.0
2017/03/28,9.0,9.0,8.9,9.0
2017/03/29,9.0,9.1,9.0,9.1
2017/03/30,9.1,9.3,9.0,9.2
2017/03/31,9.2,9.3,9.2,9.3
2017/04/05,9.3,9.3,9.2,9.2
2017/04/06,9.2,9.2,9.1,9.2
2017/04/07,9.2,9.2,9.1,9.2
2017/04/10,9.2,9.2,9.1,9.2
2017/04/11,9.2,9.2,9.1,9.1
2017/04/12,9.1,9.1,9.0,9.1
2017/04/13,9.1,9.2,9.1,9.2
2017/04/14,9.2,9.2,9.1,9.1
2017/04/17,9.1,9.1,9.0,9.0
2017/04/18,9.1,9.1,9.0,9.0
2017/04/19,9.0,9.0,8.9,9.0
2017/04/20,8.9,9.0,8.9,8.9
2017/04/21,9.0,9.0,9.0,9.0
2017/04/24,9.0,9.1,9.0,9.1
2017/04/25,9.1,9.2,9.1,9.2
2017/04/26,9.2,9.2,9.1,9.2
2017/04/27,9.2,9.2,9.1,9.2
2017/04/28,9.2,9.2,9.1,9.1
2017/05/02,9.2,9.3,9.2,9.2
2017/05/03,9.3,9.3,9.2,9.3
2017/05/04,9.3,9.3,9.2,9.3
2017/05/05,9.3,9.3,9.2,9.2
2017/05/08,9.3,9.3,9.2,9.2
2017/05/09,9.2,9.3,9.2,9.2
2017/05/10,9.2,9.3,9.2,9.3
2017/05/11,9.2,9.3,9.2,9.3
2017/05/12,9.3,9.4,9.3,9.4
2017/05/15,9.4,9.5,9.4,9.5
2017/05/16,9.6,9.6,9.5,9.6
2017/05/17,9.6,9.8,9.4,9.8
2017/05/18,9.6,9.7,9.6,9.6
2017/05/19,9.6,9.6,9.5,9.6
2017/05/22,9.6,9.6,9.5,9.6
2017/05/23,9.6,9.6,9.5,9.6
2017/05/24,9.6,9.6,9.6,9.6
2017/05/25,9.6,9.7,9.6,9.7
2017/05/26,9.7,9.7,9.6,9.7
2017/05/31,9.7,9.9,9.7,9.8
2017/06/01,9.8,9.9,9.8,9.8
2017/06/02,9.8,9.9,9.8,9.9
2017/06/05,9.9,10.0,9.8,10.0
2017/06/06,10.0,10.1,10.0,10.0
2017/06/07,10.0,10.1,10.0,10.1
2017/06/08,10.1,10.1,10.0,10.1
2017/06/09,10.0,10.1,10.0,10.0
2017/06/12,10.0,10.0,10.0,10.0
2017/06/13,10.0,10.1,10.0,10.0
2017/06/14,10.0,10.1,9.9,10.0
2017/06/15,10.0,10.0,9.9,10.0
2017/06/16,10.0,10.1,9.9,10.0
2017/06/19,10.0,10.0,9.9,10.0
2017/06/20,10.0,10.0,9.9,10.0
2017/06/21,10.0,10.0,10.0,10.0
2017/06/22,10.0,10.1,10.0,10.1
2017/06/23,10.1,10.1,10.0,10.1
2017/06/26,10.1,10.2,10.0,10.2
2017/06/27,10.2,10.3,10.1,10.2
2017/06/28,10.2,10.2,10.0,10.1
2017/06/29,10.1,10.2,10.1,10.1
2017/06/30,10.2,10.2,10.1,10.1
2017/07/03,10.1,10.2,10.1,10.2
2017/07/04,10.2,10.2,10.1,10.2
2017/07/05,10.2,10.2,10.1,10.2
2017/07/06,10.2,10.3,10.2,10.2
2017/07/07,10.2,10.2,10.2,10.2
2017/07/10,10.2,10.2,10.2,10.2
2017/07/11,10.2,10.3,10.2,10.3
2017/07/12,10.3,10.3,10.2,10.2
2017/07/13,10.2,10.4,10.2,10.4
2017/07/14,10.4,10.4,10.4,10.4
2017/07/17,10.4,10.5,10.4,10.5
2017/07/18,10.5,10.5,10.4,10.4
2017/07/19,10.4,10.5,10.4,10.4
2017/07/20,10.4,10.5,10.3,10.3
2017/07/21,10.3,10.4,10.2,10.3
2017/07/24,10.3,10.4,10.2,10.4
2017/07/25,10.4,10.4,10.3,10.4
2017/07/26,10.4,10.4,10.4,10.4
2017/07/27,10.4,10.4,10.4,10.4
2017/07/28,10.4,10.4,10.4,10.4
2017/07/31,10.4,10.4,10.3,10.4
2017/08/01,10.4,10.4,10.4,10.4
2017/08/02,10.4,10.5,10.4,10.5
2017/08/03,10.5,10.5,10.4,10.5
2017/08/04,10.5,10.5,10.5,10.5
2017/08/07,10.5,10.6,10.5,10.5
2017/08/08,10.5,10.6,10.5,10.5
2017/08/09,10.5,10.6,10.5,10.5
2017/08/10,10.5,10.5,10.2,10.3
2017/08/11,10.2,10.4,10.2,10.4
2017/08/14,10.4,10.4,10.2,10.2
2017/08/15,10.2,10.3,10.1,10.2
2017/08/16,9.8,9.9,9.8,9.9
2017/08/17,9.9,10.0,9.9,10.0
2017/08/18,9.9,9.9,9.9,9.9
2017/08/21,9.9,9.9,9.9,9.9
2017/08/22,9.9,9.9,9.9,9.9
2017/08/23,9.9,10.0,9.9,10.0
2017/08/24,10.0,10.2,10.0,10.2
2017/08/25,10.2,10.2,10.2,10.2
2017/08/28,10.2,10.2,10.1,10.2
2017/08/29,10.2,10.2,10.1,10.2
2017/08/30,10.2,10.2,10.2,10.2
2017/08/31,10.2,10.3,10.2,10.2
2017/09/01,10.2,10.2,10.2,10.2
2017/09/04,10.2,10.2,10.1,10.1
2017/09/05,10.1,10.2,10.1,10.2
2017/09/06,10.1,10.2,10.0,10.0
2017/09/07,10.0,10.1,10.0,10.1
2017/09/08,10.1,10.1,10.0,10.1
2017/09/11,10.1,10.1,10.0,10.1
2017/09/12,10.1,10.2,10.1,10.2
2017/09/13,10.2,10.2,10.1,10.1
2017/09/14,10.0,10.1,10.0,10.0
2017/09/15,10.0,10.2,10.0,10.2
2017/09/18,10.2,10.2,10.1,10.2
2017/09/19,10.2,10.2,10.1,10.1
2017/09/20,10.1,10.2,10.1,10.2
2017/09/21,10.1,10.1,10.1,10.1
2017/09/22,10.2,10.2,10.0,10.0
2017/09/25,10.0,10.1,10.0,10.0
2017/09/26,10.0,10.1,10.0,10.0
2017/09/27,10.0,10.1,10.0,10.0
2017/09/28,10.0,10.0,10.0,10.0
2017/09/29,10.0,10.0,9.9,10.0
2017/10/02,10.0,10.0,10.0,10.0
2017/10/03,10.0,10.0,10.0,10.0
2017/10/05,10.0,10.1,10.0,10.0
2017/10/06,10.0,10.1,10.0,10.1
2017/10/11,10.1,10.2,10.1,10.2
2017/10/12,10.2,10.3,10.1,10.2
2017/10/13,10.2,10.3,10.2,10.2
2017/10/16,10.2,10.3,10.2,10.3
2017/10/17,10.2,10.3,10.2,10.3
2017/10/18,10.3,10.3,10.2,10.2
2017/10/19,10.2,10.2,10.2,10.2
2017/10/20,10.2,10.2,10.1,10.2
2017/10/23,10.2,10.2,10.2,10.2
2017/10/24,10.2,10.2,10.1,10.2
2017/10/25,10.2,10.2,10.2,10.2
2017/10/26,10.2,10.2,10.1,10.1
2017/10/27,10.1,10.2,10.1,10.2
2017/10/30,10.2,10.2,10.1,10.2
2017/10/31,10.1,10.2,10.1,10.1
2017/11/01,10.1,10.2,10.1,10.1
2017/11/02,10.1,10.2,10.1,10.1
2017/11/03,10.1,10.2,10.1,10.1
2017/11/06,10.1,10.2,10.1,10.2
2017/11/07,10.1,10.2,10.1,10.2
2017/11/08,10.2,10.2,10.1,10.2
2017/11/09,10.2,10.2,10.1,10.2
2017/11/10,10.2,10.2,10.2,10.2
2017/11/13,10.1,10.2,10.1,10.2
2017/11/14,10.2,10.2,10.1,10.2
2017/11/15,10.2,10.2,10.1,10.1
2017/11/16,10.1,10.2,10.1,10.1
2017/11/17,10.1,10.2,10.1,10.1
2017/11/20,10.1,10.2,10.1,10.1
2017/11/21,10.2,10.4,10.2,10.4
2017/11/22,10.5,10.6,10.4,10.5
2017/11/23,10.5,10.5,10.4,10.4
2017/11/24,10.4,10.5,10.3,10.3
2017/11/27,10.4,10.4,10.3,10.3
2017/11/28,10.3,10.4,10.3,10.3
2017/11/29,10.3,10.4,10.3,10.4
2017/11/30,10.4,10.4,10.3,10.3
2017/12/01,10.3,10.4,10.3,10.3
2017/12/04,10.4,10.5,10.3,10.5
2017/12/05,10.5,10.5,10.4,10.5
2017/12/06,10.5,10.5,10.3,10.4
2017/12/07,10.4,10.4,10.3,10.3
2017/12/08,10.3,10.3,10.3,10.3
2017/12/11,10.3,10.4,10.3,10.3
2017/12/12,10.3,10.3,10.3,10.3
2017/12/13,10.3,10.4,10.3,10.4
2017/12/14,10.4,10.5,10.3,10.5
2017/12/15,10.5,10.5,10.4,10.5
2017/12/18,10.5,10.5,10.4,10.5
2017/12/19,10.5,10.5,10.5,10.5
2017/12/20,10.5,10.5,10.5,10.5
2017/12/21,10.5,10.5,10.5,10.5
2017/12/22,10.5,10.5,10.5,10.5
2017/12/25,10.5,10.5,10.5,10.5
2017/12/26,10.5,10.5,10.5,10.5
2017/12/27,10.5,10.6,10.5,10.6
2017/12/28,10.6,10.6,10.5,10.5
2017/12/29,10.6,10.6,10.5,10.6
2018/01/02,10.5,10.7,10.5,10.7
2018/01/03,10.7,10.8,10.7,10.8
2018/01/04,10.8,10.8,10.7,10.7
2018/01/05,10.8,10.8,10.7,10.8
2018/01/08,10.8,11.0,10.8,11.0
2018/01/09,11.0,11.1,11.0,11.1
2018/01/10,11.1,11.1,11.0,11.1
2018/01/11,11.1,11.1,11.0,11.1
2018/01/12,11.1,11.1,11.1,11.1
2018/01/16,11.1,11.1,11.0,11.1
2018/01/17,11.1,11.2,11.1,11.2
2018/01/18,11.2,11.3,11.2,11.3
2018/01/19,11.3,11.3,11.2,11.3
2018/01/22,11.2,11.3,11.2,11.3
2018/01/23,11.3,11.3,11.2,11.3
2018/01/24,11.2,11.3,11.2,11.2
2018/01/25,11.2,11.3,11.2,11.3
2018/01/26,11.3,11.3,11.2,11.3
2018/01/29,11.3,11.3,11.2,11.3
2018/01/30,11.3,11.3,11.1,11.1
2018/01/31,11.1,11.2,11.0,11.2
2018/02/01,11.2,11.3,11.1,11.2
2018/02/02,11.1,11.2,11.1,11.1
2018/02/05,11.0,11.0,10.9,10.9
2018/02/06,10.7,10.7,10.3,10.3
2018/02/07,10.6,10.7,10.3,10.3
2018/02/08,10.4,10.5,10.4,10.4
2018/02/09,10.2,10.5,10.2,10.4
2018/02/12,10.5,10.5,10.5,10.5
2018/02/21,10.7,10.7,10.5,10.7
2018/02/22,10.7,10.7,10.6,10.6
2018/02/23,10.7,10.9,10.7,10.8
2018/02/26,10.9,10.9,10.7,10.8
2018/02/27,10.8,10.9,10.7,10.8
2018/03/01,10.8,10.8,10.7,10.8
2018/03/02,10.7,10.8,10.7,10.7
2018/03/05,10.7,10.8,10.7,10.7
2018/03/06,10.7,10.8,10.7,10.7
2018/03/07,10.7,10.7,10.6,10.7
2018/03/08,10.7,10.7,10.6,10.7
2018/03/09,10.7,10.7,10.6,10.6
2018/03/12,10.7,10.8,10.7,10.8
2018/03/13,10.8,10.8,10.7,10.8
2018/03/14,10.9,11.0,10.9,11.0
2018/03/15,11.0,11.0,11.0,11.0
2018/03/16,11.0,11.0,10.9,11.0
2018/03/19,11.0,11.1,11.0,11.1
2018/03/20,11.0,11.1,11.0,11.1
2018/03/21,11.1,11.1,11.0,11.1
2018/03/22,11.1,11.1,11.0,11.0
2018/03/23,10.8,10.9,10.8,10.9
2018/03/26,10.9,11.0,10.8,11.0
2018/03/27,11.0,11.1,11.0,11.1
2018/03/28,11.1,11.1,11.0,11.0
2018/03/29,11.0,11.0,10.9,10.9
2018/03/30,10.9,11.0,10.8,10.9
2018/04/02,10.9,11.0,10.8,10.8
2018/04/03,10.7,10.8,10.7,10.8
2018/04/09,10.8,10.8,10.7,10.8
2018/04/10,10.8,10.9,10.8,10.9
2018/04/11,10.9,11.0,10.9,10.9
2018/04/12,10.9,10.9,10.8,10.9
2018/04/13,10.9,11.0,10.9,10.9
2018/04/16,10.8,10.9,10.8,10.9
2018/04/17,10.9,10.9,10.8,10.8
2018/04/18,10.8,10.9,10.8,10.8
2018/04/19,10.8,10.9,10.8,10.9
2018/04/20,10.9,10.9,10.8,10.9
2018/04/23,10.9,11.0,10.9,11.0
2018/04/24,11.0,11.0,10.9,10.9
2018/04/25,10.8,10.9,10.8,10.9
2018/04/26,10.9,10.9,10.8,10.8
2018/04/27,10.9,11.0,10.9,11.0
2018/04/30,11.0,11.0,10.9,11.0
2018/05/02,11.0,11.1,11.0,11.1
2018/05/03,11.1,11.1,11.0,11.0
2018/05/04,10.9,11.0,10.9,11.0
2018/05/07,11.0,11.0,11.0,11.0
2018/05/08,11.0,11.1,11.0,11.0
2018/05/09,11.0,11.1,11.0,11.1
2018/05/10,11.1,11.1,11.0,11.0
2018/05/11,11.1,11.1,11.1,11.1
2018/05/14,11.1,11.2,11.1,11.1
2018/05/15,11.1,11.1,11.1,11.1
2018/05/16,11.2,11.2,11.1,11.2
2018/05/17,11.3,11.3,11.2,11.2
2018/05/18,11.3,11.3,11.2,11.3
2018/05/21,11.3,11.4,11.3,11.4
2018/05/22,11.4,11.4,11.3,11.3
2018/05/23,11.3,11.3,11.3,11.3
2018/05/24,11.3,11.3,11.3,11.3
2018/05/25,11.3,11.3,11.3,11.3
2018/05/28,11.3,11.3,11.3,11.3
2018/05/29,11.3,11.3,11.3,11.3
2018/05/30,11.2,11.2,11.1,11.1
2018/05/31,11.3,11.3,11.1,11.3
2018/06/01,11.2,11.3,11.2,11.3
2018/06/04,11.3,11.4,11.3,11.4
2018/06/05,11.4,11.5,11.3,11.5
2018/06/06,11.5,11.5,11.4,11.5
2018/06/07,11.5,11.5,11.4,11.5
2018/06/08,11.5,11.5,11.3,11.4
2018/06/11,11.4,11.5,11.3,11.3
2018/06/12,11.4,11.4,11.3,11.3
2018/06/13,11.3,11.3,11.3,11.3
2018/06/14,11.3,11.3,11.0,11.0
2018/06/15,11.1,11.1,11.1,11.1
2018/06/19,11.1,11.1,11.0,11.0
2018/06/20,11.0,11.1,11.0,11.1
2018/06/21,11.1,11.1,11.0,11.1
2018/06/22,11.0,11.1,11.0,11.0
2018/06/25,11.0,11.1,11.0,11.0
2018/06/26,11.0,11.1,11.0,11.0
2018/06/27,11.1,11.1,11.0,11.0
2018/06/28,11.0,11.0,11.0,11.0
2018/06/29,11.0,11.0,11.0,11.0
2018/07/02,11.0,11.1,11.0,11.0
2018/07/03,11.0,11.0,10.9,10.9
2018/07/04,10.9,11.0,10.8,10.9
2018/07/05,11.0,11.0,10.9,10.9
2018/07/06,10.9,10.9,10.8,10.8
2018/07/09,10.9,11.0,10.8,10.9
2018/07/10,11.0,11.0,11.0,11.0
2018/07/11,11.0,11.0,10.9,11.0
2018/07/12,11.0,11.1,11.0,11.1
2018/07/13,11.1,11.1,11.1,11.1
2018/07/16,11.1,11.1,11.0,11.0
2018/07/17,11.0,11.1,11.0,11.1
2018/07/18,11.1,11.2,11.1,11.2
2018/07/19,11.2,11.2,11.1,11.1
2018/07/20,11.2,11.2,11.1,11.2
2018/07/23,11.2,11.3,11.2,11.2
2018/07/24,11.2,11.3,11.2,11.3
2018/07/25,11.3,11.3,11.3,11.3
2018/07/26,11.4,11.4,11.3,11.4
2018/07/27,11.4,11.5,11.4,11.4
2018/07/30,11.4,11.5,11.4,11.5
2018/07/31,11.5,11.5,11.4,11.5
2018/08/01,11.5,11.5,11.5,11.5
2018/08/02,11.5,11.5,11.4,11.4
2018/08/03,11.4,11.5,11.4,11.5
2018/08/06,11.5,11.5,11.3,11.4
2018/08/07,11.4,11.5,11.4,11.4
2018/08/08,11.4,11.5,11.4,11.5
2018/08/09,11.5,11.5,11.4,11.4
2018/08/10,11.4,11.5,11.4,11.5
2018/08/13,11.5,11.6,11.4,11.5
2018/08/14,11.5,11.5,11.5,11.5
2018/08/15,11.5,11.5,11.4,11.4
2018/08/16,11.4,11.4,11.3,11.4
2018/08/17,11.5,11.5,11.4,11.5
2018/08/20,11.5,11.6,11.5,11.5
2018/08/21,11.6,11.7,11.6,11.7
2018/08/22,11.5,11.6,11.5,11.6
2018/08/23,11.6,11.6,11.4,11.4
2018/08/24,11.4,11.4,11.3,11.4
2018/08/27,11.4,11.5,11.4,11.5
2018/08/28,11.5,11.6,11.5,11.5
2018/08/29,11.5,11.6,11.4,11.6
2018/08/30,11.6,11.6,11.4,11.4
2018/08/31,11.5,11.6,11.4,11.5
2018/09/03,11.5,11.6,11.5,11.5
2018/09/04,11.5,11.5,11.4,11.5
2018/09/05,11.5,11.5,11.4,11.4
2018/09/06,11.4,11.5,11.3,11.4
2018/09/07,11.4,11.4,11.2,11.3
2018/09/10,11.3,11.4,11.2,11.2
2018/09/11,11.2,11.2,11.1,11.2
2018/09/12,11.2,11.4,11.2,11.3
2018/09/13,11.3,11.4,11.3,11.4
2018/09/14,11.5,11.5,11.4,11.4
2018/09/17,11.5,11.5,11.4,11.5
2018/09/18,11.5,11.5,11.4,11.5
2018/09/19,11.6,11.6,11.5,11.6
2018/09/20,11.6,11.6,11.6,11.6
2018/09/21,11.6,11.7,11.6,11.7
2018/09/25,11.8,11.8,11.7,11.7
2018/09/26,11.7,11.7,11.6,11.7
2018/09/27,11.7,11.8,11.6,11.8
2018/09/28,11.8,11.8,11.7,11.8
2018/10/01,11.8,11.9,11.8,11.8
2018/10/02,11.8,11.8,11.7,11.8
2018/10/03,11.7,11.8,11.7,11.7
2018/10/04,11.7,11.7,11.6,11.6
2018/10/05,11.6,11.6,11.5,11.5
2018/10/08,11.5,11.6,11.5,11.5
2018/10/09,11.5,11.5,11.4,11.5
2018/10/11,11.2,11.3,11.1,11.1
2018/10/12,11.0,11.3,10.8,11.3
2018/10/15,11.2,11.2,11.1,11.1
2018/10/16,11.2,11.2,11.1,11.2
2018/10/17,11.2,11.2,11.1,11.1
2018/10/18,11.2,11.2,11.1,11.1
2018/10/19,11.0,11.0,10.9,11.0
2018/10/22,11.0,11.1,10.9,11.1
2018/10/23,11.0,11.0,10.9,10.9
2018/10/24,10.9,11.0,10.8,10.9
2018/10/25,10.7,10.7,10.6,10.7
2018/10/26,10.7,10.8,10.6,10.7
2018/10/29,10.7,10.7,10.6,10.6
2018/10/30,10.6,10.8,10.6,10.8
2018/10/31,10.8,11.0,10.8,11.0
2018/11/01,11.0,11.0,10.8,10.9
2018/11/02,10.9,11.0,10.8,11.0
2018/11/05,10.9,11.0,10.9,11.0
2018/11/06,11.1,11.2,11.0,11.0
2018/11/07,11.1,11.1,11.0,11.1
2018/11/08,11.2,11.2,11.1,11.2
2018/11/09,11.2,11.2,11.1,11.1
2018/11/12,11.1,11.1,11.0,11.0
2018/11/13,10.9,11.0,10.9,11.0
2018/11/14,11.0,11.0,10.9,11.0
2018/11/15,11.0,11.0,11.0,11.0
2018/11/16,11.1,11.1,11.0,11.1
2018/11/19,11.1,11.2,11.0,11.1
2018/11/20,11.1,11.1,10.9,11.0
2018/11/21,11.0,11.0,10.9,10.9
2018/11/22,11.0,11.0,10.8,10.8
2018/11/23,10.8,10.9,10.7,10.8
2018/11/26,10.8,10.8,10.7,10.8
2018/11/27,10.8,10.8,10.7,10.7
2018/11/28,10.8,10.8,10.8,10.8
2018/11/29,10.8,10.9,10.7,10.8
2018/11/30,10.8,10.9,10.8,10.8
2018/12/03,10.8,10.9,10.8,10.9
2018/12/04,10.9,10.9,10.8,10.9
2018/12/05,10.8,10.8,10.7,10.8
2018/12/06,10.8,10.8,10.7,10.7
2018/12/07,10.7,10.8,10.7,10.8
2018/12/10,10.7,10.8,10.6,10.6
2018/12/11,10.7,10.7,10.6,10.6
2018/12/12,10.7,10.7,10.6,10.7
2018/12/13,10.8,10.8,10.6,10.7
2018/12/14,10.7,10.7,10.6,10.7
2018/12/17,10.7,10.7,10.6,10.6
2018/12/18,10.6,10.6,10.6,10.6
2018/12/19,10.6,10.6,10.6,10.6
2018/12/20,10.6,10.6,10.6,10.6
2018/12/21,10.6,10.6,10.5,10.6
2018/12/24,10.5,10.5,10.5,10.5
2018/12/25,10.4,10.5,10.4,10.4
2018/12/26,10.4,10.4,10.3,10.3
2018/12/27,10.4,10.4,10.4,10.4
2018/12/28,10.4,10.5,10.4,10.4
2019/01/02,10.4,10.5,10.4,10.4
2019/01/03,10.4,10.5,10.4,10.4
2019/01/04,10.4,10.4,10.3,10.4
2019/01/07,10.5,10.6,10.4,10.6
2019/01/08,10.6,10.6,10.5,10.6
2019/01/09,10.6,10.7,10.6,10.7
2019/01/10,10.6,10.6,10.5,10.6
2019/01/11,10.6,10.6,10.5,10.6
2019/01/14,10.6,10.6,10.6,10.6
2019/01/15,10.7,10.7,10.6,10.7
2019/01/16,10.7,10.7,10.6,10.6
2019/01/17,10.6,10.6,10.6,10.6
2019/01/18,10.7,10.7,10.6,10.7
2019/01/21,10.7,10.7,10.6,10.6
2019/01/22,10.6,10.6,10.5,10.6
2019/01/23,10.6,10.7,10.6,10.7
2019/01/24,10.7,10.7,10.6,10.6
2019/01/25,10.6,10.7,10.6,10.7
2019/01/28,10.7,10.8,10.7,10.7
2019/01/29,10.7,10.8,10.7,10.8
2019/01/30,10.8,10.8,10.7,10.8
2019/02/11,10.8,10.9,10.8,10.9
2019/02/12,10.9,10.9,10.8,10.9
2019/02/13,10.9,10.9,10.8,10.8
2019/02/14,10.8,10.9,10.8,10.9
2019/02/15,10.9,11.0,10.9,10.9
2019/02/18,11.0,11.0,10.9,11.0
2019/02/19,11.0,11.0,11.0,11.0
2019/02/20,11.0,11.1,11.0,11.1
2019/02/21,11.1,11.1,11.0,11.1
2019/02/22,11.1,11.1,11.0,11.1
2019/02/25,11.1,11.2,11.1,11.2
2019/02/26,11.2,11.2,11.1,11.1
2019/02/27,11.1,11.2,11.1,11.1
2019/03/04,11.0,11.2,11.0,11.1
2019/03/05,11.1,11.1,11.0,11.1
2019/03/06,11.1,11.2,11.1,11.2
2019/03/07,11.2,11.2,11.1,11.1
2019/03/08,11.1,11.1,11.0,11.0
2019/03/11,11.0,11.0,10.9,10.9
2019/03/12,10.9,11.0,10.9,11.0
2019/03/13,11.0,11.0,11.0,11.0
2019/03/14,11.0,11.0,11.0,11.0
2019/03/15,11.0,11.0,11.0,11.0
2019/03/18,11.1,11.1,11.0,11.1
2019/03/19,11.1,11.2,11.1,11.2
2019/03/20,11.2,11.2,11.1,11.2
2019/03/21,11.2,11.2,11.1,11.2
2019/03/22,11.2,11.2,11.0,11.0
2019/03/25,11.0,11.0,11.0,11.0
2019/03/26,11.1,11.2,11.0,11.2
2019/03/27,11.2,11.2,11.1,11.1
2019/03/28,11.1,11.2,11.1,11.1
2019/03/29,11.2,11.2,11.1,11.2
2019/04/01,11.2,11.2,11.2,11.2
2019/04/02,11.2,11.2,11.2,11.2
2019/04/03,11.2,11.3,11.2,11.2
2019/04/08,11.2,11.3,11.2,11.3
2019/04/09,11.3,11.4,11.2,11.4
2019/04/10,11.4,11.4,11.3,11.4
2019/04/11,11.4,11.4,11.3,11.4
2019/04/12,11.4,11.4,11.3,11.3
2019/04/15,11.4,11.4,11.3,11.3
2019/04/16,11.3,11.4,11.3,11.3
2019/04/17,11.3,11.4,11.3,11.3
2019/04/18,11.3,11.4,11.2,11.3
2019/04/19,11.3,11.4,11.3,11.4
2019/04/22,11.4,11.4,11.2,11.2
2019/04/23,11.2,11.3,11.2,11.3
2019/04/24,11.3,11.4,11.2,11.3
2019/04/25,11.3,11.4,11.2,11.2
2019/04/26,11.0,11.1,11.0,11.1
2019/04/29,11.0,11.2,11.0,11.2
2019/04/30,11.2,11.2,11.2,11.2
2019/05/02,11.2,11.2,11.2,11.2
2019/05/03,11.2,11.2,11.1,11.2
2019/05/06,11.2,11.2,11.0,11.0
2019/05/07,11.0,11.1,11.0,11.1
2019/05/08,11.1,11.2,11.0,11.2
2019/05/09,11.2,11.2,11.0,11.0
2019/05/10,11.1,11.2,11.0,11.0
2019/05/13,11.1,11.1,11.0,11.0
2019/05/14,11.0,11.0,10.9,11.0
2019/05/15,11.0,11.0,11.0,11.0
2019/05/16,11.0,11.0,10.9,10.9
2019/05/17,11.0,11.0,10.9,11.0
2019/05/20,11.0,11.0,10.9,11.0
2019/05/21,11.1,11.2,11.0,11.2
2019/05/22,11.2,11.2,11.0,11.0
2019/05/23,11.0,11.1,11.0,11.1
2019/05/24,11.1,11.2,11.0,11.2
2019/05/27,11.2,11.2,11.1,11.2
2019/05/28,11.2,11.2,11.1,11.1
2019/05/29,11.1,11.2,11.1,11.1
2019/05/30,11.1,11.2,11.1,11.2
2019/05/31,11.2,11.2,11.1,11.2
2019/06/03,11.2,11.3,11.1,11.3
2019/06/04,11.3,11.3,11.2,11.2
2019/06/05,11.3,11.3,11.2,11.3
2019/06/06,11.3,11.4,11.3,11.4
2019/06/10,11.4,11.4,11.4,11.4
2019/06/11,11.4,11.4,11.3,11.3
2019/06/12,11.3,11.3,11.1,11.2
2019/06/13,11.2,11.2,11.2,11.2
2019/06/14,11.2,11.3,11.2,11.3
2019/06/17,11.3,11.3,11.2,11.3
2019/06/18,11.3,11.3,11.2,11.3
2019/06/19,11.3,11.4,11.3,11.4
2019/06/20,11.4,11.4,11.4,11.4
2019/06/21,11.4,11.4,11.4,11.4
2019/06/24,11.4,11.4,11.4,11.4
2019/06/25,11.4,11.4,11.4,11.4
2019/06/26,11.4,11.4,11.4,11.4
2019/06/27,11.4,11.4,11.4,11.4
2019/06/28,11.4,11.5,11.4,11.4
2019/07/01,11.4,11.5,11.4,11.4
2019/07/02,11.4,11.4,11.4,11.4
2019/07/03,11.4,11.4,11.3,11.4
2019/07/04,11.4,11.4,11.4,11.4
2019/07/05,11.4,11.4,11.4,11.4
2019/07/08,11.4,11.5,11.4,11.5
2019/07/09,11.5,11.5,11.4,11.5
2019/07/10,11.5,11.5,11.4,11.5
2019/07/11,11.5,11.6,11.4,11.6
2019/07/12,11.6,11.7,11.6,11.6
2019/07/15,11.6,11.6,11.6,11.6
2019/07/16,11.6,11.6,11.6,11.6
2019/07/17,11.6,11.7,11.6,11.7
2019/07/18,11.7,11.8,11.6,11.7
2019/07/19,11.7,11.8,11.7,11.7
2019/07/22,11.8,11.8,11.7,11.8
2019/07/23,11.8,11.8,11.6,11.7
2019/07/24,11.7,11.8,11.6,11.6
2019/07/25,11.6,11.8,11.6,11.8
2019/07/26,11.8,11.8,11.7,11.7
2019/07/29,11.7,11.7,11.6,11.7
2019/07/30,11.7,11.8,11.6,11.6
2019/07/31,11.7,11.7,11.6,11.6
2019/08/01,11.6,11.6,11.5,11.5
2019/08/02,11.4,11.5,11.4,11.4
2019/08/05,11.4,11.5,11.4,11.4
2019/08/06,11.3,11.4,11.2,11.4
2019/08/07,11.4,11.4,11.4,11.4
2019/08/08,11.4,11.4,11.4,11.4
2019/08/12,11.1,11.2,11.0,11.2
2019/08/13,11.2,11.2,11.1,11.1
2019/08/14,11.1,11.2,11.1,11.1
2019/08/15,11.0,11.0,10.9,11.0
2019/08/16,11.0,11.2,11.0,11.0
2019/08/19,11.1,11.2,11.1,11.1
2019/08/20,11.1,11.2,11.1,11.1
2019/08/21,11.1,11.2,11.1,11.1
2019/08/22,11.2,11.2,11.1,11.2
2019/08/23,11.1,11.2,11.1,11.1
2019/08/26,11.0,11.1,11.0,11.0
2019/08/27,11.0,11.1,10.9,10.9
2019/08/28,10.9,11.0,10.9,11.0
2019/08/29,11.0,11.0,10.8,10.9
2019/08/30,10.9,10.9,10.8,10.9
2019/09/02,10.9,11.0,10.9,10.9
2019/09/03,11.0,11.0,10.9,10.9
2019/09/04,11.0,11.0,10.9,11.0
2019/09/05,11.1,11.1,11.0,11.1
2019/09/06,11.2,11.2,11.1,11.2
2019/09/09,11.2,11.3,11.2,11.2
2019/09/10,11.3,11.3,11.2,11.3
2019/09/11,11.3,11.4,11.2,11.3
2019/09/12,11.4,11.4,11.3,11.3
2019/09/16,11.3,11.3,11.2,11.3
2019/09/17,11.3,11.4,11.3,11.4
2019/09/18,11.4,11.5,11.4,11.5
2019/09/19,11.5,11.5,11.4,11.5
2019/09/20,11.5,11.5,11.4,11.5
2019/09/23,11.5,11.5,11.4,11.4
2019/09/24,11.4,11.4,11.4,11.4
2019/09/25,11.4,11.4,11.3,11.4
2019/09/26,11.4,11.4,11.4,11.4
2019/09/27,11.4,11.4,11.3,11.3
2019/10/01,11.3,11.4,11.3,11.4
2019/10/02,11.3,11.4,11.3,11.3
2019/10/03,11.2,11.3,11.2,11.2
2019/10/04,11.2,11.3,11.2,11.2
2019/10/07,11.3,11.3,11.2,11.2
2019/10/08,11.2,11.3,11.2,11.3
2019/10/09,11.2,11.3,11.2,11.2
2019/10/14,11.3,11.3,11.3,11.3
2019/10/15,11.3,11.4,11.3,11.3
2019/10/16,11.4,11.4,11.3,11.4
2019/10/17,11.3,11.4,11.3,11.4
2019/10/18,11.4,11.4,11.3,11.4
2019/10/21,11.4,11.4,11.3,11.4
2019/10/22,11.4,11.4,11.3,11.4
2019/10/23,11.4,11.4,11.3,11.4
2019/10/24,11.4,11.4,11.3,11.4
2019/10/25,11.4,11.4,11.3,11.4
2019/10/28,11.4,11.4,11.4,11.4
2019/10/29,11.4,11.5,11.4,11.4
2019/10/30,11.4,11.5,11.4,11.5
2019/10/31,11.5,11.6,11.4,11.5
2019/11/01,11.5,11.6,11.5,11.6
2019/11/04,11.6,11.6,11.6,11.6
2019/11/05,11.6,11.7,11.6,11.7
2019/11/06,11.8,11.8,11.7,11.8
2019/11/07,11.8,11.9,11.7,11.8
2019/11/08,11.8,11.8,11.7,11.8
2019/11/11,11.8,11.8,11.7,11.7
2019/11/12,11.7,11.8,11.7,11.7
2019/11/13,11.7,11.7,11.6,11.6
2019/11/14,11.7,11.7,11.6,11.6
2019/11/15,11.7,11.7,11.6,11.6
2019/11/18,11.7,11.7,11.6,11.7
2019/11/19,11.7,11.7,11.6,11.7
2019/11/20,11.7,11.7,11.7,11.7
2019/11/21,11.6,11.6,11.6,11.6
2019/11/22,11.6,11.6,11.6,11.6
2019/11/25,11.6,11.7,11.6,11.7
2019/11/26,11.7,11.8,11.7,11.7
2019/11/27,11.7,11.8,11.7,11.8
2019/11/28,11.8,11.8,11.7,11.7
2019/11/29,11.7,11.7,11.6,11.6
2019/12/02,11.6,11.6,11.6,11.6
2019/12/03,11.6,11.7,11.6,11.7
2019/12/04,11.6,11.7,11.6,11.6
2019/12/05,11.6,11.7,11.6,11.7
2019/12/06,11.7,11.7,11.6,11.6
2019/12/09,11.6,11.6,11.6,11.6
2019/12/10,11.6,11.6,11.6,11.6
2019/12/11,11.6,11.6,11.6,11.6
2019/12/12,11.6,11.7,11.6,11.6
2019/12/13,11.7,11.7,11.6,11.7
2019/12/16,11.7,11.8,11.7,11.8
2019/12/17,11.7,11.8,11.7,11.8
2019/12/18,11.8,11.9,11.7,11.8
2019/12/19,11.8,11.9,11.8,11.9
2019/12/20,11.9,11.9,11.8,11.8
2019/12/23,11.8,11.9,11.8,11.9
2019/12/24,11.8,11.9,11.8,11.8
2019/12/25,11.8,11.8,11.8,11.8
2019/12/26,11.8,11.8,11.8,11.8
2019/12/27,11.8,11.9,11.8,11.9
2019/12/30,11.9,11.9,11.8,11.9
2019/12/31,11.8,11.8,11.8,11.8
2020/01/02,11.8,11.8,11.8,11.8
2020/01/03,11.8,11.9,11.8,11.8
2020/01/06,11.8,11.8,11.7,11.7
2020/01/07,11.7,11.7,11.7,11.7
2020/01/08,11.7,11.7,11.6,11.6
2020/01/09,11.6,11.7,11.6,11.7
2020/01/10,11.7,11.8,11.7,11.8
2020/01/13,11.7,11.8,11.7,11.8
2020/01/14,11.8,11.9,11.8,11.8
2020/01/15,11.8,11.8,11.8,11.8
2020/01/16,11.8,11.9,11.8,11.9
2020/01/17,11.9,11.9,11.9,11.9
2020/01/20,11.9,12.0,11.9,12.0
2020/01/30,11.6,11.7,11.5,11.5
2020/01/31,11.5,11.6,11.5,11.5
2020/02/03,11.4,11.5,11.3,11.5
2020/02/04,11.5,11.7,11.5,11.7
2020/02/05,11.7,11.7,11.6,11.7
2020/02/06,11.7,11.8,11.7,11.8
2020/02/07,11.7,11.7,11.6,11.6
2020/02/10,11.6,11.7,11.5,11.7
2020/02/11,11.7,11.8,11.7,11.7
2020/02/12,11.7,11.8,11.7,11.7
2020/02/13,11.8,11.8,11.7,11.8
2020/02/14,11.8,11.8,11.7,11.8
2020/02/17,11.7,11.8,11.7,11.8
2020/02/18,11.8,11.8,11.8,11.8
2020/02/19,11.8,12.0,11.8,11.9
2020/02/20,12.0,12.0,11.9,11.9
2020/02/21,11.9,12.0,11.8,11.9
2020/02/24,11.8,11.8,11.8,11.8
2020/02/25,11.6,11.7,11.6,11.7
2020/02/26,11.6,11.7,11.6,11.7
2020/02/27,11.6,11.7,11.6,11.6
2020/03/02,11.4,11.6,11.4,11.4
2020/03/03,11.5,11.6,11.5,11.6
2020/03/04,11.5,11.6,11.4,11.6
2020/03/05,11.6,11.6,11.5,11.6
2020/03/06,11.5,11.5,11.4,11.4
2020/03/09,11.4,11.4,11.3,11.3
2020/03/10,11.2,11.4,11.1,11.4
2020/03/11,11.3,11.4,11.3,11.3
2020/03/12,11.2,11.2,10.9,11.0
2020/03/13,10.3,10.8,10.2,10.7
2020/03/16,10.5,10.6,10.2,10.2
2020/03/17,9.8,10.0,9.7,9.7
2020/03/18,9.7,9.8,9.2,9.3
2020/03/19,8.8,8.8,8.4,8.4
2020/03/20,8.5,8.9,8.5,8.8
2020/03/23,8.4,8.7,8.2,8.5
2020/03/24,8.9,9.1,8.8,9.0
2020/03/25,9.4,9.7,9.4,9.5
2020/03/26,9.7,9.7,9.3,9.4
2020/03/27,9.7,9.7,9.5,9.6
2020/03/30,9.4,9.6,9.3,9.6
2020/03/31,9.8,9.9,9.5,9.5
2020/04/01,9.5,9.6,9.4,9.4
2020/04/06,9.6,9.6,9.3,9.5
2020/04/07,9.7,9.7,9.5,9.5
2020/04/08,9.5,9.7,9.5,9.6
2020/04/09,9.6,9.7,9.6,9.7
2020/04/10,9.7,10.0,9.7,10.0
2020/04/13,9.8,9.8,9.7,9.8
2020/04/14,9.7,10.0,9.7,9.9
2020/04/15,10.0,10.1,10.0,10.1
2020/04/16,10.0,10.0,9.8,10.0
2020/04/17,10.0,10.1,9.9,10.0
2020/04/20,9.9,10.0,9.8,9.9
2020/04/21,9.8,9.9,9.6,9.6
2020/04/22,9.4,9.6,9.4,9.6
2020/04/23,9.6,9.8,9.6,9.6
2020/04/24,9.6,9.6,9.5,9.5
2020/04/27,9.6,9.8,9.6,9.8
2020/04/28,9.8,9.9,9.8,9.8
2020/04/29,9.8,10.1,9.8,10.1
2020/04/30,10.2,10.4,10.2,10.4
2020/05/04,10.0,10.1,9.8,10.0
2020/05/05,10.0,10.1,10.0,10.0
2020/05/06,10.1,10.1,9.9,10.0
2020/05/07,10.0,10.1,9.9,10.0
2020/05/08,10.1,10.1,10.0,10.1
2020/05/11,10.2,10.3,10.2,10.3
2020/05/12,10.2,10.3,10.1,10.1
2020/05/13,10.1,10.2,10.1,10.1
2020/05/14,10.1,10.1,10.0,10.0
2020/05/15,10.1,10.1,10.0,10.1
2020/05/18,10.1,10.1,10.0,10.1
2020/05/19,10.3,10.3,10.2,10.3
2020/05/20,10.3,10.3,10.2,10.3
2020/05/21,10.3,10.3,10.2,10.3
2020/05/22,10.3,10.3,10.2,10.2
2020/05/25,10.2,10.2,10.1,10.2
2020/05/26,10.3,10.4,10.2,10.3
2020/05/27,10.3,10.4,10.3,10.3
2020/05/28,10.4,10.4,10.3,10.3
2020/05/29,10.3,10.6,10.3,10.6
2020/06/01,10.6,10.8,10.6,10.7
2020/06/02,10.7,10.9,10.7,10.8
2020/06/03,11.0,11.2,10.9,11.1
2020/06/04,11.2,11.2,10.9,11.0
2020/06/05,11.0,11.0,10.9,10.9
2020/06/08,11.0,11.1,10.9,11.1
2020/06/09,11.1,11.1,11.0,11.0
2020/06/10,11.0,11.2,11.0,11.2
2020/06/11,11.1,11.1,10.9,10.9
2020/06/12,10.6,10.8,10.6,10.7
2020/06/15,10.7,10.9,10.7,10.7
2020/06/16,10.8,11.0,10.8,11.0
2020/06/17,11.0,11.1,10.9,11.1
2020/06/18,11.1,11.1,10.9,10.9
2020/06/19,10.9,11.0,10.7,10.7
2020/06/22,10.8,10.9,10.8,10.9
2020/06/23,10.9,11.0,10.8,11.0
2020/06/24,11.0,11.1,10.9,11.0
2020/06/29,10.9,10.9,10.8,10.8
2020/06/30,10.9,11.0,10.9,10.9
2020/07/01,10.9,11.0,10.9,11.0
2020/07/02,11.0,11.0,10.9,10.9
2020/07/03,11.0,11.0,10.9,11.0
2020/07/06,11.0,11.1,11.0,11.1
2020/07/07,11.1,11.2,11.0,11.1
2020/07/08,11.0,11.1,11.0,11.1
2020/07/09,11.1,11.1,11.0,11.0
2020/07/10,11.0,11.0,10.9,11.0
2020/07/13,11.0,11.1,11.0,11.1
2020/07/14,11.1,11.1,11.0,11.0
2020/07/15,11.0,11.1,11.0,11.0
2020/07/16,11.1,11.1,11.0,11.0
2020/07/17,11.1,11.1,11.0,11.0
2020/07/20,11.0,11.0,10.9,10.9
2020/07/21,11.0,11.0,10.9,11.0
2020/07/22,11.0,11.1,11.0,11.1
2020/07/23,11.0,11.1,11.0,11.0
2020/07/24,11.0,11.0,10.9,10.9
2020/07/27,10.9,11.0,10.9,10.9
2020/07/28,10.8,10.9,10.7,10.8
2020/07/29,10.8,11.0,10.8,10.9
2020/07/30,11.0,11.0,10.9,10.9
2020/07/31,10.9,11.0,10.9,10.9
2020/08/03,10.9,10.9,10.8,10.9
2020/08/04,10.9,11.0,10.9,10.9
2020/08/05,11.1,11.2,11.0,11.1
2020/08/06,11.2,11.3,11.1,11.3
2020/08/07,11.3,11.3,11.2,11.3
2020/08/10,11.3,11.4,11.2,11.3
2020/08/11,10.9,11.0,10.8,10.9
2020/08/12,11.0,11.1,11.0,11.0
2020/08/13,11.0,11.0,10.9,11.0
2020/08/14,10.9,11.0,10.9,11.0
2020/08/17,11.0,11.0,10.9,11.0
2020/08/18,11.0,11.0,10.9,11.0
2020/08/19,11.0,11.0,11.0,11.0
2020/08/20,11.0,11.0,10.7,10.8
2020/08/21,10.9,11.3,10.8,11.2
2020/08/24,11.2,11.3,11.0,11.0
2020/08/25,11.0,11.1,11.0,11.0
2020/08/26,11.0,11.1,11.0,11.0
2020/08/27,11.0,11.0,11.0,11.0
2020/08/28,11.0,11.0,10.9,11.0
2020/08/31,11.0,11.1,11.0,11.0
2020/09/01,11.0,11.0,10.9,11.0
2020/09/02,11.0,11.0,10.8,10.9
2020/09/03,10.9,10.9,10.8,10.9
2020/09/04,10.8,10.9,10.7,10.8
2020/09/07,10.8,10.9,10.8,10.9
2020/09/08,10.9,10.9,10.8,10.8
2020/09/09,10.8,10.8,10.7,10.8
2020/09/10,10.8,10.9,10.7,10.9
2020/09/11,10.9,10.9,10.8,10.9
2020/09/14,10.9,10.9,10.8,10.9
2020/09/15,10.9,10.9,10.8,10.9
2020/09/16,10.9,11.0,10.8,11.0
2020/09/17,11.0,11.0,10.8,10.9
2020/09/18,10.9,10.9,10.8,10.9
2020/09/21,10.9,10.9,10.8,10.8
2020/09/22,10.8,10.8,10.7,10.7
2020/09/23,10.7,10.7,10.6,10.6
2020/09/24,10.5,10.6,10.3,10.3
2020/09/25,10.5,10.6,10.4,10.4
2020/09/28,10.5,10.6,10.5,10.6
2020/09/29,10.7,10.7,10.6,10.7
2020/09/30,10.7,10.7,10.6,10.7
2020/10/05,10.7,10.8,10.7,10.7
2020/10/06,10.7,10.8,10.7,10.8
2020/10/07,10.7,10.8,10.7,10.7
2020/10/08,10.8,10.8,10.7,10.8
2020/10/12,10.7,10.8,10.7,10.8
2020/10/13,10.8,10.8,10.7,10.7
2020/10/14,10.7,10.8,10.7,10.7
2020/10/15,10.7,10.7,10.6,10.7
2020/10/16,10.7,10.7,10.6,10.6
2020/10/19,10.7,10.7,10.7,10.7
2020/10/20,10.7,10.7,10.7,10.7
2020/10/21,10.7,10.7,10.6,10.6
2020/10/22,10.6,10.7,10.5,10.5
2020/10/23,10.6,10.7,10.6,10.7
2020/10/26,10.7,10.7,10.7,10.7
2020/10/27,10.7,10.7,10.6,10.7
2020/10/28,10.7,10.7,10.6,10.7
2020/10/29,10.6,10.7,10.5,10.5
2020/10/30,10.5,10.6,10.5,10.5
2020/11/02,10.5,10.6,10.5,10.6
2020/11/03,10.6,10.7,10.6,10.7
2020/11/04,10.7,10.7,10.7,10.7
2020/11/05,10.7,10.8,10.7,10.8
2020/11/06,10.8,10.8,10.7,10.8
2020/11/09,10.9,10.9,10.8,10.9
2020/11/10,10.9,11.0,10.9,11.0
2020/11/11,11.0,11.1,11.0,11.1
2020/11/12,11.2,11.2,10.9,11.0
2020/11/13,11.0,11.0,11.0,11.0
2020/11/16,11.0,11.1,11.0,11.1
2020/11/17,11.0,11.1,11.0,11.1
2020/11/18,11.0,11.1,11.0,11.1
2020/11/19,11.1,11.1,11.0,11.1
2020/11/20,11.1,11.1,11.0,11.1
2020/11/23,11.1,11.1,11.0,11.1
2020/11/24,11.1,11.1,11.0,11.1
2020/11/25,11.1,11.1,11.0,11.1
2020/11/26,11.1,11.1,11.0,11.1
2020/11/27,11.1,11.2,11.0,11.1
2020/11/30,11.1,11.2,11.0,11.1
2020/12/01,11.1,11.2,11.0,11.1
2020/12/02,11.0,11.1,11.0,11.1
2020/12/03,11.0,11.1,11.0,11.0
2020/12/04,11.0,11.1,11.0,11.0
2020/12/07,11.0,11.1,10.9,11.0
2020/12/08,10.9,11.0,10.8,10.8
2020/12/09,10.8,10.8,10.7,10.8
2020/12/10,10.8,10.9,10.7,10.8
2020/12/11,10.8,11.0,10.8,11.0
2020/12/14,11.0,11.0,10.9,10.9
2020/12/15,10.8,10.9,10.7,10.8
2020/12/16,10.8,10.9,10.8,10.9
2020/12/17,10.9,11.0,10.8,11.0
2020/12/18,11.0,11.0,10.9,10.9
2020/12/21,10.9,11.0,10.8,11.0
2020/12/22,10.9,11.0,10.8,10.9
2020/12/23,10.8,10.9,10.8,10.8
2020/12/24,10.8,10.9,10.8,10.9
2020/12/25,10.9,10.9,10.8,10.8
2020/12/28,10.8,10.9,10.8,10.8
2020/12/29,10.8,10.9,10.8,10.9
2020/12/30,10.8,11.1,10.8,11.0
2020/12/31,11.0,11.1,11.0,11.0
2021/01/04,11.0,11.0,10.9,11.0
2021/01/05,11.0,11.0,10.9,11.0
2021/01/06,11.0,11.0,10.9,11.0
2021/01/07,11.0,11.0,11.0,11.0
2021/01/08,11.0,11.1,11.0,11.1
2021/01/11,11.1,11.1,11.0,11.1
2021/01/12,11.1,11.1,11.0,11.0
2021/01/13,11.0,11.1,11.0,11.0
2021/01/14,11.0,11.1,11.0,11.1
2021/01/15,11.1,11.1,11.0,11.0
2021/01/18,11.0,11.0,10.8,10.9
2021/01/19,10.9,10.9,10.9,10.9
2021/01/20,10.9,10.9,10.6,10.7
2021/01/21,10.7,10.8,10.7,10.7
2021/01/22,10.7,10.7,10.6,10.6
2021/01/25,10.6,10.7,10.5,10.7
2021/01/26,10.6,10.6,10.6,10.6
2021/01/27,10.6,10.7,10.6,10.6
2021/01/28,10.5,10.6,10.5,10.5
2021/01/29,10.5,10.5,10.4,10.4
2021/02/01,10.4,10.6,10.4,10.6
2021/02/02,10.5,10.7,10.5,10.5
2021/02/03,10.5,10.6,10.4,10.5
2021/02/04,10.5,10.5,10.4,10.5
2021/02/05,10.5,10.6,10.5,10.6
2021/02/17,10.6,10.8,10.5,10.7
2021/02/18,10.7,10.8,10.7,10.7
2021/02/19,10.7,10.7,10.6,10.7
2021/02/22,10.7,10.8,10.7,10.7
2021/02/23,10.7,10.9,10.7,10.9
2021/02/24,10.9,11.0,10.8,10.9
2021/02/25,11.0,11.0,10.9,11.0
2021/02/26,11.0,11.0,10.8,10.8
2021/03/02,10.9,10.9,10.8,10.8
2021/03/03,10.9,11.0,10.8,10.9
2021/03/04,10.9,11.0,10.8,10.8
2021/03/05,10.8,10.9,10.7,10.9
2021/03/08,10.9,11.0,10.8,10.8
2021/03/09,10.9,11.0,10.9,11.0
2021/03/10,11.0,11.1,11.0,11.0
2021/03/11,11.1,11.1,11.0,11.1
2021/03/12,11.1,11.1,11.0,11.0
2021/03/15,11.0,11.1,11.0,11.1
2021/03/16,11.1,11.1,11.0,11.1
2021/03/17,11.1,11.1,11.0,11.0
2021/03/18,11.0,11.0,11.0,11.0
2021/03/19,11.0,11.0,10.9,10.9
2021/03/22,11.0,11.0,10.9,11.0
2021/03/23,11.0,11.0,11.0,11.0
2021/03/24,11.0,11.0,11.0,11.0
2021/03/25,11.0,11.1,11.0,11.1
2021/03/26,11.1,11.1,11.1,11.1
2021/03/29,11.1,11.2,11.1,11.2
2021/03/30,11.2,11.2,11.1,11.2
2021/03/31,11.2,11.2,11.1,11.2
2021/04/01,11.2,11.2,11.1,11.2
2021/04/06,11.2,11.2,11.1,11.1
2021/04/07,11.1,11.2,11.1,11.2
2021/04/08,11.1,11.2,11.1,11.1
2021/04/09,11.1,11.1,11.0,11.1
2021/04/12,11.1,11.2,11.1,11.2
2021/04/13,11.2,11.2,11.2,11.2
2021/04/14,11.2,11.2,11.2,11.2
2021/04/15,11.2,11.3,11.2,11.3
2021/04/16,11.3,11.4,11.2,11.4
2021/04/19,11.4,11.8,11.4,11.7
2021/04/20,11.7,11.7,11.6,11.7
2021/04/21,11.6,11.6,11.5,11.6
2021/04/22,11.6,11.7,11.6,11.6
2021/04/23,11.6,11.7,11.5,11.6
2021/04/26,11.7,11.7,11.6,11.7
2021/04/27,11.7,11.7,11.7,11.7
2021/04/28,11.7,11.8,11.7,11.8
2021/04/29,11.7,11.8,11.7,11.7
2021/05/03,12.5,12.7,12.2,12.2
2021/05/04,12.3,12.4,11.9,12.0
2021/05/05,12.0,12.2,11.9,12.1
2021/05/06,12.2,12.3,12.2,12.3
2021/05/07,12.4,12.4,12.3,12.4
2021/05/10,12.5,12.7,12.4,12.7
2021/05/11,12.6,12.6,12.3,12.4
2021/05/12,12.4,12.4,11.4,11.9
2021/05/13,11.7,11.9,11.5,11.7
2021/05/14,11.8,11.9,11.7,11.8
2021/05/17,11.5,11.7,11.4,11.5
2021/05/18,11.6,11.9,11.5,11.9
2021/05/19,11.8,11.9,11.8,11.9
2021/05/20,11.8,12.0,11.8,11.9
2021/05/21,12.1,12.2,12.0,12.2
2021/05/24,12.1,12.2,12.0,12.1
2021/05/25,12.1,12.2,12.1,12.2
2021/05/26,12.3,12.3,12.2,12.2
2021/05/27,12.2,12.2,12.0,12.1
2021/05/28,12.2,12.2,12.1,12.2
2021/05/31,12.3,12.3,12.2,12.3
2021/06/01,12.4,12.4,12.3,12.4
2021/06/02,12.6,12.7,12.5,12.6
2021/06/03,12.7,12.7,12.6,12.7
2021/06/04,12.7,12.7,12.6,12.7
2021/06/07,12.7,12.7,12.4,12.7
2021/06/08,12.7,12.8,12.6,12.7
2021/06/09,12.7,12.7,12.5,12.6
2021/06/10,12.6,12.6,12.5,12.6
2021/06/11,12.6,12.6,12.6,12.6
2021/06/15,12.6,12.6,12.5,12.6
2021/06/16,12.5,12.6,12.5,12.6
2021/06/17,12.5,12.6,12.5,12.5
2021/06/18,12.5,12.5,12.4,12.4
2021/06/21,12.4,12.4,12.2,12.3
2021/06/22,12.4,12.4,12.3,12.4
2021/06/23,12.4,12.6,12.4,12.5
2021/06/24,12.5,12.6,12.5,12.5
2021/06/25,12.6,12.6,12.5,12.6
2021/06/28,12.7,12.7,12.6,12.7
2021/06/29,12.7,12.7,12.6,12.6
2021/06/30,12.7,12.7,12.6,12.7
2021/07/01,12.7,12.7,12.6,12.7
2021/07/02,12.7,12.8,12.7,12.7
2021/07/05,12.8,12.9,12.7,12.9
2021/07/06,12.9,13.1,12.9,13.1
2021/07/07,13.1,13.1,13.0,13.1
2021/07/08,13.1,13.3,13.1,13.2
2021/07/09,13.3,13.5,13.3,13.4
2021/07/12,13.5,13.8,13.5,13.5
2021/07/13,13.6,13.7,13.5,13.6
2021/07/14,13.7,13.7,13.5,13.6
2021/07/15,13.6,13.6,13.5,13.5
2021/07/16,13.6,13.8,13.5,13.8
2021/07/19,13.9,14.0,13.8,14.0
2021/07/20,13.9,13.9,13.7,13.7
2021/07/21,13.9,13.9,13.8,13.9
2021/07/22,14.0,14.1,13.9,14.1
2021/07/23,14.1,14.3,14.1,14.3
2021/07/26,14.3,14.6,14.3,14.3
2021/07/27,14.5,14.5,13.9,13.9
2021/07/28,13.9,14.0,13.7,14.0
2021/07/29,14.0,14.2,14.0,14.2
2021/07/30,14.2,14.2,14.1,14.1
2021/08/02,14.3,14.3,14.1,14.2
2021/08/03,14.2,14.2,14.1,14.2
2021/08/04,14.2,14.2,14.1,14.2
2021/08/05,14.2,14.2,14.1,14.2
2021/08/06,14.3,14.3,14.2,14.2
2021/08/09,14.2,14.2,14.1,14.2
2021/08/10,14.2,14.3,14.2,14.2
2021/08/11,14.2,14.3,14.2,14.2
2021/08/12,14.3,14.3,14.2,14.2
2021/08/13,14.2,14.2,14.1,14.1
2021/08/16,14.2,14.2,13.9,14.0
2021/08/17,14.1,14.1,13.9,14.1
2021/08/18,14.0,14.2,14.0,14.2
2021/08/19,14.2,14.2,14.0,14.1
2021/08/20,14.1,14.2,14.0,14.1
2021/08/23,14.2,14.3,14.1,14.2
2021/08/24,14.3,14.7,14.2,14.7
2021/08/25,14.8,14.9,14.6,14.8
2021/08/26,14.8,14.9,14.7,14.9
2021/08/27,14.9,15.4,14.8,15.3
2021/08/30,15.5,16.3,15.5,16.3
2021/08/31,16.3,16.3,15.9,16.1
2021/09/01,16.2,16.4,16.0,16.0
2021/09/02,16.0,16.0,15.7,15.7
2021/09/03,15.7,15.9,15.7,15.9
2021/09/06,16.0,16.2,15.9,16.1
2021/09/07,15.8,16.1,15.7,15.8
2021/09/08,15.8,15.8,15.4,15.5
2021/09/09,15.4,15.7,15.4,15.6
2021/09/10,15.6,15.9,15.6,15.9
2021/09/13,15.9,16.4,15.8,16.1
2021/09/14,16.2,16.3,16.1,16.1
2021/09/15,16.1,16.1,15.9,16.0
2021/09/16,16.0,16.1,15.9,16.0
2021/09/17,16.1,16.1,15.8,15.8
2021/09/22,15.5,15.7,15.4,15.6
2021/09/23,15.7,15.8,15.6,15.7
2021/09/24,15.8,15.9,15.6,15.7
2021/09/27,15.7,15.8,15.6,15.7
2021/09/28,15.6,15.7,15.5,15.7
2021/09/29,15.6,15.7,15.5,15.7
2021/09/30,15.6,15.8,15.5,15.8
2021/10/01,15.7,15.7,15.4,15.5
2021/10/04,15.6,15.6,15.4,15.5
2021/10/05,15.5,15.6,15.5,15.5
2021/10/06,15.6,15.6,15.5,15.5
2021/10/07,15.6,15.7,15.6,15.7
2021/10/08,15.7,15.7,15.6,15.6
2021/10/12,15.5,15.7,15.4,15.7
2021/10/13,15.7,15.7,15.5,15.6
2021/10/14,15.7,15.7,15.5,15.6
2021/10/15,15.7,15.8,15.6,15.8
2021/10/18,15.9,16.3,15.9,16.2
2021/10/19,16.3,16.4,16.1,16.2
2021/10/20,16.3,16.3,16.1,16.1
2021/10/21,16.2,16.2,16.1,16.1
2021/10/22,16.1,16.2,16.1,16.1
2021/10/25,16.1,16.2,16.0,16.2
2021/10/26,16.2,16.3,16.1,16.1
2021/10/27,16.1,16.1,15.9,16.0
2021/10/28,16.0,16.1,15.9,16.1
2021/10/29,16.0,16.1,15.9,15.9
2021/11/01,15.9,16.0,15.8,15.9
2021/11/02,15.9,15.9,15.8,15.8
2021/11/03,15.8,15.8,15.7,15.8
2021/11/04,15.8,15.9,15.8,15.8
2021/11/05,15.8,15.9,15.7,15.9
2021/11/08,15.9,15.9,15.8,15.8
2021/11/09,15.8,15.9,15.8,15.9
2021/11/10,15.9,15.9,15.8,15.9
2021/11/11,15.9,16.1,15.9,16.1
2021/11/12,16.1,16.1,16.0,16.1
2021/11/15,16.1,16.3,16.1,16.1
2021/11/16,16.2,16.3,16.2,16.3
2021/11/17,16.4,16.8,16.4,16.8
2021/11/18,16.8,16.9,16.6,16.8
2021/11/19,16.8,16.8,16.4,16.5
2021/11/22,16.5,16.5,16.2,16.3
2021/11/23,16.3,16.3,16.1,16.2
2021/11/24,16.1,16.4,16.1,16.2
2021/11/25,16.2,16.3,16.2,16.3
2021/11/26,16.2,16.2,15.9,16.0
2021/11/29,15.8,15.8,15.7,15.8
2021/11/30,15.8,16.2,15.8,16.2
2021/12/01,15.9,16.2,15.8,16.2
2021/12/02,16.2,16.2,15.9,16.2
2021/12/03,16.2,16.2,16.1,16.1
2021/12/06,16.1,16.3,16.1,16.3
2021/12/07,16.3,16.5,16.2,16.5
2021/12/08,16.5,16.5,16.3,16.4
2021/12/09,16.5,16.5,16.4,16.5
2021/12/10,16.5,16.6,16.5,16.5
2021/12/13,16.5,16.5,16.4,16.5
2021/12/14,16.4,16.4,16.2,16.3
2021/12/15,16.3,16.3,16.2,16.2
2021/12/16,16.2,16.3,16.1,16.2
2021/12/17,16.2,16.3,16.2,16.3
2021/12/20,16.2,16.3,16.1,16.1
2021/12/21,16.1,16.2,16.1,16.2
2021/12/22,16.2,16.3,16.1,16.2
2021/12/23,16.2,16.3,16.2,16.2
2021/12/24,16.2,16.3,16.2,16.3
2021/12/27,16.3,16.4,16.3,16.3
2021/12/28,16.3,16.5,16.3,16.5
2021/12/29,16.5,16.5,16.5,16.5
2021/12/30,16.5,16.5,16.5,16.5
2022/01/03,16.5,16.6,16.4,16.4
2022/01/04,16.4,16.4,16.3,16.4
2022/01/05,16.3,16.4,16.3,16.3
2022/01/06,16.4,16.5,16.3,16.4
2022/01/07,16.5,16.7,16.4,16.5
2022/01/10,16.5,16.6,16.4,16.6
2022/01/11,16.6,16.9,16.6,16.9
2022/01/12,16.9,17.1,16.7,17.0
2022/01/13,17.0,17.9,17.0,17.8
2022/01/14,17.9,18.2,17.5,17.9
2022/01/17,17.9,18.2,17.6,17.8
2022/01/18,17.8,18.0,17.7,18.0
2022/01/19,17.9,18.1,17.8,17.9
2022/01/20,17.9,17.9,17.5,17.8
2022/01/21,17.6,17.7,17.4,17.5
2022/01/24,17.3,17.4,17.1,17.4
2022/01/25,17.2,17.2,17.0,17.1
2022/01/26,17.1,17.3,17.0,17.1
2022/02/07,17.1,17.6,17.1,17.5
2022/02/08,17.5,17.8,17.5,17.7
2022/02/09,17.8,17.9,17.7,17.8
2022/02/10,17.8,17.8,17.6,17.8
2022/02/11,17.7,17.9,17.7,17.9
2022/02/14,17.6,17.7,17.4,17.7
2022/02/15,17.6,17.7,17.5,17.5
2022/02/16,17.6,17.7,17.5,17.6
2022/02/17,17.6,17.7,17.5,17.6
2022/02/18,17.5,17.6,17.5,17.5
2022/02/21,17.5,17.5,17.4,17.5
2022/02/22,17.4,17.4,17.1,17.3
2022/02/23,17.2,17.3,17.1,17.3
2022/02/24,17.1,17.2,16.8,17.0
2022/02/25,17.0,17.1,16.7,17.0
2022/03/01,16.8,17.2,16.8,17.1
2022/03/02,17.0,17.1,16.9,17.1
2022/03/03,17.1,17.1,16.9,17.1
2022/03/04,16.9,16.9,16.8,16.8
2022/03/07,16.6,16.7,16.2,16.5
2022/03/08,16.0,16.2,15.8,15.9
2022/03/09,15.9,16.1,15.8,15.9
2022/03/10,16.1,16.6,16.1,16.5
2022/03/11,16.5,16.7,16.4,16.5
2022/03/14,16.4,16.5,16.4,16.4
2022/03/15,16.5,16.6,16.4,16.5
2022/03/16,16.6,16.7,16.5,16.7
2022/03/17,16.9,17.1,16.8,16.9
2022/03/18,17.0,17.2,16.9,17.1
2022/03/21,17.1,17.2,17.0,17.1
2022/03/22,17.2,17.3,17.1,17.2
2022/03/23,17.4,17.7,17.3,17.6
2022/03/24,17.7,17.7,17.4,17.5
2022/03/25,17.5,17.6,17.1,17.3
2022/03/28,17.2,17.4,17.1,17.4
2022/03/29,17.3,17.5,17.3,17.4
2022/03/30,17.5,17.7,17.5,17.5
2022/03/31,17.6,18.0,17.5,17.8
2022/04/01,17.8,18.1,17.6,17.9
2022/04/06,17.8,18.4,17.8,18.4
2022/04/07,18.3,18.5,18.0,18.0
2022/04/08,18.1,18.3,17.8,18.2
2022/04/11,18.1,18.4,17.8,18.0
2022/04/12,18.0,18.1,17.8,17.9
2022/04/13,18.0,18.1,17.7,17.9
2022/04/14,17.8,17.9,17.5,17.5
2022/04/15,17.5,17.7,17.3,17.4
2022/04/18,17.3,17.4,16.8,17.0
2022/04/19,17.0,17.3,16.9,16.9
2022/04/20,17.1,17.1,16.8,17.1
2022/04/21,17.1,17.1,16.7,16.8
2022/04/22,16.7,16.9,16.6,16.8
2022/04/25,16.7,16.7,16.5,16.7
2022/04/26,16.7,17.0,16.7,16.8
2022/04/27,16.7,16.8,16.5,16.6
2022/04/28,16.6,16.7,16.5,16.7
2022/04/29,16.7,17.0,16.7,16.9
2022/05/03,16.9,16.9,16.7,16.8
2022/05/04,16.8,16.9,16.7,16.9
2022/05/05,17.0,17.0,16.2,16.5
2022/05/06,16.1,16.2,15.8,16.0
2022/05/09,15.8,15.8,15.5,15.5
2022/05/10,15.0,15.4,14.8,15.2
2022/05/11,15.2,15.3,15.1,15.1
2022/05/12,15.0,15.0,14.4,14.5
2022/05/13,14.5,14.6,14.2,14.5
2022/05/16,14.6,14.8,14.4,14.6
2022/05/17,14.8,14.8,14.5,14.7
2022/05/18,14.7,15.1,14.6,15.0
2022/05/19,14.6,14.7,14.5,14.6
2022/05/20,14.8,15.0,14.7,14.8
2022/05/23,15.1,15.1,14.6,14.8
2022/05/24,14.8,15.0,14.8,14.8
2022/05/25,14.8,14.9,14.6,14.8
2022/05/26,14.9,15.0,14.7,14.8
2022/05/27,14.9,15.1,14.8,15.0
2022/05/30,15.2,15.5,15.1,15.4
2022/05/31,15.4,15.6,15.2,15.6
2022/06/01,15.5,15.6,15.3,15.3
2022/06/02,15.2,15.4,15.1,15.2
2022/06/06,15.4,15.9,15.3,15.7
2022/06/07,15.6,15.7,15.3,15.4
2022/06/08,15.5,15.5,15.3,15.3
2022/06/09,15.2,15.2,15.0,15.1
2022/06/10,14.9,15.1,14.8,14.9
2022/06/13,14.7,14.7,14.5,14.7
2022/06/14,14.6,14.8,14.5,14.7
2022/06/15,14.7,14.8,14.6,14.7
2022/06/16,15.0,15.0,14.7,14.7
2022/06/17,14.6,14.6,14.4,14.5
2022/06/20,14.7,15.0,14.4,14.5
2022/06/21,14.6,15.0,14.5,14.9
2022/06/22,15.0,15.0,14.6,14.7
2022/06/23,14.9,14.9,14.5,14.7
2022/06/24,14.9,14.9,14.7,14.8
2022/06/27,14.9,14.9,14.7,14.7
2022/06/28,14.8,14.8,14.6,14.7
2022/06/29,14.6,14.7,14.5,14.5
2022/06/30,14.5,14.5,14.2,14.2
2022/07/01,14.1,14.2,13.9,13.9
2022/07/04,13.9,14.2,13.8,14.0
2022/07/05,14.2,14.2,13.9,14.0
2022/07/06,14.0,14.0,13.7,13.7
2022/07/07,13.8,13.8,13.5,13.7
2022/07/08,13.7,13.9,13.7,13.8
2022/07/11,13.8,13.9,13.5,13.5
2022/07/12,13.4,13.4,12.9,12.9
2022/07/13,13.1,13.5,13.1,13.3
2022/07/14,13.3,13.5,13.2,13.3
2022/07/15,13.3,13.3,13.0,13.0
2022/07/18,13.1,13.3,13.0,13.2
2022/07/19,13.1,13.3,13.1,13.2
2022/07/20,13.3,13.5,13.1,13.2
2022/07/21,13.1,13.4,13.1,13.4
2022/07/22,13.3,13.7,13.2,13.6
2022/07/25,13.6,13.7,13.5,13.6
2022/07/26,13.6,13.6,13.5,13.5
2022/07/27,13.5,13.6,13.5,13.5
2022/07/28,13.6,13.8,13.5,13.7
2022/07/29,13.8,13.9,13.5,13.7
2022/08/01,13.7,13.8,13.6,13.8
2022/08/02,13.6,13.7,13.5,13.7
2022/08/03,13.7,13.7,13.5,13.6
2022/08/04,13.6,13.7,13.5,13.6
2022/08/05,13.7,13.8,13.7,13.8
2022/08/08,13.8,13.9,13.7,13.8
2022/08/09,13.7,13.9,13.7,13.8
2022/08/10,13.8,14.4,13.8,14.3
2022/08/11,14.6,14.8,14.5,14.7
2022/08/12,14.8,14.8,14.5,14.7
2022/08/15,14.8,15.0,14.8,14.9
2022/08/16,14.9,15.1,14.9,15.1
2022/08/17,15.1,15.3,15.1,15.2
2022/08/18,15.3,15.3,15.1,15.2
2022/08/19,15.2,15.2,15.1,15.2
2022/08/22,15.1,15.3,15.1,15.2
2022/08/23,15.1,15.2,15.1,15.1
2022/08/24,14.8,14.8,14.3,14.3
2022/08/25,14.3,14.5,14.3,14.3
2022/08/26,14.4,14.4,14.2,14.3
2022/08/29,14.0,14.0,13.9,13.9
2022/08/30,13.9,14.0,13.8,13.9
2022/08/31,13.8,14.0,13.8,13.9
2022/09/01,13.8,13.8,13.7,13.7
2022/09/02,13.7,13.8,13.6,13.6
2022/09/05,13.7,13.8,13.6,13.8
2022/09/06,13.8,13.9,13.8,13.9
2022/09/07,13.8,13.8,13.5,13.5
2022/09/08,13.6,13.8,13.4,13.8
2022/09/12,13.9,13.9,13.7,13.8
2022/09/13,13.9,13.9,13.8,13.8
2022/09/14,13.6,13.7,13.5,13.6
2022/09/15,13.6,13.8,13.6,13.7
2022/09/16,13.6,13.7,13.5,13.5
2022/09/19,13.6,13.7,13.6,13.6
2022/09/20,13.6,13.6,13.5,13.5
2022/09/21,13.5,13.5,13.3,13.4
2022/09/22,13.3,13.3,13.1,13.1
2022/09/23,13.0,13.2,13.0,13.1
2022/09/26,13.0,13.0,12.8,12.8
2022/09/27,12.8,13.0,12.7,12.7
2022/09/28,12.7,12.9,12.4,12.5
2022/09/29,12.6,12.7,12.6,12.7
2022/09/30,12.6,12.7,12.5,12.5
2022/10/03,12.4,12.5,12.2,12.3
2022/10/04,12.4,12.5,12.2,12.4
2022/10/05,12.4,12.7,12.4,12.5
2022/10/06,12.6,12.6,12.4,12.5
2022/10/07,12.4,12.7,12.4,12.6
2022/10/11,12.5,12.5,12.1,12.1
2022/10/12,12.2,12.2,12.0,12.2
2022/10/13,12.2,12.2,11.7,11.8
2022/10/14,12.0,12.0,11.8,11.8
2022/10/17,11.7,11.8,11.6,11.7
2022/10/18,12.0,12.0,11.8,12.0
2022/10/19,11.9,11.9,11.6,11.8
2022/10/20,11.6,11.8,11.4,11.7
2022/10/21,11.6,11.9,11.6,11.8
2022/10/24,12.0,12.1,11.8,11.9
2022/10/25,12.0,12.0,11.7,12.0
2022/10/26,12.0,12.3,11.9,12.2
2022/10/27,12.3,12.5,12.3,12.4
2022/10/28,12.4,12.5,12.2,12.3
2022/10/31,12.4,12.5,12.1,12.1
2022/11/01,12.2,12.4,12.2,12.4
2022/11/02,12.4,12.4,12.3,12.3
2022/11/03,12.2,12.2,12.1,12.1
2022/11/04,12.0,12.2,11.9,12.2
2022/11/07,12.3,12.5,12.2,12.5
2022/11/08,12.6,12.6,12.4,12.6
2022/11/09,12.7,12.9,12.6,12.9
2022/11/10,12.9,12.9,12.7,12.9
2022/11/11,13.2,13.3,13.1,13.3
2022/11/14,13.5,13.6,13.3,13.5
2022/11/15,13.5,13.6,13.3,13.6
2022/11/16,13.5,13.6,13.3,13.5
2022/11/17,13.5,13.5,13.2,13.3
2022/11/18,13.3,13.4,13.1,13.2
2022/11/21,13.2,13.4,13.1,13.3
2022/11/22,13.3,13.4,13.2,13.3
2022/11/23,13.4,13.5,13.3,13.4
2022/11/24,13.5,13.5,13.3,13.5
2022/11/25,13.5,13.6,13.4,13.6
2022/11/28,13.4,13.5,13.3,13.4
2022/11/29,13.5,13.7,13.3,13.7
2022/11/30,13.8,13.9,13.6,13.8
2022/12/01,13.9,14.0,13.7,13.8
2022/12/02,13.8,13.8,13.6,13.6
2022/12/05,13.6,13.7,13.5,13.6
2022/12/06,13.5,13.7,13.4,13.4
2022/12/07,13.4,13.8,13.4,13.8
2022/12/08,13.7,13.8,13.5,13.5
2022/12/09,13.7,13.8,13.6,13.8
2022/12/12,13.6,13.7,13.5,13.6
2022/12/13,13.7,13.8,13.6,13.7
2022/12/14,13.7,13.8,13.7,13.8
2022/12/15,13.7,13.8,13.7,13.8
2022/12/16,13.6,13.8,13.6,13.7
2022/12/19,13.6,13.9,13.6,13.9
2022/12/20,13.8,13.9,13.7,13.7
2022/12/21,13.7,13.8,13.7,13.8
2022/12/22,13.8,13.9,13.8,13.9
2022/12/23,13.7,13.9,13.7,13.9
2022/12/26,13.8,13.9,13.8,13.8
2022/12/27,13.8,13.9,13.8,13.9
2022/12/28,13.8,13.8,13.8,13.8
2022/12/29,13.7,13.8,13.5,13.8
2022/12/30,13.8,14.0,13.7,13.8
2023/01/03,13.8,13.8,13.6,13.8
2023/01/04,13.8,13.9,13.7,13.9
2023/01/05,13.9,14.1,13.9,14.1
2023/01/06,14.1,14.1,14.0,14.0
2023/01/09,14.1,14.3,14.1,14.3
2023/01/10,14.3,14.3,14.2,14.3
2023/01/11,14.3,14.4,14.2,14.3
2023/01/12,14.3,14.3,14.1,14.2
2023/01/13,14.3,14.4,14.3,14.3
2023/01/16,14.4,14.4,14.3,14.4
2023/01/17,14.4,14.5,14.4,14.4
2023/01/30,14.6,15.3,14.6,15.3
2023/01/31,15.1,15.1,14.8,14.8
2023/02/01,14.8,14.9,14.7,14.8
2023/02/02,14.8,14.9,14.7,14.8
2023/02/03,14.8,14.9,14.7,14.9
2023/02/06,14.9,14.9,14.8,14.8
2023/02/07,14.8,14.8,14.7,14.7
2023/02/08,14.8,14.8,14.7,14.7
2023/02/09,14.7,14.8,14.7,14.8
2023/02/10,14.7,14.8,14.7,14.8
2023/02/13,14.8,14.9,14.7,14.9
2023/02/14,14.9,15.0,14.9,14.9
2023/02/15,14.9,14.9,14.8,14.8
2023/02/16,14.9,14.9,14.8,14.8
2023/02/17,14.8,15.0,14.8,15.0
2023/02/20,15.0,15.2,14.9,15.2
2023/02/21,15.1,15.2,15.0,15.1
2023/02/22,15.0,15.2,14.9,15.1
2023/02/23,15.1,15.2,15.0,15.1
2023/02/24,15.2,15.2,15.0,15.0
2023/03/01,14.9,15.1,14.9,14.9
2023/03/02,14.9,15.0,14.8,14.9
2023/03/03,14.9,15.0,14.8,14.9
2023/03/06,15.0,15.0,14.8,15.0
2023/03/07,15.0,15.1,14.9,15.1
2023/03/08,15.0,15.1,15.0,15.1
2023/03/09,15.1,15.1,14.9,15.0
2023/03/10,14.9,14.9,14.8,14.8
2023/03/13,14.6,14.8,14.4,14.8
2023/03/14,14.5,14.6,14.4,14.5
2023/03/15,14.7,14.8,14.5,14.5
2023/03/16,14.4,14.4,14.2,14.3
2023/03/17,14.3,14.6,14.3,14.6
2023/03/20,14.6,14.7,14.5,14.6
2023/03/21,14.7,14.8,14.7,14.7
2023/03/22,14.8,14.9,14.7,14.9
2023/03/23,14.8,15.1,14.8,15.1
2023/03/24,15.1,15.1,14.9,15.1
2023/03/27,15.1,15.1,14.9,15.0
2023/03/28,15.0,15.1,14.9,15.0
2023/03/29,15.0,15.1,14.9,15.0
2023/03/30,15.0,15.0,14.9,15.0
2023/03/31,15.0,15.2,15.0,15.2
2023/04/06,15.2,15.2,15.1,15.2
2023/04/07,15.2,15.3,15.2,15.2
2023/04/10,15.2,15.3,15.2,15.3
2023/04/11,15.3,15.3,15.2,15.3
2023/04/12,15.3,15.5,15.3,15.5
2023/04/13,15.4,15.6,15.4,15.6
2023/04/14,15.6,15.7,15.6,15.7
2023/04/17,15.6,15.8,15.6,15.7
2023/04/18,15.7,15.8,15.6,15.8
2023/04/19,15.8,15.9,15.6,15.7
2023/04/20,15.5,15.6,15.4,15.6
2023/04/21,15.5,15.7,15.5,15.7
2023/04/24,15.5,15.7,15.5,15.7
2023/04/25,15.8,15.8,15.6,15.6
2023/04/26,15.6,15.8,15.6,15.8
2023/04/27,15.7,15.8,15.7,15.7
2023/04/28,15.8,15.8,15.7,15.8
2023/05/02,15.8,15.9,15.8,15.9
2023/05/03,15.9,15.9,15.8,15.8
2023/05/04,15.8,15.9,15.8,15.9
2023/05/05,15.9,16.1,15.9,16.0
2023/05/08,16.4,16.6,16.4,16.4
2023/05/09,16.4,16.5,16.3,16.5
2023/05/10,16.5,16.6,16.4,16.5
2023/05/11,16.5,16.8,16.5,16.7
2023/05/12,16.7,16.8,16.6,16.7
2023/05/15,16.6,16.7,16.4,16.6
2023/05/16,16.7,16.8,16.6,16.8
2023/05/17,16.8,16.9,16.7,16.9
2023/05/18,16.9,16.9,16.8,16.9
2023/05/19,16.9,16.9,16.7,16.9
2023/05/22,16.9,17.0,16.8,16.9
2023/05/23,16.9,17.1,16.9,17.1
2023/05/24,17.1,17.1,16.9,17.1
2023/05/25,17.0,17.0,16.8,16.8
2023/05/26,16.7,16.9,16.6,16.8
2023/05/29,16.8,16.9,16.7,16.8
2023/05/30,16.8,16.9,16.8,16.9
2023/05/31,16.9,16.9,16.8,16.8
2023/06/01,16.9,16.9,16.7,16.8
2023/06/02,16.8,16.9,16.7,16.9
2023/06/05,16.9,17.2,16.9,17.0
2023/06/06,17.0,17.1,16.9,17.0
2023/06/07,17.0,17.2,17.0,17.2
2023/06/08,17.2,17.2,17.1,17.2
2023/06/09,17.3,17.5,17.2,17.4
2023/06/12,17.5,17.6,17.3,17.4
2023/06/13,17.4,17.5,17.3,17.4
2023/06/14,17.4,17.5,17.3,17.5
2023/06/15,17.5,17.5,17.4,17.4
2023/06/16,17.3,17.5,17.3,17.4
2023/06/19,17.3,17.3,17.2,17.3
2023/06/20,17.3,17.4,17.2,17.4
2023/06/21,17.4,17.5,17.3,17.5
2023/06/26,17.5,17.6,17.4,17.5
2023/06/27,17.5,17.5,17.4,17.5
2023/06/28,17.4,17.5,17.4,17.4
2023/06/29,17.5,17.5,17.3,17.4
2023/06/30,17.3,17.4,17.2,17.3
2023/07/03,17.3,17.4,17.3,17.4
2023/07/04,17.4,17.4,17.3,17.3
2023/07/05,17.2,17.3,17.2,17.3
2023/07/06,17.3,17.3,16.8,16.9
2023/07/07,16.8,16.8,16.5,16.7
2023/07/10,16.7,17.0,16.7,16.8
2023/07/11,17.0,17.3,16.9,17.2
2023/07/12,17.2,17.3,17.1,17.2
2023/07/13,17.4,17.4,17.2,17.2
2023/07/14,17.3,17.4,17.2,17.4
2023/07/17,17.4,17.5,17.3,17.5
2023/07/18,17.5,17.8,17.5,17.7
2023/07/19,17.8,17.8,17.5,17.6
2023/07/20,17.6,17.7,17.5,17.7
2023/07/21,17.6,17.7,17.5,17.6
2023/07/24,17.6,17.6,17.5,17.5
2023/07/25,17.5,17.6,17.5,17.6
2023/07/26,17.3,17.6,17.3,17.5
2023/07/27,17.6,17.7,17.4,17.5
2023/07/28,17.5,17.5,17.4,17.4
2023/07/31,17.5,17.6,17.4,17.4
2023/08/01,17.4,17.5,17.4,17.5
2023/08/02,17.4,17.5,17.3,17.3
2023/08/04,17.3,17.4,17.2,17.3
2023/08/07,17.3,17.5,17.3,17.4
2023/08/08,17.4,17.4,17.3,17.3
2023/08/09,17.3,17.5,17.3,17.4
2023/08/10,17.4,17.4,17.3,17.3
2023/08/11,17.4,17.5,17.4,17.5
2023/08/14,17.5,17.5,17.1,17.2
2023/08/15,17.2,17.3,17.0,17.0
2023/08/16,16.9,16.9,16.7,16.8
2023/08/17,16.7,16.9,16.5,16.8
2023/08/18,16.7,16.9,16.7,16.8
2023/08/21,16.8,17.0,16.8,16.9
2023/08/22,17.0,17.0,16.9,16.9
2023/08/23,16.9,17.0,16.9,16.9
2023/08/24,16.9,17.0,16.9,16.9
2023/08/25,16.9,16.9,16.9,16.9
2023/08/28,16.9,17.1,16.9,16.9
2023/08/29,17.1,17.1,17.0,17.1
2023/08/30,17.1,17.3,17.1,17.2
2023/08/31,17.2,17.3,16.9,16.9
2023/09/01,17.0,17.2,17.0,17.0
2023/09/04,17.0,17.2,17.0,17.1
2023/09/05,17.1,17.2,17.1,17.1
2023/09/06,17.0,17.1,16.9,17.0
2023/09/07,16.9,17.0,16.9,16.9
2023/09/08,16.9,16.9,16.9,16.9
2023/09/11,16.9,16.9,16.9,16.9
2023/09/12,16.9,17.0,16.9,17.0
2023/09/13,17.0,17.0,16.9,16.9
2023/09/14,17.0,17.3,17.0,17.3
2023/09/15,17.3,17.4,17.2,17.4
2023/09/18,17.3,17.4,17.2,17.3
2023/09/19,17.2,17.3,17.2,17.2
2023/09/20,17.2,17.2,17.1,17.1
2023/09/21,17.1,17.1,16.9,16.9
2023/09/22,16.9,17.0,16.8,16.9
2023/09/25,17.0,17.1,16.9,17.0
2023/09/26,17.1,17.1,16.9,16.9
2023/09/27,16.9,17.1,16.9,17.0
2023/09/28,17.0,17.1,17.0,17.0
2023/10/02,17.1,17.1,17.0,17.0
2023/10/03,16.9,16.9,16.9,16.9
2023/10/04,16.9,16.9,16.7,16.8
2023/10/05,16.9,16.9,16.8,16.8
2023/10/06,16.9,17.0,16.8,16.9
2023/10/11,16.7,16.9,16.7,16.9
2023/10/12,16.9,17.1,16.9,17.1
2023/10/13,17.1,17.2,16.9,17.0
2023/10/16,16.9,17.0,16.9,17.0
2023/10/17,17.0,17.1,16.9,17.0
2023/10/18,17.0,17.0,16.9,17.0
2023/10/19,17.0,17.0,16.9,16.9
2023/10/20,16.9,16.9,16.5,16.9
2023/10/23,16.8,16.9,16.7,16.8
2023/10/24,16.8,16.8,16.6,16.8
2023/10/25,16.8,16.8,16.7,16.8
2023/10/26,16.6,16.7,16.6,16.6
2023/10/27,16.6,16.7,16.6,16.6
2023/10/30,16.6,16.6,16.4,16.5
2023/10/31,16.4,16.5,16.4,16.4
2023/11/01,16.4,16.5,16.3,16.4
2023/11/02,16.6,16.8,16.5,16.7
2023/11/03,16.8,16.9,16.7,16.8
2023/11/06,16.9,17.0,16.8,17.0
2023/11/07,16.9,17.0,16.9,16.9
2023/11/08,16.9,17.0,16.9,17.0
2023/11/09,17.0,17.0,16.9,16.9
2023/11/10,16.9,16.9,16.9,16.9
2023/11/13,16.9,17.0,16.9,16.9
2023/11/14,17.0,17.0,16.9,17.0
2023/11/15,17.1,17.2,17.0,17.1
2023/11/16,17.2,17.2,17.1,17.2
2023/11/17,17.2,17.3,17.1,17.1
2023/11/20,17.1,17.2,17.0,17.2
2023/11/21,17.2,17.4,17.2,17.4
2023/11/22,17.4,17.4,17.2,17.2
2023/11/23,17.2,17.3,17.1,17.2
2023/11/24,17.2,17.2,17.1,17.2
2023/11/27,17.2,17.3,17.1,17.2
2023/11/28,17.2,17.4,17.2,17.3
2023/11/29,17.3,17.3,17.1,17.2
2023/11/30,17.1,17.4,17.1,17.4
2023/12/01,17.3,17.3,17.1,17.1
2023/12/04,17.2,17.3,17.1,17.1
2023/12/05,17.1,17.1,17.0,17.0
2023/12/06,17.0,17.2,17.0,17.1
2023/12/07,17.1,17.1,17.0,17.1
2023/12/08,17.1,17.1,17.0,17.0
2023/12/11,17.1,17.1,17.0,17.1
2023/12/12,17.2,17.2,17.0,17.1
2023/12/13,17.1,17.1,17.0,17.1
2023/12/14,17.1,17.2,17.1,17.2
2023/12/15,17.2,17.2,17.0,17.0
2023/12/18,17.0,17.1,17.0,17.0
2023/12/19,16.9,17.0,16.8,16.9
2023/12/20,16.9,17.0,16.9,16.9
2023/12/21,16.8,16.9,16.8,16.9
2023/12/22,16.9,16.9,16.9,16.9
2023/12/25,16.9,16.9,16.9,16.9
2023/12/26,17.0,17.1,16.9,17.0
2023/12/27,17.0,17.1,17.0,17.1
2023/12/28,17.0,17.2,17.0,17.2
2023/12/29,17.2,17.2,17.1,17.2
2024/01/02,17.2,17.2,17.1,17.2
2024/01/03,17.1,17.1,16.9,17.0
2024/01/04,17.0,17.1,16.9,17.0
2024/01/05,17.0,17.1,17.0,17.0
2024/01/08,17.0,17.2,17.0,17.1
2024/01/09,17.1,17.1,17.0,17.0
2024/01/10,17.0,17.0,16.9,16.9
2024/01/11,16.9,17.0,16.9,16.9
2024/01/12,16.9,16.9,16.8,16.8
2024/01/15,16.8,16.9,16.8,16.8
2024/01/16,16.7,16.7,16.4,16.5
2024/01/17,16.4,16.4,16.2,16.2
2024/01/18,16.2,16.4,16.2,16.2
2024/01/19,16.2,16.4,16.2,16.3
2024/01/22,16.3,16.4,16.2,16.2
2024/01/23,16.2,16.3,16.2,16.2
2024/01/24,16.3,16.4,16.2,16.4
2024/01/25,16.4,16.5,16.3,16.4
2024/01/26,16.3,16.6,16.3,16.6
2024/01/29,16.5,16.6,16.5,16.5
2024/01/30,16.5,16.5,16.3,16.3
2024/01/31,16.3,16.4,16.2,16.3
2024/02/01,16.4,16.5,16.3,16.4
2024/02/02,16.4,16.5,16.3,16.4
2024/02/05,16.3,16.4,16.2,16.3
2024/02/15,16.3,16.5,16.2,16.3
2024/02/16,16.3,16.4,16.3,16.3
2024/02/19,16.4,16.5,16.4,16.5
2024/02/20,16.5,16.6,16.4,16.5
2024/02/21,16.6,16.6,16.5,16.6
2024/02/22,16.6,16.6,16.5,16.6
2024/02/23,16.6,16.6,16.5,16.5
2024/02/26,16.5,16.5,16.4,16.4
2024/02/27,16.4,16.6,16.4,16.4
2024/02/29,16.4,16.6,16.4,16.6
2024/03/01,16.5,16.6,16.5,16.5
2024/03/04,16.5,16.6,16.5,16.5
2024/03/05,16.5,16.6,16.5,16.5
2024/03/06,16.6,16.9,16.5,16.9
2024/03/07,16.8,16.9,16.8,16.9
2024/03/08,16.8,17.0,16.8,17.0
2024/03/11,17.0,17.1,16.9,16.9
2024/03/12,17.0,17.1,16.9,17.0
2024/03/13,16.9,17.1,16.9,17.1
2024/03/14,17.1,17.3,17.1,17.3
2024/03/15,17.3,17.3,17.0,17.3
2024/03/18,17.3,17.3,17.1,17.2
2024/03/19,17.1,17.1,17.0,17.0
2024/03/20,17.0,17.1,17.0,17.0
2024/03/21,17.0,17.2,17.0,17.2
2024/03/22,17.1,17.2,17.1,17.2
2024/03/25,17.1,17.2,17.1,17.1
2024/03/26,17.1,17.2,17.0,17.2
2024/03/27,17.2,17.2,17.1,17.2
2024/03/28,17.2,17.2,17.1,17.1
2024/03/29,17.2,17.3,17.1,17.1
2024/04/01,17.2,17.2,17.1,17.2
2024/04/02,17.2,17.2,17.1,17.2
2024/04/03,17.2,17.2,17.0,17.0
2024/04/08,17.0,17.2,17.0,17.2
2024/04/09,17.2,17.3,17.2,17.2
2024/04/10,17.2,17.3,17.1,17.2
2024/04/11,17.1,17.2,17.1,17.1
2024/04/12,17.1,17.1,17.0,17.0
2024/04/15,17.0,17.1,16.9,17.0
2024/04/16,16.9,17.0,16.6,16.6
2024/04/17,16.6,16.8,16.6,16.7
2024/04/18,16.7,16.8,16.6,16.8
2024/04/19,16.6,16.8,16.4,16.5
2024/04/22,16.6,16.9,16.6,16.8
2024/04/23,16.9,17.0,16.8,16.9
2024/04/24,16.9,16.9,16.8,16.8
2024/04/25,16.8,16.8,16.6,16.6
2024/04/26,16.8,16.9,16.8,16.8
2024/04/29,16.8,17.1,16.8,17.0
2024/04/30,17.1,17.3,17.1,17.1
2024/05/02,17.1,17.3,17.1,17.2
2024/05/03,17.4,17.6,17.3,17.5
2024/05/06,17.5,17.9,17.5,17.9
2024/05/07,17.9,17.9,17.6,17.8
2024/05/08,17.8,17.8,17.7,17.8
2024/05/09,17.8,17.9,17.6,17.6
2024/05/10,17.7,17.9,17.6,17.9
2024/05/13,17.9,17.9,17.7,17.9
2024/05/14,17.9,17.9,17.8,17.8
2024/05/15,17.9,17.9,17.8,17.8
2024/05/16,17.8,17.9,17.8,17.9
2024/05/17,17.9,18.0,17.8,18.0
2024/05/20,18.0,18.1,17.9,18.1
2024/05/21,18.1,18.1,17.8,17.9
2024/05/22,17.9,18.0,17.9,18.0
2024/05/23,17.8,17.9,17.8,17.8
2024/05/24,17.7,17.9,17.7,17.7
2024/05/27,17.7,17.8,17.6,17.6
2024/05/28,17.7,17.8,17.6,17.7
2024/05/29,17.7,17.7,17.4,17.4
2024/05/30,17.4,17.5,17.3,17.4
2024/05/31,17.4,17.6,17.4,17.5
2024/06/03,17.6,17.7,17.6,17.6
2024/06/04,17.5,17.6,17.4,17.5
2024/06/05,17.5,17.6,17.4,17.5
2024/06/06,17.5,17.8,17.5,17.7
2024/06/07,17.7,17.9,17.7,17.9
2024/06/11,17.7,17.9,17.7,17.8
2024/06/12,17.7,17.8,17.7,17.7
2024/06/13,17.8,17.9,17.7,17.7
2024/06/14,17.7,17.9,17.7,17.9
2024/06/17,17.9,17.9,17.8,17.8
2024/06/18,17.9,17.9,17.7,17.8
2024/06/19,17.8,17.9,17.8,17.8
2024/06/20,17.8,17.9,17.7,17.7
2024/06/21,17.8,17.9,17.8,17.8
2024/06/24,17.8,17.9,17.7,17.9
2024/06/25,17.9,18.0,17.9,18.0
2024/06/26,18.0,18.0,17.9,17.9
2024/06/27,17.8,17.9,17.8,17.9
2024/06/28,17.9,18.0,17.9,17.9
2024/07/01,18.0,18.0,17.9,17.9
2024/07/02,17.9,17.9,17.8,17.9
2024/07/03,17.9,18.3,17.9,18.3
2024/07/04,18.3,18.4,18.2,18.4
2024/07/05,18.4,18.4,18.3,18.3
2024/07/08,18.3,18.6,18.3,18.6
2024/07/09,18.7,18.7,18.5,18.7
2024/07/10,18.7,18.8,18.7,18.8
2024/07/11,18.9,19.1,18.9,19.0
2024/07/12,19.0,19.1,18.9,19.1
2024/07/15,19.1,19.2,18.9,19.0
2024/07/16,19.0,19.0,18.8,19.0
2024/07/17,19.0,19.1,18.9,18.9
2024/07/18,18.9,19.1,18.8,19.0
2024/07/19,19.0,19.0,18.6,18.8
2024/07/22,18.7,18.7,18.5,18.7
2024/07/23,18.7,19.0,18.7,19.0
2024/07/26,18.9,19.1,18.8,19.1
2024/07/29,19.1,19.4,19.1,19.4
2024/07/30,19.4,19.4,19.1,19.2
2024/07/31,19.2,19.4,19.2,19.3
2024/08/01,19.4,19.4,19.1,19.2
2024/08/02,19.0,19.1,18.8,19.1
2024/08/05,18.7,18.7,17.8,17.9
2024/08/06,17.8,17.8,16.8,17.4
2024/08/07,17.2,17.4,17.1,17.3
2024/08/08,17.3,17.6,17.2,17.5
2024/08/09,17.6,18.0,17.6,17.7
2024/08/12,17.8,18.1,17.8,18.0
2024/08/13,18.1,18.1,17.9,18.1
2024/08/14,18.2,18.6,18.2,18.6
2024/08/15,18.7,18.8,18.2,18.2
2024/08/16,18.4,18.6,18.3,18.6
2024/08/19,18.6,18.6,18.4,18.4
2024/08/20,18.5,18.6,18.4,18.6
2024/08/21,18.6,18.6,18.4,18.6
2024/08/23,19.2,19.3,18.8,19.2
2024/08/26,19.3,19.9,19.2,19.8
2024/08/27,19.9,19.9,19.0,19.0
2024/08/28,19.0,19.0,18.5,18.7
2024/08/29,18.5,18.6,18.2,18.2
2024/08/30,18.3,18.4,18.2,18.3
2024/09/02,18.4,18.6,18.4,18.5
2024/09/03,18.4,18.4,18.1,18.3
2024/09/04,17.8,18.0,17.6,18.0
2024/09/05,18.0,18.3,17.9,18.0
2024/09/06,18.0,18.4,17.9,18.3
2024/09/09,18.0,18.7,17.9,18.5
2024/09/10,18.6,18.7,18.3,18.6
2024/09/11,18.6,18.6,18.1,18.3
2024/09/12,18.3,18.3,17.6,18.1
2024/09/13,18.2,18.6,18.1,18.6
2024/09/16,18.6,18.7,18.4,18.7
2024/09/18,18.5,18.5,17.9,18.0
2024/09/19,18.1,18.5,18.0,18.4
2024/09/20,18.3,18.4,17.9,18.1
2024/09/23,18.1,18.2,17.9,18.1
2024/09/24,18.0,18.2,17.9,18.2
2024/09/25,18.2,18.2,18.1,18.2
2024/09/26,18.2,18.3,18.0,18.2
2024/09/27,18.2,18.2,18.1,18.2
2024/09/30,18.2,18.3,18.1,18.2
2024/10/01,18.1,18.2,18.1,18.2
2024/10/04,18.1,18.1,18.0,18.0
2024/10/07,18.0,18.0,17.9,18.0
2024/10/08,17.9,18.0,17.7,18.0
2024/10/09,18.0,18.0,17.8,17.9
2024/10/11,17.8,17.9,17.6,17.6
2024/10/14,17.5,17.5,17.2,17.3
2024/10/15,17.2,17.4,16.9,17.4
2024/10/16,17.0,17.2,17.0,17.2
2024/10/17,17.3,17.3,17.1,17.3
2024/10/18,17.4,17.5,17.3,17.4
2024/10/21,17.4,17.4,17.2,17.3
2024/10/22,17.3,17.3,17.2,17.3
2024/10/23,17.3,17.3,17.0,17.0
2024/10/24,17.0,17.1,17.0,17.0
2024/10/25,17.0,17.1,17.0,17.0
2024/10/28,17.1,17.3,17.0,17.1
2024/10/29,17.0,17.1,16.9,17.0
2024/10/30,17.1,17.1,16.8,16.9
2024/11/01,16.7,16.9,16.7,16.8
2024/11/04,16.8,16.9,16.8,16.9
2024/11/05,16.9,17.1,16.9,17.0
2024/11/06,17.1,17.1,16.9,16.9
2024/11/07,16.9,17.0,16.9,17.0
2024/11/08,17.0,17.1,16.9,17.0
2024/11/11,17.0,17.1,16.9,17.0
2024/11/12,16.9,17.0,16.8,16.8
2024/11/13,16.8,16.9,16.7,16.9
2024/11/14,16.8,16.9,16.6,16.7
2024/11/15,16.6,16.9,16.6,16.7
2024/11/18,16.7,16.9,16.7,16.7
2024/11/19,16.8,17.3,16.8,17.3
2024/11/20,17.2,17.3,17.0,17.2
2024/11/21,17.2,17.2,17.0,17.1
2024/11/22,17.2,17.3,17.1,17.2
2024/11/25,17.2,17.8,17.1,17.8
2024/11/26,17.6,17.6,17.3,17.4
2024/11/27,17.4,17.5,17.2,17.3
2024/11/28,17.3,17.3,17.1,17.1
2024/11/29,17.0,17.1,16.9,16.9
2024/12/02,17.1,17.3,17.1,17.2
2024/12/03,17.2,17.4,17.2,17.3
2024/12/04,17.3,17.3,17.1,17.1
2024/12/05,17.1,17.3,17.1,17.3
2024/12/06,17.3,17.4,17.2,17.3
2024/12/09,17.3,17.6,17.3,17.5
2024/12/10,17.5,17.6,17.5,17.5
2024/12/11,17.4,17.6,17.4,17.4
2024/12/12,17.4,17.6,17.4,17.5
2024/12/13,17.5,17.5,17.3,17.3
2024/12/16,17.3,17.4,17.2,17.2
2024/12/17,17.2,17.4,17.2,17.3
2024/12/18,17.3,17.5,17.3,17.4
2024/12/19,17.2,17.2,17.0,17.1
2024/12/20,17.1,17.1,16.9,16.9
2024/12/23,17.0,17.5,17.0,17.3
2024/12/24,17.4,17.6,17.3,17.6
2024/12/25,17.6,17.6,17.4,17.6
2024/12/26,17.5,17.6,17.4,17.5
2024/12/27,17.5,17.5,17.4,17.4
2024/12/30,17.4,17.5,17.4,17.5
2024/12/31,17.3,17.4,17.2,17.2
2025/01/02,17.2,17.4,17.2,17.4
2025/01/03,17.4,17.5,17.2,17.4
2025/01/06,17.4,17.6,17.4,17.6
2025/01/07,17.5,17.7,17.4,17.5
2025/01/08,17.5,17.7,17.5,17.5
2025/01/09,17.6,17.7,17.2,17.3
2025/01/10,17.3,17.5,17.2,17.2
2025/01/13,17.2,17.3,17.0,17.1
2025/01/14,17.1,17.3,17.1,17.2
2025/01/15,17.2,17.3,17.1,17.2
2025/01/16,17.3,17.4,17.2,17.3
2025/01/17,17.3,17.3,17.1,17.1
2025/01/20,17.2,17.2,17.1,17.1
2025/01/21,17.2,17.4,17.2,17.2
2025/01/22,17.3,17.4,17.2,17.3
2025/02/03,17.1,17.4,17.1,17.2
2025/02/04,17.3,17.4,17.2,17.2
2025/02/05,17.3,17.3,17.2,17.2
2025/02/06,17.2,17.3,17.2,17.3
2025/02/07,17.3,17.3,17.2,17.3
2025/02/10,17.2,17.3,17.1,17.1
2025/02/11,17.1,17.2,17.0,17.2
2025/02/12,17.2,17.2,17.1,17.2
2025/02/13,17.1,17.2,17.1,17.2
2025/02/14,17.2,17.2,17.1,17.1
2025/02/17,17.2,17.2,17.1,17.1
2025/02/18,17.2,17.2,17.1,17.2
2025/02/19,17.2,17.3,17.2,17.3
2025/02/20,17.3,17.3,17.2,17.2
2025/02/21,17.3,17.3,17.2,17.3
2025/02/24,17.3,17.3,17.3,17.3
2025/02/25,17.2,17.4,17.2,17.3
2025/02/26,17.3,17.3,17.2,17.2
2025/02/27,17.2,17.3,17.2,17.2
2025/03/03,17.3,17.3,17.2,17.3
2025/03/04,17.2,17.3,17.2,17.2
2025/03/05,17.3,17.3,17.2,17.2
2025/03/06,17.4,17.6,17.4,17.5
2025/03/07,17.5,17.5,17.4,17.5
2025/03/10,17.5,17.6,17.4,17.4
2025/03/11,17.4,17.5,17.2,17.4
2025/03/12,17.4,17.5,17.3,17.3
2025/03/13,17.4,17.5,17.3,17.3
2025/03/14,17.4,17.5,17.3,17.3
2025/03/17,17.3,17.5,17.3,17.3
2025/03/18,17.4,17.5,17.4,17.4
2025/03/19,17.4,17.5,17.4,17.4
2025/03/20,17.4,17.5,17.4,17.4
2025/03/21,17.4,17.6,17.4,17.5
2025/03/24,17.6,17.7,17.5,17.5
2025/03/25,17.6,17.7,17.5,17.5
2025/03/26,17.5,17.7,17.5,17.6
2025/03/27,17.6,17.7,17.5,17.6
2025/03/28,17.6,17.6,17.4,17.4
2025/03/31,17.3,17.3,17.0,17.0
2025/04/01,17.3,17.4,17.1,17.2
2025/04/02,17.1,17.2,17.0,17.1
2025/04/07,15.4,15.6,15.4,15.4
2025/04/08,15.3,15.7,14.8,15.1
2025/04/09,14.9,15.1,14.0,14.1
2025/04/10,15.4,15.4,15.2,15.4
2025/04/11,15.0,15.4,14.8,15.2
2025/04/14,15.2,15.6,15.2,15.5
2025/04/15,15.5,16.0,15.5,16.0
2025/04/16,15.9,15.9,15.5,15.7
2025/04/17,15.7,15.7,15.5,15.5
2025/04/18,15.6,15.6,15.5,15.5
2025/04/21,15.5,15.6,15.4,15.5
2025/04/22,15.4,15.4,15.2,15.3
2025/04/23,15.4,15.6,15.4,15.6
2025/04/24,15.6,15.7,15.4,15.6
2025/04/25,15.7,16.0,15.7,16.0
2025/04/28,16.0,16.1,15.9,16.0
2025/04/29,16.1,16.2,16.0,16.1
2025/04/30,16.2,16.5,16.2,16.5
2025/05/02,16.4,16.5,16.1,16.3
2025/05/05,16.2,16.2,15.6,15.6
2025/05/06,15.6,15.8,15.5,15.8
2025/05/07,15.9,15.9,15.7,15.9
2025/05/08,16.0,16.0,15.9,15.9
2025/05/09,15.9,16.1,15.8,16.0
2025/05/12,16.1,16.2,16.0,16.1
2025/05/13,16.2,16.2,16.1,16.2
2025/05/14,16.2,16.2,16.1,16.2
2025/05/15,16.2,16.5,16.2,16.5
2025/05/16,16.4,16.8,16.4,16.8
2025/05/19,16.8,16.9,16.6,16.6
2025/05/20,16.6,16.7,16.5,16.6
2025/05/21,16.6,16.8,16.4,16.6
2025/05/22,16.5,16.7,16.4,16.6
2025/05/23,16.6,16.9,16.6,16.9
2025/05/26,16.8,17.1,16.8,17.0
2025/05/27,17.0,17.1,16.9,17.0
2025/05/28,17.0,17.1,16.8,17.0
2025/05/29,17.1,17.1,16.7,17.0
2025/06/02,16.8,16.8,16.4,16.4
2025/06/03,16.3,16.7,16.3,16.5
2025/06/04,16.6,16.7,16.5,16.6
2025/06/05,16.6,16.7,16.5,16.6
2025/06/06,16.6,16.9,16.5,16.8
2025/06/09,16.9,17.0,16.7,16.7
2025/06/10,16.8,16.8,16.6,16.7
2025/06/11,16.6,16.6,16.4,16.5
2025/06/12,16.5,16.6,16.4,16.6
2025/06/13,16.5,16.6,16.4,16.5
2025/06/16,16.6,16.7,16.5,16.6
2025/06/17,16.6,16.7,16.5,16.5
2025/06/18,16.6,16.7,16.5,16.6
2025/06/19,16.6,16.6,16.4,16.5
2025/06/20,16.5,16.6,16.3,16.3
2025/06/23,16.1,16.1,15.7,15.7
2025/06/24,15.8,16.1,15.6,15.6
2025/06/25,15.7,15.8,15.6,15.6
2025/06/26,15.7,16.0,15.6,15.7
2025/06/27,15.7,15.9,15.7,15.8
2025/06/30,15.8,15.8,15.6,15.6
2025/07/01,15.6,15.8,15.6,15.6
2025/07/02,15.6,15.8,15.6,15.8
2025/07/03,15.8,16.0,15.8,16.0
2025/07/04,16.0,16.0,15.8,15.8
2025/07/07,15.8,16.0,15.7,15.9
2025/07/08,15.8,16.0,15.8,16.0
2025/07/09,15.9,16.2,15.8,16.1
2025/07/10,16.0,16.7,15.9,16.7
2025/07/11,16.6,18.1,16.5,18.1
2025/07/14,17.7,18.4,17.4,18.4
2025/07/15,18.2,18.2,17.8,18.0
2025/07/16,17.9,18.1,17.8,18.0
2025/07/17,17.8,18.2,17.7,18.2
2025/07/18,18.0,18.1,17.8,17.8
2025/07/21,17.7,17.8,17.4,17.4
2025/07/22,17.3,17.4,17.1,17.1
2025/07/23,17.0,17.2,17.0,17.2
2025/07/24,16.3,16.5,16.1,16.1
2025/07/25,16.1,16.3,16.1,16.2
2025/07/28,16.3,16.4,16.1,16.1
2025/07/29,16.3,16.3,15.9,16.0
2025/07/30,16.1,16.2,16.0,16.2
2025/07/31,16.2,16.2,16.0,16.2
2025/08/01,16.0,16.3,16.0,16.2
2025/08/04,16.2,16.4,16.2,16.4
2025/08/05,16.5,16.6,16.4,16.5
2025/08/06,16.5,16.6,16.4,16.5
2025/08/07,16.5,16.6,16.4,16.4
2025/08/08,16.5,16.5,16.4,16.4
2025/08/11,16.4,16.4,16.3,16.4
2025/08/12,15.7,15.9,15.6,15.8
2025/08/13,15.9,16.0,15.8,16.0
2025/08/14,16.0,16.2,16.0,16.2
2025/08/15,16.3,16.3,16.0,16.1
2025/08/18,16.0,16.1,15.9,16.1
2025/08/19,16.0,16.1,16.0,16.1
2025/08/20,16.1,16.2,15.9,16.1
2025/08/21,16.2,16.3,16.1,16.2
2025/08/22,16.2,16.2,16.1,16.1
2025/08/25,16.2,16.3,16.1,16.2
2025/08/26,16.2,16.2,15.9,15.9
2025/08/27,16.0,16.2,16.0,16.1
2025/08/28,16.1,16.2,16.0,16.2
2025/08/29,16.2,16.2,16.0,16.1
2025/09/01,16.1,16.2,16.0,16.2
2025/09/02,16.2,16.5,16.2,16.5
2025/09/03,16.5,16.8,16.4,16.8
2025/09/04,16.8,17.1,16.8,17.1
2025/09/05,17.0,17.1,16.7,16.9
2025/09/08,16.9,17.0,16.8,16.9
2025/09/09,17.0,17.0,16.9,17.0
2025/09/10,17.1,17.1,17.0,17.1
2025/09/11,17.2,17.3,16.9,17.0
2025/09/12,17.0,17.2,17.0,17.1
2025/09/15,17.1,17.3,17.1,17.3
2025/09/16,17.2,17.4,17.2,17.4
2025/09/17,17.4,17.4,17.1,17.2
2025/09/18,17.2,17.4,17.1,17.4
2025/09/19,17.3,17.4,17.2,17.2
2025/09/22,17.3,17.4,17.2,17.3
2025/09/23,17.3,17.5,17.2,17.5
2025/09/24,17.5,17.6,17.5,17.6
2025/09/25,17.6,17.9,17.5,17.5
2025/09/26,17.6,17.7,17.4,17.6
2025/09/30,17.7,17.9,17.7,17.8
2025/10/01,17.9,18.0,17.8,18.0
2025/10/02,18.1,18.1,17.9,18.0
2025/10/03,18.0,18.1,17.8,18.1
2025/10/07,18.0,18.3,17.8,18.2
2025/10/08,18.3,18.4,18.2,18.3
2025/10/09,18.3,18.6,18.3,18.6
2025/10/13,18.3,18.4,18.0,18.4
2025/10/14,18.7,19.1,18.6,18.8
2025/10/15,19.0,19.7,18.8,19.6
2025/10/16,19.7,19.7,19.2,19.5
2025/10/17,19.3,19.4,18.8,19.2
2025/10/20,19.3,19.6,19.3,19.6
2025/10/21,19.6,19.6,19.3,19.5
2025/10/22,19.5,19.6,19.4,19.6
2025/10/23,19.5,19.6,19.2,19.3
2025/10/27,19.5,19.5,18.6,19.1
2025/10/28,19.2,19.2,18.8,18.8
2025/10/29,18.9,19.0,18.7,18.8
2025/10/30,18.8,18.8,18.6,18.7
2025/10/31,18.8,18.8,18.5,18.5
2025/11/03,18.6,18.9,18.5,18.8
2025/11/04,18.7,19.0,18.7,18.8
2025/11/05,18.8,19.0,18.7,18.9
2025/11/06,19.1,19.1,18.8,18.9
2025/11/07,18.9,18.9,18.7,18.8
2025/11/10,18.9,19.1,18.7,18.8
2025/11/11,19.1,19.3,19.1,19.1
2025/11/12,19.3,19.3,19.0,19.0
2025/11/13,19.0,19.0,18.8,18.8
2025/11/14,18.8,18.8,18.6,18.7
2025/11/17,18.7,18.8,18.6,18.7
2025/11/18,18.5,18.5,18.2,18.3
2025/11/19,18.3,18.3,18.2,18.2
2025/11/20,18.3,18.4,18.3,18.4
2025/11/21,18.2,18.4,18.1,18.2
2025/11/24,18.2,18.5,18.2,18.3
2025/11/25,18.5,18.6,18.4,18.4
2025/11/26,18.5,18.6,18.4,18.4
2025/11/27,18.3,18.5,18.3,18.5
2025/11/28,18.2,18.2,17.8,17.9
2025/12/01,17.9,18.3,17.9,18.2
2025/12/02,18.2,18.8,18.2,18.6
2025/12/03,18.6,18.7,18.5,18.6
2025/12/04,18.7,19.0,18.6,19.0
2025/12/05,19.0,19.1,18.9,19.1
2025/12/08,19.1,19.2,18.9,18.9
2025/12/09,18.9,19.1,18.9,19.1
2025/12/10,19.0,19.1,19.0,19.0
2025/12/11,19.1,19.2,19.0,19.1
2025/12/12,19.1,19.3,19.1,19.2
2025/12/15,19.1,19.3,19.0,19.2
2025/12/16,19.1,20.0,19.0,19.9
2025/12/17,20.0,21.4,20.0,21.0
2025/12/18,21.4,21.5,21.0,21.1
2025/12/19,20.9,21.7,20.9,21.2
2025/12/22,21.2,21.4,21.0,21.0
2025/12/23,21.0,21.0,20.7,20.7
2025/12/24,20.8,21.0,20.5,20.5
2025/12/26,20.6,20.7,20.4,20.4
2025/12/29,20.4,20.6,20.0,20.2
2025/12/30,20.1,20.5,20.1,20.3
2025/12/31,20.4,20.5,20.2,20.2
2026/01/02,20.2,20.4,20.1,20.2
2026/01/05,20.2,21.0,20.2,20.8
2026/01/06,21.0,21.0,20.7,20.7
2026/01/07,20.6,20.7,20.5,20.6
2026/01/08,20.7,20.8,20.4,20.5
2026/01/09,20.5,20.7,20.3,20.6
2026/01/12,20.7,20.8,20.6,20.7
2026/01/13,20.6,20.9,20.6,20.8
2026/01/14,20.9,21.0,20.8,21.0
2026/01/15,21.0,21.4,21.0,21.4
2026/01/16,21.5,21.7,21.4,21.6
2026/01/19,21.6,22.7,21.4,22.6
2026/01/20,22.7,22.9,22.5,22.7
2026/01/21,22.5,22.6,21.8,21.9
2026/01/22,22.2,22.3,21.8,21.9
2026/01/23,22.1,22.2,21.9,21.9
2026/01/26,22.0,22.8,21.9,22.7
2026/01/27,22.7,23.1,22.7,23.0
2026/01/28,23.1,23.2,22.5,22.6
2026/01/29,22.6,22.9,22.4,22.6
2026/01/30,22.7,22.8,22.3,22.5
2026/02/02,22.4,22.5,22.0,22.1
2026/02/03,22.4,22.9,22.4,22.5
2026/02/04,22.6,23.2,22.5,22.8
2026/02/05,22.9,23.1,22.8,22.9
2026/02/06,22.8,23.1,22.6,23.1
2026/02/09,23.3,23.8,23.2,23.6
2026/02/10,23.7,23.8,23.5,23.7
2026/02/11,23.8,24.0,23.7,23.8
2026/02/23,24.5,25.2,24.5,25.0
2026/02/24,25.2,25.2,24.5,25.0
2026/02/25,25.0,25.1,24.7,24.7
2026/02/26,24.7,25.7,24.6,25.3
2026/03/02,24.8,25.1,24.4,24.6
2026/03/03,24.8,25.1,24.6,25.0
2026/03/04,24.8,24.8,23.7,23.9
2026/03/05,24.5,24.6,23.9,24.3
2026/03/06,24.2,24.3,24.0,24.2
2026/03/09,22.7,23.7,22.7,23.7
2026/03/10,24.2,24.3,23.8,24.1
2026/03/11,24.1,24.5,24.0,24.1
2026/03/12,24.1,24.4,23.8,24.4
2026/03/13,24.3,24.6,24.1,24.5
2026/03/16,24.8,25.0,24.6,24.6
2026/03/17,24.6,24.9,24.4,24.8
2026/03/18,24.8,24.9,24.4,24.4
2026/03/19,24.4,24.4,24.1,24.2
2026/03/20,24.2,24.6,24.1,24.4
2026/03/23,23.8,23.9,23.2,23.7
2026/03/24,23.9,24.1,23.6,23.9
2026/03/25,24.6,24.6,24.1,24.2
2026/03/26,24.4,24.4,23.8,23.9
2026/03/27,23.8,23.9,23.5,23.8
2026/03/30,23.1,23.6,23.1,23.5
2026/03/31,23.4,23.4,22.9,22.9
2026/04/01,23.4,24.1,23.2,23.8
2026/04/02,24.2,24.5,24.0,24.1
2026/04/07,24.3,24.5,23.8,24.1
2026/04/08,24.5,24.5,24.1,24.5
2026/04/09,24.6,24.6,24.2,24.4
2026/04/10,24.4,24.4,24.2,24.3
2026/04/13,24.3,24.3,23.7,23.9
2026/04/14,23.8,24.5,23.8,24.2
2026/04/15,24.5,24.6,24.3,24.4
2026/04/16,24.4,24.9,24.4,24.7
2026/04/17,24.7,24.7,24.0,24.1
2026/04/20,24.3,24.3,23.9,24.0
2026/04/21,24.1,24.2,23.7,23.7
2026/04/22,23.8,24.0,23.7,23.7
2026/04/23,23.7,23.9,23.4,23.5
2026/04/24,23.8,24.1,23.7,23.7
2026/04/27,23.7,23.9,23.6,23.6
2026/04/28,23.7,24.3,23.7,24.2
2026/04/29,24.2,24.3,23.7,23.8
2026/04/30,23.8,23.9,23.6,23.6
2026/05/04,23.9,23.9,23.2,23.3
2026/05/05,23.3,23.7,23.2,23.5
2026/05/06,23.8,23.9,23.5,23.7
2026/05/07,23.8,23.9,23.7,23.8
2026/05/08,23.9,24.0,23.5,23.6
2026/05/11,23.6,23.7,23.2,23.2
2026/05/12,23.4,23.4,22.8,22.8
2026/05/13,23.1,23.1,22.6,22.9
2026/05/14,22.9,23.3,22.8,22.9
2026/05/15,23.2,23.8,23.2,23.6
2026/05/18,23.3,23.5,23.2,23.2
2026/05/19,23.2,23.9,23.2,23.4
2026/05/20,23.7,23.9,23.5,23.7
2026/05/21,24.0,24.0,23.6,23.6
2026/05/22,23.7,23.9,23.5,23.6
2026/05/25,23.7,23.7,23.1,23.1
2026/05/26,23.2,23.9,23.2,23.4
2026/05/27,23.5,23.6,23.1,23.1
2026/05/28,23.2,23.3,22.8,22.8
2026/05/29,23.0,23.2,22.8,23.1
2026/06/01,23.1,24.5,23.0,24.4
2026/06/02,24.2,25.8,24.1,25.8
2026/06/03,25.7,28.1,25.4,28.0
2026/06/04,28.0,29.1,27.7,28.3
2026/06/05,28.2,28.5,27.6,28.3
2026/06/08,27.2,27.6,26.9,27.5
2026/06/09,28.1,29.4,27.9,29.3
2026/06/10,29.2,29.3,28.2,28.6
2026/06/11,28.6,28.6,27.7,28.5
2026/06/12,28.9,30.5,28.9,29.9
2026/06/15,30.5,31.4,30.2,31.3
2026/06/16,31.5,32.3,31.3,32.0
2026/06/17,31.6,33.2,31.5,32.3
2026/06/18,32.6,33.2,31.8,32.1
2026/06/22,32.3,32.3,31.6,31.7
2026/06/23,31.7,32.6,31.7,31.8
2026/06/24,31.7,31.8,31.3,31.3
2026/06/25,31.3,32.0,31.3,31.5
2026/06/26,31.4,31.8,31.0,31.6
2026/06/29,32.1,33.0,31.8,32.7
2026/06/30,33.1,33.2,32.5,32.9
2026/07/01,33.2,33.8,32.4,33.0
2026/07/02,33.0,33.5,32.6,32.7
2026/07/03,32.6,34.6,32.6,33.8
2026/07/06,33.8,34.5,33.8,34.0
2026/07/07,34.0,35.1,34.0,34.6
2026/07/08,35.1,35.6,34.9,35.5
2026/07/09,36.1,36.8,35.9,36.5
2026/07/13,36.9,37.4,35.2,35.4
2026/07/14,35.8,35.8,34.1,35.1
2026/07/15,35.6,36.4,35.1,35.8
2026/07/16,35.6,35.9,35.1,35.8
2026/07/17,35.6,35.6,34.7,35.2
2026/07/20,35.4,35.4,34.0,34.8
2026/07/21,34.0,34.7,33.4,34.7
2026/07/22,34.2,35.0,34.2,34.6
2026/07/23,34.6,34.8,34.0,34.5
2026/07/24,33.9,34.6,33.8,34.2
2026/07/27,34.5,35.0,34.0,35.0
2026/07/28,34.6,34.6,33.8,34.0
2026/07/29,34.2,34.2,32.2,32.6
2026/07/30,32.6,33.2,31.8,33.2
2026/07/31,34.0,36.0,33.8,36.0
2026/08/03,35.5,35.8,34.8,35.3
2026/08/04,34.8,35.9,34.8,35.6
2026/08/05,36.0,36.3,35.5,35.7
2026/08/06,35.3,35.6,34.5,34.5
2026/08/07,35.4,35.5,34.8,35.2
2026/08/10,35.4,35.9,34.6,35.9
2026/08/11,35.6,36.0,35.2,35.6
2026/08/12,35.6,36.0,35.1,35.6
2026/08/13,35.7,36.3,35.2,36.2
2026/08/14,36.8,37.8,36.6,37.8
2026/08/17,37.7,37.7,36.8,37.2
2026/08/18,37.0,37.5,36.8,36.9
2026/08/19,36.8,36.8,36.0,36.4
2026/08/20,36.5,36.6,35.7,36.0
2026/08/21,35.9,37.2,35.8,37.2
