Date,Open,High,Low,Close
2005/06/30,103.9,105.9,102.4,105.9
2005/07/04,106.6,107.0,105.1,105.1
2005/07/05,106.2,106.6,105.1,105.1
2005/07/06,105.1,105.1,101.3,101.3
2005/07/07,101.3,103.9,100.9,102.8
2005/07/11,103.6,107.8,103.6,107.8
2005/07/12,108.9,111.6,107.4,110.8
2005/07/13,112.8,114.3,110.8,113.9
2005/07/14,113.9,114.3,111.2,113.1
2005/07/18,113.5,120.4,112.8,120.4
2005/07/19,120.4,121.6,118.5,120.1
2005/07/20,103.2,105.9,103.2,103.6
2005/07/21,117.5,118.0,113.2,114.5
2005/07/25,118.4,119.3,116.2,119.3
2005/07/26,119.3,123.6,117.5,122.8
2005/07/27,122.8,123.6,118.4,119.7
2005/07/28,120.6,121.5,115.8,116.7
2005/08/01,117.5,117.5,114.9,115.4
2005/08/02,116.2,119.7,116.2,118.8
2005/08/03,119.7,125.8,118.8,124.5
2005/08/08,129.3,131.5,128.4,128.9
2005/08/09,131.0,135.8,131.0,132.8
2005/08/10,133.2,134.1,127.6,129.3
2005/08/11,131.5,135.8,129.7,132.3
2005/08/15,128.0,131.0,124.5,125.8
2005/08/16,125.4,128.9,125.4,128.0
2005/08/17,128.4,131.9,127.6,127.6
2005/08/18,128.4,128.9,126.7,127.6
2005/08/22,124.5,127.1,122.8,124.1
2005/08/23,124.1,127.6,123.2,126.7
2005/08/24,126.7,130.6,125.8,127.6
2005/08/25,129.7,130.2,126.7,126.7
2005/08/29,127.6,128.4,118.8,120.6
2005/08/30,120.6,121.5,118.4,120.2
2005/09/01,123.6,124.9,121.5,124.5
2005/09/05,125.4,127.1,124.9,125.4
2005/09/06,127.1,128.0,124.5,125.4
2005/09/07,127.1,127.6,125.8,125.8
2005/09/08,125.8,126.2,122.8,124.9
2005/09/12,124.1,125.4,123.6,124.9
2005/09/13,124.1,124.9,121.5,121.9
2005/09/14,121.9,123.6,119.7,121.0
2005/09/15,119.7,120.6,112.7,114.9
2005/09/19,113.2,119.7,113.2,119.3
2005/09/20,120.2,121.5,118.4,120.2
2005/09/21,120.2,122.3,119.3,120.2
2005/09/22,120.2,121.5,115.4,116.7
2005/09/26,118.8,120.6,118.0,119.7
2005/09/27,120.2,124.9,120.2,123.6
2005/09/28,125.4,127.1,124.5,126.7
2005/09/29,127.6,128.0,125.4,126.2
2005/10/03,129.3,129.3,125.8,127.1
2005/10/04,125.4,128.9,125.4,127.1
2005/10/05,126.2,131.0,126.2,128.0
2005/10/06,129.7,129.7,124.9,125.8
2005/10/10,125.8,126.7,124.5,124.9
2005/10/11,124.1,124.9,121.0,121.5
2005/10/12,121.0,121.0,118.0,119.3
2005/10/13,119.3,121.5,118.4,119.3
2005/10/17,114.1,120.6,113.6,117.5
2005/10/18,114.9,116.7,113.6,115.8
2005/10/19,116.7,120.2,116.2,119.3
2005/10/20,117.5,123.6,117.5,122.8
2005/10/24,125.4,125.8,121.9,121.9
2005/10/25,121.9,122.3,118.8,118.8
2005/10/26,117.5,119.3,115.8,116.7
2005/10/27,116.7,120.2,115.8,119.7
2005/10/31,130.2,130.2,126.7,127.1
2005/11/01,128.4,129.7,126.7,129.3
2005/11/02,130.2,132.8,128.9,128.9
2005/11/03,129.7,134.1,129.7,131.0
2005/11/07,127.6,128.9,126.2,128.0
2005/11/08,127.1,131.5,127.1,131.0
2005/11/09,131.0,131.9,129.7,130.6
2005/11/10,131.5,133.2,130.2,131.9
2005/11/14,130.6,130.6,126.7,128.0
2005/11/15,127.1,129.3,126.7,127.6
2005/11/16,127.6,129.3,126.7,128.0
2005/11/17,129.7,136.7,129.7,136.7
2005/11/21,142.4,145.4,139.3,139.7
2005/11/22,140.2,141.9,139.3,141.0
2005/11/23,141.0,150.6,140.6,147.6
2005/11/24,148.0,154.5,147.6,152.4
2005/11/28,150.2,152.4,148.9,148.9
2005/11/29,150.2,158.9,149.8,158.9
2005/11/30,158.5,158.5,151.5,155.0
2005/12/01,156.7,161.1,155.4,157.6
2005/12/05,159.3,159.3,154.1,155.8
2005/12/06,156.3,156.7,148.0,150.6
2005/12/07,150.6,153.7,148.9,149.3
2005/12/08,149.8,152.4,149.8,151.5
2005/12/12,148.0,151.9,147.1,148.0
2005/12/13,150.6,151.5,148.4,148.4
2005/12/14,147.6,148.4,145.0,148.4
2005/12/15,148.9,155.4,148.9,151.5
2005/12/19,147.6,151.1,147.1,148.4
2005/12/20,148.4,155.8,148.0,153.2
2005/12/21,155.0,158.0,153.2,155.8
2005/12/22,157.6,166.3,154.5,164.6
2005/12/26,165.4,173.7,165.0,171.5
2005/12/27,169.3,172.8,165.4,172.4
2005/12/28,172.4,177.6,170.6,171.5
2005/12/29,170.6,172.0,166.3,168.0
2006/01/02,171.1,182.0,169.8,178.5
2006/01/03,181.5,183.7,173.3,175.0
2006/01/04,178.0,183.3,177.2,183.3
2006/01/05,184.6,185.9,176.7,176.7
2006/01/09,177.6,178.5,175.9,176.3
2006/01/10,175.0,175.0,167.2,170.6
2006/01/11,171.5,175.4,170.6,170.6
2006/01/13,172.4,176.3,172.4,172.8
2006/01/16,173.7,180.2,171.5,180.2
2006/01/17,181.5,181.5,176.3,176.7
2006/01/18,174.1,175.4,167.2,169.8
2006/01/19,170.6,174.6,165.0,171.1
2006/01/20,172.4,174.1,171.1,173.3
2006/01/23,168.9,169.8,166.3,168.0
2006/01/24,168.0,172.8,168.0,172.4
2006/01/25,173.3,173.3,170.2,170.2
2006/02/02,173.3,179.8,172.4,175.9
2006/02/03,171.5,172.8,169.8,170.6
2006/02/06,170.6,175.4,169.8,174.6
2006/02/07,175.0,176.7,170.6,170.6
2006/02/08,169.8,172.8,169.8,170.6
2006/02/09,173.7,178.5,172.4,174.6
2006/02/13,175.9,181.1,174.6,178.5
2006/02/14,178.5,183.7,177.6,183.7
2006/02/15,183.7,195.0,183.7,185.4
2006/02/16,188.1,190.7,185.4,186.3
2006/02/17,188.5,193.3,187.2,190.7
2006/02/20,190.7,197.6,188.5,197.6
2006/02/21,198.5,202.0,194.2,194.2
2006/02/22,192.4,194.6,181.1,182.0
2006/02/23,182.0,186.3,178.5,184.1
2006/02/24,185.0,193.7,184.6,193.7
2006/02/27,189.8,200.3,188.9,196.8
2006/03/01,194.2,206.8,194.2,200.3
2006/03/02,204.2,204.2,197.6,198.1
2006/03/03,198.5,202.4,194.2,194.2
2006/03/06,194.2,203.7,193.7,203.7
2006/03/07,204.6,204.6,204.6,204.6
2006/03/08,205.0,207.7,196.8,199.4
2006/03/10,194.2,198.5,192.8,194.6
2006/03/13,196.8,202.0,195.9,202.0
2006/03/14,201.6,203.3,195.9,196.8
2006/03/15,201.1,210.3,200.7,210.3
2006/03/16,211.6,222.0,208.1,208.1
2006/03/17,206.3,209.8,205.0,208.1
2006/03/20,210.7,212.4,202.0,202.4
2006/03/21,201.1,202.4,188.9,189.8
2006/03/22,186.3,188.5,183.3,185.9
2006/03/23,187.2,191.1,185.9,186.3
2006/03/24,187.6,192.4,186.3,192.0
2006/03/27,194.2,196.3,188.1,190.7
2006/03/28,189.8,194.2,188.9,192.8
2006/03/29,191.5,201.1,191.5,198.1
2006/03/30,199.8,203.7,198.5,199.8
2006/03/31,202.9,202.9,192.4,200.7
2006/04/03,195.9,199.8,194.2,198.1
2006/04/04,200.7,201.1,195.0,195.0
2006/04/06,195.0,195.5,188.9,192.4
2006/04/07,191.1,194.2,188.5,192.0
2006/04/10,188.9,191.1,184.6,185.4
2006/04/11,182.8,183.7,178.5,182.8
2006/04/12,179.8,189.8,178.5,187.6
2006/04/13,188.1,188.9,179.4,179.4
2006/04/14,180.2,183.3,180.2,181.5
2006/04/17,182.8,185.4,181.5,181.5
2006/04/18,182.0,185.9,180.7,185.9
2006/04/19,188.9,190.2,182.8,188.1
2006/04/20,186.8,186.8,181.5,181.5
2006/04/21,181.5,187.6,178.9,184.1
2006/04/24,184.1,185.9,181.1,182.0
2006/04/25,182.4,183.7,169.8,173.3
2006/04/26,173.7,178.5,171.1,178.5
2006/04/27,178.5,178.5,169.8,169.8
2006/04/28,170.6,172.8,164.1,165.4
2006/05/02,165.4,168.0,156.7,161.1
2006/05/03,161.9,172.0,159.8,172.0
2006/05/04,172.8,179.4,170.2,176.7
2006/05/05,178.5,178.5,168.0,171.1
2006/05/08,169.8,169.8,164.6,167.2
2006/05/09,167.2,169.3,164.6,164.6
2006/05/10,164.6,166.7,158.0,161.1
2006/05/11,161.9,169.3,161.9,169.3
2006/05/12,166.3,170.2,166.3,166.3
2006/05/15,165.4,165.9,161.5,162.4
2006/05/16,163.2,165.4,161.5,161.5
2006/05/17,164.1,167.6,163.7,165.4
2006/05/18,164.1,169.3,162.8,168.9
2006/05/19,168.5,177.2,164.6,174.6
2006/05/22,177.6,178.9,169.8,169.8
2006/05/23,167.6,168.9,161.5,162.8
2006/05/24,165.4,167.2,156.3,157.6
2006/05/25,156.7,156.7,146.7,147.1
2006/05/26,151.5,151.5,138.0,141.0
2006/05/29,144.1,150.6,141.0,150.6
2006/05/30,152.4,161.1,151.5,161.1
2006/06/01,161.9,165.9,158.9,159.8
2006/06/02,161.1,163.7,159.3,159.8
2006/06/05,159.3,161.1,151.9,152.4
2006/06/06,148.9,155.4,148.9,155.4
2006/06/07,152.4,152.4,145.0,145.0
2006/06/08,143.7,143.7,135.8,137.6
2006/06/09,139.7,147.1,139.3,147.1
2006/06/12,147.1,150.6,143.7,149.8
2006/06/13,140.2,145.0,140.2,140.6
2006/06/14,139.3,141.9,132.8,138.4
2006/06/15,140.2,141.9,136.7,136.7
2006/06/16,142.8,144.5,138.4,139.7
2006/06/19,141.5,141.5,133.2,135.0
2006/06/20,125.8,129.7,125.8,125.8
2006/06/21,124.5,126.2,117.1,117.1
2006/06/22,119.7,124.9,119.7,124.9
2006/06/23,126.7,131.0,125.4,127.6
2006/06/26,129.7,136.3,129.7,134.1
2006/06/27,134.1,136.3,131.5,132.8
2006/06/28,130.2,132.8,127.6,132.3
2006/06/29,134.1,135.8,131.9,134.1
2006/06/30,140.2,141.0,136.7,136.7
2006/07/03,135.0,137.6,135.0,137.6
2006/07/04,137.6,141.0,135.0,139.3
2006/07/05,136.7,142.4,136.7,138.0
2006/07/06,138.0,143.7,138.0,142.4
2006/07/07,139.3,150.2,136.7,148.4
2006/07/10,146.3,150.2,146.3,149.8
2006/07/11,148.0,150.2,143.7,143.7
2006/07/12,144.5,149.3,144.5,146.3
2006/07/13,147.1,148.0,145.0,145.4
2006/07/14,141.9,143.2,139.7,141.5
2006/07/17,138.4,140.6,131.9,131.9
2006/07/18,128.0,135.8,128.0,135.0
2006/07/19,136.7,141.9,135.4,137.6
2006/07/20,136.7,137.7,135.3,137.7
2006/07/21,140.1,146.4,138.7,145.9
2006/07/24,144.0,149.8,143.5,149.8
2006/07/25,152.7,156.5,152.7,156.5
2006/07/26,156.5,156.5,150.7,150.7
2006/07/27,152.7,154.1,149.3,154.1
2006/07/28,154.1,160.9,153.6,159.4
2006/07/31,162.3,162.8,155.6,155.6
2006/08/01,158.5,159.4,156.1,157.5
2006/08/02,157.5,159.4,156.5,157.0
2006/08/03,159.0,161.4,157.5,158.0
2006/08/04,159.9,159.9,153.6,155.1
2006/08/07,154.6,158.0,154.1,157.5
2006/08/08,159.4,163.3,158.5,163.3
2006/08/09,163.3,166.2,161.9,162.8
2006/08/10,162.8,168.1,162.3,166.7
2006/08/11,168.6,169.1,165.7,168.1
2006/08/14,169.1,170.6,166.2,166.7
2006/08/15,167.7,167.7,161.4,162.3
2006/08/16,164.3,165.2,160.4,160.4
2006/08/17,162.3,162.8,158.0,160.4
2006/08/18,162.3,164.8,161.4,162.3
2006/08/21,163.8,163.8,156.5,157.0
2006/08/22,157.5,161.9,157.5,160.4
2006/08/23,160.4,161.4,155.6,161.4
2006/08/24,161.4,163.3,159.0,159.9
2006/08/25,161.4,162.3,158.0,158.0
2006/08/28,158.0,158.0,151.2,153.2
2006/08/29,150.7,157.0,150.7,157.0
2006/08/30,157.0,160.9,156.5,160.9
2006/08/31,161.9,163.3,156.5,156.5
2006/09/01,157.0,161.9,157.0,160.4
2006/09/04,162.8,171.0,162.3,170.6
2006/09/05,171.0,171.5,166.2,167.7
2006/09/06,165.2,170.6,165.2,170.1
2006/09/07,170.1,173.0,166.7,167.2
2006/09/08,167.2,169.1,166.2,169.1
2006/09/11,169.1,171.0,163.3,164.3
2006/09/12,164.3,164.3,155.6,157.5
2006/09/13,159.4,159.9,153.2,154.1
2006/09/14,154.6,155.6,145.9,147.8
2006/09/15,148.8,152.7,147.8,152.7
2006/09/18,156.5,158.5,154.6,156.1
2006/09/19,156.1,156.1,152.7,153.2
2006/09/20,151.2,155.1,150.7,152.2
2006/09/21,153.6,154.6,148.8,149.3
2006/09/22,148.8,152.2,148.8,152.2
2006/09/25,152.7,153.2,150.3,150.7
2006/09/26,152.7,155.6,151.7,152.7
2006/09/27,155.6,155.6,151.2,152.2
2006/09/28,152.2,153.2,149.3,150.3
2006/09/29,151.7,152.7,150.7,151.2
2006/10/02,152.7,152.7,148.8,150.7
2006/10/03,150.7,154.1,150.3,152.2
2006/10/04,154.1,158.5,153.2,157.0
2006/10/05,160.4,162.8,158.5,161.9
2006/10/10,161.9,161.9,161.9,161.9
2006/10/11,162.3,162.8,159.0,159.0
2006/10/12,159.4,161.4,155.1,155.1
2006/10/13,158.0,158.0,154.6,155.6
2006/10/16,151.7,152.7,147.4,152.2
2006/10/17,151.7,153.2,150.7,150.7
2006/10/18,149.8,151.2,148.3,149.8
2006/10/19,149.8,155.6,149.8,155.6
2006/10/20,155.6,156.5,153.2,153.2
2006/10/23,154.1,154.1,151.2,151.2
2006/10/24,151.7,156.1,151.7,153.6
2006/10/25,155.1,158.5,154.1,156.1
2006/10/26,158.5,158.5,156.5,156.5
2006/10/27,159.0,159.0,155.1,156.5
2006/10/30,155.6,156.1,150.3,150.7
2006/10/31,152.2,152.7,150.3,152.2
2006/11/01,152.2,152.2,149.8,149.8
2006/11/02,149.3,150.7,147.8,149.8
2006/11/03,150.3,152.2,150.3,150.3
2006/11/06,146.9,149.8,146.9,148.8
2006/11/07,152.7,157.5,151.2,156.1
2006/11/08,157.0,157.0,153.6,153.6
2006/11/09,156.1,156.1,149.8,150.7
2006/11/10,151.7,154.1,150.3,150.7
2006/11/13,151.2,152.2,147.4,148.8
2006/11/14,148.8,149.8,138.7,140.1
2006/11/15,141.1,143.0,140.1,141.1
2006/11/16,143.0,144.0,140.6,141.1
2006/11/17,141.6,141.6,133.4,135.8
2006/11/20,135.8,141.6,134.8,140.6
2006/11/21,141.1,142.1,139.6,140.6
2006/11/22,141.1,142.1,139.2,140.6
2006/11/23,140.6,142.1,137.2,138.2
2006/11/24,138.2,143.5,138.2,141.6
2006/11/27,144.0,144.0,141.6,142.5
2006/11/28,142.1,142.1,140.1,141.1
2006/11/29,141.6,143.0,137.2,138.2
2006/11/30,139.2,140.1,138.7,140.1
2006/12/01,141.1,141.6,139.2,140.6
2006/12/04,141.1,141.1,136.7,136.7
2006/12/05,137.7,139.2,136.3,136.7
2006/12/06,137.2,138.2,135.3,137.2
2006/12/07,137.2,137.2,134.3,136.3
2006/12/08,136.3,137.2,134.3,136.3
2006/12/11,136.7,138.2,136.3,136.7
2006/12/12,137.2,137.2,133.4,134.3
2006/12/13,135.3,136.3,132.4,133.4
2006/12/14,135.3,142.5,133.8,142.5
2006/12/15,141.6,141.6,139.2,139.2
2006/12/18,139.2,140.1,137.7,139.2
2006/12/19,139.2,139.6,136.3,136.7
2006/12/20,137.2,139.6,137.2,138.2
2006/12/21,138.2,143.0,138.2,138.2
2006/12/22,139.2,142.1,139.2,140.1
2006/12/25,141.1,142.1,140.1,140.6
2006/12/26,141.6,142.1,139.6,139.6
2006/12/27,140.1,141.6,139.6,139.6
2006/12/28,140.6,141.6,139.2,139.2
2006/12/29,140.1,144.0,140.1,142.5
2007/01/01,142.5,142.5,142.5,142.5
2007/01/02,143.5,146.4,142.1,143.5
2007/01/03,145.4,148.8,145.4,145.4
2007/01/04,147.4,155.6,146.9,155.6
2007/01/05,158.5,161.9,155.1,159.4
2007/01/08,159.9,160.9,153.6,153.6
2007/01/09,153.6,156.5,152.2,154.6
2007/01/10,154.6,154.6,151.7,154.1
2007/01/11,155.1,158.5,149.8,151.2
2007/01/12,154.6,155.6,153.2,155.1
2007/01/15,156.5,157.5,154.6,155.1
2007/01/16,156.5,159.0,156.1,158.0
2007/01/17,158.0,161.4,156.5,161.4
2007/01/18,162.3,166.2,162.3,164.3
2007/01/19,162.8,167.2,162.8,167.2
2007/01/22,167.2,167.2,161.9,162.8
2007/01/23,162.3,165.2,161.9,161.9
2007/01/24,163.3,165.2,156.5,157.0
2007/01/25,158.5,159.4,155.1,156.1
2007/01/26,155.6,157.0,152.7,153.6
2007/01/29,155.6,155.6,153.6,153.6
2007/01/30,153.6,155.6,152.7,155.6
2007/01/31,156.1,157.5,155.1,157.0
2007/02/01,158.5,159.0,156.5,156.5
2007/02/02,158.5,162.8,158.0,159.4
2007/02/05,160.9,161.9,158.5,161.4
2007/02/06,161.9,163.3,160.4,161.4
2007/02/07,161.4,162.3,155.6,156.5
2007/02/08,158.5,158.5,156.5,158.5
2007/02/09,155.6,156.1,148.3,152.7
2007/02/12,151.7,153.6,150.7,151.7
2007/02/13,152.7,155.1,152.2,154.1
2007/02/14,157.0,157.0,154.6,154.6
2007/02/26,157.5,159.4,156.5,157.5
2007/02/27,156.5,157.5,155.1,157.5
2007/03/01,154.6,156.5,153.6,155.1
2007/03/02,156.5,156.5,152.7,153.6
2007/03/05,145.4,145.9,138.7,138.7
2007/03/06,139.2,140.6,138.2,140.1
2007/03/07,140.1,142.1,139.6,140.6
2007/03/08,141.6,145.4,141.6,144.9
2007/03/09,146.9,146.9,142.1,142.1
2007/03/12,144.9,145.9,143.0,144.0
2007/03/13,144.0,144.9,141.1,142.1
2007/03/14,138.7,138.7,132.4,133.8
2007/03/15,135.3,137.7,135.3,136.7
2007/03/16,137.2,140.1,136.7,139.6
2007/03/20,144.9,149.3,144.5,148.8
2007/03/21,150.7,151.7,146.9,146.9
2007/03/22,148.8,150.3,146.4,146.9
2007/03/23,146.9,147.4,144.5,145.9
2007/03/26,143.0,144.5,139.2,139.6
2007/03/27,139.2,142.1,138.2,138.7
2007/03/28,138.2,140.6,137.7,138.7
2007/03/29,138.7,140.6,138.2,140.1
2007/03/30,140.1,141.1,137.7,138.2
2007/04/02,139.2,141.1,138.7,139.2
2007/04/03,139.6,144.5,139.2,144.0
2007/04/04,145.9,145.9,142.1,142.5
2007/04/09,144.9,145.9,143.0,145.4
2007/04/10,145.4,145.4,142.1,144.5
2007/04/11,145.9,150.3,145.9,149.3
2007/04/12,148.8,152.7,148.3,150.3
2007/04/13,152.7,152.7,146.9,146.9
2007/04/16,149.3,150.3,147.8,147.8
2007/04/17,149.8,150.7,147.4,148.3
2007/04/18,149.3,150.3,148.8,149.8
2007/04/19,149.8,153.6,149.8,150.7
2007/04/20,153.6,157.0,151.7,157.0
2007/04/23,159.4,160.4,155.1,155.1
2007/04/24,156.5,161.9,156.5,161.4
2007/04/25,161.4,163.3,159.9,160.9
2007/04/26,162.3,162.3,155.6,156.1
2007/04/27,158.5,161.9,158.0,159.4
2007/04/30,159.9,159.9,157.0,159.4
2007/05/02,161.4,161.9,157.5,157.5
2007/05/03,159.4,159.9,153.2,156.5
2007/05/04,158.0,161.9,157.5,159.4
2007/05/07,163.3,168.6,162.3,167.7
2007/05/08,168.6,168.6,165.2,166.7
2007/05/09,166.7,167.7,160.9,161.4
2007/05/10,162.8,164.3,161.4,162.3
2007/05/11,160.4,163.3,160.4,161.9
2007/05/14,163.3,163.3,157.0,157.5
2007/05/15,156.1,157.5,152.7,153.6
2007/05/16,152.7,155.1,151.2,155.1
2007/05/17,156.5,158.5,155.6,156.5
2007/05/18,156.5,158.0,154.6,155.1
2007/05/21,155.6,158.5,155.6,158.5
2007/05/22,160.4,165.2,160.4,161.9
2007/05/23,162.3,163.8,160.4,162.3
2007/05/24,162.3,163.3,160.4,163.3
2007/05/25,162.8,165.7,160.9,160.9
2007/05/28,160.9,162.3,158.5,158.5
2007/05/29,159.4,161.4,159.0,159.4
2007/05/30,160.4,162.3,159.9,161.4
2007/05/31,162.3,167.2,160.4,160.4
2007/06/01,162.3,163.8,160.9,163.3
2007/06/04,165.2,165.7,162.3,163.3
2007/06/05,164.3,164.8,161.4,161.9
2007/06/06,164.3,173.0,164.3,171.5
2007/06/07,172.0,173.5,169.1,171.5
2007/06/08,172.0,175.9,171.0,171.0
2007/06/11,173.5,182.6,172.5,182.6
2007/06/12,184.6,185.1,179.3,179.7
2007/06/13,179.7,182.6,174.9,175.9
2007/06/14,177.8,179.7,173.5,174.4
2007/06/15,175.9,176.8,172.0,175.4
2007/06/20,177.8,177.8,172.0,172.5
2007/06/21,174.9,176.4,173.0,173.0
2007/06/22,174.4,179.3,173.9,178.8
2007/06/25,181.7,181.7,177.3,177.3
2007/06/26,177.8,177.8,170.1,171.0
2007/06/27,171.0,173.9,170.6,172.0
2007/06/28,172.5,173.9,163.8,166.2
2007/06/29,167.2,167.7,163.8,166.2
2007/07/02,163.3,163.3,158.5,159.4
2007/07/03,159.4,166.7,157.0,166.2
2007/07/04,167.7,167.7,160.9,161.9
2007/07/05,163.8,165.2,162.3,162.8
2007/07/06,163.8,165.7,162.3,163.3
2007/07/09,164.8,169.6,164.8,169.1
2007/07/10,171.0,173.0,166.7,172.0
2007/07/11,171.5,171.5,168.6,169.1
2007/07/12,170.1,172.0,166.7,167.2
2007/07/13,169.1,170.1,165.2,165.7
2007/07/16,165.7,167.2,162.3,162.8
2007/07/17,164.3,166.2,160.4,166.2
2007/07/18,166.2,168.1,164.8,164.8
2007/07/19,165.2,171.5,165.2,169.1
2007/07/20,164.6,168.5,164.1,166.1
2007/07/23,165.6,168.1,163.6,164.1
2007/07/24,164.1,164.6,160.7,160.7
2007/07/25,161.2,170.5,161.2,168.1
2007/07/26,169.5,173.0,162.6,163.6
2007/07/27,159.7,168.1,153.8,155.7
2007/07/30,155.7,155.7,144.9,147.8
2007/07/31,149.8,151.8,147.8,149.8
2007/08/01,147.8,151.8,144.9,144.9
2007/08/02,147.8,148.3,137.0,141.9
2007/08/03,144.9,147.8,141.9,141.9
2007/08/06,138.0,142.4,138.0,141.4
2007/08/07,144.4,146.4,142.4,142.4
2007/08/08,146.9,149.8,144.4,149.8
2007/08/09,151.8,152.3,146.4,146.9
2007/08/10,142.9,144.9,142.4,144.9
2007/08/13,146.9,146.9,144.9,144.9
2007/08/14,145.4,145.9,140.5,142.9
2007/08/15,140.0,140.5,136.0,137.0
2007/08/16,135.5,136.0,130.1,131.1
2007/08/17,131.6,135.0,127.6,130.1
2007/08/20,137.0,137.0,134.0,134.0
2007/08/21,135.0,135.0,127.6,128.1
2007/08/22,129.1,130.1,119.8,123.2
2007/08/23,126.7,129.1,125.2,127.6
2007/08/24,129.1,131.1,127.1,128.1
2007/08/27,133.1,133.6,131.6,133.1
2007/08/28,133.1,135.0,131.6,132.1
2007/08/29,128.1,129.1,126.7,128.1
2007/08/30,130.1,131.6,127.6,128.6
2007/08/31,128.1,132.1,128.1,131.1
2007/09/03,133.1,134.0,131.1,133.1
2007/09/04,134.0,134.5,129.1,129.1
2007/09/05,130.6,132.6,129.6,131.1
2007/09/06,131.1,134.0,130.1,134.0
2007/09/07,137.0,140.5,137.0,137.5
2007/09/10,134.0,134.5,132.1,134.0
2007/09/11,134.0,135.5,133.1,134.0
2007/09/12,136.5,137.5,134.5,134.5
2007/09/13,135.5,136.0,133.6,134.5
2007/09/14,136.0,136.5,135.0,136.0
2007/09/17,134.0,137.0,132.1,132.1
2007/09/19,134.5,135.5,127.6,128.6
2007/09/20,129.6,133.1,129.6,131.6
2007/09/21,133.1,135.0,132.1,134.5
2007/09/26,136.0,137.0,134.0,134.5
2007/09/27,136.0,137.5,135.5,137.0
2007/09/28,138.0,142.9,137.0,140.0
2007/10/01,147.8,148.3,143.9,143.9
2007/10/02,147.4,147.8,144.9,146.4
2007/10/03,147.8,149.8,144.9,146.4
2007/10/04,147.4,148.3,146.4,147.4
2007/10/05,148.3,149.3,142.9,142.9
2007/10/08,145.9,148.8,144.4,145.4
2007/10/09,147.4,147.4,142.9,143.9
2007/10/11,145.4,146.9,143.4,145.4
2007/10/12,145.9,145.9,141.9,141.9
2007/10/15,142.9,143.9,141.9,142.9
2007/10/16,142.9,145.4,140.9,145.4
2007/10/17,145.9,148.3,144.4,147.4
2007/10/18,148.8,153.3,148.3,152.8
2007/10/19,152.3,152.8,148.3,148.3
2007/10/22,142.9,143.9,141.4,141.9
2007/10/23,143.9,144.9,142.9,143.9
2007/10/24,145.9,147.8,140.9,140.9
2007/10/25,142.4,143.4,141.4,142.9
2007/10/26,144.4,144.9,140.9,140.9
2007/10/29,143.4,143.9,141.4,142.9
2007/10/30,144.4,150.3,143.9,145.9
2007/10/31,147.8,147.8,144.4,146.9
2007/11/01,149.8,149.8,144.9,144.9
2007/11/02,142.4,142.9,136.0,138.0
2007/11/05,139.0,140.5,135.5,140.5
2007/11/06,141.4,142.9,140.0,140.9
2007/11/07,140.9,143.9,137.0,137.5
2007/11/08,135.0,135.0,129.1,131.6
2007/11/09,132.1,135.5,127.1,135.5
2007/11/12,131.6,133.6,130.6,131.1
2007/11/13,131.1,133.6,131.1,132.1
2007/11/14,136.0,137.0,134.5,136.5
2007/11/15,135.5,138.5,135.0,138.0
2007/11/16,135.5,137.0,135.0,135.0
2007/11/19,136.5,137.5,133.6,135.0
2007/11/20,133.1,137.5,130.1,136.0
2007/11/21,136.0,136.5,134.0,134.5
2007/11/22,134.0,139.0,134.0,135.0
2007/11/23,135.5,136.0,131.1,131.1
2007/11/26,134.5,134.5,131.6,134.0
2007/11/27,131.1,133.6,130.1,131.1
2007/11/28,133.1,133.1,131.1,131.1
2007/11/29,133.1,134.0,130.6,131.1
2007/11/30,122.2,126.7,122.2,126.2
2007/12/03,128.1,128.1,128.1,128.1
2007/12/04,127.1,129.1,126.2,128.6
2007/12/05,128.6,132.1,128.6,131.6
2007/12/06,133.6,133.6,130.1,131.1
2007/12/07,131.1,132.1,129.1,129.6
2007/12/10,129.6,129.6,126.2,128.1
2007/12/11,129.1,129.1,127.1,127.1
2007/12/12,126.2,128.6,125.2,128.1
2007/12/13,128.1,129.6,123.7,123.7
2007/12/14,123.7,124.2,115.3,116.3
2007/12/17,115.3,118.3,109.4,109.4
2007/12/18,107.4,112.4,102.5,109.4
2007/12/19,112.4,114.8,110.4,114.3
2007/12/20,115.3,116.3,110.4,110.9
2007/12/21,112.4,113.3,109.4,109.4
2007/12/24,112.4,116.8,111.4,116.8
2007/12/25,119.3,119.8,116.8,116.8
2007/12/26,116.3,119.8,114.3,119.8
2007/12/27,119.3,123.7,119.3,121.7
2007/12/28,120.7,124.7,119.8,123.2
2007/12/31,123.2,123.7,119.8,122.2
2008/01/02,121.7,123.2,119.3,119.3
2008/01/03,116.3,117.8,114.3,116.8
2008/01/04,115.8,117.8,114.3,114.3
2008/01/07,110.4,110.4,106.5,106.5
2008/01/08,102.5,107.9,102.5,107.9
2008/01/09,103.5,110.4,103.5,110.4
2008/01/10,113.3,113.8,111.4,112.4
2008/01/11,114.3,114.8,112.4,112.9
2008/01/14,116.3,116.8,113.3,114.3
2008/01/15,116.3,118.3,113.3,113.3
2008/01/16,111.4,116.3,109.4,115.3
2008/01/17,117.3,120.2,114.3,115.3
2008/01/18,113.3,117.3,112.4,117.3
2008/01/21,116.8,117.3,112.4,112.4
2008/01/22,105.0,106.9,105.0,105.0
2008/01/23,107.4,107.4,99.6,100.5
2008/01/24,103.5,105.5,99.1,100.5
2008/01/25,104.5,107.4,103.5,107.4
2008/01/28,106.5,109.4,106.0,106.0
2008/01/29,108.4,108.9,106.5,108.9
2008/01/30,109.4,109.9,105.5,106.0
2008/01/31,106.0,108.4,103.0,108.4
2008/02/01,109.9,109.9,105.5,106.0
2008/02/12,103.5,105.0,98.6,101.5
2008/02/13,100.5,102.5,94.9,95.1
2008/02/14,98.3,101.5,98.3,100.5
2008/02/15,98.6,102.5,97.6,101.5
2008/02/18,102.0,104.0,101.5,102.0
2008/02/19,103.0,106.5,101.5,106.5
2008/02/20,105.5,105.5,102.0,102.5
2008/02/21,105.5,109.4,104.5,109.4
2008/02/22,107.4,108.4,106.5,108.4
2008/02/25,110.4,111.4,107.4,107.4
2008/02/26,110.4,113.3,108.9,109.4
2008/02/27,112.4,112.4,110.4,111.9
2008/02/29,110.4,112.9,109.9,109.9
2008/03/03,106.5,107.4,103.0,104.5
2008/03/04,103.5,106.9,103.5,106.5
2008/03/05,106.9,106.9,105.5,105.5
2008/03/06,106.5,111.4,106.0,111.4
2008/03/07,110.4,111.4,108.9,109.4
2008/03/10,110.9,110.9,108.4,110.4
2008/03/11,110.4,111.9,108.9,111.9
2008/03/12,113.3,116.3,113.3,114.3
2008/03/13,114.3,114.8,109.4,109.4
2008/03/14,111.4,111.9,107.4,108.4
2008/03/17,106.5,106.5,103.0,104.0
2008/03/18,105.0,105.5,101.5,103.5
2008/03/19,106.0,106.0,103.5,103.5
2008/03/20,103.5,105.5,103.0,105.5
2008/03/21,106.5,109.4,106.5,108.4
2008/03/24,111.4,113.3,106.9,106.9
2008/03/25,107.4,111.4,107.4,110.4
2008/03/26,110.4,112.4,108.9,109.4
2008/03/27,109.4,110.9,107.9,110.9
2008/03/28,110.9,111.9,109.4,109.9
2008/03/31,109.9,110.4,108.9,109.4
2008/04/01,110.9,111.9,109.4,109.4
2008/04/02,111.4,113.3,110.9,112.4
2008/04/03,112.9,114.8,112.4,113.3
2008/04/07,113.3,113.8,111.9,113.8
2008/04/08,112.9,112.9,110.4,111.4
2008/04/09,111.4,111.4,109.4,110.4
2008/04/10,110.9,113.3,110.4,113.3
2008/04/11,113.3,114.8,111.9,111.9
2008/04/14,110.4,111.9,109.9,110.9
2008/04/15,111.4,112.9,110.9,112.4
2008/04/16,113.3,113.3,111.4,113.3
2008/04/17,114.8,116.3,112.4,112.4
2008/04/18,112.9,115.3,112.9,113.8
2008/04/21,115.3,117.3,115.3,116.8
2008/04/22,116.8,117.3,114.3,115.3
2008/04/23,116.3,120.7,114.8,118.3
2008/04/24,120.2,121.7,119.3,119.3
2008/04/25,121.2,121.2,117.8,119.3
2008/04/28,115.8,116.3,112.9,114.3
2008/04/29,114.3,115.8,113.3,114.8
2008/04/30,115.8,116.3,114.8,115.8
2008/05/02,117.8,118.8,117.8,118.3
2008/05/05,119.8,119.8,115.3,115.3
2008/05/06,116.3,117.8,115.8,116.8
2008/05/07,116.8,117.8,114.8,115.3
2008/05/08,113.3,113.3,113.3,113.3
2008/05/09,113.3,114.3,112.9,113.3
2008/05/12,113.8,114.3,111.9,113.8
2008/05/13,115.3,115.8,113.8,115.3
2008/05/14,116.3,118.3,115.8,118.3
2008/05/15,119.3,119.3,117.3,118.3
2008/05/16,119.3,120.7,118.8,119.3
2008/05/19,120.2,120.7,117.3,118.3
2008/05/20,118.3,119.3,115.8,116.3
2008/05/21,115.3,116.8,114.8,115.3
2008/05/22,114.3,115.3,112.9,114.8
2008/05/23,115.8,115.8,113.3,113.8
2008/05/26,112.9,113.3,110.9,111.4
2008/05/27,111.9,113.3,111.9,112.4
2008/05/28,113.3,113.3,110.4,110.4
2008/05/29,110.4,111.9,110.4,110.9
2008/05/30,112.4,116.3,108.9,116.3
2008/06/02,113.3,113.8,110.4,111.4
2008/06/03,111.9,112.9,110.9,111.4
2008/06/04,110.4,111.9,109.9,110.4
2008/06/05,110.4,112.4,110.4,111.9
2008/06/06,112.4,112.9,111.4,112.4
2008/06/09,110.4,110.9,109.4,110.4
2008/06/10,109.9,110.9,106.0,106.0
2008/06/11,105.5,106.9,104.5,104.5
2008/06/12,103.5,104.5,98.6,98.6
2008/06/13,99.6,101.0,99.1,100.5
2008/06/16,101.5,105.5,100.5,101.0
2008/06/17,102.0,102.0,98.6,100.0
2008/06/18,100.0,101.5,99.6,100.5
2008/06/19,99.1,99.6,97.6,99.1
2008/06/20,100.0,100.0,98.2,100.0
2008/06/23,98.6,99.1,97.3,97.5
2008/06/24,97.3,98.3,92.7,93.1
2008/06/25,93.6,96.2,93.1,96.1
2008/06/26,97.6,98.6,95.0,95.0
2008/06/27,88.7,90.9,88.7,90.7
2008/06/30,90.4,92.2,86.9,86.9
2008/07/01,86.9,88.5,85.5,85.5
2008/07/02,86.2,88.4,85.9,86.7
2008/07/03,85.8,88.2,85.3,88.2
2008/07/04,89.6,89.6,85.8,85.8
2008/07/07,86.7,87.8,85.8,87.6
2008/07/08,86.7,86.7,81.5,81.5
2008/07/09,81.5,82.6,77.4,77.4
2008/07/10,77.4,77.4,74.4,74.8
2008/07/11,74.9,76.9,74.9,76.8
2008/07/14,76.0,78.5,75.8,76.5
2008/07/15,75.9,76.3,72.9,73.0
2008/07/16,72.9,74.3,68.7,69.0
2008/07/17,72.4,72.8,70.9,72.0
2008/07/18,72.1,72.4,67.2,68.6
2008/07/21,69.6,70.4,68.2,70.0
2008/07/22,70.1,73.1,70.1,72.0
2008/07/23,72.5,74.6,72.5,72.9
2008/07/24,73.4,76.2,72.6,75.2
2008/07/25,73.9,73.9,71.4,72.1
2008/07/29,69.5,70.0,68.0,68.4
2008/07/30,69.2,70.0,68.7,68.9
2008/07/31,69.5,71.0,68.7,69.0
2008/08/01,68.0,68.0,64.2,66.1
2008/08/04,66.1,69.1,66.1,67.8
2008/08/05,68.9,69.0,66.4,66.5
2008/08/06,59.0,60.7,59.0,60.7
2008/08/07,60.9,62.3,59.2,59.2
2008/08/08,58.7,63.3,58.2,63.3
2008/08/11,65.3,67.7,64.7,67.7
2008/08/12,68.6,68.6,66.5,68.0
2008/08/13,67.7,71.3,67.2,70.5
2008/08/14,70.4,70.9,69.0,70.7
2008/08/15,71.4,72.2,68.5,68.5
2008/08/18,67.7,69.3,65.7,65.7
2008/08/19,64.5,67.2,63.7,66.7
2008/08/20,66.6,66.7,64.7,66.3
2008/08/21,66.3,67.4,65.5,65.6
2008/08/22,65.7,66.2,62.9,63.3
2008/08/25,64.4,64.7,63.6,64.0
2008/08/26,63.2,64.8,62.9,64.7
2008/08/27,64.7,67.3,64.7,67.0
2008/08/28,68.7,70.0,67.9,68.4
2008/08/29,69.5,69.7,67.2,68.1
2008/09/01,67.6,67.6,64.2,64.3
2008/09/02,64.9,65.9,63.5,64.3
2008/09/03,65.2,65.2,60.7,61.0
2008/09/04,61.2,62.6,60.0,60.5
2008/09/05,58.8,61.6,58.8,60.7
2008/09/08,62.1,63.8,61.5,63.2
2008/09/09,62.3,62.3,58.8,58.8
2008/09/10,58.9,60.4,58.9,59.7
2008/09/11,59.7,60.2,56.9,56.9
2008/09/12,58.2,58.6,55.0,58.1
2008/09/15,56.7,57.1,54.1,54.1
2008/09/16,50.3,51.5,50.3,50.3
2008/09/17,51.7,52.7,47.0,47.9
2008/09/18,44.6,45.8,44.6,44.8
2008/09/19,47.9,48.0,47.0,48.0
2008/09/22,49.8,51.2,49.3,51.2
2008/09/23,50.2,53.7,50.2,53.7
2008/09/24,53.7,55.7,52.8,54.7
2008/09/25,53.2,55.4,52.9,53.4
2008/09/26,54.1,54.1,49.9,50.1
2008/09/30,46.7,46.7,46.7,46.7
2008/10/01,47.4,49.9,47.4,49.8
2008/10/02,49.2,50.7,47.8,48.5
2008/10/03,47.9,50.7,47.1,50.7
2008/10/06,48.8,49.6,47.8,47.8
2008/10/07,44.8,48.7,44.8,48.1
2008/10/08,46.1,47.1,44.7,44.7
2008/10/09,44.7,46.1,42.4,42.4
2008/10/13,41.0,41.5,41.0,41.2
2008/10/14,44.0,44.0,43.8,44.0
2008/10/15,44.0,44.0,42.5,42.9
2008/10/16,41.4,41.4,41.4,41.4
2008/10/17,41.4,42.1,40.0,40.0
2008/10/20,38.8,40.6,38.6,40.6
2008/10/21,41.3,41.5,39.2,39.2
2008/10/22,37.9,38.9,37.9,37.9
2008/10/23,36.6,36.6,36.6,36.6
2008/10/24,35.3,35.3,35.3,35.3
2008/10/27,32.9,33.8,32.9,32.9
2008/10/28,30.6,34.8,30.6,33.1
2008/10/29,35.4,35.4,33.1,33.2
2008/10/30,33.6,35.5,33.6,35.5
2008/10/31,35.8,36.9,34.2,36.6
2008/11/03,36.8,38.6,35.9,38.0
2008/11/04,37.7,37.7,36.3,37.0
2008/11/05,37.4,37.6,35.9,35.9
2008/11/06,33.4,33.9,33.4,33.4
2008/11/07,31.1,33.9,31.1,33.5
2008/11/10,33.3,34.5,33.0,33.6
2008/11/11,32.7,33.3,31.3,31.3
2008/11/12,31.3,32.3,31.1,31.6
2008/11/13,30.0,30.3,29.5,29.5
2008/11/14,30.6,30.6,28.0,28.2
2008/11/17,27.4,28.0,26.3,26.3
2008/11/18,25.0,25.5,24.5,24.5
2008/11/19,24.1,26.1,23.9,25.7
2008/11/20,24.4,24.9,23.9,23.9
2008/11/21,23.4,25.5,23.4,25.5
2008/11/24,25.5,25.7,24.6,24.6
2008/11/25,25.4,26.3,25.4,26.3
2008/11/26,26.9,27.7,26.5,27.6
2008/11/27,28.0,29.4,28.0,28.3
2008/11/28,28.3,28.8,27.7,28.4
2008/12/01,28.4,29.9,28.4,29.4
2008/12/02,27.3,27.8,27.3,27.3
2008/12/03,27.1,27.8,26.2,26.2
2008/12/04,26.8,27.4,26.6,26.7
2008/12/05,26.9,27.4,26.3,26.6
2008/12/08,27.0,28.5,26.8,28.5
2008/12/09,29.2,29.3,28.2,28.2
2008/12/10,28.2,30.1,28.2,30.1
2008/12/11,30.1,31.5,30.0,30.4
2008/12/12,30.0,32.5,29.4,30.3
2008/12/15,31.9,32.4,31.4,32.4
2008/12/16,32.2,32.4,30.6,31.4
2008/12/17,32.0,32.8,30.4,30.7
2008/12/18,30.9,31.4,30.3,31.4
2008/12/19,31.2,32.5,30.9,31.8
2008/12/22,32.0,32.7,30.1,30.1
2008/12/23,30.0,30.1,28.4,28.4
2008/12/24,27.7,29.4,27.7,28.9
2008/12/25,28.9,29.3,28.7,29.2
2008/12/26,28.9,30.0,28.9,29.4
2008/12/29,29.4,29.5,28.9,28.9
2008/12/30,29.4,30.8,29.2,30.7
2008/12/31,31.3,31.3,30.6,30.9
2009/01/05,32.3,33.0,31.9,33.0
2009/01/06,33.8,34.8,33.4,34.8
2009/01/07,35.1,37.3,35.1,36.7
2009/01/08,35.1,35.5,34.1,34.1
2009/01/09,33.8,34.5,32.6,33.8
2009/01/12,33.8,33.8,31.3,31.8
2009/01/13,31.8,33.8,31.8,33.8
2009/01/14,34.3,35.7,34.1,34.6
2009/01/15,33.1,34.0,33.0,33.4
2009/01/16,34.6,35.6,34.2,35.6
2009/01/19,35.0,35.8,35.0,35.8
2009/01/20,35.2,35.2,34.5,34.6
2009/01/21,33.8,34.9,33.7,34.0
2009/02/02,34.0,34.5,32.9,32.9
2009/02/03,33.4,35.2,33.4,35.1
2009/02/04,35.3,35.6,34.4,34.7
2009/02/05,35.3,36.2,35.3,35.5
2009/02/06,37.1,37.9,36.9,37.9
2009/02/09,39.6,40.5,39.2,39.7
2009/02/10,39.7,40.1,38.8,40.1
2009/02/11,38.8,40.6,38.8,40.6
2009/02/12,40.0,40.1,37.8,37.8
2009/02/13,37.8,40.4,37.8,40.0
2009/02/16,39.9,41.3,39.7,41.2
2009/02/17,41.2,42.5,39.0,39.8
2009/02/18,39.3,41.0,39.1,40.9
2009/02/19,41.1,43.5,40.4,41.5
2009/02/20,40.8,41.9,40.3,40.4
2009/02/23,40.5,41.7,39.5,41.6
2009/02/24,40.8,42.2,40.6,41.7
2009/02/25,42.7,43.3,40.8,41.0
2009/02/26,41.6,42.1,40.7,41.4
2009/02/27,41.4,42.9,41.0,42.7
2009/03/02,42.3,43.3,41.6,41.8
2009/03/03,41.2,42.5,40.3,42.5
2009/03/04,42.5,44.0,42.5,43.4
2009/03/05,44.6,46.5,44.3,45.0
2009/03/06,44.4,45.2,44.0,44.6
2009/03/09,44.8,45.0,43.1,43.9
2009/03/10,43.8,45.2,43.4,44.9
2009/03/11,45.9,46.0,43.6,43.8
2009/03/12,44.5,44.8,43.8,43.9
2009/03/13,45.7,47.0,45.3,47.0
2009/03/16,48.0,50.2,47.8,49.7
2009/03/17,49.8,50.6,49.1,50.0
2009/03/18,50.4,52.7,50.4,51.3
2009/03/19,52.1,52.4,50.6,50.8
2009/03/20,50.9,51.2,48.8,49.0
2009/03/23,49.1,51.1,49.1,51.0
2009/03/24,52.0,52.1,50.1,50.2
2009/03/25,50.2,53.7,50.2,53.7
2009/03/26,53.9,55.2,53.7,53.8
2009/03/27,54.2,56.2,52.7,52.9
2009/03/30,51.5,52.6,49.5,50.0
2009/03/31,49.8,52.1,49.8,51.1
2009/04/01,51.8,52.3,51.1,51.1
2009/04/02,52.7,52.7,50.2,51.7
2009/04/03,52.7,55.3,51.7,55.3
2009/04/06,57.1,59.1,56.3,58.8
2009/04/07,58.5,59.1,56.8,59.0
2009/04/08,58.0,58.2,56.4,56.4
2009/04/09,57.0,57.7,56.4,57.3
2009/04/10,57.8,58.8,56.7,57.6
2009/04/13,57.7,58.5,57.1,57.7
2009/04/14,57.7,61.7,57.1,61.7
2009/04/15,63.0,65.5,62.3,63.7
2009/04/16,65.6,65.7,62.9,64.7
2009/04/17,65.0,65.3,60.2,61.5
2009/04/20,61.2,62.2,59.2,60.9
2009/04/21,59.9,65.1,59.7,65.1
2009/04/22,65.7,69.6,65.7,69.6
2009/04/23,70.6,70.6,68.2,69.6
2009/04/24,70.1,73.5,69.2,73.3
2009/04/27,73.6,74.1,69.7,70.7
2009/04/28,71.1,72.7,66.7,67.2
2009/04/29,68.2,69.4,64.2,64.4
2009/04/30,68.7,68.9,66.8,68.9
2009/05/04,71.1,73.6,71.1,73.6
2009/05/05,74.6,76.0,71.0,72.7
2009/05/06,72.6,77.7,72.2,77.0
2009/05/07,77.4,79.9,75.7,79.9
2009/05/08,79.9,85.5,78.7,85.5
2009/05/11,86.6,90.4,85.6,86.1
2009/05/12,83.2,85.1,80.1,80.1
2009/05/13,78.8,81.0,76.8,80.6
2009/05/14,78.6,82.9,78.1,79.9
2009/05/15,81.6,84.8,81.1,83.6
2009/05/18,84.0,87.6,82.3,82.3
2009/05/19,85.6,85.6,79.8,80.6
2009/05/20,81.6,84.1,80.5,82.6
2009/05/21,83.0,85.4,82.3,84.1
2009/05/22,83.3,86.6,83.1,85.1
2009/05/25,86.6,89.0,84.3,84.3
2009/05/26,84.3,85.6,78.4,78.4
2009/05/27,78.8,80.4,77.1,78.6
2009/06/01,80.0,80.0,75.1,76.4
2009/06/02,78.0,80.9,77.1,78.1
2009/06/03,78.1,80.1,77.8,78.2
2009/06/04,79.0,79.9,76.9,77.4
2009/06/05,77.9,79.2,77.7,78.4
2009/06/08,82.4,83.6,78.6,78.6
2009/06/09,80.6,80.6,77.7,78.0
2009/06/10,79.0,79.2,73.4,73.8
2009/06/11,73.9,76.1,73.9,75.6
2009/06/12,75.6,76.6,72.8,73.7
2009/06/15,69.9,72.1,68.7,68.7
2009/06/16,68.8,69.7,66.1,68.9
2009/06/17,69.5,70.6,67.3,68.2
2009/06/18,68.2,70.6,68.2,70.0
2009/06/19,70.8,73.6,70.3,73.6
2009/06/22,74.6,74.7,72.2,74.1
2009/06/23,72.6,76.1,72.6,73.0
2009/06/24,73.5,75.6,72.1,73.8
2009/06/25,75.3,78.1,74.6,77.6
2009/06/26,78.8,81.0,77.7,80.6
2009/06/29,81.2,82.0,77.6,77.6
2009/06/30,79.1,79.9,77.1,78.0
2009/07/01,78.6,82.9,78.2,82.9
2009/07/02,83.1,85.0,81.1,81.5
2009/07/03,81.3,83.6,81.3,83.5
2009/07/06,84.1,84.5,82.4,82.9
2009/07/07,84.6,85.9,83.8,84.1
2009/07/08,84.1,84.6,82.8,83.7
2009/07/09,84.6,85.7,83.8,83.8
2009/07/10,84.6,84.8,82.2,82.9
2009/07/13,82.9,83.4,77.6,79.1
2009/07/14,80.1,81.5,80.1,81.2
2009/07/15,82.7,85.1,82.7,84.1
2009/07/16,85.6,85.8,83.0,83.0
2009/07/17,83.7,87.1,83.7,85.1
2009/07/20,86.9,89.8,85.6,88.5
2009/07/21,89.5,92.0,86.3,90.8
2009/07/22,92.5,94.4,91.3,91.9
2009/07/23,91.5,93.2,90.5,92.2
2009/07/24,93.2,95.5,92.6,93.0
2009/07/27,94.4,96.0,93.5,95.2
2009/07/28,95.3,95.5,93.8,94.3
2009/07/29,95.3,95.7,92.0,92.9
2009/07/30,94.0,94.9,89.6,93.3
2009/07/31,92.5,93.0,89.9,91.3
2009/08/03,90.0,92.5,90.0,90.6
2009/08/04,91.8,92.5,88.0,88.1
2009/08/05,85.0,87.0,84.3,85.0
2009/08/06,86.0,86.2,81.5,82.8
2009/08/10,83.0,84.4,82.2,84.4
2009/08/11,84.5,84.5,82.3,84.3
2009/08/12,84.0,87.3,83.5,86.1
2009/08/13,86.8,87.8,86.1,87.2
2009/08/14,87.8,88.6,85.0,85.3
2009/08/17,83.5,84.6,83.0,84.1
2009/08/18,84.1,84.5,80.5,80.9
2009/08/19,81.7,82.0,80.7,81.0
2009/08/20,81.0,81.0,78.5,79.7
2009/08/21,80.9,82.0,78.0,79.1
2009/08/24,81.4,82.8,80.7,82.5
2009/08/25,82.5,82.7,79.7,80.2
2009/08/26,80.5,80.5,74.7,75.4
2009/08/27,75.0,77.1,74.0,75.5
2009/08/28,75.9,77.8,75.3,76.9
2009/08/31,78.3,78.4,75.8,77.3
2009/09/01,77.5,80.9,76.8,80.5
2009/09/02,79.6,81.2,78.6,79.4
2009/09/03,78.1,78.8,77.0,78.5
2009/09/04,78.9,82.1,78.9,80.5
2009/09/07,81.5,81.5,79.0,79.6
2009/09/08,81.0,81.7,80.1,80.3
2009/09/09,80.2,81.2,79.0,79.0
2009/09/10,80.7,80.7,77.5,77.5
2009/09/11,77.0,78.8,76.8,78.6
2009/09/14,78.5,78.7,77.1,77.9
2009/09/15,78.0,79.5,78.0,79.5
2009/09/16,80.0,80.8,79.1,79.1
2009/09/17,80.0,80.0,77.1,77.7
2009/09/18,77.4,79.3,77.0,79.3
2009/09/21,79.0,80.0,78.3,78.7
2009/09/22,79.0,79.5,78.4,79.0
2009/09/23,79.0,80.5,78.2,78.2
2009/09/24,78.5,78.8,77.5,78.0
2009/09/25,77.9,78.5,77.0,77.3
2009/09/28,76.9,77.8,74.8,75.0
2009/09/29,75.9,75.9,73.8,74.6
2009/09/30,74.6,76.3,74.6,76.0
2009/10/01,76.0,76.1,74.3,74.7
2009/10/02,73.8,76.4,73.7,75.4
2009/10/05,75.4,75.8,74.7,75.0
2009/10/06,75.0,77.3,75.0,76.1
2009/10/07,76.6,76.9,75.5,75.6
2009/10/08,75.8,76.8,75.2,75.3
2009/10/09,76.0,76.4,74.7,76.3
2009/10/12,77.0,78.5,76.2,78.2
2009/10/13,77.6,79.9,77.1,78.0
2009/10/14,79.5,79.5,78.1,78.1
2009/10/15,78.6,79.0,77.3,77.3
2009/10/16,77.8,78.6,77.4,77.6
2009/10/19,77.9,78.2,77.3,77.8
2009/10/20,78.2,78.8,77.9,77.9
2009/10/21,78.0,78.3,77.3,77.3
2009/10/22,77.0,77.6,75.4,75.9
2009/10/23,76.5,77.4,76.3,77.2
2009/10/26,77.5,77.9,76.5,76.7
2009/10/27,76.5,77.5,76.3,77.5
2009/10/28,78.0,79.2,77.4,77.6
2009/10/29,76.9,76.9,74.1,75.6
2009/10/30,76.1,76.4,75.0,75.0
2009/11/02,74.1,75.2,74.0,75.1
2009/11/03,75.5,75.9,75.0,75.2
2009/11/04,75.2,76.7,75.2,75.8
2009/11/05,75.7,76.1,74.4,74.5
2009/11/06,75.9,75.9,74.4,74.5
2009/11/09,74.6,75.4,74.5,74.6
2009/11/10,75.5,75.9,75.0,75.9
2009/11/11,75.5,76.1,74.7,74.8
2009/11/12,74.9,75.5,74.0,74.1
2009/11/13,74.1,75.3,74.0,75.3
2009/11/16,76.5,80.5,76.4,80.5
2009/11/17,83.0,83.2,80.8,80.9
2009/11/18,82.1,84.5,81.6,83.5
2009/11/19,83.5,85.8,83.0,85.3
2009/11/20,85.5,86.4,84.1,85.8
2009/11/23,86.9,89.8,86.0,87.8
2009/11/24,88.3,88.3,87.0,87.0
2009/11/25,87.4,90.6,87.3,90.5
2009/11/26,90.9,91.3,88.0,88.5
2009/11/27,86.5,88.3,85.5,85.5
2009/11/30,88.0,91.3,87.3,89.0
2009/12/01,89.9,94.1,87.5,93.3
2009/12/02,94.0,95.4,93.3,94.0
2009/12/03,94.5,95.5,93.0,94.7
2009/12/04,94.5,96.0,93.8,94.7
2009/12/07,95.0,96.0,94.1,94.7
2009/12/08,94.7,94.8,91.5,93.2
2009/12/09,93.0,93.5,92.2,92.8
2009/12/10,92.8,98.5,92.8,95.5
2009/12/11,97.2,102.0,96.0,102.0
2009/12/14,103.5,104.0,99.5,100.5
2009/12/15,102.5,103.5,99.0,99.0
2009/12/16,98.0,98.8,96.1,97.1
2009/12/17,97.7,100.5,97.2,97.2
2009/12/18,97.2,99.8,96.2,99.5
2009/12/21,101.0,105.0,100.5,101.0
2009/12/22,103.0,103.0,100.0,102.0
2009/12/23,102.0,102.5,100.0,101.5
2009/12/24,101.5,106.0,101.0,104.0
2009/12/25,105.0,105.5,103.0,103.5
2009/12/28,105.0,107.5,104.0,105.0
2009/12/29,106.0,107.0,104.0,107.0
2009/12/30,107.0,109.0,106.0,109.0
2009/12/31,109.0,109.5,106.5,107.0
2010/01/04,107.0,108.0,104.5,105.5
2010/01/05,105.5,106.0,100.0,100.5
2010/01/06,100.5,101.5,99.2,101.5
2010/01/07,102.0,107.0,101.5,103.5
2010/01/08,104.0,104.5,100.5,103.5
2010/01/11,103.0,106.0,103.0,106.0
2010/01/12,105.0,105.5,102.0,103.0
2010/01/13,101.0,102.5,98.4,99.3
2010/01/14,100.0,105.5,99.9,104.0
2010/01/15,105.5,107.0,104.5,105.0
2010/01/18,104.0,106.0,103.0,105.0
2010/01/19,105.0,106.0,101.0,101.5
2010/01/20,103.0,103.0,99.9,102.0
2010/01/21,101.0,101.5,99.2,99.9
2010/01/22,98.0,98.9,96.0,96.5
2010/01/25,96.5,99.6,96.5,98.1
2010/01/26,100.0,100.0,91.6,93.0
2010/01/27,93.5,95.8,92.1,94.0
2010/01/28,95.3,98.0,93.2,97.3
2010/01/29,95.1,95.6,93.0,94.3
2010/02/01,95.0,95.4,91.6,92.5
2010/02/02,94.0,94.3,88.5,88.5
2010/02/03,90.0,93.7,89.7,93.5
2010/02/04,93.6,96.1,93.4,95.0
2010/02/05,90.0,92.0,88.7,90.0
2010/02/08,91.2,94.2,90.5,92.1
2010/02/09,93.1,97.9,92.5,96.8
2010/02/10,97.8,97.8,95.0,95.0
2010/02/22,98.0,98.0,95.1,95.2
2010/02/23,95.2,95.6,93.2,94.3
2010/02/24,93.2,95.4,93.1,93.5
2010/02/25,94.5,94.8,91.0,91.2
2010/02/26,91.7,92.5,89.5,90.3
2010/03/01,91.0,95.0,90.5,94.0
2010/03/02,95.9,95.9,93.8,93.9
2010/03/03,94.6,95.1,93.3,93.9
2010/03/04,95.0,95.0,93.0,93.0
2010/03/05,93.8,95.5,93.8,94.7
2010/03/08,95.9,98.3,95.7,97.5
2010/03/09,97.5,101.5,97.5,100.5
2010/03/10,101.5,101.5,98.6,99.0
2010/03/11,99.5,100.0,97.6,98.1
2010/03/12,98.9,101.0,98.0,100.0
2010/03/15,100.0,100.5,97.6,97.6
2010/03/16,98.1,99.8,97.9,99.4
2010/03/17,100.5,102.5,100.0,102.5
2010/03/18,103.0,103.0,101.0,103.0
2010/03/19,103.0,103.5,101.0,103.5
2010/03/22,103.0,103.5,100.0,100.5
2010/03/23,101.0,101.5,98.8,98.9
2010/03/24,100.5,100.5,99.2,99.2
2010/03/25,98.5,100.5,98.5,99.7
2010/03/26,99.7,102.0,98.9,102.0
2010/03/29,102.5,102.5,101.0,101.0
2010/03/30,102.0,102.0,99.5,100.0
2010/03/31,99.1,100.5,98.8,99.0
2010/04/01,99.0,102.0,99.0,100.5
2010/04/02,103.0,106.5,103.0,104.5
2010/04/06,105.5,107.0,104.5,105.0
2010/04/07,106.0,107.0,103.0,103.0
2010/04/08,104.0,105.0,103.0,104.0
2010/04/09,105.5,106.0,103.5,106.0
2010/04/12,108.0,108.5,106.5,108.0
2010/04/13,107.0,108.5,105.5,105.5
2010/04/14,106.0,107.0,105.0,107.0
2010/04/15,108.0,108.5,106.0,107.5
2010/04/16,108.0,108.0,105.0,105.5
2010/04/19,103.0,105.0,101.0,101.0
2010/04/20,102.0,104.0,101.0,104.0
2010/04/21,105.0,108.0,105.0,106.5
2010/04/22,106.0,107.5,105.0,106.0
2010/04/23,108.0,109.5,106.5,108.0
2010/04/26,109.0,111.5,109.0,111.5
2010/04/27,111.5,111.5,109.0,110.0
2010/04/28,106.0,109.5,106.0,109.5
2010/04/29,111.0,111.5,108.0,108.0
2010/04/30,111.0,113.0,107.0,108.5
2010/05/03,109.0,110.0,105.0,107.5
2010/05/04,109.0,109.0,103.0,105.0
2010/05/05,102.0,103.5,100.0,101.0
2010/05/06,101.0,102.0,97.7,98.1
2010/05/07,96.0,101.5,96.0,101.0
2010/05/10,101.0,101.5,99.1,100.0
2010/05/11,101.0,102.0,99.2,99.2
2010/05/12,100.0,100.5,96.2,97.0
2010/05/13,99.0,100.0,98.1,99.0
2010/05/14,98.6,99.9,98.0,99.5
2010/05/17,99.0,99.0,94.1,95.5
2010/05/18,95.6,96.1,89.8,91.5
2010/05/19,90.1,93.4,89.6,92.2
2010/05/20,92.9,93.0,89.7,89.8
2010/05/21,87.2,88.9,85.6,87.5
2010/05/24,88.5,89.3,88.1,88.6
2010/05/25,88.0,88.4,82.4,83.6
2010/05/26,84.1,87.1,83.8,86.2
2010/05/27,86.4,90.7,85.2,90.3
2010/05/28,92.3,93.2,91.1,91.9
2010/05/31,91.9,93.0,91.5,93.0
2010/06/01,93.0,93.1,91.0,91.0
2010/06/02,90.0,90.5,86.5,86.9
2010/06/03,88.3,89.5,88.3,89.5
2010/06/04,90.0,90.2,87.6,87.6
2010/06/07,83.0,87.6,83.0,87.1
2010/06/08,87.2,88.5,86.3,87.5
2010/06/09,87.9,88.2,84.6,85.4
2010/06/10,87.1,88.5,85.5,88.4
2010/06/11,90.7,91.0,88.7,89.5
2010/06/14,90.5,90.8,89.5,89.6
2010/06/15,90.0,90.7,89.6,90.1
2010/06/17,91.0,91.1,89.7,90.1
2010/06/18,90.1,90.9,88.9,88.9
2010/06/21,90.3,90.5,89.3,90.0
2010/06/22,90.0,90.4,89.4,89.4
2010/06/23,89.3,92.4,89.0,92.4
2010/06/24,92.7,93.7,91.7,92.4
2010/06/25,91.2,91.6,89.6,90.0
2010/06/28,91.0,91.0,89.7,90.1
2010/06/29,90.6,91.6,88.7,88.9
2010/06/30,85.0,88.0,85.0,87.1
2010/07/01,87.1,88.5,87.1,87.5
2010/07/02,89.5,89.6,88.0,88.0
2010/07/05,88.0,89.0,87.1,88.5
2010/07/06,88.0,90.7,88.0,90.2
2010/07/07,90.0,90.5,89.3,89.6
2010/07/08,91.4,94.7,90.8,94.5
2010/07/09,95.0,95.3,92.8,93.2
2010/07/12,94.1,95.5,93.7,94.5
2010/07/13,95.2,95.4,93.3,93.3
2010/07/14,95.0,95.5,93.7,94.4
2010/07/15,94.9,94.9,93.5,93.5
2010/07/16,93.5,94.0,91.7,92.4
2010/07/19,91.5,91.8,88.6,89.6
2010/07/20,90.0,91.8,90.0,91.7
2010/07/21,91.8,92.2,90.5,91.0
2010/07/22,90.4,91.5,89.3,89.6
2010/07/23,90.0,90.3,88.7,89.0
2010/07/26,90.0,91.2,89.5,90.5
2010/07/27,90.0,91.0,89.7,90.4
2010/07/28,86.2,86.6,85.3,85.6
2010/07/29,86.4,87.4,86.0,86.1
2010/07/30,86.0,86.3,84.5,84.7
2010/08/02,85.5,85.8,85.1,85.5
2010/08/03,86.0,86.7,85.9,86.5
2010/08/04,86.5,86.5,85.0,85.3
2010/08/05,85.5,85.8,81.8,82.4
2010/08/06,82.0,83.1,79.8,81.2
2010/08/09,81.5,84.3,81.5,83.9
2010/08/10,84.5,84.5,82.0,82.2
2010/08/11,81.6,83.2,81.5,82.4
2010/08/12,82.3,82.4,81.1,81.6
2010/08/13,82.2,82.4,81.7,82.3
2010/08/16,82.3,82.5,81.0,81.8
2010/08/17,81.8,82.8,81.5,81.5
2010/08/18,82.6,82.6,81.6,81.6
2010/08/19,82.6,86.4,82.6,85.5
2010/08/20,85.9,86.3,84.6,85.0
2010/08/23,85.1,85.3,84.0,84.3
2010/08/24,84.1,85.0,83.1,83.2
2010/08/25,82.8,82.8,81.0,81.0
2010/08/26,81.1,82.5,81.0,81.2
2010/08/27,81.2,81.7,80.6,81.4
2010/08/30,82.0,82.3,81.1,81.2
2010/08/31,80.6,80.6,75.7,76.4
2010/09/01,76.4,76.5,73.2,74.5
2010/09/02,75.9,77.9,75.4,77.4
2010/09/03,77.5,80.9,77.5,80.3
2010/09/06,81.3,81.4,79.5,79.8
2010/09/07,80.5,82.4,79.6,80.0
2010/09/08,80.0,80.0,78.2,78.7
2010/09/09,79.6,80.3,79.1,79.5
2010/09/10,82.6,85.0,82.6,83.9
2010/09/13,84.5,84.7,83.3,84.0
2010/09/14,84.0,85.5,84.0,84.5
2010/09/15,85.0,87.7,84.4,86.5
2010/09/16,87.0,89.4,86.5,87.0
2010/09/17,88.1,88.4,85.5,85.5
2010/09/20,86.3,86.5,85.2,85.6
2010/09/21,86.0,87.0,85.4,85.7
2010/09/23,86.0,86.3,84.3,85.0
2010/09/24,84.0,85.7,83.0,84.5
2010/09/27,86.2,87.2,85.4,86.4
2010/09/28,86.4,86.9,84.7,85.2
2010/09/29,86.4,89.5,85.8,88.1
2010/09/30,88.9,90.0,87.8,88.5
2010/10/01,89.9,90.4,89.0,89.5
2010/10/04,90.0,90.1,86.0,86.7
2010/10/05,87.0,87.7,86.5,87.3
2010/10/06,88.5,88.9,87.2,88.0
2010/10/07,87.7,88.7,87.2,88.4
2010/10/08,89.0,89.0,87.6,87.7
2010/10/11,88.5,88.5,86.6,87.1
2010/10/12,87.1,87.6,85.5,85.6
2010/10/13,85.9,87.4,85.8,87.4
2010/10/14,87.9,88.0,87.0,88.0
2010/10/15,88.0,88.7,87.0,87.9
2010/10/18,87.9,88.0,85.7,86.2
2010/10/19,86.5,88.6,85.8,88.1
2010/10/20,87.9,90.6,87.4,90.2
2010/10/21,90.2,90.5,89.5,90.2
2010/10/22,90.5,91.2,90.4,90.5
2010/10/25,91.0,92.1,90.8,91.2
2010/10/26,91.5,92.0,90.2,90.6
2010/10/27,91.0,91.5,90.2,91.0
2010/10/28,91.2,91.2,88.5,89.0
2010/10/29,90.0,90.0,88.7,89.0
2010/11/01,89.0,90.6,88.8,90.0
2010/11/02,90.0,90.1,88.5,88.6
2010/11/03,88.9,89.0,84.5,85.0
2010/11/04,85.0,87.0,84.7,87.0
2010/11/05,88.0,89.0,87.2,88.6
2010/11/08,88.6,88.6,86.2,87.9
2010/11/09,87.9,89.2,87.6,88.5
2010/11/10,88.5,88.7,87.8,88.7
2010/11/11,88.7,90.2,88.4,88.4
2010/11/12,88.0,88.4,87.0,88.4
2010/11/15,88.0,89.0,87.6,88.0
2010/11/16,87.3,88.5,87.1,87.5
2010/11/17,87.0,88.0,86.5,87.8
2010/11/18,87.0,87.8,87.0,87.1
2010/11/19,87.5,92.0,87.5,90.8
2010/11/22,91.9,92.9,91.0,91.4
2010/11/23,92.0,93.4,92.0,92.3
2010/11/24,91.0,92.3,91.0,91.7
2010/11/25,92.4,97.0,92.0,94.8
2010/11/26,95.0,96.3,94.9,95.5
2010/11/29,96.7,96.7,93.9,96.0
2010/11/30,96.0,98.2,95.6,97.0
2010/12/01,97.0,98.0,96.3,96.8
2010/12/02,98.4,100.5,98.1,99.3
2010/12/03,99.8,100.0,98.3,98.5
2010/12/06,99.0,100.5,98.8,99.3
2010/12/07,101.0,103.5,100.0,100.5
2010/12/08,100.0,100.5,98.3,98.5
2010/12/09,99.0,99.7,98.3,98.8
2010/12/10,98.5,98.8,97.6,98.0
2010/12/13,98.5,99.9,98.5,99.6
2010/12/14,100.0,100.5,98.0,99.0
2010/12/15,98.9,98.9,94.5,96.9
2010/12/16,96.9,97.2,95.8,97.1
2010/12/17,97.2,97.7,95.6,95.7
2010/12/20,95.8,96.7,92.8,94.1
2010/12/21,94.1,96.4,93.5,96.3
2010/12/22,97.7,98.0,96.6,97.4
2010/12/23,98.0,98.0,96.4,96.9
2010/12/24,98.0,98.0,96.0,96.0
2010/12/27,96.0,96.1,94.0,94.4
2010/12/28,94.5,96.5,94.4,94.8
2010/12/29,95.0,95.4,92.5,93.0
2010/12/30,93.0,94.8,93.0,94.5
2010/12/31,94.5,94.7,93.1,94.0
2011/01/03,94.5,94.5,93.0,93.6
2011/01/04,94.2,96.3,94.1,96.0
2011/01/05,96.0,96.3,93.2,93.3
2011/01/06,94.0,95.2,93.6,95.2
2011/01/07,95.8,95.8,93.2,94.6
2011/01/10,95.0,95.2,93.6,94.8
2011/01/11,94.3,96.7,94.3,96.0
2011/01/12,96.2,96.8,95.6,96.2
2011/01/13,97.2,98.5,96.7,98.2
2011/01/14,98.2,98.2,96.8,97.5
2011/01/17,98.0,98.1,95.5,95.5
2011/01/18,96.0,97.8,96.0,97.3
2011/01/19,97.7,97.7,95.8,97.2
2011/01/20,97.4,97.8,96.2,96.2
2011/01/21,96.1,96.2,95.0,95.1
2011/01/24,95.5,95.9,94.8,95.6
2011/01/25,96.9,96.9,95.7,95.7
2011/01/26,96.1,97.8,95.5,96.6
2011/01/27,97.8,98.5,97.0,97.8
2011/01/28,98.8,98.9,96.0,96.6
2011/02/08,96.6,96.6,92.8,93.7
2011/02/09,92.4,93.5,91.1,91.6
2011/02/10,91.5,92.7,91.2,92.0
2011/02/11,92.3,92.3,90.8,90.9
2011/02/14,91.6,92.6,91.1,92.1
2011/02/15,92.0,92.6,91.1,91.2
2011/02/16,91.2,91.7,89.1,89.1
2011/02/17,89.3,90.3,88.6,89.5
2011/02/18,90.4,93.6,90.0,92.0
2011/02/21,94.0,95.0,92.5,94.0
2011/02/22,92.5,92.5,89.5,89.5
2011/02/23,88.5,90.8,88.1,88.2
2011/02/24,89.2,89.8,87.3,88.0
2011/02/25,88.8,91.2,88.1,90.8
2011/03/01,91.1,91.7,90.1,90.1
2011/03/02,87.5,91.1,87.5,89.1
2011/03/03,90.9,92.5,90.3,92.0
2011/03/04,94.0,94.0,91.2,91.2
2011/03/07,90.5,91.9,90.5,91.3
2011/03/08,91.0,92.7,91.0,91.3
2011/03/09,92.0,92.5,90.7,90.7
2011/03/10,90.7,90.7,89.0,89.0
2011/03/11,88.5,88.8,88.3,88.7
2011/03/14,89.0,90.0,87.4,88.5
2011/03/15,88.5,89.5,82.4,87.9
2011/03/16,88.0,88.6,86.8,87.2
2011/03/17,86.3,87.0,84.8,85.9
2011/03/18,87.4,87.6,86.5,87.6
2011/03/21,88.4,89.2,87.8,88.7
2011/03/22,89.5,89.9,88.6,88.6
2011/03/23,89.5,89.5,87.8,87.8
2011/03/24,88.1,88.5,86.5,86.5
2011/03/25,87.2,87.3,85.9,86.0
2011/03/28,86.1,86.7,85.9,85.9
2011/03/29,85.9,86.6,85.5,85.5
2011/03/30,86.5,86.6,85.6,85.6
2011/03/31,86.0,86.7,85.6,86.6
2011/04/01,87.0,87.2,86.2,87.1
2011/04/06,88.0,89.3,87.6,89.1
2011/04/07,89.1,89.1,87.4,88.2
2011/04/08,88.5,88.5,86.5,87.8
2011/04/11,87.8,87.8,85.9,86.1
2011/04/12,86.0,86.7,85.8,86.1
2011/04/13,86.5,86.7,85.8,86.4
2011/04/14,86.1,86.2,84.1,85.0
2011/04/15,85.4,85.8,84.7,84.8
2011/04/18,84.8,85.7,84.4,84.7
2011/04/19,83.8,84.2,81.5,82.6
2011/04/20,83.5,85.0,82.8,85.0
2011/04/21,86.0,87.3,86.0,86.6
2011/04/22,86.0,87.0,86.0,86.2
2011/04/25,87.0,88.5,86.6,87.9
2011/04/26,87.5,88.6,87.0,88.5
2011/04/27,89.0,90.7,88.8,90.1
2011/04/28,90.5,90.6,88.4,88.4
2011/04/29,89.5,89.5,87.3,87.5
2011/05/03,88.7,89.5,87.5,89.5
2011/05/04,89.9,89.9,88.0,88.7
2011/05/05,88.7,90.0,88.3,89.7
2011/05/06,89.7,89.7,88.5,89.0
2011/05/09,89.1,90.6,88.9,89.4
2011/05/10,89.5,89.5,88.2,88.2
2011/05/11,89.0,89.1,88.2,88.9
2011/05/12,88.0,89.4,88.0,88.9
2011/05/13,89.0,92.1,89.0,91.9
2011/05/16,92.0,92.4,90.5,91.2
2011/05/17,91.8,93.4,90.6,93.4
2011/05/18,93.4,93.6,91.4,92.0
2011/05/19,92.1,92.8,90.8,90.8
2011/05/20,90.8,91.0,88.1,88.2
2011/05/23,87.6,88.5,87.5,87.9
2011/05/24,87.9,92.6,87.9,92.5
2011/05/25,93.0,95.5,93.0,93.0
2011/05/26,94.5,95.5,93.0,93.0
2011/05/27,94.2,96.5,93.6,95.2
2011/05/30,96.3,98.4,95.5,97.3
2011/05/31,98.3,98.4,96.6,98.0
2011/06/01,98.0,101.0,98.0,98.2
2011/06/02,98.5,99.6,97.5,98.0
2011/06/03,99.0,99.5,97.6,97.6
2011/06/07,98.7,98.7,97.2,97.6
2011/06/08,96.6,98.0,96.6,96.7
2011/06/09,96.7,97.5,96.0,97.0
2011/06/10,97.9,99.0,94.5,94.5
2011/06/13,93.1,95.2,93.1,93.6
2011/06/14,95.1,95.2,94.1,95.0
2011/06/15,95.3,97.2,94.6,97.2
2011/06/16,96.0,96.6,93.9,93.9
2011/06/17,95.7,95.8,94.0,94.4
2011/06/20,94.9,96.5,93.5,93.7
2011/06/21,94.7,94.9,89.0,91.3
2011/06/22,92.2,92.7,90.5,91.0
2011/06/23,91.0,92.4,90.6,91.1
2011/06/24,91.1,92.7,90.7,92.4
2011/06/27,91.2,92.8,90.9,92.7
2011/06/28,94.6,94.6,92.0,92.0
2011/06/29,93.0,93.3,92.3,92.7
2011/06/30,93.0,93.5,91.2,92.5
2011/07/01,92.9,94.5,92.5,93.5
2011/07/04,94.9,95.2,94.1,94.1
2011/07/05,94.1,95.2,94.0,95.0
2011/07/06,95.0,95.4,94.2,95.0
2011/07/07,95.5,95.6,94.6,95.5
2011/07/08,95.5,96.0,94.8,95.2
2011/07/11,95.2,95.2,93.1,93.1
2011/07/12,91.6,91.6,89.0,89.1
2011/07/13,89.1,89.9,87.1,87.9
2011/07/14,82.5,83.5,79.5,82.1
2011/07/15,82.2,84.4,82.2,83.5
2011/07/18,83.2,83.8,82.2,83.0
2011/07/19,83.0,83.2,79.6,79.6
2011/07/20,81.1,82.6,80.4,81.6
2011/07/21,82.0,84.5,81.8,83.3
2011/07/22,84.5,84.5,82.0,83.1
2011/07/25,83.0,84.8,81.4,81.9
2011/07/26,82.0,83.4,82.0,83.1
2011/07/27,83.5,84.3,83.4,84.1
2011/07/28,83.4,83.9,83.1,83.6
2011/07/29,84.0,84.0,78.4,80.7
2011/08/01,81.7,82.4,80.8,81.5
2011/08/02,81.3,81.7,80.5,80.6
2011/08/03,79.5,80.1,78.6,79.2
2011/08/04,79.7,79.9,75.3,75.5
2011/08/05,70.3,71.3,70.3,70.3
2011/08/08,68.0,69.4,65.4,65.5
2011/08/09,61.0,67.7,61.0,65.6
2011/08/10,69.9,69.9,66.6,67.0
2011/08/11,64.3,70.5,63.5,70.5
2011/08/12,72.5,72.5,69.1,69.2
2011/08/15,69.6,70.7,69.3,69.9
2011/08/16,71.3,71.3,69.7,70.0
2011/08/17,70.0,70.1,69.1,69.1
2011/08/18,69.1,69.1,65.1,65.1
2011/08/19,61.0,63.8,61.0,61.9
2011/08/22,62.0,63.9,61.6,63.0
2011/08/23,64.0,65.7,63.5,65.7
2011/08/24,65.8,69.8,64.3,68.5
2011/08/25,68.9,68.9,65.0,65.0
2011/08/26,65.1,66.8,64.8,66.4
2011/08/29,66.6,68.9,66.6,68.0
2011/08/30,69.4,71.8,69.0,71.2
2011/08/31,72.5,76.1,72.4,76.0
2011/09/01,76.4,78.0,73.5,73.7
2011/09/02,73.8,75.9,73.8,74.1
2011/09/05,72.0,72.4,70.5,71.2
2011/09/06,71.0,71.9,70.0,70.2
2011/09/07,71.9,75.1,71.6,75.1
2011/09/08,76.9,76.9,74.4,74.5
2011/09/09,74.5,76.4,73.8,74.7
2011/09/13,74.0,74.5,72.5,73.0
2011/09/14,74.3,75.3,71.8,73.4
2011/09/15,77.7,77.7,74.8,75.8
2011/09/16,76.0,76.8,74.8,76.1
2011/09/19,75.6,76.9,75.4,75.5
2011/09/20,76.0,76.5,72.9,74.4
2011/09/21,74.9,75.5,74.3,74.5
2011/09/22,72.4,74.3,72.4,73.8
2011/09/23,72.0,72.0,69.2,69.2
2011/09/26,69.2,71.0,68.5,68.6
2011/09/27,72.8,72.8,70.0,71.2
2011/09/28,72.0,72.1,69.2,69.7
2011/09/29,69.5,70.6,68.1,69.8
2011/09/30,70.3,73.0,70.3,71.5
2011/10/03,70.5,70.5,69.5,69.6
2011/10/04,68.5,71.0,68.5,71.0
2011/10/05,71.5,72.0,70.3,70.7
2011/10/06,71.7,72.3,69.6,69.7
2011/10/07,70.8,70.8,69.0,69.0
2011/10/11,71.0,73.1,70.4,73.0
2011/10/12,73.0,75.5,72.3,74.3
2011/10/13,74.8,75.6,73.8,74.9
2011/10/14,74.9,76.3,74.5,76.0
2011/10/17,77.5,77.7,76.1,76.9
2011/10/18,75.1,76.5,74.9,75.2
2011/10/19,76.0,76.7,74.3,74.3
2011/10/20,75.0,75.2,71.8,72.0
2011/10/21,72.0,73.3,71.5,73.1
2011/10/24,74.5,75.9,73.2,75.9
2011/10/25,75.9,75.9,73.8,74.0
2011/10/26,73.0,74.5,73.0,74.4
2011/10/27,74.4,74.4,73.6,73.7
2011/10/28,75.0,75.4,74.1,74.7
2011/10/31,75.0,75.5,74.5,74.5
2011/11/01,74.8,76.9,74.7,76.1
2011/11/02,75.5,79.3,75.3,78.4
2011/11/03,78.4,79.6,77.2,77.2
2011/11/04,79.4,82.4,79.0,81.9
2011/11/07,81.3,81.5,80.3,81.0
2011/11/08,80.5,81.6,78.6,79.0
2011/11/09,79.5,80.0,77.7,77.7
2011/11/10,75.2,76.4,74.1,74.3
2011/11/11,75.0,79.0,74.3,78.9
2011/11/14,80.5,80.9,79.2,79.3
2011/11/15,79.5,80.5,79.0,79.1
2011/11/16,79.3,80.5,76.5,77.0
2011/11/17,77.0,78.7,76.5,78.7
2011/11/18,78.2,79.0,77.1,77.1
2011/11/21,77.0,77.6,75.3,75.7
2011/11/22,77.5,77.5,75.4,75.7
2011/11/23,75.7,75.7,70.5,71.0
2011/11/24,70.0,72.7,69.0,71.2
2011/11/25,72.2,72.6,68.1,68.8
2011/11/28,70.8,73.6,70.6,73.6
2011/11/29,74.0,76.6,74.0,76.5
2011/11/30,76.8,76.8,73.3,73.3
2011/12/01,78.0,78.3,76.8,78.3
2011/12/02,78.0,78.2,77.0,77.9
2011/12/05,78.0,79.6,77.0,77.0
2011/12/06,77.1,77.3,75.1,75.1
2011/12/07,76.0,76.5,74.6,76.5
2011/12/08,76.2,76.2,73.1,73.6
2011/12/09,71.8,74.3,71.1,72.9
2011/12/12,74.8,74.8,73.1,74.1
2011/12/13,73.3,73.8,72.7,73.4
2011/12/14,74.0,74.0,72.5,73.4
2011/12/15,72.6,72.9,71.9,72.0
2011/12/16,71.7,72.5,71.1,71.1
2011/12/19,70.0,70.7,69.6,69.8
2011/12/20,70.0,71.3,67.7,68.5
2011/12/21,72.6,73.2,71.0,73.2
2011/12/22,74.0,74.3,72.8,73.5
2011/12/23,75.0,76.0,74.3,75.8
2011/12/26,75.3,75.7,74.3,74.8
2011/12/27,75.3,75.5,74.4,75.3
2011/12/28,74.9,75.5,74.5,75.0
2011/12/29,75.0,75.7,74.3,75.6
2011/12/30,76.1,76.6,75.7,75.9
2012/01/02,75.6,75.6,73.8,73.8
2012/01/03,75.0,76.4,74.5,76.3
2012/01/04,77.4,78.3,76.8,77.6
2012/01/05,77.5,77.7,76.9,77.6
2012/01/06,78.0,78.5,77.1,77.7
2012/01/09,77.1,78.2,76.1,77.1
2012/01/10,77.9,80.3,77.9,79.3
2012/01/11,79.8,83.3,79.8,83.0
2012/01/12,83.4,86.6,83.4,85.0
2012/01/13,86.5,86.6,83.6,84.5
2012/01/16,85.5,85.5,83.0,83.9
2012/01/17,84.6,89.6,84.4,87.4
2012/01/18,86.5,88.5,85.4,86.0
2012/01/30,89.0,89.4,85.7,86.0
2012/01/31,86.0,88.0,83.1,84.1
2012/02/01,85.1,89.0,84.4,88.9
2012/02/02,91.9,95.1,91.9,94.4
2012/02/03,94.0,94.2,91.2,92.2
2012/02/06,90.6,93.4,90.0,90.0
2012/02/07,90.0,92.1,90.0,90.3
2012/02/08,91.9,91.9,90.3,91.3
2012/02/09,91.5,93.5,90.0,92.1
2012/02/10,90.9,91.0,85.7,85.7
2012/02/13,85.8,87.7,83.7,87.0
2012/02/14,88.1,88.4,84.6,85.2
2012/02/15,86.5,90.5,85.8,89.5
2012/02/16,89.5,90.2,86.0,86.1
2012/02/17,88.0,88.5,86.1,86.5
2012/02/20,87.0,88.6,86.1,88.0
2012/02/21,88.0,88.0,86.2,86.6
2012/02/22,86.2,89.6,86.2,88.5
2012/02/23,88.5,88.6,87.0,87.0
2012/02/24,87.6,88.5,87.0,87.0
2012/02/29,88.5,89.4,87.8,88.0
2012/03/01,89.0,92.4,88.7,91.2
2012/03/02,91.8,92.0,90.4,90.7
2012/03/05,90.0,90.7,89.0,89.0
2012/03/06,89.9,89.9,86.5,87.5
2012/03/07,86.0,88.9,85.8,87.5
2012/03/08,88.8,89.9,87.1,89.2
2012/03/09,89.2,91.9,88.6,90.6
2012/03/12,90.6,91.1,88.8,89.0
2012/03/13,90.5,90.7,89.0,89.5
2012/03/14,91.7,93.3,90.5,91.9
2012/03/15,92.0,93.3,91.6,92.9
2012/03/16,93.0,93.8,91.3,91.3
2012/03/19,92.5,92.8,91.3,92.5
2012/03/20,93.0,94.0,91.7,92.3
2012/03/21,93.2,93.8,91.0,91.7
2012/03/22,92.5,93.6,91.8,92.5
2012/03/23,92.8,92.8,91.8,92.6
2012/03/26,92.6,92.6,91.1,91.7
2012/03/27,91.7,92.0,89.5,90.0
2012/03/28,90.4,91.0,90.0,90.7
2012/03/29,89.4,90.2,86.9,88.0
2012/03/30,88.8,89.9,87.4,89.9
2012/04/02,89.9,91.0,88.5,89.9
2012/04/03,90.5,91.0,89.0,89.5
2012/04/05,85.3,87.3,83.6,86.5
2012/04/06,86.5,90.0,85.5,90.0
2012/04/09,87.1,88.7,87.0,88.2
2012/04/10,89.0,90.1,88.7,89.2
2012/04/11,88.4,90.2,88.0,90.0
2012/04/12,89.2,90.0,88.3,90.0
2012/04/13,90.5,92.4,90.5,91.1
2012/04/16,90.0,90.5,89.5,89.5
2012/04/17,90.0,90.5,88.1,88.2
2012/04/18,89.8,89.8,87.2,87.5
2012/04/19,88.0,88.0,85.0,88.0
2012/04/20,87.4,88.0,86.7,87.0
2012/04/23,87.0,87.5,85.6,87.5
2012/04/24,86.8,87.2,85.0,85.2
2012/04/25,85.2,86.5,85.2,85.2
2012/04/26,86.0,88.3,85.8,87.9
2012/04/27,88.0,88.4,86.3,88.0
2012/04/30,88.0,89.2,87.4,88.5
2012/05/02,89.4,91.5,88.7,90.7
2012/05/03,91.3,92.6,90.7,91.0
2012/05/04,91.0,92.2,90.1,90.5
2012/05/07,88.8,89.5,88.4,88.8
2012/05/08,89.6,91.5,89.4,90.3
2012/05/09,89.9,91.5,89.2,91.1
2012/05/10,91.0,91.3,87.6,88.0
2012/05/11,88.0,88.4,86.7,87.5
2012/05/14,87.5,88.5,87.2,87.7
2012/05/15,87.7,88.4,87.1,87.8
2012/05/16,87.8,87.9,84.5,84.6
2012/05/17,85.0,86.4,84.9,86.4
2012/05/18,86.0,86.8,84.4,84.5
2012/05/21,86.4,87.4,85.8,86.5
2012/05/22,87.8,87.8,86.7,87.4
2012/05/23,86.5,89.3,86.3,89.2
2012/05/24,89.4,90.0,87.7,88.0
2012/05/25,88.5,88.6,86.5,87.8
2012/05/28,87.0,88.9,86.7,88.9
2012/05/29,89.0,89.9,88.9,89.5
2012/05/30,89.5,90.6,89.0,89.8
2012/05/31,89.0,89.5,87.3,88.6
2012/06/01,86.8,87.8,86.5,86.5
2012/06/04,84.0,87.3,81.6,87.3
2012/06/05,87.5,88.4,85.8,85.8
2012/06/06,86.9,88.0,86.3,87.1
2012/06/07,88.1,88.1,86.2,87.0
2012/06/08,86.5,87.2,85.5,87.0
2012/06/11,88.0,88.6,86.7,87.5
2012/06/12,86.3,86.8,85.6,86.0
2012/06/13,86.7,86.8,86.1,86.2
2012/06/14,86.9,88.5,86.5,86.6
2012/06/15,87.1,88.5,87.1,88.1
2012/06/18,90.0,91.2,89.5,89.5
2012/06/19,89.9,92.0,88.7,92.0
2012/06/20,91.9,91.9,90.6,91.0
2012/06/21,90.4,92.0,89.6,90.0
2012/06/22,89.0,89.7,89.0,89.5
2012/06/25,90.0,91.0,90.0,90.5
2012/06/26,90.0,90.6,89.4,90.0
2012/06/27,90.3,90.6,89.5,90.0
2012/06/28,91.5,91.5,90.0,90.5
2012/06/29,90.1,91.5,90.1,91.4
2012/07/02,91.5,94.7,91.5,93.5
2012/07/03,94.5,95.3,93.7,95.0
2012/07/04,95.0,95.4,94.5,95.3
2012/07/05,95.3,95.4,94.5,95.0
2012/07/06,95.0,95.1,91.0,91.0
2012/07/09,91.0,93.3,91.0,92.0
2012/07/10,92.5,92.8,90.0,91.0
2012/07/11,86.0,87.2,85.4,86.2
2012/07/12,86.9,87.0,83.6,83.6
2012/07/13,83.0,84.4,80.6,82.0
2012/07/16,83.0,83.2,82.5,82.5
2012/07/17,80.5,82.5,80.0,81.7
2012/07/18,82.3,82.6,81.6,82.0
2012/07/19,82.9,83.2,82.1,82.7
2012/07/20,83.7,84.5,83.1,84.5
2012/07/23,83.5,83.5,81.8,82.3
2012/07/24,81.4,82.8,81.1,82.5
2012/07/25,82.0,83.2,81.6,83.0
2012/07/26,82.5,83.1,81.8,82.5
2012/07/27,83.7,85.2,82.7,84.8
2012/07/30,86.0,86.5,85.3,86.0
2012/07/31,86.0,87.9,85.1,87.6
2012/08/01,88.0,88.0,87.0,87.6
2012/08/03,86.6,87.6,85.8,86.1
2012/08/06,87.8,87.9,84.6,85.9
2012/08/07,86.9,87.5,86.3,86.3
2012/08/08,89.0,92.3,88.7,91.7
2012/08/09,92.0,95.0,92.0,93.0
2012/08/10,93.0,93.2,91.0,91.3
2012/08/13,93.0,93.4,91.1,91.2
2012/08/14,92.0,92.7,91.1,91.2
2012/08/15,91.6,91.7,90.7,91.3
2012/08/16,92.6,93.5,91.9,92.6
2012/08/17,93.2,94.1,92.4,92.9
2012/08/20,94.0,94.3,92.3,92.6
2012/08/21,93.0,93.5,92.4,93.0
2012/08/22,93.0,93.9,92.8,93.7
2012/08/23,94.3,97.1,94.0,96.1
2012/08/24,96.1,97.5,96.0,96.5
2012/08/27,96.5,97.0,95.1,95.5
2012/08/28,95.5,95.5,92.5,92.5
2012/08/29,93.0,95.2,93.0,95.2
2012/08/30,95.0,95.7,94.3,95.5
2012/08/31,96.0,97.3,95.5,96.5
2012/09/03,96.5,97.3,96.4,97.0
2012/09/04,97.0,98.4,95.7,98.2
2012/09/05,98.0,98.4,96.9,98.4
2012/09/06,97.5,98.1,97.1,97.3
2012/09/07,98.5,101.5,98.5,100.0
2012/09/10,98.0,100.0,96.9,100.0
2012/09/11,98.5,102.0,98.5,100.5
2012/09/12,102.0,107.5,101.5,106.0
2012/09/13,106.0,106.0,103.0,103.5
2012/09/14,105.5,106.5,103.0,104.0
2012/09/17,104.0,104.5,101.5,101.5
2012/09/18,101.0,104.0,100.5,100.5
2012/09/19,102.0,104.0,100.5,104.0
2012/09/20,104.5,105.0,101.0,102.0
2012/09/21,103.5,104.0,102.0,102.5
2012/09/24,105.0,109.0,105.0,109.0
2012/09/25,109.0,109.0,105.5,106.5
2012/09/26,106.5,107.0,103.0,103.5
2012/09/27,105.0,106.0,102.5,103.0
2012/09/28,104.5,106.5,103.5,106.0
2012/10/01,105.0,107.5,103.5,104.0
2012/10/02,105.0,105.5,104.0,105.0
2012/10/03,105.0,105.5,103.5,103.5
2012/10/04,103.0,104.0,101.5,102.5
2012/10/05,104.0,104.5,102.5,103.5
2012/10/08,105.5,107.0,104.5,106.0
2012/10/09,107.0,107.5,105.0,106.0
2012/10/11,105.0,105.5,100.0,105.0
2012/10/12,104.0,105.0,102.5,104.0
2012/10/15,105.0,105.0,103.0,104.0
2012/10/16,105.0,105.5,103.5,104.5
2012/10/17,105.5,108.5,105.5,105.5
2012/10/18,106.0,106.0,104.5,106.0
2012/10/19,106.5,106.5,104.5,106.0
2012/10/22,104.0,105.5,102.0,105.0
2012/10/23,104.5,105.0,103.5,104.5
2012/10/24,104.5,111.5,103.5,110.5
2012/10/25,110.5,111.0,108.0,110.0
2012/10/26,110.5,110.5,106.0,106.5
2012/10/29,108.5,110.0,107.0,108.5
2012/10/30,109.0,111.0,107.5,111.0
2012/10/31,111.5,111.5,109.0,110.0
2012/11/01,110.0,117.5,109.5,114.5
2012/11/02,115.0,118.5,114.5,115.0
2012/11/05,114.0,118.5,112.5,114.0
2012/11/06,115.5,116.0,111.0,115.0
2012/11/07,115.0,115.5,111.0,112.0
2012/11/08,110.5,111.5,109.0,111.5
2012/11/09,111.0,113.5,110.0,113.0
2012/11/12,113.0,113.5,111.5,113.0
2012/11/13,113.5,113.5,111.0,112.0
2012/11/14,112.0,112.5,110.5,111.5
2012/11/15,111.0,112.0,109.5,111.0
2012/11/16,109.5,111.5,106.0,106.5
2012/11/19,106.5,111.5,106.0,108.5
2012/11/20,111.0,111.0,108.0,110.0
2012/11/21,111.0,111.0,108.5,109.5
2012/11/22,111.0,111.0,107.5,110.0
2012/11/23,111.0,116.0,111.0,115.0
2012/11/26,115.5,116.5,113.5,115.0
2012/11/27,115.0,115.5,113.5,114.5
2012/11/28,113.5,117.0,113.5,115.0
2012/11/29,116.0,117.5,115.0,115.0
2012/11/30,117.0,118.5,116.5,117.0
2012/12/03,117.0,118.5,116.5,116.5
2012/12/04,116.5,118.5,116.5,118.5
2012/12/05,117.5,123.0,117.5,122.0
2012/12/06,122.5,125.5,121.5,123.0
2012/12/07,121.5,123.5,120.0,123.0
2012/12/10,124.0,124.0,119.0,120.0
2012/12/11,121.0,121.0,117.5,119.5
2012/12/12,121.5,121.5,119.5,121.0
2012/12/13,121.0,121.5,120.5,121.0
2012/12/14,121.0,121.0,118.5,119.5
2012/12/17,119.5,119.5,117.0,118.5
2012/12/18,118.5,119.0,116.0,117.5
2012/12/19,117.5,118.0,116.0,117.0
2012/12/20,115.5,116.0,112.0,115.5
2012/12/21,114.5,116.0,113.0,113.0
2012/12/24,118.5,118.5,115.0,115.5
2012/12/25,115.5,117.0,114.5,117.0
2012/12/26,117.5,118.0,116.5,118.0
2012/12/27,118.0,118.0,116.5,117.5
2012/12/28,118.5,118.5,114.5,117.5
2013/01/02,118.5,121.0,117.0,120.0
2013/01/03,122.0,123.0,121.0,121.0
2013/01/04,121.5,121.5,118.5,119.5
2013/01/07,118.5,119.0,116.5,116.5
2013/01/08,116.5,116.5,114.5,116.5
2013/01/09,116.0,117.5,115.5,116.5
2013/01/10,117.0,119.0,117.0,119.0
2013/01/11,118.5,119.5,117.0,118.0
2013/01/14,117.0,117.0,114.0,116.0
2013/01/15,114.5,115.5,108.0,109.0
2013/01/16,108.0,111.5,104.5,111.0
2013/01/17,110.5,111.5,108.0,108.5
2013/01/18,110.5,114.0,110.0,112.0
2013/01/21,113.0,115.0,112.5,114.5
2013/01/22,114.0,116.0,113.5,116.0
2013/01/23,114.5,116.0,112.5,112.5
2013/01/24,112.5,114.0,111.5,113.0
2013/01/25,114.0,114.0,112.0,113.0
2013/01/28,113.0,116.5,113.0,116.5
2013/01/29,117.0,119.0,116.5,118.0
2013/01/30,119.0,120.0,118.5,119.0
2013/01/31,119.5,119.5,117.0,117.5
2013/02/01,119.0,119.5,115.5,116.0
2013/02/04,117.0,117.0,114.5,116.0
2013/02/05,115.5,118.5,114.5,118.5
2013/02/06,119.0,119.0,116.5,117.5
2013/02/18,120.0,120.0,118.5,120.0
2013/02/19,120.5,126.0,119.5,123.0
2013/02/20,125.0,127.5,123.0,127.5
2013/02/21,128.0,128.0,124.5,127.0
2013/02/22,127.5,127.5,125.0,126.0
2013/02/25,124.5,124.5,122.0,122.0
2013/02/26,120.0,123.5,120.0,120.0
2013/02/27,123.0,128.0,122.5,124.0
2013/03/01,124.0,126.5,123.5,124.5
2013/03/04,123.5,125.5,123.5,125.5
2013/03/05,125.5,133.5,125.5,131.0
2013/03/06,132.0,136.5,131.5,135.0
2013/03/07,131.0,133.5,131.0,131.0
2013/03/08,130.0,130.5,128.0,128.0
2013/03/11,127.0,129.5,127.0,127.0
2013/03/12,127.0,131.0,126.5,128.5
2013/03/13,129.5,131.0,129.5,130.5
2013/03/14,130.0,131.0,126.0,131.0
2013/03/15,132.0,133.5,130.5,132.5
2013/03/18,131.5,131.5,127.5,127.5
2013/03/19,129.0,129.5,128.0,128.0
2013/03/20,127.5,128.5,124.0,125.5
2013/03/21,127.0,130.0,127.0,129.5
2013/03/22,127.5,130.0,125.0,129.5
2013/03/25,129.5,131.0,128.5,130.5
2013/03/26,131.0,131.0,129.0,129.0
2013/03/27,130.5,132.0,129.5,129.5
2013/03/28,129.0,131.0,129.0,130.5
2013/03/29,130.5,131.0,128.5,129.5
2013/04/01,130.0,131.5,129.5,131.0
2013/04/02,131.0,134.5,130.5,134.5
2013/04/03,134.5,139.0,134.0,138.0
2013/04/08,134.0,136.0,130.0,132.5
2013/04/09,133.0,133.5,128.5,129.5
2013/04/10,132.0,132.0,126.0,127.5
2013/04/11,130.0,135.5,129.5,134.0
2013/04/12,132.5,135.5,132.0,135.0
2013/04/15,135.0,135.0,133.0,134.0
2013/04/16,130.5,136.5,130.5,136.5
2013/04/17,137.0,137.5,135.0,135.5
2013/04/18,135.0,137.0,133.5,136.0
2013/04/19,136.5,141.5,136.0,140.0
2013/04/22,141.0,142.5,140.0,141.5
2013/04/23,140.0,141.5,138.5,140.0
2013/04/24,140.0,146.5,140.0,144.5
2013/04/25,144.5,144.5,142.0,144.0
2013/04/26,144.0,145.5,141.0,142.0
2013/04/29,144.0,144.0,140.0,141.0
2013/04/30,144.0,149.0,143.5,144.0
2013/05/02,145.0,151.0,145.0,150.0
2013/05/03,150.0,153.0,149.5,153.0
2013/05/06,153.5,155.0,152.0,154.0
2013/05/07,155.0,158.0,153.0,156.5
2013/05/08,155.0,155.0,152.5,155.0
2013/05/09,150.0,151.0,145.0,146.0
2013/05/10,146.0,151.0,141.0,141.5
2013/05/13,141.5,145.5,141.5,144.0
2013/05/14,145.0,145.5,141.0,142.5
2013/05/15,142.5,144.0,141.0,142.0
2013/05/16,143.0,150.5,143.0,147.5
2013/05/17,147.5,151.5,147.5,149.5
2013/05/20,151.5,152.5,146.5,147.0
2013/05/21,146.0,149.0,146.0,148.0
2013/05/22,149.0,149.5,145.0,147.5
2013/05/23,145.0,147.0,143.5,144.0
2013/05/24,144.5,145.5,141.5,141.5
2013/05/27,141.5,145.5,141.0,144.0
2013/05/28,143.0,149.0,143.0,147.5
2013/05/29,149.0,149.0,147.5,148.0
2013/05/30,146.5,148.0,146.0,148.0
2013/05/31,149.5,152.5,148.0,152.5
2013/06/03,150.0,152.5,148.5,152.0
2013/06/04,153.0,153.0,146.5,149.0
2013/06/05,147.5,149.0,147.0,147.0
2013/06/06,146.0,146.5,141.0,142.0
2013/06/07,145.0,146.0,143.0,143.5
2013/06/10,144.5,146.5,144.0,145.0
2013/06/11,143.0,144.0,141.0,141.5
2013/06/13,140.0,143.0,135.5,139.0
2013/06/14,140.0,140.5,135.0,135.0
2013/06/17,137.0,139.5,135.5,138.0
2013/06/18,138.0,138.5,135.5,137.5
2013/06/19,139.0,142.0,138.5,140.0
2013/06/20,138.0,141.0,137.0,137.0
2013/06/21,135.0,135.0,127.5,129.0
2013/06/24,128.0,131.5,128.0,130.0
2013/06/25,130.0,133.5,125.0,129.0
2013/06/26,131.5,134.0,129.0,130.5
2013/06/27,134.0,139.5,132.0,139.5
2013/06/28,142.5,145.5,140.5,145.5
2013/07/01,145.0,147.5,142.0,145.0
2013/07/02,146.0,146.5,143.0,144.0
2013/07/03,144.0,145.5,142.0,142.0
2013/07/04,144.0,144.0,134.0,138.0
2013/07/05,139.0,145.0,137.0,144.5
2013/07/08,143.5,143.5,136.5,140.5
2013/07/09,138.0,138.0,131.5,133.0
2013/07/10,131.5,132.5,125.0,130.5
2013/07/11,133.0,135.0,130.5,133.5
2013/07/12,133.5,133.5,129.0,132.0
2013/07/15,132.0,133.5,129.5,132.0
2013/07/16,130.5,131.5,127.5,131.0
2013/07/17,129.0,129.5,122.5,123.5
2013/07/18,120.0,123.0,117.5,122.0
2013/07/19,121.0,125.5,120.5,122.5
2013/07/22,123.5,124.5,120.5,123.0
2013/07/23,123.5,128.0,123.5,127.5
2013/07/24,127.5,128.0,126.0,127.0
2013/07/25,127.0,130.0,125.5,130.0
2013/07/26,131.0,131.0,127.5,130.5
2013/07/29,131.0,132.0,129.5,131.0
2013/07/30,130.0,131.5,128.0,131.0
2013/07/31,131.0,132.5,129.0,132.5
2013/08/01,133.0,133.0,128.5,131.0
2013/08/02,131.0,132.5,130.5,131.5
2013/08/05,130.0,130.0,123.5,127.0
2013/08/06,127.0,127.0,123.5,124.5
2013/08/07,121.5,122.5,116.0,116.0
2013/08/08,112.5,117.5,109.0,116.5
2013/08/09,114.5,117.0,113.5,116.5
2013/08/12,116.5,117.0,112.0,114.5
2013/08/13,115.0,122.5,115.0,122.5
2013/08/14,123.0,124.0,120.5,122.5
2013/08/15,116.0,116.5,113.0,113.0
2013/08/16,111.0,115.5,111.0,115.0
2013/08/19,112.0,114.5,110.0,110.5
2013/08/20,110.0,113.0,110.0,111.0
2013/08/22,108.0,108.5,105.5,107.0
2013/08/23,109.0,114.0,109.0,114.0
2013/08/26,114.0,118.0,114.0,114.5
2013/08/27,115.5,119.5,115.5,116.5
2013/08/28,116.0,120.0,115.5,118.0
2013/08/29,118.5,121.5,118.5,121.5
2013/08/30,122.5,124.5,121.0,124.5
2013/09/02,124.5,124.5,120.5,122.0
2013/09/03,123.0,127.0,121.0,124.5
2013/09/04,124.5,125.0,122.0,122.0
2013/09/05,124.0,129.5,123.0,129.5
2013/09/06,129.0,130.0,126.5,128.0
2013/09/09,130.0,130.5,129.0,130.0
2013/09/10,132.0,132.0,127.0,131.0
2013/09/11,131.5,131.5,126.5,130.0
2013/09/12,130.0,130.0,124.0,124.0
2013/09/13,124.5,127.0,124.5,125.5
2013/09/16,126.0,127.0,124.5,125.5
2013/09/17,126.5,126.5,123.5,124.0
2013/09/18,124.5,125.5,123.0,123.5
2013/09/23,125.0,125.5,124.0,125.0
2013/09/24,126.0,128.0,125.0,128.0
2013/09/25,127.5,127.5,125.0,126.0
2013/09/26,127.0,127.5,121.5,122.0
2013/09/27,123.0,125.0,122.0,122.5
2013/09/30,120.5,124.0,120.5,122.5
2013/10/01,124.0,126.0,123.5,125.5
2013/10/02,125.5,126.5,122.0,122.5
2013/10/03,123.5,126.0,122.5,124.5
2013/10/04,124.5,125.5,120.5,121.0
2013/10/07,120.5,121.5,117.0,117.5
2013/10/08,118.0,120.0,114.5,115.0
2013/10/09,115.0,117.0,114.0,115.0
2013/10/11,116.5,117.0,115.0,116.5
2013/10/14,117.0,117.0,114.0,116.5
2013/10/15,117.5,117.5,115.0,116.5
2013/10/16,116.5,116.5,109.0,110.0
2013/10/17,110.5,113.0,109.0,109.5
2013/10/18,110.0,112.5,107.5,112.0
2013/10/21,111.5,113.0,110.0,111.5
2013/10/22,111.5,112.0,110.5,111.0
2013/10/23,111.5,115.0,111.0,114.0
2013/10/24,112.5,114.0,112.5,114.0
2013/10/25,114.0,115.0,111.5,112.5
2013/10/28,113.5,113.5,111.5,112.0
2013/10/29,112.0,113.0,111.5,112.0
2013/10/30,113.0,118.0,112.5,118.0
2013/10/31,118.0,118.5,115.5,116.5
2013/11/01,118.0,119.0,116.5,119.0
2013/11/04,119.5,119.5,117.0,118.0
2013/11/05,119.0,119.0,115.0,115.0
2013/11/06,115.0,116.0,110.0,111.5
2013/11/07,110.0,112.5,109.0,111.0
2013/11/08,111.0,114.0,110.5,112.5
2013/11/11,112.0,113.0,110.5,110.5
2013/11/12,111.5,114.0,111.0,112.5
2013/11/13,112.0,112.5,110.5,110.5
2013/11/14,112.0,112.5,110.0,111.5
2013/11/15,112.0,114.5,111.5,112.0
2013/11/18,112.5,113.0,108.0,109.5
2013/11/19,109.5,110.0,108.5,109.5
2013/11/20,110.0,110.5,108.5,108.5
2013/11/21,108.0,108.5,107.5,108.0
2013/11/22,108.0,110.5,107.5,110.5
2013/11/25,111.0,111.0,108.0,108.5
2013/11/26,108.5,111.5,108.0,110.5
2013/11/27,110.0,118.0,109.5,117.0
2013/11/28,116.5,120.0,116.0,116.5
2013/11/29,118.5,119.5,117.0,119.5
2013/12/02,120.5,121.0,118.5,119.0
2013/12/03,119.5,122.0,119.5,120.5
2013/12/04,120.5,123.5,120.0,122.5
2013/12/05,123.0,124.0,119.5,120.5
2013/12/06,121.5,122.0,120.5,122.0
2013/12/09,123.5,126.0,123.0,124.5
2013/12/10,125.0,125.5,120.5,122.0
2013/12/11,122.0,123.0,118.5,119.5
2013/12/12,118.0,118.5,114.0,114.0
2013/12/13,114.0,118.0,114.0,118.0
2013/12/16,118.0,119.5,117.0,119.5
2013/12/17,120.0,120.0,118.0,118.0
2013/12/18,119.5,122.0,118.5,121.0
2013/12/19,123.0,123.0,119.0,121.5
2013/12/20,120.5,121.5,118.0,120.0
2013/12/23,121.0,122.0,119.0,120.0
2013/12/24,119.5,120.5,118.0,118.5
2013/12/25,119.0,120.5,118.5,119.5
2013/12/26,119.5,120.0,119.0,119.5
2013/12/27,120.0,121.0,119.5,120.0
2013/12/30,120.5,121.0,119.0,120.0
2013/12/31,121.0,123.0,120.5,122.0
2014/01/02,122.5,126.0,122.5,125.5
2014/01/03,125.0,125.5,122.5,123.5
2014/01/06,123.5,123.5,119.5,121.0
2014/01/07,122.0,125.5,121.5,124.5
2014/01/08,125.5,132.5,125.5,130.0
2014/01/09,130.5,135.0,129.0,130.5
2014/01/10,131.5,131.5,127.5,128.0
2014/01/13,129.0,132.5,129.0,130.0
2014/01/14,128.5,131.0,127.5,128.5
2014/01/15,129.0,130.0,126.0,130.0
2014/01/16,128.0,129.0,124.0,124.0
2014/01/17,124.0,126.0,122.0,122.5
2014/01/20,122.5,124.5,121.0,122.0
2014/01/21,123.5,126.5,123.0,125.0
2014/01/22,125.0,127.5,125.0,125.5
2014/01/23,125.5,126.0,122.0,122.0
2014/01/24,122.0,123.0,120.5,122.0
2014/01/27,120.5,121.5,119.0,121.5
2014/02/05,118.0,122.0,117.5,121.5
2014/02/06,121.0,122.0,119.0,120.0
2014/02/07,121.5,125.5,121.0,124.0
2014/02/10,126.0,126.5,125.0,125.0
2014/02/11,125.5,127.0,125.0,125.0
2014/02/12,126.0,132.5,126.0,130.5
2014/02/13,132.5,134.0,128.0,128.0
2014/02/14,130.0,134.0,130.0,133.0
2014/02/17,134.5,136.0,131.5,135.5
2014/02/18,135.5,137.0,134.0,134.5
2014/02/19,135.0,138.0,134.5,137.5
2014/02/20,136.5,137.5,135.5,137.5
2014/02/21,139.0,139.5,134.0,136.5
2014/02/24,137.0,137.5,135.5,136.5
2014/02/25,137.5,138.5,136.5,137.5
2014/02/26,137.0,138.5,137.0,138.5
2014/02/27,139.5,141.5,138.0,139.0
2014/03/03,139.0,146.0,137.5,146.0
2014/03/04,143.5,145.0,139.0,139.0
2014/03/05,141.5,142.5,139.5,140.5
2014/03/06,141.0,143.0,139.0,140.5
2014/03/07,143.0,144.0,139.5,139.5
2014/03/10,138.0,139.5,135.0,136.5
2014/03/11,137.0,139.5,136.5,136.5
2014/03/12,136.5,138.5,136.5,138.0
2014/03/13,139.0,140.5,137.5,139.0
2014/03/14,140.0,141.0,138.5,138.5
2014/03/17,139.5,140.5,138.5,140.0
2014/03/18,142.0,144.0,142.0,142.5
2014/03/19,143.5,144.0,141.0,142.0
2014/03/20,143.0,143.0,139.5,140.5
2014/03/21,141.5,142.5,137.5,138.5
2014/03/24,138.5,139.5,137.0,138.5
2014/03/25,138.5,141.5,138.5,138.5
2014/03/26,140.0,140.5,137.5,138.5
2014/03/27,139.0,142.0,139.0,141.0
2014/03/28,141.0,141.5,137.0,139.5
2014/03/31,142.0,142.0,137.5,139.5
2014/04/01,142.0,148.0,141.0,145.0
2014/04/02,145.5,148.0,145.5,148.0
2014/04/03,149.5,150.0,144.5,145.0
2014/04/07,143.5,145.0,142.0,144.0
2014/04/08,143.0,143.0,140.5,142.0
2014/04/09,144.0,144.5,142.0,143.0
2014/04/10,144.5,145.0,141.5,143.5
2014/04/11,141.5,143.0,141.0,143.0
2014/04/14,142.0,144.0,140.0,140.0
2014/04/15,141.0,144.0,140.5,143.0
2014/04/16,144.0,145.0,143.0,144.0
2014/04/17,145.0,148.0,143.5,147.5
2014/04/18,147.5,147.5,144.5,145.5
2014/04/21,145.0,145.5,142.0,143.5
2014/04/22,144.0,144.5,141.5,142.5
2014/04/23,141.5,142.0,133.5,136.0
2014/04/24,137.0,139.0,135.0,139.0
2014/04/25,139.0,140.0,137.0,139.0
2014/04/28,137.0,139.0,136.5,138.0
2014/04/29,138.5,143.5,138.0,142.5
2014/04/30,142.5,142.5,137.0,139.5
2014/05/02,141.5,144.5,141.0,142.5
2014/05/05,144.5,148.0,142.5,147.5
2014/05/06,147.5,151.5,144.5,150.0
2014/05/07,153.0,153.0,146.0,147.5
2014/05/08,149.5,149.5,146.5,147.5
2014/05/09,149.0,149.0,146.0,147.0
2014/05/12,146.5,147.0,142.0,144.0
2014/05/13,146.5,146.5,142.0,142.0
2014/05/14,143.0,144.5,142.5,144.5
2014/05/15,143.0,145.0,143.0,144.5
2014/05/16,142.5,144.0,139.5,144.0
2014/05/19,142.0,146.0,142.0,146.0
2014/05/20,146.0,147.5,145.0,145.0
2014/05/21,146.0,147.0,143.5,144.5
2014/05/22,146.0,146.0,144.5,146.0
2014/05/23,146.0,148.0,145.5,148.0
2014/05/26,146.5,150.5,146.5,150.0
2014/05/27,150.0,154.5,150.0,153.0
2014/05/28,153.0,155.0,152.0,154.0
2014/05/29,153.5,154.5,153.0,154.0
2014/05/30,154.5,154.5,151.5,153.5
2014/06/03,152.5,153.0,147.5,148.0
2014/06/04,148.0,149.5,146.0,148.0
2014/06/05,147.0,148.0,143.5,145.0
2014/06/06,147.0,150.0,146.0,148.0
2014/06/09,150.0,151.0,148.0,150.0
2014/06/10,150.0,150.5,148.5,150.0
2014/06/11,151.0,151.5,147.5,148.5
2014/06/12,146.5,147.0,144.5,145.0
2014/06/13,144.0,144.5,140.0,142.0
2014/06/16,142.0,145.0,141.5,145.0
2014/06/17,146.0,146.5,143.5,145.0
2014/06/18,146.0,146.5,144.5,146.5
2014/06/19,146.5,147.5,145.0,147.0
2014/06/20,146.0,147.5,145.0,147.5
2014/06/23,147.5,147.5,142.5,143.0
2014/06/24,142.0,144.0,141.0,141.0
2014/06/25,141.5,144.0,139.0,143.0
2014/06/26,144.0,144.5,142.5,144.0
2014/06/27,144.0,145.5,143.0,144.0
2014/06/30,145.5,147.0,143.5,147.0
2014/07/01,147.0,149.0,146.0,148.0
2014/07/02,149.5,150.5,147.0,149.0
2014/07/03,148.0,150.0,147.0,150.0
2014/07/04,149.5,149.5,147.0,148.0
2014/07/07,146.0,149.5,146.0,149.5
2014/07/08,150.5,153.5,150.5,153.5
2014/07/09,153.5,154.5,151.5,152.5
2014/07/10,153.5,154.5,153.0,154.5
2014/07/11,153.5,153.5,147.5,150.0
2014/07/14,150.0,153.0,149.0,151.5
2014/07/15,152.0,152.5,149.5,151.5
2014/07/16,151.5,151.5,149.0,150.0
2014/07/17,150.5,151.0,147.0,147.5
2014/07/18,146.0,149.5,146.0,147.5
2014/07/21,148.0,149.5,146.5,147.5
2014/07/22,148.0,148.5,147.5,148.5
2014/07/24,148.5,150.0,148.5,149.5
2014/07/25,149.5,150.0,144.0,148.0
2014/07/28,148.5,158.0,144.5,154.5
2014/07/29,155.5,156.0,152.0,156.0
2014/07/30,156.0,156.5,153.5,155.0
2014/07/31,156.0,161.5,154.0,154.0
2014/08/01,151.0,154.5,147.5,153.0
2014/08/04,154.0,156.0,153.0,154.0
2014/08/05,157.0,163.5,155.0,155.5
2014/08/06,157.5,158.5,152.0,155.5
2014/08/07,156.0,159.0,152.5,153.5
2014/08/08,152.5,153.0,150.0,150.5
2014/08/11,152.5,158.5,152.5,157.5
2014/08/12,157.5,160.0,156.0,157.5
2014/08/13,158.5,159.5,155.5,158.0
2014/08/14,153.5,156.5,152.0,154.5
2014/08/15,156.0,157.0,154.0,155.0
2014/08/18,155.0,157.0,154.0,154.0
2014/08/19,155.0,156.0,154.5,156.0
2014/08/20,156.0,157.0,151.0,151.0
2014/08/21,150.5,151.5,143.5,146.5
2014/08/22,148.0,153.5,148.0,153.0
2014/08/25,153.0,153.5,151.0,152.0
2014/08/26,153.5,154.0,152.0,154.0
2014/08/27,155.0,155.5,152.5,152.5
2014/08/28,154.0,154.0,151.5,152.0
2014/08/29,153.5,157.0,151.5,153.5
2014/09/01,155.5,156.0,152.5,154.0
2014/09/02,153.5,155.0,152.5,152.5
2014/09/03,154.0,154.5,152.0,154.5
2014/09/04,154.0,155.5,151.5,152.0
2014/09/05,152.5,154.0,152.0,154.0
2014/09/09,155.5,156.0,153.5,154.0
2014/09/10,154.0,154.0,151.5,153.5
2014/09/11,154.5,154.5,153.0,153.0
2014/09/12,152.5,152.5,148.5,151.0
2014/09/15,151.0,151.5,149.5,150.0
2014/09/16,150.0,151.0,149.0,149.0
2014/09/17,150.0,153.5,150.0,153.0
2014/09/18,152.5,153.5,151.5,153.0
2014/09/19,152.0,154.0,151.5,151.5
2014/09/22,151.0,151.5,149.0,151.0
2014/09/23,150.0,151.0,149.0,150.0
2014/09/24,149.5,150.5,149.0,149.5
2014/09/25,150.0,151.0,146.5,148.0
2014/09/26,146.5,147.5,145.0,147.5
2014/09/29,147.0,147.5,146.0,146.5
2014/09/30,147.5,150.5,146.5,150.5
2014/10/01,148.0,152.0,147.5,148.0
2014/10/02,149.5,151.0,147.5,151.0
2014/10/03,151.0,152.0,149.5,151.0
2014/10/06,152.5,153.5,150.5,153.0
2014/10/07,154.0,154.0,151.5,152.5
2014/10/08,152.0,153.5,150.0,151.0
2014/10/09,152.0,152.5,150.0,151.5
2014/10/13,144.0,146.5,143.0,143.5
2014/10/14,144.5,146.5,144.0,144.5
2014/10/15,145.5,147.0,143.0,144.5
2014/10/16,144.5,153.0,142.5,149.5
2014/10/17,149.5,151.5,148.0,150.0
2014/10/20,151.5,153.0,150.0,151.5
2014/10/21,151.5,152.5,150.5,151.0
2014/10/22,153.0,153.5,151.0,151.0
2014/10/23,153.0,156.0,152.5,155.5
2014/10/24,155.5,157.0,153.5,153.5
2014/10/27,155.0,157.0,153.5,155.0
2014/10/28,156.5,157.0,154.5,155.0
2014/10/29,155.5,157.0,155.0,156.5
2014/10/30,157.0,157.0,156.0,156.0
2014/10/31,157.0,157.0,156.0,157.0
2014/11/03,158.0,167.5,158.0,160.0
2014/11/04,160.0,161.5,158.0,159.5
2014/11/05,162.0,162.0,159.0,160.5
2014/11/06,161.5,162.0,153.0,154.5
2014/11/07,157.0,165.0,157.0,164.5
2014/11/10,165.5,175.5,165.5,174.0
2014/11/11,175.0,175.5,168.0,169.0
2014/11/12,169.0,174.0,168.0,168.0
2014/11/13,169.0,172.0,168.0,169.5
2014/11/14,170.0,171.5,164.5,166.5
2014/11/17,168.5,170.0,167.5,168.0
2014/11/18,168.5,169.0,166.5,168.5
2014/11/19,170.0,172.5,168.0,168.5
2014/11/20,168.5,170.5,168.0,169.0
2014/11/21,169.0,173.0,169.0,173.0
2014/11/24,174.0,175.0,170.0,170.5
2014/11/25,172.0,172.0,169.0,170.0
2014/11/26,171.5,172.0,169.0,170.0
2014/11/27,171.0,175.0,170.5,173.0
2014/11/28,174.5,178.0,174.0,175.0
2014/12/01,173.0,178.0,172.5,175.0
2014/12/02,174.0,176.5,173.5,175.0
2014/12/03,176.0,176.5,172.5,173.0
2014/12/04,174.0,175.0,169.5,171.5
2014/12/05,172.5,172.5,169.0,169.5
2014/12/08,170.0,170.5,168.0,168.0
2014/12/09,168.0,169.0,167.0,169.0
2014/12/10,170.5,171.5,167.0,168.5
2014/12/11,170.0,172.0,168.0,171.0
2014/12/12,172.5,172.5,169.0,170.0
2014/12/15,169.0,171.5,166.0,171.5
2014/12/16,170.0,170.5,166.0,166.0
2014/12/17,166.0,168.0,165.0,167.0
2014/12/18,168.0,171.0,167.5,171.0
2014/12/19,172.0,172.5,168.0,170.0
2014/12/22,171.0,171.0,167.0,169.5
2014/12/23,170.0,172.0,169.5,172.0
2014/12/24,172.5,172.5,171.0,172.0
2014/12/25,172.5,173.0,171.0,171.5
2014/12/26,172.0,172.5,168.5,169.5
2014/12/29,172.5,175.5,171.0,175.5
2014/12/30,177.0,186.0,176.0,180.0
2014/12/31,178.5,178.5,175.0,178.0
2015/01/05,178.0,178.0,175.0,176.0
2015/01/06,174.5,177.0,174.0,176.0
2015/01/07,177.0,177.0,171.5,174.5
2015/01/08,176.5,181.0,174.5,179.5
2015/01/09,179.5,186.0,179.0,182.0
2015/01/12,182.0,182.0,178.5,179.5
2015/01/13,179.5,182.0,177.5,180.0
2015/01/14,179.0,185.0,178.5,182.5
2015/01/15,184.0,185.5,181.5,185.0
2015/01/16,185.0,186.5,182.5,184.0
2015/01/19,188.0,188.5,185.0,186.0
2015/01/20,188.0,188.0,184.5,184.5
2015/01/21,186.0,186.0,181.5,182.0
2015/01/22,184.0,191.5,184.0,189.0
2015/01/23,191.5,199.5,191.0,194.0
2015/01/26,196.5,196.5,192.0,193.0
2015/01/27,193.5,193.5,184.5,186.5
2015/01/28,184.0,185.0,181.0,184.5
2015/01/29,179.0,179.5,172.0,177.5
2015/01/30,174.5,178.5,174.5,175.5
2015/02/02,172.0,172.5,166.5,171.0
2015/02/03,171.0,174.0,170.0,174.0
2015/02/04,176.0,179.0,175.0,178.0
2015/02/05,178.5,178.5,171.5,175.5
2015/02/06,170.5,171.5,166.0,166.0
2015/02/09,167.0,171.0,166.0,170.0
2015/02/10,170.5,170.5,167.0,168.0
2015/02/11,170.5,173.5,170.0,173.0
2015/02/12,173.0,174.5,171.5,173.0
2015/02/13,173.0,175.0,173.0,173.0
2015/02/24,176.0,176.0,171.0,171.0
2015/02/25,171.0,172.5,168.5,169.0
2015/02/26,170.0,172.0,169.0,169.0
2015/03/02,169.0,173.5,167.5,173.0
2015/03/03,174.0,174.5,170.0,171.0
2015/03/04,169.0,173.5,169.0,171.5
2015/03/05,173.0,174.0,170.5,173.0
2015/03/06,174.0,175.0,171.5,174.0
2015/03/09,174.0,176.5,172.5,174.5
2015/03/10,173.0,177.0,172.0,172.0
2015/03/11,171.0,173.0,170.0,170.0
2015/03/12,169.0,174.0,169.0,172.5
2015/03/13,172.0,173.0,170.5,171.5
2015/03/16,170.5,172.5,170.0,170.0
2015/03/17,171.5,172.5,169.5,170.5
2015/03/18,170.5,172.0,169.5,170.0
2015/03/19,171.0,175.5,170.5,173.0
2015/03/20,173.0,176.5,172.5,172.5
2015/03/23,174.0,175.0,171.0,171.5
2015/03/24,171.5,173.0,170.0,170.0
2015/03/25,170.0,171.0,164.5,164.5
2015/03/26,163.0,163.5,158.0,160.0
2015/03/27,160.0,162.5,154.0,155.0
2015/03/30,156.5,157.0,153.5,155.0
2015/03/31,157.0,162.0,157.0,162.0
2015/04/01,162.0,162.5,160.0,161.5
2015/04/02,162.5,165.0,162.0,164.0
2015/04/07,165.5,166.0,163.0,164.0
2015/04/08,163.0,163.5,156.5,156.5
2015/04/09,155.0,155.0,148.5,152.5
2015/04/10,153.0,155.0,150.0,152.0
2015/04/13,153.5,158.0,153.0,158.0
2015/04/14,156.5,158.0,155.0,157.0
2015/04/15,157.0,157.5,152.0,154.0
2015/04/16,154.5,156.0,151.5,156.0
2015/04/17,156.0,156.5,154.0,155.0
2015/04/20,156.0,157.5,154.0,154.5
2015/04/21,154.5,156.0,152.0,152.0
2015/04/22,150.5,152.0,146.5,148.0
2015/04/23,150.5,158.0,149.0,158.0
2015/04/24,159.0,160.5,157.0,160.5
2015/04/27,161.5,163.0,160.0,161.5
2015/04/28,163.5,166.0,162.0,164.0
2015/04/29,164.5,164.5,159.5,159.5
2015/04/30,159.5,161.5,156.5,161.0
2015/05/04,162.5,163.0,157.0,157.0
2015/05/05,156.0,157.0,150.5,151.0
2015/05/06,148.0,159.0,145.5,154.0
2015/05/07,152.5,155.0,150.0,150.0
2015/05/08,152.0,154.5,151.0,151.5
2015/05/11,154.0,154.5,152.5,153.5
2015/05/12,151.0,153.0,149.0,151.0
2015/05/13,153.0,161.0,152.0,158.5
2015/05/14,158.0,158.5,154.5,155.5
2015/05/15,156.5,160.0,156.0,158.0
2015/05/18,159.0,159.0,156.5,157.5
2015/05/19,159.0,161.0,157.5,160.0
2015/05/20,160.0,162.5,160.0,162.0
2015/05/21,162.0,162.0,158.5,160.0
2015/05/22,162.0,162.0,159.0,160.5
2015/05/25,160.5,161.0,159.5,161.0
2015/05/26,162.5,166.0,162.5,166.0
2015/05/27,165.0,165.5,162.5,164.0
2015/05/28,166.0,167.0,165.0,165.0
2015/05/29,167.5,169.0,166.0,167.5
2015/06/01,168.5,169.0,163.0,167.5
2015/06/02,166.5,167.0,164.5,165.0
2015/06/03,165.0,166.5,163.5,165.5
2015/06/04,165.5,166.0,163.5,163.5
2015/06/05,163.0,163.0,154.0,157.5
2015/06/08,155.0,156.5,154.0,154.5
2015/06/09,154.0,155.0,147.5,149.0
2015/06/10,152.0,154.0,149.5,153.0
2015/06/11,153.0,153.5,148.0,148.5
2015/06/12,149.0,153.0,148.5,151.5
2015/06/15,151.0,151.5,149.0,150.0
2015/06/16,149.0,150.0,147.0,148.5
2015/06/17,149.0,152.5,148.0,148.5
2015/06/18,147.0,151.0,146.0,149.0
2015/06/22,152.0,156.5,151.0,153.5
2015/06/23,155.0,155.5,151.0,151.0
2015/06/24,152.0,154.0,151.0,151.0
2015/06/25,152.0,154.0,151.0,151.5
2015/06/26,152.0,153.0,152.0,152.0
2015/06/29,150.0,150.5,148.0,148.0
2015/06/30,149.0,151.0,148.0,149.0
2015/07/01,150.0,152.5,149.5,151.0
2015/07/02,151.0,152.0,150.0,150.0
2015/07/03,149.5,151.5,149.0,150.5
2015/07/06,149.5,152.5,148.0,148.0
2015/07/07,148.5,150.0,147.0,147.0
2015/07/08,146.0,147.0,136.0,140.0
2015/07/09,135.0,141.0,133.5,138.5
2015/07/13,141.0,142.5,139.0,141.0
2015/07/14,133.5,134.0,126.0,127.5
2015/07/15,129.0,130.0,126.5,128.5
2015/07/16,130.0,131.0,125.5,127.5
2015/07/17,129.0,129.5,126.0,129.5
2015/07/20,130.0,130.5,126.0,126.5
2015/07/21,125.5,127.0,125.0,126.5
2015/07/22,126.5,128.0,126.0,127.5
2015/07/23,126.5,127.0,122.0,124.0
2015/07/24,122.5,125.5,118.0,125.5
2015/07/27,122.5,125.0,113.0,114.5
2015/07/28,114.5,118.0,111.5,117.0
2015/07/29,116.5,117.0,113.5,114.0
2015/07/30,112.5,116.0,112.5,114.0
2015/07/31,115.5,117.5,114.5,114.5
2015/08/03,115.0,115.0,110.0,112.0
2015/08/04,112.0,113.0,105.0,107.0
2015/08/05,106.0,108.5,104.0,107.5
2015/08/06,110.5,116.0,109.0,114.0
2015/08/07,112.5,113.0,108.5,109.0
2015/08/10,108.0,113.5,107.0,113.0
2015/08/11,115.0,116.0,113.5,114.5
2015/08/12,114.0,115.5,111.0,115.0
2015/08/13,115.0,119.0,113.5,119.0
2015/08/14,117.0,118.5,112.5,113.0
2015/08/17,113.0,113.0,110.0,110.5
2015/08/18,110.5,113.5,110.5,112.0
2015/08/19,113.0,113.0,108.0,110.0
2015/08/20,110.0,112.5,108.0,111.0
2015/08/21,108.5,109.0,105.0,106.0
2015/08/24,103.0,104.5,95.7,102.0
2015/08/25,98.0,106.5,98.0,106.5
2015/08/26,106.5,108.5,104.5,106.0
2015/08/27,105.0,108.0,103.5,104.0
2015/08/28,106.0,108.0,105.0,105.0
2015/08/31,106.5,109.0,105.0,109.0
2015/09/01,108.0,109.0,106.0,108.5
2015/09/02,106.5,108.0,106.0,106.5
2015/09/03,108.0,108.5,106.5,108.0
2015/09/04,108.0,112.5,107.5,109.0
2015/09/07,109.5,111.5,108.0,110.5
2015/09/08,111.5,114.5,111.0,113.0
2015/09/09,116.0,121.0,115.0,120.5
2015/09/10,120.0,121.5,118.5,121.5
2015/09/11,122.0,122.0,120.0,122.0
2015/09/14,122.0,124.0,120.0,120.0
2015/09/15,121.0,121.0,118.0,119.0
2015/09/16,120.0,120.5,117.5,117.5
2015/09/17,119.0,120.0,117.0,118.0
2015/09/18,118.0,118.0,115.5,118.0
2015/09/21,115.5,116.5,111.5,111.5
2015/09/22,111.5,113.0,109.0,112.0
2015/09/23,110.5,112.0,110.0,111.0
2015/09/24,112.0,113.0,107.0,107.0
2015/09/25,107.5,109.0,106.0,107.0
2015/09/30,102.5,104.0,101.5,103.0
2015/10/01,103.5,108.5,103.0,107.0
2015/10/02,106.5,109.0,105.5,108.0
2015/10/05,110.0,113.5,109.0,111.5
2015/10/06,114.0,114.0,111.5,112.0
2015/10/07,110.5,111.5,108.5,111.5
2015/10/08,113.0,114.0,111.0,113.5
2015/10/12,114.5,117.5,113.0,117.0
2015/10/13,119.0,119.5,117.0,118.0
2015/10/14,117.5,119.0,115.5,115.5
2015/10/15,117.0,118.0,116.0,116.0
2015/10/16,117.5,118.0,116.0,117.0
2015/10/19,117.5,118.0,114.0,114.5
2015/10/20,114.5,116.0,114.5,115.5
2015/10/21,115.5,116.5,113.5,113.5
2015/10/22,113.5,116.0,113.0,115.0
2015/10/23,118.0,119.0,116.5,117.0
2015/10/26,118.5,119.0,117.0,118.0
2015/10/27,119.0,119.0,117.0,118.0
2015/10/28,118.0,118.5,114.5,115.0
2015/10/29,116.0,116.5,112.5,112.5
2015/10/30,112.0,113.0,109.5,111.0
2015/11/02,109.5,113.0,109.5,112.5
2015/11/03,114.0,119.5,113.0,118.0
2015/11/04,118.0,129.5,117.5,129.5
2015/11/05,129.5,131.5,127.0,130.5
2015/11/06,130.0,130.0,124.0,124.0
2015/11/09,123.5,126.0,119.5,120.0
2015/11/10,119.0,123.0,117.5,120.0
2015/11/11,120.0,120.5,115.0,115.5
2015/11/12,116.0,118.5,114.5,118.5
2015/11/13,116.0,120.0,116.0,117.0
2015/11/16,116.0,119.0,115.0,118.0
2015/11/17,120.0,121.0,116.0,116.5
2015/11/18,115.5,118.0,115.5,116.5
2015/11/19,118.0,119.0,116.0,118.0
2015/11/20,117.5,118.0,116.0,116.5
2015/11/23,117.5,119.0,116.0,119.0
2015/11/24,119.5,125.5,118.0,122.5
2015/11/25,125.0,125.0,120.5,121.5
2015/11/26,123.5,125.0,122.5,124.0
2015/11/27,125.0,125.0,121.5,122.0
2015/11/30,120.0,121.0,118.0,118.5
2015/12/01,119.5,123.0,119.5,123.0
2015/12/02,125.5,131.0,125.0,131.0
2015/12/03,128.0,135.0,127.5,135.0
2015/12/04,133.0,134.5,131.0,133.0
2015/12/07,136.0,138.0,134.5,137.5
2015/12/08,131.5,133.0,129.0,131.0
2015/12/09,128.0,133.0,127.0,130.0
2015/12/10,127.0,132.5,123.5,131.0
2015/12/11,128.5,131.0,126.0,126.0
2015/12/14,124.0,127.5,123.5,126.5
2015/12/15,128.0,131.0,128.0,129.5
2015/12/16,132.5,132.5,126.5,127.0
2015/12/17,128.0,133.0,128.0,133.0
2015/12/18,131.0,135.0,130.0,134.0
2015/12/21,133.5,135.5,132.5,135.0
2015/12/22,136.5,140.0,133.5,135.0
2015/12/23,135.0,136.0,134.5,135.0
2015/12/24,136.0,137.0,133.5,135.5
2015/12/25,137.0,137.0,134.5,136.5
2015/12/28,137.0,138.5,136.0,136.5
2015/12/29,136.5,136.5,131.0,132.0
2015/12/30,133.0,133.5,130.5,131.0
2015/12/31,131.0,132.5,129.0,129.0
2016/01/05,126.0,127.0,123.0,125.5
2016/01/06,125.5,126.0,121.0,123.0
2016/01/07,122.5,123.0,115.5,117.0
2016/01/08,115.0,121.5,114.5,121.5
2016/01/11,118.0,118.5,114.5,115.5
2016/01/12,117.0,119.0,116.0,116.0
2016/01/13,118.0,119.0,116.5,117.0
2016/01/14,113.0,115.0,112.0,114.5
2016/01/15,115.0,117.0,114.5,115.5
2016/01/18,113.0,124.0,113.0,123.5
2016/01/19,123.5,124.0,120.0,122.0
2016/01/20,120.5,122.0,118.0,120.0
2016/01/21,120.5,121.5,115.5,115.5
2016/01/22,118.0,119.5,116.5,118.0
2016/01/25,119.5,122.0,118.0,121.5
2016/01/26,121.5,124.0,119.0,124.0
2016/01/27,124.0,124.5,121.5,122.0
2016/01/28,121.5,129.5,121.5,129.0
2016/01/29,133.0,138.0,132.0,138.0
2016/02/01,137.0,138.5,134.5,136.0
2016/02/02,136.0,136.0,131.0,132.0
2016/02/03,128.5,133.5,127.5,131.0
2016/02/15,131.0,140.0,130.0,135.5
2016/02/16,135.5,137.5,134.5,135.5
2016/02/17,137.5,138.5,133.0,133.0
2016/02/18,134.0,137.0,133.5,133.5
2016/02/19,135.0,139.0,134.5,138.0
2016/02/22,139.0,139.0,136.0,137.0
2016/02/23,138.0,138.5,135.5,135.5
2016/02/24,137.0,137.5,133.5,134.5
2016/02/25,135.5,137.5,135.0,136.5
2016/02/26,139.0,140.5,136.0,138.0
2016/03/01,136.0,137.0,134.0,135.5
2016/03/02,138.0,141.0,135.0,135.5
2016/03/03,138.0,138.5,135.5,136.0
2016/03/04,137.0,137.0,134.0,135.0
2016/03/07,135.5,137.0,134.0,135.0
2016/03/08,135.0,136.0,134.0,135.0
2016/03/09,134.5,135.0,132.5,134.0
2016/03/10,134.0,135.5,134.0,135.0
2016/03/11,135.0,135.5,132.5,135.0
2016/03/14,135.5,136.5,134.5,136.0
2016/03/15,136.0,136.5,131.5,131.5
2016/03/16,131.5,133.0,129.5,130.5
2016/03/17,133.0,134.5,130.5,130.5
2016/03/18,131.5,134.0,131.0,132.5
2016/03/21,135.0,135.5,132.0,134.5
2016/03/22,132.0,134.0,125.0,126.5
2016/03/23,126.0,127.0,120.5,121.5
2016/03/24,121.0,122.5,119.0,119.0
2016/03/25,120.5,123.5,120.5,122.5
2016/03/28,123.5,124.0,121.5,124.0
2016/03/29,124.5,127.0,124.0,126.0
2016/03/30,128.0,128.5,127.0,128.0
2016/03/31,130.0,130.5,126.0,129.5
2016/04/01,127.5,128.0,122.0,125.0
2016/04/06,123.0,123.5,120.5,121.5
2016/04/07,121.0,122.5,118.0,120.0
2016/04/08,119.0,122.0,118.5,120.0
2016/04/11,120.0,123.5,118.0,123.5
2016/04/12,123.0,123.5,121.5,122.5
2016/04/13,121.5,122.0,117.0,117.5
2016/04/14,118.0,119.0,116.0,116.5
2016/04/15,115.5,116.5,113.0,116.0
2016/04/18,114.0,116.5,113.5,115.5
2016/04/19,116.0,116.5,109.0,109.0
2016/04/20,110.0,111.5,108.5,109.0
2016/04/21,110.0,110.0,106.5,106.5
2016/04/22,108.0,111.0,107.5,111.0
2016/04/25,111.0,113.0,109.5,112.0
2016/04/26,114.5,117.0,113.0,114.0
2016/04/27,114.0,114.5,112.5,112.5
2016/04/28,113.0,113.5,111.0,111.5
2016/04/29,111.0,113.5,110.5,113.0
2016/05/03,113.0,113.0,110.0,110.0
2016/05/04,110.0,110.5,108.0,109.0
2016/05/05,109.0,110.0,107.5,108.5
2016/05/06,108.0,109.0,107.0,107.0
2016/05/09,108.5,110.5,108.0,110.0
2016/05/10,109.0,109.5,107.0,108.5
2016/05/11,108.5,109.5,108.0,108.0
2016/05/12,108.0,109.0,107.0,108.5
2016/05/13,107.5,107.5,102.0,103.5
2016/05/16,103.5,105.0,102.5,104.0
2016/05/17,104.0,106.5,103.5,105.5
2016/05/18,104.5,105.5,103.5,104.0
2016/05/19,104.0,104.5,102.5,103.0
2016/05/20,103.5,104.0,102.0,102.5
2016/05/23,103.0,106.5,102.5,105.0
2016/05/24,110.0,112.0,109.0,109.0
2016/05/25,111.0,111.0,109.0,109.5
2016/05/26,111.0,113.5,110.5,112.5
2016/05/27,113.0,113.0,109.5,109.5
2016/05/30,109.5,110.5,108.5,109.5
2016/05/31,109.0,110.0,108.0,108.5
2016/06/01,108.5,111.5,108.5,110.0
2016/06/02,110.0,111.5,109.0,109.0
2016/06/03,109.0,109.5,104.0,106.0
2016/06/06,107.5,108.5,106.5,107.5
2016/06/07,108.0,109.0,107.0,109.0
2016/06/08,109.5,111.0,109.5,110.0
2016/06/13,109.0,109.0,107.5,109.0
2016/06/14,109.0,110.0,108.5,110.0
2016/06/15,110.0,111.0,109.0,110.5
2016/06/16,110.0,110.0,108.0,108.5
2016/06/17,112.0,114.5,112.0,113.5
2016/06/20,115.0,115.5,112.5,114.0
2016/06/21,114.0,116.0,113.5,116.0
2016/06/22,116.0,116.0,114.5,116.0
2016/06/23,116.0,116.5,114.0,114.5
2016/06/24,115.0,115.5,109.0,111.5
2016/06/27,110.0,113.0,110.0,112.0
2016/06/28,111.0,112.5,110.0,112.5
2016/06/29,113.0,115.0,112.5,115.0
2016/06/30,116.0,119.5,115.0,119.5
2016/07/01,121.0,122.5,120.0,120.0
2016/07/04,120.0,121.0,120.0,120.0
2016/07/05,120.0,120.5,118.0,119.5
2016/07/06,118.5,119.0,116.5,118.0
2016/07/07,119.0,122.5,118.5,122.0
2016/07/11,125.0,128.0,124.0,126.5
2016/07/12,119.5,120.0,114.0,114.5
2016/07/13,116.0,116.5,112.0,112.5
2016/07/14,111.5,112.0,109.5,111.0
2016/07/15,112.0,114.0,112.0,113.0
2016/07/18,114.0,114.5,111.0,111.5
2016/07/19,112.5,113.5,111.0,112.5
2016/07/20,112.5,113.5,111.0,111.0
2016/07/21,112.5,113.5,111.5,113.0
2016/07/22,113.0,113.5,111.5,112.0
2016/07/25,112.5,113.0,110.0,110.5
2016/07/26,110.5,113.5,110.5,113.0
2016/07/27,113.5,115.5,113.0,115.5
2016/07/28,116.0,116.5,114.0,115.5
2016/07/29,115.0,115.5,112.0,112.0
2016/08/01,112.0,113.5,112.0,113.0
2016/08/02,112.0,113.5,111.5,112.5
2016/08/03,111.0,112.0,110.0,110.5
2016/08/04,111.0,112.0,110.0,111.5
2016/08/05,112.0,112.5,110.5,112.0
2016/08/08,113.0,113.0,111.0,111.5
2016/08/09,112.0,112.5,109.0,110.5
2016/08/10,111.0,111.0,108.5,109.0
2016/08/11,109.0,110.0,108.5,109.0
2016/08/12,109.0,109.5,107.5,107.5
2016/08/15,108.0,110.0,107.5,109.5
2016/08/16,109.5,110.0,108.0,108.0
2016/08/17,108.0,109.0,107.5,108.0
2016/08/18,108.5,109.5,108.0,108.5
2016/08/19,109.0,109.5,107.5,108.0
2016/08/22,108.0,108.5,106.5,106.5
2016/08/23,106.5,108.5,106.5,107.5
2016/08/24,107.5,109.0,107.5,108.0
2016/08/25,109.0,111.0,108.0,110.0
2016/08/26,110.0,110.0,109.0,109.5
2016/08/29,109.5,110.5,108.5,110.0
2016/08/30,111.0,111.0,109.5,109.5
2016/08/31,110.0,110.5,108.5,108.5
2016/09/01,108.5,109.0,108.0,108.5
2016/09/02,109.5,109.5,106.5,107.0
2016/09/05,108.0,109.0,107.5,109.0
2016/09/06,108.5,109.5,107.5,109.5
2016/09/07,110.0,111.0,109.0,111.0
2016/09/08,111.0,112.0,110.0,112.0
2016/09/09,112.0,112.0,110.0,110.5
2016/09/12,108.5,109.5,108.0,108.5
2016/09/13,109.0,110.5,107.5,110.0
2016/09/14,109.5,109.5,108.0,109.0
2016/09/19,108.5,111.0,108.0,110.0
2016/09/20,110.5,112.0,110.5,111.0
2016/09/21,111.5,114.0,110.5,114.0
2016/09/22,114.5,114.5,112.5,114.0
2016/09/23,114.0,114.0,112.5,114.0
2016/09/26,114.0,114.0,111.0,111.5
2016/09/29,112.0,112.5,109.5,110.5
2016/09/30,110.0,111.5,110.0,110.5
2016/10/03,111.5,112.5,111.0,112.0
2016/10/04,112.0,113.5,111.5,113.5
2016/10/05,112.5,113.5,112.0,113.0
2016/10/06,113.5,115.0,112.5,114.5
2016/10/07,115.0,115.0,113.5,114.5
2016/10/11,115.5,116.5,114.0,116.5
2016/10/12,115.5,116.0,114.5,115.5
2016/10/13,116.5,118.0,116.0,116.5
2016/10/14,116.5,117.0,115.5,116.5
2016/10/17,116.5,119.0,116.5,118.0
2016/10/18,118.5,119.0,116.5,118.5
2016/10/19,119.0,121.0,118.5,120.5
2016/10/20,120.5,121.5,119.5,120.0
2016/10/21,120.0,121.0,118.0,118.5
2016/10/24,119.0,119.5,117.5,119.0
2016/10/25,118.5,121.0,118.0,120.0
2016/10/26,120.5,120.5,119.0,119.5
2016/10/27,119.5,119.5,117.5,119.5
2016/10/28,119.5,120.0,118.5,119.5
2016/10/31,119.0,120.0,117.5,118.5
2016/11/01,118.0,119.0,117.0,117.0
2016/11/02,116.0,116.0,113.5,113.5
2016/11/03,113.5,115.0,113.0,113.5
2016/11/04,113.5,115.0,113.0,114.5
2016/11/07,115.0,116.0,114.5,114.5
2016/11/08,114.0,115.0,113.0,115.0
2016/11/09,112.0,112.5,105.0,106.0
2016/11/10,109.0,110.0,108.0,108.0
2016/11/11,106.0,106.5,104.0,104.5
2016/11/14,104.5,105.5,104.0,104.5
2016/11/15,103.5,104.5,102.0,102.5
2016/11/16,103.0,105.0,103.0,104.0
2016/11/17,104.5,106.5,104.0,106.0
2016/11/18,106.0,107.0,105.0,106.0
2016/11/21,107.0,107.0,105.5,106.5
2016/11/22,107.0,109.5,106.0,109.5
2016/11/23,109.5,109.5,107.0,107.5
2016/11/24,107.5,108.5,107.0,107.5
2016/11/25,108.0,108.5,107.5,107.5
2016/11/28,107.5,109.0,107.5,109.0
2016/11/29,109.0,109.0,107.0,107.0
2016/11/30,108.0,108.0,106.0,106.0
2016/12/01,107.0,109.0,106.5,108.0
2016/12/02,108.5,108.5,107.0,107.0
2016/12/05,107.0,108.0,106.5,107.0
2016/12/06,108.5,108.5,107.5,108.0
2016/12/07,107.5,108.5,107.0,108.5
2016/12/08,108.5,109.0,106.5,108.0
2016/12/09,108.0,108.5,107.5,108.0
2016/12/12,108.0,108.0,106.0,106.5
2016/12/13,106.5,107.0,105.0,106.5
2016/12/14,107.0,107.0,105.5,107.0
2016/12/15,106.0,107.0,105.5,106.5
2016/12/16,107.5,110.0,107.5,109.0
2016/12/19,107.0,107.5,105.0,105.5
2016/12/20,106.0,107.0,106.0,106.5
2016/12/21,106.5,106.5,105.0,105.0
2016/12/22,105.0,105.0,103.5,103.5
2016/12/23,103.5,104.5,103.0,103.5
2016/12/26,104.0,105.0,103.5,104.5
2016/12/27,104.0,104.5,103.5,104.0
2016/12/28,104.0,105.5,103.5,104.5
2016/12/29,104.5,106.0,104.0,105.5
2016/12/30,106.5,107.0,105.0,106.5
2017/01/03,106.5,107.0,106.0,107.0
2017/01/04,107.5,107.5,106.0,107.5
2017/01/05,108.0,109.0,107.5,109.0
2017/01/06,109.5,111.5,109.5,110.0
2017/01/09,110.0,110.0,107.0,107.0
2017/01/10,107.5,110.0,107.0,110.0
2017/01/11,110.0,110.5,108.5,110.0
2017/01/12,110.5,111.5,110.0,111.5
2017/01/13,111.5,112.5,110.5,112.5
2017/01/16,112.0,112.5,111.0,112.0
2017/01/17,112.0,112.5,110.5,111.0
2017/01/18,110.5,112.0,110.5,111.0
2017/01/19,112.0,112.0,108.0,108.5
2017/01/20,109.0,109.5,108.5,108.5
2017/01/23,109.5,111.0,109.5,111.0
2017/01/24,110.5,111.5,110.5,110.5
2017/02/02,112.0,112.0,109.0,110.0
2017/02/03,110.5,111.0,109.0,111.0
2017/02/06,111.0,115.5,110.5,115.0
2017/02/07,115.0,116.5,114.0,115.5
2017/02/08,117.5,120.0,116.5,118.5
2017/02/09,119.0,119.0,116.5,118.0
2017/02/10,118.5,119.0,115.0,115.0
2017/02/13,115.0,118.5,115.0,118.0
2017/02/14,118.5,119.5,117.5,119.0
2017/02/15,119.0,120.0,117.5,119.5
2017/02/16,119.0,119.5,116.0,116.5
2017/02/17,117.5,119.0,116.5,117.0
2017/02/20,117.5,118.5,116.5,116.5
2017/02/21,118.0,118.0,116.0,117.5
2017/02/22,118.5,118.5,116.5,118.0
2017/02/23,118.0,118.0,116.0,117.5
2017/02/24,116.5,117.5,115.0,115.0
2017/03/01,115.0,117.5,114.5,117.0
2017/03/02,117.0,117.5,114.0,115.0
2017/03/03,115.0,115.5,114.0,115.0
2017/03/06,114.5,116.0,114.0,116.0
2017/03/07,116.0,117.0,115.5,116.5
2017/03/08,117.0,117.5,115.5,116.5
2017/03/09,116.5,117.0,114.5,115.5
2017/03/10,115.5,115.5,113.5,114.0
2017/03/13,114.5,115.0,112.0,112.0
2017/03/14,113.0,115.0,113.0,114.5
2017/03/15,115.0,115.0,113.5,114.5
2017/03/16,115.0,115.5,114.5,115.0
2017/03/17,115.5,116.0,115.0,116.0
2017/03/20,116.5,117.5,116.0,117.0
2017/03/21,118.0,118.0,117.0,118.0
2017/03/22,116.5,118.0,116.5,117.0
2017/03/23,117.5,118.5,117.0,118.5
2017/03/24,118.5,118.5,116.0,117.0
2017/03/27,117.0,118.0,116.5,117.5
2017/03/28,118.0,118.0,116.0,116.5
2017/03/29,117.0,117.5,116.5,117.5
2017/03/30,118.0,118.0,116.5,117.5
2017/03/31,118.5,118.5,117.0,117.5
2017/04/05,117.0,118.0,115.0,116.0
2017/04/06,116.0,117.0,115.0,115.5
2017/04/07,115.5,117.0,115.0,117.0
2017/04/10,117.0,117.0,116.0,116.5
2017/04/11,116.0,117.0,115.5,116.5
2017/04/12,115.5,116.0,114.0,114.5
2017/04/13,114.0,116.0,114.0,115.5
2017/04/14,114.5,115.5,113.5,113.5
2017/04/17,113.0,114.5,113.0,114.5
2017/04/18,114.0,115.0,114.0,114.0
2017/04/19,112.5,113.0,111.5,111.5
2017/04/20,112.5,112.5,111.0,111.5
2017/04/21,112.5,113.5,112.0,113.0
2017/04/24,114.0,114.0,110.5,111.0
2017/04/25,112.5,114.5,111.5,114.5
2017/04/26,114.5,116.0,114.0,116.0
2017/04/27,114.5,115.0,113.5,115.0
2017/04/28,115.0,116.0,114.5,116.0
2017/05/02,116.0,117.0,115.0,117.0
2017/05/03,116.5,117.0,116.0,116.5
2017/05/04,117.5,121.0,117.0,118.5
2017/05/05,120.5,122.0,119.0,121.5
2017/05/08,124.0,129.0,123.0,125.5
2017/05/09,127.0,127.0,122.0,123.5
2017/05/10,125.0,125.0,119.0,120.0
2017/05/11,120.0,120.0,117.0,119.0
2017/05/12,120.5,121.0,118.0,119.0
2017/05/15,119.0,120.5,118.5,120.0
2017/05/16,120.0,120.5,119.0,119.5
2017/05/17,119.0,119.5,117.5,119.0
2017/05/18,118.0,119.5,118.0,119.0
2017/05/19,118.5,119.5,118.0,118.5
2017/05/22,119.5,122.0,119.0,120.5
2017/05/23,122.5,123.0,120.0,120.5
2017/05/24,120.0,120.0,118.0,118.5
2017/05/25,119.0,120.5,118.5,120.0
2017/05/26,120.0,120.5,118.5,118.5
2017/05/31,119.5,119.5,118.0,119.5
2017/06/01,119.5,120.0,118.5,119.0
2017/06/02,120.0,121.0,119.5,120.5
2017/06/05,120.5,122.0,120.5,122.0
2017/06/06,122.0,123.0,121.5,122.0
2017/06/07,124.0,126.0,122.0,123.0
2017/06/08,123.5,125.0,123.0,123.5
2017/06/09,124.0,125.0,123.5,124.5
2017/06/12,123.0,124.0,122.0,123.0
2017/06/13,123.5,124.0,121.0,123.0
2017/06/14,123.0,123.0,119.5,120.0
2017/06/15,119.5,121.0,119.5,120.0
2017/06/16,119.5,122.0,119.5,120.5
2017/06/19,120.5,123.0,120.5,123.0
2017/06/20,122.5,123.0,122.0,122.5
2017/06/21,121.5,124.0,121.5,123.0
2017/06/22,123.5,125.0,123.0,124.0
2017/06/23,124.0,124.0,123.0,123.5
2017/06/26,124.0,124.5,123.5,124.5
2017/06/27,124.5,125.0,124.0,124.5
2017/06/28,123.5,125.5,123.5,125.5
2017/06/29,126.0,127.5,125.0,125.0
2017/06/30,124.5,124.5,123.0,123.0
2017/07/03,123.5,124.5,123.0,124.5
2017/07/04,124.5,124.5,123.0,123.5
2017/07/05,123.5,124.5,122.0,124.5
2017/07/06,124.5,125.0,123.5,124.5
2017/07/07,123.5,124.0,122.5,122.5
2017/07/10,123.0,123.5,122.5,123.0
2017/07/11,117.0,117.5,116.5,117.0
2017/07/12,118.0,118.0,117.0,118.0
2017/07/13,118.5,121.0,118.5,120.0
2017/07/14,120.0,121.0,119.0,120.5
2017/07/17,120.5,121.0,118.0,119.0
2017/07/18,119.0,120.5,119.0,120.5
2017/07/19,120.0,121.0,119.0,120.0
2017/07/20,120.0,123.0,120.0,120.5
2017/07/21,120.0,120.5,118.5,119.0
2017/07/24,119.0,123.0,119.0,123.0
2017/07/25,122.0,123.0,121.0,121.5
2017/07/26,122.0,122.5,121.0,121.5
2017/07/27,121.5,121.5,117.5,117.5
2017/07/28,116.5,117.0,112.0,113.0
2017/07/31,112.5,115.0,112.0,115.0
2017/08/01,115.0,115.5,113.0,114.5
2017/08/02,115.5,115.5,113.0,113.5
2017/08/03,113.0,114.5,112.5,113.5
2017/08/04,114.0,115.0,113.5,114.5
2017/08/07,115.5,115.5,113.0,113.5
2017/08/08,114.0,114.0,110.5,111.5
2017/08/09,111.0,111.5,110.0,110.5
2017/08/10,111.0,111.0,109.0,110.0
2017/08/11,109.5,110.5,109.0,110.0
2017/08/14,110.0,111.0,109.5,110.0
2017/08/15,111.0,111.5,109.0,110.0
2017/08/16,109.5,111.5,109.5,111.0
2017/08/17,111.0,112.5,110.0,111.5
2017/08/18,111.0,112.0,110.0,112.0
2017/08/21,112.0,112.0,110.0,110.0
2017/08/22,110.0,111.5,110.0,111.0
2017/08/23,111.0,111.5,110.0,110.0
2017/08/24,111.0,111.0,110.0,110.5
2017/08/25,111.0,111.0,109.5,110.0
2017/08/28,110.0,111.0,110.0,111.0
2017/08/29,111.0,111.0,109.5,110.0
2017/08/30,111.0,113.5,111.0,112.5
2017/08/31,113.0,117.5,113.0,117.5
2017/09/01,117.0,117.0,114.5,115.0
2017/09/04,114.5,116.5,114.0,115.5
2017/09/05,116.0,116.0,115.0,115.5
2017/09/06,115.0,116.0,114.0,115.5
2017/09/07,115.5,117.0,115.0,115.0
2017/09/08,115.0,117.0,115.0,117.0
2017/09/11,117.0,117.5,116.0,116.0
2017/09/12,117.0,117.5,115.5,116.5
2017/09/13,116.5,117.0,115.5,116.0
2017/09/14,116.5,117.5,116.0,117.0
2017/09/15,116.5,119.0,116.5,117.0
2017/09/18,117.0,117.5,116.0,117.0
2017/09/19,117.5,118.5,116.0,116.0
2017/09/20,116.0,116.5,113.5,114.0
2017/09/21,114.0,115.5,114.0,115.5
2017/09/22,114.5,115.0,112.5,113.0
2017/09/25,113.0,113.0,109.0,111.5
2017/09/26,111.5,112.0,110.5,111.5
2017/09/27,111.0,112.5,111.0,112.0
2017/09/28,111.0,112.5,111.0,112.0
2017/09/29,113.0,114.0,112.0,114.0
2017/10/02,115.5,115.5,114.0,114.5
2017/10/03,114.5,115.0,112.5,114.0
2017/10/05,113.5,114.5,113.0,114.5
2017/10/06,114.5,114.5,112.5,113.5
2017/10/11,114.0,114.5,113.0,114.0
2017/10/12,114.0,114.5,113.0,114.0
2017/10/13,113.5,114.5,113.0,114.5
2017/10/16,114.5,115.5,113.5,115.0
2017/10/17,115.0,115.0,113.0,114.0
2017/10/18,114.0,114.0,112.5,114.0
2017/10/19,114.0,114.5,113.0,114.0
2017/10/20,113.5,115.0,113.5,115.0
2017/10/23,115.5,116.0,114.5,115.0
2017/10/24,114.5,115.5,114.5,115.0
2017/10/25,115.5,116.0,114.0,115.5
2017/10/26,113.5,113.5,112.5,113.0
2017/10/27,113.5,114.0,112.5,113.5
2017/10/30,113.0,113.5,111.0,111.5
2017/10/31,111.5,112.5,111.5,111.5
2017/11/01,112.0,114.0,112.0,114.0
2017/11/02,113.5,114.5,113.0,114.5
2017/11/03,114.5,114.5,113.0,114.5
2017/11/06,114.0,114.5,112.0,112.5
2017/11/07,113.0,114.0,112.5,113.0
2017/11/08,114.0,116.5,113.5,116.0
2017/11/09,116.0,117.0,115.0,117.0
2017/11/10,117.0,119.0,115.0,118.5
2017/11/13,119.0,119.0,116.0,116.0
2017/11/14,115.5,117.5,115.0,117.5
2017/11/15,117.5,117.5,115.0,116.5
2017/11/16,116.0,117.5,116.0,117.0
2017/11/17,117.0,117.5,115.5,115.5
2017/11/20,116.0,117.0,115.0,116.0
2017/11/21,116.5,117.5,116.0,117.0
2017/11/22,117.5,118.0,117.0,118.0
2017/11/23,119.0,121.0,118.0,118.0
2017/11/24,118.5,119.0,117.5,117.5
2017/11/27,118.0,118.5,117.5,118.0
2017/11/28,118.0,118.5,117.5,118.5
2017/11/29,119.0,119.5,117.5,118.0
2017/11/30,118.0,118.0,114.5,114.5
2017/12/01,115.0,118.0,114.0,117.5
2017/12/04,117.0,117.0,115.0,116.0
2017/12/05,115.5,116.0,114.0,115.0
2017/12/06,115.0,115.0,111.0,112.5
2017/12/07,113.0,113.5,111.5,112.0
2017/12/08,113.0,113.5,112.0,113.0
2017/12/11,113.0,114.5,113.0,114.5
2017/12/12,113.5,114.5,113.0,114.0
2017/12/13,114.0,114.0,112.0,112.5
2017/12/14,113.0,116.5,113.0,115.5
2017/12/15,115.5,115.5,112.0,112.0
2017/12/18,113.0,113.0,112.0,113.0
2017/12/19,113.0,114.0,112.5,113.5
2017/12/20,113.5,114.5,113.5,113.5
2017/12/21,113.5,115.0,112.5,112.5
2017/12/22,112.5,114.0,112.5,113.5
2017/12/25,114.0,114.5,113.5,114.0
2017/12/26,114.0,115.0,112.5,113.0
2017/12/27,113.0,114.0,112.5,113.0
2017/12/28,113.0,115.0,113.0,115.0
2017/12/29,114.5,115.0,113.5,113.5
2018/01/02,114.0,115.0,113.5,115.0
2018/01/03,115.0,116.0,114.0,115.5
2018/01/04,115.5,116.5,115.0,116.5
2018/01/05,117.0,119.5,116.0,117.5
2018/01/08,118.5,118.5,116.0,116.0
2018/01/09,116.0,116.5,115.0,115.5
2018/01/10,116.0,116.5,114.5,115.5
2018/01/11,116.5,117.0,115.5,116.0
2018/01/12,116.0,117.0,115.5,116.5
2018/01/16,126.5,131.0,125.0,126.0
2018/01/17,127.5,129.0,125.0,126.5
2018/01/18,126.5,130.5,125.5,128.0
2018/01/19,130.0,131.0,122.5,123.5
2018/01/22,123.5,125.0,122.0,125.0
2018/01/23,125.0,125.0,122.5,125.0
2018/01/24,125.0,125.5,123.0,124.5
2018/01/25,125.0,126.0,122.0,123.0
2018/01/26,123.0,126.0,121.0,125.5
2018/01/29,126.5,127.5,123.0,124.0
2018/01/30,124.0,124.5,121.0,122.0
2018/01/31,124.0,126.0,121.0,122.5
2018/02/01,124.0,125.0,121.0,122.5
2018/02/02,123.0,131.5,122.5,130.5
2018/02/05,126.0,133.0,125.0,131.0
2018/02/06,125.0,126.5,120.0,124.5
2018/02/07,123.0,124.5,120.0,121.5
2018/02/08,123.0,123.0,120.5,122.0
2018/02/09,118.0,122.5,116.0,121.0
2018/02/12,122.0,122.5,120.0,121.0
2018/02/21,123.5,125.5,122.0,125.5
2018/02/22,125.0,128.0,125.0,126.0
2018/02/23,127.0,127.5,126.0,127.5
2018/02/26,128.5,130.0,128.0,129.0
2018/02/27,130.0,130.0,126.5,126.5
2018/03/01,126.0,129.5,125.0,128.0
2018/03/02,125.5,129.5,125.5,128.5
2018/03/05,130.0,130.5,127.0,128.0
2018/03/06,129.0,130.0,128.5,129.5
2018/03/07,128.0,131.0,128.0,129.0
2018/03/08,130.0,134.0,129.0,130.0
2018/03/09,130.0,131.5,129.5,131.0
2018/03/12,133.0,133.0,130.5,131.5
2018/03/13,132.0,135.5,131.5,135.0
2018/03/14,134.5,138.5,134.0,138.5
2018/03/15,138.0,141.0,136.5,138.0
2018/03/16,139.0,141.0,137.0,139.5
2018/03/19,138.5,139.0,137.0,138.0
2018/03/20,137.0,138.0,135.0,135.5
2018/03/21,136.0,136.5,134.0,134.0
2018/03/22,134.0,141.0,134.0,136.5
2018/03/23,133.5,135.5,132.0,133.0
2018/03/26,133.0,135.5,133.0,135.0
2018/03/27,136.0,137.5,134.0,135.5
2018/03/28,132.5,133.0,129.0,129.5
2018/03/29,130.0,134.0,130.0,132.0
2018/03/30,132.5,133.5,130.5,132.0
2018/04/02,132.5,133.0,131.0,131.5
2018/04/03,130.5,131.5,128.0,128.5
2018/04/09,131.0,131.5,128.5,130.5
2018/04/10,130.5,131.5,130.0,130.5
2018/04/11,130.5,131.0,128.0,129.0
2018/04/12,129.0,129.5,127.5,128.5
2018/04/13,129.0,129.5,127.5,129.0
2018/04/16,128.5,129.0,126.0,126.0
2018/04/17,126.0,127.0,125.0,126.0
2018/04/18,127.0,127.5,124.5,125.5
2018/04/19,127.0,129.0,127.0,128.0
2018/04/20,128.5,128.5,126.5,127.0
2018/04/23,128.0,128.0,124.5,126.0
2018/04/24,127.0,127.0,122.0,124.5
2018/04/25,123.5,125.5,122.5,125.5
2018/04/26,126.0,126.0,122.5,124.0
2018/04/27,124.5,125.5,122.5,125.0
2018/04/30,124.0,125.0,123.5,125.0
2018/05/02,124.5,125.0,124.0,124.5
2018/05/03,124.0,124.5,122.0,122.0
2018/05/04,124.0,125.0,122.0,125.0
2018/05/07,125.0,125.5,120.0,121.5
2018/05/08,122.5,123.0,121.0,122.0
2018/05/09,128.0,134.0,127.5,133.5
2018/05/10,134.0,135.0,132.5,133.5
2018/05/11,134.5,137.0,134.0,136.5
2018/05/14,137.5,138.0,136.0,137.0
2018/05/15,138.0,139.0,136.0,137.0
2018/05/16,138.0,138.5,136.5,138.0
2018/05/17,138.5,140.0,138.0,138.0
2018/05/18,138.0,139.0,135.5,135.5
2018/05/21,136.5,137.0,135.5,136.5
2018/05/22,137.0,137.5,136.0,136.0
2018/05/23,137.0,138.5,136.5,136.5
2018/05/24,138.0,138.0,133.5,136.0
2018/05/25,137.0,138.5,135.5,137.0
2018/05/28,137.0,138.0,136.0,138.0
2018/05/29,138.0,138.0,135.0,136.0
2018/05/30,136.0,138.0,135.0,135.5
2018/05/31,136.0,137.0,133.0,135.5
2018/06/01,135.0,138.0,134.0,137.0
2018/06/04,138.0,138.0,136.0,137.5
2018/06/05,137.5,140.0,136.5,139.0
2018/06/06,140.0,143.0,139.0,142.0
2018/06/07,145.0,149.0,143.0,147.0
2018/06/08,146.0,148.0,144.0,145.5
2018/06/11,147.0,147.5,144.0,145.0
2018/06/12,145.0,145.5,140.5,143.5
2018/06/13,143.5,146.0,142.5,146.0
2018/06/14,147.5,154.0,145.0,145.0
2018/06/15,146.0,147.0,142.0,146.0
2018/06/19,142.0,142.5,135.0,141.5
2018/06/20,139.5,142.0,137.5,140.5
2018/06/21,141.0,143.0,141.0,142.0
2018/06/22,139.0,139.5,136.5,136.5
2018/06/25,136.5,139.5,135.5,137.5
2018/06/26,136.0,140.0,135.0,139.5
2018/06/27,138.5,140.0,136.5,136.5
2018/06/28,135.0,135.0,132.0,133.0
2018/06/29,133.0,137.5,133.0,137.5
2018/07/02,136.5,137.5,134.5,135.5
2018/07/03,135.0,138.0,135.0,136.0
2018/07/04,136.5,139.0,136.0,138.5
2018/07/05,139.5,139.5,135.0,136.5
2018/07/06,135.0,138.5,135.0,137.0
2018/07/09,137.0,139.5,137.0,138.0
2018/07/10,139.0,141.0,137.0,140.0
2018/07/11,138.5,138.5,134.0,138.5
2018/07/12,129.5,135.0,129.5,135.0
2018/07/13,133.0,135.5,133.0,134.0
2018/07/16,133.0,137.5,132.5,136.5
2018/07/17,138.0,139.0,137.5,138.5
2018/07/18,140.0,145.0,139.5,144.0
2018/07/19,145.0,146.0,142.5,144.5
2018/07/20,146.0,146.0,141.0,143.0
2018/07/23,145.0,145.0,141.0,143.0
2018/07/24,143.5,144.5,142.5,143.5
2018/07/25,143.5,145.0,142.5,143.0
2018/07/26,144.0,145.5,143.0,144.5
2018/07/27,145.0,149.0,143.0,146.5
2018/07/30,145.0,148.0,144.0,146.5
2018/07/31,146.5,148.0,144.0,148.0
2018/08/01,147.5,147.5,143.0,143.5
2018/08/02,143.0,144.0,141.0,143.0
2018/08/03,143.0,145.0,142.0,143.0
2018/08/06,144.5,147.0,142.0,145.0
2018/08/07,144.0,145.0,141.0,142.0
2018/08/08,145.0,155.5,145.0,152.0
2018/08/09,153.0,155.5,150.5,154.5
2018/08/10,153.0,160.5,153.0,159.0
2018/08/13,158.0,159.0,152.5,155.0
2018/08/14,157.0,159.0,152.0,155.0
2018/08/15,155.5,155.5,149.5,150.0
2018/08/16,147.0,151.5,146.5,149.0
2018/08/17,150.5,151.5,148.0,149.5
2018/08/20,152.5,152.5,147.5,150.0
2018/08/21,151.5,155.0,150.5,152.0
2018/08/22,152.0,152.5,149.5,151.5
2018/08/23,151.5,152.0,149.0,152.0
2018/08/24,150.5,152.0,145.5,147.0
2018/08/27,148.0,151.0,147.0,151.0
2018/08/28,152.5,155.0,150.5,155.0
2018/08/29,153.5,154.5,151.0,153.5
2018/08/30,149.5,153.0,148.0,151.5
2018/08/31,151.0,152.0,149.0,150.5
2018/09/03,152.5,152.5,146.0,147.0
2018/09/04,148.0,148.0,144.5,145.0
2018/09/05,149.0,150.0,147.0,147.0
2018/09/06,150.0,156.0,149.0,153.5
2018/09/07,161.0,161.5,153.0,154.5
2018/09/10,155.0,157.5,152.0,156.5
2018/09/11,157.0,159.0,156.0,158.5
2018/09/12,155.5,156.0,143.5,146.0
2018/09/13,148.5,150.0,146.5,150.0
2018/09/14,151.0,151.5,148.0,150.0
2018/09/17,149.0,149.5,147.0,147.5
2018/09/18,146.5,151.0,146.0,148.5
2018/09/19,150.5,151.0,147.5,149.0
2018/09/20,150.0,150.5,147.0,147.5
2018/09/21,149.5,153.5,148.5,153.5
2018/09/25,148.0,149.5,145.5,147.0
2018/09/26,146.0,148.0,146.0,146.0
2018/09/27,146.0,148.5,146.0,148.0
2018/09/28,148.5,152.0,147.5,151.0
2018/10/01,151.0,151.5,146.5,147.5
2018/10/02,147.5,147.5,144.0,144.0
2018/10/03,146.0,146.0,142.5,142.5
2018/10/04,142.5,147.0,142.0,146.0
2018/10/05,145.0,146.0,141.0,143.0
2018/10/08,141.0,143.0,131.0,133.0
2018/10/09,134.0,137.5,133.5,137.0
2018/10/11,131.5,131.5,123.5,123.5
2018/10/12,123.5,128.5,122.0,127.0
2018/10/15,125.0,130.0,124.5,129.0
2018/10/16,127.0,131.5,126.5,127.0
2018/10/17,132.0,134.0,130.5,132.0
2018/10/18,133.0,140.0,132.0,134.5
2018/10/19,134.5,139.5,133.5,139.5
2018/10/22,136.5,141.0,135.0,139.5
2018/10/23,136.0,137.5,134.0,135.0
2018/10/24,135.0,142.0,133.0,137.5
2018/10/25,133.0,137.5,132.0,133.0
2018/10/26,136.0,137.5,133.0,133.0
2018/10/29,135.5,136.0,125.0,126.5
2018/10/30,128.0,137.0,128.0,135.0
2018/10/31,135.5,140.0,134.0,136.5
2018/11/01,136.5,139.5,135.5,138.0
2018/11/02,140.0,140.0,136.5,138.5
2018/11/05,136.0,142.5,135.5,138.5
2018/11/06,136.5,137.0,130.0,133.0
2018/11/07,131.0,136.5,131.0,133.0
2018/11/08,134.5,136.0,130.0,130.0
2018/11/09,129.5,133.5,127.5,133.5
2018/11/12,131.0,133.0,129.0,130.0
2018/11/13,126.5,130.5,126.0,130.0
2018/11/14,130.0,131.0,129.5,131.0
2018/11/15,131.0,131.0,127.5,129.0
2018/11/16,127.0,129.5,124.5,129.0
2018/11/19,127.5,129.5,126.0,129.0
2018/11/20,127.0,128.0,126.0,126.0
2018/11/21,126.0,128.0,123.0,127.0
2018/11/22,126.5,127.5,125.0,125.0
2018/11/23,126.0,127.0,124.0,126.0
2018/11/26,126.5,129.5,126.5,127.5
2018/11/27,127.0,128.5,125.5,128.0
2018/11/28,128.5,132.0,127.0,131.5
2018/11/29,132.5,133.0,127.0,127.0
2018/11/30,128.0,131.5,128.0,130.0
2018/12/03,132.5,143.0,132.0,143.0
2018/12/04,150.0,152.5,139.0,140.5
2018/12/05,138.0,143.0,137.0,142.0
2018/12/06,141.0,142.5,134.0,135.0
2018/12/07,136.5,139.0,136.5,137.5
2018/12/10,137.0,140.0,136.0,138.0
2018/12/11,136.5,138.5,135.5,137.0
2018/12/12,139.0,140.0,137.5,138.5
2018/12/13,138.5,141.0,136.5,138.0
2018/12/14,137.0,138.5,136.5,138.0
2018/12/17,138.5,140.0,137.5,137.5
2018/12/18,137.5,138.5,136.5,137.5
2018/12/19,138.5,141.0,137.5,139.0
2018/12/20,137.5,145.0,137.5,142.0
2018/12/21,142.0,142.0,138.0,139.0
2018/12/24,139.5,142.5,138.5,141.5
2018/12/25,139.0,140.0,136.5,136.5
2018/12/26,138.0,139.0,137.0,138.0
2018/12/27,140.5,143.5,138.0,142.0
2018/12/28,141.5,143.0,140.0,142.0
2019/01/02,141.5,142.0,138.5,138.5
2019/01/03,138.5,139.0,132.5,134.0
2019/01/04,132.0,134.5,130.5,133.5
2019/01/07,135.5,141.0,134.5,140.0
2019/01/08,140.0,143.5,140.0,142.0
2019/01/09,143.5,147.0,141.5,146.0
2019/01/10,145.5,145.5,142.5,145.0
2019/01/11,144.0,146.0,142.5,144.0
2019/01/14,144.0,145.0,143.0,143.0
2019/01/15,145.0,149.0,144.0,148.0
2019/01/16,147.0,151.0,146.5,148.0
2019/01/17,150.0,151.5,148.0,150.0
2019/01/18,151.5,155.5,149.5,150.5
2019/01/21,156.0,158.5,155.0,155.5
2019/01/22,155.5,156.5,151.5,155.0
2019/01/23,152.5,154.0,152.0,154.0
2019/01/24,152.0,152.0,148.0,150.0
2019/01/25,153.0,155.0,152.5,154.5
2019/01/28,154.5,156.5,152.5,153.0
2019/01/29,154.0,158.5,153.5,157.0
2019/01/30,158.0,159.5,156.0,158.0
2019/02/11,159.0,160.0,157.0,159.5
2019/02/12,161.0,162.5,158.5,161.0
2019/02/13,161.0,161.5,158.5,159.5
2019/02/14,160.0,164.0,159.5,163.5
2019/02/15,168.0,178.0,168.0,174.5
2019/02/18,177.0,181.5,173.5,174.5
2019/02/19,174.5,178.0,173.0,174.5
2019/02/20,177.0,179.5,174.0,175.0
2019/02/21,175.5,176.5,173.0,176.0
2019/02/22,177.0,177.5,171.0,173.0
2019/02/25,175.0,175.0,171.0,173.5
2019/02/26,175.0,176.0,171.0,173.5
2019/02/27,175.0,175.0,170.0,171.0
2019/03/04,169.0,172.0,168.5,171.0
2019/03/05,170.0,170.5,168.0,169.0
2019/03/06,170.0,176.0,169.5,176.0
2019/03/07,176.5,178.0,171.0,172.5
2019/03/08,171.5,175.5,171.5,173.0
2019/03/11,172.0,179.5,172.0,178.5
2019/03/12,178.5,179.5,174.0,174.0
2019/03/13,176.0,178.0,174.5,176.5
2019/03/14,174.5,177.5,174.5,176.0
2019/03/15,177.0,182.0,175.0,179.0
2019/03/18,179.0,188.5,179.0,188.5
2019/03/19,189.0,191.5,184.0,187.0
2019/03/20,185.5,191.5,185.0,186.0
2019/03/21,187.5,191.0,186.5,190.5
2019/03/22,192.0,194.0,189.5,191.0
2019/03/25,182.5,190.0,182.5,190.0
2019/03/26,192.5,193.5,186.5,191.0
2019/03/27,191.5,191.5,188.5,191.0
2019/03/28,189.0,191.5,187.0,190.0
2019/03/29,193.5,199.0,192.5,198.0
2019/04/01,198.5,199.0,195.0,196.0
2019/04/02,200.0,202.5,198.5,200.5
2019/04/03,204.0,204.5,197.5,200.0
2019/04/08,200.0,200.0,192.0,193.0
2019/04/09,194.0,197.0,191.0,196.5
2019/04/10,194.5,198.5,192.0,197.5
2019/04/11,198.5,202.0,197.5,200.0
2019/04/12,201.5,204.0,195.5,201.0
2019/04/15,199.5,200.0,194.0,196.0
2019/04/16,196.0,197.0,194.0,195.0
2019/04/17,194.0,200.0,192.0,195.5
2019/04/18,196.0,201.0,195.5,198.5
2019/04/19,199.5,201.0,196.5,199.5
2019/04/22,199.5,200.5,197.0,198.0
2019/04/23,197.5,198.0,192.5,195.5
2019/04/24,199.0,200.0,197.0,198.0
2019/04/25,201.0,206.0,199.5,204.5
2019/04/26,205.5,208.0,199.0,199.0
2019/04/29,201.0,202.0,196.0,200.0
2019/04/30,198.5,202.0,197.0,201.5
2019/05/02,201.5,202.5,199.0,200.0
2019/05/03,199.5,207.0,198.5,207.0
2019/05/06,200.0,207.0,200.0,203.5
2019/05/07,203.0,221.5,203.0,221.5
2019/05/08,216.5,223.0,213.0,217.0
2019/05/09,218.5,224.0,214.0,217.5
2019/05/10,219.5,220.0,209.5,211.0
2019/05/13,209.0,209.0,198.0,200.0
2019/05/14,195.0,203.5,194.5,202.5
2019/05/15,203.0,204.5,197.5,200.5
2019/05/16,201.0,201.0,195.0,195.0
2019/05/17,197.5,199.0,184.0,187.5
2019/05/20,184.5,184.5,178.5,180.0
2019/05/21,176.5,177.5,167.5,173.5
2019/05/22,175.0,180.5,175.0,178.0
2019/05/23,166.5,171.0,163.0,167.0
2019/05/24,167.0,169.0,162.0,165.0
2019/05/27,167.0,169.0,159.5,163.5
2019/05/28,162.0,165.5,161.5,162.0
2019/05/29,162.0,164.0,158.0,164.0
2019/05/30,163.5,167.5,160.5,163.0
2019/05/31,163.0,168.5,162.5,167.5
2019/06/03,165.0,167.5,162.0,164.0
2019/06/04,165.0,171.0,161.0,162.0
2019/06/05,166.0,166.5,163.5,166.0
2019/06/06,163.5,164.0,149.5,149.5
2019/06/10,155.0,160.5,154.5,159.5
2019/06/11,159.5,163.0,157.0,160.5
2019/06/12,160.5,167.0,158.5,165.5
2019/06/13,165.0,165.5,160.5,163.0
2019/06/14,163.5,164.5,162.0,164.0
2019/06/17,163.0,164.0,162.0,162.5
2019/06/18,162.5,164.5,160.0,161.0
2019/06/19,167.0,174.5,166.5,171.0
2019/06/20,169.5,171.0,167.0,170.0
2019/06/21,172.0,172.0,169.0,170.5
2019/06/24,171.5,172.0,167.0,171.0
2019/06/25,172.0,172.0,168.0,168.0
2019/06/26,167.0,169.0,165.0,167.0
2019/06/27,170.0,172.0,168.5,169.5
2019/06/28,172.0,175.0,170.0,173.0
2019/07/01,190.0,190.0,190.0,190.0
2019/07/02,190.0,190.5,184.0,185.0
2019/07/03,183.0,184.0,175.5,175.5
2019/07/04,177.0,179.5,173.0,175.5
2019/07/05,177.0,178.0,172.5,176.0
2019/07/08,175.0,175.5,172.0,172.5
2019/07/09,172.5,175.0,171.5,172.0
2019/07/10,173.5,177.0,173.0,175.0
2019/07/11,178.5,186.0,178.0,183.0
2019/07/12,176.0,177.5,173.5,173.5
2019/07/15,173.5,181.0,173.5,180.0
2019/07/16,183.0,184.0,178.0,178.0
2019/07/17,176.0,176.0,170.5,171.0
2019/07/18,169.0,169.0,161.5,163.0
2019/07/19,167.0,172.0,166.0,172.0
2019/07/22,172.5,174.5,169.0,174.5
2019/07/23,175.0,176.5,171.0,174.0
2019/07/24,173.0,173.0,170.5,171.5
2019/07/25,172.0,174.0,168.5,172.5
2019/07/26,170.5,172.5,169.0,171.0
2019/07/29,170.5,172.0,170.0,171.0
2019/07/30,172.5,173.0,166.0,167.0
2019/07/31,166.5,167.0,165.0,166.0
2019/08/01,164.0,168.0,164.0,168.0
2019/08/02,164.5,166.0,162.0,164.5
2019/08/05,163.5,164.5,156.5,157.0
2019/08/06,150.5,160.0,150.0,157.0
2019/08/07,165.5,167.5,161.0,163.5
2019/08/08,161.5,166.5,161.0,165.0
2019/08/12,165.5,167.5,164.0,166.0
2019/08/13,164.0,164.0,161.0,161.0
2019/08/14,164.0,166.0,163.0,163.5
2019/08/15,159.5,163.0,159.0,162.5
2019/08/16,164.0,167.0,163.0,165.0
2019/08/19,167.0,174.0,165.5,173.0
2019/08/20,175.0,175.0,171.5,174.5
2019/08/21,173.0,174.0,170.0,171.5
2019/08/22,173.0,177.0,172.0,172.5
2019/08/23,172.0,176.0,171.0,174.0
2019/08/26,169.5,172.5,168.0,169.0
2019/08/27,172.0,173.5,170.0,170.5
2019/08/28,171.5,174.5,170.5,174.5
2019/08/29,176.0,185.0,176.0,181.0
2019/08/30,183.5,189.5,183.5,186.0
2019/09/02,189.0,194.5,188.0,193.0
2019/09/03,192.0,193.0,188.5,188.5
2019/09/04,187.0,190.5,184.5,186.0
2019/09/05,187.5,189.5,185.5,188.5
2019/09/06,190.5,193.5,188.5,189.5
2019/09/09,190.0,191.0,186.0,187.0
2019/09/10,186.0,188.0,183.0,184.0
2019/09/11,185.5,188.5,185.5,188.0
2019/09/12,189.0,190.0,186.0,187.5
2019/09/16,184.0,186.5,182.0,185.5
2019/09/17,185.0,187.5,185.0,186.5
2019/09/18,187.5,190.0,186.0,186.5
2019/09/19,187.0,191.0,186.5,189.0
2019/09/20,189.0,189.5,185.0,185.0
2019/09/23,185.0,186.5,183.0,184.0
2019/09/24,184.5,186.5,183.5,184.5
2019/09/25,183.5,186.0,183.5,186.0
2019/09/26,187.0,189.0,179.0,182.0
2019/09/27,180.0,181.5,177.0,178.0
2019/10/01,181.5,184.5,179.0,184.5
2019/10/02,184.0,187.5,183.0,187.0
2019/10/03,184.5,190.0,183.5,190.0
2019/10/04,192.0,194.0,188.0,191.0
2019/10/07,192.5,193.5,188.0,188.5
2019/10/08,188.5,189.5,183.5,187.0
2019/10/09,184.5,185.5,181.0,181.0
2019/10/14,184.5,186.5,184.0,185.5
2019/10/15,185.0,185.5,181.5,183.0
2019/10/16,184.5,187.0,183.5,183.5
2019/10/17,183.5,188.0,183.5,188.0
2019/10/18,189.0,191.0,187.0,187.5
2019/10/21,187.0,187.5,185.5,186.5
2019/10/22,187.5,188.5,187.0,188.0
2019/10/23,189.0,205.0,188.5,204.5
2019/10/24,205.5,210.0,202.0,208.0
2019/10/25,206.0,207.5,196.0,196.0
2019/10/28,198.0,201.5,195.0,195.5
2019/10/29,196.5,198.0,190.0,192.5
2019/10/30,193.0,197.0,190.5,196.5
2019/10/31,197.5,199.5,196.0,196.0
2019/11/01,197.0,203.0,196.0,202.0
2019/11/04,205.5,213.0,203.5,209.0
2019/11/05,214.5,219.5,211.5,219.0
2019/11/06,220.0,220.0,209.5,214.5
2019/11/07,218.0,221.5,212.0,215.0
2019/11/08,218.5,218.5,209.5,212.0
2019/11/11,211.0,211.5,207.5,208.5
2019/11/12,209.5,216.0,209.5,216.0
2019/11/13,214.0,221.0,213.0,216.0
2019/11/14,217.0,218.5,214.0,216.5
2019/11/15,215.5,216.5,209.5,212.5
2019/11/18,210.5,216.0,208.0,214.5
2019/11/19,212.5,219.0,212.5,219.0
2019/11/20,220.0,221.5,216.0,218.0
2019/11/21,215.0,216.5,213.5,216.0
2019/11/22,218.0,237.5,217.5,237.5
2019/11/25,235.0,237.0,226.0,227.0
2019/11/26,228.0,231.0,224.5,225.5
2019/11/27,225.0,230.0,223.5,227.0
2019/11/28,229.5,232.5,223.0,223.5
2019/11/29,224.0,226.0,222.5,223.5
2019/12/02,228.0,228.5,218.0,220.5
2019/12/03,219.0,221.5,218.5,219.5
2019/12/04,218.0,218.5,215.0,216.0
2019/12/05,218.5,222.5,218.0,221.5
2019/12/06,223.0,226.0,219.0,220.0
2019/12/09,223.0,228.0,221.0,225.5
2019/12/10,222.5,229.0,222.5,227.5
2019/12/11,229.0,231.0,225.5,230.0
2019/12/12,233.0,233.5,226.5,230.5
2019/12/13,233.5,239.0,228.0,229.0
2019/12/16,231.0,236.0,228.0,235.0
2019/12/17,233.5,238.0,233.5,238.0
2019/12/18,234.0,236.0,229.0,229.0
2019/12/19,229.0,230.0,221.0,225.5
2019/12/20,218.5,220.5,208.0,212.5
2019/12/23,214.5,217.5,212.0,216.0
2019/12/24,216.0,218.5,214.5,216.0
2019/12/25,216.0,220.0,215.5,219.0
2019/12/26,220.5,221.0,219.5,221.0
2019/12/27,223.0,228.5,223.0,227.0
2019/12/30,227.0,227.0,221.5,222.0
2019/12/31,222.0,224.0,219.0,219.0
2020/01/02,219.5,223.0,219.0,222.5
2020/01/03,224.0,224.0,214.0,215.5
2020/01/06,212.0,213.5,210.0,211.0
2020/01/07,218.5,219.5,215.0,218.0
2020/01/08,216.0,223.5,213.0,220.5
2020/01/09,225.0,229.0,224.5,227.5
2020/01/10,228.0,229.5,224.0,227.5
2020/01/13,230.0,233.5,227.5,232.5
2020/01/14,234.0,237.0,228.0,232.0
2020/01/15,233.0,233.5,225.5,227.5
2020/01/16,225.5,230.0,224.0,230.0
2020/01/17,230.0,230.5,227.0,228.5
2020/01/20,229.0,230.5,228.0,230.5
2020/01/30,227.0,227.0,214.0,214.5
2020/01/31,215.0,219.5,213.5,218.0
2020/02/03,212.0,216.5,203.0,213.0
2020/02/04,214.0,218.0,214.0,218.0
2020/02/05,220.0,220.0,211.5,212.0
2020/02/06,214.5,219.0,214.0,218.5
2020/02/07,217.5,218.0,213.5,214.0
2020/02/10,210.0,212.5,208.0,208.5
2020/02/11,211.0,217.5,210.5,216.5
2020/02/12,219.0,223.0,218.0,220.5
2020/02/13,219.5,222.0,219.0,220.5
2020/02/14,219.0,220.0,217.0,219.5
2020/02/17,218.0,219.0,216.0,216.5
2020/02/18,215.5,216.0,211.0,212.0
2020/02/19,211.5,213.5,210.5,213.0
2020/02/20,211.5,212.0,207.5,208.5
2020/02/21,205.5,206.5,202.0,205.0
2020/02/24,200.0,204.0,200.0,203.5
2020/02/25,201.0,205.5,200.0,203.5
2020/02/26,200.5,204.5,200.0,203.5
2020/02/27,202.0,204.5,195.5,195.5
2020/03/02,191.0,201.5,189.0,197.5
2020/03/03,202.0,204.5,201.5,201.5
2020/03/04,200.0,203.5,198.5,203.5
2020/03/05,205.0,206.0,204.0,204.5
2020/03/06,204.0,205.5,203.0,203.5
2020/03/09,199.0,202.0,195.0,195.0
2020/03/10,193.0,199.0,191.5,194.0
2020/03/11,196.0,199.0,192.5,193.0
2020/03/12,191.0,191.0,179.5,185.5
2020/03/13,168.0,185.0,168.0,178.5
2020/03/16,180.0,183.0,171.5,171.5
2020/03/17,168.0,178.5,168.0,170.0
2020/03/18,171.0,173.5,168.0,168.5
2020/03/19,163.0,164.5,152.0,152.0
2020/03/20,154.5,164.0,145.5,152.0
2020/03/23,152.0,157.0,143.0,153.5
2020/03/24,158.5,168.0,158.0,161.5
2020/03/25,166.5,171.5,165.0,169.0
2020/03/26,173.0,173.0,167.0,171.0
2020/03/27,173.5,175.5,171.0,172.0
2020/03/30,168.5,174.0,166.0,173.5
2020/03/31,176.0,176.0,170.5,172.0
2020/04/01,175.0,176.0,172.0,175.0
2020/04/06,175.0,185.0,174.5,185.0
2020/04/07,191.0,192.0,184.0,184.0
2020/04/08,186.0,190.5,184.0,184.5
2020/04/09,187.0,189.0,185.0,187.0
2020/04/10,187.0,188.0,184.5,185.0
2020/04/13,184.0,185.0,180.5,181.0
2020/04/14,182.5,186.5,181.5,185.5
2020/04/15,187.0,188.0,184.0,186.0
2020/04/16,183.0,185.5,182.0,183.0
2020/04/17,186.0,187.5,182.5,185.0
2020/04/20,183.5,184.5,182.0,183.0
2020/04/21,182.5,183.5,178.0,179.0
2020/04/22,174.5,177.5,172.5,177.0
2020/04/23,178.0,182.0,176.5,178.5
2020/04/24,177.5,179.0,175.5,176.0
2020/04/27,177.5,179.0,176.0,178.0
2020/04/28,178.0,179.5,174.0,179.5
2020/04/29,177.5,186.5,177.5,183.5
2020/04/30,183.5,187.5,183.0,186.5
2020/05/04,181.0,189.0,179.0,187.0
2020/05/05,187.5,191.5,186.0,189.0
2020/05/06,190.0,199.0,187.5,195.5
2020/05/07,205.0,208.0,200.0,200.0
2020/05/08,203.0,207.0,203.0,203.5
2020/05/11,207.0,207.0,203.5,204.0
2020/05/12,204.5,208.5,203.0,204.0
2020/05/13,204.0,211.0,203.5,210.0
2020/05/14,209.5,210.0,203.0,203.5
2020/05/15,204.5,206.0,201.0,204.0
2020/05/18,199.0,203.5,194.0,195.0
2020/05/19,198.0,200.0,196.0,197.0
2020/05/20,197.0,200.5,195.0,198.0
2020/05/21,198.0,203.5,198.0,203.5
2020/05/22,200.0,200.5,197.0,198.5
2020/05/25,200.0,203.0,195.5,202.5
2020/05/26,204.0,209.5,203.0,208.0
2020/05/27,210.0,210.5,207.0,207.0
2020/05/28,209.0,209.0,205.0,208.0
2020/05/29,204.0,209.5,204.0,205.0
2020/06/01,210.0,214.5,208.0,208.5
2020/06/02,210.0,212.0,209.0,210.5
2020/06/03,213.5,215.5,212.0,213.0
2020/06/04,215.0,216.0,213.0,216.0
2020/06/05,216.0,217.0,213.0,215.0
2020/06/08,217.0,217.5,215.5,217.5
2020/06/09,217.5,218.0,215.5,217.0
2020/06/10,215.0,216.5,213.5,214.0
2020/06/11,215.0,218.0,213.0,213.5
2020/06/12,208.5,214.0,206.0,213.5
2020/06/15,213.5,215.0,210.5,211.0
2020/06/16,215.5,215.5,213.0,215.0
2020/06/17,215.0,216.0,212.0,214.0
2020/06/18,213.0,216.0,212.5,215.5
2020/06/19,217.0,226.0,216.5,222.0
2020/06/22,223.0,231.5,223.0,224.0
2020/06/23,227.0,230.0,223.0,228.0
2020/06/24,231.0,231.5,227.5,228.0
2020/06/29,227.0,232.0,225.5,227.5
2020/06/30,232.0,234.0,228.0,228.0
2020/07/01,229.5,236.0,229.0,234.5
2020/07/02,237.5,238.0,232.0,237.0
2020/07/03,240.5,260.5,238.5,260.5
2020/07/06,266.0,282.0,265.0,281.5
2020/07/07,278.0,280.0,259.0,265.0
2020/07/08,264.0,271.5,263.0,268.0
2020/07/09,290.0,291.0,280.5,284.5
2020/07/10,289.0,295.0,281.0,285.5
2020/07/13,279.0,281.0,270.0,271.5
2020/07/14,270.0,276.0,265.0,267.0
2020/07/15,270.0,275.0,261.0,262.5
2020/07/16,263.0,270.0,262.0,263.5
2020/07/17,264.0,267.0,260.5,262.0
2020/07/20,261.5,265.0,257.5,260.0
2020/07/21,262.5,266.0,261.0,265.5
2020/07/22,268.5,280.0,268.5,279.5
2020/07/23,278.5,281.5,275.5,281.5
2020/07/24,279.5,281.5,269.5,271.5
2020/07/27,272.5,278.0,272.0,277.0
2020/07/28,279.5,286.0,269.0,269.5
2020/07/29,270.5,280.0,270.5,277.5
2020/07/30,280.5,281.5,276.0,279.5
2020/07/31,282.0,304.0,282.0,290.0
2020/08/03,295.0,298.5,291.0,296.0
2020/08/04,296.5,301.5,293.5,297.5
2020/08/05,301.0,305.0,298.5,303.5
2020/08/06,312.0,322.5,307.0,316.0
2020/08/07,315.5,317.0,292.0,294.0
2020/08/10,291.5,298.0,284.5,287.0
2020/08/11,288.0,293.0,282.0,289.5
2020/08/12,290.0,290.0,280.0,282.0
2020/08/13,284.5,288.5,282.0,284.5
2020/08/14,282.5,285.0,276.0,285.0
2020/08/17,285.0,289.0,281.5,289.0
2020/08/18,270.0,274.0,263.0,265.5
2020/08/19,265.5,272.0,261.5,268.5
2020/08/20,267.0,268.5,248.0,256.0
2020/08/21,266.0,270.0,260.0,263.0
2020/08/24,260.0,264.5,260.0,264.0
2020/08/25,265.5,268.0,261.0,262.0
2020/08/26,260.5,261.0,249.0,254.0
2020/08/27,256.0,257.0,242.0,248.0
2020/08/28,250.5,250.5,243.5,248.0
2020/08/31,252.5,255.5,240.0,240.0
2020/09/01,239.5,247.5,238.5,246.5
2020/09/02,251.5,254.5,248.0,249.5
2020/09/03,254.0,254.0,248.5,251.0
2020/09/04,247.0,247.5,242.0,243.0
2020/09/07,243.0,247.0,240.0,241.0
2020/09/08,244.0,246.0,239.0,242.0
2020/09/09,238.5,238.5,232.5,237.5
2020/09/10,240.0,247.0,239.5,243.5
2020/09/11,246.0,246.5,239.0,243.5
2020/09/14,245.0,251.0,241.0,250.5
2020/09/15,251.0,253.0,248.0,252.0
2020/09/16,254.5,258.0,252.5,255.5
2020/09/17,255.0,259.0,253.0,253.0
2020/09/18,255.0,258.0,253.0,257.0
2020/09/21,256.5,258.0,250.0,253.0
2020/09/22,258.0,260.0,254.5,259.0
2020/09/23,260.0,263.0,252.0,259.5
2020/09/24,255.5,258.5,254.0,258.0
2020/09/25,257.0,258.0,241.5,243.5
2020/09/28,246.0,259.5,246.0,258.5
2020/09/29,259.0,266.0,258.5,264.0
2020/09/30,264.0,267.5,261.0,265.5
2020/10/05,265.0,267.0,258.5,260.0
2020/10/06,264.0,270.5,264.0,269.5
2020/10/07,269.0,280.0,267.0,277.0
2020/10/08,282.5,286.5,277.0,282.0
2020/10/12,283.5,290.0,280.5,285.0
2020/10/13,285.0,286.5,279.0,281.5
2020/10/14,282.0,285.0,278.5,280.5
2020/10/15,282.0,287.5,277.0,279.5
2020/10/16,278.5,281.0,275.0,278.5
2020/10/19,280.0,281.0,276.0,277.0
2020/10/20,280.0,284.0,277.5,282.0
2020/10/21,282.0,285.0,280.5,281.5
2020/10/22,281.0,282.5,276.0,277.0
2020/10/23,277.5,282.0,276.5,279.0
2020/10/26,278.5,280.5,277.5,278.5
2020/10/27,276.0,279.0,275.5,278.0
2020/10/28,276.5,281.5,275.0,278.5
2020/10/29,275.0,277.5,269.5,274.5
2020/10/30,274.0,276.0,267.0,267.0
2020/11/02,268.0,271.0,259.0,264.0
2020/11/03,267.5,269.0,260.5,263.5
2020/11/04,264.0,274.0,262.5,273.0
2020/11/05,274.5,274.5,267.5,270.0
2020/11/06,273.0,277.5,271.0,273.0
2020/11/09,290.0,299.5,290.0,293.0
2020/11/10,294.5,296.0,287.5,291.5
2020/11/11,295.0,295.0,284.0,286.0
2020/11/12,286.5,288.0,283.5,286.0
2020/11/13,288.0,291.5,286.0,291.5
2020/11/16,293.5,294.0,287.5,291.0
2020/11/17,293.5,297.0,290.0,291.0
2020/11/18,294.0,302.0,293.0,300.0
2020/11/19,299.5,305.0,295.5,297.5
2020/11/20,298.0,304.0,296.0,301.5
2020/11/23,302.5,308.0,302.5,304.0
2020/11/24,305.0,306.5,297.0,298.5
2020/11/25,296.0,300.0,290.5,293.0
2020/11/26,295.5,297.5,292.5,297.0
2020/11/27,299.0,304.5,296.5,304.0
2020/11/30,306.0,309.0,299.0,299.0
2020/12/01,304.0,307.0,301.5,303.0
2020/12/02,304.0,312.0,302.5,308.0
2020/12/03,308.0,314.5,306.0,312.5
2020/12/04,315.0,317.0,310.5,315.0
2020/12/07,318.0,319.0,301.0,306.0
2020/12/08,306.5,318.0,306.0,316.5
2020/12/09,317.0,327.5,316.0,321.5
2020/12/10,324.0,324.5,315.0,317.5
2020/12/11,320.5,323.0,308.0,315.5
2020/12/14,318.0,322.0,315.5,318.0
2020/12/15,318.0,320.0,309.0,312.5
2020/12/16,314.5,321.0,314.0,314.0
2020/12/17,318.0,328.0,315.0,323.0
2020/12/18,326.0,328.0,317.0,323.0
2020/12/21,322.0,329.5,319.0,324.5
2020/12/22,326.0,331.0,318.0,318.0
2020/12/23,320.0,330.0,318.5,325.0
2020/12/24,330.0,338.5,329.0,333.0
2020/12/25,338.0,362.5,335.0,351.5
2020/12/28,351.5,356.5,343.5,348.5
2020/12/29,350.0,357.5,349.0,352.5
2020/12/30,354.0,357.0,351.0,357.0
2020/12/31,370.0,375.0,363.5,369.0
2021/01/04,366.0,368.5,358.0,363.5
2021/01/05,360.0,362.0,355.0,359.5
2021/01/06,372.5,391.0,372.0,384.0
2021/01/07,378.0,383.5,371.0,378.0
2021/01/08,385.0,386.5,380.5,384.0
2021/01/11,384.0,388.0,380.0,387.5
2021/01/12,388.0,397.0,382.0,383.0
2021/01/13,391.0,404.0,388.0,403.0
2021/01/14,399.0,400.0,392.0,393.0
2021/01/15,397.0,413.0,393.5,400.0
2021/01/18,400.0,402.5,385.0,395.0
2021/01/19,404.0,416.0,397.0,410.0
2021/01/20,409.5,409.5,398.5,401.0
2021/01/21,406.0,417.0,406.0,408.5
2021/01/22,409.0,435.0,408.5,423.0
2021/01/25,418.0,425.0,408.0,417.5
2021/01/26,438.0,445.0,407.0,408.0
2021/01/27,414.5,422.0,406.0,414.0
2021/01/28,401.0,410.0,398.0,401.0
2021/01/29,401.0,408.5,394.0,394.0
2021/02/01,393.5,412.0,387.5,408.5
2021/02/02,423.0,424.5,415.5,423.5
2021/02/03,426.5,435.5,418.0,430.5
2021/02/04,430.5,444.5,423.0,435.5
2021/02/05,469.0,479.0,468.0,479.0
2021/02/17,526.0,526.0,511.0,526.0
2021/02/18,526.0,547.0,516.0,544.0
2021/02/19,542.0,554.0,527.0,528.0
2021/02/22,534.0,536.0,517.0,531.0
2021/02/23,519.0,523.0,503.0,513.0
2021/02/24,504.0,527.0,504.0,506.0
2021/02/25,513.0,520.0,496.5,499.0
2021/02/26,479.0,489.0,471.0,474.0
2021/03/02,495.0,511.0,492.5,493.5
2021/03/03,496.0,499.0,478.0,494.0
2021/03/04,495.0,495.0,470.5,477.0
2021/03/05,462.5,472.0,460.5,469.5
2021/03/08,483.5,491.0,475.0,481.0
2021/03/09,483.0,492.5,471.0,473.5
2021/03/10,486.5,486.5,475.5,477.0
2021/03/11,479.0,503.0,475.0,499.0
2021/03/12,500.0,503.0,486.5,487.0
2021/03/15,487.0,507.0,481.5,496.5
2021/03/16,505.0,522.0,497.5,497.5
2021/03/17,505.0,516.0,498.0,508.0
2021/03/18,516.0,545.0,516.0,539.0
2021/03/19,530.0,552.0,525.0,542.0
2021/03/22,545.0,553.0,523.0,527.0
2021/03/23,537.0,544.0,526.0,533.0
2021/03/24,526.0,537.0,524.0,528.0
2021/03/25,524.0,540.0,519.0,536.0
2021/03/26,542.0,573.0,537.0,569.0
2021/03/29,574.0,579.0,557.0,560.0
2021/03/30,567.0,577.0,556.0,572.0
2021/03/31,574.0,598.0,570.0,575.0
2021/04/01,585.0,591.0,569.0,570.0
2021/04/06,584.0,613.0,580.0,602.0
2021/04/07,603.0,627.0,593.0,619.0
2021/04/08,611.0,644.0,607.0,629.0
2021/04/09,620.0,633.0,611.0,611.0
2021/04/12,615.0,619.0,576.0,585.0
2021/04/13,580.0,607.0,580.0,586.0
2021/04/14,586.0,596.0,562.0,591.0
2021/04/15,597.0,610.0,590.0,610.0
2021/04/16,617.0,627.0,610.0,611.0
2021/04/19,607.0,612.0,592.0,592.0
2021/04/20,592.0,604.0,587.0,596.0
2021/04/21,597.0,600.0,586.0,589.0
2021/04/22,597.0,606.0,587.0,588.0
2021/04/23,589.0,615.0,588.0,614.0
2021/04/26,624.0,627.0,614.0,616.0
2021/04/27,646.0,656.0,618.0,620.0
2021/04/28,628.0,647.0,620.0,624.0
2021/04/29,629.0,634.0,620.0,624.0
2021/05/03,621.0,623.0,582.0,588.0
2021/05/04,588.0,594.0,540.0,581.0
2021/05/05,580.0,586.0,532.0,533.0
2021/05/06,543.0,555.0,528.0,553.0
2021/05/07,575.0,585.0,555.0,578.0
2021/05/10,587.0,589.0,543.0,545.0
2021/05/11,510.0,530.0,490.5,491.0
2021/05/12,493.5,509.0,443.5,491.5
2021/05/13,493.5,505.0,476.0,479.0
2021/05/14,492.0,508.0,476.0,480.0
2021/05/17,452.0,491.0,451.5,466.5
2021/05/18,484.0,513.0,473.0,513.0
2021/05/19,515.0,525.0,492.0,494.5
2021/05/20,474.0,486.5,456.0,460.0
2021/05/21,472.0,478.0,462.0,470.5
2021/05/24,470.0,492.5,464.0,487.5
2021/05/25,500.0,507.0,491.0,491.0
2021/05/26,493.0,495.5,482.5,487.0
2021/05/27,484.0,495.5,480.5,495.5
2021/05/28,505.0,516.0,501.0,505.0
2021/05/31,512.0,536.0,507.0,534.0
2021/06/01,536.0,540.0,515.0,516.0
2021/06/02,515.0,521.0,497.0,498.0
2021/06/03,503.0,505.0,489.0,505.0
2021/06/04,498.0,503.0,493.0,500.0
2021/06/07,502.0,520.0,491.0,519.0
2021/06/08,526.0,526.0,510.0,512.0
2021/06/09,508.0,522.0,506.0,513.0
2021/06/10,519.0,528.0,513.0,515.0
2021/06/11,519.0,523.0,506.0,506.0
2021/06/15,511.0,522.0,511.0,522.0
2021/06/16,521.0,522.0,506.0,510.0
2021/06/17,506.0,510.0,502.0,509.0
2021/06/18,513.0,516.0,503.0,503.0
2021/06/21,498.0,498.0,480.5,483.0
2021/06/22,483.5,491.0,472.0,476.5
2021/06/23,482.0,491.0,482.0,490.0
2021/06/24,494.5,499.0,491.5,497.0
2021/06/25,498.0,501.0,489.0,489.0
2021/06/28,488.5,496.5,481.0,496.5
2021/06/29,498.0,499.0,487.5,487.5
2021/06/30,505.0,510.0,495.0,499.0
2021/07/01,504.0,507.0,497.5,503.0
2021/07/02,503.0,504.0,492.0,493.5
2021/07/05,499.0,509.0,496.0,504.0
2021/07/06,506.0,513.0,500.0,500.0
2021/07/07,505.0,508.0,491.0,494.0
2021/07/08,499.5,508.0,499.0,506.0
2021/07/09,497.0,500.0,492.0,492.5
2021/07/12,502.0,503.0,497.0,500.0
2021/07/13,503.0,509.0,493.0,495.0
2021/07/14,494.0,497.0,490.0,490.5
2021/07/15,492.5,499.5,492.0,499.5
2021/07/16,497.0,506.0,494.0,499.5
2021/07/19,499.5,505.0,494.0,503.0
2021/07/20,493.0,494.0,481.0,483.0
2021/07/21,490.0,492.5,477.0,478.5
2021/07/22,484.5,503.0,484.5,497.5
2021/07/23,502.0,506.0,489.0,489.0
2021/07/26,490.5,502.0,490.5,492.0
2021/07/27,499.0,536.0,497.0,522.0
2021/07/28,520.0,525.0,485.0,490.0
2021/07/29,497.0,512.0,492.5,503.0
2021/07/30,500.0,524.0,500.0,511.0
2021/08/02,534.0,562.0,522.0,541.0
2021/08/03,544.0,555.0,541.0,545.0
2021/08/04,545.0,562.0,537.0,562.0
2021/08/05,565.0,582.0,563.0,570.0
2021/08/06,560.0,575.0,557.0,560.0
2021/08/09,555.0,558.0,538.0,538.0
2021/08/10,540.0,547.0,525.0,531.0
2021/08/11,532.0,534.0,512.0,519.0
2021/08/12,521.0,533.0,521.0,527.0
2021/08/13,531.0,533.0,509.0,509.0
2021/08/16,509.0,515.0,499.0,506.0
2021/08/17,498.0,498.5,472.5,474.0
2021/08/18,463.0,492.0,456.0,491.5
2021/08/19,487.0,495.0,470.5,470.5
2021/08/20,477.0,483.0,469.5,470.0
2021/08/23,474.5,486.5,472.0,480.5
2021/08/24,487.5,488.5,461.0,461.0
2021/08/25,459.0,469.5,454.5,469.0
2021/08/26,470.5,474.0,458.0,459.5
2021/08/27,456.0,458.5,445.0,446.0
2021/08/30,451.0,454.5,442.0,454.5
2021/08/31,458.0,459.0,446.0,449.0
2021/09/01,447.0,463.0,447.0,463.0
2021/09/02,461.5,471.5,456.0,456.5
2021/09/03,462.0,463.5,456.0,456.5
2021/09/06,448.0,448.0,430.0,430.0
2021/09/07,437.0,441.5,431.0,431.0
2021/09/08,429.0,438.0,423.0,425.5
2021/09/09,423.5,437.5,423.5,433.5
2021/09/10,436.5,454.5,435.0,454.0
2021/09/13,449.0,453.0,443.0,444.0
2021/09/14,440.5,449.0,438.5,440.0
2021/09/15,438.5,444.5,430.5,431.0
2021/09/16,434.0,440.5,425.5,429.0
2021/09/17,432.5,437.0,427.0,428.5
2021/09/22,415.0,422.0,411.0,422.0
2021/09/23,429.0,436.0,426.0,426.5
2021/09/24,434.0,434.0,426.0,426.0
2021/09/27,426.5,436.0,422.0,434.5
2021/09/28,431.5,432.5,424.0,424.0
2021/09/29,415.0,419.0,406.5,406.5
2021/09/30,407.0,412.5,398.0,410.0
2021/10/01,405.0,412.5,401.0,404.5
2021/10/04,406.0,411.0,398.0,399.5
2021/10/05,390.0,399.0,384.0,397.5
2021/10/06,402.5,404.5,389.5,391.0
2021/10/07,399.0,407.0,396.0,396.0
2021/10/08,398.5,402.0,389.0,389.0
2021/10/12,384.0,388.0,372.0,372.0
2021/10/13,377.0,379.5,369.0,371.5
2021/10/14,376.5,377.0,364.0,372.0
2021/10/15,381.0,391.0,379.0,390.5
2021/10/18,388.5,395.0,385.5,387.0
2021/10/19,389.0,403.0,389.0,401.0
2021/10/20,404.5,406.0,397.0,399.0
2021/10/21,395.0,414.0,393.5,395.5
2021/10/22,396.0,405.0,391.0,405.0
2021/10/25,403.0,406.5,397.5,400.0
2021/10/26,404.0,413.5,403.5,409.0
2021/10/27,409.0,411.5,405.5,408.5
2021/10/28,409.0,423.5,408.5,410.5
2021/10/29,415.0,422.0,411.0,415.5
2021/11/01,427.0,429.5,417.0,418.5
2021/11/02,419.5,421.0,405.5,405.5
2021/11/03,407.5,415.5,407.0,413.5
2021/11/04,417.5,420.0,407.5,407.5
2021/11/05,418.0,448.0,413.0,448.0
2021/11/08,452.5,467.5,448.5,456.5
2021/11/09,450.0,462.0,450.0,461.0
2021/11/10,459.0,461.0,450.0,452.0
2021/11/11,446.0,448.0,437.0,443.0
2021/11/12,447.5,459.5,442.0,451.5
2021/11/15,459.0,477.0,458.5,470.0
2021/11/16,470.0,477.5,465.0,470.0
2021/11/17,480.0,498.5,479.0,490.5
2021/11/18,494.0,504.0,488.5,493.5
2021/11/19,500.0,502.0,482.0,483.0
2021/11/22,484.5,495.0,482.5,489.5
2021/11/23,484.0,489.5,475.0,485.5
2021/11/24,482.0,490.5,478.5,480.5
2021/11/25,482.0,482.5,472.0,473.0
2021/11/26,470.5,475.5,461.5,462.5
2021/11/29,456.0,473.0,456.0,470.0
2021/11/30,472.0,477.5,465.5,465.5
2021/12/01,465.5,483.0,465.5,482.5
2021/12/02,483.0,493.0,476.0,486.0
2021/12/03,491.5,497.5,488.0,493.0
2021/12/06,500.0,505.0,495.5,505.0
2021/12/07,508.0,515.0,506.0,513.0
2021/12/08,525.0,525.0,515.0,519.0
2021/12/09,521.0,523.0,508.0,512.0
2021/12/10,508.0,515.0,503.0,508.0
2021/12/13,512.0,530.0,512.0,520.0
2021/12/14,516.0,520.0,502.0,502.0
2021/12/15,503.0,514.0,495.5,512.0
2021/12/16,517.0,535.0,516.0,534.0
2021/12/17,525.0,533.0,523.0,531.0
2021/12/20,526.0,528.0,516.0,528.0
2021/12/21,528.0,535.0,521.0,535.0
2021/12/22,535.0,537.0,530.0,532.0
2021/12/23,535.0,539.0,531.0,538.0
2021/12/24,540.0,544.0,530.0,530.0
2021/12/27,531.0,536.0,526.0,531.0
2021/12/28,536.0,539.0,531.0,537.0
2021/12/29,539.0,539.0,532.0,534.0
2021/12/30,534.0,543.0,534.0,539.0
2022/01/03,545.0,546.0,532.0,538.0
2022/01/04,540.0,542.0,528.0,532.0
2022/01/05,529.0,531.0,516.0,520.0
2022/01/06,516.0,523.0,508.0,517.0
2022/01/07,523.0,526.0,505.0,507.0
2022/01/10,505.0,511.0,501.0,510.0
2022/01/11,515.0,519.0,506.0,508.0
2022/01/12,514.0,514.0,501.0,508.0
2022/01/13,508.0,511.0,495.5,498.0
2022/01/14,493.5,497.0,485.0,494.5
2022/01/17,494.5,503.0,492.0,501.0
2022/01/18,505.0,517.0,503.0,510.0
2022/01/19,502.0,509.0,501.0,506.0
2022/01/20,502.0,505.0,497.5,503.0
2022/01/21,498.5,500.0,492.0,494.5
2022/01/24,490.0,490.5,472.0,490.5
2022/01/25,482.5,484.5,472.0,473.0
2022/01/26,475.0,479.0,470.0,471.0
2022/02/07,460.0,472.5,454.0,456.5
2022/02/08,461.5,461.5,452.0,453.0
2022/02/09,458.0,466.0,456.5,462.0
2022/02/10,467.0,471.0,463.5,467.0
2022/02/11,463.5,470.5,457.0,468.0
2022/02/14,466.0,467.0,450.0,454.5
2022/02/15,454.0,458.5,452.0,453.0
2022/02/16,460.5,462.0,453.5,456.0
2022/02/17,456.0,456.5,450.0,450.5
2022/02/18,441.5,448.5,440.5,446.5
2022/02/21,443.0,454.5,441.5,453.5
2022/02/22,450.0,453.0,447.0,452.0
2022/02/23,457.5,469.0,456.5,463.5
2022/02/24,457.5,465.0,454.0,456.0
2022/02/25,464.0,466.0,456.0,456.5
2022/03/01,469.0,481.0,463.5,481.0
2022/03/02,473.0,480.0,471.0,477.0
2022/03/03,482.5,485.5,475.0,480.0
2022/03/04,475.0,480.0,473.5,474.0
2022/03/07,468.0,468.0,452.0,456.5
2022/03/08,450.0,462.0,448.5,452.5
2022/03/09,456.0,459.0,452.0,452.5
2022/03/10,462.0,468.0,459.0,468.0
2022/03/11,461.0,472.0,460.0,466.5
2022/03/14,469.5,472.5,460.5,463.0
2022/03/15,465.0,465.5,450.0,451.5
2022/03/16,457.0,457.5,445.0,452.5
2022/03/17,462.5,469.0,461.5,467.0
2022/03/18,468.0,468.5,454.0,456.5
2022/03/21,454.5,458.0,448.5,450.5
2022/03/22,445.0,446.0,431.5,434.5
2022/03/23,442.5,445.0,436.5,445.0
2022/03/24,440.0,442.0,432.0,434.5
2022/03/25,436.5,442.0,435.5,435.5
2022/03/28,430.5,430.5,420.0,425.0
2022/03/29,424.0,427.0,419.0,420.5
2022/03/30,430.5,430.5,422.0,424.5
2022/03/31,425.0,430.0,422.5,426.5
2022/04/01,425.0,427.5,420.5,427.5
2022/04/06,421.5,422.0,415.0,415.0
2022/04/07,407.5,412.5,400.0,400.0
2022/04/08,403.5,406.5,400.0,403.0
2022/04/11,404.0,406.5,390.0,390.5
2022/04/12,386.0,400.0,383.5,398.0
2022/04/13,401.0,410.0,397.5,410.0
2022/04/14,417.0,417.0,409.0,414.0
2022/04/15,408.5,408.5,399.5,400.0
2022/04/18,397.5,407.0,393.0,405.5
2022/04/19,410.5,411.5,402.0,402.0
2022/04/20,403.5,407.0,402.0,405.5
2022/04/21,401.0,403.0,396.5,401.5
2022/04/22,391.0,396.0,386.5,387.0
2022/04/25,378.5,380.5,372.5,374.5
2022/04/26,379.0,379.0,374.0,376.0
2022/04/27,360.0,367.0,350.5,363.5
2022/04/28,365.0,384.0,364.5,382.5
2022/04/29,417.5,417.5,397.0,398.5
2022/05/03,402.0,405.0,399.0,403.5
2022/05/04,402.0,402.5,390.0,395.0
2022/05/05,399.0,401.0,396.0,401.0
2022/05/06,390.5,394.5,388.0,391.0
2022/05/09,382.0,384.5,377.5,378.0
2022/05/10,373.5,392.5,372.0,390.5
2022/05/11,386.0,393.5,384.0,391.5
2022/05/12,387.0,394.0,385.5,388.5
2022/05/13,393.0,399.0,391.0,399.0
2022/05/16,408.0,408.0,391.5,391.5
2022/05/17,392.5,398.0,390.5,394.5
2022/05/18,397.0,399.5,395.0,395.0
2022/05/19,387.0,402.5,386.5,402.5
2022/05/20,405.5,406.0,401.0,401.5
2022/05/23,399.5,401.5,390.5,393.0
2022/05/24,394.0,395.0,384.0,384.5
2022/05/25,384.5,391.5,382.5,389.0
2022/05/26,391.5,395.0,386.0,387.5
2022/05/27,395.0,400.0,393.0,400.0
2022/05/30,405.5,405.5,401.0,404.0
2022/05/31,402.5,408.5,400.5,406.0
2022/06/01,406.0,417.5,404.0,410.0
2022/06/02,405.5,406.0,399.5,401.0
2022/06/06,404.5,407.0,397.5,406.5
2022/06/07,402.0,404.0,400.0,401.0
2022/06/08,403.5,407.5,402.5,405.0
2022/06/09,401.5,403.5,398.0,398.5
2022/06/10,396.0,396.5,392.0,393.0
2022/06/13,382.0,383.5,378.0,379.5
2022/06/14,375.5,379.0,370.0,379.0
2022/06/15,376.0,380.0,372.0,372.5
2022/06/16,378.0,381.0,366.0,366.5
2022/06/17,356.5,360.0,351.0,352.0
2022/06/20,352.5,353.5,338.5,341.5
2022/06/21,342.0,346.0,337.5,346.0
2022/06/22,340.5,341.0,317.5,321.0
2022/06/23,323.5,328.0,318.0,326.0
2022/06/24,325.0,328.0,319.0,325.0
2022/06/27,326.5,335.0,326.0,330.0
2022/06/28,326.0,327.0,314.0,315.0
2022/06/29,301.0,317.5,301.0,310.0
2022/06/30,305.0,307.5,301.0,302.0
2022/07/01,300.0,307.0,288.0,288.5
2022/07/04,294.0,297.0,285.5,296.0
2022/07/05,302.0,302.5,287.0,292.0
2022/07/06,291.5,294.0,278.0,278.0
2022/07/07,272.5,283.0,270.5,279.5
2022/07/08,285.5,302.0,284.5,300.0
2022/07/11,300.5,302.5,297.0,300.5
2022/07/12,243.5,244.0,234.5,234.5
2022/07/13,247.0,247.5,238.0,238.5
2022/07/14,235.0,241.5,230.5,241.0
2022/07/15,239.0,250.5,236.0,245.0
2022/07/18,245.0,251.0,244.5,249.0
2022/07/19,246.5,251.5,245.5,250.5
2022/07/20,257.0,260.0,256.0,258.0
2022/07/21,260.0,269.5,259.0,269.5
2022/07/22,271.0,271.5,263.0,266.0
2022/07/25,262.5,264.0,260.5,262.0
2022/07/26,260.5,265.0,257.0,261.5
2022/07/27,259.0,265.0,257.0,264.5
2022/07/28,268.0,270.5,260.5,262.5
2022/07/29,264.0,266.5,260.0,265.0
2022/08/01,261.5,264.0,257.5,262.0
2022/08/02,254.0,255.5,247.0,250.5
2022/08/03,249.0,251.0,246.0,249.5
2022/08/04,250.5,251.0,242.0,247.0
2022/08/05,248.0,251.5,247.0,247.5
2022/08/08,243.0,257.0,242.5,256.5
2022/08/09,256.5,262.5,253.5,260.0
2022/08/10,256.0,256.0,245.0,245.5
2022/08/11,251.0,261.0,250.5,257.5
2022/08/12,258.0,263.5,255.0,261.5
2022/08/15,264.0,267.5,260.5,267.5
2022/08/16,268.5,269.0,261.0,262.0
2022/08/17,262.5,266.5,260.5,265.0
2022/08/18,262.0,269.0,260.5,267.0
2022/08/19,266.5,273.5,266.0,270.0
2022/08/22,267.5,272.0,265.0,266.0
2022/08/23,263.5,266.0,261.0,261.0
2022/08/24,262.0,263.5,260.0,260.0
2022/08/25,262.0,269.5,262.0,269.5
2022/08/26,271.0,273.5,265.0,265.0
2022/08/29,256.5,262.0,255.0,259.0
2022/08/30,259.5,261.5,257.5,258.5
2022/08/31,256.5,263.5,254.5,263.5
2022/09/01,260.0,262.5,257.0,258.5
2022/09/02,258.5,264.0,258.0,258.5
2022/09/05,257.5,259.5,247.0,252.5
2022/09/06,252.0,255.0,250.0,251.5
2022/09/07,246.5,256.0,243.5,254.5
2022/09/08,254.5,260.0,247.0,259.0
2022/09/12,261.0,267.5,261.0,266.5
2022/09/13,266.0,269.0,262.0,263.0
2022/09/14,255.5,258.5,255.0,258.0
2022/09/15,257.5,264.5,257.0,260.5
2022/09/16,258.0,259.0,253.0,253.0
2022/09/19,252.0,255.5,248.5,249.5
2022/09/20,250.5,253.0,243.5,243.5
2022/09/21,243.0,247.0,242.0,243.5
2022/09/22,238.5,244.5,233.0,239.5
2022/09/23,236.0,241.5,235.0,235.5
2022/09/26,231.0,233.0,220.5,222.5
2022/09/27,224.5,227.0,221.5,223.5
2022/09/28,223.5,224.0,214.0,214.5
2022/09/29,218.0,219.5,212.0,213.5
2022/09/30,208.0,219.5,208.0,219.0
2022/10/03,215.5,220.5,213.5,217.5
2022/10/04,224.0,230.5,224.0,228.0
2022/10/05,232.5,241.5,231.5,238.5
2022/10/06,240.5,242.5,236.0,240.5
2022/10/07,238.5,241.0,235.0,238.5
2022/10/11,231.5,238.0,226.0,236.5
2022/10/12,234.5,241.0,231.5,237.0
2022/10/13,235.0,242.5,232.0,233.0
2022/10/14,240.0,245.5,239.5,242.5
2022/10/17,239.5,249.0,237.0,249.0
2022/10/18,252.5,252.5,241.5,243.0
2022/10/19,244.5,248.0,243.5,244.0
2022/10/20,239.5,245.5,239.5,245.5
2022/10/21,245.5,249.0,244.0,246.0
2022/10/24,251.0,253.0,245.5,246.0
2022/10/25,246.0,248.0,235.5,235.5
2022/10/26,235.5,240.0,234.0,235.0
2022/10/27,237.0,242.0,236.5,241.0
2022/10/28,239.0,239.5,228.0,237.0
2022/10/31,237.5,243.0,235.5,241.0
2022/11/01,242.5,246.0,240.5,243.5
2022/11/02,243.5,247.5,241.0,246.0
2022/11/03,240.5,246.0,239.0,245.0
2022/11/04,244.0,248.0,242.0,247.5
2022/11/07,251.0,257.5,248.5,255.5
2022/11/08,257.5,268.0,257.0,259.5
2022/11/09,277.5,285.0,275.0,285.0
2022/11/10,285.5,293.5,283.5,290.0
2022/11/11,310.0,312.5,297.0,298.0
2022/11/14,301.0,301.5,293.5,298.0
2022/11/15,296.0,301.5,294.0,301.0
2022/11/16,303.0,308.5,297.0,307.0
2022/11/17,321.0,321.5,301.0,307.0
2022/11/18,308.0,314.0,299.0,301.5
2022/11/21,302.0,303.5,295.5,298.0
2022/11/22,296.0,297.0,290.0,295.0
2022/11/23,297.0,297.5,291.0,291.0
2022/11/24,295.0,302.5,293.0,302.0
2022/11/25,302.0,302.5,294.0,294.5
2022/11/28,291.0,295.5,290.0,291.5
2022/11/29,290.5,294.0,288.5,293.0
2022/11/30,291.5,298.5,290.0,298.5
2022/12/01,300.5,302.5,297.0,297.0
2022/12/02,294.5,299.0,293.5,299.0
2022/12/05,295.0,302.0,294.0,300.5
2022/12/06,296.0,298.5,292.5,298.5
2022/12/07,296.0,305.0,296.0,305.0
2022/12/08,303.5,303.5,295.0,297.5
2022/12/09,299.0,302.5,298.0,299.0
2022/12/12,299.0,299.0,292.0,296.5
2022/12/13,296.0,299.0,295.0,295.5
2022/12/14,297.0,307.0,296.5,307.0
2022/12/15,305.0,308.5,303.0,308.5
2022/12/16,302.5,314.5,301.0,314.5
2022/12/19,310.0,311.5,301.5,309.0
2022/12/20,306.0,312.0,300.0,300.0
2022/12/21,300.0,304.0,296.5,298.0
2022/12/22,298.5,305.0,297.0,302.0
2022/12/23,299.0,303.5,297.0,301.5
2022/12/26,303.5,307.5,300.5,306.5
2022/12/27,311.5,329.0,311.5,319.0
2022/12/28,315.0,316.5,307.0,309.0
2022/12/29,306.0,317.5,302.0,317.5
2022/12/30,321.0,324.0,315.0,315.5
2023/01/03,313.0,334.5,312.5,334.5
2023/01/04,330.5,338.0,328.0,335.5
2023/01/05,340.0,344.5,336.5,339.0
2023/01/06,342.0,352.0,339.0,352.0
2023/01/09,357.0,357.5,343.0,348.5
2023/01/10,347.0,353.5,340.0,347.0
2023/01/11,349.5,351.0,346.0,350.5
2023/01/12,347.0,350.0,342.0,344.5
2023/01/13,346.0,348.0,342.5,346.0
2023/01/16,350.0,351.0,343.0,345.0
2023/01/17,347.0,348.0,344.0,348.0
2023/01/30,356.5,357.5,349.0,351.0
2023/01/31,353.0,364.5,351.0,355.0
2023/02/01,355.0,362.0,352.0,353.5
2023/02/02,357.0,363.5,356.0,361.0
2023/02/03,361.5,363.5,357.0,363.0
2023/02/06,360.5,364.5,356.0,356.0
2023/02/07,360.0,366.5,358.0,364.0
2023/02/08,374.5,398.0,373.5,390.0
2023/02/09,383.0,392.5,381.5,381.5
2023/02/10,380.5,385.0,376.0,383.5
2023/02/13,383.0,386.5,378.5,380.5
2023/02/14,386.0,398.5,384.5,398.5
2023/02/15,395.5,404.5,392.0,398.0
2023/02/16,398.0,402.5,394.0,402.0
2023/02/17,408.0,408.0,400.5,404.5
2023/02/20,406.0,415.0,405.0,407.5
2023/02/21,411.5,425.0,410.5,425.0
2023/02/22,421.0,422.0,406.0,409.0
2023/02/23,410.5,416.5,409.0,409.0
2023/02/24,414.5,420.0,401.5,407.5
2023/03/01,407.0,419.0,402.0,415.5
2023/03/02,415.0,415.0,406.5,409.5
2023/03/03,413.5,414.5,407.0,410.5
2023/03/06,415.5,426.0,415.5,422.0
2023/03/07,422.5,430.5,419.5,430.5
2023/03/08,424.0,431.0,422.5,429.5
2023/03/09,431.0,433.0,426.5,428.0
2023/03/10,424.0,430.0,421.0,424.0
2023/03/13,420.5,428.0,417.5,428.0
2023/03/14,423.0,426.0,419.0,420.0
2023/03/15,424.0,435.0,417.0,418.0
2023/03/16,408.0,419.0,408.0,417.5
2023/03/17,422.0,434.5,421.0,434.5
2023/03/20,434.5,436.0,428.5,430.0
2023/03/21,433.0,434.0,428.5,429.0
2023/03/22,433.5,435.0,429.5,430.5
2023/03/23,434.5,435.0,429.5,433.0
2023/03/24,434.0,437.0,433.0,436.5
2023/03/27,437.0,437.5,430.5,430.5
2023/03/28,434.0,434.5,423.0,425.5
2023/03/29,426.0,428.5,409.0,414.0
2023/03/30,416.5,419.5,411.0,415.0
2023/03/31,422.0,432.0,420.0,431.5
2023/04/06,433.5,441.0,432.0,435.5
2023/04/07,435.5,442.0,435.5,439.0
2023/04/10,444.0,452.0,443.0,447.5
2023/04/11,453.0,464.0,452.0,463.5
2023/04/12,463.5,464.0,454.0,455.5
2023/04/13,456.0,458.0,449.0,450.0
2023/04/14,455.0,461.0,449.5,459.0
2023/04/17,457.0,460.5,453.0,458.0
2023/04/18,458.0,458.0,450.0,451.0
2023/04/19,451.0,455.0,448.0,450.0
2023/04/20,449.0,452.0,443.5,445.0
2023/04/21,445.0,450.0,436.0,436.0
2023/04/24,433.0,443.0,432.0,438.5
2023/04/25,436.0,437.0,409.0,409.0
2023/04/26,405.0,413.0,397.5,412.0
2023/04/27,410.0,418.0,402.5,410.5
2023/04/28,414.0,421.5,414.0,418.5
2023/05/02,425.0,429.0,421.0,425.5
2023/05/03,422.5,427.0,418.5,426.5
2023/05/04,423.0,426.5,420.0,423.0
2023/05/05,424.5,428.0,423.0,428.0
2023/05/08,434.0,435.0,428.5,429.0
2023/05/09,429.0,429.5,412.5,417.0
2023/05/10,430.0,444.0,423.5,424.0
2023/05/11,423.0,427.0,415.0,415.5
2023/05/12,413.0,414.5,407.0,411.0
2023/05/15,407.5,408.0,396.0,400.5
2023/05/16,405.0,410.0,403.5,406.0
2023/05/17,404.0,406.0,396.0,400.5
2023/05/18,406.0,409.5,403.5,407.5
2023/05/19,411.0,413.0,404.0,407.0
2023/05/22,408.5,414.0,404.0,408.0
2023/05/23,408.0,410.0,405.0,409.0
2023/05/24,406.5,408.0,400.0,407.5
2023/05/25,415.0,419.0,411.5,414.0
2023/05/26,416.0,421.0,416.0,416.5
2023/05/29,420.5,425.0,418.5,423.5
2023/05/30,424.5,425.0,416.0,423.5
2023/05/31,420.5,428.0,420.5,425.5
2023/06/01,422.0,426.0,418.0,424.0
2023/06/02,427.0,431.5,426.0,431.0
2023/06/05,433.0,442.0,431.0,438.0
2023/06/06,439.5,444.5,436.0,444.5
2023/06/07,450.0,456.5,448.0,456.0
2023/06/08,453.5,456.5,448.0,455.5
2023/06/09,462.0,467.5,460.0,463.0
2023/06/12,469.0,469.0,455.0,455.0
2023/06/13,463.0,467.0,458.5,466.5
2023/06/14,461.0,464.5,459.5,460.5
2023/06/15,457.0,457.5,448.0,450.0
2023/06/16,453.0,461.5,451.0,458.0
2023/06/19,457.0,461.0,450.5,455.0
2023/06/20,456.0,457.0,449.0,449.0
2023/06/21,445.0,451.5,441.0,450.0
2023/06/26,445.0,454.5,443.0,450.0
2023/06/27,449.0,456.5,447.0,452.0
2023/06/28,455.5,460.5,450.5,459.0
2023/06/29,463.0,466.0,454.5,456.0
2023/06/30,442.5,443.0,424.5,426.5
2023/07/03,425.0,427.0,419.0,425.0
2023/07/04,430.0,441.5,428.5,440.5
2023/07/05,442.5,445.0,436.0,438.5
2023/07/06,437.5,438.5,431.0,435.5
2023/07/07,431.5,438.0,428.5,435.5
2023/07/10,439.0,439.5,430.5,430.5
2023/07/11,394.5,404.0,394.5,397.0
2023/07/12,398.0,398.5,391.0,394.5
2023/07/13,395.0,402.5,395.0,399.0
2023/07/14,404.0,413.5,401.5,409.0
2023/07/17,409.0,412.0,404.0,406.0
2023/07/18,409.5,415.5,407.0,410.0
2023/07/19,408.0,415.0,404.5,404.5
2023/07/20,406.5,411.5,403.0,409.5
2023/07/21,407.5,409.0,401.5,408.0
2023/07/24,405.5,411.0,403.5,405.5
2023/07/25,409.5,413.0,407.0,408.0
2023/07/26,410.5,414.5,406.0,406.5
2023/07/27,406.5,415.0,404.5,415.0
2023/07/28,413.0,417.0,411.0,416.5
2023/07/31,425.0,439.0,422.5,424.0
2023/08/01,432.0,439.5,428.5,437.0
2023/08/02,434.0,440.5,428.5,432.0
2023/08/04,430.0,431.0,425.0,425.0
2023/08/07,426.5,429.0,421.0,427.5
2023/08/08,428.0,429.0,413.0,417.5
2023/08/09,406.0,408.0,391.0,397.0
2023/08/10,395.0,399.0,392.5,393.5
2023/08/11,394.0,400.0,392.0,395.0
2023/08/14,393.0,394.0,388.0,390.5
2023/08/15,392.5,393.0,389.5,390.0
2023/08/16,388.0,391.0,385.0,389.5
2023/08/17,386.0,390.0,382.5,388.5
2023/08/18,385.0,392.0,385.0,386.0
2023/08/21,384.0,386.0,380.0,381.5
2023/08/22,383.5,387.5,380.5,382.5
2023/08/23,382.0,386.0,381.0,385.0
2023/08/24,387.0,392.5,386.0,390.0
2023/08/25,389.0,394.0,388.5,392.5
2023/08/28,394.0,397.5,391.5,393.5
2023/08/29,398.0,398.5,393.0,395.5
2023/08/30,398.0,399.0,395.5,397.0
2023/08/31,397.0,404.0,396.5,399.5
2023/09/01,400.5,404.5,400.5,403.0
2023/09/04,405.0,412.0,399.0,410.5
2023/09/05,408.0,423.0,406.0,422.0
2023/09/06,423.5,427.0,420.0,425.0
2023/09/07,423.5,430.5,423.5,427.0
2023/09/08,424.5,428.0,418.5,427.5
2023/09/11,427.5,433.0,427.0,428.5
2023/09/12,431.5,434.0,422.5,434.0
2023/09/13,432.0,439.0,432.0,438.5
2023/09/14,440.0,450.0,438.0,449.5
2023/09/15,451.0,464.0,451.0,464.0
2023/09/18,455.0,461.5,446.5,447.5
2023/09/19,450.0,451.5,435.5,445.5
2023/09/20,439.0,442.5,431.0,431.5
2023/09/21,424.5,433.5,422.0,433.0
2023/09/22,429.0,437.5,429.0,437.5
2023/09/25,435.0,444.5,434.5,440.0
2023/09/26,437.0,438.0,426.0,427.0
2023/09/27,424.5,429.5,422.5,429.5
2023/09/28,427.5,427.5,420.5,423.0
2023/10/02,424.5,429.0,420.0,428.0
2023/10/03,428.0,438.0,426.5,431.0
2023/10/04,427.5,434.0,423.0,431.5
2023/10/05,433.5,441.5,431.0,440.5
2023/10/06,438.5,440.0,431.0,431.5
2023/10/11,433.0,440.5,433.0,437.0
2023/10/12,439.5,439.5,429.0,432.0
2023/10/13,433.0,438.0,431.5,436.5
2023/10/16,434.0,434.0,427.5,431.5
2023/10/17,433.5,437.5,427.0,430.0
2023/10/18,430.5,439.5,429.5,436.0
2023/10/19,432.5,440.0,430.5,438.5
2023/10/20,439.5,443.0,433.5,440.0
2023/10/23,440.0,444.0,429.0,430.5
2023/10/24,430.0,433.0,425.5,429.5
2023/10/25,431.5,440.5,431.5,435.5
2023/10/26,432.5,433.0,426.0,429.5
2023/10/27,431.5,432.5,429.0,432.0
2023/10/30,437.5,459.0,437.0,452.0
2023/10/31,453.5,459.0,449.5,454.5
2023/11/01,457.0,470.5,455.0,470.0
2023/11/02,476.0,485.0,471.0,485.0
2023/11/03,486.0,487.0,478.0,478.0
2023/11/06,485.5,499.5,481.0,496.0
2023/11/07,493.5,504.0,491.5,499.0
2023/11/08,471.0,481.5,466.5,477.5
2023/11/09,479.0,491.0,478.0,483.0
2023/11/10,480.0,486.5,477.0,481.5
2023/11/13,486.0,492.5,483.5,487.5
2023/11/14,490.0,492.0,486.5,489.0
2023/11/15,493.5,498.0,491.0,491.5
2023/11/16,495.0,495.5,479.0,485.0
2023/11/17,483.5,495.0,483.5,495.0
2023/11/20,497.5,502.0,487.5,491.5
2023/11/21,497.0,497.0,490.5,492.5
2023/11/22,492.5,499.0,489.0,499.0
2023/11/23,500.0,501.0,494.0,496.0
2023/11/24,497.0,502.0,495.5,500.0
2023/11/27,502.0,517.0,501.0,503.0
2023/11/28,504.0,507.0,496.5,502.0
2023/11/29,502.0,514.0,502.0,512.0
2023/11/30,512.0,513.0,505.0,511.0
2023/12/01,506.0,515.0,506.0,510.0
2023/12/04,510.0,518.0,506.0,514.0
2023/12/05,510.0,510.0,501.0,503.0
2023/12/06,503.0,513.0,503.0,511.0
2023/12/07,507.0,512.0,505.0,509.0
2023/12/08,511.0,512.0,507.0,508.0
2023/12/11,508.0,511.0,504.0,510.0
2023/12/12,510.0,516.0,508.0,514.0
2023/12/13,513.0,517.0,511.0,517.0
2023/12/14,517.0,518.0,508.0,516.0
2023/12/15,518.0,522.0,512.0,515.0
2023/12/18,515.0,522.0,511.0,519.0
2023/12/19,518.0,521.0,508.0,510.0
2023/12/20,513.0,515.0,508.0,514.0
2023/12/21,508.0,508.0,491.5,494.5
2023/12/22,497.0,506.0,497.0,506.0
2023/12/25,506.0,508.0,499.5,504.0
2023/12/26,506.0,510.0,505.0,510.0
2023/12/27,512.0,516.0,507.0,511.0
2023/12/28,512.0,513.0,507.0,510.0
2023/12/29,513.0,517.0,508.0,517.0
2024/01/02,518.0,521.0,506.0,510.0
2024/01/03,505.0,507.0,498.0,499.5
2024/01/04,498.5,502.0,492.0,495.0
2024/01/05,491.5,494.0,488.5,490.0
2024/01/08,497.5,504.0,496.5,500.0
2024/01/09,505.0,505.0,498.0,500.0
2024/01/10,500.0,502.0,495.5,502.0
2024/01/11,506.0,507.0,500.0,502.0
2024/01/12,501.0,512.0,500.0,510.0
2024/01/15,524.0,538.0,524.0,534.0
2024/01/16,535.0,536.0,528.0,533.0
2024/01/17,521.0,522.0,508.0,511.0
2024/01/18,510.0,513.0,505.0,513.0
2024/01/19,516.0,517.0,509.0,515.0
2024/01/22,514.0,519.0,513.0,518.0
2024/01/23,517.0,526.0,516.0,523.0
2024/01/24,523.0,526.0,522.0,526.0
2024/01/25,523.0,528.0,523.0,528.0
2024/01/26,525.0,525.0,514.0,520.0
2024/01/29,516.0,521.0,513.0,520.0
2024/01/30,520.0,520.0,508.0,508.0
2024/01/31,508.0,512.0,504.0,511.0
2024/02/01,509.0,517.0,508.0,515.0
2024/02/02,515.0,516.0,511.0,515.0
2024/02/05,505.0,506.0,492.0,506.0
2024/02/15,506.0,512.0,496.5,506.0
2024/02/16,508.0,516.0,504.0,514.0
2024/02/19,516.0,558.0,515.0,550.0
2024/02/20,588.0,605.0,580.0,587.0
2024/02/21,575.0,579.0,564.0,569.0
2024/02/22,573.0,587.0,567.0,584.0
2024/02/23,589.0,595.0,580.0,580.0
2024/02/26,579.0,590.0,577.0,584.0
2024/02/27,586.0,611.0,586.0,605.0
2024/02/29,594.0,607.0,589.0,601.0
2024/03/01,600.0,616.0,599.0,599.0
2024/03/04,602.0,605.0,589.0,592.0
2024/03/05,590.0,595.0,586.0,593.0
2024/03/06,588.0,596.0,582.0,594.0
2024/03/07,590.0,603.0,589.0,598.0
2024/03/08,611.0,624.0,588.0,592.0
2024/03/11,585.0,589.0,578.0,582.0
2024/03/12,582.0,594.0,582.0,594.0
2024/03/13,592.0,599.0,578.0,584.0
2024/03/14,580.0,582.0,568.0,576.0
2024/03/15,571.0,578.0,569.0,570.0
2024/03/18,609.0,609.0,587.0,605.0
2024/03/19,596.0,603.0,590.0,596.0
2024/03/20,600.0,615.0,594.0,595.0
2024/03/21,601.0,605.0,591.0,596.0
2024/03/22,596.0,598.0,584.0,594.0
2024/03/25,592.0,594.0,584.0,589.0
2024/03/26,590.0,593.0,575.0,583.0
2024/03/27,583.0,594.0,580.0,591.0
2024/03/28,591.0,596.0,586.0,589.0
2024/03/29,590.0,612.0,588.0,604.0
2024/04/01,605.0,605.0,589.0,589.0
2024/04/02,589.0,595.0,589.0,594.0
2024/04/03,588.0,597.0,586.0,596.0
2024/04/08,591.0,601.0,590.0,591.0
2024/04/09,598.0,601.0,590.0,596.0
2024/04/10,596.0,612.0,595.0,606.0
2024/04/11,606.0,615.0,601.0,615.0
2024/04/12,616.0,639.0,615.0,630.0
2024/04/15,629.0,629.0,613.0,618.0
2024/04/16,613.0,614.0,602.0,602.0
2024/04/17,608.0,624.0,606.0,621.0
2024/04/18,616.0,627.0,614.0,615.0
2024/04/19,606.0,607.0,578.0,588.0
2024/04/22,584.0,591.0,573.0,574.0
2024/04/23,582.0,588.0,571.0,583.0
2024/04/24,588.0,605.0,586.0,601.0
2024/04/25,598.0,605.0,595.0,597.0
2024/04/26,598.0,614.0,598.0,603.0
2024/04/29,609.0,625.0,608.0,625.0
2024/04/30,619.0,625.0,615.0,618.0
2024/05/02,610.0,623.0,606.0,616.0
2024/05/03,623.0,635.0,619.0,634.0
2024/05/06,640.0,642.0,633.0,635.0
2024/05/07,640.0,646.0,633.0,640.0
2024/05/08,593.0,611.0,591.0,605.0
2024/05/09,598.0,600.0,585.0,592.0
2024/05/10,593.0,597.0,587.0,588.0
2024/05/13,589.0,592.0,579.0,587.0
2024/05/14,587.0,591.0,578.0,583.0
2024/05/15,583.0,588.0,579.0,579.0
2024/05/16,585.0,592.0,582.0,591.0
2024/05/17,591.0,603.0,588.0,603.0
2024/05/20,605.0,612.0,602.0,612.0
2024/05/21,610.0,611.0,602.0,606.0
2024/05/22,612.0,614.0,601.0,614.0
2024/05/23,610.0,624.0,608.0,624.0
2024/05/24,605.0,619.0,605.0,610.0
2024/05/27,612.0,632.0,607.0,607.0
2024/05/28,621.0,630.0,608.0,623.0
2024/05/29,623.0,629.0,611.0,611.0
2024/05/30,608.0,613.0,604.0,605.0
2024/05/31,601.0,610.0,593.0,593.0
2024/06/03,596.0,603.0,592.0,598.0
2024/06/04,594.0,604.0,592.0,595.0
2024/06/05,596.0,608.0,595.0,605.0
2024/06/06,606.0,611.0,597.0,606.0
2024/06/07,606.0,606.0,600.0,606.0
2024/06/11,598.0,602.0,595.0,595.0
2024/06/12,595.0,610.0,595.0,607.0
2024/06/13,614.0,617.0,607.0,608.0
2024/06/14,611.0,615.0,608.0,614.0
2024/06/17,615.0,622.0,614.0,622.0
2024/06/18,628.0,630.0,613.0,617.0
2024/06/19,622.0,630.0,618.0,629.0
2024/06/20,626.0,627.0,615.0,619.0
2024/06/21,614.0,618.0,611.0,618.0
2024/06/24,614.0,617.0,605.0,617.0
2024/06/25,617.0,617.0,600.0,604.0
2024/06/26,600.0,613.0,595.0,613.0
2024/06/27,606.0,608.0,602.0,606.0
2024/06/28,606.0,611.0,604.0,606.0
2024/07/01,608.0,620.0,608.0,620.0
2024/07/02,617.0,628.0,612.0,624.0
2024/07/03,620.0,620.0,609.0,619.0
2024/07/04,616.0,620.0,610.0,620.0
2024/07/05,620.0,622.0,616.0,618.0
2024/07/08,616.0,620.0,610.0,612.0
2024/07/09,612.0,616.0,602.0,604.0
2024/07/10,569.0,578.0,568.0,570.0
2024/07/11,575.0,584.0,572.0,579.0
2024/07/12,575.0,575.0,566.0,567.0
2024/07/15,570.0,571.0,561.0,563.0
2024/07/16,564.0,564.0,555.0,558.0
2024/07/17,559.0,562.0,552.0,554.0
2024/07/18,549.0,554.0,540.0,554.0
2024/07/19,552.0,553.0,543.0,543.0
2024/07/22,543.0,547.0,524.0,524.0
2024/07/23,550.0,550.0,533.0,541.0
2024/07/26,525.0,548.0,524.0,544.0
2024/07/29,551.0,555.0,529.0,530.0
2024/07/30,526.0,532.0,520.0,531.0
2024/07/31,520.0,529.0,516.0,523.0
2024/08/01,530.0,540.0,523.0,536.0
2024/08/02,524.0,526.0,516.0,521.0
2024/08/05,505.0,511.0,481.5,490.0
2024/08/06,506.0,509.0,487.0,499.5
2024/08/07,485.0,498.0,480.5,495.5
2024/08/08,485.0,499.5,485.0,495.5
2024/08/09,502.0,516.0,501.0,506.0
2024/08/12,512.0,529.0,510.0,525.0
2024/08/13,521.0,531.0,521.0,525.0
2024/08/14,531.0,531.0,524.0,529.0
2024/08/15,534.0,534.0,525.0,527.0
2024/08/16,536.0,536.0,527.0,533.0
2024/08/19,535.0,548.0,532.0,547.0
2024/08/20,550.0,554.0,546.0,552.0
2024/08/21,547.0,549.0,540.0,545.0
2024/08/22,545.0,552.0,543.0,549.0
2024/08/23,544.0,547.0,539.0,547.0
2024/08/26,548.0,552.0,545.0,549.0
2024/08/27,545.0,547.0,539.0,547.0
2024/08/28,547.0,548.0,539.0,541.0
2024/08/29,537.0,553.0,537.0,551.0
2024/08/30,550.0,554.0,540.0,540.0
2024/09/02,540.0,543.0,535.0,540.0
2024/09/03,539.0,542.0,532.0,532.0
2024/09/04,510.0,529.0,503.0,521.0
2024/09/05,527.0,530.0,517.0,519.0
2024/09/06,518.0,527.0,513.0,526.0
2024/09/09,512.0,524.0,510.0,518.0
2024/09/10,521.0,528.0,518.0,523.0
2024/09/11,523.0,534.0,522.0,534.0
2024/09/12,538.0,540.0,530.0,533.0
2024/09/13,534.0,537.0,529.0,534.0
2024/09/16,533.0,535.0,522.0,532.0
2024/09/18,530.0,530.0,498.0,499.5
2024/09/19,502.0,514.0,501.0,506.0
2024/09/20,512.0,518.0,509.0,509.0
2024/09/23,513.0,524.0,513.0,522.0
2024/09/24,520.0,523.0,517.0,519.0
2024/09/25,524.0,529.0,514.0,514.0
2024/09/26,519.0,528.0,515.0,523.0
2024/09/27,528.0,528.0,510.0,510.0
2024/09/30,515.0,523.0,513.0,518.0
2024/10/01,518.0,523.0,517.0,517.0
2024/10/04,513.0,529.0,513.0,524.0
2024/10/07,523.0,523.0,508.0,510.0
2024/10/08,510.0,513.0,501.0,509.0
2024/10/09,514.0,517.0,510.0,510.0
2024/10/11,511.0,514.0,507.0,511.0
2024/10/14,514.0,519.0,513.0,519.0
2024/10/15,519.0,520.0,513.0,513.0
2024/10/16,510.0,524.0,510.0,521.0
2024/10/17,522.0,527.0,521.0,523.0
2024/10/18,525.0,528.0,520.0,523.0
2024/10/21,528.0,534.0,523.0,533.0
2024/10/22,530.0,530.0,518.0,525.0
2024/10/23,521.0,524.0,518.0,518.0
2024/10/24,515.0,520.0,515.0,517.0
2024/10/25,519.0,521.0,510.0,514.0
2024/10/28,516.0,519.0,513.0,515.0
2024/10/29,511.0,512.0,501.0,504.0
2024/10/30,508.0,511.0,501.0,503.0
2024/11/01,493.5,503.0,490.0,501.0
2024/11/04,501.0,501.0,488.5,492.5
2024/11/05,490.5,492.0,487.0,489.5
2024/11/06,492.0,500.0,491.5,495.5
2024/11/07,486.0,495.0,486.0,495.0
2024/11/08,496.5,497.0,488.0,488.5
2024/11/11,487.0,496.0,484.5,496.0
2024/11/12,486.5,491.0,481.0,481.5
2024/11/13,481.0,493.5,480.5,491.0
2024/11/14,490.0,490.0,478.0,478.5
2024/11/15,479.0,491.0,479.0,484.5
2024/11/18,484.0,499.0,483.5,491.5
2024/11/19,491.5,496.0,485.5,485.5
2024/11/20,485.0,491.0,481.0,481.0
2024/11/21,481.5,490.0,481.5,483.5
2024/11/22,486.0,489.0,480.0,480.0
2024/11/25,486.0,495.5,486.0,491.0
2024/11/26,489.0,494.5,483.5,483.5
2024/11/27,486.0,487.0,478.5,481.5
2024/11/28,482.0,484.0,477.0,483.0
2024/11/29,480.0,489.0,477.0,484.0
2024/12/02,486.0,487.5,484.5,484.5
2024/12/03,486.0,488.0,479.5,479.5
2024/12/04,480.5,487.5,479.0,484.0
2024/12/05,486.0,489.5,482.0,487.5
2024/12/06,485.5,493.5,485.5,488.5
2024/12/09,489.0,492.0,486.0,487.5
2024/12/10,490.0,496.0,488.5,488.5
2024/12/11,488.5,492.5,485.0,485.0
2024/12/12,487.5,488.5,482.0,482.0
2024/12/13,482.0,488.0,478.5,487.5
2024/12/16,487.5,488.0,478.0,478.0
2024/12/17,478.0,489.0,478.0,480.0
2024/12/18,481.0,492.0,481.0,492.0
2024/12/19,483.0,489.5,483.0,485.0
2024/12/20,488.0,497.5,486.5,486.5
2024/12/23,496.0,502.0,494.5,500.0
2024/12/24,503.0,504.0,494.0,494.5
2024/12/25,497.0,499.0,492.5,499.0
2024/12/26,500.0,507.0,499.0,503.0
2024/12/27,502.0,506.0,501.0,502.0
2024/12/30,504.0,504.0,499.0,500.0
2024/12/31,498.0,504.0,497.5,502.0
2025/01/02,501.0,507.0,498.0,505.0
2025/01/03,505.0,505.0,494.5,494.5
2025/01/06,497.5,504.0,496.0,496.0
2025/01/07,499.0,509.0,499.0,503.0
2025/01/08,503.0,510.0,502.0,506.0
2025/01/09,504.0,505.0,493.0,493.0
2025/01/10,490.0,495.5,488.0,488.0
2025/01/13,486.0,488.0,481.0,484.0
2025/01/14,487.0,504.0,485.5,504.0
2025/01/15,504.0,510.0,502.0,507.0
2025/01/16,512.0,512.0,505.0,505.0
2025/01/17,505.0,511.0,501.0,506.0
2025/01/20,502.0,505.0,499.5,500.0
2025/01/21,499.5,523.0,499.5,518.0
2025/01/22,516.0,525.0,515.0,524.0
2025/02/03,521.0,534.0,515.0,534.0
2025/02/04,537.0,547.0,533.0,539.0
2025/02/05,543.0,543.0,531.0,539.0
2025/02/06,544.0,554.0,541.0,547.0
2025/02/07,542.0,548.0,542.0,544.0
2025/02/10,541.0,545.0,533.0,538.0
2025/02/11,539.0,544.0,536.0,538.0
2025/02/12,538.0,549.0,538.0,546.0
2025/02/13,548.0,557.0,540.0,550.0
2025/02/14,553.0,554.0,545.0,545.0
2025/02/17,545.0,549.0,541.0,543.0
2025/02/18,545.0,546.0,538.0,543.0
2025/02/19,545.0,546.0,538.0,542.0
2025/02/20,545.0,545.0,539.0,540.0
2025/02/21,545.0,551.0,541.0,545.0
2025/02/24,541.0,554.0,541.0,552.0
2025/02/25,549.0,555.0,549.0,552.0
2025/02/26,550.0,551.0,543.0,550.0
2025/02/27,553.0,553.0,545.0,545.0
2025/03/03,550.0,550.0,542.0,547.0
2025/03/04,538.0,543.0,534.0,540.0
2025/03/05,542.0,551.0,540.0,545.0
2025/03/06,545.0,547.0,544.0,544.0
2025/03/07,547.0,550.0,544.0,544.0
2025/03/10,548.0,548.0,542.0,542.0
2025/03/11,534.0,545.0,531.0,534.0
2025/03/12,539.0,547.0,539.0,544.0
2025/03/13,546.0,550.0,544.0,544.0
2025/03/14,545.0,545.0,535.0,539.0
2025/03/17,542.0,546.0,540.0,540.0
2025/03/18,544.0,547.0,544.0,545.0
2025/03/19,546.0,559.0,540.0,540.0
2025/03/20,547.0,553.0,542.0,551.0
2025/03/21,551.0,555.0,549.0,554.0
2025/03/24,555.0,558.0,553.0,556.0
2025/03/25,560.0,565.0,553.0,559.0
2025/03/26,560.0,560.0,556.0,558.0
2025/03/27,553.0,561.0,550.0,561.0
2025/03/28,555.0,562.0,552.0,560.0
2025/03/31,551.0,557.0,545.0,545.0
2025/04/01,548.0,559.0,548.0,552.0
2025/04/02,552.0,553.0,530.0,531.0
2025/04/07,478.0,478.0,478.0,478.0
2025/04/08,478.0,484.5,457.0,475.0
2025/04/09,475.0,483.0,458.5,458.5
2025/04/10,504.0,504.0,504.0,504.0
2025/04/11,487.5,510.0,483.0,510.0
2025/04/14,508.0,517.0,501.0,503.0
2025/04/15,508.0,510.0,500.0,500.0
2025/04/16,498.0,498.5,491.0,491.0
2025/04/17,493.0,500.0,485.0,491.0
2025/04/18,491.0,501.0,490.0,499.0
2025/04/21,500.0,505.0,494.0,494.0
2025/04/22,490.0,496.5,478.0,478.0
2025/04/23,488.0,501.0,487.0,488.5
2025/04/24,491.0,496.5,482.0,482.0
2025/04/25,494.0,507.0,493.0,503.0
2025/04/28,503.0,520.0,502.0,513.0
2025/04/29,511.0,518.0,507.0,508.0
2025/04/30,510.0,523.0,510.0,519.0
2025/05/02,519.0,524.0,514.0,515.0
2025/05/05,519.0,526.0,506.0,520.0
2025/05/06,525.0,534.0,522.0,522.0
2025/05/07,522.0,532.0,516.0,519.0
2025/05/08,505.0,515.0,505.0,509.0
2025/05/09,510.0,517.0,510.0,512.0
2025/05/12,520.0,526.0,515.0,525.0
2025/05/13,527.0,539.0,527.0,538.0
2025/05/14,538.0,541.0,532.0,539.0
2025/05/15,543.0,543.0,530.0,530.0
2025/05/16,535.0,535.0,521.0,522.0
2025/05/19,522.0,526.0,515.0,515.0
2025/05/20,519.0,524.0,517.0,519.0
2025/05/21,524.0,526.0,519.0,524.0
2025/05/22,524.0,525.0,516.0,519.0
2025/05/23,523.0,523.0,514.0,515.0
2025/05/26,519.0,524.0,511.0,524.0
2025/05/27,522.0,523.0,513.0,513.0
2025/05/28,524.0,524.0,512.0,517.0
2025/05/29,519.0,520.0,510.0,516.0
2025/06/02,510.0,512.0,491.0,492.5
2025/06/03,499.5,499.5,487.0,495.0
2025/06/04,498.0,499.5,488.0,495.5
2025/06/05,496.0,496.5,490.5,495.5
2025/06/06,496.0,498.0,491.0,498.0
2025/06/09,500.0,501.0,494.0,497.0
2025/06/10,498.5,506.0,496.0,506.0
2025/06/11,508.0,514.0,505.0,514.0
2025/06/12,515.0,515.0,505.0,507.0
2025/06/13,507.0,513.0,504.0,510.0
2025/06/16,508.0,517.0,508.0,517.0
2025/06/17,520.0,524.0,517.0,518.0
2025/06/18,519.0,525.0,514.0,525.0
2025/06/19,522.0,523.0,512.0,512.0
2025/06/20,518.0,523.0,514.0,519.0
2025/06/23,515.0,527.0,514.0,525.0
2025/06/24,532.0,536.0,528.0,528.0
2025/06/25,531.0,539.0,531.0,535.0
2025/06/26,540.0,540.0,531.0,531.0
2025/06/27,528.0,543.0,528.0,539.0
2025/06/30,539.0,550.0,539.0,545.0
2025/07/01,545.0,552.0,536.0,540.0
2025/07/02,535.0,544.0,535.0,539.0
2025/07/03,540.0,548.0,540.0,547.0
2025/07/04,550.0,552.0,540.0,542.0
2025/07/07,540.0,543.0,533.0,541.0
2025/07/08,541.0,541.0,530.0,534.0
2025/07/09,505.0,511.0,500.0,509.0
2025/07/10,503.0,506.0,496.0,496.0
2025/07/11,500.0,502.0,496.0,496.0
2025/07/14,501.0,503.0,493.0,495.0
2025/07/15,494.0,499.0,493.5,498.0
2025/07/16,498.0,505.0,497.5,499.5
2025/07/17,503.0,503.0,495.5,499.5
2025/07/18,503.0,503.0,496.0,496.0
2025/07/21,496.0,500.0,492.5,493.0
2025/07/22,493.5,496.5,490.0,490.5
2025/07/23,494.5,497.0,491.5,497.0
2025/07/24,498.0,498.0,491.5,497.0
2025/07/25,494.5,496.0,491.0,494.0
2025/07/28,493.0,495.0,488.0,488.0
2025/07/29,489.0,491.0,485.0,485.5
2025/07/30,478.0,484.0,472.0,477.5
2025/07/31,475.0,480.5,474.0,475.0
2025/08/01,473.0,478.5,469.0,474.0
2025/08/04,472.5,473.0,470.0,472.0
2025/08/05,473.0,474.5,469.5,472.0
2025/08/06,470.0,470.5,458.0,458.0
2025/08/07,450.0,457.0,445.0,445.0
2025/08/08,445.5,447.0,438.5,440.0
2025/08/11,440.0,440.0,428.5,432.0
2025/08/12,432.0,437.5,432.0,433.0
2025/08/13,436.0,442.0,436.0,439.0
2025/08/14,442.0,442.0,435.0,435.0
2025/08/15,437.0,437.0,429.0,430.0
2025/08/18,430.5,432.0,422.0,424.5
2025/08/19,423.5,430.0,420.5,428.0
2025/08/20,430.5,430.5,423.0,426.0
2025/08/21,426.0,428.5,422.5,425.5
2025/08/22,424.5,425.5,422.5,423.0
2025/08/25,425.0,428.0,424.5,428.0
2025/08/26,428.0,430.5,426.0,430.5
2025/08/27,430.0,436.0,430.0,435.5
2025/08/28,436.0,437.5,434.0,435.0
2025/08/29,436.0,437.0,433.0,435.0
2025/09/01,435.0,436.5,427.0,428.0
2025/09/02,429.0,432.0,429.0,432.0
2025/09/03,435.5,435.5,433.0,433.0
2025/09/04,435.5,439.5,433.5,438.0
2025/09/05,441.5,441.5,437.0,438.5
2025/09/08,438.5,445.0,434.5,437.0
2025/09/09,438.0,438.0,431.0,432.0
2025/09/10,432.0,432.5,424.5,424.5
2025/09/11,425.5,427.0,416.5,416.5
2025/09/12,419.0,422.5,416.5,417.0
2025/09/15,423.0,430.5,421.0,421.5
2025/09/16,422.0,425.0,419.5,422.0
2025/09/17,423.0,427.0,422.0,424.0
2025/09/18,426.0,444.0,426.0,438.5
2025/09/19,468.0,477.5,447.5,448.5
2025/09/22,450.0,450.0,436.5,436.5
2025/09/23,438.5,451.5,436.0,443.0
2025/09/24,443.5,447.5,441.5,441.5
2025/09/25,437.5,445.0,437.5,440.5
2025/09/26,440.0,442.0,433.0,434.5
2025/09/30,437.5,438.5,424.5,426.5
2025/10/01,428.5,429.0,416.0,416.0
2025/10/02,420.0,423.0,418.0,418.0
2025/10/03,420.0,421.5,417.5,418.5
2025/10/07,419.0,426.0,418.0,425.0
2025/10/08,426.0,428.0,423.5,425.0
2025/10/09,427.0,429.5,423.0,424.0
2025/10/13,420.0,421.0,410.0,414.0
2025/10/14,418.0,421.5,407.5,407.5
2025/10/15,408.0,410.5,403.0,406.5
2025/10/16,407.0,411.0,407.0,410.5
2025/10/17,412.0,414.5,405.0,405.5
2025/10/20,413.0,420.0,412.5,414.0
2025/10/21,417.0,421.0,417.0,417.0
2025/10/22,418.0,421.0,414.0,420.5
2025/10/23,419.5,421.0,415.5,415.5
2025/10/27,419.5,419.5,410.0,414.0
2025/10/28,416.0,416.0,406.0,406.0
2025/10/29,406.5,410.0,403.0,403.0
2025/10/30,403.0,405.0,398.0,401.5
2025/10/31,402.5,402.5,391.0,393.0
2025/11/03,392.0,397.0,390.0,394.0
2025/11/04,400.0,402.0,392.0,396.0
2025/11/05,386.0,393.5,381.5,393.5
2025/11/06,395.0,395.5,385.0,386.0
2025/11/07,378.0,383.0,368.0,380.5
2025/11/10,384.0,388.0,378.0,383.5
2025/11/11,386.0,391.0,384.5,389.5
2025/11/12,389.5,391.0,386.0,390.5
2025/11/13,391.5,393.5,386.0,392.0
2025/11/14,389.0,393.5,387.0,390.0
2025/11/17,393.5,395.0,389.0,393.5
2025/11/18,388.5,394.0,385.5,392.0
2025/11/19,392.0,393.5,386.0,392.0
2025/11/20,395.5,395.5,388.0,393.0
2025/11/21,387.5,394.0,385.5,389.0
2025/11/24,392.0,394.0,384.0,389.5
2025/11/25,388.0,394.0,386.0,393.0
2025/11/26,393.0,399.5,392.5,396.0
2025/11/27,393.5,395.5,389.5,393.5
2025/11/28,393.5,395.0,389.5,389.5
2025/12/01,388.5,393.5,388.0,392.5
2025/12/02,392.5,400.0,391.0,398.0
2025/12/03,398.0,398.0,390.0,390.0
2025/12/04,390.0,392.0,384.5,384.5
2025/12/05,386.5,389.0,383.5,387.0
2025/12/08,386.0,386.0,382.0,385.0
2025/12/09,384.0,386.0,378.5,379.5
2025/12/10,379.0,383.5,374.5,382.5
2025/12/11,384.0,384.5,373.5,377.5
2025/12/12,379.5,379.5,371.5,373.0
2025/12/15,369.0,373.0,367.5,371.0
2025/12/16,368.5,379.0,367.0,374.5
2025/12/17,375.0,382.5,374.5,377.0
2025/12/18,377.0,380.5,376.5,377.5
2025/12/19,378.5,380.0,373.0,376.0
2025/12/22,376.5,378.5,374.5,377.0
2025/12/23,379.0,379.0,373.0,374.5
2025/12/24,373.5,382.0,373.5,377.0
2025/12/26,379.5,379.5,372.0,373.5
2025/12/29,374.0,379.5,372.0,376.5
2025/12/30,377.0,380.5,373.0,374.5
2025/12/31,378.0,384.0,374.0,374.0
2026/01/02,378.5,379.0,367.0,367.0
2026/01/05,371.0,372.0,360.0,363.0
2026/01/06,365.5,378.0,365.5,378.0
2026/01/07,381.5,402.0,378.0,402.0
2026/01/08,398.5,398.5,381.5,385.0
2026/01/09,384.5,389.0,379.0,380.0
2026/01/12,383.0,384.5,377.0,383.0
2026/01/13,386.5,393.5,380.5,385.5
2026/01/14,387.0,387.5,380.0,383.0
2026/01/15,384.0,384.0,379.0,379.5
2026/01/16,382.0,382.0,376.5,378.0
2026/01/19,378.0,393.0,377.5,386.5
2026/01/20,387.0,395.0,383.5,392.0
2026/01/21,389.0,390.0,377.5,377.5
2026/01/22,382.0,384.5,381.0,383.5
2026/01/23,390.5,406.0,388.0,393.0
2026/01/26,390.0,403.5,388.5,396.0
2026/01/27,396.0,400.5,393.5,395.0
2026/01/28,396.0,400.0,390.5,393.0
2026/01/29,395.0,396.5,383.5,384.5
2026/01/30,385.0,385.0,368.0,375.0
2026/02/02,376.5,378.5,366.0,368.5
2026/02/03,373.0,374.5,368.0,373.5
2026/02/04,370.5,373.5,366.0,367.5
2026/02/05,363.0,368.5,360.0,361.0
2026/02/06,360.0,365.5,352.0,365.0
2026/02/09,370.5,375.5,367.5,372.0
2026/02/10,374.5,383.5,374.0,377.0
2026/02/11,377.0,381.0,374.0,375.0
2026/02/23,383.0,383.0,375.0,378.0
2026/02/24,378.0,385.0,375.5,385.0
2026/02/25,386.0,389.5,383.0,387.0
2026/02/26,389.0,393.0,387.5,393.0
2026/03/02,389.0,390.0,382.5,386.5
2026/03/03,387.5,387.5,375.5,379.5
2026/03/04,372.0,373.5,365.5,371.0
2026/03/05,377.0,379.0,371.5,374.5
2026/03/06,376.5,379.0,372.5,375.0
2026/03/09,359.0,380.5,353.5,379.0
2026/03/10,381.5,384.5,375.5,384.5
2026/03/11,381.0,388.5,380.0,388.5
2026/03/12,386.5,390.5,384.5,389.5
2026/03/13,385.5,390.0,385.5,388.0
2026/03/16,386.0,387.0,378.0,378.5
2026/03/17,383.0,388.0,377.5,381.0
2026/03/18,383.5,385.0,376.0,382.5
2026/03/19,381.0,381.0,369.5,373.5
2026/03/20,373.5,385.0,370.0,385.0
2026/03/23,378.5,388.5,372.0,372.0
2026/03/24,375.5,378.5,370.0,370.0
2026/03/25,377.5,379.0,374.0,377.5
2026/03/26,377.0,398.0,376.0,392.0
2026/03/27,392.0,406.5,390.0,399.0
2026/03/30,397.0,406.0,390.0,391.0
2026/03/31,390.0,393.0,379.5,379.5
2026/04/01,387.0,391.5,382.5,391.5
2026/04/02,392.5,396.0,382.0,382.0
2026/04/07,383.5,387.0,379.0,384.5
2026/04/08,389.5,393.5,387.5,391.5
2026/04/09,392.0,399.5,390.5,399.5
2026/04/10,401.5,401.5,393.5,394.0
2026/04/13,391.0,395.0,385.0,394.5
2026/04/14,395.0,399.5,394.0,398.5
2026/04/15,401.0,410.0,401.0,405.0
2026/04/16,409.5,414.0,406.5,410.0
2026/04/20,418.0,421.0,409.0,415.0
2026/04/21,411.5,417.5,411.0,415.5
2026/04/22,416.0,434.5,416.0,432.5
2026/04/23,438.0,438.0,406.0,406.0
2026/04/24,412.5,428.0,411.5,418.0
2026/04/27,420.0,422.5,412.0,416.5
2026/04/28,418.5,420.0,410.0,412.5
2026/04/29,414.0,416.0,406.5,408.5
2026/04/30,409.5,413.0,407.0,409.0
2026/05/04,418.0,423.0,413.0,415.5
2026/05/05,415.0,421.0,412.5,421.0
