Date,Open,High,Low,Close
2007/12/31,17.4,17.5,17.1,17.5
2008/01/02,17.5,17.6,17.0,17.1
2008/01/03,16.8,16.9,16.6,16.8
2008/01/04,16.4,17.0,16.4,17.0
2008/01/07,16.5,16.5,15.9,16.0
2008/01/08,16.0,16.3,15.9,15.9
2008/01/09,15.3,16.4,15.3,16.4
2008/01/10,16.4,16.5,16.2,16.4
2008/01/11,16.4,16.8,16.2,16.8
2008/01/14,17.0,17.0,16.2,16.8
2008/01/15,16.6,17.3,16.6,16.9
2008/01/16,16.7,16.7,16.2,16.2
2008/01/17,16.4,16.6,15.9,16.3
2008/01/18,16.1,16.6,15.9,16.6
2008/01/21,16.4,16.6,16.2,16.3
2008/01/22,15.2,15.6,15.2,15.6
2008/01/23,15.7,15.9,14.5,15.5
2008/01/24,15.5,15.5,14.5,14.7
2008/01/25,14.9,15.2,14.8,15.2
2008/01/28,14.7,15.1,14.5,14.5
2008/01/29,14.8,14.8,14.4,14.4
2008/01/30,14.4,14.8,14.4,14.6
2008/01/31,14.5,14.6,14.2,14.6
2008/02/01,14.8,15.3,14.6,15.3
2008/02/12,14.6,15.1,14.6,15.1
2008/02/13,15.2,15.5,14.8,15.4
2008/02/14,15.5,15.9,15.5,15.9
2008/02/15,15.5,15.7,15.5,15.7
2008/02/18,15.7,15.7,15.5,15.5
2008/02/19,15.7,15.7,15.5,15.7
2008/02/20,15.5,15.6,15.1,15.2
2008/02/21,15.2,15.7,15.2,15.5
2008/02/22,15.4,15.4,15.2,15.4
2008/02/25,15.4,15.7,15.4,15.5
2008/02/26,15.7,15.7,15.3,15.3
2008/02/27,15.5,15.9,15.5,15.8
2008/02/29,15.8,16.9,15.8,16.9
2008/03/03,16.8,17.2,16.7,16.9
2008/03/04,17.1,17.2,16.7,17.0
2008/03/05,17.2,17.2,16.7,16.7
2008/03/06,16.8,17.0,16.7,16.9
2008/03/07,16.9,16.9,16.4,16.5
2008/03/10,16.5,16.5,16.3,16.3
2008/03/11,16.2,16.5,16.1,16.3
2008/03/12,16.6,16.8,16.3,16.5
2008/03/13,16.6,16.6,16.1,16.1
2008/03/14,16.2,16.2,15.8,15.8
2008/03/17,15.6,15.7,15.1,15.3
2008/03/18,15.5,16.4,15.4,16.1
2008/03/19,16.6,16.6,16.2,16.2
2008/03/20,16.3,16.4,16.2,16.2
2008/03/21,16.4,16.5,16.3,16.4
2008/03/24,17.5,17.5,16.6,16.7
2008/03/25,16.8,16.9,16.6,16.9
2008/03/26,16.9,17.0,16.5,16.5
2008/03/27,16.4,16.5,16.2,16.4
2008/03/28,16.3,16.5,16.2,16.4
2008/03/31,16.3,16.5,16.3,16.5
2008/04/01,16.5,16.8,16.5,16.7
2008/04/02,17.0,17.0,16.7,16.8
2008/04/03,16.8,16.9,16.7,16.9
2008/04/07,16.9,17.1,16.9,17.0
2008/04/08,17.0,17.0,16.8,16.9
2008/04/09,16.9,16.9,16.7,16.7
2008/04/10,16.4,16.4,15.5,15.8
2008/04/11,15.8,16.0,15.7,15.8
2008/04/14,15.8,15.8,15.5,15.6
2008/04/15,15.7,15.9,15.6,15.7
2008/04/16,15.7,15.9,15.6,15.7
2008/04/17,15.9,15.9,15.8,15.8
2008/04/18,15.9,16.4,15.8,16.3
2008/04/21,16.5,16.7,16.4,16.6
2008/04/22,16.7,16.8,16.4,16.6
2008/04/23,16.5,16.7,16.4,16.5
2008/04/24,16.5,16.6,16.4,16.4
2008/04/25,16.4,16.5,16.2,16.3
2008/04/28,16.3,16.4,16.1,16.1
2008/04/29,16.0,16.2,15.9,16.0
2008/04/30,16.1,16.1,15.9,16.0
2008/05/02,15.8,15.9,15.6,15.8
2008/05/05,15.8,15.8,15.6,15.6
2008/05/06,15.7,15.9,15.7,15.8
2008/05/07,16.0,16.0,15.8,15.8
2008/05/08,15.7,15.7,15.7,15.7
2008/05/09,15.8,15.9,15.7,15.9
2008/05/12,15.9,15.9,15.7,15.7
2008/05/13,15.8,15.9,15.7,15.8
2008/05/14,15.8,16.1,15.8,16.0
2008/05/15,16.0,16.2,16.0,16.1
2008/05/16,16.1,16.4,16.1,16.4
2008/05/19,16.8,16.9,16.6,16.9
2008/05/20,16.9,16.9,16.6,16.6
2008/05/21,16.5,16.6,16.3,16.4
2008/05/22,16.4,16.8,16.4,16.6
2008/05/23,16.7,16.7,16.0,16.1
2008/05/26,15.8,16.0,15.8,15.8
2008/05/27,15.8,15.9,15.8,15.9
2008/05/28,15.9,15.9,15.7,15.7
2008/05/29,15.7,15.7,15.5,15.5
2008/05/30,15.7,15.7,15.2,15.2
2008/06/02,15.5,15.5,15.2,15.4
2008/06/03,15.2,15.4,15.2,15.3
2008/06/04,15.2,15.3,15.2,15.3
2008/06/05,15.2,15.4,15.2,15.4
2008/06/06,15.5,15.6,15.5,15.5
2008/06/09,14.6,15.2,14.6,15.1
2008/06/10,15.1,15.1,14.8,14.9
2008/06/11,15.0,15.0,14.5,14.8
2008/06/12,14.5,14.6,14.0,14.0
2008/06/13,14.0,14.0,13.8,13.8
2008/06/16,13.9,14.1,13.8,14.0
2008/06/17,14.0,14.0,13.8,14.0
2008/06/18,13.9,14.0,13.8,13.9
2008/06/19,14.0,14.1,13.7,13.9
2008/06/20,14.0,14.0,13.7,13.7
2008/06/23,13.3,13.4,13.2,13.2
2008/06/24,13.5,13.5,12.9,13.0
2008/06/25,13.0,13.0,12.8,13.0
2008/06/26,13.1,13.3,13.1,13.1
2008/06/27,12.2,12.6,12.2,12.3
2008/06/30,12.3,12.3,11.4,11.4
2008/07/01,11.4,11.4,10.6,10.6
2008/07/02,10.6,11.0,10.5,10.9
2008/07/03,10.8,11.4,10.6,11.3
2008/07/07,11.0,11.6,11.0,11.5
2008/07/08,11.6,11.6,10.7,10.8
2008/07/09,11.0,11.2,11.0,11.1
2008/07/10,10.9,11.3,10.9,11.1
2008/07/11,11.4,11.8,11.3,11.7
2008/07/14,11.7,12.1,11.6,12.0
2008/07/15,11.8,11.8,11.6,11.6
2008/07/16,11.6,11.9,11.5,11.6
2008/07/17,12.1,12.1,11.8,11.9
2008/07/18,11.9,11.9,11.3,11.3
2008/07/21,11.4,11.6,11.3,11.4
2008/07/22,11.5,11.6,11.5,11.6
2008/07/23,11.8,12.4,11.8,12.3
2008/07/24,12.7,12.9,12.4,12.8
2008/07/25,12.6,12.7,12.4,12.7
2008/07/29,12.2,12.7,12.2,12.6
2008/07/30,12.8,12.8,12.6,12.6
2008/07/31,12.7,12.7,12.3,12.5
2008/08/01,12.4,12.5,12.3,12.5
2008/08/04,12.5,12.6,12.3,12.5
2008/08/05,12.4,12.5,12.3,12.4
2008/08/06,12.7,12.7,12.5,12.7
2008/08/07,11.2,11.2,10.9,11.0
2008/08/08,11.0,11.3,11.0,11.3
2008/08/11,11.5,11.7,11.4,11.5
2008/08/12,11.4,11.5,11.3,11.5
2008/08/13,11.5,11.7,11.5,11.5
2008/08/14,11.3,11.7,11.3,11.5
2008/08/15,11.5,11.7,11.4,11.4
2008/08/18,11.2,11.3,11.0,11.2
2008/08/19,11.1,11.5,11.0,11.5
2008/08/20,11.2,11.5,11.0,11.4
2008/08/21,11.3,11.3,11.0,11.0
2008/08/22,11.0,11.2,10.8,11.1
2008/08/25,11.1,11.3,10.9,10.9
2008/08/26,10.9,11.1,10.8,11.0
2008/08/27,11.1,11.2,11.0,11.1
2008/08/28,11.1,11.4,11.0,11.1
2008/08/29,11.2,11.3,11.0,11.2
2008/09/01,11.0,11.1,10.9,11.0
2008/09/02,10.9,11.0,10.3,11.0
2008/09/03,10.6,11.0,10.4,10.6
2008/09/04,10.3,10.5,9.9,10.3
2008/09/05,9.8,10.3,9.6,10.3
2008/09/08,10.3,11.0,10.3,11.0
2008/09/09,10.8,10.8,10.3,10.8
2008/09/10,10.4,11.0,10.4,11.0
2008/09/11,11.0,11.0,10.4,10.4
2008/09/12,10.8,10.8,10.2,10.4
2008/09/15,10.4,10.4,9.7,9.7
2008/09/16,9.0,9.0,9.0,9.0
2008/09/17,8.7,9.3,8.4,8.6
2008/09/18,8.0,8.1,8.0,8.1
2008/09/19,8.2,8.7,8.1,8.7
2008/09/22,9.2,9.2,8.8,8.9
2008/09/23,8.5,9.1,8.5,9.1
2008/09/24,9.1,9.2,9.0,9.2
2008/09/25,9.1,9.1,9.0,9.0
2008/09/26,9.1,9.2,8.7,9.0
2008/09/30,8.4,8.4,8.4,8.4
2008/10/01,8.4,8.5,8.3,8.4
2008/10/02,8.4,8.5,8.1,8.2
2008/10/03,8.2,8.4,8.0,8.4
2008/10/06,8.4,8.4,8.2,8.4
2008/10/07,8.4,8.7,8.2,8.7
2008/10/08,8.4,8.4,8.1,8.1
2008/10/09,8.0,8.3,7.8,8.1
2008/10/13,7.9,7.9,7.9,7.9
2008/10/14,8.4,8.4,8.1,8.3
2008/10/15,8.1,8.2,8.1,8.1
2008/10/16,7.8,7.9,7.8,7.8
2008/10/17,7.7,7.7,7.6,7.6
2008/10/20,7.4,7.5,7.4,7.4
2008/10/21,7.6,7.7,7.4,7.5
2008/10/22,7.3,7.5,7.3,7.3
2008/10/23,7.1,7.1,7.1,7.1
2008/10/24,6.9,6.9,6.9,6.9
2008/10/27,6.4,6.5,6.4,6.4
2008/10/28,6.0,6.3,6.0,6.3
2008/10/29,6.4,6.5,6.2,6.4
2008/10/30,6.4,6.8,6.4,6.8
2008/10/31,7.2,7.2,6.9,7.2
2008/11/03,7.0,7.4,7.0,7.3
2008/11/04,7.3,7.3,7.0,7.2
2008/11/05,7.4,7.7,7.3,7.7
2008/11/06,7.4,7.4,7.1,7.3
2008/11/07,6.9,7.4,6.9,7.4
2008/11/10,7.0,7.3,7.0,7.3
2008/11/11,7.1,7.1,6.8,7.0
2008/11/12,6.8,7.2,6.8,7.2
2008/11/13,6.8,7.0,6.7,6.7
2008/11/14,6.7,6.9,6.6,6.7
2008/11/17,6.6,6.7,6.3,6.7
2008/11/18,6.4,6.4,6.2,6.4
2008/11/19,5.9,6.3,5.9,6.3
2008/11/20,6.0,6.0,5.9,6.0
2008/11/21,5.6,6.3,5.6,6.3
2008/11/24,6.0,6.5,6.0,6.4
2008/11/25,6.2,6.4,6.2,6.4
2008/11/26,6.2,6.4,6.0,6.4
2008/11/27,6.5,6.7,6.4,6.5
2008/11/28,6.7,6.8,6.5,6.6
2008/12/01,6.6,6.7,6.6,6.6
2008/12/02,6.6,6.6,6.2,6.6
2008/12/03,6.5,6.7,6.3,6.6
2008/12/04,6.7,6.7,6.5,6.6
2008/12/05,6.2,6.6,6.2,6.6
2008/12/08,6.4,6.7,6.4,6.7
2008/12/09,6.8,6.8,6.6,6.6
2008/12/10,6.6,6.8,6.6,6.8
2008/12/11,6.8,7.0,6.8,6.8
2008/12/12,6.6,6.8,6.5,6.5
2008/12/15,6.6,6.7,6.5,6.6
2008/12/16,6.6,6.6,6.4,6.6
2008/12/17,6.8,6.8,6.5,6.6
2008/12/18,6.6,6.7,6.5,6.6
2008/12/19,6.6,6.7,6.5,6.7
2008/12/22,6.5,6.7,6.5,6.6
2008/12/23,6.4,6.5,6.4,6.4
2008/12/24,6.3,6.6,6.1,6.6
2008/12/25,6.5,6.6,6.5,6.6
2008/12/26,6.6,6.6,6.4,6.5
2008/12/29,6.6,6.6,6.5,6.5
2008/12/30,6.6,6.6,6.5,6.6
2008/12/31,6.6,6.8,6.5,6.6
2009/01/05,6.6,6.7,6.6,6.6
2009/01/06,6.7,6.7,6.6,6.6
2009/01/07,6.7,6.9,6.6,6.8
2009/01/08,6.6,6.7,6.5,6.6
2009/01/09,6.5,6.6,6.5,6.6
2009/01/12,6.6,6.6,6.6,6.6
2009/01/13,6.6,6.6,6.5,6.6
2009/01/14,6.6,6.6,6.5,6.5
2009/01/15,6.3,6.5,6.3,6.3
2009/01/16,6.4,6.5,6.3,6.4
2009/01/19,6.3,6.5,6.3,6.5
2009/01/20,6.5,6.5,6.5,6.5
2009/01/21,6.5,6.8,6.5,6.8
2009/02/02,6.7,6.7,6.5,6.6
2009/02/03,6.6,6.7,6.6,6.7
2009/02/04,6.6,6.7,6.6,6.6
2009/02/05,6.6,6.6,6.5,6.6
2009/02/06,6.6,6.7,6.5,6.6
2009/02/09,6.7,6.8,6.6,6.7
2009/02/10,6.7,6.7,6.6,6.6
2009/02/11,6.6,6.7,6.6,6.7
2009/02/12,6.7,7.2,6.7,7.2
2009/02/13,7.3,7.3,7.0,7.3
2009/02/16,7.3,7.6,7.2,7.4
2009/02/17,7.5,7.5,7.1,7.2
2009/02/18,7.0,7.1,7.0,7.1
2009/02/19,7.0,7.1,7.0,7.1
2009/02/20,7.0,7.1,6.9,6.9
2009/02/23,6.7,6.9,6.7,6.8
2009/02/24,6.8,6.9,6.7,6.9
2009/02/25,7.0,7.1,6.9,6.9
2009/02/26,7.0,7.0,6.9,7.0
2009/02/27,7.0,7.4,7.0,7.3
2009/03/02,7.3,7.3,7.1,7.1
2009/03/03,7.0,7.1,6.9,7.0
2009/03/04,7.1,7.3,7.0,7.2
2009/03/05,7.3,7.4,7.1,7.3
2009/03/06,7.3,7.6,7.1,7.5
2009/03/09,7.5,7.5,7.4,7.4
2009/03/10,7.4,7.9,7.4,7.7
2009/03/11,7.8,7.9,7.6,7.6
2009/03/12,7.7,7.8,7.6,7.8
2009/03/13,7.9,8.0,7.8,7.8
2009/03/16,7.8,7.9,7.8,7.9
2009/03/17,7.9,7.9,7.7,7.8
2009/03/18,7.8,8.0,7.7,7.9
2009/03/19,8.0,8.0,7.6,7.7
2009/03/20,7.7,7.7,7.5,7.6
2009/03/23,7.5,7.7,7.5,7.7
2009/03/24,7.8,8.2,7.8,8.2
2009/03/25,8.1,8.7,8.0,8.7
2009/03/26,8.8,9.3,8.8,9.0
2009/03/27,9.0,9.1,8.6,8.8
2009/03/30,8.7,8.8,8.5,8.5
2009/03/31,8.3,8.5,8.3,8.4
2009/04/01,8.6,8.6,8.5,8.5
2009/04/02,8.7,8.7,8.5,8.6
2009/04/03,8.8,8.8,8.5,8.6
2009/04/06,8.6,8.8,8.6,8.6
2009/04/07,8.6,8.7,8.5,8.7
2009/04/08,8.7,8.8,8.6,8.6
2009/04/09,8.8,9.1,8.8,8.9
2009/04/10,9.1,9.1,8.9,9.0
2009/04/13,9.0,9.0,8.8,8.9
2009/04/14,8.9,9.5,8.9,9.5
2009/04/15,9.5,9.6,9.4,9.4
2009/04/16,9.5,9.6,9.4,9.4
2009/04/17,9.5,9.7,8.8,9.0
2009/04/20,8.8,8.9,8.7,8.7
2009/04/21,8.4,9.1,8.4,9.1
2009/04/22,9.1,9.2,9.0,9.1
2009/04/23,9.7,9.7,9.7,9.7
2009/04/24,10.3,10.3,10.3,10.3
2009/04/27,11.0,11.0,10.7,10.8
2009/04/28,10.8,10.8,10.1,10.1
2009/04/29,10.1,10.3,10.0,10.3
2009/04/30,10.8,11.0,10.6,10.8
2009/05/04,11.0,11.1,10.7,10.9
2009/05/05,10.9,10.9,10.4,10.4
2009/05/06,10.3,10.9,10.3,10.8
2009/05/07,10.8,11.1,10.8,11.0
2009/05/08,11.0,11.0,10.9,11.0
2009/05/11,11.1,11.4,11.0,11.3
2009/05/12,11.2,11.2,10.6,10.7
2009/05/13,10.8,11.0,10.6,10.8
2009/05/14,10.6,10.9,10.6,10.8
2009/05/15,10.8,11.0,10.8,11.0
2009/05/18,11.0,11.0,10.8,10.9
2009/05/19,11.0,11.2,10.9,10.9
2009/05/20,10.9,11.1,10.8,11.0
2009/05/21,11.2,11.2,11.0,11.2
2009/05/22,10.9,11.3,10.9,11.3
2009/05/25,11.6,11.6,11.4,11.6
2009/05/26,11.6,11.6,11.2,11.2
2009/05/27,11.4,11.4,11.0,11.3
2009/06/01,11.6,11.6,11.2,11.3
2009/06/02,11.6,11.6,11.2,11.2
2009/06/03,11.2,11.4,11.1,11.1
2009/06/04,11.0,11.2,11.0,11.2
2009/06/05,11.4,11.4,11.2,11.3
2009/06/08,11.6,11.6,11.1,11.1
2009/06/09,11.1,11.2,10.8,10.8
2009/06/10,10.8,10.9,10.8,10.8
2009/06/11,10.8,10.9,10.7,10.9
2009/06/12,10.9,11.0,10.8,10.8
2009/06/15,10.8,10.8,10.3,10.5
2009/06/16,10.4,10.5,10.3,10.4
2009/06/17,10.4,10.7,10.4,10.5
2009/06/18,10.8,10.8,10.3,10.5
2009/06/19,10.6,10.8,10.6,10.8
2009/06/22,10.8,11.0,10.8,10.9
2009/06/23,10.9,11.0,10.8,11.0
2009/06/24,11.0,11.4,11.0,11.2
2009/06/25,11.3,11.5,11.3,11.4
2009/06/26,11.4,11.5,11.3,11.4
2009/06/29,11.4,11.5,11.4,11.5
2009/06/30,11.6,11.6,11.5,11.6
2009/07/01,11.5,11.8,11.5,11.8
2009/07/02,11.9,12.3,11.8,12.2
2009/07/03,10.4,10.9,10.4,10.7
2009/07/06,10.7,10.8,10.5,10.7
2009/07/07,10.6,10.6,10.5,10.5
2009/07/08,10.5,10.6,10.5,10.5
2009/07/09,10.9,10.9,10.6,10.8
2009/07/10,10.8,10.8,10.6,10.6
2009/07/13,10.5,10.5,10.2,10.2
2009/07/14,10.2,10.4,10.2,10.3
2009/07/15,10.3,10.5,10.3,10.4
2009/07/16,10.5,10.6,10.4,10.5
2009/07/17,10.4,10.6,10.4,10.5
2009/07/20,10.6,10.7,10.5,10.6
2009/07/21,10.6,10.9,10.6,10.8
2009/07/22,10.9,11.0,10.7,10.8
2009/07/23,10.7,10.8,10.7,10.7
2009/07/24,10.9,11.0,10.7,10.7
2009/07/27,10.7,10.9,10.7,10.8
2009/07/28,10.9,11.3,10.9,11.2
2009/07/29,11.2,11.3,11.0,11.1
2009/07/30,11.1,11.1,10.9,11.0
2009/07/31,11.1,11.3,11.0,11.1
2009/08/03,11.3,11.9,11.3,11.9
2009/08/04,12.4,12.7,11.7,12.0
2009/08/05,11.9,12.0,11.6,11.6
2009/08/06,11.7,11.8,11.5,11.7
2009/08/10,11.8,12.1,11.7,11.8
2009/08/11,11.8,11.9,11.6,11.8
2009/08/12,11.7,11.9,11.6,11.9
2009/08/13,12.1,12.1,11.8,11.8
2009/08/14,11.9,12.0,11.8,11.9
2009/08/17,12.0,12.0,11.7,11.7
2009/08/18,11.6,11.6,11.0,11.2
2009/08/19,11.2,11.3,11.2,11.3
2009/08/20,11.2,11.2,10.7,10.8
2009/08/21,11.0,11.2,10.8,10.9
2009/08/24,11.3,11.3,11.0,11.1
2009/08/25,11.1,11.2,11.0,11.0
2009/08/26,11.0,11.0,10.8,10.8
2009/08/27,10.8,11.0,10.7,10.9
2009/08/28,11.0,11.0,10.8,10.8
2009/08/31,10.9,10.9,10.8,10.8
2009/09/01,10.9,11.3,10.9,11.3
2009/09/02,11.3,11.4,11.1,11.2
2009/09/03,11.2,11.5,11.2,11.4
2009/09/04,11.6,12.2,11.5,12.1
2009/09/07,12.1,12.1,11.7,11.7
2009/09/08,11.7,12.4,11.7,12.2
2009/09/09,12.3,13.0,12.2,13.0
2009/09/10,13.1,13.3,12.4,12.6
2009/09/11,12.6,12.9,12.5,12.5
2009/09/14,12.5,12.6,12.2,12.4
2009/09/15,12.5,12.9,12.3,12.9
2009/09/16,12.9,13.8,12.9,13.8
2009/09/17,14.0,14.7,13.4,14.6
2009/09/18,14.5,14.9,14.5,14.6
2009/09/21,14.5,15.4,14.4,15.0
2009/09/22,15.0,15.8,14.7,15.4
2009/09/23,15.6,15.7,14.7,14.7
2009/09/24,14.7,14.7,14.3,14.7
2009/09/25,14.7,15.0,14.7,14.7
2009/09/28,14.7,14.7,14.0,14.1
2009/09/29,14.2,14.4,13.9,14.0
2009/09/30,14.2,14.3,14.1,14.2
2009/10/01,14.7,14.7,14.3,14.4
2009/10/02,14.2,14.4,14.1,14.1
2009/10/05,13.9,14.5,13.9,14.4
2009/10/06,14.5,15.1,14.4,14.7
2009/10/07,14.8,14.8,14.3,14.3
2009/10/08,14.3,14.5,14.0,14.0
2009/10/09,14.1,14.3,14.0,14.1
2009/10/12,15.0,15.0,14.5,14.6
2009/10/13,14.3,15.2,14.3,14.9
2009/10/14,15.0,15.0,14.7,14.7
2009/10/15,14.8,14.9,14.5,14.5
2009/10/16,14.6,15.0,14.4,15.0
2009/10/19,15.0,15.0,14.8,14.8
2009/10/20,14.9,15.0,14.8,15.0
2009/10/21,15.1,15.4,14.7,15.0
2009/10/22,15.0,15.1,14.7,14.7
2009/10/23,14.9,14.9,14.7,14.8
2009/10/26,14.7,14.9,14.5,14.5
2009/10/27,14.4,15.2,14.3,15.0
2009/10/28,15.2,15.4,14.8,15.1
2009/10/29,14.5,15.0,14.3,14.6
2009/10/30,14.8,14.9,14.5,14.5
2009/11/02,14.4,14.5,14.1,14.5
2009/11/03,14.6,14.8,14.5,14.5
2009/11/04,14.6,15.0,14.6,14.8
2009/11/05,14.9,14.9,14.6,14.6
2009/11/06,14.7,14.9,14.6,14.6
2009/11/09,14.7,14.8,14.5,14.5
2009/11/10,14.6,14.7,14.5,14.5
2009/11/11,14.4,14.6,14.4,14.4
2009/11/12,14.4,14.6,14.4,14.5
2009/11/13,14.4,14.5,14.4,14.4
2009/11/16,14.5,14.6,14.4,14.6
2009/11/17,14.6,14.6,14.4,14.4
2009/11/18,14.4,14.6,14.4,14.5
2009/11/19,14.6,14.7,14.5,14.6
2009/11/20,14.6,14.7,14.4,14.4
2009/11/23,14.4,14.5,14.3,14.4
2009/11/24,14.5,14.6,14.4,14.4
2009/11/25,14.7,14.7,14.4,14.5
2009/11/26,14.5,14.7,14.5,14.6
2009/11/27,14.4,14.5,14.0,14.0
2009/11/30,14.1,14.3,14.0,14.2
2009/12/01,14.2,14.4,14.1,14.4
2009/12/02,14.7,14.7,14.3,14.4
2009/12/03,14.5,14.6,14.2,14.2
2009/12/04,14.2,14.7,14.2,14.5
2009/12/07,14.7,15.2,14.7,15.0
2009/12/08,15.2,15.2,14.7,14.9
2009/12/09,15.0,15.0,14.8,14.9
2009/12/10,14.9,15.4,14.9,15.0
2009/12/11,15.1,15.2,15.0,15.0
2009/12/14,15.2,16.1,14.9,16.1
2009/12/15,17.2,17.2,16.9,17.2
2009/12/16,17.0,17.1,16.5,16.6
2009/12/17,16.9,17.0,16.1,16.1
2009/12/18,15.9,16.8,15.7,16.4
2009/12/21,16.8,17.6,16.6,17.5
2009/12/22,17.5,17.5,16.9,16.9
2009/12/23,16.9,17.2,16.6,17.0
2009/12/24,17.3,17.5,16.8,16.8
2009/12/25,17.0,17.9,16.9,17.9
2009/12/28,18.3,19.0,18.0,18.1
2009/12/29,18.3,18.3,17.6,17.8
2009/12/30,17.9,17.9,17.1,17.5
2009/12/31,17.6,17.9,17.3,17.5
2010/01/04,17.8,17.8,17.1,17.3
2010/01/05,17.4,17.5,16.8,16.9
2010/01/06,16.9,17.1,16.5,16.7
2010/01/07,16.7,17.0,16.4,16.5
2010/01/08,16.4,16.5,15.9,16.3
2010/01/11,16.4,16.7,16.4,16.5
2010/01/12,16.7,17.1,16.6,16.9
2010/01/13,16.9,17.3,16.9,17.2
2010/01/14,17.3,17.3,17.0,17.1
2010/01/15,17.1,17.3,17.0,17.0
2010/01/18,16.9,17.2,16.9,17.2
2010/01/19,17.2,17.3,16.9,16.9
2010/01/20,17.1,17.1,16.7,16.7
2010/01/21,16.5,16.7,16.4,16.5
2010/01/22,16.4,16.4,16.0,16.2
2010/01/25,15.8,16.1,15.8,16.1
2010/01/26,16.1,16.4,15.0,15.0
2010/01/27,15.0,15.3,14.6,14.8
2010/01/28,15.2,15.5,15.0,15.4
2010/01/29,15.0,15.2,14.7,15.0
2010/02/01,15.1,15.4,15.0,15.1
2010/02/02,15.4,15.4,14.9,14.9
2010/02/03,15.1,15.2,15.0,15.0
2010/02/04,15.0,15.4,15.0,15.1
2010/02/05,14.5,14.9,14.1,14.6
2010/02/08,15.3,15.5,15.0,15.2
2010/02/09,15.2,15.4,14.9,15.3
2010/02/10,15.4,15.8,15.4,15.4
2010/02/22,16.1,16.1,15.6,15.6
2010/02/23,15.6,15.6,15.4,15.5
2010/02/24,15.2,15.4,15.2,15.3
2010/02/25,15.4,15.9,15.4,15.6
2010/02/26,15.9,16.7,15.7,16.6
2010/03/01,16.8,17.0,16.5,16.6
2010/03/02,16.4,16.8,16.3,16.3
2010/03/03,16.5,16.7,16.4,16.5
2010/03/04,16.8,16.9,16.4,16.7
2010/03/05,16.7,16.9,16.7,16.7
2010/03/08,16.9,16.9,16.7,16.8
2010/03/09,16.8,17.5,16.8,17.3
2010/03/10,17.4,17.6,17.0,17.2
2010/03/11,17.4,17.4,16.9,16.9
2010/03/12,17.0,17.0,16.7,16.8
2010/03/15,16.7,16.8,16.4,16.4
2010/03/16,16.4,16.8,16.4,16.5
2010/03/17,16.7,17.2,16.7,17.0
2010/03/18,17.3,17.4,17.1,17.1
2010/03/19,17.2,17.5,17.1,17.2
2010/03/22,17.5,18.0,17.4,17.9
2010/03/23,18.1,18.3,17.4,17.6
2010/03/24,17.6,17.7,17.2,17.4
2010/03/25,17.6,17.6,17.2,17.4
2010/03/26,17.9,18.3,17.8,18.0
2010/03/29,18.6,19.1,18.3,18.4
2010/03/30,18.5,18.6,18.3,18.4
2010/03/31,18.4,18.8,18.4,18.5
2010/04/01,18.5,18.7,18.4,18.5
2010/04/02,18.7,18.9,18.6,18.6
2010/04/06,18.7,18.8,18.5,18.6
2010/04/07,18.6,18.7,18.5,18.6
2010/04/08,18.5,18.8,18.5,18.6
2010/04/09,18.5,18.8,18.3,18.8
2010/04/12,19.2,19.6,19.1,19.4
2010/04/13,19.4,19.4,18.8,18.9
2010/04/14,18.9,19.3,18.9,19.3
2010/04/15,19.6,19.6,19.2,19.4
2010/04/16,19.5,19.9,19.5,19.7
2010/04/19,19.7,20.0,19.0,19.0
2010/04/20,19.2,19.8,19.1,19.7
2010/04/21,19.8,20.0,19.5,19.6
2010/04/22,19.5,19.8,19.4,19.8
2010/04/23,19.9,20.7,19.7,20.3
2010/04/26,20.7,20.7,20.2,20.2
2010/04/27,20.2,20.5,19.9,20.1
2010/04/28,19.4,20.0,19.4,19.9
2010/04/29,20.1,20.2,19.9,19.9
2010/04/30,20.1,20.2,19.3,19.4
2010/05/03,19.1,19.3,19.0,19.2
2010/05/04,19.5,19.6,19.1,19.4
2010/05/05,18.7,19.1,18.7,19.1
2010/05/06,19.1,19.3,19.0,19.3
2010/05/07,18.7,19.1,18.5,19.1
2010/05/10,19.2,19.4,18.8,19.4
2010/05/11,19.8,19.8,19.2,19.2
2010/05/12,19.4,19.7,19.3,19.4
2010/05/13,19.6,19.7,19.5,19.6
2010/05/14,19.6,19.6,19.3,19.4
2010/05/17,19.2,19.3,19.0,19.0
2010/05/18,19.0,19.2,18.8,18.9
2010/05/19,18.6,19.1,18.6,19.1
2010/05/20,19.2,19.2,18.7,18.8
2010/05/21,18.0,18.3,18.0,18.1
2010/05/24,18.2,18.5,18.2,18.4
2010/05/25,18.3,18.3,17.6,17.8
2010/05/26,17.9,18.2,17.7,18.2
2010/05/27,18.0,18.5,17.8,18.3
2010/05/28,18.7,18.7,18.4,18.4
2010/05/31,18.4,18.4,18.3,18.3
2010/06/01,18.5,18.5,18.2,18.2
2010/06/02,18.2,18.2,17.9,17.9
2010/06/03,18.2,18.3,18.1,18.2
2010/06/04,18.2,18.4,18.2,18.3
2010/06/07,17.3,18.0,17.3,17.8
2010/06/08,17.7,18.0,17.7,18.0
2010/06/09,18.0,18.2,17.8,18.0
2010/06/10,18.0,18.1,18.0,18.1
2010/06/11,18.2,18.4,18.2,18.3
2010/06/14,18.3,18.4,18.3,18.4
2010/06/15,18.5,18.5,18.3,18.4
2010/06/17,18.5,18.7,18.5,18.7
2010/06/18,19.1,19.1,18.6,18.7
2010/06/21,18.9,19.0,18.8,18.8
2010/06/22,18.8,18.9,18.8,18.9
2010/06/23,19.0,19.0,18.7,18.8
2010/06/24,18.8,19.1,18.8,19.0
2010/06/25,18.7,18.9,18.7,18.8
2010/06/28,18.9,19.0,18.8,18.8
2010/06/29,18.8,19.0,18.6,18.7
2010/06/30,18.3,18.5,18.3,18.5
2010/07/01,18.5,18.5,18.3,18.4
2010/07/02,18.5,18.5,18.3,18.4
2010/07/05,18.3,18.4,18.2,18.3
2010/07/06,18.4,18.7,18.4,18.6
2010/07/07,18.7,18.8,18.5,18.7
2010/07/08,19.0,19.0,18.6,18.9
2010/07/09,19.0,19.2,19.0,19.0
2010/07/12,19.0,19.1,18.9,19.0
2010/07/13,19.0,19.1,18.9,18.9
2010/07/14,18.9,19.2,18.9,19.0
2010/07/15,19.0,19.1,19.0,19.0
2010/07/16,18.9,19.2,18.9,19.2
2010/07/19,19.0,19.7,19.0,19.4
2010/07/20,19.6,19.6,19.3,19.3
2010/07/21,19.4,19.7,19.4,19.5
2010/07/22,19.5,19.6,19.3,19.5
2010/07/23,19.6,19.7,19.5,19.6
2010/07/26,19.9,19.9,19.5,19.7
2010/07/27,19.8,19.9,19.7,19.8
2010/07/28,19.8,19.9,19.7,19.9
2010/07/29,19.9,19.9,19.8,19.8
2010/07/30,19.8,19.8,19.6,19.7
2010/08/02,19.7,19.9,19.7,19.8
2010/08/03,19.9,20.0,19.7,19.8
2010/08/04,18.9,19.2,18.8,19.1
2010/08/05,19.3,19.3,19.1,19.1
2010/08/06,19.1,19.1,18.9,18.9
2010/08/09,18.9,18.9,18.6,18.7
2010/08/10,19.0,19.0,18.6,18.8
2010/08/11,18.8,18.8,18.4,18.5
2010/08/12,18.3,18.4,18.1,18.2
2010/08/13,18.1,18.8,18.1,18.6
2010/08/16,18.6,19.0,18.6,18.7
2010/08/17,18.8,18.9,18.7,18.7
2010/08/18,18.9,18.9,18.6,18.7
2010/08/19,18.9,18.9,18.6,18.7
2010/08/20,18.4,18.6,18.4,18.4
2010/08/23,18.3,18.7,18.2,18.6
2010/08/24,18.8,18.8,18.4,18.5
2010/08/25,18.3,18.5,18.2,18.2
2010/08/26,18.2,18.2,17.9,17.9
2010/08/27,17.9,18.0,17.7,17.8
2010/08/30,17.8,17.8,17.4,17.5
2010/08/31,17.3,17.3,16.6,16.7
2010/09/01,16.7,17.0,16.7,17.0
2010/09/02,17.2,17.4,17.1,17.2
2010/09/03,17.2,17.6,17.2,17.6
2010/09/06,17.9,17.9,17.5,17.7
2010/09/07,17.8,17.9,17.6,17.6
2010/09/08,17.6,17.6,17.3,17.4
2010/09/09,17.4,17.4,17.2,17.2
2010/09/10,17.3,17.4,17.3,17.4
2010/09/13,17.2,17.7,17.2,17.6
2010/09/14,17.6,17.6,17.5,17.5
2010/09/15,17.2,17.6,17.2,17.5
2010/09/16,17.5,17.6,17.3,17.5
2010/09/17,17.5,17.6,17.5,17.6
2010/09/20,17.6,17.8,17.6,17.6
2010/09/21,17.8,17.8,17.6,17.7
2010/09/23,17.6,17.8,17.5,17.7
2010/09/24,17.7,17.7,17.5,17.6
2010/09/27,17.6,17.8,17.6,17.7
2010/09/28,17.6,17.6,17.5,17.5
2010/09/29,17.3,17.6,17.3,17.6
2010/09/30,17.6,17.7,17.5,17.6
2010/10/01,17.6,17.8,17.6,17.7
2010/10/04,17.7,17.8,17.4,17.5
2010/10/05,17.5,17.5,17.2,17.3
2010/10/06,17.5,17.6,17.3,17.5
2010/10/07,17.4,17.5,17.4,17.5
2010/10/08,17.8,18.2,17.7,18.0
2010/10/11,18.2,18.2,17.6,17.8
2010/10/12,17.9,17.9,17.6,17.6
2010/10/13,17.7,17.8,17.5,17.6
2010/10/14,17.7,17.7,17.5,17.5
2010/10/15,17.6,17.6,17.3,17.3
2010/10/18,17.4,17.4,17.2,17.2
2010/10/19,17.2,17.3,17.2,17.2
2010/10/20,17.2,17.4,17.1,17.3
2010/10/21,17.3,17.4,17.2,17.2
2010/10/22,17.3,17.4,17.3,17.3
2010/10/25,17.3,17.5,17.3,17.4
2010/10/26,17.5,17.7,17.5,17.6
2010/10/27,17.6,17.7,17.5,17.5
2010/10/28,17.4,17.6,17.4,17.5
2010/10/29,17.5,17.6,17.3,17.4
2010/11/01,17.4,17.5,17.3,17.4
2010/11/02,17.3,17.5,17.3,17.3
2010/11/03,17.3,17.4,17.1,17.1
2010/11/04,17.1,17.2,17.0,17.1
2010/11/05,17.1,17.2,17.0,17.0
2010/11/08,17.0,17.1,16.5,16.5
2010/11/09,16.4,16.6,16.4,16.6
2010/11/10,16.6,16.8,16.6,16.6
2010/11/11,16.7,16.9,16.7,16.8
2010/11/12,16.8,16.8,16.6,16.6
2010/11/15,16.6,16.7,16.5,16.5
2010/11/16,16.4,16.6,16.4,16.5
2010/11/17,16.5,16.6,16.4,16.5
2010/11/18,16.4,16.6,16.4,16.6
2010/11/19,16.6,16.7,16.6,16.6
2010/11/22,16.6,17.0,16.6,16.8
2010/11/23,16.8,16.8,16.7,16.8
2010/11/24,16.6,16.8,16.6,16.7
2010/11/25,16.9,16.9,16.7,16.7
2010/11/26,16.9,16.9,16.7,16.7
2010/11/29,16.8,16.9,16.7,16.8
2010/11/30,16.8,17.2,16.8,16.9
2010/12/01,17.1,17.1,16.9,17.0
2010/12/02,17.1,17.4,17.1,17.3
2010/12/03,17.4,17.5,17.1,17.2
2010/12/06,17.2,17.3,17.2,17.2
2010/12/07,17.3,17.3,17.1,17.3
2010/12/08,17.3,17.4,17.3,17.3
2010/12/09,17.3,17.8,17.3,17.5
2010/12/10,17.6,17.7,17.4,17.6
2010/12/13,17.6,17.8,17.6,17.6
2010/12/14,17.7,17.8,17.4,17.4
2010/12/15,17.4,17.4,17.1,17.2
2010/12/16,16.9,17.2,16.9,17.0
2010/12/17,17.0,17.8,17.0,17.3
2010/12/20,17.4,17.5,17.2,17.2
2010/12/21,17.3,17.4,17.1,17.2
2010/12/22,17.3,17.3,17.1,17.2
2010/12/23,17.2,17.4,17.2,17.3
2010/12/24,17.3,17.5,17.2,17.2
2010/12/27,17.2,17.4,17.2,17.3
2010/12/28,17.2,17.3,17.2,17.3
2010/12/29,17.3,17.3,17.0,17.0
2010/12/30,17.0,17.2,17.0,17.1
2010/12/31,17.2,17.2,17.1,17.2
2011/01/03,17.2,17.2,17.0,17.1
2011/01/04,17.1,17.2,17.0,17.1
2011/01/05,17.1,17.2,16.8,16.9
2011/01/06,16.9,16.9,16.8,16.9
2011/01/07,16.9,17.0,16.7,16.7
2011/01/10,16.7,17.0,16.7,16.7
2011/01/11,16.9,17.0,16.7,16.9
2011/01/12,17.0,17.4,16.9,17.4
2011/01/13,17.4,17.4,17.2,17.3
2011/01/14,17.4,17.5,17.3,17.3
2011/01/17,17.4,17.4,17.0,17.1
2011/01/18,17.0,17.2,17.0,17.1
2011/01/19,17.2,17.7,17.2,17.7
2011/01/20,17.9,19.0,17.9,19.0
2011/01/21,19.1,19.4,18.8,19.0
2011/01/24,19.2,19.2,18.5,18.8
2011/01/25,18.9,19.4,18.7,18.7
2011/01/26,18.7,18.7,18.4,18.4
2011/01/27,18.4,18.7,18.4,18.5
2011/01/28,18.7,18.8,18.5,18.7
2011/02/08,18.8,18.9,18.4,18.4
2011/02/09,18.4,18.6,17.6,17.7
2011/02/10,17.7,17.8,17.5,17.5
2011/02/11,17.5,17.6,17.1,17.1
2011/02/14,17.1,17.6,17.1,17.4
2011/02/15,17.5,17.5,17.2,17.4
2011/02/16,17.3,17.6,17.3,17.5
2011/02/17,17.6,17.6,17.4,17.5
2011/02/18,17.5,17.5,17.4,17.5
2011/02/21,17.5,17.6,17.2,17.3
2011/02/22,17.2,17.2,16.9,17.0
2011/02/23,16.9,17.0,16.6,16.7
2011/02/24,16.7,17.0,16.7,16.9
2011/02/25,16.9,17.0,16.7,16.9
2011/03/01,17.1,17.4,17.1,17.2
2011/03/02,17.2,17.4,17.2,17.2
2011/03/03,17.4,17.4,17.3,17.4
2011/03/04,17.6,17.6,17.3,17.3
2011/03/07,17.3,17.3,17.0,17.2
2011/03/08,17.2,17.3,17.1,17.2
2011/03/09,17.2,17.4,17.2,17.2
2011/03/10,17.3,17.3,17.2,17.2
2011/03/11,17.2,17.2,17.0,17.1
2011/03/14,16.6,16.9,16.4,16.6
2011/03/15,16.9,17.1,15.6,15.9
2011/03/16,15.8,16.2,15.6,15.9
2011/03/17,16.0,16.0,15.5,15.9
2011/03/18,15.9,16.3,15.9,16.1
2011/03/21,16.3,16.5,16.2,16.5
2011/03/22,16.8,16.8,16.5,16.6
2011/03/23,16.6,16.8,16.5,16.7
2011/03/24,17.2,17.3,17.0,17.2
2011/03/25,18.3,18.4,17.8,18.4
2011/03/28,18.6,18.8,18.4,18.5
2011/03/29,18.4,18.5,18.2,18.3
2011/03/30,18.3,18.5,18.2,18.2
2011/03/31,18.4,18.4,18.2,18.2
2011/04/01,18.2,18.4,18.2,18.3
2011/04/06,18.5,18.7,18.5,18.5
2011/04/07,18.6,18.7,18.5,18.6
2011/04/08,18.7,18.7,18.4,18.4
2011/04/11,18.4,18.5,18.3,18.5
2011/04/12,18.5,18.5,18.3,18.3
2011/04/13,18.5,18.5,18.3,18.4
2011/04/14,18.4,18.5,18.3,18.4
2011/04/15,18.4,18.6,18.4,18.4
2011/04/18,18.5,18.7,18.4,18.4
2011/04/19,18.5,19.2,18.5,18.7
2011/04/20,18.7,18.9,18.7,18.8
2011/04/21,19.1,19.2,18.9,18.9
2011/04/22,19.1,19.1,18.7,18.8
2011/04/25,19.0,19.0,18.7,18.8
2011/04/26,18.9,19.0,18.8,19.0
2011/04/27,19.1,19.1,19.0,19.0
2011/04/28,19.1,19.2,19.0,19.0
2011/04/29,19.3,19.3,18.8,18.9
2011/05/03,19.1,19.1,18.8,18.8
2011/05/04,18.8,18.8,18.7,18.8
2011/05/05,18.9,19.0,18.9,18.9
2011/05/06,18.8,18.9,18.7,18.9
2011/05/09,19.1,19.1,18.9,18.9
2011/05/10,19.0,19.3,18.9,19.2
2011/05/11,19.6,20.1,19.6,19.7
2011/05/12,19.9,19.9,19.5,19.7
2011/05/13,19.9,20.5,19.7,20.0
2011/05/16,20.1,20.4,20.0,20.0
2011/05/17,20.0,20.3,20.0,20.1
2011/05/18,20.1,20.3,19.8,19.9
2011/05/19,19.8,20.1,19.6,19.7
2011/05/20,19.6,19.9,19.5,19.5
2011/05/23,19.5,19.5,19.2,19.3
2011/05/24,19.2,19.9,19.1,19.8
2011/05/25,20.8,20.8,20.2,20.2
2011/05/26,20.3,20.4,20.0,20.1
2011/05/27,20.2,20.3,20.0,20.0
2011/05/30,20.1,20.3,20.0,20.0
2011/05/31,20.1,20.6,19.9,20.5
2011/06/01,20.7,20.7,20.3,20.3
2011/06/02,20.2,20.3,19.9,20.1
2011/06/03,20.1,20.2,19.9,20.2
2011/06/07,20.2,20.4,20.2,20.2
2011/06/08,20.2,20.4,20.0,20.1
2011/06/09,20.0,20.2,20.0,20.1
2011/06/10,20.1,20.1,19.8,19.8
2011/06/13,19.6,19.7,19.4,19.7
2011/06/14,19.6,19.8,19.6,19.7
2011/06/15,19.8,19.9,19.7,19.8
2011/06/16,19.4,19.8,19.4,19.4
2011/06/17,19.4,19.6,19.4,19.5
2011/06/20,19.5,19.9,19.4,19.4
2011/06/21,19.4,19.6,19.3,19.6
2011/06/22,19.6,19.8,19.5,19.6
2011/06/23,19.6,19.7,19.4,19.5
2011/06/24,19.5,19.6,19.4,19.5
2011/06/27,19.4,19.5,19.4,19.5
2011/06/28,19.6,19.6,19.5,19.6
2011/06/29,19.7,19.9,19.6,19.9
2011/06/30,19.9,20.2,19.8,20.0
2011/07/01,20.1,20.1,20.0,20.0
2011/07/04,20.0,20.0,19.9,20.0
2011/07/05,20.0,20.1,19.8,19.9
2011/07/06,19.9,20.0,19.7,19.9
2011/07/07,19.9,19.9,19.7,19.8
2011/07/08,20.0,20.2,19.9,19.9
2011/07/11,19.9,19.9,19.3,19.3
2011/07/12,19.1,19.1,18.7,18.7
2011/07/13,18.7,18.9,18.7,18.8
2011/07/14,18.8,19.1,18.7,18.8
2011/07/15,18.8,19.2,18.7,19.1
2011/07/18,19.3,19.4,19.2,19.4
2011/07/19,19.7,19.9,19.6,19.8
2011/07/20,19.9,20.1,19.9,20.1
2011/07/21,20.2,20.3,20.1,20.1
2011/07/22,19.2,19.2,18.7,18.9
2011/07/25,18.8,18.9,18.5,18.5
2011/07/26,18.6,18.9,18.6,18.7
2011/07/27,18.7,18.9,18.6,18.6
2011/07/28,18.6,18.6,18.5,18.5
2011/07/29,18.5,18.6,18.3,18.4
2011/08/01,18.5,18.7,18.4,18.6
2011/08/02,18.6,18.6,18.4,18.4
2011/08/03,18.3,18.6,18.1,18.4
2011/08/04,18.4,18.5,18.1,18.2
2011/08/05,17.4,17.4,17.0,17.0
2011/08/08,16.8,16.8,15.8,16.0
2011/08/09,14.9,16.0,14.9,15.7
2011/08/10,16.1,16.8,16.1,16.8
2011/08/11,16.3,16.6,16.0,16.6
2011/08/12,16.9,17.2,16.5,16.6
2011/08/15,16.8,17.0,16.7,16.8
2011/08/16,17.1,17.1,16.9,16.9
2011/08/17,17.1,17.1,16.8,16.8
2011/08/18,17.0,17.0,16.5,16.6
2011/08/19,15.5,16.0,15.5,16.0
2011/08/22,16.0,16.1,15.8,16.1
2011/08/23,16.6,16.6,16.3,16.6
2011/08/24,16.6,17.0,16.6,16.6
2011/08/25,17.2,17.3,16.9,16.9
2011/08/26,16.9,17.2,16.8,16.9
2011/08/29,17.2,17.2,17.0,17.1
2011/08/30,17.4,17.6,17.4,17.4
2011/08/31,17.4,17.7,17.3,17.5
2011/09/01,17.5,17.7,17.5,17.5
2011/09/02,17.5,17.5,17.2,17.4
2011/09/05,16.9,17.2,16.9,17.1
2011/09/06,16.7,17.1,16.7,16.8
2011/09/07,17.0,17.1,16.8,17.0
2011/09/08,17.0,17.2,16.9,16.9
2011/09/09,17.0,17.0,16.9,17.0
2011/09/13,16.8,16.8,16.1,16.3
2011/09/14,16.5,16.5,16.1,16.2
2011/09/15,16.5,16.5,16.3,16.3
2011/09/16,16.4,16.7,16.4,16.6
2011/09/19,16.6,16.6,16.3,16.3
2011/09/20,16.3,16.4,16.3,16.3
2011/09/21,16.4,17.1,16.4,16.8
2011/09/22,16.6,16.7,16.4,16.7
2011/09/23,16.1,16.2,15.8,16.1
2011/09/26,15.9,15.9,15.4,15.4
2011/09/27,15.7,15.7,15.4,15.5
2011/09/28,15.6,15.8,15.5,15.6
2011/09/29,15.6,16.0,15.4,15.8
2011/09/30,15.9,15.9,15.8,15.9
2011/10/03,15.8,15.8,15.5,15.6
2011/10/04,15.5,15.8,15.5,15.6
2011/10/05,15.6,15.9,15.6,15.8
2011/10/06,15.8,16.1,15.8,15.9
2011/10/07,16.0,16.2,15.9,16.0
2011/10/11,16.2,16.5,16.1,16.4
2011/10/12,16.4,16.5,16.3,16.4
2011/10/13,16.4,16.5,16.3,16.4
2011/10/14,16.4,16.7,16.4,16.7
2011/10/17,16.7,16.8,16.6,16.7
2011/10/18,16.7,16.7,16.4,16.4
2011/10/19,16.4,17.2,16.4,17.0
2011/10/20,16.9,16.9,16.6,16.8
2011/10/21,17.1,17.2,16.9,17.1
2011/10/24,17.1,17.2,17.1,17.1
2011/10/25,17.3,17.3,17.1,17.1
2011/10/26,16.9,17.1,16.7,17.0
2011/10/27,17.0,17.3,17.0,17.1
2011/10/28,17.3,17.3,17.0,17.0
2011/10/31,17.4,17.4,16.9,17.0
2011/11/01,16.8,17.1,16.8,16.9
2011/11/02,16.6,16.8,16.5,16.7
2011/11/03,16.7,16.9,16.5,16.5
2011/11/04,16.7,16.8,16.6,16.7
2011/11/07,16.8,16.8,16.6,16.7
2011/11/08,16.6,16.9,16.6,16.8
2011/11/09,16.9,16.9,16.1,16.3
2011/11/10,16.1,16.1,15.9,16.0
2011/11/11,16.0,16.4,16.0,16.4
2011/11/14,16.4,16.6,16.3,16.5
2011/11/15,16.7,16.7,16.4,16.4
2011/11/16,16.4,16.5,16.3,16.3
2011/11/17,16.4,16.8,16.3,16.7
2011/11/18,16.6,16.6,16.3,16.4
2011/11/21,16.2,16.4,16.0,16.0
2011/11/22,16.0,16.0,15.6,15.9
2011/11/23,15.6,15.8,15.5,15.6
2011/11/24,15.5,15.7,15.0,15.7
2011/11/25,15.7,15.7,15.3,15.5
2011/11/28,15.5,15.6,15.5,15.5
2011/11/29,15.7,15.7,15.5,15.7
2011/11/30,15.7,15.7,15.4,15.6
2011/12/01,15.8,15.9,15.8,15.9
2011/12/02,15.8,15.9,15.7,15.7
2011/12/05,15.7,15.7,15.6,15.7
2011/12/06,15.7,15.7,15.5,15.5
2011/12/07,15.5,15.7,15.5,15.6
2011/12/08,15.6,15.6,15.5,15.6
2011/12/09,15.5,15.5,15.3,15.3
2011/12/12,15.3,15.5,15.3,15.5
2011/12/13,15.5,15.8,15.5,15.8
2011/12/14,15.7,16.1,15.6,16.1
2011/12/15,16.0,16.4,15.8,16.4
2011/12/16,16.4,16.4,16.1,16.4
2011/12/19,16.4,16.4,16.1,16.3
2011/12/20,16.3,16.4,16.1,16.4
2011/12/21,16.7,16.8,16.5,16.8
2011/12/22,16.8,17.1,16.6,16.8
2011/12/23,16.9,17.0,16.7,16.8
2011/12/26,16.8,16.8,16.6,16.6
2011/12/27,16.6,16.8,16.4,16.6
2011/12/28,16.5,16.8,16.5,16.8
2011/12/29,16.6,16.8,16.6,16.8
2011/12/30,16.8,16.9,16.7,16.8
2012/01/02,16.8,16.8,16.7,16.7
2012/01/03,16.8,16.8,16.6,16.6
2012/01/04,16.6,16.8,16.4,16.6
2012/01/05,16.6,16.8,16.6,16.7
2012/01/06,16.7,16.8,16.6,16.8
2012/01/09,16.8,16.8,16.5,16.5
2012/01/10,16.5,16.6,16.5,16.6
2012/01/11,16.6,16.8,16.6,16.8
2012/01/12,16.8,16.8,16.5,16.6
2012/01/13,16.6,16.7,16.5,16.5
2012/01/16,16.5,16.7,16.2,16.3
2012/01/17,16.4,16.7,16.3,16.7
2012/01/18,16.7,16.8,16.6,16.8
2012/01/30,17.2,17.2,16.8,16.9
2012/01/31,16.9,17.4,16.9,17.0
2012/02/01,17.1,17.4,17.1,17.2
2012/02/02,17.4,17.8,17.4,17.6
2012/02/03,17.6,18.0,17.4,17.8
2012/02/06,17.8,17.9,17.6,17.8
2012/02/07,17.7,17.8,17.4,17.5
2012/02/08,17.5,17.9,17.5,17.8
2012/02/09,17.9,18.1,17.7,18.0
2012/02/10,18.0,18.3,18.0,18.3
2012/02/13,18.2,18.3,18.1,18.2
2012/02/14,18.2,18.2,18.0,18.2
2012/02/15,18.2,18.3,18.1,18.1
2012/02/16,18.1,18.2,17.7,17.8
2012/02/17,17.4,17.9,17.4,17.5
2012/02/20,17.6,17.7,17.5,17.5
2012/02/21,17.7,17.7,17.5,17.6
2012/02/22,17.6,17.8,17.5,17.7
2012/02/23,17.7,17.8,17.7,17.7
2012/02/24,17.7,17.7,17.5,17.7
2012/02/29,17.7,17.8,17.7,17.7
2012/03/01,17.7,17.8,17.7,17.8
2012/03/02,17.8,17.9,17.7,17.9
2012/03/05,17.8,17.9,17.7,17.7
2012/03/06,17.6,17.6,17.2,17.3
2012/03/07,17.1,17.3,17.0,17.3
2012/03/08,17.4,17.5,17.4,17.4
2012/03/09,17.5,17.8,17.5,17.8
2012/03/12,17.9,17.9,17.7,17.9
2012/03/13,18.0,18.1,17.9,18.0
2012/03/14,18.1,18.2,17.9,17.9
2012/03/15,18.0,18.2,17.9,18.1
2012/03/16,18.2,18.2,18.0,18.0
2012/03/19,18.0,18.1,17.9,17.9
2012/03/20,18.4,19.2,18.4,19.2
2012/03/21,19.5,19.6,19.3,19.5
2012/03/22,19.6,20.0,19.5,19.5
2012/03/23,19.7,19.7,19.2,19.5
2012/03/26,19.5,19.6,19.4,19.6
2012/03/27,19.8,19.8,19.6,19.6
2012/03/28,19.6,19.7,19.4,19.6
2012/03/29,19.5,19.5,18.9,19.0
2012/03/30,18.8,19.3,18.7,19.3
2012/04/02,19.3,19.3,19.1,19.2
2012/04/03,19.1,19.2,18.4,18.6
2012/04/05,18.1,18.5,17.9,18.4
2012/04/06,18.4,19.0,18.4,18.9
2012/04/09,18.9,18.9,18.5,18.8
2012/04/10,18.9,19.0,18.7,18.8
2012/04/11,18.6,18.8,18.5,18.8
2012/04/12,18.7,18.8,18.6,18.8
2012/04/13,18.8,19.0,18.8,18.9
2012/04/16,18.8,18.9,18.7,18.8
2012/04/17,18.8,18.8,18.6,18.7
2012/04/18,18.8,18.8,18.5,18.7
2012/04/19,18.7,18.7,18.5,18.5
2012/04/20,18.4,18.6,18.4,18.4
2012/04/23,18.4,19.0,18.3,18.3
2012/04/24,18.3,18.5,18.3,18.5
2012/04/25,18.5,18.7,18.4,18.7
2012/04/26,18.7,18.7,18.4,18.5
2012/04/27,18.7,18.7,18.5,18.6
2012/04/30,18.3,18.3,17.9,18.2
2012/05/02,18.2,18.7,17.9,18.3
2012/05/03,18.5,18.5,18.3,18.4
2012/05/04,18.4,18.6,18.4,18.5
2012/05/07,18.3,18.4,18.1,18.3
2012/05/08,18.3,18.4,18.2,18.3
2012/05/09,18.3,18.3,18.1,18.1
2012/05/10,18.3,18.3,18.0,18.0
2012/05/11,18.1,18.1,17.7,18.1
2012/05/14,17.9,18.1,17.8,17.8
2012/05/15,17.8,18.0,17.7,17.8
2012/05/16,17.8,17.9,17.8,17.9
2012/05/17,18.1,18.1,17.8,18.1
2012/05/18,17.7,18.0,17.5,17.9
2012/05/21,18.1,18.1,18.0,18.1
2012/05/22,18.1,18.1,18.1,18.1
2012/05/23,18.1,18.1,17.9,18.1
2012/05/24,18.1,18.1,17.8,17.8
2012/05/25,17.7,17.7,17.4,17.5
2012/05/28,17.5,17.6,17.4,17.5
2012/05/29,17.5,17.9,17.5,17.8
2012/05/30,17.9,17.9,17.7,17.8
2012/05/31,17.7,17.7,17.5,17.6
2012/06/01,17.6,17.7,17.6,17.6
2012/06/04,17.4,17.4,17.0,17.0
2012/06/05,17.0,17.4,17.0,17.2
2012/06/06,17.2,17.4,17.2,17.2
2012/06/07,17.5,17.5,17.3,17.3
2012/06/08,17.3,17.4,17.2,17.2
2012/06/11,17.4,17.5,17.2,17.2
2012/06/12,17.2,17.7,17.2,17.4
2012/06/13,17.4,17.5,17.4,17.5
2012/06/14,17.3,17.4,17.2,17.4
2012/06/15,17.4,17.6,17.4,17.6
2012/06/18,17.7,17.9,17.7,17.8
2012/06/19,18.0,18.0,17.7,17.8
2012/06/20,17.8,17.9,17.8,17.8
2012/06/21,17.9,17.9,17.8,17.8
2012/06/22,17.7,17.9,17.7,17.7
2012/06/25,17.7,17.9,17.7,17.8
2012/06/26,17.8,17.8,17.7,17.8
2012/06/27,18.0,18.0,17.8,17.8
2012/06/28,17.8,17.9,17.8,17.8
2012/06/29,17.8,17.9,17.8,17.8
2012/07/02,17.8,18.1,17.8,17.9
2012/07/03,17.9,18.0,17.9,18.0
2012/07/04,18.1,18.2,18.0,18.2
2012/07/05,18.2,18.2,18.1,18.1
2012/07/06,18.1,18.1,18.0,18.0
2012/07/09,18.0,18.0,18.0,18.0
2012/07/10,17.9,17.9,17.7,17.8
2012/07/11,17.8,17.8,17.7,17.7
2012/07/12,17.7,17.7,17.4,17.6
2012/07/13,17.6,17.7,17.5,17.5
2012/07/16,17.6,17.6,17.4,17.4
2012/07/17,17.4,17.5,17.4,17.5
2012/07/18,17.5,17.6,17.4,17.5
2012/07/19,17.5,17.7,17.5,17.7
2012/07/20,17.7,18.0,17.7,17.9
2012/07/23,17.9,17.9,17.5,17.5
2012/07/24,16.3,16.4,16.2,16.2
2012/07/25,16.2,16.2,15.8,15.9
2012/07/26,15.9,16.0,15.8,15.8
2012/07/27,15.9,16.0,15.9,15.9
2012/07/30,16.0,16.6,16.0,16.3
2012/07/31,16.3,16.4,16.2,16.2
2012/08/01,16.2,16.3,16.1,16.3
2012/08/03,16.1,16.3,16.1,16.1
2012/08/06,16.3,16.3,16.1,16.2
2012/08/07,16.2,16.3,16.1,16.2
2012/08/08,16.2,16.2,16.1,16.1
2012/08/09,15.9,16.1,15.9,16.1
2012/08/10,16.0,16.2,16.0,16.1
2012/08/13,16.1,16.1,16.0,16.0
2012/08/14,16.0,16.1,16.0,16.1
2012/08/15,16.1,16.1,15.9,16.0
2012/08/16,16.0,16.1,16.0,16.0
2012/08/17,16.1,16.2,16.1,16.1
2012/08/20,16.2,16.2,16.0,16.1
2012/08/21,16.1,16.2,16.1,16.1
2012/08/22,16.2,16.2,16.0,16.1
2012/08/23,16.0,16.1,16.0,16.1
2012/08/24,16.2,16.2,16.0,16.1
2012/08/27,16.1,16.1,16.0,16.1
2012/08/28,16.1,16.1,16.0,16.0
2012/08/29,16.0,16.1,15.8,16.0
2012/08/30,16.1,16.1,16.0,16.1
2012/08/31,16.1,16.1,16.0,16.0
2012/09/03,16.0,16.1,15.9,16.0
2012/09/04,16.1,16.1,15.9,16.0
2012/09/05,16.0,16.2,15.9,16.0
2012/09/06,16.0,16.1,16.0,16.0
2012/09/07,16.1,16.1,16.0,16.0
2012/09/10,16.0,16.5,16.0,16.3
2012/09/11,16.2,16.2,16.1,16.1
2012/09/12,16.1,16.2,16.0,16.0
2012/09/13,16.0,16.1,16.0,16.1
2012/09/14,16.2,16.2,16.1,16.2
2012/09/17,16.3,16.3,16.1,16.2
2012/09/18,16.2,16.2,16.1,16.1
2012/09/19,16.1,16.3,16.1,16.2
2012/09/20,16.2,17.3,16.2,17.0
2012/09/21,17.0,17.1,16.7,16.8
2012/09/24,16.8,16.8,16.6,16.6
2012/09/25,16.6,16.7,16.6,16.7
2012/09/26,16.6,16.6,16.4,16.4
2012/09/27,16.4,16.4,16.4,16.4
2012/09/28,16.4,16.5,16.3,16.4
2012/10/01,16.4,16.4,16.2,16.3
2012/10/02,16.3,16.4,16.3,16.4
2012/10/03,16.3,16.5,16.3,16.5
2012/10/04,16.5,16.5,16.3,16.4
2012/10/05,16.3,16.4,16.3,16.3
2012/10/08,16.3,16.3,16.2,16.2
2012/10/09,16.2,16.2,16.1,16.1
2012/10/11,16.1,16.1,15.6,15.6
2012/10/12,15.6,15.7,15.6,15.6
2012/10/15,15.6,15.6,15.4,15.4
2012/10/16,15.4,15.7,15.4,15.5
2012/10/17,15.5,15.6,15.4,15.4
2012/10/18,15.4,15.4,15.3,15.3
2012/10/19,15.3,15.3,14.7,14.9
2012/10/22,14.6,14.8,14.5,14.6
2012/10/23,14.6,14.8,14.6,14.8
2012/10/24,14.6,14.7,14.6,14.6
2012/10/25,14.6,14.7,14.5,14.6
2012/10/26,14.6,14.6,14.1,14.2
2012/10/29,14.2,14.2,14.0,14.0
2012/10/30,14.2,14.3,14.1,14.3
2012/10/31,14.3,14.3,14.2,14.3
2012/11/01,14.3,14.5,14.2,14.5
2012/11/02,14.7,14.7,14.6,14.6
2012/11/05,14.6,14.7,14.4,14.4
2012/11/06,14.4,14.5,14.3,14.5
2012/11/07,14.5,14.5,14.5,14.5
2012/11/08,14.5,14.5,14.4,14.5
2012/11/09,14.5,14.6,14.4,14.5
2012/11/12,14.6,14.6,14.4,14.5
2012/11/13,14.5,14.5,14.2,14.3
2012/11/14,14.2,14.3,14.1,14.3
2012/11/15,14.2,14.3,14.1,14.2
2012/11/16,14.2,14.2,14.2,14.2
2012/11/19,14.2,14.3,14.2,14.2
2012/11/20,14.2,14.3,14.2,14.2
2012/11/21,14.3,14.3,14.2,14.2
2012/11/22,14.2,14.3,14.1,14.3
2012/11/23,14.3,14.4,14.3,14.4
2012/11/26,14.5,14.5,14.3,14.5
2012/11/27,14.5,14.5,14.4,14.4
2012/11/28,14.3,14.4,14.2,14.4
2012/11/29,14.4,14.4,14.3,14.4
2012/11/30,14.5,14.5,14.4,14.5
2012/12/03,14.6,14.7,14.5,14.6
2012/12/04,14.6,14.7,14.5,14.7
2012/12/05,14.8,15.0,14.7,15.0
2012/12/06,15.0,15.0,14.7,14.8
2012/12/07,14.8,14.8,14.6,14.7
2012/12/10,14.7,14.7,14.5,14.5
2012/12/11,14.7,14.7,14.4,14.4
2012/12/12,14.4,14.5,14.4,14.4
2012/12/13,14.5,14.6,14.5,14.6
2012/12/14,14.5,14.6,14.4,14.5
2012/12/17,14.6,14.7,14.5,14.5
2012/12/18,14.6,14.7,14.5,14.7
2012/12/19,14.7,14.9,14.7,14.8
2012/12/20,14.8,14.8,14.6,14.6
2012/12/21,14.6,14.6,14.4,14.4
2012/12/24,14.2,14.3,14.2,14.3
2012/12/25,14.3,14.5,14.3,14.5
2012/12/26,14.5,14.5,14.4,14.5
2012/12/27,14.3,14.4,14.3,14.4
2012/12/28,14.4,14.5,14.3,14.4
2013/01/02,14.5,14.5,14.4,14.5
2013/01/03,14.8,14.8,14.5,14.5
2013/01/04,14.5,14.5,14.4,14.5
2013/01/07,14.4,14.5,14.4,14.5
2013/01/08,14.5,14.5,14.4,14.4
2013/01/09,14.4,14.5,14.3,14.5
2013/01/10,14.5,14.5,14.4,14.5
2013/01/11,14.5,14.5,14.4,14.5
2013/01/14,14.5,14.5,14.4,14.4
2013/01/15,14.5,14.5,14.4,14.4
2013/01/16,14.5,15.1,14.5,14.7
2013/01/17,14.8,14.8,14.3,14.4
2013/01/18,14.5,14.5,14.4,14.4
2013/01/21,14.5,14.5,14.4,14.5
2013/01/22,14.7,15.5,14.7,15.5
2013/01/23,15.6,15.7,15.1,15.3
2013/01/24,15.3,15.4,15.1,15.2
2013/01/25,15.2,15.9,15.2,15.5
2013/01/28,15.4,15.7,15.4,15.5
2013/01/29,15.6,15.8,15.4,15.5
2013/01/30,15.6,15.6,15.3,15.3
2013/01/31,15.3,15.3,15.1,15.2
2013/02/01,15.3,15.3,15.1,15.1
2013/02/04,15.1,15.4,15.1,15.3
2013/02/05,15.3,15.3,15.0,15.3
2013/02/06,15.3,15.4,15.2,15.2
2013/02/18,15.6,15.6,15.4,15.5
2013/02/19,15.5,15.5,15.4,15.5
2013/02/20,15.4,15.6,15.4,15.5
2013/02/21,15.6,15.6,15.4,15.4
2013/02/22,15.4,15.4,15.3,15.3
2013/02/25,15.5,16.1,15.4,16.0
2013/02/26,15.6,15.9,15.6,15.8
2013/02/27,15.8,15.9,15.7,15.8
2013/03/01,15.8,16.0,15.8,15.9
2013/03/04,15.9,16.0,15.6,15.7
2013/03/05,15.7,15.9,15.7,15.8
2013/03/06,15.9,16.0,15.8,16.0
2013/03/07,16.0,16.1,15.9,16.0
2013/03/08,16.0,16.2,16.0,16.0
2013/03/11,16.0,16.0,15.8,15.9
2013/03/12,15.9,16.2,15.8,15.9
2013/03/13,16.0,16.5,16.0,16.2
2013/03/14,16.2,16.3,16.0,16.0
2013/03/15,16.1,16.1,16.1,16.1
2013/03/18,16.0,16.2,15.9,15.9
2013/03/19,15.9,16.0,15.9,15.9
2013/03/20,15.9,16.0,15.8,15.9
2013/03/21,15.9,16.1,15.9,16.0
2013/03/22,16.0,16.5,15.9,16.3
2013/03/25,16.4,16.4,16.2,16.3
2013/03/26,16.3,16.3,16.2,16.3
2013/03/27,16.2,16.3,16.2,16.2
2013/03/28,16.1,16.2,16.1,16.2
2013/03/29,16.2,16.2,16.1,16.2
2013/04/01,16.2,16.3,16.1,16.2
2013/04/02,16.2,16.4,16.2,16.2
2013/04/03,16.2,16.4,16.2,16.3
2013/04/08,16.2,16.2,15.8,16.1
2013/04/09,16.1,16.7,16.1,16.2
2013/04/10,16.4,16.9,16.4,16.6
2013/04/11,17.8,17.8,17.8,17.8
2013/04/12,18.8,18.8,18.0,18.2
2013/04/15,17.8,18.0,17.5,17.6
2013/04/16,17.3,18.8,17.1,18.8
2013/04/17,18.8,18.8,18.4,18.8
2013/04/18,18.8,19.5,18.6,18.6
2013/04/19,18.6,18.7,18.4,18.4
2013/04/22,18.4,18.4,17.7,18.3
2013/04/23,18.3,18.9,18.3,18.5
2013/04/24,18.9,18.9,18.2,18.3
2013/04/25,18.1,18.4,17.9,18.1
2013/04/26,18.1,18.3,18.1,18.1
2013/04/29,18.0,18.1,17.8,18.0
2013/04/30,18.0,18.5,18.0,18.4
2013/05/02,18.4,18.4,18.0,18.3
2013/05/03,18.3,18.4,18.2,18.3
2013/05/06,18.2,18.6,18.2,18.3
2013/05/07,18.4,18.4,17.9,18.1
2013/05/08,18.1,18.2,18.1,18.1
2013/05/09,18.3,18.8,18.2,18.3
2013/05/10,18.2,18.2,18.1,18.2
2013/05/13,18.8,18.8,18.2,18.3
2013/05/14,18.3,18.4,18.2,18.3
2013/05/15,18.4,18.4,18.2,18.3
2013/05/16,18.4,18.4,18.2,18.3
2013/05/17,18.1,18.3,18.1,18.2
2013/05/20,18.3,18.3,18.0,18.0
2013/05/21,18.1,18.4,18.1,18.3
2013/05/22,18.4,18.4,18.2,18.3
2013/05/23,18.3,18.3,18.1,18.2
2013/05/24,18.2,18.3,18.1,18.2
2013/05/27,18.2,18.2,18.0,18.1
2013/05/28,18.0,18.4,18.0,18.2
2013/05/29,18.4,18.4,18.1,18.2
2013/05/30,18.2,18.3,18.1,18.2
2013/05/31,18.3,18.3,18.2,18.2
2013/06/03,18.2,18.3,18.0,18.3
2013/06/04,18.3,18.7,18.3,18.6
2013/06/05,18.8,18.8,18.4,18.4
2013/06/06,18.4,18.7,18.4,18.5
2013/06/07,18.6,18.6,18.2,18.3
2013/06/10,18.8,18.9,18.4,18.6
2013/06/11,18.7,18.8,18.4,18.6
2013/06/13,18.5,18.6,18.2,18.2
2013/06/14,18.2,18.3,18.0,18.2
2013/06/17,18.1,18.4,18.1,18.4
2013/06/18,18.3,18.4,18.1,18.3
2013/06/19,18.3,18.4,18.2,18.3
2013/06/20,18.1,18.4,18.1,18.1
2013/06/21,17.7,17.8,17.3,17.6
2013/06/24,17.5,17.7,17.5,17.6
2013/06/25,17.6,17.7,17.1,17.2
2013/06/26,17.4,17.7,17.3,17.7
2013/06/27,17.7,17.8,17.6,17.6
2013/06/28,17.6,17.6,17.5,17.6
2013/07/01,17.6,17.7,17.5,17.6
2013/07/02,17.6,17.7,17.6,17.7
2013/07/03,17.7,17.8,17.7,17.7
2013/07/04,17.7,17.7,17.6,17.7
2013/07/05,17.7,17.8,17.7,17.8
2013/07/08,17.7,17.8,17.7,17.7
2013/07/09,17.6,17.8,17.5,17.8
2013/07/10,18.1,18.7,18.1,18.4
2013/07/11,18.4,18.8,18.4,18.6
2013/07/12,18.6,18.7,18.4,18.4
2013/07/15,18.7,18.8,18.5,18.6
2013/07/16,18.7,19.1,18.7,18.9
2013/07/17,19.0,19.6,19.0,19.5
2013/07/18,19.6,20.0,19.5,19.7
2013/07/19,19.7,19.7,18.9,19.2
2013/07/22,19.2,19.4,19.2,19.3
2013/07/23,19.4,19.4,19.2,19.3
2013/07/24,19.2,19.2,18.8,18.9
2013/07/25,18.9,19.1,18.9,19.1
2013/07/26,19.1,19.2,19.0,19.0
2013/07/29,19.0,19.0,18.7,19.0
2013/07/30,19.0,19.0,18.9,19.0
2013/07/31,19.0,19.0,19.0,19.0
2013/08/01,19.1,19.5,19.1,19.4
2013/08/02,19.7,19.9,19.7,19.8
2013/08/05,19.9,20.2,19.9,20.0
2013/08/06,20.0,20.1,19.7,19.9
2013/08/07,19.8,19.8,19.5,19.6
2013/08/08,19.5,20.1,19.5,20.0
2013/08/09,20.2,20.3,19.3,19.7
2013/08/12,19.7,19.9,19.4,19.5
2013/08/13,19.8,19.8,19.5,19.5
2013/08/14,19.5,19.7,19.5,19.7
2013/08/15,19.5,19.5,19.2,19.2
2013/08/16,19.2,19.3,19.0,19.1
2013/08/19,19.2,19.2,19.1,19.2
2013/08/20,19.3,19.4,18.9,19.1
2013/08/22,18.8,19.2,18.8,19.0
2013/08/23,19.1,19.1,18.9,19.0
2013/08/26,19.1,20.3,19.1,20.1
2013/08/27,20.1,20.1,19.4,19.5
2013/08/28,19.1,19.4,19.1,19.2
2013/08/29,19.2,19.4,19.2,19.2
2013/08/30,19.2,19.3,19.0,19.2
2013/09/02,19.2,19.3,19.1,19.3
2013/09/03,19.3,19.4,19.1,19.2
2013/09/04,19.2,19.2,19.0,19.0
2013/09/05,19.1,19.4,19.1,19.2
2013/09/06,19.2,19.3,19.2,19.2
2013/09/09,19.2,19.2,19.1,19.1
2013/09/10,19.7,19.9,19.2,19.4
2013/09/11,19.4,19.6,19.3,19.5
2013/09/12,19.5,19.8,19.5,19.6
2013/09/13,19.6,19.7,19.5,19.6
2013/09/16,19.7,19.8,19.6,19.7
2013/09/17,19.7,19.7,19.4,19.5
2013/09/18,19.5,19.6,19.5,19.5
2013/09/23,19.5,19.6,19.5,19.5
2013/09/24,19.5,19.7,19.5,19.7
2013/09/25,19.7,20.4,19.7,20.3
2013/09/26,20.4,20.5,19.9,19.9
2013/09/27,20.0,20.2,19.8,20.1
2013/09/30,20.1,20.1,19.9,20.0
2013/10/01,20.0,20.1,19.9,19.9
2013/10/02,19.9,20.0,19.9,19.9
2013/10/03,19.9,20.1,19.9,20.1
2013/10/04,20.1,20.2,20.1,20.1
2013/10/07,20.1,20.3,20.0,20.1
2013/10/08,20.1,20.1,19.9,20.0
2013/10/09,20.2,20.7,20.2,20.2
2013/10/11,20.5,20.6,20.2,20.2
2013/10/14,20.2,20.4,19.9,19.9
2013/10/15,19.9,20.1,19.9,20.1
2013/10/16,20.2,20.2,20.0,20.2
2013/10/17,20.3,20.3,20.2,20.3
2013/10/18,20.3,20.7,20.3,20.6
2013/10/21,20.6,20.7,20.4,20.7
2013/10/22,20.7,20.8,20.5,20.8
2013/10/23,20.8,21.2,20.7,20.8
2013/10/24,20.8,20.8,20.5,20.5
2013/10/25,20.6,20.7,20.4,20.5
2013/10/28,20.5,20.6,20.4,20.4
2013/10/29,20.5,20.6,20.3,20.4
2013/10/30,20.7,20.8,20.6,20.7
2013/10/31,20.7,20.7,20.5,20.5
2013/11/01,20.5,20.5,20.3,20.3
2013/11/04,20.3,20.3,19.9,20.0
2013/11/05,20.0,20.1,19.5,19.6
2013/11/06,19.8,19.8,19.5,19.5
2013/11/07,19.6,19.7,19.5,19.6
2013/11/08,19.7,19.7,19.5,19.6
2013/11/11,19.9,20.1,19.7,19.9
2013/11/12,19.9,20.1,19.6,19.9
2013/11/13,20.3,20.7,20.0,20.1
2013/11/14,20.3,20.5,20.1,20.1
2013/11/15,20.3,20.5,20.1,20.3
2013/11/18,20.5,20.5,20.2,20.2
2013/11/19,20.3,20.3,20.1,20.2
2013/11/20,20.3,20.3,20.1,20.2
2013/11/21,20.2,20.2,19.9,20.2
2013/11/22,20.1,20.2,20.0,20.0
2013/11/25,20.0,20.2,19.9,20.0
2013/11/26,20.0,20.1,19.9,20.0
2013/11/27,20.0,20.1,19.9,20.0
2013/11/28,20.1,20.3,20.1,20.1
2013/11/29,20.2,20.2,20.1,20.1
2013/12/02,20.2,20.2,20.1,20.2
2013/12/03,20.2,20.3,20.2,20.3
2013/12/04,20.3,20.7,20.3,20.5
2013/12/05,20.6,20.7,20.6,20.7
2013/12/06,20.7,21.1,20.7,20.9
2013/12/09,21.2,21.3,20.9,21.0
2013/12/10,21.3,21.5,21.1,21.2
2013/12/11,21.2,21.3,20.9,20.9
2013/12/12,20.7,21.0,20.7,20.9
2013/12/13,20.9,21.1,20.8,21.1
2013/12/16,21.3,21.5,21.0,21.0
2013/12/17,21.2,21.2,21.0,21.1
2013/12/18,20.8,21.2,20.8,21.0
2013/12/19,21.1,21.1,21.0,21.0
2013/12/20,20.9,21.2,20.9,21.1
2013/12/23,21.3,21.4,21.1,21.4
2013/12/24,21.5,21.5,21.2,21.2
2013/12/25,21.4,21.7,21.4,21.5
2013/12/26,21.6,21.6,21.2,21.3
2013/12/27,21.4,21.5,21.3,21.5
2013/12/30,21.5,21.7,21.5,21.5
2013/12/31,21.6,21.7,21.4,21.4
2014/01/02,21.5,21.6,21.5,21.6
2014/01/03,21.5,21.7,21.4,21.7
2014/01/06,21.8,23.2,21.7,22.8
2014/01/07,22.8,23.0,22.5,22.7
2014/01/08,22.9,23.4,22.7,23.2
2014/01/09,23.3,23.8,22.8,22.8
2014/01/10,23.2,23.4,22.8,23.0
2014/01/13,23.4,23.4,23.0,23.0
2014/01/14,23.0,23.0,22.8,22.8
2014/01/15,22.8,23.2,22.8,23.0
2014/01/16,23.2,23.3,22.9,23.1
2014/01/17,23.1,23.2,22.8,22.8
2014/01/20,22.8,22.9,22.7,22.7
2014/01/21,22.7,23.0,22.6,22.9
2014/01/22,22.9,23.0,22.8,22.9
2014/01/23,22.9,23.0,22.6,22.8
2014/01/24,22.7,22.7,22.3,22.3
2014/01/27,22.1,22.1,21.7,21.9
2014/02/05,21.5,21.7,21.5,21.7
2014/02/06,21.7,22.0,21.7,21.9
2014/02/07,22.1,22.5,22.0,22.2
2014/02/10,22.2,22.3,21.9,22.0
2014/02/11,22.4,23.2,22.4,23.0
2014/02/12,23.4,23.7,23.1,23.4
2014/02/13,23.4,23.5,23.0,23.2
2014/02/14,23.8,23.8,23.0,23.0
2014/02/17,23.1,23.2,22.8,22.8
2014/02/18,22.9,23.2,22.8,23.0
2014/02/19,23.3,23.3,23.0,23.2
2014/02/20,23.2,23.2,23.0,23.0
2014/02/21,23.3,23.8,23.2,23.6
2014/02/24,23.8,24.2,23.7,23.8
2014/02/25,24.0,24.0,23.3,23.5
2014/02/26,23.5,23.9,23.5,23.8
2014/02/27,23.9,24.5,23.9,24.0
2014/03/03,24.0,24.0,23.7,23.7
2014/03/04,23.7,23.8,23.5,23.6
2014/03/05,23.7,24.0,23.7,23.8
2014/03/06,23.8,24.2,23.8,24.1
2014/03/07,24.1,24.5,23.6,23.6
2014/03/10,23.8,24.0,23.7,24.0
2014/03/11,24.2,25.4,24.2,25.2
2014/03/12,25.2,25.4,24.8,25.1
2014/03/13,25.1,25.7,25.1,25.2
2014/03/14,24.8,25.0,24.6,25.0
2014/03/17,25.0,25.0,24.5,24.8
2014/03/18,25.0,25.0,24.6,24.8
2014/03/19,24.8,25.0,24.3,24.4
2014/03/20,24.2,24.2,23.7,24.0
2014/03/21,24.0,24.3,23.8,23.9
2014/03/24,23.8,23.8,23.2,23.7
2014/03/25,23.5,24.2,23.5,24.1
2014/03/26,24.6,25.1,24.6,24.8
2014/03/27,24.8,24.8,24.5,24.6
2014/03/28,24.7,25.4,24.6,24.7
2014/03/31,24.9,25.2,24.8,24.9
2014/04/01,25.1,25.4,24.8,24.8
2014/04/02,24.9,25.0,24.8,24.9
2014/04/03,24.8,25.0,24.7,24.7
2014/04/07,24.7,24.8,24.6,24.8
2014/04/08,24.7,24.8,24.6,24.7
2014/04/09,24.7,25.2,24.7,25.0
2014/04/10,25.2,25.3,24.8,24.8
2014/04/11,24.6,24.7,24.2,24.4
2014/04/14,24.2,24.4,24.0,24.1
2014/04/15,24.1,24.4,24.1,24.2
2014/04/16,24.4,24.5,24.3,24.4
2014/04/17,24.5,24.8,24.5,24.6
2014/04/18,24.8,24.8,24.6,24.6
2014/04/21,24.8,24.8,24.4,24.6
2014/04/22,24.6,24.7,24.4,24.7
2014/04/23,24.8,24.9,24.6,24.8
2014/04/24,24.8,24.8,24.4,24.5
2014/04/25,24.1,24.3,23.5,23.8
2014/04/28,22.5,23.7,22.4,23.6
2014/04/29,23.8,23.9,23.7,23.8
2014/04/30,24.2,24.2,23.8,23.8
2014/05/02,23.8,24.0,23.8,23.9
2014/05/05,24.0,24.1,24.0,24.0
2014/05/06,24.0,24.4,24.0,24.2
2014/05/07,24.2,24.4,24.1,24.3
2014/05/08,24.4,24.4,24.2,24.2
2014/05/09,24.3,24.3,24.2,24.2
2014/05/12,24.3,24.6,24.3,24.3
2014/05/13,24.5,24.8,24.2,24.2
2014/05/14,24.5,24.5,23.9,24.1
2014/05/15,24.1,24.2,23.9,23.9
2014/05/16,23.8,24.2,23.8,24.0
2014/05/19,24.0,24.2,24.0,24.0
2014/05/20,24.2,24.2,24.0,24.0
2014/05/21,24.0,24.1,23.9,24.0
2014/05/22,24.0,24.1,24.0,24.1
2014/05/23,24.2,24.8,24.2,24.8
2014/05/26,25.0,25.3,24.8,25.2
2014/05/27,25.7,26.9,25.6,25.9
2014/05/28,25.9,26.0,25.5,25.6
2014/05/29,25.6,25.8,25.5,25.6
2014/05/30,25.6,25.7,25.5,25.5
2014/06/03,25.7,25.7,25.5,25.5
2014/06/04,25.5,26.0,25.5,25.9
2014/06/05,25.9,26.0,25.7,25.9
2014/06/06,25.9,26.5,25.9,26.1
2014/06/09,26.1,26.5,26.0,26.2
2014/06/10,26.6,26.6,26.1,26.2
2014/06/11,26.5,26.5,26.1,26.1
2014/06/12,26.1,26.1,25.8,25.9
2014/06/13,25.9,25.9,25.4,25.4
2014/06/16,25.5,26.0,25.5,25.7
2014/06/17,25.7,25.9,25.6,25.7
2014/06/18,25.7,25.8,25.5,25.7
2014/06/19,25.7,26.0,25.7,25.7
2014/06/20,25.7,25.9,25.7,25.7
2014/06/23,25.7,25.9,25.2,25.2
2014/06/24,25.2,25.6,25.2,25.4
2014/06/25,25.3,25.4,25.2,25.3
2014/06/26,25.3,25.4,25.3,25.4
2014/06/27,25.5,25.5,25.4,25.4
2014/06/30,25.4,25.6,25.4,25.5
2014/07/01,25.5,25.6,25.5,25.6
2014/07/02,25.6,25.7,25.4,25.5
2014/07/03,25.5,25.6,25.5,25.5
2014/07/04,25.5,25.6,25.5,25.5
2014/07/07,25.5,25.6,25.5,25.5
2014/07/08,25.4,25.5,25.2,25.4
2014/07/09,25.3,25.8,25.2,25.7
2014/07/10,25.9,26.0,25.6,25.6
2014/07/11,25.7,25.7,25.1,25.3
2014/07/14,25.4,25.5,25.3,25.4
2014/07/15,25.5,25.5,25.4,25.4
2014/07/16,25.4,25.5,25.3,25.4
2014/07/17,25.5,25.6,25.4,25.4
2014/07/18,25.3,25.4,25.2,25.4
2014/07/21,25.6,25.8,25.6,25.7
2014/07/22,25.8,25.8,25.6,25.7
2014/07/24,25.7,25.8,25.6,25.7
2014/07/25,25.7,26.2,25.6,25.8
2014/07/28,25.9,25.9,25.7,25.7
2014/07/29,25.8,25.8,25.3,25.5
2014/07/30,25.7,25.7,25.5,25.6
2014/07/31,25.6,25.7,25.4,25.5
2014/08/01,25.3,25.5,25.3,25.4
2014/08/04,25.4,25.6,25.4,25.6
2014/08/05,24.8,25.1,24.8,24.9
2014/08/06,24.9,25.0,24.5,24.6
2014/08/07,24.7,24.7,24.5,24.5
2014/08/08,24.5,24.6,24.0,24.2
2014/08/11,24.9,25.5,24.8,25.5
2014/08/12,25.7,25.9,25.4,25.6
2014/08/13,25.4,25.4,24.5,24.9
2014/08/14,24.9,25.0,24.7,24.8
2014/08/15,24.8,24.8,24.4,24.6
2014/08/18,24.6,24.6,24.2,24.2
2014/08/19,24.3,24.4,24.2,24.3
2014/08/20,24.4,24.4,24.2,24.2
2014/08/21,24.3,24.3,24.0,24.2
2014/08/22,24.2,24.4,24.1,24.3
2014/08/25,24.5,24.5,24.4,24.5
2014/08/26,24.6,24.7,24.5,24.7
2014/08/27,24.7,25.1,24.7,24.9
2014/08/28,25.2,25.4,25.1,25.2
2014/08/29,25.2,25.2,25.1,25.2
2014/09/01,25.2,25.3,25.0,25.2
2014/09/02,25.2,25.3,24.9,25.0
2014/09/03,24.9,25.2,24.9,25.0
2014/09/04,25.0,25.1,24.8,24.8
2014/09/05,24.8,24.9,24.7,24.8
2014/09/09,24.8,25.1,24.8,25.1
2014/09/10,25.1,25.1,24.8,25.0
2014/09/11,25.2,25.2,24.8,24.9
2014/09/12,24.9,24.9,24.5,24.6
2014/09/15,24.5,24.5,24.2,24.3
2014/09/16,24.5,24.5,23.9,24.0
2014/09/17,24.0,24.4,24.0,24.3
2014/09/18,24.3,24.5,24.3,24.4
2014/09/19,24.4,24.7,24.4,24.6
2014/09/22,24.2,24.5,24.2,24.4
2014/09/23,24.3,24.3,24.2,24.3
2014/09/24,24.3,24.4,24.3,24.3
2014/09/25,24.5,24.5,24.1,24.1
2014/09/26,23.7,24.1,23.7,23.8
2014/09/29,23.8,23.9,23.6,23.6
2014/09/30,23.6,23.8,23.1,23.6
2014/10/01,23.6,23.9,23.5,23.7
2014/10/02,23.5,23.7,23.5,23.7
2014/10/03,23.7,24.0,23.7,23.9
2014/10/06,23.9,23.9,23.4,23.6
2014/10/07,23.6,23.6,23.1,23.2
2014/10/08,23.1,23.2,23.1,23.1
2014/10/09,23.2,23.3,23.1,23.1
2014/10/13,23.0,23.1,22.5,22.5
2014/10/14,22.5,23.3,22.3,22.8
2014/10/15,22.8,22.8,22.0,22.2
2014/10/16,22.2,22.2,21.2,21.5
2014/10/17,21.4,21.5,20.0,20.0
2014/10/20,20.0,20.6,19.6,20.6
2014/10/21,20.6,21.1,20.3,20.9
2014/10/22,21.1,21.2,20.9,21.1
2014/10/23,21.1,21.1,20.9,21.1
2014/10/24,21.1,21.1,20.8,20.8
2014/10/27,20.8,20.8,20.2,20.5
2014/10/28,20.6,20.9,20.6,20.8
2014/10/29,21.1,21.2,20.9,21.1
2014/10/30,21.2,21.3,20.9,21.1
2014/10/31,21.2,21.2,21.0,21.2
2014/11/03,21.3,21.3,21.1,21.1
2014/11/04,21.1,21.2,21.0,21.1
2014/11/05,21.2,21.2,21.0,21.1
2014/11/06,21.2,21.2,21.0,21.2
2014/11/07,21.3,21.3,21.2,21.2
2014/11/10,21.3,21.4,21.1,21.2
2014/11/11,20.9,21.5,20.9,21.2
2014/11/12,21.2,21.5,21.1,21.3
2014/11/13,21.5,21.5,21.1,21.2
2014/11/14,21.5,21.5,20.8,21.1
2014/11/17,21.1,21.1,20.7,21.0
2014/11/18,20.9,21.0,20.5,20.7
2014/11/19,20.5,20.8,20.5,20.6
2014/11/20,20.7,20.8,20.6,20.7
2014/11/21,20.9,21.0,20.8,21.0
2014/11/24,20.7,21.0,20.7,21.0
2014/11/25,20.8,21.2,20.8,21.1
2014/11/26,21.2,21.4,21.0,21.4
2014/11/27,21.5,21.5,21.2,21.3
2014/11/28,21.4,21.4,21.0,21.1
2014/12/01,20.6,21.0,20.6,20.9
2014/12/02,21.1,21.3,20.7,21.3
2014/12/03,21.3,21.5,21.1,21.4
2014/12/04,20.5,21.3,20.5,21.2
2014/12/05,21.4,21.5,21.3,21.4
2014/12/08,21.4,21.7,21.3,21.6
2014/12/09,21.6,21.7,21.5,21.5
2014/12/10,21.5,21.9,21.4,21.6
2014/12/11,21.4,21.7,21.4,21.5
2014/12/12,21.5,21.7,21.5,21.6
2014/12/15,21.5,21.6,21.4,21.6
2014/12/16,21.6,21.8,21.5,21.5
2014/12/17,21.5,21.5,21.3,21.3
2014/12/18,21.3,21.5,21.3,21.3
2014/12/19,21.5,21.5,21.2,21.2
2014/12/22,21.4,21.4,21.2,21.4
2014/12/23,21.4,21.5,21.3,21.3
2014/12/24,21.3,21.6,21.3,21.4
2014/12/25,21.5,22.9,21.5,22.9
2014/12/26,22.9,23.6,22.9,23.0
2014/12/29,23.0,23.0,22.6,22.7
2014/12/30,22.7,22.9,22.7,22.7
2014/12/31,22.7,22.8,22.5,22.7
2015/01/05,22.8,22.8,22.4,22.4
2015/01/06,22.3,22.4,22.1,22.1
2015/01/07,22.1,22.6,21.9,22.5
2015/01/08,22.6,22.8,22.5,22.5
2015/01/09,22.7,22.7,22.3,22.7
2015/01/12,22.7,22.7,22.4,22.4
2015/01/13,22.4,23.1,22.4,22.7
2015/01/14,23.0,23.0,22.6,22.7
2015/01/15,22.9,23.0,22.7,22.8
2015/01/16,22.8,22.8,22.6,22.6
2015/01/19,22.7,22.9,22.4,22.4
2015/01/20,22.3,22.6,22.3,22.4
2015/01/21,22.4,22.6,22.4,22.6
2015/01/22,22.6,22.6,22.5,22.6
2015/01/23,22.6,22.7,22.6,22.6
2015/01/26,22.7,22.7,22.6,22.7
2015/01/27,22.8,23.5,22.8,23.2
2015/01/28,23.4,23.4,23.0,23.0
2015/01/29,23.0,23.0,22.8,22.9
2015/01/30,22.9,23.4,22.7,22.7
2015/02/02,22.7,22.9,22.7,22.7
2015/02/03,22.7,22.9,22.7,22.8
2015/02/04,22.9,23.0,22.7,22.7
2015/02/05,22.8,22.8,22.6,22.7
2015/02/06,22.7,22.7,22.6,22.6
2015/02/09,22.6,22.7,22.6,22.6
2015/02/10,22.5,22.6,22.5,22.6
2015/02/11,22.7,23.1,22.7,22.8
2015/02/12,23.1,23.1,22.8,22.8
2015/02/13,23.1,23.5,22.9,23.3
2015/02/24,23.6,23.9,23.4,23.8
2015/02/25,23.8,23.9,23.6,23.6
2015/02/26,23.6,24.0,23.6,23.9
2015/03/02,24.0,24.0,23.8,23.9
2015/03/03,24.0,24.2,23.8,24.1
2015/03/04,24.0,24.2,23.9,24.0
2015/03/05,24.0,24.2,24.0,24.1
2015/03/06,24.1,24.3,24.1,24.2
2015/03/09,24.2,24.3,24.0,24.1
2015/03/10,24.1,24.2,24.0,24.0
2015/03/11,24.0,24.1,23.9,23.9
2015/03/12,23.9,24.2,23.9,24.0
2015/03/13,24.1,24.2,24.0,24.1
2015/03/16,24.1,24.1,24.0,24.1
2015/03/17,24.1,24.2,24.0,24.1
2015/03/18,24.1,24.2,24.0,24.0
2015/03/19,24.1,25.1,24.1,25.0
2015/03/20,24.9,25.1,24.6,24.9
2015/03/23,25.2,25.5,25.1,25.1
2015/03/24,25.3,25.3,24.9,25.1
2015/03/25,25.2,25.2,24.9,24.9
2015/03/26,24.9,25.2,24.9,25.1
2015/03/27,25.1,25.1,25.0,25.1
2015/03/30,25.1,25.2,25.1,25.1
2015/03/31,25.4,25.8,25.4,25.6
2015/04/01,25.6,25.6,25.0,25.6
2015/04/02,25.6,25.7,25.4,25.5
2015/04/07,25.5,25.5,25.4,25.4
2015/04/08,25.5,25.5,25.3,25.4
2015/04/09,25.5,25.5,25.0,25.4
2015/04/10,25.5,25.5,25.1,25.2
2015/04/13,25.5,25.5,25.1,25.5
2015/04/14,25.2,25.5,25.2,25.5
2015/04/15,25.5,25.5,25.2,25.2
2015/04/16,25.4,25.4,25.2,25.2
2015/04/17,25.4,25.5,25.3,25.5
2015/04/20,25.5,26.1,25.4,25.5
2015/04/21,25.6,25.6,25.1,25.2
2015/04/22,25.1,25.2,25.0,25.0
2015/04/23,25.0,25.3,25.0,25.2
2015/04/24,25.3,25.4,25.1,25.1
2015/04/27,25.1,25.3,25.1,25.3
2015/04/28,25.3,25.5,25.3,25.4
2015/04/29,25.4,25.5,25.2,25.2
2015/04/30,25.4,25.5,25.2,25.3
2015/05/04,25.3,25.3,25.1,25.2
2015/05/05,25.2,25.3,25.1,25.1
2015/05/06,25.0,25.2,25.0,25.0
2015/05/07,25.2,25.2,24.6,25.0
2015/05/08,25.1,25.2,25.0,25.1
2015/05/11,25.0,25.1,23.9,24.1
2015/05/12,23.9,24.0,23.8,23.9
2015/05/13,23.9,24.3,23.9,24.3
2015/05/14,24.5,24.5,24.2,24.3
2015/05/15,24.4,24.6,24.1,24.4
2015/05/18,24.3,24.4,23.9,23.9
2015/05/19,23.9,24.4,23.9,24.4
2015/05/20,24.4,24.4,24.2,24.4
2015/05/21,24.2,24.4,24.0,24.3
2015/05/22,24.1,24.5,24.1,24.3
2015/05/25,24.0,24.3,24.0,24.1
2015/05/26,24.3,24.3,24.1,24.3
2015/05/27,24.3,24.4,24.1,24.4
2015/05/28,24.4,24.7,24.4,24.6
2015/05/29,24.6,24.6,24.4,24.5
2015/06/01,24.3,24.6,24.3,24.6
2015/06/02,24.5,24.7,24.5,24.6
2015/06/03,24.6,24.7,24.5,24.6
2015/06/04,24.6,24.7,24.3,24.5
2015/06/05,24.5,24.5,23.9,24.1
2015/06/08,24.1,24.2,23.8,23.9
2015/06/09,23.9,23.9,23.3,23.3
2015/06/10,23.1,23.7,23.1,23.6
2015/06/11,24.0,24.0,23.4,23.5
2015/06/12,23.5,23.5,23.5,23.5
2015/06/15,23.5,23.6,23.4,23.5
2015/06/16,23.6,23.6,23.1,23.2
2015/06/17,23.2,23.4,23.1,23.2
2015/06/18,23.4,23.4,23.2,23.3
2015/06/22,23.4,23.4,23.2,23.3
2015/06/23,23.3,23.5,23.3,23.4
2015/06/24,23.4,23.5,23.4,23.4
2015/06/25,23.4,23.5,23.3,23.4
2015/06/26,23.5,23.5,23.3,23.3
2015/06/29,23.2,23.3,23.1,23.1
2015/06/30,23.1,23.2,23.1,23.1
2015/07/01,23.1,23.2,23.1,23.2
2015/07/02,23.2,23.2,23.1,23.2
2015/07/03,23.2,23.2,23.1,23.1
2015/07/06,23.3,23.3,23.0,23.3
2015/07/07,23.4,23.4,23.1,23.2
2015/07/08,23.2,23.2,22.8,22.9
2015/07/09,22.7,22.7,22.2,22.6
2015/07/13,22.6,22.8,22.6,22.7
2015/07/14,22.9,23.1,22.9,22.9
2015/07/15,23.1,23.1,22.9,22.9
2015/07/16,22.9,22.9,22.8,22.8
2015/07/17,23.0,23.0,22.7,22.8
2015/07/20,22.9,23.0,22.7,22.8
2015/07/21,22.8,22.9,22.8,22.8
2015/07/22,22.9,22.9,22.8,22.9
2015/07/23,22.7,22.8,22.7,22.7
2015/07/24,22.7,22.8,22.6,22.7
2015/07/27,22.7,22.7,22.1,22.1
2015/07/28,22.1,22.4,22.1,22.2
2015/07/29,22.4,22.4,22.1,22.1
2015/07/30,22.1,22.5,22.1,22.5
2015/07/31,22.5,22.5,22.2,22.2
2015/08/03,20.8,20.9,20.6,20.7
2015/08/04,20.6,20.8,20.6,20.6
2015/08/05,20.6,20.8,20.6,20.8
2015/08/06,20.8,20.9,20.6,20.6
2015/08/07,20.6,20.7,20.6,20.6
2015/08/10,20.6,20.7,20.3,20.6
2015/08/11,20.7,20.9,20.6,20.7
2015/08/12,20.6,20.7,20.3,20.3
2015/08/13,20.3,20.3,20.1,20.1
2015/08/14,20.1,20.1,19.4,19.5
2015/08/17,19.4,19.4,18.8,18.9
2015/08/18,18.7,19.0,18.7,18.9
2015/08/19,18.8,18.8,18.4,18.4
2015/08/20,17.9,18.6,17.8,18.6
2015/08/21,18.2,18.3,18.0,18.0
2015/08/24,17.9,17.9,16.2,16.4
2015/08/25,16.4,17.8,16.4,17.3
2015/08/26,17.4,17.7,16.8,17.6
2015/08/27,18.1,18.1,17.8,18.1
2015/08/28,18.1,18.6,18.1,18.4
2015/08/31,18.4,19.2,18.4,18.9
2015/09/01,18.9,19.0,18.8,18.9
2015/09/02,19.1,19.2,19.0,19.2
2015/09/03,19.4,19.6,19.3,19.6
2015/09/04,19.6,19.9,19.6,19.7
2015/09/07,19.6,19.6,19.3,19.4
2015/09/08,19.4,19.5,19.2,19.3
2015/09/09,19.3,19.7,19.3,19.6
2015/09/10,19.6,19.8,19.6,19.8
2015/09/11,19.8,19.9,19.6,19.8
2015/09/14,19.9,19.9,19.7,19.7
2015/09/15,19.7,19.7,19.5,19.6
2015/09/16,19.7,19.8,19.6,19.6
2015/09/17,19.6,19.8,19.6,19.6
2015/09/18,19.7,19.9,19.7,19.9
2015/09/21,19.9,19.9,19.4,19.4
2015/09/22,19.4,19.7,19.4,19.6
2015/09/23,19.8,19.8,19.3,19.4
2015/09/24,19.4,19.6,19.3,19.4
2015/09/25,19.3,19.5,19.3,19.4
2015/09/30,19.4,19.4,19.2,19.2
2015/10/01,19.3,19.7,19.2,19.6
2015/10/02,19.9,20.0,19.5,20.0
2015/10/05,20.0,20.0,19.8,19.8
2015/10/06,19.9,20.1,19.9,20.0
2015/10/07,20.1,20.1,19.9,19.9
2015/10/08,19.9,21.8,19.8,21.8
2015/10/12,21.5,21.7,21.2,21.6
2015/10/13,21.1,22.7,21.1,22.7
2015/10/14,22.3,22.7,22.0,22.5
2015/10/15,22.1,22.3,22.0,22.1
2015/10/16,22.0,22.4,21.9,22.2
2015/10/19,22.3,22.4,22.2,22.2
2015/10/20,22.1,22.3,22.1,22.3
2015/10/21,22.2,22.3,22.0,22.3
2015/10/22,22.2,22.3,22.0,22.2
2015/10/23,22.2,22.3,22.0,22.2
2015/10/26,22.2,22.6,22.1,22.5
2015/10/27,22.5,22.8,22.0,22.6
2015/10/28,22.6,23.2,22.4,23.1
2015/10/29,23.1,23.3,22.6,23.2
2015/10/30,23.0,23.3,22.8,23.3
2015/11/02,23.3,23.3,22.7,23.0
2015/11/03,23.0,23.1,22.7,22.9
2015/11/04,22.5,22.6,22.2,22.4
2015/11/05,22.2,22.3,22.2,22.2
2015/11/06,22.1,22.2,21.9,21.9
2015/11/09,21.9,22.1,21.5,21.5
2015/11/10,21.5,21.5,21.3,21.3
2015/11/11,21.4,21.8,21.3,21.8
2015/11/12,21.8,22.3,21.6,22.3
2015/11/13,22.1,22.3,21.7,22.1
2015/11/16,22.2,22.2,21.5,21.7
2015/11/17,22.0,22.4,21.3,22.4
2015/11/18,22.4,22.5,22.0,22.0
2015/11/19,22.2,22.2,22.0,22.1
2015/11/20,22.1,22.2,22.1,22.2
2015/11/23,22.4,22.4,22.1,22.4
2015/11/24,21.7,22.4,21.7,22.1
2015/11/25,22.3,22.3,22.0,22.0
2015/11/26,22.2,22.2,21.9,22.0
2015/11/27,21.7,22.0,21.7,21.8
2015/11/30,21.6,21.8,21.5,21.6
2015/12/01,21.9,21.9,21.6,21.7
2015/12/02,22.0,22.0,21.7,21.7
2015/12/03,21.9,21.9,21.7,21.7
2015/12/04,21.7,21.8,21.5,21.6
2015/12/07,21.5,21.9,21.5,21.9
2015/12/08,21.9,21.9,21.6,21.6
2015/12/09,21.6,21.6,21.2,21.2
2015/12/10,20.5,21.4,20.5,21.4
2015/12/11,21.0,21.0,20.7,20.7
2015/12/14,20.0,20.9,20.0,20.9
2015/12/15,21.0,21.0,20.9,21.0
2015/12/16,21.0,21.2,21.0,21.0
2015/12/17,21.0,21.1,20.9,21.0
2015/12/18,20.8,21.1,20.8,21.0
2015/12/21,21.0,21.0,20.9,20.9
2015/12/22,21.1,21.1,20.1,21.0
2015/12/23,21.0,21.1,20.7,20.9
2015/12/24,21.0,21.0,20.8,20.8
2015/12/25,20.7,20.8,20.6,20.7
2015/12/28,20.9,20.9,20.7,20.8
2015/12/29,20.8,20.9,20.6,20.6
2015/12/30,20.6,20.7,20.5,20.6
2015/12/31,20.8,20.8,20.5,20.8
2016/01/05,20.6,20.8,20.5,20.7
2016/01/06,20.8,20.8,20.5,20.5
2016/01/07,20.7,20.7,20.2,20.3
2016/01/08,20.4,20.7,20.3,20.4
2016/01/11,20.3,20.4,20.1,20.4
2016/01/12,20.5,20.6,20.3,20.3
2016/01/13,20.5,20.5,20.3,20.4
2016/01/14,20.5,20.5,20.1,20.1
2016/01/15,20.3,20.6,20.2,20.2
2016/01/18,20.0,20.6,20.0,20.6
2016/01/19,20.5,20.5,20.3,20.3
2016/01/20,20.3,20.5,20.2,20.2
2016/01/21,20.1,20.3,20.1,20.2
2016/01/22,20.1,20.5,20.1,20.2
2016/01/25,20.2,20.2,20.1,20.2
2016/01/26,20.2,20.4,20.1,20.3
2016/01/27,20.3,20.4,20.3,20.3
2016/01/28,20.3,20.6,20.2,20.3
2016/01/29,20.4,20.5,20.3,20.4
2016/02/01,20.7,20.7,20.6,20.6
2016/02/02,20.8,20.8,20.7,20.8
2016/02/03,20.6,20.8,20.5,20.5
2016/02/15,20.7,20.7,20.6,20.6
2016/02/16,20.7,20.9,20.7,20.7
2016/02/17,20.7,20.8,20.7,20.8
2016/02/18,20.8,21.1,20.8,20.9
2016/02/19,20.9,21.0,20.8,20.9
2016/02/22,20.8,21.0,20.8,20.9
2016/02/23,20.9,21.2,20.9,21.2
2016/02/24,21.2,21.2,21.0,21.0
2016/02/25,21.0,21.5,21.0,21.5
2016/02/26,21.5,22.0,21.5,21.8
2016/03/01,21.8,22.2,21.8,22.1
2016/03/02,22.3,22.4,22.1,22.1
2016/03/03,22.3,22.3,21.9,22.0
2016/03/04,22.0,22.2,22.0,22.2
2016/03/07,22.3,22.3,22.1,22.2
2016/03/08,22.2,22.2,22.0,22.1
2016/03/09,22.1,22.1,21.9,22.0
2016/03/10,21.9,21.9,21.8,21.8
2016/03/11,21.8,22.0,21.8,22.0
2016/03/14,22.0,22.1,22.0,22.1
2016/03/15,22.1,22.1,21.8,21.9
2016/03/16,22.0,22.1,21.9,22.0
2016/03/17,22.1,22.1,22.0,22.1
2016/03/18,22.1,22.1,22.1,22.1
2016/03/21,22.1,22.2,22.0,22.1
2016/03/22,22.1,22.2,22.1,22.2
2016/03/23,22.8,24.3,22.8,23.7
2016/03/24,23.8,23.9,23.4,23.5
2016/03/25,23.5,23.5,23.2,23.3
2016/03/28,23.3,23.5,23.3,23.3
2016/03/29,23.6,23.6,23.0,23.1
2016/03/30,23.2,23.4,23.1,23.4
2016/03/31,23.4,23.4,23.1,23.4
2016/04/01,23.4,23.5,23.2,23.4
2016/04/06,23.4,23.5,23.2,23.3
2016/04/07,23.2,23.3,23.2,23.3
2016/04/08,23.1,23.5,23.1,23.5
2016/04/11,23.3,23.5,23.2,23.4
2016/04/12,23.4,23.4,23.1,23.2
2016/04/13,23.3,23.4,23.0,23.2
2016/04/14,23.2,23.3,23.0,23.2
2016/04/15,23.1,23.2,22.9,23.1
2016/04/18,22.9,23.0,22.8,23.0
2016/04/19,23.0,23.4,22.9,22.9
2016/04/20,22.9,22.9,22.6,22.7
2016/04/21,22.7,22.7,22.6,22.7
2016/04/22,22.7,22.7,22.3,22.3
2016/04/25,22.4,22.4,22.2,22.2
2016/04/26,22.3,22.3,22.2,22.3
2016/04/27,22.3,22.5,22.2,22.4
2016/04/28,22.6,22.6,22.3,22.3
2016/04/29,22.2,22.4,22.0,22.1
2016/05/03,21.9,22.0,21.7,21.9
2016/05/04,21.9,21.9,21.7,21.7
2016/05/05,21.7,21.8,21.5,21.6
2016/05/06,21.6,21.7,21.5,21.7
2016/05/09,21.7,21.7,21.5,21.7
2016/05/10,21.7,22.2,21.5,21.9
2016/05/11,22.1,22.1,21.7,21.7
2016/05/12,21.7,21.9,21.6,21.6
2016/05/13,21.9,21.9,21.6,21.6
2016/05/16,21.6,21.6,21.0,21.6
2016/05/17,21.5,21.7,21.4,21.7
2016/05/18,21.6,22.1,21.6,21.8
2016/05/19,21.8,21.8,21.5,21.5
2016/05/20,21.5,21.6,21.5,21.5
2016/05/23,21.5,22.0,21.5,21.8
2016/05/24,21.8,21.9,21.5,21.8
2016/05/25,22.1,22.1,21.8,21.9
2016/05/26,21.9,21.9,21.7,21.8
2016/05/27,21.9,21.9,21.8,21.9
2016/05/30,21.9,22.1,21.8,21.9
2016/05/31,22.1,22.1,22.1,22.1
2016/06/01,22.1,22.1,22.0,22.1
2016/06/02,22.1,22.1,21.9,21.9
2016/06/03,22.1,22.1,22.1,22.1
2016/06/06,22.2,23.2,22.1,22.4
2016/06/07,22.4,22.6,22.4,22.6
2016/06/08,22.7,22.7,22.5,22.5
2016/06/13,22.3,22.6,22.2,22.4
2016/06/14,22.4,22.6,22.4,22.4
2016/06/15,22.6,22.6,22.4,22.4
2016/06/16,22.4,22.5,22.3,22.3
2016/06/17,22.4,22.6,22.4,22.5
2016/06/20,22.5,22.6,22.4,22.5
2016/06/21,22.7,22.7,22.4,22.4
2016/06/22,22.6,22.6,22.5,22.6
2016/06/23,22.7,22.7,22.5,22.5
2016/06/24,22.6,22.6,22.2,22.3
2016/06/27,22.2,22.4,22.1,22.4
2016/06/28,22.4,22.5,22.4,22.5
2016/06/29,22.6,23.4,22.6,22.7
2016/06/30,22.8,22.8,22.6,22.6
2016/07/01,22.7,22.9,22.7,22.8
2016/07/04,22.9,22.9,22.8,22.8
2016/07/05,22.8,22.9,22.7,22.8
2016/07/06,20.9,21.0,20.9,20.9
2016/07/07,20.8,20.9,20.8,20.9
2016/07/11,21.0,21.7,21.0,21.0
2016/07/12,21.0,21.1,21.0,21.0
2016/07/13,21.1,21.3,21.0,21.2
2016/07/14,21.2,21.3,21.2,21.3
2016/07/15,21.3,21.3,21.2,21.2
2016/07/18,21.3,21.3,21.1,21.1
2016/07/19,21.2,21.2,21.1,21.2
2016/07/20,21.2,21.3,21.2,21.3
2016/07/21,21.3,21.4,21.3,21.3
2016/07/22,21.3,21.3,21.2,21.2
2016/07/25,21.2,21.2,21.1,21.1
2016/07/26,21.3,21.3,21.1,21.2
2016/07/27,21.3,21.3,21.1,21.2
2016/07/28,21.2,21.2,21.1,21.1
2016/07/29,21.3,21.3,21.1,21.1
2016/08/01,21.2,21.2,21.1,21.1
2016/08/02,21.1,21.3,21.1,21.2
2016/08/03,21.1,21.3,21.1,21.3
2016/08/04,21.3,21.3,21.2,21.2
2016/08/05,21.2,21.4,21.2,21.3
2016/08/08,21.3,21.5,21.3,21.5
2016/08/09,21.6,21.7,21.5,21.6
2016/08/10,21.9,22.0,21.9,21.9
2016/08/11,21.9,22.1,21.7,21.7
2016/08/12,22.1,22.1,21.9,22.0
2016/08/15,22.1,22.1,21.9,22.0
2016/08/16,22.0,22.1,22.0,22.0
2016/08/17,22.1,22.1,21.9,22.1
2016/08/18,22.1,22.4,22.1,22.3
2016/08/19,22.4,22.5,22.3,22.3
2016/08/22,22.4,22.5,22.2,22.3
2016/08/23,22.3,22.4,22.2,22.4
2016/08/24,22.3,22.4,22.2,22.2
2016/08/25,22.2,22.4,22.2,22.3
2016/08/26,22.4,22.4,22.3,22.4
2016/08/29,22.4,22.5,22.4,22.4
2016/08/30,22.4,22.6,22.4,22.5
2016/08/31,22.5,22.5,22.4,22.4
2016/09/01,22.4,22.4,22.3,22.3
2016/09/02,22.4,22.4,22.2,22.3
2016/09/05,22.3,22.7,22.3,22.4
2016/09/06,22.5,22.6,22.4,22.4
2016/09/07,22.5,22.5,22.4,22.4
2016/09/08,22.6,22.9,22.6,22.8
2016/09/09,22.7,22.9,22.7,22.9
2016/09/12,22.9,23.0,22.7,22.7
2016/09/13,22.7,22.8,22.2,22.4
2016/09/14,22.4,22.4,22.3,22.3
2016/09/19,22.3,22.4,22.3,22.3
2016/09/20,22.6,22.6,22.3,22.3
2016/09/21,22.3,22.6,22.2,22.4
2016/09/22,22.6,22.6,22.5,22.5
2016/09/23,22.5,22.5,22.4,22.5
2016/09/26,22.5,22.5,22.4,22.4
2016/09/29,22.4,22.5,22.4,22.4
2016/09/30,22.4,22.4,22.3,22.3
2016/10/03,22.5,22.5,22.3,22.3
2016/10/04,22.3,22.4,22.3,22.3
2016/10/05,22.3,22.4,22.3,22.4
2016/10/06,22.4,22.4,22.3,22.4
2016/10/07,22.4,22.4,22.3,22.4
2016/10/11,22.5,22.8,22.4,22.4
2016/10/12,22.4,22.6,22.4,22.4
2016/10/13,22.4,22.6,22.4,22.4
2016/10/14,22.4,22.5,22.3,22.4
2016/10/17,22.3,22.5,22.3,22.4
2016/10/18,22.3,22.5,22.3,22.4
2016/10/19,22.4,22.5,22.3,22.4
2016/10/20,22.4,22.6,22.4,22.4
2016/10/21,22.5,22.6,22.5,22.6
2016/10/24,22.6,23.7,22.6,23.1
2016/10/25,23.6,23.6,23.2,23.3
2016/10/26,23.4,23.6,23.1,23.4
2016/10/27,23.4,23.4,23.0,23.1
2016/10/28,23.0,23.2,22.9,23.0
2016/10/31,23.2,23.2,22.5,22.8
2016/11/01,22.9,22.9,22.7,22.9
2016/11/02,22.9,22.9,22.6,22.9
2016/11/03,22.7,22.7,22.6,22.7
2016/11/04,22.7,22.9,22.7,22.8
2016/11/07,22.9,22.9,22.7,22.8
2016/11/08,22.6,22.6,22.1,22.3
2016/11/09,22.2,22.2,21.9,22.1
2016/11/10,22.1,22.4,22.1,22.3
2016/11/11,22.2,22.3,22.0,22.1
2016/11/14,22.2,22.2,22.0,22.1
2016/11/15,22.1,22.2,22.1,22.1
2016/11/16,22.1,22.2,22.1,22.1
2016/11/17,22.1,22.1,21.5,22.0
2016/11/18,21.8,22.1,21.8,22.0
2016/11/21,22.0,22.1,22.0,22.1
2016/11/22,22.1,22.1,22.1,22.1
2016/11/23,22.2,22.2,22.1,22.2
2016/11/24,22.2,22.2,22.1,22.2
2016/11/25,22.2,22.2,22.1,22.1
2016/11/28,22.1,22.2,22.1,22.1
2016/11/29,22.2,22.3,22.1,22.2
2016/11/30,22.2,22.3,22.1,22.2
2016/12/01,22.1,22.3,22.1,22.2
2016/12/02,22.2,22.2,22.1,22.2
2016/12/05,22.3,22.3,22.2,22.3
2016/12/06,22.4,22.4,22.2,22.3
2016/12/08,22.4,22.5,22.3,22.4
2016/12/09,22.5,22.6,22.3,22.4
2016/12/12,22.4,22.7,22.4,22.5
2016/12/13,22.5,22.6,22.5,22.5
2016/12/14,22.5,22.5,22.5,22.5
2016/12/15,22.5,22.5,22.4,22.5
2016/12/16,22.5,22.8,22.5,22.8
2016/12/19,22.8,22.9,22.6,22.6
2016/12/20,22.6,22.6,22.4,22.6
2016/12/21,22.7,22.7,22.6,22.6
2016/12/22,22.6,22.6,22.5,22.5
2016/12/23,22.5,22.5,22.4,22.4
2016/12/26,22.5,22.7,22.5,22.7
2016/12/27,22.8,23.0,22.8,22.8
2016/12/28,22.8,23.0,22.8,22.9
2016/12/29,22.9,22.9,22.7,22.7
2016/12/30,22.7,22.8,22.7,22.8
2017/01/03,22.9,22.9,22.8,22.8
2017/01/04,23.0,23.0,22.9,22.9
2017/01/05,22.9,22.9,22.8,22.9
2017/01/06,22.9,22.9,22.8,22.9
2017/01/09,22.8,22.9,22.7,22.7
2017/01/10,22.7,22.8,22.7,22.8
2017/01/11,22.8,22.9,22.7,22.7
2017/01/12,22.8,22.8,22.7,22.8
2017/01/13,22.8,22.8,22.8,22.8
2017/01/16,22.7,22.9,22.7,22.8
2017/01/17,22.9,22.9,22.8,22.8
2017/01/18,22.8,22.9,22.7,22.8
2017/01/19,22.8,22.9,22.8,22.8
2017/01/20,22.8,22.8,22.8,22.8
2017/01/23,22.7,22.8,22.7,22.8
2017/01/24,22.8,22.9,22.8,22.8
2017/02/02,22.8,22.9,22.5,22.8
2017/02/03,22.8,22.9,22.8,22.8
2017/02/06,22.8,23.2,22.8,23.1
2017/02/07,23.2,23.2,23.1,23.2
2017/02/08,23.2,23.6,23.2,23.3
2017/02/09,23.5,23.6,23.5,23.6
2017/02/10,23.8,24.5,23.8,24.0
2017/02/13,23.9,24.0,23.6,23.9
2017/02/14,24.0,24.0,23.7,23.8
2017/02/15,23.8,24.0,23.7,23.9
2017/02/16,23.9,24.1,23.9,24.0
2017/02/17,23.9,24.2,23.9,24.1
2017/02/20,24.9,25.1,24.7,24.8
2017/02/21,24.9,24.9,24.3,24.5
2017/02/22,24.8,24.8,24.5,24.5
2017/02/23,24.5,24.7,24.5,24.7
2017/02/24,24.7,24.8,24.6,24.7
2017/03/01,24.8,24.9,24.8,24.9
2017/03/02,24.9,25.0,24.7,24.7
2017/03/03,24.6,24.7,24.4,24.5
2017/03/06,24.5,24.7,24.5,24.7
2017/03/07,24.7,24.8,24.6,24.8
2017/03/08,24.8,24.9,24.7,24.8
2017/03/09,24.9,24.9,24.6,24.7
2017/03/10,24.5,24.5,24.2,24.3
2017/03/13,24.3,24.4,24.3,24.3
2017/03/14,24.3,24.5,24.3,24.5
2017/03/15,24.3,24.5,24.3,24.4
2017/03/16,24.5,24.7,24.5,24.7
2017/03/17,24.8,24.8,24.6,24.7
2017/03/20,24.7,25.3,24.7,25.2
2017/03/21,25.3,25.3,25.0,25.1
2017/03/22,25.0,25.2,24.8,25.1
2017/03/23,25.1,25.5,25.1,25.4
2017/03/24,25.6,25.7,25.2,25.2
2017/03/27,25.2,25.2,24.8,24.8
2017/03/28,24.7,25.0,24.5,24.5
2017/03/29,24.6,24.9,24.6,24.9
2017/03/30,25.0,25.1,24.9,25.0
2017/03/31,25.0,25.0,24.9,25.0
2017/04/05,25.2,25.3,25.1,25.2
2017/04/06,25.2,25.4,25.1,25.3
2017/04/07,25.3,25.5,25.0,25.5
2017/04/10,25.5,25.5,25.3,25.4
2017/04/11,25.3,25.3,25.0,25.0
2017/04/12,25.0,25.2,25.0,25.1
2017/04/13,25.1,25.1,25.0,25.0
2017/04/14,25.0,25.0,24.7,24.7
2017/04/17,24.7,24.7,24.2,24.5
2017/04/18,24.5,24.8,24.5,24.6
2017/04/19,24.6,24.6,24.3,24.5
2017/04/20,24.6,25.3,24.6,25.0
2017/04/21,25.3,26.3,25.2,25.9
2017/04/24,26.1,26.2,25.7,26.0
2017/04/25,26.0,26.1,25.5,25.8
2017/04/26,25.8,26.0,25.8,26.0
2017/04/27,26.0,26.0,25.7,25.7
2017/04/28,25.8,25.8,25.7,25.7
2017/05/02,25.9,26.0,25.7,25.9
2017/05/03,25.9,26.0,25.7,25.8
2017/05/04,25.8,25.8,25.2,25.8
2017/05/05,25.8,25.8,25.7,25.8
2017/05/08,26.0,26.0,25.5,25.6
2017/05/09,25.6,25.8,25.3,25.5
2017/05/10,25.6,26.5,25.6,26.4
2017/05/11,26.4,26.4,25.9,25.9
2017/05/12,26.2,27.0,26.1,26.2
2017/05/15,26.3,26.3,26.0,26.1
2017/05/16,26.2,26.4,26.0,26.0
2017/05/17,26.1,26.2,26.1,26.2
2017/05/18,25.9,26.2,25.8,26.2
2017/05/19,26.2,26.3,25.9,25.9
2017/05/22,26.0,26.4,26.0,26.3
2017/05/23,26.4,26.4,26.2,26.3
2017/05/24,26.3,26.9,26.3,26.9
2017/05/25,27.3,27.3,26.8,26.8
2017/05/26,26.9,27.0,26.7,26.7
2017/05/31,26.7,27.0,26.7,26.7
2017/06/01,26.7,26.8,26.5,26.6
2017/06/02,26.6,27.0,26.6,26.8
2017/06/05,26.9,27.0,26.8,26.8
2017/06/06,26.9,27.0,26.7,26.9
2017/06/07,26.8,26.9,26.8,26.8
2017/06/08,26.8,27.1,26.8,27.0
2017/06/09,27.0,27.0,26.6,26.6
2017/06/12,26.4,26.5,26.1,26.4
2017/06/13,26.6,26.6,26.4,26.4
2017/06/14,26.5,26.5,25.8,25.9
2017/06/15,26.1,26.2,25.8,25.9
2017/06/16,26.3,26.5,26.1,26.4
2017/06/19,26.6,26.9,26.6,26.9
2017/06/20,27.1,27.2,27.0,27.0
2017/06/21,27.4,28.4,27.4,28.1
2017/06/22,28.0,28.1,27.9,28.0
2017/06/23,28.2,28.8,28.1,28.6
2017/06/26,28.7,29.3,28.7,29.0
2017/06/27,29.3,29.3,28.7,28.7
2017/06/28,28.7,29.2,28.6,28.8
2017/06/29,28.9,29.0,28.7,28.7
2017/06/30,28.3,28.6,28.0,28.6
2017/07/03,28.6,28.6,28.1,28.3
2017/07/04,28.5,28.7,28.0,28.1
2017/07/05,28.0,28.0,27.7,28.0
2017/07/06,26.2,26.8,26.2,26.6
2017/07/07,26.6,26.6,26.4,26.4
2017/07/10,26.4,26.4,25.7,25.7
2017/07/11,25.7,26.0,25.7,25.8
2017/07/12,25.8,26.0,25.7,25.8
2017/07/13,26.0,26.0,25.8,25.8
2017/07/14,26.0,26.0,25.7,25.7
2017/07/17,25.8,25.8,25.5,25.5
2017/07/18,25.5,25.8,25.5,25.8
2017/07/19,25.8,25.9,25.7,25.7
2017/07/20,25.8,25.9,25.6,25.7
2017/07/21,25.7,25.7,25.5,25.6
2017/07/24,25.6,25.6,25.1,25.2
2017/07/25,25.2,25.5,25.1,25.5
2017/07/26,25.7,26.2,25.6,26.2
2017/07/27,26.2,26.2,25.9,26.0
2017/07/28,26.0,26.0,25.6,25.7
2017/07/31,25.6,25.8,25.6,25.7
2017/08/01,25.7,25.9,25.7,25.8
2017/08/02,26.0,26.3,25.8,26.1
2017/08/03,26.3,26.8,26.1,26.6
2017/08/04,26.8,27.1,26.7,26.8
2017/08/07,26.8,26.9,26.4,26.6
2017/08/08,26.7,26.7,26.5,26.6
2017/08/09,26.4,26.4,25.8,25.8
2017/08/10,25.8,25.9,25.2,25.2
2017/08/11,25.0,25.6,24.9,25.6
2017/08/14,25.7,25.7,24.9,24.9
2017/08/15,25.1,25.2,24.8,24.9
2017/08/16,24.8,25.3,24.8,25.0
2017/08/17,25.2,25.6,25.1,25.4
2017/08/18,25.3,25.3,25.1,25.2
2017/08/21,25.2,25.3,25.0,25.1
2017/08/22,25.1,25.3,25.1,25.2
2017/08/23,25.4,25.4,25.2,25.2
2017/08/24,25.2,25.3,25.2,25.3
2017/08/25,25.3,25.4,25.2,25.4
2017/08/28,25.5,25.7,25.5,25.7
2017/08/29,25.9,26.1,25.5,26.0
2017/08/30,26.0,26.4,26.0,26.4
2017/08/31,26.7,26.8,26.3,26.4
2017/09/01,26.4,26.4,26.1,26.2
2017/09/04,26.3,26.4,26.1,26.2
2017/09/05,26.3,26.3,26.1,26.1
2017/09/06,26.1,26.3,26.0,26.1
2017/09/07,26.2,27.6,26.1,26.9
2017/09/08,26.9,27.2,26.7,26.9
2017/09/11,26.9,27.1,26.4,26.4
2017/09/12,26.6,26.6,26.3,26.3
2017/09/13,26.4,26.4,26.0,26.0
2017/09/14,26.1,26.3,26.1,26.1
2017/09/15,26.2,26.2,25.9,26.0
2017/09/18,26.1,26.6,26.1,26.4
2017/09/19,26.6,26.8,26.4,26.4
2017/09/20,26.5,26.6,26.2,26.3
2017/09/21,26.3,26.6,26.3,26.5
2017/09/22,26.5,26.6,26.1,26.2
2017/09/25,26.2,26.2,25.7,25.7
2017/09/26,25.7,25.8,25.4,25.6
2017/09/27,25.6,25.7,25.5,25.7
2017/09/28,25.6,25.7,25.4,25.5
2017/09/29,25.4,25.8,25.4,25.6
2017/10/02,25.9,26.1,25.8,26.1
2017/10/03,26.1,26.6,26.1,26.4
2017/10/05,26.4,26.5,26.4,26.4
2017/10/06,26.5,26.6,26.4,26.4
2017/10/11,26.4,26.5,26.2,26.2
2017/10/12,26.2,26.3,26.1,26.2
2017/10/13,26.1,26.2,26.1,26.1
2017/10/16,26.1,26.2,26.1,26.2
2017/10/17,26.2,26.4,26.2,26.2
2017/10/18,26.2,26.2,26.1,26.1
2017/10/19,26.1,26.1,26.0,26.0
2017/10/20,26.0,26.0,26.0,26.0
2017/10/23,26.2,26.5,26.2,26.3
2017/10/24,26.3,26.4,26.2,26.4
2017/10/25,26.4,26.4,26.3,26.4
2017/10/26,26.4,26.5,26.4,26.4
2017/10/27,26.4,26.4,26.3,26.3
2017/10/30,26.3,26.5,26.2,26.4
2017/10/31,26.4,27.1,26.4,26.7
2017/11/01,26.7,26.8,26.6,26.7
2017/11/02,26.7,26.9,26.7,26.8
2017/11/03,26.9,26.9,26.8,26.8
2017/11/06,26.9,27.0,26.8,26.8
2017/11/07,26.8,26.8,26.5,26.7
2017/11/08,26.7,26.7,26.4,26.7
2017/11/09,26.4,26.5,26.3,26.3
2017/11/10,27.2,27.4,27.1,27.1
2017/11/13,27.4,28.6,27.1,27.8
2017/11/14,27.9,28.3,27.5,28.1
2017/11/15,28.2,28.3,27.7,27.9
2017/11/16,28.1,30.5,28.1,30.1
2017/11/17,30.4,31.4,30.3,30.9
2017/11/20,30.8,31.1,30.0,30.1
2017/11/21,30.2,30.6,30.2,30.4
2017/11/22,30.8,31.5,30.4,30.5
2017/11/23,30.7,30.7,30.0,30.5
2017/11/24,30.5,31.3,30.4,30.7
2017/11/27,31.1,33.1,31.0,31.9
2017/11/28,32.1,33.6,32.1,32.9
2017/11/29,32.9,34.0,32.5,33.6
2017/11/30,33.3,33.9,32.8,33.1
2017/12/01,33.5,34.1,32.0,32.3
2017/12/04,33.2,33.8,32.5,33.2
2017/12/05,33.1,33.6,31.5,31.7
2017/12/06,31.7,32.1,30.5,31.0
2017/12/07,31.3,31.8,30.6,31.0
2017/12/08,31.5,32.1,30.9,31.7
2017/12/11,32.0,32.0,31.4,31.4
2017/12/12,31.7,32.1,31.4,31.4
2017/12/13,31.5,32.0,31.2,31.7
2017/12/14,32.0,32.2,31.5,31.5
2017/12/15,31.4,31.4,30.8,31.1
2017/12/18,31.1,33.2,31.0,32.9
2017/12/19,33.1,33.7,31.8,32.0
2017/12/20,32.1,33.4,31.9,33.1
2017/12/21,32.9,33.4,32.7,32.8
2017/12/22,33.4,33.5,32.8,33.0
2017/12/25,33.5,34.0,32.8,32.8
2017/12/26,32.8,32.9,31.6,31.6
2017/12/27,31.6,32.6,31.6,31.7
2017/12/28,32.0,32.3,31.7,31.8
2017/12/29,31.9,33.5,31.8,33.2
2018/01/02,33.8,36.5,33.7,36.5
2018/01/03,36.9,38.8,35.7,36.4
2018/01/04,36.5,37.6,36.5,37.1
2018/01/05,37.5,37.8,36.5,36.7
2018/01/08,36.7,36.7,35.0,35.0
2018/01/09,35.1,35.8,34.8,34.9
2018/01/10,35.1,35.5,34.1,34.2
2018/01/11,34.5,36.3,34.4,35.0
2018/01/12,35.1,35.4,34.8,35.3
2018/01/16,35.0,35.1,34.4,34.8
2018/01/17,35.0,35.1,34.5,34.6
2018/01/18,34.8,35.0,34.6,34.6
2018/01/19,34.7,35.1,34.3,34.7
2018/01/22,34.8,35.4,34.3,35.3
2018/01/23,35.6,35.7,34.3,34.5
2018/01/24,34.6,34.8,34.4,34.6
2018/01/25,34.7,34.9,34.4,34.4
2018/01/26,34.4,34.5,34.0,34.3
2018/01/29,34.4,34.4,34.1,34.3
2018/01/30,34.5,34.5,33.9,33.9
2018/01/31,33.6,35.9,33.2,35.4
2018/02/01,35.6,36.9,35.6,36.0
2018/02/02,36.4,36.9,36.1,36.6
2018/02/05,35.0,36.8,35.0,36.5
2018/02/06,34.6,35.7,33.3,34.6
2018/02/07,35.5,36.2,34.8,35.2
2018/02/08,37.1,37.1,35.2,35.2
2018/02/09,33.6,36.0,33.2,35.6
2018/02/12,36.0,36.1,35.1,35.1
2018/02/21,35.7,36.1,35.4,35.6
2018/02/22,35.7,37.9,35.7,37.5
2018/02/23,38.3,39.8,36.4,36.7
2018/02/26,36.7,37.2,35.8,36.2
2018/02/27,36.4,36.7,35.4,35.6
2018/03/01,35.1,36.4,35.1,35.9
2018/03/02,35.9,36.6,35.7,36.6
2018/03/05,37.2,38.9,36.9,38.1
2018/03/06,38.5,41.9,38.5,40.8
2018/03/07,41.5,44.6,41.3,42.5
2018/03/08,43.5,44.3,41.9,42.9
2018/03/09,43.5,44.7,42.6,44.7
2018/03/12,46.7,46.7,44.0,44.3
2018/03/13,44.2,45.0,43.3,45.0
2018/03/14,45.4,46.9,45.0,45.4
2018/03/15,44.9,45.8,44.4,45.3
2018/03/16,45.4,46.9,45.4,45.6
2018/03/19,45.5,46.2,45.0,45.7
2018/03/20,45.7,47.1,45.5,45.5
2018/03/21,45.9,47.2,45.9,47.2
2018/03/22,49.5,50.8,48.2,49.4
2018/03/23,46.8,50.2,46.8,48.4
2018/03/26,49.1,50.3,48.8,49.0
2018/03/27,49.5,50.7,48.8,49.0
2018/03/28,48.7,49.3,47.6,47.7
2018/03/29,48.4,49.1,47.6,49.1
2018/03/30,49.6,50.9,48.4,48.5
2018/04/02,49.3,50.5,49.0,50.2
2018/04/03,50.2,50.7,49.2,49.7
2018/04/09,50.4,52.6,49.6,52.2
2018/04/10,52.1,56.3,51.6,54.8
2018/04/11,56.5,57.3,54.8,55.1
2018/04/12,55.3,57.2,55.3,56.6
2018/04/13,58.2,59.1,57.5,58.4
2018/04/16,59.8,64.2,58.9,64.2
2018/04/17,66.1,68.1,62.0,63.6
2018/04/18,64.5,70.0,64.3,70.0
2018/04/19,70.9,76.1,69.2,70.7
2018/04/20,69.9,73.6,69.3,71.5
2018/04/23,76.7,77.5,72.5,74.8
2018/04/24,73.8,73.8,67.3,67.8
2018/04/25,66.1,68.5,64.5,66.3
2018/04/26,67.8,68.7,63.0,64.1
2018/04/27,66.2,69.6,65.9,69.2
2018/04/30,69.9,69.9,66.2,67.1
2018/05/02,67.8,68.9,66.4,66.6
2018/05/03,66.4,66.4,64.0,65.0
2018/05/04,66.6,68.2,66.1,66.2
2018/05/07,67.5,72.7,67.0,72.7
2018/05/08,73.8,75.6,70.8,72.4
2018/05/09,72.9,77.4,72.0,73.4
2018/05/10,75.2,76.3,73.6,73.9
2018/05/11,74.9,76.4,69.6,70.8
2018/05/14,73.8,77.8,72.4,76.4
2018/05/15,78.6,82.9,77.6,79.5
2018/05/16,77.7,80.3,77.1,80.3
2018/05/17,78.7,78.7,72.5,73.9
2018/05/18,76.8,77.6,74.4,76.4
2018/05/21,77.6,83.7,76.4,83.7
2018/05/22,88.2,91.2,86.4,89.6
2018/05/23,89.6,89.6,81.8,85.3
2018/05/24,86.6,89.3,83.2,87.4
2018/05/25,89.7,93.2,87.0,90.2
2018/05/28,93.0,98.1,91.1,95.3
2018/05/29,94.4,96.3,91.7,93.1
2018/05/30,90.7,93.2,90.1,93.2
2018/05/31,95.3,95.3,87.9,87.9
2018/06/01,86.3,88.8,86.3,88.3
2018/06/04,90.1,90.1,87.9,88.3
2018/06/05,89.3,89.3,85.5,88.1
2018/06/06,88.8,93.9,88.8,91.6
2018/06/07,92.5,93.5,90.8,91.3
2018/06/08,87.9,88.9,86.5,87.6
2018/06/11,88.6,90.8,87.9,89.6
2018/06/12,90.3,90.3,87.9,87.9
2018/06/13,89.7,89.7,85.1,87.8
2018/06/14,88.1,91.6,85.1,85.3
2018/06/15,85.4,86.4,81.7,82.1
2018/06/19,81.3,84.7,81.3,82.3
2018/06/20,83.6,83.9,75.1,79.6
2018/06/21,81.6,84.1,81.6,83.4
2018/06/22,84.4,85.2,82.1,82.3
2018/06/25,83.1,83.6,80.0,80.0
2018/06/26,79.4,83.2,77.6,83.2
2018/06/27,83.6,85.8,82.1,82.1
2018/06/28,82.1,84.5,81.9,84.2
2018/06/29,86.2,88.3,84.8,85.8
2018/07/02,86.8,88.4,85.8,87.0
2018/07/03,88.3,94.4,87.5,90.1
2018/07/04,93.0,93.1,88.8,91.9
2018/07/05,93.9,97.2,87.9,89.0
2018/07/06,91.8,93.3,86.0,88.6
2018/07/09,89.9,91.9,87.4,88.9
2018/07/10,92.1,92.1,88.9,89.5
2018/07/11,86.0,87.6,85.0,85.0
2018/07/12,85.3,87.8,85.0,87.8
2018/07/13,88.8,89.4,86.2,86.2
2018/07/16,86.9,88.0,84.9,85.9
2018/07/17,86.0,86.4,82.3,83.1
2018/07/18,84.4,84.5,77.6,80.6
2018/07/19,82.0,82.3,79.5,81.6
2018/07/20,81.9,82.2,76.1,77.2
2018/07/23,77.6,79.9,76.6,79.4
2018/07/24,80.3,81.8,79.2,81.3
2018/07/25,81.8,82.8,80.9,82.7
2018/07/26,83.5,84.1,82.1,82.1
2018/07/27,83.6,83.8,82.5,83.1
2018/07/30,83.4,83.4,75.8,76.7
2018/07/31,75.0,77.6,73.6,76.3
2018/08/01,77.4,77.4,75.3,75.9
2018/08/02,75.2,75.4,70.3,70.5
2018/08/03,72.0,73.0,69.6,72.5
2018/08/06,73.6,73.8,70.5,70.5
2018/08/07,71.1,72.9,70.3,72.9
2018/08/08,73.5,73.5,70.1,70.5
2018/08/09,70.7,71.5,69.1,70.3
2018/08/10,71.0,71.7,69.6,69.6
2018/08/13,68.5,68.5,62.9,65.0
2018/08/14,67.3,69.6,65.5,68.7
2018/08/15,67.9,69.5,66.3,69.1
2018/08/16,68.5,73.5,68.5,72.6
2018/08/17,72.0,73.1,68.9,69.7
2018/08/20,69.7,71.5,69.2,71.4
2018/08/21,71.5,71.8,70.3,70.6
2018/08/22,71.0,71.0,70.1,70.1
2018/08/23,70.2,70.9,67.3,67.9
2018/08/24,67.8,69.0,67.2,67.4
2018/08/27,68.2,73.2,68.2,72.3
2018/08/28,72.8,73.4,71.0,72.6
2018/08/29,73.0,73.9,72.4,73.3
2018/08/30,74.0,75.5,73.1,74.9
2018/08/31,74.1,75.4,73.6,75.4
2018/09/03,75.3,75.3,69.8,71.2
2018/09/04,71.3,73.8,70.5,72.5
2018/09/05,72.5,73.6,71.7,71.7
2018/09/06,71.7,72.7,71.1,71.7
2018/09/07,71.2,72.0,66.8,68.0
2018/09/10,69.0,69.8,67.3,68.1
2018/09/11,68.9,69.5,68.0,68.2
2018/09/12,68.5,68.5,65.3,66.0
2018/09/13,66.5,67.8,65.0,65.0
2018/09/14,66.2,68.6,64.7,67.3
2018/09/17,66.5,68.4,66.2,67.1
2018/09/18,66.4,66.8,64.4,64.6
2018/09/19,65.4,66.3,63.1,63.1
2018/09/20,63.6,63.9,61.5,61.9
2018/09/21,63.2,64.1,62.5,63.8
2018/09/25,62.6,64.9,62.5,63.6
2018/09/26,63.3,64.3,62.1,62.1
2018/09/27,62.1,62.1,59.8,60.0
2018/09/28,60.2,61.4,59.6,60.5
2018/10/01,61.0,61.6,60.3,61.2
2018/10/02,61.5,62.4,61.1,61.1
2018/10/03,60.8,61.4,59.7,59.9
2018/10/04,60.2,60.7,58.4,58.4
2018/10/05,57.8,58.3,52.8,53.4
2018/10/08,54.2,55.5,52.5,54.6
2018/10/09,55.1,56.8,54.2,56.0
2018/10/11,50.6,53.0,50.4,50.4
2018/10/12,49.5,54.3,49.5,53.4
2018/10/15,53.2,55.2,52.9,53.1
2018/10/16,52.7,54.8,52.7,53.5
2018/10/17,55.0,55.2,53.3,53.3
2018/10/18,53.5,54.2,53.0,53.0
2018/10/19,51.5,51.7,49.5,51.5
2018/10/22,50.5,53.2,50.1,52.9
2018/10/23,52.3,53.3,50.5,50.6
2018/10/24,50.6,51.4,49.5,50.0
2018/10/25,47.0,48.3,45.8,46.3
2018/10/26,47.9,48.2,46.1,47.0
2018/10/29,48.0,48.5,46.8,47.7
2018/10/30,47.2,47.5,45.2,45.5
2018/10/31,46.5,49.0,46.5,48.0
2018/11/01,48.2,52.0,48.0,50.6
2018/11/02,51.6,54.2,49.6,50.7
2018/11/05,49.9,51.6,49.7,50.9
2018/11/06,51.2,51.3,48.2,48.8
2018/11/07,49.1,52.1,49.0,51.2
2018/11/08,52.7,53.0,50.5,50.5
2018/11/09,51.4,52.5,50.6,52.5
2018/11/12,51.0,52.4,51.0,51.8
2018/11/13,50.3,52.1,50.1,52.0
2018/11/14,52.5,52.8,51.5,51.5
2018/11/15,52.0,52.4,51.2,52.1
2018/11/16,52.5,54.8,52.3,52.3
2018/11/19,52.4,53.6,52.4,53.1
2018/11/20,52.5,53.3,52.3,52.4
2018/11/21,52.0,53.2,51.6,53.0
2018/11/22,53.6,54.3,52.0,52.0
2018/11/23,52.3,52.6,51.5,51.6
2018/11/26,52.1,52.9,52.0,52.2
2018/11/27,52.5,53.4,52.4,53.3
2018/11/28,53.8,55.7,53.7,54.6
2018/11/29,55.6,56.0,54.0,54.1
2018/11/30,54.9,56.0,54.7,55.9
2018/12/03,58.5,61.4,58.0,61.4
2018/12/04,61.1,61.9,59.8,60.1
2018/12/05,58.3,59.7,58.1,59.1
2018/12/06,59.1,60.3,54.4,55.9
2018/12/07,56.5,57.4,55.8,57.0
2018/12/10,55.8,56.5,53.9,55.6
2018/12/11,56.0,56.3,55.0,55.0
2018/12/12,55.9,57.3,55.8,56.7
2018/12/13,56.8,56.9,55.6,55.9
2018/12/14,55.5,55.9,54.5,55.4
2018/12/17,55.2,56.5,55.1,55.4
2018/12/18,54.6,55.8,54.5,54.9
2018/12/19,55.5,55.8,55.0,55.0
2018/12/20,54.5,54.9,53.2,53.4
2018/12/21,53.0,54.4,52.0,53.9
2018/12/24,53.8,54.4,53.1,54.4
2018/12/25,53.5,53.6,52.9,53.1
2018/12/26,53.6,54.3,52.6,52.7
2018/12/27,54.2,54.3,53.0,53.0
2018/12/28,53.6,53.7,52.8,52.9
2019/01/02,53.3,53.5,52.7,52.9
2019/01/03,52.9,53.3,51.3,51.3
2019/01/04,50.7,51.6,49.4,50.5
2019/01/07,51.9,53.0,51.9,52.3
2019/01/08,52.5,52.7,51.6,52.3
2019/01/09,52.3,55.5,52.3,53.6
2019/01/10,53.0,53.4,52.0,52.3
2019/01/11,52.8,53.7,51.7,51.8
2019/01/14,52.0,52.3,51.1,51.3
2019/01/15,51.8,52.7,51.5,52.0
2019/01/16,52.3,52.7,51.9,52.5
2019/01/17,53.0,53.3,52.2,52.3
2019/01/18,52.5,52.9,52.3,52.7
2019/01/21,53.5,53.6,52.7,52.7
2019/01/22,52.8,53.0,52.3,52.3
2019/01/23,52.0,52.5,51.7,52.1
2019/01/24,52.3,52.6,52.1,52.1
2019/01/25,52.5,53.4,52.3,53.0
2019/01/28,53.8,53.8,52.8,52.8
2019/01/29,52.7,53.2,52.3,53.0
2019/01/30,53.2,53.3,52.7,52.7
2019/02/11,53.2,53.5,52.7,53.4
2019/02/12,53.8,55.3,53.7,54.6
2019/02/13,55.3,57.6,54.6,56.8
2019/02/14,56.7,57.2,55.7,55.9
2019/02/15,55.9,56.1,54.7,54.8
2019/02/18,55.8,56.3,55.3,55.6
2019/02/19,56.0,56.4,55.4,56.0
2019/02/20,56.4,57.2,56.3,56.5
2019/02/21,56.8,57.8,56.1,57.8
2019/02/22,58.3,59.3,57.5,57.5
2019/02/25,58.0,58.1,57.2,57.4
2019/02/26,57.6,58.5,56.9,56.9
2019/02/27,56.5,56.5,54.6,55.1
2019/03/04,55.5,56.0,55.1,55.9
2019/03/05,55.8,56.0,55.4,55.7
2019/03/06,55.8,56.3,55.6,55.7
2019/03/07,55.6,55.8,54.6,54.8
2019/03/08,54.5,54.8,54.0,54.4
2019/03/11,54.6,55.4,54.6,55.3
2019/03/12,55.8,56.1,55.0,55.0
2019/03/13,55.5,55.6,55.0,55.4
2019/03/14,55.6,55.9,54.8,55.0
2019/03/15,55.5,56.1,55.3,55.5
2019/03/18,55.8,56.0,55.6,55.8
2019/03/19,56.0,56.0,55.3,55.4
2019/03/20,55.6,56.3,55.5,56.3
2019/03/21,56.5,57.5,56.1,57.1
2019/03/22,57.7,57.9,56.6,56.8
2019/03/25,55.8,56.2,55.6,55.9
2019/03/26,57.8,58.5,57.5,58.3
2019/03/27,58.9,59.0,58.3,58.8
2019/03/28,58.7,58.7,58.0,58.3
2019/03/29,58.5,59.0,58.5,58.6
2019/04/01,58.8,58.9,58.1,58.1
2019/04/02,58.4,58.5,58.0,58.4
2019/04/03,58.4,59.3,58.2,59.0
2019/04/08,59.5,59.8,59.0,59.1
2019/04/09,59.2,61.5,59.0,60.6
2019/04/10,59.5,59.8,59.1,59.3
2019/04/11,59.3,60.5,58.5,58.7
2019/04/12,58.9,59.2,58.2,59.0
2019/04/15,59.3,59.5,59.1,59.2
2019/04/16,59.6,59.9,59.2,59.7
2019/04/17,60.3,61.5,59.9,60.6
2019/04/18,61.4,61.5,59.3,59.6
2019/04/19,60.0,60.2,59.2,59.4
2019/04/22,59.8,60.2,59.3,59.4
2019/04/23,59.4,59.5,58.5,58.9
2019/04/24,59.0,59.4,58.7,58.8
2019/04/25,58.6,58.7,58.4,58.6
2019/04/26,58.6,58.6,58.1,58.3
2019/04/29,58.3,58.5,57.6,57.6
2019/04/30,57.5,58.1,57.2,58.1
2019/05/02,58.0,58.1,57.7,58.0
2019/05/03,58.2,58.2,57.9,58.0
2019/05/06,57.7,57.7,57.0,57.1
2019/05/07,57.2,57.7,57.2,57.4
2019/05/08,57.0,57.0,56.5,56.8
2019/05/09,56.8,56.8,55.5,55.7
2019/05/10,55.2,56.2,54.6,55.0
2019/05/13,55.0,55.0,52.6,52.8
2019/05/14,50.3,52.7,50.3,52.5
2019/05/15,52.8,54.1,52.8,53.6
2019/05/16,53.7,54.0,52.8,52.9
2019/05/17,53.3,53.5,52.1,52.1
2019/05/20,52.2,52.7,51.8,52.0
2019/05/21,52.0,52.4,51.6,52.4
2019/05/22,52.8,53.0,52.4,52.5
2019/05/23,52.2,52.3,51.5,52.0
2019/05/24,51.9,52.6,51.9,52.0
2019/05/27,52.2,52.4,51.9,52.4
2019/05/28,52.4,52.7,52.4,52.7
2019/05/29,52.8,53.0,52.2,52.7
2019/05/30,53.0,53.4,52.7,53.3
2019/05/31,53.3,53.8,53.3,53.5
2019/06/03,53.1,53.6,52.7,53.1
2019/06/04,53.2,53.7,53.1,53.1
2019/06/05,53.8,53.9,53.1,53.1
2019/06/06,53.1,53.1,52.3,52.4
2019/06/10,52.7,53.0,52.6,52.8
2019/06/11,52.8,53.5,52.7,53.4
2019/06/12,53.8,53.8,53.1,53.3
2019/06/13,53.1,53.5,53.1,53.2
2019/06/14,53.4,53.8,53.3,53.7
2019/06/17,53.8,54.9,53.8,54.8
2019/06/18,55.0,55.0,54.1,54.4
2019/06/19,55.0,55.3,54.6,55.1
2019/06/20,55.1,56.5,55.1,55.9
2019/06/21,56.8,57.2,56.5,56.7
2019/06/24,57.6,57.8,56.9,57.6
2019/06/25,57.8,58.0,56.8,56.8
2019/06/26,56.8,57.1,56.8,57.0
2019/06/27,57.3,57.6,57.3,57.4
2019/06/28,57.8,57.8,57.3,57.4
2019/07/01,58.0,58.5,57.9,58.4
2019/07/02,58.8,58.8,58.4,58.7
2019/07/03,58.9,58.9,58.5,58.7
2019/07/04,58.9,59.8,58.9,59.6
2019/07/05,59.8,60.3,59.7,60.3
2019/07/08,53.8,54.4,53.8,53.8
2019/07/09,53.2,53.4,52.1,52.2
2019/07/10,52.5,52.9,52.2,52.3
2019/07/11,52.6,52.6,51.5,51.6
2019/07/12,51.6,52.0,51.6,51.7
2019/07/15,51.9,52.0,50.7,50.8
2019/07/16,51.0,51.6,51.0,51.4
2019/07/17,51.4,51.6,50.9,50.9
2019/07/18,51.0,51.2,50.0,50.0
2019/07/19,50.3,50.7,50.0,50.1
2019/07/22,50.2,50.4,49.5,49.6
2019/07/23,49.8,50.5,49.8,50.0
2019/07/24,50.5,50.8,50.0,50.1
2019/07/25,50.2,50.6,50.0,50.1
2019/07/26,50.4,50.4,50.0,50.0
2019/07/29,50.2,50.3,49.6,49.7
2019/07/30,50.0,50.8,49.8,50.1
2019/07/31,50.0,50.1,49.5,49.7
2019/08/01,49.7,49.7,48.7,48.8
2019/08/02,48.2,48.3,47.0,47.0
2019/08/05,46.8,47.0,45.0,45.0
2019/08/06,44.1,44.8,42.8,44.8
2019/08/07,44.8,45.4,43.0,43.0
2019/08/08,43.1,44.0,43.1,43.8
2019/08/12,43.7,45.3,43.1,45.2
2019/08/13,45.1,45.1,44.2,44.3
2019/08/14,44.9,45.1,44.0,44.2
2019/08/15,43.7,43.7,43.0,43.3
2019/08/16,43.5,44.1,43.5,43.8
2019/08/19,44.3,44.4,44.0,44.2
2019/08/20,44.4,44.8,44.2,44.3
2019/08/21,44.3,44.6,44.1,44.2
2019/08/22,44.2,44.5,43.6,43.7
2019/08/23,44.0,44.3,43.6,44.2
2019/08/26,43.7,45.1,43.5,44.9
2019/08/27,45.3,46.8,45.3,46.5
2019/08/28,46.9,47.8,46.9,47.4
2019/08/29,47.7,48.0,46.6,46.8
2019/08/30,47.1,49.8,47.1,47.5
2019/09/02,47.9,48.8,47.8,48.3
2019/09/03,48.5,48.6,47.7,47.8
2019/09/04,47.7,48.2,47.7,48.0
2019/09/05,48.5,49.0,48.1,48.2
2019/09/06,48.4,48.8,48.1,48.3
2019/09/09,48.7,48.9,48.5,48.5
2019/09/10,48.7,48.8,48.0,48.3
2019/09/11,48.6,49.5,48.6,49.4
2019/09/12,49.8,50.6,49.5,50.0
2019/09/16,50.0,50.2,49.6,49.8
2019/09/17,50.1,51.4,50.1,50.6
2019/09/18,50.8,51.1,50.6,50.6
2019/09/19,51.0,51.1,50.1,50.1
2019/09/20,50.5,50.9,49.3,49.3
2019/09/23,49.6,49.7,49.0,49.0
2019/09/24,49.3,49.3,48.6,48.7
2019/09/25,48.5,48.5,47.5,48.0
2019/09/26,48.2,49.5,48.2,49.5
2019/09/27,49.8,50.2,48.8,49.1
2019/10/01,49.5,51.3,49.5,50.4
2019/10/02,50.0,50.8,49.8,50.5
2019/10/03,49.9,50.3,49.5,50.2
2019/10/04,51.0,51.3,49.9,51.0
2019/10/07,51.2,51.5,50.7,50.8
2019/10/08,51.3,51.3,49.8,49.8
2019/10/09,49.8,50.5,49.6,50.0
2019/10/14,50.7,51.0,50.4,50.7
2019/10/15,50.9,51.7,50.6,50.9
2019/10/16,51.2,51.5,50.1,50.1
2019/10/17,50.3,51.0,50.1,51.0
2019/10/18,51.3,51.7,50.7,51.0
2019/10/21,51.6,52.3,51.3,51.3
2019/10/22,51.6,51.7,50.7,50.9
2019/10/23,50.9,51.2,50.6,50.8
2019/10/24,51.5,52.4,51.5,51.7
2019/10/25,52.0,52.1,51.2,51.3
2019/10/28,51.6,51.6,50.6,50.7
2019/10/29,50.8,50.9,49.5,49.5
2019/10/30,49.5,49.8,49.5,49.6
2019/10/31,49.8,49.9,48.3,48.5
2019/11/01,48.4,48.5,47.8,48.5
2019/11/04,48.5,48.9,48.1,48.4
2019/11/05,48.3,48.7,48.3,48.5
2019/11/06,48.6,49.3,48.5,48.7
2019/11/07,48.6,48.6,47.8,47.8
2019/11/08,48.2,50.5,48.2,50.2
2019/11/11,49.8,49.8,48.8,49.2
2019/11/12,49.1,50.0,49.1,50.0
2019/11/13,50.4,51.2,49.7,50.0
2019/11/14,50.0,50.3,49.4,49.4
2019/11/15,49.4,49.9,49.4,49.5
2019/11/18,49.7,49.7,49.3,49.3
2019/11/19,49.5,49.8,49.4,49.4
2019/11/20,49.5,49.8,49.1,49.1
2019/11/21,49.0,49.4,48.7,48.8
2019/11/22,48.8,49.0,48.8,48.8
2019/11/25,48.8,49.2,48.7,48.8
2019/11/26,49.5,49.8,49.4,49.6
2019/11/27,49.6,51.7,49.6,51.4
2019/11/28,51.6,51.7,50.6,51.4
2019/11/29,52.4,52.8,51.5,51.6
2019/12/02,51.6,52.0,50.6,50.7
2019/12/03,50.7,52.4,50.6,51.4
2019/12/04,51.3,51.9,51.0,51.2
2019/12/05,51.7,51.9,51.0,51.1
2019/12/06,51.2,52.0,50.8,51.9
2019/12/09,52.6,53.4,52.0,52.0
2019/12/10,51.8,51.8,51.1,51.4
2019/12/11,51.5,51.8,51.0,51.0
2019/12/12,51.4,51.5,50.7,50.7
2019/12/13,51.0,51.4,50.0,50.0
2019/12/16,50.2,50.8,50.1,50.4
2019/12/17,50.8,50.8,50.3,50.4
2019/12/18,50.6,50.6,50.0,50.0
2019/12/19,50.2,51.7,50.2,51.2
2019/12/20,52.0,52.5,51.6,51.7
2019/12/23,51.8,52.5,51.3,52.3
2019/12/24,52.4,52.7,51.9,52.1
2019/12/25,52.4,53.0,52.0,52.7
2019/12/26,52.8,53.2,51.8,51.8
2019/12/27,51.8,52.9,51.8,52.6
2019/12/30,53.1,54.3,52.6,53.9
2019/12/31,53.6,54.0,53.0,53.1
2020/01/02,53.5,53.5,52.6,52.7
2020/01/03,53.5,55.2,53.1,53.4
2020/01/06,53.0,53.6,52.3,52.5
2020/01/07,52.8,52.8,50.7,51.3
2020/01/08,50.7,51.3,50.2,50.5
2020/01/09,51.1,51.2,50.4,50.4
2020/01/10,50.9,50.9,50.2,50.4
2020/01/13,50.7,50.8,50.1,50.4
2020/01/14,50.7,52.2,50.7,51.6
2020/01/15,51.6,51.7,51.1,51.1
2020/01/16,51.5,52.0,51.3,51.5
2020/01/17,52.0,52.1,51.3,51.4
2020/01/20,51.5,51.7,51.1,51.1
2020/01/30,46.6,48.8,46.5,46.8
2020/01/31,47.5,48.0,46.5,47.7
2020/02/03,46.0,47.7,45.0,47.7
2020/02/04,48.0,49.2,47.8,48.8
2020/02/05,49.3,49.4,47.9,47.9
2020/02/06,49.5,50.8,49.2,50.0
2020/02/07,49.9,50.4,49.3,49.5
2020/02/10,48.9,49.7,48.2,49.1
2020/02/11,50.0,52.5,49.9,52.2
2020/02/12,52.5,53.3,52.0,53.0
2020/02/13,53.4,53.7,52.3,52.6
2020/02/14,53.0,54.4,52.6,54.3
2020/02/17,53.9,54.5,53.2,54.2
2020/02/18,55.0,55.7,53.7,53.7
2020/02/19,54.3,54.7,53.5,54.5
2020/02/20,55.4,55.4,54.5,54.6
2020/02/21,55.0,55.4,54.5,54.7
2020/02/24,54.1,55.6,54.0,55.5
2020/02/25,55.1,56.3,54.4,54.5
2020/02/26,54.0,55.0,53.5,53.7
2020/02/27,54.2,54.6,52.0,52.4
2020/03/02,51.7,53.6,51.6,53.2
2020/03/03,54.5,54.7,53.0,53.1
2020/03/04,53.0,53.5,52.1,52.6
2020/03/05,53.0,53.6,52.6,53.0
2020/03/06,52.6,52.6,51.7,51.9
2020/03/09,50.9,51.2,49.2,49.3
2020/03/10,47.0,49.2,47.0,49.0
2020/03/11,49.2,49.5,47.6,47.6
2020/03/12,47.5,47.5,44.5,45.0
2020/03/13,40.5,41.8,40.5,41.8
2020/03/16,42.0,42.5,39.5,39.5
2020/03/17,36.3,39.9,36.2,37.3
2020/03/18,37.7,38.2,36.3,36.5
2020/03/19,36.0,36.2,32.8,32.8
2020/03/20,33.9,36.0,33.8,35.6
2020/03/23,33.4,34.7,33.4,34.0
2020/03/24,35.5,36.4,35.1,35.7
2020/03/25,36.8,38.0,36.8,38.0
2020/03/26,38.3,38.3,36.7,37.7
2020/03/27,41.5,41.5,41.5,41.5
2020/03/30,40.0,41.8,39.6,41.8
2020/03/31,42.5,43.0,41.5,41.8
2020/04/01,41.8,42.2,41.6,42.1
2020/04/06,42.4,43.0,42.2,42.9
2020/04/07,43.7,45.8,43.2,44.9
2020/04/08,44.9,47.8,44.1,46.4
2020/04/09,46.7,47.7,45.5,45.5
2020/04/10,45.8,46.7,45.6,45.9
2020/04/13,45.8,46.2,45.1,45.7
2020/04/14,46.0,46.6,46.0,46.5
2020/04/15,46.9,49.4,46.9,48.0
2020/04/16,47.2,48.6,47.2,48.1
2020/04/17,49.0,49.2,47.7,47.9
2020/04/20,48.0,48.5,47.5,48.3
2020/04/21,47.9,48.5,47.0,47.1
2020/04/22,47.0,47.8,46.2,47.6
2020/04/23,48.0,48.2,47.4,47.6
2020/04/24,47.7,48.0,47.5,47.5
2020/04/27,48.0,48.7,48.0,48.4
2020/04/28,48.7,48.9,48.2,48.4
2020/04/29,48.4,48.9,48.4,48.5
2020/04/30,49.3,49.9,49.0,49.1
2020/05/04,48.4,49.0,48.0,48.8
2020/05/05,49.5,51.0,49.3,49.6
2020/05/06,49.5,50.2,49.3,49.7
2020/05/07,49.8,50.2,49.5,50.0
2020/05/08,51.0,52.5,50.5,52.1
2020/05/11,52.5,52.8,51.7,52.0
2020/05/12,52.5,53.4,52.1,53.2
2020/05/13,53.0,54.0,52.5,53.5
2020/05/14,53.4,53.8,51.8,51.9
2020/05/15,52.8,53.5,52.1,52.9
2020/05/18,53.3,53.7,52.2,52.2
2020/05/19,53.0,53.2,52.3,52.3
2020/05/20,52.6,53.4,52.3,52.3
2020/05/21,52.9,53.0,52.3,52.7
2020/05/22,52.9,52.9,51.9,52.0
2020/05/25,52.1,52.7,51.2,52.6
2020/05/26,53.2,53.2,52.5,52.5
2020/05/27,52.8,53.4,52.5,52.7
2020/05/28,53.2,53.3,52.2,52.2
2020/05/29,52.0,52.7,52.0,52.4
2020/06/01,52.9,53.8,52.5,53.2
2020/06/02,53.6,54.3,53.0,54.3
2020/06/03,54.7,54.9,53.8,53.9
2020/06/04,54.0,54.5,53.8,54.2
2020/06/05,54.8,55.2,54.1,54.1
2020/06/08,53.8,54.0,53.0,53.1
2020/06/09,53.5,53.5,52.6,52.7
2020/06/10,52.7,53.2,52.5,52.7
2020/06/11,52.8,52.8,51.3,51.4
2020/06/12,49.7,51.0,49.5,51.0
2020/06/15,51.0,51.5,50.7,50.8
2020/06/16,51.4,51.8,51.2,51.4
2020/06/17,51.5,51.6,51.1,51.6
2020/06/18,51.8,52.4,51.5,52.3
2020/06/19,52.5,53.1,52.1,53.1
2020/06/22,53.1,53.4,52.8,53.2
2020/06/23,53.5,54.2,53.1,53.3
2020/06/24,53.4,54.1,53.4,53.7
2020/06/29,53.2,53.7,53.0,53.3
2020/06/30,53.8,53.8,52.9,53.7
2020/07/01,53.7,54.1,53.4,53.8
2020/07/02,53.9,54.3,53.7,54.1
2020/07/03,54.4,54.4,53.9,54.0
2020/07/06,54.5,54.8,54.2,54.7
2020/07/07,55.0,55.3,54.3,54.5
2020/07/08,54.6,54.8,54.3,54.5
2020/07/09,54.5,54.7,54.0,54.0
2020/07/10,50.8,50.8,49.0,49.0
2020/07/13,49.5,49.7,48.9,49.0
2020/07/14,49.2,49.2,48.0,48.1
2020/07/15,48.3,48.6,47.6,47.6
2020/07/16,48.0,48.2,47.6,47.8
2020/07/17,48.2,48.2,47.0,47.1
2020/07/20,47.0,47.2,46.5,47.1
2020/07/21,47.6,47.8,47.5,47.6
2020/07/22,48.0,48.3,48.0,48.2
2020/07/23,48.3,48.4,47.7,47.8
2020/07/24,47.8,48.0,46.7,46.8
2020/07/27,47.0,47.2,46.1,46.2
2020/07/28,46.5,47.0,46.2,46.2
2020/07/29,46.3,46.4,45.8,46.0
2020/07/30,46.5,46.8,46.3,46.8
2020/07/31,46.7,47.5,46.5,47.4
2020/08/03,47.5,48.2,47.3,47.5
2020/08/04,47.7,47.9,47.5,47.5
2020/08/05,47.9,48.5,47.7,48.4
2020/08/06,48.8,48.8,47.7,47.8
2020/08/07,48.3,48.6,47.9,48.0
2020/08/10,48.3,48.4,47.6,47.7
2020/08/11,47.8,48.3,47.5,47.5
2020/08/12,47.7,47.7,46.8,47.2
2020/08/13,47.5,47.7,47.0,47.1
2020/08/14,47.2,47.2,46.8,47.0
2020/08/17,47.4,47.5,47.2,47.5
2020/08/18,47.8,47.8,47.2,47.2
2020/08/19,47.5,47.5,46.2,46.3
2020/08/20,46.3,46.3,43.0,44.0
2020/08/21,44.5,45.3,44.3,45.2
2020/08/24,45.2,46.1,45.0,45.4
2020/08/25,45.6,46.0,45.6,45.7
2020/08/26,45.8,46.2,45.7,46.0
2020/08/27,46.2,46.4,45.8,45.8
2020/08/28,45.9,46.2,45.5,45.7
2020/08/31,46.1,46.2,45.2,45.3
2020/09/01,45.3,45.7,45.1,45.4
2020/09/02,45.7,45.8,45.1,45.1
2020/09/03,45.4,45.5,45.2,45.2
2020/09/04,44.8,45.1,44.7,45.0
2020/09/07,45.0,45.5,44.8,44.9
2020/09/08,45.2,45.7,45.1,45.5
2020/09/09,45.0,45.2,44.8,45.0
2020/09/10,45.2,45.3,44.8,44.8
2020/09/11,44.8,45.0,44.6,44.7
2020/09/14,44.7,45.5,44.7,45.4
2020/09/15,45.7,45.7,45.2,45.2
2020/09/16,45.5,45.5,44.8,44.8
2020/09/17,44.9,45.5,44.9,45.1
2020/09/18,45.4,45.5,45.3,45.5
2020/09/21,45.5,46.2,45.5,45.7
2020/09/22,45.7,45.7,44.8,44.9
2020/09/23,45.0,45.1,44.5,44.5
2020/09/24,44.1,44.2,43.1,43.2
2020/09/25,43.5,44.0,42.5,42.8
2020/09/28,43.0,43.2,42.8,43.0
2020/09/29,43.4,44.4,43.4,43.7
2020/09/30,43.5,44.0,43.5,43.7
2020/10/05,43.7,44.3,43.6,44.0
2020/10/06,44.0,44.5,44.0,44.1
2020/10/07,44.2,44.3,44.0,44.2
2020/10/08,44.3,44.5,43.9,44.0
2020/10/12,44.1,44.5,43.9,44.0
2020/10/13,44.0,44.5,43.8,44.3
2020/10/14,45.0,46.2,45.0,45.0
2020/10/15,45.0,45.4,44.6,44.8
2020/10/16,44.8,45.4,44.6,45.2
2020/10/19,45.3,45.7,45.2,45.3
2020/10/20,45.2,45.5,44.9,45.1
2020/10/21,45.3,45.3,44.7,45.0
2020/10/22,45.0,45.2,44.3,44.7
2020/10/23,44.8,44.9,44.4,44.8
2020/10/26,45.2,46.0,45.2,45.8
2020/10/27,45.7,46.0,45.5,46.0
2020/10/28,46.1,46.2,45.2,45.2
2020/10/29,44.7,45.7,44.5,45.3
2020/10/30,45.8,45.8,44.9,44.9
2020/11/02,44.9,45.1,44.5,44.5
2020/11/03,44.7,46.6,44.7,46.0
2020/11/04,46.0,46.5,45.5,46.0
2020/11/05,46.0,46.0,45.7,45.9
2020/11/06,46.3,46.3,45.9,46.0
2020/11/09,46.3,46.4,46.0,46.2
2020/11/10,46.9,46.9,45.8,45.9
2020/11/11,45.9,47.1,45.9,47.0
2020/11/12,47.2,47.3,46.5,46.5
2020/11/13,46.3,46.5,45.8,46.1
2020/11/16,46.8,46.8,46.0,46.2
2020/11/17,46.3,46.7,46.2,46.3
2020/11/18,46.3,46.4,46.0,46.0
2020/11/19,46.0,46.5,45.8,46.2
2020/11/20,47.0,49.2,46.9,48.5
2020/11/23,48.6,49.3,48.2,48.4
2020/11/24,49.0,49.8,48.2,48.3
2020/11/25,48.8,49.0,47.6,47.9
2020/11/26,48.0,48.0,47.3,47.8
2020/11/27,47.8,48.2,47.7,47.8
2020/11/30,48.0,48.5,47.8,47.8
2020/12/01,48.2,48.4,47.6,47.9
2020/12/02,48.2,48.4,48.0,48.1
2020/12/03,48.1,48.9,47.8,48.2
2020/12/04,48.5,48.6,48.1,48.2
2020/12/07,48.3,48.7,47.8,48.0
2020/12/08,48.0,48.3,47.8,48.2
2020/12/09,48.3,52.4,48.3,51.6
2020/12/10,50.9,51.2,50.0,50.2
2020/12/11,50.8,51.2,49.2,49.8
2020/12/14,50.1,51.1,49.8,50.6
2020/12/15,50.5,50.9,49.1,49.4
2020/12/16,49.8,50.3,49.7,49.8
2020/12/17,50.1,50.1,49.0,49.2
2020/12/18,49.3,49.5,48.7,48.7
2020/12/21,48.7,48.8,48.0,48.5
2020/12/22,49.0,49.2,47.8,47.8
2020/12/23,48.0,50.4,47.7,49.5
2020/12/24,50.4,51.6,50.0,50.7
2020/12/25,50.8,51.2,49.8,50.2
2020/12/28,50.8,50.8,50.0,50.1
2020/12/29,50.5,51.1,50.0,50.3
2020/12/30,51.0,51.0,50.3,50.4
2020/12/31,50.6,50.9,50.0,50.2
2021/01/04,50.5,51.0,50.2,50.6
2021/01/05,51.0,53.0,50.6,52.5
2021/01/06,52.6,53.4,50.3,51.7
2021/01/07,52.5,52.8,51.2,52.3
2021/01/08,52.4,52.8,51.4,51.8
2021/01/11,52.1,52.9,51.5,51.6
2021/01/12,52.2,52.2,50.4,50.5
2021/01/13,50.9,51.6,50.8,51.1
2021/01/14,51.3,52.0,51.2,51.9
2021/01/15,52.4,52.4,50.5,50.8
2021/01/18,50.7,51.0,49.5,50.2
2021/01/19,50.3,51.2,50.3,50.3
2021/01/20,50.8,50.8,48.7,49.0
2021/01/21,49.2,49.6,48.2,48.6
2021/01/22,48.5,48.8,48.2,48.8
2021/01/25,48.8,49.8,48.7,49.2
2021/01/26,49.5,49.8,48.6,48.7
2021/01/27,49.0,49.2,48.6,48.7
2021/01/28,48.3,48.6,48.0,48.1
2021/01/29,48.3,48.6,47.3,47.5
2021/02/01,47.3,47.4,46.3,47.0
2021/02/02,47.3,48.0,47.3,47.7
2021/02/03,48.1,48.3,47.5,47.6
2021/02/04,47.7,48.1,47.7,48.0
2021/02/05,49.0,49.3,48.8,49.0
2021/02/17,49.9,50.7,49.6,50.3
2021/02/18,50.5,50.6,50.1,50.6
2021/02/19,51.1,51.8,50.8,51.5
2021/02/22,52.0,52.8,51.9,52.0
2021/02/23,52.0,54.1,51.5,53.6
2021/02/24,54.0,54.2,52.1,52.6
2021/02/25,53.2,53.8,52.5,52.7
2021/02/26,51.5,53.2,51.5,52.9
2021/03/02,53.9,53.9,52.6,52.8
2021/03/03,53.2,53.8,52.2,53.4
2021/03/04,54.1,54.2,52.8,53.5
2021/03/05,53.0,54.0,52.4,53.7
2021/03/08,54.3,54.5,52.6,52.9
2021/03/09,53.0,53.8,52.6,53.6
2021/03/10,53.6,53.9,52.7,53.0
2021/03/11,53.5,54.9,53.5,53.7
2021/03/12,54.0,54.3,53.4,53.9
2021/03/15,54.4,55.0,53.8,55.0
2021/03/16,55.7,56.2,55.0,55.0
2021/03/17,55.2,55.8,54.9,55.4
2021/03/18,56.3,56.9,54.9,55.3
2021/03/19,54.9,54.9,54.0,54.2
2021/03/22,54.3,54.5,53.2,54.3
2021/03/23,54.3,54.5,53.5,53.5
2021/03/24,53.1,53.5,52.9,53.1
2021/03/25,53.1,53.4,52.5,52.9
2021/03/26,53.0,53.5,52.8,53.3
2021/03/29,53.8,53.8,53.2,53.3
2021/03/30,53.6,53.6,53.0,53.2
2021/03/31,53.4,53.4,52.9,52.9
2021/04/01,53.4,53.4,52.8,53.2
2021/04/06,53.7,53.8,53.3,53.7
2021/04/07,53.9,54.5,53.8,54.4
2021/04/08,54.8,55.7,54.5,55.6
2021/04/09,56.1,56.4,54.5,55.1
2021/04/12,55.3,55.5,54.6,54.9
2021/04/13,55.1,55.2,53.6,53.8
2021/04/14,54.0,54.1,51.5,53.2
2021/04/15,53.4,53.5,52.9,53.2
2021/04/16,53.8,54.8,53.8,54.1
2021/04/19,55.0,55.8,54.7,55.4
2021/04/20,55.8,57.8,55.4,57.8
2021/04/21,58.6,58.7,57.0,58.2
2021/04/22,60.0,61.1,56.5,56.5
2021/04/23,57.2,60.1,57.1,60.1
2021/04/26,61.5,62.4,60.5,61.5
2021/04/27,61.2,61.5,59.4,61.0
2021/04/28,61.0,61.4,60.1,61.4
2021/04/29,62.1,63.1,61.0,61.2
2021/05/03,61.2,61.2,58.4,58.6
2021/05/04,59.0,59.8,54.8,56.5
2021/05/05,56.9,57.6,55.4,55.5
2021/05/06,56.3,56.5,55.1,55.4
2021/05/07,57.0,59.8,56.6,59.8
2021/05/10,60.8,60.9,59.3,59.7
2021/05/11,57.5,57.9,54.5,55.4
2021/05/12,55.2,56.1,50.0,52.3
2021/05/13,50.1,52.4,49.6,51.0
2021/05/14,52.1,53.9,51.1,51.5
2021/05/17,47.5,50.7,46.9,47.8
2021/05/18,49.5,51.5,48.4,51.3
2021/05/19,50.8,51.7,50.3,51.1
2021/05/20,51.2,51.7,50.6,50.7
2021/05/21,52.0,52.7,51.3,51.4
2021/05/24,51.3,52.2,50.6,51.7
2021/05/25,52.5,53.4,52.1,52.5
2021/05/26,53.3,53.3,52.4,52.7
2021/05/27,52.9,52.9,52.0,52.3
2021/05/28,52.9,53.2,52.7,52.9
2021/05/31,53.4,53.7,53.1,53.2
2021/06/01,53.7,53.7,53.1,53.5
2021/06/02,53.9,53.9,52.8,53.0
2021/06/03,53.2,53.7,53.0,53.2
2021/06/04,52.8,53.3,52.5,52.6
2021/06/07,52.7,52.8,51.3,52.5
2021/06/08,52.7,53.2,52.6,52.7
2021/06/09,53.0,53.3,52.4,52.5
2021/06/10,52.7,53.7,52.4,53.4
2021/06/11,53.8,54.0,53.0,53.2
2021/06/15,53.3,54.2,53.2,53.9
2021/06/16,54.0,54.4,53.6,53.9
2021/06/17,53.6,55.2,53.5,55.1
2021/06/18,55.9,56.4,55.3,55.6
2021/06/21,55.3,55.3,54.2,54.6
2021/06/22,55.2,55.3,53.9,54.0
2021/06/23,54.7,54.9,54.3,54.7
2021/06/24,55.3,55.6,54.9,55.0
2021/06/25,55.2,55.9,54.9,54.9
2021/06/28,54.8,55.6,54.8,55.4
2021/06/29,56.0,56.4,55.7,55.7
2021/06/30,56.4,60.5,56.0,60.5
2021/07/01,58.6,59.1,56.7,57.5
2021/07/02,57.5,57.7,56.2,57.4
2021/07/05,57.8,59.2,57.5,58.5
2021/07/06,59.2,59.5,58.2,58.4
2021/07/07,59.0,59.8,58.5,58.6
2021/07/08,58.7,59.4,58.3,58.7
2021/07/09,58.5,59.3,58.2,59.1
2021/07/12,59.7,59.8,58.4,58.6
2021/07/13,59.2,59.7,57.1,57.4
2021/07/14,58.0,58.7,57.0,58.0
2021/07/15,58.9,59.5,58.6,58.8
2021/07/16,58.4,59.2,58.3,58.6
2021/07/19,58.9,59.0,58.2,58.5
2021/07/20,57.5,58.4,57.5,57.5
2021/07/21,58.1,58.5,57.0,57.1
2021/07/22,58.0,59.0,57.7,58.0
2021/07/23,58.6,59.2,58.1,58.9
2021/07/26,59.9,60.2,58.6,59.8
2021/07/27,60.3,60.6,58.7,58.7
2021/07/28,58.7,58.7,55.8,57.7
2021/07/29,58.2,58.4,57.3,57.8
2021/07/30,57.9,58.0,56.7,56.8
2021/08/02,56.8,57.4,56.6,57.3
2021/08/03,57.8,58.4,57.5,57.7
2021/08/04,57.8,58.3,57.6,57.6
2021/08/05,57.8,57.9,56.9,57.0
2021/08/06,57.0,57.4,56.8,56.9
2021/08/09,53.9,54.2,52.9,53.0
2021/08/10,53.6,53.6,52.0,52.3
2021/08/11,52.3,53.0,51.2,51.4
2021/08/12,51.6,52.3,51.6,52.0
2021/08/13,52.2,52.2,50.8,50.8
2021/08/16,50.3,51.1,49.5,50.0
2021/08/17,50.0,50.5,50.0,50.0
2021/08/18,50.0,51.1,49.3,51.1
2021/08/19,51.0,51.0,49.3,49.3
2021/08/20,49.5,49.6,48.7,49.1
2021/08/23,49.3,50.2,49.3,50.0
2021/08/24,50.6,50.8,49.8,49.8
2021/08/25,49.8,51.0,49.8,50.9
2021/08/26,50.9,51.0,50.3,50.8
2021/08/27,50.6,51.3,50.6,50.8
2021/08/30,51.3,51.4,50.8,50.8
2021/08/31,51.2,51.2,50.8,51.0
2021/09/01,51.0,51.5,50.9,51.4
2021/09/02,51.3,51.6,51.0,51.0
2021/09/03,51.0,51.4,51.0,51.0
2021/09/06,51.0,51.1,50.3,50.6
2021/09/07,50.6,51.2,50.5,50.9
2021/09/08,50.8,51.2,50.1,50.3
2021/09/09,50.3,51.2,50.1,50.7
2021/09/10,50.7,51.4,50.7,51.3
2021/09/13,51.3,51.5,51.2,51.5
2021/09/14,51.6,51.8,51.2,51.4
2021/09/15,51.6,51.6,50.9,51.1
2021/09/16,51.1,51.4,51.1,51.1
2021/09/17,51.1,51.5,51.0,51.4
2021/09/22,50.9,51.1,50.6,50.9
2021/09/23,51.2,51.7,51.2,51.5
2021/09/24,52.0,52.3,51.7,52.2
2021/09/27,52.3,52.6,51.7,52.1
2021/09/28,52.1,52.2,51.7,52.1
2021/09/29,51.5,51.6,51.1,51.3
2021/09/30,51.5,52.0,51.2,51.7
2021/10/01,51.3,51.6,50.6,50.6
2021/10/04,50.5,50.8,49.7,49.7
2021/10/05,49.7,49.8,48.8,49.8
2021/10/06,50.2,50.4,49.2,49.2
2021/10/07,49.3,50.8,49.3,50.4
2021/10/08,51.0,51.0,50.0,50.1
2021/10/12,50.1,50.1,49.5,49.5
2021/10/13,49.7,49.8,49.0,49.2
2021/10/14,49.2,49.7,49.0,49.2
2021/10/15,49.5,49.8,49.5,49.6
2021/10/18,49.7,49.8,49.3,49.5
2021/10/19,49.5,49.9,49.5,49.8
2021/10/20,50.0,50.1,49.6,50.0
2021/10/21,50.0,50.5,49.6,50.5
2021/10/22,50.5,50.5,49.8,50.0
2021/10/25,49.7,50.0,49.7,49.8
2021/10/26,50.0,50.5,49.9,50.2
2021/10/27,50.3,50.5,50.0,50.5
2021/10/28,50.4,51.1,50.4,50.5
2021/10/29,50.6,50.6,50.1,50.4
2021/11/01,50.3,50.5,50.1,50.3
2021/11/02,50.4,50.6,50.0,50.0
2021/11/03,50.2,51.5,50.2,51.0
2021/11/04,51.7,51.8,51.3,51.4
2021/11/05,51.8,51.8,51.0,51.3
2021/11/08,51.3,51.6,51.2,51.2
2021/11/09,51.3,51.6,51.0,51.5
2021/11/10,51.5,51.8,51.4,51.7
2021/11/11,51.7,51.9,51.4,51.5
2021/11/12,51.5,51.9,51.5,51.8
2021/11/15,51.8,52.5,51.6,52.4
2021/11/16,52.5,52.6,52.0,52.3
2021/11/17,52.3,52.7,52.3,52.6
2021/11/18,52.7,53.1,52.4,52.5
2021/11/19,52.5,52.6,51.8,51.8
2021/11/22,51.8,52.5,51.5,52.2
2021/11/23,52.3,52.6,51.7,51.7
2021/11/24,51.8,52.5,51.6,52.5
2021/11/25,52.5,52.6,52.3,52.4
2021/11/26,52.4,52.5,51.3,52.2
2021/11/29,51.6,52.4,51.3,52.0
2021/11/30,52.4,53.5,52.2,53.2
2021/12/01,54.1,56.6,54.0,55.3
2021/12/02,55.0,55.9,54.2,55.2
2021/12/03,56.0,56.2,55.3,55.5
2021/12/06,55.8,57.7,55.1,56.7
2021/12/07,55.5,55.8,54.3,54.6
2021/12/08,54.8,55.0,54.2,54.9
2021/12/09,54.9,54.9,53.8,54.1
2021/12/10,54.1,54.1,53.4,53.6
2021/12/13,53.3,54.0,53.3,53.6
2021/12/14,53.4,53.5,52.7,52.7
2021/12/15,52.7,53.2,52.7,52.9
2021/12/16,53.5,53.6,53.0,53.1
2021/12/17,53.0,53.1,52.2,52.2
2021/12/20,52.5,52.7,52.3,52.4
2021/12/21,53.2,53.2,52.5,52.9
2021/12/22,53.3,53.3,53.0,53.3
2021/12/23,53.4,53.8,53.1,53.8
2021/12/24,54.0,54.2,53.2,53.2
2021/12/27,53.5,53.7,53.2,53.6
2021/12/28,53.6,54.0,53.6,53.9
2021/12/29,53.9,54.1,53.6,53.7
2021/12/30,53.8,54.3,53.8,53.9
2022/01/03,53.9,54.3,53.6,54.0
2022/01/04,54.1,54.7,54.0,54.1
2022/01/05,54.1,54.3,53.6,53.6
2022/01/06,53.5,53.6,53.2,53.5
2022/01/07,53.6,53.6,52.1,52.7
2022/01/10,52.5,53.3,52.4,53.1
2022/01/11,53.1,53.1,52.5,52.6
2022/01/12,52.6,52.8,52.1,52.5
2022/01/13,52.5,52.9,52.4,52.5
2022/01/14,52.9,53.7,52.6,52.8
2022/01/17,53.0,53.6,52.8,53.6
2022/01/18,54.1,54.2,53.4,53.4
2022/01/19,53.4,53.8,53.3,53.8
2022/01/20,53.8,54.0,53.4,53.5
2022/01/21,53.4,53.4,52.6,52.6
2022/01/24,52.6,52.6,51.3,52.1
2022/01/25,51.8,52.2,51.5,51.5
2022/01/26,51.5,51.8,51.4,51.5
2022/02/07,51.9,53.0,51.9,53.0
2022/02/08,53.2,53.4,53.0,53.4
2022/02/09,53.4,53.8,53.4,53.7
2022/02/10,53.9,54.2,53.6,53.9
2022/02/11,54.3,54.6,54.0,54.4
2022/02/14,53.6,54.2,53.6,54.0
2022/02/15,54.5,54.6,54.1,54.1
2022/02/16,54.5,54.7,54.2,54.4
2022/02/17,54.7,55.2,54.4,54.5
2022/02/18,54.2,54.6,54.0,54.5
2022/02/21,54.5,54.9,54.1,54.7
2022/02/22,54.7,54.7,53.3,53.9
2022/02/23,53.9,54.6,53.9,54.1
2022/02/24,54.2,54.2,52.6,52.8
2022/02/25,52.8,53.4,52.3,52.7
2022/03/01,53.0,54.0,53.0,53.9
2022/03/02,53.8,54.1,53.4,53.9
2022/03/03,54.2,54.5,53.8,54.0
2022/03/04,53.7,54.1,53.4,53.7
2022/03/07,53.5,53.5,52.4,52.8
2022/03/08,52.4,52.9,51.9,52.0
2022/03/09,52.4,52.7,52.1,52.4
2022/03/10,53.0,53.3,52.8,52.8
2022/03/11,52.8,53.1,52.7,53.1
2022/03/14,53.2,53.5,52.9,53.1
2022/03/15,53.1,53.1,52.3,52.3
2022/03/16,52.5,52.6,52.1,52.3
2022/03/17,52.7,53.4,52.5,53.4
2022/03/18,53.2,53.6,53.2,53.4
2022/03/21,53.4,54.2,53.4,54.0
2022/03/22,54.0,54.3,53.7,54.3
2022/03/23,54.5,54.5,54.0,54.4
2022/03/24,54.5,55.0,54.4,54.9
2022/03/25,55.2,55.2,54.5,54.6
2022/03/28,55.0,55.4,54.5,54.7
2022/03/29,54.9,55.0,54.3,54.4
2022/03/30,54.5,54.7,54.2,54.6
2022/03/31,54.8,55.1,54.7,54.8
2022/04/01,54.8,54.8,54.4,54.6
2022/04/06,54.4,54.4,53.9,54.1
2022/04/07,54.1,54.1,53.0,53.0
2022/04/08,53.5,53.7,53.1,53.5
2022/04/11,54.1,54.2,53.1,53.1
2022/04/12,53.0,53.5,52.6,53.3
2022/04/13,53.2,53.9,53.2,53.8
2022/04/14,53.9,54.2,53.8,54.2
2022/04/15,54.1,54.4,53.3,53.6
2022/04/18,53.6,53.6,53.1,53.1
2022/04/19,53.2,54.0,53.2,53.8
2022/04/20,54.2,54.2,53.5,54.0
2022/04/21,54.0,54.0,53.8,53.9
2022/04/22,53.7,53.9,53.6,53.7
2022/04/25,53.1,53.2,52.7,52.9
2022/04/26,53.0,53.2,52.7,52.9
2022/04/27,52.4,52.4,51.6,52.1
2022/04/28,52.1,52.5,52.0,52.3
2022/04/29,52.6,53.0,52.6,52.6
2022/05/03,52.6,52.6,51.8,52.5
2022/05/04,52.6,52.9,52.5,52.9
2022/05/05,53.7,54.0,53.7,53.9
2022/05/06,53.0,53.8,53.0,53.8
2022/05/09,53.6,53.7,53.0,53.0
2022/05/10,52.4,53.4,52.1,53.3
2022/05/11,53.4,53.6,53.1,53.3
2022/05/12,52.5,53.3,52.5,52.6
2022/05/13,52.9,53.3,52.8,53.0
2022/05/16,53.4,53.5,53.2,53.3
2022/05/17,53.3,53.7,53.3,53.6
2022/05/18,54.0,54.0,53.6,53.7
2022/05/19,53.0,53.5,52.9,53.3
2022/05/20,53.6,53.7,53.3,53.6
2022/05/23,53.6,53.8,53.6,53.8
2022/05/24,53.9,53.9,53.3,53.3
2022/05/25,53.2,53.9,53.2,53.9
2022/05/26,53.9,54.8,53.9,53.9
2022/05/27,54.3,54.5,54.2,54.3
2022/05/30,54.4,54.9,54.4,54.7
2022/05/31,54.9,54.9,54.5,54.5
2022/06/01,54.8,55.0,54.6,54.8
2022/06/02,55.0,55.0,54.4,54.6
2022/06/06,55.0,55.0,54.7,54.9
2022/06/07,55.0,55.0,54.6,54.7
2022/06/08,55.0,55.0,54.6,54.7
2022/06/09,54.5,54.8,54.5,54.8
2022/06/10,54.5,54.7,54.4,54.5
2022/06/13,54.0,54.0,53.6,53.7
2022/06/14,53.8,54.5,53.3,54.3
2022/06/15,54.5,54.9,54.0,54.1
2022/06/16,54.7,54.7,53.3,53.3
2022/06/17,52.8,53.3,52.6,53.1
2022/06/20,53.1,53.2,52.2,52.2
2022/06/21,52.3,53.0,52.1,52.9
2022/06/22,53.0,53.0,52.1,52.3
2022/06/23,52.5,52.7,52.1,52.4
2022/06/24,52.4,53.4,52.4,52.8
2022/06/27,53.0,53.2,52.7,52.9
2022/06/28,52.9,52.9,52.3,52.4
2022/06/29,52.0,52.1,51.8,51.9
2022/06/30,51.9,51.9,50.0,50.5
2022/07/01,50.4,50.4,48.6,48.6
2022/07/04,44.7,45.3,44.6,44.7
2022/07/05,44.9,44.9,43.3,44.1
2022/07/06,44.2,44.2,42.2,42.3
2022/07/07,42.5,43.2,42.1,43.0
2022/07/08,43.2,43.8,43.2,43.7
2022/07/11,43.7,43.8,43.2,43.2
2022/07/12,43.2,43.2,42.1,42.2
2022/07/13,43.2,43.2,42.8,43.0
2022/07/14,43.0,43.9,42.7,43.8
2022/07/15,43.5,44.1,43.5,44.0
2022/07/18,44.3,45.0,44.3,45.0
2022/07/19,45.0,45.8,45.0,45.5
2022/07/20,45.7,46.5,45.7,45.7
2022/07/21,45.8,46.2,45.2,46.2
2022/07/22,46.3,47.3,46.3,46.6
2022/07/25,46.6,46.8,46.4,46.5
2022/07/26,46.6,46.6,45.7,46.0
2022/07/27,45.5,46.5,45.5,46.3
2022/07/28,48.0,48.3,47.2,47.8
2022/07/29,48.5,48.5,47.5,47.9
2022/08/01,47.9,47.9,47.2,47.6
2022/08/02,47.1,47.1,46.7,46.8
2022/08/03,46.2,47.0,46.2,46.3
2022/08/04,46.4,46.4,45.6,46.0
2022/08/05,46.5,47.0,46.4,46.8
2022/08/08,46.8,47.6,46.8,47.6
2022/08/09,47.5,47.7,47.3,47.5
2022/08/10,48.8,50.0,48.6,49.0
2022/08/11,49.2,49.6,49.2,49.3
2022/08/12,49.3,49.7,49.3,49.7
2022/08/15,49.9,50.0,49.4,49.7
2022/08/16,50.0,50.0,49.7,49.8
2022/08/17,49.9,49.9,49.6,49.8
2022/08/18,50.0,50.2,49.5,49.8
2022/08/19,49.8,50.0,49.8,50.0
2022/08/22,49.9,50.9,49.8,50.6
2022/08/23,50.0,50.5,50.0,50.5
2022/08/24,50.8,50.8,50.2,50.3
2022/08/25,50.7,51.3,50.7,51.0
2022/08/26,51.0,51.3,50.9,50.9
2022/08/29,50.0,51.5,50.0,51.3
2022/08/30,51.3,52.0,51.3,51.9
2022/08/31,51.9,51.9,51.5,51.9
2022/09/01,51.6,51.7,51.2,51.3
2022/09/02,51.3,51.6,51.1,51.3
2022/09/05,51.3,51.8,51.1,51.6
2022/09/06,51.8,51.9,50.6,50.7
2022/09/07,50.6,50.8,50.1,50.4
2022/09/08,50.1,50.5,49.8,50.4
2022/09/12,50.4,50.9,50.1,50.6
2022/09/13,50.8,50.9,50.1,50.4
2022/09/14,49.8,50.4,49.8,50.3
2022/09/15,50.3,50.6,50.2,50.4
2022/09/16,50.4,50.7,50.1,50.2
2022/09/19,50.2,51.0,50.0,50.0
2022/09/20,50.3,50.4,49.8,50.2
2022/09/21,50.0,50.0,49.3,49.3
2022/09/22,49.3,49.5,48.7,49.3
2022/09/23,49.3,49.7,49.0,49.0
2022/09/26,48.6,48.7,47.9,48.1
2022/09/27,47.7,48.6,47.5,48.5
2022/09/28,48.6,48.8,47.1,47.1
2022/09/29,47.8,48.0,47.5,47.6
2022/09/30,47.6,48.0,46.8,48.0
2022/10/03,48.0,50.0,48.0,49.2
2022/10/04,49.7,49.9,49.0,49.3
2022/10/05,50.2,50.2,49.5,49.8
2022/10/06,49.8,49.8,49.5,49.8
2022/10/07,50.0,50.2,49.6,50.0
2022/10/11,49.5,49.5,48.7,48.8
2022/10/12,48.5,48.7,48.2,48.6
2022/10/13,48.3,48.4,47.8,48.0
2022/10/14,48.7,48.9,48.5,48.5
2022/10/17,48.3,48.3,47.4,48.0
2022/10/18,48.5,48.6,47.8,48.2
2022/10/19,48.5,48.5,47.8,48.0
2022/10/20,48.0,48.5,47.2,48.5
2022/10/21,48.5,48.5,47.8,47.8
2022/10/24,47.8,48.5,47.8,48.1
2022/10/25,48.3,48.5,47.7,47.8
2022/10/26,47.5,48.1,47.2,47.5
2022/10/27,48.0,48.0,47.8,48.0
2022/10/28,48.3,48.3,47.3,47.3
2022/10/31,48.0,48.0,47.5,47.5
2022/11/01,48.0,48.8,47.8,48.8
2022/11/02,48.5,50.7,48.3,50.1
2022/11/03,49.2,50.0,49.2,50.0
2022/11/04,49.8,50.4,49.8,50.3
2022/11/07,50.1,50.4,50.1,50.3
2022/11/08,50.3,50.4,49.8,49.9
2022/11/09,50.5,50.9,50.0,50.7
2022/11/10,50.3,50.6,50.1,50.5
2022/11/11,51.6,52.3,50.9,51.2
2022/11/14,51.6,52.0,51.4,51.9
2022/11/15,52.4,52.4,51.5,51.8
2022/11/16,52.0,52.6,51.6,51.6
2022/11/17,52.0,52.2,51.7,51.8
2022/11/18,52.0,52.2,51.7,51.7
2022/11/21,51.7,52.4,51.7,51.7
2022/11/22,52.2,52.2,51.7,52.0
2022/11/23,52.4,52.5,51.9,52.2
2022/11/24,52.4,52.5,52.1,52.3
2022/11/25,52.5,52.5,52.1,52.3
2022/11/28,52.0,52.5,51.8,51.8
2022/11/29,51.8,52.0,51.5,51.5
2022/11/30,51.9,52.3,51.9,52.2
2022/12/01,52.7,52.8,52.1,52.3
2022/12/02,52.5,52.6,52.3,52.3
2022/12/05,52.6,52.7,52.3,52.4
2022/12/06,52.5,52.6,51.7,51.7
2022/12/07,51.7,51.9,50.9,51.0
2022/12/08,51.2,51.7,51.2,51.3
2022/12/09,51.7,51.7,51.3,51.5
2022/12/12,51.6,51.6,51.1,51.4
2022/12/13,51.7,51.9,51.2,51.3
2022/12/14,52.3,53.9,52.2,53.8
2022/12/15,53.8,54.2,53.6,53.6
2022/12/16,53.0,54.5,52.6,53.5
2022/12/19,53.5,54.1,53.3,53.3
2022/12/20,53.2,53.3,52.0,52.2
2022/12/21,52.5,52.8,52.5,52.6
2022/12/22,53.4,53.4,52.7,53.2
2022/12/23,52.8,53.0,52.4,53.0
2022/12/26,53.1,53.2,52.6,52.7
2022/12/27,52.7,53.3,52.7,52.8
2022/12/28,52.8,52.8,52.3,52.4
2022/12/29,52.3,52.6,51.9,52.5
2022/12/30,52.8,53.0,52.6,52.6
2023/01/03,52.4,53.0,52.2,52.9
2023/01/04,52.9,53.4,52.7,52.8
2023/01/05,53.2,53.9,52.8,53.6
2023/01/06,53.6,54.1,53.6,53.7
2023/01/09,53.7,53.8,53.2,53.8
2023/01/10,53.9,53.9,53.3,53.8
2023/01/11,53.9,53.9,53.3,53.6
2023/01/12,53.6,53.7,53.3,53.4
2023/01/13,53.6,53.6,53.0,53.0
2023/01/16,53.0,53.2,52.6,52.9
2023/01/17,52.8,53.1,52.7,53.0
2023/01/30,53.0,53.5,53.0,53.3
2023/01/31,53.1,54.0,53.1,54.0
2023/02/01,54.3,54.9,54.0,54.8
2023/02/02,54.9,55.3,54.6,54.9
2023/02/03,54.9,55.0,54.5,54.6
2023/02/06,54.4,54.8,54.3,54.8
2023/02/07,54.8,54.8,54.2,54.7
2023/02/08,55.0,55.0,54.7,54.7
2023/02/09,54.8,55.3,54.7,55.2
2023/02/10,55.3,55.4,54.8,54.9
2023/02/13,54.9,54.9,54.6,54.8
2023/02/14,54.8,55.5,54.8,55.0
2023/02/15,55.3,55.3,54.6,54.8
2023/02/16,55.0,56.2,55.0,55.7
2023/02/17,55.5,56.9,55.2,56.4
2023/02/20,56.5,56.5,56.0,56.3
2023/02/21,56.3,56.4,56.0,56.3
2023/02/22,56.0,56.3,55.7,56.2
2023/02/23,56.1,56.6,56.1,56.5
2023/02/24,56.5,56.6,56.0,56.4
2023/03/01,56.4,57.1,56.2,56.9
2023/03/02,57.1,57.7,57.1,57.7
2023/03/03,57.8,58.1,57.5,57.6
2023/03/06,57.9,58.0,57.7,57.8
2023/03/07,57.8,58.4,57.8,58.4
2023/03/08,58.4,58.9,58.2,58.8
2023/03/09,58.9,59.2,58.7,59.0
2023/03/10,58.7,58.9,57.6,57.7
2023/03/13,57.4,58.4,56.7,58.2
2023/03/14,58.5,58.8,57.7,58.3
2023/03/15,58.6,58.7,57.8,57.9
2023/03/16,57.8,57.8,57.0,57.2
2023/03/17,57.4,59.8,57.4,59.8
2023/03/20,59.5,59.5,58.8,58.9
2023/03/21,59.4,59.7,59.0,59.1
2023/03/22,59.3,59.5,59.0,59.1
2023/03/23,58.9,59.4,58.8,59.3
2023/03/24,59.4,59.6,59.1,59.1
2023/03/27,59.1,59.4,59.0,59.3
2023/03/28,59.4,59.7,59.1,59.2
2023/03/29,59.3,59.6,59.1,59.4
2023/03/30,59.5,59.8,59.3,59.5
2023/03/31,59.6,59.7,59.4,59.4
2023/04/06,59.0,59.2,58.9,59.0
2023/04/07,59.0,59.1,58.3,58.6
2023/04/10,58.6,59.4,58.6,58.9
2023/04/11,59.4,59.9,59.3,59.7
2023/04/12,59.7,59.9,59.2,59.6
2023/04/13,59.6,59.9,59.5,59.6
2023/04/14,59.4,59.9,59.4,59.5
2023/04/17,59.6,59.7,59.5,59.5
2023/04/18,59.5,59.7,59.0,59.0
2023/04/19,59.0,59.1,58.1,58.1
2023/04/20,58.1,58.2,57.4,57.6
2023/04/21,57.6,57.8,56.8,56.8
2023/04/24,56.8,57.3,56.3,57.2
2023/04/25,57.2,57.2,56.3,56.3
2023/04/26,56.3,56.9,56.1,56.8
2023/04/27,56.9,57.4,56.7,57.2
2023/04/28,57.5,57.6,57.1,57.2
2023/05/02,57.1,57.5,57.0,57.4
2023/05/03,57.2,57.4,57.0,57.2
2023/05/04,57.2,57.5,56.9,57.2
2023/05/05,57.2,58.4,57.2,57.6
2023/05/08,57.5,57.6,56.9,57.1
2023/05/09,57.1,57.2,56.6,56.7
2023/05/10,56.7,56.9,56.4,56.6
2023/05/11,56.7,56.8,56.2,56.2
2023/05/12,56.2,56.7,55.9,56.6
2023/05/15,56.4,56.4,56.1,56.2
2023/05/16,56.3,56.8,56.3,56.7
2023/05/17,56.7,56.9,56.3,56.8
2023/05/18,56.9,57.1,56.6,56.9
2023/05/19,57.3,57.3,56.9,57.1
2023/05/22,57.2,57.2,56.9,57.1
2023/05/23,57.1,57.6,56.8,57.2
2023/05/24,57.4,57.4,57.0,57.2
2023/05/25,57.2,57.3,57.0,57.0
2023/05/26,57.0,57.4,56.8,57.2
2023/05/29,57.2,57.5,57.2,57.5
2023/05/30,57.5,57.5,57.3,57.5
2023/05/31,57.5,57.8,57.5,57.7
2023/06/01,57.7,57.7,57.5,57.7
2023/06/02,58.0,58.1,57.8,58.0
2023/06/05,58.1,58.2,57.8,57.9
2023/06/06,57.9,58.0,57.6,57.8
2023/06/07,58.0,58.1,57.9,58.0
2023/06/08,58.0,58.1,57.9,57.9
2023/06/09,58.1,58.2,57.9,58.0
2023/06/12,58.0,58.1,57.8,57.9
2023/06/13,58.0,58.5,57.9,58.3
2023/06/14,58.5,58.5,58.3,58.3
2023/06/15,58.4,58.4,58.2,58.4
2023/06/16,58.5,58.5,58.1,58.2
2023/06/19,58.4,59.0,58.3,58.8
2023/06/20,59.1,59.1,58.5,58.5
2023/06/21,58.4,58.7,58.4,58.6
2023/06/26,58.6,58.6,58.0,58.5
2023/06/27,58.5,58.5,58.0,58.1
2023/06/28,58.7,58.7,58.3,58.3
2023/06/29,58.6,58.8,58.3,58.6
2023/06/30,58.8,58.8,58.4,58.6
2023/07/03,58.7,59.0,58.7,58.8
2023/07/04,58.9,59.0,58.7,58.9
2023/07/05,59.0,59.4,58.9,59.3
2023/07/06,53.7,53.7,53.2,53.4
2023/07/07,53.2,53.3,52.6,52.7
2023/07/10,52.8,52.8,51.8,51.9
2023/07/11,52.0,52.1,51.4,51.9
2023/07/12,51.9,52.2,51.7,52.1
2023/07/13,52.3,53.1,52.3,52.6
2023/07/14,52.6,53.4,52.6,53.0
2023/07/17,53.5,53.5,52.9,53.4
2023/07/18,53.6,54.4,53.6,54.4
2023/07/19,54.9,55.3,54.1,54.2
2023/07/20,54.4,54.7,54.1,54.2
2023/07/21,53.9,54.1,53.5,53.6
2023/07/24,53.6,53.6,52.7,52.8
2023/07/25,53.5,53.5,53.0,53.1
2023/07/26,52.8,53.4,52.8,53.1
2023/07/27,53.3,53.4,53.0,53.1
2023/07/28,53.2,53.4,53.0,53.3
2023/07/31,53.5,54.0,53.0,53.3
2023/08/01,53.5,53.7,53.2,53.4
2023/08/02,53.4,53.4,52.5,52.7
2023/08/04,52.7,53.3,52.4,53.2
2023/08/07,53.7,53.7,53.1,53.5
2023/08/08,53.7,53.9,53.1,53.4
2023/08/09,53.4,53.4,52.9,53.3
2023/08/10,53.2,53.2,52.5,52.9
2023/08/11,53.0,53.1,52.7,53.0
2023/08/14,53.0,53.1,51.8,52.0
2023/08/15,52.0,52.3,52.0,52.0
2023/08/16,51.5,51.9,51.3,51.7
2023/08/17,51.6,51.9,51.2,51.7
2023/08/18,51.7,52.1,51.6,52.0
2023/08/21,52.0,52.2,51.7,52.0
2023/08/22,52.0,52.3,51.9,52.2
2023/08/23,52.4,52.5,52.1,52.3
2023/08/24,52.5,52.6,52.1,52.2
2023/08/25,52.2,52.8,52.2,52.6
2023/08/28,52.6,52.6,52.0,52.5
2023/08/29,52.5,52.5,52.3,52.5
2023/08/30,52.6,53.1,52.4,53.0
2023/08/31,53.2,53.2,52.5,53.1
2023/09/01,53.1,55.6,53.0,54.2
2023/09/04,54.5,55.3,54.2,54.4
2023/09/05,54.8,55.2,54.5,55.0
2023/09/06,55.2,55.4,54.6,55.0
2023/09/07,55.5,57.8,55.4,57.4
2023/09/08,57.8,58.3,57.0,57.4
2023/09/11,57.7,57.8,56.7,57.2
2023/09/12,57.8,57.8,56.9,57.5
2023/09/13,57.5,59.0,56.1,58.5
2023/09/14,59.2,59.5,58.7,59.1
2023/09/15,59.7,64.5,59.6,61.0
2023/09/18,62.0,62.2,61.0,61.5
2023/09/19,61.7,62.3,60.7,60.9
2023/09/20,61.3,61.7,60.5,60.9
2023/09/21,60.8,60.8,59.4,60.6
2023/09/22,60.6,61.1,59.9,60.4
2023/09/25,60.4,61.3,60.1,60.6
2023/09/26,60.7,61.2,60.3,60.5
2023/09/27,60.5,60.5,59.0,59.7
2023/09/28,60.0,60.1,59.4,59.5
2023/10/02,60.0,60.7,59.4,60.0
2023/10/03,60.0,60.3,59.1,59.2
2023/10/04,58.7,58.7,58.0,58.1
2023/10/05,58.4,59.0,58.3,58.3
2023/10/06,58.4,59.8,58.4,59.3
2023/10/11,59.9,60.4,59.3,59.6
2023/10/12,59.6,59.8,58.7,59.8
2023/10/13,59.4,59.8,59.4,59.5
2023/10/16,59.0,59.7,59.0,59.5
2023/10/17,59.6,59.7,58.0,58.0
2023/10/18,58.0,58.3,57.0,57.0
2023/10/19,56.7,57.4,56.5,57.3
2023/10/20,57.3,57.5,56.4,57.2
2023/10/23,57.0,57.2,56.4,56.8
2023/10/24,56.5,57.6,56.4,57.4
2023/10/25,58.0,58.0,57.4,57.5
2023/10/26,57.0,57.0,56.6,56.6
2023/10/27,56.7,56.9,56.5,56.5
2023/10/30,56.6,56.7,56.3,56.3
2023/10/31,56.5,56.6,55.6,55.6
2023/11/01,55.7,57.4,55.7,56.4
2023/11/02,56.4,57.6,56.4,57.1
2023/11/03,57.1,57.6,57.1,57.2
2023/11/06,57.3,57.9,57.3,57.4
2023/11/07,57.4,58.3,56.9,58.2
2023/11/08,58.2,58.4,57.9,57.9
2023/11/09,57.9,57.9,57.2,57.2
2023/11/10,56.8,57.0,56.5,56.8
2023/11/13,56.6,56.9,56.2,56.3
2023/11/14,56.3,56.3,56.0,56.1
2023/11/15,56.3,56.7,56.2,56.2
2023/11/16,56.2,56.4,55.9,56.1
2023/11/17,56.0,56.5,56.0,56.4
2023/11/20,56.4,56.8,56.3,56.8
2023/11/21,56.9,57.1,56.4,56.4
2023/11/22,56.4,57.2,56.4,57.0
2023/11/23,56.9,57.4,56.9,57.0
2023/11/24,57.6,58.9,57.4,58.1
2023/11/27,58.6,58.8,58.1,58.2
2023/11/28,58.5,58.8,58.0,58.6
2023/11/29,59.4,60.3,59.1,60.0
2023/11/30,60.1,60.7,59.6,59.8
2023/12/01,60.0,60.2,59.6,59.9
2023/12/04,59.9,60.0,59.0,59.0
2023/12/05,59.0,59.0,58.4,58.7
2023/12/06,58.8,59.2,58.7,58.7
2023/12/07,59.5,59.7,58.8,58.9
2023/12/08,59.2,59.2,58.6,59.1
2023/12/11,59.1,59.7,59.1,59.6
2023/12/12,59.9,59.9,59.3,59.5
2023/12/13,59.4,59.6,59.1,59.4
2023/12/14,60.0,60.3,59.6,59.9
2023/12/15,60.2,60.2,58.7,58.7
2023/12/18,58.7,59.1,58.3,58.3
2023/12/19,58.1,58.1,57.6,57.6
2023/12/20,57.7,58.1,57.6,57.9
2023/12/21,57.6,57.9,57.5,57.5
2023/12/22,57.5,58.2,57.5,57.8
2023/12/25,58.0,58.3,57.7,57.7
2023/12/26,57.7,58.4,57.7,58.1
2023/12/27,58.2,58.7,58.2,58.4
2023/12/28,58.4,58.6,58.2,58.4
2023/12/29,58.4,58.4,57.9,58.1
2024/01/02,58.1,58.4,57.9,58.3
2024/01/03,58.3,58.3,57.9,57.9
2024/01/04,57.8,58.0,57.8,57.8
2024/01/05,58.0,58.0,57.5,57.5
2024/01/08,57.5,57.7,57.0,57.0
2024/01/09,57.2,57.3,56.4,56.6
2024/01/10,56.3,57.1,56.2,56.6
2024/01/11,56.3,57.1,56.3,56.9
2024/01/12,56.8,57.2,56.7,56.8
2024/01/15,56.8,57.1,56.8,57.1
2024/01/16,57.0,57.0,56.5,56.6
2024/01/17,56.5,57.2,56.5,56.6
2024/01/18,56.6,56.6,56.0,56.2
2024/01/19,56.1,56.5,56.0,56.2
2024/01/22,56.3,56.6,56.2,56.4
2024/01/23,56.8,57.2,56.5,57.2
2024/01/24,57.3,57.3,56.9,57.2
2024/01/25,57.5,57.5,57.0,57.1
2024/01/26,56.9,57.1,56.7,56.7
2024/01/29,57.4,57.7,56.7,56.8
2024/01/30,57.6,57.6,56.6,56.6
2024/01/31,56.7,57.0,56.6,56.6
2024/02/01,56.6,57.2,56.5,57.0
2024/02/02,57.0,57.4,56.7,56.7
2024/02/05,56.7,56.7,56.5,56.6
2024/02/15,58.5,60.0,57.7,58.9
2024/02/16,59.5,59.6,58.9,59.1
2024/02/19,59.2,59.3,58.7,59.0
2024/02/20,59.0,59.5,58.9,59.0
2024/02/21,59.0,59.4,59.0,59.3
2024/02/22,59.5,60.5,59.4,60.5
2024/02/23,60.7,61.5,60.6,60.9
2024/02/26,61.3,61.4,60.9,61.3
2024/02/27,62.0,62.8,61.2,61.7
2024/02/29,62.5,63.8,61.9,63.0
2024/03/01,63.7,63.7,61.7,61.9
2024/03/04,61.9,62.0,60.9,61.4
2024/03/05,62.0,62.0,61.2,61.6
2024/03/06,61.5,61.9,61.4,61.6
2024/03/07,61.1,61.1,60.0,60.0
2024/03/08,60.0,60.0,58.5,58.9
2024/03/11,58.8,59.3,58.6,58.8
2024/03/12,58.8,59.7,58.8,59.5
2024/03/13,59.5,60.2,59.5,59.8
2024/03/14,60.3,61.5,59.9,59.9
2024/03/15,59.9,60.1,59.1,59.2
2024/03/18,59.6,60.0,59.3,59.9
2024/03/19,59.9,60.6,59.8,60.3
2024/03/20,60.3,60.6,59.7,59.7
2024/03/21,59.8,60.2,59.6,60.0
2024/03/22,60.0,60.0,59.3,59.5
2024/03/25,59.4,60.0,59.4,59.7
2024/03/26,59.5,59.8,58.6,59.0
2024/03/27,58.8,59.1,58.6,59.1
2024/03/28,59.2,59.7,59.0,59.2
2024/03/29,59.1,59.7,59.1,59.7
2024/04/01,59.8,61.2,59.8,60.8
2024/04/02,60.7,61.0,60.5,60.6
2024/04/03,60.8,60.8,59.9,59.9
2024/04/08,59.9,60.7,59.9,60.6
2024/04/09,60.6,61.0,60.5,60.9
2024/04/10,60.9,61.1,60.7,60.7
2024/04/11,60.4,60.8,60.4,60.5
2024/04/12,60.4,61.1,60.4,60.9
2024/04/15,60.6,60.8,59.9,60.1
2024/04/16,59.8,59.8,58.6,58.9
2024/04/17,58.9,59.8,58.7,59.4
2024/04/18,59.2,59.6,59.0,59.2
2024/04/19,59.1,59.1,57.8,58.3
2024/04/22,58.3,58.9,58.1,58.3
2024/04/23,58.5,59.0,58.4,58.5
2024/04/24,59.0,59.5,58.6,59.2
2024/04/25,59.0,59.7,59.0,59.5
2024/04/26,59.3,59.8,59.2,59.5
2024/04/29,59.5,61.0,59.5,60.9
2024/04/30,60.6,61.1,60.5,60.7
2024/05/02,60.7,60.9,60.0,60.7
2024/05/03,61.3,63.5,60.8,62.5
2024/05/06,64.5,68.0,64.4,65.5
2024/05/07,66.3,67.3,65.3,66.9
2024/05/08,67.2,68.0,65.8,66.2
2024/05/09,67.0,69.1,66.9,67.9
2024/05/10,67.9,67.9,66.2,66.9
2024/05/13,66.9,66.9,65.6,66.4
2024/05/14,66.8,67.5,66.2,66.5
2024/05/15,66.3,67.1,66.2,66.2
2024/05/16,66.7,67.5,66.5,67.4
2024/05/17,67.4,67.6,66.9,67.5
2024/05/20,67.5,68.8,67.1,68.5
2024/05/21,69.5,69.5,67.8,68.0
2024/05/22,68.3,69.9,68.3,69.1
2024/05/23,68.8,69.0,67.4,68.3
2024/05/24,68.1,70.0,67.8,70.0
2024/05/27,71.0,71.5,69.6,69.7
2024/05/28,70.1,70.4,69.5,69.7
2024/05/29,69.8,70.3,69.4,70.0
2024/05/30,69.6,69.6,68.0,68.4
2024/05/31,68.3,69.9,68.0,68.2
2024/06/03,69.4,69.4,68.2,68.7
2024/06/04,68.5,69.2,68.4,69.0
2024/06/05,69.0,69.3,68.4,68.7
2024/06/06,68.8,69.1,67.5,68.5
2024/06/07,68.4,69.2,68.4,68.9
2024/06/11,69.0,69.0,68.0,68.0
2024/06/12,67.8,67.9,66.5,67.2
2024/06/13,67.7,68.1,67.4,68.0
2024/06/14,68.3,69.0,67.9,68.7
2024/06/17,69.3,69.6,68.8,68.8
2024/06/18,69.0,69.1,68.2,68.5
2024/06/19,68.6,68.7,68.0,68.0
2024/06/20,68.0,68.2,67.6,68.0
2024/06/21,67.8,68.8,67.7,68.5
2024/06/24,68.3,69.0,68.2,68.7
2024/06/25,68.3,68.8,67.4,68.3
2024/06/26,68.0,68.8,68.0,68.3
2024/06/27,64.4,65.0,62.1,63.3
2024/06/28,62.9,63.8,62.9,63.5
2024/07/01,63.8,64.2,63.3,63.9
2024/07/02,63.9,64.1,63.0,63.2
2024/07/03,63.4,64.5,63.4,64.1
2024/07/04,64.9,64.9,64.0,64.1
2024/07/05,64.2,65.5,64.2,65.1
2024/07/08,65.1,65.6,63.6,63.7
2024/07/09,63.7,63.7,62.8,63.3
2024/07/10,63.3,63.3,62.9,62.9
2024/07/11,63.0,64.3,62.5,63.7
2024/07/12,63.6,63.7,62.8,63.1
2024/07/15,63.2,63.2,62.7,63.0
2024/07/16,63.5,67.0,63.5,66.3
2024/07/17,66.6,66.9,65.4,65.4
2024/07/18,64.8,64.8,63.5,64.1
2024/07/19,64.2,64.2,63.0,63.0
2024/07/22,63.0,63.0,60.8,61.3
2024/07/23,61.5,62.2,61.5,62.0
2024/07/26,61.0,62.0,60.3,61.8
2024/07/29,62.5,62.5,61.2,61.4
2024/07/30,61.4,62.4,60.6,62.0
2024/07/31,61.7,64.8,61.7,64.3
2024/08/01,65.2,65.9,64.4,64.6
2024/08/02,63.8,64.9,63.3,63.6
2024/08/05,62.0,62.0,58.8,59.2
2024/08/06,59.7,60.5,56.7,59.4
2024/08/07,60.4,63.9,60.4,63.0
2024/08/08,62.6,62.7,61.8,62.0
2024/08/09,63.0,63.8,62.4,62.5
2024/08/12,63.2,63.2,62.1,62.5
2024/08/13,62.8,62.8,61.5,62.4
2024/08/14,62.7,63.0,62.3,62.6
2024/08/15,62.4,63.3,62.2,62.6
2024/08/16,63.2,63.3,62.8,62.8
2024/08/19,63.1,63.1,62.4,62.5
2024/08/20,62.8,63.3,62.5,62.5
2024/08/21,62.7,62.7,62.0,62.3
2024/08/22,62.3,62.5,62.1,62.1
2024/08/23,62.0,62.1,61.5,62.1
2024/08/26,62.3,62.9,62.2,62.3
2024/08/27,62.2,62.3,61.9,62.3
2024/08/28,62.6,62.6,62.0,62.2
2024/08/29,62.0,62.5,61.8,62.5
2024/08/30,62.5,63.3,62.5,62.6
2024/09/02,62.6,62.7,62.3,62.4
2024/09/03,62.4,62.7,62.2,62.4
2024/09/04,61.0,61.0,58.9,60.3
2024/09/05,60.6,60.8,60.0,60.0
2024/09/06,60.8,61.8,60.7,61.5
2024/09/09,61.0,61.0,60.3,61.0
2024/09/10,61.2,61.5,60.5,60.7
2024/09/11,61.1,61.1,60.6,60.9
2024/09/12,61.2,61.5,61.1,61.3
2024/09/13,61.4,62.4,61.2,61.8
2024/09/16,62.3,62.3,61.6,61.9
2024/09/18,61.8,61.9,61.3,61.3
2024/09/19,61.4,61.8,61.3,61.6
2024/09/20,61.6,62.0,61.5,61.7
2024/09/23,61.8,61.9,61.5,61.8
2024/09/24,61.8,62.1,61.8,62.1
2024/09/25,62.4,62.7,62.2,62.4
2024/09/26,62.7,63.0,62.1,62.5
2024/09/27,62.9,63.0,62.4,62.6
2024/09/30,62.6,62.6,61.7,62.0
2024/10/01,62.0,62.0,61.2,61.6
2024/10/04,61.4,61.5,60.9,61.3
2024/10/07,61.7,62.5,61.7,62.4
2024/10/08,62.4,62.6,61.8,62.5
2024/10/09,62.4,62.5,61.8,62.0
2024/10/11,62.3,62.3,61.5,61.7
2024/10/14,61.7,62.5,61.6,62.5
2024/10/15,62.5,62.9,62.2,62.7
2024/10/16,62.7,62.7,62.0,62.0
2024/10/17,62.1,62.5,62.1,62.3
2024/10/18,62.5,62.6,61.6,61.6
2024/10/21,61.9,62.0,61.2,61.3
2024/10/22,61.5,61.8,61.4,61.8
2024/10/23,61.6,62.0,61.5,61.7
2024/10/24,61.6,61.8,61.3,61.6
2024/10/25,61.5,61.6,61.3,61.6
2024/10/28,61.6,61.8,61.0,61.0
2024/10/29,61.0,61.0,60.1,60.8
2024/10/30,60.8,61.0,60.3,60.6
2024/11/01,60.2,61.2,59.8,60.7
2024/11/04,60.6,61.0,60.4,60.4
2024/11/05,60.7,60.7,60.3,60.4
2024/11/06,60.4,60.9,60.4,60.5
2024/11/07,61.2,61.7,61.2,61.7
2024/11/08,61.5,62.6,61.5,62.3
2024/11/11,62.6,62.8,62.3,62.8
2024/11/12,62.6,62.8,62.0,62.4
2024/11/13,62.4,63.5,62.4,62.5
2024/11/14,63.7,68.7,63.7,68.7
2024/11/15,69.5,75.5,66.3,67.3
2024/11/18,68.0,71.6,65.0,65.1
2024/11/19,66.5,67.4,64.7,65.4
2024/11/20,65.4,66.9,64.2,65.5
2024/11/21,66.0,67.4,64.8,66.4
2024/11/22,66.5,67.7,65.7,66.7
2024/11/25,67.0,73.3,67.0,72.6
2024/11/26,72.2,72.6,69.1,71.3
2024/11/27,73.4,74.0,69.6,70.0
2024/11/28,70.9,75.0,70.2,74.7
2024/11/29,72.1,75.2,71.1,73.3
2024/12/02,73.3,73.4,71.2,72.4
2024/12/03,73.2,74.6,70.5,70.8
2024/12/04,71.7,77.8,71.2,77.8
2024/12/05,79.0,84.3,76.1,76.7
2024/12/06,76.6,76.6,73.7,74.5
2024/12/09,74.9,75.0,70.4,71.8
2024/12/10,71.7,72.5,70.4,70.4
2024/12/11,70.2,71.7,70.2,70.6
2024/12/12,71.3,72.1,70.3,70.6
2024/12/13,70.7,71.0,68.3,68.9
2024/12/16,69.3,69.5,67.3,67.7
2024/12/17,68.1,68.7,67.2,68.0
2024/12/18,67.6,70.5,67.4,68.7
2024/12/19,67.2,68.3,67.2,67.8
2024/12/20,67.8,68.7,67.4,67.6
2024/12/23,68.1,69.3,68.0,68.2
2024/12/24,68.8,68.8,67.8,68.0
2024/12/25,68.5,70.5,68.3,69.8
2024/12/26,69.8,71.2,69.6,70.0
2024/12/27,70.6,71.2,69.5,70.0
2024/12/30,70.7,71.6,69.0,69.3
2024/12/31,69.3,70.4,68.6,69.7
2025/01/02,70.5,70.5,68.5,68.5
2025/01/03,68.9,69.3,67.4,67.7
2025/01/06,68.0,68.8,67.5,68.3
2025/01/07,69.1,69.1,67.8,67.8
2025/01/08,67.8,68.2,66.7,67.5
2025/01/09,67.2,67.8,65.8,66.0
2025/01/10,66.0,66.4,65.7,66.0
2025/01/13,65.2,65.2,63.6,64.0
2025/01/14,64.1,65.5,64.0,65.5
2025/01/15,65.6,66.0,64.9,65.2
2025/01/16,66.1,66.1,65.1,65.1
2025/01/17,65.1,67.5,64.6,65.5
2025/01/20,65.8,66.8,65.4,65.9
2025/01/21,66.5,67.9,66.2,66.9
2025/01/22,67.0,68.2,66.5,66.6
2025/02/03,65.0,65.6,64.1,65.5
2025/02/04,65.8,66.4,65.0,65.4
2025/02/05,66.0,68.5,66.0,68.2
2025/02/06,68.3,69.3,68.1,68.7
2025/02/07,72.5,74.0,71.2,72.0
2025/02/10,72.0,73.4,71.6,72.5
2025/02/11,72.8,73.7,72.4,73.6
2025/02/12,74.5,76.6,72.6,72.7
2025/02/13,73.4,74.3,73.0,73.5
2025/02/14,73.7,73.8,71.3,71.9
2025/02/17,71.0,72.0,70.8,71.8
2025/02/18,72.1,72.3,71.5,71.5
2025/02/19,71.5,71.7,71.0,71.0
2025/02/20,71.1,72.0,70.8,71.4
2025/02/21,71.4,72.0,71.3,71.6
2025/02/24,71.6,72.1,71.0,71.7
2025/02/25,71.7,71.7,70.3,70.5
2025/02/26,70.1,71.3,69.3,71.2
2025/02/27,71.5,72.0,70.5,71.0
2025/03/03,70.5,70.9,69.9,70.0
2025/03/04,69.2,70.6,68.6,70.4
2025/03/05,70.8,70.8,69.9,70.3
2025/03/06,70.4,71.1,70.3,70.3
2025/03/07,71.0,71.8,70.5,70.8
2025/03/10,70.8,71.6,70.4,71.3
2025/03/11,69.6,70.7,69.3,70.4
2025/03/12,70.6,72.4,70.6,71.8
2025/03/13,72.5,74.4,71.7,71.9
2025/03/14,73.2,74.1,72.5,73.5
2025/03/17,74.4,74.8,73.8,74.2
2025/03/18,74.7,75.5,74.3,74.9
2025/03/19,75.7,75.7,74.1,74.7
2025/03/20,75.3,75.5,74.2,74.9
2025/03/21,74.9,75.1,73.3,73.5
2025/03/24,73.8,73.8,71.5,71.7
2025/03/25,72.1,72.4,71.1,71.3
2025/03/26,71.7,71.9,71.1,71.6
2025/03/27,71.6,71.9,70.9,71.9
2025/03/28,71.5,71.5,69.9,70.6
2025/03/31,68.6,69.3,67.3,67.7
2025/04/01,67.7,69.0,67.7,68.5
2025/04/02,68.9,72.2,68.3,72.2
2025/04/07,65.0,65.0,65.0,65.0
2025/04/08,59.1,61.3,58.6,60.3
2025/04/09,59.9,60.7,54.7,55.3
2025/04/10,60.8,60.8,60.8,60.8
2025/04/11,59.5,60.6,56.2,60.5
2025/04/14,61.0,62.5,60.6,61.0
2025/04/15,62.0,63.5,61.8,63.0
2025/04/16,63.4,63.4,61.8,61.8
2025/04/17,61.6,62.1,60.8,61.1
2025/04/18,61.8,63.0,61.5,61.6
2025/04/21,61.5,61.5,59.9,59.9
2025/04/22,59.2,60.5,59.2,59.5
2025/04/23,60.8,61.4,60.6,61.1
2025/04/24,61.5,61.8,61.0,61.8
2025/04/25,62.5,62.8,62.3,62.4
2025/04/28,62.5,63.5,62.4,63.4
2025/04/29,64.0,64.5,63.7,64.3
2025/04/30,64.3,65.2,64.0,64.5
2025/05/02,65.7,66.5,65.0,65.8
2025/05/05,66.0,66.1,63.1,63.3
2025/05/06,63.3,64.8,63.3,64.0
2025/05/07,64.3,65.5,63.9,64.5
2025/05/08,69.3,70.9,68.7,70.9
2025/05/09,70.9,74.0,70.4,73.7
2025/05/12,74.7,74.9,72.8,73.7
2025/05/13,74.0,74.2,73.1,73.8
2025/05/14,74.1,75.7,73.5,75.7
2025/05/15,76.0,76.3,75.2,76.2
2025/05/16,77.3,77.6,75.6,75.6
2025/05/19,75.6,76.1,74.9,75.1
2025/05/20,75.9,76.3,74.8,75.1
2025/05/21,75.8,76.3,75.2,75.7
2025/05/22,75.5,76.4,75.2,76.4
2025/05/23,76.4,76.8,75.2,75.3
2025/05/26,75.3,75.9,74.9,75.1
2025/05/27,75.6,76.8,74.2,74.9
2025/05/28,75.5,76.3,75.0,75.7
2025/05/29,76.2,77.8,76.1,77.3
2025/06/02,77.2,79.0,75.3,76.0
2025/06/03,76.1,77.5,76.1,77.3
2025/06/04,78.0,78.5,77.5,78.5
2025/06/05,79.2,79.2,75.8,76.5
2025/06/06,76.0,77.5,75.8,77.5
2025/06/09,78.2,78.2,77.0,77.3
2025/06/10,77.9,78.2,77.3,77.7
2025/06/11,78.2,78.7,77.1,78.3
2025/06/12,78.5,78.5,77.4,77.7
2025/06/13,77.5,77.5,75.8,76.9
2025/06/16,76.5,77.9,76.5,77.9
2025/06/17,78.2,81.2,78.0,78.1
2025/06/18,78.8,79.1,78.2,78.3
2025/06/19,78.5,79.0,77.7,77.7
2025/06/20,77.7,78.0,74.3,74.4
2025/06/23,72.7,73.9,72.1,73.6
2025/06/24,74.2,75.5,74.1,74.7
2025/06/25,75.4,75.8,74.5,75.6
2025/06/26,76.1,76.1,74.8,74.8
2025/06/27,77.0,79.1,75.4,75.4
2025/06/30,76.0,77.4,75.4,75.8
2025/07/01,76.9,80.8,76.8,77.2
2025/07/02,77.5,80.6,76.8,79.4
2025/07/03,75.3,75.7,72.4,74.4
2025/07/04,74.4,74.4,71.5,71.5
2025/07/07,71.5,71.5,67.4,67.4
2025/07/08,67.9,69.4,67.9,69.3
2025/07/09,69.6,71.2,69.1,71.2
2025/07/10,71.1,71.4,70.5,71.2
2025/07/11,70.9,72.4,70.9,72.3
2025/07/14,72.3,73.7,72.2,73.7
2025/07/16,81.0,81.0,81.0,81.0
2025/07/17,80.3,80.8,76.6,79.1
2025/07/18,79.8,79.8,77.3,77.5
2025/07/21,78.0,78.2,76.8,76.8
2025/07/22,77.0,77.0,74.7,74.9
2025/07/23,75.0,75.9,75.0,75.6
2025/07/24,75.8,76.3,75.2,75.6
2025/07/25,75.6,75.8,75.2,75.3
2025/07/28,75.7,76.5,75.2,75.9
2025/07/29,75.9,76.7,75.0,75.3
2025/07/30,75.6,76.5,75.2,76.1
2025/07/31,76.0,76.0,75.6,75.9
2025/08/01,75.8,76.7,74.6,76.3
2025/08/04,75.9,77.1,75.2,76.9
2025/08/05,77.1,78.0,77.1,77.5
2025/08/06,77.7,78.0,77.0,77.2
2025/08/07,74.9,74.9,69.8,73.2
2025/08/08,72.8,72.9,70.7,70.7
2025/08/11,70.7,70.7,70.0,70.1
2025/08/12,70.2,70.6,69.5,69.6
2025/08/13,70.1,70.3,69.1,69.3
2025/08/14,69.8,70.1,69.5,69.6
2025/08/15,69.4,69.9,69.4,69.5
2025/08/18,70.0,70.4,69.5,69.6
2025/08/19,69.7,69.9,69.1,69.1
2025/08/20,69.3,69.3,67.8,68.1
2025/08/21,68.6,69.4,68.6,69.0
2025/08/22,68.7,69.9,68.7,69.1
2025/08/25,69.9,70.2,69.3,69.6
2025/08/26,69.5,70.0,69.4,69.5
2025/08/27,69.7,70.5,69.7,70.5
2025/08/28,70.8,71.2,70.3,70.5
2025/08/29,70.7,70.8,70.1,70.1
2025/09/01,69.9,70.3,68.6,68.7
2025/09/02,68.9,69.4,68.0,68.6
2025/09/03,68.6,69.3,68.6,69.1
2025/09/04,69.2,70.4,69.2,70.4
2025/09/05,71.3,72.0,70.9,71.4
2025/09/08,72.0,72.7,71.6,72.0
2025/09/09,72.5,72.7,71.7,71.9
2025/09/10,72.2,72.5,71.8,72.3
2025/09/11,72.5,72.7,70.7,70.8
2025/09/12,71.5,73.3,71.5,73.0
2025/09/15,73.4,73.4,72.0,72.2
2025/09/16,72.2,72.7,71.5,72.6
2025/09/17,72.8,74.0,72.4,72.8
2025/09/18,73.5,73.9,72.9,73.7
2025/09/19,74.1,77.5,73.4,76.0
2025/09/22,76.1,77.9,75.3,75.8
2025/09/23,76.0,76.4,74.6,74.8
2025/09/24,75.0,76.6,73.9,76.3
2025/09/25,76.0,76.8,74.1,74.2
2025/09/26,74.0,75.9,73.2,74.2
2025/09/30,74.2,75.7,73.7,75.4
2025/10/01,75.4,77.1,74.3,74.4
2025/10/02,75.1,75.3,73.9,74.1
2025/10/03,73.9,75.1,73.9,74.5
2025/10/07,75.3,76.5,74.8,76.3
2025/10/08,76.8,77.5,76.4,77.0
2025/10/09,77.5,77.6,76.3,76.4
2025/10/13,74.0,75.9,73.6,75.9
2025/10/14,76.5,76.5,73.5,73.7
2025/10/15,74.6,75.2,73.6,75.2
2025/10/16,75.2,76.9,75.2,76.3
2025/10/17,76.6,80.6,76.6,78.7
2025/10/20,80.0,83.0,78.7,81.1
2025/10/21,81.2,84.1,80.5,82.9
2025/10/22,83.4,85.8,82.3,85.0
2025/10/23,85.9,91.0,85.5,89.0
2025/10/27,93.1,97.3,91.0,95.0
2025/10/28,95.1,103.0,94.2,98.0
2025/10/29,99.1,102.5,93.0,93.5
2025/10/30,93.0,95.5,90.3,92.0
2025/10/31,92.0,92.0,89.0,90.2
2025/11/03,91.1,92.4,88.2,90.3
2025/11/04,90.0,90.0,84.4,84.9
2025/11/05,83.4,84.4,81.7,83.3
2025/11/06,84.9,85.1,82.9,84.3
2025/11/07,82.9,83.3,80.6,80.6
2025/11/10,81.1,82.3,80.0,81.5
2025/11/11,82.2,86.0,82.2,83.0
2025/11/12,83.5,85.5,82.4,85.0
2025/11/13,88.2,93.5,87.5,93.5
2025/11/14,93.1,96.0,90.0,90.4
2025/11/17,90.1,90.1,82.8,83.0
2025/11/18,82.0,84.9,81.2,81.2
2025/11/19,81.7,84.2,80.5,82.0
2025/11/20,84.3,86.4,83.3,84.3
2025/11/21,82.8,84.7,82.5,83.0
2025/11/24,84.4,85.0,83.5,83.7
2025/11/25,85.0,85.4,83.2,84.0
2025/11/26,84.8,86.9,84.5,85.5
2025/11/27,86.5,90.5,85.8,88.8
2025/11/28,91.8,93.5,87.5,88.9
2025/12/01,88.6,88.6,86.5,86.5
2025/12/02,86.6,87.2,85.8,86.0
2025/12/03,87.1,88.9,87.0,88.4
2025/12/04,89.2,89.9,86.8,87.0
2025/12/05,85.3,87.8,85.3,87.6
2025/12/08,88.1,91.7,86.9,91.1
2025/12/09,91.5,95.4,89.8,94.1
2025/12/10,94.5,99.8,93.7,99.3
2025/12/11,103.5,108.0,99.0,106.0
2025/12/12,109.0,110.0,103.0,104.5
2025/12/15,102.0,104.0,97.2,98.0
2025/12/16,97.2,98.9,92.1,94.3
2025/12/17,94.0,96.8,93.1,95.9
2025/12/18,94.9,97.5,93.6,93.6
2025/12/19,95.0,96.0,93.7,94.6
2025/12/22,95.0,95.5,93.9,94.7
2025/12/23,95.3,95.4,92.8,94.7
2025/12/24,95.0,97.0,93.2,93.3
2025/12/26,93.8,94.7,93.0,93.5
2025/12/29,94.0,95.2,92.9,93.1
2025/12/30,93.6,94.9,91.7,93.7
2025/12/31,94.4,100.5,93.9,98.4
2026/01/02,99.0,108.0,97.7,108.0
2026/01/05,112.0,113.0,99.9,101.5
2026/01/06,103.0,110.0,101.5,108.0
2026/01/07,107.5,109.0,104.5,105.0
2026/01/08,104.5,104.5,99.2,99.7
2026/01/09,100.5,104.0,98.3,101.0
2026/01/12,100.5,104.5,100.5,101.5
2026/01/13,102.0,102.5,98.0,102.5
2026/01/14,104.5,108.5,102.5,103.0
2026/01/15,103.5,105.5,101.0,102.0
2026/01/16,102.5,103.0,99.6,100.5
2026/01/19,100.5,104.5,99.7,104.0
2026/01/20,103.0,103.0,100.0,101.5
2026/01/21,100.0,101.5,99.1,99.5
2026/01/22,101.5,105.0,101.5,101.5
2026/01/23,103.0,104.0,99.3,101.5
2026/01/26,102.0,102.0,99.5,99.5
2026/01/27,100.5,101.0,98.6,99.0
2026/01/28,99.9,99.9,96.0,96.6
2026/01/29,97.0,97.6,94.0,94.5
2026/01/30,94.5,95.7,92.2,92.5
2026/02/02,89.8,90.6,88.0,88.8
2026/02/03,91.2,91.3,88.6,90.4
2026/02/04,90.0,90.9,89.5,90.6
2026/02/05,90.0,94.8,89.8,92.5
2026/02/06,92.7,93.3,89.1,91.5
2026/02/09,94.5,95.0,91.7,92.6
2026/02/10,92.7,93.4,91.5,91.7
2026/02/11,94.0,94.2,90.2,92.9
2026/02/23,94.0,99.9,94.0,98.1
2026/02/24,98.5,102.0,98.0,101.0
2026/02/25,103.0,103.0,99.9,102.5
2026/02/26,102.5,103.0,99.3,99.7
2026/03/02,95.0,97.5,94.4,96.7
2026/03/03,97.9,99.0,93.8,94.1
2026/03/04,92.6,92.8,88.4,89.2
2026/03/05,92.0,93.5,91.7,93.1
2026/03/06,91.7,94.4,91.6,92.6
2026/03/09,87.0,88.2,84.4,88.1
2026/03/10,91.0,91.7,88.5,91.0
2026/03/11,91.0,94.0,91.0,92.5
2026/03/12,92.4,92.4,89.3,90.0
2026/03/13,89.0,93.4,88.5,92.4
2026/03/16,93.0,94.6,92.0,94.2
2026/03/17,95.2,101.5,95.1,100.0
2026/03/18,101.5,102.5,98.3,99.5
2026/03/19,98.9,101.5,98.3,99.4
2026/03/20,100.5,102.0,95.3,95.3
2026/03/23,92.5,94.2,91.4,93.0
2026/03/24,94.7,95.7,90.2,91.3
2026/03/25,93.8,94.6,93.3,93.6
2026/03/26,94.5,95.3,92.5,92.5
2026/03/27,91.1,96.5,90.6,96.3
2026/03/30,94.0,94.4,91.5,93.5
2026/03/31,92.7,94.4,90.3,90.5
2026/04/01,93.0,93.8,92.4,92.5
2026/04/02,92.9,93.2,90.4,90.7
2026/04/07,91.6,92.7,90.8,91.0
2026/04/08,92.4,95.5,92.4,94.3
2026/04/09,95.0,100.5,94.5,99.9
2026/04/10,101.0,103.0,99.2,100.0
2026/04/13,102.5,106.0,100.5,103.5
2026/04/14,105.0,107.0,103.0,106.5
2026/04/15,111.0,112.0,105.0,107.0
2026/04/16,107.5,110.0,104.0,108.5
2026/04/17,110.0,114.0,108.5,108.5
2026/04/20,111.0,114.5,109.0,109.0
2026/04/21,110.0,111.5,106.0,108.0
2026/04/22,108.5,108.5,104.5,105.5
2026/04/23,106.5,107.0,97.6,98.5
2026/04/24,100.0,100.0,94.1,96.4
2026/04/27,96.4,97.0,92.8,95.9
2026/04/28,96.3,100.5,95.8,99.7
2026/04/29,100.5,100.5,97.6,98.4
2026/04/30,98.9,99.5,96.0,96.3
2026/05/04,98.0,105.5,96.9,105.5
2026/05/05,107.0,114.0,106.0,109.5
2026/05/06,110.0,110.5,104.0,105.5
2026/05/07,107.5,116.0,105.5,116.0
2026/05/08,120.0,123.5,112.0,113.5
2026/05/11,114.0,119.0,110.5,116.5
2026/05/12,118.0,122.5,112.5,120.5
2026/05/13,117.5,126.0,115.5,122.5
2026/05/14,130.5,134.5,126.0,129.5
2026/05/15,133.5,142.0,132.0,142.0
2026/05/18,141.5,149.5,137.0,148.0
2026/05/19,157.0,162.5,155.5,162.5
2026/05/20,167.5,178.5,164.0,178.5
2026/05/21,186.0,196.0,182.5,196.0
2026/05/22,196.0,215.5,188.0,215.0
2026/05/25,229.5,236.5,229.5,236.5
2026/05/26,232.5,233.0,213.0,232.0
2026/05/27,232.0,241.0,226.0,231.0
2026/05/28,231.0,233.0,208.5,208.5
2026/05/29,221.5,229.0,208.0,229.0
2026/06/01,225.0,251.0,225.0,233.5
2026/06/02,233.0,233.0,215.0,220.0
2026/06/03,216.0,220.0,212.5,214.0
2026/06/04,210.0,221.0,208.5,221.0
2026/06/05,206.0,221.5,200.0,221.0
2026/06/08,199.0,210.0,199.0,209.5
2026/06/09,212.0,230.0,209.5,230.0
2026/06/10,238.0,253.0,211.0,212.0
2026/06/11,220.5,233.0,204.5,233.0
2026/06/12,247.5,256.0,241.0,256.0
2026/06/15,273.5,281.5,271.0,281.5
2026/06/16,286.5,309.0,274.0,275.0
2026/06/17,270.0,302.5,268.5,302.5
2026/06/18,320.0,332.5,316.0,332.5
2026/06/22,339.0,365.0,335.0,335.5
2026/06/23,321.0,321.0,302.5,302.5
2026/06/24,290.0,303.0,289.0,303.0
2026/06/25,310.5,321.0,310.5,321.0
2026/06/26,307.0,318.5,299.0,310.0
2026/06/29,308.0,316.5,298.0,304.0
2026/06/30,315.0,333.5,314.0,322.5
2026/07/01,323.0,335.0,316.0,316.0
2026/07/02,307.0,311.0,295.5,311.0
2026/07/03,305.0,320.0,298.0,318.5
2026/07/06,330.0,340.0,315.0,340.0
2026/07/07,335.0,335.0,306.0,306.0
2026/07/08,303.0,303.5,275.5,303.5
2026/07/09,295.0,325.0,286.5,286.5
2026/07/13,286.5,288.0,258.0,258.0
2026/07/14,245.0,247.5,232.5,232.5
2026/07/15,230.0,231.0,218.0,225.0
2026/07/16,221.0,227.5,207.5,209.0
2026/07/17,201.0,210.0,191.0,194.5
2026/07/20,190.0,190.0,175.5,175.5
2026/07/21,173.5,175.5,160.0,175.5
2026/07/22,180.0,184.5,176.0,183.0
2026/07/23,179.5,181.5,165.0,171.5
2026/07/24,168.0,168.0,155.0,164.0
2026/07/27,162.0,162.0,148.0,156.0
2026/07/28,143.5,143.5,140.5,140.5
2026/07/29,138.0,138.0,126.5,126.5
2026/07/30,118.0,123.5,114.0,114.0
2026/07/31,125.0,125.0,121.0,125.0
2026/08/03,133.0,137.5,130.0,137.5
2026/08/04,137.5,148.0,133.5,144.0
2026/08/05,153.0,154.0,144.5,147.0
2026/08/06,145.0,157.5,142.0,155.0
2026/08/07,156.5,156.5,147.5,150.5
2026/08/10,158.0,165.5,155.5,161.0
2026/08/11,158.0,177.0,158.0,174.5
2026/08/12,175.5,177.0,168.0,170.5
2026/08/13,173.5,187.0,173.5,175.0
2026/08/14,179.5,181.0,170.5,174.5
2026/08/17,171.0,171.0,163.5,166.0
2026/08/18,167.0,168.5,161.0,161.5
2026/08/19,158.0,177.5,158.0,177.5
2026/08/20,186.0,187.0,169.5,172.0
