Date,Open,High,Low,Close
2009/10/06,89.9,89.9,45.0,62.0
2009/10/07,62.0,71.9,55.8,56.8
2009/10/08,58.6,60.4,52.2,53.1
2009/10/09,52.9,54.9,44.1,48.9
2009/10/12,50.4,51.8,46.8,47.8
2009/10/13,48.0,52.5,47.3,51.6
2009/10/14,51.6,55.8,50.7,53.5
2009/10/15,53.6,54.0,51.8,51.8
2009/10/16,54.0,54.0,50.4,51.6
2009/10/19,51.3,53.1,49.5,50.9
2009/10/20,51.3,52.2,50.4,51.4
2009/10/21,51.8,52.2,49.6,50.9
2009/10/22,50.4,50.5,49.5,50.2
2009/10/23,49.5,50.7,49.5,50.0
2009/10/26,50.7,53.8,49.5,50.4
2009/10/27,51.3,51.3,44.1,49.6
2009/10/28,49.5,49.6,47.1,47.8
2009/10/29,46.8,47.7,43.2,44.4
2009/10/30,45.3,45.9,44.1,45.0
2009/11/02,45.1,45.5,43.6,45.0
2009/11/03,45.0,48.6,42.3,47.7
2009/11/04,48.9,48.9,46.4,48.7
2009/11/05,47.7,48.9,47.1,47.7
2009/11/06,48.6,48.6,45.9,46.9
2009/11/09,47.8,47.8,45.5,46.2
2009/11/10,46.8,46.9,45.9,46.9
2009/11/11,47.1,47.3,45.5,46.8
2009/11/12,46.8,46.9,45.9,46.9
2009/11/13,46.9,47.1,46.2,46.6
2009/11/16,46.8,48.2,46.4,46.8
2009/11/17,47.7,47.7,45.9,46.6
2009/11/18,46.9,47.3,45.0,46.8
2009/11/19,47.1,54.0,45.9,46.8
2009/11/20,46.8,47.7,46.2,46.8
2009/11/23,47.7,48.2,45.9,46.8
2009/11/24,46.6,47.7,45.9,46.6
2009/11/25,45.9,47.7,45.9,46.2
2009/11/26,48.6,48.6,45.9,46.9
2009/11/27,46.4,46.9,46.4,46.8
2009/11/30,46.8,47.9,46.8,47.1
2009/12/01,47.1,47.5,46.8,47.1
2009/12/02,47.3,49.5,46.8,48.6
2009/12/03,50.4,50.7,48.2,48.4
2009/12/04,49.5,49.8,47.8,49.6
2009/12/07,49.6,51.3,48.6,48.9
2009/12/08,48.9,50.0,48.0,48.6
2009/12/09,48.9,50.4,48.4,49.8
2009/12/10,49.5,54.7,48.7,52.2
2009/12/11,54.0,54.9,50.4,53.1
2009/12/14,53.4,54.0,52.2,53.1
2009/12/15,53.1,53.1,51.8,52.3
2009/12/16,52.2,53.0,49.5,51.4
2009/12/17,51.7,52.2,49.5,49.8
2009/12/18,49.5,51.0,48.6,49.8
2009/12/21,48.6,49.5,46.8,48.9
2009/12/22,48.6,48.7,46.9,48.6
2009/12/23,48.6,49.5,48.4,48.6
2009/12/24,48.7,49.8,48.6,48.6
2009/12/25,51.3,51.3,49.3,50.0
2009/12/28,50.4,50.9,48.9,49.5
2009/12/29,50.2,52.2,41.4,50.7
2009/12/30,50.9,52.5,37.8,52.2
2009/12/31,53.2,53.2,37.9,52.5
2010/01/04,52.3,54.0,50.4,52.0
2010/01/05,54.0,67.9,48.6,51.3
2010/01/06,51.3,66.5,50.4,50.5
2010/01/07,50.9,51.3,48.7,49.1
2010/01/08,49.5,49.5,47.6,48.6
2010/01/11,45.0,53.6,45.0,48.6
2010/01/12,48.6,48.6,46.8,47.8
2010/01/13,64.7,64.7,47.3,47.5
2010/01/14,48.2,48.6,47.5,47.8
2010/01/15,48.0,48.6,47.1,47.7
2010/01/18,47.7,47.8,47.1,47.3
2010/01/19,48.6,50.4,44.6,49.3
2010/01/20,50.4,50.5,48.6,48.7
2010/01/21,48.6,49.1,47.7,47.7
2010/01/22,47.8,48.2,41.4,46.8
2010/01/25,47.1,47.3,45.9,46.2
2010/01/26,46.8,47.1,45.0,45.9
2010/01/27,45.9,46.0,45.0,45.1
2010/01/28,45.9,46.4,45.0,46.0
2010/01/29,45.9,46.8,45.0,45.1
2010/02/01,45.9,46.0,45.5,46.0
2010/02/02,46.0,46.8,45.0,45.5
2010/02/03,45.5,45.9,45.0,45.3
2010/02/04,45.9,45.9,44.7,45.1
2010/02/05,45.5,45.5,42.9,43.5
2010/02/08,43.5,43.7,43.0,43.2
2010/02/09,43.3,44.1,42.6,43.3
2010/02/10,43.5,44.1,43.2,43.7
2010/02/22,43.7,44.1,42.8,42.8
2010/02/23,43.2,43.3,41.4,41.7
2010/02/24,41.4,45.0,40.5,44.8
2010/02/25,43.2,48.7,43.0,48.4
2010/02/26,47.7,47.7,43.2,45.9
2010/03/01,44.1,46.0,43.2,45.9
2010/03/02,44.1,45.0,43.3,43.9
2010/03/03,44.1,45.5,43.5,45.3
2010/03/04,45.9,45.9,43.5,45.7
2010/03/05,45.0,45.9,43.5,45.5
2010/03/08,43.7,48.7,43.7,46.2
2010/03/09,45.7,47.8,45.7,46.2
2010/03/10,46.8,49.5,45.9,48.2
2010/03/11,48.7,49.3,46.8,48.0
2010/03/12,46.8,48.2,46.8,46.8
2010/03/15,47.7,48.2,47.3,47.8
2010/03/16,47.3,48.0,46.6,47.0
2010/03/17,48.2,48.6,46.8,48.6
2010/03/18,48.6,51.3,48.0,50.4
2010/03/19,50.4,52.2,50.4,51.3
2010/03/22,51.6,52.9,50.4,51.8
2010/03/23,53.6,53.6,50.4,52.0
2010/03/24,52.3,53.6,50.9,51.3
2010/03/25,51.3,52.2,48.6,51.1
2010/03/26,50.9,51.3,50.0,50.0
2010/03/29,50.0,50.7,49.1,49.9
2010/03/30,50.2,50.9,49.1,50.4
2010/03/31,50.4,53.5,49.0,49.6
2010/04/01,49.5,53.2,49.5,50.4
2010/04/02,49.5,50.5,49.5,50.2
2010/04/06,50.4,50.4,41.4,49.8
2010/04/07,49.5,54.1,48.9,54.0
2010/04/08,51.4,57.5,50.4,55.8
2010/04/09,51.3,54.0,50.4,50.9
2010/04/12,51.3,51.3,50.2,50.4
2010/04/13,50.4,50.7,49.8,50.2
2010/04/14,51.3,51.3,49.5,50.2
2010/04/15,50.4,50.5,49.5,50.2
2010/04/16,49.5,49.6,48.7,49.1
2010/04/19,48.6,49.5,47.8,48.4
2010/04/20,47.7,48.6,47.3,47.8
2010/04/21,47.7,48.6,47.3,48.4
2010/04/22,47.7,48.2,46.8,47.5
2010/04/23,46.8,48.3,46.8,47.5
2010/04/26,47.8,48.9,47.7,48.4
2010/04/27,48.6,49.5,48.0,48.6
2010/04/28,48.6,49.8,47.5,48.6
2010/04/29,48.2,49.3,47.7,48.0
2010/04/30,48.7,48.7,47.5,47.8
2010/05/03,47.8,48.9,47.7,48.2
2010/05/04,48.6,48.7,47.7,48.0
2010/05/05,47.7,48.7,47.1,47.8
2010/05/06,47.7,47.8,46.8,47.5
2010/05/07,46.8,59.0,45.9,46.9
2010/05/10,47.1,48.7,46.8,47.7
2010/05/11,48.6,48.7,47.3,48.4
2010/05/12,47.9,48.7,47.3,48.4
2010/05/13,48.6,48.7,48.0,48.2
2010/05/14,48.2,48.8,47.7,48.6
2010/05/17,47.7,48.0,46.8,47.7
2010/05/18,50.0,50.0,46.8,46.9
2010/05/19,37.9,46.9,37.9,46.8
2010/05/20,47.3,47.3,46.6,46.8
2010/05/21,46.2,46.2,43.6,45.0
2010/05/24,45.1,45.3,44.2,45.1
2010/05/25,44.8,45.3,43.3,43.3
2010/05/26,44.2,45.5,43.2,44.4
2010/05/27,45.0,45.5,43.7,45.1
2010/05/28,44.7,45.8,44.1,45.7
2010/05/31,45.7,47.9,45.7,47.3
2010/06/01,47.3,47.3,46.6,46.8
2010/06/02,46.9,46.9,46.2,46.4
2010/06/03,46.8,46.9,46.2,46.8
2010/06/04,46.8,46.9,45.9,46.8
2010/06/07,46.4,46.4,45.3,45.5
2010/06/08,45.5,46.8,45.5,45.9
2010/06/09,46.8,46.8,45.7,46.0
2010/06/10,45.0,46.8,45.0,45.9
2010/06/11,46.6,46.9,46.0,46.4
2010/06/14,46.8,46.9,45.0,46.8
2010/06/15,46.8,47.1,46.4,46.8
2010/06/17,46.8,48.1,46.8,47.7
2010/06/18,47.7,48.6,47.0,47.3
2010/06/21,47.7,48.6,47.1,47.8
2010/06/22,47.7,48.2,46.8,48.0
2010/06/23,47.7,48.0,47.1,47.7
2010/06/24,47.7,49.8,47.7,48.7
2010/06/25,48.6,49.3,48.2,48.7
2010/06/28,49.1,50.0,48.6,48.9
2010/06/29,48.7,49.5,47.8,48.6
2010/06/30,47.7,48.3,47.3,47.8
2010/07/01,47.5,48.4,47.5,47.7
2010/07/02,47.7,48.9,47.1,48.6
2010/07/05,48.2,48.4,47.7,47.8
2010/07/06,47.7,48.6,47.7,48.2
2010/07/07,48.2,48.6,48.0,48.0
2010/07/08,48.6,49.6,48.0,49.1
2010/07/09,49.1,49.6,48.6,49.1
2010/07/12,48.6,49.3,46.8,48.6
2010/07/13,48.2,48.9,48.2,48.6
2010/07/14,48.6,48.9,48.2,48.7
2010/07/15,48.6,49.3,48.4,48.7
2010/07/16,48.6,48.6,46.8,48.6
2010/07/19,47.8,49.0,47.8,48.6
2010/07/20,48.6,49.5,46.8,49.3
2010/07/21,48.8,50.0,48.6,49.3
2010/07/22,48.9,49.1,48.4,48.7
2010/07/23,48.6,49.5,48.6,48.6
2010/07/26,48.6,48.9,48.4,48.6
2010/07/27,48.6,49.1,48.4,48.6
2010/07/28,48.7,48.9,46.8,48.7
2010/07/29,48.6,48.9,48.2,48.2
2010/07/30,48.6,48.9,48.0,48.2
2010/08/02,48.6,48.6,47.7,48.4
2010/08/03,47.7,48.6,47.3,48.2
2010/08/04,48.2,48.2,47.7,47.8
2010/08/05,47.8,48.0,46.4,46.9
2010/08/06,46.9,47.2,46.1,46.9
2010/08/09,46.8,47.1,45.9,46.9
2010/08/10,46.8,46.8,46.2,46.4
2010/08/11,46.6,46.9,46.4,46.8
2010/08/12,46.4,46.8,46.0,46.2
2010/08/13,45.9,46.4,45.9,46.2
2010/08/16,45.9,47.7,45.9,46.8
2010/08/17,46.0,46.9,45.9,45.9
2010/08/18,46.2,46.9,45.9,46.0
2010/08/19,46.0,46.9,45.9,45.9
2010/08/20,46.2,46.4,45.9,46.4
2010/08/23,46.8,46.9,36.9,46.4
2010/08/24,45.9,46.4,44.1,44.6
2010/08/25,44.1,45.0,44.1,44.4
2010/08/26,44.8,44.8,43.7,43.7
2010/08/27,43.9,44.8,43.9,44.1
2010/08/30,44.1,45.0,43.9,45.0
2010/08/31,44.1,45.0,43.9,44.1
2010/09/01,44.1,44.2,43.9,44.1
2010/09/02,44.2,51.7,43.9,44.6
2010/09/03,45.0,45.9,44.6,45.1
2010/09/06,45.3,47.3,45.0,47.1
2010/09/07,46.8,48.0,46.8,47.5
2010/09/08,47.1,47.5,46.8,46.9
2010/09/09,46.8,47.7,46.4,46.8
2010/09/10,46.8,47.1,46.6,46.8
2010/09/13,46.8,47.1,46.8,46.9
2010/09/14,46.8,47.3,46.8,46.9
2010/09/15,47.1,47.3,46.8,46.9
2010/09/16,46.9,48.6,46.8,47.1
2010/09/17,47.1,48.2,46.8,46.8
2010/09/20,47.7,47.7,46.8,47.2
2010/09/21,46.9,47.3,45.0,47.1
2010/09/23,46.8,49.1,45.0,48.6
2010/09/24,49.5,49.5,48.2,48.6
2010/09/27,48.7,49.6,48.6,49.1
2010/09/28,49.1,49.8,48.6,48.9
2010/09/29,49.5,49.5,48.6,48.7
2010/09/30,48.9,50.4,48.6,48.7
2010/10/01,48.9,49.1,48.6,48.6
2010/10/04,48.6,49.1,48.4,48.4
2010/10/05,48.6,48.6,47.7,48.2
2010/10/06,48.6,48.6,47.7,48.0
2010/10/07,48.3,48.6,47.5,47.8
2010/10/08,48.0,48.6,47.7,47.7
2010/10/11,47.8,48.4,47.5,47.7
2010/10/12,47.8,47.8,47.3,47.7
2010/10/13,47.8,48.6,47.7,48.2
2010/10/14,48.6,48.6,47.7,47.7
2010/10/15,47.9,48.6,46.8,47.7
2010/10/18,47.7,47.7,47.3,47.5
2010/10/19,47.7,47.7,47.1,47.3
2010/10/20,47.3,47.3,46.4,46.8
2010/10/21,47.5,47.5,46.4,46.4
2010/10/22,46.8,47.1,46.6,46.6
2010/10/25,46.6,47.1,46.4,46.8
2010/10/26,46.8,47.1,46.4,46.8
2010/10/27,46.8,47.1,46.4,46.4
2010/10/28,46.8,47.1,46.4,46.6
2010/10/29,46.8,46.9,46.2,46.8
2010/11/01,46.8,47.1,46.2,46.4
2010/11/02,46.6,46.9,45.9,46.2
2010/11/03,46.0,46.2,45.0,45.5
2010/11/04,46.4,46.4,45.0,46.4
2010/11/05,46.4,46.4,45.7,45.9
2010/11/08,46.6,46.8,45.5,46.0
2010/11/09,46.4,46.4,44.8,45.0
2010/11/10,45.0,45.5,44.1,44.6
2010/11/11,44.6,45.1,43.2,44.8
2010/11/12,45.3,45.3,44.1,44.1
2010/11/15,44.1,44.5,43.7,43.9
2010/11/16,44.2,44.2,43.2,43.2
2010/11/17,44.1,44.1,42.4,43.0
2010/11/18,43.0,43.3,42.3,43.0
2010/11/19,43.2,43.3,42.3,42.5
2010/11/22,43.0,43.0,41.9,42.4
2010/11/23,42.6,43.9,41.9,42.4
2010/11/24,42.4,42.8,41.9,41.9
2010/11/25,42.1,42.6,41.9,42.6
2010/11/26,42.6,51.3,41.9,42.3
2010/11/29,42.4,44.2,42.3,42.6
2010/11/30,43.2,44.1,42.3,42.6
2010/12/01,42.8,43.5,42.8,43.5
2010/12/02,43.5,43.5,42.8,43.2
2010/12/03,43.2,43.2,42.8,43.0
2010/12/06,43.2,43.2,42.6,42.8
2010/12/07,42.8,43.2,42.6,42.6
2010/12/08,43.2,43.2,41.4,42.3
2010/12/09,42.3,42.4,41.7,41.9
2010/12/10,42.3,43.0,41.4,42.3
2010/12/13,41.9,42.3,41.2,41.5
2010/12/14,41.5,53.8,41.4,41.4
2010/12/15,41.7,42.3,40.5,41.5
2010/12/16,41.5,42.1,41.4,41.4
2010/12/17,41.5,41.7,41.2,41.4
2010/12/20,41.5,41.5,41.0,41.4
2010/12/21,41.5,41.5,41.2,41.4
2010/12/22,41.6,44.2,41.2,42.3
2010/12/23,44.1,44.2,41.5,43.4
2010/12/24,43.7,44.1,41.4,42.6
2010/12/27,43.2,43.2,41.7,43.2
2010/12/28,42.8,42.8,41.4,41.8
2010/12/29,42.3,42.8,41.4,42.4
2010/12/30,42.4,50.1,33.6,43.0
2010/12/31,43.2,43.3,42.6,43.2
2011/01/03,43.2,43.7,33.7,43.4
2011/01/04,43.2,44.5,43.2,44.2
2011/01/05,44.2,47.7,44.2,46.4
2011/01/06,46.9,47.3,46.2,46.9
2011/01/07,46.8,48.4,46.8,48.0
2011/01/10,47.8,50.4,47.5,50.4
2011/01/11,49.5,50.9,48.7,50.4
2011/01/12,50.2,51.4,50.2,51.4
2011/01/13,52.1,55.8,51.3,53.6
2011/01/14,53.1,54.1,50.4,52.9
2011/01/17,52.9,54.0,47.7,52.7
2011/01/18,52.3,54.0,51.6,52.2
2011/01/19,52.2,53.6,52.0,52.7
2011/01/20,53.1,57.8,52.2,52.9
2011/01/21,52.9,53.8,52.2,53.2
2011/01/24,53.2,56.1,52.9,55.6
2011/01/25,55.8,61.5,54.0,60.6
2011/01/26,60.6,64.1,58.4,59.9
2011/01/27,60.2,60.8,59.3,59.5
2011/01/28,60.2,60.4,58.4,59.3
2011/02/08,61.1,65.1,58.8,63.8
2011/02/09,64.7,66.9,61.0,65.1
2011/02/10,66.5,66.5,62.0,64.0
2011/02/11,64.4,64.7,62.0,62.9
2011/02/14,57.5,65.4,54.3,64.2
2011/02/15,63.8,65.6,62.9,64.4
2011/02/16,63.8,65.1,62.9,63.8
2011/02/17,63.8,82.7,61.1,63.8
2011/02/18,63.8,64.9,62.9,63.5
2011/02/21,63.7,64.7,62.0,62.9
2011/02/22,62.9,63.8,61.0,61.1
2011/02/23,61.1,62.0,60.6,60.8
2011/02/24,61.3,61.3,56.6,59.3
2011/02/25,59.3,62.0,56.6,61.1
2011/03/01,61.3,63.5,61.1,62.6
2011/03/02,62.9,67.8,62.7,63.3
2011/03/03,63.5,64.7,62.9,64.0
2011/03/04,63.8,64.6,61.1,63.5
2011/03/07,64.7,64.7,62.9,63.6
2011/03/08,64.7,69.6,61.1,65.1
2011/03/09,64.7,67.4,64.7,67.4
2011/03/10,67.4,69.2,65.6,66.2
2011/03/11,65.6,66.5,64.7,65.5
2011/03/14,65.5,66.5,64.4,65.5
2011/03/15,65.1,65.6,56.7,59.7
2011/03/16,61.1,63.8,59.3,61.1
2011/03/17,61.1,61.1,52.2,59.3
2011/03/18,59.8,64.4,58.4,63.1
2011/03/21,63.8,64.7,57.5,63.8
2011/03/22,62.9,68.0,62.9,67.8
2011/03/23,68.3,69.8,57.5,67.1
2011/03/24,68.3,69.7,66.5,68.7
2011/03/25,69.1,71.8,68.3,70.1
2011/03/28,70.5,71.9,69.6,70.1
2011/03/29,70.5,71.0,68.3,69.2
2011/03/30,69.4,69.7,68.5,69.4
2011/03/31,69.4,71.8,64.7,70.1
2011/04/01,70.1,71.9,62.9,70.9
2011/04/06,71.2,90.8,68.3,76.7
2011/04/07,77.3,79.1,75.5,78.6
2011/04/08,79.1,79.1,75.2,76.1
2011/04/11,76.4,76.8,56.8,74.8
2011/04/12,75.5,75.7,71.7,73.2
2011/04/13,73.7,73.7,71.9,73.4
2011/04/14,73.4,75.2,73.0,74.9
2011/04/15,74.6,74.8,73.2,73.6
2011/04/18,73.7,73.9,71.9,73.9
2011/04/19,72.8,73.7,71.2,72.7
2011/04/20,72.7,73.7,72.3,72.8
2011/04/21,73.1,73.7,66.3,66.5
2011/04/22,66.5,71.0,63.8,65.8
2011/04/25,59.3,66.5,57.5,59.0
2011/04/26,61.1,62.9,56.6,62.0
2011/04/27,62.0,65.1,61.4,63.5
2011/04/28,59.3,64.7,51.3,62.9
2011/04/29,54.0,63.9,54.0,63.3
2011/05/03,64.7,65.6,62.6,63.1
2011/05/04,63.1,63.5,62.6,63.2
2011/05/05,63.2,66.5,62.9,64.6
2011/05/06,64.7,66.5,62.0,65.1
2011/05/09,65.6,66.9,64.7,66.3
2011/05/10,66.5,67.1,65.2,65.6
2011/05/11,65.6,66.5,49.5,65.6
2011/05/12,65.6,66.5,65.3,65.8
2011/05/13,65.6,66.5,65.6,65.6
2011/05/16,65.6,66.2,64.7,65.5
2011/05/17,65.3,66.2,65.3,65.6
2011/05/18,66.2,67.4,65.5,66.4
2011/05/19,66.9,67.6,66.3,66.5
2011/05/20,67.1,67.4,66.2,66.5
2011/05/23,66.5,66.7,66.0,66.4
2011/05/24,66.8,66.8,65.6,66.5
2011/05/25,66.2,70.1,64.7,66.2
2011/05/26,66.2,66.9,65.6,66.2
2011/05/27,66.2,66.6,66.1,66.5
2011/05/30,68.3,68.3,66.4,66.9
2011/05/31,66.9,69.2,66.2,67.2
2011/06/01,66.9,68.6,66.9,68.3
2011/06/02,68.3,69.4,67.4,68.9
2011/06/03,69.2,71.0,68.3,70.1
2011/06/07,70.1,72.5,69.9,71.8
2011/06/08,71.9,72.6,71.6,71.9
2011/06/09,71.9,72.3,71.6,71.9
2011/06/10,71.9,72.3,62.9,71.2
2011/06/13,71.0,71.2,69.1,69.2
2011/06/14,69.8,70.5,59.3,70.0
2011/06/15,70.7,70.7,68.9,69.5
2011/06/16,69.2,70.1,57.5,67.4
2011/06/17,68.3,68.3,66.4,66.5
2011/06/20,66.2,66.8,57.5,64.4
2011/06/21,64.7,65.1,62.0,64.4
2011/06/22,64.6,67.4,56.8,65.3
2011/06/23,66.5,67.1,65.1,66.2
2011/06/24,64.7,66.5,64.7,66.1
2011/06/27,66.1,71.4,65.1,66.2
2011/06/28,66.2,71.6,64.7,64.7
2011/06/29,64.7,66.5,64.7,66.2
2011/06/30,66.5,67.4,65.6,66.5
2011/07/01,66.5,66.5,65.9,65.9
2011/07/04,66.5,66.5,65.6,66.5
2011/07/05,66.5,66.5,65.6,66.5
2011/07/06,66.5,67.4,66.2,66.4
2011/07/07,66.5,68.1,66.5,68.0
2011/07/08,68.3,68.3,66.5,67.4
2011/07/11,68.3,68.3,66.5,67.3
2011/07/12,67.3,69.1,66.5,68.7
2011/07/13,68.9,69.6,66.5,68.9
2011/07/14,68.3,68.9,67.6,68.7
2011/07/15,68.7,69.2,66.5,69.2
2011/07/18,68.7,69.2,67.4,69.2
2011/07/19,68.3,69.2,67.4,69.2
2011/07/20,68.3,69.2,66.5,69.2
2011/07/21,68.3,69.2,67.4,69.2
2011/07/22,68.0,69.2,67.4,68.5
2011/07/25,68.0,68.3,67.3,68.0
2011/07/26,68.0,68.3,66.5,68.3
2011/07/27,67.4,68.3,66.5,68.3
2011/07/28,67.4,68.1,66.1,68.1
2011/07/29,67.4,67.4,65.6,67.4
2011/08/01,66.5,67.4,65.1,67.4
2011/08/02,64.7,66.2,64.0,65.8
2011/08/03,64.7,64.7,61.5,64.4
2011/08/04,63.8,63.8,59.3,60.8
2011/08/05,55.8,59.5,53.1,59.3
2011/08/08,55.4,62.9,53.1,57.5
2011/08/09,52.2,57.5,49.3,57.5
2011/08/10,54.0,57.2,54.0,55.6
2011/08/11,54.9,56.6,54.0,56.6
2011/08/12,56.6,57.7,55.8,57.2
2011/08/15,57.5,57.9,55.0,57.2
2011/08/16,57.5,59.3,56.6,58.2
2011/08/17,57.9,59.3,57.2,57.9
2011/08/18,57.5,57.5,55.8,56.3
2011/08/19,55.4,65.8,50.4,57.5
2011/08/22,51.3,53.4,50.4,51.8
2011/08/23,52.2,57.5,51.1,57.5
2011/08/24,52.2,52.3,51.3,52.2
2011/08/25,52.2,57.5,50.7,57.5
2011/08/26,51.6,52.0,49.5,50.0
2011/08/29,50.4,50.4,48.6,48.9
2011/08/30,48.9,55.4,48.6,55.4
2011/08/31,51.3,51.8,49.5,51.4
2011/09/01,51.1,55.3,51.1,54.0
2011/09/02,53.8,54.5,53.1,54.2
2011/09/05,53.6,54.0,53.1,54.0
2011/09/06,53.6,53.6,52.5,53.1
2011/09/07,53.1,53.8,52.7,53.6
2011/09/08,53.1,53.2,52.9,52.9
2011/09/09,53.1,53.1,52.5,52.7
2011/09/13,52.3,53.0,51.6,52.2
2011/09/14,52.2,52.2,50.4,50.5
2011/09/15,51.6,51.6,50.4,51.4
2011/09/16,52.2,52.2,51.1,51.6
2011/09/19,51.4,51.4,50.4,51.3
2011/09/20,50.9,51.4,50.7,51.3
2011/09/21,51.3,51.4,50.4,51.4
2011/09/22,51.1,51.3,50.4,50.5
2011/09/23,50.2,50.2,48.2,48.9
2011/09/26,48.9,50.4,46.8,46.8
2011/09/27,45.9,48.6,45.9,47.5
2011/09/28,47.5,47.8,46.8,46.9
2011/09/29,46.8,48.0,45.0,46.8
2011/09/30,46.8,50.4,46.8,49.5
2011/10/03,48.7,48.8,48.2,48.4
2011/10/04,48.2,49.5,48.2,49.4
2011/10/05,49.5,51.3,49.4,50.4
2011/10/06,50.5,51.4,49.6,50.7
2011/10/07,51.3,51.3,49.3,49.7
2011/10/11,49.5,51.8,49.5,50.0
2011/10/12,50.4,50.4,49.1,49.6
2011/10/13,49.6,50.0,48.6,48.9
2011/10/14,49.1,50.4,47.5,48.6
2011/10/17,50.4,50.5,48.6,49.8
2011/10/18,49.5,50.0,48.6,49.1
2011/10/19,49.3,49.8,48.7,49.1
2011/10/20,48.6,49.0,48.2,48.7
2011/10/21,48.2,49.5,47.7,48.6
2011/10/24,48.8,50.0,48.5,48.9
2011/10/25,49.5,49.5,47.7,48.7
2011/10/26,49.5,49.5,48.6,48.7
2011/10/27,48.9,49.5,48.2,48.6
2011/10/28,50.4,56.0,48.6,50.7
2011/10/31,50.4,54.1,50.4,53.1
2011/11/01,54.0,54.9,52.6,52.9
2011/11/02,53.1,54.0,52.0,52.5
2011/11/03,52.7,53.1,52.2,52.5
2011/11/04,52.5,54.0,52.5,52.9
2011/11/07,52.9,54.8,52.7,54.3
2011/11/08,54.2,55.8,54.2,54.9
2011/11/09,55.0,55.8,54.0,54.1
2011/11/10,54.0,54.1,52.3,52.7
2011/11/11,52.2,53.3,52.2,52.5
2011/11/14,53.1,54.0,52.3,52.5
2011/11/15,53.1,53.6,52.9,52.9
2011/11/16,53.2,53.2,52.2,52.7
2011/11/17,52.2,52.8,52.2,52.2
2011/11/18,52.2,52.3,51.6,52.3
2011/11/21,53.6,53.6,52.0,52.2
2011/11/22,52.5,54.0,51.3,53.4
2011/11/23,53.4,54.7,53.4,54.3
2011/11/24,53.1,54.3,53.1,54.1
2011/11/25,54.0,54.5,53.1,54.0
2011/11/28,54.0,54.0,53.1,53.2
2011/11/29,53.2,53.6,51.8,53.1
2011/11/30,53.2,55.8,52.9,53.4
2011/12/01,53.8,54.3,53.4,53.4
2011/12/02,54.0,54.0,52.9,53.1
2011/12/05,52.9,53.2,51.8,52.0
2011/12/06,51.8,52.2,32.7,47.7
2011/12/07,48.6,48.9,47.5,48.6
2011/12/08,48.6,49.2,48.2,48.7
2011/12/09,48.4,48.4,46.8,47.3
2011/12/12,47.3,47.7,45.0,46.0
2011/12/13,46.7,46.7,43.9,46.6
2011/12/14,46.4,48.1,45.9,47.6
2011/12/15,46.8,48.8,46.8,47.6
2011/12/16,47.5,47.7,45.7,46.0
2011/12/19,45.9,46.8,44.6,46.4
2011/12/20,47.0,47.7,46.4,47.2
2011/12/21,48.2,50.4,47.8,50.4
2011/12/22,50.9,53.8,50.4,50.7
2011/12/23,50.9,54.0,50.7,53.1
2011/12/26,53.7,54.0,52.8,53.0
2011/12/27,53.1,56.6,53.1,56.1
2011/12/28,56.1,56.8,54.0,54.0
2011/12/29,54.0,54.9,53.1,53.6
2011/12/30,55.4,55.4,52.8,52.9
2012/01/02,54.9,54.9,54.9,54.9
2012/01/03,55.7,58.6,55.0,57.6
2012/01/04,58.3,61.6,57.5,61.2
2012/01/05,61.6,61.6,60.4,61.3
2012/01/06,61.5,62.9,61.3,61.3
2012/01/09,61.5,61.7,59.7,61.3
2012/01/10,61.5,65.6,61.5,65.4
2012/01/11,66.4,69.1,65.5,66.7
2012/01/12,67.4,68.2,63.7,64.7
2012/01/13,65.8,66.0,64.6,64.6
2012/01/16,64.8,68.9,64.7,68.0
2012/01/17,68.3,71.6,67.6,71.0
2012/01/18,71.6,71.9,69.6,70.0
2012/01/30,71.4,74.8,70.9,74.7
2012/01/31,74.7,74.7,71.2,72.8
2012/02/01,72.8,73.0,69.4,71.8
2012/02/02,71.9,74.6,70.1,73.4
2012/02/03,72.8,73.0,71.4,72.3
2012/02/06,77.2,78.7,74.6,76.3
2012/02/07,77.0,77.2,74.6,76.1
2012/02/08,76.4,79.4,76.4,78.9
2012/02/09,78.9,79.4,77.5,78.2
2012/02/10,78.6,78.9,76.4,77.5
2012/02/13,77.3,79.6,76.7,77.7
2012/02/14,78.4,80.8,77.7,79.2
2012/02/15,80.7,82.9,79.2,82.7
2012/02/16,82.2,82.7,77.0,77.2
2012/02/17,78.3,79.1,74.9,77.7
2012/02/20,78.1,78.8,76.4,78.2
2012/02/21,78.6,82.7,77.8,80.9
2012/02/22,81.5,83.8,80.6,82.8
2012/02/23,82.9,84.5,82.0,82.2
2012/02/24,82.7,83.6,80.7,82.2
2012/02/29,83.1,84.7,82.5,84.0
2012/03/01,84.0,84.2,82.9,83.4
2012/03/02,84.3,89.0,84.2,89.0
2012/03/05,90.8,91.0,84.6,86.3
2012/03/06,85.4,86.0,80.9,84.3
2012/03/07,80.7,88.2,80.7,86.3
2012/03/08,86.9,90.3,86.5,89.2
2012/03/09,90.5,93.5,90.1,93.0
2012/03/12,93.5,95.0,89.2,89.4
2012/03/13,89.9,91.7,87.8,89.6
2012/03/14,91.7,91.7,88.7,89.2
2012/03/15,88.3,90.1,87.6,88.4
2012/03/16,88.7,92.3,88.7,89.9
2012/03/19,90.8,91.0,87.8,88.5
2012/03/20,88.5,89.0,86.1,86.1
2012/03/21,86.1,87.8,83.8,85.0
2012/03/22,84.8,86.0,84.2,85.9
2012/03/23,86.3,87.5,86.3,87.0
2012/03/26,87.0,87.0,86.1,86.3
2012/03/27,86.9,87.0,83.1,84.7
2012/03/28,84.7,85.9,82.7,83.3
2012/03/29,83.1,83.1,77.5,78.6
2012/03/30,78.6,81.6,77.3,81.6
2012/04/02,81.6,81.6,78.8,79.1
2012/04/03,79.7,79.8,74.0,74.5
2012/04/05,70.3,74.8,69.8,74.8
2012/04/06,79.9,80.0,78.6,80.0
2012/04/09,81.1,85.5,79.5,83.6
2012/04/10,84.2,85.4,81.2,81.6
2012/04/11,80.9,84.2,80.0,82.7
2012/04/12,82.4,85.1,81.8,84.6
2012/04/13,87.2,88.5,85.7,86.2
2012/04/16,85.9,88.1,84.5,88.1
2012/04/17,89.0,89.1,84.8,84.8
2012/04/18,87.2,87.2,84.3,85.4
2012/04/19,84.5,84.5,79.5,81.4
2012/04/20,77.3,79.1,75.7,77.3
2012/04/23,77.0,78.8,75.4,78.8
2012/04/24,78.2,80.1,77.0,79.6
2012/04/25,80.6,82.1,80.2,81.3
2012/04/26,81.6,82.2,79.3,79.3
2012/04/27,77.2,79.6,75.2,75.5
2012/04/30,71.9,75.9,70.6,75.4
2012/05/02,75.4,79.9,75.4,79.6
2012/05/03,79.6,81.5,77.5,79.6
2012/05/04,81.1,84.3,80.6,83.4
2012/05/07,82.0,83.4,81.1,82.4
2012/05/08,83.6,84.2,82.5,83.0
2012/05/09,82.5,83.2,81.1,83.1
2012/05/10,84.0,84.2,82.4,82.5
2012/05/11,83.6,83.6,79.3,79.3
2012/05/14,79.5,79.8,76.7,79.3
2012/05/15,77.9,79.8,77.6,79.7
2012/05/16,79.0,79.6,77.7,78.1
2012/05/17,78.2,79.3,77.3,78.4
2012/05/18,76.4,79.1,75.5,75.5
2012/05/21,75.9,78.0,75.9,76.1
2012/05/22,77.9,80.9,77.3,80.0
2012/05/23,78.5,82.3,78.4,80.5
2012/05/24,80.8,82.2,77.3,77.9
2012/05/25,78.1,78.8,75.5,75.5
2012/05/28,75.5,78.4,75.4,77.6
2012/05/29,78.3,82.9,78.3,82.7
2012/05/30,82.7,82.7,81.1,81.6
2012/05/31,81.3,83.4,80.4,82.6
2012/06/01,81.8,82.0,77.3,78.3
2012/06/04,73.1,75.9,73.1,75.5
2012/06/05,77.6,78.9,77.3,77.3
2012/06/06,78.4,78.6,75.7,77.0
2012/06/07,78.6,78.6,73.7,74.1
2012/06/08,73.4,73.4,69.0,69.0
2012/06/11,69.0,70.0,64.7,67.4
2012/06/12,66.1,66.5,65.1,65.7
2012/06/13,66.5,68.9,66.2,68.4
2012/06/14,68.4,69.4,67.3,67.4
2012/06/15,67.4,67.4,66.0,67.0
2012/06/18,69.1,71.2,67.9,70.0
2012/06/19,69.4,70.9,68.7,68.9
2012/06/20,69.2,69.6,66.7,67.4
2012/06/21,67.4,68.2,66.5,67.4
2012/06/22,66.2,69.2,66.0,69.1
2012/06/25,68.9,68.9,67.7,67.7
2012/06/26,67.4,68.7,66.2,68.2
2012/06/27,68.7,70.0,67.5,67.8
2012/06/28,68.4,69.0,67.8,67.8
2012/06/29,68.3,68.5,66.2,67.2
2012/07/02,67.6,69.4,67.6,68.5
2012/07/03,69.4,73.3,69.0,73.3
2012/07/04,73.7,74.6,72.8,73.4
2012/07/05,73.4,73.4,70.7,70.7
2012/07/06,70.7,71.4,69.1,69.8
2012/07/09,68.9,69.8,68.5,68.5
2012/07/10,68.7,69.4,67.0,68.2
2012/07/11,67.4,69.1,67.4,68.5
2012/07/12,68.5,68.5,66.2,66.5
2012/07/13,66.5,68.2,66.2,66.6
2012/07/16,67.6,68.0,64.7,64.7
2012/07/17,64.4,64.4,60.2,61.4
2012/07/18,61.4,61.9,59.4,59.7
2012/07/19,60.8,63.8,60.6,63.3
2012/07/20,63.7,64.5,63.4,63.9
2012/07/23,61.9,62.9,61.7,62.0
2012/07/24,61.9,63.0,61.7,62.3
2012/07/25,61.3,63.8,61.3,62.1
2012/07/26,62.9,63.2,62.2,62.2
2012/07/27,63.5,65.6,62.7,64.5
2012/07/30,64.7,64.7,62.5,64.0
2012/07/31,64.2,64.7,63.3,63.7
2012/08/01,63.5,65.6,63.1,64.6
2012/08/03,64.6,65.6,64.2,64.7
2012/08/06,66.5,66.8,64.9,64.9
2012/08/07,65.6,66.1,62.7,63.4
2012/08/08,63.4,64.8,62.9,64.2
2012/08/09,64.7,66.2,64.4,65.8
2012/08/10,66.4,69.1,66.3,68.2
2012/08/13,69.2,70.4,68.7,69.3
2012/08/14,69.8,70.5,68.5,68.7
2012/08/15,68.7,71.5,68.7,70.8
2012/08/16,72.2,74.1,71.8,72.4
2012/08/17,72.7,72.8,71.4,72.4
2012/08/20,72.9,73.3,71.6,72.4
2012/08/21,72.7,74.1,72.1,72.1
2012/08/22,72.1,72.7,70.7,71.0
2012/08/23,71.0,73.0,70.8,71.3
2012/08/24,71.0,71.0,69.2,69.5
2012/08/27,69.8,71.4,69.8,70.0
2012/08/28,70.0,70.0,67.1,67.6
2012/08/29,67.8,68.9,67.6,68.8
2012/08/30,68.3,69.4,68.0,68.5
2012/08/31,68.5,69.2,67.9,68.2
2012/09/03,68.3,69.1,68.2,68.9
2012/09/04,67.1,67.4,64.7,66.3
2012/09/05,65.7,65.9,64.6,65.5
2012/09/06,65.5,66.5,65.3,65.4
2012/09/07,66.5,66.9,65.6,65.9
2012/09/10,66.4,67.7,66.0,67.0
2012/09/11,67.7,69.6,67.4,69.1
2012/09/12,70.1,70.7,69.7,70.0
2012/09/13,70.1,70.8,68.8,68.9
2012/09/14,70.1,73.3,69.2,72.2
2012/09/17,72.7,73.0,70.5,70.7
2012/09/18,70.7,72.7,69.6,71.9
2012/09/19,72.6,73.1,71.4,71.4
2012/09/20,71.6,72.0,69.0,69.4
2012/09/21,68.7,69.4,67.6,68.2
2012/09/24,68.2,69.2,68.2,68.3
2012/09/25,68.4,69.1,67.7,67.8
2012/09/26,67.4,67.7,66.2,66.2
2012/09/27,66.2,67.4,66.2,66.5
2012/09/28,67.2,67.5,66.2,66.2
2012/10/01,66.2,66.2,65.1,65.3
2012/10/02,65.6,66.7,65.6,66.5
2012/10/03,66.5,66.9,66.0,66.1
2012/10/04,66.1,66.1,61.5,61.5
2012/10/05,59.5,61.4,59.5,61.1
2012/10/08,61.1,61.1,57.9,58.1
2012/10/09,57.9,58.1,55.4,56.8
2012/10/11,55.8,58.6,55.4,58.6
2012/10/12,58.3,58.3,57.1,57.5
2012/10/15,56.6,56.6,53.6,54.5
2012/10/16,54.9,55.4,54.3,54.6
2012/10/17,55.3,56.0,54.4,54.5
2012/10/18,54.9,57.8,54.9,57.1
2012/10/19,57.1,57.8,56.0,56.0
2012/10/22,55.0,57.1,55.0,56.7
2012/10/23,56.6,57.1,56.4,56.6
2012/10/24,55.9,56.5,55.8,56.1
2012/10/25,56.1,57.3,54.3,54.5
2012/10/26,54.9,54.9,50.7,50.7
2012/10/29,51.1,51.3,47.5,49.5
2012/10/30,50.4,52.9,50.4,52.9
2012/10/31,53.2,55.0,53.2,53.6
2012/11/01,54.0,55.8,52.7,55.2
2012/11/02,55.8,56.8,54.8,56.0
2012/11/05,56.0,56.6,54.7,56.6
2012/11/06,56.6,57.0,55.4,56.4
2012/11/07,56.3,57.5,55.8,56.6
2012/11/08,55.8,57.0,55.4,56.6
2012/11/09,56.6,57.9,56.1,57.5
2012/11/12,56.6,58.0,56.6,56.8
2012/11/13,56.4,57.6,55.8,56.5
2012/11/14,56.5,57.5,56.1,56.2
2012/11/15,55.8,56.7,55.8,56.6
2012/11/16,56.6,57.3,55.8,55.8
2012/11/19,56.1,56.1,52.0,52.1
2012/11/20,53.1,54.0,52.3,53.4
2012/11/21,54.0,56.4,53.7,55.0
2012/11/22,56.1,56.1,54.7,54.9
2012/11/23,55.9,57.3,55.3,56.6
2012/11/26,57.8,60.6,57.7,60.6
2012/11/27,60.6,61.7,60.2,61.5
2012/11/28,61.5,62.2,60.9,61.2
2012/11/29,62.0,62.2,60.9,61.9
2012/11/30,61.7,62.0,60.8,61.0
2012/12/03,61.1,62.7,60.6,62.4
2012/12/04,62.6,65.1,61.7,64.6
2012/12/05,64.6,65.5,63.8,64.7
2012/12/06,64.7,64.9,62.0,62.5
2012/12/07,62.5,63.0,61.5,62.2
2012/12/10,62.9,63.1,61.3,61.6
2012/12/11,61.7,62.6,60.1,62.2
2012/12/12,63.3,64.7,63.1,63.8
2012/12/13,64.2,64.5,63.4,63.4
2012/12/14,63.4,64.1,61.8,64.1
2012/12/17,63.3,63.3,60.8,61.0
2012/12/18,61.0,61.1,60.0,60.1
2012/12/19,60.4,61.7,60.2,60.6
2012/12/20,60.6,61.5,60.4,60.9
2012/12/21,61.2,62.4,61.1,61.2
2012/12/24,58.8,58.8,55.8,55.9
2012/12/25,56.1,57.3,56.1,57.1
2012/12/26,57.2,58.3,57.1,57.7
2012/12/27,57.7,59.2,57.5,58.1
2012/12/28,59.0,59.3,58.1,58.8
2013/01/02,59.3,60.1,59.1,59.1
2013/01/03,59.7,60.1,59.1,59.1
2013/01/04,58.8,59.0,56.6,57.1
2013/01/07,57.5,58.7,57.3,58.1
2013/01/08,58.5,59.1,58.1,58.4
2013/01/09,58.4,59.5,58.1,59.0
2013/01/10,59.9,60.8,59.2,59.4
2013/01/11,59.9,60.0,59.0,59.4
2013/01/14,59.4,59.4,58.9,58.9
2013/01/15,58.9,60.0,58.5,58.5
2013/01/16,59.0,59.9,58.5,58.8
2013/01/17,59.9,61.5,59.2,60.0
2013/01/18,62.0,62.2,61.0,61.6
2013/01/21,62.0,62.0,60.7,61.6
2013/01/22,61.7,61.9,60.6,60.9
2013/01/23,61.1,61.8,61.0,61.1
2013/01/24,61.1,61.1,59.7,60.1
2013/01/25,60.1,60.2,59.1,59.4
2013/01/28,59.9,60.6,59.7,60.1
2013/01/29,60.1,60.9,60.1,60.6
2013/01/30,60.8,61.9,60.7,61.9
2013/01/31,62.0,62.3,61.2,61.5
2013/02/01,62.0,63.5,61.6,62.6
2013/02/04,63.5,63.9,61.8,61.9
2013/02/05,61.1,61.4,60.1,60.2
2013/02/06,60.6,61.1,59.2,59.2
2013/02/18,60.1,60.1,59.4,59.8
2013/02/19,60.2,60.5,58.0,58.4
2013/02/20,58.4,59.1,57.5,59.1
2013/02/21,58.7,59.3,58.4,58.7
2013/02/22,58.3,59.5,57.4,57.5
2013/02/25,54.1,54.9,53.4,54.1
2013/02/26,54.0,55.3,53.8,54.0
2013/02/27,54.5,55.1,54.5,54.9
2013/03/01,55.5,55.8,54.9,54.9
2013/03/04,54.8,55.0,54.0,54.1
2013/03/05,54.1,54.7,53.2,53.4
2013/03/06,54.0,54.9,54.0,54.3
2013/03/07,54.3,56.0,54.3,55.8
2013/03/08,56.3,56.4,55.2,55.3
2013/03/11,55.5,56.3,55.4,55.5
2013/03/12,55.5,55.8,54.4,54.4
2013/03/13,54.5,54.9,54.3,54.4
2013/03/14,54.1,54.9,54.1,54.4
2013/03/15,54.9,55.5,54.3,55.3
2013/03/18,55.6,56.9,55.6,56.2
2013/03/19,57.5,57.8,56.8,57.2
2013/03/20,57.2,57.2,56.4,56.4
2013/03/21,57.2,57.7,56.7,56.8
2013/03/22,57.2,58.4,57.2,57.5
2013/03/25,57.9,58.2,57.2,57.5
2013/03/26,58.1,59.9,58.1,58.6
2013/03/27,59.3,60.7,59.3,59.9
2013/03/28,60.8,60.8,59.9,60.4
2013/03/29,61.1,61.1,59.4,59.8
2013/04/01,59.9,60.0,58.4,58.6
2013/04/02,58.4,60.8,58.2,60.7
2013/04/03,61.6,62.4,61.1,61.1
2013/04/08,59.8,61.5,59.0,61.1
2013/04/09,61.1,61.1,59.1,59.5
2013/04/10,59.5,60.8,59.1,60.2
2013/04/11,60.2,61.4,60.2,60.3
2013/04/12,60.1,60.1,59.1,59.1
2013/04/15,59.1,59.5,57.2,57.6
2013/04/16,56.3,57.5,55.9,57.1
2013/04/17,57.8,59.8,57.7,59.6
2013/04/18,60.2,60.2,59.3,59.4
2013/04/19,59.7,60.2,59.3,59.4
2013/04/22,59.8,59.8,58.5,58.5
2013/04/23,58.0,59.8,58.0,59.0
2013/04/24,59.5,61.1,59.3,60.2
2013/04/25,58.5,59.8,58.3,58.8
2013/04/26,59.2,60.6,59.2,60.3
2013/04/29,60.8,62.0,60.8,61.9
2013/04/30,63.8,64.7,62.9,63.0
2013/05/02,62.7,64.0,62.5,63.8
2013/05/03,64.7,65.3,62.5,62.8
2013/05/06,63.8,63.8,62.7,62.8
2013/05/07,62.9,62.9,61.5,61.5
2013/05/08,61.5,62.4,61.5,62.4
2013/05/09,62.9,63.7,62.7,63.5
2013/05/10,64.0,64.5,63.6,63.9
2013/05/13,64.2,64.6,63.2,64.1
2013/05/14,64.7,68.0,64.7,67.9
2013/05/15,68.3,68.4,66.2,66.8
2013/05/16,67.4,69.2,67.4,67.4
2013/05/17,68.2,68.2,67.4,67.5
2013/05/20,68.2,69.6,67.7,68.9
2013/05/21,69.5,70.3,68.7,68.8
2013/05/22,69.8,69.8,67.4,67.6
2013/05/23,67.4,68.0,66.8,67.4
2013/05/24,68.3,68.9,67.4,67.6
2013/05/27,67.6,67.6,66.8,67.3
2013/05/28,68.1,68.7,67.5,67.8
2013/05/29,68.3,68.3,67.4,67.4
2013/05/30,67.2,67.8,67.0,67.1
2013/05/31,69.1,70.0,68.0,68.0
2013/06/03,67.9,68.6,67.4,68.1
2013/06/04,67.8,68.3,67.3,67.4
2013/06/05,68.2,69.1,67.9,68.1
2013/06/06,67.9,68.6,67.1,67.3
2013/06/07,67.6,68.0,62.7,63.5
2013/06/10,64.7,64.9,63.8,64.2
2013/06/11,64.6,64.7,62.4,62.6
2013/06/13,61.0,61.7,59.0,59.4
2013/06/14,60.2,60.3,58.1,59.2
2013/06/17,59.5,61.0,59.5,61.0
2013/06/18,61.3,61.4,60.3,60.8
2013/06/19,60.8,61.0,59.1,59.3
2013/06/20,58.2,58.9,58.2,58.5
2013/06/21,57.1,57.8,56.6,57.7
2013/06/24,57.9,58.8,57.8,58.3
2013/06/25,57.5,58.3,57.2,57.2
2013/06/26,58.3,58.5,57.4,57.8
2013/06/27,58.1,59.2,57.9,58.6
2013/06/28,59.1,59.1,57.5,57.8
2013/07/01,57.9,58.7,57.8,58.5
2013/07/02,58.7,60.4,58.6,59.3
2013/07/03,59.7,60.1,58.9,59.0
2013/07/04,59.4,59.6,57.0,57.4
2013/07/05,58.4,58.4,57.3,57.4
2013/07/08,57.4,58.0,57.2,57.8
2013/07/09,57.8,58.6,57.4,57.8
2013/07/10,58.4,58.9,58.0,58.3
2013/07/11,59.2,60.8,59.0,60.5
2013/07/12,61.0,61.1,59.9,60.4
2013/07/15,60.2,60.9,60.0,60.4
2013/07/16,60.8,61.5,60.2,61.4
2013/07/17,61.6,61.8,60.4,60.7
2013/07/18,61.0,61.1,59.0,59.1
2013/07/19,58.9,58.9,57.1,57.9
2013/07/22,57.9,58.4,57.6,58.0
2013/07/23,58.1,59.0,58.1,58.8
2013/07/24,59.2,59.2,58.6,58.8
2013/07/25,59.0,61.5,58.8,61.3
2013/07/26,62.0,62.2,60.4,60.4
2013/07/29,60.2,60.2,58.6,58.9
2013/07/30,59.0,59.5,58.6,58.9
2013/07/31,59.2,59.6,58.2,58.4
2013/08/01,58.4,58.7,57.8,58.0
2013/08/02,58.3,59.2,58.3,58.6
2013/08/05,59.0,60.5,58.8,60.2
2013/08/06,60.2,60.7,59.7,60.5
2013/08/07,60.5,61.1,59.5,59.6
2013/08/08,59.9,60.1,59.3,59.6
2013/08/09,60.1,60.2,58.9,59.0
2013/08/12,59.3,61.0,59.2,60.4
2013/08/13,61.5,61.5,60.4,60.9
2013/08/14,54.1,54.1,54.1,54.1
2013/08/15,50.5,52.0,50.5,50.9
2013/08/16,50.4,50.9,50.0,50.7
2013/08/19,50.7,51.4,50.6,50.9
2013/08/20,50.9,51.3,48.6,48.9
2013/08/22,47.8,48.9,47.8,48.4
2013/08/23,48.6,50.1,48.6,49.3
2013/08/26,49.3,49.7,48.2,48.8
2013/08/27,48.7,49.2,48.3,48.3
2013/08/28,48.3,48.4,47.7,48.2
2013/08/29,48.7,49.3,48.5,48.6
2013/08/30,49.0,49.3,48.5,49.1
2013/09/02,49.1,50.2,48.9,49.6
2013/09/03,50.5,51.1,50.0,51.0
2013/09/04,50.9,50.9,50.0,50.4
2013/09/05,50.4,50.7,49.8,49.9
2013/09/06,49.4,49.6,48.2,48.6
2013/09/09,48.6,48.6,47.2,47.3
2013/09/10,47.4,48.3,47.3,48.1
2013/09/11,48.2,48.7,48.0,48.5
2013/09/12,48.9,49.5,48.6,49.2
2013/09/13,49.2,49.2,48.2,48.3
2013/09/16,48.9,48.9,48.4,48.5
2013/09/17,48.5,48.5,47.8,47.8
2013/09/18,47.9,48.2,47.6,48.1
2013/09/23,48.4,49.8,48.4,49.7
2013/09/24,49.9,50.9,49.7,50.2
2013/09/25,50.7,51.3,50.4,50.4
2013/09/26,50.6,50.7,49.6,49.8
2013/09/27,50.3,50.5,49.9,50.1
2013/09/30,50.1,50.3,49.5,50.1
2013/10/01,50.4,51.1,50.4,50.4
2013/10/02,51.1,51.1,49.9,49.9
2013/10/03,50.2,50.4,50.0,50.1
2013/10/04,49.3,50.2,48.2,49.8
2013/10/07,49.8,49.8,48.8,49.0
2013/10/08,49.2,49.6,48.7,49.5
2013/10/09,49.1,49.5,48.9,49.2
2013/10/11,49.5,49.7,48.8,48.8
2013/10/14,48.8,48.8,46.9,47.5
2013/10/15,48.0,48.0,46.9,47.4
2013/10/16,47.4,47.6,47.1,47.6
2013/10/17,47.8,48.0,47.6,47.8
2013/10/18,48.0,48.4,47.6,48.1
2013/10/21,47.8,48.5,47.7,47.9
2013/10/22,48.0,48.4,47.7,47.9
2013/10/23,48.3,48.8,47.7,48.2
2013/10/24,48.2,48.2,47.7,47.7
2013/10/25,47.6,48.0,47.5,47.7
2013/10/28,48.0,48.0,47.5,47.5
2013/10/29,47.5,47.7,46.9,47.1
2013/10/30,47.1,47.3,45.7,46.9
2013/10/31,46.9,47.1,46.3,46.7
2013/11/01,46.8,46.9,45.4,45.4
2013/11/04,45.4,45.8,44.2,45.3
2013/11/05,45.3,45.8,45.1,45.1
2013/11/06,45.1,45.3,44.2,44.6
2013/11/07,44.7,45.2,44.6,44.7
2013/11/08,44.8,45.2,44.3,44.8
2013/11/11,45.0,45.2,44.3,44.6
2013/11/12,45.0,45.1,42.5,44.2
2013/11/13,44.2,44.4,43.3,44.2
2013/11/14,44.4,46.2,44.3,45.9
2013/11/15,46.0,46.2,44.9,45.5
2013/11/18,45.7,45.9,45.0,45.0
2013/11/19,44.8,45.1,44.6,44.6
2013/11/20,44.3,45.1,44.3,44.4
2013/11/21,44.2,44.8,44.0,44.1
2013/11/22,44.1,44.4,43.5,43.5
2013/11/25,43.7,44.2,43.5,44.1
2013/11/26,44.2,45.9,43.9,44.5
2013/11/27,44.6,45.7,44.6,45.7
2013/11/28,45.7,45.7,44.8,44.8
2013/11/29,44.8,45.1,44.4,44.8
2013/12/02,45.1,46.7,45.0,46.3
2013/12/03,46.3,47.2,45.8,46.4
2013/12/04,46.2,47.9,46.0,47.9
2013/12/05,48.3,48.9,47.8,48.6
2013/12/06,48.5,48.7,47.7,47.9
2013/12/09,48.2,49.5,47.3,47.3
2013/12/10,47.3,47.6,46.8,47.0
2013/12/11,47.0,47.4,46.5,46.5
2013/12/12,46.5,47.7,46.2,46.9
2013/12/13,46.8,47.7,46.8,47.6
2013/12/16,47.4,47.4,46.8,46.9
2013/12/17,47.1,48.6,47.1,47.5
2013/12/18,47.5,48.0,47.4,47.4
2013/12/19,47.7,48.0,47.1,47.2
2013/12/20,47.7,48.2,47.3,47.3
2013/12/23,47.4,48.0,47.4,47.6
2013/12/24,47.7,48.5,47.7,48.3
2013/12/25,48.5,49.4,48.4,49.3
2013/12/26,49.5,50.6,49.3,50.4
2013/12/27,51.1,51.6,50.7,50.9
2013/12/30,51.3,51.4,50.5,50.7
2013/12/31,50.7,51.0,49.6,49.9
2014/01/02,50.2,51.4,50.0,50.7
2014/01/03,50.7,51.1,50.4,50.5
2014/01/06,50.6,52.0,50.6,51.0
2014/01/07,51.3,52.0,50.6,51.6
2014/01/08,52.1,52.7,51.3,51.3
2014/01/09,51.3,51.7,50.7,50.7
2014/01/10,50.7,51.4,50.7,51.3
2014/01/13,51.7,52.1,50.9,51.4
2014/01/14,51.4,51.9,50.9,50.9
2014/01/15,50.9,51.3,50.4,50.4
2014/01/16,50.5,50.9,50.0,50.0
2014/01/17,50.0,50.2,48.7,48.9
2014/01/20,48.9,49.5,48.9,49.2
2014/01/21,49.2,49.5,48.9,49.3
2014/01/22,49.6,50.2,49.5,49.6
2014/01/23,50.0,50.0,48.6,48.6
2014/01/24,48.6,49.0,48.6,48.6
2014/01/27,48.1,48.2,47.7,47.7
2014/02/05,46.8,47.7,46.8,47.1
2014/02/06,47.3,48.2,47.3,48.0
2014/02/07,48.4,49.5,48.3,48.6
2014/02/10,48.5,48.6,47.7,47.7
2014/02/11,47.9,48.5,47.9,48.0
2014/02/12,48.5,48.9,48.2,48.2
2014/02/13,48.2,48.4,47.8,48.3
2014/02/14,48.6,49.3,48.3,48.3
2014/02/17,48.6,48.6,47.3,47.3
2014/02/18,47.3,47.7,47.1,47.3
2014/02/19,47.5,48.1,47.3,47.4
2014/02/20,47.6,48.3,47.6,47.7
2014/02/21,48.2,48.9,48.2,48.6
2014/02/24,48.7,49.5,48.6,48.8
2014/02/25,49.4,51.3,49.2,50.4
2014/02/26,50.9,50.9,49.7,49.7
2014/02/27,50.4,50.9,49.6,49.6
2014/03/03,49.5,49.5,48.7,48.9
2014/03/04,48.7,49.3,48.4,48.4
2014/03/05,49.1,49.1,48.4,48.6
2014/03/06,48.6,49.9,48.6,49.3
2014/03/07,49.4,49.9,48.6,48.6
2014/03/10,48.4,48.5,47.7,47.8
2014/03/11,47.9,48.1,47.6,47.7
2014/03/12,47.6,48.2,47.6,47.8
2014/03/13,48.0,48.3,47.3,48.2
2014/03/14,48.2,48.6,47.7,47.8
2014/03/17,48.4,48.4,47.8,48.1
2014/03/18,48.4,48.5,47.8,47.8
2014/03/19,47.8,48.2,47.5,47.5
2014/03/20,47.3,47.4,46.9,47.0
2014/03/21,47.2,47.4,46.0,46.4
2014/03/24,45.1,46.3,45.1,46.2
2014/03/25,46.8,47.3,46.6,47.0
2014/03/26,47.1,47.7,47.1,47.1
2014/03/27,47.1,47.4,46.8,46.9
2014/03/28,46.9,47.3,46.8,46.9
2014/03/31,47.3,47.3,46.9,47.2
2014/04/01,47.5,47.6,47.1,47.3
2014/04/02,47.6,48.3,47.5,48.2
2014/04/03,48.2,48.3,47.7,47.7
2014/04/07,47.1,47.6,47.1,47.6
2014/04/08,47.7,47.8,47.4,47.5
2014/04/09,47.5,47.7,47.4,47.5
2014/04/10,47.8,47.9,47.7,47.7
2014/04/11,47.7,47.7,46.9,47.1
2014/04/14,47.1,47.2,46.4,46.4
2014/04/15,46.8,47.0,46.5,47.0
2014/04/16,47.0,47.1,46.8,46.9
2014/04/17,47.2,48.1,47.1,48.0
2014/04/18,48.6,50.4,48.6,49.2
2014/04/21,49.6,50.1,49.2,49.3
2014/04/22,49.4,50.4,49.1,49.3
2014/04/23,50.0,51.2,49.5,49.7
2014/04/24,50.5,50.6,48.9,49.1
2014/04/25,49.1,50.2,47.3,48.4
2014/04/28,46.8,48.9,46.8,48.6
2014/04/29,48.6,48.9,48.4,48.4
2014/04/30,48.6,49.6,48.4,48.4
2014/05/02,49.2,50.1,48.9,49.7
2014/05/05,50.4,51.2,50.1,50.4
2014/05/06,50.4,50.4,49.3,49.4
2014/05/07,49.4,49.5,48.5,49.5
2014/05/08,50.0,50.8,49.8,50.0
2014/05/09,50.7,50.7,49.1,49.5
2014/05/12,49.9,50.0,48.3,48.3
2014/05/13,48.6,48.7,47.3,47.9
2014/05/14,48.6,48.8,47.7,48.7
2014/05/15,48.9,49.4,48.7,49.3
2014/05/16,49.3,49.6,48.7,49.5
2014/05/19,50.0,50.5,49.6,49.6
2014/05/20,49.8,50.0,49.1,49.2
2014/05/21,49.2,50.4,49.2,49.9
2014/05/22,50.4,50.5,49.9,49.9
2014/05/23,50.4,50.4,49.7,49.7
2014/05/26,49.9,50.5,49.7,50.1
2014/05/27,50.5,52.5,50.5,52.2
2014/05/28,52.7,53.2,52.2,52.3
2014/05/29,52.5,52.9,51.8,51.9
2014/05/30,52.2,53.4,51.8,52.1
2014/06/03,52.7,53.0,51.9,52.8
2014/06/04,53.4,54.5,53.0,53.1
2014/06/05,53.2,55.6,52.2,54.8
2014/06/06,55.4,56.5,54.9,54.9
2014/06/09,56.0,56.0,54.7,54.9
2014/06/10,55.7,56.4,54.9,54.9
2014/06/11,55.5,56.8,54.9,56.1
2014/06/12,56.1,56.1,55.2,55.2
2014/06/13,55.4,56.1,54.2,54.3
2014/06/16,54.4,54.9,54.1,54.2
2014/06/17,54.4,54.8,54.1,54.3
2014/06/18,54.9,55.5,53.1,54.4
2014/06/19,55.0,55.2,54.4,54.4
2014/06/20,54.9,55.1,54.4,54.4
2014/06/23,54.9,55.0,52.8,53.0
2014/06/24,53.4,53.7,52.9,53.1
2014/06/25,53.1,53.2,52.7,52.7
2014/06/26,53.1,54.3,52.7,54.1
2014/06/27,54.3,54.4,53.6,53.9
2014/06/30,53.9,55.0,53.4,54.7
2014/07/01,54.6,55.1,54.4,54.7
2014/07/02,55.2,55.2,53.2,54.0
2014/07/03,54.0,54.7,53.7,54.5
2014/07/04,54.7,55.8,54.0,55.5
2014/07/07,55.5,55.7,54.4,55.1
2014/07/08,55.1,55.6,54.6,55.0
2014/07/09,54.7,55.5,54.5,54.5
2014/07/10,54.7,54.8,53.4,53.4
2014/07/11,53.4,54.1,50.7,51.3
2014/07/14,51.4,52.2,50.9,51.4
2014/07/15,51.6,52.0,51.6,51.7
2014/07/16,51.8,52.7,51.5,51.7
2014/07/17,51.7,51.9,50.9,51.4
2014/07/18,50.5,51.8,50.5,51.6
2014/07/21,52.5,52.5,51.8,51.9
2014/07/22,52.2,52.2,51.4,51.5
2014/07/24,51.6,52.2,51.4,51.8
2014/07/25,49.5,50.0,49.4,49.5
2014/07/28,49.5,49.5,49.0,49.0
2014/07/29,49.0,49.4,47.7,48.0
2014/07/30,48.0,48.2,47.7,48.1
2014/07/31,48.2,48.3,47.7,47.8
2014/08/01,47.3,47.6,46.6,47.3
2014/08/04,47.6,49.2,47.4,49.1
2014/08/05,49.1,49.6,48.6,48.6
2014/08/06,48.6,48.9,46.6,47.6
2014/08/07,48.6,48.6,47.7,47.7
2014/08/08,48.3,48.8,47.8,48.8
2014/08/11,49.3,50.6,49.3,50.5
2014/08/12,50.9,50.9,50.0,50.0
2014/08/13,50.4,51.5,50.3,51.3
2014/08/14,51.6,51.9,50.9,51.6
2014/08/15,51.9,53.0,51.8,52.1
2014/08/18,52.5,52.7,51.4,52.1
2014/08/19,52.7,52.9,52.1,52.3
2014/08/20,52.9,53.8,52.4,53.3
2014/08/21,53.9,54.6,53.3,54.0
2014/08/22,54.3,54.4,53.1,53.5
2014/08/25,54.0,54.5,53.4,53.4
2014/08/26,54.0,54.3,53.3,54.0
2014/08/27,54.3,54.8,54.0,54.3
2014/08/28,54.9,55.8,54.7,55.1
2014/08/29,55.1,55.5,54.6,54.9
2014/09/01,55.4,55.5,54.0,54.3
2014/09/02,54.7,54.7,53.6,53.6
2014/09/03,54.0,54.5,53.4,53.5
2014/09/04,53.8,54.8,53.8,54.5
2014/09/05,54.7,54.9,53.8,54.2
2014/09/09,54.3,55.3,54.3,55.0
2014/09/10,55.0,55.3,54.3,54.6
2014/09/11,54.6,54.9,54.1,54.9
2014/09/12,54.9,55.3,53.4,53.9
2014/09/15,54.3,55.1,54.0,54.5
2014/09/16,54.6,54.7,52.2,53.1
2014/09/17,53.2,53.7,52.6,52.7
2014/09/18,53.1,53.3,52.3,52.7
2014/09/19,53.1,54.0,52.9,54.0
2014/09/22,54.0,54.3,53.2,53.2
2014/09/23,53.4,53.6,53.0,53.4
2014/09/24,53.9,55.4,53.5,55.3
2014/09/25,55.8,56.1,54.0,54.1
2014/09/26,53.4,53.5,52.7,53.1
2014/09/29,53.6,53.9,53.1,53.2
2014/09/30,53.6,53.6,50.8,52.4
2014/10/01,52.4,53.2,52.3,53.0
2014/10/02,52.3,53.5,52.3,53.4
2014/10/03,54.1,56.6,54.1,56.5
2014/10/06,57.0,57.2,55.9,57.1
2014/10/07,56.8,56.8,55.3,55.4
2014/10/08,54.9,55.1,53.1,53.1
2014/10/09,53.9,54.0,52.7,53.4
2014/10/13,51.3,51.7,49.7,49.7
2014/10/14,49.7,50.5,49.4,49.8
2014/10/15,50.0,50.5,47.3,48.6
2014/10/16,47.3,48.6,45.9,47.7
2014/10/17,48.0,48.6,46.4,46.6
2014/10/20,48.0,48.5,47.6,48.3
2014/10/21,48.6,49.3,48.5,48.7
2014/10/22,50.2,50.2,49.2,49.3
2014/10/23,49.7,50.2,49.5,49.7
2014/10/24,50.0,50.1,47.7,47.8
2014/10/27,48.0,48.2,46.6,46.8
2014/10/28,47.7,48.9,47.5,48.7
2014/10/29,49.5,49.8,48.9,49.4
2014/10/30,49.4,49.5,48.9,49.3
2014/10/31,49.6,49.7,48.8,49.3
2014/11/03,49.5,51.1,49.5,50.3
2014/11/04,50.4,50.6,49.9,50.2
2014/11/05,50.5,51.1,49.1,49.1
2014/11/06,49.5,49.8,48.5,49.5
2014/11/07,49.6,50.5,48.9,50.1
2014/11/10,50.6,51.7,50.4,50.7
2014/11/11,51.3,51.6,50.4,51.3
2014/11/12,51.0,52.2,50.8,52.2
2014/11/13,53.1,53.2,51.6,51.7
2014/11/14,52.2,52.2,51.1,52.0
2014/11/17,52.2,52.3,50.7,50.7
2014/11/18,51.3,51.9,51.1,51.6
2014/11/19,52.2,53.0,52.1,52.5
2014/11/20,52.7,53.4,52.6,52.9
2014/11/21,53.4,53.7,53.0,53.2
2014/11/24,53.6,53.8,52.7,52.9
2014/11/25,53.2,53.3,52.6,53.0
2014/11/26,53.1,53.9,53.1,53.4
2014/11/27,53.8,54.1,53.1,53.1
2014/11/28,53.2,53.3,52.6,53.0
2014/12/01,51.3,53.7,51.3,53.5
2014/12/02,53.2,54.0,53.0,54.0
2014/12/03,54.3,55.2,54.3,54.6
2014/12/04,54.3,54.8,52.3,53.6
2014/12/05,54.5,54.6,53.1,54.4
2014/12/08,54.4,54.4,53.0,53.0
2014/12/09,52.8,53.3,52.4,52.8
2014/12/10,53.1,53.4,52.6,53.1
2014/12/11,52.9,53.7,52.5,53.1
2014/12/12,53.7,54.2,53.5,53.9
2014/12/15,53.2,54.1,53.1,54.1
2014/12/16,54.0,54.1,53.3,53.6
2014/12/17,53.6,53.6,52.6,52.7
2014/12/18,51.8,53.2,51.8,53.1
2014/12/19,54.0,54.0,51.3,51.3
2014/12/22,52.0,52.1,51.5,51.9
2014/12/23,52.1,52.4,51.9,52.0
2014/12/24,52.1,52.9,52.1,52.6
2014/12/25,53.0,53.0,52.5,52.5
2014/12/26,52.7,53.5,52.6,53.5
2014/12/29,54.3,54.7,53.7,53.7
2014/12/30,54.0,54.0,53.3,53.4
2014/12/31,53.3,53.7,53.1,53.2
2015/01/05,53.7,56.8,53.7,56.2
2015/01/06,56.5,58.1,56.4,57.7
2015/01/07,57.7,59.2,56.9,57.1
2015/01/08,57.8,58.7,57.3,57.9
2015/01/09,59.3,62.0,59.3,62.0
2015/01/12,62.4,63.5,61.9,62.2
2015/01/13,62.2,63.2,61.5,62.9
2015/01/14,62.9,63.5,61.0,61.0
2015/01/15,61.0,61.6,59.4,61.1
2015/01/16,60.8,61.1,58.6,58.6
2015/01/19,58.8,60.0,58.6,58.8
2015/01/20,59.5,61.5,59.5,61.0
2015/01/21,61.1,61.5,59.5,59.5
2015/01/22,59.0,60.1,58.9,59.2
2015/01/23,59.2,60.1,57.7,58.1
2015/01/26,58.8,60.1,58.7,60.1
2015/01/27,61.0,61.9,60.2,60.2
2015/01/28,60.2,60.8,59.5,60.8
2015/01/29,61.1,61.6,60.3,60.3
2015/01/30,60.8,61.3,59.9,59.9
2015/02/02,59.9,61.1,59.6,60.3
2015/02/03,61.1,64.5,61.0,64.5
2015/02/04,66.5,66.5,62.9,63.1
2015/02/05,63.1,64.2,62.7,63.1
2015/02/06,63.7,63.8,61.7,62.4
2015/02/09,62.2,62.4,61.2,61.7
2015/02/10,61.8,62.4,60.8,60.8
2015/02/11,61.1,63.1,61.1,61.8
2015/02/12,62.2,62.4,60.9,61.0
2015/02/13,61.1,61.9,60.6,60.7
2015/02/24,61.7,63.7,61.0,63.2
2015/02/25,64.4,65.7,64.0,64.3
2015/02/26,64.4,65.0,63.7,64.6
2015/03/02,65.6,66.4,65.1,65.4
2015/03/03,66.4,68.0,66.0,67.4
2015/03/04,67.4,68.0,66.6,67.6
2015/03/05,68.0,70.0,66.7,68.6
2015/03/06,70.9,72.3,69.4,70.1
2015/03/09,70.1,72.1,69.1,70.7
2015/03/10,71.8,73.0,71.0,71.6
2015/03/11,71.0,73.7,70.3,73.7
2015/03/12,73.6,73.6,68.6,68.7
2015/03/13,69.0,70.8,68.9,70.1
2015/03/16,70.7,72.2,69.9,70.9
2015/03/17,71.9,73.2,70.3,70.3
2015/03/18,71.0,71.8,70.7,71.7
2015/03/19,72.6,74.4,72.1,73.6
2015/03/20,73.9,78.8,73.8,78.2
2015/03/23,78.2,78.7,74.1,74.4
2015/03/24,74.4,75.6,72.3,74.1
2015/03/25,73.9,74.7,70.5,71.7
2015/03/26,70.1,73.0,69.3,72.6
2015/03/27,73.6,73.6,70.9,71.7
2015/03/30,72.3,76.3,72.3,74.7
2015/03/31,77.3,78.2,75.9,77.1
2015/04/01,75.4,76.0,73.2,73.4
2015/04/02,73.7,76.1,72.0,75.5
2015/04/07,76.4,78.6,74.1,75.7
2015/04/08,77.7,78.3,75.8,76.8
2015/04/09,76.4,76.4,73.5,73.7
2015/04/10,74.6,75.0,72.7,74.5
2015/04/13,74.6,76.1,74.0,74.9
2015/04/14,74.6,75.5,73.6,73.7
2015/04/15,73.7,74.1,71.9,71.9
2015/04/16,71.9,74.6,71.9,74.6
2015/04/17,74.3,74.5,72.4,73.3
2015/04/20,72.7,75.1,72.6,74.8
2015/04/21,75.4,76.1,72.5,74.6
2015/04/22,75.5,76.1,74.1,75.5
2015/04/23,75.5,76.5,74.3,74.3
2015/04/24,75.0,75.4,73.0,73.7
2015/04/27,74.5,74.6,72.9,73.5
2015/04/28,73.6,74.6,73.2,73.5
2015/04/29,74.1,74.1,70.4,70.4
2015/04/30,70.4,71.8,69.7,71.8
2015/05/04,73.2,74.6,72.7,72.9
2015/05/05,73.7,74.2,71.7,71.7
2015/05/06,72.5,73.8,71.7,72.9
2015/05/07,73.3,74.5,72.9,73.7
2015/05/08,74.9,75.6,72.8,72.8
2015/05/11,74.6,74.6,72.8,73.7
2015/05/12,74.2,75.5,73.1,75.5
2015/05/13,76.3,80.4,76.3,78.9
2015/05/14,79.5,81.1,78.8,79.6
2015/05/15,80.9,81.2,78.9,79.6
2015/05/18,81.2,84.5,81.2,82.4
2015/05/19,83.6,86.2,82.7,85.8
2015/05/20,86.1,86.2,84.3,84.7
2015/05/21,84.5,84.6,80.9,81.7
2015/05/22,82.5,84.5,81.9,82.2
2015/05/25,83.6,84.0,82.2,84.0
2015/05/26,84.3,86.7,84.1,84.2
2015/05/27,84.2,84.4,82.5,84.2
2015/05/28,86.3,87.2,85.2,85.4
2015/05/29,86.8,88.8,86.1,86.7
2015/06/01,87.2,88.6,85.2,88.1
2015/06/02,88.3,89.2,86.4,86.6
2015/06/03,86.8,88.4,85.4,85.8
2015/06/04,84.9,84.9,77.2,77.5
2015/06/05,77.0,78.4,72.1,75.8
2015/06/08,76.4,79.9,76.4,79.7
2015/06/09,79.0,79.8,75.5,75.5
2015/06/10,76.1,78.8,76.1,77.6
2015/06/11,79.1,79.8,77.9,77.9
2015/06/12,77.3,79.6,75.6,76.2
2015/06/15,76.5,77.0,72.1,74.1
2015/06/16,75.3,76.6,74.5,76.6
2015/06/17,77.3,80.1,77.3,78.1
2015/06/18,78.9,79.4,77.6,78.7
2015/06/22,79.1,83.5,79.1,81.8
2015/06/23,83.2,84.5,80.0,80.0
2015/06/24,79.8,82.1,78.8,82.1
2015/06/25,82.3,82.9,80.2,80.2
2015/06/26,80.2,80.6,78.4,78.5
2015/06/29,77.5,77.5,74.0,74.3
2015/06/30,73.8,77.3,73.7,77.3
2015/07/01,77.3,78.7,74.4,76.3
2015/07/02,77.0,78.1,75.5,75.5
2015/07/03,75.9,76.9,74.6,75.9
2015/07/06,75.5,79.3,75.5,76.4
2015/07/07,77.5,77.5,72.8,73.7
2015/07/08,72.8,73.3,66.4,66.4
2015/07/09,64.7,70.5,61.9,69.5
2015/07/13,72.1,73.0,70.5,71.4
2015/07/14,72.1,72.3,69.2,69.2
2015/07/15,70.0,70.9,69.1,70.7
2015/07/16,71.6,72.7,71.1,71.6
2015/07/17,71.8,71.9,68.2,68.9
2015/07/20,69.2,70.0,63.0,63.5
2015/07/21,64.4,65.0,59.8,61.2
2015/07/22,61.0,62.8,60.5,62.4
2015/07/23,62.2,63.2,59.0,60.2
2015/07/24,60.8,62.0,59.6,60.2
2015/07/27,60.2,60.5,56.0,56.1
2015/07/28,57.0,61.7,56.6,61.7
2015/07/29,62.6,63.3,60.2,60.2
2015/07/30,60.6,62.9,60.4,61.6
2015/07/31,62.8,62.8,59.4,60.8
2015/08/03,55.8,56.1,54.8,54.8
2015/08/04,52.2,54.9,49.4,49.9
2015/08/05,50.7,52.2,49.5,51.5
2015/08/06,50.5,51.2,46.4,46.4
2015/08/07,45.0,47.7,44.4,47.5
2015/08/10,48.0,51.7,47.3,51.1
2015/08/11,52.2,52.6,49.2,49.5
2015/08/12,48.3,50.9,48.3,50.5
2015/08/13,51.8,52.5,50.7,52.0
2015/08/14,52.9,52.9,50.9,50.9
2015/08/17,51.0,52.3,49.5,49.5
2015/08/28,48.1,48.8,45.1,45.1
2015/08/31,44.3,45.1,43.7,43.7
2015/09/01,45.3,46.3,44.8,45.5
2015/09/02,45.2,47.5,45.1,47.5
2015/09/03,48.2,50.8,48.2,50.4
2015/09/04,49.9,51.0,47.0,47.1
2015/09/07,46.8,48.2,46.8,48.2
2015/09/08,48.2,49.2,47.6,48.6
2015/09/09,49.9,51.3,49.9,50.8
2015/09/10,50.2,50.4,49.5,49.7
2015/09/11,50.3,52.3,50.0,51.4
2015/09/14,51.8,52.1,51.0,51.4
2015/09/15,51.8,52.1,50.9,51.0
2015/09/16,51.7,53.2,50.9,52.6
2015/09/17,52.8,55.0,52.4,54.0
2015/09/18,53.6,54.4,53.2,53.2
2015/09/21,52.1,53.0,51.8,52.6
2015/09/22,52.5,53.1,52.2,52.2
2015/09/23,52.0,53.3,52.0,52.4
2015/09/24,53.2,54.1,50.8,51.1
2015/09/25,51.1,51.4,50.3,51.4
2015/09/30,50.4,52.4,50.4,52.4
2015/10/01,53.2,56.1,53.2,56.1
2015/10/02,56.7,59.0,56.7,58.8
2015/10/05,61.0,62.3,61.0,61.9
2015/10/06,61.9,61.9,59.1,59.3
2015/10/07,60.0,60.7,59.2,59.7
2015/10/08,60.1,60.1,57.3,57.3
2015/10/12,58.4,58.4,56.6,57.8
2015/10/13,57.1,59.1,57.1,58.2
2015/10/14,58.4,59.1,57.1,57.1
2015/10/15,57.6,57.9,56.3,56.8
2015/10/16,57.9,58.9,57.3,58.7
2015/10/19,59.7,60.2,58.1,58.7
2015/10/20,58.9,59.3,57.4,58.1
2015/10/21,58.6,59.2,57.9,59.0
2015/10/22,60.2,60.9,59.4,60.5
2015/10/23,61.9,62.2,60.2,60.2
2015/10/26,60.9,63.0,60.8,62.0
2015/10/27,61.6,61.7,59.6,60.2
2015/10/28,60.2,60.4,58.9,59.5
2015/10/29,60.1,60.7,59.3,60.1
2015/10/30,62.3,64.6,60.8,63.7
2015/11/02,64.8,68.1,64.8,67.6
2015/11/03,67.1,68.7,67.1,67.5
2015/11/04,68.4,70.2,68.2,69.4
2015/11/05,69.8,70.1,68.8,69.3
2015/11/06,69.6,69.6,66.8,66.9
2015/11/09,67.8,68.9,66.9,67.6
2015/11/10,67.7,70.2,66.3,69.8
2015/11/11,70.2,70.5,65.4,65.4
2015/11/12,66.6,69.4,66.1,69.4
2015/11/13,68.1,69.5,67.1,67.6
2015/11/16,66.3,68.4,66.2,67.6
2015/11/17,69.8,72.5,69.4,71.5
2015/11/18,72.0,72.0,69.5,69.7
2015/11/19,70.7,70.7,68.9,69.7
2015/11/20,69.8,71.7,69.8,71.7
2015/11/23,72.5,72.7,71.2,71.2
2015/11/24,71.5,73.1,70.6,70.7
2015/11/25,71.4,74.8,70.8,74.7
2015/11/26,74.7,76.0,73.7,74.3
2015/11/27,75.3,75.3,72.8,72.8
2015/11/30,72.4,73.2,71.6,72.2
2015/12/01,72.4,78.4,72.4,77.0
2015/12/02,76.3,77.3,74.5,74.5
2015/12/03,74.8,77.0,74.8,75.4
2015/12/04,76.1,78.0,74.5,75.1
2015/12/07,75.8,77.1,75.4,75.8
2015/12/08,77.0,77.1,74.1,74.7
2015/12/09,75.1,75.4,71.7,73.1
2015/12/10,73.2,73.4,70.7,71.8
2015/12/11,72.5,72.8,69.8,69.8
2015/12/14,66.2,69.4,66.1,69.1
2015/12/15,69.2,69.8,67.1,69.1
2015/12/16,69.9,70.7,68.5,69.8
2015/12/17,70.5,75.1,70.4,73.4
2015/12/18,72.4,74.4,71.2,72.2
2015/12/21,71.5,74.1,71.3,73.8
2015/12/22,74.4,76.3,72.1,72.1
2015/12/23,72.5,73.2,71.8,72.8
2015/12/24,73.4,74.0,71.0,71.0
2015/12/25,71.6,72.5,69.9,72.5
2015/12/28,72.8,73.5,71.9,72.2
2015/12/29,71.7,72.2,71.5,72.0
2015/12/30,72.4,73.7,72.2,72.2
2015/12/31,72.2,72.8,70.7,71.3
2016/01/05,71.3,75.6,71.3,74.7
2016/01/06,75.8,78.0,74.3,76.6
2016/01/07,75.3,76.1,70.9,70.9
2016/01/08,69.8,72.7,69.8,72.1
2016/01/11,70.9,71.0,66.9,68.8
2016/01/12,69.5,71.2,67.3,67.8
2016/01/13,69.4,69.8,66.8,68.4
2016/01/14,64.9,67.4,64.0,66.6
2016/01/15,67.9,68.3,65.9,66.6
2016/01/18,64.1,72.0,64.1,70.7
2016/01/19,70.9,73.4,69.4,72.5
2016/01/20,72.5,72.5,69.1,69.8
2016/01/21,70.5,74.1,70.1,71.9
2016/01/22,72.7,74.0,71.9,71.9
2016/01/25,73.0,75.3,72.7,74.7
2016/01/26,74.4,77.7,73.8,76.8
2016/01/27,77.0,79.7,77.0,77.7
2016/01/28,76.3,79.1,75.6,79.1
2016/01/29,77.7,79.1,74.1,75.0
2016/02/01,77.4,78.9,77.0,77.1
2016/02/02,77.7,78.0,75.8,76.3
2016/02/03,75.6,77.6,75.6,76.8
2016/02/15,77.0,79.9,75.6,76.4
2016/02/16,76.4,79.1,76.0,79.1
2016/02/17,79.7,79.9,77.6,78.6
2016/02/18,79.0,79.1,76.8,77.4
2016/02/19,78.0,79.3,77.0,78.1
2016/02/22,78.1,78.7,77.1,77.7
2016/02/23,78.3,79.0,77.7,77.9
2016/02/24,77.9,78.4,75.6,75.8
2016/02/25,76.6,76.8,76.0,76.7
2016/02/26,77.6,78.3,77.1,77.9
2016/03/01,78.3,85.6,78.0,85.6
2016/03/02,88.4,89.7,86.5,86.5
2016/03/03,85.6,86.3,83.6,84.9
2016/03/04,85.2,86.6,84.0,84.9
2016/03/07,84.9,85.5,83.8,85.5
2016/03/08,87.5,88.6,84.3,84.3
2016/03/09,84.3,87.8,82.9,87.6
2016/03/10,86.1,86.6,85.0,85.6
2016/03/11,84.6,84.9,83.2,83.6
2016/03/14,84.9,85.6,84.0,84.5
2016/03/15,85.3,86.3,83.6,84.0
2016/03/16,84.8,86.8,83.6,86.2
2016/03/17,87.5,89.7,86.6,89.2
2016/03/18,86.9,87.4,84.6,86.3
2016/03/21,87.2,90.5,85.8,89.9
2016/03/22,92.4,97.9,91.5,93.3
2016/03/23,92.4,97.1,92.0,95.6
2016/03/24,94.7,96.4,93.3,96.4
2016/03/25,97.0,99.0,94.4,94.8
2016/03/28,94.8,95.1,93.4,94.5
2016/03/29,94.5,95.7,91.2,92.5
2016/03/30,94.3,94.5,92.8,92.8
2016/03/31,93.3,93.5,91.8,91.8
2016/04/01,91.7,94.0,90.7,93.0
2016/04/06,93.4,95.0,92.1,94.0
2016/04/07,95.7,96.4,94.5,95.1
2016/04/08,95.1,96.7,94.7,95.1
2016/04/11,96.0,97.6,95.4,96.4
2016/04/12,96.3,96.4,92.1,92.1
2016/04/13,92.7,93.1,91.1,92.0
2016/04/14,93.4,93.4,89.9,90.7
2016/04/15,89.8,89.9,85.8,87.2
2016/04/18,86.1,88.5,86.1,88.5
2016/04/19,88.5,89.5,86.1,86.1
2016/04/20,86.9,86.9,84.2,85.8
2016/04/21,87.6,89.8,87.5,89.8
2016/04/22,89.7,91.1,87.1,87.5
2016/04/25,87.5,93.5,87.4,92.4
2016/04/26,91.8,95.0,91.8,94.3
2016/04/27,93.7,94.1,90.1,92.8
2016/04/28,94.3,94.3,90.7,90.8
2016/04/29,89.9,90.1,87.1,87.8
2016/05/03,86.5,88.2,85.8,87.4
2016/05/04,86.6,88.6,85.9,86.5
2016/05/05,87.2,89.7,87.1,88.1
2016/05/06,88.1,88.6,86.1,86.3
2016/05/09,86.9,87.6,83.5,83.5
2016/05/10,83.0,85.8,82.6,85.6
2016/05/11,86.5,87.5,85.0,85.0
2016/05/12,84.9,86.1,82.5,83.0
2016/05/13,86.8,86.8,84.9,86.6
2016/05/16,87.1,87.2,85.2,86.6
2016/05/17,87.8,93.5,87.6,92.7
2016/05/18,92.0,94.7,90.7,94.0
2016/05/19,93.5,94.0,90.4,90.7
2016/05/20,90.5,91.2,87.9,88.5
2016/05/23,88.5,91.4,87.2,91.2
2016/05/24,91.1,91.1,89.7,90.1
2016/05/25,90.9,92.0,90.2,91.1
2016/05/26,90.9,91.7,89.9,90.2
2016/05/27,90.7,94.7,90.4,92.7
2016/05/30,93.5,94.1,93.1,93.1
2016/05/31,93.5,93.7,91.1,92.4
2016/06/01,92.7,94.8,92.5,94.3
2016/06/02,94.1,94.4,93.4,93.7
2016/06/03,95.4,97.7,93.3,93.3
2016/06/06,95.7,97.0,94.4,94.8
2016/06/07,94.3,95.3,93.0,93.8
2016/06/08,93.7,94.4,92.4,93.4
2016/06/13,93.4,96.4,92.7,96.3
2016/06/14,96.3,97.3,94.7,97.3
2016/06/15,97.9,99.7,97.1,97.9
2016/06/16,97.9,99.0,96.9,98.1
2016/06/17,99.0,99.0,96.9,97.1
2016/06/20,97.1,97.4,95.7,96.7
2016/06/21,96.7,97.0,95.6,96.9
2016/06/22,96.9,97.4,95.7,96.9
2016/06/23,96.4,97.0,95.4,96.7
2016/06/24,96.3,96.3,87.1,90.4
2016/06/27,89.1,90.8,89.1,89.9
2016/06/28,89.1,91.8,88.5,91.8
2016/06/29,92.5,94.5,91.8,94.5
2016/06/30,94.7,95.8,93.3,94.0
2016/07/01,95.1,95.1,93.5,94.3
2016/07/04,94.5,96.4,94.0,96.4
2016/07/05,95.3,96.4,95.3,95.3
2016/07/06,95.0,95.0,88.9,89.1
2016/07/07,89.9,91.1,87.5,87.9
2016/07/11,88.4,91.1,88.4,91.1
2016/07/12,91.4,91.8,89.9,91.1
2016/07/13,92.0,92.8,91.2,92.8
2016/07/14,92.1,92.5,90.2,90.2
2016/07/15,90.7,90.8,87.9,88.2
2016/07/18,87.9,88.2,85.2,85.8
2016/07/19,85.8,86.8,83.8,84.3
2016/07/20,83.9,84.3,82.5,82.7
2016/07/21,84.9,87.6,84.8,87.5
2016/07/22,88.2,89.1,85.0,85.3
2016/07/25,85.6,86.6,82.7,83.9
2016/07/26,84.8,86.2,84.0,85.2
2016/07/27,86.5,87.4,85.3,85.3
2016/07/28,85.8,86.1,83.6,84.2
2016/07/29,84.5,84.9,83.5,84.2
2016/08/01,84.9,87.1,84.5,87.1
2016/08/02,87.4,88.5,87.1,87.9
2016/08/03,87.1,88.4,86.1,88.2
2016/08/04,88.2,88.4,87.1,87.4
2016/08/05,89.5,89.5,88.2,88.9
2016/08/08,90.1,90.4,89.4,89.9
2016/08/09,90.8,92.1,90.4,90.8
2016/08/10,92.1,92.8,90.9,92.1
2016/08/11,92.1,92.1,89.9,91.2
2016/08/12,91.5,91.8,88.4,88.9
2016/08/15,90.1,90.2,88.9,89.5
2016/08/16,90.1,90.2,88.6,89.8
2016/08/17,89.9,92.0,89.2,91.2
2016/08/18,91.2,92.0,90.2,90.7
2016/08/19,90.7,91.2,89.4,89.9
2016/08/22,89.7,89.8,88.4,88.9
2016/08/23,89.1,89.4,88.6,88.9
2016/08/24,89.1,90.5,88.8,90.1
2016/08/25,90.1,90.1,89.1,89.2
2016/08/26,88.5,88.5,86.3,87.4
2016/08/29,87.4,89.1,87.4,89.1
2016/08/30,89.7,91.4,89.4,90.8
2016/08/31,90.7,91.7,90.2,91.7
2016/09/01,92.0,92.5,90.7,91.2
2016/09/02,91.1,91.4,89.4,89.8
2016/09/05,84.9,85.2,80.9,82.7
2016/09/06,83.5,86.9,83.3,86.9
2016/09/07,87.1,87.6,85.8,86.3
2016/09/08,86.3,87.2,85.8,86.3
2016/09/09,86.1,86.8,84.9,84.9
2016/09/23,83.2,84.5,81.0,81.2
2016/09/26,81.3,84.0,81.3,83.9
2016/09/29,84.8,92.1,84.8,92.1
2016/09/30,92.8,93.9,90.2,92.0
2016/10/03,92.4,94.0,91.0,91.0
2016/10/04,93.0,93.0,91.3,92.0
2016/10/05,91.5,92.3,90.7,91.0
2016/10/06,92.0,92.5,90.9,90.9
2016/10/07,92.1,92.1,89.5,90.6
2016/10/11,91.4,93.8,89.7,92.7
2016/10/12,91.6,93.0,90.9,92.7
2016/10/13,93.0,93.5,92.1,92.5
2016/10/14,92.0,92.9,91.0,91.2
2016/10/17,91.5,91.7,90.5,91.1
2016/10/18,91.5,92.2,90.8,92.0
2016/10/19,92.0,93.3,91.6,92.6
2016/10/20,92.6,93.5,92.0,92.0
2016/10/21,92.2,93.0,91.6,93.0
2016/10/24,93.0,93.0,91.7,92.4
2016/10/25,93.0,93.5,92.1,93.5
2016/10/26,93.5,97.1,93.1,96.0
2016/10/27,96.0,97.0,95.0,96.9
2016/10/28,96.8,96.8,93.1,93.1
2016/10/31,90.5,90.8,87.2,87.7
2016/11/01,87.5,88.8,87.3,88.1
2016/11/02,87.2,87.2,82.2,82.2
2016/11/03,80.7,83.4,78.2,81.2
2016/11/04,79.9,81.3,79.5,80.5
2016/11/07,81.2,85.8,80.8,84.9
2016/11/08,84.4,85.3,83.1,85.0
2016/11/09,85.8,85.8,80.7,81.0
2016/11/10,83.6,85.0,83.5,83.5
2016/11/11,81.3,83.8,80.5,83.0
2016/11/14,82.0,82.7,78.8,78.8
2016/11/15,78.5,80.9,77.1,80.9
2016/11/16,82.6,83.4,81.1,81.6
2016/11/17,81.1,82.4,81.1,82.4
2016/11/18,82.0,83.2,82.0,82.4
2016/11/21,81.7,82.4,81.6,82.0
2016/11/22,82.5,87.9,82.5,87.6
2016/11/23,87.5,87.6,85.9,86.4
2016/11/24,86.0,86.5,85.1,86.0
2016/11/25,86.8,87.5,85.8,85.8
2016/11/28,85.3,87.5,85.2,87.0
2016/11/29,86.7,92.3,85.0,92.3
2016/11/30,91.8,92.3,90.3,90.7
2016/12/01,90.3,91.5,89.4,89.4
2016/12/02,88.2,89.3,88.1,89.3
2016/12/05,89.1,89.1,87.3,88.0
2016/12/06,87.4,89.6,87.4,89.6
2016/12/07,90.5,90.5,88.8,89.0
2016/12/08,89.9,92.7,89.3,91.9
2016/12/09,91.0,92.5,90.6,92.0
2016/12/12,92.0,93.0,91.3,92.9
2016/12/13,92.2,92.4,90.1,90.1
2016/12/14,90.5,91.6,90.3,90.6
2016/12/15,90.4,91.1,90.2,90.5
2016/12/16,90.3,91.5,90.3,91.0
2016/12/19,90.5,91.4,89.3,89.8
2016/12/20,90.0,90.2,88.1,89.0
2016/12/21,89.6,90.8,89.5,90.1
2016/12/22,90.1,90.1,88.9,89.1
2016/12/23,88.4,89.5,88.2,89.1
2016/12/26,88.8,89.3,88.4,88.8
2016/12/27,89.0,90.4,88.5,90.1
2016/12/28,90.5,91.7,90.1,90.6
2016/12/29,90.0,91.0,89.6,90.8
2016/12/30,91.2,91.4,90.5,90.9
2017/01/03,90.9,91.1,89.1,89.5
2017/01/04,90.3,90.3,89.2,89.4
2017/01/05,89.5,89.6,88.5,89.0
2017/01/06,89.0,89.7,88.6,89.7
2017/01/09,89.7,90.1,89.0,90.0
2017/01/10,89.5,89.7,89.2,89.5
2017/01/11,89.3,89.4,87.1,88.0
2017/01/12,87.1,87.6,87.1,87.4
2017/01/13,87.0,87.4,85.7,87.0
2017/01/16,87.0,87.2,85.5,85.8
2017/01/17,85.6,87.3,84.8,87.3
2017/01/18,87.0,88.8,87.0,88.7
2017/01/19,88.6,89.4,87.7,88.4
2017/01/20,88.4,88.8,87.6,88.5
2017/01/23,88.7,92.0,88.5,92.0
2017/01/24,92.0,94.5,91.7,93.8
2017/02/02,94.3,97.1,94.3,96.2
2017/02/03,97.0,103.5,97.0,99.3
2017/02/06,101.0,103.0,100.5,102.0
2017/02/07,102.0,103.0,101.0,102.0
2017/02/08,102.0,108.5,101.0,102.0
2017/02/09,103.0,106.0,103.0,103.5
2017/02/10,104.0,105.0,103.5,104.5
2017/02/13,105.0,114.5,104.0,114.5
2017/02/14,114.0,122.0,113.5,119.0
2017/02/15,120.0,121.0,115.5,118.0
2017/02/16,118.0,121.0,117.5,118.5
2017/02/17,121.0,130.0,121.0,130.0
2017/02/20,129.5,131.0,124.5,124.5
2017/02/21,120.5,124.0,117.5,122.5
2017/02/22,124.0,126.5,121.5,122.5
2017/02/23,125.0,134.5,124.5,132.0
2017/02/24,131.0,132.5,128.5,130.5
2017/03/01,129.0,129.0,120.5,121.0
2017/03/02,124.5,125.0,118.5,123.5
2017/03/03,122.5,125.5,121.5,125.0
2017/03/06,124.5,124.5,121.5,123.5
2017/03/07,123.5,131.0,123.0,129.5
2017/03/08,128.0,128.5,125.5,127.5
2017/03/09,127.5,127.5,124.5,125.5
2017/03/10,121.0,122.0,118.0,120.0
2017/03/13,121.0,122.0,119.0,121.5
2017/03/14,122.5,124.0,120.5,122.5
2017/03/15,123.5,127.0,122.5,125.0
2017/03/16,126.0,131.5,125.5,126.0
2017/03/17,125.5,131.0,125.0,131.0
2017/03/20,132.5,138.5,130.5,137.5
2017/03/21,135.5,137.0,134.0,136.0
2017/03/22,132.0,140.5,131.5,139.0
2017/03/23,139.0,140.5,132.0,132.0
2017/03/24,134.0,136.0,133.0,133.0
2017/03/27,134.5,145.5,132.5,137.0
2017/03/28,141.0,141.0,128.5,134.5
2017/03/29,136.5,139.5,134.5,134.5
2017/03/30,134.5,135.0,132.0,133.0
2017/03/31,132.0,135.5,131.0,135.0
2017/04/05,136.0,137.5,134.5,134.5
2017/04/06,135.5,135.5,131.0,131.0
2017/04/07,132.0,137.0,131.0,134.5
2017/04/10,135.5,137.5,133.0,135.0
2017/04/11,135.5,135.5,125.5,129.0
2017/04/12,131.0,131.0,124.5,125.0
2017/04/13,125.0,127.5,124.5,125.0
2017/04/14,124.0,127.0,123.5,123.5
2017/04/17,124.0,125.5,119.0,123.5
2017/04/18,125.0,127.0,124.0,125.0
2017/04/19,124.0,127.0,124.0,127.0
2017/04/20,124.0,125.0,123.0,123.0
2017/04/21,125.0,125.0,122.0,122.0
2017/04/24,123.5,125.0,123.0,123.5
2017/04/25,125.0,133.5,124.5,129.0
2017/04/26,128.5,130.5,127.0,128.5
2017/04/27,128.0,133.5,127.0,130.0
2017/04/28,128.5,135.5,127.5,134.5
2017/05/02,132.0,133.0,130.0,132.0
2017/05/03,133.5,134.0,131.0,132.0
2017/05/04,131.5,132.0,124.5,125.0
2017/05/05,128.5,129.5,123.0,123.5
2017/05/08,125.0,126.0,120.5,122.0
2017/05/09,123.5,126.0,122.5,123.5
2017/05/10,125.0,126.5,123.0,124.0
2017/05/11,126.0,129.0,125.0,129.0
2017/05/12,129.5,132.0,127.5,130.0
2017/05/15,131.5,133.0,130.0,130.0
2017/05/16,131.5,131.5,128.0,130.0
2017/05/17,130.5,131.0,128.0,129.0
2017/05/18,127.5,131.5,126.5,131.0
2017/05/19,130.0,131.5,129.0,130.0
2017/05/22,129.5,130.5,126.5,127.5
2017/05/23,128.0,128.5,126.0,126.5
2017/05/24,127.0,128.5,126.5,128.0
2017/05/25,128.0,132.0,128.0,131.0
2017/05/26,130.5,131.0,129.0,130.5
2017/05/31,131.0,132.0,129.5,132.0
2017/06/01,134.5,139.0,134.0,134.5
2017/06/02,135.5,138.0,134.0,138.0
2017/06/05,138.0,142.0,137.0,141.5
2017/06/06,143.5,155.0,142.0,152.5
2017/06/07,155.5,157.0,151.0,152.0
2017/06/08,154.0,162.5,153.5,159.0
2017/06/09,159.0,161.0,156.5,160.0
2017/06/12,157.5,157.5,152.5,153.0
2017/06/13,153.0,154.5,147.0,147.0
2017/06/14,150.0,151.0,145.0,148.0
2017/06/15,149.0,149.0,145.0,147.0
2017/06/16,147.0,151.0,146.5,150.0
2017/06/19,150.5,152.0,148.5,149.0
2017/06/20,150.0,154.5,149.5,153.5
2017/06/21,151.5,152.0,149.0,150.0
2017/06/22,150.0,151.0,147.0,149.5
2017/06/23,150.0,153.0,149.0,149.0
2017/06/26,155.0,163.5,154.0,163.5
2017/06/27,165.0,166.0,160.0,165.0
2017/06/28,161.0,163.5,157.0,158.5
2017/06/29,164.0,174.0,158.5,162.0
2017/06/30,162.0,167.0,160.5,167.0
2017/07/03,168.0,169.5,164.5,166.0
2017/07/04,167.0,167.0,159.5,159.5
2017/07/05,160.0,161.0,157.5,161.0
2017/07/06,162.0,165.5,159.0,160.0
2017/07/07,155.0,158.0,154.5,156.0
2017/07/10,157.5,162.0,156.0,160.0
2017/07/11,161.5,162.5,159.0,159.0
2017/07/12,158.5,170.0,158.0,166.5
2017/07/13,168.0,173.0,168.0,170.0
2017/07/14,172.5,178.0,169.5,172.5
2017/07/17,175.0,175.5,172.0,173.0
2017/07/18,175.0,181.0,173.5,181.0
2017/07/19,179.5,181.0,177.5,180.0
2017/07/20,181.5,183.0,173.0,174.5
2017/07/21,174.5,178.5,173.5,176.5
2017/07/24,176.5,178.5,174.0,178.5
2017/07/25,180.0,186.0,180.0,184.5
2017/07/26,180.0,182.0,178.5,178.5
2017/07/27,179.5,180.5,178.0,178.0
2017/07/28,177.5,177.5,174.0,175.5
2017/07/31,176.5,180.5,174.5,177.0
2017/08/01,179.5,180.0,175.5,176.0
2017/08/02,179.0,182.0,177.5,181.0
2017/08/03,180.0,180.0,175.0,175.0
2017/08/04,175.0,176.5,167.5,170.0
2017/08/07,173.0,178.0,173.0,177.0
2017/08/08,180.0,182.5,175.0,175.0
2017/08/09,174.5,174.5,169.0,170.0
2017/08/10,170.0,170.5,164.0,166.5
2017/08/11,162.0,171.5,162.0,170.5
2017/08/14,170.0,170.0,163.0,163.5
2017/08/15,167.0,170.0,166.5,169.5
2017/08/16,168.5,172.5,168.0,171.5
2017/08/17,175.0,177.0,172.5,176.0
2017/08/18,174.0,180.0,172.0,177.5
2017/08/21,179.0,179.5,174.0,175.0
2017/08/22,177.0,178.5,174.5,178.5
2017/08/23,180.0,180.5,176.0,176.0
2017/08/24,177.0,180.0,175.0,179.0
2017/08/25,177.0,179.0,174.5,175.0
2017/08/28,173.5,173.5,167.5,168.5
2017/08/29,168.0,175.5,167.0,172.5
2017/08/30,174.0,174.5,171.5,172.5
2017/08/31,174.0,174.5,172.5,174.0
2017/09/01,175.5,176.0,173.5,174.5
2017/09/04,174.5,178.0,173.0,173.0
2017/09/05,173.0,176.0,173.0,175.5
2017/09/06,176.0,182.5,175.0,175.0
2017/09/07,177.0,178.5,170.5,170.5
2017/09/08,172.0,172.5,169.0,172.0
2017/09/11,173.5,173.5,169.0,169.5
2017/09/12,173.0,178.0,171.0,175.5
2017/09/13,179.5,187.0,176.0,185.0
2017/09/14,190.5,192.5,183.5,188.0
2017/09/15,190.5,196.0,185.5,194.5
2017/09/18,195.0,199.5,192.0,194.5
2017/09/19,196.0,197.0,187.0,188.0
2017/09/20,189.0,192.0,185.5,189.5
2017/09/21,189.0,194.5,188.5,193.5
2017/09/22,192.0,192.0,186.0,187.0
2017/09/25,189.0,190.5,182.0,189.0
2017/09/26,189.0,189.5,182.0,182.5
2017/09/27,184.0,187.5,184.0,186.5
2017/09/28,189.5,196.0,189.0,194.0
2017/09/29,195.5,198.5,193.5,194.0
2017/10/02,199.5,200.5,196.5,198.5
2017/10/03,201.0,209.0,201.0,208.0
2017/10/05,209.0,210.0,205.0,207.5
2017/10/06,211.5,216.0,209.0,210.5
2017/10/11,210.5,218.0,209.0,218.0
2017/10/12,222.0,239.5,221.5,236.0
2017/10/13,230.0,233.0,223.0,233.0
2017/10/16,232.5,234.5,226.0,228.5
2017/10/17,228.5,239.0,226.5,229.5
2017/10/18,231.0,233.0,227.5,228.5
2017/10/19,231.0,241.0,230.5,234.0
2017/10/20,232.5,238.5,229.0,232.0
2017/10/23,234.5,242.0,232.0,242.0
2017/10/24,242.0,259.0,240.0,250.0
2017/10/25,254.0,261.0,251.0,259.0
2017/10/26,257.5,262.5,254.5,254.5
2017/10/27,256.0,258.5,229.5,233.0
2017/10/30,241.0,245.0,215.0,240.5
2017/10/31,248.5,249.0,238.0,246.5
2017/11/01,246.0,258.5,244.5,258.0
2017/11/02,258.0,266.0,255.0,263.0
2017/11/03,265.0,280.0,264.5,276.5
2017/11/06,281.0,281.0,261.0,261.5
2017/11/07,265.0,268.0,256.0,260.0
2017/11/08,263.5,272.0,258.0,272.0
2017/11/09,272.0,278.0,258.0,261.0
2017/11/10,261.0,267.0,256.5,265.0
2017/11/13,268.0,275.0,263.0,272.0
2017/11/14,276.0,276.5,265.0,269.0
2017/11/15,269.0,274.0,265.0,265.0
2017/11/16,265.0,276.5,265.0,272.0
2017/11/17,277.0,298.5,276.0,293.5
2017/11/20,303.0,303.5,278.0,278.0
2017/11/21,282.5,299.0,279.5,294.5
2017/11/22,293.0,296.0,285.5,292.0
2017/11/23,294.5,295.5,287.0,288.5
2017/11/24,292.0,300.5,291.0,293.0
2017/11/27,297.0,306.0,296.0,298.0
2017/11/28,301.0,303.0,292.5,302.0
2017/11/29,309.0,318.5,306.0,315.0
2017/11/30,308.5,320.0,301.0,320.0
2017/12/01,320.5,320.5,306.0,306.0
2017/12/04,314.0,314.0,303.0,307.5
2017/12/05,304.5,306.0,278.5,280.5
2017/12/06,283.0,287.5,253.0,256.5
2017/12/07,261.0,267.5,252.5,267.5
2017/12/08,272.0,287.5,263.0,286.0
2017/12/11,312.5,314.5,301.5,314.5
2017/12/12,322.0,340.0,309.0,323.5
2017/12/13,320.0,325.5,309.5,312.5
2017/12/14,290.0,301.5,286.5,289.0
2017/12/15,293.0,295.5,285.0,289.5
2017/12/18,290.0,305.5,284.0,305.0
2017/12/19,307.5,318.0,306.0,314.0
2017/12/20,315.5,320.0,308.5,310.0
2017/12/21,309.5,313.0,300.5,302.0
2017/12/22,304.0,306.0,294.5,297.0
2017/12/25,297.0,302.5,293.5,293.5
2017/12/26,293.5,295.0,270.0,283.5
2017/12/27,277.5,283.0,272.0,274.0
2017/12/28,279.5,286.5,277.0,286.5
2017/12/29,287.0,290.0,277.5,283.0
2018/01/02,280.0,283.0,274.5,283.0
2018/01/03,288.0,308.0,285.5,304.0
2018/01/04,305.0,309.0,300.5,303.5
2018/01/05,314.0,317.0,303.0,303.0
2018/01/08,305.0,307.5,298.0,299.0
2018/01/09,301.0,301.0,279.5,280.0
2018/01/10,280.0,283.0,269.0,270.0
2018/01/11,272.5,274.0,267.0,269.0
2018/01/12,269.5,270.0,252.5,252.5
2018/01/16,265.0,274.0,262.0,269.0
2018/01/17,267.0,273.0,265.5,269.0
2018/01/18,273.0,277.5,271.0,272.5
2018/01/19,274.5,275.0,257.5,259.5
2018/01/22,257.5,273.0,252.0,269.5
2018/01/23,265.0,268.0,255.0,255.0
2018/01/24,252.0,252.0,245.5,249.5
2018/01/25,248.0,256.0,240.0,240.0
2018/01/26,237.5,247.5,237.5,239.5
2018/01/29,244.5,252.0,241.5,252.0
2018/01/30,256.0,263.0,252.0,252.0
2018/01/31,252.0,261.0,247.5,261.0
2018/02/01,261.0,263.0,255.0,258.5
2018/02/02,260.0,266.5,260.0,263.0
2018/02/05,255.0,258.0,251.5,256.5
2018/02/06,240.0,247.0,231.0,235.0
2018/02/07,252.5,256.0,242.5,242.5
2018/02/08,244.0,247.0,233.0,238.0
2018/02/09,222.0,250.0,221.0,249.5
2018/02/12,249.5,251.0,243.0,243.0
2018/02/21,250.0,261.5,248.0,256.0
2018/02/22,254.0,262.0,252.0,256.5
2018/02/23,256.0,264.0,256.0,262.5
2018/02/26,266.0,268.0,262.5,268.0
2018/02/27,272.0,274.5,267.5,268.5
2018/03/01,265.0,271.5,264.0,270.0
2018/03/02,265.5,267.5,260.5,260.5
2018/03/05,263.0,263.5,250.5,250.5
2018/03/06,256.0,265.0,254.5,264.5
2018/03/07,262.0,267.5,259.5,265.0
2018/03/08,265.5,276.0,265.5,272.5
2018/03/09,274.5,278.0,269.0,270.0
2018/03/12,281.0,297.0,281.0,297.0
2018/03/13,306.0,317.0,303.0,315.5
2018/03/14,315.5,319.0,308.0,309.5
2018/03/15,310.5,321.5,310.5,321.5
2018/03/16,321.5,321.5,313.0,315.0
2018/03/19,318.5,321.0,311.0,311.0
2018/03/20,306.5,315.0,301.5,315.0
2018/03/21,318.0,319.5,313.5,315.0
2018/03/22,316.0,317.5,305.0,305.0
2018/03/23,293.0,302.5,292.5,295.0
2018/03/26,300.0,305.5,297.0,302.0
2018/03/27,311.5,316.5,308.5,313.0
2018/03/28,310.0,320.0,307.5,308.0
2018/03/29,310.0,316.0,308.5,313.0
2018/03/30,318.5,322.0,313.5,314.0
2018/04/02,320.0,321.0,310.5,310.5
2018/04/03,309.0,313.5,305.0,308.0
2018/04/09,313.5,314.0,305.5,305.5
2018/04/10,310.0,312.5,306.0,306.0
2018/04/11,310.0,312.0,306.5,306.5
2018/04/12,310.5,315.0,308.0,309.5
2018/04/13,315.0,323.0,313.0,318.5
2018/04/16,327.0,334.5,325.5,331.0
2018/04/17,331.0,331.0,311.5,311.5
2018/04/18,318.5,318.5,294.0,306.0
2018/04/19,307.5,313.0,307.5,312.0
2018/04/20,305.0,306.0,297.0,297.5
2018/04/23,293.5,293.5,279.0,282.5
2018/04/24,254.5,254.5,254.5,254.5
2018/04/25,229.5,241.0,229.5,231.0
2018/04/26,234.5,237.5,212.0,218.0
2018/04/27,226.5,226.5,217.0,222.5
2018/04/30,228.0,229.5,224.5,224.5
2018/05/02,226.0,237.0,226.0,232.0
2018/05/03,238.0,241.0,232.0,232.0
2018/05/04,238.0,242.0,232.5,236.5
2018/05/07,241.0,241.0,229.5,230.0
2018/05/08,232.0,241.0,232.0,240.0
2018/05/09,236.0,243.0,236.0,243.0
2018/05/10,248.0,262.5,245.0,257.0
2018/05/11,260.0,267.5,258.0,263.0
2018/05/14,270.0,288.5,263.5,286.5
2018/05/15,283.0,283.0,269.0,269.0
2018/05/16,266.5,277.0,265.0,265.0
2018/05/17,270.0,270.0,258.5,265.0
2018/05/18,264.0,267.0,257.0,257.0
2018/05/21,265.5,276.0,265.5,268.5
2018/05/22,275.0,280.0,271.0,274.0
2018/05/23,276.0,276.0,268.0,271.5
2018/05/24,274.5,279.5,273.0,273.5
2018/05/25,273.0,275.5,268.5,274.0
2018/05/28,279.0,282.5,276.5,279.0
2018/05/29,278.5,279.0,268.5,268.5
2018/05/30,260.5,262.0,244.5,248.0
2018/05/31,249.5,256.5,240.0,243.5
2018/06/01,246.0,253.0,244.0,251.5
2018/06/04,255.0,263.5,254.5,263.5
2018/06/05,266.5,267.0,257.0,264.0
2018/06/06,267.0,274.0,267.0,273.0
2018/06/07,277.0,278.0,269.5,269.5
2018/06/08,249.5,258.5,249.5,251.0
2018/06/11,241.0,247.5,241.0,242.5
2018/06/12,246.5,252.0,245.0,247.0
2018/06/13,249.5,251.5,244.0,244.5
2018/06/14,241.0,243.0,238.5,241.5
2018/06/15,246.0,253.0,243.0,245.5
2018/06/19,243.0,245.0,235.0,236.0
2018/06/20,237.0,238.5,227.0,238.0
2018/06/21,242.0,244.0,238.0,238.5
2018/06/22,238.5,238.5,231.0,233.0
2018/06/25,231.0,232.5,220.0,220.0
2018/06/26,216.0,228.0,212.5,228.0
2018/06/27,228.0,230.5,219.5,219.5
2018/06/28,221.0,222.0,215.5,216.0
2018/06/29,219.5,221.5,217.5,219.5
2018/07/02,221.0,228.5,217.0,217.0
2018/07/03,211.0,215.0,189.0,194.5
2018/07/04,192.0,199.5,192.0,199.5
2018/07/05,203.0,208.0,199.0,200.5
2018/07/06,206.0,207.5,195.0,202.5
2018/07/09,202.5,203.5,193.0,196.5
2018/07/10,200.0,208.0,198.5,207.5
2018/07/11,204.5,217.5,201.5,215.0
2018/07/12,218.5,221.5,214.0,221.0
2018/07/13,232.0,243.0,228.5,241.0
2018/07/16,245.0,245.0,238.0,239.0
2018/07/17,239.0,244.5,226.0,228.5
2018/07/18,230.0,232.5,221.0,222.0
2018/07/19,225.0,232.0,222.5,229.5
2018/07/20,232.5,238.0,222.5,225.0
2018/07/23,202.5,202.5,202.5,202.5
2018/07/24,182.5,182.5,182.5,182.5
2018/07/25,170.0,173.5,164.5,165.0
2018/07/26,166.0,170.5,163.0,166.0
2018/07/27,164.0,166.0,160.0,161.0
2018/07/30,161.0,164.0,145.0,146.0
2018/07/31,147.5,151.0,144.0,148.0
2018/08/01,148.5,159.0,148.5,156.0
2018/08/02,158.0,158.0,152.0,156.0
2018/08/03,158.5,163.0,157.0,162.0
2018/08/06,164.0,166.0,162.0,165.0
2018/08/07,166.0,170.5,166.0,170.5
2018/08/08,173.0,174.0,169.0,169.0
2018/08/09,169.0,169.0,162.5,165.0
2018/08/10,165.0,168.5,161.0,165.0
2018/08/13,162.5,164.0,149.0,153.5
2018/08/14,156.0,158.0,152.5,156.0
2018/08/15,155.5,155.5,144.0,145.5
2018/08/16,136.5,144.0,134.5,144.0
2018/08/17,147.0,152.0,145.5,146.5
2018/08/20,149.0,153.0,147.0,151.0
2018/08/21,152.0,159.5,152.0,158.5
2018/08/22,162.5,168.0,161.5,162.5
2018/08/23,162.5,163.0,158.0,160.0
2018/08/24,158.0,163.0,155.0,162.0
2018/08/27,164.0,164.0,160.0,162.5
2018/08/28,163.0,167.0,161.0,161.0
2018/08/29,162.0,164.0,159.5,161.0
2018/08/30,162.5,167.0,162.5,166.0
2018/08/31,165.0,167.0,163.5,166.5
2018/09/03,167.5,168.5,161.0,161.0
2018/09/04,175.5,177.0,175.0,177.0
2018/09/05,178.0,193.0,177.0,187.0
2018/09/06,186.0,189.5,182.0,183.0
2018/09/07,180.0,182.0,168.5,172.5
2018/09/10,172.0,172.0,155.5,155.5
2018/09/11,155.0,162.5,152.5,159.0
2018/09/12,145.0,146.0,143.5,143.5
2018/09/13,137.0,142.5,135.0,136.0
2018/09/14,138.0,140.0,127.5,138.5
2018/09/17,136.5,143.0,133.5,143.0
2018/09/18,139.0,143.5,134.0,142.0
2018/09/19,145.0,146.0,133.5,133.5
2018/09/20,131.0,133.0,124.0,124.0
2018/09/21,127.0,131.0,124.0,131.0
2018/09/25,129.0,136.0,127.5,133.5
2018/09/26,130.0,134.5,130.0,131.0
2018/09/27,130.0,134.5,129.0,133.0
2018/09/28,135.5,136.5,133.0,134.5
2018/10/01,137.5,140.0,136.0,140.0
2018/10/02,141.0,141.0,137.0,138.0
2018/10/03,138.0,140.0,134.0,134.5
2018/10/04,132.5,134.0,131.5,132.0
2018/10/05,125.5,127.5,119.0,119.0
2018/10/08,118.0,122.0,114.5,118.5
2018/10/09,116.0,118.5,107.0,107.0
2018/10/11,96.3,109.0,96.3,109.0
2018/10/12,111.0,119.5,109.0,119.0
2018/10/15,116.0,125.0,115.0,125.0
2018/10/16,124.5,124.5,116.5,116.5
2018/10/17,120.5,122.0,117.5,118.0
2018/10/18,118.0,119.5,115.5,116.0
2018/10/19,114.0,121.5,112.0,120.5
2018/10/22,118.0,123.0,118.0,120.0
2018/10/23,114.5,115.0,108.0,108.0
2018/10/24,97.9,105.0,97.2,97.2
2018/10/25,91.4,95.2,90.0,95.2
2018/10/26,96.2,98.0,86.8,88.0
2018/10/29,89.5,92.7,86.7,91.6
2018/10/30,91.8,93.8,89.5,90.0
2018/10/31,91.8,98.5,91.8,95.0
2018/11/01,96.0,104.5,95.1,104.5
2018/11/02,108.0,113.5,106.5,110.5
2018/11/05,108.0,121.5,108.0,121.5
2018/11/06,121.5,121.5,109.5,109.5
2018/11/07,110.5,119.5,110.5,117.0
2018/11/08,120.0,123.5,112.0,113.5
2018/11/09,111.5,115.0,108.5,113.5
2018/11/12,110.0,111.5,106.0,108.5
2018/11/13,97.7,97.7,97.7,97.7
2018/11/14,98.0,102.5,95.5,95.8
2018/11/15,96.2,97.5,93.3,97.5
2018/11/16,99.9,101.5,97.0,97.0
2018/11/19,98.0,102.0,98.0,102.0
2018/11/20,100.0,104.5,99.0,102.5
2018/11/21,101.0,105.5,100.0,105.5
2018/11/22,105.0,109.0,102.0,103.0
2018/11/23,107.5,110.5,103.5,104.0
2018/11/26,108.0,109.5,105.5,109.0
2018/11/27,109.0,119.5,108.0,119.0
2018/11/28,119.5,121.5,118.0,120.5
2018/11/29,125.0,127.0,120.0,120.0
2018/11/30,121.0,129.0,121.0,126.5
2018/12/03,131.5,138.0,130.5,137.0
2018/12/04,139.0,139.0,131.0,131.0
2018/12/05,124.5,126.0,122.0,122.5
2018/12/06,120.5,121.0,111.0,114.0
2018/12/07,118.0,120.5,116.0,116.5
2018/12/10,111.5,115.0,111.0,115.0
2018/12/11,117.0,119.0,115.5,118.0
2018/12/12,120.5,124.5,120.0,122.5
2018/12/13,124.0,125.0,119.5,121.5
2018/12/14,120.0,120.5,115.5,118.0
2018/12/17,118.5,124.0,117.0,123.5
2018/12/18,122.5,128.5,121.5,126.0
2018/12/19,128.5,130.0,124.0,124.0
2018/12/20,124.0,125.0,115.5,116.5
2018/12/21,115.5,120.0,109.5,119.5
2018/12/24,117.5,121.0,116.0,118.0
2018/12/25,114.0,122.5,113.5,121.5
2018/12/26,123.0,124.0,115.0,115.0
2018/12/27,120.5,121.5,118.5,119.0
2018/12/28,120.0,123.5,118.0,118.0
2019/01/02,119.0,121.5,118.5,121.0
2019/01/03,118.0,118.5,114.0,114.0
2019/01/04,110.5,116.0,108.5,114.0
2019/01/07,118.0,119.0,115.5,115.5
2019/01/08,117.0,120.5,116.5,116.5
2019/01/09,118.5,121.0,118.0,120.0
2019/01/10,121.5,123.5,119.0,120.0
2019/01/11,121.5,125.0,120.5,123.0
2019/01/14,124.5,126.5,123.0,124.0
2019/01/15,124.5,126.5,124.5,126.0
2019/01/16,127.0,128.5,121.0,122.0
2019/01/17,122.0,123.5,120.0,123.5
2019/01/18,125.0,126.5,123.5,126.0
2019/01/21,128.0,138.0,126.0,135.0
2019/01/22,133.0,139.5,132.5,136.5
2019/01/23,135.0,138.5,134.0,138.5
2019/01/24,139.5,142.5,137.0,142.0
2019/01/25,143.5,156.0,143.5,152.0
2019/01/28,154.0,154.5,150.0,150.0
2019/01/29,147.5,148.0,144.0,148.0
2019/01/30,151.0,151.5,147.5,149.5
2019/02/11,155.5,163.0,151.0,161.5
2019/02/12,162.0,176.5,160.0,174.0
2019/02/13,178.0,182.5,165.5,166.5
2019/02/14,167.0,170.5,157.5,158.0
2019/02/15,160.5,166.5,159.0,160.5
2019/02/18,162.5,164.5,161.0,163.0
2019/02/19,165.0,172.5,164.0,171.0
2019/02/20,173.5,176.5,167.0,168.0
2019/02/21,169.5,172.0,165.5,171.0
2019/02/22,170.0,170.0,166.5,168.0
2019/02/25,170.5,182.0,169.0,177.5
2019/02/26,180.0,186.0,175.0,175.0
2019/02/27,177.0,177.0,170.0,175.0
2019/03/04,177.0,180.5,174.0,180.0
2019/03/05,177.5,178.5,173.0,173.0
2019/03/06,172.0,175.5,169.0,172.0
2019/03/07,170.0,170.0,159.0,160.0
2019/03/08,156.0,163.5,154.0,162.5
2019/03/11,160.5,165.0,160.0,161.0
2019/03/12,165.0,166.5,162.0,162.0
2019/03/13,162.0,165.5,162.0,164.5
2019/03/14,166.0,176.5,165.5,175.0
2019/03/15,178.0,192.5,178.0,192.5
2019/03/18,199.0,206.0,197.0,197.5
2019/03/19,197.0,206.0,194.0,204.5
2019/03/20,204.0,205.0,197.0,199.5
2019/03/21,200.0,202.5,197.0,199.5
2019/03/22,205.5,210.5,200.0,200.5
2019/03/25,191.0,196.5,191.0,194.0
2019/03/26,195.0,205.0,194.5,205.0
2019/03/27,208.0,213.5,204.0,204.0
2019/03/28,205.5,212.0,204.0,211.5
2019/03/29,214.5,218.5,213.0,217.5
2019/04/01,219.0,220.0,211.0,211.0
2019/04/02,214.0,216.5,206.0,207.5
2019/04/03,207.0,209.0,203.0,205.0
2019/04/08,209.5,219.5,209.5,219.5
2019/04/09,220.0,223.5,211.0,211.0
2019/04/10,214.0,217.0,211.0,212.0
2019/04/11,217.0,220.5,211.0,211.0
2019/04/12,211.0,213.5,203.0,205.0
2019/04/15,211.0,215.0,208.0,213.0
2019/04/16,215.0,217.0,213.0,213.0
2019/04/17,219.5,220.0,216.5,219.0
2019/04/18,225.0,240.5,225.0,229.0
2019/04/19,232.5,233.5,219.0,220.0
2019/04/22,220.5,227.0,218.0,225.5
2019/04/23,226.0,229.5,219.5,229.5
2019/04/24,230.0,231.0,225.0,227.0
2019/04/25,227.0,229.5,221.5,229.5
2019/04/26,218.0,218.0,207.0,207.0
2019/04/29,200.5,204.0,188.5,204.0
2019/04/30,201.0,207.0,198.5,207.0
2019/05/02,205.0,208.5,203.0,208.0
2019/05/03,207.0,214.0,205.5,213.0
2019/05/06,197.0,205.5,197.0,201.0
2019/05/07,205.0,206.5,203.0,203.5
2019/05/08,198.5,209.0,197.0,206.0
2019/05/09,205.5,207.5,197.0,200.0
2019/05/10,201.0,204.5,197.0,204.5
2019/05/13,204.5,205.5,192.5,193.0
2019/05/14,183.5,194.0,182.0,194.0
2019/05/15,194.0,202.0,193.5,200.5
2019/05/16,197.5,197.5,180.5,181.0
2019/05/17,182.0,184.0,163.5,165.0
2019/05/20,167.0,169.0,159.0,168.5
2019/05/21,163.5,164.5,155.0,160.0
2019/05/22,168.0,174.5,162.5,163.5
2019/05/23,157.0,167.0,155.5,167.0
2019/05/24,167.0,169.0,160.0,160.5
2019/05/27,163.0,164.0,156.5,157.5
2019/05/28,158.0,162.0,156.0,159.0
2019/05/29,154.5,163.5,151.5,163.5
2019/05/30,162.0,168.0,162.0,164.5
2019/05/31,165.0,178.0,165.0,174.5
2019/06/03,172.0,177.5,168.5,176.0
2019/06/04,178.5,184.5,177.0,178.0
2019/06/05,184.0,185.0,174.5,175.5
2019/06/06,172.0,176.0,169.0,169.5
2019/06/10,173.0,181.5,171.0,180.5
2019/06/11,182.0,187.0,180.5,187.0
2019/06/12,187.0,188.5,183.0,187.0
2019/06/13,184.5,189.0,184.0,188.5
2019/06/14,184.0,186.5,173.5,176.5
2019/06/17,175.0,183.5,174.0,183.5
2019/06/18,185.0,188.0,182.0,187.5
2019/06/19,195.0,201.0,193.0,200.0
2019/06/20,200.5,201.5,198.5,200.5
2019/06/21,203.5,205.5,196.0,197.0
2019/06/24,197.0,199.5,194.0,198.5
2019/06/25,199.5,201.5,195.5,198.5
2019/06/26,199.5,202.5,195.5,195.5
2019/06/27,200.5,203.0,197.0,197.0
2019/06/28,199.0,203.5,199.0,199.0
2019/07/01,213.0,213.0,210.0,213.0
2019/07/02,214.0,219.5,212.5,218.0
2019/07/03,217.0,219.0,210.5,217.0
2019/07/04,225.5,227.0,218.0,221.0
2019/07/05,222.0,223.0,214.0,216.5
2019/07/08,214.5,218.0,212.0,218.0
2019/07/09,219.0,222.0,216.0,222.0
2019/07/10,221.5,223.5,218.5,222.0
2019/07/11,224.5,229.5,223.5,223.5
2019/07/12,224.0,225.0,219.0,220.0
2019/07/15,222.0,224.0,219.5,221.5
2019/07/16,223.0,226.0,220.5,224.0
2019/07/17,222.5,229.5,221.0,227.0
2019/07/18,228.0,229.0,223.5,227.0
2019/07/19,235.0,237.5,233.0,236.5
2019/07/22,238.5,260.0,238.0,260.0
2019/07/23,265.0,270.0,257.5,262.5
2019/07/24,267.5,276.0,266.5,276.0
2019/07/25,278.0,278.5,270.0,272.5
2019/07/26,268.5,275.5,267.5,275.0
2019/07/29,277.5,278.0,266.0,266.0
2019/07/30,269.5,272.0,259.0,272.0
2019/07/31,270.0,271.5,263.5,268.0
2019/08/01,263.0,270.5,262.5,268.0
2019/08/02,260.0,261.5,251.0,251.0
2019/08/05,249.0,257.0,248.0,250.0
2019/08/06,244.5,267.0,242.5,263.5
2019/08/07,265.5,269.0,262.0,262.0
2019/08/08,263.5,275.0,263.5,274.0
2019/08/12,275.5,278.0,265.5,265.5
2019/08/13,264.0,270.5,260.5,260.5
2019/08/14,271.0,275.5,265.0,265.5
2019/08/15,257.5,263.0,257.0,259.5
2019/08/16,262.0,267.5,260.5,262.5
2019/08/19,268.0,270.5,265.5,270.0
2019/08/20,273.0,277.5,268.5,268.5
2019/08/21,269.0,274.5,267.5,274.5
2019/08/22,276.0,278.5,266.0,266.0
2019/08/23,267.0,269.0,260.0,269.0
2019/08/26,260.0,265.0,258.5,264.5
2019/08/27,266.5,268.5,259.0,259.0
2019/08/28,261.0,261.5,250.5,253.0
2019/08/29,257.0,259.0,252.0,259.0
2019/08/30,262.0,264.5,260.0,260.5
2019/09/02,261.0,262.5,256.5,262.0
2019/09/03,263.5,270.5,262.0,262.0
2019/09/04,265.5,269.5,263.0,269.5
2019/09/05,276.0,280.0,268.0,269.0
2019/09/06,272.0,273.5,265.5,266.0
2019/09/09,268.0,270.5,262.5,264.5
2019/09/10,264.5,265.5,256.0,257.5
2019/09/11,259.5,265.5,258.0,265.0
2019/09/12,268.0,270.5,262.5,265.5
2019/09/16,263.0,264.5,260.5,264.0
2019/09/17,271.5,274.5,268.0,274.0
2019/09/18,280.0,296.0,277.5,290.5
2019/09/19,291.5,293.5,287.0,289.5
2019/09/20,291.5,294.5,285.5,291.5
2019/09/23,291.5,293.0,289.0,292.5
2019/09/24,296.0,301.0,284.0,285.0
2019/09/25,284.0,289.0,282.5,289.0
2019/09/26,294.0,295.0,284.0,284.0
2019/09/27,285.0,287.0,274.5,278.5
2019/10/01,281.0,283.0,278.5,279.0
2019/10/02,277.5,284.0,276.0,282.0
2019/10/03,277.5,288.0,277.0,287.0
2019/10/04,289.5,290.0,284.0,284.0
2019/10/07,285.5,290.5,283.5,290.5
2019/10/08,293.0,295.0,285.0,285.0
2019/10/09,285.0,293.5,282.5,284.5
2019/10/14,292.0,299.0,290.0,294.0
2019/10/15,295.0,304.0,293.0,299.0
2019/10/16,304.0,316.0,302.5,306.0
2019/10/17,306.0,314.5,303.0,314.5
2019/10/18,313.0,313.5,307.0,307.0
2019/10/21,308.0,310.0,302.5,302.5
2019/10/22,305.0,309.5,304.5,305.5
2019/10/23,305.5,314.5,305.5,313.0
2019/10/24,316.0,320.0,310.0,320.0
2019/10/25,319.5,321.0,313.5,315.0
2019/10/28,330.0,343.5,326.5,343.5
2019/10/29,343.0,343.5,321.0,330.0
2019/10/30,326.0,333.0,320.0,333.0
2019/10/31,332.0,332.0,317.5,318.0
2019/11/01,320.5,324.5,314.0,324.5
2019/11/04,330.0,330.0,323.0,323.5
2019/11/05,326.5,339.0,324.5,335.5
2019/11/06,335.5,335.5,323.0,323.0
2019/11/07,323.0,323.0,305.0,307.0
2019/11/08,308.0,314.5,303.5,312.5
2019/11/11,309.5,309.5,303.0,305.0
2019/11/12,306.0,310.5,305.0,310.0
2019/11/13,310.0,316.5,307.0,316.0
2019/11/14,319.0,319.0,312.5,318.0
2019/11/15,320.0,328.0,318.0,321.0
2019/11/18,323.0,326.5,321.5,324.0
2019/11/19,323.5,325.0,315.5,325.0
2019/11/20,324.0,324.0,308.5,308.5
2019/11/21,305.5,314.5,302.0,314.5
2019/11/22,313.5,314.5,303.5,305.5
2019/11/25,307.0,311.0,304.0,306.5
2019/11/26,309.0,315.5,307.5,311.5
2019/11/27,313.0,316.0,312.5,315.0
2019/11/28,316.0,316.5,304.5,306.0
2019/11/29,308.0,309.0,298.0,302.5
2019/12/02,303.5,305.0,281.5,298.0
2019/12/03,295.5,300.0,290.0,291.0
2019/12/04,289.5,291.5,280.0,282.0
2019/12/05,286.5,295.5,285.0,292.0
2019/12/06,293.5,296.0,288.5,290.0
2019/12/09,295.0,296.0,292.0,294.5
2019/12/10,292.0,292.0,282.0,285.0
2019/12/11,285.0,289.5,282.5,286.0
2019/12/12,289.5,299.0,288.5,298.0
2019/12/13,301.5,306.0,292.0,296.0
2019/12/16,296.0,298.5,294.5,295.5
2019/12/17,299.0,304.0,298.0,300.5
2019/12/18,300.5,301.5,296.5,301.0
2019/12/19,302.0,303.0,291.5,291.5
2019/12/20,293.0,294.0,282.0,283.0
2019/12/23,286.0,288.0,284.5,288.0
2019/12/24,290.0,295.5,289.0,293.5
2019/12/25,294.0,296.5,291.0,295.0
2019/12/26,297.0,301.5,293.5,300.0
2019/12/27,303.0,308.0,298.5,298.5
2019/12/30,300.5,302.0,296.5,297.5
2019/12/31,297.5,299.5,293.0,294.0
2020/01/02,297.0,305.0,296.0,305.0
2020/01/03,308.0,310.0,293.5,295.0
2020/01/06,290.0,291.0,285.0,285.0
2020/01/07,290.0,291.0,282.5,288.0
2020/01/08,282.0,285.0,274.5,275.0
2020/01/09,279.5,284.5,278.5,284.5
2020/01/10,284.5,286.5,277.0,286.5
2020/01/13,287.0,287.5,282.0,285.0
2020/01/14,287.0,292.5,285.0,288.0
2020/01/15,291.0,294.0,288.0,288.0
2020/01/16,283.0,286.0,278.0,284.5
2020/01/17,286.5,287.0,282.0,285.5
2020/01/20,287.5,287.5,284.0,286.0
2020/01/30,274.0,282.5,268.0,275.5
2020/01/31,278.0,283.5,273.0,282.0
2020/02/03,274.0,276.5,262.0,270.5
2020/02/04,275.0,278.5,273.5,275.0
2020/02/05,280.0,294.0,279.0,292.5
2020/02/06,295.0,297.0,290.0,295.0
2020/02/07,295.0,299.0,290.5,293.5
2020/02/10,286.0,296.0,285.0,290.5
2020/02/11,294.5,303.0,293.0,302.0
2020/02/12,304.0,320.0,302.5,316.0
2020/02/13,322.0,327.0,313.0,315.5
2020/02/14,309.0,312.5,307.0,307.0
2020/02/17,295.0,301.5,290.0,291.0
2020/02/18,291.0,293.0,280.0,280.0
2020/02/19,282.0,286.0,279.0,280.5
2020/02/20,285.0,290.0,283.5,289.5
2020/02/21,289.5,291.0,283.0,283.0
2020/02/24,278.0,285.5,276.5,285.5
2020/02/25,282.5,288.0,281.0,286.5
2020/02/26,282.0,285.5,281.0,284.0
2020/02/27,284.5,286.0,273.5,273.5
2020/03/02,265.0,279.0,263.5,272.5
2020/03/03,283.0,283.0,276.5,277.5
2020/03/04,277.0,282.5,275.5,279.5
2020/03/05,285.0,290.0,284.5,290.0
2020/03/06,287.5,289.5,285.5,288.5
2020/03/09,281.5,283.5,274.5,274.5
2020/03/10,269.5,275.5,266.0,273.5
2020/03/11,277.5,277.5,264.0,264.0
2020/03/12,259.0,259.0,238.0,238.0
2020/03/13,214.5,252.0,214.5,249.5
2020/03/16,248.0,255.0,235.5,236.0
2020/03/17,229.0,242.5,219.0,219.0
2020/03/18,228.0,228.0,217.0,217.0
2020/03/19,216.0,216.5,195.5,195.5
2020/03/20,208.0,215.0,204.0,215.0
2020/03/23,211.5,223.0,203.0,222.5
2020/03/24,232.0,244.0,231.0,242.5
2020/03/25,255.0,260.5,253.0,256.5
2020/03/26,256.5,257.5,247.0,256.0
2020/03/27,265.0,266.0,253.5,254.5
2020/03/30,250.0,261.5,245.5,260.5
2020/03/31,263.5,267.0,259.5,263.5
2020/04/01,266.5,268.5,256.5,262.0
2020/04/06,269.5,278.0,264.5,278.0
2020/04/07,286.5,289.0,278.0,278.0
2020/04/08,278.0,282.5,274.5,275.0
2020/04/09,276.5,279.5,267.5,269.0
2020/04/10,269.0,273.5,267.0,268.5
2020/04/13,265.5,268.5,262.0,263.0
2020/04/14,266.0,274.0,266.0,273.0
2020/04/15,274.0,278.0,270.5,272.0
2020/04/16,268.0,274.5,266.0,270.0
2020/04/17,276.0,284.5,269.0,274.0
2020/04/20,272.0,276.0,268.5,274.0
2020/04/21,272.0,276.5,264.0,265.5
2020/04/22,262.0,264.0,254.0,259.0
2020/04/23,261.5,264.0,255.5,260.0
2020/04/24,257.0,260.0,251.0,251.0
2020/04/27,251.0,254.5,247.0,251.5
2020/04/28,250.0,250.5,242.0,247.0
2020/04/29,251.0,264.5,250.0,261.5
2020/04/30,270.0,272.0,265.0,269.0
2020/05/04,262.0,265.0,261.0,264.0
2020/05/05,265.5,271.0,261.0,262.5
2020/05/06,263.0,268.0,261.5,262.5
2020/05/07,264.5,272.5,264.0,272.5
2020/05/08,275.5,285.0,273.5,281.5
2020/05/11,287.5,294.5,280.0,282.5
2020/05/12,283.0,284.0,272.0,274.5
2020/05/13,271.0,276.0,269.0,272.5
2020/05/14,270.0,271.5,267.0,267.0
2020/05/15,270.5,273.0,267.5,268.5
2020/05/18,257.5,260.0,248.0,248.0
2020/05/19,253.0,253.5,246.0,252.0
2020/05/20,250.0,250.5,243.5,246.0
2020/05/21,249.5,252.5,248.5,251.0
2020/05/22,249.0,250.0,234.0,239.5
2020/05/25,239.5,251.0,236.0,250.0
2020/05/26,250.0,252.5,243.5,244.0
2020/05/27,248.0,251.0,246.0,247.0
2020/05/28,249.0,250.0,245.0,247.0
2020/05/29,246.0,257.0,245.5,257.0
2020/06/01,259.5,265.0,258.0,264.0
2020/06/02,265.5,274.5,265.0,272.5
2020/06/03,279.5,281.0,273.5,277.0
2020/06/04,279.5,280.0,274.0,278.0
2020/06/05,277.0,280.5,275.5,278.0
2020/06/08,285.0,290.0,278.5,282.0
2020/06/09,284.0,286.0,280.0,282.0
2020/06/10,284.0,295.0,283.0,294.5
2020/06/11,293.5,296.5,286.5,288.5
2020/06/12,282.0,291.5,280.0,289.0
2020/06/15,294.0,297.0,283.0,283.0
2020/06/16,289.0,297.0,288.5,296.5
2020/06/17,296.5,298.0,290.5,293.5
2020/06/18,295.5,298.0,290.5,291.5
2020/06/19,293.5,301.5,292.0,297.0
2020/06/22,298.0,309.5,297.0,305.0
2020/06/23,306.5,308.0,297.0,299.0
2020/06/24,302.0,304.0,295.0,295.0
2020/06/29,294.0,298.0,289.5,291.0
2020/06/30,296.5,301.5,296.0,299.0
2020/07/01,295.5,296.5,291.0,292.5
2020/07/02,295.0,295.0,291.5,292.0
2020/07/03,294.5,296.5,290.5,293.0
2020/07/06,295.0,307.0,294.0,306.0
2020/07/07,312.0,315.5,302.5,306.0
2020/07/08,306.0,327.0,306.0,326.0
2020/07/09,331.0,334.5,326.0,326.0
2020/07/10,326.0,327.0,311.0,311.5
2020/07/13,319.0,321.0,314.0,319.0
2020/07/14,320.0,322.0,313.0,321.5
2020/07/15,325.5,327.5,310.5,311.5
2020/07/16,319.0,321.0,313.0,315.0
2020/07/17,320.5,334.0,320.0,331.0
2020/07/20,334.5,337.5,316.5,317.5
2020/07/21,320.5,332.0,320.0,330.5
2020/07/22,329.5,329.5,324.0,327.0
2020/07/23,328.0,328.0,319.5,326.0
2020/07/24,326.0,331.0,320.0,321.0
2020/07/27,326.0,339.0,326.0,339.0
2020/07/28,345.0,359.0,326.0,334.0
2020/07/29,326.5,333.0,313.0,318.5
2020/07/30,324.5,326.0,319.0,322.0
2020/07/31,323.0,323.0,313.5,317.0
2020/08/03,317.5,319.0,299.0,299.0
2020/08/04,301.0,308.0,301.0,302.0
2020/08/05,305.0,307.0,302.0,304.5
2020/08/06,308.0,309.0,301.0,302.5
2020/08/07,304.0,306.5,301.0,303.5
2020/08/10,303.5,303.5,293.5,298.0
2020/08/11,297.0,302.5,294.0,294.0
2020/08/12,294.0,303.5,286.5,303.0
2020/08/13,305.5,305.5,297.5,299.5
2020/08/14,297.5,304.0,297.0,303.0
2020/08/17,303.5,305.0,298.5,300.5
2020/08/18,295.0,297.5,279.0,284.5
2020/08/19,288.5,292.0,281.0,281.5
2020/08/20,276.5,277.5,255.0,260.0
2020/08/21,266.0,270.0,260.5,266.0
2020/08/24,267.0,276.0,266.0,275.0
2020/08/25,277.5,280.0,272.0,280.0
2020/08/26,284.5,292.0,280.5,290.5
2020/08/27,291.0,297.0,291.0,296.0
2020/08/28,292.5,295.0,289.0,291.0
2020/08/31,294.0,297.0,285.5,286.0
2020/09/01,288.5,293.0,285.0,288.5
2020/09/02,291.5,293.5,287.0,291.0
2020/09/03,294.5,295.5,286.0,287.5
2020/09/04,280.0,293.5,278.0,292.0
2020/09/07,293.5,294.5,284.0,285.5
2020/09/08,287.0,289.5,285.5,287.0
2020/09/09,283.5,289.0,281.0,287.5
2020/09/10,290.5,295.5,289.0,289.5
2020/09/11,290.0,295.0,288.0,295.0
2020/09/14,296.5,301.0,296.0,297.0
2020/09/15,299.5,302.5,298.0,298.5
2020/09/16,303.5,305.0,301.0,303.0
2020/09/17,304.5,305.5,298.5,299.5
2020/09/18,299.5,303.0,298.0,302.5
2020/09/21,303.5,306.0,297.5,299.0
2020/09/22,299.5,301.0,292.0,292.5
2020/09/23,295.5,298.0,292.0,297.5
2020/09/24,293.0,293.5,286.5,287.0
2020/09/25,289.0,290.5,275.5,278.0
2020/09/28,281.0,287.0,279.0,284.0
2020/09/29,286.5,290.5,283.0,288.5
2020/09/30,288.5,291.0,286.0,286.5
2020/10/05,289.5,291.0,287.0,288.5
2020/10/06,293.0,294.5,288.5,288.5
2020/10/07,288.5,290.5,285.0,285.0
2020/10/08,290.0,291.5,286.0,289.5
2020/10/12,292.5,312.5,292.5,310.0
2020/10/13,311.0,318.0,307.5,317.5
2020/10/14,318.5,323.0,314.0,314.5
2020/10/15,315.0,318.0,309.0,313.5
2020/10/16,315.5,317.0,306.0,309.0
2020/10/19,313.0,313.5,307.0,310.0
2020/10/20,312.5,320.0,311.0,315.5
2020/10/21,317.0,319.0,314.5,314.5
2020/10/22,314.0,316.0,308.5,310.0
2020/10/23,312.0,315.0,308.0,312.0
2020/10/26,314.5,317.0,310.0,310.5
2020/10/27,309.5,315.0,308.0,314.5
2020/10/28,316.5,322.5,311.5,319.5
2020/10/29,308.0,313.5,305.5,309.5
2020/10/30,309.5,313.0,307.0,311.0
2020/11/02,312.5,313.0,300.5,302.5
2020/11/03,305.5,308.0,303.0,306.0
2020/11/04,310.0,310.0,303.0,310.0
2020/11/05,310.0,316.0,309.0,316.0
2020/11/06,319.0,320.0,313.5,314.0
2020/11/09,319.0,324.0,318.0,321.0
2020/11/10,323.0,323.0,313.5,315.0
2020/11/11,318.5,321.0,315.0,318.5
2020/11/12,320.5,321.0,314.0,314.0
2020/11/13,315.0,318.5,313.0,318.5
2020/11/16,322.5,335.0,321.5,332.0
2020/11/17,334.0,341.0,325.0,327.0
2020/11/18,327.0,336.0,325.5,334.5
2020/11/19,334.5,341.0,331.5,336.0
2020/11/20,337.5,338.0,333.0,338.0
2020/11/23,345.5,353.0,333.0,334.5
2020/11/24,335.5,339.0,329.0,337.0
2020/11/25,338.0,339.5,329.0,329.0
2020/11/26,333.0,335.5,331.0,331.5
2020/11/27,331.5,333.5,329.5,333.0
2020/11/30,336.0,338.5,332.0,335.0
2020/12/01,336.0,337.0,331.0,336.5
2020/12/02,338.0,351.5,336.5,347.0
2020/12/03,349.5,351.5,343.0,350.0
2020/12/04,352.5,352.5,347.0,347.5
2020/12/07,350.0,350.0,336.0,340.0
2020/12/08,337.5,346.5,337.0,345.0
2020/12/09,348.0,359.5,346.0,358.0
2020/12/10,353.0,353.0,346.5,350.0
2020/12/11,350.0,350.5,333.5,339.0
2020/12/14,346.5,354.0,337.5,337.5
2020/12/15,336.0,341.0,332.0,340.5
2020/12/16,346.5,349.0,342.0,346.0
2020/12/17,345.5,347.5,341.0,341.5
2020/12/18,343.0,345.0,340.5,343.0
2020/12/21,345.0,348.0,337.5,348.0
2020/12/22,347.5,351.0,342.0,342.5
2020/12/23,343.5,349.5,341.0,348.5
2020/12/24,350.0,352.0,347.0,347.0
2020/12/25,351.0,351.0,342.5,344.0
2020/12/28,346.5,351.0,343.0,344.5
2020/12/29,348.5,350.0,345.5,345.5
2020/12/30,348.0,349.0,342.0,344.0
2020/12/31,348.0,354.0,345.0,346.0
2021/01/04,349.5,375.5,349.5,364.5
2021/01/05,367.5,373.5,363.5,369.0
2021/01/06,375.0,384.0,368.0,371.0
2021/01/07,353.0,360.0,350.0,355.0
2021/01/08,355.0,365.0,348.5,363.0
2021/01/11,364.0,399.0,360.0,394.0
2021/01/12,396.5,397.0,385.0,385.0
2021/01/13,394.0,423.5,394.0,423.5
2021/01/14,424.5,459.0,415.0,424.0
2021/01/15,434.0,439.0,417.0,419.5
2021/01/18,417.0,428.0,415.5,424.5
2021/01/19,430.0,445.0,426.5,445.0
2021/01/20,452.0,467.5,440.0,446.0
2021/01/21,457.0,463.5,452.0,458.0
2021/01/22,456.0,466.5,452.0,457.5
2021/01/25,460.0,465.0,451.0,451.0
2021/01/26,454.0,462.0,427.0,435.0
2021/01/27,436.0,444.0,425.0,435.0
2021/01/28,424.0,425.0,418.0,418.0
2021/01/29,428.0,429.0,414.0,414.0
2021/02/01,418.0,423.0,412.0,420.5
2021/02/02,426.0,442.5,426.0,434.5
2021/02/03,439.0,440.5,422.5,425.5
2021/02/04,385.5,396.5,383.0,388.0
2021/02/05,388.0,389.0,370.0,370.5
2021/02/17,380.5,388.0,375.0,379.5
2021/02/18,383.0,383.0,378.0,381.0
2021/02/19,381.0,399.5,380.0,398.0
2021/02/22,400.0,419.0,400.0,413.5
2021/02/23,415.0,417.5,404.0,406.5
2021/02/24,401.0,411.5,399.5,400.5
2021/02/25,407.0,410.0,392.0,393.0
2021/02/26,383.0,386.0,378.5,380.5
2021/03/02,384.0,387.5,371.5,371.5
2021/03/03,371.5,380.5,365.5,380.5
2021/03/04,375.0,376.0,364.0,369.0
2021/03/05,360.5,374.5,358.0,371.0
2021/03/08,375.0,384.5,374.0,380.0
2021/03/09,378.0,382.0,368.0,375.5
2021/03/10,381.0,384.5,378.0,381.0
2021/03/11,385.0,388.0,384.0,386.5
2021/03/12,393.0,401.0,393.0,393.5
2021/03/15,395.0,395.5,388.0,392.0
2021/03/16,394.5,394.5,388.0,389.5
2021/03/17,390.0,393.0,387.5,389.5
2021/03/18,392.0,393.0,384.5,384.5
2021/03/19,380.0,382.5,378.5,380.0
2021/03/22,378.5,388.0,378.0,384.0
2021/03/23,387.0,387.0,381.0,385.0
2021/03/24,384.5,390.5,382.5,384.0
2021/03/25,383.0,388.0,381.5,386.0
2021/03/26,389.0,398.0,387.0,397.0
2021/03/29,400.5,402.0,390.0,390.5
2021/03/30,392.5,396.0,387.5,395.0
2021/03/31,395.5,397.0,390.0,391.0
2021/04/01,395.0,398.0,389.0,389.5
2021/04/06,393.0,396.5,389.5,390.0
2021/04/07,392.5,394.5,382.5,384.5
2021/04/08,384.5,388.0,381.0,385.5
2021/04/09,386.5,387.5,378.5,379.0
2021/04/12,380.0,382.0,377.5,381.5
2021/04/13,380.0,381.5,375.0,375.5
2021/04/14,375.5,377.0,363.0,369.5
2021/04/15,369.5,377.0,369.0,376.5
2021/04/16,376.5,384.5,376.5,383.0
2021/04/19,383.0,383.0,377.5,379.5
2021/04/20,379.0,382.5,377.0,381.0
2021/04/21,379.0,380.0,371.0,371.5
2021/04/22,375.5,376.5,366.5,367.5
2021/04/23,367.5,372.5,366.0,372.0
2021/04/26,372.0,372.5,367.0,372.0
2021/04/27,373.0,373.0,368.5,370.5
2021/04/28,371.0,371.0,364.0,365.0
2021/04/29,364.0,374.0,363.0,366.5
2021/05/03,330.0,356.0,330.0,350.0
2021/05/04,345.0,347.0,315.5,322.0
2021/05/05,321.0,339.0,320.0,326.0
2021/05/06,325.0,329.0,321.5,326.0
2021/05/07,331.0,339.0,327.0,337.5
2021/05/10,340.0,341.0,329.5,338.5
2021/05/11,323.0,331.5,318.0,322.5
2021/05/12,320.0,335.0,300.0,328.5
2021/05/13,318.5,338.0,316.0,322.5
2021/05/14,323.5,331.0,300.0,302.5
2021/05/17,277.0,304.5,276.5,300.0
2021/05/18,305.0,317.0,298.0,314.0
2021/05/19,309.0,316.5,304.0,314.0
2021/05/20,307.0,310.0,299.0,299.0
2021/05/21,301.0,311.0,300.5,307.5
2021/05/24,304.0,314.0,303.0,312.5
2021/05/25,315.0,330.0,314.5,328.0
2021/05/26,334.0,338.0,321.0,323.0
2021/05/27,320.0,324.0,315.5,321.0
2021/05/28,324.0,329.5,322.5,326.0
2021/05/31,328.0,329.0,323.0,326.0
2021/06/01,328.0,334.0,327.0,329.0
2021/06/02,329.0,330.0,320.0,320.0
2021/06/03,322.0,329.0,322.0,327.0
2021/06/04,324.0,328.0,323.0,326.5
2021/06/07,327.5,328.0,318.0,325.0
2021/06/08,328.0,331.0,326.0,330.0
2021/06/09,332.0,336.0,330.0,332.0
2021/06/10,336.0,365.0,334.5,358.0
2021/06/11,360.5,375.5,357.5,373.5
2021/06/15,379.0,384.5,368.5,376.0
2021/06/16,377.0,380.0,363.0,364.5
2021/06/17,363.5,369.0,361.0,369.0
2021/06/18,372.5,375.0,364.0,364.0
2021/06/21,360.0,369.0,358.5,363.0
2021/06/22,365.5,374.0,365.5,368.0
2021/06/23,372.0,376.0,369.0,373.5
2021/06/24,375.0,378.0,365.0,366.0
2021/06/25,368.0,372.0,364.0,364.0
2021/06/28,370.0,380.5,365.5,380.0
2021/06/29,382.0,386.0,374.5,375.0
2021/06/30,382.5,388.0,375.0,375.0
2021/07/01,380.0,380.0,366.0,366.0
2021/07/02,369.5,376.0,363.0,374.5
2021/07/05,377.0,384.0,375.0,382.0
2021/07/06,386.0,386.0,376.0,376.0
2021/07/07,368.5,373.0,366.5,371.0
2021/07/08,371.0,375.0,367.5,370.0
2021/07/09,367.5,370.0,361.0,370.0
2021/07/12,373.0,383.0,370.5,381.0
2021/07/13,382.5,390.0,378.5,381.0
2021/07/14,385.0,395.0,380.5,395.0
2021/07/15,395.0,402.0,392.0,392.5
2021/07/16,391.0,395.0,385.0,390.0
2021/07/19,389.0,389.0,378.5,381.5
2021/07/20,379.0,385.5,372.5,375.0
2021/07/21,380.0,383.5,372.5,376.0
2021/07/22,377.5,382.0,370.0,372.5
2021/07/23,376.5,380.5,370.0,370.0
2021/07/26,369.0,370.0,361.5,363.0
2021/07/27,363.0,368.0,356.0,356.0
2021/07/28,350.5,355.0,331.5,344.5
2021/07/29,347.5,352.0,340.5,347.5
2021/07/30,335.0,360.0,335.0,346.0
2021/08/02,343.5,347.0,336.0,338.5
2021/08/03,338.0,343.5,335.0,336.5
2021/08/04,337.5,342.5,337.0,337.0
2021/08/05,339.0,350.5,338.0,350.0
2021/08/06,350.0,356.0,345.0,348.5
2021/08/09,349.0,349.0,338.0,338.0
2021/08/10,341.5,343.0,336.0,337.0
2021/08/11,338.0,342.0,334.0,335.5
2021/08/12,339.5,346.5,337.0,343.5
2021/08/13,345.5,346.0,331.0,331.5
2021/08/16,329.5,334.0,319.0,321.0
2021/08/17,325.0,328.5,319.0,319.5
2021/08/18,313.5,329.0,313.5,328.0
2021/08/19,324.0,332.0,321.0,324.5
2021/08/20,323.0,326.0,308.0,310.0
2021/08/23,314.0,325.0,313.0,321.0
2021/08/24,322.0,328.0,318.0,319.5
2021/08/25,321.5,328.0,319.0,328.0
2021/08/26,328.0,331.0,322.5,326.0
2021/08/27,326.0,329.5,324.0,325.0
2021/08/30,329.0,329.0,325.5,327.5
2021/08/31,334.0,336.5,326.5,330.5
2021/09/01,328.0,345.0,328.0,344.0
2021/09/02,344.5,347.5,339.0,340.0
2021/09/03,350.0,354.5,346.5,351.0
2021/09/06,354.0,363.0,353.0,355.0
2021/09/07,356.0,356.0,338.0,339.0
2021/09/08,339.0,341.0,326.0,326.5
2021/09/09,325.5,331.0,323.0,327.5
2021/09/10,329.0,334.0,328.5,334.0
2021/09/13,330.0,330.5,319.0,319.0
2021/09/14,320.0,323.0,318.5,320.5
2021/09/15,322.5,322.5,316.0,316.0
2021/09/16,318.0,319.5,315.5,317.0
2021/09/17,319.0,326.5,318.5,323.5
2021/09/22,318.0,320.5,315.5,319.5
2021/09/23,323.5,323.5,318.0,319.5
2021/09/24,321.5,322.5,319.0,319.5
2021/09/27,319.5,328.5,319.0,323.5
2021/09/28,320.5,320.5,313.0,314.5
2021/09/29,308.0,308.5,299.0,301.5
2021/09/30,304.0,312.0,301.0,310.0
2021/10/01,307.0,308.0,302.0,303.5
2021/10/04,308.0,308.0,295.5,297.0
2021/10/05,293.0,302.5,290.5,299.5
2021/10/06,302.5,305.0,298.0,301.0
2021/10/07,306.5,314.0,305.0,311.5
2021/10/08,310.0,313.0,305.5,305.5
2021/10/12,304.0,309.0,301.0,305.5
2021/10/13,310.0,310.0,295.0,295.5
2021/10/14,301.0,303.5,298.0,298.5
2021/10/15,305.0,306.0,303.0,304.0
2021/10/18,308.0,308.0,300.0,300.0
2021/10/19,302.0,304.5,300.0,300.0
2021/10/20,301.5,306.0,301.5,302.0
2021/10/21,302.5,307.0,300.5,300.5
2021/10/22,304.0,306.0,300.5,305.0
2021/10/25,305.0,305.5,298.5,300.0
2021/10/26,305.0,311.5,305.0,305.0
2021/10/27,309.0,330.0,306.5,329.0
2021/10/28,329.0,334.0,324.0,325.0
2021/10/29,350.0,357.5,342.0,357.5
2021/11/01,357.5,361.0,351.0,358.5
2021/11/02,363.5,364.5,343.0,346.5
2021/11/03,354.0,360.5,351.0,358.0
2021/11/04,363.0,366.0,348.0,354.0
2021/11/05,356.5,357.0,346.5,356.0
2021/11/08,360.0,361.0,343.5,347.0
2021/11/09,348.5,354.0,348.0,349.0
2021/11/10,347.0,352.5,347.0,350.5
2021/11/11,350.5,354.0,348.0,348.0
2021/11/12,353.5,354.5,349.5,349.5
2021/11/15,354.0,358.0,352.0,352.0
2021/11/16,356.0,364.0,355.0,357.5
2021/11/17,361.0,370.0,357.0,361.0
2021/11/18,361.0,363.0,349.0,352.5
2021/11/19,354.5,358.5,349.0,351.5
2021/11/22,352.0,360.0,352.0,356.0
2021/11/23,356.0,361.5,353.0,353.5
2021/11/24,357.0,363.0,353.0,356.0
2021/11/25,361.5,362.0,351.0,351.0
2021/11/26,350.0,353.0,339.0,340.5
2021/11/29,360.0,369.5,353.0,364.5
2021/11/30,369.0,371.5,362.0,362.5
2021/12/01,360.5,365.0,354.0,358.0
2021/12/02,354.5,356.0,345.5,352.0
2021/12/03,355.0,358.0,351.5,355.5
2021/12/06,356.0,357.5,352.0,355.0
2021/12/07,359.0,362.0,357.0,362.0
2021/12/08,367.5,368.0,358.5,362.0
2021/12/09,364.5,378.0,360.0,377.0
2021/12/10,374.0,375.5,368.0,374.0
2021/12/13,380.0,392.0,376.0,382.5
2021/12/14,384.5,388.0,377.5,385.0
2021/12/15,390.0,394.5,379.0,380.5
2021/12/16,388.5,390.0,380.5,383.0
2021/12/17,379.5,381.0,373.5,376.0
2021/12/20,376.5,378.0,365.0,367.0
2021/12/21,367.0,381.0,366.5,380.0
2021/12/22,381.5,381.5,374.5,376.0
2021/12/23,379.0,381.0,371.0,372.5
2021/12/24,377.0,380.0,370.0,370.0
2021/12/27,370.0,374.0,369.5,371.0
2021/12/28,376.0,376.0,371.0,371.5
2021/12/29,371.5,373.5,370.5,371.0
2021/12/30,372.0,377.5,372.0,374.5
2022/01/03,378.5,379.0,371.0,372.0
2022/01/04,374.5,379.5,372.5,379.5
2022/01/05,380.5,387.5,377.5,385.5
2022/01/06,382.0,384.0,372.0,375.0
2022/01/07,375.0,375.0,355.0,355.0
2022/01/10,352.0,354.5,345.0,354.5
2022/01/11,352.5,352.5,342.0,343.0
2022/01/12,345.0,345.0,328.0,337.0
2022/01/13,338.5,340.0,334.0,336.0
2022/01/14,334.0,338.0,328.5,331.0
2022/01/17,333.5,342.0,331.5,340.5
2022/01/18,341.0,349.0,341.0,344.5
2022/01/19,342.0,343.0,332.5,333.0
2022/01/20,332.0,342.0,331.5,340.0
2022/01/21,337.5,342.0,334.0,338.5
2022/01/24,338.5,345.0,330.0,343.5
2022/01/25,342.0,346.5,335.0,336.0
2022/01/26,332.5,338.0,330.5,335.5
2022/02/07,341.0,341.0,332.0,335.5
2022/02/08,342.0,346.0,339.0,343.0
2022/02/09,343.5,344.5,334.0,344.0
2022/02/10,342.0,342.5,335.5,341.0
2022/02/11,334.5,336.5,318.5,320.0
2022/02/14,300.0,318.0,299.5,312.5
2022/02/15,310.0,312.5,306.5,308.0
2022/02/16,312.5,317.0,312.5,316.0
2022/02/17,316.0,321.0,314.0,318.0
2022/02/18,311.0,317.0,311.0,316.0
2022/02/21,316.0,323.0,311.0,321.0
2022/02/22,317.0,318.0,306.5,310.0
2022/02/23,310.5,312.0,307.5,310.5
2022/02/24,306.5,307.5,302.0,302.5
2022/02/25,305.0,307.5,302.0,302.0
2022/03/01,306.0,308.0,305.0,308.0
2022/03/02,307.0,311.0,305.5,309.5
2022/03/03,312.0,316.0,308.5,310.5
2022/03/04,306.0,308.0,302.0,303.0
2022/03/07,300.0,300.0,291.0,292.5
2022/03/08,284.0,298.0,282.0,286.0
2022/03/09,288.0,291.0,284.0,286.5
2022/03/10,293.0,297.5,293.0,295.5
2022/03/11,295.0,295.0,288.0,290.5
2022/03/14,292.0,292.0,286.0,289.0
2022/03/15,291.0,294.5,284.0,285.5
2022/03/16,288.5,289.0,283.5,287.0
2022/03/17,297.0,298.0,292.5,296.5
2022/03/18,298.5,298.5,289.0,292.5
2022/03/21,292.5,294.5,291.5,291.5
2022/03/22,293.0,294.5,291.5,292.5
2022/03/23,293.5,294.5,292.5,292.5
2022/03/24,291.5,294.0,287.0,293.0
2022/03/25,282.5,289.5,280.0,280.5
2022/03/28,275.0,277.5,271.0,276.5
2022/03/29,277.5,282.5,277.0,282.0
2022/03/30,270.0,272.5,265.0,271.5
2022/03/31,269.0,269.0,265.0,266.0
2022/04/01,260.0,263.0,255.0,263.0
2022/04/06,260.0,262.0,256.0,258.0
2022/04/07,254.5,255.0,243.0,243.0
2022/04/08,245.0,247.5,238.5,240.5
2022/04/11,240.5,241.0,231.0,233.0
2022/04/12,229.0,236.5,229.0,231.0
2022/04/13,235.0,239.5,234.0,237.5
2022/04/14,239.5,239.5,230.0,230.0
2022/04/15,227.0,232.0,226.0,230.0
2022/04/18,226.5,229.0,225.0,226.0
2022/04/19,233.5,237.0,226.0,228.5
2022/04/20,231.0,232.0,225.0,228.0
2022/04/21,230.0,233.0,229.0,233.0
2022/04/22,230.0,231.0,226.0,226.0
2022/04/25,221.0,224.0,220.5,221.5
2022/04/26,223.0,223.0,213.5,217.0
2022/04/27,206.0,215.5,205.5,214.0
2022/04/28,214.5,216.0,208.5,211.0
2022/04/29,205.0,208.5,193.5,195.5
2022/05/03,194.0,199.0,190.5,195.0
2022/05/04,199.5,200.0,191.0,193.5
2022/05/05,197.0,199.5,195.0,198.5
2022/05/06,193.0,198.5,191.0,198.5
2022/05/09,195.0,197.5,193.0,193.5
2022/05/10,190.0,194.0,188.5,193.5
2022/05/11,195.0,196.5,194.0,194.0
2022/05/12,192.5,194.5,189.0,189.0
2022/05/13,193.0,198.0,190.5,198.0
2022/05/16,200.5,201.5,193.5,196.5
2022/05/17,198.5,205.5,197.5,205.0
2022/05/18,207.0,210.0,203.0,205.5
2022/05/19,196.5,200.0,195.5,198.5
2022/05/20,198.0,200.0,196.5,200.0
2022/05/23,200.0,202.0,197.0,200.5
2022/05/24,200.0,200.0,192.0,192.0
2022/05/25,193.0,197.0,192.0,195.5
2022/05/26,198.0,203.5,197.0,199.0
2022/05/27,205.0,218.5,203.0,217.0
2022/05/30,222.5,223.5,212.0,218.0
2022/05/31,218.0,232.5,216.0,225.0
2022/06/01,224.5,232.5,222.5,227.0
2022/06/02,225.5,228.0,220.0,221.0
2022/06/06,230.5,237.5,227.0,234.0
2022/06/07,231.5,232.0,227.5,228.0
2022/06/08,229.0,229.5,222.5,223.0
2022/06/09,221.5,227.0,221.0,225.0
2022/06/10,221.0,228.0,220.5,228.0
2022/06/13,221.5,222.5,215.0,215.0
2022/06/14,211.0,218.5,208.0,218.0
2022/06/15,216.5,219.5,215.0,218.5
2022/06/16,222.0,223.5,212.0,212.0
2022/06/17,209.0,211.5,202.0,203.0
2022/06/20,203.0,206.0,200.0,203.0
2022/06/21,205.5,212.0,204.0,211.0
2022/06/22,211.0,211.0,199.0,199.5
2022/06/23,202.5,203.0,196.5,200.5
2022/06/24,202.5,207.5,201.0,204.0
2022/06/27,207.5,215.0,207.5,209.0
2022/06/28,209.0,209.5,200.0,201.0
2022/06/29,198.0,204.0,196.0,201.0
2022/06/30,198.0,198.0,192.0,192.5
2022/07/01,194.5,196.0,185.5,185.5
2022/07/04,186.0,188.0,172.0,173.5
2022/07/05,177.0,179.5,171.5,178.0
2022/07/06,175.5,177.0,161.5,161.5
2022/07/07,156.0,164.0,154.5,162.0
2022/07/08,164.5,175.0,164.5,171.5
2022/07/11,173.0,174.0,168.0,169.5
2022/07/12,165.0,167.5,157.0,165.0
2022/07/13,171.0,173.5,166.0,166.5
2022/07/14,164.5,175.0,162.0,174.5
2022/07/15,174.5,178.0,171.0,176.0
2022/07/18,176.0,178.5,174.5,178.0
2022/07/19,176.5,181.0,173.0,179.0
2022/07/20,182.5,183.5,180.0,181.0
2022/07/21,184.0,191.5,181.5,188.5
2022/07/22,188.5,190.0,184.5,185.0
2022/07/25,181.0,182.5,175.5,179.5
2022/07/26,176.0,177.0,166.5,168.5
2022/07/27,152.0,154.5,152.0,153.0
2022/07/28,154.0,158.0,150.5,157.0
2022/07/29,157.0,159.5,152.0,159.0
2022/08/01,158.0,159.0,154.0,158.5
2022/08/02,155.5,158.0,153.0,158.0
2022/08/03,156.0,158.0,154.5,157.0
2022/08/04,157.0,161.0,155.5,161.0
2022/08/05,161.0,165.0,160.0,165.0
2022/08/08,161.0,167.5,160.0,167.0
2022/08/09,166.0,166.5,162.5,164.0
2022/08/10,161.0,163.5,161.0,162.0
2022/08/11,166.5,171.0,164.0,167.5
2022/08/12,168.0,173.5,167.5,173.5
2022/08/15,175.5,177.0,173.0,176.5
2022/08/16,177.0,179.5,173.0,174.0
2022/08/17,174.5,177.0,173.5,176.5
2022/08/18,174.5,174.5,170.0,170.0
2022/08/19,173.0,175.5,170.5,174.0
2022/08/22,171.0,174.5,168.5,170.0
2022/08/23,167.0,171.5,166.5,170.5
2022/08/24,170.5,171.0,166.0,166.0
2022/08/25,168.5,170.5,167.0,167.5
2022/08/26,170.5,174.5,168.5,169.5
2022/08/29,162.5,164.0,160.0,160.5
2022/08/30,161.0,164.5,160.0,162.5
2022/08/31,161.0,178.5,161.0,178.5
2022/09/01,175.5,176.5,166.5,167.0
2022/09/02,168.5,168.5,162.0,165.0
2022/09/05,166.5,167.0,159.5,161.0
2022/09/06,163.0,165.0,160.0,160.5
2022/09/07,159.0,160.5,155.0,159.0
2022/09/08,162.5,163.5,159.5,163.0
2022/09/12,166.5,169.5,165.0,166.0
2022/09/13,168.0,169.0,164.0,165.5
2022/09/14,161.0,163.5,159.0,162.5
2022/09/15,163.5,167.0,161.0,163.5
2022/09/16,162.5,163.0,159.5,159.5
2022/09/19,160.0,160.0,158.0,158.5
2022/09/20,160.0,160.5,155.0,156.5
2022/09/21,156.0,157.0,153.0,155.0
2022/09/22,152.5,152.5,144.0,146.0
2022/09/23,143.0,146.0,139.5,144.0
2022/09/26,141.5,141.5,135.0,135.5
2022/09/27,136.5,137.5,133.0,136.0
2022/09/28,135.5,135.5,126.0,126.0
2022/09/29,130.0,132.5,121.5,123.0
2022/09/30,119.0,124.5,117.0,123.5
2022/10/03,121.5,126.0,120.0,123.5
2022/10/04,126.5,129.5,126.5,127.5
2022/10/05,131.5,140.0,129.0,140.0
2022/10/06,134.0,136.5,129.0,131.5
2022/10/07,130.0,132.5,125.5,127.0
2022/10/11,123.5,125.5,119.0,119.0
2022/10/12,120.5,124.5,117.5,122.0
2022/10/13,122.0,125.5,120.5,123.0
2022/10/14,128.0,130.0,126.0,128.5
2022/10/17,126.0,131.5,124.0,131.5
2022/10/18,135.0,135.0,125.0,128.0
2022/10/19,129.0,131.0,127.0,127.0
2022/10/20,124.0,127.0,121.5,123.0
2022/10/21,123.0,126.5,120.0,121.5
2022/10/24,125.0,131.0,123.0,125.0
2022/10/25,125.0,126.0,114.0,115.0
2022/10/26,115.0,116.5,112.0,115.0
2022/10/27,115.0,118.5,114.0,117.0
2022/10/28,114.0,116.0,107.5,114.0
2022/10/31,115.0,124.0,111.0,122.0
2022/11/01,121.0,128.5,120.0,124.0
2022/11/02,123.0,128.0,122.5,126.5
2022/11/03,123.0,129.5,122.5,129.5
2022/11/04,129.5,130.5,124.5,128.5
2022/11/07,130.0,135.0,127.0,133.0
2022/11/08,134.5,138.0,132.0,134.0
2022/11/09,135.5,142.0,134.0,141.0
2022/11/10,139.0,142.5,137.0,142.0
2022/11/11,152.0,156.0,143.5,146.5
2022/11/14,147.0,154.5,147.0,152.0
2022/11/15,151.5,154.5,149.5,154.5
2022/11/16,156.0,157.0,150.0,156.0
2022/11/17,154.5,159.0,153.0,158.0
2022/11/18,158.0,160.5,154.5,156.0
2022/11/21,155.5,157.5,152.0,152.5
2022/11/22,151.5,153.5,149.0,153.5
2022/11/23,155.0,158.0,152.5,157.0
2022/11/24,159.0,167.5,157.5,162.5
2022/11/25,162.5,163.5,158.0,158.5
2022/11/28,157.0,161.0,156.0,159.5
2022/11/29,158.0,159.0,154.0,155.0
2022/11/30,154.5,157.0,154.0,156.0
2022/12/01,159.5,164.0,159.5,162.5
2022/12/02,161.5,168.5,161.0,164.5
2022/12/05,166.0,169.5,163.0,163.0
2022/12/06,162.0,164.5,156.5,157.5
2022/12/07,157.5,159.5,151.0,151.5
2022/12/08,151.5,152.5,148.5,150.5
2022/12/09,153.0,154.0,149.5,149.5
2022/12/12,147.5,152.0,145.5,150.5
2022/12/13,152.0,155.5,148.0,148.5
2022/12/14,151.5,154.5,149.5,154.0
2022/12/15,154.0,155.0,152.0,152.0
2022/12/16,148.5,149.5,145.0,146.0
2022/12/19,145.0,149.0,145.0,146.5
2022/12/20,145.5,148.0,137.0,137.0
2022/12/21,141.0,141.0,136.0,136.0
2022/12/22,139.0,140.5,137.0,137.5
2022/12/23,134.5,139.5,133.0,138.0
2022/12/26,138.5,139.5,135.5,135.5
2022/12/27,137.0,142.5,137.0,140.0
2022/12/28,140.0,142.5,139.0,140.0
2022/12/29,137.0,142.0,134.5,141.5
2022/12/30,143.0,144.0,136.5,136.5
2023/01/03,137.5,143.5,137.5,143.0
2023/01/04,142.5,146.0,142.0,143.0
2023/01/05,145.0,152.5,144.5,146.0
2023/01/06,146.0,155.0,143.5,155.0
2023/01/09,160.5,170.5,158.0,170.5
2023/01/10,174.0,176.5,170.5,176.0
2023/01/11,176.5,186.5,174.0,183.0
2023/01/12,184.0,184.0,177.0,183.5
2023/01/13,181.5,182.5,170.0,170.5
2023/01/16,170.5,179.0,169.0,179.0
2023/01/17,175.5,180.0,174.0,180.0
2023/01/30,185.0,196.0,185.0,194.0
2023/01/31,192.5,193.0,189.5,192.0
2023/02/01,194.5,195.0,185.5,191.5
2023/02/02,192.0,194.0,187.5,187.5
2023/02/03,188.0,192.0,182.0,183.0
2023/02/06,180.5,183.0,176.0,176.0
2023/02/07,173.0,175.0,170.5,173.0
2023/02/08,175.0,177.5,172.0,175.5
2023/02/09,175.5,175.5,172.0,172.5
2023/02/10,162.5,173.0,160.0,171.0
2023/02/13,168.5,173.0,166.0,169.0
2023/02/14,168.5,172.0,168.5,170.5
2023/02/15,169.5,176.5,169.5,173.0
2023/02/16,173.0,174.0,170.0,171.0
2023/02/17,169.5,175.0,169.0,173.0
2023/02/20,174.0,178.5,174.0,178.0
2023/02/21,179.0,182.5,176.0,177.0
2023/02/22,175.0,176.0,171.0,172.0
2023/02/23,174.0,176.0,172.0,174.5
2023/02/24,176.0,176.5,170.0,170.0
2023/03/01,164.0,167.5,163.5,166.5
2023/03/02,166.0,168.0,165.0,167.0
2023/03/03,168.5,170.5,166.5,167.0
2023/03/06,169.5,176.0,169.0,175.5
2023/03/07,175.5,177.5,173.0,173.0
2023/03/08,172.0,177.5,171.5,176.5
2023/03/09,177.5,178.0,173.5,174.0
2023/03/10,170.0,172.0,164.0,164.5
2023/03/13,163.5,166.5,161.5,165.0
2023/03/14,163.0,165.0,162.0,162.5
2023/03/15,166.0,168.5,165.0,165.5
2023/03/16,164.0,167.5,163.5,165.5
2023/03/17,168.0,169.0,165.0,168.0
2023/03/20,170.0,174.0,169.5,171.0
2023/03/21,173.5,174.5,169.0,172.0
2023/03/22,174.0,174.0,171.0,171.5
2023/03/23,172.5,174.5,172.0,173.5
2023/03/24,173.5,181.0,173.0,179.5
2023/03/27,180.5,185.5,176.0,181.0
2023/03/28,181.5,187.0,177.5,186.0
2023/03/29,188.0,188.5,178.5,178.5
2023/03/30,179.5,181.5,177.0,181.5
2023/03/31,180.5,183.0,179.5,182.5
2023/04/06,182.5,186.0,181.0,184.5
2023/04/07,184.5,185.5,182.0,182.0
2023/04/10,179.5,185.0,179.5,185.0
2023/04/11,185.0,187.0,183.0,184.5
2023/04/12,185.0,185.5,183.0,183.5
2023/04/13,183.5,185.5,181.5,182.0
2023/04/14,183.0,183.5,180.5,183.0
2023/04/17,183.0,186.0,182.5,185.5
2023/04/18,186.5,188.5,182.0,182.0
2023/04/19,182.5,182.5,176.0,176.0
2023/04/20,175.5,178.0,173.0,173.0
2023/04/21,173.0,174.5,169.0,169.0
2023/04/24,168.0,172.5,168.0,170.5
2023/04/25,170.5,171.0,163.5,165.0
2023/04/26,163.5,164.0,158.0,160.0
2023/04/27,160.0,162.5,154.0,160.0
2023/04/28,160.5,167.0,156.0,163.5
2023/05/02,164.0,169.5,162.5,167.5
2023/05/03,165.5,167.0,163.5,163.5
2023/05/04,163.0,165.5,162.5,165.0
2023/05/05,164.5,167.0,164.0,165.0
2023/05/08,168.0,168.5,165.5,166.5
2023/05/09,166.5,168.0,164.0,166.0
2023/05/10,166.0,166.5,162.5,163.0
2023/05/11,163.5,164.5,157.0,157.0
2023/05/12,156.5,160.5,156.0,159.0
2023/05/15,153.0,153.0,143.5,144.0
2023/05/16,144.0,148.5,143.5,148.0
2023/05/17,147.5,151.5,146.5,151.5
2023/05/18,153.0,153.5,149.0,150.5
2023/05/19,151.0,152.0,148.0,151.5
2023/05/22,155.0,155.0,147.0,150.0
2023/05/23,150.5,157.0,150.5,156.5
2023/05/24,155.0,155.5,152.0,153.0
2023/05/25,153.0,156.5,152.0,152.5
2023/05/26,153.5,157.0,153.5,155.0
2023/05/29,157.5,161.0,157.0,159.0
2023/05/30,159.0,160.0,156.0,159.0
2023/05/31,158.0,161.5,157.5,159.5
2023/06/01,159.0,160.0,157.0,158.0
2023/06/02,159.5,161.0,158.0,160.0
2023/06/05,163.5,165.0,162.0,164.0
2023/06/06,165.0,165.5,160.0,161.0
2023/06/07,165.0,177.0,164.5,177.0
2023/06/08,176.0,179.0,173.5,175.0
2023/06/09,177.0,177.0,171.0,175.5
2023/06/12,174.5,182.5,173.5,177.0
2023/06/13,179.5,182.5,176.0,176.0
2023/06/14,177.0,182.0,176.0,180.0
2023/06/15,181.5,184.5,180.0,181.5
2023/06/16,183.0,183.0,178.5,179.5
2023/06/19,178.5,180.0,177.5,178.0
2023/06/20,178.5,178.5,173.5,173.5
2023/06/21,172.5,173.5,169.5,170.0
2023/06/26,170.5,171.0,165.0,165.5
2023/06/27,166.0,170.5,164.0,166.0
2023/06/28,168.0,168.5,166.5,167.0
2023/06/29,166.0,168.0,164.0,165.0
2023/06/30,165.0,166.5,163.5,164.0
2023/07/03,165.5,166.0,163.5,164.0
2023/07/04,164.0,170.0,162.5,168.0
2023/07/05,168.0,173.0,167.0,167.0
2023/07/06,168.0,180.0,168.0,171.5
2023/07/07,170.5,170.5,163.5,167.5
2023/07/10,168.0,172.0,165.5,167.0
2023/07/11,169.0,171.5,166.5,170.5
2023/07/12,172.0,174.0,170.0,170.5
2023/07/13,174.0,178.0,171.5,173.5
2023/07/14,176.0,178.0,174.0,176.5
2023/07/17,177.0,177.5,171.5,173.5
2023/07/18,174.5,176.0,171.0,174.5
2023/07/19,177.0,184.5,171.5,171.5
2023/07/20,173.5,182.0,172.5,177.5
2023/07/21,175.0,180.5,175.0,178.0
2023/07/24,183.0,184.0,172.0,172.5
2023/07/25,173.0,175.0,168.0,168.0
2023/07/26,168.0,168.0,161.5,162.5
2023/07/27,164.0,169.0,163.0,166.0
2023/07/28,166.5,170.0,163.5,166.5
2023/07/31,169.0,169.5,163.0,164.0
2023/08/01,155.0,158.0,149.0,150.0
2023/08/02,148.5,154.0,148.5,153.0
2023/08/04,150.0,157.0,150.0,154.5
2023/08/07,154.5,156.0,151.5,152.0
2023/08/08,151.5,152.0,149.0,151.0
2023/08/09,150.5,153.0,150.0,151.5
2023/08/10,150.5,151.0,148.0,150.5
2023/08/11,144.0,147.0,142.0,143.5
2023/08/14,141.0,141.5,137.0,138.5
2023/08/15,139.0,140.0,135.0,135.0
2023/08/16,132.0,137.5,131.0,135.5
2023/08/17,133.0,133.0,129.0,130.0
2023/08/18,131.0,133.5,130.5,132.0
2023/08/21,133.0,133.5,128.5,129.0
2023/08/22,130.0,131.0,128.0,128.5
2023/08/23,128.5,129.5,126.5,128.5
2023/08/24,130.5,131.5,127.5,129.5
2023/08/25,128.5,129.5,126.0,128.0
2023/08/28,129.0,132.0,128.5,129.5
2023/08/29,130.0,132.0,129.0,131.0
2023/08/30,132.0,137.0,132.0,134.0
2023/08/31,133.5,136.5,132.0,136.0
2023/09/01,137.0,146.0,135.5,140.5
2023/09/04,141.0,146.0,139.0,144.0
2023/09/05,144.0,146.0,141.0,143.0
2023/09/06,144.0,145.0,142.0,143.5
2023/09/07,145.5,148.0,141.5,143.0
2023/09/08,143.0,143.0,138.0,138.0
2023/09/11,139.5,143.0,136.5,137.5
2023/09/12,138.0,141.0,137.5,139.5
2023/09/13,140.0,141.0,138.0,139.0
2023/09/14,141.0,142.5,140.0,142.5
2023/09/15,142.0,148.0,141.5,145.5
2023/09/18,146.5,148.0,143.5,144.0
2023/09/19,145.0,145.5,140.0,140.0
2023/09/20,142.0,143.5,139.5,139.5
2023/09/21,138.5,139.5,135.0,135.0
2023/09/22,134.0,137.5,132.5,136.0
2023/09/25,136.5,137.0,135.0,135.5
2023/09/26,135.0,136.0,132.0,132.0
2023/09/27,130.5,133.0,129.5,130.5
2023/09/28,130.5,131.0,128.0,129.0
2023/10/02,131.0,135.0,130.0,134.5
2023/10/03,135.0,136.0,132.5,132.5
2023/10/04,131.0,135.0,131.0,134.5
2023/10/05,133.5,135.5,133.5,135.0
2023/10/06,136.5,138.0,134.5,134.5
2023/10/11,136.5,137.0,132.5,133.0
2023/10/12,134.0,135.0,133.0,134.5
2023/10/13,135.0,137.0,132.5,137.0
2023/10/16,137.0,140.5,135.0,138.0
2023/10/17,140.0,141.5,138.5,139.0
2023/10/18,139.0,139.5,134.0,134.0
2023/10/19,133.0,133.5,129.0,130.5
2023/10/20,129.5,130.0,125.5,126.5
2023/10/23,125.5,128.0,123.5,125.5
2023/10/24,126.0,127.5,124.5,127.0
2023/10/25,128.0,129.5,127.0,127.5
2023/10/26,125.5,125.5,121.0,121.0
2023/10/27,122.0,129.0,122.0,127.5
2023/10/30,140.0,140.0,140.0,140.0
2023/10/31,142.0,152.5,139.0,145.0
2023/11/01,148.0,150.0,146.0,147.0
2023/11/02,147.5,150.0,144.0,149.5
2023/11/03,151.5,156.5,150.0,150.5
2023/11/06,154.0,156.0,152.5,155.0
2023/11/07,158.0,158.0,152.5,153.0
2023/11/08,153.5,155.0,152.0,152.0
2023/11/09,153.0,156.0,151.5,154.5
2023/11/10,155.0,157.0,151.5,156.5
2023/11/13,158.5,159.0,150.5,152.0
2023/11/14,153.0,155.0,150.0,154.0
2023/11/15,155.0,156.5,154.0,154.5
2023/11/16,155.5,156.5,153.0,153.5
2023/11/17,154.5,155.0,151.0,152.5
2023/11/20,153.0,156.0,151.5,152.0
2023/11/21,153.0,153.5,151.0,153.0
2023/11/22,153.5,154.5,150.5,151.5
2023/11/23,153.5,162.0,152.0,159.0
2023/11/24,161.0,170.0,157.0,167.0
2023/11/27,167.0,167.5,155.0,157.0
2023/11/28,158.5,164.0,157.0,163.5
2023/11/29,163.5,169.5,163.5,168.0
2023/11/30,168.5,173.5,166.0,172.0
2023/12/01,171.0,172.0,167.5,167.5
2023/12/04,172.0,177.5,168.0,169.5
2023/12/05,170.0,174.5,166.5,171.5
2023/12/06,172.0,173.0,168.5,170.0
2023/12/07,170.5,171.5,165.5,166.0
2023/12/08,168.0,170.0,167.0,167.5
2023/12/11,168.5,169.0,165.5,166.0
2023/12/12,168.0,169.0,166.5,167.0
2023/12/13,167.5,167.5,165.0,167.0
2023/12/14,169.0,171.0,168.0,169.0
2023/12/15,171.0,172.0,168.0,170.0
2023/12/18,169.5,169.5,161.5,161.5
2023/12/19,160.5,161.0,153.0,153.5
2023/12/20,153.0,156.0,152.5,153.5
2023/12/21,152.0,154.5,150.0,152.0
2023/12/22,152.5,156.0,152.5,154.5
2023/12/25,155.0,159.0,155.0,157.5
2023/12/26,158.0,159.0,156.5,158.5
2023/12/27,159.5,160.5,157.5,159.5
2023/12/28,160.0,160.0,156.5,157.5
2023/12/29,157.5,159.5,157.5,159.0
2024/01/02,159.0,159.0,156.0,156.0
2024/01/03,154.0,154.0,148.0,148.0
2024/01/04,148.0,150.5,144.0,146.0
2024/01/05,147.5,149.0,146.5,148.0
2024/01/08,149.0,154.0,149.0,149.5
2024/01/09,151.5,152.5,148.0,149.0
2024/01/10,148.5,149.5,147.0,148.0
2024/01/11,148.5,152.0,146.5,150.5
2024/01/12,149.5,152.0,149.0,151.0
2024/01/15,151.0,152.0,149.5,151.0
2024/01/16,150.0,153.0,149.5,152.5
2024/01/17,152.0,153.0,146.0,146.0
2024/01/18,146.0,148.0,144.5,145.5
2024/01/19,147.5,151.5,147.5,150.5
2024/01/22,152.0,152.0,149.0,151.0
2024/01/23,151.5,151.5,149.5,151.0
2024/01/24,150.5,155.5,150.5,154.5
2024/01/25,154.0,155.0,151.0,151.0
2024/01/26,150.5,155.5,150.5,154.5
2024/01/29,155.0,158.0,154.0,155.5
2024/01/30,155.0,157.0,152.0,156.0
2024/01/31,153.5,159.0,153.5,155.0
2024/02/01,156.0,156.0,152.5,152.5
2024/02/02,155.0,158.5,153.0,158.5
2024/02/05,159.5,162.0,157.5,159.5
2024/02/15,160.5,161.0,155.5,156.0
2024/02/16,158.0,158.0,156.5,157.5
2024/02/19,159.5,166.0,158.0,160.5
2024/02/20,160.5,163.0,159.0,161.0
2024/02/21,161.5,164.5,160.0,161.0
2024/02/22,163.0,163.5,160.5,162.5
2024/02/23,162.5,163.5,158.0,158.0
2024/02/26,158.0,159.5,155.5,157.0
2024/02/27,157.0,158.0,152.0,152.0
2024/02/29,153.0,154.5,151.0,152.0
2024/03/01,152.5,156.5,152.5,155.5
2024/03/04,156.5,158.0,155.5,156.0
2024/03/05,158.0,161.0,154.0,155.0
2024/03/06,154.0,154.5,152.0,152.5
2024/03/07,155.0,161.0,153.5,156.5
2024/03/08,157.0,159.0,152.0,153.0
2024/03/11,153.0,157.0,152.0,153.0
2024/03/12,152.5,154.0,149.5,153.0
2024/03/13,154.0,154.0,147.0,147.5
2024/03/14,147.0,148.5,145.5,145.5
2024/03/15,145.5,147.0,143.0,145.5
2024/03/18,147.0,149.0,145.0,149.0
2024/03/19,149.5,157.0,149.0,157.0
2024/03/20,156.5,157.0,152.5,153.0
2024/03/21,155.5,156.0,153.0,154.5
2024/03/22,154.5,154.5,151.5,153.5
2024/03/25,153.5,155.5,153.0,153.5
2024/03/26,153.5,155.5,149.0,149.0
2024/03/27,148.0,149.5,147.0,147.0
2024/03/28,147.0,148.5,145.5,145.5
2024/03/29,145.5,147.5,145.0,146.0
2024/04/01,146.0,150.5,145.0,148.0
2024/04/02,149.5,150.0,147.5,149.0
2024/04/03,148.0,149.0,146.5,147.5
2024/04/08,147.5,149.0,143.5,143.5
2024/04/09,143.5,149.0,143.5,148.5
2024/04/10,149.0,154.5,148.0,153.5
2024/04/11,153.0,156.0,151.0,154.5
2024/04/12,155.0,155.0,150.5,150.5
2024/04/15,150.0,151.0,146.0,147.0
2024/04/16,146.5,147.0,142.0,143.0
2024/04/17,143.5,144.5,143.0,143.5
2024/04/18,142.5,146.0,142.0,145.5
2024/04/19,143.0,143.0,135.0,140.0
2024/04/22,141.5,142.0,137.0,137.0
2024/04/23,140.0,140.5,137.5,140.0
2024/04/24,142.5,145.0,141.5,145.0
2024/04/25,144.0,144.0,141.0,143.0
2024/04/26,144.0,144.0,141.5,142.5
2024/04/29,148.0,149.0,143.5,145.0
2024/04/30,145.5,149.5,145.5,146.0
2024/05/02,145.0,145.5,143.0,143.5
2024/05/03,146.0,147.0,143.5,143.5
2024/05/06,146.0,146.0,142.0,142.5
2024/05/07,144.0,144.5,140.0,141.0
2024/05/08,143.0,143.5,140.5,141.5
2024/05/09,142.5,143.0,140.0,140.0
2024/05/10,141.0,141.0,137.5,140.0
2024/05/13,140.5,140.5,138.0,140.0
2024/05/14,140.0,141.5,139.0,140.0
2024/05/15,141.0,142.0,139.5,139.5
2024/05/16,140.5,144.0,140.5,143.0
2024/05/17,143.0,143.5,141.0,141.5
2024/05/20,142.5,143.5,141.5,142.5
2024/05/21,142.5,143.5,140.0,140.5
2024/05/22,142.0,145.0,141.0,142.5
2024/05/23,143.0,143.0,140.5,140.5
2024/05/24,139.5,140.5,138.0,140.0
2024/05/27,140.5,142.0,140.0,141.5
2024/05/28,142.0,145.0,142.0,143.5
2024/05/29,144.0,145.5,143.5,144.5
2024/05/30,143.0,143.5,141.5,142.5
2024/05/31,143.0,144.0,141.5,141.5
2024/06/03,142.0,143.0,140.0,140.5
2024/06/04,141.0,143.5,140.0,140.0
2024/06/05,141.0,141.0,139.0,139.0
2024/06/06,142.0,143.5,138.0,138.0
2024/06/07,139.0,139.5,137.0,137.5
2024/06/11,138.0,139.0,137.0,137.0
2024/06/12,137.5,141.5,137.5,139.5
2024/06/13,142.5,153.0,142.5,153.0
2024/06/14,155.0,155.5,151.0,153.5
2024/06/17,153.5,158.0,151.5,155.0
2024/06/18,156.5,157.0,152.5,154.0
2024/06/19,156.0,161.5,155.0,155.5
2024/06/20,158.0,161.5,157.0,160.5
2024/06/21,159.0,165.0,157.5,163.5
2024/06/24,164.0,164.0,158.0,158.0
2024/06/25,157.0,159.0,154.5,158.0
2024/06/26,159.5,161.5,157.0,157.5
2024/06/27,157.0,161.0,156.0,159.5
2024/06/28,172.0,175.0,168.5,174.5
2024/07/01,177.5,183.0,174.0,175.0
2024/07/02,175.0,176.5,170.0,171.0
2024/07/03,174.0,176.5,171.5,174.5
2024/07/04,176.5,178.5,173.0,173.5
2024/07/05,175.5,183.0,175.5,180.5
2024/07/08,180.0,181.5,176.0,178.5
2024/07/09,179.0,182.0,174.5,177.0
2024/07/10,179.0,183.0,178.0,180.0
2024/07/11,182.5,183.0,180.0,180.0
2024/07/12,179.0,179.5,172.0,173.0
2024/07/15,175.0,175.0,169.5,171.0
2024/07/16,173.0,176.0,171.5,173.0
2024/07/17,175.0,182.0,173.5,181.0
2024/07/18,177.5,180.5,174.0,176.5
2024/07/19,175.0,176.5,165.0,166.0
2024/07/22,166.0,166.0,155.0,156.0
2024/07/23,160.5,165.5,160.0,160.5
2024/07/26,153.0,155.0,151.0,153.0
2024/07/29,154.5,155.5,148.0,148.5
2024/07/30,148.0,149.0,141.5,149.0
2024/07/31,135.0,138.5,135.0,135.0
2024/08/01,137.0,139.5,136.0,138.5
2024/08/02,135.5,137.0,129.0,130.0
2024/08/05,123.0,123.5,117.0,117.5
2024/08/06,122.0,122.0,112.5,118.5
2024/08/07,119.5,125.5,119.0,124.0
2024/08/08,121.0,123.0,120.0,121.5
2024/08/09,126.5,126.5,122.0,122.5
2024/08/12,125.5,128.0,125.0,126.5
2024/08/13,127.0,128.5,125.5,127.5
2024/08/14,131.0,132.5,130.0,131.0
2024/08/15,131.5,131.5,129.0,131.0
2024/08/16,134.0,134.5,132.5,133.0
2024/08/19,133.0,135.5,132.0,133.5
2024/08/20,135.0,135.0,133.5,134.0
2024/08/21,134.0,135.0,131.0,132.5
2024/08/22,133.5,136.0,133.0,134.0
2024/08/23,132.5,135.5,131.0,134.5
2024/08/26,134.5,135.0,131.0,132.0
2024/08/27,132.0,134.0,131.0,133.5
2024/08/28,133.0,134.5,131.5,132.5
2024/08/29,132.0,139.5,131.0,139.0
2024/08/30,140.5,141.5,137.0,137.0
2024/09/02,139.5,146.5,139.5,140.5
2024/09/03,142.0,142.5,137.5,137.5
2024/09/04,131.0,132.0,127.0,129.5
2024/09/05,132.0,132.5,128.5,129.0
2024/09/06,129.5,131.0,127.5,129.0
2024/09/09,125.0,128.0,125.0,127.5
2024/09/10,130.0,130.0,123.0,124.0
2024/09/11,124.5,127.0,124.0,125.5
2024/09/12,129.5,130.0,127.5,130.0
2024/09/13,130.0,131.0,128.5,130.0
2024/09/16,132.5,135.0,131.5,131.5
2024/09/18,131.5,131.5,129.0,129.0
2024/09/19,131.5,139.5,130.5,138.0
2024/09/20,140.0,140.5,134.0,134.0
2024/09/23,135.0,138.5,134.5,136.0
2024/09/24,137.0,139.5,134.5,137.5
2024/09/25,139.5,140.0,138.0,138.0
2024/09/26,139.0,140.0,136.5,136.5
2024/09/27,137.5,138.5,136.0,136.0
2024/09/30,136.0,138.0,135.5,136.5
2024/10/01,136.5,141.5,134.5,135.0
2024/10/04,134.5,135.0,132.0,132.5
2024/10/07,134.0,134.5,131.5,134.5
2024/10/08,130.5,131.0,128.5,129.0
2024/10/09,130.0,131.0,128.5,128.5
2024/10/11,129.0,130.5,129.0,129.0
2024/10/14,129.5,129.5,128.0,129.5
2024/10/15,130.5,138.0,130.0,134.0
2024/10/16,132.0,133.0,130.0,130.0
2024/10/17,132.0,133.5,130.0,131.0
2024/10/18,133.0,133.5,129.0,129.5
2024/10/21,130.5,133.0,129.5,132.5
2024/10/22,132.0,133.0,131.0,132.5
2024/10/23,133.0,134.5,132.0,132.5
2024/10/24,132.5,132.5,129.5,129.5
2024/10/25,129.0,130.5,128.0,128.5
2024/10/28,129.0,129.0,123.0,125.0
2024/10/29,125.5,126.0,121.5,125.0
2024/10/30,124.5,124.5,122.0,122.0
2024/11/01,113.5,120.5,113.5,120.0
2024/11/04,119.0,119.0,115.5,115.5
2024/11/05,115.0,116.5,113.0,115.0
2024/11/06,116.5,118.0,115.0,115.5
2024/11/07,116.0,120.5,115.5,119.0
2024/11/08,120.0,120.5,116.5,116.5
2024/11/11,117.0,121.5,115.5,119.5
2024/11/12,118.5,120.5,117.0,117.5
2024/11/13,117.5,121.5,117.0,119.0
2024/11/14,119.0,120.0,116.0,116.0
2024/11/15,118.0,118.5,116.0,116.0
2024/11/18,117.5,117.5,115.0,117.0
2024/11/19,117.0,118.0,115.0,117.0
2024/11/20,118.0,118.5,116.5,116.5
2024/11/21,116.5,121.5,116.0,118.5
2024/11/22,121.0,121.0,118.5,118.5
2024/11/25,121.0,124.0,119.5,120.5
2024/11/26,120.0,120.5,117.5,118.0
2024/11/27,118.5,118.5,115.5,115.5
2024/11/28,117.0,117.5,113.0,115.5
2024/11/29,115.0,116.0,114.0,115.5
2024/12/02,117.5,118.5,116.5,117.5
2024/12/03,115.5,119.0,115.0,119.0
2024/12/04,119.0,121.5,117.5,117.5
2024/12/05,118.5,118.5,114.5,114.5
2024/12/06,115.0,116.0,113.5,113.5
2024/12/09,113.5,114.5,112.5,113.5
2024/12/10,114.5,115.0,113.0,113.0
2024/12/11,113.0,115.5,113.0,115.5
2024/12/12,116.0,116.5,114.0,114.0
2024/12/13,114.0,114.0,109.0,110.0
2024/12/16,112.0,114.0,110.0,110.0
2024/12/17,110.5,114.5,110.5,112.5
2024/12/18,112.5,114.0,111.0,113.5
2024/12/19,110.5,113.0,110.5,113.0
2024/12/20,113.0,115.0,110.5,110.5
2024/12/23,111.5,113.5,109.5,110.5
2024/12/24,112.0,115.0,111.0,111.5
2024/12/25,113.0,115.5,112.5,114.5
2024/12/26,114.5,116.5,114.0,114.0
2024/12/27,114.0,114.5,113.5,114.0
2024/12/30,113.5,115.0,112.5,114.0
2024/12/31,113.0,113.0,110.5,112.0
2025/01/02,112.0,112.0,110.0,110.0
2025/01/03,110.0,111.5,108.5,108.5
2025/01/06,108.0,108.5,105.0,107.0
2025/01/07,108.0,109.5,106.0,106.0
2025/01/08,106.0,107.5,104.5,106.5
2025/01/09,107.0,107.0,101.0,101.0
2025/01/10,100.5,103.5,99.2,102.5
2025/01/13,103.5,103.5,96.0,96.0
2025/01/14,97.0,99.2,96.1,96.9
2025/01/15,97.8,98.7,96.3,97.2
2025/01/16,99.2,101.5,99.2,100.5
2025/01/17,101.5,104.5,100.5,103.5
2025/01/20,104.5,104.5,102.5,103.5
2025/01/21,104.0,104.5,102.5,103.0
2025/01/22,104.0,104.5,102.5,104.0
2025/02/03,100.0,100.5,98.5,100.0
2025/02/04,100.5,101.0,99.2,99.2
2025/02/05,100.0,102.0,100.0,101.0
2025/02/06,102.0,103.0,101.0,102.0
2025/02/07,100.5,102.0,100.0,102.0
2025/02/10,101.0,102.0,100.5,102.0
2025/02/11,102.5,103.5,102.0,102.0
2025/02/12,103.0,103.0,101.0,101.0
2025/02/13,102.0,105.0,102.0,105.0
2025/02/14,107.0,107.5,104.0,104.0
2025/02/17,100.5,108.5,100.5,108.5
2025/02/18,109.5,109.5,108.0,108.0
2025/02/19,108.0,115.5,108.0,114.0
2025/02/20,115.5,117.5,113.5,117.0
2025/02/21,118.5,118.5,113.5,113.5
2025/02/24,113.0,114.5,112.5,114.0
2025/02/25,112.5,117.0,112.0,115.0
2025/02/26,116.0,116.5,113.5,114.5
2025/02/27,113.5,115.0,110.0,111.0
2025/03/03,110.0,111.5,108.5,109.0
2025/03/04,108.5,109.0,106.0,108.5
2025/03/05,109.0,110.5,107.5,110.5
2025/03/06,111.5,111.5,108.5,108.5
2025/03/07,108.5,108.5,105.0,105.0
2025/03/10,106.0,109.5,106.0,109.0
2025/03/11,106.0,106.5,103.0,105.0
2025/03/12,106.0,106.5,104.5,105.5
2025/03/13,106.5,107.5,101.5,101.5
2025/03/14,101.5,103.0,101.0,102.5
2025/03/17,104.0,107.0,103.5,107.0
2025/03/18,107.5,115.0,105.0,114.5
2025/03/19,114.0,119.0,113.0,114.0
2025/03/20,114.5,116.0,113.0,113.0
2025/03/21,114.0,122.0,114.0,120.5
2025/03/24,125.0,128.0,118.0,118.5
2025/03/25,122.5,124.0,115.0,115.5
2025/03/26,117.5,117.5,113.5,113.5
2025/03/27,112.0,114.5,111.5,112.5
2025/03/28,112.0,112.0,105.0,107.0
2025/03/31,101.5,103.0,98.4,98.5
2025/04/01,99.7,101.5,98.3,99.7
2025/04/02,100.0,102.5,98.5,102.0
2025/04/07,91.8,91.8,91.8,91.8
2025/04/08,82.7,85.0,82.7,82.7
2025/04/09,75.0,76.5,74.5,74.5
2025/04/10,81.8,81.9,79.3,81.9
2025/04/11,75.1,80.0,74.0,78.5
2025/04/14,83.0,86.3,83.0,84.9
2025/04/15,85.9,92.9,85.1,90.9
2025/04/16,89.7,92.3,87.1,89.2
2025/04/17,88.1,88.5,85.4,86.7
2025/04/18,86.0,86.8,84.7,84.7
2025/04/21,85.1,85.8,83.0,83.0
2025/04/22,81.0,82.8,78.6,79.3
2025/04/23,82.0,86.2,82.0,85.2
2025/04/24,85.3,87.3,84.7,85.1
2025/04/25,87.1,87.8,84.5,84.5
2025/04/28,87.0,92.9,86.2,92.9
2025/04/29,92.5,92.6,89.0,90.2
2025/04/30,90.7,94.8,89.3,90.5
2025/05/02,87.8,90.3,87.2,88.5
2025/05/05,88.7,88.8,81.1,84.5
2025/05/06,84.5,85.9,83.3,83.7
2025/05/07,83.7,85.8,83.4,84.6
2025/05/08,85.7,86.6,84.8,84.9
2025/05/09,86.0,88.6,86.0,88.0
2025/05/12,88.6,90.5,88.1,89.6
2025/05/13,91.0,91.6,88.2,88.4
2025/05/14,89.4,91.3,88.9,90.2
2025/05/15,90.3,91.4,89.0,91.2
2025/05/16,91.3,91.8,90.5,91.0
2025/05/19,91.0,91.3,88.9,88.9
2025/05/20,89.6,90.7,88.4,88.7
2025/05/21,89.3,92.8,89.3,91.0
2025/05/22,90.1,91.5,89.1,90.8
2025/05/23,91.2,91.6,89.6,89.6
2025/05/26,89.6,89.9,88.3,89.0
2025/05/27,89.3,89.6,84.3,84.3
2025/05/28,85.9,87.4,85.0,85.6
2025/05/29,86.1,86.9,85.0,85.7
2025/06/02,85.5,85.5,81.9,83.2
2025/06/03,83.6,83.8,81.3,81.5
2025/06/04,82.4,85.9,82.4,85.9
2025/06/05,86.3,86.4,84.9,85.0
2025/06/06,85.0,85.3,83.6,84.0
2025/06/09,85.8,86.8,83.9,84.6
2025/06/10,85.1,86.4,85.1,85.6
2025/06/11,86.6,87.9,85.7,87.0
2025/06/12,87.0,89.2,86.6,88.0
2025/06/13,86.8,86.9,84.0,84.0
2025/06/16,83.7,84.5,83.1,83.7
2025/06/17,84.0,85.5,84.0,84.1
2025/06/18,85.0,86.1,84.1,84.2
2025/06/19,84.3,84.5,82.3,82.7
2025/06/20,82.6,83.1,79.9,81.5
2025/06/23,80.5,82.6,79.4,82.1
2025/06/24,83.5,85.3,82.6,84.9
2025/06/25,85.8,86.7,84.7,86.4
2025/06/26,86.0,87.4,85.8,85.9
2025/06/27,86.5,87.7,85.7,85.9
2025/06/30,86.8,88.4,86.6,86.7
2025/07/01,87.5,88.2,85.5,85.7
2025/07/02,85.3,85.6,84.6,84.6
2025/07/03,85.8,91.5,85.7,88.2
2025/07/04,88.6,89.7,85.8,86.0
2025/07/07,85.4,85.4,83.4,84.4
2025/07/08,83.3,84.5,83.2,84.0
2025/07/09,84.0,85.0,83.6,84.2
2025/07/10,84.9,84.9,83.7,83.7
2025/07/11,84.0,85.0,84.0,84.0
2025/07/14,82.9,83.0,79.7,81.2
2025/07/15,82.0,85.8,82.0,83.4
2025/07/16,84.5,90.5,83.6,87.0
2025/07/17,87.6,89.1,87.1,88.1
2025/07/18,89.0,90.5,86.7,88.0
2025/07/21,86.4,88.7,86.4,87.9
2025/07/22,87.9,88.0,84.0,84.2
2025/07/23,85.1,88.1,85.1,87.6
2025/07/24,88.0,88.3,86.6,87.8
2025/07/25,87.6,91.9,87.6,88.9
2025/07/28,89.3,92.4,88.1,92.0
2025/07/29,92.1,92.7,88.0,88.0
2025/07/30,88.0,88.5,86.3,87.6
2025/07/31,88.0,88.2,86.0,86.0
2025/08/01,82.0,86.0,80.3,85.7
2025/08/04,84.8,86.4,83.7,85.5
2025/08/05,86.0,87.7,85.8,86.1
2025/08/06,86.0,86.0,84.4,84.8
2025/08/07,85.6,89.0,85.6,87.5
2025/08/08,87.0,88.9,86.5,86.5
2025/08/11,85.9,86.3,85.1,86.0
2025/08/12,87.9,88.8,85.3,85.4
2025/08/13,86.0,88.4,86.0,86.8
2025/08/14,87.4,89.3,87.3,89.1
2025/08/15,89.1,89.3,86.8,88.3
2025/08/18,88.3,97.1,88.3,97.1
2025/08/19,98.6,99.1,92.5,93.8
2025/08/20,93.0,94.0,90.0,90.7
2025/08/21,90.5,93.6,90.5,91.5
2025/08/22,91.1,92.0,90.1,90.3
2025/08/25,91.5,94.5,90.8,93.8
2025/08/26,93.8,94.8,91.5,93.5
2025/08/27,94.0,95.3,93.9,94.4
2025/08/28,96.5,97.7,93.7,94.2
2025/08/29,95.0,95.8,92.6,92.7
2025/09/01,92.0,92.3,89.2,90.9
2025/09/02,91.5,91.7,88.7,89.6
2025/09/03,89.6,92.0,89.6,90.3
2025/09/04,91.9,92.4,90.2,90.2
2025/09/05,91.2,91.4,89.9,90.2
2025/09/08,91.0,92.6,90.8,91.7
2025/09/09,92.5,92.5,90.9,91.2
2025/09/10,92.0,92.3,90.5,90.5
2025/09/11,90.5,90.9,87.5,87.5
2025/09/12,88.3,90.9,88.2,90.1
2025/09/15,90.3,91.1,88.8,90.0
2025/09/16,90.1,94.0,89.8,93.2
2025/09/17,92.6,94.3,92.4,92.6
2025/09/18,93.8,97.8,93.8,96.1
2025/09/19,97.1,97.2,94.9,96.0
2025/09/22,96.7,97.5,95.4,97.0
2025/09/23,97.5,97.8,95.6,96.4
2025/09/24,96.8,97.0,93.9,95.2
2025/09/25,95.6,103.5,95.6,97.5
2025/09/26,96.5,96.7,91.6,91.7
2025/09/30,93.0,93.7,91.3,92.9
2025/10/01,93.7,94.3,92.2,92.4
2025/10/02,93.0,93.4,91.0,93.1
2025/10/03,93.6,93.6,92.2,93.3
2025/10/07,93.9,94.8,93.1,94.4
2025/10/08,95.3,99.0,94.1,99.0
2025/10/09,100.5,105.0,99.7,101.5
2025/10/13,95.1,99.0,94.5,97.3
2025/10/14,99.1,101.0,93.3,93.8
2025/10/15,94.3,96.3,92.9,96.2
2025/10/16,95.5,100.0,95.5,96.5
2025/10/17,96.1,96.3,94.3,94.9
2025/10/20,95.8,97.7,94.9,95.5
2025/10/21,96.7,100.5,96.7,100.0
2025/10/22,100.0,103.5,99.3,100.0
2025/10/23,99.5,99.9,97.8,98.4
2025/10/27,99.9,102.0,99.7,101.5
2025/10/28,103.0,103.0,99.9,100.0
2025/10/29,103.0,106.5,100.5,101.0
2025/10/30,101.0,102.0,97.5,97.8
2025/10/31,107.5,107.5,105.0,107.5
2025/11/03,113.0,118.0,113.0,118.0
2025/11/04,119.5,126.0,118.5,123.0
2025/11/05,120.0,129.0,118.5,129.0
2025/11/06,130.0,131.5,123.0,126.0
2025/11/07,125.0,125.5,119.5,120.5
2025/11/10,121.0,121.5,117.0,120.5
2025/11/11,121.0,124.5,120.5,122.0
2025/11/12,124.0,128.5,122.5,123.0
2025/11/13,123.0,131.0,120.0,129.5
2025/11/14,125.5,127.0,120.0,120.0
2025/11/17,122.0,125.0,121.0,123.0
2025/11/18,121.0,123.0,119.0,119.5
2025/11/19,120.0,121.0,115.5,117.5
2025/11/20,121.0,121.5,116.5,118.5
2025/11/21,114.5,115.0,110.0,111.0
2025/11/24,117.5,122.0,117.5,122.0
2025/11/25,131.5,134.0,128.0,134.0
2025/11/26,140.0,142.0,126.0,131.5
2025/11/27,131.0,135.0,129.0,130.0
2025/11/28,130.0,143.0,128.5,143.0
2025/12/01,145.0,147.0,140.0,141.0
2025/12/02,141.5,154.5,140.0,151.0
2025/12/03,151.0,152.5,143.5,146.0
2025/12/04,144.5,146.5,141.0,144.0
2025/12/05,148.5,149.5,144.0,147.5
2025/12/08,148.5,154.5,146.0,152.0
2025/12/09,152.0,167.0,151.5,167.0
2025/12/10,167.0,176.0,165.5,173.0
2025/12/11,175.0,184.5,172.5,173.5
2025/12/12,179.0,183.5,174.0,182.0
2025/12/15,176.0,183.5,173.0,183.0
2025/12/16,179.0,179.0,166.0,167.5
2025/12/17,168.5,172.5,166.5,168.5
2025/12/18,167.0,174.0,166.0,168.5
2025/12/19,173.0,179.0,172.0,174.0
2025/12/22,179.0,191.0,179.0,191.0
2025/12/23,194.5,203.0,186.5,188.5
2025/12/24,192.0,193.0,184.5,188.0
2025/12/26,190.5,196.5,187.0,189.5
2025/12/29,190.0,190.0,180.5,183.0
2025/12/30,183.0,186.5,181.5,185.0
2025/12/31,186.0,187.5,182.0,183.0
2026/01/02,186.0,188.5,177.0,179.0
2026/01/05,183.0,188.0,182.5,183.0
2026/01/06,186.5,191.0,180.0,184.0
2026/01/07,184.5,194.5,184.5,186.0
2026/01/08,186.5,204.5,181.0,197.5
2026/01/09,202.0,217.0,197.0,216.5
2026/01/12,220.0,235.0,218.5,233.0
2026/01/13,233.0,233.0,210.0,210.0
2026/01/14,208.0,222.0,202.0,215.5
2026/01/15,215.5,225.5,212.0,222.0
2026/01/16,225.5,225.5,215.0,218.5
2026/01/19,217.0,219.5,211.0,213.0
2026/01/20,213.0,229.0,213.0,227.0
2026/01/21,225.5,240.5,218.5,222.0
2026/01/22,232.5,243.5,232.0,234.5
2026/01/23,238.5,240.0,224.0,230.5
2026/01/26,235.0,243.0,230.0,234.0
2026/01/27,237.0,244.0,230.5,241.0
2026/01/28,250.5,265.0,250.5,258.0
2026/01/29,259.5,261.5,245.0,245.0
2026/01/30,242.5,245.0,233.5,234.5
2026/02/02,227.0,232.0,214.5,221.5
2026/02/03,237.5,238.0,224.5,236.5
2026/02/04,236.0,253.0,228.0,251.5
2026/02/05,247.0,258.5,240.0,240.0
2026/02/06,228.0,231.0,216.0,219.5
2026/02/09,230.0,240.5,225.5,236.5
2026/02/10,243.0,259.0,241.5,255.5
2026/02/11,255.5,258.5,240.0,246.0
2026/02/23,270.0,270.5,266.5,270.5
2026/02/24,274.5,297.5,274.0,297.5
2026/02/25,319.0,325.5,306.5,322.0
2026/02/26,331.0,348.5,321.0,338.0
2026/03/02,331.0,354.0,330.0,331.5
2026/03/03,341.0,352.5,309.0,326.0
2026/03/04,310.0,310.5,293.5,293.5
2026/03/05,311.0,315.5,282.5,300.0
2026/03/06,289.0,305.0,289.0,298.5
2026/03/09,269.0,269.0,269.0,269.0
2026/03/10,281.0,281.0,260.0,272.0
2026/03/11,283.0,299.0,283.0,299.0
2026/03/12,295.0,321.0,295.0,306.5
2026/03/13,297.0,315.0,297.0,313.0
2026/03/16,314.0,314.0,300.5,303.5
2026/03/17,303.0,316.5,290.5,293.5
2026/03/18,302.0,322.5,298.0,322.5
2026/03/19,332.5,354.5,332.0,354.5
2026/03/20,372.0,381.0,340.0,344.0
2026/03/23,313.5,332.0,311.0,315.0
2026/03/24,330.0,334.5,306.0,313.5
2026/03/25,344.5,344.5,344.5,344.5
2026/03/26,350.0,377.5,348.5,358.5
2026/03/27,343.0,387.5,340.0,382.5
2026/03/30,373.0,397.5,358.5,390.5
2026/03/31,372.5,385.5,351.5,351.5
2026/04/01,375.0,385.0,370.0,376.5
2026/04/02,384.0,404.0,374.0,376.0
2026/04/07,396.5,413.0,391.0,407.0
2026/04/08,430.5,445.0,424.5,440.0
2026/04/09,443.5,453.5,431.5,436.0
2026/04/10,447.0,474.0,434.0,464.0
2026/04/13,466.0,481.0,458.0,458.0
2026/04/14,468.0,472.0,437.0,457.0
2026/04/15,459.0,472.0,444.0,446.5
2026/04/16,448.0,490.5,447.5,484.5
2026/04/20,546.0,592.0,539.0,592.0
2026/04/21,625.0,637.0,585.0,617.0
2026/04/22,615.0,626.0,598.0,600.0
2026/04/23,612.0,622.0,540.0,560.0
2026/04/24,576.0,604.0,533.0,547.0
2026/04/27,555.0,560.0,492.5,492.5
2026/04/28,493.5,512.0,484.0,499.5
2026/04/29,499.5,516.0,491.0,502.0
2026/04/30,530.0,552.0,528.0,536.0
2026/05/04,553.0,557.0,510.0,524.0
2026/05/05,524.0,566.0,516.0,555.0
2026/05/06,555.0,556.0,499.5,500.0
2026/05/07,496.0,522.0,473.0,500.0
2026/05/08,494.5,518.0,481.5,492.5
2026/05/11,500.0,538.0,493.5,526.0
2026/05/12,555.0,559.0,510.0,512.0
2026/05/13,506.0,515.0,488.0,495.5
2026/05/14,503.0,504.0,482.0,483.5
2026/05/15,490.0,492.5,452.0,458.5
2026/05/18,448.0,461.0,436.0,450.5
2026/05/19,450.5,473.0,446.5,456.5
2026/05/20,459.5,478.0,442.5,446.5
2026/05/21,459.5,489.0,456.5,483.0
2026/05/22,506.0,531.0,499.5,531.0
2026/05/25,551.0,565.0,538.0,543.0
2026/05/26,551.0,562.0,517.0,562.0
2026/05/27,571.0,588.0,545.0,560.0
2026/05/28,558.0,582.0,520.0,529.0
2026/05/29,542.0,544.0,516.0,527.0
2026/06/01,528.0,546.0,522.0,530.0
2026/06/02,538.0,554.0,515.0,519.0
2026/06/03,545.0,564.0,508.0,515.0
2026/06/04,515.0,533.0,486.0,487.5
2026/06/05,486.5,498.0,451.0,483.5
2026/06/08,435.5,461.5,435.5,451.5
2026/06/09,462.0,496.5,454.5,496.5
2026/06/10,493.5,524.0,476.0,478.0
2026/06/11,497.5,503.0,460.5,481.5
2026/06/12,513.0,516.0,496.5,505.0
2026/06/15,524.0,528.0,499.5,511.0
2026/06/16,515.0,525.0,493.0,493.0
2026/06/17,488.0,520.0,481.0,519.0
2026/06/18,522.0,557.0,521.0,528.0
2026/06/22,545.0,550.0,522.0,541.0
2026/06/23,531.0,573.0,522.0,522.0
2026/06/24,516.0,516.0,472.0,478.0
2026/06/25,486.5,486.5,458.0,463.0
2026/06/26,458.0,463.5,421.0,424.0
2026/06/29,416.0,427.5,399.0,412.0
2026/06/30,423.0,434.5,412.5,426.0
2026/07/01,436.0,439.5,415.5,417.5
2026/07/02,404.0,411.0,399.5,411.0
2026/07/03,408.0,422.0,400.5,411.0
2026/07/06,422.0,435.5,407.0,421.0
2026/07/07,424.0,447.5,400.5,409.5
2026/07/08,411.0,421.5,400.0,413.5
2026/07/09,418.0,427.0,405.5,406.0
2026/07/13,412.0,418.0,400.5,403.0
2026/07/14,401.0,404.5,363.0,378.5
2026/07/15,387.0,394.0,379.0,386.0
2026/07/16,380.5,381.0,364.5,369.0
2026/07/17,344.5,350.0,332.5,332.5
