Date,Open,High,Low,Close
2005/11/08,8.8,8.8,8.8,8.8
2005/11/09,9.4,9.4,9.4,9.4
2005/11/10,10.0,10.0,9.6,9.8
2005/11/14,9.6,9.7,9.4,9.5
2005/11/15,9.5,9.7,9.5,9.6
2005/11/16,9.6,9.7,9.5,9.5
2005/11/17,9.6,9.6,9.5,9.5
2005/11/21,9.3,9.4,9.1,9.2
2005/11/22,9.2,9.3,9.1,9.2
2005/11/23,9.2,9.2,9.0,9.0
2005/11/24,9.0,9.2,9.0,9.1
2005/11/28,9.3,9.3,9.1,9.1
2005/11/29,9.1,9.2,8.9,8.9
2005/11/30,8.9,8.9,8.8,8.8
2005/12/01,8.8,9.0,8.8,8.9
2005/12/05,9.1,9.1,8.9,9.0
2005/12/06,9.0,9.0,8.9,8.9
2005/12/07,8.9,9.1,8.9,9.0
2005/12/08,9.1,9.1,8.9,8.9
2005/12/12,9.0,9.1,9.0,9.0
2005/12/13,9.0,9.1,9.0,9.0
2005/12/14,9.0,9.1,8.9,9.0
2005/12/15,9.0,9.4,9.0,9.3
2005/12/19,9.3,9.4,9.2,9.4
2005/12/20,9.1,9.2,8.9,9.0
2005/12/21,8.7,9.0,8.7,8.8
2005/12/22,9.0,9.0,8.9,9.0
2005/12/26,8.9,9.0,8.9,8.9
2005/12/27,8.9,9.0,8.8,8.9
2005/12/28,8.9,9.0,8.8,8.9
2005/12/29,8.9,9.1,8.9,9.0
2006/01/02,8.8,8.9,8.8,8.8
2006/01/03,8.9,9.1,8.9,8.9
2006/01/04,9.0,9.3,9.0,9.3
2006/01/05,9.4,10.0,9.4,10.0
2006/01/09,9.8,9.8,9.5,9.6
2006/01/10,9.6,9.7,9.5,9.5
2006/01/11,9.5,9.7,9.5,9.5
2006/01/13,9.5,9.5,9.4,9.5
2006/01/16,9.4,9.4,9.3,9.3
2006/01/17,9.3,9.3,9.1,9.1
2006/01/18,9.1,9.2,8.9,8.9
2006/01/19,8.9,9.1,8.9,8.9
2006/01/20,9.0,9.1,8.9,8.9
2006/01/23,8.9,8.9,8.7,8.8
2006/01/24,8.8,8.9,8.7,8.8
2006/01/25,8.8,8.9,8.8,8.8
2006/02/02,8.8,8.8,8.8,8.8
2006/02/03,8.8,8.8,8.8,8.8
2006/02/06,8.7,8.9,8.7,8.9
2006/02/07,8.9,9.1,8.9,8.9
2006/02/08,9.0,9.0,8.8,8.8
2006/02/09,8.9,8.9,8.8,8.8
2006/02/10,8.9,8.9,8.7,8.8
2006/02/13,8.8,8.8,8.6,8.6
2006/02/14,8.6,8.6,8.5,8.5
2006/02/15,8.5,8.6,8.5,8.6
2006/02/16,8.6,8.7,8.6,8.6
2006/02/17,8.6,8.6,8.6,8.6
2006/02/20,8.6,8.6,8.3,8.4
2006/02/21,8.4,8.4,8.1,8.2
2006/02/22,8.2,8.2,7.9,8.0
2006/02/23,7.9,8.0,7.7,7.7
2006/02/24,7.7,7.7,7.3,7.3
2006/02/27,7.3,7.5,6.9,7.5
2006/03/01,7.7,8.0,7.7,8.0
2006/03/02,8.2,8.2,7.9,7.9
2006/03/03,8.0,8.1,7.9,7.9
2006/03/06,8.0,8.1,7.9,7.9
2006/03/07,7.7,7.7,7.7,7.7
2006/03/08,7.7,7.8,7.7,7.7
2006/03/10,7.7,7.7,7.5,7.5
2006/03/13,7.5,7.6,7.4,7.4
2006/03/14,7.4,7.4,7.3,7.3
2006/03/15,7.3,7.4,7.3,7.3
2006/03/16,7.2,7.5,7.2,7.3
2006/03/17,7.3,7.3,7.2,7.2
2006/03/20,7.2,7.3,7.2,7.3
2006/03/21,7.3,7.4,7.3,7.3
2006/03/22,7.3,7.4,7.3,7.3
2006/03/23,7.3,7.3,7.2,7.3
2006/03/24,7.3,7.3,7.2,7.2
2006/03/27,7.2,7.3,7.2,7.2
2006/03/28,7.2,7.3,7.2,7.2
2006/03/29,7.2,7.2,7.2,7.2
2006/03/30,7.2,7.4,7.2,7.3
2006/03/31,7.3,7.4,7.3,7.3
2006/04/03,7.3,7.5,7.3,7.4
2006/04/04,7.4,7.6,7.4,7.5
2006/04/06,7.5,7.5,7.4,7.5
2006/04/07,7.5,7.6,7.5,7.5
2006/04/10,7.5,7.6,7.4,7.5
2006/04/11,7.6,7.6,7.4,7.5
2006/04/12,7.4,7.5,7.4,7.5
2006/04/13,7.5,7.5,7.5,7.5
2006/04/14,7.5,7.7,7.5,7.7
2006/04/17,7.7,7.8,7.6,7.7
2006/04/18,7.8,7.8,7.7,7.7
2006/04/19,7.8,7.8,7.7,7.7
2006/04/20,7.7,7.9,7.7,7.8
2006/04/21,7.9,7.9,7.7,7.7
2006/04/24,7.7,7.9,7.7,7.7
2006/04/25,7.7,7.8,7.6,7.6
2006/04/26,7.6,7.9,7.6,7.9
2006/04/27,7.9,8.1,7.9,8.0
2006/04/28,8.2,8.2,7.9,8.0
2006/05/02,8.0,8.0,7.9,7.9
2006/05/03,8.0,8.4,8.0,8.4
2006/05/04,8.6,9.0,8.5,9.0
2006/05/05,9.0,9.6,9.0,9.1
2006/05/08,9.1,9.5,9.1,9.2
2006/05/09,9.2,9.2,8.6,8.6
2006/05/10,8.6,8.8,8.4,8.8
2006/05/11,8.7,8.8,8.6,8.6
2006/05/12,8.4,8.7,8.4,8.5
2006/05/15,8.4,8.6,8.4,8.5
2006/05/16,8.5,8.9,8.5,8.6
2006/05/17,8.7,8.9,8.7,8.7
2006/05/18,8.6,8.7,8.5,8.5
2006/05/19,8.5,8.6,8.0,8.2
2006/05/22,8.3,8.5,8.2,8.3
2006/05/23,8.2,8.2,8.0,8.0
2006/05/24,8.1,8.2,7.9,8.0
2006/05/25,8.0,8.1,7.9,7.9
2006/05/26,7.9,8.0,7.8,7.8
2006/05/29,7.8,8.1,7.7,8.0
2006/05/30,8.0,8.1,7.9,7.9
2006/06/01,7.9,8.1,7.9,7.9
2006/06/02,8.0,8.2,7.9,8.1
2006/06/05,8.2,8.2,7.9,8.1
2006/06/06,8.0,8.2,7.7,7.7
2006/06/07,7.7,7.8,7.6,7.6
2006/06/08,7.6,7.6,7.1,7.1
2006/06/09,7.1,7.3,7.0,7.3
2006/06/12,7.2,7.3,7.2,7.2
2006/06/13,7.0,7.5,7.0,7.5
2006/06/14,7.4,7.5,7.4,7.5
2006/06/15,7.5,7.6,7.4,7.4
2006/06/16,7.6,7.6,7.5,7.5
2006/06/19,7.5,7.5,7.4,7.4
2006/06/20,7.3,7.4,7.1,7.1
2006/06/21,7.2,7.2,7.1,7.1
2006/06/22,7.3,7.6,7.3,7.6
2006/06/23,7.8,8.0,7.6,7.8
2006/06/26,8.0,8.1,7.9,7.9
2006/06/27,8.0,8.0,7.9,7.9
2006/06/28,8.0,8.2,8.0,8.1
2006/06/29,8.2,8.2,8.0,8.2
2006/06/30,8.3,8.4,8.2,8.4
2006/07/03,8.6,8.7,8.4,8.7
2006/07/04,8.8,8.8,8.4,8.5
2006/07/05,8.4,8.6,8.3,8.4
2006/07/06,8.4,8.5,8.4,8.4
2006/07/07,8.4,8.6,8.4,8.6
2006/07/10,8.4,8.6,8.4,8.5
2006/07/11,8.4,8.5,8.4,8.4
2006/07/12,8.4,8.6,8.3,8.4
2006/07/13,8.4,8.4,8.3,8.3
2006/07/14,8.2,8.2,8.1,8.1
2006/07/17,8.1,8.1,7.7,7.9
2006/07/18,7.8,8.0,7.8,7.9
2006/07/19,8.0,8.1,8.0,8.0
2006/07/20,8.1,8.3,8.1,8.2
2006/07/21,8.1,8.2,8.0,8.2
2006/07/24,8.1,8.1,8.0,8.1
2006/07/25,8.2,8.3,8.1,8.2
2006/07/26,8.2,8.4,8.2,8.3
2006/07/27,8.4,8.5,8.3,8.4
2006/07/28,8.4,8.6,8.4,8.5
2006/07/31,8.5,8.6,8.4,8.4
2006/08/01,8.4,8.5,8.4,8.5
2006/08/02,8.5,8.7,8.5,8.7
2006/08/03,8.8,9.2,8.7,9.1
2006/08/04,9.2,9.2,8.9,8.9
2006/08/07,8.9,9.0,8.9,9.0
2006/08/08,9.0,9.1,8.9,9.0
2006/08/09,9.1,9.5,9.0,9.4
2006/08/10,9.4,9.5,9.2,9.3
2006/08/11,9.3,9.3,9.0,9.0
2006/08/14,9.0,9.1,8.9,9.0
2006/08/15,9.0,9.1,9.0,9.1
2006/08/16,9.2,9.2,9.1,9.1
2006/08/17,9.2,9.2,8.8,8.9
2006/08/18,9.0,9.0,8.9,9.0
2006/08/21,9.0,9.1,8.8,8.9
2006/08/22,8.8,8.9,8.8,8.9
2006/08/23,8.9,8.9,8.8,8.8
2006/08/24,8.8,9.0,8.8,9.0
2006/08/25,9.0,9.0,8.9,9.0
2006/08/28,9.4,9.5,9.1,9.2
2006/08/29,9.3,9.3,9.1,9.1
2006/08/30,9.2,9.3,9.1,9.2
2006/08/31,9.2,9.2,9.1,9.1
2006/09/01,9.1,9.1,9.0,9.1
2006/09/04,9.2,9.2,9.1,9.1
2006/09/05,9.1,9.1,9.0,9.0
2006/09/06,8.9,9.0,8.9,8.9
2006/09/07,8.9,9.0,8.9,8.9
2006/09/08,9.0,9.0,8.9,8.9
2006/09/11,9.0,9.1,8.9,8.9
2006/09/12,8.9,8.9,8.8,8.8
2006/09/13,8.9,8.9,8.8,8.8
2006/09/14,8.8,8.8,8.4,8.4
2006/09/15,8.4,8.6,8.3,8.5
2006/09/18,8.7,8.9,8.6,8.8
2006/09/19,8.8,8.9,8.7,8.9
2006/09/20,8.9,9.1,8.9,9.0
2006/09/21,9.2,9.3,9.1,9.2
2006/09/22,9.2,9.3,9.1,9.1
2006/09/25,9.1,9.1,9.0,9.1
2006/09/26,9.1,9.1,9.0,9.0
2006/09/27,9.0,9.1,9.0,9.1
2006/09/28,9.3,9.3,9.2,9.2
2006/09/29,9.2,9.3,9.2,9.2
2006/10/02,9.2,9.3,9.1,9.2
2006/10/03,9.3,9.3,9.1,9.2
2006/10/04,9.2,9.2,9.1,9.1
2006/10/05,9.1,9.2,9.1,9.2
2006/10/10,9.2,9.2,9.2,9.2
2006/10/11,9.1,9.2,9.1,9.2
2006/10/12,9.3,9.3,9.1,9.2
2006/10/13,9.3,9.4,9.3,9.3
2006/10/16,10.1,10.6,10.1,10.3
2006/10/17,10.5,10.7,10.4,10.4
2006/10/18,10.4,10.9,10.3,10.8
2006/10/19,10.9,11.2,10.5,10.6
2006/10/20,10.7,10.9,10.5,10.7
2006/10/23,10.8,10.9,10.5,10.9
2006/10/24,11.0,11.5,11.0,11.0
2006/10/25,11.1,11.1,10.8,11.0
2006/10/26,11.0,11.1,10.8,11.0
2006/10/27,11.0,11.2,11.0,11.1
2006/10/30,11.0,11.0,10.8,10.8
2006/10/31,10.9,11.4,10.9,11.4
2006/11/01,11.4,11.6,11.2,11.4
2006/11/02,11.2,11.2,10.6,10.6
2006/11/03,10.5,10.7,10.5,10.6
2006/11/06,10.3,10.5,10.3,10.4
2006/11/07,10.5,10.8,10.4,10.7
2006/11/08,10.9,10.9,10.7,10.7
2006/11/09,10.7,11.0,10.7,10.7
2006/11/10,10.7,10.7,10.5,10.7
2006/11/13,10.6,10.7,10.5,10.6
2006/11/14,10.7,10.8,10.6,10.7
2006/11/15,10.7,11.1,10.7,10.9
2006/11/16,10.9,11.6,10.8,11.6
2006/11/17,12.0,12.4,11.8,12.4
2006/11/20,12.8,13.2,12.4,12.7
2006/11/21,13.1,13.3,12.7,13.0
2006/11/22,13.1,13.1,12.7,12.7
2006/11/23,12.9,13.3,12.7,12.8
2006/11/24,13.2,13.7,13.2,13.7
2006/11/27,14.0,14.0,13.3,13.4
2006/11/28,13.3,14.4,13.2,14.3
2006/11/29,14.6,15.3,14.6,14.9
2006/11/30,15.2,15.3,14.8,14.9
2006/12/01,14.8,14.9,14.3,14.3
2006/12/04,14.3,14.8,14.3,14.3
2006/12/05,14.3,14.6,13.8,13.8
2006/12/06,14.3,14.8,14.2,14.8
2006/12/07,14.7,14.7,14.1,14.1
2006/12/08,14.1,14.4,14.1,14.4
2006/12/11,14.4,14.8,14.1,14.6
2006/12/12,14.5,14.6,14.1,14.1
2006/12/13,14.2,14.3,13.2,13.6
2006/12/14,13.5,14.0,13.4,13.8
2006/12/15,13.9,14.1,13.6,13.6
2006/12/18,13.8,13.8,13.6,13.8
2006/12/19,13.8,14.3,13.7,14.3
2006/12/20,14.3,14.5,14.1,14.2
2006/12/21,14.2,14.5,14.1,14.1
2006/12/22,14.2,14.4,14.1,14.1
2006/12/25,14.2,14.7,14.1,14.5
2006/12/26,14.7,14.7,14.1,14.2
2006/12/27,14.3,14.3,13.7,14.0
2006/12/28,13.9,14.0,13.6,13.7
2006/12/29,13.7,14.1,13.7,14.0
2007/01/01,14.0,14.0,14.0,14.0
2007/01/02,14.1,14.3,14.0,14.1
2007/01/03,14.1,14.3,13.9,13.9
2007/01/04,13.9,14.1,13.9,13.9
2007/01/05,14.0,14.2,13.9,14.0
2007/01/08,14.0,14.0,13.7,13.7
2007/01/09,13.8,14.1,13.7,13.8
2007/01/10,13.9,14.0,13.7,13.8
2007/01/11,13.9,13.9,12.9,13.1
2007/01/12,13.3,13.5,13.2,13.4
2007/01/15,13.4,13.8,13.4,13.6
2007/01/16,13.6,13.8,13.5,13.7
2007/01/17,13.7,14.2,13.7,14.1
2007/01/18,14.1,14.3,13.9,14.0
2007/01/19,14.0,14.1,13.8,13.8
2007/01/22,13.9,13.9,13.7,13.8
2007/01/23,13.8,14.1,13.6,13.9
2007/01/24,13.9,14.1,13.9,13.9
2007/01/25,14.1,14.2,13.9,13.9
2007/01/26,13.8,14.0,13.8,13.8
2007/01/29,13.7,14.1,13.5,13.6
2007/01/30,13.7,13.8,13.1,13.2
2007/01/31,13.5,13.5,12.9,13.2
2007/02/01,13.2,13.3,13.0,13.1
2007/02/02,13.2,13.3,13.1,13.1
2007/02/05,13.1,13.4,13.1,13.3
2007/02/06,13.4,13.5,13.3,13.5
2007/02/07,13.6,13.8,13.4,13.4
2007/02/08,13.6,13.6,13.3,13.4
2007/02/09,13.3,13.4,13.2,13.2
2007/02/12,13.2,13.4,13.2,13.3
2007/02/13,13.4,13.4,13.3,13.4
2007/02/14,13.5,13.6,13.4,13.4
2007/02/26,13.6,13.6,13.4,13.5
2007/02/27,13.5,13.6,13.4,13.4
2007/03/01,13.2,13.3,12.9,13.1
2007/03/02,13.1,13.2,13.0,13.2
2007/03/05,14.0,14.0,13.1,13.1
2007/03/06,13.3,13.4,13.1,13.4
2007/03/07,13.4,13.6,13.4,13.4
2007/03/08,13.5,13.9,13.4,13.6
2007/03/09,13.9,14.2,13.8,13.9
2007/03/12,14.3,14.7,14.1,14.3
2007/03/13,14.3,14.3,13.9,13.9
2007/03/14,13.8,13.8,13.6,13.7
2007/03/15,13.7,14.1,13.7,13.9
2007/03/16,13.9,14.2,13.8,13.9
2007/03/20,14.2,14.2,13.9,14.0
2007/03/21,14.0,14.1,13.9,13.9
2007/03/22,14.0,14.1,13.8,13.8
2007/03/23,13.9,14.2,13.8,13.9
2007/03/26,13.9,14.1,13.8,13.9
2007/03/27,13.9,14.2,13.9,13.9
2007/03/28,13.9,14.8,13.9,14.8
2007/03/29,14.5,15.0,14.5,14.6
2007/03/30,14.7,15.0,14.5,14.5
2007/04/02,14.8,15.1,14.7,14.8
2007/04/03,15.0,15.0,14.5,14.7
2007/04/04,14.7,15.0,14.6,14.6
2007/04/09,14.7,14.7,14.5,14.5
2007/04/10,14.5,14.7,14.5,14.5
2007/04/11,14.7,15.6,14.6,15.6
2007/04/12,15.9,16.6,15.8,16.6
2007/04/13,17.2,17.2,16.1,16.1
2007/04/16,17.0,17.1,16.4,16.4
2007/04/17,16.8,16.8,15.7,15.8
2007/04/18,15.9,16.2,15.6,16.0
2007/04/19,16.0,16.1,15.5,15.6
2007/04/20,15.8,16.1,15.7,15.8
2007/04/23,16.0,16.8,15.8,16.5
2007/04/24,16.4,16.5,16.2,16.3
2007/04/25,16.3,16.8,16.3,16.3
2007/04/26,16.6,16.6,16.3,16.3
2007/04/27,16.6,16.6,16.3,16.3
2007/04/30,16.3,16.4,15.8,15.9
2007/05/02,16.0,16.5,16.0,16.1
2007/05/03,16.4,16.6,15.5,16.0
2007/05/04,16.5,17.0,16.3,16.6
2007/05/07,16.8,17.8,16.6,17.8
2007/05/08,18.1,19.0,18.1,18.1
2007/05/09,18.1,18.4,17.8,18.2
2007/05/10,18.4,18.6,18.1,18.1
2007/05/11,17.9,18.2,17.6,17.7
2007/05/14,17.9,18.1,17.5,17.5
2007/05/15,17.5,17.8,17.4,17.5
2007/05/16,17.5,17.7,17.3,17.3
2007/05/17,17.5,18.0,17.4,17.5
2007/05/18,17.6,17.6,17.3,17.4
2007/05/21,17.6,17.7,17.4,17.4
2007/05/22,17.6,17.8,17.5,17.5
2007/05/23,17.7,18.2,17.6,18.1
2007/05/24,18.1,18.3,17.7,17.7
2007/05/25,17.6,17.9,17.5,17.6
2007/05/28,18.1,18.4,18.0,18.1
2007/05/29,18.4,18.5,18.0,18.0
2007/05/30,18.2,18.2,17.9,17.9
2007/05/31,18.0,18.3,17.9,17.9
2007/06/01,18.2,18.8,18.1,18.4
2007/06/04,18.8,19.1,18.7,18.9
2007/06/05,19.1,19.4,18.8,18.9
2007/06/06,19.0,19.1,18.4,18.4
2007/06/07,18.3,18.7,18.2,18.6
2007/06/08,18.6,18.7,18.4,18.5
2007/06/11,18.7,19.1,18.6,19.0
2007/06/12,19.1,19.4,18.8,19.0
2007/06/13,19.0,19.0,18.7,18.8
2007/06/14,18.8,19.1,18.4,18.5
2007/06/15,18.8,19.0,18.6,18.6
2007/06/20,19.0,19.2,18.8,18.8
2007/06/21,19.1,19.3,18.8,19.2
2007/06/22,19.5,20.5,19.5,20.0
2007/06/25,20.7,21.1,20.3,20.9
2007/06/26,21.5,21.5,20.7,20.8
2007/06/27,21.0,21.4,20.9,20.9
2007/06/28,21.3,21.5,20.9,20.9
2007/06/29,21.0,21.1,20.6,20.7
2007/07/02,20.8,20.9,20.4,20.7
2007/07/03,20.9,21.1,20.7,20.7
2007/07/04,20.9,21.3,20.9,20.9
2007/07/05,21.3,22.3,21.0,22.3
2007/07/06,22.8,23.6,22.5,23.6
2007/07/09,23.9,24.0,23.2,23.3
2007/07/10,23.4,23.7,23.1,23.3
2007/07/11,23.3,23.8,23.3,23.3
2007/07/12,23.8,24.6,23.7,24.0
2007/07/13,24.5,24.5,23.3,23.3
2007/07/16,23.4,23.6,22.9,22.9
2007/07/17,22.9,23.2,22.5,23.0
2007/07/18,23.0,23.3,22.7,22.7
2007/07/19,22.7,23.4,22.7,23.1
2007/07/20,23.6,23.8,23.1,23.4
2007/07/23,23.3,23.6,23.3,23.6
2007/07/24,23.8,24.5,23.8,24.0
2007/07/25,23.8,24.2,23.8,24.0
2007/07/26,24.2,24.2,22.8,23.1
2007/07/27,22.8,23.8,22.8,23.3
2007/07/30,23.3,24.1,23.3,23.4
2007/07/31,23.7,24.0,23.1,24.0
2007/08/01,24.0,25.6,24.0,24.6
2007/08/02,25.6,26.0,24.0,24.2
2007/08/03,25.0,25.0,24.0,24.3
2007/08/06,24.0,24.8,23.9,24.3
2007/08/07,24.6,25.4,24.4,24.4
2007/08/08,24.8,25.0,24.6,24.9
2007/08/09,25.3,26.6,25.1,26.6
2007/08/10,26.1,28.4,26.0,27.7
2007/08/13,29.6,29.6,28.7,29.6
2007/08/14,30.7,31.7,30.7,31.7
2007/08/15,32.8,33.9,30.9,31.2
2007/08/16,31.7,32.4,29.0,29.0
2007/08/17,27.3,28.7,27.0,27.0
2007/08/20,28.9,28.9,27.9,28.9
2007/08/21,29.8,30.9,29.6,30.8
2007/08/22,31.6,32.4,30.8,31.8
2007/08/23,33.1,33.7,31.8,32.0
2007/08/24,32.0,33.1,31.7,32.6
2007/08/27,33.7,34.8,33.2,34.8
2007/08/28,34.7,35.0,33.6,34.4
2007/08/29,32.2,34.0,32.1,32.1
2007/08/30,32.6,33.6,32.1,32.5
2007/08/31,32.8,34.7,32.8,34.4
2007/09/03,34.9,36.0,34.3,34.4
2007/09/04,34.7,35.3,32.7,32.9
2007/09/05,33.2,34.0,32.2,33.2
2007/09/06,33.2,33.8,32.6,33.3
2007/09/07,33.3,34.0,32.7,32.8
2007/09/10,32.3,35.1,32.3,35.1
2007/09/11,35.8,37.3,35.8,36.9
2007/09/12,37.6,37.7,36.1,36.1
2007/09/13,35.9,36.6,35.3,35.3
2007/09/14,36.2,37.0,35.8,36.3
2007/09/17,36.3,37.5,36.1,36.6
2007/09/19,37.7,38.1,36.3,36.4
2007/09/20,36.9,36.9,34.5,34.7
2007/09/21,34.7,36.8,34.2,36.8
2007/09/26,37.0,37.7,36.1,36.1
2007/09/27,36.1,36.2,35.1,35.3
2007/09/28,35.3,36.3,35.3,35.8
2007/10/01,35.7,35.7,34.5,34.7
2007/10/02,35.1,35.3,33.7,33.9
2007/10/03,34.1,35.0,33.8,34.1
2007/10/04,34.1,34.4,32.6,33.7
2007/10/05,33.5,35.0,33.5,34.9
2007/10/08,34.9,35.1,33.7,33.7
2007/10/09,33.7,34.4,33.3,33.5
2007/10/11,34.4,35.3,34.0,35.3
2007/10/12,35.5,36.1,34.4,34.4
2007/10/15,35.7,36.7,35.3,36.6
2007/10/16,36.6,37.3,35.8,36.1
2007/10/17,36.4,37.4,36.0,36.0
2007/10/18,36.7,37.1,35.4,35.6
2007/10/19,35.6,37.2,35.6,36.6
2007/10/22,36.1,37.4,36.0,37.2
2007/10/23,38.4,39.8,38.2,39.8
2007/10/24,40.6,41.5,39.3,39.3
2007/10/25,41.0,42.1,40.3,42.1
2007/10/26,42.3,44.9,42.2,44.6
2007/10/29,46.2,46.7,43.1,43.7
2007/10/30,43.1,44.3,42.1,43.5
2007/10/31,43.5,45.5,43.1,43.9
2007/11/01,45.4,45.4,41.0,42.5
2007/11/02,39.5,39.9,39.5,39.5
2007/11/05,37.7,40.8,36.9,40.4
2007/11/06,40.9,40.9,39.8,39.8
2007/11/07,40.6,42.4,40.5,40.7
2007/11/08,39.4,39.9,37.9,37.9
2007/11/09,37.9,38.6,35.3,37.0
2007/11/12,34.9,35.7,34.4,34.6
2007/11/13,36.0,37.0,35.3,37.0
2007/11/14,37.9,39.3,37.9,38.5
2007/11/15,37.7,38.5,37.3,37.6
2007/11/16,37.1,38.4,36.5,38.1
2007/11/19,38.8,39.0,37.7,38.0
2007/11/20,37.1,39.8,36.1,39.8
2007/11/21,39.4,39.7,37.7,37.7
2007/11/22,37.7,39.2,36.9,36.9
2007/11/23,37.3,37.3,34.3,34.3
2007/11/26,34.3,34.3,32.0,32.8
2007/11/27,31.2,33.9,31.2,33.1
2007/11/28,33.4,33.5,30.8,30.8
2007/11/29,31.8,32.3,29.0,29.3
2007/11/30,29.7,31.4,29.6,31.4
2007/12/03,31.3,31.3,31.3,31.3
2007/12/04,31.6,33.5,31.0,33.5
2007/12/05,33.5,34.4,33.3,33.5
2007/12/06,34.0,34.3,31.7,31.9
2007/12/07,32.2,32.7,31.9,32.4
2007/12/10,31.9,32.1,30.2,30.2
2007/12/11,30.0,31.0,29.4,30.1
2007/12/12,29.8,30.8,29.2,30.8
2007/12/13,30.7,31.4,29.1,29.1
2007/12/14,29.4,29.8,27.1,27.8
2007/12/17,27.1,27.8,25.9,25.9
2007/12/18,25.5,27.7,24.8,27.4
2007/12/19,27.4,28.5,27.2,28.5
2007/12/20,28.6,28.6,26.6,26.6
2007/12/21,27.3,28.2,26.9,28.1
2007/12/24,28.9,29.5,28.6,29.0
2007/12/25,29.0,30.6,28.5,30.6
2007/12/26,30.2,30.6,29.5,29.5
2007/12/27,29.5,31.6,29.5,31.1
2007/12/28,30.6,32.8,30.5,31.0
2007/12/31,31.6,32.1,31.4,31.7
2008/01/02,31.7,31.7,30.5,30.6
2008/01/03,29.7,31.1,29.4,31.1
2008/01/04,30.3,30.8,30.0,30.2
2008/01/07,28.8,29.9,28.1,28.1
2008/01/08,28.0,29.0,26.8,27.4
2008/01/09,26.7,27.4,25.8,26.8
2008/01/10,27.4,28.6,27.4,28.0
2008/01/11,28.7,29.0,28.0,28.2
2008/01/14,29.5,29.5,28.1,28.9
2008/01/15,29.5,30.3,28.5,28.9
2008/01/16,28.0,28.5,26.9,26.9
2008/01/17,27.1,27.6,26.2,27.1
2008/01/18,26.1,27.4,25.9,27.1
2008/01/21,27.1,27.7,26.7,26.9
2008/01/22,25.1,25.5,25.1,25.1
2008/01/23,24.7,25.6,23.3,23.3
2008/01/24,23.9,24.3,21.8,23.4
2008/01/25,23.9,24.9,23.7,24.9
2008/01/28,25.5,26.2,24.6,24.6
2008/01/29,25.4,25.4,24.2,24.8
2008/01/30,24.6,25.2,24.4,24.6
2008/01/31,24.6,24.6,22.9,23.2
2008/02/01,23.6,24.7,23.4,24.6
2008/02/12,24.6,24.6,23.4,23.7
2008/02/13,24.2,24.8,23.5,23.6
2008/02/14,24.5,25.3,24.4,25.3
2008/02/15,25.1,26.6,25.1,26.5
2008/02/18,27.4,27.6,26.5,26.5
2008/02/19,26.7,27.6,26.2,27.3
2008/02/20,27.1,27.1,26.2,26.2
2008/02/21,27.2,28.0,26.8,28.0
2008/02/22,27.7,28.9,27.4,28.0
2008/02/25,28.2,28.7,27.5,27.5
2008/02/26,27.9,27.9,27.1,27.1
2008/02/27,27.4,28.6,27.2,27.8
2008/02/29,27.6,28.8,27.6,28.4
2008/03/03,27.6,28.5,27.2,28.5
2008/03/04,28.7,30.4,28.7,30.4
2008/03/05,31.1,31.7,30.5,30.5
2008/03/06,31.6,31.7,30.6,31.0
2008/03/07,30.7,32.4,30.7,31.3
2008/03/10,31.8,31.8,30.0,30.0
2008/03/11,29.0,31.6,29.0,31.6
2008/03/12,32.9,33.4,31.8,31.8
2008/03/13,31.8,32.4,31.0,31.0
2008/03/14,31.3,31.5,29.8,30.0
2008/03/17,29.4,30.8,29.2,30.5
2008/03/18,30.7,30.8,30.0,30.8
2008/03/19,32.0,32.3,30.8,30.8
2008/03/20,30.8,31.5,30.6,31.2
2008/03/21,31.6,32.6,31.4,32.6
2008/03/24,34.8,34.8,33.6,34.8
2008/03/25,35.2,36.0,34.4,34.4
2008/03/26,34.9,35.2,34.1,34.1
2008/03/27,34.1,35.1,33.6,34.6
2008/03/28,34.8,35.4,34.4,35.0
2008/03/31,35.6,35.6,34.7,34.7
2008/04/01,35.2,35.2,33.4,33.4
2008/04/02,34.7,35.2,33.9,34.9
2008/04/03,35.1,35.6,34.9,35.1
2008/04/07,35.5,37.3,35.5,37.0
2008/04/08,36.9,37.5,36.5,36.5
2008/04/09,36.9,38.0,36.6,37.3
2008/04/10,37.3,38.2,37.2,37.2
2008/04/11,38.1,38.1,36.4,36.6
2008/04/14,36.6,37.2,36.2,36.7
2008/04/15,37.0,37.1,36.3,36.3
2008/04/16,36.7,37.1,36.3,36.3
2008/04/17,36.9,37.2,36.1,36.7
2008/04/18,36.7,36.9,35.8,36.1
2008/04/21,36.2,36.5,35.8,36.0
2008/04/22,36.4,37.5,36.4,37.5
2008/04/23,37.7,38.1,37.0,37.5
2008/04/24,37.6,38.3,37.4,37.4
2008/04/25,37.7,37.9,36.9,36.9
2008/04/28,36.9,37.2,36.0,36.3
2008/04/29,36.3,36.7,35.9,36.1
2008/04/30,36.3,36.5,35.0,35.2
2008/05/02,35.7,35.9,35.4,35.8
2008/05/05,35.6,36.3,34.8,34.9
2008/05/06,34.9,35.2,34.3,34.9
2008/05/07,35.4,35.8,35.1,35.1
2008/05/08,35.4,35.4,35.4,35.4
2008/05/09,35.7,35.8,34.9,34.9
2008/05/12,34.9,35.2,33.9,34.0
2008/05/13,34.0,34.4,33.6,34.2
2008/05/14,34.4,35.7,34.3,35.7
2008/05/15,35.8,36.5,35.8,35.9
2008/05/16,36.3,36.3,35.3,35.3
2008/05/19,35.5,35.8,35.1,35.7
2008/05/20,35.7,36.5,34.9,34.9
2008/05/21,34.9,35.4,34.9,35.0
2008/05/22,34.7,34.9,33.8,34.2
2008/05/23,34.2,34.5,32.8,32.8
2008/05/26,32.9,33.6,31.7,31.7
2008/05/27,32.5,32.5,31.7,32.0
2008/05/28,32.1,32.5,31.8,31.9
2008/05/29,32.4,32.6,31.7,31.7
2008/05/30,32.2,32.3,31.0,31.2
2008/06/02,31.2,31.7,30.8,30.9
2008/06/03,30.8,30.8,28.8,28.8
2008/06/04,27.9,29.0,27.6,28.8
2008/06/05,28.9,29.9,28.4,29.8
2008/06/06,29.9,29.9,29.4,29.4
2008/06/09,28.3,29.0,28.3,28.9
2008/06/10,28.8,29.2,27.8,28.0
2008/06/11,28.0,28.3,26.7,26.7
2008/06/12,26.2,26.2,24.9,25.0
2008/06/13,25.3,26.1,25.0,25.7
2008/06/16,26.6,26.9,25.3,25.4
2008/06/17,25.6,25.8,25.0,25.8
2008/06/18,25.9,26.8,25.8,26.6
2008/06/19,26.2,27.2,26.0,27.1
2008/06/20,27.5,28.0,27.0,27.5
2008/06/23,27.6,28.9,27.5,28.7
2008/06/24,28.6,28.6,26.7,26.7
2008/06/25,26.7,27.2,25.7,26.9
2008/06/26,27.3,28.0,26.9,26.9
2008/06/27,25.5,26.1,25.4,25.8
2008/06/30,25.8,26.4,25.1,25.1
2008/07/01,25.4,26.1,25.0,25.2
2008/07/02,26.0,27.0,25.8,26.9
2008/07/03,26.5,28.7,25.9,28.7
2008/07/04,28.7,28.7,27.1,27.3
2008/07/07,27.9,29.2,27.6,29.2
2008/07/08,29.2,29.9,27.3,27.8
2008/07/09,29.5,29.7,28.7,29.3
2008/07/10,29.1,30.1,28.9,29.4
2008/07/11,29.4,30.2,29.1,30.1
2008/07/14,30.1,31.0,29.8,29.9
2008/07/15,29.5,30.2,27.9,28.0
2008/07/16,28.7,29.2,28.4,28.7
2008/07/17,30.3,30.7,29.8,30.7
2008/07/18,31.2,31.2,29.1,29.7
2008/07/21,30.7,30.9,30.0,30.6
2008/07/22,30.4,31.4,30.3,31.0
2008/07/23,31.6,32.3,31.4,31.4
2008/07/24,31.6,31.8,30.8,31.3
2008/07/25,30.5,31.5,30.5,30.8
2008/07/29,30.2,30.8,29.4,29.5
2008/07/30,30.3,30.9,30.1,30.3
2008/07/31,30.8,30.9,28.9,29.4
2008/08/01,29.4,30.2,29.4,29.8
2008/08/04,29.9,30.1,29.4,29.4
2008/08/05,29.6,29.8,27.4,27.4
2008/08/06,28.0,28.3,26.2,28.1
2008/08/07,27.8,28.9,27.6,28.9
2008/08/08,29.2,30.4,29.0,30.3
2008/08/11,30.8,31.1,29.9,30.8
2008/08/12,31.0,31.0,30.1,30.6
2008/08/13,30.4,31.0,30.2,31.0
2008/08/14,30.8,32.4,30.7,32.2
2008/08/15,30.8,31.1,29.2,29.2
2008/08/18,28.8,29.2,27.9,27.9
2008/08/19,27.4,29.3,27.0,29.3
2008/08/20,29.0,29.7,28.1,29.3
2008/08/21,29.5,29.8,28.7,28.7
2008/08/22,29.3,29.4,27.6,29.1
2008/08/25,29.6,29.6,28.6,28.6
2008/08/26,28.2,28.5,28.1,28.1
2008/08/27,28.1,29.2,28.1,29.1
2008/08/28,29.5,29.7,28.9,28.9
2008/08/29,29.2,29.5,28.9,29.0
2008/09/01,29.2,29.6,27.9,28.2
2008/09/02,28.4,28.7,27.1,27.4
2008/09/03,27.5,27.6,25.8,26.2
2008/09/04,26.2,26.2,24.4,24.4
2008/09/05,23.2,24.3,22.9,24.2
2008/09/08,25.9,25.9,25.5,25.9
2008/09/09,25.9,26.2,24.7,25.1
2008/09/10,25.1,26.1,25.1,26.0
2008/09/11,26.0,26.5,24.8,24.8
2008/09/12,25.4,26.1,24.1,25.5
2008/09/15,24.6,25.1,23.7,23.7
2008/09/16,22.1,22.7,22.1,22.1
2008/09/17,22.5,23.6,21.1,21.5
2008/09/18,20.0,20.4,20.0,20.1
2008/09/19,21.3,21.5,20.7,21.5
2008/09/22,22.1,22.9,21.6,22.7
2008/09/23,22.2,23.5,21.9,23.3
2008/09/24,23.3,24.2,22.9,24.2
2008/09/25,24.1,24.7,23.7,23.8
2008/09/26,24.0,24.0,22.3,22.3
2008/09/30,20.8,20.8,20.8,20.8
2008/10/01,21.6,21.8,21.0,21.4
2008/10/02,21.4,22.1,20.7,21.1
2008/10/03,20.8,22.4,20.4,22.4
2008/10/06,21.7,21.8,21.4,21.5
2008/10/07,21.0,22.1,20.8,22.0
2008/10/08,21.1,21.4,20.5,20.5
2008/10/09,19.9,21.0,19.6,19.9
2008/10/13,19.2,19.6,19.2,19.2
2008/10/14,20.5,20.5,20.0,20.5
2008/10/15,20.1,20.6,19.9,20.3
2008/10/16,19.6,19.6,19.6,19.6
2008/10/17,19.4,19.6,19.0,19.0
2008/10/20,18.3,18.8,18.3,18.8
2008/10/21,18.8,19.4,18.2,18.2
2008/10/22,17.5,18.0,17.5,17.5
2008/10/23,16.9,16.9,16.9,16.9
2008/10/24,16.4,16.4,16.4,16.4
2008/10/27,15.2,15.2,15.2,15.2
2008/10/28,14.2,15.1,14.2,14.8
2008/10/29,15.6,15.6,13.8,13.8
2008/10/30,13.5,14.7,12.8,14.7
2008/10/31,14.7,15.7,14.1,15.6
2008/11/03,15.6,16.2,14.9,15.8
2008/11/04,16.1,16.6,15.9,16.5
2008/11/05,16.6,16.8,15.9,16.0
2008/11/06,14.9,15.2,14.9,14.9
2008/11/07,13.9,15.5,13.9,15.4
2008/11/10,15.4,15.6,15.0,15.0
2008/11/11,14.6,14.9,14.0,14.1
2008/11/12,13.8,14.5,13.7,13.9
2008/11/13,13.1,13.3,12.9,12.9
2008/11/14,13.0,13.4,12.3,12.4
2008/11/17,12.0,12.1,11.5,11.5
2008/11/18,10.7,10.9,10.7,10.7
2008/11/19,10.0,10.9,10.0,10.6
2008/11/20,9.9,10.1,9.9,9.9
2008/11/21,9.3,10.5,9.3,10.2
2008/11/24,10.1,10.4,9.6,9.7
2008/11/25,10.1,10.4,10.0,10.4
2008/11/26,10.6,11.1,10.4,11.1
2008/11/27,11.4,11.8,11.4,11.8
2008/11/28,12.2,12.6,12.0,12.2
2008/12/01,12.2,12.9,12.2,12.5
2008/12/02,11.7,12.5,11.7,12.2
2008/12/03,12.3,12.6,11.8,11.8
2008/12/04,12.1,12.5,11.7,11.8
2008/12/05,11.9,12.3,11.8,12.0
2008/12/08,12.1,12.8,12.0,12.8
2008/12/09,13.1,13.4,12.9,12.9
2008/12/10,12.9,13.6,12.8,13.5
2008/12/11,13.4,13.9,12.9,13.1
2008/12/12,12.8,13.4,12.2,12.2
2008/12/15,12.6,12.8,12.3,12.4
2008/12/16,12.3,12.7,12.3,12.6
2008/12/17,13.1,13.3,12.6,12.6
2008/12/18,12.8,12.9,12.4,12.9
2008/12/19,12.8,13.8,12.7,13.7
2008/12/22,13.8,14.1,13.2,13.2
2008/12/23,13.3,13.4,12.4,12.7
2008/12/24,12.4,12.8,12.3,12.6
2008/12/25,12.7,13.1,12.7,12.9
2008/12/26,12.9,13.3,12.8,12.9
2008/12/29,12.9,13.0,12.6,12.6
2008/12/30,12.8,13.3,12.8,13.1
2008/12/31,13.1,13.6,13.0,13.2
2009/01/05,13.7,13.9,13.4,13.5
2009/01/06,13.5,14.3,13.4,14.3
2009/01/07,14.7,15.3,14.7,15.3
2009/01/08,15.2,15.6,14.5,14.5
2009/01/09,14.6,15.5,14.6,15.3
2009/01/12,15.2,15.8,14.7,14.8
2009/01/13,14.7,15.0,14.6,15.0
2009/01/14,15.1,15.5,14.9,15.0
2009/01/15,14.1,14.6,14.0,14.0
2009/01/16,14.5,15.0,14.3,15.0
2009/01/19,15.0,15.2,14.9,15.0
2009/01/20,15.0,15.2,14.7,14.7
2009/01/21,14.7,15.1,14.7,14.9
2009/02/02,15.1,15.3,15.0,15.0
2009/02/03,15.2,15.9,15.2,15.9
2009/02/04,16.7,16.7,16.0,16.3
2009/02/05,16.0,16.4,15.8,15.9
2009/02/06,16.1,16.4,15.8,15.8
2009/02/09,15.8,16.1,15.2,15.3
2009/02/10,15.3,16.1,15.3,16.1
2009/02/11,15.8,16.4,15.8,16.2
2009/02/12,16.2,16.4,15.4,15.4
2009/02/13,15.7,16.1,15.6,16.0
2009/02/16,16.1,16.6,15.8,16.3
2009/02/17,16.1,16.5,15.7,15.7
2009/02/18,15.5,15.8,15.3,15.7
2009/02/19,15.6,15.9,15.5,15.8
2009/02/20,15.7,16.0,15.5,15.6
2009/02/23,15.4,15.8,15.3,15.8
2009/02/24,15.6,16.0,15.5,15.5
2009/02/25,15.8,16.1,15.7,15.8
2009/02/26,16.1,16.3,15.8,15.9
2009/02/27,16.0,16.5,16.0,16.4
2009/03/02,16.3,16.3,15.6,15.6
2009/03/03,15.4,16.2,14.9,16.2
2009/03/04,16.5,17.3,16.4,17.2
2009/03/05,17.7,17.9,17.2,17.2
2009/03/06,16.8,17.6,16.8,17.5
2009/03/09,17.7,18.5,17.5,18.5
2009/03/10,18.4,18.8,18.2,18.8
2009/03/11,19.1,19.2,18.3,18.3
2009/03/12,18.4,18.8,18.2,18.3
2009/03/13,18.6,18.7,18.3,18.3
2009/03/16,18.7,18.9,18.4,18.4
2009/03/17,18.4,18.8,18.1,18.5
2009/03/18,18.7,18.8,18.3,18.3
2009/03/19,18.5,18.7,18.3,18.3
2009/03/20,18.4,18.8,18.2,18.7
2009/03/23,18.8,19.6,18.8,19.6
2009/03/24,20.0,20.1,19.5,19.6
2009/03/25,19.6,20.0,19.5,19.7
2009/03/26,19.9,20.3,19.7,19.7
2009/03/27,19.9,20.5,19.7,19.9
2009/03/30,19.7,19.9,19.0,19.0
2009/03/31,19.0,19.3,18.5,18.6
2009/04/01,18.8,19.6,18.8,19.4
2009/04/02,19.9,20.1,19.6,19.8
2009/04/03,20.3,20.6,20.1,20.3
2009/04/06,20.9,21.4,20.5,20.8
2009/04/07,20.8,21.3,20.8,21.0
2009/04/08,20.9,21.3,20.2,20.3
2009/04/09,21.1,21.3,21.0,21.3
2009/04/10,21.6,21.6,20.8,21.1
2009/04/13,21.2,21.5,21.1,21.2
2009/04/14,21.2,21.5,21.2,21.3
2009/04/15,21.3,21.9,21.2,21.8
2009/04/16,22.3,22.5,21.5,21.5
2009/04/17,21.7,22.3,20.0,20.3
2009/04/20,20.5,21.0,19.9,21.0
2009/04/21,20.7,21.8,20.6,21.8
2009/04/22,21.8,22.6,21.6,22.5
2009/04/23,23.1,24.0,23.1,23.4
2009/04/24,23.6,23.9,22.8,23.2
2009/04/27,23.3,23.5,21.8,22.1
2009/04/28,22.1,22.8,21.7,22.1
2009/04/29,22.3,22.5,21.6,21.7
2009/04/30,23.2,23.2,22.7,23.2
2009/05/04,24.0,24.8,24.0,24.8
2009/05/05,25.7,25.8,24.2,24.7
2009/05/06,24.7,26.1,24.5,26.0
2009/05/07,26.2,26.5,25.4,25.7
2009/05/08,25.2,26.2,25.2,25.8
2009/05/11,26.3,26.7,26.1,26.2
2009/05/12,25.4,25.9,25.1,25.3
2009/05/13,25.4,26.2,25.4,25.7
2009/05/14,26.2,26.7,25.9,26.0
2009/05/15,26.9,27.7,26.7,27.6
2009/05/18,27.9,28.4,27.2,27.3
2009/05/19,27.9,28.1,26.8,26.8
2009/05/20,27.2,27.4,26.4,27.3
2009/05/21,27.6,28.3,27.5,27.6
2009/05/22,27.5,28.1,27.4,27.6
2009/05/25,28.1,29.1,27.6,28.8
2009/05/26,28.7,28.7,26.8,27.7
2009/05/27,28.2,29.2,27.8,29.2
2009/06/01,29.4,29.7,28.5,28.8
2009/06/02,29.6,29.7,27.8,28.4
2009/06/03,28.4,28.4,27.7,28.0
2009/06/04,27.8,28.3,27.4,27.6
2009/06/05,27.9,28.2,27.6,28.0
2009/06/08,28.3,28.4,26.9,27.0
2009/06/09,27.0,27.3,25.2,25.2
2009/06/10,25.1,25.4,23.7,24.2
2009/06/11,24.2,25.3,23.7,25.3
2009/06/12,25.4,25.6,24.8,24.8
2009/06/15,24.5,24.6,23.2,23.6
2009/06/16,23.6,23.9,22.7,23.7
2009/06/17,23.9,24.5,23.7,24.1
2009/06/18,24.8,24.9,24.3,24.5
2009/06/19,24.8,25.6,24.5,25.4
2009/06/22,25.4,25.9,25.1,25.6
2009/06/23,25.4,26.1,25.1,25.6
2009/06/24,26.1,27.0,26.1,26.5
2009/06/25,27.3,28.2,26.7,28.1
2009/06/26,28.4,29.0,27.9,28.1
2009/06/29,28.3,28.4,27.5,27.5
2009/06/30,28.1,28.2,27.5,27.5
2009/07/01,27.6,28.4,27.6,27.9
2009/07/02,28.4,28.7,28.1,28.6
2009/07/03,28.6,28.8,28.3,28.4
2009/07/06,28.7,29.4,28.6,28.9
2009/07/07,29.2,29.6,28.9,28.9
2009/07/08,28.7,28.9,27.9,28.1
2009/07/09,28.9,30.1,28.9,30.1
2009/07/10,30.0,30.0,29.3,29.7
2009/07/13,29.2,29.6,27.7,27.7
2009/07/14,28.1,28.5,27.9,28.5
2009/07/15,28.8,30.4,28.8,30.4
2009/07/16,30.3,30.6,29.8,30.2
2009/07/17,30.5,30.8,30.2,30.3
2009/07/20,30.5,30.7,30.0,30.3
2009/07/21,30.4,30.9,29.8,30.5
2009/07/22,30.5,30.7,30.3,30.3
2009/07/23,30.4,31.0,30.1,30.8
2009/07/24,31.2,31.7,30.6,30.9
2009/07/27,31.2,31.3,30.5,31.1
2009/07/28,31.1,32.6,30.9,32.4
2009/07/29,32.5,32.7,31.8,31.9
2009/07/30,31.7,32.2,31.0,32.1
2009/07/31,32.5,34.1,32.2,34.1
2009/08/03,34.6,36.4,34.3,36.4
2009/08/04,38.0,38.0,34.2,34.4
2009/08/05,34.0,35.5,34.0,34.8
2009/08/06,34.9,35.5,32.7,33.6
2009/08/10,33.0,34.7,33.0,34.1
2009/08/11,34.7,35.6,34.3,35.5
2009/08/12,35.5,36.1,35.0,35.3
2009/08/13,35.5,37.4,35.5,36.8
2009/08/14,37.1,37.9,36.3,36.3
2009/08/17,36.3,36.3,35.1,35.1
2009/08/18,33.8,34.8,33.4,33.6
2009/08/19,34.4,34.9,33.8,34.2
2009/08/20,34.4,35.0,33.3,34.4
2009/08/21,35.1,35.7,34.4,34.8
2009/08/24,36.3,36.3,34.8,35.1
2009/08/25,35.1,35.5,34.3,34.7
2009/08/26,34.7,34.9,33.4,33.6
2009/08/27,33.0,34.1,33.0,33.8
2009/08/28,34.0,34.5,33.5,33.8
2009/08/31,34.9,35.9,34.8,35.9
2009/09/01,35.5,37.1,35.5,36.8
2009/09/02,36.3,37.0,36.2,36.3
2009/09/03,36.7,37.9,36.4,37.2
2009/09/04,37.4,37.9,36.8,36.9
2009/09/07,37.6,37.8,37.0,37.1
2009/09/08,37.1,37.8,36.7,37.3
2009/09/09,38.0,38.9,37.5,37.5
2009/09/10,38.9,39.2,36.9,36.9
2009/09/11,36.9,37.5,36.8,37.2
2009/09/14,37.2,37.3,36.7,36.8
2009/09/15,36.9,37.4,36.8,37.1
2009/09/16,37.4,37.8,37.3,37.5
2009/09/17,38.0,38.5,37.6,37.9
2009/09/18,38.0,38.4,37.9,38.3
2009/09/21,38.5,39.3,38.5,38.9
2009/09/22,39.1,39.3,38.5,39.0
2009/09/23,38.9,39.0,37.4,37.4
2009/09/24,37.4,37.7,37.0,37.6
2009/09/25,37.2,37.7,37.1,37.3
2009/09/28,37.6,38.2,37.2,37.3
2009/09/29,37.6,37.9,37.6,37.9
2009/09/30,38.2,38.6,38.1,38.5
2009/10/01,38.9,39.2,38.5,39.0
2009/10/02,38.4,39.0,38.3,38.6
2009/10/05,38.9,39.0,38.3,38.4
2009/10/06,38.9,39.1,38.5,38.5
2009/10/07,38.9,39.1,38.3,38.8
2009/10/08,39.1,40.4,39.1,39.4
2009/10/09,40.1,40.4,39.3,39.6
2009/10/12,40.4,40.4,39.6,40.1
2009/10/13,40.0,41.8,39.7,41.4
2009/10/14,41.6,41.8,40.8,41.4
2009/10/15,41.8,41.9,40.3,40.5
2009/10/16,40.7,41.1,40.4,40.6
2009/10/19,40.4,40.9,40.2,40.7
2009/10/20,41.2,41.2,40.4,40.6
2009/10/21,40.8,41.0,40.4,40.5
2009/10/22,40.5,40.8,39.7,39.8
2009/10/23,40.1,40.7,40.0,40.6
2009/10/26,40.6,41.6,40.6,40.9
2009/10/27,40.9,40.9,40.1,40.6
2009/10/28,40.6,40.7,39.9,40.0
2009/10/29,38.5,39.1,37.3,37.8
2009/10/30,38.1,38.6,37.8,38.5
2009/11/02,37.6,37.9,37.0,37.6
2009/11/03,37.8,38.2,37.7,38.2
2009/11/04,38.5,39.5,38.5,39.3
2009/11/05,39.7,39.7,38.8,39.3
2009/11/06,39.9,40.4,39.0,39.0
2009/11/09,39.3,40.0,39.3,39.5
2009/11/10,40.0,40.3,39.6,39.6
2009/11/11,39.8,40.1,39.3,39.8
2009/11/12,40.1,40.2,39.5,39.5
2009/11/13,39.5,39.9,39.1,39.8
2009/11/16,40.2,40.4,40.0,40.1
2009/11/17,40.4,40.6,39.7,39.7
2009/11/18,40.0,40.1,39.6,39.6
2009/11/19,39.6,40.1,39.3,39.4
2009/11/20,39.4,39.4,38.7,39.1
2009/11/23,39.6,40.8,39.6,40.6
2009/11/24,41.0,41.0,40.0,40.1
2009/11/25,40.1,40.4,39.7,39.7
2009/11/26,40.0,40.1,39.5,39.5
2009/11/27,39.0,39.2,38.3,38.3
2009/11/30,38.7,39.0,38.5,38.5
2009/12/01,38.7,38.9,38.5,38.6
2009/12/02,38.7,39.1,38.5,38.7
2009/12/03,39.0,39.2,38.8,38.9
2009/12/04,38.9,39.1,38.5,38.5
2009/12/07,39.3,39.6,38.9,39.6
2009/12/08,39.9,40.1,39.5,39.7
2009/12/09,39.8,40.6,39.7,40.1
2009/12/10,40.3,41.6,40.1,40.1
2009/12/11,41.2,42.0,40.8,41.6
2009/12/14,41.8,44.5,41.3,44.1
2009/12/15,44.0,46.5,43.6,45.9
2009/12/16,46.5,46.8,45.3,45.9
2009/12/17,46.5,46.5,44.5,44.8
2009/12/18,44.4,44.9,44.1,44.4
2009/12/21,45.0,46.2,45.0,45.2
2009/12/22,45.6,45.9,44.9,45.9
2009/12/23,46.1,46.1,45.2,45.3
2009/12/24,45.9,46.3,45.3,45.7
2009/12/25,46.3,46.3,45.6,45.8
2009/12/28,46.1,47.0,46.1,46.1
2009/12/29,46.5,47.0,46.2,46.7
2009/12/30,47.2,47.2,46.5,47.1
2009/12/31,47.1,47.3,46.7,47.1
2010/01/04,47.1,47.3,46.1,46.2
2010/01/05,46.2,46.8,45.0,45.7
2010/01/06,45.6,45.7,45.0,45.6
2010/01/07,45.6,46.4,44.9,45.3
2010/01/08,45.5,45.6,44.5,45.0
2010/01/11,45.6,45.6,45.1,45.5
2010/01/12,45.6,45.8,45.0,45.7
2010/01/13,45.3,47.2,45.3,46.1
2010/01/14,46.7,47.9,46.7,47.5
2010/01/15,47.9,48.1,47.2,47.5
2010/01/18,47.5,48.8,47.2,48.0
2010/01/19,48.2,48.4,46.3,47.1
2010/01/20,47.5,47.5,46.3,46.5
2010/01/21,46.1,46.5,45.6,45.6
2010/01/22,44.8,45.2,44.3,44.5
2010/01/25,44.1,44.1,43.1,43.2
2010/01/26,43.2,43.9,41.3,41.4
2010/01/27,41.4,42.1,41.0,42.1
2010/01/28,42.3,43.9,41.9,43.9
2010/01/29,42.3,42.7,41.5,42.1
2010/02/01,42.7,43.1,41.7,42.3
2010/02/02,43.3,43.3,42.0,42.4
2010/02/03,43.1,43.1,42.0,42.5
2010/02/04,42.7,43.1,42.2,42.3
2010/02/05,41.0,41.2,39.4,39.4
2010/02/08,39.6,40.1,39.4,39.6
2010/02/09,39.7,41.3,39.7,41.2
2010/02/10,41.8,42.9,41.4,42.7
2010/02/22,44.4,44.7,43.5,44.2
2010/02/23,45.0,46.4,44.7,46.4
2010/02/24,46.4,46.6,44.8,45.0
2010/02/25,45.2,45.7,43.9,44.5
2010/02/26,44.5,44.6,43.6,43.7
2010/03/01,44.0,46.5,43.9,46.1
2010/03/02,46.7,46.7,45.0,46.1
2010/03/03,46.1,46.5,45.3,45.3
2010/03/04,45.6,45.6,43.1,43.9
2010/03/05,44.7,44.8,42.9,43.8
2010/03/08,44.6,44.7,44.1,44.5
2010/03/09,45.0,45.6,44.8,45.6
2010/03/10,45.9,45.9,45.0,45.0
2010/03/11,45.0,45.2,44.3,44.4
2010/03/12,44.4,44.5,43.8,44.2
2010/03/15,44.3,44.6,43.9,43.9
2010/03/16,44.2,44.8,43.8,44.8
2010/03/17,45.0,45.5,44.5,45.2
2010/03/18,44.8,45.3,44.7,44.7
2010/03/19,45.1,45.5,44.8,45.0
2010/03/22,44.8,45.2,43.9,45.2
2010/03/23,45.6,45.6,43.4,43.9
2010/03/24,44.2,44.5,43.8,44.1
2010/03/25,43.9,43.9,43.3,43.6
2010/03/26,43.5,43.9,43.1,43.4
2010/03/29,43.9,44.8,43.4,44.1
2010/03/30,44.1,44.8,44.1,44.4
2010/03/31,44.8,45.0,43.9,43.9
2010/04/01,44.3,46.6,43.9,46.0
2010/04/02,45.8,46.3,45.5,45.7
2010/04/06,46.3,46.3,45.6,45.6
2010/04/07,46.1,47.2,46.1,46.7
2010/04/08,46.9,47.2,46.2,46.7
2010/04/09,46.9,49.9,46.7,49.9
2010/04/12,50.6,52.3,49.9,49.9
2010/04/13,50.3,50.8,49.6,49.9
2010/04/14,50.3,51.2,50.0,50.9
2010/04/15,51.2,54.4,50.3,54.4
2010/04/16,55.4,55.4,52.1,52.9
2010/04/19,52.1,52.1,49.8,50.3
2010/04/20,50.5,53.8,50.5,53.8
2010/04/21,53.8,54.8,53.1,54.1
2010/04/22,53.8,54.1,52.6,53.1
2010/04/23,53.4,54.5,52.8,53.7
2010/04/26,54.4,57.4,54.4,56.8
2010/04/27,56.2,56.6,55.4,56.4
2010/04/28,54.6,57.9,54.6,57.5
2010/04/29,57.8,58.3,57.2,57.5
2010/04/30,57.9,58.1,54.9,54.9
2010/05/03,55.2,56.1,54.3,54.8
2010/05/04,55.6,55.6,52.9,53.8
2010/05/05,52.4,53.1,51.6,51.9
2010/05/06,51.6,52.6,50.5,50.5
2010/05/07,47.8,51.9,47.8,51.4
2010/05/10,51.8,53.6,51.4,53.5
2010/05/11,53.5,54.3,52.0,52.0
2010/05/12,52.0,52.8,50.7,50.7
2010/05/13,51.8,51.9,50.9,51.5
2010/05/14,51.0,52.4,51.0,52.1
2010/05/17,51.4,51.5,49.5,49.5
2010/05/18,49.5,50.3,49.0,49.9
2010/05/19,49.5,51.0,49.2,50.8
2010/05/20,50.7,50.7,48.2,48.2
2010/05/21,46.1,46.8,45.6,46.4
2010/05/24,47.2,49.6,46.9,49.6
2010/05/25,48.3,49.9,47.3,47.8
2010/05/26,48.6,50.7,48.5,50.7
2010/05/27,50.7,51.9,50.1,51.0
2010/05/28,52.2,52.9,51.9,52.2
2010/05/31,52.4,52.8,51.6,52.6
2010/06/01,52.4,52.9,52.0,52.6
2010/06/02,52.2,52.9,51.6,52.3
2010/06/03,53.7,53.9,53.0,53.0
2010/06/04,53.2,53.2,51.6,51.6
2010/06/07,49.7,50.6,49.5,50.2
2010/06/08,50.2,53.7,50.2,52.7
2010/06/09,52.7,52.7,50.3,51.0
2010/06/10,51.6,51.9,50.5,51.6
2010/06/11,52.8,53.3,52.1,52.8
2010/06/14,53.2,53.5,52.3,52.3
2010/06/15,52.8,53.7,52.5,53.3
2010/06/17,53.7,54.6,53.2,53.2
2010/06/18,53.5,53.7,52.2,52.6
2010/06/21,54.4,56.2,54.3,55.0
2010/06/22,54.9,55.9,54.9,54.9
2010/06/23,54.3,55.9,54.3,55.1
2010/06/24,55.3,55.5,54.6,54.7
2010/06/25,53.9,54.1,52.6,52.8
2010/06/28,53.2,53.7,52.8,53.1
2010/06/29,53.7,54.0,52.1,52.4
2010/06/30,50.7,51.3,50.0,50.7
2010/07/01,50.7,51.2,50.3,50.9
2010/07/02,50.9,51.4,50.3,50.5
2010/07/05,50.6,51.2,50.5,51.0
2010/07/06,50.5,52.6,50.5,52.5
2010/07/07,52.6,52.8,51.6,51.6
2010/07/08,52.7,52.7,51.7,52.0
2010/07/09,52.4,53.9,52.2,53.2
2010/07/12,53.8,55.0,53.2,54.4
2010/07/13,54.5,54.7,53.4,54.2
2010/07/14,54.6,55.4,53.7,53.7
2010/07/15,53.8,54.7,53.8,54.4
2010/07/16,54.8,54.8,53.8,53.9
2010/07/19,53.9,54.8,53.8,54.0
2010/07/20,54.4,54.9,54.1,54.7
2010/07/21,55.2,55.2,54.2,54.2
2010/07/22,54.1,54.5,53.8,54.1
2010/07/23,54.3,54.9,54.2,54.3
2010/07/26,54.9,55.4,54.3,54.4
2010/07/27,54.7,55.2,54.5,54.8
2010/07/28,55.1,56.6,54.8,56.0
2010/07/29,56.0,56.8,55.5,56.7
2010/07/30,57.3,57.9,55.8,55.9
2010/08/02,56.3,57.6,56.3,57.3
2010/08/03,57.9,58.1,57.1,58.1
2010/08/04,58.1,60.8,57.7,59.6
2010/08/05,60.0,60.9,59.2,59.4
2010/08/06,59.2,60.8,59.2,60.8
2010/08/09,60.9,61.7,60.8,61.4
2010/08/10,61.7,64.3,61.6,63.2
2010/08/11,62.7,63.6,61.3,62.0
2010/08/12,59.3,62.3,59.3,61.3
2010/08/13,61.3,62.8,61.0,62.3
2010/08/16,62.3,64.3,62.1,62.8
2010/08/17,63.0,63.6,62.6,62.9
2010/08/18,63.3,63.5,61.7,62.5
2010/08/19,62.1,62.8,61.9,61.9
2010/08/20,61.8,63.5,61.8,62.5
2010/08/23,62.8,62.9,61.8,61.8
2010/08/24,61.6,61.6,60.8,61.4
2010/08/25,61.0,61.1,59.3,59.4
2010/08/26,59.4,59.8,58.2,58.4
2010/08/27,58.4,58.4,56.9,57.6
2010/08/30,58.4,61.5,58.4,60.9
2010/08/31,60.9,60.9,59.2,59.2
2010/09/01,60.8,60.8,59.5,59.5
2010/09/02,60.7,60.7,59.4,59.5
2010/09/03,60.6,61.8,60.0,61.8
2010/09/06,62.4,64.3,62.1,63.5
2010/09/07,63.5,64.0,61.9,61.9
2010/09/08,61.8,62.9,61.7,61.8
2010/09/09,62.6,62.8,61.4,61.8
2010/09/10,62.5,62.7,61.4,61.8
2010/09/13,62.6,62.7,62.0,62.3
2010/09/14,62.8,62.8,61.9,61.9
2010/09/15,61.8,63.3,61.8,62.8
2010/09/16,63.2,63.3,62.3,62.7
2010/09/17,62.8,63.5,62.7,63.1
2010/09/20,63.3,65.9,63.3,65.8
2010/09/21,66.3,67.3,64.5,64.5
2010/09/23,64.8,65.7,64.7,64.8
2010/09/24,64.3,64.3,63.3,63.9
2010/09/27,64.6,65.1,63.4,63.4
2010/09/28,62.3,63.0,62.3,62.4
2010/09/29,62.3,62.8,60.3,61.3
2010/09/30,61.3,61.9,61.0,61.8
2010/10/01,62.3,62.3,61.5,61.8
2010/10/04,62.7,62.8,61.6,61.8
2010/10/05,62.1,62.1,60.6,60.8
2010/10/06,61.6,61.6,61.1,61.2
2010/10/07,61.7,62.3,61.3,61.7
2010/10/08,62.3,62.7,60.9,61.0
2010/10/11,61.8,63.0,61.8,61.9
2010/10/12,61.9,62.0,61.0,61.3
2010/10/13,61.3,61.8,60.8,60.9
2010/10/14,61.3,61.6,61.2,61.2
2010/10/15,60.9,61.1,60.3,60.4
2010/10/18,60.5,60.8,59.4,59.6
2010/10/19,59.6,59.6,59.2,59.3
2010/10/20,58.8,59.2,58.2,58.5
2010/10/21,58.5,59.2,57.3,57.3
2010/10/22,57.3,57.9,56.9,57.3
2010/10/25,57.7,58.1,57.5,57.8
2010/10/26,57.8,59.1,57.8,58.5
2010/10/27,58.5,59.2,57.9,57.9
2010/10/28,58.1,59.6,57.9,59.2
2010/10/29,59.1,59.1,56.3,56.7
2010/11/01,56.2,56.5,53.8,54.2
2010/11/02,53.8,53.8,51.5,51.6
2010/11/03,51.6,53.2,51.5,51.6
2010/11/04,52.3,53.1,52.0,53.0
2010/11/05,53.6,55.1,53.3,54.6
2010/11/08,54.8,54.8,52.4,52.6
2010/11/09,52.9,55.0,52.8,54.2
2010/11/10,53.6,56.7,53.2,56.4
2010/11/11,56.4,56.5,55.1,55.8
2010/11/12,55.3,55.6,54.6,55.6
2010/11/15,55.0,55.1,53.6,53.7
2010/11/16,53.8,54.4,53.4,53.4
2010/11/17,52.7,52.8,52.1,52.4
2010/11/18,52.4,52.6,51.5,51.5
2010/11/19,51.7,52.6,51.5,51.7
2010/11/22,52.0,53.7,51.9,53.6
2010/11/23,53.8,53.8,52.9,52.9
2010/11/24,51.9,52.6,51.8,52.5
2010/11/25,52.7,53.3,52.4,52.4
2010/11/26,52.6,53.2,52.4,52.6
2010/11/29,53.5,55.5,52.9,54.9
2010/11/30,55.1,56.6,55.1,56.5
2010/12/01,56.8,57.2,55.8,56.2
2010/12/02,57.0,57.0,56.0,56.1
2010/12/03,56.6,58.0,56.5,57.1
2010/12/06,57.4,57.7,56.7,56.9
2010/12/07,56.9,57.6,56.4,56.8
2010/12/08,56.8,57.3,56.8,56.8
2010/12/09,57.0,58.2,56.9,57.2
2010/12/10,57.9,58.0,57.3,57.3
2010/12/13,57.7,58.0,57.4,57.5
2010/12/14,58.3,59.6,58.1,58.3
2010/12/15,58.3,59.0,57.8,58.6
2010/12/16,58.6,59.1,57.6,57.6
2010/12/17,57.6,58.1,56.6,56.6
2010/12/20,56.8,57.4,56.4,56.4
2010/12/21,56.9,57.1,56.8,57.1
2010/12/22,57.3,57.7,57.1,57.7
2010/12/23,57.9,58.2,57.8,58.0
2010/12/24,58.3,58.3,57.6,57.9
2010/12/27,58.0,58.1,57.6,57.8
2010/12/28,58.1,59.4,58.0,58.2
2010/12/29,58.7,58.9,57.5,57.5
2010/12/30,57.5,57.8,56.8,57.1
2010/12/31,57.1,57.4,56.1,56.1
2011/01/03,56.7,57.1,56.4,56.9
2011/01/04,57.5,58.1,57.3,57.8
2011/01/05,57.8,58.0,56.1,56.6
2011/01/06,56.8,57.2,56.5,56.7
2011/01/07,56.8,57.1,56.4,57.0
2011/01/10,57.0,57.1,56.4,56.8
2011/01/11,56.8,57.3,56.7,57.1
2011/01/12,57.3,57.8,57.0,57.4
2011/01/13,57.8,57.8,57.0,57.4
2011/01/14,57.4,57.6,56.8,56.9
2011/01/17,57.3,57.3,56.1,56.2
2011/01/18,55.8,56.5,55.8,56.4
2011/01/19,56.4,58.1,56.2,57.8
2011/01/20,58.2,59.2,57.9,57.9
2011/01/21,57.9,59.2,57.8,58.4
2011/01/24,58.8,58.9,57.5,57.8
2011/01/25,58.2,58.6,56.9,57.1
2011/01/26,57.1,57.7,56.9,56.9
2011/01/27,57.1,57.5,56.9,57.0
2011/01/28,57.4,58.1,57.0,57.0
2011/02/08,57.7,57.9,56.9,57.6
2011/02/09,57.8,58.4,57.0,58.2
2011/02/10,58.2,59.1,57.8,57.8
2011/02/11,57.8,58.2,56.4,56.4
2011/02/14,56.8,56.8,53.6,53.7
2011/02/15,53.4,53.7,51.8,53.7
2011/02/16,53.6,53.6,52.9,52.9
2011/02/17,53.1,53.6,52.4,52.5
2011/02/18,52.9,53.6,52.9,53.1
2011/02/21,53.1,53.6,52.8,52.9
2011/02/22,52.4,52.4,51.5,51.8
2011/02/23,51.1,51.8,49.9,50.0
2011/02/24,50.0,51.3,50.0,50.6
2011/02/25,51.3,51.5,50.4,50.9
2011/03/01,51.7,51.9,51.4,51.6
2011/03/02,51.4,51.4,50.1,50.2
2011/03/03,50.4,50.7,48.9,50.1
2011/03/04,50.6,51.4,50.3,51.2
2011/03/07,51.4,52.1,50.8,51.4
2011/03/08,51.6,51.8,51.1,51.4
2011/03/09,51.8,53.4,51.3,52.6
2011/03/10,52.7,52.9,51.0,51.1
2011/03/11,50.0,50.9,49.9,50.5
2011/03/14,49.9,49.9,47.0,47.3
2011/03/15,46.9,47.9,44.0,44.5
2011/03/16,44.9,45.5,44.0,45.1
2011/03/17,44.4,45.4,43.4,45.4
2011/03/18,46.4,47.2,45.6,47.2
2011/03/21,47.9,49.4,47.7,48.7
2011/03/22,49.1,49.3,48.5,48.7
2011/03/23,49.3,50.2,48.8,50.2
2011/03/24,50.9,50.9,50.0,50.0
2011/03/25,50.1,50.4,49.4,49.5
2011/03/28,49.2,49.4,48.4,48.4
2011/03/29,47.4,48.1,47.0,47.7
2011/03/30,47.4,48.8,47.4,48.4
2011/03/31,48.9,49.4,48.6,49.4
2011/04/01,49.9,51.4,49.5,51.3
2011/04/06,52.5,52.7,51.3,51.4
2011/04/07,51.6,52.1,51.4,52.1
2011/04/08,52.2,52.6,51.6,52.4
2011/04/11,52.9,53.4,52.8,52.9
2011/04/12,52.9,53.0,51.6,52.0
2011/04/13,51.9,52.3,51.5,51.8
2011/04/14,52.3,52.6,52.1,52.3
2011/04/15,52.2,52.2,51.1,51.1
2011/04/18,51.1,52.0,50.9,51.6
2011/04/19,51.0,51.1,50.4,50.7
2011/04/20,51.0,51.6,50.9,51.6
2011/04/21,52.4,52.5,51.8,52.2
2011/04/22,52.2,52.6,51.9,52.1
2011/04/25,52.6,52.7,52.1,52.2
2011/04/26,52.0,52.7,51.9,52.6
2011/04/27,52.9,54.1,52.9,53.6
2011/04/28,53.8,54.2,53.3,53.5
2011/04/29,53.6,53.7,52.2,52.8
2011/05/03,53.3,53.4,52.3,52.8
2011/05/04,52.8,54.5,52.4,54.5
2011/05/05,54.2,54.6,54.0,54.4
2011/05/06,54.4,55.5,54.3,54.9
2011/05/09,55.1,55.5,55.0,55.0
2011/05/10,55.2,55.3,53.6,53.8
2011/05/11,53.8,54.3,53.5,53.5
2011/05/12,52.6,53.4,52.6,52.8
2011/05/13,52.8,53.3,52.3,52.5
2011/05/16,52.9,53.4,52.7,52.9
2011/05/17,52.9,53.2,52.4,52.8
2011/05/18,52.9,53.5,52.7,53.5
2011/05/19,53.2,53.6,52.4,52.5
2011/05/20,52.8,52.9,51.4,51.4
2011/05/23,50.4,50.6,49.0,49.3
2011/05/24,48.9,49.8,48.6,49.1
2011/05/25,49.1,49.3,48.7,48.9
2011/05/26,48.9,49.7,48.8,49.3
2011/05/27,49.6,50.7,49.5,50.2
2011/05/30,50.1,51.3,49.9,51.2
2011/05/31,51.8,53.0,51.4,53.0
2011/06/01,53.0,53.3,52.2,52.3
2011/06/02,51.9,52.6,51.8,52.5
2011/06/03,53.0,53.0,52.5,52.5
2011/06/07,52.0,52.4,51.6,52.2
2011/06/08,51.6,52.0,50.4,50.4
2011/06/09,50.4,51.1,50.4,50.7
2011/06/10,50.6,50.6,49.4,49.7
2011/06/13,49.0,49.4,48.2,48.3
2011/06/14,48.4,49.1,48.3,48.4
2011/06/15,48.5,48.7,47.2,47.9
2011/06/16,47.4,47.6,46.5,46.5
2011/06/17,46.5,47.1,46.5,46.6
2011/06/20,46.9,47.1,45.9,46.2
2011/06/21,46.4,46.6,45.5,46.2
2011/06/22,46.7,47.1,46.4,46.7
2011/06/23,47.0,47.0,46.2,46.4
2011/06/24,46.8,47.3,46.5,47.1
2011/06/27,46.7,47.5,46.5,47.4
2011/06/28,47.9,48.0,47.4,47.7
2011/06/29,48.2,48.3,47.9,47.9
2011/06/30,48.3,48.6,48.0,48.6
2011/07/01,49.0,49.1,48.4,48.4
2011/07/04,48.7,49.3,48.6,49.1
2011/07/05,49.3,49.3,48.6,48.6
2011/07/06,48.3,48.4,47.6,47.8
2011/07/07,47.9,48.1,47.7,47.8
2011/07/08,47.9,48.7,47.8,47.8
2011/07/11,47.9,47.9,47.1,47.2
2011/07/12,46.9,47.2,46.4,46.8
2011/07/13,46.9,47.8,46.5,46.5
2011/07/14,46.7,46.9,45.9,46.5
2011/07/15,46.6,47.1,46.5,46.9
2011/07/18,46.9,46.9,45.9,45.9
2011/07/19,45.9,46.4,45.5,45.6
2011/07/20,46.4,46.8,46.1,46.7
2011/07/21,46.8,47.1,46.6,46.9
2011/07/22,47.1,49.5,46.9,48.9
2011/07/25,48.9,48.9,47.5,47.6
2011/07/26,47.9,48.6,47.8,48.6
2011/07/27,48.7,50.4,48.6,50.2
2011/07/28,49.7,50.1,49.3,49.9
2011/07/29,49.9,50.2,48.0,48.1
2011/08/01,50.3,51.4,50.3,51.4
2011/08/02,51.4,53.1,50.9,52.4
2011/08/03,52.4,53.6,52.1,53.6
2011/08/04,54.1,54.8,51.6,51.8
2011/08/05,48.2,49.7,48.2,48.2
2011/08/08,47.2,47.8,44.8,44.8
2011/08/09,41.7,45.5,41.7,45.0
2011/08/10,48.0,48.0,46.4,47.9
2011/08/11,46.6,47.9,45.4,47.5
2011/08/12,46.6,48.4,46.6,47.0
2011/08/15,47.4,50.0,47.4,49.5
2011/08/16,50.2,50.2,48.4,48.6
2011/08/17,48.7,50.5,48.7,49.8
2011/08/18,49.8,49.8,47.3,47.7
2011/08/19,44.8,45.8,44.3,44.5
2011/08/22,45.0,46.3,44.5,45.1
2011/08/23,46.7,46.7,44.9,46.3
2011/08/24,46.5,46.5,45.2,45.2
2011/08/25,45.7,45.9,45.1,45.2
2011/08/26,45.6,46.1,44.5,44.8
2011/08/29,44.8,45.9,44.8,45.3
2011/08/30,45.7,47.1,45.5,46.6
2011/08/31,46.5,47.0,46.0,46.8
2011/09/01,47.0,47.8,46.7,46.7
2011/09/02,46.7,47.7,46.7,47.6
2011/09/05,46.8,46.8,45.4,45.4
2011/09/06,44.8,45.3,44.1,44.1
2011/09/07,45.0,45.5,44.8,45.4
2011/09/08,45.7,46.1,45.2,45.2
2011/09/09,45.9,46.1,45.3,45.9
2011/09/13,45.0,45.3,44.3,44.3
2011/09/14,45.1,45.1,41.3,42.2
2011/09/15,42.9,44.1,42.9,43.5
2011/09/16,44.3,45.1,44.0,44.3
2011/09/19,44.7,45.4,44.5,44.6
2011/09/20,44.9,45.3,44.1,44.8
2011/09/21,45.1,45.1,44.7,44.8
2011/09/22,44.0,44.0,42.8,42.9
2011/09/23,41.3,41.8,40.4,40.4
2011/09/26,41.5,41.5,37.8,38.2
2011/09/27,38.6,39.9,38.6,39.3
2011/09/28,39.7,39.9,39.3,39.9
2011/09/29,39.7,40.1,39.3,39.7
2011/09/30,39.9,40.4,38.3,38.8
2011/10/03,37.8,37.8,36.1,36.1
2011/10/04,34.6,35.7,33.7,35.3
2011/10/05,35.5,35.7,34.6,34.8
2011/10/06,35.3,35.8,34.4,34.8
2011/10/07,34.8,36.0,34.8,35.5
2011/10/11,36.8,37.0,36.3,36.9
2011/10/12,37.1,39.1,36.6,38.6
2011/10/13,39.2,40.1,38.9,39.9
2011/10/14,40.2,40.6,39.5,39.5
2011/10/17,40.2,40.4,40.0,40.2
2011/10/18,39.3,39.6,39.2,39.6
2011/10/19,40.1,40.6,39.8,40.2
2011/10/20,40.2,40.4,38.9,39.5
2011/10/21,39.6,40.6,39.2,40.5
2011/10/24,41.3,41.8,41.3,41.6
2011/10/25,42.2,42.2,41.3,41.3
2011/10/26,41.2,41.9,40.4,41.8
2011/10/27,42.2,42.4,41.7,42.2
2011/10/28,43.0,43.5,42.2,42.2
2011/10/31,42.2,42.2,39.8,39.9
2011/11/01,39.3,40.7,39.3,39.8
2011/11/02,38.9,39.8,38.6,39.8
2011/11/03,39.9,40.8,39.3,39.6
2011/11/04,40.2,40.3,38.8,39.6
2011/11/07,40.1,40.1,39.1,39.6
2011/11/08,40.1,40.1,39.3,39.3
2011/11/09,39.3,39.6,38.6,38.6
2011/11/10,37.2,37.7,36.1,36.2
2011/11/11,36.2,36.9,35.7,36.7
2011/11/14,37.3,38.4,37.3,37.8
2011/11/15,37.6,38.2,37.2,37.2
2011/11/16,37.5,37.9,36.4,36.4
2011/11/17,35.9,36.7,35.9,36.6
2011/11/18,36.0,36.4,35.5,35.7
2011/11/21,34.9,35.3,33.9,33.9
2011/11/22,33.7,34.2,32.8,32.9
2011/11/23,32.5,32.9,31.4,31.6
2011/11/24,31.6,33.8,31.6,33.8
2011/11/25,34.1,34.9,33.8,34.3
2011/11/28,34.8,35.3,33.9,34.4
2011/11/29,34.7,34.7,34.0,34.5
2011/11/30,34.2,34.5,33.2,33.4
2011/12/01,35.0,35.2,34.6,34.8
2011/12/02,34.2,34.9,34.2,34.8
2011/12/05,34.9,35.3,34.8,35.1
2011/12/06,35.1,35.1,34.1,34.2
2011/12/07,34.7,34.8,34.4,34.6
2011/12/08,34.6,34.6,33.5,34.2
2011/12/09,33.2,34.1,33.2,34.0
2011/12/12,34.2,34.6,33.6,33.9
2011/12/13,33.2,33.8,33.2,33.4
2011/12/14,33.5,33.7,33.2,33.5
2011/12/15,33.3,33.6,33.1,33.4
2011/12/16,33.7,35.8,33.5,35.8
2011/12/19,35.7,37.0,34.3,34.4
2011/12/20,34.8,36.6,34.8,36.4
2011/12/21,38.2,38.9,37.8,38.8
2011/12/22,38.7,38.7,37.7,37.7
2011/12/23,38.3,39.1,38.0,38.5
2011/12/26,38.8,39.7,38.4,39.5
2011/12/27,39.6,39.8,38.6,38.8
2011/12/28,38.8,39.0,38.4,38.4
2011/12/29,38.2,38.9,38.0,38.9
2011/12/30,39.2,39.7,37.8,37.9
2012/01/02,38.0,38.3,37.7,37.8
2012/01/03,38.3,38.9,38.3,38.5
2012/01/04,39.0,39.5,38.8,38.8
2012/01/05,39.0,39.5,38.9,39.3
2012/01/06,39.3,40.1,39.1,39.2
2012/01/09,39.1,39.6,38.8,39.2
2012/01/10,39.5,39.9,39.0,39.2
2012/01/11,39.5,39.5,38.3,38.5
2012/01/12,38.6,39.6,38.5,39.0
2012/01/13,39.6,39.7,38.6,38.6
2012/01/16,39.5,39.5,38.6,38.8
2012/01/17,38.9,40.2,38.9,40.2
2012/01/18,40.2,41.1,40.2,40.9
2012/01/30,42.8,43.8,42.8,43.8
2012/01/31,44.0,45.2,43.9,44.9
2012/02/01,45.0,45.2,44.1,44.9
2012/02/02,45.1,45.9,44.6,45.0
2012/02/03,45.0,45.8,44.1,44.2
2012/02/06,43.6,43.6,41.9,42.1
2012/02/07,42.0,42.8,41.9,42.2
2012/02/08,43.0,43.4,42.6,42.8
2012/02/09,42.8,43.8,42.6,43.3
2012/02/10,43.5,44.0,43.3,43.5
2012/02/13,43.5,43.9,42.9,42.9
2012/02/14,42.9,43.3,42.3,42.6
2012/02/15,42.8,45.0,42.6,44.5
2012/02/16,44.5,45.9,43.8,43.9
2012/02/17,44.8,45.1,44.1,44.3
2012/02/20,44.9,45.2,44.7,44.9
2012/02/21,44.9,45.1,44.3,44.7
2012/02/22,44.9,46.4,44.8,45.7
2012/02/23,45.7,46.0,45.2,45.2
2012/02/24,45.0,45.5,44.6,45.1
2012/02/29,45.3,46.1,45.3,45.5
2012/03/01,45.7,46.4,45.4,45.4
2012/03/02,45.4,45.4,44.8,45.3
2012/03/05,44.9,45.2,43.8,44.2
2012/03/06,44.2,44.6,42.5,43.4
2012/03/07,42.6,43.6,42.4,43.3
2012/03/08,43.5,44.3,43.5,43.9
2012/03/09,43.9,44.8,43.9,44.3
2012/03/12,44.6,46.3,44.6,45.5
2012/03/13,46.1,46.6,45.3,45.3
2012/03/14,46.1,46.1,45.3,45.4
2012/03/15,45.6,46.2,45.5,45.9
2012/03/16,45.9,46.1,45.7,46.1
2012/03/19,46.4,47.0,46.2,46.2
2012/03/20,46.7,46.7,44.4,44.6
2012/03/21,44.6,45.1,44.5,44.8
2012/03/22,44.8,45.2,44.3,44.5
2012/03/23,44.5,44.7,44.1,44.4
2012/03/26,44.4,44.5,43.5,43.6
2012/03/27,44.0,44.2,43.8,44.2
2012/03/28,44.8,44.8,44.4,44.6
2012/03/29,44.6,44.6,43.1,43.6
2012/03/30,43.6,44.0,42.9,43.7
2012/04/02,43.5,44.2,43.2,43.9
2012/04/03,44.0,44.0,41.0,41.4
2012/04/05,40.5,40.8,39.6,40.5
2012/04/06,40.5,41.9,40.4,41.8
2012/04/09,41.3,42.4,41.0,42.1
2012/04/10,42.3,42.6,41.5,41.8
2012/04/11,41.6,42.0,41.4,41.8
2012/04/12,41.9,42.5,41.9,42.0
2012/04/13,42.5,43.6,42.4,43.4
2012/04/16,43.2,44.0,42.9,43.9
2012/04/17,44.2,44.2,43.2,43.2
2012/04/18,43.9,44.1,43.3,43.7
2012/04/19,43.7,43.7,43.3,43.4
2012/04/20,43.3,43.5,42.0,42.2
2012/04/23,42.4,43.0,42.1,42.4
2012/04/24,42.4,42.8,41.4,41.5
2012/04/25,42.2,43.5,42.1,43.2
2012/04/26,43.5,43.6,42.6,42.6
2012/04/27,42.4,43.0,42.4,42.6
2012/04/30,42.6,43.4,42.6,43.4
2012/05/02,43.8,45.1,43.8,44.5
2012/05/03,44.7,45.1,44.6,44.6
2012/05/04,44.8,44.8,44.1,44.2
2012/05/07,43.5,43.5,42.7,43.4
2012/05/08,43.8,43.8,43.3,43.5
2012/05/09,43.4,43.4,42.9,42.9
2012/05/10,42.7,43.1,42.3,42.3
2012/05/11,42.3,42.3,41.4,41.9
2012/05/14,41.9,42.5,41.7,42.2
2012/05/15,41.8,42.2,41.7,41.8
2012/05/16,41.8,41.9,40.4,40.4
2012/05/17,41.2,41.2,40.6,41.0
2012/05/18,40.3,40.3,39.5,39.5
2012/05/21,39.8,40.1,39.7,39.8
2012/05/22,39.5,39.9,37.6,39.6
2012/05/23,39.5,39.5,38.3,38.5
2012/05/24,38.5,38.9,37.6,38.0
2012/05/25,38.3,38.3,37.1,37.1
2012/05/28,37.2,37.6,36.6,37.5
2012/05/29,37.8,39.2,37.6,39.0
2012/05/30,39.7,39.7,38.4,38.7
2012/05/31,38.2,38.7,37.8,38.7
2012/06/01,38.3,38.6,37.3,37.3
2012/06/04,36.0,36.7,35.7,36.1
2012/06/05,38.2,38.2,36.5,36.7
2012/06/06,37.5,37.6,36.9,37.1
2012/06/07,37.9,37.9,37.0,37.4
2012/06/08,37.3,37.7,37.0,37.3
2012/06/11,37.8,38.3,37.6,38.0
2012/06/12,37.8,37.8,37.1,37.4
2012/06/13,37.6,38.3,37.4,38.2
2012/06/14,38.2,38.2,37.8,38.2
2012/06/15,38.3,40.8,38.0,40.8
2012/06/18,40.7,40.7,39.6,39.8
2012/06/19,39.6,39.7,38.8,38.9
2012/06/20,39.5,39.6,38.9,39.2
2012/06/21,39.0,39.2,38.8,38.8
2012/06/22,38.2,38.3,37.9,38.0
2012/06/25,37.7,38.4,37.4,38.0
2012/06/26,38.0,38.0,37.7,37.8
2012/06/27,38.0,38.1,37.7,37.8
2012/06/28,38.1,38.2,37.4,37.4
2012/06/29,37.5,37.9,37.4,37.9
2012/07/02,38.0,38.4,37.9,37.9
2012/07/03,38.0,39.0,38.0,38.3
2012/07/04,38.6,38.9,38.4,38.8
2012/07/05,39.0,39.3,38.7,38.8
2012/07/06,38.9,39.1,38.6,39.1
2012/07/09,39.0,39.0,38.6,38.8
2012/07/10,39.1,39.1,38.3,38.5
2012/07/11,38.4,38.9,38.3,38.9
2012/07/12,38.9,39.1,38.3,38.3
2012/07/13,38.3,38.8,38.3,38.7
2012/07/16,38.9,39.0,38.5,38.7
2012/07/17,38.8,39.2,38.5,38.6
2012/07/18,38.7,38.9,38.2,38.4
2012/07/19,38.8,38.8,38.4,38.5
2012/07/20,38.6,38.6,38.2,38.2
2012/07/23,37.9,38.0,36.1,36.5
2012/07/24,36.1,36.3,35.4,35.4
2012/07/25,32.6,34.0,32.6,33.5
2012/07/26,33.9,34.0,33.2,33.3
2012/07/27,33.5,34.1,33.5,34.1
2012/07/30,34.7,35.0,34.5,34.6
2012/07/31,34.7,34.9,34.4,34.7
2012/08/01,35.0,35.4,34.6,35.1
2012/08/03,34.8,35.2,34.7,35.2
2012/08/06,35.8,36.2,35.6,35.7
2012/08/07,35.7,36.1,35.2,35.5
2012/08/08,35.9,35.9,35.2,35.2
2012/08/09,35.5,36.4,35.5,36.3
2012/08/10,36.4,36.5,36.1,36.4
2012/08/13,37.0,37.0,36.0,36.1
2012/08/14,36.1,36.7,36.1,36.5
2012/08/15,36.7,36.7,36.1,36.2
2012/08/16,36.6,37.3,36.6,37.0
2012/08/17,37.5,38.3,37.3,38.0
2012/08/20,38.3,38.6,37.5,37.8
2012/08/21,38.2,38.9,38.0,38.0
2012/08/22,38.0,38.5,37.8,38.4
2012/08/23,38.6,39.6,38.5,39.3
2012/08/24,39.1,39.8,39.0,39.5
2012/08/27,39.7,39.9,39.1,39.3
2012/08/28,39.2,39.2,38.0,38.6
2012/08/29,38.5,38.9,38.5,38.6
2012/08/30,38.3,38.5,37.9,38.3
2012/08/31,38.6,39.0,38.4,38.4
2012/09/03,38.4,39.3,38.3,39.2
2012/09/04,39.7,39.7,39.2,39.5
2012/09/05,39.1,39.1,38.5,38.9
2012/09/06,39.0,39.0,38.2,38.2
2012/09/07,39.1,39.1,38.7,38.9
2012/09/10,39.2,39.4,38.9,39.2
2012/09/11,39.5,40.7,39.2,40.3
2012/09/12,40.8,42.0,40.8,42.0
2012/09/13,41.9,42.0,41.4,41.5
2012/09/14,42.1,42.1,41.3,41.5
2012/09/17,42.0,42.0,41.4,41.8
2012/09/18,41.8,41.9,41.1,41.3
2012/09/19,41.3,41.5,40.8,41.3
2012/09/20,41.4,41.5,40.9,41.2
2012/09/21,41.3,41.8,40.9,41.8
2012/09/24,42.1,44.0,41.7,43.5
2012/09/25,44.0,44.2,42.7,42.9
2012/09/26,42.6,42.9,42.0,42.2
2012/09/27,42.0,42.8,42.0,42.7
2012/09/28,42.8,43.0,42.2,42.4
2012/10/01,42.8,43.9,42.8,43.3
2012/10/02,43.5,43.6,42.9,43.0
2012/10/03,43.4,43.4,42.3,42.4
2012/10/04,42.6,42.8,42.4,42.7
2012/10/05,42.9,43.1,42.4,42.8
2012/10/08,43.3,43.3,42.3,42.9
2012/10/09,43.2,43.4,42.3,42.6
2012/10/11,41.8,41.8,40.7,40.7
2012/10/12,40.9,41.3,40.0,40.8
2012/10/15,40.4,40.8,40.2,40.2
2012/10/16,40.5,41.2,40.5,41.2
2012/10/17,41.8,42.6,41.6,42.3
2012/10/18,42.4,42.5,41.5,41.7
2012/10/19,42.2,42.4,41.4,42.4
2012/10/22,41.4,41.8,41.1,41.4
2012/10/23,41.1,41.4,40.8,40.8
2012/10/24,40.5,41.1,40.4,40.9
2012/10/25,41.1,41.1,40.4,40.8
2012/10/26,40.5,40.8,38.6,38.6
2012/10/29,38.8,39.4,38.3,38.6
2012/10/30,38.9,39.5,38.8,38.8
2012/10/31,39.0,39.0,37.9,38.4
2012/11/01,38.1,38.6,37.3,38.6
2012/11/02,39.0,39.0,37.9,37.9
2012/11/05,37.6,37.6,37.0,37.3
2012/11/06,37.5,37.6,37.2,37.5
2012/11/07,37.6,38.5,37.6,38.3
2012/11/08,38.3,38.3,37.7,38.1
2012/11/09,37.7,38.3,37.4,38.3
2012/11/12,38.1,38.9,38.0,38.9
2012/11/13,38.9,39.0,38.0,38.4
2012/11/14,38.6,39.1,38.6,38.9
2012/11/15,38.9,39.0,38.4,39.0
2012/11/16,39.1,39.3,38.6,39.1
2012/11/19,39.3,39.3,38.9,39.0
2012/11/20,39.2,39.3,38.9,39.3
2012/11/21,39.3,39.4,37.9,39.0
2012/11/22,39.1,39.2,38.7,39.0
2012/11/23,39.3,40.2,39.3,40.2
2012/11/26,40.8,41.2,40.4,41.2
2012/11/27,41.3,41.6,40.8,41.4
2012/11/28,41.4,41.4,40.9,41.3
2012/11/29,41.6,41.7,40.8,40.8
2012/11/30,41.3,41.8,41.0,41.8
2012/12/03,42.1,42.6,41.8,42.2
2012/12/04,41.9,42.5,41.9,42.4
2012/12/05,42.4,42.7,42.1,42.6
2012/12/06,42.6,42.7,42.3,42.6
2012/12/07,42.7,43.1,42.2,42.4
2012/12/10,42.4,42.6,42.1,42.4
2012/12/11,42.5,42.6,42.1,42.4
2012/12/12,42.4,42.7,42.3,42.5
2012/12/13,42.5,42.8,42.4,42.7
2012/12/14,42.7,42.7,42.2,42.2
2012/12/17,42.1,42.1,41.6,42.0
2012/12/18,42.0,42.2,41.8,42.2
2012/12/19,42.2,42.2,42.0,42.1
2012/12/20,42.1,42.2,41.7,42.2
2012/12/21,42.1,42.1,41.4,41.4
2012/12/24,41.8,41.8,41.3,41.5
2012/12/25,41.3,41.7,41.1,41.6
2012/12/26,41.6,41.9,41.5,41.8
2012/12/27,41.6,41.8,41.3,41.7
2012/12/28,41.7,41.7,41.1,41.3
2013/01/02,41.7,42.6,41.4,42.5
2013/01/03,42.6,42.8,42.6,42.7
2013/01/04,42.7,42.7,42.1,42.3
2013/01/07,42.3,42.5,41.6,41.7
2013/01/08,41.4,42.0,41.4,42.0
2013/01/09,42.0,42.3,41.7,41.7
2013/01/10,42.3,43.3,42.1,43.3
2013/01/11,43.3,43.3,42.9,43.3
2013/01/14,43.0,43.3,42.6,43.3
2013/01/15,43.3,43.3,42.6,42.8
2013/01/16,42.6,42.8,41.8,42.2
2013/01/17,42.2,42.8,42.0,42.2
2013/01/18,42.3,42.9,42.3,42.7
2013/01/21,42.7,42.8,42.2,42.4
2013/01/22,42.6,43.2,42.2,43.2
2013/01/23,43.2,43.2,42.8,43.0
2013/01/24,42.6,42.9,42.2,42.8
2013/01/25,42.4,42.7,42.1,42.5
2013/01/28,42.1,42.6,42.1,42.5
2013/01/29,42.6,42.9,42.5,42.9
2013/01/30,42.9,43.6,42.9,43.5
2013/01/31,43.5,43.6,43.2,43.2
2013/02/01,43.4,43.4,43.2,43.4
2013/02/04,43.4,43.4,40.4,40.4
2013/02/05,40.2,40.2,39.1,39.3
2013/02/06,39.3,39.3,38.0,38.0
2013/02/18,38.2,38.4,37.4,37.5
2013/02/19,37.6,38.3,37.6,38.1
2013/02/20,38.1,38.2,37.7,37.8
2013/02/21,37.6,37.7,36.4,36.6
2013/02/22,36.6,37.4,36.6,37.3
2013/02/25,38.4,38.6,37.6,37.8
2013/02/26,37.5,37.5,36.7,36.8
2013/02/27,36.8,37.4,36.6,36.6
2013/03/01,37.0,37.1,36.6,36.7
2013/03/04,37.1,37.1,36.5,36.8
2013/03/05,37.0,37.2,36.6,37.0
2013/03/06,37.1,37.4,36.7,36.7
2013/03/07,36.7,37.0,36.6,36.8
2013/03/08,36.9,37.1,36.8,37.0
2013/03/11,37.0,37.2,36.1,36.2
2013/03/12,36.3,36.8,36.3,36.7
2013/03/13,36.8,37.3,36.8,37.1
2013/03/14,37.2,37.2,36.6,36.6
2013/03/15,36.6,36.8,36.0,36.1
2013/03/18,36.0,36.4,35.9,36.1
2013/03/19,36.1,36.6,36.1,36.1
2013/03/20,36.0,36.1,35.7,35.7
2013/03/21,35.8,36.1,35.6,35.8
2013/03/22,35.9,37.1,35.9,36.5
2013/03/25,37.0,37.1,36.9,37.0
2013/03/26,37.1,37.4,36.8,37.2
2013/03/27,37.5,37.5,37.1,37.1
2013/03/28,37.1,37.3,36.8,36.8
2013/03/29,37.2,37.3,37.0,37.3
2013/04/01,37.3,37.3,37.0,37.0
2013/04/02,37.2,38.0,37.2,38.0
2013/04/03,38.3,38.4,37.6,37.8
2013/04/08,37.3,37.3,36.3,36.6
2013/04/09,36.4,36.8,35.9,36.1
2013/04/10,36.4,36.8,36.4,36.7
2013/04/11,37.0,38.2,37.0,38.2
2013/04/12,38.9,38.9,37.4,37.8
2013/04/15,37.2,37.5,36.9,37.2
2013/04/16,36.5,37.4,36.5,37.3
2013/04/17,37.3,37.8,37.1,37.7
2013/04/18,37.1,37.6,37.0,37.0
2013/04/19,37.5,37.7,37.2,37.6
2013/04/22,38.2,38.6,37.8,37.9
2013/04/23,38.1,38.9,38.1,38.4
2013/04/24,38.6,38.9,38.5,38.5
2013/04/25,38.6,38.8,38.0,38.1
2013/04/26,38.4,38.7,38.3,38.3
2013/04/29,38.4,38.6,38.2,38.3
2013/04/30,38.6,39.0,38.4,38.6
2013/05/02,38.9,39.5,38.8,39.2
2013/05/03,39.7,40.4,39.4,39.8
2013/05/06,39.9,40.1,38.9,38.9
2013/05/07,38.9,39.1,38.0,38.2
2013/05/08,38.4,38.6,38.0,38.2
2013/05/09,38.3,38.6,38.1,38.6
2013/05/10,38.8,38.8,37.9,38.2
2013/05/13,38.3,38.4,38.0,38.4
2013/05/14,38.4,38.5,38.3,38.5
2013/05/15,38.6,39.2,38.5,39.0
2013/05/16,39.2,39.2,38.9,39.0
2013/05/17,39.3,39.6,39.2,39.4
2013/05/20,39.5,39.5,39.0,39.0
2013/05/21,38.9,39.3,38.9,39.2
2013/05/22,39.2,39.6,39.2,39.5
2013/05/23,39.3,39.3,38.5,38.6
2013/05/24,38.6,38.9,38.4,38.8
2013/05/27,39.0,39.0,38.6,38.7
2013/05/28,38.5,38.8,38.5,38.6
2013/05/29,38.9,39.1,38.6,39.1
2013/05/30,39.1,39.6,38.6,38.7
2013/05/31,39.1,39.1,38.7,39.1
2013/06/03,38.6,39.3,38.6,39.3
2013/06/04,39.3,39.3,39.0,39.3
2013/06/05,39.1,39.2,38.9,39.1
2013/06/06,38.8,38.9,38.6,38.8
2013/06/07,38.8,38.8,37.3,37.6
2013/06/10,37.7,38.2,37.7,37.9
2013/06/11,38.0,38.3,37.7,37.7
2013/06/13,37.6,37.6,36.8,37.3
2013/06/14,37.3,37.5,36.6,36.7
2013/06/17,36.7,37.5,36.7,37.2
2013/06/18,37.3,37.3,36.8,37.2
2013/06/19,37.3,37.5,37.0,37.3
2013/06/20,37.0,37.0,36.4,36.7
2013/06/21,35.9,37.7,35.9,37.3
2013/06/24,37.3,37.7,37.0,37.4
2013/06/25,37.1,37.5,36.7,36.7
2013/06/26,37.5,37.7,37.2,37.7
2013/06/27,37.7,38.2,37.7,38.0
2013/06/28,38.0,38.6,37.8,38.6
2013/07/01,38.4,38.8,38.2,38.6
2013/07/02,38.6,38.7,38.2,38.2
2013/07/03,37.9,38.6,37.9,38.6
2013/07/04,38.6,38.6,37.8,38.0
2013/07/05,38.0,38.4,37.9,38.4
2013/07/08,38.3,38.4,37.7,38.0
2013/07/09,37.9,38.1,37.4,37.4
2013/07/10,38.0,38.4,37.9,37.9
2013/07/11,38.3,39.0,38.3,39.0
2013/07/12,39.1,39.5,38.6,39.3
2013/07/15,39.4,39.8,39.3,39.8
2013/07/16,40.1,40.2,39.6,39.8
2013/07/17,39.7,39.9,38.9,39.2
2013/07/18,39.1,39.5,39.0,39.5
2013/07/19,39.5,39.7,38.9,39.5
2013/07/22,39.7,40.4,39.7,40.4
2013/07/23,40.7,41.3,40.4,41.3
2013/07/24,41.2,41.5,40.8,41.3
2013/07/25,38.7,39.0,38.3,38.3
2013/07/26,38.6,40.2,38.6,39.8
2013/07/29,40.2,40.4,39.3,39.7
2013/07/30,40.1,40.2,39.0,39.0
2013/07/31,39.6,40.8,39.2,40.6
2013/08/01,41.1,41.1,40.1,40.6
2013/08/02,40.8,41.3,39.8,39.8
2013/08/05,40.3,40.3,39.0,39.1
2013/08/06,39.0,39.5,38.4,38.5
2013/08/07,38.2,38.3,37.5,37.5
2013/08/08,37.8,37.9,37.3,37.3
2013/08/09,37.5,37.7,37.3,37.5
2013/08/12,37.7,38.3,37.4,37.9
2013/08/13,38.3,38.4,37.9,37.9
2013/08/14,37.9,38.0,37.4,37.5
2013/08/15,37.2,37.3,36.8,37.2
2013/08/16,37.1,37.7,37.0,37.4
2013/08/19,37.8,37.8,37.4,37.5
2013/08/20,37.7,37.7,37.2,37.5
2013/08/22,37.3,38.3,37.0,37.9
2013/08/23,38.0,38.0,37.6,37.6
2013/08/26,37.9,37.9,37.3,37.3
2013/08/27,37.2,37.6,37.1,37.2
2013/08/28,37.0,37.1,36.8,37.0
2013/08/29,37.1,37.6,37.1,37.3
2013/08/30,37.3,37.6,37.1,37.4
2013/09/02,37.2,37.7,37.2,37.5
2013/09/03,37.8,37.8,37.5,37.7
2013/09/04,37.7,38.0,37.7,37.9
2013/09/05,38.0,38.6,37.9,38.5
2013/09/06,38.5,38.6,38.0,38.0
2013/09/09,38.0,38.4,37.7,38.4
2013/09/10,38.8,39.4,38.5,38.8
2013/09/11,38.8,38.9,38.2,38.8
2013/09/12,38.8,38.9,38.5,38.8
2013/09/13,38.8,38.8,38.4,38.5
2013/09/16,38.5,38.6,38.3,38.4
2013/09/17,38.4,38.6,38.3,38.6
2013/09/18,38.8,38.9,38.4,38.5
2013/09/23,38.5,38.5,38.1,38.2
2013/09/24,37.9,38.2,37.7,37.9
2013/09/25,38.2,38.3,38.0,38.2
2013/09/26,38.3,38.3,37.8,38.0
2013/09/27,38.3,38.3,37.9,37.9
2013/09/30,37.8,37.9,37.6,37.8
2013/10/01,37.7,38.1,37.6,37.6
2013/10/02,37.6,37.9,37.6,37.7
2013/10/03,37.7,39.0,37.7,38.1
2013/10/04,38.1,38.4,37.8,38.3
2013/10/07,38.3,38.3,37.7,37.7
2013/10/08,37.7,37.8,37.6,37.7
2013/10/09,38.0,38.3,37.7,37.7
2013/10/11,37.8,38.2,37.5,37.5
2013/10/14,37.5,37.8,37.4,37.5
2013/10/15,37.6,37.9,37.6,37.8
2013/10/16,38.0,38.7,38.0,38.4
2013/10/17,38.9,38.9,38.2,38.2
2013/10/18,38.4,38.8,38.2,38.7
2013/10/21,38.8,39.6,38.5,39.5
2013/10/22,39.7,39.8,39.1,39.1
2013/10/23,39.1,39.3,38.8,38.9
2013/10/24,38.8,39.0,38.4,38.6
2013/10/25,38.4,38.6,38.4,38.6
2013/10/28,38.6,39.0,38.6,38.9
2013/10/29,38.9,39.2,38.5,39.2
2013/10/30,39.2,39.5,38.9,38.9
2013/10/31,38.9,38.9,38.6,38.9
2013/11/01,38.6,38.6,37.5,37.5
2013/11/04,37.4,37.4,36.8,36.8
2013/11/05,36.5,37.2,36.5,36.6
2013/11/06,37.0,37.0,36.2,36.2
2013/11/07,36.2,36.5,35.9,36.1
2013/11/08,36.1,36.3,35.9,35.9
2013/11/11,36.3,36.4,35.9,35.9
2013/11/12,36.3,36.3,35.9,36.3
2013/11/13,36.3,36.3,35.9,35.9
2013/11/14,35.9,36.3,35.9,35.9
2013/11/15,36.3,36.3,36.0,36.0
2013/11/18,36.2,36.5,36.1,36.4
2013/11/19,36.4,36.6,36.2,36.5
2013/11/20,36.6,36.6,35.9,35.9
2013/11/21,35.9,36.1,35.4,35.4
2013/11/22,35.4,35.9,35.4,35.6
2013/11/25,35.8,36.0,35.8,35.9
2013/11/26,35.9,36.2,35.7,35.8
2013/11/27,36.2,36.4,36.0,36.4
2013/11/28,36.6,37.0,36.5,37.0
2013/11/29,37.0,37.1,36.6,36.6
2013/12/02,36.7,36.9,36.3,36.5
2013/12/03,36.4,36.5,36.2,36.2
2013/12/04,36.1,36.7,36.1,36.4
2013/12/05,36.6,36.7,36.4,36.6
2013/12/06,36.5,36.7,36.5,36.6
2013/12/09,36.7,36.9,36.4,36.6
2013/12/10,36.7,36.8,36.5,36.8
2013/12/11,36.8,37.0,36.2,36.4
2013/12/12,36.2,36.4,36.1,36.2
2013/12/13,36.2,36.5,36.1,36.4
2013/12/16,36.4,36.5,36.2,36.3
2013/12/17,36.3,36.5,36.3,36.3
2013/12/18,36.4,36.5,36.1,36.3
2013/12/19,36.3,36.4,36.0,36.0
2013/12/20,36.0,36.3,35.9,35.9
2013/12/23,36.3,36.4,36.1,36.4
2013/12/24,36.4,36.6,36.4,36.5
2013/12/25,36.5,36.6,36.4,36.6
2013/12/26,36.6,36.7,36.5,36.6
2013/12/27,36.6,36.8,36.6,36.7
2013/12/30,36.8,37.2,36.8,36.9
2013/12/31,37.0,37.4,36.8,37.3
2014/01/02,37.4,38.0,37.4,37.8
2014/01/03,37.6,37.8,37.3,37.3
2014/01/06,37.3,37.6,37.0,37.2
2014/01/07,37.3,37.4,37.1,37.1
2014/01/08,37.2,37.7,37.2,37.6
2014/01/09,37.6,37.7,37.3,37.6
2014/01/10,37.6,38.4,37.4,38.0
2014/01/13,38.6,38.8,38.3,38.3
2014/01/14,38.3,38.8,38.0,38.6
2014/01/15,38.8,39.6,38.8,38.8
2014/01/16,39.1,39.1,38.4,38.6
2014/01/17,38.6,38.8,38.4,38.4
2014/01/20,38.8,39.7,38.4,39.3
2014/01/21,39.3,39.8,39.2,39.2
2014/01/22,39.2,39.8,39.2,39.5
2014/01/23,39.5,39.6,38.9,38.9
2014/01/24,38.8,39.2,38.8,39.2
2014/01/27,38.6,38.8,38.3,38.4
2014/02/05,37.6,38.2,37.5,37.8
2014/02/06,37.5,38.1,37.5,37.9
2014/02/07,38.2,39.0,37.9,38.6
2014/02/10,38.4,38.5,37.9,37.9
2014/02/11,37.8,38.2,37.7,37.8
2014/02/12,38.2,38.5,38.2,38.2
2014/02/13,38.2,38.5,38.1,38.2
2014/02/14,38.4,38.9,38.3,38.3
2014/02/17,38.5,38.7,38.4,38.5
2014/02/18,38.5,38.6,38.1,38.2
2014/02/19,38.2,38.3,38.0,38.3
2014/02/20,38.1,38.6,38.0,38.5
2014/02/21,38.7,38.9,38.4,38.6
2014/02/24,38.5,39.3,38.5,39.0
2014/02/25,39.0,39.3,38.9,39.0
2014/02/26,38.8,39.2,38.6,38.6
2014/02/27,38.7,39.3,38.7,39.1
2014/03/03,39.0,39.3,38.7,39.1
2014/03/04,39.1,39.3,38.9,38.9
2014/03/05,39.1,39.3,39.0,39.0
2014/03/06,39.1,39.5,39.0,39.2
2014/03/07,39.6,40.6,39.4,39.5
2014/03/10,39.5,39.6,39.2,39.5
2014/03/11,39.6,40.2,39.6,39.7
2014/03/12,39.7,39.7,39.3,39.6
2014/03/13,39.5,39.7,39.4,39.5
2014/03/14,39.5,40.5,39.4,40.0
2014/03/17,40.1,40.2,39.8,39.9
2014/03/18,40.1,40.2,40.0,40.2
2014/03/19,40.3,41.0,39.7,39.7
2014/03/20,39.6,39.6,39.0,39.1
2014/03/21,39.1,39.2,38.0,38.4
2014/03/24,38.4,39.0,38.2,39.0
2014/03/25,38.7,39.5,38.7,39.5
2014/03/26,39.5,39.8,39.1,39.7
2014/03/27,39.6,40.1,39.6,40.0
2014/03/28,40.0,40.1,39.5,39.8
2014/03/31,39.9,39.9,39.6,39.9
2014/04/01,39.7,39.9,39.6,39.9
2014/04/02,39.8,40.1,39.7,39.7
2014/04/03,39.8,40.1,39.7,40.1
2014/04/07,40.0,40.4,39.8,40.3
2014/04/08,40.5,40.5,40.1,40.2
2014/04/09,40.4,40.4,40.1,40.4
2014/04/10,40.5,40.5,40.1,40.4
2014/04/11,40.4,40.4,40.1,40.4
2014/04/14,40.4,40.4,39.8,39.9
2014/04/15,40.2,40.2,39.8,39.9
2014/04/16,40.1,40.5,40.1,40.3
2014/04/17,40.5,40.5,40.2,40.3
2014/04/18,40.4,40.5,40.1,40.3
2014/04/21,40.3,40.4,40.1,40.2
2014/04/22,40.4,40.4,40.2,40.4
2014/04/23,40.3,40.4,40.1,40.2
2014/04/24,40.1,40.3,40.1,40.2
2014/04/25,40.3,40.4,39.5,39.7
2014/04/28,39.3,39.9,39.2,39.8
2014/04/29,40.1,40.4,39.8,40.3
2014/04/30,40.4,40.7,40.1,40.3
2014/05/02,40.7,43.0,40.4,42.8
2014/05/05,44.0,44.0,42.8,42.9
2014/05/06,43.1,43.3,42.8,42.9
2014/05/07,42.8,44.0,42.3,42.4
2014/05/08,43.3,43.3,42.5,42.7
2014/05/09,42.7,42.9,42.3,42.7
2014/05/12,42.9,43.1,42.6,42.6
2014/05/13,42.9,43.4,42.8,43.0
2014/05/14,43.4,43.7,41.8,42.2
2014/05/15,42.2,42.4,42.0,42.2
2014/05/16,41.8,42.6,41.8,42.4
2014/05/19,42.6,42.7,42.3,42.6
2014/05/20,42.8,42.8,41.8,41.9
2014/05/21,41.9,42.1,41.7,41.8
2014/05/22,41.8,42.2,41.8,42.2
2014/05/23,42.2,42.6,42.2,42.6
2014/05/26,42.8,43.8,42.8,43.3
2014/05/27,43.4,43.6,43.2,43.4
2014/05/28,43.6,44.5,43.5,44.5
2014/05/29,44.5,46.0,44.1,45.4
2014/05/30,46.1,46.7,45.2,45.4
2014/06/03,45.8,46.1,45.4,45.8
2014/06/04,46.0,46.7,45.5,46.7
2014/06/05,46.7,47.3,45.9,47.0
2014/06/06,47.1,47.2,46.5,46.7
2014/06/09,46.7,46.7,45.5,45.5
2014/06/10,45.5,46.0,45.2,46.0
2014/06/11,46.0,46.6,45.9,46.4
2014/06/12,46.4,46.4,45.9,46.1
2014/06/13,46.1,46.6,45.8,46.3
2014/06/16,46.4,46.5,45.8,46.0
2014/06/17,46.0,46.1,45.5,45.6
2014/06/18,45.6,46.1,45.6,46.1
2014/06/19,46.3,46.5,46.1,46.3
2014/06/20,46.3,46.5,46.1,46.3
2014/06/23,46.3,46.3,44.3,45.2
2014/06/24,45.5,45.7,45.0,45.0
2014/06/25,44.7,45.1,44.1,44.1
2014/06/26,44.6,45.3,44.4,44.7
2014/06/27,44.5,44.7,44.4,44.5
2014/06/30,44.5,44.9,44.5,44.7
2014/07/01,45.0,45.1,44.6,44.9
2014/07/02,44.9,45.2,44.3,44.5
2014/07/03,44.5,44.7,44.3,44.6
2014/07/04,44.7,45.3,44.7,44.8
2014/07/07,44.8,45.6,44.7,45.6
2014/07/08,45.7,46.7,45.5,45.8
2014/07/09,45.7,46.2,45.5,46.0
2014/07/10,46.2,46.4,45.7,45.8
2014/07/11,45.7,45.8,43.9,44.2
2014/07/14,43.9,44.2,43.5,44.1
2014/07/15,44.2,44.5,43.9,44.0
2014/07/16,43.8,44.0,43.1,43.4
2014/07/17,43.5,44.5,43.3,43.5
2014/07/18,43.5,44.0,43.3,43.3
2014/07/21,43.4,44.0,43.4,43.9
2014/07/22,44.1,45.4,44.0,44.4
2014/07/24,44.7,44.9,44.4,44.8
2014/07/25,44.8,44.8,44.1,44.5
2014/07/28,44.6,44.7,44.3,44.5
2014/07/29,44.8,45.2,43.4,43.8
2014/07/30,44.5,44.5,43.7,44.0
2014/07/31,44.2,44.3,43.3,43.4
2014/08/01,43.4,44.3,43.3,44.3
2014/08/04,44.6,45.9,44.5,45.9
2014/08/05,45.9,45.9,44.8,44.9
2014/08/06,45.0,45.3,44.3,44.6
2014/08/07,42.5,42.9,41.4,41.7
2014/08/08,41.6,41.7,40.9,41.0
2014/08/11,41.3,41.7,41.3,41.6
2014/08/12,41.6,41.6,41.1,41.2
2014/08/13,41.0,41.7,41.0,41.5
2014/08/14,41.5,41.7,41.2,41.3
2014/08/15,41.5,41.5,41.1,41.1
2014/08/18,41.3,41.4,40.7,40.7
2014/08/19,40.8,41.1,40.7,40.9
2014/08/20,40.9,41.1,40.7,41.0
2014/08/21,41.0,41.1,40.6,41.0
2014/08/22,41.0,41.8,41.0,41.7
2014/08/25,41.9,42.0,41.5,41.5
2014/08/26,41.8,42.2,41.7,42.2
2014/08/27,42.4,42.7,42.3,42.7
2014/08/28,42.7,42.7,42.3,42.3
2014/08/29,42.3,42.7,42.1,42.3
2014/09/01,42.5,42.7,42.4,42.5
2014/09/02,42.7,42.7,42.3,42.3
2014/09/03,42.4,42.5,42.2,42.3
2014/09/04,42.3,42.4,42.1,42.1
2014/09/05,42.1,42.1,40.9,41.0
2014/09/09,41.3,41.7,41.3,41.7
2014/09/10,41.7,41.7,41.2,41.6
2014/09/11,41.7,41.7,41.3,41.5
2014/09/12,41.7,41.8,41.1,41.1
2014/09/15,41.1,41.5,41.0,41.3
2014/09/16,41.4,41.4,41.1,41.2
2014/09/17,41.1,42.0,41.0,41.4
2014/09/18,41.3,41.5,41.3,41.5
2014/09/19,41.7,42.2,41.6,41.7
2014/09/22,41.7,41.7,41.0,41.3
2014/09/23,41.1,41.2,40.8,40.8
2014/09/24,40.8,41.0,40.5,40.5
2014/09/25,41.1,41.1,40.5,40.7
2014/09/26,40.3,40.5,40.1,40.2
2014/09/29,40.3,40.3,40.1,40.2
2014/09/30,40.2,40.4,39.7,40.4
2014/10/01,40.0,40.3,39.9,39.9
2014/10/02,40.0,40.2,39.8,40.1
2014/10/03,40.1,40.8,40.1,40.6
2014/10/06,40.8,40.8,40.3,40.3
2014/10/07,40.2,40.4,39.9,40.3
2014/10/08,40.1,40.3,39.8,39.8
2014/10/09,40.5,40.8,40.1,40.2
2014/10/13,39.5,39.7,38.5,38.5
2014/10/14,38.0,39.2,38.0,38.9
2014/10/15,38.9,38.9,38.1,38.3
2014/10/16,38.3,38.3,37.6,37.8
2014/10/17,37.8,38.6,37.8,38.3
2014/10/20,38.8,39.0,38.3,38.3
2014/10/21,38.4,38.5,38.2,38.4
2014/10/22,38.8,38.9,38.6,38.8
2014/10/23,38.8,39.0,38.2,38.3
2014/10/24,38.6,38.7,38.3,38.6
2014/10/27,38.8,38.8,38.3,38.5
2014/10/28,38.9,39.7,38.9,39.4
2014/10/29,39.8,40.0,39.6,39.9
2014/10/30,39.9,39.9,39.5,39.7
2014/10/31,39.7,40.2,39.3,40.2
2014/11/03,40.2,40.2,39.6,39.6
2014/11/04,39.3,39.4,38.9,38.9
2014/11/05,38.8,38.9,38.2,38.3
2014/11/06,38.3,38.3,37.7,37.8
2014/11/07,37.7,38.4,37.6,37.9
2014/11/10,37.8,38.8,37.8,38.6
2014/11/11,38.6,38.9,38.4,38.9
2014/11/12,38.9,38.9,37.9,38.0
2014/11/13,37.8,38.3,37.7,38.2
2014/11/14,37.9,38.5,37.8,38.1
2014/11/17,38.4,38.4,37.6,37.9
2014/11/18,37.9,38.1,37.4,37.4
2014/11/19,37.5,38.0,37.5,38.0
2014/11/20,38.2,38.5,38.0,38.5
2014/11/21,38.5,39.1,38.3,38.7
2014/11/24,38.7,39.1,38.5,38.8
2014/11/25,39.0,39.0,38.4,39.0
2014/11/26,39.1,39.1,38.6,38.6
2014/11/27,38.6,39.0,38.6,38.9
2014/11/28,38.6,39.1,38.5,39.1
2014/12/01,38.2,38.7,38.2,38.4
2014/12/02,38.4,38.4,37.8,38.0
2014/12/03,37.9,38.6,37.8,38.5
2014/12/04,38.8,39.0,38.6,38.9
2014/12/05,38.7,39.2,38.7,39.2
2014/12/08,39.2,39.3,39.1,39.2
2014/12/09,39.1,39.1,38.8,38.8
2014/12/10,38.7,38.9,38.2,38.3
2014/12/11,38.3,38.6,38.2,38.3
2014/12/12,38.3,38.6,38.3,38.3
2014/12/15,38.0,38.4,38.0,38.3
2014/12/16,38.4,38.5,38.2,38.2
2014/12/17,38.1,38.4,37.9,37.9
2014/12/18,38.2,38.2,37.8,37.8
2014/12/19,38.1,38.4,37.9,37.9
2014/12/22,38.3,38.7,38.2,38.7
2014/12/23,38.9,38.9,38.6,38.6
2014/12/24,38.8,38.9,38.6,38.9
2014/12/25,39.0,39.7,38.9,39.7
2014/12/26,39.7,39.9,39.5,39.8
2014/12/29,39.8,39.9,39.6,39.7
2014/12/30,40.2,40.3,39.8,39.8
2014/12/31,39.8,40.1,39.5,40.1
2015/01/05,40.1,40.1,39.6,39.8
2015/01/06,39.3,39.3,38.8,38.8
2015/01/07,38.7,39.0,38.7,38.8
2015/01/08,39.1,40.2,39.0,40.2
2015/01/09,40.4,40.5,39.9,39.9
2015/01/12,39.9,40.2,39.9,40.1
2015/01/13,39.9,40.7,39.9,40.5
2015/01/14,40.7,40.7,40.0,40.0
2015/01/15,40.0,40.3,39.9,40.1
2015/01/16,40.1,40.1,39.3,39.6
2015/01/19,39.9,40.1,39.3,39.7
2015/01/20,39.8,40.2,39.7,40.2
2015/01/21,40.3,40.4,40.1,40.2
2015/01/22,40.4,40.9,40.4,40.9
2015/01/23,41.2,42.0,40.9,41.8
2015/01/26,42.0,42.7,41.4,42.4
2015/01/27,42.6,42.7,42.0,42.4
2015/01/28,41.9,42.6,41.9,42.4
2015/01/29,42.4,42.4,42.0,42.3
2015/01/30,42.4,42.8,42.3,42.7
2015/02/02,42.7,43.3,42.7,42.9
2015/02/03,42.9,43.3,42.8,42.9
2015/02/04,43.2,43.7,43.2,43.7
2015/02/05,43.9,43.9,43.4,43.7
2015/02/06,43.7,43.8,43.5,43.8
2015/02/09,43.7,43.7,43.4,43.4
2015/02/10,43.5,43.7,43.4,43.5
2015/02/11,43.7,44.1,43.6,43.9
2015/02/12,43.9,44.0,43.4,43.9
2015/02/13,44.1,44.5,44.1,44.2
2015/02/24,44.7,44.8,43.5,44.0
2015/02/25,44.1,44.3,43.5,43.6
2015/02/26,43.6,44.0,43.3,43.8
2015/03/02,44.0,44.0,43.5,43.8
2015/03/03,43.8,43.9,43.5,43.8
2015/03/04,43.8,44.1,43.4,44.1
2015/03/05,44.1,44.2,43.7,44.2
2015/03/06,44.2,44.5,44.0,44.5
2015/03/09,44.3,44.4,44.0,44.2
2015/03/10,44.2,44.5,44.2,44.3
2015/03/11,44.0,44.1,43.2,43.3
2015/03/12,43.2,43.7,43.2,43.6
2015/03/13,43.5,43.8,43.4,43.4
2015/03/16,43.2,43.5,42.5,43.2
2015/03/17,43.2,43.7,43.0,43.3
2015/03/18,43.0,43.9,43.0,43.9
2015/03/19,44.0,44.0,43.5,43.5
2015/03/20,43.7,43.9,43.3,43.3
2015/03/23,43.3,43.8,43.3,43.6
2015/03/24,43.8,44.2,43.6,44.2
2015/03/25,44.5,45.0,44.3,44.6
2015/03/26,44.0,44.5,43.8,44.3
2015/03/27,43.9,44.2,43.3,43.4
2015/03/30,43.6,44.9,43.5,44.5
2015/03/31,44.9,44.9,43.7,43.8
2015/04/01,43.6,43.6,43.3,43.3
2015/04/02,43.9,44.0,43.5,43.5
2015/04/07,43.9,43.9,43.5,43.6
2015/04/08,43.6,43.9,43.4,43.5
2015/04/09,43.6,43.8,43.5,43.6
2015/04/10,43.8,44.1,43.6,43.9
2015/04/13,44.1,44.4,43.8,43.9
2015/04/14,43.9,44.0,43.3,43.5
2015/04/15,43.5,43.8,43.4,43.8
2015/04/16,43.8,44.0,43.6,44.0
2015/04/17,43.6,43.7,43.2,43.3
2015/04/20,42.9,43.3,42.2,42.3
2015/04/21,42.3,42.4,40.8,40.9
2015/04/22,40.9,41.6,40.8,41.4
2015/04/23,41.4,41.8,41.0,41.5
2015/04/24,41.5,42.1,41.1,41.5
2015/04/27,41.5,41.9,41.4,41.6
2015/04/28,41.6,41.8,41.1,41.3
2015/04/29,41.3,41.7,41.0,41.4
2015/04/30,41.4,42.0,41.4,41.7
2015/05/04,41.8,42.2,41.1,42.1
2015/05/05,42.0,42.1,41.5,41.8
2015/05/06,41.7,42.7,41.6,42.6
2015/05/07,42.4,42.6,42.1,42.3
2015/05/08,42.4,42.9,42.2,42.8
2015/05/11,43.4,43.5,42.8,42.8
2015/05/12,42.4,42.8,41.0,41.7
2015/05/13,41.7,42.3,41.7,42.3
2015/05/14,42.3,42.4,41.5,41.7
2015/05/15,42.1,42.2,41.7,41.8
2015/05/18,42.1,42.3,41.8,42.3
2015/05/19,42.4,42.8,42.3,42.8
2015/05/20,42.8,42.9,42.1,42.4
2015/05/21,42.4,42.4,41.8,42.1
2015/05/22,42.4,42.4,42.0,42.4
2015/05/25,42.4,42.4,42.0,42.3
2015/05/26,42.6,42.8,42.4,42.8
2015/05/27,42.8,43.0,42.6,43.0
2015/05/28,43.2,43.2,42.7,42.9
2015/05/29,42.9,43.4,42.7,43.0
2015/06/01,42.9,43.2,42.3,42.4
2015/06/02,42.7,42.8,42.3,42.4
2015/06/03,42.8,42.9,42.2,42.3
2015/06/04,42.4,42.7,41.3,41.3
2015/06/05,41.3,41.7,41.2,41.4
2015/06/08,41.4,42.3,41.3,42.3
2015/06/09,42.2,42.2,41.5,41.7
2015/06/10,41.7,42.1,41.5,41.5
2015/06/11,41.7,41.8,41.3,41.3
2015/06/12,41.3,41.5,40.9,41.3
2015/06/15,41.3,41.4,41.1,41.2
2015/06/16,41.4,41.4,41.0,41.3
2015/06/17,41.3,41.4,41.0,41.1
2015/06/18,41.0,41.0,40.8,40.8
2015/06/22,40.8,41.4,40.8,41.0
2015/06/23,41.3,41.4,41.1,41.1
2015/06/24,41.4,41.4,41.1,41.2
2015/06/25,41.8,42.5,41.7,42.0
2015/06/26,42.2,42.3,41.8,42.0
2015/06/29,41.6,41.7,41.3,41.4
2015/06/30,41.7,42.0,41.3,42.0
2015/07/01,42.1,42.2,41.8,42.0
2015/07/02,42.2,42.3,41.8,41.8
2015/07/03,41.6,41.6,41.0,41.3
2015/07/06,41.2,41.5,41.0,41.0
2015/07/07,41.4,41.6,41.1,41.6
2015/07/08,41.1,41.3,40.4,40.4
2015/07/09,40.1,40.1,39.6,39.7
2015/07/13,40.2,40.7,40.2,40.4
2015/07/14,40.8,41.4,40.8,41.1
2015/07/15,41.4,41.4,40.8,40.9
2015/07/16,41.1,41.4,41.0,41.3
2015/07/17,41.0,41.4,40.9,41.4
2015/07/20,41.4,41.5,40.9,41.0
2015/07/21,41.0,41.3,40.9,41.0
2015/07/22,40.9,41.2,40.8,41.0
2015/07/23,40.8,41.2,40.8,41.1
2015/07/24,40.8,41.0,40.8,41.0
2015/07/27,40.9,40.9,39.7,39.9
2015/07/28,39.5,39.9,39.4,39.6
2015/07/29,39.5,39.6,38.7,38.8
2015/07/30,38.8,39.4,38.7,38.8
2015/07/31,39.0,39.1,38.5,39.0
2015/08/03,39.0,39.0,38.6,38.8
2015/08/04,39.0,39.1,38.4,38.7
2015/08/05,38.4,38.4,37.7,37.8
2015/08/06,35.3,35.5,34.0,34.7
2015/08/07,34.6,34.9,34.2,34.2
2015/08/10,34.2,34.9,34.2,34.7
2015/08/11,35.0,35.5,34.8,35.1
2015/08/12,35.1,35.1,34.6,34.7
2015/08/13,34.7,34.7,34.3,34.5
2015/08/14,34.2,34.6,34.1,34.2
2015/08/17,34.2,34.2,32.9,33.0
2015/08/18,33.0,33.6,32.9,32.9
2015/08/19,32.9,32.9,31.4,31.5
2015/08/20,31.6,32.7,31.6,32.6
2015/08/21,32.1,32.4,31.8,32.1
2015/08/24,31.6,31.7,29.6,31.1
2015/08/25,30.9,31.5,30.8,31.3
2015/08/26,30.8,31.5,29.8,31.1
2015/08/27,31.4,32.0,31.4,32.0
2015/08/28,32.3,32.7,32.0,32.6
2015/08/31,32.6,33.4,32.1,33.4
2015/09/01,33.1,33.1,32.3,33.0
2015/09/02,32.4,32.8,32.1,32.5
2015/09/03,32.3,32.7,32.2,32.3
2015/09/04,32.2,32.3,31.8,31.8
2015/09/07,31.7,32.6,31.7,32.6
2015/09/08,32.6,33.0,32.4,32.9
2015/09/09,33.3,34.6,33.3,34.6
2015/09/10,34.6,34.7,34.0,34.7
2015/09/11,34.8,36.6,34.8,36.6
2015/09/14,36.8,37.5,36.4,36.6
2015/09/15,36.6,36.6,35.8,36.4
2015/09/16,36.5,36.5,36.0,36.4
2015/09/17,36.6,37.2,36.4,36.8
2015/09/18,36.7,37.5,36.6,37.5
2015/09/21,36.8,37.0,36.6,37.0
2015/09/22,36.8,37.0,36.6,36.6
2015/09/23,36.4,36.4,35.4,35.5
2015/09/24,35.8,35.8,34.8,35.0
2015/09/25,34.9,35.2,34.3,34.8
2015/09/30,34.0,34.8,34.0,34.5
2015/10/01,34.5,35.1,34.5,34.9
2015/10/02,34.7,35.7,34.7,35.7
2015/10/05,35.8,36.0,35.5,36.0
2015/10/06,36.1,36.6,35.9,35.9
2015/10/07,35.9,36.6,35.7,36.6
2015/10/08,36.4,36.5,35.9,35.9
2015/10/12,36.3,36.8,36.3,36.7
2015/10/13,36.6,36.9,36.3,36.7
2015/10/14,36.4,36.9,36.4,36.5
2015/10/15,36.8,37.3,36.7,37.3
2015/10/16,37.4,37.5,36.7,36.7
2015/10/19,37.0,37.5,36.9,37.4
2015/10/20,37.4,37.8,37.0,37.3
2015/10/21,37.4,37.5,36.7,36.8
2015/10/22,36.8,37.2,36.8,37.0
2015/10/23,37.5,37.6,36.8,36.9
2015/10/26,37.3,37.4,37.1,37.4
2015/10/27,37.5,37.5,37.2,37.5
2015/10/28,37.4,37.8,37.0,37.2
2015/10/29,37.4,37.4,36.7,36.9
2015/10/30,37.1,37.2,36.5,37.0
2015/11/02,37.0,37.4,36.6,37.0
2015/11/03,37.2,37.6,37.2,37.6
2015/11/04,37.9,37.9,37.3,37.5
2015/11/05,37.5,37.6,37.2,37.6
2015/11/06,37.3,37.4,36.6,36.7
2015/11/09,36.5,36.9,36.5,36.7
2015/11/10,36.5,36.5,35.7,35.7
2015/11/11,35.7,35.8,35.1,35.4
2015/11/12,35.3,35.9,35.3,35.8
2015/11/13,35.5,35.8,35.0,35.1
2015/11/16,34.9,35.4,34.6,34.9
2015/11/17,35.4,35.9,35.1,35.9
2015/11/18,35.9,35.9,35.0,35.0
2015/11/19,35.2,36.0,35.1,36.0
2015/11/20,35.8,35.9,35.7,35.8
2015/11/23,36.1,36.1,35.3,35.6
2015/11/24,35.4,35.6,35.1,35.3
2015/11/25,35.3,35.4,34.9,35.1
2015/11/26,35.3,35.6,35.1,35.2
2015/11/27,35.3,35.5,34.8,34.9
2015/11/30,34.7,35.6,34.2,34.3
2015/12/01,34.8,35.3,34.6,35.2
2015/12/02,34.9,35.0,34.6,34.8
2015/12/03,34.4,35.3,34.4,35.0
2015/12/04,34.7,34.8,34.5,34.7
2015/12/07,34.8,35.3,34.6,34.6
2015/12/08,34.6,34.8,34.5,34.6
2015/12/09,34.5,34.6,34.0,34.0
2015/12/10,33.8,33.9,33.3,33.7
2015/12/11,34.2,34.3,33.7,33.7
2015/12/14,33.3,33.5,32.9,33.1
2015/12/15,33.2,33.4,32.9,33.2
2015/12/16,33.3,33.5,33.1,33.2
2015/12/17,33.4,33.6,33.4,33.5
2015/12/18,33.5,34.2,33.4,34.2
2015/12/21,33.7,34.5,33.7,34.3
2015/12/22,34.3,34.4,34.1,34.3
2015/12/23,34.4,34.7,34.3,34.6
2015/12/24,34.7,34.9,34.7,34.9
2015/12/25,34.9,34.9,34.5,34.9
2015/12/28,34.6,34.9,34.6,34.8
2015/12/29,34.9,34.9,34.5,34.5
2015/12/30,34.6,34.7,34.1,34.2
2015/12/31,34.1,34.5,34.0,34.2
2016/01/05,33.5,33.6,33.3,33.4
2016/01/06,33.5,33.6,33.0,33.3
2016/01/07,33.3,33.3,32.6,32.7
2016/01/08,32.6,33.3,32.6,33.3
2016/01/11,32.8,33.3,32.6,32.9
2016/01/12,33.1,33.3,32.7,32.8
2016/01/13,33.0,33.1,32.7,32.9
2016/01/14,32.6,33.0,32.5,32.9
2016/01/15,32.9,33.2,32.6,33.2
2016/01/18,32.6,33.2,32.5,33.0
2016/01/19,33.2,33.4,32.9,33.4
2016/01/20,33.0,33.3,32.8,33.2
2016/01/21,33.2,33.2,32.7,32.7
2016/01/22,33.0,33.0,32.7,33.0
2016/01/25,33.0,34.0,33.0,34.0
2016/01/26,33.8,33.9,33.5,33.7
2016/01/27,33.9,34.1,33.7,33.9
2016/01/28,33.8,34.6,33.7,34.2
2016/01/29,34.2,35.0,34.2,35.0
2016/02/01,35.0,35.3,34.8,35.3
2016/02/02,35.2,35.3,34.9,35.0
2016/02/03,34.8,35.2,34.7,35.2
2016/02/15,34.9,35.2,34.6,35.0
2016/02/16,34.9,35.3,34.9,35.3
2016/02/17,35.2,35.3,34.9,35.1
2016/02/18,35.3,35.7,35.2,35.5
2016/02/19,35.5,36.4,35.5,36.4
2016/02/22,36.7,37.0,36.0,36.0
2016/02/23,36.3,36.5,36.0,36.1
2016/02/24,36.3,36.5,35.9,36.4
2016/02/25,36.5,36.5,36.0,36.3
2016/02/26,36.5,36.9,36.3,36.9
2016/03/01,37.0,37.0,36.5,36.8
2016/03/02,37.1,37.4,36.8,37.0
2016/03/03,37.0,37.2,36.8,37.2
2016/03/04,37.0,37.2,36.8,36.9
2016/03/07,37.2,37.4,36.9,37.3
2016/03/08,37.3,37.5,36.8,37.5
2016/03/09,37.4,37.5,36.8,37.4
2016/03/10,37.2,37.6,37.1,37.3
2016/03/11,37.4,37.4,36.9,37.0
2016/03/14,37.1,37.5,37.1,37.3
2016/03/15,37.4,37.4,36.6,36.8
2016/03/16,37.1,37.1,36.8,36.9
2016/03/17,37.2,37.5,37.1,37.4
2016/03/18,37.4,37.8,37.4,37.8
2016/03/21,38.0,38.1,37.6,38.1
2016/03/22,38.1,38.2,37.6,38.0
2016/03/23,37.7,38.0,37.4,37.9
2016/03/24,37.6,37.9,37.4,37.8
2016/03/25,37.9,37.9,37.3,37.3
2016/03/28,37.4,37.5,37.1,37.3
2016/03/29,37.3,37.5,36.6,36.8
2016/03/30,37.0,37.5,37.0,37.4
2016/03/31,37.6,37.7,37.2,37.3
2016/04/01,37.0,37.0,36.3,36.6
2016/04/06,36.1,36.7,36.1,36.5
2016/04/07,36.1,36.2,35.8,36.0
2016/04/08,35.8,36.1,35.7,35.9
2016/04/11,35.9,36.3,35.7,35.9
2016/04/12,36.0,36.4,35.9,36.3
2016/04/13,36.4,37.0,36.0,37.0
2016/04/14,37.0,37.4,36.8,37.3
2016/04/15,37.3,37.6,36.9,37.5
2016/04/18,37.4,37.5,37.2,37.5
2016/04/19,37.5,37.7,36.8,37.4
2016/04/20,37.5,37.6,36.4,36.6
2016/04/21,36.7,37.2,36.5,37.2
2016/04/22,37.2,37.6,37.0,37.6
2016/04/25,37.4,37.6,37.0,37.3
2016/04/26,37.3,38.0,37.3,38.0
2016/04/27,38.0,38.0,37.1,37.5
2016/04/28,37.6,37.7,37.1,37.6
2016/04/29,37.5,37.5,37.1,37.5
2016/05/03,37.4,37.4,37.0,37.4
2016/05/04,37.0,37.3,36.8,37.1
2016/05/05,37.3,37.6,37.2,37.2
2016/05/06,37.0,37.1,36.5,36.5
2016/05/09,36.5,36.7,36.3,36.6
2016/05/10,36.5,36.8,36.4,36.6
2016/05/11,36.7,36.9,36.5,36.7
2016/05/12,36.5,36.8,36.5,36.7
2016/05/13,36.5,36.6,36.1,36.3
2016/05/16,36.3,36.6,36.2,36.5
2016/05/17,36.5,36.6,36.3,36.5
2016/05/18,36.5,37.4,36.4,37.4
2016/05/19,37.0,37.1,36.6,36.7
2016/05/20,36.7,37.2,36.7,36.8
2016/05/23,36.7,37.4,36.6,37.4
2016/05/24,37.4,37.9,37.2,37.9
2016/05/25,38.0,38.3,37.8,38.2
2016/05/26,38.2,38.4,38.1,38.4
2016/05/27,38.4,38.6,38.3,38.6
2016/05/30,38.6,39.1,38.5,39.0
2016/05/31,39.0,39.1,38.6,39.0
2016/06/01,38.9,39.6,38.8,39.5
2016/06/02,39.5,39.8,39.4,39.7
2016/06/03,39.5,39.9,39.5,39.9
2016/06/06,40.3,40.4,40.0,40.2
2016/06/07,40.3,40.9,40.2,40.9
2016/06/08,40.9,41.2,40.8,41.2
2016/06/13,40.8,41.0,39.1,39.6
2016/06/14,39.6,41.1,39.5,41.1
2016/06/15,40.8,41.1,40.4,41.1
2016/06/16,41.1,41.1,40.2,40.2
2016/06/17,40.3,40.7,40.2,40.2
2016/06/20,40.4,40.6,40.2,40.2
2016/06/21,40.4,40.4,40.1,40.2
2016/06/22,40.3,40.4,40.2,40.4
2016/06/23,40.4,40.5,40.1,40.2
2016/06/24,40.4,41.0,39.5,39.7
2016/06/27,39.8,40.1,39.7,40.1
2016/06/28,39.8,40.0,39.5,39.7
2016/06/29,39.8,40.0,39.8,39.9
2016/06/30,40.1,40.7,39.9,40.7
2016/07/01,41.0,41.0,40.5,40.7
2016/07/04,40.4,40.9,40.3,40.7
2016/07/05,40.7,40.8,40.3,40.7
2016/07/06,40.7,41.1,40.5,41.0
2016/07/07,41.1,41.2,40.8,41.1
2016/07/11,41.3,42.8,41.3,42.3
2016/07/12,42.6,43.4,42.3,42.4
2016/07/13,42.4,42.7,41.9,42.7
2016/07/14,42.8,43.2,42.6,43.0
2016/07/15,43.3,43.7,43.2,43.7
2016/07/18,43.6,43.8,43.4,43.6
2016/07/19,43.8,44.0,43.6,44.0
2016/07/20,44.1,44.3,43.9,44.3
2016/07/21,44.3,44.7,44.3,44.5
2016/07/22,44.2,44.7,44.2,44.6
2016/07/25,44.6,44.6,43.6,44.1
2016/07/26,44.1,44.2,43.9,44.2
2016/07/27,44.2,44.3,44.0,44.3
2016/07/28,44.1,44.2,44.0,44.1
2016/07/29,44.1,44.1,43.9,44.1
2016/08/01,42.1,42.1,41.6,41.7
2016/08/02,42.2,43.5,42.2,43.5
2016/08/03,42.6,42.6,41.6,42.2
2016/08/04,42.2,42.4,41.7,42.3
2016/08/05,42.4,42.7,42.2,42.4
2016/08/08,42.6,42.7,41.7,42.3
2016/08/09,42.3,42.5,42.1,42.5
2016/08/10,42.3,42.3,41.7,42.1
2016/08/11,42.0,42.0,41.6,41.7
2016/08/12,41.9,41.9,41.6,41.8
2016/08/15,41.8,41.8,41.2,41.3
2016/08/16,41.6,41.6,41.4,41.6
2016/08/17,41.6,41.8,41.3,41.6
2016/08/18,41.5,42.1,41.4,42.1
2016/08/19,42.1,42.3,41.7,41.7
2016/08/22,41.7,41.7,41.2,41.6
2016/08/23,41.4,41.5,41.3,41.4
2016/08/24,41.6,41.6,41.4,41.6
2016/08/25,41.6,41.8,41.4,41.8
2016/08/26,41.6,41.7,41.4,41.5
2016/08/29,41.3,41.5,41.0,41.3
2016/08/30,41.3,41.3,40.9,41.0
2016/08/31,40.9,41.0,40.3,41.0
2016/09/01,41.0,41.0,40.4,40.7
2016/09/02,40.7,40.8,40.1,40.2
2016/09/05,40.1,40.5,39.8,40.2
2016/09/06,40.2,40.8,40.1,40.8
2016/09/07,40.8,41.0,40.5,40.5
2016/09/08,40.8,40.9,40.5,40.9
2016/09/09,40.9,41.2,40.8,41.1
2016/09/12,40.4,40.4,40.0,40.0
2016/09/13,40.0,40.2,39.5,39.5
2016/09/14,39.3,39.8,39.1,39.1
2016/09/19,39.4,39.6,39.1,39.2
2016/09/20,39.3,39.7,39.3,39.7
2016/09/21,39.7,39.8,39.5,39.8
2016/09/22,39.9,39.9,39.5,39.7
2016/09/23,39.8,40.7,39.7,40.7
2016/09/26,40.7,40.8,40.3,40.7
2016/09/29,41.0,41.1,40.8,40.9
2016/09/30,40.9,40.9,39.8,40.3
2016/10/03,40.5,40.5,40.2,40.2
2016/10/04,40.5,40.7,40.3,40.7
2016/10/05,40.4,40.6,40.3,40.6
2016/10/06,40.6,40.6,40.3,40.3
2016/10/07,40.3,40.6,40.0,40.0
2016/10/11,40.5,40.5,39.7,39.9
2016/10/12,39.9,39.9,39.6,39.7
2016/10/13,39.7,40.1,39.7,40.1
2016/10/14,40.0,40.1,39.7,39.7
2016/10/17,39.8,40.1,39.3,40.1
2016/10/18,40.0,40.7,39.9,40.7
2016/10/19,40.7,40.8,40.5,40.7
2016/10/20,40.7,40.7,40.1,40.2
2016/10/21,40.1,40.4,40.1,40.1
2016/10/24,40.1,40.3,39.8,40.1
2016/10/25,40.1,40.4,39.9,40.4
2016/10/26,40.1,40.4,40.1,40.2
2016/10/27,40.2,40.3,39.9,40.0
2016/10/28,39.9,40.2,39.9,40.1
2016/10/31,39.8,40.2,39.7,40.2
2016/11/01,39.9,40.2,39.8,40.1
2016/11/02,40.1,40.7,40.0,40.5
2016/11/03,40.4,40.4,40.0,40.0
2016/11/04,40.1,40.5,39.9,40.5
2016/11/07,40.7,41.2,40.7,41.0
2016/11/08,41.4,41.6,41.3,41.5
2016/11/09,42.0,42.1,40.8,41.1
2016/11/10,41.8,42.0,41.5,41.6
2016/11/11,41.0,41.1,40.4,40.8
2016/11/14,40.7,41.1,40.5,40.8
2016/11/15,40.8,41.1,40.7,40.8
2016/11/16,40.9,41.3,40.9,41.1
2016/11/17,41.3,41.3,40.9,41.1
2016/11/18,41.3,41.3,41.0,41.0
2016/11/21,41.1,41.3,40.9,40.9
2016/11/22,41.2,41.7,41.1,41.6
2016/11/23,41.8,41.8,41.5,41.6
2016/11/24,41.6,41.8,41.3,41.5
2016/11/25,41.7,41.8,41.6,41.7
2016/11/28,41.8,42.7,41.8,42.6
2016/11/29,42.6,42.7,42.0,42.2
2016/11/30,42.2,42.9,42.1,42.9
2016/12/01,43.3,43.8,43.1,43.1
2016/12/02,42.7,42.8,42.1,42.4
2016/12/05,42.4,42.4,41.2,41.4
2016/12/06,41.5,41.8,41.4,41.5
2016/12/07,41.6,41.6,41.0,41.0
2016/12/08,41.2,41.8,41.1,41.8
2016/12/09,41.8,42.0,41.7,41.7
2016/12/12,41.8,41.8,41.4,41.4
2016/12/13,41.5,42.0,41.4,42.0
2016/12/14,42.1,42.1,41.7,41.9
2016/12/15,41.8,42.2,41.8,42.0
2016/12/16,42.0,42.1,41.8,41.9
2016/12/19,41.9,41.9,41.5,41.6
2016/12/20,41.6,41.7,41.5,41.5
2016/12/21,41.6,41.7,41.2,41.3
2016/12/22,41.2,41.3,41.0,41.0
2016/12/23,40.9,40.9,40.6,40.7
2016/12/26,40.7,40.8,40.4,40.6
2016/12/27,40.5,40.9,40.5,40.8
2016/12/28,40.7,41.1,40.7,41.1
2016/12/29,41.1,41.2,40.9,40.9
2016/12/30,41.1,41.4,41.0,41.3
2017/01/03,41.3,41.3,40.7,41.0
2017/01/04,41.1,41.3,40.7,41.3
2017/01/05,41.2,41.3,41.0,41.3
2017/01/06,41.2,41.4,41.1,41.4
2017/01/09,41.4,41.4,41.0,41.1
2017/01/10,41.1,41.1,40.8,41.0
2017/01/11,41.1,41.1,40.8,40.8
2017/01/12,40.8,41.2,40.7,41.2
2017/01/13,41.2,41.2,40.5,40.9
2017/01/16,40.9,40.9,40.5,40.6
2017/01/17,40.5,40.8,40.5,40.8
2017/01/18,40.7,40.7,40.5,40.5
2017/01/19,40.7,40.7,40.3,40.5
2017/01/20,40.4,40.6,40.4,40.5
2017/01/23,40.7,40.8,40.4,40.5
2017/01/24,40.5,40.8,40.4,40.7
2017/02/02,40.3,40.6,40.2,40.4
2017/02/03,40.4,40.7,40.4,40.7
2017/02/06,40.7,41.6,40.7,41.5
2017/02/07,41.4,41.6,41.1,41.3
2017/02/08,40.9,41.6,40.9,41.6
2017/02/09,41.4,41.6,40.9,41.4
2017/02/10,41.1,41.7,41.1,41.5
2017/02/13,41.4,41.7,41.4,41.7
2017/02/14,42.3,42.9,42.3,42.7
2017/02/15,42.7,43.1,42.7,43.0
2017/02/16,43.0,43.2,42.3,42.6
2017/02/17,42.6,42.7,42.3,42.5
2017/02/20,42.5,42.6,42.3,42.5
2017/02/21,42.5,42.7,42.1,42.4
2017/02/22,42.6,42.6,42.2,42.4
2017/02/23,42.4,42.4,42.2,42.4
2017/02/24,42.4,42.5,42.2,42.4
2017/03/01,42.5,42.7,42.3,42.4
2017/03/02,42.7,42.7,42.4,42.6
2017/03/03,42.5,42.6,42.2,42.2
2017/03/06,42.2,42.2,41.9,42.2
2017/03/07,42.2,42.3,42.1,42.2
2017/03/08,42.2,42.6,42.1,42.6
2017/03/09,42.4,42.4,41.8,42.2
2017/03/10,42.2,42.2,41.7,41.8
2017/03/13,42.0,42.2,41.8,42.1
2017/03/14,42.1,42.3,42.0,42.2
2017/03/15,42.2,42.2,41.9,41.9
2017/03/16,42.1,42.5,42.0,42.3
2017/03/17,42.4,42.8,42.0,42.8
2017/03/20,42.7,42.7,42.3,42.6
2017/03/21,42.7,42.7,42.3,42.5
2017/03/22,42.4,42.5,42.1,42.5
2017/03/23,42.5,42.6,42.4,42.5
2017/03/24,42.5,42.5,42.3,42.5
2017/03/27,42.4,42.4,42.2,42.4
2017/03/28,42.4,42.4,42.1,42.2
2017/03/29,42.4,42.4,41.8,42.0
2017/03/30,42.0,42.0,41.3,41.4
2017/03/31,41.5,41.6,41.3,41.4
2017/04/05,41.7,42.0,41.5,42.0
2017/04/06,42.0,42.0,41.5,41.7
2017/04/07,42.0,42.0,41.5,41.9
2017/04/10,41.7,41.8,41.5,41.6
2017/04/11,41.5,41.8,41.5,41.6
2017/04/12,41.4,41.6,41.3,41.5
2017/04/13,41.7,41.7,40.9,41.4
2017/04/14,41.1,41.1,40.8,40.8
2017/04/17,40.7,40.8,40.4,40.8
2017/04/18,40.8,40.9,40.7,40.9
2017/04/19,40.7,40.9,40.4,40.4
2017/04/20,40.4,40.5,40.4,40.4
2017/04/21,40.7,40.7,40.4,40.6
2017/04/24,40.6,40.7,40.0,40.4
2017/04/25,40.6,41.0,40.4,41.0
2017/04/26,41.3,41.5,41.0,41.5
2017/04/27,41.5,41.5,41.0,41.5
2017/04/28,41.4,41.6,41.1,41.6
2017/05/02,41.6,41.8,41.5,41.7
2017/05/03,41.7,41.7,41.5,41.7
2017/05/04,42.4,43.2,42.4,43.2
2017/05/05,43.2,43.5,43.0,43.3
2017/05/08,43.4,43.5,43.2,43.5
2017/05/09,43.3,43.3,42.7,43.1
2017/05/10,42.9,43.8,42.9,43.6
2017/05/11,43.5,43.5,43.2,43.5
2017/05/12,43.3,43.5,43.3,43.5
2017/05/15,43.4,43.8,43.4,43.5
2017/05/16,43.6,43.6,43.4,43.6
2017/05/17,43.6,43.9,43.5,43.7
2017/05/18,43.6,43.6,43.3,43.6
2017/05/19,43.4,44.0,43.4,43.8
2017/05/22,43.8,44.0,43.6,43.9
2017/05/23,43.6,44.0,43.4,44.0
2017/05/24,43.6,43.8,43.5,43.5
2017/05/25,43.5,44.2,43.4,44.1
2017/05/26,44.1,45.3,44.1,44.8
2017/05/31,44.6,44.7,43.7,43.7
2017/06/01,43.6,44.1,43.4,43.5
2017/06/02,43.6,44.2,43.5,44.2
2017/06/05,43.9,44.1,43.8,43.9
2017/06/06,43.8,44.0,43.6,43.8
2017/06/07,43.8,43.8,43.5,43.6
2017/06/08,43.6,44.2,43.6,44.2
2017/06/09,44.1,44.1,43.6,43.8
2017/06/12,43.6,43.9,43.4,43.8
2017/06/13,43.9,44.0,43.5,43.6
2017/06/14,43.9,43.9,42.9,43.0
2017/06/15,42.9,43.4,42.9,43.4
2017/06/16,43.3,43.8,43.2,43.8
2017/06/19,43.7,44.1,43.5,44.1
2017/06/20,44.2,44.2,43.8,43.8
2017/06/21,43.6,44.1,43.3,44.1
2017/06/22,44.0,44.0,43.6,43.7
2017/06/23,43.7,44.0,43.5,44.0
2017/06/26,44.1,44.4,43.7,44.4
2017/06/27,44.7,45.9,44.6,45.5
2017/06/28,45.2,45.2,44.7,44.7
2017/06/29,45.2,45.2,44.4,44.6
2017/06/30,44.3,44.3,44.0,44.1
2017/07/03,44.1,44.2,44.0,44.2
2017/07/04,44.0,44.0,43.8,43.9
2017/07/05,43.9,44.4,43.6,44.4
2017/07/06,44.3,44.3,43.6,44.3
2017/07/07,44.2,44.8,44.0,44.4
2017/07/10,44.2,44.5,43.9,44.3
2017/07/11,44.2,44.9,44.1,44.9
2017/07/12,44.8,45.1,44.6,44.9
2017/07/13,45.0,45.9,44.8,45.6
2017/07/14,45.6,45.7,45.3,45.5
2017/07/17,45.7,45.7,45.0,45.1
2017/07/18,45.1,45.7,45.1,45.7
2017/07/19,45.7,45.7,45.1,45.6
2017/07/20,45.7,45.8,45.4,45.7
2017/07/21,45.6,45.9,45.5,45.7
2017/07/24,45.7,45.8,45.5,45.8
2017/07/25,45.8,45.9,45.4,45.8
2017/07/26,45.7,45.9,45.0,45.0
2017/07/27,45.2,46.1,45.2,46.0
2017/07/28,45.7,46.2,45.6,46.0
2017/07/31,46.1,46.4,45.7,46.0
2017/08/01,46.2,49.8,46.1,49.7
2017/08/02,50.5,50.6,46.6,47.0
2017/08/03,46.7,47.5,46.2,46.9
2017/08/04,46.7,47.1,46.4,47.0
2017/08/07,47.1,48.1,46.8,47.9
2017/08/08,47.7,47.8,47.2,47.3
2017/08/09,47.1,47.1,46.4,46.5
2017/08/10,46.5,46.8,45.9,46.3
2017/08/11,42.9,43.1,42.2,42.4
2017/08/14,42.5,42.7,42.1,42.5
2017/08/15,42.6,42.7,42.1,42.4
2017/08/16,42.2,42.6,42.1,42.1
2017/08/17,42.2,42.6,42.2,42.6
2017/08/18,42.2,42.5,42.2,42.4
2017/08/21,42.3,42.4,42.2,42.2
2017/08/22,42.3,42.7,42.2,42.4
2017/08/23,42.7,42.8,42.2,42.2
2017/08/24,42.2,42.6,42.2,42.5
2017/08/25,42.5,42.6,42.3,42.5
2017/08/28,42.4,42.5,42.3,42.5
2017/08/29,42.5,42.6,42.3,42.4
2017/08/30,42.4,42.9,42.4,42.9
2017/08/31,43.0,43.0,42.6,42.7
2017/09/01,42.9,43.0,42.7,43.0
2017/09/04,42.9,43.4,42.7,43.0
2017/09/05,43.0,43.1,42.8,43.0
2017/09/06,42.9,42.9,41.6,42.0
2017/09/07,42.1,42.4,42.0,42.2
2017/09/08,42.3,42.5,42.0,42.5
2017/09/11,43.2,44.3,43.2,44.3
2017/09/12,44.7,44.8,43.8,44.0
2017/09/13,44.0,44.0,43.0,43.6
2017/09/14,43.2,43.6,43.2,43.6
2017/09/15,43.5,43.6,43.3,43.5
2017/09/18,43.5,43.6,43.3,43.6
2017/09/19,43.7,43.8,42.9,42.9
2017/09/20,42.9,43.3,42.9,43.0
2017/09/21,42.9,43.2,42.8,43.2
2017/09/22,43.2,43.7,42.9,43.2
2017/09/25,43.2,43.3,42.8,43.0
2017/09/26,42.9,43.7,42.9,43.2
2017/09/27,43.0,43.6,43.0,43.5
2017/09/28,43.3,43.5,43.2,43.4
2017/09/29,43.4,43.9,43.3,43.9
2017/10/02,43.9,44.1,43.6,44.1
2017/10/03,44.0,44.1,43.9,44.0
2017/10/05,43.7,44.5,43.7,44.5
2017/10/06,44.5,44.6,44.2,44.6
2017/10/11,45.2,45.2,44.6,44.9
2017/10/12,45.1,46.3,44.6,46.0
2017/10/13,46.0,46.3,45.5,45.9
2017/10/16,46.1,46.6,45.9,46.3
2017/10/17,46.4,46.5,45.7,45.8
2017/10/18,45.8,46.1,45.5,46.1
2017/10/19,46.2,46.3,45.9,46.0
2017/10/20,45.9,46.2,45.7,46.2
2017/10/23,46.0,46.3,45.8,45.9
2017/10/24,45.9,45.9,45.6,45.7
2017/10/25,45.7,46.2,45.7,46.1
2017/10/26,46.0,46.0,45.9,45.9
2017/10/27,45.9,46.0,44.9,44.9
2017/10/30,45.1,45.3,44.8,44.8
2017/10/31,44.8,45.4,44.7,44.9
2017/11/01,44.9,45.2,44.9,45.0
2017/11/02,44.9,45.7,44.9,45.4
2017/11/03,45.7,45.7,45.2,45.7
2017/11/06,45.7,45.8,45.4,45.6
2017/11/07,45.7,45.7,45.0,45.3
2017/11/08,45.6,45.7,44.9,45.3
2017/11/09,45.4,46.3,45.4,45.6
2017/11/10,45.5,45.5,45.2,45.4
2017/11/13,45.2,45.4,45.1,45.1
2017/11/14,45.0,45.5,45.0,45.3
2017/11/15,45.3,45.7,45.1,45.5
2017/11/16,45.2,45.4,44.9,45.2
2017/11/17,45.3,45.3,45.0,45.1
2017/11/20,45.0,45.3,44.9,45.2
2017/11/21,45.2,45.4,45.0,45.0
2017/11/22,45.4,45.8,45.2,45.7
2017/11/23,45.9,46.0,45.7,45.8
2017/11/24,45.8,46.1,45.5,46.0
2017/11/27,46.1,46.2,45.9,46.0
2017/11/28,46.0,46.0,45.2,45.3
2017/11/29,45.4,45.5,45.3,45.5
2017/11/30,45.2,45.2,44.2,44.2
2017/12/01,44.6,44.9,44.0,44.4
2017/12/04,44.5,44.7,44.0,44.5
2017/12/05,44.5,44.6,43.4,43.5
2017/12/06,43.3,43.5,43.2,43.4
2017/12/07,43.4,43.5,42.8,43.4
2017/12/08,42.9,43.5,42.9,43.4
2017/12/11,43.4,43.8,43.4,43.6
2017/12/12,43.4,43.6,43.4,43.5
2017/12/13,43.5,43.6,43.2,43.5
2017/12/14,43.5,43.6,43.2,43.4
2017/12/15,43.5,43.5,42.8,42.8
2017/12/18,43.1,43.1,42.2,42.3
2017/12/19,42.4,42.7,42.2,42.4
2017/12/20,42.4,42.9,42.4,42.7
2017/12/21,42.5,42.8,42.5,42.7
2017/12/22,42.7,42.9,42.6,42.9
2017/12/25,42.9,43.1,42.8,42.9
2017/12/26,42.9,43.0,42.3,42.8
2017/12/27,42.5,42.9,42.5,42.8
2017/12/28,42.8,42.9,42.5,42.8
2017/12/29,42.9,42.9,42.6,42.8
2018/01/02,42.9,43.0,42.7,43.0
2018/01/03,43.0,43.4,43.0,43.4
2018/01/04,43.5,43.6,43.3,43.4
2018/01/05,43.5,43.5,43.4,43.4
2018/01/08,43.5,43.5,43.1,43.4
2018/01/09,43.4,44.0,43.4,43.5
2018/01/10,43.5,43.7,43.4,43.5
2018/01/11,43.3,43.5,43.0,43.3
2018/01/12,43.2,43.5,43.2,43.4
2018/01/16,43.5,43.6,43.3,43.5
2018/01/17,43.5,43.9,43.5,43.9
2018/01/18,44.0,44.0,43.8,43.9
2018/01/19,43.9,43.9,43.4,43.7
2018/01/22,43.7,43.7,43.2,43.3
2018/01/23,43.4,43.4,42.9,43.2
2018/01/24,43.1,43.3,42.9,43.2
2018/01/25,43.3,43.5,43.2,43.3
2018/01/26,43.3,43.4,43.0,43.4
2018/01/29,43.4,43.5,43.1,43.5
2018/01/30,43.4,43.5,43.0,43.3
2018/01/31,43.2,43.3,42.9,43.2
2018/02/01,43.1,43.4,42.9,42.9
2018/02/02,42.8,42.9,41.8,41.8
2018/02/05,41.5,41.5,40.9,41.2
2018/02/06,40.5,40.8,39.2,39.9
2018/02/07,40.5,40.8,40.1,40.2
2018/02/08,40.3,40.3,39.6,39.7
2018/02/09,39.0,39.4,37.7,39.3
2018/02/12,39.3,39.4,38.8,38.9
2018/02/21,39.5,39.9,39.2,39.9
2018/02/22,39.9,39.9,39.6,39.8
2018/02/23,40.0,40.5,40.0,40.3
2018/02/26,40.5,40.8,40.4,40.5
2018/02/27,40.6,40.9,40.6,40.8
2018/03/01,40.2,40.5,40.1,40.3
2018/03/02,40.1,40.4,39.8,40.4
2018/03/05,40.4,40.4,40.0,40.0
2018/03/06,40.4,40.4,40.1,40.1
2018/03/07,40.1,40.3,40.1,40.2
2018/03/08,40.2,40.5,40.2,40.3
2018/03/09,40.5,41.1,40.4,40.8
2018/03/12,41.1,41.1,40.6,40.8
2018/03/13,40.8,41.1,40.7,41.0
2018/03/14,41.1,41.2,41.0,41.1
2018/03/15,41.1,41.1,40.8,40.9
2018/03/16,41.0,41.1,40.9,41.1
2018/03/19,41.2,41.4,41.1,41.3
2018/03/20,41.1,41.1,40.9,41.0
2018/03/21,41.1,41.5,41.1,41.5
2018/03/22,41.5,41.5,41.3,41.5
2018/03/23,40.5,41.0,40.4,40.9
2018/03/26,40.8,41.0,40.7,40.9
2018/03/27,41.1,41.3,40.9,41.0
2018/03/28,40.9,41.1,40.9,41.0
2018/03/29,41.0,41.0,40.7,41.0
2018/03/30,41.5,41.8,41.5,41.6
2018/04/02,41.6,41.8,41.4,41.6
2018/04/03,41.4,41.6,41.2,41.4
2018/04/09,41.7,42.0,41.5,41.7
2018/04/10,41.5,42.4,41.5,42.3
2018/04/11,42.4,42.6,42.3,42.6
2018/04/12,42.6,42.8,42.3,42.8
2018/04/13,42.8,42.9,42.7,42.8
2018/04/16,42.8,42.9,42.7,42.8
2018/04/17,42.8,42.9,42.4,42.8
2018/04/18,42.9,43.0,42.8,42.9
2018/04/19,42.9,43.6,42.9,43.5
2018/04/20,43.4,43.5,43.1,43.5
2018/04/23,43.2,43.5,43.2,43.3
2018/04/24,43.3,43.3,42.4,43.0
2018/04/25,42.5,42.5,41.9,42.2
2018/04/26,42.1,42.3,42.1,42.2
2018/04/27,42.4,43.2,42.2,43.2
2018/04/30,43.4,43.5,43.2,43.5
2018/05/02,43.5,43.6,43.3,43.5
2018/05/03,43.3,43.7,43.3,43.7
2018/05/04,43.6,44.5,43.5,44.3
2018/05/07,44.6,45.0,43.9,44.0
2018/05/08,44.0,44.6,43.9,44.6
2018/05/09,44.9,45.0,44.7,44.9
2018/05/10,45.1,45.1,44.9,45.1
2018/05/11,45.1,45.1,44.8,45.1
2018/05/14,45.1,45.7,45.1,45.4
2018/05/15,45.4,45.7,45.4,45.7
2018/05/16,45.8,46.2,45.8,46.2
2018/05/17,46.4,46.5,46.0,46.2
2018/05/18,46.2,46.3,46.0,46.2
2018/05/21,46.6,46.6,46.4,46.5
2018/05/22,46.6,46.7,46.4,46.5
2018/05/23,46.5,46.5,45.9,46.3
2018/05/24,46.5,46.5,46.3,46.5
2018/05/25,46.6,46.9,46.5,46.7
2018/05/28,46.9,46.9,46.6,46.8
2018/05/29,46.9,47.0,46.6,46.8
2018/05/30,46.6,46.8,46.5,46.5
2018/05/31,46.7,47.3,46.4,47.3
2018/06/01,47.2,47.2,46.6,46.7
2018/06/04,46.7,47.7,46.7,47.7
2018/06/05,47.8,47.8,47.3,47.8
2018/06/06,47.8,48.2,47.5,48.2
2018/06/07,48.3,48.4,47.7,48.3
2018/06/08,48.0,48.2,47.2,47.3
2018/06/11,47.9,47.9,47.3,47.8
2018/06/12,47.8,47.8,47.4,47.6
2018/06/13,47.6,47.8,47.6,47.7
2018/06/14,47.6,47.8,47.2,47.2
2018/06/15,47.3,47.3,46.4,46.7
2018/06/19,46.7,47.7,46.4,47.7
2018/06/20,47.8,47.8,46.7,47.3
2018/06/21,47.8,47.8,47.1,47.2
2018/06/22,47.3,47.8,47.2,47.7
2018/06/25,47.3,48.0,46.7,46.7
2018/06/26,47.2,47.7,46.7,47.7
2018/06/27,48.1,48.1,46.9,47.0
2018/06/28,47.0,47.4,46.4,47.0
2018/06/29,47.2,47.3,46.5,47.0
2018/07/02,46.8,47.7,46.8,47.3
2018/07/03,47.1,47.5,46.5,46.6
2018/07/04,46.7,47.0,46.6,46.7
2018/07/05,47.3,47.3,46.4,46.4
2018/07/06,46.4,47.0,46.1,46.6
2018/07/09,46.7,46.7,46.2,46.6
2018/07/10,46.9,47.2,46.5,47.0
2018/07/11,46.6,47.2,46.2,46.9
2018/07/12,46.9,47.6,46.8,47.6
2018/07/13,47.7,47.8,47.6,47.8
2018/07/16,47.8,47.9,47.7,47.8
2018/07/17,47.8,47.9,47.5,47.9
2018/07/18,48.0,48.3,47.9,48.1
2018/07/19,48.2,48.3,48.0,48.1
2018/07/20,48.2,48.2,47.8,48.1
2018/07/23,47.9,48.1,47.6,47.8
2018/07/24,47.8,47.8,47.4,47.4
2018/07/25,44.7,45.0,44.6,44.7
2018/07/26,44.8,45.1,44.3,45.1
2018/07/27,45.1,45.2,44.8,45.1
2018/07/30,45.1,45.2,44.5,44.8
2018/07/31,45.1,46.1,44.9,46.1
2018/08/01,46.1,46.1,45.2,45.4
2018/08/02,45.6,45.6,44.7,44.9
2018/08/03,45.1,45.2,44.2,44.4
2018/08/06,44.4,44.6,43.7,43.9
2018/08/07,44.0,44.3,43.6,43.7
2018/08/08,44.3,44.8,43.9,44.5
2018/08/09,44.5,44.8,44.3,44.6
2018/08/10,44.6,44.6,43.9,44.0
2018/08/13,44.0,44.2,43.4,44.0
2018/08/14,44.0,44.1,43.4,43.4
2018/08/15,43.5,43.5,42.7,42.9
2018/08/16,42.9,42.9,42.2,42.6
2018/08/17,42.8,42.8,42.1,42.2
2018/08/20,42.2,42.3,41.5,41.6
2018/08/21,41.6,42.0,41.5,42.0
2018/08/22,41.8,42.0,41.3,41.5
2018/08/23,41.4,41.7,41.3,41.4
2018/08/24,41.5,41.9,41.4,41.8
2018/08/27,42.0,42.3,41.6,42.1
2018/08/28,42.4,42.8,42.1,42.8
2018/08/29,42.9,42.9,42.5,42.7
2018/08/30,42.7,42.7,42.2,42.3
2018/08/31,42.3,42.3,41.8,42.3
2018/09/03,42.1,42.4,41.9,42.1
2018/09/04,42.1,42.3,42.0,42.3
2018/09/05,42.1,42.2,41.8,41.9
2018/09/06,41.7,41.8,41.5,41.6
2018/09/07,41.4,41.5,40.9,40.9
2018/09/10,40.9,40.9,40.3,40.5
2018/09/11,40.5,41.0,40.3,41.0
2018/09/12,41.0,41.0,40.4,40.4
2018/09/13,40.5,41.0,40.4,40.8
2018/09/14,40.9,41.3,40.8,41.0
2018/09/17,41.3,41.5,41.0,41.1
2018/09/18,41.1,41.2,40.8,40.8
2018/09/19,40.9,41.3,40.9,41.2
2018/10/01,40.8,41.8,40.8,41.0
2018/10/02,41.1,41.2,39.7,39.8
2018/10/03,40.0,40.1,38.8,39.1
2018/10/04,39.1,39.2,38.4,38.8
2018/10/05,38.6,39.0,38.4,39.0
2018/10/08,38.5,38.8,38.5,38.7
2018/10/09,38.6,38.8,38.3,38.5
2018/10/11,37.3,37.8,36.5,37.8
2018/10/12,37.0,37.7,36.6,37.2
2018/10/15,37.2,37.5,37.1,37.2
2018/10/16,37.3,37.6,37.1,37.3
2018/10/17,37.5,37.7,37.3,37.3
2018/10/18,37.3,37.4,37.0,37.0
2018/10/19,37.0,37.2,36.8,37.0
2018/10/22,37.0,37.0,36.3,36.6
2018/10/23,36.5,36.8,36.5,36.7
2018/10/24,36.7,36.8,36.3,36.5
2018/10/25,36.0,36.2,35.8,35.8
2018/10/26,36.1,36.2,35.5,36.2
2018/10/29,36.7,36.7,35.6,35.6
2018/10/30,35.8,36.0,35.7,35.7
2018/10/31,35.8,36.8,35.8,36.8
2018/11/01,36.8,37.6,36.8,37.5
2018/11/02,37.5,37.8,37.2,37.7
2018/11/05,37.5,37.5,36.8,37.3
2018/11/06,37.2,37.2,36.5,36.5
2018/11/07,36.5,36.8,36.2,36.8
2018/11/08,37.0,37.0,36.5,36.5
2018/11/09,36.4,36.5,35.8,35.8
2018/11/12,35.8,36.1,35.6,35.7
2018/11/13,35.3,35.8,35.2,35.8
2018/11/14,35.8,37.1,35.8,37.1
2018/11/15,37.1,37.1,36.5,37.0
2018/11/16,37.0,37.3,36.8,37.0
2018/11/19,37.2,37.4,37.2,37.3
2018/11/20,37.0,37.3,36.5,36.5
2018/11/21,36.5,37.0,36.5,36.7
2018/11/22,36.6,36.9,36.6,36.8
2018/11/23,36.8,37.0,36.7,37.0
2018/11/26,37.0,37.3,36.8,37.0
2018/11/27,36.8,37.2,36.8,37.2
2018/11/28,37.3,37.7,37.1,37.7
2018/11/29,37.9,38.0,37.6,37.7
2018/11/30,37.7,37.8,37.3,37.5
2018/12/03,37.7,37.9,37.7,37.7
2018/12/04,37.5,37.7,37.2,37.3
2018/12/05,37.0,37.2,36.8,36.8
2018/12/06,37.0,37.0,36.3,36.5
2018/12/07,36.8,36.9,36.6,36.7
2018/12/10,36.5,36.6,36.3,36.5
2018/12/11,36.4,36.5,36.3,36.4
2018/12/12,36.5,36.8,36.5,36.5
2018/12/13,36.5,36.7,36.5,36.6
2018/12/14,36.6,36.7,36.4,36.6
2018/12/17,36.8,37.0,36.6,36.6
2018/12/18,36.5,36.6,36.0,36.0
2018/12/19,36.1,36.2,36.0,36.0
2018/12/20,36.0,36.2,36.0,36.2
2018/12/21,36.2,36.3,36.0,36.0
2018/12/24,36.1,36.8,36.1,36.8
2018/12/25,36.1,36.8,36.1,36.8
2018/12/26,36.7,36.8,36.6,36.8
2018/12/27,36.8,37.1,36.7,36.7
2018/12/28,36.7,37.2,36.7,37.0
2019/01/02,37.2,37.2,37.0,37.0
2019/01/03,37.0,37.2,36.8,37.0
2019/01/04,37.0,37.2,36.7,37.0
2019/01/07,37.4,37.5,37.0,37.4
2019/01/08,37.4,37.6,37.2,37.3
2019/01/09,37.6,38.0,37.5,37.9
2019/01/10,37.8,38.0,37.7,38.0
2019/01/11,37.8,38.3,37.8,38.2
2019/01/14,38.2,38.2,37.5,38.0
2019/01/15,38.2,38.3,38.0,38.0
2019/01/16,38.1,38.2,38.0,38.1
2019/01/17,38.2,38.4,37.9,38.0
2019/01/18,38.3,38.3,37.9,38.2
2019/01/21,38.2,38.5,38.0,38.2
2019/01/22,38.2,38.3,38.0,38.1
2019/01/23,38.0,38.7,38.0,38.7
2019/01/24,38.6,38.7,38.3,38.5
2019/01/25,38.4,39.0,38.4,38.8
2019/01/28,38.9,39.0,38.8,39.0
2019/01/29,39.0,39.0,38.7,39.0
2019/01/30,38.8,39.2,38.8,39.0
2019/02/11,39.0,39.2,38.5,38.5
2019/02/12,38.5,38.7,38.3,38.6
2019/02/13,38.6,39.0,38.3,38.8
2019/02/14,38.8,39.1,38.8,38.8
2019/02/15,38.8,39.2,38.6,38.8
2019/02/18,38.8,39.0,38.7,38.8
2019/02/19,38.8,39.0,38.7,39.0
2019/02/20,39.0,39.0,38.6,38.9
2019/02/21,38.8,39.1,38.8,39.0
2019/02/22,38.9,39.6,38.8,39.5
2019/02/25,39.5,39.6,39.3,39.6
2019/02/26,39.6,39.9,39.2,39.7
2019/02/27,39.7,39.8,39.0,39.8
2019/03/04,39.1,39.5,38.8,39.2
2019/03/05,39.0,39.0,38.6,38.8
2019/03/06,38.7,39.2,38.7,39.2
2019/03/07,38.9,39.2,38.7,38.7
2019/03/08,38.5,38.8,38.2,38.8
2019/03/11,38.7,39.2,38.5,39.0
2019/03/12,39.2,39.2,39.0,39.1
2019/03/13,39.0,39.0,38.8,39.0
2019/03/14,38.8,39.2,38.8,39.2
2019/03/15,39.2,39.5,39.0,39.5
2019/03/18,39.5,39.9,39.3,39.8
2019/03/19,39.8,40.0,39.7,40.0
2019/03/20,39.8,40.0,39.8,40.0
2019/03/21,39.9,40.0,39.8,39.8
2019/03/22,39.8,40.2,39.7,39.9
2019/03/25,39.6,40.0,39.5,39.9
2019/03/26,40.1,40.2,39.9,40.2
2019/03/27,40.1,40.3,40.0,40.3
2019/03/28,40.0,40.2,39.9,40.2
2019/03/29,40.2,40.3,40.0,40.2
2019/04/01,40.2,40.7,40.2,40.7
2019/04/02,40.7,40.8,40.4,40.5
2019/04/03,40.6,40.7,40.2,40.6
2019/04/08,40.5,40.6,39.8,40.6
2019/04/09,40.3,40.7,40.2,40.7
2019/04/10,40.6,40.7,40.3,40.5
2019/04/11,40.5,40.5,40.0,40.0
2019/04/12,40.0,40.5,40.0,40.5
2019/04/15,40.5,40.6,40.5,40.5
2019/04/16,40.2,40.4,40.1,40.3
2019/04/17,40.3,40.6,40.3,40.6
2019/04/18,40.5,40.5,40.1,40.2
2019/04/19,40.2,40.5,40.2,40.4
2019/04/22,40.4,40.5,40.0,40.0
2019/04/23,40.0,40.2,40.0,40.1
2019/04/24,40.1,40.6,40.0,40.6
2019/04/25,40.6,40.6,40.2,40.3
2019/04/26,40.2,40.5,40.2,40.5
2019/04/29,40.6,40.9,40.4,40.9
2019/04/30,40.8,40.9,40.5,40.8
2019/05/02,40.9,41.5,40.8,41.3
2019/05/03,41.3,41.6,41.2,41.5
2019/05/06,40.8,41.0,40.0,40.7
2019/05/07,40.7,40.7,40.3,40.5
2019/05/08,40.1,40.3,40.0,40.3
2019/05/09,40.2,40.3,39.8,40.2
2019/05/10,40.0,40.2,39.4,39.9
2019/05/13,39.9,40.0,39.6,39.6
2019/05/14,39.3,39.6,39.0,39.3
2019/05/15,39.2,39.5,39.0,39.0
2019/05/16,39.0,39.1,38.8,38.8
2019/05/17,38.8,39.2,38.8,38.8
2019/05/20,39.2,39.5,38.9,39.2
2019/05/21,39.2,39.5,38.9,39.3
2019/05/22,39.0,39.2,38.9,39.0
2019/05/23,38.9,39.0,38.5,38.5
2019/05/24,38.8,38.8,38.2,38.5
2019/05/27,38.5,38.7,38.4,38.5
2019/05/28,38.5,39.1,38.5,38.8
2019/05/29,38.8,39.0,38.7,38.7
2019/05/30,38.6,38.8,38.5,38.6
2019/05/31,38.5,39.5,38.5,39.5
2019/06/03,39.0,39.4,38.8,39.4
2019/06/04,39.0,39.1,38.8,38.8
2019/06/05,39.0,39.3,38.9,39.0
2019/06/06,38.9,39.2,38.9,39.0
2019/06/10,39.0,39.5,39.0,39.5
2019/06/11,39.7,39.9,39.6,39.7
2019/06/12,39.9,39.9,39.3,39.3
2019/06/13,39.3,39.7,39.3,39.7
2019/06/14,39.7,39.8,39.5,39.7
2019/06/17,39.8,39.9,39.3,39.3
2019/06/18,39.3,39.9,39.3,39.9
2019/06/19,40.0,40.6,39.8,40.6
2019/06/20,40.7,40.7,40.3,40.4
2019/06/21,40.5,40.6,40.1,40.2
2019/06/24,40.0,40.7,40.0,40.2
2019/06/25,40.2,40.5,40.0,40.0
2019/06/26,40.0,40.5,40.0,40.4
2019/06/27,40.5,40.7,40.2,40.5
2019/06/28,40.5,40.5,40.2,40.3
2019/07/01,40.5,40.8,40.4,40.4
2019/07/02,40.5,40.7,40.5,40.7
2019/07/03,40.8,40.9,40.7,40.9
2019/07/04,40.8,41.0,40.8,41.0
2019/07/05,41.0,41.2,41.0,41.2
2019/07/08,41.0,41.2,40.8,41.0
2019/07/09,41.0,41.1,40.8,40.8
2019/07/10,40.9,41.3,40.9,41.2
2019/07/11,41.2,41.5,41.2,41.5
2019/07/12,41.3,41.5,41.2,41.4
2019/07/15,41.4,41.6,41.3,41.5
2019/07/16,41.5,41.6,41.3,41.5
2019/07/17,41.3,41.3,41.2,41.3
2019/07/18,41.3,41.4,41.0,41.3
2019/07/19,41.3,41.5,41.2,41.5
2019/07/22,41.6,41.6,41.3,41.3
2019/07/23,41.5,41.5,41.0,41.5
2019/07/24,41.5,41.8,41.2,41.2
2019/07/25,41.3,41.5,41.2,41.4
2019/07/26,41.4,41.4,41.2,41.2
2019/07/29,41.2,41.6,41.2,41.5
2019/07/30,41.5,41.6,41.3,41.5
2019/07/31,41.5,41.5,41.0,41.2
2019/08/01,40.9,41.2,40.8,40.8
2019/08/02,40.8,41.2,40.6,40.6
2019/08/05,40.6,40.6,40.0,40.2
2019/08/06,40.0,40.5,39.6,40.2
2019/08/07,40.2,41.2,40.2,40.7
2019/08/08,40.7,41.1,40.7,41.1
2019/08/12,40.2,41.0,40.2,40.7
2019/08/13,40.7,40.8,40.3,40.3
2019/08/14,40.5,40.8,40.5,40.5
2019/08/15,39.0,40.2,39.0,39.8
2019/08/16,39.8,40.3,39.8,40.2
2019/08/19,40.5,40.5,40.0,40.2
2019/08/20,37.6,38.5,37.6,38.3
2019/08/21,38.3,38.5,38.0,38.2
2019/08/22,38.3,38.7,38.2,38.4
2019/08/23,38.6,38.6,38.2,38.5
2019/08/26,38.3,38.3,37.8,37.9
2019/08/27,38.1,38.5,38.0,38.5
2019/08/28,38.7,38.7,38.5,38.7
2019/08/29,38.5,39.0,38.3,39.0
2019/08/30,39.2,39.8,39.1,39.8
2019/09/02,39.5,39.5,39.2,39.2
2019/09/03,39.2,39.2,38.7,38.9
2019/09/04,38.8,39.2,38.8,39.0
2019/09/05,39.0,39.3,39.0,39.3
2019/09/06,39.3,39.5,39.2,39.3
2019/09/09,39.3,39.6,39.2,39.6
2019/09/10,39.7,39.7,39.2,39.5
2019/09/11,39.6,39.6,39.5,39.6
2019/09/12,39.8,39.8,39.6,39.6
2019/09/16,39.8,39.8,39.5,39.8
2019/09/17,39.7,40.0,39.5,40.0
2019/09/18,39.9,40.0,39.7,39.8
2019/09/19,39.8,39.8,39.3,39.5
2019/09/20,39.5,39.6,39.3,39.5
2019/09/23,39.5,39.5,39.2,39.2
2019/09/24,39.2,39.3,39.0,39.0
2019/09/25,39.1,39.3,38.3,38.7
2019/09/26,38.7,38.8,38.3,38.3
2019/09/27,38.6,38.8,38.2,38.2
2019/10/01,38.7,39.0,38.3,38.6
2019/10/02,38.6,38.7,38.3,38.3
2019/10/03,38.1,38.2,38.0,38.2
2019/10/04,38.2,38.4,38.0,38.3
2019/10/07,37.8,38.2,37.5,37.9
2019/10/08,37.0,37.5,37.0,37.5
2019/10/09,37.3,37.4,36.7,36.8
2019/10/14,37.0,37.4,36.8,37.0
2019/10/15,37.0,37.1,36.7,36.9
2019/10/16,36.9,37.4,36.8,37.3
2019/10/17,37.4,37.8,37.2,37.7
2019/10/18,37.8,37.8,37.0,37.0
2019/10/21,37.5,37.8,37.1,37.2
2019/10/22,37.5,37.7,37.2,37.2
2019/10/23,37.5,38.0,37.4,38.0
2019/10/24,38.0,38.4,37.7,37.9
2019/10/25,38.2,38.2,37.7,38.2
2019/10/28,38.3,38.3,37.9,38.1
2019/10/29,38.3,38.3,37.8,38.1
2019/10/30,37.9,38.5,37.8,38.4
2019/10/31,38.5,38.6,38.2,38.6
2019/11/01,38.6,38.6,38.2,38.4
2019/11/04,38.5,38.5,38.0,38.5
2019/11/05,38.5,38.6,38.1,38.5
2019/11/06,38.5,38.5,38.3,38.5
2019/11/07,38.5,38.5,38.0,38.3
2019/11/08,38.5,38.5,38.0,38.0
2019/11/11,38.1,38.4,38.0,38.3
2019/11/13,39.2,40.2,38.8,39.0
2019/11/14,39.0,39.0,38.2,38.5
2019/11/15,38.5,38.6,38.2,38.2
2019/11/18,38.2,38.5,38.2,38.5
2019/11/19,38.4,38.5,38.0,38.3
2019/11/20,38.3,38.6,38.3,38.6
2019/11/21,38.2,38.3,38.1,38.2
2019/11/22,38.2,38.5,38.2,38.4
2019/11/25,38.3,38.4,38.1,38.2
2019/11/26,38.2,38.3,37.8,37.8
2019/11/27,37.8,38.1,37.8,38.0
2019/11/28,38.0,38.0,37.8,37.9
2019/11/29,37.8,38.0,37.8,38.0
2019/12/02,38.0,38.0,37.8,37.8
2019/12/03,37.8,38.0,37.8,37.8
2019/12/04,37.8,38.0,37.7,37.7
2019/12/05,37.8,38.1,37.8,38.1
2019/12/06,38.1,38.2,38.0,38.2
2019/12/09,38.2,38.2,38.0,38.2
2019/12/10,38.2,38.3,38.2,38.3
2019/12/11,38.5,38.5,38.3,38.5
2019/12/12,38.5,38.7,38.4,38.6
2019/12/13,38.8,38.8,38.6,38.6
2019/12/16,38.7,38.7,38.5,38.6
2019/12/17,38.7,38.8,38.5,38.8
2019/12/18,38.8,39.0,38.7,39.0
2019/12/19,39.0,39.0,38.8,39.0
2019/12/20,39.0,39.2,38.8,39.1
2019/12/23,39.1,39.5,38.9,39.5
2019/12/24,39.5,39.5,39.0,39.0
2019/12/25,38.9,39.3,38.9,39.1
2019/12/26,39.1,39.1,39.0,39.0
2019/12/27,39.3,39.3,39.0,39.2
2019/12/30,39.2,39.3,39.0,39.2
2019/12/31,39.0,39.1,39.0,39.1
2020/01/02,39.1,39.1,38.9,39.0
2020/01/03,39.1,39.2,39.0,39.2
2020/01/06,39.0,39.0,38.7,38.8
2020/01/07,38.8,38.9,38.3,38.5
2020/01/08,38.3,38.3,38.0,38.0
2020/01/09,38.0,38.2,38.0,38.0
2020/01/10,38.0,38.4,38.0,38.2
2020/01/13,38.2,38.6,38.2,38.5
2020/01/14,38.7,38.8,38.7,38.8
2020/01/15,38.8,38.8,38.5,38.6
2020/01/16,38.8,39.2,38.8,39.0
2020/01/17,39.1,39.2,38.8,39.0
2020/01/20,39.0,39.2,38.9,39.0
2020/01/30,38.5,38.5,37.8,38.0
2020/01/31,37.9,38.3,37.9,38.0
2020/02/03,37.3,38.1,37.3,37.8
2020/02/04,37.6,38.3,37.6,38.2
2020/02/05,38.2,38.3,37.9,38.0
2020/02/06,38.0,38.5,38.0,38.4
2020/02/07,38.2,38.5,38.1,38.1
2020/02/10,38.0,38.3,37.9,38.2
2020/02/11,38.2,38.6,38.2,38.5
2020/02/12,38.5,38.8,38.3,38.8
2020/02/13,38.8,39.1,38.8,39.0
2020/02/14,39.0,39.2,38.9,39.0
2020/02/17,38.8,38.9,38.7,38.8
2020/02/18,38.6,39.1,38.6,39.1
2020/02/19,39.1,39.2,39.0,39.1
2020/02/20,39.2,39.4,39.0,39.3
2020/02/21,39.0,39.3,39.0,39.2
2020/02/24,38.8,39.0,38.7,39.0
2020/02/25,38.5,39.1,38.4,38.9
2020/02/26,38.4,39.0,38.4,38.9
2020/02/27,38.7,39.0,38.5,38.8
2020/03/02,38.0,38.6,38.0,38.3
2020/03/03,38.4,38.5,38.3,38.5
2020/03/04,38.3,38.6,38.3,38.6
2020/03/05,38.6,39.2,38.6,39.1
2020/03/06,39.1,39.1,38.6,39.0
2020/03/09,38.3,38.8,38.3,38.3
2020/03/10,38.1,38.7,38.0,38.3
2020/03/11,38.3,38.5,38.2,38.3
2020/03/12,38.0,38.2,37.3,37.4
2020/03/13,36.2,38.3,35.7,37.6
2020/03/16,37.6,37.8,36.4,36.5
2020/03/17,36.0,36.2,35.0,35.1
2020/03/18,35.0,35.3,34.8,34.9
2020/03/19,33.5,34.3,31.5,31.5
2020/03/20,31.8,33.9,31.8,33.2
2020/03/23,31.8,32.9,31.5,31.6
2020/03/24,31.8,34.0,31.8,33.5
2020/03/25,34.0,35.2,34.0,34.7
2020/03/26,35.0,35.8,34.5,35.8
2020/03/27,36.1,36.3,35.2,35.3
2020/03/30,34.8,35.2,34.4,34.9
2020/03/31,35.2,35.5,34.9,35.5
2020/04/01,35.5,35.5,35.0,35.0
2020/04/06,36.0,36.2,35.3,36.2
2020/04/07,36.5,36.7,36.0,36.0
2020/04/08,36.0,36.5,36.0,36.3
2020/04/09,36.2,36.6,36.2,36.3
2020/04/10,36.5,36.8,36.4,36.8
2020/04/13,36.7,36.8,36.5,36.7
2020/04/14,36.6,37.7,36.6,37.2
2020/04/15,37.5,37.7,37.3,37.5
2020/04/16,37.1,37.4,36.7,37.1
2020/04/17,37.4,38.3,37.2,37.8
2020/04/20,37.8,38.0,37.7,38.0
2020/04/21,37.8,38.0,37.2,37.2
2020/04/22,37.0,37.4,36.6,37.2
2020/04/23,36.9,37.8,36.9,37.5
2020/04/24,37.2,37.6,37.1,37.3
2020/04/27,37.5,38.0,37.3,37.9
2020/04/28,38.0,38.2,37.9,38.1
2020/04/29,38.1,38.7,38.1,38.7
2020/04/30,38.7,39.0,38.6,39.0
2020/05/04,37.5,38.2,37.5,38.0
2020/05/05,38.0,38.3,38.0,38.1
2020/05/06,37.8,38.1,37.6,38.0
2020/05/07,38.0,38.8,38.0,38.2
2020/05/08,38.7,38.8,38.3,38.5
2020/05/11,38.8,39.0,38.8,38.8
2020/05/12,38.5,39.0,38.4,38.7
2020/05/13,38.9,39.8,38.8,39.2
2020/05/14,39.2,39.5,38.8,39.0
2020/05/15,39.1,39.5,38.8,39.0
2020/05/18,38.8,39.0,38.7,38.7
2020/05/19,39.6,39.6,39.1,39.1
2020/05/20,39.3,39.3,39.0,39.0
2020/05/21,39.1,39.2,39.0,39.2
2020/05/22,39.0,39.1,38.6,38.6
2020/05/25,39.0,39.0,38.5,38.9
2020/05/26,39.2,39.5,39.0,39.3
2020/05/27,39.2,39.5,39.2,39.2
2020/05/28,39.5,39.8,39.0,39.2
2020/05/29,39.3,39.5,39.1,39.2
2020/06/01,39.5,39.9,39.4,39.5
2020/06/02,39.6,39.8,39.5,39.8
2020/06/03,40.2,40.5,40.0,40.2
2020/06/04,40.4,40.4,40.0,40.3
2020/06/05,40.3,40.5,40.0,40.3
2020/06/08,40.5,40.6,40.2,40.6
2020/06/09,40.6,40.6,40.0,40.5
2020/06/10,40.5,40.8,40.3,40.7
2020/06/11,40.4,40.5,40.0,40.0
2020/06/12,39.3,39.5,38.9,39.3
2020/06/15,39.3,39.3,38.7,38.8
2020/06/16,39.0,39.2,38.9,39.0
2020/06/17,39.0,39.2,39.0,39.0
2020/06/18,39.0,39.2,39.0,39.0
2020/06/19,39.0,39.1,38.8,38.8
2020/06/22,38.8,39.3,38.7,39.1
2020/06/23,39.5,39.5,39.0,39.3
2020/06/24,39.5,39.7,39.5,39.5
2020/06/29,39.0,39.3,38.8,39.1
2020/06/30,39.3,39.5,39.2,39.2
2020/07/01,39.2,40.0,39.2,39.8
2020/07/02,39.8,40.5,39.8,40.5
2020/07/03,40.5,41.0,40.5,40.8
2020/07/06,40.8,41.2,40.8,41.2
2020/07/07,41.2,41.3,40.8,41.2
2020/07/08,41.1,41.2,40.9,41.2
2020/07/09,41.2,41.5,41.1,41.3
2020/07/10,41.3,41.5,40.8,41.5
2020/07/13,41.5,42.0,41.5,41.8
2020/07/14,41.9,42.0,41.6,41.9
2020/07/15,42.0,42.0,41.7,42.0
2020/07/16,42.1,42.4,41.8,42.3
2020/07/17,42.6,43.7,42.5,43.2
2020/07/20,43.5,43.8,43.3,43.8
2020/07/21,43.8,44.3,43.5,44.2
2020/07/22,44.0,44.5,43.8,44.5
2020/07/23,44.3,44.6,44.0,44.5
2020/07/24,44.2,44.5,44.0,44.5
2020/07/27,44.5,44.8,43.4,44.2
2020/07/28,43.8,44.0,43.2,43.6
2020/07/29,43.9,43.9,43.2,43.6
2020/07/30,43.3,43.5,43.1,43.5
2020/07/31,40.3,40.3,39.7,39.9
2020/08/03,40.0,40.2,39.5,39.5
2020/08/04,39.8,40.2,39.5,40.2
2020/08/05,40.4,40.5,39.8,40.2
2020/08/06,40.2,40.6,40.0,40.2
2020/08/07,40.3,40.5,39.9,40.0
2020/08/10,40.2,40.2,40.0,40.0
2020/08/11,40.3,40.5,40.1,40.3
2020/08/12,40.5,40.6,40.0,40.6
2020/08/13,40.8,40.8,40.3,40.5
2020/08/14,40.2,40.6,40.2,40.5
2020/08/17,40.7,40.8,40.5,40.7
2020/08/18,40.8,40.8,40.4,40.5
2020/08/19,40.9,41.7,40.8,41.0
2020/08/20,41.0,41.0,39.5,40.1
2020/08/21,40.4,40.7,40.1,40.3
2020/08/24,40.5,41.1,40.3,41.0
2020/08/25,41.5,41.8,41.3,41.5
2020/08/26,41.5,41.5,41.1,41.5
2020/08/27,41.5,41.6,41.1,41.5
2020/08/28,41.3,41.5,41.1,41.5
2020/08/31,41.6,41.7,41.1,41.1
2020/09/01,41.1,41.2,40.2,40.3
2020/09/02,40.4,40.8,40.4,40.8
2020/09/03,40.9,41.0,40.4,40.5
2020/09/04,40.2,40.4,40.0,40.4
2020/09/07,40.3,40.3,40.0,40.1
2020/09/08,40.1,40.2,39.9,40.0
2020/09/09,39.8,40.3,39.7,40.3
2020/09/10,40.3,40.3,40.0,40.2
2020/09/11,40.2,40.2,39.8,40.0
2020/09/14,40.1,40.5,40.0,40.0
2020/09/15,40.0,40.2,39.7,40.0
2020/09/16,40.0,40.1,39.8,39.9
2020/09/17,40.0,40.0,39.7,39.8
2020/09/18,39.7,39.9,39.5,39.8
2020/09/21,39.7,39.8,39.0,39.2
2020/09/22,39.0,39.0,38.7,38.8
2020/09/23,38.8,39.0,38.0,38.5
2020/09/24,38.3,38.3,37.6,37.8
2020/09/25,37.8,38.2,37.6,38.0
2020/09/28,38.3,38.7,38.2,38.6
2020/09/29,38.8,38.8,38.5,38.7
2020/09/30,38.9,39.0,38.7,38.9
2020/10/05,38.9,39.3,38.6,38.7
2020/10/06,38.8,39.3,38.8,39.3
2020/10/07,39.3,39.5,39.1,39.3
2020/10/08,39.5,39.8,39.3,39.8
2020/10/12,39.8,39.9,39.5,39.7
2020/10/13,39.7,39.7,39.3,39.7
2020/10/14,39.8,39.8,39.3,39.3
2020/10/15,39.3,39.5,39.2,39.3
2020/10/16,39.2,39.6,39.2,39.5
2020/10/19,39.5,39.6,39.0,39.0
2020/10/20,39.0,39.4,39.0,39.2
2020/10/21,39.5,39.6,39.1,39.2
2020/10/22,39.1,39.7,39.0,39.5
2020/10/23,39.3,39.5,39.1,39.2
2020/10/26,39.2,39.5,39.2,39.4
2020/10/27,39.2,39.8,39.2,39.5
2020/10/28,39.1,39.7,39.1,39.7
2020/10/29,39.2,39.4,38.9,39.0
2020/10/30,39.0,39.2,38.8,38.8
2020/11/02,39.0,39.1,38.8,38.8
2020/11/03,39.2,39.2,39.0,39.1
2020/11/04,39.0,39.3,39.0,39.2
2020/11/05,39.2,39.3,39.1,39.2
2020/11/06,39.3,39.5,39.2,39.4
2020/11/09,39.5,39.8,39.5,39.8
2020/11/10,39.8,40.1,39.7,40.0
2020/11/11,40.1,40.2,39.9,40.2
2020/11/12,40.2,40.3,40.0,40.3
2020/11/13,40.3,40.3,40.0,40.0
2020/11/16,40.1,40.5,40.1,40.3
2020/11/17,40.5,40.7,40.3,40.3
2020/11/18,40.6,40.7,40.2,40.5
2020/11/19,40.5,40.6,40.3,40.3
2020/11/20,40.3,40.3,40.0,40.0
2020/11/23,40.2,40.5,40.1,40.2
2020/11/24,40.3,40.4,40.0,40.1
2020/11/25,40.2,40.2,39.9,40.0
2020/11/26,40.3,40.5,40.0,40.3
2020/11/27,40.5,40.7,40.3,40.7
2020/11/30,41.8,42.7,41.0,42.7
2020/12/01,42.7,42.7,41.7,41.8
2020/12/02,41.8,42.0,41.2,41.6
2020/12/03,41.5,41.5,41.1,41.3
2020/12/04,41.5,41.8,41.3,41.8
2020/12/07,42.0,42.0,41.5,41.9
2020/12/08,41.9,42.0,41.8,42.0
2020/12/09,42.2,42.5,42.0,42.2
2020/12/10,42.2,42.5,41.8,42.2
2020/12/11,42.4,42.5,42.0,42.4
2020/12/14,42.4,42.5,42.2,42.5
2020/12/15,42.5,42.5,42.0,42.0
2020/12/16,42.3,42.8,42.2,42.8
2020/12/17,42.8,42.9,42.3,42.3
2020/12/18,42.2,42.5,42.0,42.2
2020/12/21,42.2,42.5,41.8,42.5
2020/12/22,42.5,42.5,42.0,42.0
2020/12/23,42.0,42.2,41.7,42.2
2020/12/24,42.2,42.3,42.2,42.3
2020/12/25,42.3,42.5,42.3,42.5
2020/12/28,42.8,43.0,42.7,42.8
2020/12/29,43.0,43.0,42.5,42.8
2020/12/30,42.7,42.8,42.5,42.8
2020/12/31,42.8,42.9,42.5,42.9
2021/01/04,42.7,43.0,42.6,42.8
2021/01/05,42.8,42.9,42.6,42.9
2021/01/06,42.9,43.0,42.5,42.8
2021/01/07,42.9,43.6,42.8,43.3
2021/01/08,43.5,43.7,43.2,43.6
2021/01/11,43.6,43.8,43.3,43.8
2021/01/12,44.0,44.6,43.3,43.7
2021/01/13,43.9,44.1,43.3,43.6
2021/01/14,43.6,44.0,43.3,43.6
2021/01/15,43.8,44.0,43.5,43.5
2021/01/18,43.5,43.7,42.6,43.5
2021/01/19,43.7,43.8,43.2,43.3
2021/01/20,43.2,43.5,42.8,42.8
2021/01/21,42.8,43.3,42.8,42.9
2021/01/22,43.3,43.6,43.0,43.5
2021/01/25,43.5,45.7,43.5,45.6
2021/01/26,46.0,46.5,44.5,44.7
2021/01/27,44.8,45.2,44.0,44.6
2021/01/28,43.8,44.2,43.7,44.1
2021/01/29,44.1,44.2,42.7,43.0
2021/02/01,43.0,43.1,42.7,43.1
2021/02/02,43.3,44.0,43.2,43.7
2021/02/03,43.7,44.0,43.2,44.0
2021/02/04,43.5,43.8,43.3,43.7
2021/02/05,43.7,43.8,43.4,43.5
2021/02/17,44.5,44.8,43.9,44.2
2021/02/18,44.9,44.9,44.3,44.5
2021/02/19,44.5,44.5,44.0,44.3
2021/02/22,44.4,44.6,44.3,44.5
2021/02/23,44.7,45.2,44.4,45.0
2021/02/24,45.0,45.3,44.8,45.0
2021/02/25,45.3,45.5,45.2,45.5
2021/02/26,45.4,45.7,45.0,45.3
2021/03/02,46.0,46.3,45.8,45.9
2021/03/03,46.2,46.2,45.4,46.0
2021/03/04,45.9,45.9,45.1,45.5
2021/03/05,45.2,45.3,44.9,45.2
2021/03/08,45.5,45.5,44.7,44.9
2021/03/09,45.0,45.2,44.6,45.0
2021/03/10,45.3,45.5,45.1,45.3
2021/03/11,45.6,45.7,45.3,45.5
2021/03/12,45.7,45.7,45.3,45.7
2021/03/15,46.0,46.8,45.9,46.6
2021/03/16,46.9,47.4,46.8,47.2
2021/03/17,47.3,47.7,47.0,47.2
2021/03/18,47.6,48.0,47.6,48.0
2021/03/19,48.0,48.0,47.4,47.7
2021/03/22,47.7,47.7,47.0,47.7
2021/03/23,47.7,47.8,47.5,47.8
2021/03/24,47.7,47.9,47.6,47.8
2021/03/25,47.8,48.2,47.5,48.2
2021/03/26,48.3,48.5,48.0,48.0
2021/03/29,48.1,48.5,48.0,48.2
2021/03/30,48.4,48.8,48.0,48.8
2021/03/31,49.2,49.2,48.2,48.8
2021/04/01,48.8,49.2,48.5,48.8
2021/04/06,49.3,49.9,49.2,49.5
2021/04/07,49.5,49.6,49.2,49.6
2021/04/08,49.4,49.6,49.2,49.5
2021/04/09,48.5,48.5,46.8,47.0
2021/04/12,47.0,47.3,46.6,47.0
2021/04/13,47.0,47.7,47.0,47.3
2021/04/14,47.4,47.5,46.8,47.3
2021/04/15,47.5,47.5,47.2,47.5
2021/04/16,47.8,47.8,47.4,47.8
2021/04/19,47.9,48.2,47.8,48.2
2021/04/20,48.2,48.5,48.0,48.5
2021/04/21,48.5,49.2,48.5,49.0
2021/04/22,49.3,49.9,49.2,49.5
2021/04/23,49.5,50.1,48.8,49.5
2021/04/26,49.6,50.4,49.6,50.0
2021/04/27,50.0,50.3,49.7,50.2
2021/04/28,51.2,51.8,51.0,51.6
2021/04/29,52.1,52.4,51.1,51.5
2021/05/03,51.5,51.9,50.2,50.3
2021/05/04,50.3,50.8,49.0,49.7
2021/05/05,49.7,50.8,49.5,50.0
2021/05/06,50.0,50.7,49.7,50.0
2021/05/07,50.1,51.0,50.0,50.9
2021/05/10,51.3,51.3,50.8,51.2
2021/05/11,51.2,51.2,48.0,49.2
2021/05/12,49.2,49.2,45.4,47.5
2021/05/13,47.0,48.2,46.0,47.3
2021/05/14,47.8,48.9,47.7,48.3
2021/05/17,46.5,48.2,46.5,47.5
2021/05/18,47.7,49.4,47.6,49.2
2021/05/19,49.2,50.5,49.2,50.0
2021/05/20,51.6,51.6,49.0,49.4
2021/05/21,49.7,49.9,48.9,49.5
2021/05/24,49.4,49.4,49.0,49.3
2021/05/25,49.5,50.0,49.3,50.0
2021/05/26,50.6,50.7,50.0,50.7
2021/05/27,50.4,51.9,50.0,51.9
2021/05/28,51.7,51.9,51.0,51.6
2021/05/31,51.7,52.0,51.3,51.9
2021/06/01,52.1,52.2,51.7,51.9
2021/06/02,52.1,52.2,51.0,51.8
2021/06/03,51.8,51.8,50.7,51.3
2021/06/04,51.2,51.4,50.7,51.3
2021/06/07,51.3,51.3,50.0,51.0
2021/06/08,51.3,51.3,50.5,50.8
2021/06/09,50.8,50.8,50.2,50.4
2021/06/10,50.3,50.8,50.3,50.4
2021/06/11,50.7,51.1,50.4,50.8
2021/06/15,51.0,51.1,50.5,50.7
2021/06/16,50.7,51.0,50.3,50.9
2021/06/17,50.9,51.2,50.3,51.1
2021/06/18,51.1,51.4,50.0,50.0
2021/06/21,50.0,50.6,49.5,50.2
2021/06/22,50.3,51.1,50.2,50.5
2021/06/23,50.5,50.9,50.1,50.4
2021/06/24,50.6,50.9,50.1,50.4
2021/06/25,50.6,50.6,50.2,50.2
2021/06/28,50.5,50.6,50.2,50.4
2021/06/29,50.6,50.8,50.4,50.7
2021/06/30,50.8,51.7,50.6,51.1
2021/07/01,51.7,51.9,50.9,51.1
2021/07/02,52.3,54.0,52.1,52.5
2021/07/05,57.7,57.7,56.4,57.7
2021/07/06,59.4,61.0,56.5,57.0
2021/07/07,56.6,57.5,55.5,55.8
2021/07/08,56.5,57.0,55.6,56.4
2021/07/09,56.4,56.4,55.0,55.4
2021/07/12,56.2,56.4,54.8,55.0
2021/07/13,55.5,55.8,53.9,54.2
2021/07/14,54.6,54.7,53.4,54.1
2021/07/15,54.0,54.8,53.8,54.1
2021/07/16,54.3,54.6,54.1,54.4
2021/07/19,54.4,55.5,54.4,55.2
2021/07/20,54.7,55.0,54.3,54.8
2021/07/21,55.5,55.5,54.2,54.6
2021/07/22,54.8,54.9,54.1,54.6
2021/07/23,54.9,55.0,54.5,55.0
2021/07/26,54.9,55.5,54.7,54.8
2021/07/27,55.1,55.2,54.6,54.8
2021/07/28,54.8,54.9,53.7,54.6
2021/07/29,54.6,55.0,54.5,54.6
2021/07/30,54.7,55.0,54.6,54.6
2021/08/02,54.6,54.9,54.3,54.6
2021/08/03,54.8,55.1,54.5,55.1
2021/08/04,55.2,55.5,55.0,55.5
2021/08/05,55.5,56.2,55.5,56.2
2021/08/06,56.0,56.1,55.3,55.6
2021/08/09,55.9,55.9,55.3,55.4
2021/08/10,55.6,55.7,54.9,55.1
2021/08/11,50.0,50.4,48.5,48.8
2021/08/12,49.0,49.0,47.7,48.3
2021/08/13,48.3,48.3,47.5,47.9
2021/08/16,47.8,47.8,46.7,47.4
2021/08/17,47.5,48.0,47.3,47.6
2021/08/18,47.4,47.7,47.0,47.6
2021/08/19,47.8,47.8,46.9,47.1
2021/08/20,47.0,47.1,46.5,46.5
2021/08/23,46.8,47.5,46.8,47.2
2021/08/24,47.5,47.7,47.2,47.7
2021/08/25,47.8,47.8,47.4,47.8
2021/08/26,47.8,48.0,47.3,47.5
2021/08/27,47.5,47.8,47.2,47.7
2021/08/30,47.7,48.3,47.7,48.3
2021/08/31,48.2,48.5,47.8,48.4
2021/09/01,48.3,48.5,48.0,48.1
2021/09/02,48.4,48.5,47.7,47.7
2021/09/03,47.8,48.2,47.8,48.2
2021/09/06,48.2,48.2,47.8,47.8
2021/09/07,47.8,48.1,47.7,47.8
2021/09/08,48.0,48.0,47.2,47.5
2021/09/09,47.2,47.8,47.2,47.8
2021/09/10,48.0,48.5,48.0,48.4
2021/09/13,48.4,48.8,48.1,48.8
2021/09/14,48.8,48.8,48.3,48.3
2021/09/15,48.5,48.7,48.2,48.2
2021/09/16,48.3,48.7,48.3,48.7
2021/09/17,48.5,48.9,48.5,48.9
2021/09/22,48.3,48.5,48.0,48.2
2021/09/23,48.5,48.8,48.3,48.3
2021/09/24,48.8,48.9,48.4,48.5
2021/09/27,48.5,48.9,48.5,48.7
2021/09/28,48.8,48.9,48.2,48.9
2021/09/29,48.5,48.5,48.2,48.2
2021/09/30,48.2,48.5,48.0,48.5
2021/10/01,48.2,48.4,47.9,48.0
2021/10/04,48.1,48.2,47.4,47.5
2021/10/05,47.2,47.5,46.8,47.5
2021/10/06,47.5,47.5,47.2,47.2
2021/10/07,47.3,48.7,47.3,48.5
2021/10/08,48.8,49.4,48.8,49.0
2021/10/12,49.0,49.3,48.6,49.3
2021/10/13,49.2,49.5,48.8,49.0
2021/10/14,49.1,49.3,49.0,49.3
2021/10/15,49.5,49.7,49.2,49.5
2021/10/18,49.5,50.0,49.3,49.6
2021/10/19,50.0,50.7,49.9,50.6
2021/10/20,50.7,50.7,50.2,50.5
2021/10/21,50.5,50.9,50.1,50.4
2021/10/22,50.7,51.8,50.5,51.8
2021/10/25,51.6,52.0,51.4,51.4
2021/10/26,51.4,52.1,51.4,51.8
2021/10/27,51.6,52.2,51.6,51.9
2021/10/28,51.9,52.5,51.8,52.0
2021/10/29,52.1,52.2,51.6,51.9
2021/11/01,52.4,52.7,52.1,52.6
2021/11/02,53.0,53.0,51.8,52.0
2021/11/03,52.0,52.7,51.9,52.6
2021/11/04,52.6,52.6,51.8,51.8
2021/11/05,51.9,52.2,51.6,52.1
2021/11/08,52.1,52.8,51.8,52.1
2021/11/09,52.3,52.3,52.0,52.3
2021/11/10,52.4,52.5,51.8,52.2
2021/11/11,52.2,52.7,51.8,52.1
2021/11/12,52.2,52.2,51.8,52.1
2021/11/15,52.2,52.3,51.8,52.0
2021/11/16,51.9,52.0,51.4,51.8
2021/11/17,51.7,51.9,50.3,50.5
2021/11/18,50.2,50.4,49.9,50.1
2021/11/19,50.2,50.7,50.1,50.5
2021/11/22,50.5,51.0,50.3,51.0
2021/11/23,50.8,51.0,50.4,50.6
2021/11/24,50.4,50.8,50.4,50.5
2021/11/25,50.5,50.7,50.2,50.6
2021/11/26,50.4,50.5,50.0,50.0
2021/11/29,49.8,50.1,49.2,50.0
2021/11/30,50.2,50.6,50.0,50.3
2021/12/01,50.0,50.6,50.0,50.4
2021/12/02,50.4,50.7,50.0,50.1
2021/12/03,50.1,50.4,50.0,50.1
2021/12/06,50.1,50.8,50.1,50.8
2021/12/07,50.6,50.8,50.2,50.3
2021/12/08,50.7,50.7,50.2,50.2
2021/12/09,50.2,50.5,50.1,50.2
2021/12/10,50.4,50.7,50.3,50.4
2021/12/13,50.6,51.0,50.6,50.6
2021/12/14,50.7,50.9,50.3,50.5
2021/12/15,50.5,50.6,50.2,50.5
2021/12/16,50.6,50.9,50.4,50.6
2021/12/17,50.6,51.0,50.3,50.8
2021/12/20,50.9,50.9,50.4,50.6
2021/12/21,50.6,50.8,50.5,50.8
2021/12/22,50.9,51.3,50.5,50.7
2021/12/23,50.8,51.1,50.7,50.9
2021/12/24,51.3,51.5,51.0,51.2
2021/12/27,51.4,51.9,51.1,51.9
2021/12/28,52.0,52.3,51.9,52.2
2021/12/29,52.0,52.5,51.9,52.5
2021/12/30,52.9,53.4,52.6,52.6
2022/01/03,52.6,52.8,51.9,52.3
2022/01/04,52.4,52.5,51.7,51.9
2022/01/05,51.9,52.2,51.4,51.8
2022/01/06,51.8,52.0,51.3,52.0
2022/01/07,52.0,52.1,51.6,51.7
2022/01/10,51.7,52.1,51.6,51.8
2022/01/11,52.1,53.3,52.0,53.2
2022/01/12,53.5,54.5,53.0,53.6
2022/01/13,53.6,54.1,53.2,53.9
2022/01/14,53.8,53.8,52.6,53.4
2022/01/17,53.0,53.6,53.0,53.5
2022/01/18,53.6,55.0,53.6,54.5
2022/01/19,54.2,54.6,54.1,54.4
2022/01/20,54.2,54.9,54.1,54.7
2022/01/21,54.4,54.5,53.9,54.3
2022/01/24,54.3,54.5,53.5,54.4
2022/01/25,54.0,54.5,53.8,54.5
2022/01/26,54.4,54.7,54.2,54.4
2022/02/07,54.3,55.3,53.9,55.1
2022/02/08,55.1,55.2,54.6,55.2
2022/02/09,55.2,55.3,55.0,55.2
2022/02/10,55.3,55.7,55.2,55.6
2022/02/11,55.5,56.4,55.3,56.1
2022/02/14,55.5,56.5,55.2,55.8
2022/02/15,55.9,56.6,55.3,55.5
2022/02/16,55.8,56.1,55.7,56.0
2022/02/17,56.0,56.3,55.4,55.9
2022/02/18,55.5,55.9,55.4,55.9
2022/02/21,55.7,56.2,55.6,55.9
2022/02/22,55.9,56.0,55.2,56.0
2022/02/23,55.9,56.2,55.7,56.2
2022/02/24,56.0,56.3,55.1,55.7
2022/02/25,55.7,55.8,55.2,55.7
2022/03/01,56.0,56.7,55.9,56.7
2022/03/02,56.6,57.0,56.2,56.9
2022/03/03,57.0,57.3,56.6,56.9
2022/03/04,56.8,57.0,56.6,56.8
2022/03/07,56.6,56.6,55.5,56.1
2022/03/08,55.5,56.3,55.4,55.6
2022/03/09,56.0,56.3,55.6,56.1
2022/03/10,56.5,57.5,56.5,57.2
2022/03/11,57.3,57.3,56.8,57.2
2022/03/14,57.4,57.4,56.8,57.2
2022/03/15,57.4,57.4,55.9,56.4
2022/03/16,56.8,57.0,56.4,56.9
2022/03/17,57.2,57.5,56.8,57.3
2022/03/18,57.5,58.5,57.1,58.5
2022/03/21,58.4,58.4,57.8,58.2
2022/03/22,58.4,58.4,57.9,58.2
2022/03/23,56.9,57.1,56.0,56.3
2022/03/24,56.2,56.9,56.0,56.9
2022/03/25,56.7,56.7,56.2,56.7
2022/03/28,56.4,56.5,55.5,56.2
2022/03/29,56.3,56.5,55.7,56.4
2022/03/30,56.5,56.7,56.0,56.4
2022/03/31,56.5,56.5,55.9,56.0
2022/04/01,56.0,56.2,55.7,56.2
2022/04/06,55.9,56.5,55.7,56.5
2022/04/07,56.2,56.2,55.5,55.5
2022/04/08,55.6,56.1,55.4,56.0
2022/04/11,56.4,56.8,55.5,56.0
2022/04/12,55.9,56.0,55.5,55.5
2022/04/13,55.6,56.5,55.6,56.5
2022/04/14,56.5,56.6,56.1,56.4
2022/04/15,56.3,56.6,56.0,56.2
2022/04/18,56.0,56.3,55.8,56.0
2022/04/19,56.4,56.5,55.9,56.2
2022/04/20,56.1,56.4,55.6,56.0
2022/04/21,55.8,56.1,55.6,56.1
2022/04/22,55.7,56.1,55.4,56.1
2022/04/25,55.5,55.6,54.5,54.7
2022/04/26,54.7,55.0,54.0,54.7
2022/04/27,53.9,54.0,53.2,53.3
2022/04/28,53.3,54.2,52.9,54.2
2022/04/29,54.2,54.4,53.8,54.3
2022/05/03,54.1,54.2,53.6,53.9
2022/05/04,54.0,54.5,53.6,53.8
2022/05/05,54.2,54.6,54.0,54.4
2022/05/06,53.7,54.4,53.4,54.4
2022/05/09,53.6,53.9,53.0,53.0
2022/05/10,52.6,53.0,51.2,53.0
2022/05/11,52.5,53.2,52.4,52.8
2022/05/12,52.5,53.6,52.4,53.4
2022/05/13,53.2,53.7,52.7,53.5
2022/05/16,53.5,54.5,53.5,54.1
2022/05/17,54.3,54.4,53.8,54.3
2022/05/18,54.3,54.6,53.7,54.6
2022/05/19,54.3,54.5,54.0,54.4
2022/05/20,54.4,56.4,54.3,56.0
2022/05/23,56.0,56.2,55.4,55.8
2022/05/24,56.0,57.0,55.8,56.2
2022/05/25,56.5,57.5,55.9,56.1
2022/05/26,56.3,56.9,55.6,55.9
2022/05/27,56.4,56.6,55.6,56.2
2022/05/30,56.5,56.6,54.4,54.4
2022/05/31,54.7,55.1,52.8,52.8
2022/06/01,53.3,55.9,53.3,55.4
2022/06/02,55.1,56.5,55.1,56.1
2022/06/06,56.0,57.4,55.5,57.0
2022/06/07,57.0,57.5,56.8,56.9
2022/06/08,57.5,57.7,57.0,57.2
2022/06/09,57.0,57.4,56.3,57.1
2022/06/10,56.9,57.6,56.6,57.1
2022/06/13,56.6,57.3,56.2,56.8
2022/06/14,56.5,57.2,56.5,56.8
2022/06/15,57.0,57.3,56.5,56.5
2022/06/16,56.9,57.3,56.5,56.8
2022/06/17,56.5,56.8,55.2,56.3
2022/06/20,55.7,56.3,54.0,54.4
2022/06/21,54.9,55.9,54.4,55.4
2022/06/22,55.3,55.4,54.1,54.8
2022/06/23,55.1,55.8,54.4,54.9
2022/06/24,55.6,55.9,55.0,55.3
2022/06/27,55.9,56.2,55.6,55.8
2022/06/28,55.7,56.2,55.5,56.1
2022/06/29,55.5,56.2,55.5,56.0
2022/06/30,55.7,55.8,54.8,55.1
2022/07/01,55.1,55.3,53.4,53.9
2022/07/04,54.5,54.8,53.3,53.5
2022/07/05,54.1,54.3,52.4,53.0
2022/07/06,53.0,53.0,51.7,51.8
2022/07/07,51.8,52.7,51.2,52.3
2022/07/08,52.8,53.2,52.4,53.0
2022/07/11,53.2,53.2,52.0,52.6
2022/07/12,52.0,52.0,50.9,51.5
2022/07/13,52.3,52.7,52.0,52.2
2022/07/14,52.2,52.5,51.9,52.1
2022/07/15,52.1,52.2,50.8,51.8
2022/07/18,51.8,52.8,51.4,52.8
2022/07/19,48.1,48.9,48.0,48.6
2022/07/20,49.2,49.3,48.8,49.1
2022/07/21,49.3,49.9,49.2,49.7
2022/07/22,50.0,50.0,49.2,49.5
2022/07/25,49.5,49.6,49.0,49.0
2022/07/26,49.2,49.3,49.0,49.2
2022/07/27,49.2,49.5,49.0,49.5
2022/07/28,49.7,49.8,49.2,49.6
2022/07/29,49.6,50.4,49.6,50.2
2022/08/01,50.3,51.0,50.0,50.5
2022/08/02,50.2,50.4,49.5,50.2
2022/08/03,50.2,50.2,49.5,50.1
2022/08/04,50.1,50.2,49.2,50.0
2022/08/05,50.0,51.0,49.9,50.7
2022/08/08,50.7,51.3,50.3,51.3
2022/08/09,51.3,51.3,50.7,51.1
2022/08/10,50.8,51.4,50.7,51.1
2022/08/11,51.2,51.4,51.0,51.4
2022/08/12,51.4,51.5,51.2,51.4
2022/08/15,51.5,51.7,51.1,51.3
2022/08/16,51.4,52.0,51.2,51.7
2022/08/17,51.7,51.7,50.8,51.0
2022/08/18,51.0,51.0,49.7,49.9
2022/08/19,49.9,50.1,49.7,49.9
2022/08/22,49.8,50.6,49.5,50.4
2022/08/23,49.9,50.5,49.9,50.1
2022/08/24,50.1,50.3,49.8,50.0
2022/08/25,50.2,50.6,50.0,50.4
2022/08/26,50.6,51.0,50.5,51.0
2022/08/29,50.4,51.1,50.2,50.5
2022/08/30,50.3,51.0,50.3,50.7
2022/08/31,50.8,51.6,50.6,51.4
2022/09/01,50.8,51.4,50.5,50.7
2022/09/02,51.0,51.5,50.8,50.9
2022/09/05,50.8,51.0,50.5,50.7
2022/09/06,51.0,51.0,50.2,50.9
2022/09/07,50.3,50.8,50.0,50.4
2022/09/08,50.6,52.3,50.2,52.3
2022/09/12,52.3,52.4,51.5,52.2
2022/09/13,52.4,52.4,51.9,52.0
2022/09/14,51.3,51.9,51.2,51.5
2022/09/15,51.3,52.1,51.2,51.6
2022/09/16,51.4,51.7,49.9,50.1
2022/09/19,50.1,50.3,49.2,50.0
2022/09/20,49.8,50.0,49.3,49.9
2022/09/21,49.5,49.7,49.0,49.0
2022/09/22,48.8,48.8,48.0,48.2
2022/09/23,48.0,48.1,47.3,47.4
2022/09/26,47.2,47.5,46.6,46.8
2022/09/27,46.5,47.3,46.5,47.1
2022/09/28,47.0,47.0,46.0,46.1
2022/09/29,46.2,47.2,46.0,47.1
2022/09/30,45.8,46.7,45.6,46.5
2022/10/03,45.8,46.2,45.3,45.8
2022/10/04,46.4,47.2,46.4,47.0
2022/10/05,47.2,47.7,47.1,47.3
2022/10/06,47.5,48.0,47.4,47.7
2022/10/07,47.7,47.7,47.2,47.2
2022/10/11,46.8,47.8,46.6,46.8
2022/10/12,46.9,47.2,46.6,46.9
2022/10/13,47.3,47.5,46.5,46.8
2022/10/14,47.6,47.6,46.0,46.1
2022/10/17,45.8,46.3,45.2,45.7
2022/10/18,46.0,46.0,45.0,45.6
2022/10/19,45.3,46.8,45.3,45.7
2022/10/20,45.7,46.6,44.9,46.6
2022/10/21,46.2,46.2,45.2,45.2
2022/10/24,45.2,45.3,44.8,45.0
2022/10/25,44.9,45.0,43.8,44.2
2022/10/26,44.5,44.6,44.0,44.4
2022/10/27,44.5,44.6,44.2,44.2
2022/10/28,44.2,44.5,44.0,44.2
2022/10/31,44.3,44.5,43.8,44.0
2022/11/01,43.9,44.2,43.8,44.2
2022/11/02,44.2,44.7,44.2,44.6
2022/11/03,44.4,44.5,44.0,44.4
2022/11/04,44.4,45.4,44.2,45.4
2022/11/07,45.3,45.4,45.1,45.3
2022/11/08,45.1,45.8,45.0,45.8
2022/11/09,45.9,46.3,45.4,46.3
2022/11/10,46.1,46.5,45.8,46.3
2022/11/11,46.6,47.0,46.3,46.7
2022/11/14,46.7,47.5,46.7,47.5
2022/11/15,47.0,47.1,46.3,47.0
2022/11/16,47.0,47.3,46.7,47.0
2022/11/17,46.8,47.0,46.1,46.3
2022/11/18,46.0,46.2,45.6,45.8
2022/11/21,45.8,46.2,45.7,46.1
2022/11/22,46.1,46.4,45.7,46.3
2022/11/23,46.5,47.0,46.3,46.7
2022/11/24,46.7,47.3,46.7,47.2
2022/11/25,47.2,47.5,46.8,46.9
2022/11/28,46.6,47.3,46.5,47.0
2022/11/29,46.5,47.2,46.4,47.2
2022/11/30,47.0,48.5,47.0,48.5
2022/12/01,48.2,48.7,47.8,48.4
2022/12/02,47.9,48.5,47.9,48.5
2022/12/05,48.1,48.5,48.1,48.5
2022/12/06,48.1,48.2,47.3,47.5
2022/12/07,47.2,47.5,47.0,47.2
2022/12/08,47.0,48.0,47.0,47.8
2022/12/09,47.5,48.5,47.5,48.5
2022/12/12,48.3,48.8,48.0,48.8
2022/12/13,48.2,48.3,47.1,47.3
2022/12/14,47.4,47.7,47.2,47.7
2022/12/15,47.6,47.8,47.4,47.7
2022/12/16,47.0,48.5,46.5,48.5
2022/12/19,47.8,48.8,47.4,48.8
2022/12/20,48.3,48.5,47.0,47.3
2022/12/21,47.1,47.5,46.7,47.3
2022/12/22,47.5,48.3,47.5,48.0
2022/12/23,47.5,47.8,47.3,47.8
2022/12/26,47.5,47.7,47.4,47.7
2022/12/27,47.5,47.8,47.4,47.5
2022/12/28,47.3,47.8,47.2,47.8
2022/12/29,47.3,48.3,47.2,48.2
2022/12/30,48.0,48.5,47.9,48.1
2023/01/03,48.1,48.2,47.6,47.8
2023/01/04,48.1,48.1,47.3,47.5
2023/01/05,47.8,48.0,47.5,47.8
2023/01/06,47.8,47.8,47.5,47.6
2023/01/09,47.9,48.2,47.7,48.2
2023/01/10,48.3,48.3,47.8,48.0
2023/01/11,48.0,48.0,47.3,47.4
2023/01/12,47.5,47.5,47.1,47.1
2023/01/13,47.3,47.6,47.0,47.2
2023/01/16,47.2,47.5,47.1,47.2
2023/01/17,47.3,47.5,47.2,47.5
2023/01/30,47.9,48.4,47.8,48.2
2023/01/31,48.3,48.3,47.6,47.7
2023/02/01,47.8,48.5,47.8,48.5
2023/02/02,48.7,49.7,48.5,49.2
2023/02/03,49.3,49.7,49.0,49.3
2023/02/06,49.3,49.8,49.2,49.5
2023/02/07,49.7,49.8,49.2,49.8
2023/02/08,49.8,49.9,49.3,49.3
2023/02/09,49.3,49.8,49.2,49.5
2023/02/10,49.6,49.6,49.0,49.0
2023/02/13,48.8,49.7,48.8,49.3
2023/02/14,49.6,49.6,48.8,49.0
2023/02/15,49.1,49.2,48.9,48.9
2023/02/16,48.9,49.7,48.9,49.2
2023/02/17,49.3,49.4,49.0,49.3
2023/02/20,49.3,49.8,49.0,49.5
2023/02/21,49.5,49.5,49.2,49.3
2023/02/22,49.0,49.4,48.8,49.2
2023/02/23,49.2,49.4,49.2,49.2
2023/02/24,49.3,49.8,49.2,49.3
2023/03/01,49.7,49.7,48.8,48.8
2023/03/02,49.0,49.7,48.8,49.6
2023/03/03,49.7,49.8,49.5,49.7
2023/03/06,49.8,50.0,49.8,50.0
2023/03/07,50.0,50.6,50.0,50.6
2023/03/08,50.5,50.7,50.1,50.6
2023/03/09,50.2,50.6,49.7,49.8
2023/03/10,49.6,49.6,49.2,49.2
2023/03/13,48.8,49.2,48.6,49.0
2023/03/14,48.8,49.0,48.3,48.3
2023/03/15,48.5,49.1,48.5,48.8
2023/03/16,48.8,49.0,48.0,48.0
2023/03/17,48.2,48.5,48.0,48.1
2023/03/20,48.1,48.4,48.0,48.1
2023/03/21,48.2,48.5,48.2,48.2
2023/03/22,48.5,49.0,48.5,48.8
2023/03/23,48.8,48.8,48.5,48.7
2023/03/24,48.7,48.9,48.7,48.7
2023/03/27,48.7,48.8,48.7,48.7
2023/03/28,48.7,48.8,48.3,48.5
2023/03/29,49.0,50.4,49.0,49.8
2023/03/30,50.0,50.1,49.5,50.0
2023/03/31,50.1,50.4,50.0,50.2
2023/04/06,50.2,50.5,49.9,50.3
2023/04/07,50.4,50.8,50.2,50.4
2023/04/10,50.5,50.6,50.1,50.1
2023/04/11,50.2,50.7,50.0,50.7
2023/04/12,50.7,50.8,50.2,50.4
2023/04/13,50.4,50.5,50.0,50.0
2023/04/14,50.5,50.5,50.0,50.1
2023/04/17,50.2,50.5,50.1,50.2
2023/04/18,50.3,50.7,50.1,50.5
2023/04/19,50.5,50.6,50.0,50.0
2023/04/20,50.0,50.3,49.8,50.0
2023/04/21,50.0,50.2,49.5,49.7
2023/04/24,49.7,50.0,49.3,49.8
2023/04/25,50.0,50.2,49.7,49.8
2023/04/26,49.8,50.1,49.5,49.8
2023/04/27,50.0,50.4,49.7,50.4
2023/04/28,50.4,50.8,50.0,50.0
2023/05/02,50.0,50.6,50.0,50.3
2023/05/03,50.3,50.6,50.2,50.3
2023/05/04,50.2,50.5,50.0,50.2
2023/05/05,50.3,50.6,50.0,50.3
2023/05/08,50.4,50.5,49.9,50.2
2023/05/09,50.4,50.4,49.9,50.0
2023/05/10,50.2,50.2,49.9,50.0
2023/05/11,50.2,50.3,49.8,49.8
2023/05/12,49.8,50.0,49.6,49.7
2023/05/15,49.5,49.8,49.4,49.8
2023/05/16,49.8,50.4,49.7,50.3
2023/05/17,50.3,50.9,50.2,50.8
2023/05/18,50.8,51.3,50.7,51.3
2023/05/19,51.3,52.6,51.3,52.5
2023/05/22,52.0,52.8,51.8,52.7
2023/05/23,52.9,53.0,51.8,52.2
2023/05/24,52.1,52.1,51.5,51.8
2023/05/25,52.0,52.5,51.7,52.5
2023/05/26,52.0,52.5,51.6,52.4
2023/05/29,52.5,53.0,52.2,53.0
2023/05/30,53.0,53.0,52.4,52.8
2023/05/31,52.8,53.2,52.2,53.2
2023/06/01,53.1,53.3,52.5,53.3
2023/06/02,53.2,53.6,53.0,53.4
2023/06/05,53.4,53.6,53.1,53.5
2023/06/06,53.5,53.6,53.0,53.3
2023/06/07,53.3,53.4,52.8,53.2
2023/06/08,53.2,53.6,53.0,53.6
2023/06/09,53.7,53.7,53.4,53.6
2023/06/12,53.7,53.9,53.2,53.9
2023/06/13,53.9,54.5,53.8,54.4
2023/06/14,54.6,54.7,54.4,54.4
2023/06/15,54.4,54.6,54.1,54.4
2023/06/16,54.3,54.7,54.1,54.7
2023/06/19,54.5,54.8,54.1,54.2
2023/06/20,54.4,54.7,54.1,54.5
2023/06/21,54.3,54.8,54.2,54.8
2023/06/26,54.8,54.9,54.4,54.9
2023/06/27,54.6,55.0,54.4,54.7
2023/06/28,54.7,55.0,54.5,54.9
2023/06/29,54.8,54.9,54.5,54.8
2023/06/30,54.8,54.9,54.4,54.7
2023/07/03,54.8,55.1,54.7,55.0
2023/07/04,55.0,56.4,54.8,56.2
2023/07/05,56.4,57.2,56.4,56.9
2023/07/06,56.8,57.0,56.2,56.6
2023/07/07,56.1,56.5,55.4,56.1
2023/07/10,56.1,56.6,55.8,56.3
2023/07/11,56.4,57.3,56.3,57.3
2023/07/12,57.1,58.0,56.9,58.0
2023/07/13,58.6,58.7,57.3,57.4
2023/07/14,57.1,58.4,57.1,58.3
2023/07/17,58.3,58.5,58.0,58.5
2023/07/18,58.4,59.0,57.8,59.0
2023/07/19,59.5,59.5,57.0,57.8
2023/07/20,57.8,58.5,57.1,57.7
2023/07/21,57.3,57.8,56.6,57.1
2023/07/24,57.1,58.6,56.0,56.8
2023/07/25,51.7,52.1,50.0,50.1
2023/07/26,50.2,50.2,49.1,49.2
2023/07/27,49.5,49.9,49.2,49.8
2023/07/28,50.0,50.9,49.8,50.3
2023/07/31,50.4,50.5,49.9,50.4
2023/08/01,50.4,50.5,50.0,50.4
2023/08/02,50.4,50.4,49.5,50.0
2023/08/04,49.8,50.3,49.5,50.0
2023/08/07,50.0,51.0,49.9,51.0
2023/08/08,50.9,51.0,50.3,51.0
2023/08/09,50.8,51.2,50.3,51.2
2023/08/10,51.1,51.5,50.2,51.5
2023/08/11,51.0,51.6,50.9,51.5
2023/08/14,51.0,52.0,50.6,52.0
2023/08/15,51.9,53.0,51.8,52.2
2023/08/16,51.8,52.6,51.7,52.5
2023/08/17,52.0,52.8,51.9,52.8
2023/08/18,52.8,53.7,52.7,53.7
2023/08/21,53.8,54.3,53.3,54.0
2023/08/22,54.3,54.3,53.3,54.0
2023/08/23,54.0,55.5,53.7,55.5
2023/08/24,55.6,55.6,53.1,53.4
2023/08/25,53.9,55.0,53.7,54.7
2023/08/28,54.6,54.6,53.5,54.0
2023/08/29,53.8,53.8,52.8,53.8
2023/08/30,53.6,53.8,53.2,53.7
2023/08/31,53.7,54.9,53.4,54.9
2023/09/01,54.7,54.7,54.2,54.4
2023/09/04,54.3,54.8,54.1,54.8
2023/09/05,54.9,55.3,54.5,55.2
2023/09/06,55.2,56.8,55.1,56.4
2023/09/07,56.3,57.2,56.0,56.7
2023/09/08,56.8,57.2,56.1,56.6
2023/09/11,56.8,57.0,55.9,56.5
2023/09/12,56.5,57.4,56.2,56.9
2023/09/13,56.8,57.4,56.5,57.4
2023/09/14,57.5,58.2,57.3,58.2
2023/09/15,58.3,60.0,58.3,59.5
2023/09/18,59.3,60.1,59.0,59.5
2023/09/19,60.0,60.0,59.2,59.4
2023/09/20,59.4,60.0,59.3,59.6
2023/09/21,59.5,59.5,58.3,59.3
2023/09/22,59.3,59.6,58.4,59.5
2023/09/25,59.5,60.0,59.2,60.0
2023/09/26,60.0,60.5,59.5,60.0
2023/09/27,59.8,60.0,59.2,60.0
2023/09/28,60.0,60.6,59.6,60.6
2023/10/02,60.5,60.8,59.5,60.0
2023/10/03,60.0,61.9,59.8,61.6
2023/10/04,61.4,61.4,60.7,61.3
2023/10/05,61.0,61.9,61.0,61.5
2023/10/06,61.5,63.5,61.3,63.0
2023/10/11,63.6,65.4,63.5,64.8
2023/10/12,65.0,65.5,64.2,65.5
2023/10/13,65.5,66.9,65.4,66.5
2023/10/16,66.5,68.6,66.5,68.1
2023/10/17,68.1,68.4,66.2,67.0
2023/10/18,67.4,67.7,65.9,67.0
2023/10/19,66.5,68.0,66.4,67.5
2023/10/20,67.4,68.4,66.8,67.8
2023/10/23,67.2,67.5,65.8,66.3
2023/10/24,66.3,67.9,66.2,67.7
2023/10/25,67.9,68.4,67.4,68.2
2023/10/26,67.1,68.0,66.8,67.4
2023/10/27,68.0,69.8,67.9,68.8
2023/10/30,69.0,69.0,68.1,68.9
2023/10/31,69.0,71.9,68.6,71.6
2023/11/01,71.6,74.9,71.6,74.1
2023/11/02,75.3,75.6,71.8,72.8
2023/11/03,72.8,72.9,70.0,70.9
2023/11/06,72.0,74.1,71.3,72.9
2023/11/07,73.0,74.3,72.2,74.2
2023/11/08,74.1,75.4,73.5,74.6
2023/11/09,74.5,74.7,72.6,73.5
2023/11/10,72.1,72.8,71.0,72.2
2023/11/13,75.5,75.5,70.6,71.1
2023/11/14,71.0,72.0,70.4,70.7
2023/11/15,71.2,71.5,68.8,69.5
2023/11/16,69.5,70.3,69.0,69.6
2023/11/17,71.5,74.7,70.6,71.2
2023/11/20,71.5,72.5,70.0,71.4
2023/11/21,72.0,73.5,71.1,71.7
2023/11/22,72.1,72.5,71.5,72.5
2023/11/23,72.5,72.6,71.3,71.9
2023/11/24,71.9,73.5,71.4,73.5
2023/11/27,72.9,74.0,72.3,74.0
2023/11/28,74.0,75.1,73.6,75.1
2023/11/29,75.1,76.5,74.6,76.5
2023/11/30,76.4,77.6,74.7,77.6
2023/12/01,77.4,77.4,73.3,73.3
2023/12/04,74.5,75.0,73.6,75.0
2023/12/05,74.6,77.0,74.3,77.0
2023/12/06,77.0,78.0,76.4,78.0
2023/12/07,77.9,79.3,77.7,78.9
2023/12/08,78.9,79.3,77.8,79.2
2023/12/11,79.7,80.9,79.3,80.7
2023/12/12,81.3,84.2,81.3,83.3
2023/12/13,84.5,85.3,82.7,85.0
2023/12/14,86.0,86.5,81.0,82.9
2023/12/15,82.3,82.4,79.5,80.2
2023/12/18,78.8,82.0,78.3,81.3
2023/12/19,82.2,82.2,79.5,81.2
2023/12/20,81.5,82.6,80.1,80.6
2023/12/21,80.4,82.5,80.0,81.9
2023/12/22,81.4,84.2,81.4,83.4
2023/12/25,83.1,83.3,81.8,82.5
2023/12/26,82.1,84.1,82.0,84.1
2023/12/27,84.0,85.2,83.8,85.0
2023/12/28,84.9,85.0,81.4,81.4
2023/12/29,81.7,82.0,80.3,81.6
2024/01/02,80.8,81.4,80.0,80.4
2024/01/03,80.0,81.0,79.3,80.5
2024/01/04,81.5,81.7,80.5,81.6
2024/01/05,81.5,81.5,79.2,81.4
2024/01/08,81.4,81.8,79.8,80.9
2024/01/09,81.0,81.8,80.0,81.8
2024/01/10,81.7,82.4,81.2,82.0
2024/01/11,82.0,82.0,79.7,81.7
2024/01/12,81.2,81.5,80.9,81.1
2024/01/15,81.1,82.9,80.6,82.4
2024/01/16,81.9,84.3,81.9,84.3
2024/01/17,84.3,86.8,84.3,86.5
2024/01/18,87.3,87.9,86.0,86.8
2024/01/19,86.3,86.7,85.2,86.7
2024/01/22,87.0,89.6,86.8,89.6
2024/01/23,89.6,90.8,89.2,89.8
2024/01/24,89.8,91.7,89.4,89.9
2024/01/25,90.5,90.5,88.6,89.0
2024/01/26,88.9,89.6,86.9,89.0
2024/01/29,88.5,89.9,87.9,89.8
2024/01/30,89.7,90.4,87.7,87.7
2024/01/31,89.2,89.4,86.2,87.2
2024/02/01,87.5,89.7,87.2,88.7
2024/02/02,88.7,89.5,88.1,88.5
2024/02/05,87.8,88.2,86.6,87.6
2024/02/15,90.0,90.0,86.2,86.6
2024/02/16,87.0,89.7,86.9,89.4
2024/02/19,89.6,89.6,87.3,89.0
2024/02/20,89.2,94.0,89.2,94.0
2024/02/21,93.5,93.6,90.1,90.3
2024/02/22,90.6,92.3,90.4,91.5
2024/02/23,92.2,95.5,92.2,94.4
2024/02/26,94.0,94.0,91.2,91.6
2024/02/27,91.4,93.3,91.3,91.7
2024/02/29,91.5,93.4,90.5,92.8
2024/03/01,91.9,91.9,87.6,88.7
2024/03/04,87.6,88.3,86.5,86.7
2024/03/05,86.7,89.0,83.6,87.6
2024/03/06,88.0,94.8,87.6,92.8
2024/03/07,92.3,98.6,90.3,96.2
2024/03/08,96.2,101.5,94.5,97.3
2024/03/11,96.7,96.7,91.5,93.5
2024/03/12,92.2,97.8,92.2,95.9
2024/03/13,97.0,98.0,93.8,95.2
2024/03/14,94.3,94.5,85.7,85.7
2024/03/15,85.7,92.1,84.7,92.1
2024/03/18,92.0,93.3,90.8,92.5
2024/03/19,92.8,95.4,91.0,91.0
2024/03/20,91.5,94.4,89.4,90.0
2024/03/21,91.0,91.2,88.1,90.9
2024/03/22,90.7,91.8,88.9,89.2
2024/03/25,88.5,91.0,88.5,89.5
2024/03/26,90.0,90.9,87.4,89.9
2024/03/27,90.9,96.5,89.5,95.6
2024/03/28,96.0,97.4,94.2,96.0
2024/03/29,96.9,96.9,91.0,95.9
2024/04/01,96.5,96.5,92.1,92.5
2024/04/02,92.5,94.2,92.3,93.0
2024/04/03,92.3,93.2,91.6,91.7
2024/04/08,90.9,91.2,89.3,89.9
2024/04/09,89.3,90.7,89.2,89.7
2024/04/10,90.2,91.4,89.7,89.9
2024/04/11,90.6,92.5,90.2,91.0
2024/04/12,90.4,93.0,89.7,91.6
2024/04/15,91.6,92.8,90.3,91.1
2024/04/16,90.2,90.9,88.2,89.6
2024/04/17,90.0,92.5,89.9,92.4
2024/04/18,91.0,92.7,89.3,89.3
2024/04/19,88.3,90.8,86.2,88.7
2024/04/22,88.6,90.4,86.6,86.7
2024/04/23,86.9,87.9,84.4,85.1
2024/04/24,86.6,86.8,85.6,86.4
2024/04/25,85.2,85.6,84.5,84.8
2024/04/26,85.2,87.4,84.6,85.1
2024/04/29,85.6,86.9,85.6,86.6
2024/04/30,86.6,88.7,86.0,88.3
2024/05/02,87.7,90.7,86.7,89.7
2024/05/03,90.4,92.1,90.3,91.8
2024/05/06,91.8,92.1,90.3,91.8
2024/05/07,92.4,93.0,91.5,93.0
2024/05/08,93.5,93.5,90.7,92.6
2024/05/09,91.3,92.0,88.4,89.6
2024/05/10,89.4,93.0,89.1,92.1
2024/05/13,92.1,92.1,90.2,91.1
2024/05/14,90.8,90.9,89.0,89.0
2024/05/15,90.0,90.5,87.1,87.5
2024/05/16,88.5,88.5,86.5,86.5
2024/05/17,86.6,88.2,85.3,87.6
2024/05/20,88.5,94.3,87.9,94.0
2024/05/21,91.6,92.0,87.5,88.4
2024/05/22,88.8,89.7,87.2,87.5
2024/05/23,87.0,88.0,86.1,88.0
2024/05/24,87.5,87.9,86.6,87.2
2024/05/27,87.3,88.7,86.2,88.2
2024/05/28,88.6,89.8,88.4,88.8
2024/05/29,88.1,88.5,86.0,86.0
2024/05/30,85.5,86.7,85.5,86.1
2024/05/31,86.8,86.8,84.3,86.2
2024/06/03,86.2,87.5,85.5,86.5
2024/06/04,85.5,86.7,85.5,86.0
2024/06/05,85.6,87.0,85.6,86.2
2024/06/06,86.9,87.5,86.2,86.9
2024/06/07,87.0,87.2,85.8,86.3
2024/06/11,85.5,86.5,84.8,86.0
2024/06/12,85.9,86.9,85.6,85.6
2024/06/13,85.8,86.6,85.8,86.1
2024/06/14,86.1,86.4,85.5,86.2
2024/06/17,86.3,87.2,85.9,86.3
2024/06/18,86.9,88.5,86.4,88.4
2024/06/19,88.5,89.7,88.2,89.0
2024/06/20,89.1,89.8,88.2,89.8
2024/06/21,89.7,89.7,87.4,87.4
2024/06/24,87.4,88.6,86.6,88.5
2024/06/25,89.1,90.0,87.3,90.0
2024/06/26,89.2,89.8,88.1,88.1
2024/06/27,87.1,90.0,86.5,89.7
2024/06/28,89.0,90.4,88.5,89.8
2024/07/01,90.0,91.0,88.9,90.9
2024/07/02,89.5,90.2,81.9,83.5
2024/07/03,84.0,90.3,84.0,90.3
2024/07/04,89.4,93.7,88.7,93.7
2024/07/05,93.7,93.7,91.7,92.6
2024/07/08,92.3,92.6,90.3,91.2
2024/07/09,91.0,92.9,90.1,92.9
2024/07/10,92.2,93.4,90.8,93.0
2024/07/11,93.9,94.0,92.3,94.0
2024/07/12,94.0,95.8,93.0,94.8
2024/07/15,95.5,101.0,93.9,101.0
2024/07/16,100.0,102.5,96.5,98.1
2024/07/17,98.1,98.1,94.5,94.5
2024/07/18,94.5,95.8,92.0,94.6
2024/07/19,93.8,94.7,92.7,94.2
2024/07/22,94.0,94.5,90.7,92.3
2024/07/23,93.5,93.7,91.2,92.8
2024/07/26,88.3,89.4,85.3,87.7
2024/07/29,89.2,89.5,86.0,86.0
2024/07/30,85.3,87.2,85.0,85.2
2024/07/31,86.1,86.4,84.5,85.9
2024/08/01,87.6,87.6,86.0,86.0
2024/08/02,84.6,86.6,84.2,85.0
2024/08/05,82.8,82.8,77.9,80.2
2024/08/06,79.7,84.8,79.4,83.1
2024/08/07,82.0,85.5,82.0,83.7
2024/08/08,81.4,84.2,80.8,83.3
2024/08/09,83.8,86.3,83.0,83.6
2024/08/12,84.1,86.3,84.1,86.3
2024/08/13,86.6,86.6,85.1,85.8
2024/08/14,86.8,86.8,84.8,85.5
2024/08/15,86.8,86.9,83.8,83.8
2024/08/16,85.3,85.4,83.8,83.8
2024/08/19,84.0,84.4,82.5,83.2
2024/08/20,83.9,83.9,82.1,82.4
2024/08/21,81.6,82.0,80.4,81.5
2024/08/22,82.5,82.5,80.7,80.7
2024/08/23,81.2,81.2,80.2,80.5
2024/08/26,81.3,82.3,80.4,80.4
2024/08/27,80.0,80.4,79.5,80.1
2024/08/28,80.4,80.6,79.8,80.0
2024/08/29,79.9,81.7,79.7,80.5
2024/08/30,81.0,82.6,80.8,81.2
2024/09/02,81.2,81.5,80.2,80.3
2024/09/03,80.9,80.9,79.1,79.1
2024/09/04,76.2,78.7,75.9,77.2
2024/09/05,78.0,78.6,76.6,77.4
2024/09/06,77.4,78.0,76.2,76.3
2024/09/09,74.2,77.4,74.1,76.3
2024/09/10,76.4,76.5,74.5,74.6
2024/09/11,75.7,75.7,73.8,74.0
2024/09/12,76.0,76.0,74.1,74.1
2024/09/13,74.8,75.4,74.2,74.2
2024/09/16,75.0,75.0,73.9,74.3
2024/09/18,74.3,74.5,73.6,73.6
2024/09/19,74.1,75.9,73.4,74.8
2024/09/20,75.2,76.0,74.6,74.8
2024/09/23,75.2,76.2,74.7,75.8
2024/09/24,76.2,76.5,74.5,76.0
2024/09/25,76.7,78.0,76.3,76.5
2024/09/26,77.6,77.7,75.9,76.2
2024/09/27,77.3,78.1,76.4,77.5
2024/09/30,77.8,77.8,75.0,75.0
2024/10/01,75.1,75.8,73.6,73.6
2024/10/04,73.0,75.0,73.0,74.6
2024/10/07,74.5,75.5,74.0,75.2
2024/10/08,74.5,75.4,74.0,74.5
2024/10/09,75.3,76.2,74.6,74.8
2024/10/11,75.5,76.4,75.0,76.2
2024/10/14,77.4,78.4,76.6,76.8
2024/10/15,77.3,78.5,77.0,78.1
2024/10/16,76.9,78.6,76.9,77.2
2024/10/17,77.4,78.8,77.2,77.5
2024/10/18,78.6,80.9,78.0,78.0
2024/10/21,79.5,79.5,77.2,77.5
2024/10/22,78.0,79.3,77.8,78.3
2024/10/23,78.5,78.5,77.0,77.0
2024/10/24,77.1,77.4,76.6,76.7
2024/10/25,77.8,77.8,77.0,77.4
2024/10/28,77.8,77.8,76.7,77.0
2024/10/29,77.0,77.3,76.0,76.4
2024/10/30,76.9,76.9,74.2,74.2
2024/11/01,73.9,76.4,73.2,76.1
2024/11/04,76.0,76.0,72.9,73.2
2024/11/05,73.2,73.2,72.2,72.9
2024/11/06,73.3,74.1,72.6,73.5
2024/11/07,73.0,77.4,73.0,77.1
2024/11/08,77.7,77.8,76.6,76.6
2024/11/11,76.6,76.6,74.7,75.6
2024/11/12,74.3,76.4,73.8,75.0
2024/11/13,74.2,77.3,74.2,76.3
2024/11/14,75.9,77.3,74.3,75.9
2024/11/15,76.2,77.5,75.4,75.4
2024/11/18,76.2,78.0,75.6,75.7
2024/11/19,76.1,77.4,75.4,75.4
2024/11/20,75.4,75.5,74.4,74.4
2024/11/21,74.4,75.0,72.5,72.5
2024/11/22,73.0,73.7,70.6,70.6
2024/11/25,71.2,72.0,70.3,70.3
2024/11/26,70.6,72.2,69.9,70.6
2024/11/27,70.7,70.7,69.9,69.9
2024/11/28,70.2,70.5,69.7,70.0
2024/11/29,69.7,71.4,69.0,70.4
2024/12/02,70.9,72.1,70.6,71.2
2024/12/03,71.6,72.5,70.0,70.2
2024/12/04,70.3,70.5,69.4,70.5
2024/12/05,70.5,70.6,69.7,69.7
2024/12/06,70.0,70.7,69.9,70.0
2024/12/09,70.2,70.9,69.9,70.6
2024/12/10,70.6,71.2,70.0,70.3
2024/12/11,70.0,70.7,69.9,70.3
2024/12/12,70.5,70.7,70.0,70.0
2024/12/13,70.0,70.0,69.2,69.8
2024/12/16,69.8,71.1,69.3,70.4
2024/12/17,70.3,70.9,68.5,68.5
2024/12/18,68.5,69.5,67.7,68.6
2024/12/19,67.6,68.6,67.6,68.0
2024/12/20,67.3,67.8,66.0,66.0
2024/12/23,66.5,67.5,66.4,67.1
2024/12/24,67.3,69.3,67.3,68.8
2024/12/25,69.5,70.6,69.1,70.1
2024/12/26,70.2,71.1,70.1,70.5
2024/12/27,70.5,70.8,70.0,70.3
2024/12/30,70.0,70.0,67.8,68.8
2024/12/31,68.5,69.4,68.3,68.4
2025/01/02,68.1,73.5,68.1,73.2
2025/01/03,73.2,73.7,71.6,71.6
2025/01/06,71.7,72.6,71.4,71.4
2025/01/07,71.6,72.2,70.8,70.8
2025/01/08,71.0,71.5,70.5,70.7
2025/01/09,70.7,71.3,70.0,70.2
2025/01/10,69.6,70.9,69.5,69.9
2025/01/13,69.7,70.5,67.9,67.9
2025/01/14,68.9,70.2,68.8,69.7
2025/01/15,69.7,70.7,68.8,69.6
2025/01/16,70.4,71.9,70.3,70.3
2025/01/17,70.8,72.2,70.2,70.2
2025/01/20,70.9,71.2,70.3,70.9
2025/01/21,70.6,71.4,70.4,70.5
2025/01/22,71.1,71.6,70.9,71.0
2025/02/03,70.8,71.5,70.5,70.6
2025/02/04,71.1,71.6,69.9,69.9
2025/02/05,70.8,72.2,70.0,70.3
2025/02/06,70.7,71.5,70.4,71.0
2025/02/07,70.7,70.9,70.1,70.1
2025/02/10,70.0,70.5,69.0,69.0
2025/02/11,69.7,70.0,68.5,68.5
2025/02/12,69.4,69.7,68.3,68.3
2025/02/13,68.8,69.3,68.3,68.8
2025/02/14,69.3,69.3,68.4,68.4
2025/02/17,69.1,70.0,68.8,68.8
2025/02/18,68.9,69.3,68.3,68.9
2025/02/19,69.1,70.4,69.1,69.6
2025/02/20,69.8,70.5,69.7,69.9
2025/02/21,70.2,71.8,70.1,71.5
2025/02/24,71.0,71.1,70.4,70.4
2025/02/25,70.0,71.6,70.0,70.6
2025/02/26,70.6,71.7,70.4,71.0
2025/02/27,71.0,71.9,71.0,71.0
2025/03/03,69.1,69.2,67.0,67.9
2025/03/04,67.1,67.5,66.3,66.4
2025/03/05,66.6,66.6,65.2,65.7
2025/03/06,65.6,66.1,65.1,65.4
2025/03/07,66.4,67.2,65.6,67.0
2025/03/10,66.9,66.9,65.3,65.3
2025/03/11,64.1,65.6,63.4,65.2
2025/03/12,65.5,66.3,65.1,65.1
2025/03/13,65.7,66.5,65.1,65.1
2025/03/14,65.8,65.8,64.9,65.2
2025/03/17,65.4,66.1,65.3,65.6
2025/03/18,66.2,66.5,65.3,66.2
2025/03/19,66.3,66.6,65.2,65.2
2025/03/20,65.9,66.3,65.3,65.3
2025/03/21,65.5,66.1,65.0,65.0
2025/03/24,65.4,65.7,64.8,65.3
2025/03/25,65.8,65.8,64.0,65.1
2025/03/26,65.4,66.1,65.1,66.1
2025/03/27,65.7,65.7,64.8,65.5
2025/03/28,65.3,65.3,63.6,64.2
2025/03/31,62.2,62.5,61.6,62.0
2025/04/01,62.2,63.6,62.2,63.2
2025/04/02,63.2,64.2,63.0,64.0
2025/04/07,57.6,57.6,57.6,57.6
2025/04/08,52.9,56.8,52.5,56.1
2025/04/09,55.0,57.8,52.1,52.5
2025/04/10,57.7,57.7,57.7,57.7
2025/04/11,57.8,60.0,56.0,59.6
2025/04/14,60.0,65.5,60.0,63.3
2025/04/15,63.2,65.7,63.0,65.0
2025/04/16,64.6,66.1,64.6,65.2
2025/04/17,65.2,65.7,64.4,64.6
2025/04/18,64.2,65.2,63.6,63.6
2025/04/21,63.6,64.9,63.6,64.0
2025/04/22,64.1,64.3,62.9,63.1
2025/04/23,63.8,65.5,63.8,65.1
2025/04/24,65.6,66.0,64.9,65.1
2025/04/25,66.1,68.4,65.9,66.5
2025/04/28,66.5,68.4,65.5,67.6
2025/04/29,67.6,68.5,66.8,67.5
2025/04/30,67.1,68.3,66.8,67.5
2025/05/02,67.0,68.4,66.5,68.4
2025/05/05,68.7,69.7,67.3,67.5
2025/05/06,68.0,68.2,66.4,66.6
2025/05/07,66.6,68.1,66.5,67.6
2025/05/08,68.0,68.4,67.2,68.0
2025/05/09,67.8,68.6,67.8,68.2
2025/05/12,68.7,69.6,68.1,69.4
2025/05/13,69.5,70.3,68.7,69.2
2025/05/14,69.9,70.2,68.2,69.8
2025/05/15,69.4,69.8,67.5,67.5
2025/05/16,68.2,70.3,67.7,68.0
2025/05/19,67.6,68.8,67.4,67.7
2025/05/20,67.7,68.2,66.6,66.9
2025/05/21,66.3,66.9,64.1,66.3
2025/05/22,65.8,68.4,65.6,67.6
2025/05/23,67.2,67.3,65.7,66.4
2025/05/26,66.1,66.3,64.7,65.4
2025/05/27,66.0,69.2,65.9,68.4
2025/05/28,69.4,70.2,67.2,69.1
2025/05/29,69.4,71.2,68.4,70.4
2025/06/02,71.4,71.4,64.1,65.2
2025/06/03,65.5,66.6,64.2,65.0
2025/06/04,65.8,66.9,65.0,66.7
2025/06/05,66.1,68.0,65.8,68.0
2025/06/06,68.0,68.8,67.4,68.8
2025/06/09,69.5,69.8,68.4,69.7
2025/06/10,70.4,70.4,69.2,70.0
2025/06/11,69.9,70.3,69.6,70.2
2025/06/12,70.1,70.4,69.9,70.3
2025/06/13,69.4,70.4,68.9,70.3
2025/06/16,69.7,70.6,69.3,70.6
2025/06/17,70.8,71.0,70.0,70.5
2025/06/18,69.9,70.8,69.8,70.1
2025/06/19,69.9,70.3,68.3,68.3
2025/06/20,68.3,69.0,67.6,68.2
2025/06/23,67.5,68.8,66.8,67.9
2025/06/24,69.1,70.1,68.3,69.2
2025/06/25,69.1,69.8,67.7,68.1
2025/06/26,68.7,69.7,68.4,68.5
2025/06/27,68.3,69.2,67.7,68.9
2025/06/30,68.4,70.7,68.4,70.2
2025/07/01,70.4,73.2,70.4,73.2
2025/07/02,73.2,73.7,72.4,73.6
2025/07/03,73.0,74.8,72.7,74.4
2025/07/04,74.2,74.4,69.7,70.9
2025/07/07,70.9,71.1,69.3,70.1
2025/07/08,70.3,71.2,68.5,69.4
2025/07/09,69.4,72.8,69.0,72.1
2025/07/10,72.0,73.2,71.5,73.0
2025/07/11,73.0,73.6,72.7,72.7
2025/07/14,72.5,73.3,72.2,72.6
2025/07/15,72.6,73.1,71.8,72.8
2025/07/16,73.1,73.8,72.5,73.4
2025/07/17,73.9,74.1,72.8,73.5
2025/07/18,74.0,74.0,71.9,73.0
2025/07/21,73.0,73.7,72.4,72.9
2025/07/22,72.9,72.9,70.8,71.7
2025/07/23,72.0,72.7,71.1,72.4
2025/07/24,68.7,71.0,67.1,67.8
2025/07/25,67.8,68.7,67.5,68.6
2025/07/28,68.9,70.5,68.6,68.8
2025/07/29,69.2,69.2,66.0,66.0
2025/07/30,66.4,67.7,66.2,67.0
2025/07/31,66.8,67.9,66.3,66.5
2025/08/01,66.0,67.8,65.8,67.4
2025/08/04,66.8,67.7,66.7,67.7
2025/08/05,67.5,68.9,67.5,68.6
2025/08/06,68.7,68.7,67.5,67.8
2025/08/07,68.5,68.6,67.7,67.9
2025/08/08,67.6,68.2,67.0,67.0
2025/08/11,66.7,67.3,66.3,66.7
2025/08/12,66.5,67.6,66.5,66.9
2025/08/13,67.5,68.2,66.5,66.6
2025/08/14,67.4,67.4,66.1,66.1
2025/08/15,66.2,66.8,66.0,66.4
2025/08/18,66.4,67.3,66.2,67.0
2025/08/19,66.8,68.1,66.6,67.5
2025/08/20,67.6,67.6,65.9,66.7
2025/08/21,67.0,67.1,66.3,67.0
2025/08/22,66.8,67.5,66.2,66.8
2025/08/25,67.0,67.5,66.9,67.4
2025/08/26,67.1,67.2,66.2,66.2
2025/08/27,66.2,66.9,66.2,66.5
2025/08/28,66.6,68.0,66.6,67.0
2025/08/29,67.6,67.9,67.0,67.0
2025/09/01,67.0,67.0,64.7,64.8
2025/09/02,65.1,65.7,64.7,65.1
2025/09/03,65.4,65.4,64.4,64.4
2025/09/04,64.8,66.0,64.7,65.6
2025/09/05,65.9,65.9,64.8,64.9
2025/09/08,64.9,66.1,64.9,65.7
2025/09/09,65.9,66.0,65.2,65.6
2025/09/10,65.6,66.5,65.2,66.2
2025/09/11,65.7,65.9,64.4,64.4
2025/09/12,64.8,65.2,64.6,65.1
2025/09/15,64.9,65.5,64.7,65.0
2025/09/16,65.3,65.6,65.1,65.5
2025/09/17,65.5,65.8,64.7,64.7
2025/09/18,65.4,66.0,65.3,65.5
2025/09/19,65.7,66.2,65.3,65.8
2025/09/22,65.9,66.1,65.5,65.7
2025/09/23,65.7,66.5,65.7,66.1
2025/09/24,66.4,66.8,66.0,66.5
2025/09/25,66.7,67.1,66.5,67.0
2025/09/26,67.1,67.1,65.3,65.9
2025/09/30,66.3,66.3,65.0,66.1
2025/10/01,66.1,66.3,64.8,65.2
2025/10/02,65.5,65.8,65.1,65.4
2025/10/03,65.6,65.7,64.8,65.3
2025/10/07,65.0,66.4,65.0,65.7
2025/10/08,65.8,65.8,64.6,64.6
2025/10/09,64.8,64.8,62.6,62.6
2025/10/13,61.0,61.7,59.7,61.5
2025/10/14,61.6,62.2,60.7,60.9
2025/10/15,60.9,64.4,60.9,64.4
2025/10/16,63.8,64.6,62.9,63.2
2025/10/17,63.3,63.8,61.5,61.9
2025/10/20,62.5,62.6,61.2,62.3
2025/10/21,62.8,62.8,61.6,61.7
2025/10/22,62.0,63.0,61.6,62.9
2025/10/23,62.7,63.1,62.5,62.5
2025/10/27,63.2,63.7,62.3,62.3
2025/10/28,62.6,62.7,61.3,61.5
2025/10/29,61.8,62.3,61.4,61.5
2025/10/30,61.5,62.0,61.1,61.4
2025/10/31,61.8,61.8,60.3,60.3
2025/11/03,61.2,61.2,60.0,60.0
2025/11/04,60.3,60.7,59.3,59.8
2025/11/05,59.8,60.9,58.8,60.5
2025/11/06,60.9,61.5,60.5,60.9
2025/11/07,61.0,61.3,60.3,61.0
2025/11/10,61.0,62.0,60.6,61.2
2025/11/11,60.7,61.3,60.2,61.0
2025/11/12,63.4,66.5,62.3,64.2
2025/11/13,64.2,65.5,62.6,65.3
2025/11/14,64.5,67.8,64.2,66.2
2025/11/17,66.3,66.9,62.7,63.1
2025/11/18,62.5,64.1,61.1,63.3
2025/11/19,64.0,64.6,62.9,64.1
2025/11/20,64.8,65.2,63.0,65.0
2025/11/21,64.4,65.2,61.9,63.8
2025/11/24,63.8,63.9,62.4,63.4
2025/11/25,62.8,65.0,62.3,65.0
2025/11/26,65.5,67.5,65.2,67.4
2025/11/27,67.4,68.5,66.6,68.1
2025/11/28,68.7,68.7,67.6,68.3
2025/12/01,67.9,67.9,65.8,66.2
2025/12/02,66.2,66.9,64.6,65.4
2025/12/03,65.8,66.5,65.1,65.9
2025/12/04,66.0,66.5,65.1,65.7
2025/12/05,65.6,65.9,65.0,65.8
2025/12/08,65.8,66.5,65.3,66.0
2025/12/09,66.0,66.7,65.3,65.6
2025/12/10,65.6,65.8,64.0,64.0
2025/12/11,64.2,64.3,63.0,63.2
2025/12/12,63.7,64.0,63.2,63.6
2025/12/15,62.8,64.3,62.4,63.1
2025/12/16,62.6,62.8,60.6,60.8
2025/12/17,61.3,61.9,59.7,59.8
2025/12/18,59.9,60.7,59.4,59.7
2025/12/19,60.0,60.5,59.2,59.2
2025/12/22,60.0,60.3,59.0,59.0
2025/12/23,59.3,59.6,58.2,58.2
2025/12/24,58.5,58.9,57.9,57.9
2025/12/26,58.0,58.4,57.2,57.2
2025/12/29,57.5,58.1,57.1,57.4
2025/12/30,57.4,57.8,56.6,57.8
2025/12/31,57.9,59.0,57.6,58.2
2026/01/02,58.6,59.4,58.0,59.2
2026/01/05,59.3,59.8,58.8,59.5
2026/01/06,59.4,61.3,59.3,60.8
2026/01/07,61.2,61.9,60.6,61.3
2026/01/08,61.3,63.7,61.0,63.5
2026/01/09,63.4,64.3,62.6,64.2
2026/01/12,64.2,64.5,62.9,63.6
2026/01/13,64.3,65.0,63.8,64.2
2026/01/14,64.3,65.9,64.1,65.6
2026/01/15,65.4,65.4,64.2,65.2
2026/01/16,65.4,65.4,64.2,64.5
2026/01/19,64.2,64.8,63.7,64.1
2026/01/20,64.0,64.6,63.3,63.7
2026/01/21,63.2,63.7,62.7,63.2
2026/01/22,63.9,64.5,63.4,64.1
2026/01/23,64.2,64.4,63.0,63.5
2026/01/26,63.6,63.7,62.8,63.3
2026/01/27,63.5,65.5,63.4,64.1
2026/01/28,64.8,65.2,64.5,65.0
2026/01/29,65.5,65.8,64.5,65.3
2026/01/30,65.4,65.4,63.8,64.3
2026/02/02,63.8,64.6,63.2,64.6
2026/02/03,64.7,64.9,63.5,64.0
2026/02/04,63.9,64.5,63.0,64.2
2026/02/05,64.2,64.2,62.9,63.1
2026/02/06,62.8,63.2,62.0,63.0
2026/02/09,63.8,64.0,63.2,63.4
2026/02/10,64.0,64.6,63.8,64.5
2026/02/11,64.9,65.2,64.3,64.5
2026/02/23,65.5,66.2,64.7,65.2
2026/02/24,65.2,66.9,65.0,66.6
2026/02/25,67.0,68.7,66.5,68.5
2026/02/26,69.0,70.6,67.8,70.0
2026/03/02,69.0,69.0,67.2,67.6
2026/03/03,67.5,67.9,66.5,67.5
2026/03/04,66.5,68.0,64.8,67.5
2026/03/05,68.5,70.9,68.0,70.7
2026/03/06,70.1,72.0,70.0,72.0
2026/03/09,68.5,69.9,67.4,69.9
2026/03/10,72.0,73.8,70.7,72.1
2026/03/11,74.2,74.2,70.9,72.8
2026/03/12,72.6,73.8,72.2,73.5
2026/03/13,73.0,74.5,72.2,74.5
2026/03/16,77.4,81.9,77.4,81.9
2026/03/17,82.8,90.0,82.3,90.0
2026/03/18,91.8,96.8,91.8,93.1
2026/03/19,92.6,96.6,91.1,93.0
2026/03/20,94.9,94.9,89.3,91.4
2026/03/23,89.4,93.4,88.6,90.7
2026/03/24,93.0,94.5,89.8,90.7
2026/03/25,95.0,97.8,94.2,95.8
2026/03/26,97.6,98.4,94.3,95.1
2026/03/27,94.1,94.1,90.6,92.1
2026/03/30,90.7,92.3,89.7,90.4
2026/03/31,89.6,90.4,86.5,88.0
2026/04/01,92.6,92.9,88.4,89.9
2026/04/02,90.8,90.9,87.4,88.0
2026/04/07,90.0,90.8,88.4,89.1
2026/04/08,92.0,92.0,89.5,91.9
2026/04/09,92.4,93.6,90.6,91.3
2026/04/10,93.2,95.0,90.8,91.5
2026/04/13,93.9,97.7,91.8,96.6
2026/04/14,97.6,101.0,96.0,96.5
2026/04/15,99.8,100.5,96.7,97.5
2026/04/16,98.5,98.5,96.2,97.3
2026/04/20,100.0,103.0,100.0,100.5
2026/04/21,102.0,103.0,100.5,102.5
2026/04/22,102.5,103.5,100.5,101.5
2026/04/23,102.0,102.5,93.0,96.2
2026/04/24,96.9,99.1,95.7,97.0
2026/04/27,97.7,99.0,95.3,95.5
2026/04/28,97.0,100.5,95.0,99.5
2026/04/29,99.7,102.0,98.2,102.0
2026/04/30,101.5,102.5,100.0,101.0
2026/05/04,103.0,105.0,101.5,104.5
2026/05/05,104.5,104.5,102.0,102.5
2026/05/06,103.5,104.5,102.0,104.0
2026/05/07,104.0,104.0,101.5,103.5
2026/05/08,105.5,113.5,105.5,113.5
2026/05/11,115.0,117.5,111.5,114.0
2026/05/12,114.0,116.0,111.5,114.0
2026/05/13,121.0,121.0,110.0,110.5
2026/05/14,110.5,115.5,109.0,111.0
2026/05/15,114.0,114.0,109.0,110.0
2026/05/18,109.5,116.5,108.5,110.5
2026/05/19,109.5,112.5,108.0,108.5
2026/05/20,114.0,119.0,113.0,119.0
2026/05/21,117.0,127.5,114.0,123.5
2026/05/22,125.0,126.0,117.5,118.0
2026/05/25,118.5,124.5,117.0,123.5
2026/05/26,123.5,126.5,121.0,121.5
2026/05/27,123.0,124.0,120.0,121.0
2026/05/28,120.5,125.0,120.5,120.5
2026/05/29,123.0,123.0,116.5,117.5
2026/06/01,117.5,120.0,116.5,118.5
