Date,Open,High,Low,Close
2011/12/26,45.3,47.1,43.5,45.4
2011/12/27,45.2,47.5,44.2,47.2
2011/12/28,46.6,47.1,45.5,47.1
2011/12/29,46.3,46.8,46.0,46.8
2011/12/30,47.0,47.3,46.3,47.3
2012/01/02,47.2,47.2,44.9,45.8
2012/01/03,46.7,47.1,46.1,46.2
2012/01/04,46.3,48.1,46.2,47.3
2012/01/05,48.1,50.6,47.9,50.6
2012/01/06,52.2,54.1,51.3,54.1
2012/01/09,54.3,57.0,53.6,56.2
2012/01/10,56.8,60.1,56.8,60.1
2012/01/11,62.1,62.1,58.5,60.1
2012/01/12,60.1,60.3,58.8,60.0
2012/01/13,60.1,60.1,56.7,58.0
2012/01/16,59.0,59.9,57.0,57.3
2012/01/17,57.6,61.3,57.6,61.3
2012/01/18,61.7,65.5,60.4,63.9
2012/01/30,66.2,66.4,63.9,65.7
2012/01/31,65.5,67.1,63.9,66.4
2012/02/01,66.4,66.4,64.4,64.6
2012/02/02,64.9,68.0,64.9,68.0
2012/02/03,68.8,70.7,67.1,68.7
2012/02/06,76.3,78.5,75.3,78.5
2012/02/07,78.5,82.4,77.1,81.8
2012/02/08,82.2,84.7,78.9,83.4
2012/02/09,83.4,85.1,82.1,83.4
2012/02/10,84.9,88.9,83.4,88.9
2012/02/13,88.9,94.3,88.0,94.3
2012/02/14,94.3,94.3,87.8,89.8
2012/02/15,87.1,90.7,84.8,89.8
2012/02/16,87.1,89.1,83.5,83.5
2012/02/17,84.4,86.2,78.5,80.9
2012/02/20,81.5,84.6,78.6,84.2
2012/02/21,84.4,84.4,80.7,81.5
2012/02/22,81.5,84.8,80.4,83.9
2012/02/23,83.9,84.4,82.5,83.4
2012/02/24,83.4,83.4,79.6,82.0
2012/02/29,83.4,83.4,81.2,81.8
2012/03/01,80.8,83.9,80.8,82.8
2012/03/02,82.8,88.5,82.5,88.0
2012/03/05,87.8,88.0,84.8,85.1
2012/03/06,81.6,84.2,79.2,81.0
2012/03/07,78.9,85.2,78.9,82.5
2012/03/08,83.1,84.4,82.5,83.4
2012/03/09,83.4,84.5,82.6,83.1
2012/03/12,83.4,83.5,79.5,81.2
2012/03/13,81.2,82.0,79.4,79.5
2012/03/14,82.4,82.4,80.3,81.2
2012/03/15,81.2,81.2,79.8,80.1
2012/03/16,79.8,82.5,79.6,82.5
2012/03/19,82.4,82.4,79.4,79.8
2012/03/20,80.5,80.5,77.8,78.0
2012/03/21,78.0,79.4,75.7,76.6
2012/03/22,77.1,80.1,77.1,78.7
2012/03/23,80.0,82.7,78.7,82.4
2012/03/26,82.7,84.6,82.7,84.1
2012/03/27,84.8,87.5,83.8,83.9
2012/03/28,84.4,87.7,84.4,87.5
2012/03/29,87.1,89.1,84.4,88.7
2012/03/30,88.0,90.2,84.4,88.9
2012/04/02,88.9,89.5,85.9,87.1
2012/04/03,87.5,88.0,83.7,84.4
2012/04/05,80.4,87.5,79.8,87.1
2012/04/06,87.1,87.5,85.7,87.1
2012/04/09,84.4,87.2,84.4,87.0
2012/04/10,87.1,87.6,84.4,85.5
2012/04/11,84.5,87.1,84.5,86.2
2012/04/12,85.6,92.1,85.0,92.1
2012/04/13,93.4,98.4,93.4,98.4
2012/04/16,98.0,98.0,92.5,98.0
2012/04/17,97.1,97.1,91.2,95.2
2012/04/18,95.2,101.6,93.4,101.1
2012/04/19,101.1,101.1,97.1,98.9
2012/04/20,97.5,97.5,94.3,95.2
2012/04/23,94.3,95.7,92.5,94.8
2012/04/24,96.1,96.1,92.5,94.8
2012/04/25,96.1,99.8,94.8,99.3
2012/04/26,99.3,99.3,96.1,98.0
2012/04/27,98.0,98.0,91.2,91.2
2012/04/30,85.1,88.9,84.8,88.4
2012/05/02,88.4,93.0,88.4,93.0
2012/05/03,90.7,91.6,88.9,90.7
2012/05/04,88.9,90.5,88.0,88.6
2012/05/07,86.2,86.2,83.4,84.4
2012/05/08,84.4,86.2,84.2,85.3
2012/05/09,81.8,85.7,81.8,85.7
2012/05/10,85.7,87.0,85.0,87.0
2012/05/11,87.0,87.0,83.3,83.9
2012/05/14,83.3,84.6,79.8,84.6
2012/05/15,84.4,90.4,83.5,89.1
2012/05/16,89.5,93.0,88.4,88.4
2012/05/17,88.4,88.8,86.7,88.6
2012/05/18,87.5,88.0,83.9,84.4
2012/05/21,84.4,84.5,78.5,78.5
2012/05/22,78.7,83.4,78.7,81.6
2012/05/23,81.5,81.5,79.5,79.8
2012/05/24,80.0,83.0,80.0,81.6
2012/05/25,81.9,82.3,80.1,82.3
2012/05/28,82.3,82.3,80.5,81.4
2012/05/29,81.5,86.0,81.5,85.7
2012/05/30,84.4,88.9,84.3,87.3
2012/05/31,86.3,88.9,84.6,84.6
2012/06/01,84.6,85.8,82.4,83.4
2012/06/04,78.0,79.8,77.6,77.6
2012/06/05,77.6,80.7,77.6,79.4
2012/06/06,79.4,80.8,78.3,79.9
2012/06/07,80.7,81.9,80.3,80.3
2012/06/08,80.5,81.8,79.7,80.3
2012/06/11,80.5,81.9,79.9,80.4
2012/06/12,78.6,79.6,78.5,79.5
2012/06/13,79.5,79.5,75.7,79.5
2012/06/14,78.5,79.5,78.0,79.5
2012/06/15,79.5,82.0,79.0,81.8
2012/06/18,82.4,85.6,82.4,85.0
2012/06/19,84.6,84.8,83.7,84.8
2012/06/20,84.8,88.3,84.7,88.0
2012/06/21,88.0,88.3,87.0,87.6
2012/06/22,86.0,87.6,85.9,87.6
2012/06/25,87.5,88.9,86.7,88.0
2012/06/26,88.0,88.0,85.7,87.1
2012/06/27,86.2,87.3,85.4,86.7
2012/06/28,86.7,87.3,84.8,84.8
2012/06/29,84.5,84.9,83.3,84.9
2012/07/02,85.5,88.0,85.5,85.7
2012/07/03,86.0,86.1,84.6,84.9
2012/07/04,84.9,86.5,84.5,84.6
2012/07/05,84.6,85.5,84.5,84.8
2012/07/06,84.8,85.4,83.6,83.9
2012/07/09,83.6,83.9,82.3,82.8
2012/07/10,82.5,82.6,77.4,78.5
2012/07/11,78.5,80.2,77.9,79.5
2012/07/12,79.5,79.8,78.1,78.1
2012/07/13,78.2,79.6,77.6,79.6
2012/07/16,79.8,80.1,78.1,78.9
2012/07/17,77.1,77.6,73.5,75.0
2012/07/18,74.4,75.3,71.3,72.0
2012/07/19,72.7,77.0,72.7,77.0
2012/07/20,77.0,80.5,76.8,78.9
2012/07/23,78.8,79.6,76.8,77.6
2012/07/24,77.6,78.2,77.1,77.7
2012/07/25,76.9,79.5,75.3,78.6
2012/07/26,78.8,79.2,77.8,78.0
2012/07/27,78.5,83.4,78.5,82.5
2012/07/30,82.6,82.8,80.9,81.6
2012/07/31,81.6,82.4,80.7,82.0
2012/08/01,82.0,82.3,81.0,81.2
2012/08/03,80.5,81.9,80.5,81.8
2012/08/06,82.4,82.9,81.2,81.6
2012/08/07,81.6,81.8,81.3,81.8
2012/08/08,81.8,82.0,80.7,81.6
2012/08/09,81.7,87.3,81.7,87.3
2012/08/10,87.1,92.5,86.7,92.1
2012/08/13,91.9,92.0,88.6,89.9
2012/08/14,90.0,94.8,90.0,93.7
2012/08/15,93.8,98.1,93.8,94.3
2012/08/16,94.4,95.1,93.5,93.5
2012/08/17,93.6,95.7,91.4,91.4
2012/08/20,91.7,94.3,91.7,93.1
2012/08/21,93.4,93.7,90.8,91.8
2012/08/22,91.8,92.4,91.0,91.3
2012/08/23,91.3,93.1,91.3,91.9
2012/08/24,91.3,91.9,90.5,91.4
2012/08/27,92.2,93.7,91.6,91.8
2012/08/28,91.3,91.9,88.5,88.6
2012/08/29,88.8,90.5,88.8,90.1
2012/08/30,90.1,90.9,89.5,90.9
2012/08/31,91.0,92.0,90.5,90.5
2012/09/03,90.5,95.7,90.5,94.3
2012/09/04,94.5,95.0,92.9,92.9
2012/09/05,93.0,96.2,93.0,94.5
2012/09/06,94.8,96.7,93.6,93.7
2012/09/07,94.7,96.2,92.7,92.9
2012/09/10,92.9,93.4,91.1,91.4
2012/09/11,91.7,93.3,91.6,91.7
2012/09/12,92.2,94.3,92.2,94.3
2012/09/13,94.4,94.4,91.4,91.6
2012/09/14,92.3,93.5,92.1,92.1
2012/09/17,92.1,93.8,92.1,93.3
2012/09/18,93.3,93.4,92.2,92.2
2012/09/19,92.2,93.9,92.2,92.6
2012/09/20,92.6,92.9,90.6,90.9
2012/09/21,91.0,92.6,91.0,92.4
2012/09/24,92.6,93.6,92.2,92.9
2012/09/25,92.9,92.9,90.0,90.1
2012/09/26,90.0,90.0,85.5,85.8
2012/09/27,85.7,87.7,85.6,86.3
2012/09/28,86.7,87.8,86.3,87.7
2012/10/01,87.7,87.7,85.5,86.4
2012/10/02,86.6,88.2,86.4,87.5
2012/10/03,87.6,88.2,87.4,87.8
2012/10/04,88.3,89.2,87.1,87.5
2012/10/05,87.8,88.4,87.6,88.0
2012/10/08,88.0,88.0,83.1,83.8
2012/10/09,83.9,84.4,82.2,84.2
2012/10/11,84.0,85.6,83.8,84.7
2012/10/12,84.7,85.0,83.0,83.7
2012/10/15,83.9,84.9,82.7,83.5
2012/10/16,83.8,84.1,82.8,83.0
2012/10/17,83.3,84.0,83.2,83.3
2012/10/18,83.4,83.7,79.0,79.1
2012/10/19,79.5,81.0,77.1,80.9
2012/10/22,80.6,81.9,79.6,81.4
2012/10/23,81.8,82.3,81.0,81.1
2012/10/24,81.1,81.9,80.6,80.9
2012/10/25,81.1,83.1,80.7,81.0
2012/10/26,81.1,81.4,78.7,79.2
2012/10/29,79.7,79.7,73.7,73.8
2012/10/30,73.8,77.1,73.8,74.8
2012/10/31,75.7,76.3,70.9,73.5
2012/11/01,73.1,76.5,69.6,76.3
2012/11/02,76.7,76.8,75.2,75.2
2012/11/05,74.3,76.5,73.6,74.7
2012/11/06,75.4,76.7,73.6,76.4
2012/11/07,76.7,79.4,76.0,78.9
2012/11/08,78.1,78.2,76.8,77.4
2012/11/09,77.1,77.6,76.0,76.8
2012/11/12,77.7,79.5,77.5,77.5
2012/11/13,78.0,78.3,74.4,74.5
2012/11/14,74.8,77.0,74.8,76.2
2012/11/15,75.5,76.1,74.9,75.4
2012/11/16,74.9,76.0,73.0,73.3
2012/11/19,73.3,73.3,68.4,68.6
2012/11/20,69.5,70.2,68.4,69.5
2012/11/21,69.8,70.1,67.9,68.0
2012/11/22,70.0,70.6,69.0,69.4
2012/11/23,71.0,74.3,70.6,74.3
2012/11/26,76.7,77.4,75.7,76.2
2012/11/27,76.8,78.1,75.9,76.6
2012/11/28,76.5,77.1,75.8,76.6
2012/11/29,77.5,77.6,74.6,75.6
2012/11/30,76.2,76.6,74.8,75.7
2012/12/03,76.6,77.7,76.3,76.8
2012/12/04,76.5,79.5,76.3,79.0
2012/12/05,79.5,80.3,79.0,79.0
2012/12/06,79.4,80.7,78.9,79.6
2012/12/07,80.0,80.3,79.2,80.0
2012/12/10,80.4,81.2,78.7,78.8
2012/12/11,78.9,79.0,74.8,76.7
2012/12/12,76.9,77.2,75.9,76.1
2012/12/13,76.2,76.3,74.6,75.0
2012/12/14,74.1,74.1,70.9,71.0
2012/12/17,70.5,70.5,66.0,67.4
2012/12/18,68.0,68.6,67.6,67.7
2012/12/19,68.6,71.4,68.6,71.4
2012/12/20,71.2,72.5,69.4,70.3
2012/12/21,70.4,70.6,67.5,68.2
2012/12/24,69.0,70.0,67.8,67.8
2012/12/25,68.1,68.9,67.8,68.5
2012/12/26,68.5,68.7,67.2,67.5
2012/12/27,66.9,69.1,66.9,67.8
2012/12/28,68.1,69.0,67.9,68.1
2013/01/02,68.7,69.7,68.0,68.2
2013/01/03,68.7,70.9,68.7,70.9
2013/01/04,71.5,72.8,71.0,71.1
2013/01/07,71.0,71.0,68.4,68.4
2013/01/08,68.2,68.4,66.5,66.7
2013/01/09,66.7,67.6,66.1,66.2
2013/01/10,66.5,67.0,63.8,63.8
2013/01/11,63.9,66.0,63.9,65.7
2013/01/14,65.2,65.3,64.0,64.4
2013/01/15,64.0,64.3,62.0,62.5
2013/01/16,62.5,64.1,61.8,63.3
2013/01/17,63.9,65.2,62.4,62.6
2013/01/18,63.8,64.2,63.1,63.7
2013/01/21,64.8,65.2,64.0,64.3
2013/01/22,65.1,67.0,65.1,66.8
2013/01/23,67.0,67.1,66.2,66.2
2013/01/24,65.0,65.8,63.6,65.2
2013/01/25,64.3,66.1,64.3,66.1
2013/01/28,66.4,66.6,65.2,65.7
2013/01/29,66.2,68.6,66.2,68.6
2013/01/30,68.9,69.0,68.0,68.7
2013/01/31,69.4,69.4,68.4,69.0
2013/02/01,69.0,69.0,67.4,68.1
2013/02/04,68.1,68.6,67.0,67.6
2013/02/05,67.3,67.5,66.5,67.1
2013/02/06,67.4,67.9,66.5,66.5
2013/02/18,67.0,67.0,64.8,66.0
2013/02/19,66.2,68.1,65.5,67.1
2013/02/20,67.6,68.5,67.5,67.7
2013/02/21,67.7,67.7,66.5,66.6
2013/02/22,66.6,66.7,65.0,65.3
2013/02/25,64.6,65.1,64.0,64.8
2013/02/26,63.8,64.6,63.4,63.4
2013/02/27,63.7,64.6,63.6,64.1
2013/03/01,64.3,64.7,63.6,63.6
2013/03/04,63.6,63.6,61.2,62.3
2013/03/05,62.3,63.0,61.5,62.1
2013/03/06,63.0,63.8,62.5,62.9
2013/03/07,62.9,63.0,61.6,61.9
2013/03/08,62.1,63.3,62.1,62.1
2013/03/11,61.9,62.5,61.4,61.6
2013/03/12,61.7,64.0,61.7,62.9
2013/03/13,63.3,64.3,63.1,63.8
2013/03/14,64.1,64.6,63.2,63.3
2013/03/15,63.7,64.1,63.0,63.6
2013/03/18,63.8,64.7,63.2,63.2
2013/03/19,64.0,64.9,63.7,64.1
2013/03/20,63.9,64.1,62.5,62.8
2013/03/21,62.9,63.2,62.2,62.2
2013/03/22,62.4,64.0,62.4,63.0
2013/03/25,63.5,64.1,63.2,63.4
2013/03/26,63.9,67.8,63.9,67.8
2013/03/27,68.4,68.8,67.0,67.0
2013/03/28,67.2,68.0,67.0,67.6
2013/03/29,68.1,69.1,67.7,68.0
2013/04/01,68.4,69.0,67.1,68.8
2013/04/02,68.8,70.0,68.3,69.1
2013/04/03,69.4,69.4,68.5,68.7
2013/04/08,66.8,68.6,66.0,67.9
2013/04/09,67.9,69.0,67.1,69.0
2013/04/10,69.0,70.5,68.1,68.1
2013/04/11,69.0,69.1,68.0,68.7
2013/04/12,68.2,68.4,66.3,67.0
2013/04/15,66.5,67.2,65.4,65.6
2013/04/16,64.6,67.3,64.3,67.3
2013/04/17,67.5,67.9,66.5,66.6
2013/04/18,65.7,66.7,65.2,65.9
2013/04/19,66.3,67.0,65.7,66.7
2013/04/22,66.8,67.0,65.7,65.8
2013/04/23,66.7,67.0,66.2,66.6
2013/04/24,67.6,68.3,67.4,67.4
2013/04/25,67.1,67.3,66.3,66.5
2013/04/26,66.8,67.4,66.7,67.1
2013/04/29,67.7,68.3,67.2,67.2
2013/04/30,68.3,70.2,68.2,68.7
2013/05/02,69.5,70.0,68.9,69.8
2013/05/03,70.2,71.8,69.2,69.2
2013/05/06,70.5,71.1,69.5,70.8
2013/05/07,71.3,71.6,70.5,71.1
2013/05/08,71.6,72.7,71.3,71.5
2013/05/09,72.6,72.6,70.3,70.3
2013/05/10,71.2,71.2,69.9,70.1
2013/05/13,70.3,70.7,70.0,70.2
2013/05/14,70.9,71.0,69.4,69.4
2013/05/15,69.0,70.3,69.0,70.0
2013/05/16,70.5,71.7,70.0,71.2
2013/05/17,71.7,72.6,71.0,72.6
2013/05/20,72.6,74.3,72.2,72.4
2013/05/21,72.4,72.9,71.4,71.5
2013/05/22,72.3,73.2,71.6,71.7
2013/05/23,71.9,72.4,70.6,70.8
2013/05/24,71.4,71.5,70.5,71.0
2013/05/27,71.3,71.7,71.0,71.6
2013/05/28,71.9,73.0,71.9,72.4
2013/05/29,73.5,73.5,72.6,72.9
2013/05/30,72.9,73.2,71.9,72.5
2013/05/31,73.3,73.8,72.2,73.8
2013/06/03,72.9,73.3,72.6,73.2
2013/06/04,73.2,73.2,72.0,72.1
2013/06/05,71.8,72.6,71.6,71.6
2013/06/06,71.4,71.6,68.3,68.6
2013/06/07,68.8,69.2,67.7,68.7
2013/06/10,70.2,71.9,70.0,71.1
2013/06/11,71.8,71.8,70.6,70.7
2013/06/13,71.9,71.9,69.2,69.4
2013/06/14,69.9,70.0,67.4,69.0
2013/06/17,68.6,69.3,67.8,68.4
2013/06/18,68.6,69.7,68.6,69.0
2013/06/19,69.9,71.0,69.4,69.4
2013/06/20,68.7,69.0,67.0,67.0
2013/06/21,64.6,66.7,64.6,66.6
2013/06/24,67.0,67.3,65.7,65.7
2013/06/25,65.8,66.2,63.1,63.4
2013/06/26,64.0,65.7,64.0,65.7
2013/06/27,66.5,66.5,64.2,65.0
2013/06/28,65.8,65.8,64.9,65.1
2013/07/01,65.6,66.2,65.1,66.1
2013/07/02,66.6,67.1,65.6,65.6
2013/07/03,66.2,66.5,64.8,64.8
2013/07/04,64.9,65.1,61.2,61.5
2013/07/05,62.5,63.8,61.9,63.8
2013/07/08,63.2,65.7,63.2,63.6
2013/07/09,63.9,64.5,63.5,63.8
2013/07/10,63.9,65.1,63.9,64.8
2013/07/11,65.7,68.0,65.6,67.0
2013/07/12,67.4,67.8,66.7,67.8
2013/07/15,67.8,68.4,67.3,68.4
2013/07/16,68.4,68.7,67.5,68.1
2013/07/17,67.6,68.2,66.1,66.1
2013/07/18,66.5,66.5,64.7,65.1
2013/07/19,65.3,65.7,63.5,64.3
2013/07/22,65.0,65.2,63.8,64.3
2013/07/23,65.0,67.6,64.6,67.3
2013/07/24,68.2,69.4,67.7,69.2
2013/07/25,68.0,69.2,67.6,67.7
2013/07/26,68.5,68.6,67.8,67.8
2013/07/29,68.1,69.0,68.0,68.1
2013/07/30,68.6,69.0,68.1,68.5
2013/07/31,69.0,69.0,67.5,67.6
2013/08/01,68.0,68.0,65.9,67.6
2013/08/02,68.7,68.7,67.3,67.3
2013/08/05,68.0,70.0,67.6,70.0
2013/08/06,70.0,70.2,68.7,69.3
2013/08/07,69.3,70.4,68.7,68.8
2013/08/08,69.2,70.4,68.9,69.5
2013/08/09,70.4,71.1,69.6,69.6
2013/08/12,70.2,73.0,70.1,71.8
2013/08/13,73.5,75.4,72.7,75.0
2013/08/14,77.0,77.0,75.5,75.5
2013/08/15,75.0,75.9,74.6,74.6
2013/08/16,75.3,76.1,74.8,75.5
2013/08/19,76.0,76.0,74.1,74.1
2013/08/20,75.0,76.1,74.0,74.1
2013/08/22,74.1,79.2,74.1,78.6
2013/08/23,79.4,79.8,78.3,78.3
2013/08/26,78.6,79.5,78.6,79.0
2013/08/27,79.0,81.2,77.2,77.3
2013/08/28,77.5,78.4,77.3,78.0
2013/08/29,79.0,79.3,78.3,78.3
2013/08/30,79.0,79.7,78.5,79.4
2013/09/02,80.0,80.4,78.4,78.6
2013/09/03,79.3,79.4,78.2,78.9
2013/09/04,79.0,79.0,74.3,76.1
2013/09/05,76.1,76.6,75.5,76.2
2013/09/06,76.5,76.6,75.4,75.8
2013/09/09,76.0,76.5,74.3,74.9
2013/09/10,76.3,76.3,75.1,75.2
2013/09/11,74.5,74.8,70.3,72.2
2013/09/12,70.4,71.0,68.9,70.8
2013/09/13,71.3,71.5,70.7,71.1
2013/09/16,72.9,74.2,72.6,73.0
2013/09/17,72.0,72.3,71.3,72.0
2013/09/18,71.3,72.1,71.3,71.6
2013/09/23,72.2,72.2,70.8,71.5
2013/09/24,73.0,73.7,72.2,72.2
2013/09/25,72.9,72.9,71.7,71.9
2013/09/26,72.8,72.8,71.3,71.3
2013/09/27,71.9,71.9,69.8,71.0
2013/09/30,70.0,70.7,70.0,70.3
2013/10/01,70.5,71.0,70.2,70.2
2013/10/02,71.5,71.5,70.7,71.4
2013/10/03,72.8,74.0,72.6,72.6
2013/10/04,72.8,72.9,71.8,71.9
2013/10/07,71.8,72.7,70.2,70.4
2013/10/08,71.4,72.0,70.9,71.3
2013/10/09,71.5,71.7,70.5,71.3
2013/10/11,73.0,73.0,70.8,70.8
2013/10/14,70.8,70.8,65.9,66.7
2013/10/15,67.5,67.9,65.6,67.4
2013/10/16,65.9,69.0,65.9,68.1
2013/10/17,68.1,68.6,67.4,68.0
2013/10/18,68.5,69.3,68.2,69.2
2013/10/21,69.2,70.5,68.7,69.9
2013/10/22,70.4,72.2,70.2,70.8
2013/10/23,71.5,71.7,69.7,69.8
2013/10/24,69.8,70.7,69.8,70.1
2013/10/25,71.0,71.4,70.3,70.3
2013/10/28,71.1,71.5,70.2,70.4
2013/10/29,70.8,70.8,69.8,69.9
2013/10/30,70.1,70.6,69.7,70.0
2013/10/31,70.1,70.4,68.8,69.0
2013/11/01,69.2,69.4,66.8,67.2
2013/11/04,67.2,68.1,67.0,68.0
2013/11/05,68.3,68.6,67.6,68.2
2013/11/06,68.5,68.7,67.4,68.0
2013/11/07,68.0,68.8,67.8,68.8
2013/11/08,69.2,70.7,69.0,69.0
2013/11/11,69.9,70.3,69.1,69.3
2013/11/12,70.0,70.0,67.6,68.7
2013/11/13,68.3,68.5,67.6,67.7
2013/11/14,68.7,69.9,68.2,68.6
2013/11/15,69.1,69.4,68.4,68.4
2013/11/18,68.7,69.1,67.5,67.5
2013/11/19,67.7,68.7,67.5,68.2
2013/11/20,68.2,68.3,67.6,67.6
2013/11/21,67.0,67.3,65.8,66.6
2013/11/22,67.3,68.4,67.2,68.2
2013/11/25,68.8,69.0,68.0,68.3
2013/11/26,68.3,68.5,67.8,68.3
2013/11/27,68.8,69.4,68.3,68.7
2013/11/28,69.8,70.8,69.3,70.0
2013/11/29,70.5,71.8,70.4,71.3
2013/12/02,72.3,72.8,71.3,71.5
2013/12/03,71.4,71.8,70.8,71.7
2013/12/04,71.1,72.5,71.1,71.7
2013/12/05,72.5,72.6,71.1,71.1
2013/12/06,71.1,72.4,71.1,72.0
2013/12/09,72.6,72.7,70.6,71.2
2013/12/10,72.0,72.4,71.0,71.1
2013/12/11,72.0,72.1,70.6,70.7
2013/12/12,70.7,71.4,70.1,70.9
2013/12/13,71.3,71.6,70.9,71.2
2013/12/16,71.0,71.6,70.1,70.2
2013/12/17,71.0,71.0,70.3,70.3
2013/12/18,71.0,72.8,70.9,72.5
2013/12/19,73.1,73.8,72.5,72.5
2013/12/20,72.8,73.5,72.6,73.1
2013/12/23,74.0,74.4,72.3,73.8
2013/12/24,74.4,74.4,73.2,73.3
2013/12/25,73.4,73.7,72.6,72.9
2013/12/26,72.8,73.5,72.5,72.7
2013/12/27,73.4,73.7,72.7,72.8
2013/12/30,73.0,73.4,71.8,72.0
2013/12/31,72.5,72.6,70.9,71.8
2014/01/02,72.2,73.7,71.9,73.4
2014/01/03,73.7,73.7,72.8,72.8
2014/01/06,73.0,73.3,72.1,72.2
2014/01/07,72.5,74.2,72.5,73.8
2014/01/08,74.5,76.5,74.2,75.9
2014/01/09,77.0,78.5,76.4,76.9
2014/01/10,78.0,78.5,77.2,77.6
2014/01/13,78.5,78.6,76.9,77.3
2014/01/14,77.5,78.0,77.0,77.7
2014/01/15,78.3,78.5,77.6,77.7
2014/01/16,78.2,78.3,76.5,76.6
2014/01/17,76.6,77.8,76.4,77.0
2014/01/20,77.5,80.0,77.2,78.8
2014/01/21,79.2,79.6,78.0,78.0
2014/01/22,78.2,78.8,77.6,77.8
2014/01/23,78.5,78.6,76.0,76.1
2014/01/24,76.1,77.0,76.0,76.9
2014/01/27,75.7,76.6,75.1,75.7
2014/02/05,71.9,73.9,71.8,73.4
2014/02/06,73.5,74.5,73.0,73.4
2014/02/07,73.9,74.2,73.2,73.8
2014/02/10,74.3,74.9,73.9,73.9
2014/02/11,73.8,74.1,72.8,73.5
2014/02/12,73.7,74.5,73.5,73.6
2014/02/13,73.8,74.6,73.8,74.2
2014/02/14,75.0,75.1,73.9,74.2
2014/02/17,74.8,74.8,73.6,73.6
2014/02/18,74.0,74.0,72.9,73.1
2014/02/19,73.4,74.5,73.0,74.5
2014/02/20,74.5,74.6,74.0,74.3
2014/02/21,75.0,75.8,74.8,75.3
2014/02/24,75.1,75.1,73.6,73.6
2014/02/25,74.4,74.4,73.5,73.6
2014/02/26,73.6,74.6,73.6,73.6
2014/02/27,73.9,74.4,73.6,74.4
2014/03/03,74.0,74.0,72.8,72.8
2014/03/04,72.3,72.8,71.4,71.7
2014/03/05,72.7,72.7,71.9,72.2
2014/03/06,72.2,72.9,72.0,72.0
2014/03/07,72.1,73.7,72.0,73.2
2014/03/10,73.5,73.5,72.2,73.1
2014/03/11,73.5,73.5,72.3,72.6
2014/03/12,72.4,72.9,71.9,72.0
2014/03/13,72.2,72.8,72.0,72.2
2014/03/14,72.0,72.2,71.8,72.0
2014/03/17,72.1,73.2,72.0,73.0
2014/03/18,73.9,73.9,72.7,72.9
2014/03/19,73.3,73.3,72.6,73.0
2014/03/20,73.0,73.8,72.6,73.7
2014/03/21,74.0,74.5,73.0,73.9
2014/03/24,73.1,73.9,72.2,73.8
2014/03/25,73.6,76.8,73.6,76.8
2014/03/26,78.2,78.7,77.2,77.6
2014/03/27,77.6,78.2,76.6,77.7
2014/03/28,78.0,78.3,76.7,76.8
2014/03/31,77.7,78.1,77.0,78.1
2014/04/01,78.4,78.4,77.3,77.6
2014/04/02,78.5,80.3,78.0,79.9
2014/04/03,80.2,80.4,79.5,80.0
2014/04/07,79.8,79.9,79.0,79.9
2014/04/08,80.4,85.0,80.3,84.3
2014/04/09,85.0,85.8,83.7,83.9
2014/04/10,84.1,84.6,81.8,83.0
2014/04/11,82.5,82.5,80.5,82.1
2014/04/14,82.8,85.0,82.3,84.0
2014/04/15,85.8,89.8,84.6,88.0
2014/04/16,88.3,88.3,86.5,87.0
2014/04/17,87.7,90.7,87.2,87.3
2014/04/18,87.9,88.6,86.7,88.0
2014/04/21,89.8,93.3,88.6,92.5
2014/04/22,92.9,93.0,91.1,91.2
2014/04/23,92.1,93.7,89.6,90.3
2014/04/24,91.3,91.8,88.4,89.6
2014/04/25,89.6,92.0,85.1,88.5
2014/04/28,88.1,89.8,86.8,88.1
2014/04/29,89.5,91.8,88.7,91.0
2014/04/30,91.0,91.0,87.3,87.5
2014/05/02,88.8,89.5,87.2,89.0
2014/05/05,90.7,93.4,90.2,92.5
2014/05/06,91.0,92.7,90.4,91.4
2014/05/07,91.0,91.3,89.5,90.0
2014/05/08,90.0,91.3,89.8,90.1
2014/05/09,91.6,91.6,89.0,89.0
2014/05/12,89.0,89.9,86.5,88.5
2014/05/13,90.0,90.0,85.5,85.6
2014/05/14,85.6,86.8,84.0,86.8
2014/05/15,86.8,87.8,86.1,87.0
2014/05/16,87.0,88.1,86.3,88.1
2014/05/19,88.5,89.4,88.2,88.5
2014/05/20,89.6,89.6,88.3,88.6
2014/05/21,88.0,88.4,86.8,86.8
2014/05/22,88.5,90.6,87.7,90.4
2014/05/23,91.0,91.2,89.8,90.1
2014/05/26,91.3,92.2,90.5,90.7
2014/05/27,90.7,91.5,90.0,90.0
2014/05/28,91.0,91.5,90.4,91.3
2014/05/29,91.5,91.8,90.4,91.3
2014/05/30,92.0,94.4,91.1,94.4
2014/06/03,94.8,95.8,93.7,94.0
2014/06/04,95.0,95.5,93.7,93.7
2014/06/05,94.5,94.9,93.3,94.0
2014/06/06,94.8,98.6,94.7,96.9
2014/06/09,97.0,97.4,95.0,96.1
2014/06/10,96.8,98.0,95.1,95.9
2014/06/11,96.3,96.9,95.9,96.2
2014/06/12,96.9,97.6,95.7,95.7
2014/06/13,95.5,97.4,95.4,95.7
2014/06/16,96.1,97.2,95.4,97.1
2014/06/17,97.3,98.1,96.2,96.3
2014/06/18,97.3,97.3,93.8,93.9
2014/06/19,94.9,96.3,94.5,95.5
2014/06/20,96.3,97.7,95.1,95.1
2014/06/23,95.2,96.0,93.7,94.6
2014/06/24,95.0,95.3,94.0,95.0
2014/06/25,95.0,97.7,94.0,95.0
2014/06/26,95.8,96.5,95.0,95.5
2014/06/27,95.7,96.4,95.6,96.3
2014/06/30,96.5,98.9,96.5,98.3
2014/07/01,99.2,102.0,99.1,99.5
2014/07/02,101.5,101.5,96.4,98.5
2014/07/03,98.5,98.9,98.0,98.5
2014/07/04,99.0,99.9,97.4,97.5
2014/07/07,97.5,97.9,96.4,97.5
2014/07/08,97.8,97.9,96.3,97.1
2014/07/09,97.8,97.9,97.1,97.9
2014/07/10,98.0,100.5,97.1,100.0
2014/07/11,100.0,100.5,97.8,98.8
2014/07/14,100.0,101.0,98.8,99.0
2014/07/15,100.0,100.0,98.0,98.9
2014/07/16,99.4,99.5,97.5,97.6
2014/07/17,97.6,98.3,94.7,95.0
2014/07/18,94.0,96.6,94.0,95.0
2014/07/21,96.6,98.4,96.1,97.0
2014/07/22,97.0,98.0,96.4,97.0
2014/07/24,97.9,98.4,95.7,96.0
2014/07/25,96.0,96.3,94.6,95.0
2014/07/28,94.0,95.0,92.6,93.3
2014/07/29,94.4,95.2,88.5,89.6
2014/07/30,89.7,92.1,89.7,90.7
2014/07/31,90.9,91.7,90.0,90.8
2014/08/01,89.0,92.5,88.9,92.0
2014/08/04,92.1,92.2,91.2,92.0
2014/08/05,92.0,92.0,89.9,90.0
2014/08/06,90.2,91.1,89.0,90.0
2014/08/07,90.0,90.7,89.5,90.0
2014/08/08,90.0,90.0,86.9,88.6
2014/08/11,89.4,91.6,88.6,91.6
2014/08/12,91.8,94.4,91.0,93.9
2014/08/13,94.0,94.5,93.6,94.2
2014/08/14,95.0,96.3,92.7,92.8
2014/08/15,93.4,94.4,92.8,93.0
2014/08/18,93.2,94.0,91.8,93.0
2014/08/19,94.4,95.8,93.6,95.0
2014/08/20,96.0,96.0,92.7,93.5
2014/08/21,93.5,93.5,91.1,92.7
2014/08/22,92.9,94.7,92.9,94.4
2014/08/25,95.0,96.2,93.8,95.5
2014/08/26,96.1,96.6,95.5,95.6
2014/08/27,96.0,96.3,94.8,95.0
2014/08/28,95.0,95.8,94.5,95.3
2014/08/29,95.3,98.8,95.3,98.8
2014/09/01,99.0,99.5,97.7,98.1
2014/09/02,95.0,95.0,91.7,92.0
2014/09/03,93.0,93.4,91.4,92.2
2014/09/04,91.0,91.9,90.8,91.5
2014/09/05,91.7,92.8,90.1,91.0
2014/09/09,91.5,93.3,91.5,93.0
2014/09/10,92.8,92.8,90.3,91.3
2014/09/11,91.9,92.6,91.2,91.8
2014/09/12,91.8,91.8,87.8,88.8
2014/09/15,87.6,90.4,87.5,90.4
2014/09/16,90.9,90.9,88.9,89.2
2014/09/17,89.6,90.5,89.3,89.4
2014/09/18,90.3,90.4,89.5,90.2
2014/09/19,90.5,91.4,89.6,89.6
2014/09/22,90.0,90.8,89.7,90.0
2014/09/23,90.2,91.2,88.7,88.8
2014/09/24,89.2,89.7,88.0,88.6
2014/09/25,89.1,89.4,85.3,86.0
2014/09/26,85.0,85.5,83.0,85.3
2014/09/29,86.5,87.6,85.6,86.7
2014/09/30,86.3,88.1,84.9,88.1
2014/10/01,87.2,88.8,86.9,88.6
2014/10/02,87.5,89.0,87.0,89.0
2014/10/03,89.0,90.0,88.4,89.4
2014/10/06,89.0,89.5,88.0,88.0
2014/10/07,88.0,88.0,86.6,87.1
2014/10/08,88.9,89.9,86.7,86.7
2014/10/09,88.2,88.2,85.3,85.3
2014/10/13,81.8,84.0,81.2,82.8
2014/10/14,83.0,83.6,81.4,83.0
2014/10/15,82.0,82.3,77.2,80.0
2014/10/16,79.8,80.7,78.1,79.4
2014/10/17,79.5,80.0,75.1,75.7
2014/10/20,78.0,80.3,77.0,79.7
2014/10/21,80.1,80.7,79.1,79.4
2014/10/22,81.4,81.7,80.3,80.6
2014/10/23,81.1,81.4,80.2,81.0
2014/10/24,81.2,81.5,78.6,78.7
2014/10/27,78.9,79.6,76.2,76.8
2014/10/28,77.5,79.5,77.5,79.2
2014/10/29,80.1,82.0,79.6,81.3
2014/10/30,81.0,81.2,80.0,81.1
2014/10/31,82.0,83.3,81.1,83.3
2014/11/03,83.3,85.5,82.7,84.7
2014/11/04,84.7,84.7,82.2,82.2
2014/11/05,81.9,82.6,81.1,81.7
2014/11/06,82.2,82.2,80.8,80.8
2014/11/07,82.2,83.5,81.6,82.7
2014/11/10,83.5,83.5,82.5,82.7
2014/11/11,83.3,84.3,82.7,83.7
2014/11/12,83.7,84.0,82.7,82.8
2014/11/13,83.5,84.1,83.1,84.0
2014/11/14,84.0,85.0,83.5,84.4
2014/11/17,84.9,85.2,82.6,82.8
2014/11/18,83.3,83.5,81.0,81.9
2014/11/19,82.5,83.2,82.1,83.2
2014/11/20,83.2,84.0,83.1,83.4
2014/11/21,83.6,84.5,82.8,82.8
2014/11/24,83.5,84.2,82.9,83.5
2014/11/25,83.5,83.5,81.4,82.9
2014/11/26,83.2,83.8,82.6,82.9
2014/11/27,83.5,84.3,83.4,83.6
2014/11/28,84.2,84.3,83.3,83.4
2014/12/01,81.5,82.8,81.2,82.8
2014/12/02,82.0,82.4,80.5,81.3
2014/12/03,81.7,83.4,81.3,83.4
2014/12/04,84.3,86.7,83.6,86.3
2014/12/05,86.3,86.3,85.1,86.2
2014/12/08,86.0,87.5,85.3,85.4
2014/12/09,85.3,87.0,85.1,86.0
2014/12/10,86.0,87.6,84.8,86.2
2014/12/11,85.8,86.9,85.7,86.1
2014/12/12,86.8,87.8,85.9,85.9
2014/12/15,85.2,85.4,84.0,84.7
2014/12/16,84.6,85.7,84.2,85.0
2014/12/17,84.6,85.1,83.1,83.1
2014/12/18,83.7,84.9,83.6,84.3
2014/12/19,85.2,85.5,83.2,83.2
2014/12/22,84.5,84.8,83.6,84.8
2014/12/23,85.2,85.9,84.5,84.5
2014/12/24,85.0,85.1,84.2,84.8
2014/12/25,85.2,85.2,84.2,84.3
2014/12/26,84.7,84.7,83.8,84.1
2014/12/29,84.6,85.2,84.1,84.1
2014/12/30,84.5,85.4,84.2,84.8
2014/12/31,84.8,85.2,84.4,85.0
2015/01/05,84.9,85.6,84.1,85.4
2015/01/06,84.3,84.7,83.1,83.3
2015/01/07,83.3,84.6,82.7,84.5
2015/01/08,85.5,86.2,85.2,85.6
2015/01/09,86.8,86.8,85.2,86.2
2015/01/12,86.2,88.7,85.7,87.8
2015/01/13,88.0,89.2,87.8,88.6
2015/01/14,89.1,89.1,88.2,88.4
2015/01/15,88.4,89.8,88.3,88.7
2015/01/16,88.7,89.0,86.4,87.5
2015/01/19,88.5,88.9,86.6,86.7
2015/01/20,87.0,88.1,87.0,88.1
2015/01/21,88.2,89.8,88.0,89.4
2015/01/22,90.0,90.0,88.6,88.8
2015/01/23,89.9,92.0,89.5,90.1
2015/01/26,90.1,90.8,89.5,90.0
2015/01/27,91.2,91.2,89.7,90.2
2015/01/28,90.0,91.1,89.3,90.6
2015/01/29,91.0,91.2,90.3,90.5
2015/01/30,90.5,91.3,89.3,89.3
2015/02/02,89.8,90.2,88.6,89.2
2015/02/03,90.0,91.0,89.4,90.1
2015/02/04,90.4,92.0,90.3,91.5
2015/02/05,91.7,92.0,90.4,90.9
2015/02/06,91.4,91.4,89.6,89.8
2015/02/09,90.1,90.2,89.5,89.6
2015/02/10,90.3,90.5,89.4,89.6
2015/02/11,90.5,90.5,89.4,90.1
2015/02/12,90.1,93.1,90.1,92.4
2015/02/13,92.4,93.5,91.5,92.1
2015/02/24,95.0,95.0,92.9,93.5
2015/02/25,95.0,99.0,94.8,95.2
2015/02/26,97.5,98.0,96.2,97.9
2015/03/02,99.8,100.0,98.0,99.5
2015/03/03,101.0,103.0,99.8,102.0
2015/03/04,102.0,103.0,100.0,101.0
2015/03/05,102.0,104.0,100.5,103.5
2015/03/06,101.0,107.0,101.0,106.5
2015/03/09,106.5,107.5,104.0,106.0
2015/03/10,105.0,105.5,103.5,103.5
2015/03/11,103.0,105.0,102.5,103.0
2015/03/12,103.5,106.5,103.5,104.5
2015/03/13,105.0,106.0,104.5,105.0
2015/03/16,105.5,105.5,101.5,102.5
2015/03/17,103.5,104.0,101.5,101.5
2015/03/18,101.5,105.0,101.5,104.5
2015/03/19,105.0,106.0,103.5,104.5
2015/03/20,103.0,105.5,101.5,104.5
2015/03/23,106.0,106.0,103.0,103.0
2015/03/24,102.5,104.0,102.0,103.0
2015/03/25,102.5,102.5,100.5,101.0
2015/03/26,100.0,101.5,99.3,101.0
2015/03/27,101.0,101.5,99.5,99.7
2015/03/30,101.0,101.5,99.7,99.9
2015/03/31,101.0,102.0,100.0,102.0
2015/04/01,100.5,101.5,99.1,99.1
2015/04/02,100.5,106.0,100.0,106.0
2015/04/07,105.0,111.5,104.5,109.0
2015/04/08,109.0,109.0,104.0,104.0
2015/04/09,104.5,106.0,101.0,101.5
2015/04/10,104.0,105.5,102.5,105.5
2015/04/13,106.0,108.0,105.5,108.0
2015/04/14,108.5,112.0,106.5,106.5
2015/04/15,108.0,108.5,106.0,106.5
2015/04/16,109.5,109.5,105.0,105.5
2015/04/17,106.0,107.5,102.5,103.5
2015/04/20,102.5,103.5,100.0,101.5
2015/04/21,102.5,103.5,97.5,101.0
2015/04/22,100.0,105.5,100.0,104.0
2015/04/23,106.0,111.0,105.5,111.0
2015/04/24,112.0,115.0,112.0,114.5
2015/04/27,116.0,116.5,114.0,114.5
2015/04/28,116.5,119.5,112.5,115.0
2015/04/29,115.0,115.0,107.0,107.5
2015/04/30,108.5,108.5,105.0,107.0
2015/05/04,108.5,112.0,108.5,112.0
2015/05/05,113.5,114.0,111.0,111.5
2015/05/06,111.0,113.0,109.5,113.0
2015/05/07,111.0,112.0,107.5,107.5
2015/05/08,109.5,110.5,102.0,103.0
2015/05/11,106.0,107.0,103.0,106.5
2015/05/12,106.0,107.5,104.5,107.0
2015/05/13,107.0,107.5,104.5,105.5
2015/05/14,107.0,109.0,105.0,105.0
2015/05/15,106.0,106.0,101.5,103.0
2015/05/18,104.5,110.0,104.0,108.5
2015/05/19,108.0,110.5,107.0,109.0
2015/05/20,110.0,111.5,108.5,108.5
2015/05/21,107.5,110.0,106.5,110.0
2015/05/22,110.0,114.5,109.0,109.0
2015/05/25,109.5,113.0,109.0,112.0
2015/05/26,110.0,112.0,109.0,110.5
2015/05/27,109.0,111.0,108.0,109.0
2015/05/28,110.0,112.0,110.0,110.0
2015/05/29,111.5,111.5,109.0,109.0
2015/06/01,109.0,110.0,106.5,109.0
2015/06/02,109.5,113.0,109.0,109.5
2015/06/03,109.5,112.5,109.5,109.5
2015/06/04,111.0,111.5,107.5,109.0
2015/06/05,109.5,110.5,105.5,109.5
2015/06/08,110.0,112.0,109.5,110.5
2015/06/09,111.5,111.5,104.0,105.5
2015/06/10,105.5,107.5,102.5,104.5
2015/06/11,105.0,109.0,105.0,107.0
2015/06/12,107.0,109.0,106.5,108.0
2015/06/15,107.5,108.0,103.0,104.0
2015/06/16,103.5,104.5,99.9,102.5
2015/06/17,103.5,105.0,102.5,104.0
2015/06/18,104.0,105.5,103.5,104.5
2015/06/22,104.5,111.0,104.5,109.5
2015/06/23,110.5,111.5,109.0,109.0
2015/06/24,110.5,110.5,109.0,110.0
2015/06/25,111.0,115.0,111.0,114.0
2015/06/26,114.0,114.5,111.5,111.5
2015/06/29,109.5,110.5,105.0,105.0
2015/06/30,105.0,109.0,105.0,108.0
2015/07/01,109.5,114.0,109.0,112.0
2015/07/02,113.0,113.5,109.5,109.5
2015/07/03,109.5,110.0,107.0,109.0
2015/07/06,108.0,110.5,108.0,108.5
2015/07/07,109.0,110.0,104.5,105.0
2015/07/08,104.5,104.5,99.0,101.5
2015/07/09,100.0,102.5,98.0,102.5
2015/07/13,105.0,105.5,103.0,105.5
2015/07/14,106.5,108.5,105.5,107.0
2015/07/15,107.5,108.0,105.0,106.0
2015/07/16,106.5,108.5,106.0,108.5
2015/07/17,108.0,109.0,107.5,108.0
2015/07/20,108.5,109.5,106.5,107.5
2015/07/21,108.0,108.0,104.5,107.0
2015/07/22,103.5,104.5,100.5,101.0
2015/07/23,100.0,102.0,96.2,100.5
2015/07/24,101.5,103.0,100.0,102.0
2015/07/27,100.5,102.0,91.8,92.0
2015/07/28,92.0,97.4,92.0,96.2
2015/07/29,96.5,98.6,93.2,98.6
2015/07/30,98.7,99.8,97.0,97.3
2015/07/31,96.7,98.4,96.0,97.9
2015/08/03,96.6,97.5,94.6,95.5
2015/08/04,97.0,98.7,87.2,91.0
2015/08/05,92.8,96.5,91.4,95.7
2015/08/06,96.5,96.5,91.3,92.0
2015/08/07,90.1,93.3,90.1,92.2
2015/08/10,94.5,97.0,92.5,96.5
2015/08/11,98.3,99.5,96.7,97.7
2015/08/12,95.9,96.7,94.1,96.0
2015/08/13,96.4,99.4,96.4,99.0
2015/08/14,99.0,101.5,98.7,100.5
2015/08/17,100.5,101.0,99.5,100.5
2015/08/18,100.0,101.0,97.5,99.4
2015/08/19,98.8,99.8,97.2,98.0
2015/08/20,96.5,98.5,91.8,92.0
2015/08/21,89.4,91.5,86.5,87.5
2015/08/24,83.6,86.5,78.8,79.4
2015/08/25,79.0,86.7,78.9,86.5
2015/08/26,89.0,89.0,85.2,88.6
2015/08/27,89.7,93.8,89.6,93.8
2015/08/28,97.0,98.3,94.5,97.9
2015/08/31,94.2,94.2,90.6,92.3
2015/09/01,92.5,93.5,90.9,91.3
2015/09/02,89.8,91.3,88.8,91.3
2015/09/03,92.3,93.0,90.6,90.6
2015/09/04,90.7,91.3,86.5,87.2
2015/09/07,86.1,86.6,84.0,84.5
2015/09/08,87.0,90.1,86.6,89.3
2015/09/09,91.5,94.6,91.0,93.7
2015/09/10,92.8,93.8,92.0,93.8
2015/09/11,94.7,96.4,93.4,94.2
2015/09/14,95.1,95.7,93.8,94.8
2015/09/15,94.8,95.8,94.6,95.8
2015/09/16,96.5,97.3,93.9,94.4
2015/09/17,95.0,96.0,94.3,95.5
2015/09/18,93.9,95.5,93.9,95.0
2015/09/21,94.4,95.4,92.8,93.2
2015/09/22,94.7,95.7,94.5,94.5
2015/09/23,93.9,95.2,93.8,93.8
2015/09/24,94.1,94.8,92.3,93.6
2015/09/25,93.2,94.8,92.3,94.5
2015/09/30,95.6,95.9,93.0,94.2
2015/10/01,94.8,97.0,94.6,97.0
2015/10/02,96.1,97.0,95.3,95.5
2015/10/05,97.0,97.8,96.0,97.4
2015/10/06,98.7,101.0,97.3,98.1
2015/10/07,99.2,99.4,97.0,99.4
2015/10/08,101.0,101.5,97.8,99.0
2015/10/12,100.5,100.5,98.5,98.8
2015/10/13,99.5,100.0,96.8,97.5
2015/10/14,97.6,98.0,96.1,96.5
2015/10/15,97.5,97.9,94.7,94.8
2015/10/16,95.9,96.0,94.4,94.9
2015/10/19,95.3,95.7,90.6,91.3
2015/10/20,92.1,92.3,89.3,90.0
2015/10/21,91.1,92.3,91.0,91.5
2015/10/22,92.1,93.7,91.6,93.3
2015/10/23,94.6,94.9,93.7,94.2
2015/10/26,94.8,95.6,94.4,95.2
2015/10/27,94.2,94.5,91.7,92.2
2015/10/28,92.8,93.3,90.5,92.2
2015/10/29,92.3,92.7,90.5,91.0
2015/10/30,91.7,92.8,90.0,92.8
2015/11/02,92.8,93.5,92.4,92.8
2015/11/03,93.2,94.2,93.0,93.3
2015/11/04,94.2,95.1,93.7,95.1
2015/11/05,95.1,95.7,94.2,95.5
2015/11/06,95.6,97.2,94.5,94.7
2015/11/09,96.1,97.0,94.8,96.5
2015/11/10,96.5,97.1,94.4,95.5
2015/11/11,93.6,95.2,93.5,94.0
2015/11/12,94.2,94.9,91.8,92.8
2015/11/13,92.2,95.2,92.0,95.1
2015/11/16,92.8,94.9,92.8,93.9
2015/11/17,94.8,95.4,94.2,94.6
2015/11/18,95.0,96.7,94.5,96.7
2015/11/19,97.8,98.2,97.2,97.7
2015/11/20,98.5,98.5,96.5,96.7
2015/11/23,96.5,97.1,94.9,95.1
2015/11/24,95.5,96.1,93.7,94.2
2015/11/25,94.2,94.8,92.5,92.8
2015/11/26,93.6,94.1,93.0,93.5
2015/11/27,94.0,94.1,92.1,93.5
2015/11/30,92.8,92.8,91.2,92.7
2015/12/01,93.0,95.0,92.0,95.0
2015/12/02,95.2,95.2,93.3,94.5
2015/12/03,92.8,93.3,92.7,93.1
2015/12/04,92.1,93.1,91.9,92.6
2015/12/07,93.3,93.9,92.3,92.3
2015/12/08,92.8,93.0,91.8,91.9
2015/12/09,91.5,93.0,91.5,92.4
2015/12/10,92.5,92.7,90.8,91.4
2015/12/11,91.5,91.7,86.0,86.0
2015/12/14,82.1,85.4,82.1,84.8
2015/12/15,82.7,84.5,81.6,82.7
2015/12/16,82.8,83.7,79.0,80.8
2015/12/17,81.8,82.0,80.0,80.5
2015/12/18,79.3,79.4,77.6,78.5
2015/12/21,78.5,79.5,78.1,78.8
2015/12/22,79.5,80.0,78.5,78.5
2015/12/23,78.5,78.8,77.8,77.8
2015/12/24,78.4,79.2,78.1,78.1
2015/12/25,79.0,80.0,78.7,79.9
2015/12/28,80.3,80.3,78.0,78.0
2015/12/29,78.1,78.5,77.6,77.6
2015/12/30,78.4,78.4,74.7,75.5
2015/12/31,75.0,75.8,74.4,75.8
2016/01/05,76.8,77.7,75.8,76.6
2016/01/06,75.8,75.8,69.9,70.0
2016/01/07,69.1,69.7,66.0,66.6
2016/01/08,62.7,70.8,62.7,69.8
2016/01/11,68.6,70.2,67.1,68.5
2016/01/12,69.5,69.5,64.9,65.0
2016/01/13,66.5,67.9,65.5,66.7
2016/01/14,64.3,66.6,63.6,66.3
2016/01/15,67.0,67.3,64.7,65.0
2016/01/18,63.5,66.9,63.4,66.5
2016/01/19,65.8,68.6,65.7,68.3
2016/01/20,67.0,67.5,65.1,66.0
2016/01/21,66.4,66.9,64.0,64.0
2016/01/22,65.0,65.4,63.4,63.8
2016/01/25,65.4,66.9,65.1,66.1
2016/01/26,65.2,67.1,64.7,66.1
2016/01/27,66.3,66.8,65.4,65.7
2016/01/28,64.7,66.4,64.5,66.1
2016/01/29,66.5,71.8,66.2,70.0
2016/02/01,72.4,72.4,70.6,71.0
2016/02/02,70.5,71.0,69.1,69.1
2016/02/03,68.5,69.3,67.5,68.8
2016/02/15,67.5,70.2,67.5,69.5
2016/02/16,70.0,71.2,69.2,71.1
2016/02/17,71.1,71.1,69.4,69.5
2016/02/18,70.6,70.9,70.0,70.5
2016/02/19,70.0,71.2,69.9,70.7
2016/02/22,70.5,71.3,70.2,70.5
2016/02/23,70.6,71.8,70.5,71.6
2016/02/24,71.8,71.8,69.3,69.8
2016/02/25,69.8,73.4,69.8,71.9
2016/02/26,71.2,71.9,70.5,71.9
2016/03/01,71.8,75.8,71.4,75.8
2016/03/02,78.0,81.5,77.1,80.0
2016/03/03,80.5,80.7,78.1,79.0
2016/03/04,79.4,80.0,78.4,79.5
2016/03/07,79.6,81.2,78.9,79.1
2016/03/08,79.5,79.7,76.1,78.0
2016/03/09,77.8,78.0,76.5,77.8
2016/03/10,78.0,78.1,77.2,77.5
2016/03/11,77.6,79.4,77.5,79.4
2016/03/14,80.8,80.9,79.7,80.2
2016/03/15,80.9,80.9,77.9,78.1
2016/03/16,79.0,79.9,78.5,79.6
2016/03/17,80.9,82.5,80.5,81.7
2016/03/18,82.3,83.4,82.0,83.3
2016/03/21,83.7,83.9,82.0,82.5
2016/03/22,82.1,82.2,78.2,79.0
2016/03/23,79.5,80.9,78.0,78.1
2016/03/24,77.5,77.8,76.3,76.3
2016/03/25,75.7,76.1,74.0,74.5
2016/03/28,74.9,75.3,72.3,72.3
2016/03/29,72.3,73.6,70.8,71.5
2016/03/30,72.4,73.4,72.0,73.4
2016/03/31,73.4,73.4,72.0,72.0
2016/04/01,71.5,72.3,71.2,71.9
2016/04/06,70.1,71.3,69.5,69.8
2016/04/07,69.8,70.7,69.6,70.1
2016/04/08,70.3,70.3,69.0,69.1
2016/04/11,68.7,69.1,68.5,69.0
2016/04/12,69.0,69.3,68.3,68.3
2016/04/13,68.6,69.8,68.4,69.7
2016/04/14,70.5,70.8,69.2,69.2
2016/04/15,69.2,69.8,68.8,69.7
2016/04/18,69.2,69.3,67.5,67.5
2016/04/19,67.8,68.4,67.1,67.3
2016/04/20,67.5,67.8,66.1,66.2
2016/04/21,66.5,67.7,66.3,67.2
2016/04/22,67.2,67.9,66.2,67.6
2016/04/25,67.8,68.8,67.3,68.6
2016/04/26,68.5,68.7,67.9,68.0
2016/04/27,67.0,67.2,66.2,66.9
2016/04/28,67.0,67.2,66.4,66.4
2016/04/29,66.4,68.2,66.1,67.9
2016/05/03,68.2,68.2,66.6,66.6
2016/05/04,66.6,67.6,66.2,66.4
2016/05/05,66.3,66.7,63.7,64.8
2016/05/06,64.1,65.5,63.9,65.0
2016/05/09,65.2,65.2,64.0,64.0
2016/05/10,64.0,64.7,63.1,63.6
2016/05/11,64.0,64.9,63.5,63.5
2016/05/12,63.5,63.7,60.3,61.0
2016/05/13,56.0,58.6,55.6,56.6
2016/05/16,56.9,57.6,55.9,56.2
2016/05/17,56.6,57.1,54.6,55.8
2016/05/18,55.2,56.3,54.6,54.9
2016/05/19,55.4,55.8,51.9,52.4
2016/05/20,52.4,55.5,52.2,54.6
2016/05/23,55.0,56.7,54.1,56.1
2016/05/24,57.5,58.4,56.5,56.5
2016/05/25,58.2,61.9,57.6,60.3
2016/05/26,60.9,61.3,59.3,60.2
2016/05/27,60.0,60.1,59.0,59.6
2016/05/30,59.2,60.0,58.7,59.9
2016/05/31,59.9,61.6,59.5,61.4
2016/06/01,61.0,61.5,60.4,60.6
2016/06/02,61.0,61.1,59.3,59.3
2016/06/03,59.7,60.2,58.6,59.2
2016/06/06,59.5,60.3,59.0,59.0
2016/06/07,60.0,60.0,58.9,59.0
2016/06/08,59.3,59.7,59.0,59.6
2016/06/13,58.6,58.9,57.3,57.4
2016/06/14,57.5,58.8,57.5,58.5
2016/06/15,58.7,58.8,57.5,57.7
2016/06/16,57.6,57.9,55.6,56.0
2016/06/17,56.6,56.9,56.2,56.7
2016/06/20,57.5,57.5,57.0,57.3
2016/06/21,57.4,58.2,57.3,57.9
2016/06/22,58.2,58.2,57.0,57.5
2016/06/23,57.7,57.7,56.6,56.7
2016/06/24,57.0,57.3,54.0,54.7
2016/06/27,54.7,56.5,54.6,56.1
2016/06/28,55.5,56.3,55.2,56.0
2016/06/29,56.6,58.5,56.5,57.8
2016/06/30,58.0,58.1,57.3,57.7
2016/07/01,58.3,59.4,58.1,58.9
2016/07/04,59.5,59.6,58.6,58.6
2016/07/05,58.6,59.7,58.3,59.2
2016/07/06,58.4,58.7,57.0,57.3
2016/07/07,57.9,58.3,57.6,57.8
2016/07/11,59.2,60.8,58.8,60.7
2016/07/12,60.9,61.3,60.4,60.9
2016/07/13,61.6,61.6,60.3,60.8
2016/07/14,61.3,64.4,61.0,64.4
2016/07/15,65.1,66.0,64.5,64.6
2016/07/18,64.6,65.9,64.6,65.1
2016/07/19,65.8,65.8,64.6,65.8
2016/07/20,65.8,66.2,65.3,65.8
2016/07/21,66.5,68.2,66.5,67.4
2016/07/22,67.5,67.9,65.9,66.0
2016/07/25,66.8,67.2,64.6,65.8
2016/07/26,66.2,67.0,65.4,67.0
2016/07/27,68.2,68.2,67.0,67.1
2016/07/28,67.3,67.3,65.7,65.8
2016/07/29,65.1,65.7,64.6,65.5
2016/08/01,65.5,66.2,65.2,65.5
2016/08/02,65.8,67.5,65.7,66.6
2016/08/03,66.2,66.8,65.6,66.5
2016/08/04,66.7,67.1,65.8,65.9
2016/08/05,66.3,66.8,66.0,66.2
2016/08/08,67.0,68.8,66.7,68.6
2016/08/09,68.9,69.4,66.7,67.2
2016/08/10,67.3,67.6,65.8,66.1
2016/08/11,66.1,66.1,64.4,65.6
2016/08/12,65.5,65.5,63.6,63.8
2016/08/15,63.2,65.4,62.7,65.1
2016/08/16,65.4,65.9,64.7,65.3
2016/08/17,65.3,66.5,65.0,65.2
2016/08/18,65.6,65.8,65.2,65.8
2016/08/19,66.0,66.6,65.1,65.1
2016/08/22,65.6,65.6,64.1,64.5
2016/08/23,64.7,65.4,64.4,65.2
2016/08/24,65.7,67.3,65.2,66.9
2016/08/25,67.2,69.2,67.2,69.0
2016/08/26,69.0,69.0,67.6,68.1
2016/08/29,69.0,69.6,68.3,68.8
2016/08/30,69.2,69.3,68.3,68.3
2016/08/31,64.2,64.7,63.6,63.6
2016/09/01,63.6,64.2,63.1,63.2
2016/09/02,64.1,64.1,62.8,63.1
2016/09/05,63.8,64.1,63.1,63.8
2016/09/06,64.1,65.7,64.0,65.2
2016/09/07,65.9,66.4,65.2,66.0
2016/09/08,65.8,66.4,65.2,65.4
2016/09/09,65.4,65.6,64.2,65.6
2016/09/12,64.4,65.0,63.5,63.5
2016/09/13,64.5,64.9,63.0,63.1
2016/09/14,63.1,64.2,63.0,64.0
2016/09/19,66.5,68.2,65.9,67.6
2016/09/20,67.3,68.0,67.1,67.7
2016/09/21,68.2,68.8,68.0,68.6
2016/09/22,69.8,70.8,68.8,69.1
2016/09/23,70.0,70.5,69.0,69.4
2016/09/26,69.0,69.2,67.2,67.5
2016/09/29,68.6,69.0,68.1,68.2
2016/09/30,67.8,69.2,67.7,68.7
2016/10/03,70.4,70.4,69.3,69.8
2016/10/04,70.0,70.0,69.2,69.3
2016/10/05,69.5,69.8,68.9,69.0
2016/10/06,69.4,70.5,69.0,69.9
2016/10/07,69.9,70.0,69.0,69.9
2016/10/11,70.4,70.4,67.2,68.6
2016/10/12,68.0,69.2,67.8,68.6
2016/10/13,69.0,69.2,67.5,67.6
2016/10/14,67.6,68.2,66.3,67.0
2016/10/17,67.2,68.3,66.5,68.3
2016/10/18,68.9,69.2,68.6,68.9
2016/10/19,69.1,69.1,68.5,68.5
2016/10/20,68.6,69.2,68.5,69.1
2016/10/21,69.6,70.5,69.4,70.1
2016/10/24,70.2,70.5,69.8,70.2
2016/10/25,70.5,74.6,70.4,74.3
2016/10/26,74.0,74.8,72.9,73.8
2016/10/27,73.7,74.5,72.8,73.2
2016/10/28,73.2,73.5,71.2,71.6
2016/10/31,71.1,72.7,70.5,71.9
2016/11/01,72.0,72.2,70.9,71.0
2016/11/02,70.5,70.6,69.0,69.0
2016/11/03,69.0,69.7,67.7,69.1
2016/11/04,69.1,69.5,68.0,68.0
2016/11/07,68.2,69.9,68.2,69.1
2016/11/08,70.7,71.0,69.1,69.6
2016/11/09,70.2,70.3,65.0,65.5
2016/11/10,67.9,68.4,67.3,67.6
2016/11/11,65.2,66.0,63.6,64.6
2016/11/14,64.0,64.3,61.0,62.6
2016/11/15,62.4,63.2,61.8,61.8
2016/11/16,63.5,64.0,62.5,62.7
2016/11/17,62.7,63.1,61.1,62.2
2016/11/18,62.2,63.1,61.1,62.6
2016/11/21,63.3,63.5,61.9,62.1
2016/11/22,62.1,62.9,61.9,62.1
2016/11/23,62.5,65.6,62.3,64.2
2016/11/24,64.2,64.4,63.5,63.7
2016/11/25,64.0,64.3,63.7,64.1
2016/11/28,64.7,65.5,64.1,64.3
2016/11/29,64.5,64.8,63.9,64.4
2016/11/30,64.7,65.4,64.1,64.1
2016/12/01,64.8,65.2,64.2,64.9
2016/12/02,64.0,64.1,62.7,62.9
2016/12/05,62.6,63.0,62.2,62.7
2016/12/06,63.5,63.7,63.1,63.3
2016/12/07,63.7,64.1,63.6,64.0
2016/12/08,64.3,64.7,64.1,64.5
2016/12/09,64.9,64.9,64.2,64.4
2016/12/12,65.0,65.0,63.5,63.6
2016/12/13,63.5,64.3,63.2,63.8
2016/12/14,64.5,64.5,63.8,64.0
2016/12/15,63.7,64.4,63.7,64.3
2016/12/16,64.7,65.5,64.5,64.9
2016/12/19,65.3,65.4,64.1,64.1
2016/12/20,65.0,65.1,64.4,64.7
2016/12/21,65.0,65.0,64.3,64.3
2016/12/22,64.3,64.5,63.5,63.5
2016/12/23,64.4,64.4,63.2,63.2
2016/12/26,63.2,63.7,62.9,62.9
2016/12/27,63.1,63.6,62.7,63.1
2016/12/28,63.1,64.3,63.1,64.0
2016/12/29,63.9,64.0,63.3,63.5
2016/12/30,63.6,64.0,63.4,63.8
2017/01/03,64.1,64.2,63.6,63.8
2017/01/04,64.2,64.2,63.6,63.8
2017/01/05,63.8,64.4,63.8,64.1
2017/01/06,64.1,64.8,64.1,64.5
2017/01/09,64.7,64.8,63.7,64.1
2017/01/10,64.6,64.7,64.1,64.5
2017/01/11,64.7,65.3,64.3,65.3
2017/01/12,65.6,68.4,65.5,66.7
2017/01/13,66.7,66.7,65.7,66.1
2017/01/16,65.9,66.0,64.7,64.8
2017/01/17,65.0,66.0,64.7,66.0
2017/01/18,65.8,66.0,65.6,65.7
2017/01/19,65.8,66.0,65.2,65.9
2017/01/20,65.9,66.3,65.2,65.2
2017/01/23,65.7,66.0,65.7,65.8
2017/01/24,65.8,65.9,65.3,65.4
2017/02/02,66.0,68.4,65.4,68.2
2017/02/03,68.2,68.8,67.6,67.9
2017/02/06,68.2,69.9,67.8,69.8
2017/02/07,70.0,70.4,69.1,69.8
2017/02/08,69.7,72.3,69.4,71.9
2017/02/09,71.2,72.1,70.4,71.3
2017/02/10,72.2,73.8,71.6,72.6
2017/02/13,74.0,75.7,73.0,75.3
2017/02/14,76.4,77.0,75.6,76.1
2017/02/15,77.0,77.0,76.3,76.3
2017/02/16,76.7,77.0,74.8,75.4
2017/02/17,75.4,75.4,74.7,75.0
2017/02/20,75.0,75.4,73.7,73.8
2017/02/21,74.3,74.7,73.2,74.1
2017/02/22,74.7,74.8,74.0,74.3
2017/02/23,74.1,77.9,74.1,76.6
2017/02/24,76.7,76.8,75.8,76.5
2017/03/01,76.9,77.1,75.2,75.4
2017/03/02,75.8,76.4,74.0,74.7
2017/03/03,74.1,75.4,73.9,75.0
2017/03/06,75.2,75.4,74.0,74.5
2017/03/07,74.5,75.1,74.0,74.7
2017/03/08,75.2,75.2,74.2,75.0
2017/03/09,75.0,75.1,73.7,74.1
2017/03/10,73.7,74.3,71.5,73.7
2017/03/13,73.7,75.1,73.5,74.7
2017/03/14,75.0,76.0,74.7,75.6
2017/03/15,75.5,76.5,74.8,75.8
2017/03/16,76.4,77.2,76.0,76.6
2017/03/17,77.1,77.5,76.3,77.0
2017/03/20,76.8,77.9,76.0,77.1
2017/03/21,78.6,79.2,77.2,77.4
2017/03/22,76.7,77.5,76.2,77.1
2017/03/23,74.4,75.0,72.6,73.0
2017/03/24,72.2,73.5,71.6,71.6
2017/03/27,71.6,72.3,70.5,71.1
2017/03/28,71.9,72.0,70.1,71.0
2017/03/29,71.4,71.6,70.8,71.0
2017/03/30,71.1,71.6,70.7,70.7
2017/03/31,70.7,71.8,70.5,71.3
2017/04/05,71.0,72.0,70.1,70.3
2017/04/06,70.3,70.9,69.7,69.8
2017/04/07,69.8,70.3,69.0,69.8
2017/04/10,70.0,70.4,69.4,69.7
2017/04/11,70.0,70.1,68.5,68.7
2017/04/12,68.5,68.6,67.5,67.7
2017/04/13,68.0,69.3,67.8,68.0
2017/04/14,68.0,68.0,66.1,66.2
2017/04/17,66.5,66.8,64.6,65.3
2017/04/18,65.7,66.9,65.7,66.8
2017/04/19,66.6,67.2,66.1,67.0
2017/04/20,66.3,66.8,65.8,66.0
2017/04/21,66.7,68.0,65.9,67.7
2017/04/24,68.7,68.9,68.0,68.1
2017/04/25,68.1,68.1,67.2,67.9
2017/04/26,68.6,69.8,68.0,69.6
2017/04/27,69.6,70.4,69.2,69.9
2017/04/28,70.0,72.1,69.9,70.6
2017/05/02,71.8,71.8,70.6,70.7
2017/05/03,71.2,71.8,70.4,70.6
2017/05/04,70.7,71.0,70.1,70.2
2017/05/05,70.0,71.0,69.4,70.5
2017/05/08,71.6,72.8,71.3,72.5
2017/05/09,72.5,73.5,70.9,71.0
2017/05/10,71.7,71.8,70.8,70.9
2017/05/11,71.2,71.7,70.9,71.2
2017/05/12,71.6,72.5,71.5,72.1
2017/05/15,73.0,76.4,73.0,76.1
2017/05/16,76.6,77.0,75.2,75.5
2017/05/17,75.3,76.2,75.0,75.3
2017/05/18,74.1,74.8,73.3,74.4
2017/05/19,74.4,75.8,74.4,74.7
2017/05/22,75.3,75.3,74.1,74.1
2017/05/23,74.1,74.8,73.9,74.2
2017/05/24,74.3,74.7,73.5,73.6
2017/05/25,73.8,76.4,73.6,74.4
2017/05/26,74.1,74.8,73.2,74.8
2017/05/31,74.7,74.7,73.5,74.0
2017/06/01,73.6,74.4,73.6,74.0
2017/06/02,74.5,74.9,74.1,74.5
2017/06/05,75.1,75.9,74.8,75.3
2017/06/06,75.4,76.0,74.6,76.0
2017/06/07,76.0,76.5,75.5,76.2
2017/06/08,76.2,76.4,75.1,75.6
2017/06/09,75.8,77.4,75.8,76.2
2017/06/12,75.3,75.8,74.3,74.5
2017/06/13,74.1,74.5,72.6,72.8
2017/06/14,73.0,73.8,71.9,73.2
2017/06/15,73.6,73.6,72.1,72.3
2017/06/16,72.3,72.8,71.2,72.2
2017/06/19,72.2,74.0,72.2,73.6
2017/06/20,74.6,75.4,74.0,74.5
2017/06/21,74.2,74.7,73.8,74.6
2017/06/22,74.6,74.6,73.6,73.8
2017/06/23,73.5,73.6,72.6,73.0
2017/06/26,72.5,72.9,71.9,72.0
2017/06/27,72.0,72.4,71.3,72.2
2017/06/28,72.0,72.4,71.5,71.5
2017/06/29,72.0,72.2,71.5,71.6
2017/06/30,71.5,72.1,70.8,72.1
2017/07/03,72.0,72.8,71.8,72.8
2017/07/04,72.7,72.7,71.5,71.5
2017/07/05,71.5,72.5,70.5,72.3
2017/07/06,72.0,72.2,71.3,71.6
2017/07/07,69.9,70.7,69.9,70.3
2017/07/10,70.6,71.0,70.3,70.4
2017/07/11,70.6,71.2,70.5,70.8
2017/07/12,70.8,70.9,70.4,70.6
2017/07/13,71.0,71.1,70.6,70.8
2017/07/14,71.0,71.2,70.5,70.6
2017/07/17,70.6,71.0,70.2,70.4
2017/07/18,70.3,70.5,69.2,69.5
2017/07/19,69.4,69.7,68.2,68.3
2017/07/20,68.6,69.6,68.4,69.2
2017/07/21,69.5,69.8,68.6,69.7
2017/07/24,69.6,70.5,69.0,70.2
2017/07/25,70.2,70.5,69.3,70.5
2017/07/26,70.7,70.8,70.1,70.1
2017/07/27,70.6,72.3,70.5,71.7
2017/07/28,71.9,72.0,70.4,70.6
2017/07/31,70.9,70.9,69.6,70.2
2017/08/01,70.4,72.0,70.1,71.2
2017/08/02,71.7,74.2,71.3,72.5
2017/08/03,72.5,73.9,71.3,73.5
2017/08/04,74.1,74.4,73.6,73.6
2017/08/07,74.0,75.5,73.7,74.1
2017/08/08,77.0,79.6,75.5,76.0
2017/08/09,76.9,78.0,75.9,76.1
2017/08/10,76.9,77.3,74.2,74.2
2017/08/11,73.6,75.3,73.3,74.7
2017/08/14,75.2,75.5,71.5,71.5
2017/08/15,72.5,72.9,70.6,70.8
2017/08/16,70.8,70.8,69.7,70.1
2017/08/17,70.5,72.3,70.1,71.0
2017/08/18,70.2,70.2,69.3,69.8
2017/08/21,69.8,69.8,68.3,68.6
2017/08/22,69.0,70.9,68.9,70.0
2017/08/23,70.8,70.9,69.0,69.2
2017/08/24,69.5,70.5,69.4,69.8
2017/08/25,70.1,70.4,69.5,69.7
2017/08/28,69.7,70.2,69.0,69.2
2017/08/29,69.2,70.3,68.7,69.4
2017/08/30,70.3,70.3,69.2,69.3
2017/08/31,69.7,70.2,69.2,69.9
2017/09/01,70.3,70.5,69.6,69.6
2017/09/04,69.3,69.6,68.6,68.6
2017/09/05,69.0,69.5,68.9,69.0
2017/09/06,69.0,69.7,68.6,68.6
2017/09/07,69.1,69.1,66.9,67.1
2017/09/08,69.3,70.0,68.8,68.8
2017/09/11,69.6,70.5,68.8,70.3
2017/09/12,70.8,70.9,68.9,69.3
2017/09/13,69.8,69.8,68.0,68.0
2017/09/14,68.1,69.0,67.6,67.8
2017/09/15,68.0,68.2,66.8,67.0
2017/09/18,67.2,67.6,67.0,67.2
2017/09/19,67.5,67.7,66.0,66.1
2017/09/20,66.1,66.4,64.7,64.9
2017/09/21,64.7,65.8,64.7,65.1
2017/09/22,65.2,65.6,63.0,63.6
2017/09/25,63.5,63.5,60.8,61.0
2017/09/26,60.9,62.4,59.5,59.8
2017/09/27,61.0,62.0,60.8,61.8
2017/09/28,62.4,62.4,61.3,61.5
2017/09/29,61.4,61.9,60.9,61.4
2017/10/02,62.2,63.5,62.1,63.2
2017/10/03,63.4,63.8,62.3,62.5
2017/10/05,62.1,62.1,61.2,62.0
2017/10/06,62.3,63.6,62.1,63.2
2017/10/11,65.0,67.0,64.5,64.9
2017/10/12,64.9,64.9,64.1,64.3
2017/10/13,64.3,64.4,63.7,64.2
2017/10/16,65.3,66.2,65.2,65.3
2017/10/17,65.3,65.9,64.6,64.6
2017/10/18,63.8,64.4,63.2,63.5
2017/10/19,63.7,64.8,63.7,64.0
2017/10/20,65.0,66.4,64.4,65.6
2017/10/23,66.8,68.9,66.5,68.6
2017/10/24,70.9,74.5,70.5,73.1
2017/10/25,74.3,75.3,72.8,73.0
2017/10/26,72.6,74.0,72.6,73.5
2017/10/27,74.2,74.8,70.5,71.0
2017/10/30,73.4,74.0,71.1,73.4
2017/10/31,74.3,76.3,74.2,75.6
2017/11/01,75.8,76.0,74.2,75.0
2017/11/02,75.0,77.5,74.4,75.5
2017/11/03,76.0,77.0,75.1,75.7
2017/11/06,76.2,76.9,75.1,75.1
2017/11/07,75.7,76.3,75.1,75.9
2017/11/08,77.2,77.7,75.1,75.1
2017/11/09,75.1,75.4,71.1,72.6
2017/11/10,72.6,73.5,72.0,73.3
2017/11/13,73.3,73.8,71.1,72.0
2017/11/14,73.1,73.9,72.2,72.5
2017/11/15,72.1,73.5,72.0,73.1
2017/11/16,73.1,74.1,72.7,73.1
2017/11/17,73.9,76.0,73.3,74.1
2017/11/20,74.4,74.6,72.9,72.9
2017/11/21,73.6,73.8,73.0,73.0
2017/11/22,73.4,74.4,72.6,72.6
2017/11/23,72.7,74.0,72.3,72.9
2017/11/24,73.1,73.4,72.7,72.8
2017/11/27,72.8,73.9,72.0,72.2
2017/11/28,72.1,72.4,71.4,71.4
2017/11/29,71.9,72.7,71.4,71.7
2017/11/30,71.7,74.0,71.5,73.3
2017/12/01,73.1,73.2,70.0,70.5
2017/12/04,71.1,71.1,68.8,68.8
2017/12/05,67.2,67.9,66.6,66.6
2017/12/06,67.0,67.8,66.6,66.8
2017/12/07,68.0,68.7,67.2,67.4
2017/12/08,67.8,69.0,67.0,68.9
2017/12/11,69.4,70.5,69.0,70.4
2017/12/12,70.4,70.4,68.4,68.6
2017/12/13,68.7,69.5,68.2,68.9
2017/12/14,69.7,70.4,68.7,68.7
2017/12/15,68.7,68.8,67.5,67.9
2017/12/18,67.6,68.5,67.5,68.1
2017/12/19,68.5,68.6,67.6,68.4
2017/12/20,68.4,69.2,68.1,68.4
2017/12/21,68.4,68.9,67.5,67.5
2017/12/22,67.7,68.2,67.6,67.6
2017/12/25,67.6,67.6,65.3,65.9
2017/12/26,65.3,65.5,63.1,63.2
2017/12/27,63.4,64.4,63.3,63.8
2017/12/28,64.4,65.9,64.2,65.5
2017/12/29,65.5,65.7,65.1,65.5
2018/01/02,64.9,66.5,64.9,66.3
2018/01/03,66.5,66.9,66.1,66.1
2018/01/04,66.5,66.9,66.2,66.9
2018/01/05,66.9,67.4,66.7,67.2
2018/01/08,67.3,68.8,67.3,68.4
2018/01/09,69.9,70.8,68.6,69.2
2018/01/10,69.4,69.7,68.2,68.2
2018/01/11,69.0,69.3,67.7,68.1
2018/01/12,68.4,69.3,68.4,68.8
2018/01/16,69.2,69.7,69.0,69.6
2018/01/17,69.8,69.8,69.2,69.4
2018/01/18,70.2,70.4,69.1,69.2
2018/01/19,69.3,70.3,68.3,68.9
2018/01/22,68.2,68.6,66.8,67.2
2018/01/23,67.9,67.9,66.7,67.0
2018/01/24,67.0,69.0,67.0,69.0
2018/01/25,69.3,69.4,67.6,67.7
2018/01/26,67.7,68.2,67.2,67.3
2018/01/29,67.9,68.2,67.4,67.8
2018/01/30,67.6,67.8,66.6,66.6
2018/01/31,66.7,66.9,65.8,66.8
2018/02/01,67.6,69.5,67.4,68.2
2018/02/02,67.8,68.5,67.0,67.0
2018/02/05,65.0,65.2,63.8,64.7
2018/02/06,62.0,62.7,59.5,60.6
2018/02/07,62.6,63.7,62.0,62.9
2018/02/08,63.2,63.3,61.4,61.8
2018/02/09,58.9,61.2,58.7,60.7
2018/02/12,61.0,61.4,60.7,61.4
2018/02/21,61.4,62.4,60.8,61.0
2018/02/22,61.5,61.8,61.1,61.7
2018/02/23,62.4,64.3,62.1,63.5
2018/02/26,64.2,64.7,63.6,63.6
2018/02/27,64.3,64.5,63.5,63.9
2018/03/01,63.3,65.2,63.3,64.2
2018/03/02,63.6,64.0,63.0,63.1
2018/03/05,64.2,64.2,62.0,62.3
2018/03/06,63.5,63.8,63.0,63.0
2018/03/07,63.4,64.4,62.9,63.9
2018/03/08,63.4,63.5,62.3,62.6
2018/03/09,62.2,63.4,61.8,62.7
2018/03/12,63.3,64.3,63.2,64.3
2018/03/13,66.9,70.7,66.9,70.1
2018/03/14,70.0,70.0,68.3,68.8
2018/03/15,69.9,70.4,68.8,70.1
2018/03/16,71.0,71.9,69.1,69.5
2018/03/19,70.5,70.6,69.6,69.6
2018/03/20,69.8,71.6,69.8,71.1
2018/03/21,71.9,72.2,70.3,70.3
2018/03/22,70.9,70.9,69.5,69.6
2018/03/23,67.4,68.6,67.4,67.5
2018/03/26,67.4,69.5,67.0,69.5
2018/03/27,70.6,70.8,69.8,70.5
2018/03/28,69.8,70.3,69.3,69.9
2018/03/29,70.5,70.7,69.8,69.8
2018/03/30,70.4,70.4,68.8,68.9
2018/04/02,69.0,69.8,68.7,69.2
2018/04/03,68.5,68.5,67.3,68.0
2018/04/09,67.8,68.7,67.3,67.3
2018/04/10,67.6,68.3,67.2,67.7
2018/04/11,68.2,68.2,66.3,66.5
2018/04/12,66.6,66.9,66.2,66.8
2018/04/13,67.5,67.8,66.8,66.8
2018/04/16,67.1,67.4,66.8,66.8
2018/04/17,66.5,66.5,64.6,64.8
2018/04/18,65.0,66.8,65.0,65.7
2018/04/19,65.7,66.5,65.5,66.4
2018/04/20,66.0,66.3,65.2,65.9
2018/04/23,66.0,66.6,64.4,64.9
2018/04/24,64.8,64.8,62.3,62.5
2018/04/25,61.6,63.2,61.3,63.2
2018/04/26,64.0,64.1,62.4,62.5
2018/04/27,62.9,63.3,61.8,62.6
2018/04/30,64.2,64.9,63.2,64.9
2018/05/02,64.4,64.8,63.7,63.9
2018/05/03,63.3,64.0,62.7,63.0
2018/05/04,62.8,63.6,62.6,62.7
2018/05/07,64.1,65.0,63.6,65.0
2018/05/08,65.3,66.5,64.5,65.5
2018/05/09,65.5,65.6,64.7,65.0
2018/05/10,65.6,66.2,65.4,65.6
2018/05/11,66.4,66.4,65.0,66.0
2018/05/14,67.0,67.7,66.2,67.5
2018/05/15,68.1,68.4,66.1,66.1
2018/05/16,66.2,66.3,65.2,65.7
2018/05/17,66.6,67.3,65.9,66.7
2018/05/18,66.7,66.8,65.9,66.4
2018/05/21,66.7,67.9,66.7,67.6
2018/05/22,67.9,68.1,67.2,67.4
2018/05/23,67.5,68.3,67.3,67.8
2018/05/24,68.2,68.5,67.2,68.0
2018/05/25,68.0,68.3,67.3,67.5
2018/05/28,68.0,68.9,67.6,68.3
2018/05/29,68.8,69.2,67.7,69.1
2018/05/30,68.4,68.5,67.7,67.7
2018/05/31,67.8,68.4,67.7,67.7
2018/06/01,67.8,68.7,67.5,68.6
2018/06/04,69.0,70.7,68.5,70.6
2018/06/05,70.9,70.9,69.5,69.9
2018/06/06,70.0,71.2,69.9,70.9
2018/06/07,70.9,72.0,70.7,71.9
2018/06/08,72.8,73.0,71.0,71.0
2018/06/11,71.4,71.7,70.5,70.8
2018/06/12,71.1,71.3,69.8,69.8
2018/06/13,70.0,71.0,69.3,70.9
2018/06/14,71.2,71.2,69.8,69.8
2018/06/15,70.0,70.5,69.8,69.8
2018/06/19,69.2,69.9,68.7,68.7
2018/06/20,68.6,68.9,67.4,67.6
2018/06/21,68.2,69.3,68.0,69.1
2018/06/22,68.1,68.5,67.6,67.9
2018/06/25,67.0,68.1,67.0,67.1
2018/06/26,66.3,66.8,65.5,66.2
2018/06/27,66.0,67.3,66.0,66.8
2018/06/28,65.8,66.8,65.8,66.7
2018/06/29,66.7,67.5,66.7,67.4
2018/07/02,67.2,68.1,66.6,66.6
2018/07/03,66.9,67.4,66.2,66.3
2018/07/04,66.3,66.6,66.1,66.4
2018/07/05,66.2,66.5,64.8,65.1
2018/07/06,66.0,66.9,65.4,66.0
2018/07/09,67.0,67.5,66.3,67.4
2018/07/10,67.7,67.8,66.8,67.4
2018/07/11,66.5,67.6,66.5,67.1
2018/07/12,66.7,68.1,66.7,67.7
2018/07/13,65.0,65.7,64.2,65.6
2018/07/16,66.0,67.2,65.7,65.8
2018/07/17,66.7,67.5,66.4,67.2
2018/07/18,68.8,70.5,68.2,70.5
2018/07/19,71.2,71.9,69.3,69.9
2018/07/20,70.7,71.2,69.4,69.9
2018/07/23,70.3,71.4,69.9,70.8
2018/07/24,71.5,73.0,71.0,72.5
2018/07/25,72.4,73.3,71.9,72.2
2018/07/26,72.5,72.9,70.6,70.8
2018/07/27,71.0,72.2,70.5,71.3
2018/07/30,71.5,72.0,70.9,71.8
2018/07/31,72.2,72.3,71.5,72.0
2018/08/01,72.5,73.4,72.1,73.0
2018/08/02,73.5,73.8,70.8,70.9
2018/08/03,71.3,71.7,70.9,70.9
2018/08/06,71.0,73.4,71.0,73.3
2018/08/07,72.6,73.1,71.9,72.8
2018/08/08,72.8,73.1,71.4,71.8
2018/08/09,72.5,72.7,71.5,71.8
2018/08/10,72.0,72.8,71.8,72.0
2018/08/13,72.7,74.4,72.1,73.5
2018/08/14,74.0,76.9,73.7,76.9
2018/08/15,77.2,78.4,74.6,74.9
2018/08/16,75.2,77.3,74.1,76.3
2018/08/17,77.2,79.0,75.9,75.9
2018/08/20,75.9,76.3,73.0,74.5
2018/08/21,74.6,75.7,74.3,75.5
2018/08/22,76.0,77.7,75.4,75.4
2018/08/23,75.2,75.8,73.9,75.0
2018/08/24,75.0,75.5,74.0,75.0
2018/08/27,75.9,76.8,75.4,76.8
2018/08/28,77.4,78.3,76.7,76.7
2018/08/29,77.0,78.9,76.9,78.9
2018/08/30,79.7,80.3,77.7,78.6
2018/08/31,78.5,79.5,78.1,78.6
2018/09/03,78.9,79.0,76.5,77.0
2018/09/04,77.6,78.0,76.9,77.4
2018/09/05,78.0,78.0,76.8,76.8
2018/09/06,76.7,76.8,75.6,76.2
2018/09/07,76.5,77.2,73.8,74.2
2018/09/10,76.0,77.9,74.5,76.0
2018/09/11,77.2,77.7,74.3,74.9
2018/09/12,76.0,76.9,75.0,76.5
2018/09/13,76.8,77.6,76.1,76.5
2018/09/14,77.1,77.6,76.7,77.5
2018/09/17,78.1,79.0,77.1,77.3
2018/09/18,76.1,76.1,69.6,69.6
2018/09/19,70.4,70.5,68.5,69.2
2018/09/20,70.0,70.5,66.8,67.1
2018/09/21,67.7,68.3,66.3,67.4
2018/09/25,67.4,68.9,67.2,67.4
2018/09/26,67.2,67.9,66.8,67.0
2018/09/27,67.2,68.6,67.2,67.9
2018/09/28,68.1,68.4,67.1,68.2
2018/10/01,68.3,68.9,68.1,68.5
2018/10/02,68.8,69.6,68.0,68.0
2018/10/03,68.5,68.8,68.1,68.4
2018/10/04,68.6,68.6,66.8,67.1
2018/10/05,67.1,67.1,64.0,65.0
2018/10/08,67.0,68.0,66.0,66.6
2018/10/09,69.5,69.7,67.6,68.0
2018/10/11,64.8,64.8,61.6,62.6
2018/10/12,62.6,65.5,62.1,65.5
2018/10/15,64.3,67.9,64.1,66.4
2018/10/16,67.2,69.1,66.7,68.5
2018/10/17,70.0,70.6,69.3,69.6
2018/10/18,70.2,70.9,68.6,70.0
2018/10/19,69.5,70.5,68.5,70.4
2018/10/22,70.2,71.5,69.5,71.5
2018/10/23,71.3,71.3,70.0,70.2
2018/10/24,70.1,71.5,68.6,70.4
2018/10/25,69.3,70.2,68.5,69.2
2018/10/26,70.5,70.6,67.5,67.8
2018/10/29,69.7,70.0,67.7,69.6
2018/10/30,69.5,70.0,68.5,69.5
2018/10/31,70.9,72.4,70.3,70.7
2018/11/01,71.0,73.0,70.1,72.9
2018/11/02,72.3,72.5,70.9,71.1
2018/11/05,70.1,70.5,68.2,68.4
2018/11/06,69.6,70.4,67.3,68.0
2018/11/07,68.3,69.4,65.5,67.5
2018/11/08,68.2,68.6,66.9,68.0
2018/11/09,68.0,69.3,67.4,69.2
2018/11/12,68.0,68.8,66.9,68.3
2018/11/13,68.5,73.5,67.5,72.6
2018/11/14,72.6,76.8,72.4,76.5
2018/11/15,77.9,78.8,75.7,77.5
2018/11/16,79.0,79.0,77.9,78.4
2018/11/19,79.1,80.3,77.1,78.1
2018/11/20,77.5,77.7,76.0,76.5
2018/11/21,76.4,77.7,75.3,77.4
2018/11/22,77.2,77.4,75.0,75.0
2018/11/23,75.0,75.4,73.5,75.3
2018/11/26,75.9,75.9,74.3,74.6
2018/11/27,75.0,76.6,75.0,76.6
2018/11/28,77.9,78.8,76.5,78.8
2018/11/29,79.4,80.0,78.9,79.2
2018/11/30,79.1,79.8,77.8,78.3
2018/12/03,79.9,82.1,79.8,81.9
2018/12/04,82.9,83.3,81.5,82.7
2018/12/05,80.7,81.2,79.8,80.1
2018/12/06,79.3,80.8,78.5,80.6
2018/12/07,81.8,82.5,79.8,79.9
2018/12/10,78.6,80.9,78.1,80.3
2018/12/11,80.0,80.7,78.8,79.1
2018/12/12,80.2,82.0,80.2,81.9
2018/12/13,84.0,84.8,83.0,84.5
2018/12/14,84.5,84.7,81.4,82.4
2018/12/17,83.2,83.2,81.5,81.5
2018/12/18,82.0,83.4,81.0,83.0
2018/12/19,83.5,83.5,82.1,82.5
2018/12/20,82.0,82.9,81.1,81.9
2018/12/21,81.7,82.6,80.6,82.6
2018/12/24,82.2,82.2,81.3,81.4
2018/12/25,79.3,80.3,78.0,78.3
2018/12/26,79.4,79.5,77.6,77.8
2018/12/27,79.4,80.3,78.6,80.3
2018/12/28,80.3,80.9,79.2,80.2
2019/01/02,81.0,81.0,78.0,78.9
2019/01/03,75.4,76.7,71.7,72.9
2019/01/04,72.7,75.0,71.7,73.6
2019/01/07,75.7,76.7,74.3,75.1
2019/01/08,74.4,75.5,73.5,74.3
2019/01/09,73.9,74.1,73.1,73.8
2019/01/10,72.2,74.3,71.3,74.1
2019/01/11,74.4,75.4,74.4,75.4
2019/01/14,74.1,74.6,72.0,72.1
2019/01/15,72.9,74.9,72.6,74.7
2019/01/16,74.7,76.7,73.7,75.5
2019/01/17,74.9,75.8,73.7,73.7
2019/01/18,74.9,76.7,74.1,76.7
2019/01/21,77.5,77.9,76.3,76.7
2019/01/22,77.2,78.2,76.5,77.8
2019/01/23,78.0,78.4,76.6,78.4
2019/01/24,78.0,78.2,75.7,76.4
2019/01/25,77.0,79.4,76.8,79.2
2019/01/28,78.4,79.1,77.9,78.7
2019/01/29,78.0,78.3,76.3,77.4
2019/01/30,78.0,80.2,78.0,79.0
2019/02/11,80.0,81.5,79.7,81.4
2019/02/12,81.1,84.9,81.0,82.5
2019/02/13,81.7,83.0,81.5,82.6
2019/02/14,82.0,84.5,82.0,83.0
2019/02/15,82.9,86.3,82.6,84.8
2019/02/18,84.3,85.4,83.4,84.6
2019/02/19,84.0,86.0,83.8,85.5
2019/02/20,90.0,91.5,86.4,88.2
2019/02/21,87.0,87.7,86.0,86.6
2019/02/22,86.9,87.5,86.4,87.1
2019/02/25,87.5,90.2,87.5,89.5
2019/02/26,89.6,94.8,89.0,91.5
2019/02/27,90.0,90.7,88.2,89.4
2019/03/04,91.0,91.0,88.3,88.3
2019/03/05,88.3,89.5,87.1,87.1
2019/03/06,87.6,89.0,87.5,88.7
2019/03/07,89.3,89.3,86.9,87.8
2019/03/08,88.1,89.9,88.1,89.5
2019/03/11,89.6,89.7,87.2,88.1
2019/03/12,89.1,91.6,88.6,90.0
2019/03/13,88.2,92.0,88.1,91.5
2019/03/14,90.0,91.5,89.0,89.3
2019/03/15,89.3,90.5,89.3,89.4
2019/03/18,89.4,90.8,89.3,89.8
2019/03/19,89.8,93.3,89.7,92.9
2019/03/20,92.9,93.3,91.1,91.7
2019/03/21,91.7,92.6,91.3,91.7
2019/03/22,92.0,92.6,91.6,91.7
2019/03/25,90.0,90.7,89.1,90.4
2019/03/26,90.8,93.2,90.6,92.0
2019/03/27,92.0,95.9,91.6,93.1
2019/03/28,93.0,94.8,93.0,93.6
2019/03/29,94.2,96.4,94.1,95.7
2019/04/01,95.0,96.3,92.1,94.0
2019/04/02,93.5,97.5,93.0,96.0
2019/04/03,96.6,98.8,95.6,95.6
2019/04/08,97.0,105.0,96.4,103.0
2019/04/09,103.0,106.5,101.0,102.0
2019/04/10,100.5,104.0,99.5,102.5
2019/04/11,103.0,105.0,102.0,103.0
2019/04/12,104.0,111.0,103.5,108.5
2019/04/15,110.0,111.5,108.0,109.5
2019/04/16,112.5,115.5,108.5,109.0
2019/04/17,110.0,114.5,109.0,112.5
2019/04/18,114.0,114.5,108.5,109.5
2019/04/19,109.5,112.0,108.5,110.0
2019/04/22,114.0,117.0,112.5,114.0
2019/04/23,115.0,115.5,112.0,112.5
2019/04/24,110.5,111.0,105.0,109.0
2019/04/25,110.0,114.0,109.5,113.0
2019/04/26,111.5,113.0,108.0,110.0
2019/04/29,111.0,112.0,106.5,108.0
2019/04/30,106.5,110.5,105.0,110.5
2019/05/02,110.5,110.5,107.0,108.0
2019/05/03,110.5,113.0,109.5,111.0
2019/05/06,106.0,110.5,106.0,109.0
2019/05/07,110.5,112.5,109.0,112.0
2019/05/08,110.0,113.0,108.5,111.5
2019/05/09,110.0,111.5,105.5,108.0
2019/05/10,108.0,109.5,102.5,104.0
2019/05/13,100.0,102.5,99.9,100.5
2019/05/14,97.8,101.0,96.6,99.0
2019/05/15,99.6,101.5,97.9,98.4
2019/05/16,97.3,98.2,92.4,94.5
2019/05/17,92.8,94.4,87.5,87.8
2019/05/20,88.8,91.5,88.7,89.6
2019/05/21,89.4,91.2,88.7,91.2
2019/05/22,91.5,92.3,89.3,91.3
2019/05/23,90.0,90.2,86.5,88.8
2019/05/24,88.6,90.2,88.6,90.0
2019/05/27,91.7,91.7,88.1,90.0
2019/05/28,91.1,91.3,89.4,89.7
2019/05/29,89.7,90.6,88.1,90.1
2019/05/30,90.2,91.4,89.6,90.0
2019/05/31,89.8,94.2,89.8,92.6
2019/06/03,91.6,91.6,88.9,90.8
2019/06/04,90.8,91.8,90.2,90.3
2019/06/05,92.5,96.7,91.5,95.8
2019/06/06,94.1,95.8,93.2,93.2
2019/06/10,93.3,94.4,92.1,93.8
2019/06/11,94.2,97.9,93.3,96.1
2019/06/12,95.7,97.7,94.0,96.8
2019/06/13,96.7,98.0,95.5,96.1
2019/06/14,96.1,96.6,94.5,94.6
2019/06/17,94.9,96.3,94.6,96.1
2019/06/18,97.3,97.3,94.7,96.0
2019/06/19,97.3,100.0,96.2,99.5
2019/06/20,99.5,101.5,99.0,100.0
2019/06/21,100.5,101.5,97.2,97.3
2019/06/24,98.0,99.0,96.5,98.5
2019/06/25,99.3,99.3,97.7,97.7
2019/06/26,97.5,98.6,97.0,97.9
2019/06/27,98.9,102.0,98.6,101.5
2019/06/28,102.0,103.0,99.4,99.4
2019/07/01,102.5,108.5,102.0,106.5
2019/07/02,107.0,108.0,105.5,105.5
2019/07/03,105.5,106.5,104.0,106.0
2019/07/04,107.0,107.0,102.0,103.5
2019/07/05,104.5,105.5,102.5,104.5
2019/07/08,100.0,101.5,99.2,99.3
2019/07/09,99.5,99.7,97.4,98.7
2019/07/10,99.5,102.5,99.4,100.5
2019/07/11,102.0,106.0,101.0,104.0
2019/07/12,105.5,106.5,103.5,104.5
2019/07/15,105.0,105.5,102.5,105.0
2019/07/16,106.0,110.0,106.0,107.5
2019/07/17,107.5,115.5,107.5,114.5
2019/07/18,112.5,114.0,111.0,111.5
2019/07/19,113.0,117.5,113.0,114.5
2019/07/22,113.0,116.5,112.5,116.0
2019/07/23,116.0,118.0,114.5,115.5
2019/07/24,115.0,116.5,114.0,115.0
2019/07/25,115.0,117.0,114.0,116.0
2019/07/26,114.5,115.5,113.5,113.5
2019/07/29,113.5,117.0,112.5,112.5
2019/07/30,114.0,114.5,109.5,112.0
2019/07/31,115.0,118.5,113.5,114.0
2019/08/01,111.5,115.0,110.0,111.0
2019/08/02,107.5,107.5,102.0,102.0
2019/08/05,101.0,103.0,100.5,101.0
2019/08/06,96.6,103.0,96.6,102.0
2019/08/07,103.5,105.0,102.0,102.5
2019/08/08,102.5,106.5,102.0,106.0
2019/08/12,105.5,108.5,104.5,106.0
2019/08/13,105.5,110.0,104.5,109.0
2019/08/14,114.0,119.5,112.5,119.5
2019/08/15,115.0,118.5,115.0,117.5
2019/08/16,120.0,120.5,116.0,116.0
2019/08/19,118.5,119.5,117.0,119.0
2019/08/20,120.0,121.5,118.5,119.0
2019/08/21,120.0,121.5,117.0,119.0
2019/08/22,119.5,126.0,118.5,123.0
2019/08/23,123.0,125.5,121.0,122.0
2019/08/26,118.5,119.0,116.0,117.0
2019/08/27,119.5,121.5,117.5,118.0
2019/08/28,119.0,119.0,115.0,115.0
2019/08/29,116.0,116.5,114.5,115.0
2019/08/30,117.5,119.0,114.5,116.0
2019/09/02,115.0,119.0,113.0,118.5
2019/09/03,117.5,118.5,116.0,116.0
2019/09/04,117.5,120.0,116.5,117.5
2019/09/05,118.5,119.5,117.0,119.5
2019/09/06,120.0,120.0,116.5,116.5
2019/09/09,117.0,117.5,112.5,113.0
2019/09/10,111.0,112.0,106.5,112.0
2019/09/11,114.0,114.0,109.0,110.5
2019/09/12,112.5,114.0,110.0,111.5
2019/09/16,112.0,112.0,109.0,112.0
2019/09/17,111.0,114.0,110.0,112.5
2019/09/18,112.5,117.0,112.5,115.0
2019/09/19,115.5,117.5,115.5,115.5
2019/09/20,116.0,116.5,115.0,115.0
2019/09/23,116.0,118.5,114.5,117.5
2019/09/24,118.0,120.0,115.5,116.0
2019/09/25,116.0,117.5,114.5,115.5
2019/09/26,117.0,117.5,115.0,115.0
2019/09/27,115.5,116.0,111.0,111.0
2019/10/01,113.5,117.5,113.0,117.5
2019/10/02,116.5,121.5,115.5,117.0
2019/10/03,115.0,116.5,114.0,114.0
2019/10/04,114.5,116.0,114.5,116.0
2019/10/07,117.0,119.5,117.0,119.5
2019/10/08,119.5,122.0,118.0,121.0
2019/10/09,121.0,121.0,118.5,119.0
2019/10/14,123.0,127.5,123.0,124.0
2019/10/15,123.0,127.0,121.5,124.0
2019/10/16,126.0,130.5,124.5,127.0
2019/10/17,128.5,131.0,126.5,131.0
2019/10/18,132.0,135.0,130.0,134.5
2019/10/21,135.5,137.0,132.0,135.5
2019/10/22,136.5,141.5,135.0,139.5
2019/10/23,138.5,140.0,135.0,138.0
2019/10/24,139.5,144.5,139.0,144.5
2019/10/25,145.0,148.0,143.0,145.0
2019/10/28,146.5,151.0,145.5,147.5
2019/10/29,148.5,149.5,141.0,144.0
2019/10/30,145.0,149.0,143.5,148.5
2019/10/31,147.5,147.5,140.0,145.0
2019/11/01,144.0,147.5,142.5,146.5
2019/11/04,147.0,148.0,144.0,146.0
2019/11/05,146.5,148.5,145.5,147.5
2019/11/06,150.0,153.0,144.0,145.0
2019/11/07,145.5,148.5,143.5,148.0
2019/11/08,147.0,148.0,144.5,147.5
2019/11/11,149.0,149.0,144.0,144.0
2019/11/12,146.0,155.5,145.0,153.0
2019/11/13,146.0,146.0,138.0,139.0
2019/11/14,138.0,141.0,133.5,139.5
2019/11/15,141.0,141.0,137.0,138.0
2019/11/18,139.5,141.0,138.0,141.0
2019/11/19,139.5,141.5,139.0,140.0
2019/11/20,140.0,142.5,135.5,139.5
2019/11/21,138.5,139.5,134.5,139.0
2019/11/22,139.0,140.0,136.0,136.5
2019/11/25,138.0,138.5,136.5,137.0
2019/11/26,138.0,139.5,136.5,136.5
2019/11/27,137.0,139.0,136.5,138.5
2019/11/28,138.5,138.5,136.5,137.0
2019/11/29,138.0,138.0,131.0,134.5
2019/12/02,133.5,136.0,129.5,134.5
2019/12/03,133.5,135.5,132.0,133.0
2019/12/04,132.5,139.0,132.0,135.0
2019/12/05,135.5,136.0,133.0,133.0
2019/12/06,134.0,135.5,133.0,134.0
2019/12/09,134.5,139.0,133.5,136.5
2019/12/10,136.0,139.0,134.0,138.5
2019/12/11,138.0,141.0,136.0,136.5
2019/12/12,138.0,139.0,137.0,139.0
2019/12/13,141.0,141.5,135.5,136.0
2019/12/16,136.0,137.0,135.5,136.5
2019/12/17,137.5,141.0,137.0,141.0
2019/12/18,141.0,145.5,140.0,141.5
2019/12/19,141.0,142.0,137.0,137.0
2019/12/20,137.5,140.0,135.5,139.5
2019/12/23,138.5,139.5,138.0,138.5
2019/12/24,138.5,140.0,138.0,139.0
2019/12/25,140.5,141.5,139.5,140.5
2019/12/26,142.0,142.0,140.0,141.0
2019/12/27,141.5,142.5,141.0,142.0
2019/12/30,143.0,145.0,142.0,142.0
2019/12/31,143.0,144.0,141.5,143.0
2020/01/02,144.5,149.5,144.0,146.5
2020/01/03,147.0,150.0,144.0,147.0
2020/01/06,146.0,146.0,141.0,142.0
2020/01/07,140.5,142.5,129.0,131.5
2020/01/08,128.5,132.0,126.5,130.0
2020/01/09,131.5,137.0,131.5,136.0
2020/01/10,136.0,137.0,133.0,135.0
2020/01/13,136.0,138.5,135.0,138.0
2020/01/14,138.0,138.5,135.5,136.0
2020/01/15,136.0,138.0,135.0,136.0
2020/01/16,135.5,137.5,135.0,137.0
2020/01/17,137.5,138.5,136.0,136.5
2020/01/20,136.5,137.0,134.0,134.5
2020/01/30,125.0,126.0,121.5,121.5
2020/01/31,119.0,122.0,115.0,119.5
2020/02/03,114.5,122.0,111.5,120.5
2020/02/04,119.5,125.0,119.5,124.5
2020/02/05,123.5,123.5,120.0,120.5
2020/02/06,121.5,124.0,121.0,122.5
2020/02/07,122.5,122.5,119.0,121.0
2020/02/10,118.0,122.5,113.0,122.0
2020/02/11,122.0,125.0,121.0,124.5
2020/02/12,128.5,135.0,126.0,127.0
2020/02/13,127.5,128.0,126.0,127.0
2020/02/14,127.0,130.5,126.0,128.5
2020/02/17,126.5,126.5,122.0,123.0
2020/02/18,122.0,124.0,121.5,122.0
2020/02/19,123.5,124.0,121.5,123.0
2020/02/20,123.5,124.5,122.5,123.0
2020/02/21,123.0,124.0,121.5,123.0
2020/02/24,120.5,121.0,118.0,119.5
2020/02/25,117.0,124.0,117.0,123.5
2020/02/26,121.0,122.5,119.0,119.0
2020/02/27,119.0,120.5,114.0,115.5
2020/03/02,111.5,120.0,111.0,118.0
2020/03/03,120.5,123.5,120.0,121.0
2020/03/04,120.0,122.0,118.5,121.0
2020/03/05,123.0,124.0,120.5,122.0
2020/03/06,120.5,121.0,118.0,118.5
2020/03/09,116.5,117.0,111.5,112.0
2020/03/11,116.0,123.0,112.0,112.5
2020/03/12,111.0,111.5,101.5,101.5
2020/03/13,92.0,92.2,91.4,91.4
2020/03/16,88.2,95.3,87.8,87.8
2020/03/17,83.2,88.0,79.2,79.2
2020/03/18,80.8,85.4,80.0,81.1
2020/03/19,79.3,80.5,73.0,73.0
2020/03/20,75.8,80.3,74.5,78.5
2020/03/23,75.9,76.9,73.2,75.5
2020/03/24,78.9,82.6,78.0,81.1
2020/03/25,86.0,88.2,85.0,86.8
2020/03/26,89.5,91.7,86.4,90.9
2020/03/27,93.9,96.5,92.7,93.0
2020/03/30,90.2,91.7,88.5,91.1
2020/03/31,92.0,93.7,91.3,93.0
2020/04/01,93.4,93.7,91.0,91.0
2020/04/06,90.9,91.5,88.1,90.3
2020/04/07,92.0,92.6,90.6,91.3
2020/04/08,93.9,100.0,93.7,99.9
2020/04/09,100.5,103.0,97.0,98.0
2020/04/10,97.8,98.6,96.3,96.8
2020/04/13,96.7,98.0,94.8,95.2
2020/04/14,96.6,104.5,96.3,103.5
2020/04/15,103.5,104.5,101.0,102.0
2020/04/16,101.0,105.0,100.0,102.0
2020/04/17,106.0,109.5,101.0,102.5
2020/04/20,102.5,103.5,101.0,102.0
2020/04/21,101.0,103.5,99.1,100.0
2020/04/22,99.1,101.0,97.0,100.0
2020/04/23,101.0,102.5,99.9,101.0
2020/04/24,99.0,100.0,97.1,99.3
2020/04/27,100.0,102.5,99.7,102.0
2020/04/28,101.0,101.5,99.5,101.0
2020/04/29,101.0,104.5,101.0,104.0
2020/04/30,105.0,109.5,104.0,108.0
2020/05/04,104.0,108.0,102.5,106.0
2020/05/05,107.0,114.0,107.0,113.0
2020/05/06,114.5,119.0,114.0,119.0
2020/05/07,118.5,121.0,115.5,117.0
2020/05/08,118.0,119.0,116.5,117.0
2020/05/11,120.0,124.5,118.0,118.0
2020/05/12,118.5,122.0,116.5,117.0
2020/05/13,116.5,118.0,114.0,117.5
2020/05/14,117.5,119.5,113.0,113.5
2020/05/15,115.5,116.5,110.0,113.5
2020/05/18,113.5,114.0,108.5,108.5
2020/05/19,111.0,112.0,109.0,109.0
2020/05/20,109.5,114.0,109.5,113.0
2020/05/21,115.0,117.0,114.0,116.0
2020/05/22,117.5,118.5,111.0,112.0
2020/05/25,113.0,117.5,110.0,117.0
2020/05/26,118.5,123.0,118.0,121.0
2020/05/27,122.0,123.0,119.0,119.0
2020/05/28,120.0,121.5,117.0,117.5
2020/05/29,116.0,119.5,115.5,119.5
2020/06/01,120.5,124.0,119.5,123.0
2020/06/02,123.5,129.0,122.5,125.0
2020/06/03,129.0,131.0,127.0,129.0
2020/06/04,131.0,133.0,128.5,131.5
2020/06/05,131.0,131.0,129.0,129.5
2020/06/08,131.5,135.0,130.5,133.0
2020/06/09,133.0,138.0,131.0,138.0
2020/06/10,138.5,138.5,134.0,135.5
2020/06/11,135.5,137.5,130.5,131.5
2020/06/12,127.0,133.5,125.0,133.5
2020/06/15,133.5,134.0,130.0,132.0
2020/06/16,135.0,136.0,133.5,134.0
2020/06/17,135.5,135.5,131.5,132.0
2020/06/18,132.5,136.0,131.5,134.5
2020/06/19,134.5,137.5,133.0,137.0
2020/06/22,137.5,138.0,133.0,134.0
2020/06/23,132.0,134.0,130.0,132.0
2020/06/24,132.0,135.0,132.0,133.5
2020/06/29,128.5,130.5,126.5,127.5
2020/06/30,129.0,131.0,127.0,128.5
2020/07/01,130.0,134.0,129.5,132.5
2020/07/02,135.0,135.0,132.5,133.5
2020/07/03,133.0,135.5,132.5,135.0
2020/07/06,136.0,140.0,135.5,138.0
2020/07/07,140.0,140.0,135.0,137.0
2020/07/08,132.0,137.5,131.5,136.5
2020/07/09,137.0,143.5,136.5,139.0
2020/07/10,138.0,138.5,132.0,132.5
2020/07/13,133.5,136.5,132.0,135.5
2020/07/14,135.5,138.5,134.0,135.0
2020/07/15,136.5,139.0,133.5,133.5
2020/07/16,134.5,135.5,131.5,131.5
2020/07/17,133.5,134.0,128.0,130.5
2020/07/20,131.0,131.5,128.5,131.0
2020/07/21,132.0,135.0,132.0,133.5
2020/07/22,133.0,133.5,130.5,131.5
2020/07/23,131.5,132.5,129.0,130.0
2020/07/24,130.0,131.5,127.5,127.5
2020/07/27,128.5,131.0,127.0,128.0
2020/07/28,127.5,133.5,127.5,132.5
2020/07/29,131.5,135.0,128.5,134.5
2020/07/30,134.5,136.5,133.0,135.5
2020/07/31,134.0,137.0,134.0,135.0
2020/08/03,135.0,136.0,129.5,130.0
2020/08/04,130.5,132.5,129.5,131.5
2020/08/05,132.0,142.5,132.0,140.0
2020/08/06,142.0,146.5,142.0,145.0
2020/08/07,146.0,151.5,145.0,146.5
2020/08/10,145.0,147.5,142.5,144.0
2020/08/11,144.0,146.0,138.5,139.0
2020/08/12,138.5,141.0,136.0,137.0
2020/08/13,139.0,142.0,134.0,134.5
2020/08/14,134.0,136.5,133.0,135.5
2020/08/17,136.0,137.5,134.5,136.0
2020/08/18,137.0,137.0,131.5,132.0
2020/08/19,132.0,135.0,131.0,132.5
2020/08/20,132.0,132.5,120.5,124.0
2020/08/21,126.0,130.0,125.0,129.5
2020/08/24,128.5,129.5,125.0,128.0
2020/08/25,129.5,130.0,125.0,127.0
2020/08/26,127.5,129.5,127.0,129.0
2020/08/27,129.0,130.0,125.5,125.5
2020/08/28,125.5,126.5,124.0,124.5
2020/08/31,126.5,129.5,122.5,123.0
2020/09/01,123.5,126.5,119.5,123.5
2020/09/02,125.5,127.5,125.0,127.5
2020/09/03,128.5,130.5,126.0,126.0
2020/09/04,124.5,128.5,123.0,128.0
2020/09/07,128.5,128.5,123.5,123.5
2020/09/08,124.0,126.0,122.0,123.0
2020/09/09,122.0,122.5,120.0,121.0
2020/09/10,123.0,123.5,121.0,121.0
2020/09/11,121.5,124.5,120.0,123.0
2020/09/14,124.0,131.0,123.5,129.0
2020/09/15,128.0,131.5,127.0,129.0
2020/09/16,130.5,135.0,130.0,134.5
2020/09/17,133.5,135.0,131.0,132.0
2020/09/18,131.0,135.0,130.0,134.5
2020/09/21,134.0,136.0,133.0,133.5
2020/09/22,133.5,134.5,131.0,131.5
2020/09/23,134.0,134.5,131.0,131.5
2020/09/24,130.0,131.0,124.0,125.0
2020/09/25,126.0,128.0,122.0,123.0
2020/09/28,125.0,129.0,124.5,125.0
2020/09/29,126.5,128.0,124.0,125.5
2020/09/30,126.5,127.0,125.0,126.0
2020/10/05,127.0,127.5,124.5,127.0
2020/10/06,127.5,133.5,127.0,132.5
2020/10/07,131.0,133.0,130.5,131.0
2020/10/08,133.0,133.0,130.0,131.5
2020/10/12,131.0,132.0,127.0,128.0
2020/10/13,129.5,132.5,129.0,129.0
2020/10/14,128.5,130.0,126.5,129.0
2020/10/15,128.0,130.0,125.0,126.0
2020/10/16,126.5,128.5,126.0,126.0
2020/10/19,127.5,138.5,127.5,137.5
2020/10/20,137.0,139.0,133.0,135.0
2020/10/21,136.0,137.0,133.0,133.5
2020/10/22,133.5,136.0,133.0,134.5
2020/10/23,135.5,136.5,131.0,132.5
2020/10/26,132.5,133.5,131.0,131.5
2020/10/27,130.0,131.0,128.5,130.0
2020/10/28,130.0,130.5,127.5,128.0
2020/10/29,126.5,128.0,124.5,127.0
2020/10/30,126.5,126.5,121.0,121.0
2020/11/02,121.0,122.5,117.0,119.5
2020/11/03,121.5,124.5,120.5,123.0
2020/11/04,124.0,127.0,122.0,126.0
2020/11/05,126.0,127.5,124.5,126.5
2020/11/06,127.0,130.0,126.0,127.5
2020/11/09,129.0,130.0,126.5,127.0
2020/11/10,126.5,127.0,121.5,122.0
2020/11/11,123.0,125.0,122.0,123.0
2020/11/12,124.5,126.0,123.5,124.0
2020/11/13,124.0,125.0,121.5,123.0
2020/11/16,125.0,127.0,124.5,126.0
2020/11/17,127.0,127.0,124.0,124.0
2020/11/18,123.5,126.5,120.5,121.5
2020/11/19,120.0,120.0,118.0,119.0
2020/11/20,118.0,119.0,116.0,116.5
2020/11/23,117.0,120.0,116.5,118.0
2020/11/24,119.0,121.0,118.5,119.0
2020/11/25,120.0,120.5,116.5,117.0
2020/11/26,117.5,119.5,116.5,119.0
2020/11/27,119.5,122.0,119.0,122.0
2020/11/30,123.5,126.0,122.5,123.5
2020/12/01,125.0,126.0,122.5,124.5
2020/12/02,125.0,125.5,122.0,122.5
2020/12/03,123.5,124.5,122.0,123.0
2020/12/04,123.0,123.5,119.5,121.0
2020/12/07,123.0,125.0,119.5,123.0
2020/12/08,123.0,123.5,121.0,121.5
2020/12/09,122.5,124.5,122.0,122.5
2020/12/10,122.0,122.0,118.5,119.5
2020/12/11,120.5,121.0,117.0,118.0
2020/12/14,118.0,119.0,117.5,118.0
2020/12/15,118.0,118.5,112.5,113.0
2020/12/16,114.5,120.0,114.0,120.0
2020/12/17,119.0,121.5,118.5,119.5
2020/12/18,120.5,124.0,120.0,121.5
2020/12/21,122.5,123.0,118.0,118.5
2020/12/22,118.0,119.5,116.0,116.0
2020/12/23,117.0,119.0,116.0,118.0
2020/12/24,119.0,120.0,117.0,117.5
2020/12/25,118.5,119.5,116.5,117.0
2020/12/28,118.0,118.5,115.5,115.5
2020/12/29,116.5,118.0,114.5,115.5
2020/12/30,115.0,116.0,113.5,115.0
2020/12/31,115.5,116.0,113.0,114.0
2021/01/04,115.0,122.0,115.0,119.0
2021/01/05,119.0,120.0,118.0,119.0
2021/01/06,121.0,124.5,118.5,119.5
2021/01/07,122.0,123.0,120.0,120.0
2021/01/08,121.0,122.0,116.5,119.0
2021/01/11,118.5,119.0,116.5,118.0
2021/01/12,118.5,121.5,117.5,118.0
2021/01/13,119.5,121.5,119.0,121.0
2021/01/14,122.0,124.0,120.5,122.0
2021/01/15,123.0,123.0,117.0,117.5
2021/01/18,116.5,118.5,114.0,118.5
2021/01/19,118.0,118.5,117.0,117.0
2021/01/20,117.0,118.0,112.0,113.0
2021/01/21,115.0,117.0,114.5,115.0
2021/01/22,116.0,118.0,114.5,117.0
2021/01/25,118.0,121.5,117.0,121.0
2021/01/26,122.0,124.0,117.5,118.5
2021/01/27,120.0,121.5,118.5,120.5
2021/01/28,118.0,119.0,116.0,116.0
2021/01/29,117.0,117.0,114.0,114.0
2021/02/01,114.5,115.0,112.0,114.0
2021/02/02,115.0,116.0,113.0,113.5
2021/02/03,114.0,114.5,113.0,113.0
2021/02/04,113.0,116.5,112.0,116.0
2021/02/05,116.0,116.0,114.0,115.5
2021/02/17,116.5,118.0,115.0,116.0
2021/02/18,116.0,118.5,115.0,118.0
2021/02/19,118.0,120.5,116.5,120.5
2021/02/22,121.0,121.0,119.0,120.0
2021/02/23,119.0,120.0,117.5,117.5
2021/02/24,118.0,121.5,118.0,119.0
2021/02/25,121.5,123.5,120.5,122.0
2021/02/26,120.0,122.0,119.0,120.0
2021/03/02,121.5,122.5,120.0,121.0
2021/03/03,123.5,125.0,121.5,122.5
2021/03/04,121.5,122.5,118.5,119.5
2021/03/05,118.0,120.0,117.5,119.5
2021/03/08,122.0,122.0,119.0,119.0
2021/03/09,119.0,119.5,117.0,118.0
2021/03/10,119.0,120.0,118.0,119.5
2021/03/11,120.0,120.0,119.0,119.0
2021/03/12,120.0,121.0,119.5,120.5
2021/03/15,120.5,122.5,120.0,121.0
2021/03/16,122.0,124.0,121.0,122.5
2021/03/17,123.0,125.5,122.5,124.5
2021/03/18,126.0,129.0,125.0,127.5
2021/03/19,127.0,128.5,126.5,127.5
2021/03/22,128.5,129.5,126.5,127.0
2021/03/23,128.0,128.5,124.0,125.0
2021/03/24,125.5,128.5,125.0,126.0
2021/03/25,126.0,126.0,123.0,123.5
2021/03/26,125.0,125.0,124.0,124.5
2021/03/29,125.5,126.0,125.0,125.5
2021/03/30,126.0,126.0,124.0,125.0
2021/03/31,125.5,125.5,120.0,120.5
2021/04/01,120.5,121.0,117.5,118.0
2021/04/06,118.5,119.0,117.0,117.5
2021/04/07,117.5,118.0,115.0,116.5
2021/04/08,116.5,117.0,114.5,115.5
2021/04/09,115.5,116.0,113.0,113.0
2021/04/12,113.5,115.0,113.0,114.5
2021/04/13,113.5,114.0,112.0,112.0
2021/04/14,112.0,112.5,107.0,108.5
2021/04/15,109.5,111.0,108.0,109.0
2021/04/16,109.0,111.5,109.0,111.5
2021/04/19,111.5,111.5,108.5,109.0
2021/04/20,109.0,109.0,106.0,107.0
2021/04/21,106.5,107.0,104.0,104.5
2021/04/22,106.0,106.5,103.0,103.5
2021/04/23,104.5,105.0,103.0,104.0
2021/04/26,104.5,105.5,103.5,104.0
2021/04/27,104.5,106.0,103.0,106.0
2021/04/28,106.0,106.0,104.0,104.5
2021/04/29,105.0,107.5,104.0,106.0
2021/05/03,106.0,106.0,99.3,99.3
2021/05/04,99.5,101.0,97.4,98.7
2021/05/05,99.2,99.7,98.3,98.4
2021/05/06,98.6,100.0,98.4,98.7
2021/05/07,99.6,101.0,99.4,99.8
2021/05/10,100.0,100.5,97.2,97.3
2021/05/11,96.5,96.6,92.0,92.5
2021/05/12,92.5,93.0,84.0,87.0
2021/05/13,86.6,94.8,85.7,91.8
2021/05/14,92.6,93.5,89.1,90.0
2021/05/17,85.2,90.3,85.2,88.8
2021/05/18,89.3,92.8,88.6,90.3
2021/05/19,90.0,92.3,89.6,91.6
2021/05/20,91.6,92.2,91.0,91.1
2021/05/21,92.2,93.1,91.4,91.8
2021/05/24,91.5,93.8,91.2,93.7
2021/05/25,93.3,94.8,93.3,94.7
2021/05/26,94.7,95.3,94.2,94.7
2021/05/27,94.1,95.6,93.3,93.6
2021/05/28,94.5,98.7,94.0,97.0
2021/05/31,97.0,97.8,95.2,97.0
2021/06/01,98.0,99.5,97.1,98.4
2021/06/02,99.1,99.2,96.6,96.9
2021/06/03,97.5,97.9,96.3,97.3
2021/06/04,96.9,97.3,96.3,97.2
2021/06/07,97.5,97.5,94.2,96.4
2021/06/08,96.6,97.2,95.6,95.7
2021/06/09,95.8,96.9,95.8,96.0
2021/06/10,96.5,101.0,95.8,101.0
2021/06/11,100.0,103.5,99.2,101.5
2021/06/15,101.5,102.5,100.5,101.0
2021/06/16,101.0,102.5,100.0,101.5
2021/06/17,101.0,101.5,100.0,101.0
2021/06/18,101.0,104.0,101.0,102.5
2021/06/21,101.5,103.0,99.9,99.9
2021/06/22,101.5,102.0,99.5,99.9
2021/06/23,101.0,106.0,100.5,105.5
2021/06/24,106.0,108.5,105.0,106.0
2021/06/25,107.0,107.5,105.0,105.5
2021/06/28,106.0,107.0,105.0,107.0
2021/06/29,108.0,109.0,107.0,108.5
2021/06/30,106.0,107.0,104.5,105.0
2021/07/01,104.5,105.0,102.5,103.5
2021/07/02,104.0,104.5,103.0,104.0
2021/07/05,105.0,106.5,104.5,106.0
2021/07/06,106.0,106.0,104.5,104.5
2021/07/07,104.5,107.0,104.0,106.0
2021/07/08,106.0,106.5,104.5,106.0
2021/07/09,105.0,105.5,104.0,105.0
2021/07/12,106.0,106.0,104.0,105.0
2021/07/13,105.5,106.5,104.5,104.5
2021/07/14,105.0,106.5,104.5,105.0
2021/07/15,105.5,108.5,105.5,107.5
2021/07/16,107.5,109.0,107.0,109.0
2021/07/19,108.0,108.5,106.5,107.0
2021/07/20,106.0,106.0,103.0,103.5
2021/07/21,104.5,104.5,101.5,102.0
2021/07/22,103.0,104.5,102.5,103.5
2021/07/23,104.0,105.0,103.0,103.5
2021/07/26,104.0,104.5,103.0,104.0
2021/07/27,104.5,106.5,104.5,105.0
2021/07/28,104.5,106.5,102.0,106.0
2021/07/29,107.0,107.5,105.0,107.0
2021/07/30,106.0,106.5,104.5,104.5
2021/08/02,105.5,106.0,104.5,104.5
2021/08/03,104.5,105.0,103.0,104.5
2021/08/04,104.5,105.0,103.5,103.5
2021/08/05,104.0,106.5,103.5,105.0
2021/08/06,105.0,105.5,103.5,104.0
2021/08/09,104.0,104.5,102.5,102.5
2021/08/10,103.0,103.0,99.9,100.5
2021/08/11,100.5,101.5,98.6,100.0
2021/08/12,100.5,101.5,100.0,100.5
2021/08/13,100.5,100.5,98.0,98.0
2021/08/16,97.5,98.5,95.5,96.4
2021/08/17,97.4,98.4,97.0,97.0
2021/08/18,97.0,98.7,96.3,98.1
2021/08/19,98.1,98.3,94.9,95.0
2021/08/20,96.0,96.5,93.7,95.0
2021/08/23,96.5,97.5,96.0,97.0
2021/08/24,97.8,98.1,96.1,96.5
2021/08/25,97.3,98.5,96.5,98.1
2021/08/26,99.0,99.0,96.6,96.7
2021/08/27,97.2,97.5,96.4,97.3
2021/08/30,97.7,97.8,95.8,96.8
2021/08/31,100.0,101.5,96.6,99.3
2021/09/01,99.3,99.6,97.7,99.0
2021/09/02,99.0,101.0,98.1,98.1
2021/09/03,98.2,99.7,98.1,99.5
2021/09/06,99.5,99.8,98.3,98.4
2021/09/07,99.6,99.9,98.4,99.1
2021/09/08,99.5,99.5,97.5,97.6
2021/09/09,97.8,97.8,96.3,97.0
2021/09/10,97.2,99.1,97.2,98.9
2021/09/13,98.9,99.3,97.9,98.4
2021/09/14,98.5,99.8,98.4,98.6
2021/09/15,99.0,99.0,97.4,97.6
2021/09/16,98.4,98.7,97.0,97.3
2021/09/17,97.6,99.0,97.4,97.7
2021/09/22,97.0,97.0,94.2,95.0
2021/09/23,95.7,100.5,95.6,100.5
2021/09/24,100.5,102.0,100.5,102.0
2021/09/27,102.5,103.0,100.5,101.5
2021/09/28,100.5,101.0,99.7,100.0
2021/09/29,98.5,100.5,97.4,98.2
2021/09/30,98.7,99.8,97.6,98.9
2021/10/01,98.5,98.5,94.5,94.7
2021/10/04,95.5,95.6,92.8,92.8
2021/10/05,91.0,92.5,90.2,92.0
2021/10/06,92.5,92.9,90.2,90.5
2021/10/07,91.1,95.4,91.1,94.6
2021/10/08,95.8,95.9,94.0,94.3
2021/10/12,94.0,94.5,92.0,93.0
2021/10/13,94.3,94.3,91.2,91.2
2021/10/14,92.2,92.9,91.3,91.6
2021/10/15,92.7,94.3,92.3,93.8
2021/10/18,93.9,94.2,92.0,92.1
2021/10/19,92.6,95.3,92.6,94.6
2021/10/20,95.5,96.4,94.0,94.6
2021/10/21,96.2,96.9,94.1,94.2
2021/10/22,95.9,96.3,94.2,94.4
2021/10/25,94.7,95.5,93.9,95.1
2021/10/26,95.7,95.9,94.8,95.1
2021/10/27,95.1,96.0,95.1,95.6
2021/10/28,95.9,97.7,95.7,97.5
2021/10/29,98.5,98.5,95.9,96.0
2021/11/01,97.4,98.3,96.2,98.2
2021/11/02,98.9,99.8,97.5,98.1
2021/11/03,98.2,99.8,98.2,99.7
2021/11/04,100.0,102.5,100.0,101.5
2021/11/05,101.5,104.0,101.0,101.5
2021/11/08,103.0,103.5,101.0,102.0
2021/11/09,102.0,104.5,102.0,103.0
2021/11/10,102.5,103.0,100.0,100.5
2021/11/11,99.5,100.5,99.1,100.5
2021/11/12,103.0,104.5,100.5,102.0
2021/11/15,103.5,104.0,102.0,102.5
2021/11/16,102.5,103.0,101.5,102.0
2021/11/17,102.5,102.5,99.5,100.0
2021/11/18,100.0,101.0,99.3,100.0
2021/11/19,100.5,101.0,99.6,100.0
2021/11/22,100.0,103.0,100.0,102.5
2021/11/23,102.5,102.5,100.5,101.5
2021/11/24,101.5,102.5,100.0,102.0
2021/11/25,102.5,102.5,101.0,101.5
2021/11/26,102.0,102.0,99.0,99.1
2021/11/29,98.6,99.8,97.4,98.4
2021/11/30,99.2,99.3,98.0,98.0
2021/12/01,98.0,99.7,98.0,99.5
2021/12/02,99.1,99.6,97.8,98.0
2021/12/03,98.5,98.9,97.8,98.2
2021/12/06,98.2,98.8,97.7,98.7
2021/12/07,99.0,99.2,98.1,98.2
2021/12/08,99.5,99.5,98.6,98.8
2021/12/09,98.9,99.4,98.8,99.1
2021/12/10,99.2,99.3,98.1,99.1
2021/12/13,99.3,99.4,98.6,99.0
2021/12/14,98.9,99.0,97.0,97.1
2021/12/15,97.0,97.1,96.0,96.1
2021/12/16,96.8,98.8,96.8,98.7
2021/12/17,98.6,99.3,97.6,98.5
2021/12/20,98.0,98.5,97.2,97.7
2021/12/21,97.7,98.1,96.9,97.9
2021/12/22,98.0,98.6,97.6,98.6
2021/12/23,99.3,101.0,98.9,100.5
2021/12/24,101.0,101.5,100.0,101.0
2021/12/27,101.0,102.5,100.5,101.5
2021/12/28,102.0,102.5,101.0,101.0
2021/12/29,101.5,103.0,100.5,102.0
2021/12/30,102.0,102.0,100.5,100.5
2022/01/03,101.5,102.0,101.0,102.0
2022/01/04,101.5,101.5,100.5,100.5
2022/01/05,100.5,102.5,100.5,101.0
2022/01/06,102.0,102.5,101.0,102.5
2022/01/07,103.0,103.5,100.5,101.5
2022/01/10,101.5,103.0,100.5,101.5
2022/01/11,102.0,102.5,101.0,101.0
2022/01/12,101.5,101.5,100.0,101.5
2022/01/13,101.5,102.0,100.5,101.0
2022/01/14,100.5,100.5,98.2,99.1
2022/01/17,98.8,100.5,98.8,100.0
2022/01/18,100.5,102.0,100.0,100.5
2022/01/19,100.0,101.0,99.9,101.0
2022/01/20,100.5,102.0,100.5,102.0
2022/01/21,101.0,101.5,97.8,98.0
2022/01/24,97.0,97.1,96.1,96.4
2022/01/25,95.8,96.2,95.1,95.3
2022/01/26,95.2,95.4,94.2,94.3
2022/02/07,95.4,96.8,95.0,96.4
2022/02/08,95.9,97.1,95.9,96.5
2022/02/09,95.3,95.6,94.4,95.3
2022/02/10,95.6,95.9,94.5,94.9
2022/02/11,94.3,95.7,94.2,94.6
2022/02/14,93.9,93.9,91.6,92.5
2022/02/15,93.3,93.6,92.5,92.5
2022/02/16,93.8,94.1,93.3,93.4
2022/02/17,93.9,95.1,93.8,94.4
2022/02/18,93.2,94.6,93.2,93.6
2022/02/21,93.6,94.4,93.6,94.4
2022/02/22,93.9,94.2,92.7,93.7
2022/02/23,93.7,95.2,93.7,94.3
2022/02/24,93.8,93.9,92.0,92.4
2022/02/25,92.7,93.4,92.0,92.0
2022/03/01,93.2,95.0,92.7,94.4
2022/03/02,93.5,94.5,93.5,94.3
2022/03/03,94.7,95.0,94.1,94.8
2022/03/04,94.0,94.4,93.2,93.9
2022/03/07,93.4,93.4,90.8,91.7
2022/03/08,91.9,92.8,90.3,91.0
2022/03/09,92.5,92.8,91.4,92.2
2022/03/10,93.8,95.3,93.5,95.0
2022/03/11,94.2,94.9,94.2,94.4
2022/03/14,94.7,95.7,94.3,95.3
2022/03/15,94.6,94.6,92.6,92.9
2022/03/16,93.5,96.0,93.5,96.0
2022/03/17,99.0,105.0,98.7,104.0
2022/03/18,104.0,108.0,104.0,107.5
2022/03/21,109.5,110.5,107.0,108.5
2022/03/22,107.5,109.0,106.5,109.0
2022/03/23,110.5,111.0,109.0,109.5
2022/03/24,109.0,110.5,108.0,110.0
2022/03/25,110.0,112.0,108.0,109.5
2022/03/28,109.5,112.0,108.0,112.0
2022/03/29,113.0,113.5,110.5,110.5
2022/03/30,111.0,111.5,108.5,109.5
2022/03/31,111.0,111.5,107.5,107.5
2022/04/01,106.5,109.0,106.0,108.5
2022/04/06,107.5,108.0,105.5,107.0
2022/04/07,108.5,111.0,107.0,107.5
2022/04/08,109.0,110.0,107.5,108.0
2022/04/11,109.0,109.0,104.5,106.0
2022/04/12,105.5,106.5,104.0,105.0
2022/04/13,106.5,108.0,105.5,108.0
2022/04/14,109.0,109.0,107.0,107.5
2022/04/15,106.0,106.5,104.0,105.0
2022/04/18,104.0,105.5,103.5,105.0
2022/04/19,106.5,108.0,106.0,106.5
2022/04/20,107.5,110.0,107.0,109.5
2022/04/21,111.0,112.0,110.0,111.5
2022/04/22,111.0,111.5,109.0,110.5
2022/04/25,108.0,108.0,104.0,104.5
2022/04/26,105.0,105.5,103.5,105.5
2022/04/27,101.5,105.5,101.5,105.0
2022/04/28,105.0,105.0,103.0,105.0
2022/04/29,107.0,107.0,104.0,106.0
2022/05/03,105.0,107.0,105.0,107.0
2022/05/04,107.0,109.5,107.0,108.5
2022/05/05,110.0,110.5,107.0,108.0
2022/05/06,105.0,108.0,104.5,108.0
2022/05/09,105.0,105.5,102.5,102.5
2022/05/10,100.5,104.0,100.0,103.5
2022/05/11,102.5,103.0,100.5,101.0
2022/05/12,102.0,104.0,101.5,102.0
2022/05/13,104.0,106.5,103.5,105.5
2022/05/16,106.5,106.5,103.5,105.0
2022/05/17,105.0,107.5,104.5,107.5
2022/05/18,108.5,109.0,107.0,107.5
2022/05/19,106.0,109.0,105.0,108.5
2022/05/20,109.0,109.5,108.0,108.5
2022/05/23,110.0,110.0,108.5,109.0
2022/05/24,110.0,111.5,109.0,111.0
2022/05/25,111.5,113.0,110.0,113.0
2022/05/26,113.5,117.0,113.5,115.5
2022/05/27,116.5,117.0,113.5,114.5
2022/05/30,117.5,121.5,117.0,118.5
2022/05/31,120.0,121.5,118.0,121.0
2022/06/01,120.5,122.0,118.0,119.0
2022/06/02,117.0,118.0,115.5,116.0
2022/06/06,116.5,120.0,115.5,118.0
2022/06/07,118.5,119.0,117.0,118.0
2022/06/08,119.0,119.0,117.0,118.0
2022/06/09,118.0,119.5,117.0,118.0
2022/06/10,117.0,117.5,116.0,116.5
2022/06/13,114.0,115.0,113.5,114.5
2022/06/14,114.0,117.0,113.5,116.0
2022/06/15,116.5,117.5,113.5,114.0
2022/06/16,115.5,115.5,110.5,111.0
2022/06/17,110.0,111.5,108.0,111.0
2022/06/20,108.0,108.0,101.5,102.0
2022/06/21,104.0,106.5,102.5,106.0
2022/06/22,105.5,105.5,102.0,102.0
2022/06/23,103.5,104.0,101.0,101.5
2022/06/24,103.0,104.0,101.0,102.0
2022/06/27,103.5,105.5,102.5,104.0
2022/06/28,105.0,105.0,100.5,104.5
2022/06/29,104.0,107.5,103.5,106.5
2022/06/30,105.5,105.5,101.5,103.0
2022/07/01,102.5,103.0,95.5,95.8
2022/07/04,97.9,99.3,96.2,97.6
2022/07/05,99.3,99.9,94.4,96.3
2022/07/06,96.2,97.2,92.0,92.3
2022/07/07,93.7,96.4,92.7,96.0
2022/07/08,96.6,96.8,94.8,96.0
2022/07/11,96.1,96.5,95.1,96.0
2022/07/12,94.8,94.9,93.3,94.1
2022/07/13,95.9,96.6,94.4,94.5
2022/07/14,93.5,96.5,92.6,96.3
2022/07/15,96.7,102.0,96.0,100.5
2022/07/18,102.5,106.0,100.5,104.0
2022/07/19,103.5,105.5,103.0,104.0
2022/07/20,105.5,110.5,105.0,109.0
2022/07/21,109.0,114.0,108.5,113.5
2022/07/22,113.5,114.0,111.5,112.5
2022/07/25,112.0,113.5,111.0,112.5
2022/07/26,111.5,112.5,110.0,111.0
2022/07/27,111.0,113.0,110.5,113.0
2022/07/28,114.0,114.5,110.5,111.5
2022/07/29,113.0,113.5,112.0,113.0
2022/08/01,113.0,115.0,112.0,113.5
2022/08/02,112.0,112.0,109.0,111.0
2022/08/03,111.0,113.0,110.5,113.0
2022/08/04,112.5,113.0,109.0,111.5
2022/08/05,112.0,114.0,112.0,113.5
2022/08/08,113.0,115.5,112.5,115.5
2022/08/09,115.0,116.0,113.5,115.5
2022/08/10,115.5,119.0,114.5,118.0
2022/08/11,120.0,121.0,117.0,118.0
2022/08/12,117.0,117.5,115.5,117.0
2022/08/15,117.0,118.0,115.0,117.5
2022/08/16,117.5,118.5,116.5,118.5
2022/08/17,119.0,119.0,116.0,117.5
2022/08/18,117.5,117.5,115.5,116.5
2022/08/19,115.5,117.0,115.0,116.0
2022/08/22,115.0,118.0,115.0,117.0
2022/08/23,116.0,116.5,114.5,115.0
2022/08/24,115.5,116.5,112.0,113.5
2022/08/25,114.0,115.0,113.0,114.0
2022/08/26,115.5,116.0,113.5,114.0
2022/08/29,110.5,111.5,109.0,111.0
2022/08/30,112.0,114.5,111.5,113.5
2022/08/31,112.5,115.0,112.0,114.0
2022/09/01,112.5,113.0,109.5,111.0
2022/09/02,112.0,112.5,109.0,109.0
2022/09/05,109.5,111.5,109.0,109.5
2022/09/06,112.0,113.5,111.0,113.5
2022/09/07,111.0,113.5,110.0,112.5
2022/09/08,114.0,114.5,112.5,114.0
2022/09/12,115.5,117.5,115.0,116.0
2022/09/13,117.0,117.5,115.5,116.0
2022/09/14,113.0,117.0,112.5,116.5
2022/09/15,117.0,117.5,116.0,117.0
2022/09/16,117.0,117.0,114.5,115.5
2022/09/19,115.5,116.0,112.5,114.0
2022/09/20,115.0,116.0,114.5,116.0
2022/09/21,114.5,114.5,113.0,114.5
2022/09/22,113.0,114.0,112.5,114.0
2022/09/23,114.0,116.0,112.5,113.5
2022/09/26,113.0,113.0,109.0,109.0
2022/09/27,109.5,111.5,109.5,110.0
2022/09/28,110.0,111.0,103.0,103.5
2022/09/29,105.0,107.0,103.5,105.0
2022/09/30,102.5,106.5,102.5,106.0
2022/10/03,104.0,105.5,101.5,102.5
2022/10/04,105.0,108.0,105.0,107.5
2022/10/05,109.5,110.0,107.0,108.0
2022/10/06,111.0,111.5,108.5,109.0
2022/10/07,109.0,110.0,108.5,109.0
2022/10/11,106.0,107.0,104.0,105.5
2022/10/12,105.0,107.0,103.0,106.5
2022/10/13,109.0,110.0,105.5,106.5
2022/10/14,109.5,111.5,108.0,111.0
2022/10/17,111.0,111.0,106.5,108.5
2022/10/18,112.0,112.0,108.0,110.0
2022/10/19,111.0,111.0,106.0,107.0
2022/10/20,106.5,106.5,103.0,105.0
2022/10/21,106.0,106.0,101.5,102.0
2022/10/24,105.0,107.5,104.0,106.5
2022/10/25,107.5,108.0,105.0,106.5
2022/10/26,106.5,106.5,101.0,103.5
2022/10/27,106.0,107.0,102.5,105.0
2022/10/28,104.5,106.0,103.5,105.5
2022/10/31,106.5,107.0,104.5,106.0
2022/11/01,106.0,108.5,105.5,108.0
2022/11/02,108.0,111.0,107.5,111.0
2022/11/03,109.5,111.5,109.0,111.5
2022/11/04,111.0,113.0,110.0,113.0
2022/11/07,114.5,117.0,111.5,112.5
2022/11/08,114.0,115.0,112.5,113.5
2022/11/09,114.0,114.5,112.5,114.0
2022/11/10,113.5,115.0,112.5,114.5
2022/11/11,116.0,118.0,114.5,116.0
2022/11/14,117.0,118.0,116.0,118.0
2022/11/15,118.0,119.0,117.0,119.0
2022/11/16,119.5,121.0,118.5,120.0
2022/11/17,120.0,120.5,118.5,119.5
2022/11/18,119.5,119.5,117.0,118.5
2022/11/21,118.0,119.0,117.0,119.0
2022/11/22,118.5,119.0,116.5,118.0
2022/11/23,118.5,119.5,118.0,119.5
2022/11/24,119.5,119.5,117.5,119.0
2022/11/25,119.0,119.0,117.0,117.5
2022/11/28,117.0,119.0,116.5,118.0
2022/11/29,118.0,119.0,117.0,119.0
2022/11/30,119.5,120.0,118.5,119.5
2022/12/01,120.5,121.5,120.5,121.0
2022/12/02,121.0,123.0,120.0,122.5
2022/12/05,122.5,127.0,122.0,125.5
2022/12/06,125.0,129.0,124.0,127.0
2022/12/07,127.5,127.5,122.5,122.5
2022/12/08,116.5,118.0,113.5,117.0
2022/12/09,118.0,118.5,115.5,116.0
2022/12/12,115.5,116.0,114.5,116.0
2022/12/13,117.0,117.0,112.0,112.5
2022/12/14,114.0,117.0,113.5,116.5
2022/12/15,115.5,117.0,114.5,115.5
2022/12/16,113.5,116.5,113.5,114.5
2022/12/19,113.0,115.0,112.5,113.0
2022/12/20,112.0,113.5,109.5,110.0
2022/12/21,110.0,111.0,107.5,109.0
2022/12/22,109.5,110.0,107.5,109.5
2022/12/23,108.0,109.0,107.0,108.0
2022/12/26,108.0,108.5,106.0,107.0
2022/12/27,107.5,109.0,106.5,107.0
2022/12/28,107.0,107.5,104.0,105.0
2022/12/29,104.0,105.5,103.5,105.0
2022/12/30,107.0,107.0,105.0,105.0
2023/01/03,105.0,107.5,104.0,107.0
2023/01/04,107.0,107.0,104.0,104.5
2023/01/05,105.5,106.0,103.0,103.5
2023/01/06,105.0,106.0,104.0,104.5
2023/01/09,106.5,109.0,105.5,107.5
2023/01/10,107.5,108.5,106.5,108.0
2023/01/11,108.0,109.0,107.5,107.5
2023/01/12,107.5,108.0,106.0,106.5
2023/01/13,107.5,107.5,106.0,106.5
2023/01/16,107.0,108.0,106.0,106.5
2023/01/17,107.0,107.0,106.0,107.0
2023/01/30,109.5,110.0,108.0,109.0
2023/01/31,109.0,110.5,108.5,110.0
2023/02/01,110.0,112.5,110.0,111.5
2023/02/02,112.5,113.5,111.5,113.0
2023/02/03,114.0,114.0,111.5,112.5
2023/02/06,113.0,113.0,112.0,112.5
2023/02/07,113.5,114.0,112.0,112.5
2023/02/08,113.5,113.5,111.0,112.5
2023/02/09,112.0,113.0,111.5,112.5
2023/02/10,113.0,113.0,111.5,111.5
2023/02/13,112.0,113.0,111.5,113.0
2023/02/14,113.5,114.0,112.5,113.5
2023/02/15,113.5,113.5,112.5,113.5
2023/02/16,114.0,114.5,113.5,114.0
2023/02/17,114.0,115.0,114.0,114.5
2023/02/20,114.5,115.5,114.0,114.5
2023/02/21,114.5,115.0,113.5,115.0
2023/02/22,114.0,115.0,113.0,114.5
2023/02/23,114.5,114.5,112.5,114.0
2023/02/24,114.0,114.5,112.0,112.0
2023/03/01,112.0,114.5,112.0,114.0
2023/03/02,114.5,114.5,112.5,113.5
2023/03/03,114.5,116.0,114.5,114.5
2023/03/06,115.0,116.0,114.5,115.0
2023/03/07,115.5,119.0,114.5,117.5
2023/03/08,116.5,118.5,116.0,116.5
2023/03/09,116.5,118.0,115.0,117.0
2023/03/10,116.0,116.0,113.0,114.0
2023/03/13,114.0,115.5,113.0,115.5
2023/03/14,113.5,113.5,108.5,108.5
2023/03/15,109.0,109.5,107.0,107.5
2023/03/16,106.5,109.0,106.0,107.5
2023/03/17,108.0,109.0,107.0,109.0
2023/03/20,108.5,109.0,107.5,107.5
2023/03/21,107.5,108.5,107.0,108.0
2023/03/22,109.0,110.0,109.0,110.0
2023/03/23,109.5,110.5,109.0,109.5
2023/03/24,110.0,111.0,109.5,110.5
2023/03/27,111.0,112.5,110.5,112.0
2023/03/28,112.5,113.0,110.0,111.0
2023/03/29,111.5,112.5,111.0,112.0
2023/03/30,112.5,114.0,112.5,114.0
2023/03/31,114.5,115.0,113.5,114.0
2023/04/06,114.0,116.0,113.0,115.5
2023/04/07,115.5,115.5,113.5,114.0
2023/04/10,113.0,113.5,111.5,111.5
2023/04/11,112.0,114.0,112.0,113.5
2023/04/12,113.5,114.5,113.0,113.5
2023/04/13,113.5,114.5,113.0,113.0
2023/04/14,113.5,114.0,112.5,113.0
2023/04/17,113.0,113.5,112.0,113.0
2023/04/18,113.0,113.5,112.5,113.5
2023/04/19,113.5,114.0,111.0,111.0
2023/04/20,110.5,112.0,110.0,111.5
2023/04/21,111.0,112.5,111.0,111.0
2023/04/24,110.5,111.5,110.0,110.5
2023/04/25,111.5,112.0,109.0,109.0
2023/04/26,108.5,109.5,107.5,108.5
2023/04/27,108.5,112.0,108.5,111.0
2023/04/28,112.0,113.0,111.5,111.5
2023/05/02,111.5,112.5,110.5,112.0
2023/05/03,112.0,113.0,112.0,112.5
2023/05/04,112.5,113.5,112.5,113.0
2023/05/05,113.0,113.5,112.5,113.5
2023/05/08,114.0,116.0,113.5,115.5
2023/05/09,114.5,115.5,114.0,115.0
2023/05/10,115.0,115.0,113.0,114.0
2023/05/11,110.0,110.0,104.0,106.0
2023/05/12,105.5,106.0,104.0,105.0
2023/05/15,104.5,105.5,104.0,105.0
2023/05/16,105.5,108.0,105.0,107.5
2023/05/17,106.5,108.5,106.5,107.5
2023/05/18,109.0,110.5,108.5,110.0
2023/05/19,110.0,113.0,109.5,113.0
2023/05/22,112.5,114.0,112.0,113.5
2023/05/23,113.5,113.5,111.0,112.0
2023/05/24,111.5,113.5,111.5,113.0
2023/05/25,112.5,114.5,112.5,113.5
2023/05/26,114.0,114.5,113.0,114.0
2023/05/29,114.0,115.0,114.0,114.5
2023/05/30,114.5,116.0,114.0,115.5
2023/05/31,116.0,116.5,115.0,116.0
2023/06/01,115.0,116.0,114.5,115.5
2023/06/02,115.5,115.5,114.0,114.5
2023/06/05,109.5,110.5,108.5,108.5
2023/06/06,109.5,109.5,108.0,108.5
2023/06/07,108.5,109.5,108.0,109.5
2023/06/08,108.5,109.0,107.5,107.5
2023/06/09,108.5,108.5,107.0,107.5
2023/06/12,108.5,108.5,106.0,107.5
2023/06/13,108.0,109.0,107.5,108.5
2023/06/14,108.5,110.0,107.5,108.0
2023/06/15,108.5,108.5,107.0,107.5
2023/06/16,107.5,108.5,107.0,107.0
2023/06/19,107.0,107.0,106.0,106.5
2023/06/20,107.0,107.0,105.5,105.5
2023/06/21,106.5,107.5,105.5,106.5
2023/06/26,106.0,109.5,105.5,109.0
2023/06/27,109.0,109.0,106.0,106.0
2023/06/28,106.5,106.5,105.5,105.5
2023/06/29,106.5,106.5,104.5,104.5
2023/06/30,104.5,105.5,104.5,105.0
2023/07/03,106.0,106.0,105.0,105.5
2023/07/04,105.5,106.5,105.0,106.0
2023/07/05,106.0,107.5,106.0,106.5
2023/07/06,106.0,106.5,105.0,105.0
2023/07/07,105.0,105.5,104.0,105.0
2023/07/10,105.5,106.0,104.5,105.0
2023/07/11,106.0,106.0,105.0,105.5
2023/07/12,105.5,105.5,104.5,105.5
2023/07/13,105.5,107.0,105.0,105.0
2023/07/14,105.5,106.0,105.0,106.0
2023/07/17,106.5,107.5,105.5,107.0
2023/07/18,107.0,107.5,105.5,107.0
2023/07/19,107.5,107.5,105.0,105.0
2023/07/20,105.5,107.0,105.0,105.5
2023/07/21,105.0,105.5,104.5,104.5
2023/07/24,105.5,105.5,104.0,105.0
2023/07/25,105.5,106.5,104.5,106.5
2023/07/26,106.5,106.5,105.0,105.5
2023/07/27,106.0,106.0,104.5,105.0
2023/07/28,105.0,106.0,104.5,105.5
2023/07/31,106.0,107.0,105.0,105.0
2023/08/01,106.0,107.5,105.5,106.5
2023/08/02,106.0,106.5,104.5,104.5
2023/08/04,104.5,105.5,104.0,104.5
2023/08/07,104.5,106.0,104.5,105.5
2023/08/08,106.5,106.5,105.0,105.5
2023/08/09,105.5,106.5,104.5,105.0
2023/08/10,102.0,102.5,95.3,98.5
2023/08/11,98.2,98.3,96.0,96.0
2023/08/14,95.7,95.7,93.5,95.5
2023/08/15,95.1,96.3,94.4,95.3
2023/08/16,94.2,96.9,93.6,96.3
2023/08/17,95.0,96.6,94.7,96.3
2023/08/18,95.8,96.2,95.0,95.1
2023/08/21,95.3,96.8,95.3,95.9
2023/08/22,96.1,96.2,95.0,95.7
2023/08/23,95.5,95.5,95.1,95.3
2023/08/24,95.9,96.1,95.0,95.7
2023/08/25,95.1,95.6,94.6,95.1
2023/08/28,95.5,96.6,95.4,95.9
2023/08/29,95.8,95.9,94.8,95.1
2023/08/30,95.6,96.8,95.3,96.8
2023/08/31,96.8,98.2,96.3,96.7
2023/09/01,97.2,97.4,96.2,96.8
2023/09/04,96.3,97.0,96.0,97.0
2023/09/05,96.2,97.3,96.2,97.3
2023/09/06,97.5,99.5,97.1,99.0
2023/09/07,99.0,99.5,97.7,97.8
2023/09/08,97.4,97.5,95.8,96.5
2023/09/11,96.8,97.1,96.2,96.5
2023/09/12,96.5,98.9,96.5,98.6
2023/09/13,98.0,100.5,97.8,98.8
2023/09/14,99.3,100.5,99.2,100.5
2023/09/15,100.0,102.5,99.6,102.5
2023/09/18,101.0,102.5,101.0,101.5
2023/09/19,101.5,104.5,101.5,102.5
2023/09/20,103.5,104.0,100.5,101.5
2023/09/21,100.5,100.5,97.7,97.7
2023/09/22,97.0,99.1,96.3,99.0
2023/09/25,98.8,99.5,98.4,99.5
2023/09/26,99.1,99.6,97.7,98.3
2023/09/27,97.4,98.7,97.2,97.6
2023/09/28,98.0,99.6,98.0,98.4
2023/10/02,99.5,99.8,99.2,99.8
2023/10/03,99.5,99.6,98.2,98.4
2023/10/04,97.4,97.7,97.0,97.4
2023/10/05,97.4,99.3,97.4,98.0
2023/10/06,98.2,98.6,98.0,98.5
2023/10/11,99.9,100.5,98.9,100.5
2023/10/12,100.5,101.0,99.3,101.0
2023/10/13,100.0,101.5,99.8,101.5
2023/10/16,101.0,102.0,100.5,102.0
2023/10/17,102.5,102.5,100.5,100.5
2023/10/18,101.0,101.5,100.5,101.5
2023/10/19,101.0,101.0,98.4,98.5
2023/10/20,98.0,98.2,97.2,97.8
2023/10/23,96.0,97.4,94.9,95.2
2023/10/24,95.3,96.4,93.5,96.4
2023/10/25,96.8,99.5,96.1,99.0
2023/10/26,98.0,98.1,95.6,95.9
2023/10/27,96.4,98.0,96.2,98.0
2023/10/30,98.0,98.0,96.1,96.5
2023/10/31,96.6,97.8,96.6,97.5
2023/11/01,98.0,98.0,95.6,97.5
2023/11/02,97.8,101.5,97.7,101.0
2023/11/03,101.0,101.0,98.7,99.6
2023/11/06,100.5,102.5,98.8,102.5
2023/11/07,101.5,101.5,100.0,101.5
2023/11/08,102.5,104.0,101.5,103.0
2023/11/09,103.0,104.0,102.0,103.5
2023/11/10,103.0,103.5,101.5,102.0
2023/11/13,103.0,103.5,102.0,103.0
2023/11/14,103.0,103.5,101.5,102.5
2023/11/15,104.0,104.0,102.5,103.5
2023/11/16,104.0,104.0,102.5,103.5
2023/11/17,104.0,104.5,103.5,104.5
2023/11/20,104.5,104.5,101.5,102.0
2023/11/21,103.0,104.0,101.5,104.0
2023/11/22,103.0,103.5,102.0,103.0
2023/11/23,103.0,106.0,103.0,106.0
2023/11/24,107.0,107.5,104.5,105.0
2023/11/27,105.5,106.0,103.0,103.0
2023/11/28,103.5,105.0,103.5,104.5
2023/11/29,104.5,104.5,103.0,104.5
2023/11/30,104.0,104.0,102.0,103.5
2023/12/01,103.0,103.5,102.5,103.0
2023/12/04,103.5,104.0,102.0,103.0
2023/12/05,102.5,103.0,102.0,103.0
2023/12/06,103.0,103.5,102.0,102.5
2023/12/07,103.0,104.5,103.0,103.5
2023/12/08,104.5,104.5,102.0,103.0
2023/12/11,103.5,105.5,103.0,104.5
2023/12/12,105.0,106.5,104.5,106.5
2023/12/13,107.5,107.5,105.0,106.0
2023/12/14,106.5,107.0,105.5,107.0
2023/12/15,107.5,108.0,106.0,106.5
2023/12/18,107.5,108.0,105.5,107.0
2023/12/19,106.5,107.5,104.0,107.5
2023/12/20,107.5,109.5,106.5,107.0
2023/12/21,106.0,107.5,105.5,107.0
2023/12/22,108.0,108.0,106.5,107.5
2023/12/25,107.5,108.0,106.5,108.0
2023/12/26,108.0,108.5,107.5,108.0
2023/12/27,108.0,108.5,107.0,108.5
2023/12/28,109.0,110.0,108.5,109.5
2023/12/29,109.5,110.0,107.5,109.0
2024/01/02,109.5,109.5,107.0,108.5
2024/01/03,108.0,109.5,108.0,108.5
2024/01/04,109.0,111.0,108.5,110.0
2024/01/05,110.5,111.0,109.0,110.0
2024/01/08,110.0,110.5,108.5,109.0
2024/01/09,108.5,108.5,103.5,106.5
2024/01/10,105.0,105.5,103.0,103.0
2024/01/11,103.5,104.0,102.5,104.0
2024/01/12,103.0,103.5,102.0,102.0
2024/01/15,102.0,103.0,102.0,102.0
2024/01/16,101.5,103.0,101.0,103.0
2024/01/17,102.0,102.5,100.0,101.5
2024/01/18,100.0,100.5,98.5,99.8
2024/01/19,100.0,102.0,99.3,102.0
2024/01/22,102.0,102.5,100.5,101.5
2024/01/23,101.5,102.5,101.0,102.5
2024/01/24,101.5,102.0,100.5,101.0
2024/01/25,101.0,101.5,100.5,101.5
2024/01/26,100.5,102.5,100.5,102.0
2024/01/29,101.5,101.5,100.5,101.5
2024/01/30,100.5,102.0,100.5,101.5
2024/01/31,100.5,101.5,100.5,101.0
2024/02/01,100.5,101.5,100.0,101.0
2024/02/02,100.5,101.0,99.1,99.4
2024/02/05,99.0,99.3,97.8,98.5
2024/02/15,99.5,99.8,98.7,99.0
2024/02/16,99.0,99.2,97.6,98.0
2024/02/19,98.6,100.0,98.3,99.7
2024/02/20,100.0,101.0,99.7,100.0
2024/02/21,100.5,100.5,98.9,99.2
2024/02/22,99.1,99.6,98.8,98.9
2024/02/23,99.6,99.6,98.4,98.4
2024/02/26,98.2,99.9,98.2,99.4
2024/02/27,99.2,100.5,99.2,99.6
2024/02/29,99.6,100.5,99.2,100.5
2024/03/01,100.0,100.5,99.1,99.4
2024/03/04,99.6,100.5,99.6,100.5
2024/03/05,100.5,101.5,100.0,101.5
2024/03/06,101.0,101.0,99.9,100.5
2024/03/07,100.5,101.0,99.8,100.5
2024/03/08,100.0,101.0,99.1,99.2
2024/03/11,100.0,101.5,99.3,101.0
2024/03/12,101.0,104.0,101.0,104.0
2024/03/13,108.5,110.0,106.0,108.0
2024/03/14,107.0,107.5,103.5,106.0
2024/03/15,104.5,108.5,103.5,106.5
2024/03/18,105.5,107.0,104.0,106.5
2024/03/19,105.5,109.0,105.0,107.5
2024/03/20,108.5,112.0,108.0,111.0
2024/03/21,112.0,113.0,110.0,113.0
2024/03/22,113.0,116.0,112.0,115.0
2024/03/25,116.0,116.0,112.0,112.5
2024/03/26,111.5,113.0,109.5,111.0
2024/03/27,110.0,117.0,110.0,115.5
2024/03/28,116.0,127.0,115.0,125.0
2024/03/29,126.0,127.5,123.5,125.0
2024/04/01,126.5,134.0,125.0,126.5
2024/04/02,131.5,134.0,127.5,132.0
2024/04/03,130.0,133.5,128.5,129.5
2024/04/08,128.5,128.5,121.5,125.5
2024/04/09,124.0,125.5,121.0,123.5
2024/04/10,124.0,124.0,118.0,119.0
2024/04/11,118.0,119.5,117.0,117.5
2024/04/12,118.5,118.5,115.5,117.5
2024/04/15,116.0,116.5,114.0,115.5
2024/04/16,113.5,115.5,112.0,112.5
2024/04/17,113.5,115.0,111.5,113.5
2024/04/18,112.5,113.5,111.5,112.5
2024/04/19,111.5,114.0,109.5,112.0
2024/04/22,112.5,115.0,111.5,113.0
2024/04/23,115.0,116.0,113.0,113.5
2024/04/24,115.0,118.0,114.5,117.0
2024/04/25,117.0,117.0,113.5,114.5
2024/04/26,115.5,116.5,114.0,114.0
2024/04/29,115.0,117.0,114.0,116.5
2024/04/30,116.5,117.0,115.0,116.0
2024/05/02,115.0,115.5,113.5,115.0
2024/05/03,117.0,118.5,115.5,115.5
2024/05/06,118.0,119.0,115.0,116.5
2024/05/07,118.5,119.0,116.5,118.5
2024/05/08,118.5,120.0,117.0,120.0
2024/05/09,120.0,122.5,119.0,121.0
2024/05/10,121.0,121.0,118.5,120.0
2024/05/13,120.5,122.0,120.0,122.0
2024/05/14,121.5,122.5,120.0,120.5
2024/05/15,121.0,121.5,118.0,118.5
2024/05/16,120.0,121.0,118.5,119.0
2024/05/17,119.0,120.0,117.5,118.5
2024/05/20,119.5,119.5,117.0,119.5
2024/05/21,119.0,119.5,116.0,116.5
2024/05/22,116.0,117.0,115.5,116.0
2024/05/23,115.0,119.0,115.0,118.5
2024/05/24,118.0,121.5,117.5,120.0
2024/05/27,121.0,122.5,119.5,121.0
2024/05/28,121.5,121.5,119.0,120.5
2024/05/29,120.0,122.0,119.5,122.0
2024/05/30,121.5,127.5,120.0,124.5
2024/05/31,126.5,126.5,121.5,122.0
2024/06/03,122.5,123.0,120.0,121.5
2024/06/04,122.0,122.0,118.0,118.5
2024/06/05,119.0,119.5,117.5,118.5
2024/06/06,115.5,116.0,110.5,113.5
2024/06/07,114.5,118.5,114.5,116.5
2024/06/11,117.5,118.0,112.5,113.0
2024/06/12,114.5,119.5,114.5,119.0
2024/06/13,121.0,123.0,118.0,119.0
2024/06/14,120.0,121.0,118.0,121.0
2024/06/17,121.0,121.5,119.5,121.5
2024/06/18,122.5,130.0,122.5,130.0
2024/06/19,132.0,136.0,129.0,132.5
2024/06/20,131.0,134.5,129.5,132.0
2024/06/21,129.5,130.0,126.5,127.0
2024/06/24,125.5,128.5,125.0,126.0
2024/06/25,125.0,126.0,122.5,126.0
2024/06/26,127.0,129.0,125.0,126.5
2024/06/27,125.0,130.5,123.5,129.5
2024/06/28,130.0,131.0,127.5,129.5
2024/07/01,129.0,130.5,125.5,127.0
2024/07/02,126.5,129.0,123.5,129.0
2024/07/03,129.0,134.5,129.0,132.0
2024/07/04,133.0,141.5,130.5,139.0
2024/07/05,139.0,142.5,137.0,141.0
2024/07/08,143.0,146.0,138.5,140.5
2024/07/09,141.5,146.0,139.5,142.0
2024/07/10,143.5,153.0,141.5,148.5
2024/07/11,155.5,160.5,151.0,153.0
2024/07/12,148.0,154.0,146.0,150.5
2024/07/15,151.0,151.0,145.0,147.5
2024/07/16,148.0,150.0,145.5,149.0
2024/07/17,149.0,158.0,147.5,154.0
2024/07/18,147.5,149.5,140.0,145.0
2024/07/19,145.0,146.5,139.0,140.0
2024/07/22,141.0,141.5,133.0,136.0
2024/07/23,140.0,140.5,136.0,136.5
2024/07/26,133.0,139.5,133.0,138.0
2024/07/29,141.0,143.5,135.0,135.5
2024/07/30,135.0,138.0,133.5,137.5
2024/07/31,137.0,140.0,135.5,136.5
2024/08/01,138.5,141.0,137.0,139.0
2024/08/02,135.0,137.5,132.0,134.0
2024/08/05,128.5,128.5,121.5,123.5
2024/08/06,130.0,131.0,122.5,123.0
2024/08/07,123.5,131.0,123.5,128.5
2024/08/08,125.0,127.5,120.5,121.5
2024/08/09,124.5,129.0,124.0,127.0
2024/08/12,125.5,131.5,125.5,129.0
2024/08/13,129.5,130.5,126.0,127.5
2024/08/14,128.0,129.0,120.5,122.0
2024/08/15,123.0,123.0,118.5,119.0
2024/08/16,121.0,123.5,120.0,121.5
2024/08/19,122.0,124.5,121.0,123.5
2024/08/20,125.5,128.0,125.0,125.0
2024/08/21,124.5,125.5,122.0,123.0
2024/08/22,124.5,127.5,123.5,126.5
2024/08/23,125.0,130.5,124.5,129.5
2024/08/26,130.0,130.5,127.0,127.5
2024/08/27,127.0,127.0,124.5,126.5
2024/08/28,127.0,129.0,126.5,128.5
2024/08/29,127.5,138.5,126.5,137.5
2024/08/30,139.0,139.5,134.5,135.5
2024/09/02,135.5,136.0,132.5,133.5
2024/09/03,133.5,137.0,132.5,132.5
2024/09/04,126.0,128.0,122.5,126.0
2024/09/05,127.5,129.0,123.5,124.5
2024/09/06,126.5,127.0,124.5,125.5
2024/09/09,122.0,123.5,121.0,122.0
2024/09/10,123.5,124.0,115.0,116.5
2024/09/11,117.5,118.5,116.0,116.5
2024/09/12,117.5,118.5,116.0,118.0
2024/09/13,118.5,118.5,117.0,118.0
2024/09/16,118.5,120.0,117.0,119.0
2024/09/18,118.5,119.0,113.0,113.5
2024/09/19,114.0,116.0,114.0,116.0
2024/09/20,117.5,119.0,114.5,115.0
2024/09/23,116.5,117.0,115.0,115.5
2024/09/24,115.5,116.5,113.5,114.5
2024/09/25,115.5,117.5,115.0,115.5
2024/09/26,117.5,118.5,114.0,114.0
2024/09/27,115.5,117.0,114.0,114.5
2024/09/30,115.0,115.5,113.5,113.5
2024/10/01,114.0,114.5,111.5,113.0
2024/10/04,112.5,113.5,111.5,111.5
2024/10/07,113.5,115.0,111.0,113.5
2024/10/08,114.5,115.0,112.5,113.5
2024/10/09,115.0,117.5,113.5,114.0
2024/10/11,114.5,115.5,111.0,112.5
2024/10/14,113.0,114.0,112.0,114.0
2024/10/15,114.5,116.0,114.5,115.0
2024/10/16,114.0,114.5,111.5,113.5
2024/10/17,113.0,115.5,113.0,113.5
2024/10/18,114.0,114.5,112.0,112.0
2024/10/21,112.5,118.0,112.5,116.5
2024/10/22,117.0,118.0,115.5,116.5
2024/10/23,117.0,117.5,116.5,116.5
2024/10/24,117.0,118.0,115.0,115.5
2024/10/25,116.0,117.0,114.0,114.5
2024/10/28,115.0,116.0,113.5,113.5
2024/10/29,113.0,114.0,111.5,111.5
2024/10/30,112.0,114.0,111.5,112.5
2024/11/01,110.5,111.0,109.0,109.5
2024/11/04,110.0,110.5,108.5,110.0
2024/11/05,110.0,111.5,109.0,110.0
2024/11/06,111.0,111.0,108.0,108.5
2024/11/07,110.0,113.5,109.5,113.0
2024/11/08,115.0,118.0,114.0,117.5
2024/11/11,120.5,122.0,117.0,120.5
2024/11/12,118.5,121.0,117.0,119.0
2024/11/13,120.0,121.0,117.5,120.0
2024/11/14,119.0,120.0,115.5,115.5
2024/11/15,117.0,118.5,116.0,118.0
2024/11/18,118.0,118.5,115.5,116.0
2024/11/19,117.0,117.5,115.0,117.5
2024/11/20,117.5,119.0,116.0,117.0
2024/11/21,116.0,118.5,115.5,118.0
2024/11/22,119.0,120.5,118.0,118.5
2024/11/25,119.5,121.0,119.0,119.5
2024/11/26,119.5,120.0,118.0,118.5
2024/11/27,118.5,119.0,115.5,115.5
2024/11/28,115.5,115.5,112.5,115.5
2024/11/29,113.5,116.0,112.5,114.5
2024/12/02,115.5,117.0,115.0,115.5
2024/12/03,117.5,119.0,115.5,116.0
2024/12/04,116.0,117.0,115.0,116.0
2024/12/05,116.5,117.0,115.5,115.5
2024/12/06,116.0,118.0,115.5,116.5
2024/12/09,117.0,117.5,115.5,115.5
2024/12/10,116.0,117.0,115.0,116.0
2024/12/11,115.5,117.0,114.5,115.5
2024/12/12,117.0,119.5,116.5,117.5
2024/12/13,117.5,118.0,116.0,117.0
2024/12/16,117.0,120.0,115.5,116.5
2024/12/17,116.5,119.0,115.5,116.5
2024/12/18,118.0,126.5,117.5,123.5
2024/12/19,122.5,126.5,122.0,124.5
2024/12/20,125.0,126.0,122.0,123.0
2024/12/23,124.0,125.5,122.5,123.5
2024/12/24,124.0,125.0,121.0,121.5
2024/12/25,122.0,124.0,121.0,124.0
2024/12/26,124.0,124.0,122.5,124.0
2024/12/27,124.5,125.0,122.5,123.0
2024/12/30,123.5,124.0,121.5,122.0
2024/12/31,121.0,121.0,119.0,120.0
2025/01/02,120.0,122.0,119.5,121.0
2025/01/03,120.5,122.0,118.5,120.5
2025/01/06,120.5,123.5,119.5,123.0
2025/01/07,123.0,123.5,122.0,122.0
2025/01/08,122.0,122.5,119.5,120.0
2025/01/09,119.5,120.5,117.0,117.5
2025/01/10,116.5,118.5,116.5,118.0
2025/01/13,117.0,117.0,112.5,113.0
2025/01/14,113.5,116.5,112.5,116.5
2025/01/15,116.0,117.0,114.5,115.5
2025/01/16,117.5,118.5,115.0,115.5
2025/01/17,117.0,118.0,116.0,118.0
2025/01/20,117.5,117.5,116.0,117.0
2025/01/21,117.0,118.0,116.0,117.0
2025/01/22,117.0,119.5,117.0,119.5
2025/02/03,115.5,117.0,112.5,114.5
2025/02/04,115.5,116.5,112.5,113.0
2025/02/05,114.5,117.5,114.5,116.5
2025/02/06,116.0,117.5,115.5,117.5
2025/02/07,118.0,121.5,118.0,118.5
2025/02/10,118.5,120.0,117.5,119.5
2025/02/11,120.5,121.0,119.0,119.5
2025/02/12,120.0,120.5,118.0,118.5
2025/02/13,119.0,121.0,119.0,120.5
2025/02/14,120.5,121.0,118.5,119.0
2025/02/17,120.0,121.0,119.0,120.0
2025/02/18,120.5,123.0,120.5,122.0
2025/02/19,122.0,123.5,121.0,121.5
2025/02/20,121.0,122.5,120.0,121.0
2025/02/21,121.0,122.5,120.5,121.0
2025/02/24,120.5,122.0,120.0,120.5
2025/02/25,120.0,121.0,119.5,121.0
2025/02/26,120.0,121.0,119.5,119.5
2025/02/27,119.5,120.0,117.0,117.5
2025/03/03,116.5,118.5,114.5,114.5
2025/03/04,113.5,115.5,112.5,114.5
2025/03/05,114.5,116.5,114.0,116.0
2025/03/06,117.0,117.0,114.0,114.0
2025/03/07,114.5,115.5,113.5,114.0
2025/03/10,115.0,115.0,113.5,113.5
2025/03/11,112.0,114.5,110.0,113.5
2025/03/12,114.0,115.5,112.5,113.0
2025/03/13,114.5,114.5,110.0,110.0
2025/03/14,110.0,112.5,110.0,111.0
2025/03/17,112.0,112.0,110.5,111.0
2025/03/18,112.0,113.0,111.0,112.0
2025/03/19,112.0,112.5,110.0,110.5
2025/03/20,111.0,112.0,110.0,111.5
2025/03/21,111.5,113.5,111.0,112.0
2025/03/24,113.0,114.0,112.5,112.5
2025/03/25,113.0,114.5,113.0,113.0
2025/03/26,113.5,114.0,112.0,113.5
2025/03/27,112.5,113.0,111.5,112.5
2025/03/28,112.0,112.0,107.5,108.5
2025/03/31,102.0,104.5,101.0,103.5
2025/04/01,104.0,108.0,103.5,108.0
2025/04/02,107.5,109.0,106.5,108.0
2025/04/07,97.2,97.2,97.2,97.2
2025/04/08,92.8,94.9,90.8,93.3
2025/04/09,91.5,92.1,84.2,85.8
2025/04/10,94.3,94.3,94.3,94.3
2025/04/11,93.7,96.1,88.6,95.6
2025/04/14,98.9,101.5,95.6,96.5
2025/04/15,96.7,97.5,95.9,96.5
2025/04/16,96.1,96.7,93.0,94.4
2025/04/17,93.0,93.1,90.9,91.9
2025/04/18,92.5,93.6,92.4,93.6
2025/04/21,94.1,95.3,91.4,92.5
2025/04/22,91.6,92.7,90.5,91.2
2025/04/23,93.3,94.9,93.2,94.8
2025/04/24,94.7,95.5,94.2,94.8
2025/04/25,95.7,97.1,95.6,96.4
2025/04/28,96.7,97.1,96.4,97.0
2025/04/29,96.6,97.6,96.5,97.1
2025/04/30,97.4,99.5,96.9,97.7
2025/05/02,99.1,100.5,98.6,99.6
2025/05/05,99.0,100.5,94.9,96.8
2025/05/06,96.8,99.5,96.5,99.5
2025/05/07,99.5,102.0,99.4,100.0
2025/05/08,100.0,103.0,100.0,102.0
2025/05/09,102.0,103.0,101.5,103.0
2025/05/12,104.0,105.0,103.5,103.5
2025/05/13,106.0,107.0,103.5,104.5
2025/05/14,101.0,102.5,100.5,102.0
2025/05/15,102.0,103.0,101.0,103.0
2025/05/16,102.5,103.5,101.0,101.5
2025/05/19,102.0,103.5,101.0,101.0
2025/05/20,101.5,102.0,100.0,100.0
2025/05/21,101.0,104.0,100.5,102.5
2025/05/22,102.5,103.5,100.5,101.0
2025/05/23,101.5,103.5,101.5,102.5
2025/05/26,102.5,103.0,101.5,101.5
2025/05/27,102.5,105.0,102.0,102.5
2025/05/28,104.0,104.5,102.5,104.0
2025/05/29,104.5,104.5,102.5,103.0
2025/06/02,103.0,103.5,101.5,102.5
2025/06/03,103.5,105.0,103.0,103.5
2025/06/04,105.0,107.5,105.0,106.5
2025/06/05,106.0,107.0,105.0,106.0
2025/06/06,106.5,107.5,106.0,106.5
2025/06/09,107.5,108.0,106.0,107.0
2025/06/10,108.0,108.0,106.5,106.5
2025/06/11,107.0,107.5,105.5,107.0
2025/06/12,102.0,102.0,100.0,101.0
2025/06/13,101.0,102.0,99.5,100.5
2025/06/16,100.5,100.5,98.5,99.0
2025/06/17,99.5,100.0,97.1,97.9
2025/06/18,97.9,99.4,97.6,99.2
2025/06/19,99.2,99.5,97.7,97.7
2025/06/20,98.0,98.2,96.7,97.1
2025/06/23,96.2,97.4,95.7,96.9
2025/06/24,99.0,100.5,98.6,99.7
2025/06/25,100.0,101.0,100.0,100.0
2025/06/26,100.0,100.5,98.7,98.7
2025/06/27,99.4,100.5,98.0,100.5
2025/06/30,100.5,102.5,100.0,100.5
2025/07/01,100.5,102.5,99.9,100.0
2025/07/02,100.5,103.0,100.5,102.5
2025/07/03,102.5,106.0,102.0,104.0
2025/07/04,105.0,105.5,103.0,103.0
2025/07/07,105.0,112.5,105.0,107.5
2025/07/08,107.0,109.5,106.0,109.5
2025/07/09,108.0,115.5,107.0,113.5
2025/07/10,113.5,114.5,112.0,113.0
2025/07/11,112.5,113.5,110.5,111.0
2025/07/14,110.5,110.5,108.0,108.5
2025/07/15,108.0,114.0,107.5,113.0
2025/07/16,113.0,113.5,111.5,112.0
2025/07/17,111.5,114.0,110.5,114.0
2025/07/18,114.5,114.5,113.5,114.5
2025/07/21,114.5,115.5,113.5,114.5
2025/07/22,114.5,116.0,112.0,112.5
2025/07/23,113.5,116.0,112.5,115.5
2025/07/24,116.0,118.0,115.0,117.5
2025/07/25,119.0,119.5,115.5,116.0
2025/07/28,117.0,117.5,115.5,117.0
2025/07/29,126.5,128.5,125.0,127.5
2025/07/30,125.0,127.0,123.5,124.0
2025/07/31,124.0,126.0,123.5,125.5
2025/08/01,123.5,126.0,122.5,122.5
2025/08/04,121.0,123.0,121.0,122.0
2025/08/05,122.0,123.0,120.5,121.5
2025/08/06,121.0,123.0,120.5,122.0
2025/08/07,122.5,124.5,121.5,124.0
2025/08/08,125.0,132.0,124.5,129.0
2025/08/11,131.5,141.5,131.5,141.5
2025/08/12,142.0,151.0,139.5,147.0
2025/08/13,156.5,161.5,154.5,161.0
2025/08/14,159.0,162.0,153.0,154.5
2025/08/15,157.0,162.0,155.0,161.0
2025/08/18,161.0,172.5,160.5,170.0
2025/08/19,172.0,173.0,164.0,165.5
2025/08/20,164.0,167.0,156.5,161.5
2025/08/21,164.0,170.0,162.0,168.0
2025/08/22,168.5,175.0,167.0,171.0
2025/08/25,182.0,187.5,180.0,180.5
2025/08/26,181.0,194.5,181.0,192.5
2025/08/27,194.5,201.0,190.5,192.0
2025/08/28,190.5,196.5,190.0,194.0
2025/08/29,198.5,198.5,190.5,196.5
2025/09/01,197.0,201.5,185.0,191.0
2025/09/02,194.5,194.5,180.5,184.5
2025/09/03,186.5,191.0,180.5,183.5
2025/09/04,185.5,186.5,172.0,174.0
2025/09/05,177.5,178.5,170.0,174.0
2025/09/08,174.0,174.0,166.5,168.0
2025/09/09,169.0,173.0,166.0,167.0
2025/09/10,169.0,173.0,166.5,168.5
2025/09/11,178.0,179.5,167.5,169.0
2025/09/12,173.0,173.5,168.5,169.0
2025/09/15,171.0,171.0,163.5,166.0
2025/09/16,167.0,178.0,165.5,172.5
2025/09/17,172.5,175.0,170.0,171.0
2025/09/18,172.0,173.0,166.0,169.5
2025/09/19,169.0,175.0,168.0,169.5
2025/09/22,170.0,177.0,168.0,175.0
2025/09/23,176.5,178.0,169.5,171.5
2025/09/24,172.0,172.0,167.5,169.0
2025/09/25,170.5,172.5,168.5,172.5
2025/09/26,171.0,171.5,162.5,165.0
2025/09/30,169.0,170.0,163.5,166.0
2025/10/01,165.5,167.0,161.5,162.0
2025/10/02,162.5,164.0,158.0,160.0
2025/10/03,160.0,164.0,160.0,164.0
2025/10/07,165.0,167.0,162.5,165.5
2025/10/08,165.5,168.0,163.5,167.0
2025/10/09,168.0,169.5,164.0,166.0
2025/10/13,156.0,161.0,156.0,159.5
2025/10/14,160.0,160.5,144.5,145.5
2025/10/15,148.0,149.5,145.0,146.0
2025/10/16,147.5,153.5,147.5,151.5
2025/10/17,151.5,152.0,147.0,148.0
2025/10/20,149.5,150.0,147.0,150.0
2025/10/21,152.0,165.0,151.5,165.0
2025/10/22,165.0,165.0,160.0,162.0
2025/10/23,161.0,164.0,160.0,163.0
2025/10/27,167.0,171.5,164.5,170.5
2025/10/28,171.5,172.0,166.5,166.5
2025/10/29,169.5,170.5,167.5,169.0
2025/10/30,169.0,169.0,163.5,166.0
2025/10/31,167.5,168.5,163.0,163.0
2025/11/03,162.0,166.0,160.0,165.0
2025/11/04,165.5,168.0,160.0,160.5
2025/11/05,157.0,157.5,153.0,157.5
2025/11/06,158.0,160.0,155.0,157.0
2025/11/07,155.5,156.5,153.0,154.5
2025/11/10,157.5,157.5,155.0,155.5
2025/11/11,157.5,159.0,155.0,155.0
2025/11/12,156.0,156.0,143.0,144.5
2025/11/13,144.5,154.0,144.0,151.0
2025/11/14,147.5,149.0,140.5,141.5
2025/11/17,142.5,145.0,140.0,142.0
2025/11/18,140.5,145.0,138.5,138.5
2025/11/19,138.5,139.0,135.5,136.0
2025/11/20,140.0,143.5,139.0,141.0
2025/11/21,136.0,144.0,135.5,141.0
2025/11/24,141.0,141.0,135.0,140.5
2025/11/25,141.0,142.0,138.0,138.5
2025/11/26,138.5,141.0,137.0,140.0
2025/11/27,141.5,144.5,140.5,143.0
2025/11/28,144.0,146.5,141.5,145.5
2025/12/01,147.0,151.5,145.0,147.5
2025/12/02,148.5,149.0,145.0,146.0
2025/12/03,145.0,147.0,144.0,144.5
2025/12/04,146.0,147.5,143.5,145.5
2025/12/05,145.0,149.0,143.5,147.5
2025/12/08,145.5,148.5,144.5,147.0
2025/12/09,146.0,150.0,145.0,147.5
2025/12/10,147.0,147.0,145.0,146.5
2025/12/11,147.5,149.5,145.0,146.0
2025/12/12,147.5,147.5,142.0,143.0
2025/12/15,139.0,141.0,138.0,141.0
2025/12/16,139.5,140.0,135.0,137.5
2025/12/17,138.0,141.0,137.0,140.0
2025/12/18,139.0,139.0,137.5,138.5
2025/12/19,140.0,140.5,137.5,139.0
2025/12/22,141.5,147.0,141.5,144.0
2025/12/23,145.5,147.5,143.5,144.0
2025/12/24,144.5,146.5,144.0,145.5
2025/12/26,145.5,146.5,143.0,144.5
2025/12/29,145.5,145.5,142.5,143.0
2025/12/30,143.0,143.0,140.0,141.0
2025/12/31,142.0,143.5,141.0,142.0
2026/01/02,142.5,142.5,138.5,140.5
2026/01/05,142.0,144.0,138.0,140.5
2026/01/06,141.5,145.5,141.5,145.5
2026/01/07,148.0,149.5,146.0,148.5
2026/01/08,149.5,150.0,142.5,143.0
2026/01/09,143.5,145.5,140.5,144.5
2026/01/12,145.5,158.5,145.5,158.5
2026/01/13,165.0,174.0,162.5,164.0
2026/01/14,172.0,176.5,167.0,168.5
2026/01/15,169.0,174.0,163.0,167.5
2026/01/16,170.0,179.5,167.0,174.0
2026/01/19,180.0,181.5,169.5,170.5
2026/01/20,170.0,170.0,163.0,164.5
2026/01/21,162.5,164.5,158.5,159.5
2026/01/22,163.0,168.0,163.0,164.5
2026/01/23,167.0,176.0,166.5,170.5
2026/01/26,170.0,170.0,164.5,164.5
2026/01/27,165.0,170.5,163.5,165.0
2026/01/28,168.5,181.0,166.5,176.5
2026/01/29,177.0,188.0,172.5,178.0
2026/01/30,176.0,195.5,173.5,195.5
2026/02/02,195.5,197.5,176.5,183.5
2026/02/03,191.5,195.0,173.0,181.0
2026/02/04,181.5,199.0,181.5,199.0
2026/02/05,198.5,204.0,189.0,190.0
2026/02/06,184.5,187.0,176.0,182.0
2026/02/09,188.0,190.0,181.0,182.0
2026/02/10,182.0,183.0,177.0,180.0
2026/02/11,180.0,182.0,177.0,178.0
2026/02/23,185.0,195.5,183.5,195.5
2026/02/24,200.5,214.0,200.0,211.5
2026/02/25,212.0,212.0,201.0,205.5
2026/02/26,207.5,213.5,204.0,209.0
2026/03/02,198.5,206.5,196.0,197.5
2026/03/03,198.0,205.0,191.5,193.0
2026/03/04,187.0,189.0,177.0,179.0
2026/03/05,188.5,189.0,174.0,177.5
2026/03/06,175.5,179.0,172.5,175.0
2026/03/09,157.5,163.0,157.5,162.5
2026/03/10,168.5,170.5,164.0,168.0
2026/03/11,170.0,175.5,170.0,174.5
2026/03/12,172.5,178.0,170.5,171.5
2026/03/13,169.5,188.5,168.5,188.5
2026/03/16,195.0,202.0,184.5,196.5
2026/03/17,200.0,205.0,195.0,198.0
2026/03/18,202.5,209.0,198.0,207.0
2026/03/19,203.5,219.5,203.0,209.5
2026/03/20,216.0,218.0,203.5,209.5
2026/03/23,200.5,207.5,197.5,201.0
2026/03/24,207.0,208.5,190.0,197.0
2026/03/25,204.0,214.0,204.0,207.5
2026/03/26,210.5,225.0,207.0,218.5
2026/03/27,214.0,234.5,210.0,230.0
2026/03/30,225.5,229.5,215.0,226.5
2026/03/31,220.5,221.5,204.5,206.5
2026/04/01,219.0,222.0,215.0,219.5
2026/04/02,230.0,237.0,213.0,213.5
2026/04/07,219.0,232.5,219.0,225.0
2026/04/08,247.5,247.5,239.0,247.5
2026/04/09,250.5,271.0,250.0,263.5
2026/04/10,271.0,271.0,258.5,265.0
2026/04/13,265.0,269.0,256.5,257.5
2026/04/14,261.0,265.0,248.0,251.5
2026/04/15,253.5,259.5,247.0,251.5
2026/04/16,255.5,259.0,252.0,256.0
2026/04/20,292.5,310.0,288.0,310.0
2026/04/21,323.5,325.5,303.5,315.0
2026/04/22,320.0,324.5,312.0,315.0
2026/04/23,325.0,346.5,311.0,325.0
2026/04/24,332.5,357.5,332.5,347.5
2026/04/27,377.5,378.5,331.0,358.5
2026/04/28,362.0,394.0,354.0,394.0
2026/04/29,393.5,396.0,380.0,383.0
2026/04/30,393.0,421.0,393.0,421.0
2026/05/04,429.0,447.5,421.0,432.5
2026/05/05,430.0,445.0,421.5,426.5
2026/05/06,435.0,440.0,400.0,412.0
2026/05/07,415.0,429.5,403.0,427.0
2026/05/08,427.0,427.5,392.0,401.0
2026/05/11,405.0,424.5,397.0,412.0
2026/05/12,417.0,434.0,406.0,407.0
2026/05/13,405.0,445.0,404.0,442.5
2026/05/14,456.0,471.5,433.5,436.5
2026/05/15,445.0,447.5,396.0,401.0
2026/05/18,380.5,391.0,372.0,388.5
2026/05/19,412.0,415.0,394.0,408.5
2026/05/20,412.0,448.0,402.5,439.0
2026/05/21,463.5,475.5,458.5,469.5
2026/05/22,481.0,516.0,480.0,516.0
2026/05/25,558.0,558.0,525.0,529.0
2026/05/26,529.0,542.0,516.0,540.0
2026/05/27,550.0,568.0,522.0,530.0
2026/05/28,521.0,522.0,479.0,480.0
2026/05/29,504.0,515.0,499.5,515.0
2026/06/01,542.0,555.0,541.0,548.0
2026/06/02,548.0,548.0,501.0,520.0
2026/06/03,516.0,524.0,505.0,510.0
2026/06/04,489.0,499.5,484.0,492.5
2026/06/05,480.0,513.0,450.0,504.0
2026/06/08,456.0,512.0,456.0,512.0
2026/06/09,528.0,538.0,515.0,534.0
2026/06/10,531.0,550.0,502.0,502.0
2026/06/11,509.0,544.0,495.5,529.0
2026/06/12,575.0,578.0,537.0,552.0
2026/06/15,578.0,607.0,572.0,590.0
2026/06/16,596.0,639.0,592.0,624.0
2026/06/17,617.0,640.0,610.0,639.0
2026/06/18,646.0,654.0,628.0,642.0
2026/06/22,639.0,653.0,622.0,622.0
2026/06/23,622.0,622.0,582.0,587.0
2026/06/24,575.0,603.0,575.0,587.0
2026/06/25,595.0,613.0,583.0,602.0
2026/06/26,596.0,645.0,577.0,580.0
2026/06/29,590.0,599.0,561.0,573.0
2026/06/30,589.0,630.0,589.0,630.0
2026/07/01,641.0,659.0,602.0,603.0
2026/07/02,595.0,601.0,582.0,598.0
2026/07/03,580.0,618.0,561.0,613.0
2026/07/06,616.0,621.0,567.0,579.0
2026/07/07,581.0,594.0,544.0,548.0
2026/07/08,562.0,585.0,546.0,565.0
2026/07/09,576.0,604.0,567.0,588.0
2026/07/13,616.0,646.0,614.0,646.0
2026/07/14,643.0,644.0,591.0,629.0
2026/07/15,645.0,656.0,615.0,618.0
2026/07/16,610.0,612.0,573.0,578.0
2026/07/17,525.0,542.0,521.0,521.0
2026/07/20,481.5,506.0,471.5,492.5
