Date,Open,High,Low,Close
2012/10/05,52.8,65.2,46.3,47.0
2012/10/08,47.0,47.0,38.8,46.3
2012/10/09,41.8,41.8,41.1,41.1
2012/10/11,40.8,41.1,40.8,41.1
2012/10/12,40.8,41.1,40.8,41.1
2012/10/15,40.4,40.8,38.1,38.8
2012/10/16,38.8,38.8,35.2,35.9
2012/10/17,35.5,35.5,32.3,32.7
2012/10/18,32.3,32.3,30.2,30.3
2012/10/19,29.7,31.3,28.4,28.5
2012/10/22,28.5,34.6,27.8,33.9
2012/10/23,34.3,38.5,33.3,35.2
2012/10/24,35.2,35.9,34.4,34.6
2012/10/25,34.2,34.2,33.8,34.2
2012/10/26,33.8,33.9,32.6,32.6
2012/10/30,32.0,32.0,29.3,30.0
2012/10/31,29.7,30.6,29.7,30.0
2012/11/01,29.7,30.0,29.7,30.0
2012/11/05,31.0,31.0,30.6,30.8
2012/11/06,31.2,31.2,30.6,30.6
2012/11/07,30.6,31.2,30.6,31.2
2012/11/08,32.3,32.3,32.0,32.3
2012/11/09,32.9,32.9,32.0,32.1
2012/11/12,31.3,32.0,30.0,30.6
2012/11/13,30.0,30.9,29.8,30.0
2012/11/14,29.7,29.7,29.3,29.5
2012/11/15,29.5,30.0,29.3,29.3
2012/11/16,29.9,29.9,29.3,29.3
2012/11/19,29.0,29.9,29.0,29.3
2012/11/20,29.9,29.9,29.3,29.5
2012/11/21,29.2,29.5,29.2,29.5
2012/11/22,29.8,30.0,29.7,30.0
2012/11/23,30.3,30.3,29.3,30.0
2012/11/26,30.5,30.5,30.0,30.3
2012/11/28,29.7,30.5,29.7,30.3
2012/11/29,30.5,30.5,30.3,30.5
2012/12/03,30.0,30.5,30.0,30.5
2012/12/05,30.3,30.3,30.2,30.3
2012/12/06,30.3,30.3,30.1,30.3
2012/12/07,30.2,30.3,29.7,30.0
2012/12/10,29.7,30.0,29.3,29.7
2012/12/11,29.7,29.7,29.5,29.5
2012/12/12,29.5,30.2,29.2,30.1
2012/12/13,29.1,29.7,29.1,29.3
2012/12/14,29.7,30.6,29.7,30.2
2012/12/17,29.5,30.6,29.2,30.2
2012/12/18,23.8,30.6,23.8,29.3
2012/12/19,29.1,30.6,29.1,29.3
2012/12/21,29.9,30.4,29.2,29.3
2012/12/24,29.3,30.4,29.2,29.3
2012/12/26,30.0,30.2,30.0,30.2
2012/12/27,29.0,30.1,29.0,30.0
2013/01/02,29.5,29.5,29.5,29.5
2013/01/04,30.0,30.5,29.5,30.5
2013/01/07,29.8,29.8,29.0,29.0
2013/01/08,29.9,29.9,29.9,29.9
2013/01/09,30.0,30.1,29.9,30.0
2013/01/10,30.5,33.6,30.5,32.0
2013/01/11,31.6,31.7,31.5,31.6
2013/01/14,31.5,32.0,31.5,32.0
2013/01/15,32.1,32.1,32.0,32.0
2013/01/16,31.8,32.9,31.8,32.6
2013/01/17,32.7,33.6,32.7,33.5
2013/01/18,33.8,33.8,33.8,33.8
2013/01/21,33.8,39.1,33.8,37.8
2013/01/22,37.8,39.8,37.8,37.8
2013/01/23,37.4,38.0,37.4,37.8
2013/01/24,37.4,37.5,37.4,37.5
2013/01/25,37.4,37.7,35.3,35.7
2013/01/30,36.6,36.6,36.5,36.5
2013/01/31,37.8,38.6,37.8,38.5
2013/02/01,38.6,38.6,37.2,37.4
2013/02/05,37.5,37.5,37.5,37.5
2013/02/18,37.0,37.3,37.0,37.3
2013/02/19,37.0,37.3,37.0,37.3
2013/02/20,37.3,37.3,37.3,37.3
2013/02/22,37.0,37.2,37.0,37.2
2013/02/25,36.8,36.8,36.5,36.5
2013/02/26,36.4,36.5,35.9,36.5
2013/03/01,36.1,36.8,36.1,36.8
2013/03/04,36.8,36.8,36.4,36.5
2013/03/05,36.0,36.1,36.0,36.0
2013/03/06,35.6,35.9,35.6,35.9
2013/03/07,35.9,35.9,35.9,35.9
2013/03/08,36.0,36.0,35.9,35.9
2013/03/11,36.0,36.0,35.9,35.9
2013/03/13,35.4,36.0,35.4,35.9
2013/03/14,36.0,36.1,35.7,35.7
2013/03/15,36.0,36.1,35.9,36.1
2013/03/18,35.9,36.1,35.5,36.1
2013/03/19,36.1,36.1,31.3,35.7
2013/03/20,35.2,35.3,35.2,35.2
2013/03/21,36.0,36.0,35.9,35.9
2013/03/22,36.1,36.4,36.0,36.4
2013/03/25,36.5,38.1,36.5,37.2
2013/03/26,37.4,38.1,37.4,37.8
2013/03/27,37.7,38.0,37.7,37.8
2013/03/28,38.0,38.1,37.8,38.1
2013/03/29,38.1,38.1,37.7,37.9
2013/04/01,37.9,38.1,37.7,38.0
2013/04/02,38.1,38.1,37.8,38.0
2013/04/03,38.0,40.0,38.0,39.8
2013/04/08,39.3,39.7,39.1,39.6
2013/04/09,39.8,41.3,39.8,41.1
2013/04/10,40.8,42.9,40.8,42.4
2013/04/11,42.7,43.2,39.6,39.6
2013/04/12,40.6,40.6,39.8,40.1
2013/04/15,39.1,39.8,37.7,38.5
2013/04/16,39.1,39.5,38.9,39.5
2013/04/17,39.6,39.6,38.8,39.0
2013/04/18,38.8,39.3,38.3,39.3
2013/04/19,39.3,39.3,39.1,39.1
2013/04/22,39.1,39.3,39.0,39.0
2013/04/23,39.3,39.8,39.0,39.1
2013/04/24,39.3,39.5,39.1,39.5
2013/04/25,39.3,39.3,39.0,39.1
2013/04/26,39.0,39.3,38.8,39.2
2013/04/29,39.0,39.1,38.3,38.3
2013/04/30,38.7,39.1,38.5,39.1
2013/05/02,39.1,39.3,39.1,39.3
2013/05/03,39.3,39.3,39.1,39.1
2013/05/07,39.3,39.3,39.1,39.1
2013/05/10,39.1,39.1,38.5,38.5
2013/05/13,38.7,38.7,38.5,38.5
2013/05/14,38.3,38.3,38.3,38.3
2013/05/15,38.3,39.1,38.3,39.1
2013/05/16,39.1,39.4,39.0,39.0
2013/05/17,39.1,39.3,39.1,39.3
2013/05/20,39.0,39.0,39.0,39.0
2013/05/22,38.3,38.5,38.1,38.4
2013/05/23,39.0,39.8,38.5,39.3
2013/05/24,39.2,39.3,39.1,39.2
2013/05/27,39.3,39.3,38.9,39.1
2013/05/28,38.9,39.3,38.9,38.9
2013/05/29,39.3,39.3,39.1,39.3
2013/05/30,39.1,39.2,39.1,39.2
2013/05/31,39.3,39.3,39.1,39.3
2013/06/03,39.1,39.4,39.1,39.3
2013/06/04,39.3,39.4,39.3,39.3
2013/06/05,39.4,39.6,39.3,39.6
2013/06/06,39.8,41.9,39.8,41.9
2013/06/07,43.0,45.0,42.0,43.0
2013/06/10,43.2,44.0,42.6,42.6
2013/06/11,43.2,43.2,42.1,42.1
2013/06/13,42.1,42.1,40.8,41.1
2013/06/14,42.0,42.1,40.9,41.1
2013/06/17,40.9,42.0,40.9,41.9
2013/06/18,41.9,42.3,41.7,42.0
2013/06/19,42.4,42.8,42.2,42.4
2013/06/20,42.5,42.6,42.1,42.4
2013/06/21,42.1,42.1,41.8,42.0
2013/06/24,42.3,43.0,42.1,42.4
2013/06/25,42.1,42.3,41.3,41.5
2013/06/26,42.1,43.4,42.1,43.0
2013/06/27,43.2,43.2,42.4,42.5
2013/06/28,43.0,43.9,43.0,43.6
2013/07/01,43.7,44.1,43.7,44.1
2013/07/02,44.2,44.3,43.7,44.1
2013/07/03,44.0,44.5,44.0,44.3
2013/07/04,44.5,45.3,44.3,45.0
2013/07/05,44.8,45.1,44.8,44.8
2013/07/08,45.0,45.1,44.9,45.0
2013/07/09,44.8,45.0,44.5,44.5
2013/07/10,45.0,45.0,44.6,44.6
2013/07/11,44.8,45.2,44.5,45.0
2013/07/12,44.8,45.2,44.8,45.2
2013/07/15,44.8,45.0,44.5,44.9
2013/07/16,44.5,45.2,44.5,45.1
2013/07/17,45.0,45.2,44.9,45.2
2013/07/18,45.3,45.3,45.1,45.1
2013/07/19,45.5,45.5,45.3,45.5
2013/07/22,45.5,46.0,45.3,46.0
2013/07/23,46.0,46.1,45.8,46.0
2013/07/24,45.8,46.9,45.8,46.5
2013/07/25,46.8,48.6,46.8,48.0
2013/07/26,47.9,49.2,47.9,49.2
2013/07/29,49.2,49.2,47.1,47.1
2013/07/30,48.3,48.3,47.4,47.6
2013/07/31,47.6,47.8,47.1,47.5
2013/08/01,47.0,47.5,46.0,46.0
2013/08/02,46.3,46.4,45.6,45.6
2013/08/05,45.8,46.2,45.5,45.7
2013/08/06,45.8,45.9,45.6,45.8
2013/08/07,45.8,47.6,45.8,47.3
2013/08/08,47.6,47.9,47.1,47.4
2013/08/09,47.4,48.1,47.3,47.6
2013/08/12,45.5,47.9,45.5,46.9
2013/08/13,47.2,47.4,46.6,46.9
2013/08/14,47.1,47.1,46.6,47.0
2013/08/15,46.9,47.0,46.4,46.4
2013/08/16,46.4,46.6,46.2,46.2
2013/08/19,46.6,46.6,46.0,46.0
2013/08/20,46.2,46.6,46.2,46.4
2013/08/22,46.4,49.6,46.4,48.6
2013/08/23,49.0,49.1,48.6,48.8
2013/08/26,49.0,49.8,48.6,49.8
2013/08/27,49.8,50.0,49.1,49.4
2013/08/28,49.3,49.3,48.3,48.8
2013/08/29,48.9,49.0,47.7,48.1
2013/08/30,47.9,49.0,47.9,48.6
2013/09/02,48.3,49.1,48.3,48.6
2013/09/03,48.6,48.8,48.3,48.5
2013/09/04,48.8,50.9,48.7,50.0
2013/09/05,50.1,51.7,50.1,51.7
2013/09/06,51.7,53.1,51.7,52.7
2013/09/09,52.0,53.4,50.7,51.4
2013/09/10,51.4,51.6,50.5,51.1
2013/09/11,50.7,50.9,49.3,49.9
2013/09/12,50.0,50.7,50.0,50.0
2013/09/13,50.3,50.4,50.0,50.0
2013/09/16,50.3,50.4,50.0,50.0
2013/09/17,50.2,50.2,49.8,50.2
2013/09/18,50.2,50.2,49.8,50.0
2013/09/23,49.8,50.3,49.8,50.1
2013/09/24,50.1,50.5,49.8,50.5
2013/09/25,50.5,51.4,50.3,51.0
2013/09/26,50.6,51.0,50.0,50.9
2013/09/27,50.9,51.2,50.6,50.7
2013/09/30,50.9,51.0,50.5,50.5
2013/10/01,50.9,50.9,50.5,50.8
2013/10/02,50.8,50.8,50.5,50.7
2013/10/03,50.8,51.2,50.3,50.8
2013/10/04,50.7,50.9,50.5,50.5
2013/10/07,50.5,50.5,48.6,49.7
2013/10/08,49.8,50.0,49.5,50.0
2013/10/09,50.0,50.3,49.6,50.1
2013/10/11,50.1,50.4,49.8,50.3
2013/10/14,50.3,50.3,48.7,49.3
2013/10/15,49.3,49.6,49.1,49.3
2013/10/16,49.3,49.5,48.4,48.8
2013/10/17,48.8,48.8,47.8,47.9
2013/10/18,48.1,48.1,47.7,47.9
2013/10/21,48.0,48.1,47.2,47.4
2013/10/22,47.4,47.4,46.6,46.9
2013/10/23,46.9,47.3,46.7,47.1
2013/10/24,47.1,47.7,46.8,47.5
2013/10/25,47.8,47.9,47.2,47.9
2013/10/28,47.9,49.3,47.9,48.7
2013/10/29,49.2,49.2,48.5,48.8
2013/10/30,48.6,48.8,47.8,47.8
2013/10/31,47.8,48.1,47.8,48.1
2013/11/01,48.1,48.1,47.7,48.1
2013/11/04,48.1,48.1,47.3,47.7
2013/11/05,47.7,47.7,47.0,47.7
2013/11/06,47.7,47.7,47.0,47.4
2013/11/07,47.0,47.4,47.0,47.2
2013/11/08,47.4,47.5,47.1,47.3
2013/11/11,47.2,47.2,46.9,47.2
2013/11/12,47.0,47.2,46.4,46.4
2013/11/13,46.6,46.6,45.8,46.2
2013/11/14,45.8,46.2,45.3,46.0
2013/11/15,46.0,46.8,45.9,46.8
2013/11/18,46.7,47.2,46.7,46.9
2013/11/19,46.7,47.2,46.7,47.2
2013/11/20,47.2,47.6,46.0,46.4
2013/11/21,46.6,46.6,44.5,45.1
2013/11/22,44.8,45.5,44.6,44.6
2013/11/25,45.2,45.2,44.4,44.7
2013/11/26,44.7,46.6,44.5,46.0
2013/11/27,44.5,44.5,42.6,42.7
2013/11/28,42.7,43.2,42.6,42.7
2013/11/29,42.8,43.4,42.6,43.1
2013/12/02,43.3,43.6,43.3,43.3
2013/12/03,43.5,43.5,42.8,42.8
2013/12/04,43.1,45.7,43.1,45.7
2013/12/05,47.6,48.9,46.6,47.7
2013/12/06,47.7,48.3,45.9,47.4
2013/12/09,47.9,48.1,46.1,47.4
2013/12/10,47.4,48.8,46.9,48.5
2013/12/11,48.6,48.6,45.9,45.9
2013/12/12,45.7,45.9,44.5,45.3
2013/12/13,45.3,46.6,45.3,46.6
2013/12/16,46.6,46.6,45.3,45.3
2013/12/17,45.5,45.7,44.8,44.8
2013/12/18,45.1,45.1,44.2,44.4
2013/12/19,44.5,45.1,44.4,45.0
2013/12/20,45.1,46.4,44.6,45.5
2013/12/23,45.8,47.0,45.7,46.8
2013/12/24,46.6,46.7,46.0,46.1
2013/12/25,46.6,47.2,46.2,46.6
2013/12/26,46.9,47.5,46.7,46.8
2013/12/27,47.1,47.1,45.9,46.4
2013/12/30,46.7,46.7,45.9,46.2
2013/12/31,46.2,47.0,46.2,46.6
2014/01/02,47.2,49.8,47.2,49.8
2014/01/03,49.8,53.1,49.4,51.8
2014/01/06,51.8,52.2,49.7,50.2
2014/01/07,50.1,51.9,50.1,51.4
2014/01/08,51.6,52.4,50.3,51.8
2014/01/09,52.1,52.4,50.3,50.4
2014/01/10,50.8,50.9,49.6,49.6
2014/01/13,49.8,51.2,48.8,48.8
2014/01/14,48.6,49.4,48.3,48.4
2014/01/15,48.8,49.2,48.4,49.2
2014/01/16,49.8,49.8,48.9,48.9
2014/01/17,48.4,50.5,48.3,49.8
2014/01/20,50.3,50.3,49.2,49.2
2014/01/21,49.2,49.8,49.0,49.0
2014/01/22,49.0,49.0,48.4,48.6
2014/01/23,48.7,49.3,48.3,49.3
2014/01/24,49.2,49.3,48.5,49.3
2014/01/27,49.1,49.2,48.3,48.8
2014/02/05,47.2,48.5,47.2,47.9
2014/02/06,48.5,48.5,47.9,48.4
2014/02/07,48.5,49.9,48.4,49.3
2014/02/10,50.1,50.7,49.6,49.7
2014/02/11,50.0,50.0,49.1,49.1
2014/02/12,49.3,49.8,49.1,49.1
2014/02/13,49.6,49.6,48.1,48.1
2014/02/14,48.5,48.8,48.0,48.3
2014/02/17,48.3,49.1,48.3,48.5
2014/02/18,48.8,48.8,48.3,48.3
2014/02/19,48.5,48.8,48.3,48.6
2014/02/20,48.7,50.1,48.7,48.9
2014/02/21,49.0,49.4,48.8,48.8
2014/02/24,49.3,49.3,48.7,48.8
2014/02/25,48.8,49.3,48.8,48.8
2014/02/26,48.8,48.8,48.3,48.5
2014/02/27,48.5,48.6,47.7,47.9
2014/03/03,46.7,47.1,45.5,46.2
2014/03/04,45.9,46.5,45.9,46.1
2014/03/05,46.6,47.5,46.4,47.0
2014/03/06,47.0,47.6,46.8,47.6
2014/03/07,48.2,48.2,47.0,47.9
2014/03/10,48.5,48.9,48.1,48.5
2014/03/11,48.6,49.0,48.1,48.6
2014/03/12,48.6,48.6,47.6,47.9
2014/03/13,47.9,48.2,47.6,47.9
2014/03/14,47.9,48.4,47.6,47.9
2014/03/17,48.3,49.4,48.0,49.3
2014/03/18,49.6,49.8,48.6,48.8
2014/03/19,48.8,48.8,47.6,47.7
2014/03/20,47.5,48.1,47.0,47.2
2014/03/21,47.9,48.1,47.3,47.7
2014/03/24,47.5,47.6,46.6,47.6
2014/03/25,47.6,48.2,47.2,47.8
2014/03/26,47.6,48.1,47.6,47.9
2014/03/27,48.3,48.3,47.6,47.8
2014/03/28,47.8,48.8,47.8,48.1
2014/03/31,48.8,49.1,48.5,48.9
2014/04/01,49.0,49.0,48.7,48.9
2014/04/02,49.2,49.6,48.8,48.9
2014/04/03,49.2,49.2,48.5,48.8
2014/04/07,48.1,48.4,48.0,48.2
2014/04/08,48.4,48.5,48.1,48.2
2014/04/09,48.3,50.1,48.3,50.0
2014/04/10,51.2,51.4,50.1,50.3
2014/04/11,50.0,50.3,49.2,49.4
2014/04/14,49.8,49.8,48.6,48.6
2014/04/15,48.8,49.1,48.6,48.7
2014/04/16,48.8,49.3,48.5,48.8
2014/04/17,49.6,49.6,48.8,49.0
2014/04/18,49.3,49.6,49.0,49.0
2014/04/21,49.0,49.4,48.6,49.4
2014/04/22,49.6,49.6,49.0,49.1
2014/04/23,49.4,49.5,49.0,49.1
2014/04/24,49.1,51.0,49.1,50.0
2014/04/25,50.5,51.0,48.6,49.5
2014/04/28,48.8,49.5,48.2,49.0
2014/04/29,49.0,50.6,49.0,50.5
2014/04/30,50.7,52.4,50.3,51.1
2014/05/02,51.7,53.9,51.2,53.4
2014/05/05,54.4,54.6,52.9,53.9
2014/05/06,54.1,54.1,52.4,53.4
2014/05/07,53.1,55.8,52.9,54.4
2014/05/08,54.0,54.6,53.3,53.7
2014/05/09,54.0,55.5,53.3,54.9
2014/05/12,54.6,54.6,51.1,51.1
2014/05/13,51.4,52.0,49.1,49.7
2014/05/14,50.3,51.4,49.7,50.8
2014/05/15,50.8,51.4,50.0,51.0
2014/05/16,51.0,51.0,50.0,50.4
2014/05/19,50.5,50.9,50.5,50.7
2014/05/20,51.1,52.3,50.9,52.0
2014/05/21,52.7,53.1,52.0,52.2
2014/05/22,52.7,53.4,51.9,53.1
2014/05/23,53.3,53.4,52.7,52.8
2014/05/26,53.3,54.4,52.8,53.5
2014/05/27,53.5,53.5,52.9,52.9
2014/05/28,53.1,53.6,52.2,52.2
2014/05/29,52.2,53.5,52.2,53.1
2014/05/30,54.1,55.5,53.5,54.5
2014/06/03,56.1,56.8,55.2,55.3
2014/06/04,55.3,56.0,54.8,55.3
2014/06/05,55.3,59.2,55.3,59.2
2014/06/06,60.5,62.4,59.2,59.9
2014/06/09,61.1,63.9,60.6,62.2
2014/06/10,62.9,62.9,60.9,61.3
2014/06/11,61.9,62.7,60.9,61.7
2014/06/12,62.0,62.9,61.1,61.1
2014/06/13,60.9,61.0,59.4,59.5
2014/06/16,59.6,61.2,58.9,60.5
2014/06/17,60.5,63.0,60.5,62.7
2014/06/18,63.7,65.0,62.0,62.0
2014/06/19,62.2,62.8,61.3,61.6
2014/06/20,61.6,62.9,61.6,61.6
2014/06/23,63.0,63.0,58.9,58.9
2014/06/24,59.3,60.0,59.2,59.6
2014/06/25,59.9,60.1,59.1,59.3
2014/06/26,59.4,60.8,59.4,59.7
2014/06/27,60.0,60.7,59.6,60.1
2014/06/30,60.7,62.6,60.1,61.7
2014/07/01,62.3,63.7,62.0,63.0
2014/07/02,63.7,64.1,60.9,61.0
2014/07/03,61.6,62.1,61.1,61.8
2014/07/04,62.4,63.7,61.8,61.9
2014/07/07,62.2,62.2,60.0,60.5
2014/07/08,61.0,61.0,59.7,60.5
2014/07/09,59.8,60.3,59.1,60.3
2014/07/10,63.0,64.4,62.1,64.4
2014/07/11,64.5,65.7,60.3,61.5
2014/07/14,62.2,63.0,61.4,61.8
2014/07/15,62.3,62.4,61.2,61.2
2014/07/16,62.2,62.4,60.7,61.6
2014/07/17,61.6,62.5,60.7,60.9
2014/07/18,60.6,61.4,60.6,61.2
2014/07/21,62.0,62.2,60.3,60.9
2014/07/22,61.6,63.1,60.7,62.9
2014/07/24,63.5,67.3,63.3,67.3
2014/07/25,68.1,69.2,66.8,68.2
2014/07/28,68.1,68.4,65.8,66.2
2014/07/29,66.8,70.5,66.3,68.3
2014/07/30,69.2,71.2,68.3,68.8
2014/07/31,69.2,69.2,65.9,66.8
2014/08/01,64.7,66.0,64.4,65.6
2014/08/04,65.7,68.5,65.7,67.7
2014/08/05,68.3,68.3,66.6,66.6
2014/08/06,67.0,67.0,63.0,65.0
2014/08/07,65.0,65.6,64.0,64.0
2014/08/08,63.7,67.0,63.0,66.4
2014/08/11,69.2,69.5,67.2,68.2
2014/08/12,68.5,68.5,66.8,67.6
2014/08/13,66.8,72.2,66.8,71.9
2014/08/14,71.6,71.9,69.8,69.8
2014/08/15,69.8,74.6,69.8,72.9
2014/08/18,72.9,73.6,70.2,71.2
2014/08/19,72.2,72.6,70.9,71.9
2014/08/20,72.2,73.3,69.2,69.5
2014/08/21,69.5,69.5,67.4,69.2
2014/08/22,69.8,71.2,69.2,70.9
2014/08/25,71.2,74.3,70.2,74.0
2014/08/26,72.5,74.3,71.9,73.2
2014/08/27,74.7,76.2,73.7,75.1
2014/08/28,75.1,75.1,73.4,74.3
2014/08/29,74.3,76.5,73.7,75.1
2014/09/01,75.1,75.8,73.7,74.7
2014/09/02,74.3,77.6,74.3,76.5
2014/09/03,76.9,76.9,74.7,75.1
2014/09/04,75.1,75.4,74.3,74.3
2014/09/05,74.7,75.4,73.3,73.5
2014/09/09,74.0,74.7,72.8,72.8
2014/09/10,71.0,72.0,70.7,71.3
2014/09/11,71.3,72.0,70.3,71.1
2014/09/12,71.1,71.2,66.6,67.3
2014/09/15,66.6,67.8,65.8,66.2
2014/09/16,66.3,68.0,66.3,67.4
2014/09/17,68.4,69.9,67.9,68.8
2014/09/18,68.8,69.4,68.1,68.4
2014/09/19,69.1,69.2,68.2,68.4
2014/09/22,68.4,68.4,66.7,67.0
2014/09/23,67.6,67.6,66.6,66.6
2014/09/24,66.6,66.9,66.3,66.6
2014/09/25,67.0,68.9,66.7,67.3
2014/09/26,66.6,67.6,65.9,66.6
2014/09/29,67.4,67.4,66.3,66.5
2014/09/30,66.0,66.7,63.7,65.1
2014/10/01,64.6,65.9,64.3,65.3
2014/10/02,65.0,65.3,63.8,64.9
2014/10/03,65.1,68.5,65.1,67.7
2014/10/06,68.3,68.3,66.9,66.9
2014/10/07,66.6,66.6,64.7,65.1
2014/10/08,64.3,65.3,64.0,64.1
2014/10/09,64.5,65.1,60.9,62.0
2014/10/13,59.9,60.5,58.1,58.4
2014/10/14,58.4,60.2,57.8,60.2
2014/10/15,60.2,60.3,58.4,59.2
2014/10/16,58.6,59.3,56.2,58.6
2014/10/17,59.3,59.3,57.1,57.4
2014/10/20,58.1,59.1,57.7,58.4
2014/10/21,58.6,59.2,58.1,58.5
2014/10/22,59.3,61.3,59.2,60.3
2014/10/23,59.9,61.1,59.8,59.9
2014/10/24,61.7,61.7,58.4,58.9
2014/10/27,59.8,59.8,56.4,56.6
2014/10/28,56.7,58.5,56.7,58.4
2014/10/29,59.5,60.6,59.3,60.3
2014/10/30,61.4,62.5,61.0,61.6
2014/10/31,62.4,62.4,61.6,61.7
2014/11/03,62.0,62.9,61.7,61.7
2014/11/04,62.1,62.5,61.4,61.4
2014/11/05,61.4,61.7,60.6,60.8
2014/11/06,61.2,61.2,58.4,58.9
2014/11/07,58.9,60.6,58.9,60.6
2014/11/10,62.4,64.0,62.4,63.6
2014/11/11,64.0,64.7,62.9,64.3
2014/11/12,63.6,64.1,62.5,62.9
2014/11/13,63.7,64.0,62.9,63.2
2014/11/14,63.5,63.5,62.5,62.8
2014/11/17,63.7,65.4,63.6,63.6
2014/11/18,64.2,64.3,61.7,62.2
2014/11/19,62.6,63.0,62.2,62.6
2014/11/20,63.2,64.2,62.9,63.5
2014/11/21,64.0,64.2,63.1,63.2
2014/11/24,63.8,64.0,62.6,62.9
2014/11/25,62.9,63.3,62.6,63.1
2014/11/26,63.6,66.1,63.2,65.4
2014/11/27,66.2,66.2,64.3,64.9
2014/11/28,64.9,65.1,64.1,64.3
2014/12/01,63.0,65.4,62.5,65.3
2014/12/02,65.0,67.4,64.6,67.3
2014/12/03,68.3,69.9,67.7,68.6
2014/12/04,69.9,69.9,68.3,68.4
2014/12/05,68.4,70.0,68.1,69.1
2014/12/08,69.8,72.0,68.8,70.7
2014/12/09,70.3,70.8,69.5,69.7
2014/12/10,69.4,70.2,67.9,68.0
2014/12/11,67.7,68.8,67.7,68.2
2014/12/12,68.7,69.1,68.1,68.3
2014/12/15,67.4,69.4,67.3,69.3
2014/12/16,68.4,69.0,67.7,67.8
2014/12/17,67.8,68.0,66.0,66.6
2014/12/18,67.1,67.5,66.4,66.7
2014/12/19,67.1,68.7,66.4,66.9
2014/12/22,68.0,68.2,67.2,67.7
2014/12/23,68.4,69.1,68.0,68.5
2014/12/24,69.5,71.4,69.2,70.0
2014/12/25,70.0,70.4,69.4,69.4
2014/12/26,69.5,70.1,69.2,69.8
2014/12/29,70.1,71.4,69.7,69.7
2014/12/30,70.3,70.4,68.7,68.8
2014/12/31,68.8,69.7,68.6,69.1
2015/01/05,68.8,69.4,68.8,69.4
2015/01/06,67.5,69.8,67.5,68.9
2015/01/07,69.6,69.7,68.6,69.1
2015/01/08,68.9,70.2,68.9,69.5
2015/01/09,70.1,71.4,69.7,70.3
2015/01/12,69.5,69.8,68.8,68.8
2015/01/13,68.8,69.1,68.2,68.2
2015/01/14,68.0,68.9,68.0,68.2
2015/01/15,68.0,68.3,67.2,67.2
2015/01/16,66.6,68.3,66.1,66.9
2015/01/19,67.7,67.7,66.0,66.0
2015/01/20,66.3,66.9,65.8,66.6
2015/01/21,67.1,67.1,66.4,66.6
2015/01/22,67.3,68.1,67.1,67.3
2015/01/23,68.0,68.0,67.1,67.2
2015/01/26,67.3,67.3,66.7,66.8
2015/01/27,67.1,67.5,66.5,67.4
2015/01/28,67.4,68.0,67.3,67.4
2015/01/29,67.9,67.9,67.1,67.1
2015/01/30,67.3,67.7,67.2,67.2
2015/02/02,67.3,67.3,66.6,66.9
2015/02/03,66.9,67.3,66.6,66.9
2015/02/04,67.1,67.6,67.1,67.2
2015/02/05,67.2,67.7,67.2,67.3
2015/02/06,67.7,69.3,67.7,68.4
2015/02/09,68.4,68.6,67.9,68.2
2015/02/10,69.1,70.0,68.3,68.3
2015/02/11,68.8,68.9,67.7,68.1
2015/02/12,68.1,68.6,67.9,68.0
2015/02/13,68.6,68.6,67.8,68.1
2015/02/24,68.8,69.1,68.2,68.4
2015/02/25,68.8,70.5,68.5,70.2
2015/02/26,70.3,71.7,69.9,71.4
2015/03/02,71.7,72.8,71.4,71.6
2015/03/03,72.2,72.2,71.0,72.0
2015/03/04,72.1,76.9,72.0,76.2
2015/03/05,76.2,77.6,75.1,76.2
2015/03/06,76.9,80.2,75.4,78.8
2015/03/09,78.8,80.6,77.3,80.6
2015/03/10,79.9,80.2,76.2,76.2
2015/03/11,75.4,77.6,74.3,76.9
2015/03/12,78.4,82.1,77.3,82.1
2015/03/13,82.5,83.9,80.2,80.2
2015/03/16,80.6,85.4,80.6,84.3
2015/03/17,85.8,85.8,82.8,83.2
2015/03/18,83.6,88.4,82.8,85.0
2015/03/19,85.8,87.6,84.7,86.5
2015/03/20,87.6,88.0,85.4,85.8
2015/03/23,86.9,86.9,84.7,85.0
2015/03/24,85.8,86.5,83.9,86.5
2015/03/25,86.5,86.9,81.3,82.8
2015/03/26,80.6,85.8,80.6,84.3
2015/03/27,85.0,85.4,82.8,83.6
2015/03/30,84.3,84.3,78.4,82.1
2015/03/31,86.5,87.6,85.4,87.6
2015/04/01,87.6,89.5,86.9,88.7
2015/04/02,88.7,90.2,88.0,88.4
2015/04/07,89.9,89.9,86.9,87.6
2015/04/08,87.3,92.4,87.3,91.7
2015/04/09,91.7,91.7,88.0,88.0
2015/04/10,89.9,90.6,87.6,89.1
2015/04/13,91.0,91.0,88.4,91.0
2015/04/14,91.0,91.0,89.5,89.5
2015/04/15,89.5,90.2,88.0,88.7
2015/04/16,89.1,94.7,88.7,93.2
2015/04/17,92.4,95.4,91.7,93.2
2015/04/20,91.7,97.2,91.7,96.5
2015/04/21,98.0,99.1,89.9,90.2
2015/04/22,91.0,92.4,88.7,92.4
2015/04/23,93.5,93.9,90.2,91.0
2015/04/24,91.3,92.1,89.1,89.9
2015/04/27,91.0,92.1,87.6,90.2
2015/04/28,90.2,92.4,89.9,90.2
2015/04/29,91.0,91.7,88.7,90.6
2015/04/30,90.6,93.5,90.6,92.1
2015/05/04,93.5,93.5,91.0,91.7
2015/05/05,91.7,93.2,90.6,90.6
2015/05/06,90.2,92.1,89.5,92.1
2015/05/07,91.7,93.2,89.1,89.1
2015/05/08,89.9,91.0,83.2,83.2
2015/05/11,82.8,83.2,77.6,77.6
2015/05/12,73.6,77.3,72.3,77.3
2015/05/13,76.2,78.4,75.8,77.3
2015/05/14,77.3,79.9,77.3,78.8
2015/05/15,79.5,79.5,75.4,75.4
2015/05/18,76.2,77.3,72.8,77.3
2015/05/19,76.2,78.8,75.8,77.3
2015/05/20,77.6,78.4,76.9,78.0
2015/05/21,78.0,79.9,77.3,78.8
2015/05/22,79.1,80.6,78.4,78.4
2015/05/25,78.4,79.1,77.3,78.4
2015/05/26,78.4,78.8,76.5,77.3
2015/05/27,77.3,82.5,77.3,82.5
2015/05/28,83.6,84.7,82.1,82.1
2015/05/29,82.5,83.9,81.3,82.1
2015/06/01,82.5,82.8,80.2,82.5
2015/06/02,83.2,83.2,81.0,81.7
2015/06/03,82.1,87.6,81.7,84.7
2015/06/04,84.7,86.2,81.3,82.5
2015/06/05,83.2,83.9,81.7,83.6
2015/06/08,83.6,83.9,81.7,82.5
2015/06/09,86.5,88.4,83.6,84.3
2015/06/10,85.8,89.5,84.7,88.0
2015/06/11,88.7,89.1,85.8,87.3
2015/06/12,86.9,88.0,83.2,84.3
2015/06/15,84.3,85.8,82.8,83.2
2015/06/16,82.8,83.6,79.9,81.0
2015/06/17,81.0,82.1,79.1,81.7
2015/06/18,82.1,82.8,81.3,82.5
2015/06/22,82.8,83.2,80.6,81.3
2015/06/23,82.1,85.0,82.1,83.6
2015/06/24,83.6,83.9,82.1,82.8
2015/06/25,83.2,84.3,81.3,82.1
2015/06/26,82.5,83.9,81.7,83.9
2015/06/29,82.8,83.9,81.3,82.1
2015/06/30,82.5,83.9,81.7,83.2
2015/07/01,83.6,88.4,83.6,87.3
2015/07/02,88.0,90.2,87.3,87.6
2015/07/03,88.0,88.0,85.0,86.5
2015/07/06,85.4,86.2,83.6,83.6
2015/07/07,84.7,84.7,80.2,82.5
2015/07/08,81.7,82.1,74.3,76.9
2015/07/09,74.0,75.8,71.2,75.4
2015/07/13,74.0,74.0,69.6,71.4
2015/07/14,72.5,75.1,71.8,72.5
2015/07/15,73.6,73.8,71.5,71.6
2015/07/16,72.3,72.5,71.1,72.0
2015/07/17,73.1,73.7,71.9,72.1
2015/07/20,72.3,72.5,65.6,66.4
2015/07/21,66.6,66.9,64.3,66.2
2015/07/22,65.2,66.0,64.3,64.4
2015/07/23,64.4,64.6,60.3,61.5
2015/07/24,62.6,63.9,61.7,63.4
2015/07/27,62.9,63.7,62.1,63.6
2015/07/28,63.3,65.9,62.9,64.3
2015/07/29,64.6,64.9,62.6,63.7
2015/07/30,64.3,65.7,64.1,64.5
2015/07/31,65.0,65.1,64.0,64.0
2015/08/03,65.1,65.1,61.6,61.6
2015/08/04,62.1,62.6,56.9,57.8
2015/08/05,57.0,59.9,57.0,59.8
2015/08/06,60.9,60.9,57.9,58.6
2015/08/07,57.3,59.0,57.3,58.5
2015/08/10,59.9,63.5,59.8,62.4
2015/08/11,64.3,64.3,62.6,62.7
2015/08/12,62.9,63.7,61.7,62.9
2015/08/13,62.3,64.3,62.3,63.4
2015/08/14,63.7,63.8,62.3,63.6
2015/08/17,63.7,65.2,62.9,65.2
2015/08/18,62.5,63.3,59.3,59.9
2015/08/19,59.1,59.9,57.1,57.4
2015/08/20,57.1,59.7,57.1,59.7
2015/08/21,57.5,58.5,55.2,55.3
2015/08/24,53.6,53.6,49.8,49.8
2015/08/25,47.7,51.4,47.7,51.2
2015/08/26,50.5,52.1,49.2,51.6
2015/08/27,52.8,54.6,52.5,53.0
2015/08/28,54.5,55.7,54.4,54.4
2015/08/31,54.4,55.1,54.0,55.1
2015/09/01,54.7,55.8,54.4,55.4
2015/09/02,54.7,57.4,54.5,57.4
2015/09/03,57.7,61.0,57.1,59.6
2015/09/04,59.8,60.4,58.2,58.4
2015/09/07,58.5,59.1,57.5,58.0
2015/09/08,58.9,59.8,58.1,59.6
2015/09/09,60.5,61.3,60.0,60.6
2015/09/10,63.3,64.4,63.3,63.4
2015/09/11,63.8,64.2,63.0,63.5
2015/09/14,64.3,64.8,63.4,64.2
2015/09/15,64.6,64.8,63.0,63.0
2015/09/16,64.3,65.7,63.7,64.8
2015/09/17,65.6,66.5,64.6,66.5
2015/09/18,69.1,71.0,68.7,69.4
2015/09/21,67.9,68.7,67.8,68.2
2015/09/22,68.4,69.9,68.4,69.6
2015/09/23,68.8,69.5,67.6,67.6
2015/09/24,67.6,69.0,65.2,66.0
2015/09/25,66.1,68.3,64.5,68.3
2015/09/30,67.5,69.9,66.9,69.6
2015/10/01,70.5,70.5,69.5,69.5
2015/10/02,69.5,71.4,69.0,70.0
2015/10/05,71.4,75.7,71.2,74.5
2015/10/06,76.6,76.6,72.8,73.0
2015/10/07,73.6,74.2,72.4,73.7
2015/10/08,74.0,74.2,70.3,70.3
2015/10/12,71.4,72.0,70.5,72.0
2015/10/13,73.0,73.5,72.2,72.2
2015/10/14,71.9,72.8,71.0,72.2
2015/10/15,73.0,75.7,73.0,73.8
2015/10/16,74.1,74.4,72.1,72.1
2015/10/19,72.2,72.8,71.4,71.4
2015/10/20,72.1,72.8,71.0,72.8
2015/10/21,73.6,74.5,73.0,73.0
2015/10/22,73.1,73.2,71.6,72.1
2015/10/23,73.4,73.6,72.3,73.4
2015/10/26,73.6,75.2,73.0,74.5
2015/10/27,74.9,76.1,74.2,74.7
2015/10/28,75.5,75.7,74.1,75.4
2015/10/29,76.3,80.0,76.3,77.6
2015/10/30,78.0,78.4,74.9,74.9
2015/11/02,75.7,75.7,74.4,75.3
2015/11/03,76.4,78.4,75.9,76.6
2015/11/04,77.6,78.0,76.9,76.9
2015/11/05,77.6,78.8,76.1,77.6
2015/11/06,78.0,80.8,78.0,78.4
2015/11/09,76.9,76.9,73.0,73.0
2015/11/10,73.0,74.2,72.1,73.1
2015/11/11,73.3,74.7,73.0,73.0
2015/11/12,74.5,74.5,72.4,73.0
2015/11/13,73.2,75.2,73.1,74.3
2015/11/16,73.2,73.8,72.2,73.4
2015/11/17,74.5,74.9,74.0,74.0
2015/11/18,74.5,74.5,73.7,73.7
2015/11/19,74.1,75.9,73.9,75.8
2015/11/20,76.3,77.5,74.5,74.7
2015/11/23,75.3,75.5,74.4,74.7
2015/11/24,74.2,74.5,72.8,72.8
2015/11/25,73.8,74.7,73.1,73.3
2015/11/26,74.2,76.1,73.9,75.6
2015/11/27,76.3,77.3,74.6,74.8
2015/11/30,74.2,74.5,73.3,73.5
2015/12/01,73.9,74.9,73.9,74.3
2015/12/02,74.9,75.3,74.3,74.3
2015/12/03,74.3,75.8,73.8,75.0
2015/12/04,74.2,75.7,74.0,74.1
2015/12/07,75.3,76.5,74.5,76.1
2015/12/08,77.3,77.3,74.2,74.2
2015/12/09,74.2,74.6,71.0,72.4
2015/12/10,72.2,73.2,71.5,72.1
2015/12/11,72.5,72.8,69.5,69.9
2015/12/14,68.9,69.8,68.5,69.3
2015/12/15,70.0,70.4,69.4,69.5
2015/12/16,71.4,71.4,69.9,69.9
2015/12/17,70.6,71.8,70.4,71.7
2015/12/18,71.5,71.5,70.8,70.9
2015/12/21,70.7,70.9,70.1,70.9
2015/12/22,71.1,71.1,70.4,70.4
2015/12/23,70.4,71.0,70.0,70.2
2015/12/24,70.2,70.8,68.8,69.0
2015/12/25,69.0,69.0,67.4,68.3
2015/12/28,68.3,70.7,68.3,70.7
2015/12/29,70.5,70.9,69.3,69.3
2015/12/30,70.0,72.1,69.6,71.4
2015/12/31,72.5,72.6,71.3,71.7
2016/01/05,69.3,69.8,68.7,68.9
2016/01/06,68.9,69.7,67.9,68.7
2016/01/07,68.8,69.5,65.2,66.5
2016/01/08,66.2,69.1,65.6,68.3
2016/01/11,68.3,68.3,66.8,66.8
2016/01/12,67.6,67.9,63.7,63.9
2016/01/13,64.5,66.0,64.5,65.2
2016/01/14,63.7,64.1,62.6,63.8
2016/01/15,64.4,65.7,63.7,63.8
2016/01/18,62.6,65.9,62.6,65.5
2016/01/19,65.5,67.0,64.3,66.8
2016/01/20,66.6,66.6,63.6,63.9
2016/01/21,64.4,64.8,63.7,64.2
2016/01/22,64.8,65.4,64.1,64.6
2016/01/25,65.3,66.0,64.8,65.3
2016/01/26,65.0,66.4,64.4,65.5
2016/01/27,66.3,66.3,65.2,65.3
2016/01/28,65.3,66.8,64.8,66.8
2016/01/29,66.8,69.7,66.5,69.5
2016/02/01,69.8,69.8,68.6,68.6
2016/02/02,68.6,69.0,67.9,67.9
2016/02/03,67.6,68.7,67.5,68.3
2016/02/15,67.6,71.0,67.5,71.0
2016/02/16,71.4,71.5,70.3,71.4
2016/02/17,71.4,75.3,71.1,75.2
2016/02/18,77.5,82.7,77.5,82.7
2016/02/19,85.4,89.7,85.4,89.7
2016/02/22,89.7,89.7,86.2,87.7
2016/02/23,87.4,88.5,84.6,87.4
2016/02/24,87.4,88.5,82.3,82.3
2016/02/25,82.3,84.2,80.8,83.9
2016/02/26,83.9,84.6,81.1,83.9
2016/03/01,84.2,86.6,83.1,84.2
2016/03/02,85.8,86.6,82.3,82.7
2016/03/03,83.5,87.7,83.1,86.2
2016/03/04,88.1,94.3,88.1,89.7
2016/03/07,90.5,91.6,88.1,89.3
2016/03/08,88.5,90.5,86.2,90.5
2016/03/09,91.2,91.2,88.1,88.9
2016/03/10,88.5,89.7,87.0,87.4
2016/03/11,87.7,90.5,87.7,89.3
2016/03/14,90.1,94.7,88.9,94.0
2016/03/15,94.0,95.9,87.0,87.0
2016/03/16,87.7,90.5,87.0,90.1
2016/03/17,91.6,92.0,87.4,87.7
2016/03/18,88.5,89.3,87.4,88.5
2016/03/21,89.7,93.2,87.7,92.0
2016/03/22,91.6,92.0,88.1,89.3
2016/03/23,90.1,90.1,88.5,88.9
2016/03/24,88.9,90.8,87.0,89.7
2016/03/25,90.1,90.1,88.5,88.5
2016/03/28,90.1,92.4,89.7,89.7
2016/03/29,90.5,90.8,85.4,85.8
2016/03/30,87.0,87.4,86.6,87.4
2016/03/31,88.1,90.8,87.7,88.5
2016/04/01,88.1,89.7,87.4,88.9
2016/04/06,88.9,89.3,87.0,87.7
2016/04/07,88.1,91.2,87.7,90.8
2016/04/08,91.6,93.6,90.5,90.5
2016/04/11,91.2,94.7,90.8,91.6
2016/04/12,91.6,92.0,84.6,87.0
2016/04/13,87.7,89.7,87.0,89.3
2016/04/14,90.5,90.8,88.9,88.9
2016/04/15,89.7,90.1,88.5,89.3
2016/04/18,89.3,92.4,88.5,92.0
2016/04/19,92.4,92.8,90.1,90.5
2016/04/20,90.8,95.5,90.8,94.0
2016/04/21,96.3,97.4,92.8,94.0
2016/04/22,92.4,94.0,89.3,89.7
2016/04/25,89.3,90.1,87.4,88.1
2016/04/26,88.9,90.5,88.1,88.5
2016/04/27,89.3,89.7,87.4,87.4
2016/04/28,88.1,88.1,86.6,87.0
2016/04/29,87.0,87.0,85.0,85.4
2016/05/03,85.8,87.4,85.4,86.6
2016/05/04,86.6,87.4,85.4,86.2
2016/05/05,85.8,86.6,78.4,82.3
2016/05/06,81.9,81.9,79.6,80.0
2016/05/09,76.9,78.0,75.5,76.5
2016/05/10,76.5,79.2,75.9,79.2
2016/05/11,79.2,80.4,77.5,77.6
2016/05/12,76.3,78.4,74.3,75.5
2016/05/13,75.3,78.4,75.3,77.6
2016/05/16,77.6,78.4,76.2,76.9
2016/05/17,78.0,79.2,77.3,78.8
2016/05/18,78.0,79.2,77.3,77.6
2016/05/19,78.8,78.8,76.1,76.3
2016/05/20,76.3,76.9,75.9,75.9
2016/05/23,76.9,79.2,76.1,78.4
2016/05/24,78.0,80.8,77.5,79.6
2016/05/25,80.8,81.1,79.6,80.0
2016/05/26,80.0,82.7,80.0,80.8
2016/05/27,81.1,82.7,80.8,82.3
2016/05/30,83.5,84.6,82.3,82.3
2016/05/31,83.5,83.5,81.5,82.7
2016/06/01,83.1,84.6,82.7,84.2
2016/06/02,85.4,85.4,82.3,82.3
2016/06/03,83.1,84.2,82.3,82.7
2016/06/06,82.3,83.5,81.9,82.7
2016/06/07,82.3,82.3,80.0,80.4
2016/06/08,80.0,82.7,80.0,81.5
2016/06/13,80.0,80.8,78.4,79.2
2016/06/14,79.2,79.6,78.4,78.4
2016/06/15,78.8,80.8,78.8,79.6
2016/06/16,79.2,79.6,77.6,78.4
2016/06/17,78.8,79.2,78.0,78.0
2016/06/20,78.8,79.2,78.0,78.4
2016/06/21,78.8,80.0,78.4,79.6
2016/06/22,79.6,80.8,79.6,80.4
2016/06/23,80.8,81.1,79.6,79.6
2016/06/24,80.0,80.4,75.8,77.4
2016/06/27,76.3,78.8,76.3,77.6
2016/06/28,77.4,79.6,76.9,79.6
2016/06/29,80.4,83.1,80.0,81.5
2016/06/30,82.3,82.3,80.8,81.9
2016/07/01,81.5,81.9,80.8,81.5
2016/07/04,81.5,84.6,81.1,83.1
2016/07/05,83.1,83.9,82.3,82.7
2016/07/06,81.9,82.3,80.8,80.8
2016/07/07,80.8,81.5,80.4,80.4
2016/07/11,81.5,81.9,80.0,80.4
2016/07/12,81.5,81.9,80.4,80.4
2016/07/13,80.8,81.5,80.4,81.5
2016/07/14,82.3,85.0,82.3,85.0
2016/07/15,84.2,85.4,83.5,83.9
2016/07/18,84.2,84.2,81.9,81.9
2016/07/19,82.3,82.3,80.4,80.4
2016/07/20,81.1,81.9,80.0,80.4
2016/07/21,81.5,81.5,80.4,81.1
2016/07/22,81.1,81.5,80.8,81.5
2016/07/25,81.9,82.7,81.1,81.5
2016/07/26,81.5,81.5,80.4,80.4
2016/07/27,80.8,83.5,80.8,82.3
2016/07/28,82.7,82.7,80.4,80.8
2016/07/29,80.4,81.1,79.2,80.8
2016/08/01,80.0,80.4,79.6,79.6
2016/08/02,80.4,80.4,78.8,79.2
2016/08/03,79.2,80.0,78.8,79.6
2016/08/04,80.4,80.8,80.0,80.8
2016/08/05,81.1,81.1,80.4,80.8
2016/08/08,81.1,81.9,80.0,80.0
2016/08/09,80.8,81.5,77.6,78.4
2016/08/10,78.4,79.2,77.6,78.8
2016/08/11,79.2,79.2,77.6,77.6
2016/08/12,77.5,79.2,77.3,78.4
2016/08/15,79.6,80.0,78.4,79.2
2016/08/16,79.6,80.0,77.6,78.0
2016/08/17,78.0,80.4,78.0,80.0
2016/08/18,79.6,80.0,78.0,78.8
2016/08/19,79.2,79.6,78.4,79.2
2016/08/22,80.0,80.0,77.3,77.4
2016/08/23,77.3,78.4,77.3,78.4
2016/08/24,78.4,78.8,77.6,77.6
2016/08/25,74.8,76.5,74.8,75.9
2016/08/26,76.0,76.1,74.8,74.8
2016/08/29,74.8,75.2,74.0,74.2
2016/08/30,75.3,75.3,73.9,75.2
2016/08/31,76.4,77.9,76.2,76.4
2016/09/01,76.9,76.9,75.7,75.7
2016/09/02,76.2,76.2,73.9,74.0
2016/09/05,74.7,75.6,73.8,74.7
2016/09/06,74.8,75.6,74.4,74.6
2016/09/07,75.2,75.7,75.0,75.0
2016/09/08,75.0,76.7,75.0,76.1
2016/09/09,76.1,76.3,75.1,75.3
2016/09/12,75.5,75.5,74.2,74.2
2016/09/13,75.0,75.0,72.8,73.1
2016/09/14,72.9,73.4,72.5,72.9
2016/09/19,73.4,75.9,72.9,75.6
2016/09/20,76.2,76.6,75.6,75.6
2016/09/21,76.0,76.1,75.1,75.3
2016/09/22,76.1,76.1,75.3,75.5
2016/09/23,75.8,76.4,75.6,76.4
2016/09/26,76.4,76.6,75.4,75.6
2016/09/29,75.9,76.3,75.1,75.1
2016/09/30,74.9,75.2,74.6,74.6
2016/10/03,74.7,74.9,74.2,74.5
2016/10/04,74.6,76.0,74.6,75.7
2016/10/05,75.6,75.6,74.9,74.9
2016/10/06,75.5,75.5,74.6,75.0
2016/10/07,73.8,73.8,72.0,72.0
2016/10/11,71.8,72.1,69.3,69.4
2016/10/12,69.4,70.3,69.4,70.1
2016/10/13,70.1,70.5,69.3,69.4
2016/10/14,69.3,69.6,67.6,68.0
2016/10/17,68.1,68.5,66.8,67.1
2016/10/18,67.1,67.6,66.8,67.4
2016/10/19,68.6,68.6,67.1,67.2
2016/10/20,67.4,67.6,67.1,67.3
2016/10/21,67.3,69.1,67.3,68.4
2016/10/24,68.4,68.4,67.9,68.1
2016/10/25,68.1,68.5,67.4,68.1
2016/10/26,68.1,68.3,67.7,67.8
2016/10/27,68.4,68.4,67.5,67.5
2016/10/28,67.8,67.8,66.3,66.3
2016/10/31,65.9,66.8,65.7,66.8
2016/11/01,67.0,67.0,66.2,66.5
2016/11/02,66.8,66.8,64.9,64.9
2016/11/03,64.8,65.0,63.4,64.1
2016/11/04,64.1,64.8,63.6,63.6
2016/11/07,64.4,64.4,61.9,64.0
2016/11/08,68.1,69.0,67.2,67.6
2016/11/09,68.0,68.1,64.8,65.9
2016/11/10,67.6,69.3,67.6,68.9
2016/11/11,68.5,68.9,67.1,67.9
2016/11/14,66.7,66.7,64.4,65.0
2016/11/15,65.0,65.8,64.5,64.5
2016/11/16,64.8,66.2,64.6,66.2
2016/11/17,66.0,66.2,65.4,66.2
2016/11/18,66.3,67.3,65.6,67.2
2016/11/21,67.2,67.6,66.8,67.2
2016/11/22,67.7,68.7,67.5,67.8
2016/11/23,67.9,68.1,67.2,67.2
2016/11/24,67.3,67.6,66.9,67.2
2016/11/25,67.6,68.0,67.0,67.0
2016/11/28,67.9,68.1,67.4,68.1
2016/11/29,68.3,68.5,67.9,68.2
2016/11/30,68.2,69.0,68.2,68.5
2016/12/01,68.7,71.4,68.7,70.9
2016/12/02,70.8,72.2,70.0,71.2
2016/12/05,72.0,72.0,70.6,71.2
2016/12/06,71.6,71.8,70.8,71.6
2016/12/07,71.6,72.3,71.1,71.6
2016/12/08,71.9,72.0,70.7,70.7
2016/12/09,71.2,72.1,70.9,71.2
2016/12/12,71.3,71.6,70.4,70.9
2016/12/13,70.9,70.9,69.4,70.6
2016/12/14,71.3,71.4,69.8,71.2
2016/12/15,71.1,71.9,70.9,71.6
2016/12/16,71.8,72.0,71.1,71.2
2016/12/19,70.8,71.6,70.6,70.7
2016/12/20,71.7,71.9,70.9,71.6
2016/12/21,71.6,71.7,71.3,71.3
2016/12/22,71.6,71.6,70.7,71.0
2016/12/23,71.4,71.4,69.9,70.1
2016/12/26,70.8,70.9,69.5,69.8
2016/12/27,69.7,70.4,69.7,69.7
2016/12/28,70.1,70.5,69.8,70.1
2016/12/29,69.9,70.5,69.5,69.9
2016/12/30,70.5,70.5,69.7,70.1
2017/01/03,69.9,70.7,69.5,69.7
2017/01/04,69.9,70.3,69.9,70.1
2017/01/05,70.7,72.9,70.4,72.9
2017/01/06,73.4,73.6,72.0,72.0
2017/01/09,72.1,72.4,70.2,70.3
2017/01/10,70.5,70.6,69.5,69.8
2017/01/11,70.3,70.3,68.7,68.8
2017/01/12,69.3,69.3,68.5,68.5
2017/01/13,68.5,69.3,68.5,68.7
2017/01/16,68.9,68.9,67.2,67.2
2017/01/17,67.2,67.8,67.1,67.6
2017/01/18,67.2,67.5,67.1,67.2
2017/01/19,67.5,67.5,66.8,67.2
2017/01/20,67.2,67.2,66.7,67.1
2017/01/23,67.2,67.6,66.8,66.8
2017/01/24,67.0,67.1,66.7,66.8
2017/02/02,67.2,67.3,66.5,66.5
2017/02/03,66.5,68.7,66.5,68.6
2017/02/06,68.6,68.6,68.1,68.1
2017/02/07,69.5,71.2,69.4,71.2
2017/02/08,71.1,71.1,70.4,70.9
2017/02/09,71.6,72.4,71.1,71.6
2017/02/10,72.1,73.7,72.1,72.5
2017/02/13,73.7,74.5,73.2,73.4
2017/02/14,74.0,74.0,72.5,72.5
2017/02/15,73.5,73.5,72.9,73.0
2017/02/16,73.4,73.5,72.1,72.6
2017/02/17,73.0,75.3,73.0,74.7
2017/02/20,75.3,75.3,73.3,73.4
2017/02/21,74.1,74.2,72.8,73.0
2017/02/22,73.8,74.2,73.2,73.4
2017/02/23,73.5,73.7,72.9,72.9
2017/02/24,72.9,73.8,72.9,73.4
2017/03/01,73.5,75.0,73.4,74.1
2017/03/02,74.4,75.1,73.1,73.1
2017/03/03,74.0,76.1,73.1,75.6
2017/03/06,75.6,76.0,75.0,75.3
2017/03/07,77.0,77.1,75.1,75.1
2017/03/08,75.6,77.4,75.1,76.3
2017/03/09,77.3,77.3,75.9,76.0
2017/03/10,76.4,76.4,73.8,74.9
2017/03/13,75.1,75.4,74.4,74.6
2017/03/14,75.1,76.5,75.0,75.8
2017/03/15,75.1,76.2,74.4,75.5
2017/03/16,76.0,76.7,75.5,76.7
2017/03/17,76.7,77.3,76.0,76.4
2017/03/20,76.8,77.0,76.0,76.3
2017/03/21,76.2,76.5,75.1,75.2
2017/03/22,74.9,75.4,73.8,75.3
2017/03/23,75.4,78.2,75.4,78.1
2017/03/24,78.3,80.5,78.2,78.5
2017/03/27,78.6,78.6,76.3,76.5
2017/03/28,77.1,77.6,74.4,75.4
2017/03/29,75.7,76.4,75.4,76.4
2017/03/30,77.0,77.1,75.4,75.7
2017/03/31,76.3,79.1,75.7,78.6
2017/04/05,79.5,80.7,78.6,80.7
2017/04/06,80.7,80.7,79.5,79.5
2017/04/07,81.5,82.7,80.0,82.3
2017/04/10,83.9,85.2,82.7,83.1
2017/04/11,84.4,84.4,81.1,81.5
2017/04/12,82.7,82.7,81.4,82.7
2017/04/13,82.7,84.4,82.3,82.3
2017/04/14,81.5,82.3,79.5,79.9
2017/04/17,80.7,81.9,79.1,81.5
2017/04/18,82.3,83.1,81.3,81.9
2017/04/19,81.5,83.5,81.5,81.5
2017/04/20,81.9,83.1,80.7,80.8
2017/04/21,82.3,84.8,81.9,84.8
2017/04/24,84.8,84.8,83.1,83.1
2017/04/25,83.5,85.2,82.3,83.5
2017/04/26,84.8,85.2,83.5,84.4
2017/04/27,84.4,84.8,83.1,84.4
2017/04/28,84.8,86.4,84.4,84.4
2017/05/02,84.8,85.2,83.1,83.1
2017/05/03,83.5,85.2,83.5,84.4
2017/05/04,84.4,84.8,83.5,84.8
2017/05/05,85.2,85.2,83.1,83.1
2017/05/08,86.0,86.8,83.9,84.8
2017/05/09,86.8,86.8,85.2,86.0
2017/05/10,86.4,91.7,85.6,89.7
2017/05/11,91.7,92.9,90.1,90.5
2017/05/12,90.1,92.5,88.8,92.1
2017/05/15,92.9,94.5,90.5,90.9
2017/05/16,91.3,92.5,90.5,92.1
2017/05/17,91.7,93.3,91.3,92.5
2017/05/18,90.5,92.1,89.7,90.5
2017/05/19,91.7,92.5,86.8,86.8
2017/05/22,88.8,88.8,86.0,86.0
2017/05/23,85.6,87.2,84.4,85.2
2017/05/24,86.0,88.4,85.6,88.0
2017/05/25,88.4,89.2,86.4,86.4
2017/05/26,86.4,86.8,83.9,83.9
2017/05/31,84.8,85.6,84.4,84.8
2017/06/01,84.8,84.8,81.9,83.1
2017/06/02,83.5,84.8,83.1,84.4
2017/06/05,86.0,87.2,85.6,86.0
2017/06/06,87.2,87.6,84.4,84.4
2017/06/07,83.9,84.8,81.9,82.3
2017/06/08,82.7,83.1,81.0,81.0
2017/06/09,81.0,81.1,79.5,80.2
2017/06/12,79.6,81.2,78.8,80.8
2017/06/13,81.3,81.9,80.0,80.0
2017/06/14,80.3,80.4,78.0,78.2
2017/06/15,78.2,79.4,77.8,79.0
2017/06/16,79.0,79.5,78.6,78.8
2017/06/19,79.5,79.8,79.1,79.1
2017/06/20,79.9,80.0,78.2,78.2
2017/06/21,78.4,79.7,78.2,79.7
2017/06/22,80.0,80.1,79.2,79.5
2017/06/23,79.6,80.0,78.9,78.9
2017/06/26,78.9,79.1,78.2,78.3
2017/06/27,79.0,81.1,78.5,80.6
2017/06/28,80.9,81.3,80.2,80.3
2017/06/29,80.8,81.1,78.7,78.9
2017/06/30,78.3,78.6,77.8,78.3
2017/07/03,78.2,79.0,78.2,78.6
2017/07/04,78.8,79.5,78.7,79.0
2017/07/05,79.0,79.0,77.4,78.0
2017/07/06,77.9,78.4,77.7,78.3
2017/07/07,79.5,80.4,79.3,79.8
2017/07/10,80.6,80.6,78.6,78.8
2017/07/11,78.8,79.6,78.2,79.5
2017/07/12,80.8,81.9,80.4,81.9
2017/07/13,82.3,82.7,81.0,81.3
2017/07/14,81.9,83.9,81.1,83.9
2017/07/17,83.9,84.4,83.1,83.1
2017/07/18,83.5,83.9,81.5,82.3
2017/07/19,82.7,83.9,82.3,82.3
2017/07/20,83.1,85.2,82.7,83.9
2017/07/21,85.6,87.6,85.2,85.6
2017/07/24,86.0,86.4,84.8,86.0
2017/07/25,86.0,86.4,84.8,84.8
2017/07/26,85.2,86.0,84.8,85.2
2017/07/27,86.4,87.6,85.6,86.4
2017/07/28,85.6,86.4,83.5,83.9
2017/07/31,84.4,84.4,83.1,83.5
2017/08/01,83.9,86.4,83.5,86.0
2017/08/02,86.0,86.8,85.2,85.6
2017/08/03,87.6,93.7,87.6,92.9
2017/08/04,94.1,97.0,90.9,93.7
2017/08/07,96.2,98.2,94.1,95.4
2017/08/08,96.2,98.6,94.5,96.6
2017/08/09,97.4,97.8,94.1,94.9
2017/08/10,95.4,96.2,91.7,92.1
2017/08/11,91.7,94.5,91.3,93.7
2017/08/14,94.1,94.5,91.3,91.3
2017/08/15,92.9,93.3,90.1,92.1
2017/08/16,92.1,92.9,90.9,92.5
2017/08/17,93.3,97.0,93.3,96.2
2017/08/18,94.5,94.9,92.9,94.9
2017/08/21,95.8,95.8,92.9,93.7
2017/08/22,94.5,94.5,93.3,93.7
2017/08/23,94.5,97.0,93.3,96.2
2017/08/24,96.2,97.0,95.4,95.4
2017/08/25,95.8,98.6,94.5,97.0
2017/08/28,97.8,99.4,96.2,96.6
2017/08/29,97.0,97.4,95.4,96.6
2017/08/30,94.9,97.8,94.0,96.6
2017/08/31,97.0,98.3,95.7,96.1
2017/09/01,95.7,96.6,95.7,96.1
2017/09/04,96.1,97.0,95.3,96.1
2017/09/05,96.6,97.0,95.3,96.1
2017/09/06,95.7,96.1,94.0,94.9
2017/09/07,95.7,96.6,94.0,94.0
2017/09/08,94.9,95.7,94.4,95.7
2017/09/11,96.6,97.0,94.4,94.9
2017/09/12,95.3,95.7,92.3,92.3
2017/09/13,92.3,94.0,92.3,92.7
2017/09/14,92.7,94.0,92.3,94.0
2017/09/15,94.0,95.7,93.6,95.7
2017/09/18,96.1,96.1,94.0,94.0
2017/09/19,94.9,97.8,94.4,95.3
2017/09/20,96.1,96.6,94.4,95.7
2017/09/21,96.1,98.7,95.3,98.3
2017/09/22,100.0,101.7,97.0,97.0
2017/09/25,97.4,97.8,94.0,94.0
2017/09/26,94.0,95.7,91.4,91.9
2017/09/27,92.7,94.0,92.3,92.7
2017/09/28,93.6,94.0,91.4,91.9
2017/09/29,91.9,92.7,89.7,90.6
2017/10/02,92.3,94.9,91.9,94.0
2017/10/03,93.6,94.0,92.3,92.7
2017/10/05,93.1,94.0,92.7,93.1
2017/10/06,93.6,94.0,92.3,93.1
2017/10/11,94.4,95.7,93.6,93.6
2017/10/12,94.0,94.9,93.6,94.4
2017/10/13,95.3,95.3,93.6,94.0
2017/10/16,94.4,94.9,93.6,93.6
2017/10/17,94.4,94.4,92.3,92.7
2017/10/18,93.1,93.1,90.6,91.4
2017/10/19,91.9,93.6,91.4,93.1
2017/10/20,93.1,93.6,91.9,91.9
2017/10/23,92.7,97.0,92.3,95.7
2017/10/24,95.7,97.4,94.4,96.6
2017/10/25,97.0,97.4,94.4,94.4
2017/10/26,94.4,94.9,93.6,94.4
2017/10/27,95.3,95.3,92.3,92.7
2017/10/30,93.6,94.0,92.3,93.1
2017/10/31,93.1,95.7,93.1,95.3
2017/11/01,96.1,97.8,95.3,97.0
2017/11/02,96.6,99.1,96.6,98.3
2017/11/03,100.0,100.8,97.8,97.8
2017/11/06,98.3,99.1,95.7,98.3
2017/11/07,102.5,103.4,100.4,101.3
2017/11/08,102.1,102.5,100.4,101.7
2017/11/09,102.5,109.4,102.1,105.5
2017/11/10,106.4,108.1,105.1,107.7
2017/11/13,108.5,110.7,105.1,105.5
2017/11/14,106.4,110.2,105.1,110.2
2017/11/15,111.9,116.6,110.2,116.6
2017/11/16,117.9,120.5,114.9,114.9
2017/11/17,116.2,118.8,115.4,118.8
2017/11/20,121.8,122.2,117.5,118.4
2017/11/21,119.6,120.5,117.9,120.5
2017/11/22,121.3,122.6,113.7,113.7
2017/11/23,114.5,117.5,114.5,115.4
2017/11/24,116.2,117.5,114.5,117.1
2017/11/27,117.9,119.2,114.9,114.9
2017/11/28,114.5,115.8,110.2,111.9
2017/11/29,114.5,116.6,113.7,116.6
2017/11/30,113.7,114.9,111.9,113.2
2017/12/01,114.1,114.1,106.4,110.2
2017/12/04,110.2,110.2,107.2,108.1
2017/12/05,106.8,107.7,104.7,105.1
2017/12/06,110.2,112.4,108.5,109.8
2017/12/07,111.1,111.9,107.7,108.5
2017/12/08,109.8,111.9,107.2,110.7
2017/12/11,112.4,114.5,110.7,112.8
2017/12/12,112.4,112.4,109.0,109.0
2017/12/13,108.5,109.8,107.2,108.5
2017/12/14,109.4,111.9,109.0,109.8
2017/12/15,110.2,110.2,107.7,107.7
2017/12/18,107.7,109.4,107.2,108.5
2017/12/19,109.4,109.8,106.8,106.8
2017/12/20,106.8,108.1,106.4,107.7
2017/12/21,107.7,110.2,107.7,108.5
2017/12/22,108.5,110.2,107.7,109.4
2017/12/25,109.4,109.8,107.2,107.7
2017/12/26,107.2,107.7,103.4,104.7
2017/12/27,105.1,106.8,104.3,105.1
2017/12/28,105.5,106.8,104.3,105.1
2017/12/29,106.0,106.4,104.3,104.7
2018/01/02,105.1,106.4,104.7,106.0
2018/01/03,106.8,112.8,106.4,111.5
2018/01/04,110.7,110.7,108.5,110.7
2018/01/05,110.2,110.7,109.0,110.2
2018/01/08,106.8,106.8,101.3,101.7
2018/01/09,101.7,102.5,99.1,99.6
2018/01/10,99.6,100.4,98.3,98.3
2018/01/11,99.1,101.7,97.4,101.3
2018/01/12,101.3,102.1,100.0,100.4
2018/01/16,100.4,103.8,100.4,103.4
2018/01/17,102.5,103.4,101.7,102.5
2018/01/18,103.4,103.8,102.5,102.5
2018/01/19,104.3,105.1,103.0,103.0
2018/01/22,104.3,105.1,103.4,104.3
2018/01/23,105.1,105.1,103.0,103.0
2018/01/24,103.8,103.8,102.5,103.0
2018/01/25,103.4,103.8,101.7,101.7
2018/01/26,102.1,102.1,100.4,101.3
2018/01/29,102.1,105.1,102.1,103.8
2018/01/30,104.3,104.3,101.7,102.1
2018/01/31,102.1,103.4,100.8,103.0
2018/02/01,103.4,103.8,102.5,102.5
2018/02/02,102.5,107.7,102.5,106.0
2018/02/05,103.0,104.7,100.8,103.8
2018/02/06,100.8,102.1,93.6,96.1
2018/02/07,102.5,103.0,100.0,100.0
2018/02/08,100.8,101.3,99.6,100.8
2018/02/09,96.1,99.1,95.3,98.7
2018/02/12,100.4,100.8,97.8,98.3
2018/02/21,100.4,103.0,100.0,102.5
2018/02/22,102.1,102.1,100.0,100.8
2018/02/23,102.1,102.5,101.3,101.7
2018/02/26,103.4,103.4,102.1,102.1
2018/02/27,103.4,103.4,101.3,101.7
2018/03/01,101.3,102.5,100.4,102.5
2018/03/02,101.7,101.7,100.0,100.8
2018/03/05,101.7,101.7,100.4,100.4
2018/03/06,102.1,103.0,101.3,103.0
2018/03/07,103.8,107.7,103.4,106.4
2018/03/08,107.7,108.1,106.4,107.2
2018/03/09,108.1,108.1,105.5,106.4
2018/03/12,108.1,109.0,107.2,107.7
2018/03/13,108.5,111.9,108.1,111.9
2018/03/14,111.9,111.9,109.4,111.1
2018/03/15,110.2,111.1,109.4,111.1
2018/03/16,111.1,111.1,108.5,109.4
2018/03/19,111.1,111.9,108.5,108.5
2018/03/20,107.7,109.4,107.2,108.5
2018/03/21,109.0,110.2,108.1,109.0
2018/03/22,109.4,109.8,105.1,105.5
2018/03/23,102.1,103.8,100.8,102.5
2018/03/26,101.7,103.8,101.7,103.8
2018/03/27,105.1,109.0,105.1,106.8
2018/03/28,106.0,106.0,104.3,105.1
2018/03/29,106.4,107.2,105.5,106.8
2018/03/30,108.1,108.1,106.0,106.0
2018/04/02,110.7,110.7,108.5,109.0
2018/04/03,107.2,108.5,106.8,108.5
2018/04/09,108.5,111.9,108.5,111.5
2018/04/10,111.9,112.4,109.4,110.2
2018/04/11,111.1,112.4,110.2,110.2
2018/04/12,111.1,113.7,111.1,112.8
2018/04/13,113.7,114.5,111.9,112.8
2018/04/16,113.2,113.7,111.9,111.9
2018/04/17,112.4,112.4,108.5,109.4
2018/04/18,109.8,110.7,109.0,109.8
2018/04/19,110.7,111.1,110.2,110.7
2018/04/20,110.2,110.2,109.0,109.4
2018/04/23,109.0,110.2,106.8,108.1
2018/04/24,108.5,109.0,104.3,107.7
2018/04/25,106.8,108.1,105.5,107.7
2018/04/26,108.1,110.2,106.0,106.8
2018/04/27,107.7,108.1,106.4,108.1
2018/04/30,111.5,112.8,110.2,112.8
2018/05/02,113.7,117.9,113.7,116.2
2018/05/03,117.5,119.2,116.2,117.1
2018/05/04,117.1,121.3,114.1,120.1
2018/05/07,121.3,123.5,118.4,123.5
2018/05/08,123.1,125.2,118.8,119.6
2018/05/09,120.5,128.6,119.2,126.9
2018/05/10,128.2,129.0,125.6,127.8
2018/05/11,127.3,129.9,126.0,126.5
2018/05/14,127.3,132.0,126.5,131.2
2018/05/15,131.6,131.6,128.2,129.5
2018/05/16,129.0,135.9,127.8,133.3
2018/05/17,134.6,136.7,132.5,135.0
2018/05/18,134.2,135.0,131.2,131.6
2018/05/21,132.0,134.6,129.5,132.9
2018/05/22,133.7,135.0,130.7,132.0
2018/05/23,132.5,132.5,127.8,127.8
2018/05/24,129.0,133.7,128.6,133.3
2018/05/25,133.3,135.0,132.0,133.3
2018/05/28,133.3,134.2,131.2,131.6
2018/05/29,132.9,134.2,129.9,130.7
2018/05/30,129.9,129.9,128.2,129.0
2018/05/31,131.2,131.2,128.6,129.5
2018/06/01,130.7,139.7,130.3,137.6
2018/06/04,141.0,141.9,137.6,139.3
2018/06/05,138.4,138.4,134.6,134.6
2018/06/06,133.7,137.2,133.3,135.0
2018/06/07,133.3,133.3,129.0,129.0
2018/06/08,129.5,132.0,129.0,131.2
2018/06/11,130.7,131.2,128.2,129.9
2018/06/12,130.3,130.3,128.2,129.0
2018/06/13,129.5,130.7,128.6,128.6
2018/06/14,129.5,129.5,124.3,124.3
2018/06/15,124.3,127.3,124.3,126.0
2018/06/19,125.2,125.2,122.6,123.9
2018/06/20,123.1,123.9,121.8,122.2
2018/06/21,123.1,126.9,122.6,126.5
2018/06/22,125.2,126.5,123.1,124.3
2018/06/25,125.6,126.0,123.5,124.3
2018/06/26,122.6,124.8,121.8,123.5
2018/06/27,124.3,124.8,121.3,121.3
2018/06/28,120.5,120.9,118.4,118.4
2018/06/29,119.6,123.5,119.2,122.2
2018/07/02,123.1,126.0,122.2,123.5
2018/07/03,123.9,124.8,120.9,120.9
2018/07/04,120.9,122.2,119.2,120.1
2018/07/05,120.9,121.8,117.5,117.5
2018/07/06,118.4,121.8,116.6,120.9
2018/07/09,117.1,118.8,114.5,115.8
2018/07/10,116.6,117.9,116.2,116.6
2018/07/11,115.4,117.1,115.4,116.6
2018/07/12,117.1,120.9,116.2,120.5
2018/07/13,120.5,122.6,120.1,121.8
2018/07/16,121.8,123.5,120.9,121.8
2018/07/17,121.8,123.5,121.3,121.8
2018/07/18,123.1,123.1,119.6,121.3
2018/07/19,123.1,123.9,121.8,121.8
2018/07/20,121.8,122.2,120.1,120.9
2018/07/23,120.9,121.8,116.2,117.1
2018/07/24,116.6,119.6,116.6,119.2
2018/07/25,119.6,119.6,117.9,119.6
2018/07/26,120.5,121.8,120.1,120.1
2018/07/27,120.1,124.3,120.1,123.1
2018/07/30,123.1,123.1,119.2,119.6
2018/07/31,119.6,121.8,119.2,121.8
2018/08/01,122.2,123.1,121.8,122.2
2018/08/02,124.3,125.6,122.6,123.1
2018/08/03,124.8,124.8,122.6,124.3
2018/08/06,124.8,125.2,123.9,124.8
2018/08/07,126.0,128.6,125.2,126.5
2018/08/08,126.9,129.5,126.5,128.2
2018/08/09,129.5,130.7,128.2,129.0
2018/08/10,129.0,129.5,126.5,126.5
2018/08/13,125.2,125.2,120.1,121.3
2018/08/14,121.3,123.9,120.5,123.1
2018/08/15,123.9,123.9,120.5,120.9
2018/08/16,120.9,122.6,119.2,121.3
2018/08/17,121.8,123.1,121.3,121.3
2018/08/20,120.9,121.3,119.2,119.6
2018/08/21,120.5,122.6,120.1,122.2
2018/08/22,122.2,123.1,120.9,120.9
2018/08/23,121.3,121.8,120.1,120.1
2018/08/24,120.5,121.3,119.6,119.6
2018/08/27,121.3,125.6,120.5,125.2
2018/08/28,126.5,126.9,124.8,126.5
2018/08/29,127.8,129.0,127.3,128.6
2018/08/30,125.4,127.1,123.6,123.6
2018/08/31,124.1,125.4,123.2,124.9
2018/09/03,124.9,125.8,121.4,121.4
2018/09/04,122.3,124.9,122.3,123.6
2018/09/05,122.7,124.1,122.3,122.3
2018/09/06,121.9,123.6,121.4,122.3
2018/09/07,121.0,121.0,113.5,115.3
2018/09/10,115.3,115.3,108.2,108.7
2018/09/11,109.5,110.4,107.3,107.8
2018/09/12,107.8,108.2,101.6,102.9
2018/09/13,103.8,104.3,101.6,102.5
2018/09/14,104.3,108.7,103.4,108.2
2018/09/17,107.3,107.3,105.6,106.9
2018/09/18,105.6,106.0,104.7,104.7
2018/09/19,106.5,108.2,106.0,106.5
2018/09/20,107.8,108.2,104.3,106.0
2018/09/21,107.8,108.2,106.0,107.8
2018/09/25,106.9,107.8,106.0,107.3
2018/09/26,107.8,107.8,105.6,106.0
2018/09/27,106.5,106.5,104.7,104.7
2018/09/28,105.6,105.6,104.3,104.3
2018/10/01,104.3,106.0,104.3,106.0
2018/10/02,106.0,106.9,104.3,104.7
2018/10/03,104.7,105.6,103.8,103.8
2018/10/04,103.8,104.3,102.5,102.9
2018/10/05,102.1,102.1,94.1,98.1
2018/10/08,96.8,100.3,96.3,97.7
2018/10/09,98.5,98.5,95.9,97.7
2018/10/11,90.2,91.5,88.0,88.9
2018/10/12,88.4,94.1,88.4,93.3
2018/10/15,92.4,94.1,91.5,92.8
2018/10/16,93.7,95.9,93.7,94.6
2018/10/17,96.3,96.3,94.6,95.0
2018/10/18,95.9,98.5,95.5,95.5
2018/10/19,93.3,95.0,92.4,94.6
2018/10/22,93.7,96.3,93.3,95.9
2018/10/23,95.0,95.5,93.7,93.7
2018/10/24,93.3,95.5,92.8,94.1
2018/10/25,89.7,91.9,89.7,91.5
2018/10/26,92.8,93.3,90.2,90.2
2018/10/29,90.2,91.5,89.3,89.3
2018/10/30,90.6,90.6,89.3,90.2
2018/10/31,91.5,94.1,91.5,93.7
2018/11/01,94.1,97.7,94.1,97.2
2018/11/02,99.0,100.7,96.8,97.7
2018/11/05,96.8,98.1,95.9,95.9
2018/11/06,96.3,97.7,95.0,95.0
2018/11/07,95.0,96.8,95.0,96.8
2018/11/08,99.4,99.4,96.3,96.3
2018/11/09,91.5,91.5,87.8,89.7
2018/11/12,87.8,88.9,86.9,87.6
2018/11/13,85.8,87.6,84.9,87.6
2018/11/14,89.3,89.7,88.0,88.9
2018/11/15,88.9,89.3,87.5,88.4
2018/11/16,88.9,89.3,87.6,87.8
2018/11/19,88.9,89.7,88.9,89.3
2018/11/20,88.4,89.3,88.4,88.4
2018/11/21,87.6,88.9,87.4,88.9
2018/11/22,88.9,89.7,88.0,88.0
2018/11/23,88.0,88.4,87.0,87.2
2018/11/26,87.6,91.1,87.6,88.9
2018/11/27,89.3,89.3,88.4,88.9
2018/11/28,89.3,91.5,89.3,91.1
2018/11/29,92.4,93.3,91.1,91.1
2018/11/30,91.9,93.7,91.1,92.8
2018/12/03,95.5,96.3,94.6,95.9
2018/12/04,96.8,97.2,94.6,94.6
2018/12/05,92.4,92.8,91.5,91.9
2018/12/06,91.5,92.4,88.9,89.7
2018/12/07,90.2,91.5,90.2,90.6
2018/12/10,90.6,90.6,88.9,89.3
2018/12/11,89.7,91.1,89.7,90.2
2018/12/12,90.6,91.9,90.6,91.5
2018/12/13,92.4,92.8,91.1,91.1
2018/12/14,90.6,91.1,89.7,89.7
2018/12/17,90.2,90.2,89.3,89.7
2018/12/18,89.3,91.1,89.3,91.1
2018/12/19,92.4,95.9,92.4,93.7
2018/12/20,92.8,92.8,90.6,90.6
2018/12/21,91.1,91.1,88.9,90.6
2018/12/24,90.2,90.6,89.3,90.6
2018/12/25,89.7,89.7,88.9,89.3
2018/12/26,89.7,90.2,88.0,88.0
2018/12/27,90.2,90.2,88.9,88.9
2018/12/28,88.9,89.3,88.4,88.9
2019/01/02,89.3,89.7,89.3,89.3
2019/01/03,89.3,89.7,88.9,89.3
2019/01/04,88.9,88.9,87.1,88.9
2019/01/07,88.0,89.7,87.5,87.6
2019/01/08,87.6,88.4,86.8,86.9
2019/01/09,87.3,87.8,86.6,87.5
2019/01/10,87.6,88.4,87.6,88.0
2019/01/11,88.4,89.7,88.0,89.3
2019/01/14,89.3,90.2,89.3,89.7
2019/01/15,89.7,90.6,89.3,90.2
2019/01/16,90.6,91.5,89.3,89.3
2019/01/17,89.3,90.2,88.0,88.4
2019/01/18,88.9,89.3,88.0,88.4
2019/01/21,89.3,89.7,88.4,89.3
2019/01/22,89.7,90.2,89.3,89.3
2019/01/23,89.3,91.1,89.3,90.6
2019/01/24,90.6,91.1,89.7,90.2
2019/01/25,91.1,91.9,90.6,91.5
2019/01/28,92.4,94.6,91.5,93.7
2019/01/29,94.1,94.1,91.5,92.8
2019/01/30,93.7,93.7,92.4,93.3
2019/02/11,94.6,95.0,93.3,94.6
2019/02/12,94.1,95.9,94.1,95.9
2019/02/13,100.3,102.5,99.4,102.1
2019/02/14,102.5,105.1,102.5,103.8
2019/02/15,104.7,105.1,102.1,102.5
2019/02/18,104.3,105.1,103.4,105.1
2019/02/19,105.6,106.5,102.9,103.8
2019/02/20,103.4,104.3,102.5,104.3
2019/02/21,104.7,105.1,102.5,102.9
2019/02/22,102.5,103.4,102.5,102.5
2019/02/25,102.9,104.3,102.1,104.3
2019/02/26,104.3,104.3,102.5,103.8
2019/02/27,104.3,104.7,102.1,103.8
2019/03/04,104.7,104.7,102.9,102.9
2019/03/05,102.9,103.4,102.5,102.9
2019/03/06,103.8,108.2,102.9,108.2
2019/03/07,107.3,109.5,104.7,105.1
2019/03/08,104.7,104.7,102.9,104.3
2019/03/11,103.8,104.7,102.9,103.8
2019/03/12,103.8,105.1,103.4,103.4
2019/03/13,103.8,104.7,103.4,103.8
2019/03/14,105.1,105.6,104.3,104.7
2019/03/15,105.6,105.6,104.3,104.7
2019/03/18,105.1,105.6,104.3,104.3
2019/03/19,104.7,105.1,103.8,103.8
2019/03/20,104.3,106.9,104.3,106.5
2019/03/21,106.5,108.2,106.0,106.5
2019/03/22,107.8,108.7,106.5,107.3
2019/03/25,105.6,107.8,104.3,106.9
2019/03/26,108.2,108.2,106.9,107.3
2019/03/27,109.1,113.1,108.2,110.4
2019/03/28,111.3,112.2,110.0,111.3
2019/03/29,113.1,114.4,110.4,110.4
2019/04/01,112.2,113.1,111.3,111.7
2019/04/02,113.1,113.1,111.7,111.7
2019/04/03,112.2,112.2,110.4,110.9
2019/04/08,109.1,109.1,106.9,107.3
2019/04/09,107.3,107.8,106.0,106.9
2019/04/10,107.8,109.1,107.8,108.7
2019/04/11,109.5,109.5,107.8,108.2
2019/04/12,108.7,108.7,107.3,107.3
2019/04/15,108.2,108.7,107.3,108.2
2019/04/16,108.2,109.1,106.9,107.3
2019/04/17,108.2,108.2,105.6,106.0
2019/04/18,105.6,106.0,102.5,102.9
2019/04/19,103.8,104.7,103.4,104.7
2019/04/22,105.1,105.6,104.3,105.6
2019/04/23,105.1,105.1,102.9,104.3
2019/04/24,104.7,105.1,104.3,104.7
2019/04/25,105.6,105.6,103.8,104.3
2019/04/26,103.8,104.3,102.9,102.9
2019/04/29,102.9,103.4,99.0,99.9
2019/04/30,99.9,102.9,99.9,102.1
2019/05/02,102.1,103.8,102.1,103.4
2019/05/03,107.3,110.0,106.0,109.1
2019/05/06,107.3,108.7,106.0,106.0
2019/05/07,104.7,106.5,104.7,104.7
2019/05/08,102.9,103.8,102.5,103.4
2019/05/09,103.4,103.8,98.5,99.0
2019/05/10,99.4,101.2,98.5,99.4
2019/05/13,99.4,99.4,96.8,96.8
2019/05/14,95.0,100.3,94.6,100.3
2019/05/15,99.9,101.6,99.9,101.2
2019/05/16,101.2,101.6,99.4,99.4
2019/05/17,100.3,101.2,97.7,98.1
2019/05/20,97.7,99.0,97.7,98.5
2019/05/21,98.5,99.4,97.7,99.0
2019/05/22,99.4,100.7,99.4,100.3
2019/05/23,100.7,101.2,98.5,99.9
2019/05/24,99.9,102.1,99.9,101.6
2019/05/27,101.6,102.1,100.3,101.2
2019/05/28,101.6,103.4,100.7,103.4
2019/05/29,102.9,103.4,101.6,101.6
2019/05/30,101.6,102.5,101.2,102.5
2019/05/31,102.1,103.4,102.1,103.4
2019/06/03,103.4,103.4,101.2,101.6
2019/06/04,102.1,102.1,100.3,100.7
2019/06/05,102.1,102.1,101.2,101.2
2019/06/06,100.7,101.2,100.3,100.3
2019/06/10,99.9,100.7,99.4,99.9
2019/06/11,100.3,100.3,99.0,99.9
2019/06/12,99.4,101.2,99.4,100.7
2019/06/13,100.7,101.2,100.3,101.2
2019/06/14,101.2,101.6,100.7,101.6
2019/06/17,101.2,101.6,101.2,101.2
2019/06/18,101.6,102.5,101.6,102.1
2019/06/19,103.4,103.4,102.1,102.5
2019/06/20,102.5,102.9,102.1,102.5
2019/06/21,102.9,104.3,102.5,103.4
2019/06/24,103.4,103.8,102.9,103.4
2019/06/25,104.3,104.3,101.2,101.6
2019/06/26,101.6,102.1,100.7,102.1
2019/06/27,102.1,102.9,102.1,102.1
2019/06/28,102.9,102.9,102.5,102.9
2019/07/01,105.1,106.0,103.8,104.7
2019/07/02,104.7,104.7,103.8,103.8
2019/07/03,103.8,104.7,103.8,104.3
2019/07/04,104.7,104.7,103.8,103.8
2019/07/05,104.7,105.1,103.8,104.7
2019/07/08,103.8,104.3,102.9,103.4
2019/07/09,103.4,104.7,103.4,104.3
2019/07/10,104.7,105.1,103.8,104.7
2019/07/11,105.6,108.2,105.1,108.2
2019/07/12,109.5,109.5,107.3,107.3
2019/07/15,108.7,108.7,106.5,106.9
2019/07/16,107.3,108.2,106.9,108.2
2019/07/17,109.1,109.1,107.3,107.3
2019/07/18,107.3,107.3,105.6,105.6
2019/07/19,105.6,107.3,105.6,106.0
2019/07/22,106.5,106.5,104.7,105.6
2019/07/23,106.5,110.9,106.5,109.1
2019/07/24,110.4,113.9,110.4,113.1
2019/07/25,114.4,115.7,113.1,113.5
2019/07/26,113.5,114.4,111.3,112.6
2019/07/29,113.9,115.3,112.6,115.3
2019/07/30,116.1,116.1,110.0,111.3
2019/07/31,112.2,112.2,110.0,111.3
2019/08/01,110.0,112.6,110.0,111.7
2019/08/02,110.0,110.9,109.1,110.4
2019/08/05,112.2,113.5,110.9,112.6
2019/08/06,110.9,115.7,109.5,114.8
2019/08/07,116.1,117.0,113.9,113.9
2019/08/08,114.4,115.3,113.9,114.8
2019/08/12,114.4,114.8,113.1,113.5
2019/08/13,113.5,113.5,111.3,111.7
2019/08/14,113.1,113.9,111.7,111.7
2019/08/15,110.0,112.2,109.5,112.2
2019/08/16,112.6,113.1,111.3,112.2
2019/08/19,113.1,113.5,112.2,113.5
2019/08/20,113.9,114.8,113.1,113.5
2019/08/21,113.5,114.4,113.1,113.5
2019/08/22,109.9,112.2,109.0,111.3
2019/08/23,110.4,114.9,109.9,113.5
2019/08/26,111.3,112.6,110.8,112.2
2019/08/27,113.5,115.8,113.5,114.9
2019/08/28,115.8,117.1,113.5,114.9
2019/08/29,115.8,115.8,113.1,114.4
2019/08/30,115.3,115.8,114.0,114.0
2019/09/02,114.4,115.3,114.4,114.9
2019/09/03,116.2,119.4,115.3,119.4
2019/09/04,118.9,120.3,117.6,120.3
2019/09/05,120.7,121.6,119.4,119.4
2019/09/06,121.1,122.5,119.8,120.3
2019/09/09,120.7,120.7,116.7,117.1
2019/09/10,117.1,119.4,116.7,118.0
2019/09/11,118.9,120.3,118.5,118.9
2019/09/12,120.7,127.0,119.8,126.5
2019/09/16,128.3,134.2,127.0,131.9
2019/09/17,131.9,136.4,131.5,131.5
2019/09/18,132.8,133.7,128.8,131.5
2019/09/19,131.9,133.3,130.6,131.5
2019/09/20,131.9,133.3,130.1,133.3
2019/09/23,132.8,133.7,131.5,133.3
2019/09/24,133.7,137.8,128.3,128.3
2019/09/25,128.8,130.6,127.0,129.7
2019/09/26,130.6,133.7,130.6,131.9
2019/09/27,131.5,132.8,127.4,128.3
2019/10/01,129.2,131.0,128.8,129.7
2019/10/02,129.2,129.7,127.0,127.0
2019/10/03,123.8,126.1,122.9,125.2
2019/10/04,126.5,127.9,124.7,124.7
2019/10/07,125.6,127.4,123.4,126.1
2019/10/08,126.1,127.0,123.8,123.8
2019/10/09,123.8,124.7,121.1,121.6
2019/10/14,124.3,125.2,122.0,123.4
2019/10/15,123.8,123.8,120.3,122.0
2019/10/16,122.9,124.3,120.7,121.1
2019/10/17,121.1,123.8,120.3,123.8
2019/10/18,123.8,125.6,122.9,124.7
2019/10/21,123.8,125.2,122.5,123.8
2019/10/22,124.3,124.7,122.9,122.9
2019/10/23,122.9,124.3,122.5,122.9
2019/10/24,123.4,123.8,122.0,122.5
2019/10/25,122.9,123.8,122.0,122.0
2019/10/28,122.5,122.9,120.3,121.1
2019/10/29,121.1,121.6,118.0,118.9
2019/10/30,118.9,121.1,118.9,119.8
2019/10/31,120.3,122.9,119.8,119.8
2019/11/01,120.3,121.1,118.9,120.3
2019/11/04,121.1,123.8,118.9,122.9
2019/11/05,123.8,128.3,122.9,127.9
2019/11/06,128.8,128.8,125.2,125.6
2019/11/07,132.4,132.4,129.2,131.0
2019/11/08,132.4,132.4,130.1,131.0
2019/11/11,132.4,133.7,129.7,131.0
2019/11/12,131.9,133.7,131.0,132.8
2019/11/13,133.7,135.1,132.4,132.4
2019/11/14,131.5,131.9,128.3,128.8
2019/11/15,129.2,131.5,128.3,128.8
2019/11/18,130.1,136.0,128.8,135.1
2019/11/19,133.7,136.0,132.4,135.1
2019/11/20,135.1,136.4,132.4,132.4
2019/11/21,133.7,138.2,132.4,137.8
2019/11/22,137.8,140.9,135.5,137.8
2019/11/25,138.2,140.0,137.3,137.8
2019/11/26,139.1,140.9,137.3,137.3
2019/11/27,137.8,139.5,136.9,138.6
2019/11/28,140.0,142.7,138.2,138.2
2019/11/29,139.1,140.9,134.2,136.0
2019/12/02,136.4,137.3,132.8,136.4
2019/12/03,135.5,138.2,135.1,137.8
2019/12/04,138.6,142.2,136.0,141.8
2019/12/05,142.7,145.4,140.9,144.9
2019/12/06,139.1,141.3,135.5,138.6
2019/12/09,139.5,142.7,139.1,141.3
2019/12/10,140.9,144.5,140.0,141.8
2019/12/11,142.7,143.1,140.9,141.3
2019/12/12,142.2,142.7,139.5,140.0
2019/12/13,140.4,141.8,137.3,138.2
2019/12/16,137.8,141.8,137.3,141.3
2019/12/17,142.2,144.0,139.5,139.5
2019/12/18,140.0,144.0,140.0,140.9
2019/12/19,142.2,144.5,141.8,141.8
2019/12/20,141.8,142.7,140.4,141.8
2019/12/23,142.2,147.6,142.2,143.6
2019/12/24,144.0,147.2,141.8,145.4
2019/12/25,145.8,148.1,145.8,146.7
2019/12/26,146.7,153.5,146.7,150.3
2019/12/27,151.7,164.7,151.7,158.8
2019/12/30,159.3,162.9,157.9,158.4
2019/12/31,158.4,162.0,153.9,155.2
2020/01/02,156.1,158.8,152.6,157.9
2020/01/03,158.4,162.4,155.2,159.3
2020/01/06,158.4,161.5,156.6,161.1
2020/01/07,160.6,161.1,152.1,152.6
2020/01/08,150.8,158.8,149.4,157.0
2020/01/09,160.2,161.5,157.9,158.8
2020/01/10,158.8,159.3,157.0,157.5
2020/01/13,161.5,162.4,158.8,161.1
2020/01/14,161.1,163.3,159.3,160.2
2020/01/15,162.4,173.2,161.5,166.0
2020/01/16,166.5,168.3,165.1,166.9
2020/01/17,168.7,168.7,165.6,166.0
2020/01/20,167.8,172.3,167.4,171.9
2020/01/30,162.4,164.7,155.7,157.0
2020/01/31,160.6,162.4,156.1,157.9
2020/02/03,149.0,155.2,145.4,152.6
2020/02/04,156.1,161.1,155.7,161.1
2020/02/05,163.8,172.7,163.3,171.0
2020/02/06,173.6,174.1,168.7,172.3
2020/02/07,170.1,177.7,168.3,171.4
2020/02/10,171.4,177.7,171.0,171.0
2020/02/11,172.7,177.2,171.4,176.8
2020/02/12,180.4,180.4,174.1,176.8
2020/02/13,176.8,177.7,173.2,173.2
2020/02/14,175.0,182.2,174.1,179.9
2020/02/17,176.8,180.4,175.9,180.4
2020/02/18,180.4,182.6,172.7,172.7
2020/02/19,175.9,175.9,171.9,172.3
2020/02/20,173.6,177.2,173.6,176.3
2020/02/21,176.8,179.0,175.9,177.7
2020/02/24,175.9,175.9,172.7,174.1
2020/02/25,171.0,175.0,171.0,173.2
2020/02/26,172.3,174.5,166.9,167.8
2020/02/27,169.2,169.6,162.0,163.3
2020/03/02,160.6,168.3,159.7,163.8
2020/03/03,167.8,169.2,166.5,168.3
2020/03/04,167.8,168.7,163.8,166.9
2020/03/05,171.0,171.4,169.2,171.4
2020/03/06,169.2,169.2,165.6,166.0
2020/03/09,161.5,162.9,155.2,157.0
2020/03/10,152.6,159.7,152.1,159.7
2020/03/11,158.8,160.6,152.6,152.6
2020/03/12,148.1,148.5,138.6,140.9
2020/03/13,128.3,144.5,128.3,142.2
2020/03/16,142.2,149.0,139.5,141.3
2020/03/17,135.1,141.3,133.3,133.3
2020/03/18,135.5,136.0,124.7,124.7
2020/03/19,123.4,123.4,114.9,115.3
2020/03/20,121.1,126.5,115.8,123.4
2020/03/23,116.7,122.9,114.9,120.7
2020/03/24,126.5,131.0,126.5,130.1
2020/03/25,136.9,137.3,131.9,133.7
2020/03/26,135.5,136.4,131.0,134.6
2020/03/27,136.9,138.2,131.5,131.5
2020/03/30,129.2,130.6,126.5,129.7
2020/03/31,132.4,140.9,129.7,138.2
2020/04/01,136.9,143.1,135.5,138.6
2020/04/06,138.6,145.4,137.3,145.4
2020/04/07,150.8,153.9,149.0,151.2
2020/04/08,150.8,152.1,148.5,150.3
2020/04/09,151.7,152.1,149.0,150.3
2020/04/10,150.3,152.1,149.4,151.2
2020/04/13,151.7,151.7,147.2,149.0
2020/04/14,150.3,153.5,149.9,150.8
2020/04/15,152.1,158.4,152.1,156.6
2020/04/16,155.7,160.2,154.4,156.6
2020/04/17,159.3,160.2,156.6,157.5
2020/04/20,158.8,163.8,158.4,162.4
2020/04/21,164.2,164.2,153.9,154.4
2020/04/22,153.9,157.5,153.0,157.0
2020/04/23,158.8,159.7,156.1,156.6
2020/04/24,156.1,157.9,156.1,156.1
2020/04/27,157.9,159.7,155.7,157.9
2020/04/28,159.3,159.7,157.5,158.4
2020/04/29,159.7,163.8,159.7,162.4
2020/04/30,165.6,167.8,164.7,167.8
2020/05/04,163.8,166.0,161.5,164.7
2020/05/05,168.7,170.5,164.7,165.1
2020/05/06,165.6,166.9,163.3,165.6
2020/05/07,167.8,167.8,162.9,163.8
2020/05/08,164.7,165.1,159.7,160.2
2020/05/11,161.5,165.1,160.2,163.8
2020/05/12,162.0,164.2,160.2,161.5
2020/05/13,166.9,172.3,165.1,171.0
2020/05/14,169.2,171.0,164.7,166.9
2020/05/15,168.7,169.6,163.8,165.1
2020/05/18,165.1,165.6,162.0,162.4
2020/05/19,165.6,166.0,163.8,164.7
2020/05/20,165.6,168.7,164.2,168.7
2020/05/21,169.6,170.1,167.8,168.3
2020/05/22,168.3,170.1,164.7,164.7
2020/05/25,165.6,166.0,161.5,165.1
2020/05/26,166.5,169.6,166.5,167.8
2020/05/27,168.3,169.6,166.5,167.4
2020/05/28,168.7,171.4,167.4,167.4
2020/05/29,167.8,171.4,166.9,171.4
2020/06/01,172.7,173.6,169.6,170.1
2020/06/02,169.6,170.1,167.4,167.4
2020/06/03,169.2,169.6,167.4,168.7
2020/06/04,171.0,175.0,170.5,171.4
2020/06/05,171.0,171.0,168.7,170.1
2020/06/08,169.6,169.6,162.4,163.3
2020/06/09,162.9,165.1,158.8,162.4
2020/06/10,163.3,163.3,161.5,162.4
2020/06/11,162.4,162.9,157.0,157.9
2020/06/12,155.2,159.7,153.5,159.7
2020/06/15,159.7,160.6,157.5,157.9
2020/06/16,159.3,161.1,159.3,160.2
2020/06/17,160.6,161.5,160.2,160.6
2020/06/18,160.2,162.4,159.7,162.0
2020/06/19,162.0,162.0,160.6,160.6
2020/06/22,160.6,161.1,159.3,159.7
2020/06/23,160.2,161.1,159.3,160.2
2020/06/24,160.6,162.9,159.7,162.0
2020/06/29,159.7,161.1,157.9,157.9
2020/06/30,159.7,159.7,157.0,158.4
2020/07/01,158.4,161.5,158.4,161.1
2020/07/02,162.0,162.4,160.2,160.6
2020/07/03,161.5,163.8,160.6,163.3
2020/07/06,165.1,166.0,163.8,165.6
2020/07/07,164.7,168.7,161.5,167.8
2020/07/08,166.9,170.1,166.9,169.6
2020/07/09,170.5,174.5,170.5,172.3
2020/07/10,173.6,173.6,164.2,166.9
2020/07/13,168.3,168.3,166.9,167.4
2020/07/14,167.4,169.2,165.1,165.1
2020/07/15,167.4,167.4,164.7,165.1
2020/07/16,166.0,172.3,166.0,170.1
2020/07/17,171.9,173.2,167.4,167.8
2020/07/20,167.8,168.3,161.5,163.8
2020/07/21,164.7,166.0,162.0,164.2
2020/07/22,165.1,167.8,164.2,166.5
2020/07/23,166.9,168.7,165.1,165.6
2020/07/24,164.7,167.4,161.5,164.2
2020/07/27,164.2,164.2,161.5,162.4
2020/07/28,162.4,163.8,159.3,159.3
2020/07/29,157.9,162.0,157.0,162.0
2020/07/30,163.3,163.8,161.1,161.5
2020/07/31,162.0,163.3,161.5,163.3
2020/08/03,163.8,163.8,159.7,160.2
2020/08/04,161.1,161.5,160.2,160.2
2020/08/05,160.6,166.0,160.2,162.4
2020/08/06,162.4,162.9,160.2,161.1
2020/08/07,161.1,161.1,158.4,161.1
2020/08/10,161.1,161.1,158.8,159.3
2020/08/11,158.8,159.3,157.5,157.9
2020/08/12,157.9,157.9,154.8,155.2
2020/08/13,157.0,159.3,156.1,158.4
2020/08/14,157.5,157.5,156.1,157.0
2020/08/17,157.0,158.4,156.6,157.5
2020/08/18,157.9,157.9,155.7,156.6
2020/08/19,157.0,157.5,155.2,155.2
2020/08/20,155.2,155.7,147.6,150.8
2020/08/21,146.5,148.7,146.0,146.5
2020/08/24,146.5,146.5,144.6,145.1
2020/08/25,145.5,146.9,144.2,144.6
2020/08/26,144.2,146.5,144.2,144.6
2020/08/27,146.0,149.7,145.5,149.2
2020/08/28,149.2,149.2,146.9,147.4
2020/08/31,146.9,148.3,144.6,145.5
2020/09/01,146.0,146.0,138.7,140.5
2020/09/02,141.4,142.3,140.0,140.5
2020/09/03,143.7,143.7,139.6,140.0
2020/09/04,137.8,144.6,137.8,144.6
2020/09/07,141.9,143.3,140.5,140.5
2020/09/08,142.3,143.3,139.1,139.1
2020/09/09,137.8,138.7,135.9,136.4
2020/09/10,138.7,142.3,137.8,141.9
2020/09/11,141.9,143.7,141.0,141.4
2020/09/14,143.7,143.7,141.0,141.4
2020/09/15,142.8,143.7,141.0,141.9
2020/09/16,143.7,143.7,140.5,141.0
2020/09/17,141.0,142.8,141.0,141.0
2020/09/18,141.9,142.3,140.5,140.5
2020/09/21,140.5,141.0,137.8,138.2
2020/09/22,141.4,145.1,139.6,140.0
2020/09/23,143.3,144.2,142.3,142.3
2020/09/24,141.9,144.6,140.5,143.3
2020/09/25,145.5,146.0,142.3,142.3
2020/09/28,143.7,144.2,142.3,142.8
2020/09/29,143.7,145.1,143.7,143.7
2020/09/30,144.2,145.1,143.7,145.1
2020/10/05,146.0,146.5,143.3,143.3
2020/10/06,144.6,144.6,142.8,142.8
2020/10/07,141.9,141.9,139.1,140.0
2020/10/08,140.0,140.0,137.3,137.3
2020/10/12,137.8,138.7,137.3,138.2
2020/10/13,138.2,138.2,136.8,137.3
2020/10/14,137.8,138.2,137.3,138.2
2020/10/15,138.7,140.0,137.3,137.8
2020/10/16,137.8,139.1,137.8,138.7
2020/10/19,138.7,139.6,138.7,139.1
2020/10/20,139.1,139.6,138.2,138.7
2020/10/21,139.6,142.8,139.6,140.5
2020/10/22,140.0,141.0,138.7,140.0
2020/10/23,140.0,140.5,139.1,140.5
2020/10/26,141.0,141.0,139.1,140.0
2020/10/27,139.1,141.0,138.7,140.0
2020/10/28,140.0,140.5,137.8,138.7
2020/10/29,137.3,138.2,135.5,137.3
2020/10/30,137.8,138.2,136.4,136.8
2020/11/02,136.8,137.3,135.9,136.4
2020/11/03,137.3,137.3,136.4,136.8
2020/11/04,137.3,137.3,135.9,136.4
2020/11/05,136.8,138.7,136.8,138.2
2020/11/06,138.2,138.7,136.8,137.8
2020/11/09,138.2,142.3,137.8,141.0
2020/11/10,142.8,142.8,141.0,141.9
2020/11/11,143.7,146.0,143.3,145.1
2020/11/12,145.1,146.0,144.2,145.1
2020/11/13,144.2,145.5,144.2,145.5
2020/11/16,146.5,146.9,145.1,145.1
2020/11/17,146.5,148.7,146.5,147.8
2020/11/18,148.7,149.7,146.5,146.9
2020/11/19,147.4,149.2,146.5,149.2
2020/11/20,149.2,152.4,149.2,152.4
2020/11/23,153.3,153.3,149.7,151.5
2020/11/24,151.5,151.9,150.1,150.6
2020/11/25,150.6,151.5,149.2,149.7
2020/11/26,150.6,150.6,147.4,148.3
2020/11/27,149.2,150.6,148.7,150.1
2020/11/30,151.0,151.0,148.7,149.2
2020/12/01,149.2,152.9,148.3,152.9
2020/12/02,153.8,161.1,153.3,157.9
2020/12/03,159.7,160.2,156.1,156.1
2020/12/04,156.5,161.1,156.5,159.7
2020/12/07,159.7,160.6,156.5,157.4
2020/12/08,157.9,158.8,154.7,154.7
2020/12/09,154.7,158.8,154.7,158.8
2020/12/10,159.3,159.3,154.7,155.2
2020/12/11,155.6,156.1,151.0,152.4
2020/12/14,154.2,156.5,152.9,155.6
2020/12/15,156.5,156.5,151.9,152.4
2020/12/16,153.3,154.7,151.9,152.9
2020/12/17,153.8,154.7,151.5,151.5
2020/12/18,152.9,152.9,151.5,151.9
2020/12/21,152.9,154.2,151.5,153.3
2020/12/22,151.9,153.3,150.6,150.6
2020/12/23,151.0,152.4,149.7,151.0
2020/12/24,151.0,152.4,150.6,150.6
2020/12/25,150.6,151.5,150.1,151.0
2020/12/28,151.0,153.3,151.0,151.5
2020/12/29,152.4,153.8,151.9,151.9
2020/12/30,153.8,154.2,152.9,153.8
2020/12/31,153.3,154.7,151.5,151.9
2021/01/04,153.3,156.1,152.9,156.1
2021/01/05,156.5,157.9,155.2,157.4
2021/01/06,159.7,159.7,153.3,154.2
2021/01/07,153.8,156.1,151.9,153.8
2021/01/08,154.7,157.0,153.8,155.2
2021/01/11,155.6,157.9,155.2,157.4
2021/01/12,158.4,160.6,157.4,157.9
2021/01/13,158.4,160.2,157.4,157.4
2021/01/14,156.5,156.5,155.2,155.2
2021/01/15,155.6,156.5,151.0,151.9
2021/01/18,151.5,151.5,147.4,149.7
2021/01/19,149.7,150.6,148.3,148.3
2021/01/20,149.2,149.2,145.5,146.0
2021/01/21,146.0,147.8,146.0,147.4
2021/01/22,148.3,150.6,147.4,150.6
2021/01/25,150.6,151.9,150.1,151.5
2021/01/26,152.9,154.7,151.0,152.9
2021/01/27,154.2,155.2,152.4,153.8
2021/01/28,151.0,153.3,151.0,151.5
2021/01/29,153.3,153.3,150.1,151.0
2021/02/01,152.4,152.9,148.3,150.6
2021/02/02,151.5,151.5,150.1,151.5
2021/02/03,152.4,152.4,149.2,151.0
2021/02/04,150.6,151.5,149.2,149.2
2021/02/05,151.0,151.0,148.7,149.7
2021/02/17,150.6,150.6,147.8,149.7
2021/02/18,149.7,151.9,149.2,151.5
2021/02/19,151.9,152.4,149.7,151.9
2021/02/22,152.4,153.8,151.9,153.3
2021/02/23,152.9,152.9,151.0,151.9
2021/02/24,152.4,152.4,149.7,150.1
2021/02/25,151.0,151.5,150.1,151.0
2021/02/26,149.2,151.0,148.7,149.7
2021/03/02,150.1,153.8,150.1,151.9
2021/03/03,153.3,153.3,149.2,150.1
2021/03/04,150.6,151.5,150.6,151.0
2021/03/05,149.7,151.5,149.7,151.0
2021/03/08,150.1,151.0,148.7,149.7
2021/03/09,149.7,149.7,147.8,147.8
2021/03/10,149.7,149.7,146.5,146.9
2021/03/11,148.7,152.9,148.3,151.9
2021/03/12,152.9,152.9,150.6,151.5
2021/03/15,151.9,153.8,151.5,153.8
2021/03/16,154.2,154.7,151.9,152.9
2021/03/17,152.9,155.6,152.9,154.7
2021/03/18,153.8,155.6,153.8,154.7
2021/03/19,153.8,158.4,153.8,158.4
2021/03/22,159.3,159.7,158.4,158.4
2021/03/23,159.3,159.3,156.5,157.4
2021/03/24,157.4,157.4,154.7,155.6
2021/03/25,155.6,156.1,153.8,153.8
2021/03/26,154.7,155.6,152.4,154.7
2021/03/29,156.5,156.5,155.2,155.6
2021/03/30,156.5,158.4,156.1,157.9
2021/03/31,157.4,157.4,155.2,155.6
2021/04/01,157.0,159.3,156.1,157.9
2021/04/06,159.7,159.7,157.0,157.4
2021/04/07,160.6,168.9,160.2,166.6
2021/04/08,166.1,167.1,163.4,164.8
2021/04/09,168.4,168.4,161.6,163.4
2021/04/12,164.3,168.4,164.3,168.0
2021/04/13,165.7,168.0,163.8,163.8
2021/04/14,163.8,165.7,159.3,163.4
2021/04/15,163.4,164.8,161.6,162.5
2021/04/16,162.0,164.8,161.6,162.0
2021/04/19,161.6,166.1,161.6,165.2
2021/04/20,164.8,165.2,162.9,163.8
2021/04/21,164.3,170.7,163.8,165.2
2021/04/22,166.1,168.0,161.6,162.0
2021/04/23,161.6,166.6,161.6,165.7
2021/04/26,168.9,169.3,164.3,167.1
2021/04/27,168.0,168.0,163.8,164.3
2021/04/28,165.2,167.5,164.3,167.5
2021/04/29,165.2,167.1,164.3,164.3
2021/05/03,164.3,166.6,158.4,159.7
2021/05/04,160.2,161.6,153.8,156.5
2021/05/05,155.6,162.0,155.6,159.7
2021/05/06,162.5,165.7,160.2,160.2
2021/05/07,162.0,167.1,162.0,165.2
2021/05/10,167.1,167.1,162.9,166.1
2021/05/11,164.3,165.2,161.1,161.6
2021/05/12,161.6,162.9,148.3,155.6
2021/05/13,152.9,155.2,148.7,150.1
2021/05/14,153.3,153.8,149.2,150.6
2021/05/17,143.3,149.7,138.2,141.0
2021/05/18,144.6,152.9,142.8,152.4
2021/05/19,151.9,152.4,149.2,152.4
2021/05/20,150.6,151.0,146.5,146.5
2021/05/21,148.3,150.1,147.8,149.2
2021/05/24,147.4,151.0,146.9,151.0
2021/05/25,151.0,154.2,151.0,151.9
2021/05/26,151.9,153.8,151.9,152.9
2021/05/27,151.9,156.1,150.6,156.1
2021/05/28,157.0,158.8,155.6,156.5
2021/05/31,156.5,157.0,155.2,155.6
2021/06/01,157.9,157.9,155.2,157.4
2021/06/02,157.4,157.9,153.8,156.1
2021/06/03,156.5,156.5,153.3,155.6
2021/06/04,155.6,155.6,153.3,154.7
2021/06/07,163.8,165.7,161.6,164.3
2021/06/08,165.2,165.7,162.0,162.9
2021/06/09,163.8,163.8,162.0,162.0
2021/06/10,162.5,163.4,161.1,162.5
2021/06/11,164.3,164.8,161.6,163.8
2021/06/15,165.7,165.7,163.4,165.2
2021/06/16,163.8,165.7,163.4,163.8
2021/06/17,164.3,171.6,164.3,169.8
2021/06/18,170.3,173.0,167.5,167.5
2021/06/21,167.5,175.7,167.5,174.4
2021/06/22,176.2,176.7,171.2,171.2
2021/06/23,173.9,174.8,171.6,173.0
2021/06/24,174.8,174.8,172.1,173.5
2021/06/25,174.4,174.8,171.6,171.6
2021/06/28,171.2,172.1,169.8,171.2
2021/06/29,172.5,172.5,169.3,169.8
2021/06/30,170.7,174.4,169.3,174.4
2021/07/01,174.8,176.2,173.5,173.5
2021/07/02,174.4,176.7,174.4,176.7
2021/07/05,178.5,184.9,178.5,184.0
2021/07/06,190.4,193.1,182.2,186.3
2021/07/07,186.3,194.5,185.4,190.4
2021/07/08,194.1,194.1,188.6,189.5
2021/07/09,188.6,190.4,187.2,189.0
2021/07/12,191.3,193.6,188.6,190.4
2021/07/13,192.2,192.2,186.7,188.6
2021/07/14,192.2,199.1,187.6,189.5
2021/07/15,191.3,193.1,189.0,189.0
2021/07/16,189.0,191.3,188.1,188.6
2021/07/19,188.1,191.8,187.6,188.1
2021/07/20,187.6,189.9,184.4,188.1
2021/07/21,190.8,191.3,188.6,189.5
2021/07/22,191.8,199.5,189.5,199.5
2021/07/23,201.4,210.5,200.9,208.7
2021/07/26,213.7,216.0,205.0,210.5
2021/07/27,212.8,217.9,210.5,215.6
2021/07/28,213.3,216.0,202.3,216.0
2021/07/29,219.2,221.5,210.5,210.5
2021/07/30,214.6,228.8,211.4,219.7
2021/08/02,221.1,223.3,216.5,222.0
2021/08/03,222.0,222.4,217.4,219.7
2021/08/04,219.7,223.3,219.2,223.3
2021/08/05,219.7,222.4,211.4,216.0
2021/08/06,224.3,227.0,218.8,223.3
2021/08/09,225.2,225.2,211.0,212.8
2021/08/10,214.6,222.4,207.8,220.1
2021/08/11,219.7,219.7,208.7,214.2
2021/08/12,214.2,214.2,206.9,208.7
2021/08/13,210.5,211.4,199.5,204.1
2021/08/16,204.1,213.3,200.5,212.4
2021/08/17,214.6,215.1,202.3,204.1
2021/08/18,201.4,209.2,197.7,207.8
2021/08/19,207.8,209.2,203.2,203.2
2021/08/20,205.0,208.2,200.0,203.2
2021/08/23,207.8,207.8,203.7,205.0
2021/08/24,206.0,208.7,204.6,205.5
2021/08/25,208.2,212.8,206.9,209.2
2021/08/26,210.5,210.5,205.0,205.5
2021/08/27,205.5,205.5,202.7,204.6
2021/08/30,205.0,207.8,204.6,206.0
2021/08/31,206.9,213.3,206.0,212.8
2021/09/01,212.8,212.8,209.2,210.5
2021/09/02,210.5,211.4,208.7,210.5
2021/09/03,212.4,212.4,204.6,204.6
2021/09/06,206.0,206.0,194.1,197.3
2021/09/07,189.5,191.8,187.2,188.1
2021/09/08,190.8,193.1,187.2,193.1
2021/09/09,193.1,195.9,189.5,195.9
2021/09/10,195.9,195.9,192.2,193.1
2021/09/13,189.5,190.4,184.4,185.8
2021/09/14,185.8,187.2,184.4,184.4
2021/09/15,184.4,184.4,178.9,179.9
2021/09/16,181.2,184.9,180.3,180.8
2021/09/17,182.2,184.4,181.2,181.2
2021/09/22,176.7,178.9,173.9,174.4
2021/09/23,176.7,178.0,175.3,178.0
2021/09/24,178.0,180.3,178.0,180.3
2021/09/27,179.4,179.4,173.0,173.5
2021/09/28,173.0,173.0,166.6,166.6
2021/09/29,163.4,171.2,163.4,168.4
2021/09/30,168.4,168.4,162.9,166.6
2021/10/01,163.4,163.8,161.6,162.0
2021/10/04,162.9,163.8,157.4,158.8
2021/10/05,160.2,166.6,157.9,166.1
2021/10/06,167.1,171.2,165.7,170.7
2021/10/07,171.6,174.8,169.8,173.5
2021/10/08,172.1,174.8,171.2,173.5
2021/10/12,171.2,173.5,168.0,170.3
2021/10/13,172.1,173.9,169.3,171.2
2021/10/14,171.6,177.1,171.6,176.2
2021/10/15,177.6,177.6,172.5,172.5
2021/10/18,172.1,173.9,168.9,168.9
2021/10/19,168.9,173.0,168.9,171.6
2021/10/20,171.6,174.4,169.3,169.8
2021/10/21,171.2,173.5,169.3,172.5
2021/10/22,173.9,173.9,171.2,172.5
2021/10/25,172.1,173.9,172.1,172.5
2021/10/26,174.4,178.5,173.9,175.7
2021/10/27,175.7,177.6,175.7,175.7
2021/10/28,176.7,178.5,175.3,176.2
2021/10/29,176.2,176.7,174.8,175.3
2021/11/01,175.7,176.7,173.0,173.5
2021/11/02,174.8,178.5,173.5,173.5
2021/11/03,176.2,176.7,173.9,176.7
2021/11/04,179.9,179.9,176.7,176.7
2021/11/05,178.5,179.9,176.7,177.6
2021/11/08,177.6,179.4,175.7,177.1
2021/11/09,178.5,187.6,178.5,186.3
2021/11/10,187.6,187.6,180.8,181.2
2021/11/11,179.4,180.3,178.5,178.5
2021/11/12,179.4,182.2,178.5,179.4
2021/11/15,181.7,181.7,179.4,181.7
2021/11/16,182.6,190.8,182.2,185.4
2021/11/17,185.4,186.7,184.9,184.9
2021/11/18,185.8,189.9,184.9,186.7
2021/11/19,187.2,187.6,184.9,185.4
2021/11/22,186.7,193.1,184.4,191.8
2021/11/23,192.2,195.4,186.3,187.2
2021/11/24,186.7,189.9,185.8,188.1
2021/11/25,188.6,189.5,188.1,188.6
2021/11/26,186.7,187.6,183.1,183.1
2021/11/29,183.1,184.4,179.4,183.1
2021/11/30,185.4,186.3,182.6,186.3
2021/12/01,184.4,184.4,181.2,183.5
2021/12/02,183.5,186.7,180.8,182.2
2021/12/03,184.0,184.0,182.2,183.5
2021/12/06,184.4,184.4,181.7,183.1
2021/12/07,186.3,188.1,183.5,184.0
2021/12/08,185.4,192.2,185.4,188.6
2021/12/09,189.0,190.4,186.3,187.2
2021/12/10,185.8,188.1,185.4,187.2
2021/12/13,187.2,189.5,186.7,188.6
2021/12/14,187.2,187.6,179.9,181.7
2021/12/15,181.7,185.8,181.7,184.9
2021/12/16,186.3,186.7,184.4,186.3
2021/12/17,184.0,184.9,182.2,184.0
2021/12/20,183.1,184.4,181.2,181.2
2021/12/21,181.7,183.1,181.2,182.2
2021/12/22,183.1,184.9,182.6,184.4
2021/12/23,185.8,185.8,184.4,185.4
2021/12/24,185.4,185.8,183.1,184.4
2021/12/27,185.4,185.4,182.6,183.5
2021/12/28,184.4,184.4,183.5,184.0
2021/12/29,184.4,187.2,183.5,186.7
2021/12/30,187.2,187.2,185.8,186.7
2022/01/03,187.6,189.0,186.3,187.2
2022/01/04,187.6,188.6,186.3,188.1
2022/01/05,189.0,194.1,188.6,190.4
2022/01/06,188.6,189.0,186.7,188.1
2022/01/07,186.3,186.3,182.6,182.6
2022/01/10,182.2,183.1,181.2,182.2
2022/01/11,184.0,184.0,178.5,178.9
2022/01/12,180.3,181.2,177.6,178.5
2022/01/13,179.4,179.4,175.7,176.7
2022/01/14,175.7,175.7,173.0,175.3
2022/01/17,175.3,179.4,175.3,179.4
2022/01/18,179.4,180.8,179.4,179.9
2022/01/19,179.4,179.4,176.2,177.1
2022/01/20,177.6,177.6,175.7,176.7
2022/01/21,176.2,176.2,173.9,175.3
2022/01/24,174.8,176.7,171.6,174.8
2022/01/25,173.9,176.2,173.9,173.9
2022/01/26,173.9,175.7,173.9,174.8
2022/02/07,175.7,178.9,174.8,178.5
2022/02/08,179.4,179.9,175.7,176.7
2022/02/09,178.0,179.4,176.2,178.9
2022/02/10,183.1,187.6,183.1,183.5
2022/02/11,183.5,183.5,180.3,181.2
2022/02/14,179.4,179.4,176.7,177.1
2022/02/15,178.5,178.9,176.7,177.1
2022/02/16,179.4,182.2,179.4,180.3
2022/02/17,181.2,184.0,179.9,182.6
2022/02/18,183.1,185.8,183.1,184.9
2022/02/21,186.3,191.8,186.3,187.6
2022/02/22,186.3,186.3,180.8,181.7
2022/02/23,182.2,184.9,182.2,183.5
2022/02/24,185.4,185.8,182.2,183.1
2022/02/25,184.9,194.5,184.4,192.7
2022/03/01,194.5,195.4,189.9,192.2
2022/03/02,190.4,192.2,189.9,190.8
2022/03/03,194.1,194.1,190.4,191.3
2022/03/04,189.9,190.4,188.1,188.1
2022/03/07,188.1,188.1,181.2,184.4
2022/03/08,183.1,184.9,180.8,181.2
2022/03/09,183.5,186.3,181.7,185.8
2022/03/10,188.6,190.4,188.1,188.6
2022/03/11,189.5,192.2,187.6,189.0
2022/03/14,189.9,191.8,188.6,190.4
2022/03/15,190.8,190.8,184.0,184.4
2022/03/16,187.6,188.1,184.0,185.4
2022/03/17,188.6,190.4,187.2,189.5
2022/03/18,188.6,191.8,188.6,191.8
2022/03/21,192.2,195.0,190.8,191.8
2022/03/22,191.8,195.4,191.8,195.0
2022/03/23,195.9,198.6,194.5,194.5
2022/03/24,193.1,196.3,193.1,195.4
2022/03/25,195.4,195.4,193.6,194.5
2022/03/28,192.2,194.1,190.4,193.1
2022/03/29,193.1,195.9,192.2,194.5
2022/03/30,197.3,206.0,195.0,201.8
2022/03/31,202.3,202.7,196.8,196.8
2022/04/01,195.4,203.2,193.1,201.4
2022/04/06,197.7,204.6,197.7,204.1
2022/04/07,201.4,205.0,199.5,199.5
2022/04/08,200.5,202.7,197.3,199.5
2022/04/11,199.5,199.5,194.5,195.4
2022/04/12,195.4,195.4,190.4,191.3
2022/04/13,191.8,196.3,191.8,193.6
2022/04/14,193.6,196.8,193.6,195.9
2022/04/15,197.7,197.7,189.9,189.9
2022/04/18,189.5,194.1,185.8,192.2
2022/04/19,192.7,194.1,189.0,190.4
2022/04/20,194.5,195.4,191.3,194.5
2022/04/21,193.1,196.3,193.1,195.4
2022/04/22,193.1,194.5,190.4,190.8
2022/04/25,189.5,189.5,186.3,186.7
2022/04/26,187.2,188.6,182.6,184.4
2022/04/27,182.2,183.5,179.9,183.5
2022/04/28,184.9,184.9,183.1,184.0
2022/04/29,186.3,187.2,185.4,186.7
2022/05/03,185.8,188.1,184.9,187.2
2022/05/04,192.2,192.2,187.6,188.6
2022/05/05,190.8,191.3,189.0,191.3
2022/05/06,190.4,190.8,188.1,188.6
2022/05/09,188.1,189.0,186.7,187.2
2022/05/10,186.7,186.7,182.2,184.4
2022/05/11,185.8,186.3,182.2,183.5
2022/05/12,182.6,183.5,180.3,180.3
2022/05/13,181.2,182.2,180.3,181.2
2022/05/16,182.6,184.0,182.2,182.6
2022/05/17,183.1,183.5,179.4,181.7
2022/05/18,182.6,183.1,181.2,182.2
2022/05/19,179.9,183.1,179.4,183.1
2022/05/20,183.1,184.9,182.6,183.1
2022/05/23,184.0,184.0,180.3,181.2
2022/05/24,181.2,182.2,178.5,178.5
2022/05/25,178.5,182.6,178.0,180.8
2022/05/26,182.2,182.2,178.0,178.0
2022/05/27,178.5,180.3,178.0,179.4
2022/05/30,180.3,184.0,179.9,183.1
2022/05/31,183.1,183.5,182.2,182.6
2022/06/01,183.1,184.0,182.2,182.2
2022/06/02,182.2,182.6,180.8,180.8
2022/06/06,179.9,180.3,178.0,179.4
2022/06/07,178.5,178.5,174.8,175.7
2022/06/08,176.2,176.7,174.4,176.2
2022/06/09,176.2,176.7,174.4,174.8
2022/06/10,173.9,175.3,173.5,174.8
2022/06/13,173.9,173.9,171.2,171.6
2022/06/14,171.6,172.1,167.5,172.1
2022/06/15,171.2,171.2,165.7,167.5
2022/06/16,167.5,168.9,162.9,162.9
2022/06/17,160.2,161.6,158.8,159.3
2022/06/20,159.3,159.3,154.7,154.7
2022/06/21,156.5,157.0,151.9,155.6
2022/06/22,157.9,158.8,155.6,157.4
2022/06/23,157.9,157.9,152.9,153.8
2022/06/24,153.3,157.4,152.9,156.5
2022/06/27,156.5,158.4,156.1,156.5
2022/06/28,155.6,155.6,153.3,153.8
2022/06/29,151.9,153.8,151.9,152.9
2022/06/30,152.4,152.4,147.4,148.7
2022/07/01,149.7,151.0,146.5,146.9
2022/07/04,146.9,151.5,146.5,151.5
2022/07/05,151.5,153.8,148.3,151.5
2022/07/06,151.0,154.2,151.0,152.4
2022/07/07,153.3,156.5,152.4,155.2
2022/07/08,156.5,158.8,155.6,157.9
2022/07/11,156.5,159.3,156.1,158.8
2022/07/12,158.4,158.4,155.2,155.6
2022/07/13,157.9,161.1,157.9,158.8
2022/07/14,158.8,159.7,157.4,158.4
2022/07/15,157.9,159.7,157.9,159.7
2022/07/18,161.6,163.4,161.1,161.6
2022/07/19,161.6,162.5,160.6,161.6
2022/07/20,162.5,163.8,161.1,161.1
2022/07/21,161.1,163.8,161.1,163.4
2022/07/22,164.8,165.7,164.3,165.2
2022/07/25,164.8,165.2,162.9,163.4
2022/07/26,162.9,163.8,162.0,162.0
2022/07/27,161.6,161.6,159.7,161.6
2022/07/28,162.9,163.8,161.1,161.6
2022/07/29,153.1,161.1,152.7,158.8
2022/08/01,160.7,162.1,159.3,161.6
2022/08/02,159.3,159.7,156.4,156.9
2022/08/03,157.4,159.3,156.9,157.4
2022/08/04,158.3,158.3,155.0,156.9
2022/08/05,157.9,159.3,157.9,158.3
2022/08/08,161.6,165.4,160.2,162.6
2022/08/09,160.7,163.5,160.7,160.7
2022/08/10,160.7,161.6,159.7,160.7
2022/08/11,162.1,164.4,160.7,163.5
2022/08/12,163.5,164.4,163.0,164.0
2022/08/15,165.9,166.8,164.4,166.8
2022/08/16,167.7,167.7,163.5,163.5
2022/08/17,166.3,170.6,165.4,169.6
2022/08/18,167.7,171.5,167.7,169.6
2022/08/19,170.6,170.6,168.7,169.2
2022/08/22,168.7,169.2,165.4,165.9
2022/08/23,164.0,167.7,164.0,167.3
2022/08/24,167.7,167.7,164.9,165.4
2022/08/25,166.8,166.8,165.4,165.9
2022/08/26,167.3,167.3,164.9,165.9
2022/08/29,164.4,165.4,162.6,164.9
2022/08/30,164.0,165.4,163.5,163.5
2022/08/31,161.1,163.0,160.2,161.6
2022/09/01,160.2,161.6,159.7,160.2
2022/09/02,160.2,161.6,159.7,159.7
2022/09/05,161.1,161.1,159.3,160.7
2022/09/06,161.1,161.1,158.8,159.3
2022/09/07,156.9,158.3,154.6,156.4
2022/09/08,156.0,162.1,156.0,161.1
2022/09/12,161.1,163.0,160.2,162.1
2022/09/13,164.0,164.0,159.7,160.2
2022/09/14,157.9,160.2,157.4,159.7
2022/09/15,161.1,161.6,159.3,160.7
2022/09/16,160.2,160.2,158.3,158.8
2022/09/19,158.8,158.8,156.0,157.9
2022/09/20,156.9,158.3,156.4,156.4
2022/09/21,156.4,156.4,155.5,156.0
2022/09/22,155.0,156.4,155.0,156.4
2022/09/23,155.0,156.4,154.6,155.0
2022/09/26,154.6,154.6,150.8,150.8
2022/09/27,151.7,151.7,148.4,150.3
2022/09/28,151.3,151.3,148.4,148.9
2022/09/29,148.9,152.2,148.4,150.3
2022/09/30,148.9,152.7,148.9,152.2
2022/10/03,151.7,151.7,148.9,149.8
2022/10/04,151.3,151.3,147.0,148.4
2022/10/05,150.8,150.8,148.9,148.9
2022/10/06,149.8,149.8,146.5,148.4
2022/10/07,148.9,148.9,146.1,148.4
2022/10/11,147.0,147.0,144.2,145.1
2022/10/12,146.5,146.5,143.2,146.1
2022/10/13,146.1,146.1,143.2,143.2
2022/10/14,144.2,144.7,142.3,142.3
2022/10/17,141.4,145.1,139.0,144.7
2022/10/18,146.1,152.7,145.1,150.3
2022/10/19,152.7,157.9,152.7,155.5
2022/10/20,156.0,159.3,154.6,157.9
2022/10/21,160.2,160.2,155.5,156.0
2022/10/24,157.4,157.9,155.5,156.4
2022/10/25,157.9,159.7,157.4,157.4
2022/10/26,157.9,157.9,153.6,153.6
2022/10/27,153.6,156.9,153.6,156.4
2022/10/28,157.4,157.4,154.1,154.6
2022/10/31,155.0,156.0,152.2,155.5
2022/11/01,155.5,156.9,154.6,155.5
2022/11/02,156.0,157.4,156.0,157.4
2022/11/03,156.9,157.4,156.9,157.4
2022/11/04,156.9,158.3,156.9,158.3
2022/11/07,162.1,166.3,162.1,165.9
2022/11/08,166.3,166.8,162.1,163.5
2022/11/09,164.0,166.8,163.5,163.5
2022/11/10,163.0,165.9,163.0,164.4
2022/11/11,167.7,168.7,164.4,165.4
2022/11/14,166.3,167.7,164.4,164.9
2022/11/15,165.9,168.2,164.0,166.8
2022/11/16,166.8,174.3,166.3,174.3
2022/11/17,170.6,173.9,170.6,171.0
2022/11/18,171.5,174.3,171.5,172.5
2022/11/21,172.9,174.3,169.6,170.1
2022/11/22,170.6,175.8,170.6,172.9
2022/11/23,175.3,175.8,172.0,172.0
2022/11/24,172.5,174.3,172.5,173.9
2022/11/25,175.3,176.2,173.9,176.2
2022/11/28,175.8,178.6,175.3,177.2
2022/11/29,176.2,178.1,174.8,176.2
2022/11/30,176.2,177.2,175.8,177.2
2022/12/01,179.5,181.4,178.1,178.1
2022/12/02,179.1,186.6,179.1,185.2
2022/12/05,186.6,188.5,186.6,188.0
2022/12/06,188.0,188.0,180.9,182.4
2022/12/07,180.0,180.9,174.8,176.7
2022/12/08,178.1,180.5,177.2,179.5
2022/12/09,178.6,178.6,175.3,177.6
2022/12/12,175.8,177.6,174.8,176.7
2022/12/13,177.2,178.1,175.8,176.7
2022/12/14,175.8,179.1,175.8,177.6
2022/12/15,178.1,178.1,176.2,177.2
2022/12/16,175.3,177.6,174.8,175.3
2022/12/19,174.3,178.6,173.9,178.6
2022/12/20,177.6,178.1,171.0,172.0
2022/12/21,174.3,174.3,170.6,171.5
2022/12/22,171.5,174.3,171.5,173.4
2022/12/23,172.0,173.9,170.1,171.0
2022/12/26,172.5,172.9,170.6,170.6
2022/12/27,172.5,172.9,172.5,172.5
2022/12/28,171.0,171.5,169.6,170.1
2022/12/29,169.6,172.9,167.7,171.0
2022/12/30,172.0,176.7,171.0,174.8
2023/01/03,173.4,175.3,173.4,173.4
2023/01/04,172.9,173.4,172.5,173.4
2023/01/05,175.8,175.8,172.5,172.5
2023/01/06,172.5,173.9,171.0,173.4
2023/01/09,173.4,173.9,172.5,172.9
2023/01/10,172.9,174.8,172.9,174.8
2023/01/11,174.8,174.8,172.9,174.3
2023/01/12,175.3,175.8,173.9,174.8
2023/01/13,176.2,176.2,173.4,175.8
2023/01/16,175.8,175.8,173.9,174.8
2023/01/17,174.8,176.2,174.3,176.2
2023/01/30,178.6,179.5,177.2,178.6
2023/01/31,178.1,180.5,175.8,178.1
2023/02/01,180.9,186.6,179.1,184.7
2023/02/02,187.5,190.8,183.8,186.6
2023/02/03,187.1,190.8,186.6,190.4
2023/02/06,190.4,191.3,188.0,188.5
2023/02/07,188.5,190.4,187.1,187.1
2023/02/08,190.4,190.4,186.6,187.1
2023/02/09,187.1,188.5,186.1,187.5
2023/02/10,187.5,188.5,184.7,185.2
2023/02/13,184.7,185.2,182.8,183.8
2023/02/14,183.3,186.6,182.8,185.7
2023/02/15,185.2,185.7,183.8,185.2
2023/02/16,185.7,185.7,183.3,184.2
2023/02/17,184.2,187.1,183.3,186.6
2023/02/20,185.7,187.5,185.2,187.5
2023/02/21,187.5,194.1,187.5,191.8
2023/02/22,188.9,189.9,188.0,188.5
2023/02/23,188.5,192.7,187.5,192.7
2023/02/24,206.4,211.6,202.1,211.6
2023/03/01,209.2,210.2,203.6,205.0
2023/03/02,204.5,209.7,203.6,209.2
2023/03/03,210.2,213.0,205.9,210.6
2023/03/06,213.5,213.5,209.2,209.2
2023/03/07,205.4,214.9,205.4,211.1
2023/03/08,211.1,214.4,210.6,213.5
2023/03/09,213.5,233.7,213.5,227.1
2023/03/10,226.6,239.4,223.8,227.1
2023/03/13,231.4,232.3,215.8,221.9
2023/03/14,220.0,221.0,214.9,215.8
2023/03/15,221.5,229.0,219.6,222.9
2023/03/16,220.0,229.0,220.0,229.0
2023/03/17,229.9,247.8,225.2,240.8
2023/03/20,249.7,249.7,238.0,244.1
2023/03/21,247.4,262.0,246.9,250.7
2023/03/22,253.5,260.1,251.6,255.4
2023/03/23,257.7,263.9,256.8,258.7
2023/03/24,264.3,284.1,263.9,284.1
2023/03/27,291.7,293.1,269.5,269.5
2023/03/28,276.1,285.1,272.4,275.2
2023/03/29,278.9,282.7,271.9,277.1
2023/03/30,287.4,304.4,285.5,304.4
2023/03/31,307.2,313.8,295.4,295.9
2023/04/06,295.4,302.0,288.8,302.0
2023/04/07,299.7,301.1,290.3,290.3
2023/04/10,286.0,290.3,282.7,283.2
2023/04/11,288.4,302.5,288.4,297.8
2023/04/12,298.7,311.0,295.4,303.4
2023/04/13,301.1,306.3,295.0,300.6
2023/04/14,305.8,307.2,296.9,296.9
2023/04/17,296.9,301.1,288.8,291.7
2023/04/18,294.0,295.4,287.0,287.9
2023/04/19,290.7,295.0,287.4,288.4
2023/04/20,288.4,291.7,279.9,279.9
2023/04/21,279.9,282.7,266.7,269.5
2023/04/24,266.7,276.6,266.7,272.4
2023/04/25,277.1,277.1,262.5,264.3
2023/04/26,258.2,269.1,258.2,268.6
2023/04/27,268.1,281.8,265.8,276.1
2023/04/28,278.9,283.7,273.8,281.8
2023/05/02,281.8,284.6,276.1,278.9
2023/05/03,274.7,280.4,274.7,280.4
2023/05/04,280.4,281.8,275.2,276.6
2023/05/05,276.1,279.4,271.9,271.9
2023/05/08,273.8,285.1,273.8,276.1
2023/05/09,276.1,279.9,269.1,270.0
2023/05/10,269.5,269.5,263.9,268.1
2023/05/11,268.1,268.1,258.7,262.9
2023/05/12,261.5,277.1,260.6,273.8
2023/05/15,270.5,280.4,270.5,273.3
2023/05/16,280.4,289.8,278.9,282.2
2023/05/17,285.1,289.3,281.8,284.6
2023/05/18,292.1,294.5,285.1,287.0
2023/05/19,292.1,292.1,283.2,289.8
2023/05/22,293.6,304.4,285.1,286.5
2023/05/23,287.4,294.0,281.3,288.8
2023/05/24,289.3,291.2,283.7,286.5
2023/05/25,291.2,294.5,285.5,286.0
2023/05/26,290.7,314.3,290.3,314.3
2023/05/29,320.4,328.4,300.6,307.2
2023/05/30,313.8,316.6,302.5,306.7
2023/05/31,307.2,329.8,307.2,315.7
2023/06/01,311.9,319.9,308.6,314.3
2023/06/02,320.4,320.9,310.0,310.5
2023/06/05,315.7,321.4,313.3,314.3
2023/06/06,317.1,318.5,305.3,307.7
2023/06/07,308.6,310.5,302.5,307.2
2023/06/08,309.6,309.6,295.4,295.9
2023/06/09,299.2,303.9,299.2,301.1
2023/06/12,305.3,305.3,296.4,296.4
2023/06/13,298.7,311.0,298.3,307.2
2023/06/14,313.8,315.2,304.4,307.2
2023/06/15,307.7,312.9,304.9,304.9
2023/06/16,304.9,317.1,303.4,313.8
2023/06/19,313.3,332.7,307.2,323.2
2023/06/20,329.8,344.9,320.9,323.2
2023/06/21,325.6,336.9,323.2,334.1
2023/06/26,339.3,341.1,320.9,322.8
2023/06/27,319.5,320.9,308.2,308.2
2023/06/28,311.9,315.7,303.9,304.9
2023/06/29,311.0,313.3,306.7,307.2
2023/06/30,307.2,307.2,301.6,305.3
2023/07/03,307.7,321.8,307.2,318.5
2023/07/04,322.3,331.7,316.6,331.7
2023/07/05,335.0,342.1,328.9,340.2
2023/07/06,337.8,339.7,324.2,324.2
2023/07/07,318.5,318.5,292.1,292.6
2023/07/10,288.4,289.8,279.4,282.2
2023/07/11,286.5,294.5,284.1,286.5
2023/07/12,287.4,295.4,285.5,293.6
2023/07/13,298.7,303.9,293.6,299.7
2023/07/14,306.3,310.5,302.0,310.5
2023/07/17,310.0,310.0,298.7,298.7
2023/07/18,302.5,305.3,288.8,296.4
2023/07/19,299.7,299.7,288.8,289.3
2023/07/20,288.8,294.0,286.5,288.8
2023/07/21,281.8,287.9,279.4,285.1
2023/07/24,285.1,287.4,278.9,283.7
2023/07/25,286.5,291.7,284.6,288.4
2023/07/26,292.1,292.1,281.8,282.2
2023/07/27,286.0,293.1,285.1,286.0
2023/07/28,295.4,303.9,290.7,297.3
2023/07/31,308.6,314.8,296.9,296.9
2023/08/01,298.7,301.6,282.7,282.7
2023/08/02,282.7,286.5,269.5,271.9
2023/08/04,271.4,274.2,265.3,270.9
2023/08/07,267.2,267.6,254.0,264.3
2023/08/08,267.6,267.6,256.3,259.2
2023/08/09,257.7,260.1,254.4,255.4
2023/08/10,252.6,253.0,243.6,245.5
2023/08/11,245.5,249.7,243.6,246.0
2023/08/14,246.0,246.0,238.9,241.7
2023/08/15,246.0,248.8,244.1,246.4
2023/08/16,243.6,247.4,243.1,246.0
2023/08/17,246.4,251.1,242.7,250.2
2023/08/18,251.6,257.7,247.4,248.8
2023/08/21,237.9,241.7,230.2,232.1
2023/08/22,235.0,241.7,234.5,239.8
2023/08/23,238.4,239.8,230.7,238.4
2023/08/24,240.8,245.1,239.8,243.7
2023/08/25,240.3,242.7,234.5,235.5
2023/08/28,236.9,238.4,228.8,235.5
2023/08/29,238.4,247.5,237.9,244.1
2023/08/30,250.4,268.2,249.9,260.5
2023/08/31,262.4,273.9,261.5,269.1
2023/09/01,264.3,267.7,258.1,258.1
2023/09/04,261.5,265.8,258.6,264.3
2023/09/05,268.7,271.5,263.4,265.8
2023/09/06,266.3,266.7,261.9,262.4
2023/09/07,258.6,265.8,258.1,260.5
2023/09/08,261.5,264.3,257.1,263.4
2023/09/11,264.3,264.3,259.0,261.0
2023/09/12,262.9,267.2,261.9,267.2
2023/09/13,266.3,268.2,263.4,264.3
2023/09/14,268.2,278.3,266.3,278.3
2023/09/15,282.1,302.8,279.7,297.0
2023/09/18,292.7,304.2,288.4,299.9
2023/09/19,299.4,303.7,293.2,297.0
2023/09/20,294.6,298.9,290.8,293.2
2023/09/21,291.7,292.2,282.1,289.8
2023/09/22,286.9,292.2,286.4,290.3
2023/09/25,293.2,298.9,286.9,296.1
2023/09/26,294.1,302.3,294.1,295.1
2023/09/27,294.1,296.5,287.4,288.4
2023/09/28,289.3,291.2,285.0,285.0
2023/10/02,288.4,299.9,287.9,295.1
2023/10/03,295.1,306.1,294.6,295.6
2023/10/04,293.2,298.5,291.2,295.1
2023/10/05,298.5,298.5,291.2,291.2
2023/10/06,294.1,294.1,289.3,291.2
2023/10/11,291.2,294.6,283.1,283.1
2023/10/12,286.0,288.4,283.6,287.9
2023/10/13,286.4,287.4,279.7,280.7
2023/10/16,280.7,280.7,273.5,276.8
2023/10/17,279.7,285.5,278.3,281.2
2023/10/18,283.6,283.6,267.2,270.1
2023/10/19,270.6,273.5,268.7,273.0
2023/10/20,270.6,270.6,261.5,265.3
2023/10/23,264.3,268.2,261.9,263.4
2023/10/24,263.9,270.1,262.4,269.6
2023/10/25,275.4,294.1,275.4,290.3
2023/10/26,285.5,292.7,281.6,281.6
2023/10/27,285.0,285.0,270.1,270.1
2023/10/30,272.0,283.6,271.5,281.6
2023/10/31,282.6,296.5,281.6,286.4
2023/11/01,293.2,295.1,281.6,286.9
2023/11/02,294.1,296.1,289.3,295.6
2023/11/03,298.5,301.8,290.8,295.1
2023/11/06,293.2,293.7,285.5,285.5
2023/11/07,286.9,306.6,286.9,304.7
2023/11/08,307.6,311.9,298.9,304.2
2023/11/09,307.6,307.6,298.5,298.5
2023/11/10,296.1,297.0,290.8,292.2
2023/11/13,295.6,299.4,294.6,295.6
2023/11/14,298.0,298.5,291.2,293.2
2023/11/15,297.5,300.9,292.7,296.1
2023/11/16,298.9,307.1,298.9,301.8
2023/11/17,304.7,304.7,297.0,298.5
2023/11/20,299.9,319.1,297.5,311.0
2023/11/21,315.3,317.2,304.7,305.7
2023/11/22,303.7,305.2,299.9,300.4
2023/11/23,302.3,307.1,300.4,303.3
2023/11/24,304.7,304.7,298.9,301.8
2023/11/27,303.3,304.7,291.7,291.7
2023/11/28,294.1,300.4,292.2,299.4
2023/11/29,298.9,304.2,298.5,298.9
2023/11/30,301.8,307.6,299.4,299.9
2023/12/01,297.5,297.5,293.7,295.6
2023/12/04,297.0,310.0,297.0,307.1
2023/12/05,306.6,307.1,299.4,305.7
2023/12/06,308.1,308.1,303.3,305.7
2023/12/07,309.0,313.4,305.2,305.7
2023/12/08,307.6,311.4,306.6,307.6
2023/12/11,309.5,310.5,306.1,307.1
2023/12/12,309.0,309.0,295.1,297.0
2023/12/13,298.9,299.4,294.1,296.1
2023/12/14,298.5,303.3,296.5,298.0
2023/12/15,300.4,300.4,294.6,296.1
2023/12/18,298.0,298.5,292.7,294.1
2023/12/19,296.1,296.1,289.3,291.2
2023/12/20,292.2,295.6,289.8,290.3
2023/12/21,287.4,291.2,285.0,289.3
2023/12/22,293.7,304.2,293.2,302.8
2023/12/25,299.4,301.8,294.1,294.6
2023/12/26,297.0,298.5,292.2,298.0
2023/12/27,299.9,299.9,294.1,298.0
2023/12/28,299.9,302.3,297.5,299.9
2023/12/29,299.9,301.8,298.9,299.9
2024/01/02,300.9,300.9,293.2,294.1
2024/01/03,291.2,291.7,286.9,287.4
2024/01/04,286.0,289.3,285.5,286.0
2024/01/05,286.9,286.9,278.8,280.2
2024/01/08,281.6,289.8,281.6,288.4
2024/01/09,289.3,298.0,287.9,296.5
2024/01/10,296.1,298.5,291.7,293.2
2024/01/11,296.1,296.5,293.2,294.6
2024/01/12,295.1,296.1,290.3,293.7
2024/01/15,294.6,297.0,293.2,296.5
2024/01/16,296.5,298.9,295.1,297.0
2024/01/17,298.5,299.4,292.2,296.1
2024/01/18,296.5,297.0,288.4,293.7
2024/01/19,297.5,297.5,294.1,297.0
2024/01/22,298.9,305.2,298.9,303.7
2024/01/23,306.6,307.6,302.3,302.3
2024/01/24,304.7,304.7,300.9,302.8
2024/01/25,302.8,305.2,294.1,296.1
2024/01/26,297.5,299.9,295.6,298.9
2024/01/29,297.5,300.9,293.7,297.5
2024/01/30,298.5,298.5,293.2,294.6
2024/01/31,294.1,294.1,291.2,292.2
2024/02/01,292.2,292.2,288.8,289.8
2024/02/02,292.2,299.4,289.8,296.5
2024/02/05,296.5,296.5,291.2,292.7
2024/02/15,297.5,304.2,294.1,301.8
2024/02/16,303.3,307.1,298.5,306.1
2024/02/19,315.8,333.5,315.8,326.3
2024/02/20,321.0,321.5,301.3,303.7
2024/02/21,303.7,305.7,298.5,298.9
2024/02/22,302.3,303.7,297.5,300.4
2024/02/23,304.7,304.7,292.2,295.1
2024/02/26,295.1,295.1,289.3,291.2
2024/02/27,292.7,295.1,286.4,290.8
2024/02/29,291.2,293.7,289.3,293.7
2024/03/01,296.1,298.9,293.7,296.1
2024/03/04,299.9,303.7,298.9,299.4
2024/03/05,301.8,305.7,298.0,299.4
2024/03/06,299.4,301.3,295.1,295.6
2024/03/07,291.2,293.7,289.3,290.3
2024/03/08,292.2,292.7,283.6,285.0
2024/03/11,282.6,284.0,278.3,278.8
2024/03/12,278.8,286.4,278.8,283.6
2024/03/13,285.0,286.4,279.2,279.7
2024/03/14,279.7,283.6,278.8,282.1
2024/03/15,281.6,282.1,278.8,280.2
2024/03/18,280.2,286.4,279.2,286.4
2024/03/19,291.7,294.6,285.0,287.9
2024/03/20,288.8,289.3,284.0,284.0
2024/03/21,289.8,293.2,285.0,288.4
2024/03/22,291.2,293.2,286.9,289.3
2024/03/25,290.8,297.5,290.8,296.5
2024/03/26,297.5,302.8,293.2,301.3
2024/03/27,303.7,305.7,299.4,300.9
2024/03/28,301.8,304.7,298.5,298.5
2024/03/29,297.5,298.9,291.2,293.7
2024/04/01,295.6,301.8,294.1,300.4
2024/04/02,302.8,304.7,300.9,304.2
2024/04/03,303.3,307.1,302.8,304.2
2024/04/08,301.8,304.7,298.9,304.2
2024/04/09,304.7,306.1,299.9,301.3
2024/04/10,301.3,309.5,299.9,305.7
2024/04/11,304.2,308.5,302.8,302.8
2024/04/12,307.1,310.0,300.9,301.3
2024/04/15,300.4,300.9,297.5,297.5
2024/04/16,297.5,297.5,283.6,285.0
2024/04/17,285.5,289.3,282.1,282.6
2024/04/18,282.6,287.9,278.8,285.5
2024/04/19,281.6,281.6,270.1,272.0
2024/04/22,273.0,273.0,263.9,263.9
2024/04/23,268.2,273.9,267.2,273.0
2024/04/24,275.9,277.8,274.9,276.8
2024/04/25,275.9,275.9,272.0,272.0
2024/04/26,276.3,276.8,274.4,275.4
2024/04/29,277.3,282.6,276.8,282.6
2024/04/30,278.8,283.6,278.8,283.6
2024/05/02,282.6,282.6,277.3,277.3
2024/05/03,283.1,283.1,276.3,276.3
2024/05/06,281.2,281.2,276.8,277.8
2024/05/07,281.6,283.1,276.8,281.6
2024/05/08,283.6,283.6,278.8,280.7
2024/05/09,281.6,281.6,276.3,277.8
2024/05/10,279.7,280.7,275.9,279.2
2024/05/13,276.8,277.8,271.1,272.0
2024/05/14,273.0,274.4,269.1,274.4
2024/05/15,272.0,273.5,270.6,271.1
2024/05/16,272.0,273.5,269.6,270.1
2024/05/17,270.6,273.5,267.7,268.2
2024/05/20,270.1,272.5,267.2,272.5
2024/05/21,271.1,286.4,267.7,285.5
2024/05/22,289.3,292.2,282.1,286.4
2024/05/23,287.4,291.2,282.6,282.6
2024/05/24,282.6,304.7,278.8,304.2
2024/05/27,308.5,312.4,298.5,304.2
2024/05/28,304.7,308.5,302.8,303.7
2024/05/29,312.9,314.3,303.3,303.3
2024/05/30,303.7,311.4,300.9,308.1
2024/05/31,312.4,331.6,310.5,316.2
2024/06/03,327.8,339.3,325.9,328.7
2024/06/04,325.9,325.9,298.0,303.7
2024/06/05,303.3,303.7,293.2,293.2
2024/06/06,298.5,306.6,293.2,294.6
2024/06/07,291.2,294.1,290.3,293.2
2024/06/11,295.1,295.1,287.4,290.3
2024/06/12,290.3,295.1,289.8,293.7
2024/06/13,296.1,299.9,294.1,299.4
2024/06/14,300.4,300.4,295.1,296.1
2024/06/17,296.1,300.9,292.7,299.9
2024/06/18,302.8,303.3,295.1,297.0
2024/06/19,297.5,298.9,295.1,295.6
2024/06/20,295.6,297.5,294.1,296.5
2024/06/21,295.6,298.0,292.2,293.7
2024/06/24,293.7,296.1,291.7,292.7
2024/06/25,292.2,292.2,286.0,288.4
2024/06/26,288.8,291.2,286.9,287.4
2024/06/27,287.4,289.8,285.0,288.4
2024/06/28,290.8,293.2,290.3,290.3
2024/07/01,292.7,308.1,290.3,305.7
2024/07/02,309.0,313.8,301.3,303.7
2024/07/03,307.1,311.0,306.1,307.1
2024/07/04,311.9,320.1,308.5,316.7
2024/07/05,317.2,322.5,313.4,315.3
2024/07/08,318.2,318.6,311.9,315.8
2024/07/09,316.7,316.7,311.0,313.4
2024/07/10,316.2,316.2,310.5,310.5
2024/07/11,311.9,315.8,309.0,312.9
2024/07/12,311.9,316.7,310.5,314.3
2024/07/15,309.3,310.3,297.6,303.9
2024/07/16,303.4,306.4,300.5,302.0
2024/07/17,304.4,304.9,298.1,298.5
2024/07/18,295.6,298.5,293.2,297.1
2024/07/19,295.1,296.6,290.2,290.2
2024/07/22,289.2,289.2,279.4,280.9
2024/07/23,285.8,291.2,283.3,286.3
2024/07/26,280.4,280.4,273.5,277.0
2024/07/29,280.4,280.4,270.6,270.6
2024/07/30,270.6,270.6,265.2,270.6
2024/07/31,271.1,274.5,268.6,269.1
2024/08/01,271.6,278.0,271.6,277.5
2024/08/02,271.6,272.1,266.7,266.7
2024/08/05,261.8,261.8,242.7,243.6
2024/08/06,251.0,251.0,235.3,246.1
2024/08/07,247.1,263.7,247.1,263.7
2024/08/08,264.7,264.7,257.9,258.3
2024/08/09,263.2,263.2,256.9,256.9
2024/08/12,259.8,263.2,257.4,262.8
2024/08/13,264.7,267.2,261.8,262.3
2024/08/14,266.2,266.7,263.2,265.2
2024/08/15,266.7,269.6,264.7,266.2
2024/08/16,268.6,273.5,267.2,271.6
2024/08/19,271.6,273.5,269.6,271.6
2024/08/20,272.6,276.5,272.6,276.5
2024/08/21,274.5,276.0,271.6,272.1
2024/08/22,272.6,288.2,272.6,284.3
2024/08/23,280.4,285.3,277.0,282.4
2024/08/26,284.8,286.3,282.4,282.4
2024/08/27,282.4,285.3,282.4,284.3
2024/08/28,287.3,287.3,283.8,283.8
2024/08/29,284.3,286.3,282.4,285.3
2024/08/30,285.8,287.8,281.4,287.8
2024/09/02,288.2,291.2,285.3,289.7
2024/09/03,290.7,290.7,284.8,284.8
2024/09/04,280.4,281.9,275.5,281.9
2024/09/05,284.3,287.3,281.9,284.3
2024/09/06,283.8,285.3,282.9,284.3
2024/09/09,281.9,283.3,280.9,282.4
2024/09/10,282.9,285.3,276.0,277.0
2024/09/11,279.4,279.4,274.0,276.0
2024/09/12,280.4,281.9,276.5,280.4
2024/09/13,280.4,281.4,276.5,280.4
2024/09/16,280.4,283.3,280.4,282.9
2024/09/18,285.8,285.8,279.4,279.9
2024/09/19,280.9,283.8,278.4,283.8
2024/09/20,285.3,287.3,282.4,283.3
2024/09/23,283.8,285.8,282.9,283.3
2024/09/24,285.3,285.3,281.4,282.9
2024/09/25,284.3,285.3,282.9,284.3
2024/09/26,289.2,296.1,287.3,287.8
2024/09/27,292.2,292.2,278.4,278.4
2024/09/30,275.5,278.0,274.5,276.5
2024/10/01,276.5,277.5,274.5,275.0
2024/10/04,272.6,272.6,265.2,267.2
2024/10/07,270.1,272.1,269.6,270.6
2024/10/08,267.7,273.5,267.7,273.1
2024/10/09,273.5,273.5,266.2,266.7
2024/10/11,266.7,267.7,264.7,265.2
2024/10/14,265.2,267.2,264.2,265.2
2024/10/15,265.7,269.1,265.2,265.7
2024/10/16,264.7,266.7,264.2,265.7
2024/10/17,265.2,267.7,264.7,264.7
2024/10/18,267.2,267.7,261.8,263.2
2024/10/21,263.2,264.2,260.8,263.2
2024/10/22,263.2,263.2,257.4,259.8
2024/10/23,262.3,264.2,259.8,259.8
2024/10/24,258.8,260.8,255.9,256.4
2024/10/25,256.4,257.4,254.9,255.9
2024/10/28,258.3,258.3,250.5,253.4
2024/10/29,253.9,253.9,249.0,252.5
2024/10/30,253.0,254.9,251.5,253.4
2024/11/01,253.0,253.9,250.0,253.9
2024/11/04,253.9,255.9,253.0,254.9
2024/11/05,254.9,256.4,252.0,253.0
2024/11/06,253.0,256.9,252.5,256.9
2024/11/07,256.9,257.4,254.4,254.9
2024/11/08,251.0,251.5,245.6,247.6
2024/11/11,247.6,247.6,240.2,242.2
2024/11/12,238.7,240.2,236.8,238.2
2024/11/13,238.2,239.2,236.3,236.3
2024/11/14,236.8,237.3,222.6,223.5
2024/11/15,229.9,236.8,227.0,228.0
2024/11/18,227.0,228.9,221.6,224.0
2024/11/19,224.5,229.4,223.5,227.5
2024/11/20,227.5,230.4,227.5,229.4
2024/11/21,228.4,228.4,223.0,226.0
2024/11/22,228.4,231.9,228.0,230.4
2024/11/25,232.4,233.3,229.9,229.9
2024/11/26,229.9,229.9,224.5,226.0
2024/11/27,225.5,226.5,221.6,223.0
2024/11/28,221.6,225.0,217.2,223.0
2024/11/29,221.6,232.4,221.6,230.9
2024/12/02,229.9,237.8,229.4,232.9
2024/12/03,236.8,236.8,227.0,227.0
2024/12/04,227.5,230.4,227.0,227.0
2024/12/05,228.0,229.9,224.0,224.0
2024/12/06,225.5,228.0,223.5,224.0
2024/12/09,226.0,227.5,221.6,221.6
2024/12/10,221.6,223.0,219.6,220.6
2024/12/11,220.6,222.1,216.7,216.7
2024/12/12,217.2,220.1,213.7,214.2
2024/12/13,214.2,214.2,208.8,211.3
2024/12/16,211.3,211.8,203.9,203.9
2024/12/17,207.9,210.3,205.4,208.3
2024/12/18,206.4,212.3,206.4,209.8
2024/12/19,206.4,207.4,205.9,205.9
2024/12/20,203.9,210.8,203.9,206.4
2024/12/23,207.9,212.3,207.9,210.3
2024/12/24,213.7,216.2,211.8,213.7
2024/12/25,214.7,216.2,210.8,215.2
2024/12/26,216.7,223.0,215.7,219.6
2024/12/27,219.6,221.6,218.6,218.6
2024/12/30,218.6,218.6,211.3,211.3
2024/12/31,211.8,215.2,211.3,213.7
2025/01/02,213.7,213.7,208.8,208.8
2025/01/03,209.3,211.8,205.9,206.9
2025/01/06,211.8,214.2,211.3,212.3
2025/01/07,216.2,221.6,215.7,218.1
2025/01/08,215.7,218.1,212.8,213.2
2025/01/09,212.3,214.2,206.9,206.9
2025/01/10,206.9,207.9,205.4,207.4
2025/01/13,206.9,206.9,196.1,196.1
2025/01/14,195.1,200.5,195.1,199.0
2025/01/15,205.9,207.4,203.9,205.4
2025/01/16,209.3,210.3,206.4,206.9
2025/01/17,206.9,207.4,203.4,205.4
2025/01/20,207.4,209.8,207.4,208.8
2025/01/21,209.8,209.8,205.9,206.4
2025/01/22,200.5,201.5,197.1,200.5
2025/02/03,188.7,194.1,187.8,188.7
2025/02/04,190.2,190.7,186.8,189.2
2025/02/05,188.7,207.9,188.7,204.4
2025/02/06,209.3,222.6,209.3,221.1
2025/02/07,220.1,237.3,220.1,236.3
2025/02/10,236.3,255.9,230.9,253.9
2025/02/11,253.9,258.3,247.1,252.0
2025/02/12,252.0,252.5,240.7,241.2
2025/02/13,244.6,260.8,242.2,254.4
2025/02/14,255.9,262.8,251.0,258.3
2025/02/17,260.3,265.7,253.0,264.2
2025/02/18,267.2,272.1,262.3,263.2
2025/02/19,263.2,269.1,262.8,265.7
2025/02/20,265.7,267.7,261.8,261.8
2025/02/21,259.8,260.8,257.4,258.3
2025/02/24,254.9,260.8,254.4,254.4
2025/02/25,252.5,258.8,249.0,255.4
2025/02/26,255.4,269.6,252.5,268.6
2025/02/27,267.2,272.1,262.3,262.3
2025/03/03,258.8,275.5,258.8,260.8
2025/03/04,260.8,271.1,254.9,269.1
2025/03/05,270.1,283.3,270.1,275.5
2025/03/06,276.5,279.4,273.5,274.5
2025/03/07,272.6,278.4,271.1,272.6
2025/03/10,274.0,279.9,267.7,270.6
2025/03/11,263.7,266.7,257.4,266.7
2025/03/12,267.7,277.5,264.7,275.0
2025/03/13,281.9,294.1,276.0,276.5
2025/03/14,276.0,279.4,270.1,276.5
2025/03/17,279.9,285.8,273.5,273.5
2025/03/18,275.5,278.4,269.6,274.0
2025/03/19,272.6,277.0,266.2,267.2
2025/03/20,270.1,276.0,268.2,273.5
2025/03/21,276.5,277.5,264.7,265.2
2025/03/24,267.2,267.7,260.8,260.8
2025/03/25,262.8,264.2,258.8,259.8
2025/03/26,260.8,274.5,259.8,269.1
2025/03/27,265.7,274.0,265.7,265.7
2025/03/28,264.7,264.7,257.4,257.4
2025/03/31,251.0,251.5,242.7,245.6
2025/04/01,248.5,254.9,244.6,252.5
2025/04/02,250.5,255.9,250.0,254.9
2025/04/07,229.4,229.4,229.4,229.4
2025/04/08,215.7,223.5,211.3,211.8
2025/04/09,212.8,219.1,190.7,195.1
2025/04/10,214.2,214.2,214.2,214.2
2025/04/11,212.8,227.5,201.0,225.0
2025/04/14,228.4,232.4,221.1,222.1
2025/04/15,224.0,229.9,222.1,228.4
2025/04/16,228.4,234.8,226.0,228.4
2025/04/17,228.4,231.9,224.0,228.4
2025/04/18,228.4,239.2,228.4,234.8
2025/04/21,235.3,239.2,229.4,229.4
2025/04/22,227.0,233.8,221.1,224.0
2025/04/23,231.4,236.3,228.0,232.4
2025/04/24,232.4,235.3,228.9,229.9
2025/04/25,235.8,238.2,232.4,232.4
2025/04/28,234.3,236.3,232.4,233.8
2025/04/29,234.3,235.8,232.9,235.3
2025/04/30,237.3,237.3,228.4,228.4
2025/05/02,231.9,234.3,224.5,233.8
2025/05/05,235.8,235.8,214.2,218.1
2025/05/06,215.7,220.1,213.2,217.7
2025/05/07,220.6,220.6,216.7,219.6
2025/05/08,222.6,229.4,221.6,229.4
2025/05/09,228.4,230.4,227.0,229.4
2025/05/12,231.4,247.1,230.9,243.6
2025/05/13,253.0,253.9,244.6,247.1
2025/05/14,250.0,252.0,247.6,249.0
2025/05/15,251.0,255.4,248.5,252.5
2025/05/16,253.9,253.9,249.0,250.0
2025/05/19,250.0,252.0,247.6,247.6
2025/05/20,247.1,249.5,239.7,240.2
2025/05/21,239.7,241.7,236.8,240.7
2025/05/22,238.2,239.2,235.3,237.8
2025/05/23,238.7,239.2,236.8,237.8
2025/05/26,236.8,239.7,232.4,232.9
2025/05/27,235.8,235.8,226.0,227.0
2025/05/28,228.9,231.9,227.0,228.9
2025/05/29,229.4,230.9,227.5,230.4
2025/06/02,230.4,231.4,223.0,224.0
2025/06/03,225.0,226.5,222.6,223.0
2025/06/04,224.5,228.9,224.5,228.0
2025/06/05,229.4,236.8,227.5,232.9
2025/06/06,238.2,241.7,232.4,239.7
2025/06/09,242.7,242.7,235.3,237.3
2025/06/10,238.7,239.2,235.8,236.8
2025/06/11,240.2,244.1,240.2,241.7
2025/06/12,243.1,243.1,239.2,239.7
2025/06/13,239.2,239.2,229.4,230.4
2025/06/16,230.4,233.8,228.0,233.3
2025/06/17,233.8,236.3,231.4,232.9
2025/06/18,232.9,246.6,232.9,243.1
2025/06/19,246.1,246.1,234.3,235.8
2025/06/20,236.3,236.3,228.4,230.9
2025/06/23,227.0,227.5,223.0,225.0
2025/06/24,228.4,232.4,228.4,229.4
2025/06/25,230.9,235.3,229.9,234.8
2025/06/26,233.3,241.7,233.3,238.7
2025/06/27,238.7,239.7,233.3,234.3
2025/06/30,233.3,233.8,229.9,232.4
2025/07/01,231.9,238.2,231.9,235.3
2025/07/02,234.8,236.8,233.3,235.8
2025/07/03,237.8,242.7,237.8,240.7
2025/07/04,239.7,243.6,235.8,237.8
2025/07/07,242.7,242.7,235.3,237.8
2025/07/08,237.3,237.3,233.8,233.8
2025/07/09,235.8,238.7,231.9,237.8
2025/07/10,237.3,239.7,236.3,237.3
2025/07/11,239.7,239.7,233.3,234.3
2025/07/14,231.9,231.9,219.6,223.0
2025/07/15,224.0,228.0,223.0,228.0
2025/07/16,228.0,229.4,224.5,225.0
2025/07/17,225.5,228.4,224.0,226.5
2025/07/18,228.0,228.9,220.6,222.1
2025/07/21,222.1,224.0,219.6,222.1
2025/07/22,223.5,224.5,216.2,217.2
2025/07/23,218.6,222.1,218.6,221.1
2025/07/24,223.0,223.0,219.1,221.6
2025/07/25,221.6,222.1,220.1,220.6
2025/07/28,220.6,222.1,219.1,221.6
2025/07/29,222.1,223.0,219.6,220.1
2025/07/30,221.1,224.5,220.1,224.0
2025/07/31,224.0,225.5,221.6,222.6
2025/08/01,220.6,224.0,218.6,222.1
2025/08/04,222.1,223.0,218.6,222.6
2025/08/05,222.6,227.0,222.6,226.0
2025/08/06,225.0,228.4,221.1,223.0
2025/08/07,227.5,232.9,227.5,228.9
2025/08/08,233.3,248.1,232.4,243.1
2025/08/11,246.6,246.6,232.9,233.8
2025/08/12,234.8,241.2,234.8,236.3
2025/08/13,237.3,238.2,232.4,233.8
2025/08/14,233.8,234.8,231.9,234.3
2025/08/15,234.3,235.8,231.4,235.8
2025/08/18,235.8,238.2,234.3,237.8
2025/08/19,238.7,238.7,232.9,233.8
2025/08/20,233.3,233.3,228.9,229.9
2025/08/21,231.4,239.2,231.4,237.8
2025/08/22,239.7,239.7,234.8,237.8
2025/08/25,239.2,241.7,236.8,241.2
2025/08/26,244.6,265.2,243.6,265.2
2025/08/27,291.7,291.7,286.8,291.7
2025/08/28,291.0,307.5,290.0,291.5
2025/08/29,293.5,306.0,286.0,290.5
2025/09/01,289.0,302.0,280.0,282.5
2025/09/02,284.5,284.5,274.0,280.0
2025/09/03,281.0,284.0,278.5,281.0
2025/09/04,283.5,298.0,282.0,285.0
2025/09/05,288.0,297.5,285.5,295.5
2025/09/08,313.0,320.0,300.0,305.5
2025/09/09,309.0,336.0,304.5,336.0
2025/09/10,348.5,354.5,339.5,344.0
2025/09/11,351.0,359.5,337.0,341.0
2025/09/12,347.0,359.0,338.5,340.5
2025/09/15,347.0,355.0,333.0,347.5
2025/09/16,345.0,360.0,340.5,347.5
2025/09/17,347.5,347.5,335.0,341.0
2025/09/18,344.0,368.5,342.5,353.5
2025/09/19,355.0,358.5,347.5,352.5
2025/09/22,351.5,360.0,348.5,351.0
2025/09/23,354.5,356.5,344.5,347.0
2025/09/24,350.5,350.5,338.0,342.0
2025/09/25,344.5,344.5,333.5,335.5
2025/09/26,331.0,333.0,307.0,310.0
2025/09/30,321.0,335.0,320.5,329.5
2025/10/01,334.0,345.0,330.5,336.0
2025/10/02,349.0,353.0,340.0,341.0
2025/10/03,340.0,344.0,334.0,339.5
2025/10/07,343.0,346.5,334.0,335.0
2025/10/08,352.0,368.5,349.5,368.5
2025/10/09,376.0,405.0,370.0,405.0
2025/10/13,394.5,424.0,386.5,398.0
2025/10/14,412.0,418.5,379.0,381.5
2025/10/15,390.0,404.0,384.0,401.0
2025/10/16,405.0,441.0,403.0,428.0
2025/10/17,424.0,429.5,410.0,413.0
2025/10/20,423.0,423.0,404.0,409.0
2025/10/21,410.5,443.5,404.0,422.5
2025/10/22,420.0,441.5,416.5,421.0
2025/10/23,413.0,432.0,411.5,426.5
2025/10/27,445.0,463.5,439.0,447.0
2025/10/28,438.5,446.0,419.0,421.0
2025/10/29,423.0,427.5,416.0,420.0
2025/10/30,430.5,442.0,425.0,428.5
2025/10/31,436.0,436.0,422.5,431.0
2025/11/03,431.0,453.0,425.0,435.0
2025/11/04,435.0,439.0,424.0,426.0
2025/11/05,415.0,442.0,409.0,441.5
2025/11/06,450.0,456.0,439.0,455.0
2025/11/07,458.5,477.5,450.0,456.0
2025/11/10,461.0,474.5,446.5,462.5
2025/11/11,474.0,485.0,466.0,476.0
2025/11/12,483.0,523.0,481.5,523.0
2025/11/13,532.0,575.0,528.0,558.0
2025/11/14,540.0,552.0,514.0,522.0
2025/11/17,542.0,567.0,534.0,542.0
2025/11/18,537.0,560.0,524.0,532.0
2025/11/19,526.0,535.0,506.0,514.0
2025/11/20,543.0,552.0,502.0,524.0
2025/11/21,487.5,502.0,482.5,493.5
2025/11/24,498.0,498.0,464.5,467.0
2025/11/25,492.0,512.0,480.0,495.0
2025/11/26,496.0,503.0,478.0,484.0
2025/11/27,493.0,503.0,485.5,489.5
2025/11/28,491.0,507.0,483.0,493.5
2025/12/01,494.0,494.0,475.0,483.0
2025/12/02,486.0,487.5,450.5,456.5
2025/12/03,463.0,476.5,456.0,457.5
2025/12/04,458.0,459.0,445.5,452.0
2025/12/05,454.5,472.5,448.0,469.0
2025/12/08,490.0,497.5,476.5,486.5
2025/12/09,486.5,489.0,477.0,477.5
2025/12/10,478.0,478.0,461.0,466.5
2025/12/11,474.0,485.0,469.0,473.0
2025/12/12,477.5,513.0,477.0,500.0
2025/12/15,495.0,507.0,490.0,495.0
2025/12/16,495.0,498.5,473.0,481.5
2025/12/17,485.0,510.0,482.5,503.0
2025/12/18,500.0,508.0,490.0,490.0
2025/12/19,503.0,509.0,488.0,491.0
2025/12/22,504.0,514.0,498.5,504.0
2025/12/23,512.0,513.0,495.5,498.0
2025/12/24,500.0,514.0,494.0,512.0
2025/12/26,519.0,526.0,509.0,510.0
2025/12/29,511.0,522.0,501.0,517.0
2025/12/30,512.0,529.0,512.0,524.0
2025/12/31,535.0,576.0,535.0,576.0
2026/01/02,582.0,595.0,559.0,595.0
2026/01/05,620.0,634.0,582.0,592.0
2026/01/06,595.0,635.0,589.0,626.0
2026/01/07,660.0,674.0,644.0,655.0
2026/01/08,645.0,663.0,636.0,645.0
2026/01/09,638.0,638.0,590.0,618.0
2026/01/12,633.0,644.0,612.0,627.0
2026/01/13,634.0,649.0,626.0,646.0
2026/01/14,645.0,649.0,634.0,645.0
2026/01/15,641.0,663.0,633.0,644.0
2026/01/16,654.0,682.0,643.0,682.0
2026/01/19,722.0,750.0,717.0,750.0
2026/01/20,738.0,774.0,720.0,770.0
2026/01/21,770.0,786.0,733.0,753.0
2026/01/22,790.0,800.0,753.0,753.0
2026/01/23,765.0,771.0,733.0,745.0
2026/01/26,752.0,774.0,741.0,758.0
2026/01/27,762.0,765.0,742.0,763.0
2026/01/28,777.0,787.0,765.0,776.0
2026/01/29,794.0,811.0,752.0,768.0
2026/01/30,771.0,805.0,771.0,794.0
2026/02/02,774.0,780.0,730.0,743.0
2026/02/03,792.0,816.0,757.0,787.0
2026/02/04,787.0,795.0,765.0,778.0
2026/02/05,755.0,808.0,747.0,790.0
2026/02/06,773.0,775.0,711.0,711.0
2026/02/09,771.0,782.0,755.0,782.0
2026/02/10,783.0,783.0,752.0,756.0
2026/02/11,730.0,753.0,724.0,726.0
2026/02/23,747.0,775.0,742.0,758.0
2026/02/24,762.0,818.0,750.0,815.0
2026/02/25,817.0,817.0,770.0,789.0
2026/02/26,793.0,805.0,775.0,779.0
2026/03/02,763.0,856.0,751.0,856.0
2026/03/03,890.0,921.0,812.0,818.0
2026/03/04,800.0,810.0,737.0,744.0
2026/03/05,800.0,813.0,774.0,778.0
2026/03/06,780.0,830.0,768.0,805.0
2026/03/09,760.0,823.0,755.0,823.0
2026/03/10,875.0,905.0,860.0,905.0
2026/03/11,975.0,995.0,974.0,995.0
2026/03/12,1015.0,1065.0,998.0,1030.0
2026/03/13,1005.0,1045.0,1000.0,1015.0
2026/03/16,1060.0,1080.0,1025.0,1060.0
2026/03/17,1165.0,1165.0,1165.0,1165.0
2026/03/18,1280.0,1280.0,1280.0,1280.0
2026/03/19,1265.0,1400.0,1245.0,1335.0
2026/03/20,1305.0,1305.0,1205.0,1205.0
2026/03/23,1085.0,1085.0,1085.0,1085.0
2026/03/24,1085.0,1085.0,977.0,978.0
2026/03/25,1015.0,1015.0,980.0,1015.0
2026/03/26,991.0,1010.0,916.0,916.0
2026/03/27,841.0,960.0,825.0,960.0
2026/03/30,934.0,980.0,934.0,941.0
2026/03/31,937.0,937.0,847.0,847.0
2026/04/01,931.0,931.0,926.0,931.0
2026/04/02,973.0,973.0,946.0,957.0
2026/04/07,1050.0,1050.0,971.0,978.0
2026/04/08,1050.0,1075.0,1040.0,1075.0
2026/04/09,1130.0,1180.0,1085.0,1105.0
2026/04/10,1190.0,1215.0,1150.0,1155.0
2026/04/13,1175.0,1180.0,1115.0,1135.0
2026/04/14,1190.0,1205.0,1145.0,1180.0
2026/04/15,1215.0,1220.0,1125.0,1140.0
2026/04/16,1125.0,1135.0,1080.0,1080.0
2026/04/20,1005.0,1045.0,980.0,1020.0
2026/04/21,1045.0,1120.0,1035.0,1120.0
2026/04/22,1110.0,1185.0,1075.0,1165.0
2026/04/23,1225.0,1230.0,1065.0,1105.0
2026/04/24,1115.0,1125.0,1055.0,1085.0
2026/04/27,1115.0,1190.0,1115.0,1190.0
2026/04/28,1220.0,1305.0,1190.0,1305.0
2026/04/29,1235.0,1355.0,1235.0,1315.0
2026/04/30,1350.0,1360.0,1245.0,1245.0
2026/05/04,1290.0,1335.0,1270.0,1295.0
2026/05/05,1325.0,1420.0,1310.0,1420.0
2026/05/06,1560.0,1560.0,1430.0,1475.0
2026/05/07,1590.0,1620.0,1530.0,1575.0
2026/05/08,1560.0,1690.0,1510.0,1600.0
2026/05/11,1745.0,1760.0,1715.0,1760.0
2026/05/12,1820.0,1910.0,1785.0,1795.0
2026/05/13,1730.0,1780.0,1720.0,1765.0
2026/05/14,1880.0,1935.0,1850.0,1865.0
2026/05/15,1865.0,1875.0,1760.0,1760.0
2026/05/18,1785.0,1890.0,1750.0,1865.0
2026/05/19,1820.0,1825.0,1680.0,1730.0
2026/05/20,1745.0,1745.0,1625.0,1675.0
2026/05/21,1760.0,1770.0,1695.0,1710.0
2026/05/22,1755.0,1810.0,1725.0,1725.0
2026/05/25,1700.0,1730.0,1615.0,1685.0
2026/05/26,1715.0,1760.0,1685.0,1690.0
2026/05/27,1790.0,1830.0,1675.0,1700.0
2026/05/28,1685.0,1760.0,1655.0,1710.0
2026/05/29,1760.0,1840.0,1735.0,1810.0
2026/06/01,1855.0,1950.0,1830.0,1905.0
2026/06/02,1930.0,1935.0,1820.0,1875.0
2026/06/03,1920.0,1980.0,1850.0,1890.0
2026/06/04,1865.0,1945.0,1845.0,1905.0
2026/06/05,1860.0,1860.0,1715.0,1755.0
2026/06/08,1585.0,1820.0,1585.0,1810.0
2026/06/09,1850.0,1990.0,1810.0,1990.0
2026/06/10,1950.0,2005.0,1795.0,1795.0
2026/06/11,1780.0,1815.0,1665.0,1710.0
2026/06/12,1825.0,1830.0,1760.0,1805.0
2026/06/15,1850.0,1950.0,1845.0,1920.0
2026/06/16,1980.0,2025.0,1935.0,1955.0
2026/06/17,1945.0,1945.0,1830.0,1855.0
2026/06/18,1875.0,1955.0,1840.0,1930.0
2026/06/22,1990.0,2010.0,1940.0,1970.0
2026/06/23,1975.0,1985.0,1875.0,1885.0
2026/06/24,1840.0,1865.0,1740.0,1795.0
2026/06/25,1860.0,1870.0,1735.0,1740.0
2026/06/26,1715.0,1755.0,1595.0,1605.0
2026/06/29,1605.0,1615.0,1550.0,1595.0
2026/06/30,1625.0,1665.0,1575.0,1615.0
2026/07/01,1645.0,1645.0,1485.0,1575.0
2026/07/02,1510.0,1715.0,1505.0,1715.0
2026/07/03,1660.0,1705.0,1615.0,1635.0
2026/07/06,1650.0,1720.0,1625.0,1645.0
2026/07/07,1680.0,1700.0,1565.0,1590.0
2026/07/08,1615.0,1635.0,1490.0,1515.0
2026/07/09,1555.0,1595.0,1520.0,1530.0
