Date,Open,High,Low,Close
2009/11/12,25.4,32.0,25.4,32.0
2009/11/13,30.6,30.6,28.0,29.2
2009/11/16,28.2,28.2,28.0,28.0
2009/11/17,28.0,28.0,21.7,22.2
2009/11/18,22.7,22.7,20.1,20.5
2009/11/19,21.1,21.2,20.7,20.9
2009/11/20,20.1,20.5,19.7,20.1
2009/11/23,19.3,19.7,18.7,19.5
2009/11/24,19.3,19.5,18.9,19.0
2009/11/25,18.9,19.1,18.6,18.9
2009/11/26,19.5,19.9,18.9,19.7
2009/11/27,19.5,20.3,19.5,19.5
2009/11/30,20.3,20.9,20.1,20.3
2009/12/01,20.5,21.2,20.3,20.3
2009/12/02,20.5,21.3,20.1,20.1
2009/12/03,20.1,20.1,20.1,20.1
2009/12/04,20.1,20.1,19.9,20.1
2009/12/07,20.5,20.5,20.1,20.1
2009/12/08,20.7,20.7,19.9,20.1
2009/12/09,19.9,20.9,19.9,20.9
2009/12/10,21.0,21.1,20.5,21.0
2009/12/11,21.2,21.2,20.7,20.8
2009/12/14,20.1,20.8,20.1,20.7
2009/12/15,20.7,20.7,20.3,20.5
2009/12/16,21.1,23.1,20.9,22.8
2009/12/17,22.8,24.2,22.1,23.0
2009/12/18,22.6,23.1,22.1,22.6
2009/12/21,22.1,22.1,22.1,22.1
2009/12/22,22.2,22.6,22.2,22.2
2009/12/23,22.6,22.6,21.7,21.7
2009/12/24,21.7,21.8,21.6,21.8
2009/12/25,22.5,22.5,21.6,21.7
2009/12/28,21.7,21.9,21.6,21.8
2009/12/29,21.5,21.9,21.5,21.9
2009/12/30,22.6,22.6,16.5,21.4
2009/12/31,21.1,21.4,16.6,21.1
2010/01/04,21.3,22.0,20.9,21.3
2010/01/05,22.0,22.0,21.4,21.4
2010/01/06,21.7,22.6,21.7,22.6
2010/01/07,23.0,24.6,22.8,23.0
2010/01/08,22.7,23.2,21.7,21.9
2010/01/11,21.7,22.1,21.7,22.1
2010/01/12,21.7,22.1,21.7,21.9
2010/01/13,22.5,22.7,22.5,22.7
2010/01/14,22.7,23.0,22.7,23.0
2010/01/15,23.7,23.8,23.6,23.8
2010/01/18,23.4,23.4,23.2,23.3
2010/01/20,22.6,22.8,22.6,22.8
2010/01/21,22.1,22.8,22.1,22.6
2010/01/22,22.4,22.6,21.9,22.5
2010/01/25,21.9,22.1,21.9,22.1
2010/01/26,21.9,22.1,21.9,22.1
2010/01/27,22.0,22.0,22.0,22.0
2010/01/28,22.6,22.9,22.6,22.6
2010/01/29,22.1,22.4,22.1,22.1
2010/02/01,22.1,22.1,22.1,22.1
2010/02/02,22.1,22.6,22.1,22.6
2010/02/03,22.1,22.7,22.1,22.7
2010/02/04,23.0,23.4,23.0,23.4
2010/02/05,23.2,23.4,23.2,23.4
2010/02/08,23.4,23.4,23.4,23.4
2010/02/10,20.1,20.1,20.1,20.1
2010/02/22,23.4,23.5,23.4,23.5
2010/02/23,23.2,23.8,23.2,23.6
2010/02/25,23.2,23.8,23.2,23.4
2010/02/26,23.2,23.4,23.2,23.2
2010/03/01,23.2,24.2,23.0,23.2
2010/03/02,23.1,23.6,23.1,23.4
2010/03/03,23.6,23.6,23.2,23.4
2010/03/04,23.2,24.4,23.2,24.2
2010/03/05,23.4,24.3,23.4,24.0
2010/03/08,24.4,25.0,24.2,25.0
2010/03/09,24.8,25.0,24.6,24.8
2010/03/10,25.0,25.0,24.6,24.6
2010/03/11,24.8,25.0,24.8,25.0
2010/03/12,24.8,26.0,24.8,25.4
2010/03/15,25.2,25.4,25.2,25.4
2010/03/16,25.2,25.4,25.2,25.4
2010/03/17,25.4,26.1,25.4,25.7
2010/03/18,25.8,27.8,25.8,27.4
2010/03/19,27.6,27.6,27.0,27.4
2010/03/22,27.4,27.5,26.8,27.5
2010/03/24,27.3,27.4,27.3,27.4
2010/03/25,27.3,27.4,27.3,27.4
2010/03/26,27.8,27.8,27.8,27.8
2010/03/29,27.6,28.2,27.6,28.2
2010/03/30,28.3,28.6,28.2,28.5
2010/03/31,27.4,27.5,27.4,27.5
2010/04/01,28.2,28.6,28.2,28.6
2010/04/02,29.0,29.5,29.0,29.5
2010/04/06,25.4,29.4,25.4,29.0
2010/04/08,28.8,29.1,28.8,28.8
2010/04/09,28.5,28.6,28.5,28.6
2010/04/12,29.5,30.3,27.6,27.7
2010/04/13,29.6,30.1,29.5,30.1
2010/04/14,30.9,31.8,30.6,31.8
2010/04/15,31.8,32.9,31.8,32.0
2010/04/16,32.0,32.2,31.2,32.2
2010/04/19,32.0,32.0,32.0,32.0
2010/04/20,32.2,32.2,30.8,31.9
2010/04/22,31.4,32.4,31.4,32.2
2010/04/23,32.2,32.4,32.2,32.4
2010/04/26,32.6,32.6,31.8,32.2
2010/04/27,32.4,32.4,31.0,31.4
2010/04/29,32.2,32.4,31.8,32.4
2010/04/30,32.2,32.2,32.2,32.2
2010/05/03,32.2,32.4,32.2,32.4
2010/05/04,32.4,32.4,31.8,32.2
2010/05/05,31.8,31.8,31.4,31.4
2010/05/06,32.0,32.2,31.8,32.2
2010/05/07,31.8,31.9,31.0,31.9
2010/05/10,32.2,33.4,32.2,32.5
2010/05/11,33.1,34.8,33.0,34.8
2010/05/12,33.0,36.4,33.0,36.4
2010/05/13,37.9,41.3,37.9,40.3
2010/05/14,41.1,42.4,40.3,42.3
2010/05/17,42.3,42.7,41.1,42.3
2010/05/18,41.5,42.7,38.1,38.3
2010/05/19,39.9,41.9,39.1,40.7
2010/05/20,40.3,41.9,40.3,40.9
2010/05/21,40.7,41.7,39.9,40.9
2010/05/24,39.9,40.1,39.5,39.7
2010/05/25,39.5,39.5,38.3,38.3
2010/05/26,39.1,39.1,38.3,38.3
2010/05/27,37.9,38.3,37.9,38.3
2010/05/28,39.9,41.9,39.5,41.1
2010/05/31,41.9,43.2,41.5,41.5
2010/06/01,40.3,40.9,39.9,39.9
2010/06/02,39.5,39.5,38.3,39.1
2010/06/03,39.5,39.5,38.7,38.7
2010/06/04,39.5,39.5,38.3,38.7
2010/06/07,37.5,38.6,37.5,38.1
2010/06/08,37.5,38.3,37.5,37.7
2010/06/09,37.9,37.9,37.5,37.5
2010/06/10,37.5,37.5,36.4,37.0
2010/06/11,36.6,37.0,36.6,37.0
2010/06/14,37.9,38.6,37.9,38.6
2010/06/15,37.9,38.3,37.9,37.9
2010/06/17,38.3,38.7,38.1,38.1
2010/06/18,38.3,38.3,37.9,37.9
2010/06/21,38.5,38.7,38.3,38.5
2010/06/22,38.3,38.5,38.3,38.5
2010/06/23,38.7,38.7,38.3,38.3
2010/06/24,38.3,38.3,37.9,37.9
2010/06/25,37.7,37.9,37.5,37.7
2010/06/28,38.7,38.7,37.5,37.5
2010/06/29,38.6,38.7,37.5,37.7
2010/06/30,37.7,37.7,37.1,37.5
2010/07/01,37.5,37.7,37.1,37.1
2010/07/02,37.1,37.5,37.1,37.5
2010/07/05,37.1,37.2,37.1,37.2
2010/07/06,37.5,38.1,37.5,38.1
2010/07/07,38.7,39.9,38.5,39.1
2010/07/08,39.3,39.3,38.3,38.5
2010/07/09,39.1,41.1,39.1,41.1
2010/07/12,40.9,41.3,39.4,39.9
2010/07/13,39.7,39.7,38.7,38.7
2010/07/14,40.6,41.2,38.1,41.2
2010/07/15,41.2,41.2,41.2,41.2
2010/07/16,41.2,41.2,39.7,39.7
2010/07/19,40.5,43.1,40.2,43.1
2010/07/20,44.8,44.8,42.3,42.3
2010/07/21,43.6,43.6,41.4,42.3
2010/07/22,41.4,43.8,41.4,41.9
2010/07/23,41.4,41.5,40.0,40.2
2010/07/27,41.0,41.0,41.0,41.0
2010/07/29,40.6,41.0,40.6,40.7
2010/07/30,41.4,41.7,40.8,41.0
2010/08/02,41.0,41.7,40.8,41.2
2010/08/03,41.0,41.2,40.8,41.0
2010/08/04,41.7,41.7,41.0,41.0
2010/08/05,40.6,41.7,40.6,41.0
2010/08/06,42.3,42.3,41.2,42.3
2010/08/09,40.6,42.3,40.6,41.0
2010/08/10,40.6,41.4,40.1,41.2
2010/08/11,41.0,42.3,40.8,41.4
2010/08/12,41.7,41.7,40.6,41.4
2010/08/13,41.0,42.5,41.0,41.9
2010/08/16,41.4,42.5,41.4,41.9
2010/08/17,41.4,43.1,41.4,42.3
2010/08/18,42.5,45.7,41.4,45.2
2010/08/19,45.7,49.4,45.7,47.4
2010/08/20,47.4,48.2,44.4,46.5
2010/08/23,44.6,45.2,43.8,44.6
2010/08/24,44.4,46.5,44.4,45.9
2010/08/25,45.7,46.1,44.8,45.5
2010/08/26,33.8,45.2,33.8,44.8
2010/08/27,44.8,45.5,44.0,44.8
2010/08/30,44.0,46.1,44.0,45.0
2010/08/31,45.2,45.2,44.2,44.4
2010/09/01,44.4,45.2,44.4,44.6
2010/09/02,45.7,47.8,45.2,46.3
2010/09/03,46.5,48.6,45.7,46.3
2010/09/06,47.4,47.8,46.1,47.4
2010/09/07,46.9,47.8,46.1,47.4
2010/09/08,47.4,47.6,44.4,46.7
2010/09/09,46.9,47.4,46.1,46.5
2010/09/10,46.9,47.1,46.3,46.7
2010/09/13,46.7,46.7,46.3,46.5
2010/09/14,46.5,46.9,46.3,46.7
2010/09/15,46.7,46.9,42.5,46.1
2010/09/16,46.5,46.5,46.1,46.3
2010/09/17,46.5,46.5,45.9,46.1
2010/09/20,46.5,46.9,46.3,46.3
2010/09/21,46.5,47.1,45.2,46.3
2010/09/23,46.5,46.5,45.7,46.3
2010/09/24,46.1,46.5,46.1,46.5
2010/09/27,46.9,49.0,46.5,48.0
2010/09/28,47.6,49.0,46.5,47.4
2010/09/29,48.2,48.2,46.7,46.9
2010/09/30,47.8,47.8,47.1,47.8
2010/10/01,46.9,47.4,46.3,46.5
2010/10/04,48.0,48.0,46.3,46.5
2010/10/05,46.5,48.2,45.5,45.5
2010/10/06,45.7,46.1,41.9,42.5
2010/10/07,42.3,43.6,42.3,43.1
2010/10/08,43.6,44.8,42.5,43.6
2010/10/11,44.0,45.0,42.7,45.0
2010/10/12,45.2,46.1,44.8,45.7
2010/10/13,46.1,47.4,45.9,45.9
2010/10/14,46.3,46.5,45.9,46.1
2010/10/15,46.3,47.2,45.7,46.1
2010/10/18,46.3,47.2,45.7,46.5
2010/10/19,46.1,46.3,45.9,46.1
2010/10/20,46.1,46.3,45.7,46.1
2010/10/21,45.2,45.7,44.8,45.2
2010/10/22,44.8,44.8,44.8,44.8
2010/10/25,46.1,46.7,44.8,46.5
2010/10/26,46.5,48.9,45.7,48.6
2010/10/27,48.6,48.7,47.4,48.6
2010/10/28,48.6,49.1,47.4,48.2
2010/10/29,48.2,49.1,45.0,48.2
2010/11/01,48.6,53.3,48.2,51.6
2010/11/02,52.9,54.7,52.4,53.9
2010/11/03,54.1,55.0,51.6,52.4
2010/11/04,52.9,52.9,51.4,51.4
2010/11/05,52.9,52.9,50.7,52.6
2010/11/08,53.7,53.7,50.5,51.2
2010/11/09,51.2,52.1,49.3,49.9
2010/11/10,46.9,48.0,44.4,46.5
2010/11/11,46.9,54.1,46.9,53.7
2010/11/12,52.9,53.3,51.0,51.6
2010/11/15,51.6,54.1,51.6,53.1
2010/11/16,53.3,53.3,50.7,51.6
2010/11/17,52.0,52.0,49.9,49.9
2010/11/18,49.9,49.9,47.8,47.8
2010/11/19,48.2,49.3,48.0,48.0
2010/11/22,48.6,48.8,46.5,48.8
2010/11/23,48.8,48.8,47.6,47.8
2010/11/24,46.5,47.8,46.5,47.1
2010/11/25,47.4,50.3,47.1,50.3
2010/11/26,52.4,53.7,51.8,52.2
2010/11/29,53.3,53.5,50.5,52.2
2010/11/30,52.9,55.4,52.2,54.5
2010/12/01,55.4,58.4,55.4,58.4
2010/12/02,60.5,61.7,59.2,60.5
2010/12/03,60.9,60.9,58.8,59.6
2010/12/06,60.0,61.3,59.8,60.3
2010/12/07,61.1,61.1,57.1,58.4
2010/12/08,58.4,60.9,57.3,60.5
2010/12/09,60.9,61.3,59.2,59.6
2010/12/10,59.6,59.6,58.4,58.6
2010/12/13,58.6,59.0,57.9,58.1
2010/12/14,58.4,58.8,55.6,55.6
2010/12/15,56.2,58.1,55.6,57.5
2010/12/16,57.5,58.8,56.7,56.7
2010/12/17,57.1,57.9,56.2,56.7
2010/12/20,57.5,57.5,56.5,57.5
2010/12/21,58.1,61.5,58.1,61.5
2010/12/22,63.0,65.8,62.4,65.8
2010/12/23,67.4,70.2,67.2,70.2
2010/12/24,72.5,75.1,69.8,70.2
2010/12/27,70.2,74.4,68.1,72.3
2010/12/28,71.7,72.7,69.1,70.0
2010/12/29,69.3,71.5,66.8,67.0
2010/12/30,67.7,69.3,67.0,68.1
2010/12/31,68.1,69.1,67.7,67.9
2011/01/03,67.9,72.5,67.9,72.5
2011/01/04,72.7,72.9,70.6,70.6
2011/01/05,71.0,71.7,69.3,69.6
2011/01/06,69.8,72.3,69.8,71.0
2011/01/07,71.9,71.9,70.0,70.2
2011/01/10,70.6,72.3,70.6,71.9
2011/01/11,73.6,73.6,71.0,71.5
2011/01/12,72.1,72.3,69.6,70.2
2011/01/13,71.5,71.5,69.6,69.8
2011/01/14,70.4,70.4,69.3,70.4
2011/01/17,71.0,71.9,70.4,70.6
2011/01/18,70.6,71.0,66.0,67.4
2011/01/19,67.0,67.2,66.0,67.0
2011/01/20,66.8,66.8,64.1,65.1
2011/01/21,64.1,66.6,63.9,66.0
2011/01/24,66.4,70.4,66.4,69.6
2011/01/25,69.6,70.2,67.9,68.3
2011/01/26,68.9,68.9,67.2,67.7
2011/01/27,68.9,68.9,67.7,68.7
2011/01/28,69.1,69.3,68.1,68.9
2011/02/08,68.9,69.1,66.8,66.8
2011/02/09,66.0,67.4,66.0,66.2
2011/02/10,66.0,66.8,65.8,65.8
2011/02/11,63.4,64.3,61.3,61.3
2011/02/14,61.3,62.6,57.7,62.6
2011/02/15,61.7,62.2,60.7,61.7
2011/02/16,62.6,62.6,60.0,60.0
2011/02/17,58.8,60.9,58.8,59.4
2011/02/18,59.6,62.2,59.6,60.7
2011/02/21,60.7,61.1,59.8,59.8
2011/02/22,59.6,59.6,58.6,59.2
2011/02/23,59.2,59.6,57.9,57.9
2011/02/24,58.4,60.0,58.4,59.0
2011/02/25,59.4,60.0,58.6,58.8
2011/03/01,60.5,62.8,60.5,62.8
2011/03/02,61.7,65.3,61.3,64.1
2011/03/03,64.7,65.5,64.3,64.5
2011/03/04,66.0,66.2,64.7,64.9
2011/03/07,65.3,65.5,64.3,65.1
2011/03/08,65.1,65.5,64.1,64.3
2011/03/09,64.9,65.3,63.4,64.1
2011/03/10,64.5,64.9,62.6,63.2
2011/03/11,65.1,67.4,64.7,67.4
2011/03/14,68.1,71.7,66.4,70.4
2011/03/15,70.2,70.2,65.5,66.4
2011/03/16,67.7,68.1,65.1,67.0
2011/03/17,65.1,67.7,63.9,65.3
2011/03/18,67.0,69.6,66.0,68.1
2011/03/21,69.8,69.8,68.3,69.1
2011/03/22,69.8,70.6,68.5,68.5
2011/03/23,68.5,69.6,68.1,68.5
2011/03/24,69.3,69.3,68.5,68.7
2011/03/25,68.9,70.8,68.9,69.1
2011/03/28,69.8,70.2,68.3,68.3
2011/03/29,67.7,68.7,67.7,67.9
2011/03/30,72.3,72.3,69.6,71.3
2011/03/31,71.9,71.9,70.4,71.5
2011/04/01,71.9,74.0,71.3,74.0
2011/04/06,75.3,78.2,74.4,76.7
2011/04/07,77.8,77.8,72.7,74.4
2011/04/08,74.4,76.3,73.6,75.1
2011/04/11,72.1,73.4,71.3,72.1
2011/04/12,71.9,74.2,71.0,72.3
2011/04/13,72.9,72.9,71.3,71.9
2011/04/14,72.3,72.9,71.5,71.9
2011/04/15,71.9,72.5,71.3,71.5
2011/04/18,71.9,71.9,68.5,68.5
2011/04/19,67.2,70.2,66.8,70.2
2011/04/20,70.2,70.6,69.3,70.2
2011/04/21,70.2,71.7,70.2,70.2
2011/04/22,70.6,71.0,68.9,68.9
2011/04/25,69.3,69.6,67.9,68.9
2011/04/26,69.8,70.0,68.9,69.3
2011/04/27,70.4,70.4,69.3,69.3
2011/04/28,69.8,70.8,69.3,70.2
2011/04/29,70.2,70.2,68.3,68.3
2011/05/03,70.2,71.0,69.3,70.4
2011/05/04,70.6,70.6,69.6,70.4
2011/05/05,70.2,75.3,70.2,75.3
2011/05/06,75.3,77.4,74.6,76.1
2011/05/09,76.1,78.0,75.5,76.1
2011/05/10,70.8,70.8,70.8,70.8
2011/05/11,67.4,70.2,67.2,68.9
2011/05/12,68.1,70.0,67.9,68.9
2011/05/13,68.9,70.0,68.9,69.6
2011/05/16,70.0,72.3,69.8,70.8
2011/05/17,71.7,73.6,71.0,71.9
2011/05/18,72.7,73.6,72.1,72.3
2011/05/19,72.3,72.9,70.6,70.6
2011/05/20,71.0,72.7,71.0,71.9
2011/05/23,72.3,72.3,71.0,71.0
2011/05/24,70.6,71.7,68.9,70.0
2011/05/25,70.0,70.8,69.6,70.2
2011/05/26,71.3,71.3,70.4,71.0
2011/05/27,71.7,73.8,71.0,72.5
2011/05/30,72.1,74.0,72.1,73.8
2011/05/31,74.4,76.1,74.2,75.3
2011/06/01,76.3,77.4,75.7,75.7
2011/06/02,74.4,75.7,74.4,75.5
2011/06/03,76.1,78.2,76.1,77.0
2011/06/07,77.0,77.4,75.1,77.4
2011/06/08,77.4,77.6,75.5,75.7
2011/06/09,75.7,76.1,75.1,75.1
2011/06/10,75.7,76.1,74.0,74.0
2011/06/13,75.5,77.4,75.1,76.3
2011/06/14,77.0,77.8,76.5,77.4
2011/06/15,77.4,77.4,75.9,76.1
2011/06/16,75.3,77.0,74.0,75.5
2011/06/17,76.5,76.5,75.1,75.3
2011/06/20,75.7,76.1,72.5,72.5
2011/06/21,73.4,73.6,72.1,72.9
2011/06/22,73.8,75.3,73.6,74.6
2011/06/23,74.2,74.4,73.2,73.2
2011/06/24,72.7,73.6,72.7,73.2
2011/06/27,72.7,73.6,72.1,72.9
2011/06/28,73.6,73.6,72.5,73.4
2011/06/29,73.8,74.4,73.4,74.2
2011/06/30,74.4,74.8,73.8,73.8
2011/07/01,74.4,75.1,74.0,74.0
2011/07/04,74.4,74.8,73.8,74.0
2011/07/05,74.0,74.4,73.2,73.2
2011/07/06,73.4,76.1,72.9,75.7
2011/07/07,76.1,76.1,74.4,74.8
2011/07/08,75.7,76.7,75.3,75.9
2011/07/11,76.1,76.1,74.0,74.0
2011/07/12,73.2,73.6,71.9,71.9
2011/07/13,71.9,73.8,71.7,71.9
2011/07/14,68.9,69.3,67.4,68.3
2011/07/15,69.1,71.0,68.9,70.2
2011/07/18,70.2,70.4,68.5,68.9
2011/07/19,68.5,69.6,68.5,69.1
2011/07/20,70.2,70.4,69.6,69.8
2011/07/21,68.9,69.8,68.9,69.1
2011/07/22,70.2,70.2,69.1,69.1
2011/07/25,69.3,69.3,68.3,68.3
2011/07/26,68.5,69.8,68.5,69.3
2011/07/27,69.8,70.6,69.3,70.4
2011/07/28,69.8,70.0,68.9,69.1
2011/07/29,68.9,69.6,68.5,68.5
2011/08/01,69.6,69.6,68.3,68.5
2011/08/02,68.3,68.7,67.7,67.7
2011/08/03,66.4,66.8,63.9,64.9
2011/08/04,64.9,65.1,63.2,63.4
2011/08/05,59.0,60.9,59.0,59.0
2011/08/08,58.8,61.3,58.8,59.6
2011/08/09,57.5,60.5,57.1,60.5
2011/08/10,62.6,64.7,61.9,64.7
2011/08/11,61.3,63.0,60.5,61.7
2011/08/12,63.4,64.1,62.2,62.2
2011/08/15,63.0,63.6,59.6,60.9
2011/08/16,60.9,60.9,59.6,59.8
2011/08/17,59.8,60.5,59.6,59.8
2011/08/18,59.8,59.8,58.4,58.6
2011/08/19,57.5,57.5,55.0,55.4
2011/08/22,55.6,56.7,52.6,54.5
2011/08/23,57.1,57.1,55.0,56.5
2011/08/24,57.1,57.5,56.2,56.5
2011/08/25,57.1,57.7,55.4,55.4
2011/08/26,54.1,55.6,54.1,55.0
2011/08/29,55.4,57.5,55.4,57.5
2011/08/30,58.8,59.6,58.1,59.2
2011/08/31,59.6,59.6,58.1,58.4
2011/09/01,61.3,61.3,59.6,59.6
2011/09/02,59.6,59.6,58.4,59.2
2011/09/05,58.4,58.4,57.1,57.9
2011/09/06,57.5,58.4,57.1,57.5
2011/09/07,58.6,58.8,57.9,57.9
2011/09/08,59.0,59.0,58.1,58.1
2011/09/09,58.8,58.8,57.5,57.9
2011/09/13,55.8,56.7,54.1,54.5
2011/09/14,55.0,55.4,51.2,51.6
2011/09/15,52.9,53.3,52.2,52.4
2011/09/16,53.1,53.7,52.9,53.5
2011/09/19,53.9,53.9,52.6,52.6
2011/09/20,52.4,53.1,51.6,52.0
2011/09/21,53.1,53.1,52.0,52.2
2011/09/22,52.2,52.2,50.3,50.7
2011/09/23,47.6,48.2,47.4,47.4
2011/09/26,47.4,47.6,44.2,44.2
2011/09/27,45.0,45.5,42.3,42.3
2011/09/28,43.6,45.2,42.5,45.2
2011/09/29,46.1,47.8,44.8,46.1
2011/09/30,47.4,47.4,46.3,46.5
2011/10/03,45.2,46.1,44.8,45.0
2011/10/04,44.6,46.5,44.4,45.7
2011/10/05,46.1,46.7,45.5,45.7
2011/10/06,46.7,46.7,44.4,44.4
2011/10/07,45.7,46.3,45.2,45.7
2011/10/11,48.8,48.8,48.6,48.8
2011/10/12,52.0,52.0,50.3,52.0
2011/10/13,52.0,52.6,50.7,51.0
2011/10/14,51.2,52.2,51.2,51.8
2011/10/17,52.9,55.0,52.9,53.5
2011/10/18,52.9,53.3,52.4,52.4
2011/10/19,53.1,53.5,52.2,52.4
2011/10/20,51.6,52.0,50.3,51.0
2011/10/21,51.0,51.0,48.0,48.6
2011/10/24,49.9,49.9,49.3,49.3
2011/10/25,50.1,50.3,49.3,49.5
2011/10/26,49.7,51.4,49.3,51.2
2011/10/27,51.7,51.9,51.0,51.7
2011/10/28,52.7,53.6,51.9,51.9
2011/10/31,52.3,52.7,51.0,51.0
2011/11/01,51.0,52.3,50.1,52.3
2011/11/02,51.4,51.4,50.1,51.0
2011/11/03,51.4,51.4,50.1,50.1
2011/11/04,51.0,51.2,50.4,50.4
2011/11/07,50.8,51.0,50.1,51.0
2011/11/08,51.0,51.0,50.1,50.1
2011/11/09,50.4,50.8,49.3,49.5
2011/11/10,48.9,48.9,46.3,46.5
2011/11/11,46.5,46.7,45.0,46.3
2011/11/14,46.9,48.4,46.9,48.0
2011/11/15,47.6,47.6,46.7,47.1
2011/11/16,46.7,46.7,46.3,46.3
2011/11/17,45.8,46.3,45.4,46.3
2011/11/18,45.4,46.3,45.2,46.3
2011/11/21,45.0,45.4,44.1,44.3
2011/11/22,43.2,44.1,43.2,43.2
2011/11/23,40.6,41.7,40.4,40.4
2011/11/24,39.1,40.4,39.0,39.3
2011/11/25,39.7,40.3,39.3,39.3
2011/11/28,39.8,40.5,39.8,40.2
2011/11/29,40.4,42.4,40.4,41.8
2011/11/30,42.4,42.4,40.9,40.9
2011/12/01,41.9,43.7,41.9,43.7
2011/12/02,43.7,43.7,42.4,42.6
2011/12/05,42.8,43.1,42.4,42.6
2011/12/06,42.6,42.6,41.1,41.1
2011/12/07,41.1,41.8,40.1,41.1
2011/12/08,41.1,41.1,40.1,40.3
2011/12/09,39.8,39.8,38.5,39.1
2011/12/12,40.9,41.1,40.1,40.3
2011/12/13,39.3,40.1,39.3,39.6
2011/12/14,39.6,41.3,39.4,40.8
2011/12/15,40.0,40.3,39.8,39.9
2011/12/16,40.2,40.6,40.0,40.2
2011/12/19,39.8,39.8,38.7,38.7
2011/12/20,39.0,39.5,38.9,38.9
2011/12/21,40.4,41.6,40.0,41.6
2011/12/22,41.6,41.6,40.8,41.0
2011/12/23,41.5,43.2,41.2,42.7
2011/12/26,43.2,43.2,42.0,42.4
2011/12/27,42.8,42.8,41.1,41.7
2011/12/28,41.9,42.3,41.6,41.7
2011/12/29,41.6,41.8,41.3,41.5
2011/12/30,42.1,42.1,41.3,41.3
2012/01/02,40.4,40.4,40.4,40.4
2012/01/03,41.0,41.5,40.5,40.8
2012/01/04,41.3,41.5,40.9,40.9
2012/01/05,41.0,41.4,41.0,41.1
2012/01/06,41.1,42.0,41.1,41.8
2012/01/09,41.8,41.9,41.2,41.2
2012/01/10,41.5,41.7,41.3,41.7
2012/01/11,43.2,44.5,42.9,44.5
2012/01/12,45.2,46.3,45.2,46.0
2012/01/13,46.3,46.7,45.2,46.0
2012/01/16,46.9,46.9,45.6,46.0
2012/01/17,46.5,47.8,46.0,47.6
2012/01/18,47.6,47.6,46.0,46.5
2012/01/30,47.6,49.5,47.1,49.3
2012/01/31,49.3,50.8,48.9,49.5
2012/02/01,49.5,50.4,49.1,49.7
2012/02/02,50.6,51.2,49.9,50.6
2012/02/03,50.6,50.8,49.7,50.4
2012/02/06,50.1,50.6,49.3,49.3
2012/02/07,49.3,50.1,49.3,49.5
2012/02/08,50.1,51.7,50.1,51.0
2012/02/09,51.4,52.5,51.2,51.9
2012/02/10,51.9,52.1,50.6,50.6
2012/02/13,50.4,51.2,49.5,50.6
2012/02/14,51.2,51.2,50.1,50.1
2012/02/15,50.6,52.1,50.4,51.2
2012/02/16,51.9,51.9,49.3,49.7
2012/02/17,50.1,50.8,49.3,49.5
2012/02/20,50.6,50.6,49.7,50.4
2012/02/21,50.8,51.0,49.9,50.6
2012/02/22,50.6,53.0,50.1,52.7
2012/02/23,52.3,53.0,51.2,51.4
2012/02/24,51.9,51.9,50.1,50.6
2012/02/29,51.4,51.4,50.6,51.0
2012/03/01,52.7,54.5,52.7,54.5
2012/03/02,56.2,58.1,55.3,58.1
2012/03/05,59.0,59.0,56.6,56.6
2012/03/06,56.2,58.1,54.3,58.1
2012/03/07,56.2,59.9,56.2,58.1
2012/03/08,58.8,60.5,58.4,60.1
2012/03/09,60.5,61.0,59.7,60.1
2012/03/12,58.4,58.8,56.8,56.8
2012/03/13,57.5,57.9,56.6,57.1
2012/03/14,58.1,58.4,57.5,57.5
2012/03/15,57.5,59.2,57.3,59.0
2012/03/16,58.8,59.2,58.1,58.8
2012/03/19,59.9,61.0,59.2,60.1
2012/03/20,60.7,60.7,59.2,59.4
2012/03/21,59.2,60.1,58.8,59.2
2012/03/22,59.4,60.5,59.4,59.7
2012/03/23,59.7,59.9,59.0,59.4
2012/03/26,59.4,59.7,58.8,59.2
2012/03/27,59.4,60.7,59.4,59.7
2012/03/28,59.7,60.5,59.2,60.3
2012/03/29,60.1,60.1,56.6,57.9
2012/03/30,57.1,58.6,55.8,58.4
2012/04/02,57.3,58.4,57.1,57.3
2012/04/03,57.1,57.7,53.6,54.0
2012/04/05,51.0,53.2,50.6,52.5
2012/04/06,52.3,55.6,52.1,54.5
2012/04/09,53.2,53.8,53.0,53.4
2012/04/10,54.0,54.9,53.2,54.0
2012/04/11,53.6,55.1,53.6,54.7
2012/04/12,54.7,55.1,54.3,55.1
2012/04/13,55.3,56.0,55.1,55.6
2012/04/16,54.9,55.1,54.3,54.5
2012/04/17,54.5,54.9,52.7,52.7
2012/04/18,54.0,54.0,52.5,52.5
2012/04/19,52.1,53.4,51.4,52.3
2012/04/20,52.3,52.7,51.4,51.9
2012/04/23,51.0,52.3,49.9,50.4
2012/04/24,50.1,51.0,49.7,50.6
2012/04/25,51.4,51.9,51.0,51.7
2012/04/26,52.3,52.3,50.6,50.6
2012/04/27,51.4,51.4,50.1,51.0
2012/04/30,50.1,51.0,50.1,51.0
2012/05/02,52.3,53.6,51.4,53.6
2012/05/03,53.6,53.6,52.7,52.7
2012/05/04,52.5,53.6,52.3,53.2
2012/05/07,51.9,52.5,51.9,52.3
2012/05/08,51.9,52.7,51.9,52.5
2012/05/09,52.1,52.7,51.7,52.5
2012/05/10,52.5,52.5,51.9,51.9
2012/05/11,52.7,54.5,52.7,52.7
2012/05/14,53.4,54.0,52.7,53.2
2012/05/15,52.5,54.5,52.5,54.3
2012/05/16,54.3,55.3,54.0,54.0
2012/05/17,54.5,54.5,53.8,54.0
2012/05/18,53.6,53.6,51.4,51.7
2012/05/21,52.5,52.7,51.7,51.9
2012/05/22,52.5,53.0,52.5,52.7
2012/05/23,51.4,52.3,51.4,51.9
2012/05/24,51.9,52.5,51.2,51.4
2012/05/25,51.7,51.9,51.0,51.0
2012/05/28,51.9,51.9,51.0,51.7
2012/05/29,51.7,54.0,51.7,53.8
2012/05/30,53.6,53.6,53.0,53.4
2012/05/31,52.7,54.5,52.3,54.5
2012/06/01,53.6,53.6,51.9,52.3
2012/06/04,51.0,51.0,50.1,51.0
2012/06/05,51.4,52.3,51.4,51.7
2012/06/06,52.3,52.7,51.9,52.5
2012/06/07,52.7,53.0,51.9,51.9
2012/06/08,51.9,52.3,51.4,51.9
2012/06/11,51.4,51.7,50.4,51.2
2012/06/12,50.8,51.2,50.6,51.2
2012/06/13,51.2,51.7,51.0,51.7
2012/06/14,51.7,51.9,51.4,51.9
2012/06/15,51.9,52.5,51.7,52.3
2012/06/18,53.0,53.4,52.5,52.7
2012/06/19,52.7,53.6,52.7,53.0
2012/06/20,53.4,53.8,53.0,53.6
2012/06/21,53.6,53.6,53.0,53.2
2012/06/22,52.5,53.4,52.5,53.4
2012/06/25,53.2,53.4,53.0,53.0
2012/06/26,53.0,53.0,52.5,52.5
2012/06/27,52.5,53.2,52.5,53.0
2012/06/28,53.4,53.4,52.3,52.3
2012/06/29,52.7,53.4,52.5,53.4
2012/07/02,53.8,53.8,53.4,53.4
2012/07/03,53.4,54.9,53.4,54.5
2012/07/04,54.9,54.9,54.5,54.5
2012/07/05,54.5,54.7,54.0,54.0
2012/07/06,54.0,54.3,53.4,53.4
2012/07/09,53.0,53.6,52.7,53.2
2012/07/10,53.0,53.2,52.5,52.7
2012/07/11,51.9,52.3,51.0,51.7
2012/07/12,51.9,52.7,51.9,52.3
2012/07/13,52.3,52.3,51.2,51.2
2012/07/16,52.3,52.3,51.0,51.0
2012/07/17,51.0,51.9,51.0,51.4
2012/07/18,51.4,52.1,51.4,51.7
2012/07/19,51.9,52.3,51.9,51.9
2012/07/20,51.9,52.1,51.4,51.7
2012/07/23,51.7,51.7,51.2,51.4
2012/07/24,51.2,51.4,51.0,51.4
2012/07/25,51.2,52.1,51.0,51.7
2012/07/26,52.7,53.0,51.7,51.9
2012/07/27,52.3,52.7,51.9,52.7
2012/07/30,53.2,53.4,52.3,52.5
2012/07/31,52.7,52.7,52.1,52.3
2012/08/01,48.4,49.1,48.2,48.4
2012/08/03,48.0,48.4,47.8,47.8
2012/08/06,48.2,48.4,47.8,48.0
2012/08/07,48.0,48.0,47.6,47.8
2012/08/08,48.2,48.6,47.8,48.2
2012/08/09,48.2,49.1,48.2,48.9
2012/08/10,48.9,49.1,48.4,49.1
2012/08/13,48.4,48.6,48.0,48.2
2012/08/14,47.6,48.6,47.6,48.4
2012/08/15,48.6,48.9,48.4,48.4
2012/08/16,48.4,48.9,48.4,48.9
2012/08/17,48.9,49.1,48.4,48.9
2012/08/20,48.4,48.9,48.0,48.6
2012/08/21,48.4,48.9,48.4,48.6
2012/08/22,48.9,49.3,48.4,48.9
2012/08/23,48.9,49.1,48.6,48.6
2012/08/24,48.6,49.3,47.6,49.3
2012/08/27,49.7,49.7,48.9,48.9
2012/08/28,48.9,49.1,48.4,48.4
2012/08/29,48.6,48.9,48.2,48.4
2012/08/30,48.4,48.9,48.4,48.9
2012/08/31,48.9,49.1,48.6,48.9
2012/09/03,48.4,49.1,48.4,48.9
2012/09/04,48.9,50.4,48.9,49.7
2012/09/05,49.7,49.7,49.1,49.3
2012/09/06,49.3,49.5,48.9,49.1
2012/09/07,49.5,49.5,49.1,49.3
2012/09/10,49.1,49.3,49.1,49.3
2012/09/11,49.3,49.3,48.2,48.4
2012/09/12,48.9,49.3,48.6,49.1
2012/09/13,49.7,51.4,49.7,50.4
2012/09/14,51.0,51.0,50.1,50.4
2012/09/17,50.6,50.8,50.1,50.1
2012/09/18,50.1,50.4,49.7,49.7
2012/09/19,49.9,50.1,49.5,49.5
2012/09/20,49.5,49.7,49.3,49.5
2012/09/21,49.5,49.7,49.5,49.5
2012/09/24,49.7,49.7,49.3,49.5
2012/09/25,49.5,50.1,49.3,49.3
2012/09/26,49.3,49.7,48.9,49.1
2012/09/27,49.1,49.3,48.6,48.9
2012/09/28,49.3,49.5,48.9,49.3
2012/10/01,49.5,49.5,48.9,48.9
2012/10/02,49.3,49.7,49.1,49.5
2012/10/03,49.5,49.9,49.1,49.3
2012/10/04,49.3,49.3,48.9,48.9
2012/10/05,48.9,49.3,48.9,48.9
2012/10/08,48.9,49.1,48.4,48.4
2012/10/09,48.6,48.9,48.4,48.4
2012/10/11,48.4,48.6,48.2,48.4
2012/10/12,48.6,48.9,48.4,48.6
2012/10/15,48.9,48.9,48.0,48.4
2012/10/16,48.4,48.6,48.4,48.4
2012/10/17,48.6,49.3,48.4,48.6
2012/10/18,48.6,48.9,48.4,48.6
2012/10/19,48.6,48.9,48.4,48.4
2012/10/22,48.4,48.9,48.4,48.9
2012/10/23,48.9,48.9,48.4,48.6
2012/10/24,48.4,48.6,48.2,48.6
2012/10/25,48.2,48.4,47.1,47.1
2012/10/26,47.1,47.3,44.1,44.7
2012/10/29,44.7,45.6,43.9,44.1
2012/10/30,44.1,44.7,44.1,44.5
2012/10/31,45.6,45.6,44.7,45.0
2012/11/01,45.4,46.5,44.7,46.0
2012/11/02,46.7,46.7,45.8,45.8
2012/11/05,45.8,46.3,45.4,45.4
2012/11/06,45.8,45.8,45.2,45.6
2012/11/07,46.0,46.3,45.4,46.0
2012/11/08,45.0,45.8,45.0,45.6
2012/11/09,45.6,46.0,45.4,45.8
2012/11/12,45.4,46.0,45.4,45.8
2012/11/13,45.4,45.8,45.2,45.2
2012/11/14,45.2,45.6,45.0,45.2
2012/11/15,45.2,45.8,45.2,45.2
2012/11/16,45.6,45.8,45.2,45.4
2012/11/19,45.4,45.4,44.7,44.7
2012/11/20,44.7,44.7,44.1,44.1
2012/11/21,44.3,44.7,44.1,44.1
2012/11/22,44.3,44.7,44.3,44.5
2012/11/23,45.0,45.6,45.0,45.4
2012/11/26,45.8,45.8,45.2,45.8
2012/11/27,46.0,46.0,45.2,45.4
2012/11/28,45.4,46.3,45.4,46.3
2012/11/29,46.7,49.3,46.7,49.3
2012/11/30,49.7,50.8,49.5,49.7
2012/12/03,49.7,49.7,48.6,48.6
2012/12/04,48.6,51.9,48.6,51.9
2012/12/05,51.9,54.7,51.4,53.6
2012/12/06,55.6,57.1,54.9,56.2
2012/12/07,57.1,57.1,54.0,54.5
2012/12/10,55.1,56.2,54.5,54.5
2012/12/11,54.0,54.0,51.9,52.5
2012/12/12,52.7,53.8,52.7,53.2
2012/12/13,53.2,54.5,52.5,52.5
2012/12/14,52.5,53.8,52.3,53.2
2012/12/17,53.2,53.2,52.1,52.5
2012/12/18,53.6,56.0,53.2,55.1
2012/12/19,56.0,56.0,54.0,54.3
2012/12/20,54.0,54.3,53.2,53.2
2012/12/21,53.2,53.6,53.0,53.2
2012/12/24,53.6,53.6,52.7,53.0
2012/12/25,53.4,53.6,52.7,53.6
2012/12/26,54.0,55.3,53.8,54.0
2012/12/27,54.5,55.3,54.0,54.5
2012/12/28,54.5,54.9,54.0,54.0
2013/01/02,54.9,54.9,54.5,54.5
2013/01/03,54.9,56.0,54.9,55.3
2013/01/04,55.8,55.8,54.5,54.7
2013/01/07,54.9,55.3,54.7,55.3
2013/01/08,55.3,55.3,53.8,54.0
2013/01/09,54.0,55.1,54.0,54.7
2013/01/10,55.1,56.6,54.7,56.2
2013/01/11,57.9,58.8,56.8,56.8
2013/01/14,57.5,57.7,56.4,57.7
2013/01/15,57.9,58.6,56.6,57.3
2013/01/16,57.5,57.7,55.3,55.3
2013/01/17,56.2,56.8,53.6,54.0
2013/01/18,54.9,55.1,54.0,54.5
2013/01/21,54.5,54.9,54.3,54.7
2013/01/22,54.7,55.8,54.7,55.1
2013/01/23,55.1,55.6,55.1,55.1
2013/01/24,55.3,55.8,55.1,55.1
2013/01/25,55.1,55.3,54.5,54.7
2013/01/28,54.7,55.6,54.5,55.6
2013/01/29,56.0,56.2,55.3,55.8
2013/01/30,55.8,56.0,54.9,54.9
2013/01/31,55.1,55.3,54.7,54.9
2013/02/01,54.9,56.8,54.9,56.2
2013/02/04,56.4,56.4,55.6,55.6
2013/02/05,56.2,56.2,55.1,55.6
2013/02/06,56.2,56.2,55.6,55.8
2013/02/18,56.0,56.0,54.9,54.9
2013/02/19,56.2,57.1,56.2,57.1
2013/02/20,57.5,57.5,56.6,56.8
2013/02/21,56.4,56.8,56.0,56.2
2013/02/22,56.2,56.8,55.8,56.4
2013/02/25,56.6,60.1,56.6,60.1
2013/02/26,60.5,64.0,60.5,62.7
2013/02/27,64.0,65.3,61.8,62.0
2013/03/01,62.7,63.3,62.0,62.3
2013/03/04,63.1,64.6,62.0,64.4
2013/03/05,65.3,66.6,64.4,65.1
2013/03/06,65.7,66.1,62.7,62.9
2013/03/07,63.1,65.7,63.1,64.2
2013/03/08,65.3,66.1,64.0,64.2
2013/03/11,64.6,65.3,63.8,64.4
2013/03/12,64.2,64.2,63.1,63.1
2013/03/13,63.1,64.0,62.9,62.9
2013/03/14,63.6,64.6,62.9,64.2
2013/03/15,64.8,64.8,63.3,63.3
2013/03/18,63.1,63.6,62.7,62.7
2013/03/19,62.7,64.2,62.7,63.6
2013/03/20,64.2,64.8,63.8,64.0
2013/03/21,64.6,64.8,63.8,64.0
2013/03/22,64.0,65.3,64.0,64.4
2013/03/25,65.1,65.3,64.4,64.8
2013/03/26,65.3,66.8,65.1,65.1
2013/03/27,65.5,65.7,64.0,64.4
2013/03/28,64.6,64.8,63.6,63.6
2013/03/29,63.8,64.0,63.1,63.1
2013/04/01,63.1,63.3,60.5,60.7
2013/04/02,61.0,62.5,61.0,61.6
2013/04/03,62.0,62.9,62.0,62.5
2013/04/08,61.6,61.6,60.1,61.2
2013/04/09,61.8,61.8,61.0,61.6
2013/04/10,62.0,62.0,60.5,61.2
2013/04/11,62.3,62.5,61.6,61.6
2013/04/12,62.3,62.3,60.7,61.2
2013/04/15,61.2,62.0,61.2,61.6
2013/04/16,61.0,61.8,60.5,61.8
2013/04/17,61.8,62.3,61.4,62.0
2013/04/18,61.8,62.7,61.8,62.0
2013/04/19,62.5,63.8,62.5,62.7
2013/04/22,63.1,63.3,62.7,62.7
2013/04/23,62.7,63.1,62.3,62.3
2013/04/24,62.7,62.9,62.5,62.7
2013/04/25,62.3,62.5,61.4,61.6
2013/04/26,61.6,62.3,61.2,61.2
2013/04/29,61.4,61.4,60.7,60.7
2013/04/30,61.2,62.0,61.0,61.6
2013/05/02,61.6,62.0,61.2,61.6
2013/05/03,62.0,62.0,61.4,61.4
2013/05/06,62.0,62.0,61.4,61.4
2013/05/07,61.8,64.0,61.6,64.0
2013/05/08,64.6,65.3,63.3,63.8
2013/05/09,64.0,64.2,62.9,63.1
2013/05/10,63.1,63.3,62.7,62.7
2013/05/13,63.8,64.0,62.9,63.3
2013/05/14,63.8,63.8,62.0,62.3
2013/05/15,57.9,59.4,57.9,57.9
2013/05/16,56.6,57.9,56.4,57.3
2013/05/17,57.3,58.6,57.3,57.9
2013/05/20,57.9,58.6,57.7,57.7
2013/05/21,57.9,58.4,57.9,58.4
2013/05/22,58.8,59.4,58.6,58.8
2013/05/23,58.6,58.6,57.9,57.9
2013/05/24,57.9,58.4,57.5,57.7
2013/05/27,58.1,58.1,57.7,57.9
2013/05/28,57.9,57.9,57.5,57.7
2013/05/29,57.7,58.1,57.5,58.1
2013/05/30,58.1,58.4,57.9,58.1
2013/05/31,58.4,58.8,57.7,57.9
2013/06/03,57.9,57.9,57.5,57.5
2013/06/04,57.7,57.9,57.5,57.5
2013/06/05,57.5,58.6,57.5,57.9
2013/06/06,57.9,57.9,57.3,57.3
2013/06/07,57.5,57.7,56.6,56.6
2013/06/10,56.8,57.5,56.8,57.1
2013/06/11,56.6,57.1,56.2,56.6
2013/06/13,56.2,56.2,54.7,54.9
2013/06/14,55.1,55.3,54.7,54.7
2013/06/17,54.5,54.9,54.3,54.3
2013/06/18,54.5,55.8,54.3,55.3
2013/06/19,55.3,55.8,55.1,55.1
2013/06/20,55.1,57.7,55.1,56.8
2013/06/21,56.2,56.6,55.8,55.8
2013/06/24,55.8,56.6,55.8,56.2
2013/06/25,56.6,56.6,55.3,55.3
2013/06/26,55.8,56.8,55.6,55.6
2013/06/27,56.2,56.4,55.8,55.8
2013/06/28,55.8,56.6,55.8,55.8
2013/07/01,55.8,57.1,55.8,56.8
2013/07/02,57.3,57.3,56.6,56.6
2013/07/03,56.4,56.4,55.8,56.0
2013/07/04,56.2,56.2,54.9,54.9
2013/07/05,55.1,55.8,55.1,55.3
2013/07/08,51.7,51.9,51.0,51.0
2013/07/09,51.7,51.7,51.0,51.2
2013/07/10,51.7,51.7,50.1,50.4
2013/07/11,51.0,52.7,51.0,52.7
2013/07/12,53.0,53.0,52.1,52.3
2013/07/15,52.7,53.8,52.7,53.8
2013/07/16,53.8,54.9,53.8,53.8
2013/07/17,54.3,54.7,54.0,54.0
2013/07/18,54.0,54.5,53.6,53.6
2013/07/19,53.6,53.6,51.9,52.1
2013/07/22,52.3,53.0,52.1,52.3
2013/07/23,52.5,53.2,52.5,52.7
2013/07/24,52.7,53.8,52.7,52.7
2013/07/25,53.6,53.6,52.7,52.7
2013/07/26,53.2,53.2,52.5,52.7
2013/07/29,52.7,52.7,52.3,52.3
2013/07/30,52.3,53.2,52.3,53.2
2013/07/31,53.2,53.2,52.5,52.5
2013/08/01,52.7,52.7,52.3,52.3
2013/08/02,53.0,53.2,52.3,52.5
2013/08/05,53.2,53.4,52.5,52.7
2013/08/06,52.7,52.7,51.9,52.1
2013/08/07,51.9,52.7,51.9,52.3
2013/08/08,52.3,53.0,52.1,53.0
2013/08/09,53.2,53.2,53.0,53.0
2013/08/12,52.1,52.7,51.7,51.7
2013/08/13,51.7,51.9,51.4,51.4
2013/08/14,51.4,52.3,51.0,51.2
2013/08/15,51.0,51.0,50.4,50.6
2013/08/16,50.6,51.0,50.4,50.6
2013/08/19,50.6,51.2,50.6,51.0
2013/08/20,51.0,51.0,50.1,50.4
2013/08/22,50.1,50.4,49.7,49.9
2013/08/23,50.1,50.4,49.9,49.9
2013/08/26,50.1,50.8,49.9,50.6
2013/08/27,50.4,51.2,50.4,50.8
2013/08/28,50.6,50.6,49.9,49.9
2013/08/29,50.1,50.4,50.1,50.4
2013/08/30,50.6,51.0,50.1,51.0
2013/09/02,51.0,51.2,50.6,50.6
2013/09/03,50.6,51.2,50.6,51.0
2013/09/04,51.2,51.2,50.8,51.2
2013/09/05,51.2,51.2,50.6,50.6
2013/09/06,50.8,51.0,50.4,50.4
2013/09/09,50.6,50.6,50.1,50.4
2013/09/10,50.6,50.8,50.1,50.1
2013/09/11,50.1,50.6,50.1,50.4
2013/09/12,50.8,50.8,50.4,50.4
2013/09/13,50.6,50.6,50.1,50.1
2013/09/16,50.6,50.6,50.6,50.6
2013/09/17,50.6,50.8,50.1,50.6
2013/09/18,50.6,50.8,50.4,50.6
2013/09/23,51.0,51.9,51.0,51.9
2013/09/24,51.9,53.2,51.9,52.7
2013/09/25,52.7,52.7,52.3,52.5
2013/09/26,52.3,52.3,51.9,52.1
2013/09/27,52.1,52.3,51.4,51.7
2013/09/30,51.4,51.7,51.2,51.4
2013/10/01,51.7,51.9,51.4,51.4
2013/10/02,51.4,52.3,51.4,52.3
2013/10/03,51.9,52.7,51.7,52.5
2013/10/04,53.2,53.2,52.3,52.3
2013/10/07,52.7,53.0,52.5,52.5
2013/10/08,52.5,52.5,52.3,52.3
2013/10/09,52.7,52.7,51.9,51.9
2013/10/11,52.3,52.5,51.7,51.7
2013/10/14,51.4,51.7,50.6,50.8
2013/10/15,51.2,51.7,51.0,51.2
2013/10/16,51.2,51.7,51.0,51.4
2013/10/17,51.9,52.3,51.4,51.7
2013/10/18,51.9,52.3,51.7,51.9
2013/10/21,52.7,55.3,52.5,55.3
2013/10/22,55.8,56.0,54.5,54.7
2013/10/23,54.7,55.1,54.0,54.5
2013/10/24,54.5,54.7,54.3,54.7
2013/10/25,55.1,56.4,54.9,55.3
2013/10/28,55.8,55.8,54.5,54.5
2013/10/29,54.0,55.1,54.0,54.5
2013/10/30,54.7,55.3,54.5,54.7
2013/10/31,54.5,54.9,54.5,54.5
2013/11/01,54.5,54.9,54.5,54.5
2013/11/04,54.5,54.7,54.0,54.0
2013/11/05,54.0,54.5,53.4,53.4
2013/11/06,53.6,54.0,53.2,53.6
2013/11/07,54.0,54.0,53.6,53.6
2013/11/08,53.2,54.0,53.2,53.2
2013/11/11,53.2,53.2,52.3,52.3
2013/11/12,52.3,52.5,51.4,51.7
2013/11/13,51.2,51.9,51.0,51.7
2013/11/14,51.7,51.9,51.4,51.4
2013/11/15,51.0,52.1,51.0,51.4
2013/11/18,51.4,51.7,51.4,51.4
2013/11/19,51.4,52.1,51.4,51.9
2013/11/20,51.9,52.3,51.7,51.9
2013/11/21,51.9,51.9,51.2,51.4
2013/11/22,51.9,53.2,51.7,52.5
2013/11/25,52.5,53.0,52.1,52.7
2013/11/26,52.3,52.7,52.3,52.7
2013/11/27,53.6,53.6,52.7,52.7
2013/11/28,53.2,53.4,52.7,52.7
2013/11/29,53.8,53.8,53.0,53.2
2013/12/02,53.6,53.6,52.5,52.7
2013/12/03,52.7,52.7,52.1,52.1
2013/12/04,52.1,52.5,52.1,52.1
2013/12/05,52.5,54.9,52.5,54.0
2013/12/06,54.5,54.5,53.4,53.4
2013/12/09,53.4,54.3,53.4,53.6
2013/12/10,54.0,54.0,53.0,53.2
2013/12/11,52.7,52.7,51.9,52.3
2013/12/12,51.9,52.1,51.7,51.9
2013/12/13,51.7,52.3,51.7,52.1
2013/12/16,51.4,52.3,51.4,51.7
2013/12/17,51.9,52.1,51.7,51.9
2013/12/18,51.9,52.5,51.9,52.1
2013/12/19,52.7,52.7,51.9,52.1
2013/12/20,51.9,52.5,51.9,52.3
2013/12/23,52.3,52.3,51.9,51.9
2013/12/24,52.1,52.3,51.9,51.9
2013/12/25,52.1,53.6,52.1,53.0
2013/12/26,53.0,53.0,52.3,52.5
2013/12/27,52.3,52.7,52.1,52.3
2013/12/30,52.3,52.7,52.1,52.3
2013/12/31,52.3,52.5,52.1,52.1
2014/01/02,52.3,52.7,52.1,52.7
2014/01/03,52.7,53.0,52.3,52.3
2014/01/06,52.1,52.3,52.1,52.1
2014/01/07,52.3,52.7,52.3,52.7
2014/01/08,52.1,53.6,52.1,53.0
2014/01/09,53.0,53.2,52.3,52.3
2014/01/10,52.1,53.0,52.1,52.5
2014/01/13,53.2,53.4,52.5,53.0
2014/01/14,52.7,54.0,52.5,53.0
2014/01/15,53.6,53.6,53.0,53.2
2014/01/16,53.6,53.6,53.0,53.0
2014/01/17,53.0,53.6,52.3,52.5
2014/01/20,52.3,52.7,52.3,52.3
2014/01/21,52.3,52.5,52.1,52.1
2014/01/22,52.1,52.7,51.9,52.1
2014/01/23,51.9,52.3,51.9,51.9
2014/01/24,51.9,52.1,51.7,51.9
2014/01/27,51.4,51.9,51.2,51.7
2014/02/05,51.4,51.4,51.0,51.2
2014/02/06,51.2,51.9,51.2,51.4
2014/02/07,51.9,52.1,51.9,52.1
2014/02/10,51.9,52.3,51.9,52.1
2014/02/11,51.4,51.4,51.2,51.2
2014/02/12,51.4,51.7,51.2,51.2
2014/02/13,51.4,51.4,50.8,51.2
2014/02/14,51.7,51.7,51.0,51.0
2014/02/17,51.0,51.2,51.0,51.0
2014/02/18,51.2,51.2,51.0,51.0
2014/02/19,51.2,51.7,51.0,51.4
2014/02/20,51.4,51.4,51.0,51.0
2014/02/21,51.2,51.2,50.8,51.0
2014/02/24,51.0,51.4,51.0,51.2
2014/02/25,53.2,54.0,52.3,53.6
2014/02/26,54.5,55.6,54.5,55.3
2014/02/27,55.8,56.0,54.5,54.7
2014/03/03,54.7,54.7,54.0,54.5
2014/03/04,54.5,54.9,54.3,54.3
2014/03/05,54.9,54.9,54.3,54.7
2014/03/06,54.5,54.7,54.3,54.3
2014/03/07,54.5,54.7,53.6,53.6
2014/03/10,53.6,54.5,53.6,53.8
2014/03/11,53.4,53.6,53.2,53.4
2014/03/12,53.2,53.6,53.2,53.2
2014/03/13,53.2,53.8,53.2,53.2
2014/03/14,53.2,53.8,53.2,53.6
2014/03/17,54.3,54.7,53.8,54.5
2014/03/18,54.7,55.8,53.8,55.1
2014/03/19,55.8,55.8,54.3,54.5
2014/03/20,54.0,54.5,53.8,54.0
2014/03/21,54.0,54.5,53.6,53.6
2014/03/24,53.4,53.8,52.7,53.8
2014/03/25,53.8,54.0,53.2,53.8
2014/03/26,54.3,54.3,53.8,53.8
2014/03/27,53.8,54.9,53.8,54.7
2014/03/28,54.7,54.7,53.8,53.8
2014/03/31,54.0,54.3,53.6,54.0
2014/04/01,52.7,52.7,50.6,52.1
2014/04/02,52.1,52.5,52.1,52.5
2014/04/03,52.5,52.7,51.9,52.1
2014/04/07,52.1,52.5,51.9,52.3
2014/04/08,52.7,52.7,52.1,52.3
2014/04/09,52.7,52.7,52.3,52.5
2014/04/10,52.5,53.0,52.3,52.3
2014/04/11,51.7,51.9,51.2,51.7
2014/04/14,51.7,51.9,51.4,51.4
2014/04/15,51.7,52.3,51.4,51.7
2014/04/16,51.7,52.1,51.4,51.7
2014/04/17,51.9,52.1,51.7,51.7
2014/04/18,51.9,51.9,51.4,51.4
2014/04/21,51.4,51.7,51.2,51.2
2014/04/22,51.2,51.9,51.0,51.7
2014/04/23,51.4,51.9,51.2,51.2
2014/04/24,51.2,51.4,51.0,51.2
2014/04/25,51.4,51.4,50.1,50.1
2014/04/28,50.1,50.6,49.7,50.4
2014/04/29,50.6,51.0,50.4,50.8
2014/04/30,51.0,51.0,50.1,50.1
2014/05/02,50.1,50.6,49.9,50.1
2014/05/05,49.7,49.7,46.7,46.7
2014/05/06,46.3,46.5,45.4,46.5
2014/05/07,46.5,47.1,45.8,46.9
2014/05/08,47.3,47.3,46.5,46.7
2014/05/09,47.1,47.3,46.5,46.7
2014/05/12,46.9,46.9,45.8,46.0
2014/05/13,46.3,46.7,45.8,45.8
2014/05/14,45.8,46.3,45.8,46.0
2014/05/15,45.8,46.3,45.6,46.3
2014/05/16,46.0,46.0,45.6,46.0
2014/05/19,46.0,46.3,45.8,45.8
2014/05/20,45.8,46.0,45.8,45.8
2014/05/21,45.8,46.0,45.6,45.6
2014/05/22,45.8,46.3,45.8,46.0
2014/05/23,46.3,46.3,45.6,45.8
2014/05/26,45.8,46.3,45.8,46.3
2014/05/27,46.3,46.3,45.8,45.8
2014/05/28,45.8,46.3,45.8,46.0
2014/05/29,46.0,46.0,45.8,45.8
2014/05/30,46.0,46.0,45.2,45.2
2014/06/03,45.2,45.8,45.2,45.4
2014/06/04,45.4,45.4,45.2,45.4
2014/06/05,45.6,45.8,45.4,45.6
2014/06/06,45.6,46.5,45.6,46.3
2014/06/09,46.7,47.1,46.5,46.9
2014/06/10,47.1,47.1,46.0,46.5
2014/06/11,46.5,46.7,46.0,46.0
2014/06/12,45.8,46.3,45.8,45.8
2014/06/13,46.0,48.9,46.0,47.3
2014/06/16,47.6,47.8,46.9,46.9
2014/06/17,46.9,47.6,46.9,47.1
2014/06/18,47.6,47.6,46.7,46.7
2014/06/19,47.6,48.4,47.1,48.2
2014/06/20,48.2,48.6,47.8,48.6
2014/06/23,48.9,49.1,48.4,48.6
2014/06/24,48.9,48.9,47.8,48.6
2014/06/25,48.6,48.6,48.2,48.4
2014/06/26,48.4,48.9,48.4,48.4
2014/06/27,48.4,48.4,47.6,47.8
2014/06/30,48.0,48.6,47.6,47.8
2014/07/01,47.8,48.0,47.3,47.8
2014/07/02,48.0,48.4,47.8,48.0
2014/07/03,48.0,49.3,47.6,49.1
2014/07/04,49.1,49.3,48.2,48.4
2014/07/07,44.3,44.7,44.1,44.3
2014/07/08,44.5,44.7,44.3,44.5
2014/07/09,44.5,44.5,43.1,43.1
2014/07/10,43.2,44.1,43.2,43.4
2014/07/11,44.1,44.3,43.1,43.4
2014/07/14,43.7,43.9,43.4,43.7
2014/07/15,43.7,43.7,43.2,43.4
2014/07/16,43.4,43.4,43.1,43.1
2014/07/17,43.9,43.9,43.1,43.2
2014/07/18,43.0,43.2,42.8,43.0
2014/07/21,43.7,43.7,43.1,43.7
2014/07/22,43.9,43.9,43.2,43.4
2014/07/24,43.2,43.4,43.1,43.1
2014/07/25,43.0,43.1,42.8,42.8
2014/07/28,42.8,42.9,42.4,42.4
2014/07/29,42.0,42.1,40.7,41.0
2014/07/30,41.0,41.2,41.0,41.1
2014/07/31,41.1,41.2,40.9,41.2
2014/08/01,41.1,41.2,40.7,41.0
2014/08/04,41.3,41.3,40.7,40.9
2014/08/05,40.9,40.9,39.7,39.7
2014/08/06,39.8,40.2,39.6,39.8
2014/08/07,39.8,40.0,39.8,39.8
2014/08/08,39.5,39.7,39.5,39.6
2014/08/11,40.0,40.3,40.0,40.2
2014/08/12,40.1,40.2,40.0,40.1
2014/08/13,40.1,40.2,40.0,40.2
2014/08/14,40.4,41.3,40.4,41.3
2014/08/15,41.3,41.8,41.2,41.8
2014/08/18,42.1,42.1,41.2,41.2
2014/08/19,41.3,41.7,41.3,41.5
2014/08/20,41.4,41.5,41.1,41.1
2014/08/21,41.1,41.1,40.9,41.0
2014/08/22,40.6,41.4,40.6,41.4
2014/08/25,41.8,41.8,41.5,41.6
2014/08/26,41.8,41.8,41.3,41.4
2014/08/27,41.4,41.5,41.2,41.4
2014/08/28,41.3,41.4,40.8,40.9
2014/08/29,41.1,41.2,40.9,41.0
2014/09/01,41.1,41.3,40.9,41.0
2014/09/02,40.9,41.1,40.7,40.7
2014/09/03,41.0,41.1,40.6,40.6
2014/09/04,40.6,41.0,40.5,40.6
2014/09/05,40.6,41.3,40.6,41.2
2014/09/09,41.2,42.5,41.2,41.5
2014/09/10,41.5,41.7,41.1,41.3
2014/09/11,41.3,41.3,40.9,40.9
2014/09/12,41.0,41.5,40.7,41.5
2014/09/15,41.3,41.3,40.8,41.0
2014/09/16,41.4,41.4,40.9,40.9
2014/09/17,41.0,41.0,40.8,40.9
2014/09/18,41.3,41.3,40.9,40.9
2014/09/19,41.4,41.4,40.9,40.9
2014/09/22,40.9,40.9,40.8,40.8
2014/09/23,40.7,40.8,40.7,40.7
2014/09/24,40.6,40.9,40.6,40.8
2014/09/25,40.9,40.9,40.3,40.3
2014/09/26,40.2,40.3,40.0,40.1
2014/09/29,39.9,40.6,39.9,39.9
2014/09/30,39.9,39.9,39.6,39.8
2014/10/01,39.8,39.8,39.6,39.6
2014/10/02,39.6,40.1,39.6,39.9
2014/10/03,40.6,40.6,40.1,40.6
2014/10/06,40.6,40.6,40.2,40.2
2014/10/07,40.2,40.2,39.8,39.8
2014/10/08,39.8,40.2,39.6,39.7
2014/10/09,39.8,40.2,39.6,39.6
2014/10/13,39.3,39.3,38.0,38.0
2014/10/14,38.0,38.0,35.4,35.4
2014/10/15,34.6,34.6,33.2,33.4
2014/10/16,32.9,32.9,31.1,31.8
2014/10/17,31.8,32.8,31.8,32.2
2014/10/20,33.0,33.8,32.4,33.7
2014/10/21,33.7,33.9,33.1,33.3
2014/10/22,33.5,33.5,33.2,33.3
2014/10/23,33.4,33.4,33.1,33.1
2014/10/24,33.1,33.1,32.4,33.0
2014/10/27,33.3,33.3,31.8,32.4
2014/10/28,32.2,32.6,32.2,32.4
2014/10/29,31.6,32.9,31.6,32.7
2014/10/30,32.0,33.1,31.6,32.6
2014/10/31,32.7,33.7,32.6,33.7
2014/11/03,34.5,34.6,33.7,34.5
2014/11/04,35.4,35.4,34.2,34.5
2014/11/05,33.8,34.2,33.8,33.9
2014/11/06,33.9,34.1,33.4,33.4
2014/11/07,33.4,33.9,33.3,33.8
2014/11/10,33.8,34.1,33.7,33.8
2014/11/11,34.2,34.2,33.9,33.9
2014/11/12,34.2,34.2,33.8,33.9
2014/11/13,34.3,34.3,33.9,33.9
2014/11/14,33.9,33.9,33.8,33.9
2014/11/17,33.8,34.2,33.8,33.9
2014/11/18,33.9,34.1,33.9,33.9
2014/11/19,33.9,34.0,33.9,33.9
2014/11/20,34.1,34.2,34.0,34.0
2014/11/21,34.0,34.3,34.0,34.0
2014/11/24,34.2,34.4,34.1,34.2
2014/11/25,34.2,34.2,34.1,34.2
2014/11/26,34.2,35.4,34.2,35.1
2014/11/27,35.4,36.4,35.4,35.9
2014/11/28,35.9,35.9,35.3,35.3
2014/12/01,35.2,35.8,34.6,35.5
2014/12/02,35.5,35.5,35.1,35.4
2014/12/03,35.8,35.9,35.6,35.6
2014/12/04,35.8,35.8,35.2,35.5
2014/12/05,35.4,35.5,35.3,35.5
2014/12/08,35.5,35.6,35.1,35.2
2014/12/09,35.2,35.4,35.2,35.4
2014/12/10,35.3,35.4,35.2,35.4
2014/12/11,35.7,35.8,35.4,35.8
2014/12/12,35.8,37.1,35.8,37.0
2014/12/15,37.2,37.2,36.4,37.1
2014/12/16,37.3,38.7,37.3,38.0
2014/12/17,38.4,38.5,37.7,37.7
2014/12/18,37.8,38.0,37.7,37.7
2014/12/19,38.5,38.5,37.2,37.2
2014/12/22,37.2,37.2,36.4,36.6
2014/12/23,36.7,37.0,36.7,36.8
2014/12/24,37.0,37.0,36.6,36.6
2014/12/25,36.7,36.7,36.6,36.7
2014/12/26,36.7,37.2,36.7,36.9
2014/12/29,37.8,37.8,37.3,37.4
2014/12/30,37.8,37.8,37.4,37.6
2014/12/31,37.6,37.8,37.4,37.4
2015/01/05,37.2,37.4,37.2,37.3
2015/01/06,37.3,37.3,36.7,36.7
2015/01/07,36.7,37.0,36.5,36.5
2015/01/08,36.5,36.7,36.5,36.7
2015/01/09,36.7,37.0,36.7,36.7
2015/01/12,36.7,36.7,36.3,36.3
2015/01/13,36.3,36.3,35.8,35.9
2015/01/14,35.9,36.2,35.6,35.8
2015/01/15,35.9,35.9,35.5,35.7
2015/01/16,35.7,35.7,35.4,35.4
2015/01/19,35.4,35.7,35.4,35.7
2015/01/20,35.5,36.1,35.5,36.0
2015/01/21,36.1,36.1,36.0,36.0
2015/01/22,36.1,36.1,35.4,35.7
2015/01/23,36.1,36.1,35.6,35.8
2015/01/27,35.7,35.7,35.6,35.7
2015/01/28,35.7,35.7,35.1,35.2
2015/01/29,35.2,35.2,34.6,34.9
2015/01/30,34.9,35.0,34.4,34.6
2015/02/02,34.6,34.7,34.6,34.6
2015/02/03,34.6,34.8,34.6,34.8
2015/02/04,35.0,35.0,34.8,35.0
2015/02/05,34.8,34.8,34.7,34.8
2015/02/09,34.6,34.6,34.4,34.6
2015/02/10,35.0,35.0,34.3,34.6
2015/02/11,34.4,35.0,34.2,34.8
2015/02/12,35.0,35.0,34.6,35.0
2015/02/13,34.5,34.8,34.5,34.6
2015/02/24,34.6,34.8,34.6,34.7
2015/02/25,34.8,35.0,34.7,35.0
2015/02/26,35.0,35.0,34.5,34.7
2015/03/02,34.6,34.7,34.4,34.6
2015/03/03,34.4,34.5,34.2,34.2
2015/03/04,34.2,34.8,34.2,34.7
2015/03/05,34.7,34.7,34.4,34.7
2015/03/06,34.6,34.8,34.5,34.8
2015/03/09,34.8,34.8,34.5,34.6
2015/03/10,34.6,34.6,34.5,34.5
2015/03/11,34.5,34.5,34.2,34.5
2015/03/12,34.3,34.5,34.2,34.2
2015/03/13,34.2,34.6,34.2,34.3
2015/03/16,34.2,35.0,34.2,35.0
2015/03/17,35.4,35.7,35.0,35.2
2015/03/18,35.1,35.2,35.1,35.2
2015/03/19,35.2,35.4,35.2,35.4
2015/03/20,35.4,35.4,35.0,35.4
2015/03/23,35.6,35.6,35.4,35.6
2015/03/24,35.7,35.7,35.3,35.3
2015/03/25,35.0,35.3,34.9,35.1
2015/03/26,35.0,35.0,34.6,34.6
2015/03/27,34.5,34.5,34.4,34.4
2015/03/30,34.4,34.4,33.5,33.9
2015/03/31,33.9,33.9,33.3,33.3
2015/04/01,33.3,33.3,32.9,32.9
2015/04/02,32.9,33.2,32.9,33.0
2015/04/07,33.0,33.2,33.0,33.2
2015/04/08,33.2,34.5,33.2,34.4
2015/04/09,34.5,34.6,33.9,33.9
2015/04/10,34.1,34.1,32.9,33.2
2015/04/13,33.2,33.8,33.2,33.7
2015/04/14,33.7,33.9,33.5,33.7
2015/04/15,33.7,33.8,33.7,33.8
2015/04/16,34.3,34.3,34.0,34.2
2015/04/17,34.2,34.4,34.1,34.2
2015/04/20,34.2,34.2,34.1,34.2
2015/04/21,34.2,34.2,33.4,33.5
2015/04/22,33.2,33.7,33.2,33.5
2015/04/23,33.5,33.7,33.4,33.6
2015/04/24,33.7,34.0,33.6,34.0
2015/04/27,33.7,34.0,33.7,34.0
2015/04/28,33.9,34.0,33.8,33.8
2015/04/29,31.5,33.3,31.5,32.6
2015/04/30,32.2,32.6,32.1,32.2
2015/05/04,32.0,32.0,30.7,31.4
2015/05/05,31.1,31.6,31.1,31.6
2015/05/06,31.6,31.8,31.3,31.7
2015/05/07,31.6,31.6,31.5,31.5
2015/05/08,31.5,31.6,31.3,31.5
2015/05/11,31.6,31.6,31.0,31.1
2015/05/12,31.1,31.1,31.0,31.1
2015/05/13,31.1,31.3,31.0,31.1
2015/05/14,31.1,31.2,31.0,31.1
2015/05/15,31.0,31.3,31.0,31.1
2015/05/18,31.1,31.5,31.1,31.2
2015/05/19,31.2,31.3,31.1,31.1
2015/05/20,31.1,31.3,31.0,31.2
2015/05/21,31.2,31.2,31.1,31.2
2015/05/22,31.1,31.3,31.1,31.1
2015/05/25,31.1,31.1,31.0,31.0
2015/05/26,31.0,31.1,31.0,31.1
2015/05/27,31.1,31.1,31.0,31.0
2015/05/28,31.0,32.4,31.0,32.4
2015/05/29,32.4,32.4,31.4,31.6
2015/06/01,31.6,31.8,31.1,31.4
2015/06/02,31.4,31.4,31.3,31.3
2015/06/03,31.3,31.3,31.1,31.1
2015/06/04,31.0,31.1,30.7,30.7
2015/06/05,30.5,30.5,29.0,29.9
2015/06/08,30.0,30.0,29.3,29.4
2015/06/09,29.0,29.1,27.7,27.7
2015/06/10,27.7,29.6,27.7,29.0
2015/06/11,28.1,28.7,28.1,28.6
2015/06/12,28.3,29.4,28.3,29.3
2015/06/15,29.4,29.4,28.9,29.0
2015/06/16,28.3,29.1,28.3,29.1
2015/06/17,29.0,29.3,29.0,29.3
2015/06/18,29.2,29.3,28.7,29.1
2015/06/22,29.2,29.6,29.2,29.6
2015/06/23,29.4,29.8,29.4,29.6
2015/06/24,29.6,29.7,29.6,29.6
2015/06/25,29.6,30.3,29.6,30.2
2015/06/26,30.3,30.8,30.3,30.8
2015/06/29,30.4,30.5,30.0,30.0
2015/06/30,30.3,30.4,30.1,30.3
2015/07/01,30.3,30.4,29.8,30.0
2015/07/02,29.4,29.8,29.4,29.6
2015/07/03,29.8,29.8,29.5,29.5
2015/07/06,29.0,29.4,28.8,29.4
2015/07/07,30.0,30.0,29.4,29.7
2015/07/08,29.5,29.5,29.0,29.0
2015/07/09,28.7,29.0,28.5,28.8
2015/07/13,30.0,31.3,30.0,31.0
2015/07/14,31.3,31.6,30.8,31.0
2015/07/15,30.7,30.7,30.6,30.7
2015/07/16,30.7,31.3,30.7,31.1
2015/07/17,31.6,31.6,31.1,31.3
2015/07/20,31.4,31.5,30.8,31.3
2015/07/21,30.9,31.3,30.9,31.0
2015/07/22,30.8,31.0,30.7,30.9
2015/07/23,30.7,30.9,30.4,30.9
2015/07/24,30.7,31.1,30.4,30.9
2015/07/27,30.6,30.6,30.3,30.4
2015/07/28,30.9,31.6,30.4,31.0
2015/07/29,31.6,31.6,31.0,31.2
2015/07/30,31.3,31.8,31.3,31.4
2015/07/31,31.8,34.1,31.8,33.9
2015/08/03,36.3,36.3,34.8,35.7
2015/08/04,35.6,35.7,34.2,34.3
2015/08/05,34.6,35.4,34.6,34.6
2015/08/06,34.8,35.4,34.7,34.8
2015/08/07,34.8,34.8,34.2,34.7
2015/08/10,35.8,35.8,34.8,35.2
2015/08/11,35.2,35.9,34.8,34.9
2015/08/12,35.2,35.4,34.8,35.0
2015/08/13,35.4,35.4,34.8,35.0
2015/08/14,35.2,35.4,34.8,35.2
2015/08/17,35.3,36.1,35.2,35.7
2015/08/18,35.9,36.1,35.5,35.7
2015/08/19,35.5,35.5,34.5,34.6
2015/08/20,34.4,34.8,34.4,34.7
2015/08/21,34.2,34.6,32.9,33.0
2015/08/24,32.4,32.4,29.7,30.9
2015/08/25,29.0,31.5,29.0,30.7
2015/08/26,30.7,31.3,30.7,31.3
2015/08/27,31.3,32.6,31.3,32.2
2015/08/28,32.3,33.2,32.3,32.4
2015/08/31,32.4,32.9,32.1,32.9
2015/09/01,32.4,33.3,32.4,32.6
2015/09/02,32.0,32.6,32.0,32.5
2015/09/03,32.9,32.9,32.5,32.9
2015/09/04,33.3,33.3,32.5,32.5
2015/09/08,33.2,33.2,32.5,32.5
2015/09/09,32.9,33.3,32.8,33.0
2015/09/10,33.2,33.5,33.0,33.5
2015/09/11,34.5,34.8,34.3,34.6
2015/09/14,35.2,35.2,34.6,35.0
2015/09/15,34.7,34.8,34.2,34.4
2015/09/16,34.4,34.6,34.2,34.2
2015/09/17,34.5,34.6,34.2,34.2
2015/09/18,34.2,34.7,34.2,34.3
2015/09/21,34.2,34.2,33.7,33.8
2015/09/22,33.8,34.2,33.8,34.1
2015/09/23,33.9,34.5,33.9,33.9
2015/09/24,33.7,33.9,33.5,33.6
2015/09/25,33.5,33.6,32.9,33.3
2015/09/30,32.9,33.9,32.9,33.9
2015/10/01,33.9,34.1,33.9,33.9
2015/10/02,34.4,34.4,33.9,34.2
2015/10/05,34.2,34.4,34.0,34.1
2015/10/06,34.4,34.4,33.9,34.0
2015/10/07,34.0,34.3,34.0,34.1
2015/10/08,34.4,34.5,34.1,34.2
2015/10/12,35.4,36.8,35.4,36.4
2015/10/13,35.5,36.2,35.5,35.9
2015/10/14,36.3,36.3,35.9,36.0
2015/10/15,36.0,36.1,35.6,35.9
2015/10/16,36.1,37.5,36.0,36.7
2015/10/19,37.1,37.4,36.8,37.0
2015/10/20,37.1,37.1,36.6,36.8
2015/10/21,37.0,38.3,37.0,38.3
2015/10/22,38.5,41.1,38.5,40.6
2015/10/23,41.6,42.4,40.0,40.0
2015/10/26,40.3,41.0,40.3,40.6
2015/10/27,41.3,41.4,40.0,40.2
2015/10/28,40.5,41.3,40.4,41.2
2015/10/29,41.6,42.3,40.7,41.5
2015/10/30,41.1,41.2,39.3,40.6
2015/11/02,40.2,40.5,39.9,40.1
2015/11/03,40.3,40.6,40.0,40.2
2015/11/04,40.6,41.3,40.4,40.7
2015/11/05,40.8,40.8,40.2,40.3
2015/11/06,40.4,40.6,39.9,39.9
2015/11/09,40.2,40.2,39.1,39.3
2015/11/10,38.9,39.3,37.7,39.3
2015/11/11,40.6,41.3,39.8,39.9
2015/11/12,38.2,39.3,37.2,37.8
2015/11/13,37.8,38.1,37.2,37.6
2015/11/16,37.0,37.5,36.9,37.3
2015/11/17,37.8,38.2,37.2,37.3
2015/11/18,37.9,38.1,37.6,37.6
2015/11/19,38.0,38.4,37.3,37.8
2015/11/20,37.8,38.3,37.8,38.0
2015/11/23,38.3,38.6,38.1,38.3
2015/11/24,38.5,39.2,37.7,37.7
2015/11/25,37.7,37.8,37.4,37.5
2015/11/26,37.6,38.0,37.5,37.5
2015/11/27,37.5,37.5,37.2,37.2
2015/11/30,37.5,37.5,36.7,37.2
2015/12/01,37.2,37.6,37.2,37.4
2015/12/02,37.4,37.5,37.4,37.4
2015/12/03,37.4,37.7,37.2,37.2
2015/12/04,36.8,37.1,36.7,36.9
2015/12/07,37.3,38.7,37.3,38.3
2015/12/08,38.8,38.9,38.2,38.2
2015/12/09,38.2,38.2,36.9,37.0
2015/12/10,37.0,37.6,36.8,37.3
2015/12/11,38.6,38.9,37.6,37.8
2015/12/14,37.7,37.7,36.7,36.9
2015/12/15,37.0,37.6,36.8,37.2
2015/12/16,38.2,38.2,37.5,37.6
2015/12/17,37.8,38.0,37.7,37.7
2015/12/18,37.7,38.7,37.7,38.6
2015/12/21,38.5,38.7,38.2,38.6
2015/12/22,38.9,38.9,38.3,38.3
2015/12/23,38.4,38.4,37.8,37.9
2015/12/24,38.3,38.3,37.7,37.7
2015/12/25,37.6,37.8,37.6,37.7
2015/12/28,38.0,38.0,37.6,37.7
2015/12/29,37.7,37.7,37.2,37.3
2015/12/30,37.4,37.5,36.8,37.4
2015/12/31,37.6,37.6,37.2,37.5
2016/01/05,37.2,37.3,36.8,37.0
2016/01/06,37.0,37.0,35.9,36.1
2016/01/07,35.9,35.9,34.4,34.8
2016/01/08,34.2,35.4,34.2,35.1
2016/01/11,34.6,35.0,33.9,34.6
2016/01/12,34.6,34.6,34.0,34.0
2016/01/13,34.4,34.6,34.3,34.3
2016/01/14,34.4,34.4,33.6,33.7
2016/01/15,34.2,34.4,33.8,33.8
2016/01/18,33.3,34.5,33.3,34.3
2016/01/19,34.6,34.6,34.4,34.5
2016/01/20,34.2,34.2,32.9,33.0
2016/01/21,33.1,33.5,33.0,33.1
2016/01/22,33.9,33.9,33.4,33.4
2016/01/25,33.9,34.1,33.7,34.0
2016/01/26,34.0,34.0,33.7,33.7
2016/01/27,33.7,33.9,33.5,33.5
2016/01/28,33.7,33.7,33.5,33.5
2016/01/29,33.9,34.2,33.9,34.1
2016/02/01,34.9,35.4,34.9,35.0
2016/02/02,35.4,35.7,35.0,35.4
2016/02/03,34.7,35.1,34.7,34.8
2016/02/15,35.0,35.5,35.0,35.3
2016/02/16,35.9,35.9,35.4,35.5
2016/02/17,35.9,35.9,35.1,35.1
2016/02/18,35.8,35.8,35.4,35.6
2016/02/19,36.0,36.0,35.4,35.4
2016/02/22,36.0,36.0,35.6,35.9
2016/02/23,36.4,36.7,36.0,36.7
2016/02/24,36.8,37.1,36.5,37.1
2016/02/25,37.2,38.0,37.1,37.5
2016/02/26,37.8,37.8,36.5,37.2
2016/03/01,37.5,37.5,37.1,37.2
2016/03/02,37.3,37.5,36.9,37.0
2016/03/03,37.5,37.9,37.4,37.5
2016/03/04,37.7,38.0,37.6,38.0
2016/03/07,38.0,38.3,38.0,38.2
2016/03/08,38.3,38.5,37.8,38.2
2016/03/09,38.2,38.2,37.8,38.0
2016/03/10,37.9,38.1,37.7,38.0
2016/03/11,38.0,38.3,37.8,38.3
2016/03/14,38.9,38.9,38.4,38.4
2016/03/15,38.7,38.7,37.8,37.9
2016/03/16,37.7,38.1,37.7,38.0
2016/03/17,38.1,38.1,37.8,37.9
2016/03/18,38.0,38.0,37.9,38.0
2016/03/21,38.0,38.2,38.0,38.0
2016/03/22,38.0,38.0,37.7,38.0
2016/03/23,38.0,38.0,37.9,37.9
2016/03/24,37.6,37.8,37.5,37.8
2016/03/25,37.8,37.9,37.7,37.7
2016/03/28,37.8,38.0,37.7,37.7
2016/03/29,37.7,37.7,36.8,37.0
2016/03/30,37.0,37.8,37.0,37.5
2016/03/31,37.9,37.9,37.2,37.3
2016/04/01,37.8,37.8,37.2,37.5
2016/04/06,37.5,37.5,37.1,37.4
2016/04/07,36.8,37.3,36.8,37.3
2016/04/08,37.3,37.5,37.0,37.3
2016/04/11,38.0,38.0,37.6,37.8
2016/04/12,38.0,38.0,37.4,37.4
2016/04/13,37.1,37.7,37.1,37.7
2016/04/14,37.7,37.7,37.5,37.6
2016/04/15,37.7,37.7,37.4,37.6
2016/04/18,37.6,37.8,37.2,37.3
2016/04/19,37.7,37.7,37.2,37.4
2016/04/20,37.7,37.7,37.0,37.2
2016/04/21,37.2,37.4,37.0,37.2
2016/04/22,37.6,37.6,37.0,37.0
2016/04/25,37.4,37.4,37.1,37.1
2016/04/26,37.2,37.3,37.0,37.2
2016/04/27,37.4,37.4,36.7,36.8
2016/04/28,37.2,37.2,36.7,36.9
2016/04/29,36.9,36.9,36.5,36.5
2016/05/03,36.5,36.5,36.3,36.3
2016/05/04,36.3,36.3,35.8,35.9
2016/05/05,36.3,36.3,35.8,35.8
2016/05/06,36.1,36.1,35.8,35.8
2016/05/09,36.2,36.2,35.6,35.7
2016/05/10,36.1,36.1,35.0,35.8
2016/05/11,35.8,35.8,35.1,35.2
2016/05/12,35.4,35.4,34.6,34.8
2016/05/13,34.8,34.8,34.0,34.5
2016/05/16,34.5,34.5,34.3,34.5
2016/05/17,34.5,35.0,34.0,34.8
2016/05/18,34.4,35.3,34.4,34.9
2016/05/19,34.8,34.8,34.6,34.8
2016/05/20,34.5,35.1,34.4,34.8
2016/05/23,34.8,35.3,34.8,35.3
2016/05/24,35.3,35.3,34.9,35.0
2016/05/25,35.4,35.4,34.9,35.1
2016/05/26,35.1,35.1,35.0,35.0
2016/05/27,35.0,35.2,35.0,35.1
2016/05/30,35.1,35.1,35.1,35.1
2016/05/31,35.1,35.1,34.9,35.0
2016/06/01,35.1,36.6,35.1,35.8
2016/06/02,35.8,35.9,35.4,35.8
2016/06/03,35.5,35.7,35.4,35.4
2016/06/06,35.3,35.3,34.9,35.0
2016/06/07,35.0,35.1,34.9,35.1
2016/06/08,35.1,35.1,34.8,34.8
2016/06/13,35.1,35.3,35.1,35.1
2016/06/14,35.2,35.2,34.9,35.0
2016/06/15,35.0,35.3,35.0,35.1
2016/06/16,35.0,35.1,34.8,34.8
2016/06/17,34.8,34.9,34.8,34.8
2016/06/20,34.8,34.9,34.8,34.8
2016/06/21,34.8,35.0,34.6,34.9
2016/06/22,34.8,34.9,34.8,34.9
2016/06/23,34.8,34.9,34.8,34.9
2016/06/24,34.9,34.9,34.2,34.8
2016/06/27,34.8,34.8,34.4,34.8
2016/06/28,34.8,34.9,34.8,34.8
2016/06/29,34.8,34.9,34.8,34.8
2016/06/30,34.9,34.9,34.8,34.9
2016/07/01,35.0,35.4,35.0,35.4
2016/07/04,35.4,35.9,35.4,35.4
2016/07/05,35.4,35.4,35.3,35.3
2016/07/06,35.3,35.3,35.0,35.0
2016/07/07,35.7,35.7,35.1,35.3
2016/07/11,35.3,35.4,35.1,35.4
2016/07/12,35.3,35.4,35.2,35.3
2016/07/13,35.5,35.9,35.3,35.9
2016/07/14,36.1,36.7,35.9,36.4
2016/07/15,36.6,37.0,36.5,36.8
2016/07/18,36.9,36.9,36.6,36.7
2016/07/19,37.0,37.0,36.6,36.7
2016/07/20,36.8,36.9,36.5,36.7
2016/07/21,36.7,37.0,36.7,36.9
2016/07/22,36.7,36.9,36.5,36.9
2016/07/25,36.9,36.9,36.5,36.8
2016/07/26,36.7,36.8,36.7,36.8
2016/07/27,37.0,37.0,36.8,37.0
2016/07/28,37.0,37.1,36.7,36.8
2016/07/29,37.0,37.0,36.8,36.8
2016/08/01,37.0,37.9,37.0,37.7
2016/08/02,37.4,38.0,37.4,37.9
2016/08/03,37.6,38.3,37.6,38.0
2016/08/04,38.3,38.3,37.8,38.2
2016/08/05,38.3,38.3,38.0,38.0
2016/08/08,38.1,38.5,38.1,38.4
2016/08/09,38.6,39.6,38.6,39.1
2016/08/10,39.2,39.2,38.7,39.1
2016/08/11,40.2,40.3,39.4,39.9
2016/08/12,39.9,40.3,39.6,40.0
2016/08/15,39.9,39.9,39.2,39.7
2016/08/16,39.7,40.2,39.4,39.5
2016/08/17,39.5,39.7,39.1,39.3
2016/08/18,39.3,39.4,39.1,39.2
2016/08/19,39.3,39.8,39.3,39.3
2016/08/22,39.3,39.6,39.2,39.4
2016/08/23,36.8,37.1,36.7,36.9
2016/08/24,37.2,37.2,36.5,36.7
2016/08/25,36.7,36.7,36.6,36.7
2016/08/26,36.7,36.7,36.5,36.7
2016/08/29,36.6,36.7,36.1,36.7
2016/08/30,36.7,37.3,36.7,37.2
2016/08/31,37.3,37.8,37.3,37.4
2016/09/01,37.4,37.7,36.8,37.5
2016/09/02,37.8,38.0,37.3,37.7
2016/09/05,38.0,38.0,37.4,37.5
2016/09/06,37.5,37.7,37.2,37.5
2016/09/07,37.6,37.6,37.1,37.3
2016/09/08,37.3,37.3,37.0,37.1
2016/09/09,37.6,37.6,37.1,37.4
2016/09/12,35.9,36.7,35.1,35.7
2016/09/13,35.6,36.0,35.2,35.7
2016/09/14,35.6,35.9,35.3,35.6
2016/09/19,35.6,36.1,35.4,36.0
2016/09/20,35.9,35.9,35.5,35.8
2016/09/21,35.9,35.9,35.7,35.8
2016/09/22,35.8,35.9,35.6,35.8
2016/09/23,35.8,36.1,35.7,35.8
2016/09/26,35.8,35.8,35.5,35.8
2016/09/29,35.9,35.9,35.6,35.8
2016/09/30,35.6,35.8,35.6,35.8
2016/10/03,35.9,36.1,35.8,36.0
2016/10/04,36.0,36.3,35.9,36.3
2016/10/05,36.3,36.3,36.0,36.3
2016/10/06,36.1,36.4,36.1,36.4
2016/10/07,36.2,36.4,36.0,36.2
2016/10/11,36.3,36.3,35.5,35.9
2016/10/12,36.0,36.0,35.4,35.4
2016/10/13,35.9,35.9,35.4,35.8
2016/10/14,35.8,35.8,35.4,35.6
2016/10/17,35.2,35.6,35.1,35.4
2016/10/18,35.4,35.6,35.1,35.6
2016/10/19,35.7,35.7,35.5,35.6
2016/10/20,35.6,35.8,35.6,35.8
2016/10/21,35.9,36.1,35.8,35.9
2016/10/24,36.0,36.7,35.8,36.7
2016/10/25,36.9,37.1,36.7,37.0
2016/10/26,37.0,37.0,36.7,36.9
2016/10/27,37.0,37.0,36.6,37.0
2016/10/28,36.7,36.9,36.4,36.9
2016/10/31,37.0,37.0,36.7,36.7
2016/11/01,36.8,37.0,36.6,36.7
2016/11/02,36.7,36.7,36.4,36.7
2016/11/03,36.5,36.7,36.1,36.5
2016/11/04,36.7,36.7,36.2,36.4
2016/11/07,36.1,36.5,36.0,36.5
2016/11/08,36.8,36.8,35.8,36.4
2016/11/09,37.7,37.7,35.9,36.3
2016/11/10,36.4,36.9,36.2,36.9
2016/11/11,35.4,36.3,35.4,36.3
2016/11/14,36.3,36.3,35.9,36.3
2016/11/15,36.4,36.4,36.1,36.4
2016/11/16,36.7,36.7,36.4,36.6
2016/11/17,36.7,36.7,36.5,36.6
2016/11/18,36.7,36.7,36.6,36.6
2016/11/21,36.8,36.9,36.7,36.9
2016/11/22,37.0,37.7,37.0,37.2
2016/11/23,37.4,37.4,37.2,37.3
2016/11/24,37.4,37.4,37.0,37.2
2016/11/25,37.0,37.3,36.9,37.2
2016/11/28,37.6,38.2,37.5,38.0
2016/11/29,38.1,38.5,38.1,38.1
2016/11/30,38.4,38.4,37.7,38.2
2016/12/01,38.3,38.3,37.9,37.9
2016/12/02,38.1,38.3,37.9,38.2
2016/12/05,38.2,39.3,38.2,38.8
2016/12/06,38.9,39.0,38.6,39.0
2016/12/07,39.4,39.4,38.8,38.8
2016/12/08,38.8,39.0,38.4,39.0
2016/12/09,39.1,39.3,39.0,39.3
2016/12/12,39.2,39.6,39.2,39.4
2016/12/13,39.4,39.8,39.3,39.8
2016/12/14,40.2,41.0,39.8,40.2
2016/12/15,40.2,40.2,39.6,40.1
2016/12/16,40.6,40.9,40.4,40.6
2016/12/19,40.9,41.1,40.6,40.7
2016/12/20,41.0,41.0,40.5,40.9
2016/12/21,41.1,42.2,41.0,41.9
2016/12/22,42.6,42.7,40.3,40.6
2016/12/23,40.6,40.6,39.8,39.9
2016/12/26,39.7,40.1,39.6,39.9
2016/12/27,40.2,40.2,39.7,40.0
2016/12/28,40.2,40.2,39.9,40.0
2016/12/29,40.2,40.2,39.6,39.9
2016/12/30,39.9,40.2,39.7,40.2
2017/01/03,40.2,40.3,39.8,40.0
2017/01/04,40.1,40.6,40.0,40.3
2017/01/05,40.6,40.6,40.1,40.5
2017/01/06,40.5,40.6,40.2,40.4
2017/01/09,40.4,40.7,40.3,40.5
2017/01/10,40.6,40.7,40.5,40.7
2017/01/11,40.3,40.4,39.8,40.4
2017/01/12,40.3,40.8,40.3,40.4
2017/01/13,40.7,40.7,40.2,40.4
2017/01/16,40.4,40.5,40.0,40.4
2017/01/17,40.4,40.4,39.9,40.2
2017/01/18,40.3,40.3,39.8,40.0
2017/01/19,40.1,40.2,39.8,40.2
2017/01/20,40.2,40.2,40.0,40.2
2017/01/23,39.9,40.2,39.9,40.2
2017/01/24,40.0,40.4,39.9,40.4
2017/02/02,40.5,40.6,40.2,40.5
2017/02/03,40.6,40.9,40.5,40.9
2017/02/06,41.0,41.3,40.8,41.1
2017/02/07,41.1,41.2,40.9,41.1
2017/02/08,41.0,41.1,40.8,41.1
2017/02/09,41.1,41.1,40.9,41.0
2017/02/10,41.3,41.3,40.8,41.0
2017/02/13,41.5,41.7,41.3,41.7
2017/02/14,41.9,42.5,41.9,42.4
2017/02/15,43.2,44.3,43.0,43.2
2017/02/16,43.2,44.1,42.5,43.2
2017/02/17,43.0,43.7,42.7,43.4
2017/02/20,44.1,44.1,43.2,43.9
2017/02/21,44.1,44.1,43.2,43.7
2017/02/22,43.9,43.9,43.2,43.4
2017/02/23,43.7,45.0,43.4,44.7
2017/02/24,46.9,48.4,46.9,48.0
2017/03/01,49.5,49.5,48.2,48.9
2017/03/02,49.5,49.5,48.0,48.9
2017/03/03,48.6,48.9,48.0,48.9
2017/03/06,49.3,51.0,49.1,50.4
2017/03/07,50.4,50.8,49.7,50.8
2017/03/08,51.0,52.5,50.8,51.4
2017/03/09,51.7,51.9,50.8,51.2
2017/03/10,51.2,51.2,49.5,51.2
2017/03/13,51.9,53.4,51.7,53.2
2017/03/14,53.4,53.4,52.5,53.4
2017/03/15,53.4,53.6,52.7,53.6
2017/03/16,54.3,57.3,54.3,54.9
2017/03/17,55.3,55.6,54.5,55.6
2017/03/20,56.2,56.6,55.6,56.4
2017/03/21,56.2,56.2,55.6,56.2
2017/03/22,55.3,56.2,54.5,56.2
2017/03/23,56.4,58.4,56.4,58.1
2017/03/24,58.4,59.0,57.3,58.1
2017/03/27,57.9,57.9,55.6,56.0
2017/03/28,56.6,56.6,54.0,55.3
2017/03/29,55.8,55.8,55.1,55.8
2017/03/30,55.8,56.0,55.1,55.8
2017/03/31,55.8,56.2,55.1,56.2
2017/04/05,56.4,58.8,56.4,58.8
2017/04/06,58.8,59.2,57.5,58.4
2017/04/07,58.1,58.6,56.6,57.9
2017/04/10,57.9,58.4,56.6,57.1
2017/04/11,58.6,58.6,56.8,57.1
2017/04/12,57.1,57.1,55.3,56.4
2017/04/13,55.6,56.6,55.6,55.6
2017/04/14,55.1,55.1,53.0,54.0
2017/04/17,53.6,55.3,52.7,54.9
2017/04/18,55.1,56.0,55.1,56.0
2017/04/19,55.8,55.8,55.3,55.6
2017/04/20,54.9,55.6,54.9,55.1
2017/04/21,55.3,55.8,55.3,55.8
2017/04/24,56.0,56.0,54.9,55.1
2017/04/25,55.3,55.8,55.3,55.6
2017/04/26,55.8,56.4,55.3,56.0
2017/04/27,55.8,56.0,55.3,56.0
2017/04/28,56.2,57.9,56.0,57.1
2017/05/02,57.5,57.5,56.6,57.1
2017/05/03,57.1,57.5,56.4,56.4
2017/05/04,56.6,57.7,56.6,57.5
2017/05/05,57.5,57.5,56.8,56.8
2017/05/08,56.8,57.1,56.4,57.1
2017/05/09,57.3,58.4,56.8,57.5
2017/05/10,57.5,57.7,57.1,57.5
2017/05/11,58.1,61.8,58.1,60.1
2017/05/12,64.4,65.9,63.3,65.9
2017/05/15,67.9,71.1,67.4,70.0
2017/05/16,70.0,71.8,68.7,70.7
2017/05/17,70.7,71.3,69.2,70.7
2017/05/18,69.2,70.9,69.2,69.6
2017/05/19,71.1,75.2,71.1,72.6
2017/05/22,73.9,73.9,71.3,72.4
2017/05/23,72.6,72.6,70.3,70.5
2017/05/24,70.9,71.8,70.0,71.3
2017/05/25,72.8,74.8,70.7,70.9
2017/05/26,71.3,72.2,69.4,70.0
2017/05/31,71.5,72.4,70.7,72.2
2017/06/01,72.8,73.5,72.0,72.0
2017/06/02,72.8,77.2,72.2,77.0
2017/06/05,77.6,78.0,75.4,75.9
2017/06/06,75.2,75.7,74.1,74.6
2017/06/07,75.9,77.2,75.0,75.0
2017/06/08,75.2,75.7,73.9,75.4
2017/06/09,75.7,75.9,74.8,75.0
2017/06/12,74.1,75.7,73.9,75.0
2017/06/13,75.4,76.1,74.6,75.7
2017/06/14,72.6,73.3,68.5,68.7
2017/06/15,69.0,70.3,68.5,70.0
2017/06/16,70.0,70.7,70.0,70.3
2017/06/19,69.8,69.8,68.3,68.7
2017/06/20,69.0,70.5,69.0,69.4
2017/06/21,69.0,70.0,68.7,70.0
2017/06/22,70.0,71.8,70.0,70.3
2017/06/23,70.5,70.7,69.6,69.6
2017/06/26,69.4,70.0,69.2,69.4
2017/06/27,69.4,70.5,69.4,69.6
2017/06/28,69.4,69.4,68.3,68.5
2017/06/29,69.4,71.3,69.2,69.8
2017/06/30,69.4,70.3,69.0,70.3
2017/07/03,70.3,71.3,69.8,70.5
2017/07/04,70.7,70.7,70.0,70.0
2017/07/05,70.0,72.4,70.0,72.4
2017/07/06,73.1,73.3,72.2,72.6
2017/07/07,72.6,75.0,72.0,74.4
2017/07/10,75.0,75.0,72.8,73.5
2017/07/11,73.9,74.1,72.0,72.8
2017/07/12,72.6,73.1,72.2,72.8
2017/07/13,73.9,75.9,73.9,74.1
2017/07/14,74.6,74.6,73.5,74.1
2017/07/17,74.8,74.8,73.9,74.1
2017/07/18,74.4,78.5,74.4,77.0
2017/07/19,78.2,78.2,76.1,76.1
2017/07/20,76.7,79.8,75.7,78.5
2017/07/21,78.5,79.3,77.0,77.6
2017/07/24,77.8,77.8,77.0,77.8
2017/07/25,77.6,81.1,77.6,78.9
2017/07/26,79.8,79.8,78.5,78.5
2017/07/27,79.8,83.0,79.5,80.8
2017/07/28,80.6,83.0,80.2,83.0
2017/07/31,84.7,85.6,83.2,84.1
2017/08/01,83.9,85.4,83.2,83.7
2017/08/02,84.3,85.4,84.1,84.3
2017/08/03,84.9,87.8,84.5,86.0
2017/08/04,87.1,87.3,85.8,85.8
2017/08/07,86.5,87.1,79.1,79.5
2017/08/08,80.2,81.1,76.3,78.2
2017/08/09,78.0,81.5,78.0,79.5
2017/08/10,80.4,80.8,76.5,77.0
2017/08/11,77.8,81.7,77.8,79.8
2017/08/14,80.6,80.8,78.2,78.5
2017/08/15,80.8,80.8,79.3,79.5
2017/08/16,79.1,80.0,78.5,79.3
2017/08/17,79.8,81.7,79.5,80.6
2017/08/18,79.5,79.8,78.9,79.3
2017/08/21,79.1,79.1,77.2,77.4
2017/08/22,77.6,78.7,77.2,77.6
2017/08/23,78.2,78.7,76.7,76.7
2017/08/24,77.0,77.4,76.1,77.4
2017/08/25,77.6,78.0,77.0,77.0
2017/08/28,77.2,77.2,76.3,76.3
2017/08/29,76.1,77.4,75.9,76.3
2017/08/30,76.7,79.8,76.7,79.3
2017/08/31,79.8,80.0,77.8,77.8
2017/09/01,78.0,78.2,77.2,77.2
2017/09/04,77.4,79.1,77.4,77.8
2017/09/05,78.0,78.7,77.4,77.4
2017/09/06,77.4,77.4,75.9,76.1
2017/09/07,76.5,77.2,75.9,75.9
2017/09/08,76.3,77.8,76.1,77.6
2017/09/11,79.8,81.5,79.1,79.5
2017/09/12,79.5,80.0,78.5,78.5
2017/09/13,78.7,79.1,77.2,77.2
2017/09/14,77.6,77.6,77.0,77.2
2017/09/15,77.4,78.7,77.4,77.6
2017/09/18,77.8,77.8,77.0,77.2
2017/09/19,77.6,78.2,77.4,77.4
2017/09/20,77.4,77.4,76.3,76.3
2017/09/21,76.7,77.0,76.3,76.7
2017/09/22,77.0,77.0,73.5,74.1
2017/09/25,73.9,73.9,72.2,72.6
2017/09/26,72.6,75.7,72.2,73.5
2017/09/27,73.7,74.4,73.3,73.7
2017/09/28,74.4,74.4,73.5,73.5
2017/09/29,73.5,73.5,72.0,73.1
2017/10/02,75.7,76.3,74.6,75.9
2017/10/03,75.7,76.3,75.7,75.7
2017/10/05,76.1,77.2,75.9,76.5
2017/10/06,77.4,77.4,76.3,76.5
2017/10/11,76.3,76.3,74.4,75.0
2017/10/12,75.7,76.7,75.2,75.9
2017/10/13,76.3,77.8,75.9,77.6
2017/10/16,78.2,80.8,77.8,80.4
2017/10/17,81.1,81.1,78.7,78.9
2017/10/18,79.1,79.3,77.0,77.4
2017/10/19,78.5,80.6,78.5,78.9
2017/10/20,78.9,78.9,77.8,78.5
2017/10/23,79.3,79.3,78.2,78.5
2017/10/24,78.7,79.1,77.8,78.5
2017/10/25,78.9,79.1,78.0,78.0
2017/10/26,78.0,78.9,77.6,77.6
2017/10/27,78.5,78.5,76.3,76.5
2017/10/30,77.2,77.6,75.9,76.1
2017/10/31,76.1,77.8,76.1,77.4
2017/11/01,78.0,79.1,77.6,78.9
2017/11/02,79.1,79.3,78.2,78.2
2017/11/03,78.7,78.7,77.6,77.8
2017/11/06,78.0,79.1,78.0,79.1
2017/11/07,79.3,79.3,78.5,78.7
2017/11/08,78.7,79.1,78.7,78.7
2017/11/09,78.7,78.9,77.6,77.8
2017/11/10,79.5,80.4,78.7,79.1
2017/11/13,78.9,78.9,76.3,76.7
2017/11/14,77.2,77.4,76.5,77.0
2017/11/15,77.4,77.8,77.0,77.4
2017/11/16,77.6,77.6,76.7,77.2
2017/11/17,77.6,77.8,77.2,77.8
2017/11/20,77.2,77.4,76.7,77.2
2017/11/21,78.2,80.2,78.2,78.7
2017/11/22,79.5,79.8,78.2,78.7
2017/11/23,78.7,79.8,78.2,79.3
2017/11/24,79.3,83.7,79.3,82.1
2017/11/27,84.3,85.6,82.6,83.2
2017/11/28,83.0,83.2,81.3,82.1
2017/11/29,83.4,84.9,82.4,83.9
2017/11/30,82.4,83.4,81.7,81.9
2017/12/01,83.4,84.7,80.2,82.4
2017/12/04,83.2,83.4,81.9,81.9
2017/12/05,81.7,83.4,80.8,81.1
2017/12/06,80.8,81.3,79.3,79.3
2017/12/07,79.8,80.8,79.3,79.3
2017/12/08,79.8,81.7,79.1,81.5
2017/12/11,84.9,85.2,83.2,84.3
2017/12/12,83.9,84.1,82.1,82.4
2017/12/13,83.4,84.3,83.4,83.7
2017/12/14,85.6,89.9,85.4,85.6
2017/12/15,86.7,88.2,85.2,88.0
2017/12/18,90.4,91.9,89.3,90.8
2017/12/19,91.2,92.1,88.6,90.4
2017/12/20,90.8,93.8,90.4,93.4
2017/12/21,92.7,93.4,92.1,93.2
2017/12/22,94.0,95.8,93.2,93.2
2017/12/25,94.5,94.5,90.8,90.8
2017/12/26,90.8,92.1,89.3,91.2
2017/12/27,91.2,92.5,89.9,90.8
2017/12/28,91.2,91.9,89.3,89.3
2017/12/29,90.4,90.6,89.1,89.5
2018/01/02,90.6,91.4,89.7,90.1
2018/01/03,90.8,93.4,89.5,92.1
2018/01/04,92.9,92.9,90.6,90.8
2018/01/05,91.2,91.2,89.9,90.1
2018/01/08,90.4,91.0,88.6,88.6
2018/01/09,88.6,91.2,88.6,91.0
2018/01/10,91.0,91.4,88.0,88.6
2018/01/11,90.4,92.5,90.1,91.0
2018/01/12,90.6,91.4,90.1,90.8
2018/01/16,89.7,91.2,89.5,90.1
2018/01/17,89.9,89.9,86.0,86.7
2018/01/18,87.5,88.4,86.9,86.9
2018/01/19,87.3,88.8,87.1,87.8
2018/01/22,88.2,88.2,86.5,87.1
2018/01/23,87.5,88.6,87.1,87.5
2018/01/24,88.0,88.6,87.1,88.0
2018/01/25,88.2,90.4,87.3,90.4
2018/01/26,90.8,91.2,89.5,90.4
2018/01/29,90.4,90.6,89.5,90.4
2018/01/30,90.4,92.7,89.9,90.6
2018/01/31,90.4,91.0,89.3,89.7
2018/02/01,90.4,91.7,90.1,91.7
2018/02/02,91.7,91.7,90.1,90.4
2018/02/05,88.0,88.2,86.9,87.8
2018/02/06,85.2,85.8,79.1,80.4
2018/02/07,83.0,85.6,82.1,83.2
2018/02/08,83.0,83.4,82.1,82.4
2018/02/09,75.4,81.5,75.4,81.1
2018/02/12,82.1,82.6,81.3,81.7
2018/02/21,83.7,86.2,83.4,86.2
2018/02/22,85.8,89.1,85.4,88.0
2018/02/23,89.1,90.8,88.6,90.8
2018/02/26,97.3,99.4,92.9,93.4
2018/02/27,95.5,95.5,92.5,92.5
2018/03/01,92.5,94.9,91.0,94.9
2018/03/02,94.7,96.4,93.2,95.3
2018/03/05,95.1,97.1,94.2,94.7
2018/03/06,96.0,96.0,94.7,95.3
2018/03/07,96.4,98.1,95.5,97.3
2018/03/08,98.4,98.8,96.6,97.1
2018/03/09,97.3,97.5,96.0,96.8
2018/03/12,97.3,98.1,96.4,96.6
2018/03/13,97.5,97.7,96.8,97.7
2018/03/14,97.7,100.1,97.5,99.4
2018/03/15,99.0,99.2,97.7,99.2
2018/03/16,99.4,99.6,98.1,98.6
2018/03/19,98.6,99.0,98.1,98.1
2018/03/20,97.7,97.9,96.6,96.8
2018/03/21,96.8,97.5,96.4,96.4
2018/03/22,96.2,97.1,94.5,94.5
2018/03/23,91.9,93.6,91.2,93.4
2018/03/26,92.1,96.0,92.1,94.7
2018/03/27,96.4,96.4,95.3,95.3
2018/03/28,95.1,97.5,94.7,96.0
2018/03/29,96.0,97.3,96.0,96.8
2018/03/30,97.1,98.1,96.6,96.8
2018/04/02,97.1,97.1,94.7,94.7
2018/04/03,94.2,94.7,93.4,94.0
2018/04/09,94.7,96.0,94.2,95.5
2018/04/10,96.8,97.1,95.5,95.8
2018/04/11,96.2,98.6,96.0,97.9
2018/04/12,97.9,98.4,97.1,97.3
2018/04/13,97.7,102.7,97.3,101.4
2018/04/16,101.8,103.8,100.9,103.5
2018/04/17,103.5,103.5,99.0,99.0
2018/04/18,101.8,101.8,99.2,99.2
2018/04/19,100.3,100.7,99.2,100.5
2018/04/20,99.9,100.9,99.6,99.6
2018/04/23,99.9,100.5,98.6,98.8
2018/04/24,98.8,99.0,96.0,96.4
2018/04/25,95.8,97.3,94.7,96.0
2018/04/26,96.6,97.3,94.2,95.1
2018/04/27,96.4,97.3,96.0,96.8
2018/04/30,97.1,100.1,97.1,99.4
2018/05/02,99.4,100.1,98.8,99.0
2018/05/03,99.0,99.2,98.4,99.0
2018/05/04,99.0,99.4,98.1,98.4
2018/05/07,96.4,97.1,92.5,92.5
2018/05/08,93.6,94.5,92.5,94.2
2018/05/09,94.2,96.0,94.2,95.5
2018/05/10,96.8,97.7,96.0,96.6
2018/05/11,98.1,98.1,96.4,97.3
2018/05/14,97.1,98.1,97.1,97.5
2018/05/15,98.4,98.4,96.6,96.6
2018/05/16,96.8,101.6,96.4,100.5
2018/05/17,100.5,100.7,98.6,99.9
2018/05/18,99.9,100.3,98.8,98.8
2018/05/21,99.0,99.9,98.8,99.2
2018/05/22,99.4,100.1,98.6,98.6
2018/05/23,98.6,98.8,97.7,97.7
2018/05/24,98.4,98.4,97.7,97.9
2018/05/25,97.9,98.4,97.3,97.5
2018/05/28,97.5,98.6,96.8,97.7
2018/05/29,98.6,98.6,97.3,97.7
2018/05/30,97.1,97.5,96.4,97.1
2018/05/31,97.9,99.4,97.7,97.7
2018/06/01,97.7,98.8,97.1,98.1
2018/06/04,98.8,100.3,98.8,99.2
2018/06/05,99.9,100.1,98.6,98.6
2018/06/06,99.2,99.6,98.8,99.0
2018/06/07,99.9,100.5,99.2,99.2
2018/06/08,99.4,99.6,98.6,99.0
2018/06/11,100.9,103.5,100.3,103.3
2018/06/12,102.9,105.7,102.5,102.5
2018/06/13,102.5,103.5,101.8,102.5
2018/06/14,102.9,103.3,101.6,101.6
2018/06/15,102.0,104.8,101.4,104.2
2018/06/19,103.3,103.8,102.2,102.2
2018/06/20,102.5,102.9,99.9,100.7
2018/06/21,101.2,105.5,101.2,103.8
2018/06/22,103.3,105.1,102.5,104.2
2018/06/25,104.4,104.8,102.5,103.1
2018/06/26,102.5,104.2,102.0,104.2
2018/06/27,99.9,101.2,98.7,98.9
2018/06/28,98.9,98.9,94.7,94.7
2018/06/29,95.0,96.5,95.0,95.7
2018/07/02,96.7,96.7,95.2,95.7
2018/07/03,95.7,96.7,94.5,94.7
2018/07/04,95.2,95.2,94.0,95.0
2018/07/05,95.2,95.2,91.0,91.7
2018/07/06,91.7,92.7,90.5,91.7
2018/07/09,92.2,97.2,92.2,95.7
2018/07/10,100.9,103.4,100.2,102.9
2018/07/11,101.9,104.2,101.9,102.4
2018/07/12,103.4,103.9,102.4,103.7
2018/07/13,104.7,104.7,103.4,103.9
2018/07/16,103.9,107.6,103.9,105.9
2018/07/17,106.9,107.9,106.1,106.4
2018/07/18,106.6,107.6,104.7,105.2
2018/07/19,103.9,106.1,103.9,104.9
2018/07/20,104.9,106.1,104.9,105.2
2018/07/23,105.2,105.4,104.7,105.2
2018/07/24,104.9,106.6,104.9,106.1
2018/07/25,106.1,112.4,106.1,111.1
2018/07/26,110.1,110.6,109.1,109.9
2018/07/27,111.6,113.4,111.1,111.4
2018/07/30,111.9,112.4,109.1,109.9
2018/07/31,109.9,111.6,109.1,111.6
2018/08/01,112.1,112.9,111.4,112.4
2018/08/02,112.4,113.1,109.9,109.9
2018/08/03,110.9,111.9,110.6,111.4
2018/08/06,111.4,111.6,111.1,111.4
2018/08/07,111.4,112.1,111.1,111.4
2018/08/08,111.9,112.4,111.6,112.1
2018/08/09,112.1,112.6,111.1,112.1
2018/08/10,113.1,113.9,109.6,109.6
2018/08/13,110.1,110.1,104.4,105.6
2018/08/14,106.6,108.6,106.6,107.9
2018/08/15,107.9,108.6,106.1,106.1
2018/08/16,106.1,107.6,103.9,106.6
2018/08/17,107.6,108.4,106.4,106.4
2018/08/20,105.6,106.4,103.2,103.7
2018/08/21,104.4,105.2,103.9,104.2
2018/08/22,104.2,104.7,102.4,102.7
2018/08/23,102.9,103.4,100.2,100.4
2018/08/24,101.2,101.7,98.2,99.9
2018/08/27,100.4,103.7,100.4,103.4
2018/08/28,104.9,104.9,102.9,103.4
2018/08/29,102.7,106.4,102.7,106.1
2018/08/30,106.1,108.4,105.4,107.4
2018/08/31,105.9,107.1,105.9,106.4
2018/09/03,107.4,107.4,104.4,104.7
2018/09/04,106.1,106.1,103.7,105.2
2018/09/05,105.6,105.6,104.4,104.4
2018/09/06,105.2,106.1,104.4,106.1
2018/09/07,105.4,105.4,102.4,102.9
2018/09/10,103.7,103.7,99.9,100.4
2018/09/11,100.7,103.4,100.4,102.4
2018/09/12,102.4,102.9,101.2,101.2
2018/09/13,101.4,101.4,100.4,100.4
2018/09/14,101.9,103.9,101.9,102.9
2018/09/17,103.4,103.4,101.9,102.4
2018/09/18,102.7,102.7,100.4,100.4
2018/09/19,101.9,101.9,100.4,100.7
2018/09/20,101.2,101.4,99.9,99.9
2018/09/21,100.4,100.9,100.2,100.9
2018/09/25,100.4,102.4,100.2,100.9
2018/09/26,100.9,101.2,99.9,99.9
2018/09/27,99.9,100.4,99.2,99.2
2018/09/28,99.7,100.2,98.7,99.9
2018/10/01,99.9,100.9,99.9,100.4
2018/10/02,100.9,100.9,99.4,99.4
2018/10/03,99.4,99.9,98.7,98.7
2018/10/04,98.9,98.9,97.2,97.2
2018/10/05,96.7,96.7,92.5,92.5
2018/10/08,92.5,93.7,92.5,92.7
2018/10/09,93.0,93.5,91.5,91.5
2018/10/11,84.5,85.0,82.5,82.5
2018/10/12,80.8,83.5,80.8,83.0
2018/10/15,83.3,83.8,83.0,83.3
2018/10/16,82.5,85.0,82.5,85.0
2018/10/17,86.3,87.7,85.5,85.5
2018/10/18,86.0,86.0,84.3,84.3
2018/10/19,83.5,83.5,82.0,83.0
2018/10/22,82.5,84.3,82.3,83.8
2018/10/23,83.5,83.5,81.3,81.3
2018/10/24,83.0,83.0,81.0,81.8
2018/10/25,80.0,80.0,77.3,78.6
2018/10/26,79.8,80.0,77.3,77.8
2018/10/29,77.8,78.1,74.1,75.1
2018/10/30,75.6,78.1,74.1,77.8
2018/10/31,79.3,80.5,78.8,79.8
2018/11/01,80.5,81.3,79.5,80.5
2018/11/02,81.3,82.8,79.8,80.3
2018/11/05,79.8,81.0,79.3,79.8
2018/11/06,81.0,81.0,79.5,79.8
2018/11/07,80.5,82.0,80.0,82.0
2018/11/08,84.0,84.8,82.5,82.8
2018/11/09,82.5,82.5,80.8,81.8
2018/11/12,83.0,85.0,83.0,83.3
2018/11/13,81.5,83.0,81.3,82.8
2018/11/14,83.0,83.5,82.8,83.0
2018/11/15,83.0,84.3,83.0,83.3
2018/11/16,84.0,84.0,83.3,83.3
2018/11/19,83.5,85.5,83.5,85.0
2018/11/20,84.5,84.8,83.8,83.8
2018/11/21,83.3,84.5,82.8,84.3
2018/11/22,85.0,87.3,84.3,86.0
2018/11/23,86.5,87.0,84.5,85.0
2018/11/26,85.0,87.3,85.0,86.5
2018/11/27,86.8,88.7,86.5,88.2
2018/11/28,88.5,89.5,88.5,89.0
2018/11/29,90.2,91.0,89.2,89.5
2018/11/30,90.2,90.5,88.7,89.2
2018/12/03,91.0,94.0,91.0,93.2
2018/12/04,93.5,93.7,91.7,92.2
2018/12/05,90.0,91.0,89.7,90.2
2018/12/06,89.7,90.0,87.5,87.5
2018/12/07,88.5,89.2,88.2,88.7
2018/12/10,86.8,88.0,85.5,86.8
2018/12/11,87.3,87.7,87.0,87.3
2018/12/12,87.7,89.2,87.7,88.5
2018/12/13,88.2,88.2,87.5,87.5
2018/12/14,87.5,88.0,87.0,87.5
2018/12/17,87.0,88.2,87.0,87.5
2018/12/18,87.0,88.0,87.0,87.3
2018/12/19,87.5,87.7,86.0,86.0
2018/12/20,85.5,86.0,84.8,84.8
2018/12/21,84.0,87.3,84.0,87.3
2018/12/24,86.0,86.3,85.3,85.3
2018/12/25,84.5,84.8,84.0,84.8
2018/12/26,85.0,85.5,84.0,84.0
2018/12/27,85.5,85.8,84.5,85.0
2018/12/28,84.8,84.8,84.3,84.3
2019/01/02,84.8,85.3,84.5,84.5
2019/01/03,84.0,85.3,83.3,83.3
2019/01/04,82.5,83.0,82.0,83.0
2019/01/07,84.5,85.0,84.0,84.5
2019/01/08,84.3,84.5,84.0,84.0
2019/01/09,84.8,85.3,84.3,85.0
2019/01/10,84.8,84.8,83.8,84.0
2019/01/11,84.0,84.3,82.8,83.3
2019/01/14,82.8,83.5,80.8,81.0
2019/01/15,81.3,82.0,81.3,81.5
2019/01/16,81.8,82.5,81.5,81.8
2019/01/17,81.8,82.3,81.5,81.5
2019/01/18,82.3,82.5,81.8,82.0
2019/01/21,83.0,83.0,82.3,82.3
2019/01/22,82.3,83.0,82.3,82.5
2019/01/23,82.8,82.8,82.0,82.0
2019/01/24,82.5,85.3,82.3,84.8
2019/01/25,85.8,86.3,85.3,85.3
2019/01/28,86.0,86.5,85.3,85.5
2019/01/29,85.3,85.3,84.3,84.5
2019/01/30,85.0,85.3,84.8,85.0
2019/02/11,85.8,85.8,84.3,84.5
2019/02/12,85.0,88.2,85.0,87.7
2019/02/13,88.7,88.7,87.7,88.0
2019/02/14,88.5,89.0,88.2,88.5
2019/02/15,89.5,90.5,89.0,89.5
2019/02/18,90.2,90.2,89.2,89.5
2019/02/19,90.7,90.7,89.7,90.2
2019/02/20,90.5,91.0,89.7,89.7
2019/02/21,89.7,90.7,89.5,90.5
2019/02/22,91.0,91.0,90.2,90.5
2019/02/25,90.2,93.0,90.2,93.0
2019/02/26,94.0,96.9,94.0,96.9
2019/02/27,94.5,95.0,93.2,94.5
2019/03/04,94.5,95.0,92.7,93.0
2019/03/05,93.2,93.7,92.5,92.5
2019/03/06,93.2,93.7,93.0,93.2
2019/03/07,93.7,94.5,92.0,92.0
2019/03/08,91.5,91.5,90.7,91.2
2019/03/11,91.2,91.2,89.7,89.7
2019/03/12,90.5,91.0,90.0,90.5
2019/03/13,90.5,90.7,89.7,90.2
2019/03/14,91.0,91.5,90.0,90.5
2019/03/15,90.7,91.0,90.2,90.2
2019/03/18,90.5,90.7,90.0,90.5
2019/03/19,90.7,92.2,90.5,91.2
2019/03/20,91.2,91.2,90.7,90.7
2019/03/21,91.2,91.5,90.5,91.5
2019/03/22,92.0,92.0,91.0,91.2
2019/03/25,90.2,91.0,90.2,91.0
2019/03/26,91.0,91.2,90.7,91.2
2019/03/27,91.7,91.7,91.0,91.2
2019/03/28,91.2,91.5,90.5,90.7
2019/03/29,91.2,91.2,90.7,91.0
2019/04/01,91.2,91.7,91.0,91.2
2019/04/02,91.5,91.7,91.0,91.2
2019/04/03,92.2,93.2,91.7,92.5
2019/04/08,93.0,93.2,91.7,92.0
2019/04/09,92.0,92.5,91.7,92.0
2019/04/10,92.0,92.0,90.2,90.7
2019/04/11,90.7,91.0,90.2,90.5
2019/04/12,91.0,91.0,90.0,90.0
2019/04/15,90.2,90.5,90.0,90.0
2019/04/16,90.2,91.5,90.0,91.5
2019/04/17,92.0,92.2,91.2,91.5
2019/04/18,91.5,91.5,90.0,90.0
2019/04/19,90.2,90.7,90.2,90.2
2019/04/22,91.0,91.0,90.2,90.7
2019/04/23,91.0,91.0,90.2,90.5
2019/04/24,90.7,91.2,90.5,90.5
2019/04/25,90.7,91.0,90.5,91.0
2019/04/26,91.0,91.0,90.2,90.5
2019/04/29,90.0,90.7,89.7,89.7
2019/04/30,90.0,90.2,89.7,89.7
2019/05/02,90.0,90.2,89.7,90.0
2019/05/03,90.5,91.7,90.5,91.2
2019/05/06,90.7,90.7,89.5,89.7
2019/05/07,90.5,91.0,90.2,91.0
2019/05/08,90.0,90.5,89.7,90.2
2019/05/09,90.0,91.0,89.7,89.7
2019/05/10,90.7,91.5,90.0,90.5
2019/05/13,90.5,90.5,89.5,89.5
2019/05/14,89.5,89.5,88.0,89.2
2019/05/15,89.7,91.2,89.7,90.0
2019/05/16,90.2,90.7,89.5,90.5
2019/05/17,90.5,91.5,90.0,90.0
2019/05/20,90.2,90.5,89.7,90.0
2019/05/21,89.2,91.2,89.2,91.0
2019/05/22,91.0,91.7,91.0,91.2
2019/05/23,91.5,91.5,90.0,90.0
2019/05/24,90.0,90.2,89.5,89.7
2019/05/27,91.2,91.2,90.2,90.7
2019/05/28,91.2,91.2,90.5,91.0
2019/05/29,90.7,90.7,89.7,90.5
2019/05/30,91.0,91.5,90.7,90.7
2019/05/31,91.5,91.5,90.7,91.2
2019/06/03,91.2,91.2,90.2,90.7
2019/06/04,91.2,91.2,90.5,90.5
2019/06/05,91.0,91.5,89.5,89.7
2019/06/06,90.0,90.0,89.5,89.5
2019/06/10,90.5,90.5,90.0,90.2
2019/06/11,90.7,90.7,90.2,90.5
2019/06/12,90.5,91.0,90.5,90.5
2019/06/13,90.0,90.5,89.7,90.0
2019/06/14,89.7,90.5,89.5,89.7
2019/06/17,89.5,90.2,89.5,89.7
2019/06/18,89.7,90.2,89.7,90.0
2019/06/19,90.7,91.0,90.5,90.7
2019/06/20,91.0,93.5,91.0,93.0
2019/06/21,93.0,93.2,92.2,92.2
2019/06/24,92.7,93.2,92.2,92.7
2019/06/25,92.5,93.0,92.0,92.2
2019/06/26,92.0,92.0,90.7,91.7
2019/06/27,85.0,85.8,85.0,85.3
2019/06/28,85.5,85.5,83.8,83.8
2019/07/01,84.5,84.8,84.0,84.3
2019/07/02,84.5,84.8,84.0,84.3
2019/07/03,84.8,84.8,83.8,84.3
2019/07/04,84.3,85.0,84.0,84.8
2019/07/05,84.8,85.0,84.5,84.8
2019/07/08,85.0,85.0,84.0,84.5
2019/07/09,84.3,84.3,83.5,83.8
2019/07/10,82.3,82.5,81.8,82.3
2019/07/11,82.8,82.8,82.0,82.0
2019/07/12,82.3,82.3,81.0,81.0
2019/07/15,81.0,82.8,81.0,82.3
2019/07/16,82.5,82.5,82.0,82.3
2019/07/17,82.0,82.5,81.8,81.8
2019/07/18,81.3,81.8,81.0,81.3
2019/07/19,81.5,82.0,81.3,81.3
2019/07/22,81.5,81.5,81.0,81.3
2019/07/23,81.3,81.5,81.0,81.0
2019/07/24,81.3,81.5,81.0,81.0
2019/07/25,81.5,82.3,81.3,82.0
2019/07/26,81.5,82.3,81.3,82.3
2019/07/29,82.0,84.3,82.0,84.0
2019/07/30,84.3,84.5,82.8,82.8
2019/07/31,82.8,82.8,81.8,81.8
2019/08/01,81.5,83.0,81.5,81.8
2019/08/02,81.0,81.0,78.3,79.0
2019/08/05,79.0,79.0,77.8,77.8
2019/08/06,76.1,77.3,75.1,77.3
2019/08/07,78.1,78.6,77.3,77.3
2019/08/08,77.3,77.8,77.1,77.3
2019/08/12,75.8,76.3,74.8,76.1
2019/08/13,76.6,79.3,76.6,78.6
2019/08/14,79.3,79.8,78.8,78.8
2019/08/15,77.3,78.1,77.1,77.8
2019/08/16,78.3,78.6,78.1,78.6
2019/08/19,78.3,79.5,78.3,79.0
2019/08/20,79.3,79.5,79.0,79.0
2019/08/21,79.0,79.5,78.8,79.5
2019/08/22,79.5,80.5,79.5,79.8
2019/08/23,80.0,80.3,79.5,79.5
2019/08/26,77.1,78.1,77.1,77.6
2019/08/27,78.1,78.6,77.6,77.6
2019/08/28,77.6,77.8,77.1,77.1
2019/08/29,77.3,77.6,77.1,77.1
2019/08/30,77.6,78.8,77.6,78.1
2019/09/02,78.1,78.8,78.1,78.8
2019/09/03,79.3,80.3,79.0,80.0
2019/09/04,79.5,80.0,79.3,80.0
2019/09/05,80.3,80.5,80.0,80.0
2019/09/06,80.3,80.5,79.8,80.0
2019/09/09,79.8,80.0,78.6,78.8
2019/09/10,77.8,78.3,77.6,77.8
2019/09/11,78.3,78.6,77.8,78.3
2019/09/12,78.3,79.0,78.3,78.8
2019/09/16,78.8,79.5,78.6,78.8
2019/09/17,78.8,79.0,78.6,78.8
2019/09/18,78.8,80.0,78.8,80.0
2019/09/19,80.0,80.3,80.0,80.3
2019/09/20,80.0,80.5,80.0,80.3
2019/09/23,80.3,80.5,79.5,79.8
2019/09/24,79.5,79.5,78.8,79.0
2019/09/25,79.0,79.5,78.6,79.3
2019/09/26,79.8,79.8,78.8,79.5
2019/09/27,79.5,79.5,78.8,78.8
2019/10/01,78.8,79.3,78.8,78.8
2019/10/02,78.8,80.0,78.3,79.8
2019/10/03,80.0,80.0,79.3,79.8
2019/10/04,80.0,80.0,79.3,79.5
2019/10/07,79.3,79.8,78.8,78.8
2019/10/08,78.8,79.5,78.8,79.3
2019/10/09,79.0,79.3,78.8,78.8
2019/10/14,80.0,80.8,79.8,80.3
2019/10/15,80.3,80.5,80.0,80.3
2019/10/16,80.8,83.8,80.8,83.3
2019/10/17,83.5,83.8,82.3,82.5
2019/10/18,83.0,83.8,83.0,83.5
2019/10/21,84.3,84.3,83.3,83.5
2019/10/22,83.8,84.3,83.3,83.5
2019/10/23,83.5,83.5,82.5,82.5
2019/10/24,82.8,83.3,82.5,82.8
2019/10/25,83.3,83.3,82.3,82.3
2019/10/28,82.5,82.5,82.3,82.5
2019/10/29,82.8,82.8,82.0,82.0
2019/10/30,82.5,84.5,82.5,84.3
2019/10/31,84.3,84.3,83.3,83.5
2019/11/01,83.5,84.5,83.5,84.3
2019/11/04,84.8,85.5,84.8,85.0
2019/11/05,85.5,89.0,85.5,88.2
2019/11/06,88.2,88.5,87.0,87.7
2019/11/07,87.7,88.7,87.3,87.7
2019/11/08,88.5,89.0,87.7,88.0
2019/11/11,89.0,89.2,86.5,87.0
2019/11/12,87.5,88.0,86.8,87.3
2019/11/13,87.5,88.5,87.0,87.3
2019/11/14,87.7,88.0,86.5,87.3
2019/11/15,87.7,88.5,87.5,88.2
2019/11/18,88.7,90.5,88.7,89.7
2019/11/19,90.0,91.2,90.0,90.0
2019/11/20,90.2,90.2,88.7,88.7
2019/11/21,87.5,88.2,87.3,88.0
2019/11/22,89.0,89.5,88.2,88.7
2019/11/25,89.7,90.0,88.0,88.0
2019/11/26,88.5,88.7,88.0,88.2
2019/11/27,88.7,89.2,87.7,88.2
2019/11/28,88.7,88.7,88.0,88.0
2019/11/29,88.0,89.5,87.7,88.0
2019/12/02,88.2,88.7,87.7,88.0
2019/12/03,88.0,88.5,87.3,87.5
2019/12/04,87.5,87.7,86.3,86.5
2019/12/05,87.0,87.5,87.0,87.0
2019/12/06,87.5,87.7,87.0,87.0
2019/12/09,87.5,87.7,87.3,87.7
2019/12/10,89.0,90.2,89.0,89.5
2019/12/11,89.7,90.0,88.7,89.5
2019/12/12,89.7,91.5,89.5,91.2
2019/12/13,92.0,94.2,91.0,91.2
2019/12/16,91.5,91.5,90.5,90.7
2019/12/17,91.2,91.7,91.0,91.0
2019/12/18,91.2,91.5,90.5,91.0
2019/12/19,91.5,91.5,90.5,90.5
2019/12/20,90.7,91.2,90.2,90.5
2019/12/23,90.7,92.0,90.5,92.0
2019/12/24,92.7,93.2,92.0,93.2
2019/12/25,93.2,93.5,92.5,92.5
2019/12/26,92.7,92.7,92.2,92.2
2019/12/27,92.7,93.0,92.2,92.5
2019/12/30,92.5,92.7,92.2,92.2
2019/12/31,92.0,92.5,91.7,91.7
2020/01/02,92.2,93.2,92.0,92.5
2020/01/03,93.2,93.5,91.7,91.7
2020/01/06,91.0,91.0,89.7,89.7
2020/01/07,89.7,90.5,88.5,88.7
2020/01/08,88.5,89.5,88.5,88.7
2020/01/09,90.5,90.5,89.2,89.7
2020/01/10,90.7,90.7,90.0,90.2
2020/01/13,91.0,91.5,89.5,91.0
2020/01/14,91.5,92.0,91.2,91.7
2020/01/15,92.0,92.0,90.7,90.7
2020/01/16,91.2,91.2,90.7,91.2
2020/01/17,91.7,92.0,91.0,91.5
2020/01/20,91.7,91.7,91.0,91.2
2020/01/30,87.7,88.0,84.3,84.8
2020/01/31,85.3,86.8,84.5,85.3
2020/02/03,82.8,83.5,81.0,83.5
2020/02/04,84.0,85.3,84.0,85.0
2020/02/05,87.7,88.0,86.3,87.7
2020/02/06,88.5,88.7,87.7,88.5
2020/02/07,88.7,88.7,87.0,87.0
2020/02/10,85.0,86.3,84.5,85.5
2020/02/11,86.5,86.8,86.3,86.5
2020/02/12,86.5,87.0,86.3,87.0
2020/02/13,87.5,88.0,86.8,87.0
2020/02/14,87.5,87.5,86.8,87.3
2020/02/17,86.5,87.0,86.3,86.3
2020/02/18,86.5,87.3,86.0,86.8
2020/02/19,86.8,88.2,86.8,87.7
2020/02/20,88.2,89.0,88.2,89.0
2020/02/21,89.0,89.0,88.2,88.2
2020/02/24,88.0,88.5,87.0,87.5
2020/02/25,86.0,87.3,85.8,87.3
2020/02/26,86.5,88.0,86.5,87.7
2020/02/27,88.2,88.5,87.0,87.0
2020/03/02,89.0,91.7,89.0,91.2
2020/03/03,93.0,93.5,92.5,92.5
2020/03/04,92.2,92.2,91.5,92.2
2020/03/05,93.5,93.7,93.0,93.0
2020/03/06,92.7,94.0,92.5,94.0
2020/03/09,93.5,93.7,92.0,92.0
2020/03/10,90.7,93.7,90.7,93.5
2020/03/11,94.5,96.2,93.5,93.5
2020/03/12,93.0,93.0,90.2,92.0
2020/03/13,88.5,92.0,85.8,92.0
2020/03/16,92.0,92.2,89.2,89.5
2020/03/17,85.5,90.0,85.5,87.3
2020/03/18,87.7,88.7,85.5,85.5
2020/03/19,84.0,84.0,78.6,80.5
2020/03/20,84.0,86.3,83.3,85.5
2020/03/23,83.0,83.5,81.3,82.8
2020/03/24,84.8,85.8,84.8,85.0
2020/03/25,87.0,88.2,86.8,86.8
2020/03/26,88.0,88.2,86.0,87.3
2020/03/27,88.2,88.7,87.0,87.0
2020/03/30,85.5,86.5,85.0,86.5
2020/03/31,87.3,87.5,86.0,86.3
2020/04/01,85.5,86.8,85.5,86.8
2020/04/06,86.8,87.5,86.0,87.3
2020/04/07,88.2,89.5,88.2,89.2
2020/04/08,89.5,89.7,89.0,89.5
2020/04/09,90.2,90.5,88.5,88.7
2020/04/10,89.5,90.0,89.0,89.0
2020/04/13,89.2,89.5,88.5,88.7
2020/04/14,89.2,90.5,89.0,90.2
2020/04/15,91.0,91.5,90.5,91.5
2020/04/16,91.5,92.2,90.7,92.0
2020/04/17,93.2,94.5,92.5,93.5
2020/04/20,94.0,95.0,93.5,94.5
2020/04/21,95.0,95.2,93.2,93.2
2020/04/22,93.0,96.0,92.2,96.0
2020/04/23,96.9,97.9,96.0,96.2
2020/04/24,96.2,100.4,96.0,98.7
2020/04/27,100.2,101.4,99.4,99.9
2020/04/28,100.4,101.9,98.7,101.9
2020/04/29,102.9,105.4,102.7,104.4
2020/04/30,105.6,106.9,105.2,106.4
2020/05/04,104.4,108.1,103.9,108.1
2020/05/05,108.4,109.9,107.4,109.6
2020/05/06,110.4,110.4,108.6,109.1
2020/05/07,109.6,110.6,108.9,109.4
2020/05/08,109.9,109.9,105.4,105.4
2020/05/11,107.9,109.4,107.4,109.4
2020/05/12,109.6,110.6,108.6,108.9
2020/05/13,108.1,108.1,105.6,106.9
2020/05/14,105.9,107.4,103.4,103.9
2020/05/15,104.7,105.2,101.4,102.4
2020/05/18,102.4,103.4,101.4,101.7
2020/05/19,103.4,104.4,102.9,104.4
2020/05/20,104.4,104.4,102.9,103.4
2020/05/21,103.9,104.9,103.4,104.9
2020/05/22,105.6,105.6,103.9,104.7
2020/05/25,104.7,104.7,102.2,104.4
2020/05/26,105.9,106.4,104.9,105.2
2020/05/27,105.4,105.6,103.9,104.2
2020/05/28,105.4,105.4,102.7,102.9
2020/05/29,102.9,103.9,102.7,103.4
2020/06/01,104.4,105.4,103.9,105.4
2020/06/02,105.9,106.4,105.4,105.9
2020/06/03,106.6,106.6,105.6,105.6
2020/06/04,106.4,106.4,105.2,105.2
2020/06/05,105.2,106.4,104.9,105.9
2020/06/08,106.4,106.6,105.6,105.6
2020/06/09,106.4,106.4,105.9,106.1
2020/06/10,105.6,105.9,104.7,105.6
2020/06/11,105.6,105.9,104.4,104.4
2020/06/12,101.9,103.4,100.9,103.4
2020/06/15,103.4,104.7,103.4,103.9
2020/06/16,104.4,105.2,104.4,104.9
2020/06/17,104.9,105.9,104.9,105.4
2020/06/18,105.6,106.6,105.6,106.6
2020/06/19,106.9,107.4,106.6,106.6
2020/06/22,106.9,106.9,106.1,106.4
2020/06/23,106.9,106.9,105.6,105.9
2020/06/24,105.9,106.4,105.4,105.4
2020/06/29,104.9,105.2,103.4,103.4
2020/06/30,104.2,104.4,103.7,103.9
2020/07/01,104.4,105.4,103.9,105.2
2020/07/02,105.9,106.4,105.4,106.1
2020/07/03,106.9,107.4,105.9,106.1
2020/07/06,99.2,99.7,98.2,98.4
2020/07/07,98.9,98.9,95.5,95.5
2020/07/08,95.5,95.5,93.5,93.7
2020/07/09,94.2,95.7,93.7,95.5
2020/07/10,96.7,96.7,94.5,94.7
2020/07/13,95.2,96.9,94.7,96.5
2020/07/14,96.5,96.9,95.5,96.0
2020/07/15,96.9,97.7,96.2,96.7
2020/07/16,96.9,97.9,96.9,97.7
2020/07/17,97.9,98.4,97.4,97.4
2020/07/20,97.2,97.2,95.0,95.7
2020/07/21,96.0,96.2,95.2,95.2
2020/07/22,95.2,95.5,95.0,95.2
2020/07/23,95.2,96.0,94.5,96.0
2020/07/24,96.0,96.0,94.7,95.2
2020/07/27,95.7,96.0,95.0,95.2
2020/07/28,95.5,96.5,93.5,93.5
2020/07/29,93.5,94.5,93.0,93.7
2020/07/30,94.5,94.5,93.7,94.0
2020/07/31,94.2,95.7,94.0,95.7
2020/08/03,95.5,96.0,95.2,95.2
2020/08/04,95.7,96.2,95.7,96.0
2020/08/05,96.2,96.7,95.7,95.7
2020/08/06,97.4,98.4,97.2,97.4
2020/08/07,97.9,97.9,96.9,97.4
2020/08/10,97.4,99.2,97.4,98.9
2020/08/11,98.2,98.9,97.4,97.7
2020/08/12,97.4,97.7,96.9,96.9
2020/08/13,97.9,98.2,97.4,97.4
2020/08/14,97.7,97.9,97.4,97.4
2020/08/17,97.9,99.2,97.4,97.7
2020/08/18,98.7,98.7,97.9,97.9
2020/08/19,97.9,98.7,97.9,97.9
2020/08/20,97.9,98.2,95.0,95.7
2020/08/21,96.5,97.9,96.5,97.4
2020/08/24,97.4,98.7,97.4,98.4
2020/08/25,99.2,100.9,98.9,100.9
2020/08/26,101.2,104.4,101.2,103.4
2020/08/27,104.4,104.7,101.9,101.9
2020/08/28,101.9,102.4,101.2,101.9
2020/08/31,103.2,103.7,101.9,101.9
2020/09/01,102.4,102.4,100.4,100.4
2020/09/02,100.4,100.4,99.2,99.7
2020/09/03,99.9,100.9,99.9,99.9
2020/09/04,98.4,99.9,98.4,99.4
2020/09/07,99.4,100.4,98.9,98.9
2020/09/08,100.2,100.4,99.7,99.9
2020/09/09,99.4,100.4,98.7,99.9
2020/09/10,100.7,101.2,100.2,100.4
2020/09/11,101.2,101.2,99.4,99.7
2020/09/14,100.4,100.9,99.7,100.9
2020/09/15,100.7,102.2,100.7,101.9
2020/09/16,101.9,101.9,100.9,100.9
2020/09/17,101.2,101.4,100.9,100.9
2020/09/18,101.2,101.9,97.7,97.7
2020/09/21,98.2,98.9,97.2,97.7
2020/09/22,97.7,97.7,95.2,96.0
2020/09/23,96.7,96.7,95.2,95.2
2020/09/24,94.0,95.0,93.7,94.2
2020/09/25,94.5,95.0,94.0,94.2
2020/09/28,94.5,95.0,94.2,95.0
2020/09/29,95.7,95.7,95.0,95.0
2020/09/30,95.0,95.2,94.5,94.5
2020/10/05,94.5,94.7,94.0,94.2
2020/10/06,94.5,95.2,94.5,95.2
2020/10/07,95.0,95.2,94.7,95.2
2020/10/08,95.5,95.7,95.2,95.2
2020/10/12,95.2,95.7,95.0,95.2
2020/10/13,95.2,96.0,95.2,96.0
2020/10/14,96.0,96.0,94.7,94.7
2020/10/15,94.7,95.2,94.5,94.7
2020/10/16,94.5,95.0,94.5,94.5
2020/10/19,94.5,94.7,94.2,94.2
2020/10/20,94.2,94.5,94.0,94.0
2020/10/21,94.2,94.7,94.2,94.2
2020/10/22,94.5,95.0,94.2,94.2
2020/10/23,94.5,94.5,94.2,94.2
2020/10/26,94.5,95.0,94.5,94.5
2020/10/27,94.2,94.5,94.2,94.2
2020/10/28,94.5,94.7,94.5,94.5
2020/10/29,94.5,94.5,94.0,94.0
2020/10/30,94.0,94.0,93.2,93.2
2020/11/02,93.2,93.7,93.0,93.5
2020/11/03,93.5,94.7,93.5,94.7
2020/11/04,94.7,94.7,94.2,94.2
2020/11/05,94.5,95.0,94.5,94.7
2020/11/06,94.7,95.0,94.2,94.7
2020/11/09,94.2,94.5,93.2,94.0
2020/11/10,94.0,94.2,93.5,93.5
2020/11/11,94.2,96.0,94.2,95.5
2020/11/12,95.5,95.5,94.7,95.0
2020/11/13,94.5,95.2,94.5,95.2
2020/11/16,95.2,95.7,95.0,95.7
2020/11/17,96.0,96.7,95.7,96.2
2020/11/18,96.2,96.7,96.0,96.5
2020/11/19,96.5,96.5,95.7,96.0
2020/11/20,96.0,96.2,95.7,95.7
2020/11/23,95.7,97.2,95.7,96.9
2020/11/24,96.9,97.4,96.2,96.5
2020/11/25,96.7,96.7,95.7,95.7
2020/11/26,95.7,96.7,95.5,96.0
2020/11/27,96.0,98.4,96.0,96.9
2020/11/30,96.9,97.2,96.2,96.2
2020/12/01,96.7,96.7,95.5,96.0
2020/12/02,96.2,96.5,95.7,95.7
2020/12/03,95.7,96.5,95.7,96.2
2020/12/04,96.2,96.9,96.2,96.5
2020/12/07,96.9,96.9,96.0,96.0
2020/12/08,96.0,96.2,96.0,96.2
2020/12/09,96.2,96.9,96.2,96.7
2020/12/10,96.7,97.2,96.5,96.7
2020/12/11,96.9,96.9,96.0,96.2
2020/12/14,96.5,97.2,96.2,96.5
2020/12/15,96.5,96.5,94.8,95.2
2020/12/16,95.5,95.8,95.0,95.2
2020/12/17,94.8,95.0,94.2,94.5
2020/12/18,94.5,94.5,93.8,94.2
2020/12/21,94.2,94.8,94.0,94.8
2020/12/22,94.2,94.8,94.0,94.0
2020/12/23,94.0,94.5,93.8,93.8
2020/12/24,94.0,94.2,93.8,93.8
2020/12/25,94.0,94.5,93.8,94.0
2020/12/28,95.0,95.5,94.8,95.0
2020/12/29,95.0,95.0,94.2,94.5
2020/12/30,94.2,94.8,93.8,94.2
2020/12/31,94.8,94.8,94.0,94.0
2021/01/04,94.0,95.0,94.0,94.5
2021/01/05,94.8,94.8,94.2,94.2
2021/01/06,94.2,94.5,93.8,93.8
2021/01/07,93.5,94.2,93.2,94.2
2021/01/08,94.5,94.8,93.8,93.8
2021/01/11,95.2,96.2,95.2,95.8
2021/01/12,96.2,96.2,95.2,95.2
2021/01/13,95.0,95.8,95.0,95.8
2021/01/14,95.5,95.5,95.2,95.5
2021/01/15,95.8,96.0,94.5,94.5
2021/01/18,94.8,94.8,93.8,94.5
2021/01/19,94.8,95.8,94.8,95.2
2021/01/20,95.2,95.2,94.0,94.0
2021/01/21,94.5,95.0,94.0,94.5
2021/01/22,94.8,95.5,94.5,95.0
2021/01/25,95.0,95.2,94.8,95.2
2021/01/26,95.2,95.2,94.8,94.8
2021/01/27,95.2,95.5,95.0,95.2
2021/01/28,94.8,94.8,94.0,94.2
2021/01/29,94.8,95.0,94.0,94.0
2021/02/01,94.0,95.2,94.0,95.0
2021/02/02,95.5,95.5,94.8,94.8
2021/02/03,94.8,95.2,94.5,94.5
2021/02/04,95.0,95.2,94.5,95.0
2021/02/05,95.2,95.2,94.8,94.8
2021/02/17,95.5,96.0,95.0,95.8
2021/02/18,95.8,96.8,95.8,96.8
2021/02/19,96.8,99.5,96.2,99.5
2021/02/22,99.8,102.5,99.8,101.2
2021/02/23,101.5,102.0,101.0,101.5
2021/02/24,101.5,102.0,100.8,101.5
2021/02/25,102.0,102.0,100.5,101.0
2021/02/26,100.8,100.8,99.0,99.5
2021/03/02,100.0,100.2,99.5,99.5
2021/03/03,99.5,99.8,99.0,99.2
2021/03/04,99.0,99.2,98.0,98.5
2021/03/05,98.2,98.5,97.8,98.0
2021/03/08,98.2,98.5,98.0,98.0
2021/03/09,98.0,98.0,97.2,97.5
2021/03/10,98.0,98.5,98.0,98.0
2021/03/11,98.5,99.0,98.5,99.0
2021/03/12,99.2,99.5,98.8,98.8
2021/03/15,99.0,99.2,98.8,99.0
2021/03/16,99.5,100.2,99.2,100.2
2021/03/17,100.8,101.2,100.5,100.8
2021/03/18,101.0,101.5,101.0,101.5
2021/03/19,101.0,101.5,100.5,101.5
2021/03/22,101.5,102.2,100.8,100.8
2021/03/23,100.8,101.2,100.0,100.0
2021/03/24,100.0,100.0,99.0,99.2
2021/03/25,99.2,100.0,99.0,99.2
2021/03/26,99.5,100.2,99.5,100.0
2021/03/29,100.5,100.5,100.0,100.0
2021/03/30,100.5,100.8,100.0,100.5
2021/03/31,100.5,100.5,100.0,100.2
2021/04/01,100.8,100.8,100.0,100.0
2021/04/06,100.5,101.5,100.5,101.0
2021/04/07,101.0,101.5,100.5,101.2
2021/04/08,101.2,101.5,100.8,101.5
2021/04/09,101.5,101.8,101.0,101.2
2021/04/12,102.0,103.2,101.8,102.0
2021/04/13,102.5,102.5,100.5,100.5
2021/04/14,101.0,101.5,99.5,100.2
2021/04/15,100.0,101.2,100.0,101.2
2021/04/16,101.2,102.2,100.8,101.0
2021/04/19,100.8,101.2,100.8,101.2
2021/04/20,101.2,101.5,100.8,101.0
2021/04/21,101.0,101.5,100.8,101.2
2021/04/22,101.8,101.8,100.0,100.0
2021/04/23,100.0,100.2,99.8,100.2
2021/04/26,101.2,101.2,100.5,100.8
2021/04/27,100.8,101.5,100.5,100.5
2021/04/28,100.5,101.0,100.5,100.5
2021/04/29,101.0,101.0,100.0,100.0
2021/05/03,100.0,100.5,99.5,99.8
2021/05/04,100.0,100.0,96.5,98.2
2021/05/05,98.8,100.0,98.5,99.5
2021/05/06,100.0,100.0,99.2,99.2
2021/05/07,99.5,99.5,98.2,98.8
2021/05/10,98.8,98.8,97.8,98.2
2021/05/11,97.5,97.8,96.0,96.0
2021/05/12,95.8,95.8,91.2,93.5
2021/05/13,91.2,94.8,91.2,93.5
2021/05/14,94.2,94.8,92.8,93.2
2021/05/17,91.0,92.2,90.5,90.8
2021/05/18,91.0,93.2,91.0,93.2
2021/05/19,93.2,94.5,92.0,93.2
2021/05/20,90.0,93.0,90.0,91.2
2021/05/21,92.2,92.5,91.5,92.2
2021/05/24,91.5,92.8,91.5,92.5
2021/05/25,93.0,94.0,92.8,92.8
2021/05/26,93.2,93.8,92.8,93.0
2021/05/27,93.5,93.5,93.0,93.2
2021/05/28,93.8,94.2,93.5,94.0
2021/05/31,94.2,95.2,94.2,94.5
2021/06/01,95.0,95.5,94.5,95.0
2021/06/02,95.2,95.5,94.0,94.0
2021/06/03,95.0,95.2,94.5,95.0
2021/06/04,95.2,95.5,94.8,95.0
2021/06/07,95.5,95.5,94.8,95.2
2021/06/08,95.8,95.8,95.2,95.2
2021/06/09,95.2,95.8,95.0,95.0
2021/06/10,95.5,96.8,95.5,96.5
2021/06/11,96.5,97.5,96.5,97.0
2021/06/15,97.5,99.0,97.5,99.0
2021/06/16,99.0,99.0,98.0,98.0
2021/06/17,98.5,99.2,98.2,98.8
2021/06/18,99.5,99.5,98.8,99.0
2021/06/21,98.5,99.0,97.8,98.2
2021/06/22,98.8,99.8,98.2,98.8
2021/06/23,99.2,99.2,98.2,98.8
2021/06/24,100.0,100.2,99.5,99.8
2021/06/25,100.5,100.5,99.8,100.2
2021/06/28,100.2,100.5,99.8,100.5
2021/06/29,100.0,100.8,100.0,100.8
2021/06/30,100.8,100.8,100.0,100.5
2021/07/01,100.5,100.5,99.5,100.0
2021/07/02,100.0,100.0,99.0,99.8
2021/07/05,93.5,94.5,93.2,94.0
2021/07/06,94.2,94.2,93.5,93.8
2021/07/07,93.8,93.8,92.2,92.8
2021/07/08,93.5,93.5,92.8,92.8
2021/07/09,92.8,92.8,92.2,92.2
2021/07/12,93.5,94.0,93.0,93.2
2021/07/13,94.0,94.0,93.2,93.2
2021/07/14,93.5,93.8,93.0,93.0
2021/07/15,93.0,94.0,93.0,93.5
2021/07/16,93.2,94.0,93.2,93.5
2021/07/19,94.2,94.2,93.2,93.2
2021/07/20,93.0,93.2,91.8,92.5
2021/07/21,92.8,93.0,92.2,92.2
2021/07/22,93.0,93.0,92.2,93.0
2021/07/23,92.8,94.0,92.8,94.0
2021/07/26,95.0,95.5,94.5,95.0
2021/07/27,95.0,97.0,95.0,95.0
2021/07/28,95.2,95.8,93.2,94.0
2021/07/29,95.0,95.2,94.5,95.0
2021/07/30,95.8,95.8,94.5,94.5
2021/08/02,95.0,96.5,93.5,95.8
2021/08/03,96.2,96.2,94.5,94.5
2021/08/04,94.8,95.2,94.5,94.8
2021/08/05,94.5,94.8,94.0,94.0
2021/08/06,95.2,95.2,94.0,94.0
2021/08/09,94.2,94.2,93.5,93.5
2021/08/10,93.8,93.8,93.0,93.5
2021/08/11,93.5,93.5,93.0,93.0
2021/08/12,93.0,93.5,93.0,93.0
2021/08/13,93.2,93.5,92.5,92.5
2021/08/16,92.2,92.2,91.5,91.8
2021/08/17,91.8,92.5,91.8,91.8
2021/08/18,91.8,93.2,91.0,92.8
2021/08/19,92.8,92.8,91.5,91.5
2021/08/20,91.0,92.0,91.0,92.0
2021/08/23,93.0,93.0,92.2,92.5
2021/08/24,92.5,92.5,91.8,92.2
2021/08/25,92.5,93.2,92.5,92.8
2021/08/26,92.8,93.0,92.5,92.5
2021/08/27,92.5,93.5,92.5,93.5
2021/08/30,94.2,94.2,94.0,94.0
2021/08/31,94.0,94.2,93.5,94.2
2021/09/01,94.5,94.8,93.8,93.8
2021/09/02,93.8,93.8,93.2,93.5
2021/09/03,94.0,94.2,93.8,93.8
2021/09/06,93.8,93.8,93.0,93.8
2021/09/07,94.2,94.5,93.2,93.5
2021/09/08,94.0,94.0,92.8,92.8
2021/09/09,92.8,93.2,92.5,93.0
2021/09/10,93.5,93.5,92.5,93.2
2021/09/13,93.5,94.0,93.0,94.0
2021/09/14,94.0,94.0,93.5,93.5
2021/09/15,93.0,93.5,93.0,93.5
2021/09/16,93.5,93.5,92.5,92.8
2021/09/17,93.0,93.5,92.5,93.2
2021/09/22,92.8,92.8,92.0,92.5
2021/09/23,92.8,92.8,92.2,92.5
2021/09/24,93.0,93.0,92.2,92.5
2021/09/27,92.2,92.5,92.2,92.5
2021/09/28,92.5,92.5,92.0,92.0
2021/09/29,91.8,92.0,91.2,91.8
2021/09/30,91.5,92.5,91.2,92.2
2021/10/01,92.5,92.5,91.2,91.2
2021/10/04,91.5,91.5,90.0,90.0
2021/10/05,89.0,90.0,89.0,90.0
2021/10/06,90.5,90.8,89.5,89.8
2021/10/07,90.5,90.8,90.0,90.5
2021/10/08,90.8,91.8,90.8,91.0
2021/10/12,91.0,91.8,90.5,90.8
2021/10/13,91.5,91.5,90.5,91.2
2021/10/14,92.0,92.0,90.8,91.0
2021/10/15,92.0,92.0,91.0,91.2
2021/10/18,92.0,92.0,90.8,90.8
2021/10/19,90.8,91.8,90.5,91.8
2021/10/20,91.0,91.0,90.8,90.8
2021/10/21,91.0,91.2,90.8,91.2
2021/10/22,90.8,91.0,90.8,91.0
2021/10/25,91.0,91.8,91.0,91.8
2021/10/26,92.0,92.5,92.0,92.5
2021/10/27,92.0,92.5,92.0,92.5
2021/10/28,92.8,92.8,92.5,92.8
2021/10/29,93.0,93.0,92.5,92.8
2021/11/01,93.0,93.2,92.8,93.2
2021/11/02,93.2,93.5,93.0,93.2
2021/11/03,93.2,93.8,93.2,93.5
2021/11/04,93.5,94.0,93.5,93.8
2021/11/05,94.5,94.5,94.0,94.2
2021/11/08,94.5,95.5,94.5,95.2
2021/11/09,95.8,95.8,94.5,94.8
2021/11/10,95.0,95.5,94.5,94.8
2021/11/11,95.5,95.5,94.8,95.5
2021/11/12,95.5,96.0,95.5,96.0
2021/11/15,96.5,98.5,96.5,97.8
2021/11/16,98.0,98.5,97.0,97.8
2021/11/17,98.5,99.0,97.8,98.8
2021/11/18,98.5,98.5,97.8,97.8
2021/11/19,98.8,98.8,97.8,98.2
2021/11/22,98.8,98.8,97.5,98.5
2021/11/23,98.2,98.2,97.5,98.0
2021/11/24,98.5,98.5,97.0,98.0
2021/11/25,97.5,98.0,97.0,98.0
2021/11/26,97.2,97.2,96.5,96.8
2021/11/29,96.0,96.5,95.0,96.5
2021/11/30,98.0,98.0,97.0,97.5
2021/12/01,96.8,97.5,96.8,97.5
2021/12/02,97.5,97.5,97.0,97.0
2021/12/03,97.0,97.8,97.0,97.8
2021/12/06,97.8,98.2,97.5,98.0
2021/12/07,98.0,98.2,97.5,97.5
2021/12/08,98.0,98.0,97.5,97.8
2021/12/09,97.5,98.0,97.5,97.5
2021/12/10,99.0,99.8,98.5,99.0
2021/12/13,100.2,100.5,99.5,99.8
2021/12/14,100.2,100.2,98.5,99.0
2021/12/15,99.5,99.8,99.2,99.5
2021/12/16,99.8,100.0,98.8,99.2
2021/12/17,99.5,99.5,98.8,99.2
2021/12/20,99.0,99.2,98.8,99.2
2021/12/21,99.2,99.2,99.0,99.2
2021/12/22,100.0,100.0,99.2,99.2
2021/12/23,99.8,100.5,99.8,100.0
2021/12/24,100.2,100.5,100.0,100.0
2021/12/27,100.2,101.8,100.2,101.5
2021/12/28,101.5,101.8,101.0,101.8
2021/12/29,102.0,105.0,102.0,105.0
2021/12/30,106.5,115.0,106.0,111.0
2022/01/03,113.0,114.8,109.5,109.5
2022/01/04,112.2,112.5,110.5,111.2
2022/01/05,111.5,119.0,111.5,118.5
2022/01/06,117.0,120.0,115.5,119.8
2022/01/07,119.8,119.8,113.5,115.2
2022/01/10,114.8,116.8,112.2,114.5
2022/01/11,113.5,116.5,113.0,113.0
2022/01/12,115.0,115.5,113.0,114.2
2022/01/13,115.2,116.0,113.2,114.0
2022/01/14,113.0,114.8,105.2,109.2
2022/01/17,110.0,113.2,109.0,113.2
2022/01/18,112.2,114.2,110.0,110.8
2022/01/19,109.0,112.2,109.0,110.5
2022/01/20,110.5,111.2,109.8,111.2
2022/01/21,110.0,110.0,107.8,108.5
2022/01/24,107.8,110.0,104.8,108.8
2022/01/25,108.0,109.0,107.2,107.8
2022/01/26,107.2,112.0,107.0,109.2
2022/02/07,111.8,112.0,109.5,110.8
2022/02/08,110.8,117.2,110.8,116.2
2022/02/09,116.8,116.8,113.8,115.2
2022/02/10,115.2,115.5,113.5,114.2
2022/02/11,113.2,114.2,113.0,113.8
2022/02/14,111.5,111.5,109.0,110.0
2022/02/15,110.0,111.5,110.0,110.2
2022/02/16,112.2,113.0,111.5,112.0
2022/02/17,111.5,113.0,110.5,110.8
2022/02/18,110.2,111.5,110.0,111.2
2022/02/21,110.0,111.8,110.0,110.8
2022/02/22,109.8,110.5,108.5,109.2
2022/02/23,109.0,109.8,109.0,109.8
2022/02/24,109.0,113.2,109.0,109.5
2022/02/25,111.8,111.8,109.5,109.5
2022/03/01,110.2,111.8,109.0,111.5
2022/03/02,111.0,111.0,110.0,110.8
2022/03/03,110.8,111.2,110.0,110.0
2022/03/04,109.8,110.0,108.0,108.0
2022/03/07,107.0,107.0,102.8,103.0
2022/03/08,100.5,102.5,100.0,101.5
2022/03/09,101.5,104.5,101.5,103.8
2022/03/10,106.5,107.2,105.8,106.0
2022/03/11,106.2,106.2,104.5,104.8
2022/03/14,105.2,105.5,102.8,103.0
2022/03/15,102.0,102.5,100.8,101.0
2022/03/16,103.0,103.0,99.8,100.2
2022/03/17,102.2,104.5,101.5,102.5
2022/03/18,102.5,104.0,102.2,102.8
2022/03/21,104.0,104.2,103.2,103.8
2022/03/22,104.0,104.2,103.5,104.0
2022/03/23,104.0,104.2,103.5,103.5
2022/03/24,103.5,104.0,103.0,103.8
2022/03/25,103.8,105.0,103.8,104.8
2022/03/28,104.8,104.8,102.5,103.5
2022/03/29,104.5,104.5,103.8,104.0
2022/03/30,104.2,104.5,103.2,103.2
2022/03/31,103.2,103.5,102.5,102.5
2022/04/01,102.0,102.2,101.2,102.0
2022/04/06,102.5,102.5,101.2,101.5
2022/04/07,101.5,101.5,100.0,100.0
2022/04/08,100.2,101.5,100.2,101.5
2022/04/11,104.0,104.0,101.8,102.0
2022/04/12,101.2,101.5,100.8,101.2
2022/04/13,101.2,102.2,101.2,101.8
2022/04/14,101.8,103.0,101.8,102.8
2022/04/15,102.5,102.5,100.8,100.8
2022/04/18,100.2,101.0,100.2,100.8
2022/04/19,100.8,101.8,100.5,101.2
2022/04/20,101.2,101.8,100.8,101.0
2022/04/21,101.0,102.2,101.0,102.2
2022/04/22,101.8,102.0,101.0,101.0
2022/04/25,100.5,100.5,99.8,100.5
2022/04/26,100.5,101.2,100.0,100.8
2022/04/27,100.0,100.0,98.5,99.0
2022/04/28,99.2,100.0,98.8,99.8
2022/04/29,100.2,101.2,100.2,100.2
2022/05/03,100.8,100.8,100.0,100.2
2022/05/04,100.5,101.2,100.5,101.2
2022/05/05,101.8,102.2,101.5,102.2
2022/05/06,101.0,101.2,100.2,100.8
2022/05/09,101.0,101.0,100.5,100.5
2022/05/10,99.8,100.0,98.0,99.8
2022/05/11,99.5,99.5,98.8,98.8
2022/05/12,99.0,99.5,97.5,97.8
2022/05/13,97.8,98.5,97.8,98.5
2022/05/16,99.0,99.2,96.5,98.0
2022/05/17,97.5,99.0,97.5,98.0
2022/05/18,98.5,99.2,98.5,98.8
2022/05/19,97.5,98.2,97.5,97.5
2022/05/20,97.5,98.5,97.5,98.2
2022/05/23,98.2,99.0,98.2,98.2
2022/05/24,98.2,98.5,97.8,97.8
2022/05/25,98.8,100.2,98.5,99.5
2022/05/26,99.2,99.8,99.0,99.2
2022/05/27,99.8,100.8,99.8,100.5
2022/05/30,101.5,102.2,100.8,101.2
2022/05/31,101.5,102.0,101.5,101.5
2022/06/01,101.5,104.5,101.5,104.2
2022/06/02,104.5,104.8,103.0,103.0
2022/06/06,103.0,103.0,102.0,102.2
2022/06/07,102.8,103.0,102.0,102.0
2022/06/08,103.0,103.0,101.2,102.5
2022/06/09,101.5,102.5,101.5,102.5
2022/06/10,102.2,102.8,102.0,102.5
2022/06/13,101.5,101.8,100.8,101.0
2022/06/14,100.8,101.0,100.0,100.8
2022/06/15,100.8,101.0,100.0,100.0
2022/06/16,100.2,100.8,99.0,99.0
2022/06/17,98.2,99.2,98.2,98.2
2022/06/20,98.2,98.2,96.2,96.8
2022/06/21,98.0,98.0,96.8,97.0
2022/06/22,98.0,98.0,95.5,95.5
2022/06/23,95.5,95.5,93.5,94.2
2022/06/24,95.2,95.2,93.8,94.2
2022/06/27,95.0,95.5,94.8,95.0
2022/06/28,95.0,95.2,94.0,94.5
2022/06/29,94.0,94.5,93.5,94.2
2022/06/30,86.8,87.0,86.0,86.2
2022/07/01,86.0,86.0,84.0,84.0
2022/07/04,84.0,84.8,83.5,84.5
2022/07/05,85.5,85.5,84.2,85.5
2022/07/06,85.5,85.5,84.8,84.8
2022/07/07,85.0,86.0,84.5,86.0
2022/07/08,87.5,88.2,86.8,88.0
2022/07/11,90.2,92.2,90.0,91.0
2022/07/12,91.0,91.0,88.8,89.2
2022/07/13,91.0,91.0,90.0,90.0
2022/07/14,90.5,90.5,89.2,90.0
2022/07/15,90.5,90.5,89.8,90.2
2022/07/18,90.5,91.2,90.5,91.2
2022/07/19,90.8,91.8,90.5,91.8
2022/07/20,92.5,92.5,91.8,92.5
2022/07/21,92.8,93.2,92.5,93.2
2022/07/22,93.2,94.0,93.0,93.5
2022/07/25,93.8,94.2,93.2,94.2
2022/07/26,94.8,96.2,93.8,95.0
2022/07/27,94.8,95.0,93.8,94.5
2022/07/28,94.5,95.2,94.5,94.5
2022/07/29,95.0,95.2,94.5,95.2
2022/08/01,95.5,96.2,95.5,96.2
2022/08/02,96.0,96.0,94.5,95.0
2022/08/03,94.5,95.8,94.5,95.0
2022/08/04,95.2,96.5,94.8,96.5
2022/08/05,96.2,98.2,96.2,97.0
2022/08/08,96.0,97.8,96.0,97.5
2022/08/09,97.2,98.0,97.2,97.8
2022/08/10,98.5,99.0,98.2,98.5
2022/08/11,99.2,99.8,98.8,98.8
2022/08/12,99.0,99.5,98.8,98.8
2022/08/15,99.2,99.2,98.5,98.8
2022/08/16,99.2,99.2,98.0,98.5
2022/08/17,99.2,99.8,98.8,99.2
2022/08/18,98.8,99.0,98.2,98.8
2022/08/19,99.2,99.2,98.5,98.5
2022/08/22,99.0,99.0,98.0,98.5
2022/08/23,97.8,98.2,97.5,97.5
2022/08/24,97.5,98.2,97.5,98.0
2022/08/25,98.2,99.0,98.2,98.8
2022/08/26,99.5,102.0,99.5,101.8
2022/08/29,99.8,105.5,99.2,104.0
2022/08/30,105.2,106.2,104.0,105.8
2022/08/31,105.8,107.2,105.8,106.2
2022/09/01,106.2,108.0,105.0,106.8
2022/09/02,107.2,108.0,105.8,107.5
2022/09/05,107.5,107.8,105.2,105.2
2022/09/06,105.2,105.5,102.5,103.0
2022/09/19,107.5,111.0,105.5,106.0
2022/09/20,107.0,107.0,102.0,104.5
2022/09/21,103.0,105.0,102.5,104.5
2022/09/22,104.5,105.5,103.0,105.5
2022/09/23,105.5,105.5,103.5,104.0
2022/09/26,104.5,104.5,99.0,99.8
2022/09/27,100.0,101.5,99.6,101.0
2022/09/28,101.5,101.5,98.0,98.5
2022/09/29,99.0,103.0,99.0,101.0
2022/09/30,99.5,101.0,99.1,99.9
2022/10/03,98.7,100.5,98.7,99.2
2022/10/04,101.0,101.0,99.8,100.5
2022/10/05,102.0,102.0,100.0,100.0
2022/10/06,99.5,100.5,99.5,99.9
2022/10/07,100.5,100.5,100.0,100.5
2022/10/11,98.2,99.5,98.1,98.6
2022/10/12,98.6,98.6,95.0,95.1
2022/10/13,95.9,96.4,91.0,91.4
2022/10/14,92.5,94.7,92.3,94.3
2022/10/17,94.3,94.3,91.8,93.5
2022/10/18,95.9,98.6,94.2,98.1
2022/10/19,97.9,100.0,96.3,96.5
2022/10/20,95.8,95.8,93.8,94.5
2022/10/21,94.5,95.4,93.8,94.1
2022/10/24,95.4,95.4,93.8,94.4
2022/10/25,94.4,94.4,93.2,93.2
2022/10/26,92.8,93.6,92.8,93.0
2022/10/27,93.6,94.3,93.4,94.3
2022/10/28,93.2,94.3,93.2,94.3
2022/10/31,94.6,95.0,93.9,94.1
2022/11/01,93.9,94.5,93.0,94.5
2022/11/02,94.2,94.4,93.5,93.8
2022/11/03,93.7,93.7,93.3,93.6
2022/11/04,93.6,95.8,93.5,95.8
2022/11/07,97.6,97.8,96.1,96.1
2022/11/08,96.6,96.6,95.9,96.0
2022/11/09,96.5,97.4,96.0,97.1
2022/11/10,97.0,97.3,96.1,96.6
2022/11/11,97.6,99.0,97.0,97.1
2022/11/14,97.1,97.1,96.1,96.4
2022/11/15,96.4,97.5,95.9,97.1
2022/11/16,97.3,98.0,96.7,97.1
2022/11/17,96.4,101.0,96.4,99.9
2022/11/18,100.5,101.0,99.2,99.5
2022/11/21,99.2,99.9,98.6,98.7
2022/11/22,99.0,101.0,99.0,99.4
2022/11/23,100.5,101.0,99.7,100.0
2022/11/24,100.0,101.0,99.9,101.0
2022/11/25,101.0,101.0,99.9,100.0
2022/11/28,100.0,100.5,99.6,100.0
2022/11/29,99.5,101.0,99.5,100.0
2022/11/30,100.5,101.0,100.0,100.5
2022/12/01,101.5,102.5,101.5,101.5
2022/12/02,102.0,103.0,102.0,102.5
2022/12/05,103.5,106.5,103.5,106.0
2022/12/06,106.5,107.0,105.5,106.0
2022/12/07,107.0,107.0,104.5,106.0
2022/12/08,106.0,107.0,105.0,105.5
2022/12/09,107.0,107.5,106.5,107.0
2022/12/12,108.0,109.5,107.5,107.5
2022/12/13,107.0,107.0,105.0,105.5
2022/12/14,105.5,106.0,104.5,105.0
2022/12/15,105.0,105.0,104.0,104.5
2022/12/16,104.5,105.0,104.0,105.0
2022/12/19,105.5,106.5,104.0,106.0
2022/12/20,106.0,106.0,102.0,103.0
2022/12/21,103.0,104.5,103.0,103.5
2022/12/22,105.0,105.0,103.0,103.5
2022/12/23,102.5,102.5,102.0,102.5
2022/12/26,103.0,103.0,100.5,101.0
2022/12/27,101.0,102.0,100.5,101.0
2022/12/28,101.0,101.5,99.8,100.0
2022/12/29,100.0,101.5,99.7,101.5
2022/12/30,102.0,102.0,100.5,101.5
2023/01/03,101.5,101.5,100.5,101.0
2023/01/04,101.0,103.0,101.0,102.5
2023/01/05,102.5,103.0,101.5,101.5
2023/01/06,101.0,103.5,101.0,103.0
2023/01/09,103.0,105.5,103.0,105.5
2023/01/10,105.0,105.5,104.0,104.5
2023/01/11,105.0,107.0,104.5,106.5
2023/01/12,107.0,107.0,105.0,105.0
2023/01/13,105.5,105.5,104.5,104.5
2023/01/16,105.5,105.5,104.5,105.0
2023/01/17,105.5,107.0,105.0,107.0
2023/01/30,108.5,109.5,107.0,107.0
2023/01/31,107.0,110.0,106.5,110.0
2023/02/01,113.0,115.0,111.0,114.0
2023/02/02,114.5,115.0,113.0,114.0
2023/02/03,114.0,114.0,112.5,113.5
2023/02/06,112.5,114.5,112.5,114.0
2023/02/07,110.5,111.5,108.0,109.5
2023/02/08,110.0,111.0,109.5,110.5
2023/02/09,110.0,112.0,110.0,111.5
2023/02/10,110.5,111.5,110.0,110.5
2023/02/13,110.5,111.5,109.5,111.0
2023/02/14,111.0,112.0,111.0,111.0
2023/02/15,111.0,112.5,110.5,111.0
2023/02/16,111.5,112.5,111.0,111.5
2023/02/17,111.5,113.0,111.0,112.5
2023/02/20,113.0,114.0,112.5,113.5
2023/02/21,114.0,118.0,113.5,117.5
2023/02/22,117.0,118.0,114.5,117.0
2023/02/23,117.0,120.0,117.0,119.5
2023/02/24,120.5,121.0,118.5,120.0
2023/03/01,122.5,130.0,122.5,128.0
2023/03/02,130.0,134.5,128.5,133.0
2023/03/03,135.0,135.0,132.0,134.0
2023/03/06,135.0,136.0,131.5,133.0
2023/03/07,134.0,134.0,129.5,130.5
2023/03/08,130.5,132.0,129.0,132.0
2023/03/09,132.0,132.0,130.5,131.0
2023/03/10,131.5,132.0,129.5,131.0
2023/03/13,130.0,130.5,125.0,128.5
2023/03/14,127.0,128.5,127.0,128.0
2023/03/15,129.0,130.5,128.0,129.0
2023/03/16,127.5,129.0,125.0,125.5
2023/03/17,127.0,129.5,127.0,129.5
2023/03/20,129.5,133.0,128.5,132.0
2023/03/21,132.0,133.0,131.0,131.5
2023/03/22,132.5,133.5,131.5,133.5
2023/03/23,133.5,133.5,131.5,133.0
2023/03/24,133.0,133.0,131.5,132.0
2023/03/27,132.0,134.0,132.0,132.5
2023/03/28,132.5,133.5,131.5,133.0
2023/03/29,133.0,133.5,131.0,132.0
2023/03/30,132.0,133.0,131.5,133.0
2023/03/31,133.0,138.5,132.0,138.0
2023/04/06,137.5,144.0,137.5,141.5
2023/04/07,142.5,142.5,138.5,140.0
2023/04/10,139.0,139.5,137.5,138.5
2023/04/11,138.0,139.5,137.5,138.5
2023/04/12,141.0,144.0,140.5,143.0
2023/04/13,143.0,143.0,140.5,141.5
2023/04/14,141.5,142.5,140.5,142.0
2023/04/17,142.0,142.5,140.5,141.0
2023/04/18,141.5,141.5,138.0,139.0
2023/04/19,140.0,140.0,137.0,137.5
2023/04/20,137.5,137.5,136.0,136.0
2023/04/21,137.0,138.5,133.5,134.0
2023/04/24,134.0,136.0,133.5,135.5
2023/04/25,135.5,135.5,131.5,131.5
2023/04/26,131.0,133.5,128.5,132.5
2023/04/27,132.0,136.0,131.5,134.0
2023/04/28,135.0,136.5,134.0,135.5
2023/05/02,137.0,137.0,135.0,135.5
2023/05/03,135.5,137.5,134.0,137.0
2023/05/04,137.0,137.5,136.0,136.5
2023/05/05,137.0,137.5,136.5,137.5
2023/05/08,138.0,138.5,136.0,138.5
2023/05/09,138.5,139.0,137.5,138.0
2023/05/10,137.0,139.0,137.0,138.0
2023/05/11,139.0,141.0,138.5,139.0
2023/05/12,139.5,140.5,138.0,140.5
2023/05/15,139.5,143.5,139.5,142.5
2023/05/16,144.5,152.0,143.5,147.5
2023/05/17,148.0,149.5,147.5,147.5
2023/05/18,149.5,150.0,148.0,148.0
2023/05/19,149.5,150.0,148.0,148.5
2023/05/22,148.0,149.5,148.0,149.0
2023/05/23,149.0,149.5,148.0,149.0
2023/05/24,149.0,149.5,148.0,149.0
2023/05/25,149.0,150.0,148.0,149.0
2023/05/26,149.5,153.5,149.5,153.5
2023/05/29,155.0,155.5,150.5,153.0
2023/05/30,153.0,153.0,151.0,151.5
2023/05/31,151.5,153.0,151.0,153.0
2023/06/01,152.0,153.0,151.5,152.0
2023/06/02,153.0,153.0,150.0,150.5
2023/06/05,150.5,151.5,150.5,150.5
2023/06/06,151.0,152.5,150.0,152.5
2023/06/07,152.5,153.5,151.5,153.5
2023/06/08,153.5,159.0,153.5,155.5
2023/06/09,156.5,157.0,155.0,155.5
2023/06/12,155.0,155.5,149.0,151.5
2023/06/13,151.5,153.0,151.0,152.0
2023/06/14,153.0,153.5,151.5,152.5
2023/06/15,152.0,152.5,151.5,151.5
2023/06/16,151.5,152.5,151.0,152.5
2023/06/19,153.0,153.0,151.0,151.0
2023/06/20,151.0,151.0,148.5,149.5
2023/06/21,149.5,151.5,148.5,151.0
2023/06/26,150.0,151.5,149.5,151.5
2023/06/27,151.0,151.0,149.5,150.0
2023/06/28,150.0,152.0,150.0,152.0
2023/06/29,152.0,152.0,150.5,151.0
2023/06/30,151.0,151.0,150.0,150.5
2023/07/03,151.0,154.5,151.0,152.5
2023/07/04,154.5,154.5,151.0,151.5
2023/07/05,153.0,153.5,151.5,153.5
2023/07/06,146.5,149.5,146.5,147.5
2023/07/07,147.5,147.5,145.0,146.5
2023/07/10,146.5,148.5,145.5,147.5
2023/07/11,145.5,147.5,145.5,147.0
2023/07/12,146.5,152.5,146.5,152.0
2023/07/13,154.5,154.5,151.5,152.0
2023/07/14,151.0,152.5,151.0,152.0
2023/07/17,152.0,152.5,151.5,152.0
2023/07/18,152.0,152.0,149.0,149.5
2023/07/19,150.0,151.0,148.5,149.0
2023/07/20,149.0,150.0,149.0,149.5
2023/07/21,149.5,150.0,149.0,150.0
2023/07/24,150.0,150.5,149.0,150.5
2023/07/25,151.0,151.5,150.0,150.5
2023/07/26,151.5,152.5,151.0,151.5
2023/07/27,152.0,153.0,151.5,152.0
2023/07/28,152.0,153.0,151.0,153.0
2023/07/31,154.5,154.5,151.5,151.5
2023/08/01,153.0,153.0,151.0,152.5
2023/08/02,152.5,152.5,149.0,150.0
2023/08/04,150.5,152.0,150.0,152.0
2023/08/07,152.5,152.5,151.0,151.5
2023/08/08,153.5,153.5,152.0,153.0
2023/08/09,153.0,153.5,151.5,152.5
2023/08/10,149.5,149.5,147.5,149.0
2023/08/11,150.5,153.0,150.0,152.0
2023/08/14,153.0,153.0,150.5,151.0
2023/08/15,152.0,153.0,151.5,153.0
2023/08/16,151.5,153.5,151.5,153.0
2023/08/17,153.0,157.5,152.0,157.5
2023/08/18,158.5,158.5,154.5,156.5
2023/08/21,156.5,156.5,153.0,153.0
2023/08/22,153.0,154.5,153.0,153.0
2023/08/23,154.5,154.5,152.5,153.0
2023/08/24,154.0,154.5,152.5,153.0
2023/08/25,153.0,154.5,151.5,154.5
2023/08/28,154.0,154.0,152.5,152.5
2023/08/29,153.0,153.0,151.5,152.0
2023/08/30,152.5,154.0,152.0,154.0
2023/08/31,154.0,160.0,153.5,156.5
2023/09/01,156.5,156.5,152.5,152.5
2023/09/04,152.5,154.0,152.0,152.5
2023/09/05,152.5,154.0,152.5,153.5
2023/09/06,153.5,156.0,153.5,156.0
2023/09/07,154.5,156.0,154.5,156.0
2023/09/08,156.5,156.5,155.0,155.0
2023/09/11,153.5,154.5,152.5,152.5
2023/09/12,152.5,154.0,152.5,154.0
2023/09/13,154.0,154.0,152.5,152.5
2023/09/14,153.5,155.0,153.5,154.5
2023/09/15,154.5,158.0,153.0,158.0
2023/09/18,155.0,157.0,155.0,156.0
2023/09/19,155.5,157.0,155.5,156.0
2023/09/20,155.5,156.0,155.0,155.5
2023/09/21,155.5,156.0,153.5,154.5
2023/09/22,153.5,154.0,152.5,153.5
2023/09/25,154.0,157.5,153.5,157.0
2023/09/26,156.0,158.0,156.0,158.0
2023/09/27,157.5,162.5,156.5,162.5
2023/09/28,163.5,164.5,162.5,163.5
2023/10/02,164.5,170.0,164.5,170.0
2023/10/03,170.5,170.5,165.5,166.0
2023/10/04,164.0,165.0,161.5,164.5
2023/10/05,165.0,172.0,164.5,172.0
2023/10/06,172.0,176.0,170.5,172.0
2023/10/11,172.0,174.0,170.5,173.0
2023/10/12,175.0,178.0,175.0,175.0
2023/10/13,176.0,177.5,175.0,177.5
2023/10/16,177.0,180.0,176.5,180.0
2023/10/17,181.5,185.0,180.5,182.0
2023/10/18,182.0,182.0,175.5,176.5
2023/10/19,176.0,181.5,174.5,181.0
2023/10/20,181.5,183.0,179.0,183.0
2023/10/23,183.0,185.0,178.0,179.0
2023/10/24,179.0,182.0,178.5,182.0
2023/10/25,183.0,189.0,182.0,188.5
2023/10/26,185.5,190.5,185.5,187.5
2023/10/27,188.0,192.5,187.5,191.0
2023/10/30,191.0,191.0,187.0,187.0
2023/10/31,187.0,187.0,179.0,179.5
2023/11/01,179.5,179.5,176.0,179.0
2023/11/02,180.5,183.0,180.5,181.5
2023/11/03,183.5,184.0,181.0,181.5
2023/11/06,182.5,183.5,181.0,181.5
2023/11/07,181.5,183.5,181.0,182.0
2023/11/08,182.0,183.0,180.5,181.0
2023/11/09,182.0,183.0,180.0,180.5
2023/11/10,180.0,180.5,176.0,177.0
2023/11/13,177.0,179.0,175.5,177.5
2023/11/14,177.5,177.5,174.0,175.5
2023/11/15,178.0,178.0,175.5,176.0
2023/11/16,176.0,176.0,172.5,174.5
2023/11/17,173.5,175.5,173.0,174.0
2023/11/20,174.0,174.5,172.5,174.0
2023/11/21,174.0,177.0,174.0,176.5
2023/11/22,175.5,177.0,175.5,176.0
2023/11/23,176.0,176.0,175.0,175.0
2023/11/24,175.0,175.5,174.0,175.5
2023/11/27,175.0,175.0,174.0,174.0
2023/11/28,174.0,176.0,173.5,176.0
2023/11/29,176.5,177.5,176.0,177.0
2023/11/30,179.0,181.0,175.5,181.0
2023/12/01,183.0,183.0,178.0,179.0
2023/12/04,180.0,180.0,178.0,178.0
2023/12/05,178.0,179.5,177.0,179.5
2023/12/06,180.5,180.5,179.0,179.5
2023/12/07,180.0,180.0,179.0,179.5
2023/12/08,180.5,180.5,178.5,178.5
2023/12/11,179.0,179.5,178.0,178.5
2023/12/12,179.0,181.0,179.0,179.0
2023/12/13,181.5,181.5,179.0,179.0
2023/12/14,180.5,180.5,179.0,180.0
2023/12/15,180.5,181.0,179.5,180.5
2023/12/18,180.0,180.0,178.5,178.5
2023/12/19,178.5,179.0,177.0,177.5
2023/12/20,178.0,179.0,178.0,178.0
2023/12/21,177.0,177.5,176.5,176.5
2023/12/22,176.5,177.5,176.5,177.5
2023/12/25,177.5,177.5,176.5,177.0
2023/12/26,177.0,178.0,177.0,178.0
2023/12/27,178.0,179.0,178.0,178.0
2023/12/28,179.5,180.0,177.5,177.5
2023/12/29,177.5,177.5,176.0,177.5
2024/01/02,178.0,179.0,177.0,179.0
2024/01/03,178.0,180.0,178.0,180.0
2024/01/04,180.0,180.0,178.5,180.0
2024/01/05,180.5,180.5,179.0,179.0
2024/01/08,179.0,180.5,179.0,180.0
2024/01/09,180.0,181.0,180.0,180.5
2024/01/10,180.0,180.5,180.0,180.0
2024/01/11,180.0,180.5,180.0,180.0
2024/01/12,180.5,180.5,178.5,179.0
2024/01/15,175.5,178.5,175.5,177.5
2024/01/16,178.0,178.5,176.5,177.0
2024/01/17,177.0,177.5,176.0,176.5
2024/01/18,176.5,177.0,172.5,175.0
2024/01/19,175.5,177.5,175.0,176.5
2024/01/22,176.0,177.0,173.5,174.5
2024/01/23,174.5,174.5,173.0,173.5
2024/01/24,173.5,174.5,173.0,173.5
2024/01/25,174.0,176.5,173.5,175.0
2024/01/26,176.5,182.0,176.0,181.5
2024/01/29,182.0,185.5,181.0,181.0
2024/01/30,181.0,181.5,180.0,180.5
2024/01/31,181.0,182.5,180.0,181.5
2024/02/01,182.5,182.5,179.0,179.5
2024/02/02,180.0,180.0,179.0,179.5
2024/02/05,179.5,180.0,179.0,179.0
2024/02/15,181.5,182.5,178.5,181.0
2024/02/16,182.0,188.0,182.0,183.0
2024/02/19,184.5,192.5,183.5,191.0
2024/02/20,191.5,196.0,188.5,194.5
2024/02/21,197.0,206.5,197.0,204.5
2024/02/22,205.0,206.5,200.0,204.5
2024/02/23,206.5,206.5,204.0,204.0
2024/02/26,206.5,206.5,202.0,202.0
2024/02/27,199.5,199.5,190.0,192.0
2024/02/29,192.5,198.0,192.5,195.0
2024/03/01,195.0,196.5,191.5,192.5
2024/03/04,193.5,194.5,192.0,194.0
2024/03/05,196.0,196.0,192.0,193.0
2024/03/06,194.5,197.5,194.0,194.5
2024/03/07,198.5,200.5,196.5,200.5
2024/03/08,203.5,204.0,194.0,194.5
2024/03/11,196.5,196.5,191.0,191.5
2024/03/12,193.0,197.0,192.5,195.0
2024/03/13,195.0,196.5,194.0,194.0
2024/03/14,195.0,195.0,191.0,191.5
2024/03/15,192.5,195.0,191.0,195.0
2024/03/18,193.0,194.5,192.5,194.5
2024/03/19,196.0,199.0,195.0,197.5
2024/03/20,199.5,199.5,195.5,195.5
2024/03/21,199.0,202.0,198.5,201.5
2024/03/22,203.0,205.0,201.5,205.0
2024/03/25,206.5,206.5,203.0,203.5
2024/03/26,205.0,205.0,196.5,198.0
2024/03/27,198.5,202.5,198.0,202.5
2024/03/28,204.0,205.0,201.5,202.0
2024/03/29,202.0,202.0,196.0,196.5
2024/04/01,198.0,199.0,197.0,197.0
2024/04/02,198.0,203.0,198.0,203.0
2024/04/03,202.0,204.5,200.5,204.0
2024/04/08,204.0,206.0,202.5,206.0
2024/04/09,206.5,211.0,205.5,210.0
2024/04/10,214.0,224.0,213.5,223.0
2024/04/11,223.5,223.5,216.0,217.5
2024/04/12,221.0,231.0,220.5,230.0
2024/04/15,228.0,228.0,221.5,222.0
2024/04/16,220.5,220.5,212.0,213.5
2024/04/17,217.0,222.0,215.0,219.0
2024/04/18,216.0,216.5,213.0,214.0
2024/04/19,210.0,210.0,198.5,203.0
2024/04/22,203.0,204.5,198.5,198.5
2024/04/23,201.0,206.0,200.5,202.0
2024/04/24,205.5,209.0,204.5,207.5
2024/04/25,206.0,206.0,204.5,204.5
2024/04/26,205.5,207.5,203.5,203.5
2024/04/29,204.0,207.5,204.0,207.0
2024/04/30,207.0,209.0,205.0,209.0
2024/05/02,207.0,207.5,204.5,205.0
2024/05/03,208.0,208.5,204.5,206.0
2024/05/06,208.5,208.5,204.0,206.0
2024/05/07,207.0,207.5,203.0,205.5
2024/05/08,206.5,208.0,205.0,208.0
2024/05/09,209.5,209.5,203.0,204.0
2024/05/10,205.5,206.0,203.0,203.5
2024/05/13,203.5,206.5,202.0,206.5
2024/05/14,209.0,211.0,207.0,211.0
2024/05/15,214.0,225.0,214.0,222.0
2024/05/16,224.5,229.5,224.5,229.0
2024/05/17,228.5,228.5,224.5,228.0
2024/05/20,228.0,228.0,223.0,225.0
2024/05/21,224.5,227.5,222.5,225.5
2024/05/22,226.0,226.0,221.0,223.0
2024/05/23,225.5,225.5,221.0,222.0
2024/05/24,221.0,227.0,219.5,225.5
2024/05/27,225.5,226.5,224.0,224.0
2024/05/28,225.0,225.0,220.5,220.5
2024/05/29,223.0,234.5,220.0,227.5
2024/05/30,232.5,233.5,227.5,229.5
2024/05/31,231.0,234.0,229.0,233.5
2024/06/03,234.5,236.0,224.0,231.0
2024/06/04,230.0,236.0,225.0,231.0
2024/06/05,231.0,237.0,227.0,232.5
2024/06/06,234.0,238.5,231.0,235.5
2024/06/07,236.0,239.0,236.0,238.0
2024/06/11,239.0,244.0,238.0,240.5
2024/06/12,242.0,252.0,236.5,252.0
2024/06/13,256.0,258.5,245.0,245.0
2024/06/14,243.0,245.5,234.0,234.0
2024/06/17,234.0,240.5,234.0,239.5
2024/06/18,239.0,243.5,239.0,243.5
2024/06/19,244.0,248.0,242.0,245.5
2024/06/20,246.0,246.0,241.5,242.0
2024/06/21,243.5,244.5,238.0,242.0
2024/06/24,239.0,243.5,238.0,238.0
2024/06/25,240.5,255.0,238.5,255.0
2024/06/26,257.0,275.5,251.5,267.5
2024/06/27,267.5,275.0,265.0,272.0
2024/06/28,275.0,275.0,264.0,264.0
2024/07/01,266.0,272.5,262.5,263.5
2024/07/02,263.5,266.0,258.0,259.0
2024/07/03,258.5,263.5,258.0,258.5
2024/07/04,250.0,261.5,250.0,257.5
2024/07/05,257.5,267.0,257.0,265.5
2024/07/08,268.0,268.0,258.5,263.5
2024/07/09,263.0,263.0,258.0,258.0
2024/07/10,269.5,272.0,264.5,265.0
2024/07/11,268.5,269.5,262.0,262.5
2024/07/12,259.5,261.5,257.5,259.0
2024/07/15,260.0,261.5,257.0,261.5
2024/07/16,262.0,264.0,258.0,260.5
2024/07/17,260.5,260.5,255.0,255.5
2024/07/18,255.0,256.0,250.5,253.5
2024/07/19,253.5,254.5,250.5,252.0
2024/07/22,252.0,253.0,240.5,245.5
2024/07/23,250.0,252.5,244.0,247.0
2024/07/26,241.0,250.5,241.0,247.0
2024/07/29,252.0,252.0,243.5,245.5
2024/07/30,245.0,251.0,241.0,246.5
2024/07/31,246.5,246.5,241.0,241.0
2024/08/01,245.0,246.0,242.5,244.0
2024/08/02,240.0,243.5,238.0,239.0
2024/08/05,228.0,229.0,215.5,221.0
2024/08/06,225.0,226.5,212.5,221.0
2024/08/07,224.0,236.5,222.5,233.0
2024/08/08,232.0,238.0,229.5,236.0
2024/08/09,255.0,255.0,247.5,252.0
2024/08/12,247.0,263.0,247.0,261.5
2024/08/13,263.5,265.0,259.0,262.5
2024/08/14,266.0,280.0,262.5,280.0
2024/08/15,280.0,283.5,274.0,274.0
2024/08/16,276.0,287.0,272.5,273.0
2024/08/19,275.0,278.5,272.5,278.5
2024/08/20,282.0,282.0,275.5,279.0
2024/08/21,279.0,289.0,276.5,280.0
2024/08/22,280.5,281.0,276.5,279.0
2024/08/23,278.0,278.0,273.5,277.5
2024/08/26,278.0,282.5,276.0,279.0
2024/08/27,277.0,283.0,277.0,282.0
2024/08/28,284.0,286.0,280.0,280.0
2024/08/29,280.0,280.0,276.0,276.0
2024/08/30,275.5,279.0,275.0,279.0
2024/09/02,279.0,280.0,272.0,272.5
2024/09/03,273.0,299.5,273.0,299.5
2024/09/04,290.0,300.5,282.5,292.0
2024/09/05,297.0,301.0,291.5,291.5
2024/09/06,295.5,306.5,293.5,301.5
2024/09/09,297.0,311.5,297.0,306.0
2024/09/10,311.0,324.5,306.5,312.0
2024/09/11,317.0,317.0,305.0,308.0
2024/09/12,317.0,323.0,312.0,315.5
2024/09/13,316.0,331.0,315.5,328.5
2024/09/16,334.0,334.5,325.0,329.0
2024/09/18,332.5,332.5,322.5,322.5
2024/09/19,324.0,331.0,324.0,329.0
2024/09/20,331.0,331.0,321.0,326.0
2024/09/23,329.0,337.0,329.0,332.5
2024/09/24,332.5,339.0,331.5,334.0
2024/09/25,337.0,337.5,324.0,324.0
2024/09/26,324.0,327.0,319.5,323.5
2024/09/27,325.5,325.5,313.5,313.5
2024/09/30,313.5,314.0,305.5,307.0
2024/10/01,307.0,308.0,304.0,307.0
2024/10/04,307.5,313.0,302.0,310.5
2024/10/07,311.0,315.0,305.5,307.0
2024/10/08,312.0,312.0,305.5,308.0
2024/10/09,310.5,316.5,307.0,308.5
2024/10/11,313.0,335.0,313.0,333.0
2024/10/14,332.0,365.0,327.5,342.0
2024/10/15,345.0,356.5,343.0,343.0
2024/10/16,340.0,341.0,330.0,330.5
2024/10/17,331.0,334.5,323.5,326.5
2024/10/18,332.0,337.5,326.5,326.5
2024/10/21,326.5,333.0,326.0,332.0
2024/10/22,333.5,339.5,332.0,332.0
2024/10/23,337.0,348.5,337.0,344.5
2024/10/24,346.5,364.5,343.0,348.0
2024/10/25,349.0,362.5,349.0,353.5
2024/10/28,356.5,379.0,355.0,363.0
2024/10/29,361.0,363.0,355.0,355.0
2024/10/30,358.0,365.5,356.0,356.0
2024/11/01,355.0,359.5,348.5,355.0
2024/11/04,354.5,361.5,346.0,352.0
2024/11/05,351.0,365.5,345.5,355.0
2024/11/06,358.0,363.5,352.0,352.0
2024/11/07,352.5,356.5,345.0,346.0
2024/11/08,346.5,351.0,343.0,346.0
2024/11/11,343.0,348.0,318.5,319.5
2024/11/12,313.5,314.0,303.0,310.5
2024/11/13,311.5,314.5,305.0,310.0
2024/11/14,310.5,323.5,309.5,315.0
2024/11/15,315.0,322.5,311.5,311.5
2024/11/18,313.5,328.0,307.5,320.0
2024/11/19,322.0,324.5,316.0,316.5
2024/11/20,318.0,322.0,306.5,306.5
2024/11/21,313.0,332.5,310.0,325.5
2024/11/22,324.5,340.0,324.5,327.0
2024/11/25,330.5,331.0,322.0,323.0
2024/11/26,327.0,327.0,317.0,317.0
2024/11/27,317.5,319.0,308.0,313.0
2024/11/28,310.0,314.0,304.5,308.0
2024/11/29,308.5,314.0,308.0,313.5
2024/12/02,313.5,315.5,309.0,314.0
2024/12/03,313.5,321.5,313.5,319.0
2024/12/04,323.0,324.0,320.0,320.5
2024/12/05,324.0,330.0,322.0,327.5
2024/12/06,338.0,360.0,334.5,348.5
2024/12/09,352.0,363.0,352.0,362.0
2024/12/10,363.0,365.5,352.5,359.5
2024/12/11,357.0,358.5,353.0,353.0
2024/12/12,356.5,365.0,348.0,352.5
2024/12/13,350.5,356.0,344.5,352.0
2024/12/16,350.0,354.0,342.0,353.5
2024/12/17,353.0,365.0,351.5,356.5
2024/12/18,355.0,360.0,347.0,356.5
2024/12/19,356.5,369.5,354.5,367.5
2024/12/20,372.0,383.0,370.0,370.0
2024/12/23,373.0,373.0,360.5,367.0
2024/12/24,367.5,367.5,358.0,364.0
2024/12/25,364.0,371.5,360.5,366.5
2024/12/26,366.5,381.0,361.5,376.0
2024/12/27,381.0,383.0,362.5,362.5
2024/12/30,368.0,369.0,358.5,358.5
2024/12/31,360.0,371.5,359.5,371.5
2025/01/02,368.0,374.0,364.5,367.0
2025/01/03,368.0,396.5,367.0,384.0
2025/01/06,391.0,394.5,376.0,381.5
2025/01/07,386.0,394.0,384.5,390.0
2025/01/08,386.0,394.5,384.0,390.0
2025/01/09,395.0,395.0,384.0,385.5
2025/01/10,392.0,399.0,389.5,395.5
2025/01/13,401.0,404.0,389.5,392.0
2025/01/14,392.0,402.0,389.5,402.0
2025/01/15,403.5,403.5,391.0,394.5
2025/01/16,400.0,418.0,399.5,411.5
2025/01/17,411.0,417.0,407.5,414.0
2025/01/20,416.0,453.0,416.0,450.5
2025/01/21,451.5,465.0,448.5,450.0
2025/01/22,458.5,470.0,453.0,455.0
2025/02/03,436.0,460.0,434.0,454.5
2025/02/04,459.5,461.0,441.0,442.0
2025/02/05,439.5,453.5,436.5,450.0
2025/02/06,450.5,454.0,440.0,445.5
2025/02/07,443.0,449.0,439.0,439.5
2025/02/10,434.0,442.0,420.0,430.0
2025/02/11,432.0,456.5,429.5,450.0
2025/02/12,449.5,455.5,447.5,450.0
2025/02/13,450.0,459.0,431.0,434.0
2025/02/14,434.0,434.0,416.0,419.0
2025/02/17,420.0,426.0,413.5,422.0
2025/02/18,420.5,425.5,418.0,425.5
2025/02/19,423.5,429.0,421.5,429.0
2025/02/20,429.0,430.0,421.0,424.0
2025/02/21,422.0,428.5,422.0,425.5
2025/02/24,424.5,428.0,424.0,428.0
2025/02/25,427.5,433.0,424.5,432.0
2025/02/26,432.0,442.0,424.5,425.0
2025/02/27,427.0,431.5,422.0,424.0
2025/03/03,421.5,428.5,386.0,388.0
2025/03/04,381.5,415.5,363.0,413.5
2025/03/05,409.5,418.0,388.0,388.0
2025/03/06,393.0,394.0,378.0,382.0
2025/03/07,382.5,383.0,371.0,374.0
2025/03/10,374.0,374.5,367.0,368.0
2025/03/11,363.0,367.5,352.5,363.0
2025/03/12,375.0,397.0,363.0,382.5
2025/03/13,387.5,395.0,377.0,378.0
2025/03/14,378.0,391.5,378.0,384.5
2025/03/17,387.0,388.0,372.0,373.0
2025/03/18,379.0,381.5,373.5,376.0
2025/03/19,375.5,375.5,362.5,362.5
2025/03/20,364.0,379.0,364.0,375.0
2025/03/21,375.0,382.0,373.0,381.5
2025/03/24,388.0,390.5,377.0,377.0
2025/03/25,385.5,388.5,381.0,386.0
2025/03/26,382.5,388.0,379.5,386.0
2025/03/27,381.0,383.0,377.5,377.5
2025/03/28,374.5,374.5,365.5,369.5
2025/03/31,358.5,365.0,349.5,352.5
2025/04/01,354.5,360.0,350.0,359.0
2025/04/02,356.0,361.0,352.0,355.5
2025/04/07,320.0,320.0,320.0,320.0
2025/04/08,288.0,302.0,288.0,288.0
2025/04/09,290.0,299.0,278.0,288.0
2025/04/10,316.5,316.5,316.5,316.5
2025/04/11,304.5,328.0,295.0,326.5
2025/04/14,331.0,343.5,327.0,328.5
2025/04/15,332.0,341.0,331.5,336.0
2025/04/16,338.0,350.5,335.0,344.0
2025/04/17,343.0,347.0,338.0,339.0
2025/04/18,343.5,361.0,342.5,356.0
2025/04/21,359.0,365.0,351.0,353.5
2025/04/22,350.0,359.5,348.5,350.0
2025/04/23,362.0,376.5,359.0,372.0
2025/04/24,375.0,386.0,375.0,384.5
2025/04/25,397.5,400.0,384.5,385.0
2025/04/28,392.5,403.0,389.0,401.5
2025/04/29,405.5,412.0,404.0,412.0
2025/04/30,415.0,415.5,400.0,401.5
2025/05/02,414.0,414.0,402.5,404.0
2025/05/05,405.0,408.0,389.0,394.0
2025/05/06,394.5,394.5,368.5,379.0
2025/05/07,379.5,383.0,374.5,376.0
2025/05/08,380.0,386.0,378.5,381.0
2025/05/09,384.0,392.0,380.5,386.0
2025/05/12,390.0,393.0,379.0,383.0
2025/05/13,390.0,390.0,371.5,374.0
2025/05/14,375.0,378.5,370.5,376.5
2025/05/15,374.5,374.5,361.0,365.0
2025/05/16,369.0,382.0,368.5,380.5
2025/05/19,380.0,382.0,366.0,366.0
2025/05/20,372.0,376.0,366.5,367.5
2025/05/21,370.0,370.0,365.0,367.5
2025/05/22,364.0,366.5,362.0,366.5
2025/05/23,370.0,376.0,369.0,370.5
2025/05/26,373.5,378.0,369.5,373.0
2025/05/27,375.0,375.0,369.0,370.0
2025/05/28,375.0,375.0,370.0,373.0
2025/05/29,375.5,387.0,374.0,380.5
2025/06/02,379.5,383.5,375.0,376.0
2025/06/03,379.5,387.5,377.0,380.5
2025/06/04,389.5,410.5,388.0,402.5
2025/06/05,401.0,404.0,396.5,400.0
2025/06/06,400.5,403.5,398.0,399.5
2025/06/09,400.0,402.0,388.0,393.0
2025/06/10,393.0,408.5,391.0,405.5
2025/06/11,408.5,408.5,401.5,402.0
2025/06/12,402.0,408.5,399.0,404.0
2025/06/13,398.5,407.0,396.5,406.0
2025/06/16,396.0,400.0,382.0,385.0
2025/06/17,388.0,393.0,383.5,391.5
2025/06/18,387.5,391.5,386.5,387.5
2025/06/19,385.5,387.0,382.5,383.0
2025/06/20,381.0,386.0,381.0,381.5
2025/06/23,376.5,414.0,373.5,409.0
2025/06/24,410.5,426.5,410.5,416.0
2025/06/25,427.5,432.0,423.5,427.5
2025/06/26,427.5,431.0,415.0,415.0
2025/06/27,421.0,421.0,390.0,394.0
2025/06/30,398.5,401.0,391.0,397.5
2025/07/01,398.0,410.0,394.5,410.0
2025/07/02,408.0,408.0,399.5,401.5
2025/07/03,409.0,414.5,404.5,414.5
2025/07/04,405.0,409.0,398.0,402.0
2025/07/07,410.0,419.5,405.5,413.5
2025/07/08,411.5,449.5,411.0,434.0
2025/07/09,433.5,476.5,430.5,470.0
2025/07/10,469.0,493.5,469.0,482.0
2025/07/11,489.5,507.0,487.5,499.0
2025/07/14,500.0,511.0,494.0,504.0
2025/07/15,496.5,505.0,490.0,496.0
2025/07/16,498.5,505.0,486.0,501.0
2025/07/17,504.0,521.0,496.0,519.0
2025/07/18,525.0,525.0,506.0,510.0
2025/07/21,510.0,524.0,506.0,523.0
2025/07/22,521.0,522.0,505.0,507.0
2025/07/23,506.0,512.0,494.5,494.5
2025/07/24,495.0,513.0,495.0,507.0
2025/07/25,505.0,512.0,498.5,510.0
2025/07/28,506.0,519.0,504.0,505.0
2025/07/29,505.0,505.0,490.0,494.0
2025/07/30,496.5,502.0,483.5,485.0
2025/07/31,490.0,495.5,478.0,490.0
2025/08/01,485.5,496.5,483.0,492.0
2025/08/04,486.0,487.5,479.5,480.0
2025/08/05,483.5,493.5,482.5,484.5
2025/08/06,492.0,502.0,488.0,494.0
2025/08/07,531.0,543.0,530.0,543.0
2025/08/08,555.0,595.0,553.0,587.0
2025/08/11,588.0,602.0,570.0,600.0
2025/08/12,600.0,615.0,593.0,612.0
2025/08/13,627.0,645.0,623.0,638.0
2025/08/14,643.0,643.0,624.0,624.0
2025/08/15,686.0,686.0,676.0,686.0
2025/08/18,729.0,754.0,720.0,754.0
2025/08/19,766.0,793.0,751.0,762.0
2025/08/20,759.0,763.0,697.0,737.0
2025/08/21,751.0,769.0,740.0,746.0
2025/08/22,741.0,778.0,732.0,749.0
2025/08/25,790.0,790.0,735.0,735.0
2025/08/26,742.0,763.0,738.0,751.0
2025/08/27,767.0,826.0,762.0,826.0
2025/08/28,839.0,856.0,815.0,826.0
2025/08/29,866.0,900.0,842.0,892.0
2025/09/01,981.0,981.0,936.0,981.0
2025/09/02,992.0,1015.0,904.0,933.0
2025/09/03,926.0,936.0,847.0,854.0
2025/09/04,869.0,925.0,861.0,897.0
2025/09/05,915.0,985.0,910.0,961.0
2025/09/08,980.0,987.0,951.0,962.0
2025/09/09,971.0,995.0,963.0,985.0
2025/09/10,968.0,993.0,953.0,953.0
2025/09/11,953.0,984.0,936.0,941.0
2025/09/12,965.0,965.0,891.0,904.0
2025/09/15,907.0,908.0,840.0,846.0
2025/09/16,831.0,847.0,821.0,834.0
2025/09/17,830.0,834.0,779.0,779.0
2025/09/18,790.0,818.0,783.0,796.0
2025/09/19,809.0,818.0,791.0,799.0
2025/09/22,796.0,798.0,782.0,792.0
2025/09/23,804.0,804.0,782.0,785.0
2025/09/24,795.0,805.0,774.0,785.0
2025/09/25,785.0,785.0,764.0,772.0
2025/09/26,764.0,767.0,745.0,757.0
2025/09/30,757.0,780.0,749.0,775.0
2025/10/01,780.0,829.0,778.0,800.0
2025/10/02,830.0,847.0,791.0,800.0
2025/10/03,808.0,810.0,767.0,767.0
2025/10/07,765.0,843.0,762.0,822.0
2025/10/08,821.0,854.0,789.0,846.0
2025/10/09,858.0,874.0,815.0,837.0
2025/10/13,799.0,835.0,799.0,831.0
2025/10/14,846.0,858.0,795.0,800.0
2025/10/15,814.0,880.0,809.0,880.0
2025/10/16,896.0,925.0,867.0,875.0
2025/10/17,869.0,905.0,820.0,828.0
2025/10/20,838.0,840.0,795.0,795.0
2025/10/21,807.0,807.0,783.0,802.0
2025/10/22,793.0,793.0,750.0,750.0
2025/10/23,723.0,753.0,722.0,735.0
2025/10/27,744.0,748.0,719.0,723.0
2025/10/28,731.0,741.0,722.0,727.0
2025/10/29,730.0,794.0,730.0,768.0
2025/10/30,769.0,805.0,765.0,786.0
2025/10/31,792.0,805.0,770.0,770.0
2025/11/03,770.0,779.0,755.0,762.0
2025/11/04,756.0,765.0,733.0,735.0
2025/11/05,722.0,750.0,714.0,750.0
2025/11/06,755.0,790.0,745.0,754.0
2025/11/07,750.0,773.0,750.0,755.0
2025/11/10,711.0,735.0,680.0,680.0
2025/11/11,659.0,670.0,633.0,641.0
2025/11/12,648.0,666.0,640.0,640.0
2025/11/13,642.0,685.0,641.0,683.0
2025/11/14,670.0,682.0,646.0,651.0
2025/11/17,664.0,673.0,636.0,662.0
2025/11/18,655.0,666.0,628.0,630.0
2025/11/19,626.0,682.0,621.0,673.0
2025/11/20,692.0,694.0,671.0,673.0
2025/11/21,642.0,665.0,642.0,650.0
2025/11/24,662.0,666.0,638.0,646.0
2025/11/25,660.0,673.0,654.0,664.0
2025/11/26,670.0,684.0,667.0,672.0
2025/11/27,677.0,681.0,671.0,679.0
2025/11/28,680.0,714.0,678.0,696.0
2025/12/01,698.0,700.0,671.0,671.0
2025/12/02,672.0,679.0,660.0,660.0
2025/12/03,670.0,711.0,668.0,700.0
2025/12/04,710.0,731.0,683.0,695.0
2025/12/05,700.0,737.0,700.0,728.0
2025/12/08,731.0,745.0,717.0,718.0
2025/12/09,725.0,745.0,716.0,740.0
2025/12/10,744.0,795.0,733.0,780.0
2025/12/11,800.0,822.0,793.0,803.0
2025/12/12,815.0,848.0,811.0,827.0
2025/12/15,799.0,844.0,792.0,827.0
2025/12/16,821.0,834.0,792.0,808.0
2025/12/17,820.0,838.0,793.0,793.0
2025/12/18,793.0,800.0,762.0,763.0
2025/12/19,772.0,796.0,771.0,791.0
2025/12/22,797.0,809.0,761.0,761.0
2025/12/23,769.0,776.0,759.0,759.0
2025/12/24,764.0,767.0,751.0,752.0
2025/12/26,759.0,803.0,759.0,791.0
2025/12/29,802.0,811.0,771.0,775.0
2025/12/30,780.0,804.0,770.0,779.0
2025/12/31,782.0,805.0,775.0,781.0
2026/01/02,789.0,800.0,758.0,762.0
2026/01/05,775.0,809.0,774.0,795.0
2026/01/06,805.0,818.0,788.0,818.0
2026/01/07,821.0,821.0,799.0,802.0
2026/01/08,802.0,813.0,786.0,786.0
2026/01/09,789.0,800.0,765.0,767.0
2026/01/12,796.0,825.0,780.0,791.0
2026/01/13,818.0,845.0,807.0,812.0
2026/01/14,818.0,828.0,798.0,804.0
2026/01/15,795.0,819.0,790.0,803.0
2026/01/16,819.0,835.0,787.0,788.0
2026/01/19,791.0,801.0,741.0,752.0
2026/01/20,744.0,745.0,702.0,709.0
2026/01/21,710.0,717.0,670.0,676.0
2026/01/22,688.0,691.0,675.0,678.0
2026/01/23,682.0,689.0,679.0,684.0
2026/01/26,684.0,690.0,656.0,660.0
2026/01/27,667.0,667.0,645.0,655.0
2026/01/28,673.0,678.0,653.0,658.0
2026/01/29,660.0,680.0,657.0,678.0
2026/01/30,672.0,675.0,630.0,630.0
2026/02/02,625.0,658.0,624.0,656.0
2026/02/03,665.0,666.0,635.0,651.0
2026/02/04,641.0,648.0,633.0,638.0
2026/02/05,632.0,647.0,624.0,624.0
2026/02/06,620.0,621.0,596.0,621.0
2026/02/09,632.0,643.0,618.0,619.0
2026/02/10,628.0,631.0,612.0,618.0
2026/02/11,620.0,638.0,612.0,638.0
2026/02/23,640.0,660.0,632.0,659.0
2026/02/24,659.0,678.0,652.0,670.0
2026/02/25,671.0,704.0,671.0,701.0
2026/02/26,703.0,740.0,700.0,723.0
2026/03/02,685.0,733.0,685.0,700.0
2026/03/03,709.0,719.0,682.0,688.0
2026/03/04,672.0,674.0,637.0,638.0
2026/03/05,666.0,692.0,661.0,688.0
2026/03/06,680.0,689.0,667.0,668.0
2026/03/09,620.0,658.0,609.0,658.0
2026/03/10,679.0,712.0,667.0,691.0
2026/03/11,708.0,717.0,693.0,697.0
2026/03/12,697.0,711.0,690.0,697.0
2026/03/13,685.0,696.0,679.0,679.0
2026/03/16,687.0,701.0,670.0,686.0
2026/03/17,692.0,693.0,667.0,667.0
2026/03/18,675.0,685.0,670.0,683.0
2026/03/19,672.0,693.0,671.0,680.0
2026/03/20,687.0,720.0,687.0,712.0
2026/03/23,692.0,738.0,690.0,723.0
2026/03/24,752.0,769.0,724.0,750.0
2026/03/25,796.0,813.0,789.0,800.0
2026/03/26,808.0,819.0,751.0,752.0
2026/03/27,746.0,759.0,735.0,752.0
2026/03/30,742.0,765.0,733.0,743.0
2026/03/31,738.0,742.0,685.0,688.0
2026/04/01,716.0,731.0,712.0,718.0
2026/04/02,731.0,732.0,692.0,699.0
2026/04/07,714.0,720.0,688.0,688.0
2026/04/08,705.0,706.0,686.0,693.0
2026/04/09,699.0,717.0,694.0,695.0
2026/04/10,705.0,729.0,701.0,723.0
2026/04/13,761.0,765.0,714.0,758.0
2026/04/14,775.0,795.0,761.0,788.0
2026/04/15,802.0,834.0,800.0,822.0
2026/04/16,837.0,837.0,771.0,777.0
2026/04/20,830.0,873.0,823.0,863.0
2026/04/21,872.0,895.0,861.0,890.0
2026/04/22,890.0,906.0,884.0,896.0
2026/04/23,920.0,955.0,903.0,949.0
2026/04/24,976.0,997.0,945.0,972.0
2026/04/27,979.0,1005.0,920.0,928.0
2026/04/28,928.0,928.0,873.0,881.0
2026/04/29,872.0,875.0,849.0,861.0
2026/04/30,862.0,863.0,825.0,825.0
2026/05/04,836.0,863.0,831.0,854.0
2026/05/05,856.0,863.0,828.0,860.0
2026/05/06,870.0,885.0,841.0,877.0
2026/05/07,888.0,903.0,851.0,861.0
2026/05/08,862.0,902.0,860.0,860.0
2026/05/11,878.0,900.0,867.0,896.0
2026/05/12,900.0,903.0,859.0,885.0
2026/05/13,885.0,965.0,885.0,950.0
2026/05/14,973.0,1040.0,946.0,1010.0
2026/05/15,1035.0,1055.0,1000.0,1025.0
2026/05/18,1000.0,1035.0,965.0,985.0
2026/05/19,992.0,992.0,902.0,944.0
2026/05/20,942.0,962.0,911.0,916.0
2026/05/21,942.0,954.0,912.0,929.0
2026/05/22,935.0,952.0,922.0,927.0
2026/05/25,940.0,955.0,934.0,949.0
2026/05/26,967.0,1040.0,966.0,1035.0
2026/05/27,1050.0,1130.0,1005.0,1110.0
2026/05/28,1110.0,1110.0,1030.0,1035.0
2026/05/29,1050.0,1060.0,993.0,993.0
2026/06/01,998.0,1025.0,988.0,1005.0
2026/06/02,1020.0,1020.0,971.0,998.0
2026/06/03,1005.0,1065.0,999.0,1055.0
2026/06/04,1085.0,1160.0,1075.0,1120.0
2026/06/05,1115.0,1205.0,1115.0,1130.0
2026/06/08,1050.0,1095.0,1030.0,1050.0
2026/06/09,1080.0,1110.0,1055.0,1085.0
2026/06/10,1120.0,1160.0,1090.0,1090.0
2026/06/11,1110.0,1125.0,1040.0,1075.0
2026/06/12,1135.0,1180.0,1120.0,1180.0
2026/06/15,1220.0,1280.0,1200.0,1255.0
2026/06/16,1255.0,1290.0,1145.0,1175.0
2026/06/17,1170.0,1190.0,1140.0,1190.0
2026/06/18,1190.0,1270.0,1185.0,1265.0
2026/06/22,1260.0,1305.0,1255.0,1280.0
2026/06/23,1300.0,1310.0,1225.0,1260.0
2026/06/24,1220.0,1320.0,1215.0,1300.0
2026/06/25,1315.0,1390.0,1295.0,1350.0
2026/06/26,1360.0,1390.0,1275.0,1305.0
2026/06/29,1310.0,1335.0,1220.0,1245.0
2026/06/30,1255.0,1320.0,1250.0,1290.0
2026/07/01,1330.0,1395.0,1320.0,1340.0
2026/07/02,1320.0,1435.0,1310.0,1430.0
2026/07/03,1420.0,1490.0,1405.0,1430.0
2026/07/06,1435.0,1450.0,1400.0,1435.0
2026/07/07,1445.0,1455.0,1365.0,1395.0
2026/07/08,1360.0,1365.0,1260.0,1260.0
2026/07/09,1270.0,1270.0,1205.0,1215.0
2026/07/13,1245.0,1255.0,1170.0,1180.0
2026/07/14,1180.0,1200.0,1110.0,1155.0
2026/07/15,1150.0,1265.0,1130.0,1250.0
2026/07/16,1250.0,1300.0,1235.0,1265.0
2026/07/17,1240.0,1240.0,1140.0,1140.0
2026/07/20,1140.0,1150.0,1075.0,1140.0
2026/07/21,1190.0,1195.0,1165.0,1190.0
2026/07/22,1225.0,1250.0,1200.0,1200.0
2026/07/23,1200.0,1215.0,1175.0,1195.0
2026/07/24,1170.0,1190.0,1120.0,1120.0
2026/07/27,1120.0,1135.0,1070.0,1105.0
2026/07/28,1070.0,1070.0,1015.0,1015.0
2026/07/29,992.0,1020.0,925.0,944.0
2026/07/30,924.0,974.0,895.0,906.0
2026/07/31,980.0,990.0,913.0,925.0
2026/08/03,919.0,970.0,904.0,942.0
2026/08/04,943.0,999.0,937.0,990.0
2026/08/05,1030.0,1035.0,1000.0,1020.0
2026/08/06,1015.0,1110.0,1010.0,1070.0
2026/08/07,1085.0,1125.0,1060.0,1060.0
2026/08/10,1080.0,1090.0,1045.0,1045.0
2026/08/11,963.0,980.0,941.0,941.0
2026/08/12,925.0,938.0,900.0,918.0
2026/08/13,928.0,940.0,901.0,903.0
2026/08/14,910.0,933.0,895.0,925.0
2026/08/17,925.0,925.0,896.0,908.0
2026/08/18,909.0,937.0,881.0,889.0
2026/08/19,880.0,921.0,860.0,873.0
2026/08/20,893.0,924.0,860.0,860.0
