Date,Open,High,Low,Close
2011/12/13,15.7,16.0,15.5,15.5
2011/12/14,15.4,15.4,14.5,14.8
2011/12/15,14.6,14.9,14.2,14.8
2011/12/16,14.7,15.3,14.7,15.2
2011/12/19,15.2,15.2,14.3,14.5
2011/12/20,14.6,15.5,14.6,15.3
2011/12/21,15.8,16.4,15.6,16.4
2011/12/22,16.3,16.5,16.1,16.3
2011/12/23,16.4,16.8,16.3,16.7
2011/12/26,16.7,17.8,16.4,17.0
2011/12/27,17.0,17.7,16.9,17.6
2011/12/28,17.3,17.7,17.3,17.7
2011/12/29,17.5,17.5,17.2,17.3
2011/12/30,17.5,17.6,16.6,17.1
2012/01/02,16.9,17.1,16.6,17.1
2012/01/03,17.1,17.7,17.1,17.6
2012/01/04,17.7,18.1,17.6,17.8
2012/01/05,17.8,18.0,17.6,17.7
2012/01/06,17.9,18.4,17.8,17.8
2012/01/09,17.7,17.8,17.3,17.4
2012/01/10,17.4,18.0,17.3,17.7
2012/01/11,17.8,18.9,17.8,18.9
2012/01/12,19.1,20.0,18.7,19.3
2012/01/13,19.8,20.0,19.3,19.4
2012/01/16,19.8,19.9,19.1,19.3
2012/01/17,19.2,20.6,19.2,20.6
2012/01/18,20.6,22.1,20.4,21.7
2012/01/30,22.3,23.2,21.7,22.0
2012/01/31,22.1,22.7,21.4,22.0
2012/02/01,22.0,22.2,21.4,22.0
2012/02/02,22.3,23.3,22.0,23.0
2012/02/03,22.8,22.8,21.6,22.3
2012/02/06,22.8,22.8,22.1,22.3
2012/02/07,22.4,23.4,22.3,23.3
2012/02/08,23.6,24.5,23.3,23.5
2012/02/09,23.6,23.6,22.7,23.2
2012/02/10,23.2,23.3,22.6,23.2
2012/02/13,23.0,23.6,22.8,23.3
2012/02/14,23.6,23.6,22.8,22.8
2012/02/15,23.0,24.2,22.8,23.9
2012/02/16,23.6,24.5,23.0,23.1
2012/02/17,23.8,24.0,22.5,23.0
2012/02/20,23.3,24.0,23.1,23.8
2012/02/21,23.8,24.0,23.0,23.0
2012/02/22,23.1,23.5,23.0,23.0
2012/02/23,23.1,23.2,22.2,22.3
2012/02/24,22.6,22.8,22.1,22.4
2012/02/29,22.5,23.7,22.5,23.6
2012/03/01,23.8,25.2,23.5,25.2
2012/03/02,25.4,26.5,24.8,26.5
2012/03/05,26.3,26.3,25.6,25.8
2012/03/06,25.8,26.1,24.5,26.0
2012/03/07,25.3,26.6,25.1,26.3
2012/03/08,26.3,26.4,25.6,26.1
2012/03/09,26.2,26.2,25.3,25.8
2012/03/12,25.9,26.0,25.1,25.2
2012/03/13,25.3,25.6,24.6,25.5
2012/03/14,25.8,27.3,25.6,27.1
2012/03/15,27.1,27.6,26.7,26.9
2012/03/16,27.1,27.1,26.6,27.0
2012/03/19,27.0,27.3,26.6,26.7
2012/03/20,26.7,27.0,26.4,26.5
2012/03/21,26.4,26.7,25.5,26.1
2012/03/22,26.4,27.1,26.1,27.0
2012/03/23,26.9,26.9,26.7,26.8
2012/03/26,26.8,27.0,26.5,26.5
2012/03/27,26.8,26.8,25.9,26.0
2012/03/28,26.3,26.7,25.9,26.3
2012/03/29,26.5,26.5,25.2,26.2
2012/03/30,26.2,26.3,25.2,26.3
2012/04/02,26.1,26.1,25.2,25.6
2012/04/03,25.2,25.5,23.8,24.1
2012/04/05,22.7,25.4,22.7,25.3
2012/04/06,25.2,25.5,24.7,25.3
2012/04/09,24.8,25.0,24.5,24.8
2012/04/10,25.2,25.6,24.9,25.3
2012/04/11,24.9,25.8,24.9,25.5
2012/04/12,25.5,27.0,25.4,26.6
2012/04/13,26.9,27.0,26.5,26.8
2012/04/16,26.8,26.8,26.5,26.5
2012/04/17,26.6,26.6,25.1,25.7
2012/04/18,25.9,26.0,25.1,25.5
2012/04/19,25.7,25.8,25.1,25.4
2012/04/20,25.4,25.6,25.1,25.4
2012/04/23,25.2,25.3,24.3,24.8
2012/04/24,24.7,25.1,24.5,25.0
2012/04/25,25.4,25.4,25.0,25.1
2012/04/26,25.3,26.5,25.2,26.0
2012/04/27,26.3,26.7,25.9,26.2
2012/04/30,26.2,26.7,26.2,26.6
2012/05/02,26.6,27.2,26.4,27.2
2012/05/03,27.2,28.0,27.2,27.7
2012/05/04,27.7,28.1,27.5,27.7
2012/05/07,27.7,27.8,27.2,27.6
2012/05/08,27.7,28.2,27.7,27.9
2012/05/09,27.7,27.9,27.4,27.9
2012/05/10,27.9,27.9,27.0,27.4
2012/05/11,27.6,27.6,27.0,27.2
2012/05/14,27.3,28.0,27.3,27.9
2012/05/15,27.4,27.7,27.2,27.6
2012/05/16,27.9,27.9,27.2,27.2
2012/05/17,27.6,27.6,26.7,27.1
2012/05/18,26.7,27.4,26.4,26.7
2012/05/21,26.7,27.3,26.7,27.0
2012/05/22,27.4,28.6,27.2,28.5
2012/05/23,28.2,28.6,27.7,28.2
2012/05/24,28.2,29.8,28.2,28.9
2012/05/25,29.0,29.2,28.3,28.5
2012/05/28,28.4,28.9,28.0,28.8
2012/05/29,27.7,28.5,27.7,27.9
2012/05/30,27.9,28.3,27.3,28.3
2012/05/31,27.8,28.5,27.8,28.5
2012/06/01,28.2,28.3,27.5,27.5
2012/06/04,26.1,26.7,25.6,26.1
2012/06/05,27.4,27.6,26.4,26.6
2012/06/06,26.8,27.4,26.7,27.3
2012/06/07,27.8,27.8,26.9,27.3
2012/06/08,27.6,27.6,27.0,27.0
2012/06/11,27.3,27.6,26.7,26.7
2012/06/12,26.4,26.6,25.8,26.6
2012/06/13,26.4,26.6,26.0,26.6
2012/06/14,26.5,26.5,26.0,26.3
2012/06/15,26.1,26.3,25.8,26.3
2012/06/18,27.0,27.3,26.5,26.9
2012/06/19,27.0,27.5,26.7,26.9
2012/06/20,27.3,27.4,26.9,27.1
2012/06/21,26.9,27.3,26.8,27.2
2012/06/22,27.0,27.3,26.9,27.2
2012/06/25,27.2,27.3,26.8,26.8
2012/06/26,26.7,26.8,26.0,26.7
2012/06/27,26.3,26.8,26.3,26.8
2012/06/28,26.9,26.9,26.4,26.7
2012/06/29,26.7,27.0,26.4,26.9
2012/07/02,27.0,27.4,27.0,27.1
2012/07/03,27.1,27.9,27.0,27.6
2012/07/04,27.9,27.9,27.7,27.7
2012/07/05,27.9,27.9,27.5,27.8
2012/07/06,27.8,27.8,27.2,27.3
2012/07/09,27.3,27.3,26.9,27.3
2012/07/10,27.3,27.3,26.8,27.0
2012/07/11,27.0,27.9,26.8,27.9
2012/07/12,27.9,28.7,27.8,28.5
2012/07/13,28.5,29.1,28.3,28.3
2012/07/16,28.5,29.5,28.4,29.2
2012/07/17,29.3,29.8,29.2,29.3
2012/07/18,29.5,29.8,29.4,29.7
2012/07/19,29.9,29.9,29.3,29.5
2012/07/20,29.5,29.7,29.2,29.4
2012/07/23,29.2,29.2,28.9,28.9
2012/07/24,28.6,29.1,28.5,29.0
2012/07/25,28.7,30.4,28.6,29.9
2012/07/26,30.4,30.8,30.1,30.7
2012/07/27,31.0,31.0,30.5,30.8
2012/07/30,30.8,32.1,30.8,31.3
2012/07/31,31.3,31.8,30.8,31.5
2012/08/01,31.5,31.7,30.7,30.7
2012/08/03,30.7,31.1,30.4,30.4
2012/08/06,30.7,31.8,30.7,31.2
2012/08/07,31.5,31.9,31.0,31.2
2012/08/08,31.7,31.7,30.8,30.8
2012/08/09,31.0,31.3,30.5,30.9
2012/08/10,30.7,30.7,28.8,29.3
2012/08/13,28.9,29.9,28.7,29.3
2012/08/14,29.3,29.7,29.3,29.5
2012/08/15,29.4,29.9,29.2,29.8
2012/08/16,29.9,29.9,29.2,29.5
2012/08/17,29.5,29.7,29.3,29.7
2012/08/20,29.8,29.8,29.3,29.4
2012/08/21,29.3,29.9,29.3,29.9
2012/08/22,30.1,30.6,29.8,30.3
2012/08/23,30.4,30.5,30.3,30.5
2012/08/24,30.5,31.0,30.2,30.6
2012/08/27,30.7,30.8,30.0,30.4
2012/08/28,30.4,30.4,29.7,30.3
2012/08/29,30.6,30.6,30.2,30.4
2012/08/30,30.4,31.3,30.2,31.1
2012/08/31,31.3,31.8,31.0,31.3
2012/09/03,31.2,31.8,31.0,31.1
2012/09/04,31.0,31.1,30.6,31.0
2012/09/05,31.0,31.0,30.6,30.9
2012/09/06,30.9,31.1,30.7,31.1
2012/09/07,31.4,31.8,31.2,31.5
2012/09/10,31.7,31.8,31.5,31.7
2012/09/11,31.7,31.7,31.2,31.2
2012/09/12,31.3,31.8,31.2,31.3
2012/09/13,31.3,31.5,30.7,31.2
2012/09/14,31.4,31.6,31.2,31.4
2012/09/17,31.3,31.6,31.0,31.4
2012/09/18,31.4,31.7,31.2,31.4
2012/09/19,31.3,31.5,31.1,31.4
2012/09/20,31.4,31.5,31.1,31.5
2012/09/21,31.5,31.5,31.2,31.3
2012/09/24,31.3,33.5,31.3,33.5
2012/09/25,34.3,35.4,33.8,34.4
2012/09/26,34.1,34.8,34.0,34.8
2012/09/27,34.8,34.8,33.8,34.4
2012/09/28,34.2,34.9,34.2,34.3
2012/10/01,34.3,34.4,33.5,34.0
2012/10/02,33.8,34.2,33.7,34.0
2012/10/03,34.1,34.2,33.1,33.6
2012/10/04,33.6,34.5,33.5,34.1
2012/10/05,34.1,34.4,33.9,34.1
2012/10/08,33.8,34.1,33.6,33.9
2012/10/09,34.1,34.1,32.3,33.5
2012/10/11,32.1,32.3,31.9,32.1
2012/10/12,32.0,32.2,31.7,31.9
2012/10/15,31.7,32.8,31.7,32.8
2012/10/16,32.7,33.2,32.5,32.9
2012/10/17,33.1,33.6,32.7,33.1
2012/10/18,33.5,33.5,32.6,32.6
2012/10/19,32.5,32.6,32.2,32.5
2012/10/22,31.9,32.6,31.9,32.6
2012/10/23,32.2,32.4,31.7,32.1
2012/10/24,32.3,33.3,31.8,33.0
2012/10/25,32.9,33.0,32.5,32.8
2012/10/26,32.8,33.1,31.7,31.8
2012/10/29,31.8,32.2,31.1,31.5
2012/10/30,31.7,32.2,31.7,31.8
2012/10/31,32.1,32.6,31.8,32.3
2012/11/01,32.3,32.8,31.7,32.3
2012/11/02,32.6,33.1,32.5,32.8
2012/11/05,32.9,33.0,32.4,32.5
2012/11/06,32.8,32.9,32.3,32.9
2012/11/07,32.9,33.5,32.8,33.1
2012/11/08,32.8,33.5,32.7,32.8
2012/11/09,33.1,34.3,33.0,34.0
2012/11/12,34.2,36.1,34.2,35.9
2012/11/13,35.9,35.9,34.3,34.9
2012/11/14,35.1,36.9,35.1,35.7
2012/11/15,35.8,36.1,34.8,35.3
2012/11/16,35.3,36.0,35.2,35.2
2012/11/19,35.5,35.5,33.8,34.6
2012/11/20,34.9,35.3,34.6,34.6
2012/11/21,34.4,34.9,34.3,34.3
2012/11/22,34.7,35.2,34.6,35.2
2012/11/23,35.5,36.7,35.5,36.5
2012/11/26,36.7,36.9,35.9,36.5
2012/11/27,36.4,36.5,36.0,36.3
2012/11/28,36.6,37.4,36.3,36.3
2012/11/29,36.7,36.9,36.2,36.9
2012/11/30,36.9,37.2,36.3,36.7
2012/12/03,36.8,37.2,36.5,36.6
2012/12/04,37.0,37.0,36.6,36.9
2012/12/05,36.9,37.6,36.7,37.4
2012/12/06,37.7,38.9,37.7,38.4
2012/12/07,38.6,38.7,38.1,38.4
2012/12/10,38.6,38.8,38.4,38.6
2012/12/11,38.9,40.5,38.9,40.3
2012/12/12,40.8,42.0,40.5,41.3
2012/12/13,41.5,41.7,40.9,41.1
2012/12/14,41.0,42.6,40.5,42.5
2012/12/17,42.4,43.0,41.7,42.4
2012/12/18,42.2,42.4,41.1,41.4
2012/12/19,41.4,41.8,41.0,41.6
2012/12/20,41.6,41.6,40.7,40.7
2012/12/21,40.5,40.7,39.1,39.5
2012/12/24,40.3,41.0,40.2,40.5
2012/12/25,40.3,40.7,39.6,40.3
2012/12/26,40.5,40.8,40.3,40.4
2012/12/27,40.3,40.7,40.2,40.7
2012/12/28,40.8,41.6,40.7,41.3
2013/01/02,41.8,42.0,41.4,41.4
2013/01/03,41.5,41.9,40.8,40.9
2013/01/04,40.9,41.2,39.4,40.3
2013/01/07,40.3,40.3,39.5,39.7
2013/01/08,39.7,40.3,39.5,40.0
2013/01/09,40.0,42.0,39.8,41.5
2013/01/10,42.5,42.5,41.8,42.1
2013/01/11,42.4,43.3,42.4,43.3
2013/01/14,43.3,44.1,42.8,43.9
2013/01/15,43.9,44.5,43.3,43.3
2013/01/16,43.3,43.3,42.2,42.2
2013/01/17,42.5,42.7,41.0,41.8
2013/01/18,42.3,42.5,41.8,42.3
2013/01/21,42.3,42.8,42.3,42.8
2013/01/22,42.8,44.1,42.6,44.1
2013/01/23,44.2,44.9,43.8,44.4
2013/01/24,44.4,44.9,44.3,44.7
2013/01/25,44.9,47.8,44.9,47.7
2013/01/28,48.1,49.3,47.4,47.7
2013/01/29,47.8,48.1,46.7,47.0
2013/01/30,46.9,47.8,46.5,46.5
2013/01/31,47.1,49.0,46.7,49.0
2013/02/01,49.0,49.5,48.1,48.8
2013/02/04,49.3,49.9,49.0,49.7
2013/02/05,49.0,49.3,48.4,48.9
2013/02/06,49.3,49.3,48.1,48.2
2013/02/18,49.0,49.0,48.2,48.3
2013/02/19,48.9,51.3,48.9,50.9
2013/02/20,51.1,51.3,50.4,50.6
2013/02/21,50.6,52.7,50.6,52.4
2013/02/22,52.1,52.4,51.4,51.4
2013/02/25,51.1,51.6,50.5,50.5
2013/02/26,50.2,51.8,49.8,51.0
2013/02/27,51.5,51.6,50.5,51.6
2013/03/01,51.9,53.1,51.9,52.6
2013/03/04,53.1,53.4,51.9,53.1
2013/03/05,53.5,55.5,53.4,55.0
2013/03/06,55.0,55.2,54.4,54.6
2013/03/07,54.1,54.9,53.4,53.6
2013/03/08,53.7,54.6,53.4,53.7
2013/03/11,54.1,54.9,53.7,53.9
2013/03/12,53.7,53.9,52.1,52.6
2013/03/13,52.6,53.3,52.1,52.1
2013/03/14,52.0,52.3,48.5,48.5
2013/03/15,48.3,51.9,47.6,51.8
2013/03/18,51.3,51.5,48.3,48.4
2013/03/19,48.5,49.8,48.5,49.0
2013/03/20,49.3,51.5,49.3,49.8
2013/03/21,50.8,50.8,49.2,49.8
2013/03/22,50.3,50.3,49.4,49.6
2013/03/25,50.0,50.3,49.4,50.2
2013/03/26,50.3,50.6,49.8,50.5
2013/03/27,50.4,51.1,50.2,50.9
2013/03/28,51.3,52.4,51.1,51.5
2013/03/29,51.7,51.8,51.1,51.5
2013/04/01,50.9,51.5,49.4,49.9
2013/04/02,50.0,50.8,49.2,50.7
2013/04/03,51.0,51.8,50.8,51.5
2013/04/08,50.1,50.6,49.7,49.8
2013/04/09,49.8,50.5,49.6,49.6
2013/04/10,49.7,50.1,49.2,49.8
2013/04/11,50.3,51.1,50.1,50.6
2013/04/12,50.6,51.4,50.4,50.7
2013/04/15,51.5,51.9,50.8,50.8
2013/04/16,50.7,50.7,49.5,50.5
2013/04/17,50.8,51.8,50.6,51.5
2013/04/18,51.5,53.1,51.2,52.4
2013/04/19,52.8,52.8,51.9,52.1
2013/04/22,52.6,53.2,52.3,53.0
2013/04/23,53.1,53.1,52.3,52.6
2013/04/24,52.8,53.0,52.4,52.6
2013/04/25,52.5,53.2,52.4,52.4
2013/04/26,53.6,55.8,53.6,55.5
2013/04/29,55.9,56.3,54.1,54.3
2013/04/30,54.8,55.1,54.3,55.1
2013/05/02,55.1,57.4,55.0,57.0
2013/05/03,57.3,58.3,56.5,56.7
2013/05/06,57.3,57.6,55.5,57.0
2013/05/07,57.0,58.3,56.5,58.3
2013/05/08,58.3,58.9,58.1,58.8
2013/05/09,59.2,59.6,58.2,59.5
2013/05/10,59.4,60.7,59.0,59.5
2013/05/13,60.2,60.5,59.5,59.9
2013/05/14,59.9,60.4,59.0,59.3
2013/05/15,59.6,59.8,57.9,59.0
2013/05/16,59.3,59.6,58.0,58.3
2013/05/17,57.8,58.8,56.8,57.2
2013/05/20,57.3,58.2,56.8,58.0
2013/05/21,58.0,58.5,56.8,57.1
2013/05/22,57.1,57.1,54.6,54.9
2013/05/23,54.5,55.4,53.7,54.9
2013/05/24,55.5,56.2,55.0,55.4
2013/05/27,55.3,55.8,54.7,54.9
2013/05/28,55.0,56.7,55.0,56.3
2013/05/29,56.8,56.8,55.6,55.9
2013/05/30,55.9,55.9,55.0,55.0
2013/05/31,55.9,56.1,55.4,56.1
2013/06/03,55.0,55.5,54.6,54.6
2013/06/04,54.6,55.0,51.9,52.4
2013/06/05,52.1,52.8,51.5,51.8
2013/06/06,51.8,52.5,51.5,51.9
2013/06/07,52.0,52.4,51.5,51.8
2013/06/10,52.3,53.3,52.2,52.9
2013/06/11,53.3,54.2,52.9,53.4
2013/06/13,52.8,52.8,50.3,50.3
2013/06/14,50.6,51.4,50.4,51.4
2013/06/17,52.0,52.4,51.8,52.1
2013/06/18,52.6,53.6,51.9,52.6
2013/06/19,52.3,53.0,51.6,51.6
2013/06/20,50.9,51.0,48.0,48.0
2013/06/21,44.6,44.9,44.6,44.6
2013/06/24,44.6,44.6,41.8,41.9
2013/06/25,39.8,41.1,39.0,39.9
2013/06/26,41.0,41.3,40.7,41.3
2013/06/27,42.7,44.2,42.1,44.2
2013/06/28,44.7,45.4,43.6,43.9
2013/07/01,43.8,44.4,42.2,43.8
2013/07/02,44.4,44.4,43.4,43.9
2013/07/03,43.5,43.7,41.6,42.2
2013/07/04,41.9,42.3,40.3,41.0
2013/07/05,41.1,42.2,41.1,41.6
2013/07/08,41.6,41.6,39.2,39.7
2013/07/09,39.2,40.0,38.5,39.4
2013/07/10,39.5,42.1,39.5,42.1
2013/07/11,42.5,45.0,42.1,43.6
2013/07/12,43.8,44.9,43.6,44.1
2013/07/15,44.1,45.2,43.5,44.6
2013/07/16,44.9,46.7,44.9,46.2
2013/07/17,46.2,46.7,45.2,45.7
2013/07/18,46.2,46.3,44.8,45.6
2013/07/19,45.7,46.4,43.9,44.4
2013/07/22,44.4,45.0,43.6,44.1
2013/07/23,44.4,45.1,44.2,44.6
2013/07/24,44.9,45.1,44.2,44.7
2013/07/25,44.9,46.8,44.6,46.1
2013/07/26,47.2,48.0,46.4,46.4
2013/07/29,46.9,46.9,45.4,45.9
2013/07/30,45.9,46.5,45.6,45.6
2013/07/31,45.3,45.6,44.4,44.6
2013/08/01,44.7,45.4,44.1,44.4
2013/08/02,44.9,45.1,44.5,44.5
2013/08/05,44.8,46.5,44.8,46.4
2013/08/06,46.4,46.9,45.7,45.8
2013/08/07,45.4,45.7,43.8,44.3
2013/08/08,43.9,43.9,41.2,42.1
2013/08/09,42.5,43.1,41.9,42.5
2013/08/12,42.8,43.3,42.0,42.0
2013/08/13,42.1,43.8,41.8,43.2
2013/08/14,43.3,43.4,42.1,42.6
2013/08/15,42.2,43.0,42.0,42.3
2013/08/16,42.2,43.1,42.0,42.8
2013/08/19,42.8,43.6,42.5,43.2
2013/08/20,42.8,43.0,41.6,42.1
2013/08/22,41.5,41.6,40.5,41.6
2013/08/23,41.9,42.0,41.3,41.6
2013/08/26,41.7,42.8,41.7,42.8
2013/08/27,43.2,43.5,41.2,41.8
2013/08/28,41.3,41.4,40.4,41.1
2013/08/29,41.3,41.8,41.1,41.6
2013/08/30,42.0,42.3,41.6,41.6
2013/09/02,41.7,42.1,41.1,41.5
2013/09/03,41.9,44.0,41.9,43.7
2013/09/04,43.7,44.0,43.1,43.4
2013/09/05,44.0,45.7,43.6,45.1
2013/09/06,45.7,47.2,45.7,46.4
2013/09/09,46.7,46.8,45.6,46.8
2013/09/10,47.4,47.4,46.3,46.3
2013/09/11,47.2,47.7,46.8,47.3
2013/09/12,47.7,50.5,47.5,49.8
2013/09/13,50.5,50.8,49.0,49.4
2013/09/16,49.4,50.2,49.2,49.2
2013/09/17,49.3,50.2,49.2,49.4
2013/09/18,49.8,50.0,48.9,49.4
2013/09/23,49.7,51.2,49.7,50.7
2013/09/24,50.7,51.1,50.0,50.2
2013/09/25,50.2,50.5,49.6,49.8
2013/09/26,50.0,50.2,47.2,47.2
2013/09/27,47.1,48.1,46.6,48.0
2013/09/30,46.8,47.6,46.7,47.4
2013/10/01,47.4,48.0,46.8,47.4
2013/10/02,47.7,47.8,46.6,47.0
2013/10/03,46.8,48.7,46.1,48.3
2013/10/04,48.8,49.5,48.5,48.5
2013/10/07,48.5,49.4,48.3,48.8
2013/10/08,48.9,49.7,48.9,49.4
2013/10/09,49.2,49.8,48.9,49.2
2013/10/11,50.2,50.2,49.2,49.2
2013/10/14,49.2,49.2,47.8,48.6
2013/10/15,49.1,50.2,48.8,49.8
2013/10/16,49.8,50.5,49.4,49.9
2013/10/17,50.5,50.9,50.0,50.0
2013/10/18,50.1,50.4,49.6,49.8
2013/10/21,49.8,50.7,49.8,50.0
2013/10/22,50.5,51.2,50.2,50.9
2013/10/23,51.2,51.4,50.3,50.9
2013/10/24,50.9,51.1,50.0,50.4
2013/10/25,49.8,49.8,48.0,48.8
2013/10/28,48.7,48.9,48.0,48.7
2013/10/29,48.3,49.1,48.2,48.7
2013/10/30,48.8,49.1,48.7,48.9
2013/10/31,48.8,48.9,48.3,48.7
2013/11/01,48.9,49.4,48.7,48.9
2013/11/04,49.2,49.2,48.2,48.5
2013/11/05,48.2,48.8,48.2,48.5
2013/11/06,48.5,48.9,48.3,48.9
2013/11/07,48.9,49.4,48.7,48.7
2013/11/08,48.6,48.8,48.3,48.3
2013/11/11,48.8,48.8,48.3,48.4
2013/11/12,48.8,49.6,48.6,48.9
2013/11/13,49.2,49.4,48.1,48.5
2013/11/14,48.5,48.9,48.3,48.6
2013/11/15,48.9,49.6,48.7,49.2
2013/11/18,49.5,50.7,49.4,50.5
2013/11/19,50.9,50.9,50.2,50.7
2013/11/20,50.9,51.7,50.6,50.6
2013/11/21,50.5,50.8,49.4,49.4
2013/11/22,49.8,50.0,49.2,49.5
2013/11/25,50.0,50.2,49.5,49.6
2013/11/26,49.9,51.2,49.9,50.9
2013/11/27,51.1,51.5,50.7,51.3
2013/11/28,51.7,54.3,51.7,54.3
2013/11/29,54.6,54.8,53.7,53.7
2013/12/02,54.1,56.7,53.9,56.6
2013/12/03,56.7,57.7,56.0,56.6
2013/12/04,56.6,56.6,55.4,55.6
2013/12/05,55.6,55.9,53.9,54.3
2013/12/06,53.9,55.2,53.9,54.3
2013/12/09,54.6,55.5,54.4,54.6
2013/12/10,54.6,55.8,54.6,55.0
2013/12/11,56.3,57.0,55.3,55.3
2013/12/12,54.8,55.2,54.4,54.8
2013/12/13,54.8,56.3,54.1,56.3
2013/12/16,56.7,57.6,55.4,55.4
2013/12/17,56.3,56.3,55.2,55.3
2013/12/18,55.3,55.9,55.2,55.4
2013/12/19,55.9,56.2,55.0,55.1
2013/12/20,55.2,55.6,54.7,55.1
2013/12/23,54.3,54.3,52.6,53.1
2013/12/24,53.2,53.9,53.2,53.7
2013/12/25,53.9,54.0,53.5,53.7
2013/12/26,54.0,54.4,53.7,53.7
2013/12/27,53.9,54.2,53.8,54.2
2013/12/30,54.3,54.5,54.0,54.3
2013/12/31,54.4,54.5,53.2,53.5
2014/01/02,53.5,53.7,53.0,53.6
2014/01/03,53.1,53.6,52.6,53.0
2014/01/06,52.9,52.9,51.6,51.8
2014/01/07,51.7,52.4,51.6,52.0
2014/01/08,52.5,52.5,51.3,51.7
2014/01/09,51.7,51.7,50.9,51.5
2014/01/10,51.5,52.4,51.5,51.8
2014/01/13,52.8,53.9,52.8,53.9
2014/01/14,53.9,53.9,53.1,53.4
2014/01/15,53.7,54.9,53.7,54.1
2014/01/16,55.0,55.0,54.1,54.1
2014/01/17,54.6,54.8,53.8,53.9
2014/01/20,53.9,54.3,53.6,53.7
2014/01/21,53.6,54.1,52.6,53.3
2014/01/22,53.3,53.5,52.8,53.2
2014/01/23,53.2,54.1,53.0,53.0
2014/01/24,52.6,53.1,52.0,52.4
2014/01/27,51.2,51.8,50.9,51.0
2014/02/05,49.4,50.2,49.2,49.6
2014/02/06,50.0,50.5,49.5,50.2
2014/02/07,50.5,51.1,50.2,50.3
2014/02/10,50.9,51.0,50.5,50.7
2014/02/11,51.1,51.4,50.7,50.9
2014/02/12,51.2,51.3,50.0,50.5
2014/02/13,50.5,50.9,50.2,50.5
2014/02/14,51.1,51.5,50.7,50.7
2014/02/17,50.8,51.1,50.5,50.9
2014/02/18,51.2,51.3,50.6,50.6
2014/02/19,50.9,50.9,50.3,50.7
2014/02/20,50.8,52.3,50.8,51.1
2014/02/21,52.2,52.4,51.5,51.8
2014/02/24,51.5,51.6,50.5,51.0
2014/02/25,51.0,51.2,50.5,51.1
2014/02/26,50.8,51.1,50.6,50.6
2014/02/27,50.6,51.2,50.6,50.9
2014/03/03,50.7,50.7,49.8,50.0
2014/03/04,49.8,50.0,48.0,48.6
2014/03/05,49.3,49.3,48.4,48.8
2014/03/06,49.0,49.8,48.9,49.7
2014/03/07,50.0,50.1,48.9,49.1
2014/03/10,49.2,49.5,48.4,48.7
2014/03/11,48.8,49.0,48.3,48.6
2014/03/12,48.6,48.8,48.3,48.4
2014/03/13,48.6,49.6,48.5,49.4
2014/03/14,49.2,49.3,48.8,49.2
2014/03/17,49.4,49.8,48.9,49.4
2014/03/18,49.8,50.0,49.6,49.7
2014/03/19,50.0,50.3,48.9,49.8
2014/03/20,49.6,49.6,48.9,48.9
2014/03/21,49.0,49.3,48.6,48.8
2014/03/24,48.7,49.4,48.3,49.4
2014/03/25,49.5,49.9,49.4,49.5
2014/03/26,50.0,50.0,49.4,49.5
2014/03/27,49.4,49.7,49.1,49.6
2014/03/28,49.8,50.4,49.2,49.4
2014/03/31,49.5,49.9,49.2,49.9
2014/04/01,50.2,50.2,49.6,49.6
2014/04/02,49.8,50.1,49.7,49.8
2014/04/03,50.0,51.1,49.8,50.7
2014/04/07,50.2,51.0,50.2,51.0
2014/04/08,51.0,51.1,50.4,50.7
2014/04/09,50.7,51.0,50.4,50.4
2014/04/10,50.6,51.0,50.4,50.8
2014/04/11,50.8,51.5,50.5,51.2
2014/04/14,51.5,52.3,51.1,51.1
2014/04/15,51.3,51.5,50.7,50.7
2014/04/16,50.9,51.0,50.0,50.4
2014/04/17,50.5,50.9,50.2,50.7
2014/04/18,51.1,51.1,50.7,50.9
2014/04/21,51.0,51.6,50.7,50.7
2014/04/22,50.9,51.3,50.9,51.2
2014/04/23,51.5,51.6,51.0,51.2
2014/04/24,51.3,51.3,50.4,50.9
2014/04/25,51.2,51.2,48.8,49.4
2014/04/28,48.6,49.3,48.6,49.2
2014/04/29,49.2,49.8,49.2,49.5
2014/04/30,49.8,49.8,48.9,48.9
2014/05/02,49.0,49.4,49.0,49.2
2014/05/05,49.7,50.2,49.6,49.6
2014/05/06,49.6,50.1,49.3,49.6
2014/05/07,49.6,50.0,49.5,49.6
2014/05/08,49.6,50.0,49.4,49.5
2014/05/09,49.5,49.6,48.5,49.1
2014/05/12,49.5,49.7,48.3,48.7
2014/05/13,48.8,48.9,48.3,48.3
2014/05/14,48.2,49.0,48.2,48.9
2014/05/15,48.8,50.5,48.8,50.0
2014/05/16,49.8,50.2,49.3,50.1
2014/05/19,50.3,50.3,49.6,49.8
2014/05/20,49.8,49.8,49.0,49.1
2014/05/21,48.9,49.5,48.5,49.0
2014/05/22,49.3,49.6,49.1,49.4
2014/05/23,49.0,49.7,49.0,49.6
2014/05/26,49.6,50.2,49.6,50.0
2014/05/27,50.2,50.3,49.4,49.7
2014/05/28,50.1,51.3,49.8,51.1
2014/05/29,51.3,51.5,50.5,50.9
2014/05/30,51.0,51.4,50.5,51.4
2014/06/03,51.4,51.4,50.7,50.8
2014/06/04,51.1,51.1,50.2,50.2
2014/06/05,50.4,50.5,50.0,50.3
2014/06/06,50.7,50.7,50.0,50.1
2014/06/09,50.2,51.0,50.2,50.5
2014/06/10,50.5,50.8,50.5,50.7
2014/06/11,50.9,51.9,50.7,51.7
2014/06/12,51.9,52.4,51.9,51.9
2014/06/13,51.8,52.2,51.3,52.1
2014/06/16,52.1,52.2,51.7,51.8
2014/06/17,51.8,52.1,51.4,51.4
2014/06/18,51.5,51.7,50.4,50.9
2014/06/19,51.2,51.5,51.1,51.5
2014/06/20,51.5,51.7,51.1,51.2
2014/06/23,51.2,51.3,50.2,50.4
2014/06/24,50.4,50.7,50.1,50.1
2014/06/25,50.9,50.9,50.0,50.1
2014/06/26,50.7,50.9,50.5,50.9
2014/06/27,51.2,51.4,51.0,51.2
2014/06/30,51.3,51.4,50.9,51.3
2014/07/01,51.5,51.5,50.5,51.0
2014/07/02,50.6,51.2,50.6,50.7
2014/07/03,50.9,51.2,50.7,51.2
2014/07/04,51.5,51.6,51.0,51.1
2014/07/07,51.5,51.5,51.0,51.3
2014/07/08,51.4,51.5,50.9,51.2
2014/07/09,51.2,51.4,51.0,51.1
2014/07/10,51.1,51.5,51.1,51.5
2014/07/11,51.7,51.7,50.9,50.9
2014/07/14,51.0,52.7,51.0,52.4
2014/07/15,52.8,52.9,52.3,52.7
2014/07/16,52.7,52.8,51.9,52.1
2014/07/17,52.4,54.1,52.3,53.9
2014/07/18,53.9,54.4,53.4,53.9
2014/07/21,54.3,54.5,53.7,54.0
2014/07/22,53.9,54.3,53.8,54.0
2014/07/24,54.0,55.0,54.0,54.9
2014/07/25,55.1,56.3,54.6,55.4
2014/07/28,55.0,57.8,54.9,57.8
2014/07/29,59.0,59.9,58.3,58.7
2014/07/30,59.0,60.0,58.7,59.1
2014/07/31,59.4,60.2,58.4,59.6
2014/08/01,58.8,60.4,58.4,58.7
2014/08/04,59.9,59.9,58.4,58.8
2014/08/05,58.9,59.6,58.3,58.4
2014/08/06,58.8,58.8,56.5,58.8
2014/08/07,59.2,60.3,59.0,59.5
2014/08/08,59.7,59.7,58.0,59.3
2014/08/11,59.8,59.8,58.9,59.0
2014/08/12,59.6,60.4,59.0,59.0
2014/08/13,59.9,60.1,59.2,59.4
2014/08/14,60.0,60.0,58.9,59.5
2014/08/15,59.6,59.6,58.2,58.7
2014/08/18,59.0,59.0,57.5,57.7
2014/08/19,57.8,58.6,57.6,58.5
2014/08/20,58.9,59.4,58.6,59.4
2014/08/21,59.7,59.7,59.0,59.6
2014/08/22,59.6,60.0,59.3,59.6
2014/08/25,59.6,59.9,59.4,59.7
2014/08/26,59.9,60.3,59.7,60.0
2014/08/27,60.1,61.2,60.0,60.5
2014/08/28,61.0,61.0,60.2,60.8
2014/08/29,60.8,60.8,60.3,60.7
2014/09/01,60.2,60.9,59.6,59.8
2014/09/02,59.8,59.8,58.2,58.8
2014/09/03,58.8,59.4,58.5,59.0
2014/09/04,59.0,59.4,58.7,59.1
2014/09/05,59.1,59.4,58.7,59.4
2014/09/09,59.6,60.3,59.3,60.2
2014/09/10,59.8,60.2,59.2,59.3
2014/09/11,59.3,59.4,58.7,58.8
2014/09/12,59.2,59.2,58.4,58.6
2014/09/15,58.4,58.7,58.3,58.5
2014/09/16,58.6,58.6,57.8,58.0
2014/09/17,58.4,58.4,57.7,58.0
2014/09/18,58.3,58.6,58.0,58.6
2014/09/19,59.5,60.3,59.3,59.5
2014/09/22,59.5,59.5,58.8,59.3
2014/09/23,59.3,59.5,58.7,58.9
2014/09/24,58.8,59.2,58.5,58.6
2014/09/25,59.0,59.1,54.5,56.4
2014/09/26,56.3,57.1,55.9,56.8
2014/09/29,56.8,56.8,55.6,56.2
2014/09/30,55.6,55.8,54.1,55.5
2014/10/01,55.3,56.3,54.9,56.2
2014/10/02,55.6,56.2,55.2,55.9
2014/10/03,56.0,56.4,55.3,56.2
2014/10/06,56.2,56.2,55.5,55.9
2014/10/07,55.9,55.9,55.5,55.9
2014/10/08,55.6,55.8,55.2,55.4
2014/10/09,55.9,55.9,54.9,55.5
2014/10/13,55.1,55.1,54.4,54.8
2014/10/14,54.8,55.2,54.3,55.2
2014/10/15,55.2,55.2,54.4,54.8
2014/10/16,54.1,54.3,52.9,54.3
2014/10/17,54.3,54.3,53.0,53.3
2014/10/20,54.0,54.1,53.4,54.1
2014/10/21,54.1,54.1,53.3,53.7
2014/10/22,54.2,54.7,53.7,54.7
2014/10/23,54.7,55.0,53.7,54.8
2014/10/24,54.7,54.8,53.7,54.3
2014/10/27,54.7,54.8,53.4,54.1
2014/10/28,54.4,54.8,54.2,54.7
2014/10/29,55.0,56.4,54.8,55.9
2014/10/30,55.9,56.2,55.4,55.8
2014/10/31,56.1,56.3,55.9,56.3
2014/11/03,56.3,57.1,56.2,56.8
2014/11/04,57.1,57.1,56.4,56.8
2014/11/05,56.9,57.1,56.2,56.5
2014/11/06,56.2,56.7,56.2,56.2
2014/11/07,56.5,56.5,55.9,56.0
2014/11/10,56.2,57.1,56.2,57.1
2014/11/11,56.8,56.9,56.5,56.6
2014/11/12,57.1,57.2,56.5,56.5
2014/11/13,57.0,57.1,56.5,56.5
2014/11/14,56.5,57.1,56.2,56.2
2014/11/17,56.3,56.6,55.3,55.3
2014/11/18,55.8,56.2,55.4,56.2
2014/11/19,56.3,56.8,56.0,56.8
2014/11/20,56.6,57.1,56.4,57.1
2014/11/21,57.1,57.4,56.9,57.4
2014/11/24,58.0,60.3,58.0,60.0
2014/11/25,60.0,60.2,59.3,59.7
2014/11/26,60.2,61.1,59.6,59.6
2014/11/27,59.7,60.0,59.2,59.7
2014/11/28,59.7,59.7,59.2,59.7
2014/12/01,58.6,60.0,58.4,59.9
2014/12/02,59.9,59.9,58.8,59.0
2014/12/03,59.4,60.8,59.1,60.1
2014/12/04,60.5,60.8,59.7,59.7
2014/12/05,59.9,60.5,59.8,60.4
2014/12/08,60.4,60.8,60.0,60.4
2014/12/09,60.3,60.3,59.2,59.6
2014/12/10,59.6,59.8,59.2,59.7
2014/12/11,59.3,60.2,59.0,59.6
2014/12/12,60.0,60.0,58.8,59.0
2014/12/15,58.5,58.6,58.0,58.5
2014/12/16,58.0,58.2,57.7,57.7
2014/12/17,57.7,58.7,57.6,58.1
2014/12/18,58.5,59.0,58.2,58.3
2014/12/19,58.6,59.0,58.3,58.3
2014/12/22,58.0,59.0,58.0,59.0
2014/12/23,59.2,59.2,58.3,58.3
2014/12/24,58.7,58.7,58.0,58.5
2014/12/25,58.5,58.7,58.0,58.6
2014/12/26,58.8,58.9,58.2,58.4
2014/12/29,58.6,59.0,58.3,58.6
2014/12/30,58.6,59.0,58.4,58.8
2014/12/31,58.5,59.2,58.5,59.2
2015/01/05,59.0,59.0,58.3,58.6
2015/01/06,58.1,58.1,57.4,57.8
2015/01/07,57.5,57.7,57.2,57.5
2015/01/08,57.7,58.2,57.5,58.2
2015/01/09,58.3,58.4,57.7,58.3
2015/01/12,58.0,58.0,57.5,57.5
2015/01/13,57.3,57.4,56.4,57.0
2015/01/14,56.7,56.8,56.2,56.2
2015/01/15,56.2,56.2,55.4,55.4
2015/01/16,55.4,56.5,55.4,56.0
2015/01/19,56.2,56.5,55.0,55.9
2015/01/20,55.8,56.5,55.6,56.3
2015/01/21,56.5,56.8,56.2,56.8
2015/01/22,56.8,57.7,56.6,57.4
2015/01/23,57.7,57.7,57.0,57.6
2015/01/26,57.7,57.7,57.0,57.5
2015/01/27,57.5,57.9,57.2,57.5
2015/01/28,57.1,57.4,56.9,57.1
2015/01/29,57.0,57.7,56.5,56.8
2015/01/30,56.5,57.0,56.1,56.1
2015/02/02,56.2,56.7,56.1,56.2
2015/02/03,56.2,57.4,56.2,57.0
2015/02/04,57.4,57.5,56.7,57.0
2015/02/05,57.2,57.4,56.8,57.3
2015/02/06,57.1,57.4,56.7,56.8
2015/02/09,56.8,57.3,56.3,56.5
2015/02/10,56.5,57.1,56.4,57.0
2015/02/11,56.9,57.4,56.5,56.8
2015/02/12,56.7,57.1,56.4,56.5
2015/02/13,56.5,57.1,56.5,56.8
2015/02/24,57.1,57.4,57.1,57.4
2015/02/25,57.5,57.6,57.1,57.4
2015/02/26,57.5,57.5,57.1,57.4
2015/03/02,57.5,58.3,57.2,57.8
2015/03/03,58.2,58.3,57.7,57.8
2015/03/04,57.8,57.9,57.5,57.7
2015/03/05,57.8,58.0,57.4,57.9
2015/03/06,57.9,58.3,57.5,58.1
2015/03/09,58.0,58.2,57.6,58.1
2015/03/10,58.3,59.0,57.8,58.6
2015/03/11,57.8,58.7,57.8,58.6
2015/03/12,58.6,58.8,58.5,58.6
2015/03/13,58.6,58.9,58.6,58.8
2015/03/16,58.7,59.0,58.7,58.9
2015/03/17,59.0,59.3,58.7,59.0
2015/03/18,59.0,59.3,58.9,59.3
2015/03/19,59.3,60.4,59.2,60.1
2015/03/20,60.1,60.5,59.9,60.5
2015/03/23,60.8,61.4,60.8,61.2
2015/03/24,61.2,61.5,60.7,61.2
2015/03/25,61.4,61.4,60.7,61.1
2015/03/26,60.5,60.8,59.8,60.3
2015/03/27,60.1,60.1,58.2,58.2
2015/03/30,58.4,58.7,57.7,58.6
2015/03/31,58.6,58.7,58.3,58.6
2015/04/01,58.6,59.0,58.4,58.5
2015/04/02,58.6,59.3,58.6,59.3
2015/04/07,59.3,59.6,59.0,59.5
2015/04/08,59.6,59.6,58.8,59.2
2015/04/09,59.5,60.4,59.2,59.9
2015/04/10,60.2,60.2,59.4,59.8
2015/04/13,59.5,59.8,59.0,59.7
2015/04/14,59.6,59.8,59.0,59.3
2015/04/15,59.3,59.6,58.3,58.6
2015/04/16,58.3,59.3,58.3,59.3
2015/04/17,59.0,59.3,58.5,59.0
2015/04/20,58.9,59.0,58.6,58.6
2015/04/21,59.2,59.2,58.2,58.6
2015/04/22,58.7,59.0,58.3,58.9
2015/04/23,59.2,61.0,58.9,60.7
2015/04/24,60.7,61.2,59.9,60.8
2015/04/27,61.0,64.9,61.0,64.6
2015/04/28,64.6,65.3,63.5,63.8
2015/04/29,64.1,64.6,62.5,63.8
2015/04/30,63.8,63.9,62.9,63.2
2015/05/04,63.2,63.2,61.9,62.0
2015/05/05,62.6,62.9,62.0,62.3
2015/05/06,62.0,62.5,61.8,62.3
2015/05/07,62.3,62.3,61.0,61.0
2015/05/08,61.7,61.9,61.1,61.3
2015/05/11,62.3,63.5,61.5,62.5
2015/05/12,62.3,62.6,61.7,62.0
2015/05/13,62.3,63.1,61.4,61.4
2015/05/14,61.1,61.1,58.2,58.9
2015/05/15,58.9,59.4,58.4,58.6
2015/05/18,58.6,58.6,57.4,58.1
2015/05/19,58.4,59.6,58.4,59.3
2015/05/20,59.3,60.3,58.9,59.1
2015/05/21,58.7,58.7,58.3,58.3
2015/05/22,58.5,58.9,58.3,58.5
2015/05/25,58.6,58.8,58.0,58.2
2015/05/26,58.7,59.0,58.0,58.3
2015/05/27,58.3,58.8,58.1,58.6
2015/05/28,58.7,58.8,58.2,58.3
2015/05/29,58.7,58.8,57.9,58.3
2015/06/01,57.9,58.2,57.4,57.5
2015/06/02,57.4,58.2,57.3,57.5
2015/06/03,58.0,58.0,56.8,57.1
2015/06/04,57.4,57.4,56.2,57.1
2015/06/05,56.4,57.2,56.2,57.2
2015/06/08,57.1,58.1,56.8,57.6
2015/06/09,57.8,57.9,56.4,57.2
2015/06/10,57.2,57.5,56.7,57.4
2015/06/11,57.4,57.5,56.7,57.1
2015/06/12,57.1,57.3,56.2,56.7
2015/06/15,56.7,57.1,56.3,57.1
2015/06/16,56.9,57.0,56.2,56.6
2015/06/17,56.4,56.5,55.3,55.7
2015/06/18,55.7,55.9,55.3,55.7
2015/06/22,55.6,56.1,55.3,55.5
2015/06/23,55.6,56.0,55.2,55.3
2015/06/24,55.5,55.8,55.4,55.6
2015/06/25,55.6,55.9,55.4,55.9
2015/06/26,55.8,56.0,55.4,55.9
2015/06/29,55.6,55.9,55.3,55.6
2015/06/30,55.6,56.3,55.0,55.9
2015/07/01,56.2,57.5,55.9,57.4
2015/07/02,57.5,57.7,57.0,57.1
2015/07/03,56.7,58.0,55.6,57.8
2015/07/06,57.1,57.7,57.1,57.1
2015/07/07,57.1,57.8,56.2,56.6
2015/07/08,56.3,56.7,54.7,55.4
2015/07/09,54.3,54.3,52.6,52.8
2015/07/13,53.8,54.3,53.3,53.7
2015/07/14,54.4,54.7,53.8,54.1
2015/07/15,54.3,54.4,53.3,53.3
2015/07/16,53.6,54.0,53.3,53.5
2015/07/17,54.1,54.4,53.7,54.4
2015/07/20,54.8,55.0,53.4,53.5
2015/07/21,53.5,53.8,52.9,53.2
2015/07/22,52.9,53.4,52.6,53.4
2015/07/23,53.7,54.2,53.4,54.2
2015/07/24,54.2,54.6,53.8,54.2
2015/07/27,53.9,54.1,52.9,52.9
2015/07/28,50.8,51.3,49.4,51.0
2015/07/29,50.8,51.2,50.1,51.2
2015/07/30,51.2,51.9,50.8,51.3
2015/07/31,50.9,51.4,50.1,51.4
2015/08/03,50.9,50.9,49.7,50.4
2015/08/04,50.4,50.4,48.4,49.1
2015/08/05,49.2,50.1,49.2,49.9
2015/08/06,50.7,50.7,49.7,49.7
2015/08/07,49.4,50.1,49.4,49.9
2015/08/10,49.9,51.5,49.9,51.5
2015/08/11,51.9,52.3,50.3,50.8
2015/08/12,50.8,50.8,47.6,48.1
2015/08/13,48.0,48.6,46.1,46.9
2015/08/14,46.8,47.3,46.2,47.1
2015/08/17,46.9,47.5,46.2,46.2
2015/08/18,46.2,46.6,44.0,44.2
2015/08/19,43.8,44.3,41.4,41.9
2015/08/20,41.0,41.8,39.1,40.5
2015/08/21,39.2,39.4,38.1,38.6
2015/08/24,37.3,38.0,34.8,35.8
2015/08/25,35.8,39.0,35.8,39.0
2015/08/26,39.0,39.4,37.5,39.1
2015/08/27,39.8,40.5,38.7,39.8
2015/08/28,40.5,41.3,39.8,40.9
2015/08/31,40.9,41.0,39.9,40.8
2015/09/01,40.8,41.7,40.3,40.5
2015/09/02,39.8,40.2,39.6,39.9
2015/09/03,40.0,40.4,39.4,39.7
2015/09/04,39.6,40.2,39.1,39.3
2015/09/07,39.0,39.3,38.8,38.9
2015/09/08,38.9,39.4,38.9,39.0
2015/09/09,40.0,42.5,39.9,42.1
2015/09/10,41.9,44.0,41.5,43.1
2015/09/11,42.8,43.5,42.5,43.1
2015/09/14,43.1,43.3,42.2,42.4
2015/09/15,42.4,42.5,41.4,42.0
2015/09/16,42.3,42.5,41.7,42.0
2015/09/17,42.5,43.4,42.4,43.0
2015/09/18,43.2,43.7,42.7,43.0
2015/09/21,42.0,42.4,41.2,41.2
2015/09/22,41.4,41.8,41.3,41.8
2015/09/23,41.3,41.8,41.0,41.3
2015/09/24,42.0,42.4,41.4,41.5
2015/09/25,41.4,41.6,40.0,40.9
2015/09/30,40.2,40.6,39.8,40.2
2015/10/01,40.8,41.7,40.5,41.4
2015/10/02,41.5,42.8,41.4,42.4
2015/10/05,43.0,44.3,43.0,44.1
2015/10/06,45.3,45.5,44.2,45.1
2015/10/07,44.9,45.5,44.0,45.3
2015/10/08,45.6,47.3,45.6,46.0
2015/10/12,46.7,47.6,46.5,47.3
2015/10/13,48.1,48.7,47.3,48.3
2015/10/14,48.3,48.7,47.7,48.3
2015/10/15,48.6,49.7,48.5,49.3
2015/10/16,49.6,49.8,48.7,48.8
2015/10/19,49.1,49.1,47.8,48.0
2015/10/20,48.3,48.7,48.0,48.6
2015/10/21,48.7,48.8,47.7,47.7
2015/10/22,47.4,47.9,46.9,47.9
2015/10/23,48.6,48.6,47.8,48.2
2015/10/26,49.4,49.4,48.8,49.4
2015/10/27,49.4,49.7,49.0,49.4
2015/10/28,49.5,50.4,49.0,49.9
2015/10/29,50.5,50.5,49.4,49.7
2015/10/30,49.3,49.3,47.6,48.7
2015/11/02,48.2,48.5,48.0,48.3
2015/11/03,48.8,49.5,48.8,49.0
2015/11/04,49.4,49.8,49.0,49.4
2015/11/05,49.8,50.0,49.5,49.8
2015/11/06,49.8,49.9,48.3,48.3
2015/11/09,48.3,48.8,48.0,48.1
2015/11/10,47.8,48.0,47.3,47.6
2015/11/11,47.4,47.6,45.7,45.7
2015/11/12,46.2,46.6,45.4,46.1
2015/11/13,45.3,46.0,45.3,45.7
2015/11/16,44.9,44.9,43.4,44.0
2015/11/17,44.8,45.2,44.0,44.2
2015/11/18,44.6,45.0,44.4,44.4
2015/11/19,45.1,45.8,44.8,45.5
2015/11/20,45.8,45.8,44.6,45.1
2015/11/23,45.1,45.7,44.6,45.1
2015/11/24,45.1,45.1,44.4,44.9
2015/11/25,44.9,45.0,43.4,43.7
2015/11/26,44.3,45.0,44.0,44.8
2015/11/27,44.9,44.9,44.4,44.4
2015/11/30,43.6,43.7,43.0,43.1
2015/12/01,43.7,44.4,43.6,44.1
2015/12/02,44.4,44.8,44.1,44.1
2015/12/03,43.8,44.4,43.3,44.1
2015/12/04,43.7,43.9,43.1,43.7
2015/12/07,44.2,44.3,44.0,44.0
2015/12/08,44.0,44.1,43.1,43.1
2015/12/09,42.9,42.9,41.1,41.2
2015/12/10,41.2,41.5,40.4,41.2
2015/12/11,42.0,42.2,41.0,41.0
2015/12/14,40.5,41.4,40.2,41.2
2015/12/15,41.6,41.7,40.6,40.8
2015/12/16,41.2,41.5,41.0,41.2
2015/12/17,41.5,42.6,41.4,42.1
2015/12/18,41.8,42.2,41.5,42.1
2015/12/21,41.5,42.1,41.1,41.8
2015/12/22,42.1,42.4,41.8,42.4
2015/12/23,42.6,44.0,42.5,43.7
2015/12/24,44.4,44.5,43.7,44.2
2015/12/25,44.1,44.4,43.4,44.4
2015/12/28,44.5,44.8,44.2,44.5
2015/12/29,44.5,44.5,43.8,44.1
2015/12/30,44.4,44.4,43.5,44.4
2015/12/31,44.1,44.4,43.4,44.4
2016/01/05,41.4,41.8,41.2,41.5
2016/01/06,41.4,41.5,40.6,41.5
2016/01/07,41.2,41.3,39.9,40.1
2016/01/08,39.3,40.8,39.3,40.2
2016/01/11,40.4,40.6,39.5,40.1
2016/01/12,40.2,40.9,39.6,39.6
2016/01/13,40.2,41.4,40.0,40.9
2016/01/14,40.1,40.6,39.7,40.5
2016/01/15,40.6,40.8,39.1,39.4
2016/01/18,38.6,40.5,38.4,40.1
2016/01/19,40.2,40.5,39.5,39.9
2016/01/20,39.3,39.6,38.7,38.7
2016/01/21,39.4,39.4,38.0,39.0
2016/01/22,39.7,39.7,39.0,39.4
2016/01/25,39.8,40.9,39.7,40.8
2016/01/26,40.8,41.4,40.5,40.5
2016/01/27,41.2,41.2,39.9,40.4
2016/01/28,40.0,40.4,39.9,40.3
2016/01/29,40.0,41.1,39.9,41.1
2016/02/01,41.3,41.3,40.6,40.8
2016/02/02,40.6,41.2,40.2,41.0
2016/02/03,40.9,41.5,40.2,41.1
2016/02/15,40.3,40.8,40.3,40.3
2016/02/16,40.8,41.9,40.5,41.6
2016/02/17,41.9,41.9,41.1,41.1
2016/02/18,41.4,41.8,41.3,41.7
2016/02/19,41.4,41.5,40.8,41.2
2016/02/22,41.5,41.8,41.1,41.6
2016/02/23,41.8,42.0,41.5,41.7
2016/02/24,41.7,41.8,41.2,41.6
2016/02/25,41.9,41.9,41.6,41.6
2016/02/26,41.9,43.3,41.9,43.3
2016/03/01,43.7,44.4,43.6,44.2
2016/03/02,44.7,44.8,43.8,44.3
2016/03/03,44.4,45.1,44.0,44.4
2016/03/04,44.7,44.9,44.3,44.8
2016/03/07,45.1,45.7,44.8,45.5
2016/03/08,45.7,45.9,44.8,45.3
2016/03/09,44.9,45.2,44.5,44.8
2016/03/10,44.6,45.1,44.2,44.5
2016/03/11,44.1,45.0,44.1,45.0
2016/03/14,45.3,45.5,45.1,45.3
2016/03/15,44.9,44.9,43.0,43.3
2016/03/16,43.2,43.3,42.3,43.0
2016/03/17,43.4,44.1,43.0,43.6
2016/03/18,43.7,43.8,43.2,43.8
2016/03/21,44.4,44.4,43.6,44.4
2016/03/22,44.3,44.4,43.7,44.4
2016/03/23,44.2,44.4,43.8,44.0
2016/03/24,43.7,44.4,43.6,43.9
2016/03/25,43.4,44.0,43.4,43.4
2016/03/28,43.4,44.0,43.4,43.4
2016/03/29,43.4,43.7,42.7,42.9
2016/03/30,42.9,44.0,42.9,43.7
2016/03/31,43.5,44.0,43.4,43.8
2016/04/01,43.4,43.7,43.0,43.3
2016/04/06,42.7,43.0,42.3,42.6
2016/04/07,42.6,42.9,42.3,42.3
2016/04/08,42.1,42.8,42.0,42.8
2016/04/11,42.8,43.3,42.4,42.7
2016/04/12,43.3,44.3,43.0,44.0
2016/04/13,44.1,44.5,43.7,44.5
2016/04/14,44.8,44.8,43.8,43.9
2016/04/15,43.9,44.3,43.6,44.2
2016/04/18,44.1,44.3,43.8,44.3
2016/04/19,44.0,44.7,44.0,44.1
2016/04/20,44.5,44.5,43.3,43.3
2016/04/21,43.3,44.1,43.3,43.9
2016/04/22,44.0,44.1,43.4,43.6
2016/04/25,43.7,44.2,43.4,43.7
2016/04/26,43.8,43.9,43.0,43.3
2016/04/27,43.3,43.9,43.3,43.8
2016/04/28,44.0,44.0,43.0,43.3
2016/04/29,42.8,43.0,42.3,42.3
2016/05/03,42.4,42.6,41.7,41.7
2016/05/04,41.4,41.6,40.2,41.2
2016/05/05,41.0,41.0,40.4,40.5
2016/05/06,40.5,40.5,39.2,39.4
2016/05/09,39.6,40.0,39.3,39.3
2016/05/10,39.6,39.8,39.3,39.6
2016/05/11,39.8,40.1,39.2,39.4
2016/05/12,39.1,39.7,39.1,39.5
2016/05/13,39.4,39.6,38.9,39.2
2016/05/16,39.0,39.0,37.7,38.9
2016/05/17,39.0,39.3,38.7,39.1
2016/05/18,39.0,39.0,38.3,38.8
2016/05/19,38.7,38.7,38.1,38.3
2016/05/20,38.4,38.9,38.2,38.9
2016/05/23,38.7,39.7,38.3,39.7
2016/05/24,39.5,39.6,39.1,39.6
2016/05/25,39.5,39.6,39.0,39.3
2016/05/26,39.3,39.3,39.0,39.0
2016/05/27,39.0,39.4,39.0,39.1
2016/05/30,39.2,39.6,39.1,39.4
2016/05/31,39.4,39.5,39.0,39.0
2016/06/01,39.0,39.3,38.8,39.0
2016/06/02,39.2,39.7,39.0,39.0
2016/06/03,39.1,39.4,39.0,39.3
2016/06/06,39.5,39.6,39.0,39.1
2016/06/07,39.2,39.5,39.1,39.2
2016/06/08,39.4,39.4,39.2,39.4
2016/06/13,39.3,39.3,38.7,39.0
2016/06/14,39.0,39.2,38.9,39.0
2016/06/15,39.0,39.2,38.9,38.9
2016/06/16,38.9,39.0,38.4,38.5
2016/06/17,38.6,39.0,38.6,38.9
2016/06/20,39.2,39.4,39.0,39.3
2016/06/21,39.4,39.5,39.3,39.5
2016/06/22,39.5,40.1,39.4,40.1
2016/06/23,40.2,40.2,39.8,40.1
2016/06/24,40.1,40.2,39.0,39.1
2016/06/27,39.1,39.9,39.0,39.9
2016/06/28,39.7,40.5,39.4,40.5
2016/06/29,40.8,41.1,40.5,40.6
2016/06/30,40.9,40.9,40.2,40.7
2016/07/01,40.6,40.9,40.5,40.7
2016/07/04,40.8,40.9,40.6,40.8
2016/07/05,40.8,41.2,40.7,41.2
2016/07/06,41.0,41.0,40.6,40.6
2016/07/07,40.5,40.9,40.5,40.9
2016/07/11,41.4,41.4,41.0,41.2
2016/07/12,41.3,41.5,41.1,41.5
2016/07/13,41.7,41.7,41.2,41.6
2016/07/14,41.7,42.7,41.5,42.7
2016/07/15,43.0,43.3,42.8,43.0
2016/07/18,43.3,43.3,42.7,43.1
2016/07/19,43.1,43.3,42.7,43.2
2016/07/20,43.0,43.0,42.6,43.0
2016/07/21,43.0,43.2,43.0,43.0
2016/07/22,43.0,43.1,42.6,43.0
2016/07/25,42.6,43.0,42.0,42.3
2016/07/26,42.6,44.0,42.5,44.0
2016/07/27,44.4,44.5,44.2,44.5
2016/07/28,44.7,44.7,44.1,44.2
2016/07/29,44.3,44.4,44.1,44.2
2016/08/01,44.1,44.8,44.1,44.8
2016/08/02,42.5,42.7,41.4,41.8
2016/08/03,41.4,41.4,40.7,40.8
2016/08/04,41.0,41.2,40.8,41.1
2016/08/05,41.2,41.8,41.1,41.7
2016/08/08,41.9,41.9,41.5,41.9
2016/08/09,41.9,41.9,40.6,41.2
2016/08/10,41.3,41.6,41.0,41.6
2016/08/11,41.7,41.9,41.1,41.7
2016/08/12,41.8,42.4,41.7,42.1
2016/08/15,42.3,42.5,41.9,42.5
2016/08/16,42.7,42.7,42.2,42.6
2016/08/17,42.6,42.6,42.3,42.6
2016/08/18,42.6,43.0,42.4,43.0
2016/08/19,43.0,43.0,42.0,42.3
2016/08/22,42.0,42.1,41.5,41.7
2016/08/23,41.7,42.1,41.5,41.9
2016/08/24,41.9,42.3,41.9,42.0
2016/08/25,41.9,42.3,41.8,42.3
2016/08/26,42.6,43.0,42.5,42.7
2016/08/29,42.8,42.9,42.1,42.6
2016/08/30,42.6,43.0,42.6,43.0
2016/08/31,42.9,43.0,42.4,42.8
2016/09/01,42.6,42.6,42.0,42.3
2016/09/02,42.3,42.5,41.8,42.2
2016/09/05,42.2,42.6,42.2,42.6
2016/09/06,42.6,42.9,42.5,42.8
2016/09/07,42.8,43.6,42.7,43.1
2016/09/08,43.3,43.5,43.0,43.3
2016/09/09,43.3,43.3,43.0,43.0
2016/09/12,42.6,42.7,42.3,42.4
2016/09/13,42.4,42.8,42.0,42.8
2016/09/14,42.7,43.0,42.4,42.5
2016/09/19,43.0,43.5,42.9,43.3
2016/09/20,43.3,43.6,43.0,43.6
2016/09/21,43.6,43.7,43.3,43.7
2016/09/22,43.7,43.7,43.4,43.7
2016/09/23,43.7,44.2,43.7,44.2
2016/09/26,44.4,44.5,44.0,44.4
2016/09/29,44.5,44.5,44.0,44.0
2016/09/30,43.8,44.0,43.4,43.4
2016/10/03,43.3,43.7,43.2,43.2
2016/10/04,43.3,43.7,43.3,43.6
2016/10/05,43.3,43.7,43.3,43.6
2016/10/06,43.6,43.6,43.3,43.3
2016/10/07,43.5,43.5,43.1,43.2
2016/10/11,43.3,43.3,42.3,42.8
2016/10/12,42.7,42.8,42.4,42.8
2016/10/13,42.6,42.8,42.2,42.4
2016/10/14,42.2,42.3,41.6,41.9
2016/10/17,41.8,42.3,41.5,42.2
2016/10/18,41.9,42.7,41.8,42.7
2016/10/19,42.7,43.0,42.6,42.9
2016/10/20,42.9,42.9,42.4,42.6
2016/10/21,42.6,42.8,42.5,42.6
2016/10/24,42.8,42.8,42.4,42.8
2016/10/25,42.9,43.0,42.6,42.8
2016/10/26,43.0,43.6,43.0,43.3
2016/10/27,43.6,43.7,43.1,43.3
2016/10/28,43.3,43.3,43.0,43.1
2016/10/31,42.9,42.9,42.6,42.6
2016/11/01,42.6,42.8,42.4,42.7
2016/11/02,42.4,42.5,42.1,42.3
2016/11/03,42.2,42.3,41.8,42.3
2016/11/04,42.3,42.4,41.8,42.2
2016/11/07,42.2,42.3,42.1,42.1
2016/11/08,42.3,42.3,41.9,42.2
2016/11/09,42.6,42.6,40.9,41.8
2016/11/10,42.2,42.3,41.9,42.2
2016/11/11,42.0,42.2,41.4,41.4
2016/11/14,41.5,42.0,41.4,41.6
2016/11/15,41.9,42.0,41.4,41.4
2016/11/16,41.6,41.8,41.2,41.3
2016/11/17,41.3,41.4,41.2,41.3
2016/11/18,41.6,41.7,41.2,41.4
2016/11/21,41.4,41.9,41.4,41.8
2016/11/22,41.9,42.0,41.7,42.0
2016/11/23,42.1,42.1,41.9,42.0
2016/11/24,42.0,42.4,41.9,42.3
2016/11/25,42.2,42.4,41.9,42.0
2016/11/28,42.4,42.5,42.2,42.3
2016/11/29,42.3,42.3,42.0,42.0
2016/11/30,42.2,42.5,42.1,42.5
2016/12/01,42.4,42.5,42.2,42.3
2016/12/02,42.1,43.2,42.1,42.8
2016/12/05,42.9,43.1,42.5,42.5
2016/12/06,42.6,43.0,42.6,42.8
2016/12/07,43.0,43.0,42.6,42.7
2016/12/08,42.9,43.0,42.7,43.0
2016/12/09,43.0,43.0,42.9,43.0
2016/12/12,43.3,43.3,42.8,43.2
2016/12/13,43.3,43.6,43.2,43.3
2016/12/14,43.4,43.4,43.1,43.3
2016/12/15,43.3,43.3,42.8,42.8
2016/12/16,42.8,43.0,42.7,42.9
2016/12/19,43.0,43.2,43.0,43.0
2016/12/20,43.0,43.0,42.6,42.6
2016/12/21,42.9,42.9,42.5,42.5
2016/12/22,42.5,42.6,42.3,42.5
2016/12/23,42.4,42.5,42.2,42.5
2016/12/26,42.7,42.8,42.3,42.6
2016/12/27,42.6,42.6,42.3,42.6
2016/12/28,42.6,42.7,42.4,42.7
2016/12/29,42.7,42.7,42.3,42.5
2016/12/30,42.3,43.0,42.3,43.0
2017/01/03,43.0,43.1,42.9,43.1
2017/01/04,43.2,43.3,43.1,43.3
2017/01/05,43.4,43.5,43.3,43.5
2017/01/06,43.6,43.6,43.3,43.5
2017/01/09,43.5,43.5,42.7,43.5
2017/01/10,43.2,43.3,43.0,43.3
2017/01/11,43.4,43.4,43.2,43.3
2017/01/12,43.4,44.0,43.4,43.6
2017/01/13,43.7,43.8,43.6,43.7
2017/01/16,43.7,43.7,43.3,43.4
2017/01/17,43.4,43.6,43.0,43.5
2017/01/18,43.2,43.4,43.1,43.4
2017/01/19,43.3,43.4,43.2,43.2
2017/01/20,43.2,43.3,43.1,43.1
2017/01/23,43.5,43.6,43.1,43.3
2017/01/24,43.4,43.9,43.4,43.7
2017/02/02,44.0,44.2,43.4,43.7
2017/02/03,43.9,44.5,43.8,44.4
2017/02/06,44.6,46.0,44.6,45.8
2017/02/07,46.3,48.6,46.3,48.3
2017/02/08,48.7,49.3,47.9,48.3
2017/02/09,48.3,48.8,48.1,48.6
2017/02/10,48.8,49.0,48.3,48.5
2017/02/13,48.8,48.8,48.3,48.5
2017/02/14,48.7,48.7,47.6,48.0
2017/02/15,48.3,48.7,48.1,48.7
2017/02/16,49.0,49.0,48.5,48.7
2017/02/17,48.6,48.8,48.3,48.8
2017/02/20,48.9,49.1,48.7,49.0
2017/02/21,49.2,50.0,49.0,49.9
2017/02/22,50.4,51.5,50.3,51.5
2017/02/23,51.9,52.4,51.2,51.3
2017/02/24,51.3,51.6,50.8,51.5
2017/03/01,51.8,53.0,51.8,52.1
2017/03/02,52.6,53.2,52.3,52.9
2017/03/03,52.8,52.8,51.8,52.6
2017/03/06,52.3,52.4,51.8,52.4
2017/03/07,52.4,53.7,52.2,53.7
2017/03/08,55.0,55.3,54.4,55.1
2017/03/09,55.0,55.1,54.2,54.4
2017/03/10,55.0,55.1,53.8,54.6
2017/03/13,54.7,54.7,53.9,54.1
2017/03/14,54.4,55.5,54.3,55.5
2017/03/15,55.6,56.5,55.6,56.0
2017/03/16,56.6,57.0,56.2,56.5
2017/03/17,56.8,56.8,55.8,56.2
2017/03/20,56.2,57.0,55.7,56.2
2017/03/21,56.9,56.9,56.1,56.5
2017/03/22,55.6,55.8,54.8,55.4
2017/03/23,55.6,55.6,54.1,54.6
2017/03/24,54.7,55.1,54.6,55.1
2017/03/27,55.5,55.5,54.4,54.7
2017/03/28,54.6,54.7,52.6,53.9
2017/03/29,54.5,55.2,54.0,55.1
2017/03/30,55.2,55.5,54.8,55.4
2017/03/31,55.4,55.5,55.1,55.4
2017/04/05,56.0,56.9,55.6,56.3
2017/04/06,56.3,56.6,55.5,56.5
2017/04/07,56.2,56.2,54.3,55.4
2017/04/10,55.4,55.5,54.5,54.7
2017/04/11,54.4,55.5,54.4,55.0
2017/04/12,54.9,55.1,54.6,55.1
2017/04/13,55.1,55.2,55.0,55.1
2017/04/14,54.7,54.9,54.5,54.7
2017/04/17,54.7,54.7,54.0,54.4
2017/04/18,54.7,55.8,54.5,55.8
2017/04/19,55.5,56.2,55.5,55.5
2017/04/20,55.5,55.6,55.1,55.1
2017/04/21,55.5,55.5,54.5,55.1
2017/04/24,55.5,55.6,54.7,55.2
2017/04/25,55.5,56.6,55.2,56.6
2017/04/26,58.1,59.8,57.9,59.4
2017/04/27,60.3,60.4,59.1,60.3
2017/04/28,60.3,61.2,59.9,60.1
2017/05/02,60.1,60.7,59.5,60.7
2017/05/03,60.9,62.8,60.8,62.2
2017/05/04,62.2,62.2,61.1,61.4
2017/05/05,61.3,61.3,59.8,60.0
2017/05/08,60.4,61.0,60.1,60.6
2017/05/09,60.8,60.9,60.3,60.5
2017/05/10,60.9,60.9,59.7,60.5
2017/05/11,60.8,60.8,59.7,59.7
2017/05/12,59.7,61.9,59.7,61.7
2017/05/15,61.5,61.5,60.6,60.9
2017/05/16,61.9,63.3,61.9,63.3
2017/05/17,63.1,63.1,62.0,62.1
2017/05/18,60.6,61.7,60.5,60.9
2017/05/19,61.3,61.5,60.6,61.1
2017/05/22,61.5,62.9,61.3,62.1
2017/05/23,62.7,63.7,61.8,62.1
2017/05/24,62.8,63.6,62.3,63.3
2017/05/25,63.7,63.7,62.6,63.0
2017/05/26,63.3,63.3,61.9,62.0
2017/05/31,62.4,63.4,62.3,63.4
2017/06/01,63.2,63.3,62.2,62.9
2017/06/02,63.1,63.1,62.5,63.0
2017/06/05,62.3,62.5,61.5,61.6
2017/06/06,61.7,62.1,60.2,60.7
2017/06/07,61.1,62.0,61.0,61.7
2017/06/08,62.0,62.2,61.5,61.6
2017/06/09,61.7,61.9,60.8,60.8
2017/06/12,60.9,61.5,60.8,61.0
2017/06/13,61.3,62.4,61.1,62.4
2017/06/14,62.5,62.6,61.1,62.0
2017/06/15,62.3,62.3,61.6,62.2
2017/06/16,62.3,62.5,61.7,62.4
2017/06/19,62.4,62.7,62.1,62.7
2017/06/20,62.9,63.6,62.6,63.5
2017/06/21,64.0,66.4,63.7,65.9
2017/06/22,66.3,66.4,65.2,65.6
2017/06/23,66.0,66.8,65.6,66.1
2017/06/26,66.1,66.4,65.1,66.4
2017/06/27,67.2,68.6,66.7,67.9
2017/06/28,67.6,68.4,67.2,67.9
2017/06/29,68.4,68.6,66.9,67.1
2017/06/30,66.5,66.9,66.0,66.2
2017/07/03,65.8,67.3,65.8,67.3
2017/07/04,67.3,68.8,66.5,66.5
2017/07/05,66.4,66.9,66.1,66.8
2017/07/06,66.5,66.9,66.3,66.6
2017/07/07,66.5,66.9,66.3,66.4
2017/07/10,66.6,67.6,66.3,66.3
2017/07/11,66.9,66.9,65.9,66.1
2017/07/12,66.1,66.7,66.1,66.7
2017/07/13,66.7,66.9,66.2,66.5
2017/07/14,66.4,66.4,66.2,66.4
2017/07/17,66.6,67.9,66.5,67.8
2017/07/18,67.9,67.9,67.4,67.9
2017/07/19,68.4,68.4,67.2,67.2
2017/07/20,67.9,67.9,66.0,66.9
2017/07/21,66.7,67.2,66.4,67.2
2017/07/24,66.9,67.3,66.7,67.1
2017/07/25,67.1,67.2,66.8,67.0
2017/07/26,67.6,70.3,67.6,70.1
2017/07/27,67.6,68.5,66.9,67.7
2017/07/28,67.7,67.7,67.0,67.3
2017/07/31,67.3,68.3,67.1,67.8
2017/08/01,68.3,68.3,67.2,67.9
2017/08/02,67.9,68.3,67.7,68.3
2017/08/03,67.8,68.2,67.6,68.1
2017/08/04,67.9,68.1,67.6,67.7
2017/08/07,67.3,69.4,67.3,69.4
2017/08/08,69.8,69.8,68.3,68.9
2017/08/09,69.0,69.0,67.6,68.0
2017/08/10,67.4,67.4,64.9,64.9
2017/08/11,63.7,65.8,63.7,64.7
2017/08/14,64.1,65.4,63.6,64.8
2017/08/15,65.4,66.3,65.4,65.7
2017/08/16,66.0,66.0,64.9,65.8
2017/08/17,65.9,66.1,65.0,65.0
2017/08/18,64.0,64.7,63.7,63.7
2017/08/21,63.8,64.0,63.1,63.7
2017/08/22,64.1,65.6,64.0,65.0
2017/08/23,65.1,65.5,63.9,64.0
2017/08/24,64.3,64.7,63.9,64.4
2017/08/25,65.4,66.1,65.1,65.1
2017/08/28,65.6,65.8,64.7,65.3
2017/08/29,64.7,64.9,64.1,64.2
2017/08/30,64.4,64.7,64.0,64.3
2017/08/31,64.4,64.6,63.9,64.2
2017/09/01,64.2,64.2,63.7,63.7
2017/09/04,63.8,64.4,63.7,63.9
2017/09/05,64.4,64.4,63.9,64.4
2017/09/06,64.4,64.4,63.7,63.7
2017/09/07,63.9,64.0,61.5,61.6
2017/09/08,61.7,63.4,61.7,63.1
2017/09/11,63.5,63.6,62.3,62.5
2017/09/12,62.9,62.9,61.7,61.8
2017/09/13,62.0,62.0,61.2,61.9
2017/09/14,61.5,61.6,61.0,61.6
2017/09/15,61.5,61.5,60.7,61.5
2017/09/18,61.5,61.6,60.3,60.6
2017/09/19,61.0,61.0,59.4,60.0
2017/09/20,60.4,61.3,60.4,61.2
2017/09/21,61.3,61.5,60.7,61.5
2017/09/22,61.2,61.2,60.1,60.6
2017/09/25,60.2,60.4,57.6,58.2
2017/09/26,57.8,59.6,57.6,58.6
2017/09/27,59.0,59.6,57.6,57.6
2017/09/28,57.9,59.5,57.8,57.8
2017/09/29,58.2,58.3,57.1,57.1
2017/10/02,58.4,59.5,58.3,59.4
2017/10/03,60.4,62.2,60.4,61.7
2017/10/05,62.2,62.2,61.4,61.5
2017/10/06,61.5,61.5,61.0,61.5
2017/10/11,61.7,62.6,61.3,61.3
2017/10/12,61.9,62.4,61.3,62.4
2017/10/13,60.1,60.6,59.4,60.0
2017/10/16,60.4,61.5,60.2,61.2
2017/10/17,60.8,61.6,60.8,60.9
2017/10/18,60.9,61.6,60.2,61.4
2017/10/19,61.0,62.0,60.9,61.9
2017/10/20,61.7,62.0,60.9,61.3
2017/10/23,61.4,61.4,60.7,60.9
2017/10/24,61.0,63.5,60.9,63.1
2017/10/25,62.3,62.6,61.4,61.5
2017/10/26,61.3,62.3,61.3,61.4
2017/10/27,62.1,62.4,61.3,61.5
2017/10/30,62.1,62.2,60.7,60.9
2017/10/31,60.6,61.2,60.3,60.8
2017/11/01,61.3,62.5,60.9,62.4
2017/11/02,62.3,62.4,61.7,61.7
2017/11/03,61.9,62.1,61.0,61.1
2017/11/06,61.5,62.0,61.2,61.5
2017/11/07,61.6,62.5,61.4,62.3
2017/11/08,62.5,63.3,62.0,62.2
2017/11/09,63.3,68.3,63.3,68.3
2017/11/10,68.4,69.3,65.6,67.2
2017/11/13,67.8,69.2,67.2,68.0
2017/11/14,68.4,68.7,66.5,66.5
2017/11/15,66.7,67.1,65.9,66.4
2017/11/16,65.8,65.9,65.0,65.6
2017/11/17,65.9,66.8,65.3,65.3
2017/11/20,65.8,66.9,65.6,66.9
2017/11/21,66.6,68.6,66.2,67.9
2017/11/22,69.1,69.8,67.3,67.3
2017/11/23,68.6,69.1,67.9,69.0
2017/11/24,69.0,69.3,68.0,68.2
2017/11/27,68.5,69.2,68.2,68.2
2017/11/28,68.0,68.3,67.4,67.6
2017/11/29,67.7,68.6,67.2,67.3
2017/11/30,67.1,67.9,66.8,67.9
2017/12/01,67.9,68.3,66.5,67.6
2017/12/04,67.6,67.7,66.4,67.7
2017/12/05,67.2,67.7,67.0,67.2
2017/12/06,66.5,67.0,65.0,65.4
2017/12/07,65.1,66.2,64.5,65.4
2017/12/08,64.9,65.5,63.8,64.5
2017/12/11,66.6,68.7,66.6,67.9
2017/12/12,67.6,67.8,66.9,67.3
2017/12/13,66.6,67.4,66.6,67.3
2017/12/14,67.3,67.9,66.7,66.9
2017/12/15,67.2,67.2,65.8,65.8
2017/12/18,66.2,66.2,65.1,65.8
2017/12/19,65.8,66.2,64.6,64.7
2017/12/20,64.8,65.4,64.5,65.3
2017/12/21,65.6,67.2,65.6,66.8
2017/12/22,66.8,66.9,66.0,66.4
2017/12/25,67.1,67.2,66.4,66.4
2017/12/26,66.4,66.5,65.3,65.4
2017/12/27,65.6,67.6,65.6,67.2
2017/12/28,67.6,67.9,66.9,67.3
2017/12/29,67.3,67.7,67.2,67.6
2018/01/02,67.6,69.0,67.3,68.4
2018/01/03,68.5,68.7,68.1,68.6
2018/01/04,69.7,70.6,69.5,70.3
2018/01/05,70.6,73.3,70.4,73.1
2018/01/08,73.4,73.6,71.7,73.0
2018/01/09,73.0,74.0,72.6,73.6
2018/01/10,73.4,73.8,72.4,72.5
2018/01/11,73.4,75.1,72.9,74.6
2018/01/12,73.7,74.8,73.6,74.2
2018/01/16,73.9,74.5,73.1,73.3
2018/01/17,73.3,75.5,73.3,75.5
2018/01/18,76.4,76.4,75.0,75.6
2018/01/19,75.1,75.3,74.0,74.7
2018/01/22,74.9,74.9,73.7,74.3
2018/01/23,74.7,75.1,74.0,74.5
2018/01/24,75.4,76.2,75.0,75.9
2018/01/25,76.1,78.5,76.0,78.5
2018/01/26,80.1,80.1,77.3,77.5
2018/01/29,77.5,79.7,76.0,76.2
2018/01/30,76.1,77.5,75.4,76.4
2018/01/31,75.8,76.8,75.1,76.6
2018/02/01,76.8,77.2,76.2,76.9
2018/02/02,75.8,76.4,75.1,75.1
2018/02/05,72.8,73.6,72.3,73.2
2018/02/06,70.5,72.3,68.7,70.4
2018/02/07,71.9,72.5,70.8,70.8
2018/02/08,71.9,73.0,70.9,72.6
2018/02/09,69.4,71.1,69.4,70.4
2018/02/12,71.0,71.4,70.5,70.5
2018/02/21,73.0,74.6,71.9,74.0
2018/02/22,74.8,76.5,74.3,76.3
2018/02/23,76.5,76.6,75.5,75.6
2018/02/26,74.8,76.9,74.8,75.9
2018/02/27,76.7,77.2,76.4,76.7
2018/03/01,76.7,77.8,76.0,77.5
2018/03/02,76.5,76.8,75.3,75.4
2018/03/05,76.3,77.1,75.4,76.0
2018/03/06,76.6,76.9,75.3,75.3
2018/03/07,75.3,76.1,74.5,74.7
2018/03/08,75.0,75.3,74.6,74.9
2018/03/09,75.3,76.5,75.1,75.8
2018/03/12,77.6,82.8,77.6,82.4
2018/03/13,81.2,81.2,79.3,80.8
2018/03/14,80.1,81.2,78.1,79.3
2018/03/15,79.7,80.8,79.3,80.1
2018/03/16,81.2,83.6,81.2,83.6
2018/03/19,84.3,86.7,83.6,83.6
2018/03/20,83.6,84.0,81.6,82.0
2018/03/21,82.8,84.7,82.0,83.6
2018/03/22,82.4,83.6,80.1,80.4
2018/03/23,78.5,80.1,78.0,79.3
2018/03/26,78.5,81.2,78.5,80.4
2018/03/27,82.4,82.8,79.7,80.4
2018/03/28,80.4,80.8,79.7,80.4
2018/03/29,80.1,80.4,78.1,78.1
2018/03/30,79.3,80.8,78.5,80.4
2018/04/02,82.0,82.0,80.4,80.4
2018/04/03,79.7,79.7,78.1,78.5
2018/04/09,79.7,79.7,77.3,78.0
2018/04/10,78.1,81.2,77.9,80.8
2018/04/11,82.0,83.2,81.2,82.0
2018/04/12,82.8,84.0,82.4,83.2
2018/04/13,83.2,83.6,80.8,81.6
2018/04/16,82.4,84.3,82.0,82.0
2018/04/17,82.0,82.4,78.9,79.7
2018/04/18,80.4,81.2,78.5,79.7
2018/04/19,80.1,80.8,79.3,80.4
2018/04/20,80.4,82.4,79.7,81.6
2018/04/23,81.2,82.0,80.4,81.2
2018/04/24,84.0,84.7,81.2,81.6
2018/04/25,81.2,82.0,80.1,81.6
2018/04/26,82.4,82.4,81.2,81.6
2018/04/27,82.0,83.6,81.6,83.6
2018/04/30,84.3,87.5,83.6,85.1
2018/05/02,85.5,85.9,84.0,84.7
2018/05/03,84.3,84.3,82.0,82.4
2018/05/04,82.4,83.6,81.6,82.8
2018/05/07,83.6,85.1,83.2,83.6
2018/05/08,83.6,84.3,82.8,84.3
2018/05/09,84.3,86.7,84.3,85.5
2018/05/10,85.9,86.7,84.0,85.1
2018/05/11,85.9,87.5,85.5,87.5
2018/05/14,88.6,88.6,86.7,87.9
2018/05/15,86.7,87.1,85.5,85.9
2018/05/16,85.9,86.7,85.1,85.9
2018/05/17,86.3,86.3,83.2,84.3
2018/05/18,84.3,84.7,82.8,82.8
2018/05/21,82.4,84.3,82.4,83.6
2018/05/22,83.6,84.3,83.2,84.0
2018/05/23,84.3,85.5,84.0,84.7
2018/05/24,86.7,87.5,84.3,84.3
2018/05/25,84.7,85.9,84.3,85.1
2018/05/28,85.5,86.3,84.3,84.7
2018/05/29,85.1,85.1,83.2,83.6
2018/05/30,83.2,83.6,82.0,82.0
2018/05/31,82.8,84.0,82.0,83.6
2018/06/01,84.0,85.1,83.6,85.1
2018/06/04,85.9,85.9,84.0,85.1
2018/06/05,85.1,85.9,84.3,85.9
2018/06/06,85.9,86.3,85.1,85.9
2018/06/07,86.7,87.5,86.3,87.5
2018/06/08,87.5,87.9,86.3,86.7
2018/06/11,88.3,89.0,87.1,87.9
2018/06/12,87.9,87.9,85.5,85.9
2018/06/13,85.9,86.3,84.7,85.1
2018/06/14,84.3,85.1,83.2,83.2
2018/06/15,83.6,85.1,83.6,84.0
2018/06/19,83.2,83.6,81.6,81.6
2018/06/20,81.6,82.0,79.7,80.4
2018/06/21,80.8,82.4,80.4,81.6
2018/06/22,80.8,82.0,80.4,82.0
2018/06/25,81.6,82.0,80.1,80.4
2018/06/26,79.3,80.1,78.5,78.9
2018/06/27,78.9,79.7,78.9,78.9
2018/06/28,78.1,78.5,76.9,77.3
2018/06/29,77.2,78.5,76.8,78.1
2018/07/02,77.7,77.9,75.8,75.9
2018/07/03,75.9,76.7,74.0,74.4
2018/07/04,74.9,75.8,74.4,75.1
2018/07/05,75.0,75.7,74.0,74.3
2018/07/06,74.4,74.8,73.2,74.0
2018/07/09,74.4,76.5,73.8,76.2
2018/07/10,76.7,78.0,76.2,78.0
2018/07/11,77.3,77.5,75.9,76.6
2018/07/12,76.5,77.8,75.9,77.4
2018/07/13,78.0,78.9,77.5,78.9
2018/07/16,78.9,79.3,77.4,77.6
2018/07/17,78.0,78.5,77.5,78.1
2018/07/18,78.5,78.9,77.9,78.1
2018/07/19,78.1,78.5,77.3,78.1
2018/07/20,78.1,78.5,77.5,77.9
2018/07/23,77.9,78.5,77.6,77.7
2018/07/24,77.8,80.4,77.8,80.1
2018/07/25,80.1,81.2,79.7,81.2
2018/07/26,82.0,82.4,81.6,82.0
2018/07/27,82.0,82.4,80.8,81.6
2018/07/30,81.6,83.6,81.2,83.6
2018/07/31,79.7,80.1,78.9,79.7
2018/08/01,79.7,80.1,79.3,80.1
2018/08/02,80.1,80.9,78.9,79.3
2018/08/03,79.7,79.7,78.4,79.1
2018/08/06,79.1,80.1,78.7,79.4
2018/08/07,79.5,80.1,78.6,78.6
2018/08/08,79.1,79.7,78.7,78.7
2018/08/09,79.5,82.1,79.5,80.9
2018/08/10,81.7,82.5,81.3,81.7
2018/08/13,82.1,82.8,80.9,81.7
2018/08/14,82.5,83.2,81.7,82.8
2018/08/15,83.2,83.6,80.5,80.9
2018/08/16,80.1,80.1,78.1,78.2
2018/08/17,78.8,80.1,78.8,78.9
2018/08/20,79.1,79.4,77.8,78.5
2018/08/21,78.1,80.5,77.8,80.1
2018/08/22,80.1,80.1,79.1,80.1
2018/08/23,80.1,81.3,79.7,81.3
2018/08/24,81.7,81.7,80.5,81.7
2018/08/27,82.5,82.8,82.1,82.8
2018/08/28,83.2,83.6,81.7,83.2
2018/08/29,82.5,83.2,81.7,82.1
2018/08/30,82.5,82.8,81.7,82.8
2018/08/31,82.5,83.2,82.1,83.2
2018/09/03,83.6,83.6,82.5,82.8
2018/09/04,82.8,83.2,82.5,83.2
2018/09/05,82.8,83.2,82.1,82.5
2018/09/06,81.7,82.8,81.7,82.5
2018/09/07,82.5,82.5,80.9,81.7
2018/09/10,82.1,82.1,79.7,81.3
2018/09/11,81.7,82.1,79.4,79.6
2018/09/12,79.7,80.1,79.3,80.1
2018/09/13,80.5,80.5,79.7,80.5
2018/09/14,81.3,82.5,80.9,82.5
2018/09/17,82.5,82.8,81.7,82.8
2018/09/18,82.1,83.6,82.1,83.6
2018/09/19,84.0,85.2,82.8,84.0
2018/09/20,84.0,86.4,83.2,86.4
2018/09/21,86.4,86.8,85.2,86.4
2018/09/25,85.6,86.8,85.2,86.8
2018/09/26,86.4,87.2,86.0,87.2
2018/09/27,87.2,87.6,86.0,86.8
2018/09/28,86.4,87.2,84.4,85.2
2018/10/01,84.8,86.0,84.4,85.2
2018/10/02,85.2,85.6,84.8,84.8
2018/10/03,85.2,86.0,82.8,83.2
2018/10/04,84.0,84.0,82.8,84.0
2018/10/05,83.2,84.0,80.9,82.5
2018/10/08,81.7,82.8,81.3,81.3
2018/10/09,81.3,81.3,79.3,79.6
2018/10/11,74.9,75.1,71.7,73.3
2018/10/12,72.3,74.1,71.0,74.1
2018/10/15,73.3,73.3,71.8,72.8
2018/10/16,72.5,72.9,71.9,72.9
2018/10/17,73.9,74.7,73.4,74.0
2018/10/18,74.0,75.4,73.2,73.6
2018/10/19,71.9,72.4,70.9,72.3
2018/10/22,71.3,72.1,70.6,71.9
2018/10/23,71.0,71.4,67.6,68.0
2018/10/24,66.9,67.6,65.4,67.2
2018/10/25,64.8,66.7,64.8,66.7
2018/10/26,69.7,69.7,66.5,67.7
2018/10/29,68.1,68.8,67.4,68.8
2018/10/30,69.1,70.1,68.3,70.1
2018/10/31,71.9,72.0,69.7,70.3
2018/11/01,69.8,72.5,69.8,72.5
2018/11/02,72.5,73.1,71.3,72.7
2018/11/05,72.0,73.0,71.5,72.9
2018/11/06,73.2,73.3,72.3,72.7
2018/11/07,73.2,74.4,73.1,74.4
2018/11/08,74.8,75.1,74.0,74.5
2018/11/09,74.9,75.6,72.4,73.4
2018/11/12,73.0,75.6,72.9,75.6
2018/11/13,73.4,75.5,73.4,75.5
2018/11/14,75.3,77.0,75.2,77.0
2018/11/15,76.7,76.7,74.9,75.3
2018/11/16,76.1,76.1,74.6,74.8
2018/11/19,74.9,75.4,74.6,75.4
2018/11/20,74.9,75.2,74.5,74.5
2018/11/21,74.8,75.3,73.7,75.3
2018/11/22,75.7,75.7,74.2,74.2
2018/11/23,74.5,74.6,73.1,73.3
2018/11/26,74.1,74.3,73.2,73.4
2018/11/27,73.4,74.5,73.0,74.5
2018/11/28,74.7,75.7,74.1,75.7
2018/11/29,76.8,76.9,75.8,75.8
2018/11/30,76.6,76.9,76.2,76.6
2018/12/03,77.9,80.5,77.8,80.1
2018/12/04,80.9,80.9,78.5,78.5
2018/12/05,77.5,78.7,76.9,77.8
2018/12/06,78.0,78.3,75.8,75.9
2018/12/07,76.5,77.6,76.2,77.5
2018/12/10,76.5,77.8,76.5,77.4
2018/12/11,77.7,77.8,76.1,76.2
2018/12/12,76.3,77.4,76.3,77.4
2018/12/13,77.5,77.7,77.0,77.4
2018/12/14,77.0,78.0,76.6,78.0
2018/12/17,78.0,78.5,77.3,78.3
2018/12/18,78.1,78.4,77.5,78.1
2018/12/19,78.0,78.1,77.3,77.6
2018/12/20,77.7,77.9,77.0,77.5
2018/12/21,76.8,77.3,76.5,76.9
2018/12/24,76.2,77.0,76.1,76.6
2018/12/25,75.1,75.9,74.9,75.3
2018/12/26,76.1,76.6,75.7,75.7
2018/12/27,76.5,77.2,76.0,77.2
2018/12/28,77.3,77.5,76.6,77.2
2019/01/02,78.3,78.9,77.6,78.1
2019/01/03,77.7,78.1,77.3,77.3
2019/01/04,77.3,78.1,76.6,78.1
2019/01/07,79.2,79.4,77.5,79.4
2019/01/08,80.1,80.1,79.3,80.1
2019/01/09,80.9,83.6,80.5,83.6
2019/01/10,83.6,84.8,82.8,84.8
2019/01/11,85.2,85.2,82.5,84.0
2019/01/14,83.6,84.8,83.2,84.8
2019/01/15,84.8,86.0,84.4,86.0
2019/01/16,86.0,86.4,84.8,85.6
2019/01/17,85.6,86.8,85.2,86.8
2019/01/18,86.8,86.8,86.0,86.4
2019/01/21,86.8,87.2,86.0,86.8
2019/01/22,87.2,88.4,86.8,88.4
2019/01/23,87.6,88.0,86.8,87.6
2019/01/24,87.6,88.4,86.4,87.2
2019/01/25,88.4,89.2,88.0,89.2
2019/01/28,90.0,90.0,88.4,89.2
2019/01/29,89.2,89.2,88.4,89.2
2019/01/30,89.2,90.0,88.8,90.0
2019/02/11,89.2,90.4,88.8,89.2
2019/02/12,89.6,90.0,89.2,89.6
2019/02/13,90.8,90.8,89.2,90.0
2019/02/14,90.0,90.4,89.2,90.4
2019/02/15,90.0,90.4,88.4,88.4
2019/02/18,89.6,94.0,89.2,94.0
2019/02/19,94.0,94.0,89.6,89.6
2019/02/20,90.8,92.8,90.0,92.8
2019/02/21,91.6,93.2,91.2,92.8
2019/02/22,92.4,92.8,91.6,92.4
2019/02/25,92.8,94.0,92.4,93.2
2019/02/26,93.6,95.6,92.8,95.2
2019/02/27,95.2,96.4,94.4,96.4
2019/03/04,96.0,96.4,94.4,96.0
2019/03/05,94.8,95.6,94.8,95.6
2019/03/06,95.6,95.6,93.2,93.2
2019/03/07,93.6,94.0,91.2,92.0
2019/03/08,91.6,92.4,90.4,91.2
2019/03/11,90.0,91.2,89.6,90.0
2019/03/12,90.4,92.0,90.4,91.6
2019/03/13,90.8,91.6,90.4,91.2
2019/03/14,90.8,92.0,90.8,92.0
2019/03/15,92.0,93.2,92.0,92.8
2019/03/18,94.0,96.0,93.2,96.0
2019/03/19,96.4,96.4,94.0,94.0
2019/03/20,95.6,98.8,95.2,98.0
2019/03/21,98.0,98.0,96.8,97.6
2019/03/22,97.6,98.8,97.6,98.0
2019/03/25,96.4,97.2,95.6,96.8
2019/03/26,97.2,98.8,96.8,98.4
2019/03/27,98.4,98.4,97.2,97.2
2019/03/28,96.0,98.8,96.0,98.0
2019/03/29,98.8,100.4,97.6,100.4
2019/04/01,100.4,101.6,99.2,100.0
2019/04/02,100.4,102.8,100.4,102.8
2019/04/03,102.4,103.2,102.0,102.8
2019/04/08,103.6,106.7,103.6,106.7
2019/04/09,106.0,106.3,104.8,106.0
2019/04/10,105.6,106.7,104.4,106.0
2019/04/11,105.6,106.0,104.4,105.2
2019/04/12,106.0,107.5,104.8,107.5
2019/04/15,107.5,108.7,106.7,106.7
2019/04/16,106.0,107.5,105.6,105.6
2019/04/17,105.2,107.1,105.2,106.3
2019/04/18,107.1,107.1,103.6,104.0
2019/04/19,104.8,106.0,103.6,105.2
2019/04/22,104.8,105.6,104.8,105.6
2019/04/23,104.8,105.2,103.2,103.6
2019/04/24,104.8,105.2,101.6,103.6
2019/04/25,103.2,106.0,102.0,106.0
2019/04/26,106.0,106.0,104.4,106.0
2019/04/29,106.0,106.0,104.4,105.2
2019/04/30,104.4,105.2,102.4,104.8
2019/05/02,104.8,105.6,104.4,105.2
2019/05/03,105.2,106.3,104.4,106.0
2019/05/06,104.0,104.4,102.8,103.2
2019/05/07,103.6,106.0,103.2,105.6
2019/05/08,103.6,106.7,103.2,106.0
2019/05/09,104.8,105.2,103.2,103.2
2019/05/10,102.0,102.4,98.0,98.0
2019/05/13,97.2,97.2,93.2,95.6
2019/05/14,93.6,95.2,93.2,93.6
2019/05/15,94.0,94.8,93.2,94.8
2019/05/16,95.6,96.0,92.4,92.4
2019/05/17,92.8,93.2,90.8,91.2
2019/05/20,91.6,92.4,90.8,91.6
2019/05/21,92.0,94.8,91.6,94.0
2019/05/22,93.6,94.0,92.4,92.8
2019/05/23,92.4,92.4,89.6,91.2
2019/05/24,92.4,93.6,92.0,92.0
2019/05/27,92.0,93.2,91.6,92.0
2019/05/28,92.0,92.8,90.8,90.8
2019/05/29,90.0,91.6,90.0,91.2
2019/05/30,91.2,94.0,90.8,92.8
2019/05/31,93.6,94.4,92.8,92.8
2019/06/03,92.4,94.0,91.2,94.0
2019/06/04,94.8,95.6,94.4,95.2
2019/06/05,95.2,95.6,93.6,93.6
2019/06/06,93.2,94.0,91.6,92.0
2019/06/10,93.6,96.0,92.8,95.6
2019/06/11,96.4,100.4,96.4,99.6
2019/06/12,99.2,102.0,98.8,100.0
2019/06/13,99.6,99.6,96.4,96.4
2019/06/14,96.8,98.4,96.8,97.2
2019/06/17,97.6,100.4,97.6,99.6
2019/06/18,99.2,100.4,98.8,100.0
2019/06/19,100.8,102.0,100.0,102.0
2019/06/20,102.0,102.8,100.4,102.0
2019/06/21,102.0,104.4,102.0,102.4
2019/06/24,102.4,103.6,102.4,103.6
2019/06/25,102.8,103.2,102.4,102.8
2019/06/26,102.4,103.2,101.2,102.4
2019/06/27,102.4,103.6,102.0,102.8
2019/06/28,103.2,103.6,102.0,102.4
2019/07/01,102.8,105.2,102.8,104.4
2019/07/02,104.4,105.6,104.0,105.6
2019/07/03,104.0,105.2,103.6,104.4
2019/07/04,105.6,106.3,104.8,105.6
2019/07/05,106.0,108.3,106.0,107.9
2019/07/08,107.5,107.9,106.3,106.7
2019/07/09,106.7,107.5,106.3,107.5
2019/07/10,107.1,109.1,107.1,108.7
2019/07/11,108.7,109.1,107.9,108.7
2019/07/12,108.7,108.7,106.7,107.5
2019/07/15,107.5,109.9,107.1,109.5
2019/07/16,109.9,110.3,108.7,109.5
2019/07/17,108.7,109.9,108.7,109.9
2019/07/18,109.5,110.7,109.1,109.9
2019/07/19,110.3,111.9,109.9,110.7
2019/07/22,111.1,111.9,110.7,111.1
2019/07/23,111.1,111.5,108.3,108.3
2019/07/24,108.3,109.5,107.5,108.3
2019/07/25,109.1,111.1,109.1,110.7
2019/07/26,111.5,111.9,110.7,111.9
2019/07/29,112.3,113.5,111.9,112.3
2019/07/30,112.3,112.7,110.7,111.1
2019/07/31,108.7,109.5,107.1,107.9
2019/08/01,107.5,109.5,106.7,109.1
2019/08/02,106.7,107.1,101.7,103.0
2019/08/05,102.2,104.2,100.9,101.7
2019/08/06,98.5,101.7,97.6,101.7
2019/08/07,102.2,104.2,101.3,101.7
2019/08/08,102.2,103.0,101.7,101.7
2019/08/12,102.6,104.2,101.3,101.3
2019/08/13,101.3,101.3,98.9,99.3
2019/08/14,100.9,103.0,100.5,101.3
2019/08/15,98.9,102.2,98.9,101.7
2019/08/16,101.7,102.2,99.7,100.9
2019/08/19,101.3,103.0,101.3,102.6
2019/08/20,102.6,103.4,102.6,102.6
2019/08/21,103.0,103.4,102.6,102.6
2019/08/22,103.0,103.4,101.7,102.6
2019/08/23,102.6,102.6,101.3,102.6
2019/08/26,100.9,101.3,99.3,100.1
2019/08/27,100.1,100.9,99.3,99.3
2019/08/28,99.3,100.1,99.3,99.3
2019/08/29,99.3,99.3,98.1,99.3
2019/08/30,100.1,102.2,99.7,102.2
2019/09/02,102.2,105.0,101.7,104.2
2019/09/03,104.6,104.6,103.0,103.4
2019/09/04,103.4,104.2,103.0,104.2
2019/09/05,104.6,105.0,104.2,104.6
2019/09/06,105.0,106.7,105.0,106.3
2019/09/09,107.1,107.5,106.7,107.5
2019/09/10,107.9,107.9,105.0,106.3
2019/09/11,106.7,106.7,105.4,106.7
2019/09/12,107.1,107.9,106.3,107.5
2019/09/16,108.3,109.1,107.5,108.7
2019/09/17,108.3,108.7,105.0,105.0
2019/09/18,105.0,106.7,105.0,106.3
2019/09/19,106.7,106.7,104.6,105.4
2019/09/20,105.0,105.8,105.0,105.4
2019/09/23,105.0,105.4,104.6,105.0
2019/09/24,105.0,105.0,103.0,103.8
2019/09/25,103.0,103.4,101.7,102.6
2019/09/26,103.4,104.2,103.0,103.4
2019/09/27,103.8,103.8,102.6,102.6
2019/10/01,104.2,105.4,103.4,105.4
2019/10/02,104.6,105.8,104.6,105.8
2019/10/03,103.8,104.2,103.4,103.4
2019/10/04,103.4,104.2,103.4,103.8
2019/10/07,103.8,103.8,102.6,103.0
2019/10/08,103.0,103.8,102.6,102.6
2019/10/09,102.2,102.6,100.9,100.9
2019/10/14,103.0,105.0,102.6,105.0
2019/10/15,105.0,105.8,104.6,105.8
2019/10/16,106.3,107.5,105.4,107.5
2019/10/17,107.5,107.9,107.1,107.5
2019/10/18,107.9,108.3,107.1,108.3
2019/10/21,108.3,108.3,107.1,108.3
2019/10/22,109.1,112.4,108.7,112.0
2019/10/23,112.4,113.6,112.0,112.8
2019/10/24,113.6,114.5,112.4,113.6
2019/10/25,112.4,112.8,109.9,110.4
2019/10/28,111.2,111.2,109.9,110.8
2019/10/29,111.6,112.0,110.8,111.6
2019/10/30,112.0,112.0,110.8,111.6
2019/10/31,112.0,113.2,111.6,112.8
2019/11/01,112.8,113.6,112.4,112.8
2019/11/04,112.8,114.9,112.0,114.9
2019/11/05,114.9,114.9,113.2,114.1
2019/11/06,113.6,114.1,112.4,114.1
2019/11/07,114.1,114.5,112.8,113.6
2019/11/08,114.1,116.1,113.6,115.3
2019/11/11,116.5,116.9,114.5,115.7
2019/11/12,115.3,115.7,114.5,115.7
2019/11/13,115.7,116.1,113.6,113.6
2019/11/14,113.6,114.1,112.4,114.1
2019/11/15,114.9,115.7,114.5,114.9
2019/11/18,115.7,116.5,114.9,116.5
2019/11/19,116.5,118.6,115.7,118.2
2019/11/20,118.2,118.2,116.9,117.7
2019/11/21,116.9,116.9,115.3,116.1
2019/11/22,116.1,116.5,114.9,114.9
2019/11/25,115.7,116.1,114.9,116.1
2019/11/26,116.1,116.5,114.1,114.1
2019/11/27,114.5,115.3,114.1,114.5
2019/11/28,114.9,114.9,113.6,114.1
2019/11/29,114.5,114.5,112.0,112.0
2019/12/02,113.2,113.2,111.2,111.6
2019/12/03,111.6,113.6,111.6,113.2
2019/12/04,113.6,113.6,110.4,110.8
2019/12/05,111.6,112.0,109.9,111.2
2019/12/06,111.2,111.6,108.7,109.9
2019/12/09,110.8,111.2,109.5,110.4
2019/12/10,109.9,109.9,107.5,109.9
2019/12/11,111.2,112.4,110.8,111.6
2019/12/12,112.0,112.0,110.8,110.8
2019/12/13,111.6,112.0,110.4,110.8
2019/12/16,110.8,113.6,110.8,113.2
2019/12/17,114.1,114.9,113.6,114.9
2019/12/18,114.1,114.1,112.8,112.8
2019/12/19,113.6,113.6,112.4,113.6
2019/12/20,114.1,114.9,113.2,114.5
2019/12/23,114.9,114.9,113.6,114.5
2019/12/24,114.5,114.5,113.2,113.6
2019/12/25,113.6,114.1,112.8,113.6
2019/12/26,114.1,114.5,113.6,113.6
2019/12/27,114.5,114.5,113.6,114.5
2019/12/30,114.5,115.3,114.1,115.3
2019/12/31,114.5,114.9,113.2,113.2
2020/01/02,113.6,114.1,112.0,112.8
2020/01/03,112.8,113.2,111.2,112.0
2020/01/06,112.4,112.8,110.4,110.8
2020/01/07,112.0,114.1,112.0,113.6
2020/01/08,112.8,112.8,111.2,112.0
2020/01/09,112.8,113.2,111.6,112.4
2020/01/10,112.8,113.6,111.6,112.8
2020/01/13,114.5,115.3,113.6,114.9
2020/01/14,115.3,116.9,115.3,116.9
2020/01/15,116.9,117.7,116.1,116.9
2020/01/16,117.3,117.3,116.1,117.3
2020/01/17,117.7,117.7,116.1,116.9
2020/01/20,117.3,117.7,116.5,116.9
2020/01/30,109.5,109.9,105.4,105.4
2020/01/31,105.4,106.3,103.0,104.2
2020/02/03,100.5,100.9,98.5,100.5
2020/02/04,102.6,105.8,102.2,105.0
2020/02/05,106.3,107.1,103.4,106.3
2020/02/06,107.1,108.3,106.3,108.3
2020/02/07,107.5,107.5,103.8,103.8
2020/02/10,100.9,103.8,99.3,103.4
2020/02/11,103.4,104.2,102.6,103.4
2020/02/12,103.0,104.2,101.3,103.4
2020/02/13,103.8,105.0,103.4,103.4
2020/02/14,103.0,103.0,101.7,103.0
2020/02/17,103.4,105.8,102.6,105.4
2020/02/18,105.0,105.8,105.0,105.0
2020/02/19,105.4,106.3,104.6,105.0
2020/02/20,105.4,105.4,102.2,102.2
2020/02/21,103.0,103.0,101.7,102.2
2020/02/24,100.1,100.5,97.6,98.5
2020/02/25,95.2,98.5,94.8,96.8
2020/02/26,95.6,96.8,95.6,96.0
2020/02/27,96.0,96.8,94.4,94.4
2020/03/02,93.1,95.2,90.3,93.5
2020/03/03,95.6,96.4,95.2,95.2
2020/03/04,95.2,95.6,93.1,93.9
2020/03/05,95.2,97.2,95.2,96.8
2020/03/06,95.6,96.0,93.5,93.9
2020/03/09,90.3,91.1,87.8,87.8
2020/03/10,83.7,87.8,83.7,87.0
2020/03/11,88.6,90.3,87.0,87.0
2020/03/12,87.4,87.4,82.1,83.3
2020/03/13,78.0,79.9,75.1,79.9
2020/03/16,79.2,79.2,76.5,77.1
2020/03/17,73.0,75.0,71.5,71.6
2020/03/18,72.1,73.0,70.7,70.8
2020/03/19,65.9,66.4,63.8,63.8
2020/03/20,64.7,70.1,64.4,70.1
2020/03/23,65.5,66.9,63.2,65.7
2020/03/24,69.4,72.3,69.3,71.5
2020/03/25,76.5,77.0,74.3,74.7
2020/03/26,75.6,80.1,74.3,79.2
2020/03/27,81.7,83.7,78.9,79.3
2020/03/30,76.1,77.6,74.9,76.9
2020/03/31,77.6,78.9,75.1,75.1
2020/04/01,74.7,76.3,74.4,75.7
2020/04/06,73.8,75.1,73.2,74.7
2020/04/07,77.0,78.5,76.7,77.5
2020/04/08,77.1,79.2,77.0,78.9
2020/04/09,79.8,79.9,78.0,79.0
2020/04/10,78.9,80.6,78.2,80.6
2020/04/13,80.7,80.8,79.0,79.1
2020/04/14,79.1,82.1,78.6,82.1
2020/04/15,83.3,84.5,82.1,83.7
2020/04/16,81.9,82.5,80.8,81.7
2020/04/17,83.3,84.1,81.5,81.6
2020/04/20,82.5,82.9,81.8,82.9
2020/04/21,81.4,82.1,79.1,79.2
2020/04/22,78.4,79.7,78.1,79.6
2020/04/23,79.8,81.2,79.7,80.3
2020/04/24,81.9,81.9,80.8,81.0
2020/04/27,82.5,83.3,81.6,82.9
2020/04/28,83.7,84.9,82.9,84.5
2020/04/29,85.7,91.9,85.3,91.1
2020/04/30,92.3,95.2,92.3,93.9
2020/05/04,90.7,90.7,88.6,89.0
2020/05/05,89.4,91.9,89.4,90.7
2020/05/06,90.3,93.5,89.0,92.7
2020/05/07,92.3,93.1,91.5,92.7
2020/05/08,93.9,93.9,91.5,92.7
2020/05/11,93.5,96.4,93.1,95.6
2020/05/12,95.2,95.6,94.4,95.2
2020/05/13,93.1,95.6,92.3,95.6
2020/05/14,95.2,95.2,92.3,92.7
2020/05/15,93.5,94.4,90.3,92.3
2020/05/18,91.1,92.7,90.7,91.5
2020/05/19,93.5,93.5,91.5,92.7
2020/05/20,92.7,93.1,92.3,92.7
2020/05/21,93.1,94.4,92.7,93.5
2020/05/22,93.1,93.1,91.1,91.5
2020/05/25,92.7,94.8,91.1,94.8
2020/05/26,96.0,97.2,95.6,96.4
2020/05/27,96.8,97.6,95.2,95.2
2020/05/28,96.8,96.8,94.8,95.6
2020/05/29,94.8,96.8,94.4,95.6
2020/06/01,96.4,98.5,96.0,97.6
2020/06/02,98.1,98.9,97.2,97.6
2020/06/03,99.3,100.9,98.5,100.5
2020/06/04,100.9,101.7,99.7,101.7
2020/06/05,102.2,102.2,100.9,101.3
2020/06/08,102.2,102.6,100.9,102.2
2020/06/09,103.0,103.8,102.2,103.4
2020/06/10,103.4,107.1,103.0,106.3
2020/06/11,106.7,107.1,102.6,102.6
2020/06/12,99.3,102.6,98.5,101.7
2020/06/15,102.6,102.6,100.5,100.9
2020/06/16,102.2,105.0,101.7,104.6
2020/06/17,105.4,105.8,103.8,104.2
2020/06/18,105.0,105.4,103.4,105.0
2020/06/19,105.4,105.8,104.2,104.2
2020/06/22,104.2,105.4,103.8,105.0
2020/06/23,102.0,102.8,99.8,101.1
2020/06/24,102.0,102.4,101.1,101.5
2020/06/29,101.1,102.4,100.3,102.4
2020/06/30,102.8,106.7,102.4,106.7
2020/07/01,106.7,108.4,106.7,107.5
2020/07/02,107.9,109.2,107.5,107.9
2020/07/03,109.2,109.2,107.9,108.4
2020/07/06,108.8,110.1,108.4,110.1
2020/07/07,110.9,111.8,107.9,109.7
2020/07/08,109.7,109.7,108.8,109.2
2020/07/09,109.7,110.1,108.8,108.8
2020/07/10,108.4,108.4,105.8,106.7
2020/07/13,107.5,107.9,106.7,107.1
2020/07/14,106.7,106.7,104.5,105.4
2020/07/15,105.8,106.7,104.5,105.4
2020/07/16,105.4,107.5,105.0,105.4
2020/07/17,105.8,106.7,104.1,105.0
2020/07/20,105.0,106.2,104.1,105.8
2020/07/21,106.2,107.5,106.2,107.5
2020/07/22,107.5,107.9,107.1,107.5
2020/07/23,107.5,107.5,106.2,106.7
2020/07/24,106.2,107.5,105.0,105.0
2020/07/27,105.0,106.2,104.5,105.0
2020/07/28,104.1,105.0,102.8,103.7
2020/07/29,103.3,107.1,102.8,106.2
2020/07/30,106.7,106.7,105.0,106.2
2020/07/31,105.8,106.2,104.5,104.5
2020/08/03,103.7,104.1,102.8,103.3
2020/08/04,104.1,105.4,103.3,105.4
2020/08/05,104.5,107.1,104.1,107.1
2020/08/06,107.5,108.4,105.8,107.1
2020/08/07,106.7,107.1,105.8,105.8
2020/08/10,105.4,107.5,105.4,105.8
2020/08/11,106.2,107.1,105.8,105.8
2020/08/12,105.8,106.2,105.0,105.8
2020/08/13,107.5,115.6,107.1,113.1
2020/08/14,113.5,114.3,110.9,112.6
2020/08/17,113.1,116.1,113.1,116.1
2020/08/18,117.3,118.6,115.2,115.2
2020/08/19,115.2,118.6,114.8,117.8
2020/08/20,116.9,117.3,109.2,113.1
2020/08/21,114.8,116.1,113.1,114.3
2020/08/24,114.3,114.3,112.6,113.1
2020/08/25,114.3,116.1,113.5,115.6
2020/08/26,115.2,116.1,114.3,115.2
2020/08/27,115.2,115.6,113.1,114.3
2020/08/28,113.1,113.5,109.2,113.1
2020/08/31,114.3,114.3,110.5,110.5
2020/09/01,110.5,110.9,107.9,108.8
2020/09/02,109.7,111.8,108.4,110.1
2020/09/03,110.9,113.5,110.9,112.2
2020/09/04,110.1,111.4,109.2,110.1
2020/09/07,110.5,112.6,109.7,111.4
2020/09/08,112.2,112.6,111.4,112.6
2020/09/09,110.5,111.8,110.1,111.4
2020/09/10,111.4,111.8,109.7,110.1
2020/09/11,110.1,111.4,109.2,110.9
2020/09/14,111.4,111.4,109.7,110.9
2020/09/15,110.9,111.4,110.1,110.9
2020/09/16,110.9,114.3,110.9,114.3
2020/09/17,113.9,113.9,111.8,112.6
2020/09/18,113.1,113.9,112.2,113.9
2020/09/21,113.5,115.2,112.6,115.2
2020/09/22,114.3,114.3,111.4,111.4
2020/09/23,112.2,112.6,110.5,111.4
2020/09/24,109.2,110.1,106.7,107.5
2020/09/25,109.2,109.7,106.7,107.9
2020/09/28,108.4,109.7,107.9,109.7
2020/09/29,110.5,110.9,109.7,110.5
2020/09/30,110.9,112.2,110.1,111.8
2020/10/05,112.2,113.1,110.5,112.2
2020/10/06,113.1,115.2,112.6,114.3
2020/10/07,114.3,114.8,113.5,113.9
2020/10/08,114.3,115.2,113.5,115.2
2020/10/12,116.1,116.9,115.2,116.9
2020/10/13,116.1,116.5,114.3,114.8
2020/10/14,116.1,116.5,113.9,115.2
2020/10/15,115.2,116.1,113.9,115.2
2020/10/16,116.1,116.9,115.2,115.6
2020/10/19,115.6,117.8,115.2,117.3
2020/10/20,117.8,118.6,116.9,118.6
2020/10/21,119.0,119.0,117.8,118.6
2020/10/22,117.3,118.2,116.9,117.8
2020/10/23,119.5,122.9,119.0,122.9
2020/10/26,122.9,123.7,122.0,123.7
2020/10/27,122.5,122.9,121.2,122.5
2020/10/28,121.6,122.0,119.0,119.5
2020/10/29,116.9,119.9,116.9,119.0
2020/10/30,118.6,119.0,117.3,118.2
2020/11/02,118.2,121.2,117.8,120.3
2020/11/03,120.3,123.7,119.5,122.9
2020/11/04,122.9,126.3,122.5,125.4
2020/11/05,125.9,127.6,125.0,125.9
2020/11/06,125.9,128.0,125.4,128.0
2020/11/09,129.7,134.4,128.9,131.8
2020/11/10,134.4,136.5,133.5,135.7
2020/11/11,135.7,138.7,135.3,137.8
2020/11/12,139.1,139.1,136.5,137.4
2020/11/13,135.7,136.5,134.0,135.7
2020/11/16,135.7,139.9,135.7,139.1
2020/11/17,139.1,142.9,139.1,142.9
2020/11/18,141.2,142.5,139.9,141.7
2020/11/19,141.7,142.9,140.8,141.7
2020/11/20,141.2,141.7,138.2,139.1
2020/11/23,139.9,142.5,139.5,141.7
2020/11/24,140.8,142.9,140.4,142.1
2020/11/25,141.2,142.1,134.8,136.1
2020/11/26,136.1,139.1,135.3,138.7
2020/11/27,139.1,139.1,136.1,137.0
2020/11/30,137.0,137.0,133.1,133.1
2020/12/01,133.5,136.1,133.1,136.1
2020/12/02,136.5,138.2,135.7,137.8
2020/12/03,137.0,137.4,133.5,134.8
2020/12/04,135.7,137.0,134.8,135.7
2020/12/07,135.7,136.1,134.0,135.3
2020/12/08,134.0,134.8,131.8,133.5
2020/12/09,134.0,134.0,132.7,133.5
2020/12/10,132.3,132.7,131.4,132.3
2020/12/11,132.3,134.4,131.0,132.3
2020/12/14,131.4,132.3,129.3,129.7
2020/12/15,130.6,134.8,130.1,134.8
2020/12/16,135.7,139.1,134.4,139.1
2020/12/17,139.1,141.7,139.1,140.8
2020/12/18,139.9,140.4,137.8,139.9
2020/12/21,139.5,141.7,138.7,141.7
2020/12/22,141.2,141.2,137.0,138.7
2020/12/23,137.8,137.8,136.1,136.1
2020/12/24,136.5,139.5,136.5,137.0
2020/12/25,137.8,138.7,136.1,136.5
2020/12/28,137.0,140.8,136.5,138.7
2020/12/29,138.7,141.2,138.2,141.2
2020/12/30,141.2,142.9,140.4,142.5
2020/12/31,142.5,145.5,142.5,143.4
2021/01/04,141.7,145.1,141.2,142.9
2021/01/05,143.4,143.4,141.2,141.7
2021/01/06,141.2,145.1,139.9,141.2
2021/01/07,142.5,144.6,142.1,144.2
2021/01/08,144.2,146.3,143.4,145.1
2021/01/11,143.8,145.9,142.5,145.1
2021/01/12,145.5,145.5,141.2,143.4
2021/01/13,143.4,146.8,142.5,146.8
2021/01/14,146.8,149.8,145.5,147.2
2021/01/15,147.6,147.6,144.6,145.1
2021/01/18,145.1,145.5,141.7,143.8
2021/01/19,142.9,147.6,142.9,143.8
2021/01/20,143.8,145.9,142.1,143.4
2021/01/21,143.8,144.6,142.1,142.1
2021/01/22,142.1,143.8,140.8,143.4
2021/01/25,143.8,144.6,141.7,144.2
2021/01/26,143.8,144.2,138.7,138.7
2021/01/27,139.1,139.9,137.0,137.4
2021/01/28,137.4,138.7,134.8,136.1
2021/01/29,134.8,135.7,131.4,132.3
2021/02/01,130.1,135.7,128.4,134.8
2021/02/02,134.4,140.4,134.0,139.1
2021/02/03,137.8,138.7,136.5,138.7
2021/02/04,138.7,141.7,137.4,139.9
2021/02/05,139.1,140.8,137.4,139.9
2021/02/17,142.9,148.9,142.9,147.2
2021/02/18,147.2,149.3,146.3,148.1
2021/02/19,148.5,150.2,146.3,148.9
2021/02/22,148.1,149.3,145.5,145.5
2021/02/23,145.9,151.0,144.6,149.8
2021/02/24,149.3,151.9,149.3,150.6
2021/02/25,151.9,155.3,150.6,154.0
2021/02/26,153.2,153.2,146.3,146.8
2021/03/02,148.5,149.3,145.1,145.1
2021/03/03,147.2,149.3,145.5,148.9
2021/03/04,148.5,148.5,145.1,146.8
2021/03/05,143.8,145.1,141.7,145.1
2021/03/08,145.5,147.2,144.2,145.5
2021/03/09,145.5,148.9,145.1,148.1
2021/03/10,148.5,151.5,148.5,151.0
2021/03/11,152.3,163.0,151.9,162.1
2021/03/12,160.9,161.3,154.0,155.7
2021/03/15,155.3,160.4,155.3,160.0
2021/03/16,162.1,166.4,160.4,163.4
2021/03/17,162.6,164.7,162.1,163.0
2021/03/18,163.0,166.8,162.1,162.6
2021/03/19,160.9,161.7,156.6,159.6
2021/03/22,158.7,159.1,155.7,156.2
2021/03/23,156.6,157.9,155.3,156.2
2021/03/24,155.3,157.4,154.5,157.4
2021/03/25,157.0,158.3,155.7,157.0
2021/03/26,159.6,163.8,159.6,163.4
2021/03/29,166.0,166.4,163.4,165.5
2021/03/30,166.4,170.7,165.1,170.2
2021/03/31,169.8,169.8,167.3,168.1
2021/04/01,167.3,169.0,166.4,168.1
2021/04/06,170.2,171.1,167.7,170.2
2021/04/07,168.5,169.8,167.7,169.8
2021/04/08,170.2,171.5,167.3,169.0
2021/04/09,173.2,173.2,169.0,170.2
2021/04/12,170.7,174.5,170.7,172.8
2021/04/13,172.8,174.1,172.4,173.2
2021/04/14,174.1,175.8,172.8,174.5
2021/04/15,174.9,178.8,174.9,178.8
2021/04/16,179.2,179.2,174.5,179.2
2021/04/19,177.5,177.5,174.5,175.4
2021/04/20,174.1,174.9,173.2,174.1
2021/04/21,173.2,173.2,169.4,170.2
2021/04/22,169.4,172.8,169.4,171.1
2021/04/23,171.5,174.9,170.7,174.1
2021/04/26,172.8,173.2,168.5,173.2
2021/04/27,171.9,173.2,171.5,172.4
2021/04/28,171.5,171.5,170.2,171.5
2021/04/29,169.8,172.4,168.5,172.4
2021/05/03,170.2,171.9,168.1,168.5
2021/05/04,169.4,170.7,166.0,168.5
2021/05/05,169.0,171.1,168.5,169.0
2021/05/06,168.5,171.9,168.5,170.7
2021/05/07,171.9,173.7,171.1,173.7
2021/05/10,174.9,174.9,171.5,173.7
2021/05/11,171.9,173.2,169.0,170.7
2021/05/12,169.4,169.8,153.6,160.4
2021/05/13,160.0,160.0,154.5,158.7
2021/05/14,161.3,170.7,160.4,166.8
2021/05/17,161.7,165.1,156.6,159.6
2021/05/18,162.6,170.7,162.1,168.1
2021/05/19,169.0,174.9,168.1,171.9
2021/05/20,170.2,172.8,169.0,172.4
2021/05/21,172.8,176.2,171.9,175.4
2021/05/24,174.9,178.3,173.2,178.3
2021/05/25,175.4,176.6,174.1,174.1
2021/05/26,174.9,176.6,174.1,175.4
2021/05/27,174.9,181.3,171.5,181.3
2021/05/28,179.2,180.1,177.5,178.8
2021/05/31,178.8,179.6,175.4,177.9
2021/06/01,177.9,178.8,177.1,178.8
2021/06/02,177.9,178.3,173.7,174.9
2021/06/03,174.9,175.8,174.1,175.8
2021/06/04,174.9,177.1,174.1,176.6
2021/06/07,176.2,176.6,171.5,174.5
2021/06/08,175.4,175.4,173.2,174.1
2021/06/09,174.5,174.5,172.4,173.2
2021/06/10,174.9,174.9,172.8,174.5
2021/06/11,174.9,176.6,174.5,176.6
2021/06/15,177.5,177.5,175.4,177.1
2021/06/16,173.2,174.1,170.7,170.7
2021/06/17,169.4,171.5,167.3,171.1
2021/06/18,170.2,172.4,170.2,171.1
2021/06/21,169.8,171.9,169.4,171.1
2021/06/22,170.7,173.7,170.2,171.9
2021/06/23,173.2,177.5,172.4,175.4
2021/06/24,175.4,179.2,175.4,179.2
2021/06/25,179.2,180.1,175.4,176.6
2021/06/28,176.6,177.1,173.7,174.1
2021/06/29,173.7,174.5,172.4,172.8
2021/06/30,174.1,174.9,171.9,172.8
2021/07/01,171.9,173.2,169.8,171.5
2021/07/02,170.7,172.4,170.2,171.9
2021/07/05,173.7,176.6,173.2,176.6
2021/07/06,175.8,177.9,175.8,177.9
2021/07/07,179.2,180.1,177.9,179.2
2021/07/08,180.9,182.2,179.2,181.3
2021/07/09,179.6,180.1,176.2,177.9
2021/07/12,179.6,181.8,178.8,180.1
2021/07/13,182.2,185.2,181.3,184.3
2021/07/14,186.9,187.7,183.5,184.3
2021/07/15,184.7,186.9,183.9,186.9
2021/07/16,185.2,188.6,185.2,188.6
2021/07/19,185.2,188.6,184.7,188.6
2021/07/20,187.3,187.3,180.5,182.6
2021/07/21,183.5,186.5,183.5,184.7
2021/07/22,186.0,189.4,184.7,186.9
2021/07/23,187.7,190.3,186.9,189.9
2021/07/26,189.4,193.3,189.4,191.1
2021/07/27,192.4,195.8,187.3,187.7
2021/07/28,186.9,190.3,183.5,186.5
2021/07/29,190.3,191.1,186.9,191.1
2021/07/30,192.4,199.3,192.0,197.5
2021/08/02,198.0,202.2,196.7,202.2
2021/08/03,203.5,204.8,198.0,199.7
2021/08/04,201.4,202.2,198.8,201.4
2021/08/05,198.5,198.9,194.4,195.8
2021/08/06,195.3,197.1,193.1,195.3
2021/08/09,196.2,198.9,190.8,198.0
2021/08/10,199.4,207.9,198.9,203.8
2021/08/11,203.8,209.7,201.6,206.1
2021/08/12,204.7,207.4,203.4,205.6
2021/08/13,206.5,209.7,204.7,208.8
2021/08/16,206.1,210.1,201.6,203.4
2021/08/17,202.5,204.7,200.7,202.9
2021/08/18,204.7,209.2,202.5,207.0
2021/08/19,206.1,208.8,199.8,202.0
2021/08/20,206.1,211.0,205.2,208.8
2021/08/23,212.4,220.0,210.6,218.2
2021/08/24,223.1,223.1,213.7,221.3
2021/08/25,221.8,222.2,216.8,219.1
2021/08/26,217.7,227.6,214.6,227.6
2021/08/27,223.1,236.1,223.1,235.6
2021/08/30,233.9,239.7,233.0,238.3
2021/08/31,236.5,239.2,233.4,238.8
2021/09/01,239.2,239.2,232.1,233.4
2021/09/02,233.4,237.0,230.7,232.5
2021/09/03,230.7,232.1,228.0,229.8
2021/09/06,228.0,229.4,221.8,227.1
2021/09/07,228.0,233.4,227.6,231.2
2021/09/08,230.3,232.5,225.8,232.5
2021/09/09,232.5,237.4,229.8,237.0
2021/09/10,237.9,243.3,236.5,238.8
2021/09/13,239.2,246.4,238.8,243.7
2021/09/14,245.5,254.0,243.7,251.8
2021/09/15,249.1,249.5,243.7,248.2
2021/09/16,249.1,252.2,240.1,240.6
2021/09/17,238.3,239.2,228.5,228.9
2021/09/22,216.8,224.4,215.9,223.1
2021/09/23,224.9,231.2,224.4,227.6
2021/09/24,229.4,233.0,224.4,225.8
2021/09/27,223.6,225.3,220.0,221.3
2021/09/28,219.5,224.0,216.8,220.4
2021/09/29,218.2,220.9,212.4,215.0
2021/09/30,218.6,223.1,216.4,220.4
2021/10/01,220.4,220.4,209.7,212.4
2021/10/04,215.5,215.9,208.8,210.6
2021/10/05,209.2,209.2,199.8,205.6
2021/10/06,212.8,212.8,201.2,202.9
2021/10/07,207.9,213.2,204.7,209.7
2021/10/08,210.1,214.1,208.3,211.5
2021/10/12,212.4,213.2,202.5,209.7
2021/10/13,208.3,212.4,204.3,207.4
2021/10/14,207.0,207.9,202.9,205.6
2021/10/15,208.3,211.0,205.6,209.2
2021/10/18,211.9,215.9,208.8,210.1
2021/10/19,213.7,215.0,211.5,212.8
2021/10/20,214.6,215.9,211.9,215.5
2021/10/21,217.3,219.5,214.6,218.6
2021/10/22,220.0,220.0,214.6,216.8
2021/10/25,216.8,220.4,215.9,219.5
2021/10/26,221.3,233.4,220.0,229.4
2021/10/27,230.7,242.4,230.3,242.4
2021/10/28,241.5,244.6,237.9,240.6
2021/10/29,240.6,241.0,230.3,238.3
2021/11/01,241.9,247.3,239.7,246.4
2021/11/02,246.4,246.4,239.2,241.5
2021/11/03,240.1,241.9,234.3,235.6
2021/11/04,237.0,238.8,232.1,233.4
2021/11/05,233.0,238.3,230.7,237.4
2021/11/08,237.4,238.3,232.1,234.3
2021/11/09,232.5,235.6,230.7,233.4
2021/11/10,230.3,230.3,224.4,224.9
2021/11/11,225.8,232.1,224.9,230.7
2021/11/12,231.2,231.6,224.9,225.8
2021/11/15,226.7,226.7,221.3,222.7
2021/11/16,224.4,226.7,224.0,225.8
2021/11/17,224.0,225.8,223.1,224.9
2021/11/18,226.7,229.8,225.3,227.1
2021/11/19,228.5,228.9,224.0,224.9
2021/11/22,224.0,224.4,219.1,220.4
2021/11/23,219.5,221.8,216.4,220.4
2021/11/24,218.6,222.7,218.6,220.9
2021/11/25,222.7,223.1,220.4,221.3
2021/11/26,219.5,220.9,217.7,217.7
2021/11/29,216.4,218.6,214.6,216.8
2021/11/30,216.8,223.6,216.8,221.3
2021/12/01,221.3,225.3,218.6,224.9
2021/12/02,224.9,228.5,222.7,227.1
2021/12/03,229.4,231.2,228.5,228.9
2021/12/06,227.6,231.2,226.2,229.8
2021/12/07,228.9,233.0,225.3,233.0
2021/12/08,236.5,237.0,232.5,236.1
2021/12/09,232.5,233.4,228.9,232.5
2021/12/10,232.1,233.0,229.4,229.8
2021/12/13,233.0,233.4,228.9,228.9
2021/12/14,227.1,228.5,222.2,224.0
2021/12/15,224.4,227.1,221.8,224.4
2021/12/16,223.1,228.0,222.7,225.3
2021/12/17,224.0,228.0,224.0,228.0
2021/12/20,224.9,228.5,222.2,223.6
2021/12/21,223.1,225.8,222.2,224.4
2021/12/22,224.4,225.8,223.1,224.9
2021/12/23,224.0,226.2,224.0,226.2
2021/12/24,226.7,229.4,226.7,228.5
2021/12/27,228.5,230.3,227.1,228.9
2021/12/28,230.3,237.0,229.8,236.5
2021/12/29,236.5,239.2,235.2,238.3
2021/12/30,240.1,241.9,235.6,236.1
2022/01/03,238.8,243.7,238.3,240.1
2022/01/04,240.6,241.0,233.9,236.5
2022/01/05,233.4,241.5,232.5,240.6
2022/01/06,240.1,242.8,236.1,239.2
2022/01/07,237.9,239.7,233.0,237.4
2022/01/10,233.9,236.1,233.4,234.3
2022/01/11,234.8,238.8,233.4,238.8
2022/01/12,237.4,241.0,237.4,240.6
2022/01/13,238.3,245.1,237.4,242.8
2022/01/14,237.4,239.7,224.0,226.7
2022/01/17,224.9,229.8,224.0,225.8
2022/01/18,228.5,232.1,225.8,229.8
2022/01/19,229.8,231.6,225.8,230.7
2022/01/20,230.7,231.6,229.4,230.7
2022/01/21,230.3,230.3,224.4,226.2
2022/01/24,222.2,224.9,218.2,222.2
2022/01/25,218.2,221.3,215.5,218.6
2022/01/26,219.5,226.7,219.5,225.3
2022/02/07,221.8,226.2,220.9,225.8
2022/02/08,228.0,236.5,226.2,233.4
2022/02/09,235.6,236.5,233.0,236.1
2022/02/10,237.9,241.0,235.2,241.0
2022/02/11,239.2,244.2,235.6,244.2
2022/02/14,242.4,242.4,235.6,238.8
2022/02/15,241.0,243.3,239.2,241.0
2022/02/16,241.9,243.3,240.6,241.0
2022/02/17,241.0,244.2,237.9,239.7
2022/02/18,238.3,238.3,235.6,235.6
2022/02/21,234.3,237.4,233.0,236.5
2022/02/22,233.4,234.8,230.7,232.1
2022/02/23,233.9,238.3,233.9,235.6
2022/02/24,235.6,235.6,231.2,231.6
2022/02/25,229.8,235.2,224.9,224.9
2022/03/01,222.7,233.9,222.7,233.4
2022/03/02,232.1,232.5,229.8,231.2
2022/03/03,231.6,232.5,230.3,231.6
2022/03/04,228.5,228.5,224.4,224.9
2022/03/07,221.3,221.3,215.5,215.5
2022/03/08,208.8,215.0,206.5,208.3
2022/03/09,209.7,213.2,209.7,210.6
2022/03/10,216.8,219.5,216.4,219.1
2022/03/11,218.6,218.6,213.2,213.7
2022/03/14,213.2,216.8,211.5,213.7
2022/03/15,213.2,213.2,207.9,208.8
2022/03/16,207.4,210.1,200.7,206.1
2022/03/17,213.2,218.2,213.2,215.9
2022/03/18,217.7,221.8,217.3,220.4
2022/03/21,221.8,225.3,220.4,222.7
2022/03/22,221.3,225.3,221.3,224.9
2022/03/23,225.3,228.5,225.3,228.5
2022/03/24,226.2,227.6,224.9,226.2
2022/03/25,225.8,225.8,222.2,222.2
2022/03/28,220.0,220.4,214.1,216.8
2022/03/29,220.0,224.9,218.2,224.9
2022/03/30,225.3,228.9,225.3,227.6
2022/03/31,230.3,230.7,225.8,227.1
2022/04/01,224.0,227.1,223.1,226.7
2022/04/06,224.0,233.0,224.0,233.0
2022/04/07,228.9,232.1,228.9,229.4
2022/04/08,229.4,231.2,226.7,226.7
2022/04/11,225.3,227.6,215.5,216.8
2022/04/12,222.2,222.2,216.8,220.0
2022/04/13,222.2,222.7,219.5,222.7
2022/04/14,223.1,228.5,222.7,227.6
2022/04/15,226.7,226.7,220.4,221.3
2022/04/18,219.1,221.3,217.7,221.3
2022/04/19,220.0,223.1,219.5,221.8
2022/04/20,221.3,221.3,215.9,218.2
2022/04/21,220.9,224.0,218.6,220.9
2022/04/22,218.2,218.6,215.0,217.3
2022/04/25,214.1,215.5,211.9,211.9
2022/04/26,211.5,219.5,208.3,219.5
2022/04/27,214.6,214.6,208.3,210.1
2022/04/28,211.0,212.4,208.3,211.5
2022/04/29,211.5,213.7,210.6,211.9
2022/05/03,209.7,215.0,207.4,214.1
2022/05/04,215.9,219.1,214.1,218.6
2022/05/05,220.4,222.7,216.8,216.8
2022/05/06,213.2,215.0,209.7,211.9
2022/05/09,207.9,209.2,201.6,201.6
2022/05/10,191.7,197.1,190.0,193.1
2022/05/11,192.6,195.8,187.7,190.4
2022/05/12,186.4,187.3,177.9,178.8
2022/05/13,179.2,179.2,171.6,172.5
2022/05/16,174.7,177.4,171.1,172.9
2022/05/17,175.2,177.0,172.5,174.3
2022/05/18,175.6,187.3,175.6,185.5
2022/05/19,180.1,183.2,176.5,183.2
2022/05/20,183.2,185.0,181.9,183.7
2022/05/23,184.1,185.9,181.9,184.1
2022/05/24,183.7,186.8,181.4,181.4
2022/05/25,183.2,185.5,181.4,183.2
2022/05/26,185.0,186.4,177.4,178.3
2022/05/27,179.6,190.0,179.6,188.2
2022/05/30,190.8,195.3,189.5,193.1
2022/05/31,198.5,201.6,195.3,201.6
2022/06/01,201.6,202.5,197.1,199.4
2022/06/02,196.2,202.0,195.3,199.4
2022/06/06,201.6,202.0,195.8,199.4
2022/06/07,197.6,201.2,196.7,199.8
2022/06/08,201.6,207.4,201.2,207.0
2022/06/09,207.0,209.7,203.8,204.7
2022/06/10,202.5,202.9,199.4,200.3
2022/06/13,196.2,198.9,194.4,198.0
2022/06/14,195.3,197.1,192.6,194.9
2022/06/15,196.2,205.2,195.3,202.9
2022/06/16,206.1,211.0,201.6,203.4
2022/06/17,198.9,201.2,195.3,195.8
2022/06/20,198.5,200.3,193.5,193.5
2022/06/21,196.7,202.0,194.9,201.2
2022/06/22,196.2,198.0,188.6,190.5
2022/06/23,193.8,193.8,187.7,191.0
2022/06/24,192.9,195.2,190.5,192.9
2022/06/27,193.8,201.3,192.4,199.9
2022/06/28,199.9,204.2,198.5,201.8
2022/06/29,199.5,204.6,199.0,204.2
2022/06/30,204.2,205.1,195.7,196.2
2022/07/01,185.3,186.8,176.9,177.8
2022/07/04,176.4,182.5,172.6,176.9
2022/07/05,180.6,181.6,175.5,179.7
2022/07/06,181.1,183.9,178.8,179.2
2022/07/07,181.1,182.5,175.9,180.6
2022/07/08,181.1,182.0,178.3,181.1
2022/07/11,181.6,183.5,179.2,180.6
2022/07/12,178.8,179.7,174.0,176.9
2022/07/13,178.8,180.2,177.8,178.8
2022/07/14,179.7,181.1,177.8,181.1
2022/07/15,180.6,180.6,170.8,174.5
2022/07/18,174.0,178.8,173.1,175.5
2022/07/19,177.8,180.6,174.5,176.4
2022/07/20,178.8,180.2,176.4,179.7
2022/07/21,181.6,185.3,180.6,185.3
2022/07/22,185.8,189.1,183.0,189.1
2022/07/25,187.7,189.6,185.8,187.2
2022/07/26,189.6,192.9,189.1,190.5
2022/07/27,189.6,191.9,189.1,191.5
2022/07/28,191.9,193.8,190.5,191.9
2022/07/29,193.8,199.0,192.9,199.0
2022/08/01,199.9,200.4,195.7,200.4
2022/08/02,198.0,201.3,197.6,200.4
2022/08/03,198.5,198.5,191.0,191.5
2022/08/04,192.4,194.7,191.0,192.4
2022/08/05,195.7,203.2,195.2,203.2
2022/08/08,202.3,206.0,201.3,206.0
2022/08/09,206.5,208.9,204.6,207.0
2022/08/10,206.5,208.4,205.1,207.9
2022/08/11,211.2,212.2,204.6,205.6
2022/08/12,207.4,211.2,205.6,210.3
2022/08/15,212.2,215.0,211.7,212.6
2022/08/16,211.2,211.7,208.9,211.2
2022/08/17,209.8,213.6,208.9,211.7
2022/08/18,210.3,210.3,207.0,208.9
2022/08/19,207.4,208.9,205.1,206.0
2022/08/22,203.7,205.6,202.7,204.6
2022/08/23,202.7,203.7,199.9,200.4
2022/08/24,201.8,201.8,197.1,199.5
2022/08/25,201.8,203.7,200.4,202.7
2022/08/26,204.6,207.9,204.2,207.0
2022/08/29,198.5,199.9,186.8,187.2
2022/08/30,187.2,190.5,185.3,188.6
2022/08/31,186.3,187.7,183.9,185.3
2022/09/01,182.0,182.5,179.7,181.6
2022/09/02,179.2,180.6,176.4,177.3
2022/09/05,175.9,181.1,173.6,178.8
2022/09/06,180.6,183.5,179.2,181.1
2022/09/07,178.8,180.2,175.9,176.4
2022/09/08,178.8,183.0,177.8,182.0
2022/09/12,187.2,188.6,185.3,188.2
2022/09/13,189.6,192.9,189.6,190.0
2022/09/14,183.9,185.8,182.0,184.9
2022/09/15,183.9,189.1,182.5,187.7
2022/09/16,185.3,187.7,185.3,185.3
2022/09/19,185.3,187.7,183.9,186.8
2022/09/20,187.2,187.2,183.9,185.8
2022/09/21,184.4,186.3,183.9,185.8
2022/09/22,182.0,183.5,178.8,180.6
2022/09/23,183.5,185.3,181.1,181.6
2022/09/26,177.8,178.3,173.1,174.5
2022/09/27,175.0,176.4,173.1,175.0
2022/09/28,176.4,176.9,170.8,170.8
2022/09/29,173.6,174.0,170.8,171.7
2022/09/30,169.3,173.1,167.5,171.7
2022/10/03,168.4,170.8,167.5,168.4
2022/10/04,171.7,176.9,171.7,175.5
2022/10/05,178.8,180.6,178.3,178.8
2022/10/06,180.2,180.6,177.8,178.8
2022/10/07,177.3,178.3,174.5,175.5
2022/10/11,168.9,169.8,165.1,165.6
2022/10/12,164.6,167.9,163.2,167.5
2022/10/13,164.2,166.5,155.2,155.7
2022/10/14,160.4,163.2,159.9,160.4
2022/10/17,159.5,162.8,157.1,161.8
2022/10/18,163.2,165.1,161.8,164.6
2022/10/19,165.1,167.0,161.3,161.8
2022/10/20,158.5,159.9,156.2,158.5
2022/10/21,157.1,159.5,153.8,154.8
2022/10/24,157.6,158.5,146.8,147.7
2022/10/25,144.4,145.4,133.1,133.1
2022/10/26,133.1,135.5,130.8,134.5
2022/10/27,136.4,143.5,135.5,141.1
2022/10/28,141.1,146.3,139.2,140.7
2022/10/31,142.1,142.5,135.0,140.2
2022/11/01,143.9,146.8,141.6,145.4
2022/11/02,144.9,145.4,141.1,142.5
2022/11/03,140.2,145.4,140.2,144.9
2022/11/04,142.1,148.2,142.1,148.2
2022/11/07,147.7,151.5,146.3,150.1
2022/11/08,151.0,159.0,151.0,156.2
2022/11/09,156.2,159.9,155.2,159.5
2022/11/10,157.1,160.9,156.2,158.5
2022/11/11,167.9,169.3,160.9,162.8
2022/11/14,165.6,178.8,164.2,178.8
2022/11/15,181.1,183.5,176.4,183.5
2022/11/16,179.7,180.6,174.5,176.4
2022/11/17,176.9,176.9,171.7,174.5
2022/11/18,174.5,177.3,172.6,174.5
2022/11/21,171.7,175.0,169.8,175.0
2022/11/22,173.6,176.4,172.2,173.6
2022/11/23,174.5,178.3,174.5,177.3
2022/11/24,180.2,180.6,178.8,180.2
2022/11/25,180.6,183.9,179.7,181.1
2022/11/28,178.3,181.6,175.5,179.7
2022/11/29,177.3,181.1,175.9,181.1
2022/11/30,180.2,189.6,179.7,189.6
2022/12/01,191.9,195.2,189.1,192.9
2022/12/02,192.9,199.0,192.4,199.0
2022/12/05,199.5,201.8,197.1,199.5
2022/12/06,197.6,204.2,196.2,201.8
2022/12/07,201.3,201.3,194.7,195.7
2022/12/08,193.8,199.5,188.2,197.6
2022/12/09,198.5,201.3,197.6,199.9
2022/12/12,200.4,200.4,197.1,198.0
2022/12/13,199.0,201.3,196.2,197.1
2022/12/14,199.0,202.7,196.6,200.9
2022/12/15,201.3,206.5,199.5,206.5
2022/12/16,201.8,204.2,200.9,201.8
2022/12/19,200.4,207.0,200.4,205.1
2022/12/20,203.7,206.0,200.4,200.9
2022/12/21,202.3,207.9,202.3,206.5
2022/12/22,207.0,207.0,201.8,202.7
2022/12/23,201.8,204.6,200.9,203.7
2022/12/26,204.2,204.6,201.8,202.7
2022/12/27,204.2,207.4,203.7,206.5
2022/12/28,204.6,205.6,202.3,202.3
2022/12/29,199.0,202.7,195.2,201.3
2022/12/30,202.3,205.6,202.3,204.2
2023/01/03,202.3,205.1,200.4,204.2
2023/01/04,206.0,210.3,204.6,209.8
2023/01/05,208.9,212.6,207.0,207.0
2023/01/06,209.8,211.7,206.5,210.7
2023/01/09,211.7,217.3,211.2,217.3
2023/01/10,218.3,219.2,215.9,219.2
2023/01/11,220.1,221.1,215.4,215.9
2023/01/12,217.3,218.3,211.2,212.6
2023/01/13,214.0,215.0,207.0,208.9
2023/01/16,211.7,218.7,211.2,217.8
2023/01/17,216.9,219.2,215.4,216.4
2023/01/30,227.2,229.1,219.2,225.8
2023/01/31,222.5,223.0,211.7,211.7
2023/02/01,217.3,221.1,214.5,220.6
2023/02/02,221.6,221.6,216.4,217.3
2023/02/03,217.3,219.7,216.4,216.4
2023/02/06,212.2,215.9,209.3,214.0
2023/02/07,215.0,217.3,214.0,214.0
2023/02/08,216.4,217.3,214.5,216.9
2023/02/09,214.5,219.2,214.5,216.9
2023/02/10,215.4,220.1,215.4,219.2
2023/02/13,220.1,220.6,216.4,218.3
2023/02/14,219.7,220.1,217.8,220.1
2023/02/15,220.1,221.1,219.2,220.6
2023/02/16,221.6,221.6,216.9,217.8
2023/02/17,216.9,219.2,216.4,217.8
2023/02/20,217.3,218.3,215.9,217.3
2023/02/21,217.3,217.3,213.6,215.0
2023/02/22,213.6,215.0,211.7,214.5
2023/02/23,213.6,214.5,210.7,211.7
2023/02/24,215.4,215.4,205.6,212.2
2023/03/01,206.0,215.9,206.0,215.4
2023/03/02,215.9,216.4,212.6,212.6
2023/03/03,215.0,216.9,211.7,212.6
2023/03/06,215.0,215.4,213.1,214.5
2023/03/07,214.5,219.2,214.5,218.3
2023/03/08,216.9,220.1,216.9,218.7
2023/03/09,220.6,223.0,219.2,220.6
2023/03/10,218.7,219.7,212.6,213.6
2023/03/13,215.9,221.1,212.2,220.6
2023/03/14,216.9,218.7,214.5,215.9
2023/03/15,217.3,218.7,215.9,215.9
2023/03/16,214.5,215.9,212.6,214.5
2023/03/17,215.9,217.3,215.0,216.4
2023/03/20,217.8,217.8,214.5,217.3
2023/03/21,217.8,218.3,214.0,215.4
2023/03/22,216.9,221.1,215.4,220.1
2023/03/23,219.7,223.4,218.7,223.0
2023/03/24,222.0,222.0,216.9,218.3
2023/03/27,217.3,220.6,216.9,219.2
2023/03/28,220.1,220.6,218.7,219.2
2023/03/29,210.7,215.0,210.7,215.0
2023/03/30,214.5,214.5,210.7,212.2
2023/03/31,211.2,211.7,207.0,210.3
2023/04/06,210.7,211.7,207.0,207.4
2023/04/07,208.4,211.7,207.9,210.3
2023/04/10,210.7,212.2,209.8,210.7
2023/04/11,214.0,215.9,213.1,214.5
2023/04/12,214.5,215.4,212.6,214.5
2023/04/13,212.6,216.9,212.6,215.9
2023/04/14,217.8,219.7,215.9,219.7
2023/04/17,217.8,218.3,215.0,216.4
2023/04/18,215.0,216.9,214.5,216.4
2023/04/19,215.4,215.9,213.6,215.4
2023/04/20,214.5,215.9,211.7,211.7
2023/04/21,212.6,214.5,210.7,212.2
2023/04/24,210.7,212.6,207.9,212.6
2023/04/25,213.1,214.0,207.9,208.9
2023/04/26,207.9,212.6,207.4,211.2
2023/04/27,209.8,210.7,205.1,207.0
2023/04/28,208.4,210.7,207.9,209.8
2023/05/02,211.2,213.1,209.8,211.7
2023/05/03,210.7,210.7,208.4,209.3
2023/05/04,207.9,209.3,207.4,207.9
2023/05/05,208.9,208.9,205.6,207.4
2023/05/08,209.3,213.1,209.3,212.6
2023/05/09,211.7,213.1,210.3,210.7
2023/05/10,212.6,214.0,209.8,211.7
2023/05/11,212.6,213.6,210.3,211.2
2023/05/12,212.2,213.1,208.4,208.9
2023/05/15,207.9,207.9,193.8,196.6
2023/05/16,195.7,197.1,193.8,195.7
2023/05/17,195.7,203.2,194.7,201.3
2023/05/18,203.2,205.6,199.5,205.1
2023/05/19,207.0,209.3,201.3,203.2
2023/05/22,200.4,203.7,199.9,202.3
2023/05/23,202.7,203.7,200.9,200.9
2023/05/24,199.9,200.4,196.6,197.6
2023/05/25,195.7,196.2,190.0,193.8
2023/05/26,192.9,195.7,192.4,193.8
2023/05/29,194.3,198.5,189.1,198.0
2023/05/30,198.0,198.0,193.3,194.7
2023/05/31,192.9,194.3,190.5,190.5
2023/06/01,191.9,193.3,191.5,192.4
2023/06/02,190.5,193.8,190.5,192.9
2023/06/05,194.3,197.6,194.3,194.3
2023/06/06,194.3,197.1,194.3,196.6
2023/06/07,197.6,200.9,197.1,200.4
2023/06/08,199.5,200.4,197.6,197.6
2023/06/09,199.5,199.5,196.2,199.0
2023/06/12,200.9,201.3,196.6,196.6
2023/06/13,195.2,198.0,191.9,191.9
2023/06/14,193.3,197.6,193.3,196.2
2023/06/15,195.2,195.7,192.4,193.3
2023/06/16,194.3,195.7,192.4,192.9
2023/06/19,191.9,195.7,191.0,194.7
2023/06/20,195.2,195.2,192.9,192.9
2023/06/21,189.1,191.0,188.2,189.6
2023/06/26,187.7,190.0,187.7,190.0
2023/06/27,189.1,191.0,188.2,189.1
2023/06/28,189.1,191.0,188.6,191.0
2023/06/29,192.9,194.7,191.0,191.9
2023/06/30,190.5,192.4,190.0,191.9
2023/07/03,191.5,194.3,191.5,193.3
2023/07/04,194.3,199.5,194.3,197.6
2023/07/05,197.6,199.5,196.6,197.6
2023/07/06,194.7,195.7,191.9,191.9
2023/07/07,189.1,191.0,189.1,189.1
2023/07/10,190.0,191.5,188.6,189.6
2023/07/11,191.0,192.4,190.0,192.4
2023/07/12,190.5,192.4,190.0,190.5
2023/07/13,190.5,194.3,190.5,191.5
2023/07/14,193.8,200.4,193.8,199.5
2023/07/17,200.4,203.2,199.9,202.3
2023/07/18,201.8,201.8,197.6,198.5
2023/07/19,199.5,201.3,199.0,199.5
2023/07/20,198.5,198.5,194.3,194.3
2023/07/21,192.9,193.8,191.0,191.9
2023/07/24,192.9,194.7,190.5,192.9
2023/07/25,193.8,195.7,191.9,195.2
2023/07/26,193.8,194.7,191.5,191.5
2023/07/27,192.9,196.2,191.9,192.4
2023/07/28,192.4,194.3,191.9,192.9
2023/07/31,194.7,196.6,194.3,195.7
2023/08/01,191.9,194.8,191.0,194.3
2023/08/02,192.9,193.8,191.0,192.9
2023/08/04,190.0,191.0,186.2,186.2
2023/08/07,184.7,184.7,176.6,179.9
2023/08/08,180.4,181.8,177.1,177.5
2023/08/09,177.1,179.4,177.1,179.0
2023/08/10,179.4,182.3,178.5,179.4
2023/08/11,180.9,182.3,178.5,178.5
2023/08/14,174.2,174.2,166.0,166.5
2023/08/15,165.5,166.0,161.2,163.1
2023/08/16,163.1,168.9,162.2,167.0
2023/08/17,165.5,175.6,164.1,174.2
2023/08/18,173.7,175.1,171.8,172.7
2023/08/21,171.8,172.7,168.9,171.8
2023/08/22,171.3,172.3,170.3,170.3
2023/08/23,170.3,170.3,165.5,167.0
2023/08/24,167.5,170.3,166.5,169.9
2023/08/25,169.4,172.3,167.9,170.8
2023/08/28,171.3,176.6,169.4,174.2
2023/08/29,169.9,172.3,167.9,171.3
2023/08/30,171.3,172.3,168.9,169.9
2023/08/31,169.4,172.7,169.4,170.3
2023/09/01,168.9,171.8,168.4,171.3
2023/09/04,171.3,174.2,170.3,174.2
2023/09/05,173.2,173.7,171.8,171.8
2023/09/06,171.3,172.7,170.8,172.3
2023/09/07,169.9,170.8,167.0,167.5
2023/09/08,164.6,167.0,163.6,165.5
2023/09/11,166.5,169.4,166.0,167.9
2023/09/12,167.5,168.9,166.0,168.9
2023/09/13,168.4,169.9,167.5,169.9
2023/09/14,170.3,172.7,169.9,172.7
2023/09/15,175.1,177.5,174.7,175.1
2023/09/18,174.7,176.6,174.2,175.6
2023/09/19,175.1,177.1,174.7,176.6
2023/09/20,176.6,176.6,171.8,172.7
2023/09/21,171.8,172.7,168.4,168.4
2023/09/22,167.0,171.8,167.0,170.3
2023/09/25,171.3,175.6,170.8,174.2
2023/09/26,174.7,175.6,172.3,172.7
2023/09/27,172.7,176.6,171.3,176.6
2023/09/28,176.6,177.1,173.2,173.7
2023/10/02,173.7,174.7,171.3,173.7
2023/10/03,172.3,173.7,171.8,171.8
2023/10/04,172.3,172.3,168.4,169.9
2023/10/05,170.8,171.8,169.9,170.3
2023/10/06,172.3,172.7,170.8,170.8
2023/10/11,174.7,179.0,173.7,176.1
2023/10/12,176.1,176.6,172.7,176.1
2023/10/13,174.7,176.6,174.7,175.6
2023/10/16,174.7,175.6,174.2,175.1
2023/10/17,175.1,176.6,173.7,173.7
2023/10/18,173.2,174.7,170.8,171.8
2023/10/19,169.9,171.8,169.9,171.8
2023/10/20,169.9,170.3,165.1,167.0
2023/10/23,164.6,166.5,163.6,165.1
2023/10/24,162.7,165.5,162.7,164.1
2023/10/25,165.5,167.9,165.1,166.5
2023/10/26,165.1,167.0,164.1,164.6
2023/10/27,166.5,173.2,166.0,171.8
2023/10/30,170.3,171.8,168.9,170.3
2023/10/31,170.3,171.3,167.5,168.4
2023/11/01,168.9,169.4,166.5,166.5
2023/11/02,169.4,171.3,168.9,169.4
2023/11/03,171.3,172.3,170.3,171.3
2023/11/06,171.8,175.1,171.3,173.7
2023/11/07,173.7,175.1,172.7,174.7
2023/11/08,174.7,174.7,171.3,171.8
2023/11/09,172.3,172.7,170.3,170.8
2023/11/10,167.9,167.9,166.0,166.5
2023/11/13,167.9,168.4,165.1,165.5
2023/11/14,167.5,167.9,166.0,166.0
2023/11/15,166.5,167.9,166.0,167.9
2023/11/16,167.0,169.9,167.0,169.4
2023/11/17,169.4,171.8,168.9,170.3
2023/11/20,169.9,171.3,167.9,170.8
2023/11/21,171.3,174.7,169.9,173.7
2023/11/22,172.3,175.1,172.3,175.1
2023/11/23,174.7,176.6,173.7,174.7
2023/11/24,175.6,177.5,175.1,177.1
2023/11/27,177.1,179.4,175.1,176.1
2023/11/28,177.5,179.0,175.1,177.5
2023/11/29,177.5,178.5,175.6,175.6
2023/11/30,177.1,178.5,175.6,178.5
2023/12/01,176.6,177.1,174.7,175.1
2023/12/04,176.1,177.5,173.7,174.2
2023/12/05,172.7,173.7,171.8,173.7
2023/12/06,173.7,175.1,172.7,172.7
2023/12/07,171.3,173.7,171.3,171.8
2023/12/08,173.7,176.1,173.2,173.7
2023/12/11,173.2,173.2,170.8,171.3
2023/12/12,172.7,173.2,171.3,171.8
2023/12/13,170.8,171.8,167.9,168.4
2023/12/14,168.4,172.3,168.4,172.3
2023/12/15,173.7,180.4,173.7,179.9
2023/12/18,181.4,183.8,178.5,179.0
2023/12/19,179.0,180.4,177.1,179.0
2023/12/20,180.4,180.9,177.1,177.5
2023/12/21,177.5,179.9,176.1,179.9
2023/12/22,179.4,180.9,178.0,179.0
2023/12/25,179.9,179.9,178.0,179.0
2023/12/26,180.4,182.3,179.4,181.4
2023/12/27,181.4,183.3,180.9,182.8
2023/12/28,182.3,182.8,179.4,181.8
2023/12/29,182.3,185.2,181.4,185.2
2024/01/02,184.7,186.2,182.8,186.2
2024/01/03,184.2,185.2,182.3,184.2
2024/01/04,184.7,187.6,183.8,187.6
2024/01/05,187.1,187.6,182.3,182.3
2024/01/08,183.3,183.3,178.5,178.5
2024/01/09,179.4,179.4,175.1,175.1
2024/01/10,177.1,177.5,174.7,175.6
2024/01/11,177.1,179.4,176.1,178.5
2024/01/12,178.0,179.0,176.1,177.1
2024/01/15,178.5,179.0,176.1,176.6
2024/01/16,175.6,176.1,173.2,174.7
2024/01/17,173.7,174.2,171.3,171.3
2024/01/18,171.3,172.3,169.9,169.9
2024/01/19,170.8,173.2,170.8,172.3
2024/01/22,172.3,173.7,170.8,172.7
2024/01/23,173.7,174.2,172.3,173.7
2024/01/24,173.7,174.7,170.8,170.8
2024/01/25,171.3,173.7,171.3,172.3
2024/01/26,171.8,172.3,169.9,170.3
2024/01/29,170.3,172.7,169.9,171.8
2024/01/30,170.8,171.3,167.0,167.0
2024/01/31,166.0,167.9,166.0,167.0
2024/02/01,167.5,168.9,166.0,167.9
2024/02/02,167.9,168.4,167.0,167.5
2024/02/05,167.0,167.0,164.1,167.0
2024/02/15,164.1,165.1,163.1,163.1
2024/02/16,163.1,166.0,161.2,164.1
2024/02/19,166.0,167.9,165.1,167.0
2024/02/20,167.5,170.3,167.5,170.3
2024/02/21,170.3,171.3,167.9,168.9
2024/02/22,169.4,170.3,167.9,168.9
2024/02/23,168.4,170.3,167.9,168.9
2024/02/26,168.9,169.4,165.5,166.0
2024/02/27,167.0,168.9,165.1,165.1
2024/02/29,165.1,167.9,164.1,167.5
2024/03/01,167.5,167.9,165.5,167.0
2024/03/04,166.0,167.0,166.0,167.0
2024/03/05,166.5,167.9,166.0,166.5
2024/03/06,166.0,169.4,165.5,167.9
2024/03/07,167.0,167.9,166.0,167.9
2024/03/08,166.5,167.0,164.1,165.5
2024/03/11,165.1,167.5,164.6,167.5
2024/03/12,167.5,168.9,166.5,168.9
2024/03/13,167.9,170.3,167.0,168.9
2024/03/14,169.4,173.2,169.4,171.8
2024/03/15,170.8,170.8,167.5,169.9
2024/03/18,168.9,169.4,167.0,167.0
2024/03/19,166.0,167.0,165.1,165.5
2024/03/20,165.1,166.0,164.6,165.1
2024/03/21,166.5,169.9,166.0,169.4
2024/03/22,167.0,167.5,163.6,164.6
2024/03/25,163.6,167.0,163.6,167.0
2024/03/26,165.1,167.0,163.6,165.1
2024/03/27,164.6,165.5,164.6,165.1
2024/03/28,166.5,167.9,164.6,164.6
2024/03/29,165.1,166.0,164.6,165.1
2024/04/01,166.0,168.9,166.0,168.4
2024/04/02,169.4,170.3,167.9,168.9
2024/04/03,167.9,168.9,167.0,168.4
2024/04/08,167.0,170.8,167.0,168.9
2024/04/09,169.9,171.8,168.9,171.3
2024/04/10,171.8,173.2,170.8,171.3
2024/04/11,170.3,170.8,167.5,168.4
2024/04/12,167.9,168.4,167.0,167.5
2024/04/15,166.0,167.5,165.5,166.0
2024/04/16,165.1,166.0,163.1,163.1
2024/04/17,163.6,164.1,162.7,163.6
2024/04/18,164.1,166.0,163.6,165.1
2024/04/19,163.6,164.6,158.3,161.2
2024/04/22,162.7,166.0,161.2,165.5
2024/04/23,166.0,167.0,165.1,166.0
2024/04/24,167.0,167.0,164.1,166.5
2024/04/25,165.1,165.5,164.1,164.1
2024/04/26,163.6,164.1,160.7,161.2
2024/04/29,160.7,167.0,160.3,167.0
2024/04/30,166.0,167.9,165.5,165.5
2024/05/02,164.6,166.5,163.1,163.6
2024/05/03,164.6,166.5,164.6,165.1
2024/05/06,166.0,167.0,164.6,166.0
2024/05/07,164.6,165.5,161.2,161.2
2024/05/08,145.4,152.1,145.4,145.9
2024/05/09,146.3,149.2,143.9,143.9
2024/05/10,144.4,147.3,144.4,146.8
2024/05/13,146.8,152.6,146.8,150.7
2024/05/14,144.4,148.3,142.5,146.8
2024/05/15,146.8,149.2,145.9,146.8
2024/05/16,147.8,148.3,146.3,146.8
2024/05/17,146.3,147.3,145.9,146.3
2024/05/20,147.3,151.6,146.8,149.7
2024/05/21,149.2,150.2,148.3,148.7
2024/05/22,149.2,150.7,147.3,148.3
2024/05/23,146.8,147.8,144.4,144.4
2024/05/24,143.0,145.9,143.0,144.4
2024/05/27,145.9,148.3,145.4,147.8
2024/05/28,148.7,150.7,147.8,148.7
2024/05/29,149.7,150.7,148.3,148.7
2024/05/30,147.3,148.3,146.8,146.8
2024/05/31,145.4,149.7,145.4,145.9
2024/06/03,147.8,150.2,147.3,149.7
2024/06/04,148.7,149.2,146.8,147.3
2024/06/05,147.8,150.2,147.8,149.2
2024/06/06,149.7,149.7,147.3,147.8
2024/06/07,147.3,148.3,146.8,146.8
2024/06/11,146.3,146.8,144.4,145.4
2024/06/12,145.4,148.3,145.4,147.3
2024/06/13,148.7,149.7,147.8,148.7
2024/06/14,149.2,150.2,148.7,150.2
2024/06/17,150.7,155.0,150.2,154.5
2024/06/18,155.0,155.5,153.1,155.0
2024/06/19,155.9,155.9,152.6,154.0
2024/06/20,155.5,157.4,155.0,156.4
2024/06/21,155.9,156.9,154.0,154.0
2024/06/24,154.0,155.0,152.1,152.1
2024/06/25,153.5,154.5,149.7,149.7
2024/06/26,149.7,152.6,149.2,149.2
2024/06/27,148.3,148.7,146.3,146.3
2024/06/28,147.3,148.3,146.8,147.3
2024/07/01,148.3,151.6,147.8,149.2
2024/07/02,148.3,149.7,147.3,148.7
2024/07/03,149.7,151.6,148.3,149.7
2024/07/04,151.1,154.0,150.7,151.6
2024/07/05,152.1,152.6,150.2,150.7
2024/07/08,150.7,152.1,149.7,152.1
2024/07/09,151.6,152.1,149.7,151.1
2024/07/10,151.6,152.6,150.7,151.6
2024/07/11,151.6,155.5,150.7,154.0
2024/07/12,154.0,158.3,153.5,156.9
2024/07/15,157.4,158.8,155.5,157.9
2024/07/16,158.3,158.3,155.9,156.9
2024/07/17,156.9,157.4,154.5,155.5
2024/07/18,150.7,152.7,149.8,151.2
2024/07/19,150.7,150.7,146.8,147.3
2024/07/22,146.8,146.8,142.4,143.9
2024/07/23,144.9,148.3,144.9,148.3
2024/07/26,144.9,146.8,144.4,145.8
2024/07/29,146.8,148.3,144.9,145.4
2024/07/30,145.8,146.3,142.4,146.3
2024/07/31,145.8,148.8,145.8,148.8
2024/08/01,149.3,150.2,148.3,150.2
2024/08/02,147.8,147.8,144.9,145.4
2024/08/05,141.9,141.9,133.6,135.1
2024/08/06,138.0,138.0,131.7,134.6
2024/08/07,134.6,140.0,134.6,140.0
2024/08/08,137.0,139.5,136.1,137.0
2024/08/09,138.5,140.9,138.0,140.0
2024/08/12,140.9,144.4,140.5,144.4
2024/08/13,144.9,145.8,143.4,144.4
2024/08/14,145.4,146.3,144.4,145.4
2024/08/15,146.3,146.3,142.9,142.9
2024/08/16,144.9,146.8,143.9,145.4
2024/08/19,145.4,146.3,144.4,145.8
2024/08/20,146.3,146.8,144.4,144.9
2024/08/21,144.9,144.9,143.4,144.9
2024/08/22,144.9,144.9,141.4,142.4
2024/08/23,140.9,141.4,139.0,140.5
2024/08/26,141.9,147.8,141.4,145.4
2024/08/27,144.4,144.9,142.9,144.4
2024/08/28,144.4,145.8,140.9,141.4
2024/08/29,140.0,141.4,139.5,140.9
2024/08/30,141.4,142.9,140.9,142.4
2024/09/02,142.4,142.9,140.9,142.4
2024/09/03,142.4,143.9,140.9,143.9
2024/09/04,139.5,140.9,138.5,140.0
2024/09/05,140.2,140.7,138.2,138.7
2024/09/06,138.7,140.7,137.3,140.7
2024/09/09,137.7,139.2,137.3,139.2
2024/09/10,138.7,139.2,133.3,133.8
2024/09/11,133.8,136.3,133.3,134.8
2024/09/12,136.3,136.8,133.8,136.3
2024/09/13,135.3,139.2,135.3,139.2
2024/09/16,139.2,140.7,138.7,139.2
2024/09/18,139.2,140.7,138.2,139.7
2024/09/19,139.7,142.6,139.2,142.2
2024/09/20,143.1,143.6,140.7,143.1
2024/09/23,143.6,143.6,141.2,142.2
2024/09/24,141.7,143.1,140.7,143.1
2024/09/25,145.1,155.4,144.6,152.5
2024/09/26,151.0,152.0,148.0,149.0
2024/09/27,154.9,162.7,154.9,160.3
2024/09/30,161.3,163.7,159.3,160.3
2024/10/01,160.3,160.3,155.4,155.4
2024/10/04,157.4,160.8,156.4,158.3
2024/10/07,159.8,162.3,157.8,161.8
2024/10/08,161.3,163.7,157.8,159.8
2024/10/09,159.8,159.8,152.9,154.4
2024/10/11,152.9,153.4,149.0,149.0
2024/10/14,149.5,153.9,149.0,153.4
2024/10/15,152.0,153.4,150.0,151.5
2024/10/16,151.0,152.9,150.0,152.0
2024/10/17,152.9,153.9,152.0,152.0
2024/10/18,153.9,154.9,152.5,153.4
2024/10/21,154.9,154.9,152.0,152.9
2024/10/22,153.4,154.4,152.0,153.4
2024/10/23,153.4,153.9,151.5,151.5
2024/10/24,151.0,152.5,150.5,151.5
2024/10/25,151.5,152.5,150.0,150.5
2024/10/28,150.5,151.0,149.5,150.5
2024/10/29,150.0,150.5,147.1,148.0
2024/10/30,149.5,149.5,147.1,148.5
2024/11/01,144.6,145.6,141.2,145.1
2024/11/04,145.1,146.6,144.6,145.6
2024/11/05,144.1,146.6,144.1,146.1
2024/11/06,146.1,146.6,143.1,143.6
2024/11/07,143.1,145.1,142.6,144.1
2024/11/08,146.1,150.0,145.6,146.1
2024/11/11,144.6,144.6,139.7,142.2
2024/11/12,128.4,130.4,127.9,127.9
2024/11/13,126.0,127.0,122.5,124.5
2024/11/14,125.5,125.5,121.1,121.1
2024/11/15,120.6,122.5,118.6,119.1
2024/11/18,118.1,120.1,117.2,118.6
2024/11/19,120.6,122.5,119.6,121.6
2024/11/20,120.6,121.1,119.1,119.6
2024/11/21,118.6,120.6,118.1,119.6
2024/11/22,120.1,121.6,119.6,119.6
2024/11/25,120.6,121.6,119.1,119.6
2024/11/26,119.6,122.5,118.6,121.1
2024/11/27,121.1,122.1,119.6,120.1
2024/11/28,120.1,121.1,117.6,118.6
2024/11/29,117.2,117.6,115.2,116.2
2024/12/02,117.6,120.1,117.2,119.1
2024/12/03,119.6,121.1,119.1,120.6
2024/12/04,121.1,121.6,118.6,120.1
2024/12/05,120.6,121.1,119.6,120.6
2024/12/06,120.1,121.1,119.6,120.6
2024/12/09,120.6,121.6,118.1,118.6
2024/12/10,121.6,126.5,120.1,120.6
2024/12/11,119.6,120.6,118.6,119.6
2024/12/12,119.6,120.1,118.1,118.1
2024/12/13,118.1,118.6,115.7,116.2
2024/12/16,116.2,116.7,111.3,111.8
2024/12/17,109.8,112.3,109.3,109.3
2024/12/18,109.3,112.7,108.3,109.8
2024/12/19,108.3,109.8,107.4,109.8
2024/12/20,109.3,111.3,108.8,108.8
2024/12/23,109.8,111.8,109.8,109.8
2024/12/24,110.3,112.3,109.8,109.8
2024/12/25,110.8,111.3,108.8,108.8
2024/12/26,109.8,110.8,109.3,109.8
2024/12/27,110.3,110.8,109.3,110.3
2024/12/30,110.8,113.7,109.8,112.7
2024/12/31,112.3,113.2,110.3,110.8
2025/01/02,111.3,119.1,111.3,118.1
2025/01/03,117.6,118.1,112.3,114.7
2025/01/06,115.2,115.7,113.7,114.7
2025/01/07,115.2,118.1,113.2,114.2
2025/01/08,114.2,115.7,113.7,114.2
2025/01/09,114.2,115.2,110.3,110.8
2025/01/10,110.3,111.8,109.3,110.3
2025/01/13,109.8,109.8,107.8,107.8
2025/01/14,108.3,111.3,108.3,110.8
2025/01/15,110.3,112.7,109.3,110.3
2025/01/16,111.3,112.7,111.3,111.8
2025/01/17,111.3,113.2,109.8,110.3
2025/01/20,110.8,110.8,109.3,110.3
2025/01/21,110.3,112.7,110.3,112.7
2025/01/22,113.2,113.2,111.8,113.2
2025/02/03,112.3,117.6,111.8,117.6
2025/02/04,117.6,117.6,112.7,112.7
2025/02/05,114.2,115.7,113.2,113.2
2025/02/06,114.2,116.2,113.2,116.2
2025/02/07,115.7,116.7,114.7,115.7
2025/02/10,115.7,117.6,115.7,115.7
2025/02/11,117.6,121.6,117.2,120.1
2025/02/12,120.1,122.5,118.1,119.6
2025/02/13,120.6,122.1,119.1,121.6
2025/02/14,122.1,125.0,121.1,124.0
2025/02/17,125.0,126.0,124.0,125.0
2025/02/18,125.0,125.0,123.5,124.5
2025/02/19,124.5,125.5,123.5,125.0
2025/02/20,124.0,126.0,124.0,125.0
2025/02/21,125.5,127.0,125.0,126.5
2025/02/24,125.5,127.5,125.5,126.0
2025/02/25,125.0,125.5,123.5,124.5
2025/02/26,124.5,124.5,120.6,123.0
2025/02/27,122.5,124.0,121.6,123.5
2025/03/03,121.6,126.5,121.6,126.5
2025/03/04,124.5,125.5,123.0,125.5
2025/03/05,125.0,126.5,124.5,124.5
2025/03/06,124.5,126.0,123.0,123.0
2025/03/07,123.0,124.0,122.5,122.5
2025/03/10,123.0,123.5,121.6,121.6
2025/03/11,117.6,119.6,116.2,118.6
2025/03/12,118.6,119.6,118.1,119.1
2025/03/13,120.1,120.1,118.6,118.6
2025/03/14,119.6,121.1,119.1,120.1
2025/03/17,120.1,120.6,118.6,120.1
2025/03/18,120.6,123.0,120.1,122.1
2025/03/19,122.5,123.5,120.6,121.1
2025/03/20,121.6,122.5,119.1,119.1
2025/03/21,119.1,121.1,118.6,121.1
2025/03/24,120.6,121.1,119.6,120.6
2025/03/25,121.1,121.6,118.6,120.6
2025/03/26,120.1,121.6,119.6,121.6
2025/03/27,120.1,121.1,119.6,121.1
2025/03/28,120.6,121.1,118.1,119.1
2025/03/31,118.6,119.1,113.7,113.7
2025/04/01,114.7,117.2,114.2,116.7
2025/04/02,116.2,119.1,114.2,118.6
2025/04/07,106.9,106.9,106.9,106.9
2025/04/08,98.5,102.9,98.5,102.5
2025/04/09,100.5,102.0,92.5,92.5
2025/04/10,101.5,101.5,100.0,101.5
2025/04/11,100.0,105.9,97.6,105.9
2025/04/14,105.9,109.8,105.9,109.8
2025/04/15,110.3,113.7,109.3,113.7
2025/04/16,112.3,112.7,110.3,111.3
2025/04/17,109.8,110.3,105.9,109.3
2025/04/18,109.8,111.8,108.8,110.8
2025/04/21,110.3,111.3,107.8,108.8
2025/04/22,106.9,108.3,106.4,107.4
2025/04/23,109.3,111.3,108.8,110.8
2025/04/24,110.8,111.3,109.3,109.3
2025/04/25,111.8,113.2,111.3,111.8
2025/04/28,112.3,112.7,111.3,112.3
2025/04/29,112.3,113.2,111.3,112.3
2025/04/30,112.3,114.2,111.3,112.3
2025/05/02,112.7,114.2,111.3,114.2
2025/05/05,115.7,115.7,113.2,114.2
2025/05/06,114.7,116.2,114.2,115.7
2025/05/07,116.2,117.6,115.2,115.2
2025/05/08,115.2,117.2,115.2,115.7
2025/05/09,116.2,118.6,115.2,118.1
2025/05/12,119.1,121.1,118.6,119.6
2025/05/13,120.6,122.1,120.1,120.1
2025/05/14,121.6,123.5,120.1,122.5
2025/05/15,121.1,122.5,120.6,121.6
2025/05/16,122.1,125.5,122.1,124.0
2025/05/19,122.5,124.0,121.6,123.0
2025/05/20,123.0,124.5,122.1,122.1
2025/05/21,122.1,125.5,122.1,125.0
2025/05/22,125.0,127.0,124.0,125.5
2025/05/23,127.0,130.9,125.5,126.0
2025/05/26,125.0,127.0,121.6,121.6
2025/05/27,121.6,124.5,120.1,120.1
2025/05/28,121.1,122.1,118.6,120.1
2025/05/29,121.1,122.5,119.1,119.1
2025/06/02,118.1,121.1,116.7,118.1
2025/06/03,118.6,120.1,116.7,117.6
2025/06/04,118.6,123.5,116.7,122.1
2025/06/05,121.6,121.6,118.6,119.6
2025/06/06,119.1,121.1,118.1,118.6
2025/06/09,119.1,121.1,119.1,119.6
2025/06/10,119.6,120.6,119.1,120.1
2025/06/11,119.1,120.1,117.6,120.1
2025/06/12,120.1,120.6,118.6,120.6
2025/06/13,120.6,121.6,119.6,119.6
2025/06/16,119.6,120.1,118.1,120.1
2025/06/17,120.6,120.6,117.6,119.1
2025/06/18,118.1,119.6,118.1,118.6
2025/06/19,118.6,119.6,117.2,117.2
2025/06/20,117.6,119.1,117.2,117.6
2025/06/23,116.2,118.6,114.7,118.6
2025/06/24,119.1,120.6,118.1,120.6
2025/06/25,120.6,120.6,119.1,120.6
2025/06/26,120.6,123.5,120.6,122.5
2025/06/27,122.5,124.0,122.5,124.0
2025/06/30,124.0,124.5,122.5,124.0
2025/07/01,123.5,126.0,122.1,124.0
2025/07/02,123.5,126.5,123.5,126.5
2025/07/03,126.5,128.4,126.5,127.5
2025/07/04,127.9,128.4,126.0,127.5
2025/07/07,127.5,127.5,124.5,126.0
2025/07/08,126.5,126.5,124.5,126.0
2025/07/09,125.5,126.5,125.0,126.0
2025/07/10,126.0,127.0,125.5,127.0
2025/07/11,125.5,126.0,123.5,124.5
2025/07/14,125.0,125.5,123.5,125.5
2025/07/15,125.5,127.5,125.0,127.5
2025/07/16,126.5,128.4,126.0,127.5
2025/07/17,127.5,128.4,127.0,127.9
2025/07/18,128.4,128.4,126.0,127.0
2025/07/21,127.0,127.5,126.5,127.0
2025/07/22,127.0,127.5,125.0,126.0
2025/07/23,126.0,127.9,126.0,127.9
2025/07/24,127.9,128.4,127.0,127.9
2025/07/25,127.5,127.9,126.5,127.0
2025/07/28,127.5,127.5,125.5,126.0
2025/07/29,126.0,126.5,124.0,124.0
2025/07/30,120.0,120.0,118.0,118.0
2025/07/31,118.0,118.5,116.0,116.0
2025/08/01,114.5,116.5,113.5,115.0
2025/08/04,115.0,116.5,114.0,116.0
2025/08/05,116.0,116.5,115.0,115.0
2025/08/06,114.0,114.5,112.5,114.0
2025/08/07,114.0,115.5,113.5,114.5
2025/08/08,114.5,115.0,114.0,114.0
2025/08/11,114.0,114.5,113.0,114.0
2025/08/12,114.5,116.0,113.5,115.0
2025/08/13,116.0,118.5,115.0,118.5
2025/08/14,119.0,122.5,118.0,120.5
2025/08/15,121.0,121.0,118.0,118.0
2025/08/18,118.0,119.5,118.0,118.5
2025/08/19,118.5,119.5,118.0,118.5
2025/08/20,119.0,119.5,115.0,115.0
2025/08/21,116.5,118.0,116.5,116.5
2025/08/22,116.5,116.5,115.0,115.0
2025/08/25,116.5,117.5,116.5,117.5
2025/08/26,117.0,117.0,116.0,116.0
2025/08/27,118.0,119.0,115.5,116.0
2025/08/28,116.0,117.0,115.0,115.5
2025/08/29,117.0,118.5,116.5,116.5
2025/09/01,116.5,118.0,115.0,115.0
2025/09/02,115.5,117.0,115.5,115.5
2025/09/03,116.5,118.0,116.0,116.0
2025/09/04,116.5,118.0,116.5,117.0
2025/09/05,118.0,118.0,116.0,116.5
2025/09/08,117.5,117.5,116.5,116.5
2025/09/09,117.0,117.5,116.5,117.0
2025/09/10,117.0,117.0,115.5,115.5
2025/09/11,116.0,116.0,115.0,115.5
2025/09/12,116.0,116.0,114.0,114.5
2025/09/15,114.5,115.5,114.5,114.5
2025/09/16,115.0,115.0,113.0,114.5
2025/09/17,114.0,117.0,114.0,115.5
2025/09/18,116.5,117.5,115.5,117.0
2025/09/19,117.0,119.5,117.0,119.5
2025/09/22,119.5,120.0,118.0,119.0
2025/09/23,119.0,119.5,117.5,118.0
2025/09/24,117.5,118.5,117.0,118.0
2025/09/25,118.0,118.5,116.0,117.0
2025/09/26,117.0,117.0,114.5,115.0
2025/09/30,113.5,114.0,111.0,111.5
2025/10/01,110.5,112.5,109.5,109.5
2025/10/02,109.5,109.5,105.0,106.0
2025/10/03,106.0,110.5,105.5,108.0
2025/10/07,109.0,109.0,105.0,107.5
2025/10/08,108.0,109.5,106.5,108.5
2025/10/09,108.5,109.0,106.5,107.0
2025/10/13,105.5,107.0,105.0,105.5
2025/10/14,106.5,110.5,105.5,106.5
2025/10/15,107.0,109.5,107.0,107.5
2025/10/16,108.0,108.5,106.0,106.0
2025/10/17,106.5,108.0,106.0,106.0
2025/10/20,106.5,106.5,105.0,105.0
2025/10/21,106.0,106.0,103.0,103.0
2025/10/22,104.0,104.5,103.0,104.0
2025/10/23,103.5,105.0,103.0,104.5
2025/10/27,105.5,107.0,105.0,106.0
2025/10/28,106.0,107.0,105.5,105.5
2025/10/29,106.0,107.0,104.0,104.5
2025/10/30,104.0,105.0,103.0,104.5
2025/10/31,104.0,104.0,102.5,103.0
2025/11/03,103.0,103.0,100.5,102.0
2025/11/04,102.0,103.0,101.5,101.5
2025/11/05,101.0,102.0,100.0,101.5
2025/11/06,103.0,105.0,102.5,103.5
2025/11/07,103.5,105.0,103.0,104.0
2025/11/10,104.0,104.0,102.5,103.0
2025/11/11,104.5,105.5,103.5,103.5
2025/11/12,103.0,104.5,102.5,103.5
2025/11/13,103.5,103.5,102.5,102.5
2025/11/14,102.0,102.5,101.0,101.5
2025/11/17,101.5,101.5,100.0,100.5
2025/11/18,100.0,100.5,98.5,100.0
2025/11/19,100.0,102.0,99.3,100.0
2025/11/20,100.5,101.5,99.7,101.5
2025/11/21,100.5,103.0,100.0,103.0
2025/11/24,103.5,106.0,103.0,105.0
2025/11/25,104.0,105.0,103.5,104.5
2025/11/26,104.5,104.5,102.5,103.5
2025/11/27,103.0,104.0,102.0,104.0
2025/11/28,103.0,103.5,102.0,103.0
2025/12/01,103.0,103.5,101.0,101.5
2025/12/02,102.5,103.0,101.5,101.5
2025/12/03,101.5,102.0,100.5,100.5
2025/12/04,100.0,101.0,100.0,101.0
2025/12/05,101.5,101.5,100.5,100.5
2025/12/08,100.5,102.0,100.0,101.0
2025/12/09,100.5,101.0,100.0,100.5
2025/12/10,100.5,101.5,99.5,101.5
2025/12/11,101.5,103.0,100.5,101.5
2025/12/12,102.0,103.5,101.5,102.0
2025/12/15,102.0,102.5,101.0,101.5
2025/12/16,101.0,104.5,101.0,104.5
2025/12/17,104.0,107.5,103.5,103.5
2025/12/18,103.5,107.0,103.5,106.5
2025/12/19,106.0,110.0,106.0,110.0
2025/12/22,109.5,109.5,107.0,108.5
2025/12/23,108.5,111.0,108.5,110.5
2025/12/24,111.0,112.5,110.5,112.0
2025/12/26,112.0,112.0,109.5,111.5
2025/12/29,111.5,111.5,108.0,108.5
2025/12/30,108.0,108.5,105.5,107.5
2025/12/31,107.5,108.0,105.5,105.5
2026/01/02,106.5,107.5,104.0,104.0
2026/01/05,104.0,105.5,102.5,103.0
2026/01/06,103.0,106.5,103.0,105.5
2026/01/07,105.5,106.5,104.5,105.0
2026/01/08,105.0,107.0,105.0,106.0
2026/01/09,106.0,107.0,104.0,105.0
2026/01/12,105.0,105.5,103.5,104.0
2026/01/13,106.0,108.5,105.0,105.5
2026/01/14,106.0,106.0,104.5,105.0
2026/01/15,105.5,106.5,104.0,104.5
2026/01/16,105.0,105.5,103.5,104.0
2026/01/19,104.0,106.0,103.5,103.5
2026/01/20,104.5,106.0,104.0,104.5
2026/01/21,104.0,105.5,103.5,103.5
2026/01/22,104.5,105.5,104.5,105.0
2026/01/23,105.0,106.0,105.0,106.0
2026/01/26,106.0,107.0,105.0,107.0
2026/01/27,107.0,108.0,106.0,106.0
2026/01/28,106.5,106.5,104.0,105.0
2026/01/29,105.0,105.5,104.0,104.0
2026/01/30,104.5,105.5,104.0,104.0
2026/02/02,104.5,104.5,102.0,103.0
2026/02/03,103.0,105.0,103.0,104.5
2026/02/04,104.0,106.0,104.0,105.0
2026/02/05,105.0,106.0,104.5,106.0
2026/02/06,105.5,105.5,103.5,105.0
2026/02/09,105.5,106.0,105.0,105.5
2026/02/10,106.0,106.0,105.0,105.5
2026/02/11,106.0,107.5,106.0,107.0
2026/02/23,108.0,110.0,107.5,109.0
2026/02/24,109.5,109.5,106.0,106.5
2026/02/25,106.0,106.5,103.5,105.5
2026/02/26,105.5,106.0,104.0,104.0
2026/03/02,104.0,105.0,102.5,102.5
2026/03/03,103.0,103.5,101.5,102.5
2026/03/04,101.0,101.5,99.6,100.0
2026/03/05,101.0,101.5,100.0,100.0
2026/03/06,100.0,102.5,99.8,101.0
2026/03/09,98.1,99.5,97.1,99.5
2026/03/10,101.5,104.5,101.0,104.0
2026/03/11,104.5,105.0,103.0,103.5
2026/03/12,102.5,102.5,101.5,101.5
2026/03/13,100.5,103.0,100.5,102.0
2026/03/16,103.0,107.0,103.0,105.5
2026/03/17,105.5,106.5,105.0,105.5
2026/03/18,106.5,108.0,106.5,107.5
2026/03/19,106.5,107.0,105.5,106.0
2026/03/20,105.5,106.5,105.0,106.5
2026/03/23,105.0,105.0,103.5,104.5
2026/03/24,105.5,106.0,103.5,104.5
2026/03/25,106.0,107.0,105.0,107.0
2026/03/26,108.5,109.5,107.5,109.0
2026/03/27,108.5,113.5,108.5,113.0
2026/03/30,110.5,112.0,110.0,111.0
2026/03/31,112.0,113.0,109.0,109.5
2026/04/01,111.0,111.0,108.5,109.0
2026/04/02,109.5,109.5,106.5,107.5
2026/04/07,107.5,108.5,106.5,108.5
2026/04/08,109.0,110.0,108.5,109.5
2026/04/09,109.0,109.5,108.0,108.5
2026/04/10,108.5,109.5,107.0,107.0
2026/04/13,108.0,110.5,108.0,110.0
2026/04/14,111.0,114.0,110.5,113.0
2026/04/15,113.5,117.5,113.5,116.5
2026/04/16,118.0,118.5,115.0,116.5
2026/04/17,117.0,118.0,116.0,118.0
2026/04/20,118.5,121.0,116.5,120.0
2026/04/21,121.0,121.0,117.5,117.5
2026/04/22,118.0,121.0,117.5,121.0
2026/04/23,120.0,121.0,118.0,121.0
2026/04/24,122.0,123.0,120.5,121.5
2026/04/27,120.5,121.0,116.0,116.0
2026/04/28,116.0,118.0,115.0,118.0
2026/04/29,116.5,119.0,116.0,118.5
2026/04/30,117.5,118.5,115.0,115.5
2026/05/04,116.5,116.5,113.5,115.0
2026/05/05,115.5,115.5,114.0,115.0
2026/05/06,115.5,117.0,115.0,116.0
2026/05/07,116.0,117.0,114.5,114.5
2026/05/08,115.5,115.5,110.5,112.5
2026/05/11,112.0,113.0,111.0,112.0
2026/05/12,111.5,112.0,109.0,109.5
2026/05/13,111.0,111.0,107.0,107.5
2026/05/14,107.5,109.5,107.5,108.0
2026/05/15,108.5,109.5,106.0,106.0
2026/05/18,106.5,112.0,106.0,110.0
2026/05/19,110.0,111.5,109.5,110.0
2026/05/20,111.5,112.5,111.0,111.0
2026/05/21,111.5,113.0,110.0,112.0
2026/05/22,112.0,113.5,111.0,111.0
2026/05/25,111.5,111.5,109.0,109.0
2026/05/26,108.5,110.0,107.0,107.0
2026/05/27,108.0,109.5,107.0,107.0
2026/05/28,108.5,110.5,107.0,107.0
2026/05/29,108.0,109.5,107.0,107.5
2026/06/01,108.5,110.0,107.5,108.5
2026/06/02,108.5,115.0,108.0,114.5
2026/06/03,116.0,119.0,114.0,117.5
2026/06/04,118.0,120.5,117.0,119.0
2026/06/05,119.0,119.5,116.0,118.0
2026/06/08,113.5,118.0,112.0,115.5
2026/06/09,115.5,121.0,114.5,120.5
2026/06/10,118.5,121.0,116.5,119.5
2026/06/11,118.0,123.0,117.5,123.0
2026/06/12,122.0,122.0,119.5,121.5
2026/06/15,122.5,122.5,117.0,118.5
2026/06/16,118.5,118.5,114.0,116.5
2026/06/17,117.0,117.0,114.0,115.0
2026/06/18,115.0,116.5,114.0,114.0
2026/06/22,116.0,119.0,116.0,118.0
2026/06/23,117.5,118.0,115.0,115.0
2026/06/24,115.0,116.0,113.5,113.5
2026/06/25,114.5,116.5,114.0,115.5
2026/06/26,114.5,114.5,113.0,113.5
2026/06/29,115.0,116.0,114.5,115.0
2026/06/30,115.5,117.5,115.0,117.5
2026/07/01,116.5,116.5,114.0,114.5
2026/07/02,114.0,116.5,113.5,115.5
2026/07/03,114.5,117.0,114.5,116.5
2026/07/06,117.0,118.0,115.5,115.5
2026/07/07,115.5,116.0,114.0,114.0
2026/07/08,115.0,116.0,114.0,115.5
2026/07/09,115.5,116.5,114.5,114.5
2026/07/13,116.0,117.5,115.5,116.5
2026/07/14,117.0,118.5,115.5,118.0
2026/07/15,118.0,119.5,116.5,119.0
2026/07/16,118.5,121.0,118.5,120.5
2026/07/17,120.0,121.5,119.0,119.5
2026/07/20,120.5,122.5,118.0,122.5
2026/07/21,121.5,123.5,120.0,123.5
2026/07/22,123.0,124.5,121.0,123.0
2026/07/23,123.0,123.0,118.0,120.5
2026/07/24,119.0,120.5,119.0,120.0
2026/07/27,120.0,120.0,119.0,120.0
2026/07/28,120.0,121.5,119.0,120.0
2026/07/29,112.0,114.5,110.5,112.5
2026/07/30,112.5,112.5,109.5,110.5
2026/07/31,113.5,114.0,111.5,111.5
2026/08/03,111.0,113.5,110.5,113.0
2026/08/04,112.0,112.5,111.0,111.5
2026/08/05,112.5,113.0,111.0,112.0
2026/08/06,111.0,111.5,109.0,109.0
2026/08/07,109.5,110.0,109.0,109.0
2026/08/10,110.0,110.0,108.0,109.0
2026/08/11,110.0,116.0,110.0,115.5
2026/08/12,115.0,115.5,113.0,113.5
2026/08/13,114.0,114.5,112.5,114.0
2026/08/14,114.5,114.5,111.0,111.5
2026/08/17,111.5,112.0,108.5,108.5
2026/08/18,109.0,109.5,108.5,109.5
2026/08/19,108.5,110.0,108.5,109.5
2026/08/20,110.0,112.0,109.5,111.5
2026/08/21,111.5,115.5,111.5,115.5
2026/08/24,115.0,117.0,114.0,115.5
2026/08/25,115.0,115.0,112.5,115.0
2026/08/26,115.0,117.5,113.5,117.0
