Date,Open,High,Low,Close
2005/06/30,18.0,18.2,17.7,18.2
2005/07/04,18.1,18.1,17.8,17.9
2005/07/05,17.9,18.0,17.8,17.9
2005/07/06,17.8,17.8,17.5,17.7
2005/07/07,17.9,17.9,17.7,17.9
2005/07/11,17.7,18.8,17.7,18.6
2005/07/12,18.6,19.2,18.6,18.9
2005/07/13,19.0,20.2,18.9,20.2
2005/07/14,21.0,21.4,20.4,21.3
2005/07/18,21.3,21.3,20.8,20.9
2005/07/19,20.9,21.1,20.7,20.8
2005/07/20,20.9,21.0,20.5,20.5
2005/07/21,20.5,20.5,20.1,20.2
2005/07/25,20.5,20.9,20.4,20.5
2005/07/26,20.6,20.8,20.3,20.3
2005/07/27,20.4,20.8,20.3,20.4
2005/07/28,20.4,20.5,19.6,19.6
2005/08/01,19.5,19.5,18.8,19.5
2005/08/02,19.5,19.6,19.1,19.6
2005/08/03,17.8,18.2,17.8,18.2
2005/08/08,20.4,20.8,20.4,20.8
2005/08/09,20.8,20.8,20.4,20.4
2005/08/10,20.4,20.4,20.1,20.1
2005/08/11,21.5,21.5,20.2,20.2
2005/08/15,19.8,20.3,19.8,19.9
2005/08/16,20.0,20.0,19.7,19.7
2005/08/17,19.9,19.9,19.5,19.5
2005/08/18,19.9,19.9,18.6,19.4
2005/08/22,19.3,19.4,18.9,19.3
2005/08/23,19.0,19.0,18.0,18.4
2005/08/24,17.9,18.4,17.5,18.3
2005/08/25,17.8,18.2,17.5,18.2
2005/08/29,16.9,17.8,16.9,17.7
2005/08/30,17.6,18.4,17.3,18.4
2005/09/01,18.2,18.6,17.7,18.5
2005/09/05,17.9,17.9,17.4,17.9
2005/09/06,17.8,17.8,17.5,17.6
2005/09/07,17.6,17.7,17.4,17.5
2005/09/08,17.5,17.7,17.3,17.6
2005/09/12,17.5,17.7,17.2,17.5
2005/09/13,17.5,17.7,17.4,17.4
2005/09/14,17.1,17.4,17.1,17.4
2005/09/15,17.3,17.7,17.2,17.2
2005/09/19,17.0,17.6,17.0,17.6
2005/09/20,17.3,17.4,17.3,17.3
2005/09/21,17.1,17.4,17.1,17.4
2005/09/22,17.3,17.3,16.7,17.1
2005/09/26,16.4,16.7,16.4,16.7
2005/09/27,16.5,16.6,16.0,16.6
2005/09/28,16.2,16.3,15.9,16.1
2005/09/29,16.1,16.4,15.6,16.4
2005/10/03,16.0,16.3,16.0,16.0
2005/10/04,16.0,16.1,15.8,15.9
2005/10/05,15.9,16.2,15.6,15.6
2005/10/06,15.2,15.9,15.2,15.8
2005/10/10,16.0,16.4,15.8,15.8
2005/10/11,15.8,15.8,15.2,15.3
2005/10/12,15.2,15.2,14.3,14.7
2005/10/13,14.5,14.7,14.0,14.7
2005/10/17,15.2,15.3,14.7,14.9
2005/10/18,14.9,15.0,14.4,14.8
2005/10/19,14.9,15.1,14.2,14.8
2005/10/20,14.4,14.4,14.3,14.4
2005/10/24,15.1,15.2,14.8,15.1
2005/10/25,15.1,15.5,14.7,15.1
2005/10/26,14.8,15.1,14.7,14.7
2005/10/27,14.9,15.0,14.3,14.9
2005/10/31,14.9,15.2,14.7,15.2
2005/11/01,15.1,15.1,14.6,14.7
2005/11/02,14.7,14.9,14.6,14.9
2005/11/03,14.7,14.9,14.6,14.6
2005/11/07,14.7,14.8,14.5,14.5
2005/11/08,14.5,14.7,14.3,14.7
2005/11/09,14.7,14.8,14.5,14.6
2005/11/10,14.6,14.8,14.6,14.8
2005/11/14,16.4,16.9,16.2,16.7
2005/11/15,17.0,17.0,16.4,16.6
2005/11/16,16.5,17.2,16.4,16.9
2005/11/17,17.3,17.5,16.8,17.5
2005/11/21,16.9,17.1,16.4,16.4
2005/11/22,16.3,16.7,15.8,16.1
2005/11/23,16.0,16.3,15.8,16.1
2005/11/24,15.9,16.5,15.9,16.5
2005/11/28,16.0,16.2,15.9,15.9
2005/11/29,15.9,15.9,15.2,15.2
2005/11/30,15.2,15.4,14.9,14.9
2005/12/01,15.1,15.9,15.1,15.9
2005/12/05,17.0,17.1,16.6,16.7
2005/12/06,16.7,16.7,16.1,16.5
2005/12/07,16.4,16.8,16.3,16.6
2005/12/08,16.8,17.1,16.6,17.1
2005/12/12,18.5,19.2,18.3,18.3
2005/12/13,18.3,18.3,17.8,18.2
2005/12/14,18.1,18.4,17.9,18.1
2005/12/15,18.1,19.3,18.1,19.3
2005/12/19,20.4,20.4,19.0,19.7
2005/12/20,19.5,19.7,19.1,19.5
2005/12/21,20.5,20.8,19.4,20.0
2005/12/22,20.4,21.4,19.9,21.4
2005/12/26,24.4,24.4,22.8,22.9
2005/12/27,22.9,23.6,22.6,23.4
2005/12/28,23.7,25.0,23.6,25.0
2005/12/29,25.0,25.0,23.7,24.2
2006/01/02,26.4,27.4,25.9,25.9
2006/01/03,26.0,26.5,24.8,24.8
2006/01/04,25.2,25.9,25.1,25.2
2006/01/05,25.2,25.9,24.7,25.2
2006/01/09,25.9,28.4,25.9,28.4
2006/01/10,29.2,30.4,28.6,30.0
2006/01/11,30.0,31.0,28.3,28.9
2006/01/13,29.3,30.9,28.8,30.9
2006/01/16,31.2,31.6,30.3,31.2
2006/01/17,31.4,31.4,30.4,30.6
2006/01/18,30.1,30.2,28.4,28.4
2006/01/19,28.5,29.2,27.2,28.8
2006/01/20,29.8,29.8,28.3,28.5
2006/01/23,26.6,27.7,26.5,27.0
2006/01/24,26.7,27.5,26.6,27.3
2006/01/25,27.7,28.3,26.7,27.5
2006/02/02,29.2,29.2,26.8,26.8
2006/02/03,28.1,29.3,27.9,28.9
2006/02/06,28.9,30.7,28.9,30.0
2006/02/07,30.4,30.5,29.3,29.5
2006/02/08,29.2,29.7,28.4,29.0
2006/02/09,29.2,30.3,29.0,29.7
2006/02/10,29.7,29.9,28.8,29.7
2006/02/13,30.2,31.3,29.9,30.8
2006/02/14,30.8,32.2,30.8,31.6
2006/02/15,31.7,33.2,31.7,32.1
2006/02/16,32.2,32.8,31.3,31.6
2006/02/17,31.6,31.8,30.9,31.7
2006/02/20,32.1,33.0,31.7,32.7
2006/02/21,32.6,32.7,31.5,31.6
2006/02/22,31.7,31.7,30.1,30.4
2006/02/23,28.9,29.7,28.2,28.2
2006/02/24,27.5,29.9,27.4,29.8
2006/02/27,30.0,31.4,29.1,31.1
2006/03/01,30.9,31.8,30.8,31.5
2006/03/02,31.7,32.0,30.6,30.7
2006/03/03,30.7,31.0,29.6,29.9
2006/03/06,30.1,31.4,29.9,30.9
2006/03/07,30.2,30.2,30.2,30.2
2006/03/08,30.3,30.6,29.4,29.8
2006/03/10,30.1,30.2,29.5,29.8
2006/03/13,30.1,30.4,29.6,29.7
2006/03/14,29.7,29.9,28.2,28.5
2006/03/15,28.8,29.1,28.1,28.3
2006/03/16,28.3,29.2,28.3,28.6
2006/03/17,29.0,29.1,28.6,28.9
2006/03/20,29.2,29.6,28.9,28.9
2006/03/21,29.2,29.4,28.5,28.6
2006/03/22,28.6,29.6,28.6,29.1
2006/03/23,29.7,29.8,28.4,28.4
2006/03/24,29.2,29.2,28.3,28.5
2006/03/27,29.1,29.6,28.9,29.0
2006/03/28,29.0,29.4,29.0,29.3
2006/03/29,29.3,29.6,29.1,29.2
2006/03/30,29.5,31.3,29.4,31.3
2006/03/31,31.6,32.1,30.6,31.0
2006/04/03,31.9,32.3,31.0,31.3
2006/04/04,31.3,31.8,30.8,31.4
2006/04/06,31.7,31.8,31.0,31.3
2006/04/07,31.3,31.3,30.3,30.4
2006/04/10,30.6,30.9,30.2,30.2
2006/04/11,30.1,30.5,29.3,29.7
2006/04/12,29.4,30.2,29.3,29.9
2006/04/13,30.0,30.4,29.7,29.7
2006/04/14,29.8,30.0,29.7,29.9
2006/04/17,30.5,31.8,30.5,31.4
2006/04/18,31.6,31.8,30.6,31.1
2006/04/19,31.4,31.7,30.6,30.6
2006/04/20,30.6,31.1,30.6,30.7
2006/04/21,31.0,31.6,29.8,30.0
2006/04/24,30.0,30.4,29.5,29.8
2006/04/25,29.8,29.9,28.5,28.6
2006/04/26,28.4,28.9,28.0,28.6
2006/04/27,29.0,29.4,28.3,28.6
2006/04/28,29.0,29.1,28.3,28.5
2006/05/02,29.2,30.5,29.0,30.5
2006/05/03,30.6,30.9,29.7,29.9
2006/05/04,30.1,30.1,29.1,29.1
2006/05/05,29.2,29.2,28.6,28.6
2006/05/08,28.6,29.0,28.5,28.6
2006/05/09,28.5,28.6,26.7,27.0
2006/05/10,26.7,26.7,25.2,25.8
2006/05/11,25.8,26.8,25.8,26.5
2006/05/12,26.1,26.4,25.7,25.9
2006/05/15,25.7,25.7,24.9,25.1
2006/05/16,25.1,25.8,24.8,25.3
2006/05/17,25.4,25.9,25.4,25.7
2006/05/18,24.9,25.7,24.8,25.1
2006/05/19,25.6,26.0,25.5,26.0
2006/05/22,26.1,26.9,26.0,26.2
2006/05/23,26.3,26.4,25.2,25.3
2006/05/24,25.3,25.9,24.5,24.6
2006/05/25,24.7,24.9,24.4,24.4
2006/05/26,24.8,25.1,23.9,23.9
2006/05/29,24.0,24.4,23.6,23.6
2006/05/30,23.9,24.2,23.3,23.7
2006/06/01,24.2,24.2,23.7,23.8
2006/06/02,24.0,24.0,22.7,22.8
2006/06/05,22.7,22.7,21.2,21.2
2006/06/06,20.4,20.6,19.7,20.0
2006/06/07,20.0,20.8,19.9,20.4
2006/06/08,20.3,20.3,19.0,19.0
2006/06/09,18.6,19.3,17.8,19.3
2006/06/12,19.3,19.5,18.4,18.8
2006/06/13,18.7,19.1,18.3,18.9
2006/06/14,18.5,18.8,18.4,18.6
2006/06/15,19.0,19.8,18.9,19.1
2006/06/16,19.5,19.7,18.7,18.7
2006/06/19,18.8,19.0,18.2,18.3
2006/06/20,18.2,18.2,17.1,17.3
2006/06/21,17.4,17.4,16.4,16.4
2006/06/22,16.6,17.4,16.6,17.4
2006/06/23,17.3,17.4,16.8,17.2
2006/06/26,17.4,18.4,17.0,18.4
2006/06/27,19.7,19.7,19.7,19.7
2006/06/28,20.3,20.8,19.7,20.3
2006/06/29,20.4,20.5,19.9,20.0
2006/06/30,20.5,20.6,20.0,20.0
2006/07/03,20.4,20.4,19.3,19.4
2006/07/04,19.3,20.1,19.0,19.6
2006/07/05,19.3,19.6,18.9,18.9
2006/07/06,18.2,19.7,18.2,19.7
2006/07/07,19.7,19.7,19.2,19.5
2006/07/10,19.5,20.1,19.5,19.7
2006/07/11,19.7,20.0,19.1,19.1
2006/07/12,19.3,19.7,19.2,19.3
2006/07/13,19.5,19.5,18.9,19.1
2006/07/14,18.2,18.9,18.0,18.0
2006/07/17,18.0,18.0,17.0,17.0
2006/07/18,17.2,17.5,16.9,17.5
2006/07/19,17.4,17.6,17.4,17.4
2006/07/20,17.7,18.2,17.7,18.1
2006/07/21,17.7,18.0,17.7,17.7
2006/07/24,17.5,17.6,17.4,17.4
2006/07/25,17.4,17.5,17.3,17.4
2006/07/26,17.3,17.5,17.3,17.4
2006/07/27,17.4,17.7,17.2,17.7
2006/07/28,17.9,18.1,17.7,17.8
2006/07/31,18.1,18.1,17.5,17.5
2006/08/01,17.7,17.9,17.7,17.8
2006/08/02,17.8,18.0,17.5,17.8
2006/08/03,17.8,18.0,17.5,17.8
2006/08/04,18.0,18.0,17.6,17.6
2006/08/07,17.6,17.8,17.5,17.7
2006/08/08,17.6,18.1,17.5,17.9
2006/08/09,17.9,18.1,17.7,18.0
2006/08/10,18.0,19.3,18.0,19.3
2006/08/11,20.4,20.6,19.6,20.0
2006/08/14,20.0,20.3,18.8,19.3
2006/08/15,19.1,19.7,19.1,19.4
2006/08/16,19.7,19.8,19.3,19.7
2006/08/17,19.7,19.7,19.0,19.1
2006/08/18,19.1,19.2,18.4,18.5
2006/08/21,18.6,19.1,17.6,17.7
2006/08/22,17.4,18.0,17.4,17.9
2006/08/23,17.8,17.8,17.6,17.7
2006/08/24,17.6,18.0,17.6,17.7
2006/08/25,17.7,18.1,17.6,17.6
2006/08/28,17.6,17.8,17.4,17.4
2006/08/29,17.7,17.9,17.5,17.6
2006/08/30,17.8,18.8,17.7,18.8
2006/08/31,18.8,18.8,18.3,18.3
2006/09/01,18.2,18.5,18.1,18.1
2006/09/04,18.1,19.3,18.1,18.7
2006/09/05,18.6,19.0,18.5,18.6
2006/09/06,18.6,19.0,18.3,18.3
2006/09/07,18.2,18.9,18.2,18.6
2006/09/08,18.5,19.0,18.5,18.6
2006/09/11,18.7,19.0,18.4,18.6
2006/09/12,18.7,18.7,18.3,18.3
2006/09/13,18.5,18.5,18.2,18.2
2006/09/14,18.2,18.2,17.5,17.5
2006/09/15,17.7,18.0,17.6,17.9
2006/09/18,18.0,18.7,17.9,18.5
2006/09/19,18.5,18.5,18.3,18.3
2006/09/20,18.2,18.3,18.0,18.1
2006/09/21,18.1,18.4,18.1,18.3
2006/09/22,18.2,18.6,18.2,18.6
2006/09/25,18.6,18.6,18.1,18.2
2006/09/26,18.4,18.5,18.2,18.4
2006/09/27,18.6,18.7,18.4,18.6
2006/09/28,18.6,18.7,18.2,18.3
2006/09/29,18.6,18.6,18.2,18.2
2006/10/02,18.2,18.2,18.0,18.2
2006/10/03,18.3,18.4,18.1,18.1
2006/10/04,18.2,18.3,18.1,18.1
2006/10/05,18.2,18.3,18.2,18.2
2006/10/09,18.2,18.2,18.2,18.2
2006/10/11,18.2,18.2,17.5,17.7
2006/10/12,17.7,18.1,17.7,17.8
2006/10/13,17.8,18.1,17.8,17.8
2006/10/16,18.0,18.3,17.8,18.1
2006/10/17,18.4,18.4,18.1,18.1
2006/10/18,18.2,18.3,17.9,17.9
2006/10/19,17.9,18.2,17.8,17.9
2006/10/20,18.2,19.1,17.9,19.1
2006/10/23,19.5,19.9,19.3,19.3
2006/10/24,18.4,19.3,18.4,18.9
2006/10/25,18.9,18.9,18.4,18.7
2006/10/26,18.9,18.9,18.4,18.4
2006/10/27,18.6,18.6,18.4,18.4
2006/10/30,18.2,18.7,18.2,18.2
2006/10/31,18.2,18.4,18.2,18.2
2006/11/01,18.2,18.2,17.9,17.9
2006/11/02,17.9,18.1,17.8,18.1
2006/11/03,18.1,19.0,18.0,18.5
2006/11/06,17.8,18.3,17.8,18.2
2006/11/07,18.6,18.6,17.9,18.0
2006/11/08,17.9,18.8,17.9,18.2
2006/11/09,18.4,18.4,17.9,17.9
2006/11/10,18.0,18.1,17.9,17.9
2006/11/13,17.9,18.0,17.7,17.8
2006/11/14,17.8,18.5,17.8,18.0
2006/11/15,18.2,18.4,18.0,18.0
2006/11/16,18.2,18.2,18.0,18.0
2006/11/17,18.2,18.3,18.0,18.2
2006/11/20,18.2,19.0,18.2,18.5
2006/11/21,18.6,19.5,18.6,19.0
2006/11/22,19.4,19.7,19.1,19.1
2006/11/23,19.3,19.3,18.4,18.5
2006/11/24,18.6,19.1,18.5,18.8
2006/11/27,18.8,18.9,18.6,18.6
2006/11/28,18.4,18.8,18.3,18.4
2006/11/29,18.4,18.7,18.4,18.5
2006/11/30,18.5,18.9,18.5,18.8
2006/12/01,18.8,19.3,18.6,18.9
2006/12/04,19.3,19.3,18.5,18.5
2006/12/05,18.6,18.9,18.3,18.5
2006/12/06,18.6,18.7,18.4,18.7
2006/12/07,18.9,18.9,18.4,18.4
2006/12/08,18.4,19.7,18.4,19.7
2006/12/11,19.7,20.7,19.7,19.7
2006/12/12,19.7,19.7,18.4,18.7
2006/12/13,18.7,19.0,18.6,18.8
2006/12/14,19.1,19.7,18.7,19.0
2006/12/15,19.4,19.5,19.0,19.0
2006/12/18,19.2,19.7,19.1,19.3
2006/12/19,19.4,20.6,19.4,20.6
2006/12/20,21.2,21.2,20.1,20.2
2006/12/21,20.3,20.5,20.1,20.1
2006/12/22,20.1,21.5,20.1,21.3
2006/12/25,21.5,21.8,20.9,21.1
2006/12/26,21.2,21.2,20.9,20.9
2006/12/27,21.0,21.0,19.7,19.7
2006/12/28,19.9,20.2,19.8,19.8
2006/12/29,19.7,20.4,19.7,20.0
2007/01/01,20.0,20.0,20.0,20.0
2007/01/02,20.1,20.4,19.8,19.9
2007/01/03,19.9,20.1,19.9,20.1
2007/01/04,20.2,20.5,20.0,20.5
2007/01/05,20.6,20.7,20.1,20.1
2007/01/08,20.3,20.3,19.7,19.8
2007/01/09,19.9,20.3,19.8,19.9
2007/01/10,19.8,19.9,19.3,19.3
2007/01/11,19.4,19.5,18.1,18.2
2007/01/12,18.3,18.5,18.1,18.2
2007/01/15,18.3,18.8,18.3,18.6
2007/01/16,18.8,18.8,18.2,18.3
2007/01/17,18.4,18.7,18.2,18.6
2007/01/18,18.6,18.7,18.4,18.4
2007/01/19,18.5,19.1,18.4,18.7
2007/01/22,18.8,19.1,18.5,18.7
2007/01/23,18.7,18.9,18.4,18.4
2007/01/24,18.5,19.0,18.4,18.8
2007/01/25,18.7,19.0,18.5,18.7
2007/01/26,18.5,18.6,18.2,18.2
2007/01/29,18.2,18.2,17.8,17.9
2007/01/30,17.8,18.0,17.4,17.5
2007/01/31,17.7,17.7,17.4,17.4
2007/02/01,17.5,17.5,17.4,17.5
2007/02/02,18.1,18.1,17.6,17.7
2007/02/05,17.7,17.7,17.6,17.6
2007/02/06,17.7,18.0,17.6,17.8
2007/02/07,17.8,17.8,17.6,17.8
2007/02/08,17.8,17.8,17.6,17.7
2007/02/09,17.6,17.7,17.4,17.5
2007/02/12,17.5,17.5,17.2,17.2
2007/02/13,17.2,17.3,17.0,17.0
2007/02/14,17.3,17.3,16.8,16.8
2007/02/26,17.0,17.1,16.7,16.7
2007/02/27,16.7,16.9,16.7,16.8
2007/03/01,16.5,17.1,16.5,17.0
2007/03/02,17.1,18.2,17.0,18.2
2007/03/05,18.3,18.3,17.3,17.4
2007/03/06,17.4,18.2,17.4,17.7
2007/03/07,17.8,18.1,17.7,17.8
2007/03/08,17.8,18.6,17.8,18.0
2007/03/09,18.4,18.4,18.0,18.0
2007/03/12,18.0,18.2,17.8,18.1
2007/03/13,18.1,18.1,17.8,17.8
2007/03/14,17.7,18.2,17.7,17.9
2007/03/15,18.0,18.6,18.0,18.3
2007/03/16,18.4,19.2,18.4,18.9
2007/03/20,20.6,20.7,19.8,19.8
2007/03/21,19.7,20.5,19.7,20.4
2007/03/22,21.3,21.6,20.8,21.1
2007/03/23,21.1,21.9,20.9,21.5
2007/03/26,21.7,22.2,21.7,21.8
2007/03/27,21.9,22.1,21.3,21.3
2007/03/28,21.5,21.6,21.1,21.2
2007/03/29,21.7,22.0,21.5,21.7
2007/03/30,22.0,23.0,21.9,22.7
2007/04/02,23.0,23.1,22.3,22.4
2007/04/03,22.4,22.6,22.1,22.1
2007/04/04,22.5,22.5,21.3,21.6
2007/04/09,22.0,22.9,21.8,22.5
2007/04/10,22.9,22.9,22.0,22.4
2007/04/11,22.8,23.3,22.6,22.7
2007/04/12,22.8,22.9,22.6,22.8
2007/04/13,23.0,23.0,22.6,22.8
2007/04/16,25.1,25.2,24.2,24.5
2007/04/17,24.0,24.6,24.0,24.4
2007/04/18,24.6,26.0,24.5,26.0
2007/04/19,26.0,27.8,25.7,26.9
2007/04/20,26.7,27.4,26.7,27.1
2007/04/23,27.6,27.7,26.6,26.7
2007/04/24,26.7,26.8,26.4,26.7
2007/04/25,26.7,28.5,26.6,28.5
2007/04/26,28.3,28.9,28.0,28.5
2007/04/27,28.3,30.3,28.0,29.2
2007/04/30,29.2,29.7,28.5,28.9
2007/05/02,28.5,29.0,28.3,28.4
2007/05/03,29.0,29.0,26.6,28.2
2007/05/04,28.2,29.4,27.8,29.1
2007/05/07,29.7,30.1,29.0,29.2
2007/05/08,29.2,29.2,28.6,28.6
2007/05/09,28.6,29.5,28.4,29.0
2007/05/10,29.0,29.4,28.9,29.0
2007/05/11,29.0,29.2,28.9,29.0
2007/05/14,29.6,29.7,28.9,29.3
2007/05/15,29.1,29.6,28.8,28.9
2007/05/16,28.7,29.3,28.3,29.1
2007/05/17,29.2,29.3,28.9,29.0
2007/05/18,29.0,29.5,28.6,29.0
2007/05/21,29.3,29.5,28.9,29.3
2007/05/22,29.5,29.5,29.1,29.4
2007/05/23,29.5,30.6,29.4,30.1
2007/05/24,30.6,31.4,30.1,31.3
2007/05/25,31.4,31.7,30.8,31.5
2007/05/28,31.9,32.1,31.4,31.4
2007/05/29,31.7,32.1,31.0,31.9
2007/05/30,32.0,32.0,31.6,31.9
2007/05/31,31.9,32.3,31.6,31.7
2007/06/01,31.9,32.2,31.5,31.7
2007/06/04,31.7,31.9,31.3,31.5
2007/06/05,31.6,33.6,31.6,33.0
2007/06/06,33.0,33.0,31.5,31.8
2007/06/07,31.9,32.0,31.5,31.9
2007/06/08,32.0,32.0,31.3,31.3
2007/06/11,31.6,32.1,31.4,31.4
2007/06/12,31.8,31.8,30.8,30.8
2007/06/13,31.3,31.3,30.3,31.2
2007/06/14,31.3,31.3,30.8,30.9
2007/06/15,31.0,31.1,30.6,30.9
2007/06/20,31.0,31.3,30.6,30.8
2007/06/21,31.0,31.0,30.6,30.6
2007/06/22,30.6,31.0,30.6,30.8
2007/06/25,32.2,32.7,31.7,32.3
2007/06/26,32.4,32.4,31.5,31.8
2007/06/27,32.0,32.0,31.5,31.5
2007/06/28,31.5,32.0,31.3,31.8
2007/06/29,31.9,32.2,31.7,32.2
2007/07/02,32.3,32.4,32.1,32.1
2007/07/03,32.2,32.9,31.6,31.6
2007/07/04,31.7,32.3,31.3,31.9
2007/07/05,32.3,32.3,31.6,32.2
2007/07/06,32.3,32.4,31.5,31.9
2007/07/09,31.9,31.9,31.4,31.4
2007/07/10,31.4,32.3,31.4,32.1
2007/07/11,32.2,32.5,31.9,31.9
2007/07/12,32.2,33.4,32.1,32.7
2007/07/13,33.9,33.9,32.9,32.9
2007/07/16,33.8,35.1,33.7,35.1
2007/07/17,35.1,35.1,32.8,32.8
2007/07/18,30.5,31.4,30.5,30.5
2007/07/19,28.4,30.0,28.4,28.4
2007/07/20,28.3,29.1,28.3,28.8
2007/07/23,28.8,29.0,26.8,26.8
2007/07/24,26.7,27.4,26.3,26.3
2007/07/25,26.4,27.0,26.3,26.5
2007/07/26,26.6,27.1,26.3,26.7
2007/07/27,25.9,26.3,25.8,25.9
2007/07/30,25.9,26.0,25.4,25.4
2007/07/31,25.5,27.1,25.4,26.6
2007/08/01,26.6,27.0,25.9,25.9
2007/08/02,25.9,26.3,24.9,24.9
2007/08/03,25.2,25.3,24.8,25.1
2007/08/06,25.0,25.1,24.4,24.4
2007/08/07,24.6,24.7,22.7,22.8
2007/08/08,23.0,23.4,22.8,23.2
2007/08/09,23.6,23.6,22.9,23.2
2007/08/10,22.6,22.8,22.5,22.6
2007/08/13,22.6,22.8,21.8,21.8
2007/08/14,21.7,22.6,21.7,21.8
2007/08/15,21.8,22.2,21.4,21.4
2007/08/16,21.3,21.3,20.0,20.1
2007/08/17,19.5,20.3,18.8,19.3
2007/08/20,20.5,20.6,19.9,20.6
2007/08/21,20.6,20.6,19.9,20.0
2007/08/22,20.0,20.6,20.0,20.1
2007/08/23,20.6,21.5,20.5,21.5
2007/08/24,21.8,22.5,21.5,22.0
2007/08/27,22.4,22.4,21.4,21.4
2007/08/28,21.3,21.7,21.3,21.7
2007/08/29,21.4,22.1,21.4,22.1
2007/08/30,22.6,23.6,22.6,23.1
2007/08/31,23.3,24.2,23.2,23.8
2007/09/03,24.0,24.2,23.6,23.6
2007/09/04,23.6,24.0,22.7,23.3
2007/09/05,23.3,23.5,22.5,22.6
2007/09/06,22.2,22.8,22.2,22.8
2007/09/07,22.9,22.9,22.6,22.7
2007/09/10,21.7,22.4,21.7,22.2
2007/09/11,22.2,22.5,21.3,22.2
2007/09/12,22.2,22.5,22.0,22.1
2007/09/13,22.5,22.5,21.8,21.8
2007/09/14,22.1,22.1,21.8,22.0
2007/09/17,22.1,22.1,21.5,21.5
2007/09/19,21.7,22.0,21.5,21.6
2007/09/20,21.6,21.9,21.6,21.8
2007/09/21,21.9,22.1,21.9,22.0
2007/09/26,22.0,22.3,21.7,22.3
2007/09/27,22.4,22.8,22.1,22.6
2007/09/28,22.7,22.8,22.3,22.3
2007/10/01,22.8,22.8,22.4,22.4
2007/10/02,22.6,22.6,22.1,22.2
2007/10/03,22.1,22.2,22.0,22.0
2007/10/04,22.0,22.3,21.7,21.9
2007/10/05,22.0,22.3,22.0,22.0
2007/10/08,22.1,22.2,22.0,22.1
2007/10/09,22.1,22.2,21.9,21.9
2007/10/11,21.9,22.1,21.9,21.9
2007/10/12,22.0,22.0,21.7,21.7
2007/10/15,21.7,22.0,21.7,21.7
2007/10/16,21.8,22.3,21.7,21.9
2007/10/17,21.7,22.0,21.7,21.7
2007/10/18,21.8,22.4,21.8,21.9
2007/10/19,21.9,22.3,21.9,22.0
2007/10/22,21.8,22.0,21.7,21.7
2007/10/23,21.9,22.0,21.7,22.0
2007/10/24,21.9,22.7,21.9,22.0
2007/10/25,22.2,22.5,22.0,22.0
2007/10/26,22.2,22.2,22.0,22.0
2007/10/29,22.0,22.7,22.0,22.3
2007/10/30,22.3,22.5,22.1,22.3
2007/10/31,22.6,22.6,22.2,22.2
2007/11/01,22.3,22.4,21.8,22.1
2007/11/02,22.0,22.0,21.7,21.7
2007/11/05,21.8,22.1,21.8,22.0
2007/11/06,22.1,22.3,21.8,22.3
2007/11/07,22.4,22.5,22.1,22.1
2007/11/08,21.8,22.0,21.3,21.3
2007/11/09,21.3,21.7,20.8,21.3
2007/11/12,20.9,21.0,20.5,20.8
2007/11/13,20.8,21.1,20.8,20.9
2007/11/14,21.5,22.4,21.3,22.4
2007/11/15,22.1,23.9,22.1,23.9
2007/11/16,23.9,24.4,23.1,23.8
2007/11/19,23.7,23.7,22.7,22.7
2007/11/20,22.6,24.3,22.6,24.2
2007/11/21,24.2,24.2,23.5,23.8
2007/11/22,23.2,23.7,23.1,23.1
2007/11/23,23.1,23.4,22.6,22.6
2007/11/26,22.9,24.0,22.8,23.4
2007/11/27,23.4,23.4,22.8,23.0
2007/11/28,23.2,23.2,22.1,22.2
2007/11/29,22.3,22.6,22.3,22.4
2007/11/30,22.5,23.5,22.4,22.8
2007/12/03,23.0,23.0,23.0,23.0
2007/12/04,23.0,23.0,22.8,22.9
2007/12/05,22.8,23.1,22.7,22.8
2007/12/06,22.8,23.2,22.6,22.6
2007/12/07,22.8,22.9,22.8,22.8
2007/12/10,22.8,22.9,22.8,22.8
2007/12/11,22.8,22.9,22.8,22.8
2007/12/12,22.8,22.8,22.7,22.8
2007/12/13,22.8,22.8,22.3,22.3
2007/12/14,22.2,22.3,21.5,21.5
2007/12/17,21.5,21.7,21.1,21.1
2007/12/18,20.8,21.2,19.6,20.3
2007/12/19,20.5,20.8,20.5,20.8
2007/12/20,20.8,20.8,19.9,20.5
2007/12/21,20.2,20.5,20.1,20.2
2007/12/24,20.5,20.7,20.4,20.5
2007/12/25,20.5,21.3,20.5,20.9
2007/12/26,20.9,21.3,20.9,21.0
2007/12/27,21.0,21.5,21.0,21.4
2007/12/28,21.3,22.0,21.3,21.7
2007/12/31,21.6,21.9,21.5,21.8
2008/01/02,22.0,23.3,22.0,23.3
2008/01/03,22.6,23.1,22.4,22.4
2008/01/04,22.6,23.3,22.4,22.4
2008/01/07,21.7,22.1,21.7,21.8
2008/01/08,22.0,23.0,22.0,22.4
2008/01/09,22.5,23.0,21.9,22.9
2008/01/10,23.4,23.5,22.1,22.1
2008/01/11,22.8,23.2,22.5,22.6
2008/01/14,22.7,23.2,22.6,22.9
2008/01/15,23.2,23.3,22.6,22.9
2008/01/16,22.6,22.8,22.2,22.2
2008/01/17,22.5,22.5,22.0,22.0
2008/01/18,21.7,22.5,21.7,22.0
2008/01/21,22.1,22.1,21.5,21.5
2008/01/22,20.5,21.7,20.5,21.2
2008/01/23,21.2,21.2,20.3,20.4
2008/01/24,20.4,21.8,20.4,21.4
2008/01/25,21.7,21.7,21.1,21.5
2008/01/28,21.5,21.7,20.8,21.1
2008/01/29,21.7,21.7,20.9,21.1
2008/01/30,21.1,22.0,21.1,21.3
2008/01/31,21.3,21.7,20.9,21.2
2008/02/01,21.2,21.3,21.1,21.1
2008/02/12,21.1,21.7,21.1,21.2
2008/02/13,21.3,21.7,21.0,21.0
2008/02/14,21.1,21.8,21.1,21.3
2008/02/15,21.3,21.6,21.2,21.3
2008/02/18,21.6,21.7,21.3,21.6
2008/02/19,21.8,22.6,21.6,22.1
2008/02/20,22.1,22.6,22.0,22.3
2008/02/21,22.3,22.9,22.3,22.6
2008/02/22,22.6,22.6,22.1,22.4
2008/02/25,22.4,22.8,22.4,22.5
2008/02/26,22.5,24.0,22.5,23.7
2008/02/27,23.7,24.2,23.3,23.7
2008/02/29,23.7,24.2,23.6,23.7
2008/03/03,23.6,23.9,23.6,23.7
2008/03/04,23.9,24.8,23.9,24.8
2008/03/05,25.0,26.3,24.7,25.9
2008/03/06,26.5,26.7,25.7,26.1
2008/03/07,26.2,26.8,25.9,26.4
2008/03/10,26.8,26.9,25.8,26.1
2008/03/11,25.9,25.9,25.2,25.5
2008/03/12,25.5,25.8,25.3,25.5
2008/03/13,25.5,25.5,24.7,24.8
2008/03/14,25.1,25.3,24.8,25.1
2008/03/17,25.1,25.1,24.4,24.4
2008/03/18,24.4,24.9,24.4,24.6
2008/03/19,24.8,24.9,24.4,24.4
2008/03/20,24.4,25.1,24.0,24.5
2008/03/21,24.8,24.8,24.4,24.5
2008/03/24,24.6,25.1,24.0,24.3
2008/03/25,24.6,24.6,24.2,24.4
2008/03/26,24.8,24.9,24.4,24.4
2008/03/27,24.6,24.9,24.4,24.8
2008/03/28,25.0,25.1,24.5,24.5
2008/03/31,24.8,24.8,24.4,24.4
2008/04/01,24.4,24.8,24.3,24.3
2008/04/02,24.7,24.8,24.4,24.8
2008/04/03,24.8,25.0,24.6,24.7
2008/04/07,24.7,25.6,24.7,25.3
2008/04/08,25.9,26.0,25.5,25.7
2008/04/09,25.9,25.9,25.5,25.7
2008/04/10,25.9,27.1,25.8,26.7
2008/04/11,27.4,27.7,26.8,27.2
2008/04/14,27.2,27.7,26.8,27.2
2008/04/15,27.5,29.0,27.5,29.0
2008/04/16,30.1,30.6,29.7,30.5
2008/04/17,31.3,31.3,30.1,30.3
2008/04/18,30.4,30.9,30.3,30.8
2008/04/21,31.1,31.2,29.9,30.5
2008/04/22,30.5,31.0,29.8,30.8
2008/04/23,30.6,32.0,30.6,31.7
2008/04/24,31.7,31.8,31.4,31.5
2008/04/25,31.5,31.9,31.2,31.4
2008/04/28,31.9,32.1,31.4,31.4
2008/04/29,31.5,31.7,30.6,31.1
2008/04/30,31.7,33.0,31.7,32.6
2008/05/02,32.8,33.1,32.3,32.5
2008/05/05,32.8,32.9,31.7,32.1
2008/05/06,32.1,34.4,32.0,34.4
2008/05/07,36.7,36.7,36.0,36.7
2008/05/08,37.7,37.7,37.7,37.7
2008/05/09,38.0,38.5,37.4,38.3
2008/05/12,38.3,38.3,38.3,38.3
2008/05/13,37.8,38.6,37.8,38.2
2008/05/14,37.9,38.3,37.0,37.9
2008/05/15,38.6,40.6,38.2,40.6
2008/05/16,40.6,42.2,40.0,41.4
2008/05/19,41.6,41.8,40.4,40.6
2008/05/20,40.3,41.2,39.5,41.0
2008/05/21,41.0,41.7,40.6,41.2
2008/05/22,41.1,43.4,41.1,42.5
2008/05/23,42.5,42.5,39.5,39.5
2008/05/26,37.2,38.5,36.8,36.8
2008/05/27,36.8,36.8,34.2,36.0
2008/05/28,36.0,36.9,35.4,35.9
2008/05/29,36.1,36.9,35.0,35.9
2008/05/30,36.0,37.3,35.2,37.2
2008/06/02,37.2,38.1,36.9,37.5
2008/06/03,37.6,38.4,37.3,37.9
2008/06/04,38.2,38.2,35.3,35.3
2008/06/05,33.3,35.2,33.3,35.2
2008/06/06,35.1,35.1,33.7,33.7
2008/06/09,32.8,33.6,31.9,33.6
2008/06/10,33.6,33.6,32.5,33.1
2008/06/11,33.1,33.1,31.5,31.9
2008/06/12,31.3,31.8,29.7,29.7
2008/06/13,29.7,30.7,27.9,29.4
2008/06/16,29.7,30.6,29.4,29.4
2008/06/17,29.4,29.4,28.1,29.2
2008/06/18,29.1,30.4,28.6,29.9
2008/06/19,29.4,30.5,28.9,30.1
2008/06/20,30.1,30.4,29.1,29.3
2008/06/23,28.2,29.2,27.9,29.1
2008/06/24,29.1,30.4,28.8,29.1
2008/06/25,29.1,29.6,28.3,29.6
2008/06/26,29.8,30.0,28.3,28.3
2008/06/27,26.6,27.8,26.4,26.4
2008/06/30,27.0,27.0,24.6,24.6
2008/07/01,24.0,24.0,22.9,22.9
2008/07/02,21.3,24.5,21.3,23.5
2008/07/03,23.0,25.1,22.2,25.1
2008/07/04,25.6,25.9,23.7,25.1
2008/07/07,25.1,25.1,24.2,24.4
2008/07/08,24.8,25.2,24.3,24.8
2008/07/09,24.8,24.8,23.1,23.6
2008/07/10,23.0,23.5,22.4,22.8
2008/07/11,22.4,23.9,22.4,23.4
2008/07/14,23.2,24.4,23.2,24.3
2008/07/15,24.1,24.1,23.2,23.3
2008/07/16,23.3,23.7,21.7,21.7
2008/07/17,22.1,23.1,22.0,22.9
2008/07/18,22.9,23.1,21.5,21.6
2008/07/21,22.1,22.2,20.7,21.7
2008/07/22,21.7,22.6,21.7,22.4
2008/07/23,22.8,23.9,22.8,23.9
2008/07/24,24.0,24.2,23.2,23.5
2008/07/25,23.1,23.4,22.5,23.3
2008/07/29,22.6,23.1,22.6,23.1
2008/07/30,23.4,23.4,22.5,22.5
2008/07/31,22.6,23.0,22.2,22.4
2008/08/01,22.3,22.3,21.6,22.2
2008/08/04,22.2,22.2,21.6,21.6
2008/08/05,21.6,21.7,21.4,21.4
2008/08/06,21.7,22.9,21.7,22.9
2008/08/07,23.1,24.3,23.0,23.9
2008/08/08,23.9,24.6,23.4,24.4
2008/08/11,25.2,25.3,24.7,25.0
2008/08/12,25.3,25.5,24.6,24.9
2008/08/13,24.8,24.8,24.2,24.4
2008/08/14,24.4,24.6,23.9,24.6
2008/08/15,24.8,24.8,23.7,23.7
2008/08/18,23.4,23.4,22.8,22.8
2008/08/19,22.5,23.2,22.4,23.1
2008/08/20,23.2,23.2,22.2,22.6
2008/08/21,22.6,22.8,22.2,22.6
2008/08/22,22.7,22.7,22.2,22.4
2008/08/25,22.5,23.0,22.2,22.5
2008/08/26,22.4,22.5,22.0,22.4
2008/08/27,22.1,23.9,22.1,23.3
2008/08/28,23.4,23.4,23.1,23.2
2008/08/29,23.4,23.4,22.6,23.0
2008/09/01,23.0,23.0,21.7,22.2
2008/09/02,21.7,22.2,21.7,22.0
2008/09/03,22.0,22.0,21.1,21.3
2008/09/04,21.2,21.3,20.3,21.3
2008/09/05,21.1,21.3,20.4,21.0
2008/09/08,21.7,22.4,21.6,22.4
2008/09/09,22.1,22.1,21.1,21.4
2008/09/10,21.1,21.9,21.1,21.6
2008/09/11,21.7,21.9,20.9,21.2
2008/09/15,20.6,20.6,19.4,19.8
2008/09/16,18.5,19.2,18.5,18.5
2008/09/17,18.5,19.1,17.9,18.4
2008/09/18,17.1,19.6,17.1,19.6
2008/09/19,19.3,19.7,18.4,19.6
2008/09/22,19.7,19.7,18.8,19.5
2008/09/23,18.9,19.4,18.7,19.4
2008/09/24,19.2,19.3,18.9,19.2
2008/09/25,18.9,19.2,18.7,19.1
2008/09/26,19.1,19.1,18.5,18.9
2008/09/30,17.6,18.7,17.6,18.7
2008/10/01,18.8,19.4,18.5,19.4
2008/10/02,19.4,20.7,18.8,20.1
2008/10/03,19.9,20.1,19.6,20.1
2008/10/06,19.6,19.6,19.3,19.5
2008/10/07,19.1,19.2,18.7,19.1
2008/10/08,18.3,18.7,17.8,18.2
2008/10/09,18.0,19.1,18.0,18.6
2008/10/13,17.9,18.3,17.9,17.9
2008/10/14,19.2,19.2,18.7,19.2
2008/10/15,18.7,19.0,18.5,18.9
2008/10/16,18.3,18.3,18.3,18.3
2008/10/17,18.1,18.7,17.7,18.7
2008/10/20,18.2,18.4,18.1,18.1
2008/10/21,18.1,18.5,17.5,17.8
2008/10/22,17.7,18.0,17.2,18.0
2008/10/23,17.4,17.8,17.4,17.8
2008/10/24,17.4,17.4,17.2,17.2
2008/10/27,16.0,16.5,16.0,16.0
2008/10/28,14.9,16.2,14.9,15.2
2008/10/29,15.7,15.9,14.2,14.2
2008/10/30,14.1,14.7,13.2,14.4
2008/10/31,14.3,15.3,14.0,14.9
2008/11/03,15.4,15.9,15.0,15.9
2008/11/04,16.1,16.3,15.6,16.2
2008/11/05,16.6,17.3,16.4,17.3
2008/11/06,16.5,17.5,16.4,17.3
2008/11/07,16.7,17.8,16.7,17.1
2008/11/10,17.3,17.3,16.8,16.9
2008/11/11,16.3,16.8,15.7,15.7
2008/11/12,15.7,16.0,15.1,15.5
2008/11/13,14.5,14.9,14.4,14.4
2008/11/14,14.9,15.0,13.6,13.9
2008/11/17,13.6,14.7,13.6,14.2
2008/11/18,14.2,14.8,13.2,13.3
2008/11/19,13.0,13.6,12.9,13.5
2008/11/20,12.5,12.7,12.5,12.5
2008/11/21,11.7,12.4,11.7,12.3
2008/11/24,12.3,13.2,11.9,13.1
2008/11/25,13.6,13.8,13.1,13.1
2008/11/26,13.0,13.1,12.8,12.9
2008/11/27,13.1,13.7,13.1,13.6
2008/11/28,13.6,13.6,13.3,13.5
2008/12/01,13.8,14.4,13.8,14.4
2008/12/02,13.9,15.0,13.7,14.6
2008/12/03,14.9,15.0,13.7,13.8
2008/12/04,14.0,14.0,13.1,13.2
2008/12/05,13.2,13.5,13.1,13.2
2008/12/08,13.4,14.0,13.4,13.9
2008/12/09,14.1,14.3,13.8,13.9
2008/12/10,13.6,13.6,13.0,13.3
2008/12/11,13.2,13.5,12.9,13.3
2008/12/12,13.2,14.1,13.1,13.4
2008/12/15,13.8,13.9,13.5,13.6
2008/12/16,13.6,13.6,13.3,13.3
2008/12/17,13.4,13.6,13.0,13.1
2008/12/18,13.2,13.2,12.5,12.7
2008/12/19,12.7,13.2,12.5,13.0
2008/12/22,13.3,13.3,12.5,12.5
2008/12/23,12.4,12.4,11.7,11.7
2008/12/24,11.2,11.7,11.2,11.5
2008/12/25,11.6,12.0,11.5,12.0
2008/12/26,12.2,12.3,11.9,11.9
2008/12/29,11.9,11.9,11.6,11.6
2008/12/30,11.7,12.1,11.7,12.0
2008/12/31,12.1,12.6,12.0,12.6
2009/01/05,13.4,13.4,13.1,13.4
2009/01/06,13.6,13.6,13.1,13.3
2009/01/07,13.5,13.8,13.4,13.4
2009/01/08,13.4,14.1,13.4,13.5
2009/01/09,13.7,13.7,13.1,13.3
2009/01/12,13.1,13.4,12.6,12.7
2009/01/13,12.7,12.9,12.6,12.9
2009/01/14,13.8,13.8,13.8,13.8
2009/01/15,13.8,14.3,13.6,14.1
2009/01/16,14.1,14.1,13.6,13.7
2009/01/19,13.6,13.8,13.1,13.2
2009/01/20,12.9,13.1,12.7,12.7
2009/01/21,12.5,13.0,12.5,12.7
2009/02/02,12.9,13.1,12.8,12.8
2009/02/03,12.8,13.3,12.8,13.2
2009/02/04,13.3,13.4,13.2,13.3
2009/02/05,13.2,13.7,13.2,13.6
2009/02/06,13.8,14.0,13.6,13.6
2009/02/09,13.9,14.2,13.7,13.8
2009/02/10,13.6,13.7,13.4,13.6
2009/02/11,13.3,14.4,13.3,14.4
2009/02/12,14.5,15.3,14.4,14.6
2009/02/13,14.7,15.0,14.6,14.8
2009/02/16,15.0,15.1,14.2,14.3
2009/02/17,14.3,14.5,13.8,13.8
2009/02/18,13.6,13.9,13.3,13.9
2009/02/19,13.9,14.0,13.7,13.8
2009/02/20,13.7,14.2,13.6,13.8
2009/02/23,13.8,13.8,13.4,13.7
2009/02/24,13.5,13.7,13.5,13.6
2009/02/25,13.9,14.3,13.7,13.9
2009/02/26,13.9,14.0,13.8,13.8
2009/02/27,13.8,14.5,13.8,14.5
2009/03/02,15.0,15.1,14.5,14.7
2009/03/03,14.6,14.7,14.1,14.7
2009/03/04,14.6,15.2,14.5,14.9
2009/03/05,15.0,15.2,14.6,14.7
2009/03/06,14.4,14.9,14.3,14.8
2009/03/09,14.7,14.7,14.1,14.2
2009/03/10,14.1,14.5,14.1,14.3
2009/03/11,14.6,14.7,14.2,14.2
2009/03/12,14.1,14.3,14.1,14.3
2009/03/13,14.6,15.3,14.5,15.1
2009/03/16,15.5,15.8,15.2,15.3
2009/03/17,15.4,15.4,14.8,15.1
2009/03/18,15.1,15.6,15.0,15.1
2009/03/19,15.2,15.3,14.8,14.9
2009/03/20,14.8,15.1,14.8,15.0
2009/03/23,15.1,15.3,15.0,15.2
2009/03/24,15.6,15.6,15.1,15.2
2009/03/25,15.3,15.7,15.2,15.3
2009/03/26,15.3,15.7,15.2,15.7
2009/03/27,16.0,16.7,15.5,16.3
2009/03/30,16.0,16.1,15.3,15.7
2009/03/31,15.7,16.4,15.6,15.7
2009/04/01,16.0,16.1,15.7,15.9
2009/04/02,16.2,16.2,15.5,15.6
2009/04/03,15.8,16.1,15.7,15.7
2009/04/06,15.7,15.9,15.7,15.8
2009/04/07,15.7,16.0,15.6,16.0
2009/04/08,15.8,16.7,15.7,16.7
2009/04/09,17.4,17.8,17.4,17.8
2009/04/10,19.0,19.0,18.1,19.0
2009/04/13,18.5,19.1,18.4,18.7
2009/04/14,18.7,19.4,18.5,18.7
2009/04/15,19.2,19.9,19.1,19.9
2009/04/16,21.3,21.3,21.3,21.3
2009/04/17,22.7,22.7,19.8,19.8
2009/04/20,18.8,19.0,18.5,18.5
2009/04/21,17.3,18.3,17.3,17.9
2009/04/22,17.9,18.5,17.9,18.1
2009/04/23,18.5,19.4,17.5,18.9
2009/04/24,18.8,19.5,18.5,18.8
2009/04/27,19.4,19.4,17.5,17.5
2009/04/28,17.5,17.8,16.3,16.3
2009/04/29,16.3,16.3,15.7,15.9
2009/04/30,16.7,17.0,16.3,17.0
2009/05/04,17.0,17.8,17.0,17.2
2009/05/05,17.3,18.1,16.1,17.8
2009/05/06,17.8,18.6,17.2,18.4
2009/05/07,18.4,19.4,17.9,18.9
2009/05/08,18.3,18.9,18.3,18.5
2009/05/11,18.3,18.6,17.7,17.7
2009/05/12,17.7,17.7,16.9,17.0
2009/05/13,16.9,17.4,16.7,17.2
2009/05/14,17.0,17.3,16.0,16.1
2009/05/15,16.2,16.6,16.2,16.4
2009/05/18,16.4,16.7,16.4,16.4
2009/05/19,16.8,16.8,16.4,16.4
2009/05/20,16.5,16.7,16.1,16.3
2009/05/21,16.4,16.7,16.4,16.6
2009/05/22,16.6,17.7,16.5,17.5
2009/05/25,17.9,18.0,16.9,17.0
2009/05/26,17.2,17.2,16.2,16.4
2009/05/27,16.6,17.2,16.6,17.1
2009/06/01,17.5,17.5,17.1,17.2
2009/06/02,17.3,17.4,16.9,16.9
2009/06/03,16.9,17.1,16.9,17.0
2009/06/04,17.0,17.2,16.8,17.2
2009/06/05,17.3,18.3,17.2,18.3
2009/06/08,19.9,20.4,18.8,18.8
2009/06/09,18.5,18.8,17.5,17.5
2009/06/10,17.7,17.8,16.5,17.5
2009/06/11,17.5,17.8,17.2,17.8
2009/06/12,17.8,18.4,17.4,17.4
2009/06/15,17.5,17.5,16.3,16.4
2009/06/16,16.4,16.9,16.4,16.8
2009/06/17,16.8,17.2,16.5,16.6
2009/06/18,16.9,16.9,16.4,16.4
2009/06/19,16.5,16.8,16.4,16.7
2009/06/22,16.8,17.1,16.6,16.9
2009/06/23,16.5,17.0,16.4,16.9
2009/06/24,16.9,17.2,16.8,17.2
2009/06/25,17.6,17.8,17.2,17.7
2009/06/26,18.0,18.8,17.8,18.6
2009/06/29,18.7,19.2,18.4,18.4
2009/06/30,18.5,18.9,18.0,18.0
2009/07/01,18.4,19.3,18.2,19.3
2009/07/02,20.3,20.3,19.6,19.6
2009/07/03,19.9,19.9,19.3,19.7
2009/07/06,20.2,20.2,19.5,19.9
2009/07/07,20.2,21.2,20.2,21.2
2009/07/08,22.0,22.1,21.2,21.4
2009/07/09,21.7,22.0,21.2,21.4
2009/07/10,21.6,21.8,21.4,21.7
2009/07/13,22.0,22.4,20.2,20.5
2009/07/14,21.1,21.3,20.7,20.9
2009/07/15,21.1,21.5,21.0,21.0
2009/07/16,21.4,21.5,20.5,20.6
2009/07/17,20.5,21.0,20.5,20.9
2009/07/20,21.1,21.1,20.6,20.8
2009/07/21,20.9,21.1,20.6,20.8
2009/07/22,20.8,21.5,20.8,21.2
2009/07/23,21.2,21.3,20.8,20.9
2009/07/24,20.5,21.5,20.5,21.3
2009/07/27,21.5,22.0,21.4,21.5
2009/07/28,21.6,21.8,21.2,21.3
2009/07/29,21.5,21.8,21.3,21.3
2009/07/30,21.3,21.3,20.1,20.6
2009/07/31,20.7,20.9,20.5,20.6
2009/08/03,20.6,20.6,20.2,20.3
2009/08/04,20.6,20.8,19.9,19.9
2009/08/05,19.9,19.9,19.1,19.3
2009/08/06,19.3,19.6,18.8,18.9
2009/08/10,18.9,19.1,18.6,18.9
2009/08/11,18.9,19.2,18.7,19.1
2009/08/12,19.1,20.3,19.1,20.1
2009/08/13,20.5,20.5,20.1,20.2
2009/08/14,20.2,21.2,20.2,20.9
2009/08/17,20.9,21.8,20.9,21.0
2009/08/18,20.4,20.9,20.1,20.2
2009/08/19,20.4,20.6,20.2,20.2
2009/08/20,20.3,20.8,20.2,20.6
2009/08/21,21.2,21.2,19.9,19.9
2009/08/24,20.3,20.5,20.0,20.5
2009/08/25,20.7,21.7,20.6,21.3
2009/08/26,21.4,21.8,21.2,21.4
2009/08/27,21.4,22.8,21.3,21.9
2009/08/28,21.8,22.3,21.8,22.0
2009/08/31,22.0,22.7,22.0,22.5
2009/09/01,22.6,22.7,22.4,22.7
2009/09/02,22.7,24.2,22.5,23.7
2009/09/03,24.4,24.4,23.4,23.9
2009/09/04,23.6,24.1,23.6,23.9
2009/09/07,24.2,25.6,24.2,25.6
2009/09/08,26.2,27.4,25.5,26.5
2009/09/09,26.7,27.4,26.3,26.9
2009/09/10,27.8,27.9,25.8,26.4
2009/09/11,26.3,26.8,26.2,26.6
2009/09/14,26.6,26.9,26.3,26.4
2009/09/15,26.9,27.8,26.9,27.5
2009/09/16,28.0,29.2,27.5,29.2
2009/09/17,29.4,30.4,29.3,30.4
2009/09/18,30.4,30.7,29.8,30.0
2009/09/21,30.0,30.2,28.4,29.0
2009/09/22,29.1,29.2,28.2,28.5
2009/09/23,28.5,28.9,27.9,28.0
2009/09/24,28.0,28.8,27.6,28.6
2009/09/25,28.7,29.2,28.7,29.2
2009/09/28,29.2,29.6,28.0,28.0
2009/09/29,28.2,28.5,28.1,28.2
2009/09/30,28.2,29.7,28.2,29.6
2009/10/01,29.9,31.7,29.9,31.7
2009/10/02,31.3,31.6,30.9,31.5
2009/10/05,31.3,33.1,31.3,32.5
2009/10/06,32.8,33.1,31.8,32.1
2009/10/07,32.4,32.6,31.3,31.6
2009/10/08,31.6,32.2,30.9,31.0
2009/10/09,31.6,33.2,31.6,32.6
2009/10/12,33.3,34.9,32.8,33.8
2009/10/13,33.3,34.5,32.9,33.4
2009/10/14,33.8,35.1,33.7,34.4
2009/10/15,35.1,35.5,34.6,34.7
2009/10/16,34.7,35.1,34.1,34.2
2009/10/19,34.2,35.3,33.9,34.9
2009/10/20,35.1,35.4,34.4,34.6
2009/10/21,34.8,36.9,34.8,36.2
2009/10/22,36.4,36.6,35.7,36.2
2009/10/23,36.4,37.2,36.4,37.2
2009/10/26,37.4,39.0,36.3,36.3
2009/10/27,36.3,37.6,36.2,37.0
2009/10/28,37.9,38.6,37.2,37.2
2009/10/29,36.2,37.4,35.3,36.3
2009/10/30,37.2,38.2,36.8,37.6
2009/11/02,36.3,39.9,36.3,39.9
2009/11/03,40.2,41.2,39.5,39.5
2009/11/04,40.6,41.1,39.7,40.1
2009/11/05,40.6,42.7,40.2,42.2
2009/11/06,43.1,43.8,42.6,42.8
2009/11/09,43.4,45.3,42.8,45.3
2009/11/10,45.5,46.6,43.1,44.0
2009/11/11,43.4,44.9,43.4,44.6
2009/11/12,44.6,45.8,43.1,43.1
2009/11/13,43.1,43.6,42.2,42.6
2009/11/16,43.0,44.5,43.0,44.1
2009/11/17,44.7,44.8,43.1,43.1
2009/11/18,43.1,44.0,40.6,40.6
2009/11/19,41.3,43.2,41.1,41.3
2009/11/20,41.9,42.2,41.0,41.2
2009/11/23,41.7,43.0,41.2,42.8
2009/11/24,43.1,44.7,42.8,43.9
2009/11/25,44.3,44.8,43.3,43.3
2009/11/26,44.7,45.4,43.9,44.5
2009/11/27,44.5,44.6,43.3,43.5
2009/11/30,44.1,44.4,43.1,44.3
2009/12/01,44.3,44.5,43.5,44.1
2009/12/02,44.6,46.0,44.2,44.9
2009/12/03,45.5,46.6,44.8,45.2
2009/12/04,45.5,45.9,44.7,45.1
2009/12/07,45.2,45.7,44.8,45.0
2009/12/08,45.1,46.0,44.8,45.1
2009/12/09,45.6,45.7,44.2,44.4
2009/12/10,44.5,44.8,42.9,43.2
2009/12/11,43.6,44.0,43.0,44.0
2009/12/14,44.2,44.8,43.7,43.9
2009/12/15,43.9,44.3,42.3,43.1
2009/12/16,43.3,44.8,43.3,44.3
2009/12/17,45.1,45.8,43.6,44.8
2009/12/18,44.8,45.8,44.1,44.4
2009/12/21,44.6,45.1,44.1,44.1
2009/12/22,44.4,45.4,44.2,44.6
2009/12/23,45.1,45.3,44.6,44.6
2009/12/24,44.9,45.0,44.3,44.3
2009/12/25,44.5,44.9,43.9,43.9
2009/12/28,43.9,44.3,42.6,43.1
2009/12/29,43.5,43.9,43.0,43.6
2009/12/30,43.9,44.3,43.6,44.1
2009/12/31,44.9,46.3,44.6,46.0
2010/01/04,46.5,46.5,44.6,45.5
2010/01/05,46.2,46.2,44.0,44.1
2010/01/06,44.1,44.6,42.6,43.0
2010/01/07,43.0,43.8,42.3,42.8
2010/01/08,42.8,42.9,40.2,41.6
2010/01/11,41.5,42.6,39.4,42.6
2010/01/12,42.6,42.6,40.6,41.5
2010/01/13,40.6,40.6,40.1,40.2
2010/01/14,40.2,40.6,39.7,40.2
2010/01/15,40.6,41.6,40.3,40.5
2010/01/18,40.6,40.7,40.2,40.2
2010/01/19,40.6,41.5,40.6,41.1
2010/01/20,41.6,41.6,40.7,40.7
2010/01/21,40.9,40.9,39.7,39.7
2010/01/22,38.7,39.6,38.2,38.2
2010/01/25,36.6,38.2,36.4,37.1
2010/01/26,37.1,37.7,34.5,34.5
2010/01/27,34.5,34.5,32.1,33.3
2010/01/28,32.8,34.2,32.8,34.2
2010/01/29,33.8,33.8,31.8,32.3
2010/02/01,31.3,32.4,30.4,32.0
2010/02/02,32.4,34.2,32.3,32.3
2010/02/03,32.8,34.6,32.8,34.6
2010/02/04,35.1,36.7,34.6,35.8
2010/02/05,33.9,34.8,33.3,33.3
2010/02/08,31.9,32.1,31.0,31.9
2010/02/09,31.9,32.9,31.5,32.2
2010/02/10,33.2,33.4,32.6,33.0
2010/02/22,34.2,34.4,33.3,33.5
2010/02/23,33.5,34.3,33.0,34.3
2010/02/24,34.3,36.7,33.6,36.3
2010/02/25,36.0,37.0,34.8,34.8
2010/02/26,34.8,37.2,34.8,36.3
2010/03/01,36.3,37.2,35.8,36.5
2010/03/02,36.9,39.1,36.8,39.1
2010/03/03,39.1,40.6,38.7,39.1
2010/03/04,39.2,39.6,37.8,38.7
2010/03/05,39.2,40.3,38.7,40.0
2010/03/08,40.0,40.0,38.8,39.2
2010/03/09,39.2,40.8,39.2,39.7
2010/03/10,39.7,40.0,39.3,39.7
2010/03/11,39.8,40.9,39.7,39.8
2010/03/12,40.2,41.8,39.6,41.6
2010/03/15,42.3,43.9,41.6,41.6
2010/03/16,41.2,41.8,40.9,41.6
2010/03/17,41.6,41.9,41.0,41.8
2010/03/18,42.3,44.6,42.3,43.1
2010/03/19,43.8,44.9,43.1,44.6
2010/03/22,44.6,45.5,44.2,44.7
2010/03/23,45.1,45.1,43.1,43.8
2010/03/24,43.6,44.0,42.8,42.8
2010/03/25,42.8,43.3,42.3,42.9
2010/03/26,42.9,43.2,42.2,42.6
2010/03/29,42.6,42.8,41.7,42.2
2010/03/30,42.4,43.9,42.4,42.5
2010/03/31,43.0,43.0,42.2,42.2
2010/04/01,42.4,43.0,42.2,42.3
2010/04/02,42.5,43.7,42.3,43.4
2010/04/06,44.0,44.0,43.0,43.1
2010/04/07,43.7,44.9,42.9,43.9
2010/04/08,43.9,44.8,43.4,43.4
2010/04/09,43.6,44.8,43.4,44.3
2010/04/12,45.1,45.3,44.4,44.4
2010/04/13,44.4,44.8,43.9,44.1
2010/04/14,44.6,47.1,44.6,46.6
2010/04/15,47.4,47.5,46.8,46.8
2010/04/16,47.0,47.3,46.0,46.1
2010/04/19,45.1,45.6,42.9,43.0
2010/04/20,43.1,43.7,42.5,43.0
2010/04/21,43.0,43.8,42.4,42.5
2010/04/22,43.0,43.0,42.5,42.6
2010/04/23,42.6,43.3,41.9,42.2
2010/04/26,42.8,43.1,41.9,42.1
2010/04/27,42.3,42.6,40.2,40.7
2010/04/28,39.4,42.3,39.0,41.5
2010/04/29,42.1,42.8,41.6,42.1
2010/04/30,42.6,42.9,40.2,40.2
2010/05/03,40.2,41.1,40.2,40.8
2010/05/04,42.1,42.7,41.1,42.2
2010/05/05,41.6,43.4,41.6,42.8
2010/05/06,42.8,44.5,42.7,43.8
2010/05/07,43.3,44.9,41.3,44.8
2010/05/10,45.1,47.8,44.2,47.3
2010/05/11,48.4,50.2,47.6,48.7
2010/05/12,49.0,49.9,48.4,48.9
2010/05/13,50.6,52.2,49.3,52.1
2010/05/14,52.0,52.6,50.7,52.4
2010/05/17,52.7,56.0,52.0,55.9
2010/05/18,56.0,56.6,54.3,55.9
2010/05/19,55.6,56.0,52.1,54.4
2010/05/20,54.4,54.4,50.6,50.6
2010/05/21,47.6,48.8,47.1,47.1
2010/05/24,46.9,47.9,46.0,47.0
2010/05/25,46.1,48.5,45.7,47.2
2010/05/26,47.7,49.1,46.1,48.8
2010/05/27,48.8,52.1,48.8,52.1
2010/05/28,52.9,55.7,52.8,55.4
2010/05/31,55.9,55.9,53.7,54.8
2010/06/01,54.8,55.3,54.4,54.9
2010/06/02,54.9,58.6,54.9,56.9
2010/06/03,58.6,59.3,56.9,57.2
2010/06/04,57.9,58.8,57.4,58.5
2010/06/07,56.8,57.6,55.9,57.0
2010/06/08,58.3,59.0,56.4,56.4
2010/06/09,56.2,56.7,52.5,52.5
2010/06/10,52.5,53.5,50.7,53.5
2010/06/11,54.1,56.1,54.1,54.8
2010/06/14,55.3,55.4,54.1,54.5
2010/06/15,54.0,56.3,54.0,54.9
2010/06/17,55.8,56.3,54.6,56.1
2010/06/18,56.3,58.9,56.3,58.1
2010/06/21,58.3,58.6,57.6,57.9
2010/06/22,58.2,58.6,57.5,57.9
2010/06/23,58.0,58.3,57.2,57.9
2010/06/24,57.9,58.0,55.8,56.8
2010/06/25,56.1,56.4,55.1,55.4
2010/06/28,55.4,55.6,53.5,54.8
2010/06/29,55.2,55.8,53.9,54.1
2010/06/30,52.4,55.6,51.9,55.6
2010/07/01,55.1,55.6,54.3,54.6
2010/07/02,54.6,55.3,54.4,54.4
2010/07/05,54.9,57.0,54.9,56.3
2010/07/06,56.3,56.8,55.1,55.4
2010/07/07,55.4,55.4,53.5,53.6
2010/07/08,53.9,54.0,52.4,53.6
2010/07/09,54.1,54.1,52.7,52.8
2010/07/12,52.8,53.8,52.7,53.0
2010/07/13,53.8,54.4,53.1,54.2
2010/07/14,53.9,54.5,53.4,53.8
2010/07/15,54.1,54.2,52.7,52.9
2010/07/16,52.9,53.2,52.4,52.4
2010/07/19,51.9,52.4,50.7,50.7
2010/07/20,50.9,51.7,50.4,51.2
2010/07/21,51.3,51.6,50.1,50.1
2010/07/22,50.1,53.5,50.0,53.5
2010/07/23,53.9,55.6,53.4,54.4
2010/07/26,54.5,54.9,52.7,52.8
2010/07/27,52.9,53.6,52.7,53.0
2010/07/28,53.5,53.9,52.7,52.9
2010/07/29,52.9,52.9,51.2,51.3
2010/07/30,51.1,52.1,50.9,51.7
2010/08/02,52.0,52.4,51.4,51.9
2010/08/03,51.9,52.3,49.6,51.2
2010/08/04,51.1,51.1,49.8,50.8
2010/08/05,50.9,52.4,50.3,52.3
2010/08/06,51.4,54.5,51.4,53.6
2010/08/09,54.0,54.9,52.2,54.7
2010/08/10,54.9,54.9,53.3,54.4
2010/08/11,54.4,54.8,53.4,54.4
2010/08/12,54.4,54.4,53.2,53.6
2010/08/13,53.7,56.5,53.7,55.6
2010/08/16,55.8,57.0,55.2,55.5
2010/08/17,55.8,56.3,54.9,55.5
2010/08/18,55.5,55.8,54.5,55.0
2010/08/19,55.3,55.4,54.6,55.4
2010/08/20,55.4,56.3,54.7,55.1
2010/08/23,55.1,55.7,53.9,53.9
2010/08/24,54.4,54.6,52.7,53.9
2010/08/25,53.8,53.9,50.1,51.8
2010/08/26,51.3,51.4,49.5,50.1
2010/08/27,50.1,52.4,50.1,51.9
2010/08/30,52.2,52.6,51.3,51.9
2010/08/31,51.4,52.5,49.7,50.0
2010/09/01,50.4,51.8,50.4,51.7
2010/09/02,52.0,53.1,51.6,52.3
2010/09/03,53.0,55.9,52.6,55.9
2010/09/06,55.9,56.0,54.6,55.2
2010/09/07,55.2,58.1,54.9,57.0
2010/09/08,56.8,57.7,55.3,57.0
2010/09/09,57.3,58.7,55.6,56.1
2010/09/10,57.3,57.3,54.4,54.9
2010/09/13,55.4,56.7,55.1,55.6
2010/09/14,56.1,57.7,56.0,56.0
2010/09/15,56.6,56.6,54.9,55.4
2010/09/16,55.5,55.9,54.4,54.9
2010/09/17,55.7,56.9,54.9,55.8
2010/09/20,56.6,57.7,56.0,56.1
2010/09/21,57.3,57.4,55.7,55.7
2010/09/23,56.1,56.2,54.9,54.9
2010/09/24,55.3,55.3,53.4,53.9
2010/09/27,54.4,54.5,52.4,52.4
2010/09/28,52.4,54.4,51.9,54.0
2010/09/29,54.8,56.8,54.5,55.0
2010/09/30,55.1,57.3,55.1,56.9
2010/10/01,57.8,59.7,57.1,57.1
2010/10/04,57.3,57.6,55.8,56.1
2010/10/05,56.7,58.4,56.6,58.4
2010/10/06,59.7,62.0,58.8,61.0
2010/10/07,61.8,62.3,59.6,59.6
2010/10/08,59.7,60.1,56.8,57.0
2010/10/11,57.4,58.1,56.1,56.2
2010/10/12,56.3,56.6,54.4,54.7
2010/10/13,55.2,55.5,53.8,54.9
2010/10/14,55.7,55.8,54.5,54.9
2010/10/15,54.9,55.4,52.8,52.8
2010/10/18,53.1,53.7,49.2,49.2
2010/10/19,48.3,49.2,46.0,48.0
2010/10/20,47.4,49.5,47.1,49.0
2010/10/21,49.3,49.7,47.6,47.8
2010/10/22,48.2,48.8,47.0,47.2
2010/10/25,47.5,48.2,47.3,47.5
2010/10/26,47.6,47.9,46.2,47.4
2010/10/27,47.5,47.7,46.8,46.8
2010/10/28,47.0,47.7,46.8,46.8
2010/10/29,47.0,47.3,45.1,46.0
2010/11/01,46.0,46.5,44.2,45.1
2010/11/02,45.1,45.7,43.2,45.0
2010/11/03,45.3,45.3,41.8,41.9
2010/11/04,41.9,42.1,40.4,41.6
2010/11/05,41.9,42.5,41.8,41.8
2010/11/08,41.8,41.8,40.5,40.9
2010/11/09,40.3,42.6,40.3,42.0
2010/11/10,42.5,42.6,40.5,40.5
2010/11/11,40.6,41.6,40.6,41.0
2010/11/12,40.7,41.0,40.3,40.3
2010/11/15,40.3,40.3,39.1,39.2
2010/11/16,39.2,40.0,39.2,39.9
2010/11/17,39.7,40.2,39.6,40.2
2010/11/18,40.7,42.2,40.4,42.1
2010/11/19,42.5,42.7,40.9,41.3
2010/11/22,41.5,41.5,40.6,41.1
2010/11/23,41.4,41.4,40.4,40.6
2010/11/24,40.2,40.6,40.0,40.2
2010/11/25,40.7,40.7,40.0,40.2
2010/11/26,40.3,40.6,40.2,40.2
2010/11/29,40.4,40.7,39.9,40.5
2010/11/30,40.5,43.2,40.5,43.2
2010/12/01,43.2,43.8,42.4,43.3
2010/12/02,43.8,44.4,43.2,43.2
2010/12/03,43.3,43.8,42.4,42.4
2010/12/06,42.7,43.0,41.5,41.8
2010/12/07,41.8,42.4,41.6,41.8
2010/12/08,41.2,42.6,41.2,42.2
2010/12/09,42.5,43.5,42.3,43.1
2010/12/10,43.4,44.7,43.1,43.7
2010/12/13,44.4,44.9,43.8,43.8
2010/12/14,43.9,44.1,42.2,42.2
2010/12/15,42.2,42.6,41.3,41.6
2010/12/16,41.6,42.4,41.2,41.2
2010/12/17,41.6,41.9,41.4,41.4
2010/12/20,41.4,41.7,40.8,40.9
2010/12/21,41.0,42.5,41.0,41.8
2010/12/22,42.1,42.3,41.8,42.1
2010/12/23,42.6,42.6,41.7,42.1
2010/12/24,42.3,42.9,42.0,42.0
2010/12/27,42.0,42.9,42.0,42.6
2010/12/28,43.0,43.0,41.4,41.5
2010/12/29,41.6,41.8,40.5,40.5
2010/12/30,40.3,40.9,40.2,40.4
2010/12/31,40.4,40.7,39.5,39.9
2011/01/03,39.9,40.4,39.5,39.9
2011/01/04,39.9,40.4,39.8,40.3
2011/01/05,40.3,40.9,39.8,40.0
2011/01/06,40.2,40.6,40.0,40.4
2011/01/07,40.9,40.9,39.2,39.3
2011/01/10,39.4,39.7,38.2,38.2
2011/01/11,38.2,38.2,36.7,37.7
2011/01/12,37.7,38.3,37.7,38.0
2011/01/13,38.1,38.5,37.9,38.1
2011/01/14,38.6,38.6,37.7,37.7
2011/01/17,37.7,38.2,37.6,37.7
2011/01/18,37.7,37.9,37.5,37.5
2011/01/19,37.5,38.0,37.3,37.3
2011/01/20,37.2,37.4,37.1,37.2
2011/01/21,36.8,37.2,36.5,36.9
2011/01/24,36.9,36.9,35.6,35.8
2011/01/25,35.8,36.9,35.8,36.2
2011/01/26,36.3,36.3,35.8,36.1
2011/01/27,36.1,36.7,36.1,36.2
2011/01/28,36.5,36.5,36.0,36.0
2011/02/08,35.9,36.5,35.6,35.6
2011/02/09,35.7,36.0,35.5,35.5
2011/02/10,35.3,35.5,34.2,34.8
2011/02/11,34.9,34.9,33.2,33.8
2011/02/14,33.6,33.8,32.4,33.8
2011/02/15,33.7,34.1,32.9,34.0
2011/02/16,34.0,35.8,33.8,35.2
2011/02/17,35.2,35.2,34.8,34.8
2011/02/18,34.8,35.2,34.5,34.8
2011/02/21,34.9,37.1,34.9,36.8
2011/02/22,36.5,36.6,35.8,36.2
2011/02/23,35.8,36.7,35.3,35.3
2011/02/24,35.3,35.8,34.3,34.8
2011/02/25,34.8,34.8,33.7,34.3
2011/03/01,34.2,34.8,34.1,34.6
2011/03/02,34.3,34.6,34.2,34.6
2011/03/03,34.9,37.0,34.7,37.0
2011/03/04,38.5,38.5,37.5,37.6
2011/03/07,37.6,37.6,36.7,37.2
2011/03/08,37.2,38.6,37.2,37.5
2011/03/09,38.0,38.0,36.5,36.7
2011/03/10,36.6,37.1,35.8,35.8
2011/03/11,35.4,35.5,34.8,35.1
2011/03/14,34.7,35.0,33.4,33.9
2011/03/15,33.3,33.8,31.5,31.5
2011/03/16,31.5,32.1,30.3,31.3
2011/03/17,30.2,31.1,29.9,31.1
2011/03/18,31.3,32.2,31.3,31.9
2011/03/21,32.1,32.8,31.9,32.4
2011/03/22,32.4,33.8,32.4,33.0
2011/03/23,33.0,33.4,33.0,33.3
2011/03/24,33.3,33.4,32.9,32.9
2011/03/25,32.9,33.5,32.6,32.7
2011/03/28,33.0,33.2,32.3,32.4
2011/03/29,32.3,32.5,31.6,31.6
2011/03/30,31.6,32.6,31.6,32.2
2011/03/31,32.2,32.3,32.0,32.2
2011/04/01,32.2,32.3,31.8,32.0
2011/04/06,31.7,32.8,31.7,32.5
2011/04/07,32.8,33.8,32.8,33.4
2011/04/08,33.6,33.6,33.0,33.1
2011/04/11,33.1,34.0,33.1,34.0
2011/04/12,34.0,34.0,32.3,33.3
2011/04/13,33.3,33.4,33.1,33.4
2011/04/14,33.1,33.7,33.1,33.3
2011/04/15,33.8,33.8,33.3,33.3
2011/04/18,33.1,33.2,32.8,33.1
2011/04/19,32.9,32.9,32.0,32.3
2011/04/20,31.8,32.5,31.8,32.3
2011/04/21,32.4,32.8,32.4,32.4
2011/04/22,32.5,33.1,32.4,32.6
2011/04/25,32.8,33.0,32.7,32.8
2011/04/26,33.1,33.7,33.1,33.4
2011/04/27,33.7,33.7,33.2,33.2
2011/04/28,33.3,33.4,32.4,32.6
2011/04/29,32.8,33.1,32.4,32.4
2011/05/03,32.4,34.7,31.8,33.5
2011/05/04,33.4,35.4,33.3,35.0
2011/05/05,35.3,36.2,34.7,34.9
2011/05/06,34.9,35.5,34.3,34.7
2011/05/09,35.2,35.5,34.3,34.6
2011/05/10,34.6,34.7,34.3,34.5
2011/05/11,34.5,34.5,33.9,33.9
2011/05/12,33.8,35.0,32.9,34.1
2011/05/13,34.4,35.2,34.4,34.9
2011/05/16,35.5,35.9,34.9,35.3
2011/05/17,35.3,36.2,35.3,35.8
2011/05/18,36.2,36.5,35.8,35.8
2011/05/19,36.0,36.2,35.6,35.9
2011/05/20,35.9,36.9,35.8,36.0
2011/05/23,36.0,37.2,35.9,37.0
2011/05/24,37.0,38.1,36.8,37.0
2011/05/25,37.1,37.1,36.5,36.6
2011/05/26,36.6,37.0,36.3,36.3
2011/05/27,36.3,36.4,35.9,36.0
2011/05/30,36.0,37.1,36.0,36.5
2011/05/31,36.7,37.2,36.4,37.1
2011/06/01,37.1,37.3,36.2,36.2
2011/06/02,36.0,36.0,35.6,35.9
2011/06/03,36.2,36.3,35.4,35.6
2011/06/07,33.1,33.1,33.1,33.1
2011/06/08,30.8,30.8,30.8,30.8
2011/06/09,28.7,28.7,28.7,28.7
2011/06/10,26.7,28.7,26.7,27.3
2011/06/13,25.4,25.4,25.4,25.4
2011/06/14,23.7,23.7,23.7,23.7
2011/06/15,23.7,24.7,23.6,23.7
2011/06/16,23.8,25.1,23.8,24.3
2011/06/17,24.9,25.3,23.9,24.0
2011/06/20,24.3,24.3,22.3,22.3
2011/06/21,21.4,21.5,20.8,20.8
2011/06/22,20.3,20.8,19.4,19.8
2011/06/23,19.7,20.4,19.3,19.7
2011/06/24,20.0,20.4,19.4,19.6
2011/06/27,19.4,19.9,19.0,19.7
2011/06/28,20.0,20.7,20.0,20.1
2011/06/29,20.2,20.3,19.8,20.0
2011/06/30,20.3,20.9,20.2,20.9
2011/07/01,21.1,21.2,20.7,21.1
2011/07/04,21.2,21.3,20.8,21.0
2011/07/05,21.0,21.0,20.2,20.2
2011/07/06,20.4,20.5,20.0,20.1
2011/07/07,20.1,20.4,20.1,20.4
2011/07/08,20.6,21.2,20.6,20.6
2011/07/11,20.6,20.6,19.1,19.1
2011/07/12,18.8,18.8,17.9,18.1
2011/07/13,18.1,18.4,17.9,18.1
2011/07/14,18.6,18.6,17.4,17.5
2011/07/15,17.5,18.0,17.5,17.8
2011/07/18,17.8,18.8,17.8,18.5
2011/07/19,18.8,19.3,18.7,19.1
2011/07/20,19.4,19.5,19.2,19.4
2011/07/21,19.4,19.4,18.8,18.9
2011/07/22,18.9,19.2,18.9,18.9
2011/07/25,19.6,20.2,19.2,19.8
2011/07/26,20.0,20.0,19.3,19.6
2011/07/27,19.4,19.8,19.4,19.6
2011/07/28,19.6,19.6,19.1,19.1
2011/07/29,19.1,19.2,18.6,19.1
2011/08/01,19.2,19.4,18.8,18.9
2011/08/02,18.8,19.0,18.4,18.4
2011/08/03,18.4,18.4,17.7,18.0
2011/08/04,18.0,18.2,17.3,17.4
2011/08/05,16.3,16.6,16.3,16.3
2011/08/08,15.3,16.0,15.1,15.2
2011/08/09,14.2,15.5,14.2,15.5
2011/08/10,15.7,16.6,15.7,16.6
2011/08/11,16.5,17.7,15.5,17.7
2011/08/12,18.1,19.0,18.1,19.0
2011/08/15,19.0,20.1,19.0,20.0
2011/08/16,20.0,20.1,19.1,19.6
2011/08/17,19.4,19.5,18.9,19.5
2011/08/18,18.2,20.8,18.2,20.8
2011/08/19,19.5,21.1,19.4,21.1
2011/08/22,21.1,21.1,19.6,20.8
2011/08/23,20.8,20.8,20.1,20.5
2011/08/24,20.5,20.6,20.1,20.5
2011/08/25,20.6,21.4,20.6,21.0
2011/08/26,21.2,21.3,20.4,21.1
2011/08/29,21.1,21.7,20.9,21.5
2011/08/30,21.5,21.7,21.2,21.5
2011/08/31,21.5,22.2,21.3,22.2
2011/09/01,22.3,22.5,22.0,22.2
2011/09/02,22.2,22.2,21.8,22.0
2011/09/05,21.8,21.8,21.0,21.0
2011/09/06,20.6,20.6,19.5,19.8
2011/09/07,19.8,20.0,18.6,18.6
2011/09/08,18.7,19.4,18.2,19.4
2011/09/09,19.3,19.5,19.1,19.4
2011/09/13,18.7,19.0,18.5,18.8
2011/09/14,18.7,18.9,17.8,18.7
2011/09/15,18.7,19.1,18.5,19.0
2011/09/16,19.1,20.0,18.9,20.0
2011/09/19,20.0,20.2,19.5,20.1
2011/09/20,20.0,20.1,19.6,19.9
2011/09/21,20.0,20.0,19.6,19.6
2011/09/22,19.2,19.6,18.9,19.3
2011/09/23,18.7,18.7,18.0,18.1
2011/09/26,17.8,17.8,16.9,16.9
2011/09/27,16.5,16.6,15.7,15.7
2011/09/28,14.7,15.2,14.6,14.6
2011/09/29,13.7,14.6,13.7,14.5
2011/09/30,14.4,14.4,13.6,13.9
2011/10/03,13.6,14.3,13.2,14.1
2011/10/04,13.7,14.4,13.7,14.1
2011/10/05,14.1,14.3,13.8,13.8
2011/10/06,13.9,14.7,13.9,14.4
2011/10/07,14.7,14.7,14.1,14.1
2011/10/11,14.2,14.4,14.1,14.2
2011/10/12,14.3,14.6,14.2,14.5
2011/10/13,14.3,15.0,14.3,14.6
2011/10/14,14.5,14.6,14.4,14.4
2011/10/17,14.5,14.5,14.4,14.4
2011/10/18,14.4,14.4,14.1,14.1
2011/10/19,14.1,14.3,14.0,14.0
2011/10/20,14.1,14.2,14.0,14.1
2011/10/21,14.2,14.6,14.0,14.6
2011/10/24,14.7,15.6,14.7,15.0
2011/10/25,15.0,15.4,14.9,15.1
2011/10/26,15.0,15.2,14.9,14.9
2011/10/27,15.2,15.2,14.2,14.2
2011/10/28,14.3,14.5,14.2,14.2
2011/10/31,14.3,14.3,14.0,14.0
2011/11/01,14.0,14.2,13.9,13.9
2011/11/02,13.7,14.0,13.6,13.9
2011/11/03,13.8,14.0,13.8,13.8
2011/11/04,13.9,14.4,13.8,14.3
2011/11/07,14.4,14.8,14.4,14.5
2011/11/08,14.7,14.7,14.3,14.3
2011/11/09,14.3,14.5,14.2,14.3
2011/11/10,13.8,14.2,13.8,13.9
2011/11/11,13.9,14.1,13.8,14.1
2011/11/14,14.3,14.3,13.9,13.9
2011/11/15,13.9,14.0,13.8,13.9
2011/11/16,13.9,14.1,13.9,14.0
2011/11/17,14.0,14.0,13.9,14.0
2011/11/18,14.0,14.2,13.7,13.9
2011/11/21,13.9,14.0,13.0,13.1
2011/11/22,13.1,13.1,12.2,12.3
2011/11/23,12.2,12.3,12.0,12.0
2011/11/24,11.8,12.0,11.2,11.6
2011/11/25,11.7,11.9,11.6,11.7
2011/11/28,11.9,11.9,11.7,11.7
2011/11/29,11.9,12.1,11.8,11.9
2011/11/30,11.9,12.0,11.8,11.8
2011/12/01,11.9,12.1,11.9,12.0
2011/12/02,11.9,12.3,11.9,12.1
2011/12/05,12.1,12.3,12.0,12.1
2011/12/06,12.1,12.2,12.0,12.1
2011/12/07,12.1,12.2,12.0,12.1
2011/12/08,12.1,12.1,11.9,11.9
2011/12/09,11.8,11.9,11.8,11.8
2011/12/12,11.9,12.0,11.8,12.0
2011/12/13,11.8,11.9,11.8,11.9
2011/12/14,11.9,12.0,11.9,12.0
2011/12/15,12.0,12.0,11.9,12.0
2011/12/16,12.0,12.2,12.0,12.1
2011/12/19,12.1,12.1,11.7,11.7
2011/12/20,11.4,12.1,11.4,11.9
2011/12/21,12.1,12.4,12.1,12.3
2011/12/22,12.4,12.6,12.1,12.3
2011/12/23,12.4,12.9,12.3,12.8
2011/12/26,12.9,13.0,12.6,13.0
2011/12/27,13.0,13.1,12.7,12.7
2011/12/28,12.8,13.1,12.8,13.0
2011/12/29,12.9,13.3,12.9,13.2
2011/12/30,13.3,13.9,13.2,13.9
2012/01/02,14.1,14.1,14.1,14.1
2012/01/03,14.1,14.3,14.0,14.1
2012/01/04,14.2,14.3,14.0,14.0
2012/01/05,14.0,14.1,13.7,13.9
2012/01/06,13.9,13.9,13.6,13.6
2012/01/09,13.6,13.8,13.3,13.5
2012/01/10,13.5,13.9,13.5,13.5
2012/01/11,13.3,13.5,13.3,13.4
2012/01/12,13.3,13.4,13.1,13.2
2012/01/13,13.3,13.4,12.5,12.5
2012/01/16,12.8,12.8,12.4,12.6
2012/01/17,12.5,13.0,12.5,12.9
2012/01/18,13.1,13.3,12.7,12.7
2012/01/30,12.7,13.1,12.7,13.1
2012/01/31,13.2,14.0,13.2,14.0
2012/02/01,14.0,14.7,14.0,14.4
2012/02/02,14.7,14.9,14.1,14.4
2012/02/03,14.3,14.7,14.3,14.5
2012/02/06,14.8,14.9,14.4,14.4
2012/02/07,14.4,14.6,14.2,14.3
2012/02/08,14.4,15.2,14.4,15.1
2012/02/09,15.1,16.2,15.1,16.1
2012/02/10,16.6,16.6,15.7,15.7
2012/02/13,15.7,16.4,15.7,16.4
2012/02/14,16.6,16.7,16.1,16.1
2012/02/15,16.3,17.0,16.2,16.8
2012/02/16,16.8,16.8,15.8,16.0
2012/02/17,16.1,16.5,15.8,15.9
2012/02/20,15.9,16.5,15.9,16.4
2012/02/21,16.3,17.5,16.3,17.5
2012/02/22,17.6,18.3,17.5,17.7
2012/02/23,17.7,17.7,17.2,17.3
2012/02/24,17.6,17.6,16.9,16.9
2012/02/29,16.9,17.2,16.8,17.0
2012/03/01,16.8,17.5,16.8,17.3
2012/03/02,17.1,17.6,17.1,17.2
2012/03/05,17.2,18.0,17.2,17.5
2012/03/06,17.7,17.7,16.9,17.0
2012/03/07,16.9,17.6,16.8,17.0
2012/03/08,17.1,17.7,17.1,17.4
2012/03/09,17.8,17.9,17.6,17.8
2012/03/12,17.9,18.8,17.9,18.2
2012/03/13,18.5,18.5,17.9,18.1
2012/03/14,18.4,18.4,17.9,17.9
2012/03/15,18.1,18.2,17.9,18.1
2012/03/16,18.1,18.6,18.1,18.2
2012/03/19,18.2,18.4,18.0,18.2
2012/03/20,18.2,18.2,17.8,17.9
2012/03/21,17.9,18.0,17.6,17.6
2012/03/22,17.5,17.8,17.4,17.5
2012/03/23,17.6,17.6,17.2,17.3
2012/03/26,17.3,17.4,17.1,17.2
2012/03/27,17.2,17.6,17.2,17.5
2012/03/28,17.3,17.6,17.2,17.4
2012/03/29,17.3,17.3,16.3,16.5
2012/03/30,16.2,16.8,16.2,16.5
2012/04/02,16.5,16.7,16.3,16.4
2012/04/03,16.4,16.5,15.9,16.0
2012/04/05,16.0,16.0,15.4,15.9
2012/04/06,16.0,16.5,16.0,16.3
2012/04/09,16.0,16.3,15.9,16.1
2012/04/10,16.1,16.7,16.1,16.7
2012/04/11,16.5,17.7,16.5,17.3
2012/04/12,17.4,17.5,17.2,17.3
2012/04/13,17.3,17.8,17.3,17.6
2012/04/16,18.1,18.4,17.4,17.8
2012/04/17,17.8,17.9,17.1,17.1
2012/04/18,17.4,17.4,16.8,16.8
2012/04/19,16.8,17.4,16.6,16.8
2012/04/20,16.8,16.8,16.2,16.3
2012/04/23,16.7,16.7,16.1,16.2
2012/04/24,16.1,16.5,16.1,16.4
2012/04/25,16.4,16.5,16.2,16.3
2012/04/26,16.5,16.7,16.3,16.3
2012/04/27,16.3,16.7,16.2,16.3
2012/04/30,16.3,16.6,16.2,16.2
2012/05/02,16.5,16.8,16.3,16.6
2012/05/03,16.6,16.8,16.6,16.7
2012/05/04,16.7,17.5,16.7,17.5
2012/05/07,17.5,17.5,17.0,17.1
2012/05/08,16.9,17.2,16.9,17.1
2012/05/09,17.0,17.3,16.8,16.9
2012/05/10,16.7,16.8,16.7,16.8
2012/05/11,16.8,16.8,16.4,16.4
2012/05/14,16.4,16.6,16.4,16.6
2012/05/15,16.4,16.6,16.3,16.6
2012/05/16,16.5,16.5,16.1,16.2
2012/05/17,16.2,16.3,16.0,16.3
2012/05/18,16.1,16.1,15.2,15.2
2012/05/21,15.3,15.7,15.2,15.3
2012/05/22,15.6,16.3,15.6,15.9
2012/05/23,15.7,15.8,15.5,15.7
2012/05/24,15.9,16.1,15.4,15.7
2012/05/25,15.7,15.7,15.3,15.6
2012/05/28,15.6,15.8,15.0,15.8
2012/05/29,15.7,16.2,15.7,15.7
2012/05/30,15.7,15.7,15.4,15.6
2012/05/31,15.5,15.5,15.2,15.3
2012/06/01,15.4,15.7,15.3,15.4
2012/06/04,15.2,15.2,14.5,14.5
2012/06/05,14.5,15.0,14.5,14.7
2012/06/06,14.7,15.7,14.7,15.1
2012/06/07,15.2,15.3,14.9,14.9
2012/06/08,14.7,14.8,14.6,14.6
2012/06/11,14.7,14.9,14.5,14.6
2012/06/12,14.6,14.6,14.2,14.3
2012/06/13,14.5,14.8,14.5,14.5
2012/06/14,14.5,14.5,14.3,14.3
2012/06/15,14.3,14.4,14.2,14.3
2012/06/18,14.4,15.1,14.4,14.7
2012/06/19,14.9,14.9,14.7,14.7
2012/06/20,14.8,14.8,14.6,14.6
2012/06/21,14.6,14.8,14.5,14.6
2012/06/22,14.5,14.6,14.5,14.5
2012/06/25,14.6,14.7,14.5,14.5
2012/06/26,14.5,14.7,14.4,14.5
2012/06/27,14.5,14.7,14.5,14.5
2012/06/28,14.7,14.7,14.5,14.5
2012/06/29,14.5,14.7,14.4,14.7
2012/07/02,14.7,15.3,14.7,15.2
2012/07/03,15.4,15.6,15.3,15.6
2012/07/04,15.5,15.5,15.2,15.2
2012/07/05,15.2,15.3,15.1,15.1
2012/07/06,15.3,15.3,15.0,15.2
2012/07/09,14.9,15.0,14.9,15.0
2012/07/10,14.7,15.1,14.7,14.8
2012/07/11,14.8,14.8,14.7,14.8
2012/07/12,14.8,14.8,14.7,14.7
2012/07/13,14.7,14.7,14.6,14.7
2012/07/16,14.7,14.7,14.6,14.7
2012/07/17,14.7,14.7,14.6,14.7
2012/07/18,14.9,14.9,14.6,14.6
2012/07/19,14.7,14.7,14.6,14.6
2012/07/20,14.7,14.7,14.6,14.7
2012/07/23,14.6,14.6,14.5,14.6
2012/07/24,14.6,14.7,14.5,14.6
2012/07/25,14.6,14.7,14.6,14.7
2012/07/26,14.9,14.9,14.6,14.6
2012/07/27,14.7,14.8,14.7,14.8
2012/07/30,14.8,14.9,14.7,14.7
2012/07/31,14.7,14.8,14.7,14.7
2012/08/01,14.7,14.9,14.7,14.9
2012/08/03,14.8,14.8,14.6,14.7
2012/08/06,14.7,14.7,14.6,14.7
2012/08/07,14.7,14.8,14.5,14.5
2012/08/08,14.7,15.0,14.5,14.8
2012/08/09,15.0,15.1,14.8,14.9
2012/08/10,14.9,15.1,14.9,15.0
2012/08/13,15.1,15.1,14.9,14.9
2012/08/14,15.0,15.0,14.7,14.8
2012/08/15,14.8,14.8,14.7,14.7
2012/08/16,14.7,14.8,14.6,14.7
2012/08/17,14.8,14.8,14.6,14.7
2012/08/20,14.7,14.7,14.6,14.6
2012/08/21,14.8,15.6,14.7,15.6
2012/08/22,15.7,16.7,15.6,16.7
2012/08/23,17.2,17.6,16.8,17.1
2012/08/24,17.1,17.4,16.7,17.1
2012/08/27,17.1,17.3,16.6,16.7
2012/08/28,16.7,16.8,15.6,15.9
2012/08/29,15.9,15.9,15.6,15.6
2012/08/30,15.6,16.1,15.5,15.5
2012/08/31,15.9,15.9,15.3,15.5
2012/09/03,15.6,15.7,14.9,15.4
2012/09/04,15.4,15.8,15.4,15.5
2012/09/05,15.5,15.6,15.4,15.4
2012/09/06,15.4,15.4,15.3,15.3
2012/09/07,15.4,15.5,15.3,15.4
2012/09/10,15.4,16.0,15.4,15.7
2012/09/11,15.7,15.7,15.4,15.5
2012/09/12,15.6,15.6,15.4,15.5
2012/09/13,15.6,15.8,15.4,15.5
2012/09/14,15.7,15.7,15.3,15.4
2012/09/17,15.6,15.6,15.2,15.2
2012/09/18,15.3,15.3,15.2,15.2
2012/09/19,15.3,15.4,15.2,15.4
2012/09/20,15.4,15.4,15.0,15.0
2012/09/21,15.1,15.1,14.9,14.9
2012/09/24,14.9,15.1,14.8,14.8
2012/09/25,14.9,15.0,14.9,14.9
2012/09/26,14.9,15.2,14.9,15.0
2012/09/27,15.1,15.2,15.0,15.0
2012/09/28,15.0,15.1,14.9,15.1
2012/10/01,15.0,15.0,14.9,15.0
2012/10/02,15.0,15.2,14.9,15.1
2012/10/03,15.0,15.1,15.0,15.0
2012/10/04,15.0,15.0,14.9,14.9
2012/10/05,14.9,14.9,14.7,14.7
2012/10/08,14.7,14.7,14.5,14.5
2012/10/09,14.5,14.5,14.4,14.4
2012/10/11,14.3,14.3,13.7,13.7
2012/10/12,13.7,14.1,13.7,13.8
2012/10/15,13.8,13.8,13.6,13.7
2012/10/16,13.7,14.0,13.7,14.0
2012/10/17,14.0,14.0,13.8,13.8
2012/10/18,13.7,13.8,13.5,13.8
2012/10/19,13.7,13.8,13.6,13.7
2012/10/22,13.7,13.9,13.6,13.7
2012/10/23,13.9,13.9,13.7,13.7
2012/10/24,13.7,13.7,13.5,13.6
2012/10/25,13.6,13.6,13.2,13.2
2012/10/26,13.2,13.2,12.7,12.8
2012/10/29,12.8,13.1,12.5,12.7
2012/10/30,12.7,12.9,12.6,12.7
2012/10/31,12.7,13.0,12.7,12.8
2012/11/01,12.5,12.8,12.5,12.7
2012/11/02,12.9,12.9,12.7,12.7
2012/11/05,12.7,12.8,12.7,12.8
2012/11/06,12.8,12.8,12.4,12.4
2012/11/07,12.4,12.8,12.4,12.7
2012/11/08,12.7,13.6,12.6,13.6
2012/11/09,14.0,14.5,14.0,14.5
2012/11/12,14.7,14.8,14.3,14.3
2012/11/13,14.5,14.5,13.4,13.5
2012/11/14,13.5,13.9,13.4,13.5
2012/11/15,13.5,13.7,13.5,13.5
2012/11/16,13.7,13.9,13.6,13.8
2012/11/19,13.8,13.9,13.5,13.5
2012/11/20,13.6,13.6,13.1,13.2
2012/11/21,13.2,13.2,13.0,13.0
2012/11/22,13.0,13.5,12.9,13.0
2012/11/23,13.1,13.8,13.1,13.6
2012/11/26,13.9,14.0,13.4,13.5
2012/11/27,13.6,13.6,13.3,13.3
2012/11/28,13.7,14.3,13.7,14.3
2012/11/29,15.2,15.2,14.8,14.8
2012/11/30,14.8,14.8,14.2,14.3
2012/12/03,14.5,15.2,14.4,14.8
2012/12/04,14.8,15.0,14.8,15.0
2012/12/05,14.9,15.1,14.8,14.8
2012/12/06,14.8,15.0,14.5,14.7
2012/12/07,14.7,14.7,14.4,14.4
2012/12/10,14.4,14.7,14.4,14.5
2012/12/11,14.7,14.7,14.4,14.5
2012/12/12,14.5,14.7,14.5,14.6
2012/12/13,14.6,14.7,14.6,14.6
2012/12/14,14.5,14.9,14.5,14.8
2012/12/17,15.0,15.2,14.7,14.7
2012/12/18,14.8,14.8,14.6,14.6
2012/12/19,14.6,14.7,14.4,14.4
2012/12/20,14.6,14.6,14.3,14.3
2012/12/21,14.3,14.4,14.2,14.3
2012/12/24,14.3,14.3,14.0,14.1
2012/12/25,14.1,14.1,14.0,14.1
2012/12/26,14.0,14.1,14.0,14.0
2012/12/27,14.0,14.1,14.0,14.0
2012/12/28,14.0,14.3,14.0,14.0
2013/01/02,14.2,14.2,14.0,14.1
2013/01/03,14.2,15.1,14.1,14.7
2013/01/04,14.7,14.7,14.4,14.4
2013/01/07,14.5,14.5,14.3,14.4
2013/01/08,14.4,14.4,14.1,14.2
2013/01/09,14.2,14.3,14.1,14.1
2013/01/10,14.1,14.3,14.1,14.2
2013/01/11,14.3,14.3,14.2,14.3
2013/01/14,14.3,14.3,14.2,14.3
2013/01/15,14.3,14.3,14.1,14.1
2013/01/16,14.3,14.9,14.3,14.6
2013/01/17,14.5,14.8,14.2,14.2
2013/01/18,14.2,14.6,14.2,14.3
2013/01/21,14.3,14.4,14.3,14.3
2013/01/22,14.3,14.4,14.3,14.3
2013/01/23,14.3,14.4,14.3,14.3
2013/01/24,14.3,14.4,14.3,14.3
2013/01/25,14.3,14.4,14.3,14.4
2013/01/28,14.5,15.1,14.4,14.9
2013/01/29,15.1,15.2,14.8,14.9
2013/01/30,14.9,14.9,14.6,14.6
2013/01/31,14.6,14.7,14.5,14.5
2013/02/01,14.5,14.6,14.5,14.5
2013/02/04,14.7,14.7,14.5,14.5
2013/02/05,14.5,14.6,14.5,14.5
2013/02/06,14.5,14.6,14.3,14.5
2013/02/18,14.5,14.6,14.3,14.3
2013/02/19,14.5,14.7,14.5,14.6
2013/02/20,14.6,14.9,14.6,14.9
2013/02/21,14.8,14.9,14.6,14.8
2013/02/22,14.7,14.8,14.7,14.8
2013/02/25,14.8,14.9,14.7,14.9
2013/02/26,14.8,14.8,14.8,14.8
2013/02/27,14.8,14.9,14.8,14.9
2013/03/01,14.9,14.9,14.8,14.9
2013/03/04,14.9,14.9,14.8,14.8
2013/03/05,14.7,15.0,14.7,14.9
2013/03/06,15.0,15.0,14.8,14.8
2013/03/07,14.9,15.9,14.9,15.3
2013/03/08,15.4,15.4,15.1,15.1
2013/03/11,15.1,15.3,15.0,15.0
2013/03/12,15.2,15.2,15.0,15.0
2013/03/13,15.0,15.1,14.7,14.9
2013/03/14,14.9,14.9,14.7,14.8
2013/03/15,14.9,14.9,14.6,14.6
2013/03/18,14.6,14.6,14.4,14.4
2013/03/19,14.5,14.5,14.4,14.4
2013/03/20,14.4,14.6,14.4,14.6
2013/03/21,14.6,14.7,14.6,14.6
2013/03/22,14.6,14.6,14.5,14.6
2013/03/25,14.6,14.8,14.4,14.4
2013/03/26,14.5,14.6,14.4,14.5
2013/03/27,14.5,14.7,14.5,14.7
2013/03/28,14.7,14.8,14.5,14.6
2013/03/29,14.5,14.6,14.5,14.5
2013/04/01,14.5,14.5,14.4,14.4
2013/04/02,14.5,14.5,14.4,14.4
2013/04/03,14.4,14.5,14.4,14.4
2013/04/08,14.4,14.4,13.9,14.1
2013/04/09,14.1,14.1,13.7,13.9
2013/04/10,13.9,13.9,13.8,13.8
2013/04/11,13.9,14.2,13.8,13.9
2013/04/12,13.9,14.0,13.9,14.0
2013/04/15,14.0,14.1,13.8,13.9
2013/04/16,13.8,13.8,13.6,13.7
2013/04/17,13.7,13.9,13.7,13.7
2013/04/18,13.7,13.8,13.6,13.7
2013/04/19,13.7,14.6,13.6,14.3
2013/04/22,14.4,14.6,14.3,14.3
2013/04/23,14.4,14.5,14.3,14.4
2013/04/24,14.4,14.6,14.3,14.5
2013/04/25,14.4,14.4,14.3,14.3
2013/04/26,14.3,14.9,14.3,14.6
2013/04/29,14.6,14.7,14.6,14.6
2013/04/30,14.6,14.7,14.5,14.6
2013/05/02,14.5,14.6,14.5,14.6
2013/05/03,14.6,14.6,14.4,14.5
2013/05/06,14.6,14.6,14.4,14.5
2013/05/07,14.5,14.5,14.4,14.4
2013/05/08,14.5,14.7,14.3,14.4
2013/05/09,14.5,14.6,14.4,14.5
2013/05/10,14.9,15.5,14.9,14.9
2013/05/13,15.0,15.2,14.9,15.0
2013/05/14,15.1,15.1,14.7,14.7
2013/05/15,14.5,15.0,14.5,14.9
2013/05/16,15.0,15.2,14.9,14.9
2013/05/17,15.4,15.4,15.1,15.2
2013/05/20,15.4,15.4,15.2,15.3
2013/05/21,15.3,16.2,15.3,15.6
2013/05/22,15.7,16.7,15.6,16.3
2013/05/23,16.3,16.6,15.9,16.2
2013/05/24,16.3,16.4,16.0,16.3
2013/05/27,16.4,17.4,16.4,17.4
2013/05/28,17.9,18.2,17.6,17.6
2013/05/29,17.7,17.9,17.6,17.8
2013/05/30,17.7,17.8,17.6,17.8
2013/05/31,17.8,18.1,17.6,17.6
2013/06/03,17.4,17.7,17.3,17.7
2013/06/04,18.1,18.2,17.7,17.8
2013/06/05,17.8,17.8,17.5,17.6
2013/06/06,17.6,17.6,17.2,17.3
2013/06/07,17.2,17.3,16.7,16.8
2013/06/10,17.1,17.2,16.7,16.8
2013/06/11,17.1,17.1,16.7,16.7
2013/06/13,16.7,16.7,15.9,15.9
2013/06/14,16.2,16.3,15.9,16.1
2013/06/17,16.1,17.1,16.1,17.1
2013/06/18,17.1,17.4,16.7,17.1
2013/06/19,17.1,17.3,16.8,16.9
2013/06/20,16.7,16.8,16.6,16.7
2013/06/21,16.5,16.6,16.3,16.6
2013/06/24,16.7,17.0,16.7,16.8
2013/06/25,16.7,16.9,16.7,16.7
2013/06/26,16.8,17.4,16.8,17.2
2013/06/27,17.4,17.7,17.3,17.3
2013/06/28,17.4,17.4,17.1,17.2
2013/07/01,17.3,17.7,17.3,17.7
2013/07/02,18.0,18.0,17.6,17.6
2013/07/03,17.6,17.6,17.3,17.6
2013/07/04,17.6,17.6,17.3,17.5
2013/07/05,17.6,17.6,17.4,17.6
2013/07/08,18.4,18.7,18.1,18.1
2013/07/09,18.1,18.2,18.0,18.0
2013/07/10,18.6,18.8,18.2,18.2
2013/07/11,18.3,18.5,17.7,17.7
2013/07/12,17.9,18.3,17.9,18.2
2013/07/15,18.5,18.9,18.2,18.9
2013/07/16,19.1,19.2,18.8,18.8
2013/07/17,18.9,19.1,18.5,19.0
2013/07/18,19.0,19.1,18.9,18.9
2013/07/19,18.9,19.0,18.6,18.7
2013/07/22,18.7,18.9,18.6,18.6
2013/07/23,18.8,18.8,18.6,18.8
2013/07/24,18.8,19.0,18.7,19.0
2013/07/25,19.1,20.3,19.1,20.3
2013/07/26,20.6,21.7,20.2,21.1
2013/07/29,21.0,22.6,20.9,22.5
2013/07/30,22.7,23.8,22.6,23.0
2013/07/31,23.1,24.1,21.6,22.2
2013/08/01,22.2,23.8,22.2,23.8
2013/08/02,23.9,25.0,23.9,24.0
2013/08/05,24.0,24.2,23.2,23.8
2013/08/06,23.6,24.7,23.5,24.5
2013/08/07,24.5,24.6,23.8,24.1
2013/08/08,24.2,25.7,24.2,25.2
2013/08/09,25.7,25.8,24.7,24.8
2013/08/12,24.6,25.2,24.3,24.7
2013/08/13,25.0,25.0,24.5,24.5
2013/08/14,25.0,25.1,24.4,25.1
2013/08/15,25.1,25.8,24.7,25.1
2013/08/16,25.0,25.7,24.7,25.5
2013/08/19,25.8,26.3,25.6,26.3
2013/08/20,26.4,26.8,26.1,26.6
2013/08/22,26.3,27.4,26.3,26.9
2013/08/23,27.0,27.1,26.5,26.6
2013/08/26,26.7,26.7,26.4,26.5
2013/08/27,26.5,26.5,24.7,24.8
2013/08/28,24.5,25.3,24.2,25.0
2013/08/29,24.5,25.0,24.5,24.8
2013/08/30,24.9,26.0,24.7,25.8
2013/09/02,25.9,26.0,25.1,25.4
2013/09/03,25.4,26.3,25.3,26.0
2013/09/04,26.0,26.3,25.7,26.0
2013/09/05,26.0,26.2,25.8,26.0
2013/09/06,26.3,26.6,26.0,26.4
2013/09/09,26.4,26.4,25.8,25.9
2013/09/10,26.4,26.5,25.4,25.5
2013/09/11,25.5,25.5,25.0,25.2
2013/09/12,25.0,25.6,24.8,25.4
2013/09/13,25.0,25.7,25.0,25.4
2013/09/16,25.5,25.6,25.3,25.5
2013/09/17,25.9,25.9,25.5,25.5
2013/09/18,25.6,25.7,25.4,25.5
2013/09/23,25.5,25.5,25.3,25.4
2013/09/24,25.4,25.4,25.2,25.4
2013/09/25,25.4,26.5,25.3,25.7
2013/09/26,25.8,25.9,25.5,25.7
2013/09/27,25.7,26.0,25.4,25.5
2013/09/30,25.5,25.5,25.2,25.3
2013/10/01,25.3,26.0,25.3,25.5
2013/10/02,25.8,27.2,25.6,27.2
2013/10/03,28.1,29.1,28.1,29.1
2013/10/04,29.4,30.8,29.4,29.8
2013/10/07,30.1,30.1,28.8,28.8
2013/10/08,28.7,29.6,28.7,29.2
2013/10/09,29.3,29.5,28.7,28.8
2013/10/11,29.3,29.3,28.0,28.2
2013/10/14,28.2,28.3,27.3,27.3
2013/10/15,27.4,28.3,27.4,28.3
2013/10/16,28.3,28.6,27.9,28.0
2013/10/17,28.8,29.7,28.4,29.6
2013/10/18,29.6,31.0,29.3,29.3
2013/10/21,29.3,30.4,28.7,29.9
2013/10/22,30.9,31.9,30.8,31.9
2013/10/23,32.6,32.8,31.8,32.1
2013/10/24,31.8,33.1,31.1,32.8
2013/10/25,33.2,33.8,32.5,32.8
2013/10/28,33.1,33.2,31.3,31.8
2013/10/29,31.8,33.2,31.6,32.0
2013/10/30,32.3,32.3,31.7,31.9
2013/10/31,31.8,31.9,31.0,31.0
2013/11/01,31.0,31.6,30.4,31.6
2013/11/04,31.8,31.8,30.9,31.0
2013/11/05,31.0,31.3,30.2,30.5
2013/11/06,30.5,31.0,29.5,30.5
2013/11/07,30.8,31.8,30.6,31.3
2013/11/08,31.2,31.2,30.4,30.7
2013/11/11,30.8,31.1,30.1,31.0
2013/11/12,30.5,30.7,28.8,28.8
2013/11/13,26.9,28.4,26.8,27.6
2013/11/14,27.4,28.0,26.8,27.4
2013/11/15,27.9,29.3,27.7,28.5
2013/11/18,28.4,28.8,28.3,28.6
2013/11/19,28.8,29.2,28.5,29.1
2013/11/20,29.2,30.6,29.2,29.5
2013/11/21,29.4,29.5,28.8,29.1
2013/11/22,29.1,29.6,29.1,29.2
2013/11/25,29.8,29.8,29.2,29.2
2013/11/26,29.2,29.5,28.9,29.2
2013/11/27,29.4,29.4,28.7,29.0
2013/11/28,29.0,29.2,28.4,28.5
2013/11/29,28.7,28.8,28.4,28.5
2013/12/02,28.5,28.6,28.3,28.6
2013/12/03,28.6,30.0,28.6,30.0
2013/12/04,30.0,30.3,29.7,29.7
2013/12/05,29.7,29.7,29.1,29.1
2013/12/06,29.9,29.9,29.0,29.0
2013/12/09,28.5,28.6,27.5,28.2
2013/12/10,28.2,28.5,27.6,27.9
2013/12/11,27.9,27.9,26.6,27.6
2013/12/12,27.6,28.6,27.6,28.5
2013/12/13,28.6,29.5,28.6,28.7
2013/12/16,28.8,28.9,28.4,28.5
2013/12/17,28.5,28.8,28.5,28.7
2013/12/18,28.7,29.0,28.7,29.0
2013/12/19,29.1,29.2,28.6,28.7
2013/12/20,28.8,29.1,28.6,28.9
2013/12/23,28.9,29.1,28.7,28.8
2013/12/24,28.8,29.4,28.8,29.3
2013/12/25,29.4,30.7,29.4,29.9
2013/12/26,30.2,30.3,29.8,29.8
2013/12/27,29.9,30.2,29.6,30.2
2013/12/30,30.2,30.2,29.5,29.6
2013/12/31,29.6,29.9,28.9,28.9
2014/01/02,29.0,29.0,28.4,28.8
2014/01/03,28.8,28.8,28.3,28.4
2014/01/06,28.5,28.6,28.4,28.5
2014/01/07,28.5,29.1,28.5,28.6
2014/01/08,28.4,29.8,28.4,29.3
2014/01/09,29.4,30.0,28.9,28.9
2014/01/10,29.2,29.3,28.6,29.1
2014/01/13,29.2,29.6,29.1,29.2
2014/01/14,29.3,29.9,29.1,29.3
2014/01/15,29.5,29.5,29.3,29.3
2014/01/16,29.4,29.8,29.0,29.2
2014/01/17,29.2,29.2,28.9,29.1
2014/01/20,29.2,29.5,29.2,29.5
2014/01/21,29.7,29.8,29.5,29.7
2014/01/22,29.9,29.9,29.6,29.8
2014/01/23,29.9,29.9,29.4,29.5
2014/01/24,29.5,29.7,29.3,29.5
2014/01/27,29.1,29.8,29.1,29.8
2014/02/05,29.3,31.9,29.3,31.9
2014/02/06,33.0,34.1,32.4,34.1
2014/02/07,34.8,35.6,34.0,34.8
2014/02/10,34.8,37.2,34.4,37.2
2014/02/11,36.7,38.6,35.8,37.6
2014/02/12,37.6,38.3,37.1,37.8
2014/02/13,37.8,37.8,36.4,36.4
2014/02/14,36.9,37.6,35.7,36.0
2014/02/17,36.0,38.5,36.0,38.4
2014/02/18,38.4,39.2,38.0,38.0
2014/02/19,38.5,39.4,38.1,38.1
2014/02/20,38.9,38.9,37.8,38.1
2014/02/21,38.4,39.1,38.0,38.1
2014/02/24,38.2,39.3,38.1,38.5
2014/02/25,38.8,39.5,38.2,39.0
2014/02/26,39.1,41.7,39.1,41.7
2014/02/27,42.2,42.9,40.7,42.1
2014/03/03,42.6,45.1,42.2,44.9
2014/03/04,45.1,47.1,45.1,46.6
2014/03/05,47.2,47.2,45.8,46.5
2014/03/06,46.8,47.5,45.9,46.3
2014/03/07,46.5,49.6,46.3,46.4
2014/03/10,46.6,48.1,46.0,47.3
2014/03/11,47.4,49.5,47.4,49.1
2014/03/12,49.6,49.9,48.5,49.0
2014/03/13,49.0,50.1,48.7,49.9
2014/03/14,50.0,51.9,49.2,51.0
2014/03/17,51.1,51.4,50.4,51.1
2014/03/18,51.7,51.7,48.0,48.3
2014/03/19,48.7,49.6,48.4,48.9
2014/03/20,50.4,51.6,49.4,50.9
2014/03/21,51.9,54.5,51.9,53.4
2014/03/24,53.9,54.5,51.9,53.9
2014/03/25,53.9,57.6,53.9,57.6
2014/03/26,58.6,59.1,56.4,56.8
2014/03/27,56.4,58.3,55.9,56.1
2014/03/28,56.2,58.0,54.6,55.5
2014/03/31,59.4,59.4,59.3,59.4
2014/04/01,60.2,62.4,59.9,61.1
2014/04/02,61.8,62.7,60.3,61.3
2014/04/03,61.4,62.2,60.7,62.0
2014/04/07,61.3,61.3,57.7,59.5
2014/04/08,58.1,59.7,56.3,57.5
2014/04/09,57.8,58.6,57.3,58.3
2014/04/10,58.5,62.3,58.3,62.3
2014/04/11,62.3,62.8,59.7,60.7
2014/04/14,60.2,60.7,56.5,57.3
2014/04/15,57.7,58.4,55.3,57.4
2014/04/16,57.6,57.8,56.5,56.9
2014/04/17,57.0,58.4,56.6,56.7
2014/04/18,56.9,57.1,53.3,54.4
2014/04/21,54.4,55.8,53.7,55.8
2014/04/22,55.8,58.6,55.4,56.7
2014/04/23,57.1,57.5,54.4,54.4
2014/04/24,54.5,54.9,52.7,53.9
2014/04/25,54.3,55.8,50.1,50.6
2014/04/28,48.6,54.2,48.6,53.8
2014/04/29,53.8,55.8,53.8,53.9
2014/04/30,54.1,54.5,52.4,53.0
2014/05/02,53.0,56.6,53.0,55.9
2014/05/05,56.7,57.8,55.9,56.8
2014/05/06,56.7,57.4,55.7,56.0
2014/05/07,55.7,58.1,55.4,56.6
2014/05/08,56.8,57.1,54.5,54.7
2014/05/09,54.7,55.0,53.5,54.2
2014/05/12,54.0,54.6,50.4,50.4
2014/05/13,50.4,51.1,48.1,50.4
2014/05/14,50.5,51.0,49.6,50.4
2014/05/15,50.7,52.1,50.0,51.4
2014/05/16,51.0,52.1,50.5,51.5
2014/05/19,51.9,51.9,50.7,51.6
2014/05/20,51.7,52.0,51.1,51.1
2014/05/21,51.1,52.9,50.5,52.4
2014/05/22,52.6,56.0,52.1,56.0
2014/05/23,56.8,59.0,56.1,57.9
2014/05/26,59.6,61.9,58.3,61.4
2014/05/27,61.6,62.7,59.4,61.2
2014/05/28,61.9,62.6,60.8,61.1
2014/05/29,62.2,65.3,61.2,62.9
2014/05/30,62.3,62.7,61.0,61.2
2014/06/03,61.7,62.4,59.8,61.7
2014/06/04,62.2,65.8,62.0,62.7
2014/06/05,62.7,64.5,62.7,62.8
2014/06/06,62.9,66.9,62.9,66.2
2014/06/09,67.5,68.1,64.6,66.3
2014/06/10,66.3,67.4,62.1,62.7
2014/06/11,62.8,63.7,62.1,62.7
2014/06/12,62.7,64.2,62.1,62.4
2014/06/13,62.4,62.4,60.0,61.3
2014/06/16,61.5,61.9,60.2,60.6
2014/06/17,60.6,60.7,57.7,59.1
2014/06/18,59.3,62.5,58.6,60.2
2014/06/19,59.7,61.2,59.5,60.1
2014/06/20,60.4,61.4,60.3,60.5
2014/06/23,60.7,60.7,57.6,57.7
2014/06/24,57.5,57.7,55.3,55.8
2014/06/25,55.8,59.6,55.6,59.6
2014/06/26,60.7,61.5,60.1,60.2
2014/06/27,60.5,61.1,59.8,59.8
2014/06/30,60.3,60.9,60.1,60.5
2014/07/01,60.7,61.5,60.5,61.0
2014/07/02,61.2,61.9,58.5,59.0
2014/07/03,59.7,60.3,59.4,59.6
2014/07/04,60.6,61.5,59.5,60.7
2014/07/07,60.9,64.2,60.7,62.5
2014/07/08,64.6,64.6,60.9,61.0
2014/07/09,61.3,62.2,60.7,60.7
2014/07/10,60.8,61.2,59.6,59.9
2014/07/11,59.9,60.5,55.8,57.3
2014/07/14,57.3,58.9,56.2,58.8
2014/07/15,59.0,59.0,57.3,57.5
2014/07/16,57.3,57.7,56.2,56.6
2014/07/17,56.2,58.0,56.1,57.6
2014/07/18,52.5,52.5,52.5,52.5
2014/07/21,48.8,50.7,48.8,50.4
2014/07/22,48.5,49.6,48.5,49.0
2014/07/24,49.8,52.4,49.4,52.4
2014/07/25,52.4,52.4,51.0,51.1
2014/07/28,50.8,50.8,49.6,49.9
2014/07/29,49.9,51.4,46.4,47.0
2014/07/30,47.9,47.9,43.7,46.5
2014/07/31,46.5,48.4,44.8,48.4
2014/08/01,47.5,49.7,46.6,48.3
2014/08/04,48.6,49.5,47.4,48.3
2014/08/05,47.8,48.8,47.8,48.3
2014/08/06,48.4,48.5,46.3,48.4
2014/08/07,48.3,48.3,46.5,46.7
2014/08/08,46.5,47.5,45.9,46.7
2014/08/11,47.2,48.2,46.9,47.5
2014/08/12,47.5,47.5,46.4,46.8
2014/08/13,45.5,47.5,45.5,46.7
2014/08/14,46.7,47.3,46.5,46.5
2014/08/15,46.1,46.5,45.4,45.9
2014/08/18,45.9,45.9,43.8,44.3
2014/08/19,44.4,45.8,44.4,45.2
2014/08/20,45.4,45.4,44.2,44.4
2014/08/21,44.6,44.6,43.3,44.0
2014/08/22,44.2,47.0,44.2,47.0
2014/08/25,47.0,47.4,46.5,46.9
2014/08/26,47.1,48.5,47.0,47.4
2014/08/27,48.4,50.0,48.3,48.6
2014/08/28,48.7,49.1,48.1,48.2
2014/08/29,48.1,48.1,47.1,47.9
2014/09/01,48.0,48.7,47.2,47.2
2014/09/02,47.2,47.5,45.8,46.1
2014/09/03,46.0,46.3,44.8,45.1
2014/09/04,45.1,45.2,43.7,43.9
2014/09/05,44.0,44.8,43.8,44.1
2014/09/09,44.1,44.4,43.5,43.6
2014/09/10,43.6,43.6,40.6,41.2
2014/09/11,41.4,41.4,39.3,40.6
2014/09/12,40.6,41.6,40.6,40.9
2014/09/15,40.9,40.9,39.6,40.0
2014/09/16,40.0,40.0,38.8,39.4
2014/09/17,39.9,40.9,39.4,39.5
2014/09/18,39.7,40.5,39.2,39.6
2014/09/19,39.8,40.0,38.9,39.2
2014/09/22,39.2,39.8,39.1,39.5
2014/09/23,39.5,39.9,39.2,39.2
2014/09/24,39.5,41.0,39.5,41.0
2014/09/25,41.4,41.5,40.0,40.5
2014/09/26,40.2,41.4,39.9,40.6
2014/09/29,40.8,42.3,40.8,41.8
2014/09/30,41.7,43.9,41.4,43.9
2014/10/01,43.5,43.6,42.6,42.6
2014/10/02,42.0,42.4,41.6,42.0
2014/10/03,42.0,42.6,41.9,42.0
2014/10/06,42.5,42.5,40.6,41.0
2014/10/07,40.8,41.4,40.6,40.7
2014/10/08,40.6,40.9,39.4,39.5
2014/10/09,40.2,40.2,38.2,39.1
2014/10/13,37.9,37.9,36.4,36.4
2014/10/14,36.9,37.0,35.8,36.6
2014/10/15,36.6,36.9,35.3,35.4
2014/10/16,34.8,35.0,33.0,34.0
2014/10/17,34.1,34.5,31.7,31.7
2014/10/20,32.4,32.5,30.5,31.4
2014/10/21,31.4,32.3,31.1,31.3
2014/10/22,32.1,32.1,31.0,31.0
2014/10/23,31.3,31.8,31.1,31.3
2014/10/24,31.3,31.5,29.9,30.3
2014/10/27,30.7,30.8,29.7,30.1
2014/10/28,30.4,31.3,30.1,30.9
2014/10/29,31.2,32.0,31.2,31.5
2014/10/30,31.5,32.2,31.2,32.1
2014/10/31,32.2,34.3,32.1,34.3
2014/11/03,34.8,36.7,34.8,36.7
2014/11/04,36.9,38.4,36.0,36.0
2014/11/05,36.2,36.2,34.8,34.8
2014/11/06,34.8,35.3,34.6,35.1
2014/11/07,35.3,36.3,34.1,34.6
2014/11/10,34.7,35.8,34.7,35.6
2014/11/11,35.8,38.1,35.8,38.1
2014/11/12,38.2,39.2,37.4,38.3
2014/11/13,38.3,38.6,37.6,37.8
2014/11/14,37.7,38.5,37.4,38.1
2014/11/17,38.2,38.2,36.6,36.6
2014/11/18,36.7,37.1,34.5,35.0
2014/11/19,35.5,36.5,34.9,36.4
2014/11/20,35.8,37.4,35.8,37.4
2014/11/21,37.5,37.6,36.8,37.2
2014/11/24,37.3,38.2,37.3,37.6
2014/11/25,37.7,38.2,37.2,37.5
2014/11/26,37.8,40.1,37.8,40.1
2014/11/27,40.5,40.8,39.5,40.8
2014/11/28,40.8,41.8,40.0,41.8
2014/12/01,40.8,42.6,40.5,41.9
2014/12/02,41.6,41.6,40.3,40.3
2014/12/03,40.8,41.4,40.6,40.7
2014/12/04,42.5,42.5,40.7,41.4
2014/12/05,41.4,41.4,40.8,41.0
2014/12/08,41.3,43.4,41.0,42.2
2014/12/09,42.2,42.4,41.0,41.0
2014/12/10,40.9,40.9,39.8,40.1
2014/12/11,40.1,40.2,39.4,39.4
2014/12/12,39.5,41.0,39.5,40.0
2014/12/15,39.9,40.6,39.8,40.3
2014/12/16,40.3,40.5,39.9,39.9
2014/12/17,39.9,40.2,38.3,38.6
2014/12/18,38.8,39.6,38.7,38.7
2014/12/19,39.2,39.6,37.8,38.2
2014/12/22,38.3,39.1,38.2,38.8
2014/12/23,39.1,40.4,39.1,39.6
2014/12/24,39.8,40.8,39.8,39.9
2014/12/25,40.2,40.2,39.2,39.2
2014/12/26,39.4,39.7,39.2,39.7
2014/12/29,40.9,40.9,39.7,39.7
2014/12/30,39.7,39.9,39.2,39.3
2014/12/31,39.3,40.1,39.2,40.1
2015/01/05,40.6,42.6,40.6,41.4
2015/01/06,41.5,41.7,40.8,41.0
2015/01/07,41.0,43.5,41.0,42.8
2015/01/08,43.6,43.9,42.1,42.2
2015/01/09,42.2,42.6,41.8,42.4
2015/01/12,42.4,42.8,41.5,41.5
2015/01/13,41.1,41.8,40.9,41.0
2015/01/14,41.0,41.2,40.3,40.6
2015/01/15,40.5,40.6,39.8,40.0
2015/01/16,40.0,40.5,39.9,40.1
2015/01/19,40.2,40.6,40.0,40.0
2015/01/20,40.1,40.9,40.1,40.4
2015/01/21,40.4,40.4,40.1,40.1
2015/01/22,40.0,40.9,40.0,40.8
2015/01/23,40.8,42.5,40.8,41.8
2015/01/26,42.1,44.7,42.1,44.7
2015/01/27,45.4,46.5,43.7,44.0
2015/01/28,44.0,44.7,43.6,43.9
2015/01/29,43.7,45.1,43.5,44.1
2015/01/30,44.7,44.7,43.3,44.2
2015/02/02,44.2,44.8,43.6,43.6
2015/02/03,43.8,44.3,43.6,43.6
2015/02/04,44.1,45.4,43.6,44.7
2015/02/05,44.7,44.9,44.0,44.7
2015/02/06,44.9,44.9,44.2,44.5
2015/02/09,44.5,45.2,44.5,44.6
2015/02/10,44.6,44.6,43.3,43.6
2015/02/11,43.6,44.6,43.6,44.3
2015/02/12,44.3,44.3,43.7,43.9
2015/02/13,44.4,44.4,44.0,44.1
2015/02/24,45.1,47.2,44.7,47.2
2015/02/25,47.2,47.6,46.6,47.4
2015/02/26,47.4,49.5,47.3,48.8
2015/03/02,49.8,50.1,48.9,49.1
2015/03/03,49.5,51.3,49.4,50.9
2015/03/04,50.9,52.3,50.7,52.0
2015/03/05,52.5,52.6,50.4,51.4
2015/03/06,51.4,52.9,51.0,52.0
2015/03/09,52.9,55.6,52.6,54.7
2015/03/10,54.5,55.8,53.4,55.0
2015/03/11,55.0,57.4,54.6,56.7
2015/03/12,57.2,57.6,56.3,56.7
2015/03/13,56.7,57.6,56.3,56.4
2015/03/16,56.4,56.7,54.7,54.9
2015/03/17,55.3,55.7,52.8,52.8
2015/03/18,52.8,55.3,52.8,55.0
2015/03/19,55.3,56.1,54.4,54.6
2015/03/20,55.0,56.6,54.7,56.2
2015/03/23,56.7,58.7,55.2,55.4
2015/03/24,55.3,56.1,54.5,55.4
2015/03/25,55.1,55.6,54.2,54.3
2015/03/26,54.3,55.1,53.7,54.5
2015/03/27,55.0,55.2,53.8,54.9
2015/03/30,54.7,55.0,54.0,54.9
2015/03/31,55.2,56.6,55.1,55.9
2015/04/01,55.8,56.2,55.1,55.4
2015/04/02,56.1,56.1,54.6,55.2
2015/04/07,55.5,57.3,55.4,56.6
2015/04/08,56.6,56.6,55.5,55.8
2015/04/09,55.8,56.7,54.7,54.7
2015/04/10,55.1,55.1,54.4,54.8
2015/04/13,55.1,55.1,54.7,55.0
2015/04/14,55.0,55.3,54.9,55.0
2015/04/15,55.2,56.2,55.2,56.1
2015/04/16,56.8,60.0,56.3,60.0
2015/04/17,61.3,64.2,60.3,62.9
2015/04/20,63.7,65.0,62.5,62.9
2015/04/21,62.9,64.4,58.8,61.2
2015/04/22,61.7,62.1,60.6,61.9
2015/04/23,62.4,64.5,62.2,63.6
2015/04/24,63.7,64.1,62.2,62.6
2015/04/27,62.7,63.0,61.2,62.1
2015/04/28,62.5,64.2,62.5,63.4
2015/04/29,63.4,65.6,62.3,65.6
2015/04/30,65.6,65.8,64.5,64.8
2015/05/04,64.8,64.8,62.0,62.5
2015/05/05,62.5,63.0,58.8,59.5
2015/05/06,59.7,61.9,59.6,60.7
2015/05/07,60.6,60.6,56.5,57.2
2015/05/08,57.8,58.6,54.4,54.9
2015/05/11,56.0,56.0,51.0,51.0
2015/05/12,51.0,54.6,48.1,54.6
2015/05/13,54.8,56.2,53.4,55.6
2015/05/14,55.8,55.8,53.9,54.0
2015/05/15,54.1,54.5,50.2,51.1
2015/05/18,51.5,52.7,50.2,51.3
2015/05/19,51.2,53.1,51.2,52.9
2015/05/20,52.9,54.9,52.5,54.0
2015/05/21,53.4,54.8,53.4,53.6
2015/05/22,53.9,54.7,52.9,53.4
2015/05/25,53.4,54.3,52.9,53.4
2015/05/26,53.4,56.0,53.4,55.1
2015/05/27,54.9,56.3,54.7,56.2
2015/05/28,56.8,58.5,56.4,57.8
2015/05/29,58.0,60.1,57.8,59.5
2015/06/01,59.6,61.1,59.2,59.7
2015/06/02,59.7,60.7,58.8,59.1
2015/06/03,59.6,60.5,59.3,59.6
2015/06/04,59.7,60.7,53.7,54.9
2015/06/05,54.5,56.8,54.4,56.8
2015/06/08,56.8,58.7,54.8,57.8
2015/06/09,58.0,58.4,52.2,52.8
2015/06/10,53.2,54.5,52.9,52.9
2015/06/11,53.9,53.9,51.7,52.3
2015/06/12,52.0,53.5,51.9,52.7
2015/06/15,52.7,53.4,52.1,52.2
2015/06/16,52.6,52.6,48.9,49.7
2015/06/17,50.1,50.8,48.4,50.2
2015/06/18,51.0,51.5,50.1,50.4
2015/06/22,51.1,51.2,49.8,50.2
2015/06/23,50.0,50.0,48.4,48.8
2015/06/24,48.7,48.7,44.7,45.2
2015/06/25,45.5,46.9,45.5,46.4
2015/06/26,46.9,47.3,46.5,47.1
2015/06/29,45.2,45.6,44.8,45.2
2015/06/30,45.2,49.6,45.2,49.6
2015/07/01,50.2,51.4,49.6,50.8
2015/07/02,51.4,51.4,49.7,50.0
2015/07/03,50.2,51.0,49.7,50.2
2015/07/06,49.7,50.8,49.6,50.2
2015/07/07,50.2,50.9,49.9,50.3
2015/07/08,50.3,50.4,46.8,48.4
2015/07/09,46.1,48.6,45.6,47.7
2015/07/13,48.6,48.9,47.9,48.1
2015/07/14,48.6,49.0,47.9,47.9
2015/07/15,48.1,48.2,45.0,45.0
2015/07/16,45.0,46.5,42.9,45.7
2015/07/17,46.2,46.2,45.0,45.4
2015/07/20,45.2,45.4,44.0,44.3
2015/07/21,44.0,44.1,42.9,43.3
2015/07/22,42.7,43.1,40.3,41.0
2015/07/23,40.5,41.6,39.5,41.6
2015/07/24,41.6,41.6,40.2,40.4
2015/07/27,39.6,40.2,38.3,38.4
2015/07/28,38.2,40.5,38.1,40.2
2015/07/29,40.2,41.2,39.2,39.5
2015/07/30,39.8,40.9,39.5,40.4
2015/07/31,40.4,40.4,38.9,39.9
2015/08/03,39.9,40.1,38.9,39.2
2015/08/04,39.4,39.9,37.3,37.9
2015/08/05,38.0,40.0,38.0,39.7
2015/08/06,40.6,40.6,38.6,39.2
2015/08/07,38.6,39.1,37.3,37.9
2015/08/10,38.4,39.1,37.8,38.8
2015/08/11,38.9,40.6,38.9,40.1
2015/08/12,39.6,39.7,38.7,39.1
2015/08/13,39.1,39.7,38.7,39.5
2015/08/14,39.5,39.9,39.3,39.6
2015/08/17,39.8,39.8,39.1,39.2
2015/08/18,39.2,39.5,38.7,38.8
2015/08/19,38.9,38.9,36.8,37.7
2015/08/20,37.6,38.2,37.5,37.7
2015/08/21,37.3,37.3,36.7,36.8
2015/08/24,35.6,35.6,33.1,33.1
2015/08/25,31.0,33.5,31.0,32.7
2015/08/26,32.3,33.8,32.2,33.6
2015/08/27,34.1,36.8,34.1,35.5
2015/08/28,36.9,38.1,36.0,37.7
2015/08/31,37.7,38.6,37.2,38.1
2015/09/01,38.1,38.6,37.3,37.9
2015/09/02,37.1,38.1,37.1,38.1
2015/09/03,38.3,40.4,38.2,39.9
2015/09/04,40.7,41.1,38.7,38.8
2015/09/07,38.8,38.8,37.8,37.9
2015/09/08,37.7,38.8,37.7,38.3
2015/09/09,37.3,38.7,37.3,38.7
2015/09/10,38.0,38.2,37.8,37.8
2015/09/11,37.8,38.2,37.7,37.8
2015/09/14,37.9,38.2,36.8,37.0
2015/09/15,37.0,37.9,35.9,37.9
2015/09/16,37.9,38.3,37.5,37.9
2015/09/17,37.8,38.0,37.4,37.4
2015/09/18,37.8,38.0,37.5,38.0
2015/09/21,37.5,37.8,36.7,37.2
2015/09/22,37.2,37.4,37.0,37.2
2015/09/23,36.9,37.2,36.2,36.2
2015/09/24,36.7,36.7,34.1,34.4
2015/09/25,34.3,36.8,32.8,36.8
2015/09/30,35.8,35.9,35.5,35.6
2015/10/01,36.0,36.8,35.6,36.8
2015/10/02,36.9,37.6,36.7,37.0
2015/10/05,37.3,37.5,37.1,37.3
2015/10/06,37.7,38.2,37.5,37.9
2015/10/07,38.2,39.9,38.2,39.0
2015/10/08,39.2,39.4,36.7,37.5
2015/10/12,36.9,37.9,36.7,37.4
2015/10/13,37.2,37.6,36.1,36.2
2015/10/14,36.3,36.6,35.5,36.1
2015/10/15,36.2,38.7,36.2,38.7
2015/10/16,39.7,39.8,37.9,38.0
2015/10/19,37.7,37.9,36.7,36.8
2015/10/20,36.8,37.4,36.3,37.1
2015/10/21,37.3,37.4,36.5,36.6
2015/10/22,36.9,37.9,36.7,37.5
2015/10/23,37.7,38.2,37.3,37.9
2015/10/26,38.3,38.3,37.5,37.5
2015/10/27,37.7,38.2,37.5,37.7
2015/10/28,37.7,38.2,37.3,37.3
2015/10/29,37.7,37.7,36.7,36.7
2015/10/30,37.1,37.1,35.8,36.3
2015/11/02,35.9,37.0,35.9,36.7
2015/11/03,36.8,37.1,36.4,36.7
2015/11/04,37.0,37.0,36.4,36.4
2015/11/05,36.4,37.5,36.4,36.7
2015/11/06,37.2,37.3,36.6,36.9
2015/11/09,37.7,40.5,37.5,38.1
2015/11/10,38.7,40.0,38.6,39.8
2015/11/11,40.5,40.8,39.2,39.2
2015/11/12,40.4,40.4,38.2,38.5
2015/11/13,38.6,39.5,38.4,39.0
2015/11/16,38.3,41.0,38.3,40.8
2015/11/17,42.2,43.0,41.0,41.0
2015/11/18,41.5,41.9,40.3,41.5
2015/11/19,42.1,42.1,40.9,40.9
2015/11/20,41.4,41.9,40.5,40.5
2015/11/23,40.8,40.8,40.3,40.4
2015/11/24,39.8,40.5,38.9,39.1
2015/11/25,39.2,39.8,39.2,39.7
2015/11/26,40.2,41.1,39.9,40.9
2015/11/27,40.9,42.1,40.7,41.2
2015/11/30,41.1,41.2,40.5,40.9
2015/12/01,41.0,41.8,41.0,41.2
2015/12/02,41.3,41.7,41.3,41.3
2015/12/03,41.4,41.8,40.9,40.9
2015/12/04,41.0,41.2,40.7,40.8
2015/12/07,41.0,42.8,41.0,42.7
2015/12/08,42.9,44.5,42.4,42.6
2015/12/09,42.5,42.6,40.5,40.9
2015/12/10,41.2,41.7,40.5,41.5
2015/12/11,41.7,41.9,40.3,40.5
2015/12/14,39.4,40.7,39.4,40.2
2015/12/15,40.6,42.8,40.6,42.3
2015/12/16,42.5,42.5,41.5,41.6
2015/12/17,41.9,42.2,41.3,42.1
2015/12/18,42.0,43.2,41.6,42.1
2015/12/21,42.0,42.5,41.4,41.6
2015/12/22,41.7,42.6,41.7,42.4
2015/12/23,42.7,42.7,41.8,41.9
2015/12/24,42.5,42.5,41.8,41.8
2015/12/25,42.0,42.2,41.8,42.2
2015/12/28,42.6,43.5,42.5,43.4
2015/12/29,43.6,43.6,42.9,42.9
2015/12/30,43.0,43.0,42.5,42.6
2015/12/31,42.7,42.7,42.5,42.7
2016/01/05,41.3,41.5,40.7,41.2
2016/01/06,41.3,41.3,39.9,40.3
2016/01/07,40.0,40.0,38.2,38.8
2016/01/08,38.8,39.6,38.6,39.1
2016/01/11,38.8,39.6,38.7,39.2
2016/01/12,39.3,39.5,38.2,38.2
2016/01/13,38.5,39.1,37.5,38.4
2016/01/14,37.5,37.7,36.9,37.6
2016/01/15,38.2,38.2,37.5,37.8
2016/01/18,37.2,39.0,36.8,38.9
2016/01/19,38.9,39.2,38.5,38.9
2016/01/20,38.9,39.0,36.8,37.5
2016/01/21,37.5,37.5,37.1,37.5
2016/01/22,38.3,38.3,37.3,37.5
2016/01/25,38.1,38.4,37.6,38.4
2016/01/26,38.2,38.4,38.1,38.3
2016/01/27,38.6,39.2,38.4,38.8
2016/01/28,38.9,40.1,38.9,40.0
2016/01/29,40.2,41.6,39.9,40.9
2016/02/01,41.4,41.4,41.0,41.0
2016/02/02,41.0,41.7,41.0,41.1
2016/02/03,40.7,41.5,40.7,41.5
2016/02/15,40.9,42.8,40.9,42.0
2016/02/16,42.2,42.6,41.7,41.7
2016/02/17,41.8,41.9,41.2,41.4
2016/02/18,41.9,44.5,41.6,44.2
2016/02/19,44.2,45.8,43.5,45.5
2016/02/22,45.5,48.0,45.0,48.0
2016/02/23,48.1,48.8,47.4,47.8
2016/02/24,47.8,47.9,45.2,45.5
2016/02/25,45.5,46.7,45.5,46.4
2016/02/26,46.5,46.6,45.7,46.0
2016/03/01,46.0,47.9,46.0,47.6
2016/03/02,47.3,47.9,47.3,47.4
2016/03/03,47.4,47.5,46.7,47.1
2016/03/04,47.1,49.6,46.8,48.0
2016/03/07,48.1,48.2,46.6,47.2
2016/03/08,47.2,48.2,47.2,47.6
2016/03/09,47.6,48.4,47.5,48.3
2016/03/10,48.4,50.6,48.4,49.6
2016/03/11,49.6,50.1,48.8,49.1
2016/03/14,49.3,50.4,49.1,50.0
2016/03/15,50.0,50.1,48.4,48.6
2016/03/16,48.7,49.6,48.7,49.2
2016/03/17,49.3,49.4,47.1,47.8
2016/03/18,47.8,48.8,47.8,48.6
2016/03/21,48.8,50.2,48.8,49.5
2016/03/22,49.4,49.8,48.5,48.8
2016/03/23,48.6,48.9,48.4,48.7
2016/03/24,48.7,49.6,48.1,49.6
2016/03/25,49.8,53.1,49.6,51.4
2016/03/28,52.4,54.8,52.3,53.9
2016/03/29,55.0,56.7,52.5,54.1
2016/03/30,54.7,55.7,54.4,55.4
2016/03/31,56.5,58.1,55.2,58.1
2016/04/01,57.8,57.9,56.3,57.2
2016/04/06,56.6,58.6,56.5,58.4
2016/04/07,58.7,58.9,57.8,58.6
2016/04/08,58.5,58.9,57.1,57.8
2016/04/11,57.8,58.3,55.8,55.9
2016/04/12,56.0,56.9,52.7,53.3
2016/04/13,54.3,56.7,54.3,56.3
2016/04/14,56.6,57.1,55.1,55.4
2016/04/15,55.3,55.3,53.6,54.3
2016/04/18,53.3,54.9,53.3,54.8
2016/04/19,55.0,56.3,54.9,55.3
2016/04/20,55.4,55.8,53.1,53.4
2016/04/21,53.8,53.9,51.7,53.2
2016/04/22,53.1,53.2,48.3,48.7
2016/04/25,48.8,53.1,48.8,52.2
2016/04/26,52.8,53.1,51.4,51.7
2016/04/27,51.7,52.9,51.0,51.2
2016/04/28,50.9,51.7,49.6,50.7
2016/04/29,50.7,50.8,49.3,49.9
2016/05/03,50.2,50.6,49.4,49.6
2016/05/04,49.7,50.0,44.7,47.1
2016/05/05,47.0,49.6,47.0,49.6
2016/05/06,50.2,50.2,48.2,49.1
2016/05/09,49.8,49.8,47.9,47.9
2016/05/10,47.7,48.6,47.2,47.9
2016/05/11,49.0,51.7,48.2,49.4
2016/05/12,49.4,49.4,47.6,47.6
2016/05/13,47.9,47.9,45.7,47.7
2016/05/16,47.6,48.4,47.0,48.1
2016/05/17,48.6,51.5,48.1,50.6
2016/05/18,50.2,50.6,49.4,50.0
2016/05/19,50.0,50.7,49.2,49.9
2016/05/20,50.0,50.3,49.3,49.9
2016/05/23,50.4,53.3,50.4,52.6
2016/05/24,52.9,53.2,51.6,52.9
2016/05/25,53.3,56.7,52.9,56.6
2016/05/26,58.6,58.6,56.6,56.8
2016/05/27,56.8,57.1,56.0,56.5
2016/05/30,56.7,58.2,56.7,57.4
2016/05/31,57.4,58.0,57.1,58.0
2016/06/01,58.1,59.5,58.1,58.5
2016/06/02,59.0,59.7,58.2,59.4
2016/06/03,59.8,60.5,58.7,59.5
2016/06/06,60.7,63.5,60.6,62.5
2016/06/07,62.4,63.0,61.2,61.6
2016/06/08,62.5,62.8,60.5,61.2
2016/06/13,61.0,63.0,60.3,62.1
2016/06/14,63.0,63.0,61.6,62.3
2016/06/15,62.5,63.0,61.9,61.9
2016/06/16,62.3,62.6,61.1,62.0
2016/06/17,62.6,62.8,61.8,61.8
2016/06/20,62.4,62.4,61.1,61.2
2016/06/21,61.2,64.0,61.0,63.0
2016/06/22,64.1,64.1,63.0,64.0
2016/06/23,64.2,64.4,63.3,63.4
2016/06/24,63.5,64.1,59.6,60.5
2016/06/27,60.3,63.7,60.3,63.5
2016/06/28,63.1,64.3,62.4,63.6
2016/06/29,64.0,66.4,64.0,66.2
2016/06/30,66.5,68.0,65.9,65.9
2016/07/01,66.1,66.8,65.2,66.0
2016/07/04,66.4,66.7,65.5,66.5
2016/07/05,66.4,68.2,66.3,67.6
2016/07/06,67.5,67.5,64.1,65.5
2016/07/07,65.3,65.9,64.1,64.5
2016/07/11,65.0,65.5,63.9,63.9
2016/07/12,63.6,65.0,59.5,64.8
2016/07/13,65.4,65.4,63.8,63.9
2016/07/14,63.8,64.5,63.5,64.0
2016/07/15,64.4,68.0,64.2,67.5
2016/07/18,67.7,71.1,67.6,71.1
2016/07/19,70.8,70.8,69.3,70.0
2016/07/20,70.2,70.6,68.1,68.6
2016/07/21,69.3,71.3,68.5,68.7
2016/07/22,69.2,70.1,67.8,70.0
2016/07/25,70.4,70.8,68.1,70.8
2016/07/26,69.4,69.4,68.1,68.2
2016/07/27,68.8,69.0,67.3,67.3
2016/07/28,67.4,69.2,67.1,67.6
2016/07/29,67.3,68.1,65.6,67.7
2016/08/01,68.0,68.4,66.8,66.9
2016/08/02,66.9,67.8,66.4,66.7
2016/08/03,66.2,66.4,64.5,64.6
2016/08/04,65.5,66.6,64.8,66.5
2016/08/05,66.7,69.6,66.6,69.0
2016/08/08,71.0,71.9,68.6,68.6
2016/08/09,69.5,69.5,65.0,65.6
2016/08/10,66.5,67.5,65.7,65.8
2016/08/11,65.6,66.3,63.0,64.6
2016/08/12,64.7,65.5,63.4,63.6
2016/08/15,63.6,64.8,62.7,62.9
2016/08/16,63.4,63.5,60.0,60.3
2016/08/17,60.1,62.7,57.9,62.0
2016/08/18,62.0,62.0,58.6,59.1
2016/08/19,59.5,60.3,57.4,57.9
2016/08/22,57.7,58.7,56.8,58.1
2016/08/23,58.7,61.7,58.6,61.3
2016/08/24,62.2,63.3,60.8,61.0
2016/08/25,61.4,62.0,60.2,62.0
2016/08/26,61.9,62.5,61.2,61.4
2016/08/29,61.4,61.9,60.5,61.7
2016/08/30,62.2,62.2,61.2,61.5
2016/08/31,61.3,61.6,58.1,58.1
2016/09/01,57.2,58.3,55.9,56.1
2016/09/02,55.8,56.8,53.6,53.6
2016/09/05,54.6,58.9,54.6,58.9
2016/09/06,58.8,60.6,58.2,59.5
2016/09/07,60.4,64.5,60.0,64.3
2016/09/08,65.0,65.4,63.5,64.1
2016/09/09,64.5,65.0,60.2,60.2
2016/09/12,58.9,60.9,58.6,58.6
2016/09/13,59.9,60.1,58.4,58.6
2016/09/14,58.7,59.9,58.7,58.7
2016/09/19,59.8,60.6,59.5,60.0
2016/09/20,60.5,61.5,59.2,59.5
2016/09/21,59.7,60.3,59.4,59.5
2016/09/22,60.2,60.6,57.6,57.9
2016/09/23,58.6,59.9,57.9,59.5
2016/09/26,59.8,60.2,58.6,58.6
2016/09/29,59.0,59.2,56.9,57.1
2016/09/30,57.2,59.4,56.3,59.0
2016/10/03,59.5,59.7,58.2,58.6
2016/10/04,58.3,58.3,57.4,57.4
2016/10/05,57.4,58.7,55.9,57.3
2016/10/06,56.8,57.0,55.6,55.8
2016/10/07,55.9,56.1,53.6,53.6
2016/10/11,54.1,54.8,51.2,51.5
2016/10/12,51.5,52.5,51.0,52.3
2016/10/13,53.3,53.3,52.2,52.5
2016/10/14,52.1,52.1,49.4,49.4
2016/10/17,50.0,50.0,47.0,47.2
2016/10/18,47.4,48.1,47.1,47.5
2016/10/19,47.9,51.2,47.9,50.0
2016/10/20,50.5,51.6,50.5,50.8
2016/10/21,50.7,50.8,50.1,50.4
2016/10/24,50.4,50.6,48.5,49.0
2016/10/25,49.0,49.8,49.0,49.7
2016/10/26,49.8,51.9,49.7,51.0
2016/10/27,51.6,52.1,50.4,50.4
2016/10/28,50.5,51.0,49.9,50.9
2016/10/31,51.0,51.4,50.4,50.9
2016/11/01,51.0,51.3,50.5,50.6
2016/11/02,49.9,50.2,48.6,48.6
2016/11/03,48.6,49.2,47.9,48.7
2016/11/04,50.6,50.6,48.3,48.3
2016/11/07,49.1,49.5,48.9,49.2
2016/11/08,49.4,49.5,48.2,48.4
2016/11/09,47.8,48.3,45.4,45.4
2016/11/10,46.2,47.9,46.2,47.4
2016/11/11,47.0,47.0,45.0,45.9
2016/11/14,45.9,46.9,45.2,46.3
2016/11/15,46.4,47.9,46.4,47.8
2016/11/16,48.3,49.3,48.0,48.9
2016/11/17,49.1,49.4,48.8,49.0
2016/11/18,49.7,50.0,49.1,49.5
2016/11/21,49.3,50.7,49.3,50.2
2016/11/22,51.2,51.3,49.4,49.9
2016/11/23,50.1,50.2,49.2,49.3
2016/11/24,49.5,49.6,48.8,48.8
2016/11/25,48.9,49.8,48.8,49.4
2016/11/28,49.8,49.8,48.4,48.5
2016/11/29,48.6,48.7,48.2,48.5
2016/11/30,48.4,49.2,48.4,48.6
2016/12/01,48.9,50.4,48.9,49.7
2016/12/02,49.4,50.3,49.2,49.8
2016/12/05,50.4,50.4,48.6,48.8
2016/12/06,49.1,50.1,49.1,49.6
2016/12/07,50.4,54.6,50.4,54.6
2016/12/08,55.9,57.6,55.2,55.2
2016/12/09,55.4,56.5,54.8,56.0
2016/12/12,55.4,55.5,52.3,52.3
2016/12/13,52.3,54.1,52.3,53.7
2016/12/14,54.1,54.3,53.0,53.3
2016/12/15,53.1,54.0,52.8,53.2
2016/12/16,52.9,53.4,52.3,52.5
2016/12/19,52.6,53.1,51.4,51.6
2016/12/20,52.4,52.4,51.5,52.2
2016/12/21,52.2,52.3,51.7,51.7
2016/12/22,51.7,51.9,50.6,50.8
2016/12/23,50.9,52.3,50.8,51.3
2016/12/26,51.4,52.1,51.4,51.7
2016/12/27,52.1,52.1,51.1,51.2
2016/12/28,51.3,52.0,51.0,51.8
2016/12/29,51.8,52.0,51.3,51.8
2016/12/30,52.1,52.8,51.5,52.8
2017/01/03,52.8,53.5,52.5,52.9
2017/01/04,53.0,53.5,52.4,52.8
2017/01/05,53.5,56.0,53.3,55.2
2017/01/06,55.3,56.3,54.3,54.6
2017/01/09,55.4,55.4,53.5,53.8
2017/01/10,54.0,54.2,53.1,54.1
2017/01/11,54.6,57.0,53.6,56.1
2017/01/12,57.1,57.9,56.1,56.9
2017/01/13,58.0,59.0,57.1,58.7
2017/01/16,60.0,60.2,58.9,58.9
2017/01/17,59.4,59.5,57.0,57.6
2017/01/18,57.6,58.2,56.5,58.1
2017/01/19,58.5,59.1,57.1,57.5
2017/01/20,57.6,57.7,56.6,57.2
2017/01/23,57.9,59.0,57.2,59.0
2017/01/24,59.8,61.3,58.1,58.9
2017/02/02,59.3,62.3,58.9,61.0
2017/02/03,61.8,62.1,60.8,61.6
2017/02/06,61.2,63.4,61.2,62.9
2017/02/07,64.0,66.1,63.5,65.2
2017/02/08,66.7,67.4,65.5,66.4
2017/02/09,66.9,68.0,64.8,64.8
2017/02/10,65.4,65.9,63.9,64.1
2017/02/13,64.6,66.3,64.6,65.5
2017/02/14,65.9,68.7,65.9,67.5
2017/02/15,68.5,68.5,66.0,66.4
2017/02/16,66.3,66.8,64.0,64.1
2017/02/17,64.5,66.4,63.6,65.8
2017/02/20,67.5,71.2,67.0,68.9
2017/02/21,69.5,70.2,67.6,69.5
2017/02/22,71.0,72.8,70.5,71.4
2017/02/23,72.2,74.0,69.7,70.4
2017/02/24,70.7,72.9,70.5,72.9
2017/03/01,73.4,79.3,72.6,76.9
2017/03/02,77.4,79.3,71.5,73.4
2017/03/03,73.5,75.2,71.9,73.6
2017/03/06,74.0,76.1,74.0,75.6
2017/03/07,75.9,76.9,75.1,75.4
2017/03/08,75.7,76.3,74.9,75.1
2017/03/09,75.1,75.2,72.4,72.7
2017/03/10,72.7,73.3,69.8,71.2
2017/03/13,71.9,74.5,71.3,73.9
2017/03/14,74.6,75.0,73.0,73.3
2017/03/15,73.4,74.1,73.0,73.5
2017/03/16,74.2,74.9,73.0,73.6
2017/03/17,73.9,73.9,72.1,72.7
2017/03/20,73.0,75.7,72.7,75.5
2017/03/21,76.7,77.4,74.4,74.4
2017/03/22,73.2,75.0,73.1,75.0
2017/03/23,75.4,75.5,73.4,73.5
2017/03/24,73.7,75.8,73.6,75.3
2017/03/27,74.7,75.4,73.9,74.0
2017/03/28,74.3,74.5,68.6,72.2
2017/03/29,72.4,72.4,70.3,71.0
2017/03/30,70.7,73.1,70.5,72.4
2017/03/31,72.4,72.9,71.9,72.5
2017/04/05,73.0,73.6,72.5,73.0
2017/04/06,72.4,72.4,71.0,71.5
2017/04/07,71.9,72.9,71.5,72.5
2017/04/10,72.4,74.0,72.0,72.1
2017/04/11,71.8,72.7,71.1,71.3
2017/04/12,71.0,71.5,69.8,70.0
2017/04/13,69.5,69.8,68.1,68.4
2017/04/14,67.5,67.7,63.8,64.5
2017/04/17,66.0,68.0,64.3,67.6
2017/04/18,67.6,68.3,66.6,67.6
2017/04/19,66.7,68.0,66.2,67.0
2017/04/20,67.3,67.8,66.3,67.0
2017/04/21,67.4,67.8,66.7,67.0
2017/04/24,67.4,67.6,66.4,67.1
2017/04/25,67.6,70.8,67.5,70.0
2017/04/26,71.0,75.4,70.7,74.6
2017/04/27,74.1,76.2,73.1,74.7
2017/04/28,75.4,79.5,75.4,77.9
2017/05/02,78.4,79.2,75.4,76.4
2017/05/03,76.4,77.5,74.9,75.1
2017/05/04,75.1,75.4,73.4,75.0
2017/05/05,74.5,76.3,73.9,74.4
2017/05/08,74.5,75.4,74.1,74.1
2017/05/09,74.2,75.8,72.9,73.9
2017/05/10,72.8,75.3,70.2,75.2
2017/05/11,75.0,75.2,73.0,73.4
2017/05/12,73.4,73.8,72.6,73.6
2017/05/15,73.4,73.4,72.2,73.4
2017/05/16,72.9,74.8,72.3,72.5
2017/05/17,72.1,72.6,70.8,71.4
2017/05/18,69.9,70.7,69.0,70.3
2017/05/19,70.0,70.9,69.1,69.3
2017/05/22,69.5,70.1,69.1,69.1
2017/05/23,69.3,70.0,69.3,69.5
2017/05/24,69.5,71.3,69.3,70.5
2017/05/25,71.0,71.3,69.1,69.2
2017/05/26,69.2,69.3,66.5,67.0
2017/05/31,67.5,67.5,66.1,67.1
2017/06/01,67.2,67.9,66.5,67.6
2017/06/02,67.9,67.9,66.8,66.9
2017/06/05,68.1,68.1,67.0,67.5
2017/06/06,67.5,67.5,66.7,66.9
2017/06/07,66.5,66.7,64.8,65.5
2017/06/08,65.3,65.9,64.7,65.1
2017/06/09,65.1,67.4,65.1,67.1
2017/06/12,66.5,66.5,64.5,65.0
2017/06/13,65.1,65.1,63.1,64.5
2017/06/14,65.3,65.4,62.5,62.5
2017/06/15,62.9,63.8,62.0,62.6
2017/06/16,62.6,63.5,62.1,63.0
2017/06/19,63.0,63.6,62.7,63.0
2017/06/20,63.3,63.6,62.3,62.5
2017/06/21,62.3,63.3,62.2,62.7
2017/06/22,62.7,62.9,62.0,62.2
2017/06/23,62.2,62.8,58.7,62.7
2017/06/26,62.4,63.8,61.6,61.9
2017/06/27,61.9,62.2,59.7,61.3
2017/06/28,60.3,60.6,59.2,59.2
2017/06/29,59.7,60.1,58.4,58.4
2017/06/30,57.7,58.0,55.8,57.5
2017/07/03,57.9,58.4,57.0,57.3
2017/07/04,57.3,59.4,57.3,59.1
2017/07/05,60.1,60.1,58.6,58.7
2017/07/06,59.0,61.8,58.7,61.3
2017/07/07,62.0,62.9,61.8,62.2
2017/07/10,59.7,60.1,58.8,58.9
2017/07/11,58.9,59.1,57.5,57.5
2017/07/12,57.5,58.2,57.3,57.3
2017/07/13,57.4,58.0,56.8,56.8
2017/07/14,56.8,58.7,56.6,58.6
2017/07/17,58.7,58.7,57.4,57.4
2017/07/18,57.1,57.5,56.6,57.1
2017/07/19,57.1,58.3,57.1,57.5
2017/07/20,57.7,59.0,57.7,58.7
2017/07/21,58.8,59.8,58.4,58.7
2017/07/24,58.7,58.9,57.9,58.0
2017/07/25,58.6,58.6,57.6,57.7
2017/07/26,58.2,58.2,57.6,57.7
2017/07/27,57.8,58.0,57.3,57.3
2017/07/28,57.4,57.9,56.6,56.6
2017/07/31,56.6,57.4,56.6,57.3
2017/08/01,57.3,57.7,56.7,57.1
2017/08/02,57.1,57.6,56.6,56.7
2017/08/03,56.6,57.3,56.6,57.1
2017/08/04,57.7,59.3,57.7,58.3
2017/08/07,58.8,59.2,58.1,58.2
2017/08/08,58.7,58.7,56.1,56.6
2017/08/09,56.8,57.3,56.1,56.8
2017/08/10,56.1,56.6,53.9,56.1
2017/08/11,56.2,56.2,54.4,54.4
2017/08/14,54.4,54.9,50.3,50.6
2017/08/15,50.6,52.9,50.0,52.9
2017/08/16,52.6,53.2,51.8,52.4
2017/08/17,52.6,53.9,52.6,53.3
2017/08/18,52.3,53.6,51.9,52.9
2017/08/21,52.8,53.3,52.3,52.6
2017/08/22,52.9,53.1,52.6,52.6
2017/08/23,52.9,57.8,52.9,57.2
2017/08/24,57.2,58.2,55.9,56.4
2017/08/25,56.4,56.4,55.2,55.2
2017/08/28,55.5,55.9,55.1,55.2
2017/08/29,55.2,55.7,54.1,54.4
2017/08/30,53.8,54.3,53.2,53.2
2017/08/31,53.2,54.2,53.1,53.1
2017/09/01,53.6,54.0,52.5,53.0
2017/09/04,52.9,52.9,51.9,52.5
2017/09/05,52.1,53.3,52.1,53.0
2017/09/06,52.5,55.7,52.5,54.9
2017/09/07,55.4,56.2,53.9,53.9
2017/09/08,54.3,55.3,53.6,54.7
2017/09/11,55.0,56.0,55.0,55.5
2017/09/12,56.0,56.6,54.7,55.0
2017/09/13,55.6,55.8,54.4,55.2
2017/09/14,55.4,55.5,54.2,54.4
2017/09/15,54.4,55.4,54.0,54.5
2017/09/18,54.7,55.3,54.4,54.4
2017/09/19,54.7,55.1,54.4,54.7
2017/09/20,55.5,57.0,55.5,57.0
2017/09/21,58.7,60.4,58.1,60.2
2017/09/22,60.9,63.5,59.5,62.7
2017/09/25,64.5,65.1,61.8,61.8
2017/09/26,62.3,63.5,60.8,61.5
2017/09/27,61.2,61.8,59.8,61.7
2017/09/28,61.7,61.7,60.3,60.8
2017/09/29,61.5,63.2,61.1,61.4
2017/10/02,63.3,64.2,63.0,63.3
2017/10/03,63.4,64.0,61.8,62.2
2017/10/05,62.4,62.7,61.7,61.7
2017/10/06,62.0,63.9,62.0,63.6
2017/10/11,63.7,65.6,62.7,65.5
2017/10/12,66.0,66.0,64.5,64.5
2017/10/13,64.7,65.4,64.0,64.3
2017/10/16,64.1,64.3,63.1,63.1
2017/10/17,63.2,64.3,62.5,63.5
2017/10/18,64.0,64.4,63.0,64.0
2017/10/19,64.7,70.4,64.7,70.4
2017/10/20,70.4,73.6,69.0,72.1
2017/10/23,72.1,74.2,71.9,72.2
2017/10/24,72.4,72.8,71.0,71.9
2017/10/25,72.6,76.4,72.6,75.4
2017/10/26,76.2,77.2,74.6,75.2
2017/10/27,75.4,75.5,72.7,72.7
2017/10/30,73.9,74.4,70.6,73.0
2017/10/31,73.0,76.0,72.4,74.4
2017/11/01,75.0,75.1,71.1,71.5
2017/11/02,70.8,72.6,70.1,71.0
2017/11/03,71.9,74.5,71.9,72.3
2017/11/06,71.9,72.4,70.6,71.1
2017/11/07,71.1,71.6,69.7,69.8
2017/11/08,68.5,68.5,62.8,63.7
2017/11/09,63.8,65.0,63.0,63.3
2017/11/10,63.8,64.8,63.3,64.5
2017/11/13,65.3,65.3,63.8,64.7
2017/11/14,64.5,65.1,63.7,64.7
2017/11/15,64.7,65.2,63.6,64.1
2017/11/16,64.1,64.6,63.2,63.8
2017/11/17,64.3,66.2,64.3,64.6
2017/11/20,64.6,64.6,63.5,63.5
2017/11/21,64.1,64.2,63.3,64.0
2017/11/22,64.4,64.5,63.4,63.4
2017/11/23,63.4,64.2,63.1,63.6
2017/11/24,64.0,65.8,64.0,65.1
2017/11/27,66.0,68.5,66.0,67.4
2017/11/28,66.9,67.5,66.2,67.5
2017/11/29,68.4,68.4,67.3,67.7
2017/11/30,67.9,67.9,65.6,65.6
2017/12/01,65.8,66.8,62.8,65.5
2017/12/04,65.6,66.1,64.2,65.5
2017/12/05,66.0,67.0,64.7,64.9
2017/12/06,65.0,65.0,62.6,62.8
2017/12/07,63.0,63.4,60.5,62.2
2017/12/08,63.0,64.3,61.2,63.8
2017/12/11,63.8,64.7,62.8,63.0
2017/12/12,63.0,63.0,61.8,62.1
2017/12/13,62.1,62.2,61.3,61.9
2017/12/14,63.1,63.6,61.5,61.5
2017/12/15,61.5,61.5,60.7,60.7
2017/12/18,60.9,60.9,59.8,60.1
2017/12/19,60.3,62.1,60.2,60.7
2017/12/20,60.9,61.1,60.2,60.8
2017/12/21,61.0,61.7,60.6,60.6
2017/12/22,60.8,61.0,60.2,60.7
2017/12/25,60.8,64.5,60.5,64.5
2017/12/26,65.5,65.5,62.5,62.5
2017/12/27,62.7,64.4,62.5,64.1
2017/12/28,64.1,65.3,63.6,63.9
2017/12/29,64.3,64.5,63.7,63.8
2018/01/02,64.1,64.9,63.6,64.2
2018/01/03,65.0,65.0,63.7,64.1
2018/01/04,64.3,64.3,63.2,63.9
2018/01/05,64.5,66.4,64.5,65.5
2018/01/08,66.0,66.0,64.6,64.6
2018/01/09,62.8,63.3,60.1,63.1
2018/01/10,63.3,63.3,62.5,62.6
2018/01/11,62.7,64.2,62.5,63.8
2018/01/12,63.8,64.6,63.1,64.3
2018/01/16,65.5,65.6,64.6,64.8
2018/01/17,64.8,65.9,64.8,65.5
2018/01/18,65.7,67.9,65.6,67.3
2018/01/19,67.8,67.9,66.7,67.3
2018/01/22,67.3,67.9,66.3,67.6
2018/01/23,67.8,68.2,66.6,67.1
2018/01/24,67.7,69.0,67.2,67.2
2018/01/25,67.2,67.4,65.7,66.5
2018/01/26,66.9,66.9,65.3,65.5
2018/01/29,65.8,66.4,65.4,66.3
2018/01/30,66.3,66.3,65.0,65.8
2018/01/31,65.5,65.9,65.1,65.8
2018/02/01,66.0,67.8,65.8,67.4
2018/02/02,68.0,69.3,67.1,67.1
2018/02/05,65.6,67.9,65.3,67.0
2018/02/06,66.5,66.5,62.2,64.5
2018/02/07,65.3,67.7,65.3,65.7
2018/02/08,66.8,67.2,65.3,66.0
2018/02/09,62.9,64.4,62.8,63.9
2018/02/12,63.9,64.3,63.3,63.5
2018/02/21,64.9,65.0,64.0,64.5
2018/02/22,64.9,66.3,64.0,66.2
2018/02/23,66.3,67.9,66.0,67.4
2018/02/26,67.9,72.2,67.9,71.5
2018/02/27,71.4,72.0,70.5,71.3
2018/03/01,71.2,72.4,70.0,72.3
2018/03/02,71.8,74.1,71.5,72.6
2018/03/05,74.0,74.6,72.0,73.8
2018/03/06,74.4,74.7,73.0,73.6
2018/03/07,74.0,75.1,72.0,72.2
2018/03/08,72.3,75.4,72.3,75.4
2018/03/09,77.1,77.1,74.4,74.4
2018/03/12,75.2,75.4,73.1,74.0
2018/03/13,73.6,74.2,71.6,72.4
2018/03/14,71.7,73.0,71.1,73.0
2018/03/15,73.0,73.7,72.4,73.1
2018/03/16,72.7,73.2,71.9,72.4
2018/03/19,72.0,72.8,71.3,71.3
2018/03/20,70.7,71.1,69.3,69.4
2018/03/21,69.5,70.2,67.9,68.5
2018/03/22,69.0,69.1,67.6,67.6
2018/03/23,66.6,70.3,66.6,68.2
2018/03/26,68.5,68.9,67.5,68.1
2018/03/27,68.9,68.9,67.8,68.3
2018/03/28,68.3,70.3,68.0,69.2
2018/03/29,69.9,70.1,68.6,68.8
2018/03/30,69.6,69.6,68.0,69.0
2018/04/02,69.9,69.9,68.7,68.9
2018/04/03,68.7,68.7,68.0,68.1
2018/04/09,68.4,68.4,66.2,66.5
2018/04/10,66.7,67.4,66.1,66.8
2018/04/11,67.3,67.8,66.6,67.3
2018/04/12,67.3,68.3,66.8,67.3
2018/04/13,67.8,67.8,65.5,65.7
2018/04/16,65.9,65.9,64.0,64.7
2018/04/17,64.5,65.2,63.2,63.4
2018/04/18,64.3,64.3,63.0,64.1
2018/04/19,64.5,65.5,64.5,65.1
2018/04/20,65.1,65.2,64.3,64.7
2018/04/23,64.2,65.4,63.3,64.4
2018/04/24,63.6,63.7,61.5,62.3
2018/04/25,61.8,62.8,61.1,62.8
2018/04/26,63.1,63.4,60.7,62.0
2018/04/27,62.2,63.3,61.0,62.3
2018/04/30,62.3,63.0,61.6,63.0
2018/05/02,63.0,64.3,62.6,64.3
2018/05/03,64.6,66.1,64.6,65.8
2018/05/04,65.3,65.6,64.5,64.7
2018/05/07,64.5,65.3,64.5,64.7
2018/05/08,65.3,65.7,64.7,65.3
2018/05/09,65.3,65.6,64.3,64.8
2018/05/10,65.0,65.4,64.4,64.7
2018/05/11,65.1,67.7,65.1,66.8
2018/05/14,66.8,68.1,65.9,66.6
2018/05/15,66.6,66.7,64.6,64.7
2018/05/16,64.7,65.5,64.4,65.1
2018/05/17,65.3,65.3,63.3,65.2
2018/05/18,65.4,65.5,63.6,64.2
2018/05/21,64.2,65.7,64.2,65.3
2018/05/22,65.8,68.3,65.8,67.3
2018/05/23,67.3,67.3,65.6,65.9
2018/05/24,66.3,66.4,65.6,66.4
2018/05/25,66.8,69.5,66.1,68.9
2018/05/28,69.9,71.9,68.1,71.1
2018/05/29,72.0,73.2,71.1,72.1
2018/05/30,71.5,73.2,71.3,72.8
2018/05/31,73.6,74.0,70.3,70.3
2018/06/01,70.3,71.4,70.1,71.3
2018/06/04,71.6,72.3,70.6,70.6
2018/06/05,70.6,71.4,68.7,69.2
2018/06/06,70.0,71.1,69.4,70.1
2018/06/07,70.5,70.7,69.1,69.1
2018/06/08,69.4,69.5,67.6,67.6
2018/06/11,68.0,68.3,67.2,67.7
2018/06/12,67.8,68.6,67.3,67.4
2018/06/13,67.5,68.5,67.1,67.1
2018/06/14,67.4,67.9,66.1,66.2
2018/06/15,66.5,66.8,66.0,66.3
2018/06/19,66.7,66.8,65.0,65.6
2018/06/20,65.5,65.5,64.0,64.3
2018/06/21,64.0,66.0,64.0,65.6
2018/06/22,65.8,66.7,65.5,66.1
2018/06/25,66.5,67.0,66.0,66.2
2018/06/26,65.7,65.7,64.5,64.9
2018/06/27,65.7,65.7,64.2,64.7
2018/06/28,64.8,65.0,63.0,63.1
2018/06/29,63.2,63.5,62.1,63.1
2018/07/02,63.3,64.3,63.1,63.8
2018/07/03,61.5,62.3,61.2,61.6
2018/07/04,62.3,67.8,62.3,67.0
2018/07/05,67.2,69.8,66.5,67.2
2018/07/06,69.2,70.5,66.8,70.3
2018/07/09,70.5,70.7,67.6,68.0
2018/07/10,67.3,67.8,65.5,66.2
2018/07/11,66.2,67.1,65.6,65.9
2018/07/12,65.9,65.9,64.3,64.7
2018/07/13,65.3,65.7,63.9,64.1
2018/07/16,64.5,67.5,64.3,66.5
2018/07/17,65.9,66.5,65.1,65.2
2018/07/18,65.2,65.9,63.6,64.2
2018/07/19,64.4,65.4,64.1,65.4
2018/07/20,66.0,67.2,64.6,64.7
2018/07/23,64.9,65.2,64.1,64.2
2018/07/24,64.2,65.0,64.2,64.5
2018/07/25,65.5,65.5,64.7,65.2
2018/07/26,65.5,65.6,64.6,64.8
2018/07/27,64.8,65.6,64.5,65.0
2018/07/30,65.0,65.3,63.7,64.2
2018/07/31,64.5,66.1,64.2,64.2
2018/08/01,64.7,64.8,63.5,63.8
2018/08/02,63.6,63.9,62.6,62.6
2018/08/03,63.0,63.4,62.5,62.8
2018/08/06,62.9,63.9,62.8,63.9
2018/08/07,64.3,64.6,63.4,63.6
2018/08/08,63.1,63.5,62.6,62.7
2018/08/09,62.5,63.3,62.3,62.9
2018/08/10,63.0,63.0,61.4,61.7
2018/08/13,61.6,61.6,56.9,58.6
2018/08/14,58.6,59.7,58.2,59.6
2018/08/15,59.6,59.7,58.4,58.8
2018/08/16,58.6,59.8,58.2,59.8
2018/08/17,60.1,61.2,59.1,59.1
2018/08/20,59.1,59.1,58.3,58.6
2018/08/21,58.6,59.2,58.4,59.0
2018/08/22,59.0,59.3,58.4,58.5
2018/08/23,58.5,58.7,57.4,58.1
2018/08/24,58.2,58.4,57.4,57.6
2018/08/27,57.6,59.0,57.6,58.2
2018/08/28,58.7,59.0,58.6,59.0
2018/08/29,59.0,59.1,58.5,58.8
2018/08/30,59.1,59.1,58.3,58.8
2018/08/31,59.3,61.2,59.2,61.0
2018/09/03,60.8,60.8,59.0,59.0
2018/09/04,59.3,60.0,58.7,60.0
2018/09/05,60.1,60.1,59.1,59.2
2018/09/06,59.2,59.2,58.6,58.8
2018/09/07,58.6,58.6,56.6,56.9
2018/09/10,56.9,56.9,53.4,54.0
2018/09/11,54.3,55.3,54.1,55.3
2018/09/12,55.5,56.0,54.4,55.3
2018/09/13,56.2,56.8,55.8,56.3
2018/09/14,56.9,58.7,56.9,58.7
2018/09/17,59.5,59.5,57.1,58.1
2018/09/18,58.1,58.1,56.8,57.8
2018/09/19,57.9,58.1,57.4,58.1
2018/09/20,58.1,58.1,56.9,57.8
2018/09/21,58.1,58.1,57.3,58.1
2018/09/25,58.1,58.1,57.2,57.2
2018/09/26,57.2,57.8,56.6,57.1
2018/09/27,56.7,56.7,55.6,55.6
2018/09/28,55.6,56.3,55.2,55.3
2018/10/01,55.3,56.6,55.2,56.6
2018/10/02,56.3,56.3,55.5,55.6
2018/10/03,55.4,55.7,54.7,55.7
2018/10/04,55.2,55.7,53.6,54.2
2018/10/05,53.9,53.9,51.0,52.3
2018/10/08,52.1,52.6,50.8,51.3
2018/10/09,51.4,51.6,50.2,50.6
2018/10/11,45.7,46.4,45.6,46.2
2018/10/12,46.2,48.3,45.9,48.2
2018/10/15,48.0,48.0,46.9,48.0
2018/10/16,47.4,48.9,47.4,47.5
2018/10/17,48.7,48.7,47.4,47.9
2018/10/18,47.9,47.9,46.9,47.0
2018/10/19,45.7,47.0,45.3,47.0
2018/10/22,46.6,47.6,46.2,46.5
2018/10/23,46.3,46.3,45.2,45.3
2018/10/24,44.7,45.1,44.1,44.6
2018/10/25,41.3,43.7,41.3,42.8
2018/10/26,43.4,44.2,42.0,42.1
2018/10/29,42.2,42.7,41.6,41.7
2018/10/30,41.4,41.7,40.7,41.7
2018/10/31,42.1,43.1,41.8,42.9
2018/11/01,42.7,44.2,42.6,44.2
2018/11/02,44.2,44.9,43.8,44.2
2018/11/05,43.9,44.2,43.4,43.8
2018/11/06,43.7,43.8,42.3,42.7
2018/11/07,42.7,43.9,42.5,43.6
2018/11/08,44.6,44.6,43.3,43.9
2018/11/09,43.9,44.3,43.7,44.3
2018/11/12,44.1,44.1,42.7,42.9
2018/11/13,41.7,42.8,41.7,42.8
2018/11/14,42.4,42.4,41.8,42.0
2018/11/15,42.0,42.3,41.9,42.1
2018/11/16,42.2,43.2,42.2,42.9
2018/11/19,43.0,43.9,43.0,43.9
2018/11/20,43.9,44.7,43.9,44.0
2018/11/21,44.0,44.2,43.5,43.6
2018/11/22,43.7,44.2,43.2,43.8
2018/11/23,43.8,44.2,43.5,43.6
2018/11/26,43.6,45.1,43.6,44.8
2018/11/27,44.8,45.3,44.7,45.0
2018/11/28,45.0,46.0,44.9,45.9
2018/11/29,46.9,47.0,45.6,45.9
2018/11/30,45.9,46.4,45.7,45.9
2018/12/03,46.4,47.7,46.4,47.6
2018/12/04,48.0,48.0,47.0,47.5
2018/12/05,46.6,47.0,46.3,46.5
2018/12/06,46.3,46.3,44.7,44.8
2018/12/07,45.0,45.7,44.7,45.7
2018/12/10,44.8,45.3,44.8,44.8
2018/12/11,45.4,45.5,44.9,45.5
2018/12/12,45.7,45.8,45.5,45.6
2018/12/13,45.1,46.1,45.1,45.8
2018/12/14,45.9,45.9,45.5,45.7
2018/12/17,45.0,45.6,44.5,45.1
2018/12/18,44.5,44.8,44.4,44.6
2018/12/19,44.4,44.6,43.8,43.8
2018/12/20,43.7,43.7,42.9,43.0
2018/12/21,43.0,43.6,42.5,43.6
2018/12/24,42.5,42.9,42.2,42.5
2018/12/25,42.4,42.4,41.7,42.1
2018/12/26,42.2,42.2,41.4,41.6
2018/12/27,42.7,42.8,41.7,42.0
2018/12/28,42.2,42.2,41.8,42.2
2019/01/02,42.2,42.5,41.8,42.0
2019/01/03,42.2,42.2,41.7,41.7
2019/01/04,41.7,41.8,40.9,41.3
2019/01/07,41.4,42.0,41.4,41.7
2019/01/08,42.0,42.0,41.7,41.7
2019/01/09,41.7,41.9,41.7,41.8
2019/01/10,41.7,43.4,41.7,43.2
2019/01/11,43.5,45.2,43.5,44.0
2019/01/14,44.2,44.3,43.2,43.5
2019/01/15,43.7,44.1,42.9,43.6
2019/01/16,44.0,44.2,43.9,44.0
2019/01/17,43.8,44.4,43.8,43.9
2019/01/18,44.5,45.1,44.2,44.7
2019/01/21,45.0,45.1,44.3,44.6
2019/01/22,44.4,44.5,43.8,43.8
2019/01/23,43.7,44.2,43.0,43.6
2019/01/24,43.7,44.2,43.5,44.0
2019/01/25,44.0,44.4,44.0,44.1
2019/01/28,44.3,44.5,43.7,44.2
2019/01/29,44.2,45.9,44.2,45.5
2019/01/30,45.7,45.9,45.2,45.6
2019/02/11,46.2,46.7,45.5,45.6
2019/02/12,45.6,45.8,45.6,45.6
2019/02/13,45.7,46.2,45.6,46.0
2019/02/14,45.4,45.7,44.8,44.9
2019/02/15,44.9,45.2,44.4,44.6
2019/02/18,44.6,44.9,43.8,44.7
2019/02/19,45.1,45.1,44.4,44.8
2019/02/20,44.8,46.1,44.8,45.7
2019/02/21,46.3,46.3,45.4,46.0
2019/02/22,46.0,46.9,46.0,46.9
2019/02/25,47.2,49.1,47.2,48.9
2019/02/26,48.8,49.4,47.7,47.7
2019/02/27,47.7,47.7,46.9,47.2
2019/03/04,47.4,47.8,47.2,47.3
2019/03/05,47.3,48.5,47.3,47.4
2019/03/06,47.6,47.9,46.9,47.4
2019/03/07,47.6,47.6,46.0,46.1
2019/03/08,46.1,46.3,45.5,45.7
2019/03/11,45.7,45.7,45.2,45.3
2019/03/12,45.3,46.1,45.3,45.8
2019/03/13,46.0,46.3,45.6,45.6
2019/03/14,45.8,46.0,45.6,45.8
2019/03/15,45.9,45.9,45.5,45.7
2019/03/18,45.7,46.4,45.7,45.9
2019/03/19,46.2,47.1,46.2,47.1
2019/03/20,47.1,47.1,46.6,46.7
2019/03/21,46.7,46.7,46.3,46.6
2019/03/22,46.6,46.8,46.3,46.3
2019/03/25,46.3,46.3,45.2,45.7
2019/03/26,45.7,46.1,45.5,45.6
2019/03/27,45.6,45.7,45.3,45.5
2019/03/28,45.5,45.5,44.8,45.3
2019/03/29,45.7,45.7,45.1,45.6
2019/04/01,45.7,45.9,45.5,45.9
2019/04/02,46.6,48.0,46.1,48.0
2019/04/03,48.9,49.6,48.2,49.2
2019/04/08,49.2,49.3,47.4,47.4
2019/04/09,47.4,47.7,46.5,46.6
2019/04/10,46.6,46.6,46.2,46.3
2019/04/11,46.2,47.1,46.2,46.9
2019/04/12,47.1,47.4,46.3,46.8
2019/04/15,47.0,47.2,46.2,46.4
2019/04/16,46.4,46.6,46.4,46.4
2019/04/17,46.6,46.6,46.1,46.5
2019/04/18,46.5,47.3,46.5,46.8
2019/04/19,47.1,47.1,46.7,46.8
2019/04/22,46.8,47.1,46.8,47.1
2019/04/23,47.2,48.3,47.2,47.7
2019/04/24,47.8,48.5,47.8,48.5
2019/04/25,49.2,49.3,47.9,47.9
2019/04/26,47.9,47.9,46.9,46.9
2019/04/29,46.6,47.4,46.4,46.5
2019/04/30,46.4,46.7,46.3,46.4
2019/05/02,46.3,46.8,46.3,46.6
2019/05/03,46.6,47.0,46.3,46.6
2019/05/06,46.6,46.6,45.9,45.9
2019/05/07,45.9,46.6,45.7,46.0
2019/05/08,45.7,45.7,45.2,45.7
2019/05/09,45.7,45.7,45.2,45.3
2019/05/10,44.7,45.4,44.4,44.5
2019/05/13,44.6,44.6,42.6,42.8
2019/05/14,40.9,42.6,40.9,42.3
2019/05/15,43.2,43.2,42.5,42.9
2019/05/16,42.9,42.9,42.3,42.5
2019/05/17,42.5,42.5,41.8,42.0
2019/05/20,42.0,42.0,41.2,41.5
2019/05/21,41.5,42.0,41.3,41.7
2019/05/22,41.8,42.5,41.8,42.3
2019/05/23,42.0,42.4,41.2,41.7
2019/05/24,41.2,42.1,41.2,41.7
2019/05/27,41.7,42.2,41.5,41.7
2019/05/28,42.0,42.0,41.4,41.5
2019/05/29,41.2,41.2,40.9,41.2
2019/05/30,40.9,41.7,40.9,41.7
2019/05/31,41.9,42.7,41.7,42.2
2019/06/03,42.0,42.0,40.9,41.8
2019/06/04,41.8,41.8,41.2,41.6
2019/06/05,41.7,42.0,41.7,42.0
2019/06/06,42.0,42.0,41.6,41.9
2019/06/10,41.9,42.2,41.9,42.0
2019/06/11,42.0,42.1,41.6,42.0
2019/06/12,42.2,43.0,42.2,42.9
2019/06/13,42.9,43.1,42.4,42.7
2019/06/14,42.7,43.1,42.7,43.0
2019/06/17,43.2,43.7,43.1,43.7
2019/06/18,43.8,43.9,42.5,42.5
2019/06/19,43.0,43.1,42.3,42.9
2019/06/20,43.2,43.2,42.4,42.7
2019/06/21,43.0,43.1,42.4,42.8
2019/06/24,42.4,43.0,42.0,42.7
2019/06/25,42.7,42.7,42.1,42.5
2019/06/26,42.2,42.4,42.1,42.4
2019/06/27,42.4,42.7,42.4,42.6
2019/06/28,42.6,42.9,42.6,42.9
2019/07/01,40.9,40.9,40.4,40.5
2019/07/02,40.6,40.9,40.5,40.7
2019/07/03,40.7,40.7,40.4,40.5
2019/07/04,41.0,41.0,40.5,40.7
2019/07/05,40.9,40.9,40.5,40.6
2019/07/08,40.6,40.7,40.0,40.0
2019/07/09,40.0,40.0,39.6,39.7
2019/07/10,39.7,39.7,38.6,38.7
2019/07/11,38.7,39.2,38.7,39.1
2019/07/12,38.9,39.2,38.7,38.7
2019/07/15,38.9,38.9,37.9,37.9
2019/07/16,37.9,37.9,37.0,37.5
2019/07/17,37.7,37.7,36.6,36.7
2019/07/18,36.3,36.6,35.3,36.6
2019/07/19,36.7,38.2,36.7,37.8
2019/07/22,37.9,39.2,37.9,38.9
2019/07/23,39.2,39.2,38.5,38.5
2019/07/24,38.6,39.0,38.2,38.4
2019/07/25,38.7,38.7,38.2,38.4
2019/07/26,38.7,38.7,38.0,38.6
2019/07/29,38.6,38.6,38.0,38.1
2019/07/30,38.1,38.2,37.5,37.5
2019/07/31,37.5,37.5,36.7,37.0
2019/08/01,37.0,37.0,36.6,36.7
2019/08/02,36.6,36.6,35.9,36.2
2019/08/05,35.8,36.0,35.4,35.5
2019/08/06,34.7,34.8,34.2,34.2
2019/08/07,34.2,34.9,34.2,34.4
2019/08/08,34.4,35.2,34.4,35.0
2019/08/12,35.2,35.9,34.6,35.9
2019/08/13,35.9,35.9,35.2,35.3
2019/08/14,35.3,35.6,34.6,34.8
2019/08/15,34.5,34.5,34.0,34.2
2019/08/16,34.3,35.0,34.3,35.0
2019/08/19,35.0,35.6,35.0,35.3
2019/08/20,35.5,35.7,35.4,35.4
2019/08/21,35.4,36.5,35.4,36.5
2019/08/22,37.7,37.7,36.7,36.9
2019/08/23,36.9,36.9,36.1,36.4
2019/08/26,36.2,36.2,35.5,35.6
2019/08/27,35.6,35.7,35.5,35.7
2019/08/28,35.7,35.9,35.4,35.5
2019/08/29,35.7,35.7,35.4,35.5
2019/08/30,35.6,36.2,35.5,36.0
2019/09/02,36.0,36.6,36.0,36.2
2019/09/03,36.0,36.2,35.9,35.9
2019/09/04,35.7,35.8,35.6,35.8
2019/09/05,35.9,36.2,35.8,35.9
2019/09/06,36.1,36.1,35.7,35.8
2019/09/09,35.8,35.8,35.3,35.4
2019/09/10,35.4,35.4,35.0,35.1
2019/09/11,35.1,35.1,34.8,34.9
2019/09/12,34.9,35.6,34.9,34.9
2019/09/16,34.9,35.0,34.7,35.0
2019/09/17,35.0,35.3,34.9,35.0
2019/09/18,35.1,35.2,34.7,34.8
2019/09/19,35.1,35.1,34.8,35.0
2019/09/20,35.1,35.2,35.0,35.1
2019/09/23,35.8,35.9,35.2,35.2
2019/09/24,35.0,35.5,35.0,35.4
2019/09/25,36.5,36.5,35.6,35.7
2019/09/26,35.7,35.8,35.5,35.5
2019/09/27,35.7,35.7,35.1,35.7
2019/10/01,35.7,35.8,35.7,35.8
2019/10/02,35.7,35.8,35.5,35.6
2019/10/03,35.5,35.5,35.4,35.4
2019/10/04,35.4,35.6,35.4,35.4
2019/10/07,35.4,36.2,35.4,35.9
2019/10/08,36.0,36.0,35.6,35.7
2019/10/09,35.5,35.7,35.5,35.5
2019/10/14,35.7,36.1,35.6,35.9
2019/10/15,36.1,36.1,35.1,35.2
2019/10/16,35.4,35.4,35.1,35.1
2019/10/17,35.1,35.3,35.1,35.1
2019/10/18,35.2,35.2,35.0,35.1
2019/10/21,35.1,35.4,35.1,35.4
2019/10/22,35.3,35.5,35.2,35.4
2019/10/23,35.4,35.5,35.3,35.3
2019/10/24,35.4,35.6,35.4,35.6
2019/10/25,35.9,39.2,35.9,39.2
2019/10/28,39.5,39.6,38.3,39.2
2019/10/29,39.2,41.1,39.0,40.2
2019/10/30,40.6,40.6,39.7,40.2
2019/10/31,40.1,40.9,39.9,39.9
2019/11/01,39.9,40.1,39.8,39.8
2019/11/04,40.2,40.2,39.7,39.8
2019/11/05,39.8,39.8,38.5,38.6
2019/11/06,38.7,38.9,38.5,38.6
2019/11/07,38.6,39.2,38.5,38.5
2019/11/08,38.0,38.3,38.0,38.2
2019/11/11,38.5,38.5,38.2,38.5
2019/11/12,38.4,39.1,38.4,38.8
2019/11/13,38.8,40.8,38.7,40.3
2019/11/14,40.3,40.7,39.8,40.2
2019/11/15,40.1,40.3,40.1,40.3
2019/11/18,40.3,40.4,40.2,40.3
2019/11/19,40.6,43.5,40.5,41.7
2019/11/20,42.0,42.4,40.9,41.0
2019/11/21,40.7,41.9,40.7,41.9
2019/11/22,41.9,41.9,41.4,41.7
2019/11/25,41.8,42.1,41.5,41.7
2019/11/26,41.9,42.1,40.9,41.3
2019/11/27,42.0,42.0,41.2,41.4
2019/11/28,41.3,41.7,41.0,41.0
2019/11/29,41.0,41.1,40.5,40.9
2019/12/02,40.6,40.6,40.0,40.3
2019/12/03,40.0,41.2,40.0,40.9
2019/12/04,40.7,40.7,40.0,40.1
2019/12/05,40.1,40.4,40.1,40.4
2019/12/06,40.1,41.2,40.1,40.8
2019/12/09,40.6,40.6,40.0,40.1
2019/12/10,40.1,40.7,40.1,40.7
2019/12/11,40.7,40.7,40.2,40.2
2019/12/12,40.2,41.3,40.2,40.9
2019/12/13,40.7,40.7,40.3,40.5
2019/12/16,40.7,40.9,40.2,40.3
2019/12/17,40.3,40.4,40.2,40.3
2019/12/18,40.2,40.3,40.0,40.3
2019/12/19,40.2,40.4,40.1,40.2
2019/12/20,40.2,40.3,40.1,40.2
2019/12/23,40.3,41.2,40.2,41.0
2019/12/24,41.0,42.0,41.0,41.3
2019/12/25,41.4,41.8,41.3,41.5
2019/12/26,41.5,41.7,41.4,41.4
2019/12/27,41.5,41.7,41.3,41.5
2019/12/30,41.4,41.7,41.1,41.2
2019/12/31,41.2,41.2,41.0,41.1
2020/01/02,41.1,41.2,40.9,41.2
2020/01/03,41.3,41.5,41.0,41.1
2020/01/06,40.7,40.9,40.3,40.3
2020/01/07,40.7,40.7,39.2,39.5
2020/01/08,39.2,39.3,38.6,38.8
2020/01/09,38.7,39.9,38.7,39.8
2020/01/10,39.8,40.6,39.8,40.5
2020/01/13,40.2,41.5,40.2,40.7
2020/01/14,41.1,41.1,40.7,40.8
2020/01/15,40.8,42.0,40.8,41.7
2020/01/16,41.7,42.0,40.7,41.9
2020/01/17,42.4,43.1,41.7,43.0
2020/01/20,44.0,46.3,43.9,44.0
2020/01/30,42.4,42.4,40.3,40.7
2020/01/31,40.9,42.1,40.8,41.0
2020/02/03,40.0,40.6,39.0,40.6
2020/02/04,40.6,41.5,40.6,41.4
2020/02/05,41.4,41.6,40.7,41.0
2020/02/06,41.0,41.6,41.0,41.3
2020/02/07,41.4,41.4,40.5,41.0
2020/02/10,40.0,40.9,39.7,40.5
2020/02/11,39.8,40.6,39.8,40.6
2020/02/12,40.9,40.9,40.0,40.5
2020/02/13,40.7,41.0,40.3,40.5
2020/02/14,39.9,42.7,39.9,41.7
2020/02/17,41.7,45.3,41.3,44.6
2020/02/18,45.5,48.4,45.5,47.8
2020/02/19,48.6,49.3,46.8,47.4
2020/02/20,47.8,48.1,46.5,47.3
2020/02/21,47.1,48.1,46.9,47.0
2020/02/24,46.5,46.6,44.5,45.2
2020/02/25,44.2,45.7,43.9,45.3
2020/02/26,44.4,45.5,44.2,44.4
2020/02/27,44.1,44.9,42.6,42.7
2020/03/02,41.3,42.3,40.7,41.5
2020/03/03,42.3,45.4,42.3,44.7
2020/03/04,44.7,45.0,43.6,44.3
2020/03/05,45.0,45.0,43.7,43.9
2020/03/06,44.0,46.3,43.8,45.6
2020/03/09,45.5,45.5,42.7,42.9
2020/03/10,41.4,42.2,39.4,41.6
2020/03/11,42.4,42.5,40.6,41.1
2020/03/12,40.7,40.7,37.1,37.9
2020/03/13,34.2,35.0,34.1,35.0
2020/03/16,35.3,35.3,32.0,32.1
2020/03/17,29.8,30.9,28.9,28.9
2020/03/18,30.8,30.8,28.4,28.9
2020/03/19,28.5,28.8,26.1,28.2
2020/03/20,28.1,30.4,28.1,30.2
2020/03/23,28.8,29.1,28.4,28.8
2020/03/24,29.8,31.1,29.8,30.8
2020/03/25,31.5,32.3,31.3,31.9
2020/03/26,31.9,33.7,30.9,33.7
2020/03/27,35.1,36.1,33.8,34.3
2020/03/30,33.2,34.7,32.0,34.7
2020/03/31,34.7,35.4,34.3,34.5
2020/04/01,34.9,35.2,34.2,35.2
2020/04/06,35.2,35.6,34.2,35.6
2020/04/07,36.4,36.7,35.8,36.1
2020/04/08,35.9,36.7,35.9,36.7
2020/04/09,36.9,37.2,36.1,36.4
2020/04/10,36.0,37.7,35.4,37.7
2020/04/13,37.4,38.5,37.3,38.0
2020/04/14,37.9,38.5,37.9,38.5
2020/04/15,38.6,39.2,38.6,38.7
2020/04/16,38.7,39.1,38.5,39.1
2020/04/17,39.2,40.4,38.5,39.2
2020/04/20,39.1,39.2,38.5,38.7
2020/04/21,38.2,38.5,36.4,36.5
2020/04/22,35.0,36.7,35.0,36.7
2020/04/23,37.0,37.1,35.6,36.7
2020/04/24,36.2,36.9,36.0,36.7
2020/04/27,36.7,37.3,36.7,37.0
2020/04/28,37.4,40.2,37.1,38.5
2020/04/29,39.7,40.5,39.0,39.9
2020/04/30,43.2,43.2,40.7,41.3
2020/05/04,39.7,41.0,39.7,40.4
2020/05/05,40.5,42.2,40.5,41.6
2020/05/06,41.7,41.7,40.9,41.2
2020/05/07,41.2,41.8,41.2,41.4
2020/05/08,41.3,42.4,41.2,41.6
2020/05/11,42.1,44.0,42.1,43.7
2020/05/12,43.8,43.8,42.8,43.7
2020/05/13,43.2,44.2,42.8,44.2
2020/05/14,43.7,44.0,42.7,42.8
2020/05/15,43.1,43.4,41.2,42.6
2020/05/18,42.5,42.5,41.2,41.2
2020/05/19,42.2,42.2,41.2,41.4
2020/05/20,41.2,43.3,41.2,43.2
2020/05/21,43.2,43.7,42.2,42.4
2020/05/22,42.3,42.5,41.3,41.3
2020/05/25,41.5,43.1,41.4,42.8
2020/05/26,42.9,43.3,42.3,42.9
2020/05/27,43.3,43.5,42.8,43.3
2020/05/28,43.7,45.3,43.0,43.1
2020/05/29,43.1,44.2,43.1,43.5
2020/06/01,44.6,44.6,43.4,43.8
2020/06/02,44.0,45.0,44.0,44.0
2020/06/03,45.0,45.2,44.1,44.3
2020/06/04,44.5,44.5,43.5,43.6
2020/06/05,43.2,44.0,43.2,43.8
2020/06/08,44.1,45.7,43.6,44.4
2020/06/09,45.0,45.3,42.6,42.6
2020/06/10,42.7,42.7,41.6,42.0
2020/06/11,42.4,42.7,41.6,41.7
2020/06/12,40.0,40.7,39.1,40.6
2020/06/15,42.0,42.0,40.6,40.8
2020/06/16,41.5,41.8,41.0,41.2
2020/06/17,41.3,42.7,41.2,41.6
2020/06/18,41.7,42.3,41.2,42.3
2020/06/19,42.6,42.7,42.1,42.1
2020/06/22,41.9,42.6,41.5,41.7
2020/06/23,41.7,42.2,41.5,41.7
2020/06/24,41.7,42.2,41.7,42.0
2020/06/29,41.2,42.1,41.2,41.7
2020/06/30,41.9,41.9,41.5,41.8
2020/07/01,41.9,42.1,41.6,41.8
2020/07/02,41.8,42.4,41.7,41.9
2020/07/03,42.3,44.5,41.9,44.5
2020/07/06,45.7,46.2,43.7,43.9
2020/07/07,44.4,44.4,42.8,43.7
2020/07/08,44.4,45.7,44.1,45.6
2020/07/09,46.0,48.4,46.0,48.4
2020/07/10,52.5,53.1,48.6,51.5
2020/07/13,53.3,54.5,52.3,52.9
2020/07/14,52.6,52.7,50.3,51.6
2020/07/15,51.8,56.8,49.9,51.1
2020/07/16,51.6,52.8,50.1,52.3
2020/07/17,52.3,54.8,51.5,53.3
2020/07/20,53.6,54.4,50.8,52.2
2020/07/21,52.6,54.0,51.7,52.7
2020/07/22,52.6,54.6,52.2,52.7
2020/07/23,52.8,53.1,52.0,52.0
2020/07/24,52.5,54.3,51.6,53.4
2020/07/27,57.1,58.7,55.8,58.7
2020/07/28,59.9,63.5,54.4,55.4
2020/07/29,54.5,60.8,54.0,60.8
2020/07/30,63.5,64.3,60.6,61.3
2020/07/31,61.0,62.8,59.8,62.2
2020/08/03,62.2,62.8,60.9,61.9
2020/08/04,62.7,63.0,61.0,61.6
2020/08/05,63.0,67.1,62.9,64.5
2020/08/06,66.1,66.6,63.3,63.8
2020/08/07,63.9,64.4,61.3,62.3
2020/08/10,62.4,62.6,58.7,59.5
2020/08/11,60.3,61.0,58.7,58.7
2020/08/12,58.7,59.4,56.7,58.5
2020/08/13,59.7,59.8,58.0,58.0
2020/08/14,58.5,60.2,57.1,59.5
2020/08/17,59.8,60.8,59.1,60.0
2020/08/18,60.0,60.4,58.5,58.5
2020/08/19,58.6,58.7,55.2,55.7
2020/08/20,55.0,55.3,50.1,52.4
2020/08/21,53.4,57.6,52.9,57.6
2020/08/24,58.9,61.9,58.3,61.1
2020/08/25,61.6,62.7,60.1,61.7
2020/08/26,62.5,66.0,62.2,62.2
2020/08/27,62.6,68.4,62.5,66.7
2020/08/28,67.6,68.2,65.6,67.1
2020/08/31,68.4,69.1,66.2,67.9
2020/09/01,69.3,71.9,68.0,68.0
2020/09/02,68.0,68.5,65.8,66.1
2020/09/03,67.2,67.2,65.6,66.1
2020/09/04,64.0,65.5,63.1,63.9
2020/09/07,63.8,63.8,60.9,61.7
2020/09/08,62.7,64.4,61.6,63.4
2020/09/09,62.0,63.6,62.0,63.6
2020/09/10,64.1,64.2,62.5,62.5
2020/09/11,63.0,64.0,62.5,62.9
2020/09/14,63.7,67.3,63.5,66.7
2020/09/15,66.1,66.9,65.2,65.9
2020/09/16,66.8,68.3,65.0,65.8
2020/09/17,65.8,67.0,65.6,66.0
2020/09/18,66.6,68.0,66.2,66.8
2020/09/21,68.0,68.1,66.6,66.8
2020/09/22,67.0,68.9,65.1,68.9
2020/09/23,70.5,74.3,65.5,65.5
2020/09/24,65.6,67.0,63.9,66.0
2020/09/25,66.6,66.9,60.5,62.0
2020/09/28,63.6,64.3,62.9,63.9
2020/09/29,63.9,64.7,63.2,63.5
2020/09/30,63.2,64.5,62.8,64.5
2020/10/05,63.8,68.0,63.8,68.0
2020/10/06,69.9,71.5,67.6,69.5
2020/10/07,68.7,70.2,68.4,69.2
2020/10/08,70.1,70.3,68.1,68.1
2020/10/12,68.1,70.0,68.0,69.7
2020/10/13,69.9,72.0,68.6,70.9
2020/10/14,71.5,72.8,71.0,72.1
2020/10/15,73.0,73.5,70.6,70.8
2020/10/16,70.4,71.5,69.0,69.0
2020/10/19,69.9,70.1,68.3,68.5
2020/10/20,68.5,69.3,68.2,69.1
2020/10/21,69.7,72.2,69.5,71.9
2020/10/22,70.7,72.8,70.2,72.3
2020/10/23,73.9,74.9,70.6,71.9
2020/10/26,72.4,72.9,71.1,71.6
2020/10/27,71.1,72.1,70.7,71.3
2020/10/28,71.8,72.1,69.5,69.5
2020/10/29,66.9,71.6,66.8,71.5
2020/10/30,71.0,72.9,70.7,70.9
2020/11/02,71.5,72.8,70.2,72.8
2020/11/03,73.8,75.6,71.8,75.3
2020/11/04,75.3,78.4,74.0,78.4
2020/11/05,78.4,81.4,77.5,81.4
2020/11/06,81.8,89.3,81.5,82.5
2020/11/09,85.3,89.2,84.4,89.2
2020/11/10,88.1,88.3,82.9,85.7
2020/11/11,85.7,87.7,83.3,84.0
2020/11/12,84.8,86.2,82.8,84.4
2020/11/13,83.4,86.7,82.9,86.5
2020/11/16,87.3,90.9,86.3,88.9
2020/11/17,89.0,90.0,85.8,86.0
2020/11/18,85.5,87.4,85.4,86.6
2020/11/19,86.2,86.5,83.4,83.6
2020/11/20,83.6,85.2,83.0,83.5
2020/11/23,83.5,84.9,83.4,84.6
2020/11/24,84.6,85.7,83.5,84.9
2020/11/25,85.7,87.5,84.1,84.8
2020/11/26,84.4,87.1,84.4,84.7
2020/11/27,85.7,86.4,84.8,86.4
2020/11/30,87.3,88.9,86.6,87.6
2020/12/01,88.2,88.4,86.2,86.3
2020/12/02,86.8,94.4,86.2,93.8
2020/12/03,95.8,97.9,88.6,89.4
2020/12/04,90.3,90.7,87.5,87.7
2020/12/07,87.9,88.2,83.8,84.3
2020/12/08,84.1,86.2,84.1,84.9
2020/12/09,86.0,87.2,85.4,87.0
2020/12/10,86.1,86.4,84.7,85.3
2020/12/11,85.8,90.3,85.4,86.4
2020/12/14,86.5,90.3,84.6,89.1
2020/12/15,88.6,89.7,85.3,85.4
2020/12/16,86.3,87.5,86.3,86.5
2020/12/17,86.8,87.6,85.3,85.5
2020/12/18,86.3,88.1,85.9,85.9
2020/12/21,86.5,86.9,84.9,86.2
2020/12/22,86.2,86.9,83.0,83.8
2020/12/23,84.1,84.9,83.5,83.7
2020/12/24,84.4,87.5,84.3,86.5
2020/12/25,86.7,89.0,85.8,86.3
2020/12/28,86.7,88.0,86.3,86.3
2020/12/29,86.8,87.7,85.8,85.9
2020/12/30,86.2,87.2,84.8,86.5
2020/12/31,87.0,89.3,86.4,88.5
2021/01/04,94.1,97.4,91.8,97.4
2021/01/05,97.4,100.2,93.9,94.3
2021/01/06,94.3,96.7,90.3,91.5
2021/01/07,91.9,100.2,91.9,100.2
2021/01/08,99.2,109.7,96.3,102.7
2021/01/11,105.2,109.2,103.7,106.7
2021/01/12,106.7,109.2,100.7,106.2
2021/01/13,107.7,113.1,107.7,111.1
2021/01/14,109.2,112.1,108.2,111.1
2021/01/15,118.6,122.1,111.1,112.1
2021/01/18,113.1,123.1,107.7,123.1
2021/01/19,123.1,128.5,120.1,122.6
2021/01/20,123.1,124.5,116.1,120.6
2021/01/21,122.1,126.5,119.6,124.0
2021/01/22,121.6,127.0,121.1,123.6
2021/01/25,122.1,123.1,118.1,120.1
2021/01/26,122.1,129.5,119.6,119.6
2021/01/27,120.6,123.1,118.1,120.1
2021/01/28,116.6,119.1,115.1,116.1
2021/01/29,118.6,119.1,108.7,108.7
2021/02/01,108.7,112.1,103.7,109.2
2021/02/02,111.6,114.1,110.2,110.7
2021/02/03,110.7,112.1,108.2,110.2
2021/02/04,109.7,111.6,108.7,110.7
2021/02/05,111.1,113.6,109.7,112.6
2021/02/17,118.1,122.6,115.6,118.6
2021/02/18,118.6,122.6,116.6,122.1
2021/02/19,120.1,121.1,116.6,117.6
2021/02/22,120.1,128.5,119.1,124.5
2021/02/23,125.5,127.0,121.6,122.1
2021/02/24,122.1,122.6,117.1,117.1
2021/02/25,119.1,120.6,117.1,117.6
2021/02/26,113.1,121.6,112.1,117.6
2021/03/02,119.1,120.1,113.1,113.1
2021/03/03,113.1,115.1,108.7,109.7
2021/03/04,109.7,112.6,108.2,108.2
2021/03/05,105.7,108.2,105.2,106.7
2021/03/08,108.7,108.7,99.2,99.2
2021/03/09,99.7,100.7,95.7,97.7
2021/03/10,99.7,101.7,98.4,101.2
2021/03/11,101.2,104.7,99.7,102.7
2021/03/12,103.2,104.2,98.7,99.2
2021/03/15,101.2,102.2,99.1,100.7
2021/03/16,102.2,102.2,99.7,100.7
2021/03/17,101.7,106.7,100.2,102.2
2021/03/18,102.2,103.2,100.2,101.7
2021/03/19,101.7,103.7,100.7,102.2
2021/03/22,102.7,105.2,101.2,102.7
2021/03/23,104.7,105.2,102.7,103.2
2021/03/24,103.2,105.2,103.2,105.2
2021/03/25,106.7,113.1,106.7,111.6
2021/03/26,112.6,113.6,110.7,112.1
2021/03/29,112.1,114.1,110.2,110.2
2021/03/30,112.6,112.6,108.2,109.2
2021/03/31,111.1,117.6,110.2,114.6
2021/04/01,118.6,123.1,117.6,119.1
2021/04/06,124.5,131.0,124.0,131.0
2021/04/07,137.0,143.9,136.0,143.9
2021/04/08,144.9,148.4,140.9,141.4
2021/04/09,144.9,154.8,141.9,144.4
2021/04/12,148.9,156.8,143.9,144.4
2021/04/13,147.4,148.4,136.0,136.5
2021/04/14,138.9,149.9,132.0,149.9
2021/04/15,146.9,153.3,143.4,150.8
2021/04/16,149.9,149.9,141.4,141.4
2021/04/19,142.4,146.4,138.9,140.4
2021/04/20,138.9,143.4,137.0,140.9
2021/04/21,139.9,142.4,137.4,141.4
2021/04/22,142.4,145.9,136.0,136.0
2021/04/23,134.0,144.9,134.0,144.9
2021/04/26,144.9,147.9,141.9,144.9
2021/04/27,145.4,145.9,142.9,143.9
2021/04/28,141.4,147.4,140.9,144.9
2021/04/29,143.9,147.4,142.4,142.9
2021/05/03,141.9,141.9,134.5,135.0
2021/05/04,139.4,139.9,121.6,137.9
2021/05/05,140.4,141.9,126.0,126.0
2021/05/06,128.0,131.5,126.5,131.0
2021/05/07,131.0,143.4,130.0,141.9
2021/05/10,143.4,147.9,137.4,137.9
2021/05/11,129.0,135.0,124.5,124.5
2021/05/12,125.0,129.0,112.1,118.1
2021/05/13,114.1,122.1,110.2,117.6
2021/05/14,120.1,125.0,114.1,115.1
2021/05/17,105.2,118.1,105.2,115.1
2021/05/18,117.1,125.0,115.1,124.5
2021/05/19,122.1,126.5,118.1,119.1
2021/05/20,120.6,122.6,117.1,117.1
2021/05/21,120.6,121.6,118.1,121.1
2021/05/24,119.6,124.0,118.6,124.0
2021/05/25,126.0,134.0,124.5,127.0
2021/05/26,127.0,130.5,126.0,128.5
2021/05/27,128.5,130.0,126.0,128.5
2021/05/28,131.0,131.5,128.5,129.0
2021/05/31,133.5,137.0,131.0,133.5
2021/06/01,137.0,139.9,135.0,136.0
2021/06/02,138.4,138.9,131.0,132.0
2021/06/03,133.0,137.4,130.5,137.4
2021/06/04,135.5,137.0,132.5,133.0
2021/06/07,132.5,137.0,127.0,134.0
2021/06/08,136.0,137.0,132.0,132.0
2021/06/09,132.0,135.0,130.5,131.0
2021/06/10,132.5,135.0,131.5,131.5
2021/06/11,133.5,135.0,130.5,130.5
2021/06/15,132.5,135.5,131.5,135.5
2021/06/16,135.5,137.9,133.0,133.0
2021/06/17,133.0,137.0,130.5,136.5
2021/06/18,137.9,137.9,134.0,134.0
2021/06/21,132.0,133.0,126.0,127.0
2021/06/22,129.0,130.5,125.0,125.0
2021/06/23,125.5,130.0,124.5,128.5
2021/06/24,129.5,130.0,126.0,126.5
2021/06/25,128.5,131.0,128.0,128.0
2021/06/28,127.0,128.5,125.0,127.0
2021/06/29,128.5,129.0,125.5,125.5
2021/06/30,126.5,128.0,125.0,125.0
2021/07/01,126.0,127.0,121.1,121.1
2021/07/02,121.1,126.5,121.1,124.0
2021/07/05,127.5,134.5,126.0,133.5
2021/07/06,133.5,133.5,129.5,130.5
2021/07/07,131.0,132.5,127.5,129.5
2021/07/08,130.5,131.0,127.0,127.5
2021/07/09,126.0,128.5,125.0,125.5
2021/07/12,129.0,135.5,127.5,134.0
2021/07/13,140.4,147.4,139.9,147.4
2021/07/14,151.3,156.3,139.9,156.3
2021/07/15,161.8,167.7,155.8,157.8
2021/07/16,151.8,163.7,147.4,161.8
2021/07/19,161.8,164.7,156.8,158.8
2021/07/20,156.3,159.8,150.8,151.3
2021/07/21,154.8,155.8,145.9,153.8
2021/07/22,154.8,155.3,143.4,143.4
2021/07/23,143.4,150.3,142.4,144.4
2021/07/26,147.9,151.8,146.9,148.9
2021/07/27,149.9,150.8,142.4,142.4
2021/07/28,143.9,143.9,131.0,137.9
2021/07/29,142.9,142.9,136.0,142.4
2021/07/30,143.4,148.4,138.4,138.9
2021/08/02,138.9,143.9,138.9,143.9
2021/08/03,144.9,150.8,144.9,148.9
2021/08/04,156.3,161.8,149.4,150.8
2021/08/05,151.3,151.8,145.9,145.9
2021/08/06,145.9,145.9,141.9,142.9
2021/08/09,140.9,142.4,137.4,137.4
2021/08/10,137.9,140.4,136.0,137.9
2021/08/11,137.9,139.9,132.0,132.5
2021/08/12,131.0,137.0,129.5,137.0
2021/08/13,135.5,136.0,132.5,133.0
2021/08/16,130.5,133.0,126.5,129.5
2021/08/17,130.5,130.5,127.0,127.0
2021/08/18,125.0,132.0,121.6,131.0
2021/08/19,130.0,130.0,123.1,123.1
2021/08/20,126.0,129.0,122.1,126.5
2021/08/23,129.0,132.5,128.0,130.5
2021/08/24,133.0,133.0,128.0,128.5
2021/08/25,128.5,133.0,128.5,131.0
2021/08/26,135.5,135.5,128.0,128.0
2021/08/27,128.0,131.0,126.5,128.5
2021/08/30,130.0,130.0,127.5,128.0
2021/08/31,129.0,130.0,127.5,128.5
2021/09/01,128.5,131.0,128.0,131.0
2021/09/02,131.0,131.5,128.0,128.5
2021/09/03,130.0,134.5,129.0,132.0
2021/09/06,132.0,134.0,128.0,128.0
2021/09/07,128.0,129.5,124.0,124.5
2021/09/08,123.1,123.6,113.1,115.6
2021/09/09,116.1,119.1,112.6,119.1
2021/09/10,118.1,119.6,114.1,116.1
2021/09/13,116.1,117.1,112.6,112.6
2021/09/14,113.6,114.6,109.2,112.1
2021/09/15,110.7,111.6,109.7,111.6
2021/09/16,111.6,113.6,110.7,112.1
2021/09/17,112.6,119.6,111.6,119.1
2021/09/22,114.6,116.6,113.6,115.6
2021/09/23,117.1,120.6,116.6,117.6
2021/09/24,120.6,120.6,115.6,116.1
2021/09/27,117.6,117.6,114.1,114.6
2021/09/28,114.6,116.6,113.1,115.1
2021/09/29,112.6,115.1,112.1,113.1
2021/09/30,113.1,115.6,112.6,114.1
2021/10/01,113.6,114.1,108.2,108.2
2021/10/04,109.2,109.7,100.2,101.2
2021/10/05,98.2,104.7,96.9,103.2
2021/10/06,103.7,104.2,97.2,98.4
2021/10/07,99.7,106.2,99.7,106.2
2021/10/08,105.2,108.2,103.2,106.7
2021/10/12,106.7,108.2,103.2,103.7
2021/10/13,103.7,104.7,99.7,100.2
2021/10/14,101.2,107.2,100.7,106.2
2021/10/15,109.7,110.2,101.7,101.7
2021/10/18,103.2,105.7,101.2,103.7
2021/10/19,103.7,105.7,103.2,104.2
2021/10/20,104.2,107.7,104.2,106.2
2021/10/21,106.7,111.6,106.7,110.2
2021/10/22,109.2,110.7,106.7,109.2
2021/10/25,109.7,110.2,107.7,108.2
2021/10/26,108.7,110.7,104.7,106.2
2021/10/27,105.2,109.2,105.2,108.7
2021/10/28,107.7,119.1,107.7,112.1
2021/10/29,112.6,112.6,107.7,108.2
2021/11/01,108.7,110.2,104.2,109.7
2021/11/02,109.7,111.1,105.2,105.7
2021/11/03,106.7,108.2,104.2,106.7
2021/11/04,107.2,113.6,106.2,110.7
2021/11/05,111.6,112.6,109.2,110.7
2021/11/08,110.7,110.7,103.2,107.2
2021/11/09,107.2,112.6,106.2,109.7
2021/11/10,110.7,115.6,109.7,114.1
2021/11/11,114.1,119.1,112.1,118.1
2021/11/12,119.6,124.0,117.1,121.6
2021/11/15,121.6,123.1,118.1,119.1
2021/11/16,119.6,121.1,119.1,119.6
2021/11/17,120.6,120.6,116.1,116.6
2021/11/18,119.1,120.6,116.6,117.1
2021/11/19,118.1,122.6,117.6,118.1
2021/11/22,121.1,129.5,120.6,128.0
2021/11/23,127.5,127.5,120.1,120.6
2021/11/24,119.6,121.1,118.1,119.1
2021/11/25,120.1,123.6,119.1,119.1
2021/11/26,119.1,119.6,114.1,114.6
2021/11/29,110.7,114.1,107.2,112.1
2021/11/30,114.1,118.6,114.1,117.1
2021/12/01,117.6,118.6,115.1,118.1
2021/12/02,116.6,117.6,113.6,114.6
2021/12/03,116.1,117.6,114.6,116.6
2021/12/06,115.6,118.6,115.6,117.1
2021/12/07,117.6,120.1,114.6,116.1
2021/12/08,118.1,119.1,116.1,116.1
2021/12/09,113.1,117.6,111.6,116.1
2021/12/10,118.1,120.6,116.1,116.6
2021/12/13,116.6,116.6,114.1,115.6
2021/12/14,114.1,115.1,112.6,113.6
2021/12/15,113.6,114.6,112.1,112.6
2021/12/16,114.1,114.1,112.1,113.6
2021/12/17,113.1,113.6,110.7,111.1
2021/12/20,111.6,112.6,109.7,110.2
2021/12/21,110.2,112.1,108.2,112.1
2021/12/22,112.6,115.6,112.1,113.6
2021/12/23,115.1,118.1,114.1,116.1
2021/12/24,119.1,119.1,115.1,115.1
2021/12/27,115.6,118.6,114.6,116.6
2021/12/28,117.1,119.1,115.6,116.1
2021/12/29,116.1,126.0,115.6,122.6
2021/12/30,127.0,128.0,120.1,121.6
2022/01/03,122.6,122.6,117.1,121.1
2022/01/04,122.1,128.5,121.6,125.0
2022/01/05,126.5,128.5,123.6,128.5
2022/01/06,128.0,139.4,126.0,135.0
2022/01/07,137.0,138.9,132.5,137.4
2022/01/10,134.0,140.4,134.0,136.5
2022/01/11,134.0,137.0,127.5,135.0
2022/01/12,136.0,139.4,130.0,133.0
2022/01/13,133.0,134.5,126.0,126.5
2022/01/14,126.0,126.0,121.1,124.0
2022/01/17,125.0,129.5,124.0,129.0
2022/01/18,128.5,132.0,125.5,126.0
2022/01/19,124.0,126.0,123.6,124.0
2022/01/20,124.0,126.5,122.6,123.1
2022/01/21,121.1,124.0,120.6,121.1
2022/01/24,121.1,121.6,116.1,119.1
2022/01/25,118.6,119.6,115.1,115.1
2022/01/26,115.1,119.6,114.1,116.1
2022/02/07,118.1,120.1,116.6,120.1
2022/02/08,120.1,123.6,119.1,122.6
2022/02/09,121.6,126.0,121.6,125.0
2022/02/10,126.0,126.0,123.6,125.5
2022/02/11,126.0,132.0,125.5,128.0
2022/02/14,125.5,131.5,124.5,129.5
2022/02/15,132.5,135.0,130.0,132.5
2022/02/16,136.0,136.5,132.5,134.0
2022/02/17,135.0,135.5,131.5,131.5
2022/02/18,130.5,133.5,130.0,130.5
2022/02/21,130.0,132.0,129.0,131.0
2022/02/22,129.5,131.0,126.5,128.5
2022/02/23,131.0,139.9,130.0,137.0
2022/02/24,136.0,140.4,132.0,132.0
2022/02/25,134.0,137.9,134.0,136.0
2022/03/01,135.5,140.9,134.5,139.9
2022/03/02,139.9,143.9,137.0,143.9
2022/03/03,149.4,155.3,146.4,146.9
2022/03/04,145.4,149.9,139.9,139.9
2022/03/07,136.5,137.4,126.0,126.0
2022/03/08,124.0,131.0,123.6,125.5
2022/03/09,128.5,129.0,126.0,128.5
2022/03/10,132.5,134.5,131.0,131.0
2022/03/11,132.0,140.4,131.5,137.9
2022/03/14,142.9,143.4,135.0,139.4
2022/03/15,137.4,138.4,130.5,130.5
2022/03/16,135.5,140.4,135.0,135.5
2022/03/17,140.9,145.9,137.9,145.4
2022/03/18,142.4,143.9,140.9,142.9
2022/03/21,143.9,145.4,140.9,144.9
2022/03/22,142.9,145.4,140.9,141.9
2022/03/23,141.9,146.4,141.9,144.4
2022/03/24,144.4,146.9,142.9,144.9
2022/03/25,145.4,146.4,140.9,141.4
2022/03/28,138.9,142.4,136.0,140.9
2022/03/29,139.9,141.9,138.9,140.4
2022/03/30,141.4,143.4,138.9,139.4
2022/03/31,139.9,139.9,133.0,133.0
2022/04/01,131.0,135.0,129.5,134.0
2022/04/06,132.0,136.0,131.5,136.0
2022/04/07,134.0,135.0,128.5,128.5
2022/04/08,129.0,132.5,126.5,129.0
2022/04/11,128.5,129.0,123.1,123.1
2022/04/12,120.1,123.1,118.6,121.1
2022/04/13,122.1,124.5,121.1,123.1
2022/04/14,124.0,125.5,123.1,124.0
2022/04/15,122.6,122.6,118.1,118.1
2022/04/18,116.6,118.1,113.6,116.6
2022/04/19,117.1,118.6,114.1,114.1
2022/04/20,116.1,116.1,113.6,114.6
2022/04/21,115.1,116.6,114.1,115.6
2022/04/22,114.1,114.1,108.7,109.7
2022/04/25,104.7,106.2,103.7,104.7
2022/04/26,106.2,106.2,101.7,103.7
2022/04/27,98.8,104.2,98.5,102.7
2022/04/28,101.7,105.7,99.7,104.2
2022/04/29,106.2,114.6,106.2,114.6
2022/05/03,115.6,118.1,111.1,117.1
2022/05/04,117.1,117.1,114.6,114.6
2022/05/05,117.6,118.6,113.6,115.1
2022/05/06,112.1,112.1,110.2,111.1
2022/05/09,111.1,111.6,105.2,105.2
2022/05/10,100.7,105.7,100.7,104.7
2022/05/11,105.7,106.7,102.7,103.2
2022/05/12,104.2,104.7,98.9,99.0
2022/05/13,100.2,103.2,99.7,103.2
2022/05/16,105.2,106.2,102.2,102.2
2022/05/17,103.7,107.2,103.7,106.7
2022/05/18,108.2,108.7,106.2,106.2
2022/05/19,103.2,104.7,101.7,104.2
2022/05/20,104.7,104.7,103.2,103.2
2022/05/23,104.2,105.2,103.2,104.7
2022/05/24,105.2,106.2,99.7,100.2
2022/05/25,100.7,101.2,99.2,100.7
2022/05/26,101.2,101.2,99.1,99.2
2022/05/27,100.7,101.2,99.7,100.2
2022/05/30,102.2,104.7,101.7,103.7
2022/05/31,103.7,111.1,103.7,109.7
2022/06/01,109.7,110.7,106.2,106.2
2022/06/02,105.2,106.7,104.2,106.2
2022/06/06,107.2,108.2,104.7,104.7
2022/06/07,105.2,105.7,104.2,104.2
2022/06/08,106.2,106.2,103.7,104.7
2022/06/09,105.2,105.2,100.7,101.2
2022/06/10,99.7,100.7,99.2,99.7
2022/06/13,97.7,97.7,95.8,96.0
2022/06/14,95.4,95.4,90.8,92.1
2022/06/15,92.6,93.3,89.5,89.5
2022/06/16,92.7,92.7,86.9,86.9
2022/06/17,85.3,87.5,83.9,87.5
2022/06/20,87.5,87.7,80.2,80.3
2022/06/21,81.5,85.2,80.9,84.9
2022/06/22,85.3,85.5,82.6,82.6
2022/06/23,82.7,83.6,80.1,81.7
2022/06/24,82.8,84.7,82.7,83.8
2022/06/27,85.7,86.6,84.9,86.1
2022/06/28,86.8,86.8,83.7,85.5
2022/06/29,84.0,85.2,83.0,83.5
2022/06/30,82.9,82.9,80.2,80.5
2022/07/01,80.1,80.1,74.4,74.4
2022/07/04,74.9,76.3,72.9,74.0
2022/07/05,75.0,77.4,73.3,76.4
2022/07/06,76.8,77.5,73.9,74.2
2022/07/07,73.7,75.6,72.9,75.1
2022/07/08,76.3,79.1,75.9,77.9
2022/07/11,74.0,74.1,71.6,72.7
2022/07/12,71.5,71.6,68.3,68.8
2022/07/13,72.2,72.6,70.6,70.7
2022/07/14,70.8,72.6,69.7,72.1
2022/07/15,72.5,75.8,71.9,75.2
2022/07/18,75.4,79.7,74.5,79.4
2022/07/19,76.7,78.0,76.4,76.7
2022/07/20,78.2,79.3,76.4,76.9
2022/07/21,77.4,78.6,76.1,78.6
2022/07/22,77.9,80.1,77.4,77.9
2022/07/25,77.6,78.5,76.0,78.4
2022/07/26,77.9,77.9,75.2,75.3
2022/07/27,75.3,76.3,73.9,75.8
2022/07/28,77.1,77.2,74.4,74.5
2022/07/29,75.1,76.1,74.9,75.9
2022/08/01,75.9,75.9,74.5,74.7
2022/08/02,73.9,73.9,71.0,71.8
2022/08/03,71.9,72.2,70.0,70.6
2022/08/04,71.1,71.1,68.6,70.6
2022/08/05,71.8,73.7,71.5,73.7
2022/08/08,73.1,74.2,72.2,73.8
2022/08/09,74.0,74.0,72.8,73.3
2022/08/10,73.3,73.3,71.8,71.8
2022/08/11,73.3,74.2,72.7,72.7
2022/08/12,72.9,74.9,72.9,74.9
2022/08/15,77.4,77.4,75.4,76.3
2022/08/16,76.4,78.8,76.0,78.8
2022/08/17,79.4,79.4,76.8,77.9
2022/08/18,76.9,78.6,76.2,78.3
2022/08/19,78.9,86.0,78.6,86.0
2022/08/22,86.5,87.2,80.4,80.4
2022/08/23,79.4,79.4,77.7,77.9
2022/08/24,78.3,78.9,77.1,77.6
2022/08/25,78.6,81.9,78.1,81.8
2022/08/26,83.4,83.7,81.0,81.0
2022/08/29,77.4,78.4,77.1,77.7
2022/08/30,78.2,84.9,77.4,84.0
2022/08/31,84.9,86.9,83.9,86.4
2022/09/01,86.3,90.7,85.3,85.8
2022/09/02,86.4,87.9,84.5,84.5
2022/09/05,84.5,84.9,80.6,81.1
2022/09/06,81.1,81.7,78.6,79.0
2022/09/07,78.0,80.0,77.7,79.1
2022/09/08,79.8,81.0,78.6,79.9
2022/09/12,80.6,81.0,79.2,80.0
2022/09/13,80.4,83.7,80.4,83.4
2022/09/14,81.2,84.1,80.6,83.8
2022/09/15,83.9,85.8,83.0,83.1
2022/09/16,82.2,83.8,81.6,81.7
2022/09/19,81.4,81.5,79.7,79.9
2022/09/20,80.5,81.1,79.7,81.1
2022/09/21,80.7,80.8,78.7,79.2
2022/09/22,78.4,78.4,77.2,78.3
2022/09/23,77.9,78.8,73.5,75.7
2022/09/26,73.9,74.3,68.8,70.3
2022/09/27,70.3,71.8,69.9,71.8
2022/09/28,71.9,72.7,66.4,66.4
2022/09/29,67.9,67.9,65.4,65.5
2022/09/30,64.3,66.7,62.3,66.5
2022/10/03,66.3,66.8,64.5,65.6
2022/10/04,67.4,69.0,67.1,68.8
2022/10/05,71.2,71.2,68.5,68.6
2022/10/06,69.9,69.9,67.6,67.7
2022/10/07,65.7,66.2,62.9,63.0
2022/10/11,62.8,63.3,60.0,61.2
2022/10/12,60.7,62.1,59.8,61.2
2022/10/13,60.9,61.4,55.8,55.8
2022/10/14,57.6,59.3,57.5,59.0
2022/10/17,57.6,59.7,55.1,59.7
2022/10/18,60.3,61.0,58.0,58.7
2022/10/19,58.9,59.9,57.5,58.1
2022/10/20,57.0,57.4,55.7,57.2
2022/10/21,57.4,57.4,55.2,55.2
2022/10/24,56.5,57.7,56.4,57.3
2022/10/25,57.6,57.6,55.1,55.2
2022/10/26,55.5,55.5,53.3,54.0
2022/10/27,53.6,56.3,53.6,55.9
2022/10/28,55.6,55.7,54.7,55.2
2022/10/31,56.1,57.2,55.8,56.5
2022/11/01,56.5,57.2,56.4,57.0
2022/11/02,57.1,58.5,57.0,58.0
2022/11/03,57.0,58.1,56.8,57.4
2022/11/04,57.4,58.9,56.4,58.7
2022/11/07,59.3,59.9,58.2,58.8
2022/11/08,58.7,60.2,58.1,58.2
2022/11/09,58.8,60.1,58.8,60.1
2022/11/10,60.1,60.1,58.6,58.7
2022/11/11,61.1,61.6,59.5,59.6
2022/11/14,59.7,60.8,59.3,60.3
2022/11/15,60.3,64.1,60.3,62.6
2022/11/16,63.1,63.8,61.0,63.6
2022/11/17,63.6,63.6,62.1,62.6
2022/11/18,62.7,63.6,61.0,61.0
2022/11/21,61.1,61.9,61.0,61.0
2022/11/22,60.6,61.0,60.0,60.8
2022/11/23,61.4,61.7,60.3,60.3
2022/11/24,60.9,64.5,60.5,63.9
2022/11/25,65.2,65.4,62.5,62.5
2022/11/28,62.1,62.6,61.3,62.0
2022/11/29,61.8,62.5,60.8,61.9
2022/11/30,62.4,64.4,62.4,63.6
2022/12/01,65.3,65.7,64.1,64.6
2022/12/02,64.5,70.2,64.5,66.9
2022/12/05,68.9,73.5,68.0,73.5
2022/12/06,74.4,74.5,71.1,71.3
2022/12/07,71.0,73.2,69.8,70.6
2022/12/08,71.8,72.7,71.4,71.8
2022/12/09,72.0,72.4,69.3,69.8
2022/12/12,69.6,70.4,68.2,68.9
2022/12/13,69.5,69.6,68.3,68.5
2022/12/14,69.0,69.3,68.3,69.1
2022/12/15,69.3,70.8,69.1,70.6
2022/12/16,69.1,69.9,68.5,68.7
2022/12/19,68.2,68.2,67.3,67.3
2022/12/20,67.5,69.0,63.8,63.8
2022/12/21,64.5,65.5,63.9,64.5
2022/12/22,65.5,65.8,63.5,63.9
2022/12/23,63.4,64.5,62.3,64.5
2022/12/26,64.7,64.8,63.2,63.2
2022/12/27,63.7,64.2,63.1,63.5
2022/12/28,63.5,63.5,60.7,60.7
2022/12/29,59.8,60.9,59.1,60.5
2022/12/30,61.5,61.8,60.0,60.3
2023/01/03,60.0,62.7,60.0,62.4
2023/01/04,62.3,62.9,62.0,62.3
2023/01/05,62.5,63.3,62.2,62.2
2023/01/06,62.3,63.1,62.3,63.1
2023/01/09,64.0,64.3,63.2,63.7
2023/01/10,63.5,64.0,62.6,63.5
2023/01/11,64.0,64.0,62.8,62.9
2023/01/12,63.1,63.2,62.0,62.1
2023/01/13,63.0,63.4,61.5,61.8
2023/01/16,61.8,62.4,61.8,62.0
2023/01/17,61.9,62.5,61.7,61.8
2023/01/30,62.8,65.3,62.8,65.3
2023/01/31,65.2,65.4,64.4,65.2
2023/02/01,65.5,66.9,65.5,66.5
2023/02/02,66.8,67.7,66.5,67.6
2023/02/03,67.9,68.0,66.1,67.0
2023/02/06,66.8,67.1,66.1,66.4
2023/02/07,66.4,67.5,66.1,67.3
2023/02/08,67.7,68.0,67.1,67.9
2023/02/09,67.7,68.0,66.6,66.6
2023/02/10,67.0,67.0,65.0,65.5
2023/02/13,65.5,65.5,65.0,65.4
2023/02/14,65.7,66.6,65.5,66.6
2023/02/15,66.0,66.9,65.7,65.8
2023/02/16,66.2,70.5,66.1,70.4
2023/02/17,70.5,72.1,70.1,71.8
2023/02/20,71.9,72.3,70.9,71.5
2023/02/21,71.7,71.8,70.9,71.1
2023/02/22,70.5,70.5,69.5,69.8
2023/02/23,70.0,71.8,70.0,70.7
2023/02/24,71.6,72.8,71.5,71.5
2023/03/01,71.5,72.0,70.8,71.7
2023/03/02,71.9,72.5,71.5,71.6
2023/03/03,72.1,72.1,71.2,71.4
2023/03/06,72.0,72.0,70.7,71.0
2023/03/07,71.2,71.5,70.7,71.1
2023/03/08,70.8,72.0,70.5,71.5
2023/03/09,71.4,71.8,70.7,70.7
2023/03/10,70.6,70.6,67.5,67.7
2023/03/13,67.3,67.8,66.1,67.3
2023/03/14,67.3,67.8,66.6,67.5
2023/03/15,68.1,68.5,66.7,66.7
2023/03/16,66.4,66.8,64.5,64.7
2023/03/17,65.5,65.7,64.7,65.1
2023/03/20,65.2,67.1,64.5,66.6
2023/03/21,67.0,67.0,66.2,66.7
2023/03/22,67.5,67.8,66.8,67.5
2023/03/23,67.5,68.2,66.7,67.9
2023/03/24,68.3,68.6,67.6,68.1
2023/03/27,68.1,68.1,67.4,67.5
2023/03/28,67.6,67.6,66.5,66.5
2023/03/29,67.2,67.2,66.0,66.3
2023/03/30,66.5,67.5,66.4,67.4
2023/03/31,67.4,68.2,67.3,67.8
2023/04/06,68.3,68.3,66.7,67.0
2023/04/07,67.5,67.5,66.8,67.4
2023/04/10,67.4,67.6,66.9,67.3
2023/04/11,67.5,68.5,67.5,68.5
2023/04/12,68.5,69.4,67.8,68.3
2023/04/13,68.1,68.1,66.5,66.5
2023/04/14,66.8,67.4,66.3,66.3
2023/04/17,66.5,67.1,65.9,66.6
2023/04/18,66.7,67.2,66.0,66.0
2023/04/19,66.0,66.3,65.4,65.5
2023/04/20,66.5,66.5,64.8,64.8
2023/04/21,65.5,65.5,63.1,63.5
2023/04/24,63.0,63.4,62.7,62.9
2023/04/25,62.9,63.0,60.5,60.7
2023/04/26,60.5,60.7,59.7,60.4
2023/04/27,60.5,61.4,59.9,60.6
2023/04/28,61.3,61.7,60.8,60.8
2023/05/02,61.4,61.6,60.9,61.3
2023/05/03,61.5,61.5,60.6,60.7
2023/05/04,61.3,61.3,60.2,60.3
2023/05/05,60.9,61.4,60.5,61.1
2023/05/08,61.5,61.5,60.6,60.6
2023/05/09,61.3,61.3,60.2,60.5
2023/05/10,61.0,61.0,60.1,60.6
2023/05/11,61.4,61.4,59.9,60.5
2023/05/12,60.5,60.5,59.9,60.1
2023/05/15,60.5,60.8,60.1,60.7
2023/05/16,61.1,61.2,60.3,60.5
2023/05/17,60.5,61.6,60.2,61.0
2023/05/18,61.9,64.7,61.6,63.6
2023/05/19,64.0,64.4,63.5,63.7
2023/05/22,63.9,64.6,63.9,64.5
2023/05/23,64.5,65.2,64.0,65.0
2023/05/24,64.7,65.4,64.6,65.2
2023/05/25,65.4,69.1,65.0,68.7
2023/05/26,69.5,69.8,66.5,67.9
2023/05/29,69.1,69.1,67.2,67.2
2023/05/30,67.5,69.4,67.2,69.3
2023/05/31,69.4,71.3,68.5,68.7
2023/06/01,68.7,72.3,67.9,72.0
2023/06/02,74.2,77.4,73.4,73.9
2023/06/05,74.4,80.6,72.7,80.4
2023/06/06,81.4,84.2,80.4,82.9
2023/06/07,84.7,91.1,84.7,91.1
2023/06/08,93.1,95.4,88.8,92.7
2023/06/09,92.7,93.2,89.9,89.9
2023/06/12,90.8,91.8,87.6,88.9
2023/06/13,90.7,94.8,90.7,91.9
2023/06/14,94.1,94.1,88.8,89.3
2023/06/15,89.3,90.0,87.9,88.3
2023/06/16,89.1,90.0,88.1,88.3
2023/06/19,90.1,91.0,88.1,90.6
2023/06/20,90.1,92.1,88.3,88.7
2023/06/21,88.6,89.1,87.9,88.9
2023/06/26,88.6,88.6,85.3,85.6
2023/06/27,85.6,86.9,84.0,84.9
2023/06/28,85.5,85.7,81.8,81.8
2023/06/29,82.4,83.8,81.9,83.6
2023/06/30,84.3,89.2,82.8,89.1
2023/07/03,89.5,91.8,88.3,90.8
2023/07/04,93.4,99.2,92.0,99.2
2023/07/05,99.0,103.2,95.5,99.2
2023/07/06,99.2,109.2,98.6,109.2
2023/07/07,108.2,110.2,105.2,108.2
2023/07/10,108.2,110.2,105.7,107.7
2023/07/11,109.2,111.1,106.2,106.2
2023/07/12,106.7,111.6,102.2,103.7
2023/07/13,106.2,109.2,104.7,107.2
2023/07/14,111.1,117.6,110.7,117.6
2023/07/17,118.6,126.5,118.6,120.6
2023/07/18,124.0,125.5,116.6,121.1
2023/07/19,125.0,131.0,121.6,122.6
2023/07/20,123.6,134.0,123.6,132.0
2023/07/21,129.0,135.5,126.0,130.0
2023/07/24,132.0,132.5,123.1,129.5
2023/07/25,130.0,138.4,129.0,134.5
2023/07/26,138.4,145.9,134.5,134.5
2023/07/27,137.9,140.9,132.5,133.5
2023/07/28,134.5,143.4,130.5,137.4
2023/07/31,140.4,150.8,134.0,140.9
2023/08/01,146.4,147.4,127.0,127.0
2023/08/02,127.0,128.5,118.1,120.1
2023/08/04,121.1,127.0,117.1,122.1
2023/08/07,121.1,130.5,119.1,128.0
2023/08/08,129.5,130.5,125.0,126.0
2023/08/09,117.6,122.6,116.1,119.1
2023/08/10,115.1,116.6,107.2,108.2
2023/08/11,110.2,111.6,108.2,110.2
2023/08/14,108.2,111.6,106.7,109.7
2023/08/15,112.1,114.6,108.7,109.7
2023/08/16,108.2,111.1,106.2,110.2
2023/08/17,110.7,117.6,110.2,115.1
2023/08/18,113.1,113.6,104.7,106.2
2023/08/21,108.2,109.7,106.2,108.7
2023/08/22,111.1,112.6,107.2,108.2
2023/08/23,109.7,110.2,106.7,109.7
2023/08/24,113.6,114.6,108.7,111.6
2023/08/25,109.7,110.2,107.2,107.2
2023/08/28,108.2,108.2,103.2,105.7
2023/08/29,106.7,107.2,105.2,106.7
2023/08/30,108.2,110.2,108.2,108.7
2023/08/31,109.7,109.7,107.2,108.2
2023/09/01,109.7,109.7,105.2,105.2
2023/09/04,105.7,107.2,104.2,106.2
2023/09/05,107.2,109.7,106.7,108.2
2023/09/06,108.7,109.7,105.2,105.2
2023/09/07,105.7,106.2,100.2,100.7
2023/09/08,100.7,100.7,96.3,99.7
2023/09/11,100.7,100.7,95.9,96.7
2023/09/12,97.0,97.7,94.4,95.1
2023/09/13,95.4,96.4,93.4,96.3
2023/09/14,97.3,101.2,96.7,100.7
2023/09/15,101.2,101.2,98.4,99.7
2023/09/18,98.8,99.7,97.8,98.5
2023/09/19,99.2,99.7,95.6,95.6
2023/09/20,95.6,98.0,94.6,96.8
2023/09/21,96.0,96.0,94.4,95.1
2023/09/22,94.4,104.2,94.4,100.2
2023/09/25,102.2,106.7,99.7,104.2
2023/09/26,103.7,104.7,100.7,102.2
2023/09/27,102.2,103.2,101.2,102.2
2023/09/28,103.2,112.1,103.2,112.1
2023/10/02,116.1,123.1,114.1,123.1
2023/10/03,125.0,126.0,120.1,123.6
2023/10/04,122.1,124.5,118.1,124.5
2023/10/05,125.0,136.5,122.1,134.0
2023/10/06,134.5,136.0,131.0,132.0
2023/10/11,136.5,138.9,132.0,132.0
2023/10/12,134.0,139.4,133.0,134.5
2023/10/13,134.5,136.0,131.0,135.0
2023/10/16,133.5,134.5,130.0,132.0
2023/10/17,132.5,135.0,129.0,129.0
2023/10/18,128.5,131.5,126.0,127.0
2023/10/19,127.0,133.0,125.0,133.0
2023/10/20,131.0,137.0,124.0,134.0
2023/10/23,136.0,138.9,126.5,129.5
2023/10/24,128.5,130.0,126.5,129.0
2023/10/25,130.0,132.5,127.0,129.0
2023/10/26,125.0,127.5,124.5,124.5
2023/10/27,125.0,126.0,118.6,119.6
2023/10/30,119.1,122.6,118.1,121.1
2023/10/31,122.1,123.1,116.1,116.1
2023/11/01,117.6,118.1,115.6,116.6
2023/11/02,120.1,123.6,120.1,123.1
2023/11/03,124.0,131.0,123.1,129.0
2023/11/06,130.0,131.5,128.0,130.5
2023/11/07,132.0,132.0,128.0,128.5
2023/11/08,128.5,130.5,123.6,125.5
2023/11/09,124.0,127.0,123.6,126.0
2023/11/10,127.0,127.0,120.6,122.1
2023/11/13,128.0,131.5,126.0,126.0
2023/11/14,127.5,134.0,126.0,133.5
2023/11/15,137.9,138.4,129.5,130.5
2023/11/16,132.5,136.0,131.0,131.0
2023/11/17,131.5,135.5,130.5,135.0
2023/11/20,134.5,137.4,133.0,137.4
2023/11/21,138.4,141.9,133.5,135.5
2023/11/22,134.5,136.5,131.5,136.5
2023/11/23,134.5,135.0,130.0,130.5
2023/11/24,130.5,133.0,130.0,131.5
2023/11/27,132.0,133.5,128.0,128.5
2023/11/28,129.0,132.0,128.5,132.0
2023/11/29,133.0,134.5,131.5,133.0
2023/11/30,134.0,138.4,132.5,133.0
2023/12/01,134.0,137.0,132.0,132.0
2023/12/04,133.0,134.0,131.0,131.5
2023/12/05,130.5,130.5,126.0,126.5
2023/12/06,127.0,134.0,127.0,133.5
2023/12/07,132.5,135.5,132.5,134.0
2023/12/08,136.5,137.0,133.5,135.0
2023/12/11,133.0,136.0,129.5,134.5
2023/12/12,136.0,138.4,134.0,138.4
2023/12/13,140.4,141.4,132.5,132.5
2023/12/14,134.0,136.0,132.5,132.5
2023/12/15,134.5,134.5,131.0,131.0
2023/12/18,131.0,133.0,130.0,132.0
2023/12/19,132.0,133.5,129.5,133.5
2023/12/20,134.0,135.0,132.0,132.0
2023/12/21,131.0,133.0,130.0,132.5
2023/12/22,133.0,134.5,131.5,132.5
2023/12/25,133.5,138.9,133.0,138.9
2023/12/26,140.9,141.4,136.5,136.5
2023/12/27,137.0,139.9,137.0,137.4
2023/12/28,138.4,147.9,137.0,147.4
2023/12/29,147.4,150.3,138.9,139.9
2024/01/02,140.9,143.9,139.9,140.9
2024/01/03,138.9,139.4,135.5,138.4
2024/01/04,137.9,139.4,137.0,137.4
2024/01/05,138.4,141.9,137.4,141.4
2024/01/08,141.9,144.9,137.0,144.4
2024/01/09,144.4,148.9,144.4,147.9
2024/01/10,146.4,150.8,144.9,146.9
2024/01/11,149.9,153.3,146.4,151.3
2024/01/12,151.3,153.3,147.4,147.4
2024/01/15,148.9,153.8,148.4,151.8
2024/01/16,151.8,161.3,151.3,157.3
2024/01/17,157.3,171.7,157.3,163.7
2024/01/18,163.7,168.7,159.8,168.7
2024/01/19,170.7,171.2,162.8,164.7
2024/01/22,165.7,179.6,163.7,177.6
2024/01/23,176.2,181.6,171.7,177.1
2024/01/24,174.7,174.7,172.2,173.2
2024/01/25,175.7,178.1,174.2,175.7
2024/01/26,176.2,177.1,173.7,176.6
2024/01/29,176.6,179.6,176.6,179.6
2024/01/30,181.6,191.0,181.6,190.5
2024/01/31,188.1,197.0,187.6,190.0
2024/02/01,191.5,194.0,189.5,192.0
2024/02/02,193.5,195.5,192.0,194.5
2024/02/05,194.5,196.0,191.5,194.5
2024/02/15,199.0,206.4,193.0,206.4
2024/02/16,206.4,226.8,199.5,226.3
2024/02/19,223.3,227.3,215.8,219.3
2024/02/20,217.8,237.2,216.8,227.3
2024/02/21,227.3,235.2,222.3,230.2
2024/02/22,232.7,250.1,230.2,244.1
2024/02/23,241.2,252.1,241.2,245.1
2024/02/26,244.1,244.1,240.2,242.1
2024/02/27,242.1,242.1,224.8,232.2
2024/02/29,233.2,241.2,233.2,241.2
2024/03/01,247.1,250.1,244.1,250.1
2024/03/04,265.5,265.5,258.0,264.0
2024/03/05,267.9,267.9,264.0,267.9
2024/03/06,272.4,292.8,267.9,292.8
2024/03/07,303.2,303.2,274.4,274.4
2024/03/08,279.9,279.9,247.1,247.1
2024/03/11,254.6,271.4,243.1,271.4
2024/03/12,272.9,276.4,260.0,267.0
2024/03/13,269.4,270.4,240.7,240.7
2024/03/14,231.7,236.7,216.8,222.3
2024/03/15,218.3,231.7,212.9,222.3
2024/03/18,224.3,232.2,224.3,232.2
2024/03/19,232.2,243.1,228.7,243.1
2024/03/20,245.1,251.6,240.2,250.6
2024/03/21,258.0,258.0,250.6,254.6
2024/03/22,254.6,256.0,243.1,248.6
2024/03/25,250.1,252.1,248.1,249.1
2024/03/26,249.1,249.1,232.2,232.2
2024/03/27,233.7,245.1,232.2,242.1
2024/03/28,243.6,245.1,239.2,241.2
2024/03/29,242.6,247.1,241.2,247.1
2024/04/01,256.0,271.4,256.0,266.0
2024/04/02,267.9,290.8,266.0,282.3
2024/04/03,273.4,289.8,273.4,277.4
2024/04/08,281.3,288.8,262.0,287.8
2024/04/09,278.4,283.3,263.0,268.9
2024/04/10,273.9,273.9,252.1,258.0
2024/04/11,262.0,263.0,252.1,262.0
2024/04/12,262.0,269.9,262.0,268.9
2024/04/15,262.0,268.9,259.0,259.5
2024/04/16,251.1,251.1,239.2,241.6
2024/04/17,243.6,258.0,243.6,258.0
2024/04/18,250.1,253.6,247.1,247.1
2024/04/19,238.7,238.7,222.8,222.8
2024/04/22,218.3,218.3,201.0,201.0
2024/04/23,205.4,220.8,204.9,220.8
2024/04/24,231.2,242.6,226.3,241.2
2024/04/25,235.7,238.2,217.3,227.3
2024/04/26,233.2,238.2,222.3,223.8
2024/04/29,228.7,233.7,227.3,229.7
2024/04/30,232.2,251.1,229.7,246.6
2024/05/02,246.1,247.1,236.7,239.2
2024/05/03,243.1,249.1,242.1,247.1
2024/05/06,249.6,251.6,239.7,240.7
2024/05/07,245.1,253.1,244.1,246.6
2024/05/08,246.6,253.6,244.6,248.1
2024/05/09,249.6,253.6,223.8,223.8
2024/05/10,226.3,229.2,217.3,224.3
2024/05/13,226.8,226.8,214.4,217.3
2024/05/14,218.3,219.8,212.9,217.8
2024/05/15,218.3,221.8,215.8,216.3
2024/05/16,220.3,231.2,220.3,226.8
2024/05/17,226.3,229.2,222.3,224.8
2024/05/20,227.3,227.3,220.3,220.8
2024/05/21,222.3,228.7,220.3,226.3
2024/05/22,228.3,238.2,227.3,233.2
2024/05/23,237.2,237.7,228.7,229.7
2024/05/24,228.3,237.2,227.3,236.2
2024/05/27,240.2,241.2,230.2,231.2
2024/05/28,233.2,247.6,233.2,244.6
2024/05/29,247.6,256.0,241.2,241.2
2024/05/30,237.7,246.1,234.7,242.6
2024/05/31,246.6,253.1,236.2,236.2
2024/06/03,238.2,241.2,234.7,239.2
2024/06/04,237.2,245.1,235.2,237.2
2024/06/05,239.2,239.2,231.2,234.2
2024/06/06,242.1,246.6,233.7,233.7
2024/06/07,235.2,244.1,233.7,244.1
2024/06/11,249.1,267.0,245.1,266.0
2024/06/12,269.9,270.9,260.0,262.5
2024/06/13,268.4,273.4,263.0,266.5
2024/06/14,268.4,270.4,261.0,266.0
2024/06/17,270.4,281.8,261.5,263.5
2024/06/18,264.5,266.0,253.1,256.0
2024/06/19,254.6,258.0,247.6,247.6
2024/06/20,249.6,264.5,249.6,261.5
2024/06/21,257.5,263.5,256.0,256.5
2024/06/24,257.5,261.5,255.0,255.0
2024/06/25,256.0,256.0,251.6,254.6
2024/06/26,259.5,262.0,257.5,261.0
2024/06/27,260.5,262.0,258.5,261.0
2024/06/28,263.0,267.0,263.0,266.5
2024/07/01,272.9,279.9,270.4,272.4
2024/07/02,274.4,275.4,267.9,271.4
2024/07/03,275.9,287.3,274.9,284.8
2024/07/04,287.8,297.7,286.3,297.7
2024/07/05,307.6,327.5,302.7,327.5
2024/07/08,336.4,347.3,304.7,328.0
2024/07/09,346.8,357.3,326.0,349.8
2024/07/10,349.8,362.2,334.4,338.4
2024/07/11,321.0,330.0,311.1,313.6
2024/07/12,297.7,297.7,282.8,282.8
2024/07/15,282.8,289.8,273.4,273.4
2024/07/16,275.9,275.9,258.0,258.0
2024/07/17,260.0,273.0,260.0,263.5
2024/07/18,256.5,259.0,237.5,243.5
2024/07/19,243.5,267.5,243.5,256.5
2024/07/22,258.0,258.0,245.0,255.0
2024/07/23,260.0,267.0,260.0,266.5
2024/07/26,254.0,270.0,254.0,266.5
2024/07/29,276.0,276.0,266.0,270.0
2024/07/30,267.0,296.0,251.0,295.5
2024/07/31,294.0,306.5,286.0,287.0
2024/08/01,297.0,298.5,281.5,282.5
2024/08/02,270.0,281.5,265.5,268.0
2024/08/05,259.0,259.0,241.5,241.5
2024/08/06,255.0,257.0,222.5,236.0
2024/08/07,246.0,259.5,241.5,254.0
2024/08/08,248.0,268.5,245.0,258.5
2024/08/09,274.0,284.0,271.5,284.0
2024/08/12,292.0,303.5,289.5,295.5
2024/08/13,300.0,300.0,289.0,300.0
2024/08/14,309.0,330.0,305.0,325.0
2024/08/15,335.0,357.5,325.0,354.5
2024/08/16,363.0,379.5,342.5,344.5
2024/08/19,339.0,339.0,319.0,320.0
2024/08/20,332.0,333.0,320.0,332.0
2024/08/21,330.0,340.0,330.0,332.0
2024/08/22,335.0,336.0,327.5,332.5
2024/08/23,332.5,356.0,332.5,356.0
2024/08/26,362.0,365.0,338.0,338.0
2024/08/27,344.0,362.0,344.0,361.5
2024/08/28,366.0,369.0,357.5,360.0
2024/08/29,355.0,371.5,355.0,371.5
2024/08/30,378.0,385.0,378.0,381.5
2024/09/02,390.5,408.0,363.0,372.0
2024/09/03,368.5,390.0,359.0,383.5
2024/09/04,360.0,374.0,354.0,359.0
2024/09/05,368.0,372.0,351.0,352.0
2024/09/06,357.0,387.0,354.0,386.5
2024/09/09,380.0,398.0,377.5,392.5
2024/09/10,403.0,406.0,373.5,380.0
2024/09/11,383.0,393.0,375.0,388.5
2024/09/12,401.0,425.0,394.5,405.0
2024/09/13,417.0,445.5,417.0,445.5
2024/09/16,452.5,486.5,452.0,472.0
2024/09/18,468.0,476.5,455.0,471.0
2024/09/19,465.0,482.0,464.0,477.5
2024/09/20,477.5,479.5,472.0,472.0
2024/09/23,480.0,480.0,469.0,479.5
2024/09/24,488.0,491.5,480.0,486.0
2024/09/25,492.0,493.0,485.0,485.0
2024/09/26,492.0,492.0,465.5,482.5
2024/09/27,482.5,482.5,469.0,470.0
2024/09/30,470.0,481.0,470.0,474.0
2024/10/01,475.0,486.5,470.0,486.5
2024/10/04,489.0,500.0,489.0,494.5
2024/10/07,506.0,543.0,506.0,543.0
2024/10/08,538.0,538.0,512.0,525.0
2024/10/09,537.0,556.0,477.0,494.0
2024/10/11,490.0,539.0,487.0,490.0
2024/10/14,497.5,505.0,466.0,477.5
2024/10/15,484.5,486.0,456.5,465.5
2024/10/16,465.5,490.0,465.5,482.0
2024/10/17,475.0,475.0,468.0,469.0
2024/10/18,471.0,471.0,434.0,450.0
2024/10/21,450.0,450.0,430.0,448.0
2024/10/22,448.0,448.0,435.0,437.5
2024/10/23,435.5,447.5,426.0,445.5
2024/10/24,441.0,459.0,441.0,458.0
2024/10/25,459.0,468.0,450.0,452.0
2024/10/28,453.0,453.0,431.5,439.0
2024/10/29,443.0,450.0,428.0,450.0
2024/10/30,451.0,455.5,446.0,454.5
2024/11/01,440.0,485.0,438.5,466.0
2024/11/04,470.5,475.0,446.5,456.5
2024/11/05,452.0,460.5,442.0,443.0
2024/11/06,430.0,458.5,428.0,447.0
2024/11/07,453.0,470.0,448.5,464.5
2024/11/08,474.0,477.5,462.0,467.5
2024/11/11,471.5,481.5,466.0,480.0
2024/11/12,478.0,478.0,455.0,455.0
2024/11/13,457.0,476.0,455.0,455.0
2024/11/14,458.0,467.5,456.5,460.0
2024/11/15,468.0,472.5,454.0,466.0
2024/11/18,465.5,468.5,426.0,429.5
2024/11/19,437.0,472.0,437.0,468.5
2024/11/20,471.0,481.5,462.0,465.0
2024/11/21,465.0,483.0,463.5,467.0
2024/11/22,477.0,482.0,471.0,473.0
2024/11/25,479.0,482.0,461.0,465.0
2024/11/26,465.0,467.5,452.5,458.0
2024/11/27,464.0,468.0,440.0,441.0
2024/11/28,443.0,443.5,429.0,440.0
2024/11/29,440.0,446.0,431.0,433.5
2024/12/02,439.0,440.5,430.0,430.0
2024/12/03,435.5,471.0,435.5,455.0
2024/12/04,456.0,464.0,447.0,450.5
2024/12/05,458.5,466.0,453.5,461.5
2024/12/06,464.0,464.5,451.0,454.0
2024/12/09,450.0,451.0,432.0,439.5
2024/12/10,440.0,449.5,432.5,432.5
2024/12/11,429.0,435.0,405.0,410.5
2024/12/12,416.5,427.5,407.5,417.5
2024/12/13,410.0,426.0,410.0,417.0
2024/12/16,418.0,421.0,397.0,399.0
2024/12/17,406.0,425.0,404.5,424.5
2024/12/18,420.0,425.0,414.0,425.0
2024/12/19,413.0,420.0,411.0,418.0
2024/12/20,416.0,424.0,408.0,409.0
2024/12/23,415.0,418.0,410.0,414.0
2024/12/24,417.5,419.0,405.0,405.5
2024/12/25,408.0,413.5,401.0,405.0
2024/12/26,406.0,413.5,402.0,410.5
2024/12/27,410.5,411.5,399.0,399.5
2024/12/30,400.0,412.5,398.0,398.0
2024/12/31,396.5,402.0,392.0,402.0
2025/01/02,405.5,407.5,400.0,401.0
2025/01/03,404.0,415.0,394.0,397.0
2025/01/06,404.0,412.0,402.0,412.0
2025/01/07,415.0,438.5,415.0,435.0
2025/01/08,428.0,432.0,413.5,417.5
2025/01/09,417.0,429.0,406.0,407.5
2025/01/10,409.0,412.5,380.0,383.0
2025/01/13,372.0,378.0,353.0,356.5
2025/01/14,369.5,369.5,357.0,367.5
2025/01/15,366.5,372.5,360.0,360.0
2025/01/16,375.5,396.0,375.5,396.0
2025/01/17,415.0,417.0,400.5,415.0
2025/01/20,418.5,424.5,413.5,413.5
2025/01/21,414.5,428.0,414.5,425.5
2025/01/22,432.5,434.5,421.5,430.0
2025/02/03,399.0,405.5,387.0,387.0
2025/02/04,390.0,393.0,372.0,384.0
2025/02/05,390.5,401.5,390.0,395.0
2025/02/06,403.0,409.0,399.0,402.5
2025/02/07,402.5,408.0,396.5,403.0
2025/02/10,388.0,391.5,378.0,388.5
2025/02/11,390.0,397.0,390.0,392.5
2025/02/12,394.5,405.5,388.5,401.0
2025/02/13,401.5,419.5,398.0,418.0
2025/02/14,414.0,418.0,405.0,405.5
2025/02/17,408.0,419.0,408.0,416.5
2025/02/18,421.0,426.5,419.0,422.0
2025/02/19,430.5,434.5,422.0,422.0
2025/02/20,420.5,425.5,409.0,409.0
2025/02/21,408.0,421.0,407.5,413.0
2025/02/24,408.5,410.5,400.0,410.0
2025/02/25,402.0,405.0,393.0,393.5
2025/02/26,393.5,402.0,389.0,393.0
2025/02/27,395.0,402.0,385.0,385.0
2025/03/03,380.0,380.5,350.0,351.0
2025/03/04,333.5,342.5,328.0,338.0
2025/03/05,345.0,347.5,338.0,339.0
2025/03/06,342.5,345.0,332.0,334.5
2025/03/07,332.0,337.0,320.5,322.5
2025/03/10,325.0,333.5,316.5,327.5
2025/03/11,316.5,323.0,309.5,323.0
2025/03/12,323.5,334.5,322.0,334.5
2025/03/13,333.0,339.5,320.0,323.5
2025/03/14,325.0,326.5,316.5,323.5
2025/03/17,328.0,329.5,321.5,324.0
2025/03/18,327.0,330.0,323.0,328.5
2025/03/19,328.0,328.0,310.0,310.5
2025/03/20,316.0,319.5,311.5,315.5
2025/03/21,317.5,318.5,302.0,307.0
2025/03/24,310.5,313.0,301.5,302.0
2025/03/25,309.0,310.0,305.0,307.5
2025/03/26,308.5,319.0,308.5,312.0
2025/03/27,307.0,307.0,301.0,306.0
2025/03/28,302.5,304.0,289.5,290.5
2025/03/31,268.0,281.5,264.0,265.0
2025/04/01,276.0,280.0,267.5,278.0
2025/04/02,275.0,281.5,272.5,275.0
2025/04/07,247.5,247.5,247.5,247.5
2025/04/08,223.0,223.0,223.0,223.0
2025/04/09,205.0,215.5,201.0,201.0
2025/04/10,221.0,221.0,221.0,221.0
2025/04/11,215.0,240.0,201.0,240.0
2025/04/14,252.0,257.0,241.0,242.5
2025/04/15,246.5,258.0,244.5,255.5
2025/04/16,254.0,254.0,241.0,241.0
2025/04/17,239.5,246.5,239.0,242.0
2025/04/18,247.0,250.0,238.0,239.0
2025/04/21,240.0,243.5,220.0,220.5
2025/04/22,218.0,223.0,212.5,214.0
2025/04/23,227.5,235.0,226.5,235.0
2025/04/24,243.5,254.5,240.5,247.0
2025/04/25,265.0,266.0,257.5,261.5
2025/04/28,263.0,265.0,256.5,256.5
2025/04/29,258.5,265.0,252.0,264.0
2025/04/30,264.5,264.5,254.5,255.0
2025/05/02,263.0,280.0,263.0,269.0
2025/05/05,273.0,273.5,250.5,261.0
2025/05/06,259.0,263.5,255.5,260.0
2025/05/07,260.0,260.5,251.5,255.5
2025/05/08,260.0,265.0,257.5,262.0
2025/05/09,270.0,270.0,261.0,265.5
2025/05/12,267.5,288.0,267.0,283.0
2025/05/13,292.5,309.5,291.0,299.0
2025/05/14,300.5,303.0,294.0,300.0
2025/05/15,300.0,300.0,291.0,293.5
2025/05/16,292.0,307.5,287.5,303.0
2025/05/19,301.5,301.5,295.0,295.5
2025/05/20,300.0,303.0,292.0,292.5
2025/05/21,293.0,300.5,293.0,298.0
2025/05/22,294.0,327.5,294.0,326.5
2025/05/23,329.0,348.0,322.5,327.5
2025/05/26,324.0,327.0,313.0,313.0
2025/05/27,315.0,324.5,310.0,311.0
2025/05/28,321.0,323.0,310.5,314.0
2025/05/29,319.0,319.0,308.5,310.5
2025/06/02,307.0,308.5,299.0,304.0
2025/06/03,307.0,312.0,302.0,303.0
2025/06/04,308.5,316.5,307.0,309.5
2025/06/05,315.0,326.0,313.0,323.5
2025/06/06,324.5,333.0,322.0,332.0
2025/06/09,336.5,339.5,328.0,337.0
2025/06/10,338.5,340.0,333.5,333.5
2025/06/11,338.0,349.0,329.0,343.0
2025/06/12,341.5,364.5,341.5,355.0
2025/06/13,350.0,362.5,350.0,352.5
2025/06/16,352.5,360.0,347.0,359.0
2025/06/17,360.0,377.5,358.5,360.5
2025/06/18,362.0,365.0,355.0,355.0
2025/06/19,355.0,364.5,350.0,350.5
2025/06/20,353.0,359.0,349.5,357.5
2025/06/23,350.0,376.0,347.5,373.0
2025/06/24,388.0,408.5,385.0,402.0
2025/06/25,410.0,422.0,405.0,416.0
2025/06/26,416.0,417.5,400.5,402.0
2025/06/27,404.5,410.0,394.5,398.5
2025/06/30,401.0,405.0,392.5,404.0
2025/07/01,405.0,410.0,400.0,400.0
2025/07/02,401.0,406.0,398.0,402.0
2025/07/03,408.0,417.5,407.5,408.0
2025/07/04,414.0,416.5,398.0,399.5
2025/07/07,399.0,399.5,388.0,394.0
2025/07/08,390.0,397.5,389.5,396.5
2025/07/09,393.0,409.0,392.0,404.5
2025/07/10,407.0,410.0,397.0,397.0
2025/07/11,399.0,407.5,394.0,397.0
2025/07/14,397.5,399.5,393.5,395.0
2025/07/15,397.0,403.0,395.5,397.0
2025/07/16,405.0,422.0,405.0,407.0
2025/07/17,413.0,420.0,409.0,409.0
2025/07/18,417.0,420.0,410.0,411.0
2025/07/21,412.0,418.5,410.0,413.0
2025/07/22,410.0,411.0,390.0,390.0
2025/07/23,393.5,397.0,391.0,393.0
2025/07/24,395.0,397.5,385.0,385.0
2025/07/25,385.0,387.0,373.0,375.0
2025/07/28,379.0,381.5,371.0,376.5
2025/07/29,375.5,375.5,360.5,363.5
2025/07/30,363.5,368.5,360.5,366.0
2025/07/31,370.0,377.0,366.0,377.0
2025/08/01,368.0,376.0,363.0,376.0
2025/08/04,372.5,374.0,365.5,366.0
2025/08/05,370.5,372.5,358.5,358.5
2025/08/06,355.5,357.0,349.0,353.5
2025/08/07,360.0,375.0,360.0,368.0
2025/08/08,374.5,378.0,359.0,359.0
2025/08/11,362.5,363.0,352.5,362.0
2025/08/12,362.0,363.0,358.0,358.5
2025/08/13,361.0,366.5,358.0,360.5
2025/08/14,362.0,367.0,358.5,361.5
2025/08/15,361.0,378.0,361.0,373.5
2025/08/18,371.5,372.0,365.0,372.0
2025/08/19,378.0,400.0,376.0,388.0
2025/08/20,385.0,385.0,367.5,367.5
2025/08/21,371.0,381.0,371.0,374.0
2025/08/22,377.5,380.5,368.0,368.0
2025/08/25,377.0,380.0,372.5,375.5
2025/08/26,374.0,384.5,369.0,380.0
2025/08/27,385.0,389.0,382.0,384.0
2025/08/28,390.0,398.0,384.0,384.0
2025/08/29,392.5,402.0,388.0,389.0
2025/09/01,392.0,400.0,380.5,384.0
2025/09/02,389.0,391.0,370.0,375.0
2025/09/03,378.5,382.0,372.5,379.0
2025/09/04,385.0,385.0,371.0,371.0
2025/09/05,374.5,392.0,373.5,390.5
2025/09/08,400.0,408.0,395.0,405.0
2025/09/09,392.5,394.0,378.0,384.5
2025/09/10,385.0,387.5,376.0,376.0
2025/09/11,377.5,382.5,363.5,363.5
2025/09/12,366.5,369.0,356.5,357.0
2025/09/15,356.0,361.5,351.0,361.5
2025/09/16,364.0,364.0,358.0,359.0
2025/09/17,362.0,364.0,357.0,361.5
2025/09/18,361.5,378.0,361.5,372.5
2025/09/19,378.0,381.0,371.5,374.5
2025/09/22,376.0,391.5,376.0,387.0
2025/09/23,405.0,410.0,397.0,397.0
2025/09/24,408.0,419.0,405.0,409.0
2025/09/25,411.0,413.5,390.0,393.0
2025/09/26,389.0,391.5,373.5,376.0
2025/09/30,379.5,386.5,377.0,384.0
2025/10/01,384.0,387.5,377.0,380.0
2025/10/02,384.0,387.0,374.0,375.0
2025/10/03,376.5,380.0,370.0,375.0
2025/10/07,378.5,391.0,378.5,381.0
2025/10/08,377.0,378.5,370.0,376.0
2025/10/09,381.0,383.0,373.5,376.0
2025/10/13,357.0,371.5,357.0,371.5
2025/10/14,380.0,387.5,367.0,369.0
2025/10/15,371.0,384.0,368.0,384.0
2025/10/16,386.0,397.0,386.0,394.0
2025/10/17,391.0,394.0,375.0,376.5
2025/10/20,378.0,380.0,373.0,374.0
2025/10/21,378.0,379.0,371.0,371.5
2025/10/22,372.0,372.0,363.5,364.0
2025/10/23,363.0,370.5,362.0,363.5
2025/10/27,369.5,371.5,363.5,365.0
2025/10/28,368.5,368.5,359.0,359.5
2025/10/29,364.0,367.0,360.5,361.0
2025/10/30,362.5,364.0,355.0,358.0
2025/10/31,358.0,371.0,356.0,368.5
2025/11/03,370.0,378.0,366.5,378.0
2025/11/04,377.0,379.5,359.0,360.0
2025/11/05,351.0,353.0,346.0,351.0
2025/11/06,353.0,355.5,351.0,353.5
2025/11/07,350.0,350.0,335.0,336.0
2025/11/10,308.0,318.0,307.5,314.5
2025/11/11,321.0,335.5,320.0,331.5
2025/11/12,331.5,336.5,328.0,335.5
2025/11/13,328.5,342.5,315.0,338.0
2025/11/14,326.5,332.5,326.0,326.0
2025/11/17,326.0,330.5,320.0,323.0
2025/11/18,323.0,338.0,320.5,322.0
2025/11/19,322.0,323.5,312.0,317.5
2025/11/20,326.5,339.0,325.0,337.5
2025/11/21,328.0,332.0,322.0,326.0
2025/11/24,328.0,333.5,323.5,333.5
2025/11/25,339.5,347.5,339.5,342.5
2025/11/26,347.0,356.0,346.0,348.5
2025/11/27,353.0,353.0,345.5,348.5
2025/11/28,348.5,357.0,346.5,355.0
2025/12/01,355.0,356.0,349.0,354.0
2025/12/02,354.5,356.5,349.0,352.0
2025/12/03,353.0,354.5,349.0,349.0
2025/12/04,352.0,356.0,349.0,350.0
2025/12/05,351.5,351.5,340.0,341.0
2025/12/08,342.0,359.0,342.0,353.0
2025/12/09,357.5,362.0,352.0,354.0
2025/12/10,349.5,349.5,341.5,348.0
2025/12/11,355.0,370.0,355.0,355.0
2025/12/12,355.0,360.5,354.0,360.0
2025/12/15,355.5,362.5,350.0,351.0
2025/12/16,347.5,352.5,340.5,347.0
2025/12/17,347.0,347.5,332.0,332.0
2025/12/18,331.0,331.5,327.0,329.0
2025/12/19,332.0,337.0,331.0,331.5
2025/12/22,335.0,341.5,335.0,338.5
2025/12/23,340.5,349.0,340.5,342.0
2025/12/24,342.0,344.0,339.0,342.0
2025/12/26,343.0,349.5,343.0,347.5
2025/12/29,350.0,369.0,347.0,364.0
2025/12/30,365.0,370.0,360.0,365.0
2025/12/31,368.5,371.0,364.0,364.0
2026/01/02,369.0,380.0,365.5,372.5
2026/01/05,380.5,405.0,379.0,405.0
2026/01/06,405.5,409.0,395.0,400.0
2026/01/07,405.0,410.0,394.0,394.0
2026/01/08,398.0,400.0,382.5,393.0
2026/01/09,380.0,380.0,357.5,370.0
2026/01/12,380.0,388.0,372.0,380.0
2026/01/13,384.5,387.0,369.5,375.0
2026/01/14,376.0,379.0,372.0,377.0
2026/01/15,379.0,379.0,372.0,377.5
2026/01/16,390.0,396.0,376.0,376.0
2026/01/19,377.0,378.0,368.0,370.5
2026/01/20,367.0,377.0,367.0,375.0
2026/01/21,373.0,391.0,371.5,384.5
2026/01/22,393.5,398.0,386.5,389.5
2026/01/23,394.5,397.5,387.5,389.0
2026/01/26,394.5,395.0,381.5,383.0
2026/01/27,383.5,386.0,375.5,375.5
2026/01/28,378.0,388.0,378.0,388.0
2026/01/29,390.5,392.0,373.0,376.0
2026/01/30,376.0,384.5,364.0,380.0
2026/02/02,375.5,388.5,370.0,375.5
2026/02/03,383.0,385.0,371.0,374.0
2026/02/04,376.0,393.0,375.5,389.0
2026/02/05,385.0,387.5,373.0,374.0
2026/02/06,372.5,373.0,360.0,369.0
2026/02/09,379.5,394.5,379.0,389.0
2026/02/10,386.0,392.0,381.0,383.0
2026/02/11,383.0,394.0,377.0,391.0
2026/02/23,402.0,429.5,402.0,425.0
2026/02/24,426.0,467.5,422.0,467.5
2026/02/25,487.5,503.0,472.5,498.0
2026/02/26,505.0,547.0,501.0,547.0
2026/03/02,511.0,594.0,509.0,565.0
2026/03/03,577.0,610.0,551.0,599.0
2026/03/04,571.0,571.0,540.0,560.0
2026/03/05,600.0,604.0,560.0,599.0
2026/03/06,573.0,599.0,550.0,590.0
2026/03/09,531.0,531.0,531.0,531.0
2026/03/10,561.0,561.0,531.0,533.0
2026/03/11,586.0,586.0,586.0,586.0
2026/03/12,643.0,643.0,600.0,624.0
2026/03/13,593.0,685.0,593.0,684.0
2026/03/16,736.0,747.0,698.0,732.0
2026/03/17,681.0,705.0,681.0,681.0
2026/03/18,687.0,707.0,687.0,700.0
2026/03/19,714.0,763.0,714.0,745.0
2026/03/20,819.0,819.0,787.0,819.0
2026/03/23,791.0,899.0,782.0,830.0
2026/03/24,832.0,904.0,830.0,869.0
2026/03/25,907.0,955.0,888.0,955.0
2026/03/26,981.0,996.0,926.0,939.0
2026/03/27,901.0,968.0,898.0,968.0
2026/03/30,936.0,947.0,900.0,900.0
2026/03/31,877.0,877.0,810.0,810.0
2026/04/01,848.0,891.0,840.0,891.0
2026/04/02,930.0,930.0,871.0,895.0
2026/04/07,915.0,924.0,911.0,920.0
2026/04/08,968.0,984.0,940.0,980.0
2026/04/09,961.0,961.0,886.0,886.0
2026/04/10,930.0,974.0,900.0,974.0
2026/04/13,996.0,1070.0,996.0,1040.0
2026/04/14,1055.0,1055.0,995.0,1035.0
2026/04/15,1055.0,1135.0,1000.0,1135.0
2026/04/16,1130.0,1175.0,1045.0,1120.0
2026/04/20,1275.0,1290.0,1205.0,1225.0
2026/04/21,1340.0,1340.0,1230.0,1330.0
2026/04/22,1380.0,1435.0,1355.0,1390.0
2026/04/23,1465.0,1490.0,1255.0,1255.0
2026/04/24,1260.0,1300.0,1145.0,1170.0
2026/04/27,1170.0,1170.0,1055.0,1080.0
2026/04/28,1130.0,1155.0,1065.0,1115.0
2026/04/29,1090.0,1135.0,1075.0,1100.0
2026/04/30,1110.0,1210.0,1110.0,1210.0
2026/05/04,1255.0,1330.0,1215.0,1330.0
2026/05/05,1345.0,1430.0,1320.0,1345.0
2026/05/06,1330.0,1330.0,1215.0,1215.0
2026/05/07,1220.0,1240.0,1125.0,1130.0
2026/05/08,1120.0,1145.0,1035.0,1070.0
2026/05/11,1145.0,1160.0,1100.0,1110.0
2026/05/12,1190.0,1220.0,1150.0,1220.0
2026/05/13,1215.0,1255.0,1155.0,1225.0
2026/05/14,1280.0,1285.0,1125.0,1140.0
2026/05/15,1190.0,1210.0,1105.0,1125.0
2026/05/18,1115.0,1145.0,1080.0,1135.0
2026/05/19,1130.0,1130.0,1060.0,1115.0
2026/05/20,1100.0,1125.0,1070.0,1085.0
2026/05/21,1105.0,1140.0,1085.0,1090.0
2026/05/22,1120.0,1170.0,1115.0,1140.0
2026/05/25,1165.0,1225.0,1145.0,1210.0
2026/05/26,1230.0,1230.0,1140.0,1155.0
2026/05/27,1170.0,1175.0,1100.0,1130.0
2026/05/28,1180.0,1240.0,1180.0,1240.0
2026/05/29,1225.0,1285.0,1120.0,1120.0
2026/06/01,1090.0,1100.0,1040.0,1070.0
2026/06/02,1090.0,1095.0,998.0,1010.0
2026/06/03,1035.0,1075.0,1015.0,1065.0
2026/06/04,1065.0,1170.0,1055.0,1115.0
2026/06/05,1110.0,1175.0,1100.0,1120.0
2026/06/08,1010.0,1115.0,1010.0,1080.0
2026/06/09,1125.0,1170.0,1080.0,1120.0
2026/06/10,1120.0,1145.0,1060.0,1065.0
2026/06/11,1065.0,1120.0,1000.0,1030.0
2026/06/12,1100.0,1110.0,1055.0,1085.0
2026/06/15,1100.0,1160.0,1100.0,1130.0
2026/06/16,1150.0,1180.0,1100.0,1140.0
2026/06/17,1115.0,1160.0,1115.0,1155.0
2026/06/18,1165.0,1245.0,1155.0,1235.0
2026/06/22,1290.0,1290.0,1260.0,1260.0
2026/06/23,1270.0,1270.0,1160.0,1170.0
2026/06/24,1120.0,1160.0,1060.0,1060.0
2026/06/25,1040.0,1110.0,1040.0,1105.0
2026/06/26,1100.0,1120.0,998.0,1075.0
2026/06/29,1065.0,1100.0,970.0,980.0
2026/06/30,1005.0,1005.0,965.0,998.0
2026/07/01,1010.0,1085.0,1010.0,1065.0
2026/07/02,1025.0,1100.0,996.0,1005.0
2026/07/03,1000.0,1050.0,990.0,1030.0
2026/07/06,1055.0,1110.0,1025.0,1035.0
2026/07/07,1050.0,1050.0,960.0,974.0
2026/07/08,990.0,992.0,923.0,955.0
2026/07/09,1015.0,1050.0,998.0,1050.0
2026/07/13,1110.0,1125.0,1010.0,1035.0
2026/07/14,1020.0,1050.0,933.0,985.0
2026/07/15,1020.0,1080.0,1005.0,1080.0
2026/07/16,1055.0,1110.0,1045.0,1075.0
2026/07/17,1020.0,1035.0,971.0,975.0
2026/07/20,960.0,988.0,910.0,935.0
2026/07/21,960.0,1010.0,932.0,998.0
2026/07/22,1020.0,1090.0,1000.0,1055.0
2026/07/23,1080.0,1100.0,1015.0,1020.0
