Date,Open,High,Low,Close
2008/01/21,25.1,25.1,24.3,24.3
2008/01/22,22.6,23.3,22.6,22.6
2008/01/23,22.8,23.1,21.0,21.0
2008/01/24,21.9,21.9,19.6,19.6
2008/01/25,20.2,20.7,19.9,20.6
2008/01/28,20.4,20.4,19.9,20.1
2008/01/29,20.5,20.6,19.9,20.1
2008/01/30,20.2,20.5,19.9,20.1
2008/01/31,20.6,20.6,19.5,20.1
2008/02/01,20.8,21.0,20.4,20.7
2008/02/12,20.3,20.5,20.1,20.3
2008/02/13,20.5,21.4,20.4,21.0
2008/02/14,21.8,21.8,21.4,21.7
2008/02/15,21.2,22.1,21.1,22.1
2008/02/18,22.1,22.8,22.1,22.5
2008/02/19,22.8,22.8,22.2,22.6
2008/02/20,22.4,22.4,21.7,21.7
2008/02/21,22.0,22.6,22.0,22.6
2008/02/22,22.6,22.6,22.0,22.5
2008/02/25,22.6,22.8,22.5,22.6
2008/02/26,22.8,24.1,22.7,23.2
2008/02/27,23.6,23.9,23.4,23.6
2008/02/29,23.4,23.6,23.2,23.6
2008/03/03,22.9,23.1,22.4,22.5
2008/03/04,22.7,23.5,22.7,23.5
2008/03/05,23.5,23.6,22.8,23.4
2008/03/06,23.6,24.3,23.6,24.1
2008/03/07,23.7,23.9,23.6,23.7
2008/03/10,23.7,23.7,23.2,23.3
2008/03/11,22.9,23.3,22.9,23.2
2008/03/12,23.7,23.9,23.2,23.2
2008/03/13,22.8,23.2,22.1,22.2
2008/03/14,22.2,22.9,22.2,22.5
2008/03/17,22.3,22.3,21.2,21.6
2008/03/18,21.7,22.0,21.4,21.7
2008/03/19,21.9,22.2,21.9,21.9
2008/03/20,21.7,22.2,21.6,22.1
2008/03/21,22.4,22.9,22.2,22.9
2008/03/24,24.3,24.3,23.4,23.4
2008/03/25,24.0,24.0,23.7,24.0
2008/03/26,24.3,25.4,24.3,25.4
2008/03/27,25.5,27.0,25.5,26.4
2008/03/28,26.2,26.5,25.6,25.9
2008/03/31,25.9,26.3,25.8,26.1
2008/04/01,26.1,27.7,26.1,26.7
2008/04/02,27.6,27.6,26.5,26.7
2008/04/03,26.7,27.1,26.5,26.6
2008/04/07,26.6,26.9,26.4,26.7
2008/04/08,27.0,27.4,26.8,27.3
2008/04/09,27.5,27.5,25.9,26.3
2008/04/10,25.9,26.9,25.9,26.8
2008/04/11,26.8,27.1,26.7,26.8
2008/04/14,26.7,26.7,26.4,26.5
2008/04/15,26.5,27.9,26.5,27.7
2008/04/16,28.1,29.4,27.9,29.0
2008/04/17,29.3,29.6,28.3,28.5
2008/04/18,28.7,29.3,28.7,28.8
2008/04/21,29.0,29.2,28.7,29.0
2008/04/22,29.0,29.2,27.6,28.9
2008/04/23,28.8,29.2,28.3,28.7
2008/04/24,28.7,29.6,28.7,29.5
2008/04/25,29.8,29.9,28.4,28.7
2008/04/28,28.9,29.4,28.4,29.1
2008/04/29,29.1,29.2,28.7,28.9
2008/04/30,28.9,29.1,28.7,28.8
2008/05/02,29.2,29.2,28.7,28.8
2008/05/05,28.8,29.4,28.8,29.0
2008/05/06,29.2,30.5,29.1,30.0
2008/05/07,30.2,31.2,29.8,30.4
2008/05/08,29.8,29.8,29.8,29.8
2008/05/09,30.1,30.1,29.6,29.6
2008/05/12,29.4,29.6,28.9,29.4
2008/05/13,29.4,29.6,28.9,29.0
2008/05/14,29.0,29.5,29.0,29.2
2008/05/15,29.4,29.8,29.3,29.4
2008/05/16,29.7,29.7,29.4,29.4
2008/05/19,29.4,29.6,29.4,29.6
2008/05/20,29.8,30.6,29.8,29.8
2008/05/21,29.8,30.5,29.8,30.1
2008/05/22,29.9,30.9,29.8,30.4
2008/05/23,30.5,30.8,29.5,29.5
2008/05/26,29.2,29.3,27.9,28.0
2008/05/27,28.3,28.3,27.3,27.7
2008/05/28,27.7,28.0,27.5,27.6
2008/05/29,27.7,28.1,27.6,27.6
2008/05/30,27.7,27.9,26.7,27.5
2008/06/02,27.5,27.9,27.5,27.7
2008/06/03,27.5,28.3,27.5,27.7
2008/06/04,27.7,28.1,27.7,27.8
2008/06/05,27.9,28.6,27.8,28.5
2008/06/06,29.0,29.0,28.5,28.5
2008/06/09,26.6,28.0,26.6,27.9
2008/06/10,27.9,27.9,27.3,27.4
2008/06/11,27.6,27.9,27.1,27.3
2008/06/12,26.8,27.1,25.9,26.1
2008/06/13,26.1,27.9,26.1,27.4
2008/06/16,27.6,27.9,27.1,27.2
2008/06/17,27.3,27.6,27.0,27.2
2008/06/18,27.1,27.7,27.1,27.6
2008/06/19,27.4,27.4,26.9,27.4
2008/06/20,27.4,27.5,27.0,27.2
2008/06/23,26.7,26.7,26.3,26.7
2008/06/24,26.7,26.8,25.5,25.5
2008/06/25,25.5,25.5,24.7,25.3
2008/06/26,25.5,25.6,25.1,25.1
2008/06/27,23.4,24.0,23.4,23.4
2008/06/30,23.4,23.9,22.8,23.0
2008/07/01,23.2,23.4,22.0,22.0
2008/07/02,22.3,23.2,22.1,22.9
2008/07/03,22.4,23.7,22.1,23.6
2008/07/07,22.7,23.5,22.5,23.4
2008/07/08,22.8,23.3,22.3,22.4
2008/07/09,22.8,23.2,22.6,22.9
2008/07/10,22.6,23.2,22.3,23.1
2008/07/11,23.0,23.5,22.8,23.5
2008/07/14,23.0,23.7,23.0,23.4
2008/07/15,23.2,23.2,22.1,22.4
2008/07/16,22.4,22.6,22.2,22.3
2008/07/17,22.7,23.2,22.6,22.8
2008/07/18,23.2,23.2,21.7,21.7
2008/07/21,21.9,22.7,21.9,22.6
2008/07/22,22.7,22.8,22.2,22.5
2008/07/23,22.7,23.9,22.7,23.7
2008/07/24,23.9,24.2,23.6,24.1
2008/07/25,22.5,23.4,22.5,23.4
2008/07/29,23.2,23.2,22.6,22.8
2008/07/30,23.3,23.4,22.9,22.9
2008/07/31,23.2,23.3,22.4,22.6
2008/08/01,22.6,23.0,22.5,22.8
2008/08/04,22.8,22.8,22.4,22.5
2008/08/05,22.6,22.6,22.2,22.4
2008/08/06,22.8,23.2,22.7,23.2
2008/08/07,23.6,23.9,23.1,23.5
2008/08/08,23.5,24.3,23.2,24.1
2008/08/11,24.3,25.0,24.3,24.7
2008/08/12,24.9,25.0,24.4,24.5
2008/08/13,24.5,24.5,24.2,24.5
2008/08/14,24.3,24.5,24.2,24.3
2008/08/15,24.7,24.7,23.7,23.7
2008/08/18,23.7,23.7,22.3,22.7
2008/08/19,22.1,22.6,22.0,22.3
2008/08/20,22.3,22.9,22.1,22.5
2008/08/21,22.5,22.8,22.1,22.1
2008/08/22,22.6,22.8,22.1,22.3
2008/08/25,22.8,23.3,22.5,22.7
2008/08/26,22.4,22.7,22.3,22.5
2008/08/27,22.4,23.1,22.4,22.5
2008/08/28,22.7,23.0,22.6,22.9
2008/08/29,23.4,24.0,23.3,23.7
2008/09/01,23.4,23.6,23.1,23.1
2008/09/02,23.2,23.3,21.8,22.2
2008/09/03,22.4,22.4,20.9,21.2
2008/09/04,21.2,21.4,20.6,20.8
2008/09/05,20.2,20.5,19.7,20.2
2008/09/08,21.4,21.5,20.9,21.5
2008/09/09,21.2,21.2,20.1,20.2
2008/09/10,19.7,20.7,19.5,20.7
2008/09/11,20.6,20.8,20.2,20.3
2008/09/12,20.8,20.8,20.1,20.7
2008/09/15,20.4,20.6,20.0,20.3
2008/09/16,18.9,19.5,18.8,18.8
2008/09/17,19.3,19.9,18.9,19.2
2008/09/18,17.9,18.8,17.9,18.8
2008/09/19,19.2,20.1,19.2,20.1
2008/09/22,20.8,20.8,20.2,20.6
2008/09/23,20.2,20.7,19.9,20.5
2008/09/24,18.6,19.4,18.6,19.0
2008/09/25,18.8,19.0,18.5,18.7
2008/09/26,18.8,19.0,17.6,18.2
2008/09/30,16.9,17.5,16.9,17.5
2008/10/01,17.9,17.9,17.5,17.7
2008/10/02,17.2,17.8,17.2,17.4
2008/10/03,16.9,17.3,16.5,17.3
2008/10/06,16.8,17.3,16.7,17.3
2008/10/07,16.9,18.1,16.9,18.0
2008/10/08,17.2,17.8,17.0,17.1
2008/10/09,17.4,17.5,16.9,16.9
2008/10/13,16.3,16.4,16.3,16.3
2008/10/14,17.4,17.4,17.1,17.4
2008/10/15,16.9,17.4,16.8,17.4
2008/10/16,16.8,16.8,16.8,16.8
2008/10/17,16.5,16.8,16.2,16.4
2008/10/20,15.9,16.4,15.9,16.4
2008/10/21,16.7,17.0,16.5,16.5
2008/10/22,16.3,16.7,16.1,16.3
2008/10/23,15.7,15.9,15.7,15.7
2008/10/24,15.2,15.4,15.2,15.2
2008/10/27,14.1,14.1,14.1,14.1
2008/10/28,13.2,13.7,13.2,13.7
2008/10/29,14.6,14.6,12.8,12.8
2008/10/30,12.0,13.6,12.0,13.4
2008/10/31,13.1,14.0,13.0,13.8
2008/11/03,14.2,14.5,14.0,14.4
2008/11/04,14.4,14.4,13.7,14.0
2008/11/05,14.4,14.6,13.9,14.2
2008/11/06,13.4,14.1,13.3,13.7
2008/11/07,13.3,14.4,13.3,14.1
2008/11/10,13.7,13.8,13.1,13.1
2008/11/11,12.4,12.6,12.2,12.2
2008/11/12,12.0,12.1,11.5,11.8
2008/11/13,11.0,11.2,11.0,11.0
2008/11/14,11.0,11.2,10.2,10.2
2008/11/17,9.5,9.8,9.5,9.5
2008/11/18,9.1,9.4,8.9,9.4
2008/11/19,9.5,10.0,9.3,10.0
2008/11/20,9.6,9.8,9.3,9.3
2008/11/21,9.0,10.0,8.9,10.0
2008/11/24,10.1,10.3,9.7,9.9
2008/11/25,10.3,10.4,9.8,9.8
2008/11/26,10.0,10.1,9.8,9.9
2008/11/27,10.3,10.6,10.2,10.6
2008/11/28,10.7,11.0,10.6,10.7
2008/12/01,10.7,11.0,10.5,10.7
2008/12/02,10.0,10.0,10.0,10.0
2008/12/03,9.5,9.8,9.3,9.3
2008/12/04,9.6,9.6,9.2,9.2
2008/12/05,9.2,9.5,9.0,9.1
2008/12/08,9.2,9.7,9.2,9.7
2008/12/09,10.0,10.0,9.5,9.5
2008/12/10,9.4,10.1,9.4,10.1
2008/12/11,10.1,10.6,9.9,10.3
2008/12/12,10.2,10.4,9.6,9.7
2008/12/15,10.0,10.3,9.9,10.1
2008/12/16,9.9,10.0,9.4,9.6
2008/12/17,9.7,10.1,9.7,9.8
2008/12/18,10.0,10.0,9.7,9.9
2008/12/19,9.9,10.3,9.8,10.1
2008/12/22,10.3,10.4,9.8,9.9
2008/12/23,9.8,9.9,9.3,9.3
2008/12/24,9.1,9.5,9.1,9.5
2008/12/25,9.8,10.1,9.6,10.1
2008/12/26,10.1,10.6,10.1,10.3
2008/12/29,10.4,10.5,10.1,10.1
2008/12/30,10.2,10.6,10.2,10.4
2008/12/31,10.5,10.6,10.2,10.3
2009/01/05,10.7,10.7,10.3,10.3
2009/01/06,10.5,10.9,10.4,10.8
2009/01/07,11.0,11.3,10.9,11.1
2009/01/08,10.8,10.8,10.4,10.4
2009/01/09,10.3,10.5,10.2,10.3
2009/01/12,10.2,10.3,10.0,10.1
2009/01/13,10.0,10.1,9.9,10.1
2009/01/14,10.2,10.7,10.1,10.5
2009/01/15,10.0,10.1,9.8,9.9
2009/01/16,10.1,10.2,10.0,10.1
2009/01/19,10.4,10.5,10.1,10.1
2009/01/20,9.9,9.9,9.8,9.8
2009/01/21,9.5,10.0,9.4,9.8
2009/02/02,10.1,10.1,9.8,10.0
2009/02/03,10.0,10.4,10.0,10.4
2009/02/04,10.6,10.8,10.4,10.4
2009/02/05,10.3,10.6,10.3,10.4
2009/02/06,10.8,11.0,10.6,10.9
2009/02/09,11.3,11.3,11.0,11.0
2009/02/10,11.1,11.8,10.8,11.8
2009/02/11,11.5,12.3,11.3,12.1
2009/02/12,12.3,12.6,11.5,11.5
2009/02/13,11.8,12.3,11.7,12.2
2009/02/16,12.4,12.7,12.3,12.3
2009/02/17,12.3,12.4,11.7,11.8
2009/02/18,11.4,11.9,11.4,11.6
2009/02/19,11.7,12.1,11.5,11.9
2009/02/20,11.8,12.1,11.7,11.7
2009/02/23,11.5,11.9,11.4,11.9
2009/02/24,11.6,11.9,11.6,11.7
2009/02/25,12.0,12.1,11.8,11.8
2009/02/26,12.0,12.2,11.9,12.0
2009/02/27,12.1,12.7,12.0,12.6
2009/03/02,12.5,12.6,12.1,12.2
2009/03/03,12.1,13.0,11.8,13.0
2009/03/04,13.3,13.6,13.1,13.3
2009/03/05,13.4,13.8,13.0,13.0
2009/03/06,12.8,13.4,12.8,13.3
2009/03/09,13.4,13.5,13.0,13.3
2009/03/10,13.3,13.8,13.3,13.6
2009/03/11,13.8,14.0,13.6,13.6
2009/03/12,14.1,14.4,13.8,13.9
2009/03/13,14.3,14.3,13.9,13.9
2009/03/16,14.0,14.1,13.7,13.7
2009/03/17,13.7,13.8,13.5,13.7
2009/03/18,13.9,14.0,13.7,13.7
2009/03/19,14.0,14.0,13.5,13.5
2009/03/20,13.6,13.6,13.1,13.2
2009/03/23,13.2,13.6,13.2,13.6
2009/03/24,13.8,14.0,13.7,13.7
2009/03/25,13.7,14.4,13.7,14.2
2009/03/26,14.4,14.9,14.3,14.4
2009/03/27,14.7,14.8,13.9,14.1
2009/03/30,13.8,13.9,13.1,13.2
2009/03/31,13.2,13.5,13.1,13.2
2009/04/01,13.3,13.6,13.2,13.6
2009/04/02,13.6,13.9,13.6,13.9
2009/04/03,14.4,14.6,14.2,14.3
2009/04/06,14.6,14.7,14.2,14.3
2009/04/07,14.2,14.5,14.1,14.4
2009/04/08,14.3,14.4,14.0,14.0
2009/04/09,14.1,14.5,14.1,14.4
2009/04/10,14.6,14.8,14.2,14.3
2009/04/13,14.3,14.4,14.1,14.3
2009/04/14,14.1,15.0,14.1,15.0
2009/04/15,14.9,15.9,14.7,15.9
2009/04/16,16.1,16.5,15.5,15.5
2009/04/17,15.7,16.5,14.7,15.4
2009/04/20,15.8,16.4,15.6,16.4
2009/04/21,16.4,17.6,16.4,17.6
2009/04/22,17.7,18.2,17.6,17.9
2009/04/23,17.9,18.3,16.9,17.6
2009/04/24,17.8,18.4,17.4,17.9
2009/04/27,18.0,18.1,17.1,17.8
2009/04/28,18.0,18.4,17.1,17.6
2009/04/29,17.6,17.9,16.4,16.4
2009/04/30,17.1,17.6,16.9,17.6
2009/05/04,17.5,18.3,17.4,17.9
2009/05/05,17.9,17.9,16.7,17.0
2009/05/06,16.9,17.6,16.9,17.4
2009/05/07,17.5,18.2,17.2,18.1
2009/05/08,17.9,19.0,17.8,18.8
2009/05/11,18.8,18.8,18.0,18.1
2009/05/12,17.9,18.0,16.9,16.9
2009/05/13,16.5,17.0,16.4,16.8
2009/05/14,16.3,16.9,16.3,16.5
2009/05/15,16.8,17.1,16.7,16.9
2009/05/18,17.1,17.4,16.9,17.0
2009/05/19,17.4,17.5,16.7,16.7
2009/05/20,16.7,16.9,16.5,16.7
2009/05/21,16.7,17.6,16.7,17.1
2009/05/22,17.1,17.7,17.1,17.4
2009/05/25,17.6,17.9,16.7,16.7
2009/05/26,16.9,17.0,16.1,16.1
2009/05/27,16.3,16.7,16.3,16.6
2009/06/01,16.9,17.0,16.6,16.6
2009/06/02,16.9,17.0,16.2,16.2
2009/06/03,16.2,16.4,16.1,16.2
2009/06/04,16.2,16.5,16.2,16.5
2009/06/05,16.8,17.4,16.8,17.1
2009/06/08,18.1,18.3,16.9,17.0
2009/06/09,17.1,17.7,16.7,17.2
2009/06/10,17.5,17.6,16.0,16.3
2009/06/11,16.3,16.4,15.1,15.9
2009/06/12,15.6,16.2,15.4,15.6
2009/06/15,15.4,15.4,14.6,14.6
2009/06/16,14.2,14.5,14.0,14.3
2009/06/17,14.3,14.6,14.2,14.3
2009/06/18,14.5,14.5,13.6,13.8
2009/06/19,13.8,14.2,13.8,14.2
2009/06/22,14.3,14.5,14.1,14.4
2009/06/23,14.2,14.4,14.1,14.1
2009/06/24,14.2,14.9,14.2,14.6
2009/06/25,14.9,15.0,14.6,14.9
2009/06/26,15.0,15.0,14.7,14.8
2009/06/29,14.8,14.9,14.5,14.6
2009/06/30,14.8,14.9,14.6,14.8
2009/07/01,14.7,15.2,14.7,15.1
2009/07/02,15.2,15.6,15.2,15.4
2009/07/03,14.9,15.9,14.9,15.6
2009/07/06,15.7,16.2,15.4,16.0
2009/07/07,15.9,16.3,15.8,15.9
2009/07/08,15.9,15.9,15.6,15.7
2009/07/09,15.8,16.1,15.7,16.1
2009/07/10,16.1,16.2,15.8,15.8
2009/07/13,15.9,16.0,15.1,15.2
2009/07/14,15.4,15.9,15.4,15.7
2009/07/15,15.9,16.1,15.8,15.9
2009/07/16,16.1,16.4,15.9,16.0
2009/07/17,16.2,16.5,16.1,16.4
2009/07/20,16.6,16.8,16.4,16.6
2009/07/21,16.6,16.7,16.2,16.3
2009/07/22,16.4,17.1,16.4,16.9
2009/07/23,17.1,17.1,16.6,16.6
2009/07/24,16.9,17.2,16.7,16.7
2009/07/27,16.9,17.0,16.8,16.9
2009/07/28,17.0,17.7,17.0,17.4
2009/07/29,17.9,18.6,17.8,18.6
2009/07/30,18.5,18.8,17.9,18.3
2009/07/31,18.4,19.5,18.4,19.0
2009/08/03,19.9,19.9,18.9,19.4
2009/08/04,19.9,19.9,17.9,19.0
2009/08/05,19.2,19.4,18.1,18.2
2009/08/06,18.2,18.3,17.4,17.6
2009/08/10,17.6,18.6,17.6,18.5
2009/08/11,18.5,18.6,18.1,18.5
2009/08/12,18.5,18.9,18.4,18.6
2009/08/13,18.8,19.4,18.8,19.3
2009/08/14,19.4,20.1,19.1,19.9
2009/08/17,19.6,20.1,19.4,19.4
2009/08/18,19.2,19.7,18.6,18.7
2009/08/19,19.1,19.1,18.6,18.7
2009/08/20,18.9,18.9,18.0,18.4
2009/08/21,18.4,19.3,18.4,18.7
2009/08/24,19.0,19.4,19.0,19.3
2009/08/25,19.4,19.4,18.9,19.0
2009/08/26,19.0,19.1,18.6,19.0
2009/08/27,18.5,19.1,18.5,18.9
2009/08/28,18.9,19.1,18.8,18.9
2009/08/31,18.9,20.1,18.9,20.1
2009/09/01,20.4,21.4,20.3,20.6
2009/09/02,20.7,21.4,20.7,21.4
2009/09/03,21.6,21.6,20.9,21.1
2009/09/04,21.1,21.8,21.1,21.3
2009/09/07,21.5,22.0,21.4,21.9
2009/09/08,21.9,22.0,21.1,21.4
2009/09/09,21.0,21.4,20.5,20.7
2009/09/10,21.3,21.3,20.6,20.7
2009/09/11,20.7,21.9,20.7,21.3
2009/09/14,21.7,22.7,21.3,22.3
2009/09/15,22.3,23.0,22.0,22.6
2009/09/16,22.9,23.3,22.8,23.0
2009/09/17,23.2,23.2,22.3,22.3
2009/09/18,22.2,22.8,22.2,22.7
2009/09/21,22.5,23.0,22.4,22.7
2009/09/22,22.7,22.9,22.3,22.4
2009/09/23,22.5,22.7,21.6,21.6
2009/09/24,21.7,22.4,21.4,22.4
2009/09/25,22.2,22.3,21.9,22.1
2009/09/28,22.1,22.2,21.3,21.3
2009/09/29,21.4,21.7,21.2,21.2
2009/09/30,21.2,22.2,21.2,22.2
2009/10/01,22.3,22.6,21.6,21.9
2009/10/02,21.4,21.9,21.4,21.6
2009/10/05,21.6,21.9,21.4,21.8
2009/10/06,22.1,22.9,21.7,22.6
2009/10/07,22.9,23.2,22.6,22.6
2009/10/08,22.7,22.9,22.2,22.2
2009/10/09,22.3,22.7,22.1,22.4
2009/10/12,22.5,22.7,22.3,22.4
2009/10/13,22.3,22.3,21.9,22.2
2009/10/14,22.2,22.7,22.2,22.6
2009/10/15,22.8,23.0,22.2,22.4
2009/10/16,22.4,22.5,22.1,22.2
2009/10/19,22.2,22.7,22.1,22.5
2009/10/20,22.7,24.0,22.6,24.0
2009/10/21,24.2,24.6,23.9,23.9
2009/10/22,23.9,24.1,23.3,23.4
2009/10/23,23.7,24.5,23.4,24.2
2009/10/26,24.4,24.4,23.7,24.1
2009/10/27,24.9,25.4,24.4,24.4
2009/10/28,24.5,24.9,24.0,24.2
2009/10/29,23.8,23.8,22.9,23.4
2009/10/30,24.1,24.1,23.3,23.4
2009/11/02,22.7,23.4,22.7,23.2
2009/11/03,23.3,23.9,23.3,23.5
2009/11/04,23.6,24.0,23.6,23.8
2009/11/05,23.8,24.4,23.8,23.8
2009/11/06,23.9,24.2,23.4,23.4
2009/11/09,23.5,23.7,23.0,23.1
2009/11/10,23.2,23.5,23.2,23.2
2009/11/11,23.2,23.8,23.1,23.7
2009/11/12,23.7,23.7,23.3,23.3
2009/11/13,23.3,23.4,23.1,23.2
2009/11/16,23.2,23.8,23.2,23.6
2009/11/17,23.7,23.7,23.2,23.4
2009/11/18,23.7,23.9,23.5,23.6
2009/11/19,23.8,24.0,23.6,23.7
2009/11/20,23.5,23.6,23.4,23.4
2009/11/23,23.4,23.7,23.4,23.5
2009/11/24,23.5,24.0,23.5,23.6
2009/11/25,23.6,24.3,23.6,24.0
2009/11/26,24.1,25.2,24.1,24.2
2009/11/27,23.9,24.4,23.5,23.6
2009/11/30,24.1,24.9,24.0,24.6
2009/12/01,25.1,25.7,24.9,24.9
2009/12/02,25.0,25.6,24.6,24.6
2009/12/03,24.6,24.9,24.1,24.1
2009/12/04,24.3,24.7,24.1,24.3
2009/12/07,24.4,24.8,24.2,24.4
2009/12/08,24.4,24.5,24.2,24.4
2009/12/09,24.4,24.9,24.3,24.7
2009/12/10,24.7,25.5,24.5,24.7
2009/12/11,24.8,25.6,24.8,25.4
2009/12/14,25.5,26.3,25.5,25.9
2009/12/15,26.3,26.6,26.0,26.2
2009/12/16,26.4,26.4,25.7,25.7
2009/12/17,26.0,26.1,25.3,25.3
2009/12/18,25.0,25.7,25.0,25.7
2009/12/21,25.7,26.2,25.7,25.9
2009/12/22,26.1,26.6,25.9,26.0
2009/12/23,26.3,26.7,26.1,26.3
2009/12/24,26.4,26.5,25.8,26.0
2009/12/25,26.3,26.3,25.9,26.0
2009/12/28,26.0,26.5,25.7,25.8
2009/12/29,25.8,26.4,25.8,26.0
2009/12/30,26.2,26.5,26.2,26.4
2009/12/31,26.7,26.9,26.6,26.6
2010/01/04,26.7,26.7,26.1,26.2
2010/01/05,26.7,26.9,25.9,26.2
2010/01/06,26.3,26.5,26.1,26.2
2010/01/07,26.4,26.4,25.6,25.6
2010/01/08,25.6,25.9,25.1,25.4
2010/01/11,25.7,25.9,25.3,25.9
2010/01/12,25.9,26.4,25.9,26.2
2010/01/13,25.7,26.1,25.6,25.7
2010/01/14,26.4,27.3,26.4,26.9
2010/01/15,27.5,27.5,26.7,26.9
2010/01/18,26.7,26.8,26.4,26.7
2010/01/19,26.8,27.0,26.6,26.7
2010/01/20,26.9,27.2,26.7,26.8
2010/01/21,26.8,27.4,26.7,27.0
2010/01/22,27.3,27.8,27.0,27.1
2010/01/25,27.1,28.5,27.1,27.7
2010/01/26,28.0,28.0,25.9,26.0
2010/01/27,26.3,26.9,25.8,26.4
2010/01/28,26.9,27.0,26.5,26.7
2010/01/29,26.9,26.9,25.6,26.3
2010/02/01,26.3,26.4,25.6,25.6
2010/02/02,25.9,26.2,25.3,25.4
2010/02/03,25.6,26.1,25.4,26.1
2010/02/04,26.7,26.7,26.3,26.6
2010/02/05,25.5,25.9,24.9,25.4
2010/02/08,25.3,25.7,25.1,25.4
2010/02/09,25.4,25.8,25.2,25.6
2010/02/10,25.9,26.3,25.7,26.0
2010/02/22,26.6,26.9,26.3,26.5
2010/02/23,26.7,26.7,26.2,26.4
2010/02/24,26.4,26.6,26.1,26.4
2010/02/25,26.5,26.7,25.9,26.1
2010/02/26,25.9,26.2,25.8,25.9
2010/03/01,25.9,26.7,25.9,26.6
2010/03/02,26.9,27.1,26.6,26.9
2010/03/03,27.0,27.1,26.7,26.9
2010/03/04,27.1,27.1,26.6,26.7
2010/03/05,26.9,27.1,26.8,26.9
2010/03/08,27.1,27.3,26.9,27.3
2010/03/09,27.4,27.9,27.3,27.4
2010/03/10,27.5,29.2,27.5,28.7
2010/03/11,28.8,28.8,28.2,28.3
2010/03/12,28.7,29.7,28.6,29.4
2010/03/15,29.6,29.9,29.1,29.2
2010/03/16,28.5,29.9,28.5,29.5
2010/03/17,29.8,31.5,29.7,31.3
2010/03/18,31.4,32.8,31.3,32.8
2010/03/19,33.3,33.3,32.5,32.7
2010/03/22,33.0,34.4,32.7,34.4
2010/03/23,34.6,35.1,32.7,32.7
2010/03/24,32.7,33.1,31.7,32.4
2010/03/25,32.1,32.7,32.0,32.4
2010/03/26,32.7,33.4,32.5,32.7
2010/03/29,33.4,34.2,33.0,33.5
2010/03/30,33.8,34.0,33.2,33.5
2010/03/31,33.5,34.4,33.2,34.0
2010/04/01,34.5,34.7,33.6,33.6
2010/04/02,33.6,34.6,33.6,34.3
2010/04/06,34.6,34.9,34.2,34.5
2010/04/07,34.7,34.9,34.2,34.7
2010/04/08,34.8,34.9,33.3,33.5
2010/04/09,34.1,35.5,33.9,35.0
2010/04/12,36.3,37.5,35.9,36.9
2010/04/13,37.1,37.1,35.4,35.7
2010/04/14,36.0,36.3,34.9,36.3
2010/04/15,36.5,36.7,36.0,36.3
2010/04/16,36.3,36.7,36.0,36.4
2010/04/19,35.0,35.7,34.5,34.7
2010/04/20,36.0,36.5,35.4,36.0
2010/04/21,36.7,38.5,36.0,38.4
2010/04/22,38.4,38.6,37.5,38.0
2010/04/23,38.0,38.4,37.8,37.8
2010/04/26,38.4,40.2,38.2,39.8
2010/04/27,39.7,39.8,38.5,38.8
2010/04/28,37.1,38.5,37.1,38.2
2010/04/29,38.8,39.1,38.0,38.0
2010/04/30,38.8,38.8,35.5,36.0
2010/05/03,35.7,36.7,35.5,36.5
2010/05/04,37.2,37.3,36.3,36.7
2010/05/05,35.7,36.3,35.3,35.5
2010/05/06,35.5,37.0,35.2,35.9
2010/05/07,35.0,36.4,34.5,36.1
2010/05/10,36.4,37.4,35.8,37.4
2010/05/11,37.9,38.0,37.1,37.2
2010/05/12,37.4,37.9,37.0,37.0
2010/05/13,37.8,38.5,37.5,38.0
2010/05/14,38.0,39.0,37.6,39.0
2010/05/17,38.5,39.1,38.0,38.4
2010/05/18,38.6,38.8,37.0,37.3
2010/05/19,36.7,37.3,35.5,36.7
2010/05/20,36.4,36.9,35.9,36.0
2010/05/21,34.3,35.0,33.8,34.2
2010/05/24,34.4,35.9,34.3,35.6
2010/05/25,34.6,35.5,33.3,33.6
2010/05/26,33.8,34.5,33.2,34.5
2010/05/27,34.2,35.1,34.0,35.0
2010/05/28,35.5,36.0,35.0,35.0
2010/05/31,35.0,35.3,34.7,35.0
2010/06/01,34.7,34.8,32.6,32.7
2010/06/02,32.1,33.3,31.8,32.3
2010/06/03,33.2,33.8,32.7,33.2
2010/06/04,33.6,34.2,33.4,33.5
2010/06/07,31.7,32.5,31.7,32.3
2010/06/08,32.3,32.3,31.7,32.3
2010/06/09,32.5,32.7,30.6,31.5
2010/06/10,31.5,31.6,29.9,30.6
2010/06/11,31.4,31.6,31.1,31.2
2010/06/14,32.0,32.0,31.4,31.8
2010/06/15,31.8,32.0,31.5,32.0
2010/06/17,32.1,33.2,32.0,32.2
2010/06/18,32.3,32.4,31.7,32.1
2010/06/21,32.5,32.5,32.0,32.4
2010/06/22,32.4,32.8,32.2,32.5
2010/06/23,32.5,32.9,32.2,32.4
2010/06/24,32.4,32.8,32.4,32.5
2010/06/25,33.0,34.4,32.9,33.9
2010/06/28,34.2,35.0,33.6,34.5
2010/06/29,35.4,36.1,34.5,34.5
2010/06/30,33.6,34.3,33.2,33.9
2010/07/01,33.9,34.7,33.9,34.4
2010/07/02,34.9,36.8,34.7,36.6
2010/07/05,36.7,36.8,36.0,36.6
2010/07/06,36.7,38.0,36.7,37.8
2010/07/07,38.4,39.2,37.5,37.6
2010/07/08,38.3,38.3,37.5,37.5
2010/07/09,37.5,39.0,37.5,37.7
2010/07/12,37.9,38.2,37.5,37.7
2010/07/13,37.8,38.8,37.8,37.9
2010/07/14,38.3,38.5,37.9,38.0
2010/07/15,38.0,38.2,37.5,38.0
2010/07/16,38.0,38.1,36.7,36.7
2010/07/19,36.3,36.9,36.3,36.7
2010/07/20,39.3,39.3,39.3,39.3
2010/07/21,41.0,42.0,40.9,41.8
2010/07/22,41.3,41.5,40.5,41.1
2010/07/23,41.7,43.9,41.1,43.2
2010/07/26,43.4,43.5,42.2,43.3
2010/07/27,43.3,43.8,42.6,43.1
2010/07/28,43.1,43.6,42.5,42.7
2010/07/29,42.1,42.3,40.8,40.9
2010/07/30,40.9,41.2,40.5,40.5
2010/08/02,40.6,42.0,40.6,41.3
2010/08/03,42.0,42.1,40.8,40.8
2010/08/04,41.3,41.6,40.8,41.1
2010/08/05,41.1,41.3,40.0,40.0
2010/08/06,39.9,40.9,39.2,39.5
2010/08/09,39.5,40.7,38.8,40.3
2010/08/10,40.5,40.6,39.3,39.4
2010/08/11,39.3,39.5,38.6,38.8
2010/08/12,38.3,38.4,37.7,37.9
2010/08/13,38.0,39.7,37.9,39.4
2010/08/16,39.1,39.5,38.3,39.0
2010/08/17,39.2,41.5,38.8,41.3
2010/08/18,41.7,41.9,40.2,41.4
2010/08/19,41.5,42.1,40.7,41.5
2010/08/20,41.6,42.5,41.1,41.1
2010/08/23,41.5,41.7,40.2,40.2
2010/08/24,40.2,40.9,40.2,40.3
2010/08/25,40.0,40.8,39.9,40.3
2010/08/26,40.3,40.6,38.5,38.7
2010/08/27,38.8,38.9,38.2,38.5
2010/08/30,39.1,39.1,38.2,38.3
2010/08/31,37.6,37.8,35.7,36.7
2010/09/01,37.0,37.8,36.6,37.4
2010/09/02,37.7,38.3,36.2,36.7
2010/09/03,36.9,37.9,36.7,37.7
2010/09/06,38.2,38.3,37.4,37.8
2010/09/07,37.9,38.0,37.3,37.3
2010/09/08,36.8,37.3,36.5,36.7
2010/09/09,36.8,37.2,34.6,34.6
2010/09/10,35.0,36.2,35.0,35.9
2010/09/13,36.7,37.1,36.3,36.9
2010/09/14,37.3,37.3,36.6,36.8
2010/09/15,36.8,36.9,36.4,36.5
2010/09/16,36.5,36.9,35.7,35.9
2010/09/17,36.0,36.4,35.8,35.9
2010/09/20,35.9,36.3,35.9,36.2
2010/09/21,36.5,37.9,36.3,37.9
2010/09/23,38.2,38.3,37.2,37.5
2010/09/24,37.5,37.7,36.8,37.0
2010/09/27,37.5,37.6,36.7,36.8
2010/09/28,36.7,37.1,36.5,36.5
2010/09/29,36.7,37.0,36.7,36.7
2010/09/30,37.3,38.0,37.0,37.6
2010/10/01,37.7,38.2,37.3,37.6
2010/10/04,38.2,38.4,36.8,37.0
2010/10/05,36.8,37.2,36.2,36.4
2010/10/06,37.1,37.2,36.5,36.7
2010/10/07,37.5,37.5,36.9,37.0
2010/10/08,37.4,37.4,36.6,36.6
2010/10/11,36.7,36.7,35.8,35.8
2010/10/12,35.8,36.1,35.0,35.4
2010/10/13,35.5,35.8,35.3,35.4
2010/10/14,35.5,36.0,35.5,35.8
2010/10/15,35.8,35.8,35.1,35.1
2010/10/18,35.1,35.1,34.1,34.2
2010/10/19,34.2,34.6,34.1,34.4
2010/10/20,36.7,36.8,36.6,36.8
2010/10/21,37.0,38.0,36.9,37.1
2010/10/22,37.1,37.7,36.9,37.0
2010/10/25,37.0,37.5,36.9,37.0
2010/10/26,37.4,37.9,37.0,37.3
2010/10/27,37.5,38.0,37.3,37.5
2010/10/28,37.8,37.8,37.2,37.5
2010/10/29,37.8,37.9,37.4,37.5
2010/11/01,37.8,37.9,37.2,37.2
2010/11/02,37.2,37.4,36.2,36.3
2010/11/03,36.4,36.7,35.8,35.8
2010/11/04,35.8,36.2,35.5,36.0
2010/11/05,36.4,36.9,35.7,36.0
2010/11/08,36.0,36.1,35.2,35.5
2010/11/09,35.5,36.2,35.5,36.0
2010/11/10,36.0,36.5,35.9,36.3
2010/11/11,36.7,37.0,36.3,36.6
2010/11/12,36.3,36.5,36.0,36.2
2010/11/15,36.0,36.4,36.0,36.0
2010/11/16,36.1,36.3,36.0,36.1
2010/11/17,35.7,36.2,35.5,35.9
2010/11/18,36.0,36.2,35.9,36.0
2010/11/19,36.2,36.5,36.1,36.3
2010/11/22,36.6,37.0,36.3,36.7
2010/11/23,37.0,38.2,36.7,37.5
2010/11/24,37.5,38.0,37.2,37.6
2010/11/25,38.0,38.0,37.6,37.8
2010/11/26,38.2,38.8,37.8,37.8
2010/11/29,38.0,38.2,37.3,37.8
2010/11/30,38.1,38.7,38.0,38.0
2010/12/01,38.0,38.7,38.0,38.5
2010/12/02,39.1,40.4,38.8,39.4
2010/12/03,39.7,40.1,39.0,39.0
2010/12/06,39.4,39.5,38.7,38.8
2010/12/07,39.2,39.5,38.8,39.2
2010/12/08,39.3,39.4,38.6,38.6
2010/12/09,38.8,39.9,38.7,38.9
2010/12/10,36.2,37.9,36.2,37.3
2010/12/13,36.9,38.2,36.9,37.7
2010/12/14,37.8,38.0,37.1,37.2
2010/12/15,37.3,37.4,36.9,37.3
2010/12/16,37.4,37.8,37.4,37.5
2010/12/17,37.7,37.8,37.3,37.4
2010/12/20,37.8,37.8,37.3,37.4
2010/12/21,37.4,37.5,36.9,37.1
2010/12/22,37.4,37.7,37.2,37.5
2010/12/23,37.5,38.2,37.5,37.8
2010/12/24,37.9,37.9,37.5,37.6
2010/12/27,37.7,37.7,37.2,37.2
2010/12/28,37.4,37.5,36.9,37.0
2010/12/29,37.3,37.3,36.3,36.5
2010/12/30,36.9,37.0,36.5,36.7
2010/12/31,36.7,37.0,36.7,37.0
2011/01/03,37.1,37.1,36.5,36.7
2011/01/04,36.8,36.8,36.7,36.7
2011/01/05,36.8,37.0,36.8,36.8
2011/01/06,37.5,38.0,37.4,37.7
2011/01/07,37.8,38.1,37.1,37.3
2011/01/10,37.7,37.7,37.4,37.5
2011/01/11,37.5,37.9,37.5,37.7
2011/01/12,38.0,38.0,37.6,37.9
2011/01/13,38.0,39.5,37.9,39.1
2011/01/14,39.5,40.2,39.1,39.1
2011/01/17,39.7,39.8,39.0,39.1
2011/01/18,39.1,39.9,39.1,39.7
2011/01/19,39.8,39.8,39.3,39.3
2011/01/20,39.3,39.4,38.6,38.8
2011/01/21,38.7,39.5,38.4,38.9
2011/01/24,39.4,39.7,38.8,39.2
2011/01/25,39.5,39.5,38.9,38.9
2011/01/26,39.0,39.2,38.6,38.7
2011/01/27,38.8,39.1,38.7,38.7
2011/01/28,39.0,39.0,38.4,38.5
2011/02/08,40.4,41.1,39.2,41.1
2011/02/09,41.7,42.4,40.9,41.1
2011/02/10,41.1,41.1,40.2,40.3
2011/02/11,40.4,41.1,38.9,39.5
2011/02/14,40.0,40.3,39.8,39.9
2011/02/15,40.9,42.1,40.5,41.8
2011/02/16,41.9,42.0,41.1,41.1
2011/02/17,41.4,41.5,40.7,41.0
2011/02/18,41.2,41.7,41.0,41.6
2011/02/21,41.5,42.0,41.2,41.5
2011/02/22,40.7,41.1,39.6,40.3
2011/02/23,39.6,40.0,38.3,38.4
2011/02/24,39.0,39.1,38.5,38.8
2011/02/25,39.2,39.3,38.5,39.3
2011/03/01,39.3,39.8,38.7,39.5
2011/03/02,38.9,39.3,38.9,39.0
2011/03/03,39.2,39.5,39.1,39.4
2011/03/04,39.6,40.2,39.4,39.5
2011/03/07,39.4,40.4,39.1,40.4
2011/03/08,40.4,40.4,39.8,40.0
2011/03/09,40.3,40.4,39.5,39.5
2011/03/10,39.5,39.5,38.7,38.9
2011/03/11,38.0,38.6,37.9,38.5
2011/03/14,38.2,38.4,37.0,38.3
2011/03/15,38.3,38.5,35.6,36.3
2011/03/16,36.6,37.1,35.6,36.3
2011/03/17,35.9,37.3,35.6,37.1
2011/03/18,38.0,39.0,38.0,38.5
2011/03/21,38.5,39.0,38.4,38.7
2011/03/22,38.9,39.7,38.8,38.9
2011/03/23,39.0,39.3,38.7,38.9
2011/03/24,39.2,39.4,38.7,38.7
2011/03/25,39.0,39.3,38.6,38.7
2011/03/28,39.1,39.6,39.0,39.0
2011/03/29,39.0,39.3,38.8,38.8
2011/03/30,39.6,39.7,39.0,39.0
2011/03/31,39.3,39.4,39.0,39.0
2011/04/01,39.3,39.5,39.1,39.2
2011/04/06,39.5,40.5,39.4,40.1
2011/04/07,40.3,40.4,39.9,39.9
2011/04/08,39.9,40.6,39.9,39.9
2011/04/11,39.9,39.9,39.2,39.5
2011/04/12,39.2,39.2,38.9,39.0
2011/04/13,39.2,39.2,38.8,39.1
2011/04/14,39.1,39.4,39.0,39.3
2011/04/15,40.4,40.5,39.7,39.7
2011/04/18,40.0,40.1,39.3,39.4
2011/04/19,39.2,39.2,38.7,39.0
2011/04/20,39.2,40.6,39.2,40.3
2011/04/21,40.5,41.5,40.4,40.6
2011/04/22,40.9,41.1,39.5,40.2
2011/04/25,40.1,40.3,39.3,39.5
2011/04/26,39.8,40.3,39.5,39.8
2011/04/27,40.1,40.2,39.8,39.8
2011/04/28,40.0,40.1,39.5,39.5
2011/04/29,39.9,40.2,39.3,39.3
2011/05/03,39.4,39.4,38.4,38.5
2011/05/04,38.5,38.9,37.9,38.8
2011/05/05,38.5,39.3,38.5,38.9
2011/05/06,38.8,38.8,38.1,38.5
2011/05/09,38.5,38.7,38.1,38.2
2011/05/10,38.1,38.4,38.0,38.2
2011/05/11,38.4,38.4,37.5,37.6
2011/05/12,37.5,37.8,37.3,37.5
2011/05/13,37.6,38.0,37.5,37.7
2011/05/16,37.7,37.7,37.3,37.3
2011/05/17,37.0,37.2,36.4,36.6
2011/05/18,36.7,36.8,36.5,36.6
2011/05/19,36.7,36.9,36.4,36.5
2011/05/20,36.5,36.7,36.0,36.5
2011/05/23,36.5,36.6,36.0,36.6
2011/05/24,36.6,36.6,36.0,36.3
2011/05/25,36.6,36.6,36.2,36.5
2011/05/26,36.7,36.9,36.5,36.6
2011/05/27,36.7,37.0,36.6,36.6
2011/05/30,37.0,37.0,36.6,36.9
2011/05/31,37.2,37.6,37.0,37.3
2011/06/01,37.5,37.5,36.9,37.0
2011/06/02,36.7,36.8,36.2,36.3
2011/06/03,36.5,36.6,35.8,36.6
2011/06/07,36.5,37.0,36.0,36.7
2011/06/08,36.7,37.0,36.5,36.5
2011/06/09,36.2,36.4,35.9,36.1
2011/06/10,36.1,36.4,35.8,35.9
2011/06/13,35.5,35.7,35.5,35.5
2011/06/14,35.7,35.9,35.5,35.6
2011/06/15,35.6,36.3,35.5,35.9
2011/06/16,35.6,35.8,35.5,35.5
2011/06/17,35.7,35.9,34.7,35.0
2011/06/20,35.0,35.0,33.3,33.4
2011/06/21,34.0,34.0,33.5,33.5
2011/06/22,33.8,34.1,33.7,33.7
2011/06/23,33.6,34.0,33.6,33.8
2011/06/24,33.7,33.9,33.6,33.6
2011/06/27,33.4,33.5,33.2,33.5
2011/06/28,33.8,34.3,33.6,33.7
2011/06/29,34.0,34.4,34.0,34.1
2011/06/30,34.3,34.5,34.0,34.3
2011/07/01,34.6,34.6,34.2,34.4
2011/07/04,34.6,34.7,34.2,34.2
2011/07/05,34.2,34.2,33.7,33.8
2011/07/06,33.8,34.1,33.6,33.8
2011/07/07,34.0,34.2,33.7,33.9
2011/07/08,33.8,34.0,33.3,33.4
2011/07/11,33.4,33.4,32.2,32.3
2011/07/12,31.8,31.9,30.9,31.4
2011/07/13,31.7,31.7,30.4,30.5
2011/07/14,30.3,31.0,30.2,30.5
2011/07/15,30.7,31.1,30.6,31.1
2011/07/18,31.1,31.3,30.9,31.0
2011/07/19,31.0,31.0,30.7,31.0
2011/07/20,31.4,31.8,31.0,31.6
2011/07/21,31.6,31.6,31.2,31.5
2011/07/22,31.5,32.0,31.4,31.7
2011/07/25,31.7,31.7,31.1,31.1
2011/07/26,31.1,31.3,31.0,31.1
2011/07/27,31.1,32.1,31.1,31.8
2011/07/28,31.3,32.1,31.3,32.0
2011/07/29,32.0,32.5,31.8,32.3
2011/08/01,33.1,34.3,32.7,34.3
2011/08/02,34.0,34.4,33.7,34.0
2011/08/03,33.2,33.5,32.8,33.2
2011/08/04,33.4,33.5,32.5,32.6
2011/08/05,30.4,30.5,30.4,30.4
2011/08/08,29.6,30.0,28.3,28.3
2011/08/09,26.3,27.5,26.3,27.5
2011/08/10,28.8,29.5,28.3,29.5
2011/08/11,27.8,29.4,27.5,29.2
2011/08/12,29.7,30.1,28.9,29.2
2011/08/15,29.5,29.9,29.3,29.7
2011/08/16,30.1,30.2,29.5,29.8
2011/08/17,29.8,30.0,29.6,29.6
2011/08/18,29.5,29.5,28.9,29.1
2011/08/19,27.2,28.1,27.2,27.4
2011/08/22,27.2,28.6,27.2,27.9
2011/08/23,28.7,29.8,28.5,29.8
2011/08/24,30.0,30.1,29.5,29.9
2011/08/25,29.8,29.8,28.5,28.6
2011/08/26,28.6,29.3,28.6,28.9
2011/08/29,29.0,30.1,29.0,29.9
2011/08/30,30.4,30.7,29.9,30.2
2011/08/31,30.2,31.0,30.2,30.7
2011/09/01,30.8,31.3,30.2,30.3
2011/09/02,29.8,30.3,29.8,30.2
2011/09/05,29.7,30.9,29.5,30.5
2011/09/06,30.4,30.4,29.6,29.7
2011/09/07,30.1,30.5,29.9,30.4
2011/09/08,30.7,31.0,30.4,30.6
2011/09/09,30.6,30.8,30.4,30.8
2011/09/13,30.5,30.6,29.8,30.1
2011/09/14,30.5,30.5,29.0,29.9
2011/09/15,30.7,30.7,30.1,30.2
2011/09/16,30.6,30.9,30.5,30.7
2011/09/19,30.9,30.9,30.0,30.0
2011/09/20,30.0,30.5,29.8,30.1
2011/09/21,30.2,30.7,30.1,30.2
2011/09/22,29.9,30.1,29.2,29.3
2011/09/23,27.9,28.3,27.4,27.7
2011/09/26,27.4,28.0,26.7,26.8
2011/09/27,27.3,28.1,27.0,27.4
2011/09/28,27.6,27.8,26.8,27.5
2011/09/29,27.1,27.9,27.0,27.9
2011/09/30,28.0,28.1,27.6,28.1
2011/10/03,27.8,27.9,27.2,27.6
2011/10/04,27.2,27.6,27.0,27.5
2011/10/05,27.9,28.0,27.3,27.4
2011/10/06,27.5,27.9,27.4,27.6
2011/10/07,27.2,27.9,27.2,27.6
2011/10/11,27.9,28.2,27.8,28.1
2011/10/12,28.1,28.1,27.6,27.8
2011/10/13,28.0,28.2,27.8,28.0
2011/10/14,28.0,28.2,27.8,28.0
2011/10/17,28.2,28.5,28.0,28.0
2011/10/18,27.8,27.8,27.1,27.4
2011/10/19,27.4,27.7,26.9,27.3
2011/10/20,28.3,29.2,28.2,28.8
2011/10/21,28.9,29.5,28.4,28.9
2011/10/24,29.5,29.5,29.1,29.2
2011/10/25,29.2,29.5,29.0,29.1
2011/10/26,29.0,29.2,28.8,29.1
2011/10/27,29.1,29.6,28.9,29.2
2011/10/28,29.8,29.8,29.0,29.2
2011/10/31,29.0,29.3,28.8,28.8
2011/11/01,28.8,28.9,28.5,28.8
2011/11/02,28.3,28.6,28.1,28.5
2011/11/03,28.5,29.1,28.3,28.4
2011/11/04,28.8,29.0,28.6,28.8
2011/11/07,28.8,28.8,28.5,28.6
2011/11/08,28.6,29.2,28.5,29.1
2011/11/09,29.3,29.4,28.5,28.6
2011/11/10,27.9,28.1,27.0,27.3
2011/11/11,27.4,27.7,26.9,27.1
2011/11/14,27.3,28.0,27.3,27.7
2011/11/15,27.5,27.8,27.3,27.3
2011/11/16,27.3,27.5,26.9,27.0
2011/11/17,26.8,27.0,26.7,26.7
2011/11/18,26.7,26.7,26.1,26.3
2011/11/21,26.0,26.2,24.8,24.8
2011/11/22,24.6,24.9,24.0,24.2
2011/11/23,24.2,24.5,23.5,23.5
2011/11/24,23.2,24.1,23.1,23.9
2011/11/25,23.9,24.4,23.8,23.9
2011/11/28,24.4,24.4,23.9,24.0
2011/11/29,24.1,24.9,24.1,24.6
2011/11/30,24.6,24.9,24.1,24.1
2011/12/01,25.1,25.2,24.7,25.0
2011/12/02,25.1,25.1,24.6,24.8
2011/12/05,25.0,25.0,24.6,24.8
2011/12/06,24.8,24.8,24.0,24.1
2011/12/07,24.1,24.6,24.0,24.1
2011/12/08,24.2,24.2,23.5,23.7
2011/12/09,23.5,23.7,23.2,23.5
2011/12/12,23.2,24.1,23.2,23.7
2011/12/13,23.5,23.8,23.4,23.7
2011/12/14,23.7,23.9,23.5,23.8
2011/12/15,23.7,23.7,23.3,23.4
2011/12/16,23.4,23.8,23.3,23.4
2011/12/19,23.2,23.4,21.7,21.8
2011/12/20,21.7,22.1,21.7,21.9
2011/12/21,22.9,23.5,22.8,23.4
2011/12/22,23.4,23.6,23.0,23.2
2011/12/23,23.5,24.1,23.5,23.9
2011/12/26,23.7,24.0,23.7,23.9
2011/12/27,23.9,23.9,23.5,23.5
2011/12/28,23.5,23.8,23.5,23.5
2011/12/29,23.5,23.7,23.5,23.6
2011/12/30,23.8,23.9,23.7,23.8
2012/01/02,23.9,23.9,23.3,23.3
2012/01/03,23.5,24.3,23.5,24.1
2012/01/04,24.3,24.5,23.8,24.1
2012/01/05,24.1,24.3,24.0,24.3
2012/01/06,24.6,26.0,24.5,26.0
2012/01/09,26.0,26.2,25.4,25.8
2012/01/10,26.1,26.2,25.5,25.5
2012/01/11,24.3,26.1,24.3,25.7
2012/01/12,25.7,25.8,25.2,25.2
2012/01/13,25.3,25.7,25.1,25.1
2012/01/16,26.0,26.0,25.3,25.7
2012/01/17,25.7,26.5,25.5,26.5
2012/01/18,26.5,27.4,26.5,27.4
2012/01/30,27.7,28.8,27.7,28.5
2012/01/31,28.5,29.1,28.2,28.7
2012/02/01,29.4,29.7,29.0,29.1
2012/02/02,29.5,29.6,29.0,29.1
2012/02/03,29.1,29.5,29.0,29.1
2012/02/06,29.8,29.8,29.4,29.5
2012/02/07,29.6,30.1,29.6,29.6
2012/02/08,30.0,30.1,29.9,30.0
2012/02/09,30.0,31.3,30.0,31.1
2012/02/10,32.4,32.4,31.2,31.3
2012/02/13,31.1,31.1,30.7,31.0
2012/02/14,30.8,31.7,30.7,31.3
2012/02/15,31.4,31.9,31.3,31.4
2012/02/16,31.1,31.5,30.2,30.3
2012/02/17,30.4,31.2,30.0,31.1
2012/02/20,31.4,31.5,30.8,31.0
2012/02/21,31.3,31.3,30.3,30.6
2012/02/22,30.6,31.5,30.6,31.0
2012/02/23,31.4,31.9,31.1,31.4
2012/02/24,31.5,31.7,31.0,31.1
2012/02/29,31.1,31.6,30.9,31.1
2012/03/01,30.8,31.4,30.8,31.1
2012/03/02,31.5,31.8,31.3,31.5
2012/03/05,31.5,31.5,30.8,30.8
2012/03/06,30.8,31.0,29.7,29.9
2012/03/07,29.4,30.5,29.4,30.2
2012/03/08,30.6,31.0,30.5,31.0
2012/03/09,31.5,32.0,31.1,31.9
2012/03/12,32.1,33.2,32.1,32.1
2012/03/13,32.2,32.4,31.6,31.6
2012/03/14,31.7,31.9,31.4,31.5
2012/03/15,31.6,31.9,31.5,31.6
2012/03/16,31.6,31.8,31.3,31.3
2012/03/19,31.3,31.5,31.1,31.2
2012/03/20,31.3,31.5,31.0,31.0
2012/03/21,31.0,31.2,30.6,30.9
2012/03/22,31.0,31.6,31.0,31.3
2012/03/23,31.3,31.7,31.1,31.4
2012/03/26,31.7,32.0,31.2,31.5
2012/03/27,31.7,31.7,31.1,31.2
2012/03/28,31.2,31.6,30.9,31.2
2012/03/29,30.9,31.1,29.4,29.9
2012/03/30,29.5,30.3,29.4,30.2
2012/04/02,29.8,30.1,29.6,29.7
2012/04/03,29.6,29.8,27.8,28.5
2012/04/05,26.9,28.1,26.7,28.0
2012/04/06,28.1,28.9,27.6,28.8
2012/04/09,28.2,28.8,28.1,28.5
2012/04/10,28.6,29.5,28.5,28.6
2012/04/11,28.4,29.0,28.2,28.9
2012/04/12,28.9,29.5,28.6,28.9
2012/04/13,29.4,30.0,29.4,29.8
2012/04/16,29.6,29.6,29.2,29.5
2012/04/17,29.5,29.6,28.1,28.5
2012/04/18,28.8,28.9,28.3,28.5
2012/04/19,28.3,28.5,28.1,28.3
2012/04/20,28.5,28.5,28.1,28.3
2012/04/23,28.2,28.5,27.7,27.8
2012/04/24,27.6,28.1,27.6,27.6
2012/04/25,27.8,28.1,27.8,28.0
2012/04/26,28.2,28.2,27.9,28.1
2012/04/27,29.1,29.4,28.7,28.7
2012/04/30,28.2,29.7,28.2,29.2
2012/05/02,29.4,30.1,29.4,29.9
2012/05/03,29.9,29.9,29.5,29.6
2012/05/04,29.6,30.0,29.5,29.6
2012/05/07,29.2,29.3,29.1,29.2
2012/05/08,29.1,29.6,29.0,29.2
2012/05/09,29.0,29.2,28.8,28.8
2012/05/10,28.7,28.9,28.3,28.5
2012/05/11,28.5,28.5,27.7,27.8
2012/05/14,28.0,28.0,27.2,27.8
2012/05/15,27.7,27.9,27.3,27.9
2012/05/16,27.8,27.8,27.1,27.5
2012/05/17,27.6,27.7,27.3,27.6
2012/05/18,27.2,27.2,26.5,26.5
2012/05/21,26.7,27.1,26.6,26.8
2012/05/22,27.2,27.5,26.8,27.4
2012/05/23,27.1,27.3,26.8,26.9
2012/05/24,26.9,27.4,26.6,26.7
2012/05/25,26.7,26.8,26.5,26.5
2012/05/28,26.5,26.9,26.5,26.8
2012/05/29,27.0,27.9,27.0,27.6
2012/05/30,27.6,27.8,27.1,27.8
2012/05/31,27.2,27.9,27.1,27.9
2012/06/01,27.8,27.8,27.2,27.4
2012/06/04,26.2,26.3,25.5,25.7
2012/06/05,26.0,26.6,26.0,26.3
2012/06/06,26.6,26.7,26.5,26.7
2012/06/07,27.3,27.5,27.1,27.2
2012/06/08,27.2,27.5,27.0,27.0
2012/06/11,27.2,27.4,27.0,27.0
2012/06/12,26.9,27.3,26.7,27.0
2012/06/13,27.4,27.4,26.8,27.4
2012/06/14,27.3,27.4,27.1,27.3
2012/06/15,27.3,29.2,27.2,29.2
2012/06/18,28.7,29.2,28.5,28.9
2012/06/19,28.9,28.9,28.3,28.7
2012/06/20,28.8,28.8,28.5,28.5
2012/06/21,28.7,28.9,28.5,28.7
2012/06/22,28.2,28.8,28.1,28.7
2012/06/25,28.5,29.4,28.5,28.8
2012/06/26,28.5,29.3,28.5,29.0
2012/06/27,28.7,29.1,28.5,28.5
2012/06/28,28.7,28.8,28.2,28.2
2012/06/29,28.1,28.9,28.1,28.8
2012/07/02,28.9,29.5,28.8,29.2
2012/07/03,29.1,29.5,29.1,29.4
2012/07/04,29.5,29.5,29.2,29.2
2012/07/05,29.2,29.4,29.0,29.1
2012/07/06,29.1,29.1,28.6,28.7
2012/07/09,28.7,28.8,28.3,28.5
2012/07/10,28.5,28.6,28.1,28.1
2012/07/11,28.1,28.7,28.1,28.5
2012/07/12,28.5,28.6,27.8,28.0
2012/07/13,28.0,28.1,27.7,27.7
2012/07/16,28.0,28.0,27.2,27.4
2012/07/17,27.7,27.7,27.2,27.6
2012/07/18,27.4,27.6,26.8,27.1
2012/07/19,27.3,27.4,27.0,27.3
2012/07/20,27.4,27.6,27.3,27.4
2012/07/23,27.3,27.3,26.9,27.0
2012/07/24,26.7,27.0,26.7,26.8
2012/07/25,26.7,27.2,26.7,27.0
2012/07/26,27.0,27.1,26.9,27.0
2012/07/27,27.1,27.4,27.1,27.3
2012/07/30,26.3,26.3,26.1,26.3
2012/07/31,26.3,26.7,26.3,26.7
2012/08/01,27.0,27.3,26.9,27.1
2012/08/03,27.1,27.3,27.0,27.1
2012/08/06,27.6,27.6,27.2,27.5
2012/08/07,27.6,27.7,27.3,27.3
2012/08/08,27.7,28.2,27.7,28.0
2012/08/09,28.1,28.5,28.0,28.5
2012/08/10,28.5,28.8,28.4,28.6
2012/08/13,28.8,28.8,28.5,28.5
2012/08/14,28.5,29.0,28.5,28.9
2012/08/15,28.9,29.3,28.6,28.6
2012/08/16,28.9,29.2,28.7,29.0
2012/08/17,29.0,29.3,29.0,29.1
2012/08/20,29.2,29.2,28.8,28.9
2012/08/21,28.9,29.2,28.8,29.0
2012/08/22,29.0,29.2,28.9,29.0
2012/08/23,29.1,29.2,29.0,29.1
2012/08/24,29.1,29.5,29.0,29.4
2012/08/27,29.6,29.7,29.4,29.4
2012/08/28,29.3,29.3,28.8,29.0
2012/08/29,29.0,29.1,28.8,29.0
2012/08/30,28.9,29.2,28.9,29.1
2012/08/31,28.9,29.2,28.9,28.9
2012/09/03,28.9,29.3,28.8,29.2
2012/09/04,29.3,29.6,29.3,29.3
2012/09/05,29.3,29.3,28.9,29.2
2012/09/06,29.2,29.4,29.0,29.0
2012/09/07,29.2,29.4,29.1,29.1
2012/09/10,29.3,29.3,28.9,29.0
2012/09/11,29.1,29.1,29.0,29.1
2012/09/12,29.1,29.3,29.0,29.2
2012/09/13,29.2,29.9,29.2,29.5
2012/09/14,29.6,29.8,29.4,29.4
2012/09/17,29.5,29.6,29.3,29.3
2012/09/18,29.2,29.7,29.2,29.3
2012/09/19,29.2,29.4,29.2,29.4
2012/09/20,29.3,29.4,29.2,29.3
2012/09/21,29.3,29.6,29.2,29.2
2012/09/24,29.2,29.3,29.0,29.1
2012/09/25,29.1,29.2,29.0,29.1
2012/09/26,29.0,29.1,28.8,28.9
2012/09/27,28.7,29.0,28.7,28.8
2012/09/28,28.9,29.0,28.6,28.9
2012/10/01,28.9,29.8,28.9,29.2
2012/10/02,29.2,29.3,29.1,29.1
2012/10/03,29.0,29.1,29.0,29.0
2012/10/04,29.0,29.2,28.9,29.1
2012/10/05,29.1,29.2,28.9,29.1
2012/10/08,28.8,29.0,28.7,28.8
2012/10/09,28.6,28.6,27.6,27.8
2012/10/11,27.6,27.6,27.2,27.3
2012/10/12,27.3,27.4,27.1,27.2
2012/10/15,27.2,27.4,27.1,27.2
2012/10/16,27.2,27.4,27.2,27.3
2012/10/17,27.5,27.5,27.3,27.3
2012/10/18,27.5,27.6,27.3,27.6
2012/10/19,27.7,27.8,27.5,27.6
2012/10/22,27.3,27.8,27.2,27.7
2012/10/23,27.7,28.1,27.6,27.9
2012/10/24,27.8,28.0,27.6,27.8
2012/10/25,28.0,28.1,27.8,27.9
2012/10/26,29.8,29.8,28.5,28.7
2012/10/29,29.0,29.3,28.6,28.8
2012/10/30,28.9,29.3,28.8,29.2
2012/10/31,29.3,30.0,29.2,29.5
2012/11/01,28.9,29.1,28.5,28.9
2012/11/02,29.0,29.3,28.8,28.8
2012/11/05,28.8,28.9,28.5,28.5
2012/11/06,28.9,29.0,28.5,28.9
2012/11/07,29.2,29.3,28.9,28.9
2012/11/08,28.5,29.1,28.5,28.9
2012/11/09,28.9,29.3,28.5,29.2
2012/11/12,28.9,29.2,28.9,29.1
2012/11/13,29.1,29.1,28.8,29.1
2012/11/14,29.1,29.2,28.9,29.1
2012/11/15,28.8,29.1,28.8,29.0
2012/11/16,29.0,29.2,28.7,28.7
2012/11/19,28.8,29.0,28.8,28.8
2012/11/20,28.9,29.1,28.8,28.8
2012/11/21,28.9,28.9,28.3,28.4
2012/11/22,28.5,28.6,28.3,28.3
2012/11/23,28.6,28.8,28.5,28.7
2012/11/26,28.9,29.0,28.6,28.7
2012/11/27,29.0,29.0,28.7,28.7
2012/11/28,28.9,29.0,28.7,28.9
2012/11/29,29.0,29.4,29.0,29.2
2012/11/30,29.2,29.5,29.2,29.2
2012/12/03,29.4,29.6,29.1,29.5
2012/12/04,29.5,29.8,29.5,29.7
2012/12/05,29.7,29.8,29.5,29.6
2012/12/06,29.6,29.6,29.2,29.2
2012/12/07,29.2,29.4,28.9,29.0
2012/12/10,28.9,29.4,28.8,29.2
2012/12/11,29.0,29.2,28.7,28.8
2012/12/12,28.9,29.0,28.8,28.9
2012/12/13,28.9,29.1,28.8,28.8
2012/12/14,28.8,29.1,28.8,29.0
2012/12/17,28.8,28.9,28.6,28.7
2012/12/18,28.7,28.9,28.5,28.5
2012/12/19,28.5,28.7,28.5,28.6
2012/12/20,28.5,28.7,28.3,28.6
2012/12/21,28.6,28.7,28.4,28.4
2012/12/24,28.4,28.6,28.4,28.5
2012/12/25,28.5,28.7,28.4,28.5
2012/12/26,28.6,28.7,28.5,28.7
2012/12/27,28.6,28.7,28.5,28.5
2012/12/28,28.6,28.8,28.5,28.6
2013/01/02,28.7,28.9,28.6,28.8
2013/01/03,28.8,29.3,28.8,28.8
2013/01/04,28.9,28.9,28.5,28.7
2013/01/07,28.8,28.8,28.5,28.5
2013/01/08,28.5,28.7,28.5,28.6
2013/01/09,28.6,28.7,28.6,28.6
2013/01/10,28.6,28.8,28.6,28.6
2013/01/11,28.6,28.7,28.6,28.6
2013/01/14,28.6,28.8,28.5,28.8
2013/01/15,28.8,28.9,28.7,28.7
2013/01/16,28.7,29.3,28.7,28.8
2013/01/17,28.9,29.3,28.5,28.5
2013/01/18,28.8,28.8,28.5,28.8
2013/01/21,28.8,29.1,28.8,29.0
2013/01/22,29.2,30.0,29.2,29.9
2013/01/23,29.9,29.9,29.5,29.5
2013/01/24,29.6,29.6,29.2,29.2
2013/01/25,29.3,29.4,29.2,29.4
2013/01/28,29.4,29.6,29.2,29.4
2013/01/29,29.4,29.9,29.4,29.9
2013/01/30,30.2,30.3,29.9,30.1
2013/01/31,29.9,30.3,29.8,30.3
2013/02/01,30.9,32.4,30.9,32.4
2013/02/04,32.8,34.5,32.7,34.3
2013/02/05,34.3,34.6,33.7,33.8
2013/02/06,33.8,33.9,33.0,33.1
2013/02/18,33.7,33.7,33.3,33.3
2013/02/19,33.3,33.5,32.9,33.4
2013/02/20,33.7,34.1,33.5,33.8
2013/02/21,33.6,33.6,32.9,33.0
2013/02/22,32.8,32.8,32.4,32.6
2013/02/25,32.8,33.1,32.5,32.7
2013/02/26,32.3,32.5,32.2,32.4
2013/02/27,32.5,32.7,32.0,32.6
2013/03/01,32.7,33.1,32.6,32.8
2013/03/04,33.0,33.0,32.3,32.4
2013/03/05,32.5,33.4,32.5,33.1
2013/03/06,33.5,33.5,32.6,32.6
2013/03/07,32.6,32.9,32.6,32.8
2013/03/08,33.0,33.0,32.6,32.6
2013/03/11,32.6,32.9,32.6,32.7
2013/03/12,33.0,33.0,32.4,32.4
2013/03/13,32.4,32.7,32.4,32.6
2013/03/14,32.6,32.9,32.4,32.9
2013/03/15,33.0,33.1,32.7,32.9
2013/03/18,32.8,32.8,32.5,32.5
2013/03/19,32.5,32.6,32.3,32.4
2013/03/20,32.3,32.5,32.2,32.3
2013/03/21,32.7,32.7,32.3,32.3
2013/03/22,32.3,32.9,32.2,32.9
2013/03/25,33.2,33.2,32.8,33.1
2013/03/26,33.1,33.2,32.8,33.1
2013/03/27,33.1,33.6,33.0,33.1
2013/03/28,33.2,33.3,33.0,33.0
2013/03/29,33.0,33.2,32.8,33.0
2013/04/01,33.1,33.2,32.6,32.6
2013/04/02,32.6,32.8,32.4,32.4
2013/04/03,32.4,32.8,32.4,32.5
2013/04/08,32.1,32.3,31.5,32.0
2013/04/09,32.0,32.1,31.6,31.7
2013/04/10,31.8,31.9,31.6,31.8
2013/04/11,32.2,32.2,31.8,32.1
2013/04/12,32.2,32.2,31.9,31.9
2013/04/15,31.9,31.9,31.4,31.6
2013/04/16,31.4,31.6,31.1,31.5
2013/04/17,31.6,31.7,31.4,31.6
2013/04/18,31.7,32.2,31.7,32.1
2013/04/19,32.3,32.6,32.0,32.2
2013/04/22,32.3,32.4,32.0,32.1
2013/04/23,32.1,32.4,31.9,32.1
2013/04/24,32.2,32.6,32.1,32.5
2013/04/25,32.3,32.7,32.3,32.3
2013/04/26,32.5,32.6,32.0,32.0
2013/04/29,32.3,32.3,31.7,31.7
2013/04/30,31.8,32.2,31.8,32.1
2013/05/02,32.5,33.6,32.3,33.4
2013/05/03,33.7,33.7,33.1,33.3
2013/05/06,33.5,33.5,33.1,33.3
2013/05/07,33.5,33.9,32.4,33.5
2013/05/08,33.7,33.9,33.3,33.5
2013/05/09,33.5,33.8,33.5,33.5
2013/05/10,33.5,33.5,33.1,33.3
2013/05/13,33.3,33.4,32.8,33.0
2013/05/14,33.0,33.4,32.9,33.2
2013/05/15,33.3,33.4,33.0,33.0
2013/05/16,33.3,33.5,33.1,33.1
2013/05/17,32.8,33.1,32.7,33.1
2013/05/20,33.0,33.2,32.8,32.8
2013/05/21,33.0,33.6,33.0,33.4
2013/05/22,33.6,33.9,33.5,33.5
2013/05/23,33.5,33.6,33.2,33.3
2013/05/24,33.3,33.5,33.0,33.0
2013/05/27,33.4,33.4,33.0,33.2
2013/05/28,33.2,33.9,33.2,33.8
2013/05/29,33.9,34.4,33.9,34.0
2013/05/30,33.9,34.0,33.4,33.4
2013/05/31,33.6,33.8,33.4,33.4
2013/06/03,32.9,33.3,32.9,33.1
2013/06/04,33.0,33.3,33.0,33.0
2013/06/05,33.0,33.3,32.9,33.2
2013/06/06,32.9,33.2,32.9,33.0
2013/06/07,32.9,33.4,32.8,32.8
2013/06/10,32.9,33.3,32.9,33.1
2013/06/11,32.8,33.3,32.8,33.0
2013/06/13,32.8,32.9,32.3,32.3
2013/06/14,32.3,32.5,32.0,32.3
2013/06/17,32.0,32.8,32.0,32.7
2013/06/18,32.7,33.0,32.7,32.9
2013/06/19,33.3,33.3,32.8,32.8
2013/06/20,32.7,32.7,32.5,32.6
2013/06/21,32.1,32.9,32.1,32.9
2013/06/24,33.1,33.1,32.6,32.6
2013/06/25,32.6,32.6,32.0,32.1
2013/06/26,33.0,33.0,32.3,32.5
2013/06/27,32.7,32.9,32.6,32.7
2013/06/28,32.8,32.8,32.3,32.3
2013/07/01,30.1,30.5,30.1,30.2
2013/07/02,30.4,30.4,30.1,30.1
2013/07/03,30.0,30.4,29.2,30.4
2013/07/04,30.4,30.5,29.8,29.9
2013/07/05,29.9,30.2,29.6,29.9
2013/07/08,29.7,30.4,29.6,30.4
2013/07/09,30.3,30.5,30.1,30.3
2013/07/10,30.4,30.7,30.0,30.3
2013/07/11,30.3,30.5,29.9,30.4
2013/07/12,30.1,30.5,30.1,30.4
2013/07/15,30.5,30.6,30.0,30.0
2013/07/16,30.0,30.5,30.0,30.2
2013/07/17,30.2,30.4,30.1,30.2
2013/07/18,30.2,30.4,30.0,30.0
2013/07/19,30.1,30.4,29.9,29.9
2013/07/22,30.0,30.3,29.9,30.3
2013/07/23,30.4,31.2,30.3,30.8
2013/07/24,31.0,31.0,30.6,30.6
2013/07/25,31.7,32.4,31.3,32.3
2013/07/26,32.5,32.6,31.8,32.0
2013/07/29,32.0,32.3,31.4,32.0
2013/07/30,32.0,32.0,31.7,31.9
2013/07/31,31.9,31.9,31.5,31.6
2013/08/01,31.8,32.1,31.6,31.6
2013/08/02,31.9,31.9,31.4,31.4
2013/08/05,31.8,31.8,31.4,31.7
2013/08/06,31.7,31.8,31.3,31.5
2013/08/07,31.4,31.6,31.2,31.2
2013/08/08,31.2,31.3,31.0,31.0
2013/08/09,31.0,31.2,30.8,30.9
2013/08/12,28.9,29.7,28.9,29.6
2013/08/13,29.5,29.9,29.3,29.8
2013/08/14,29.7,29.8,29.2,29.4
2013/08/15,29.2,29.2,28.5,28.9
2013/08/16,28.9,29.2,28.7,28.9
2013/08/19,29.2,29.2,28.8,28.8
2013/08/20,28.5,28.8,28.3,28.3
2013/08/22,28.3,28.9,28.3,28.9
2013/08/23,29.0,29.0,28.6,28.9
2013/08/26,28.5,28.8,28.5,28.7
2013/08/27,28.7,28.9,28.6,28.9
2013/08/28,29.1,29.1,28.5,28.6
2013/08/29,28.6,28.8,28.5,28.6
2013/08/30,28.6,28.7,28.3,28.5
2013/09/02,28.9,28.9,28.7,28.8
2013/09/03,29.1,29.7,28.9,29.6
2013/09/04,29.6,29.8,29.4,29.8
2013/09/05,29.8,30.0,29.4,29.7
2013/09/06,29.9,30.1,29.6,29.8
2013/09/09,29.8,30.0,28.8,29.4
2013/09/10,29.4,29.6,29.1,29.2
2013/09/11,29.4,29.4,29.0,29.2
2013/09/12,29.5,29.5,29.0,29.2
2013/09/13,29.4,29.6,29.1,29.2
2013/09/16,29.4,29.9,29.4,29.7
2013/09/17,29.8,29.8,29.6,29.6
2013/09/18,29.8,29.8,29.4,29.7
2013/09/23,29.7,29.9,29.4,29.6
2013/09/24,29.6,29.9,29.5,29.7
2013/09/25,29.7,29.7,29.4,29.4
2013/09/26,29.4,29.4,29.2,29.4
2013/09/27,29.5,29.7,29.2,29.3
2013/09/30,29.3,29.3,29.0,29.1
2013/10/01,29.0,29.2,29.0,29.0
2013/10/02,29.1,29.2,29.1,29.1
2013/10/03,29.4,30.3,29.2,30.2
2013/10/04,30.2,30.4,30.0,30.3
2013/10/07,30.4,31.0,30.3,31.0
2013/10/08,30.9,30.9,30.1,30.3
2013/10/09,30.2,30.4,29.9,29.9
2013/10/11,30.3,30.3,29.7,29.9
2013/10/14,29.7,30.3,29.3,29.5
2013/10/15,29.5,30.3,29.5,29.8
2013/10/16,30.3,30.3,29.8,29.8
2013/10/17,30.3,30.3,29.8,30.1
2013/10/18,30.4,31.3,30.4,31.2
2013/10/21,31.7,31.7,31.2,31.7
2013/10/22,31.7,31.9,31.4,31.6
2013/10/23,31.6,31.7,31.1,31.2
2013/10/24,31.2,31.2,30.8,30.9
2013/10/25,30.9,31.2,30.9,31.1
2013/10/28,31.2,31.7,31.1,31.7
2013/10/29,31.7,31.8,31.3,31.4
2013/10/30,31.8,32.4,31.7,32.0
2013/10/31,31.9,32.0,31.5,31.5
2013/11/01,31.5,31.8,31.2,31.2
2013/11/04,31.0,31.2,30.9,30.9
2013/11/05,30.7,31.2,30.7,30.7
2013/11/06,31.0,31.0,30.3,30.7
2013/11/07,30.7,30.8,30.4,30.4
2013/11/08,30.3,30.6,30.0,30.0
2013/11/11,30.0,30.4,29.9,30.0
2013/11/12,30.1,30.3,29.6,29.8
2013/11/13,29.6,29.9,29.6,29.6
2013/11/14,29.6,29.8,29.5,29.7
2013/11/15,29.7,29.7,29.4,29.4
2013/11/18,29.5,29.5,29.2,29.2
2013/11/19,29.3,29.7,29.3,29.6
2013/11/20,29.5,29.8,29.5,29.7
2013/11/21,29.6,29.6,29.3,29.3
2013/11/22,29.3,29.4,29.2,29.3
2013/11/25,29.3,29.6,29.1,29.2
2013/11/26,29.2,29.7,29.2,29.7
2013/11/27,29.7,30.0,29.4,29.8
2013/11/28,29.9,30.3,29.6,29.8
2013/11/29,29.9,30.3,29.8,30.3
2013/12/02,30.4,30.4,29.9,30.1
2013/12/03,30.0,30.1,29.7,29.9
2013/12/04,29.9,29.9,29.3,29.5
2013/12/05,29.9,29.9,29.5,29.6
2013/12/06,29.6,29.7,29.4,29.6
2013/12/09,29.9,29.9,29.5,29.5
2013/12/10,29.7,29.7,29.4,29.5
2013/12/11,29.5,29.6,29.4,29.5
2013/12/12,29.5,29.5,29.2,29.3
2013/12/13,29.3,29.4,29.2,29.2
2013/12/16,29.2,29.4,29.1,29.3
2013/12/17,29.3,29.4,29.2,29.3
2013/12/18,29.3,29.9,29.3,29.5
2013/12/19,29.5,29.7,29.3,29.3
2013/12/20,29.3,29.8,29.3,29.8
2013/12/23,29.9,29.9,29.6,29.6
2013/12/24,29.6,29.6,29.4,29.5
2013/12/25,29.8,29.8,29.4,29.6
2013/12/26,29.7,29.8,29.5,29.7
2013/12/27,29.7,29.9,29.6,29.8
2013/12/30,29.9,30.0,29.7,29.9
2013/12/31,30.0,30.3,29.8,30.0
2014/01/02,30.2,30.3,30.0,30.3
2014/01/03,30.3,31.0,29.9,30.9
2014/01/06,31.1,31.5,30.9,31.2
2014/01/07,31.4,32.0,31.4,31.6
2014/01/08,31.9,32.0,31.2,31.8
2014/01/09,31.7,32.0,31.3,31.8
2014/01/10,31.9,32.0,31.3,31.5
2014/01/13,31.7,31.8,31.5,31.6
2014/01/14,31.6,31.6,31.4,31.5
2014/01/15,31.6,31.8,31.4,31.4
2014/01/16,31.6,31.6,31.2,31.2
2014/01/17,31.1,31.4,30.9,31.4
2014/01/20,31.4,31.6,31.2,31.2
2014/01/21,31.2,31.5,31.1,31.2
2014/01/22,31.2,31.4,31.2,31.2
2014/01/23,31.2,31.4,31.2,31.3
2014/01/24,31.3,31.3,31.2,31.3
2014/01/27,31.1,31.1,30.6,30.8
2014/02/05,30.4,30.7,30.1,30.4
2014/02/06,31.3,31.4,31.0,31.0
2014/02/07,31.5,32.0,31.4,31.9
2014/02/10,31.9,32.0,31.6,32.0
2014/02/11,32.0,32.0,31.7,32.0
2014/02/12,32.1,32.9,32.0,32.6
2014/02/13,32.7,32.9,32.3,32.8
2014/02/14,33.0,33.0,32.2,32.2
2014/02/17,32.3,32.7,32.0,32.2
2014/02/18,32.1,32.2,31.8,31.9
2014/02/19,31.9,32.1,31.8,32.1
2014/02/20,32.1,32.2,31.9,31.9
2014/02/21,32.2,32.4,32.1,32.2
2014/02/24,32.4,32.7,32.4,32.5
2014/02/25,32.5,32.7,32.5,32.6
2014/02/26,32.7,32.7,32.6,32.6
2014/02/27,33.0,33.3,32.9,33.1
2014/03/03,33.1,34.0,32.7,33.8
2014/03/04,33.8,33.9,33.3,33.6
2014/03/05,34.0,34.2,33.8,33.8
2014/03/06,33.9,33.9,33.7,33.8
2014/03/07,33.8,33.8,33.0,33.3
2014/03/10,33.1,33.3,32.8,32.9
2014/03/11,33.0,33.5,33.0,33.2
2014/03/12,33.1,33.4,33.1,33.3
2014/03/13,33.4,33.5,33.3,33.3
2014/03/14,33.3,33.5,33.3,33.4
2014/03/17,33.4,34.1,33.4,33.9
2014/03/18,34.2,34.8,34.1,34.4
2014/03/19,34.6,34.6,33.6,33.6
2014/03/20,33.5,33.5,32.8,32.8
2014/03/21,32.9,33.2,32.6,32.8
2014/03/24,32.6,32.8,32.2,32.7
2014/03/25,32.5,33.2,32.5,33.2
2014/03/26,33.5,33.5,33.1,33.1
2014/03/27,32.9,33.2,32.6,32.8
2014/03/28,32.8,33.3,32.6,32.7
2014/03/31,32.8,33.2,32.8,33.2
2014/04/01,33.1,33.1,32.3,32.7
2014/04/02,32.9,32.9,32.6,32.8
2014/04/03,33.4,33.4,32.9,33.1
2014/04/07,32.9,33.4,32.8,33.1
2014/04/08,33.4,33.8,33.3,33.8
2014/04/09,33.8,33.9,33.6,33.9
2014/04/10,33.9,34.1,33.5,33.7
2014/04/11,33.6,33.6,32.8,33.1
2014/04/14,32.8,33.0,32.6,32.9
2014/04/15,32.9,33.4,32.9,33.3
2014/04/16,33.3,33.6,33.2,33.5
2014/04/17,33.5,33.6,33.4,33.6
2014/04/18,33.6,33.6,33.3,33.6
2014/04/21,33.3,33.7,33.3,33.6
2014/04/22,33.6,34.0,33.4,33.8
2014/04/23,34.0,34.3,33.8,34.1
2014/04/24,34.1,35.0,34.0,34.7
2014/04/25,34.6,34.6,32.8,33.5
2014/04/28,33.3,33.3,32.9,33.1
2014/04/29,33.1,33.7,33.1,33.3
2014/04/30,33.4,33.6,32.8,33.6
2014/05/02,33.6,33.6,33.0,33.0
2014/05/05,33.0,33.2,32.8,32.8
2014/05/06,32.7,33.1,32.7,32.8
2014/05/07,32.8,33.0,32.8,32.8
2014/05/08,32.8,33.1,32.5,32.8
2014/05/09,32.8,32.9,32.4,32.4
2014/05/12,30.1,31.2,30.1,31.2
2014/05/13,31.1,31.1,30.5,30.8
2014/05/14,30.7,30.7,30.4,30.6
2014/05/15,30.6,30.6,30.3,30.3
2014/05/16,30.6,30.6,30.0,30.0
2014/05/19,30.3,30.6,30.3,30.6
2014/05/20,30.6,30.6,30.2,30.2
2014/05/21,30.3,30.5,30.2,30.5
2014/05/22,30.5,31.1,30.3,30.9
2014/05/23,30.9,30.9,30.6,30.7
2014/05/26,30.7,31.1,30.4,31.1
2014/05/27,31.0,31.1,30.7,30.7
2014/05/28,30.7,31.0,30.7,30.8
2014/05/29,30.8,30.9,30.7,30.7
2014/05/30,30.8,31.0,30.7,30.8
2014/06/03,30.8,30.9,30.7,30.7
2014/06/04,30.7,30.8,30.3,30.4
2014/06/05,30.5,30.8,30.4,30.7
2014/06/06,30.8,31.3,30.7,31.2
2014/06/09,31.2,31.4,31.0,31.2
2014/06/10,31.3,31.5,31.3,31.3
2014/06/11,30.9,31.4,30.9,31.1
2014/06/12,31.2,31.4,31.2,31.2
2014/06/13,31.2,31.3,31.0,31.1
2014/06/16,31.1,31.2,30.7,30.8
2014/06/17,30.7,31.0,30.7,30.9
2014/06/18,30.9,31.3,30.8,31.2
2014/06/19,31.2,31.3,31.1,31.2
2014/06/20,31.1,31.2,30.8,31.0
2014/06/23,30.4,30.9,30.4,30.6
2014/06/24,30.6,31.3,30.6,31.0
2014/06/25,30.9,31.0,30.6,30.7
2014/06/26,30.7,30.9,30.7,30.8
2014/06/27,30.8,31.0,30.5,30.8
2014/06/30,30.7,31.2,30.7,30.9
2014/07/01,30.9,31.0,30.8,30.8
2014/07/02,30.9,31.2,30.8,30.9
2014/07/03,30.9,31.2,30.8,31.1
2014/07/04,31.2,31.2,30.9,31.1
2014/07/07,31.1,31.3,31.1,31.2
2014/07/08,31.3,31.3,31.0,31.1
2014/07/09,30.9,31.3,30.9,31.2
2014/07/10,31.3,31.3,31.0,31.2
2014/07/11,31.1,31.3,30.8,30.8
2014/07/14,30.9,30.9,30.7,30.9
2014/07/15,31.2,31.2,30.9,30.9
2014/07/16,31.0,31.2,30.9,31.0
2014/07/17,31.2,31.2,30.9,30.9
2014/07/18,30.8,30.9,30.6,30.7
2014/07/21,30.8,31.0,30.7,30.8
2014/07/22,30.6,31.0,30.6,31.0
2014/07/24,30.9,31.0,30.8,30.9
2014/07/25,30.9,30.9,30.8,30.9
2014/07/28,30.7,31.0,30.7,30.9
2014/07/29,30.9,31.1,30.8,31.0
2014/07/30,31.0,31.0,30.8,30.9
2014/07/31,30.9,31.0,30.6,30.8
2014/08/01,30.8,31.5,30.7,31.4
2014/08/04,31.6,31.6,31.4,31.5
2014/08/05,31.6,31.6,31.2,31.2
2014/08/06,31.2,31.4,30.8,31.0
2014/08/07,31.0,31.2,31.0,31.1
2014/08/08,30.9,31.0,30.5,31.0
2014/08/11,31.0,31.2,31.0,31.1
2014/08/12,31.2,31.2,31.1,31.2
2014/08/13,31.3,31.3,31.1,31.2
2014/08/14,31.2,31.5,31.0,31.3
2014/08/15,29.2,29.2,27.2,27.5
2014/08/18,27.5,27.5,25.6,25.7
2014/08/19,25.7,25.9,24.5,25.1
2014/08/20,25.1,25.4,24.9,25.2
2014/08/21,25.3,25.4,24.6,24.9
2014/08/22,24.9,25.3,24.9,25.3
2014/08/25,25.6,25.6,25.0,25.1
2014/08/26,25.3,25.4,25.2,25.2
2014/08/27,25.4,25.8,25.4,25.8
2014/08/28,25.8,26.1,25.6,25.9
2014/08/29,26.0,26.2,25.8,26.2
2014/09/01,26.3,26.3,26.0,26.2
2014/09/02,26.3,26.3,25.8,25.8
2014/09/03,25.9,26.1,25.8,25.8
2014/09/04,25.8,25.9,25.7,25.8
2014/09/05,26.0,26.0,25.8,26.0
2014/09/09,26.0,26.2,25.9,26.2
2014/09/10,26.2,26.2,25.9,26.2
2014/09/11,26.2,26.2,25.8,26.2
2014/09/12,26.2,26.2,25.8,26.2
2014/09/15,26.0,26.2,25.8,26.2
2014/09/16,26.1,26.2,25.8,26.0
2014/09/17,26.0,26.0,25.8,25.8
2014/09/18,25.8,25.9,25.6,25.6
2014/09/19,25.7,25.7,25.6,25.6
2014/09/22,25.6,25.6,25.4,25.6
2014/09/23,25.6,25.7,25.6,25.7
2014/09/24,25.7,25.8,25.7,25.7
2014/09/25,25.7,25.8,25.4,25.4
2014/09/26,25.1,25.3,25.0,25.1
2014/09/29,25.2,25.3,25.1,25.2
2014/09/30,25.2,25.2,24.7,24.7
2014/10/01,24.7,24.9,24.4,24.5
2014/10/02,24.4,24.5,24.2,24.5
2014/10/03,24.4,24.8,24.4,24.5
2014/10/06,24.7,24.7,24.5,24.6
2014/10/07,24.6,24.6,24.3,24.5
2014/10/08,24.5,25.0,24.4,24.8
2014/10/09,24.9,25.0,24.7,24.7
2014/10/13,24.4,24.5,24.1,24.1
2014/10/14,24.1,24.3,23.8,23.8
2014/10/15,23.6,23.6,22.8,22.8
2014/10/16,22.5,22.5,21.8,22.2
2014/10/17,22.6,22.6,20.7,20.7
2014/10/20,22.1,22.1,22.1,22.1
2014/10/21,22.8,23.7,22.7,23.1
2014/10/22,23.3,23.5,23.0,23.4
2014/10/23,23.1,23.4,23.0,23.4
2014/10/24,23.4,23.4,22.9,22.9
2014/10/27,22.7,22.8,22.5,22.6
2014/10/28,22.8,23.1,22.8,22.8
2014/10/29,23.0,23.1,22.9,23.0
2014/10/30,23.1,23.1,22.7,22.9
2014/10/31,23.0,23.0,22.8,22.9
2014/11/03,23.1,23.2,22.9,23.1
2014/11/04,23.2,23.2,23.0,23.1
2014/11/05,23.2,23.2,22.9,23.0
2014/11/06,23.1,23.1,22.8,22.8
2014/11/07,23.0,23.1,22.8,22.9
2014/11/10,23.0,23.1,22.8,23.1
2014/11/11,22.9,23.1,22.9,22.9
2014/11/12,22.6,22.8,22.6,22.7
2014/11/13,22.8,22.8,22.6,22.7
2014/11/14,22.7,22.7,22.4,22.5
2014/11/17,22.6,22.6,22.4,22.4
2014/11/18,22.5,22.5,22.2,22.2
2014/11/19,22.2,22.4,22.2,22.2
2014/11/20,22.2,22.4,22.2,22.3
2014/11/21,22.3,22.5,22.3,22.5
2014/11/24,22.7,22.7,22.4,22.4
2014/11/25,22.3,22.5,22.3,22.3
2014/11/26,22.2,22.5,22.2,22.5
2014/11/27,22.3,22.7,22.3,22.6
2014/11/28,22.8,22.8,22.7,22.8
2014/12/01,22.4,22.8,22.4,22.7
2014/12/02,22.9,23.1,22.7,23.0
2014/12/03,22.7,23.2,22.7,23.1
2014/12/04,23.1,23.2,22.9,23.0
2014/12/05,22.8,23.0,22.6,23.0
2014/12/08,23.1,23.1,22.7,22.7
2014/12/09,22.7,22.8,22.6,22.7
2014/12/10,22.6,22.6,22.4,22.5
2014/12/11,22.3,22.5,22.2,22.4
2014/12/12,22.3,22.6,22.3,22.5
2014/12/15,22.4,22.4,22.2,22.3
2014/12/16,22.4,22.5,22.3,22.4
2014/12/17,22.4,22.5,22.3,22.3
2014/12/18,22.4,22.8,22.3,22.7
2014/12/19,22.9,23.0,22.7,22.8
2014/12/22,22.8,23.0,22.7,22.8
2014/12/23,22.8,23.2,22.8,23.1
2014/12/24,23.2,23.4,23.1,23.3
2014/12/25,23.3,23.6,23.3,23.3
2014/12/26,23.4,23.4,23.3,23.3
2014/12/29,23.4,23.6,23.4,23.4
2014/12/30,23.4,23.5,23.1,23.1
2014/12/31,23.1,23.3,23.0,23.1
2015/01/05,23.0,23.1,23.0,23.1
2015/01/06,23.1,23.1,22.7,22.8
2015/01/07,22.8,23.0,22.8,22.8
2015/01/08,23.0,23.1,22.9,23.0
2015/01/09,23.0,23.1,23.0,23.0
2015/01/12,23.1,23.1,22.9,22.9
2015/01/13,22.9,23.1,22.8,23.1
2015/01/14,23.1,23.3,23.0,23.0
2015/01/15,23.1,23.1,22.8,23.0
2015/01/16,23.0,23.0,22.8,22.9
2015/01/19,23.1,23.4,22.9,22.9
2015/01/20,23.0,23.1,22.9,23.1
2015/01/21,23.1,23.1,22.9,23.0
2015/01/22,23.1,23.2,23.0,23.2
2015/01/23,23.3,24.8,23.3,24.8
2015/01/26,25.2,26.2,25.0,25.5
2015/01/27,25.7,25.8,25.3,25.5
2015/01/28,25.3,25.8,25.3,25.5
2015/01/29,25.6,25.8,25.5,25.5
2015/01/30,25.6,25.8,24.9,25.3
2015/02/02,25.1,25.1,24.3,24.4
2015/02/03,24.5,24.7,24.4,24.4
2015/02/04,24.6,24.6,24.0,24.1
2015/02/05,24.1,24.2,23.8,23.9
2015/02/06,24.1,24.1,23.8,23.8
2015/02/09,24.1,24.5,24.0,24.3
2015/02/10,24.3,24.3,23.9,23.9
2015/02/11,24.0,24.1,23.9,23.9
2015/02/12,24.0,24.1,23.8,23.9
2015/02/13,23.9,24.0,23.8,23.9
2015/02/24,24.0,24.1,23.9,24.0
2015/02/25,24.1,24.1,23.8,23.8
2015/02/26,23.9,24.3,23.8,24.0
2015/03/02,24.1,24.1,23.9,24.0
2015/03/03,24.1,24.1,23.8,23.9
2015/03/04,23.9,23.9,23.7,23.7
2015/03/05,23.8,23.8,23.5,23.5
2015/03/06,23.5,23.8,23.5,23.8
2015/03/09,23.6,23.6,23.5,23.6
2015/03/10,23.6,24.3,23.5,24.0
2015/03/11,23.9,23.9,23.7,23.8
2015/03/12,23.8,24.0,23.7,23.7
2015/03/13,23.7,23.9,23.7,23.7
2015/03/16,23.7,24.4,23.5,24.0
2015/03/17,24.1,24.2,23.8,23.9
2015/03/18,23.9,24.0,23.8,23.9
2015/03/19,23.9,23.9,23.8,23.8
2015/03/20,24.4,25.0,24.4,24.4
2015/03/23,24.6,24.6,24.3,24.3
2015/03/24,24.6,24.6,24.1,24.2
2015/03/25,24.2,24.3,23.9,24.0
2015/03/26,23.8,24.1,23.7,24.0
2015/03/27,24.1,24.2,23.9,24.0
2015/03/30,24.1,24.1,23.9,23.9
2015/03/31,23.9,24.0,23.8,24.0
2015/04/01,23.9,23.9,23.7,23.8
2015/04/02,23.8,23.9,23.7,23.7
2015/04/07,23.7,24.1,23.7,23.9
2015/04/08,24.0,24.0,23.8,23.9
2015/04/09,23.9,24.1,23.8,23.8
2015/04/10,23.8,23.9,23.8,23.8
2015/04/13,23.8,24.0,23.8,24.0
2015/04/14,23.9,24.0,23.9,24.0
2015/04/15,24.0,24.2,23.9,24.0
2015/04/16,24.1,24.2,24.0,24.1
2015/04/17,24.1,24.4,24.1,24.4
2015/04/20,24.4,24.8,24.2,24.6
2015/04/21,24.7,25.3,24.3,24.6
2015/04/22,24.6,24.7,24.3,24.6
2015/04/23,24.7,25.0,24.4,24.5
2015/04/24,24.7,24.8,24.5,24.6
2015/04/27,24.7,24.8,24.5,24.6
2015/04/28,24.6,24.7,24.5,24.6
2015/04/29,24.7,24.8,24.5,24.8
2015/04/30,24.8,24.8,24.5,24.6
2015/05/04,24.6,24.6,24.2,24.2
2015/05/05,24.2,24.3,24.2,24.3
2015/05/06,24.0,24.0,23.6,23.9
2015/05/07,23.7,24.0,23.6,23.9
2015/05/08,23.9,24.2,23.9,24.0
2015/05/11,24.0,24.0,23.4,23.8
2015/05/12,23.6,24.0,23.5,23.8
2015/05/13,23.6,23.9,23.6,23.8
2015/05/14,24.0,24.0,23.6,23.7
2015/05/15,23.7,23.9,23.6,23.7
2015/05/18,23.5,23.8,23.5,23.7
2015/05/19,23.8,23.8,23.6,23.6
2015/05/20,23.6,23.9,22.9,23.0
2015/05/21,22.7,23.1,22.2,23.1
2015/05/22,23.1,23.1,22.7,22.9
2015/05/25,22.9,22.9,22.5,22.6
2015/05/26,22.6,22.8,22.5,22.8
2015/05/27,22.7,22.9,22.5,22.9
2015/05/28,22.9,23.0,22.6,22.8
2015/05/29,22.8,22.8,22.3,22.5
2015/06/01,22.4,22.6,22.3,22.4
2015/06/02,22.2,22.4,22.0,22.0
2015/06/03,22.2,22.2,21.5,21.5
2015/06/04,21.5,21.6,21.2,21.2
2015/06/05,21.0,21.2,20.3,21.0
2015/06/08,21.1,21.1,20.5,20.7
2015/06/09,20.6,20.6,19.8,19.8
2015/06/10,19.9,20.5,19.8,20.3
2015/06/11,20.3,20.3,20.1,20.1
2015/06/12,20.3,20.4,20.1,20.2
2015/06/15,20.7,20.7,20.4,20.6
2015/06/16,21.0,21.0,20.2,20.4
2015/06/17,20.7,20.7,20.2,20.5
2015/06/18,20.5,20.6,20.4,20.4
2015/06/22,20.4,20.8,20.3,20.6
2015/06/23,20.6,20.9,20.6,20.8
2015/06/24,21.0,21.0,20.6,20.8
2015/06/25,20.8,21.1,20.6,20.7
2015/06/26,20.7,20.9,20.5,20.5
2015/06/29,20.4,20.5,20.2,20.3
2015/06/30,19.9,20.3,19.9,20.2
2015/07/01,20.4,20.4,20.1,20.4
2015/07/02,20.4,20.5,20.3,20.4
2015/07/03,20.4,20.4,20.1,20.4
2015/07/06,20.3,20.3,20.0,20.0
2015/07/07,20.0,20.1,19.8,19.9
2015/07/08,19.9,19.9,19.3,19.4
2015/07/09,19.3,19.4,18.9,19.4
2015/07/13,19.5,19.5,19.3,19.5
2015/07/14,19.6,19.7,19.4,19.5
2015/07/15,19.5,19.5,19.3,19.3
2015/07/16,18.3,18.5,18.3,18.4
2015/07/17,18.4,18.7,18.3,18.5
2015/07/20,18.5,18.7,18.4,18.5
2015/07/21,18.5,18.5,18.3,18.3
2015/07/22,18.2,18.2,18.0,18.0
2015/07/23,18.0,18.2,17.9,18.1
2015/07/24,18.1,18.2,18.0,18.1
2015/07/27,17.8,18.0,17.7,17.8
2015/07/28,17.6,17.9,17.5,17.7
2015/07/29,18.0,18.0,17.6,17.9
2015/07/30,18.1,18.1,17.8,18.1
2015/07/31,18.1,18.2,17.8,17.9
2015/08/03,17.9,17.9,17.4,17.5
2015/08/04,17.6,17.8,17.4,17.5
2015/08/05,17.5,17.9,17.5,17.9
2015/08/06,18.0,18.6,17.9,18.0
2015/08/07,17.9,18.0,17.9,18.0
2015/08/10,17.8,18.1,17.7,18.0
2015/08/11,18.0,18.2,18.0,18.0
2015/08/12,18.5,18.5,18.1,18.3
2015/08/13,18.5,18.5,18.1,18.5
2015/08/14,18.3,18.5,18.3,18.3
2015/08/17,18.3,18.4,18.1,18.1
2015/08/18,18.2,18.4,17.9,18.1
2015/08/19,17.7,17.9,17.6,17.7
2015/08/20,17.7,17.9,17.6,17.8
2015/08/21,17.4,17.7,17.4,17.5
2015/08/24,16.1,17.3,16.1,16.2
2015/08/25,15.5,17.1,15.5,16.9
2015/08/26,17.3,17.4,16.8,17.4
2015/08/27,17.5,18.9,17.5,18.8
2015/08/28,19.0,19.0,18.4,18.8
2015/08/31,18.8,19.2,18.8,19.0
2015/09/01,19.0,19.1,18.8,18.9
2015/09/02,18.6,19.1,18.6,19.0
2015/09/03,19.0,19.4,19.0,19.3
2015/09/04,19.3,19.5,19.0,19.0
2015/09/07,19.0,19.8,19.0,19.3
2015/09/08,19.3,19.4,19.2,19.3
2015/09/09,19.4,20.0,19.4,19.9
2015/09/10,19.7,20.1,19.6,20.1
2015/09/11,20.1,20.2,19.8,20.2
2015/09/14,20.3,20.4,19.5,19.8
2015/09/15,19.9,20.1,19.8,19.9
2015/09/16,20.2,20.3,19.9,20.2
2015/09/17,20.2,20.4,20.2,20.3
2015/09/18,20.3,21.5,20.3,21.1
2015/09/21,21.0,21.0,20.5,21.0
2015/09/22,20.9,21.2,20.9,21.2
2015/09/23,20.7,21.0,20.7,20.9
2015/09/24,20.9,21.4,20.9,20.9
2015/09/25,20.6,21.1,20.6,20.7
2015/09/30,20.7,20.7,20.4,20.4
2015/10/01,20.6,20.9,20.6,20.8
2015/10/02,20.6,20.8,20.6,20.8
2015/10/05,20.9,21.1,20.7,20.9
2015/10/06,21.0,21.2,21.0,21.0
2015/10/07,20.9,21.2,20.8,20.9
2015/10/08,21.0,21.1,20.6,20.9
2015/10/12,20.9,21.2,20.6,21.1
2015/10/13,21.1,21.1,20.9,21.0
2015/10/14,21.0,21.1,20.9,21.0
2015/10/15,21.0,21.2,21.0,21.2
2015/10/16,21.2,23.1,21.2,23.1
2015/10/19,22.9,22.9,21.9,22.2
2015/10/20,22.0,22.4,22.0,22.2
2015/10/21,22.4,22.4,22.0,22.4
2015/10/22,22.4,22.6,22.2,22.6
2015/10/23,22.7,22.8,22.5,22.5
2015/10/26,23.4,23.5,22.7,22.7
2015/10/27,22.7,22.9,22.3,22.5
2015/10/28,22.5,22.5,22.0,22.0
2015/10/29,22.0,22.2,21.6,21.6
2015/10/30,21.7,21.7,21.5,21.6
2015/11/02,21.6,21.6,21.4,21.5
2015/11/03,21.6,22.3,21.5,22.3
2015/11/04,22.3,22.5,22.2,22.2
2015/11/05,22.6,22.6,22.3,22.5
2015/11/06,22.5,22.5,22.0,22.2
2015/11/09,22.2,22.2,21.7,21.7
2015/11/10,21.4,21.6,21.4,21.5
2015/11/11,21.3,21.7,21.3,21.6
2015/11/12,21.5,21.5,21.0,21.3
2015/11/13,21.2,21.5,21.2,21.3
2015/11/16,21.1,21.5,20.9,21.4
2015/11/17,21.4,21.6,21.2,21.3
2015/11/18,21.4,21.4,21.2,21.3
2015/11/19,21.3,21.3,21.0,21.0
2015/11/20,21.1,21.2,20.9,21.0
2015/11/23,21.0,21.2,21.0,21.1
2015/11/24,21.2,21.2,21.0,21.1
2015/11/25,20.9,21.1,20.9,20.9
2015/11/26,20.9,21.0,20.8,20.8
2015/11/27,20.8,20.8,20.6,20.7
2015/11/30,20.7,21.0,20.3,21.0
2015/12/01,20.8,21.0,20.7,20.9
2015/12/02,20.9,21.0,20.9,21.0
2015/12/03,20.9,21.6,20.9,21.2
2015/12/04,21.2,21.3,21.0,21.2
2015/12/07,21.4,21.5,21.2,21.3
2015/12/08,21.3,21.4,21.0,21.0
2015/12/09,21.0,21.0,20.5,20.8
2015/12/10,20.5,20.8,20.4,20.4
2015/12/11,20.7,20.8,20.4,20.4
2015/12/14,20.3,20.4,20.0,20.4
2015/12/15,20.4,21.2,20.4,20.9
2015/12/16,21.2,21.2,20.7,21.0
2015/12/17,20.8,21.4,20.8,21.3
2015/12/18,20.8,21.2,20.7,20.7
2015/12/21,20.7,20.7,20.6,20.6
2015/12/22,20.5,20.9,20.5,20.6
2015/12/23,20.7,21.0,20.7,20.7
2015/12/24,20.8,21.1,20.8,20.9
2015/12/25,21.2,21.2,21.0,21.0
2015/12/28,21.0,21.3,20.9,21.2
2015/12/29,21.0,21.1,20.9,21.0
2015/12/30,21.3,21.5,21.2,21.5
2015/12/31,21.6,21.6,21.2,21.3
2016/01/05,20.8,21.2,20.8,21.1
2016/01/06,21.3,21.4,21.1,21.1
2016/01/07,21.1,21.1,20.7,20.7
2016/01/08,20.5,21.1,20.5,21.1
2016/01/11,20.7,20.8,20.6,20.7
2016/01/12,20.7,21.0,20.6,20.7
2016/01/13,20.7,21.0,20.7,20.8
2016/01/14,20.7,20.7,20.4,20.7
2016/01/15,21.0,21.0,20.6,20.7
2016/01/18,21.3,21.3,20.8,21.2
2016/01/19,21.2,22.0,21.2,22.0
2016/01/20,21.8,22.1,21.7,22.0
2016/01/21,21.8,21.9,21.7,21.8
2016/01/22,21.9,22.1,21.8,22.0
2016/01/25,22.0,22.4,22.0,22.2
2016/01/26,22.0,22.2,21.9,22.2
2016/01/27,22.5,22.5,22.2,22.4
2016/01/28,22.4,22.5,22.0,22.5
2016/01/29,22.5,23.0,22.3,22.8
2016/02/01,22.9,23.1,22.9,23.0
2016/02/02,22.9,23.1,22.7,23.1
2016/02/03,22.9,23.1,22.8,23.1
2016/02/15,22.9,23.4,22.9,23.3
2016/02/16,23.4,24.3,23.4,24.3
2016/02/17,24.6,25.2,24.5,24.6
2016/02/18,24.6,25.4,24.6,25.1
2016/02/19,25.1,25.5,24.9,24.9
2016/02/22,24.9,25.1,24.9,25.1
2016/02/23,25.4,25.9,25.3,25.8
2016/02/24,25.7,26.2,25.5,25.7
2016/02/25,25.8,26.0,25.7,25.7
2016/02/26,25.7,25.9,25.5,25.7
2016/03/01,25.7,25.9,25.7,25.8
2016/03/02,26.3,27.3,25.4,25.4
2016/03/03,25.4,25.4,24.9,24.9
2016/03/04,24.9,25.6,24.9,25.4
2016/03/07,25.0,25.8,24.8,25.6
2016/03/08,25.3,25.8,25.3,25.7
2016/03/09,25.7,25.8,25.5,25.6
2016/03/10,25.5,25.9,25.5,25.6
2016/03/11,25.8,25.9,25.6,25.9
2016/03/14,26.0,27.1,26.0,26.6
2016/03/15,26.6,27.0,25.5,25.6
2016/03/16,25.6,25.9,25.4,25.8
2016/03/17,25.8,26.0,25.5,25.5
2016/03/18,26.0,26.0,25.4,25.8
2016/03/21,25.8,26.4,25.7,26.0
2016/03/22,26.1,26.3,25.8,26.1
2016/03/23,26.2,28.1,26.2,27.0
2016/03/24,28.0,28.3,26.9,27.4
2016/03/25,27.6,27.7,27.0,27.0
2016/03/28,27.2,27.3,26.4,26.8
2016/03/29,27.1,27.6,26.4,26.4
2016/03/30,26.9,27.2,26.8,27.0
2016/03/31,27.1,28.1,26.4,27.8
2016/04/01,27.8,27.9,27.3,27.8
2016/04/06,27.7,28.1,27.5,27.6
2016/04/07,27.6,27.8,27.2,27.3
2016/04/08,27.1,27.4,27.1,27.1
2016/04/11,27.1,27.4,26.7,27.0
2016/04/12,27.0,27.2,26.4,26.5
2016/04/13,26.7,27.2,26.5,26.5
2016/04/14,27.2,27.2,26.7,26.7
2016/04/15,26.7,27.0,26.6,26.8
2016/04/18,27.2,27.3,26.8,26.9
2016/04/19,28.1,28.5,27.7,27.9
2016/04/20,28.0,28.1,27.3,28.0
2016/04/21,28.2,28.7,27.9,28.5
2016/04/22,28.4,28.7,28.2,28.5
2016/04/25,28.4,28.7,28.1,28.5
2016/04/26,28.5,28.5,28.4,28.5
2016/04/27,28.5,28.8,28.4,28.7
2016/04/28,28.9,28.9,28.4,28.9
2016/04/29,28.7,28.8,28.4,28.8
2016/05/03,28.8,29.3,28.5,29.1
2016/05/04,29.1,29.1,28.5,29.0
2016/05/05,28.9,29.1,28.3,28.9
2016/05/06,28.7,29.2,28.5,28.9
2016/05/09,28.9,29.0,28.1,28.9
2016/05/10,28.5,29.1,28.5,29.0
2016/05/11,29.0,29.0,28.7,28.8
2016/05/12,28.7,29.1,28.5,28.8
2016/05/13,28.9,28.9,28.5,28.9
2016/05/16,28.7,28.8,28.1,28.1
2016/05/17,28.1,28.3,27.8,28.0
2016/05/18,28.0,28.8,28.0,28.7
2016/05/19,28.8,28.9,28.7,28.8
2016/05/20,28.7,29.0,28.7,28.9
2016/05/23,28.9,29.3,28.8,29.0
2016/05/24,29.0,29.2,28.9,29.1
2016/05/25,29.1,29.8,29.1,29.6
2016/05/26,29.6,30.2,29.6,30.2
2016/05/27,30.6,30.9,29.7,29.9
2016/05/30,30.1,30.1,29.8,29.9
2016/05/31,29.9,30.0,28.7,28.9
2016/06/01,28.8,29.4,28.8,29.1
2016/06/02,29.1,29.2,28.8,29.0
2016/06/03,28.9,29.2,28.9,29.2
2016/06/06,29.3,29.6,29.1,29.5
2016/06/07,29.5,29.9,29.5,29.8
2016/06/08,29.9,30.1,29.7,29.9
2016/06/13,29.9,29.9,29.3,29.5
2016/06/14,29.2,29.9,29.0,29.9
2016/06/15,29.8,30.3,29.7,29.9
2016/06/16,29.9,30.1,29.9,30.0
2016/06/17,30.1,30.4,30.0,30.4
2016/06/20,30.5,31.4,30.4,30.9
2016/06/21,31.1,31.2,30.8,31.2
2016/06/22,31.3,31.4,30.9,31.2
2016/06/23,31.2,31.2,30.9,31.0
2016/06/24,31.0,31.1,29.7,30.7
2016/06/27,30.4,31.1,30.2,30.6
2016/06/28,30.3,31.0,29.7,30.8
2016/06/29,30.8,31.0,30.7,30.9
2016/06/30,30.9,31.2,30.7,31.2
2016/07/01,29.8,30.0,29.7,30.0
2016/07/04,29.7,30.8,29.7,30.7
2016/07/05,30.7,30.8,30.3,30.3
2016/07/06,30.6,30.8,30.3,30.4
2016/07/07,30.4,30.8,30.4,30.7
2016/07/11,31.1,31.7,30.9,31.6
2016/07/12,31.8,33.7,31.8,32.9
2016/07/13,33.1,33.1,32.3,32.6
2016/07/14,32.9,33.0,32.6,32.7
2016/07/15,32.7,33.6,32.7,33.1
2016/07/18,33.2,33.4,32.9,32.9
2016/07/19,33.1,33.2,32.9,33.1
2016/07/20,32.6,33.0,32.6,32.7
2016/07/21,32.8,33.7,32.8,33.7
2016/07/22,33.8,34.0,33.3,33.6
2016/07/25,33.8,33.8,33.0,33.6
2016/07/26,33.4,34.1,33.3,33.6
2016/07/27,33.8,33.8,33.3,33.4
2016/07/28,33.5,33.5,32.8,33.1
2016/07/29,33.1,33.1,32.6,32.8
2016/08/01,33.1,33.4,32.7,33.4
2016/08/02,33.4,34.4,33.4,34.0
2016/08/03,34.0,34.4,33.5,33.5
2016/08/04,33.4,33.5,31.8,32.0
2016/08/05,33.2,33.2,32.2,32.5
2016/08/08,32.4,33.0,32.3,32.8
2016/08/09,32.8,32.9,32.5,32.5
2016/08/10,32.4,32.5,32.0,32.1
2016/08/11,31.9,32.9,31.8,32.8
2016/08/12,32.9,33.0,32.6,32.8
2016/08/15,32.6,33.6,32.6,33.5
2016/08/16,33.8,34.3,33.7,33.7
2016/08/17,33.6,33.8,33.1,33.7
2016/08/18,33.7,34.2,33.5,34.1
2016/08/19,34.3,35.0,34.2,34.3
2016/08/22,34.4,34.6,33.9,34.0
2016/08/23,34.2,34.6,34.0,34.3
2016/08/24,34.3,34.5,33.9,33.9
2016/08/25,33.9,34.2,33.8,33.9
2016/08/26,33.9,34.4,33.9,34.1
2016/08/29,34.1,34.6,33.8,34.5
2016/08/30,35.0,35.0,34.4,34.4
2016/08/31,34.4,34.6,33.9,34.1
2016/09/01,34.1,34.2,33.8,33.8
2016/09/02,33.9,34.1,32.8,32.8
2016/09/05,33.2,33.4,32.9,33.3
2016/09/06,33.3,34.0,33.1,33.9
2016/09/07,33.9,33.9,33.3,33.7
2016/09/08,33.5,33.9,33.4,33.5
2016/09/09,33.5,33.6,33.1,33.5
2016/09/12,33.1,33.1,32.5,32.5
2016/09/13,32.7,32.7,30.7,31.5
2016/09/14,31.5,31.9,31.2,31.9
2016/09/19,31.9,32.6,31.9,32.2
2016/09/20,32.3,32.7,32.3,32.5
2016/09/21,32.4,32.5,32.0,32.5
2016/09/22,32.5,32.6,32.3,32.5
2016/09/23,32.5,32.5,31.9,32.1
2016/09/26,32.0,32.0,31.1,31.1
2016/09/29,31.2,31.2,29.9,30.2
2016/09/30,30.2,30.4,30.1,30.2
2016/10/03,30.7,30.7,30.2,30.2
2016/10/04,30.1,30.2,29.8,30.2
2016/10/05,30.0,30.2,29.9,30.2
2016/10/06,30.2,30.3,30.0,30.1
2016/10/07,29.7,29.9,29.3,29.7
2016/10/11,29.7,30.4,29.1,30.3
2016/10/12,30.3,30.8,30.1,30.6
2016/10/13,30.6,31.1,30.6,31.0
2016/10/14,30.8,31.0,30.7,30.7
2016/10/17,30.7,30.7,30.2,30.6
2016/10/18,30.6,30.8,30.4,30.7
2016/10/19,30.3,30.7,30.1,30.7
2016/10/20,30.7,30.7,30.2,30.4
2016/10/21,30.3,32.0,30.3,30.9
2016/10/24,31.0,31.2,30.4,30.9
2016/10/25,30.9,31.2,30.8,31.0
2016/10/26,31.0,31.8,30.8,31.8
2016/10/27,31.8,32.6,31.8,32.6
2016/10/28,32.8,33.2,32.6,32.7
2016/10/31,32.7,33.0,32.4,33.0
2016/11/01,33.1,33.1,32.6,32.6
2016/11/02,32.6,32.6,31.7,31.9
2016/11/03,32.1,32.1,31.3,31.9
2016/11/04,32.2,32.2,31.4,31.6
2016/11/07,32.0,32.2,31.6,31.7
2016/11/08,31.8,32.1,31.8,32.1
2016/11/09,32.3,32.3,30.4,30.5
2016/11/10,31.6,31.9,31.1,31.7
2016/11/11,31.7,31.7,30.6,30.8
2016/11/14,31.1,31.9,30.4,31.7
2016/11/15,31.7,32.1,31.5,31.7
2016/11/16,32.0,32.0,31.8,31.9
2016/11/17,32.1,32.1,31.7,31.7
2016/11/18,31.9,31.9,31.4,31.5
2016/11/21,31.6,31.6,31.2,31.6
2016/11/22,32.0,32.2,31.7,32.1
2016/11/23,32.5,33.2,32.5,32.8
2016/11/24,33.0,33.2,32.3,32.4
2016/11/25,32.1,32.6,32.1,32.3
2016/11/28,32.3,32.5,31.9,32.0
2016/11/29,32.0,32.3,31.7,31.9
2016/11/30,31.9,32.2,31.8,31.9
2016/12/01,31.8,31.8,31.7,31.8
2016/12/02,31.8,32.1,31.7,31.8
2016/12/05,32.0,32.0,31.7,31.8
2016/12/06,31.8,32.1,31.7,31.9
2016/12/07,32.0,32.1,31.7,31.9
2016/12/08,32.1,32.5,32.0,32.5
2016/12/09,32.6,32.6,32.3,32.5
2016/12/12,32.5,32.5,31.6,31.9
2016/12/13,31.6,31.8,31.4,31.6
2016/12/14,31.6,32.1,31.4,31.4
2016/12/15,31.4,31.4,31.0,31.2
2016/12/16,31.2,32.3,31.2,32.3
2016/12/19,32.3,32.3,31.7,31.9
2016/12/20,31.8,32.3,31.8,31.9
2016/12/21,31.9,32.1,31.8,31.9
2016/12/22,31.6,32.2,31.6,31.8
2016/12/23,31.6,31.7,31.4,31.5
2016/12/26,31.7,31.8,31.4,31.5
2016/12/27,31.9,31.9,31.4,31.5
2016/12/28,31.8,32.0,31.6,32.0
2016/12/29,31.9,31.9,31.6,31.9
2016/12/30,32.0,32.1,31.8,32.1
2017/01/03,32.1,32.5,32.1,32.4
2017/01/04,32.5,33.2,32.5,33.0
2017/01/05,33.9,36.3,33.7,36.3
2017/01/06,36.1,36.7,36.0,36.6
2017/01/09,36.8,36.9,35.3,35.9
2017/01/10,35.9,36.9,35.5,36.3
2017/01/11,36.7,36.8,36.0,36.0
2017/01/12,36.2,36.9,36.2,36.7
2017/01/13,36.7,36.9,36.3,36.5
2017/01/16,36.5,36.6,35.1,35.3
2017/01/17,35.5,35.6,34.5,35.1
2017/01/18,35.3,35.8,35.2,35.5
2017/01/19,36.2,38.4,36.2,37.4
2017/01/20,38.0,39.6,38.0,39.2
2017/01/23,39.7,41.0,39.7,40.9
2017/01/24,40.9,41.6,40.0,40.2
2017/02/02,41.3,42.6,40.4,42.4
2017/02/03,42.9,43.2,41.4,42.0
2017/02/06,42.0,42.2,39.8,40.7
2017/02/07,39.9,40.0,38.7,39.4
2017/02/08,39.8,40.1,38.8,38.9
2017/02/09,39.4,39.7,38.8,39.1
2017/02/10,39.7,39.7,38.3,38.5
2017/02/13,38.9,39.2,38.5,38.9
2017/02/14,39.3,39.3,38.5,39.0
2017/02/15,39.2,39.8,38.7,39.5
2017/02/16,40.5,40.8,39.9,40.0
2017/02/17,40.1,40.4,39.5,40.2
2017/02/20,40.5,40.6,39.1,39.1
2017/02/21,39.3,40.0,38.8,39.7
2017/02/22,40.4,40.4,39.4,39.4
2017/02/23,39.6,40.9,39.4,40.5
2017/02/24,40.4,41.1,40.2,40.4
2017/03/01,40.4,40.4,39.3,39.6
2017/03/02,39.9,40.1,38.9,39.0
2017/03/03,39.2,39.6,38.9,39.4
2017/03/06,39.4,40.6,39.4,40.3
2017/03/07,40.8,40.9,40.4,40.5
2017/03/08,40.6,42.2,40.5,41.8
2017/03/09,42.1,42.8,41.3,41.6
2017/03/10,42.0,42.9,41.1,42.3
2017/03/13,42.9,44.7,42.7,43.5
2017/03/14,43.5,43.6,42.9,43.2
2017/03/15,43.6,44.2,42.5,42.5
2017/03/16,42.9,43.4,42.0,43.3
2017/03/17,43.7,43.8,42.7,43.5
2017/03/20,43.8,43.9,42.8,42.9
2017/03/21,42.9,43.4,42.6,43.1
2017/03/22,42.9,43.5,42.2,43.4
2017/03/23,43.4,44.1,43.0,43.4
2017/03/24,43.5,44.1,43.0,43.0
2017/03/27,42.7,43.3,42.0,42.1
2017/03/28,42.1,42.6,41.3,42.1
2017/03/29,42.1,43.2,42.1,42.3
2017/03/30,42.1,42.4,41.8,42.1
2017/03/31,42.1,43.5,42.1,43.4
2017/04/05,43.4,43.4,42.9,43.0
2017/04/06,42.8,43.9,42.2,43.5
2017/04/07,44.2,44.4,43.2,43.8
2017/04/10,44.6,44.6,43.0,43.0
2017/04/11,42.7,43.1,42.2,42.2
2017/04/12,42.0,43.9,41.8,43.8
2017/04/13,44.1,44.4,43.5,43.5
2017/04/14,42.9,43.5,42.3,42.4
2017/04/17,42.6,43.0,41.0,42.5
2017/04/18,42.4,42.9,41.8,41.8
2017/04/19,41.5,42.0,41.2,41.3
2017/04/20,41.0,41.8,40.9,41.4
2017/04/21,41.5,42.1,41.4,41.8
2017/04/24,41.9,42.7,41.5,42.7
2017/04/25,42.8,43.1,42.5,42.9
2017/04/26,43.3,43.8,42.9,43.3
2017/04/27,43.7,43.9,42.9,43.0
2017/04/28,43.0,43.6,43.0,43.6
2017/05/02,43.7,43.8,43.5,43.7
2017/05/03,43.7,46.3,43.7,46.0
2017/05/04,46.2,46.2,44.7,44.8
2017/05/05,44.7,44.8,43.8,44.0
2017/05/08,44.6,44.6,44.0,44.0
2017/05/09,44.5,44.6,42.0,42.2
2017/05/10,42.4,43.1,42.3,43.0
2017/05/11,43.0,43.3,42.6,43.0
2017/05/12,42.7,42.9,42.5,42.9
2017/05/15,42.3,43.2,42.0,43.0
2017/05/16,43.0,43.0,42.4,42.9
2017/05/17,42.6,42.9,42.5,42.9
2017/05/18,42.1,42.9,42.1,42.8
2017/05/19,42.9,43.1,42.3,42.3
2017/05/22,42.4,42.6,42.4,42.5
2017/05/23,42.3,42.9,42.3,42.8
2017/05/24,42.8,42.8,42.2,42.3
2017/05/25,42.4,42.9,42.3,42.5
2017/05/26,42.5,42.5,42.1,42.1
2017/05/31,42.5,42.5,41.3,41.3
2017/06/01,41.4,41.5,40.3,41.2
2017/06/02,41.5,41.9,41.1,41.9
2017/06/05,42.4,42.9,42.2,42.5
2017/06/06,42.7,42.7,42.3,42.6
2017/06/07,42.0,42.0,41.3,41.4
2017/06/08,41.5,41.8,41.4,41.7
2017/06/09,41.5,41.9,41.4,41.5
2017/06/12,41.4,41.7,41.1,41.4
2017/06/13,41.3,41.5,41.2,41.4
2017/06/14,41.5,41.5,40.5,40.5
2017/06/15,40.5,41.4,40.1,41.4
2017/06/16,41.7,42.2,41.1,41.5
2017/06/19,41.5,41.6,41.2,41.3
2017/06/20,41.3,41.8,41.2,41.3
2017/06/21,42.0,42.0,41.4,41.8
2017/06/22,42.1,42.6,41.6,42.3
2017/06/23,42.4,42.4,41.8,42.1
2017/06/26,42.1,42.2,41.7,41.9
2017/06/27,41.9,42.2,41.9,42.1
2017/06/28,42.0,42.1,41.7,41.8
2017/06/29,41.9,42.4,41.9,42.1
2017/06/30,41.6,42.6,41.6,42.6
2017/07/03,40.2,40.5,39.4,40.1
2017/07/04,40.1,40.2,39.4,39.4
2017/07/05,39.5,39.5,38.7,39.1
2017/07/06,39.1,39.4,38.9,39.1
2017/07/07,38.9,39.1,38.6,38.9
2017/07/10,39.0,39.2,38.6,38.7
2017/07/11,38.7,39.0,38.7,38.7
2017/07/12,38.8,39.3,38.7,39.3
2017/07/13,38.9,39.3,38.9,39.0
2017/07/14,39.0,39.0,38.4,38.4
2017/07/17,38.3,38.4,36.9,37.2
2017/07/18,37.4,37.6,37.1,37.5
2017/07/19,37.5,38.9,37.5,38.6
2017/07/20,39.1,40.1,39.0,39.5
2017/07/21,39.3,40.7,39.3,40.0
2017/07/24,40.5,41.8,40.3,41.5
2017/07/25,41.7,42.7,41.6,42.7
2017/07/26,42.7,42.7,41.8,42.2
2017/07/27,42.4,43.8,42.2,42.7
2017/07/28,42.9,43.1,41.5,42.8
2017/07/31,42.8,44.7,41.5,44.3
2017/08/01,44.8,45.1,44.1,44.8
2017/08/02,44.8,49.2,44.8,48.2
2017/08/03,47.7,49.6,46.5,49.2
2017/08/04,49.0,49.5,48.0,49.2
2017/08/07,49.2,54.1,49.0,53.5
2017/08/08,53.3,53.9,51.6,52.8
2017/08/09,52.6,54.6,51.6,53.5
2017/08/10,52.7,53.3,49.2,49.7
2017/08/11,48.4,51.1,47.9,50.3
2017/08/14,51.1,51.5,49.3,50.0
2017/08/15,50.5,51.6,50.2,50.6
2017/08/16,50.2,52.6,48.7,52.1
2017/08/17,51.9,54.0,51.4,52.6
2017/08/18,52.3,52.3,51.0,51.0
2017/08/21,50.6,54.9,50.6,54.3
2017/08/22,55.3,58.4,53.5,53.8
2017/08/23,55.3,57.4,54.6,55.9
2017/08/24,56.1,57.1,54.3,55.1
2017/08/25,55.7,55.7,54.3,55.5
2017/08/28,55.7,56.9,55.5,56.7
2017/08/29,57.4,57.6,56.4,56.5
2017/08/30,56.5,60.2,56.1,56.5
2017/08/31,56.9,57.6,55.7,57.3
2017/09/01,57.2,57.8,56.7,56.7
2017/09/04,56.9,57.1,55.6,55.8
2017/09/05,56.8,58.4,56.5,57.6
2017/09/06,56.9,57.3,55.6,56.6
2017/09/07,56.8,57.0,55.0,55.2
2017/09/08,55.2,56.5,55.2,56.2
2017/09/11,56.9,57.0,56.2,56.2
2017/09/12,56.4,57.9,55.8,56.2
2017/09/13,56.4,57.6,56.1,56.3
2017/09/14,56.6,56.8,55.6,56.4
2017/09/15,56.7,57.1,56.1,56.9
2017/09/18,57.5,60.8,56.6,60.5
2017/09/19,60.3,60.5,59.0,60.1
2017/09/20,60.4,60.7,55.9,57.4
2017/09/21,57.9,58.4,56.1,57.6
2017/09/22,58.2,58.2,55.4,55.4
2017/09/25,55.5,55.8,52.5,53.0
2017/09/26,53.2,55.2,52.9,53.5
2017/09/27,54.7,57.4,54.3,56.8
2017/09/28,56.1,57.3,55.9,56.1
2017/09/29,56.9,57.3,55.5,56.3
2017/10/02,56.4,57.7,56.0,57.0
2017/10/03,57.4,58.4,56.9,58.0
2017/10/05,59.2,62.2,58.4,61.1
2017/10/06,61.7,64.6,60.6,64.6
2017/10/11,67.0,69.0,64.9,66.2
2017/10/12,66.7,68.4,66.2,67.5
2017/10/13,67.0,67.4,65.2,66.5
2017/10/16,65.9,72.8,65.3,67.5
2017/10/17,67.5,69.4,63.7,64.0
2017/10/18,65.1,66.7,64.2,66.4
2017/10/19,66.4,67.1,65.2,66.3
2017/10/20,65.6,67.2,65.4,67.2
2017/10/23,66.5,68.1,66.5,67.0
2017/10/24,67.3,67.6,65.8,65.8
2017/10/25,65.8,65.9,62.4,62.4
2017/10/26,62.7,63.2,61.6,62.6
2017/10/27,62.7,62.7,61.2,61.2
2017/10/30,61.4,62.1,58.4,60.2
2017/10/31,60.2,61.5,60.2,60.9
2017/11/01,62.1,62.8,61.3,62.3
2017/11/02,62.2,62.2,59.1,59.6
2017/11/03,59.0,61.0,59.0,59.2
2017/11/06,59.7,59.9,58.6,59.0
2017/11/07,59.2,60.2,58.5,58.7
2017/11/08,59.0,62.1,58.9,60.3
2017/11/09,60.3,60.8,58.7,58.8
2017/11/10,58.5,59.3,57.2,57.5
2017/11/13,57.5,59.6,56.4,58.3
2017/11/14,58.0,59.4,57.1,59.0
2017/11/15,58.1,58.5,57.1,57.9
2017/11/16,57.5,58.2,57.3,57.9
2017/11/17,58.6,60.3,58.4,58.4
2017/11/20,59.2,60.2,58.4,59.4
2017/11/21,59.5,60.9,58.9,60.0
2017/11/22,60.3,60.3,59.4,59.6
2017/11/23,59.6,61.1,59.3,60.9
2017/11/24,62.1,64.4,61.7,62.5
2017/11/27,63.2,63.8,61.8,63.5
2017/11/28,63.5,65.4,62.5,64.7
2017/11/29,64.7,65.7,63.8,64.3
2017/11/30,63.7,63.8,62.4,63.3
2017/12/01,63.7,64.4,61.2,62.2
2017/12/04,63.1,64.4,62.2,64.4
2017/12/05,64.0,64.2,62.7,62.9
2017/12/06,63.1,63.6,61.4,61.4
2017/12/07,61.4,62.1,59.8,61.7
2017/12/08,61.8,61.9,60.4,61.1
2017/12/11,61.1,64.9,61.1,64.9
2017/12/12,65.6,65.8,63.6,64.2
2017/12/13,64.7,64.7,63.3,63.8
2017/12/14,63.8,64.8,62.2,62.2
2017/12/15,62.2,62.5,60.8,60.8
2017/12/18,61.1,62.7,61.0,62.5
2017/12/19,63.4,63.4,62.2,63.2
2017/12/20,63.2,63.2,62.2,62.2
2017/12/21,62.2,64.6,61.8,62.1
2017/12/22,62.7,63.0,61.7,62.0
2017/12/25,62.0,62.1,60.3,60.4
2017/12/26,60.4,60.6,56.9,58.0
2017/12/27,58.5,59.8,57.9,59.6
2017/12/28,60.0,61.0,59.7,59.9
2017/12/29,60.5,63.9,60.0,63.0
2018/01/02,63.2,63.5,61.6,63.5
2018/01/03,64.6,66.5,63.7,64.1
2018/01/04,65.6,66.8,64.7,66.1
2018/01/05,66.7,67.0,64.7,65.2
2018/01/08,65.8,66.8,65.2,65.4
2018/01/09,66.3,66.4,63.7,63.8
2018/01/10,64.5,64.5,61.7,61.9
2018/01/11,62.5,62.9,61.4,62.6
2018/01/12,62.5,68.7,62.5,65.2
2018/01/16,64.4,66.0,64.4,66.0
2018/01/17,65.9,66.0,63.7,64.4
2018/01/18,65.6,65.7,62.2,63.7
2018/01/19,63.6,63.6,61.7,61.8
2018/01/22,61.7,63.0,61.6,62.9
2018/01/23,62.9,63.4,61.7,62.0
2018/01/24,62.0,62.1,60.5,61.0
2018/01/25,61.5,62.1,61.1,61.7
2018/01/26,61.5,61.8,60.6,60.9
2018/01/29,61.2,62.5,61.2,62.5
2018/01/30,62.5,62.5,60.1,60.7
2018/01/31,60.3,60.6,57.9,60.0
2018/02/01,61.5,62.1,60.6,61.0
2018/02/02,61.0,61.7,60.7,61.0
2018/02/05,58.3,61.5,58.3,60.9
2018/02/06,60.8,61.5,57.9,60.9
2018/02/07,62.2,66.0,61.9,62.2
2018/02/08,62.6,65.8,62.6,65.1
2018/02/09,62.7,66.4,62.7,65.0
2018/02/12,66.7,68.1,66.4,67.2
2018/02/21,69.9,71.8,68.8,69.5
2018/02/22,68.7,69.5,67.5,69.0
2018/02/23,69.5,70.3,67.7,68.3
2018/02/26,69.8,75.0,69.7,75.0
2018/02/27,74.8,75.8,72.6,73.8
2018/03/01,74.3,76.2,71.7,72.1
2018/03/02,71.4,73.1,71.3,71.8
2018/03/05,71.8,72.5,70.7,70.7
2018/03/06,71.3,71.9,67.9,71.4
2018/03/07,70.9,71.8,69.4,69.4
2018/03/08,69.7,70.4,68.7,68.7
2018/03/09,69.0,69.4,68.4,69.0
2018/03/12,70.2,71.4,68.9,69.2
2018/03/13,70.2,72.7,69.4,69.8
2018/03/14,69.4,70.2,68.8,69.0
2018/03/15,68.9,68.9,65.6,68.2
2018/03/16,68.5,70.0,68.0,68.0
2018/03/19,69.3,71.9,68.0,71.9
2018/03/20,71.2,71.5,70.1,70.4
2018/03/21,70.7,73.3,70.7,73.3
2018/03/22,73.7,73.8,69.2,69.3
2018/03/23,66.1,69.5,66.1,67.7
2018/03/26,67.5,69.3,66.5,68.2
2018/03/27,68.6,69.2,67.3,67.7
2018/03/28,67.1,67.7,65.0,65.0
2018/03/29,65.0,66.6,64.4,66.2
2018/03/30,66.8,70.1,66.7,69.0
2018/04/02,69.7,69.9,67.5,67.5
2018/04/03,66.4,69.0,66.4,68.9
2018/04/09,69.4,69.4,67.0,67.0
2018/04/10,67.9,68.7,67.5,68.0
2018/04/11,68.7,69.7,68.5,68.7
2018/04/12,69.3,70.6,69.1,69.9
2018/04/13,69.7,71.3,69.4,70.2
2018/04/16,70.3,70.6,69.0,69.8
2018/04/17,70.4,70.4,65.0,65.6
2018/04/18,66.3,67.1,65.1,66.7
2018/04/19,66.5,67.5,65.1,65.6
2018/04/20,65.6,66.5,64.8,66.1
2018/04/23,65.7,65.7,59.5,59.8
2018/04/24,58.4,62.4,53.8,60.7
2018/04/25,59.5,63.1,59.3,62.7
2018/04/26,63.4,63.6,60.0,60.8
2018/04/27,63.3,63.5,61.2,61.5
2018/04/30,61.5,65.1,61.5,64.1
2018/05/02,66.1,67.1,65.1,65.4
2018/05/03,66.1,66.5,63.8,63.8
2018/05/04,63.9,64.8,63.4,63.6
2018/05/07,65.5,65.5,62.6,62.7
2018/05/08,63.4,65.0,62.7,64.9
2018/05/09,64.3,64.9,63.5,64.2
2018/05/10,64.7,65.9,64.2,64.4
2018/05/11,65.0,65.4,63.8,63.8
2018/05/14,64.6,65.3,63.5,64.3
2018/05/15,64.6,64.8,63.2,63.3
2018/05/16,63.3,63.8,62.0,62.2
2018/05/17,62.8,63.1,61.3,61.5
2018/05/18,62.0,62.3,60.7,61.1
2018/05/21,61.1,62.0,60.6,61.3
2018/05/22,61.7,61.9,60.1,60.2
2018/05/23,60.9,61.4,60.4,60.6
2018/05/24,60.8,61.0,59.5,60.3
2018/05/25,60.5,61.5,60.1,61.1
2018/05/28,61.7,64.5,61.7,63.7
2018/05/29,64.3,66.3,63.2,64.7
2018/05/30,63.8,64.4,62.2,62.2
2018/05/31,63.0,63.1,61.9,61.9
2018/06/01,61.9,62.8,61.3,62.1
2018/06/04,63.6,68.3,63.5,68.3
2018/06/05,70.4,73.8,68.3,68.7
2018/06/06,69.9,72.9,69.2,71.2
2018/06/07,72.5,72.5,68.0,69.2
2018/06/08,69.2,69.2,67.2,68.5
2018/06/11,68.0,71.4,67.8,69.8
2018/06/12,69.5,70.5,68.8,69.4
2018/06/13,69.9,71.9,68.5,69.8
2018/06/14,69.8,71.2,69.2,69.2
2018/06/15,69.2,70.5,68.3,68.3
2018/06/19,67.6,67.6,66.4,66.4
2018/06/20,66.5,67.5,65.6,66.5
2018/06/21,67.3,68.6,66.1,66.1
2018/06/22,65.0,65.5,64.3,64.5
2018/06/25,64.4,65.4,64.2,64.6
2018/06/26,64.6,66.8,64.2,66.2
2018/06/27,66.5,66.7,65.7,66.5
2018/06/28,65.6,68.8,65.6,67.4
2018/06/29,67.7,69.5,67.7,68.6
2018/07/02,68.8,69.9,68.6,69.1
2018/07/03,69.8,70.2,68.0,68.0
2018/07/04,68.5,70.1,68.0,70.1
2018/07/05,71.2,74.4,68.5,71.2
2018/07/06,70.1,70.3,67.0,69.0
2018/07/09,70.1,72.8,69.2,71.8
2018/07/10,72.8,73.6,71.1,73.2
2018/07/11,72.0,73.7,70.9,71.3
2018/07/12,68.5,70.1,68.5,70.0
2018/07/13,70.9,71.1,69.2,69.4
2018/07/16,69.4,70.0,68.4,68.8
2018/07/17,69.2,69.5,68.8,69.4
2018/07/18,69.7,70.9,68.2,69.6
2018/07/19,69.6,69.7,68.6,68.8
2018/07/20,69.2,69.6,68.3,68.9
2018/07/23,68.5,68.8,67.4,68.0
2018/07/24,68.1,69.3,68.0,68.6
2018/07/25,67.5,68.7,67.4,68.4
2018/07/26,68.4,69.2,67.9,69.0
2018/07/27,68.9,69.3,68.0,68.2
2018/07/30,68.3,69.2,67.5,67.9
2018/07/31,68.2,69.7,68.0,69.4
2018/08/01,69.4,71.6,68.9,71.6
2018/08/02,72.3,73.6,69.9,70.7
2018/08/03,71.0,73.3,71.0,73.3
2018/08/06,74.4,75.0,68.7,69.6
2018/08/07,68.6,69.3,67.8,68.5
2018/08/08,68.9,69.3,67.9,68.2
2018/08/09,68.2,69.8,67.5,69.4
2018/08/10,69.2,69.6,68.7,69.0
2018/08/13,68.1,68.3,65.0,67.0
2018/08/14,66.8,68.1,66.4,66.8
2018/08/15,67.2,67.3,65.5,65.8
2018/08/16,65.8,66.5,64.4,66.4
2018/08/17,66.6,68.3,66.5,66.5
2018/08/20,66.5,67.1,63.5,64.6
2018/08/21,64.3,65.3,63.8,64.5
2018/08/22,65.0,66.4,64.6,65.5
2018/08/23,65.1,66.4,64.5,64.9
2018/08/24,64.5,64.5,62.0,63.5
2018/08/27,63.7,65.0,63.7,64.6
2018/08/28,65.4,65.4,64.8,65.0
2018/08/29,65.3,65.3,64.0,64.1
2018/08/30,63.5,64.8,63.0,64.8
2018/08/31,64.5,64.7,63.8,63.8
2018/09/03,64.7,65.5,64.2,64.8
2018/09/04,65.8,66.9,65.3,66.4
2018/09/05,66.4,66.4,64.8,65.6
2018/09/06,64.9,65.8,64.2,65.2
2018/09/07,64.8,65.4,62.4,63.2
2018/09/10,62.8,63.2,56.9,58.8
2018/09/11,58.9,60.1,56.6,58.8
2018/09/12,57.8,58.5,56.2,57.6
2018/09/13,56.6,58.4,56.6,58.4
2018/09/14,58.8,60.3,58.0,60.2
2018/09/17,59.8,60.2,59.3,59.8
2018/09/18,59.5,60.2,58.4,58.4
2018/09/19,59.4,60.2,59.0,60.0
2018/09/20,60.3,61.0,57.1,58.5
2018/09/21,58.8,59.8,57.9,59.8
2018/09/25,59.3,60.6,58.8,59.5
2018/09/26,59.5,59.6,57.4,57.7
2018/09/27,57.9,58.2,56.7,56.8
2018/09/28,57.1,57.6,55.5,56.9
2018/10/01,56.8,58.4,56.1,58.1
2018/10/02,57.9,58.2,57.0,57.2
2018/10/03,56.9,57.1,55.1,55.2
2018/10/04,55.0,55.1,52.2,52.7
2018/10/05,52.7,52.7,49.0,49.3
2018/10/08,48.7,49.7,46.8,47.2
2018/10/09,47.9,47.9,45.4,45.8
2018/10/11,41.3,41.8,41.2,41.2
2018/10/12,39.2,40.8,39.2,40.3
2018/10/15,40.5,41.2,39.8,40.0
2018/10/16,40.0,40.7,39.7,39.8
2018/10/17,40.7,40.7,38.9,40.3
2018/10/18,40.7,41.7,40.2,40.4
2018/10/19,39.7,39.7,37.8,39.0
2018/10/22,38.3,39.8,38.3,39.4
2018/10/23,39.3,40.6,39.2,39.4
2018/10/24,39.5,40.3,39.2,39.8
2018/10/25,37.8,37.8,36.4,36.8
2018/10/26,37.5,37.5,35.7,36.6
2018/10/29,36.7,36.9,34.8,35.4
2018/10/30,35.5,36.1,34.8,36.0
2018/10/31,36.5,38.7,36.4,38.2
2018/11/01,38.2,42.0,38.2,41.7
2018/11/02,43.0,45.8,42.2,44.4
2018/11/05,44.0,48.6,44.0,45.6
2018/11/06,45.7,45.7,43.4,43.9
2018/11/07,44.4,45.5,43.7,45.4
2018/11/08,46.3,46.3,44.2,44.9
2018/11/09,44.3,45.1,44.0,44.2
2018/11/12,43.7,44.5,43.1,43.4
2018/11/13,41.5,44.2,41.5,43.8
2018/11/14,44.2,44.3,42.5,42.8
2018/11/15,41.6,42.7,41.6,42.7
2018/11/16,42.6,43.4,42.0,42.0
2018/11/19,42.0,43.3,42.0,42.4
2018/11/20,42.4,42.4,41.4,41.5
2018/11/21,40.4,41.4,40.2,41.1
2018/11/22,41.3,43.6,41.3,41.6
2018/11/23,41.5,42.1,40.4,40.7
2018/11/26,40.7,43.7,40.6,43.4
2018/11/27,45.0,45.8,44.2,45.5
2018/11/28,46.0,46.1,44.6,45.6
2018/11/29,46.3,47.8,46.1,46.3
2018/11/30,46.3,47.0,45.9,46.9
2018/12/03,50.8,51.5,50.7,51.5
2018/12/04,53.0,54.2,52.4,53.0
2018/12/05,51.5,53.0,51.1,51.6
2018/12/06,50.8,51.0,46.5,46.6
2018/12/07,47.5,48.8,47.2,47.6
2018/12/10,46.8,49.2,46.3,48.2
2018/12/11,48.8,52.1,48.8,51.3
2018/12/12,51.1,52.9,51.1,51.9
2018/12/13,51.8,52.3,50.6,50.6
2018/12/14,50.5,51.4,50.0,51.4
2018/12/17,52.4,52.4,50.3,50.4
2018/12/18,49.5,49.8,48.2,48.6
2018/12/19,49.1,49.5,47.5,48.0
2018/12/20,47.2,48.5,47.1,47.5
2018/12/21,47.3,48.0,46.5,47.2
2018/12/24,47.2,48.1,47.0,47.9
2018/12/25,46.9,47.5,46.5,46.9
2018/12/26,47.3,47.6,46.3,46.3
2018/12/27,47.5,47.9,47.2,47.5
2018/12/28,47.7,49.3,47.5,48.2
2019/01/02,49.7,51.5,49.7,49.9
2019/01/03,49.5,49.8,48.2,48.5
2019/01/04,46.8,49.4,46.4,49.1
2019/01/07,50.2,51.5,50.0,50.6
2019/01/08,51.2,51.6,50.5,51.1
2019/01/09,51.6,52.0,51.0,51.4
2019/01/10,51.7,52.7,51.6,51.7
2019/01/11,52.1,52.4,51.5,51.7
2019/01/14,51.9,52.2,50.4,50.5
2019/01/15,50.6,53.2,50.6,52.4
2019/01/16,53.8,57.2,53.8,57.1
2019/01/17,56.9,57.4,54.8,54.8
2019/01/18,55.2,56.6,54.6,55.3
2019/01/21,55.9,57.2,55.6,56.8
2019/01/22,57.1,57.2,55.6,55.6
2019/01/23,55.2,56.1,55.0,55.7
2019/01/24,55.5,55.9,54.8,55.1
2019/01/25,55.4,55.6,55.0,55.5
2019/01/28,55.5,56.8,55.5,56.0
2019/01/29,56.6,56.6,55.7,56.1
2019/01/30,57.8,60.0,57.1,58.8
2019/02/11,59.5,63.2,59.5,63.2
2019/02/12,63.1,63.6,62.1,62.7
2019/02/13,63.2,63.5,61.8,61.9
2019/02/14,61.8,63.9,61.6,62.9
2019/02/15,62.9,65.7,61.9,64.4
2019/02/18,65.6,67.8,65.6,67.1
2019/02/19,68.4,69.0,66.7,68.1
2019/02/20,68.5,68.7,66.8,66.9
2019/02/21,66.9,69.2,66.8,67.4
2019/02/22,66.8,67.7,66.3,66.4
2019/02/25,66.8,68.0,66.7,67.6
2019/02/26,67.9,68.0,66.4,66.6
2019/02/27,66.5,66.6,64.6,65.9
2019/03/04,66.4,66.6,65.4,66.2
2019/03/05,65.6,66.1,65.0,65.1
2019/03/06,64.6,65.7,64.1,64.8
2019/03/07,64.2,65.3,63.8,64.1
2019/03/08,63.2,65.7,62.8,64.6
2019/03/11,65.9,67.8,65.8,66.7
2019/03/12,66.6,68.9,66.6,68.3
2019/03/13,69.6,70.5,68.7,70.1
2019/03/14,71.4,76.9,71.4,75.0
2019/03/15,76.5,77.9,75.6,77.6
2019/03/18,77.4,78.6,76.7,78.4
2019/03/19,78.8,78.8,76.7,78.0
2019/03/20,78.7,80.3,78.2,79.5
2019/03/21,79.5,82.5,79.3,82.5
2019/03/22,82.5,84.1,80.9,81.6
2019/03/25,80.0,82.0,79.1,82.0
2019/03/26,82.5,83.0,80.4,80.5
2019/03/27,80.8,82.9,80.8,82.1
2019/03/28,81.8,82.4,81.0,81.9
2019/03/29,82.3,88.3,82.3,85.6
2019/04/01,85.8,86.4,84.0,84.3
2019/04/02,85.2,87.2,84.9,85.1
2019/04/03,85.8,87.6,85.5,87.6
2019/04/08,88.2,88.2,85.1,85.1
2019/04/09,85.2,86.8,84.4,84.6
2019/04/10,84.4,85.2,82.8,84.8
2019/04/11,85.3,85.9,83.4,83.4
2019/04/12,84.4,84.6,83.0,84.2
2019/04/15,85.6,91.7,85.0,88.7
2019/04/16,88.7,95.1,88.7,94.6
2019/04/17,94.0,96.9,93.1,94.6
2019/04/18,94.6,97.9,94.6,96.4
2019/04/19,99.3,102.7,95.0,98.4
2019/04/22,98.4,100.3,96.3,100.3
2019/04/23,101.8,102.2,98.4,100.8
2019/04/24,100.8,101.3,96.2,98.4
2019/04/25,97.4,100.3,96.9,99.3
2019/04/26,96.9,100.3,96.0,96.0
2019/04/29,95.4,96.9,90.4,95.2
2019/04/30,96.0,98.4,94.7,97.9
2019/05/02,96.9,99.3,96.4,99.3
2019/05/03,99.8,108.0,99.3,108.0
2019/05/06,104.2,106.1,101.3,101.8
2019/05/07,103.2,106.6,103.2,103.7
2019/05/08,100.8,105.1,100.8,105.1
2019/05/09,105.1,106.1,99.8,100.3
2019/05/10,100.8,103.2,98.4,102.7
2019/05/13,101.8,102.2,96.4,96.9
2019/05/14,93.6,100.8,92.8,100.8
2019/05/15,100.3,107.5,100.3,104.6
2019/05/16,104.2,105.1,97.4,98.4
2019/05/17,98.4,99.3,88.5,88.5
2019/05/20,86.9,87.8,83.2,86.4
2019/05/21,85.2,88.3,82.9,87.3
2019/05/22,88.2,92.1,88.2,89.7
2019/05/23,83.7,88.4,81.0,87.3
2019/05/24,87.1,88.5,84.1,85.0
2019/05/27,84.0,84.5,77.2,79.9
2019/05/28,80.7,82.7,80.2,81.6
2019/05/29,79.5,82.4,79.0,81.0
2019/05/30,81.4,84.9,81.3,83.9
2019/05/31,83.1,86.3,83.1,83.8
2019/06/03,82.9,87.6,82.4,85.2
2019/06/04,85.6,88.5,85.5,88.3
2019/06/05,89.7,91.0,85.0,85.2
2019/06/06,84.6,86.5,82.6,82.9
2019/06/10,84.9,91.2,84.1,91.2
2019/06/11,92.9,100.3,91.6,96.4
2019/06/12,95.3,99.8,95.3,96.4
2019/06/13,96.9,99.3,95.5,95.9
2019/06/14,96.9,97.4,94.2,96.3
2019/06/17,96.9,97.9,94.7,95.4
2019/06/18,96.2,97.9,94.9,95.2
2019/06/19,97.9,99.8,96.9,99.3
2019/06/20,99.8,102.7,99.8,100.8
2019/06/21,101.8,102.2,96.9,98.4
2019/06/24,98.9,99.8,95.9,99.8
2019/06/25,98.9,101.3,96.4,100.3
2019/06/26,99.3,100.8,97.4,98.4
2019/06/27,99.8,108.0,99.8,108.0
2019/06/28,109.0,109.5,104.6,105.1
2019/07/01,109.0,114.3,108.5,113.8
2019/07/02,112.8,114.3,110.4,114.3
2019/07/03,115.3,117.7,110.4,113.3
2019/07/04,114.8,115.3,112.8,114.8
2019/07/05,114.8,115.3,112.4,112.4
2019/07/08,113.8,113.8,110.9,111.4
2019/07/09,112.4,114.3,111.4,113.3
2019/07/10,110.0,111.9,107.5,108.0
2019/07/11,110.0,112.4,108.5,110.0
2019/07/12,110.9,111.9,110.0,110.9
2019/07/15,111.4,113.3,109.5,112.8
2019/07/16,113.3,118.1,110.0,110.9
2019/07/17,109.5,112.8,108.5,110.9
2019/07/18,110.9,111.4,106.6,108.5
2019/07/19,111.9,116.2,110.4,113.8
2019/07/22,116.7,124.9,114.3,124.9
2019/07/23,126.8,128.8,120.6,121.5
2019/07/24,122.5,123.0,118.1,121.0
2019/07/25,121.5,125.4,119.6,122.5
2019/07/26,122.5,124.9,121.0,123.9
2019/07/29,124.4,125.9,123.0,124.4
2019/07/30,124.9,125.4,116.7,120.6
2019/07/31,122.5,132.6,121.5,132.6
2019/08/01,134.1,135.0,129.7,132.6
2019/08/02,123.9,128.8,121.5,123.5
2019/08/05,125.9,128.3,123.0,123.5
2019/08/06,118.1,125.4,118.1,124.4
2019/08/07,126.3,135.0,125.4,127.3
2019/08/08,128.3,136.5,128.3,135.0
2019/08/12,135.5,137.4,132.1,132.1
2019/08/13,131.2,136.0,130.7,132.1
2019/08/14,135.5,141.8,134.5,135.0
2019/08/15,131.7,137.9,131.7,137.0
2019/08/16,139.8,139.8,133.6,134.5
2019/08/19,137.0,139.4,134.5,136.5
2019/08/20,138.4,142.7,136.0,137.9
2019/08/21,138.4,140.8,136.5,140.8
2019/08/22,142.7,144.7,136.5,138.4
2019/08/23,139.4,139.8,133.1,135.0
2019/08/26,131.2,136.0,130.7,136.0
2019/08/27,137.4,137.9,133.1,134.1
2019/08/28,133.6,135.0,130.7,131.7
2019/08/29,132.6,137.0,131.2,134.5
2019/08/30,139.4,139.4,131.7,132.1
2019/09/02,132.1,139.4,131.7,137.4
2019/09/03,137.4,140.8,136.5,136.5
2019/09/04,137.0,141.3,136.0,141.3
2019/09/05,143.7,147.1,141.3,144.2
2019/09/06,144.7,148.0,142.3,146.6
2019/09/09,146.6,148.5,141.3,143.2
2019/09/10,145.6,148.0,140.8,144.2
2019/09/11,144.2,155.3,142.7,150.0
2019/09/12,152.4,164.4,150.5,161.1
2019/09/16,160.1,161.1,155.3,156.2
2019/09/17,155.3,158.7,154.3,157.2
2019/09/18,157.7,160.1,156.2,157.7
2019/09/19,157.2,157.2,151.4,156.7
2019/09/20,155.8,158.2,152.4,156.7
2019/09/23,156.2,157.7,154.8,156.2
2019/09/24,156.7,158.7,152.9,152.9
2019/09/25,151.9,154.3,148.5,151.4
2019/09/26,152.4,153.8,149.5,149.5
2019/09/27,150.0,150.9,144.2,145.6
2019/10/01,147.1,154.8,147.1,148.0
2019/10/02,147.1,153.4,145.6,152.9
2019/10/03,150.5,150.5,143.7,147.6
2019/10/04,148.0,150.0,146.1,146.1
2019/10/07,146.1,150.0,145.2,149.0
2019/10/08,150.0,150.0,144.7,144.7
2019/10/09,142.7,147.1,139.8,144.7
2019/10/14,149.5,154.8,147.6,152.4
2019/10/15,152.4,154.8,150.5,150.9
2019/10/16,152.4,152.9,137.0,142.3
2019/10/17,145.6,149.5,143.2,149.0
2019/10/18,149.0,153.8,147.1,151.4
2019/10/21,152.4,154.8,149.5,150.0
2019/10/22,153.4,155.8,151.9,153.4
2019/10/23,154.3,156.7,150.0,151.4
2019/10/24,151.9,152.4,147.6,150.0
2019/10/25,151.4,153.8,150.0,150.5
2019/10/28,150.9,151.9,148.0,151.9
2019/10/29,153.4,155.3,150.5,154.8
2019/10/30,150.9,155.3,148.5,152.4
2019/10/31,153.8,160.1,149.5,149.5
2019/11/01,150.0,151.9,146.6,148.5
2019/11/04,150.0,151.4,148.0,149.0
2019/11/05,150.5,150.9,148.0,148.5
2019/11/06,149.0,149.5,139.8,141.8
2019/11/07,140.8,140.8,128.3,134.1
2019/11/08,135.5,138.4,132.1,135.0
2019/11/11,134.1,136.5,131.7,132.6
2019/11/12,133.6,136.0,133.1,135.5
2019/11/13,136.0,140.8,136.0,138.9
2019/11/14,137.9,138.4,133.1,133.1
2019/11/15,133.6,136.0,133.6,135.5
2019/11/18,136.5,137.4,134.1,134.1
2019/11/19,135.0,135.5,132.1,132.6
2019/11/20,132.6,133.6,127.3,128.8
2019/11/21,126.8,130.7,123.9,130.7
2019/11/22,131.2,134.5,130.2,132.1
2019/11/25,133.1,134.5,130.2,130.7
2019/11/26,132.1,137.9,131.7,137.9
2019/11/27,138.9,139.4,135.5,138.9
2019/11/28,138.4,138.4,136.0,136.0
2019/11/29,137.4,138.9,133.1,134.5
2019/12/02,134.5,135.0,129.2,134.1
2019/12/03,133.1,137.9,132.1,136.5
2019/12/04,135.0,138.4,134.5,137.9
2019/12/05,137.9,139.4,137.4,138.9
2019/12/06,137.4,138.4,135.0,135.0
2019/12/09,136.0,137.4,134.5,136.5
2019/12/10,136.0,136.5,134.1,135.5
2019/12/11,135.5,136.5,133.1,133.1
2019/12/12,134.1,134.5,127.8,128.8
2019/12/13,127.8,129.7,123.9,125.4
2019/12/16,126.3,126.8,124.4,124.4
2019/12/17,125.4,128.3,121.5,128.3
2019/12/18,126.8,128.8,124.4,124.4
2019/12/19,124.4,125.4,122.0,122.5
2019/12/20,122.5,125.9,120.6,124.9
2019/12/23,123.5,124.4,120.6,120.6
2019/12/24,120.6,122.5,120.1,121.5
2019/12/25,122.0,125.9,121.5,125.4
2019/12/26,126.8,127.8,124.4,125.9
2019/12/27,126.8,127.3,123.9,124.4
2019/12/30,124.9,125.9,123.0,124.9
2019/12/31,124.4,126.8,123.0,123.0
2020/01/02,123.9,131.7,123.5,131.7
2020/01/03,133.1,133.1,124.4,125.4
2020/01/06,125.4,126.8,123.9,125.4
2020/01/07,126.3,128.3,124.9,126.8
2020/01/08,124.4,125.9,121.5,121.5
2020/01/09,123.5,129.7,123.5,127.3
2020/01/10,128.8,129.7,125.9,126.3
2020/01/13,126.8,132.1,126.3,132.1
2020/01/14,133.1,134.5,130.7,134.5
2020/01/15,134.1,134.1,132.6,132.6
2020/01/16,131.7,135.0,131.2,134.1
2020/01/17,135.0,139.8,133.6,139.4
2020/01/20,139.8,141.8,137.0,141.8
2020/01/30,128.8,131.2,127.8,127.8
2020/01/31,125.4,131.2,120.1,128.3
2020/02/03,121.5,128.3,118.6,124.4
2020/02/04,124.4,126.8,123.0,124.4
2020/02/05,124.9,125.4,123.0,123.5
2020/02/06,122.5,129.2,122.5,127.3
2020/02/07,124.9,126.3,123.0,123.0
2020/02/10,120.6,123.9,119.6,121.0
2020/02/11,123.0,128.3,122.5,127.3
2020/02/12,128.8,139.8,128.8,135.0
2020/02/13,138.7,140.6,134.7,136.2
2020/02/14,137.2,141.1,136.2,138.7
2020/02/17,137.2,140.1,136.2,137.7
2020/02/18,137.2,139.1,133.3,135.2
2020/02/19,134.2,136.2,129.8,132.8
2020/02/20,134.7,136.2,132.8,133.3
2020/02/21,133.3,135.2,133.3,135.2
2020/02/24,133.3,142.1,132.3,142.1
2020/02/25,142.1,146.5,140.1,145.0
2020/02/26,143.1,150.9,143.1,148.9
2020/02/27,149.9,151.9,138.2,140.6
2020/03/02,137.7,148.9,137.2,148.0
2020/03/03,149.9,150.9,144.0,145.5
2020/03/04,147.0,148.5,145.0,148.0
2020/03/05,150.4,152.4,148.5,148.9
2020/03/06,148.9,153.4,148.5,150.4
2020/03/09,148.9,150.9,142.6,142.6
2020/03/10,145.5,148.9,143.6,148.9
2020/03/11,148.9,149.9,143.6,144.5
2020/03/12,143.1,143.6,130.3,130.3
2020/03/13,117.6,127.4,117.6,127.4
2020/03/16,120.5,128.4,115.6,115.6
2020/03/17,109.7,117.6,106.8,107.8
2020/03/18,112.7,118.6,110.2,115.6
2020/03/19,113.2,118.6,105.8,117.1
2020/03/20,122.5,127.4,120.0,121.5
2020/03/23,115.6,120.0,113.2,113.2
2020/03/24,117.6,120.5,113.7,115.6
2020/03/25,121.0,126.9,121.0,124.4
2020/03/26,126.4,127.4,121.0,127.4
2020/03/27,130.8,133.8,126.4,127.4
2020/03/30,124.9,129.8,124.0,129.8
2020/03/31,131.3,133.3,126.9,130.8
2020/04/01,130.3,131.8,128.4,131.3
2020/04/06,133.3,143.6,131.3,143.1
2020/04/07,144.0,146.0,137.7,140.1
2020/04/08,140.6,141.1,137.7,139.1
2020/04/09,140.6,142.1,135.7,135.7
2020/04/10,136.7,138.2,134.7,138.2
2020/04/13,138.7,141.6,136.2,138.2
2020/04/14,141.6,144.5,141.1,141.1
2020/04/15,142.6,144.5,140.6,143.6
2020/04/16,142.1,148.0,142.1,144.5
2020/04/17,149.4,149.9,140.1,140.1
2020/04/20,141.1,142.1,138.2,140.1
2020/04/21,139.1,140.6,133.3,133.8
2020/04/22,132.3,134.2,130.3,133.3
2020/04/23,134.7,138.7,132.3,137.2
2020/04/24,136.7,137.7,134.7,135.2
2020/04/27,136.2,137.2,133.8,137.2
2020/04/28,137.7,142.1,137.2,142.1
2020/04/29,143.6,144.5,140.6,141.6
2020/04/30,143.6,144.0,140.1,142.1
2020/05/04,138.7,139.6,136.2,137.2
2020/05/05,138.7,142.6,136.2,138.7
2020/05/06,138.7,139.6,134.7,134.7
2020/05/07,136.2,139.1,136.2,138.2
2020/05/08,141.1,151.4,139.1,149.4
2020/05/11,153.8,154.8,147.0,148.9
2020/05/12,148.0,149.4,142.1,143.6
2020/05/13,143.1,145.5,140.6,144.5
2020/05/14,145.0,145.5,138.2,138.2
2020/05/15,140.6,141.1,136.2,139.1
2020/05/18,134.2,137.2,125.4,125.4
2020/05/19,125.4,129.8,124.0,127.9
2020/05/20,128.4,128.9,125.4,125.9
2020/05/21,127.9,133.3,127.9,131.8
2020/05/22,132.3,132.3,128.4,128.4
2020/05/25,129.8,130.3,126.4,129.8
2020/05/26,131.8,132.3,128.4,128.9
2020/05/27,129.8,131.8,128.9,129.8
2020/05/28,131.3,134.2,130.3,132.3
2020/05/29,133.8,134.2,131.8,132.3
2020/06/01,134.2,136.7,134.2,135.2
2020/06/02,136.7,139.6,132.8,132.8
2020/06/03,134.7,139.6,134.2,138.7
2020/06/04,140.6,144.0,138.7,143.6
2020/06/05,142.6,144.0,140.1,141.6
2020/06/08,144.0,144.5,141.6,142.1
2020/06/09,143.1,143.6,138.7,139.6
2020/06/10,139.6,142.6,139.6,141.6
2020/06/11,143.1,144.0,139.6,139.6
2020/06/12,135.7,141.1,133.8,141.1
2020/06/15,142.6,144.5,140.6,141.1
2020/06/16,147.0,148.9,145.0,148.0
2020/06/17,148.0,148.9,143.6,145.0
2020/06/18,146.0,147.0,143.6,146.0
2020/06/19,146.5,147.5,144.0,144.0
2020/06/22,146.0,149.4,145.5,147.0
2020/06/23,148.0,148.9,144.5,145.0
2020/06/24,145.0,146.5,142.1,142.1
2020/06/29,144.0,148.5,143.1,143.6
2020/06/30,145.5,146.0,143.6,144.5
2020/07/01,145.0,147.0,144.5,145.0
2020/07/02,146.5,147.5,145.5,147.0
2020/07/03,148.5,148.5,146.0,147.5
2020/07/06,147.0,150.9,145.5,147.5
2020/07/07,149.4,151.9,146.5,148.0
2020/07/08,149.9,151.9,147.0,148.0
2020/07/09,148.9,149.4,144.0,145.0
2020/07/10,144.0,144.5,139.1,139.1
2020/07/13,140.6,141.6,139.1,141.1
2020/07/14,140.6,144.0,139.6,141.6
2020/07/15,143.1,146.5,142.1,144.0
2020/07/16,145.5,148.0,142.1,143.1
2020/07/17,144.0,145.0,141.1,144.5
2020/07/20,145.0,145.5,142.1,144.5
2020/07/21,145.5,148.9,145.0,145.5
2020/07/22,146.0,146.5,143.1,144.0
2020/07/23,144.0,148.0,143.6,147.5
2020/07/24,148.0,148.9,144.0,144.0
2020/07/27,145.5,147.0,142.6,143.6
2020/07/28,144.5,146.5,134.7,134.7
2020/07/29,134.7,137.2,127.9,130.8
2020/07/30,132.3,132.8,128.4,129.3
2020/07/31,128.9,131.3,127.9,131.3
2020/08/03,131.3,131.8,127.4,127.9
2020/08/04,127.9,128.9,125.4,127.4
2020/08/05,128.9,131.3,127.9,131.3
2020/08/06,130.3,130.8,125.9,127.9
2020/08/07,127.4,129.3,126.4,128.4
2020/08/10,128.9,129.8,127.9,128.4
2020/08/11,128.4,128.9,123.5,124.0
2020/08/12,124.4,125.4,121.0,121.5
2020/08/13,123.5,127.4,122.0,123.0
2020/08/14,123.0,124.4,121.5,124.4
2020/08/17,124.4,124.4,122.5,123.5
2020/08/18,123.5,124.0,119.5,120.0
2020/08/19,120.0,121.5,118.6,119.1
2020/08/20,119.5,120.0,109.3,111.7
2020/08/21,113.7,119.5,113.7,119.1
2020/08/24,119.1,119.5,116.1,117.1
2020/08/25,117.6,118.6,116.1,116.6
2020/08/26,117.1,117.6,115.6,117.1
2020/08/27,117.6,118.6,115.1,115.6
2020/08/28,115.6,116.1,113.2,115.1
2020/08/31,116.1,119.1,115.6,117.1
2020/09/01,116.6,118.1,114.6,117.6
2020/09/02,118.6,119.1,116.6,117.1
2020/09/03,118.6,118.6,116.6,116.6
2020/09/04,113.7,117.6,113.2,117.6
2020/09/07,116.6,117.1,113.7,114.6
2020/09/08,115.1,125.9,115.1,125.9
2020/09/09,123.0,130.3,120.0,127.4
2020/09/10,129.3,131.3,126.4,129.8
2020/09/11,130.3,130.8,128.4,128.9
2020/09/14,130.3,132.8,128.9,128.9
2020/09/15,128.4,130.3,127.9,128.9
2020/09/16,130.3,131.8,129.3,129.3
2020/09/17,129.3,130.8,128.4,130.3
2020/09/18,130.3,130.8,129.3,130.8
2020/09/21,130.8,132.8,125.9,125.9
2020/09/22,125.9,130.3,125.9,126.9
2020/09/23,127.9,128.9,125.9,126.4
2020/09/24,124.0,124.4,119.5,120.0
2020/09/25,121.5,122.0,112.7,114.2
2020/09/28,116.1,116.6,113.2,113.7
2020/09/29,115.1,124.4,115.1,119.5
2020/09/30,119.1,122.0,118.1,120.5
2020/10/05,119.5,121.5,119.1,121.0
2020/10/06,123.0,126.9,122.5,126.4
2020/10/07,124.9,125.4,123.5,123.5
2020/10/08,124.4,124.9,122.0,122.5
2020/10/12,121.5,123.0,119.5,120.0
2020/10/13,120.0,122.0,119.5,120.5
2020/10/14,120.0,121.5,117.1,118.1
2020/10/15,117.6,119.5,117.6,119.5
2020/10/16,119.1,121.5,118.1,119.5
2020/10/19,121.5,130.3,121.0,124.9
2020/10/20,124.4,128.4,123.5,127.9
2020/10/21,127.9,129.8,125.9,127.9
2020/10/22,126.9,129.3,126.4,127.4
2020/10/23,128.9,131.3,127.9,131.3
2020/10/26,131.3,131.3,124.9,124.9
2020/10/27,123.0,126.9,121.0,124.9
2020/10/28,124.0,124.9,122.0,122.0
2020/10/29,118.6,122.5,117.6,122.5
2020/10/30,122.0,122.0,117.6,117.6
2020/11/02,118.6,120.5,116.6,120.0
2020/11/03,121.0,124.4,120.5,124.0
2020/11/04,123.0,129.3,123.0,128.4
2020/11/05,128.4,129.8,127.4,128.9
2020/11/06,128.9,131.3,127.9,128.4
2020/11/09,127.9,130.8,126.4,128.4
2020/11/10,127.4,129.3,127.4,128.4
2020/11/11,129.3,133.8,128.9,131.3
2020/11/12,132.8,132.8,130.8,130.8
2020/11/13,131.3,131.8,130.3,130.8
2020/11/16,131.3,135.2,131.3,134.7
2020/11/17,136.2,137.7,134.7,135.7
2020/11/18,136.7,143.1,136.7,139.1
2020/11/19,138.2,140.1,137.7,138.7
2020/11/20,139.1,140.1,135.2,136.7
2020/11/23,137.7,138.2,135.7,136.7
2020/11/24,136.7,138.2,135.2,136.7
2020/11/25,137.7,139.6,135.2,136.2
2020/11/26,136.2,139.1,136.2,139.1
2020/11/27,139.1,139.1,135.2,135.7
2020/11/30,136.7,136.7,133.3,134.2
2020/12/01,134.2,134.7,131.8,133.3
2020/12/02,133.3,134.2,132.3,132.3
2020/12/03,132.3,133.8,129.8,133.8
2020/12/04,132.8,135.2,129.8,130.8
2020/12/07,130.8,131.3,128.4,129.3
2020/12/08,129.3,132.8,129.3,132.3
2020/12/09,133.3,135.2,132.3,134.7
2020/12/10,134.7,134.7,131.3,131.8
2020/12/11,130.8,131.8,128.4,128.9
2020/12/14,128.9,129.3,126.9,127.9
2020/12/15,127.4,128.9,125.9,126.4
2020/12/16,126.9,128.9,126.4,128.9
2020/12/17,129.8,134.2,129.3,132.8
2020/12/18,133.8,136.7,132.8,134.2
2020/12/21,135.7,139.6,133.3,133.3
2020/12/22,134.2,138.2,133.3,133.8
2020/12/23,136.7,146.0,136.2,140.6
2020/12/24,140.1,143.1,138.2,138.7
2020/12/25,140.6,141.1,136.7,138.2
2020/12/28,139.6,139.6,136.7,138.7
2020/12/29,139.1,139.1,134.7,135.2
2020/12/30,135.7,136.2,134.7,136.2
2020/12/31,136.7,137.7,134.2,135.2
2021/01/04,137.2,137.2,134.7,137.2
2021/01/05,137.2,144.5,137.2,142.6
2021/01/06,142.1,144.0,138.7,142.6
2021/01/07,143.1,144.0,139.1,139.6
2021/01/08,139.1,140.1,136.7,139.1
2021/01/11,138.2,141.6,137.2,141.1
2021/01/12,140.1,140.6,138.2,139.1
2021/01/13,139.6,140.6,138.7,138.7
2021/01/14,139.6,142.6,139.6,140.1
2021/01/15,142.1,145.0,140.1,144.0
2021/01/18,144.0,144.0,137.2,140.6
2021/01/19,140.6,142.1,135.7,135.7
2021/01/20,135.7,139.1,135.2,135.2
2021/01/21,136.7,138.7,133.8,136.2
2021/01/22,136.2,138.2,134.2,137.2
2021/01/25,135.2,138.7,134.7,136.7
2021/01/26,135.7,139.1,135.7,137.2
2021/01/27,137.2,138.2,134.7,136.2
2021/01/28,133.8,136.2,132.8,135.2
2021/01/29,136.2,136.7,131.3,131.3
2021/02/01,131.3,132.3,129.3,129.3
2021/02/02,130.3,132.3,130.3,130.8
2021/02/03,131.3,131.8,127.4,129.3
2021/02/04,129.3,130.8,128.9,130.3
2021/02/05,130.8,131.3,129.3,130.8
2021/02/17,133.3,133.8,131.3,131.8
2021/02/18,132.3,138.2,131.8,136.2
2021/02/19,136.2,139.6,136.2,138.7
2021/02/22,137.7,140.1,137.7,138.7
2021/02/23,139.6,141.6,138.2,139.1
2021/02/24,140.1,144.0,138.7,138.7
2021/02/25,141.6,142.6,139.1,141.6
2021/02/26,139.1,145.0,139.1,141.1
2021/03/02,143.1,145.0,140.6,141.1
2021/03/03,141.6,142.6,138.2,141.6
2021/03/04,140.1,140.1,136.7,137.2
2021/03/05,135.7,137.2,135.2,136.7
2021/03/08,138.2,138.2,133.8,133.8
2021/03/09,133.3,133.8,128.4,130.3
2021/03/10,130.8,131.3,129.3,130.8
2021/03/11,130.8,132.8,130.8,131.8
2021/03/12,132.8,133.3,129.8,130.8
2021/03/15,130.8,131.3,129.3,130.8
2021/03/16,131.3,132.8,130.8,131.8
2021/03/17,132.3,132.8,131.3,131.3
2021/03/18,132.3,133.3,131.3,132.3
2021/03/19,132.8,134.2,131.3,134.2
2021/03/22,134.2,134.7,131.3,133.3
2021/03/23,135.2,135.2,132.3,132.3
2021/03/24,132.3,137.2,131.3,132.3
2021/03/25,132.8,134.7,131.8,132.3
2021/03/26,133.8,136.7,132.8,136.7
2021/03/29,138.2,138.2,134.7,136.2
2021/03/30,136.7,136.7,133.3,134.2
2021/03/31,135.2,135.7,133.3,133.8
2021/04/01,133.3,133.8,130.3,132.3
2021/04/06,135.2,136.2,133.3,134.2
2021/04/07,134.2,137.2,133.8,136.7
2021/04/08,136.7,139.1,135.2,138.7
2021/04/09,139.6,141.6,137.7,139.6
2021/04/12,141.6,143.1,139.1,140.1
2021/04/13,140.6,141.1,139.1,140.6
2021/04/14,135.2,139.6,132.3,139.6
2021/04/15,139.1,139.1,132.8,138.7
2021/04/16,138.2,139.6,136.2,136.2
2021/04/19,137.7,138.7,136.7,137.2
2021/04/20,137.2,140.1,136.7,139.6
2021/04/21,139.6,142.1,139.1,141.1
2021/04/22,143.6,145.5,141.6,142.1
2021/04/23,144.0,149.9,142.6,147.5
2021/04/26,151.4,151.4,145.0,147.5
2021/04/27,148.5,148.5,145.0,147.5
2021/04/28,147.5,153.8,145.5,151.4
2021/04/29,151.4,151.9,144.5,144.5
2021/05/03,143.1,143.1,135.2,135.2
2021/05/04,137.2,137.2,128.4,135.2
2021/05/05,132.8,133.8,129.3,130.8
2021/05/06,130.8,135.2,130.8,134.7
2021/05/07,134.7,135.2,133.3,134.7
2021/05/10,135.7,135.7,131.3,131.8
2021/05/11,129.8,129.8,122.0,124.4
2021/05/12,122.0,124.0,112.2,113.7
2021/05/13,109.7,117.6,107.8,114.2
2021/05/14,116.1,119.1,112.7,113.7
2021/05/17,107.8,112.7,103.9,111.2
2021/05/18,113.2,117.1,112.2,116.6
2021/05/19,114.6,120.0,114.2,118.6
2021/05/20,118.6,122.5,116.1,119.5
2021/05/21,120.0,121.5,118.1,119.1
2021/05/24,120.0,121.0,118.6,120.0
2021/05/25,121.5,124.9,121.0,122.0
2021/05/26,122.0,123.0,121.5,122.0
2021/05/27,121.5,122.0,119.5,119.5
2021/05/28,121.0,123.0,120.5,121.5
2021/05/31,122.5,124.4,122.0,124.0
2021/06/01,124.4,125.4,123.0,123.5
2021/06/02,124.4,125.4,119.5,120.0
2021/06/03,120.5,122.5,120.0,122.0
2021/06/04,122.5,122.5,120.5,121.5
2021/06/07,122.0,122.0,117.6,120.0
2021/06/08,121.0,122.5,120.5,121.5
2021/06/09,121.5,129.8,121.5,129.3
2021/06/10,130.8,141.6,129.8,135.7
2021/06/11,138.2,142.1,134.2,135.2
2021/06/15,139.1,140.1,136.2,137.2
2021/06/16,138.2,139.1,134.2,134.2
2021/06/17,133.8,136.2,133.3,135.2
2021/06/18,135.2,136.2,133.8,133.8
2021/06/21,132.8,135.2,128.4,134.7
2021/06/22,136.2,136.7,128.9,129.8
2021/06/23,131.8,137.2,131.8,136.2
2021/06/24,136.2,138.2,134.2,135.2
2021/06/25,135.7,136.7,132.8,133.3
2021/06/28,135.2,137.7,133.3,135.7
2021/06/29,137.2,144.5,136.7,141.6
2021/06/30,144.0,144.5,137.7,139.6
2021/07/01,139.6,139.6,136.2,137.2
2021/07/02,137.2,138.7,136.7,137.7
2021/07/05,139.1,146.0,138.7,145.0
2021/07/06,146.5,147.0,142.1,144.0
2021/07/07,144.0,148.0,143.6,147.5
2021/07/08,144.5,146.5,143.6,144.0
2021/07/09,145.5,149.9,144.0,144.0
2021/07/12,147.0,148.9,145.5,147.5
2021/07/13,148.0,149.9,146.0,146.5
2021/07/14,145.5,147.5,144.0,146.0
2021/07/15,147.0,151.9,147.0,150.4
2021/07/16,149.9,156.8,149.4,156.8
2021/07/19,155.0,159.0,148.0,148.0
2021/07/20,148.5,148.5,140.5,140.5
2021/07/21,144.0,144.5,139.0,139.5
2021/07/22,141.0,144.0,141.0,141.5
2021/07/23,143.0,144.0,138.0,139.5
2021/07/26,139.5,141.0,139.0,140.5
2021/07/27,141.5,144.0,136.5,138.0
2021/07/28,139.0,142.0,133.5,137.0
2021/07/29,139.0,143.0,137.0,140.0
2021/07/30,142.0,142.0,136.5,137.0
2021/08/02,137.5,137.5,134.5,136.0
2021/08/03,137.0,138.0,134.5,135.5
2021/08/04,137.0,140.5,137.0,139.5
2021/08/05,140.0,140.5,137.5,138.0
2021/08/06,139.5,139.5,136.5,137.0
2021/08/09,136.5,137.0,134.0,134.0
2021/08/10,134.0,135.0,131.5,132.5
2021/08/11,132.0,135.0,130.5,131.0
2021/08/12,132.0,133.5,131.0,133.0
2021/08/13,133.0,133.0,128.0,128.5
2021/08/16,127.0,128.5,123.0,128.0
2021/08/17,128.0,130.0,127.0,129.0
2021/08/18,128.0,132.5,126.0,132.0
2021/08/19,131.0,131.0,126.0,128.5
2021/08/20,127.5,129.0,125.0,128.0
2021/08/23,130.0,130.5,128.5,129.5
2021/08/24,131.0,132.5,130.0,130.5
2021/08/25,132.0,132.0,131.0,131.5
2021/08/26,132.0,132.5,129.0,129.5
2021/08/27,130.0,131.0,129.0,130.0
2021/08/30,131.5,131.5,130.0,131.0
2021/08/31,131.5,132.5,130.5,132.0
2021/09/01,132.5,144.5,132.5,142.5
2021/09/02,144.0,145.0,137.5,140.0
2021/09/03,140.0,142.0,138.5,140.0
2021/09/06,142.0,144.0,138.0,138.0
2021/09/07,138.0,139.0,136.0,138.5
2021/09/08,138.0,138.5,131.0,131.5
2021/09/09,131.0,136.5,130.5,136.5
2021/09/10,137.0,140.0,136.0,138.5
2021/09/13,139.5,140.0,136.5,137.5
2021/09/14,136.0,138.0,136.0,138.0
2021/09/15,138.0,144.0,136.5,142.0
2021/09/16,143.5,154.5,142.5,151.5
2021/09/17,151.5,162.0,149.0,160.0
2021/09/22,156.5,161.0,154.5,157.0
2021/09/23,160.0,170.5,159.0,167.0
2021/09/24,169.0,170.0,162.0,166.5
2021/09/27,159.5,161.0,154.0,156.0
2021/09/28,154.0,155.0,146.0,153.0
2021/09/29,148.0,149.5,144.0,144.5
2021/09/30,147.0,149.5,143.0,145.0
2021/10/01,142.5,146.5,136.5,139.0
2021/10/04,140.5,143.5,138.0,139.0
2021/10/05,135.5,145.0,132.5,143.0
2021/10/06,143.0,143.0,129.0,132.0
2021/10/07,134.5,135.5,130.0,132.0
2021/10/08,131.5,132.5,128.0,131.0
2021/10/12,129.0,136.0,128.5,130.0
2021/10/13,130.5,131.5,124.5,128.0
2021/10/14,130.0,130.5,125.5,129.0
2021/10/15,133.0,139.5,129.0,137.5
2021/10/18,135.5,136.5,133.0,136.5
2021/10/19,135.0,139.5,134.0,135.0
2021/10/20,136.5,137.0,132.0,133.5
2021/10/21,133.0,135.5,129.5,132.0
2021/10/22,132.5,135.0,131.5,134.0
2021/10/25,134.0,134.0,131.0,132.0
2021/10/26,132.5,133.0,128.5,128.5
2021/10/27,127.0,130.0,127.0,128.0
2021/10/28,127.5,130.0,126.0,129.0
2021/10/29,128.0,131.5,127.0,128.5
2021/11/01,129.0,130.0,127.0,129.0
2021/11/02,130.0,131.0,127.5,128.0
2021/11/03,129.0,133.0,128.0,131.5
2021/11/04,132.5,133.5,131.0,131.0
2021/11/05,133.0,135.0,131.0,131.5
2021/11/08,131.5,132.0,128.5,128.5
2021/11/09,129.5,130.0,128.0,129.0
2021/11/10,129.0,130.0,128.5,129.5
2021/11/11,129.5,130.5,127.0,127.5
2021/11/12,127.5,128.0,126.5,127.0
2021/11/15,128.0,130.5,128.0,129.0
2021/11/16,130.0,130.0,127.0,127.5
2021/11/17,128.5,130.0,127.5,128.5
2021/11/18,128.5,129.0,126.5,127.5
2021/11/19,127.5,128.0,125.0,125.0
2021/11/22,125.0,129.0,124.5,129.0
2021/11/23,129.0,129.0,126.5,127.5
2021/11/24,128.0,134.5,127.0,133.5
2021/11/25,132.5,134.5,128.5,130.0
2021/11/26,129.0,129.0,126.0,126.5
2021/11/29,125.0,127.0,123.0,125.0
2021/11/30,126.5,128.0,126.0,127.0
2021/12/01,126.5,130.0,126.0,129.5
2021/12/02,128.5,129.5,127.5,128.0
2021/12/03,129.0,130.0,128.5,129.0
2021/12/06,128.0,129.0,127.0,128.5
2021/12/07,129.5,132.0,127.5,128.0
2021/12/08,129.0,129.5,128.0,128.0
2021/12/09,128.5,129.0,127.0,128.5
2021/12/10,129.0,132.0,127.5,129.0
2021/12/13,130.0,130.0,128.0,128.0
2021/12/14,128.0,128.0,125.5,125.5
2021/12/15,125.5,128.5,125.0,126.0
2021/12/16,127.0,127.5,126.0,126.5
2021/12/17,126.0,128.0,125.5,128.0
2021/12/20,128.0,130.0,127.5,128.5
2021/12/21,129.0,131.5,129.0,131.0
2021/12/22,132.0,133.5,131.0,132.0
2021/12/23,138.0,142.5,136.0,138.0
2021/12/24,140.0,140.5,134.5,135.0
2021/12/27,135.0,136.0,133.5,134.5
2021/12/28,136.0,137.5,135.0,137.0
2021/12/29,138.0,141.5,137.5,139.5
2021/12/30,140.0,147.5,139.0,142.0
2022/01/03,143.0,147.0,140.0,141.0
2022/01/04,141.5,144.0,138.0,138.5
2022/01/05,138.0,140.5,134.5,139.5
2022/01/06,139.5,140.0,135.5,136.0
2022/01/07,136.5,137.0,130.5,131.5
2022/01/10,130.5,133.5,130.5,132.0
2022/01/11,132.0,134.5,131.0,132.5
2022/01/12,133.0,134.0,131.0,132.5
2022/01/13,133.5,133.5,130.0,130.5
2022/01/14,130.0,131.0,127.5,130.0
2022/01/17,130.5,133.0,128.5,132.5
2022/01/18,133.5,137.5,133.0,133.0
2022/01/19,132.0,135.5,131.5,133.5
2022/01/20,133.0,133.5,131.0,132.0
2022/01/21,131.0,133.0,130.0,130.5
2022/01/24,129.5,130.5,126.5,129.0
2022/01/25,129.0,129.5,126.5,126.5
2022/01/26,127.5,127.5,125.0,125.0
2022/02/07,126.0,128.0,125.0,127.5
2022/02/08,128.0,131.5,127.5,130.5
2022/02/09,133.5,135.5,132.0,134.0
2022/02/10,134.0,134.5,131.5,133.0
2022/02/11,131.5,133.0,130.0,131.0
2022/02/14,129.0,130.0,126.5,128.0
2022/02/15,129.0,132.5,128.5,130.5
2022/02/16,133.5,133.5,129.0,130.0
2022/02/17,130.5,131.5,129.0,130.0
2022/02/18,129.0,130.0,128.5,129.0
2022/02/21,129.0,129.5,128.0,129.5
2022/02/22,129.0,130.0,126.0,130.0
2022/02/23,129.5,130.5,129.0,129.5
2022/02/24,128.5,130.0,126.0,127.5
2022/02/25,128.0,129.0,127.0,129.0
2022/03/01,129.5,131.5,129.0,129.0
2022/03/02,129.0,130.0,128.0,130.0
2022/03/03,130.5,131.0,128.5,129.0
2022/03/04,129.0,129.5,128.0,129.0
2022/03/07,128.0,128.0,121.0,121.5
2022/03/08,118.0,124.0,117.0,120.5
2022/03/09,120.5,122.0,119.5,120.5
2022/03/10,122.0,124.0,122.0,123.0
2022/03/11,122.5,122.5,119.5,120.0
2022/03/14,120.0,121.0,118.0,119.5
2022/03/15,118.5,119.0,114.5,115.0
2022/03/16,116.5,117.0,111.5,113.5
2022/03/17,117.5,119.0,114.0,116.0
2022/03/18,115.0,118.0,113.5,117.0
2022/03/21,117.5,121.5,117.0,121.0
2022/03/22,119.5,122.0,118.5,122.0
2022/03/23,123.0,123.0,121.0,122.0
2022/03/24,121.0,123.0,120.5,122.0
2022/03/25,121.5,123.5,121.0,122.0
2022/03/28,120.5,122.5,120.0,122.0
2022/03/29,122.0,122.0,119.5,120.5
2022/03/30,121.0,121.5,120.0,121.0
2022/03/31,121.0,121.5,120.0,120.0
2022/04/01,119.0,120.0,118.0,120.0
2022/04/06,120.5,123.0,120.5,122.0
2022/04/07,121.0,121.0,116.5,116.5
2022/04/08,118.0,118.5,114.5,115.5
2022/04/11,116.5,116.5,112.5,112.5
2022/04/12,111.5,113.5,108.0,109.0
2022/04/13,109.5,110.0,106.5,107.5
2022/04/14,109.0,111.0,108.0,109.0
2022/04/15,107.5,108.0,104.5,104.5
2022/04/18,104.5,106.5,102.0,106.0
2022/04/19,107.0,107.5,105.0,106.0
2022/04/20,106.5,109.5,106.5,109.0
2022/04/21,109.5,109.5,108.0,109.0
2022/04/22,107.5,108.0,106.0,107.0
2022/04/25,104.5,105.0,101.5,101.5
2022/04/26,103.0,103.0,101.0,102.0
2022/04/27,99.9,104.0,98.6,104.0
2022/04/28,103.0,104.5,102.5,103.0
2022/04/29,104.5,105.0,103.0,105.0
2022/05/03,104.5,105.0,102.5,104.5
2022/05/04,105.0,107.5,105.0,105.0
2022/05/05,106.5,106.5,105.0,105.0
2022/05/06,102.0,102.5,101.0,101.5
2022/05/09,101.5,101.5,99.5,99.6
2022/05/10,98.1,101.0,96.6,101.0
2022/05/11,101.0,101.0,99.6,100.0
2022/05/12,99.9,101.0,98.4,98.8
2022/05/13,99.2,101.0,99.2,99.9
2022/05/16,101.5,101.5,98.5,98.5
2022/05/17,99.6,101.0,98.8,101.0
2022/05/18,101.0,102.5,100.5,102.0
2022/05/19,99.9,100.5,99.2,100.5
2022/05/20,101.5,101.5,99.9,100.5
2022/05/23,101.5,102.0,100.5,102.0
2022/05/24,102.0,102.5,100.0,100.0
2022/05/25,101.0,101.5,99.9,101.0
2022/05/26,102.0,102.0,100.5,100.5
2022/05/27,101.5,102.0,100.5,101.5
2022/05/30,102.5,105.0,102.5,105.0
2022/05/31,105.0,107.5,104.0,107.5
2022/06/01,106.0,106.5,103.5,103.5
2022/06/02,103.0,104.0,102.0,103.5
2022/06/06,103.0,107.0,102.5,104.0
2022/06/07,103.5,104.5,101.5,103.0
2022/06/08,103.0,104.0,103.0,104.0
2022/06/09,104.0,104.0,103.0,103.5
2022/06/10,103.0,104.0,102.5,104.0
2022/06/13,102.0,102.0,99.8,100.0
2022/06/14,100.0,100.0,96.8,98.4
2022/06/15,98.9,99.0,95.2,95.5
2022/06/16,96.5,97.2,90.5,90.5
2022/06/17,89.0,89.8,86.7,88.8
2022/06/20,89.0,89.9,84.6,84.7
2022/06/21,85.3,87.7,85.3,87.4
2022/06/22,87.0,87.2,83.7,83.7
2022/06/23,83.9,84.8,81.6,81.9
2022/06/24,82.5,83.6,81.4,82.2
2022/06/27,83.5,85.0,83.2,84.5
2022/06/28,84.6,84.6,81.0,81.6
2022/06/29,80.7,81.4,80.0,80.5
2022/06/30,75.0,75.0,71.8,71.8
2022/07/01,71.8,72.5,68.3,68.4
2022/07/04,68.5,71.5,68.2,68.9
2022/07/05,70.9,72.1,68.5,70.9
2022/07/06,70.1,70.8,67.3,68.0
2022/07/07,68.2,68.7,65.8,67.1
2022/07/08,68.4,71.2,68.3,70.8
2022/07/11,73.2,74.5,71.6,72.7
2022/07/12,71.0,71.2,70.0,70.6
2022/07/13,72.6,72.8,71.3,71.9
2022/07/14,71.5,73.8,71.1,73.3
2022/07/15,73.3,73.8,72.8,73.0
2022/07/18,73.5,73.5,72.5,73.1
2022/07/19,73.0,73.6,72.3,73.0
2022/07/20,74.3,76.6,73.8,74.6
2022/07/21,75.0,76.3,74.4,76.3
2022/07/22,73.6,75.3,73.1,74.9
2022/07/25,74.1,75.6,74.1,74.8
2022/07/26,75.0,75.1,73.1,73.2
2022/07/27,72.8,73.4,70.8,73.1
2022/07/28,73.7,74.2,72.4,72.9
2022/07/29,73.3,73.3,70.6,71.0
2022/08/01,71.1,72.5,70.5,71.7
2022/08/02,70.5,70.6,68.8,69.6
2022/08/03,68.3,68.5,64.9,64.9
2022/08/04,63.8,64.9,60.8,61.4
2022/08/05,62.0,62.7,61.1,61.4
2022/08/08,60.2,61.9,59.7,61.7
2022/08/09,61.5,64.2,61.0,63.7
2022/08/10,62.6,64.7,62.6,64.4
2022/08/11,65.6,65.6,64.4,64.5
2022/08/12,64.5,66.1,64.1,66.1
2022/08/15,66.3,68.0,66.2,68.0
2022/08/16,68.0,68.8,67.6,68.0
2022/08/17,68.5,70.3,68.4,69.6
2022/08/18,69.0,69.0,66.5,66.9
2022/08/19,67.0,68.8,66.7,68.6
2022/08/22,67.8,68.7,66.8,66.8
2022/08/23,66.5,66.5,65.1,65.9
2022/08/24,69.3,70.2,67.6,67.9
2022/08/25,68.3,68.8,67.2,67.4
2022/08/26,68.3,68.3,67.0,67.1
2022/08/29,65.7,66.4,64.6,66.1
2022/08/30,65.9,67.0,65.4,66.9
2022/08/31,66.9,68.8,66.6,68.0
2022/09/01,67.7,67.9,67.2,67.4
2022/09/02,67.5,68.3,67.5,67.8
2022/09/05,68.0,68.3,66.3,66.8
2022/09/06,66.6,67.6,66.0,67.0
2022/09/07,66.7,67.3,65.5,66.9
2022/09/08,66.7,67.2,66.6,66.8
2022/09/12,67.1,68.0,67.1,67.9
2022/09/13,68.2,68.6,67.8,68.4
2022/09/14,67.0,68.6,66.9,68.3
2022/09/15,68.1,69.5,67.9,69.4
2022/09/16,69.3,72.4,68.5,70.4
2022/09/19,69.6,71.1,69.5,69.5
2022/09/20,70.1,70.6,68.7,68.9
2022/09/21,68.8,69.9,68.1,68.1
2022/09/22,67.8,68.0,67.1,67.3
2022/09/23,67.0,67.8,67.0,67.2
2022/09/26,66.6,66.6,63.8,63.8
2022/09/27,63.6,64.2,62.4,62.8
2022/09/28,63.1,63.3,60.1,60.1
2022/09/29,60.9,61.3,59.5,59.6
2022/09/30,58.5,58.9,57.2,58.5
2022/10/03,57.5,59.0,56.3,58.5
2022/10/04,59.9,60.7,59.0,59.9
2022/10/05,60.7,62.0,60.1,60.3
2022/10/06,60.8,60.8,59.2,59.7
2022/10/07,59.0,59.3,58.4,58.5
2022/10/11,58.0,58.0,54.9,55.0
2022/10/12,55.8,55.8,54.1,54.9
2022/10/13,55.0,55.1,51.5,51.8
2022/10/14,54.8,55.2,53.8,55.0
2022/10/17,53.3,55.8,53.1,55.8
2022/10/18,56.5,56.8,54.7,55.8
2022/10/19,56.1,57.0,55.7,55.7
2022/10/20,55.4,56.1,54.3,56.1
2022/10/21,56.0,56.0,53.9,53.9
2022/10/24,55.1,56.5,54.9,55.1
2022/10/25,55.3,55.8,53.9,54.0
2022/10/26,54.2,54.2,52.4,52.5
2022/10/27,53.1,54.9,53.1,54.7
2022/10/28,54.5,55.0,53.3,53.3
2022/10/31,53.6,55.1,53.5,54.8
2022/11/01,54.6,56.5,54.6,55.7
2022/11/02,56.8,61.2,56.8,61.2
2022/11/03,61.1,66.9,60.4,66.7
2022/11/04,66.9,68.3,66.3,67.8
2022/11/07,67.8,68.5,66.3,67.3
2022/11/08,68.1,68.8,67.1,68.3
2022/11/09,69.2,69.4,67.9,68.2
2022/11/10,67.6,68.6,66.3,68.5
2022/11/11,72.0,72.1,68.2,70.3
2022/11/14,71.3,72.5,70.1,70.1
2022/11/15,70.3,72.4,70.3,71.5
2022/11/16,72.5,78.4,71.1,75.1
2022/11/17,74.1,75.4,73.3,74.6
2022/11/18,75.4,76.5,73.1,73.5
2022/11/21,73.3,74.4,72.1,72.3
2022/11/22,72.4,74.7,71.7,73.9
2022/11/23,75.5,77.2,74.2,76.3
2022/11/24,76.5,77.4,75.6,77.2
2022/11/25,77.2,77.8,75.0,75.0
2022/11/28,74.6,75.8,73.9,75.3
2022/11/29,75.0,75.7,73.9,75.4
2022/11/30,75.8,76.7,75.5,76.2
2022/12/01,77.3,77.8,76.2,76.3
2022/12/02,76.5,78.1,76.3,76.8
2022/12/05,77.4,78.3,76.8,77.1
2022/12/06,78.4,79.1,74.3,75.2
2022/12/07,74.1,74.7,71.8,72.3
2022/12/08,72.4,76.5,72.3,76.5
2022/12/09,76.5,77.2,75.2,76.4
2022/12/12,75.6,76.8,74.8,76.5
2022/12/13,76.5,77.0,74.9,76.5
2022/12/14,76.4,77.2,76.1,77.1
2022/12/15,77.0,77.3,76.5,77.1
2022/12/16,75.9,76.5,73.5,73.5
2022/12/19,73.5,75.2,73.5,74.0
2022/12/20,74.0,74.4,71.6,72.2
2022/12/21,72.6,72.9,70.7,71.0
2022/12/22,72.4,73.1,71.3,71.6
2022/12/23,70.7,72.2,69.7,71.9
2022/12/26,71.9,72.0,71.1,71.2
2022/12/27,71.3,73.2,71.3,73.0
2022/12/28,72.3,72.6,70.8,71.5
2022/12/29,70.9,72.0,70.2,71.8
2022/12/30,72.5,72.9,71.4,72.6
2023/01/03,72.6,72.9,71.5,72.6
2023/01/04,72.8,74.3,72.3,74.0
2023/01/05,74.8,75.5,73.0,73.1
2023/01/06,72.9,74.9,72.5,74.0
2023/01/09,75.0,77.5,74.5,76.7
2023/01/10,76.8,77.1,75.7,76.3
2023/01/11,77.0,77.0,75.5,76.0
2023/01/12,76.6,76.6,74.7,74.9
2023/01/13,75.0,75.5,73.1,73.3
2023/01/16,74.2,76.9,73.1,73.2
2023/01/17,73.4,74.5,72.9,74.2
2023/01/30,75.6,76.4,74.7,76.1
2023/01/31,76.9,82.1,76.7,81.1
2023/02/01,82.0,83.3,81.3,82.8
2023/02/02,83.5,83.6,80.7,82.7
2023/02/03,83.1,83.1,81.4,81.9
2023/02/06,81.1,82.2,79.1,79.4
2023/02/07,79.4,80.4,79.4,79.6
2023/02/08,80.0,80.3,79.5,79.7
2023/02/09,80.2,80.2,77.9,78.1
2023/02/10,78.2,78.2,75.9,75.9
2023/02/13,76.2,76.4,75.2,75.5
2023/02/14,76.5,77.0,75.3,77.0
2023/02/15,77.1,77.9,76.5,76.8
2023/02/16,77.7,78.6,77.1,78.5
2023/02/17,78.1,78.2,77.2,77.9
2023/02/20,78.2,78.4,77.6,78.4
2023/02/21,78.8,78.8,77.0,77.4
2023/02/22,76.7,76.7,75.3,75.7
2023/02/23,76.0,76.7,75.5,76.6
2023/02/24,76.6,77.2,75.3,75.3
2023/03/01,75.2,75.2,73.9,75.2
2023/03/02,75.6,75.6,74.1,74.7
2023/03/03,75.6,76.6,75.1,76.0
2023/03/06,76.8,78.4,76.6,78.4
2023/03/07,78.5,78.5,77.8,78.2
2023/03/08,77.2,77.2,76.1,76.8
2023/03/09,77.4,79.0,76.8,77.5
2023/03/10,76.8,76.8,74.1,74.3
2023/03/13,73.3,75.3,73.3,75.2
2023/03/14,74.5,75.1,74.0,74.9
2023/03/15,75.5,75.7,74.3,74.9
2023/03/16,74.7,75.1,74.1,74.7
2023/03/17,75.2,75.6,74.3,74.3
2023/03/20,74.6,75.3,73.9,75.1
2023/03/21,75.6,76.2,75.1,76.0
2023/03/22,76.7,76.7,76.0,76.4
2023/03/23,76.4,76.8,76.0,76.8
2023/03/24,77.2,77.9,77.0,77.5
2023/03/27,78.3,78.4,76.8,77.2
2023/03/28,77.1,77.5,75.5,76.2
2023/03/29,76.1,78.3,76.1,77.3
2023/03/30,78.0,79.0,77.4,78.3
2023/03/31,78.9,78.9,77.8,78.3
2023/04/06,78.6,78.6,76.9,77.6
2023/04/07,77.9,78.0,76.7,76.7
2023/04/10,76.8,78.0,75.9,78.0
2023/04/11,78.2,79.0,77.6,78.8
2023/04/12,79.3,79.5,78.2,78.3
2023/04/13,78.0,78.3,76.9,76.9
2023/04/14,77.3,78.6,77.0,77.9
2023/04/17,78.7,79.1,78.2,78.4
2023/04/18,78.9,78.9,76.5,76.7
2023/04/19,76.7,76.7,74.5,74.6
2023/04/20,74.5,75.3,73.8,74.1
2023/04/21,74.3,74.9,72.1,72.2
2023/04/24,72.0,72.4,71.0,71.5
2023/04/25,72.4,72.4,68.7,69.1
2023/04/26,68.0,68.6,67.1,68.1
2023/04/27,68.7,72.3,67.7,70.1
2023/04/28,70.5,71.4,69.9,69.9
2023/05/02,69.9,70.9,69.2,70.4
2023/05/03,70.0,70.4,69.6,69.7
2023/05/04,69.9,70.0,69.1,69.4
2023/05/05,69.3,71.5,69.2,70.4
2023/05/08,70.8,71.5,70.6,70.7
2023/05/09,71.3,71.3,69.5,69.7
2023/05/10,68.6,68.7,65.1,65.5
2023/05/11,65.3,65.7,62.5,63.4
2023/05/12,62.9,64.5,62.9,64.5
2023/05/15,64.5,65.9,64.2,65.8
2023/05/16,66.1,67.7,65.7,67.1
2023/05/17,66.7,67.5,66.5,67.4
2023/05/18,67.5,68.2,67.2,68.2
2023/05/19,68.6,69.1,67.8,68.7
2023/05/22,69.0,72.8,69.0,70.8
2023/05/23,70.6,71.8,70.6,71.8
2023/05/24,71.3,72.4,70.3,71.1
2023/05/25,72.3,72.3,70.4,70.7
2023/05/26,71.7,71.7,69.0,69.0
2023/05/29,69.9,72.4,69.9,72.3
2023/05/30,72.9,73.1,71.3,72.7
2023/05/31,73.2,73.5,71.7,72.1
2023/06/01,71.9,71.9,71.4,71.6
2023/06/02,72.4,72.4,71.5,71.6
2023/06/05,71.8,72.3,71.3,71.8
2023/06/06,71.3,71.3,70.0,70.5
2023/06/07,70.5,73.2,70.5,72.7
2023/06/08,72.9,73.5,71.2,71.2
2023/06/09,71.5,71.7,70.9,71.0
2023/06/12,71.7,72.0,70.6,71.7
2023/06/13,72.1,72.4,71.0,71.9
2023/06/14,72.0,73.8,71.7,73.3
2023/06/15,73.6,73.8,72.0,72.0
2023/06/16,72.5,72.5,71.6,71.7
2023/06/19,71.7,71.7,70.9,71.0
2023/06/20,71.0,71.8,70.5,70.5
2023/06/21,70.8,71.3,70.5,71.0
2023/06/26,71.0,71.0,69.2,69.2
2023/06/27,69.3,69.8,68.3,68.3
2023/06/28,68.6,69.3,68.3,68.3
2023/06/29,68.9,69.2,68.3,68.6
2023/06/30,68.6,69.5,68.5,69.1
2023/07/03,70.0,70.5,69.4,70.0
2023/07/04,70.6,70.6,69.5,70.1
2023/07/05,70.1,70.8,70.0,70.0
2023/07/06,70.1,70.8,69.6,70.0
2023/07/07,70.3,70.4,68.9,69.3
2023/07/10,67.5,67.5,66.3,66.6
2023/07/11,66.8,69.0,66.5,68.3
2023/07/12,68.5,69.3,68.0,68.0
2023/07/13,68.8,72.3,68.6,70.7
2023/07/14,71.4,72.5,71.4,72.0
2023/07/17,72.7,76.8,72.5,75.6
2023/07/18,77.5,79.5,74.3,78.0
2023/07/19,78.3,79.5,77.3,78.1
2023/07/20,79.3,80.9,77.5,77.8
2023/07/21,76.0,78.7,75.2,78.3
2023/07/24,78.4,79.5,77.4,78.1
2023/07/25,79.5,85.9,79.3,85.9
2023/07/26,89.0,90.0,81.0,82.2
2023/07/27,86.5,90.4,83.3,83.5
2023/07/28,83.7,85.6,81.2,81.7
2023/07/31,82.9,83.3,77.3,79.2
2023/08/01,80.0,80.7,77.5,77.7
2023/08/02,77.6,79.5,74.5,75.7
2023/08/04,76.1,76.1,74.3,74.6
2023/08/07,77.7,79.5,76.5,78.8
2023/08/08,78.9,78.9,75.7,75.7
2023/08/09,75.5,77.0,74.6,75.7
2023/08/10,76.0,76.0,73.1,74.0
2023/08/11,74.2,74.9,73.3,73.6
2023/08/14,73.6,73.6,71.5,72.5
2023/08/15,73.4,73.7,72.6,73.4
2023/08/16,73.0,74.1,71.8,73.8
2023/08/17,73.2,80.4,72.4,80.0
2023/08/18,79.1,82.8,78.4,79.3
2023/08/21,80.0,82.9,79.1,82.3
2023/08/22,84.0,86.6,81.5,81.6
2023/08/23,81.2,83.1,81.0,81.3
2023/08/24,83.0,85.0,82.1,82.9
2023/08/25,82.5,84.6,81.2,82.7
2023/08/28,83.3,84.5,82.4,83.0
2023/08/29,85.0,90.3,84.4,87.7
2023/08/30,88.8,96.4,87.6,96.4
2023/08/31,95.5,99.6,95.1,98.4
2023/09/01,99.0,99.7,95.2,96.6
2023/09/04,98.3,98.4,89.8,90.2
2023/09/05,90.2,97.2,90.0,94.9
2023/09/06,94.9,96.5,92.8,94.3
2023/09/07,93.3,94.2,91.8,92.3
2023/09/08,92.1,92.1,88.5,90.6
2023/09/11,90.7,91.4,87.0,87.0
2023/09/12,87.9,88.4,86.2,87.4
2023/09/13,87.7,88.2,85.2,85.3
2023/09/14,85.9,87.5,85.7,86.8
2023/09/15,87.0,88.3,85.8,87.4
2023/09/18,87.0,87.0,85.6,85.6
2023/09/19,86.8,86.8,82.2,82.5
2023/09/20,82.5,83.1,80.8,81.4
2023/09/21,81.5,82.9,80.7,81.1
2023/09/22,82.0,87.7,81.4,86.1
2023/09/25,85.9,89.6,85.5,89.1
2023/09/26,89.1,91.4,87.5,87.6
2023/09/27,87.8,89.8,86.8,89.5
2023/09/28,90.2,92.2,89.5,91.2
2023/10/02,92.2,95.3,92.0,94.2
2023/10/03,93.8,97.6,93.3,94.4
2023/10/04,93.3,94.4,92.6,93.9
2023/10/05,94.9,96.4,93.8,94.8
2023/10/06,95.5,96.9,94.8,95.1
2023/10/11,98.8,99.2,94.4,94.4
2023/10/12,96.0,96.3,94.3,94.5
2023/10/13,94.5,95.2,90.5,90.6
2023/10/16,90.0,90.8,88.2,89.3
2023/10/17,89.2,89.3,86.0,86.3
2023/10/18,80.7,82.7,77.7,79.0
2023/10/19,79.0,79.4,76.6,76.9
2023/10/20,77.3,80.5,75.4,80.0
2023/10/23,79.3,81.1,78.1,78.6
2023/10/24,79.4,83.0,79.0,83.0
2023/10/25,83.5,84.3,82.5,83.0
2023/10/26,81.5,82.0,80.2,80.4
2023/10/27,80.9,83.2,80.1,80.1
2023/10/30,80.6,80.9,78.3,79.2
2023/10/31,79.9,80.0,75.8,75.9
2023/11/01,78.5,81.1,78.4,80.2
2023/11/02,81.6,83.9,80.3,81.1
2023/11/03,82.0,82.9,80.3,80.8
2023/11/06,82.2,83.5,81.7,83.1
2023/11/07,83.2,84.0,82.2,84.0
2023/11/08,84.1,84.4,82.8,83.1
2023/11/09,83.1,84.4,82.5,83.5
2023/11/10,85.2,88.4,84.1,87.2
2023/11/13,89.0,90.1,86.6,87.3
2023/11/14,87.9,90.0,85.0,86.8
2023/11/15,89.2,90.2,87.3,89.8
2023/11/16,89.7,90.1,87.2,88.5
2023/11/17,89.3,89.7,87.8,89.7
2023/11/20,89.8,91.6,89.1,90.8
2023/11/21,91.0,91.1,88.6,90.6
2023/11/22,90.0,90.8,88.6,89.9
2023/11/23,90.1,91.0,88.8,89.0
2023/11/24,89.1,89.2,86.5,87.2
2023/11/27,87.2,87.4,85.0,85.5
2023/11/28,85.8,88.9,85.7,88.9
2023/11/29,89.1,90.5,88.0,88.2
2023/11/30,88.8,90.2,88.2,88.7
2023/12/01,88.0,88.2,85.9,87.0
2023/12/04,87.3,88.1,86.2,87.1
2023/12/05,87.1,87.1,85.6,86.6
2023/12/06,85.9,87.2,81.8,82.0
2023/12/07,82.0,82.9,80.6,81.2
2023/12/08,81.9,83.7,81.9,82.8
2023/12/11,85.0,85.0,83.3,83.5
2023/12/12,83.3,84.1,82.0,82.2
2023/12/13,82.6,82.7,81.3,81.6
2023/12/14,82.5,84.3,82.4,84.3
2023/12/15,84.0,84.5,82.3,84.5
2023/12/18,84.0,84.2,82.3,82.3
2023/12/19,82.0,82.7,81.5,81.8
2023/12/20,83.0,83.5,82.4,82.7
2023/12/21,82.3,83.2,81.5,82.8
2023/12/22,83.1,83.4,82.3,82.4
2023/12/25,82.6,83.5,82.5,82.9
2023/12/26,83.3,83.5,82.5,82.6
2023/12/27,82.7,84.2,82.7,84.0
2023/12/28,84.0,84.5,83.4,83.7
2023/12/29,83.9,86.3,83.1,84.8
2024/01/02,85.8,86.7,84.5,84.6
2024/01/03,84.0,86.4,82.8,85.2
2024/01/04,89.0,90.3,85.5,85.6
2024/01/05,86.1,88.0,84.3,87.0
2024/01/08,86.7,87.5,85.7,87.1
2024/01/09,87.4,87.6,85.7,86.7
2024/01/10,86.7,87.3,84.2,84.6
2024/01/11,84.9,85.8,83.6,85.5
2024/01/12,84.9,88.2,84.9,85.8
2024/01/15,86.5,87.1,85.9,86.4
2024/01/16,86.4,86.4,84.6,84.6
2024/01/17,84.7,85.2,80.5,80.5
2024/01/18,81.0,81.8,79.8,80.2
2024/01/19,81.9,82.9,81.0,82.6
2024/01/22,82.7,86.5,82.7,86.2
2024/01/23,86.2,86.2,85.0,85.2
2024/01/24,85.8,85.8,84.4,85.6
2024/01/25,85.5,86.4,83.8,84.0
2024/01/26,84.3,84.3,82.5,82.8
2024/01/29,82.4,84.1,82.4,83.9
2024/01/30,84.3,85.6,83.4,84.6
2024/01/31,84.6,85.0,82.7,82.9
2024/02/01,83.0,84.2,82.8,82.9
2024/02/02,83.3,87.3,83.3,86.7
2024/02/05,88.5,93.3,87.8,89.6
2024/02/15,91.0,91.4,88.4,91.0
2024/02/16,91.2,95.4,90.6,94.8
2024/02/19,95.1,101.0,92.5,92.8
2024/02/20,93.1,93.2,89.7,91.1
2024/02/21,91.0,92.2,90.1,90.3
2024/02/22,91.8,92.1,89.2,89.7
2024/02/23,90.2,91.2,88.6,88.9
2024/02/26,88.5,89.4,87.5,89.0
2024/02/27,89.3,90.0,86.0,86.0
2024/02/29,86.9,89.7,86.4,89.2
2024/03/01,90.0,92.3,89.9,90.6
2024/03/04,90.9,91.9,90.5,90.8
2024/03/05,91.5,93.3,90.2,91.1
2024/03/06,90.0,91.8,89.3,91.1
2024/03/07,91.3,93.3,88.4,88.7
2024/03/08,89.1,89.5,84.3,85.5
2024/03/11,85.8,86.4,84.5,84.5
2024/03/12,85.0,85.0,83.3,83.4
2024/03/13,84.0,84.8,81.1,81.5
2024/03/14,81.7,82.4,80.7,81.9
2024/03/15,81.9,82.7,81.2,81.5
2024/03/18,82.3,83.8,82.2,83.7
2024/03/19,83.5,84.6,83.0,83.5
2024/03/20,84.0,84.7,83.0,83.0
2024/03/21,83.7,84.8,83.1,84.8
2024/03/22,85.0,85.7,84.3,85.7
2024/03/25,86.0,86.5,84.5,84.8
2024/03/26,85.9,87.5,83.2,85.7
2024/03/27,86.8,86.8,84.4,84.6
2024/03/28,86.0,90.4,85.3,89.4
2024/03/29,90.5,98.3,90.5,98.3
2024/04/01,103.0,108.0,102.5,107.0
2024/04/02,109.5,117.5,109.0,117.5
2024/04/03,116.5,124.5,115.5,116.5
2024/04/08,114.5,115.5,110.5,111.5
2024/04/09,111.0,120.0,109.5,117.5
2024/04/10,118.5,128.0,118.5,124.0
2024/04/11,124.0,124.0,117.0,118.5
2024/04/12,116.0,123.0,114.5,121.5
2024/04/15,118.0,119.5,115.0,116.0
2024/04/16,111.5,112.5,104.5,107.5
2024/04/17,110.5,114.0,106.0,111.0
2024/04/18,110.0,115.0,110.0,111.5
2024/04/19,109.5,113.0,105.5,110.0
2024/04/22,110.0,112.0,107.0,107.0
2024/04/23,111.0,112.5,105.0,109.0
2024/04/24,111.5,113.0,110.0,111.0
2024/04/25,110.5,115.0,109.5,111.5
2024/04/26,114.0,117.0,109.0,110.0
2024/04/29,111.5,112.0,109.0,109.5
2024/04/30,110.5,112.5,108.0,109.5
2024/05/02,109.0,109.5,107.0,107.5
2024/05/03,110.5,112.0,105.5,107.0
2024/05/06,109.0,109.5,105.5,106.0
2024/05/07,108.0,108.5,100.0,103.5
2024/05/08,102.0,103.5,100.0,103.0
2024/05/09,104.0,107.5,102.5,106.5
2024/05/10,106.5,110.0,105.0,109.0
2024/05/13,108.0,108.5,103.0,104.0
2024/05/14,103.0,105.5,103.0,105.0
2024/05/15,106.5,107.0,104.5,104.5
2024/05/16,106.0,109.5,106.0,107.0
2024/05/17,107.0,107.5,105.0,106.0
2024/05/20,106.5,107.0,104.0,104.0
2024/05/21,105.0,106.5,103.5,105.5
2024/05/22,108.5,115.0,108.0,111.5
2024/05/23,113.0,114.5,109.0,109.5
2024/05/24,108.0,114.5,107.5,113.5
2024/05/27,116.5,117.0,112.0,112.5
2024/05/28,112.5,120.0,110.0,117.5
2024/05/29,116.5,118.5,113.5,114.0
2024/05/30,112.0,115.0,110.5,111.0
2024/05/31,110.5,112.5,109.0,110.5
2024/06/03,110.5,114.5,109.5,112.5
2024/06/04,112.5,112.5,106.5,106.5
2024/06/05,107.0,107.5,104.0,107.5
2024/06/06,110.5,116.5,106.5,114.0
2024/06/07,114.0,116.5,110.5,111.5
2024/06/11,111.0,113.0,110.0,111.5
2024/06/12,114.0,117.0,112.5,113.0
2024/06/13,114.0,116.0,108.0,115.5
2024/06/14,119.5,124.5,112.5,114.0
2024/06/17,118.0,119.5,113.0,115.0
2024/06/18,115.0,115.5,110.0,113.0
2024/06/19,113.5,113.5,108.5,109.0
2024/06/20,113.0,118.5,112.0,114.5
2024/06/21,113.5,115.5,111.5,113.5
2024/06/24,113.5,115.0,111.5,111.5
2024/06/25,111.5,113.0,109.0,113.0
2024/06/26,113.5,117.0,112.0,115.5
2024/06/27,115.0,116.5,113.5,114.5
2024/06/28,114.5,118.0,114.0,116.0
2024/07/01,120.0,124.5,118.0,118.5
2024/07/02,118.5,123.5,116.5,120.5
2024/07/03,123.0,131.5,121.0,125.0
2024/07/04,126.0,129.5,123.5,127.0
2024/07/05,126.0,137.0,126.0,135.0
2024/07/08,128.0,128.5,121.5,121.5
2024/07/09,122.5,123.0,112.0,115.5
2024/07/10,116.0,117.5,115.0,115.5
2024/07/11,115.5,117.5,114.0,115.0
2024/07/12,113.5,114.5,112.5,112.5
2024/07/15,112.5,112.5,109.0,110.0
2024/07/16,111.5,112.5,110.5,110.5
2024/07/17,111.0,115.5,110.5,114.0
2024/07/18,111.0,114.0,110.0,111.5
2024/07/19,111.0,112.0,106.5,106.5
2024/07/22,105.5,106.5,99.0,99.0
2024/07/23,100.0,100.5,96.8,97.9
2024/07/26,93.0,97.2,91.4,95.6
2024/07/29,96.1,97.7,89.3,89.5
2024/07/30,89.0,91.8,88.3,91.4
2024/07/31,89.6,92.5,89.3,91.0
2024/08/01,93.2,95.0,92.4,93.3
2024/08/02,90.9,91.2,86.6,86.7
2024/08/05,82.8,82.8,78.1,78.1
2024/08/06,78.1,80.0,70.3,76.5
2024/08/07,72.2,74.3,70.2,73.5
2024/08/08,73.3,74.5,71.7,71.9
2024/08/09,73.8,78.3,73.8,74.2
2024/08/12,75.1,77.7,75.0,76.6
2024/08/13,77.4,77.7,75.5,75.9
2024/08/14,77.0,77.6,75.5,76.6
2024/08/15,77.0,77.6,75.7,76.5
2024/08/16,77.8,79.3,77.4,78.0
2024/08/19,78.5,79.8,77.7,79.1
2024/08/20,79.8,80.6,78.2,78.7
2024/08/21,78.5,79.3,76.8,76.9
2024/08/22,77.8,78.1,76.9,78.1
2024/08/23,77.4,77.9,75.8,77.9
2024/08/26,78.4,78.6,77.0,77.4
2024/08/27,77.1,77.6,76.1,76.9
2024/08/28,77.4,77.8,76.5,77.5
2024/08/29,77.0,77.5,76.2,77.0
2024/08/30,77.8,82.7,77.6,81.3
2024/09/02,81.6,82.3,80.6,80.8
2024/09/03,82.1,86.5,81.6,81.8
2024/09/04,77.7,78.6,74.0,76.7
2024/09/05,78.3,79.7,76.3,76.5
2024/09/06,76.8,76.9,74.3,74.6
2024/09/09,72.3,74.4,71.7,74.2
2024/09/10,74.8,75.7,70.5,71.2
2024/09/11,71.7,72.0,71.0,71.1
2024/09/12,72.6,73.8,72.0,73.4
2024/09/13,73.8,74.4,72.8,73.7
2024/09/16,74.4,75.8,74.1,74.8
2024/09/18,74.8,74.8,72.1,72.1
2024/09/19,72.5,73.8,72.2,73.4
2024/09/20,75.1,75.6,73.5,73.5
2024/09/23,74.4,75.8,74.2,74.7
2024/09/24,75.5,75.5,72.8,73.5
2024/09/25,74.5,75.4,74.3,74.7
2024/09/26,75.5,75.7,73.9,73.9
2024/09/27,74.8,76.6,74.3,75.8
2024/09/30,75.0,76.6,74.7,75.5
2024/10/01,75.6,76.3,74.5,75.3
2024/10/04,75.3,75.3,73.4,74.2
2024/10/07,75.9,76.4,75.4,76.1
2024/10/08,76.1,76.1,73.6,74.1
2024/10/09,74.7,75.1,73.1,73.1
2024/10/11,73.8,74.4,73.3,74.2
2024/10/14,74.4,74.5,73.6,74.5
2024/10/15,74.8,77.5,74.6,74.8
2024/10/16,74.2,75.0,74.1,74.3
2024/10/17,74.6,76.3,74.6,76.0
2024/10/18,76.4,76.4,72.6,72.8
2024/10/21,73.5,75.2,73.3,75.0
2024/10/22,75.1,76.8,74.2,76.1
2024/10/23,76.8,79.4,76.3,78.9
2024/10/24,78.2,80.4,77.9,78.2
2024/10/25,78.5,79.1,77.2,77.9
2024/10/28,78.3,78.9,77.3,78.6
2024/10/29,78.1,79.2,77.3,77.9
2024/10/30,78.5,78.9,77.2,77.6
2024/11/01,76.0,79.0,75.7,78.9
2024/11/04,79.4,79.8,78.4,79.2
2024/11/05,79.2,79.6,78.0,78.0
2024/11/06,78.0,78.0,76.4,76.8
2024/11/07,77.2,79.2,77.2,78.7
2024/11/08,78.9,79.0,77.0,77.2
2024/11/11,77.0,77.9,76.8,77.6
2024/11/12,77.0,77.2,75.5,75.7
2024/11/13,75.7,76.2,74.8,75.8
2024/11/14,75.8,76.3,74.3,74.5
2024/11/15,75.1,77.8,75.0,77.4
2024/11/18,77.0,77.0,75.5,75.6
2024/11/19,76.5,77.2,76.0,77.2
2024/11/20,77.2,77.8,76.1,76.5
2024/11/21,76.5,79.6,76.3,78.4
2024/11/22,79.5,80.8,77.7,78.9
2024/11/25,79.4,81.6,78.6,81.2
2024/11/26,80.6,81.2,79.7,79.8
2024/11/27,80.0,80.6,77.1,77.2
2024/11/28,77.2,77.8,74.3,74.8
2024/11/29,74.5,75.6,73.9,75.4
2024/12/02,76.0,76.5,75.6,75.9
2024/12/03,76.9,77.7,76.2,76.6
2024/12/04,77.2,79.7,76.8,79.2
2024/12/05,79.6,80.0,77.5,77.5
2024/12/06,78.2,78.3,77.3,77.6
2024/12/09,78.3,78.6,77.0,77.7
2024/12/10,78.0,78.6,77.0,77.0
2024/12/11,76.7,79.6,76.4,78.7
2024/12/12,79.5,79.6,78.1,78.4
2024/12/13,78.4,79.8,77.5,77.6
2024/12/16,78.6,80.3,76.7,77.1
2024/12/17,77.5,79.5,77.4,78.4
2024/12/18,78.0,78.6,77.0,78.5
2024/12/19,77.4,79.5,77.3,79.3
2024/12/20,79.4,79.9,77.7,78.1
2024/12/23,78.9,79.4,78.4,78.7
2024/12/24,79.1,80.3,78.2,78.3
2024/12/25,78.4,79.0,77.9,78.3
2024/12/26,78.4,81.9,78.4,80.8
2024/12/27,81.2,81.4,79.5,79.9
2024/12/30,79.8,80.1,78.8,79.5
2024/12/31,79.5,79.6,78.1,78.7
2025/01/02,78.7,78.9,78.3,78.7
2025/01/03,78.8,79.2,77.4,77.8
2025/01/06,78.0,79.2,77.5,79.2
2025/01/07,79.2,79.6,78.5,78.5
2025/01/08,78.5,78.6,77.4,77.6
2025/01/09,77.6,78.0,73.0,73.2
2025/01/10,73.2,73.6,72.0,72.1
2025/01/13,71.7,71.7,67.4,69.5
2025/01/14,70.0,71.3,68.7,71.3
2025/01/15,70.6,71.3,70.0,70.1
2025/01/16,72.0,73.6,71.6,73.5
2025/01/17,73.5,73.7,71.8,71.9
2025/01/20,72.5,72.9,71.7,72.9
2025/01/21,73.2,73.5,72.6,72.6
2025/01/22,73.0,73.6,72.3,73.6
2025/02/03,72.0,72.4,70.0,70.9
2025/02/04,71.5,71.5,70.0,70.2
2025/02/05,70.9,71.3,70.7,70.7
2025/02/06,71.0,72.3,70.9,71.3
2025/02/07,71.9,72.4,71.5,72.0
2025/02/10,72.4,73.0,72.1,72.4
2025/02/11,72.6,79.0,71.4,76.8
2025/02/12,79.0,80.5,76.6,78.0
2025/02/13,78.4,81.7,77.4,79.8
2025/02/14,79.2,80.5,78.4,78.6
2025/02/17,79.3,81.6,78.5,78.7
2025/02/18,79.0,79.7,78.3,79.0
2025/02/19,79.0,79.5,78.5,79.1
2025/02/20,79.4,79.5,78.1,79.0
2025/02/21,79.1,79.1,77.7,77.8
2025/02/24,77.6,77.6,76.2,77.4
2025/02/25,77.0,77.2,76.3,76.3
2025/02/26,76.6,77.7,76.5,77.4
2025/02/27,77.8,77.9,74.4,74.7
2025/03/03,74.1,74.1,71.8,72.0
2025/03/04,71.0,72.2,70.0,71.9
2025/03/05,72.8,73.5,71.9,73.5
2025/03/06,74.1,75.4,73.7,73.9
2025/03/07,73.9,74.4,73.1,73.7
2025/03/10,72.5,73.1,71.5,72.4
2025/03/11,70.6,71.5,69.6,71.2
2025/03/12,71.6,72.5,71.6,72.1
2025/03/13,72.7,73.7,71.7,71.7
2025/03/14,71.9,72.4,71.2,72.4
2025/03/17,72.9,73.1,71.9,71.9
2025/03/18,72.6,73.2,72.0,73.2
2025/03/19,73.3,73.3,71.3,71.4
2025/03/20,72.3,73.4,71.8,73.4
2025/03/21,73.5,73.8,72.8,73.3
2025/03/24,73.9,74.3,73.4,74.0
2025/03/25,75.0,75.0,72.9,73.0
2025/03/26,73.5,74.0,72.5,73.0
2025/03/27,72.5,72.5,71.7,72.2
2025/03/28,72.1,72.1,67.8,68.6
2025/03/31,66.0,66.4,62.3,62.9
2025/04/01,63.0,66.5,62.9,66.4
2025/04/02,66.0,66.5,65.1,66.0
2025/04/07,59.4,59.4,59.4,59.4
2025/04/08,53.5,54.5,53.5,53.5
2025/04/09,50.0,51.5,48.2,48.2
2025/04/10,52.9,52.9,51.6,52.9
2025/04/11,50.5,55.5,50.4,55.5
2025/04/14,56.1,58.4,56.1,56.9
2025/04/15,57.9,59.4,57.1,59.3
2025/04/16,58.9,59.2,57.3,57.8
2025/04/17,57.0,59.0,56.1,58.6
2025/04/18,58.6,59.0,58.2,58.8
2025/04/21,58.8,58.8,56.9,57.0
2025/04/22,55.9,58.0,55.9,57.6
2025/04/23,59.4,60.5,59.0,60.3
2025/04/24,60.8,62.3,60.6,61.9
2025/04/25,64.0,64.0,62.7,63.6
2025/04/28,63.8,64.4,62.9,64.3
2025/04/29,64.2,65.0,64.2,64.8
2025/04/30,64.8,64.9,63.6,63.8
2025/05/02,64.4,66.2,64.4,65.2
2025/05/05,65.3,65.4,61.8,64.2
2025/05/06,64.0,66.4,63.8,66.4
2025/05/07,68.8,71.7,68.6,69.6
2025/05/08,69.6,71.3,69.5,71.2
2025/05/09,71.3,73.2,71.3,72.7
2025/05/12,73.2,74.0,72.8,73.4
2025/05/13,74.8,74.9,73.6,74.1
2025/05/14,74.5,76.5,74.4,76.0
2025/05/15,75.8,76.3,74.9,76.0
2025/05/16,76.1,76.1,73.6,74.0
2025/05/19,74.0,75.6,74.0,74.6
2025/05/20,76.0,78.8,75.5,78.3
2025/05/21,78.0,80.8,77.8,80.1
2025/05/22,79.4,82.0,79.2,80.9
2025/05/23,81.8,82.4,80.1,81.2
2025/05/26,80.7,89.3,80.7,89.3
2025/05/27,90.3,92.6,89.3,89.8
2025/05/28,90.5,91.6,85.7,86.0
2025/05/29,88.5,88.8,85.0,88.0
2025/06/02,86.0,87.5,85.8,86.8
2025/06/03,88.8,89.7,86.9,87.8
2025/06/04,88.9,89.7,86.3,87.0
2025/06/05,87.0,88.4,86.2,88.0
2025/06/06,87.0,88.4,84.5,85.1
2025/06/09,85.1,86.3,83.2,86.3
2025/06/10,87.6,90.5,86.7,90.3
2025/06/11,91.0,91.5,88.3,90.7
2025/06/12,90.7,91.3,88.2,88.6
2025/06/13,88.0,94.7,86.9,87.5
2025/06/16,86.8,88.5,86.2,88.3
2025/06/17,89.0,90.6,86.5,87.2
2025/06/18,87.3,88.0,87.0,87.6
2025/06/19,87.7,88.0,85.5,85.5
2025/06/20,85.5,85.5,83.2,84.1
2025/06/23,82.5,85.9,82.5,85.7
2025/06/24,86.1,88.0,86.1,87.7
2025/06/25,88.5,88.8,86.9,87.5
2025/06/26,88.3,89.3,86.8,87.2
2025/06/27,87.9,89.2,86.8,87.6
2025/06/30,88.9,89.8,87.2,87.2
2025/07/01,88.1,88.6,87.4,87.6
2025/07/02,88.0,90.9,87.3,87.8
2025/07/03,86.5,87.6,86.0,86.3
2025/07/04,87.0,89.5,84.9,84.9
2025/07/07,84.4,84.4,82.8,83.8
2025/07/08,83.9,87.5,83.6,87.5
2025/07/09,87.1,88.3,87.0,88.2
2025/07/10,88.0,91.7,87.8,88.0
2025/07/11,88.1,88.5,85.3,87.6
2025/07/14,87.0,87.5,86.2,86.7
2025/07/15,87.1,93.8,86.9,93.8
2025/07/16,94.2,94.3,88.3,88.3
2025/07/17,89.0,90.1,88.2,89.7
2025/07/18,90.3,92.8,90.3,92.2
2025/07/21,92.0,93.2,91.2,91.5
2025/07/22,92.0,92.4,87.5,87.8
2025/07/23,89.4,90.5,88.8,89.3
2025/07/24,90.1,94.7,89.8,91.1
2025/07/25,92.1,98.2,91.5,97.1
2025/07/28,99.5,106.0,96.9,104.0
2025/07/29,104.0,105.5,101.0,102.0
2025/07/30,103.5,105.0,99.9,101.5
2025/07/31,101.5,107.0,101.0,101.5
2025/08/01,98.5,102.0,98.4,98.9
2025/08/04,98.6,99.3,96.5,97.2
2025/08/05,99.5,102.5,98.5,98.6
2025/08/06,95.3,96.2,90.5,90.7
2025/08/07,91.5,91.8,88.5,88.7
2025/08/08,88.6,91.3,88.6,90.0
2025/08/11,92.9,99.0,92.1,99.0
2025/08/12,102.0,106.0,98.5,100.5
2025/08/13,101.0,108.5,98.8,100.5
2025/08/14,102.0,109.5,102.0,107.0
2025/08/15,111.5,117.5,109.5,117.5
2025/08/18,128.5,129.0,127.0,129.0
2025/08/19,141.5,141.5,134.5,135.0
2025/08/20,131.0,135.5,127.5,128.5
2025/08/21,133.0,135.0,130.0,131.5
2025/08/22,128.0,128.0,119.0,121.5
2025/08/25,126.0,126.0,122.5,123.0
2025/08/26,122.0,123.5,118.0,123.0
2025/08/27,125.0,127.5,125.0,127.5
2025/08/28,127.0,127.0,124.5,125.0
2025/08/29,128.5,137.0,127.0,137.0
2025/09/01,136.5,138.5,123.5,127.5
2025/09/02,130.0,130.0,118.5,124.0
2025/09/03,124.5,127.5,122.5,127.5
2025/09/04,122.5,124.0,120.0,122.0
2025/09/05,128.5,131.5,121.5,121.5
2025/09/08,122.0,122.5,111.5,115.5
2025/09/09,118.0,120.5,116.5,117.5
2025/09/10,118.0,122.0,117.0,118.0
2025/09/11,120.5,122.0,116.0,117.0
2025/09/12,118.5,119.0,114.0,114.5
2025/09/15,115.0,115.0,109.0,111.0
2025/09/16,111.5,112.0,108.5,110.0
2025/09/17,110.0,111.5,109.0,111.0
2025/09/18,111.5,114.0,109.5,112.0
2025/09/19,113.5,113.5,110.0,110.5
2025/09/22,111.5,114.0,111.0,113.0
2025/09/23,114.5,115.5,110.5,111.5
2025/09/24,111.5,112.0,106.5,108.0
2025/09/25,109.0,111.0,107.5,107.5
2025/09/26,107.5,108.0,101.5,102.5
2025/09/30,103.5,107.0,103.0,106.0
2025/10/01,111.0,112.0,103.5,104.0
2025/10/02,105.0,106.0,102.0,102.5
2025/10/03,103.5,103.5,102.0,103.0
2025/10/07,105.5,108.0,104.5,105.5
2025/10/08,105.5,106.5,103.0,105.0
2025/10/09,106.0,106.5,104.0,104.5
2025/10/13,99.0,102.0,98.9,102.0
2025/10/14,103.0,103.5,97.0,97.0
2025/10/15,97.9,99.8,97.6,99.0
2025/10/16,99.0,101.0,98.9,99.3
2025/10/17,98.9,100.5,97.7,97.9
2025/10/20,98.1,100.5,98.0,98.6
2025/10/21,99.5,102.0,99.4,100.5
2025/10/22,100.5,101.0,99.3,101.0
2025/10/23,106.0,111.0,105.0,108.5
2025/10/27,109.0,109.5,105.0,107.0
2025/10/28,107.0,115.0,106.0,112.5
2025/10/29,115.5,115.5,111.5,114.5
2025/10/30,117.0,120.5,114.5,118.0
2025/10/31,117.5,122.0,115.5,117.0
2025/11/03,118.0,119.5,116.5,119.5
2025/11/04,120.5,122.0,115.0,116.0
2025/11/05,110.5,116.0,110.5,116.0
2025/11/06,117.5,119.5,115.0,119.0
2025/11/07,117.5,118.5,114.0,115.5
2025/11/10,114.0,114.0,104.5,105.0
2025/11/11,106.0,107.0,104.0,106.0
2025/11/12,107.5,113.0,107.5,110.5
2025/11/13,110.0,112.5,109.0,111.5
2025/11/14,108.5,111.0,107.5,107.5
2025/11/17,110.5,111.5,107.5,107.5
2025/11/18,106.0,108.5,102.0,102.0
2025/11/19,102.0,103.0,98.9,99.6
2025/11/20,103.0,108.5,102.5,106.0
2025/11/21,102.5,103.5,99.3,100.0
2025/11/24,101.5,101.5,98.5,99.6
2025/11/25,103.5,106.0,103.0,105.0
2025/11/26,106.0,109.0,105.0,108.0
2025/11/27,109.0,110.0,108.0,109.5
2025/11/28,113.0,113.5,110.0,111.0
2025/12/01,112.0,112.0,108.5,109.5
2025/12/02,110.0,112.0,107.0,107.5
2025/12/03,109.0,110.5,107.5,108.0
2025/12/04,108.5,109.5,106.0,106.5
2025/12/05,106.5,109.0,105.0,108.5
2025/12/08,110.0,112.5,109.0,112.5
2025/12/09,114.5,115.0,112.5,114.0
2025/12/10,115.0,118.5,114.0,115.0
2025/12/11,116.0,117.5,114.0,114.5
2025/12/12,115.5,116.0,112.5,113.5
2025/12/15,110.5,115.0,109.0,114.0
2025/12/16,113.0,113.5,107.0,109.0
2025/12/17,109.0,110.5,107.5,108.0
2025/12/18,107.5,108.0,105.5,106.5
2025/12/19,108.0,110.5,107.0,108.0
2025/12/22,109.5,114.0,109.0,113.0
2025/12/23,114.5,115.0,111.5,112.0
2025/12/24,114.0,115.0,112.5,113.5
2025/12/26,115.0,115.5,113.0,115.5
2025/12/29,116.5,116.5,113.5,114.0
2025/12/30,115.0,115.0,112.0,112.0
2025/12/31,112.5,114.0,112.0,113.5
2026/01/02,114.0,118.0,112.0,116.5
2026/01/05,117.5,119.0,112.5,119.0
2026/01/06,122.0,122.0,116.5,118.0
2026/01/07,118.0,118.5,113.0,113.5
2026/01/08,113.5,115.0,112.0,113.0
2026/01/09,113.0,116.0,111.5,114.5
2026/01/12,115.5,117.5,115.0,117.0
2026/01/13,118.0,119.0,114.5,115.0
2026/01/14,116.0,119.0,116.0,117.0
2026/01/15,117.5,118.0,114.0,115.5
2026/01/16,116.5,117.0,114.0,115.5
2026/01/19,116.0,116.0,113.0,114.0
2026/01/20,114.0,118.0,113.5,115.5
2026/01/21,115.0,118.5,114.0,115.0
2026/01/22,116.5,123.5,116.5,122.0
2026/01/23,125.0,125.5,117.5,119.5
2026/01/26,119.5,121.0,116.0,117.5
2026/01/27,118.5,122.0,117.5,121.0
2026/01/28,122.0,122.5,118.0,118.0
2026/01/29,118.5,119.0,110.5,110.5
2026/01/30,110.0,110.0,105.0,106.5
2026/02/02,104.0,105.5,102.0,104.0
2026/02/03,106.5,107.5,104.5,107.5
2026/02/04,106.5,118.0,106.5,118.0
2026/02/05,118.0,123.5,116.5,116.5
2026/02/06,116.5,117.5,111.0,115.0
2026/02/09,118.5,120.0,115.5,118.0
2026/02/10,119.5,121.0,118.0,118.5
2026/02/11,120.0,124.5,119.5,121.0
2026/02/23,122.0,123.5,120.5,121.5
2026/02/24,122.0,133.5,122.0,133.5
2026/02/25,137.5,146.5,129.0,146.5
2026/02/26,148.0,148.5,137.5,141.5
2026/03/02,133.5,137.5,132.0,132.0
2026/03/03,133.0,141.0,130.5,134.0
2026/03/04,130.5,131.5,121.0,121.5
2026/03/05,127.0,131.0,125.0,128.0
2026/03/06,127.0,129.5,125.5,127.5
2026/03/09,116.5,118.0,115.0,115.0
2026/03/10,121.0,126.5,120.0,126.5
2026/03/11,129.5,138.0,129.0,133.5
2026/03/12,133.0,137.5,131.5,132.5
2026/03/13,130.5,139.0,129.0,137.5
2026/03/16,140.0,145.5,136.0,140.0
2026/03/17,144.5,154.0,141.0,154.0
2026/03/18,159.0,159.5,148.0,150.5
2026/03/19,148.0,158.5,147.0,151.5
2026/03/20,153.0,153.5,141.0,143.5
2026/03/23,136.5,141.0,135.0,136.0
2026/03/24,139.5,139.5,130.0,132.5
2026/03/25,137.5,145.5,137.5,145.5
2026/03/26,145.5,151.5,143.5,144.0
2026/03/27,141.5,158.0,140.5,158.0
2026/03/30,156.0,157.5,146.5,151.0
2026/03/31,152.5,156.0,146.5,148.5
2026/04/01,156.0,163.0,155.0,163.0
2026/04/02,167.5,176.0,167.0,170.0
2026/04/07,180.5,187.0,177.0,187.0
2026/04/08,194.0,200.0,187.5,197.0
2026/04/09,197.5,216.5,197.5,216.5
2026/04/10,225.0,225.0,207.0,214.0
2026/04/13,210.0,213.0,203.5,204.0
2026/04/14,211.0,224.0,211.0,224.0
2026/04/15,228.0,235.5,220.5,229.5
2026/04/16,237.0,245.0,229.0,240.0
2026/04/20,273.0,292.0,263.5,282.0
2026/04/21,285.5,297.5,275.0,286.0
2026/04/22,287.0,312.0,287.0,297.0
2026/04/23,302.0,304.0,267.5,274.5
2026/04/24,277.0,287.0,259.0,276.0
2026/04/27,283.0,283.5,255.0,265.0
2026/04/28,263.5,263.5,252.5,253.5
2026/04/29,250.0,258.0,247.0,253.5
2026/04/30,259.0,273.5,256.5,270.0
2026/05/04,280.5,292.0,275.5,290.0
2026/05/05,295.0,295.0,283.0,284.0
2026/05/06,291.5,291.5,272.5,285.0
2026/05/07,289.0,303.0,288.5,299.5
2026/05/08,295.5,301.0,277.0,287.5
2026/05/11,289.5,302.5,285.0,300.5
2026/05/12,311.0,322.0,285.0,285.5
2026/05/13,279.5,284.5,266.5,273.5
2026/05/14,282.0,285.0,265.0,268.0
2026/05/15,270.0,270.0,251.0,253.0
2026/05/18,243.0,247.0,238.0,245.0
2026/05/19,243.5,252.5,238.5,240.5
2026/05/20,241.0,241.0,230.0,236.5
2026/05/21,244.0,253.0,244.0,246.5
