Date,Open,High,Low,Close
2005/06/30,50.3,50.3,50.0,50.2
2005/07/04,50.5,51.2,50.5,50.7
2005/07/05,50.7,50.9,50.0,50.0
2005/07/06,50.0,50.1,48.8,48.8
2005/07/07,47.9,49.1,47.7,48.4
2005/07/11,49.8,50.0,48.9,49.1
2005/07/12,49.1,50.1,49.1,50.0
2005/07/13,50.2,51.8,49.9,51.2
2005/07/14,51.5,53.4,51.5,52.6
2005/07/18,53.0,53.8,51.8,53.4
2005/07/19,53.6,53.8,52.5,52.6
2005/07/20,52.7,53.0,51.9,52.0
2005/07/21,52.0,52.6,50.9,50.9
2005/07/25,51.8,52.2,51.2,51.2
2005/07/26,52.1,52.1,51.2,51.4
2005/07/27,51.6,52.4,51.6,52.2
2005/07/28,53.0,53.5,52.1,52.1
2005/08/01,52.6,53.2,51.2,51.2
2005/08/02,51.6,52.1,50.8,51.8
2005/08/03,51.8,52.1,51.7,51.8
2005/08/08,53.6,53.8,52.6,53.3
2005/08/09,53.6,54.0,52.4,52.5
2005/08/10,41.0,42.2,40.9,41.8
2005/08/11,50.5,50.5,49.5,49.6
2005/08/15,47.7,47.7,46.6,46.6
2005/08/16,46.6,49.2,46.2,47.4
2005/08/17,47.4,48.7,47.4,48.4
2005/08/18,48.4,48.4,47.7,47.7
2005/08/22,47.1,47.6,47.1,47.4
2005/08/23,48.0,48.0,46.1,46.2
2005/08/24,45.8,46.3,45.6,45.8
2005/08/25,45.6,45.7,43.7,44.7
2005/08/29,45.4,45.4,44.4,44.8
2005/08/30,44.7,45.8,44.4,44.4
2005/09/01,44.7,45.8,44.7,45.7
2005/09/05,46.9,47.7,46.6,47.0
2005/09/06,47.7,48.7,47.7,48.2
2005/09/07,48.7,49.0,48.2,48.5
2005/09/08,48.1,48.7,47.7,47.7
2005/09/12,47.7,47.7,47.2,47.3
2005/09/13,46.6,47.2,46.3,46.6
2005/09/14,46.0,46.2,45.3,45.8
2005/09/15,45.5,45.8,45.4,45.4
2005/09/19,46.8,47.6,46.6,47.4
2005/09/20,47.5,47.5,46.2,46.2
2005/09/21,47.1,47.1,46.2,46.8
2005/09/22,46.5,46.5,45.8,45.8
2005/09/26,46.1,46.1,45.5,45.5
2005/09/27,45.5,46.9,45.5,46.9
2005/09/28,46.8,47.9,46.1,47.9
2005/09/29,48.0,48.8,47.4,48.2
2005/10/03,49.0,49.8,48.0,49.5
2005/10/04,50.2,52.0,50.1,51.0
2005/10/05,50.6,50.6,49.8,50.1
2005/10/06,50.1,50.7,50.1,50.4
2005/10/10,51.2,51.2,49.9,49.9
2005/10/11,49.5,49.7,49.1,49.1
2005/10/12,49.2,49.2,47.7,47.7
2005/10/13,47.9,48.0,46.6,47.2
2005/10/17,45.5,46.6,45.0,45.4
2005/10/18,45.3,47.7,45.0,45.8
2005/10/19,46.2,47.1,45.5,45.8
2005/10/20,45.8,46.4,45.7,45.8
2005/10/24,45.8,46.9,45.2,45.8
2005/10/25,45.8,45.8,43.7,44.5
2005/10/26,43.8,44.5,43.5,43.8
2005/10/27,40.7,43.8,40.7,42.3
2005/10/31,45.1,45.5,44.4,45.1
2005/11/01,46.6,46.6,45.3,46.2
2005/11/02,46.2,46.5,45.1,45.3
2005/11/03,45.5,45.8,45.0,45.0
2005/11/07,45.7,45.7,44.4,45.7
2005/11/08,45.3,45.8,45.1,45.7
2005/11/09,46.9,46.9,45.5,46.6
2005/11/10,46.9,46.9,46.2,46.2
2005/11/14,46.0,46.0,45.3,45.4
2005/11/15,45.5,46.5,45.4,46.2
2005/11/16,46.3,46.4,45.5,46.2
2005/11/17,46.6,46.6,45.8,46.6
2005/11/21,47.1,47.3,46.7,47.1
2005/11/22,47.1,47.1,46.3,46.3
2005/11/23,46.3,46.7,46.3,46.3
2005/11/24,46.7,46.7,45.8,46.3
2005/11/28,50.2,53.0,50.2,51.7
2005/11/29,52.4,53.4,50.9,52.1
2005/11/30,52.7,55.7,52.5,55.7
2005/12/01,56.0,57.5,53.1,55.7
2005/12/05,54.6,57.0,54.6,56.4
2005/12/06,56.8,57.0,55.6,56.5
2005/12/07,54.9,58.6,54.9,58.6
2005/12/08,59.7,62.4,59.2,61.1
2005/12/12,61.7,61.7,59.4,59.7
2005/12/13,59.0,62.0,59.0,60.5
2005/12/14,60.7,62.5,60.7,62.2
2005/12/15,62.2,63.1,61.8,62.9
2005/12/19,61.9,62.6,59.8,61.5
2005/12/20,61.4,61.4,60.0,60.1
2005/12/21,60.1,60.2,58.7,59.0
2005/12/22,59.2,61.6,59.2,61.1
2005/12/26,59.4,60.4,58.2,60.4
2005/12/27,61.3,64.0,61.0,63.0
2005/12/28,63.4,64.0,62.1,64.0
2005/12/29,64.0,64.2,62.6,64.2
2006/01/02,64.0,66.2,64.0,64.8
2006/01/03,64.8,66.6,64.8,65.4
2006/01/04,69.1,69.9,67.7,69.9
2006/01/05,74.6,74.6,74.6,74.6
2006/01/09,70.1,71.4,67.3,70.1
2006/01/10,70.1,71.9,67.7,67.7
2006/01/11,67.7,68.2,64.2,64.5
2006/01/13,64.5,65.3,62.2,62.8
2006/01/16,62.9,63.4,62.0,62.8
2006/01/17,63.2,65.7,63.2,64.9
2006/01/18,63.0,64.0,60.4,61.6
2006/01/19,60.0,62.6,58.9,59.9
2006/01/20,60.5,60.5,59.4,59.7
2006/01/23,56.8,59.4,56.8,58.6
2006/01/24,58.6,61.8,58.4,61.7
2006/01/25,61.8,64.8,61.4,64.8
2006/02/02,69.3,69.3,69.3,69.3
2006/02/03,64.9,64.9,61.9,62.6
2006/02/06,63.3,63.3,61.5,62.6
2006/02/07,60.8,62.8,60.8,61.2
2006/02/08,61.1,62.6,60.4,62.6
2006/02/09,62.6,62.6,61.6,61.6
2006/02/13,59.5,60.2,59.3,60.2
2006/02/14,59.7,62.9,59.4,62.9
2006/02/15,62.8,62.8,61.3,61.3
2006/02/16,60.6,62.6,60.6,61.3
2006/02/17,62.1,62.5,61.7,61.8
2006/02/20,60.4,62.0,60.4,61.6
2006/02/21,61.8,62.5,61.8,62.2
2006/02/22,62.0,62.0,60.3,61.0
2006/02/23,60.8,60.9,59.9,59.9
2006/02/24,61.0,61.7,59.8,60.8
2006/02/27,60.6,60.8,59.7,60.5
2006/03/01,60.0,62.7,60.0,62.1
2006/03/02,62.7,66.4,62.1,66.4
2006/03/03,66.8,67.5,64.2,64.4
2006/03/06,64.0,64.8,63.7,64.5
2006/03/07,65.7,65.7,65.7,65.7
2006/03/08,64.2,65.5,62.6,63.0
2006/03/10,62.6,62.6,61.0,61.2
2006/03/13,61.6,63.9,61.6,63.3
2006/03/14,63.3,63.3,62.1,62.1
2006/03/15,62.3,63.0,62.1,62.4
2006/03/16,62.4,64.6,61.3,61.8
2006/03/17,62.1,63.3,60.8,61.5
2006/03/20,63.0,65.8,62.8,65.8
2006/03/21,66.9,69.8,66.6,69.1
2006/03/22,69.8,69.8,66.7,66.9
2006/03/23,68.1,68.8,66.3,66.4
2006/03/24,66.9,67.5,64.8,65.3
2006/03/27,66.5,67.9,65.6,66.9
2006/03/28,66.9,67.7,66.4,67.2
2006/03/29,66.6,67.3,66.6,66.9
2006/03/30,68.2,68.5,66.6,66.6
2006/03/31,66.6,68.3,66.6,66.6
2006/04/03,68.1,68.8,66.6,67.0
2006/04/04,67.7,67.7,66.1,66.3
2006/04/06,66.3,68.8,65.7,67.5
2006/04/07,68.7,69.3,67.7,68.8
2006/04/10,68.9,73.5,68.9,73.5
2006/04/11,74.6,76.0,71.4,74.2
2006/04/12,72.8,79.3,72.8,79.3
2006/04/13,80.0,80.0,76.4,76.4
2006/04/14,77.1,80.0,76.0,77.1
2006/04/17,77.1,82.2,77.1,81.1
2006/04/18,79.3,86.6,78.9,85.5
2006/04/19,85.5,88.8,82.9,82.9
2006/04/20,83.7,86.6,83.7,86.6
2006/04/21,88.0,92.4,88.0,92.4
2006/04/24,88.0,93.1,88.0,93.1
2006/04/25,94.2,97.5,86.9,92.4
2006/04/26,94.9,94.9,88.0,89.5
2006/04/27,93.1,93.1,88.0,88.0
2006/04/28,88.0,89.9,82.6,84.8
2006/05/02,85.9,88.0,83.3,86.2
2006/05/03,89.1,92.0,88.8,92.0
2006/05/04,93.5,95.3,86.9,90.9
2006/05/05,88.4,90.2,87.7,87.7
2006/05/08,88.8,89.5,85.1,87.7
2006/05/09,87.7,88.4,83.7,84.8
2006/05/10,83.7,86.2,78.9,80.4
2006/05/11,80.0,83.3,80.0,83.3
2006/05/12,82.2,84.4,81.9,82.2
2006/05/15,80.8,83.3,80.8,81.5
2006/05/16,83.7,86.9,83.7,86.9
2006/05/17,87.7,88.8,84.4,86.6
2006/05/18,86.6,86.6,83.7,85.1
2006/05/19,90.9,90.9,86.9,88.4
2006/05/22,90.2,92.4,87.3,87.3
2006/05/23,86.2,86.9,81.9,83.7
2006/05/24,83.7,85.5,80.0,82.2
2006/05/25,81.5,83.3,81.5,83.3
2006/05/26,84.0,84.8,82.6,83.3
2006/05/29,83.7,84.0,80.4,83.3
2006/05/30,83.7,84.4,82.6,84.0
2006/06/01,84.0,88.0,83.3,85.9
2006/06/02,87.3,90.2,87.3,88.8
2006/06/05,88.8,88.8,82.9,82.9
2006/06/06,82.9,84.8,80.8,83.3
2006/06/07,83.3,83.3,81.1,82.6
2006/06/08,81.5,82.2,77.1,77.1
2006/06/09,75.7,77.1,72.8,76.4
2006/06/12,74.6,76.0,74.6,75.7
2006/06/13,72.8,76.0,72.8,75.7
2006/06/14,74.6,77.1,74.6,77.1
2006/06/15,77.1,78.2,74.2,75.3
2006/06/16,76.8,77.5,75.3,76.0
2006/06/19,76.0,76.0,74.6,76.0
2006/06/20,76.4,76.4,70.7,70.7
2006/06/21,70.2,70.7,65.8,65.8
2006/06/22,64.0,65.8,62.9,64.6
2006/06/23,63.3,64.6,61.3,64.6
2006/06/26,64.8,69.1,64.8,69.1
2006/06/27,69.8,72.8,69.8,71.3
2006/06/28,70.6,71.4,69.8,71.4
2006/06/29,71.4,72.8,71.4,71.4
2006/06/30,72.8,73.1,70.9,71.6
2006/07/03,71.8,72.0,68.4,69.0
2006/07/04,69.4,70.5,68.4,69.1
2006/07/05,68.4,69.5,68.0,68.0
2006/07/06,68.0,69.3,67.7,68.6
2006/07/07,68.8,69.4,68.4,68.6
2006/07/10,68.6,69.8,67.8,69.5
2006/07/11,70.9,72.7,70.6,70.6
2006/07/12,71.4,71.4,69.5,69.6
2006/07/13,69.0,69.0,66.2,66.9
2006/07/14,66.2,66.2,64.3,64.8
2006/07/17,64.4,64.4,60.8,61.1
2006/07/18,61.1,61.8,58.6,60.2
2006/07/19,61.1,61.7,59.3,59.3
2006/07/20,61.0,62.6,60.4,61.8
2006/07/21,61.2,61.2,59.3,60.2
2006/07/24,59.3,59.7,58.4,58.6
2006/07/25,59.3,60.3,59.0,59.4
2006/07/26,59.4,61.0,59.2,59.5
2006/07/27,60.0,61.1,59.7,61.1
2006/07/28,61.1,61.1,60.2,60.5
2006/07/31,61.5,61.5,60.5,60.8
2006/08/01,61.1,61.1,59.6,59.8
2006/08/02,59.7,60.4,59.6,60.0
2006/08/03,60.2,60.8,60.1,60.2
2006/08/04,60.5,64.4,60.4,64.4
2006/08/07,64.4,64.8,62.9,64.0
2006/08/08,64.0,65.8,63.6,65.5
2006/08/09,65.5,66.6,64.2,66.4
2006/08/10,67.4,70.3,67.2,69.9
2006/08/11,71.2,74.8,71.2,74.8
2006/08/14,76.0,76.8,73.1,74.8
2006/08/15,74.8,75.4,74.0,74.3
2006/08/16,76.0,76.4,71.8,73.0
2006/08/17,72.8,73.6,71.2,73.6
2006/08/18,72.4,73.5,71.6,72.0
2006/08/21,71.6,71.8,67.2,67.2
2006/08/22,68.4,68.4,67.2,67.6
2006/08/23,67.2,70.7,66.4,69.3
2006/08/24,69.3,71.3,69.3,71.3
2006/08/25,72.0,72.4,70.1,70.4
2006/08/28,70.3,70.3,67.3,67.3
2006/08/29,68.4,70.3,68.1,69.0
2006/08/30,70.4,71.1,70.0,70.2
2006/08/31,72.0,72.8,70.8,71.1
2006/09/01,71.6,71.7,70.4,70.4
2006/09/04,71.2,74.4,71.2,73.4
2006/09/05,74.1,74.2,72.2,72.2
2006/09/06,72.0,72.5,70.5,70.5
2006/09/07,69.6,71.2,69.6,70.4
2006/09/08,69.6,70.4,69.0,69.2
2006/09/11,69.7,70.8,69.1,69.4
2006/09/12,69.2,69.4,68.0,68.4
2006/09/13,70.2,70.2,68.0,68.2
2006/09/14,68.3,68.7,64.9,65.4
2006/09/15,65.4,67.7,65.3,67.5
2006/09/18,67.5,69.9,67.5,69.5
2006/09/19,69.5,71.2,68.8,69.5
2006/09/20,69.2,70.8,69.0,70.0
2006/09/21,70.4,70.4,69.2,69.9
2006/09/22,69.9,70.1,69.2,69.7
2006/09/25,70.0,70.8,69.4,69.4
2006/09/26,69.1,69.7,69.1,69.2
2006/09/27,69.5,69.6,68.0,68.0
2006/09/28,68.0,68.0,67.2,67.5
2006/09/29,68.8,69.0,68.0,68.5
2006/10/02,68.7,69.1,68.3,68.8
2006/10/03,68.8,69.9,68.8,69.9
2006/10/04,73.8,74.8,70.1,70.5
2006/10/05,71.7,72.0,69.9,69.9
2006/10/09,69.9,69.9,69.9,69.9
2006/10/11,69.6,69.8,68.2,68.3
2006/10/12,68.5,69.5,68.3,68.3
2006/10/13,68.8,69.4,68.8,68.9
2006/10/16,64.8,66.3,64.8,65.4
2006/10/17,65.6,66.1,65.4,65.6
2006/10/18,65.6,65.6,65.1,65.1
2006/10/19,65.2,65.9,65.2,65.4
2006/10/20,65.5,67.0,65.4,66.0
2006/10/23,66.2,66.3,65.5,65.6
2006/10/24,66.0,66.0,65.5,65.8
2006/10/25,65.6,65.8,64.8,64.8
2006/10/26,65.2,66.0,64.6,64.8
2006/10/27,65.2,65.2,62.4,62.6
2006/10/30,62.6,63.1,62.4,62.6
2006/10/31,62.8,63.5,62.8,63.2
2006/11/01,63.2,63.6,62.4,62.8
2006/11/02,62.5,64.0,62.4,63.2
2006/11/03,64.0,64.0,63.5,63.5
2006/11/06,62.4,63.0,62.1,62.5
2006/11/07,63.0,63.5,62.5,62.5
2006/11/08,62.6,62.9,60.8,61.0
2006/11/09,61.0,61.9,60.8,61.3
2006/11/10,62.5,65.2,62.5,64.2
2006/11/13,64.2,64.2,62.5,63.1
2006/11/14,63.1,63.3,61.6,62.0
2006/11/15,62.4,63.2,61.7,61.8
2006/11/16,62.8,62.8,61.6,62.0
2006/11/17,62.7,66.3,62.7,63.4
2006/11/20,63.9,64.7,63.6,63.6
2006/11/21,63.6,64.7,63.1,63.4
2006/11/22,63.9,64.6,63.7,63.7
2006/11/23,64.4,65.0,63.6,63.7
2006/11/24,64.0,64.5,63.8,64.4
2006/11/27,64.9,67.6,64.6,67.0
2006/11/28,65.7,66.5,65.6,65.6
2006/11/29,65.9,67.6,65.9,66.3
2006/11/30,67.4,67.4,66.5,67.0
2006/12/01,67.2,68.8,66.8,67.5
2006/12/04,68.1,70.4,68.1,68.6
2006/12/05,68.7,69.1,66.3,66.5
2006/12/06,67.9,67.9,66.0,66.5
2006/12/07,66.7,67.5,66.1,66.8
2006/12/08,67.2,67.5,66.8,67.2
2006/12/11,66.5,68.8,66.5,68.0
2006/12/12,68.0,68.0,65.3,65.5
2006/12/13,65.6,66.8,65.2,65.6
2006/12/14,65.6,66.1,65.5,65.6
2006/12/15,65.9,66.5,65.9,66.3
2006/12/18,66.8,69.6,66.7,69.3
2006/12/19,69.3,74.1,68.0,74.1
2006/12/20,79.2,79.2,77.6,79.2
2006/12/21,79.2,79.2,74.4,76.8
2006/12/22,76.9,82.0,76.8,79.8
2006/12/25,79.4,83.2,78.4,78.6
2006/12/26,78.8,84.0,78.8,84.0
2006/12/27,84.8,86.0,82.4,84.8
2006/12/28,85.6,85.6,81.2,81.6
2006/12/29,81.2,84.8,81.2,84.0
2007/01/01,84.0,84.0,84.0,84.0
2007/01/02,84.8,89.2,84.0,87.2
2007/01/03,88.8,90.0,86.8,88.8
2007/01/04,88.0,88.4,86.4,86.4
2007/01/05,87.2,90.4,85.6,86.8
2007/01/08,86.0,87.2,82.0,82.0
2007/01/09,82.4,85.6,82.4,82.8
2007/01/10,82.8,84.8,82.4,84.0
2007/01/11,84.8,85.6,78.3,79.4
2007/01/12,81.2,83.2,80.0,82.4
2007/01/15,84.0,84.8,82.0,83.2
2007/01/16,83.2,84.8,82.0,82.0
2007/01/17,82.0,83.6,81.6,83.6
2007/01/18,83.6,87.2,83.2,85.6
2007/01/19,85.6,86.8,84.0,84.0
2007/01/22,84.8,85.2,83.6,83.6
2007/01/23,83.6,86.0,83.6,86.0
2007/01/24,87.2,89.6,86.0,88.0
2007/01/25,88.8,94.0,88.4,92.4
2007/01/26,90.4,93.6,89.2,89.2
2007/01/29,89.6,91.2,86.0,86.0
2007/01/30,87.2,89.2,85.6,87.2
2007/01/31,88.8,91.6,88.0,91.2
2007/02/01,91.6,92.4,90.0,90.0
2007/02/02,90.4,92.8,89.2,89.2
2007/02/05,88.8,90.4,88.8,89.2
2007/02/06,90.4,95.2,90.4,95.2
2007/02/07,94.4,96.0,92.8,92.8
2007/02/08,93.6,97.2,92.8,95.2
2007/02/09,96.4,101.6,95.6,100.4
2007/02/12,99.6,102.4,98.4,98.4
2007/02/13,98.4,99.2,91.6,91.6
2007/02/14,92.0,94.4,89.6,92.8
2007/02/26,95.6,97.2,94.0,95.2
2007/02/27,96.8,99.2,94.0,95.2
2007/03/01,91.2,94.8,91.2,93.6
2007/03/02,93.6,98.0,93.2,95.2
2007/03/05,92.4,95.6,87.2,88.0
2007/03/06,90.4,92.0,86.4,92.0
2007/03/07,92.0,96.0,92.0,95.2
2007/03/08,97.6,99.6,96.8,98.0
2007/03/09,99.2,100.0,96.8,96.8
2007/03/12,97.6,99.2,96.8,98.0
2007/03/13,98.0,100.0,97.2,97.6
2007/03/14,95.6,96.0,92.8,92.8
2007/03/15,93.6,96.0,92.8,94.4
2007/03/16,94.4,97.6,93.6,93.6
2007/03/20,93.6,94.8,89.6,90.8
2007/03/21,90.8,91.6,89.6,90.4
2007/03/22,92.0,92.8,90.4,90.8
2007/03/23,91.2,94.4,91.2,93.6
2007/03/26,94.8,98.4,94.0,97.6
2007/03/27,97.6,102.0,97.6,99.2
2007/03/28,100.0,102.4,99.2,99.2
2007/03/29,98.8,100.8,98.4,99.2
2007/03/30,100.0,106.0,99.2,102.4
2007/04/02,102.8,106.0,100.8,100.8
2007/04/03,102.8,104.0,99.2,100.8
2007/04/04,94.0,94.0,94.0,94.0
2007/04/09,87.6,92.0,87.6,90.8
2007/04/10,89.6,91.6,88.8,89.2
2007/04/11,89.2,92.8,89.2,91.6
2007/04/12,91.2,93.6,90.0,93.6
2007/04/13,95.2,95.2,90.8,90.8
2007/04/16,91.6,92.4,88.0,88.0
2007/04/17,88.0,88.8,82.0,82.0
2007/04/18,79.2,83.2,76.4,83.2
2007/04/19,85.6,85.6,82.0,84.4
2007/04/20,86.4,88.0,85.6,88.0
2007/04/23,88.0,90.4,87.6,87.6
2007/04/24,88.8,92.4,88.4,90.4
2007/04/25,90.0,90.0,88.0,89.2
2007/04/26,90.0,90.0,86.0,86.8
2007/04/27,87.2,87.2,84.4,84.8
2007/04/30,83.2,85.2,83.2,84.0
2007/05/02,85.2,86.0,84.4,84.8
2007/05/03,84.8,84.8,80.0,84.8
2007/05/04,84.8,86.4,84.0,85.6
2007/05/07,86.4,88.0,84.8,87.6
2007/05/08,87.2,87.2,86.0,86.4
2007/05/09,86.4,87.2,86.4,86.8
2007/05/10,86.8,91.2,86.8,88.4
2007/05/11,87.6,88.8,86.4,86.4
2007/05/14,88.0,89.6,85.6,85.6
2007/05/15,86.0,87.2,82.8,84.8
2007/05/16,84.8,86.4,84.0,84.8
2007/05/17,86.0,86.4,84.0,84.8
2007/05/18,84.0,86.4,84.0,84.4
2007/05/21,88.0,90.0,86.8,90.0
2007/05/22,91.2,92.4,90.0,92.0
2007/05/23,93.2,98.4,93.2,94.8
2007/05/24,95.6,96.8,95.2,96.0
2007/05/25,95.6,96.0,93.6,95.6
2007/05/28,96.8,97.6,94.4,94.4
2007/05/29,94.4,97.6,94.4,96.0
2007/05/30,96.0,100.0,96.0,97.6
2007/05/31,98.4,99.2,96.8,98.4
2007/06/01,100.0,100.4,97.2,97.6
2007/06/04,97.6,99.2,97.2,99.2
2007/06/05,100.0,100.4,96.0,96.8
2007/06/06,97.6,100.8,97.2,99.2
2007/06/07,100.0,100.0,97.6,100.0
2007/06/08,99.2,99.6,98.0,98.0
2007/06/11,100.0,101.6,98.0,100.4
2007/06/12,101.6,102.4,99.6,100.0
2007/06/13,100.8,101.6,98.0,99.2
2007/06/14,99.2,105.6,99.2,104.8
2007/06/15,104.8,106.4,100.8,105.6
2007/06/20,111.2,112.8,109.6,112.8
2007/06/21,116.8,120.1,110.0,116.0
2007/06/22,120.1,120.1,114.0,116.0
2007/06/25,115.2,117.2,108.0,110.4
2007/06/26,110.4,111.6,106.8,108.8
2007/06/27,108.8,111.2,108.4,108.8
2007/06/28,109.6,112.8,108.8,109.6
2007/06/29,111.2,114.0,110.4,110.4
2007/07/02,111.2,112.8,108.0,108.8
2007/07/03,110.0,111.2,108.4,108.8
2007/07/04,109.6,116.0,109.6,114.4
2007/07/05,115.2,117.6,112.8,114.4
2007/07/06,114.4,115.2,110.4,111.2
2007/07/09,112.0,114.8,111.2,114.4
2007/07/10,114.4,116.0,112.8,112.8
2007/07/11,112.8,120.5,112.4,120.5
2007/07/12,126.5,128.9,124.1,128.9
2007/07/13,132.1,133.7,124.1,124.9
2007/07/16,128.1,129.7,124.1,124.9
2007/07/17,128.1,131.7,125.7,131.7
2007/07/18,131.3,132.9,128.1,130.5
2007/07/19,130.5,132.1,126.5,127.3
2007/07/20,130.5,130.5,125.7,125.7
2007/07/23,125.7,133.7,124.9,132.9
2007/07/24,134.5,134.5,126.9,128.1
2007/07/25,127.3,130.5,126.5,128.1
2007/07/26,130.5,130.9,120.1,120.9
2007/07/27,117.6,117.6,112.4,114.4
2007/07/30,114.4,122.5,114.4,122.5
2007/07/31,128.1,130.9,124.9,129.3
2007/08/01,127.3,134.5,126.5,132.9
2007/08/02,133.7,134.1,123.7,125.3
2007/08/03,128.1,128.1,120.1,122.1
2007/08/06,118.5,120.1,114.4,119.3
2007/08/07,122.5,123.3,119.3,120.9
2007/08/08,123.3,123.3,120.1,122.9
2007/08/09,124.1,130.9,124.1,127.7
2007/08/10,122.5,127.3,122.5,122.5
2007/08/13,124.9,124.9,120.9,121.3
2007/08/14,120.9,122.5,117.6,118.1
2007/08/15,116.0,116.0,110.0,110.0
2007/08/16,104.0,107.2,102.4,102.4
2007/08/17,102.8,104.8,95.6,100.0
2007/08/20,105.6,106.8,104.4,106.8
2007/08/21,109.6,109.6,102.4,104.8
2007/08/22,104.0,104.0,97.6,97.6
2007/08/23,99.6,104.4,99.6,104.4
2007/08/24,105.6,110.4,104.0,107.2
2007/08/27,108.4,108.4,104.4,104.8
2007/08/28,104.8,106.6,103.9,104.8
2007/08/29,97.8,101.3,97.8,98.7
2007/08/30,102.2,105.3,100.9,103.1
2007/08/31,102.2,105.3,101.3,103.9
2007/09/03,105.7,105.7,104.4,105.7
2007/09/04,107.9,111.4,107.5,111.4
2007/09/05,111.4,111.4,105.3,105.7
2007/09/06,104.8,109.2,104.8,107.5
2007/09/07,107.5,115.0,107.5,110.6
2007/09/10,109.2,112.3,106.6,111.9
2007/09/11,114.5,118.0,112.8,116.7
2007/09/12,116.7,117.2,112.8,113.2
2007/09/13,114.5,114.5,109.2,111.0
2007/09/14,111.0,111.0,107.9,108.4
2007/09/17,108.4,110.1,103.9,104.8
2007/09/19,105.7,107.5,101.3,102.2
2007/09/20,102.2,103.9,98.7,100.4
2007/09/21,100.4,102.2,98.7,100.4
2007/09/26,102.6,107.0,102.2,107.0
2007/09/27,109.2,112.8,108.4,108.8
2007/09/28,108.8,110.1,106.6,109.7
2007/10/01,113.2,116.3,110.6,112.3
2007/10/02,114.5,114.5,106.6,106.6
2007/10/03,107.0,107.9,103.9,104.8
2007/10/04,104.4,106.6,103.9,104.8
2007/10/05,105.7,108.4,104.8,104.8
2007/10/08,105.7,105.7,97.8,100.4
2007/10/09,100.4,102.6,100.4,101.7
2007/10/11,101.3,102.6,100.9,102.2
2007/10/12,102.2,102.6,100.0,100.4
2007/10/15,101.3,101.7,100.9,101.3
2007/10/16,100.9,101.3,99.1,99.1
2007/10/17,99.1,100.9,98.2,98.2
2007/10/18,98.7,100.9,98.7,100.9
2007/10/19,101.3,101.3,100.4,101.3
2007/10/22,96.5,99.1,96.5,98.7
2007/10/23,99.5,100.4,97.8,97.8
2007/10/24,98.7,99.5,93.4,93.8
2007/10/25,94.7,95.1,90.3,92.1
2007/10/26,92.1,96.9,92.1,96.0
2007/10/29,98.7,102.6,98.7,100.4
2007/10/30,99.5,100.0,93.8,93.8
2007/10/31,94.3,96.5,92.5,94.3
2007/11/01,96.0,96.5,91.6,94.3
2007/11/02,92.1,93.4,89.9,91.2
2007/11/05,91.6,95.1,91.2,94.3
2007/11/06,94.7,98.7,94.7,97.8
2007/11/07,99.5,99.5,97.8,98.2
2007/11/08,96.0,96.0,92.1,93.8
2007/11/09,93.8,96.9,91.6,93.8
2007/11/12,87.3,90.7,87.3,88.1
2007/11/13,88.1,89.0,83.7,87.2
2007/11/14,90.3,90.3,87.7,88.5
2007/11/15,88.5,89.0,87.2,87.6
2007/11/16,84.6,89.0,84.6,88.1
2007/11/19,88.1,89.4,86.9,88.0
2007/11/20,87.2,87.9,85.1,86.8
2007/11/21,86.8,90.3,86.8,88.1
2007/11/22,88.1,91.2,88.1,89.0
2007/11/23,89.4,90.7,88.1,88.1
2007/11/26,90.3,90.3,87.2,87.2
2007/11/27,85.9,92.9,85.4,89.9
2007/11/28,91.2,91.6,89.9,90.3
2007/11/29,92.5,96.5,91.6,93.8
2007/11/30,95.1,98.2,94.3,97.8
2007/12/03,98.2,98.2,98.2,98.2
2007/12/04,97.3,98.7,96.9,97.8
2007/12/05,96.9,100.4,96.9,99.5
2007/12/06,101.3,101.3,96.0,96.0
2007/12/07,96.9,98.7,96.5,96.9
2007/12/10,96.9,97.8,94.7,96.0
2007/12/11,96.5,96.5,93.4,93.4
2007/12/12,92.5,96.9,87.9,96.9
2007/12/13,96.0,96.9,91.2,93.4
2007/12/14,92.5,92.5,86.9,88.1
2007/12/17,85.4,86.9,81.9,81.9
2007/12/18,80.9,82.3,76.3,81.9
2007/12/19,82.7,86.3,82.4,86.3
2007/12/20,86.3,86.3,82.8,83.4
2007/12/21,83.7,84.0,80.6,81.8
2007/12/24,82.2,86.0,82.2,85.2
2007/12/25,85.9,85.9,83.2,83.9
2007/12/26,86.8,86.8,82.8,83.9
2007/12/27,83.8,85.8,83.8,84.4
2007/12/28,84.4,87.2,84.4,87.2
2007/12/31,88.1,89.9,87.8,89.9
2008/01/02,89.0,90.7,87.2,87.2
2008/01/03,84.9,85.8,84.6,85.4
2008/01/04,85.4,85.6,83.9,84.4
2008/01/07,81.1,81.1,78.6,78.8
2008/01/08,76.6,78.9,74.9,74.9
2008/01/09,73.1,77.5,72.2,77.5
2008/01/10,78.2,79.3,76.1,77.3
2008/01/11,77.5,78.0,75.8,76.0
2008/01/14,76.6,78.4,72.8,72.8
2008/01/15,70.5,71.3,67.7,68.7
2008/01/16,65.2,66.1,64.0,64.0
2008/01/17,64.3,65.5,59.5,61.4
2008/01/18,60.0,62.5,59.3,62.5
2008/01/21,62.5,63.4,61.9,61.9
2008/01/22,59.0,59.5,57.6,57.6
2008/01/23,58.1,59.0,53.6,53.7
2008/01/24,54.6,55.9,50.0,53.6
2008/01/25,53.1,57.1,53.1,56.6
2008/01/28,55.9,55.9,53.7,54.2
2008/01/29,54.3,56.8,54.3,56.4
2008/01/30,57.3,59.4,56.6,58.1
2008/01/31,59.2,62.1,58.1,60.3
2008/02/01,61.9,61.9,60.3,61.7
2008/02/12,60.1,60.4,58.1,59.9
2008/02/13,61.0,62.5,59.9,60.7
2008/02/14,61.7,63.4,61.7,63.2
2008/02/15,62.8,64.0,61.7,62.8
2008/02/18,63.4,65.0,62.3,63.8
2008/02/19,64.8,64.8,63.2,63.7
2008/02/20,63.7,66.8,63.7,64.1
2008/02/21,66.1,68.5,64.8,68.5
2008/02/22,67.4,67.8,66.1,67.8
2008/02/25,69.0,69.1,67.2,67.4
2008/02/26,68.9,68.9,66.1,66.9
2008/02/27,66.9,68.3,66.9,67.6
2008/02/29,66.6,68.2,66.1,67.8
2008/03/03,64.8,66.5,64.8,66.1
2008/03/04,66.1,68.1,66.1,67.4
2008/03/05,67.4,68.3,66.9,67.4
2008/03/06,68.0,69.6,67.5,68.9
2008/03/07,68.9,72.5,68.9,71.4
2008/03/10,71.3,71.3,69.7,70.0
2008/03/11,68.4,70.5,68.4,68.8
2008/03/12,72.2,72.2,67.8,67.8
2008/03/13,67.6,68.9,66.2,66.2
2008/03/14,66.2,67.4,65.6,65.6
2008/03/17,65.2,65.2,63.4,64.7
2008/03/18,61.7,66.9,61.7,66.1
2008/03/19,66.5,69.5,66.5,68.6
2008/03/20,68.7,69.9,67.8,68.7
2008/03/21,69.7,70.0,69.1,69.2
2008/03/24,70.9,71.4,68.4,69.6
2008/03/25,70.0,70.4,68.7,69.1
2008/03/26,68.3,70.5,68.3,68.7
2008/03/27,68.8,69.2,68.4,68.4
2008/03/28,68.7,69.5,68.3,68.4
2008/03/31,68.4,69.0,67.8,67.8
2008/04/01,67.8,69.0,67.8,67.8
2008/04/02,68.3,70.0,68.3,69.7
2008/04/03,69.9,74.5,69.9,74.5
2008/04/07,76.9,79.7,76.3,79.7
2008/04/08,79.1,80.6,77.5,77.8
2008/04/09,77.9,81.5,77.9,79.7
2008/04/10,79.7,83.2,79.7,82.4
2008/04/11,82.4,83.7,79.7,80.5
2008/04/14,78.4,79.6,76.2,77.5
2008/04/15,77.5,79.5,76.8,77.7
2008/04/16,78.2,78.9,77.8,78.1
2008/04/17,79.4,82.8,78.8,81.7
2008/04/18,84.0,84.6,81.5,81.9
2008/04/21,82.8,83.6,79.7,80.0
2008/04/22,79.7,80.9,78.5,80.2
2008/04/23,81.3,83.2,80.3,81.9
2008/04/24,82.8,85.2,81.9,81.9
2008/04/25,82.4,83.1,79.8,80.6
2008/04/28,80.6,81.2,79.4,80.0
2008/04/29,79.3,81.4,79.3,80.4
2008/04/30,79.8,79.8,74.9,76.6
2008/05/02,76.6,77.3,75.5,76.4
2008/05/05,75.0,79.9,74.9,78.3
2008/05/06,79.3,81.8,78.5,81.4
2008/05/07,82.8,84.6,82.1,82.6
2008/05/08,84.6,84.6,84.6,84.6
2008/05/09,85.5,89.4,85.5,86.9
2008/05/12,85.9,85.9,85.9,85.9
2008/05/13,86.3,87.8,86.3,86.7
2008/05/14,87.2,91.6,86.8,90.3
2008/05/15,91.6,91.6,88.0,89.9
2008/05/16,90.7,91.2,89.4,89.4
2008/05/19,89.9,93.4,88.1,93.4
2008/05/20,92.5,92.9,89.4,89.4
2008/05/21,86.4,90.3,86.4,87.2
2008/05/22,85.4,89.0,85.4,88.1
2008/05/23,88.1,89.9,86.8,87.7
2008/05/26,86.9,86.9,81.7,81.9
2008/05/27,81.9,83.5,81.1,82.6
2008/05/28,82.6,82.8,78.7,79.3
2008/05/29,79.3,81.9,79.1,81.9
2008/05/30,82.8,82.8,79.8,82.2
2008/06/02,83.8,87.9,83.4,87.9
2008/06/03,86.4,86.7,84.8,85.3
2008/06/04,85.3,85.4,82.6,82.6
2008/06/05,82.4,85.0,81.1,84.7
2008/06/06,85.4,85.4,83.7,84.7
2008/06/09,81.6,83.5,81.6,82.8
2008/06/10,83.7,84.6,81.1,81.1
2008/06/11,81.9,81.9,79.8,80.3
2008/06/12,75.8,79.3,75.8,76.6
2008/06/13,76.8,78.0,75.0,75.9
2008/06/16,77.9,77.9,74.4,74.9
2008/06/17,74.9,75.7,72.7,75.7
2008/06/18,74.9,76.6,74.4,76.1
2008/06/19,74.4,76.1,74.4,75.3
2008/06/20,77.3,77.3,74.4,74.4
2008/06/23,73.1,75.3,72.3,75.3
2008/06/24,75.1,75.8,73.4,73.4
2008/06/25,72.8,73.8,72.7,73.8
2008/06/26,74.0,75.1,72.2,72.2
2008/06/27,67.2,67.4,67.2,67.2
2008/06/30,67.2,67.6,62.6,62.6
2008/07/01,66.9,66.9,61.7,62.1
2008/07/02,62.5,65.2,62.5,63.9
2008/07/03,62.9,67.4,61.7,66.2
2008/07/04,66.5,68.7,64.4,64.4
2008/07/07,64.7,67.8,64.7,66.8
2008/07/08,66.8,69.2,66.5,67.1
2008/07/09,68.3,69.3,67.8,68.3
2008/07/10,67.4,68.3,65.6,65.6
2008/07/11,67.4,68.3,66.2,68.3
2008/07/14,68.7,69.7,68.3,68.7
2008/07/15,69.4,69.4,67.0,67.8
2008/07/16,67.9,68.5,64.3,65.3
2008/07/17,66.8,67.8,65.3,66.2
2008/07/18,67.4,67.4,61.6,63.4
2008/07/21,63.2,65.6,63.2,65.6
2008/07/22,64.7,66.3,64.3,65.6
2008/07/23,66.4,69.5,66.4,69.3
2008/07/24,69.6,69.6,67.8,68.5
2008/07/25,67.8,67.8,66.9,67.4
2008/07/29,67.1,67.1,65.4,66.2
2008/07/30,67.8,69.6,67.0,67.9
2008/07/31,68.8,69.1,66.1,66.4
2008/08/01,66.1,66.9,65.2,66.9
2008/08/04,66.5,67.7,65.7,65.7
2008/08/05,65.7,65.8,61.5,62.1
2008/08/06,63.4,64.7,63.2,64.7
2008/08/07,65.5,66.5,65.0,66.2
2008/08/08,66.2,69.0,65.2,68.3
2008/08/11,69.6,71.8,69.2,70.2
2008/08/12,70.5,70.6,68.7,69.2
2008/08/13,69.2,71.4,68.7,71.4
2008/08/14,70.9,74.9,70.9,73.3
2008/08/15,74.4,74.4,71.4,72.2
2008/08/18,68.9,68.9,64.4,65.3
2008/08/19,64.1,66.3,63.1,66.1
2008/08/20,65.5,66.5,65.0,66.5
2008/08/21,67.5,67.5,65.2,65.9
2008/08/22,65.3,66.2,64.1,65.0
2008/08/25,65.9,66.0,62.1,63.1
2008/08/26,61.6,61.6,58.7,58.7
2008/08/27,57.8,60.1,57.3,59.9
2008/08/28,59.9,60.7,59.0,59.0
2008/08/29,59.5,60.5,58.3,58.3
2008/09/01,57.3,58.0,55.5,55.5
2008/09/02,55.5,55.5,52.9,53.1
2008/09/03,52.9,53.1,49.4,49.4
2008/09/04,48.2,48.5,46.1,46.2
2008/09/05,44.7,45.6,43.9,45.6
2008/09/08,46.6,48.7,46.3,48.7
2008/09/09,48.5,48.5,45.3,45.3
2008/09/10,44.7,46.1,43.7,44.2
2008/09/11,44.7,46.5,44.5,44.7
2008/09/15,44.2,44.2,42.4,42.4
2008/09/16,39.4,39.5,39.4,39.4
2008/09/17,39.8,41.2,36.7,36.9
2008/09/18,34.3,35.7,34.3,34.4
2008/09/19,36.4,36.7,35.9,36.7
2008/09/22,39.3,39.3,38.8,39.3
2008/09/23,39.3,42.0,39.3,42.0
2008/09/24,42.0,43.7,41.0,42.0
2008/09/25,41.3,41.9,40.8,40.9
2008/09/26,41.8,41.8,39.6,39.9
2008/09/30,37.1,38.8,37.1,38.2
2008/10/01,39.8,40.3,38.5,39.1
2008/10/02,37.9,39.6,37.9,38.9
2008/10/03,38.8,40.4,37.3,40.4
2008/10/06,38.3,39.3,38.0,38.2
2008/10/07,36.7,38.6,36.7,37.7
2008/10/08,37.1,38.4,35.0,35.0
2008/10/09,35.0,36.0,32.9,32.9
2008/10/13,31.8,32.0,31.8,31.8
2008/10/14,34.0,34.0,34.0,34.0
2008/10/15,33.8,33.8,32.8,33.1
2008/10/16,32.0,32.0,32.0,32.0
2008/10/17,32.0,34.2,32.0,32.3
2008/10/20,32.0,33.1,31.2,33.1
2008/10/21,34.8,34.8,33.3,33.4
2008/10/22,32.7,34.0,32.6,33.0
2008/10/23,31.8,32.2,31.8,31.8
2008/10/24,31.0,31.0,30.8,30.8
2008/10/27,28.6,29.2,28.6,28.6
2008/10/28,26.7,29.0,26.7,29.0
2008/10/29,30.9,30.9,27.0,27.0
2008/10/30,27.2,28.9,27.2,28.9
2008/10/31,28.7,30.0,28.2,28.9
2008/11/03,28.9,29.9,28.7,29.5
2008/11/04,29.4,29.4,28.2,28.9
2008/11/05,29.2,30.1,28.2,29.1
2008/11/06,27.2,27.2,27.1,27.1
2008/11/07,25.2,26.2,25.2,25.6
2008/11/10,25.2,26.0,23.9,25.2
2008/11/11,24.9,24.9,23.8,24.3
2008/11/12,24.0,25.0,24.0,24.2
2008/11/13,22.6,22.6,22.6,22.6
2008/11/14,23.3,23.3,21.0,21.1
2008/11/17,19.6,20.1,19.6,19.6
2008/11/18,18.3,18.4,18.3,18.3
2008/11/19,17.0,18.6,17.0,18.3
2008/11/20,17.0,17.8,17.0,17.2
2008/11/21,16.0,16.9,16.0,16.7
2008/11/24,16.7,17.3,16.5,16.6
2008/11/25,17.3,17.7,16.9,17.7
2008/11/26,17.7,18.4,17.4,18.3
2008/11/27,19.3,19.5,18.9,19.5
2008/11/28,19.5,20.8,18.9,20.4
2008/12/01,20.4,21.8,20.4,21.6
2008/12/02,20.0,20.1,20.0,20.0
2008/12/03,19.8,20.1,19.1,19.1
2008/12/04,19.3,20.1,19.1,19.7
2008/12/05,19.9,19.9,18.7,18.7
2008/12/08,19.4,20.0,19.0,19.9
2008/12/09,20.6,20.8,19.8,19.9
2008/12/10,19.9,21.3,19.9,21.3
2008/12/11,21.4,22.1,20.7,21.1
2008/12/12,20.4,21.5,20.2,20.4
2008/12/15,21.8,21.8,21.1,21.3
2008/12/16,21.3,21.3,20.4,20.7
2008/12/17,21.0,22.1,21.0,22.1
2008/12/18,22.4,22.7,21.6,21.7
2008/12/19,21.4,21.9,21.4,21.6
2008/12/22,21.7,23.1,21.7,21.9
2008/12/23,21.9,21.9,20.4,20.4
2008/12/24,20.0,20.4,19.4,20.1
2008/12/25,20.4,20.7,20.0,20.1
2008/12/26,20.1,20.5,19.9,19.9
2008/12/29,19.9,19.9,19.7,19.8
2008/12/30,20.0,20.8,20.0,20.4
2008/12/31,20.9,21.0,20.0,20.9
2009/01/05,21.4,22.2,21.4,21.6
2009/01/06,21.4,22.0,21.4,21.9
2009/01/07,22.5,23.1,22.1,22.8
2009/01/08,22.0,22.1,21.2,21.2
2009/01/09,21.2,21.2,20.5,20.7
2009/01/12,20.1,20.6,19.9,20.0
2009/01/13,20.2,20.3,19.4,20.1
2009/01/14,20.6,20.7,20.0,20.2
2009/01/15,19.6,20.0,19.4,19.4
2009/01/16,19.4,19.9,19.4,19.6
2009/01/19,19.5,19.9,19.4,19.7
2009/01/20,19.2,19.7,19.2,19.3
2009/01/21,19.3,19.6,19.3,19.3
2009/02/02,19.3,19.8,19.2,19.5
2009/02/03,19.6,20.6,19.6,20.2
2009/02/04,20.2,21.6,20.2,21.6
2009/02/05,21.3,21.5,20.5,21.5
2009/02/06,21.7,22.9,21.7,22.2
2009/02/09,22.4,22.5,21.7,22.3
2009/02/10,22.3,23.8,22.0,23.8
2009/02/11,23.5,25.2,23.3,25.0
2009/02/12,25.2,26.2,23.7,24.3
2009/02/13,24.4,26.0,24.3,25.4
2009/02/16,25.4,25.4,24.5,25.1
2009/02/17,24.9,25.1,23.4,23.4
2009/02/18,23.0,23.8,22.9,23.3
2009/02/19,23.2,24.6,22.7,23.9
2009/02/20,23.8,24.8,23.4,23.5
2009/02/23,23.7,23.7,22.9,23.3
2009/02/24,23.1,24.5,22.9,24.5
2009/02/25,25.4,25.4,24.3,24.5
2009/02/26,24.5,25.0,23.9,24.0
2009/02/27,24.3,25.2,24.3,25.0
2009/03/02,24.8,25.0,23.9,24.1
2009/03/03,23.8,24.8,23.4,24.3
2009/03/04,24.7,25.6,24.4,25.2
2009/03/05,25.7,26.0,25.2,25.4
2009/03/06,24.8,25.7,24.8,25.2
2009/03/09,25.4,25.5,24.4,24.9
2009/03/10,24.9,25.6,24.7,25.3
2009/03/11,25.7,26.3,25.2,25.2
2009/03/12,25.5,27.0,25.3,27.0
2009/03/13,28.4,28.8,27.9,28.8
2009/03/16,29.1,30.0,28.3,28.8
2009/03/17,28.8,29.3,28.3,29.2
2009/03/18,29.4,29.8,28.6,28.6
2009/03/19,29.0,29.3,27.9,27.9
2009/03/20,27.2,27.8,27.0,27.1
2009/03/23,27.1,28.2,27.1,28.1
2009/03/24,28.3,28.9,28.1,28.1
2009/03/25,28.2,29.4,28.2,28.5
2009/03/26,29.4,29.7,28.7,29.5
2009/03/27,30.1,30.9,29.7,29.7
2009/03/30,29.5,29.7,27.7,27.7
2009/03/31,27.7,28.2,27.4,27.7
2009/04/01,27.7,28.9,27.7,28.9
2009/04/02,29.6,29.6,28.6,28.7
2009/04/03,29.1,29.9,28.7,29.2
2009/04/06,29.4,31.3,29.4,31.0
2009/04/07,31.0,31.5,30.6,31.4
2009/04/08,30.6,31.4,29.7,30.4
2009/04/09,30.7,32.0,30.7,31.1
2009/04/10,31.6,32.5,31.6,32.1
2009/04/13,32.3,32.5,31.7,32.2
2009/04/14,32.4,34.5,31.9,34.5
2009/04/15,35.0,36.4,34.5,36.4
2009/04/16,37.3,37.8,35.9,37.5
2009/04/17,37.9,39.7,34.9,34.9
2009/04/20,34.9,35.4,32.7,35.1
2009/04/21,34.5,36.4,34.2,36.0
2009/04/22,36.3,37.6,36.2,37.2
2009/04/23,37.2,37.9,36.4,36.5
2009/04/24,36.6,37.4,36.3,37.0
2009/04/27,37.0,37.4,34.4,34.4
2009/04/28,34.0,34.4,32.5,32.8
2009/04/29,32.5,32.8,31.1,31.7
2009/04/30,33.6,33.9,32.7,33.9
2009/05/04,34.5,35.0,33.9,34.0
2009/05/05,34.0,34.5,31.6,31.7
2009/05/06,31.1,32.8,30.9,32.3
2009/05/07,32.3,32.8,31.8,32.8
2009/05/08,32.8,33.5,32.5,33.5
2009/05/11,34.3,35.9,34.0,35.0
2009/05/12,34.1,35.4,33.5,33.6
2009/05/13,33.6,34.5,33.5,33.7
2009/05/14,34.5,34.5,33.2,33.7
2009/05/15,35.0,36.0,35.0,36.0
2009/05/18,36.9,38.0,36.3,36.7
2009/05/19,37.8,39.2,37.4,39.2
2009/05/20,41.7,41.9,41.7,41.9
2009/05/21,44.9,44.9,42.7,44.9
2009/05/22,44.9,48.0,44.9,46.0
2009/05/25,45.7,47.0,44.2,44.3
2009/05/26,44.7,47.3,44.1,44.1
2009/05/27,44.7,45.6,42.9,44.2
2009/06/01,44.1,44.3,41.1,41.1
2009/06/02,41.2,41.9,38.5,38.5
2009/06/03,38.5,41.0,38.0,40.6
2009/06/04,40.8,42.5,40.6,41.4
2009/06/05,42.2,42.2,41.3,41.4
2009/06/08,41.9,41.9,38.3,38.4
2009/06/09,38.4,38.6,35.7,36.0
2009/06/10,36.0,37.4,36.0,36.5
2009/06/11,36.9,37.9,36.6,37.9
2009/06/12,37.9,38.8,36.0,37.5
2009/06/15,37.0,37.2,34.9,34.9
2009/06/16,33.5,35.4,33.5,35.4
2009/06/17,35.4,36.4,34.7,34.7
2009/06/18,34.7,35.9,32.3,32.9
2009/06/19,32.8,33.7,32.8,33.4
2009/06/22,34.0,35.3,33.2,35.3
2009/06/23,35.0,35.3,34.0,34.7
2009/06/24,35.0,35.8,34.9,35.3
2009/06/25,35.7,36.2,35.4,36.0
2009/06/26,36.3,37.4,35.5,36.6
2009/06/29,36.6,36.6,35.0,35.0
2009/06/30,35.9,36.2,35.2,36.1
2009/07/01,36.1,37.2,36.1,37.1
2009/07/02,37.2,38.6,37.1,37.7
2009/07/03,37.7,37.9,37.2,37.4
2009/07/06,37.5,38.8,37.0,37.8
2009/07/07,38.3,38.5,37.5,37.7
2009/07/08,37.7,37.9,36.9,37.0
2009/07/09,37.4,37.9,37.1,37.5
2009/07/10,37.7,39.3,37.7,39.3
2009/07/13,37.9,38.3,36.6,36.6
2009/07/14,36.6,36.9,36.0,36.3
2009/07/15,36.5,38.1,36.5,36.9
2009/07/16,37.9,38.1,35.0,35.1
2009/07/17,35.1,36.2,35.1,36.1
2009/07/20,36.2,38.2,36.2,37.9
2009/07/21,38.3,38.5,37.4,37.6
2009/07/22,38.2,38.3,37.6,37.7
2009/07/23,37.0,37.8,37.0,37.0
2009/07/24,37.8,37.8,36.2,36.2
2009/07/27,38.7,38.7,36.2,38.7
2009/07/28,39.5,41.4,39.5,40.1
2009/07/29,41.4,41.4,38.8,38.8
2009/07/30,39.1,40.0,38.1,39.6
2009/07/31,40.5,40.7,38.6,38.7
2009/08/03,38.8,40.0,38.4,39.0
2009/08/04,39.7,39.7,37.8,37.9
2009/08/05,38.0,38.4,35.6,36.3
2009/08/06,35.5,36.1,34.1,35.2
2009/08/10,35.0,35.0,34.2,34.9
2009/08/11,34.4,36.0,34.4,35.6
2009/08/12,35.6,36.4,35.4,35.8
2009/08/13,36.8,36.8,36.2,36.7
2009/08/14,36.9,37.9,36.4,36.8
2009/08/17,36.8,36.8,35.0,35.1
2009/08/18,34.5,35.1,32.8,33.0
2009/08/19,33.0,33.7,32.9,33.7
2009/08/20,33.3,33.3,31.5,32.5
2009/08/21,32.7,33.8,32.6,32.6
2009/08/24,34.0,34.0,33.2,33.6
2009/08/25,33.6,34.1,33.1,33.3
2009/08/26,33.3,33.3,31.5,32.1
2009/08/27,32.1,32.8,31.6,32.1
2009/08/28,32.7,32.7,32.5,32.6
2009/08/31,32.3,32.9,32.2,32.5
2009/09/01,32.5,34.4,32.5,34.3
2009/09/02,33.5,34.2,33.5,33.7
2009/09/03,33.8,35.6,33.2,34.7
2009/09/04,34.7,35.5,34.7,35.0
2009/09/07,35.8,35.9,35.0,35.2
2009/09/08,35.2,35.2,33.8,33.9
2009/09/09,34.0,34.3,33.2,33.5
2009/09/10,33.8,34.4,33.5,33.7
2009/09/11,33.8,34.0,33.5,33.8
2009/09/14,34.0,34.0,33.3,33.6
2009/09/15,33.8,34.2,33.6,34.2
2009/09/16,34.3,36.5,34.2,36.5
2009/09/17,37.3,39.0,37.3,38.5
2009/09/18,38.8,39.9,37.5,39.4
2009/09/21,39.4,39.7,37.6,39.4
2009/09/22,39.5,39.6,38.5,38.5
2009/09/23,39.0,39.2,36.8,37.3
2009/09/24,37.2,37.3,36.1,36.2
2009/09/25,36.2,36.5,35.5,35.7
2009/09/28,35.7,36.8,35.7,36.7
2009/09/29,36.8,38.5,36.8,37.2
2009/09/30,37.4,38.3,37.1,37.8
2009/10/01,37.9,39.5,37.9,39.5
2009/10/02,38.8,41.3,38.8,39.5
2009/10/05,39.7,41.0,38.5,41.0
2009/10/06,41.3,42.2,40.9,41.0
2009/10/07,41.5,43.8,41.5,43.8
2009/10/08,44.2,45.5,42.0,42.0
2009/10/09,42.8,43.0,41.8,42.7
2009/10/12,43.0,43.8,41.8,43.0
2009/10/13,42.5,44.8,42.2,43.0
2009/10/14,43.5,44.0,42.9,43.3
2009/10/15,43.5,43.8,42.0,42.0
2009/10/16,42.0,42.8,41.8,42.0
2009/10/19,41.8,43.5,41.7,42.6
2009/10/20,43.0,44.3,42.8,43.8
2009/10/21,44.1,44.9,43.3,43.8
2009/10/22,43.9,44.2,42.5,42.7
2009/10/23,42.0,44.0,42.0,42.8
2009/10/26,42.8,44.9,42.8,43.8
2009/10/27,43.5,44.0,43.0,43.5
2009/10/28,43.2,43.9,42.5,42.5
2009/10/29,41.5,41.6,39.6,40.2
2009/10/30,40.5,40.9,39.5,39.5
2009/11/02,38.5,39.4,38.0,38.5
2009/11/03,39.2,39.8,38.5,38.5
2009/11/04,39.2,41.1,38.9,41.1
2009/11/05,42.0,43.9,41.5,43.0
2009/11/06,44.5,46.0,43.6,45.5
2009/11/09,45.8,48.7,45.7,48.7
2009/11/10,48.7,49.8,47.3,48.5
2009/11/11,49.0,51.8,48.0,51.8
2009/11/12,52.6,53.9,51.5,52.3
2009/11/13,52.1,54.3,51.7,54.3
2009/11/16,54.3,58.1,54.3,58.0
2009/11/17,58.1,59.3,57.1,58.1
2009/11/18,58.9,62.1,58.6,62.1
2009/11/19,63.8,66.4,63.4,63.7
2009/11/20,63.0,68.0,62.1,66.8
2009/11/23,68.9,68.9,66.2,66.8
2009/11/24,66.8,71.4,66.8,71.4
2009/11/25,71.0,74.7,69.6,73.7
2009/11/26,74.7,77.0,74.6,75.0
2009/11/27,73.6,73.9,69.8,69.8
2009/11/30,70.0,71.9,69.8,71.0
2009/12/01,71.5,74.5,71.0,71.0
2009/12/02,71.5,72.8,70.4,72.0
2009/12/03,72.5,73.4,70.8,70.8
2009/12/04,70.8,71.4,67.9,70.1
2009/12/07,70.2,75.0,70.2,75.0
2009/12/08,78.0,80.2,78.0,80.2
2009/12/09,83.0,85.8,81.5,84.0
2009/12/10,83.6,87.0,83.1,84.2
2009/12/11,84.7,88.0,84.0,84.4
2009/12/14,84.4,85.0,82.0,83.6
2009/12/15,84.0,84.4,82.5,83.0
2009/12/16,82.8,88.8,82.1,88.0
2009/12/17,90.3,91.5,86.2,87.0
2009/12/18,86.8,87.7,85.4,86.4
2009/12/21,86.0,86.0,83.5,84.1
2009/12/22,84.4,88.8,84.4,87.2
2009/12/23,87.2,89.3,86.6,86.8
2009/12/24,88.0,89.7,86.0,87.9
2009/12/25,88.7,88.8,87.0,87.5
2009/12/28,88.0,88.0,84.1,85.2
2009/12/29,86.1,86.1,84.2,84.2
2009/12/30,84.6,86.8,84.2,85.0
2009/12/31,86.8,86.8,84.7,86.0
2010/01/04,86.3,92.0,86.3,92.0
2010/01/05,93.2,94.3,88.0,88.0
2010/01/06,87.8,90.5,87.3,90.3
2010/01/07,93.0,96.6,92.2,96.6
2010/01/08,96.6,96.6,89.9,91.5
2010/01/11,88.5,97.0,88.5,94.9
2010/01/12,95.2,98.0,94.0,97.3
2010/01/13,97.3,103.5,96.7,98.6
2010/01/14,103.0,105.5,102.5,105.5
2010/01/15,105.5,112.5,104.5,112.5
2010/01/18,118.0,120.0,116.0,120.0
2010/01/19,128.0,128.0,115.0,119.0
2010/01/20,120.0,120.0,111.0,116.0
2010/01/21,115.0,119.0,115.0,117.0
2010/01/22,114.0,114.0,109.0,109.0
2010/01/25,105.5,110.5,101.5,105.5
2010/01/26,106.0,109.0,98.2,98.2
2010/01/27,95.6,98.0,91.4,91.4
2010/01/28,92.6,95.5,88.0,93.5
2010/01/29,90.1,100.0,87.0,100.0
2010/02/01,100.0,100.0,95.3,95.5
2010/02/02,96.5,97.6,88.9,93.8
2010/02/03,95.8,96.0,91.0,93.0
2010/02/04,93.0,98.9,92.8,97.0
2010/02/05,93.0,96.5,92.2,94.1
2010/02/08,94.8,98.0,93.7,95.1
2010/02/09,95.1,101.5,95.0,101.5
2010/02/10,107.0,108.5,106.0,108.5
2010/02/22,111.0,113.0,104.0,104.0
2010/02/23,104.0,111.0,104.0,111.0
2010/02/24,109.0,117.0,109.0,114.0
2010/02/25,115.5,118.0,112.5,114.0
2010/02/26,115.5,118.5,114.0,117.0
2010/03/01,117.5,119.5,116.0,116.0
2010/03/02,118.0,123.5,115.0,120.5
2010/03/03,121.0,122.0,118.0,121.0
2010/03/04,120.5,121.0,113.0,113.0
2010/03/05,111.5,114.5,109.5,112.0
2010/03/08,112.0,119.0,111.5,115.0
2010/03/09,116.5,118.5,115.0,115.0
2010/03/10,116.0,116.5,112.0,113.5
2010/03/11,114.5,115.5,112.0,112.0
2010/03/12,112.0,117.0,112.0,114.0
2010/03/15,114.0,115.0,112.0,112.0
2010/03/16,113.5,117.0,112.0,115.5
2010/03/17,117.0,117.5,114.0,115.5
2010/03/18,116.5,123.5,115.5,123.5
2010/03/19,125.5,126.0,121.5,121.5
2010/03/22,121.0,129.0,118.5,128.0
2010/03/23,129.5,134.0,121.0,123.0
2010/03/24,125.0,126.5,121.0,122.0
2010/03/25,122.0,123.5,120.0,120.5
2010/03/26,121.0,123.0,118.5,120.0
2010/03/29,120.5,120.5,113.5,115.0
2010/03/30,115.5,115.5,110.0,113.0
2010/03/31,113.5,117.0,113.0,113.5
2010/04/01,114.5,115.5,113.0,114.5
2010/04/02,115.0,122.0,114.5,120.0
2010/04/06,123.5,123.5,116.0,116.0
2010/04/07,117.0,119.0,116.0,117.0
2010/04/08,118.0,119.5,115.0,115.5
2010/04/09,116.0,116.0,107.5,108.0
2010/04/12,108.5,108.5,100.5,104.0
2010/04/13,102.0,106.5,102.0,103.5
2010/04/14,105.0,109.0,104.0,109.0
2010/04/15,110.0,110.5,105.0,106.0
2010/04/16,106.0,107.5,104.5,104.5
2010/04/19,101.0,103.0,97.2,97.2
2010/04/20,97.3,99.0,90.7,98.0
2010/04/21,98.8,103.5,98.5,101.0
2010/04/22,101.0,102.5,99.3,99.7
2010/04/23,100.0,103.0,99.8,101.5
2010/04/26,103.0,108.5,102.5,108.5
2010/04/27,108.5,110.0,107.0,109.5
2010/04/28,104.0,110.5,104.0,110.5
2010/04/29,111.0,116.0,110.5,110.5
2010/04/30,112.0,118.0,111.5,113.5
2010/05/03,113.5,115.5,107.5,109.5
2010/05/04,111.5,117.0,109.5,117.0
2010/05/05,117.0,121.0,113.5,119.0
2010/05/06,119.0,119.5,113.5,118.0
2010/05/07,116.0,118.0,111.0,118.0
2010/05/10,118.0,124.5,117.0,123.0
2010/05/11,124.0,129.0,122.0,124.0
2010/05/12,126.0,127.0,122.5,123.0
2010/05/13,126.0,127.0,124.0,125.0
2010/05/14,125.5,132.0,124.0,132.0
2010/05/17,131.0,132.5,126.0,131.0
2010/05/18,130.5,132.0,122.0,122.0
2010/05/19,120.0,125.0,115.0,123.5
2010/05/20,123.0,123.0,116.5,118.0
2010/05/21,111.0,114.0,110.0,110.0
2010/05/24,108.0,114.0,104.5,113.5
2010/05/25,110.5,112.0,106.0,106.0
2010/05/26,106.5,108.0,99.8,107.5
2010/05/27,107.0,114.5,106.0,113.0
2010/05/28,114.5,117.0,113.5,116.0
2010/05/31,116.0,118.0,115.0,116.5
2010/06/01,116.5,119.0,116.0,116.0
2010/06/02,114.5,117.0,112.0,112.0
2010/06/03,113.5,117.5,113.5,117.0
2010/06/04,117.0,117.0,114.5,114.5
2010/06/07,108.0,116.5,108.0,116.0
2010/06/08,116.0,119.0,115.5,116.0
2010/06/09,116.5,116.5,108.0,108.0
2010/06/10,107.0,109.0,103.5,108.0
2010/06/11,111.0,113.0,110.0,110.0
2010/06/14,111.0,113.5,111.0,112.5
2010/06/15,113.5,113.5,112.0,112.0
2010/06/17,114.0,119.5,114.0,119.5
2010/06/18,120.5,121.0,117.5,118.0
2010/06/21,119.5,122.0,118.5,122.0
2010/06/22,120.0,123.5,120.0,122.0
2010/06/23,119.5,122.0,118.0,122.0
2010/06/24,122.0,122.0,118.0,118.0
2010/06/25,118.0,119.5,115.5,117.0
2010/06/28,116.0,118.0,115.5,115.5
2010/06/29,116.5,117.5,112.0,112.0
2010/06/30,109.0,112.0,107.0,112.0
2010/07/01,112.0,114.0,111.5,114.0
2010/07/02,113.5,115.0,112.5,112.5
2010/07/05,113.0,114.5,113.0,113.0
2010/07/06,113.0,119.0,113.0,118.5
2010/07/07,119.5,120.5,117.0,117.0
2010/07/08,120.0,120.0,115.0,115.0
2010/07/09,116.0,120.5,116.0,118.5
2010/07/12,120.0,121.0,117.5,117.5
2010/07/13,118.0,119.0,115.0,115.0
2010/07/14,116.5,117.0,112.0,112.0
2010/07/15,112.5,113.5,111.0,112.0
2010/07/16,112.0,115.0,112.0,113.5
2010/07/19,113.5,113.5,110.0,111.0
2010/07/20,112.0,113.0,110.0,112.5
2010/07/21,113.5,114.0,112.0,112.0
2010/07/22,112.0,113.0,111.5,112.0
2010/07/23,113.5,119.5,113.0,119.5
2010/07/26,120.0,120.5,116.0,117.0
2010/07/27,115.5,117.5,115.0,115.0
2010/07/28,114.5,123.0,114.5,121.0
2010/07/29,120.0,120.5,117.5,117.5
2010/07/30,118.5,119.0,116.0,116.0
2010/08/02,118.0,121.0,117.0,118.5
2010/08/03,120.0,120.0,116.0,117.5
2010/08/04,117.0,118.5,116.5,117.5
2010/08/05,119.0,119.5,115.0,116.5
2010/08/06,118.5,122.0,115.0,117.0
2010/08/09,117.0,117.0,113.0,114.0
2010/08/10,114.0,115.0,112.0,112.5
2010/08/11,113.0,113.0,110.0,111.0
2010/08/12,111.0,111.0,104.0,107.5
2010/08/13,108.0,110.0,107.0,108.0
2010/08/16,108.0,108.0,100.5,102.5
2010/08/17,102.5,105.0,97.5,102.5
2010/08/18,102.0,105.5,99.7,105.0
2010/08/19,106.5,106.5,101.0,101.5
2010/08/20,101.5,103.0,101.5,102.0
2010/08/23,104.0,104.0,100.5,102.5
2010/08/24,103.5,109.0,103.5,107.0
2010/08/25,107.5,107.5,104.5,106.5
2010/08/26,108.0,110.0,103.5,103.5
2010/08/27,104.0,105.5,102.0,102.0
2010/08/30,103.0,103.5,100.0,100.0
2010/08/31,99.0,99.0,93.0,93.0
2010/09/01,92.0,93.4,89.8,90.2
2010/09/02,92.2,92.5,85.0,89.8
2010/09/03,90.0,96.0,88.6,95.9
2010/09/06,96.0,97.0,94.0,96.7
2010/09/07,96.9,98.5,95.0,96.5
2010/09/08,96.5,97.9,95.6,96.2
2010/09/09,96.5,98.1,92.6,93.0
2010/09/10,94.1,98.1,93.0,97.5
2010/09/13,97.8,98.5,96.5,97.0
2010/09/14,97.0,99.8,97.0,98.1
2010/09/15,99.4,102.0,98.5,99.0
2010/09/16,102.0,102.0,97.5,97.5
2010/09/17,98.3,98.8,96.0,96.9
2010/09/20,96.9,98.2,96.3,96.3
2010/09/21,98.0,101.0,97.0,100.0
2010/09/23,100.0,102.0,99.0,99.6
2010/09/24,99.9,99.9,97.1,97.1
2010/09/27,98.0,98.0,95.0,95.1
2010/09/28,95.1,96.8,95.1,95.5
2010/09/29,96.8,96.8,95.7,95.8
2010/09/30,96.8,99.8,96.8,97.9
2010/10/01,97.9,102.0,97.9,100.5
2010/10/04,102.0,104.5,98.5,98.6
2010/10/05,99.0,99.4,95.3,98.6
2010/10/06,100.0,100.5,98.4,99.0
2010/10/07,99.0,99.8,97.6,97.8
2010/10/08,99.0,99.8,96.8,97.3
2010/10/11,97.5,98.3,94.2,95.0
2010/10/12,95.0,95.9,94.7,94.8
2010/10/13,95.1,97.8,95.1,96.4
2010/10/14,97.8,101.0,97.3,98.8
2010/10/15,98.8,99.4,97.4,97.5
2010/10/18,98.9,98.9,96.4,97.5
2010/10/19,97.4,99.2,97.4,98.5
2010/10/20,98.0,101.0,97.5,100.0
2010/10/21,101.0,101.0,99.0,99.0
2010/10/22,99.7,99.7,98.0,98.0
2010/10/25,98.0,101.0,98.0,99.7
2010/10/26,102.0,103.5,100.0,100.0
2010/10/27,101.5,101.5,97.5,97.5
2010/10/28,98.0,98.5,95.5,97.5
2010/10/29,98.0,98.9,97.5,98.1
2010/11/01,99.9,99.9,97.6,98.5
2010/11/02,98.3,99.0,97.0,97.0
2010/11/03,97.0,97.5,95.8,96.1
2010/11/04,96.1,99.5,96.1,99.5
2010/11/05,100.0,101.0,98.0,98.2
2010/11/08,98.2,98.5,97.1,97.1
2010/11/09,97.0,97.7,96.7,97.0
2010/11/10,97.0,98.5,96.2,96.2
2010/11/11,96.9,98.4,96.6,97.8
2010/11/12,96.4,97.9,95.4,95.6
2010/11/15,95.6,96.4,95.6,95.6
2010/11/16,95.9,97.3,95.7,96.9
2010/11/17,96.5,96.7,95.8,96.0
2010/11/18,96.8,97.0,96.0,96.3
2010/11/19,97.3,97.3,95.8,96.9
2010/11/22,97.3,97.3,95.0,95.1
2010/11/23,95.0,95.8,89.9,90.5
2010/11/24,90.0,90.4,88.0,89.3
2010/11/25,90.0,90.7,85.0,87.0
2010/11/26,87.6,89.5,87.1,88.7
2010/11/29,89.3,89.4,87.5,88.5
2010/11/30,88.6,91.5,88.6,90.9
2010/12/01,91.5,91.6,90.1,91.3
2010/12/02,91.8,93.8,91.6,91.8
2010/12/03,93.7,93.8,92.6,93.8
2010/12/06,94.5,100.0,94.5,100.0
2010/12/07,103.0,105.0,100.5,103.0
2010/12/08,104.0,104.0,101.5,103.0
2010/12/09,103.0,110.0,102.0,108.0
2010/12/10,107.0,109.0,106.0,107.0
2010/12/13,108.0,109.0,103.5,103.5
2010/12/14,104.0,106.0,102.5,104.0
2010/12/15,104.0,106.5,102.5,103.5
2010/12/16,103.0,105.0,102.0,102.5
2010/12/17,103.5,106.0,102.0,102.5
2010/12/20,103.5,104.0,99.9,100.5
2010/12/21,100.5,102.0,100.0,102.0
2010/12/22,103.0,105.5,103.0,104.0
2010/12/23,105.0,106.0,103.0,103.5
2010/12/24,103.5,104.5,102.0,102.0
2010/12/27,102.0,104.5,101.5,104.5
2010/12/28,105.5,106.0,102.5,102.5
2010/12/29,103.0,104.5,100.5,101.0
2010/12/30,102.0,108.0,101.5,107.0
2010/12/31,107.0,110.0,106.0,107.0
2011/01/03,109.0,109.0,104.0,106.0
2011/01/04,107.0,107.0,104.5,104.5
2011/01/05,104.5,111.5,104.5,111.5
2011/01/06,111.5,113.5,110.0,113.0
2011/01/07,114.0,117.0,110.0,110.5
2011/01/10,111.0,118.0,109.5,116.0
2011/01/11,116.0,119.0,114.5,118.0
2011/01/12,122.0,123.0,119.0,119.0
2011/01/13,119.0,119.5,116.5,117.5
2011/01/14,118.5,125.0,117.5,122.5
2011/01/17,125.0,128.0,123.0,124.5
2011/01/18,124.5,124.5,121.0,121.5
2011/01/19,123.0,124.0,121.0,123.0
2011/01/20,123.0,123.5,117.0,120.0
2011/01/21,117.0,122.5,117.0,118.5
2011/01/24,118.5,121.0,117.5,118.0
2011/01/25,120.0,120.0,117.0,119.0
2011/01/26,119.5,122.5,119.0,121.5
2011/01/27,123.0,123.0,119.0,119.0
2011/01/28,120.0,121.0,119.0,121.0
2011/02/08,122.0,122.5,118.0,118.0
2011/02/09,118.5,119.5,114.5,115.0
2011/02/10,115.0,117.0,114.0,115.0
2011/02/11,115.0,115.5,108.5,110.5
2011/02/14,111.5,113.0,110.0,112.0
2011/02/15,112.5,114.5,108.5,113.5
2011/02/16,113.5,117.0,112.5,115.0
2011/02/17,117.0,117.0,114.0,116.0
2011/02/18,118.0,124.0,117.0,123.0
2011/02/21,124.0,130.0,121.0,128.0
2011/02/22,127.5,129.5,124.5,129.5
2011/02/23,128.0,128.5,120.5,120.5
2011/02/24,120.0,122.0,115.0,120.5
2011/02/25,121.5,123.0,118.0,118.0
2011/03/01,121.0,124.5,119.0,123.0
2011/03/02,121.5,123.0,118.0,119.0
2011/03/03,121.5,123.0,118.5,122.0
2011/03/04,123.5,124.0,120.5,120.5
2011/03/07,122.0,128.5,121.0,128.5
2011/03/08,130.0,137.0,128.5,136.0
2011/03/09,137.0,140.0,135.0,136.0
2011/03/10,139.0,141.5,136.0,138.0
2011/03/11,135.0,136.0,130.5,133.0
2011/03/14,132.0,133.0,124.0,127.0
2011/03/15,128.0,130.0,118.5,124.5
2011/03/16,127.0,127.5,122.0,125.5
2011/03/17,122.0,123.0,117.0,119.0
2011/03/18,120.5,127.0,120.5,127.0
2011/03/21,128.0,129.0,126.0,127.0
2011/03/22,128.0,132.5,127.5,128.5
2011/03/23,130.0,130.5,128.0,128.0
2011/03/24,129.5,131.0,127.0,127.0
2011/03/25,128.0,129.0,122.0,122.0
2011/03/28,121.0,123.5,120.5,120.5
2011/03/29,120.5,120.5,115.0,118.0
2011/03/30,118.0,120.0,117.0,119.5
2011/03/31,119.5,122.5,119.0,119.5
2011/04/01,121.0,121.5,120.0,120.5
2011/04/06,121.5,124.5,121.0,122.0
2011/04/07,123.0,123.5,121.5,122.5
2011/04/08,122.5,122.5,118.0,119.0
2011/04/11,119.0,119.5,111.0,113.0
2011/04/12,111.5,112.0,107.5,109.0
2011/04/13,109.0,109.0,101.5,102.5
2011/04/14,102.5,107.0,102.5,107.0
2011/04/15,108.0,108.5,104.5,104.5
2011/04/18,105.0,106.5,103.0,103.0
2011/04/19,101.0,102.0,98.0,98.0
2011/04/20,101.0,102.5,99.5,100.0
2011/04/21,102.0,106.5,102.0,105.0
2011/04/22,106.0,106.0,103.5,105.0
2011/04/25,106.0,106.5,103.0,103.0
2011/04/26,103.0,105.5,103.0,103.5
2011/04/27,107.5,110.5,107.0,110.5
2011/04/28,111.5,112.0,108.5,108.5
2011/04/29,109.0,110.0,103.5,104.0
2011/05/03,105.0,106.5,102.5,105.0
2011/05/04,105.0,112.0,104.5,112.0
2011/05/05,111.0,113.0,109.0,110.0
2011/05/06,110.0,114.5,110.0,113.0
2011/05/09,115.5,116.0,111.5,111.5
2011/05/10,112.0,114.0,110.5,110.5
2011/05/11,111.0,112.0,108.0,108.0
2011/05/12,108.0,115.0,107.0,114.0
2011/05/13,114.0,116.0,112.0,112.5
2011/05/16,114.5,114.5,110.0,110.0
2011/05/17,109.0,111.5,107.5,108.5
2011/05/18,108.5,110.5,108.5,110.0
2011/05/19,111.5,112.5,108.0,108.5
2011/05/20,109.5,109.5,101.0,104.0
2011/05/23,102.0,103.0,98.5,102.0
2011/05/24,103.0,106.0,103.0,105.0
2011/05/25,105.5,105.5,103.0,103.0
2011/05/26,105.0,105.5,103.0,104.5
2011/05/27,106.0,109.0,105.0,107.0
2011/05/30,107.0,109.0,106.5,106.5
2011/05/31,108.0,110.0,107.5,109.0
2011/06/01,110.0,112.0,109.0,110.0
2011/06/02,106.5,109.0,106.5,107.0
2011/06/03,108.0,114.0,107.5,114.0
2011/06/07,116.0,117.0,114.5,115.5
2011/06/08,116.5,118.5,115.0,115.5
2011/06/09,113.5,114.5,110.5,112.5
2011/06/10,115.0,115.0,110.5,110.5
2011/06/13,109.0,112.5,109.0,112.0
2011/06/14,114.0,114.0,111.0,112.0
2011/06/15,113.0,119.5,112.5,119.5
2011/06/16,119.0,122.0,118.0,121.0
2011/06/17,122.5,122.5,113.5,114.0
2011/06/20,114.0,115.0,108.0,108.0
2011/06/21,111.0,111.0,103.5,106.5
2011/06/22,108.0,111.0,106.5,110.0
2011/06/23,109.5,111.0,108.0,108.0
2011/06/24,108.0,108.5,106.5,108.0
2011/06/27,110.0,114.5,107.5,112.0
2011/06/28,115.0,115.0,111.5,111.5
2011/06/29,113.0,114.0,111.5,113.0
2011/06/30,114.0,114.0,112.5,113.0
2011/07/01,114.5,117.0,113.5,116.0
2011/07/04,117.0,117.5,114.5,114.5
2011/07/05,114.5,115.0,113.0,114.5
2011/07/06,115.5,117.5,114.0,115.0
2011/07/07,115.0,115.0,108.0,109.5
2011/07/08,110.5,110.5,108.0,108.5
2011/07/11,108.5,108.5,104.0,105.5
2011/07/12,104.0,105.5,102.0,102.5
2011/07/13,102.5,104.5,95.4,95.4
2011/07/14,91.6,93.1,88.8,90.2
2011/07/15,89.2,91.9,88.2,90.2
2011/07/18,90.0,91.0,89.0,89.5
2011/07/19,89.5,90.4,88.8,89.6
2011/07/20,91.6,93.1,90.8,91.8
2011/07/21,91.8,92.0,90.3,90.6
2011/07/22,90.7,96.0,90.7,93.9
2011/07/25,93.6,93.9,90.7,90.8
2011/07/26,90.8,93.7,90.8,92.7
2011/07/27,92.7,97.4,92.7,95.6
2011/07/28,94.5,95.5,94.0,94.4
2011/07/29,94.5,96.9,93.5,94.6
2011/08/01,96.7,96.7,92.7,92.7
2011/08/02,91.8,93.4,91.8,92.0
2011/08/03,90.0,90.0,87.5,88.7
2011/08/04,88.8,91.5,87.6,87.8
2011/08/05,81.7,82.5,81.7,81.7
2011/08/08,76.2,79.0,76.0,76.0
2011/08/09,70.7,75.0,70.7,74.0
2011/08/10,77.0,79.1,76.5,79.1
2011/08/11,76.5,78.0,74.7,77.5
2011/08/12,82.1,82.5,80.2,81.3
2011/08/15,78.1,78.8,77.0,77.6
2011/08/16,77.7,78.5,76.0,76.4
2011/08/17,76.5,77.4,75.4,76.0
2011/08/18,75.2,76.8,74.5,74.5
2011/08/19,70.0,71.1,69.3,69.3
2011/08/22,70.2,70.6,68.9,69.5
2011/08/23,70.0,73.5,70.0,73.5
2011/08/24,74.0,75.9,73.1,73.6
2011/08/25,74.2,74.5,72.2,72.2
2011/08/26,72.2,73.4,70.5,71.4
2011/08/29,76.3,76.3,75.1,76.3
2011/08/30,80.8,81.6,79.0,81.6
2011/08/31,81.2,85.0,80.3,82.8
2011/09/01,82.8,83.7,80.8,81.5
2011/09/02,81.2,86.0,81.0,85.5
2011/09/05,83.2,85.3,82.9,84.0
2011/09/06,83.0,83.8,80.5,81.0
2011/09/07,83.7,83.8,82.2,83.5
2011/09/08,84.0,86.0,83.7,83.7
2011/09/09,82.8,83.1,81.8,81.9
2011/09/13,79.0,80.3,79.0,79.3
2011/09/14,80.1,81.0,76.5,76.6
2011/09/15,79.0,81.9,78.1,81.9
2011/09/16,84.5,84.5,82.5,83.3
2011/09/19,82.0,82.0,80.6,80.8
2011/09/20,80.1,83.5,79.8,82.7
2011/09/21,82.5,84.0,81.8,82.5
2011/09/22,80.3,81.4,80.0,80.8
2011/09/23,75.5,77.9,75.2,77.7
2011/09/26,77.4,77.5,73.5,73.8
2011/09/27,76.4,78.4,75.0,77.0
2011/09/28,77.0,77.3,75.5,77.0
2011/09/29,76.4,77.5,75.3,77.2
2011/09/30,77.3,78.8,76.6,77.2
2011/10/03,75.8,76.4,75.3,75.9
2011/10/04,74.1,76.9,74.1,76.9
2011/10/05,77.2,77.4,76.0,76.4
2011/10/06,77.5,78.7,77.3,78.1
2011/10/07,79.0,79.8,77.2,77.3
2011/10/11,78.9,79.8,78.3,78.8
2011/10/12,79.0,82.0,78.5,81.9
2011/10/13,85.0,85.5,83.1,83.1
2011/10/14,83.3,88.1,83.3,86.5
2011/10/17,87.9,87.9,85.5,86.5
2011/10/18,81.4,84.5,81.4,83.3
2011/10/19,84.8,87.8,84.1,86.4
2011/10/20,87.2,88.5,86.6,88.1
2011/10/21,88.1,88.1,86.2,87.5
2011/10/24,90.0,92.0,89.1,90.0
2011/10/25,90.0,90.0,88.1,89.1
2011/10/26,88.3,89.7,88.3,89.1
2011/10/27,89.0,89.1,87.0,87.3
2011/10/28,89.0,89.2,86.5,86.5
2011/10/31,86.5,87.1,85.0,85.0
2011/11/01,85.0,88.6,85.0,88.6
2011/11/02,86.5,89.7,86.5,88.9
2011/11/03,89.0,89.0,86.0,86.0
2011/11/04,87.9,89.6,87.2,88.6
2011/11/07,89.2,91.7,88.1,89.9
2011/11/08,89.9,90.8,89.0,89.0
2011/11/09,88.7,88.7,85.0,85.3
2011/11/10,82.4,84.0,79.4,79.4
2011/11/11,81.4,81.4,77.2,79.4
2011/11/14,81.7,82.0,80.7,81.8
2011/11/15,81.6,82.0,80.1,80.1
2011/11/16,80.8,81.4,78.0,78.6
2011/11/17,80.0,80.0,78.6,79.6
2011/11/18,78.6,79.0,77.5,77.8
2011/11/21,77.0,77.3,72.8,72.8
2011/11/22,72.4,74.0,70.0,70.8
2011/11/23,70.6,71.8,69.1,69.3
2011/11/24,68.5,71.4,67.1,69.6
2011/11/25,71.2,71.2,69.1,69.7
2011/11/28,71.0,72.4,70.9,72.3
2011/11/29,74.8,74.8,72.3,73.1
2011/11/30,73.0,73.0,70.3,70.3
2011/12/01,74.3,74.3,72.6,73.0
2011/12/02,72.8,73.0,71.1,71.4
2011/12/05,71.4,71.4,70.3,70.6
2011/12/06,70.6,71.4,69.5,69.5
2011/12/07,69.8,70.6,68.0,68.5
2011/12/08,68.5,68.5,66.1,66.1
2011/12/09,61.5,63.0,61.5,61.7
2011/12/12,62.1,62.8,61.6,61.6
2011/12/13,61.1,61.4,59.5,60.4
2011/12/14,60.3,64.6,59.7,64.2
2011/12/15,63.0,63.7,62.3,63.5
2011/12/16,63.3,64.5,62.6,63.2
2011/12/19,62.3,62.4,58.8,58.8
2011/12/20,58.7,60.9,58.7,59.4
2011/12/21,62.8,63.5,62.0,63.5
2011/12/22,63.5,63.7,62.3,62.4
2011/12/23,63.5,66.7,63.0,66.7
2011/12/26,68.5,70.4,66.9,70.1
2011/12/27,70.0,70.1,68.0,69.0
2011/12/28,68.5,69.5,67.7,67.7
2011/12/29,66.8,67.7,66.7,67.4
2011/12/30,67.9,68.2,66.1,66.1
2012/01/02,64.1,64.1,64.1,64.1
2012/01/03,65.0,65.7,64.5,64.8
2012/01/04,65.3,67.8,65.3,67.6
2012/01/05,68.2,68.6,67.1,68.4
2012/01/06,68.7,70.8,68.5,69.5
2012/01/09,69.0,69.3,67.0,67.0
2012/01/10,65.0,67.0,65.0,65.9
2012/01/11,66.4,67.5,66.0,66.6
2012/01/12,66.9,66.9,65.1,65.2
2012/01/13,65.3,66.0,63.5,63.6
2012/01/16,64.2,64.5,63.6,64.0
2012/01/17,64.2,67.8,64.2,67.1
2012/01/18,67.5,69.5,67.4,68.5
2012/01/30,70.5,71.6,69.4,70.4
2012/01/31,70.7,74.5,70.7,72.5
2012/02/01,73.5,77.5,73.2,77.5
2012/02/02,79.4,82.0,78.1,81.0
2012/02/03,81.0,81.0,78.6,79.5
2012/02/06,79.5,79.5,77.3,77.3
2012/02/07,77.1,81.0,76.8,79.6
2012/02/08,80.6,82.4,80.4,80.5
2012/02/09,78.1,80.2,78.1,79.7
2012/02/10,80.2,82.6,80.2,80.6
2012/02/13,80.1,80.6,78.5,79.0
2012/02/14,78.9,79.9,77.5,78.0
2012/02/15,78.5,82.4,78.5,81.9
2012/02/16,82.0,84.6,79.2,79.5
2012/02/17,81.3,81.4,78.8,79.1
2012/02/20,80.6,80.6,79.0,79.8
2012/02/21,80.0,82.2,79.2,81.0
2012/02/22,82.2,84.5,81.3,82.8
2012/02/23,83.1,83.8,81.0,81.0
2012/02/24,81.0,81.9,80.0,80.6
2012/02/29,81.3,82.0,79.5,79.7
2012/03/01,79.9,81.4,79.9,81.0
2012/03/02,82.0,83.7,81.5,82.3
2012/03/05,82.0,84.9,82.0,82.0
2012/03/06,82.2,83.2,80.2,81.6
2012/03/07,79.6,81.2,79.0,80.7
2012/03/08,80.9,81.0,77.3,78.3
2012/03/09,78.5,80.7,78.3,80.1
2012/03/12,80.6,80.8,79.0,79.0
2012/03/13,79.5,79.9,78.4,78.6
2012/03/14,80.0,80.9,79.3,79.5
2012/03/15,80.9,82.1,80.6,80.7
2012/03/16,81.9,83.5,81.3,81.8
2012/03/19,83.0,83.0,80.9,81.2
2012/03/20,81.8,81.8,80.0,80.2
2012/03/21,80.6,81.0,79.5,79.7
2012/03/22,80.0,80.7,79.7,80.4
2012/03/23,80.9,81.6,79.8,80.4
2012/03/26,80.5,80.9,80.0,80.1
2012/03/27,80.9,80.9,79.2,79.5
2012/03/28,80.5,80.5,78.5,78.9
2012/03/29,78.1,78.1,73.4,73.8
2012/03/30,73.8,74.8,71.5,74.0
2012/04/02,73.0,74.3,73.0,74.0
2012/04/03,74.0,75.0,70.1,71.2
2012/04/05,67.9,69.5,67.0,69.5
2012/04/06,69.5,72.3,69.5,72.0
2012/04/09,71.0,72.0,70.2,72.0
2012/04/10,75.2,75.2,70.5,72.5
2012/04/11,70.5,72.4,70.5,71.8
2012/04/12,71.8,73.1,71.2,72.2
2012/04/13,73.0,75.1,73.0,74.1
2012/04/16,74.1,74.1,72.9,73.0
2012/04/17,74.0,74.0,70.0,70.5
2012/04/18,71.5,72.0,70.0,70.5
2012/04/19,70.0,72.4,69.2,71.4
2012/04/20,71.0,71.2,69.7,69.7
2012/04/23,69.9,71.6,69.2,69.5
2012/04/24,69.5,70.5,68.5,68.7
2012/04/25,70.0,70.0,69.0,69.0
2012/04/26,69.5,70.3,67.8,67.8
2012/04/27,68.1,68.7,65.0,65.0
2012/04/30,65.0,65.4,63.1,64.3
2012/05/02,61.2,66.7,60.2,66.5
2012/05/03,66.5,67.5,65.2,67.1
2012/05/04,66.6,68.8,66.5,68.1
2012/05/07,67.5,69.4,67.0,69.3
2012/05/08,69.7,70.0,68.0,68.0
2012/05/09,66.0,68.5,66.0,68.2
2012/05/10,68.2,69.0,67.0,67.3
2012/05/11,67.3,67.3,65.2,66.3
2012/05/14,66.9,66.9,64.3,64.7
2012/05/15,64.3,64.7,63.4,64.7
2012/05/16,64.5,65.3,62.1,62.5
2012/05/17,62.1,63.5,62.1,63.4
2012/05/18,62.9,62.9,60.3,60.5
2012/05/21,60.6,62.0,60.6,60.9
2012/05/22,61.5,62.5,61.5,62.2
2012/05/23,61.8,61.8,60.6,60.6
2012/05/24,60.6,61.5,58.8,59.1
2012/05/25,59.3,60.1,56.0,56.3
2012/05/28,56.5,56.5,54.9,56.2
2012/05/29,56.7,60.1,56.7,60.1
2012/05/30,60.1,60.4,58.9,59.2
2012/05/31,58.3,59.2,57.5,59.2
2012/06/01,59.2,59.2,56.8,57.0
2012/06/04,54.7,54.7,53.1,53.1
2012/06/05,54.0,55.2,53.2,53.4
2012/06/06,53.5,54.8,53.5,54.6
2012/06/07,55.6,55.8,54.6,54.7
2012/06/08,54.7,54.7,54.1,54.2
2012/06/11,55.2,55.4,54.4,55.2
2012/06/12,54.0,54.8,54.0,54.6
2012/06/13,54.0,54.9,54.0,54.3
2012/06/14,54.1,54.4,53.9,54.0
2012/06/15,54.1,57.6,54.1,57.1
2012/06/18,57.8,58.9,57.5,58.1
2012/06/19,58.4,59.9,58.2,59.0
2012/06/20,59.9,62.0,59.9,61.4
2012/06/21,61.8,62.5,60.9,61.5
2012/06/22,60.5,62.0,60.1,61.6
2012/06/25,61.0,62.3,61.0,62.0
2012/06/26,61.3,61.5,60.3,60.3
2012/06/27,61.2,61.4,59.8,59.8
2012/06/28,60.5,60.8,59.6,59.9
2012/06/29,60.8,61.4,60.2,61.0
2012/07/02,61.7,61.7,61.0,61.1
2012/07/03,61.1,62.0,61.1,61.6
2012/07/04,62.0,62.3,61.5,61.7
2012/07/05,61.7,62.3,61.5,61.5
2012/07/06,61.5,61.5,61.0,61.4
2012/07/09,61.4,61.9,61.3,61.3
2012/07/10,61.3,62.2,60.8,60.9
2012/07/11,60.5,61.1,60.4,61.1
2012/07/12,61.1,61.3,59.6,59.6
2012/07/13,59.6,59.9,58.3,58.3
2012/07/16,59.2,59.3,58.3,58.3
2012/07/17,58.3,59.0,58.3,58.5
2012/07/18,59.0,59.2,58.4,58.4
2012/07/19,58.9,59.0,58.5,58.7
2012/07/20,58.5,59.4,58.4,58.4
2012/07/23,58.2,58.2,57.0,57.5
2012/07/24,57.5,57.5,56.6,57.2
2012/07/25,57.0,57.9,56.6,57.6
2012/07/26,57.9,58.1,57.7,58.0
2012/07/27,58.0,59.8,58.0,58.7
2012/07/30,59.2,59.4,58.7,59.2
2012/07/31,59.0,60.3,58.8,60.0
2012/08/01,59.1,60.0,59.1,59.5
2012/08/03,59.0,60.0,59.0,59.1
2012/08/06,59.8,60.5,59.1,59.2
2012/08/07,59.3,59.3,58.8,58.8
2012/08/08,58.8,60.0,58.8,59.4
2012/08/09,59.4,59.5,58.5,58.9
2012/08/10,59.4,63.0,59.4,63.0
2012/08/13,63.5,66.0,63.2,64.7
2012/08/14,64.7,65.4,64.3,64.6
2012/08/15,64.8,65.4,64.4,64.7
2012/08/16,65.4,65.4,64.7,64.7
2012/08/17,65.1,66.4,65.0,65.3
2012/08/20,65.3,65.9,63.9,64.2
2012/08/21,64.7,65.2,64.3,64.4
2012/08/22,64.4,65.4,64.0,64.7
2012/08/23,64.7,65.1,64.5,64.9
2012/08/24,64.9,65.8,64.6,65.3
2012/08/27,61.2,61.5,59.4,60.0
2012/08/28,59.5,60.9,59.0,59.0
2012/08/29,60.5,60.6,59.0,60.5
2012/08/30,61.2,62.7,60.5,60.9
2012/08/31,61.5,62.5,61.1,61.6
2012/09/03,62.4,64.1,62.1,63.8
2012/09/04,64.3,64.3,62.8,63.4
2012/09/05,63.3,63.3,61.8,61.9
2012/09/06,61.9,62.2,61.0,61.6
2012/09/07,62.3,62.7,61.5,61.5
2012/09/10,61.5,61.9,60.8,61.2
2012/09/11,61.2,62.2,60.8,62.1
2012/09/12,63.1,64.9,63.1,64.4
2012/09/13,65.0,65.9,64.6,64.9
2012/09/14,65.7,66.0,64.1,64.1
2012/09/17,64.9,65.3,63.7,64.0
2012/09/18,63.5,64.9,63.3,63.9
2012/09/19,67.0,67.5,66.0,66.0
2012/09/20,66.4,66.4,64.6,65.0
2012/09/21,65.5,65.6,64.6,65.5
2012/09/24,65.9,66.2,64.9,65.1
2012/09/25,64.3,65.1,63.8,63.8
2012/09/26,63.2,63.7,63.2,63.6
2012/09/27,63.4,64.5,63.4,63.7
2012/09/28,63.5,64.2,62.5,62.6
2012/10/01,61.2,62.0,60.5,60.8
2012/10/02,60.7,62.0,60.7,62.0
2012/10/03,62.8,63.2,61.7,62.5
2012/10/04,62.2,62.2,61.3,61.5
2012/10/05,61.5,62.0,60.7,61.5
2012/10/08,60.8,61.5,60.5,60.5
2012/10/09,60.5,61.0,57.2,58.0
2012/10/11,58.0,58.0,56.7,56.9
2012/10/12,57.0,57.8,55.0,55.3
2012/10/15,55.6,56.6,55.0,56.1
2012/10/16,57.0,57.0,56.1,56.1
2012/10/17,56.3,56.9,56.0,56.0
2012/10/18,54.2,56.2,54.2,56.0
2012/10/19,55.9,56.1,54.8,55.0
2012/10/22,51.2,53.5,51.2,52.2
2012/10/23,52.2,52.2,51.0,51.0
2012/10/24,50.5,51.6,50.0,51.0
2012/10/25,51.5,51.8,49.6,49.6
2012/10/26,49.7,49.9,46.2,46.2
2012/10/29,46.2,46.2,43.0,43.0
2012/10/30,40.5,42.8,40.5,42.0
2012/10/31,42.5,43.5,42.1,43.0
2012/11/01,43.0,45.3,42.3,45.1
2012/11/02,45.6,46.4,45.2,45.2
2012/11/05,42.2,45.0,42.2,43.8
2012/11/06,42.5,44.2,42.5,44.2
2012/11/07,44.2,45.0,44.0,45.0
2012/11/08,44.7,45.2,44.0,45.0
2012/11/09,44.3,45.8,44.3,45.8
2012/11/12,46.2,46.8,46.0,46.1
2012/11/13,46.0,46.0,44.5,44.5
2012/11/14,44.4,44.8,44.3,44.5
2012/11/15,44.0,44.5,43.2,43.2
2012/11/16,43.2,45.7,43.2,44.8
2012/11/19,45.0,45.0,44.3,44.3
2012/11/20,44.2,44.8,43.5,43.5
2012/11/21,42.8,44.1,42.7,42.7
2012/11/22,42.0,43.2,41.4,41.8
2012/11/23,42.3,43.8,42.1,43.4
2012/11/26,44.1,44.7,43.9,44.7
2012/11/27,45.2,46.5,44.7,46.1
2012/11/28,46.2,46.5,45.3,46.0
2012/11/29,46.3,47.0,46.2,46.8
2012/11/30,47.2,49.3,47.0,48.3
2012/12/03,49.5,49.9,48.6,49.7
2012/12/04,49.7,53.1,49.7,53.1
2012/12/05,53.1,56.8,53.1,56.8
2012/12/06,56.8,60.7,56.8,59.3
2012/12/07,59.3,60.2,56.1,56.4
2012/12/10,56.4,57.0,54.0,54.3
2012/12/11,54.6,54.7,51.8,52.9
2012/12/12,53.6,54.1,53.2,53.8
2012/12/13,54.3,57.5,54.0,57.5
2012/12/14,57.5,57.5,54.5,54.5
2012/12/17,54.2,54.5,52.5,53.3
2012/12/18,54.0,55.0,53.4,54.2
2012/12/19,54.6,55.5,53.4,53.4
2012/12/20,53.2,54.1,53.2,53.3
2012/12/21,54.1,54.3,53.0,53.4
2012/12/24,53.8,54.2,53.0,53.0
2012/12/25,53.0,54.8,53.0,54.3
2012/12/26,54.3,54.8,53.5,53.6
2012/12/27,53.3,54.3,53.3,53.9
2012/12/28,54.2,54.7,54.1,54.1
2013/01/02,54.8,54.8,53.7,54.4
2013/01/03,55.4,58.1,55.0,57.4
2013/01/04,57.4,57.6,55.1,55.1
2013/01/07,55.5,55.8,54.8,54.8
2013/01/08,54.5,55.8,54.5,55.1
2013/01/09,55.5,56.8,55.5,56.0
2013/01/10,57.4,57.4,56.0,56.0
2013/01/11,56.3,56.8,56.1,56.4
2013/01/14,56.5,56.8,56.4,56.4
2013/01/15,56.9,58.0,56.9,57.0
2013/01/16,57.5,57.6,56.1,56.1
2013/01/17,56.1,56.8,53.0,53.3
2013/01/18,55.0,55.0,53.6,54.4
2013/01/21,54.4,56.0,54.4,55.1
2013/01/22,56.0,56.0,55.2,55.6
2013/01/23,55.7,56.8,55.7,56.3
2013/01/24,57.0,57.0,55.9,56.4
2013/01/25,56.8,56.8,55.8,55.8
2013/01/28,56.2,57.6,56.0,56.8
2013/01/29,57.3,58.2,57.3,57.8
2013/01/30,58.0,58.1,57.5,57.5
2013/01/31,57.5,60.8,57.5,60.8
2013/02/01,61.0,63.5,61.0,62.6
2013/02/04,63.4,63.8,59.7,59.7
2013/02/05,59.2,60.5,58.4,58.5
2013/02/06,57.6,59.0,57.5,57.5
2013/02/18,58.8,59.2,58.0,59.2
2013/02/19,59.3,59.4,58.5,59.0
2013/02/20,59.8,60.0,58.6,58.7
2013/02/21,58.0,58.4,57.7,58.0
2013/02/22,58.0,58.0,56.4,57.5
2013/02/25,59.0,60.8,58.6,59.6
2013/02/26,59.0,60.4,58.6,60.0
2013/02/27,60.0,64.2,60.0,64.2
2013/03/01,65.6,68.5,65.6,67.3
2013/03/04,67.3,67.8,64.7,65.0
2013/03/05,65.5,67.0,65.5,65.6
2013/03/06,67.0,67.0,64.2,64.8
2013/03/07,65.0,66.6,64.8,66.4
2013/03/08,65.0,66.9,65.0,65.1
2013/03/11,65.1,67.2,64.7,66.5
2013/03/12,67.5,67.5,65.3,65.3
2013/03/13,65.3,66.2,65.3,65.6
2013/03/14,66.5,66.5,65.2,66.0
2013/03/15,66.5,66.9,65.8,66.8
2013/03/18,66.7,66.9,65.6,65.6
2013/03/19,66.0,69.5,66.0,66.2
2013/03/20,66.0,67.0,66.0,67.0
2013/03/21,67.3,67.4,66.0,66.0
2013/03/22,66.6,66.8,66.0,66.0
2013/03/25,66.0,69.2,66.0,68.8
2013/03/26,68.8,68.8,67.6,67.8
2013/03/27,68.0,70.1,67.8,68.4
2013/03/28,68.4,69.0,67.4,68.1
2013/03/29,68.6,68.6,67.5,68.1
2013/04/01,68.1,70.0,68.1,69.0
2013/04/02,68.7,72.7,68.7,72.2
2013/04/03,72.9,76.8,72.9,75.5
2013/04/08,72.5,74.0,71.1,71.2
2013/04/09,72.0,76.1,72.0,74.9
2013/04/10,75.8,76.6,73.9,75.7
2013/04/11,75.7,75.7,72.8,73.2
2013/04/12,73.2,73.2,69.9,70.0
2013/04/15,70.0,71.5,67.5,71.0
2013/04/16,69.8,70.5,69.1,70.5
2013/04/17,70.5,70.8,67.8,68.1
2013/04/18,67.6,69.0,66.6,68.2
2013/04/19,68.9,71.5,68.8,70.9
2013/04/22,71.5,71.8,69.4,69.4
2013/04/23,69.5,71.3,69.5,70.1
2013/04/24,71.2,71.3,70.2,70.2
2013/04/25,70.0,71.4,69.1,69.1
2013/04/26,69.1,70.3,69.0,69.1
2013/04/29,69.2,70.0,67.3,68.2
2013/04/30,68.6,69.2,67.8,68.1
2013/05/02,68.1,68.8,67.8,68.6
2013/05/03,68.9,69.6,68.6,69.0
2013/05/06,69.1,69.4,67.7,68.0
2013/05/07,68.0,69.9,68.0,69.3
2013/05/08,69.5,69.7,68.0,68.3
2013/05/09,67.5,68.1,65.3,66.0
2013/05/10,65.4,65.5,62.7,63.0
2013/05/13,63.0,64.0,61.3,63.5
2013/05/14,63.6,63.8,62.5,63.4
2013/05/15,63.6,64.3,62.7,64.1
2013/05/16,65.0,65.5,63.9,64.5
2013/05/17,64.6,64.8,63.0,63.3
2013/05/20,63.8,64.0,63.4,64.0
2013/05/21,64.4,64.5,63.7,64.0
2013/05/22,64.2,64.9,63.4,63.5
2013/05/23,64.0,64.0,63.2,63.4
2013/05/24,63.5,63.8,62.0,62.3
2013/05/27,62.3,62.3,61.8,61.8
2013/05/28,62.3,62.3,61.6,62.0
2013/05/29,62.3,65.2,62.1,64.6
2013/05/30,64.5,64.7,63.5,64.7
2013/05/31,65.6,66.7,65.1,65.1
2013/06/03,64.0,64.6,64.0,64.2
2013/06/04,64.2,65.9,63.6,65.2
2013/06/05,65.8,68.6,65.5,68.6
2013/06/06,69.0,69.9,68.1,68.6
2013/06/07,69.8,69.8,64.2,66.6
2013/06/10,67.5,68.3,67.1,67.3
2013/06/11,67.7,69.5,67.7,68.0
2013/06/13,67.9,67.9,65.0,65.3
2013/06/14,65.6,66.4,64.0,64.0
2013/06/17,64.0,65.6,64.0,65.6
2013/06/18,65.6,66.5,65.5,66.0
2013/06/19,67.2,69.0,66.3,68.2
2013/06/20,67.1,68.0,66.5,66.7
2013/06/21,65.7,66.5,64.5,66.3
2013/06/24,66.5,66.6,65.0,65.0
2013/06/25,64.8,65.7,62.6,63.7
2013/06/26,64.9,64.9,63.6,63.8
2013/06/27,64.2,67.2,63.8,66.5
2013/06/28,67.8,67.9,66.7,67.5
2013/07/01,68.4,69.5,68.4,68.5
2013/07/02,69.5,69.5,68.0,68.5
2013/07/03,68.3,68.5,67.2,67.5
2013/07/04,68.9,69.5,68.1,68.5
2013/07/05,69.8,72.0,69.0,72.0
2013/07/08,72.5,72.5,70.4,71.2
2013/07/09,71.2,71.7,69.6,70.8
2013/07/10,71.0,71.0,69.8,69.8
2013/07/11,70.4,70.4,69.2,70.0
2013/07/12,69.8,70.5,68.0,70.5
2013/07/15,70.5,71.5,70.0,70.5
2013/07/16,70.5,70.8,69.0,69.0
2013/07/17,69.0,69.9,68.5,69.8
2013/07/18,69.8,69.9,68.6,68.6
2013/07/19,68.6,70.0,68.3,68.4
2013/07/22,69.2,71.1,68.7,71.0
2013/07/23,71.3,71.6,69.9,70.2
2013/07/24,70.5,70.6,69.0,69.0
2013/07/25,68.8,69.2,66.6,66.6
2013/07/26,66.6,67.4,66.6,67.2
2013/07/29,67.2,67.5,63.7,64.3
2013/07/30,64.6,64.9,63.7,63.9
2013/07/31,64.2,64.7,63.9,64.2
2013/08/01,64.6,64.6,62.7,62.9
2013/08/02,63.2,64.5,63.2,64.5
2013/08/05,64.5,65.4,63.5,64.0
2013/08/06,63.2,64.7,63.0,63.5
2013/08/07,63.4,63.4,61.0,61.4
2013/08/08,61.5,62.3,58.5,60.3
2013/08/09,60.3,60.8,60.0,60.1
2013/08/12,56.9,57.8,55.9,57.1
2013/08/13,57.1,57.7,56.5,57.4
2013/08/14,57.4,57.6,56.7,57.3
2013/08/15,57.0,60.1,57.0,58.4
2013/08/16,58.2,59.3,58.0,58.1
2013/08/19,58.2,59.1,57.9,58.0
2013/08/20,58.0,58.5,57.0,57.3
2013/08/22,56.3,57.8,56.3,57.2
2013/08/23,57.8,58.2,57.3,57.6
2013/08/26,55.5,56.2,55.5,56.0
2013/08/27,56.0,56.2,55.2,55.2
2013/08/28,53.1,54.5,53.1,53.6
2013/08/29,54.0,54.1,53.6,53.9
2013/08/30,54.1,54.1,53.2,53.5
2013/09/02,53.8,54.7,53.5,54.1
2013/09/03,54.8,55.5,54.5,54.8
2013/09/04,54.8,55.0,54.2,54.6
2013/09/05,55.0,56.7,55.0,55.9
2013/09/06,56.0,56.7,55.5,56.0
2013/09/09,56.5,56.5,54.8,54.9
2013/09/10,55.1,55.3,53.8,53.9
2013/09/11,54.0,54.3,53.1,53.6
2013/09/12,54.0,54.3,53.7,54.3
2013/09/13,54.3,54.3,52.0,52.7
2013/09/16,51.5,52.0,51.3,51.6
2013/09/17,51.6,51.8,50.8,51.0
2013/09/18,51.4,51.4,50.1,50.2
2013/09/23,50.3,50.7,50.3,50.6
2013/09/24,51.0,53.2,51.0,53.2
2013/09/25,53.2,53.2,52.4,53.1
2013/09/26,53.1,53.1,52.2,52.4
2013/09/27,53.1,53.1,51.8,52.0
2013/09/30,51.7,51.7,51.0,51.0
2013/10/01,51.4,52.0,50.9,51.2
2013/10/02,51.5,52.5,51.5,51.9
2013/10/03,52.4,52.5,52.0,52.1
2013/10/04,52.2,52.2,51.0,51.2
2013/10/07,52.0,52.0,50.5,50.6
2013/10/08,50.5,50.5,49.8,50.3
2013/10/09,50.0,50.3,49.2,49.2
2013/10/11,49.9,50.1,49.2,49.2
2013/10/14,49.1,49.1,46.5,46.5
2013/10/15,46.8,48.0,46.8,47.9
2013/10/16,48.0,49.3,48.0,48.8
2013/10/17,49.5,49.9,49.1,49.5
2013/10/18,49.5,50.0,48.8,49.3
2013/10/21,49.3,51.2,49.0,50.8
2013/10/22,50.8,51.5,50.7,50.8
2013/10/23,51.0,51.2,50.5,50.5
2013/10/24,50.5,50.8,50.4,50.6
2013/10/25,50.6,51.4,50.5,50.8
2013/10/28,51.0,51.1,50.7,50.8
2013/10/29,50.8,51.0,50.5,50.6
2013/10/30,50.9,52.1,50.2,51.5
2013/10/31,51.9,52.0,50.9,51.3
2013/11/01,51.3,51.7,50.6,50.6
2013/11/04,50.7,50.7,50.2,50.3
2013/11/05,50.5,51.0,50.0,50.3
2013/11/06,50.8,51.0,50.4,50.9
2013/11/07,51.0,52.0,50.9,51.3
2013/11/08,51.0,51.0,50.3,50.3
2013/11/11,50.7,51.1,50.2,50.5
2013/11/12,51.1,51.1,49.8,50.5
2013/11/13,50.5,50.6,50.2,50.4
2013/11/14,50.4,50.6,49.7,50.1
2013/11/15,50.5,53.6,50.5,53.6
2013/11/18,54.8,57.3,54.8,57.3
2013/11/19,57.5,57.7,56.5,57.2
2013/11/20,57.6,61.2,57.6,59.2
2013/11/21,58.8,60.7,57.0,57.6
2013/11/22,58.0,58.5,56.1,56.2
2013/11/25,56.9,58.8,55.3,58.0
2013/11/26,58.0,60.1,57.3,57.9
2013/11/27,58.2,58.7,57.2,57.6
2013/11/28,58.4,59.8,58.3,59.2
2013/11/29,60.3,60.3,58.5,59.0
2013/12/02,59.0,59.5,58.5,58.7
2013/12/03,58.5,62.8,58.5,62.8
2013/12/04,63.3,64.6,62.7,63.4
2013/12/05,63.8,64.6,61.6,61.7
2013/12/06,62.0,62.6,61.1,62.0
2013/12/09,62.8,64.2,62.2,63.5
2013/12/10,63.5,63.5,61.2,61.9
2013/12/11,61.5,61.5,59.3,59.3
2013/12/12,59.5,61.5,59.5,61.2
2013/12/13,61.3,61.8,60.6,60.6
2013/12/16,60.8,60.8,58.2,58.3
2013/12/17,58.5,59.1,57.8,58.0
2013/12/18,58.0,59.5,57.6,57.6
2013/12/19,58.3,58.6,57.6,57.8
2013/12/20,58.1,58.7,58.0,58.3
2013/12/23,58.4,58.7,57.5,57.5
2013/12/24,57.6,58.6,57.3,58.1
2013/12/25,58.6,60.5,58.5,60.5
2013/12/26,61.0,61.2,60.0,60.2
2013/12/27,60.2,60.7,59.5,59.8
2013/12/30,60.7,60.8,59.8,59.9
2013/12/31,60.2,60.8,59.8,60.0
2014/01/02,60.1,64.2,60.1,64.2
2014/01/03,64.0,65.4,64.0,65.1
2014/01/06,66.5,67.6,64.6,64.9
2014/01/07,66.0,69.4,65.4,68.7
2014/01/08,68.5,69.9,68.0,69.0
2014/01/09,69.2,70.5,68.1,68.5
2014/01/10,68.5,69.0,66.6,66.8
2014/01/13,66.6,67.5,65.5,66.0
2014/01/14,65.9,67.0,65.6,66.5
2014/01/15,66.9,69.1,66.9,68.0
2014/01/16,68.9,69.4,67.8,68.0
2014/01/17,68.0,68.0,67.1,67.8
2014/01/20,68.0,68.1,67.2,67.8
2014/01/21,67.9,71.8,67.9,71.0
2014/01/22,71.6,74.5,70.8,72.9
2014/01/23,73.2,75.2,71.6,73.4
2014/01/24,74.0,78.5,74.0,78.5
2014/01/27,78.3,79.4,77.3,78.4
2014/02/05,77.8,81.0,76.0,80.5
2014/02/06,81.0,82.6,78.7,79.7
2014/02/07,80.1,80.7,78.0,78.0
2014/02/10,78.7,79.3,77.2,78.2
2014/02/11,77.7,77.7,75.8,77.0
2014/02/12,79.3,79.5,77.9,78.0
2014/02/13,78.1,79.3,77.2,78.1
2014/02/14,78.5,79.1,77.1,78.1
2014/02/17,77.7,78.9,77.5,78.7
2014/02/18,79.0,80.7,77.8,80.5
2014/02/19,80.8,83.4,80.3,82.8
2014/02/20,83.3,84.1,80.0,80.4
2014/02/21,81.5,82.4,80.6,82.0
2014/02/24,83.5,87.7,83.0,87.7
2014/02/25,89.1,93.4,87.7,92.8
2014/02/26,93.5,95.0,90.7,91.4
2014/02/27,92.1,97.7,92.1,93.0
2014/03/03,93.3,95.0,92.2,95.0
2014/03/04,94.1,94.7,90.5,92.3
2014/03/05,93.6,94.9,91.8,92.5
2014/03/06,93.7,98.9,93.3,98.9
2014/03/07,99.4,100.5,92.0,93.0
2014/03/10,91.8,95.7,90.1,95.5
2014/03/11,95.2,95.7,92.6,93.2
2014/03/12,93.0,94.8,91.1,91.3
2014/03/13,91.8,93.5,91.7,92.4
2014/03/14,91.0,94.6,91.0,93.9
2014/03/17,94.2,94.6,92.5,92.5
2014/03/18,93.1,98.9,93.1,98.9
2014/03/19,98.9,99.5,94.6,96.3
2014/03/20,95.3,96.0,92.3,92.5
2014/03/21,93.0,95.5,92.5,94.8
2014/03/24,94.0,96.3,90.9,96.2
2014/03/25,96.0,99.0,95.2,97.2
2014/03/26,98.1,98.1,95.5,96.2
2014/03/27,96.2,100.5,96.2,98.7
2014/03/28,99.5,105.0,99.0,100.0
2014/03/31,98.4,101.0,96.1,98.6
2014/04/01,101.0,101.0,97.0,97.4
2014/04/02,97.6,98.9,95.5,95.8
2014/04/03,95.8,95.8,93.1,93.6
2014/04/07,92.0,94.7,91.5,94.6
2014/04/08,95.0,98.1,94.2,96.8
2014/04/09,98.4,99.9,97.1,97.5
2014/04/10,97.5,98.5,95.2,96.3
2014/04/11,95.0,95.2,89.6,89.6
2014/04/14,86.0,88.0,83.4,83.4
2014/04/15,79.1,84.4,79.1,82.5
2014/04/16,82.8,84.4,82.6,83.6
2014/04/17,85.0,85.0,82.9,84.0
2014/04/18,84.2,84.7,80.0,81.6
2014/04/21,82.0,83.8,81.0,81.8
2014/04/22,82.1,83.4,82.1,82.4
2014/04/23,82.9,83.4,81.5,81.5
2014/04/24,81.6,82.6,79.0,79.6
2014/04/25,80.0,81.8,77.9,80.8
2014/04/28,80.5,81.0,78.8,79.1
2014/04/29,79.5,80.2,79.1,79.5
2014/04/30,80.0,80.6,74.0,74.0
2014/05/02,73.8,79.1,72.8,79.1
2014/05/05,82.2,84.6,82.0,84.6
2014/05/06,86.8,89.3,84.9,86.6
2014/05/07,87.6,89.9,86.8,88.3
2014/05/08,89.8,89.8,86.0,87.0
2014/05/09,87.0,87.3,83.6,84.5
2014/05/12,85.0,85.4,80.7,82.0
2014/05/13,83.2,85.0,81.0,81.9
2014/05/14,81.8,82.9,79.8,82.3
2014/05/15,80.9,82.7,80.5,82.1
2014/05/16,82.0,85.9,81.7,85.3
2014/05/19,85.5,89.6,85.4,87.9
2014/05/20,89.6,89.8,87.1,88.0
2014/05/21,88.0,88.5,87.0,88.4
2014/05/22,89.3,91.8,88.0,91.0
2014/05/23,92.3,92.3,89.9,90.4
2014/05/26,91.3,92.3,90.1,91.3
2014/05/27,91.5,91.8,88.3,90.5
2014/05/28,90.5,92.6,90.5,92.1
2014/05/29,91.5,92.4,90.2,91.8
2014/05/30,92.0,94.5,90.9,94.0
2014/06/03,95.0,96.6,93.7,95.0
2014/06/04,95.0,96.0,94.4,94.9
2014/06/05,95.6,99.4,94.5,98.0
2014/06/06,97.5,98.8,95.5,96.0
2014/06/09,96.5,96.5,92.8,94.7
2014/06/10,94.2,94.9,91.4,91.4
2014/06/11,92.4,92.6,91.1,91.8
2014/06/12,91.8,94.8,91.0,93.6
2014/06/13,94.1,100.0,94.0,100.0
2014/06/16,99.5,105.0,98.2,103.0
2014/06/17,105.0,108.0,102.5,105.0
2014/06/18,109.5,111.0,100.0,101.0
2014/06/19,103.0,103.5,99.9,100.0
2014/06/20,100.0,103.0,100.0,101.0
2014/06/23,102.0,102.5,95.9,96.6
2014/06/24,96.6,97.1,94.3,96.7
2014/06/25,96.5,99.8,95.0,99.3
2014/06/26,103.0,106.0,103.0,106.0
2014/06/27,112.0,113.0,108.5,113.0
2014/06/30,115.5,119.5,114.0,118.0
2014/07/01,119.0,119.0,113.0,114.0
2014/07/02,114.0,116.0,107.5,112.0
2014/07/03,110.0,112.5,109.0,112.0
2014/07/04,112.0,116.0,110.0,110.0
2014/07/07,108.0,108.0,103.0,103.5
2014/07/08,105.0,107.5,100.5,102.5
2014/07/09,102.5,105.0,100.5,103.0
2014/07/10,103.0,106.5,103.0,104.5
2014/07/11,106.0,106.0,97.2,102.0
2014/07/14,100.5,102.5,99.8,102.5
2014/07/15,103.5,106.0,103.0,104.5
2014/07/16,106.0,106.0,103.0,103.5
2014/07/17,103.5,105.5,98.5,100.0
2014/07/18,100.0,102.0,98.5,100.5
2014/07/21,101.5,102.0,99.5,99.7
2014/07/22,99.7,100.5,99.2,99.9
2014/07/24,99.9,102.0,99.0,100.0
2014/07/25,100.5,101.0,97.9,98.5
2014/07/28,98.1,99.8,96.4,96.4
2014/07/29,96.4,99.6,89.7,89.7
2014/07/30,89.4,92.4,88.0,91.8
2014/07/31,92.5,94.6,91.6,94.6
2014/08/01,92.1,92.6,90.5,92.1
2014/08/04,91.6,91.7,88.0,91.7
2014/08/05,91.0,93.0,90.5,90.5
2014/08/06,90.6,92.0,84.2,86.2
2014/08/07,86.5,86.6,82.0,83.0
2014/08/08,82.8,87.0,82.2,87.0
2014/08/11,93.0,93.0,93.0,93.0
2014/08/12,92.5,97.8,91.9,97.0
2014/08/13,94.5,103.5,92.1,103.0
2014/08/14,103.5,107.0,100.0,100.0
2014/08/15,100.0,102.0,98.0,99.9
2014/08/18,101.0,103.5,99.9,101.0
2014/08/19,103.5,104.0,101.5,103.0
2014/08/20,105.0,106.5,102.5,103.0
2014/08/21,103.0,103.5,95.8,100.0
2014/08/22,100.0,101.0,98.5,100.5
2014/08/25,100.5,100.5,98.3,98.7
2014/08/26,99.5,101.5,99.2,99.2
2014/08/27,101.0,103.0,98.7,102.5
2014/08/28,103.0,103.5,101.0,103.0
2014/08/29,103.0,109.0,102.0,106.0
2014/09/01,106.0,107.5,103.0,103.0
2014/09/02,101.0,102.0,98.0,98.3
2014/09/03,99.8,99.8,93.1,94.9
2014/09/04,94.4,97.4,93.5,95.3
2014/09/05,95.5,97.7,94.7,97.5
2014/09/09,99.0,99.5,97.1,99.3
2014/09/10,99.3,101.5,98.1,99.6
2014/09/11,100.5,101.0,99.1,99.8
2014/09/12,100.5,100.5,97.5,98.0
2014/09/15,98.0,101.0,98.0,100.5
2014/09/16,101.0,102.0,98.6,98.6
2014/09/17,100.0,102.5,99.5,101.5
2014/09/18,102.0,105.5,102.0,103.0
2014/09/19,105.0,105.0,101.5,102.5
2014/09/22,102.0,102.5,99.5,101.0
2014/09/23,100.0,101.0,98.0,100.0
2014/09/24,99.8,99.8,98.5,99.3
2014/09/25,99.5,100.0,96.5,97.3
2014/09/26,95.5,99.3,95.3,98.5
2014/09/29,99.3,100.0,98.7,100.0
2014/09/30,100.0,102.0,99.6,101.0
2014/10/01,102.0,102.5,101.0,102.0
2014/10/02,101.5,109.0,100.5,109.0
2014/10/03,109.5,110.5,107.0,107.0
2014/10/06,107.5,110.0,105.5,106.0
2014/10/07,106.0,111.0,106.0,108.5
2014/10/08,109.0,109.0,101.5,103.0
2014/10/09,105.0,106.0,102.0,104.5
2014/10/13,97.2,100.0,97.2,97.5
2014/10/14,96.5,98.6,96.1,98.6
2014/10/15,98.6,100.0,93.3,95.3
2014/10/16,93.6,96.3,91.1,96.0
2014/10/17,96.7,96.9,91.1,91.5
2014/10/20,95.0,95.0,92.9,93.2
2014/10/21,94.2,96.1,93.5,94.5
2014/10/22,95.9,95.9,94.0,94.0
2014/10/23,93.4,93.7,91.2,92.0
2014/10/24,92.0,92.6,88.0,89.0
2014/10/27,89.0,89.8,83.5,83.8
2014/10/28,85.0,85.9,82.0,85.3
2014/10/29,85.3,91.2,85.3,90.5
2014/10/30,89.2,90.4,87.8,88.6
2014/10/31,89.5,91.8,88.8,90.8
2014/11/03,91.5,94.8,90.8,91.5
2014/11/04,92.5,96.0,92.0,96.0
2014/11/05,98.5,100.0,97.5,99.7
2014/11/06,100.5,102.0,98.2,98.2
2014/11/07,99.0,102.0,96.0,102.0
2014/11/10,102.0,103.0,99.8,102.0
2014/11/11,103.5,107.0,102.0,106.0
2014/11/12,105.5,107.5,104.0,107.5
2014/11/13,109.0,109.0,101.0,103.0
2014/11/14,103.0,105.5,102.5,103.5
2014/11/17,104.5,105.5,101.0,101.0
2014/11/18,102.0,102.5,97.0,98.0
2014/11/19,98.0,101.0,98.0,98.6
2014/11/20,98.7,105.5,98.7,105.5
2014/11/21,106.0,108.5,103.5,104.5
2014/11/24,105.0,105.5,103.5,104.5
2014/11/25,105.0,111.5,105.0,111.5
2014/11/26,113.0,118.5,112.5,115.5
2014/11/27,118.5,118.5,115.0,116.5
2014/11/28,117.5,123.5,116.5,121.5
2014/12/01,119.0,130.0,118.5,130.0
2014/12/02,129.0,131.0,123.5,125.0
2014/12/03,127.0,132.0,123.5,128.0
2014/12/04,129.0,129.5,119.5,119.5
2014/12/05,118.5,124.0,116.5,121.5
2014/12/08,123.0,126.5,121.5,124.0
2014/12/09,124.0,126.0,123.5,123.5
2014/12/10,126.0,128.0,121.5,124.0
2014/12/11,123.5,126.0,122.5,125.0
2014/12/12,126.0,126.0,121.5,123.0
2014/12/15,122.0,125.0,119.0,124.5
2014/12/16,124.5,127.5,121.5,121.5
2014/12/17,123.0,123.5,119.5,123.0
2014/12/18,127.0,131.5,125.0,131.5
2014/12/19,132.5,134.0,122.5,123.0
2014/12/22,124.0,125.0,121.5,123.5
2014/12/23,125.0,127.5,124.0,125.0
2014/12/24,125.0,126.0,122.0,123.0
2014/12/25,124.5,125.0,118.0,119.0
2014/12/26,119.0,120.0,112.0,115.0
2014/12/29,117.0,117.0,114.5,114.5
2014/12/30,115.0,118.0,113.5,117.0
2014/12/31,117.0,117.5,115.0,117.0
2015/01/05,117.0,119.0,116.0,119.0
2015/01/06,117.5,119.0,115.5,116.0
2015/01/07,116.0,122.0,115.0,121.5
2015/01/08,121.5,122.0,118.0,118.5
2015/01/09,119.5,120.0,116.5,116.5
2015/01/12,114.5,114.5,108.5,111.0
2015/01/13,110.5,114.5,110.5,113.0
2015/01/14,113.0,113.0,111.0,112.5
2015/01/15,113.0,113.0,111.5,111.5
2015/01/16,112.0,113.5,108.0,108.5
2015/01/19,109.0,111.0,107.0,108.0
2015/01/20,109.0,112.0,109.0,110.0
2015/01/21,111.0,114.0,110.0,113.0
2015/01/22,113.0,113.5,110.5,111.0
2015/01/23,111.0,113.0,110.0,110.0
2015/01/26,110.5,111.0,108.0,109.5
2015/01/27,110.5,110.5,108.0,108.5
2015/01/28,108.0,110.5,108.0,109.0
2015/01/29,110.5,115.0,108.0,109.0
2015/01/30,110.5,110.5,108.0,108.5
2015/02/02,108.5,109.5,103.5,104.0
2015/02/03,106.0,108.5,104.5,108.5
2015/02/04,110.0,112.0,108.5,110.5
2015/02/05,111.0,112.5,108.5,109.5
2015/02/06,110.0,111.0,108.0,109.0
2015/02/09,109.5,110.0,107.0,108.0
2015/02/10,108.0,108.5,105.0,106.0
2015/02/11,107.5,108.0,105.0,105.5
2015/02/12,107.5,109.0,106.0,109.0
2015/02/13,109.0,111.5,109.0,110.0
2015/02/24,111.5,111.5,109.5,110.0
2015/02/25,111.0,116.0,109.0,115.5
2015/02/26,116.0,116.0,113.5,114.5
2015/03/02,115.5,115.5,112.0,113.5
2015/03/03,114.5,116.0,113.5,114.0
2015/03/04,114.0,115.0,110.0,110.5
2015/03/05,110.0,113.0,110.0,111.0
2015/03/06,111.5,112.0,109.5,111.0
2015/03/09,110.5,113.0,110.5,112.0
2015/03/10,112.0,117.0,112.0,115.5
2015/03/11,115.5,116.0,112.5,113.0
2015/03/12,114.0,117.5,113.0,117.5
2015/03/13,119.0,125.5,118.5,125.5
2015/03/16,127.0,128.0,121.5,122.5
2015/03/17,123.0,124.0,118.5,118.5
2015/03/18,119.5,120.5,117.5,119.5
2015/03/19,120.0,120.5,115.5,119.5
2015/03/20,118.0,120.5,116.5,116.5
2015/03/23,115.5,117.5,110.5,112.5
2015/03/24,112.0,112.5,106.0,107.0
2015/03/25,105.0,106.5,100.5,101.5
2015/03/26,101.0,101.0,97.3,98.8
2015/03/27,99.1,100.5,98.0,98.0
2015/03/30,98.7,98.7,91.2,91.2
2015/03/31,92.0,93.3,88.2,93.0
2015/04/01,91.9,92.6,89.2,90.1
2015/04/02,90.3,93.9,90.3,93.9
2015/04/07,94.2,96.2,92.9,94.8
2015/04/08,95.0,95.4,94.0,94.4
2015/04/09,94.4,96.4,93.6,93.7
2015/04/10,94.0,94.7,90.0,92.4
2015/04/13,93.7,94.1,93.0,94.0
2015/04/14,94.4,99.7,94.0,98.8
2015/04/15,99.6,101.0,99.0,99.1
2015/04/16,99.9,99.9,96.7,97.0
2015/04/17,97.3,97.9,93.6,94.0
2015/04/20,92.1,93.0,91.2,91.8
2015/04/21,91.2,93.8,90.2,93.0
2015/04/22,92.8,93.1,91.5,92.1
2015/04/23,93.1,93.8,92.5,92.9
2015/04/24,92.9,93.0,91.2,91.5
2015/04/27,93.0,93.0,91.7,92.0
2015/04/28,92.0,92.2,89.6,90.1
2015/04/29,90.1,91.7,89.9,90.6
2015/04/30,90.6,93.6,90.6,92.0
2015/05/04,93.0,93.0,91.3,91.4
2015/05/05,91.5,93.2,91.2,91.8
2015/05/06,91.5,93.2,90.4,91.8
2015/05/07,91.8,94.1,91.8,93.5
2015/05/08,93.5,93.9,90.3,91.0
2015/05/11,92.4,92.8,84.7,84.7
2015/05/12,83.7,84.8,78.8,84.0
2015/05/13,84.0,86.4,82.5,85.8
2015/05/14,88.7,88.7,86.5,87.1
2015/05/15,86.5,86.6,85.0,86.1
2015/05/18,86.1,86.1,83.0,83.9
2015/05/19,83.5,85.5,83.4,84.5
2015/05/20,85.3,87.1,84.7,86.7
2015/05/21,86.4,86.9,85.6,86.3
2015/05/22,86.2,87.4,85.7,86.0
2015/05/25,85.9,86.9,85.7,86.2
2015/05/26,87.0,91.9,86.3,91.1
2015/05/27,90.7,91.6,89.5,90.9
2015/05/28,91.2,94.4,91.2,91.7
2015/05/29,92.0,92.6,90.4,90.4
2015/06/01,90.4,91.1,89.4,89.4
2015/06/02,88.9,91.6,88.8,89.3
2015/06/03,90.0,90.3,89.1,89.3
2015/06/04,89.4,90.0,85.0,85.0
2015/06/05,85.0,86.5,84.6,86.2
2015/06/08,86.2,86.2,83.0,86.2
2015/06/09,85.8,85.8,79.0,80.4
2015/06/10,80.4,84.5,80.4,83.3
2015/06/11,84.3,84.6,82.1,82.9
2015/06/12,82.9,84.2,82.5,82.5
2015/06/15,82.5,83.5,82.5,82.6
2015/06/16,82.6,82.6,79.1,80.0
2015/06/17,79.8,79.8,75.6,76.4
2015/06/18,76.2,78.5,76.2,78.0
2015/06/22,79.7,82.4,79.2,81.6
2015/06/23,83.3,83.4,81.7,82.2
2015/06/24,82.2,82.7,80.8,81.3
2015/06/25,81.8,82.4,81.1,81.6
2015/06/26,81.6,82.2,81.0,81.2
2015/06/29,80.5,80.5,78.5,78.5
2015/06/30,77.0,79.9,77.0,79.9
2015/07/01,80.3,82.6,80.3,81.0
2015/07/02,81.9,81.9,80.7,80.8
2015/07/03,80.6,81.6,80.2,81.2
2015/07/06,81.2,82.0,79.6,80.5
2015/07/07,81.4,81.8,80.0,80.1
2015/07/08,80.9,80.9,76.8,77.7
2015/07/09,76.1,76.9,73.1,74.1
2015/07/13,75.4,76.7,74.1,74.4
2015/07/14,75.0,78.1,75.0,76.2
2015/07/15,76.9,80.5,76.6,79.4
2015/07/16,80.4,80.4,77.4,77.4
2015/07/17,77.8,78.0,76.5,77.6
2015/07/20,77.8,78.1,75.5,75.5
2015/07/21,76.3,76.3,74.1,74.1
2015/07/22,74.2,74.9,72.9,73.3
2015/07/23,73.9,75.0,69.2,70.8
2015/07/24,71.5,71.5,68.2,69.3
2015/07/27,69.3,69.3,62.4,62.4
2015/07/28,60.0,61.8,57.4,60.9
2015/07/29,62.1,62.5,59.9,59.9
2015/07/30,60.8,64.8,60.1,62.7
2015/07/31,63.8,63.8,61.5,62.1
2015/08/03,62.0,62.0,59.5,60.5
2015/08/04,61.3,62.0,54.9,55.1
2015/08/05,56.0,59.4,55.4,59.0
2015/08/06,60.3,60.3,57.6,59.5
2015/08/07,59.0,63.0,58.9,62.0
2015/08/10,61.0,62.4,59.0,62.3
2015/08/11,62.7,64.2,61.5,62.0
2015/08/12,62.3,63.0,60.6,60.9
2015/08/13,61.5,61.9,60.5,61.0
2015/08/14,61.0,62.2,60.9,61.0
2015/08/17,61.4,61.4,60.1,60.9
2015/08/18,61.9,62.0,60.9,61.2
2015/08/19,61.2,61.5,60.1,60.1
2015/08/20,60.0,62.3,60.0,62.0
2015/08/21,60.5,61.5,56.1,56.5
2015/08/24,55.0,55.0,50.9,50.9
2015/08/25,47.0,51.7,47.0,51.5
2015/08/26,51.5,52.6,50.3,52.5
2015/08/27,53.5,55.6,53.5,54.6
2015/08/28,55.3,56.7,54.0,54.3
2015/08/31,54.5,55.8,54.0,55.2
2015/09/01,55.2,56.5,55.0,55.8
2015/09/02,55.3,56.1,54.5,55.9
2015/09/03,56.9,57.7,56.3,57.0
2015/09/04,57.0,59.7,56.9,57.8
2015/09/07,53.7,53.7,51.9,52.5
2015/09/08,52.5,53.7,52.5,53.0
2015/09/09,54.0,54.5,53.0,54.0
2015/09/10,53.8,55.4,53.2,54.3
2015/09/11,55.0,56.6,54.2,56.5
2015/09/14,57.5,57.5,55.3,55.4
2015/09/15,55.5,56.5,53.7,55.0
2015/09/16,55.0,55.4,54.3,54.5
2015/09/17,55.3,59.9,55.0,59.9
2015/09/18,60.2,61.8,59.5,61.3
2015/09/21,60.5,60.5,58.3,58.6
2015/09/22,60.0,60.9,59.0,59.1
2015/09/23,58.3,58.5,56.3,56.4
2015/09/24,57.0,57.6,53.2,53.8
2015/09/25,53.9,54.9,53.6,54.5
2015/09/30,53.6,54.7,52.3,53.3
2015/10/01,54.0,56.0,53.7,54.8
2015/10/02,55.0,57.4,54.8,56.1
2015/10/05,57.0,57.5,56.1,56.7
2015/10/06,57.7,58.7,55.9,55.9
2015/10/07,56.5,58.1,55.9,57.8
2015/10/08,59.1,61.3,58.0,58.6
2015/10/12,58.4,58.5,56.3,57.1
2015/10/13,57.6,58.0,57.0,57.5
2015/10/14,57.2,61.2,57.1,59.4
2015/10/15,59.4,60.7,59.2,59.4
2015/10/16,59.9,60.9,58.2,58.4
2015/10/19,58.9,61.2,58.3,60.1
2015/10/20,60.0,63.0,59.4,61.6
2015/10/21,61.9,62.3,59.6,60.4
2015/10/22,61.4,63.4,60.7,62.1
2015/10/23,65.0,68.3,64.1,68.3
2015/10/26,69.7,73.7,69.0,72.9
2015/10/27,73.5,74.0,71.1,73.2
2015/10/28,73.0,73.0,70.2,70.9
2015/10/29,72.0,73.7,70.0,70.0
2015/10/30,70.0,70.5,66.2,67.6
2015/11/02,67.6,70.6,67.2,69.2
2015/11/03,69.7,70.5,68.4,68.9
2015/11/04,69.8,72.4,69.0,71.4
2015/11/05,71.1,71.8,70.3,71.6
2015/11/06,72.4,73.7,68.5,68.9
2015/11/09,69.1,69.9,66.0,66.7
2015/11/10,66.0,68.8,66.0,68.6
2015/11/11,70.0,70.0,66.2,66.7
2015/11/12,67.3,68.3,63.4,64.2
2015/11/13,63.0,64.6,62.0,62.7
2015/11/16,61.7,63.4,61.0,62.7
2015/11/17,63.5,65.4,63.5,64.3
2015/11/18,65.0,65.3,64.2,64.6
2015/11/19,65.5,69.6,65.4,69.4
2015/11/20,69.2,69.4,67.8,67.9
2015/11/23,68.6,68.8,67.2,67.2
2015/11/24,67.3,67.3,65.5,65.5
2015/11/25,65.3,66.2,65.0,65.5
2015/11/26,66.9,66.9,65.9,66.3
2015/11/27,66.8,66.8,64.7,65.0
2015/11/30,64.5,64.9,63.4,63.6
2015/12/01,64.0,66.7,63.8,66.6
2015/12/02,66.6,69.5,66.3,66.6
2015/12/03,66.0,68.8,66.0,67.1
2015/12/04,67.1,68.8,66.3,67.8
2015/12/07,69.0,70.8,68.3,68.3
2015/12/08,68.5,68.7,66.4,66.4
2015/12/09,66.6,67.0,63.8,64.0
2015/12/10,63.8,64.9,62.1,64.0
2015/12/11,64.6,64.9,61.3,61.9
2015/12/14,61.0,61.5,59.6,61.4
2015/12/15,61.9,63.5,61.8,62.3
2015/12/16,63.5,63.5,62.3,62.6
2015/12/17,63.3,64.0,63.0,63.4
2015/12/18,63.4,63.4,62.3,63.4
2015/12/21,62.7,63.8,62.3,63.5
2015/12/22,64.5,64.7,62.1,62.2
2015/12/23,62.5,63.4,62.0,62.0
2015/12/24,62.4,62.9,60.9,60.9
2015/12/25,60.7,61.4,59.7,60.9
2015/12/28,61.0,61.9,61.0,61.3
2015/12/29,61.5,61.5,60.5,60.8
2015/12/30,61.2,62.3,61.2,61.8
2015/12/31,61.8,62.0,60.8,60.9
2016/01/05,60.3,60.3,59.3,59.3
2016/01/06,59.1,59.8,54.7,55.7
2016/01/07,54.9,55.3,50.5,51.7
2016/01/08,50.5,53.3,50.5,53.2
2016/01/11,51.8,52.5,51.3,51.9
2016/01/12,52.1,52.8,51.1,51.4
2016/01/13,52.2,52.6,51.5,52.4
2016/01/14,51.5,52.2,50.8,52.0
2016/01/15,52.6,53.2,51.2,51.7
2016/01/18,51.5,54.4,51.0,54.1
2016/01/19,54.4,54.6,53.3,53.6
2016/01/20,53.1,54.2,52.5,52.5
2016/01/21,52.5,53.5,52.1,52.7
2016/01/22,53.1,54.0,53.1,53.4
2016/01/25,53.9,54.7,53.9,54.4
2016/01/26,54.0,54.1,53.5,53.8
2016/01/27,54.8,54.8,53.5,53.5
2016/01/28,53.0,54.3,53.0,54.0
2016/01/29,54.5,58.4,54.2,58.0
2016/02/01,64.3,65.0,62.7,62.8
2016/02/02,62.8,64.0,62.0,63.0
2016/02/03,63.0,63.3,62.0,62.0
2016/02/15,60.2,62.3,60.2,61.9
2016/02/16,61.9,64.7,61.3,63.4
2016/02/17,64.5,64.5,62.6,62.6
2016/02/18,63.0,64.1,62.8,63.2
2016/02/19,63.2,66.0,63.1,64.2
2016/02/22,64.2,66.0,63.7,65.8
2016/02/23,71.0,72.3,71.0,72.3
2016/02/24,74.4,76.4,72.9,73.5
2016/02/25,78.0,80.2,76.5,77.2
2016/02/26,78.8,79.6,76.9,78.0
2016/03/01,78.2,81.0,78.1,80.1
2016/03/02,83.3,85.0,80.5,81.8
2016/03/03,81.8,82.4,80.2,81.4
2016/03/04,81.4,81.6,80.1,80.8
2016/03/07,81.0,81.3,79.7,80.2
2016/03/08,80.2,84.3,79.7,83.4
2016/03/09,82.8,83.0,81.0,81.2
2016/03/10,80.8,81.7,80.1,80.1
2016/03/11,80.3,83.2,79.9,82.5
2016/03/14,83.1,90.7,81.8,90.7
2016/03/15,90.7,91.4,85.0,85.0
2016/03/16,86.0,87.4,85.5,86.1
2016/03/17,87.2,90.0,86.1,86.6
2016/03/18,87.1,89.3,84.6,88.0
2016/03/21,89.6,90.3,87.5,87.8
2016/03/22,87.8,88.2,84.0,85.6
2016/03/23,86.0,86.0,82.4,83.9
2016/03/24,84.0,84.1,81.0,81.6
2016/03/25,81.9,84.4,80.8,81.2
2016/03/28,81.3,83.7,79.4,79.6
2016/03/29,80.0,80.1,73.1,73.4
2016/03/30,74.0,80.4,74.0,77.9
2016/03/31,79.0,79.8,77.1,78.7
2016/04/01,78.2,78.6,77.5,78.1
2016/04/06,78.1,79.7,75.7,78.2
2016/04/07,79.9,81.5,78.8,80.8
2016/04/08,79.8,81.5,79.1,79.2
2016/04/11,78.6,78.8,76.5,76.5
2016/04/12,76.5,78.3,74.1,74.2
2016/04/13,74.3,75.9,74.3,74.8
2016/04/14,76.0,76.3,72.4,72.6
2016/04/15,72.6,75.9,72.6,75.3
2016/04/18,75.3,79.9,74.1,78.7
2016/04/19,79.9,80.1,78.0,78.6
2016/04/20,78.6,80.3,76.1,76.1
2016/04/21,76.1,77.4,75.5,76.2
2016/04/22,75.4,76.5,74.0,74.7
2016/04/25,73.6,74.1,68.9,69.6
2016/04/26,69.2,72.6,69.2,72.0
2016/04/27,72.3,72.4,70.5,70.5
2016/04/28,70.6,71.7,70.1,70.3
2016/04/29,69.9,71.0,69.7,70.0
2016/05/03,70.7,70.7,68.7,69.6
2016/05/04,69.4,72.4,69.4,70.8
2016/05/05,70.8,72.0,70.2,71.5
2016/05/06,71.6,73.5,71.0,71.9
2016/05/09,71.9,73.5,70.9,72.5
2016/05/10,72.6,73.3,71.5,72.1
2016/05/11,73.7,73.8,70.2,70.2
2016/05/12,69.5,71.4,68.5,70.6
2016/05/13,71.4,72.5,69.3,72.5
2016/05/16,72.5,75.5,72.3,75.5
2016/05/17,76.0,76.4,74.3,75.5
2016/05/18,75.5,76.7,74.5,75.4
2016/05/19,75.5,76.5,72.9,72.9
2016/05/20,72.9,73.7,70.5,71.6
2016/05/23,71.3,74.1,71.3,73.7
2016/05/24,74.7,74.7,72.3,73.3
2016/05/25,74.9,80.6,74.3,80.6
2016/05/26,82.1,82.9,79.3,79.5
2016/05/27,79.5,81.8,79.5,81.3
2016/05/30,81.4,84.0,80.5,83.0
2016/05/31,82.6,83.0,81.3,81.5
2016/06/01,81.7,83.7,81.1,81.1
2016/06/02,81.1,82.1,79.6,81.2
2016/06/03,82.8,84.6,82.5,82.5
2016/06/06,82.9,82.9,80.7,81.7
2016/06/07,82.3,82.7,81.5,81.7
2016/06/08,82.5,85.3,82.3,82.5
2016/06/13,81.8,81.9,79.7,80.1
2016/06/14,80.0,81.5,79.5,79.9
2016/06/15,80.2,80.8,78.0,78.9
2016/06/16,79.0,79.1,76.7,77.5
2016/06/17,78.2,78.6,76.9,77.0
2016/06/20,77.5,80.0,77.1,79.7
2016/06/21,80.1,80.4,79.2,79.3
2016/06/22,80.0,80.1,79.1,79.2
2016/06/23,80.2,80.3,79.0,79.3
2016/06/24,82.3,85.7,81.0,82.5
2016/06/27,85.1,88.4,84.4,87.5
2016/06/28,87.6,87.9,85.8,87.9
2016/06/29,88.4,89.5,85.3,85.6
2016/06/30,85.8,86.9,84.3,84.4
2016/07/01,85.0,86.2,84.7,85.0
2016/07/04,85.1,85.7,83.7,85.3
2016/07/05,85.7,88.3,85.5,87.5
2016/07/06,87.3,87.4,85.8,85.8
2016/07/07,86.5,87.8,86.1,86.1
2016/07/11,85.4,86.1,80.5,83.5
2016/07/12,83.5,84.5,83.1,83.3
2016/07/13,84.0,84.0,81.6,82.6
2016/07/14,82.6,83.6,82.0,82.7
2016/07/15,83.0,83.5,82.2,83.0
2016/07/18,83.5,86.5,83.0,85.8
2016/07/19,86.8,87.7,86.0,86.1
2016/07/20,86.5,86.5,83.8,84.4
2016/07/21,85.0,85.4,83.8,84.4
2016/07/22,84.6,84.6,82.8,82.8
2016/07/25,83.0,84.7,83.0,84.6
2016/07/26,85.0,86.3,85.0,85.5
2016/07/27,85.7,86.2,85.1,85.2
2016/07/28,86.5,88.1,85.7,87.0
2016/07/29,88.0,88.3,86.1,87.5
2016/08/01,88.2,91.4,87.4,90.8
2016/08/02,91.4,92.1,90.1,90.8
2016/08/03,89.6,90.0,88.7,88.8
2016/08/04,88.2,90.4,88.2,89.5
2016/08/05,91.0,92.0,88.9,89.1
2016/08/08,90.5,91.0,86.7,87.2
2016/08/09,87.0,88.4,86.2,87.9
2016/08/10,88.3,88.3,86.5,87.0
2016/08/11,88.0,88.7,85.6,87.6
2016/08/12,89.0,90.3,88.1,89.5
2016/08/15,88.8,88.9,87.2,88.7
2016/08/16,88.1,89.0,86.1,86.8
2016/08/17,86.8,87.4,85.0,85.6
2016/08/18,83.8,84.5,82.8,83.2
2016/08/19,84.0,84.3,83.3,83.3
2016/08/22,83.3,83.3,80.5,80.8
2016/08/23,81.3,82.9,80.7,81.8
2016/08/24,81.8,82.0,81.0,81.4
2016/08/25,82.3,82.5,81.5,82.2
2016/08/26,82.4,82.4,81.7,81.8
2016/08/29,81.6,83.4,81.0,83.0
2016/08/30,83.0,83.3,81.7,81.8
2016/08/31,82.7,82.8,81.2,81.2
2016/09/01,81.2,82.5,80.6,81.3
2016/09/02,81.5,81.7,80.0,80.0
2016/09/05,80.0,81.3,79.1,80.6
2016/09/06,80.6,82.9,80.5,82.3
2016/09/07,82.5,86.7,82.5,85.5
2016/09/08,86.4,86.7,85.1,86.2
2016/09/09,86.0,86.0,85.1,85.4
2016/09/12,83.8,84.4,83.2,83.5
2016/09/13,84.6,84.6,81.5,82.2
2016/09/14,82.5,84.6,81.8,81.8
2016/09/19,82.4,83.8,82.4,83.4
2016/09/20,83.5,89.4,83.5,88.1
2016/09/21,88.1,90.5,88.1,88.8
2016/09/22,88.5,89.2,87.5,88.1
2016/09/23,87.7,89.3,87.7,88.5
2016/09/26,88.6,88.6,86.4,86.7
2016/09/29,87.2,88.2,86.3,87.2
2016/09/30,87.2,88.5,87.0,87.0
2016/10/03,87.9,87.9,86.0,86.0
2016/10/04,86.0,87.7,85.0,87.2
2016/10/05,87.3,87.3,85.6,85.7
2016/10/06,85.6,86.0,83.6,84.1
2016/10/07,84.5,84.8,82.5,82.7
2016/10/11,82.8,83.3,81.2,82.1
2016/10/12,82.3,82.9,81.5,82.3
2016/10/13,82.3,82.3,81.0,81.1
2016/10/14,80.2,81.3,78.8,79.1
2016/10/17,79.0,79.8,78.0,79.8
2016/10/18,79.6,81.1,79.5,80.0
2016/10/19,80.1,81.3,79.7,79.8
2016/10/20,80.1,80.6,77.2,78.0
2016/10/21,77.2,79.6,77.2,78.7
2016/10/24,79.2,79.4,78.0,78.3
2016/10/25,78.6,81.0,78.6,80.0
2016/10/26,79.7,80.4,79.4,79.6
2016/10/27,78.8,80.1,78.8,79.9
2016/10/28,80.0,80.4,79.5,79.9
2016/10/31,80.0,80.0,79.0,79.7
2016/11/01,80.0,81.6,80.0,80.3
2016/11/02,79.8,79.8,77.7,78.2
2016/11/03,78.2,78.9,77.1,77.7
2016/11/04,77.7,78.4,77.7,77.8
2016/11/07,77.9,78.8,77.7,77.7
2016/11/08,78.6,78.6,77.2,77.7
2016/11/09,80.0,80.0,75.1,75.1
2016/11/10,78.4,81.7,77.2,80.9
2016/11/11,79.7,80.9,78.1,80.9
2016/11/14,80.5,81.5,80.0,81.0
2016/11/15,82.9,82.9,81.4,81.5
2016/11/16,82.6,82.6,81.0,82.0
2016/11/17,82.5,82.8,81.4,82.5
2016/11/18,82.7,85.3,82.1,84.6
2016/11/21,85.3,87.8,83.7,84.1
2016/11/22,84.9,85.0,84.1,84.3
2016/11/23,84.8,86.3,84.7,85.3
2016/11/24,85.8,85.8,84.7,84.8
2016/11/25,85.3,86.2,84.7,85.0
2016/11/28,85.1,86.7,85.0,86.0
2016/11/29,86.0,86.5,85.2,86.2
2016/11/30,87.2,89.5,86.7,88.7
2016/12/01,89.5,90.9,88.0,89.0
2016/12/02,87.4,88.4,87.0,88.0
2016/12/05,88.0,88.1,86.8,87.4
2016/12/06,88.0,88.1,85.8,86.0
2016/12/07,86.7,87.5,85.8,87.4
2016/12/08,87.8,89.6,87.5,88.3
2016/12/09,88.3,88.9,86.1,87.3
2016/12/12,86.8,87.3,86.3,86.6
2016/12/13,86.3,87.5,86.2,86.6
2016/12/14,87.6,87.6,86.6,86.6
2016/12/15,86.2,86.4,85.0,85.6
2016/12/16,85.7,86.0,85.1,85.6
2016/12/19,86.0,86.0,84.6,84.8
2016/12/20,84.8,85.5,84.5,85.5
2016/12/21,85.7,86.0,85.1,86.0
2016/12/22,86.0,86.1,84.8,84.9
2016/12/23,85.1,85.5,84.1,84.3
2016/12/26,84.5,84.8,84.3,84.8
2016/12/27,84.8,86.0,84.7,85.8
2016/12/28,86.1,87.2,85.3,86.6
2016/12/29,86.8,87.0,86.0,86.6
2016/12/30,86.9,87.0,85.6,86.0
2017/01/03,86.3,86.7,85.6,85.6
2017/01/04,85.8,86.3,85.6,86.0
2017/01/05,86.8,89.3,86.4,89.2
2017/01/06,90.2,90.2,88.3,88.9
2017/01/09,88.8,89.9,86.5,89.5
2017/01/10,89.7,90.5,88.9,89.5
2017/01/11,90.3,91.9,89.1,91.0
2017/01/12,90.8,100.0,90.1,100.0
2017/01/13,102.5,103.5,98.9,99.0
2017/01/16,99.0,99.2,96.3,96.6
2017/01/17,97.6,102.5,97.4,99.0
2017/01/18,99.9,108.5,99.0,105.0
2017/01/19,106.0,108.0,101.5,102.0
2017/01/20,102.0,103.0,100.0,103.0
2017/01/23,102.5,103.5,101.5,102.0
2017/01/24,102.5,109.0,102.0,103.0
2017/02/02,105.5,108.0,104.0,105.0
2017/02/03,105.5,106.0,101.5,103.0
2017/02/06,103.0,103.0,94.8,95.5
2017/02/07,95.0,96.2,91.2,92.6
2017/02/08,91.8,92.3,89.8,91.5
2017/02/09,91.7,93.8,91.6,92.1
2017/02/10,92.0,93.0,90.0,90.3
2017/02/13,90.5,91.7,90.2,91.0
2017/02/14,91.8,94.2,91.0,91.4
2017/02/15,91.4,92.7,90.8,90.9
2017/02/16,92.1,92.8,91.0,91.5
2017/02/17,92.5,93.6,91.7,91.8
2017/02/20,92.1,92.5,89.1,89.1
2017/02/21,89.3,90.4,88.2,89.5
2017/02/22,90.3,90.5,89.0,89.0
2017/02/23,89.8,91.7,89.5,90.8
2017/02/24,91.2,92.5,90.8,90.8
2017/03/01,91.1,92.9,88.9,89.1
2017/03/02,90.2,90.5,87.5,88.1
2017/03/03,87.8,88.7,86.8,86.8
2017/03/06,86.9,87.5,86.5,86.8
2017/03/07,87.6,89.3,87.6,88.5
2017/03/08,89.2,89.5,87.2,87.7
2017/03/09,90.3,93.8,90.0,93.2
2017/03/10,94.1,95.0,92.0,92.5
2017/03/13,92.5,95.7,92.1,94.6
2017/03/14,95.2,95.7,93.4,93.6
2017/03/15,93.9,93.9,92.3,92.4
2017/03/16,93.0,93.5,92.2,92.5
2017/03/17,93.5,94.7,93.0,93.3
2017/03/20,93.7,93.7,92.0,92.5
2017/03/21,92.9,93.3,92.7,93.0
2017/03/22,92.1,93.8,92.0,93.5
2017/03/23,93.5,98.5,92.8,97.1
2017/03/24,98.2,99.6,97.9,98.4
2017/03/27,98.8,99.8,95.2,95.2
2017/03/28,96.4,96.5,89.5,92.5
2017/03/29,93.3,96.1,92.0,95.3
2017/03/30,95.3,96.5,94.2,95.2
2017/03/31,94.8,95.7,93.6,95.2
2017/04/05,96.3,102.0,95.8,101.0
2017/04/06,101.5,104.5,98.7,102.5
2017/04/07,103.5,109.0,101.0,107.0
2017/04/10,109.0,113.0,107.0,110.0
2017/04/11,110.5,111.0,101.0,102.5
2017/04/12,102.0,106.0,101.0,104.0
2017/04/13,104.5,110.5,104.5,106.0
2017/04/14,105.0,108.0,101.5,101.5
2017/04/17,102.5,111.5,102.0,111.5
2017/04/18,113.5,116.0,107.5,109.5
2017/04/19,110.5,115.0,109.0,114.0
2017/04/20,113.5,114.5,103.5,105.0
2017/04/21,107.5,109.5,104.5,108.5
2017/04/24,108.0,108.0,102.5,103.0
2017/04/25,104.0,105.0,101.5,103.0
2017/04/26,103.5,107.0,103.0,106.0
2017/04/27,107.0,109.0,106.0,108.0
2017/04/28,108.5,111.0,107.0,108.0
2017/05/02,109.5,114.5,107.5,114.0
2017/05/03,114.0,121.0,112.0,114.0
2017/05/04,115.0,116.0,112.5,113.0
2017/05/05,114.0,116.0,113.0,113.0
2017/05/08,113.5,115.5,109.0,109.0
2017/05/09,104.0,105.0,101.0,102.0
2017/05/10,103.5,108.5,103.5,108.5
2017/05/11,108.5,110.5,106.5,107.5
2017/05/12,107.5,109.0,105.0,107.0
2017/05/15,107.0,108.5,104.5,105.5
2017/05/16,106.5,107.0,105.0,106.0
2017/05/17,106.0,108.0,105.5,105.5
2017/05/18,103.0,104.5,102.5,104.0
2017/05/19,105.0,105.5,103.0,103.0
2017/05/22,104.0,105.5,103.0,104.0
2017/05/23,104.0,106.5,104.0,104.0
2017/05/24,104.5,108.5,104.5,106.0
2017/05/25,106.5,107.5,103.5,104.0
2017/05/26,104.5,104.5,103.5,104.0
2017/05/31,104.0,104.0,101.5,102.0
2017/06/01,102.0,104.0,101.5,103.0
2017/06/02,104.5,106.0,103.5,104.0
2017/06/05,104.0,104.5,103.0,104.0
2017/06/06,103.5,108.5,103.0,107.5
2017/06/07,106.5,108.0,105.5,105.5
2017/06/08,105.5,106.5,103.5,104.5
2017/06/09,105.0,105.0,103.0,103.0
2017/06/12,102.0,104.0,101.0,104.0
2017/06/13,104.0,105.0,103.5,104.0
2017/06/14,104.5,104.5,98.1,98.6
2017/06/15,98.6,99.7,93.7,94.1
2017/06/16,93.6,95.7,92.2,94.9
2017/06/19,95.5,96.0,94.3,94.7
2017/06/20,95.5,98.1,95.5,97.4
2017/06/21,97.0,97.0,94.9,95.5
2017/06/22,95.9,96.4,94.3,94.5
2017/06/23,94.5,95.2,92.9,93.3
2017/06/26,93.4,94.2,93.0,93.7
2017/06/27,93.9,94.8,93.0,93.5
2017/06/28,93.1,93.1,91.1,91.3
2017/06/29,92.0,94.7,91.2,91.7
2017/06/30,91.4,92.5,90.3,91.0
2017/07/03,91.5,91.9,89.3,89.7
2017/07/04,89.7,91.4,88.8,88.9
2017/07/05,89.4,89.7,87.2,89.0
2017/07/06,89.5,90.9,88.4,90.2
2017/07/07,90.5,92.4,89.6,91.5
2017/07/10,91.0,91.5,90.0,91.5
2017/07/11,91.5,92.3,90.7,90.8
2017/07/12,90.9,91.7,90.6,91.2
2017/07/13,92.0,93.5,91.7,92.9
2017/07/14,93.1,93.5,91.8,92.3
2017/07/17,92.7,92.8,90.8,91.1
2017/07/18,91.1,91.1,89.6,90.0
2017/07/19,90.3,93.8,90.0,92.0
2017/07/20,92.0,92.8,91.3,92.0
2017/07/21,92.0,92.9,91.6,91.8
2017/07/24,91.8,92.2,91.2,91.2
2017/07/25,91.4,91.8,89.8,91.2
2017/07/26,91.1,91.9,91.1,91.2
2017/07/27,91.5,95.2,91.5,95.0
2017/07/28,94.4,94.4,92.3,92.6
2017/07/31,93.3,93.5,91.8,92.0
2017/08/01,92.0,93.8,92.0,92.3
2017/08/02,92.7,93.4,91.3,91.3
2017/08/03,91.3,91.3,90.0,90.1
2017/08/04,90.2,91.2,89.7,89.9
2017/08/07,90.8,92.3,90.5,91.0
2017/08/08,91.2,91.5,90.1,90.2
2017/08/09,87.5,87.7,84.1,84.9
2017/08/10,85.1,85.4,83.4,84.2
2017/08/11,83.7,85.3,83.0,84.5
2017/08/14,84.5,84.5,82.2,82.3
2017/08/15,83.9,83.9,82.2,83.0
2017/08/16,83.0,83.8,82.4,83.3
2017/08/17,83.6,85.7,83.6,85.1
2017/08/18,84.1,84.7,83.8,83.8
2017/08/21,83.7,83.8,82.8,82.9
2017/08/22,82.8,84.0,82.8,83.2
2017/08/23,83.7,84.3,83.0,83.0
2017/08/24,83.2,84.5,83.2,84.0
2017/08/25,84.6,87.3,84.3,86.0
2017/08/28,86.3,86.3,85.1,85.1
2017/08/29,86.0,86.0,85.1,85.7
2017/08/30,85.7,85.9,85.2,85.3
2017/08/31,85.3,85.7,85.0,85.0
2017/09/01,85.2,87.5,85.2,85.9
2017/09/04,86.4,86.6,85.0,85.0
2017/09/05,85.5,86.6,85.2,85.9
2017/09/06,85.6,86.6,85.0,85.0
2017/09/07,80.9,81.9,80.5,81.1
2017/09/08,81.3,82.1,81.3,81.9
2017/09/11,81.1,81.1,79.0,79.0
2017/09/12,79.8,80.0,78.5,78.5
2017/09/13,79.0,79.2,76.6,76.6
2017/09/14,76.7,77.6,76.5,77.0
2017/09/15,77.4,78.3,77.1,77.1
2017/09/18,77.1,79.6,77.1,78.5
2017/09/19,78.2,78.6,77.1,77.1
2017/09/20,77.0,77.0,76.0,76.0
2017/09/21,76.0,77.1,76.0,76.5
2017/09/22,76.5,76.6,73.2,73.7
2017/09/25,73.9,73.9,70.7,70.9
2017/09/26,70.9,72.6,70.2,71.0
2017/09/27,72.4,72.4,71.5,71.9
2017/09/28,72.1,72.5,70.9,71.6
2017/09/29,71.6,71.6,70.4,71.0
2017/10/02,71.9,73.6,71.9,73.5
2017/10/03,73.9,73.9,72.9,73.0
2017/10/05,73.0,73.8,72.3,72.5
2017/10/06,72.7,72.7,71.1,71.5
2017/10/11,72.5,72.8,71.2,71.2
2017/10/12,71.3,72.2,71.3,71.7
2017/10/13,71.7,72.5,71.0,71.3
2017/10/16,71.5,71.9,71.0,71.5
2017/10/17,71.5,71.5,70.3,70.5
2017/10/18,70.5,72.0,70.3,71.0
2017/10/19,71.0,71.3,70.5,70.7
2017/10/20,70.5,75.3,70.5,74.3
2017/10/23,73.8,75.5,73.2,73.6
2017/10/24,73.6,74.2,72.5,73.3
2017/10/25,73.6,74.9,73.2,73.8
2017/10/26,73.8,74.1,73.2,73.6
2017/10/27,74.3,74.8,72.5,72.6
2017/10/30,72.3,73.8,71.4,73.7
2017/10/31,74.1,74.3,72.8,72.9
2017/11/01,73.5,73.5,72.6,73.1
2017/11/02,73.6,73.8,73.0,73.1
2017/11/03,73.1,73.2,72.5,72.9
2017/11/06,73.0,73.0,72.0,72.0
2017/11/07,72.0,72.6,72.0,72.4
2017/11/08,72.4,75.6,72.2,75.3
2017/11/09,73.9,73.9,70.6,72.0
2017/11/10,71.5,71.6,70.5,71.5
2017/11/13,71.2,72.0,70.7,71.8
2017/11/14,72.3,72.5,70.8,71.0
2017/11/15,71.0,71.4,70.7,71.4
2017/11/16,71.4,71.9,71.3,71.3
2017/11/17,71.5,71.9,70.8,70.8
2017/11/20,70.8,71.7,70.5,71.0
2017/11/21,71.1,71.4,70.8,70.8
2017/11/22,71.1,71.5,70.8,70.8
2017/11/23,71.0,71.3,70.4,70.7
2017/11/24,70.7,70.7,68.0,68.6
2017/11/27,68.2,68.4,67.2,67.6
2017/11/28,67.5,68.2,67.1,67.8
2017/11/29,67.5,68.1,67.2,67.2
2017/11/30,67.0,67.2,65.3,65.8
2017/12/01,66.0,66.8,64.5,64.5
2017/12/04,64.0,64.4,62.7,63.0
2017/12/05,63.0,65.8,63.0,64.4
2017/12/06,64.9,64.9,63.3,63.3
2017/12/07,63.3,64.3,63.3,63.5
2017/12/08,63.5,64.0,63.5,63.7
2017/12/11,64.6,66.5,64.6,66.2
2017/12/12,67.3,67.5,66.5,66.6
2017/12/13,66.6,67.6,66.6,67.0
2017/12/14,67.0,67.5,67.0,67.1
2017/12/15,67.1,67.9,67.0,67.0
2017/12/18,66.9,67.5,66.6,67.3
2017/12/19,67.3,67.7,66.8,67.0
2017/12/20,67.0,67.6,66.6,66.7
2017/12/21,66.7,67.4,66.6,67.2
2017/12/22,67.5,67.5,66.5,66.6
2017/12/25,66.6,67.3,66.6,67.2
2017/12/26,67.2,67.2,65.4,65.7
2017/12/27,65.5,66.6,65.3,65.7
2017/12/28,65.7,66.5,65.7,66.4
2017/12/29,66.4,68.0,66.4,67.8
2018/01/02,68.0,70.3,68.0,69.9
2018/01/03,69.9,70.4,69.3,69.6
2018/01/04,69.8,72.8,69.8,72.7
2018/01/05,72.4,73.7,71.5,71.6
2018/01/08,71.6,72.1,71.0,71.1
2018/01/09,71.2,71.6,70.3,70.3
2018/01/10,69.5,69.5,67.1,67.4
2018/01/11,68.0,68.0,67.0,67.7
2018/01/12,67.7,68.3,67.3,68.0
2018/01/16,71.7,72.1,70.6,70.7
2018/01/17,70.5,70.5,69.6,69.8
2018/01/18,69.8,70.9,69.0,70.0
2018/01/19,71.0,72.7,70.0,70.0
2018/01/22,71.1,71.1,69.8,70.0
2018/01/23,71.0,71.0,69.7,70.8
2018/01/24,70.9,70.9,69.8,69.9
2018/01/25,70.0,71.0,69.0,69.2
2018/01/26,69.5,70.1,69.2,69.2
2018/01/29,69.8,69.8,68.7,68.8
2018/01/30,68.9,69.8,68.6,68.7
2018/01/31,68.7,69.4,68.3,69.1
2018/02/01,69.3,70.0,69.3,69.3
2018/02/02,69.2,70.0,68.5,68.5
2018/02/05,67.6,68.1,66.6,68.0
2018/02/06,66.6,67.0,62.2,62.8
2018/02/07,64.7,65.4,63.5,63.8
2018/02/08,63.8,63.8,63.1,63.2
2018/02/09,61.5,61.5,56.9,60.8
2018/02/12,62.0,63.0,61.8,61.9
2018/02/21,63.9,63.9,63.0,63.4
2018/02/22,63.4,64.3,63.4,64.2
2018/02/23,64.2,64.6,64.1,64.4
2018/02/26,65.0,65.0,63.1,63.5
2018/02/27,63.5,64.0,63.3,63.3
2018/03/01,63.4,63.4,62.8,63.0
2018/03/02,62.2,62.9,62.2,62.5
2018/03/05,62.3,63.3,62.3,62.6
2018/03/06,62.8,63.7,62.8,63.0
2018/03/07,63.0,63.7,62.5,62.5
2018/03/08,62.5,63.5,62.5,62.8
2018/03/09,62.9,63.0,62.0,62.0
2018/03/12,62.0,63.5,62.0,63.0
2018/03/13,62.5,63.5,62.5,63.2
2018/03/14,63.2,65.8,63.2,64.9
2018/03/15,65.2,65.9,64.0,64.8
2018/03/16,64.8,65.6,64.1,64.7
2018/03/19,64.7,65.2,64.1,64.2
2018/03/20,64.0,64.0,63.2,63.3
2018/03/21,62.6,62.9,61.8,62.2
2018/03/22,62.0,63.1,62.0,62.4
2018/03/23,62.2,62.5,61.1,61.8
2018/03/26,61.6,61.8,61.1,61.5
2018/03/27,61.9,62.4,61.5,61.6
2018/03/28,61.6,61.9,61.4,61.8
2018/03/29,60.6,61.4,60.5,60.6
2018/03/30,61.0,61.4,60.5,60.5
2018/04/02,61.5,61.9,61.1,61.4
2018/04/03,61.1,61.1,59.0,60.4
2018/04/09,60.3,60.3,58.9,59.0
2018/04/10,59.0,59.8,59.0,59.2
2018/04/11,60.2,60.2,59.2,59.3
2018/04/12,59.0,59.0,58.5,58.5
2018/04/13,58.5,59.3,58.5,58.8
2018/04/16,58.8,59.2,58.3,58.5
2018/04/17,58.2,58.2,56.7,56.8
2018/04/18,56.5,57.2,55.7,55.9
2018/04/19,55.5,56.0,55.5,55.8
2018/04/20,55.6,55.6,53.7,54.1
2018/04/23,53.6,54.0,52.3,52.3
2018/04/24,51.8,51.8,50.5,51.2
2018/04/25,51.0,54.4,51.0,53.6
2018/04/26,54.0,54.3,51.8,51.8
2018/04/27,52.5,52.8,51.9,52.0
2018/04/30,52.4,54.0,52.4,53.4
2018/05/02,54.5,54.7,54.0,54.3
2018/05/03,54.6,54.6,52.6,53.1
2018/05/04,53.0,53.6,53.0,53.6
2018/05/07,54.0,54.0,52.6,52.7
2018/05/08,53.0,53.5,52.8,53.0
2018/05/09,53.0,53.3,52.1,52.2
2018/05/10,52.6,52.6,52.1,52.2
2018/05/11,52.7,52.8,52.1,52.4
2018/05/14,52.6,53.6,52.6,52.8
2018/05/15,52.8,52.8,52.2,52.4
2018/05/16,52.3,52.8,52.0,52.3
2018/05/17,52.5,52.8,52.0,52.6
2018/05/18,53.0,57.8,52.8,57.8
2018/05/21,58.5,61.4,58.0,60.3
2018/05/22,60.3,60.8,58.4,59.5
2018/05/23,59.5,60.2,58.8,59.8
2018/05/24,60.2,60.6,59.1,59.2
2018/05/25,59.9,59.9,59.0,59.4
2018/05/28,60.0,61.4,59.6,60.0
2018/05/29,60.5,60.8,59.8,59.8
2018/05/30,59.5,59.6,58.6,58.8
2018/05/31,59.1,59.5,58.1,58.1
2018/06/01,58.1,59.3,58.1,59.0
2018/06/04,59.4,59.7,59.0,59.3
2018/06/05,59.5,59.5,58.5,58.5
2018/06/06,58.8,59.4,58.8,59.3
2018/06/07,60.9,61.0,59.5,59.5
2018/06/08,59.5,60.0,58.8,59.7
2018/06/11,60.9,63.1,60.5,61.2
2018/06/12,61.4,61.7,60.9,61.1
2018/06/13,61.3,67.2,61.3,67.2
2018/06/14,66.8,70.0,65.6,67.5
2018/06/15,67.5,68.5,66.3,67.1
2018/06/19,67.8,69.7,67.2,67.6
2018/06/20,67.5,67.5,63.2,64.8
2018/06/21,65.3,66.0,64.9,64.9
2018/06/22,66.3,66.3,63.6,63.7
2018/06/25,63.7,64.1,61.1,61.8
2018/06/26,60.5,60.6,58.8,60.2
2018/06/27,60.2,61.6,60.2,60.2
2018/06/28,60.2,60.4,59.0,59.3
2018/06/29,59.5,61.5,59.5,60.7
2018/07/02,61.0,61.4,59.9,60.1
2018/07/03,60.8,60.8,59.1,59.2
2018/07/04,59.2,59.3,57.8,58.3
2018/07/05,58.3,59.7,57.2,58.2
2018/07/06,59.5,61.0,58.2,59.0
2018/07/09,61.0,61.9,60.3,60.7
2018/07/10,61.1,61.6,60.2,60.6
2018/07/11,60.2,60.6,59.8,59.9
2018/07/12,59.9,60.0,59.5,59.7
2018/07/13,61.5,61.5,60.5,60.5
2018/07/16,61.0,61.4,60.7,61.2
2018/07/17,62.0,63.8,61.5,63.8
2018/07/18,64.5,64.5,61.9,62.2
2018/07/19,62.2,62.6,61.0,61.2
2018/07/20,61.2,62.4,60.6,60.7
2018/07/23,60.8,60.8,60.2,60.3
2018/07/24,60.4,61.5,60.0,61.5
2018/07/25,61.5,61.5,60.5,61.3
2018/07/26,61.2,61.4,60.6,60.8
2018/07/27,60.4,61.3,60.4,61.0
2018/07/30,61.0,64.2,61.0,62.4
2018/07/31,63.5,64.3,61.6,62.0
2018/08/01,62.2,63.0,62.0,62.6
2018/08/02,63.4,64.0,61.6,61.7
2018/08/03,64.0,67.8,63.9,67.8
2018/08/06,68.2,72.6,68.2,71.3
2018/08/07,70.8,71.0,69.6,71.0
2018/08/08,71.0,72.5,70.2,70.2
2018/08/09,70.3,71.0,65.0,71.0
2018/08/10,68.8,70.5,67.4,67.6
2018/08/13,66.0,66.0,63.0,64.1
2018/08/14,65.3,65.8,63.5,65.2
2018/08/15,65.8,65.8,63.5,64.7
2018/08/16,63.8,65.1,63.7,64.5
2018/08/17,65.0,65.6,63.2,63.2
2018/08/20,64.0,64.1,62.6,62.6
2018/08/21,62.8,63.6,62.8,62.9
2018/08/22,63.0,64.3,62.8,63.0
2018/08/23,64.0,69.3,64.0,69.2
2018/08/24,70.3,70.6,67.0,68.8
2018/08/27,71.0,72.0,68.3,68.3
2018/08/28,69.3,69.3,67.5,67.7
2018/08/29,68.4,68.4,67.3,68.3
2018/08/30,67.9,70.6,67.7,68.8
2018/08/31,68.8,70.3,68.7,69.3
2018/09/03,69.3,69.7,66.0,66.4
2018/09/04,67.1,67.7,66.3,67.3
2018/09/05,67.3,67.4,66.7,66.7
2018/09/06,66.7,67.6,66.6,66.6
2018/09/07,66.7,67.0,63.1,64.7
2018/09/10,65.6,66.5,63.5,63.9
2018/09/11,64.1,65.7,63.6,64.8
2018/09/12,65.0,65.0,63.4,63.8
2018/09/13,63.8,65.0,63.8,64.3
2018/09/14,64.4,66.2,64.4,65.4
2018/09/17,65.6,66.1,64.5,64.6
2018/09/18,64.6,65.0,64.0,64.4
2018/09/19,64.4,65.0,64.1,64.2
2018/09/20,64.2,64.2,60.5,61.0
2018/09/21,61.4,62.6,61.4,62.5
2018/09/25,62.5,63.8,61.9,61.9
2018/09/26,62.0,62.5,61.7,61.7
2018/09/27,61.7,62.0,61.7,61.7
2018/09/28,61.4,62.0,61.4,61.7
2018/10/01,62.0,62.9,61.7,61.9
2018/10/02,62.0,62.0,61.4,61.4
2018/10/03,61.3,61.7,59.1,59.6
2018/10/04,59.5,59.5,56.5,57.9
2018/10/05,57.2,57.2,52.7,54.0
2018/10/08,53.9,54.2,51.3,52.1
2018/10/09,52.3,53.0,51.7,51.9
2018/10/11,51.0,51.0,47.5,49.5
2018/10/12,49.6,51.0,49.6,50.9
2018/10/15,50.5,50.6,49.5,49.6
2018/10/16,49.6,50.3,49.3,49.7
2018/10/17,51.0,52.2,50.4,50.9
2018/10/18,51.8,51.8,50.8,50.9
2018/10/19,50.1,50.7,48.7,50.6
2018/10/22,50.0,51.6,50.0,51.6
2018/10/23,51.5,51.5,50.4,50.5
2018/10/24,50.9,50.9,50.0,50.6
2018/10/25,47.6,49.5,47.6,48.8
2018/10/26,48.8,49.9,47.7,48.3
2018/10/29,48.0,49.0,48.0,48.4
2018/10/30,48.7,49.8,48.7,49.3
2018/10/31,49.8,51.3,49.8,50.7
2018/11/01,51.3,51.8,51.3,51.4
2018/11/02,52.0,53.0,51.8,51.8
2018/11/05,51.8,52.4,51.6,52.1
2018/11/06,52.4,53.0,50.7,50.7
2018/11/07,51.1,51.7,51.0,51.7
2018/11/08,52.9,53.3,51.9,52.0
2018/11/09,53.2,53.4,52.0,52.1
2018/11/12,52.4,52.9,52.2,52.3
2018/11/13,50.1,52.2,50.1,52.2
2018/11/14,53.0,53.0,51.8,51.8
2018/11/15,52.2,52.2,50.7,51.3
2018/11/16,51.8,52.5,51.6,51.9
2018/11/19,52.4,52.7,51.6,52.4
2018/11/20,52.7,52.7,51.9,52.1
2018/11/21,51.8,52.0,51.3,51.5
2018/11/22,51.5,52.0,50.8,50.8
2018/11/23,51.0,51.7,50.0,50.0
2018/11/26,51.0,51.0,49.8,50.2
2018/11/27,50.5,51.9,50.4,51.6
2018/11/28,51.6,52.8,51.6,52.4
2018/11/29,53.2,54.7,53.0,54.3
2018/11/30,54.9,56.4,54.8,55.2
2018/12/03,56.5,57.4,56.3,56.7
2018/12/04,57.0,57.2,56.3,57.0
2018/12/05,56.5,56.5,54.8,55.1
2018/12/06,55.6,55.6,53.3,53.9
2018/12/07,54.4,55.5,53.9,55.3
2018/12/10,56.3,56.4,54.0,55.0
2018/12/11,55.0,56.0,54.7,54.9
2018/12/12,55.5,56.4,54.9,55.2
2018/12/13,55.7,57.0,55.5,56.9
2018/12/14,57.4,59.0,56.0,56.0
2018/12/17,56.0,56.9,55.0,55.2
2018/12/18,55.1,55.2,53.7,54.0
2018/12/19,54.1,54.4,52.2,52.5
2018/12/20,52.4,52.4,50.3,50.8
2018/12/21,50.9,52.8,50.9,52.8
2018/12/24,52.7,53.1,52.5,52.8
2018/12/25,52.0,52.9,51.6,52.9
2018/12/26,53.0,53.6,52.8,53.0
2018/12/27,53.6,54.4,52.9,52.9
2018/12/28,52.9,53.3,52.1,52.6
2019/01/02,52.6,53.2,52.4,52.8
2019/01/03,52.8,53.2,52.8,52.8
2019/01/04,53.0,53.1,52.5,53.0
2019/01/07,53.2,53.2,52.7,53.0
2019/01/08,53.0,57.8,52.7,56.6
2019/01/09,56.3,58.7,56.3,57.6
2019/01/10,57.6,61.8,57.6,60.2
2019/01/11,61.0,62.3,59.7,61.1
2019/01/14,62.0,63.3,61.3,61.8
2019/01/15,62.7,64.5,61.9,64.5
2019/01/16,64.5,64.8,62.4,64.8
2019/01/17,64.4,65.3,64.1,64.2
2019/01/18,64.5,65.2,63.5,64.5
2019/01/21,64.5,65.3,63.7,65.3
2019/01/22,65.2,66.3,64.8,64.9
2019/01/23,64.5,65.5,63.6,64.5
2019/01/24,65.0,66.8,64.6,66.0
2019/01/25,65.8,66.4,64.5,66.0
2019/01/28,66.0,68.6,66.0,66.5
2019/01/29,66.2,66.2,64.1,64.8
2019/01/30,64.9,65.8,64.0,64.0
2019/02/11,65.0,65.5,64.4,65.1
2019/02/12,65.4,65.4,63.2,64.1
2019/02/13,63.9,65.7,63.6,65.5
2019/02/14,65.5,66.1,64.1,65.5
2019/02/15,65.6,66.3,64.2,64.5
2019/02/18,65.0,65.0,62.2,62.5
2019/02/19,62.5,65.0,62.5,65.0
2019/02/20,66.0,66.0,62.3,62.5
2019/02/21,63.0,63.7,62.2,63.7
2019/02/22,63.0,63.0,61.6,61.6
2019/02/25,61.5,62.3,61.5,61.8
2019/02/26,61.5,62.9,61.5,61.7
2019/02/27,62.0,62.0,61.1,61.2
2019/03/04,61.2,61.5,60.3,60.7
2019/03/05,60.8,62.4,60.8,61.7
2019/03/06,61.7,61.9,61.1,61.3
2019/03/07,61.0,61.2,59.8,60.0
2019/03/08,60.0,61.2,59.6,60.8
2019/03/11,60.8,60.8,60.2,60.8
2019/03/12,61.0,62.0,61.0,61.7
2019/03/13,61.8,62.7,61.0,61.4
2019/03/14,61.4,62.9,61.2,62.9
2019/03/15,62.8,63.0,62.2,62.6
2019/03/18,64.0,66.5,63.9,64.4
2019/03/19,63.8,70.8,63.8,69.6
2019/03/20,72.5,74.2,70.8,72.2
2019/03/21,72.3,73.2,71.3,72.3
2019/03/22,73.0,74.0,71.0,73.5
2019/03/25,72.2,72.3,69.0,69.0
2019/03/26,69.7,71.5,69.5,70.9
2019/03/27,71.4,71.4,69.5,69.9
2019/03/28,70.1,70.4,68.2,68.3
2019/03/29,68.7,71.0,68.0,70.5
2019/04/01,70.6,73.3,70.5,72.5
2019/04/02,73.9,79.7,73.8,78.5
2019/04/03,78.5,79.4,77.5,78.2
2019/04/08,79.3,80.4,78.1,78.1
2019/04/09,78.0,79.5,77.6,78.3
2019/04/10,78.0,78.2,76.2,76.8
2019/04/11,76.7,77.4,72.6,72.9
2019/04/12,73.1,74.5,72.5,72.5
2019/04/15,73.8,75.7,72.6,73.0
2019/04/16,72.6,73.4,71.1,73.4
2019/04/17,73.4,74.7,73.0,73.1
2019/04/18,73.9,74.3,70.7,71.3
2019/04/19,71.6,72.2,71.3,71.4
2019/04/22,71.7,72.5,70.0,70.5
2019/04/23,70.7,73.4,69.9,73.4
2019/04/24,73.1,73.6,71.5,71.9
2019/04/25,71.8,72.5,71.7,72.0
2019/04/26,71.6,71.7,69.8,70.1
2019/04/29,70.7,71.9,69.5,70.2
2019/04/30,69.5,70.7,69.4,70.3
2019/05/02,70.0,71.1,70.0,70.4
2019/05/03,70.4,73.0,70.4,72.9
2019/05/06,71.5,71.7,70.4,70.6
2019/05/07,70.8,71.8,70.6,71.6
2019/05/08,70.5,71.6,70.3,70.9
2019/05/09,70.9,71.7,68.5,68.7
2019/05/10,68.8,70.0,68.2,69.8
2019/05/13,69.8,69.8,66.2,66.8
2019/05/14,65.5,65.5,63.0,64.6
2019/05/15,65.1,68.2,65.1,67.4
2019/05/16,67.1,68.1,66.6,67.4
2019/05/17,67.9,68.7,65.5,65.5
2019/05/20,65.7,65.7,63.4,63.6
2019/05/21,63.2,64.8,63.0,64.8
2019/05/22,64.4,65.7,64.0,64.0
2019/05/23,64.0,64.0,59.5,60.4
2019/05/24,60.5,61.5,59.5,60.4
2019/05/27,60.7,61.0,58.9,59.5
2019/05/28,59.5,59.5,57.4,57.9
2019/05/29,56.9,57.0,55.5,56.5
2019/05/30,56.7,58.4,56.7,58.1
2019/05/31,58.5,59.3,57.6,58.9
2019/06/03,58.4,59.0,57.3,59.0
2019/06/04,59.0,59.4,58.3,58.4
2019/06/05,59.1,59.5,57.6,57.7
2019/06/06,58.0,58.1,56.6,56.7
2019/06/10,57.4,58.4,57.1,58.4
2019/06/11,58.9,60.2,58.4,59.3
2019/06/12,59.6,60.4,59.2,59.5
2019/06/13,59.5,60.2,59.0,59.4
2019/06/14,59.6,60.4,59.4,59.5
2019/06/17,59.6,59.7,59.0,59.5
2019/06/18,59.6,59.9,58.4,58.5
2019/06/19,59.5,60.0,59.0,60.0
2019/06/20,60.3,61.9,59.8,61.8
2019/06/21,62.3,63.3,60.9,61.0
2019/06/24,61.2,61.2,60.1,60.7
2019/06/25,60.5,61.0,60.0,60.0
2019/06/26,60.0,60.7,59.6,60.6
2019/06/27,61.0,61.5,61.0,61.0
2019/06/28,62.2,64.7,62.0,62.6
2019/07/01,63.7,67.3,63.2,66.4
2019/07/02,66.3,67.1,65.4,67.1
2019/07/03,66.9,66.9,65.2,65.3
2019/07/04,65.9,66.3,65.5,65.7
2019/07/05,66.2,66.2,65.2,65.3
2019/07/08,65.3,65.3,63.9,64.4
2019/07/09,64.5,64.9,64.2,64.6
2019/07/10,65.2,65.5,64.7,64.9
2019/07/11,65.4,66.6,65.0,65.8
2019/07/12,66.5,67.1,64.9,65.2
2019/07/15,65.2,65.9,64.8,65.0
2019/07/16,65.5,65.5,64.7,65.4
2019/07/17,66.1,66.3,65.0,65.0
2019/07/18,64.9,65.5,63.7,64.0
2019/07/19,64.1,64.7,63.9,64.4
2019/07/22,64.5,66.1,64.5,65.5
2019/07/23,65.8,67.0,65.8,66.0
2019/07/24,66.5,68.6,66.5,68.6
2019/07/25,69.3,70.1,67.6,68.4
2019/07/26,68.4,68.4,67.2,67.3
2019/07/29,67.3,67.9,66.8,67.9
2019/07/30,68.4,68.4,66.1,66.2
2019/07/31,66.0,66.9,65.9,66.7
2019/08/01,66.1,66.8,66.0,66.2
2019/08/02,65.0,65.5,62.4,62.4
2019/08/05,62.1,62.4,61.2,61.3
2019/08/06,58.7,61.3,58.7,61.3
2019/08/07,61.2,61.8,60.6,60.6
2019/08/08,61.2,62.0,60.4,61.9
2019/08/12,61.6,63.0,61.4,62.6
2019/08/13,63.0,63.0,60.9,61.2
2019/08/14,62.0,62.2,60.8,60.8
2019/08/15,60.0,60.5,59.2,60.2
2019/08/16,60.8,61.2,60.6,61.2
2019/08/19,61.5,62.3,61.3,61.4
2019/08/20,62.2,62.3,61.2,61.6
2019/08/21,61.6,64.6,61.6,64.5
2019/08/22,66.5,69.4,65.5,65.9
2019/08/23,66.1,67.4,65.2,65.9
2019/08/26,64.7,64.7,62.9,63.5
2019/08/27,64.2,67.2,64.1,66.7
2019/08/28,66.4,67.1,64.9,65.2
2019/08/29,65.5,65.8,64.3,65.0
2019/08/30,66.1,66.1,64.5,64.9
2019/09/02,65.6,65.6,64.4,64.7
2019/09/03,65.3,66.9,65.0,66.3
2019/09/04,64.7,64.7,63.7,64.1
2019/09/05,65.5,69.2,65.3,66.7
2019/09/06,66.5,67.0,65.5,67.0
2019/09/09,68.0,68.0,65.6,66.2
2019/09/10,66.4,66.5,64.8,66.5
2019/09/11,67.3,67.4,65.2,65.4
2019/09/12,66.0,66.1,65.2,65.2
2019/09/16,65.3,66.5,64.2,65.1
2019/09/17,65.4,66.0,65.1,65.1
2019/09/18,65.5,65.9,65.1,65.1
2019/09/19,65.4,67.8,65.4,66.2
2019/09/20,66.6,66.8,65.7,65.7
2019/09/23,66.1,67.5,65.3,65.4
2019/09/24,66.0,66.1,65.0,65.0
2019/09/25,65.0,65.0,64.2,64.3
2019/09/26,64.7,66.4,64.4,64.7
2019/09/27,64.9,65.0,62.4,62.7
2019/10/01,62.7,63.3,62.7,62.9
2019/10/02,62.6,63.3,62.4,62.9
2019/10/03,62.7,64.0,62.4,63.7
2019/10/04,63.9,64.3,63.1,63.3
2019/10/07,63.5,63.6,62.7,62.7
2019/10/08,62.9,62.9,61.5,62.0
2019/10/09,61.8,62.4,61.7,61.9
2019/10/14,62.1,62.1,61.2,61.4
2019/10/15,61.5,63.0,61.5,63.0
2019/10/16,63.1,63.4,61.6,62.1
2019/10/17,62.1,62.4,61.7,62.1
2019/10/18,62.2,62.7,62.0,62.0
2019/10/21,61.8,62.0,60.8,60.9
2019/10/22,61.5,61.7,61.1,61.2
2019/10/23,61.2,63.2,61.2,63.0
2019/10/24,63.3,64.2,62.7,63.5
2019/10/25,63.5,63.5,62.8,62.9
2019/10/28,63.6,63.6,62.6,63.0
2019/10/29,63.5,63.5,62.5,62.6
2019/10/30,62.8,63.4,62.5,62.7
2019/10/31,62.8,62.8,61.8,61.9
2019/11/01,62.0,62.1,61.0,62.1
2019/11/04,62.4,62.7,62.1,62.3
2019/11/05,62.5,63.3,62.3,63.3
2019/11/06,64.0,64.5,62.5,62.6
2019/11/07,62.6,62.7,61.5,61.8
2019/11/08,61.8,62.4,61.6,61.9
2019/11/11,61.8,63.3,61.3,61.7
2019/11/12,62.1,62.4,61.4,61.7
2019/11/13,64.0,64.4,62.6,62.7
2019/11/14,63.0,63.3,62.0,62.5
2019/11/15,62.9,64.2,62.3,63.9
2019/11/18,64.8,67.5,64.8,66.0
2019/11/19,66.5,67.4,65.6,65.9
2019/11/20,66.1,66.1,64.7,64.7
2019/11/21,64.2,64.5,63.3,64.2
2019/11/22,64.5,64.8,63.9,64.5
2019/11/25,65.1,68.0,64.7,67.6
2019/11/26,67.6,67.8,66.5,67.7
2019/11/27,68.0,69.6,67.1,67.6
2019/11/28,67.6,68.2,66.9,67.1
2019/11/29,67.6,68.9,66.6,68.0
2019/12/02,68.1,68.7,66.8,67.1
2019/12/03,66.9,68.5,66.6,68.5
2019/12/04,68.1,69.4,67.7,68.7
2019/12/05,69.5,73.6,69.1,72.0
2019/12/06,72.5,75.6,71.3,74.1
2019/12/09,75.9,78.5,74.2,78.2
2019/12/10,77.2,78.4,75.7,76.3
2019/12/11,76.3,78.4,75.8,77.8
2019/12/12,78.5,84.1,78.0,81.5
2019/12/13,82.7,83.0,78.9,80.0
2019/12/16,79.6,81.5,78.9,80.0
2019/12/17,81.5,83.0,80.5,80.5
2019/12/18,80.3,80.7,78.3,78.5
2019/12/19,79.4,80.8,78.1,78.5
2019/12/20,79.3,79.3,77.2,78.4
2019/12/23,79.1,79.2,75.8,75.9
2019/12/24,76.4,77.4,75.8,76.6
2019/12/25,77.3,79.6,77.2,78.5
2019/12/26,78.6,78.8,77.1,77.5
2019/12/27,77.9,79.2,77.0,78.7
2019/12/30,79.8,80.5,78.7,80.3
2019/12/31,80.0,80.0,78.9,79.0
2020/01/02,79.8,79.8,78.4,78.6
2020/01/03,79.3,79.3,75.2,75.3
2020/01/06,75.0,75.0,72.8,73.1
2020/01/07,73.4,74.0,70.1,71.5
2020/01/08,70.8,75.5,70.5,74.1
2020/01/09,73.9,76.1,73.6,76.1
2020/01/10,75.8,77.2,75.0,75.1
2020/01/13,75.9,79.5,75.4,78.6
2020/01/14,79.0,81.1,79.0,80.0
2020/01/15,79.8,82.3,79.3,80.9
2020/01/16,80.8,82.0,80.2,80.4
2020/01/17,80.3,81.8,80.0,80.6
2020/01/20,81.2,83.2,80.1,80.1
2020/01/30,72.5,74.8,72.2,73.5
2020/01/31,74.7,75.2,72.0,73.8
2020/02/03,70.8,73.2,69.5,72.6
2020/02/04,72.6,75.6,72.3,74.5
2020/02/05,74.8,74.8,73.1,73.1
2020/02/06,73.7,76.9,73.7,76.7
2020/02/07,75.8,75.8,73.0,73.1
2020/02/10,72.0,73.6,71.2,72.2
2020/02/11,73.0,73.6,72.7,73.6
2020/02/12,74.0,75.1,74.0,74.2
2020/02/13,74.6,74.9,73.6,73.7
2020/02/14,73.9,79.1,73.7,78.4
2020/02/17,78.6,79.7,77.7,79.4
2020/02/18,78.6,79.7,75.6,76.0
2020/02/19,75.9,77.4,75.8,76.9
2020/02/20,77.3,79.0,77.2,78.0
2020/02/21,77.8,78.4,77.0,77.0
2020/02/24,76.2,76.4,75.0,75.3
2020/02/25,74.1,74.8,74.0,74.3
2020/02/26,73.9,75.5,73.8,73.9
2020/02/27,74.2,74.7,70.7,70.7
2020/03/02,69.8,71.1,68.4,70.7
2020/03/03,72.5,73.1,71.5,71.7
2020/03/04,71.6,71.7,70.0,71.1
2020/03/05,71.9,72.3,70.4,70.9
2020/03/06,70.9,71.5,70.2,70.7
2020/03/09,69.9,70.5,66.6,66.6
2020/03/10,66.3,68.5,65.8,68.0
2020/03/11,69.0,69.1,66.0,66.0
2020/03/12,65.0,65.0,60.0,60.6
2020/03/13,55.8,57.0,54.6,57.0
2020/03/16,57.5,57.8,54.0,54.0
2020/03/17,52.5,53.8,50.7,51.0
2020/03/18,51.6,51.8,49.0,49.0
2020/03/19,47.1,47.6,44.1,44.1
2020/03/20,46.9,48.0,45.6,47.5
2020/03/23,44.8,44.8,43.0,44.2
2020/03/24,46.0,47.5,45.7,46.5
2020/03/25,49.1,51.1,49.1,51.1
2020/03/26,51.8,53.2,49.8,52.5
2020/03/27,53.8,54.9,52.4,52.4
2020/03/30,50.3,51.5,50.0,51.2
2020/03/31,51.9,52.8,51.1,51.4
2020/04/01,51.2,52.0,50.6,51.6
2020/04/06,52.1,53.8,51.7,53.7
2020/04/07,54.7,56.7,54.2,56.7
2020/04/08,56.7,60.0,56.1,59.7
2020/04/09,60.0,60.8,57.6,58.8
2020/04/10,59.3,59.3,57.5,58.3
2020/04/13,58.0,58.6,56.1,56.7
2020/04/14,57.4,59.5,57.4,59.1
2020/04/15,59.3,60.0,58.4,58.9
2020/04/16,58.9,62.2,58.1,61.6
2020/04/17,65.0,65.4,61.4,62.6
2020/04/20,63.4,64.4,62.2,63.3
2020/04/21,63.0,65.0,61.5,61.7
2020/04/22,60.7,62.7,60.5,62.7
2020/04/23,63.4,63.7,62.6,63.0
2020/04/24,63.2,63.9,62.5,63.1
2020/04/27,63.8,64.4,63.3,64.4
2020/04/28,64.9,65.0,63.4,64.1
2020/04/29,64.5,64.8,63.2,63.7
2020/04/30,64.5,67.3,63.8,66.4
2020/05/04,64.6,65.6,63.8,64.8
2020/05/05,65.5,71.2,65.3,70.4
2020/05/06,71.0,73.2,70.5,72.0
2020/05/07,72.1,73.5,71.6,72.1
2020/05/08,72.9,73.7,71.3,72.4
2020/05/11,73.5,76.5,72.7,75.5
2020/05/12,75.5,76.3,73.2,75.1
2020/05/13,76.5,81.7,76.2,78.3
2020/05/14,78.5,81.5,77.0,79.2
2020/05/15,82.4,83.8,79.8,80.5
2020/05/18,79.8,81.1,78.6,78.9
2020/05/19,80.0,80.2,78.4,79.9
2020/05/20,79.8,82.8,78.8,82.3
2020/05/21,82.0,83.2,80.7,80.9
2020/05/22,80.7,82.3,78.6,78.9
2020/05/25,79.8,82.0,77.5,81.5
2020/05/26,81.5,82.0,80.5,81.3
2020/05/27,81.4,82.2,79.6,79.8
2020/05/28,80.3,81.3,78.4,78.9
2020/05/29,79.3,80.8,78.6,79.9
2020/06/01,81.0,87.8,80.6,87.8
2020/06/02,87.8,87.8,82.0,83.6
2020/06/03,84.7,85.6,84.1,84.5
2020/06/04,85.1,88.3,84.7,85.1
2020/06/05,85.0,85.5,84.3,85.0
2020/06/08,85.9,86.7,84.0,84.3
2020/06/09,84.7,86.4,82.8,83.4
2020/06/10,83.8,84.5,80.7,81.5
2020/06/11,81.1,82.3,77.4,78.1
2020/06/12,76.0,77.5,75.5,77.0
2020/06/15,77.3,80.4,76.5,78.9
2020/06/16,79.8,82.5,79.3,81.7
2020/06/17,81.6,81.9,80.7,80.8
2020/06/18,80.7,81.4,79.7,80.3
2020/06/19,82.0,83.5,81.4,81.5
2020/06/22,81.5,83.5,81.1,82.2
2020/06/23,82.8,84.3,82.2,84.1
2020/06/24,86.0,87.7,84.8,86.6
2020/06/29,85.4,86.8,84.0,86.2
2020/06/30,87.6,94.8,87.5,92.0
2020/07/01,92.4,101.0,92.4,101.0
2020/07/02,104.0,111.0,103.5,111.0
2020/07/03,116.0,120.0,110.0,113.5
2020/07/06,116.5,118.0,113.0,117.5
2020/07/07,120.0,120.0,114.0,117.5
2020/07/08,129.0,129.0,129.0,129.0
2020/07/09,141.5,141.5,137.0,141.5
2020/07/10,139.0,139.0,130.0,136.0
2020/07/13,143.0,143.0,137.0,140.0
2020/07/14,138.0,138.0,132.0,132.0
2020/07/15,133.5,138.0,129.0,129.0
2020/07/16,130.0,130.0,121.5,123.0
2020/07/17,126.0,126.0,120.0,122.0
2020/07/20,121.0,127.0,120.0,125.0
2020/07/21,129.0,135.0,129.0,135.0
2020/07/22,138.0,138.0,133.0,136.5
2020/07/23,136.5,145.0,136.5,145.0
2020/07/24,150.0,159.5,149.0,159.5
2020/07/27,165.0,167.0,152.0,154.5
2020/07/28,154.5,160.0,139.5,139.5
2020/07/29,144.0,153.0,141.5,153.0
2020/07/30,152.0,154.0,145.0,150.0
2020/07/31,148.0,152.5,145.5,150.5
2020/08/03,151.0,156.5,149.0,149.0
2020/08/04,150.0,151.5,143.0,145.0
2020/08/05,146.5,151.0,146.5,149.0
2020/08/06,149.0,150.0,142.0,146.0
2020/08/07,145.0,145.0,131.5,131.5
2020/08/10,130.0,134.0,127.0,130.0
2020/08/11,130.0,134.0,125.0,127.0
2020/08/12,127.0,131.5,121.0,131.0
2020/08/13,132.0,134.0,127.5,130.0
2020/08/14,129.5,133.5,128.5,133.0
2020/08/17,132.5,132.5,126.0,127.0
2020/08/18,124.0,124.0,114.5,122.0
2020/08/19,122.0,123.5,115.5,116.0
2020/08/20,114.0,118.0,104.5,105.5
2020/08/21,109.5,116.0,108.0,116.0
2020/08/24,116.5,118.0,112.5,115.5
2020/08/25,114.5,119.5,114.0,117.5
2020/08/26,116.5,121.5,116.0,118.0
2020/08/27,118.5,120.5,113.0,113.5
2020/08/28,111.0,116.5,110.0,116.0
2020/08/31,115.0,116.0,113.0,113.0
2020/09/01,113.5,117.0,112.5,116.0
2020/09/02,117.0,119.5,115.5,115.5
2020/09/03,117.0,118.0,114.0,114.5
2020/09/04,111.0,112.5,107.0,108.5
2020/09/07,108.0,109.5,103.0,103.0
2020/09/08,105.5,111.5,104.0,106.0
2020/09/09,101.5,109.0,100.5,108.5
2020/09/10,109.5,110.0,104.5,104.5
2020/09/11,104.0,108.5,103.5,106.0
2020/09/14,106.5,111.0,105.5,110.0
2020/09/15,110.5,111.0,107.5,108.0
2020/09/16,109.0,115.0,108.5,112.5
2020/09/17,112.0,114.5,110.5,110.5
2020/09/18,111.5,112.5,110.0,111.5
2020/09/21,111.0,111.5,105.0,105.0
2020/09/22,104.5,107.5,102.5,105.0
2020/09/23,106.0,107.0,103.0,104.0
2020/09/24,102.0,105.0,100.0,101.0
2020/09/25,102.5,103.5,93.3,96.0
2020/09/28,98.1,99.8,97.5,99.6
2020/09/29,101.0,103.0,100.0,101.5
2020/09/30,100.0,103.5,99.9,103.0
2020/10/05,102.5,104.0,100.5,101.0
2020/10/06,102.5,106.0,102.0,103.0
2020/10/07,101.0,102.0,100.5,101.5
2020/10/08,103.0,103.5,100.0,101.5
2020/10/12,102.5,103.0,97.7,97.8
2020/10/13,98.7,98.9,97.1,98.7
2020/10/14,98.9,101.5,98.3,100.5
2020/10/15,101.0,101.0,98.3,99.5
2020/10/16,99.1,99.6,95.0,95.0
2020/10/19,95.0,96.6,94.2,96.6
2020/10/20,96.0,97.6,94.7,94.8
2020/10/21,95.3,97.5,95.3,95.5
2020/10/22,95.4,96.8,93.3,96.8
2020/10/23,97.8,99.8,97.0,97.2
2020/10/26,97.3,97.9,93.8,93.8
2020/10/27,93.0,93.4,91.8,92.6
2020/10/28,92.5,94.2,90.0,90.0
2020/10/29,87.6,90.5,87.4,90.5
2020/10/30,90.8,91.2,88.0,88.1
2020/11/02,88.0,90.0,87.2,89.1
2020/11/03,89.8,92.3,89.7,92.3
2020/11/04,93.0,93.1,91.1,92.2
2020/11/05,92.8,101.0,92.2,101.0
2020/11/06,100.0,110.0,99.8,107.0
2020/11/09,112.0,116.0,110.5,113.0
2020/11/10,111.0,111.5,105.5,107.0
2020/11/11,108.0,114.0,107.5,113.0
2020/11/12,114.0,116.5,108.5,111.0
2020/11/13,110.0,115.5,108.0,115.5
2020/11/16,119.0,124.5,116.0,124.5
2020/11/17,125.0,129.0,119.5,121.5
2020/11/18,123.0,124.0,119.5,121.5
2020/11/19,120.5,123.0,118.0,118.0
2020/11/20,119.0,125.5,118.0,123.5
2020/11/23,124.5,125.5,118.0,120.5
2020/11/24,121.0,121.0,116.0,119.0
2020/11/25,121.0,122.5,116.5,117.0
2020/11/26,117.5,119.5,116.5,117.0
2020/11/27,117.5,120.0,117.0,119.0
2020/11/30,119.5,120.5,115.0,115.5
2020/12/01,116.0,118.0,112.5,117.5
2020/12/02,118.5,120.0,116.0,120.0
2020/12/03,120.0,121.0,118.0,118.0
2020/12/04,118.0,118.5,114.5,114.5
2020/12/07,114.5,115.5,110.0,110.0
2020/12/08,112.0,119.0,111.0,117.5
2020/12/09,117.5,119.5,115.5,117.5
2020/12/10,115.0,115.0,111.0,112.0
2020/12/11,112.0,113.0,106.5,110.5
2020/12/14,111.5,112.0,108.5,109.5
2020/12/15,109.5,111.0,105.5,106.0
2020/12/16,108.0,111.5,107.0,110.0
2020/12/17,109.0,110.0,107.5,108.5
2020/12/18,108.5,109.0,106.5,106.5
2020/12/21,106.5,107.5,103.5,105.5
2020/12/22,105.0,111.0,104.5,106.0
2020/12/23,107.5,110.0,106.0,108.0
2020/12/24,109.0,111.0,108.0,108.5
2020/12/25,110.5,111.0,107.5,108.0
2020/12/28,108.0,110.5,106.0,109.5
2020/12/29,110.5,110.5,107.0,108.0
2020/12/30,109.0,109.5,107.5,109.5
2020/12/31,110.0,116.0,110.0,112.5
2021/01/04,113.5,114.0,110.0,111.5
2021/01/05,111.5,111.5,108.0,108.5
2021/01/06,110.0,112.5,105.5,106.0
2021/01/07,107.0,108.0,105.0,106.5
2021/01/08,109.0,114.0,108.0,112.0
2021/01/11,115.5,123.0,115.0,123.0
2021/01/12,123.0,125.0,116.5,117.0
2021/01/13,119.5,123.0,118.0,121.5
2021/01/14,120.5,125.0,118.5,120.5
2021/01/15,122.0,122.5,113.0,114.0
2021/01/18,114.0,119.0,110.5,118.5
2021/01/19,118.0,130.0,118.0,128.0
2021/01/20,130.0,132.0,121.5,124.0
2021/01/21,125.5,128.5,121.0,124.0
2021/01/22,124.5,135.0,123.0,130.0
2021/01/25,131.0,132.5,126.0,129.5
2021/01/26,128.0,129.5,117.0,118.5
2021/01/27,120.0,121.0,117.0,117.0
2021/01/28,114.0,116.0,112.0,112.0
2021/01/29,114.0,115.0,106.0,108.0
2021/02/01,108.0,108.5,105.0,106.0
2021/02/02,108.0,110.5,108.0,109.5
2021/02/03,109.0,110.0,106.0,107.0
2021/02/04,105.5,107.5,105.0,106.5
2021/02/05,106.5,108.5,106.5,107.5
2021/02/17,110.5,115.5,109.5,114.5
2021/02/18,113.5,117.0,113.0,117.0
2021/02/19,117.0,120.5,115.5,120.0
2021/02/22,121.5,124.0,117.5,123.0
2021/02/23,121.0,125.0,121.0,123.0
2021/02/24,122.5,124.5,119.0,119.0
2021/02/25,121.0,122.0,118.0,121.5
2021/02/26,119.0,120.5,118.0,118.0
2021/03/02,120.5,120.5,114.0,114.5
2021/03/03,115.0,115.5,109.5,112.0
2021/03/04,110.5,114.0,109.5,111.0
2021/03/05,110.0,112.5,109.5,111.5
2021/03/08,112.0,112.5,108.5,109.0
2021/03/09,108.0,110.0,106.0,109.5
2021/03/10,111.0,113.5,110.5,112.0
2021/03/11,112.5,114.0,112.0,113.5
2021/03/12,115.0,116.0,113.5,114.5
2021/03/15,114.0,119.0,113.0,118.0
2021/03/16,118.0,118.5,116.0,116.5
2021/03/17,117.0,120.0,117.0,117.5
2021/03/18,118.0,119.0,117.0,118.0
2021/03/19,117.0,118.0,116.0,118.0
2021/03/22,118.5,119.5,117.0,117.0
2021/03/23,118.5,121.0,117.5,117.5
2021/03/24,117.0,118.5,117.0,117.0
2021/03/25,118.5,118.5,114.5,116.0
2021/03/26,117.5,118.0,116.0,117.0
2021/03/29,118.0,118.0,117.0,117.0
2021/03/30,118.5,124.5,117.5,122.0
2021/03/31,122.0,124.0,121.0,124.0
2021/04/01,125.5,126.5,120.5,121.5
2021/04/06,122.0,123.0,119.5,120.0
2021/04/07,121.0,128.0,120.0,127.5
2021/04/08,129.0,140.0,128.0,140.0
2021/04/09,145.0,153.0,141.0,142.0
2021/04/12,144.0,145.0,128.0,128.0
2021/04/13,132.0,135.5,126.0,127.0
2021/04/14,130.0,131.0,115.0,121.5
2021/04/15,122.5,131.0,121.0,127.0
2021/04/16,127.5,132.0,125.5,125.5
2021/04/19,125.5,132.0,125.5,130.5
2021/04/20,130.5,139.0,130.0,137.0
2021/04/21,136.0,145.0,135.0,140.0
2021/04/22,144.0,146.5,126.5,131.5
2021/04/23,134.5,138.5,131.0,138.5
2021/04/26,137.0,139.5,135.5,137.0
2021/04/27,138.0,143.5,136.0,137.5
2021/04/28,137.0,141.5,137.0,138.5
2021/04/29,138.5,140.0,132.5,136.5
2021/05/03,135.5,135.5,126.0,126.5
2021/05/04,128.0,129.5,114.0,121.0
2021/05/05,119.5,122.5,114.0,114.5
2021/05/06,116.0,119.0,112.0,114.0
2021/05/07,116.5,125.0,115.5,125.0
2021/05/10,123.0,125.0,119.0,119.0
2021/05/11,115.5,117.5,107.5,109.0
2021/05/12,110.5,111.0,98.1,99.9
2021/05/13,98.0,102.0,93.0,99.0
2021/05/14,101.0,104.0,95.9,97.2
2021/05/17,88.1,97.0,87.6,88.0
2021/05/18,94.9,96.8,90.7,96.8
2021/05/19,97.0,101.0,96.1,98.9
2021/05/20,98.5,101.0,96.6,96.7
2021/05/21,100.5,100.5,98.1,99.7
2021/05/24,98.2,104.5,98.1,104.5
2021/05/25,105.5,109.5,105.0,107.5
2021/05/26,108.0,109.5,105.0,108.0
2021/05/27,108.0,112.0,107.0,107.5
2021/05/28,109.0,111.0,108.0,109.5
2021/05/31,109.5,112.0,108.5,111.0
2021/06/01,111.5,115.0,111.5,113.0
2021/06/02,114.5,114.5,108.5,111.0
2021/06/03,111.5,112.0,109.0,111.5
2021/06/04,110.0,111.0,108.5,108.5
2021/06/07,108.5,110.5,103.0,110.5
2021/06/08,109.0,110.5,108.5,110.5
2021/06/09,112.0,121.5,111.5,121.5
2021/06/10,121.5,122.0,116.5,118.0
2021/06/11,120.0,128.5,118.0,125.0
2021/06/15,127.5,137.5,126.0,132.5
2021/06/16,132.5,136.5,129.0,132.5
2021/06/17,131.5,135.0,129.0,135.0
2021/06/18,138.0,140.0,134.0,137.0
2021/06/21,135.5,137.5,126.5,128.0
2021/06/22,130.0,133.0,126.5,127.5
2021/06/23,129.0,135.0,128.5,134.5
2021/06/24,136.5,138.0,130.5,136.0
2021/06/25,137.5,139.5,131.5,132.5
2021/06/28,133.0,133.5,129.0,133.0
2021/06/29,135.0,135.0,129.0,129.0
2021/06/30,130.0,132.5,127.0,132.0
2021/07/01,130.0,131.5,123.5,125.5
2021/07/02,124.5,130.5,124.5,128.5
2021/07/05,129.5,135.0,128.0,133.0
2021/07/06,135.0,136.5,131.0,133.0
2021/07/07,133.0,145.0,132.0,140.0
2021/07/08,138.0,139.5,132.5,134.0
2021/07/09,132.0,134.0,129.0,131.0
2021/07/12,133.0,139.0,132.0,139.0
2021/07/13,142.0,150.0,140.0,145.0
2021/07/14,149.0,153.0,140.5,153.0
2021/07/15,151.5,152.5,147.5,149.0
2021/07/16,146.5,154.5,145.5,148.0
2021/07/19,148.0,149.0,141.5,142.5
2021/07/20,141.0,146.0,137.0,138.0
2021/07/21,140.5,144.5,138.5,142.0
2021/07/22,143.5,146.0,140.0,144.0
2021/07/23,144.0,148.5,142.5,146.0
2021/07/26,146.0,160.5,146.0,156.5
2021/07/27,156.0,156.5,145.0,146.0
2021/07/28,146.0,146.0,131.5,142.5
2021/07/29,149.0,156.0,144.5,151.0
2021/07/30,148.0,159.5,148.0,155.5
2021/08/02,159.5,171.0,158.5,169.0
2021/08/03,170.0,173.0,163.0,168.0
2021/08/04,169.0,169.0,162.0,165.5
2021/08/05,167.0,171.0,160.0,160.5
2021/08/06,160.0,161.5,152.5,153.0
2021/08/09,153.0,155.5,144.5,145.5
2021/08/10,143.5,146.5,137.5,146.5
2021/08/11,142.0,144.0,135.0,137.5
2021/08/12,149.0,149.0,142.0,144.5
2021/08/13,147.0,150.0,137.0,139.0
2021/08/16,136.5,139.5,131.5,136.5
2021/08/17,136.5,140.5,130.5,133.0
2021/08/18,132.0,146.0,130.5,146.0
2021/08/19,150.0,160.5,149.0,154.0
2021/08/20,157.0,166.5,155.0,157.5
2021/08/23,158.0,162.0,157.5,160.0
2021/08/24,161.0,170.0,158.5,160.0
2021/08/25,156.5,159.0,152.0,155.0
2021/08/26,153.5,157.0,140.0,146.5
2021/08/27,145.0,147.5,141.0,145.0
2021/08/30,145.5,154.5,143.0,152.5
2021/08/31,153.5,155.5,147.5,148.5
2021/09/01,147.0,151.0,143.0,150.0
2021/09/02,148.0,153.0,144.5,144.5
2021/09/03,145.0,148.5,142.5,143.5
2021/09/06,143.0,145.5,137.5,139.0
2021/09/07,139.0,140.5,132.0,136.0
2021/09/08,137.5,137.5,129.0,130.5
2021/09/09,130.5,135.5,129.5,131.5
2021/09/10,131.5,133.5,130.0,133.5
2021/09/13,133.5,133.5,129.0,129.0
2021/09/14,129.5,130.0,124.0,125.0
2021/09/15,125.5,126.0,117.5,121.0
2021/09/16,120.0,123.0,115.0,116.0
2021/09/17,117.5,123.0,117.0,122.0
2021/09/22,117.5,125.0,117.0,121.5
2021/09/23,124.5,125.0,119.5,119.5
2021/09/24,121.0,124.0,120.0,124.0
2021/09/27,123.0,123.0,120.5,122.0
2021/09/28,121.5,121.5,118.5,119.5
2021/09/29,117.0,119.5,115.0,116.0
2021/09/30,118.5,124.0,118.0,121.0
2021/10/01,118.0,120.5,117.0,117.0
2021/10/04,118.5,119.5,105.5,106.5
2021/10/05,102.0,111.5,98.5,110.5
2021/10/06,111.0,112.5,108.0,108.5
2021/10/07,109.0,117.0,109.0,116.0
2021/10/08,115.5,118.0,113.5,118.0
2021/10/12,118.0,120.5,112.5,114.0
2021/10/13,115.5,115.5,109.0,109.5
2021/10/14,112.0,115.0,111.5,112.0
2021/10/15,115.5,117.0,114.5,115.0
2021/10/18,116.5,117.5,113.0,113.0
2021/10/19,113.5,122.0,113.0,118.5
2021/10/20,118.0,127.5,118.0,125.0
2021/10/21,125.0,125.5,118.5,120.0
2021/10/22,118.5,120.5,115.5,119.0
2021/10/25,118.5,121.0,115.0,119.5
2021/10/26,121.0,127.5,120.0,121.5
2021/10/27,121.5,124.5,120.5,123.5
2021/10/28,125.0,129.0,123.5,127.0
2021/10/29,128.0,130.0,125.5,128.0
2021/11/01,130.0,131.0,127.5,128.5
2021/11/02,129.0,129.5,120.0,121.0
2021/11/03,121.5,126.0,120.5,124.0
2021/11/04,124.5,127.5,123.0,127.5
2021/11/05,128.0,131.0,124.0,125.0
2021/11/08,123.5,124.0,120.5,121.5
2021/11/09,123.0,124.0,120.5,121.0
2021/11/10,121.5,123.5,120.5,122.5
2021/11/11,121.5,122.0,119.0,119.0
2021/11/12,119.5,121.0,115.0,115.0
2021/11/15,117.0,124.5,116.5,123.5
2021/11/16,122.5,124.0,119.0,120.0
2021/11/17,121.0,123.0,119.0,121.0
2021/11/18,122.0,124.5,118.0,118.5
2021/11/19,119.5,121.0,116.0,117.5
2021/11/22,118.0,121.0,117.0,119.5
2021/11/23,119.0,120.0,116.0,116.5
2021/11/24,117.0,118.0,115.0,116.0
2021/11/25,117.0,119.0,114.0,115.0
2021/11/26,115.5,115.5,110.5,110.5
2021/11/29,107.5,112.0,105.5,111.5
2021/11/30,113.0,114.5,110.5,111.0
2021/12/01,110.0,112.5,107.5,112.0
2021/12/02,112.0,113.5,109.0,109.0
2021/12/03,110.5,114.0,110.0,113.0
2021/12/06,113.5,113.5,111.0,112.0
2021/12/07,112.0,114.0,110.0,110.5
2021/12/08,112.5,114.5,111.5,114.5
2021/12/09,113.5,114.0,111.0,111.0
2021/12/10,111.0,112.0,110.0,111.0
2021/12/13,111.5,112.0,110.0,111.0
2021/12/14,111.0,112.0,108.0,108.0
2021/12/15,108.5,111.5,108.0,111.5
2021/12/16,112.0,116.0,111.0,115.0
2021/12/17,114.5,116.5,113.5,115.5
2021/12/20,114.5,116.0,113.5,114.5
2021/12/21,116.5,116.5,114.5,114.5
2021/12/22,115.5,118.0,114.5,117.0
2021/12/23,118.5,118.5,116.0,116.0
2021/12/24,117.0,117.0,115.0,115.0
2021/12/27,115.5,118.5,115.5,116.5
2021/12/28,117.5,118.0,115.5,115.5
2021/12/29,116.0,116.5,114.5,115.5
2021/12/30,116.0,117.5,116.0,116.5
2022/01/03,118.0,118.0,116.0,116.5
2022/01/04,118.0,121.0,117.5,118.5
2022/01/05,117.5,118.0,115.0,115.5
2022/01/06,115.0,115.0,112.5,113.0
2022/01/07,114.0,114.0,108.5,111.0
2022/01/10,113.0,117.5,111.5,116.5
2022/01/11,117.5,119.5,114.0,114.5
2022/01/12,117.5,118.5,114.5,115.0
2022/01/13,116.5,120.5,115.0,119.5
2022/01/14,120.5,122.0,117.5,118.5
2022/01/17,121.0,125.0,120.5,121.5
2022/01/18,121.5,123.0,118.0,119.0
2022/01/19,116.0,117.0,115.0,115.0
2022/01/20,113.5,114.5,111.0,112.0
2022/01/21,110.0,112.5,110.0,110.5
2022/01/24,109.0,110.5,105.5,110.0
2022/01/25,108.5,110.0,106.0,106.5
2022/01/26,107.5,108.5,106.0,106.5
2022/02/07,109.0,110.0,107.0,109.0
2022/02/08,109.5,112.0,109.0,111.0
2022/02/09,112.0,113.0,111.0,113.0
2022/02/10,113.0,113.5,111.0,112.0
2022/02/11,110.5,115.5,110.5,114.0
2022/02/14,111.5,112.0,110.5,110.5
2022/02/15,110.5,112.0,109.5,109.5
2022/02/16,112.0,112.5,110.0,111.0
2022/02/17,111.0,112.0,109.0,109.0
2022/02/18,108.0,110.5,108.0,110.0
2022/02/21,109.0,110.5,108.5,109.5
2022/02/22,109.0,109.5,107.0,107.5
2022/02/23,107.5,109.5,107.5,109.0
2022/02/24,108.0,108.5,105.0,105.5
2022/02/25,108.0,108.0,105.0,106.0
2022/03/01,107.0,108.0,106.0,107.5
2022/03/02,106.5,107.0,105.5,107.0
2022/03/03,108.5,109.0,107.5,107.5
2022/03/04,107.0,107.5,106.0,106.0
2022/03/07,105.5,105.5,100.0,101.0
2022/03/08,99.1,101.5,96.8,96.8
2022/03/09,98.7,99.9,97.9,98.5
2022/03/10,100.5,103.5,100.5,102.0
2022/03/11,102.0,103.5,100.5,101.0
2022/03/14,101.5,103.0,100.5,100.5
2022/03/15,100.5,101.0,97.7,97.7
2022/03/16,99.0,99.8,97.8,97.9
2022/03/17,99.5,102.5,99.5,102.5
2022/03/18,103.0,104.0,101.5,104.0
2022/03/21,104.5,105.5,103.0,103.0
2022/03/22,103.5,105.0,103.5,105.0
2022/03/23,106.0,106.5,104.0,104.0
2022/03/24,104.0,105.0,103.5,105.0
2022/03/25,106.0,106.5,104.0,104.0
2022/03/28,103.0,103.0,100.5,102.5
2022/03/29,103.5,104.5,103.0,103.5
2022/03/30,105.0,106.0,104.5,104.5
2022/03/31,105.5,105.5,101.5,102.0
2022/04/01,101.0,104.0,100.5,102.0
2022/04/06,101.5,102.0,100.5,102.0
2022/04/07,101.5,101.5,99.0,99.0
2022/04/08,100.0,100.0,97.1,98.3
2022/04/11,98.9,99.5,95.3,95.6
2022/04/12,95.6,96.3,94.3,95.2
2022/04/13,96.0,96.9,95.8,96.5
2022/04/14,97.2,97.2,94.0,94.1
2022/04/15,93.8,93.8,91.0,91.1
2022/04/18,90.1,92.3,89.8,91.8
2022/04/19,92.3,94.5,92.3,94.2
2022/04/20,95.2,96.2,95.0,95.7
2022/04/21,95.7,96.6,95.5,96.2
2022/04/22,95.4,95.5,92.7,93.6
2022/04/25,90.5,91.9,89.7,90.1
2022/04/26,91.5,91.5,89.9,89.9
2022/04/27,87.5,89.0,86.5,87.5
2022/04/28,90.3,90.9,88.5,89.5
2022/04/29,91.4,92.3,90.1,90.2
2022/05/03,90.2,91.4,89.1,89.9
2022/05/04,90.2,90.9,89.0,89.4
2022/05/05,90.7,95.5,90.6,94.9
2022/05/06,93.0,94.3,92.5,93.7
2022/05/09,93.2,93.3,90.1,90.1
2022/05/10,88.7,93.6,88.2,93.3
2022/05/11,92.5,95.2,92.5,93.5
2022/05/12,96.5,102.5,95.7,99.9
2022/05/13,103.0,104.5,98.8,101.5
2022/05/16,102.5,103.0,97.6,97.6
2022/05/17,98.0,98.6,96.5,98.1
2022/05/18,99.8,101.5,98.5,100.5
2022/05/19,97.5,102.0,97.5,101.5
2022/05/20,101.5,102.0,100.0,101.0
2022/05/23,102.0,102.5,99.7,100.5
2022/05/24,101.0,101.0,98.2,98.2
2022/05/25,99.1,102.0,98.3,100.5
2022/05/26,102.0,104.0,101.5,103.0
2022/05/27,104.5,105.0,103.0,104.0
2022/05/30,105.0,106.0,104.0,106.0
2022/05/31,106.0,106.5,104.5,105.5
2022/06/01,105.0,107.0,104.0,105.0
2022/06/02,105.0,106.0,103.0,103.0
2022/06/06,103.5,105.0,102.0,104.5
2022/06/07,103.5,106.0,103.5,105.0
2022/06/08,105.5,108.5,105.5,107.5
2022/06/09,106.0,107.0,104.5,106.0
2022/06/10,104.5,104.5,101.0,102.0
2022/06/13,99.1,100.5,99.0,100.0
2022/06/14,101.0,105.0,100.0,105.0
2022/06/15,105.0,105.5,103.0,103.5
2022/06/16,106.0,106.0,100.5,100.5
2022/06/17,99.7,101.0,98.2,99.9
2022/06/20,100.0,100.0,92.8,92.8
2022/06/21,93.6,95.0,93.1,94.3
2022/06/22,94.3,94.3,87.7,88.9
2022/06/23,88.9,89.7,86.0,87.0
2022/06/24,88.2,90.0,87.8,88.2
2022/06/27,89.6,92.5,89.5,91.9
2022/06/28,92.0,92.0,89.0,90.5
2022/06/29,89.2,89.9,88.2,89.1
2022/06/30,88.0,88.2,85.0,85.1
2022/07/01,85.0,85.7,78.9,78.9
2022/07/04,78.3,79.9,77.1,77.5
2022/07/05,79.0,80.9,77.4,80.6
2022/07/06,79.6,80.3,76.8,77.0
2022/07/07,77.8,79.5,75.7,79.0
2022/07/08,82.0,83.1,81.0,82.2
2022/07/11,82.6,82.9,80.5,80.8
2022/07/12,79.5,79.5,77.3,77.3
2022/07/13,80.4,80.6,78.1,79.6
2022/07/14,75.1,78.9,74.6,78.5
2022/07/15,78.5,82.7,78.1,81.9
2022/07/18,82.6,84.8,82.1,83.7
2022/07/19,83.3,85.2,83.0,84.6
2022/07/20,86.2,88.4,85.9,87.0
2022/07/21,87.1,89.7,86.6,89.0
2022/07/22,89.6,91.9,88.9,90.8
2022/07/25,90.7,91.7,89.7,90.8
2022/07/26,90.4,90.6,88.5,88.8
2022/07/27,88.2,90.4,87.9,90.3
2022/07/28,91.6,91.9,90.4,90.6
2022/07/29,91.5,92.7,91.0,91.5
2022/08/01,90.8,92.3,90.6,92.0
2022/08/02,91.0,91.9,89.6,91.5
2022/08/03,91.0,91.7,87.9,87.9
2022/08/04,88.0,90.7,87.5,90.2
2022/08/05,91.4,92.3,91.1,92.1
2022/08/08,91.9,93.7,91.9,93.6
2022/08/09,94.5,94.6,91.7,93.1
2022/08/10,91.6,93.7,91.6,93.5
2022/08/11,96.7,99.7,94.3,94.3
2022/08/12,94.0,97.4,93.3,96.3
2022/08/15,96.5,98.5,96.3,98.0
2022/08/16,97.7,98.5,96.8,97.3
2022/08/17,97.0,97.1,95.2,95.5
2022/08/18,94.7,97.2,94.0,97.0
2022/08/19,97.7,99.5,97.6,97.9
2022/08/22,97.0,98.0,96.2,96.2
2022/08/23,95.1,95.9,94.4,95.3
2022/08/24,96.4,96.7,94.2,94.8
2022/08/25,96.0,96.6,95.0,95.6
2022/08/26,97.0,98.1,96.2,96.6
2022/08/29,93.4,93.9,92.5,93.3
2022/08/30,94.0,94.5,92.0,93.3
2022/08/31,93.6,98.0,93.4,97.3
2022/09/01,97.0,97.3,95.4,95.8
2022/09/02,96.1,97.9,94.5,94.5
2022/09/05,95.0,95.3,91.1,91.1
2022/09/06,91.5,91.9,88.0,89.1
2022/09/07,88.0,89.6,86.5,88.5
2022/09/08,89.5,89.9,88.0,89.8
2022/09/12,92.8,92.8,91.5,91.8
2022/09/13,92.8,94.7,92.7,93.0
2022/09/14,90.5,94.6,90.2,93.8
2022/09/15,93.9,95.8,93.4,93.4
2022/09/16,93.4,94.9,93.0,93.1
2022/09/19,93.8,93.8,91.3,91.8
2022/09/20,92.9,93.2,92.0,93.0
2022/09/21,93.2,93.3,91.5,91.9
2022/09/22,91.6,92.3,89.8,92.2
2022/09/23,92.8,93.3,89.5,90.0
2022/09/26,88.8,88.9,83.2,84.2
2022/09/27,84.0,85.4,82.0,85.3
2022/09/28,85.5,85.5,80.0,80.0
2022/09/29,81.1,82.3,80.3,80.9
2022/09/30,78.5,82.8,78.3,82.7
2022/10/03,81.5,84.3,81.4,83.4
2022/10/04,84.8,85.3,84.0,85.2
2022/10/05,86.9,87.2,85.3,85.4
2022/10/06,86.0,86.2,85.1,85.3
2022/10/07,85.0,86.2,84.6,85.7
2022/10/11,82.7,83.7,81.5,81.7
2022/10/12,82.0,82.7,80.2,81.2
2022/10/13,82.2,82.2,77.5,77.6
2022/10/14,80.2,81.9,80.0,81.6
2022/10/17,80.1,81.4,78.3,81.3
2022/10/18,82.2,82.9,81.3,82.0
2022/10/19,82.5,83.4,81.6,81.7
2022/10/20,81.0,81.4,80.0,81.0
2022/10/21,81.1,82.2,80.0,80.0
2022/10/24,81.6,83.2,81.6,81.6
2022/10/25,82.1,82.3,80.2,80.2
2022/10/26,80.2,81.1,79.8,80.2
2022/10/27,80.7,83.4,80.7,83.4
2022/10/28,82.2,82.8,81.0,81.3
2022/10/31,82.2,85.0,82.2,84.7
2022/11/01,84.8,87.2,84.8,86.5
2022/11/02,86.5,87.4,86.3,86.4
2022/11/03,84.7,88.2,84.7,87.6
2022/11/04,87.3,90.1,87.1,89.9
2022/11/07,90.2,93.3,89.4,90.9
2022/11/08,93.0,95.5,92.3,93.5
2022/11/09,93.5,95.8,92.6,93.8
2022/11/10,93.0,94.6,91.9,94.0
2022/11/11,97.2,98.0,93.3,93.5
2022/11/14,96.4,96.5,93.8,94.4
2022/11/15,95.3,96.3,94.4,95.0
2022/11/16,96.5,104.5,96.5,102.5
2022/11/17,103.5,107.0,102.0,105.0
2022/11/18,105.5,107.0,102.0,103.0
2022/11/21,104.5,110.5,103.5,107.5
2022/11/22,107.5,110.0,106.5,108.5
2022/11/23,108.5,110.0,107.0,109.0
2022/11/24,109.0,109.5,106.5,109.0
2022/11/25,109.5,115.0,109.0,112.5
2022/11/28,113.0,115.5,110.0,111.0
2022/11/29,110.5,110.5,107.0,109.5
2022/11/30,110.0,120.0,110.0,119.5
2022/12/01,122.5,129.5,120.5,126.5
2022/12/02,128.5,131.0,127.0,129.5
2022/12/05,130.0,131.0,128.0,130.5
2022/12/06,131.0,133.0,129.5,130.0
2022/12/07,130.0,130.0,122.0,125.5
2022/12/08,126.5,130.5,125.0,129.0
2022/12/09,127.0,127.5,116.5,116.5
2022/12/12,115.0,119.0,115.0,118.0
2022/12/13,118.5,119.0,115.0,117.0
2022/12/14,117.0,120.0,115.0,118.5
2022/12/15,117.5,119.5,117.0,118.5
2022/12/16,116.5,118.5,116.0,117.0
2022/12/19,116.0,120.0,115.0,118.0
2022/12/20,118.0,119.0,112.5,113.0
2022/12/21,114.0,118.5,112.0,113.0
2022/12/22,115.0,117.5,114.5,115.5
2022/12/23,114.5,115.0,108.5,111.5
2022/12/26,112.5,115.5,111.5,114.0
2022/12/27,114.0,119.5,114.0,119.0
2022/12/28,119.0,120.5,115.0,115.0
2022/12/29,113.5,116.5,112.0,115.0
2022/12/30,116.5,117.0,112.0,112.5
2023/01/03,113.0,118.5,112.5,118.0
2023/01/04,117.0,118.5,116.0,118.0
2023/01/05,118.0,120.0,116.0,117.5
2023/01/06,117.0,119.0,116.5,118.5
2023/01/09,120.0,121.0,117.0,117.5
2023/01/10,121.0,123.5,115.5,116.5
2023/01/11,116.5,117.0,113.5,114.0
2023/01/12,114.5,115.5,113.5,113.5
2023/01/13,114.5,116.0,113.5,114.0
2023/01/16,114.0,114.5,112.5,113.0
2023/01/17,113.0,117.0,113.0,116.5
2023/01/30,118.5,122.5,118.0,120.5
2023/01/31,122.0,125.0,121.0,124.0
2023/02/01,125.0,126.0,124.0,124.5
2023/02/02,126.5,128.0,122.0,124.5
2023/02/03,125.5,127.0,123.0,124.5
2023/02/06,124.0,124.0,116.0,118.5
2023/02/07,118.5,124.0,118.0,123.0
2023/02/08,126.0,130.0,125.0,126.0
2023/02/09,125.5,127.5,124.0,124.5
2023/02/10,125.0,125.5,120.0,120.5
2023/02/13,121.0,121.5,120.0,120.5
2023/02/14,122.0,123.5,121.0,121.0
2023/02/15,121.0,122.0,118.5,119.5
2023/02/16,122.0,122.5,120.0,122.5
2023/02/17,121.0,122.0,121.0,121.5
2023/02/20,122.0,124.5,121.5,123.5
2023/02/21,123.0,125.5,123.0,125.0
2023/02/22,124.5,125.0,119.0,120.5
2023/02/23,121.0,126.5,120.5,125.5
2023/02/24,126.5,127.5,123.5,123.5
2023/03/01,123.0,125.5,123.0,125.0
2023/03/02,125.0,125.0,122.0,122.5
2023/03/03,123.5,123.5,121.0,121.0
2023/03/06,122.5,123.0,121.0,122.5
2023/03/07,122.5,125.0,122.0,124.5
2023/03/08,123.5,126.5,123.0,126.5
2023/03/09,127.5,129.5,123.0,124.0
2023/03/10,123.0,123.5,119.0,120.0
2023/03/13,120.0,121.0,117.5,121.0
2023/03/14,119.5,120.0,118.0,119.5
2023/03/15,121.0,122.0,119.0,119.0
2023/03/16,120.5,120.5,116.5,117.5
2023/03/17,120.0,120.0,117.5,118.0
2023/03/20,118.5,121.0,118.5,119.5
2023/03/21,121.0,131.0,121.0,130.0
2023/03/22,133.0,143.0,132.5,143.0
2023/03/23,146.0,148.5,143.0,144.0
2023/03/24,145.5,146.5,141.0,146.0
2023/03/27,145.5,145.5,141.0,143.0
2023/03/28,142.5,143.5,133.5,136.0
2023/03/29,138.0,138.5,133.0,134.5
2023/03/30,136.0,137.5,135.0,137.0
2023/03/31,138.0,138.0,134.0,135.0
2023/04/06,133.0,133.5,131.0,132.0
2023/04/07,133.5,135.5,133.0,134.5
2023/04/10,135.0,135.5,132.0,133.0
2023/04/11,134.0,137.0,133.5,135.5
2023/04/12,137.0,144.0,135.5,141.5
2023/04/13,141.0,141.0,136.0,136.5
2023/04/14,138.0,144.0,137.5,140.0
2023/04/17,140.5,143.5,139.5,142.5
2023/04/18,142.5,142.5,137.5,138.0
2023/04/19,139.0,140.0,136.5,138.0
2023/04/20,139.0,140.0,134.5,135.0
2023/04/21,134.5,136.0,128.5,128.5
2023/04/24,129.5,131.5,128.0,129.5
2023/04/25,129.5,130.0,123.0,124.0
2023/04/26,124.0,127.5,123.5,126.5
2023/04/27,125.5,127.5,122.5,126.5
2023/04/28,128.0,129.5,127.5,128.5
2023/05/02,129.0,132.0,128.0,131.5
2023/05/03,130.5,131.5,128.5,131.0
2023/05/04,131.5,131.5,128.5,130.5
2023/05/05,129.5,135.5,129.5,134.5
2023/05/08,136.5,137.5,134.5,134.5
2023/05/09,138.5,140.5,134.0,136.0
2023/05/10,135.0,136.5,134.0,134.5
2023/05/11,136.0,136.5,133.0,133.5
2023/05/12,136.0,138.0,134.0,136.0
2023/05/15,136.0,137.5,134.0,134.5
2023/05/16,136.5,142.0,136.0,142.0
2023/05/17,144.0,146.0,140.0,141.0
2023/05/18,142.0,144.0,139.0,142.0
2023/05/19,145.0,148.0,142.5,147.0
2023/05/22,152.0,157.0,146.0,147.0
2023/05/23,146.5,155.0,146.5,154.5
2023/05/24,153.0,156.5,152.5,155.5
2023/05/25,158.0,161.5,152.5,159.5
2023/05/26,164.0,168.0,158.5,163.0
2023/05/29,165.0,168.5,160.5,162.5
2023/05/30,161.5,167.5,160.5,167.0
2023/05/31,168.5,169.0,162.0,163.0
2023/06/01,163.0,165.0,161.5,163.5
2023/06/02,165.0,166.0,162.5,164.0
2023/06/05,165.5,171.5,164.0,168.0
2023/06/06,168.0,168.5,163.0,165.0
2023/06/07,166.0,178.5,165.0,177.0
2023/06/08,177.0,178.0,168.0,170.0
2023/06/09,168.0,172.0,162.5,169.5
2023/06/12,172.0,173.0,166.0,169.0
2023/06/13,171.0,175.0,170.5,171.5
2023/06/14,173.5,175.0,169.0,171.0
2023/06/15,172.0,176.5,171.0,172.5
2023/06/16,176.5,179.5,169.5,169.5
2023/06/19,168.5,172.0,167.5,170.5
2023/06/20,171.5,175.0,166.5,173.0
2023/06/21,173.0,177.0,172.5,175.5
2023/06/26,174.5,175.0,172.0,172.5
2023/06/27,172.5,175.0,169.0,169.5
2023/06/28,172.0,172.5,167.5,167.5
2023/06/29,169.0,172.0,169.0,171.0
2023/06/30,171.0,174.0,170.0,173.5
2023/07/03,174.5,188.5,174.0,186.0
2023/07/04,184.5,184.5,175.0,181.5
2023/07/05,180.0,183.0,177.0,179.5
2023/07/06,179.5,180.5,176.5,176.5
2023/07/07,177.5,179.0,174.0,174.5
2023/07/10,176.0,177.5,173.5,173.5
2023/07/11,175.5,178.5,173.0,177.0
2023/07/12,178.5,179.5,175.0,175.0
2023/07/13,175.0,182.0,173.0,178.0
2023/07/14,182.0,190.0,177.0,186.5
2023/07/17,187.5,193.0,182.5,183.0
2023/07/18,186.0,186.5,180.0,182.5
2023/07/19,189.0,193.0,184.0,187.0
2023/07/20,187.0,189.5,184.0,185.5
2023/07/21,181.0,189.0,180.5,187.5
2023/07/24,190.0,192.0,185.0,186.5
2023/07/25,188.0,204.5,187.5,198.0
2023/07/26,197.0,205.5,195.0,198.5
2023/07/27,201.0,203.0,197.5,202.0
2023/07/28,205.5,216.0,200.0,212.0
2023/07/31,216.0,223.0,202.0,205.0
2023/08/01,207.0,213.0,199.0,203.0
2023/08/02,203.0,203.5,185.5,187.5
2023/08/04,190.0,194.0,187.0,190.5
2023/08/07,190.5,195.5,187.0,194.0
2023/08/08,194.0,194.5,189.0,191.0
2023/08/09,196.0,203.0,195.5,197.5
2023/08/10,195.0,196.5,182.0,187.0
2023/08/11,196.0,204.5,195.0,196.5
2023/08/14,194.0,194.5,188.0,189.5
2023/08/15,194.5,196.0,191.0,192.0
2023/08/16,190.0,199.0,189.0,198.5
2023/08/17,196.0,204.0,195.5,202.0
2023/08/18,202.0,205.0,196.5,197.0
2023/08/21,199.0,200.5,194.5,196.0
2023/08/22,200.0,200.0,193.0,193.0
2023/08/23,194.5,195.0,189.0,191.0
2023/08/24,194.0,196.5,191.5,193.0
2023/08/25,192.0,198.0,191.0,191.0
2023/08/28,194.0,199.5,192.0,192.0
2023/08/29,193.5,194.0,188.5,191.0
2023/08/30,193.5,196.0,192.5,194.5
2023/08/31,194.5,197.5,193.5,197.0
2023/09/01,198.0,199.0,190.5,191.5
2023/09/04,193.0,199.5,192.5,199.5
2023/09/05,200.5,212.0,200.5,210.0
2023/09/06,210.0,212.5,206.5,208.5
2023/09/07,210.0,215.0,208.5,213.5
2023/09/08,212.5,214.5,206.5,214.0
2023/09/11,214.0,214.5,203.0,205.0
2023/09/12,206.0,212.5,206.0,210.0
2023/09/13,210.0,211.5,207.5,208.5
2023/09/14,209.5,219.0,209.5,219.0
2023/09/15,220.5,227.0,215.0,217.5
2023/09/18,214.5,216.0,212.0,212.5
2023/09/19,213.5,220.0,213.0,216.0
2023/09/20,215.5,220.5,211.5,212.5
2023/09/21,210.5,213.0,202.0,207.0
2023/09/22,204.0,212.0,203.5,212.0
2023/09/25,212.5,214.0,210.5,211.0
2023/09/26,211.5,212.5,204.5,204.5
2023/09/27,202.5,206.0,200.0,205.5
2023/09/28,206.5,208.5,202.0,205.0
2023/10/02,207.0,213.5,206.5,213.0
2023/10/03,213.0,214.0,208.5,209.0
2023/10/04,207.5,207.5,203.5,205.5
2023/10/05,207.0,209.0,206.0,206.5
2023/10/06,208.5,210.5,205.0,205.5
2023/10/11,207.5,207.5,198.0,198.0
2023/10/12,204.0,213.0,203.5,211.5
2023/10/13,214.0,217.5,213.5,214.5
2023/10/16,212.0,212.0,205.5,207.0
2023/10/17,209.5,210.5,206.0,207.0
2023/10/18,206.5,206.5,198.0,201.0
2023/10/19,198.5,200.0,192.0,194.0
2023/10/20,192.5,194.0,189.0,193.5
2023/10/23,191.5,197.0,190.5,193.5
2023/10/24,196.5,198.5,194.0,198.5
2023/10/25,200.0,201.5,198.0,198.0
2023/10/26,193.5,194.5,192.0,192.0
2023/10/27,193.5,195.5,190.5,192.5
2023/10/30,193.5,197.0,193.0,196.5
2023/10/31,197.5,198.0,188.0,189.0
2023/11/01,192.0,192.0,183.0,186.0
2023/11/02,189.0,197.0,188.5,196.5
2023/11/03,200.5,205.0,199.0,203.0
2023/11/06,207.0,213.5,206.0,211.5
2023/11/07,209.5,214.5,209.5,213.5
2023/11/08,214.5,216.5,209.0,215.0
2023/11/09,214.0,216.5,212.0,214.0
2023/11/10,213.0,220.0,212.5,218.0
2023/11/13,221.0,228.0,220.5,226.5
2023/11/14,228.0,228.0,219.5,223.0
2023/11/15,226.5,227.5,221.0,223.5
2023/11/16,226.5,228.0,221.0,226.0
2023/11/17,227.0,233.5,222.0,224.5
2023/11/20,226.0,226.0,221.0,223.0
2023/11/21,225.0,226.5,221.5,223.0
2023/11/22,223.0,227.0,222.0,226.0
2023/11/23,227.0,231.5,216.5,217.0
2023/11/24,217.0,218.5,213.5,214.5
2023/11/27,215.5,215.5,208.5,208.5
2023/11/28,210.0,215.5,210.0,215.0
2023/11/29,213.5,218.0,213.5,216.0
2023/11/30,218.5,220.0,216.0,219.0
2023/12/01,219.0,219.0,215.5,216.0
2023/12/04,217.0,217.5,211.5,211.5
2023/12/05,210.0,210.5,205.5,207.5
2023/12/06,209.0,212.0,208.5,208.5
2023/12/07,208.5,210.5,206.0,206.5
2023/12/08,209.5,215.0,208.5,208.5
2023/12/11,210.0,212.5,207.5,209.5
2023/12/12,213.5,215.0,210.0,210.0
2023/12/13,212.0,212.0,209.5,211.0
2023/12/14,214.0,222.5,213.5,216.5
2023/12/15,219.5,220.0,215.0,215.5
2023/12/18,216.0,217.5,213.0,214.0
2023/12/19,214.0,217.0,211.5,216.0
2023/12/20,219.0,221.5,213.5,213.5
2023/12/21,210.0,213.0,209.0,212.0
2023/12/22,213.5,214.5,211.5,213.0
2023/12/25,214.5,214.5,207.0,207.0
2023/12/26,208.0,210.0,205.5,209.5
2023/12/27,209.5,212.0,209.5,211.0
2023/12/28,212.5,217.0,211.0,216.0
2023/12/29,217.5,219.0,215.0,217.5
2024/01/02,223.0,236.5,223.0,234.0
2024/01/03,229.5,242.0,229.0,239.0
2024/01/04,240.0,242.0,225.5,231.5
2024/01/05,230.5,230.5,224.0,225.5
2024/01/08,228.0,235.0,226.5,231.0
2024/01/09,242.0,254.0,239.0,254.0
2024/01/10,251.5,257.5,249.0,257.5
2024/01/11,255.5,255.5,246.5,252.0
2024/01/12,250.0,257.5,249.0,251.5
2024/01/15,255.0,268.5,253.0,265.0
2024/01/16,265.0,269.5,262.0,265.0
2024/01/17,264.0,267.0,258.0,261.5
2024/01/18,261.0,263.5,254.5,255.0
2024/01/19,265.5,276.0,262.0,263.5
2024/01/22,266.0,276.0,266.0,272.0
2024/01/23,271.0,272.0,264.0,267.0
2024/01/24,267.0,271.5,263.5,263.5
2024/01/25,265.5,267.0,257.0,259.5
2024/01/26,259.5,262.5,257.0,260.5
2024/01/29,261.5,266.0,260.0,265.5
2024/01/30,265.0,269.5,265.0,269.0
2024/01/31,269.0,282.5,269.0,276.5
2024/02/01,276.0,282.0,270.0,278.5
2024/02/02,283.0,284.0,276.5,278.5
2024/02/05,278.0,281.5,272.0,275.0
2024/02/15,280.0,302.5,274.0,298.0
2024/02/16,298.5,311.0,298.0,305.5
2024/02/19,303.0,304.5,293.5,296.0
2024/02/20,293.5,298.0,292.0,298.0
2024/02/21,301.0,327.5,301.0,327.5
2024/02/22,331.0,346.5,323.0,339.5
2024/02/23,340.0,349.0,333.0,340.0
2024/02/26,338.0,338.0,318.0,320.0
2024/02/27,322.5,332.5,315.5,322.0
2024/02/29,321.5,329.5,319.0,323.0
2024/03/01,326.0,329.5,321.0,326.0
2024/03/04,333.0,339.0,326.5,333.0
2024/03/05,344.0,346.0,320.5,331.5
2024/03/06,327.0,330.0,322.5,323.5
2024/03/07,324.5,332.5,320.0,321.0
2024/03/08,313.5,316.0,289.0,289.0
2024/03/11,290.0,303.5,285.0,302.0
2024/03/12,299.0,327.0,299.0,320.0
2024/03/13,325.5,326.0,304.0,306.0
2024/03/14,314.0,314.0,294.0,300.5
2024/03/15,301.5,318.5,300.5,312.5
2024/03/18,316.0,328.5,314.5,327.0
2024/03/19,322.0,333.0,322.0,324.5
2024/03/20,326.0,327.5,316.5,317.0
2024/03/21,321.0,323.5,310.0,311.0
2024/03/22,313.0,315.0,306.5,313.0
2024/03/25,315.0,322.5,310.0,310.0
2024/03/26,313.0,316.5,305.0,307.0
2024/03/27,306.0,314.5,304.0,309.0
2024/03/28,312.5,313.5,304.5,304.5
2024/03/29,305.5,313.0,305.0,312.0
2024/04/01,316.5,325.0,315.5,321.0
2024/04/02,320.0,333.0,319.5,327.0
2024/04/03,328.0,331.0,322.0,324.0
2024/04/08,328.5,328.5,318.0,324.0
2024/04/09,327.5,344.0,325.0,325.0
2024/04/10,329.5,348.5,329.5,337.5
2024/04/11,336.0,371.0,329.0,371.0
2024/04/12,380.0,408.0,380.0,408.0
2024/04/15,412.0,418.5,386.0,390.5
2024/04/16,388.0,393.5,370.0,376.5
2024/04/17,380.0,414.0,380.0,414.0
2024/04/18,411.5,415.5,392.0,393.5
2024/04/19,384.0,410.0,376.5,397.5
2024/04/22,400.0,400.0,367.0,368.5
2024/04/23,380.0,393.0,375.5,386.0
2024/04/24,393.5,410.5,391.0,402.5
2024/04/25,394.0,400.0,379.0,381.0
2024/04/26,389.0,417.5,388.0,402.0
2024/04/29,415.0,438.0,410.5,431.0
2024/04/30,436.5,454.5,422.0,443.0
2024/05/02,440.0,440.0,427.5,427.5
2024/05/03,434.0,439.5,405.0,406.5
2024/05/06,410.5,425.0,393.0,398.0
2024/05/07,405.0,418.0,397.5,412.0
2024/05/08,412.0,425.0,412.0,425.0
2024/05/09,438.0,463.0,427.0,447.5
2024/05/10,446.0,452.0,428.0,430.5
2024/05/13,437.0,438.0,423.0,429.0
2024/05/14,430.0,443.0,415.0,436.0
2024/05/15,444.5,448.0,424.0,424.0
2024/05/16,429.5,442.0,426.0,434.5
2024/05/17,437.0,440.0,431.0,440.0
2024/05/20,443.0,446.0,426.5,426.5
2024/05/21,431.0,448.0,430.5,443.5
2024/05/22,449.0,486.0,445.5,477.0
2024/05/23,480.0,487.5,464.0,470.0
2024/05/24,480.0,517.0,475.0,509.0
2024/05/27,516.0,520.0,494.5,497.5
2024/05/28,500.0,517.0,492.0,495.5
2024/05/29,495.5,501.0,481.0,492.0
2024/05/30,483.5,505.0,481.0,493.5
2024/05/31,498.5,506.0,481.5,482.0
2024/06/03,488.0,500.0,482.0,490.0
2024/06/04,486.0,494.5,483.0,484.0
2024/06/05,486.0,505.0,480.0,498.0
2024/06/06,503.0,514.0,490.0,491.0
2024/06/07,492.0,499.5,487.5,496.5
2024/06/11,499.0,508.0,488.0,506.0
2024/06/12,508.0,546.0,504.0,537.0
2024/06/13,545.0,566.0,538.0,560.0
2024/06/14,558.0,566.0,530.0,537.0
2024/06/17,530.0,535.0,518.0,518.0
2024/06/18,527.0,543.0,523.0,524.0
2024/06/19,528.0,537.0,513.0,525.0
2024/06/20,524.0,532.0,516.0,529.0
2024/06/21,522.0,542.0,522.0,528.0
2024/06/24,534.0,538.0,516.0,518.0
2024/06/25,522.0,538.0,506.0,536.0
2024/06/26,530.0,544.0,530.0,539.0
2024/06/27,539.0,545.0,531.0,539.0
2024/06/28,539.0,552.0,530.0,530.0
2024/07/01,530.0,550.0,525.0,548.0
2024/07/02,548.0,553.0,533.0,539.0
2024/07/03,543.0,547.0,533.0,535.0
2024/07/04,542.0,543.0,530.0,535.0
2024/07/05,539.0,588.0,538.0,582.0
2024/07/08,585.0,585.0,540.0,549.0
2024/07/09,561.0,598.0,561.0,573.0
2024/07/10,574.0,606.0,566.0,600.0
2024/07/11,607.0,638.0,600.0,620.0
2024/07/12,603.0,614.0,595.0,595.0
2024/07/15,606.0,647.0,600.0,635.0
2024/07/16,638.0,652.0,602.0,617.0
2024/07/17,615.0,633.0,606.0,623.0
2024/07/18,604.0,617.0,594.0,610.0
2024/07/19,613.0,613.0,579.0,590.0
2024/07/22,585.0,597.0,531.0,531.0
2024/07/23,535.0,560.0,522.0,555.0
2024/07/26,519.0,586.0,512.0,574.0
2024/07/29,584.0,587.0,523.0,526.0
2024/07/30,521.0,556.0,515.0,555.0
2024/07/31,547.0,556.0,535.0,541.0
2024/08/01,558.0,564.0,545.0,553.0
2024/08/02,531.0,557.0,528.0,535.0
2024/08/05,507.0,513.0,481.5,481.5
2024/08/06,499.5,504.0,438.5,475.0
2024/08/07,489.0,522.0,487.0,522.0
2024/08/08,512.0,571.0,512.0,559.0
2024/08/09,568.0,588.0,567.0,573.0
2024/08/12,566.0,583.0,560.0,560.0
2024/08/13,562.0,596.0,562.0,591.0
2024/08/14,606.0,649.0,606.0,648.0
2024/08/15,648.0,670.0,642.0,665.0
2024/08/16,675.0,680.0,655.0,666.0
2024/08/19,672.0,700.0,667.0,693.0
2024/08/20,696.0,707.0,682.0,688.0
2024/08/21,692.0,720.0,678.0,715.0
2024/08/22,723.0,776.0,723.0,742.0
2024/08/23,727.0,814.0,726.0,807.0
2024/08/26,809.0,860.0,771.0,798.0
2024/08/27,806.0,834.0,788.0,814.0
2024/08/28,812.0,824.0,763.0,774.0
2024/08/29,759.0,795.0,759.0,768.0
2024/08/30,781.0,783.0,750.0,768.0
2024/09/02,776.0,785.0,751.0,753.0
2024/09/03,760.0,772.0,747.0,755.0
2024/09/04,720.0,782.0,700.0,763.0
2024/09/05,779.0,784.0,741.0,746.0
2024/09/06,750.0,763.0,731.0,733.0
2024/09/09,730.0,749.0,723.0,744.0
2024/09/10,758.0,761.0,705.0,721.0
2024/09/11,729.0,753.0,715.0,750.0
2024/09/12,769.0,792.0,757.0,780.0
2024/09/13,781.0,794.0,766.0,787.0
2024/09/16,795.0,814.0,787.0,789.0
2024/09/18,794.0,801.0,765.0,767.0
2024/09/19,773.0,820.0,772.0,814.0
2024/09/20,836.0,838.0,785.0,798.0
2024/09/23,804.0,804.0,775.0,775.0
2024/09/24,773.0,784.0,743.0,750.0
2024/09/25,762.0,793.0,756.0,760.0
2024/09/26,770.0,786.0,760.0,765.0
2024/09/27,774.0,791.0,753.0,759.0
2024/09/30,759.0,763.0,743.0,747.0
2024/10/01,757.0,775.0,747.0,764.0
2024/10/04,778.0,778.0,722.0,730.0
2024/10/07,743.0,764.0,743.0,752.0
2024/10/08,752.0,795.0,743.0,795.0
2024/10/09,814.0,815.0,758.0,768.0
2024/10/11,776.0,793.0,767.0,785.0
2024/10/14,780.0,797.0,770.0,795.0
2024/10/15,801.0,866.0,798.0,850.0
2024/10/16,840.0,857.0,833.0,839.0
2024/10/17,850.0,854.0,821.0,839.0
2024/10/18,857.0,859.0,818.0,827.0
2024/10/21,833.0,844.0,826.0,829.0
2024/10/22,831.0,855.0,828.0,834.0
2024/10/23,839.0,860.0,835.0,860.0
2024/10/24,861.0,875.0,845.0,860.0
2024/10/25,860.0,860.0,804.0,813.0
2024/10/28,819.0,821.0,784.0,806.0
2024/10/29,800.0,808.0,773.0,798.0
2024/10/30,805.0,811.0,785.0,805.0
2024/11/01,787.0,804.0,777.0,789.0
2024/11/04,792.0,824.0,775.0,818.0
2024/11/05,813.0,837.0,813.0,821.0
2024/11/06,833.0,838.0,826.0,832.0
2024/11/07,832.0,835.0,820.0,830.0
2024/11/08,835.0,850.0,825.0,841.0
2024/11/11,845.0,850.0,819.0,819.0
2024/11/12,811.0,814.0,762.0,762.0
2024/11/13,770.0,838.0,769.0,814.0
2024/11/14,802.0,810.0,788.0,797.0
2024/11/15,810.0,819.0,790.0,791.0
2024/11/18,792.0,795.0,747.0,750.0
2024/11/19,765.0,783.0,760.0,763.0
2024/11/20,771.0,775.0,731.0,745.0
2024/11/21,741.0,766.0,736.0,747.0
2024/11/22,758.0,766.0,740.0,745.0
2024/11/25,757.0,768.0,747.0,752.0
2024/11/26,749.0,763.0,734.0,763.0
2024/11/27,760.0,774.0,745.0,760.0
2024/11/28,760.0,766.0,701.0,715.0
2024/11/29,720.0,780.0,716.0,780.0
2024/12/02,775.0,782.0,760.0,778.0
2024/12/03,790.0,810.0,765.0,809.0
2024/12/04,800.0,834.0,800.0,830.0
2024/12/05,847.0,905.0,831.0,895.0
2024/12/06,898.0,902.0,862.0,874.0
2024/12/09,880.0,885.0,861.0,865.0
2024/12/10,864.0,880.0,849.0,850.0
2024/12/11,845.0,873.0,844.0,863.0
2024/12/12,872.0,878.0,861.0,863.0
2024/12/13,863.0,874.0,856.0,861.0
2024/12/16,875.0,885.0,848.0,848.0
2024/12/17,860.0,925.0,851.0,913.0
2024/12/18,900.0,930.0,896.0,918.0
2024/12/19,891.0,902.0,876.0,893.0
2024/12/20,897.0,900.0,870.0,872.0
2024/12/23,885.0,890.0,874.0,878.0
2024/12/24,889.0,890.0,863.0,864.0
2024/12/25,874.0,908.0,872.0,897.0
2024/12/26,900.0,909.0,888.0,889.0
2024/12/27,892.0,925.0,889.0,925.0
2024/12/30,924.0,925.0,903.0,921.0
2024/12/31,916.0,926.0,905.0,926.0
2025/01/02,923.0,926.0,870.0,878.0
2025/01/03,888.0,905.0,880.0,894.0
2025/01/06,908.0,923.0,895.0,901.0
2025/01/07,916.0,991.0,902.0,985.0
2025/01/08,983.0,1000.0,966.0,993.0
2025/01/09,1000.0,1040.0,950.0,952.0
2025/01/10,959.0,978.0,945.0,948.0
2025/01/13,944.0,944.0,884.0,889.0
2025/01/14,890.0,927.0,881.0,927.0
2025/01/15,919.0,932.0,852.0,862.0
2025/01/16,890.0,910.0,879.0,881.0
2025/01/17,888.0,904.0,866.0,899.0
2025/01/20,901.0,910.0,893.0,909.0
2025/01/21,914.0,914.0,870.0,882.0
2025/01/22,890.0,902.0,873.0,881.0
2025/02/03,802.0,823.0,793.0,793.0
2025/02/04,810.0,811.0,738.0,746.0
2025/02/05,762.0,820.0,756.0,820.0
2025/02/06,832.0,861.0,821.0,823.0
2025/02/07,825.0,850.0,813.0,849.0
2025/02/10,838.0,841.0,821.0,821.0
2025/02/11,841.0,865.0,840.0,850.0
2025/02/12,850.0,858.0,839.0,843.0
2025/02/13,848.0,853.0,835.0,841.0
2025/02/14,848.0,896.0,848.0,866.0
2025/02/17,873.0,886.0,855.0,860.0
2025/02/18,872.0,885.0,863.0,875.0
2025/02/19,875.0,905.0,863.0,891.0
2025/02/20,894.0,913.0,872.0,878.0
2025/02/21,878.0,895.0,862.0,864.0
2025/02/24,850.0,854.0,800.0,811.0
2025/02/25,802.0,818.0,781.0,783.0
2025/02/26,779.0,792.0,775.0,778.0
2025/02/27,791.0,807.0,776.0,781.0
2025/03/03,755.0,761.0,720.0,725.0
2025/03/04,685.0,738.0,685.0,730.0
2025/03/05,745.0,783.0,735.0,779.0
2025/03/06,782.0,786.0,753.0,755.0
2025/03/07,746.0,769.0,733.0,736.0
2025/03/10,747.0,751.0,721.0,739.0
2025/03/11,700.0,721.0,673.0,719.0
2025/03/12,734.0,734.0,710.0,713.0
2025/03/13,736.0,749.0,716.0,716.0
2025/03/14,725.0,727.0,690.0,700.0
2025/03/17,718.0,730.0,703.0,704.0
2025/03/18,716.0,728.0,711.0,723.0
2025/03/19,723.0,723.0,702.0,704.0
2025/03/20,718.0,725.0,700.0,725.0
2025/03/21,724.0,724.0,706.0,720.0
2025/03/24,727.0,742.0,717.0,718.0
2025/03/25,734.0,741.0,717.0,724.0
2025/03/26,725.0,770.0,723.0,766.0
2025/03/27,736.0,744.0,727.0,737.0
2025/03/28,720.0,736.0,712.0,726.0
2025/03/31,667.0,696.0,654.0,654.0
2025/04/01,673.0,690.0,662.0,690.0
2025/04/02,683.0,690.0,668.0,676.0
2025/04/07,609.0,609.0,609.0,609.0
2025/04/08,549.0,549.0,549.0,549.0
2025/04/09,494.5,511.0,494.5,494.5
2025/04/10,543.0,543.0,543.0,543.0
2025/04/11,504.0,581.0,492.0,577.0
2025/04/14,600.0,634.0,595.0,599.0
2025/04/15,605.0,656.0,595.0,646.0
2025/04/16,628.0,645.0,620.0,620.0
2025/04/17,617.0,630.0,610.0,622.0
2025/04/18,626.0,638.0,617.0,623.0
2025/04/21,623.0,626.0,596.0,596.0
2025/04/22,583.0,600.0,540.0,558.0
2025/04/23,600.0,613.0,600.0,613.0
2025/04/24,614.0,655.0,614.0,623.0
2025/04/25,653.0,658.0,640.0,648.0
2025/04/28,648.0,668.0,642.0,655.0
2025/04/29,662.0,669.0,653.0,669.0
2025/04/30,665.0,672.0,650.0,651.0
2025/05/02,670.0,681.0,662.0,676.0
2025/05/05,678.0,680.0,635.0,658.0
2025/05/06,651.0,670.0,648.0,657.0
2025/05/07,658.0,671.0,641.0,653.0
2025/05/08,660.0,675.0,655.0,668.0
2025/05/09,672.0,675.0,649.0,670.0
2025/05/12,682.0,705.0,677.0,701.0
2025/05/13,706.0,717.0,666.0,672.0
2025/05/14,683.0,687.0,663.0,675.0
2025/05/15,679.0,693.0,675.0,681.0
2025/05/16,681.0,690.0,679.0,687.0
2025/05/19,692.0,692.0,660.0,660.0
2025/05/20,673.0,680.0,665.0,669.0
2025/05/21,672.0,678.0,667.0,668.0
2025/05/22,665.0,678.0,657.0,673.0
2025/05/23,680.0,715.0,680.0,708.0
2025/05/26,727.0,776.0,726.0,752.0
2025/05/27,748.0,755.0,741.0,745.0
2025/05/28,763.0,764.0,749.0,751.0
2025/05/29,762.0,802.0,747.0,795.0
2025/06/02,781.0,787.0,756.0,763.0
2025/06/03,771.0,779.0,763.0,774.0
2025/06/04,789.0,800.0,777.0,794.0
2025/06/05,790.0,832.0,790.0,815.0
2025/06/06,815.0,829.0,802.0,823.0
2025/06/09,825.0,840.0,819.0,832.0
2025/06/10,860.0,887.0,857.0,879.0
2025/06/11,879.0,897.0,876.0,883.0
2025/06/12,889.0,905.0,868.0,876.0
2025/06/13,872.0,894.0,871.0,887.0
2025/06/16,883.0,894.0,872.0,894.0
2025/06/17,900.0,933.0,898.0,911.0
2025/06/18,912.0,931.0,891.0,893.0
2025/06/19,893.0,903.0,879.0,881.0
2025/06/20,896.0,903.0,857.0,867.0
2025/06/23,850.0,897.0,850.0,897.0
2025/06/24,910.0,926.0,910.0,925.0
2025/06/25,938.0,946.0,916.0,925.0
2025/06/26,935.0,939.0,891.0,911.0
2025/06/27,921.0,924.0,904.0,917.0
2025/06/30,928.0,946.0,919.0,945.0
2025/07/01,943.0,954.0,933.0,940.0
2025/07/02,941.0,948.0,932.0,934.0
2025/07/03,958.0,1020.0,958.0,1020.0
2025/07/04,1030.0,1080.0,1030.0,1045.0
2025/07/07,1050.0,1060.0,1000.0,1015.0
2025/07/08,1005.0,1045.0,1005.0,1025.0
2025/07/09,1030.0,1080.0,1030.0,1065.0
2025/07/10,1050.0,1105.0,1045.0,1070.0
2025/07/11,1070.0,1070.0,1015.0,1025.0
2025/07/14,1020.0,1075.0,1015.0,1060.0
2025/07/15,1070.0,1075.0,1040.0,1075.0
2025/07/16,1090.0,1150.0,1085.0,1120.0
2025/07/17,1125.0,1140.0,1105.0,1115.0
2025/07/18,1130.0,1140.0,1105.0,1125.0
2025/07/21,1110.0,1120.0,1050.0,1095.0
2025/07/22,1090.0,1110.0,1035.0,1045.0
2025/07/23,1060.0,1085.0,1045.0,1055.0
2025/07/24,1060.0,1070.0,1040.0,1050.0
2025/07/25,1040.0,1040.0,986.0,1010.0
2025/07/28,1020.0,1030.0,995.0,1005.0
2025/07/29,1010.0,1020.0,991.0,1010.0
2025/07/30,1015.0,1035.0,1000.0,1010.0
2025/07/31,1025.0,1085.0,1025.0,1050.0
2025/08/01,1020.0,1050.0,1020.0,1030.0
2025/08/04,1010.0,1015.0,984.0,994.0
2025/08/05,1010.0,1030.0,997.0,998.0
2025/08/06,1025.0,1095.0,1020.0,1095.0
2025/08/07,1125.0,1140.0,1100.0,1130.0
2025/08/08,1130.0,1170.0,1130.0,1155.0
2025/08/11,1145.0,1155.0,1105.0,1150.0
2025/08/12,1145.0,1155.0,1130.0,1155.0
2025/08/13,1165.0,1245.0,1165.0,1220.0
2025/08/14,1270.0,1275.0,1230.0,1265.0
2025/08/15,1270.0,1285.0,1245.0,1255.0
2025/08/18,1255.0,1275.0,1225.0,1270.0
2025/08/19,1290.0,1310.0,1235.0,1240.0
2025/08/20,1210.0,1235.0,1120.0,1120.0
2025/08/21,1170.0,1230.0,1160.0,1200.0
2025/08/22,1190.0,1210.0,1165.0,1180.0
2025/08/25,1230.0,1280.0,1230.0,1255.0
2025/08/26,1245.0,1305.0,1235.0,1285.0
2025/08/27,1310.0,1325.0,1295.0,1315.0
2025/08/28,1305.0,1305.0,1285.0,1285.0
2025/08/29,1310.0,1410.0,1295.0,1390.0
2025/09/01,1370.0,1445.0,1360.0,1390.0
2025/09/02,1420.0,1470.0,1370.0,1395.0
2025/09/03,1405.0,1405.0,1350.0,1390.0
2025/09/04,1400.0,1420.0,1365.0,1385.0
2025/09/05,1435.0,1520.0,1430.0,1520.0
2025/09/08,1565.0,1575.0,1525.0,1525.0
2025/09/09,1560.0,1575.0,1505.0,1510.0
2025/09/10,1535.0,1545.0,1500.0,1520.0
2025/09/11,1520.0,1530.0,1490.0,1505.0
2025/09/12,1510.0,1530.0,1450.0,1490.0
2025/09/15,1475.0,1475.0,1410.0,1425.0
2025/09/16,1430.0,1505.0,1430.0,1495.0
2025/09/17,1505.0,1515.0,1470.0,1495.0
2025/09/18,1505.0,1600.0,1490.0,1555.0
2025/09/19,1570.0,1620.0,1535.0,1600.0
2025/09/22,1590.0,1700.0,1570.0,1690.0
2025/09/23,1740.0,1750.0,1660.0,1680.0
2025/09/24,1660.0,1705.0,1625.0,1640.0
2025/09/25,1620.0,1750.0,1620.0,1695.0
2025/09/26,1690.0,1720.0,1635.0,1660.0
2025/09/30,1670.0,1750.0,1635.0,1715.0
2025/10/01,1725.0,1760.0,1680.0,1705.0
2025/10/02,1725.0,1740.0,1680.0,1725.0
2025/10/03,1715.0,1730.0,1705.0,1715.0
2025/10/07,1735.0,1770.0,1630.0,1635.0
2025/10/08,1625.0,1700.0,1625.0,1685.0
2025/10/09,1680.0,1735.0,1680.0,1710.0
2025/10/13,1640.0,1715.0,1640.0,1685.0
2025/10/14,1830.0,1850.0,1730.0,1740.0
2025/10/15,1795.0,1910.0,1790.0,1910.0
2025/10/16,1970.0,1975.0,1900.0,1960.0
2025/10/17,1935.0,1935.0,1850.0,1850.0
2025/10/20,1855.0,1865.0,1815.0,1825.0
2025/10/21,1850.0,1875.0,1820.0,1855.0
2025/10/22,1830.0,1860.0,1800.0,1820.0
2025/10/23,1800.0,1890.0,1800.0,1825.0
2025/10/27,1885.0,1960.0,1885.0,1950.0
2025/10/28,1950.0,2015.0,1950.0,2010.0
2025/10/29,2030.0,2145.0,2000.0,2005.0
2025/10/30,2020.0,2020.0,1910.0,2005.0
2025/10/31,2015.0,2100.0,1995.0,2100.0
2025/11/03,2100.0,2125.0,1995.0,2020.0
2025/11/04,2050.0,2075.0,1985.0,2000.0
2025/11/05,1945.0,2030.0,1905.0,2030.0
2025/11/06,2055.0,2055.0,2000.0,2020.0
2025/11/07,2010.0,2095.0,2010.0,2070.0
2025/11/10,2055.0,2055.0,1975.0,1990.0
2025/11/11,1985.0,2000.0,1795.0,1795.0
2025/11/12,1785.0,1795.0,1705.0,1720.0
2025/11/13,1735.0,1855.0,1730.0,1800.0
2025/11/14,1780.0,1920.0,1780.0,1900.0
2025/11/17,1950.0,1950.0,1840.0,1880.0
2025/11/18,1850.0,1950.0,1810.0,1825.0
2025/11/19,1850.0,1850.0,1740.0,1780.0
2025/11/20,1880.0,1940.0,1850.0,1910.0
2025/11/21,1840.0,1880.0,1785.0,1840.0
2025/11/24,1880.0,1960.0,1855.0,1935.0
2025/11/25,2000.0,2090.0,2000.0,2060.0
2025/11/26,2090.0,2115.0,2040.0,2100.0
2025/11/27,2100.0,2165.0,2080.0,2145.0
2025/11/28,2175.0,2295.0,2175.0,2270.0
2025/12/01,2260.0,2260.0,2115.0,2155.0
2025/12/02,2190.0,2235.0,2155.0,2160.0
2025/12/03,2165.0,2195.0,2130.0,2170.0
2025/12/04,2170.0,2205.0,2125.0,2180.0
2025/12/05,2200.0,2255.0,2200.0,2230.0
2025/12/08,2240.0,2290.0,2205.0,2255.0
2025/12/09,2255.0,2375.0,2255.0,2345.0
2025/12/10,2350.0,2380.0,2285.0,2380.0
2025/12/11,2400.0,2405.0,2295.0,2315.0
2025/12/12,2320.0,2425.0,2320.0,2375.0
2025/12/15,2335.0,2385.0,2315.0,2370.0
2025/12/16,2360.0,2445.0,2255.0,2295.0
2025/12/17,2330.0,2335.0,2200.0,2240.0
2025/12/18,2210.0,2285.0,2205.0,2205.0
2025/12/19,2245.0,2320.0,2210.0,2305.0
2025/12/22,2365.0,2370.0,2235.0,2255.0
2025/12/23,2265.0,2315.0,2220.0,2245.0
2025/12/24,2270.0,2310.0,2255.0,2305.0
2025/12/26,2335.0,2450.0,2330.0,2360.0
2025/12/29,2385.0,2390.0,2230.0,2230.0
2025/12/30,2230.0,2290.0,2230.0,2265.0
2025/12/31,2290.0,2290.0,2240.0,2250.0
2026/01/02,2265.0,2275.0,2190.0,2260.0
2026/01/05,2260.0,2265.0,2130.0,2150.0
2026/01/06,2140.0,2190.0,2100.0,2150.0
2026/01/07,2175.0,2245.0,2145.0,2155.0
2026/01/08,2200.0,2240.0,2120.0,2120.0
2026/01/09,2165.0,2230.0,2025.0,2230.0
2026/01/12,2305.0,2320.0,2155.0,2200.0
2026/01/13,2300.0,2300.0,2215.0,2275.0
2026/01/14,2285.0,2365.0,2250.0,2345.0
2026/01/15,2335.0,2335.0,2200.0,2230.0
2026/01/16,2265.0,2320.0,2245.0,2300.0
2026/01/19,2310.0,2325.0,2245.0,2315.0
2026/01/20,2290.0,2475.0,2275.0,2450.0
2026/01/21,2385.0,2495.0,2370.0,2460.0
2026/01/22,2540.0,2585.0,2365.0,2415.0
2026/01/23,2435.0,2550.0,2370.0,2545.0
2026/01/26,2550.0,2610.0,2495.0,2585.0
2026/01/27,2710.0,2805.0,2700.0,2735.0
2026/01/28,2740.0,2770.0,2610.0,2655.0
2026/01/29,2695.0,2720.0,2585.0,2595.0
2026/01/30,2575.0,2685.0,2515.0,2515.0
2026/02/02,2500.0,2670.0,2485.0,2630.0
2026/02/03,2750.0,2875.0,2750.0,2845.0
2026/02/04,2840.0,2855.0,2695.0,2750.0
2026/02/05,2730.0,2850.0,2700.0,2750.0
2026/02/06,2750.0,2760.0,2640.0,2670.0
2026/02/09,2805.0,2895.0,2770.0,2775.0
2026/02/10,2750.0,2820.0,2690.0,2785.0
2026/02/11,2805.0,2850.0,2790.0,2790.0
2026/02/23,2840.0,2865.0,2680.0,2805.0
2026/02/24,2805.0,2805.0,2645.0,2650.0
2026/02/25,2650.0,2685.0,2530.0,2680.0
2026/02/26,2710.0,2945.0,2665.0,2945.0
2026/03/02,2830.0,2970.0,2800.0,2800.0
2026/03/03,2925.0,2940.0,2825.0,2855.0
2026/03/04,2770.0,2845.0,2640.0,2660.0
2026/03/05,2885.0,2885.0,2790.0,2845.0
2026/03/06,2810.0,2995.0,2800.0,2965.0
2026/03/09,2715.0,2785.0,2670.0,2720.0
2026/03/10,2900.0,2990.0,2870.0,2990.0
2026/03/11,3130.0,3285.0,3130.0,3285.0
2026/03/12,3300.0,3610.0,3300.0,3610.0
2026/03/13,3600.0,3635.0,3520.0,3550.0
2026/03/16,3645.0,3680.0,3530.0,3565.0
2026/03/17,3610.0,3700.0,3570.0,3580.0
2026/03/18,3640.0,3870.0,3640.0,3735.0
2026/03/19,3660.0,3865.0,3650.0,3665.0
2026/03/20,3665.0,3910.0,3650.0,3860.0
2026/03/23,3745.0,3845.0,3635.0,3715.0
2026/03/24,3850.0,3940.0,3660.0,3670.0
2026/03/25,3850.0,3850.0,3690.0,3750.0
2026/03/26,3825.0,3850.0,3640.0,3655.0
2026/03/27,3455.0,3695.0,3455.0,3665.0
2026/03/30,3620.0,3735.0,3580.0,3735.0
2026/03/31,3740.0,3780.0,3465.0,3595.0
2026/04/01,3900.0,3950.0,3790.0,3950.0
2026/04/02,4050.0,4050.0,3750.0,3765.0
2026/04/07,3820.0,3965.0,3805.0,3920.0
2026/04/08,4155.0,4310.0,4135.0,4310.0
2026/04/09,4500.0,4560.0,4330.0,4470.0
2026/04/10,4595.0,4800.0,4510.0,4620.0
2026/04/13,4560.0,4675.0,4450.0,4545.0
2026/04/14,4655.0,4760.0,4520.0,4560.0
2026/04/15,4650.0,4825.0,4540.0,4605.0
2026/04/16,4700.0,4875.0,4630.0,4770.0
2026/04/20,5370.0,5395.0,5110.0,5135.0
2026/04/21,5110.0,5110.0,4830.0,4940.0
2026/04/22,4980.0,5065.0,4825.0,4825.0
2026/04/23,4895.0,5040.0,4635.0,4790.0
2026/04/24,4850.0,4995.0,4630.0,4650.0
2026/04/27,4740.0,4915.0,4605.0,4880.0
2026/04/28,4950.0,4985.0,4770.0,4880.0
2026/04/29,4870.0,4970.0,4785.0,4945.0
2026/04/30,5000.0,5040.0,4835.0,4925.0
2026/05/04,5005.0,5200.0,4910.0,5165.0
2026/05/05,5150.0,5150.0,4865.0,5000.0
2026/05/06,5095.0,5115.0,4850.0,4950.0
2026/05/07,4965.0,5050.0,4865.0,5030.0
2026/05/08,4930.0,5370.0,4930.0,5025.0
2026/05/11,4860.0,5125.0,4710.0,4985.0
2026/05/12,5315.0,5480.0,5250.0,5480.0
2026/05/13,5490.0,5820.0,5315.0,5720.0
2026/05/14,6290.0,6290.0,6290.0,6290.0
2026/05/15,6280.0,6665.0,5895.0,5895.0
2026/05/18,6000.0,6245.0,5895.0,6135.0
2026/05/19,6250.0,6275.0,5695.0,5730.0
2026/05/20,5800.0,6015.0,5680.0,5680.0
2026/05/21,6160.0,6160.0,5530.0,5650.0
2026/05/22,5880.0,6035.0,5765.0,6035.0
2026/05/25,6240.0,6465.0,6115.0,6200.0
2026/05/26,6425.0,6425.0,6120.0,6240.0
2026/05/27,6400.0,6645.0,6280.0,6390.0
2026/05/28,6390.0,6450.0,5855.0,5915.0
2026/05/29,6165.0,6200.0,5870.0,5960.0
2026/06/01,6015.0,6015.0,5645.0,5680.0
2026/06/02,5630.0,5695.0,5435.0,5515.0
2026/06/03,5760.0,6060.0,5750.0,5900.0
2026/06/04,5925.0,6070.0,5835.0,6070.0
2026/06/05,6050.0,6050.0,5540.0,5765.0
2026/06/08,5190.0,5650.0,5190.0,5515.0
2026/06/09,5890.0,5890.0,5585.0,5855.0
2026/06/10,6190.0,6235.0,5735.0,5770.0
2026/06/11,5915.0,6150.0,5680.0,6090.0
2026/06/12,6480.0,6595.0,6320.0,6485.0
2026/06/15,6945.0,6950.0,6355.0,6435.0
2026/06/16,6465.0,6800.0,6290.0,6445.0
2026/06/17,6440.0,6465.0,6285.0,6420.0
2026/06/18,6420.0,6570.0,6325.0,6415.0
2026/06/22,6595.0,6595.0,6275.0,6425.0
2026/06/23,6485.0,6820.0,6425.0,6680.0
2026/06/24,6645.0,7200.0,6430.0,7175.0
2026/06/25,7245.0,7250.0,6900.0,6905.0
2026/06/26,6800.0,6905.0,6355.0,6500.0
2026/06/29,6580.0,6680.0,5980.0,6060.0
2026/06/30,6080.0,6205.0,5950.0,6090.0
2026/07/01,6400.0,6695.0,6400.0,6695.0
2026/07/02,6725.0,7360.0,6620.0,7255.0
2026/07/03,7165.0,7400.0,6960.0,7380.0
2026/07/06,7700.0,7700.0,6855.0,6855.0
2026/07/07,6855.0,7040.0,6235.0,6310.0
2026/07/08,6500.0,6540.0,6250.0,6460.0
2026/07/09,7000.0,7080.0,6760.0,7080.0
2026/07/13,7600.0,7600.0,6640.0,6640.0
2026/07/14,6525.0,6630.0,5980.0,6340.0
2026/07/15,6410.0,6590.0,6120.0,6330.0
2026/07/16,6205.0,6345.0,6005.0,6220.0
2026/07/17,5990.0,5990.0,5600.0,5600.0
2026/07/20,5540.0,5560.0,5145.0,5455.0
2026/07/21,5505.0,5990.0,5360.0,5875.0
2026/07/22,6065.0,6210.0,5900.0,6000.0
2026/07/23,6160.0,6350.0,6075.0,6250.0
2026/07/24,6085.0,6290.0,5650.0,5705.0
2026/07/27,5760.0,5815.0,5475.0,5720.0
2026/07/28,5295.0,5540.0,5165.0,5165.0
2026/07/29,5070.0,5280.0,4650.0,4790.0
2026/07/30,4660.0,5070.0,4650.0,4800.0
2026/07/31,5280.0,5280.0,5280.0,5280.0
2026/08/03,5475.0,5805.0,5450.0,5805.0
2026/08/04,5910.0,6090.0,5805.0,5900.0
2026/08/05,6105.0,6390.0,6100.0,6245.0
2026/08/06,6190.0,6360.0,6005.0,6300.0
2026/08/07,6345.0,6345.0,6070.0,6100.0
2026/08/10,6230.0,6695.0,6100.0,6225.0
2026/08/11,6330.0,6380.0,6140.0,6315.0
2026/08/12,6355.0,6600.0,6355.0,6600.0
2026/08/13,6800.0,6815.0,6470.0,6495.0
2026/08/14,6515.0,6630.0,6430.0,6440.0
2026/08/17,5800.0,5950.0,5800.0,5800.0
2026/08/18,5860.0,5895.0,5225.0,5235.0
