Date,Open,High,Low,Close
2005/06/30,16.7,16.8,16.6,16.6
2005/07/04,17.1,17.3,17.0,17.0
2005/07/05,17.1,17.5,17.1,17.4
2005/07/06,17.7,17.9,17.3,17.4
2005/07/07,17.3,17.7,17.2,17.3
2005/07/11,18.0,18.4,18.0,18.2
2005/07/12,18.3,18.8,18.3,18.3
2005/07/13,18.4,18.5,18.0,18.1
2005/07/14,18.2,18.3,18.1,18.3
2005/07/18,18.3,18.4,18.1,18.2
2005/07/19,18.4,18.4,17.9,18.0
2005/07/20,17.9,18.2,17.6,17.6
2005/07/21,17.6,17.6,17.1,17.3
2005/07/25,17.3,18.1,17.3,17.6
2005/07/26,17.7,17.7,17.3,17.5
2005/07/27,17.6,18.7,17.6,18.5
2005/07/28,18.7,19.4,18.7,18.9
2005/08/01,19.0,19.3,18.2,18.2
2005/08/02,18.5,19.0,18.4,18.7
2005/08/03,18.7,19.0,18.5,18.5
2005/08/08,18.6,18.6,18.2,18.4
2005/08/09,18.4,18.8,18.2,18.3
2005/08/10,18.9,19.6,18.9,19.6
2005/08/11,19.8,19.8,18.6,18.8
2005/08/15,17.9,18.1,17.4,17.9
2005/08/16,15.9,16.4,15.9,16.0
2005/08/17,17.1,17.3,16.9,17.0
2005/08/18,17.1,17.1,16.4,16.5
2005/08/22,16.5,16.5,16.0,16.0
2005/08/23,15.9,16.1,15.8,16.0
2005/08/24,16.0,16.5,15.9,16.1
2005/08/25,16.4,16.5,16.1,16.3
2005/08/29,16.1,16.2,15.8,16.1
2005/08/30,16.1,16.1,15.0,15.4
2005/09/01,15.4,15.6,15.2,15.3
2005/09/05,14.6,14.7,14.3,14.5
2005/09/06,14.5,14.7,14.5,14.6
2005/09/07,14.6,14.8,14.4,14.4
2005/09/08,14.8,15.1,14.7,14.8
2005/09/12,15.0,15.2,14.9,14.9
2005/09/13,15.0,15.1,14.9,14.9
2005/09/14,14.8,14.9,13.9,13.9
2005/09/15,14.1,14.3,14.0,14.0
2005/09/19,14.1,14.5,14.0,14.5
2005/09/20,14.4,14.5,14.2,14.3
2005/09/21,14.1,14.2,13.9,14.0
2005/09/22,14.0,14.1,13.9,13.9
2005/09/26,13.5,13.6,13.0,13.0
2005/09/27,13.0,13.4,13.0,13.1
2005/09/28,13.1,13.9,13.0,13.8
2005/09/29,13.9,14.0,13.5,13.9
2005/10/03,14.2,14.6,14.2,14.6
2005/10/04,14.8,14.8,14.3,14.4
2005/10/05,14.2,14.2,14.0,14.1
2005/10/06,14.2,14.4,14.2,14.3
2005/10/10,14.4,14.5,14.2,14.2
2005/10/11,14.1,14.2,13.9,13.9
2005/10/12,13.9,13.9,13.7,13.9
2005/10/13,14.0,14.0,13.7,13.9
2005/10/17,13.4,13.4,13.1,13.3
2005/10/18,13.3,13.3,12.6,12.7
2005/10/19,12.7,12.9,12.3,12.7
2005/10/20,12.6,13.0,12.4,12.9
2005/10/24,13.0,13.1,12.9,13.0
2005/10/25,13.0,13.0,12.5,12.6
2005/10/26,12.4,12.6,12.3,12.6
2005/10/27,12.3,12.7,12.3,12.5
2005/10/31,13.0,13.0,12.9,12.9
2005/11/01,12.8,12.9,12.7,12.8
2005/11/02,12.9,13.0,12.7,12.8
2005/11/03,12.9,13.0,12.7,12.9
2005/11/07,12.5,13.4,12.5,13.4
2005/11/08,13.7,14.3,13.6,14.3
2005/11/09,14.6,14.8,14.1,14.2
2005/11/10,14.4,14.4,13.7,14.1
2005/11/14,14.7,15.2,14.7,14.8
2005/11/15,14.8,15.1,14.6,14.8
2005/11/16,14.9,15.0,14.5,14.5
2005/11/17,14.7,14.9,14.4,14.7
2005/11/21,15.0,15.3,14.8,14.8
2005/11/22,14.9,15.1,14.7,14.9
2005/11/23,15.0,15.5,14.9,15.1
2005/11/24,15.2,15.7,15.1,15.6
2005/11/28,16.2,16.8,16.2,16.2
2005/11/29,16.4,17.0,16.4,16.7
2005/11/30,17.1,17.5,16.8,17.1
2005/12/01,17.7,18.2,17.5,18.0
2005/12/05,17.8,17.9,17.0,17.1
2005/12/06,17.3,17.3,16.5,16.8
2005/12/07,16.8,17.2,16.7,17.0
2005/12/08,16.9,17.1,16.5,16.9
2005/12/12,17.9,18.6,17.9,18.6
2005/12/13,18.6,18.6,17.5,17.7
2005/12/14,17.7,18.1,17.7,18.0
2005/12/15,18.1,18.6,18.0,18.0
2005/12/19,18.0,19.2,17.8,19.2
2005/12/20,19.8,20.6,19.5,20.6
2005/12/21,20.6,21.2,20.3,20.7
2005/12/22,21.0,22.0,20.4,21.1
2005/12/26,21.1,22.0,21.0,21.1
2005/12/27,20.9,21.0,20.3,20.7
2005/12/28,21.1,21.5,20.6,20.7
2005/12/29,20.7,21.2,20.4,20.5
2006/01/02,20.5,21.7,20.2,21.6
2006/01/03,22.2,22.8,21.7,22.0
2006/01/04,22.0,22.7,21.5,21.6
2006/01/05,22.0,22.0,20.6,20.6
2006/01/09,20.5,20.9,20.4,20.6
2006/01/10,20.6,20.9,19.2,19.5
2006/01/11,19.8,19.9,19.0,19.1
2006/01/13,19.1,19.1,18.4,18.4
2006/01/16,18.9,19.1,18.5,18.9
2006/01/17,19.3,19.7,19.1,19.4
2006/01/18,19.6,19.8,18.6,18.8
2006/01/19,19.1,19.3,18.4,18.8
2006/01/20,19.2,19.2,18.7,18.8
2006/01/23,18.4,18.4,17.4,17.6
2006/01/24,17.8,18.4,17.8,18.3
2006/01/25,18.4,18.8,18.3,18.4
2006/02/02,19.7,19.7,18.3,19.7
2006/02/03,18.5,18.8,18.3,18.3
2006/02/06,18.2,18.3,17.5,18.3
2006/02/07,18.3,19.1,18.3,19.0
2006/02/08,19.0,19.0,18.4,18.7
2006/02/09,18.9,19.7,18.9,19.2
2006/02/10,19.5,19.5,18.4,18.7
2006/02/13,18.4,18.6,18.1,18.1
2006/02/14,17.8,18.3,17.8,18.1
2006/02/15,18.3,18.3,17.9,18.0
2006/02/16,18.1,19.1,18.1,19.0
2006/02/17,19.2,19.2,18.6,18.7
2006/02/20,18.6,18.6,18.3,18.3
2006/02/21,18.3,18.6,18.0,18.0
2006/02/22,18.0,18.2,17.3,17.3
2006/02/23,17.3,17.5,16.2,16.4
2006/02/24,16.0,16.9,15.9,16.6
2006/02/27,16.2,16.8,15.9,16.5
2006/03/01,16.5,17.6,16.5,17.6
2006/03/02,18.0,18.0,17.5,17.6
2006/03/03,17.8,17.9,16.9,16.9
2006/03/06,16.9,17.0,16.6,16.9
2006/03/07,16.7,16.7,16.7,16.7
2006/03/08,16.5,17.0,16.4,16.5
2006/03/10,16.8,17.2,16.8,17.0
2006/03/13,17.4,17.7,17.2,17.7
2006/03/14,17.5,17.9,17.2,17.2
2006/03/15,17.4,17.7,17.3,17.6
2006/03/16,17.6,18.8,17.6,18.3
2006/03/17,18.3,18.5,18.1,18.3
2006/03/20,18.6,19.0,18.4,18.5
2006/03/21,18.8,18.9,18.0,18.0
2006/03/22,17.8,18.0,17.6,17.7
2006/03/23,17.6,18.0,17.3,17.3
2006/03/24,17.3,17.7,17.3,17.5
2006/03/27,17.7,17.7,17.4,17.4
2006/03/28,17.4,17.7,17.4,17.7
2006/03/29,17.6,18.3,17.5,18.2
2006/03/30,18.8,19.2,18.5,18.6
2006/03/31,18.6,19.1,18.6,18.7
2006/04/03,19.0,20.0,19.0,20.0
2006/04/04,20.3,21.3,20.3,21.1
2006/04/06,21.6,21.6,20.7,21.1
2006/04/07,20.8,21.2,20.6,20.7
2006/04/10,20.6,21.3,20.6,21.2
2006/04/11,21.2,21.2,20.1,20.8
2006/04/12,20.7,21.6,20.5,21.4
2006/04/13,21.5,21.5,20.7,20.7
2006/04/14,20.7,21.3,20.5,21.2
2006/04/17,21.7,21.7,20.7,21.2
2006/04/18,21.2,22.7,21.0,22.5
2006/04/19,22.8,23.2,21.9,22.7
2006/04/20,22.7,22.9,22.2,22.4
2006/04/21,22.4,22.8,20.9,20.9
2006/04/24,20.7,21.1,20.5,20.6
2006/04/25,21.0,21.0,20.2,20.6
2006/04/26,20.7,21.3,20.7,21.3
2006/04/27,21.5,21.9,20.2,20.2
2006/04/28,21.5,21.5,20.8,21.2
2006/05/02,20.8,21.1,20.1,20.2
2006/05/03,20.3,20.8,20.2,20.3
2006/05/04,20.3,20.4,19.7,19.7
2006/05/05,19.7,19.7,18.4,18.8
2006/05/08,18.9,19.2,18.9,18.9
2006/05/09,19.2,19.3,18.6,18.9
2006/05/10,18.9,19.2,18.4,19.2
2006/05/11,19.2,19.7,19.2,19.5
2006/05/12,19.1,19.5,19.1,19.1
2006/05/15,19.2,19.6,19.1,19.2
2006/05/16,19.3,19.6,19.1,19.1
2006/05/17,19.2,19.8,19.2,19.8
2006/05/18,19.6,20.1,19.4,19.6
2006/05/19,19.6,19.9,19.4,19.5
2006/05/22,20.0,20.3,19.5,19.5
2006/05/23,19.7,20.0,19.1,19.1
2006/05/24,19.2,19.5,17.8,18.5
2006/05/25,18.8,19.0,18.4,18.4
2006/05/26,19.2,19.2,18.4,18.5
2006/05/29,18.7,18.7,18.2,18.5
2006/05/30,18.6,18.8,18.4,18.7
2006/06/01,18.9,19.9,18.9,19.8
2006/06/02,20.3,20.5,19.8,19.8
2006/06/05,20.1,20.1,18.4,18.4
2006/06/06,18.3,18.5,17.7,18.5
2006/06/07,18.3,18.5,17.9,18.0
2006/06/08,18.0,18.0,16.8,16.8
2006/06/09,17.0,17.2,16.2,17.2
2006/06/12,17.1,17.3,16.7,17.3
2006/06/13,17.1,17.4,16.8,16.9
2006/06/14,16.9,17.3,16.9,17.1
2006/06/15,17.3,17.4,16.4,16.4
2006/06/16,16.9,17.3,16.7,16.9
2006/06/19,17.0,17.0,16.5,16.6
2006/06/20,16.5,16.6,15.5,15.5
2006/06/21,15.5,15.9,14.4,14.4
2006/06/22,15.1,15.4,14.7,15.4
2006/06/23,15.3,15.4,14.8,15.4
2006/06/26,15.5,15.9,15.0,15.8
2006/06/27,15.9,16.4,15.8,16.3
2006/06/28,15.7,16.2,15.7,16.1
2006/06/29,16.4,16.6,16.3,16.5
2006/06/30,16.8,16.8,16.4,16.4
2006/07/03,16.5,16.5,16.1,16.2
2006/07/04,16.2,17.0,16.2,16.7
2006/07/05,16.6,16.7,16.3,16.3
2006/07/06,16.3,16.5,16.2,16.4
2006/07/07,16.4,16.4,16.2,16.3
2006/07/10,16.1,16.2,15.9,16.2
2006/07/11,16.4,17.1,16.4,16.7
2006/07/12,17.0,17.4,16.7,17.0
2006/07/13,16.6,17.0,16.5,16.6
2006/07/14,16.2,16.5,16.2,16.3
2006/07/17,16.3,16.3,15.4,15.7
2006/07/18,15.7,15.9,15.7,15.7
2006/07/19,16.1,16.2,15.6,15.6
2006/07/20,16.0,16.3,15.9,16.2
2006/07/21,16.1,16.1,15.7,15.9
2006/07/24,15.7,15.8,15.5,15.7
2006/07/25,16.0,16.2,15.8,15.9
2006/07/26,16.1,16.1,15.9,15.9
2006/07/27,15.7,16.3,15.7,16.2
2006/07/28,16.3,16.6,16.2,16.5
2006/07/31,16.6,16.7,16.0,16.0
2006/08/01,16.1,16.2,15.9,16.0
2006/08/02,15.7,16.1,15.7,16.1
2006/08/03,16.1,16.3,16.1,16.1
2006/08/04,16.2,16.4,15.9,16.1
2006/08/07,15.9,16.1,15.8,15.9
2006/08/08,15.8,16.0,15.8,16.0
2006/08/09,16.2,16.5,16.1,16.5
2006/08/10,16.6,17.3,16.5,17.1
2006/08/11,17.0,17.2,16.8,16.8
2006/08/14,16.8,17.3,16.8,17.0
2006/08/15,17.3,17.5,17.0,17.4
2006/08/16,17.6,18.3,17.6,18.3
2006/08/17,19.2,19.2,18.5,18.6
2006/08/18,18.8,18.9,18.1,18.1
2006/08/21,18.1,18.3,16.9,16.9
2006/08/22,16.9,17.6,16.9,17.6
2006/08/23,17.5,17.7,17.0,17.5
2006/08/24,17.1,17.4,17.1,17.2
2006/08/25,17.3,17.6,17.1,17.1
2006/08/28,16.8,17.0,16.6,16.7
2006/08/29,17.1,17.1,16.8,17.0
2006/08/30,17.2,17.6,17.2,17.4
2006/08/31,17.7,17.7,17.3,17.3
2006/09/01,17.5,17.5,17.3,17.4
2006/09/04,17.5,18.5,17.5,18.4
2006/09/05,18.4,18.5,17.8,18.1
2006/09/06,18.0,18.3,17.6,17.7
2006/09/07,17.5,17.8,17.5,17.7
2006/09/08,17.9,18.2,17.6,18.1
2006/09/11,18.3,18.8,18.1,18.3
2006/09/12,18.7,18.8,18.1,18.2
2006/09/13,18.8,18.9,18.3,18.4
2006/09/14,18.6,18.6,17.3,17.5
2006/09/15,17.5,17.9,17.4,17.8
2006/09/18,18.5,18.8,18.2,18.7
2006/09/19,18.8,19.0,18.4,18.6
2006/09/20,18.5,19.0,18.4,18.8
2006/09/21,18.9,19.0,18.3,18.4
2006/09/22,18.3,18.6,18.3,18.5
2006/09/25,18.5,18.7,18.2,18.3
2006/09/26,18.4,18.5,18.3,18.5
2006/09/27,18.7,18.8,18.5,18.5
2006/09/28,18.7,18.9,18.5,18.5
2006/09/29,18.5,18.9,18.5,18.6
2006/10/02,18.6,18.7,18.2,18.3
2006/10/03,18.3,18.4,18.3,18.3
2006/10/04,18.3,18.3,18.0,18.1
2006/10/05,18.3,18.4,18.1,18.2
2006/10/10,18.2,18.2,18.2,18.2
2006/10/11,18.3,18.5,18.0,18.1
2006/10/12,18.1,18.4,18.1,18.2
2006/10/13,18.3,19.1,18.3,19.0
2006/10/16,19.0,19.1,18.5,18.5
2006/10/17,18.5,18.8,18.4,18.4
2006/10/18,18.3,18.4,18.2,18.3
2006/10/19,18.3,18.5,18.3,18.3
2006/10/20,18.4,18.6,18.4,18.5
2006/10/23,18.5,18.6,18.3,18.6
2006/10/24,18.7,19.1,18.6,19.1
2006/10/25,19.4,19.4,18.9,19.0
2006/10/26,19.0,19.2,18.7,18.7
2006/10/27,18.8,19.0,18.4,18.4
2006/10/30,18.4,18.4,18.1,18.3
2006/10/31,18.3,18.4,18.2,18.3
2006/11/01,18.4,18.7,18.4,18.5
2006/11/02,18.5,18.5,18.2,18.3
2006/11/03,18.2,18.5,18.2,18.3
2006/11/06,17.7,18.0,17.7,17.7
2006/11/07,17.9,18.2,17.9,17.9
2006/11/08,18.3,18.3,18.1,18.1
2006/11/09,18.2,18.4,17.9,17.9
2006/11/10,17.9,18.1,17.9,18.0
2006/11/13,18.0,18.3,18.0,18.1
2006/11/14,18.3,18.7,18.2,18.6
2006/11/15,18.9,18.9,18.4,18.4
2006/11/16,18.5,19.0,18.5,19.0
2006/11/17,19.2,19.3,18.8,18.9
2006/11/20,18.9,19.2,18.8,18.8
2006/11/21,19.0,19.2,18.8,19.0
2006/11/22,19.0,20.3,19.0,20.0
2006/11/23,19.9,20.1,19.5,19.5
2006/11/24,19.5,20.0,19.5,19.9
2006/11/27,20.2,20.5,19.7,19.9
2006/11/28,19.7,19.8,19.2,19.3
2006/11/29,19.5,19.6,19.0,19.1
2006/11/30,19.3,19.6,19.3,19.4
2006/12/01,19.6,19.8,19.2,19.3
2006/12/04,19.3,19.6,19.1,19.3
2006/12/05,19.5,19.6,18.7,19.0
2006/12/06,19.0,19.3,19.0,19.3
2006/12/07,19.3,19.7,19.1,19.2
2006/12/08,19.2,19.5,19.2,19.4
2006/12/11,19.4,19.9,19.4,19.5
2006/12/12,19.7,19.8,19.1,19.2
2006/12/13,19.2,19.5,18.8,19.0
2006/12/14,19.2,19.4,19.0,19.3
2006/12/15,19.5,19.8,19.3,19.3
2006/12/18,19.2,19.6,19.1,19.5
2006/12/19,19.5,20.1,19.5,19.7
2006/12/20,19.8,20.5,19.8,20.0
2006/12/21,20.1,20.2,19.6,19.6
2006/12/22,19.6,20.9,19.6,20.7
2006/12/25,20.7,21.2,20.4,20.5
2006/12/26,20.6,21.1,20.5,20.5
2006/12/27,20.7,20.9,20.2,20.2
2006/12/28,20.1,20.7,20.1,20.3
2006/12/29,20.3,20.5,20.3,20.4
2007/01/01,20.4,20.4,20.4,20.4
2007/01/02,20.5,21.1,20.5,20.7
2007/01/03,21.0,21.0,20.4,20.5
2007/01/04,20.7,20.8,20.4,20.4
2007/01/05,20.5,20.6,20.2,20.2
2007/01/08,20.1,20.4,20.0,20.1
2007/01/09,20.3,20.7,20.3,20.5
2007/01/10,20.5,21.2,20.5,20.6
2007/01/11,20.9,22.0,20.7,21.1
2007/01/12,22.6,22.6,21.8,22.6
2007/01/15,23.3,23.8,22.2,22.3
2007/01/16,22.3,22.6,22.0,22.0
2007/01/17,21.7,22.2,21.6,21.9
2007/01/18,22.0,22.8,22.0,22.5
2007/01/19,22.5,22.5,22.3,22.4
2007/01/22,22.8,23.2,22.4,22.6
2007/01/23,22.7,22.7,21.8,21.8
2007/01/24,22.3,22.3,21.8,22.0
2007/01/25,22.1,22.1,21.5,21.6
2007/01/26,21.6,21.7,21.3,21.4
2007/01/29,21.6,21.8,21.4,21.5
2007/01/30,21.5,21.7,21.2,21.2
2007/01/31,21.3,21.5,20.7,20.9
2007/02/01,21.0,21.3,20.9,21.0
2007/02/02,21.1,21.3,20.9,21.0
2007/02/05,21.1,21.2,20.9,20.9
2007/02/06,21.1,21.2,21.0,21.1
2007/02/07,21.2,21.2,20.9,21.0
2007/02/08,21.2,21.9,21.2,21.4
2007/02/09,21.6,21.6,21.1,21.1
2007/02/12,21.1,21.1,20.6,20.6
2007/02/13,20.6,20.8,20.5,20.6
2007/02/14,20.6,20.8,20.6,20.6
2007/02/26,21.1,21.2,20.9,21.0
2007/02/27,21.1,21.4,20.8,21.2
2007/03/01,20.8,21.1,20.6,20.7
2007/03/02,20.9,21.2,20.7,20.9
2007/03/05,21.1,21.2,19.6,19.7
2007/03/06,19.8,20.0,19.2,20.0
2007/03/07,20.2,20.3,20.0,20.0
2007/03/08,20.0,20.4,20.0,20.2
2007/03/09,20.4,20.9,20.3,20.5
2007/03/12,20.6,20.7,20.3,20.4
2007/03/13,20.4,20.6,20.4,20.4
2007/03/14,20.1,20.3,19.9,20.1
2007/03/15,20.4,21.0,20.2,20.2
2007/03/16,20.7,20.8,20.5,20.7
2007/03/20,21.1,21.2,20.8,21.2
2007/03/21,21.3,21.4,20.8,20.9
2007/03/22,21.0,21.1,20.6,20.7
2007/03/23,20.7,21.0,20.6,20.6
2007/03/26,20.9,21.0,20.7,20.7
2007/03/27,20.9,21.2,20.9,20.9
2007/03/28,21.0,21.6,20.9,21.4
2007/03/29,21.5,21.6,21.2,21.3
2007/03/30,21.4,22.0,21.2,21.7
2007/04/02,21.9,22.1,21.3,21.4
2007/04/03,21.6,21.7,21.2,21.5
2007/04/04,21.7,21.7,21.2,21.2
2007/04/09,21.4,21.5,20.9,21.0
2007/04/10,21.2,21.2,20.6,20.8
2007/04/11,21.0,21.2,20.8,21.1
2007/04/12,21.1,21.4,21.1,21.4
2007/04/13,21.5,22.4,21.5,21.9
2007/04/16,22.2,22.6,22.0,22.1
2007/04/17,22.4,22.4,21.2,21.3
2007/04/18,21.3,21.5,21.2,21.4
2007/04/19,21.5,21.5,21.1,21.1
2007/04/20,21.4,21.4,21.2,21.2
2007/04/23,21.4,21.5,21.1,21.2
2007/04/24,21.2,21.3,21.2,21.2
2007/04/25,21.2,21.5,21.2,21.3
2007/04/26,21.4,21.8,21.3,21.7
2007/04/27,22.1,22.3,21.9,21.9
2007/04/30,20.4,20.4,20.4,20.4
2007/05/02,19.0,19.5,19.0,19.0
2007/05/03,18.7,19.0,17.7,18.3
2007/05/04,18.3,18.5,18.1,18.3
2007/05/07,18.7,19.0,18.4,18.8
2007/05/08,19.1,19.1,18.6,18.7
2007/05/09,19.2,19.6,19.2,19.4
2007/05/10,19.5,19.7,19.0,19.5
2007/05/11,19.3,19.4,19.2,19.3
2007/05/14,19.3,19.5,19.2,19.2
2007/05/15,19.3,19.4,18.9,18.9
2007/05/16,18.9,19.1,18.9,19.1
2007/05/17,19.3,19.3,18.9,18.9
2007/05/18,19.0,19.0,18.6,18.9
2007/05/21,18.9,19.0,18.8,18.8
2007/05/22,18.9,19.0,18.8,18.9
2007/05/23,19.2,19.7,19.0,19.4
2007/05/24,19.6,20.1,19.2,19.8
2007/05/25,19.8,19.8,19.4,19.7
2007/05/28,19.7,19.9,19.3,19.4
2007/05/29,19.5,19.6,19.1,19.1
2007/05/30,19.1,19.5,19.1,19.3
2007/05/31,19.5,19.7,19.3,19.5
2007/06/01,19.7,19.9,19.5,19.7
2007/06/04,19.8,19.9,19.6,19.7
2007/06/05,20.1,21.1,20.0,21.0
2007/06/06,21.0,21.0,20.2,20.2
2007/06/07,20.1,20.6,20.1,20.4
2007/06/08,20.3,21.7,20.3,21.4
2007/06/11,21.8,22.3,21.4,22.1
2007/06/12,22.5,22.7,22.2,22.5
2007/06/13,22.6,23.4,22.1,22.1
2007/06/14,22.4,22.6,21.6,22.5
2007/06/15,22.6,23.3,22.2,22.8
2007/06/20,23.1,23.2,22.0,22.5
2007/06/21,22.5,22.7,21.7,22.2
2007/06/22,22.7,23.4,22.5,23.3
2007/06/25,24.9,24.9,24.0,24.2
2007/06/26,24.2,24.4,23.6,23.6
2007/06/27,23.9,24.5,23.6,24.0
2007/06/28,24.2,25.2,24.0,24.6
2007/06/29,24.9,25.0,24.2,24.2
2007/07/02,24.5,24.5,23.7,24.0
2007/07/03,24.2,24.2,23.7,23.8
2007/07/04,23.9,24.6,23.7,24.5
2007/07/05,24.5,25.9,24.2,25.5
2007/07/06,25.7,26.2,25.3,26.1
2007/07/09,26.2,27.6,25.7,27.2
2007/07/10,27.6,27.6,26.4,26.5
2007/07/11,25.9,26.9,25.9,25.9
2007/07/12,26.2,26.5,25.6,25.8
2007/07/13,26.2,26.2,25.1,25.1
2007/07/16,25.5,26.0,25.3,25.5
2007/07/17,26.1,26.1,25.6,25.8
2007/07/18,25.9,26.8,25.8,26.7
2007/07/19,26.9,28.3,26.7,27.8
2007/07/20,28.2,28.2,27.1,27.1
2007/07/23,26.9,27.9,26.7,27.8
2007/07/24,28.0,28.9,27.6,28.4
2007/07/25,28.3,28.9,28.0,28.0
2007/07/26,28.4,28.5,26.1,26.1
2007/07/27,24.8,25.8,24.8,24.8
2007/07/30,24.6,25.1,23.9,24.3
2007/07/31,24.9,25.0,24.5,24.6
2007/08/01,24.6,25.2,23.9,23.9
2007/08/02,24.2,24.6,23.1,23.7
2007/08/03,23.9,24.1,23.2,23.4
2007/08/06,22.9,23.1,22.6,23.1
2007/08/07,23.4,23.7,23.1,23.2
2007/08/08,23.6,23.8,23.3,23.8
2007/08/09,24.4,24.7,24.2,24.3
2007/08/10,23.3,23.7,23.2,23.6
2007/08/13,23.1,23.3,22.1,22.9
2007/08/14,22.2,22.4,21.7,21.9
2007/08/15,21.7,21.8,20.4,20.6
2007/08/16,20.3,20.3,19.2,19.2
2007/08/17,18.9,19.6,17.8,18.7
2007/08/20,20.0,20.0,19.4,20.0
2007/08/21,20.1,20.1,19.3,19.5
2007/08/22,19.6,20.1,19.4,20.1
2007/08/23,20.8,21.1,20.4,20.9
2007/08/24,20.6,20.9,20.3,20.6
2007/08/27,21.1,21.4,20.6,21.3
2007/08/28,21.3,21.6,20.9,21.5
2007/08/29,20.9,21.4,20.3,21.4
2007/08/30,21.7,22.1,21.3,21.3
2007/08/31,21.5,21.6,21.1,21.1
2007/09/03,21.4,21.4,20.4,20.4
2007/09/04,20.6,20.8,20.4,20.7
2007/09/05,20.8,20.8,20.3,20.3
2007/09/06,20.1,20.9,19.7,20.9
2007/09/07,20.9,21.6,20.6,21.3
2007/09/10,21.2,21.4,20.9,21.0
2007/09/11,21.7,21.9,21.3,21.4
2007/09/12,21.9,22.1,21.6,21.7
2007/09/13,22.1,22.2,21.5,21.5
2007/09/14,21.9,21.9,21.2,21.2
2007/09/17,21.3,21.5,20.9,20.9
2007/09/19,21.2,21.3,20.1,20.2
2007/09/20,20.3,20.5,20.1,20.1
2007/09/21,20.1,21.0,20.1,20.8
2007/09/26,21.0,21.0,20.5,20.8
2007/09/27,21.2,21.9,20.9,21.7
2007/09/28,21.8,21.9,21.1,21.2
2007/10/01,21.7,21.7,21.2,21.3
2007/10/02,21.5,21.6,21.2,21.4
2007/10/03,21.5,21.5,21.0,21.1
2007/10/04,21.2,21.3,21.0,21.1
2007/10/05,21.3,21.7,21.0,21.7
2007/10/08,21.9,22.0,21.1,21.2
2007/10/09,21.3,21.4,20.9,21.0
2007/10/11,21.2,21.6,21.2,21.5
2007/10/12,21.5,21.6,21.0,21.6
2007/10/15,21.7,22.4,21.0,22.3
2007/10/16,22.3,23.0,22.0,22.9
2007/10/17,23.1,23.4,22.5,22.6
2007/10/18,23.1,23.4,22.8,22.8
2007/10/19,23.1,23.1,22.2,22.2
2007/10/22,21.3,21.8,21.3,21.6
2007/10/23,21.7,22.2,21.7,21.9
2007/10/24,22.2,22.6,21.9,21.9
2007/10/25,22.5,22.5,22.0,22.3
2007/10/26,22.4,22.4,21.9,22.3
2007/10/29,22.5,22.5,21.7,21.7
2007/10/30,21.9,22.3,21.7,21.9
2007/10/31,22.1,22.2,21.7,21.7
2007/11/01,22.0,22.0,21.2,21.2
2007/11/02,20.8,20.9,20.3,20.4
2007/11/05,20.4,20.6,19.8,20.3
2007/11/06,20.3,20.4,20.0,20.1
2007/11/07,20.2,20.3,19.8,19.8
2007/11/08,19.5,19.5,18.5,18.7
2007/11/09,18.8,19.2,18.2,18.9
2007/11/12,18.1,18.6,17.9,17.9
2007/11/13,17.9,18.3,17.8,18.3
2007/11/14,18.9,19.1,18.5,19.0
2007/11/15,18.9,18.9,18.4,18.4
2007/11/16,18.0,19.2,18.0,19.0
2007/11/19,19.1,19.2,18.6,18.6
2007/11/20,18.2,18.6,18.0,18.4
2007/11/21,18.8,18.8,18.1,18.1
2007/11/22,18.0,18.3,18.0,18.1
2007/11/23,18.0,18.2,17.9,17.9
2007/11/26,18.1,18.2,18.0,18.0
2007/11/27,17.9,17.9,16.8,17.3
2007/11/28,17.5,17.9,17.3,17.9
2007/11/29,18.2,18.4,17.7,17.8
2007/11/30,18.1,18.5,17.8,18.4
2007/12/03,18.0,18.0,18.0,18.0
2007/12/04,18.0,18.3,17.9,18.1
2007/12/05,18.1,18.4,17.9,18.4
2007/12/06,18.6,18.6,17.9,17.9
2007/12/07,18.0,18.2,17.7,17.8
2007/12/10,17.7,17.9,17.5,17.5
2007/12/11,17.5,17.7,17.5,17.5
2007/12/12,17.2,17.4,17.0,17.2
2007/12/13,17.3,17.5,16.5,16.5
2007/12/14,16.0,16.6,15.4,15.7
2007/12/17,15.1,15.6,14.6,14.6
2007/12/18,14.0,14.5,13.6,14.1
2007/12/19,14.2,14.8,14.2,14.7
2007/12/20,14.7,14.9,14.2,14.2
2007/12/21,14.2,14.4,14.0,14.2
2007/12/24,14.3,15.0,14.3,14.8
2007/12/25,14.8,15.2,14.7,15.1
2007/12/26,14.8,15.0,14.7,15.0
2007/12/27,15.0,15.4,14.9,15.2
2007/12/28,15.1,15.6,15.0,15.6
2007/12/31,16.0,16.1,15.7,16.0
2008/01/02,16.0,16.2,15.7,15.8
2008/01/03,15.4,15.5,15.2,15.4
2008/01/04,15.3,16.1,15.3,16.0
2008/01/07,15.6,15.8,15.0,15.0
2008/01/08,15.1,15.5,15.0,15.1
2008/01/09,15.0,15.9,14.7,15.5
2008/01/10,15.6,15.9,15.6,15.7
2008/01/11,15.9,16.0,15.7,15.8
2008/01/14,16.0,16.1,15.6,15.7
2008/01/15,15.8,16.0,15.6,15.6
2008/01/16,15.2,15.4,14.8,15.0
2008/01/17,15.0,15.3,15.0,15.1
2008/01/18,15.0,15.2,14.7,15.2
2008/01/21,15.3,15.4,15.1,15.1
2008/01/22,14.5,14.5,14.1,14.1
2008/01/23,14.2,14.4,13.4,13.4
2008/01/24,13.6,13.9,12.8,13.1
2008/01/25,13.2,14.0,13.2,14.0
2008/01/28,13.5,13.8,13.4,13.5
2008/01/29,13.6,13.8,13.5,13.7
2008/01/30,13.7,13.9,13.5,13.6
2008/01/31,13.7,13.7,13.4,13.4
2008/02/01,13.5,13.9,13.5,13.8
2008/02/12,13.8,14.0,13.5,13.8
2008/02/13,13.9,14.5,13.9,14.2
2008/02/14,14.5,15.1,14.4,15.1
2008/02/15,15.1,15.8,15.1,15.7
2008/02/18,15.9,15.9,15.5,15.7
2008/02/19,15.7,16.0,15.5,15.8
2008/02/20,15.7,15.9,15.3,15.4
2008/02/21,15.5,16.1,15.5,16.0
2008/02/22,15.9,16.4,15.8,16.2
2008/02/25,16.3,16.5,16.1,16.2
2008/02/26,16.2,16.4,16.1,16.2
2008/02/27,16.4,16.8,16.3,16.7
2008/02/29,16.7,16.7,16.4,16.6
2008/03/03,16.1,16.2,15.9,15.9
2008/03/04,15.9,16.3,15.9,16.1
2008/03/05,16.1,16.3,15.9,15.9
2008/03/06,16.2,16.4,16.0,16.3
2008/03/07,16.0,16.7,16.0,16.4
2008/03/10,16.5,16.6,16.0,16.0
2008/03/11,15.8,16.2,15.8,16.2
2008/03/12,16.5,16.6,16.1,16.1
2008/03/13,16.0,16.3,15.7,15.7
2008/03/14,15.7,15.9,15.3,15.3
2008/03/17,15.1,15.2,14.7,14.8
2008/03/18,14.9,15.4,14.9,15.3
2008/03/19,15.7,15.8,15.5,15.7
2008/03/20,15.9,16.2,15.7,16.0
2008/03/21,16.1,16.4,16.0,16.2
2008/03/24,17.0,17.0,16.4,16.5
2008/03/25,16.8,16.9,16.6,16.7
2008/03/26,16.7,16.9,16.6,16.6
2008/03/27,16.6,16.7,16.4,16.6
2008/03/28,16.5,17.2,16.5,17.0
2008/03/31,17.0,17.1,16.7,16.8
2008/04/01,17.0,17.2,16.9,16.9
2008/04/02,17.3,17.7,17.1,17.5
2008/04/03,17.7,17.9,17.6,17.7
2008/04/07,17.9,18.0,17.7,17.9
2008/04/08,17.8,18.0,17.7,17.7
2008/04/09,17.7,18.0,17.5,17.5
2008/04/10,17.5,17.7,17.5,17.7
2008/04/11,17.8,18.3,17.7,17.8
2008/04/14,17.6,17.7,17.2,17.3
2008/04/15,17.5,18.1,17.5,17.7
2008/04/16,18.1,18.2,17.7,17.8
2008/04/17,18.2,18.9,18.2,18.4
2008/04/18,18.5,18.6,18.1,18.3
2008/04/21,18.5,18.5,18.2,18.3
2008/04/22,18.4,18.5,18.1,18.1
2008/04/23,18.1,18.3,17.8,18.0
2008/04/24,18.0,18.2,17.8,17.8
2008/04/25,18.0,18.2,17.9,17.9
2008/04/28,17.9,18.1,17.8,17.8
2008/04/29,17.6,17.8,17.3,17.3
2008/04/30,17.7,17.7,17.4,17.4
2008/05/02,17.5,17.6,17.4,17.5
2008/05/05,17.5,17.6,17.3,17.5
2008/05/06,17.5,17.8,17.5,17.7
2008/05/07,17.8,18.2,17.8,17.9
2008/05/08,18.1,18.1,18.1,18.1
2008/05/09,18.1,18.2,17.7,17.7
2008/05/12,17.9,18.0,17.6,17.7
2008/05/13,17.8,18.0,17.7,17.7
2008/05/14,17.8,18.0,17.8,17.9
2008/05/15,17.8,18.3,17.8,18.0
2008/05/16,18.3,18.5,18.1,18.2
2008/05/19,18.4,18.4,18.1,18.1
2008/05/20,18.2,18.3,17.8,17.8
2008/05/21,17.7,18.0,17.7,18.0
2008/05/22,17.8,17.9,17.7,17.8
2008/05/23,17.9,17.9,17.2,17.2
2008/05/26,17.2,17.2,16.5,16.5
2008/05/27,16.6,16.8,16.5,16.6
2008/05/28,16.6,16.8,16.5,16.6
2008/05/29,16.6,16.8,16.5,16.6
2008/05/30,16.8,16.8,16.3,16.4
2008/06/02,16.5,16.7,16.4,16.7
2008/06/03,16.7,16.8,16.6,16.6
2008/06/04,16.5,16.7,16.5,16.7
2008/06/05,16.7,17.3,16.7,17.2
2008/06/06,17.4,17.4,17.0,17.0
2008/06/09,16.5,16.7,16.5,16.6
2008/06/10,16.8,16.9,16.6,16.6
2008/06/11,16.6,16.7,16.1,16.1
2008/06/12,15.9,16.0,15.0,15.1
2008/06/13,15.3,15.6,15.3,15.5
2008/06/16,15.6,15.8,15.6,15.6
2008/06/17,15.6,15.7,15.4,15.4
2008/06/18,15.4,15.8,15.4,15.8
2008/06/19,15.7,15.7,15.4,15.4
2008/06/20,15.6,15.7,15.1,15.1
2008/06/23,14.9,15.2,14.9,15.1
2008/06/24,15.2,15.2,14.6,14.6
2008/06/25,14.5,15.0,14.3,14.9
2008/06/26,15.0,15.1,14.6,14.9
2008/06/27,14.3,14.3,13.9,14.0
2008/06/30,14.1,14.2,13.7,13.7
2008/07/01,13.2,13.7,13.2,13.4
2008/07/02,13.3,13.9,13.3,13.9
2008/07/03,13.5,14.5,13.3,14.3
2008/07/07,14.1,14.3,14.0,14.3
2008/07/08,14.3,15.0,14.2,14.4
2008/07/09,14.5,14.9,14.4,14.4
2008/07/10,14.2,14.4,14.1,14.2
2008/07/11,14.3,14.5,14.3,14.5
2008/07/14,14.6,14.8,14.4,14.4
2008/07/15,14.2,14.4,13.7,13.7
2008/07/16,14.3,14.3,13.5,13.5
2008/07/17,13.8,14.2,13.8,14.2
2008/07/18,14.3,14.4,13.8,13.9
2008/07/21,14.2,14.4,14.2,14.4
2008/07/22,14.2,14.5,14.2,14.3
2008/07/23,14.6,15.0,14.5,14.9
2008/07/24,15.0,15.3,14.7,15.0
2008/07/25,14.6,14.8,14.6,14.7
2008/07/29,14.2,14.4,14.2,14.2
2008/07/30,14.4,14.7,14.4,14.4
2008/07/31,14.7,14.7,14.3,14.3
2008/08/01,14.2,14.3,13.9,14.1
2008/08/04,14.2,14.2,14.0,14.1
2008/08/05,14.1,14.2,13.7,13.9
2008/08/06,14.2,14.3,14.1,14.2
2008/08/07,14.3,14.8,14.2,14.5
2008/08/08,14.7,15.3,14.5,15.2
2008/08/11,15.4,15.9,15.3,15.8
2008/08/12,15.8,15.8,15.3,15.6
2008/08/13,15.6,16.0,15.3,15.8
2008/08/14,14.9,15.6,14.9,15.4
2008/08/15,15.6,15.7,15.1,15.1
2008/08/18,15.0,15.2,14.8,14.9
2008/08/19,14.6,15.1,14.6,15.0
2008/08/20,14.9,15.1,14.8,15.0
2008/08/21,15.0,15.0,14.6,14.6
2008/08/22,14.8,14.8,14.2,14.3
2008/08/25,14.5,14.8,14.4,14.5
2008/08/26,14.5,14.5,14.1,14.3
2008/08/27,14.3,14.7,14.3,14.5
2008/08/28,14.7,14.7,14.5,14.5
2008/08/29,14.7,14.8,14.5,14.5
2008/09/01,14.4,14.4,13.8,14.0
2008/09/02,13.9,14.1,13.6,13.7
2008/09/03,13.7,13.8,12.8,12.9
2008/09/04,12.6,13.1,12.0,12.0
2008/09/05,11.3,11.9,11.3,11.7
2008/09/08,12.4,12.4,12.2,12.4
2008/09/09,12.7,12.9,12.5,12.7
2008/09/10,12.9,13.2,12.7,12.9
2008/09/11,13.0,13.2,12.6,12.6
2008/09/12,12.9,13.0,12.5,12.9
2008/09/15,12.6,12.8,12.0,12.0
2008/09/16,11.3,11.8,11.2,11.2
2008/09/17,11.6,11.8,10.9,11.0
2008/09/18,10.3,10.4,10.3,10.4
2008/09/19,11.1,11.1,10.8,11.1
2008/09/22,11.4,11.8,11.3,11.7
2008/09/23,11.4,12.1,11.4,12.1
2008/09/24,11.9,12.5,11.9,12.3
2008/09/25,12.3,12.4,11.9,12.0
2008/09/26,12.4,12.4,11.6,11.9
2008/09/30,11.1,11.5,11.1,11.5
2008/10/01,11.8,11.9,11.6,11.9
2008/10/02,11.8,12.0,11.6,11.7
2008/10/03,11.4,11.9,11.3,11.9
2008/10/06,11.6,11.6,11.2,11.2
2008/10/07,11.0,11.5,11.0,11.4
2008/10/08,11.0,11.2,10.6,10.7
2008/10/09,10.4,10.7,10.1,10.1
2008/10/13,9.8,9.8,9.8,9.8
2008/10/14,10.4,10.4,10.1,10.4
2008/10/15,10.5,10.7,10.3,10.6
2008/10/16,10.3,10.3,10.3,10.3
2008/10/17,9.9,10.3,9.9,9.9
2008/10/20,9.7,9.8,9.6,9.8
2008/10/21,10.1,10.3,9.9,9.9
2008/10/22,9.8,10.0,9.6,9.7
2008/10/23,9.3,9.3,9.3,9.3
2008/10/24,9.0,9.0,9.0,9.0
2008/10/27,8.4,8.5,8.4,8.4
2008/10/28,7.8,8.4,7.8,8.2
2008/10/29,8.7,8.7,7.7,7.7
2008/10/30,7.4,8.3,7.4,8.3
2008/10/31,8.3,8.8,8.1,8.8
2008/11/03,8.9,9.0,8.7,8.9
2008/11/04,8.9,8.9,8.4,8.6
2008/11/05,8.8,9.2,8.8,8.9
2008/11/06,8.3,8.5,8.3,8.3
2008/11/07,7.8,8.6,7.8,8.6
2008/11/10,8.6,8.6,8.5,8.5
2008/11/11,8.3,8.3,7.9,8.0
2008/11/12,7.9,8.0,7.8,7.9
2008/11/13,7.5,7.5,7.3,7.3
2008/11/14,7.6,7.6,6.8,7.0
2008/11/17,6.9,6.9,6.6,6.6
2008/11/18,6.3,6.5,6.2,6.2
2008/11/19,5.8,6.3,5.8,6.2
2008/11/20,5.8,6.0,5.8,5.8
2008/11/21,5.4,6.2,5.4,6.2
2008/11/24,6.1,6.1,5.9,5.9
2008/11/25,6.1,6.3,6.0,6.0
2008/11/26,6.0,6.2,6.0,6.1
2008/11/27,6.3,6.6,6.3,6.6
2008/11/28,7.0,7.0,7.0,7.0
2008/12/01,7.4,7.4,7.2,7.2
2008/12/02,6.7,6.8,6.7,6.7
2008/12/03,6.7,6.7,6.5,6.5
2008/12/04,6.6,6.7,6.4,6.4
2008/12/05,6.5,6.5,6.3,6.4
2008/12/08,6.6,6.8,6.5,6.8
2008/12/09,6.8,7.0,6.6,6.7
2008/12/10,6.8,7.1,6.8,7.1
2008/12/11,7.2,7.3,6.9,7.1
2008/12/12,7.0,7.0,6.6,6.6
2008/12/15,6.9,7.0,6.8,7.0
2008/12/16,6.9,6.9,6.8,6.9
2008/12/17,7.1,7.1,6.9,6.9
2008/12/18,6.9,7.0,6.8,7.0
2008/12/19,6.9,7.3,6.8,7.2
2008/12/22,7.3,7.3,6.9,6.9
2008/12/23,6.8,6.8,6.5,6.6
2008/12/24,6.5,6.7,6.4,6.7
2008/12/25,6.7,6.7,6.7,6.7
2008/12/26,6.7,6.8,6.5,6.7
2008/12/29,6.7,6.9,6.6,6.7
2008/12/30,6.7,6.9,6.7,6.9
2008/12/31,7.0,7.0,6.8,6.9
2009/01/05,7.0,7.2,7.0,7.1
2009/01/06,7.0,7.1,7.0,7.1
2009/01/07,7.1,7.3,7.1,7.2
2009/01/08,7.1,7.1,6.7,6.8
2009/01/09,6.8,6.9,6.8,6.9
2009/01/12,6.8,6.8,6.7,6.7
2009/01/13,6.7,6.8,6.7,6.8
2009/01/14,6.9,6.9,6.8,6.8
2009/01/15,6.6,6.6,6.5,6.6
2009/01/16,6.6,6.7,6.4,6.6
2009/01/19,6.6,6.7,6.5,6.6
2009/01/20,6.6,6.6,6.4,6.5
2009/01/21,6.4,6.4,6.3,6.4
2009/02/02,6.4,6.4,6.3,6.3
2009/02/03,6.3,6.6,6.3,6.5
2009/02/04,6.6,6.7,6.5,6.5
2009/02/05,6.3,6.5,6.3,6.4
2009/02/06,6.4,6.8,6.4,6.8
2009/02/09,6.9,6.9,6.7,6.7
2009/02/10,6.7,6.9,6.7,6.8
2009/02/11,6.6,7.0,6.5,7.0
2009/02/12,7.0,7.2,6.8,7.1
2009/02/13,7.1,7.6,7.1,7.6
2009/02/16,7.6,7.8,7.3,7.5
2009/02/17,7.5,7.5,7.1,7.2
2009/02/18,7.0,7.2,7.0,7.1
2009/02/19,7.1,7.3,7.0,7.2
2009/02/20,7.1,7.2,7.0,7.1
2009/02/23,7.1,7.5,7.0,7.4
2009/02/24,7.4,7.7,7.3,7.5
2009/02/25,7.6,7.6,7.4,7.4
2009/02/26,7.4,7.5,7.4,7.4
2009/02/27,7.5,7.8,7.4,7.7
2009/03/02,7.7,7.8,7.5,7.6
2009/03/03,7.4,7.7,7.3,7.6
2009/03/04,7.7,8.2,7.7,8.2
2009/03/05,8.7,8.7,8.4,8.4
2009/03/06,8.2,9.0,8.2,9.0
2009/03/09,9.0,9.3,8.5,9.3
2009/03/10,9.3,9.8,9.0,9.3
2009/03/11,9.4,9.5,9.0,9.0
2009/03/12,9.1,9.2,9.0,9.0
2009/03/13,9.3,9.4,9.1,9.1
2009/03/16,9.2,9.2,8.9,9.0
2009/03/17,8.9,9.1,8.8,9.0
2009/03/18,9.1,9.4,9.0,9.2
2009/03/19,9.4,9.6,9.2,9.2
2009/03/20,9.2,9.4,8.9,8.9
2009/03/23,9.1,9.6,9.0,9.6
2009/03/24,9.9,10.2,9.7,10.0
2009/03/25,10.2,10.5,10.0,10.4
2009/03/26,10.4,10.7,10.2,10.3
2009/03/27,10.5,10.8,10.3,10.5
2009/03/30,10.7,10.7,10.3,10.5
2009/03/31,10.5,10.8,10.4,10.7
2009/04/01,10.9,11.4,10.8,11.2
2009/04/02,11.6,11.6,10.9,11.0
2009/04/03,11.1,11.1,10.7,10.7
2009/04/06,10.7,11.0,10.5,10.6
2009/04/07,10.6,11.0,10.5,10.9
2009/04/08,10.8,11.1,10.6,10.6
2009/04/09,11.0,11.3,10.9,11.3
2009/04/10,11.6,11.6,11.2,11.4
2009/04/13,11.4,11.8,11.2,11.3
2009/04/14,11.3,11.6,11.3,11.4
2009/04/15,11.4,11.8,11.4,11.5
2009/04/16,11.7,11.8,11.5,11.6
2009/04/17,11.8,11.9,10.8,10.8
2009/04/20,10.7,10.8,10.1,10.2
2009/04/21,9.9,10.7,9.9,10.6
2009/04/22,10.7,11.1,10.6,10.9
2009/04/23,11.0,11.0,10.5,10.6
2009/04/24,10.6,11.0,10.5,10.5
2009/04/27,10.6,10.7,9.8,9.8
2009/04/28,9.8,10.0,9.3,9.4
2009/04/29,9.4,9.6,9.2,9.4
2009/04/30,10.1,10.1,9.9,10.1
2009/05/04,10.6,10.8,10.3,10.6
2009/05/05,10.6,10.7,10.1,10.2
2009/05/06,10.4,10.8,10.3,10.7
2009/05/07,10.9,11.1,10.6,11.1
2009/05/08,11.1,11.6,10.9,11.4
2009/05/11,11.6,11.7,11.4,11.4
2009/05/12,11.2,11.5,10.9,11.0
2009/05/13,11.2,11.3,10.9,11.1
2009/05/14,10.9,11.2,10.8,11.0
2009/05/15,11.0,11.5,11.0,11.1
2009/05/18,11.1,11.5,11.1,11.3
2009/05/19,11.6,11.8,11.3,11.4
2009/05/20,11.8,11.9,11.5,11.6
2009/05/21,11.8,12.1,11.7,12.0
2009/05/22,12.0,12.2,11.8,12.0
2009/05/25,12.3,12.8,12.1,12.8
2009/05/26,13.1,13.1,11.9,11.9
2009/05/27,12.7,12.7,12.5,12.7
2009/06/01,13.1,13.4,12.7,12.8
2009/06/02,13.0,13.0,12.2,12.4
2009/06/03,12.3,12.7,12.1,12.3
2009/06/04,12.3,13.0,12.2,12.7
2009/06/05,12.8,13.0,12.5,12.5
2009/06/08,13.5,13.5,13.0,13.3
2009/06/09,13.2,13.8,13.1,13.4
2009/06/10,13.6,13.7,12.8,13.2
2009/06/11,13.4,13.5,13.1,13.4
2009/06/12,13.4,13.5,12.5,12.5
2009/06/15,11.9,12.1,11.7,11.7
2009/06/16,11.3,11.4,11.0,11.0
2009/06/17,11.1,11.4,11.0,11.1
2009/06/18,11.3,11.5,11.0,11.2
2009/06/19,11.4,11.4,11.2,11.3
2009/06/22,11.4,11.8,11.3,11.7
2009/06/23,11.6,11.9,11.4,11.7
2009/06/24,11.8,12.1,11.7,11.8
2009/06/25,11.9,12.2,11.9,12.0
2009/06/26,12.0,12.3,11.9,11.9
2009/06/29,12.3,12.3,11.9,12.0
2009/06/30,12.1,12.2,11.9,11.9
2009/07/01,11.9,12.4,11.9,12.3
2009/07/02,12.5,12.6,12.3,12.4
2009/07/03,12.1,12.4,12.1,12.2
2009/07/06,12.5,12.5,12.2,12.2
2009/07/07,12.2,12.6,12.2,12.4
2009/07/08,12.4,12.5,12.3,12.4
2009/07/09,12.6,12.6,12.3,12.3
2009/07/10,12.4,12.4,12.3,12.3
2009/07/13,12.2,12.5,11.8,11.8
2009/07/14,12.0,12.4,11.8,12.4
2009/07/15,12.1,12.2,12.0,12.0
2009/07/16,12.2,12.3,11.9,11.9
2009/07/17,12.1,12.7,12.0,12.7
2009/07/20,12.7,13.1,12.7,13.0
2009/07/21,13.1,13.1,12.7,12.7
2009/07/22,12.8,13.2,12.8,13.0
2009/07/23,13.1,13.3,12.8,13.1
2009/07/24,13.3,13.3,12.9,13.0
2009/07/27,13.1,13.2,12.9,13.0
2009/07/28,13.0,13.9,13.0,13.9
2009/07/29,14.0,14.3,13.8,13.9
2009/07/30,13.9,14.8,13.6,14.8
2009/07/31,15.8,15.8,15.8,15.8
2009/08/03,16.9,16.9,16.5,16.9
2009/08/04,17.1,17.2,15.7,15.7
2009/08/05,16.0,16.3,15.1,15.1
2009/08/06,15.1,15.4,14.1,15.1
2009/08/10,14.9,15.5,14.9,15.1
2009/08/11,15.2,15.2,14.6,14.9
2009/08/12,14.9,15.5,14.7,15.1
2009/08/13,15.4,16.1,15.4,16.1
2009/08/14,16.5,17.2,16.5,17.2
2009/08/17,17.4,17.5,16.7,17.2
2009/08/18,17.1,17.2,16.0,16.1
2009/08/19,16.6,16.8,16.4,16.4
2009/08/20,16.0,16.6,15.6,16.5
2009/08/21,16.9,17.6,16.5,16.5
2009/08/24,16.8,17.0,16.5,16.7
2009/08/25,16.6,17.0,16.4,16.4
2009/08/26,16.6,16.9,16.2,16.7
2009/08/27,16.2,16.8,15.9,16.0
2009/08/28,16.1,16.2,15.5,15.8
2009/08/31,16.1,16.2,15.7,15.9
2009/09/01,16.0,17.0,15.8,17.0
2009/09/02,17.2,17.5,17.0,17.4
2009/09/03,17.5,18.5,17.5,18.1
2009/09/04,18.4,18.5,17.7,17.7
2009/09/07,18.0,18.0,17.6,17.9
2009/09/08,17.9,18.0,17.2,17.2
2009/09/09,17.3,17.5,16.5,16.7
2009/09/10,16.7,17.1,16.3,17.0
2009/09/11,17.1,17.2,16.7,16.8
2009/09/14,16.9,17.5,16.4,17.0
2009/09/15,17.0,17.1,16.7,17.0
2009/09/16,17.2,17.2,16.9,17.0
2009/09/17,17.2,17.5,17.0,17.0
2009/09/18,17.0,18.1,17.0,18.1
2009/09/21,18.3,18.3,17.6,17.8
2009/09/22,17.9,18.1,17.5,17.5
2009/09/23,17.5,17.7,16.7,16.9
2009/09/24,16.7,17.1,16.5,16.9
2009/09/25,16.7,17.1,16.7,16.8
2009/09/28,16.8,16.9,16.6,16.8
2009/09/29,17.1,17.5,16.9,17.4
2009/09/30,17.6,17.7,17.3,17.5
2009/10/01,17.6,17.7,17.1,17.5
2009/10/02,17.4,17.6,17.1,17.2
2009/10/05,17.2,17.4,17.0,17.0
2009/10/06,17.2,17.4,17.1,17.3
2009/10/07,17.5,17.5,17.1,17.1
2009/10/08,17.1,17.3,16.8,16.8
2009/10/09,16.9,17.0,16.6,16.8
2009/10/12,17.0,17.0,16.7,17.0
2009/10/13,17.0,17.4,16.9,17.4
2009/10/14,17.4,17.8,17.3,17.5
2009/10/15,17.7,18.2,17.4,17.5
2009/10/16,17.6,17.6,17.1,17.2
2009/10/19,17.2,17.4,17.1,17.3
2009/10/20,17.6,18.5,17.5,18.5
2009/10/21,18.5,18.5,17.9,18.3
2009/10/22,18.1,18.3,17.6,17.9
2009/10/23,18.2,18.4,17.8,17.8
2009/10/26,17.9,17.9,17.5,17.5
2009/10/27,17.5,17.7,17.4,17.5
2009/10/28,17.5,17.9,17.3,17.4
2009/10/29,17.1,17.3,16.2,16.5
2009/10/30,16.6,17.0,16.5,16.5
2009/11/02,16.3,16.7,16.2,16.5
2009/11/03,16.9,17.1,16.6,16.7
2009/11/04,16.9,17.4,16.8,17.2
2009/11/05,17.2,17.5,17.0,17.1
2009/11/06,17.4,17.5,17.1,17.1
2009/11/09,17.3,17.4,17.0,17.1
2009/11/10,17.5,17.5,17.1,17.2
2009/11/11,17.3,17.4,17.2,17.3
2009/11/12,17.4,17.6,17.2,17.5
2009/11/13,17.6,18.1,17.4,17.7
2009/11/16,17.8,17.9,17.7,17.9
2009/11/17,17.9,18.0,17.5,17.5
2009/11/18,17.7,17.9,17.5,17.6
2009/11/19,17.7,18.1,17.6,17.7
2009/11/20,17.5,18.9,17.5,18.9
2009/11/23,18.9,18.9,18.4,18.6
2009/11/24,18.7,19.5,18.5,19.1
2009/11/25,19.1,19.3,18.8,19.1
2009/11/26,19.1,19.5,18.9,19.1
2009/11/27,18.6,18.9,18.1,18.1
2009/11/30,18.4,18.7,18.2,18.6
2009/12/01,18.8,19.0,18.4,19.0
2009/12/02,19.1,19.3,18.9,19.1
2009/12/03,19.3,19.4,18.7,18.7
2009/12/04,18.7,18.8,18.4,18.4
2009/12/07,19.0,19.7,18.7,19.7
2009/12/08,19.8,20.1,19.5,19.5
2009/12/09,19.3,20.0,19.3,20.0
2009/12/10,20.1,20.1,19.3,19.3
2009/12/11,19.5,20.3,19.5,19.9
2009/12/14,20.1,20.2,19.7,19.8
2009/12/15,19.8,20.5,19.8,19.9
2009/12/16,19.9,20.0,19.6,19.6
2009/12/17,19.8,19.9,19.1,19.1
2009/12/18,18.9,19.4,18.9,19.3
2009/12/21,19.5,19.5,19.2,19.2
2009/12/22,19.3,19.6,19.3,19.3
2009/12/23,19.4,19.7,19.4,19.5
2009/12/24,19.6,20.1,19.5,20.0
2009/12/25,20.3,20.7,20.0,20.0
2009/12/28,20.1,20.3,19.8,19.8
2009/12/29,19.8,20.2,19.8,19.9
2009/12/30,20.0,20.2,19.9,20.1
2009/12/31,20.1,20.5,20.0,20.5
2010/01/04,20.6,20.8,20.2,20.3
2010/01/05,20.3,20.5,19.7,19.7
2010/01/06,19.7,20.0,19.7,19.8
2010/01/07,19.8,20.2,19.6,19.7
2010/01/08,20.2,20.2,19.7,20.0
2010/01/11,20.0,20.1,19.8,19.8
2010/01/12,19.8,19.9,19.6,19.6
2010/01/13,19.5,19.6,19.5,19.6
2010/01/14,19.6,20.1,19.6,19.9
2010/01/15,20.0,20.6,20.0,20.3
2010/01/18,20.3,20.7,20.2,20.5
2010/01/19,20.7,21.3,20.6,20.6
2010/01/20,20.9,20.9,20.3,20.4
2010/01/21,20.3,20.4,19.8,19.8
2010/01/22,19.5,19.6,19.3,19.6
2010/01/25,19.6,19.8,19.5,19.5
2010/01/26,19.5,19.6,18.2,18.2
2010/01/27,18.2,18.2,17.5,17.6
2010/01/28,17.5,18.2,17.5,18.1
2010/01/29,17.7,17.9,17.5,17.5
2010/02/01,17.6,17.7,17.3,17.5
2010/02/02,17.7,17.9,17.2,17.3
2010/02/03,17.5,17.7,17.4,17.7
2010/02/04,17.8,18.1,17.7,17.9
2010/02/05,17.2,17.5,16.7,16.9
2010/02/08,16.9,17.1,16.8,16.8
2010/02/09,16.8,17.3,16.8,17.2
2010/02/10,17.5,17.8,17.4,17.6
2010/02/22,18.1,18.2,17.5,17.5
2010/02/23,17.4,17.6,17.3,17.6
2010/02/24,17.5,17.8,17.4,17.4
2010/02/25,17.5,17.5,17.0,17.1
2010/02/26,17.2,17.4,16.6,16.7
2010/03/01,16.9,17.3,16.5,17.2
2010/03/02,17.3,17.6,17.1,17.5
2010/03/03,17.5,17.6,17.4,17.6
2010/03/04,17.6,17.6,17.3,17.5
2010/03/05,17.5,17.8,17.5,17.5
2010/03/08,17.7,18.0,17.6,18.0
2010/03/09,18.3,18.9,18.3,18.8
2010/03/10,18.8,19.6,18.8,19.4
2010/03/11,19.6,19.6,19.0,19.4
2010/03/12,19.4,19.7,19.1,19.6
2010/03/15,19.6,19.7,19.0,19.1
2010/03/16,19.1,20.0,19.0,20.0
2010/03/17,20.6,21.0,20.3,20.4
2010/03/18,20.8,21.0,20.3,20.7
2010/03/19,20.8,20.9,20.5,20.7
2010/03/22,20.7,21.4,20.6,21.0
2010/03/23,21.3,21.4,20.5,20.6
2010/03/24,21.0,22.0,20.9,21.4
2010/03/25,21.2,21.9,21.2,21.6
2010/03/26,21.8,22.6,21.8,22.1
2010/03/29,22.6,22.8,21.9,22.0
2010/03/30,22.0,22.1,21.5,21.6
2010/03/31,21.6,22.0,21.5,21.6
2010/04/01,21.7,22.0,21.6,21.7
2010/04/02,21.8,22.3,21.8,22.0
2010/04/06,22.4,22.4,21.8,21.8
2010/04/07,21.9,22.1,21.6,21.9
2010/04/08,22.8,23.4,22.8,23.4
2010/04/09,23.7,23.7,22.8,23.4
2010/04/12,23.6,23.6,23.1,23.4
2010/04/13,23.6,24.5,23.5,24.2
2010/04/14,24.3,24.3,23.8,24.2
2010/04/15,24.8,25.5,24.8,25.1
2010/04/16,25.2,25.9,25.1,25.3
2010/04/19,24.8,25.0,23.5,23.6
2010/04/20,24.0,25.0,23.8,24.7
2010/04/21,25.0,25.1,24.3,24.7
2010/04/22,24.7,25.1,24.6,25.1
2010/04/23,25.1,25.5,24.8,24.8
2010/04/26,25.2,25.2,24.7,24.7
2010/04/27,24.9,25.4,24.8,24.8
2010/04/28,24.8,26.5,24.6,26.5
2010/04/29,26.7,27.1,26.1,26.2
2010/04/30,26.6,26.9,25.3,25.4
2010/05/03,25.4,25.9,25.3,25.8
2010/05/04,26.2,26.2,25.4,25.4
2010/05/05,24.6,25.0,24.1,24.3
2010/05/06,23.8,24.3,23.3,23.4
2010/05/07,22.5,23.8,22.0,23.8
2010/05/10,23.8,24.4,23.5,24.2
2010/05/11,24.8,25.0,24.5,24.6
2010/05/12,24.8,25.2,24.6,24.7
2010/05/13,25.1,25.3,24.9,24.9
2010/05/14,24.8,25.1,24.6,25.1
2010/05/17,24.8,24.8,24.0,24.0
2010/05/18,24.3,24.3,23.4,23.7
2010/05/19,23.4,24.1,23.1,23.9
2010/05/20,23.3,23.9,23.1,23.1
2010/05/21,22.3,22.5,21.5,22.0
2010/05/24,22.3,22.7,22.0,22.5
2010/05/25,22.1,22.2,21.0,21.1
2010/05/26,21.4,22.6,21.1,22.6
2010/05/27,22.4,23.7,22.4,23.4
2010/05/28,24.0,24.3,23.5,23.5
2010/05/31,23.6,23.9,23.6,23.8
2010/06/01,23.7,24.1,23.5,23.7
2010/06/02,23.6,24.1,23.5,23.7
2010/06/03,24.3,24.6,24.2,24.6
2010/06/04,24.7,24.9,24.2,24.3
2010/06/07,23.4,23.8,23.1,23.6
2010/06/08,23.8,24.2,23.7,23.9
2010/06/09,23.9,24.1,23.1,23.1
2010/06/10,23.2,23.6,23.0,23.6
2010/06/11,24.0,25.0,24.0,24.4
2010/06/14,24.6,24.7,24.2,24.2
2010/06/15,24.1,24.5,24.1,24.2
2010/06/17,24.4,24.9,24.4,24.7
2010/06/18,24.8,24.8,24.3,24.4
2010/06/21,24.8,24.8,24.4,24.5
2010/06/22,24.5,24.6,24.4,24.5
2010/06/23,24.5,24.5,24.1,24.2
2010/06/24,24.2,24.6,24.2,24.3
2010/06/25,24.0,24.5,24.0,24.1
2010/06/28,24.2,24.3,23.6,23.6
2010/06/29,23.9,24.6,23.8,23.8
2010/06/30,23.4,23.8,23.3,23.6
2010/07/01,23.5,23.7,23.3,23.4
2010/07/02,23.5,23.7,23.4,23.5
2010/07/05,23.7,24.1,23.6,24.0
2010/07/06,24.2,25.4,24.0,25.4
2010/07/07,25.5,25.6,24.8,25.0
2010/07/08,26.3,26.5,25.9,26.0
2010/07/09,26.3,26.3,25.9,26.1
2010/07/12,26.7,27.1,26.2,26.3
2010/07/13,26.7,26.7,26.1,26.1
2010/07/14,26.6,26.6,26.3,26.3
2010/07/15,26.5,26.5,26.0,26.1
2010/07/16,26.1,26.3,25.7,25.7
2010/07/19,25.4,25.8,25.4,25.7
2010/07/20,25.9,26.6,25.8,26.3
2010/07/21,26.6,26.6,26.3,26.4
2010/07/22,26.4,26.5,26.2,26.5
2010/07/23,26.7,26.7,26.3,26.5
2010/07/26,26.8,26.9,26.4,26.5
2010/07/27,26.6,26.9,26.3,26.7
2010/07/28,25.6,25.7,25.3,25.4
2010/07/29,25.4,25.4,24.8,24.9
2010/07/30,24.8,25.1,24.7,24.7
2010/08/02,24.8,25.2,24.7,24.9
2010/08/03,25.1,25.3,24.9,24.9
2010/08/04,25.0,25.1,24.8,24.9
2010/08/05,25.1,25.6,24.9,25.0
2010/08/06,24.9,25.2,24.9,24.9
2010/08/09,25.2,25.2,24.9,24.9
2010/08/10,24.9,25.0,24.1,24.1
2010/08/11,23.9,24.2,23.8,23.9
2010/08/12,23.7,24.4,23.7,23.9
2010/08/13,24.0,24.4,24.0,24.2
2010/08/16,24.2,24.2,23.9,23.9
2010/08/17,23.9,24.5,23.9,24.1
2010/08/18,24.2,24.3,23.8,23.8
2010/08/19,23.9,24.5,23.9,24.3
2010/08/20,24.6,25.1,24.6,24.9
2010/08/23,25.0,25.0,24.6,24.6
2010/08/24,25.3,25.5,25.0,25.0
2010/08/25,24.8,24.9,24.3,24.4
2010/08/26,24.6,25.1,24.2,24.6
2010/08/27,24.6,24.9,24.4,24.8
2010/08/30,25.0,25.0,24.3,24.4
2010/08/31,24.1,24.2,23.5,23.5
2010/09/01,23.8,24.2,23.7,24.0
2010/09/02,24.3,24.3,24.1,24.1
2010/09/03,24.3,24.9,24.3,24.5
2010/09/06,24.9,24.9,24.4,24.5
2010/09/07,24.6,24.8,24.4,24.5
2010/09/08,24.6,25.1,24.5,24.8
2010/09/09,25.2,26.2,25.1,25.7
2010/09/10,26.0,26.0,25.3,25.3
2010/09/13,25.4,25.5,25.1,25.4
2010/09/14,25.5,25.9,25.4,25.4
2010/09/15,25.7,25.9,25.5,25.5
2010/09/16,25.7,25.7,25.3,25.3
2010/09/17,25.5,25.9,25.3,25.5
2010/09/20,25.7,26.1,25.5,26.1
2010/09/21,26.4,27.1,26.4,26.4
2010/09/23,26.7,26.8,26.2,26.2
2010/09/24,26.4,27.1,26.0,26.7
2010/09/27,27.1,27.9,26.9,27.0
2010/09/28,27.0,27.0,26.3,26.6
2010/09/29,27.1,27.1,26.5,26.6
2010/09/30,26.5,27.1,26.3,26.7
2010/10/01,26.7,26.7,26.2,26.2
2010/10/04,26.3,26.4,25.4,25.5
2010/10/05,25.4,25.8,25.3,25.8
2010/10/06,26.0,26.0,25.2,25.6
2010/10/07,25.6,26.3,25.5,26.0
2010/10/08,26.5,26.7,26.1,26.3
2010/10/11,26.3,26.4,25.9,25.9
2010/10/12,25.9,25.9,25.4,25.5
2010/10/13,25.7,25.9,25.4,25.6
2010/10/14,26.1,26.3,25.9,26.0
2010/10/15,26.0,26.0,25.4,25.6
2010/10/18,25.6,25.6,25.1,25.2
2010/10/19,25.0,25.4,24.9,25.2
2010/10/20,25.0,25.6,24.9,25.6
2010/10/21,25.7,25.8,25.5,25.5
2010/10/22,25.6,26.2,25.5,25.9
2010/10/25,26.1,26.2,25.8,26.0
2010/10/26,26.1,27.2,26.0,26.5
2010/10/27,26.5,26.6,26.2,26.3
2010/10/28,26.5,26.7,26.3,26.5
2010/10/29,26.5,26.6,26.0,26.0
2010/11/01,26.1,26.4,26.1,26.2
2010/11/02,26.5,26.7,26.1,26.1
2010/11/03,26.4,26.4,25.4,25.5
2010/11/04,25.6,25.9,25.5,25.6
2010/11/05,25.8,25.9,25.5,25.6
2010/11/08,25.8,25.8,25.1,25.1
2010/11/09,25.1,25.5,25.1,25.4
2010/11/10,25.4,25.5,25.2,25.5
2010/11/11,25.5,25.7,25.4,25.4
2010/11/12,25.3,25.6,25.3,25.4
2010/11/15,25.3,25.5,25.2,25.3
2010/11/16,25.2,25.9,25.2,25.8
2010/11/17,25.6,26.1,25.5,26.1
2010/11/18,26.5,26.7,26.2,26.2
2010/11/19,26.4,26.5,26.0,26.1
2010/11/22,26.2,26.3,26.1,26.2
2010/11/23,26.2,26.4,26.0,26.1
2010/11/24,25.9,26.3,25.9,26.3
2010/11/25,26.3,27.0,26.3,26.7
2010/11/26,26.8,27.1,26.5,26.5
2010/11/29,26.8,27.0,26.5,26.7
2010/11/30,27.0,27.6,26.9,27.0
2010/12/01,27.4,28.2,27.4,27.9
2010/12/02,28.4,28.4,27.6,27.6
2010/12/03,27.8,28.1,27.4,27.5
2010/12/06,27.8,27.8,27.4,27.7
2010/12/07,27.8,28.1,27.7,27.9
2010/12/08,27.9,28.0,27.4,27.4
2010/12/09,27.5,28.0,27.4,27.7
2010/12/10,27.8,27.9,27.4,27.5
2010/12/13,27.7,27.8,27.5,27.7
2010/12/14,27.8,28.1,27.4,27.4
2010/12/15,27.3,27.3,26.4,26.7
2010/12/16,26.6,27.0,26.4,26.9
2010/12/17,27.0,27.4,27.0,27.0
2010/12/20,27.1,27.1,26.8,26.9
2010/12/21,27.1,27.6,27.0,27.5
2010/12/22,27.5,28.1,27.3,28.0
2010/12/23,28.1,28.1,27.8,27.9
2010/12/24,28.0,28.1,27.8,27.8
2010/12/27,27.9,27.9,27.4,27.4
2010/12/28,27.8,27.8,27.4,27.5
2010/12/29,27.5,27.6,26.9,27.0
2010/12/30,27.0,27.2,27.0,27.1
2010/12/31,27.3,27.6,27.0,27.6
2011/01/03,27.7,27.9,27.1,27.3
2011/01/04,27.3,27.5,27.3,27.3
2011/01/05,27.3,27.4,26.9,26.9
2011/01/06,27.2,27.6,27.0,27.4
2011/01/07,27.5,28.0,27.4,27.4
2011/01/10,27.7,27.7,27.3,27.4
2011/01/11,27.5,28.2,27.4,28.2
2011/01/12,28.6,29.4,28.6,28.6
2011/01/13,28.8,28.9,28.3,28.5
2011/01/14,28.3,28.6,28.2,28.2
2011/01/17,28.4,28.9,28.3,28.4
2011/01/18,28.4,29.1,28.3,29.1
2011/01/19,29.3,30.0,29.3,29.4
2011/01/20,29.4,29.4,28.9,28.9
2011/01/21,28.8,28.9,28.5,28.6
2011/01/24,29.0,29.0,28.4,28.6
2011/01/25,28.8,28.8,28.4,28.5
2011/01/26,28.7,28.7,28.4,28.5
2011/01/27,28.7,29.2,28.7,28.9
2011/01/28,29.0,29.1,28.5,28.8
2011/02/08,29.2,29.2,28.4,28.5
2011/02/09,28.4,29.1,28.3,29.1
2011/02/10,29.0,29.0,28.4,28.4
2011/02/11,28.3,28.4,26.9,27.5
2011/02/14,27.6,28.3,27.6,28.1
2011/02/15,28.1,28.5,27.7,28.0
2011/02/16,27.8,28.2,27.7,28.1
2011/02/17,28.1,28.2,27.7,27.7
2011/02/18,28.0,28.5,27.9,28.0
2011/02/21,28.1,28.2,27.8,27.9
2011/02/22,27.8,27.8,27.1,27.6
2011/02/23,27.1,27.5,26.3,26.8
2011/02/24,26.8,27.1,26.7,26.7
2011/02/25,26.8,27.6,26.6,27.6
2011/03/01,27.6,27.8,27.3,27.5
2011/03/02,27.3,27.5,27.1,27.2
2011/03/03,27.5,27.6,27.3,27.4
2011/03/04,27.7,27.8,27.4,27.4
2011/03/07,27.3,27.3,26.9,27.0
2011/03/08,26.9,27.2,26.9,26.9
2011/03/09,27.3,27.3,26.8,26.8
2011/03/10,26.7,26.8,26.0,26.4
2011/03/11,25.8,26.3,25.8,26.3
2011/03/14,26.2,26.3,25.5,25.7
2011/03/15,25.4,25.7,23.9,24.1
2011/03/16,24.3,24.7,23.5,24.7
2011/03/17,24.7,25.8,24.7,25.6
2011/03/18,25.9,26.0,25.4,25.9
2011/03/21,25.8,26.2,25.7,26.0
2011/03/22,26.7,26.8,26.4,26.4
2011/03/23,26.4,26.5,26.2,26.4
2011/03/24,26.5,26.7,26.4,26.6
2011/03/25,27.2,27.4,27.0,27.0
2011/03/28,27.2,27.2,26.8,26.9
2011/03/29,27.2,27.2,26.9,27.0
2011/03/30,27.3,27.3,26.8,26.8
2011/03/31,27.2,27.2,26.8,26.9
2011/04/01,26.9,27.0,26.8,26.9
2011/04/06,27.1,27.6,27.1,27.4
2011/04/07,27.4,27.6,27.3,27.4
2011/04/08,27.3,27.4,27.0,27.3
2011/04/11,27.2,27.2,26.8,27.1
2011/04/12,27.0,27.0,26.5,26.6
2011/04/13,26.5,26.8,26.4,26.8
2011/04/14,27.0,27.2,27.0,27.0
2011/04/15,27.0,27.1,26.6,26.7
2011/04/18,26.7,26.8,26.5,26.6
2011/04/19,26.6,26.6,26.1,26.4
2011/04/20,26.5,26.7,26.4,26.6
2011/04/21,26.8,26.9,26.6,26.7
2011/04/22,26.9,26.9,26.5,26.5
2011/04/25,26.5,26.6,26.2,26.3
2011/04/26,26.2,26.5,26.1,26.4
2011/04/27,26.6,26.6,26.4,26.6
2011/04/28,26.7,27.2,26.7,26.8
2011/04/29,26.8,27.0,26.6,26.8
2011/05/03,26.8,26.8,26.2,26.4
2011/05/04,26.4,26.4,26.2,26.4
2011/05/05,26.3,26.4,26.3,26.4
2011/05/06,26.3,26.5,26.2,26.5
2011/05/09,26.5,26.5,26.2,26.5
2011/05/10,26.5,26.5,26.2,26.2
2011/05/11,26.4,26.4,26.2,26.3
2011/05/12,26.1,26.3,26.1,26.2
2011/05/13,26.2,26.7,26.2,26.4
2011/05/16,26.3,26.5,26.2,26.3
2011/05/17,26.3,26.3,26.1,26.1
2011/05/18,26.1,26.2,26.1,26.2
2011/05/19,26.3,26.3,26.1,26.1
2011/05/20,26.3,26.3,25.8,25.9
2011/05/23,25.9,25.9,25.6,25.6
2011/05/24,25.5,25.6,25.1,25.6
2011/05/25,25.5,25.5,25.3,25.4
2011/05/26,25.5,26.5,25.4,26.5
2011/05/27,26.5,26.6,26.3,26.3
2011/05/30,26.3,26.7,26.3,26.5
2011/05/31,26.7,26.7,26.5,26.7
2011/06/01,26.7,26.7,26.4,26.4
2011/06/02,26.3,26.4,26.2,26.2
2011/06/03,26.2,26.4,26.2,26.3
2011/06/07,26.6,27.0,26.5,26.9
2011/06/08,27.0,27.0,26.6,26.7
2011/06/09,26.8,27.2,26.7,27.1
2011/06/10,27.3,27.8,27.1,27.1
2011/06/13,27.1,27.1,26.4,26.6
2011/06/14,26.6,26.9,26.6,26.7
2011/06/15,26.8,26.9,26.6,26.9
2011/06/16,26.6,26.7,26.4,26.4
2011/06/17,26.4,26.7,26.0,26.5
2011/06/20,26.5,26.5,25.4,25.5
2011/06/21,25.7,25.7,25.3,25.6
2011/06/22,25.8,26.0,25.8,25.9
2011/06/23,25.9,26.3,25.8,25.9
2011/06/24,26.2,26.2,25.7,26.0
2011/06/27,25.7,25.9,25.6,25.9
2011/06/28,25.9,25.9,25.6,25.6
2011/06/29,25.7,26.0,25.7,25.7
2011/06/30,25.9,25.9,25.6,25.7
2011/07/01,25.9,26.0,25.8,25.9
2011/07/04,26.1,26.2,26.0,26.0
2011/07/05,26.1,26.1,25.8,25.8
2011/07/06,25.8,26.0,25.7,26.0
2011/07/07,25.8,26.0,25.8,25.9
2011/07/08,25.9,25.9,25.5,25.5
2011/07/11,25.4,25.4,24.5,24.6
2011/07/12,24.3,24.4,23.6,23.7
2011/07/13,23.7,24.2,23.6,23.6
2011/07/14,23.8,23.8,22.9,23.3
2011/07/15,23.4,24.1,23.2,24.0
2011/07/18,24.0,24.1,23.7,23.8
2011/07/19,23.7,24.0,23.6,23.8
2011/07/20,24.0,24.2,24.0,24.1
2011/07/21,24.1,24.1,23.9,23.9
2011/07/22,24.3,25.0,24.3,24.9
2011/07/25,25.0,25.0,24.6,24.6
2011/07/26,24.8,25.3,24.5,25.0
2011/07/27,25.0,25.2,24.8,24.9
2011/07/28,24.7,24.8,24.6,24.7
2011/07/29,24.7,24.8,24.5,24.7
2011/08/01,24.8,24.9,24.5,24.6
2011/08/02,24.6,24.6,24.1,24.2
2011/08/03,23.8,23.8,23.3,23.5
2011/08/04,23.5,23.7,23.4,23.5
2011/08/05,21.9,22.5,21.9,21.9
2011/08/08,21.8,21.9,20.4,20.5
2011/08/09,19.1,20.2,19.1,20.0
2011/08/10,21.1,21.1,20.6,21.1
2011/08/11,20.5,21.0,20.2,21.0
2011/08/12,21.6,21.8,21.3,21.6
2011/08/15,22.1,22.3,21.9,22.2
2011/08/16,20.1,20.2,19.9,19.9
2011/08/17,19.9,20.0,19.6,19.6
2011/08/18,19.3,19.3,18.6,18.6
2011/08/19,17.6,17.8,17.4,17.4
2011/08/22,17.4,17.8,16.9,16.9
2011/08/23,16.7,17.5,16.7,17.5
2011/08/24,17.8,18.6,17.8,18.6
2011/08/25,18.8,19.0,18.4,18.6
2011/08/26,18.7,18.7,18.3,18.5
2011/08/29,18.5,19.0,18.5,18.8
2011/08/30,18.9,19.3,18.9,19.2
2011/08/31,19.3,19.8,19.1,19.8
2011/09/01,19.8,20.0,19.3,19.3
2011/09/02,19.3,19.5,19.0,19.5
2011/09/05,19.1,19.3,19.0,19.3
2011/09/06,19.2,19.2,18.6,18.8
2011/09/07,19.0,19.2,18.9,19.2
2011/09/08,19.2,19.3,18.9,19.0
2011/09/09,19.0,19.3,18.9,19.3
2011/09/13,19.0,19.3,19.0,19.0
2011/09/14,19.3,19.3,18.6,18.9
2011/09/15,19.1,20.2,19.1,19.9
2011/09/16,20.2,20.8,20.2,20.8
2011/09/19,20.8,20.8,20.2,20.6
2011/09/20,20.6,20.8,20.3,20.7
2011/09/21,20.8,21.7,20.8,21.6
2011/09/22,21.6,23.0,21.6,22.8
2011/09/23,22.0,22.3,21.2,21.4
2011/09/26,21.3,21.4,19.9,19.9
2011/09/27,20.6,21.1,20.3,20.6
2011/09/28,21.0,21.4,20.7,20.8
2011/09/29,20.5,21.0,20.2,20.8
2011/09/30,20.8,21.2,20.6,20.9
2011/10/03,20.8,20.8,20.6,20.7
2011/10/04,20.2,20.7,20.1,20.7
2011/10/05,20.9,21.5,20.7,21.2
2011/10/06,21.7,21.7,20.9,21.0
2011/10/07,21.3,21.5,20.8,20.8
2011/10/11,20.9,21.2,20.8,21.0
2011/10/12,21.1,21.4,20.8,21.1
2011/10/13,21.3,21.4,20.9,21.0
2011/10/14,21.1,21.3,20.8,21.0
2011/10/17,21.3,21.4,21.1,21.1
2011/10/18,21.0,21.1,20.8,20.9
2011/10/19,21.0,21.0,20.7,20.8
2011/10/20,21.3,21.3,20.9,21.0
2011/10/21,21.1,21.2,21.0,21.2
2011/10/24,21.4,21.7,21.3,21.6
2011/10/25,22.1,22.5,21.9,22.0
2011/10/26,21.8,22.0,21.5,21.8
2011/10/27,22.0,22.1,21.5,21.6
2011/10/28,21.9,22.0,21.4,21.4
2011/10/31,21.3,21.6,21.2,21.2
2011/11/01,21.0,21.5,21.0,21.4
2011/11/02,21.0,21.3,20.9,21.2
2011/11/03,21.3,21.6,20.8,20.8
2011/11/04,21.2,21.7,21.2,21.6
2011/11/07,21.7,21.8,21.5,21.6
2011/11/08,21.7,21.8,21.2,21.2
2011/11/09,21.0,21.5,21.0,21.3
2011/11/10,21.0,21.1,20.4,20.7
2011/11/11,20.9,21.0,20.2,20.7
2011/11/14,21.0,21.3,20.9,21.2
2011/11/15,21.3,21.3,20.9,20.9
2011/11/16,21.0,21.1,20.5,20.6
2011/11/17,20.2,20.8,20.2,20.8
2011/11/18,20.4,20.5,20.3,20.3
2011/11/21,20.0,20.1,19.3,19.3
2011/11/22,19.3,19.6,18.9,19.3
2011/11/23,19.4,19.5,18.4,18.8
2011/11/24,18.4,19.0,18.0,18.7
2011/11/25,18.8,19.0,18.4,18.6
2011/11/28,18.9,19.6,18.8,19.5
2011/11/29,19.5,19.6,19.2,19.4
2011/11/30,19.2,19.3,18.7,19.1
2011/12/01,19.6,20.0,19.4,19.6
2011/12/02,19.6,19.7,19.3,19.4
2011/12/05,19.3,19.4,19.0,19.0
2011/12/06,19.1,19.3,18.7,18.7
2011/12/07,18.9,18.9,18.4,18.4
2011/12/08,18.4,18.5,17.6,17.8
2011/12/09,17.4,17.8,17.3,17.7
2011/12/12,18.1,18.1,17.4,17.4
2011/12/13,17.6,17.6,17.3,17.6
2011/12/14,17.5,17.8,17.5,17.7
2011/12/15,17.6,17.7,17.5,17.5
2011/12/16,17.5,18.4,17.5,18.0
2011/12/19,17.8,17.8,17.1,17.1
2011/12/20,17.2,17.6,17.2,17.3
2011/12/21,17.5,18.4,17.5,18.2
2011/12/22,18.3,18.4,18.2,18.3
2011/12/23,18.7,19.5,18.6,19.3
2011/12/26,19.3,19.5,19.1,19.3
2011/12/27,19.4,19.5,19.0,19.3
2011/12/28,19.5,19.5,19.2,19.3
2011/12/29,19.1,19.4,19.1,19.3
2011/12/30,19.4,19.5,19.2,19.2
2012/01/02,19.2,19.2,18.8,18.8
2012/01/03,18.8,19.1,18.8,18.9
2012/01/04,19.1,19.5,19.1,19.4
2012/01/05,19.5,19.5,19.2,19.5
2012/01/06,19.4,19.5,19.3,19.4
2012/01/09,19.3,19.3,19.0,19.1
2012/01/10,19.2,19.4,19.1,19.3
2012/01/11,19.3,19.4,19.1,19.1
2012/01/12,19.3,19.3,19.0,19.0
2012/01/13,19.2,19.3,19.0,19.1
2012/01/16,19.4,19.4,19.0,19.2
2012/01/17,19.3,19.9,19.1,19.9
2012/01/18,19.9,20.1,19.7,19.9
2012/01/30,20.5,20.8,20.3,20.7
2012/01/31,20.8,21.0,20.7,20.8
2012/02/01,20.8,21.4,20.7,21.4
2012/02/02,21.6,21.6,20.7,21.0
2012/02/03,21.0,21.8,20.8,21.5
2012/02/06,21.4,21.4,20.7,20.7
2012/02/07,20.8,21.0,20.6,20.7
2012/02/08,20.8,21.6,20.8,21.3
2012/02/09,21.3,22.0,21.2,21.8
2012/02/10,21.8,22.0,21.3,21.3
2012/02/13,21.3,21.9,21.3,21.5
2012/02/14,21.5,21.9,21.4,21.9
2012/02/15,22.1,23.1,22.0,22.9
2012/02/16,23.0,23.0,21.8,21.8
2012/02/17,22.3,22.4,21.7,21.8
2012/02/20,22.0,22.4,21.8,22.3
2012/02/21,22.4,22.8,22.2,22.4
2012/02/22,22.4,23.0,22.3,22.8
2012/02/23,23.0,23.6,23.0,23.3
2012/02/24,23.6,23.8,23.2,23.3
2012/02/29,23.4,23.5,22.9,22.9
2012/03/01,22.9,23.2,22.7,22.9
2012/03/02,23.2,24.0,23.2,23.6
2012/03/05,23.6,23.8,23.2,23.2
2012/03/06,23.2,23.4,22.7,23.1
2012/03/07,22.8,23.5,22.7,23.4
2012/03/08,23.6,23.7,23.2,23.2
2012/03/09,23.3,24.2,23.3,23.9
2012/03/12,24.5,25.5,24.3,24.6
2012/03/13,24.9,25.2,24.6,24.9
2012/03/14,25.5,25.8,25.1,25.3
2012/03/15,25.4,25.5,24.6,25.1
2012/03/16,24.8,25.7,24.8,25.3
2012/03/19,25.5,25.5,25.0,25.2
2012/03/20,25.1,25.5,24.8,25.0
2012/03/21,25.1,25.4,24.8,25.4
2012/03/22,25.4,25.6,25.2,25.4
2012/03/23,25.4,25.4,25.0,25.1
2012/03/26,25.3,25.7,25.1,25.1
2012/03/27,25.4,25.7,25.1,25.1
2012/03/28,25.3,25.4,25.1,25.1
2012/03/29,25.1,25.1,23.4,23.6
2012/03/30,23.2,24.1,23.0,24.1
2012/04/02,24.0,24.1,23.5,23.6
2012/04/03,23.9,24.2,23.1,23.4
2012/04/05,22.8,23.2,22.3,23.0
2012/04/06,23.0,23.8,23.0,23.8
2012/04/09,23.3,24.2,23.3,23.6
2012/04/10,23.9,24.3,23.7,24.0
2012/04/11,23.8,24.1,23.7,24.0
2012/04/12,24.0,24.1,23.6,23.9
2012/04/13,23.7,24.5,23.7,23.9
2012/04/16,23.8,23.8,23.3,23.3
2012/04/17,23.5,23.5,22.9,22.9
2012/04/18,23.2,23.4,22.7,22.8
2012/04/19,22.7,22.9,22.5,22.6
2012/04/20,22.6,22.7,21.9,21.9
2012/04/23,21.9,22.1,21.2,21.4
2012/04/24,21.4,21.6,21.1,21.6
2012/04/25,21.7,22.1,21.7,22.1
2012/04/26,22.3,22.4,22.1,22.1
2012/04/27,22.4,22.6,22.0,22.4
2012/04/30,22.4,22.6,21.9,22.5
2012/05/02,22.5,23.4,22.5,23.3
2012/05/03,23.3,23.3,22.7,22.9
2012/05/04,22.9,23.3,22.7,23.0
2012/05/07,22.7,22.8,22.6,22.7
2012/05/08,22.9,23.3,22.8,23.1
2012/05/09,23.0,23.0,22.8,22.8
2012/05/10,22.8,23.0,22.6,22.6
2012/05/11,22.8,22.8,22.5,22.5
2012/05/14,22.7,22.8,22.4,22.5
2012/05/15,22.5,22.5,22.2,22.5
2012/05/16,22.4,22.5,21.9,21.9
2012/05/17,21.8,22.3,21.8,22.1
2012/05/18,21.8,21.8,21.0,21.1
2012/05/21,21.2,21.4,20.9,21.0
2012/05/22,21.3,21.5,21.1,21.4
2012/05/23,21.4,21.4,21.1,21.2
2012/05/24,21.2,21.3,20.7,20.7
2012/05/25,20.7,20.8,19.9,20.1
2012/05/28,20.2,20.9,20.0,20.8
2012/05/29,20.8,21.7,20.8,21.5
2012/05/30,21.3,22.2,21.3,22.2
2012/05/31,21.8,22.2,21.7,22.2
2012/06/01,22.0,22.0,21.3,21.3
2012/06/04,20.5,20.5,19.8,20.2
2012/06/05,20.6,20.9,20.5,20.5
2012/06/06,20.8,21.1,20.6,21.0
2012/06/07,21.3,21.4,20.9,20.9
2012/06/08,20.5,20.8,20.5,20.6
2012/06/11,20.7,21.1,20.7,21.1
2012/06/12,20.8,20.9,20.6,20.7
2012/06/13,20.6,21.1,20.5,20.9
2012/06/14,20.8,21.1,20.8,20.9
2012/06/15,21.0,22.4,20.9,22.4
2012/06/18,22.4,22.4,22.0,22.1
2012/06/19,22.1,22.1,21.7,21.8
2012/06/20,21.8,22.0,21.7,21.8
2012/06/21,22.0,22.2,21.8,22.1
2012/06/22,21.8,22.0,21.7,22.0
2012/06/25,22.0,23.3,22.0,22.5
2012/06/26,22.5,22.5,22.0,22.2
2012/06/27,22.0,22.3,21.9,22.1
2012/06/28,22.2,22.4,21.9,22.0
2012/06/29,21.9,22.3,21.9,22.3
2012/07/02,22.4,22.6,22.3,22.4
2012/07/03,22.4,22.9,22.4,22.9
2012/07/04,23.0,23.2,22.7,23.0
2012/07/05,23.2,23.2,22.9,23.0
2012/07/06,22.9,23.0,22.9,22.9
2012/07/09,22.8,22.9,22.5,22.5
2012/07/10,21.3,21.6,21.1,21.3
2012/07/11,21.3,21.5,21.2,21.5
2012/07/12,21.6,21.7,21.5,21.7
2012/07/13,21.7,21.7,21.3,21.4
2012/07/16,21.5,21.7,21.2,21.2
2012/07/17,21.2,21.5,21.2,21.3
2012/07/18,21.6,21.6,21.3,21.4
2012/07/19,21.7,21.7,21.5,21.7
2012/07/20,21.7,21.7,21.4,21.5
2012/07/23,21.3,21.3,20.9,20.9
2012/07/24,20.9,21.1,20.7,21.0
2012/07/25,20.8,21.2,20.7,20.9
2012/07/26,21.1,21.2,21.0,21.1
2012/07/27,21.4,21.6,21.1,21.5
2012/07/30,21.5,21.9,21.5,21.8
2012/07/31,21.7,21.8,21.5,21.7
2012/08/01,22.1,22.8,22.0,22.6
2012/08/03,22.5,22.6,22.3,22.4
2012/08/06,22.8,22.9,22.5,22.8
2012/08/07,22.9,23.0,22.7,22.8
2012/08/08,22.9,23.5,22.9,23.3
2012/08/09,23.3,23.5,23.2,23.3
2012/08/10,23.3,23.4,22.9,23.1
2012/08/13,23.1,23.4,22.9,23.3
2012/08/14,23.4,23.5,23.3,23.5
2012/08/15,23.6,23.6,23.4,23.5
2012/08/16,23.8,24.0,23.6,23.7
2012/08/17,23.7,23.8,23.4,23.4
2012/08/20,23.3,23.5,23.2,23.3
2012/08/21,23.4,23.6,23.4,23.4
2012/08/22,23.6,24.1,23.6,23.9
2012/08/23,24.2,24.5,24.0,24.4
2012/08/24,24.3,24.7,24.0,24.4
2012/08/27,24.6,24.9,24.4,24.6
2012/08/28,24.6,24.7,23.8,23.9
2012/08/29,24.0,24.6,23.9,24.5
2012/08/30,24.5,25.1,24.4,24.6
2012/08/31,24.6,24.9,24.6,24.6
2012/09/03,24.6,25.1,24.6,25.1
2012/09/04,25.3,25.3,24.6,25.0
2012/09/05,25.0,25.1,24.7,24.7
2012/09/06,24.7,24.8,24.3,24.4
2012/09/07,24.8,24.9,24.6,24.9
2012/09/10,25.1,25.9,24.9,25.7
2012/09/11,25.8,25.8,25.5,25.6
2012/09/12,25.8,25.9,25.5,25.6
2012/09/13,25.6,25.8,25.4,25.6
2012/09/14,25.8,25.8,25.0,25.4
2012/09/17,25.4,25.5,24.6,24.7
2012/09/18,24.7,25.2,24.7,25.0
2012/09/19,25.2,25.2,24.8,24.9
2012/09/20,24.9,25.0,24.7,24.9
2012/09/21,25.0,25.0,24.5,24.5
2012/09/24,24.2,24.4,24.1,24.2
2012/09/25,24.2,24.4,24.2,24.3
2012/09/26,24.2,24.3,23.8,23.9
2012/09/27,23.9,24.3,23.9,24.2
2012/09/28,24.3,24.4,23.9,24.0
2012/10/01,24.0,24.1,23.9,24.1
2012/10/02,24.2,24.5,24.2,24.5
2012/10/03,24.5,24.6,24.4,24.4
2012/10/04,24.6,24.6,24.1,24.2
2012/10/05,24.3,24.7,24.3,24.6
2012/10/08,24.7,24.7,24.3,24.3
2012/10/09,24.3,24.4,23.6,23.8
2012/10/11,23.6,24.4,23.6,23.9
2012/10/12,24.1,24.6,24.1,24.3
2012/10/15,24.3,24.4,24.1,24.3
2012/10/16,24.4,24.6,24.3,24.6
2012/10/17,24.8,24.8,24.2,24.2
2012/10/18,24.4,24.4,24.0,24.2
2012/10/19,24.0,24.2,24.0,24.1
2012/10/22,23.8,23.9,23.6,23.7
2012/10/23,23.8,24.1,23.7,23.9
2012/10/24,23.7,24.0,23.6,23.9
2012/10/25,24.1,24.1,23.4,23.5
2012/10/26,23.4,23.6,22.6,22.7
2012/10/29,22.7,23.3,22.7,22.7
2012/10/30,23.3,24.2,23.3,24.0
2012/10/31,24.2,24.2,23.8,24.0
2012/11/01,24.0,24.2,23.7,24.1
2012/11/02,24.3,24.4,23.9,23.9
2012/11/05,23.7,23.8,23.4,23.4
2012/11/06,23.4,23.6,23.2,23.4
2012/11/07,23.5,23.6,23.2,23.5
2012/11/08,23.3,23.5,23.3,23.4
2012/11/09,23.3,23.6,23.2,23.4
2012/11/12,23.6,23.6,23.4,23.5
2012/11/13,23.4,23.4,22.9,22.9
2012/11/14,22.9,23.1,22.9,23.0
2012/11/15,22.8,23.2,22.8,22.9
2012/11/16,23.1,23.1,22.8,22.9
2012/11/19,23.1,23.1,22.5,22.6
2012/11/20,22.7,22.9,22.3,22.3
2012/11/21,22.4,22.5,22.1,22.1
2012/11/22,22.4,22.4,22.1,22.2
2012/11/23,22.4,23.0,22.3,22.9
2012/11/26,23.2,23.4,23.1,23.3
2012/11/27,23.3,23.3,23.1,23.3
2012/11/28,23.2,23.2,23.0,23.1
2012/11/29,23.4,23.4,23.1,23.1
2012/11/30,23.1,23.8,23.1,23.6
2012/12/03,23.7,24.5,23.7,24.2
2012/12/04,24.1,24.3,24.0,24.2
2012/12/05,24.3,24.7,24.2,24.5
2012/12/06,24.5,24.8,24.2,24.6
2012/12/07,24.6,24.8,24.5,24.6
2012/12/10,24.6,24.9,24.5,24.5
2012/12/11,24.7,24.9,24.6,24.8
2012/12/12,25.1,25.4,24.9,25.3
2012/12/13,25.5,25.6,25.2,25.3
2012/12/14,25.3,25.4,25.0,25.0
2012/12/17,25.1,25.6,25.0,25.6
2012/12/18,25.6,25.7,25.3,25.6
2012/12/19,25.7,25.7,25.2,25.6
2012/12/20,25.6,25.6,25.3,25.6
2012/12/21,25.4,25.5,24.7,25.1
2012/12/24,24.8,25.1,24.7,24.9
2012/12/25,25.0,25.1,24.9,25.1
2012/12/26,25.3,25.3,25.1,25.1
2012/12/27,25.2,25.3,25.1,25.2
2012/12/28,25.3,25.7,25.3,25.7
2013/01/02,25.9,26.4,25.9,25.9
2013/01/03,26.1,26.2,25.8,25.8
2013/01/04,26.0,26.0,25.4,25.5
2013/01/07,25.6,25.7,25.4,25.7
2013/01/08,25.4,25.5,25.3,25.4
2013/01/09,25.7,25.8,25.6,25.7
2013/01/10,25.9,26.4,25.8,26.3
2013/01/11,26.5,26.6,26.1,26.1
2013/01/14,26.2,26.2,25.8,26.1
2013/01/15,26.1,26.2,26.0,26.0
2013/01/16,25.9,26.2,25.8,26.0
2013/01/17,26.0,26.2,25.1,25.2
2013/01/18,25.6,25.9,25.5,25.9
2013/01/21,25.9,25.9,25.6,25.6
2013/01/22,25.8,25.9,25.7,25.8
2013/01/23,25.9,26.0,25.8,26.0
2013/01/24,26.0,26.0,25.7,25.7
2013/01/25,25.7,25.8,25.5,25.6
2013/01/28,25.4,25.6,25.4,25.5
2013/01/29,25.5,25.8,25.5,25.7
2013/01/30,26.0,26.4,25.9,26.4
2013/01/31,26.5,26.6,26.1,26.4
2013/02/01,26.4,26.5,26.2,26.5
2013/02/04,26.6,26.7,26.4,26.5
2013/02/05,26.4,26.5,26.2,26.4
2013/02/06,26.6,26.6,26.1,26.3
2013/02/18,26.5,26.6,26.0,26.0
2013/02/19,26.1,26.4,26.1,26.3
2013/02/20,26.4,26.5,26.3,26.4
2013/02/21,26.4,26.4,26.1,26.2
2013/02/22,26.1,26.2,25.9,26.0
2013/02/25,26.1,27.0,26.1,26.8
2013/02/26,26.6,26.7,26.4,26.6
2013/02/27,27.1,27.6,27.1,27.1
2013/03/01,27.2,27.4,27.0,27.1
2013/03/04,27.2,27.5,27.1,27.1
2013/03/05,27.3,28.0,27.3,27.8
2013/03/06,28.2,28.6,28.0,28.4
2013/03/07,28.6,28.9,28.2,28.2
2013/03/08,28.3,28.3,27.7,28.0
2013/03/11,28.5,28.9,28.3,28.6
2013/03/12,28.9,29.0,28.4,28.7
2013/03/13,28.8,28.9,28.2,28.3
2013/03/14,28.3,28.5,28.0,28.0
2013/03/15,28.4,28.8,28.0,28.8
2013/03/18,28.9,29.1,28.6,28.7
2013/03/19,28.9,29.1,28.7,28.7
2013/03/20,28.8,29.2,28.7,29.0
2013/03/21,29.1,29.2,28.8,29.0
2013/03/22,29.1,29.7,29.0,29.6
2013/03/25,29.7,29.8,29.3,29.5
2013/03/26,29.6,29.8,29.5,29.7
2013/03/27,30.0,30.5,30.0,30.2
2013/03/28,30.3,30.4,29.9,30.3
2013/03/29,30.4,30.6,30.2,30.6
2013/04/01,30.7,30.9,30.5,30.6
2013/04/02,30.8,30.8,30.4,30.7
2013/04/03,30.7,30.7,30.5,30.7
2013/04/08,30.0,30.2,29.6,29.8
2013/04/09,30.2,30.6,30.0,30.3
2013/04/10,30.3,30.4,29.8,29.9
2013/04/11,30.0,30.3,30.0,30.1
2013/04/12,30.2,30.3,29.6,29.7
2013/04/15,29.7,30.1,29.6,29.9
2013/04/16,29.7,30.0,29.6,29.9
2013/04/17,29.9,30.1,29.7,29.7
2013/04/18,29.6,29.9,29.3,29.3
2013/04/19,29.7,31.3,29.7,31.3
2013/04/22,32.0,33.5,32.0,33.4
2013/04/23,34.0,34.1,31.1,31.5
2013/04/24,31.4,31.4,30.8,31.1
2013/04/25,30.9,31.0,30.6,30.9
2013/04/26,30.9,31.4,30.9,30.9
2013/04/29,31.0,31.0,29.9,30.2
2013/04/30,30.3,30.5,29.9,30.5
2013/05/02,30.6,31.3,30.5,31.3
2013/05/03,31.5,31.5,30.9,30.9
2013/05/06,31.0,31.1,30.3,30.6
2013/05/07,31.0,31.6,31.0,31.3
2013/05/08,31.4,31.7,31.2,31.4
2013/05/09,31.6,31.8,30.8,31.0
2013/05/10,30.9,31.2,30.4,30.6
2013/05/13,30.8,30.8,30.2,30.7
2013/05/14,30.7,30.8,30.0,30.2
2013/05/15,30.3,30.4,29.9,30.1
2013/05/16,29.6,29.6,28.1,28.2
2013/05/17,28.2,28.6,27.4,27.8
2013/05/20,27.8,28.3,27.7,28.2
2013/05/21,28.5,29.3,28.4,29.2
2013/05/22,29.3,29.4,29.0,29.1
2013/05/23,29.1,29.1,28.7,28.9
2013/05/24,28.8,28.8,27.8,28.0
2013/05/27,27.8,27.9,27.3,27.5
2013/05/28,27.5,27.6,27.4,27.6
2013/05/29,27.8,27.8,27.5,27.5
2013/05/30,27.3,27.6,27.3,27.5
2013/05/31,27.8,28.2,27.5,27.6
2013/06/03,27.3,27.5,27.1,27.3
2013/06/04,27.5,27.5,27.0,27.0
2013/06/05,27.0,27.0,26.4,26.5
2013/06/06,26.3,26.5,26.3,26.5
2013/06/07,26.5,27.0,26.5,26.5
2013/06/10,26.8,26.9,26.6,26.8
2013/06/11,26.9,27.2,26.8,26.8
2013/06/13,26.8,27.1,26.8,27.1
2013/06/14,27.2,27.2,26.5,26.8
2013/06/17,26.9,27.7,26.9,27.7
2013/06/18,27.8,28.5,27.3,28.0
2013/06/19,26.1,26.3,25.8,25.8
2013/06/20,25.5,25.5,24.6,24.6
2013/06/21,23.8,24.2,23.6,24.2
2013/06/24,24.2,24.4,23.9,24.0
2013/06/25,23.8,23.9,23.3,23.3
2013/06/26,24.0,24.9,23.6,24.7
2013/06/27,25.0,25.0,24.2,24.5
2013/06/28,24.5,24.6,24.2,24.2
2013/07/01,24.2,25.3,24.2,25.2
2013/07/02,25.2,25.2,24.6,24.8
2013/07/03,24.6,24.9,24.5,24.5
2013/07/04,24.5,24.7,24.3,24.4
2013/07/05,24.5,24.8,24.4,24.6
2013/07/08,24.8,24.8,24.4,24.8
2013/07/09,25.0,25.6,24.8,25.5
2013/07/10,25.5,25.5,24.9,24.9
2013/07/11,25.1,25.2,24.7,24.7
2013/07/12,24.8,25.2,24.8,24.8
2013/07/15,25.0,25.2,24.8,25.1
2013/07/16,25.2,25.4,25.1,25.1
2013/07/17,25.1,25.2,25.0,25.0
2013/07/18,24.9,25.0,24.6,24.6
2013/07/19,24.7,24.7,23.9,24.1
2013/07/22,23.9,24.3,23.6,23.6
2013/07/23,23.9,24.1,23.8,24.1
2013/07/24,24.1,24.5,24.1,24.4
2013/07/25,24.4,24.4,24.2,24.4
2013/07/26,24.5,24.5,24.1,24.1
2013/07/29,24.2,24.5,24.2,24.3
2013/07/30,24.4,24.8,24.4,24.8
2013/07/31,25.0,25.4,24.8,25.3
2013/08/01,25.6,25.7,24.9,24.9
2013/08/02,25.9,25.9,25.4,25.5
2013/08/05,26.0,26.0,25.3,25.7
2013/08/06,25.7,25.9,25.4,25.9
2013/08/07,25.8,26.0,25.5,25.5
2013/08/08,25.8,26.1,25.7,26.0
2013/08/09,26.2,26.2,25.6,26.1
2013/08/12,26.2,26.2,25.8,25.9
2013/08/13,26.0,26.7,26.0,26.7
2013/08/14,26.9,27.3,26.6,27.0
2013/08/15,26.8,27.2,26.6,27.0
2013/08/16,26.9,27.3,26.7,27.2
2013/08/19,27.3,27.8,27.2,27.7
2013/08/20,27.8,27.9,27.2,27.5
2013/08/22,26.9,27.4,26.9,27.3
2013/08/23,27.0,27.3,26.9,27.1
2013/08/26,27.3,27.3,26.9,27.0
2013/08/27,27.0,27.4,26.4,26.9
2013/08/28,26.6,26.8,26.3,26.5
2013/08/29,26.8,27.2,26.7,27.2
2013/08/30,27.5,28.8,27.5,28.3
2013/09/02,28.8,29.4,28.5,28.5
2013/09/03,28.6,28.9,28.2,28.8
2013/09/04,28.7,28.7,28.1,28.5
2013/09/05,28.7,29.0,28.6,28.6
2013/09/06,28.9,29.0,28.6,28.6
2013/09/09,28.4,28.4,27.8,27.9
2013/09/10,28.4,28.7,28.0,28.1
2013/09/11,28.6,28.6,28.1,28.3
2013/09/12,28.3,28.8,28.3,28.8
2013/09/13,29.0,29.0,28.3,28.5
2013/09/16,28.5,28.5,28.3,28.4
2013/09/17,28.4,28.7,28.4,28.7
2013/09/18,28.8,28.9,28.2,28.6
2013/09/23,28.7,28.7,28.4,28.6
2013/09/24,28.7,29.1,28.7,28.8
2013/09/25,29.0,29.0,28.5,28.6
2013/09/26,28.6,28.6,27.9,27.9
2013/09/27,27.9,28.1,27.8,27.9
2013/09/30,27.9,28.2,27.6,28.2
2013/10/01,28.2,28.5,28.0,28.3
2013/10/02,28.6,29.0,28.4,28.8
2013/10/03,29.0,29.0,28.7,28.9
2013/10/04,28.9,29.0,28.8,28.9
2013/10/07,29.0,29.5,28.9,28.9
2013/10/08,29.1,29.2,28.9,29.0
2013/10/09,29.0,29.1,28.6,28.6
2013/10/11,29.0,29.0,28.7,28.9
2013/10/14,28.9,29.1,28.2,28.3
2013/10/15,28.4,28.5,28.2,28.2
2013/10/16,28.2,28.4,28.1,28.4
2013/10/17,28.6,28.6,28.3,28.3
2013/10/18,28.4,28.5,28.3,28.5
2013/10/21,28.6,28.7,28.4,28.6
2013/10/22,28.6,28.8,28.6,28.8
2013/10/23,28.9,28.9,28.4,28.4
2013/10/24,28.4,28.4,28.0,28.2
2013/10/25,28.2,28.5,28.0,28.4
2013/10/28,28.4,28.5,27.9,28.4
2013/10/29,28.4,28.5,28.1,28.3
2013/10/30,28.5,28.7,28.2,28.4
2013/10/31,28.5,28.5,28.2,28.3
2013/11/01,28.6,28.6,28.3,28.4
2013/11/04,28.6,30.3,28.6,30.3
2013/11/05,30.8,31.6,30.3,30.7
2013/11/06,30.7,30.7,29.5,30.2
2013/11/07,30.2,30.9,30.2,30.7
2013/11/08,30.7,30.7,29.4,29.6
2013/11/11,29.7,30.1,29.3,29.3
2013/11/12,29.4,29.9,28.2,28.9
2013/11/13,28.7,29.2,28.7,29.0
2013/11/14,29.1,29.1,28.3,28.6
2013/11/15,29.0,29.0,28.5,28.5
2013/11/18,28.5,28.7,28.3,28.6
2013/11/19,28.6,29.4,28.4,29.2
2013/11/20,29.2,29.2,28.8,29.0
2013/11/21,29.0,29.2,28.6,28.6
2013/11/22,28.8,29.0,28.3,28.3
2013/11/25,28.4,28.5,28.0,28.0
2013/11/26,28.0,28.4,28.0,28.4
2013/11/27,28.4,28.6,28.2,28.6
2013/11/28,28.6,29.0,28.5,28.9
2013/11/29,29.1,29.4,29.0,29.3
2013/12/02,29.5,29.5,28.9,29.0
2013/12/03,28.8,29.0,28.6,28.6
2013/12/04,28.6,28.6,28.2,28.4
2013/12/05,28.4,28.6,28.3,28.6
2013/12/06,28.6,29.0,28.4,28.6
2013/12/09,28.8,28.9,28.6,28.9
2013/12/10,29.1,29.2,28.8,28.9
2013/12/11,28.9,28.9,28.0,28.2
2013/12/12,28.0,28.2,27.2,27.6
2013/12/13,27.5,27.9,27.3,27.7
2013/12/16,27.7,28.6,27.7,28.2
2013/12/17,28.2,28.6,27.9,27.9
2013/12/18,27.9,28.0,27.5,27.6
2013/12/19,27.8,27.8,27.4,27.4
2013/12/20,27.7,27.8,27.5,27.5
2013/12/23,27.5,27.7,27.3,27.3
2013/12/24,27.4,27.6,27.3,27.5
2013/12/25,27.4,27.6,27.2,27.3
2013/12/26,27.3,27.7,27.2,27.7
2013/12/27,27.8,28.1,27.7,28.1
2013/12/30,28.2,28.3,27.8,28.1
2013/12/31,28.2,28.4,28.0,28.2
2014/01/02,28.2,28.3,28.2,28.2
2014/01/03,28.2,28.9,28.2,28.8
2014/01/06,29.0,29.1,28.3,28.6
2014/01/07,28.9,29.0,28.7,28.9
2014/01/08,29.0,29.0,28.3,28.4
2014/01/09,28.3,28.6,28.1,28.1
2014/01/10,28.4,28.4,28.1,28.3
2014/01/13,28.6,29.1,28.5,28.9
2014/01/14,28.8,28.9,28.6,28.9
2014/01/15,29.0,29.0,28.6,28.7
2014/01/16,28.9,29.4,28.8,29.0
2014/01/17,29.1,29.2,28.9,29.0
2014/01/20,29.1,29.2,28.8,28.9
2014/01/21,29.1,29.7,28.9,29.5
2014/01/22,29.5,29.5,29.0,29.2
2014/01/23,29.1,29.2,28.8,28.8
2014/01/24,28.8,29.1,28.8,28.9
2014/01/27,28.8,28.8,28.4,28.4
2014/02/05,27.8,28.1,27.8,27.9
2014/02/06,27.9,28.6,27.9,28.5
2014/02/07,28.7,29.0,28.6,28.7
2014/02/10,28.9,29.1,28.6,28.7
2014/02/11,28.7,28.9,28.5,28.7
2014/02/12,28.9,29.0,28.8,28.8
2014/02/13,28.8,28.8,28.4,28.6
2014/02/14,28.8,29.0,28.3,28.3
2014/02/17,28.3,28.5,28.1,28.2
2014/02/18,28.3,28.4,28.1,28.2
2014/02/19,28.4,28.4,28.0,28.0
2014/02/20,27.9,28.2,27.8,28.0
2014/02/21,28.2,28.3,28.1,28.3
2014/02/24,28.4,29.1,28.3,28.7
2014/02/25,28.9,29.2,28.8,29.0
2014/02/26,29.1,29.3,28.8,29.2
2014/02/27,29.3,29.7,29.0,29.1
2014/03/03,29.1,29.1,28.9,28.9
2014/03/04,28.7,29.0,28.6,28.6
2014/03/05,28.8,28.9,28.6,28.6
2014/03/06,28.7,29.1,28.6,28.8
2014/03/07,29.1,29.4,28.8,28.8
2014/03/10,28.9,29.1,28.8,28.9
2014/03/11,28.9,29.4,28.8,29.3
2014/03/12,29.2,29.4,29.0,29.3
2014/03/13,29.5,29.6,29.2,29.3
2014/03/14,29.1,29.6,29.1,29.6
2014/03/17,29.8,30.1,29.4,29.4
2014/03/18,29.6,29.9,29.3,29.6
2014/03/19,29.4,29.4,28.8,29.0
2014/03/20,28.9,29.2,28.7,28.9
2014/03/21,29.0,29.1,28.6,28.7
2014/03/24,28.5,28.6,28.3,28.6
2014/03/25,28.6,29.0,28.6,28.8
2014/03/26,29.0,29.0,28.8,28.9
2014/03/27,28.8,29.2,28.8,29.2
2014/03/28,29.2,29.4,29.0,29.0
2014/03/31,29.2,29.4,29.2,29.3
2014/04/01,29.4,30.4,29.4,30.2
2014/04/02,30.7,31.1,30.5,30.9
2014/04/03,31.1,31.2,30.7,30.8
2014/04/07,30.7,30.8,30.4,30.7
2014/04/08,30.7,31.4,30.5,30.8
2014/04/09,31.2,31.4,30.8,31.0
2014/04/10,31.2,31.2,30.2,30.3
2014/04/11,30.1,30.1,29.6,29.8
2014/04/14,29.7,29.8,29.2,29.2
2014/04/15,29.7,30.7,29.6,30.4
2014/04/16,30.4,30.6,30.1,30.2
2014/04/17,30.3,30.4,29.9,30.0
2014/04/18,30.1,30.2,29.9,29.9
2014/04/21,29.9,30.2,29.8,29.9
2014/04/22,30.2,30.5,30.1,30.2
2014/04/23,30.5,30.5,30.0,30.1
2014/04/24,30.3,30.5,30.1,30.3
2014/04/25,30.3,30.3,29.0,29.2
2014/04/28,28.8,29.4,28.6,29.4
2014/04/29,29.3,29.6,29.3,29.4
2014/04/30,29.6,30.0,29.4,29.7
2014/05/02,29.8,30.8,29.8,30.1
2014/05/05,30.7,31.0,30.3,30.4
2014/05/06,30.5,30.6,30.0,30.3
2014/05/07,30.1,30.6,29.9,30.2
2014/05/08,30.3,30.7,30.1,30.3
2014/05/09,30.6,30.6,30.2,30.3
2014/05/12,30.7,30.8,30.0,30.0
2014/05/13,30.3,30.4,29.8,29.8
2014/05/14,30.0,30.0,29.7,29.8
2014/05/15,29.8,30.1,29.7,29.8
2014/05/16,29.8,29.9,29.7,29.8
2014/05/19,30.1,30.4,30.1,30.4
2014/05/20,30.7,30.7,30.1,30.2
2014/05/21,30.3,30.3,29.9,29.9
2014/05/22,30.0,30.4,30.0,30.4
2014/05/23,30.2,31.4,30.2,30.9
2014/05/26,31.3,32.2,30.9,31.9
2014/05/27,31.9,32.1,31.4,31.6
2014/05/28,31.9,32.0,31.6,31.7
2014/05/29,32.1,32.6,31.8,31.9
2014/05/30,31.9,32.2,31.7,31.7
2014/06/03,32.2,32.2,31.6,31.6
2014/06/04,32.1,32.9,32.0,32.4
2014/06/05,32.8,34.1,32.6,33.9
2014/06/06,34.3,35.0,33.9,34.3
2014/06/09,34.8,34.9,33.8,34.2
2014/06/10,34.5,34.5,33.7,33.9
2014/06/11,34.2,34.9,34.1,34.6
2014/06/12,34.7,34.9,34.4,34.7
2014/06/13,34.7,34.9,34.2,34.2
2014/06/16,34.4,35.0,34.0,34.9
2014/06/17,35.1,35.3,34.6,34.6
2014/06/18,35.0,35.0,33.6,34.3
2014/06/19,34.7,36.7,34.4,36.7
2014/06/20,36.7,36.9,35.6,35.6
2014/06/23,35.7,36.1,34.0,34.6
2014/06/24,35.2,35.2,34.8,35.0
2014/06/25,34.7,35.5,34.7,35.5
2014/06/26,36.0,36.5,35.7,36.0
2014/06/27,36.4,36.4,35.7,35.8
2014/06/30,36.0,36.7,35.8,36.7
2014/07/01,36.9,37.1,36.5,36.7
2014/07/02,37.2,37.9,35.9,36.7
2014/07/03,37.2,37.5,36.5,37.3
2014/07/04,37.5,37.6,36.9,37.0
2014/07/07,37.0,38.1,36.7,38.0
2014/07/08,38.0,38.0,37.2,37.6
2014/07/09,37.6,37.7,37.1,37.6
2014/07/10,37.7,38.1,37.6,37.7
2014/07/11,37.6,37.6,35.7,36.1
2014/07/14,36.1,37.6,36.0,37.5
2014/07/15,38.0,38.1,37.2,37.6
2014/07/16,37.6,37.9,37.3,37.7
2014/07/17,37.7,37.7,36.8,37.1
2014/07/18,36.5,37.3,36.4,37.3
2014/07/21,37.5,37.9,37.1,37.3
2014/07/22,35.7,35.8,34.9,35.1
2014/07/24,35.2,35.9,34.5,35.9
2014/07/25,35.8,35.8,34.8,34.8
2014/07/28,34.6,34.6,33.6,33.6
2014/07/29,33.9,34.1,31.4,32.0
2014/07/30,32.3,32.9,32.2,32.8
2014/07/31,32.7,32.7,31.8,31.9
2014/08/01,31.7,34.0,31.5,33.9
2014/08/04,34.3,34.4,33.4,34.2
2014/08/05,33.9,33.9,32.9,32.9
2014/08/06,33.6,33.7,32.3,32.9
2014/08/07,32.9,33.1,32.4,32.4
2014/08/08,32.7,33.1,32.2,33.1
2014/08/11,33.1,33.7,32.8,33.6
2014/08/12,33.6,33.6,32.8,33.0
2014/08/13,33.0,34.1,32.9,34.1
2014/08/14,34.0,34.1,33.5,33.5
2014/08/15,33.6,33.9,33.6,33.6
2014/08/18,33.7,33.8,32.4,32.9
2014/08/19,32.9,33.4,32.9,33.3
2014/08/20,33.5,33.9,33.5,33.6
2014/08/21,33.6,33.8,33.0,33.4
2014/08/22,33.4,34.1,33.3,34.0
2014/08/25,34.0,34.0,33.5,33.6
2014/08/26,33.6,33.9,33.6,33.6
2014/08/27,33.7,34.2,33.7,34.1
2014/08/28,34.1,34.2,33.8,33.8
2014/08/29,33.6,33.9,33.1,33.2
2014/09/01,33.3,33.5,33.0,33.2
2014/09/02,33.2,33.2,32.7,32.7
2014/09/03,32.9,33.1,32.5,32.7
2014/09/04,32.7,32.9,32.5,32.5
2014/09/05,32.6,32.9,32.4,32.8
2014/09/09,32.9,33.6,32.9,33.5
2014/09/10,33.5,33.6,32.9,33.1
2014/09/11,33.2,33.2,32.7,32.7
2014/09/12,32.8,32.8,32.0,32.2
2014/09/15,32.1,32.2,31.6,31.7
2014/09/16,31.8,32.0,31.4,31.5
2014/09/17,31.6,32.1,31.6,31.8
2014/09/18,32.0,32.1,31.8,32.1
2014/09/19,32.3,32.4,31.8,32.3
2014/09/22,32.4,32.4,31.8,31.8
2014/09/23,32.0,32.1,31.3,31.3
2014/09/24,31.3,31.8,31.2,31.3
2014/09/25,31.6,31.8,30.8,30.8
2014/09/26,30.4,30.7,30.2,30.3
2014/09/29,30.5,30.8,30.4,30.7
2014/09/30,30.7,30.7,30.0,30.3
2014/10/01,29.9,30.4,29.8,30.1
2014/10/02,29.8,30.2,29.8,29.8
2014/10/03,29.8,30.7,29.8,30.5
2014/10/06,30.5,31.0,30.5,30.7
2014/10/07,30.6,31.0,30.5,30.7
2014/10/08,30.5,30.7,30.2,30.2
2014/10/09,30.4,30.6,29.9,30.0
2014/10/13,27.9,28.8,27.9,28.0
2014/10/14,27.8,28.4,27.8,28.3
2014/10/15,28.3,28.5,27.9,27.9
2014/10/16,27.5,28.1,26.5,28.0
2014/10/17,28.2,28.4,27.5,27.5
2014/10/20,28.0,28.8,28.0,28.6
2014/10/21,28.4,28.5,28.2,28.2
2014/10/22,28.7,29.2,28.5,28.7
2014/10/23,28.6,28.8,28.5,28.6
2014/10/24,28.8,28.8,28.2,28.2
2014/10/27,28.3,28.4,27.2,27.3
2014/10/28,27.6,28.4,27.6,28.1
2014/10/29,28.4,28.6,28.1,28.4
2014/10/30,28.5,28.5,28.3,28.3
2014/10/31,28.6,28.9,28.5,28.8
2014/11/03,29.3,29.3,29.0,29.1
2014/11/04,29.2,29.2,28.9,28.9
2014/11/05,28.9,29.1,28.8,28.8
2014/11/06,28.8,29.0,28.4,28.4
2014/11/07,28.5,28.6,28.4,28.5
2014/11/10,28.6,29.9,28.6,29.8
2014/11/11,29.8,29.9,29.2,29.3
2014/11/12,29.1,29.2,28.9,28.9
2014/11/13,28.9,29.1,28.9,29.0
2014/11/14,29.0,29.1,28.9,28.9
2014/11/17,29.0,29.1,28.4,28.4
2014/11/18,28.5,28.6,27.8,27.9
2014/11/19,28.1,28.4,27.8,27.9
2014/11/20,28.2,28.4,28.0,28.2
2014/11/21,28.2,28.5,28.2,28.3
2014/11/24,28.6,28.6,28.3,28.3
2014/11/25,28.4,28.5,28.2,28.2
2014/11/26,28.5,28.9,28.4,28.8
2014/11/27,29.0,29.1,28.7,28.7
2014/11/28,28.8,28.9,28.4,28.6
2014/12/01,27.8,28.6,27.8,28.4
2014/12/02,28.3,28.5,28.2,28.4
2014/12/03,28.5,29.1,28.5,29.1
2014/12/04,29.4,30.1,29.2,29.8
2014/12/05,30.0,30.0,29.4,29.5
2014/12/08,29.6,29.9,29.5,29.5
2014/12/09,29.5,29.5,29.2,29.2
2014/12/10,29.2,29.5,29.0,29.1
2014/12/11,28.8,29.3,28.8,29.0
2014/12/12,29.0,29.2,29.0,29.0
2014/12/15,28.9,28.9,28.8,28.9
2014/12/16,28.8,28.9,28.7,28.7
2014/12/17,28.7,29.0,28.4,28.4
2014/12/18,28.8,29.0,28.4,28.4
2014/12/19,28.6,28.9,28.6,28.6
2014/12/22,28.7,29.5,28.7,29.5
2014/12/23,29.6,30.2,29.4,30.0
2014/12/24,30.1,30.2,29.8,30.0
2014/12/25,30.2,30.5,30.1,30.1
2014/12/26,30.2,30.5,30.1,30.2
2014/12/29,30.7,30.7,30.4,30.5
2014/12/30,30.4,30.6,30.0,30.0
2014/12/31,29.9,30.5,29.9,30.4
2015/01/05,30.4,30.5,30.1,30.5
2015/01/06,30.2,30.5,30.0,30.0
2015/01/07,29.9,30.4,29.8,30.2
2015/01/08,30.5,30.7,30.3,30.5
2015/01/09,30.7,30.8,30.3,30.3
2015/01/12,30.2,30.5,30.0,30.1
2015/01/13,30.0,30.4,30.0,30.0
2015/01/14,30.0,30.3,30.0,30.0
2015/01/15,30.1,30.4,30.1,30.3
2015/01/16,30.5,30.5,29.9,30.0
2015/01/19,30.2,30.5,30.0,30.0
2015/01/20,30.2,30.5,30.0,30.3
2015/01/21,30.5,30.5,30.0,30.2
2015/01/22,30.3,30.9,30.3,30.9
2015/01/23,31.2,31.3,30.5,30.6
2015/01/26,30.5,30.7,30.4,30.5
2015/01/27,30.5,30.7,30.3,30.4
2015/01/28,30.3,30.5,30.2,30.4
2015/01/29,30.4,30.5,30.0,30.0
2015/01/30,30.1,30.3,30.0,30.1
2015/02/02,30.0,30.2,29.8,29.8
2015/02/03,29.8,30.7,29.8,30.6
2015/02/04,30.7,30.9,30.4,30.4
2015/02/05,30.4,30.6,30.4,30.4
2015/02/06,30.6,30.7,30.4,30.4
2015/02/09,30.6,30.6,30.3,30.3
2015/02/10,30.0,30.1,29.4,29.4
2015/02/11,29.5,29.7,29.3,29.4
2015/02/12,29.4,29.5,29.0,29.1
2015/02/13,29.2,29.3,29.2,29.2
2015/02/24,29.3,29.5,29.2,29.3
2015/02/25,29.3,30.7,29.3,30.6
2015/02/26,30.6,30.6,29.9,30.3
2015/03/02,30.2,30.4,30.1,30.4
2015/03/03,30.6,30.7,30.2,30.6
2015/03/04,30.8,32.2,30.7,31.1
2015/03/05,31.1,31.2,30.7,30.9
2015/03/06,30.7,31.2,30.7,31.1
2015/03/09,30.9,31.5,30.8,31.3
2015/03/10,31.1,31.5,31.0,31.5
2015/03/11,31.5,31.6,31.2,31.4
2015/03/12,31.6,31.7,31.2,31.2
2015/03/13,31.2,31.4,31.2,31.2
2015/03/16,31.1,31.3,30.9,30.9
2015/03/17,30.9,31.2,30.5,30.6
2015/03/18,30.6,30.7,30.4,30.5
2015/03/19,30.5,30.9,30.5,30.6
2015/03/20,30.5,30.8,30.5,30.7
2015/03/23,30.9,31.0,30.8,30.8
2015/03/24,30.8,31.0,30.8,30.8
2015/03/25,30.8,31.0,30.4,30.5
2015/03/26,30.4,30.6,30.4,30.5
2015/03/27,30.7,30.9,30.3,30.4
2015/03/30,30.5,30.6,30.0,30.0
2015/03/31,30.2,30.3,29.8,29.9
2015/04/01,29.9,29.9,29.4,29.4
2015/04/02,29.4,29.6,29.3,29.6
2015/04/07,29.6,29.7,29.4,29.5
2015/04/08,29.4,29.5,29.0,29.2
2015/04/09,29.2,29.3,29.0,29.1
2015/04/10,29.2,29.4,29.1,29.1
2015/04/13,29.2,29.4,29.2,29.4
2015/04/14,29.4,29.5,29.2,29.3
2015/04/15,29.3,29.5,29.1,29.2
2015/04/16,29.2,29.2,29.1,29.1
2015/04/17,29.1,29.2,29.0,29.2
2015/04/20,29.2,29.2,29.0,29.1
2015/04/21,29.2,29.2,28.7,28.7
2015/04/22,28.8,28.8,28.5,28.6
2015/04/23,28.8,28.9,28.7,28.8
2015/04/24,29.1,29.3,28.9,29.2
2015/04/27,29.4,29.4,29.0,29.0
2015/04/28,29.0,29.1,28.7,28.7
2015/04/29,28.8,29.0,28.7,28.7
2015/04/30,29.0,29.0,28.7,28.8
2015/05/04,28.8,29.0,28.6,28.7
2015/05/05,28.8,28.9,28.6,28.7
2015/05/06,28.6,28.9,28.5,28.6
2015/05/07,28.6,28.8,28.5,28.6
2015/05/08,28.3,28.4,27.5,27.7
2015/05/11,27.8,27.8,26.9,27.1
2015/05/12,27.0,27.6,27.0,27.5
2015/05/13,27.8,28.1,27.4,28.0
2015/05/14,28.0,28.1,27.8,28.0
2015/05/15,27.8,28.2,27.6,27.8
2015/05/18,28.0,28.0,27.6,27.8
2015/05/19,27.8,28.3,27.7,27.8
2015/05/20,27.8,27.9,27.7,27.8
2015/05/21,27.7,27.8,27.5,27.6
2015/05/22,27.6,27.9,27.6,27.6
2015/05/25,27.9,27.9,27.6,27.7
2015/05/26,27.7,27.9,27.6,27.6
2015/05/27,27.6,27.7,27.4,27.6
2015/05/28,27.7,27.8,27.6,27.8
2015/05/29,27.8,27.8,27.5,27.5
2015/06/01,27.6,27.6,27.3,27.5
2015/06/02,27.6,27.7,27.5,27.5
2015/06/03,27.6,27.8,27.6,27.6
2015/06/04,27.8,27.8,27.4,27.4
2015/06/05,27.4,27.6,27.1,27.3
2015/06/08,27.4,27.5,26.8,27.0
2015/06/09,26.9,27.1,24.3,24.3
2015/06/10,24.4,26.0,24.4,25.8
2015/06/11,25.8,26.2,25.7,26.0
2015/06/12,26.0,26.1,25.8,26.1
2015/06/15,25.8,26.5,25.8,26.4
2015/06/16,26.5,26.5,26.0,26.3
2015/06/17,26.2,26.5,26.1,26.3
2015/06/18,26.6,27.4,26.6,27.2
2015/06/22,27.2,27.8,27.1,27.7
2015/06/23,27.7,27.8,27.5,27.8
2015/06/24,27.7,27.8,27.4,27.7
2015/06/25,27.5,27.8,27.5,27.6
2015/06/26,27.4,27.8,27.4,27.7
2015/06/29,27.6,27.6,27.3,27.5
2015/06/30,27.1,27.7,27.0,27.7
2015/07/01,27.8,28.0,27.5,28.0
2015/07/02,28.1,29.0,28.1,28.5
2015/07/03,29.0,29.1,28.7,28.7
2015/07/06,29.1,29.1,28.4,28.4
2015/07/07,28.3,29.2,28.3,28.5
2015/07/08,28.5,28.6,26.6,27.3
2015/07/09,27.0,27.7,25.9,27.7
2015/07/13,27.8,28.1,27.3,27.6
2015/07/14,27.6,28.0,27.6,27.7
2015/07/15,27.8,27.8,26.9,26.9
2015/07/16,26.9,27.2,26.4,26.7
2015/07/17,26.7,26.8,26.3,26.4
2015/07/20,26.5,26.7,26.0,26.1
2015/07/21,26.1,26.2,25.9,26.0
2015/07/22,26.0,26.0,25.4,25.4
2015/07/23,23.6,24.1,23.4,23.5
2015/07/24,23.6,23.6,22.6,22.9
2015/07/27,22.6,22.6,20.7,20.7
2015/07/28,20.2,21.5,20.2,21.1
2015/07/29,21.3,21.4,20.9,21.2
2015/07/30,21.1,21.7,21.0,21.3
2015/07/31,21.5,21.5,21.3,21.5
2015/08/03,21.3,21.3,20.8,21.0
2015/08/04,21.0,21.7,20.8,21.2
2015/08/05,21.0,22.3,21.0,22.3
2015/08/06,22.2,22.5,22.0,22.1
2015/08/07,21.9,22.7,21.8,22.7
2015/08/10,22.5,22.8,22.2,22.7
2015/08/11,23.5,23.5,22.9,23.0
2015/08/12,22.8,23.1,22.6,22.8
2015/08/13,23.1,23.7,23.1,23.7
2015/08/14,23.5,23.7,23.1,23.3
2015/08/17,23.3,23.3,22.8,22.8
2015/08/18,22.6,23.1,22.0,22.0
2015/08/19,22.0,22.2,20.6,21.1
2015/08/20,20.9,21.5,20.9,21.3
2015/08/21,20.8,21.1,20.4,20.5
2015/08/24,19.4,20.1,18.5,18.5
2015/08/25,17.7,19.8,17.7,19.2
2015/08/26,19.1,19.1,18.7,19.0
2015/08/27,19.2,19.8,19.2,19.5
2015/08/28,19.7,20.1,19.7,20.0
2015/08/31,20.0,20.1,19.8,20.0
2015/09/01,19.8,20.5,19.8,20.0
2015/09/02,19.9,20.1,19.8,20.0
2015/09/03,20.0,20.3,19.9,20.0
2015/09/04,20.0,20.6,20.0,20.3
2015/09/07,20.0,20.3,19.9,20.0
2015/09/08,20.1,20.8,20.1,20.2
2015/09/09,20.7,21.2,20.5,21.0
2015/09/10,20.8,21.1,20.8,21.0
2015/09/11,21.2,21.5,21.0,21.2
2015/09/14,21.3,21.5,21.0,21.0
2015/09/15,21.1,21.3,21.0,21.0
2015/09/16,21.4,21.4,21.1,21.2
2015/09/17,21.4,21.6,21.3,21.5
2015/09/18,21.5,22.0,21.3,22.0
2015/09/21,21.7,21.7,21.1,21.2
2015/09/22,21.5,21.5,21.1,21.2
2015/09/23,21.1,21.1,20.8,20.8
2015/09/24,20.9,21.4,20.7,20.7
2015/09/25,20.8,20.9,20.7,20.7
2015/09/30,20.7,20.8,20.6,20.8
2015/10/01,20.9,21.5,20.9,21.2
2015/10/02,21.3,21.4,21.1,21.3
2015/10/05,21.5,21.7,21.3,21.4
2015/10/06,21.6,21.7,21.2,21.2
2015/10/07,21.3,21.5,21.3,21.4
2015/10/08,21.5,21.5,20.9,20.9
2015/10/12,21.0,21.1,20.7,20.7
2015/10/13,20.9,20.9,20.7,20.8
2015/10/14,20.8,21.2,20.8,21.1
2015/10/15,21.2,21.5,21.2,21.3
2015/10/16,21.5,21.9,21.3,21.6
2015/10/19,21.4,21.8,21.4,21.6
2015/10/20,21.9,22.1,21.5,21.5
2015/10/21,21.6,21.7,21.2,21.3
2015/10/22,21.3,21.5,21.2,21.3
2015/10/23,21.7,21.7,21.3,21.3
2015/10/26,21.5,21.7,21.4,21.7
2015/10/27,21.8,21.9,21.6,21.9
2015/10/28,22.0,22.4,21.9,22.2
2015/10/29,22.4,22.5,21.9,21.9
2015/10/30,21.9,22.1,21.3,21.7
2015/11/02,21.9,22.2,21.8,22.1
2015/11/03,22.6,23.4,22.6,23.0
2015/11/04,23.1,23.3,23.0,23.1
2015/11/05,23.2,23.2,23.0,23.1
2015/11/06,23.1,23.1,22.5,22.6
2015/11/09,22.8,22.8,22.1,22.4
2015/11/10,22.3,22.3,22.0,22.3
2015/11/11,22.3,22.4,21.7,21.7
2015/11/12,21.8,22.1,21.5,21.8
2015/11/13,21.8,22.0,21.6,21.7
2015/11/16,21.5,21.6,21.2,21.6
2015/11/17,21.8,22.4,21.8,22.4
2015/11/18,22.7,23.2,22.5,23.0
2015/11/19,23.3,23.3,22.7,22.8
2015/11/20,23.0,23.0,22.7,22.7
2015/11/23,22.6,23.2,22.5,23.2
2015/11/24,23.2,23.2,22.5,22.5
2015/11/25,22.5,22.6,21.8,22.0
2015/11/26,22.0,22.7,22.0,22.2
2015/11/27,22.3,22.4,22.1,22.1
2015/11/30,22.0,22.0,21.5,21.8
2015/12/01,21.8,22.0,21.6,21.8
2015/12/02,22.0,22.2,21.8,21.9
2015/12/03,21.8,22.0,21.7,21.9
2015/12/04,21.7,21.9,21.4,21.7
2015/12/07,21.9,22.0,21.8,21.9
2015/12/08,22.0,22.0,21.7,21.9
2015/12/09,21.8,21.8,21.3,21.5
2015/12/10,21.2,21.4,21.0,21.1
2015/12/11,21.1,21.5,20.7,20.8
2015/12/14,20.6,21.0,19.9,20.0
2015/12/15,20.1,20.7,20.1,20.3
2015/12/16,20.5,20.6,20.3,20.4
2015/12/17,20.4,20.9,20.4,20.7
2015/12/18,20.7,21.8,20.6,21.7
2015/12/21,21.5,22.4,21.2,22.4
2015/12/22,22.5,22.9,22.2,22.2
2015/12/23,22.3,22.6,22.3,22.4
2015/12/24,22.5,22.6,22.2,22.2
2015/12/25,22.8,23.0,22.5,22.6
2015/12/28,22.7,22.7,22.3,22.4
2015/12/29,22.5,22.6,22.3,22.3
2015/12/30,22.4,22.4,22.1,22.3
2015/12/31,22.1,22.3,22.1,22.1
2016/01/05,21.1,21.3,21.0,21.3
2016/01/06,21.3,21.3,21.0,21.1
2016/01/07,21.0,21.1,20.2,20.6
2016/01/08,20.3,20.9,20.1,20.8
2016/01/11,20.8,20.8,20.3,20.6
2016/01/12,20.5,20.7,20.1,20.3
2016/01/13,20.5,20.8,20.3,20.3
2016/01/14,20.0,20.1,19.8,19.9
2016/01/15,20.1,20.3,19.9,20.1
2016/01/18,19.7,20.7,19.5,20.6
2016/01/19,20.5,20.7,20.3,20.7
2016/01/20,20.6,20.6,20.0,20.1
2016/01/21,20.0,20.2,19.9,20.0
2016/01/22,20.3,20.4,20.0,20.0
2016/01/25,20.3,20.5,20.2,20.3
2016/01/26,20.3,20.4,20.1,20.2
2016/01/27,20.4,20.4,20.2,20.3
2016/01/28,20.1,20.5,20.1,20.4
2016/01/29,20.4,20.9,20.3,20.8
2016/02/01,21.4,21.8,21.1,21.8
2016/02/02,21.7,22.1,21.7,21.9
2016/02/03,21.8,22.1,21.6,22.0
2016/02/15,21.7,22.3,21.7,22.1
2016/02/16,22.1,22.2,21.9,22.2
2016/02/17,22.3,22.6,22.1,22.1
2016/02/18,22.2,22.3,22.1,22.1
2016/02/19,22.1,22.5,22.0,22.1
2016/02/22,22.1,22.4,22.0,22.1
2016/02/23,22.2,22.5,22.1,22.4
2016/02/24,22.3,22.4,22.1,22.2
2016/02/25,22.1,22.5,22.1,22.4
2016/02/26,22.4,23.1,22.3,22.9
2016/03/01,23.0,23.2,22.9,23.0
2016/03/02,23.3,23.7,23.3,23.5
2016/03/03,23.7,23.7,23.3,23.4
2016/03/04,23.5,24.1,23.5,23.8
2016/03/07,23.9,23.9,23.6,23.9
2016/03/08,24.0,24.2,23.7,23.9
2016/03/09,23.9,24.1,23.8,23.8
2016/03/10,23.9,24.1,23.6,23.8
2016/03/11,24.0,24.0,23.7,23.8
2016/03/14,23.9,24.4,23.9,24.2
2016/03/15,24.5,24.5,24.0,24.1
2016/03/16,24.3,24.8,24.3,24.5
2016/03/17,24.8,24.8,24.3,24.3
2016/03/18,24.5,24.5,24.1,24.2
2016/03/21,24.3,24.4,24.0,24.3
2016/03/22,24.3,24.5,24.1,24.1
2016/03/23,24.2,24.3,24.1,24.2
2016/03/24,24.2,24.4,24.1,24.1
2016/03/25,24.0,24.1,23.8,23.8
2016/03/28,23.8,23.8,23.5,23.6
2016/03/29,23.5,23.8,23.2,23.3
2016/03/30,23.3,23.6,23.3,23.5
2016/03/31,23.6,23.7,23.5,23.5
2016/04/01,23.6,23.6,23.4,23.4
2016/04/06,23.4,23.5,23.1,23.4
2016/04/07,23.5,23.9,23.1,23.7
2016/04/08,23.7,24.1,23.4,24.1
2016/04/11,24.1,24.3,23.7,24.3
2016/04/12,24.3,24.3,23.7,23.9
2016/04/13,23.9,24.4,23.8,24.4
2016/04/14,24.5,24.6,24.2,24.4
2016/04/15,24.5,24.8,24.0,24.6
2016/04/18,24.7,24.7,24.3,24.4
2016/04/19,24.6,24.8,24.4,24.6
2016/04/20,24.6,24.6,23.8,23.9
2016/04/21,24.0,24.0,23.4,23.4
2016/04/22,23.4,23.5,23.2,23.3
2016/04/25,23.3,23.6,23.2,23.5
2016/04/26,23.6,24.2,23.5,24.1
2016/04/27,24.3,24.4,23.8,23.9
2016/04/28,24.2,24.2,23.7,23.7
2016/04/29,23.6,23.7,23.4,23.5
2016/05/03,23.4,23.4,22.8,22.9
2016/05/04,22.7,22.9,22.5,22.6
2016/05/05,22.5,23.4,22.5,23.3
2016/05/06,23.3,23.5,22.9,23.1
2016/05/09,23.2,23.2,22.5,22.8
2016/05/10,22.8,23.0,22.6,22.9
2016/05/11,23.0,23.0,22.7,22.8
2016/05/12,22.6,22.9,22.6,22.6
2016/05/13,22.2,22.5,22.1,22.2
2016/05/16,21.9,22.2,21.7,21.9
2016/05/17,21.9,22.0,21.7,21.9
2016/05/18,21.8,22.0,21.7,22.0
2016/05/19,22.0,22.0,21.7,21.7
2016/05/20,21.7,21.8,21.4,21.6
2016/05/23,21.6,22.1,21.6,22.0
2016/05/24,22.0,22.2,22.0,22.0
2016/05/25,22.2,22.4,22.1,22.3
2016/05/26,22.4,22.7,22.4,22.6
2016/05/27,22.8,23.1,22.7,22.9
2016/05/30,22.9,23.4,22.9,23.2
2016/05/31,23.4,23.4,23.0,23.1
2016/06/01,23.1,23.5,23.0,23.4
2016/06/02,23.4,23.9,23.3,23.4
2016/06/03,23.7,24.0,23.4,23.8
2016/06/06,23.6,23.7,23.4,23.4
2016/06/07,23.5,24.1,23.4,24.0
2016/06/08,23.8,23.9,23.6,23.7
2016/06/13,23.5,23.5,23.1,23.2
2016/06/14,23.2,23.4,23.2,23.3
2016/06/15,23.3,23.4,23.2,23.4
2016/06/16,23.4,23.4,23.2,23.4
2016/06/17,23.4,23.4,23.3,23.4
2016/06/20,23.5,23.5,23.2,23.3
2016/06/21,23.5,23.5,23.4,23.5
2016/06/22,23.5,23.6,23.3,23.5
2016/06/23,23.6,23.6,23.4,23.5
2016/06/24,23.5,23.5,22.6,22.7
2016/06/27,22.6,23.1,22.5,22.8
2016/06/28,22.8,23.4,22.8,23.2
2016/06/29,23.3,23.5,23.2,23.3
2016/06/30,23.4,23.4,23.2,23.3
2016/07/01,23.4,23.6,23.4,23.5
2016/07/04,23.6,23.7,23.5,23.6
2016/07/05,24.0,24.1,23.8,23.9
2016/07/06,23.8,23.8,23.6,23.6
2016/07/07,23.7,23.8,23.6,23.8
2016/07/11,23.4,23.7,23.4,23.6
2016/07/12,23.7,23.9,23.6,23.9
2016/07/13,24.0,24.1,23.6,23.9
2016/07/14,23.9,23.9,23.7,23.9
2016/07/15,24.0,24.1,23.9,23.9
2016/07/18,24.0,24.1,23.9,24.0
2016/07/19,24.0,24.2,23.9,24.1
2016/07/20,24.2,24.2,23.9,24.1
2016/07/21,24.1,24.4,24.0,24.3
2016/07/22,24.4,24.5,24.3,24.5
2016/07/25,24.5,24.7,24.3,24.5
2016/07/26,24.5,24.6,24.4,24.5
2016/07/27,24.5,24.6,24.4,24.4
2016/07/28,23.0,23.1,22.9,23.1
2016/07/29,23.3,23.3,22.7,22.9
2016/08/01,22.9,23.3,22.7,23.3
2016/08/02,23.6,24.3,23.5,23.6
2016/08/03,23.4,23.7,23.2,23.6
2016/08/04,24.0,24.1,23.8,23.9
2016/08/05,24.0,24.1,23.8,23.8
2016/08/08,24.1,24.1,23.7,23.9
2016/08/09,23.9,24.2,23.8,24.0
2016/08/10,24.1,24.1,23.8,23.9
2016/08/11,23.8,23.9,23.5,23.7
2016/08/12,23.9,23.9,23.6,23.7
2016/08/15,23.8,23.8,23.6,23.8
2016/08/16,23.7,23.8,23.5,23.7
2016/08/17,23.6,23.7,23.6,23.7
2016/08/18,23.7,24.0,23.7,23.8
2016/08/19,23.8,23.9,23.6,23.6
2016/08/22,23.6,23.6,23.4,23.4
2016/08/23,23.4,23.4,23.3,23.3
2016/08/24,23.4,23.5,23.3,23.4
2016/08/25,23.4,23.6,23.4,23.5
2016/08/26,23.6,23.7,23.5,23.6
2016/08/29,23.6,23.7,23.5,23.5
2016/08/30,23.6,23.7,23.6,23.7
2016/08/31,23.7,23.8,23.3,23.3
2016/09/01,23.4,23.5,23.4,23.4
2016/09/02,23.4,23.5,23.1,23.4
2016/09/05,23.5,23.6,23.4,23.5
2016/09/06,23.9,24.0,23.8,24.0
2016/09/07,24.1,24.2,24.0,24.1
2016/09/08,24.2,24.2,24.0,24.1
2016/09/09,24.1,24.2,24.0,24.1
2016/09/12,23.8,23.9,23.6,23.6
2016/09/13,23.7,23.7,23.2,23.4
2016/09/14,23.2,23.4,23.1,23.3
2016/09/19,23.4,23.5,23.4,23.4
2016/09/20,23.4,23.5,23.3,23.4
2016/09/21,23.4,23.6,23.3,23.5
2016/09/22,23.6,23.6,23.4,23.5
2016/09/23,23.5,23.6,23.4,23.4
2016/09/26,23.4,23.5,23.4,23.4
2016/09/29,23.4,23.5,23.4,23.4
2016/09/30,23.3,23.4,23.2,23.3
2016/10/03,23.3,23.7,23.3,23.5
2016/10/04,23.5,23.7,23.4,23.7
2016/10/05,24.2,24.3,24.0,24.0
2016/10/06,24.1,24.3,24.0,24.0
2016/10/07,24.1,24.1,23.8,23.9
2016/10/11,24.0,24.1,23.5,23.6
2016/10/12,23.6,23.6,23.4,23.5
2016/10/13,23.5,23.8,23.4,23.7
2016/10/14,23.7,23.7,23.4,23.5
2016/10/17,23.6,23.7,23.4,23.6
2016/10/18,23.6,23.7,23.5,23.6
2016/10/19,23.7,23.7,23.6,23.7
2016/10/20,23.7,23.7,23.5,23.6
2016/10/21,23.6,23.7,23.5,23.5
2016/10/24,23.5,23.6,23.4,23.5
2016/10/25,23.5,23.5,23.4,23.4
2016/10/26,23.4,23.5,23.3,23.5
2016/10/27,23.5,23.6,23.4,23.5
2016/10/28,23.6,23.6,23.4,23.4
2016/10/31,23.5,23.5,23.4,23.4
2016/11/01,23.6,23.9,23.5,23.8
2016/11/02,23.7,23.7,23.5,23.6
2016/11/03,23.5,23.6,23.4,23.4
2016/11/04,23.4,23.6,23.4,23.5
2016/11/07,23.5,23.6,23.4,23.4
2016/11/08,23.5,23.5,23.4,23.4
2016/11/09,23.5,23.6,22.6,22.8
2016/11/10,23.2,23.3,23.0,23.2
2016/11/11,23.1,23.1,22.8,22.9
2016/11/14,22.9,23.0,22.7,22.7
2016/11/15,22.8,22.9,22.7,22.8
2016/11/16,22.8,22.9,22.8,22.9
2016/11/17,22.9,22.9,22.8,22.8
2016/11/18,22.8,23.1,22.8,23.1
2016/11/21,23.1,23.2,23.0,23.1
2016/11/22,23.1,23.3,23.1,23.2
2016/11/23,23.2,23.3,23.1,23.1
2016/11/24,23.1,23.2,23.0,23.1
2016/11/25,23.1,23.2,23.0,23.1
2016/11/28,23.0,23.1,22.9,23.0
2016/11/29,23.1,23.5,23.1,23.4
2016/11/30,23.5,23.5,23.3,23.3
2016/12/01,23.4,23.4,23.2,23.4
2016/12/02,23.4,23.4,23.1,23.4
2016/12/05,23.2,23.4,23.2,23.2
2016/12/06,23.3,23.4,23.2,23.2
2016/12/07,23.2,23.4,23.2,23.4
2016/12/08,23.4,23.5,23.3,23.4
2016/12/09,23.4,23.4,23.3,23.4
2016/12/12,23.4,23.6,23.3,23.4
2016/12/13,23.3,23.4,23.3,23.4
2016/12/14,23.5,23.5,23.3,23.4
2016/12/15,23.3,23.4,23.3,23.4
2016/12/16,23.3,23.4,23.3,23.4
2016/12/19,23.4,23.5,23.4,23.4
2016/12/20,23.4,23.4,23.3,23.3
2016/12/21,23.3,23.4,23.2,23.2
2016/12/22,23.2,23.2,23.0,23.1
2016/12/23,23.0,23.2,23.0,23.1
2016/12/26,23.1,23.1,22.9,22.9
2016/12/27,22.9,23.0,22.9,22.9
2016/12/28,23.0,23.1,22.9,23.1
2016/12/29,23.0,23.2,23.0,23.1
2016/12/30,23.2,23.2,23.1,23.1
2017/01/03,23.2,23.3,23.1,23.2
2017/01/04,23.3,23.4,23.1,23.2
2017/01/05,23.4,23.7,23.4,23.6
2017/01/06,23.7,23.7,23.5,23.6
2017/01/09,23.7,23.7,23.4,23.6
2017/01/10,23.6,23.6,23.4,23.5
2017/01/11,23.6,23.7,23.5,23.7
2017/01/12,23.7,23.9,23.7,23.7
2017/01/13,23.7,23.8,23.6,23.8
2017/01/16,23.7,23.7,23.5,23.5
2017/01/17,23.7,23.7,23.5,23.6
2017/01/18,23.5,23.7,23.5,23.7
2017/01/19,23.7,23.7,23.6,23.6
2017/01/20,23.6,23.7,23.5,23.6
2017/01/23,23.6,23.7,23.6,23.6
2017/01/24,23.7,23.9,23.6,23.8
2017/02/02,23.9,24.3,23.8,24.0
2017/02/03,24.0,24.1,23.9,24.1
2017/02/06,24.2,24.6,24.2,24.5
2017/02/07,24.8,25.2,24.8,25.2
2017/02/08,25.4,25.4,25.2,25.3
2017/02/09,25.4,26.1,25.2,26.1
2017/02/10,26.2,26.5,25.6,25.8
2017/02/13,25.8,26.4,25.8,26.2
2017/02/14,26.3,26.3,25.5,25.9
2017/02/15,25.9,26.1,25.8,26.1
2017/02/16,26.1,26.1,25.9,26.1
2017/02/17,26.1,26.4,25.9,26.2
2017/02/20,26.5,26.6,26.2,26.4
2017/02/21,26.4,26.5,26.2,26.4
2017/02/22,26.5,26.8,26.5,26.6
2017/02/23,26.8,27.0,26.8,26.8
2017/02/24,27.1,27.3,27.0,27.2
2017/03/01,27.4,27.7,27.3,27.5
2017/03/02,27.7,27.7,26.7,27.2
2017/03/03,27.1,27.5,27.1,27.5
2017/03/06,27.6,27.8,27.5,27.7
2017/03/07,27.7,27.7,27.3,27.5
2017/03/08,27.4,27.5,27.2,27.5
2017/03/09,27.5,27.6,27.1,27.1
2017/03/10,27.1,27.1,26.4,26.9
2017/03/13,26.9,27.1,26.6,26.8
2017/03/14,26.7,27.2,26.6,26.9
2017/03/15,27.0,27.1,26.9,26.9
2017/03/16,27.2,27.5,27.0,27.3
2017/03/17,27.5,27.5,27.2,27.5
2017/03/20,27.5,27.5,27.3,27.5
2017/03/21,27.5,27.5,27.2,27.4
2017/03/22,27.3,27.5,27.0,27.5
2017/03/23,27.6,27.6,27.3,27.4
2017/03/24,27.5,27.7,27.3,27.6
2017/03/27,27.6,27.7,27.2,27.2
2017/03/28,27.2,27.3,26.6,26.8
2017/03/29,26.8,27.0,26.7,27.0
2017/03/30,27.0,27.1,26.8,27.0
2017/03/31,27.1,27.5,27.0,27.5
2017/04/05,27.7,28.2,27.4,27.7
2017/04/06,27.7,27.7,27.4,27.6
2017/04/07,27.6,27.7,27.4,27.7
2017/04/10,27.8,27.8,27.4,27.6
2017/04/11,27.5,27.6,26.9,27.0
2017/04/12,26.9,27.0,26.5,26.7
2017/04/13,26.7,26.9,26.5,26.7
2017/04/14,26.7,26.7,26.2,26.2
2017/04/17,26.1,26.3,25.9,26.2
2017/04/18,26.2,26.5,26.2,26.4
2017/04/19,26.4,26.4,26.0,26.1
2017/04/20,26.1,26.1,25.7,25.8
2017/04/21,25.8,26.1,25.7,25.9
2017/04/24,26.0,26.0,25.7,25.9
2017/04/25,25.9,26.3,25.9,26.3
2017/04/26,26.5,26.6,26.3,26.5
2017/04/27,26.5,26.6,26.4,26.6
2017/04/28,26.6,26.8,26.5,26.6
2017/05/02,26.6,26.8,26.6,26.8
2017/05/03,26.8,26.9,26.8,26.9
2017/05/04,26.9,26.9,26.4,26.7
2017/05/05,26.7,26.8,26.6,26.7
2017/05/08,26.7,26.8,26.6,26.7
2017/05/09,26.6,26.7,26.1,26.2
2017/05/10,26.3,26.5,26.3,26.3
2017/05/11,26.3,26.8,26.3,26.5
2017/05/12,26.5,26.6,26.3,26.4
2017/05/15,26.4,26.5,26.2,26.3
2017/05/16,26.3,26.7,26.3,26.7
2017/05/17,26.7,26.7,26.3,26.6
2017/05/18,26.3,26.4,26.2,26.4
2017/05/19,26.3,26.5,26.3,26.4
2017/05/22,26.4,26.6,26.4,26.6
2017/05/23,26.6,26.7,26.4,26.4
2017/05/24,26.5,26.5,26.4,26.5
2017/05/25,26.7,26.7,26.5,26.6
2017/05/26,26.6,26.7,26.5,26.6
2017/05/31,26.7,26.7,26.4,26.6
2017/06/01,26.6,26.6,26.3,26.4
2017/06/02,26.4,26.5,26.3,26.3
2017/06/05,26.5,26.5,26.2,26.4
2017/06/06,26.7,27.8,26.7,27.1
2017/06/07,27.1,27.2,26.8,26.9
2017/06/08,27.1,27.7,26.9,27.4
2017/06/09,27.5,27.6,27.2,27.4
2017/06/12,27.4,27.4,27.0,27.1
2017/06/13,27.1,27.2,27.1,27.1
2017/06/14,27.2,27.2,26.7,26.9
2017/06/15,26.9,26.9,26.6,26.7
2017/06/16,26.8,27.0,26.8,26.9
2017/06/19,27.0,27.0,26.8,26.8
2017/06/20,26.9,27.0,26.7,26.9
2017/06/21,26.8,27.2,26.8,27.1
2017/06/22,27.2,27.2,27.1,27.1
2017/06/23,27.1,27.1,27.0,27.0
2017/06/26,27.0,27.4,27.0,27.4
2017/06/27,27.4,27.4,27.3,27.4
2017/06/28,27.2,27.3,27.1,27.2
2017/06/29,27.3,27.4,27.2,27.2
2017/06/30,27.0,27.3,26.9,27.3
2017/07/03,27.3,27.3,27.1,27.2
2017/07/04,27.2,27.2,27.0,27.0
2017/07/05,27.3,27.4,27.0,27.2
2017/07/06,27.7,28.7,27.6,27.8
2017/07/07,27.7,27.7,27.4,27.5
2017/07/10,27.5,27.7,27.4,27.5
2017/07/11,27.4,27.5,27.2,27.4
2017/07/12,27.3,27.5,27.3,27.5
2017/07/13,27.5,27.6,27.4,27.4
2017/07/14,27.4,27.6,27.3,27.6
2017/07/17,27.6,27.7,27.5,27.5
2017/07/18,27.5,27.5,27.4,27.5
2017/07/19,27.5,27.9,27.5,27.7
2017/07/20,27.8,27.8,27.6,27.7
2017/07/21,27.7,28.0,27.6,28.0
2017/07/24,28.0,28.0,27.8,28.0
2017/07/25,28.0,28.0,27.7,27.7
2017/07/26,27.7,28.0,27.5,27.7
2017/07/27,27.7,27.9,27.7,27.7
2017/07/28,27.9,27.9,27.7,27.8
2017/07/31,27.8,27.9,27.7,27.9
2017/08/01,27.9,27.9,27.7,27.8
2017/08/02,27.9,28.2,27.9,28.0
2017/08/03,28.1,28.1,27.9,28.0
2017/08/04,28.0,28.4,28.0,28.3
2017/08/07,27.2,27.2,26.6,26.7
2017/08/08,26.9,26.9,26.6,26.7
2017/08/09,26.7,26.7,26.2,26.3
2017/08/10,26.3,26.3,25.5,25.6
2017/08/11,25.5,26.0,25.4,26.0
2017/08/14,26.1,26.2,25.4,25.5
2017/08/15,25.8,25.9,25.5,25.6
2017/08/16,25.7,25.7,25.5,25.6
2017/08/17,25.6,25.8,25.6,25.8
2017/08/18,25.6,25.7,25.5,25.6
2017/08/21,25.5,25.6,25.4,25.5
2017/08/22,25.5,26.1,25.5,26.1
2017/08/23,26.1,26.1,25.7,25.7
2017/08/24,25.8,25.9,25.7,25.8
2017/08/25,25.8,26.0,25.7,25.9
2017/08/28,26.0,26.0,25.7,25.9
2017/08/29,26.0,26.0,25.6,25.7
2017/08/30,25.9,25.9,25.6,25.7
2017/08/31,25.8,26.2,25.6,26.2
2017/09/01,26.3,26.3,26.0,26.1
2017/09/04,26.0,26.1,25.8,25.9
2017/09/05,25.9,26.0,25.8,25.9
2017/09/06,26.1,26.3,25.9,26.1
2017/09/07,26.2,26.3,26.0,26.1
2017/09/08,26.2,26.2,26.0,26.1
2017/09/11,26.2,26.2,26.0,26.1
2017/09/12,26.1,26.2,25.9,26.0
2017/09/13,25.9,26.1,25.9,26.0
2017/09/14,26.0,26.2,26.0,26.1
2017/09/15,26.2,26.5,26.0,26.4
2017/09/18,26.4,26.5,26.3,26.5
2017/09/19,26.5,26.5,26.1,26.1
2017/09/20,26.0,26.1,25.8,25.9
2017/09/21,25.9,26.3,25.9,26.0
2017/09/22,26.0,26.0,25.6,25.7
2017/09/25,25.8,25.8,25.0,25.1
2017/09/26,25.0,25.4,24.9,24.9
2017/09/27,25.1,25.1,25.0,25.1
2017/09/28,25.1,25.2,24.8,24.8
2017/09/29,25.1,25.1,24.5,24.9
2017/10/02,25.1,25.3,25.1,25.2
2017/10/03,25.3,25.5,25.2,25.5
2017/10/05,25.5,25.6,25.2,25.5
2017/10/06,25.7,25.9,25.7,25.8
2017/10/11,26.1,26.2,25.9,26.0
2017/10/12,26.1,26.1,26.0,26.1
2017/10/13,26.1,26.2,26.0,26.2
2017/10/16,26.2,26.3,26.1,26.2
2017/10/17,26.3,26.7,26.1,26.1
2017/10/18,26.1,26.2,25.8,25.8
2017/10/19,25.9,25.9,25.8,25.8
2017/10/20,25.8,26.1,25.6,25.8
2017/10/23,25.9,26.1,25.9,26.0
2017/10/24,26.1,26.4,26.0,26.3
2017/10/25,26.3,26.4,26.2,26.3
2017/10/26,26.4,26.5,26.3,26.5
2017/10/27,26.5,26.6,26.1,26.2
2017/10/30,26.4,26.4,25.9,26.1
2017/10/31,26.4,26.4,26.0,26.0
2017/11/01,26.2,26.3,26.1,26.1
2017/11/02,26.3,27.5,26.2,27.3
2017/11/03,27.4,27.7,27.1,27.3
2017/11/06,27.4,28.0,27.3,27.5
2017/11/07,27.9,28.6,27.7,28.5
2017/11/08,28.6,29.4,28.6,28.6
2017/11/09,28.6,28.8,27.9,28.0
2017/11/10,28.0,28.2,27.6,28.2
2017/11/13,28.7,29.6,28.6,29.0
2017/11/14,29.5,29.6,28.4,28.7
2017/11/15,28.8,29.7,28.7,29.7
2017/11/16,29.4,30.1,29.2,29.4
2017/11/17,29.6,29.9,29.4,29.6
2017/11/20,29.9,30.9,29.7,30.0
2017/11/21,30.5,30.8,30.3,30.7
2017/11/22,31.5,31.6,30.6,31.0
2017/11/23,31.2,31.5,30.8,31.3
2017/11/24,31.4,31.4,30.8,30.9
2017/11/27,31.3,31.5,30.4,30.4
2017/11/28,30.8,31.4,30.4,31.0
2017/11/29,31.4,32.5,31.2,32.0
2017/11/30,32.1,33.0,31.6,31.6
2017/12/01,31.8,32.1,29.7,30.6
2017/12/04,31.0,31.7,30.4,31.0
2017/12/05,31.3,31.9,30.8,31.2
2017/12/06,31.2,31.4,29.6,30.1
2017/12/07,30.3,30.5,29.5,29.7
2017/12/08,30.2,32.0,29.9,31.8
2017/12/11,32.4,32.7,31.3,31.8
2017/12/12,31.9,32.1,31.3,31.4
2017/12/13,31.8,31.9,31.4,31.4
2017/12/14,31.8,31.9,31.1,31.1
2017/12/15,31.1,31.5,31.0,31.2
2017/12/18,31.3,32.1,31.0,32.0
2017/12/19,31.7,32.4,31.1,31.1
2017/12/20,30.9,31.7,30.2,31.4
2017/12/21,31.3,31.6,30.9,31.1
2017/12/22,31.2,32.1,30.8,32.1
2017/12/25,32.3,34.9,32.1,34.2
2017/12/26,34.2,34.2,32.2,32.2
2017/12/27,32.1,32.8,31.9,32.2
2017/12/28,32.4,32.6,32.2,32.2
2017/12/29,33.0,33.3,32.4,32.7
2018/01/02,32.7,33.1,32.3,33.1
2018/01/03,33.4,34.6,33.3,33.8
2018/01/04,33.9,34.9,33.3,34.6
2018/01/05,34.7,35.1,34.0,34.9
2018/01/08,35.2,35.7,34.4,34.4
2018/01/09,34.4,34.8,34.0,34.7
2018/01/10,35.1,35.2,34.4,34.7
2018/01/11,34.7,34.9,34.2,34.9
2018/01/12,35.0,35.6,34.6,35.5
2018/01/16,36.0,36.2,35.5,35.7
2018/01/17,35.8,36.3,35.6,35.8
2018/01/18,36.0,36.2,35.2,35.2
2018/01/19,35.2,36.2,34.8,35.9
2018/01/22,36.3,36.9,36.0,36.2
2018/01/23,36.2,36.4,35.7,35.9
2018/01/24,36.1,36.3,35.7,36.1
2018/01/25,36.1,36.4,35.9,36.0
2018/01/26,36.0,36.5,35.7,36.4
2018/01/29,36.7,37.1,36.5,36.5
2018/01/30,36.5,36.5,35.4,35.7
2018/01/31,35.6,36.1,35.4,36.0
2018/02/01,36.4,38.5,36.2,37.5
2018/02/02,37.9,38.1,37.3,37.9
2018/02/05,36.1,38.1,36.0,37.7
2018/02/06,36.6,37.3,34.0,34.8
2018/02/07,36.0,36.8,35.3,35.3
2018/02/08,35.4,35.8,34.6,35.0
2018/02/09,33.5,35.1,33.2,34.6
2018/02/12,34.9,35.3,34.3,34.3
2018/02/21,35.6,36.0,34.9,35.7
2018/02/22,35.6,35.8,35.2,35.4
2018/02/23,35.7,36.7,35.5,36.6
2018/02/26,37.9,38.4,36.8,36.9
2018/02/27,37.1,37.3,36.2,36.2
2018/03/01,35.7,37.4,35.7,37.1
2018/03/02,36.5,36.9,36.3,36.7
2018/03/05,36.9,37.1,36.3,36.3
2018/03/06,37.0,37.5,36.9,37.2
2018/03/07,36.8,37.6,36.7,36.7
2018/03/08,37.1,37.6,37.0,37.3
2018/03/09,37.4,37.4,36.9,37.2
2018/03/12,38.0,38.1,37.3,37.3
2018/03/13,37.5,37.8,37.5,37.6
2018/03/14,37.7,38.0,37.6,37.7
2018/03/15,38.1,38.2,37.8,37.8
2018/03/16,38.0,38.1,37.2,37.2
2018/03/19,37.5,37.6,37.3,37.3
2018/03/20,37.1,37.4,37.1,37.2
2018/03/21,37.4,38.7,37.3,38.5
2018/03/22,38.6,38.9,37.7,37.8
2018/03/23,36.5,37.3,36.4,36.5
2018/03/26,36.9,36.9,36.7,36.7
2018/03/27,37.2,37.3,36.9,36.9
2018/03/28,37.1,37.1,36.5,36.5
2018/03/29,36.7,36.7,36.2,36.2
2018/03/30,36.6,36.6,36.2,36.2
2018/04/02,36.8,37.0,36.3,36.3
2018/04/03,36.1,36.5,35.9,36.4
2018/04/09,36.2,37.1,36.2,36.8
2018/04/10,37.2,37.5,36.9,36.9
2018/04/11,37.2,37.3,36.5,36.8
2018/04/12,36.9,37.1,36.8,36.9
2018/04/13,37.0,37.1,36.7,36.8
2018/04/16,37.1,37.1,36.7,36.7
2018/04/17,36.9,36.9,35.9,36.0
2018/04/18,36.3,36.4,35.8,36.1
2018/04/19,36.5,37.4,36.3,37.0
2018/04/20,36.8,37.1,36.5,36.7
2018/04/23,36.8,36.9,36.1,36.2
2018/04/24,36.2,36.2,33.9,34.5
2018/04/25,34.1,34.6,33.9,34.2
2018/04/26,34.4,34.6,33.5,33.5
2018/04/27,33.8,34.7,33.5,34.6
2018/04/30,34.5,34.9,34.2,34.3
2018/05/02,34.3,34.6,34.2,34.2
2018/05/03,34.2,34.3,33.7,33.7
2018/05/04,34.2,36.2,34.2,35.4
2018/05/07,35.8,37.4,35.4,37.3
2018/05/08,37.0,37.1,36.4,36.4
2018/05/09,36.6,37.0,36.5,36.7
2018/05/10,37.1,37.4,36.8,36.9
2018/05/11,37.1,37.2,36.4,36.7
2018/05/14,36.9,36.9,36.5,36.7
2018/05/15,36.8,37.1,36.2,36.2
2018/05/16,36.3,36.5,35.7,35.7
2018/05/17,35.8,36.5,35.7,36.1
2018/05/18,36.1,36.1,35.6,35.8
2018/05/21,36.1,36.2,35.8,36.1
2018/05/22,36.3,36.3,35.7,35.8
2018/05/23,36.1,36.1,35.6,35.6
2018/05/24,35.9,36.1,35.6,36.0
2018/05/25,36.1,37.3,36.0,37.3
2018/05/28,37.1,37.2,36.7,36.8
2018/05/29,36.8,37.2,36.5,36.6
2018/05/30,36.2,36.4,35.9,36.4
2018/05/31,36.7,37.1,36.1,37.1
2018/06/01,36.8,36.9,36.4,36.4
2018/06/04,36.5,36.7,36.3,36.3
2018/06/05,37.1,37.9,36.7,36.7
2018/06/06,37.2,37.5,36.9,37.1
2018/06/07,37.6,37.7,36.9,36.9
2018/06/08,37.2,37.6,37.0,37.2
2018/06/11,38.0,40.9,37.9,40.9
2018/06/12,42.0,42.7,40.0,40.1
2018/06/13,40.6,41.6,40.2,40.7
2018/06/14,41.0,41.1,40.2,40.6
2018/06/15,41.1,41.1,39.3,39.3
2018/06/19,39.3,39.4,38.2,38.3
2018/06/20,38.3,38.5,37.0,37.5
2018/06/21,37.8,38.9,37.5,37.8
2018/06/22,37.5,38.5,36.9,37.8
2018/06/25,38.6,38.6,37.6,37.6
2018/06/26,37.1,37.4,36.5,36.8
2018/06/27,37.0,37.2,36.5,36.5
2018/06/28,36.6,36.9,36.3,36.4
2018/06/29,36.7,37.9,36.5,37.6
2018/07/02,37.6,38.0,37.2,37.2
2018/07/03,37.3,37.5,36.2,36.2
2018/07/04,37.5,37.7,36.7,36.8
2018/07/05,37.3,37.5,36.5,36.5
2018/07/06,36.7,37.1,36.2,36.6
2018/07/09,36.2,36.2,35.2,35.3
2018/07/10,35.6,35.6,35.0,35.2
2018/07/11,35.0,35.3,34.8,34.8
2018/07/12,34.9,35.1,34.7,34.9
2018/07/13,35.2,36.2,35.1,35.6
2018/07/16,35.6,36.1,35.5,35.8
2018/07/17,35.7,36.0,35.5,35.6
2018/07/18,35.9,36.0,35.0,35.2
2018/07/19,35.4,35.4,35.0,35.0
2018/07/20,35.2,35.7,35.0,35.4
2018/07/23,35.4,35.4,34.8,34.9
2018/07/24,34.9,35.1,34.8,35.1
2018/07/25,35.2,35.2,35.0,35.0
2018/07/26,35.2,35.6,35.2,35.6
2018/07/27,35.8,35.8,35.5,35.7
2018/07/30,35.9,36.1,35.5,35.5
2018/07/31,35.7,36.4,35.5,36.4
2018/08/01,36.5,36.5,36.0,36.1
2018/08/02,36.1,36.3,35.2,35.2
2018/08/03,35.5,35.9,35.3,35.8
2018/08/06,35.8,35.8,35.5,35.5
2018/08/07,35.7,35.8,35.0,35.0
2018/08/08,35.5,36.2,35.5,35.9
2018/08/09,36.2,36.4,36.0,36.2
2018/08/10,36.3,36.4,36.0,36.1
2018/08/13,36.0,36.0,34.3,35.0
2018/08/14,35.0,35.2,34.5,34.8
2018/08/15,34.9,35.0,33.5,33.6
2018/08/16,33.2,34.5,33.2,34.5
2018/08/17,35.0,35.0,34.0,34.1
2018/08/20,34.0,34.2,33.6,33.6
2018/08/21,33.6,34.1,33.6,34.1
2018/08/22,34.1,34.1,33.8,33.8
2018/08/23,34.0,34.2,33.8,33.9
2018/08/24,33.8,33.9,33.4,33.5
2018/08/27,33.7,34.2,33.7,34.1
2018/08/28,34.3,34.4,34.0,34.1
2018/08/29,34.2,34.3,34.0,34.0
2018/08/30,34.2,34.4,33.8,34.2
2018/08/31,34.0,34.6,34.0,34.6
2018/09/03,35.0,35.4,34.7,34.8
2018/09/04,35.1,35.2,34.9,35.0
2018/09/05,35.3,35.8,35.2,35.2
2018/09/06,35.2,35.2,34.8,34.9
2018/09/07,34.8,34.9,33.7,34.2
2018/09/10,34.2,34.6,33.4,33.4
2018/09/11,33.7,33.9,33.3,33.6
2018/09/12,33.4,33.4,31.4,31.7
2018/09/13,31.5,32.6,31.5,32.2
2018/09/14,32.4,32.9,32.3,32.9
2018/09/17,32.8,32.9,32.5,32.9
2018/09/18,32.9,34.2,32.7,33.5
2018/09/19,33.5,34.1,33.4,33.9
2018/09/20,33.8,34.2,33.7,33.7
2018/09/21,34.1,34.1,33.7,34.0
2018/09/25,34.0,34.3,33.7,33.7
2018/09/26,33.7,34.0,33.7,33.8
2018/09/27,33.8,33.8,33.5,33.5
2018/09/28,33.7,33.8,33.5,33.5
2018/10/01,33.4,33.8,33.4,33.8
2018/10/02,34.0,34.1,33.7,33.7
2018/10/03,33.6,33.7,33.2,33.3
2018/10/04,33.0,33.0,32.4,32.5
2018/10/05,32.7,32.8,31.5,32.0
2018/10/08,31.8,32.1,31.3,31.8
2018/10/09,31.8,31.9,31.0,31.3
2018/10/11,28.8,29.2,28.2,28.2
2018/10/12,27.8,29.2,27.8,29.2
2018/10/15,29.2,29.7,28.8,29.6
2018/10/16,29.9,29.9,29.1,29.3
2018/10/17,29.8,29.9,29.3,29.4
2018/10/18,29.4,29.5,28.7,28.9
2018/10/19,28.6,28.7,27.8,28.4
2018/10/22,28.4,29.1,28.4,28.9
2018/10/23,28.7,28.7,28.0,28.0
2018/10/24,28.1,28.2,27.6,28.2
2018/10/25,27.3,27.4,26.4,26.4
2018/10/26,26.9,27.1,26.0,26.3
2018/10/29,26.4,26.7,26.3,26.7
2018/10/30,26.6,26.9,26.4,26.9
2018/10/31,27.1,27.7,27.1,27.5
2018/11/01,28.0,28.9,27.9,28.5
2018/11/02,28.9,28.9,28.2,28.3
2018/11/05,28.2,28.6,28.1,28.5
2018/11/06,28.8,29.3,28.4,28.6
2018/11/07,28.8,29.1,28.6,28.7
2018/11/08,29.1,29.3,28.9,29.0
2018/11/09,28.8,28.9,28.5,28.6
2018/11/12,28.8,28.9,28.4,28.9
2018/11/13,28.4,28.6,28.1,28.6
2018/11/14,28.8,28.9,28.5,28.5
2018/11/15,28.7,28.7,28.5,28.6
2018/11/16,28.9,28.9,28.7,28.8
2018/11/19,29.0,29.2,28.9,29.0
2018/11/20,28.8,28.8,28.4,28.4
2018/11/21,28.2,28.8,28.1,28.8
2018/11/22,28.5,28.8,28.5,28.5
2018/11/23,28.7,28.7,28.2,28.2
2018/11/26,28.2,28.6,28.1,28.2
2018/11/27,28.5,29.0,28.3,28.9
2018/11/28,29.1,29.3,28.9,29.2
2018/11/29,29.6,29.8,29.4,29.4
2018/11/30,29.5,29.6,29.3,29.5
2018/12/03,29.8,30.6,29.8,30.6
2018/12/04,30.7,30.8,30.4,30.5
2018/12/05,30.0,30.0,29.6,29.7
2018/12/06,29.3,29.3,28.3,28.4
2018/12/07,28.7,29.0,28.6,28.7
2018/12/10,28.4,28.7,28.2,28.2
2018/12/11,27.9,28.4,27.9,28.2
2018/12/12,28.4,28.6,28.4,28.5
2018/12/13,28.6,28.6,28.3,28.4
2018/12/14,28.4,28.4,28.1,28.2
2018/12/17,28.2,28.4,28.0,28.1
2018/12/18,27.9,28.1,27.8,27.9
2018/12/19,28.0,28.1,27.8,27.9
2018/12/20,27.8,27.8,27.1,27.1
2018/12/21,27.1,27.4,27.0,27.1
2018/12/24,27.1,27.6,27.1,27.5
2018/12/25,27.2,27.2,26.5,26.8
2018/12/26,26.8,27.1,26.5,26.5
2018/12/27,26.9,27.0,26.8,26.9
2018/12/28,26.8,27.0,26.6,26.8
2019/01/02,27.0,27.0,26.6,26.6
2019/01/03,26.9,26.9,26.5,26.5
2019/01/04,26.4,26.4,25.9,26.2
2019/01/07,26.5,26.7,26.3,26.6
2019/01/08,26.5,26.7,26.4,26.6
2019/01/09,26.6,27.2,26.6,27.2
2019/01/10,27.1,27.2,26.9,27.1
2019/01/11,27.1,27.3,27.0,27.2
2019/01/14,27.2,27.3,27.0,27.2
2019/01/15,27.1,27.3,27.1,27.1
2019/01/16,27.2,27.8,27.2,27.6
2019/01/17,27.9,28.2,27.8,27.9
2019/01/18,28.1,28.2,27.8,27.9
2019/01/21,28.1,28.2,28.0,28.0
2019/01/22,28.1,28.1,27.8,27.8
2019/01/23,27.7,27.8,27.5,27.6
2019/01/24,27.5,27.9,27.5,27.5
2019/01/25,27.7,28.2,27.7,28.1
2019/01/28,28.3,28.4,28.0,28.3
2019/01/29,28.3,28.3,27.9,28.2
2019/01/30,28.3,28.3,28.0,28.0
2019/02/11,28.3,28.5,28.2,28.3
2019/02/12,28.4,28.7,28.4,28.6
2019/02/13,28.5,28.6,28.3,28.3
2019/02/14,28.4,28.9,28.4,28.6
2019/02/15,28.7,28.8,28.4,28.5
2019/02/18,28.8,28.8,28.6,28.7
2019/02/19,28.7,28.9,28.7,28.7
2019/02/20,28.8,29.0,28.7,28.8
2019/02/21,28.8,29.1,28.7,29.0
2019/02/22,28.8,29.0,28.8,28.8
2019/02/25,28.9,29.7,28.9,29.7
2019/02/26,29.9,30.9,29.8,30.0
2019/02/27,29.8,29.9,29.5,29.7
2019/03/04,29.8,29.8,29.3,29.5
2019/03/05,29.4,29.4,29.2,29.3
2019/03/06,29.3,29.3,28.9,29.0
2019/03/07,29.0,29.3,28.7,28.7
2019/03/08,28.7,28.7,28.3,28.7
2019/03/11,28.5,28.8,28.4,28.6
2019/03/12,28.7,29.0,28.6,28.8
2019/03/13,28.7,28.9,28.6,28.7
2019/03/14,28.7,29.2,28.6,29.2
2019/03/15,29.4,29.6,29.0,29.0
2019/03/18,29.2,29.8,29.2,29.5
2019/03/19,29.5,29.6,29.2,29.3
2019/03/20,29.5,29.8,29.3,29.8
2019/03/21,30.1,30.9,30.0,30.6
2019/03/22,30.8,31.6,30.6,30.8
2019/03/25,30.2,30.4,30.0,30.2
2019/03/26,30.2,30.5,30.1,30.1
2019/03/27,30.4,30.4,30.0,30.2
2019/03/28,29.9,30.0,29.6,29.6
2019/03/29,29.7,29.8,29.4,29.8
2019/04/01,30.1,30.1,29.8,29.8
2019/04/02,30.0,30.2,29.8,30.1
2019/04/03,30.1,30.2,29.9,30.1
2019/04/08,30.2,31.2,30.2,30.7
2019/04/09,30.9,30.9,30.3,30.6
2019/04/10,30.7,30.8,30.5,30.7
2019/04/11,30.7,30.9,30.3,30.3
2019/04/12,30.3,30.5,30.3,30.3
2019/04/15,30.4,30.7,30.4,30.5
2019/04/16,30.7,31.0,30.6,30.9
2019/04/17,31.0,32.2,30.9,31.5
2019/04/18,31.5,31.6,30.9,30.9
2019/04/19,31.3,31.3,30.9,31.0
2019/04/22,31.4,31.6,31.2,31.6
2019/04/23,31.6,31.6,31.1,31.2
2019/04/24,31.3,31.3,30.9,31.0
2019/04/25,31.0,31.1,30.8,31.0
2019/04/26,31.0,31.0,30.7,30.8
2019/04/29,30.8,30.8,30.2,30.4
2019/04/30,30.4,30.6,30.3,30.5
2019/05/02,30.6,30.9,30.6,30.7
2019/05/03,30.8,31.2,30.8,31.1
2019/05/06,30.7,30.7,30.1,30.1
2019/05/07,30.4,30.4,29.9,30.1
2019/05/08,29.7,29.9,29.4,29.9
2019/05/09,29.8,29.8,29.1,29.2
2019/05/10,29.2,29.6,29.0,29.2
2019/05/13,29.2,29.2,28.6,28.6
2019/05/14,28.3,28.6,27.8,28.5
2019/05/15,28.7,29.0,28.7,29.0
2019/05/16,29.1,29.1,28.6,28.6
2019/05/17,28.6,28.8,28.0,28.2
2019/05/20,28.2,28.3,27.9,28.1
2019/05/21,28.1,28.5,28.0,28.3
2019/05/22,28.5,28.7,28.5,28.5
2019/05/23,28.5,28.6,28.2,28.2
2019/05/24,28.2,28.6,28.1,28.4
2019/05/27,28.4,28.8,28.3,28.5
2019/05/28,28.5,28.7,27.5,27.5
2019/05/29,27.6,28.0,27.6,27.8
2019/05/30,27.8,28.3,27.8,28.2
2019/05/31,28.3,28.5,28.2,28.4
2019/06/03,28.4,28.4,28.1,28.3
2019/06/04,28.3,28.5,28.3,28.5
2019/06/05,28.5,28.7,28.3,28.3
2019/06/06,28.3,28.4,28.2,28.3
2019/06/10,28.7,28.7,28.6,28.7
2019/06/11,29.0,29.2,28.7,29.0
2019/06/12,29.0,29.1,28.8,29.1
2019/06/13,29.1,29.1,28.8,28.9
2019/06/14,29.0,29.2,28.9,29.0
2019/06/17,29.0,29.1,28.8,28.9
2019/06/18,28.9,29.0,28.8,29.0
2019/06/19,29.2,29.2,29.0,29.1
2019/06/20,29.1,29.5,29.1,29.4
2019/06/21,29.5,29.6,29.2,29.2
2019/06/24,29.2,29.2,29.0,29.1
2019/06/25,29.1,29.3,29.0,29.1
2019/06/26,29.0,29.2,29.0,29.2
2019/06/27,29.4,29.5,29.3,29.4
2019/06/28,29.5,29.5,29.3,29.4
2019/07/01,29.9,30.0,29.7,29.9
2019/07/02,30.0,30.1,29.7,29.8
2019/07/03,29.9,30.1,29.8,30.0
2019/07/04,30.0,30.3,30.0,30.2
2019/07/05,30.5,30.5,30.3,30.4
2019/07/08,30.4,30.4,30.2,30.2
2019/07/09,30.2,30.4,30.1,30.3
2019/07/10,30.3,30.4,30.2,30.4
2019/07/11,30.4,30.7,30.4,30.7
2019/07/12,30.8,31.0,30.7,31.0
2019/07/15,29.0,29.1,28.6,28.6
2019/07/16,28.7,28.8,28.5,28.6
2019/07/17,28.6,28.6,28.5,28.6
2019/07/18,28.6,28.6,28.3,28.3
2019/07/19,28.4,28.6,28.3,28.5
2019/07/22,28.5,28.8,28.5,28.7
2019/07/23,28.8,29.0,28.7,28.7
2019/07/24,28.8,29.3,28.7,29.2
2019/07/25,29.6,30.0,29.6,29.6
2019/07/26,29.9,29.9,29.4,29.6
2019/07/29,30.1,30.1,29.5,29.5
2019/07/30,29.5,29.6,28.9,28.9
2019/07/31,29.1,29.1,28.8,28.9
2019/08/01,28.8,28.9,28.6,28.7
2019/08/02,28.4,28.4,28.0,28.1
2019/08/05,28.1,28.1,27.8,27.8
2019/08/06,27.3,27.8,27.2,27.7
2019/08/07,27.9,28.2,27.6,27.6
2019/08/08,27.5,27.8,27.5,27.8
2019/08/12,27.8,28.1,27.7,27.9
2019/08/13,28.0,28.1,27.9,27.9
2019/08/14,28.1,28.3,28.0,28.0
2019/08/15,27.7,28.0,27.7,28.0
2019/08/16,28.1,29.1,28.0,29.0
2019/08/19,29.0,29.3,28.7,29.3
2019/08/20,29.3,29.7,29.2,29.4
2019/08/21,30.3,30.6,29.9,30.4
2019/08/22,30.6,30.8,30.3,30.6
2019/08/23,30.8,31.0,30.5,30.5
2019/08/26,29.9,30.2,29.8,30.2
2019/08/27,30.7,31.2,30.5,31.0
2019/08/28,31.5,32.1,31.4,31.9
2019/08/29,32.5,32.9,32.2,32.3
2019/08/30,32.8,33.3,32.6,33.0
2019/09/02,33.7,33.9,33.3,33.9
2019/09/03,34.2,34.4,33.5,33.7
2019/09/04,34.2,34.7,33.9,34.5
2019/09/05,34.8,35.3,34.3,35.0
2019/09/06,34.2,34.6,33.2,33.2
2019/09/09,32.9,33.8,32.8,33.7
2019/09/10,33.7,33.8,33.2,33.6
2019/09/11,33.9,33.9,33.4,33.7
2019/09/12,33.9,33.9,33.4,33.8
2019/09/16,33.8,33.9,33.5,33.7
2019/09/17,33.7,34.2,33.4,33.8
2019/09/18,33.9,34.0,33.6,33.6
2019/09/19,33.8,33.9,33.5,33.6
2019/09/20,33.6,34.8,33.6,34.8
2019/09/23,35.2,35.8,34.0,34.5
2019/09/24,34.1,34.5,34.0,34.1
2019/09/25,34.1,34.3,34.0,34.1
2019/09/26,34.3,34.5,33.5,33.6
2019/09/27,33.6,33.9,32.8,32.8
2019/10/01,32.9,33.9,32.9,33.8
2019/10/02,33.5,34.0,33.4,33.7
2019/10/03,33.3,34.4,33.1,34.3
2019/10/04,34.3,35.0,34.0,34.6
2019/10/07,34.6,34.7,34.1,34.1
2019/10/08,34.3,34.4,33.7,33.8
2019/10/09,33.4,33.5,33.0,33.1
2019/10/14,33.7,33.9,33.3,33.5
2019/10/15,33.8,34.7,33.6,34.3
2019/10/16,34.3,34.8,34.0,34.7
2019/10/17,34.9,35.5,34.6,35.0
2019/10/18,34.7,34.7,34.3,34.4
2019/10/21,34.5,34.6,34.1,34.2
2019/10/22,34.7,34.8,34.3,34.4
2019/10/23,34.6,36.5,34.6,36.2
2019/10/24,37.3,37.9,36.6,37.6
2019/10/25,37.9,38.2,37.0,37.2
2019/10/28,37.7,39.0,37.4,38.5
2019/10/29,39.0,39.3,37.5,37.8
2019/10/30,37.7,38.2,37.1,38.2
2019/10/31,38.2,38.2,37.1,37.2
2019/11/01,37.1,38.0,37.1,37.6
2019/11/04,38.0,38.2,37.5,37.6
2019/11/05,38.0,38.3,37.0,37.5
2019/11/06,39.0,39.7,37.0,37.0
2019/11/07,36.7,36.7,35.6,36.1
2019/11/08,36.7,36.9,36.3,36.6
2019/11/11,36.8,36.8,35.7,35.8
2019/11/12,36.0,36.5,36.0,36.3
2019/11/13,36.4,36.6,36.1,36.1
2019/11/14,36.2,36.3,35.3,36.0
2019/11/15,36.4,36.5,36.2,36.2
2019/11/18,36.5,37.0,36.3,36.5
2019/11/19,36.6,37.3,36.2,37.1
2019/11/20,36.8,36.8,36.2,36.2
2019/11/21,35.8,36.0,35.5,36.0
2019/11/22,35.8,36.3,35.5,35.5
2019/11/25,35.9,35.9,35.5,35.5
2019/11/26,35.7,35.8,35.5,35.5
2019/11/27,35.5,35.8,35.5,35.8
2019/11/28,35.8,35.9,35.5,35.6
2019/11/29,35.6,35.7,34.9,34.9
2019/12/02,35.0,35.0,33.7,34.3
2019/12/03,34.0,34.9,34.0,34.8
2019/12/04,34.8,34.9,34.5,34.8
2019/12/05,34.9,36.7,34.9,36.7
2019/12/06,36.8,37.1,36.2,36.9
2019/12/09,37.0,37.2,36.5,36.5
2019/12/10,36.5,37.0,36.5,36.6
2019/12/11,36.6,36.9,36.3,36.3
2019/12/12,36.4,37.9,36.4,37.6
2019/12/13,37.8,38.2,36.5,37.5
2019/12/16,37.2,37.7,37.0,37.2
2019/12/17,37.1,37.7,37.1,37.5
2019/12/18,37.5,37.5,36.8,36.8
2019/12/19,36.8,37.0,36.5,36.5
2019/12/20,36.7,36.9,36.5,36.5
2019/12/23,36.7,36.8,36.3,36.5
2019/12/24,36.5,36.7,36.2,36.2
2019/12/25,36.2,36.8,36.2,36.7
2019/12/26,36.8,37.8,36.7,37.4
2019/12/27,37.3,37.3,36.9,37.2
2019/12/30,37.0,37.6,36.7,37.2
2019/12/31,37.2,37.2,36.8,37.1
2020/01/02,37.1,37.2,37.0,37.2
2020/01/03,37.3,37.4,36.5,36.8
2020/01/06,36.6,36.6,35.8,35.9
2020/01/07,36.0,36.3,35.5,36.2
2020/01/08,36.0,36.8,35.5,36.3
2020/01/09,36.7,37.4,36.7,37.0
2020/01/10,37.3,37.3,36.8,37.0
2020/01/13,37.2,37.3,36.9,37.2
2020/01/14,37.3,37.8,37.3,37.5
2020/01/15,37.6,38.0,37.5,37.5
2020/01/16,37.6,38.3,37.6,37.7
2020/01/17,38.0,38.2,37.5,37.5
2020/01/20,37.7,37.7,37.3,37.5
2020/01/30,35.5,35.5,34.0,34.0
2020/01/31,34.6,35.0,33.8,34.4
2020/02/03,32.2,33.1,32.0,32.8
2020/02/04,33.1,33.8,32.9,33.7
2020/02/05,33.8,34.3,33.5,34.0
2020/02/06,34.5,35.2,34.5,35.2
2020/02/07,35.0,35.3,34.7,34.8
2020/02/10,34.5,35.0,34.0,34.8
2020/02/11,35.2,35.3,35.0,35.3
2020/02/12,35.5,36.2,35.5,36.2
2020/02/13,36.2,36.4,35.8,35.8
2020/02/14,35.8,36.5,35.8,36.3
2020/02/17,36.0,36.2,35.9,36.0
2020/02/18,36.0,36.3,35.8,35.8
2020/02/19,35.9,36.0,35.6,35.8
2020/02/20,35.9,36.1,35.7,35.8
2020/02/21,35.8,35.8,35.3,35.3
2020/02/24,35.0,35.0,34.8,34.9
2020/02/25,34.5,35.2,34.2,35.2
2020/02/26,34.8,35.3,34.8,34.8
2020/02/27,34.8,35.1,34.0,34.1
2020/03/02,33.0,35.0,32.8,34.5
2020/03/03,35.2,35.3,34.9,35.0
2020/03/04,35.0,35.5,34.8,35.5
2020/03/05,36.0,37.0,36.0,36.9
2020/03/06,36.4,36.7,36.2,36.4
2020/03/09,36.0,36.1,34.8,34.8
2020/03/10,34.7,35.8,34.5,35.8
2020/03/11,35.8,36.2,35.2,35.5
2020/03/12,35.1,35.1,33.0,33.5
2020/03/13,31.8,33.5,31.0,33.2
2020/03/16,33.2,33.6,31.6,31.8
2020/03/17,31.0,32.3,30.7,31.0
2020/03/18,31.4,31.8,30.2,30.2
2020/03/19,29.5,29.8,27.2,27.4
2020/03/20,28.6,30.1,28.6,30.0
2020/03/23,29.0,29.5,28.3,28.9
2020/03/24,29.7,30.4,29.6,30.2
2020/03/25,31.7,31.8,31.0,31.2
2020/03/26,31.2,31.4,30.4,31.0
2020/03/27,31.8,31.8,30.6,30.6
2020/03/30,30.2,30.9,30.0,30.7
2020/03/31,31.1,31.5,30.7,31.0
2020/04/01,31.0,31.2,30.6,31.2
2020/04/06,32.0,32.0,31.3,31.8
2020/04/07,32.7,33.3,32.3,33.2
2020/04/08,33.3,34.2,33.0,33.8
2020/04/09,34.0,34.2,33.4,33.7
2020/04/10,34.0,34.0,33.5,33.7
2020/04/13,33.8,34.0,33.4,33.5
2020/04/14,33.5,34.4,33.5,34.3
2020/04/15,34.6,34.7,34.2,34.3
2020/04/16,34.0,35.2,33.9,34.9
2020/04/17,35.6,35.7,34.5,34.7
2020/04/20,34.7,34.9,34.3,34.7
2020/04/21,34.6,34.8,33.8,33.8
2020/04/22,33.5,34.5,33.3,34.4
2020/04/23,34.8,35.0,34.4,34.8
2020/04/24,34.7,35.3,34.7,35.2
2020/04/27,35.5,35.8,35.4,35.7
2020/04/28,36.1,36.2,35.5,35.8
2020/04/29,36.0,36.3,35.8,36.1
2020/04/30,36.5,36.7,36.2,36.6
2020/05/04,36.0,37.2,35.7,36.8
2020/05/05,37.5,37.8,36.5,37.0
2020/05/06,37.5,37.9,37.1,37.7
2020/05/07,38.5,38.7,38.1,38.2
2020/05/08,39.0,39.0,37.9,38.0
2020/05/11,38.3,38.5,38.0,38.2
2020/05/12,38.2,38.2,37.5,37.8
2020/05/13,37.8,38.3,37.5,38.2
2020/05/14,37.9,38.1,37.3,37.4
2020/05/15,37.9,38.0,36.8,37.2
2020/05/18,37.2,37.8,36.5,36.6
2020/05/19,37.1,37.2,36.6,36.8
2020/05/20,37.0,37.9,36.8,37.8
2020/05/21,38.2,38.8,38.0,38.4
2020/05/22,38.6,38.8,37.7,37.9
2020/05/25,37.8,37.8,36.5,37.5
2020/05/26,37.8,38.2,37.4,37.9
2020/05/27,38.0,38.3,37.7,37.7
2020/05/28,38.0,38.2,37.3,37.3
2020/05/29,37.5,37.9,37.2,37.4
2020/06/01,37.9,38.8,37.7,38.8
2020/06/02,39.8,40.5,38.8,39.0
2020/06/03,38.9,38.9,38.1,38.3
2020/06/04,38.5,38.6,38.0,38.1
2020/06/05,38.2,38.6,38.2,38.3
2020/06/08,38.5,38.8,38.2,38.3
2020/06/09,38.5,38.6,38.3,38.3
2020/06/10,38.2,38.2,37.9,38.1
2020/06/11,38.1,38.1,36.8,36.8
2020/06/12,35.8,37.2,35.8,37.0
2020/06/15,37.2,37.2,36.5,36.8
2020/06/16,37.3,37.7,37.2,37.7
2020/06/17,37.8,37.8,37.5,37.5
2020/06/18,37.6,38.3,37.5,38.0
2020/06/19,38.3,38.7,38.0,38.2
2020/06/22,38.5,39.2,38.3,39.0
2020/06/23,40.0,40.2,39.0,39.8
2020/06/24,40.2,40.2,39.5,40.0
2020/06/29,40.0,41.5,39.8,40.8
2020/06/30,41.3,41.7,40.3,40.6
2020/07/01,40.7,41.4,40.2,41.0
2020/07/02,41.3,41.8,41.0,41.7
2020/07/03,42.0,43.0,41.3,42.7
2020/07/06,43.8,44.4,43.2,44.0
2020/07/07,44.3,44.3,42.8,44.0
2020/07/08,44.2,44.8,44.0,44.4
2020/07/09,44.5,44.7,43.8,44.0
2020/07/10,44.1,44.1,42.7,42.7
2020/07/13,43.4,45.0,43.2,44.9
2020/07/14,44.9,46.2,44.2,45.3
2020/07/15,45.3,46.0,44.5,44.6
2020/07/16,45.0,45.5,44.5,45.0
2020/07/17,45.2,45.8,44.5,44.7
2020/07/20,44.7,45.5,44.7,44.9
2020/07/21,45.3,45.8,45.2,45.2
2020/07/22,45.5,46.4,45.5,45.9
2020/07/23,46.2,48.0,45.9,47.7
2020/07/24,48.0,48.5,46.0,46.4
2020/07/27,44.5,45.3,42.7,42.9
2020/07/28,43.7,46.2,42.5,42.5
2020/07/29,42.2,42.8,41.8,42.2
2020/07/30,42.7,42.7,42.2,42.6
2020/07/31,42.6,43.8,42.3,43.7
2020/08/03,43.5,43.5,42.8,42.8
2020/08/04,43.0,43.2,42.6,42.9
2020/08/05,43.3,45.0,43.3,45.0
2020/08/06,44.8,45.2,44.1,44.2
2020/08/07,44.6,44.8,43.8,44.4
2020/08/10,44.7,44.8,43.8,43.8
2020/08/11,44.0,44.1,42.9,43.0
2020/08/12,43.0,43.0,42.0,42.5
2020/08/13,43.0,43.5,42.6,42.8
2020/08/14,42.7,43.2,42.3,43.2
2020/08/17,43.5,44.6,43.1,44.4
2020/08/18,44.3,44.3,42.5,42.6
2020/08/19,42.3,42.5,41.0,41.2
2020/08/20,41.0,41.0,38.0,38.8
2020/08/21,39.3,39.8,38.0,38.8
2020/08/24,38.7,38.7,38.0,38.3
2020/08/25,38.5,39.0,38.5,38.8
2020/08/26,38.8,39.3,38.4,39.3
2020/08/27,39.3,39.3,38.5,38.5
2020/08/28,38.5,39.0,38.2,38.5
2020/08/31,38.7,38.8,38.2,38.2
2020/09/01,38.2,38.3,37.8,38.2
2020/09/02,38.4,39.1,38.4,39.0
2020/09/03,39.2,39.3,38.7,38.8
2020/09/04,38.5,40.0,38.5,39.8
2020/09/07,39.8,39.8,39.1,39.2
2020/09/08,39.3,39.5,38.9,38.9
2020/09/09,38.6,39.8,38.3,39.6
2020/09/10,39.9,40.0,39.2,39.2
2020/09/11,39.2,39.5,38.8,38.8
2020/09/14,39.0,39.4,39.0,39.3
2020/09/15,39.5,40.4,39.4,40.0
2020/09/16,40.2,40.6,40.0,40.1
2020/09/17,40.0,40.2,39.8,40.0
2020/09/18,40.2,40.3,39.7,39.8
2020/09/21,40.0,40.0,39.1,39.2
2020/09/22,39.2,39.2,38.5,38.7
2020/09/23,38.9,39.0,38.3,38.4
2020/09/24,38.1,38.3,37.7,37.8
2020/09/25,37.8,38.0,36.5,37.0
2020/09/28,37.3,37.8,36.5,37.6
2020/09/29,37.9,38.0,37.2,37.2
2020/09/30,37.0,37.9,36.7,37.8
2020/10/05,37.7,38.3,37.7,38.0
2020/10/06,38.8,39.2,38.2,38.5
2020/10/07,38.5,39.3,38.4,39.3
2020/10/08,39.6,39.7,39.1,39.3
2020/10/12,39.5,39.6,38.5,38.8
2020/10/13,38.8,39.0,38.5,38.9
2020/10/14,38.9,39.3,38.9,39.2
2020/10/15,39.2,39.3,38.7,38.8
2020/10/16,38.8,38.9,38.3,38.4
2020/10/19,38.5,38.8,38.5,38.7
2020/10/20,38.5,39.2,38.5,39.0
2020/10/21,39.0,39.2,38.7,38.8
2020/10/22,38.8,39.0,38.5,38.5
2020/10/23,38.8,39.2,38.7,39.0
2020/10/26,39.0,39.2,38.7,38.8
2020/10/27,38.5,38.8,38.3,38.7
2020/10/28,38.7,38.8,38.2,38.3
2020/10/29,37.9,38.3,37.5,38.3
2020/10/30,38.1,38.2,37.7,37.7
2020/11/02,38.0,38.0,37.2,37.3
2020/11/03,37.7,38.2,37.5,37.9
2020/11/04,38.0,38.2,37.8,38.1
2020/11/05,38.0,38.5,37.8,38.4
2020/11/06,38.8,39.5,38.8,39.2
2020/11/09,39.5,40.8,39.4,40.6
2020/11/10,40.5,40.8,39.7,40.3
2020/11/11,40.8,41.2,40.3,41.1
2020/11/12,41.1,41.2,40.5,40.6
2020/11/13,40.4,40.8,40.2,40.8
2020/11/16,41.0,41.5,40.8,41.3
2020/11/17,41.5,41.8,41.2,41.4
2020/11/18,41.4,42.5,41.2,42.5
2020/11/19,42.5,43.0,42.0,42.2
2020/11/20,42.0,42.4,41.6,42.4
2020/11/23,42.8,43.5,42.5,43.3
2020/11/24,44.3,45.2,43.8,44.3
2020/11/25,44.7,44.8,43.2,44.3
2020/11/26,44.0,44.5,43.8,44.5
2020/11/27,44.6,44.8,44.2,44.4
2020/11/30,44.8,45.2,44.5,45.2
2020/12/01,45.3,45.3,44.7,45.1
2020/12/02,45.2,45.6,45.0,45.2
2020/12/03,45.2,45.7,45.0,45.2
2020/12/04,45.5,45.7,45.0,45.5
2020/12/07,46.5,47.1,45.3,46.0
2020/12/08,45.9,46.1,45.5,45.9
2020/12/09,46.2,47.2,46.2,46.7
2020/12/10,46.6,46.6,45.5,45.7
2020/12/11,45.8,46.1,44.5,45.0
2020/12/14,45.2,45.7,44.7,45.5
2020/12/15,45.5,45.5,44.7,44.7
2020/12/16,45.0,45.8,44.9,45.8
2020/12/17,45.8,45.8,45.2,45.4
2020/12/18,45.2,45.5,44.7,44.8
2020/12/21,44.7,45.6,43.9,45.5
2020/12/22,45.2,45.9,44.7,44.7
2020/12/23,44.8,45.3,44.5,44.8
2020/12/24,45.0,46.0,44.9,45.9
2020/12/25,46.5,46.5,45.8,45.9
2020/12/28,46.0,46.2,45.7,45.7
2020/12/29,45.8,46.0,45.1,45.2
2020/12/30,45.3,45.8,45.2,45.7
2020/12/31,45.8,45.8,45.2,45.2
2021/01/04,45.5,46.5,45.3,46.1
2021/01/05,46.7,48.3,46.1,48.2
2021/01/06,48.7,48.8,46.0,46.7
2021/01/07,47.0,47.2,46.2,46.6
2021/01/08,47.0,47.2,46.0,47.0
2021/01/11,47.0,47.5,46.7,47.2
2021/01/12,47.2,48.2,46.3,46.5
2021/01/13,46.8,47.8,46.8,47.5
2021/01/14,47.5,48.8,47.2,48.5
2021/01/15,49.0,49.1,47.2,47.2
2021/01/18,47.2,47.2,45.2,46.8
2021/01/19,47.0,48.2,47.0,47.6
2021/01/20,48.0,49.6,47.8,48.2
2021/01/21,50.2,52.9,49.8,51.5
2021/01/22,51.7,53.3,51.1,52.5
2021/01/25,53.0,53.7,51.1,51.8
2021/01/26,53.8,54.7,51.8,52.5
2021/01/27,52.0,52.5,50.5,51.2
2021/01/28,49.2,50.5,49.0,50.0
2021/01/29,50.6,50.9,48.5,48.7
2021/02/01,48.7,48.8,47.2,48.2
2021/02/02,48.7,49.5,48.5,49.5
2021/02/03,49.5,49.7,48.8,49.2
2021/02/04,49.5,50.1,49.0,49.6
2021/02/05,50.2,50.8,49.8,50.3
2021/02/17,51.6,52.2,51.1,52.0
2021/02/18,51.5,52.1,51.2,51.8
2021/02/19,51.4,51.6,50.5,51.1
2021/02/22,51.2,52.0,50.8,51.9
2021/02/23,51.3,52.0,51.1,51.9
2021/02/24,51.5,52.8,51.2,51.3
2021/02/25,52.0,52.0,51.2,51.2
2021/02/26,50.2,51.2,50.1,50.6
2021/03/02,51.1,51.7,50.3,50.7
2021/03/03,50.7,51.0,50.2,50.8
2021/03/04,50.6,51.4,50.1,50.2
2021/03/05,49.7,50.8,49.5,50.3
2021/03/08,50.5,50.9,50.1,50.1
2021/03/09,50.0,50.6,49.3,50.5
2021/03/10,50.8,51.3,50.5,50.7
2021/03/11,51.4,52.1,51.4,51.8
2021/03/12,52.3,52.7,51.7,52.0
2021/03/15,52.4,52.5,51.9,52.3
2021/03/16,53.0,53.4,52.3,52.6
2021/03/17,52.6,52.9,51.6,52.1
2021/03/18,52.6,52.7,52.2,52.6
2021/03/19,52.3,53.2,52.0,53.1
2021/03/22,53.6,53.6,52.5,52.6
2021/03/23,52.6,53.2,52.0,52.5
2021/03/24,52.1,52.8,52.1,52.1
2021/03/25,52.0,52.5,51.7,51.9
2021/03/26,52.4,52.9,52.1,52.1
2021/03/29,52.5,52.6,52.1,52.2
2021/03/30,52.3,52.5,52.1,52.5
2021/03/31,52.6,52.7,52.1,52.3
2021/04/01,52.5,52.6,52.1,52.2
2021/04/06,52.5,53.1,52.2,53.1
2021/04/07,53.5,53.5,52.6,53.3
2021/04/08,53.3,53.5,52.9,53.2
2021/04/09,53.5,53.6,52.1,52.4
2021/04/12,52.4,52.6,51.5,51.6
2021/04/13,51.6,51.7,50.3,50.3
2021/04/14,50.3,50.4,48.8,49.9
2021/04/15,50.0,50.4,49.5,50.1
2021/04/16,50.1,50.2,49.8,50.1
2021/04/19,51.0,52.4,50.8,52.0
2021/04/20,51.8,52.4,51.2,52.1
2021/04/21,52.0,52.5,51.8,52.2
2021/04/22,52.3,52.5,50.6,50.8
2021/04/23,50.8,51.6,50.3,51.6
2021/04/26,52.0,52.9,51.7,52.9
2021/04/27,53.0,53.5,52.5,53.0
2021/04/28,53.3,56.2,53.2,55.8
2021/04/29,57.5,58.0,54.5,54.6
2021/05/03,54.1,54.2,52.4,52.4
2021/05/04,52.4,53.6,50.0,52.1
2021/05/05,52.3,52.6,51.1,51.2
2021/05/06,51.5,51.7,50.1,50.6
2021/05/07,50.8,52.0,50.8,51.9
2021/05/10,52.3,52.4,51.2,51.4
2021/05/11,50.6,50.9,49.5,49.7
2021/05/12,49.6,49.6,45.3,47.2
2021/05/13,46.6,48.3,45.2,47.8
2021/05/14,48.5,49.0,47.5,48.1
2021/05/17,45.1,47.0,43.7,45.0
2021/05/18,45.5,48.4,45.5,48.3
2021/05/19,48.2,48.6,47.2,48.5
2021/05/20,48.2,48.4,47.6,47.6
2021/05/21,48.2,48.6,47.8,47.8
2021/05/24,47.7,48.8,47.3,48.7
2021/05/25,49.0,50.0,48.9,49.5
2021/05/26,49.8,50.0,49.1,49.3
2021/05/27,49.3,49.4,48.8,49.0
2021/05/28,49.5,50.3,49.5,50.2
2021/05/31,50.4,50.8,50.0,50.3
2021/06/01,50.7,51.4,50.5,51.0
2021/06/02,51.3,51.5,50.3,50.5
2021/06/03,51.0,52.0,50.7,52.0
2021/06/04,52.0,52.9,50.9,52.5
2021/06/07,54.4,55.0,52.0,52.5
2021/06/08,53.4,53.5,52.2,52.7
2021/06/09,52.8,53.2,52.5,52.8
2021/06/10,53.1,53.5,52.7,52.8
2021/06/11,53.5,53.7,53.0,53.3
2021/06/15,53.9,54.8,53.6,54.5
2021/06/16,54.9,54.9,53.8,54.2
2021/06/17,54.0,54.7,53.7,54.6
2021/06/18,54.8,55.1,54.5,54.6
2021/06/21,54.2,54.6,53.5,53.8
2021/06/22,54.4,54.8,53.9,54.1
2021/06/23,54.4,55.2,54.2,54.9
2021/06/24,55.3,56.1,54.9,55.0
2021/06/25,55.3,55.6,54.7,55.0
2021/06/28,55.9,56.4,55.4,55.9
2021/06/29,56.4,56.7,55.4,56.0
2021/06/30,56.1,56.4,55.5,56.0
2021/07/01,57.0,57.8,56.3,57.1
2021/07/02,57.5,57.5,56.3,57.1
2021/07/05,57.9,59.9,57.5,59.9
2021/07/06,59.8,59.8,58.0,58.3
2021/07/07,57.8,57.8,56.5,56.9
2021/07/08,57.3,57.7,56.6,57.0
2021/07/09,56.4,57.4,56.1,56.5
2021/07/12,57.1,57.4,56.5,56.8
2021/07/13,57.2,58.8,57.1,57.4
2021/07/14,57.4,58.1,56.2,57.2
2021/07/15,57.6,58.3,57.2,58.1
2021/07/16,58.3,61.9,57.8,60.5
2021/07/19,60.4,60.5,58.8,59.2
2021/07/20,58.4,60.3,58.1,59.6
2021/07/21,61.5,62.5,59.1,60.1
2021/07/22,60.5,61.5,60.2,60.9
2021/07/23,62.0,62.3,60.2,60.5
2021/07/26,61.0,63.9,60.7,63.1
2021/07/27,63.6,63.9,61.3,62.2
2021/07/28,61.4,61.9,58.0,61.4
2021/07/29,62.3,64.4,61.8,64.3
2021/07/30,64.2,65.4,63.4,64.1
2021/08/02,65.2,66.6,64.2,65.5
2021/08/03,65.8,66.5,64.9,66.0
2021/08/04,68.5,70.2,67.6,68.1
2021/08/05,68.3,71.8,67.2,71.0
2021/08/06,70.4,71.8,70.2,71.6
2021/08/09,72.0,72.7,68.9,69.9
2021/08/10,70.2,70.7,67.2,70.4
2021/08/11,70.8,70.9,67.3,67.5
2021/08/12,67.6,69.1,66.8,68.6
2021/08/13,68.0,68.6,65.5,65.5
2021/08/16,62.0,62.6,58.9,60.7
2021/08/17,61.4,61.6,59.2,59.2
2021/08/18,58.5,62.1,58.4,62.1
2021/08/19,61.5,61.5,59.1,59.1
2021/08/20,59.5,60.8,58.5,60.2
2021/08/23,61.1,62.4,60.6,61.6
2021/08/24,61.9,62.2,60.8,62.2
2021/08/25,62.0,63.2,61.5,62.5
2021/08/26,62.5,62.7,61.8,62.4
2021/08/27,62.4,64.9,62.1,63.1
2021/08/30,63.5,64.3,63.3,64.2
2021/08/31,64.0,65.1,63.6,65.0
2021/09/01,64.8,65.7,64.4,65.6
2021/09/02,65.4,66.3,64.5,64.6
2021/09/03,65.4,67.2,64.9,67.2
2021/09/06,67.2,68.1,65.7,66.2
2021/09/07,66.0,66.8,64.5,66.1
2021/09/08,65.6,65.7,62.8,62.8
2021/09/09,62.4,64.8,62.2,64.6
2021/09/10,64.5,65.4,64.2,65.3
2021/09/13,65.1,65.5,64.0,64.1
2021/09/14,64.1,64.7,63.6,64.1
2021/09/15,64.0,64.5,62.7,62.8
2021/09/16,63.5,64.2,63.3,63.5
2021/09/17,63.4,63.6,62.7,63.1
2021/09/22,61.7,62.2,61.1,61.2
2021/09/23,62.0,62.2,61.4,61.8
2021/09/24,62.2,62.6,61.9,62.4
2021/09/27,62.5,62.5,61.4,62.2
2021/09/28,61.9,61.9,61.2,61.3
2021/09/29,59.8,60.0,58.3,58.4
2021/09/30,58.5,59.4,58.4,59.4
2021/10/01,59.0,59.0,57.2,57.2
2021/10/04,57.6,58.1,55.1,55.4
2021/10/05,54.8,57.2,54.1,57.2
2021/10/06,57.5,57.7,55.4,55.5
2021/10/07,56.4,57.2,56.3,56.7
2021/10/08,57.0,57.1,56.0,56.4
2021/10/12,56.0,56.1,55.1,55.6
2021/10/13,55.5,55.9,54.2,54.3
2021/10/14,54.8,55.0,53.5,54.5
2021/10/15,55.2,56.7,55.2,56.4
2021/10/18,56.4,56.6,55.2,55.5
2021/10/19,56.0,57.4,55.9,57.2
2021/10/20,57.2,57.4,56.6,57.3
2021/10/21,56.8,57.6,56.3,56.6
2021/10/22,56.7,57.4,56.6,57.1
2021/10/25,57.1,57.6,56.7,57.3
2021/10/26,57.8,58.6,57.4,58.1
2021/10/27,57.7,58.6,57.4,58.6
2021/10/28,58.5,59.4,58.2,59.2
2021/10/29,59.4,59.5,58.5,58.6
2021/11/01,58.6,59.6,58.5,59.6
2021/11/02,59.6,59.6,57.8,58.1
2021/11/03,58.1,59.1,57.9,58.9
2021/11/04,59.7,60.9,59.2,60.4
2021/11/05,60.4,60.7,60.0,60.2
2021/11/08,60.2,61.2,60.1,60.2
2021/11/09,60.1,60.5,59.3,60.2
2021/11/10,60.0,60.2,59.5,59.8
2021/11/11,59.3,60.2,59.2,59.7
2021/11/12,60.0,60.3,59.5,59.7
2021/11/15,59.8,61.5,59.8,61.4
2021/11/16,61.5,61.7,60.5,61.0
2021/11/17,61.3,63.1,60.8,62.7
2021/11/18,63.8,64.5,62.5,62.8
2021/11/19,62.9,63.3,61.6,61.9
2021/11/22,62.0,62.5,61.4,62.2
2021/11/23,61.7,61.8,60.5,60.6
2021/11/24,60.6,61.6,60.5,61.1
2021/11/25,61.2,61.6,60.7,60.7
2021/11/26,60.7,60.8,58.9,59.0
2021/11/29,57.7,58.9,57.2,58.6
2021/11/30,59.2,60.0,59.2,59.3
2021/12/01,59.0,60.3,58.9,60.1
2021/12/02,60.4,60.7,59.8,59.9
2021/12/03,60.3,60.3,59.4,60.0
2021/12/06,60.0,60.7,60.0,60.2
2021/12/07,60.5,61.4,60.2,60.2
2021/12/08,60.5,60.7,60.0,60.1
2021/12/09,59.6,59.7,58.2,58.7
2021/12/10,58.3,58.8,58.1,58.1
2021/12/13,58.2,58.4,57.5,57.5
2021/12/14,57.5,58.2,57.3,57.3
2021/12/15,57.4,58.0,56.8,57.0
2021/12/16,57.6,58.1,57.3,57.6
2021/12/17,57.8,58.5,57.6,57.6
2021/12/20,57.7,58.0,57.1,57.2
2021/12/21,57.6,58.0,57.1,57.9
2021/12/22,58.0,58.2,57.9,58.2
2021/12/23,58.5,58.9,58.3,58.8
2021/12/24,58.8,59.2,58.6,58.9
2021/12/27,59.3,59.3,58.8,58.9
2021/12/28,59.3,59.3,58.7,58.8
2021/12/29,58.9,59.5,58.8,59.0
2021/12/30,59.3,59.4,58.8,58.8
2022/01/03,59.0,59.5,58.6,58.8
2022/01/04,59.0,59.0,58.3,58.3
2022/01/05,59.4,60.6,59.2,59.6
2022/01/06,59.8,59.9,59.1,59.3
2022/01/07,59.3,59.5,58.0,58.1
2022/01/10,57.8,58.7,57.5,58.5
2022/01/11,58.2,58.4,57.5,57.5
2022/01/12,57.7,58.1,57.3,57.8
2022/01/13,58.1,59.4,58.1,59.0
2022/01/14,58.8,59.0,57.8,58.0
2022/01/17,58.0,59.2,57.8,58.9
2022/01/18,59.4,60.4,59.4,59.7
2022/01/19,59.2,60.3,59.1,59.5
2022/01/20,59.5,59.6,59.0,59.5
2022/01/21,59.0,59.2,58.1,58.3
2022/01/24,57.8,57.8,57.0,57.8
2022/01/25,57.5,57.7,57.0,57.1
2022/01/26,56.9,57.3,56.4,56.5
2022/02/07,57.1,57.7,56.2,57.2
2022/02/08,57.2,57.8,57.1,57.5
2022/02/09,58.0,59.0,57.8,59.0
2022/02/10,59.5,59.9,58.8,59.3
2022/02/11,59.0,59.4,58.7,58.9
2022/02/14,57.8,58.1,57.5,57.8
2022/02/15,57.8,58.4,57.8,57.9
2022/02/16,58.7,59.2,58.5,58.6
2022/02/17,59.0,59.3,58.7,58.8
2022/02/18,58.4,58.8,58.3,58.7
2022/02/21,58.5,59.0,58.1,58.9
2022/02/22,58.6,58.8,57.6,57.9
2022/02/23,58.1,58.4,57.9,57.9
2022/02/24,57.5,57.5,56.1,56.2
2022/02/25,56.7,57.2,56.3,56.9
2022/03/01,57.3,58.1,57.2,57.8
2022/03/02,57.7,58.0,57.2,57.8
2022/03/03,58.2,58.5,58.0,58.3
2022/03/04,57.9,58.3,57.7,58.0
2022/03/07,57.5,57.5,55.8,56.1
2022/03/08,55.2,56.1,54.6,54.9
2022/03/09,56.2,57.7,56.2,57.2
2022/03/10,58.0,58.2,57.6,57.9
2022/03/11,57.5,58.0,57.5,57.7
2022/03/14,57.9,58.4,57.9,58.2
2022/03/15,57.1,57.9,57.1,57.2
2022/03/16,57.7,58.4,57.4,58.3
2022/03/17,58.9,59.1,58.4,58.8
2022/03/18,58.8,59.0,58.6,58.6
2022/03/21,59.0,59.3,58.8,59.1
2022/03/22,59.2,59.2,58.8,59.2
2022/03/23,59.4,59.5,59.1,59.2
2022/03/24,58.9,59.4,58.8,59.4
2022/03/25,59.5,59.7,59.2,59.4
2022/03/28,59.4,60.9,58.8,60.7
2022/03/29,61.3,61.4,59.9,60.1
2022/03/30,60.7,60.8,59.5,59.9
2022/03/31,59.7,60.0,59.3,59.6
2022/04/01,59.3,59.7,59.1,59.6
2022/04/06,59.0,59.2,58.6,58.7
2022/04/07,59.5,60.7,59.4,59.4
2022/04/08,60.0,60.8,59.8,60.1
2022/04/11,60.1,60.5,58.3,58.5
2022/04/12,58.1,58.7,57.5,57.5
2022/04/13,58.0,58.3,57.5,58.3
2022/04/14,58.7,58.7,58.0,58.2
2022/04/15,58.0,58.1,57.2,57.2
2022/04/18,57.0,57.4,56.5,57.1
2022/04/19,57.4,57.5,57.1,57.2
2022/04/20,57.7,57.8,57.2,57.2
2022/04/21,57.6,58.0,57.3,57.5
2022/04/22,57.6,57.8,57.2,57.4
2022/04/25,56.7,56.8,56.0,56.0
2022/04/26,56.2,56.4,55.5,55.7
2022/04/27,55.2,56.3,54.6,56.1
2022/04/28,56.3,56.9,56.1,56.3
2022/04/29,57.0,57.5,56.5,56.5
2022/05/03,56.8,59.2,56.8,59.2
2022/05/04,59.1,59.7,58.6,59.2
2022/05/05,59.7,60.1,59.4,59.7
2022/05/06,58.2,60.0,58.0,59.8
2022/05/09,59.8,59.8,58.6,58.6
2022/05/10,58.1,58.9,57.5,58.7
2022/05/11,59.1,59.9,58.6,58.7
2022/05/12,58.5,59.0,57.7,57.8
2022/05/13,58.6,58.7,58.1,58.4
2022/05/16,59.1,59.2,58.4,58.6
2022/05/17,59.0,59.5,58.6,59.3
2022/05/18,59.8,60.2,59.3,59.7
2022/05/19,58.8,59.8,58.5,59.6
2022/05/20,59.9,60.0,59.6,59.9
2022/05/23,60.0,60.6,59.6,59.8
2022/05/24,59.9,59.9,58.7,58.7
2022/05/25,59.0,59.2,58.5,59.0
2022/05/26,59.3,59.3,58.3,58.4
2022/05/27,58.8,58.9,58.5,58.7
2022/05/30,59.2,59.4,58.9,59.4
2022/05/31,59.4,59.9,59.2,59.5
2022/06/01,59.5,60.4,59.4,60.3
2022/06/02,60.0,60.6,59.9,60.2
2022/06/06,60.6,60.6,59.6,60.4
2022/06/07,61.5,61.6,60.8,60.8
2022/06/08,61.4,63.2,61.2,62.3
2022/06/09,62.7,62.8,61.8,62.3
2022/06/10,61.7,62.6,61.7,62.2
2022/06/13,61.7,61.8,61.3,61.7
2022/06/14,61.2,62.3,60.4,62.2
2022/06/15,62.2,62.5,61.5,61.8
2022/06/16,62.2,62.4,60.7,60.8
2022/06/17,60.2,60.2,58.8,59.0
2022/06/20,59.4,59.4,57.2,57.2
2022/06/21,58.0,58.2,57.4,57.9
2022/06/22,58.2,58.2,56.1,56.2
2022/06/23,56.8,56.8,55.0,55.7
2022/06/24,55.8,56.8,54.7,55.0
2022/06/27,55.6,56.6,55.3,56.1
2022/06/28,56.0,56.1,54.7,54.9
2022/06/29,54.3,54.8,53.6,53.9
2022/06/30,53.3,53.4,51.2,51.9
2022/07/01,51.9,52.2,50.7,50.9
2022/07/04,50.9,51.4,49.7,50.4
2022/07/05,51.5,52.5,50.3,52.5
2022/07/06,52.1,52.1,50.2,50.5
2022/07/07,50.8,50.9,49.5,50.6
2022/07/08,51.1,51.5,50.6,51.1
2022/07/11,51.7,52.1,51.1,51.5
2022/07/12,50.8,50.9,50.2,50.3
2022/07/13,50.8,51.3,50.4,50.6
2022/07/14,46.7,47.3,46.6,47.3
2022/07/15,47.6,48.8,47.2,48.7
2022/07/18,48.7,49.4,48.5,49.3
2022/07/19,49.0,49.5,48.6,49.3
2022/07/20,50.2,51.1,49.9,50.0
2022/07/21,50.2,51.0,50.1,50.9
2022/07/22,51.6,51.6,50.9,51.0
2022/07/25,50.5,50.9,50.3,50.6
2022/07/26,50.5,50.6,49.9,49.9
2022/07/27,49.8,50.2,48.7,50.2
2022/07/28,50.5,50.5,49.3,49.7
2022/07/29,49.9,50.2,49.8,49.9
2022/08/01,50.0,50.2,49.7,49.8
2022/08/02,50.4,50.7,49.9,50.0
2022/08/03,50.0,50.0,49.0,49.1
2022/08/04,49.1,49.2,48.2,48.8
2022/08/05,49.2,49.6,49.2,49.3
2022/08/08,49.3,50.4,49.2,50.0
2022/08/09,50.0,50.2,49.4,49.9
2022/08/10,49.7,49.9,49.5,49.6
2022/08/11,50.2,50.8,50.1,50.3
2022/08/12,50.2,51.3,50.2,51.2
2022/08/15,51.8,51.8,51.2,51.5
2022/08/16,51.5,51.6,51.0,51.2
2022/08/17,51.4,51.7,51.2,51.5
2022/08/18,51.4,51.6,51.2,51.5
2022/08/19,51.7,52.0,51.4,51.7
2022/08/22,51.3,51.5,51.1,51.2
2022/08/23,50.8,51.0,50.4,50.5
2022/08/24,50.5,50.9,50.4,50.4
2022/08/25,50.8,51.0,50.6,50.7
2022/08/26,51.0,52.1,51.0,51.9
2022/08/29,50.7,51.2,50.6,50.9
2022/08/30,51.0,51.3,50.8,50.9
2022/08/31,51.2,51.4,50.9,51.1
2022/09/01,51.0,51.0,50.1,50.3
2022/09/02,50.9,50.9,50.5,50.5
2022/09/05,50.5,50.7,49.8,49.8
2022/09/06,49.8,49.8,48.8,49.0
2022/09/07,48.8,48.8,47.6,47.6
2022/09/08,48.0,48.3,47.6,48.0
2022/09/12,48.5,48.7,48.0,48.0
2022/09/13,48.4,48.6,48.2,48.3
2022/09/14,47.5,47.8,47.0,47.7
2022/09/15,47.8,48.2,47.7,48.0
2022/09/16,48.0,48.0,47.2,47.2
2022/09/19,47.5,47.5,46.9,47.0
2022/09/20,47.3,47.3,46.7,46.8
2022/09/21,46.8,47.0,46.6,46.6
2022/09/22,46.5,46.5,45.7,46.2
2022/09/23,46.0,46.2,45.7,45.7
2022/09/26,45.2,45.2,43.5,43.8
2022/09/27,43.8,44.0,42.8,43.6
2022/09/28,43.6,43.8,42.0,42.0
2022/09/29,42.2,42.8,42.2,42.3
2022/09/30,41.6,42.9,41.1,42.5
2022/10/03,42.5,43.4,42.2,43.2
2022/10/04,44.0,44.2,43.5,44.0
2022/10/05,45.0,45.6,44.6,45.0
2022/10/06,45.3,45.3,44.5,44.7
2022/10/07,44.6,45.5,44.5,45.2
2022/10/11,44.3,44.3,43.3,43.4
2022/10/12,43.4,44.0,42.9,44.0
2022/10/13,43.8,43.8,41.8,42.0
2022/10/14,43.0,43.8,43.0,43.7
2022/10/17,43.2,44.9,42.7,44.8
2022/10/18,45.2,46.5,44.9,46.5
2022/10/19,46.3,46.8,45.8,46.1
2022/10/20,45.7,47.3,45.0,47.3
2022/10/21,46.8,47.2,46.3,46.5
2022/10/24,47.4,47.4,46.6,46.6
2022/10/25,46.8,46.9,45.7,46.0
2022/10/26,46.2,46.3,45.7,45.8
2022/10/27,46.0,46.7,46.0,46.7
2022/10/28,46.8,47.0,46.3,46.3
2022/10/31,46.8,47.1,46.3,46.5
2022/11/01,46.6,47.0,46.5,47.0
2022/11/02,47.6,48.2,47.6,48.0
2022/11/03,47.5,48.5,47.3,48.3
2022/11/04,48.6,48.6,48.1,48.4
2022/11/07,48.9,48.9,48.5,48.8
2022/11/08,48.5,49.0,48.2,48.2
2022/11/09,48.8,49.1,48.7,49.0
2022/11/10,48.9,49.2,48.7,49.2
2022/11/11,50.2,50.5,49.2,49.2
2022/11/14,49.4,49.8,49.4,49.8
2022/11/15,49.9,50.2,49.6,50.2
2022/11/16,50.0,50.6,49.8,50.1
2022/11/17,49.8,50.3,49.7,50.1
2022/11/18,50.2,50.6,49.9,50.1
2022/11/21,50.4,50.4,49.6,49.6
2022/11/22,49.7,49.7,49.0,49.3
2022/11/23,49.6,49.8,49.5,49.8
2022/11/24,50.1,50.3,49.7,50.1
2022/11/25,50.1,50.3,49.9,50.0
2022/11/28,50.0,50.0,49.5,49.9
2022/11/29,49.6,50.0,49.5,50.0
2022/11/30,50.0,50.6,50.0,50.2
2022/12/01,50.6,51.0,50.4,50.7
2022/12/02,50.8,50.8,50.3,50.5
2022/12/05,50.5,51.0,50.0,50.9
2022/12/06,50.7,50.8,50.0,50.0
2022/12/07,50.0,50.0,49.0,49.3
2022/12/08,49.3,49.4,49.0,49.3
2022/12/09,49.6,49.8,49.3,49.5
2022/12/12,49.7,49.7,49.0,49.4
2022/12/13,49.8,50.5,49.5,50.1
2022/12/14,50.5,50.6,50.1,50.3
2022/12/15,50.2,50.5,50.0,50.4
2022/12/16,49.8,49.8,49.6,49.6
2022/12/19,49.5,49.8,49.3,49.5
2022/12/20,49.5,49.7,48.2,48.2
2022/12/21,48.5,48.5,48.2,48.2
2022/12/22,48.7,48.8,48.5,48.7
2022/12/23,48.5,49.0,47.8,48.8
2022/12/26,49.0,49.2,48.8,49.0
2022/12/27,49.0,49.2,48.8,49.0
2022/12/28,48.8,48.8,48.1,48.2
2022/12/29,48.0,48.2,47.5,48.0
2022/12/30,48.5,48.5,48.3,48.5
2023/01/03,48.8,49.0,48.5,48.8
2023/01/04,48.7,49.0,48.5,48.6
2023/01/05,48.5,48.8,48.2,48.3
2023/01/06,48.5,49.1,48.3,49.0
2023/01/09,49.3,49.8,49.2,49.6
2023/01/10,49.8,49.8,49.4,49.5
2023/01/11,49.7,49.7,49.4,49.5
2023/01/12,49.8,50.0,49.5,49.7
2023/01/13,49.8,49.8,49.2,49.2
2023/01/16,49.2,49.5,49.0,49.5
2023/01/17,49.5,49.5,49.3,49.5
2023/01/30,49.8,50.2,49.8,50.1
2023/01/31,50.1,50.9,49.8,50.9
2023/02/01,51.2,51.6,51.0,51.4
2023/02/02,51.8,52.4,51.6,52.2
2023/02/03,52.5,52.6,52.1,52.3
2023/02/06,52.3,52.3,51.6,51.8
2023/02/07,51.6,52.0,51.5,52.0
2023/02/08,52.2,52.4,52.0,52.1
2023/02/09,52.0,52.2,51.9,52.1
2023/02/10,52.3,52.3,51.8,52.1
2023/02/13,52.1,52.1,51.6,51.9
2023/02/14,52.0,52.1,51.7,51.8
2023/02/15,51.4,51.9,51.2,51.2
2023/02/16,51.3,51.7,51.3,51.6
2023/02/17,51.6,51.8,51.3,51.6
2023/02/20,51.6,52.1,51.5,52.1
2023/02/21,52.3,52.7,52.0,52.7
2023/02/22,52.5,52.7,52.1,52.7
2023/02/23,52.9,53.3,52.9,53.2
2023/02/24,53.6,53.7,52.9,53.4
2023/03/01,53.3,54.1,53.0,54.1
2023/03/02,54.2,54.4,53.8,54.1
2023/03/03,54.6,55.2,54.4,54.9
2023/03/06,55.3,55.8,55.3,55.7
2023/03/07,55.9,56.9,55.6,56.9
2023/03/08,56.2,56.5,55.5,56.1
2023/03/09,56.2,56.3,55.2,55.6
2023/03/10,55.2,55.9,55.1,55.7
2023/03/13,55.4,55.7,54.7,55.6
2023/03/14,55.2,55.5,55.0,55.4
2023/03/15,55.6,56.1,55.5,55.9
2023/03/16,55.5,55.9,55.0,55.0
2023/03/17,55.7,55.8,55.4,55.8
2023/03/20,55.8,56.2,55.7,56.0
2023/03/21,56.3,56.3,55.5,55.6
2023/03/22,55.9,55.9,55.4,55.7
2023/03/23,55.7,55.9,55.5,55.7
2023/03/24,55.9,55.9,55.6,55.7
2023/03/27,55.7,56.1,55.6,55.7
2023/03/28,55.7,55.9,55.4,55.6
2023/03/29,55.9,55.9,54.9,55.3
2023/03/30,55.5,56.0,55.3,55.8
2023/03/31,56.0,56.0,55.7,55.9
2023/04/06,55.8,55.9,55.3,55.6
2023/04/07,55.8,56.0,55.5,55.7
2023/04/10,55.6,55.7,55.2,55.3
2023/04/11,55.4,55.6,55.2,55.6
2023/04/12,55.6,55.6,55.2,55.5
2023/04/13,55.5,55.9,55.5,55.5
2023/04/14,55.8,55.8,55.5,55.5
2023/04/17,55.4,55.5,55.2,55.4
2023/04/18,55.3,55.6,55.3,55.4
2023/04/19,55.4,55.4,55.2,55.2
2023/04/20,55.0,55.0,54.2,54.2
2023/04/21,54.2,54.4,53.1,53.2
2023/04/24,53.0,53.4,53.0,53.0
2023/04/25,53.3,53.3,52.5,52.5
2023/04/26,52.0,52.4,51.6,52.3
2023/04/27,51.6,52.0,50.8,51.5
2023/04/28,52.0,52.5,51.9,52.1
2023/05/02,52.0,52.3,51.6,52.2
2023/05/03,52.0,52.4,51.8,52.2
2023/05/04,52.2,53.2,52.2,53.0
2023/05/05,53.0,53.4,52.9,53.2
2023/05/08,53.6,53.6,52.9,53.1
2023/05/09,53.4,53.4,52.5,52.6
2023/05/10,52.5,53.1,52.4,53.1
2023/05/11,53.1,53.1,52.6,52.7
2023/05/12,52.6,53.1,52.6,52.9
2023/05/15,52.6,53.0,52.6,52.8
2023/05/16,52.9,53.2,52.8,53.0
2023/05/17,52.7,53.5,52.7,53.3
2023/05/18,53.6,53.6,53.1,53.4
2023/05/19,53.4,54.0,53.4,53.9
2023/05/22,54.0,54.3,53.9,54.2
2023/05/23,54.2,54.2,53.8,54.1
2023/05/24,53.8,54.3,53.5,54.1
2023/05/25,53.9,54.1,53.7,53.9
2023/05/26,53.9,54.9,53.9,54.3
2023/05/29,54.9,55.0,54.5,54.5
2023/05/30,54.9,54.9,54.3,54.9
2023/05/31,54.8,55.5,54.8,55.5
2023/06/01,55.2,55.7,55.1,55.6
2023/06/02,55.7,55.7,55.3,55.3
2023/06/05,55.8,55.8,55.4,55.8
2023/06/06,55.9,56.0,55.5,55.8
2023/06/07,55.8,56.0,55.6,55.6
2023/06/08,55.6,55.9,55.4,55.6
2023/06/09,55.6,55.8,54.7,55.1
2023/06/12,55.0,55.7,54.6,55.4
2023/06/13,55.6,56.0,55.5,55.7
2023/06/14,55.8,56.1,55.7,56.1
2023/06/15,56.1,56.2,55.8,55.8
2023/06/16,55.9,56.0,55.6,56.0
2023/06/19,56.1,56.1,55.4,55.9
2023/06/20,56.0,56.0,55.4,55.9
2023/06/21,55.9,55.9,55.3,55.5
2023/06/26,55.5,55.8,55.1,55.6
2023/06/27,55.7,55.8,54.8,54.9
2023/06/28,54.9,55.6,54.9,55.0
2023/06/29,55.0,55.5,55.0,55.4
2023/06/30,55.4,55.7,55.0,55.3
2023/07/03,55.7,55.7,55.3,55.5
2023/07/04,55.3,56.0,55.3,56.0
2023/07/05,56.4,59.0,56.3,58.2
2023/07/06,57.8,58.7,57.6,57.8
2023/07/07,57.6,57.6,56.5,56.7
2023/07/10,56.8,57.1,56.5,56.5
2023/07/11,56.8,57.0,56.5,56.8
2023/07/12,56.8,57.4,56.5,57.4
2023/07/13,57.8,58.5,57.6,57.6
2023/07/14,58.0,58.4,57.8,58.3
2023/07/17,58.4,59.2,58.4,58.9
2023/07/18,59.4,59.4,58.1,58.5
2023/07/19,59.5,59.5,58.0,58.0
2023/07/20,57.9,58.8,57.8,58.3
2023/07/21,58.2,58.4,57.6,58.3
2023/07/24,58.7,58.7,57.3,57.5
2023/07/25,57.5,57.7,56.9,57.5
2023/07/26,57.7,57.7,57.0,57.0
2023/07/27,53.5,53.6,52.0,52.3
2023/07/28,52.7,53.8,52.5,53.7
2023/07/31,54.5,54.5,52.5,52.9
2023/08/01,53.0,53.0,51.5,52.0
2023/08/02,52.5,52.9,51.8,52.0
2023/08/04,52.1,52.4,51.9,52.3
2023/08/07,52.5,52.8,52.0,52.7
2023/08/08,52.9,53.1,52.5,52.7
2023/08/09,52.7,52.9,52.4,52.5
2023/08/10,52.8,52.8,51.8,51.9
2023/08/11,51.9,51.9,51.0,51.1
2023/08/14,50.8,51.0,50.0,50.3
2023/08/15,50.6,50.7,50.3,50.3
2023/08/16,50.2,50.8,50.0,50.8
2023/08/17,50.5,51.6,50.3,51.3
2023/08/18,50.7,51.7,50.7,51.5
2023/08/21,53.3,53.8,52.4,52.5
2023/08/22,53.0,53.2,52.2,52.6
2023/08/23,52.9,55.5,52.8,55.4
2023/08/24,56.8,57.5,55.7,56.1
2023/08/25,55.6,57.0,55.6,56.6
2023/08/28,57.4,57.4,55.5,56.0
2023/08/29,55.8,56.7,55.8,56.4
2023/08/30,56.8,57.0,56.2,56.9
2023/08/31,57.0,57.7,56.9,57.7
2023/09/01,57.7,57.9,56.7,57.1
2023/09/04,57.7,57.7,57.1,57.5
2023/09/05,57.7,57.9,57.3,57.8
2023/09/06,57.9,58.3,57.4,58.2
2023/09/07,57.6,58.2,57.3,57.8
2023/09/08,57.6,57.6,56.8,57.2
2023/09/11,57.6,57.6,56.6,57.1
2023/09/12,57.2,57.8,57.1,57.4
2023/09/13,57.4,57.4,56.5,56.6
2023/09/14,57.0,57.6,56.6,57.2
2023/09/15,58.0,59.0,58.0,58.0
2023/09/18,58.0,59.3,57.5,58.8
2023/09/19,59.3,61.3,59.1,60.8
2023/09/20,60.9,60.9,57.2,58.0
2023/09/21,57.4,57.4,56.4,57.2
2023/09/22,56.4,58.0,56.4,57.5
2023/09/25,57.5,58.5,57.5,58.3
2023/09/26,58.3,58.5,56.6,56.7
2023/09/27,57.0,57.5,56.6,56.9
2023/09/28,57.4,57.6,56.9,57.4
2023/10/02,57.7,58.2,57.4,57.7
2023/10/03,57.9,58.3,57.5,57.5
2023/10/04,57.2,57.8,56.5,57.6
2023/10/05,58.1,58.5,57.6,57.6
2023/10/06,57.7,58.0,57.3,57.5
2023/10/11,58.0,58.5,57.7,57.8
2023/10/12,58.2,58.4,57.3,58.3
2023/10/13,58.8,60.4,58.7,60.0
2023/10/16,59.7,59.8,58.8,59.2
2023/10/17,60.0,60.9,59.7,60.7
2023/10/18,61.0,61.0,58.9,60.0
2023/10/19,60.3,61.7,59.7,60.7
2023/10/20,60.6,61.5,60.2,60.8
2023/10/23,60.9,61.5,59.8,59.9
2023/10/24,60.1,61.0,60.1,60.7
2023/10/25,61.3,62.0,60.7,62.0
2023/10/26,61.1,61.9,60.2,60.2
2023/10/27,60.7,60.8,59.4,59.4
2023/10/30,59.6,60.2,59.6,59.9
2023/10/31,60.4,61.1,59.2,59.3
2023/11/01,60.2,60.2,59.1,59.7
2023/11/02,60.6,61.1,60.0,60.9
2023/11/03,61.3,61.7,60.5,61.5
2023/11/06,61.8,62.0,61.0,61.5
2023/11/07,61.0,61.7,60.2,61.7
2023/11/08,61.8,62.0,61.3,61.4
2023/11/09,61.5,61.7,60.7,60.8
2023/11/10,60.9,60.9,59.8,60.2
2023/11/13,60.9,61.0,60.2,60.5
2023/11/14,60.7,61.5,60.6,61.5
2023/11/15,62.0,62.5,60.6,60.9
2023/11/16,61.0,61.6,60.9,61.5
2023/11/17,62.0,62.3,61.0,61.0
2023/11/20,61.1,61.5,60.7,61.4
2023/11/21,61.4,61.6,60.6,60.7
2023/11/22,61.0,61.2,60.7,60.9
2023/11/23,61.0,61.6,60.7,60.9
2023/11/24,61.2,61.2,60.7,60.7
2023/11/27,61.0,61.0,60.0,60.0
2023/11/28,60.1,61.0,60.1,60.6
2023/11/29,60.6,62.2,60.6,62.0
2023/11/30,62.5,65.0,62.3,63.8
2023/12/01,64.4,66.0,64.2,65.8
2023/12/04,66.0,66.5,65.0,66.0
2023/12/05,66.6,66.6,64.4,65.5
2023/12/06,65.0,65.8,63.9,65.4
2023/12/07,65.6,66.0,64.6,64.6
2023/12/08,65.5,65.5,64.3,64.7
2023/12/11,64.8,65.4,64.4,65.0
2023/12/12,65.8,66.5,65.4,65.8
2023/12/13,66.4,66.5,65.6,66.4
2023/12/14,67.1,71.9,67.1,71.9
2023/12/15,71.4,71.4,66.3,67.2
2023/12/18,67.0,69.2,66.5,68.5
2023/12/19,69.0,69.5,67.1,67.8
2023/12/20,68.1,69.5,67.1,68.8
2023/12/21,68.2,69.0,67.9,68.1
2023/12/22,68.5,69.1,67.6,68.0
2023/12/25,68.1,68.4,66.1,66.4
2023/12/26,66.5,67.3,66.4,66.8
2023/12/27,67.3,67.6,67.0,67.3
2023/12/28,67.3,67.4,66.0,66.0
2023/12/29,66.0,66.1,64.7,65.2
2024/01/02,65.9,65.9,64.6,64.6
2024/01/03,64.2,65.0,63.7,65.0
2024/01/04,64.8,65.4,64.6,65.0
2024/01/05,65.2,65.2,64.6,64.9
2024/01/08,64.9,65.2,63.6,63.9
2024/01/09,64.6,64.7,64.1,64.4
2024/01/10,64.1,64.6,64.1,64.6
2024/01/11,64.6,64.6,63.5,64.2
2024/01/12,64.2,64.9,63.9,64.3
2024/01/15,64.4,65.4,64.3,65.4
2024/01/16,65.0,66.4,64.8,66.1
2024/01/17,66.2,66.4,65.5,65.8
2024/01/18,66.0,66.4,64.7,65.3
2024/01/19,65.9,66.7,65.7,66.5
2024/01/22,67.1,69.4,66.9,68.0
2024/01/23,68.5,68.6,67.5,68.1
2024/01/24,68.1,68.8,68.0,68.0
2024/01/25,69.0,69.3,68.2,68.7
2024/01/26,69.0,69.5,67.0,67.2
2024/01/29,67.2,67.8,67.0,67.4
2024/01/30,67.9,67.9,66.4,66.5
2024/01/31,66.5,68.4,66.2,67.7
2024/02/01,67.5,67.9,66.6,66.6
2024/02/02,66.8,67.0,65.6,65.7
2024/02/05,65.6,65.6,65.0,65.3
2024/02/15,66.5,68.7,66.2,68.2
2024/02/16,68.7,70.4,68.3,69.5
2024/02/19,69.9,70.3,68.5,70.0
2024/02/20,70.7,70.7,68.2,68.2
2024/02/21,68.5,69.7,68.1,68.8
2024/02/22,69.6,71.0,69.1,70.8
2024/02/23,72.5,75.0,72.0,72.5
2024/02/26,74.0,74.1,72.0,72.3
2024/02/27,71.4,71.4,69.1,70.0
2024/02/29,70.3,70.8,70.0,70.3
2024/03/01,69.0,69.0,67.1,67.2
2024/03/04,67.4,68.5,67.4,67.9
2024/03/05,68.3,68.4,67.3,68.1
2024/03/06,68.3,70.5,68.3,70.2
2024/03/07,71.0,72.3,69.2,69.6
2024/03/08,71.0,72.1,68.6,69.0
2024/03/11,69.0,69.6,68.4,68.4
2024/03/12,68.6,70.6,68.2,69.9
2024/03/13,71.0,71.2,69.2,70.1
2024/03/14,69.5,69.5,67.7,68.8
2024/03/15,68.0,69.7,67.6,68.8
2024/03/18,69.4,72.2,69.4,72.1
2024/03/19,72.4,74.0,72.1,73.5
2024/03/20,76.0,78.5,75.4,75.6
2024/03/21,78.0,78.1,74.4,74.7
2024/03/22,76.0,76.0,71.5,72.4
2024/03/25,73.6,73.7,71.2,72.3
2024/03/26,72.6,73.4,70.0,71.0
2024/03/27,71.4,74.1,70.8,73.8
2024/03/28,75.0,75.6,71.4,72.0
2024/03/29,72.2,72.5,70.2,71.0
2024/04/01,71.4,72.6,70.6,71.6
2024/04/02,72.1,73.0,71.5,73.0
2024/04/03,72.1,72.6,71.5,71.8
2024/04/08,71.8,71.8,70.4,70.8
2024/04/09,71.9,72.5,70.9,71.1
2024/04/10,71.2,72.6,70.8,72.4
2024/04/11,72.0,73.0,71.3,72.8
2024/04/12,73.1,73.7,72.6,73.2
2024/04/15,72.6,72.8,71.6,72.0
2024/04/16,71.1,71.4,69.8,70.6
2024/04/17,70.8,72.9,70.8,72.6
2024/04/18,72.7,72.7,71.5,71.5
2024/04/19,70.6,71.2,68.5,70.5
2024/04/22,70.5,70.5,68.0,68.3
2024/04/23,68.9,69.3,67.5,68.3
2024/04/24,69.2,70.4,69.0,70.4
2024/04/25,69.8,70.7,69.7,70.2
2024/04/26,70.5,71.7,70.4,71.5
2024/04/29,72.4,73.0,71.7,72.9
2024/04/30,73.3,74.7,72.6,74.2
2024/05/02,75.2,79.5,75.1,77.4
2024/05/03,78.0,78.1,76.4,76.4
2024/05/06,77.6,77.6,76.3,77.1
2024/05/07,78.2,79.1,77.3,77.8
2024/05/08,77.5,78.5,76.8,78.3
2024/05/09,79.0,79.0,76.9,77.1
2024/05/10,77.5,77.9,76.1,76.2
2024/05/13,76.9,77.4,76.3,76.5
2024/05/14,76.4,77.4,76.2,77.0
2024/05/15,77.5,77.8,76.8,77.4
2024/05/16,78.2,84.0,77.9,81.3
2024/05/17,80.8,81.0,78.0,78.0
2024/05/20,78.7,81.4,78.6,79.0
2024/05/21,79.1,79.8,78.5,79.0
2024/05/22,79.5,80.6,79.0,79.1
2024/05/23,79.7,79.8,78.0,78.0
2024/05/24,78.0,80.4,77.3,80.4
2024/05/27,82.0,82.1,80.2,80.5
2024/05/28,80.7,81.4,80.5,81.2
2024/05/29,81.9,82.4,80.8,81.5
2024/05/30,81.0,81.0,79.4,79.9
2024/05/31,80.5,80.6,78.4,78.7
2024/06/03,78.6,80.1,78.3,80.1
2024/06/04,80.5,81.2,79.6,80.9
2024/06/05,81.4,81.4,79.7,80.0
2024/06/06,81.3,83.5,80.9,81.0
2024/06/07,81.2,81.2,79.6,79.9
2024/06/11,79.8,80.6,79.4,79.5
2024/06/12,79.6,80.7,79.5,80.0
2024/06/13,80.7,81.4,80.4,81.4
2024/06/14,81.5,81.7,81.0,81.3
2024/06/17,81.6,81.6,80.5,80.5
2024/06/18,81.1,81.6,80.4,80.5
2024/06/19,80.3,81.9,80.2,80.3
2024/06/20,80.6,81.5,80.6,81.5
2024/06/21,81.1,82.3,81.0,82.0
2024/06/24,82.2,82.3,79.8,79.9
2024/06/25,79.8,79.8,76.6,79.4
2024/06/26,79.9,80.0,78.3,78.4
2024/06/27,76.0,77.2,75.0,76.7
2024/06/28,77.2,78.7,76.8,76.8
2024/07/01,77.1,77.1,76.1,76.1
2024/07/02,76.7,76.7,75.2,75.2
2024/07/03,76.0,77.0,76.0,76.0
2024/07/04,76.2,77.9,76.2,77.9
2024/07/05,77.5,79.5,77.2,78.4
2024/07/08,78.7,80.4,77.6,79.4
2024/07/09,80.2,80.2,79.0,79.4
2024/07/10,79.4,80.0,79.1,80.0
2024/07/11,80.8,82.4,80.4,82.3
2024/07/12,82.0,82.0,80.0,80.6
2024/07/15,81.1,81.7,80.5,80.8
2024/07/16,81.9,82.8,81.5,82.2
2024/07/17,82.4,82.4,81.1,81.7
2024/07/18,79.9,81.0,79.1,81.0
2024/07/19,80.5,80.6,78.2,78.3
2024/07/22,78.5,78.5,75.4,76.0
2024/07/23,77.0,77.4,76.1,76.8
2024/07/26,74.5,76.2,73.5,75.4
2024/07/29,76.5,76.5,73.4,73.4
2024/07/30,73.0,74.0,71.8,74.0
2024/07/31,75.2,77.9,75.2,76.8
2024/08/01,77.4,78.3,76.8,76.9
2024/08/02,75.5,76.2,73.9,74.3
2024/08/05,71.5,71.5,66.9,66.9
2024/08/06,68.9,69.0,63.6,67.5
2024/08/07,67.5,70.3,67.5,69.8
2024/08/08,68.8,69.8,67.9,68.7
2024/08/09,70.0,71.2,69.9,70.2
2024/08/12,70.8,72.4,70.3,72.1
2024/08/13,72.5,72.5,71.3,71.8
2024/08/14,72.4,72.8,71.9,72.2
2024/08/15,72.7,72.7,71.6,71.8
2024/08/16,72.6,72.9,71.9,72.4
2024/08/19,72.5,74.2,72.1,74.2
2024/08/20,74.6,75.1,74.0,74.5
2024/08/21,74.3,74.9,73.3,74.2
2024/08/22,74.9,75.3,73.7,73.7
2024/08/23,73.0,74.1,72.9,74.1
2024/08/26,75.0,75.0,73.5,73.5
2024/08/27,73.0,74.1,72.8,74.1
2024/08/28,74.3,75.0,74.0,74.9
2024/08/29,74.4,77.7,73.9,77.7
2024/08/30,79.9,82.0,77.9,78.1
2024/09/02,79.2,79.2,76.6,77.4
2024/09/03,77.4,79.3,77.2,77.7
2024/09/04,74.2,75.5,72.2,74.2
2024/09/05,74.6,76.2,73.9,74.5
2024/09/06,74.3,74.5,73.3,74.3
2024/09/09,72.1,74.2,72.1,74.1
2024/09/10,74.6,75.5,73.5,74.5
2024/09/11,75.2,75.6,73.3,73.3
2024/09/12,74.4,75.0,74.1,75.0
2024/09/13,75.4,75.4,73.9,73.9
2024/09/16,74.3,75.0,74.3,74.5
2024/09/18,74.7,74.7,73.3,73.4
2024/09/19,74.1,74.4,73.0,74.4
2024/09/20,74.9,75.4,73.9,73.9
2024/09/23,73.9,74.8,73.9,74.2
2024/09/24,76.6,77.6,75.5,76.8
2024/09/25,77.4,79.3,76.3,78.4
2024/09/26,78.4,79.9,77.0,77.2
2024/09/27,77.9,78.3,77.2,77.3
2024/09/30,77.3,77.3,75.7,75.7
2024/10/01,76.0,76.4,75.0,75.5
2024/10/04,75.2,75.3,73.7,74.2
2024/10/07,74.8,76.1,74.6,75.0
2024/10/08,76.3,76.4,75.1,75.4
2024/10/09,76.0,77.6,75.8,76.0
2024/10/11,76.8,78.4,76.7,77.7
2024/10/14,78.1,79.1,77.1,79.1
2024/10/15,80.0,80.0,78.7,79.1
2024/10/16,78.5,79.4,78.2,79.0
2024/10/17,79.6,80.1,78.5,78.7
2024/10/18,79.2,79.3,77.1,77.1
2024/10/21,77.8,78.4,77.5,78.3
2024/10/22,78.3,79.3,78.2,79.3
2024/10/23,79.7,80.0,79.3,79.4
2024/10/24,79.6,79.9,78.4,78.6
2024/10/25,79.0,79.3,78.2,78.8
2024/10/28,79.7,80.6,78.7,79.3
2024/10/29,79.0,79.0,76.7,77.6
2024/10/30,76.5,76.5,73.7,73.7
2024/11/01,72.9,73.0,71.2,72.8
2024/11/04,72.2,72.5,71.5,71.6
2024/11/05,71.8,73.1,71.4,72.4
2024/11/06,73.1,73.7,72.6,73.5
2024/11/07,73.6,74.8,73.6,74.6
2024/11/08,75.0,75.5,74.1,74.4
2024/11/11,74.8,75.2,73.9,75.0
2024/11/12,74.2,74.5,72.8,72.8
2024/11/13,72.8,74.1,72.7,74.0
2024/11/14,74.1,74.1,72.2,72.9
2024/11/15,73.2,73.4,72.4,72.4
2024/11/18,72.4,72.4,70.6,70.6
2024/11/19,70.7,72.1,70.7,71.5
2024/11/20,71.7,72.2,70.9,71.0
2024/11/21,71.6,71.8,70.9,71.0
2024/11/22,71.8,72.4,71.5,71.5
2024/11/25,72.0,72.3,71.8,72.0
2024/11/26,71.9,71.9,71.2,71.2
2024/11/27,71.0,71.0,69.0,69.1
2024/11/28,69.2,69.5,67.7,68.4
2024/11/29,68.0,69.0,67.7,68.9
2024/12/02,69.5,69.5,68.3,68.3
2024/12/03,69.2,70.1,68.3,68.3
2024/12/04,68.9,69.8,68.6,69.5
2024/12/05,70.5,70.9,69.8,69.9
2024/12/06,70.0,71.4,70.0,70.5
2024/12/09,71.2,71.2,70.1,70.3
2024/12/10,71.2,71.5,69.5,69.5
2024/12/11,69.3,70.1,69.2,69.2
2024/12/12,69.8,70.7,69.3,69.7
2024/12/13,69.5,69.7,68.6,69.2
2024/12/16,69.6,69.9,67.4,67.4
2024/12/17,67.9,68.3,67.0,67.6
2024/12/18,67.8,69.0,67.2,69.0
2024/12/19,68.0,68.8,67.6,68.4
2024/12/20,68.4,69.3,68.0,68.0
2024/12/23,68.7,69.1,68.2,68.4
2024/12/24,69.0,69.7,68.0,68.0
2024/12/25,68.7,68.9,68.1,68.6
2024/12/26,68.8,69.5,68.8,69.4
2024/12/27,69.6,69.7,68.8,68.9
2024/12/30,69.4,69.4,68.0,68.0
2024/12/31,67.9,67.9,67.2,67.5
2025/01/02,67.6,68.3,67.5,68.1
2025/01/03,68.5,69.7,67.6,69.5
2025/01/06,70.1,70.2,69.5,69.5
2025/01/07,70.0,70.4,69.8,70.0
2025/01/08,70.0,70.6,69.8,70.6
2025/01/09,70.7,70.8,68.5,68.5
2025/01/10,68.6,69.5,68.6,69.4
2025/01/13,69.2,69.5,67.2,67.9
2025/01/14,68.5,69.4,68.2,69.0
2025/01/15,69.1,69.7,68.1,68.1
2025/01/16,69.1,69.1,68.3,68.4
2025/01/17,68.6,68.9,68.3,68.3
2025/01/20,68.5,69.2,68.5,69.2
2025/01/21,69.2,69.4,68.9,69.0
2025/01/22,69.3,70.5,68.8,70.5
2025/02/03,68.9,69.6,67.2,69.3
2025/02/04,69.3,70.2,68.5,68.5
2025/02/05,69.0,70.3,69.0,70.1
2025/02/06,70.4,71.9,70.2,71.0
2025/02/07,72.0,72.4,71.1,71.6
2025/02/10,71.3,74.9,71.3,72.8
2025/02/11,73.8,76.2,73.4,75.5
2025/02/12,75.5,76.6,73.9,74.7
2025/02/13,75.0,76.5,74.6,75.0
2025/02/14,75.5,76.3,75.0,75.1
2025/02/17,75.5,75.9,74.6,74.8
2025/02/18,75.2,75.5,74.8,75.5
2025/02/19,75.9,78.8,75.3,78.6
2025/02/20,80.0,81.4,77.8,78.0
2025/02/21,78.5,79.2,77.8,78.9
2025/02/24,78.3,80.0,77.9,78.5
2025/02/25,78.2,78.3,77.0,77.3
2025/02/26,77.6,78.4,76.8,77.3
2025/02/27,77.7,77.7,75.8,76.3
2025/03/03,77.3,80.3,76.7,79.4
2025/03/04,78.6,82.3,78.3,82.0
2025/03/05,81.6,82.3,80.9,81.8
2025/03/06,82.2,82.4,79.7,79.8
2025/03/07,79.4,79.8,77.0,77.1
2025/03/10,78.1,78.5,76.8,77.0
2025/03/11,75.5,77.2,74.5,76.8
2025/03/12,76.9,77.5,76.4,76.6
2025/03/13,77.2,77.6,75.9,75.9
2025/03/14,76.4,76.5,75.5,76.1
2025/03/17,76.7,78.2,76.5,77.4
2025/03/18,77.8,78.1,76.8,77.0
2025/03/19,77.1,77.7,77.0,77.1
2025/03/20,77.5,78.0,77.4,77.6
2025/03/21,77.8,77.9,77.3,77.9
2025/03/24,78.0,78.3,77.6,77.7
2025/03/25,78.2,78.3,77.4,77.4
2025/03/26,77.6,78.7,77.6,78.6
2025/03/27,78.0,78.8,77.8,78.6
2025/03/28,78.4,78.4,76.7,77.5
2025/03/31,75.3,77.3,74.8,76.2
2025/04/01,76.2,77.2,75.4,77.2
2025/04/02,77.0,77.5,76.4,77.0
2025/04/07,69.3,69.3,69.3,69.3
2025/04/08,62.8,65.9,62.4,62.4
2025/04/09,60.2,60.9,56.4,57.0
2025/04/10,62.7,62.7,62.7,62.7
2025/04/11,61.3,64.9,59.2,64.8
2025/04/14,66.4,68.1,65.6,65.9
2025/04/15,66.5,68.5,66.2,68.0
2025/04/16,68.0,68.4,66.2,66.2
2025/04/17,65.5,66.5,65.1,65.8
2025/04/18,66.0,66.5,65.8,66.2
2025/04/21,66.2,66.3,64.4,64.4
2025/04/22,66.2,68.3,65.4,67.1
2025/04/23,69.0,70.4,67.9,69.7
2025/04/24,70.0,70.7,69.2,69.5
2025/04/25,70.5,70.8,69.8,70.0
2025/04/28,70.7,71.0,70.0,70.5
2025/04/29,71.0,72.2,70.6,72.0
2025/04/30,72.6,72.7,71.8,72.1
2025/05/02,72.9,73.0,72.3,72.5
2025/05/05,72.6,72.9,69.3,70.4
2025/05/06,70.5,71.7,70.5,70.8
2025/05/07,70.6,71.1,70.3,70.7
2025/05/08,71.3,71.7,70.9,71.3
2025/05/09,71.3,71.8,71.0,71.7
2025/05/12,71.7,73.7,71.7,73.5
2025/05/13,74.5,74.6,73.5,73.6
2025/05/14,74.1,75.7,74.1,75.4
2025/05/15,75.7,76.2,74.7,75.2
2025/05/16,75.8,76.5,75.0,75.0
2025/05/19,75.0,75.5,74.1,74.9
2025/05/20,75.3,75.8,74.8,74.8
2025/05/21,75.5,75.9,75.1,75.7
2025/05/22,75.1,76.3,74.9,76.0
2025/05/23,76.5,76.8,75.9,76.2
2025/05/26,76.5,77.1,76.1,76.6
2025/05/27,77.1,77.1,75.8,76.5
2025/05/28,77.1,77.2,76.1,76.5
2025/05/29,77.5,77.8,76.7,77.2
2025/06/02,77.2,77.6,76.5,76.5
2025/06/03,76.9,77.3,76.2,76.9
2025/06/04,77.5,78.5,77.3,78.3
2025/06/05,78.5,78.9,78.1,78.5
2025/06/06,78.9,79.4,78.5,78.7
2025/06/09,79.4,79.6,79.2,79.5
2025/06/10,79.7,80.1,79.5,80.1
2025/06/11,80.1,80.6,79.4,80.2
2025/06/12,79.6,80.0,79.3,79.4
2025/06/13,79.0,79.0,77.5,77.5
2025/06/16,77.4,79.2,77.4,79.2
2025/06/17,79.5,80.5,79.3,79.8
2025/06/18,79.8,81.4,79.7,80.6
2025/06/19,80.8,81.9,80.8,81.6
2025/06/20,82.0,82.0,79.4,80.0
2025/06/23,78.5,80.4,78.0,78.4
2025/06/24,79.7,80.5,78.7,79.1
2025/06/25,79.3,80.6,78.9,80.4
2025/06/26,80.4,81.7,79.9,80.8
2025/06/27,81.1,82.3,79.9,82.1
2025/06/30,81.6,82.2,79.0,79.3
2025/07/01,79.3,80.1,78.7,80.0
2025/07/02,79.7,81.6,79.3,81.5
2025/07/03,81.9,84.6,81.5,82.8
2025/07/04,83.6,83.7,81.7,83.7
2025/07/07,83.5,83.6,79.8,79.8
2025/07/08,75.8,76.5,75.1,76.5
2025/07/09,76.8,78.4,76.2,77.9
2025/07/10,78.5,78.5,76.9,77.4
2025/07/11,77.7,78.1,77.0,77.2
2025/07/14,77.1,77.5,76.3,76.9
2025/07/15,77.4,79.0,77.4,78.2
2025/07/16,78.6,79.4,78.0,79.3
2025/07/17,79.7,80.1,79.0,80.1
2025/07/18,80.9,80.9,79.5,79.8
2025/07/21,80.5,81.0,80.1,80.3
2025/07/22,80.8,81.5,79.9,80.1
2025/07/23,80.5,82.2,80.5,82.2
2025/07/24,82.2,82.3,78.9,80.3
2025/07/25,79.6,80.4,79.0,79.5
2025/07/28,79.8,80.6,79.8,80.4
2025/07/29,80.2,80.2,78.2,78.6
2025/07/30,79.2,79.2,78.3,78.6
2025/07/31,78.2,78.3,75.5,77.8
2025/08/01,76.9,79.8,76.8,79.8
2025/08/04,79.2,80.3,79.1,79.5
2025/08/05,79.9,80.4,79.4,79.9
2025/08/06,79.9,79.9,77.8,77.8
2025/08/07,78.8,79.5,77.6,79.5
2025/08/08,79.3,80.6,79.1,79.6
2025/08/11,79.6,80.3,79.2,79.9
2025/08/12,80.2,80.3,79.6,79.8
2025/08/13,80.2,81.1,79.7,80.1
2025/08/14,80.6,80.9,80.2,80.3
2025/08/15,81.0,81.6,79.6,80.2
2025/08/18,79.8,80.1,79.5,79.7
2025/08/19,79.8,80.4,79.2,79.2
2025/08/20,79.2,79.2,76.8,76.8
2025/08/21,77.7,78.1,77.2,77.2
2025/08/22,77.3,78.6,77.2,77.4
2025/08/25,78.3,78.8,78.0,78.0
2025/08/26,77.7,78.9,77.7,77.8
2025/08/27,78.0,81.4,78.0,80.7
2025/08/28,81.3,83.5,81.2,82.2
2025/08/29,82.9,85.8,82.7,84.6
2025/09/01,84.6,85.0,82.6,82.7
2025/09/02,83.5,84.2,81.6,82.2
2025/09/03,82.3,89.7,82.3,85.0
2025/09/04,86.5,86.5,84.1,84.5
2025/09/05,85.2,86.5,84.5,85.9
2025/09/08,86.9,88.5,86.3,87.9
2025/09/09,89.0,89.7,87.3,88.9
2025/09/10,89.7,89.9,88.3,88.8
2025/09/11,89.3,89.6,86.7,86.9
2025/09/12,87.8,89.3,87.4,88.4
2025/09/15,88.7,89.7,87.8,89.3
2025/09/16,90.4,92.1,89.5,90.7
2025/09/17,91.0,92.3,88.4,88.5
2025/09/18,89.4,92.0,89.0,92.0
2025/09/19,92.5,92.5,90.4,91.2
2025/09/22,91.2,94.0,91.2,93.7
2025/09/23,94.1,94.5,92.5,93.0
2025/09/24,93.8,93.8,92.0,92.8
2025/09/25,93.0,93.3,91.2,91.6
2025/09/26,91.4,91.4,89.0,89.3
2025/09/30,91.0,92.0,89.9,91.0
2025/10/01,91.6,92.2,89.8,91.9
2025/10/02,93.2,93.2,90.3,91.6
2025/10/03,91.6,92.3,89.3,89.8
2025/10/07,90.2,92.5,89.6,91.3
2025/10/08,90.9,91.2,90.1,90.3
2025/10/09,91.5,91.9,90.4,90.8
2025/10/13,88.0,90.5,87.5,88.2
2025/10/14,89.1,91.3,87.6,87.8
2025/10/15,88.5,89.8,87.9,89.8
2025/10/16,90.4,92.5,90.4,92.0
2025/10/17,91.3,93.8,91.3,93.4
2025/10/20,94.5,97.0,93.4,96.0
2025/10/21,95.3,96.2,94.4,94.4
2025/10/22,94.0,94.7,93.0,93.1
2025/10/23,92.5,94.3,92.3,93.8
2025/10/27,94.8,97.7,94.3,97.0
2025/10/28,98.0,98.2,96.1,96.1
2025/10/29,98.1,101.5,97.5,99.5
2025/10/30,99.5,99.7,96.7,97.5
2025/10/31,98.5,106.0,98.5,104.5
2025/11/03,108.5,114.5,105.0,114.5
2025/11/04,113.5,115.5,103.5,103.5
2025/11/05,100.0,101.5,97.5,99.5
2025/11/06,101.0,101.0,96.7,96.9
2025/11/07,95.8,96.4,94.6,95.2
2025/11/10,95.8,98.2,93.9,98.0
2025/11/11,98.0,99.4,97.2,97.2
2025/11/12,98.5,101.0,97.8,98.5
2025/11/13,98.5,98.9,97.3,98.6
2025/11/14,96.8,97.0,95.1,95.6
2025/11/17,95.6,97.7,94.6,97.7
2025/11/18,96.1,99.2,95.2,95.3
2025/11/19,95.6,97.8,94.2,94.8
2025/11/20,96.8,99.9,96.3,98.4
2025/11/21,96.8,97.2,92.5,93.4
2025/11/24,93.4,94.2,93.0,93.7
2025/11/25,94.8,96.0,94.3,96.0
2025/11/26,96.1,96.8,95.2,95.6
2025/11/27,96.8,99.4,96.7,98.5
2025/11/28,99.1,102.0,97.7,100.5
2025/12/01,100.0,101.0,94.6,94.6
2025/12/02,94.9,95.5,90.7,90.7
2025/12/03,91.2,92.3,91.1,91.6
2025/12/04,92.0,92.5,91.3,92.3
2025/12/05,91.7,92.3,91.0,91.2
2025/12/08,92.1,100.0,91.7,100.0
2025/12/09,101.0,101.5,96.1,96.3
2025/12/10,97.3,99.5,96.6,98.6
2025/12/11,99.6,105.5,99.0,103.0
2025/12/12,103.0,103.5,100.5,102.5
2025/12/15,99.9,101.0,98.1,98.1
2025/12/16,97.4,99.3,95.3,96.5
2025/12/17,97.2,98.1,96.2,96.5
2025/12/18,96.2,96.7,95.1,95.1
2025/12/19,96.0,98.7,95.8,97.3
2025/12/22,99.0,102.0,98.8,101.0
2025/12/23,102.0,102.0,98.6,98.7
2025/12/24,99.6,105.5,99.5,101.0
2025/12/26,101.5,111.0,101.5,109.5
2025/12/29,109.5,111.0,103.5,109.0
2025/12/30,110.5,118.5,110.0,115.0
2025/12/31,115.5,121.5,115.0,116.5
2026/01/02,119.5,124.0,116.0,117.0
2026/01/05,118.0,118.0,111.5,113.0
2026/01/06,116.0,116.5,113.5,116.0
2026/01/07,116.0,118.5,115.0,116.5
2026/01/08,117.0,117.0,112.5,115.0
2026/01/09,115.0,117.5,112.0,117.5
2026/01/12,119.0,121.5,118.0,119.5
2026/01/13,121.5,131.0,120.0,127.5
2026/01/14,127.5,133.5,124.5,129.5
2026/01/15,129.5,139.5,129.0,135.0
2026/01/16,137.0,141.0,131.5,137.5
2026/01/19,137.5,141.0,135.5,138.5
2026/01/20,138.0,139.5,134.5,138.0
2026/01/21,135.5,140.0,132.5,134.5
2026/01/22,137.5,140.0,134.5,135.0
2026/01/23,135.5,136.0,130.5,133.5
2026/01/26,133.5,137.0,131.5,136.0
2026/01/27,138.5,139.5,134.0,134.0
2026/01/28,135.0,135.0,132.0,133.5
2026/01/29,134.5,137.5,130.5,131.5
2026/01/30,131.5,133.5,128.0,130.0
2026/02/02,128.0,129.0,124.0,125.5
2026/02/03,129.0,129.5,125.5,126.5
2026/02/04,126.0,129.0,125.5,128.5
2026/02/05,128.0,130.5,122.5,123.5
2026/02/06,125.0,125.0,119.5,120.5
2026/02/09,126.0,128.5,124.0,126.5
2026/02/10,128.5,130.0,126.5,126.5
2026/02/11,125.5,129.0,124.0,127.5
2026/02/23,128.5,131.0,124.0,129.0
2026/02/24,129.0,131.5,128.0,131.0
2026/02/25,135.0,138.5,133.0,137.0
2026/02/26,143.5,150.5,137.5,150.5
2026/03/02,143.0,146.5,137.0,137.0
2026/03/03,138.0,144.5,133.5,136.0
2026/03/04,133.0,135.0,124.5,126.5
2026/03/05,132.0,136.0,131.0,133.0
2026/03/06,132.0,134.0,130.5,131.0
2026/03/09,119.5,122.0,118.0,118.0
2026/03/10,123.5,129.0,121.5,125.5
2026/03/11,129.0,133.0,129.0,131.5
2026/03/12,130.5,132.5,129.0,129.5
2026/03/13,127.0,133.0,127.0,131.0
2026/03/16,132.0,132.5,128.5,130.0
2026/03/17,132.5,132.5,130.0,132.5
2026/03/18,135.0,139.5,134.0,136.5
2026/03/19,134.0,137.0,133.5,134.5
2026/03/20,137.0,137.0,131.0,132.5
2026/03/23,128.0,128.5,125.0,125.5
2026/03/24,129.0,131.0,125.5,126.5
2026/03/25,132.0,138.5,130.5,137.0
2026/03/26,139.5,150.5,137.0,146.0
2026/03/27,142.5,148.5,137.5,146.0
2026/03/30,141.5,149.5,138.5,148.0
2026/03/31,147.0,162.0,146.5,149.5
2026/04/01,161.0,161.0,152.5,156.0
2026/04/02,157.0,159.0,150.5,151.0
2026/04/07,154.0,161.0,153.0,155.0
2026/04/08,161.0,170.5,157.5,170.5
2026/04/09,172.5,175.0,167.0,171.0
2026/04/10,177.5,180.5,171.5,176.0
2026/04/13,175.5,181.0,172.5,179.5
2026/04/14,185.5,191.0,179.0,182.0
2026/04/15,181.5,184.5,174.5,179.0
2026/04/16,178.0,178.5,173.5,174.5
2026/04/20,179.0,185.0,177.0,179.5
2026/04/21,181.0,187.5,180.5,187.0
2026/04/22,190.0,194.0,185.0,186.5
2026/04/23,189.0,193.0,175.5,181.0
2026/04/24,183.0,191.0,182.0,185.0
2026/04/27,187.0,188.0,172.5,178.0
2026/04/28,177.0,182.0,175.5,180.5
2026/04/29,178.0,179.0,175.5,177.5
2026/04/30,178.0,183.0,177.0,180.0
2026/05/04,183.5,193.5,183.0,190.5
2026/05/05,194.0,200.0,191.0,197.0
2026/05/06,202.5,204.5,191.0,203.5
2026/05/07,205.0,218.0,197.0,213.0
2026/05/08,216.0,218.5,204.0,211.0
2026/05/11,210.5,214.5,204.5,212.5
2026/05/12,213.5,214.0,208.0,210.0
2026/05/13,208.0,212.0,204.0,212.0
2026/05/14,214.0,217.5,210.0,210.5
2026/05/15,212.5,226.0,207.0,217.0
2026/05/18,215.5,224.0,212.0,218.5
2026/05/19,218.5,222.5,209.5,210.5
2026/05/20,210.0,212.5,206.0,207.0
2026/05/21,212.5,221.0,212.5,216.5
2026/05/22,221.0,235.0,219.5,222.0
2026/05/25,225.0,236.0,224.0,231.5
2026/05/26,236.0,239.5,227.0,237.0
2026/05/27,242.0,242.0,230.5,233.0
2026/05/28,233.5,240.5,228.0,229.0
2026/05/29,234.0,236.5,224.5,227.5
2026/06/01,230.0,230.0,218.0,219.5
2026/06/02,220.5,227.0,213.5,215.0
2026/06/03,220.5,234.5,220.0,230.0
2026/06/04,228.0,237.0,227.0,228.0
2026/06/05,228.0,228.0,219.0,223.0
2026/06/08,201.0,205.5,201.0,201.0
2026/06/09,203.5,210.5,200.0,209.0
2026/06/10,206.0,218.0,203.5,203.5
2026/06/11,203.5,208.0,195.5,205.5
2026/06/12,215.0,224.0,214.0,221.5
2026/06/15,224.0,227.5,221.0,222.0
2026/06/16,224.0,224.5,214.0,214.0
2026/06/17,212.0,215.5,209.0,214.0
2026/06/18,216.5,235.0,216.5,235.0
2026/06/22,244.0,249.5,238.5,242.5
2026/06/23,245.0,252.5,229.0,237.0
2026/06/24,234.5,243.0,233.0,242.5
2026/06/25,245.5,253.0,237.0,238.0
2026/06/26,239.0,247.0,221.5,224.0
2026/06/29,222.0,226.5,220.0,224.5
2026/06/30,229.5,239.5,227.5,237.0
2026/07/01,241.0,252.5,240.0,245.0
2026/07/02,241.5,251.0,235.5,251.0
2026/07/03,248.5,257.5,243.5,254.5
2026/07/06,267.5,279.5,267.0,273.0
2026/07/07,270.0,274.5,242.0,242.0
2026/07/08,243.0,245.0,236.0,244.5
2026/07/09,245.5,249.5,242.0,244.5
2026/07/13,248.0,249.0,231.0,234.5
2026/07/14,233.5,235.5,214.0,225.0
2026/07/15,231.5,240.5,230.5,237.5
2026/07/16,235.5,242.5,230.0,238.0
2026/07/17,230.5,230.5,214.5,214.5
2026/07/20,214.5,215.5,198.0,211.0
2026/07/21,215.0,217.0,211.0,216.0
2026/07/22,223.0,227.5,221.5,223.5
2026/07/23,226.5,232.0,223.5,226.0
2026/07/24,223.0,225.0,215.5,217.0
2026/07/27,217.0,219.0,207.5,215.5
2026/07/28,208.0,208.0,195.0,195.0
2026/07/29,196.5,198.5,176.0,181.5
2026/07/30,178.0,186.5,171.5,173.5
2026/07/31,188.5,190.5,183.0,186.5
2026/08/03,184.0,199.5,184.0,195.5
2026/08/04,192.0,202.5,190.0,199.5
2026/08/05,206.5,211.0,202.0,202.5
2026/08/06,203.0,207.5,198.5,207.0
2026/08/07,208.0,210.0,199.0,199.5
2026/08/10,203.0,213.0,202.5,207.5
2026/08/11,210.0,210.0,203.0,204.5
2026/08/12,206.5,217.0,206.0,211.0
2026/08/13,214.5,224.0,213.0,213.0
2026/08/14,216.0,216.5,207.5,208.0
2026/08/17,208.0,210.5,206.5,208.0
2026/08/18,208.0,208.5,199.5,199.5
2026/08/19,194.0,201.0,192.5,199.5
2026/08/20,203.0,204.0,197.0,199.5
2026/08/21,200.0,200.0,196.5,198.5
2026/08/24,198.5,203.5,198.0,199.5
