Date,Open,High,Low,Close
2005/06/30,29.6,30.1,29.3,29.7
2005/07/04,29.5,30.5,29.5,30.2
2005/07/05,30.6,31.5,30.5,31.4
2005/07/06,31.4,31.4,29.2,29.3
2005/07/07,29.3,29.3,27.7,28.1
2005/07/11,27.4,27.8,27.3,27.3
2005/07/12,27.5,28.3,27.5,28.1
2005/07/13,28.5,28.5,27.6,27.9
2005/07/14,27.9,28.4,27.7,27.9
2005/07/18,27.9,28.2,26.9,27.7
2005/07/19,27.7,28.4,27.4,28.2
2005/07/20,25.0,25.4,24.4,24.6
2005/07/21,28.2,28.2,26.8,26.9
2005/07/25,27.2,27.8,27.2,27.3
2005/07/26,27.5,27.7,27.2,27.6
2005/07/27,27.7,27.8,26.9,27.3
2005/07/28,27.5,27.5,25.4,25.8
2005/08/01,25.1,25.1,24.3,24.5
2005/08/02,24.8,25.5,24.8,25.2
2005/08/03,25.4,26.6,25.2,26.3
2005/08/08,26.0,26.0,25.1,25.2
2005/08/09,25.6,25.9,25.1,25.1
2005/08/10,25.2,25.3,24.2,24.5
2005/08/11,24.8,24.9,24.5,24.6
2005/08/15,24.5,24.8,24.3,24.5
2005/08/16,24.5,26.0,24.3,26.0
2005/08/17,26.0,27.1,26.0,26.4
2005/08/18,26.4,26.6,25.7,26.3
2005/08/22,27.1,27.3,26.3,26.3
2005/08/23,26.3,26.4,25.8,26.0
2005/08/24,25.9,26.7,25.8,25.9
2005/08/25,26.3,26.5,25.9,26.4
2005/08/29,26.3,26.5,25.8,26.0
2005/08/30,26.1,26.5,25.7,26.2
2005/09/01,26.4,26.7,26.3,26.4
2005/09/05,27.6,28.2,27.2,27.5
2005/09/06,27.8,27.8,27.0,27.1
2005/09/07,27.1,27.8,27.0,27.6
2005/09/08,27.8,27.8,27.1,27.5
2005/09/12,28.2,28.4,27.6,27.7
2005/09/13,27.8,28.1,27.3,27.3
2005/09/14,27.3,27.3,26.7,26.9
2005/09/15,26.9,27.0,26.3,26.7
2005/09/19,26.3,27.5,26.2,27.5
2005/09/20,27.5,28.8,27.1,28.4
2005/09/21,28.3,28.7,27.8,28.0
2005/09/22,28.0,28.3,27.5,28.2
2005/09/26,28.6,28.9,28.2,28.6
2005/09/27,28.6,29.3,28.5,28.6
2005/09/28,28.7,28.9,27.2,28.2
2005/09/29,28.2,28.2,27.8,28.2
2005/10/03,28.9,28.9,27.9,28.3
2005/10/04,28.1,28.3,27.9,28.0
2005/10/05,27.9,28.0,27.2,28.0
2005/10/06,28.0,28.6,27.9,28.3
2005/10/10,28.6,29.7,28.6,29.0
2005/10/11,29.5,29.5,28.4,28.4
2005/10/12,28.2,28.6,27.8,28.1
2005/10/13,28.4,28.6,28.2,28.3
2005/10/17,26.3,26.7,25.6,25.6
2005/10/18,25.2,25.2,23.9,23.9
2005/10/19,24.2,24.8,24.0,24.2
2005/10/20,24.2,24.9,24.0,24.9
2005/10/24,26.5,26.9,25.8,25.9
2005/10/25,25.9,26.0,24.2,24.7
2005/10/26,24.2,25.1,24.2,24.5
2005/10/27,24.1,24.9,23.8,24.3
2005/10/31,24.8,25.3,24.6,24.7
2005/11/01,24.7,25.5,24.7,25.3
2005/11/02,25.5,25.8,25.1,25.5
2005/11/03,26.0,27.2,25.6,27.2
2005/11/07,27.8,27.8,26.9,27.1
2005/11/08,27.1,27.9,26.9,27.5
2005/11/09,27.5,27.8,27.2,27.5
2005/11/10,27.9,28.4,27.6,27.8
2005/11/14,27.1,27.1,26.7,26.7
2005/11/15,26.9,28.0,26.8,27.8
2005/11/16,28.0,29.3,28.0,29.3
2005/11/17,30.2,30.4,29.2,30.0
2005/11/21,30.0,30.4,29.7,29.9
2005/11/22,30.0,30.9,29.4,30.9
2005/11/23,30.9,31.8,30.8,31.7
2005/11/24,31.9,33.3,31.7,31.7
2005/11/28,32.5,32.5,31.2,31.4
2005/11/29,31.3,31.7,30.5,31.3
2005/11/30,30.9,31.1,30.5,30.5
2005/12/01,31.0,31.5,30.7,30.8
2005/12/05,31.5,31.6,30.8,31.5
2005/12/06,31.3,31.7,30.4,30.6
2005/12/07,30.6,31.5,30.6,31.4
2005/12/08,31.8,32.2,31.4,31.5
2005/12/12,31.7,32.1,31.3,31.4
2005/12/13,31.6,31.7,30.9,31.0
2005/12/14,31.3,33.1,31.2,33.0
2005/12/15,33.0,33.0,32.2,32.2
2005/12/19,32.4,33.4,32.4,32.7
2005/12/20,33.0,33.0,32.0,32.3
2005/12/21,32.4,33.3,32.4,32.4
2005/12/22,32.8,33.4,32.7,33.0
2005/12/26,33.0,33.0,32.0,32.2
2005/12/27,32.0,33.0,32.0,33.0
2005/12/28,33.2,33.5,32.4,33.3
2005/12/29,33.2,33.4,32.7,33.4
2006/01/02,32.6,34.6,32.4,34.6
2006/01/03,35.2,35.2,33.9,33.9
2006/01/04,34.4,34.6,33.6,34.0
2006/01/05,34.7,36.4,34.2,36.4
2006/01/09,38.8,39.3,38.0,39.3
2006/01/10,39.7,40.8,39.2,39.2
2006/01/11,39.7,39.7,37.5,37.9
2006/01/13,37.5,37.9,36.6,37.8
2006/01/16,37.8,38.8,37.5,38.8
2006/01/17,39.3,40.5,38.8,39.0
2006/01/18,38.1,39.0,37.5,37.7
2006/01/19,38.1,38.3,35.7,37.8
2006/01/20,38.3,38.3,36.9,36.9
2006/01/23,34.4,35.4,34.4,35.0
2006/01/24,35.0,37.4,35.0,37.3
2006/01/25,37.3,38.3,36.2,38.3
2006/02/02,38.3,38.3,36.4,36.9
2006/02/03,38.2,38.2,37.3,37.5
2006/02/06,36.8,37.4,36.7,37.2
2006/02/07,37.2,37.9,36.8,36.8
2006/02/08,36.7,36.8,35.0,35.6
2006/02/09,36.5,36.5,34.4,34.8
2006/02/10,35.5,35.5,34.4,34.4
2006/02/13,34.6,35.9,34.6,35.7
2006/02/14,35.7,37.5,35.4,37.5
2006/02/15,37.5,38.2,37.2,37.5
2006/02/16,37.5,38.1,37.5,37.5
2006/02/17,37.7,38.0,36.6,36.6
2006/02/20,36.8,36.8,36.0,36.1
2006/02/21,36.2,36.8,35.4,35.7
2006/02/22,35.9,36.7,35.1,35.9
2006/02/23,35.9,36.8,35.9,36.7
2006/02/24,37.0,39.3,37.0,38.8
2006/02/27,38.5,39.7,37.9,38.6
2006/03/01,38.6,41.2,38.5,41.0
2006/03/02,41.4,41.4,39.9,40.1
2006/03/03,40.1,40.1,38.6,38.8
2006/03/06,38.9,40.3,38.9,39.7
2006/03/07,39.7,39.7,39.7,39.7
2006/03/08,39.5,39.9,38.9,39.3
2006/03/10,41.4,41.8,40.9,41.3
2006/03/13,41.3,43.5,41.3,42.3
2006/03/14,42.3,42.7,41.4,41.6
2006/03/15,42.3,44.5,41.7,44.1
2006/03/16,44.1,47.1,43.6,45.8
2006/03/17,45.8,48.9,45.8,48.9
2006/03/20,50.7,51.1,49.3,51.1
2006/03/21,51.1,51.1,47.6,47.6
2006/03/22,44.5,47.4,44.5,47.4
2006/03/23,47.1,48.0,45.4,46.3
2006/03/24,45.8,46.3,43.8,44.5
2006/03/27,44.9,47.6,44.9,47.6
2006/03/28,48.0,48.7,47.1,48.0
2006/03/29,48.0,48.5,47.1,48.0
2006/03/30,48.5,50.0,47.4,48.0
2006/03/31,48.7,50.9,47.6,50.7
2006/04/03,51.8,52.4,50.0,50.7
2006/04/04,50.7,54.2,49.8,54.2
2006/04/06,57.9,57.9,56.4,57.9
2006/04/07,57.9,58.4,56.6,57.9
2006/04/10,57.7,58.2,56.6,58.2
2006/04/11,56.8,57.9,54.2,55.5
2006/04/12,52.9,57.5,52.9,57.5
2006/04/13,59.3,59.9,56.2,56.8
2006/04/14,56.8,58.2,55.3,56.4
2006/04/17,56.8,57.7,55.5,55.5
2006/04/18,55.5,56.2,52.9,56.2
2006/04/19,57.3,57.7,55.5,55.5
2006/04/20,56.2,57.9,56.2,57.5
2006/04/21,57.7,58.8,56.2,57.5
2006/04/24,56.8,57.9,55.5,56.2
2006/04/25,57.3,57.3,54.9,55.3
2006/04/26,55.7,57.9,55.3,57.3
2006/04/27,57.9,58.4,56.6,57.9
2006/04/28,58.4,60.6,58.4,60.6
2006/05/02,60.8,61.2,56.6,58.4
2006/05/03,58.6,59.5,57.3,59.0
2006/05/04,59.5,59.9,57.7,58.6
2006/05/05,58.6,59.0,55.1,55.1
2006/05/08,55.5,57.3,52.9,57.3
2006/05/09,57.3,57.3,55.7,56.6
2006/05/10,56.6,57.7,54.6,54.9
2006/05/11,54.9,56.2,54.4,55.5
2006/05/12,54.2,55.3,53.5,53.8
2006/05/15,52.9,54.6,52.9,53.8
2006/05/16,55.1,55.7,54.0,54.6
2006/05/17,55.7,55.7,53.8,54.2
2006/05/18,53.5,53.8,50.7,52.4
2006/05/19,52.0,52.4,50.9,52.4
2006/05/22,53.3,54.2,52.2,52.4
2006/05/23,50.9,51.8,48.9,48.9
2006/05/24,47.6,49.3,45.8,46.7
2006/05/25,47.1,48.7,46.9,48.5
2006/05/26,50.0,50.2,47.1,48.9
2006/05/29,48.9,49.1,48.0,48.2
2006/05/30,48.5,49.8,48.5,49.3
2006/06/01,49.6,49.6,48.0,48.5
2006/06/02,48.9,49.3,45.8,46.3
2006/06/05,45.8,45.8,43.0,43.0
2006/06/06,40.6,41.3,40.1,40.1
2006/06/07,38.2,38.8,37.3,37.3
2006/06/08,35.8,36.2,34.7,34.7
2006/06/09,35.2,36.7,34.7,35.9
2006/06/12,35.6,35.9,33.9,34.8
2006/06/13,34.1,36.4,33.9,35.6
2006/06/14,35.8,36.0,34.8,35.6
2006/06/15,35.9,36.0,33.9,34.5
2006/06/16,35.6,35.9,32.2,32.3
2006/06/19,32.3,32.4,30.0,30.6
2006/06/20,30.6,31.5,29.6,30.0
2006/06/21,29.9,29.9,27.9,27.9
2006/06/22,28.8,29.8,28.6,29.8
2006/06/23,30.3,31.7,30.3,31.1
2006/06/26,32.6,33.2,31.5,33.2
2006/06/27,33.3,33.9,32.8,33.4
2006/06/28,32.8,34.4,32.7,34.1
2006/06/29,34.1,34.3,33.1,33.4
2006/06/30,34.1,34.1,32.9,33.0
2006/07/03,33.0,33.7,32.9,33.7
2006/07/04,33.7,35.2,33.2,34.1
2006/07/05,34.1,35.0,33.5,34.5
2006/07/06,34.5,35.5,34.4,35.1
2006/07/07,35.2,37.5,34.9,37.1
2006/07/10,37.0,38.5,36.7,37.6
2006/07/11,37.0,37.7,36.5,36.6
2006/07/12,36.6,37.7,36.6,37.0
2006/07/13,36.8,37.4,36.0,36.7
2006/07/14,36.1,36.1,35.1,35.6
2006/07/17,34.4,35.2,33.2,33.2
2006/07/18,31.7,33.0,31.7,32.9
2006/07/19,33.2,34.4,32.9,33.1
2006/07/20,34.1,34.1,34.1,34.1
2006/07/21,34.9,35.5,34.8,35.1
2006/07/24,34.4,35.7,34.2,35.4
2006/07/25,36.8,37.8,36.6,37.8
2006/07/26,38.3,39.1,38.0,38.5
2006/07/27,39.1,41.2,38.6,41.2
2006/07/28,41.2,41.2,40.3,40.7
2006/07/31,41.4,42.8,40.7,40.7
2006/08/01,41.5,41.5,40.5,41.0
2006/08/02,40.8,40.9,39.6,40.3
2006/08/03,40.5,40.8,40.2,40.3
2006/08/04,40.5,42.1,37.5,38.9
2006/08/07,37.3,37.3,36.2,36.2
2006/08/08,35.9,37.4,35.8,37.2
2006/08/09,37.2,38.5,36.6,38.2
2006/08/10,38.1,39.2,38.0,38.7
2006/08/11,39.9,41.3,39.3,41.3
2006/08/14,42.6,43.1,41.2,43.1
2006/08/15,43.3,43.8,41.8,42.3
2006/08/16,42.8,42.9,41.6,41.9
2006/08/17,41.9,43.5,41.6,42.0
2006/08/18,42.6,42.6,41.5,41.7
2006/08/21,41.7,41.9,38.8,38.8
2006/08/22,38.8,39.5,37.8,39.5
2006/08/23,39.5,41.5,38.2,41.5
2006/08/24,41.5,43.8,40.7,42.9
2006/08/25,44.1,45.8,43.8,44.3
2006/08/28,44.2,44.6,42.8,43.2
2006/08/29,43.5,44.3,43.5,43.6
2006/08/30,44.1,44.9,43.2,43.4
2006/08/31,44.3,44.5,42.6,44.2
2006/09/01,44.3,45.1,43.9,44.8
2006/09/04,45.1,45.7,44.5,44.5
2006/09/05,44.5,45.8,44.5,44.9
2006/09/06,44.6,45.2,44.0,44.2
2006/09/07,43.7,44.6,43.7,44.2
2006/09/08,44.2,44.5,43.1,43.7
2006/09/11,44.2,44.8,43.9,44.7
2006/09/12,44.7,44.7,42.8,42.8
2006/09/13,43.1,43.4,41.6,42.3
2006/09/14,42.4,42.6,41.0,41.7
2006/09/15,41.3,42.9,41.3,42.8
2006/09/18,43.8,44.6,43.4,44.2
2006/09/19,44.5,46.6,44.3,45.8
2006/09/20,45.8,46.2,44.9,45.6
2006/09/21,46.2,46.2,44.3,44.7
2006/09/22,44.3,45.0,44.3,45.0
2006/09/25,44.9,45.1,43.8,44.3
2006/09/26,44.3,44.8,43.6,43.6
2006/09/27,44.1,44.1,43.5,43.6
2006/09/28,43.6,43.6,42.0,42.6
2006/09/29,42.5,43.1,41.7,42.3
2006/10/02,42.0,42.1,39.8,40.5
2006/10/03,40.0,41.8,40.0,41.4
2006/10/04,41.5,41.8,39.3,39.4
2006/10/05,39.6,39.8,37.5,38.4
2006/10/10,38.4,38.4,38.4,38.4
2006/10/11,38.2,39.4,38.0,39.3
2006/10/12,39.8,40.8,39.8,40.1
2006/10/13,40.7,41.3,40.5,40.5
2006/10/16,40.5,41.4,40.4,41.0
2006/10/17,41.5,43.4,41.4,42.6
2006/10/18,42.5,43.1,41.9,43.1
2006/10/19,43.1,43.6,42.5,42.5
2006/10/20,42.6,43.0,42.0,42.2
2006/10/23,42.5,42.5,41.8,41.8
2006/10/24,41.9,43.4,41.9,43.2
2006/10/25,43.3,43.4,42.7,43.1
2006/10/26,43.4,45.4,43.4,45.1
2006/10/27,45.6,45.6,44.8,45.4
2006/10/30,45.2,45.8,44.8,45.8
2006/10/31,45.8,46.6,45.2,45.5
2006/11/01,45.6,45.6,44.4,45.1
2006/11/02,44.2,46.9,44.2,46.6
2006/11/03,46.6,48.2,46.6,47.6
2006/11/06,46.1,47.4,46.1,47.1
2006/11/07,48.4,48.6,46.4,46.5
2006/11/08,46.5,47.9,46.5,47.2
2006/11/09,47.8,48.1,45.6,45.9
2006/11/10,46.2,46.7,44.9,45.2
2006/11/13,45.3,45.9,44.9,45.2
2006/11/14,45.2,45.7,44.6,45.2
2006/11/15,45.6,46.4,45.3,46.1
2006/11/16,46.6,46.6,45.1,45.1
2006/11/17,45.6,45.8,45.0,45.6
2006/11/20,45.6,45.9,45.3,45.4
2006/11/21,45.7,46.2,45.5,45.6
2006/11/22,46.0,46.1,45.0,45.1
2006/11/23,45.6,46.8,45.4,46.1
2006/11/24,46.6,47.6,46.4,47.4
2006/11/27,47.9,49.0,47.5,48.1
2006/11/28,47.9,48.5,46.9,47.1
2006/11/29,47.2,47.5,46.5,47.0
2006/11/30,47.1,48.6,46.3,48.3
2006/12/01,48.2,48.3,47.4,48.2
2006/12/04,48.2,48.2,46.2,46.6
2006/12/05,46.6,46.6,43.4,43.8
2006/12/06,43.1,44.0,42.5,43.9
2006/12/07,44.0,45.1,44.0,44.6
2006/12/08,44.1,45.1,44.0,45.1
2006/12/11,47.6,47.6,44.0,44.1
2006/12/12,44.1,44.1,41.1,41.4
2006/12/13,41.7,41.7,40.3,40.7
2006/12/14,41.1,41.9,40.6,41.9
2006/12/15,42.6,42.6,41.6,42.1
2006/12/18,42.1,42.1,41.4,41.9
2006/12/19,41.8,42.6,41.3,41.3
2006/12/20,41.5,42.1,41.5,42.0
2006/12/21,42.1,42.3,41.6,41.7
2006/12/22,41.7,42.8,41.7,42.2
2006/12/25,42.9,42.9,42.3,42.3
2006/12/26,42.7,42.8,41.8,42.0
2006/12/27,42.1,42.5,41.7,41.7
2006/12/28,41.7,42.1,41.4,42.0
2006/12/29,42.3,42.6,41.9,42.6
2007/01/01,42.6,42.6,42.6,42.6
2007/01/02,42.8,44.1,42.6,43.6
2007/01/03,43.9,44.0,43.0,43.0
2007/01/04,43.1,43.4,42.3,42.6
2007/01/05,42.8,44.3,42.8,43.9
2007/01/08,44.1,44.1,43.2,43.3
2007/01/09,44.3,45.1,44.0,44.6
2007/01/10,43.6,44.5,43.6,44.3
2007/01/11,44.5,46.4,43.4,44.7
2007/01/12,46.1,46.1,44.8,45.0
2007/01/15,45.4,45.5,44.3,45.0
2007/01/16,45.1,45.2,43.1,43.4
2007/01/17,43.3,44.1,43.3,43.5
2007/01/18,43.5,44.3,43.5,43.7
2007/01/19,43.7,45.8,43.6,45.8
2007/01/22,46.3,47.7,45.7,47.3
2007/01/23,47.9,48.1,46.7,47.2
2007/01/24,47.4,47.9,46.9,47.6
2007/01/25,47.9,49.0,47.2,48.8
2007/01/26,48.4,48.6,47.8,48.1
2007/01/29,48.1,48.6,45.3,46.3
2007/01/30,46.3,46.3,45.2,45.8
2007/01/31,45.9,46.3,45.2,45.4
2007/02/01,45.8,46.1,45.1,45.4
2007/02/02,45.6,45.8,45.0,45.5
2007/02/05,45.5,46.4,45.5,45.6
2007/02/06,45.6,46.0,44.5,45.7
2007/02/07,45.7,46.3,45.3,45.6
2007/02/08,46.0,46.5,45.6,45.6
2007/02/09,45.5,45.7,44.9,45.3
2007/02/12,44.8,45.1,44.5,44.6
2007/02/13,44.6,45.1,44.5,44.6
2007/02/14,44.6,45.0,44.6,44.8
2007/02/26,45.6,46.4,45.3,46.1
2007/02/27,47.1,49.3,46.4,49.3
2007/03/01,49.1,52.7,49.1,51.7
2007/03/02,50.9,51.7,50.3,50.5
2007/03/05,48.1,48.4,45.2,45.9
2007/03/06,46.1,46.9,45.6,46.4
2007/03/07,46.8,47.8,46.1,46.7
2007/03/08,47.4,48.9,46.9,48.2
2007/03/09,48.6,48.7,47.4,47.5
2007/03/12,47.6,48.9,47.6,48.4
2007/03/13,48.7,49.8,48.2,48.2
2007/03/14,47.3,47.9,46.1,47.6
2007/03/15,48.1,49.1,47.9,48.8
2007/03/16,49.1,49.9,48.2,48.3
2007/03/20,48.6,48.6,47.6,47.6
2007/03/21,48.1,49.7,47.9,49.4
2007/03/22,50.2,50.2,48.9,48.9
2007/03/23,49.3,50.4,49.0,49.1
2007/03/26,49.9,49.9,49.0,49.2
2007/03/27,49.2,49.5,48.3,48.3
2007/03/28,48.3,48.8,48.1,48.6
2007/03/29,48.5,49.0,48.2,48.9
2007/03/30,49.1,50.6,49.0,49.3
2007/04/02,49.5,50.1,48.6,48.6
2007/04/03,48.7,49.1,48.4,48.7
2007/04/04,48.7,49.6,48.7,48.8
2007/04/09,49.0,49.3,47.4,47.4
2007/04/10,47.2,47.6,45.5,46.4
2007/04/11,45.6,45.6,43.2,43.6
2007/04/12,43.3,43.8,43.1,43.3
2007/04/13,43.6,43.8,42.6,43.1
2007/04/16,43.2,43.2,41.5,41.5
2007/04/17,41.4,41.4,38.7,38.7
2007/04/18,38.7,38.7,38.0,38.4
2007/04/19,38.5,40.1,38.5,39.5
2007/04/20,41.0,42.0,40.2,41.3
2007/04/23,42.9,42.9,41.8,42.1
2007/04/24,42.3,42.7,41.6,41.8
2007/04/25,41.8,42.6,41.6,41.6
2007/04/26,42.0,42.8,41.9,42.5
2007/04/27,42.5,42.7,41.8,41.8
2007/04/30,41.8,42.3,41.6,41.8
2007/05/02,42.2,42.6,41.2,41.5
2007/05/03,41.5,41.9,39.5,40.8
2007/05/04,41.2,41.8,41.0,41.6
2007/05/07,41.9,41.9,40.9,41.4
2007/05/08,41.4,41.9,41.3,41.6
2007/05/09,41.6,41.6,40.3,40.5
2007/05/10,40.5,41.2,40.5,40.9
2007/05/11,40.5,40.8,40.5,40.6
2007/05/14,40.9,41.5,40.6,41.3
2007/05/15,41.3,41.5,41.0,41.3
2007/05/16,41.5,41.6,41.3,41.5
2007/05/17,41.8,43.4,41.6,43.1
2007/05/18,43.5,44.9,43.2,44.3
2007/05/21,44.6,45.7,44.2,45.1
2007/05/22,45.3,45.8,44.8,45.1
2007/05/23,45.1,45.5,44.4,44.8
2007/05/24,44.8,46.5,44.7,46.4
2007/05/25,45.8,46.6,45.8,46.4
2007/05/28,46.6,47.0,45.2,45.2
2007/05/29,45.3,46.3,45.3,45.6
2007/05/30,46.1,46.1,45.5,45.6
2007/05/31,45.8,47.3,45.8,46.9
2007/06/01,47.2,47.7,46.3,46.3
2007/06/04,46.6,46.9,46.3,46.4
2007/06/05,46.6,48.1,46.1,46.9
2007/06/06,46.9,49.9,46.9,48.3
2007/06/07,48.3,48.9,47.6,48.6
2007/06/08,48.1,48.8,47.4,47.6
2007/06/11,47.8,48.1,47.3,47.4
2007/06/12,47.4,48.5,47.1,48.4
2007/06/13,48.4,48.4,47.4,47.5
2007/06/14,47.9,48.2,47.4,47.4
2007/06/15,47.5,48.0,46.4,46.6
2007/06/20,46.7,47.5,46.4,47.1
2007/06/21,47.5,47.6,46.7,46.7
2007/06/22,47.4,48.5,47.0,47.6
2007/06/25,47.5,48.9,47.2,48.9
2007/06/26,48.9,48.9,47.6,47.6
2007/06/27,47.2,48.0,47.2,47.3
2007/06/28,47.8,48.2,47.3,47.3
2007/06/29,47.8,48.2,47.8,48.1
2007/07/02,48.8,49.6,48.3,48.8
2007/07/03,49.4,49.7,48.9,49.3
2007/07/04,49.6,50.5,49.1,50.1
2007/07/05,50.4,52.7,49.9,51.7
2007/07/06,52.7,53.2,50.7,51.7
2007/07/09,52.2,53.2,50.7,52.2
2007/07/10,52.4,52.7,51.2,51.2
2007/07/11,50.7,52.7,49.9,51.4
2007/07/12,52.4,52.4,50.6,50.7
2007/07/13,51.2,51.4,49.9,49.9
2007/07/16,50.6,50.7,48.9,49.2
2007/07/17,48.6,49.3,48.1,49.1
2007/07/18,49.0,49.0,48.1,48.2
2007/07/19,48.0,48.9,48.0,48.2
2007/07/20,48.6,49.1,48.0,48.3
2007/07/23,48.4,49.5,48.2,49.3
2007/07/24,49.3,50.4,48.9,49.2
2007/07/25,49.1,49.9,48.6,49.9
2007/07/26,52.2,53.4,49.9,53.4
2007/07/27,53.4,54.7,52.2,52.7
2007/07/30,52.7,53.7,49.5,50.3
2007/07/31,52.2,52.4,50.9,51.4
2007/08/01,50.0,51.2,48.9,48.9
2007/08/02,49.2,50.4,46.1,46.9
2007/08/03,47.6,49.4,47.4,48.8
2007/08/06,47.9,48.2,47.4,47.5
2007/08/07,46.7,47.6,46.2,46.5
2007/08/08,47.0,48.3,46.5,47.4
2007/08/09,48.0,48.9,47.9,48.2
2007/08/10,46.7,47.7,46.2,47.1
2007/08/13,47.9,48.1,47.0,47.4
2007/08/14,47.4,47.7,46.8,47.5
2007/08/15,46.5,47.1,44.5,45.0
2007/08/16,44.2,44.7,41.9,41.9
2007/08/17,41.9,42.8,39.1,40.0
2007/08/20,42.8,42.8,41.9,42.5
2007/08/21,42.5,42.5,41.0,41.2
2007/08/22,41.3,41.8,40.0,41.3
2007/08/23,42.5,43.6,42.0,43.4
2007/08/24,43.0,44.2,42.7,43.7
2007/08/27,44.5,45.2,43.9,44.4
2007/08/28,44.8,46.9,44.7,45.8
2007/08/29,43.2,45.8,43.2,45.8
2007/08/30,46.5,48.3,46.5,47.1
2007/08/31,47.2,48.8,46.9,48.6
2007/09/03,48.9,49.8,47.8,47.9
2007/09/04,47.9,48.4,46.9,47.0
2007/09/05,47.7,47.8,46.4,46.5
2007/09/06,47.4,48.4,46.6,47.3
2007/09/07,47.5,48.1,46.8,46.8
2007/09/10,46.8,47.3,46.1,46.2
2007/09/11,46.2,46.7,45.7,46.7
2007/09/12,46.8,47.1,46.2,46.7
2007/09/13,46.7,46.9,45.0,45.3
2007/09/14,45.9,45.9,45.0,45.1
2007/09/17,45.1,45.6,44.1,44.1
2007/09/19,44.7,44.7,42.5,42.8
2007/09/20,43.1,43.3,41.2,42.1
2007/09/21,42.1,43.8,42.1,43.6
2007/09/26,45.0,45.0,44.1,44.7
2007/09/27,45.3,46.8,45.0,46.5
2007/09/28,46.8,48.0,46.6,46.8
2007/10/01,47.5,48.2,47.0,47.5
2007/10/02,48.3,48.8,47.2,47.5
2007/10/03,47.4,47.4,45.8,45.9
2007/10/04,45.6,47.1,45.6,46.9
2007/10/05,46.9,47.1,45.9,46.1
2007/10/08,46.5,46.7,45.8,46.0
2007/10/09,46.0,46.0,44.0,44.4
2007/10/11,44.4,45.3,44.3,44.8
2007/10/12,44.5,45.0,43.9,44.1
2007/10/15,45.6,45.6,44.2,44.5
2007/10/16,44.5,45.1,44.2,44.7
2007/10/17,44.7,45.3,44.3,44.7
2007/10/18,44.7,47.1,44.7,46.6
2007/10/19,46.9,46.9,45.6,45.6
2007/10/22,44.2,44.8,44.2,44.2
2007/10/23,44.4,45.7,44.4,45.5
2007/10/24,46.2,46.5,44.8,44.8
2007/10/25,46.8,47.0,45.8,46.6
2007/10/26,46.8,46.9,46.1,46.5
2007/10/29,47.0,47.0,46.2,46.2
2007/10/30,46.5,46.7,45.2,45.4
2007/10/31,45.4,45.8,44.8,45.0
2007/11/01,45.3,46.2,44.9,45.2
2007/11/02,43.8,45.0,43.8,44.4
2007/11/05,44.4,44.7,44.0,44.6
2007/11/06,44.7,44.8,44.1,44.2
2007/11/07,44.4,45.0,44.2,44.2
2007/11/08,43.8,43.8,41.2,41.2
2007/11/09,41.2,41.6,38.4,40.1
2007/11/12,38.3,39.2,37.4,37.8
2007/11/13,37.9,38.8,36.9,38.8
2007/11/14,40.0,40.9,39.2,40.8
2007/11/15,40.7,41.1,40.1,40.9
2007/11/16,40.5,40.7,39.8,40.0
2007/11/19,40.3,40.9,39.5,39.5
2007/11/20,38.9,41.1,38.5,41.1
2007/11/21,41.9,41.9,40.0,40.0
2007/11/22,39.5,40.4,39.3,39.6
2007/11/23,40.1,40.1,39.0,39.5
2007/11/26,40.1,40.2,39.1,39.4
2007/11/27,37.4,38.7,37.3,38.0
2007/11/28,38.0,38.6,37.4,37.8
2007/11/29,38.4,38.9,37.4,37.6
2007/11/30,37.9,38.5,37.4,38.5
2007/12/03,39.6,39.6,39.6,39.6
2007/12/04,40.1,41.1,39.1,41.1
2007/12/05,41.0,41.6,40.6,41.1
2007/12/06,41.4,42.5,41.4,41.9
2007/12/07,42.2,43.0,40.4,41.4
2007/12/10,39.6,40.7,39.2,40.2
2007/12/11,40.0,40.1,39.0,39.3
2007/12/12,38.6,39.4,38.3,39.0
2007/12/13,39.0,39.4,37.7,37.7
2007/12/14,37.7,38.2,35.2,35.5
2007/12/17,35.2,35.4,33.1,33.1
2007/12/18,30.9,32.9,30.7,32.8
2007/12/19,33.1,35.1,33.1,35.1
2007/12/20,35.4,35.7,32.6,32.6
2007/12/21,32.6,33.4,32.1,32.9
2007/12/24,33.4,34.6,33.4,34.6
2007/12/25,34.8,34.9,34.0,34.6
2007/12/26,34.2,34.6,33.8,33.8
2007/12/27,33.1,34.5,33.1,33.7
2007/12/28,33.7,35.0,33.6,34.6
2007/12/31,34.6,35.2,34.6,35.1
2008/01/02,35.4,35.4,34.3,34.3
2008/01/03,33.4,33.8,33.0,33.1
2008/01/04,33.1,33.5,32.4,32.5
2008/01/07,31.3,31.6,30.3,30.4
2008/01/08,30.4,30.9,29.2,29.5
2008/01/09,29.1,29.2,28.1,28.7
2008/01/10,29.2,29.8,28.1,28.2
2008/01/11,28.7,29.2,28.4,29.2
2008/01/14,29.5,29.8,28.6,28.9
2008/01/15,29.2,29.9,28.6,28.7
2008/01/16,28.4,28.4,27.3,27.3
2008/01/17,27.4,27.9,25.4,26.0
2008/01/18,25.8,26.6,24.9,26.6
2008/01/21,26.6,26.9,26.1,26.7
2008/01/22,24.9,25.4,24.9,24.9
2008/01/23,24.9,25.2,23.2,23.3
2008/01/24,23.4,24.1,22.5,23.6
2008/01/25,23.8,25.3,23.8,25.3
2008/01/28,24.9,25.2,24.7,24.9
2008/01/29,25.5,25.8,25.1,25.5
2008/01/30,25.7,26.4,25.5,25.9
2008/01/31,25.8,26.1,24.9,26.1
2008/02/01,26.4,26.6,25.7,26.1
2008/02/12,24.9,25.8,24.6,24.9
2008/02/13,25.2,25.8,24.6,25.2
2008/02/14,25.5,27.0,25.5,27.0
2008/02/15,26.2,27.0,26.1,26.6
2008/02/18,26.4,26.9,25.8,26.3
2008/02/19,26.6,27.2,25.9,26.9
2008/02/20,26.6,27.4,26.3,26.7
2008/02/21,26.9,27.9,26.9,27.3
2008/02/22,27.0,27.3,26.5,27.3
2008/02/25,27.7,27.7,27.1,27.2
2008/02/26,27.5,27.8,26.8,26.8
2008/02/27,27.0,27.7,26.9,27.3
2008/02/29,27.3,28.0,27.0,27.3
2008/03/03,27.0,27.0,26.3,26.4
2008/03/04,26.7,27.0,26.6,26.8
2008/03/05,27.0,27.0,26.1,26.3
2008/03/06,26.3,27.0,26.3,27.0
2008/03/07,26.9,27.4,26.7,27.1
2008/03/10,27.1,27.1,26.4,26.4
2008/03/11,26.1,26.3,25.9,26.0
2008/03/12,26.5,27.0,26.4,26.5
2008/03/13,26.6,27.3,26.6,26.6
2008/03/14,27.1,27.4,26.7,26.7
2008/03/17,26.6,26.6,25.6,25.8
2008/03/18,25.5,25.9,24.9,25.4
2008/03/19,25.8,26.0,24.4,24.5
2008/03/20,24.5,25.0,24.3,24.8
2008/03/21,25.4,25.5,25.0,25.4
2008/03/24,26.7,26.7,25.8,26.4
2008/03/25,27.7,28.2,27.3,28.2
2008/03/26,29.7,30.1,29.5,29.8
2008/03/27,30.4,31.8,29.7,31.8
2008/03/28,31.4,32.2,30.7,31.8
2008/03/31,31.8,33.5,31.8,32.8
2008/04/01,33.1,33.4,32.2,32.2
2008/04/02,32.8,33.1,31.4,31.4
2008/04/03,31.6,33.6,31.6,33.6
2008/04/07,33.6,34.0,32.5,33.6
2008/04/08,33.4,34.6,33.1,34.2
2008/04/09,34.2,34.2,33.6,34.0
2008/04/10,34.2,34.9,33.8,34.0
2008/04/11,34.1,34.3,33.2,33.2
2008/04/14,32.9,33.4,32.2,32.9
2008/04/15,32.4,33.7,32.4,33.2
2008/04/16,33.5,33.9,32.6,33.1
2008/04/17,33.4,34.8,33.1,34.5
2008/04/18,34.5,34.5,33.5,33.5
2008/04/21,33.9,34.9,33.6,34.2
2008/04/22,34.5,36.6,34.3,36.5
2008/04/23,36.8,39.0,35.6,38.0
2008/04/24,38.3,39.4,37.4,38.6
2008/04/25,38.7,38.8,37.2,37.2
2008/04/28,37.1,37.6,36.0,36.2
2008/04/29,36.2,38.5,36.2,37.1
2008/04/30,37.4,37.9,36.7,37.1
2008/05/02,37.9,38.5,37.1,37.4
2008/05/05,38.0,38.0,36.9,36.9
2008/05/06,36.9,38.1,36.6,37.9
2008/05/07,38.4,40.5,38.2,39.6
2008/05/08,38.6,38.6,38.6,38.6
2008/05/09,38.6,39.0,37.4,37.4
2008/05/12,36.9,37.4,36.5,37.4
2008/05/13,37.8,38.8,37.4,38.3
2008/05/14,38.3,38.9,38.0,38.5
2008/05/15,38.5,38.8,38.0,38.2
2008/05/16,38.6,40.0,38.6,38.8
2008/05/19,39.2,39.2,38.3,39.0
2008/05/20,39.2,39.8,38.6,38.6
2008/05/21,38.9,39.0,38.0,38.3
2008/05/22,38.0,39.0,38.0,38.0
2008/05/23,38.0,38.2,35.6,35.6
2008/05/26,34.4,35.2,34.0,34.3
2008/05/27,34.6,36.2,34.5,36.2
2008/05/28,36.8,36.8,35.3,36.0
2008/05/29,36.2,36.8,34.9,35.5
2008/05/30,35.5,37.1,34.8,36.8
2008/06/02,36.8,36.8,35.9,35.9
2008/06/03,35.9,36.2,35.6,35.9
2008/06/04,36.2,36.2,35.2,35.3
2008/06/05,35.8,35.9,34.6,35.7
2008/06/06,35.8,36.3,35.4,35.5
2008/06/09,33.4,35.2,33.2,34.9
2008/06/10,34.1,35.1,34.0,34.0
2008/06/11,33.5,34.3,33.1,33.1
2008/06/12,32.2,32.4,30.8,30.8
2008/06/13,31.0,31.2,29.2,30.3
2008/06/16,30.3,31.5,30.3,31.1
2008/06/17,31.1,31.5,30.4,31.1
2008/06/18,31.0,32.2,31.0,32.0
2008/06/19,30.9,32.0,30.9,32.0
2008/06/20,31.8,32.0,30.9,32.0
2008/06/23,31.0,31.7,31.0,31.2
2008/06/24,31.0,31.5,29.0,29.2
2008/06/25,28.9,29.1,27.8,28.9
2008/06/26,29.2,30.4,29.2,29.5
2008/06/27,27.4,28.3,27.4,27.8
2008/06/30,28.1,29.5,27.8,28.1
2008/07/01,28.4,28.8,27.4,27.6
2008/07/02,28.0,29.3,28.0,28.9
2008/07/03,28.3,30.3,27.8,30.3
2008/07/04,30.2,30.3,29.3,29.3
2008/07/07,29.3,29.8,28.7,29.8
2008/07/08,29.7,29.7,27.7,27.7
2008/07/09,28.6,29.4,28.0,28.6
2008/07/10,27.3,28.9,27.3,28.3
2008/07/11,28.5,30.1,28.4,30.0
2008/07/14,30.0,30.7,29.7,30.4
2008/07/15,30.1,30.3,28.6,30.3
2008/07/16,30.9,30.9,29.2,29.2
2008/07/17,30.2,31.2,29.8,31.2
2008/07/18,32.0,33.1,31.5,31.9
2008/07/21,32.3,34.1,32.3,34.1
2008/07/22,34.0,34.7,32.9,34.4
2008/07/23,34.5,35.2,34.1,34.2
2008/07/24,34.3,35.5,34.2,35.2
2008/07/25,34.6,34.9,33.8,34.3
2008/07/29,33.7,34.3,32.8,33.3
2008/07/30,33.7,34.1,32.5,32.6
2008/07/31,32.6,33.1,30.3,30.3
2008/08/01,28.3,29.5,28.2,29.5
2008/08/04,29.2,30.2,28.9,30.0
2008/08/05,29.4,29.5,28.7,28.8
2008/08/06,29.8,30.6,29.6,30.6
2008/08/07,30.7,31.8,30.3,31.1
2008/08/08,31.1,32.4,30.6,32.0
2008/08/11,32.1,32.9,31.7,32.8
2008/08/12,32.8,33.3,31.8,31.9
2008/08/13,31.5,32.7,31.2,32.4
2008/08/14,32.1,32.4,31.6,32.1
2008/08/15,32.3,32.4,31.0,31.1
2008/08/18,30.6,31.2,29.7,29.8
2008/08/19,28.5,29.6,28.3,29.4
2008/08/20,29.0,30.0,28.8,29.7
2008/08/21,29.7,30.0,28.7,28.9
2008/08/22,28.8,29.2,26.9,27.6
2008/08/25,27.9,28.2,27.5,27.5
2008/08/26,27.0,28.2,26.9,27.7
2008/08/27,27.9,28.5,27.7,28.1
2008/08/28,28.2,28.6,27.8,28.3
2008/08/29,28.5,28.9,28.3,28.3
2008/09/01,28.2,28.2,27.0,27.0
2008/09/02,26.5,27.0,26.1,26.7
2008/09/03,26.7,27.2,26.3,26.7
2008/09/04,26.8,27.1,25.9,26.6
2008/09/05,25.2,26.6,25.2,26.6
2008/09/08,27.8,27.9,27.2,27.7
2008/09/09,25.8,26.5,25.8,25.8
2008/09/10,24.0,24.7,24.0,24.5
2008/09/11,24.6,24.6,22.9,23.3
2008/09/12,23.3,23.5,21.7,22.1
2008/09/15,22.0,22.0,20.5,20.5
2008/09/16,19.1,19.5,19.1,19.1
2008/09/17,19.5,20.3,17.8,18.4
2008/09/18,17.3,17.7,17.2,17.5
2008/09/19,18.7,18.8,18.2,18.8
2008/09/22,19.6,20.1,19.5,20.1
2008/09/23,19.9,21.5,19.9,21.5
2008/09/24,22.9,22.9,22.8,22.9
2008/09/25,22.9,23.6,22.4,23.3
2008/09/26,23.3,23.4,21.7,21.7
2008/09/30,20.2,21.1,20.2,20.9
2008/10/01,21.3,22.0,21.1,21.7
2008/10/02,22.0,22.2,21.0,21.1
2008/10/03,20.6,22.6,20.4,22.6
2008/10/06,22.3,23.8,21.8,21.8
2008/10/07,21.7,23.3,21.3,23.3
2008/10/08,22.6,22.9,21.7,21.7
2008/10/09,22.4,23.2,21.7,22.4
2008/10/13,21.6,21.6,21.6,21.6
2008/10/14,23.1,23.1,22.6,23.1
2008/10/15,22.8,22.8,22.3,22.4
2008/10/16,21.6,21.6,21.6,21.6
2008/10/17,20.9,21.3,20.9,20.9
2008/10/20,20.2,21.0,20.2,20.8
2008/10/21,21.5,21.5,20.1,20.1
2008/10/22,19.4,20.3,19.4,19.4
2008/10/23,18.8,18.8,18.8,18.8
2008/10/24,18.1,18.4,18.1,18.1
2008/10/27,17.5,19.0,17.5,18.4
2008/10/28,18.4,19.6,17.1,19.6
2008/10/29,21.0,21.0,19.6,20.5
2008/10/30,20.6,21.9,19.8,21.8
2008/10/31,21.7,22.2,20.8,21.0
2008/11/03,21.0,21.2,20.3,20.9
2008/11/04,20.9,21.2,20.5,21.0
2008/11/05,21.4,21.4,20.3,20.3
2008/11/06,18.9,19.2,18.9,18.9
2008/11/07,17.6,19.2,17.6,19.0
2008/11/10,19.0,19.9,18.5,19.5
2008/11/11,18.7,19.2,18.3,18.7
2008/11/12,18.5,19.1,18.4,18.7
2008/11/13,17.6,18.0,17.4,17.6
2008/11/14,17.6,18.2,16.6,16.6
2008/11/17,15.4,15.7,15.4,15.4
2008/11/18,14.4,14.4,14.4,14.4
2008/11/19,13.4,14.4,13.4,13.7
2008/11/20,12.8,12.9,12.8,12.8
2008/11/21,11.9,13.6,11.9,13.6
2008/11/24,13.6,14.0,12.9,13.1
2008/11/25,13.7,13.8,13.3,13.3
2008/11/26,13.5,14.2,13.3,14.2
2008/11/27,14.7,15.2,14.4,15.2
2008/11/28,15.2,15.6,14.7,14.7
2008/12/01,14.9,15.7,14.8,15.7
2008/12/02,14.6,15.0,14.6,14.6
2008/12/03,14.9,15.1,13.8,14.0
2008/12/04,14.4,14.6,13.7,13.9
2008/12/05,13.7,14.3,13.4,13.9
2008/12/08,14.0,14.8,14.0,14.8
2008/12/09,14.8,15.6,14.8,15.2
2008/12/10,15.2,16.0,15.2,16.0
2008/12/11,15.9,16.7,15.7,15.8
2008/12/12,15.4,15.8,14.7,14.7
2008/12/15,15.2,15.5,14.9,14.9
2008/12/16,14.9,15.4,14.9,15.2
2008/12/17,15.9,16.2,15.6,16.1
2008/12/18,16.3,16.9,16.0,16.6
2008/12/19,16.6,16.8,16.3,16.4
2008/12/22,16.6,16.7,15.4,15.4
2008/12/23,15.2,15.4,14.3,14.4
2008/12/24,14.0,14.5,13.7,14.3
2008/12/25,14.6,14.8,14.4,14.8
2008/12/26,14.8,15.4,14.8,14.9
2008/12/29,14.7,14.7,14.3,14.3
2008/12/30,14.7,15.2,14.5,15.1
2008/12/31,15.4,15.5,15.1,15.3
2009/01/05,15.7,16.0,15.5,15.9
2009/01/06,16.0,16.3,15.8,15.9
2009/01/07,16.1,16.7,16.1,16.2
2009/01/08,15.7,15.9,15.1,15.1
2009/01/09,15.1,15.7,15.1,15.4
2009/01/12,15.9,15.9,15.2,15.2
2009/01/13,15.0,15.5,15.0,15.5
2009/01/14,15.7,15.9,15.4,15.4
2009/01/15,14.7,14.7,14.3,14.3
2009/01/16,14.7,14.7,14.2,14.5
2009/01/19,14.5,14.7,14.5,14.6
2009/01/20,14.2,14.5,14.2,14.5
2009/01/21,14.0,14.6,14.0,14.4
2009/02/02,14.4,14.5,14.2,14.3
2009/02/03,14.4,15.0,14.3,15.0
2009/02/04,15.2,15.4,15.0,15.1
2009/02/05,15.0,15.4,14.9,15.1
2009/02/06,15.3,15.9,15.2,15.8
2009/02/09,16.0,16.6,15.9,16.1
2009/02/10,16.4,16.7,15.9,16.6
2009/02/11,16.4,17.0,15.4,15.8
2009/02/12,14.7,14.8,14.7,14.7
2009/02/13,13.7,14.9,13.7,14.6
2009/02/16,14.7,15.0,14.4,14.6
2009/02/17,14.6,14.9,14.4,14.4
2009/02/18,14.7,15.4,14.5,15.4
2009/02/19,15.3,15.3,14.7,15.1
2009/02/20,14.7,15.1,14.4,14.4
2009/02/23,14.2,14.7,14.0,14.5
2009/02/24,14.3,14.5,14.1,14.3
2009/02/25,14.5,14.8,14.4,14.4
2009/02/26,14.6,14.8,14.5,14.5
2009/02/27,14.8,14.9,14.6,14.7
2009/03/02,14.6,15.0,14.3,14.4
2009/03/03,14.1,14.4,13.8,14.4
2009/03/04,14.4,15.1,14.3,14.9
2009/03/05,15.1,15.5,14.8,15.4
2009/03/06,15.2,16.2,15.2,16.2
2009/03/09,16.5,16.7,16.0,16.3
2009/03/10,16.4,17.1,16.2,16.6
2009/03/11,17.0,17.0,15.9,16.0
2009/03/12,16.1,16.4,16.0,16.1
2009/03/13,16.5,16.6,16.1,16.1
2009/03/16,16.4,17.2,16.4,17.2
2009/03/17,17.4,18.4,17.2,18.4
2009/03/18,18.6,18.7,18.0,18.3
2009/03/19,18.5,19.1,17.8,17.9
2009/03/20,17.8,18.1,17.5,17.5
2009/03/23,17.5,18.4,17.5,18.2
2009/03/24,18.5,18.7,17.8,18.2
2009/03/25,18.2,19.0,18.2,18.6
2009/03/26,18.9,19.2,18.5,18.9
2009/03/27,19.3,19.7,18.5,18.5
2009/03/30,18.5,18.7,17.8,17.8
2009/03/31,17.8,18.4,17.8,18.1
2009/04/01,18.4,18.7,18.2,18.4
2009/04/02,18.6,19.1,18.5,18.5
2009/04/03,18.8,19.0,18.5,18.8
2009/04/06,18.9,19.8,18.9,19.3
2009/04/07,19.0,19.4,19.0,19.1
2009/04/08,18.9,19.5,18.9,18.9
2009/04/09,19.3,19.4,19.0,19.3
2009/04/10,19.6,19.6,19.0,19.2
2009/04/13,19.5,19.8,19.2,19.7
2009/04/14,19.7,20.5,19.4,20.5
2009/04/15,20.5,20.5,19.7,19.9
2009/04/16,20.5,21.2,20.3,20.5
2009/04/17,21.0,21.0,19.0,19.0
2009/04/20,18.5,19.0,17.8,18.2
2009/04/21,17.9,19.5,17.8,19.5
2009/04/22,19.9,20.8,19.8,20.4
2009/04/23,20.7,21.8,20.0,21.8
2009/04/24,23.1,23.3,22.8,23.3
2009/04/27,23.4,23.4,21.7,21.8
2009/04/28,22.6,23.3,22.1,22.7
2009/04/29,22.9,23.1,21.6,21.9
2009/04/30,23.4,23.4,22.9,23.4
2009/05/04,25.1,25.1,24.4,25.1
2009/05/05,25.1,25.2,23.8,24.9
2009/05/06,24.5,26.6,24.5,26.1
2009/05/07,26.1,26.1,25.1,26.1
2009/05/08,25.7,27.6,25.3,26.9
2009/05/11,26.3,27.2,26.2,26.2
2009/05/12,25.7,26.1,24.8,25.0
2009/05/13,24.9,26.0,24.9,25.6
2009/05/14,24.8,26.0,24.8,25.4
2009/05/15,25.9,26.1,24.5,24.9
2009/05/18,25.2,25.2,24.5,24.7
2009/05/19,25.2,26.1,25.1,25.9
2009/05/20,26.5,27.3,25.8,27.3
2009/05/21,27.3,28.3,26.9,28.0
2009/05/22,27.6,27.9,27.3,27.4
2009/05/25,27.5,27.8,25.5,25.5
2009/05/26,25.2,26.0,24.1,24.4
2009/05/27,25.0,25.9,24.7,25.5
2009/06/01,26.2,26.3,25.5,25.9
2009/06/02,26.2,26.2,25.1,25.2
2009/06/03,25.2,25.2,24.6,24.9
2009/06/04,24.9,25.2,24.7,25.0
2009/06/05,25.2,26.0,25.2,25.2
2009/06/08,25.5,25.5,24.1,24.1
2009/06/09,23.4,23.6,22.4,22.4
2009/06/10,22.1,22.4,21.4,21.5
2009/06/11,21.5,22.3,21.5,22.2
2009/06/12,22.4,22.6,21.8,21.9
2009/06/15,21.7,21.8,20.4,20.4
2009/06/16,20.1,20.3,19.4,20.2
2009/06/17,20.2,20.6,19.7,19.7
2009/06/18,20.0,20.3,19.0,19.5
2009/06/19,19.6,20.8,19.6,20.8
2009/06/22,20.6,21.2,20.1,21.0
2009/06/23,20.4,20.9,20.3,20.9
2009/06/24,21.1,21.5,20.7,21.0
2009/06/25,21.2,22.4,21.1,22.4
2009/06/26,22.7,22.7,21.9,22.1
2009/06/29,21.9,22.3,21.4,21.5
2009/06/30,21.7,22.1,21.4,21.6
2009/07/01,21.7,22.4,21.6,21.9
2009/07/02,22.2,23.4,22.1,23.4
2009/07/03,23.3,24.1,23.3,24.1
2009/07/06,24.1,24.4,23.5,23.9
2009/07/07,24.0,24.6,23.6,24.4
2009/07/08,24.0,24.2,23.8,24.0
2009/07/09,24.0,24.7,23.8,24.1
2009/07/10,24.5,24.7,24.0,24.1
2009/07/13,24.0,24.0,22.4,22.4
2009/07/14,22.7,23.2,22.4,23.1
2009/07/15,23.2,23.7,23.1,23.4
2009/07/16,23.9,24.8,23.7,24.3
2009/07/17,24.5,26.0,24.5,26.0
2009/07/20,26.4,27.4,26.4,26.7
2009/07/21,26.9,26.9,25.2,26.0
2009/07/22,26.0,27.6,26.0,26.9
2009/07/23,26.9,27.0,26.4,26.7
2009/07/24,27.0,27.7,26.7,26.7
2009/07/27,26.9,27.1,26.2,26.6
2009/07/28,26.8,27.2,26.7,26.8
2009/07/29,27.1,27.1,26.2,26.3
2009/07/30,26.3,26.3,25.6,25.8
2009/07/31,26.0,26.7,26.0,26.1
2009/08/03,26.3,26.4,25.5,25.8
2009/08/04,26.0,26.1,24.6,24.7
2009/08/05,24.8,25.1,24.1,24.4
2009/08/06,24.5,24.7,24.1,24.5
2009/08/10,24.5,24.9,24.5,24.7
2009/08/11,23.6,24.1,23.0,23.8
2009/08/12,23.6,24.4,23.1,24.2
2009/08/13,24.5,24.9,24.2,24.6
2009/08/14,24.9,25.1,24.3,24.4
2009/08/17,24.2,24.4,23.8,23.8
2009/08/18,23.4,23.8,22.7,23.1
2009/08/19,23.7,23.7,23.3,23.3
2009/08/20,23.3,23.3,22.6,23.0
2009/08/21,23.0,23.7,22.9,22.9
2009/08/24,23.3,23.7,23.1,23.6
2009/08/25,23.8,24.1,23.6,23.6
2009/08/26,23.6,24.1,23.2,24.0
2009/08/27,24.0,24.7,23.9,24.4
2009/08/28,24.5,25.0,24.1,24.2
2009/08/31,24.5,24.5,23.8,24.0
2009/09/01,24.0,25.1,23.8,24.8
2009/09/02,24.5,25.4,24.5,25.4
2009/09/03,25.4,26.6,25.3,26.4
2009/09/04,26.6,26.8,25.9,26.2
2009/09/07,26.5,26.9,26.3,26.8
2009/09/08,26.0,27.9,25.3,27.9
2009/09/09,28.3,29.8,28.3,29.8
2009/09/10,31.8,31.9,29.0,29.4
2009/09/11,29.6,31.4,29.4,31.1
2009/09/14,30.8,30.9,29.0,29.7
2009/09/15,29.3,30.5,29.3,30.5
2009/09/16,31.0,32.6,30.5,32.3
2009/09/17,32.1,32.6,31.6,31.9
2009/09/18,31.9,33.5,31.9,32.4
2009/09/21,32.5,32.5,31.1,32.1
2009/09/22,32.1,32.8,31.9,32.1
2009/09/23,32.1,32.7,29.9,30.4
2009/09/24,30.6,31.0,30.0,31.0
2009/09/25,30.8,31.3,30.7,30.7
2009/09/28,30.2,30.6,30.0,30.0
2009/09/29,30.4,30.6,30.1,30.1
2009/09/30,30.1,31.1,30.1,30.5
2009/10/01,30.7,31.0,30.5,30.5
2009/10/02,30.1,30.3,29.9,29.9
2009/10/05,30.2,32.0,29.7,32.0
2009/10/06,32.0,33.1,32.0,32.1
2009/10/07,32.7,32.9,32.2,32.2
2009/10/08,32.4,32.8,31.0,31.4
2009/10/09,31.8,32.0,30.6,30.8
2009/10/12,31.3,31.3,31.0,31.0
2009/10/13,30.1,31.7,30.1,31.4
2009/10/14,31.5,31.9,31.4,31.4
2009/10/15,31.8,32.1,31.4,31.5
2009/10/16,31.8,32.5,31.8,31.8
2009/10/19,32.1,33.2,32.1,32.5
2009/10/20,33.2,34.7,33.0,34.7
2009/10/21,34.7,35.2,33.6,34.3
2009/10/22,34.6,35.1,33.8,34.5
2009/10/23,35.4,35.5,33.8,34.0
2009/10/26,34.1,34.4,33.1,33.2
2009/10/27,32.9,34.1,32.9,33.5
2009/10/28,33.6,33.9,32.2,32.3
2009/10/29,31.2,31.9,30.5,31.7
2009/10/30,32.5,33.3,32.1,32.3
2009/11/02,31.6,33.6,31.6,33.2
2009/11/03,33.4,33.6,32.8,33.1
2009/11/04,33.3,33.9,33.2,33.6
2009/11/05,33.8,34.3,33.3,33.6
2009/11/06,33.9,34.0,33.0,33.1
2009/11/09,33.6,33.6,32.3,32.5
2009/11/10,32.7,32.9,32.3,32.9
2009/11/11,32.9,33.4,32.9,33.2
2009/11/12,33.3,33.5,32.7,32.8
2009/11/13,32.9,33.3,32.8,33.0
2009/11/16,33.2,34.1,33.1,33.6
2009/11/17,33.6,33.7,32.5,32.6
2009/11/18,32.6,33.2,32.5,32.7
2009/11/19,32.7,34.3,32.7,33.7
2009/11/20,33.7,34.7,33.6,34.0
2009/11/23,34.1,34.1,33.2,33.2
2009/11/24,33.2,33.9,33.2,33.3
2009/11/25,33.3,34.8,33.3,34.5
2009/11/26,35.0,35.1,33.8,33.8
2009/11/27,33.0,33.4,32.7,32.7
2009/11/30,33.4,34.0,32.8,33.4
2009/12/01,33.4,33.9,33.0,33.4
2009/12/02,33.6,33.8,32.9,33.0
2009/12/03,33.2,33.6,32.8,33.0
2009/12/04,33.0,33.4,32.9,33.0
2009/12/07,33.4,34.6,33.2,34.0
2009/12/08,34.3,34.3,33.5,33.8
2009/12/09,33.4,34.0,33.2,33.8
2009/12/10,34.0,34.2,32.5,32.7
2009/12/11,32.8,34.9,32.8,34.7
2009/12/14,34.6,35.1,34.1,34.3
2009/12/15,34.9,36.3,34.6,35.2
2009/12/16,35.4,36.2,34.9,35.2
2009/12/17,36.0,36.3,35.0,35.1
2009/12/18,35.3,35.6,34.6,34.8
2009/12/21,35.1,35.8,34.7,34.8
2009/12/22,35.2,36.8,35.0,36.4
2009/12/23,38.9,38.9,37.9,38.2
2009/12/24,38.2,38.4,37.4,37.8
2009/12/25,38.4,40.4,38.2,39.0
2009/12/28,38.8,39.8,38.5,39.6
2009/12/29,39.6,40.4,39.0,40.4
2009/12/30,40.0,40.8,39.8,40.7
2009/12/31,40.2,40.7,40.0,40.7
2010/01/04,40.5,40.7,39.6,39.6
2010/01/05,40.5,41.1,39.3,39.7
2010/01/06,39.9,40.0,39.2,39.3
2010/01/07,38.9,39.6,37.6,38.1
2010/01/08,38.5,38.5,37.1,37.6
2010/01/11,38.0,38.0,36.9,37.1
2010/01/12,36.9,38.1,36.6,37.8
2010/01/13,37.3,37.9,37.1,37.3
2010/01/14,37.4,38.2,37.3,37.5
2010/01/15,37.9,40.1,37.7,40.1
2010/01/18,39.9,40.3,39.3,39.6
2010/01/19,40.1,40.6,38.2,38.4
2010/01/20,38.9,39.5,38.4,38.9
2010/01/21,38.8,39.4,38.5,38.9
2010/01/22,38.6,39.4,37.8,39.0
2010/01/25,38.9,40.6,38.7,39.8
2010/01/26,40.0,40.3,37.1,37.1
2010/01/27,37.3,37.6,35.8,36.1
2010/01/28,36.7,37.8,36.4,37.4
2010/01/29,37.1,38.2,36.0,37.4
2010/02/01,38.2,38.2,37.3,37.5
2010/02/02,38.4,38.4,37.1,37.1
2010/02/03,37.6,38.9,37.3,38.4
2010/02/04,38.5,39.3,38.4,38.9
2010/02/05,37.8,38.4,36.2,36.8
2010/02/08,35.6,36.7,35.2,36.4
2010/02/09,36.4,37.3,36.0,37.2
2010/02/10,37.5,37.9,37.2,37.2
2010/02/22,38.2,39.3,37.6,38.8
2010/02/23,39.0,39.5,38.7,39.1
2010/02/24,38.7,39.3,38.6,38.6
2010/02/25,38.9,39.0,37.9,38.2
2010/02/26,38.2,38.6,37.2,37.3
2010/03/01,37.1,37.9,37.1,37.8
2010/03/02,38.1,38.5,37.8,38.0
2010/03/03,38.2,38.4,37.5,37.5
2010/03/04,37.6,37.9,37.2,37.6
2010/03/05,37.8,38.4,37.6,38.4
2010/03/08,38.9,39.8,38.7,39.5
2010/03/09,39.7,39.9,39.1,39.6
2010/03/10,39.9,42.3,39.9,41.7
2010/03/11,42.6,42.6,40.5,40.7
2010/03/12,40.7,41.4,40.1,40.7
2010/03/15,40.9,41.3,39.6,39.8
2010/03/16,39.5,40.2,39.5,39.8
2010/03/17,40.4,41.6,40.2,40.9
2010/03/18,41.3,42.0,40.9,41.3
2010/03/19,41.5,43.2,41.2,43.2
2010/03/22,43.2,43.9,42.6,43.4
2010/03/23,44.0,45.3,44.0,44.8
2010/03/24,45.3,45.4,43.9,44.0
2010/03/25,44.0,44.4,43.4,43.8
2010/03/26,43.7,43.8,42.9,43.0
2010/03/29,42.9,44.3,42.6,43.4
2010/03/30,43.9,44.0,43.0,43.0
2010/03/31,43.1,43.4,42.0,42.2
2010/04/01,42.2,42.6,41.6,42.1
2010/04/02,42.3,43.1,42.1,42.6
2010/04/06,43.3,43.8,42.9,42.9
2010/04/07,43.1,43.2,41.7,42.3
2010/04/08,42.3,42.5,40.4,40.5
2010/04/09,40.6,40.9,40.0,40.5
2010/04/12,40.7,41.2,40.7,41.2
2010/04/13,41.1,41.2,40.6,40.8
2010/04/14,41.2,41.5,40.4,41.5
2010/04/15,41.7,41.8,41.1,41.1
2010/04/16,41.1,42.0,40.9,41.1
2010/04/19,40.7,40.9,38.9,38.9
2010/04/20,39.0,39.6,38.5,39.0
2010/04/21,39.6,41.8,39.6,41.3
2010/04/22,40.9,43.4,40.8,42.5
2010/04/23,42.6,43.1,42.3,42.3
2010/04/26,42.6,42.6,41.5,42.0
2010/04/27,42.1,42.2,41.7,41.8
2010/04/28,40.8,42.8,40.6,42.8
2010/04/29,42.8,42.9,42.2,42.3
2010/04/30,42.6,42.9,40.7,41.5
2010/05/03,41.5,41.5,40.2,40.3
2010/05/04,41.4,41.4,40.3,40.7
2010/05/05,39.3,40.7,39.3,39.8
2010/05/06,39.8,40.4,39.3,39.6
2010/05/07,39.3,41.9,38.5,41.7
2010/05/10,41.7,41.8,40.8,41.5
2010/05/11,41.8,42.0,40.8,40.8
2010/05/12,41.2,41.5,39.8,40.8
2010/05/13,41.9,43.6,41.9,43.5
2010/05/14,43.1,43.7,42.8,43.7
2010/05/17,43.3,43.4,41.8,41.9
2010/05/18,42.2,43.1,41.8,42.5
2010/05/19,42.2,43.3,41.7,42.8
2010/05/20,42.9,44.8,42.6,42.8
2010/05/21,40.7,42.6,40.7,42.1
2010/05/24,42.2,42.6,41.5,42.0
2010/05/25,41.6,42.1,39.8,40.0
2010/05/26,40.5,41.2,39.6,40.7
2010/05/27,40.7,42.0,40.5,41.8
2010/05/28,42.4,43.5,42.3,42.9
2010/05/31,43.3,44.4,42.6,43.8
2010/06/01,43.7,43.7,42.8,43.3
2010/06/02,42.9,44.4,42.9,43.0
2010/06/03,43.7,45.1,43.5,44.4
2010/06/04,44.4,44.8,43.8,44.2
2010/06/07,42.9,43.7,42.4,43.3
2010/06/08,43.6,44.3,43.4,43.7
2010/06/09,44.6,45.5,42.2,42.6
2010/06/10,43.1,43.1,41.7,42.2
2010/06/11,43.1,43.7,42.8,43.0
2010/06/14,43.3,43.7,42.6,43.1
2010/06/15,43.1,43.4,42.5,42.9
2010/06/17,43.1,43.2,42.6,42.6
2010/06/18,42.6,43.0,42.3,42.5
2010/06/21,43.1,43.2,42.4,42.6
2010/06/22,42.5,42.9,42.2,42.3
2010/06/23,41.8,42.4,41.2,42.4
2010/06/24,42.6,42.6,42.0,42.3
2010/06/25,42.0,42.9,42.0,42.0
2010/06/28,42.3,42.5,42.0,42.0
2010/06/29,42.2,42.4,41.0,41.2
2010/06/30,40.4,40.4,40.0,40.3
2010/07/01,40.0,40.7,39.8,39.9
2010/07/02,40.3,40.7,40.0,40.4
2010/07/05,40.5,41.1,40.2,40.8
2010/07/06,40.8,41.4,40.7,41.1
2010/07/07,41.2,42.4,41.1,41.8
2010/07/08,42.2,44.7,41.9,43.7
2010/07/09,44.1,44.2,43.4,44.1
2010/07/12,43.7,44.1,43.3,43.3
2010/07/13,43.3,44.1,43.2,43.3
2010/07/14,43.7,44.5,43.5,43.7
2010/07/15,43.9,44.2,43.1,43.4
2010/07/16,43.1,43.7,42.4,42.6
2010/07/19,41.9,44.5,41.9,43.9
2010/07/20,44.8,46.9,44.6,46.9
2010/07/21,48.0,48.2,46.1,46.2
2010/07/22,46.1,46.7,45.7,46.4
2010/07/23,47.7,49.2,46.7,47.0
2010/07/26,47.6,47.6,45.6,45.8
2010/07/27,45.9,47.2,45.8,46.7
2010/07/28,46.6,46.9,45.9,46.1
2010/07/29,46.2,47.0,45.9,46.7
2010/07/30,46.6,46.7,46.1,46.6
2010/08/02,47.0,47.3,46.4,47.0
2010/08/03,47.3,48.4,47.2,47.9
2010/08/04,47.0,47.4,46.7,46.7
2010/08/05,47.4,49.1,47.0,47.7
2010/08/06,48.1,50.5,47.4,49.9
2010/08/09,50.7,50.8,49.2,49.9
2010/08/10,50.1,50.7,49.7,49.8
2010/08/11,49.7,52.1,49.5,49.9
2010/08/12,49.9,50.8,49.9,50.7
2010/08/13,51.2,51.2,50.2,50.7
2010/08/16,50.7,50.9,50.1,50.1
2010/08/17,50.6,50.8,49.1,49.1
2010/08/18,49.3,49.6,48.4,48.6
2010/08/19,48.8,49.9,48.5,48.6
2010/08/20,47.8,49.4,47.8,49.4
2010/08/23,49.9,50.7,49.0,49.8
2010/08/24,50.0,51.5,49.3,51.5
2010/08/25,51.1,51.1,49.7,50.3
2010/08/26,50.3,50.3,47.5,47.7
2010/08/27,48.0,48.5,47.1,48.5
2010/08/30,48.9,49.1,47.8,47.8
2010/08/31,47.2,47.8,45.9,46.5
2010/09/01,46.5,47.7,46.5,47.7
2010/09/02,47.8,48.5,47.8,48.1
2010/09/03,48.1,48.7,47.8,48.5
2010/09/06,48.1,48.7,47.6,47.8
2010/09/07,47.4,48.2,47.3,47.5
2010/09/08,47.3,48.1,47.3,47.6
2010/09/09,48.3,50.5,48.2,50.2
2010/09/10,50.7,50.8,49.1,49.5
2010/09/13,50.0,50.7,49.4,49.8
2010/09/14,50.1,50.5,49.6,50.0
2010/09/15,50.2,51.8,50.1,50.6
2010/09/16,50.8,51.2,49.3,49.4
2010/09/17,49.5,52.8,49.5,52.8
2010/09/20,53.2,54.9,52.5,52.8
2010/09/21,53.8,54.2,52.8,53.5
2010/09/23,53.5,53.5,52.2,52.6
2010/09/24,52.0,52.6,51.4,51.8
2010/09/27,52.0,53.4,52.0,52.5
2010/09/28,52.5,53.2,52.1,52.8
2010/09/29,53.1,54.5,52.9,53.5
2010/09/30,54.7,55.8,53.4,53.5
2010/10/01,53.7,54.0,52.5,53.2
2010/10/04,53.8,54.1,51.3,52.0
2010/10/05,52.2,52.2,50.9,51.6
2010/10/06,52.4,52.4,50.8,51.1
2010/10/07,51.7,52.5,51.1,52.0
2010/10/08,52.4,53.5,52.3,53.2
2010/10/11,54.5,54.7,53.0,53.0
2010/10/12,53.2,53.3,52.4,52.8
2010/10/13,53.5,53.7,52.9,53.1
2010/10/14,53.5,53.6,52.7,52.8
2010/10/15,53.1,53.1,51.0,51.3
2010/10/18,51.1,51.6,49.4,49.8
2010/10/19,49.8,50.8,49.8,50.3
2010/10/20,50.1,53.1,50.0,52.8
2010/10/21,52.8,52.8,51.6,52.4
2010/10/22,52.9,54.2,52.9,53.8
2010/10/25,53.8,53.9,52.4,53.3
2010/10/26,53.5,53.5,51.5,52.5
2010/10/27,52.4,52.4,50.8,51.2
2010/10/28,51.6,51.8,50.8,51.2
2010/10/29,51.2,51.3,50.5,50.8
2010/11/01,51.2,51.5,50.7,50.7
2010/11/02,50.8,51.3,49.8,50.1
2010/11/03,50.5,50.5,48.4,48.5
2010/11/04,48.8,49.2,48.0,48.3
2010/11/05,48.5,49.0,47.6,48.7
2010/11/08,49.3,49.3,46.1,46.2
2010/11/09,46.3,48.1,46.2,47.9
2010/11/10,48.1,48.8,47.7,48.1
2010/11/11,48.1,49.1,47.7,48.1
2010/11/12,48.1,48.5,47.5,47.5
2010/11/15,47.0,47.9,47.0,47.4
2010/11/16,47.4,49.5,47.4,49.0
2010/11/17,48.9,49.8,48.1,48.5
2010/11/18,48.9,48.9,47.8,48.2
2010/11/19,48.9,49.8,48.7,48.9
2010/11/22,49.0,49.3,48.5,48.8
2010/11/23,48.8,49.1,48.4,48.4
2010/11/24,48.4,48.8,48.1,48.3
2010/11/25,48.5,49.1,48.5,48.8
2010/11/26,48.8,49.6,48.8,48.9
2010/11/29,49.3,49.9,49.0,49.8
2010/11/30,50.0,51.5,49.8,51.0
2010/12/01,51.4,51.4,50.5,50.8
2010/12/02,51.6,52.1,51.2,51.3
2010/12/03,51.3,52.7,51.3,52.0
2010/12/06,51.5,52.3,51.5,51.9
2010/12/07,51.7,52.5,51.3,52.5
2010/12/08,52.8,52.8,52.0,52.0
2010/12/09,53.2,53.5,52.5,53.1
2010/12/10,53.5,54.4,53.1,53.9
2010/12/13,54.4,57.4,54.4,56.9
2010/12/14,57.4,57.4,54.7,55.6
2010/12/15,55.6,56.5,53.5,53.8
2010/12/16,53.7,54.2,53.5,54.1
2010/12/17,54.7,55.7,54.3,54.3
2010/12/20,54.6,54.6,52.5,53.2
2010/12/21,53.5,55.3,52.5,54.6
2010/12/22,55.5,55.5,54.1,54.1
2010/12/23,54.0,55.2,53.7,53.9
2010/12/24,53.8,54.2,53.0,53.5
2010/12/27,53.5,53.9,52.5,52.6
2010/12/28,52.6,53.6,52.5,52.9
2010/12/29,53.2,53.2,51.4,51.4
2010/12/30,51.4,52.0,51.3,51.6
2010/12/31,52.2,53.8,52.1,53.8
2011/01/03,53.8,54.2,52.4,53.8
2011/01/04,53.9,54.1,52.8,52.8
2011/01/05,52.8,53.0,51.2,51.6
2011/01/06,51.6,52.3,51.5,51.9
2011/01/07,51.6,52.7,51.5,52.2
2011/01/10,52.5,54.2,52.5,53.8
2011/01/11,53.9,54.5,53.7,54.1
2011/01/12,54.4,54.6,53.8,54.1
2011/01/13,54.2,55.2,54.2,54.5
2011/01/14,54.9,56.0,54.5,55.8
2011/01/17,56.3,59.6,55.8,58.5
2011/01/18,58.4,59.0,57.5,58.6
2011/01/19,58.9,62.7,58.9,62.7
2011/01/20,63.9,63.9,60.9,62.2
2011/01/21,62.3,66.6,61.8,66.6
2011/01/24,67.3,68.4,65.6,66.2
2011/01/25,66.4,70.4,66.4,68.2
2011/01/26,68.5,70.8,68.3,69.6
2011/01/27,70.2,70.4,66.7,67.3
2011/01/28,67.8,68.2,66.8,67.2
2011/02/08,68.5,68.5,64.3,66.8
2011/02/09,66.6,70.3,65.5,69.0
2011/02/10,69.3,70.5,68.4,68.4
2011/02/11,68.4,68.9,65.1,65.9
2011/02/14,67.1,69.4,66.2,69.3
2011/02/15,69.6,74.2,69.6,74.2
2011/02/16,74.8,79.3,74.8,78.6
2011/02/17,79.0,82.8,77.0,80.1
2011/02/18,80.1,80.9,77.0,79.0
2011/02/21,79.3,79.7,77.0,77.0
2011/02/22,74.7,77.0,71.6,76.3
2011/02/23,73.2,75.9,71.9,71.9
2011/02/24,73.2,76.7,72.9,75.3
2011/02/25,76.3,76.6,74.1,75.1
2011/03/01,76.3,80.1,76.1,80.1
2011/03/02,80.1,84.4,80.1,80.9
2011/03/03,82.0,82.8,77.8,78.2
2011/03/04,78.2,79.3,76.0,77.4
2011/03/07,77.0,81.7,77.0,79.3
2011/03/08,80.1,82.8,78.6,79.0
2011/03/09,79.0,79.0,74.8,76.0
2011/03/10,75.5,75.6,72.6,75.5
2011/03/11,74.7,76.9,74.0,76.5
2011/03/14,76.5,76.9,73.6,74.4
2011/03/15,74.0,74.4,69.3,69.5
2011/03/16,70.1,71.3,68.6,69.3
2011/03/17,67.8,69.2,64.9,68.6
2011/03/18,70.1,73.3,69.3,73.3
2011/03/21,73.0,74.3,72.4,73.1
2011/03/22,74.6,75.3,72.1,72.3
2011/03/23,73.0,73.5,71.8,72.4
2011/03/24,73.2,75.6,72.6,73.6
2011/03/25,75.3,75.3,73.6,73.6
2011/03/28,73.6,74.4,72.4,72.6
2011/03/29,72.6,73.2,69.3,70.7
2011/03/30,70.9,73.6,70.5,73.2
2011/03/31,73.3,75.5,73.2,75.3
2011/04/01,75.9,77.8,75.4,77.0
2011/04/06,78.6,79.0,77.0,77.0
2011/04/07,77.8,78.6,77.4,77.8
2011/04/08,77.8,78.2,75.4,75.6
2011/04/11,74.7,77.0,74.7,76.9
2011/04/12,76.9,76.9,72.0,72.8
2011/04/13,72.8,74.7,71.3,74.6
2011/04/14,74.3,76.1,73.3,75.7
2011/04/15,76.3,80.9,75.9,80.9
2011/04/18,82.0,86.3,81.3,84.7
2011/04/19,84.7,86.3,82.4,84.7
2011/04/20,85.9,90.5,85.9,87.4
2011/04/21,86.3,87.4,81.7,82.0
2011/04/22,81.3,83.2,80.9,81.3
2011/04/25,81.3,82.4,77.0,77.0
2011/04/26,77.0,80.1,77.0,79.0
2011/04/27,80.5,80.9,78.6,79.3
2011/04/28,78.6,84.7,77.0,84.0
2011/04/29,84.4,87.0,82.8,84.7
2011/05/03,86.7,87.8,85.1,85.9
2011/05/04,85.5,85.5,82.0,83.6
2011/05/05,82.0,89.4,82.0,87.8
2011/05/06,87.0,89.0,85.9,87.4
2011/05/09,87.8,88.6,84.0,84.0
2011/05/10,84.0,85.9,80.9,81.7
2011/05/11,82.4,82.8,79.3,79.7
2011/05/12,79.7,82.0,78.6,80.5
2011/05/13,81.3,84.7,80.5,80.5
2011/05/16,80.5,81.3,78.2,78.2
2011/05/17,78.6,81.7,77.8,79.7
2011/05/18,79.7,81.7,79.7,80.5
2011/05/19,81.7,85.5,81.3,84.0
2011/05/20,85.1,85.5,82.0,83.2
2011/05/23,81.7,82.8,81.3,82.0
2011/05/24,81.7,82.0,77.8,80.1
2011/05/25,79.3,79.7,78.6,79.0
2011/05/26,79.7,81.7,79.7,80.1
2011/05/27,80.1,82.4,80.1,80.9
2011/05/30,81.7,86.3,80.5,86.3
2011/05/31,86.3,87.8,84.7,85.9
2011/06/01,87.4,91.7,87.0,91.7
2011/06/02,91.7,97.8,90.1,97.8
2011/06/03,97.1,97.1,91.3,91.3
2011/06/07,88.6,89.7,87.0,89.7
2011/06/08,89.0,90.5,87.4,87.8
2011/06/09,88.6,89.7,87.4,87.8
2011/06/10,89.0,90.5,86.7,86.7
2011/06/13,87.0,87.8,85.9,86.3
2011/06/14,87.4,87.4,84.0,85.9
2011/06/15,86.3,89.4,84.0,85.5
2011/06/16,84.0,84.4,79.7,79.7
2011/06/17,79.0,80.9,76.4,78.2
2011/06/20,77.4,78.2,73.2,73.2
2011/06/21,73.2,74.6,71.1,74.0
2011/06/22,74.7,78.6,74.7,76.3
2011/06/23,77.0,77.8,75.1,76.3
2011/06/24,77.0,77.4,75.6,76.3
2011/06/27,75.5,76.6,74.7,75.1
2011/06/28,75.8,77.0,70.8,70.9
2011/06/29,70.9,73.7,70.1,71.6
2011/06/30,71.3,72.6,68.9,69.3
2011/07/01,69.7,73.2,69.7,71.7
2011/07/04,72.3,72.3,70.4,70.4
2011/07/05,70.6,75.3,70.6,75.3
2011/07/06,75.9,79.7,75.5,78.2
2011/07/07,79.0,79.3,76.3,77.0
2011/07/08,77.0,79.0,75.5,75.6
2011/07/11,75.6,76.0,71.0,72.4
2011/07/12,70.9,71.9,70.6,71.5
2011/07/13,71.6,73.0,69.9,70.9
2011/07/14,71.6,71.9,67.3,69.7
2011/07/15,71.3,73.4,70.1,71.3
2011/07/18,71.3,72.3,70.9,72.0
2011/07/19,72.3,74.7,72.3,73.1
2011/07/20,74.6,75.4,73.8,74.1
2011/07/21,74.9,75.1,73.3,73.3
2011/07/22,74.3,78.2,73.6,78.2
2011/07/25,78.6,79.3,74.6,74.6
2011/07/26,74.7,79.0,74.4,78.6
2011/07/27,79.0,83.2,79.0,82.8
2011/07/28,81.7,84.7,80.9,84.0
2011/07/29,85.5,85.5,78.6,78.6
2011/08/01,80.1,81.7,79.3,80.1
2011/08/02,80.1,84.4,78.6,83.2
2011/08/03,81.7,84.0,78.6,84.0
2011/08/04,84.7,85.5,79.0,79.3
2011/08/05,73.8,73.8,73.8,73.8
2011/08/08,68.7,70.0,68.6,68.6
2011/08/09,63.9,68.6,63.9,67.8
2011/08/10,70.1,71.9,68.6,71.7
2011/08/11,68.5,72.0,66.8,70.4
2011/08/12,72.1,73.9,70.4,70.4
2011/08/15,72.6,73.4,71.7,72.3
2011/08/16,73.3,75.1,72.5,72.6
2011/08/17,73.3,73.8,67.7,68.9
2011/08/18,64.1,64.1,64.1,64.1
2011/08/19,59.7,59.7,59.7,59.7
2011/08/22,55.6,55.8,55.6,55.6
2011/08/23,52.7,56.3,51.7,55.9
2011/08/24,55.8,58.7,54.2,55.0
2011/08/25,57.1,57.9,54.5,54.5
2011/08/26,55.6,56.2,52.2,55.4
2011/08/29,56.5,59.2,55.8,58.6
2011/08/30,58.9,61.6,57.8,59.7
2011/08/31,59.7,60.9,58.7,59.9
2011/09/01,60.9,61.3,58.6,58.6
2011/09/02,58.7,59.4,57.1,57.9
2011/09/05,55.0,57.3,55.0,56.0
2011/09/06,56.0,56.4,52.1,52.1
2011/09/07,53.1,54.0,48.9,50.3
2011/09/08,51.0,53.8,50.9,53.8
2011/09/09,55.4,57.5,55.1,57.5
2011/09/13,58.7,59.2,57.7,58.2
2011/09/14,59.3,60.0,54.7,55.8
2011/09/15,59.4,59.7,58.8,59.7
2011/09/16,60.6,63.8,60.0,63.8
2011/09/19,65.1,67.4,64.3,66.0
2011/09/20,66.0,66.7,63.7,65.3
2011/09/21,65.6,67.2,64.1,64.5
2011/09/22,63.1,64.4,62.5,63.9
2011/09/23,61.1,62.7,60.0,60.7
2011/09/26,61.6,62.4,56.5,56.5
2011/09/27,59.7,60.4,56.1,58.9
2011/09/28,59.0,59.4,57.4,58.8
2011/09/29,57.7,61.1,57.7,60.7
2011/09/30,61.5,62.8,61.1,61.5
2011/10/03,60.7,62.9,60.6,62.7
2011/10/04,62.3,63.9,60.7,62.4
2011/10/05,62.7,63.1,60.8,60.9
2011/10/06,62.3,63.5,61.5,61.5
2011/10/07,62.4,62.9,60.7,60.9
2011/10/11,63.5,65.1,61.9,65.1
2011/10/12,65.0,65.1,63.8,64.1
2011/10/13,64.9,65.4,63.3,63.3
2011/10/14,63.1,64.6,62.7,62.8
2011/10/17,63.6,65.1,63.6,63.7
2011/10/18,62.3,63.0,61.1,62.3
2011/10/19,62.8,63.0,60.7,61.0
2011/10/20,61.1,62.2,60.4,61.7
2011/10/21,61.7,61.9,58.2,59.5
2011/10/24,60.2,60.8,57.4,58.7
2011/10/25,58.6,59.5,57.8,59.4
2011/10/26,58.6,59.4,57.9,58.4
2011/10/27,60.3,60.9,59.4,59.9
2011/10/28,60.7,61.8,58.0,58.0
2011/10/31,58.2,59.3,58.2,58.2
2011/11/01,58.3,59.2,57.4,59.1
2011/11/02,58.2,60.0,57.8,59.5
2011/11/03,59.5,60.4,55.4,55.4
2011/11/04,55.9,56.8,54.2,56.0
2011/11/07,56.0,58.2,55.0,57.3
2011/11/08,57.3,58.1,56.8,56.8
2011/11/09,57.6,58.0,55.8,55.8
2011/11/10,54.2,55.2,51.9,52.3
2011/11/11,52.8,53.2,51.0,52.3
2011/11/14,54.6,55.4,53.5,55.2
2011/11/15,55.2,55.2,53.9,53.9
2011/11/16,54.9,55.3,53.9,53.9
2011/11/17,53.9,54.4,52.7,53.4
2011/11/18,53.0,53.2,51.2,51.4
2011/11/21,51.5,52.1,49.7,50.1
2011/11/22,50.1,50.6,46.6,47.2
2011/11/23,47.2,48.1,46.9,47.2
2011/11/24,46.9,47.1,44.5,46.2
2011/11/25,47.6,47.6,46.0,46.8
2011/11/28,48.0,48.5,47.4,47.7
2011/11/29,48.5,48.5,47.1,47.9
2011/11/30,47.9,47.9,44.6,44.6
2011/12/01,46.1,46.9,46.0,46.3
2011/12/02,46.9,49.2,45.1,48.2
2011/12/05,48.3,48.9,47.1,47.4
2011/12/06,47.3,48.8,47.1,47.4
2011/12/07,48.7,50.1,48.0,48.5
2011/12/08,48.3,48.3,45.1,45.1
2011/12/09,42.0,42.9,42.0,42.0
2011/12/12,42.5,42.6,40.4,40.4
2011/12/13,39.6,39.8,37.7,38.6
2011/12/14,38.6,40.2,38.1,39.3
2011/12/15,36.6,37.1,36.6,36.6
2011/12/16,37.0,37.9,36.3,37.2
2011/12/19,36.4,36.6,34.6,34.6
2011/12/20,34.6,36.7,34.4,35.7
2011/12/21,37.9,38.1,37.0,38.0
2011/12/22,37.7,37.8,37.0,37.7
2011/12/23,38.4,40.3,38.4,40.3
2011/12/26,40.8,42.4,40.8,41.3
2011/12/27,41.3,42.1,40.4,41.6
2011/12/28,41.6,41.8,40.9,41.3
2011/12/29,40.8,41.3,40.1,40.4
2011/12/30,41.1,41.2,40.0,40.0
2012/01/02,40.0,40.6,37.9,37.9
2012/01/03,38.2,39.0,38.2,38.8
2012/01/04,39.1,41.5,39.1,40.8
2012/01/05,41.4,41.7,40.5,41.3
2012/01/06,41.6,44.0,41.0,42.6
2012/01/09,42.9,43.8,42.4,42.5
2012/01/10,43.3,44.2,42.7,44.2
2012/01/11,44.2,44.7,43.8,44.3
2012/01/12,44.3,44.4,43.4,43.4
2012/01/13,44.2,44.3,43.3,43.4
2012/01/16,43.7,43.9,42.1,42.7
2012/01/17,42.9,44.9,42.5,44.5
2012/01/18,44.6,46.9,44.5,45.6
2012/01/30,47.3,48.4,46.7,48.0
2012/01/31,48.0,49.9,47.7,49.3
2012/02/01,49.3,52.3,48.8,51.8
2012/02/02,51.8,52.5,50.5,51.1
2012/02/03,51.1,52.3,50.5,50.8
2012/02/06,51.3,51.5,50.0,50.0
2012/02/07,50.4,50.4,49.4,49.7
2012/02/08,49.9,52.1,49.9,51.8
2012/02/09,51.8,53.8,51.2,52.2
2012/02/10,52.2,52.6,51.0,51.3
2012/02/13,51.5,51.9,50.6,51.3
2012/02/14,51.4,54.6,51.4,54.0
2012/02/15,54.3,55.6,53.4,54.2
2012/02/16,54.2,55.8,52.6,53.0
2012/02/17,54.2,54.8,52.2,53.4
2012/02/20,54.4,55.2,53.2,55.0
2012/02/21,55.2,56.0,54.5,54.5
2012/02/22,54.8,57.0,54.8,55.8
2012/02/23,55.8,56.4,54.6,54.6
2012/02/24,55.3,55.3,53.7,54.0
2012/02/29,54.7,55.2,53.9,53.9
2012/03/01,54.4,55.7,54.2,55.0
2012/03/02,55.7,57.0,55.6,55.6
2012/03/05,55.6,56.4,54.3,54.8
2012/03/06,54.3,54.8,51.1,52.6
2012/03/07,51.0,52.9,51.0,52.1
2012/03/08,53.1,54.4,52.4,54.2
2012/03/09,55.0,56.3,54.7,55.3
2012/03/12,56.0,56.2,54.5,54.5
2012/03/13,55.0,55.6,54.4,54.5
2012/03/14,55.8,56.9,55.4,56.3
2012/03/15,56.4,56.8,55.2,55.4
2012/03/16,54.6,56.1,54.6,55.7
2012/03/19,56.2,56.5,54.8,55.0
2012/03/20,55.1,55.7,54.3,54.9
2012/03/21,54.4,55.0,51.8,53.1
2012/03/22,53.4,53.7,52.7,53.3
2012/03/23,53.3,53.3,52.5,53.2
2012/03/26,53.0,53.1,52.6,53.1
2012/03/27,53.5,53.9,52.9,53.0
2012/03/28,53.4,53.6,52.7,53.1
2012/03/29,53.0,53.0,50.6,51.8
2012/03/30,52.2,52.7,50.8,52.6
2012/04/02,52.6,52.7,51.8,52.4
2012/04/03,52.7,52.9,50.6,51.0
2012/04/05,48.5,50.6,48.0,50.1
2012/04/06,50.5,52.9,50.2,52.8
2012/04/09,52.2,52.6,51.0,51.8
2012/04/10,52.6,52.6,51.1,51.4
2012/04/11,50.9,51.3,50.3,51.1
2012/04/12,51.3,52.3,51.0,51.6
2012/04/13,52.1,52.7,52.0,52.1
2012/04/16,51.6,52.5,51.6,51.6
2012/04/17,51.7,51.9,49.7,49.8
2012/04/18,50.6,50.6,48.8,49.7
2012/04/19,49.2,50.4,48.5,49.8
2012/04/20,49.4,49.7,48.2,48.2
2012/04/23,47.9,48.0,46.4,46.9
2012/04/24,46.2,47.1,45.7,46.5
2012/04/25,47.1,47.6,46.8,47.6
2012/04/26,47.9,48.2,47.2,47.6
2012/04/27,47.6,47.7,44.2,44.2
2012/04/30,42.9,44.4,42.9,44.4
2012/05/02,44.5,47.5,44.5,47.5
2012/05/03,47.5,48.1,46.7,46.7
2012/05/04,46.1,47.7,46.1,47.2
2012/05/07,46.8,46.8,45.9,46.3
2012/05/08,45.5,46.9,45.5,46.8
2012/05/09,46.3,46.8,45.9,46.1
2012/05/10,46.1,46.4,45.4,45.4
2012/05/11,45.3,45.6,44.7,45.4
2012/05/14,45.5,45.6,44.5,44.6
2012/05/15,44.2,45.4,43.8,45.4
2012/05/16,45.1,45.5,44.2,44.5
2012/05/17,44.2,45.1,44.2,44.6
2012/05/18,43.8,44.1,43.1,43.4
2012/05/21,43.7,44.2,43.5,43.5
2012/05/22,44.3,44.8,43.8,44.6
2012/05/23,44.5,44.5,43.5,43.5
2012/05/24,43.9,44.3,40.6,41.0
2012/05/25,41.3,41.4,40.1,41.2
2012/05/28,41.2,41.9,40.8,41.9
2012/05/29,42.3,44.1,42.2,42.9
2012/05/30,42.9,43.9,42.5,43.4
2012/05/31,42.9,43.7,42.5,43.6
2012/06/01,43.1,43.8,42.1,42.3
2012/06/04,40.8,41.2,39.8,40.7
2012/06/05,41.3,42.2,41.3,42.1
2012/06/06,42.5,43.4,42.2,43.3
2012/06/07,44.2,44.3,42.9,42.9
2012/06/08,42.9,43.3,41.3,41.6
2012/06/11,42.5,42.6,42.1,42.5
2012/06/12,42.1,42.8,41.8,42.3
2012/06/13,43.1,43.4,42.5,42.7
2012/06/14,42.9,43.9,42.9,43.6
2012/06/15,43.9,46.6,43.9,46.6
2012/06/18,47.9,48.9,47.1,47.7
2012/06/19,47.7,47.9,47.2,47.8
2012/06/20,48.0,49.2,47.9,48.8
2012/06/21,48.9,49.7,48.4,48.9
2012/06/22,48.0,48.8,47.7,48.6
2012/06/25,48.6,50.0,48.1,49.3
2012/06/26,49.4,49.8,48.8,49.2
2012/06/27,49.2,49.7,48.8,49.6
2012/06/28,50.0,50.1,49.2,49.2
2012/06/29,49.5,49.7,49.1,49.5
2012/07/02,49.5,51.0,49.5,50.5
2012/07/03,51.0,51.3,50.6,51.2
2012/07/04,51.4,51.6,51.0,51.6
2012/07/05,51.9,52.0,51.4,51.9
2012/07/06,52.2,52.3,50.9,50.9
2012/07/09,51.0,52.3,51.0,51.9
2012/07/10,52.0,52.2,49.8,50.4
2012/07/11,50.4,50.9,48.4,49.0
2012/07/12,49.3,49.6,48.9,49.5
2012/07/13,49.3,50.1,48.8,50.1
2012/07/16,50.9,50.9,48.9,48.9
2012/07/17,48.7,49.7,48.6,49.7
2012/07/18,49.8,49.8,48.3,48.4
2012/07/19,48.5,48.9,47.1,48.5
2012/07/20,48.4,48.8,48.0,48.0
2012/07/23,47.2,47.6,46.3,46.8
2012/07/24,46.8,47.5,46.6,47.0
2012/07/25,46.6,47.6,46.3,46.8
2012/07/26,47.5,48.3,47.2,47.6
2012/07/27,48.5,48.5,48.0,48.1
2012/07/30,48.1,48.4,47.6,47.6
2012/07/31,47.6,48.4,47.3,48.4
2012/08/01,48.4,48.4,47.7,48.4
2012/08/03,48.4,48.4,47.7,47.9
2012/08/06,48.5,48.9,48.0,48.2
2012/08/07,46.0,46.0,44.8,44.8
2012/08/08,45.0,45.6,45.0,45.3
2012/08/09,45.9,47.1,45.6,47.1
2012/08/10,47.3,48.6,46.7,48.0
2012/08/13,48.7,48.7,47.6,47.6
2012/08/14,47.9,48.4,47.4,47.6
2012/08/15,47.6,48.8,47.6,47.6
2012/08/16,47.7,48.1,47.1,47.1
2012/08/17,47.6,47.7,47.2,47.4
2012/08/20,47.4,47.8,47.3,47.6
2012/08/21,47.6,48.2,46.8,47.0
2012/08/22,47.2,47.6,46.8,46.9
2012/08/23,47.0,47.4,46.9,46.9
2012/08/24,46.8,47.7,46.8,47.0
2012/08/27,47.9,48.0,46.7,46.7
2012/08/28,46.8,46.8,45.9,45.9
2012/08/29,45.9,45.9,44.6,45.2
2012/08/30,44.8,45.6,44.7,45.2
2012/08/31,45.2,45.6,45.1,45.5
2012/09/03,45.5,46.5,45.1,46.4
2012/09/04,46.5,47.0,45.9,45.9
2012/09/05,45.9,46.1,45.1,45.1
2012/09/06,45.3,45.7,44.4,44.7
2012/09/07,45.9,45.9,45.0,45.2
2012/09/10,45.9,47.1,45.6,46.7
2012/09/11,47.1,47.1,46.4,46.4
2012/09/12,47.1,47.9,47.0,47.5
2012/09/13,47.6,47.8,46.5,46.8
2012/09/14,47.5,47.6,46.8,46.8
2012/09/17,47.1,47.5,46.6,47.0
2012/09/18,47.0,47.8,46.5,47.4
2012/09/19,47.6,48.7,47.4,47.6
2012/09/20,48.0,48.0,47.0,47.0
2012/09/21,47.2,47.4,46.9,47.2
2012/09/24,47.2,47.3,46.8,46.8
2012/09/25,47.1,47.7,46.9,47.0
2012/09/26,47.0,47.1,46.5,46.6
2012/09/27,46.6,47.0,46.5,46.5
2012/09/28,46.6,47.1,45.7,46.3
2012/10/01,46.3,46.5,45.9,45.9
2012/10/02,46.3,46.7,45.9,46.5
2012/10/03,46.9,46.9,46.3,46.3
2012/10/04,46.3,46.6,46.0,46.3
2012/10/05,46.5,46.7,45.9,45.9
2012/10/08,45.9,46.1,44.8,44.9
2012/10/09,44.6,44.6,42.5,42.5
2012/10/11,41.5,42.3,41.4,42.0
2012/10/12,42.0,42.5,41.6,42.0
2012/10/15,42.0,42.0,41.4,41.6
2012/10/16,42.0,42.3,41.7,42.0
2012/10/17,42.3,42.8,42.2,42.2
2012/10/18,42.5,42.5,42.0,42.2
2012/10/19,42.0,42.2,41.7,41.8
2012/10/22,41.6,41.6,40.1,41.1
2012/10/23,41.1,41.6,41.1,41.4
2012/10/24,40.8,41.8,40.8,41.2
2012/10/25,41.9,41.9,38.9,39.3
2012/10/26,39.3,39.7,37.4,37.4
2012/10/29,37.4,37.4,34.9,35.2
2012/10/30,35.9,37.3,35.8,37.2
2012/10/31,37.5,37.8,36.6,36.9
2012/11/01,36.7,37.8,36.3,37.6
2012/11/02,37.8,38.7,37.5,37.6
2012/11/05,37.0,37.4,35.7,36.1
2012/11/06,36.1,36.6,35.9,36.5
2012/11/07,36.5,37.4,36.3,37.1
2012/11/08,36.4,36.8,36.3,36.6
2012/11/09,36.3,37.7,36.2,37.5
2012/11/12,38.0,38.1,36.6,36.6
2012/11/13,36.6,36.7,35.5,35.5
2012/11/14,35.2,35.8,35.2,35.6
2012/11/15,35.4,35.4,34.7,35.2
2012/11/16,35.0,36.0,35.0,35.3
2012/11/19,35.5,35.8,34.8,34.9
2012/11/20,35.7,35.7,34.9,34.9
2012/11/21,34.9,35.1,34.0,34.0
2012/11/22,34.3,34.7,33.7,34.2
2012/11/23,35.2,35.5,34.6,35.4
2012/11/26,36.0,37.1,35.7,36.8
2012/11/27,37.0,37.8,36.7,36.9
2012/11/28,36.9,37.7,36.8,37.3
2012/11/29,37.6,39.8,36.9,39.7
2012/11/30,39.9,40.8,39.3,39.6
2012/12/03,39.6,40.1,38.7,39.4
2012/12/04,39.4,41.6,39.2,41.5
2012/12/05,41.6,41.7,40.8,41.0
2012/12/06,41.0,41.6,39.6,39.6
2012/12/07,39.5,40.1,39.5,39.5
2012/12/10,39.5,40.3,39.4,39.4
2012/12/11,39.7,39.7,37.8,38.4
2012/12/12,38.6,39.3,38.6,38.9
2012/12/13,39.1,40.2,39.1,39.8
2012/12/14,39.5,39.7,39.2,39.3
2012/12/17,38.7,39.1,38.0,38.4
2012/12/18,38.4,38.9,38.2,38.2
2012/12/19,38.9,39.4,38.6,39.1
2012/12/20,39.1,40.8,38.9,40.5
2012/12/21,41.1,42.0,40.4,41.8
2012/12/24,41.4,41.4,40.5,40.6
2012/12/25,40.7,41.4,40.6,41.1
2012/12/26,41.2,41.4,40.5,40.9
2012/12/27,40.9,42.0,40.9,41.3
2012/12/28,41.8,41.9,41.3,41.6
2013/01/02,42.0,42.3,41.2,41.2
2013/01/03,41.6,41.6,40.6,40.7
2013/01/04,40.7,40.7,40.2,40.5
2013/01/07,40.5,41.4,40.4,40.5
2013/01/08,40.5,40.7,39.8,40.1
2013/01/09,40.1,41.0,40.1,40.7
2013/01/10,41.2,41.2,40.4,40.4
2013/01/11,40.8,41.1,40.6,40.8
2013/01/14,40.9,41.2,40.5,40.8
2013/01/15,40.8,41.7,40.8,41.2
2013/01/16,41.6,43.6,41.5,42.3
2013/01/17,42.3,42.6,39.6,40.0
2013/01/18,40.8,40.9,40.5,40.8
2013/01/21,41.4,42.0,40.8,41.7
2013/01/22,42.0,43.1,41.9,42.6
2013/01/23,43.3,43.3,42.1,42.3
2013/01/24,43.1,44.6,42.9,43.8
2013/01/25,44.8,45.9,44.6,44.8
2013/01/28,45.7,45.9,44.8,45.8
2013/01/29,46.3,46.3,45.3,45.6
2013/01/30,45.9,47.0,45.4,46.5
2013/01/31,46.7,47.0,46.1,46.2
2013/02/01,46.4,47.7,45.9,46.2
2013/02/04,46.6,47.0,45.5,45.9
2013/02/05,45.3,45.7,44.7,45.1
2013/02/06,45.4,45.7,44.8,45.0
2013/02/18,45.4,46.2,45.4,46.1
2013/02/19,46.3,46.3,45.8,46.1
2013/02/20,46.3,47.0,45.9,47.0
2013/02/21,46.7,48.0,46.5,47.7
2013/02/22,47.6,47.7,46.9,47.0
2013/02/25,45.8,46.2,45.4,45.5
2013/02/26,45.2,45.9,45.1,45.6
2013/02/27,45.7,46.2,45.1,45.1
2013/03/01,45.4,45.7,45.2,45.5
2013/03/04,45.5,45.7,44.7,45.4
2013/03/05,45.5,45.5,44.9,45.0
2013/03/06,45.3,45.8,45.3,45.5
2013/03/07,45.7,46.5,45.6,46.3
2013/03/08,46.3,46.7,45.4,45.6
2013/03/11,45.6,45.6,44.4,44.8
2013/03/12,44.7,45.3,44.2,44.2
2013/03/13,44.2,44.9,44.2,44.7
2013/03/14,44.7,44.8,43.7,43.8
2013/03/15,44.0,44.2,43.0,43.0
2013/03/18,42.9,43.0,42.5,42.8
2013/03/19,43.1,43.6,42.6,43.3
2013/03/20,43.1,43.7,42.9,43.0
2013/03/21,43.1,44.2,43.1,43.8
2013/03/22,43.5,44.0,42.7,43.1
2013/03/25,43.1,43.4,42.7,43.1
2013/03/26,43.0,43.7,42.9,43.7
2013/03/27,43.7,44.0,43.3,43.3
2013/03/28,43.4,43.6,42.9,43.1
2013/03/29,43.3,43.6,43.1,43.2
2013/04/01,43.2,43.5,43.2,43.2
2013/04/02,43.2,44.0,43.1,44.0
2013/04/03,44.2,44.5,43.4,43.6
2013/04/08,42.2,42.9,41.2,41.7
2013/04/09,41.7,42.3,41.4,41.6
2013/04/10,41.6,42.3,41.4,42.3
2013/04/11,42.6,42.8,42.4,42.4
2013/04/12,42.4,42.8,41.8,41.8
2013/04/15,41.8,42.1,41.4,41.5
2013/04/16,41.1,41.2,40.2,41.1
2013/04/17,41.4,42.0,40.9,41.2
2013/04/18,41.3,41.9,40.8,41.1
2013/04/19,41.3,41.4,40.9,41.1
2013/04/22,41.5,41.5,40.9,41.1
2013/04/23,41.4,41.4,40.9,40.9
2013/04/24,41.2,41.6,41.2,41.4
2013/04/25,41.4,42.0,41.4,41.6
2013/04/26,41.6,42.0,41.1,41.1
2013/04/29,41.2,41.3,40.5,40.7
2013/04/30,40.8,41.1,40.5,40.7
2013/05/02,40.8,41.0,40.4,40.5
2013/05/03,40.5,40.9,40.3,40.3
2013/05/06,40.8,41.0,40.2,41.0
2013/05/07,41.1,41.1,40.5,40.6
2013/05/08,40.6,40.8,40.3,40.4
2013/05/09,40.7,41.1,40.4,41.0
2013/05/10,41.0,41.2,40.4,40.4
2013/05/13,40.5,40.8,39.7,39.7
2013/05/14,39.9,40.0,39.2,39.2
2013/05/15,39.2,40.1,39.2,40.0
2013/05/16,40.4,41.1,40.1,40.8
2013/05/17,40.3,40.3,39.4,39.5
2013/05/20,39.5,40.0,39.4,40.0
2013/05/21,40.0,40.2,39.7,40.2
2013/05/22,40.3,41.1,40.3,40.8
2013/05/23,40.8,40.9,40.4,40.6
2013/05/24,40.6,41.9,40.6,41.2
2013/05/27,41.4,41.6,41.0,41.5
2013/05/28,41.5,41.9,41.1,41.6
2013/05/29,41.8,41.9,41.5,41.6
2013/05/30,41.5,42.2,41.4,41.5
2013/05/31,41.5,42.2,41.3,41.3
2013/06/03,40.8,41.2,40.7,40.9
2013/06/04,40.9,41.2,40.8,40.8
2013/06/05,40.8,41.1,40.6,40.8
2013/06/06,40.8,41.7,40.7,41.7
2013/06/07,42.0,43.3,41.1,41.1
2013/06/10,41.6,41.6,40.8,40.8
2013/06/11,40.9,41.1,40.0,40.2
2013/06/13,40.0,40.0,39.2,39.2
2013/06/14,39.6,39.6,38.6,38.6
2013/06/17,38.6,39.2,38.6,39.0
2013/06/18,39.3,39.4,39.0,39.3
2013/06/19,39.5,39.9,39.3,39.4
2013/06/20,39.1,39.1,38.6,38.6
2013/06/21,37.9,38.6,36.5,36.5
2013/06/24,36.9,37.4,36.5,36.8
2013/06/25,36.5,36.9,36.1,36.4
2013/06/26,37.0,37.3,36.5,36.9
2013/06/27,37.1,37.6,37.0,37.3
2013/06/28,37.4,37.6,37.3,37.6
2013/07/01,38.0,38.4,37.5,38.4
2013/07/02,38.6,39.0,38.2,38.4
2013/07/03,38.6,38.8,38.4,38.4
2013/07/04,38.8,39.0,38.3,38.5
2013/07/05,38.9,39.0,38.6,38.7
2013/07/08,38.7,39.2,38.0,38.3
2013/07/09,38.2,38.5,37.7,37.7
2013/07/10,38.0,38.7,38.0,38.4
2013/07/11,38.9,39.0,38.3,38.6
2013/07/12,38.6,38.7,38.3,38.6
2013/07/15,38.6,39.9,38.6,39.9
2013/07/16,39.9,40.3,39.5,39.9
2013/07/17,39.9,40.2,39.3,39.4
2013/07/18,39.4,39.7,38.3,38.4
2013/07/19,38.6,38.6,37.9,38.3
2013/07/22,38.3,39.0,38.3,38.9
2013/07/23,39.2,39.4,39.1,39.2
2013/07/24,39.3,39.5,39.0,39.1
2013/07/25,39.1,39.3,38.9,39.3
2013/07/26,39.7,39.7,39.4,39.7
2013/07/29,39.4,39.8,39.3,39.4
2013/07/30,39.4,39.8,39.4,39.8
2013/07/31,39.8,39.9,39.2,39.4
2013/08/01,39.4,39.6,39.2,39.2
2013/08/02,39.8,40.5,39.7,39.9
2013/08/05,40.1,42.0,40.0,41.9
2013/08/06,42.2,43.1,42.0,42.1
2013/08/07,41.3,41.8,41.2,41.4
2013/08/08,41.8,41.9,40.8,41.3
2013/08/09,41.7,42.9,41.4,42.5
2013/08/12,42.7,42.8,41.7,41.8
2013/08/13,42.1,42.7,41.8,42.4
2013/08/14,42.7,42.7,42.1,42.3
2013/08/15,40.7,42.0,40.5,41.4
2013/08/16,41.9,43.1,41.5,42.5
2013/08/19,43.1,43.2,42.5,42.6
2013/08/20,42.8,43.6,42.5,42.9
2013/08/22,43.2,44.9,42.6,44.9
2013/08/23,45.3,45.4,44.3,44.8
2013/08/26,45.4,47.2,45.3,46.0
2013/08/27,46.0,46.1,44.0,44.5
2013/08/28,44.3,45.1,44.1,44.5
2013/08/29,45.0,47.5,44.7,47.4
2013/08/30,48.1,49.8,48.1,49.3
2013/09/02,51.1,52.7,50.3,52.1
2013/09/03,52.6,53.2,51.7,52.4
2013/09/04,52.9,54.0,52.2,52.8
2013/09/05,53.4,53.8,52.5,53.3
2013/09/06,53.4,56.0,52.8,54.2
2013/09/09,54.2,54.5,52.9,53.3
2013/09/10,53.7,54.8,53.0,53.3
2013/09/11,53.6,54.1,53.1,53.6
2013/09/12,53.9,55.8,53.8,54.7
2013/09/13,55.4,55.5,52.3,52.7
2013/09/16,52.7,54.5,52.4,53.8
2013/09/17,53.8,55.0,53.6,54.1
2013/09/18,54.2,55.4,54.0,55.1
2013/09/23,56.4,59.0,56.2,59.0
2013/09/24,59.0,59.2,57.6,58.2
2013/09/25,58.2,58.8,57.8,58.1
2013/09/26,58.2,59.8,55.7,55.7
2013/09/27,56.4,57.1,55.8,56.0
2013/09/30,55.1,56.6,55.1,55.7
2013/10/01,56.1,57.1,55.5,56.9
2013/10/02,57.1,57.5,55.1,55.2
2013/10/03,54.9,55.6,53.8,55.1
2013/10/04,55.1,56.9,54.8,56.9
2013/10/07,57.2,57.2,55.1,55.1
2013/10/08,55.1,55.7,53.6,55.7
2013/10/09,56.0,57.0,55.3,55.3
2013/10/11,56.8,56.8,55.5,56.0
2013/10/14,56.2,56.3,54.9,55.4
2013/10/15,55.6,59.2,55.6,59.2
2013/10/16,59.5,61.0,59.3,59.8
2013/10/17,61.2,63.2,60.1,62.8
2013/10/18,63.1,63.2,61.8,62.9
2013/10/21,63.2,63.2,62.0,62.9
2013/10/22,62.9,65.4,62.3,62.5
2013/10/23,62.8,63.3,60.6,61.4
2013/10/24,61.7,62.5,61.1,61.6
2013/10/25,61.4,63.0,61.3,61.7
2013/10/28,61.9,63.4,61.8,62.5
2013/10/29,62.5,62.8,61.4,61.8
2013/10/30,62.1,63.2,60.9,62.8
2013/10/31,63.0,64.4,61.8,61.8
2013/11/01,62.1,62.5,60.5,61.2
2013/11/04,61.7,62.1,61.2,62.1
2013/11/05,62.5,64.9,62.2,63.0
2013/11/06,63.8,63.9,61.7,63.1
2013/11/07,65.2,67.4,63.6,64.1
2013/11/08,63.6,63.9,61.4,62.3
2013/11/11,63.1,63.5,62.2,62.7
2013/11/12,63.2,63.5,58.6,60.9
2013/11/13,60.9,61.1,58.2,59.5
2013/11/14,59.5,59.8,58.2,59.8
2013/11/15,60.0,61.9,59.8,60.9
2013/11/18,61.3,62.5,60.7,61.4
2013/11/19,61.4,63.3,61.1,62.9
2013/11/20,62.5,62.6,61.5,61.7
2013/11/21,61.6,61.7,60.3,61.2
2013/11/22,61.2,61.5,59.7,59.7
2013/11/25,60.1,60.9,59.8,60.0
2013/11/26,60.3,61.5,59.9,61.0
2013/11/27,61.1,63.3,61.1,61.6
2013/11/28,61.9,62.5,61.2,61.4
2013/11/29,61.6,62.7,61.5,61.9
2013/12/02,62.5,63.2,62.1,62.3
2013/12/03,62.3,62.5,61.5,62.2
2013/12/04,62.0,66.5,61.9,66.3
2013/12/05,67.3,68.1,65.3,65.3
2013/12/06,65.9,66.4,64.3,64.9
2013/12/09,65.2,67.5,65.2,67.1
2013/12/10,67.2,67.4,65.5,66.5
2013/12/11,66.9,68.8,66.2,66.2
2013/12/12,66.5,67.8,66.3,66.8
2013/12/13,67.7,68.2,66.3,66.5
2013/12/16,66.7,67.0,64.4,64.7
2013/12/17,65.9,65.9,64.5,64.7
2013/12/18,65.1,66.0,64.9,65.0
2013/12/19,66.0,66.8,65.3,66.7
2013/12/20,67.2,67.4,65.3,65.3
2013/12/23,65.3,65.6,64.4,64.6
2013/12/24,64.6,66.0,64.6,65.4
2013/12/25,65.6,66.0,65.1,65.4
2013/12/26,65.7,66.0,65.1,65.3
2013/12/27,65.3,65.8,64.6,65.5
2013/12/30,65.9,66.0,64.8,65.6
2013/12/31,66.0,68.5,66.0,67.7
2014/01/02,68.4,69.8,68.1,68.2
2014/01/03,68.2,68.2,66.8,67.8
2014/01/06,68.1,68.6,65.4,65.5
2014/01/07,66.3,67.2,65.3,67.2
2014/01/08,68.1,68.1,66.6,66.6
2014/01/09,66.0,66.3,64.7,65.1
2014/01/10,65.6,66.2,64.8,66.2
2014/01/13,66.5,67.7,66.2,66.7
2014/01/14,66.7,68.1,66.5,67.8
2014/01/15,68.2,68.5,67.4,67.6
2014/01/16,68.2,68.2,66.4,66.4
2014/01/17,66.4,66.6,65.5,65.7
2014/01/20,65.7,67.0,65.6,65.9
2014/01/21,65.9,66.4,65.7,65.9
2014/01/22,66.0,67.5,65.9,66.7
2014/01/23,67.4,71.4,67.2,71.4
2014/01/24,71.8,72.1,69.3,69.4
2014/01/27,68.3,69.2,67.9,67.9
2014/02/05,66.5,67.1,65.3,67.1
2014/02/06,67.2,68.1,67.1,67.2
2014/02/07,67.6,67.6,66.0,66.0
2014/02/10,67.4,68.1,66.8,66.8
2014/02/11,66.8,67.0,66.2,66.8
2014/02/12,67.7,68.1,66.7,66.7
2014/02/13,67.6,68.1,66.8,67.3
2014/02/14,67.5,68.1,66.5,66.5
2014/02/17,66.7,67.0,66.3,66.5
2014/02/18,66.5,67.4,66.5,67.4
2014/02/19,67.7,67.9,66.9,67.2
2014/02/20,67.2,69.6,67.2,67.8
2014/02/21,68.1,70.2,67.5,69.5
2014/02/24,70.2,70.6,69.5,69.5
2014/02/25,70.0,70.2,68.8,69.3
2014/02/26,69.1,69.6,68.6,68.9
2014/02/27,68.8,69.3,68.1,68.6
2014/03/03,68.2,68.2,67.0,67.4
2014/03/04,67.2,67.9,66.6,67.6
2014/03/05,68.2,69.5,67.6,69.1
2014/03/06,69.5,69.6,67.9,68.1
2014/03/07,68.2,68.3,66.5,66.5
2014/03/10,66.5,66.5,63.9,64.7
2014/03/11,64.7,66.2,64.7,65.3
2014/03/12,64.9,65.4,64.2,64.6
2014/03/13,63.9,65.2,63.9,63.9
2014/03/14,63.7,63.7,62.1,62.4
2014/03/17,62.4,63.9,62.1,63.2
2014/03/18,63.8,63.8,62.5,62.7
2014/03/19,62.7,62.7,61.0,61.1
2014/03/20,59.9,62.1,59.6,62.1
2014/03/21,62.4,62.5,59.7,60.4
2014/03/24,59.9,59.9,58.2,58.8
2014/03/25,58.4,59.3,58.4,58.9
2014/03/26,59.3,60.9,59.3,60.4
2014/03/27,60.3,60.4,59.3,59.7
2014/03/28,59.7,61.3,59.6,61.3
2014/03/31,61.3,61.4,60.0,60.0
2014/04/01,60.0,60.4,59.6,59.7
2014/04/02,59.7,60.6,59.7,60.1
2014/04/03,60.9,61.8,60.3,60.6
2014/04/07,59.9,60.2,59.0,59.6
2014/04/08,59.5,60.3,59.1,60.3
2014/04/09,60.4,61.6,59.9,61.1
2014/04/10,61.7,61.7,59.3,59.5
2014/04/11,58.6,59.5,58.4,58.5
2014/04/14,58.5,59.0,56.9,57.7
2014/04/15,58.3,59.2,58.0,59.0
2014/04/16,59.7,60.6,59.1,60.3
2014/04/17,60.5,60.5,59.5,59.6
2014/04/18,59.7,63.2,59.6,62.5
2014/04/21,62.6,62.6,61.3,61.6
2014/04/22,61.9,62.4,61.5,61.6
2014/04/23,62.5,63.2,61.0,61.1
2014/04/24,62.0,62.0,59.7,60.1
2014/04/25,60.4,60.9,58.3,59.5
2014/04/28,58.3,59.8,58.3,59.7
2014/04/29,59.9,62.0,59.9,61.4
2014/04/30,61.5,61.8,60.9,61.6
2014/05/02,62.1,63.9,61.9,63.2
2014/05/05,63.2,63.2,62.3,62.7
2014/05/06,62.7,63.4,62.6,62.7
2014/05/07,62.6,63.0,61.8,61.8
2014/05/08,61.2,61.9,58.4,59.8
2014/05/09,59.8,60.3,58.8,59.5
2014/05/12,59.5,60.0,58.8,59.5
2014/05/13,59.9,60.0,58.9,59.5
2014/05/14,59.5,59.7,58.9,59.5
2014/05/15,59.2,60.0,59.2,59.5
2014/05/16,58.6,59.0,56.4,57.6
2014/05/19,57.5,57.7,56.6,56.7
2014/05/20,56.9,58.7,56.9,58.1
2014/05/21,58.4,59.0,57.8,57.9
2014/05/22,58.0,59.0,58.0,59.0
2014/05/23,59.0,59.0,58.3,58.9
2014/05/26,59.3,59.9,59.0,59.0
2014/05/27,59.2,59.5,59.0,59.0
2014/05/28,59.9,62.4,59.7,62.0
2014/05/29,62.1,62.8,61.4,62.4
2014/05/30,62.8,62.9,61.8,62.8
2014/06/03,63.0,63.0,61.4,61.9
2014/06/04,62.5,63.2,62.0,62.5
2014/06/05,62.5,64.6,62.3,63.9
2014/06/06,64.3,64.4,62.5,63.2
2014/06/09,63.2,64.9,63.2,64.7
2014/06/10,64.7,65.1,64.0,64.4
2014/06/11,64.5,65.3,63.9,65.2
2014/06/12,65.1,65.2,64.4,65.2
2014/06/13,64.8,65.2,64.3,64.3
2014/06/16,64.3,64.6,62.9,63.9
2014/06/17,63.9,64.1,63.0,63.2
2014/06/18,63.5,64.0,62.4,62.9
2014/06/19,63.0,63.5,62.6,63.3
2014/06/20,63.3,64.5,63.3,63.5
2014/06/23,63.2,63.2,61.4,61.5
2014/06/24,61.4,61.9,61.4,61.7
2014/06/25,61.4,62.7,61.2,62.1
2014/06/26,62.5,62.7,61.8,62.1
2014/06/27,61.7,62.5,61.7,62.5
2014/06/30,62.9,64.2,62.5,64.2
2014/07/01,64.5,65.9,63.7,63.7
2014/07/02,64.0,64.9,63.2,63.7
2014/07/03,64.0,67.6,64.0,67.6
2014/07/04,68.4,68.6,66.9,67.5
2014/07/07,67.8,68.3,66.3,67.0
2014/07/08,67.5,67.5,66.2,67.0
2014/07/09,67.3,69.0,67.1,68.1
2014/07/10,68.8,69.5,68.1,69.0
2014/07/11,68.9,69.6,67.3,68.2
2014/07/14,68.3,70.3,68.2,69.7
2014/07/15,70.4,71.2,69.6,69.9
2014/07/16,69.9,70.3,68.4,69.1
2014/07/17,69.3,70.6,68.7,69.5
2014/07/18,69.2,70.2,68.8,69.5
2014/07/21,69.8,70.9,69.8,70.3
2014/07/22,70.3,74.3,70.3,73.7
2014/07/24,73.8,74.3,73.1,74.3
2014/07/25,73.9,73.9,71.6,72.6
2014/07/28,73.1,73.1,72.3,72.9
2014/07/29,73.3,73.5,68.9,70.9
2014/07/30,70.6,71.7,69.2,71.7
2014/07/31,71.4,71.7,70.2,71.6
2014/08/01,70.0,71.6,70.0,71.0
2014/08/04,71.2,72.5,70.3,71.6
2014/08/05,71.6,71.7,70.7,71.4
2014/08/06,71.4,71.7,69.3,70.8
2014/08/07,68.7,69.9,66.4,66.4
2014/08/08,66.4,66.8,65.4,66.7
2014/08/11,66.6,68.7,66.0,68.7
2014/08/12,68.7,69.0,67.7,67.8
2014/08/13,68.0,68.7,67.8,68.3
2014/08/14,69.2,69.2,67.0,68.1
2014/08/15,68.1,68.8,67.0,67.9
2014/08/18,68.6,69.2,66.1,66.8
2014/08/19,66.9,67.6,65.2,65.3
2014/08/20,65.9,66.2,64.7,66.2
2014/08/21,66.6,66.7,65.2,65.3
2014/08/22,65.6,68.0,65.6,67.2
2014/08/25,67.2,68.8,67.1,68.2
2014/08/26,68.5,69.1,68.3,68.5
2014/08/27,69.1,71.0,68.8,70.1
2014/08/28,70.1,70.7,69.8,69.8
2014/08/29,70.3,70.5,69.2,69.6
2014/09/01,70.2,70.3,69.1,70.2
2014/09/02,70.2,70.2,67.9,67.9
2014/09/03,68.6,68.6,66.7,66.7
2014/09/04,66.7,67.5,65.6,66.6
2014/09/05,66.5,66.6,65.7,66.6
2014/09/09,67.8,68.1,66.7,67.1
2014/09/10,66.9,67.1,66.3,67.0
2014/09/11,67.2,67.8,66.6,66.6
2014/09/12,66.0,66.6,65.2,65.7
2014/09/15,65.9,66.3,65.0,65.8
2014/09/16,66.0,66.3,65.6,66.0
2014/09/17,66.3,67.0,66.0,66.5
2014/09/18,66.9,67.1,65.7,66.4
2014/09/19,66.9,67.4,66.3,67.4
2014/09/22,67.1,67.1,66.5,66.6
2014/09/23,66.0,66.6,65.5,65.8
2014/09/24,65.8,66.5,65.8,66.0
2014/09/25,66.6,66.6,64.1,64.7
2014/09/26,63.8,64.3,63.2,64.0
2014/09/29,63.9,64.3,62.5,63.4
2014/09/30,63.4,64.0,62.2,63.7
2014/10/01,63.2,64.0,63.0,63.3
2014/10/02,63.3,63.9,62.5,63.3
2014/10/03,63.3,64.5,63.3,64.4
2014/10/06,64.6,64.8,63.9,64.6
2014/10/07,64.4,64.4,63.3,63.4
2014/10/08,62.8,63.3,62.5,62.5
2014/10/09,63.7,63.7,61.6,62.1
2014/10/13,60.7,60.7,57.9,58.0
2014/10/14,58.0,59.2,57.6,58.7
2014/10/15,59.7,60.7,58.4,59.1
2014/10/16,58.7,58.9,56.1,58.2
2014/10/17,59.8,60.0,56.6,57.1
2014/10/20,58.1,58.2,56.7,56.7
2014/10/21,56.7,56.8,54.6,56.0
2014/10/22,56.7,57.3,56.1,56.7
2014/10/23,56.7,57.3,56.4,56.9
2014/10/24,57.1,57.2,56.2,56.2
2014/10/27,56.7,56.7,54.8,55.9
2014/10/28,56.4,58.6,56.4,57.8
2014/10/29,58.8,60.0,58.3,59.7
2014/10/30,59.9,60.2,59.2,59.5
2014/10/31,61.4,61.4,60.4,61.0
2014/11/03,60.7,61.8,60.0,61.3
2014/11/04,61.3,61.5,60.9,61.2
2014/11/05,61.2,61.5,60.3,60.5
2014/11/06,58.9,58.9,56.9,57.1
2014/11/07,57.4,58.0,57.4,57.6
2014/11/10,57.6,58.3,56.7,56.8
2014/11/11,56.9,57.5,56.4,56.7
2014/11/12,56.4,56.6,55.4,55.6
2014/11/13,55.6,56.1,55.0,55.5
2014/11/14,55.5,55.9,55.1,55.2
2014/11/17,55.2,55.6,52.7,53.0
2014/11/18,53.1,53.4,50.1,50.9
2014/11/19,51.5,52.1,50.9,51.5
2014/11/20,51.9,53.2,51.9,53.2
2014/11/21,53.2,53.7,52.6,52.9
2014/11/24,53.1,54.0,52.6,52.6
2014/11/25,52.5,53.1,51.7,51.7
2014/11/26,51.8,52.7,51.6,51.8
2014/11/27,52.9,55.4,52.3,54.8
2014/11/28,54.4,54.5,53.4,53.7
2014/12/01,52.4,54.5,52.4,53.6
2014/12/02,53.5,55.1,52.5,55.1
2014/12/03,55.8,58.7,55.8,57.9
2014/12/04,58.6,59.8,57.5,58.6
2014/12/05,58.6,61.0,58.6,60.7
2014/12/08,61.6,62.5,59.3,59.7
2014/12/09,59.7,60.8,58.7,60.0
2014/12/10,60.0,60.2,59.0,59.5
2014/12/11,59.5,60.6,59.2,59.7
2014/12/12,59.8,60.0,58.7,58.9
2014/12/15,57.8,58.3,57.5,57.8
2014/12/16,57.5,58.8,57.2,57.6
2014/12/17,57.6,58.3,57.3,57.3
2014/12/18,58.2,60.2,57.8,59.1
2014/12/19,60.1,60.1,56.4,57.5
2014/12/22,57.9,58.8,57.9,58.5
2014/12/23,58.7,58.9,58.0,58.3
2014/12/24,58.8,59.3,58.1,58.7
2014/12/25,58.9,59.1,58.4,58.6
2014/12/26,58.8,58.9,57.9,58.3
2014/12/29,59.2,60.8,58.9,60.0
2014/12/30,60.5,60.8,59.3,59.9
2014/12/31,60.4,60.6,59.6,59.8
2015/01/05,60.9,61.5,59.6,61.5
2015/01/06,61.0,61.1,60.2,60.3
2015/01/07,60.4,60.9,59.9,60.3
2015/01/08,60.8,61.0,59.9,59.9
2015/01/09,60.7,61.8,60.0,61.4
2015/01/12,61.4,62.6,61.1,61.5
2015/01/13,61.5,62.0,60.9,60.9
2015/01/14,60.9,62.0,60.5,61.8
2015/01/15,61.9,63.0,61.6,62.0
2015/01/16,61.6,61.9,59.7,59.9
2015/01/19,60.2,60.6,58.3,58.6
2015/01/20,59.8,60.2,58.9,59.8
2015/01/21,60.0,60.2,59.3,59.5
2015/01/22,60.0,61.0,59.9,60.4
2015/01/23,61.1,61.6,60.6,60.7
2015/01/26,61.1,61.3,60.5,60.5
2015/01/27,60.7,61.8,60.7,61.5
2015/01/28,61.4,61.6,60.7,61.1
2015/01/29,61.1,61.8,60.8,61.0
2015/01/30,61.5,61.6,60.7,60.7
2015/02/02,60.7,61.7,59.5,61.7
2015/02/03,62.0,62.3,61.3,61.6
2015/02/04,61.6,62.9,61.3,62.0
2015/02/05,62.6,62.7,61.9,62.1
2015/02/06,62.1,62.4,60.9,61.3
2015/02/09,62.5,64.2,62.5,63.3
2015/02/10,63.6,63.6,62.8,62.8
2015/02/11,63.3,64.6,63.0,63.3
2015/02/12,63.3,64.7,63.1,64.2
2015/02/13,64.7,65.5,64.3,65.1
2015/02/24,66.9,66.9,65.3,65.8
2015/02/25,66.2,66.2,64.8,65.2
2015/02/26,65.4,65.8,64.9,65.7
2015/03/02,66.5,66.5,65.3,65.9
2015/03/03,66.0,66.2,64.7,64.8
2015/03/04,64.7,66.5,64.3,66.1
2015/03/05,66.1,66.5,65.6,65.8
2015/03/06,66.4,67.6,65.8,67.5
2015/03/09,67.9,67.9,66.6,67.2
2015/03/10,67.2,67.6,66.6,66.7
2015/03/11,65.6,66.9,65.4,66.1
2015/03/12,66.3,66.9,66.0,66.3
2015/03/13,66.5,67.5,66.2,66.4
2015/03/16,66.2,66.8,65.7,65.8
2015/03/17,66.5,66.6,64.2,64.2
2015/03/18,64.2,65.6,64.2,65.0
2015/03/19,65.2,65.5,64.4,65.1
2015/03/20,64.7,65.0,64.3,64.4
2015/03/23,64.4,65.5,64.2,65.2
2015/03/24,65.1,65.3,64.5,64.6
2015/03/25,64.5,65.0,63.1,63.2
2015/03/26,62.6,63.7,62.6,63.3
2015/03/27,63.3,63.9,62.8,63.4
2015/03/30,63.6,64.0,62.6,63.3
2015/03/31,63.8,64.7,63.8,64.1
2015/04/01,64.4,64.8,64.1,64.4
2015/04/02,64.6,65.0,63.9,64.2
2015/04/07,64.9,64.9,63.6,64.8
2015/04/08,64.8,64.9,63.7,64.5
2015/04/09,65.0,65.4,64.7,64.8
2015/04/10,65.1,65.4,64.2,64.3
2015/04/13,64.7,65.4,63.9,65.4
2015/04/14,65.4,67.9,65.2,66.4
2015/04/15,66.4,68.0,65.8,66.9
2015/04/16,68.0,71.6,67.5,70.7
2015/04/17,70.7,73.2,69.7,71.5
2015/04/20,71.4,72.3,69.8,69.8
2015/04/21,70.5,72.0,68.2,69.4
2015/04/22,70.5,72.2,70.0,71.4
2015/04/23,73.0,73.7,70.7,70.9
2015/04/24,72.1,73.3,68.0,69.0
2015/04/27,69.1,72.5,69.0,72.3
2015/04/28,72.6,74.2,71.6,74.0
2015/04/29,73.6,73.6,70.9,72.1
2015/04/30,72.1,73.6,71.5,72.7
2015/05/04,73.6,75.1,72.8,72.9
2015/05/05,73.2,74.1,72.4,73.0
2015/05/06,72.6,77.0,72.0,76.6
2015/05/07,76.1,76.6,74.7,75.5
2015/05/08,75.6,75.9,73.5,74.1
2015/05/11,75.7,75.7,71.8,72.7
2015/05/12,73.6,74.9,73.0,73.9
2015/05/13,74.9,78.1,74.1,77.4
2015/05/14,77.4,78.5,75.7,77.2
2015/05/15,77.7,79.7,77.5,78.8
2015/05/18,79.3,84.0,79.2,83.5
2015/05/19,83.6,84.4,82.3,83.9
2015/05/20,83.9,84.9,80.9,81.0
2015/05/21,81.0,83.0,79.7,82.1
2015/05/22,82.8,84.9,81.8,82.6
2015/05/25,83.0,83.3,80.7,82.0
2015/05/26,82.0,82.2,79.4,80.0
2015/05/27,80.1,84.0,80.1,83.9
2015/05/28,85.0,86.2,84.3,84.3
2015/05/29,84.7,84.8,83.0,84.5
2015/06/01,84.5,85.2,82.5,84.2
2015/06/02,83.9,87.9,83.2,87.4
2015/06/03,88.8,89.2,84.0,84.2
2015/06/04,83.5,83.9,75.8,76.1
2015/06/05,76.1,80.2,75.0,79.9
2015/06/08,80.1,80.9,79.1,79.2
2015/06/09,79.2,81.4,77.2,78.3
2015/06/10,81.0,81.0,78.7,79.9
2015/06/11,80.7,80.8,77.4,79.5
2015/06/12,79.4,80.7,77.4,77.4
2015/06/15,76.6,78.2,73.5,75.3
2015/06/16,75.3,76.9,75.1,76.9
2015/06/17,78.1,80.9,77.5,79.9
2015/06/18,80.8,80.8,79.0,80.7
2015/06/22,81.7,82.5,80.5,80.5
2015/06/23,81.4,84.0,80.8,81.1
2015/06/24,81.2,81.4,79.1,80.3
2015/06/25,80.3,82.3,80.0,81.0
2015/06/26,82.1,83.8,81.7,82.3
2015/06/29,80.6,81.0,78.9,78.9
2015/06/30,78.7,79.9,78.1,78.2
2015/07/01,78.8,81.9,78.6,81.6
2015/07/02,81.9,82.9,80.8,80.8
2015/07/03,80.9,81.3,79.3,80.5
2015/07/06,78.5,79.8,77.2,77.2
2015/07/07,77.9,78.3,73.3,74.7
2015/07/08,74.7,75.6,69.6,71.7
2015/07/09,72.1,75.5,70.0,75.3
2015/07/13,77.1,77.2,74.1,76.3
2015/07/14,76.7,76.7,74.4,74.4
2015/07/15,75.3,75.6,74.6,74.7
2015/07/16,74.9,75.2,73.7,74.3
2015/07/17,74.9,74.9,74.1,74.8
2015/07/20,75.2,75.2,70.7,71.9
2015/07/21,71.9,72.7,70.6,72.7
2015/07/22,71.6,72.3,69.5,70.0
2015/07/23,69.6,71.6,69.6,71.1
2015/07/24,70.9,71.4,69.9,71.0
2015/07/27,70.3,71.6,65.1,65.3
2015/07/28,64.9,71.3,64.9,70.6
2015/07/29,70.9,71.7,69.3,70.3
2015/07/30,70.5,72.3,70.5,70.8
2015/07/31,70.8,70.9,69.0,70.0
2015/08/03,67.9,68.7,66.3,66.9
2015/08/04,66.9,68.1,64.2,64.7
2015/08/05,65.1,66.9,65.1,66.0
2015/08/06,65.4,66.5,65.0,65.5
2015/08/07,64.6,68.9,64.6,68.9
2015/08/10,69.3,73.2,69.3,71.6
2015/08/11,70.2,71.5,64.5,64.5
2015/08/12,63.0,63.2,58.6,60.9
2015/08/13,60.9,62.2,60.1,61.0
2015/08/14,61.6,62.5,61.2,61.8
2015/08/17,61.9,61.9,57.3,57.5
2015/08/18,57.5,58.3,56.2,57.9
2015/08/19,57.2,58.1,55.9,56.9
2015/08/20,56.9,58.3,55.9,57.2
2015/08/21,55.6,56.0,54.3,54.6
2015/08/24,52.9,53.2,49.1,50.2
2015/08/25,49.8,53.1,49.8,52.6
2015/08/26,52.1,55.5,51.1,54.6
2015/08/27,56.0,58.2,55.6,57.0
2015/08/28,58.4,58.9,56.4,56.6
2015/08/31,55.9,56.2,54.7,55.6
2015/09/01,55.4,56.6,55.1,55.4
2015/09/02,54.8,55.4,54.2,55.2
2015/09/03,55.8,57.9,55.8,57.2
2015/09/04,56.9,59.6,56.9,58.2
2015/09/07,58.2,59.3,57.9,59.2
2015/09/08,59.0,60.0,58.2,58.4
2015/09/09,59.5,61.4,59.2,61.4
2015/09/10,61.0,61.8,60.3,60.9
2015/09/11,61.3,64.2,61.3,62.8
2015/09/14,63.7,65.2,62.2,63.3
2015/09/15,63.7,64.2,62.3,62.3
2015/09/16,63.2,64.7,62.7,62.7
2015/09/17,63.3,64.4,63.1,64.0
2015/09/18,64.2,65.8,64.2,65.5
2015/09/21,64.4,65.3,63.9,64.4
2015/09/22,64.7,65.3,63.4,64.4
2015/09/23,63.2,63.7,61.2,61.2
2015/09/24,61.4,62.2,58.5,60.6
2015/09/25,61.1,62.8,60.8,62.4
2015/09/30,61.8,63.4,61.7,62.3
2015/10/01,63.3,64.2,63.0,63.7
2015/10/02,64.4,69.7,64.1,68.3
2015/10/05,71.0,72.8,69.6,71.2
2015/10/06,72.0,72.1,69.3,69.5
2015/10/07,69.8,71.7,69.8,70.6
2015/10/08,71.0,71.2,69.0,69.1
2015/10/12,70.1,71.6,70.1,70.8
2015/10/13,71.4,72.2,70.5,70.7
2015/10/14,70.5,71.4,69.6,70.9
2015/10/15,71.9,72.3,71.0,71.3
2015/10/16,72.3,75.8,71.8,74.0
2015/10/19,74.4,74.5,72.3,72.4
2015/10/20,72.7,73.0,71.2,72.0
2015/10/21,72.3,73.7,71.7,71.9
2015/10/22,71.5,72.9,71.3,72.4
2015/10/23,73.6,74.4,71.4,71.5
2015/10/26,71.9,73.8,70.8,73.7
2015/10/27,73.2,74.2,72.5,73.7
2015/10/28,73.8,76.7,73.7,74.1
2015/10/29,76.9,79.4,75.7,77.1
2015/10/30,77.5,78.1,75.3,78.1
2015/11/02,78.3,78.9,77.1,77.4
2015/11/03,77.8,78.8,76.6,76.6
2015/11/04,77.1,77.4,76.0,76.2
2015/11/05,76.7,77.9,76.5,77.3
2015/11/06,77.7,77.9,76.1,76.4
2015/11/09,75.9,76.1,73.1,73.1
2015/11/10,72.9,74.5,72.6,73.4
2015/11/11,73.7,74.2,71.1,71.1
2015/11/12,72.4,74.4,71.4,74.4
2015/11/13,74.2,75.8,73.5,74.8
2015/11/16,73.9,79.9,73.9,79.3
2015/11/17,80.6,81.1,79.4,79.4
2015/11/18,79.9,80.5,78.7,79.0
2015/11/19,79.4,81.4,79.4,80.2
2015/11/20,80.4,81.4,79.7,80.3
2015/11/23,81.3,81.6,79.8,80.3
2015/11/24,80.7,84.0,80.4,81.5
2015/11/25,81.9,82.6,80.3,81.7
2015/11/26,82.4,82.4,80.7,80.7
2015/11/27,81.4,81.7,80.4,80.7
2015/11/30,81.2,83.2,80.4,82.0
2015/12/01,82.6,84.1,82.1,82.7
2015/12/02,83.7,84.5,82.4,82.4
2015/12/03,82.4,83.6,81.0,81.9
2015/12/04,82.1,85.2,82.0,83.5
2015/12/07,84.5,84.5,82.8,82.8
2015/12/08,82.8,83.2,80.4,81.0
2015/12/09,81.0,81.6,78.7,79.8
2015/12/10,80.1,80.8,79.2,80.8
2015/12/11,80.9,81.3,76.0,76.3
2015/12/14,74.6,77.3,74.2,75.5
2015/12/15,77.0,77.0,75.5,75.5
2015/12/16,76.4,76.7,75.6,76.4
2015/12/17,77.0,79.9,76.9,78.8
2015/12/18,78.4,79.8,78.3,78.8
2015/12/21,78.8,78.8,77.6,77.9
2015/12/22,78.3,78.6,76.9,76.9
2015/12/23,77.3,77.4,76.4,76.9
2015/12/24,77.4,77.7,76.8,76.9
2015/12/25,76.9,77.8,76.3,77.7
2015/12/28,78.5,80.4,78.5,78.7
2015/12/29,79.6,80.3,76.9,77.4
2015/12/30,78.4,79.4,77.8,79.4
2015/12/31,79.6,80.4,78.8,79.8
2016/01/05,78.1,78.5,77.3,77.3
2016/01/06,77.4,77.9,75.6,75.7
2016/01/07,75.5,76.1,70.8,71.8
2016/01/08,71.3,75.8,71.2,75.8
2016/01/11,75.4,75.4,73.3,73.4
2016/01/12,73.9,74.5,72.3,72.7
2016/01/13,74.2,74.2,70.8,71.5
2016/01/14,69.7,69.9,67.8,69.3
2016/01/15,70.3,73.7,70.3,72.9
2016/01/18,72.1,76.9,72.1,76.4
2016/01/19,76.3,77.7,75.4,77.5
2016/01/20,76.9,76.9,75.5,75.5
2016/01/21,76.2,76.7,73.6,74.7
2016/01/22,75.5,76.7,75.4,76.4
2016/01/25,77.0,77.5,75.0,75.6
2016/01/26,75.1,77.0,75.0,76.4
2016/01/27,77.4,77.4,75.4,75.4
2016/01/28,74.6,76.4,74.6,76.4
2016/01/29,75.8,76.4,75.6,76.4
2016/02/01,81.4,81.4,78.3,78.8
2016/02/02,79.6,80.4,78.8,78.8
2016/02/03,78.3,78.5,77.0,77.4
2016/02/15,76.5,79.4,76.5,79.1
2016/02/16,79.6,80.7,78.5,79.6
2016/02/17,79.6,80.5,79.3,80.1
2016/02/18,81.7,82.9,81.2,81.8
2016/02/19,81.8,82.6,80.4,80.8
2016/02/22,80.8,81.7,79.7,80.2
2016/02/23,80.9,81.2,78.9,81.2
2016/02/24,80.8,81.1,79.4,79.5
2016/02/25,79.7,80.1,78.1,78.5
2016/02/26,79.1,79.4,77.8,78.1
2016/03/01,78.6,79.6,78.4,79.3
2016/03/02,79.7,80.1,78.1,78.2
2016/03/03,78.4,78.7,76.1,77.3
2016/03/04,77.5,77.7,76.3,76.4
2016/03/07,76.6,77.4,75.1,75.6
2016/03/08,75.6,76.6,75.2,76.6
2016/03/09,76.4,76.4,74.8,75.0
2016/03/10,75.2,78.2,75.2,77.6
2016/03/11,77.4,77.5,76.4,76.6
2016/03/14,77.4,77.4,76.3,76.4
2016/03/15,77.0,77.0,73.7,73.7
2016/03/16,73.8,74.5,72.8,73.4
2016/03/17,74.6,76.2,74.2,74.3
2016/03/18,75.3,76.3,74.7,76.1
2016/03/21,76.6,76.8,75.6,76.2
2016/03/22,76.0,76.1,74.4,74.6
2016/03/23,74.7,75.9,74.7,75.1
2016/03/24,74.9,76.1,74.1,75.1
2016/03/25,75.3,76.0,74.3,74.9
2016/03/28,75.9,76.8,75.1,76.0
2016/03/29,76.0,76.6,75.1,76.6
2016/03/30,77.2,79.0,77.0,77.8
2016/03/31,77.6,79.4,77.0,78.4
2016/04/01,78.2,79.7,78.0,79.2
2016/04/06,79.2,80.5,78.8,79.8
2016/04/07,80.5,80.5,77.8,78.9
2016/04/08,78.8,79.3,78.3,78.9
2016/04/11,79.3,79.4,77.5,77.5
2016/04/12,77.7,78.1,75.1,75.1
2016/04/13,75.3,76.3,75.3,76.1
2016/04/14,76.4,77.3,76.4,76.9
2016/04/15,76.9,77.4,76.0,76.9
2016/04/18,76.2,76.6,75.5,76.4
2016/04/19,76.9,77.8,76.9,76.9
2016/04/20,76.9,77.4,74.8,74.9
2016/04/21,75.1,75.7,74.4,75.4
2016/04/22,76.2,77.9,76.2,77.4
2016/04/25,77.6,78.1,76.5,77.4
2016/04/26,77.8,78.7,77.3,78.4
2016/04/27,78.3,78.9,77.5,77.7
2016/04/28,78.3,78.3,76.4,77.0
2016/04/29,76.5,76.6,75.8,76.4
2016/05/03,76.4,76.8,75.2,75.6
2016/05/04,75.2,75.8,73.5,74.1
2016/05/05,74.4,75.7,74.3,75.6
2016/05/06,75.2,75.4,74.0,74.3
2016/05/09,72.6,72.6,66.9,67.0
2016/05/10,67.3,69.9,67.2,69.7
2016/05/11,69.4,69.9,68.3,68.3
2016/05/12,69.2,69.7,68.1,68.3
2016/05/13,68.3,68.6,65.7,67.9
2016/05/16,68.4,68.9,67.8,68.4
2016/05/17,68.4,70.5,67.9,70.4
2016/05/18,69.3,69.3,68.1,68.4
2016/05/19,68.4,68.4,66.3,67.7
2016/05/20,67.3,67.4,65.6,66.5
2016/05/23,66.5,68.4,65.9,67.9
2016/05/24,67.8,67.8,66.8,66.9
2016/05/25,67.3,69.0,67.2,67.9
2016/05/26,68.3,69.6,67.5,69.1
2016/05/27,69.4,70.3,68.9,70.1
2016/05/30,69.7,70.7,69.6,70.7
2016/05/31,70.7,72.2,70.7,71.2
2016/06/01,71.6,71.9,70.2,70.3
2016/06/02,70.5,70.5,69.2,69.7
2016/06/03,69.6,70.3,69.5,70.2
2016/06/06,70.4,70.5,69.3,69.5
2016/06/07,69.6,71.0,69.6,71.0
2016/06/08,74.6,76.9,74.6,76.2
2016/06/13,75.8,77.5,75.4,76.4
2016/06/14,76.4,76.4,75.6,75.9
2016/06/15,76.2,76.4,74.9,76.2
2016/06/16,76.2,77.9,75.9,76.9
2016/06/17,76.9,77.4,76.2,76.2
2016/06/20,76.6,76.7,75.6,76.1
2016/06/21,76.4,77.7,76.4,76.4
2016/06/22,76.7,76.9,75.4,75.8
2016/06/23,76.1,76.2,75.2,75.3
2016/06/24,75.7,75.8,72.3,73.4
2016/06/27,72.5,74.6,72.5,74.5
2016/06/28,73.7,77.0,73.6,76.9
2016/06/29,76.4,77.8,75.4,75.5
2016/06/30,76.4,76.4,74.7,74.7
2016/07/01,74.9,75.9,74.7,74.8
2016/07/04,74.7,75.7,74.7,75.4
2016/07/05,75.4,75.9,75.0,75.5
2016/07/06,75.4,75.4,74.1,74.3
2016/07/07,74.7,75.1,73.4,73.9
2016/07/11,74.4,74.6,73.5,73.6
2016/07/12,74.2,75.0,74.2,74.5
2016/07/13,74.8,75.9,74.5,75.7
2016/07/14,75.9,76.2,75.4,75.7
2016/07/15,76.0,77.5,76.0,77.1
2016/07/18,77.5,79.2,77.2,78.5
2016/07/19,78.8,79.6,77.9,79.3
2016/07/20,78.7,78.9,77.5,78.2
2016/07/21,79.0,80.3,78.4,79.4
2016/07/22,79.6,80.4,79.1,79.4
2016/07/25,79.6,79.7,77.4,77.9
2016/07/26,77.9,78.8,77.9,78.6
2016/07/27,79.1,79.7,78.8,79.1
2016/07/28,79.2,79.4,78.0,78.2
2016/07/29,77.9,78.4,77.4,77.5
2016/08/01,77.8,80.1,77.6,80.1
2016/08/02,80.4,80.4,79.4,79.8
2016/08/03,79.4,79.4,78.5,79.4
2016/08/04,79.8,79.9,78.8,78.8
2016/08/05,79.4,81.0,78.9,81.0
2016/08/08,81.4,81.4,80.1,81.4
2016/08/09,81.5,81.7,79.9,80.6
2016/08/10,81.0,82.1,80.4,81.0
2016/08/11,78.0,80.4,77.9,79.8
2016/08/12,80.2,81.4,79.2,81.4
2016/08/15,81.4,81.4,80.0,80.0
2016/08/16,80.1,80.3,79.0,79.0
2016/08/17,78.9,80.8,78.7,80.0
2016/08/18,79.8,80.5,79.4,80.0
2016/08/19,80.4,81.0,79.9,80.0
2016/08/22,80.6,80.6,79.7,80.1
2016/08/23,80.4,83.9,80.1,82.6
2016/08/24,82.8,85.4,82.3,84.4
2016/08/25,84.7,88.6,84.5,87.6
2016/08/26,88.1,89.2,87.1,89.2
2016/08/29,89.0,89.2,88.1,88.7
2016/08/30,89.3,90.2,88.3,88.6
2016/08/31,89.0,89.9,88.4,89.5
2016/09/01,89.4,90.0,88.7,89.0
2016/09/02,89.2,89.8,86.7,88.1
2016/09/05,88.5,90.0,87.6,89.0
2016/09/06,89.2,93.5,88.5,92.1
2016/09/07,91.4,91.8,89.7,89.7
2016/09/08,89.5,90.8,89.0,89.3
2016/09/09,89.3,90.1,89.0,89.4
2016/09/12,88.0,88.0,86.3,86.3
2016/09/13,87.5,88.9,87.5,87.9
2016/09/14,87.9,88.6,85.8,87.6
2016/09/19,88.2,89.7,87.9,89.3
2016/09/20,89.0,93.0,89.0,91.2
2016/09/21,90.9,93.5,90.9,93.5
2016/09/22,94.7,95.6,92.1,95.1
2016/09/23,94.2,94.7,93.2,93.7
2016/09/26,93.5,93.5,92.0,92.3
2016/09/29,92.1,93.2,91.7,91.9
2016/09/30,91.4,92.8,90.6,92.7
2016/10/03,93.0,95.1,92.7,94.2
2016/10/04,94.7,95.6,91.5,91.5
2016/10/05,92.1,93.7,92.0,92.5
2016/10/06,92.7,92.8,89.3,90.5
2016/10/07,90.5,90.5,88.7,89.0
2016/10/11,89.4,89.5,86.7,88.2
2016/10/12,87.6,89.5,87.6,88.7
2016/10/13,88.9,89.2,86.5,86.5
2016/10/14,87.2,88.3,85.6,87.8
2016/10/17,88.6,89.5,87.4,89.0
2016/10/18,89.0,89.5,88.6,89.5
2016/10/19,89.9,89.9,84.5,84.5
2016/10/20,83.9,83.9,81.8,82.5
2016/10/21,83.1,84.3,83.0,83.7
2016/10/24,83.6,84.2,82.1,83.8
2016/10/25,84.1,84.6,83.3,84.1
2016/10/26,83.7,83.8,82.1,82.1
2016/10/27,81.5,82.7,81.2,81.9
2016/10/28,82.0,82.4,81.5,82.0
2016/10/31,82.0,82.9,81.7,82.4
2016/11/01,81.9,83.1,81.2,81.5
2016/11/02,80.7,80.8,78.9,78.9
2016/11/03,78.8,79.2,76.6,76.9
2016/11/04,77.0,78.0,77.0,77.3
2016/11/07,78.2,79.2,77.9,78.2
2016/11/08,78.3,79.5,77.1,79.5
2016/11/09,78.5,79.2,75.8,76.0
2016/11/10,79.7,83.6,79.5,83.6
2016/11/11,82.5,83.8,81.8,82.1
2016/11/14,82.1,85.1,80.9,83.7
2016/11/15,83.4,83.8,82.2,83.4
2016/11/16,83.4,83.9,81.2,81.5
2016/11/17,81.5,82.1,80.4,81.2
2016/11/18,80.9,83.5,80.7,83.5
2016/11/21,83.5,83.8,82.3,82.8
2016/11/22,82.8,83.4,82.8,83.4
2016/11/23,83.6,84.8,83.2,84.0
2016/11/24,85.8,88.2,85.0,85.0
2016/11/25,85.0,86.5,84.5,86.1
2016/11/28,86.6,87.1,86.2,86.7
2016/11/29,87.2,88.3,87.1,87.8
2016/11/30,88.1,88.9,87.3,88.4
2016/12/01,88.2,88.7,87.7,88.4
2016/12/02,87.9,87.9,85.6,86.0
2016/12/05,86.0,87.5,85.9,86.7
2016/12/06,86.8,87.5,86.6,87.0
2016/12/07,87.5,87.9,86.2,87.0
2016/12/08,87.5,87.8,85.9,86.1
2016/12/09,83.9,83.9,82.5,83.3
2016/12/12,82.5,82.6,79.9,79.9
2016/12/13,79.7,80.2,78.8,79.7
2016/12/14,79.7,80.8,79.7,80.1
2016/12/15,79.9,81.3,79.9,81.0
2016/12/16,81.5,81.5,80.1,80.1
2016/12/19,79.5,80.8,79.5,80.0
2016/12/20,80.0,80.3,79.2,79.2
2016/12/21,79.2,80.0,78.1,79.3
2016/12/22,80.1,80.2,78.8,79.0
2016/12/23,78.9,80.0,78.7,78.7
2016/12/26,78.8,79.6,78.7,78.9
2016/12/27,78.9,79.6,78.3,78.4
2016/12/28,78.4,79.7,78.4,79.6
2016/12/29,79.6,80.8,79.4,80.4
2016/12/30,81.0,81.1,80.4,80.9
2017/01/03,81.3,81.7,80.8,81.6
2017/01/04,82.4,82.9,81.8,82.1
2017/01/05,82.6,83.8,82.4,83.6
2017/01/06,84.1,84.1,83.2,83.9
2017/01/09,84.4,85.1,83.8,84.5
2017/01/10,84.8,84.9,83.8,84.5
2017/01/11,84.8,85.0,84.1,84.6
2017/01/12,84.7,85.1,83.5,83.7
2017/01/13,83.8,85.7,83.5,85.4
2017/01/16,85.6,86.2,85.1,85.2
2017/01/17,85.3,85.6,84.6,85.1
2017/01/18,85.1,86.3,84.5,85.0
2017/01/19,85.0,85.8,84.8,85.0
2017/01/20,85.0,85.2,84.1,84.1
2017/01/23,84.1,84.5,83.1,83.9
2017/01/24,84.4,84.5,83.6,83.8
2017/02/02,84.6,84.8,82.8,83.0
2017/02/03,83.0,83.9,82.8,83.4
2017/02/06,83.6,86.0,83.6,85.6
2017/02/07,86.1,86.6,85.0,85.4
2017/02/08,85.8,86.4,85.1,86.4
2017/02/09,85.0,86.0,85.0,85.6
2017/02/10,86.1,86.1,84.3,85.4
2017/02/13,85.4,85.4,84.2,84.3
2017/02/14,84.5,86.3,84.5,85.6
2017/02/15,86.2,89.2,86.2,88.4
2017/02/16,89.0,89.2,86.0,86.0
2017/02/17,86.2,87.0,86.0,86.0
2017/02/20,86.2,86.6,85.4,85.5
2017/02/21,85.6,85.9,84.0,84.1
2017/02/22,84.1,85.2,83.2,83.6
2017/02/23,83.4,85.0,83.3,84.5
2017/02/24,84.4,85.1,84.0,84.1
2017/03/01,84.4,84.7,83.7,84.0
2017/03/02,84.7,84.7,83.4,83.4
2017/03/03,83.4,84.1,83.2,83.2
2017/03/06,83.7,83.7,82.6,82.7
2017/03/07,82.7,83.3,82.5,82.8
2017/03/08,82.8,83.1,82.5,83.0
2017/03/09,83.0,83.2,82.2,82.5
2017/03/10,82.5,82.8,82.1,82.3
2017/03/13,82.6,83.0,81.8,81.8
2017/03/14,82.5,82.9,81.8,82.0
2017/03/15,82.3,82.4,81.0,81.2
2017/03/16,81.6,81.6,80.2,80.7
2017/03/17,80.7,81.1,80.2,80.6
2017/03/20,81.1,81.1,80.2,80.4
2017/03/21,80.8,82.2,80.7,82.2
2017/03/22,81.5,81.8,81.1,81.5
2017/03/23,81.6,81.7,80.8,80.9
2017/03/24,81.2,81.2,79.7,80.3
2017/03/27,80.1,81.0,80.0,80.0
2017/03/28,80.3,81.2,80.0,81.0
2017/03/29,80.6,81.1,80.0,80.0
2017/03/30,79.9,80.0,78.3,78.9
2017/03/31,79.2,80.0,79.0,80.0
2017/04/05,80.4,80.5,79.3,80.0
2017/04/06,80.0,80.0,77.2,77.6
2017/04/07,78.0,78.6,77.6,78.4
2017/04/10,78.7,78.9,77.3,77.5
2017/04/11,77.5,77.5,75.1,75.4
2017/04/12,75.5,76.3,75.5,75.9
2017/04/13,76.1,77.1,76.0,77.0
2017/04/14,76.7,76.8,75.5,75.6
2017/04/17,75.6,75.6,73.9,74.3
2017/04/18,74.9,75.7,74.6,75.1
2017/04/19,75.1,75.1,73.6,74.1
2017/04/20,74.6,76.8,74.6,76.5
2017/04/21,77.7,79.9,77.1,79.2
2017/04/24,79.7,80.0,78.0,79.1
2017/04/25,79.9,80.0,78.5,79.6
2017/04/26,79.9,81.0,79.3,80.8
2017/04/27,80.4,81.0,80.0,80.7
2017/04/28,80.7,81.2,80.2,81.2
2017/05/02,81.5,81.7,80.4,81.2
2017/05/03,81.7,81.7,80.4,80.4
2017/05/04,81.0,81.5,80.3,81.4
2017/05/05,81.5,81.5,80.2,80.7
2017/05/08,80.7,81.3,80.0,80.0
2017/05/09,80.6,80.6,78.3,79.0
2017/05/10,79.6,80.8,79.1,80.8
2017/05/11,83.1,84.8,83.0,83.0
2017/05/12,84.1,84.4,83.1,83.4
2017/05/15,83.9,85.3,83.5,84.0
2017/05/16,85.1,85.1,83.6,84.0
2017/05/17,84.4,84.7,82.8,83.3
2017/05/18,82.6,84.2,82.6,83.7
2017/05/19,84.4,85.2,84.2,84.5
2017/05/22,84.7,85.4,84.0,84.4
2017/05/23,84.4,85.3,83.8,84.8
2017/05/24,85.5,87.1,85.2,86.6
2017/05/25,86.7,86.7,85.3,85.3
2017/05/26,85.3,85.3,83.8,84.4
2017/05/31,84.5,84.5,83.5,84.4
2017/06/01,84.7,86.0,84.4,85.5
2017/06/02,86.2,86.2,83.8,84.4
2017/06/05,84.5,85.1,84.0,84.4
2017/06/06,84.4,84.8,83.8,84.3
2017/06/07,84.2,84.2,82.2,82.4
2017/06/08,82.4,82.4,81.4,81.5
2017/06/09,82.6,83.4,82.4,82.9
2017/06/12,82.1,84.2,81.9,83.7
2017/06/13,83.7,84.0,83.0,83.4
2017/06/14,83.9,83.9,81.9,82.1
2017/06/15,82.1,82.7,81.7,82.6
2017/06/16,82.1,83.0,81.8,83.0
2017/06/19,82.9,84.7,82.6,84.3
2017/06/20,85.1,85.3,84.4,84.4
2017/06/21,84.1,84.4,83.4,84.3
2017/06/22,84.5,84.8,84.1,84.1
2017/06/23,84.2,84.6,83.8,84.1
2017/06/26,84.1,84.4,83.1,84.4
2017/06/27,84.7,84.7,83.5,83.7
2017/06/28,83.4,83.5,83.0,83.2
2017/06/29,83.8,85.0,83.7,84.6
2017/06/30,84.4,85.2,84.2,84.9
2017/07/03,84.9,85.3,84.3,85.1
2017/07/04,85.2,85.2,83.9,84.0
2017/07/05,84.0,85.0,83.4,84.9
2017/07/06,85.1,85.7,84.5,85.6
2017/07/07,85.2,85.8,85.2,85.8
2017/07/10,86.7,87.3,84.9,85.0
2017/07/11,85.6,87.0,85.3,86.7
2017/07/12,87.6,87.7,87.0,87.2
2017/07/13,87.7,90.5,87.0,89.0
2017/07/14,89.4,89.9,88.5,89.8
2017/07/17,90.7,92.1,90.3,91.5
2017/07/18,92.0,92.0,90.8,91.4
2017/07/19,91.9,92.1,90.9,91.6
2017/07/20,91.6,92.1,90.3,90.5
2017/07/21,91.2,91.6,90.2,90.7
2017/07/24,90.8,91.2,90.1,91.0
2017/07/25,91.4,93.7,91.4,92.1
2017/07/26,92.2,92.8,91.6,91.7
2017/07/27,92.3,93.1,91.5,92.6
2017/07/28,93.0,94.7,92.0,92.8
2017/07/31,92.6,92.8,90.5,90.6
2017/08/01,90.9,92.8,90.8,92.1
2017/08/02,92.6,94.2,92.5,92.8
2017/08/03,93.1,93.5,91.8,92.2
2017/08/04,92.7,94.2,91.8,92.2
2017/08/07,92.8,96.5,92.4,96.5
2017/08/08,98.4,98.9,93.2,93.3
2017/08/09,91.4,91.6,87.7,89.2
2017/08/10,86.0,87.0,85.2,85.5
2017/08/11,84.9,87.1,84.1,86.7
2017/08/14,86.8,88.3,85.3,85.9
2017/08/15,87.4,87.5,86.5,86.9
2017/08/16,86.9,89.2,86.7,86.9
2017/08/17,87.8,91.2,86.8,90.2
2017/08/18,89.2,89.9,88.3,88.4
2017/08/21,87.8,88.8,87.0,88.6
2017/08/22,89.5,90.2,88.3,88.3
2017/08/23,88.8,89.2,87.8,87.8
2017/08/24,87.9,89.3,87.9,88.5
2017/08/25,89.2,89.2,87.6,87.7
2017/08/28,87.7,88.1,87.5,87.7
2017/08/29,87.4,87.5,86.8,86.9
2017/08/30,87.4,89.0,86.4,88.5
2017/08/31,88.0,88.2,86.8,87.6
2017/09/01,87.6,88.4,86.7,86.9
2017/09/04,86.9,87.8,86.7,87.2
2017/09/05,87.5,90.2,87.2,89.9
2017/09/06,90.5,90.8,89.2,89.5
2017/09/07,89.8,92.9,89.8,90.2
2017/09/08,90.4,91.5,89.8,91.1
2017/09/11,91.8,91.9,90.1,90.2
2017/09/12,90.7,92.4,90.5,91.7
2017/09/13,91.9,92.5,90.3,90.6
2017/09/14,90.6,91.1,89.6,89.7
2017/09/15,89.8,90.1,88.8,89.6
2017/09/18,89.8,90.1,89.0,89.4
2017/09/19,89.3,90.0,89.2,89.4
2017/09/20,89.4,89.4,86.6,86.8
2017/09/21,86.8,87.6,86.7,87.4
2017/09/22,87.4,87.5,86.6,86.7
2017/09/25,86.5,86.5,84.2,84.2
2017/09/26,83.8,85.3,83.6,84.0
2017/09/27,84.3,84.8,84.1,84.6
2017/09/28,84.9,86.7,84.7,84.8
2017/09/29,84.8,85.4,84.0,84.0
2017/10/02,85.8,86.3,84.6,86.1
2017/10/03,86.1,86.7,85.4,86.1
2017/10/05,85.1,86.3,84.6,86.2
2017/10/06,86.2,86.4,85.6,85.8
2017/10/11,85.7,86.3,85.0,85.4
2017/10/12,85.4,86.2,85.0,85.9
2017/10/13,85.9,86.1,85.2,85.3
2017/10/16,85.6,86.4,85.1,85.1
2017/10/17,84.9,85.1,83.8,83.8
2017/10/18,84.0,84.5,82.8,82.9
2017/10/19,82.9,83.4,81.9,82.0
2017/10/20,82.0,83.7,82.0,82.7
2017/10/23,83.2,83.4,82.7,83.0
2017/10/24,83.9,84.0,83.2,83.7
2017/10/25,83.9,84.2,83.0,83.2
2017/10/26,83.2,83.5,83.0,83.1
2017/10/27,83.2,83.7,83.0,83.1
2017/10/30,83.4,83.5,82.2,82.3
2017/10/31,82.7,83.9,82.7,83.5
2017/11/01,83.5,85.1,83.3,84.4
2017/11/02,84.7,84.7,83.8,84.4
2017/11/03,84.6,84.7,83.8,84.4
2017/11/06,84.5,84.7,84.2,84.5
2017/11/07,84.4,84.7,84.1,84.2
2017/11/08,84.1,84.7,84.1,84.4
2017/11/09,84.6,84.6,81.9,81.9
2017/11/10,81.6,81.9,80.4,81.1
2017/11/13,81.1,81.8,80.4,80.4
2017/11/14,80.3,80.5,79.9,80.1
2017/11/15,80.1,80.5,79.6,80.2
2017/11/16,80.1,81.1,80.0,80.9
2017/11/17,81.1,82.6,81.1,81.9
2017/11/20,81.9,82.2,80.7,80.8
2017/11/21,81.7,81.7,80.6,80.7
2017/11/22,81.2,82.8,80.8,81.5
2017/11/23,81.5,82.8,81.0,82.7
2017/11/24,82.8,83.4,82.3,82.7
2017/11/27,83.3,84.7,83.2,83.2
2017/11/28,84.3,84.5,82.7,82.7
2017/11/29,83.7,83.8,82.4,82.4
2017/11/30,82.4,82.9,81.8,82.3
2017/12/01,82.2,82.5,80.9,81.6
2017/12/04,81.9,82.2,81.1,82.2
2017/12/05,82.1,82.2,81.2,82.1
2017/12/06,82.0,82.0,79.8,80.3
2017/12/07,80.4,81.3,80.1,80.2
2017/12/08,80.3,80.9,80.0,80.7
2017/12/11,81.1,82.4,80.9,81.9
2017/12/12,82.0,82.2,81.3,81.3
2017/12/13,81.1,81.9,81.1,81.6
2017/12/14,82.0,82.3,81.7,81.7
2017/12/15,81.5,82.7,80.9,82.7
2017/12/18,82.5,82.7,82.0,82.0
2017/12/19,82.4,82.7,81.0,81.0
2017/12/20,81.0,81.6,80.9,81.6
2017/12/21,81.2,81.9,81.0,81.4
2017/12/22,81.7,82.2,81.6,81.9
2017/12/25,82.5,82.5,81.7,81.7
2017/12/26,82.5,82.5,81.5,81.7
2017/12/27,81.7,82.3,81.6,82.1
2017/12/28,82.2,83.0,81.9,82.3
2017/12/29,82.3,82.8,82.0,82.5
2018/01/02,82.6,83.2,82.2,82.6
2018/01/03,83.2,84.4,83.0,84.2
2018/01/04,84.2,86.0,84.1,86.0
2018/01/05,85.7,85.8,84.7,85.0
2018/01/08,84.9,85.7,84.6,84.8
2018/01/09,84.4,84.5,82.6,82.7
2018/01/10,82.6,82.9,82.2,82.2
2018/01/11,82.1,82.4,81.6,81.9
2018/01/12,81.9,83.0,81.9,82.3
2018/01/16,83.9,84.4,83.3,83.3
2018/01/17,83.3,83.9,83.0,83.3
2018/01/18,85.2,85.2,83.5,83.7
2018/01/19,84.0,84.1,82.7,82.8
2018/01/22,82.8,84.0,82.4,83.9
2018/01/23,84.1,84.9,83.8,83.9
2018/01/24,84.0,85.2,83.9,85.1
2018/01/25,85.4,85.7,83.3,83.4
2018/01/26,83.2,84.1,83.1,83.5
2018/01/29,84.3,84.6,83.6,83.6
2018/01/30,84.4,84.5,82.7,82.8
2018/01/31,82.8,84.3,82.7,83.8
2018/02/01,84.5,84.5,82.6,83.0
2018/02/02,83.0,83.0,82.1,82.2
2018/02/05,81.8,82.0,81.1,81.3
2018/02/06,79.9,80.6,76.9,78.5
2018/02/07,80.4,80.4,79.3,79.7
2018/02/08,79.1,79.6,78.4,78.7
2018/02/09,76.3,78.3,75.8,78.0
2018/02/12,78.6,78.8,77.1,77.5
2018/02/21,78.5,78.7,77.6,78.4
2018/02/22,78.3,79.0,77.0,77.4
2018/02/23,78.0,78.3,77.8,78.2
2018/02/26,79.3,79.5,78.4,78.5
2018/02/27,79.0,79.2,78.4,78.8
2018/03/01,78.5,78.5,77.3,77.3
2018/03/02,76.8,77.1,76.6,76.9
2018/03/05,77.2,77.4,75.8,75.8
2018/03/06,76.6,76.6,75.4,75.4
2018/03/07,75.6,76.3,75.3,75.3
2018/03/08,75.7,76.3,75.4,76.2
2018/03/09,76.6,76.9,75.7,76.2
2018/03/12,76.5,76.8,76.0,76.1
2018/03/13,76.4,76.4,76.1,76.3
2018/03/14,76.4,76.7,76.1,76.3
2018/03/15,76.8,77.1,76.4,76.5
2018/03/16,77.2,77.7,76.8,77.0
2018/03/19,77.0,77.3,76.6,76.6
2018/03/20,76.3,76.3,75.9,76.0
2018/03/21,76.0,76.3,75.8,76.0
2018/03/22,76.0,76.3,75.6,75.6
2018/03/23,74.3,75.3,73.6,74.8
2018/03/26,74.4,74.8,74.3,74.6
2018/03/27,74.8,75.1,73.7,74.2
2018/03/28,74.2,74.2,73.0,73.4
2018/03/29,73.5,74.1,73.3,73.7
2018/03/30,74.2,74.2,73.7,73.7
2018/04/02,75.0,77.3,75.0,76.3
2018/04/03,75.5,75.8,74.6,75.3
2018/04/09,75.6,75.9,74.8,75.3
2018/04/10,74.5,74.7,73.9,73.9
2018/04/11,74.1,74.2,73.3,73.4
2018/04/12,73.5,73.8,73.3,73.6
2018/04/13,73.6,74.1,73.1,73.3
2018/04/16,73.1,73.3,72.2,72.2
2018/04/17,72.3,72.6,70.2,70.9
2018/04/18,71.5,71.7,70.1,70.2
2018/04/19,70.4,70.7,68.4,68.9
2018/04/20,68.4,68.5,66.6,66.6
2018/04/23,66.6,67.4,66.3,67.1
2018/04/24,67.1,68.0,66.7,67.3
2018/04/25,67.2,67.8,67.1,67.6
2018/04/26,67.7,68.0,65.3,65.3
2018/04/27,66.1,66.1,65.3,65.8
2018/04/30,65.8,67.7,65.6,67.4
2018/05/02,67.8,68.3,67.4,68.0
2018/05/03,67.8,67.8,66.9,67.2
2018/05/04,67.1,67.5,66.8,67.1
2018/05/07,67.3,68.0,66.9,67.3
2018/05/08,67.5,67.7,65.5,65.7
2018/05/09,65.0,65.3,64.3,64.4
2018/05/10,64.8,65.2,63.6,63.7
2018/05/11,63.7,64.2,63.4,63.8
2018/05/14,64.0,64.7,63.5,63.8
2018/05/15,64.0,65.5,63.8,65.5
2018/05/16,65.5,65.6,64.3,64.6
2018/05/17,64.9,66.0,64.8,65.7
2018/05/18,65.6,66.2,65.2,65.6
2018/05/21,66.3,69.5,66.1,69.0
2018/05/22,69.0,69.2,67.2,67.3
2018/05/23,67.3,68.6,67.3,67.7
2018/05/24,68.4,69.1,68.3,68.3
2018/05/25,68.4,69.2,68.3,69.0
2018/05/28,69.4,69.5,68.6,69.4
2018/05/29,69.5,69.5,68.9,69.0
2018/05/30,68.3,68.5,67.9,68.0
2018/05/31,68.1,69.2,68.1,69.1
2018/06/01,69.1,71.9,68.9,70.3
2018/06/04,70.5,71.4,70.4,71.3
2018/06/05,71.9,72.2,70.7,71.0
2018/06/06,71.3,71.4,70.8,71.4
2018/06/07,71.4,71.8,70.8,71.4
2018/06/08,72.5,73.0,71.6,71.9
2018/06/11,72.4,72.6,71.2,71.4
2018/06/12,71.4,71.4,70.7,71.1
2018/06/13,71.7,71.9,71.1,71.3
2018/06/14,71.8,71.8,70.6,70.9
2018/06/15,71.0,71.5,70.2,70.6
2018/06/19,70.6,72.1,70.5,71.2
2018/06/20,71.1,71.7,70.1,70.8
2018/06/21,70.7,71.1,69.6,69.8
2018/06/22,69.6,69.7,68.7,68.8
2018/06/25,68.8,69.8,68.5,69.2
2018/06/26,68.6,69.5,68.5,69.0
2018/06/27,69.4,69.8,68.7,68.7
2018/06/28,68.5,68.6,68.0,68.0
2018/06/29,68.0,70.7,67.9,70.2
2018/07/02,70.0,70.1,69.0,69.1
2018/07/03,69.5,70.4,69.1,69.3
2018/07/04,69.3,69.9,68.5,68.7
2018/07/05,69.5,70.4,69.0,69.2
2018/07/06,70.4,71.6,69.5,71.3
2018/07/09,71.1,72.0,70.2,71.8
2018/07/10,72.3,72.8,71.4,72.2
2018/07/11,71.4,72.6,70.9,71.1
2018/07/12,70.9,72.8,70.6,72.8
2018/07/13,73.5,73.8,72.6,72.6
2018/07/16,72.6,72.7,71.5,71.6
2018/07/17,71.9,74.3,71.6,74.3
2018/07/18,74.9,75.7,73.8,74.9
2018/07/19,74.8,74.8,73.7,73.9
2018/07/20,73.9,75.5,73.5,74.5
2018/07/23,74.5,75.9,74.1,75.5
2018/07/24,75.8,75.8,74.1,74.8
2018/07/25,74.8,74.8,72.8,72.9
2018/07/26,72.9,73.6,72.4,73.0
2018/07/27,73.0,74.5,73.0,74.2
2018/07/30,74.2,74.4,73.4,74.0
2018/07/31,73.8,74.0,73.5,73.5
2018/08/01,73.6,73.8,73.4,73.7
2018/08/02,73.9,74.8,73.9,74.0
2018/08/03,74.8,76.7,74.8,76.3
2018/08/06,77.1,78.2,76.3,76.3
2018/08/07,76.3,76.7,75.5,76.2
2018/08/08,76.7,76.8,75.9,76.3
2018/08/09,73.1,73.1,72.5,72.7
2018/08/10,72.7,73.4,72.5,72.8
2018/08/13,72.5,72.5,69.4,70.9
2018/08/14,70.9,71.5,70.8,71.0
2018/08/15,71.1,71.6,69.9,69.9
2018/08/16,69.9,69.9,68.7,68.9
2018/08/17,69.6,70.1,68.4,68.4
2018/08/20,68.4,68.6,66.8,67.0
2018/08/21,67.5,67.9,66.9,67.4
2018/08/22,67.4,67.9,67.2,67.2
2018/08/23,67.2,67.8,67.1,67.4
2018/08/24,67.6,68.1,66.2,66.3
2018/08/27,66.4,68.2,66.4,67.4
2018/08/28,67.9,68.3,67.5,67.6
2018/08/29,67.7,69.6,67.4,69.1
2018/08/30,69.2,69.2,67.4,67.8
2018/08/31,67.8,67.8,67.0,67.5
2018/09/03,67.5,68.0,66.9,66.9
2018/09/04,67.0,68.9,66.9,68.1
2018/09/05,67.9,72.4,67.7,70.8
2018/09/06,70.9,71.6,70.0,70.7
2018/09/07,70.6,72.1,69.4,69.7
2018/09/10,71.0,71.4,68.1,68.1
2018/09/11,69.4,69.8,68.6,68.9
2018/09/12,69.6,69.6,67.3,67.9
2018/09/13,68.3,68.4,67.0,67.0
2018/09/14,67.6,68.2,67.4,67.7
2018/09/17,68.4,72.4,67.9,71.4
2018/09/18,70.9,74.0,70.8,73.0
2018/09/19,72.8,73.5,71.1,71.5
2018/09/20,72.3,73.9,72.3,73.0
2018/09/21,73.3,74.5,73.3,73.9
2018/09/25,73.7,74.5,73.4,74.0
2018/09/26,73.8,74.2,72.3,72.3
2018/09/27,72.3,73.7,72.3,73.7
2018/09/28,74.1,75.0,73.0,73.0
2018/10/01,73.5,73.6,72.7,73.1
2018/10/02,73.1,73.6,72.8,73.0
2018/10/03,72.7,73.1,71.4,71.6
2018/10/04,71.4,71.4,70.8,70.9
2018/10/05,70.8,70.8,68.0,68.9
2018/10/08,68.5,70.3,68.4,69.4
2018/10/09,69.5,70.0,68.0,68.8
2018/10/11,65.9,66.0,62.3,63.3
2018/10/12,62.6,66.8,62.6,66.5
2018/10/15,66.1,66.5,65.1,66.0
2018/10/16,66.7,68.7,66.7,68.6
2018/10/17,69.1,70.7,69.1,70.0
2018/10/18,69.4,70.2,69.2,70.0
2018/10/19,69.3,69.9,67.1,69.9
2018/10/22,69.1,70.2,68.9,69.8
2018/10/23,69.8,71.6,69.5,70.1
2018/10/24,70.9,73.1,70.9,72.9
2018/10/25,71.6,72.5,70.9,71.5
2018/10/26,72.3,73.1,69.9,71.5
2018/10/29,72.1,72.6,67.5,67.8
2018/10/30,67.4,67.8,66.2,67.7
2018/10/31,68.4,70.9,68.2,70.9
2018/11/01,70.2,71.7,70.1,71.2
2018/11/02,71.4,71.8,70.3,71.7
2018/11/05,71.5,72.4,71.0,71.9
2018/11/06,72.8,73.5,70.4,70.4
2018/11/07,71.0,72.4,70.9,72.1
2018/11/08,73.1,73.5,72.5,72.8
2018/11/09,73.7,73.7,71.8,72.4
2018/11/12,72.0,73.1,71.9,72.2
2018/11/13,71.0,72.2,70.2,72.1
2018/11/14,72.4,72.7,71.6,71.7
2018/11/15,71.7,72.9,71.3,72.8
2018/11/16,72.9,73.1,72.2,72.3
2018/11/19,72.4,73.8,72.4,73.5
2018/11/20,73.5,74.2,72.5,72.9
2018/11/21,72.4,73.2,72.3,72.7
2018/11/22,73.0,73.0,71.9,71.9
2018/11/23,72.1,72.1,69.7,70.0
2018/11/26,70.7,71.3,70.2,71.1
2018/11/27,71.4,72.6,71.1,72.5
2018/11/28,73.2,77.7,73.1,76.3
2018/11/29,77.0,77.6,75.6,75.8
2018/11/30,75.8,76.6,74.8,75.8
2018/12/03,77.2,79.3,76.3,78.3
2018/12/04,78.3,78.3,77.0,77.1
2018/12/05,75.9,76.2,74.9,75.6
2018/12/06,75.7,76.4,72.5,73.1
2018/12/07,74.3,76.1,74.1,75.2
2018/12/10,75.2,76.8,74.5,76.1
2018/12/11,76.9,79.3,76.9,79.3
2018/12/12,79.1,80.1,78.4,79.3
2018/12/13,79.6,80.4,77.9,78.8
2018/12/14,79.7,80.8,78.0,79.6
2018/12/17,81.6,82.0,77.9,77.9
2018/12/18,77.6,78.5,76.9,77.4
2018/12/19,78.3,79.1,77.5,77.6
2018/12/20,77.3,78.2,76.5,77.2
2018/12/21,77.0,77.8,75.6,76.7
2018/12/24,77.3,79.3,77.0,79.3
2018/12/25,77.8,78.0,76.3,76.9
2018/12/26,77.3,77.6,75.9,75.9
2018/12/27,77.1,79.2,77.0,77.8
2018/12/28,77.8,78.8,77.5,78.7
2019/01/02,80.1,82.1,79.2,79.6
2019/01/03,78.9,81.9,78.9,80.9
2019/01/04,80.1,82.2,79.1,81.8
2019/01/07,82.9,83.4,80.1,80.7
2019/01/08,80.7,81.4,80.0,81.2
2019/01/09,81.1,81.4,79.3,79.4
2019/01/10,79.5,80.1,78.9,79.4
2019/01/11,79.4,79.9,78.4,78.4
2019/01/14,78.5,79.1,78.3,78.6
2019/01/15,79.8,80.9,79.2,79.7
2019/01/16,79.9,79.9,78.8,79.4
2019/01/17,79.7,79.9,78.2,78.2
2019/01/18,78.3,78.7,76.8,77.5
2019/01/21,77.9,78.3,75.8,76.3
2019/01/22,76.8,76.8,74.2,74.3
2019/01/23,75.0,76.1,74.4,76.1
2019/01/24,75.9,76.1,75.0,75.3
2019/01/25,75.7,75.9,74.2,74.4
2019/01/28,74.8,75.5,74.0,75.0
2019/01/29,74.8,74.8,73.3,73.5
2019/01/30,73.8,74.9,73.3,74.2
2019/02/11,75.6,75.9,74.7,75.1
2019/02/12,75.3,75.3,74.0,74.5
2019/02/13,75.1,76.5,74.9,75.1
2019/02/14,75.3,75.5,74.7,74.9
2019/02/15,75.5,75.7,74.2,74.2
2019/02/18,74.6,75.7,74.6,75.3
2019/02/19,75.7,76.8,75.7,76.0
2019/02/20,76.4,76.4,75.7,76.1
2019/02/21,76.4,77.1,76.2,76.4
2019/02/22,76.6,76.7,75.9,75.9
2019/02/25,76.5,77.8,76.1,77.7
2019/02/26,78.2,78.6,77.2,77.6
2019/02/27,77.6,78.0,77.2,77.4
2019/03/04,77.7,78.8,77.2,77.5
2019/03/05,77.8,78.1,76.1,76.2
2019/03/06,76.4,77.3,76.4,76.9
2019/03/07,77.2,77.5,76.5,76.5
2019/03/08,76.3,77.2,75.4,77.0
2019/03/11,77.5,78.4,77.0,77.6
2019/03/12,78.2,78.3,77.4,77.5
2019/03/13,77.5,78.2,77.0,77.0
2019/03/14,77.3,77.6,75.4,75.5
2019/03/15,76.0,76.2,75.2,75.3
2019/03/18,76.5,81.1,76.5,80.3
2019/03/19,80.4,81.1,79.7,80.4
2019/03/20,80.8,82.1,80.1,81.5
2019/03/21,81.9,82.4,81.2,81.5
2019/03/22,82.1,83.2,79.7,80.4
2019/03/25,79.4,81.1,78.8,80.8
2019/03/26,81.5,82.2,80.3,80.3
2019/03/27,80.6,80.6,79.2,79.6
2019/03/28,79.5,80.1,79.2,79.3
2019/03/29,79.6,79.9,79.1,79.7
2019/04/01,82.6,82.6,80.3,80.7
2019/04/02,80.7,80.9,79.6,79.8
2019/04/03,79.8,80.0,79.0,79.4
2019/04/08,79.5,80.9,79.5,80.2
2019/04/09,80.9,80.9,80.0,80.3
2019/04/10,80.4,80.4,79.4,79.6
2019/04/11,80.0,80.0,78.6,78.7
2019/04/12,79.0,79.5,78.3,78.7
2019/04/15,79.5,81.6,79.3,81.5
2019/04/16,81.7,82.5,80.8,82.1
2019/04/17,82.3,82.6,80.7,80.7
2019/04/18,80.9,81.2,78.9,78.9
2019/04/19,79.3,79.6,78.8,79.2
2019/04/22,80.2,81.4,80.2,80.5
2019/04/23,81.1,81.6,79.5,79.8
2019/04/24,80.5,80.7,79.4,79.5
2019/04/25,79.5,80.1,79.5,79.5
2019/04/26,79.5,79.5,78.6,78.8
2019/04/29,79.1,79.2,76.9,77.4
2019/04/30,77.0,79.0,76.8,78.8
2019/05/02,78.4,79.4,78.3,79.3
2019/05/03,79.6,80.4,79.5,79.8
2019/05/06,78.8,79.3,77.9,78.3
2019/05/07,77.3,78.0,76.9,77.5
2019/05/08,76.8,76.8,75.9,76.3
2019/05/09,76.0,76.6,74.4,74.6
2019/05/10,74.6,75.5,71.4,72.4
2019/05/13,71.9,72.1,69.1,69.1
2019/05/14,66.8,68.6,66.0,68.2
2019/05/15,68.2,68.8,67.3,68.1
2019/05/16,68.2,69.8,68.1,68.6
2019/05/17,68.7,69.1,67.0,67.4
2019/05/20,67.4,67.7,66.1,66.5
2019/05/21,66.5,68.7,66.2,68.4
2019/05/22,68.9,69.6,68.5,69.3
2019/05/23,68.7,69.3,68.1,69.0
2019/05/24,69.0,69.4,68.1,68.7
2019/05/27,68.5,68.9,68.3,68.6
2019/05/28,68.9,69.6,67.5,67.5
2019/05/29,67.6,69.1,67.6,69.0
2019/05/30,68.8,69.5,68.7,69.2
2019/05/31,69.3,69.8,69.2,69.7
2019/06/03,69.4,69.4,67.9,68.5
2019/06/04,68.9,69.1,68.5,68.5
2019/06/05,69.3,69.3,68.4,68.5
2019/06/06,68.4,68.5,67.8,68.0
2019/06/10,68.9,69.4,68.7,69.4
2019/06/11,69.9,70.1,69.4,69.5
2019/06/12,69.7,70.3,69.2,69.4
2019/06/13,69.4,70.0,69.2,69.6
2019/06/14,69.8,69.9,69.4,69.4
2019/06/17,69.4,69.8,68.9,69.4
2019/06/18,69.6,69.8,68.9,68.9
2019/06/19,69.7,70.3,69.5,70.0
2019/06/20,70.3,71.7,70.1,71.3
2019/06/21,71.9,72.1,70.9,70.9
2019/06/24,71.2,71.7,70.5,71.2
2019/06/25,72.1,73.7,71.7,71.8
2019/06/26,72.4,72.4,70.6,71.9
2019/06/27,71.5,72.7,71.5,72.5
2019/06/28,72.9,72.9,71.3,72.1
2019/07/01,73.3,73.7,73.1,73.3
2019/07/02,73.3,73.7,72.6,73.5
2019/07/03,73.7,73.7,72.8,72.9
2019/07/04,73.1,73.6,72.9,73.2
2019/07/05,73.2,73.5,73.0,73.3
2019/07/08,73.2,73.5,73.1,73.3
2019/07/09,73.7,74.3,73.5,74.0
2019/07/10,74.0,74.2,73.6,74.0
2019/07/11,74.0,74.7,73.6,74.2
2019/07/12,74.1,75.7,74.0,75.1
2019/07/15,75.6,75.7,74.5,75.1
2019/07/16,75.1,75.7,74.9,75.1
2019/07/17,74.9,74.9,74.1,74.2
2019/07/18,74.1,74.8,73.8,74.2
2019/07/19,74.4,75.0,74.4,74.6
2019/07/22,74.6,76.7,74.2,76.3
2019/07/23,76.6,77.3,76.4,76.5
2019/07/24,76.8,78.0,76.8,77.6
2019/07/25,78.3,78.3,77.6,78.0
2019/07/26,77.9,78.3,77.3,77.8
2019/07/29,78.0,78.4,77.3,77.3
2019/07/30,77.9,78.4,76.1,76.4
2019/07/31,76.9,77.3,76.3,77.1
2019/08/01,76.7,77.3,75.9,77.0
2019/08/02,75.8,76.3,74.6,74.6
2019/08/05,74.6,75.5,73.9,73.9
2019/08/06,72.3,73.8,71.2,73.6
2019/08/07,71.3,72.6,71.3,72.0
2019/08/08,72.1,73.0,72.1,72.6
2019/08/12,74.5,76.3,74.5,75.7
2019/08/13,75.9,76.2,75.2,76.0
2019/08/14,77.6,77.7,76.3,76.7
2019/08/15,75.3,77.3,75.3,76.7
2019/08/16,77.5,77.6,76.6,76.8
2019/08/19,77.3,77.7,76.3,76.6
2019/08/20,76.8,77.2,76.1,76.6
2019/08/21,76.9,77.3,76.3,76.9
2019/08/22,77.3,77.4,76.5,76.6
2019/08/23,76.3,76.7,75.8,76.6
2019/08/26,75.5,76.0,75.2,75.8
2019/08/27,76.4,79.2,76.4,78.0
2019/08/28,78.6,79.7,77.7,78.1
2019/08/29,78.3,78.5,77.1,77.6
2019/08/30,78.2,78.6,77.2,77.6
2019/09/02,78.2,78.2,77.0,77.8
2019/09/03,79.5,81.3,78.3,79.5
2019/09/04,80.2,80.7,79.5,80.7
2019/09/05,80.9,81.0,79.9,80.6
2019/09/06,80.6,81.1,80.3,80.8
2019/09/09,81.7,81.7,79.2,80.2
2019/09/10,80.6,81.0,79.8,80.0
2019/09/11,80.4,80.7,79.8,80.2
2019/09/12,80.8,80.8,79.9,80.5
2019/09/16,80.2,80.7,79.8,80.5
2019/09/17,81.7,83.0,79.9,79.9
2019/09/18,80.2,81.4,79.8,80.6
2019/09/19,81.2,81.7,80.7,81.5
2019/09/20,81.9,82.1,81.1,81.7
2019/09/23,81.9,82.5,81.4,81.5
2019/09/24,82.0,83.0,81.7,81.7
2019/09/25,81.8,82.5,81.0,82.5
2019/09/26,83.2,83.7,82.0,82.0
2019/09/27,82.0,82.5,79.7,80.3
2019/10/01,80.7,81.8,80.7,81.0
2019/10/02,80.6,81.5,80.3,81.3
2019/10/03,80.3,81.2,80.3,80.7
2019/10/04,80.9,81.3,80.3,80.6
2019/10/07,81.2,82.3,80.1,80.6
2019/10/08,81.5,81.5,79.4,79.4
2019/10/09,79.2,80.0,78.6,79.7
2019/10/14,81.2,81.2,79.7,79.7
2019/10/15,79.0,79.9,79.0,79.4
2019/10/16,80.2,80.2,79.4,79.4
2019/10/17,79.5,80.2,79.1,79.9
2019/10/18,81.0,81.9,79.7,79.7
2019/10/21,79.8,80.3,79.5,79.5
2019/10/22,79.8,79.9,79.2,79.4
2019/10/23,79.5,80.0,79.1,79.1
2019/10/24,79.2,79.8,79.1,79.8
2019/10/25,80.0,80.0,78.8,78.9
2019/10/28,78.9,79.0,76.9,77.4
2019/10/29,77.4,77.4,76.0,76.4
2019/10/30,76.3,77.4,75.8,76.9
2019/10/31,76.3,76.7,74.8,74.8
2019/11/01,75.1,75.2,73.3,73.7
2019/11/04,73.8,74.0,73.1,73.2
2019/11/05,73.5,73.7,73.0,73.3
2019/11/06,73.5,74.8,73.5,74.6
2019/11/07,74.9,75.0,73.1,73.3
2019/11/08,73.8,74.2,73.6,73.8
2019/11/11,73.8,73.8,72.5,72.5
2019/11/12,72.5,73.1,72.5,73.1
2019/11/13,73.1,74.2,73.1,73.9
2019/11/14,73.9,74.2,73.1,73.2
2019/11/15,73.5,73.9,72.6,73.0
2019/11/18,73.3,73.7,73.1,73.1
2019/11/19,73.7,74.6,73.6,74.0
2019/11/20,74.4,74.5,73.8,73.9
2019/11/21,73.6,73.9,73.3,73.9
2019/11/22,74.3,74.3,73.8,73.9
2019/11/25,74.4,74.4,73.5,73.7
2019/11/26,74.0,74.2,73.5,74.0
2019/11/27,74.2,74.2,73.6,73.7
2019/11/28,73.9,74.4,73.7,73.9
2019/11/29,74.4,74.4,73.5,73.8
2019/12/02,73.7,73.7,72.3,73.3
2019/12/03,73.1,73.9,72.9,73.1
2019/12/04,72.8,73.3,72.8,72.9
2019/12/05,73.4,75.2,73.4,74.6
2019/12/06,74.8,74.9,74.0,74.3
2019/12/09,74.3,74.3,73.5,73.5
2019/12/10,73.5,74.2,73.3,73.9
2019/12/11,74.1,74.3,73.5,73.6
2019/12/12,74.0,74.2,73.4,73.6
2019/12/13,74.0,74.1,73.2,73.4
2019/12/16,73.4,73.6,72.7,73.4
2019/12/17,73.6,74.1,73.6,74.0
2019/12/18,74.2,74.7,74.2,74.4
2019/12/19,74.8,74.8,74.2,74.5
2019/12/20,74.8,75.3,74.6,74.9
2019/12/23,75.2,75.3,74.0,74.1
2019/12/24,74.1,74.4,74.1,74.1
2019/12/25,74.4,74.4,74.1,74.4
2019/12/26,74.7,74.9,74.5,74.6
2019/12/27,74.9,75.1,74.4,74.7
2019/12/30,74.7,74.7,74.1,74.3
2019/12/31,74.7,74.7,74.1,74.3
2020/01/02,74.3,75.1,74.3,75.1
2020/01/03,75.6,75.9,74.2,74.5
2020/01/06,74.1,74.2,72.9,73.1
2020/01/07,73.4,73.6,72.9,73.3
2020/01/08,72.9,73.2,72.5,72.5
2020/01/09,73.3,73.5,73.1,73.1
2020/01/10,73.3,73.6,73.1,73.1
2020/01/13,73.5,74.3,73.2,73.8
2020/01/14,74.2,74.5,73.8,74.4
2020/01/15,74.5,74.6,74.0,74.1
2020/01/16,74.2,74.4,74.1,74.4
2020/01/17,74.6,74.9,74.3,74.4
2020/01/20,74.4,74.4,74.1,74.3
2020/01/30,69.2,71.2,68.9,69.0
2020/01/31,69.5,70.3,68.9,69.6
2020/02/03,67.7,68.2,66.2,67.8
2020/02/04,68.4,69.6,68.3,69.2
2020/02/05,69.9,70.2,69.0,69.9
2020/02/06,70.2,71.1,70.2,70.9
2020/02/07,70.9,70.9,69.9,70.0
2020/02/10,69.0,70.4,68.6,69.8
2020/02/11,69.9,70.8,69.9,70.7
2020/02/12,70.2,71.3,70.2,71.1
2020/02/13,71.4,72.0,71.2,71.3
2020/02/14,71.1,71.7,71.1,71.4
2020/02/17,70.8,71.3,70.7,71.0
2020/02/18,71.0,71.2,70.4,70.6
2020/02/19,70.7,71.0,70.6,70.8
2020/02/20,71.3,71.3,70.8,71.1
2020/02/21,70.9,70.9,70.3,70.4
2020/02/24,69.4,69.9,68.1,68.4
2020/02/25,67.6,68.9,67.0,68.0
2020/02/26,67.9,68.2,67.5,67.9
2020/02/27,68.1,68.3,67.3,67.9
2020/03/02,66.8,68.9,66.5,67.7
2020/03/03,68.8,69.0,68.0,68.0
2020/03/04,68.0,68.0,67.3,68.0
2020/03/05,68.6,69.8,68.5,69.5
2020/03/06,69.0,69.4,68.7,69.3
2020/03/09,68.8,68.8,67.1,67.1
2020/03/10,66.3,67.4,66.2,66.9
2020/03/11,67.7,67.9,66.2,66.3
2020/03/12,65.2,65.2,59.7,59.9
2020/03/13,54.0,57.5,54.0,56.7
2020/03/16,56.7,57.1,54.2,54.6
2020/03/17,50.7,54.1,50.7,51.3
2020/03/18,51.7,52.4,49.2,49.3
2020/03/19,47.4,48.4,44.4,44.4
2020/03/20,45.7,48.8,45.7,48.3
2020/03/23,46.3,46.9,45.3,45.4
2020/03/24,46.4,48.2,46.4,47.6
2020/03/25,49.5,51.8,49.4,51.2
2020/03/26,52.0,52.1,49.5,50.7
2020/03/27,51.6,52.2,50.0,50.5
2020/03/30,49.3,50.5,48.6,50.2
2020/03/31,51.4,51.8,50.7,51.5
2020/04/01,51.6,54.4,51.6,53.4
2020/04/06,53.7,54.1,52.5,53.4
2020/04/07,54.2,55.6,53.8,54.7
2020/04/08,55.3,59.2,54.8,57.9
2020/04/09,59.6,61.0,58.1,58.1
2020/04/10,58.2,59.1,57.3,59.1
2020/04/13,59.0,59.2,57.9,58.5
2020/04/14,58.7,59.9,58.7,59.2
2020/04/15,59.9,60.8,59.6,60.5
2020/04/16,60.1,60.9,59.3,60.5
2020/04/17,61.1,61.8,59.2,59.3
2020/04/20,59.1,59.6,58.4,59.6
2020/04/21,59.1,59.4,56.7,56.9
2020/04/22,55.7,57.9,55.4,57.9
2020/04/23,58.1,59.0,57.8,58.4
2020/04/24,58.1,58.9,58.0,58.1
2020/04/27,58.4,59.9,58.4,59.1
2020/04/28,59.4,60.5,58.9,60.5
2020/04/29,60.6,61.4,60.4,60.9
2020/04/30,61.4,61.5,60.7,61.4
2020/05/04,60.1,60.7,59.1,60.5
2020/05/05,60.7,61.4,60.4,61.4
2020/05/06,61.5,61.5,60.7,60.7
2020/05/07,60.8,61.9,60.6,61.4
2020/05/08,62.0,62.1,60.9,61.0
2020/05/11,61.9,64.6,61.4,64.6
2020/05/12,64.6,64.6,62.8,63.4
2020/05/13,62.6,63.0,62.0,62.8
2020/05/14,62.4,62.5,61.2,61.3
2020/05/15,62.1,62.7,60.5,60.8
2020/05/18,60.5,61.8,60.4,61.1
2020/05/19,62.0,62.5,61.4,62.2
2020/05/20,62.0,62.5,61.6,61.6
2020/05/21,61.8,62.9,61.8,62.9
2020/05/22,62.9,62.9,61.5,61.5
2020/05/25,61.7,62.0,60.5,61.4
2020/05/26,61.6,62.3,61.4,61.4
2020/05/27,61.9,63.3,61.9,63.0
2020/05/28,63.4,64.0,62.7,62.9
2020/05/29,62.9,63.3,62.2,62.2
2020/06/01,62.5,63.4,62.5,63.3
2020/06/02,63.5,64.8,63.3,63.5
2020/06/03,63.8,64.4,63.8,64.4
2020/06/04,64.6,65.4,64.0,65.3
2020/06/05,65.8,66.5,65.5,65.6
2020/06/08,65.9,66.5,64.9,65.1
2020/06/09,65.1,66.1,64.5,65.8
2020/06/10,65.6,65.8,65.3,65.3
2020/06/11,65.5,65.5,62.8,62.9
2020/06/12,61.3,62.4,60.8,62.2
2020/06/15,62.5,62.5,61.2,61.2
2020/06/16,62.0,62.8,62.0,62.2
2020/06/17,62.6,62.9,62.2,62.2
2020/06/18,62.2,62.8,61.7,62.5
2020/06/19,62.9,63.2,62.3,62.6
2020/06/22,62.9,64.2,62.9,63.5
2020/06/23,63.6,64.0,62.7,63.0
2020/06/24,63.2,63.2,62.1,62.3
2020/06/29,61.5,61.7,60.9,61.4
2020/06/30,62.0,63.4,61.8,63.4
2020/07/01,64.0,65.7,64.0,65.4
2020/07/02,66.0,66.0,64.9,65.9
2020/07/03,65.9,66.3,65.2,66.0
2020/07/06,69.1,69.1,67.7,68.4
2020/07/07,69.1,69.9,68.4,69.3
2020/07/08,69.1,69.6,68.4,69.6
2020/07/09,69.8,70.1,68.7,69.2
2020/07/10,69.0,69.0,66.9,68.0
2020/07/13,68.3,68.7,67.5,67.6
2020/07/14,67.6,67.7,66.5,66.9
2020/07/15,65.3,65.7,64.5,64.9
2020/07/16,65.5,65.6,64.5,65.5
2020/07/17,65.5,65.8,64.0,64.0
2020/07/20,64.1,64.1,63.0,63.9
2020/07/21,64.2,64.5,63.8,64.0
2020/07/22,64.1,64.7,64.1,64.7
2020/07/23,65.0,65.1,63.6,64.1
2020/07/24,64.0,64.0,62.3,62.3
2020/07/27,62.4,63.2,61.0,61.0
2020/07/28,61.5,62.6,61.2,61.5
2020/07/29,61.2,62.4,61.2,61.6
2020/07/30,62.1,63.7,62.0,63.2
2020/07/31,63.4,63.6,62.7,63.3
2020/08/03,63.3,63.5,62.5,62.8
2020/08/04,63.3,63.5,62.9,63.0
2020/08/05,63.9,64.3,63.4,64.2
2020/08/06,64.6,65.0,63.9,64.4
2020/08/07,64.6,64.9,64.2,64.6
2020/08/10,64.3,64.8,63.8,63.8
2020/08/11,64.1,65.5,63.3,65.1
2020/08/12,65.0,66.4,64.7,66.1
2020/08/13,66.8,67.1,65.6,66.1
2020/08/14,66.1,66.5,65.7,66.4
2020/08/17,66.8,68.7,66.8,68.3
2020/08/18,69.1,70.4,67.4,68.3
2020/08/19,67.7,68.4,66.7,66.7
2020/08/20,66.2,66.5,61.5,64.8
2020/08/21,65.1,69.5,64.8,68.6
2020/08/24,70.4,74.1,69.0,72.9
2020/08/25,73.6,76.5,72.5,73.8
2020/08/26,74.7,75.3,73.4,74.6
2020/08/27,75.2,78.1,75.0,77.8
2020/08/28,76.8,79.3,75.8,78.4
2020/08/31,79.5,82.2,79.5,81.2
2020/09/01,82.5,84.7,79.7,81.2
2020/09/02,83.2,84.7,82.4,83.8
2020/09/03,85.1,85.3,81.8,82.6
2020/09/04,79.5,82.0,79.4,81.4
2020/09/07,81.6,82.0,77.3,78.2
2020/09/08,79.5,80.1,78.0,79.0
2020/09/09,77.8,79.5,75.9,79.5
2020/09/10,79.7,79.9,77.8,77.8
2020/09/11,77.8,78.7,76.6,78.7
2020/09/14,78.8,79.3,77.3,78.2
2020/09/15,78.1,79.9,77.5,79.3
2020/09/16,79.3,79.9,78.6,78.9
2020/09/17,79.1,82.9,79.1,82.6
2020/09/18,82.6,82.8,81.2,81.4
2020/09/21,82.0,82.9,81.0,81.5
2020/09/22,81.5,81.9,79.6,80.0
2020/09/23,80.3,80.8,76.9,77.1
2020/09/24,76.6,78.1,74.9,75.4
2020/09/25,76.2,76.5,72.0,73.4
2020/09/28,74.0,76.3,72.5,75.8
2020/09/29,75.4,76.0,74.5,74.8
2020/09/30,74.8,75.6,73.6,75.2
2020/10/05,75.8,76.3,74.3,75.4
2020/10/06,76.1,76.7,75.5,76.2
2020/10/07,75.9,77.3,75.6,76.5
2020/10/08,76.5,76.8,75.4,75.4
2020/10/12,75.6,76.6,73.9,75.1
2020/10/13,75.3,75.6,73.8,74.4
2020/10/14,74.4,75.1,73.5,73.7
2020/10/15,73.8,79.3,73.3,78.9
2020/10/16,79.2,81.4,77.1,78.5
2020/10/19,78.8,80.8,78.4,79.6
2020/10/20,79.3,79.6,78.1,78.7
2020/10/21,78.9,79.0,76.2,76.9
2020/10/22,77.2,77.2,74.7,76.2
2020/10/23,76.2,76.8,75.8,76.4
2020/10/26,76.5,76.6,74.7,74.9
2020/10/27,74.3,77.3,74.0,77.3
2020/10/28,77.0,77.1,74.7,75.0
2020/10/29,74.0,75.6,73.3,75.6
2020/10/30,75.6,75.6,74.1,74.3
2020/11/02,74.2,74.8,72.7,73.4
2020/11/03,74.5,76.6,74.5,75.4
2020/11/04,76.3,78.0,75.6,77.6
2020/11/05,76.8,78.3,76.8,77.5
2020/11/06,78.5,79.0,77.6,78.1
2020/11/09,78.8,79.3,77.8,78.2
2020/11/10,78.9,81.1,78.2,79.7
2020/11/11,80.8,83.2,80.1,80.7
2020/11/12,80.9,81.4,79.3,79.5
2020/11/13,79.8,80.7,78.1,80.5
2020/11/16,80.9,81.2,78.7,79.5
2020/11/17,80.1,80.4,79.0,79.0
2020/11/18,79.3,80.0,79.0,79.1
2020/11/19,79.3,80.7,78.8,80.5
2020/11/20,80.4,81.7,79.5,80.8
2020/11/23,81.2,82.5,80.5,81.8
2020/11/24,82.5,84.2,81.3,83.3
2020/11/25,84.1,84.2,81.8,81.8
2020/11/26,82.4,83.3,81.6,82.0
2020/11/27,81.5,82.5,81.2,81.9
2020/11/30,83.0,83.3,81.1,81.4
2020/12/01,81.5,81.7,80.2,81.0
2020/12/02,80.7,83.1,80.7,82.1
2020/12/03,81.8,82.1,79.7,80.2
2020/12/04,80.1,81.2,78.9,79.6
2020/12/07,79.7,80.1,77.8,78.8
2020/12/08,78.8,79.5,78.1,78.3
2020/12/09,78.8,79.1,78.1,78.3
2020/12/10,77.8,78.0,76.0,76.3
2020/12/11,76.5,77.1,74.7,76.9
2020/12/14,76.8,77.5,76.2,77.0
2020/12/15,77.0,77.2,74.5,74.7
2020/12/16,75.5,76.2,74.8,76.1
2020/12/17,75.9,77.6,75.8,77.5
2020/12/18,77.2,77.2,75.6,76.0
2020/12/21,75.9,76.2,74.8,75.8
2020/12/22,75.8,76.4,74.7,74.8
2020/12/23,74.8,76.7,74.8,76.4
2020/12/24,76.4,77.0,75.9,76.1
2020/12/25,76.6,77.5,75.5,75.8
2020/12/28,76.3,77.0,76.0,76.6
2020/12/29,76.6,76.9,75.4,76.9
2020/12/30,76.0,76.7,75.8,76.5
2020/12/31,76.3,76.9,75.8,76.5
2021/01/04,81.8,82.9,79.5,80.2
2021/01/05,80.0,80.1,78.5,79.2
2021/01/06,79.5,79.9,77.4,77.6
2021/01/07,78.1,78.6,77.3,77.8
2021/01/08,78.5,78.5,76.9,77.1
2021/01/11,78.7,80.4,78.1,79.5
2021/01/12,80.2,80.4,77.4,77.7
2021/01/13,77.8,78.4,77.0,77.2
2021/01/14,77.3,78.1,76.9,77.4
2021/01/15,77.7,77.8,75.8,76.0
2021/01/18,76.0,76.0,74.6,75.2
2021/01/19,75.4,76.2,74.9,75.5
2021/01/20,75.5,75.7,73.8,74.1
2021/01/21,74.7,74.7,73.0,73.2
2021/01/22,73.2,74.2,73.1,73.9
2021/01/25,74.0,77.3,73.7,76.8
2021/01/26,76.0,77.3,75.0,75.0
2021/01/27,75.8,75.8,74.4,75.2
2021/01/28,74.3,76.0,74.1,74.9
2021/01/29,75.2,75.9,73.9,74.6
2021/02/01,74.6,74.6,73.1,73.8
2021/02/02,74.1,75.4,73.7,74.0
2021/02/03,74.6,74.8,73.8,74.1
2021/02/04,74.4,75.5,74.2,75.1
2021/02/05,75.8,75.9,74.4,74.5
2021/02/17,76.0,76.3,75.2,76.2
2021/02/18,76.5,77.7,75.7,77.7
2021/02/19,77.8,78.4,77.2,77.8
2021/02/22,78.3,78.7,76.9,77.4
2021/02/23,77.0,78.0,76.7,76.9
2021/02/24,77.7,79.2,76.9,77.3
2021/02/25,78.6,78.6,76.8,77.0
2021/02/26,75.9,76.0,74.6,75.1
2021/03/02,75.8,76.0,74.3,74.3
2021/03/03,74.5,74.7,73.9,74.4
2021/03/04,74.4,74.7,73.5,73.8
2021/03/05,73.6,74.0,73.1,73.6
2021/03/08,74.1,74.4,73.5,73.9
2021/03/09,74.0,74.1,73.1,73.8
2021/03/10,74.3,74.5,73.5,73.6
2021/03/11,73.9,74.7,73.6,74.3
2021/03/12,74.5,74.5,74.0,74.3
2021/03/15,74.3,74.4,73.9,74.0
2021/03/16,74.5,74.5,73.8,74.0
2021/03/17,74.1,74.4,73.6,73.7
2021/03/18,73.8,73.9,72.7,73.7
2021/03/19,73.2,73.2,72.7,72.9
2021/03/22,72.9,72.9,71.9,72.2
2021/03/23,72.4,72.7,71.9,71.9
2021/03/24,71.9,72.5,71.9,72.3
2021/03/25,72.5,73.3,72.1,72.9
2021/03/26,73.1,73.2,72.7,72.8
2021/03/29,73.0,73.2,72.9,72.9
2021/03/30,73.1,73.2,72.9,73.2
2021/03/31,73.1,73.6,73.1,73.3
2021/04/01,73.4,73.7,73.1,73.3
2021/04/06,73.7,73.7,72.7,72.8
2021/04/07,72.9,74.5,72.9,74.5
2021/04/08,74.9,75.0,73.9,74.6
2021/04/09,75.3,76.1,74.8,75.0
2021/04/12,75.2,75.5,74.4,74.6
2021/04/13,74.7,75.2,73.6,73.6
2021/04/14,73.8,74.5,72.2,73.5
2021/04/15,73.0,73.1,72.2,72.6
2021/04/16,73.3,75.0,73.1,73.8
2021/04/19,74.3,74.3,73.5,73.7
2021/04/20,73.7,74.2,73.2,73.4
2021/04/21,73.4,73.9,73.0,73.1
2021/04/22,73.4,73.4,70.9,71.6
2021/04/23,71.1,71.4,70.2,70.9
2021/04/26,71.0,71.6,71.0,71.2
2021/04/27,71.7,74.3,71.3,73.9
2021/04/28,75.2,75.7,74.5,74.7
2021/04/29,75.1,75.1,73.1,73.2
2021/05/03,73.2,73.4,71.0,71.1
2021/05/04,71.0,71.2,67.5,69.6
2021/05/05,69.6,70.3,68.9,69.0
2021/05/06,69.0,69.1,67.2,67.7
2021/05/07,68.4,69.4,68.4,69.3
2021/05/10,69.2,69.2,67.7,67.9
2021/05/11,67.8,67.8,64.8,65.7
2021/05/12,64.5,64.7,59.3,61.2
2021/05/13,59.5,62.8,57.9,62.8
2021/05/14,62.5,63.6,62.4,63.3
2021/05/17,59.2,61.5,58.4,60.1
2021/05/18,61.0,62.3,59.7,62.1
2021/05/19,62.1,62.9,61.0,61.5
2021/05/20,61.6,62.7,61.3,61.9
2021/05/21,62.7,64.2,62.1,62.9
2021/05/24,62.3,63.2,62.0,62.7
2021/05/25,63.2,64.2,63.1,64.0
2021/05/26,64.5,64.7,64.1,64.6
2021/05/27,64.7,64.7,63.7,64.6
2021/05/28,64.6,65.5,64.6,65.2
2021/05/31,65.5,65.6,65.0,65.2
2021/06/01,65.3,66.9,65.3,66.5
2021/06/02,66.7,66.8,65.2,65.9
2021/06/03,66.0,66.2,65.5,65.6
2021/06/04,65.9,65.9,64.7,64.9
2021/06/07,65.1,65.5,63.5,65.0
2021/06/08,65.5,65.5,65.1,65.2
2021/06/09,65.3,66.5,65.3,65.5
2021/06/10,66.3,68.3,65.6,68.3
2021/06/11,68.9,68.9,66.6,66.8
2021/06/15,66.7,66.8,65.5,66.4
2021/06/16,66.4,66.9,65.8,66.5
2021/06/17,66.2,67.1,66.0,66.8
2021/06/18,66.9,67.5,66.5,67.5
2021/06/21,67.0,67.4,65.8,66.0
2021/06/22,66.2,66.4,65.6,65.9
2021/06/23,66.0,67.3,66.0,67.2
2021/06/24,67.6,68.0,67.3,67.8
2021/06/25,68.5,69.7,68.3,69.2
2021/06/28,69.9,71.1,69.1,70.9
2021/06/29,72.7,75.1,71.9,74.8
2021/06/30,75.7,75.9,73.8,74.8
2021/07/01,74.3,75.5,73.9,74.2
2021/07/02,75.0,76.5,74.3,75.0
2021/07/05,75.7,76.3,75.2,75.6
2021/07/06,75.8,76.1,73.9,73.9
2021/07/07,74.3,75.1,74.3,75.1
2021/07/08,75.8,76.0,74.5,74.5
2021/07/09,73.3,73.8,72.8,73.6
2021/07/12,74.3,74.3,72.7,73.5
2021/07/13,74.1,77.5,73.8,75.8
2021/07/14,76.9,78.8,76.0,77.8
2021/07/15,78.5,79.2,77.1,77.6
2021/07/16,77.4,79.7,77.3,78.6
2021/07/19,79.0,79.7,78.0,79.3
2021/07/20,78.7,79.0,76.9,77.9
2021/07/21,78.4,78.6,74.9,75.7
2021/07/22,76.3,78.3,76.2,77.9
2021/07/23,77.9,78.8,77.3,77.4
2021/07/26,78.5,79.3,77.9,77.9
2021/07/27,78.0,78.0,76.3,76.4
2021/07/28,76.4,76.4,73.0,74.9
2021/07/29,76.0,76.2,74.4,74.8
2021/07/30,72.9,74.3,72.5,73.1
2021/08/02,73.4,73.6,72.5,72.9
2021/08/03,72.7,72.9,71.9,72.2
2021/08/04,72.5,73.9,72.5,73.1
2021/08/05,73.6,73.6,72.2,72.2
2021/08/06,72.3,72.3,71.3,71.4
2021/08/09,71.2,72.0,70.6,70.9
2021/08/10,70.6,71.8,69.6,71.8
2021/08/11,71.5,71.6,70.0,71.1
2021/08/12,71.1,71.2,70.0,70.1
2021/08/13,69.9,70.3,69.2,69.4
2021/08/16,68.9,68.9,66.9,68.4
2021/08/17,68.5,69.0,67.6,68.4
2021/08/18,66.8,68.8,66.8,68.7
2021/08/19,68.5,68.5,66.9,67.0
2021/08/20,67.5,68.3,66.6,66.8
2021/08/23,67.4,69.4,67.1,69.4
2021/08/24,69.4,70.4,68.9,68.9
2021/08/25,69.6,70.2,69.3,69.9
2021/08/26,70.2,70.3,69.3,69.6
2021/08/27,70.0,70.4,69.5,70.0
2021/08/30,70.2,72.0,70.2,70.8
2021/08/31,70.9,72.0,70.7,71.3
2021/09/01,71.4,71.4,69.7,70.3
2021/09/02,70.3,70.3,69.2,69.2
2021/09/03,69.5,70.5,69.4,69.6
2021/09/06,70.0,70.2,69.4,69.6
2021/09/07,69.4,69.6,68.6,69.4
2021/09/08,69.0,69.4,68.2,68.2
2021/09/09,67.4,68.3,67.1,68.0
2021/09/10,68.2,69.3,68.2,68.6
2021/09/13,68.9,69.0,68.4,68.8
2021/09/14,69.0,69.8,68.6,69.5
2021/09/15,69.7,69.7,68.9,69.0
2021/09/16,69.7,70.5,69.4,69.4
2021/09/17,69.4,71.4,69.3,71.4
2021/09/22,70.5,73.8,70.0,73.7
2021/09/23,73.8,74.0,72.6,73.1
2021/09/24,74.3,74.5,72.9,73.2
2021/09/27,74.4,76.1,73.1,73.1
2021/09/28,72.9,73.5,71.2,71.8
2021/09/29,70.5,71.4,70.4,71.0
2021/09/30,71.2,72.1,70.4,72.0
2021/10/01,71.4,71.6,68.9,69.5
2021/10/04,70.2,70.6,68.9,69.1
2021/10/05,69.1,71.3,68.1,70.9
2021/10/06,71.4,71.4,69.4,69.7
2021/10/07,70.3,72.6,70.3,72.4
2021/10/08,72.8,73.1,71.9,73.1
2021/10/12,71.0,71.7,69.5,70.0
2021/10/13,70.5,70.8,68.9,69.3
2021/10/14,69.8,70.2,69.0,69.6
2021/10/15,70.3,70.5,69.6,69.8
2021/10/18,70.1,70.1,68.7,68.9
2021/10/19,69.0,69.6,68.5,69.1
2021/10/20,69.6,69.7,68.9,69.1
2021/10/21,69.5,71.4,69.3,69.4
2021/10/22,69.9,71.4,69.2,71.3
2021/10/25,71.8,73.9,71.8,73.7
2021/10/26,73.7,74.8,73.1,73.8
2021/10/27,74.2,76.3,74.2,76.1
2021/10/28,76.4,77.2,75.5,76.3
2021/10/29,76.8,77.1,75.6,76.3
2021/11/01,77.1,78.2,76.7,77.4
2021/11/02,78.1,78.1,74.0,74.8
2021/11/03,76.6,79.4,76.5,77.0
2021/11/04,77.0,79.2,76.3,78.7
2021/11/05,78.9,79.3,77.1,78.3
2021/11/08,78.6,78.6,75.4,76.3
2021/11/09,76.9,78.2,76.3,77.8
2021/11/10,77.6,78.1,76.4,77.6
2021/11/11,76.5,76.7,73.4,73.7
2021/11/12,73.7,74.2,72.4,73.3
2021/11/15,73.8,75.3,73.1,74.5
2021/11/16,74.8,76.7,74.8,75.6
2021/11/17,76.0,76.3,74.5,74.6
2021/11/18,74.8,75.7,74.3,74.9
2021/11/19,74.9,75.2,74.0,74.6
2021/11/22,74.8,76.4,74.8,75.8
2021/11/23,75.3,75.3,73.7,73.9
2021/11/24,73.9,74.4,73.1,74.0
2021/11/25,73.9,75.2,73.9,74.8
2021/11/26,74.2,74.8,73.3,73.8
2021/11/29,72.9,73.6,71.7,73.4
2021/11/30,73.6,74.4,73.1,73.1
2021/12/01,73.0,73.2,72.0,73.1
2021/12/02,72.8,72.9,71.9,72.1
2021/12/03,72.4,72.6,71.9,72.1
2021/12/06,71.9,72.2,71.2,71.8
2021/12/07,71.8,72.9,71.7,71.8
2021/12/08,72.6,72.6,72.0,72.6
2021/12/09,73.6,75.0,73.1,73.6
2021/12/10,73.6,73.8,73.1,73.8
2021/12/13,74.3,74.5,73.3,74.2
2021/12/14,74.6,76.1,74.6,75.0
2021/12/15,75.7,77.4,75.3,76.8
2021/12/16,77.4,77.8,75.9,76.1
2021/12/17,75.9,76.0,73.9,74.3
2021/12/20,73.8,74.2,73.1,73.6
2021/12/21,74.1,74.4,73.2,73.9
2021/12/22,73.9,74.3,73.8,73.9
2021/12/23,74.1,74.3,73.4,74.1
2021/12/24,74.4,74.6,74.1,74.5
2021/12/27,74.8,77.1,74.7,76.5
2021/12/28,76.9,77.1,75.5,75.6
2021/12/29,75.7,76.2,75.3,76.1
2021/12/30,76.0,77.0,76.0,76.8
2022/01/03,77.4,77.4,75.8,75.8
2022/01/04,76.0,76.1,74.7,74.8
2022/01/05,74.8,75.5,74.1,74.4
2022/01/06,74.2,74.8,73.8,74.0
2022/01/07,74.5,74.6,73.0,73.0
2022/01/10,73.9,74.1,73.1,73.2
2022/01/11,73.8,73.9,72.4,72.6
2022/01/12,73.1,73.5,72.5,73.3
2022/01/13,73.3,73.3,72.4,73.2
2022/01/14,72.8,73.0,71.9,72.8
2022/01/17,72.8,73.9,72.5,73.7
2022/01/18,74.0,74.3,73.6,73.9
2022/01/19,73.0,73.1,71.4,71.5
2022/01/20,71.2,71.3,70.5,70.5
2022/01/21,69.7,69.9,68.7,68.8
2022/01/24,68.4,68.8,67.2,68.8
2022/01/25,68.8,69.6,68.6,68.9
2022/01/26,68.9,69.4,68.4,69.0
2022/02/07,69.4,70.7,69.4,70.6
2022/02/08,70.4,71.6,70.2,71.5
2022/02/09,71.9,72.5,71.6,72.5
2022/02/10,72.7,73.2,72.3,72.8
2022/02/11,72.4,73.1,71.9,72.8
2022/02/14,72.0,72.3,71.5,72.0
2022/02/15,72.0,72.4,71.3,71.3
2022/02/16,72.0,72.4,71.7,72.2
2022/02/17,72.4,72.7,72.1,72.6
2022/02/18,72.5,72.9,72.0,72.7
2022/02/21,72.7,72.7,71.7,72.0
2022/02/22,72.2,72.2,71.0,71.6
2022/02/23,71.8,72.0,71.2,71.4
2022/02/24,71.0,71.0,69.1,69.1
2022/02/25,70.0,70.0,69.2,69.5
2022/03/01,70.3,71.1,69.7,70.7
2022/03/02,70.7,70.7,70.1,70.3
2022/03/03,70.8,70.8,70.1,70.3
2022/03/04,69.6,70.2,69.3,69.9
2022/03/07,69.3,69.3,67.4,68.2
2022/03/08,68.1,68.3,66.6,66.8
2022/03/09,67.4,68.1,67.1,67.9
2022/03/10,68.4,69.1,68.4,68.8
2022/03/11,69.0,69.3,68.8,68.8
2022/03/14,68.8,69.2,68.5,68.8
2022/03/15,68.8,68.8,67.0,67.0
2022/03/16,67.8,67.8,66.5,67.1
2022/03/17,68.1,68.8,68.1,68.7
2022/03/18,68.7,69.1,67.4,67.4
2022/03/21,68.0,69.1,68.0,69.1
2022/03/22,69.5,69.5,69.0,69.4
2022/03/23,69.8,70.1,69.4,69.9
2022/03/24,69.7,70.7,69.5,70.4
2022/03/25,70.8,71.1,69.7,70.4
2022/03/28,70.0,70.0,69.2,69.9
2022/03/29,70.0,70.6,69.4,69.8
2022/03/30,70.2,71.4,70.1,70.7
2022/03/31,70.7,71.0,70.2,70.5
2022/04/01,70.4,70.9,69.7,70.8
2022/04/06,69.8,71.0,69.8,70.7
2022/04/07,70.4,71.1,69.6,69.7
2022/04/08,70.1,72.2,70.1,71.0
2022/04/11,72.9,72.9,70.7,70.7
2022/04/12,70.1,71.3,69.9,70.2
2022/04/13,71.2,71.2,70.4,70.6
2022/04/14,70.3,71.9,70.3,71.6
2022/04/15,71.4,71.4,69.5,70.0
2022/04/18,70.0,71.1,69.5,70.6
2022/04/19,70.5,71.4,70.5,70.8
2022/04/20,71.5,73.0,71.5,73.0
2022/04/21,73.0,74.7,72.7,74.7
2022/04/22,74.5,76.0,73.7,75.9
2022/04/25,75.3,76.1,73.7,75.7
2022/04/26,76.2,77.3,74.9,75.1
2022/04/27,73.7,75.8,73.1,73.8
2022/04/28,74.5,75.5,73.8,74.4
2022/04/29,75.7,76.3,75.0,75.5
2022/05/03,75.8,76.6,74.5,74.8
2022/05/04,75.3,75.6,74.0,74.0
2022/05/05,74.0,74.2,69.0,69.0
2022/05/06,66.6,66.7,64.3,64.6
2022/05/09,63.2,64.2,61.5,62.0
2022/05/10,61.3,62.0,59.8,61.7
2022/05/11,61.7,63.4,61.0,61.8
2022/05/12,61.0,63.9,61.0,62.8
2022/05/13,63.3,64.2,62.5,63.9
2022/05/16,64.4,64.5,62.7,62.9
2022/05/17,63.0,63.8,62.3,62.5
2022/05/18,63.0,63.3,61.9,62.8
2022/05/19,61.5,62.5,61.3,62.2
2022/05/20,62.5,62.6,61.3,61.5
2022/05/23,62.0,63.0,61.5,62.7
2022/05/24,62.7,63.1,61.5,61.5
2022/05/25,61.6,62.1,61.4,61.9
2022/05/26,62.4,62.4,61.2,61.3
2022/05/27,61.8,62.4,61.7,62.1
2022/05/30,62.5,63.4,62.5,63.2
2022/05/31,63.3,63.9,63.0,63.8
2022/06/01,63.4,64.0,63.0,63.3
2022/06/02,63.2,63.8,63.0,63.6
2022/06/06,64.0,64.4,63.2,64.3
2022/06/07,64.2,64.2,63.2,63.6
2022/06/08,64.0,64.5,63.6,64.1
2022/06/09,65.3,66.0,64.8,65.9
2022/06/10,65.2,66.5,65.1,65.9
2022/06/13,64.8,65.2,64.6,64.6
2022/06/14,64.6,66.4,64.6,66.3
2022/06/15,66.8,67.8,66.7,67.4
2022/06/16,68.5,69.4,66.8,66.8
2022/06/17,66.8,67.2,65.5,66.6
2022/06/20,66.9,67.2,65.1,65.1
2022/06/21,65.7,67.4,65.5,67.4
2022/06/22,66.5,68.3,66.5,67.3
2022/06/23,67.7,68.3,67.2,68.1
2022/06/24,69.9,70.7,68.3,68.8
2022/06/27,69.4,70.0,68.2,69.2
2022/06/28,68.9,70.1,68.8,69.5
2022/06/29,69.6,70.2,68.6,69.3
2022/06/30,69.3,69.5,67.5,68.1
2022/07/01,68.1,68.1,62.8,62.8
2022/07/04,62.8,64.4,61.2,61.5
2022/07/05,62.6,62.7,61.4,62.7
2022/07/06,62.7,64.7,62.5,63.6
2022/07/07,64.4,67.9,63.8,67.8
2022/07/08,68.2,69.9,68.0,68.1
2022/07/11,69.4,69.7,67.4,67.5
2022/07/12,67.4,67.5,65.8,66.2
2022/07/13,65.0,65.5,64.0,64.7
2022/07/14,64.7,69.7,64.1,69.1
2022/07/15,69.5,72.4,68.1,68.8
2022/07/18,69.4,71.0,69.0,70.8
2022/07/19,70.8,71.2,70.0,70.9
2022/07/20,71.7,72.4,70.7,71.5
2022/07/21,71.7,71.8,69.7,71.8
2022/07/22,71.5,71.8,71.0,71.4
2022/07/25,71.4,71.8,71.0,71.6
2022/07/26,71.6,71.6,70.4,71.6
2022/07/27,71.6,72.8,71.5,72.4
2022/07/28,72.9,72.9,71.9,72.3
2022/07/29,72.9,73.8,72.3,73.8
2022/08/01,73.7,74.1,72.9,73.2
2022/08/02,72.4,73.7,71.5,72.8
2022/08/03,72.9,73.1,71.7,71.8
2022/08/04,74.3,75.3,73.3,75.0
2022/08/05,75.4,78.4,74.5,77.8
2022/08/08,77.8,79.7,77.4,79.6
2022/08/09,79.9,80.0,79.3,79.7
2022/08/10,80.1,83.6,79.8,80.9
2022/08/11,82.1,82.8,79.3,80.2
2022/08/12,80.7,81.1,79.5,80.0
2022/08/15,80.1,80.1,78.9,79.6
2022/08/16,80.0,80.4,79.2,79.9
2022/08/17,79.9,81.1,79.8,81.1
2022/08/18,81.1,82.9,80.3,82.9
2022/08/19,83.2,83.4,80.9,80.9
2022/08/22,80.3,80.9,79.4,80.0
2022/08/23,79.6,79.7,79.0,79.4
2022/08/24,79.8,80.9,79.5,80.9
2022/08/25,81.6,83.7,81.3,83.4
2022/08/26,84.0,84.2,82.4,82.5
2022/08/29,79.2,81.7,79.0,81.3
2022/08/30,81.4,83.5,81.4,83.1
2022/08/31,82.8,83.7,82.5,83.7
2022/09/01,83.7,83.7,81.9,82.5
2022/09/02,82.9,83.8,82.2,82.2
2022/09/05,83.2,84.2,81.4,81.5
2022/09/06,82.4,82.8,79.5,80.0
2022/09/07,79.7,81.9,79.5,81.7
2022/09/08,82.5,83.7,81.5,81.9
2022/09/12,83.7,88.2,83.2,87.7
2022/09/13,88.3,88.4,84.3,84.6
2022/09/14,82.5,84.1,82.0,83.7
2022/09/15,83.9,85.1,82.5,82.9
2022/09/16,82.9,83.5,82.3,82.4
2022/09/19,82.2,82.4,79.8,81.3
2022/09/20,81.7,84.5,81.7,84.3
2022/09/21,83.8,84.5,82.7,83.0
2022/09/22,82.2,85.5,81.3,85.5
2022/09/23,85.5,85.5,81.3,81.9
2022/09/26,81.0,81.5,79.0,79.2
2022/09/27,80.1,84.9,80.1,84.8
2022/09/28,85.0,85.0,79.3,79.7
2022/09/29,81.7,83.6,79.9,80.8
2022/09/30,79.5,81.1,77.2,80.5
2022/10/03,79.6,81.3,79.4,80.7
2022/10/04,81.9,83.9,81.9,83.5
2022/10/05,84.7,87.8,83.3,85.7
2022/10/06,87.0,87.2,84.8,86.1
2022/10/07,85.9,86.8,85.5,86.2
2022/10/11,85.2,85.6,82.7,83.7
2022/10/12,84.2,85.1,82.0,85.1
2022/10/13,85.2,86.1,81.2,82.1
2022/10/14,84.7,90.1,84.7,86.2
2022/10/17,85.2,85.2,79.9,83.7
2022/10/18,85.6,85.9,82.0,83.4
2022/10/19,83.6,84.4,82.5,82.7
2022/10/20,82.1,84.3,81.2,83.7
2022/10/21,82.9,83.0,79.9,80.5
2022/10/24,81.7,83.6,81.7,82.0
2022/10/25,82.3,82.4,77.8,80.1
2022/10/26,80.7,81.0,78.1,80.5
2022/10/27,80.6,82.8,80.5,82.8
2022/10/28,81.7,82.4,79.9,80.2
2022/10/31,81.4,82.4,81.2,82.4
2022/11/01,81.5,83.2,81.5,83.0
2022/11/02,82.7,83.2,82.2,82.7
2022/11/03,83.9,87.1,82.1,82.4
2022/11/04,82.2,83.3,81.3,82.4
2022/11/07,82.7,85.5,82.4,84.1
2022/11/08,85.0,85.0,81.3,81.5
2022/11/09,83.6,85.2,82.8,83.3
2022/11/10,83.8,91.6,83.3,83.3
2022/11/11,85.3,85.8,81.2,81.3
2022/11/14,80.8,82.4,80.3,81.1
2022/11/15,81.2,81.3,80.3,80.5
2022/11/16,80.2,80.9,78.9,79.7
2022/11/17,80.4,81.9,80.4,81.0
2022/11/18,81.2,82.3,80.7,80.8
2022/11/21,81.1,82.2,81.1,81.4
2022/11/22,82.0,82.2,80.1,81.6
2022/11/23,82.4,84.7,82.1,84.7
2022/11/24,85.0,85.2,83.5,84.2
2022/11/25,83.8,84.9,82.6,82.7
2022/11/28,82.6,84.0,81.9,83.4
2022/11/29,83.7,85.2,83.6,84.4
2022/11/30,83.9,85.7,83.9,85.0
2022/12/01,86.0,91.9,85.5,90.7
2022/12/02,90.6,92.2,89.5,90.8
2022/12/05,91.2,94.0,89.5,90.2
2022/12/06,89.8,90.7,87.7,88.2
2022/12/07,88.2,88.6,85.4,86.7
2022/12/08,86.7,88.4,85.8,88.4
2022/12/09,87.2,87.3,84.7,85.4
2022/12/12,85.4,85.9,84.8,85.8
2022/12/13,85.9,86.3,83.7,83.7
2022/12/14,84.2,85.3,84.0,85.1
2022/12/15,85.1,85.9,84.5,85.6
2022/12/16,83.9,84.5,83.2,83.5
2022/12/19,83.3,83.3,82.2,82.6
2022/12/20,82.8,83.5,80.3,80.3
2022/12/21,80.8,81.8,80.8,81.2
2022/12/22,82.2,82.2,81.2,81.4
2022/12/23,80.4,80.6,79.5,79.5
2022/12/26,79.7,80.4,79.0,79.7
2022/12/27,80.4,80.4,79.3,79.5
2022/12/28,79.2,79.3,76.3,77.1
2022/12/29,76.6,77.3,76.0,76.5
2022/12/30,77.7,78.3,77.1,77.2
2023/01/03,77.4,78.3,76.8,77.7
2023/01/04,78.3,80.1,78.1,79.2
2023/01/05,79.9,80.1,78.1,78.4
2023/01/06,78.9,79.7,78.8,79.7
2023/01/09,81.3,81.4,79.7,79.9
2023/01/10,80.6,81.1,79.3,79.6
2023/01/11,80.0,80.9,79.7,80.5
2023/01/12,80.9,81.1,80.5,80.7
2023/01/13,81.3,81.4,79.9,79.9
2023/01/16,79.8,80.6,79.8,80.6
2023/01/17,80.3,80.8,80.1,80.3
2023/01/30,81.9,82.2,80.7,80.9
2023/01/31,80.9,81.3,79.9,80.3
2023/02/01,81.0,82.8,80.4,82.2
2023/02/02,82.5,84.2,81.7,84.2
2023/02/03,84.0,84.6,83.2,84.0
2023/02/06,83.7,84.5,83.5,84.2
2023/02/07,84.2,85.1,84.0,84.7
2023/02/08,85.4,85.4,84.3,84.4
2023/02/09,84.7,84.7,83.5,83.9
2023/02/10,83.8,83.9,81.5,82.0
2023/02/13,82.2,85.1,82.0,84.9
2023/02/14,85.3,86.2,84.4,85.4
2023/02/15,85.7,86.2,84.3,85.0
2023/02/16,86.1,86.7,85.6,86.2
2023/02/17,85.6,86.5,85.5,86.2
2023/02/20,86.3,86.7,85.0,85.0
2023/02/21,85.0,85.3,83.5,83.9
2023/02/22,83.2,83.5,82.3,82.9
2023/02/23,83.1,83.3,82.4,83.0
2023/02/24,83.6,84.5,82.8,83.1
2023/03/01,82.0,83.3,80.7,83.0
2023/03/02,83.3,83.9,83.1,83.2
2023/03/03,83.4,84.2,83.4,83.7
2023/03/06,84.3,86.3,84.3,85.9
2023/03/07,86.0,88.9,85.9,88.0
2023/03/08,87.9,89.1,87.3,87.3
2023/03/09,88.9,89.5,87.0,87.0
2023/03/10,86.6,87.2,85.1,85.2
2023/03/13,85.4,86.9,83.8,86.8
2023/03/14,85.9,87.2,85.7,86.4
2023/03/15,87.1,87.7,86.9,87.1
2023/03/16,86.6,87.2,84.1,84.7
2023/03/17,85.3,85.8,85.0,85.3
2023/03/20,85.7,86.0,84.9,85.8
2023/03/21,86.1,86.8,86.1,86.6
2023/03/22,87.1,87.3,86.8,87.1
2023/03/23,86.6,88.2,86.4,88.2
2023/03/24,88.7,89.1,88.1,88.2
2023/03/27,88.6,91.4,88.3,91.4
2023/03/28,91.6,93.4,89.4,90.3
2023/03/29,90.6,93.1,90.4,92.9
2023/03/30,94.1,101.9,94.1,101.9
2023/03/31,101.9,102.9,98.5,101.9
2023/04/06,102.9,102.9,98.4,99.4
2023/04/07,99.9,99.9,98.4,98.4
2023/04/10,100.4,100.4,95.9,97.8
2023/04/11,98.2,98.9,96.6,96.9
2023/04/12,97.0,97.2,96.1,97.0
2023/04/13,96.6,96.6,94.4,94.4
2023/04/14,95.0,98.9,94.8,97.7
2023/04/17,97.4,99.9,96.8,97.1
2023/04/18,97.6,98.9,96.0,96.2
2023/04/19,96.5,99.4,96.4,98.9
2023/04/20,98.1,98.4,95.1,95.6
2023/04/21,95.7,96.2,90.8,91.1
2023/04/24,91.1,91.8,89.9,90.9
2023/04/25,91.3,91.5,88.3,88.6
2023/04/26,88.5,90.6,88.4,89.9
2023/04/27,89.6,90.1,87.0,89.5
2023/04/28,90.6,91.6,90.1,91.0
2023/05/02,91.5,94.8,91.2,93.4
2023/05/03,92.8,94.7,92.5,93.2
2023/05/04,93.4,94.2,91.5,94.1
2023/05/05,93.7,94.5,93.2,93.8
2023/05/08,94.1,95.6,94.0,95.5
2023/05/09,94.7,95.1,93.4,94.3
2023/05/10,95.0,96.0,93.6,93.8
2023/05/11,92.6,92.7,84.5,84.5
2023/05/12,82.7,83.7,80.6,82.8
2023/05/15,81.7,83.3,81.7,83.1
2023/05/16,83.6,85.4,83.6,85.3
2023/05/17,84.3,84.4,82.3,82.8
2023/05/18,83.3,83.8,82.6,83.0
2023/05/19,83.4,83.6,82.8,82.8
2023/05/22,82.8,84.0,82.6,83.9
2023/05/23,84.2,84.4,83.3,83.5
2023/05/24,83.5,84.4,83.2,84.1
2023/05/25,84.3,84.7,83.3,84.2
2023/05/26,84.3,85.3,84.0,84.7
2023/05/29,85.4,86.4,85.3,86.1
2023/05/30,86.3,86.9,85.4,85.9
2023/05/31,86.3,87.4,86.1,86.1
2023/06/01,86.7,87.2,86.0,86.9
2023/06/02,87.0,87.4,85.7,87.1
2023/06/05,87.4,87.8,86.8,87.1
2023/06/06,87.3,87.5,85.9,86.0
2023/06/07,86.6,89.2,86.3,88.7
2023/06/08,91.4,92.2,88.6,88.6
2023/06/09,90.1,90.6,88.7,88.9
2023/06/12,89.6,91.5,88.9,89.6
2023/06/13,90.4,90.8,89.1,90.4
2023/06/14,90.6,91.3,90.2,91.1
2023/06/15,91.7,91.8,90.6,91.2
2023/06/16,91.7,92.9,90.9,92.5
2023/06/19,93.5,95.2,93.0,94.1
2023/06/20,94.2,94.6,92.2,93.6
2023/06/21,93.7,93.7,92.3,92.7
2023/06/26,92.6,92.9,91.7,91.9
2023/06/27,92.0,92.4,90.9,91.2
2023/06/28,92.5,95.9,92.5,92.8
2023/06/29,93.8,96.9,93.7,95.0
2023/06/30,95.5,96.0,93.3,93.8
2023/07/03,94.9,102.4,94.4,100.9
2023/07/04,100.4,101.9,97.5,101.9
2023/07/05,104.4,109.3,103.4,104.4
2023/07/06,104.4,107.3,103.4,105.8
2023/07/07,107.3,107.8,105.3,105.3
2023/07/10,107.3,114.7,106.3,111.3
2023/07/11,114.2,120.6,114.2,119.1
2023/07/12,116.2,118.1,111.7,114.2
2023/07/13,116.7,121.1,113.7,113.7
2023/07/14,116.7,117.7,112.2,115.2
2023/07/17,115.2,118.1,113.2,116.2
2023/07/18,118.6,122.6,115.2,115.2
2023/07/19,116.2,117.2,107.8,108.3
2023/07/20,110.8,111.3,107.3,107.3
2023/07/21,104.9,108.3,104.4,107.3
2023/07/24,109.3,112.2,106.8,110.3
2023/07/25,111.3,111.7,106.8,107.3
2023/07/26,107.3,108.3,104.9,105.8
2023/07/27,106.8,107.8,105.3,106.3
2023/07/28,106.8,107.8,105.3,107.8
2023/07/31,110.3,114.7,107.3,109.8
2023/08/01,114.7,119.6,113.2,118.1
2023/08/02,118.1,120.6,109.3,111.7
2023/08/04,111.3,116.7,110.3,116.2
2023/08/07,118.1,119.1,114.2,118.6
2023/08/08,119.1,121.6,116.2,116.2
2023/08/09,115.2,118.1,113.7,116.2
2023/08/10,116.2,117.7,112.7,113.7
2023/08/11,116.2,119.1,114.7,117.2
2023/08/14,116.7,118.1,114.2,116.2
2023/08/15,117.2,117.7,114.2,115.7
2023/08/16,114.2,117.2,113.7,116.7
2023/08/17,116.2,121.1,115.7,121.1
2023/08/18,121.1,122.1,114.7,115.7
2023/08/21,117.2,125.0,116.2,122.1
2023/08/22,123.1,124.5,120.1,121.1
2023/08/23,121.6,126.5,121.6,125.0
2023/08/24,127.0,132.4,124.5,125.5
2023/08/25,123.1,127.5,121.1,126.0
2023/08/28,127.0,129.0,124.0,126.0
2023/08/29,127.0,130.9,126.0,128.5
2023/08/30,129.5,130.0,125.5,129.0
2023/08/31,130.4,133.4,129.0,131.9
2023/09/01,132.4,132.9,127.5,127.5
2023/09/04,127.0,129.0,126.0,128.0
2023/09/05,128.5,131.4,128.0,130.0
2023/09/06,130.9,140.3,130.4,138.3
2023/09/07,136.8,141.8,136.8,139.8
2023/09/08,140.3,140.8,134.9,140.8
2023/09/11,142.3,143.7,139.3,139.8
2023/09/12,140.3,141.3,136.4,139.8
2023/09/13,138.3,138.8,134.4,137.8
2023/09/14,138.8,144.2,137.3,144.2
2023/09/15,146.2,146.2,142.8,144.7
2023/09/18,142.8,146.7,141.3,144.7
2023/09/19,147.2,152.1,145.7,151.6
2023/09/20,150.1,150.6,144.2,145.7
2023/09/21,144.2,144.7,134.4,135.9
2023/09/22,135.4,139.3,133.4,136.8
2023/09/25,135.9,140.8,134.9,138.8
2023/09/26,139.3,140.8,136.4,136.8
2023/09/27,136.8,136.8,132.9,134.9
2023/09/28,135.9,137.8,133.9,135.9
2023/10/02,136.8,137.3,134.4,134.9
2023/10/03,135.9,136.4,129.5,130.9
2023/10/04,129.5,130.4,127.5,128.5
2023/10/05,130.4,130.9,128.0,128.0
2023/10/06,128.5,130.0,127.0,128.0
2023/10/11,128.5,129.0,126.0,126.0
2023/10/12,128.0,132.4,127.5,130.9
2023/10/13,130.4,135.9,130.0,133.4
2023/10/16,133.4,133.4,128.0,128.0
2023/10/17,130.0,131.4,128.0,128.0
2023/10/18,127.5,127.5,123.1,124.0
2023/10/19,123.6,126.0,123.1,126.0
2023/10/20,125.5,126.0,122.1,124.0
2023/10/23,123.1,125.0,123.1,123.6
2023/10/24,124.0,127.0,123.6,126.0
2023/10/25,126.5,131.4,126.5,130.4
2023/10/26,127.0,129.0,126.0,127.5
2023/10/27,129.0,129.0,126.5,127.0
2023/10/30,127.5,131.9,127.5,130.0
2023/10/31,130.9,131.9,124.5,125.5
2023/11/01,126.0,127.0,118.1,121.6
2023/11/02,129.5,133.4,128.0,133.4
2023/11/03,136.4,138.8,131.9,136.8
2023/11/06,139.8,140.3,136.4,136.4
2023/11/07,136.8,137.3,133.9,135.9
2023/11/08,136.5,140.0,136.5,139.0
2023/11/09,141.5,144.0,136.0,137.0
2023/11/10,137.5,140.0,137.0,137.0
2023/11/13,139.5,139.5,136.0,138.0
2023/11/14,138.0,139.5,137.5,138.0
2023/11/15,139.5,140.0,136.0,136.0
2023/11/16,136.5,140.0,134.5,139.0
2023/11/17,139.0,139.0,136.0,136.5
2023/11/20,136.5,138.5,136.5,138.0
2023/11/21,138.5,144.0,138.5,143.0
2023/11/22,142.0,144.5,140.0,143.0
2023/11/23,143.5,144.0,138.0,138.0
2023/11/24,138.5,139.0,136.5,136.5
2023/11/27,136.5,137.0,131.5,133.0
2023/11/28,133.5,137.0,133.5,136.5
2023/11/29,136.5,138.5,136.0,138.0
2023/11/30,138.0,138.5,135.0,136.5
2023/12/01,136.0,138.5,135.0,136.5
2023/12/04,141.0,145.5,138.0,139.5
2023/12/05,138.0,140.5,136.0,139.5
2023/12/06,139.5,140.5,138.0,138.0
2023/12/07,138.0,139.0,136.5,136.5
2023/12/08,138.0,142.0,137.5,140.5
2023/12/11,142.0,151.5,140.5,149.5
2023/12/12,151.5,161.5,151.0,155.5
2023/12/13,156.0,170.5,156.0,167.0
2023/12/14,170.0,173.5,163.5,167.5
2023/12/15,168.5,169.5,163.0,165.5
2023/12/18,168.0,168.0,162.0,164.0
2023/12/19,163.0,163.5,155.5,157.0
2023/12/20,158.5,159.0,155.0,156.5
2023/12/21,154.5,156.0,150.5,152.0
2023/12/22,153.5,158.0,152.5,153.0
2023/12/25,154.5,155.5,152.0,152.5
2023/12/26,152.5,159.0,152.5,157.5
2023/12/27,156.0,159.0,155.5,158.5
2023/12/28,158.5,162.0,157.5,159.0
2023/12/29,160.0,160.0,156.0,156.0
2024/01/02,155.5,158.0,154.0,157.5
2024/01/03,156.0,157.5,154.0,155.0
2024/01/04,154.5,156.0,151.5,152.5
2024/01/05,153.5,155.5,152.5,152.5
2024/01/08,153.0,154.0,151.0,151.5
2024/01/09,153.5,156.0,150.0,151.0
2024/01/10,150.5,152.0,147.5,149.5
2024/01/11,149.5,151.5,149.5,150.0
2024/01/12,150.0,151.0,148.0,148.5
2024/01/15,149.5,153.5,149.0,152.5
2024/01/16,152.0,157.5,151.5,156.5
2024/01/17,155.5,157.0,151.5,151.5
2024/01/18,151.0,152.0,147.5,150.0
2024/01/19,148.5,149.0,142.0,143.0
2024/01/22,143.5,148.0,142.5,143.5
2024/01/23,145.5,149.5,145.0,148.5
2024/01/24,149.0,149.5,146.5,146.5
2024/01/25,147.5,147.5,145.0,145.5
2024/01/26,145.5,146.0,143.0,144.5
2024/01/29,145.0,147.0,144.5,146.0
2024/01/30,146.0,146.5,144.0,144.0
2024/01/31,143.5,145.0,142.5,143.0
2024/02/01,142.5,145.0,142.0,144.0
2024/02/02,143.5,144.5,142.0,144.0
2024/02/05,144.0,144.5,141.0,141.5
2024/02/15,142.0,143.5,140.5,141.5
2024/02/16,141.5,143.0,141.0,143.0
2024/02/19,144.5,148.0,144.0,147.0
2024/02/20,148.5,149.0,145.0,145.5
2024/02/21,146.5,147.5,145.5,146.0
2024/02/22,148.0,157.0,147.5,156.5
2024/02/23,157.0,160.0,153.0,156.0
2024/02/26,157.0,159.5,155.0,156.0
2024/02/27,158.0,161.5,150.0,153.0
2024/02/29,153.0,154.5,151.0,153.5
2024/03/01,154.0,156.0,152.0,152.5
2024/03/04,154.5,159.0,153.5,156.5
2024/03/05,157.5,158.0,154.0,157.0
2024/03/06,157.0,159.5,154.5,154.5
2024/03/07,155.0,157.0,149.5,150.0
2024/03/08,150.0,151.0,143.5,143.5
2024/03/11,142.0,145.5,142.0,143.0
2024/03/12,143.0,150.5,142.0,150.0
2024/03/13,153.5,157.0,152.5,156.0
2024/03/14,160.0,163.5,153.5,155.5
2024/03/15,159.0,159.5,152.5,154.5
2024/03/18,156.5,158.0,154.0,157.5
2024/03/19,156.0,162.0,155.0,161.0
2024/03/20,163.5,165.0,156.5,157.5
2024/03/21,159.5,159.5,152.5,153.5
2024/03/22,154.0,156.0,153.0,154.0
2024/03/25,155.0,155.0,151.5,151.5
2024/03/26,151.5,154.5,146.5,149.5
2024/03/27,150.0,156.5,149.0,156.0
2024/03/28,156.0,157.5,153.5,154.5
2024/03/29,155.0,156.5,151.0,155.0
2024/04/01,156.0,156.5,154.0,155.5
2024/04/02,157.5,158.0,155.0,157.5
2024/04/03,155.5,157.5,154.5,157.5
2024/04/08,158.5,158.5,156.0,157.5
2024/04/09,158.5,159.5,155.0,156.5
2024/04/10,156.0,158.0,155.5,156.5
2024/04/11,156.0,157.5,155.0,156.0
2024/04/12,157.0,158.0,153.5,154.5
2024/04/15,153.0,154.5,151.0,152.5
2024/04/16,152.0,152.5,147.5,149.5
2024/04/17,151.0,152.5,146.0,146.5
2024/04/18,146.0,148.0,144.5,148.0
2024/04/19,147.0,150.0,143.0,147.0
2024/04/22,147.5,148.0,144.0,144.0
2024/04/23,145.5,148.0,144.0,144.0
2024/04/24,147.0,150.5,146.5,150.5
2024/04/25,149.5,149.5,147.0,147.0
2024/04/26,148.5,149.5,147.5,147.5
2024/04/29,147.5,150.5,147.5,150.5
2024/04/30,150.5,153.0,150.5,150.5
2024/05/02,149.5,152.5,149.0,152.5
2024/05/03,153.5,154.5,152.0,152.0
2024/05/06,153.5,155.0,152.5,154.5
2024/05/07,155.5,155.5,150.5,153.0
2024/05/08,153.0,153.0,147.0,147.0
2024/05/09,148.5,153.0,148.0,148.5
2024/05/10,148.5,149.0,144.5,146.0
2024/05/13,146.0,148.5,145.0,147.5
2024/05/14,147.5,149.0,146.5,147.0
2024/05/15,147.0,149.5,146.5,148.0
2024/05/16,150.0,156.5,150.0,156.0
2024/05/17,154.5,156.5,154.0,155.0
2024/05/20,156.5,159.0,154.5,156.0
2024/05/21,156.5,158.5,155.5,157.0
2024/05/22,157.5,158.0,155.5,157.5
2024/05/23,157.5,162.0,156.5,157.5
2024/05/24,158.5,161.0,156.0,160.0
2024/05/27,160.5,161.5,158.5,159.0
2024/05/28,159.5,160.0,157.0,158.0
2024/05/29,158.0,166.5,158.0,163.5
2024/05/30,163.5,163.5,159.0,159.5
2024/05/31,160.0,164.5,155.5,156.0
2024/06/03,158.0,160.5,156.5,160.5
2024/06/04,159.5,164.0,159.5,163.0
2024/06/05,163.5,166.5,161.5,161.5
2024/06/06,163.0,165.0,160.0,162.0
2024/06/07,163.0,163.0,156.0,157.5
2024/06/11,159.0,160.5,157.5,158.5
2024/06/12,160.0,161.5,157.5,159.5
2024/06/13,160.5,161.0,156.5,158.0
2024/06/14,158.0,158.5,153.0,154.5
2024/06/17,156.0,160.5,156.0,160.0
2024/06/18,160.5,162.0,159.0,160.0
2024/06/19,161.0,161.5,159.0,159.0
2024/06/20,160.5,162.0,159.5,161.0
2024/06/21,161.0,171.5,159.5,170.0
2024/06/24,172.5,174.5,164.5,165.5
2024/06/25,166.0,170.0,164.5,170.0
2024/06/26,171.0,172.0,166.5,168.5
2024/06/27,167.5,167.5,162.0,162.0
2024/06/28,163.0,165.5,161.0,161.0
2024/07/01,162.5,162.5,156.5,157.0
2024/07/02,151.0,153.0,142.0,144.5
2024/07/03,147.0,149.5,144.5,144.5
2024/07/04,146.5,149.0,145.5,148.0
2024/07/05,149.0,149.5,147.5,147.5
2024/07/08,148.0,149.5,146.0,147.0
2024/07/09,149.5,151.0,146.0,148.0
2024/07/10,149.5,150.0,147.0,147.5
2024/07/11,148.0,150.0,147.0,148.0
2024/07/12,146.5,148.5,146.0,147.0
2024/07/15,147.5,148.0,146.0,146.0
2024/07/16,147.0,148.5,146.0,148.0
2024/07/17,148.5,149.0,146.5,146.5
2024/07/18,146.0,149.5,143.0,149.5
2024/07/19,149.5,149.5,145.5,145.5
2024/07/22,146.0,146.0,138.0,141.0
2024/07/23,142.5,144.0,142.0,142.5
2024/07/26,137.5,141.0,136.5,140.0
2024/07/29,146.0,146.0,140.0,140.0
2024/07/30,139.5,142.5,138.5,142.0
2024/07/31,140.5,143.5,139.0,140.5
2024/08/01,143.5,144.0,140.0,141.5
2024/08/02,139.0,139.0,135.0,138.0
2024/08/05,133.0,133.0,124.5,124.5
2024/08/06,125.5,126.0,114.0,124.5
2024/08/07,124.5,131.0,124.5,130.5
2024/08/08,129.0,131.0,127.0,129.0
2024/08/09,121.0,123.0,119.0,121.5
2024/08/12,121.0,122.0,117.0,122.0
2024/08/13,122.5,123.0,118.0,120.0
2024/08/14,121.0,122.0,119.5,120.0
2024/08/15,120.0,121.5,118.0,118.5
2024/08/16,120.0,122.0,119.5,122.0
2024/08/19,123.0,123.5,120.5,122.0
2024/08/20,123.0,125.0,122.5,124.0
2024/08/21,123.0,124.5,122.0,123.0
2024/08/22,125.0,126.0,123.5,123.5
2024/08/23,123.0,125.0,121.5,124.0
2024/08/26,124.5,126.0,124.0,124.5
2024/08/27,124.5,126.0,124.0,125.5
2024/08/28,126.0,126.0,123.0,123.0
2024/08/29,122.0,122.5,120.5,121.5
2024/08/30,122.5,122.5,121.5,122.0
2024/09/02,122.5,123.5,121.5,122.0
2024/09/03,121.5,121.5,118.0,118.5
2024/09/04,114.5,116.0,111.0,113.5
2024/09/05,115.0,115.0,111.0,112.0
2024/09/06,112.0,113.0,110.5,112.5
2024/09/09,109.0,113.0,108.5,112.5
2024/09/10,113.5,113.5,110.5,110.5
2024/09/11,111.0,112.0,109.0,111.0
2024/09/12,113.0,114.0,112.0,113.0
2024/09/13,113.5,115.0,112.0,114.0
2024/09/16,114.0,118.0,114.0,116.5
2024/09/18,117.0,117.5,114.5,114.5
2024/09/19,117.0,119.5,114.0,114.0
2024/09/20,117.0,120.0,117.0,118.0
2024/09/23,118.0,121.0,117.5,119.5
2024/09/24,119.5,120.0,118.0,119.0
2024/09/25,119.5,122.0,119.5,120.5
2024/09/26,122.0,122.0,119.0,119.0
2024/09/27,120.5,120.5,117.0,117.0
2024/09/30,117.0,118.0,116.0,116.0
2024/10/01,116.5,117.0,113.0,114.0
2024/10/04,115.0,115.5,113.0,114.0
2024/10/07,115.5,117.0,114.5,117.0
2024/10/08,116.5,117.0,115.0,115.0
2024/10/09,115.5,116.5,113.0,113.0
2024/10/11,113.5,115.5,113.0,114.0
2024/10/14,114.0,116.0,111.0,115.0
2024/10/15,116.5,116.5,113.5,113.5
2024/10/16,114.0,116.0,114.0,115.5
2024/10/17,116.0,118.0,116.0,116.0
2024/10/18,116.0,117.0,114.5,115.0
2024/10/21,116.5,118.0,115.0,118.0
2024/10/22,118.5,118.5,116.0,116.5
2024/10/23,117.0,118.5,116.0,116.0
2024/10/24,116.0,118.5,115.5,116.5
2024/10/25,117.5,124.5,117.5,124.5
2024/10/28,124.5,125.0,120.5,124.0
2024/10/29,123.0,126.0,120.5,126.0
2024/10/30,126.5,127.0,122.0,122.0
2024/11/01,119.5,124.5,119.0,121.5
2024/11/04,122.5,122.5,119.0,119.0
2024/11/05,119.0,121.0,119.0,119.5
2024/11/06,120.5,125.0,120.0,124.5
2024/11/07,123.0,125.0,121.5,123.5
2024/11/08,125.0,126.0,119.0,119.0
2024/11/11,120.0,123.0,119.5,120.5
2024/11/12,120.0,124.0,119.5,120.5
2024/11/13,120.5,123.0,120.0,122.0
2024/11/14,122.0,124.5,121.0,121.0
2024/11/15,122.0,122.5,120.5,120.5
2024/11/18,120.0,120.5,111.0,111.0
2024/11/19,111.5,113.5,110.5,113.5
2024/11/20,114.0,115.0,112.5,113.0
2024/11/21,113.5,116.0,112.5,114.0
2024/11/22,115.0,116.0,113.5,113.5
2024/11/25,115.0,120.0,115.0,120.0
2024/11/26,119.5,120.0,118.5,119.0
2024/11/27,121.0,121.5,116.0,116.0
2024/11/28,117.0,117.5,114.5,115.5
2024/11/29,115.0,119.0,114.0,116.0
2024/12/02,117.0,123.0,117.0,119.5
2024/12/03,121.5,124.5,119.5,120.5
2024/12/04,120.0,120.5,118.5,120.5
2024/12/05,120.5,122.5,120.0,120.0
2024/12/06,120.5,121.5,119.5,120.0
2024/12/09,121.0,121.0,118.5,119.5
2024/12/10,119.5,121.0,118.0,118.5
2024/12/11,119.0,120.0,118.0,119.0
2024/12/12,120.5,122.5,119.5,120.5
2024/12/13,121.0,121.5,118.5,118.5
2024/12/16,119.0,122.0,119.0,120.5
2024/12/17,121.0,122.5,119.5,119.5
2024/12/18,120.5,123.0,119.5,122.5
2024/12/19,121.0,131.0,120.5,127.0
2024/12/20,130.0,139.5,128.5,137.5
2024/12/23,140.5,143.0,135.0,136.0
2024/12/24,136.5,137.5,132.5,134.5
2024/12/25,136.0,137.0,133.5,137.0
2024/12/26,138.0,146.0,135.5,141.0
2024/12/27,141.0,142.5,137.5,137.5
2024/12/30,137.5,141.5,135.0,135.0
2024/12/31,135.5,137.5,135.0,137.5
2025/01/02,137.5,139.5,135.0,135.0
2025/01/03,136.5,138.0,134.0,134.5
2025/01/06,136.0,136.5,132.5,132.5
2025/01/07,134.5,136.0,132.0,132.0
2025/01/08,133.0,135.0,130.5,131.0
2025/01/09,131.0,135.0,126.0,126.5
2025/01/10,126.5,131.5,126.5,129.5
2025/01/13,128.0,128.5,122.5,123.0
2025/01/14,124.0,132.5,123.0,131.5
2025/01/15,131.0,134.0,129.0,131.0
2025/01/16,134.0,135.5,130.0,130.0
2025/01/17,132.0,134.5,130.5,131.5
2025/01/20,135.0,144.5,135.0,143.5
2025/01/21,142.5,145.0,139.0,141.0
2025/01/22,142.0,142.5,140.0,142.0
2025/02/03,142.0,146.0,139.5,143.0
2025/02/04,143.5,151.0,142.0,148.5
2025/02/05,148.0,150.5,146.0,147.5
2025/02/06,148.5,151.0,144.0,146.0
2025/02/07,146.0,147.0,143.0,146.0
2025/02/10,146.0,146.5,142.0,143.5
2025/02/11,144.5,146.5,143.5,146.0
2025/02/12,146.0,148.0,144.5,146.5
2025/02/13,148.0,150.0,146.5,148.5
2025/02/14,149.5,149.5,140.0,141.5
2025/02/17,140.5,143.0,140.5,141.5
2025/02/18,145.5,148.5,143.5,143.5
2025/02/19,143.5,147.0,143.0,145.5
2025/02/20,146.5,149.0,146.0,147.0
2025/02/21,148.0,149.5,146.5,148.5
2025/02/24,148.0,149.5,147.0,147.5
2025/02/25,146.5,148.0,144.0,144.0
2025/02/26,144.5,147.5,142.0,146.0
2025/02/27,146.0,149.0,145.5,147.0
2025/03/03,147.0,150.0,144.0,144.0
2025/03/04,143.0,149.0,142.0,146.5
2025/03/05,148.5,148.5,146.0,146.5
2025/03/06,148.0,149.0,145.5,148.5
2025/03/07,148.0,153.5,146.5,149.0
2025/03/10,150.0,151.5,143.5,143.5
2025/03/11,138.5,141.5,137.0,139.5
2025/03/12,141.0,144.0,140.0,142.0
2025/03/13,145.0,147.5,143.0,143.5
2025/03/14,144.0,146.5,143.0,143.5
2025/03/17,145.0,147.5,143.5,145.5
2025/03/18,148.5,149.0,146.0,148.0
2025/03/19,148.0,151.0,146.0,146.0
2025/03/20,148.0,152.0,147.5,151.5
2025/03/21,152.0,163.5,151.0,155.0
2025/03/24,157.0,160.5,152.0,153.5
2025/03/25,154.5,155.5,151.5,153.5
2025/03/26,153.0,155.0,151.0,153.0
2025/03/27,151.0,155.5,150.0,153.0
2025/03/28,152.0,152.5,144.5,146.5
2025/03/31,141.0,144.5,138.5,139.5
2025/04/01,141.5,142.5,138.5,140.0
2025/04/02,141.0,141.5,137.5,138.5
2025/04/07,125.0,125.0,125.0,125.0
2025/04/08,112.5,112.5,112.5,112.5
2025/04/09,101.5,107.0,101.5,101.5
2025/04/10,111.5,111.5,111.5,111.5
2025/04/11,109.0,119.0,104.5,119.0
2025/04/14,124.0,127.5,118.0,118.5
2025/04/15,121.5,130.0,121.0,130.0
2025/04/16,126.0,127.0,121.0,121.5
2025/04/17,121.0,121.5,117.5,119.0
2025/04/18,120.5,122.0,118.0,118.5
2025/04/21,118.5,120.5,116.0,116.0
2025/04/22,115.5,119.5,113.5,116.5
2025/04/23,119.5,122.5,118.5,118.5
2025/04/24,120.0,122.5,119.5,120.5
2025/04/25,123.5,124.5,120.5,121.5
2025/04/28,123.0,125.0,122.5,124.0
2025/04/29,123.5,128.0,123.0,127.0
2025/04/30,127.0,128.0,125.0,126.0
2025/05/02,128.5,130.0,127.0,127.5
2025/05/05,128.5,128.5,120.5,122.0
2025/05/06,121.5,126.5,119.0,125.5
2025/05/07,127.0,127.5,124.0,125.0
2025/05/08,126.0,130.0,126.0,128.5
2025/05/09,127.5,129.5,127.0,128.5
2025/05/12,129.0,130.0,127.0,127.5
2025/05/13,129.5,130.5,125.5,127.0
2025/05/14,128.0,131.0,127.5,130.5
2025/05/15,131.0,131.0,129.0,130.0
2025/05/16,130.5,131.0,127.5,128.0
2025/05/19,128.0,129.5,122.5,123.0
2025/05/20,125.0,126.5,123.0,123.5
2025/05/21,124.5,126.0,124.5,125.5
2025/05/22,124.0,124.5,123.0,123.0
2025/05/23,123.5,124.0,122.0,122.5
2025/05/26,123.0,123.5,121.0,122.0
2025/05/27,123.0,124.5,119.0,119.5
2025/05/28,121.5,122.5,119.0,120.5
2025/05/29,122.0,123.5,121.0,123.0
2025/06/02,120.0,121.0,116.5,117.5
2025/06/03,118.5,119.0,115.5,115.5
2025/06/04,117.5,119.5,116.0,117.5
2025/06/05,118.0,120.5,117.0,119.5
2025/06/06,120.0,123.0,117.5,122.5
2025/06/09,120.5,123.0,120.0,122.0
2025/06/10,122.0,124.5,122.0,124.5
2025/06/11,124.5,126.0,124.0,125.5
2025/06/12,124.5,126.5,124.0,125.0
2025/06/13,124.0,125.0,121.0,121.5
2025/06/16,121.0,123.0,120.5,121.5
2025/06/17,122.0,124.0,120.0,122.0
2025/06/18,120.0,121.0,118.0,119.5
2025/06/19,119.0,119.5,116.5,117.0
2025/06/20,117.0,118.5,117.0,118.0
2025/06/23,117.0,117.5,114.0,117.5
2025/06/24,119.0,120.0,118.0,120.0
2025/06/25,121.0,121.5,119.0,121.0
2025/06/26,121.0,123.0,120.5,123.0
2025/06/27,123.0,124.5,122.0,122.5
2025/06/30,122.5,122.5,119.5,121.5
2025/07/01,123.0,123.0,119.0,119.0
2025/07/02,113.0,116.0,111.0,113.0
2025/07/03,116.0,121.5,116.0,118.5
2025/07/04,120.0,120.5,115.5,116.0
2025/07/07,117.0,118.5,115.0,118.0
2025/07/08,117.0,118.5,116.0,118.5
2025/07/09,117.0,119.0,117.0,118.5
2025/07/10,118.5,119.0,115.5,116.0
2025/07/11,116.5,116.5,115.0,116.5
2025/07/14,117.0,117.0,114.0,114.0
2025/07/15,114.5,115.5,114.0,115.0
2025/07/16,115.0,117.0,114.5,115.0
2025/07/17,116.0,117.0,114.5,117.0
2025/07/18,118.0,118.0,116.0,116.5
2025/07/21,117.0,119.5,116.5,118.0
2025/07/22,117.0,118.5,114.0,114.0
2025/07/23,115.5,117.5,115.0,117.5
2025/07/24,117.5,118.0,116.5,117.0
2025/07/25,117.0,119.5,117.0,118.0
2025/07/28,119.0,120.0,117.5,119.0
2025/07/29,119.0,120.0,117.0,117.0
2025/07/30,118.5,122.0,118.5,119.0
2025/07/31,119.0,120.0,118.0,118.0
2025/08/01,116.5,127.5,116.0,126.0
2025/08/04,124.5,126.0,122.0,124.0
2025/08/05,125.0,126.5,124.5,125.0
2025/08/06,123.5,124.0,122.0,122.5
2025/08/07,120.5,122.0,116.5,118.5
2025/08/08,119.5,120.5,118.5,118.5
2025/08/11,118.5,119.5,117.0,119.0
2025/08/12,120.0,122.0,119.0,120.5
2025/08/13,122.0,124.5,120.0,121.5
2025/08/14,122.5,126.0,122.0,125.0
2025/08/15,125.0,126.0,123.5,125.5
2025/08/18,125.5,125.5,122.5,123.0
2025/08/19,122.5,123.0,119.5,119.5
2025/08/20,118.0,121.5,117.5,119.5
2025/08/21,120.0,122.0,119.5,121.0
2025/08/22,120.5,121.5,118.0,118.0
2025/08/25,119.5,123.5,119.0,123.0
2025/08/26,123.5,131.5,122.5,130.0
2025/08/27,133.5,134.0,128.5,129.0
2025/08/28,129.0,129.5,127.0,127.0
2025/08/29,129.5,130.0,127.0,127.0
2025/09/01,126.5,127.0,121.5,122.0
2025/09/02,123.0,123.5,120.5,122.0
2025/09/03,122.0,124.5,122.0,123.0
2025/09/04,124.5,125.0,122.0,123.0
2025/09/05,124.0,124.0,121.5,122.0
2025/09/08,123.0,123.5,121.5,122.5
2025/09/09,122.5,123.0,118.5,119.0
2025/09/10,118.5,120.0,118.0,119.0
2025/09/11,119.0,119.5,116.0,116.0
2025/09/12,116.5,118.0,116.5,117.5
2025/09/15,117.5,117.5,116.0,116.5
2025/09/16,117.0,118.5,116.5,118.5
2025/09/17,118.0,121.0,118.0,118.5
2025/09/18,120.0,120.5,118.5,119.0
2025/09/19,120.0,120.5,118.5,120.5
2025/09/22,121.0,121.5,119.0,121.0
2025/09/23,122.5,123.0,119.5,121.0
2025/09/24,121.0,121.0,119.0,120.5
2025/09/25,121.0,121.5,118.0,118.5
2025/09/26,118.5,118.5,115.0,115.0
2025/09/30,116.0,117.0,115.0,116.5
2025/10/01,117.0,117.0,115.5,116.0
2025/10/02,116.0,117.0,115.0,115.5
2025/10/03,116.0,116.0,115.0,115.5
2025/10/07,116.5,118.5,116.0,118.0
2025/10/08,118.0,118.5,116.0,118.5
2025/10/09,120.0,122.5,119.5,121.0
2025/10/13,118.0,120.5,117.0,120.0
2025/10/14,121.0,121.5,116.5,116.5
2025/10/15,117.5,118.0,116.5,117.5
2025/10/16,118.0,121.0,118.0,120.5
2025/10/17,120.0,120.5,118.0,118.5
2025/10/20,116.0,117.0,115.5,116.5
2025/10/21,117.5,123.0,117.5,122.5
2025/10/22,123.0,123.0,121.0,122.5
2025/10/23,122.0,123.5,121.5,123.0
2025/10/27,123.0,124.0,121.5,122.0
2025/10/28,123.0,124.0,122.0,123.5
2025/10/29,124.5,127.0,123.0,124.5
2025/10/30,125.0,128.5,124.5,126.0
2025/10/31,127.5,127.5,124.0,125.5
2025/11/03,128.5,132.0,127.5,128.0
2025/11/04,128.0,129.0,125.5,126.5
2025/11/05,124.5,129.0,122.5,128.5
2025/11/06,125.0,125.0,116.0,117.5
2025/11/07,116.0,116.5,111.0,111.5
2025/11/10,111.5,111.5,105.0,105.0
2025/11/11,104.5,106.0,103.0,103.0
2025/11/12,104.0,105.5,103.0,103.5
2025/11/13,105.0,106.0,103.0,103.0
2025/11/14,101.5,104.5,101.5,101.5
2025/11/17,102.5,102.5,100.0,100.5
2025/11/18,101.0,102.0,97.6,98.2
2025/11/19,98.9,100.5,96.0,96.0
2025/11/20,97.9,98.8,96.6,98.2
2025/11/21,97.2,99.0,97.0,97.5
2025/11/24,98.4,99.1,97.0,97.0
2025/11/25,98.3,99.8,98.2,99.5
2025/11/26,100.0,102.0,100.0,101.5
2025/11/27,101.5,102.5,101.0,102.5
2025/11/28,102.5,104.0,102.0,102.0
2025/12/01,102.0,103.0,101.5,101.5
2025/12/02,102.5,103.0,101.5,102.0
2025/12/03,103.0,106.5,103.0,105.0
2025/12/04,105.5,105.5,102.0,103.5
2025/12/05,103.0,103.5,101.0,102.0
2025/12/08,102.0,104.5,102.0,104.0
2025/12/09,101.5,101.5,98.8,99.8
2025/12/10,99.8,100.5,98.2,99.0
2025/12/11,99.6,100.5,98.9,100.0
2025/12/12,101.0,102.0,100.0,100.5
2025/12/15,99.6,104.5,99.3,103.0
2025/12/16,103.5,104.0,100.5,101.0
2025/12/17,102.5,106.5,101.0,101.0
2025/12/18,100.5,101.0,99.3,99.5
2025/12/19,100.0,102.5,99.7,101.0
2025/12/22,102.0,103.5,101.0,103.5
2025/12/23,104.5,105.0,101.5,102.0
2025/12/24,103.0,104.0,102.0,102.0
2025/12/26,103.0,104.0,101.0,101.0
2025/12/29,102.5,103.0,100.0,100.0
2025/12/30,101.5,101.5,99.4,99.4
2025/12/31,100.0,101.0,98.6,99.0
2026/01/02,99.6,101.0,99.1,100.0
2026/01/05,102.5,110.0,102.5,110.0
2026/01/06,112.5,113.0,105.0,107.5
2026/01/07,107.5,107.5,103.0,105.5
2026/01/08,105.0,105.0,102.0,102.5
2026/01/09,103.0,104.5,101.5,103.5
2026/01/12,105.0,112.5,104.0,111.0
2026/01/13,112.5,113.0,106.5,107.0
2026/01/14,108.0,109.0,107.0,107.0
2026/01/15,108.0,109.0,107.0,108.5
2026/01/16,111.0,111.0,107.0,108.0
2026/01/19,118.0,118.5,117.0,118.5
2026/01/20,124.5,130.0,124.0,130.0
2026/01/21,134.0,137.0,128.0,128.5
2026/01/22,141.0,141.0,138.0,141.0
2026/01/23,151.5,155.0,147.5,155.0
2026/01/26,157.0,166.0,152.5,157.5
2026/01/27,157.5,165.0,152.0,160.0
2026/01/28,162.0,173.5,159.5,167.0
2026/01/29,171.5,183.5,171.0,176.5
2026/01/30,176.5,192.0,175.0,185.0
2026/02/02,190.5,197.5,179.0,183.0
2026/02/03,190.5,201.0,190.5,196.0
2026/02/04,196.0,207.5,186.5,207.5
2026/02/05,201.0,202.5,187.0,187.0
2026/02/06,172.0,178.0,168.5,175.0
2026/02/09,190.0,190.0,172.5,173.0
2026/02/10,179.0,180.0,167.5,172.5
2026/02/11,173.5,177.5,169.0,172.0
2026/02/23,171.5,188.0,169.5,180.5
2026/02/24,182.5,197.5,178.5,188.5
2026/02/25,190.0,192.0,182.0,190.0
2026/02/26,188.0,191.5,184.0,187.0
2026/03/02,177.5,194.5,177.5,184.5
2026/03/03,186.5,195.0,174.5,176.5
2026/03/04,169.5,174.5,159.0,159.5
2026/03/05,170.5,172.5,162.5,164.5
2026/03/06,164.0,167.5,161.0,166.0
2026/03/09,150.0,153.0,149.5,152.0
2026/03/10,159.0,159.5,151.0,156.5
2026/03/11,158.5,168.5,158.0,163.5
2026/03/12,164.0,170.0,162.5,167.5
2026/03/13,162.5,172.0,160.0,167.5
2026/03/16,171.5,175.0,168.0,175.0
2026/03/17,181.0,181.5,172.5,176.5
2026/03/18,179.5,181.0,172.5,173.5
2026/03/19,173.0,178.0,171.5,173.0
2026/03/20,177.5,183.0,170.5,173.5
2026/03/23,166.0,171.0,164.0,166.0
2026/03/24,171.0,175.0,165.0,167.0
2026/03/25,173.5,183.0,173.5,180.0
2026/03/26,183.0,190.0,172.0,172.0
2026/03/27,169.0,189.0,168.5,188.5
2026/03/30,186.0,188.0,172.0,179.0
2026/03/31,174.0,179.5,168.0,170.0
2026/04/01,180.0,184.5,176.0,178.0
2026/04/02,181.5,185.0,176.0,179.5
2026/04/07,185.0,197.0,181.5,197.0
2026/04/08,212.0,216.5,201.5,216.5
2026/04/09,223.0,229.0,213.5,226.0
2026/04/10,229.5,233.0,220.5,225.5
2026/04/13,227.0,248.0,226.0,248.0
2026/04/14,251.0,251.0,224.0,224.0
2026/04/15,231.0,245.0,230.0,243.0
2026/04/16,251.0,259.5,244.0,259.0
2026/04/20,265.5,266.5,251.0,251.5
2026/04/21,254.5,261.5,241.0,249.5
2026/04/22,251.5,251.5,240.0,241.5
2026/04/23,241.0,241.0,217.5,217.5
2026/04/24,217.0,217.0,203.5,208.5
2026/04/27,212.5,214.0,200.0,211.5
2026/04/28,212.5,222.0,209.5,217.5
2026/04/29,215.0,216.0,208.5,213.0
2026/04/30,214.5,222.5,212.5,216.0
2026/05/04,221.0,233.0,217.5,226.5
2026/05/05,228.0,233.0,221.5,233.0
