Date,Open,High,Low,Close
2005/06/30,63.3,63.5,62.8,63.4
2005/07/04,63.6,64.2,63.3,63.7
2005/07/05,63.9,67.4,63.9,66.3
2005/07/06,66.6,66.6,65.0,65.3
2005/07/07,65.6,67.0,65.3,65.6
2005/07/11,65.9,66.3,65.5,65.8
2005/07/12,66.3,68.4,66.1,67.1
2005/07/13,67.9,69.1,67.1,68.5
2005/07/14,68.8,69.4,67.2,67.2
2005/07/18,67.2,68.1,66.7,67.0
2005/07/19,67.8,67.9,66.7,66.7
2005/07/20,67.1,67.9,65.6,65.6
2005/07/21,65.6,65.9,63.2,63.2
2005/07/25,64.3,64.5,63.6,63.6
2005/07/26,64.3,64.3,63.5,63.6
2005/07/27,63.5,63.5,62.2,62.9
2005/07/28,63.2,65.8,63.1,64.7
2005/08/01,63.6,64.2,62.2,62.2
2005/08/02,62.9,63.6,62.7,63.1
2005/08/03,63.1,64.9,63.1,64.6
2005/08/08,63.9,67.0,63.9,66.1
2005/08/09,67.6,67.9,65.3,65.3
2005/08/10,65.6,66.5,63.4,63.6
2005/08/11,64.3,64.6,63.3,63.3
2005/08/15,63.0,63.7,62.7,63.0
2005/08/16,62.9,63.9,62.8,63.2
2005/08/17,64.5,64.9,63.9,63.9
2005/08/18,64.0,65.4,63.5,64.3
2005/08/22,63.8,64.0,62.7,62.7
2005/08/23,62.7,63.2,58.3,58.3
2005/08/24,58.7,60.2,58.7,59.2
2005/08/25,60.4,60.6,59.2,59.2
2005/08/29,56.6,56.6,53.6,55.2
2005/08/30,55.2,55.2,54.0,54.9
2005/09/01,55.9,57.7,55.2,57.1
2005/09/05,57.2,58.1,57.0,57.7
2005/09/06,57.7,58.3,57.4,57.7
2005/09/07,58.3,58.7,57.9,58.4
2005/09/08,57.9,58.4,57.4,57.8
2005/09/12,58.9,59.4,58.6,58.6
2005/09/13,58.6,58.6,57.5,57.7
2005/09/14,57.3,57.6,55.9,56.4
2005/09/15,56.3,56.9,55.4,55.9
2005/09/19,56.6,59.2,56.3,58.6
2005/09/20,59.0,60.1,58.6,59.2
2005/09/21,59.0,59.7,58.6,59.1
2005/09/22,59.5,59.6,57.3,57.7
2005/09/26,57.9,59.2,57.7,58.6
2005/09/27,58.7,59.7,58.6,59.3
2005/09/28,59.5,60.6,59.5,60.0
2005/09/29,60.4,61.4,60.4,60.4
2005/10/03,61.3,62.9,60.6,62.6
2005/10/04,62.6,65.6,62.5,64.0
2005/10/05,64.0,65.5,63.7,64.9
2005/10/06,65.2,65.3,64.0,64.3
2005/10/10,64.5,64.6,62.2,62.2
2005/10/11,61.8,62.2,61.1,62.2
2005/10/12,61.8,62.3,60.6,62.2
2005/10/13,62.5,62.7,61.3,61.5
2005/10/17,58.7,59.0,58.1,58.6
2005/10/18,58.3,58.3,56.5,57.1
2005/10/19,57.4,58.6,57.2,57.8
2005/10/20,57.0,58.5,57.0,57.5
2005/10/24,59.7,59.7,57.9,57.9
2005/10/25,57.9,58.8,56.3,56.6
2005/10/26,55.7,57.3,55.7,56.1
2005/10/27,55.6,57.2,55.6,57.2
2005/10/31,59.0,59.0,57.3,58.3
2005/11/01,58.3,59.3,57.7,58.5
2005/11/02,59.0,60.0,58.6,59.0
2005/11/03,59.2,59.8,58.0,58.1
2005/11/07,57.0,57.0,56.3,56.7
2005/11/08,56.7,57.8,56.7,57.6
2005/11/09,58.0,58.2,57.2,57.2
2005/11/10,57.7,58.4,57.3,58.3
2005/11/14,60.5,61.1,59.5,59.8
2005/11/15,59.8,60.3,59.0,59.4
2005/11/16,59.8,60.4,59.2,60.4
2005/11/17,61.1,62.2,60.8,61.3
2005/11/21,61.6,62.0,59.5,60.1
2005/11/22,60.4,61.4,59.9,60.4
2005/11/23,60.7,62.7,60.6,62.7
2005/11/24,65.2,67.0,64.6,66.3
2005/11/28,66.3,66.6,64.7,64.9
2005/11/29,64.9,67.4,64.9,66.7
2005/11/30,66.6,66.6,65.3,66.2
2005/12/01,67.7,67.7,64.9,65.0
2005/12/05,65.9,66.8,65.4,65.8
2005/12/06,66.3,66.3,64.3,64.6
2005/12/07,64.5,65.2,63.9,63.9
2005/12/08,63.9,65.0,63.8,64.8
2005/12/12,63.9,65.3,63.9,64.5
2005/12/13,64.9,65.2,63.4,63.6
2005/12/14,63.6,64.6,63.4,64.6
2005/12/15,65.2,65.9,64.8,65.4
2005/12/19,65.6,65.6,63.8,63.9
2005/12/20,64.5,64.9,63.9,64.4
2005/12/21,64.7,68.8,64.6,68.8
2005/12/22,70.2,73.6,70.2,73.6
2005/12/26,78.5,80.6,77.1,78.1
2005/12/27,77.1,79.5,75.0,79.5
2005/12/28,81.3,85.1,79.2,80.9
2005/12/29,80.9,81.3,79.2,80.2
2006/01/02,81.6,84.4,80.9,82.3
2006/01/03,84.0,85.8,78.8,79.9
2006/01/04,81.3,81.6,78.5,79.9
2006/01/05,80.6,83.4,80.2,80.2
2006/01/09,84.7,88.2,84.4,88.2
2006/01/10,89.6,91.0,84.7,86.8
2006/01/11,88.2,88.6,83.4,83.4
2006/01/13,82.7,85.8,80.2,83.4
2006/01/16,83.4,84.7,82.3,83.7
2006/01/17,84.7,86.5,83.4,83.7
2006/01/18,82.7,83.4,78.1,78.5
2006/01/19,79.2,79.9,73.3,75.0
2006/01/20,77.1,77.1,75.0,75.4
2006/01/23,72.9,72.9,70.2,70.5
2006/01/24,71.9,75.4,71.5,75.4
2006/01/25,77.1,78.8,76.1,76.4
2006/02/02,77.1,77.1,72.2,75.4
2006/02/03,78.5,78.5,75.4,75.7
2006/02/06,75.0,79.2,73.6,78.8
2006/02/07,78.5,81.6,77.4,80.2
2006/02/08,80.6,81.6,79.5,80.2
2006/02/09,82.0,82.3,78.5,78.8
2006/02/13,76.4,77.8,75.0,75.7
2006/02/14,75.7,80.6,75.7,80.6
2006/02/15,80.6,84.0,80.2,81.6
2006/02/16,82.3,82.7,80.9,81.6
2006/02/17,82.0,84.0,81.3,81.6
2006/02/20,81.3,81.3,78.5,79.5
2006/02/21,80.2,80.9,77.8,77.8
2006/02/22,77.8,78.8,74.0,74.3
2006/02/23,74.3,75.0,71.9,72.2
2006/02/24,72.9,75.7,71.9,75.4
2006/02/27,72.9,75.7,72.9,74.0
2006/03/01,72.9,78.5,72.9,77.1
2006/03/02,78.5,78.5,76.1,77.1
2006/03/03,77.1,77.8,74.7,75.0
2006/03/06,74.7,80.2,74.7,80.2
2006/03/07,82.7,82.7,82.7,82.7
2006/03/08,83.7,84.4,81.3,83.7
2006/03/10,82.7,84.4,81.6,82.3
2006/03/13,83.7,86.5,83.7,86.1
2006/03/14,86.8,88.9,84.7,84.7
2006/03/15,86.8,90.6,86.5,90.6
2006/03/16,92.4,95.9,89.6,89.6
2006/03/17,89.3,93.1,88.2,92.7
2006/03/20,95.2,97.2,94.5,94.5
2006/03/21,95.5,95.9,88.2,88.9
2006/03/22,87.5,91.0,86.8,88.9
2006/03/23,89.6,90.0,83.4,86.1
2006/03/24,84.0,86.1,83.7,84.7
2006/03/27,86.1,88.6,84.4,88.2
2006/03/28,88.9,91.3,88.2,89.3
2006/03/29,88.9,92.0,88.6,90.0
2006/03/30,92.0,93.1,90.3,90.6
2006/03/31,91.3,93.8,89.3,93.8
2006/04/03,93.8,95.5,92.7,93.8
2006/04/04,93.8,95.9,93.1,93.4
2006/04/06,94.8,95.5,93.1,94.1
2006/04/07,94.1,97.9,94.1,94.1
2006/04/10,94.1,95.9,92.4,92.4
2006/04/11,92.4,93.1,90.6,92.7
2006/04/12,91.3,94.5,91.3,93.4
2006/04/13,94.5,95.5,91.0,91.0
2006/04/14,91.3,92.0,88.6,90.3
2006/04/17,90.3,92.7,90.3,90.6
2006/04/18,90.6,92.0,90.3,91.0
2006/04/19,92.4,93.1,90.6,90.6
2006/04/20,91.0,95.5,90.6,94.1
2006/04/21,96.2,97.2,94.5,94.5
2006/04/24,93.8,94.1,90.6,91.0
2006/04/25,91.0,92.4,89.3,90.3
2006/04/26,90.6,91.3,88.6,90.0
2006/04/27,91.0,91.0,85.1,87.2
2006/04/28,87.9,91.0,87.2,91.0
2006/05/02,92.4,96.5,89.6,96.2
2006/05/03,100.0,101.4,97.9,97.9
2006/05/04,100.0,101.4,96.9,98.6
2006/05/05,100.0,100.7,97.2,98.3
2006/05/08,98.3,98.3,93.4,93.8
2006/05/09,93.1,95.2,92.4,93.8
2006/05/10,94.1,94.8,90.0,92.0
2006/05/11,91.7,94.5,91.7,93.1
2006/05/12,92.4,96.2,92.4,94.1
2006/05/15,93.8,93.8,91.7,92.4
2006/05/16,93.4,94.1,92.4,92.4
2006/05/17,95.9,98.6,94.5,98.6
2006/05/18,96.5,98.6,95.9,97.9
2006/05/19,97.9,102.1,96.9,99.3
2006/05/22,101.4,101.4,93.8,93.8
2006/05/23,91.7,93.1,88.9,88.9
2006/05/24,90.3,92.0,87.5,90.3
2006/05/25,90.0,90.3,86.8,88.6
2006/05/26,90.0,91.0,86.8,87.2
2006/05/29,87.5,88.6,85.1,86.8
2006/05/30,87.2,89.6,87.2,88.9
2006/06/01,89.6,91.0,88.6,88.6
2006/06/02,90.0,90.0,87.9,88.2
2006/06/05,88.2,88.2,82.3,82.3
2006/06/06,79.9,81.3,76.8,79.9
2006/06/07,79.2,79.2,75.7,77.1
2006/06/08,73.6,75.4,71.9,71.9
2006/06/09,70.8,73.3,67.7,73.3
2006/06/12,70.8,72.9,70.8,72.2
2006/06/13,70.2,70.8,68.8,69.5
2006/06/14,70.2,71.5,70.2,71.5
2006/06/15,72.2,72.6,69.1,69.5
2006/06/16,71.5,71.9,68.4,69.4
2006/06/19,69.5,69.5,66.0,66.3
2006/06/20,66.0,67.0,62.0,62.8
2006/06/21,62.8,63.1,58.8,59.0
2006/06/22,61.8,63.1,60.9,63.1
2006/06/23,63.6,67.5,63.2,67.5
2006/06/26,68.8,70.8,66.8,70.8
2006/06/27,70.5,71.5,69.5,69.5
2006/06/28,68.1,69.5,67.8,69.3
2006/06/29,70.8,73.3,70.8,71.2
2006/06/30,73.6,73.6,71.5,71.5
2006/07/03,71.5,72.6,71.2,71.5
2006/07/04,71.9,73.6,71.5,71.9
2006/07/05,71.2,71.9,69.8,70.2
2006/07/06,69.5,72.6,69.1,72.6
2006/07/07,72.6,75.0,71.5,73.3
2006/07/10,72.2,74.3,72.2,74.3
2006/07/11,73.6,77.1,73.6,75.7
2006/07/12,77.1,77.1,74.3,74.7
2006/07/13,73.6,75.0,72.2,73.6
2006/07/14,71.5,72.2,70.8,71.5
2006/07/17,70.8,71.5,66.7,67.4
2006/07/18,67.7,71.9,67.7,71.9
2006/07/19,72.9,76.4,72.9,74.7
2006/07/20,76.8,78.5,76.8,78.5
2006/07/21,76.1,78.1,76.1,78.1
2006/07/24,77.1,77.8,75.7,77.4
2006/07/25,79.2,80.6,78.1,78.5
2006/07/26,78.5,79.9,77.8,78.1
2006/07/27,77.8,79.2,76.4,79.2
2006/07/28,79.2,80.6,78.8,79.9
2006/07/31,80.9,80.9,78.1,78.1
2006/08/01,78.8,78.8,76.8,77.1
2006/08/02,77.1,79.9,77.1,78.8
2006/08/03,78.2,79.4,77.8,79.4
2006/08/04,81.4,81.4,79.2,79.5
2006/08/07,79.5,79.5,77.8,78.4
2006/08/08,78.8,81.7,78.8,81.5
2006/08/09,81.1,83.0,81.1,82.4
2006/08/10,81.6,84.9,81.6,82.8
2006/08/11,83.2,84.1,81.7,81.8
2006/08/14,82.2,83.2,81.9,82.2
2006/08/15,82.2,82.7,81.7,81.7
2006/08/16,82.7,82.7,80.7,81.3
2006/08/17,81.6,82.0,80.3,80.4
2006/08/18,80.4,82.2,80.4,80.7
2006/08/21,80.7,81.0,75.4,75.7
2006/08/22,75.6,77.4,75.6,77.2
2006/08/23,77.2,78.7,75.8,78.2
2006/08/24,77.8,78.9,77.3,77.7
2006/08/25,77.8,78.7,76.0,76.1
2006/08/28,76.1,76.6,74.1,74.7
2006/08/29,75.3,77.7,75.0,77.0
2006/08/30,78.1,81.1,77.8,80.2
2006/08/31,81.6,82.4,80.7,81.0
2006/09/01,81.2,81.8,80.5,80.9
2006/09/04,81.2,83.7,81.2,82.2
2006/09/05,82.2,82.9,80.7,80.8
2006/09/06,80.4,82.4,79.9,81.0
2006/09/07,80.6,81.4,79.9,80.8
2006/09/08,80.3,82.8,80.3,81.4
2006/09/11,82.8,87.0,82.6,87.0
2006/09/12,87.4,87.4,82.8,83.1
2006/09/13,84.5,84.5,80.7,81.6
2006/09/14,81.6,82.0,76.2,77.5
2006/09/15,77.1,79.5,77.0,79.4
2006/09/18,81.5,82.2,80.9,81.6
2006/09/19,81.5,81.5,80.2,80.2
2006/09/20,79.2,81.2,79.2,81.0
2006/09/21,81.9,83.0,81.0,81.2
2006/09/22,81.7,82.2,81.2,81.4
2006/09/25,81.6,82.2,81.1,82.1
2006/09/26,82.7,83.7,81.8,82.0
2006/09/27,83.0,83.1,80.3,80.7
2006/09/28,80.7,81.2,78.7,79.2
2006/09/29,79.7,80.1,79.3,79.9
2006/10/02,78.7,79.8,78.2,78.7
2006/10/03,78.4,79.9,78.3,79.7
2006/10/04,79.9,79.9,78.7,78.7
2006/10/05,79.4,79.6,78.7,79.6
2006/10/10,79.6,79.6,79.6,79.6
2006/10/11,79.6,79.8,77.4,77.6
2006/10/12,77.7,78.7,77.7,77.8
2006/10/13,78.2,78.7,77.9,78.1
2006/10/16,76.9,77.4,76.4,76.7
2006/10/17,76.8,77.4,76.2,76.2
2006/10/18,75.7,76.3,75.3,75.9
2006/10/19,75.9,77.1,74.9,75.7
2006/10/20,76.0,76.6,76.0,76.2
2006/10/23,76.2,76.3,75.3,75.6
2006/10/24,75.7,76.7,75.6,75.6
2006/10/25,75.6,75.7,75.1,75.7
2006/10/26,75.9,76.3,75.4,75.6
2006/10/27,76.2,77.2,75.7,76.4
2006/10/30,77.2,78.7,76.7,77.3
2006/10/31,77.3,77.9,77.0,77.2
2006/11/01,77.2,77.2,76.2,76.6
2006/11/02,76.6,77.7,76.6,77.2
2006/11/03,77.2,77.7,76.6,76.6
2006/11/06,74.9,75.7,74.1,74.9
2006/11/07,75.0,75.9,75.0,75.1
2006/11/08,75.1,76.0,74.9,75.1
2006/11/09,75.2,75.7,74.5,74.9
2006/11/10,74.9,75.7,74.7,75.7
2006/11/13,79.9,81.0,77.0,77.0
2006/11/14,77.4,77.8,75.9,76.2
2006/11/15,76.3,77.0,76.2,76.2
2006/11/16,76.2,76.8,76.0,76.0
2006/11/17,76.2,76.7,75.3,75.3
2006/11/20,75.7,76.2,75.1,76.1
2006/11/21,76.1,76.5,75.6,75.7
2006/11/22,76.6,78.2,76.6,76.6
2006/11/23,77.8,78.1,76.7,76.7
2006/11/24,77.0,77.2,76.1,76.7
2006/11/27,77.7,77.7,76.6,76.6
2006/11/28,76.1,76.2,75.3,75.4
2006/11/29,75.6,76.2,75.1,75.1
2006/11/30,75.3,75.7,75.0,75.1
2006/12/01,75.3,75.7,75.1,75.1
2006/12/04,75.2,75.3,72.4,72.8
2006/12/05,73.2,74.1,72.4,72.5
2006/12/06,73.2,73.7,72.6,73.3
2006/12/07,73.9,73.9,72.6,72.6
2006/12/08,72.6,73.2,72.6,72.8
2006/12/11,73.2,73.2,72.5,72.5
2006/12/12,72.6,72.7,70.0,70.2
2006/12/13,70.2,71.3,70.2,70.7
2006/12/14,70.8,73.1,70.8,72.4
2006/12/15,72.5,73.1,71.2,71.2
2006/12/18,72.2,72.2,71.2,71.2
2006/12/19,71.2,71.8,71.2,71.3
2006/12/20,71.6,74.3,71.3,74.1
2006/12/21,74.8,75.0,72.7,72.8
2006/12/22,73.3,74.7,73.3,73.9
2006/12/25,74.4,75.7,73.9,74.6
2006/12/26,75.3,75.3,73.7,74.0
2006/12/27,74.1,74.8,73.7,73.7
2006/12/28,74.1,74.5,73.5,73.6
2006/12/29,74.0,74.3,73.7,73.9
2007/01/01,73.9,73.9,73.9,73.9
2007/01/02,74.0,76.3,74.0,75.3
2007/01/03,76.6,78.0,75.7,77.2
2007/01/04,78.2,81.0,77.6,79.7
2007/01/05,80.6,80.6,78.2,78.7
2007/01/08,78.2,78.6,77.1,77.1
2007/01/09,77.1,80.6,77.1,79.6
2007/01/10,79.7,81.1,78.7,79.6
2007/01/11,80.7,81.7,77.6,78.2
2007/01/12,80.3,80.5,79.1,79.2
2007/01/15,81.3,82.8,80.2,81.6
2007/01/16,82.2,82.7,80.1,80.2
2007/01/17,81.2,82.2,80.8,81.1
2007/01/18,81.7,82.2,80.6,81.2
2007/01/19,81.9,83.7,81.6,82.0
2007/01/22,83.1,87.4,82.0,87.4
2007/01/23,87.4,92.8,86.1,89.9
2007/01/24,91.6,93.2,89.9,89.9
2007/01/25,92.4,94.9,91.1,93.2
2007/01/26,91.6,92.8,89.9,90.7
2007/01/29,90.7,91.1,87.0,87.0
2007/01/30,88.2,89.1,84.9,87.4
2007/01/31,88.2,89.9,86.1,88.2
2007/02/01,89.9,91.1,88.2,89.5
2007/02/02,90.7,93.2,90.3,92.0
2007/02/05,93.2,93.2,89.5,89.5
2007/02/06,89.5,92.4,89.5,91.1
2007/02/07,91.1,91.1,87.4,87.8
2007/02/08,88.6,92.0,88.6,91.1
2007/02/09,91.1,92.0,89.9,92.0
2007/02/12,92.0,92.4,90.3,90.3
2007/02/13,90.7,93.6,90.3,90.7
2007/02/14,91.1,92.4,89.5,91.6
2007/02/26,93.6,93.6,89.9,89.9
2007/02/27,90.3,91.1,89.9,90.3
2007/03/01,86.1,88.6,86.1,88.6
2007/03/02,87.4,89.9,87.4,87.8
2007/03/05,88.2,89.1,82.9,83.2
2007/03/06,84.9,85.3,82.0,84.5
2007/03/07,85.3,88.6,85.3,87.0
2007/03/08,87.0,92.8,87.0,92.8
2007/03/09,94.1,96.1,90.7,90.7
2007/03/12,92.4,94.5,91.6,91.6
2007/03/13,92.8,94.9,92.0,92.4
2007/03/14,90.3,94.5,89.9,92.0
2007/03/15,94.1,96.1,93.2,93.6
2007/03/16,94.1,95.3,92.4,92.4
2007/03/20,92.8,94.9,92.4,92.8
2007/03/21,93.2,94.9,92.4,92.4
2007/03/22,93.6,93.6,91.6,92.0
2007/03/23,92.0,93.2,91.6,93.2
2007/03/26,93.6,99.5,93.6,99.5
2007/03/27,99.1,99.9,95.7,96.6
2007/03/28,96.6,97.8,95.3,95.3
2007/03/29,95.3,97.4,95.3,95.7
2007/03/30,96.6,97.0,94.1,94.9
2007/04/02,94.9,95.7,92.4,92.4
2007/04/03,93.2,94.9,92.8,94.5
2007/04/04,94.5,100.3,94.5,96.1
2007/04/09,97.0,97.4,93.6,94.1
2007/04/10,94.1,94.5,89.1,91.6
2007/04/11,91.6,93.6,87.8,89.9
2007/04/12,89.9,92.4,89.9,90.7
2007/04/13,90.7,92.0,88.6,89.5
2007/04/16,87.0,87.8,82.8,84.1
2007/04/17,84.5,84.5,81.6,82.6
2007/04/18,84.1,85.7,82.6,85.7
2007/04/19,85.7,86.1,84.5,84.9
2007/04/20,86.1,87.4,84.9,87.0
2007/04/23,88.2,88.6,85.3,85.3
2007/04/24,85.3,88.6,84.1,88.6
2007/04/25,88.6,88.6,85.7,87.0
2007/04/26,88.2,88.2,84.5,85.3
2007/04/27,85.3,86.6,85.3,85.3
2007/04/30,85.3,85.7,83.2,83.2
2007/05/02,84.9,88.6,83.7,84.9
2007/05/03,86.1,86.1,83.7,84.9
2007/05/04,84.9,85.7,83.2,84.5
2007/05/07,84.5,85.7,83.7,84.9
2007/05/08,85.7,89.9,85.7,89.5
2007/05/09,89.9,91.6,89.1,89.1
2007/05/10,90.3,91.1,88.6,89.5
2007/05/11,88.6,90.7,88.2,88.6
2007/05/14,89.1,89.5,86.6,87.0
2007/05/15,87.0,87.4,85.7,85.7
2007/05/16,85.7,86.6,85.3,85.7
2007/05/17,86.1,87.4,85.7,85.7
2007/05/18,86.6,86.6,84.9,84.9
2007/05/21,85.3,89.1,84.5,87.4
2007/05/22,87.8,90.3,87.8,89.1
2007/05/23,89.9,90.3,88.2,88.2
2007/05/24,88.6,94.1,88.2,94.1
2007/05/25,95.3,99.9,95.3,97.8
2007/05/28,99.9,102.0,98.2,98.6
2007/05/29,99.9,100.3,97.4,99.1
2007/05/30,100.3,103.6,99.1,101.1
2007/05/31,103.2,103.2,99.1,101.5
2007/06/01,104.0,106.5,103.2,104.0
2007/06/04,104.9,107.4,103.2,105.3
2007/06/05,106.5,106.5,104.0,106.1
2007/06/06,106.5,107.8,99.9,101.1
2007/06/07,100.7,102.8,99.1,101.5
2007/06/08,99.1,102.4,99.1,100.7
2007/06/11,102.8,107.4,102.8,107.4
2007/06/12,110.7,111.5,107.8,108.2
2007/06/13,108.6,113.6,107.4,112.4
2007/06/14,116.5,116.5,111.1,111.5
2007/06/15,112.4,113.2,109.0,110.7
2007/06/20,112.4,113.6,108.2,108.2
2007/06/21,109.5,112.8,109.5,109.9
2007/06/22,112.4,117.4,112.4,117.4
2007/06/25,121.9,124.0,119.0,120.7
2007/06/26,120.7,122.4,117.4,117.8
2007/06/27,116.5,119.9,116.5,119.0
2007/06/28,119.9,119.9,111.5,114.0
2007/06/29,114.0,116.1,112.4,115.7
2007/07/02,115.7,116.1,112.0,115.7
2007/07/03,117.4,123.6,117.4,123.6
2007/07/04,125.7,126.9,120.3,120.7
2007/07/05,122.4,123.6,121.1,121.5
2007/07/06,122.4,123.2,119.0,119.0
2007/07/09,121.1,126.1,119.9,123.6
2007/07/10,124.4,125.7,121.5,122.4
2007/07/11,120.7,124.0,116.9,116.9
2007/07/12,119.0,120.3,117.4,117.4
2007/07/13,119.9,119.9,112.4,112.8
2007/07/16,113.2,114.4,106.5,107.4
2007/07/17,109.0,111.5,107.8,110.3
2007/07/18,111.1,112.8,109.0,109.0
2007/07/19,109.9,111.5,109.0,109.9
2007/07/20,112.0,117.4,110.7,117.4
2007/07/23,116.5,120.7,116.5,118.2
2007/07/24,119.9,119.9,113.2,114.0
2007/07/25,112.4,117.4,110.7,115.7
2007/07/26,116.5,117.4,110.7,110.7
2007/07/27,108.2,115.7,108.2,110.7
2007/07/30,112.4,113.6,108.2,109.9
2007/07/31,111.1,112.8,109.9,109.9
2007/08/01,109.9,112.0,105.3,105.3
2007/08/02,109.5,109.5,98.2,101.5
2007/08/03,103.2,107.0,102.4,104.5
2007/08/06,99.9,103.2,99.9,102.8
2007/08/07,104.0,105.3,99.1,99.5
2007/08/08,100.3,106.1,99.9,106.1
2007/08/09,103.9,106.2,102.5,106.2
2007/08/10,103.4,109.9,100.7,108.9
2007/08/13,112.6,113.1,108.9,110.3
2007/08/14,110.3,110.8,105.3,106.2
2007/08/15,102.5,104.4,98.9,98.9
2007/08/16,96.1,98.4,92.9,96.1
2007/08/17,95.2,97.5,91.5,93.4
2007/08/20,98.9,99.8,96.6,99.8
2007/08/21,99.8,102.5,95.7,95.7
2007/08/22,96.1,98.0,93.4,98.0
2007/08/23,100.7,103.0,99.8,102.1
2007/08/24,102.5,108.9,101.2,108.9
2007/08/27,113.1,116.3,109.9,110.3
2007/08/28,110.8,113.5,108.9,110.8
2007/08/29,106.2,109.4,106.2,108.9
2007/08/30,110.8,111.7,101.6,102.5
2007/08/31,100.7,103.0,97.0,101.2
2007/09/03,99.8,102.1,98.4,99.3
2007/09/04,99.8,100.7,98.9,100.2
2007/09/05,101.6,103.4,101.2,101.2
2007/09/06,101.2,103.9,99.3,102.5
2007/09/07,103.4,106.2,102.5,104.4
2007/09/10,101.6,103.9,101.6,102.5
2007/09/11,102.5,104.4,99.8,101.2
2007/09/12,102.1,103.0,98.9,99.3
2007/09/13,99.3,99.8,96.6,96.6
2007/09/14,97.0,98.4,95.2,97.0
2007/09/17,98.0,98.4,90.6,91.5
2007/09/19,93.4,93.8,85.1,85.1
2007/09/20,85.1,87.2,82.4,83.3
2007/09/21,84.7,86.8,83.6,86.8
2007/09/26,88.8,89.3,87.4,89.3
2007/09/27,90.6,95.2,90.5,95.2
2007/09/28,98.0,101.2,97.0,98.9
2007/10/01,103.4,106.7,101.6,103.4
2007/10/02,106.2,106.2,102.5,103.0
2007/10/03,103.0,103.9,100.2,101.2
2007/10/04,101.2,108.0,99.8,108.0
2007/10/05,108.0,110.8,106.7,109.9
2007/10/08,112.6,114.0,107.1,107.1
2007/10/09,108.0,109.4,104.4,108.0
2007/10/11,108.9,108.9,105.3,105.3
2007/10/12,105.3,107.1,103.0,103.4
2007/10/15,103.4,104.4,102.5,103.0
2007/10/16,102.1,108.0,102.1,105.7
2007/10/17,106.2,106.2,103.4,103.9
2007/10/18,104.8,110.8,104.8,110.8
2007/10/19,110.8,112.6,108.9,110.8
2007/10/22,106.2,113.1,106.2,111.7
2007/10/23,113.5,119.5,113.5,119.5
2007/10/24,119.5,119.5,112.1,112.1
2007/10/25,113.5,116.3,112.6,114.4
2007/10/26,116.3,116.7,109.9,111.2
2007/10/29,112.6,114.0,111.7,113.5
2007/10/30,113.5,113.5,106.2,113.5
2007/10/31,112.6,112.6,108.0,109.9
2007/11/01,111.7,114.4,109.9,110.3
2007/11/02,105.7,108.9,105.7,107.6
2007/11/05,107.1,108.5,103.4,104.8
2007/11/06,106.2,111.7,106.2,108.9
2007/11/07,111.7,112.6,108.5,108.9
2007/11/08,106.2,107.1,101.6,101.6
2007/11/09,101.6,101.6,94.8,100.7
2007/11/12,96.6,99.8,95.2,98.0
2007/11/13,99.8,104.4,97.0,104.4
2007/11/14,108.0,111.2,107.1,111.2
2007/11/15,112.1,113.5,110.8,111.2
2007/11/16,108.0,112.6,108.0,111.7
2007/11/19,114.4,118.6,108.0,110.8
2007/11/20,108.0,117.2,108.0,116.7
2007/11/21,116.3,116.7,114.0,115.3
2007/11/22,113.5,119.9,113.5,117.2
2007/11/23,119.0,119.5,112.1,112.1
2007/11/26,115.3,115.3,109.9,110.8
2007/11/27,108.0,114.0,106.2,112.6
2007/11/28,114.4,114.4,108.9,108.9
2007/11/29,112.6,112.6,106.2,106.2
2007/11/30,105.3,106.7,104.4,106.7
2007/12/03,105.3,105.3,105.3,105.3
2007/12/04,105.3,109.4,105.3,109.4
2007/12/05,108.5,116.7,108.5,116.7
2007/12/06,118.1,122.2,115.8,116.7
2007/12/07,118.1,123.1,118.1,119.5
2007/12/10,119.5,119.9,111.2,111.2
2007/12/11,108.0,111.7,108.0,111.7
2007/12/12,108.9,111.7,108.5,111.7
2007/12/13,111.7,114.4,105.7,106.7
2007/12/14,106.7,109.4,99.3,104.4
2007/12/17,103.9,105.3,97.5,97.5
2007/12/18,94.8,100.2,90.7,98.0
2007/12/19,100.7,104.4,99.8,102.5
2007/12/20,102.5,103.0,97.5,97.5
2007/12/21,98.9,101.6,97.5,101.2
2007/12/24,103.4,107.1,103.0,106.2
2007/12/25,106.2,107.1,103.4,105.3
2007/12/26,103.4,107.6,102.5,104.8
2007/12/27,103.4,106.7,99.8,100.7
2007/12/28,98.0,100.2,94.3,99.3
2007/12/31,99.3,100.2,97.0,100.2
2008/01/02,100.7,105.3,99.3,100.7
2008/01/03,97.5,99.8,93.8,94.8
2008/01/04,92.5,93.4,88.3,90.4
2008/01/07,84.3,85.1,84.0,84.0
2008/01/08,82.4,82.4,78.2,79.6
2008/01/09,74.6,78.1,74.6,78.1
2008/01/10,81.3,82.4,78.7,79.4
2008/01/11,80.7,81.9,78.5,78.7
2008/01/14,79.9,80.0,75.6,76.3
2008/01/15,78.0,79.5,75.8,76.1
2008/01/16,74.6,75.4,72.3,73.1
2008/01/17,75.1,78.1,71.9,78.1
2008/01/18,76.2,81.8,76.0,80.6
2008/01/21,80.6,81.5,78.7,79.1
2008/01/22,73.6,74.6,73.6,73.6
2008/01/23,75.1,75.1,68.5,68.5
2008/01/24,69.7,70.5,64.3,64.3
2008/01/25,65.9,68.8,65.5,68.8
2008/01/28,67.7,68.4,64.0,64.2
2008/01/29,65.0,65.9,64.0,65.0
2008/01/30,66.1,67.8,64.6,67.3
2008/01/31,67.7,67.7,63.2,65.5
2008/02/01,65.9,67.3,64.3,64.8
2008/02/12,64.1,64.6,60.3,60.3
2008/02/13,57.7,59.4,56.1,56.8
2008/02/14,59.0,60.7,58.8,60.7
2008/02/15,60.2,64.9,57.7,64.9
2008/02/18,69.1,69.4,67.7,69.4
2008/02/19,73.7,74.2,70.1,71.3
2008/02/20,71.3,71.9,68.8,69.7
2008/02/21,71.4,73.9,70.6,73.8
2008/02/22,72.9,74.2,71.6,73.5
2008/02/25,75.9,77.5,74.2,74.9
2008/02/26,76.0,76.0,73.1,74.0
2008/02/27,74.9,76.3,74.4,75.0
2008/02/29,73.9,76.4,73.8,76.0
2008/03/03,73.2,74.1,70.8,72.4
2008/03/04,72.3,75.0,72.2,73.8
2008/03/05,75.1,75.5,73.7,74.0
2008/03/06,74.7,77.9,74.6,77.9
2008/03/07,76.6,78.4,76.0,77.9
2008/03/10,79.6,79.6,77.9,77.9
2008/03/11,76.1,77.9,76.1,77.0
2008/03/12,79.6,80.1,77.8,78.8
2008/03/13,79.2,80.6,77.0,77.0
2008/03/14,79.0,79.6,77.2,78.2
2008/03/17,76.9,77.8,73.2,76.4
2008/03/18,76.5,77.4,75.3,77.4
2008/03/19,79.2,79.2,77.0,77.4
2008/03/20,76.9,77.8,75.5,77.2
2008/03/21,76.9,79.0,76.5,77.2
2008/03/24,80.1,80.4,77.7,78.1
2008/03/25,79.2,81.5,78.7,80.2
2008/03/26,81.1,81.1,77.9,78.0
2008/03/27,77.2,78.7,75.5,78.7
2008/03/28,79.2,79.9,77.8,79.6
2008/03/31,80.7,82.5,80.1,81.9
2008/04/01,82.5,82.5,79.3,79.3
2008/04/02,80.6,81.9,80.1,80.6
2008/04/03,81.4,84.2,80.7,82.6
2008/04/07,83.8,84.0,81.7,82.4
2008/04/08,83.2,83.7,81.8,81.8
2008/04/09,82.4,82.4,79.7,80.3
2008/04/10,80.3,81.4,80.3,81.3
2008/04/11,82.4,82.5,79.6,79.6
2008/04/14,78.7,80.9,78.7,80.5
2008/04/15,81.3,82.8,80.6,81.3
2008/04/16,82.4,83.9,81.9,83.2
2008/04/17,87.4,89.0,86.3,89.0
2008/04/18,88.8,95.2,88.2,91.5
2008/04/21,94.8,94.8,91.5,92.5
2008/04/22,93.4,96.6,90.6,95.2
2008/04/23,94.8,101.2,93.8,98.4
2008/04/24,98.4,101.6,98.0,100.7
2008/04/25,101.6,102.1,97.0,100.7
2008/04/28,100.7,100.7,94.3,97.0
2008/04/29,95.2,97.0,91.5,95.2
2008/04/30,94.3,96.6,93.4,94.8
2008/05/02,96.1,99.3,95.2,98.9
2008/05/05,98.9,100.2,96.6,98.9
2008/05/06,98.9,102.5,97.0,101.2
2008/05/07,102.5,104.4,98.9,99.8
2008/05/08,98.4,98.4,98.4,98.4
2008/05/09,98.4,98.4,94.3,94.8
2008/05/12,95.7,96.6,93.4,96.1
2008/05/13,97.0,99.8,96.1,98.0
2008/05/14,98.0,100.2,98.0,98.4
2008/05/15,99.3,105.3,98.4,105.3
2008/05/16,105.3,107.6,104.4,104.8
2008/05/19,106.2,106.7,102.5,102.5
2008/05/20,103.0,105.7,102.5,103.0
2008/05/21,103.0,104.4,102.1,102.1
2008/05/22,100.7,103.4,100.2,102.5
2008/05/23,102.5,103.0,95.7,96.1
2008/05/26,96.1,96.1,89.4,89.4
2008/05/27,89.0,89.6,84.2,89.4
2008/05/28,89.4,90.2,85.1,85.1
2008/05/29,86.1,88.2,85.0,86.0
2008/05/30,86.9,87.0,83.0,86.1
2008/06/02,86.1,88.0,85.1,86.7
2008/06/03,85.2,87.7,85.2,86.1
2008/06/04,85.6,86.0,80.7,82.4
2008/06/05,82.4,84.0,80.5,83.9
2008/06/06,84.8,85.0,81.5,82.2
2008/06/09,78.7,79.1,76.6,77.6
2008/06/10,77.4,79.2,77.4,77.6
2008/06/11,78.5,78.5,74.8,76.0
2008/06/12,74.6,74.6,71.4,72.0
2008/06/13,74.2,75.0,71.7,74.5
2008/06/16,75.5,75.5,72.3,73.1
2008/06/17,73.2,74.9,72.1,74.5
2008/06/18,73.7,76.6,73.2,76.2
2008/06/19,75.1,75.5,74.2,74.5
2008/06/20,75.0,75.9,72.3,72.3
2008/06/23,71.4,72.7,70.5,71.6
2008/06/24,71.6,72.5,69.6,69.6
2008/06/25,69.7,70.6,66.8,69.5
2008/06/26,64.6,66.6,64.6,65.9
2008/06/27,61.3,63.1,61.3,61.8
2008/06/30,64.6,64.6,60.4,60.5
2008/07/01,61.2,62.3,60.4,61.8
2008/07/02,62.7,65.8,62.3,64.8
2008/07/03,63.0,68.7,62.7,68.7
2008/07/04,69.6,69.6,65.0,65.2
2008/07/07,65.8,67.5,65.2,67.4
2008/07/08,67.2,67.2,63.3,64.1
2008/07/09,66.8,68.6,65.5,67.1
2008/07/10,66.8,67.7,65.7,66.5
2008/07/11,66.6,67.7,65.9,67.6
2008/07/14,68.3,70.0,67.1,67.3
2008/07/15,67.0,67.0,63.0,63.6
2008/07/16,63.9,64.9,61.8,62.4
2008/07/17,64.5,65.5,64.1,64.9
2008/07/18,65.8,66.7,62.7,63.2
2008/07/21,64.5,65.9,64.5,65.9
2008/07/22,65.9,70.5,65.5,70.5
2008/07/23,73.2,75.3,73.0,75.3
2008/07/24,74.9,76.3,74.7,75.3
2008/07/25,73.2,75.3,73.2,75.3
2008/07/29,74.2,74.8,72.8,73.5
2008/07/30,75.0,75.3,70.9,73.2
2008/07/31,74.4,74.6,68.3,69.6
2008/08/01,67.3,69.9,65.5,68.8
2008/08/04,68.7,69.6,67.7,69.2
2008/08/05,69.9,70.4,67.1,67.1
2008/08/06,69.6,71.8,68.7,71.8
2008/08/07,72.8,75.1,72.3,72.9
2008/08/08,73.1,75.5,72.8,74.5
2008/08/11,75.2,76.7,73.3,74.2
2008/08/12,74.7,77.6,73.8,76.4
2008/08/13,76.8,78.3,75.8,77.6
2008/08/14,77.4,78.2,76.3,76.9
2008/08/15,77.5,78.7,75.1,75.3
2008/08/18,75.1,75.3,72.9,72.9
2008/08/19,71.0,75.3,70.9,74.4
2008/08/20,74.2,76.5,73.5,75.5
2008/08/21,75.9,78.3,75.8,76.0
2008/08/22,76.4,76.6,72.4,74.0
2008/08/25,74.2,74.5,72.3,73.2
2008/08/26,72.8,72.8,71.8,72.2
2008/08/27,71.4,75.1,71.4,74.7
2008/08/28,74.2,77.4,73.9,76.3
2008/08/29,73.0,75.4,73.0,75.4
2008/09/01,75.3,75.5,72.1,72.3
2008/09/02,72.3,74.0,71.4,72.6
2008/09/03,72.6,72.6,67.6,67.6
2008/09/04,67.6,70.6,67.3,68.1
2008/09/05,67.4,69.5,66.3,68.0
2008/09/08,72.1,72.7,70.5,72.7
2008/09/09,71.6,72.2,67.7,67.7
2008/09/10,67.4,69.5,65.8,67.8
2008/09/11,67.8,68.4,65.6,65.6
2008/09/12,66.8,67.7,62.5,67.2
2008/09/15,65.8,67.5,65.0,65.4
2008/09/16,62.5,63.3,60.8,60.8
2008/09/17,63.4,65.1,63.3,65.0
2008/09/18,60.5,64.9,60.5,64.0
2008/09/19,68.4,68.4,67.3,68.4
2008/09/22,70.2,70.4,68.1,69.1
2008/09/23,67.8,70.6,67.8,70.6
2008/09/24,70.2,72.3,69.2,70.6
2008/09/25,69.2,70.6,67.3,67.8
2008/09/26,68.2,68.2,63.1,63.1
2008/09/30,58.7,58.7,58.7,58.7
2008/10/01,59.7,62.5,58.7,60.1
2008/10/02,60.1,61.6,56.2,57.3
2008/10/03,55.6,57.8,53.4,57.7
2008/10/06,54.3,55.3,53.6,53.6
2008/10/07,49.9,51.9,49.9,50.3
2008/10/08,47.5,48.3,46.8,46.8
2008/10/09,44.9,46.3,43.5,43.5
2008/10/13,42.0,42.0,42.0,42.0
2008/10/14,44.9,44.9,44.6,44.9
2008/10/15,44.9,44.9,43.4,43.4
2008/10/16,41.9,41.9,41.9,41.9
2008/10/17,40.5,41.3,40.5,40.5
2008/10/20,39.1,41.7,39.1,41.4
2008/10/21,41.8,43.2,40.0,40.7
2008/10/22,39.3,41.3,39.3,39.3
2008/10/23,37.9,37.9,37.9,37.9
2008/10/24,36.6,36.6,36.6,36.6
2008/10/27,34.1,35.1,34.1,34.1
2008/10/28,31.7,36.4,31.7,36.4
2008/10/29,38.9,38.9,33.9,34.0
2008/10/30,34.6,36.4,34.1,36.4
2008/10/31,36.5,38.7,36.5,37.9
2008/11/03,38.4,40.0,36.8,39.8
2008/11/04,39.4,40.2,37.5,39.8
2008/11/05,40.2,40.4,37.6,37.6
2008/11/06,35.1,35.9,35.0,35.0
2008/11/07,32.7,35.8,32.7,35.4
2008/11/10,35.0,36.0,34.2,34.8
2008/11/11,34.2,34.7,32.7,32.8
2008/11/12,32.2,34.1,32.2,33.1
2008/11/13,32.0,32.2,30.8,30.8
2008/11/14,32.2,32.2,28.6,29.3
2008/11/17,27.4,28.5,27.3,27.3
2008/11/18,25.4,25.9,25.4,25.4
2008/11/19,24.5,27.2,23.8,27.2
2008/11/20,25.3,26.2,25.3,25.3
2008/11/21,23.8,27.1,23.8,27.1
2008/11/24,27.3,27.3,25.2,25.2
2008/11/25,26.0,26.9,26.0,26.0
2008/11/26,26.0,26.8,25.6,26.5
2008/11/27,27.1,28.4,27.0,28.4
2008/11/28,28.8,29.3,28.4,28.6
2008/12/01,28.6,29.5,27.6,28.7
2008/12/02,26.8,27.0,26.8,26.8
2008/12/03,26.1,26.4,24.9,24.9
2008/12/04,25.0,25.9,24.1,24.3
2008/12/05,24.1,25.1,23.9,23.9
2008/12/08,24.1,25.6,24.1,25.6
2008/12/09,26.0,26.8,26.0,26.1
2008/12/10,26.0,28.0,26.0,28.0
2008/12/11,28.2,29.7,28.2,28.9
2008/12/12,29.0,30.9,28.7,30.1
2008/12/15,32.1,32.2,31.0,31.8
2008/12/16,31.2,31.3,29.7,30.3
2008/12/17,30.9,31.7,28.8,29.4
2008/12/18,29.7,30.1,28.6,29.8
2008/12/19,29.8,30.9,29.6,30.2
2008/12/22,30.4,30.7,28.3,28.4
2008/12/23,28.0,28.3,26.5,27.0
2008/12/24,26.0,27.4,26.0,26.9
2008/12/25,27.4,27.7,26.4,27.1
2008/12/26,26.7,27.7,26.7,27.2
2008/12/29,27.1,27.2,26.8,26.9
2008/12/30,27.2,28.8,27.2,28.8
2008/12/31,29.5,29.5,28.7,28.8
2009/01/05,29.8,30.7,29.8,30.4
2009/01/06,30.7,31.2,30.2,30.9
2009/01/07,31.5,33.1,31.5,32.5
2009/01/08,31.5,31.7,30.2,30.2
2009/01/09,29.6,29.9,28.8,29.4
2009/01/12,29.1,29.7,28.2,28.4
2009/01/13,28.0,29.8,28.0,29.7
2009/01/14,30.1,30.9,29.8,30.1
2009/01/15,28.1,28.8,28.1,28.3
2009/01/16,28.8,29.7,28.6,29.6
2009/01/19,30.4,30.4,29.3,29.4
2009/01/20,29.3,29.3,28.1,28.5
2009/01/21,27.4,28.6,27.4,28.1
2009/02/02,28.0,28.7,27.9,28.4
2009/02/03,29.1,30.2,28.6,30.0
2009/02/04,30.5,31.2,30.0,30.8
2009/02/05,30.3,30.8,29.4,29.4
2009/02/06,30.2,31.4,30.0,31.4
2009/02/09,32.9,33.6,32.3,32.5
2009/02/10,32.4,33.5,32.1,33.1
2009/02/11,32.4,34.5,32.0,34.5
2009/02/12,34.3,34.3,32.1,32.1
2009/02/13,32.1,33.7,32.1,33.2
2009/02/16,33.4,34.3,33.2,33.4
2009/02/17,33.2,33.7,32.0,32.4
2009/02/18,31.9,32.1,31.2,31.6
2009/02/19,31.6,32.9,31.2,32.2
2009/02/20,31.6,32.6,31.6,32.0
2009/02/23,31.8,33.8,31.5,33.8
2009/02/24,32.8,33.6,32.8,33.4
2009/02/25,34.2,34.7,33.2,33.4
2009/02/26,33.8,34.4,33.5,33.8
2009/02/27,33.8,35.1,33.5,34.7
2009/03/02,34.4,36.1,33.9,34.5
2009/03/03,34.3,34.8,32.7,34.8
2009/03/04,35.1,37.2,35.1,37.0
2009/03/05,38.3,39.5,38.3,39.5
2009/03/06,39.7,40.9,38.9,40.0
2009/03/09,40.0,40.0,38.4,39.4
2009/03/10,39.4,41.3,39.3,40.1
2009/03/11,40.9,41.0,39.3,39.4
2009/03/12,39.4,40.9,39.4,40.1
2009/03/13,41.3,42.7,40.9,42.2
2009/03/16,42.3,43.3,41.7,42.0
2009/03/17,41.9,42.6,40.9,42.2
2009/03/18,42.4,43.3,41.9,42.0
2009/03/19,42.0,42.6,40.9,41.0
2009/03/20,41.1,41.6,40.0,40.1
2009/03/23,40.4,41.2,40.2,41.2
2009/03/24,42.2,42.3,40.5,40.6
2009/03/25,40.6,42.7,40.6,42.1
2009/03/26,42.6,44.0,42.2,42.9
2009/03/27,43.3,43.7,42.3,42.4
2009/03/30,42.1,42.4,40.0,40.0
2009/03/31,40.0,40.5,39.2,39.6
2009/04/01,42.1,42.3,40.9,41.6
2009/04/02,42.5,42.7,40.7,40.7
2009/04/03,41.4,43.2,40.9,42.8
2009/04/06,43.0,44.6,42.1,42.6
2009/04/07,42.6,43.7,42.4,43.6
2009/04/08,43.3,44.0,42.4,42.4
2009/04/09,43.3,44.8,43.0,44.4
2009/04/10,44.6,46.1,43.7,44.4
2009/04/13,44.7,45.4,43.9,45.1
2009/04/14,45.1,48.3,45.0,48.3
2009/04/15,49.2,50.5,47.9,48.3
2009/04/16,50.0,50.0,47.5,47.7
2009/04/17,48.1,48.8,44.4,44.4
2009/04/20,44.4,44.7,41.8,43.6
2009/04/21,43.3,45.8,42.8,45.7
2009/04/22,46.1,48.8,45.9,48.7
2009/04/23,48.4,49.4,46.6,48.1
2009/04/24,49.0,50.4,48.6,49.8
2009/04/27,49.8,49.8,46.3,46.7
2009/04/28,47.1,47.6,44.7,45.0
2009/04/29,45.2,45.9,42.8,43.2
2009/04/30,45.3,46.1,44.2,46.1
2009/05/04,48.4,49.2,47.3,47.9
2009/05/05,47.2,48.0,46.2,47.0
2009/05/06,46.5,50.3,45.8,50.3
2009/05/07,51.2,51.2,48.5,50.0
2009/05/08,49.0,49.7,47.8,48.8
2009/05/11,48.8,50.9,48.8,49.4
2009/05/12,49.4,52.5,48.3,50.1
2009/05/13,50.1,51.4,49.5,50.3
2009/05/14,49.5,51.9,49.0,49.6
2009/05/15,50.5,51.6,50.3,50.9
2009/05/18,50.9,52.4,50.5,50.6
2009/05/19,51.8,51.8,48.6,48.9
2009/05/20,49.3,50.5,48.8,49.4
2009/05/21,49.9,52.8,49.8,52.8
2009/05/22,54.5,56.4,53.9,56.4
2009/05/25,60.4,60.4,57.4,58.8
2009/05/26,58.8,58.8,54.8,54.8
2009/05/27,54.8,56.2,51.4,54.1
2009/06/01,54.8,54.8,52.5,53.5
2009/06/02,53.9,57.2,53.8,55.3
2009/06/03,54.8,57.4,54.8,56.2
2009/06/04,55.9,56.5,53.8,54.4
2009/06/05,54.4,56.0,54.4,54.8
2009/06/08,56.5,57.2,53.3,53.3
2009/06/09,53.8,53.8,50.0,50.0
2009/06/10,50.6,51.7,48.2,48.6
2009/06/11,49.0,50.5,48.6,50.5
2009/06/12,50.6,51.1,49.2,49.4
2009/06/15,48.1,48.6,46.0,46.0
2009/06/16,44.2,45.5,43.3,44.2
2009/06/17,44.6,45.9,43.3,43.5
2009/06/18,44.2,44.6,42.3,43.4
2009/06/19,44.2,45.8,44.1,45.5
2009/06/22,45.6,46.0,44.6,45.9
2009/06/23,45.0,45.8,44.6,44.9
2009/06/24,45.9,46.4,45.6,45.9
2009/06/25,46.4,47.9,46.2,47.2
2009/06/26,47.7,47.8,46.6,46.6
2009/06/29,46.4,47.5,46.2,46.3
2009/06/30,47.6,47.6,46.6,46.8
2009/07/01,46.8,49.2,46.7,49.0
2009/07/02,49.5,50.9,49.2,49.6
2009/07/03,49.5,50.1,48.5,49.9
2009/07/06,50.4,50.5,49.5,49.9
2009/07/07,50.5,52.2,50.4,51.5
2009/07/08,51.2,51.3,50.3,51.0
2009/07/09,50.9,52.4,50.9,51.2
2009/07/10,51.4,51.8,50.3,50.6
2009/07/13,50.6,50.6,47.7,47.7
2009/07/14,48.1,49.5,48.1,49.5
2009/07/15,49.8,51.2,49.3,50.6
2009/07/16,51.4,52.0,50.0,50.2
2009/07/17,50.5,53.6,50.5,53.6
2009/07/20,54.1,56.2,54.1,54.8
2009/07/21,55.4,55.7,52.7,54.4
2009/07/22,54.6,56.2,54.6,55.0
2009/07/23,55.2,56.1,54.4,54.7
2009/07/24,55.7,57.0,55.7,56.1
2009/07/27,56.4,57.0,55.3,56.1
2009/07/28,56.5,60.0,56.3,60.0
2009/07/29,60.7,64.1,60.2,63.4
2009/07/30,63.6,63.6,59.8,61.6
2009/07/31,61.7,62.6,58.6,59.3
2009/08/03,59.6,60.5,58.6,59.0
2009/08/04,59.6,60.5,55.7,57.0
2009/08/05,54.0,57.0,54.0,54.6
2009/08/06,54.8,55.2,53.1,54.5
2009/08/10,54.5,54.5,53.3,53.9
2009/08/11,53.9,56.0,53.6,55.7
2009/08/12,55.7,58.1,55.3,57.6
2009/08/13,57.4,60.5,56.8,60.5
2009/08/14,61.4,61.8,58.8,59.0
2009/08/17,59.3,59.3,57.8,57.8
2009/08/18,57.2,58.1,53.8,54.4
2009/08/19,55.2,55.9,55.1,55.5
2009/08/20,55.7,56.9,53.9,55.9
2009/08/21,57.4,58.0,54.5,55.3
2009/08/24,56.2,56.7,55.8,56.4
2009/08/25,56.7,56.7,53.8,54.2
2009/08/26,54.4,54.7,50.5,51.0
2009/08/27,51.0,52.5,50.3,51.4
2009/08/28,52.5,54.9,52.5,54.9
2009/08/31,54.9,58.0,54.9,56.9
2009/09/01,58.2,59.8,57.1,59.1
2009/09/02,58.4,59.8,57.8,58.3
2009/09/03,58.3,62.4,57.8,62.4
2009/09/04,63.1,64.1,61.0,62.4
2009/09/07,62.6,64.5,61.9,62.9
2009/09/08,63.7,65.3,63.0,63.0
2009/09/09,63.0,63.7,61.9,61.9
2009/09/10,62.3,63.5,57.9,58.3
2009/09/11,57.9,61.1,57.9,59.9
2009/09/14,59.9,61.2,59.1,61.1
2009/09/15,61.4,62.2,60.6,61.7
2009/09/16,62.2,62.6,61.1,61.2
2009/09/17,61.2,61.7,59.5,59.8
2009/09/18,60.3,62.6,60.3,62.5
2009/09/21,63.5,64.1,62.4,62.5
2009/09/22,62.7,63.4,62.0,63.0
2009/09/23,63.5,63.6,60.3,61.5
2009/09/24,61.5,62.1,60.8,61.4
2009/09/25,61.2,62.3,60.8,60.8
2009/09/28,60.8,61.1,59.0,59.6
2009/09/29,59.9,60.5,59.3,59.6
2009/09/30,58.9,61.7,58.8,60.5
2009/10/01,60.5,60.8,59.2,59.8
2009/10/02,58.8,59.7,58.2,58.4
2009/10/05,58.4,59.6,58.4,58.8
2009/10/06,59.0,60.3,59.0,59.3
2009/10/07,59.6,60.2,58.8,58.8
2009/10/08,59.1,59.8,58.3,58.3
2009/10/09,57.8,58.1,55.1,57.3
2009/10/12,57.5,58.2,57.2,57.4
2009/10/13,57.9,58.3,57.4,57.6
2009/10/14,58.2,59.6,58.1,58.8
2009/10/15,59.8,59.8,57.8,57.8
2009/10/16,58.5,61.2,57.8,61.2
2009/10/19,61.1,61.8,60.6,61.2
2009/10/20,61.2,61.6,60.3,60.3
2009/10/21,60.3,60.5,58.9,59.2
2009/10/22,58.9,59.7,57.1,57.5
2009/10/23,57.8,58.3,57.8,57.8
2009/10/26,57.5,58.0,56.9,57.0
2009/10/27,57.0,57.8,56.6,57.4
2009/10/28,57.4,58.1,56.0,56.3
2009/10/29,56.3,56.3,52.8,54.9
2009/10/30,55.9,55.9,53.9,54.3
2009/11/02,53.0,54.7,53.0,53.9
2009/11/03,54.0,54.7,53.4,54.4
2009/11/04,54.4,55.9,54.4,55.8
2009/11/05,55.9,55.9,54.1,54.1
2009/11/06,54.9,55.2,53.4,53.7
2009/11/09,53.9,54.7,53.1,53.2
2009/11/10,53.4,54.1,53.2,53.9
2009/11/11,53.9,55.1,53.9,55.1
2009/11/12,55.3,55.5,54.2,54.2
2009/11/13,54.1,55.1,53.9,54.6
2009/11/16,54.7,57.8,54.7,57.4
2009/11/17,57.6,57.8,55.5,55.7
2009/11/18,56.0,59.4,56.0,58.9
2009/11/19,58.8,61.2,58.3,60.2
2009/11/20,60.2,61.6,59.8,60.2
2009/11/23,61.1,61.3,59.8,61.3
2009/11/24,61.9,62.1,59.8,61.1
2009/11/25,61.1,61.7,60.0,60.2
2009/11/26,61.3,63.7,61.0,62.1
2009/11/27,60.9,61.7,60.3,60.4
2009/11/30,61.0,62.4,60.4,61.0
2009/12/01,61.3,62.7,60.8,62.7
2009/12/02,63.6,66.3,63.1,64.2
2009/12/03,66.0,66.2,63.0,63.7
2009/12/04,63.7,64.3,62.7,62.8
2009/12/07,63.7,64.1,62.5,62.9
2009/12/08,62.9,63.5,62.2,62.9
2009/12/09,62.9,64.5,62.9,63.8
2009/12/10,64.5,65.7,62.2,62.7
2009/12/11,63.2,66.0,62.3,64.3
2009/12/14,64.7,64.7,62.8,62.9
2009/12/15,63.2,63.7,62.4,62.4
2009/12/16,62.4,63.0,61.9,62.3
2009/12/17,63.1,63.6,61.6,61.6
2009/12/18,61.6,61.9,60.6,61.0
2009/12/21,61.0,63.1,61.0,62.7
2009/12/22,63.3,63.3,62.4,62.7
2009/12/23,62.9,63.1,61.8,61.9
2009/12/24,61.9,63.9,61.9,62.3
2009/12/25,62.5,63.0,62.3,62.4
2009/12/28,62.9,63.4,62.5,62.5
2009/12/29,62.6,63.0,62.5,62.5
2009/12/30,62.5,64.5,62.5,63.5
2009/12/31,64.5,65.0,63.5,63.7
2010/01/04,63.7,63.8,62.5,62.7
2010/01/05,63.3,63.8,62.0,62.9
2010/01/06,62.9,63.5,62.3,62.5
2010/01/07,62.5,64.5,62.5,62.5
2010/01/08,62.7,62.9,60.8,61.8
2010/01/11,62.1,62.6,61.4,62.2
2010/01/12,62.9,62.9,62.2,62.3
2010/01/13,62.3,62.8,61.8,61.8
2010/01/14,61.8,63.7,61.8,63.1
2010/01/15,63.8,64.7,63.4,63.4
2010/01/18,63.0,64.0,62.6,62.9
2010/01/19,63.2,63.8,62.0,62.0
2010/01/20,62.7,62.7,61.6,62.2
2010/01/21,62.1,63.3,61.9,62.5
2010/01/22,60.9,62.2,60.9,61.2
2010/01/25,60.3,61.7,60.0,60.4
2010/01/26,60.6,61.1,56.2,56.2
2010/01/27,56.2,56.2,52.9,53.9
2010/01/28,54.9,57.1,54.9,56.8
2010/01/29,56.3,56.3,54.9,55.9
2010/02/01,56.7,56.7,54.9,55.3
2010/02/02,55.9,56.3,53.9,54.6
2010/02/03,54.6,55.9,54.6,55.6
2010/02/04,56.5,56.5,55.8,56.3
2010/02/05,54.0,54.7,52.4,52.6
2010/02/08,51.1,52.5,51.0,51.7
2010/02/09,51.9,53.6,51.7,53.5
2010/02/10,54.7,55.4,54.1,54.2
2010/02/22,55.9,55.9,54.4,54.4
2010/02/23,55.3,55.3,54.4,54.9
2010/02/24,54.9,55.9,54.4,54.8
2010/02/25,55.4,56.6,54.7,54.9
2010/02/26,55.1,56.7,55.1,55.3
2010/03/01,56.2,57.5,55.5,56.9
2010/03/02,57.3,57.3,56.1,56.4
2010/03/03,57.3,58.0,56.9,57.0
2010/03/04,57.8,57.8,56.3,56.4
2010/03/05,57.2,57.6,56.8,57.1
2010/03/08,57.8,58.1,57.4,57.8
2010/03/09,58.8,59.3,58.1,58.3
2010/03/10,58.6,58.8,57.5,57.5
2010/03/11,57.6,58.2,57.0,57.0
2010/03/12,57.2,57.9,57.2,57.4
2010/03/15,57.4,57.4,56.4,56.5
2010/03/16,55.9,56.9,55.9,56.6
2010/03/17,56.9,57.5,56.7,57.4
2010/03/18,57.5,57.8,57.1,57.3
2010/03/19,57.7,58.2,57.4,57.6
2010/03/22,58.0,58.7,57.6,58.1
2010/03/23,58.3,59.6,58.2,58.2
2010/03/24,58.8,59.1,57.7,57.8
2010/03/25,57.8,58.0,57.3,57.5
2010/03/26,57.8,58.6,57.5,58.3
2010/03/29,58.4,58.8,58.2,58.3
2010/03/30,58.3,58.8,57.2,57.5
2010/03/31,57.5,58.0,57.0,57.4
2010/04/01,57.4,58.8,57.4,58.4
2010/04/02,58.8,59.8,58.4,58.9
2010/04/06,60.0,60.0,58.4,59.0
2010/04/07,59.2,59.5,58.4,59.0
2010/04/08,59.3,59.3,57.5,57.9
2010/04/09,58.0,58.1,56.7,57.3
2010/04/12,57.4,58.0,56.4,56.8
2010/04/13,56.8,57.0,55.6,55.9
2010/04/14,56.2,56.6,55.0,55.9
2010/04/15,56.1,56.7,56.1,56.4
2010/04/16,56.4,56.5,55.6,55.7
2010/04/19,55.4,56.2,54.2,54.2
2010/04/20,54.9,55.5,54.4,54.9
2010/04/21,55.4,56.1,55.4,55.9
2010/04/22,56.2,56.2,55.3,55.9
2010/04/23,56.1,57.5,56.0,56.7
2010/04/26,57.5,57.7,56.9,57.1
2010/04/27,57.5,57.6,56.4,56.8
2010/04/28,55.4,56.2,55.4,56.0
2010/04/29,56.3,56.5,55.9,56.0
2010/04/30,56.3,58.3,56.1,57.3
2010/05/03,57.2,57.6,55.2,56.0
2010/05/04,56.6,56.6,54.7,55.1
2010/05/05,52.2,54.4,52.2,53.3
2010/05/06,52.8,54.1,52.5,52.6
2010/05/07,51.0,52.2,50.1,51.8
2010/05/10,52.5,53.1,52.0,52.9
2010/05/11,53.4,53.7,52.5,52.5
2010/05/12,52.6,53.6,52.5,52.7
2010/05/13,53.4,53.7,53.0,53.3
2010/05/14,52.9,53.5,52.7,53.5
2010/05/17,53.8,54.5,53.0,53.1
2010/05/18,53.1,53.8,52.2,52.4
2010/05/19,52.0,52.5,50.0,52.0
2010/05/20,52.0,52.4,50.2,50.4
2010/05/21,48.4,49.0,47.1,47.6
2010/05/24,48.5,48.5,47.8,48.2
2010/05/25,48.1,48.1,44.9,46.6
2010/05/26,46.6,47.0,45.7,46.5
2010/05/27,46.5,49.0,46.5,48.3
2010/05/28,49.3,50.3,49.0,49.1
2010/05/31,49.3,49.3,48.3,48.8
2010/06/01,49.0,49.0,47.8,48.1
2010/06/02,47.5,48.1,46.9,47.0
2010/06/03,47.5,48.3,47.5,48.2
2010/06/04,48.2,48.4,47.8,48.1
2010/06/07,45.2,47.4,45.2,47.3
2010/06/08,46.9,48.0,46.9,47.1
2010/06/09,47.1,47.3,45.7,46.1
2010/06/10,46.7,47.3,46.4,47.1
2010/06/11,48.0,48.5,47.7,48.1
2010/06/14,48.1,48.1,47.1,48.0
2010/06/15,47.7,48.2,47.6,48.1
2010/06/17,48.6,49.2,48.4,48.5
2010/06/18,48.9,48.9,48.1,48.3
2010/06/21,48.9,49.0,48.3,48.6
2010/06/22,48.9,49.8,48.5,49.5
2010/06/23,49.0,49.8,48.9,49.3
2010/06/24,49.7,49.9,49.0,49.3
2010/06/25,49.0,49.0,48.2,48.6
2010/06/28,48.6,49.0,48.5,48.8
2010/06/29,49.0,49.5,48.5,48.6
2010/06/30,47.5,47.6,46.7,47.4
2010/07/01,47.2,47.5,46.7,47.4
2010/07/02,47.4,47.9,47.1,47.3
2010/07/05,47.4,47.6,47.0,47.6
2010/07/06,47.5,48.3,47.5,48.3
2010/07/07,48.5,49.1,48.3,48.3
2010/07/08,49.5,51.3,49.2,50.9
2010/07/09,51.4,53.4,50.5,52.4
2010/07/12,53.9,53.9,52.1,52.7
2010/07/13,53.2,54.0,52.3,53.4
2010/07/14,54.2,56.4,53.6,55.9
2010/07/15,53.9,56.2,53.9,55.4
2010/07/16,55.2,55.4,53.5,53.7
2010/07/19,53.4,53.4,52.6,53.2
2010/07/20,53.9,54.2,53.2,53.6
2010/07/21,53.6,55.1,53.6,54.0
2010/07/22,53.8,54.1,53.4,53.5
2010/07/23,53.9,54.4,53.7,53.7
2010/07/26,54.7,54.7,53.3,53.3
2010/07/27,53.9,53.9,52.2,52.6
2010/07/28,52.6,53.4,52.6,53.4
2010/07/29,53.9,54.1,53.3,53.4
2010/07/30,53.4,53.9,53.4,53.5
2010/08/02,53.9,54.4,53.6,53.7
2010/08/03,54.4,54.7,53.9,54.0
2010/08/04,54.4,54.9,52.9,53.9
2010/08/05,54.7,55.3,53.1,53.4
2010/08/06,53.7,53.8,52.8,52.9
2010/08/09,53.6,53.8,53.2,53.5
2010/08/10,53.7,53.9,52.8,53.2
2010/08/11,52.7,53.2,51.8,51.8
2010/08/12,49.8,51.0,49.8,50.5
2010/08/13,50.7,51.9,50.7,51.9
2010/08/16,52.4,52.4,51.2,51.2
2010/08/17,51.9,52.4,51.6,52.4
2010/08/18,52.6,52.7,51.3,52.3
2010/08/19,52.7,53.3,52.0,52.8
2010/08/20,52.9,53.1,52.2,52.2
2010/08/23,52.2,52.6,51.8,52.0
2010/08/24,52.0,52.3,51.5,51.7
2010/08/25,51.0,51.7,50.2,50.4
2010/08/26,49.0,50.2,49.0,49.3
2010/08/27,49.3,50.0,48.6,49.0
2010/08/30,50.0,50.0,48.5,48.6
2010/08/31,48.6,48.6,46.3,47.0
2010/09/01,46.5,47.3,46.3,47.0
2010/09/02,47.5,48.2,47.0,47.1
2010/09/03,48.0,50.3,47.6,50.3
2010/09/06,51.4,51.4,50.0,51.0
2010/09/07,50.8,51.3,49.7,49.8
2010/09/08,49.5,51.4,49.5,51.1
2010/09/09,51.6,52.0,50.6,50.8
2010/09/10,50.8,54.3,50.8,54.3
2010/09/13,54.6,55.1,53.0,53.7
2010/09/14,54.1,55.0,54.1,54.6
2010/09/15,54.8,57.5,53.8,56.0
2010/09/16,58.0,58.0,55.9,56.0
2010/09/17,57.0,57.5,55.6,56.1
2010/09/20,56.1,57.0,55.6,56.2
2010/09/21,56.3,58.5,56.3,58.0
2010/09/23,58.0,58.0,56.5,56.9
2010/09/24,57.4,57.9,56.1,57.0
2010/09/27,58.0,59.5,57.5,58.3
2010/09/28,59.5,60.5,58.5,58.5
2010/09/29,58.9,58.9,57.2,57.5
2010/09/30,58.1,58.4,57.0,57.2
2010/10/01,57.2,57.7,55.6,55.8
2010/10/04,56.0,56.1,53.4,53.5
2010/10/05,53.5,54.6,53.0,54.5
2010/10/06,55.6,56.3,55.1,55.9
2010/10/07,55.9,56.0,54.8,55.1
2010/10/08,55.1,55.8,53.8,54.5
2010/10/11,54.0,54.3,53.5,54.0
2010/10/12,54.2,54.7,53.5,54.0
2010/10/13,54.3,54.6,53.6,53.8
2010/10/14,54.3,54.7,54.0,54.3
2010/10/15,54.3,54.3,52.0,52.4
2010/10/18,52.1,52.3,50.3,50.7
2010/10/19,50.7,51.7,50.7,51.5
2010/10/20,51.0,54.4,51.0,53.6
2010/10/21,54.1,54.1,52.6,52.8
2010/10/22,53.8,53.8,52.1,52.5
2010/10/25,52.5,53.2,52.5,53.2
2010/10/26,53.5,54.0,52.8,53.0
2010/10/27,53.5,53.5,51.7,52.2
2010/10/28,52.3,52.8,51.5,52.4
2010/10/29,52.0,52.9,52.0,52.5
2010/11/01,52.8,53.1,52.1,52.3
2010/11/02,52.5,52.5,51.2,51.3
2010/11/03,51.5,51.9,49.8,50.5
2010/11/04,50.5,51.1,50.5,51.0
2010/11/05,51.3,51.6,50.5,50.8
2010/11/08,50.5,50.5,49.2,49.2
2010/11/09,48.5,50.0,48.5,49.7
2010/11/10,49.1,51.9,49.1,51.2
2010/11/11,50.7,51.3,50.0,50.2
2010/11/12,49.2,50.3,49.2,49.8
2010/11/15,49.3,50.5,49.3,50.1
2010/11/16,50.1,50.9,49.8,49.9
2010/11/17,49.9,50.4,49.7,50.0
2010/11/18,50.1,50.8,50.0,50.2
2010/11/19,51.0,52.2,50.8,51.6
2010/11/22,52.4,53.9,52.4,53.5
2010/11/23,53.5,53.8,52.8,53.0
2010/11/24,53.5,54.5,53.5,53.7
2010/11/25,54.3,54.9,53.9,54.6
2010/11/26,55.0,55.0,53.5,54.2
2010/11/29,54.9,55.0,53.7,54.1
2010/11/30,54.5,54.9,53.7,54.1
2010/12/01,54.7,55.9,54.6,55.1
2010/12/02,56.5,56.9,55.6,55.6
2010/12/03,56.3,59.3,55.8,58.8
2010/12/06,58.8,59.4,58.1,58.9
2010/12/07,58.9,60.5,58.9,59.3
2010/12/08,60.6,63.4,60.2,63.4
2010/12/09,64.0,67.8,63.4,67.3
2010/12/10,67.3,67.8,65.4,66.5
2010/12/13,67.7,67.7,66.0,66.2
2010/12/14,66.9,68.9,66.0,66.1
2010/12/15,66.0,66.4,61.5,61.6
2010/12/16,61.8,64.6,61.7,64.0
2010/12/17,65.0,66.0,62.7,64.9
2010/12/20,65.0,65.2,62.5,63.2
2010/12/21,64.2,67.4,63.0,65.5
2010/12/22,66.3,67.2,64.7,64.9
2010/12/23,64.0,64.7,63.0,63.3
2010/12/24,63.5,64.8,63.0,63.9
2010/12/27,64.4,64.6,63.4,63.9
2010/12/28,64.8,67.0,64.2,64.7
2010/12/29,64.7,65.3,61.8,62.6
2010/12/30,62.6,63.4,60.8,63.1
2010/12/31,64.1,65.0,62.2,64.3
2011/01/03,64.9,66.1,63.4,64.8
2011/01/04,65.1,69.3,65.0,69.3
2011/01/05,69.5,73.1,69.3,70.4
2011/01/06,72.0,72.2,69.4,71.0
2011/01/07,71.9,72.3,70.0,70.3
2011/01/10,71.8,71.8,69.5,71.3
2011/01/11,71.5,71.6,68.5,68.6
2011/01/12,69.5,69.8,68.3,69.0
2011/01/13,69.2,69.3,66.5,66.9
2011/01/14,66.9,67.6,65.1,66.6
2011/01/17,67.0,69.2,66.6,68.5
2011/01/18,68.7,69.3,68.2,69.0
2011/01/19,69.9,69.9,68.5,68.6
2011/01/20,68.6,68.9,67.0,67.3
2011/01/21,67.0,68.5,66.5,67.4
2011/01/24,67.8,67.9,65.3,65.4
2011/01/25,66.4,66.4,64.1,64.3
2011/01/26,64.5,66.4,64.5,65.4
2011/01/27,65.4,66.5,65.0,65.4
2011/01/28,65.6,66.0,64.2,64.4
2011/02/08,65.0,65.0,62.2,62.7
2011/02/09,62.3,63.5,58.9,60.0
2011/02/10,59.5,60.8,59.5,60.0
2011/02/11,60.0,60.0,57.0,57.4
2011/02/14,57.6,59.3,57.1,58.4
2011/02/15,58.0,58.4,57.2,58.0
2011/02/16,58.0,58.0,56.9,57.3
2011/02/17,57.5,59.2,57.5,57.8
2011/02/18,58.5,58.5,57.1,57.4
2011/02/21,57.5,57.7,54.1,55.4
2011/02/22,54.9,54.9,52.5,53.8
2011/02/23,52.8,54.4,51.0,52.3
2011/02/24,52.5,52.6,50.0,50.7
2011/02/25,50.9,53.2,50.0,53.2
2011/03/01,53.3,53.3,52.4,52.9
2011/03/02,52.5,53.9,52.0,52.5
2011/03/03,53.0,53.1,52.1,52.3
2011/03/04,52.9,52.9,52.0,52.0
2011/03/07,52.0,52.4,50.8,51.0
2011/03/08,51.0,52.8,51.0,52.0
2011/03/09,52.7,55.6,52.3,55.6
2011/03/10,55.4,55.4,52.4,53.0
2011/03/11,51.5,51.9,49.3,50.3
2011/03/14,49.5,49.5,46.8,46.8
2011/03/15,45.2,46.3,43.5,44.4
2011/03/16,45.0,45.1,43.2,44.4
2011/03/17,43.1,45.6,42.7,44.3
2011/03/18,45.0,45.5,44.8,45.0
2011/03/21,44.8,45.8,44.8,45.1
2011/03/22,45.5,47.2,45.3,46.2
2011/03/23,46.3,48.0,45.7,47.8
2011/03/24,48.0,48.2,47.1,47.5
2011/03/25,47.8,48.5,47.0,47.2
2011/03/28,47.2,47.2,45.5,45.7
2011/03/29,45.1,46.4,45.0,45.7
2011/03/30,46.0,46.3,45.7,45.7
2011/03/31,46.4,47.6,46.1,46.8
2011/04/01,46.7,49.3,46.2,48.3
2011/04/06,49.3,49.3,48.1,48.2
2011/04/07,48.6,48.6,47.8,48.1
2011/04/08,48.2,49.0,47.6,47.6
2011/04/11,48.0,48.0,47.2,47.2
2011/04/12,47.2,47.2,46.0,46.0
2011/04/13,46.2,47.1,46.2,46.5
2011/04/14,46.8,47.3,46.7,46.8
2011/04/15,46.5,47.9,46.5,46.8
2011/04/18,47.8,47.8,45.4,45.6
2011/04/19,45.0,45.4,44.8,45.1
2011/04/20,45.8,47.7,45.5,46.8
2011/04/21,47.2,47.7,46.5,46.5
2011/04/22,46.8,47.9,46.8,47.5
2011/04/25,47.8,47.8,47.0,47.2
2011/04/26,47.2,50.4,46.8,50.4
2011/04/27,51.9,53.0,51.5,51.6
2011/04/28,51.6,52.4,51.0,52.2
2011/04/29,52.3,53.5,51.4,52.2
2011/05/03,48.5,49.6,48.5,48.5
2011/05/04,45.5,47.8,45.2,47.6
2011/05/05,47.0,47.8,46.5,46.5
2011/05/06,46.3,47.5,46.0,46.5
2011/05/09,47.2,47.9,46.8,47.2
2011/05/10,47.2,47.8,46.7,46.7
2011/05/11,47.2,47.5,46.0,46.0
2011/05/12,46.0,46.7,45.8,46.4
2011/05/13,46.8,49.6,46.5,49.6
2011/05/16,50.4,51.4,49.8,50.4
2011/05/17,50.4,50.7,49.1,49.3
2011/05/18,50.0,51.3,49.6,50.8
2011/05/19,51.0,51.3,49.6,49.6
2011/05/20,49.8,50.3,48.0,48.2
2011/05/23,47.5,48.5,47.5,48.0
2011/05/24,47.8,49.3,47.6,49.2
2011/05/25,49.0,50.3,49.0,49.8
2011/05/26,50.3,50.5,49.4,49.5
2011/05/27,49.8,51.3,49.5,50.3
2011/05/30,50.5,51.0,49.6,49.8
2011/05/31,50.1,50.7,50.0,50.7
2011/06/01,50.7,51.1,49.8,50.1
2011/06/02,49.0,49.6,48.8,49.0
2011/06/03,49.5,50.9,49.2,50.9
2011/06/07,48.8,49.0,47.5,48.3
2011/06/08,48.3,48.8,47.8,47.8
2011/06/09,47.6,48.2,47.0,47.1
2011/06/10,47.3,47.5,46.0,46.0
2011/06/13,45.5,45.8,44.8,45.0
2011/06/14,45.1,46.1,45.1,45.5
2011/06/15,46.0,46.0,44.8,45.3
2011/06/16,42.5,44.5,42.5,43.0
2011/06/17,42.5,43.5,41.5,42.7
2011/06/20,42.7,42.7,40.2,40.5
2011/06/21,40.7,40.9,38.4,39.3
2011/06/22,39.8,40.4,39.5,40.0
2011/06/23,40.0,40.7,39.6,40.1
2011/06/24,40.1,40.2,39.2,39.5
2011/06/27,38.8,39.2,38.1,38.9
2011/06/28,39.5,39.7,38.8,38.9
2011/06/29,39.4,39.8,38.9,39.8
2011/06/30,39.9,40.0,39.3,39.8
2011/07/01,40.1,41.2,40.1,41.1
2011/07/04,41.4,41.6,40.1,40.2
2011/07/05,40.2,40.7,39.8,39.8
2011/07/06,39.8,40.4,39.7,39.8
2011/07/07,39.8,40.5,39.8,40.1
2011/07/08,40.1,40.5,39.1,39.1
2011/07/11,38.8,39.0,38.0,38.2
2011/07/12,37.2,37.5,35.5,35.5
2011/07/13,35.0,35.5,33.1,33.1
2011/07/14,33.1,33.8,31.5,32.8
2011/07/15,33.2,35.0,33.2,35.0
2011/07/18,35.0,35.0,33.5,33.6
2011/07/19,33.4,34.7,33.1,34.3
2011/07/20,35.5,35.8,35.2,35.5
2011/07/21,35.6,35.6,34.8,35.0
2011/07/22,35.5,36.0,35.1,35.3
2011/07/25,35.5,35.8,35.3,35.5
2011/07/26,36.5,37.7,36.0,37.2
2011/07/27,37.5,39.8,37.5,39.2
2011/07/28,38.6,39.6,38.2,38.8
2011/07/29,38.8,38.9,37.5,37.7
2011/08/01,38.1,38.3,36.0,36.9
2011/08/02,36.1,37.5,36.0,37.5
2011/08/03,36.1,36.7,35.5,36.4
2011/08/04,36.9,36.9,35.7,35.7
2011/08/05,33.2,33.2,33.2,33.2
2011/08/08,31.2,32.0,30.9,30.9
2011/08/09,28.8,30.5,28.8,29.9
2011/08/10,30.5,31.8,30.5,31.7
2011/08/11,30.7,31.9,30.2,31.9
2011/08/12,32.8,33.2,32.0,32.1
2011/08/15,33.0,33.3,32.6,33.0
2011/08/16,33.0,33.8,32.9,33.2
2011/08/17,32.9,33.1,32.3,32.5
2011/08/18,32.5,32.5,31.5,31.5
2011/08/19,29.5,30.0,29.4,29.4
2011/08/22,28.5,30.0,28.5,29.5
2011/08/23,29.5,30.8,29.5,30.8
2011/08/24,31.0,33.0,31.0,32.5
2011/08/25,33.6,34.5,32.5,32.6
2011/08/26,33.0,34.5,32.8,33.6
2011/08/29,34.1,34.4,33.1,33.5
2011/08/30,34.0,34.5,33.7,34.0
2011/08/31,34.2,35.6,34.2,35.0
2011/09/01,35.0,35.3,34.0,34.0
2011/09/02,34.5,34.8,33.5,34.6
2011/09/05,34.5,34.5,33.2,33.2
2011/09/06,32.4,33.5,32.4,32.5
2011/09/07,32.8,33.8,32.8,33.3
2011/09/08,33.7,34.1,33.5,34.0
2011/09/09,34.0,34.5,33.6,34.5
2011/09/13,34.0,34.0,33.0,33.0
2011/09/14,33.5,33.6,32.1,32.1
2011/09/15,33.5,33.7,32.7,33.3
2011/09/16,34.0,34.4,33.9,34.3
2011/09/19,34.3,34.3,33.5,33.5
2011/09/20,33.3,35.1,33.3,34.9
2011/09/21,34.9,37.3,34.5,37.3
2011/09/22,36.8,39.5,36.5,39.1
2011/09/23,38.0,39.0,36.4,37.4
2011/09/26,37.4,38.1,36.0,38.0
2011/09/27,38.9,40.6,38.7,40.2
2011/09/28,39.9,40.7,38.7,39.8
2011/09/29,39.5,39.6,38.8,39.0
2011/09/30,39.1,40.3,39.1,39.5
2011/10/03,38.8,39.2,36.8,38.8
2011/10/04,38.0,38.9,37.5,38.8
2011/10/05,38.8,39.2,37.7,37.7
2011/10/06,38.0,38.7,37.2,38.0
2011/10/07,38.4,38.4,37.2,37.4
2011/10/11,37.7,38.8,37.3,38.2
2011/10/12,38.2,40.3,37.6,40.0
2011/10/13,40.1,40.8,39.6,39.6
2011/10/14,39.5,41.4,39.3,40.3
2011/10/17,40.8,40.9,39.2,39.7
2011/10/18,38.5,39.3,38.4,38.7
2011/10/19,38.9,40.3,38.5,38.7
2011/10/20,38.7,38.8,37.3,37.6
2011/10/21,37.4,38.0,35.6,36.7
2011/10/24,37.4,37.7,36.8,36.8
2011/10/25,37.0,37.0,34.6,35.5
2011/10/26,34.8,36.5,34.8,36.5
2011/10/27,36.8,36.8,36.0,36.2
2011/10/28,36.6,37.0,36.0,36.3
2011/10/31,36.5,36.5,35.5,35.6
2011/11/01,35.1,38.0,35.1,38.0
2011/11/02,37.5,39.5,37.0,39.2
2011/11/03,39.0,39.4,37.0,37.0
2011/11/04,38.0,39.4,37.6,39.0
2011/11/07,38.8,38.8,38.1,38.5
2011/11/08,38.8,39.2,37.0,37.6
2011/11/09,37.8,38.2,37.4,37.4
2011/11/10,36.0,36.8,35.5,36.1
2011/11/11,36.4,37.1,35.8,36.8
2011/11/14,37.4,38.0,37.0,37.3
2011/11/15,37.8,38.5,37.2,37.4
2011/11/16,37.5,38.0,36.7,36.7
2011/11/17,36.6,37.5,36.2,37.0
2011/11/18,37.2,37.2,36.2,36.2
2011/11/21,35.7,36.1,33.7,33.7
2011/11/22,31.4,32.5,31.3,31.4
2011/11/23,29.2,31.0,29.2,29.4
2011/11/24,29.0,31.4,28.6,30.7
2011/11/25,31.0,31.5,30.0,30.2
2011/11/28,30.6,31.5,30.5,31.2
2011/11/29,32.0,32.0,31.5,32.0
2011/11/30,32.3,32.3,31.0,31.9
2011/12/01,33.1,34.1,32.4,34.0
2011/12/02,34.0,34.0,33.1,33.6
2011/12/05,33.6,33.8,33.0,33.0
2011/12/06,33.0,33.0,31.3,31.4
2011/12/07,31.6,32.0,31.3,31.5
2011/12/08,31.7,32.3,31.3,31.5
2011/12/09,30.6,31.7,30.6,31.6
2011/12/12,32.0,32.5,31.7,32.0
2011/12/13,31.5,32.3,31.4,31.5
2011/12/14,31.5,33.4,31.5,33.3
2011/12/15,33.0,33.3,32.2,32.8
2011/12/16,32.8,33.0,31.6,31.6
2011/12/19,31.0,31.3,30.6,30.6
2011/12/20,30.5,31.4,30.5,31.2
2011/12/21,32.8,33.3,32.1,33.2
2011/12/22,33.1,33.1,32.2,32.5
2011/12/23,33.0,34.0,32.8,33.6
2011/12/26,33.7,33.8,33.0,33.0
2011/12/27,33.3,33.5,33.0,33.0
2011/12/28,32.7,33.7,32.7,32.9
2011/12/29,32.9,33.8,32.6,33.2
2011/12/30,33.5,33.8,32.8,32.8
2012/01/02,32.8,32.8,31.5,31.6
2012/01/03,32.0,32.5,32.0,32.2
2012/01/04,32.3,33.5,32.3,32.4
2012/01/05,32.8,33.3,32.5,33.0
2012/01/06,33.2,33.7,32.8,33.1
2012/01/09,33.5,33.5,32.6,32.8
2012/01/10,32.9,33.8,32.8,33.2
2012/01/11,33.2,33.8,33.1,33.2
2012/01/12,33.4,33.5,32.7,32.7
2012/01/13,32.8,33.2,31.6,31.7
2012/01/16,32.0,32.2,31.7,31.8
2012/01/17,32.0,34.0,32.0,34.0
2012/01/18,34.1,36.0,34.1,35.2
2012/01/30,37.4,37.7,36.8,37.5
2012/01/31,38.2,39.7,37.1,39.1
2012/02/01,39.1,39.8,38.3,38.5
2012/02/02,39.8,40.5,38.8,39.7
2012/02/03,39.6,39.9,38.6,39.0
2012/02/06,39.2,39.4,38.3,38.8
2012/02/07,39.0,41.0,38.8,39.6
2012/02/08,41.0,42.0,40.1,42.0
2012/02/09,43.0,44.7,42.9,43.2
2012/02/10,43.5,43.5,41.0,41.5
2012/02/13,41.1,42.3,40.2,41.7
2012/02/14,41.7,44.0,41.7,42.9
2012/02/15,42.9,45.0,42.5,44.2
2012/02/16,44.9,47.0,42.1,42.7
2012/02/17,43.3,43.8,41.3,41.8
2012/02/20,42.0,42.6,41.2,42.2
2012/02/21,42.2,42.7,41.3,42.0
2012/02/22,41.5,43.0,41.5,42.6
2012/02/23,43.0,43.0,41.6,41.6
2012/02/24,42.9,42.9,41.6,41.9
2012/02/29,41.9,42.6,41.2,41.3
2012/03/01,41.7,43.6,41.7,43.5
2012/03/02,44.3,44.5,43.0,43.0
2012/03/05,43.0,44.5,42.5,43.7
2012/03/06,43.8,44.2,41.6,43.7
2012/03/07,42.6,43.9,42.6,43.9
2012/03/08,44.0,44.1,43.2,43.3
2012/03/09,44.0,44.8,43.7,43.8
2012/03/12,44.2,44.3,42.0,42.0
2012/03/13,42.5,42.6,41.5,41.7
2012/03/14,42.1,42.8,41.8,41.8
2012/03/15,42.0,42.7,41.8,42.5
2012/03/16,42.8,43.3,42.2,42.3
2012/03/19,42.4,42.8,41.8,41.8
2012/03/20,42.3,43.3,42.0,43.0
2012/03/21,43.5,45.7,43.5,44.3
2012/03/22,44.5,44.9,43.5,44.5
2012/03/23,44.5,46.0,44.0,45.4
2012/03/26,45.4,45.9,44.5,44.7
2012/03/27,45.0,45.2,43.0,43.1
2012/03/28,43.5,43.7,42.4,42.4
2012/03/29,42.0,42.0,39.5,39.5
2012/03/30,39.5,40.2,38.1,40.0
2012/04/02,40.5,40.5,38.8,39.0
2012/04/03,39.3,39.6,36.3,36.5
2012/04/05,35.0,37.2,34.3,37.1
2012/04/06,37.1,38.5,37.0,38.2
2012/04/09,37.0,37.8,36.7,36.8
2012/04/10,37.5,38.0,37.2,37.8
2012/04/11,37.8,38.6,37.4,38.5
2012/04/12,38.6,39.5,38.2,38.7
2012/04/13,39.5,40.3,39.1,39.7
2012/04/16,39.0,39.7,38.6,39.0
2012/04/17,39.4,39.5,38.0,38.2
2012/04/18,39.0,39.0,37.4,37.5
2012/04/19,37.5,38.7,37.0,38.0
2012/04/20,38.0,38.3,36.7,37.0
2012/04/23,37.0,37.2,35.9,36.2
2012/04/24,36.2,37.2,36.2,36.5
2012/04/25,37.0,37.8,36.6,37.4
2012/04/26,37.8,38.1,36.2,36.7
2012/04/27,37.3,37.6,36.5,36.7
2012/04/30,37.0,37.4,36.8,37.3
2012/05/02,37.6,39.8,37.6,39.7
2012/05/03,39.6,39.7,39.2,39.5
2012/05/04,39.5,40.2,39.0,39.6
2012/05/07,38.8,39.0,38.4,38.7
2012/05/08,39.0,41.0,38.7,40.7
2012/05/09,40.4,40.5,39.8,39.9
2012/05/10,40.0,40.0,38.8,39.2
2012/05/11,38.9,39.2,37.6,37.7
2012/05/14,38.0,38.2,37.2,37.5
2012/05/15,37.0,38.1,36.7,38.1
2012/05/16,37.9,38.0,37.5,37.6
2012/05/17,38.0,38.1,37.4,38.0
2012/05/18,37.3,37.5,36.2,36.2
2012/05/21,36.5,36.8,36.2,36.5
2012/05/22,37.1,37.5,36.8,37.3
2012/05/23,37.2,37.2,36.5,37.0
2012/05/24,37.1,37.7,36.2,36.2
2012/05/25,36.7,36.8,35.9,36.0
2012/05/28,36.0,37.0,36.0,36.9
2012/05/29,37.6,38.8,37.0,38.8
2012/05/30,38.6,38.6,38.1,38.3
2012/05/31,38.0,38.4,37.8,38.2
2012/06/01,38.2,38.3,37.0,37.0
2012/06/04,35.5,35.8,34.5,34.8
2012/06/05,35.5,36.1,35.0,35.7
2012/06/06,36.2,36.7,35.8,36.2
2012/06/07,37.0,37.0,35.9,36.2
2012/06/08,36.0,36.4,35.3,35.4
2012/06/11,36.0,36.2,35.7,35.8
2012/06/12,35.5,35.8,35.2,35.5
2012/06/13,35.6,36.1,35.5,36.0
2012/06/14,36.3,37.3,35.8,36.8
2012/06/15,37.2,37.5,36.5,36.5
2012/06/18,37.5,37.7,37.0,37.4
2012/06/19,37.5,37.5,37.0,37.1
2012/06/20,37.2,37.4,36.8,37.2
2012/06/21,37.3,37.3,36.9,37.2
2012/06/22,36.8,37.2,36.5,36.8
2012/06/25,36.8,37.3,36.8,37.2
2012/06/26,37.1,37.1,36.2,36.2
2012/06/27,36.3,36.5,36.0,36.0
2012/06/28,34.7,34.8,34.3,34.3
2012/06/29,34.6,35.0,34.4,34.8
2012/07/02,35.0,35.8,34.9,35.8
2012/07/03,35.8,36.2,35.4,35.9
2012/07/04,36.5,36.9,35.8,36.2
2012/07/05,36.5,36.5,35.6,35.8
2012/07/06,36.0,36.0,34.3,35.0
2012/07/09,34.6,35.3,34.6,35.2
2012/07/10,35.5,35.5,34.6,34.7
2012/07/11,34.7,35.3,34.6,35.2
2012/07/12,35.3,35.5,34.8,34.8
2012/07/13,34.6,35.3,34.6,35.0
2012/07/16,35.5,35.5,34.7,34.7
2012/07/17,34.6,35.2,34.5,34.9
2012/07/18,35.0,35.0,34.5,34.5
2012/07/19,34.9,34.9,34.6,34.7
2012/07/20,35.1,35.5,34.8,34.8
2012/07/23,34.5,34.8,34.0,34.0
2012/07/24,34.0,34.1,33.5,34.0
2012/07/25,34.0,34.3,33.8,33.8
2012/07/26,34.5,34.5,33.7,33.8
2012/07/27,34.4,34.6,34.0,34.5
2012/07/30,35.0,35.8,34.8,35.2
2012/07/31,35.8,35.8,34.8,35.3
2012/08/01,35.0,36.2,35.0,35.9
2012/08/03,35.9,37.2,35.8,37.0
2012/08/06,38.4,38.8,37.1,37.2
2012/08/07,37.0,37.4,36.5,36.7
2012/08/08,37.0,37.9,36.0,37.4
2012/08/09,37.9,38.5,37.7,38.3
2012/08/10,38.5,38.5,37.9,38.1
2012/08/13,38.1,38.8,37.8,38.1
2012/08/14,38.2,39.7,38.2,39.0
2012/08/15,39.0,39.3,38.5,38.7
2012/08/16,38.7,39.3,38.7,39.3
2012/08/17,39.4,39.6,39.0,39.4
2012/08/20,39.4,39.7,39.1,39.5
2012/08/21,39.6,39.8,38.5,38.7
2012/08/22,39.2,39.2,38.8,38.8
2012/08/23,38.9,39.4,38.8,39.4
2012/08/24,39.1,39.5,39.0,39.0
2012/08/27,39.2,39.4,38.5,38.5
2012/08/28,38.5,38.5,37.6,37.6
2012/08/29,37.6,40.0,37.4,39.8
2012/08/30,40.1,40.8,39.8,40.0
2012/08/31,39.8,42.7,39.7,42.3
2012/09/03,43.0,44.3,42.7,43.5
2012/09/04,43.0,43.5,42.6,42.8
2012/09/05,42.5,44.0,42.5,43.5
2012/09/06,43.7,43.7,41.8,42.6
2012/09/07,43.3,43.3,42.2,42.7
2012/09/10,43.7,43.8,43.0,43.1
2012/09/11,44.0,44.4,43.2,43.3
2012/09/12,43.7,44.8,43.2,44.4
2012/09/13,44.2,44.3,42.8,43.2
2012/09/14,43.8,43.8,42.3,42.3
2012/09/17,42.1,42.7,42.1,42.5
2012/09/18,42.4,43.6,42.4,43.0
2012/09/19,43.3,43.3,42.2,42.7
2012/09/20,43.0,44.3,42.7,44.0
2012/09/21,44.5,44.5,43.5,43.5
2012/09/24,43.5,44.2,43.5,43.5
2012/09/25,43.5,43.6,42.2,42.4
2012/09/26,41.7,43.3,41.7,42.5
2012/09/27,42.6,42.6,42.0,42.3
2012/09/28,42.5,42.5,41.0,42.1
2012/10/01,41.9,42.8,41.2,42.7
2012/10/02,43.0,43.0,42.1,42.3
2012/10/03,42.1,42.7,42.0,42.0
2012/10/04,41.9,42.4,41.4,42.2
2012/10/05,42.3,42.7,42.3,42.5
2012/10/08,42.6,42.7,41.0,41.2
2012/10/09,41.5,41.8,40.8,41.5
2012/10/11,40.5,41.5,40.5,41.0
2012/10/12,41.0,41.2,40.6,40.7
2012/10/15,41.1,41.1,40.1,40.5
2012/10/16,40.2,40.8,40.2,40.6
2012/10/17,40.9,41.6,40.9,41.1
2012/10/18,42.0,42.0,41.1,41.4
2012/10/19,41.4,41.7,40.1,40.5
2012/10/22,39.5,40.5,39.5,40.0
2012/10/23,40.0,40.4,39.8,40.0
2012/10/24,40.0,41.0,39.5,40.3
2012/10/25,40.3,41.2,39.6,39.6
2012/10/26,39.9,40.0,37.1,37.3
2012/10/29,37.0,37.6,35.6,35.7
2012/10/30,36.0,37.5,36.0,37.1
2012/10/31,37.1,37.5,36.5,36.7
2012/11/01,36.6,37.7,36.0,37.5
2012/11/02,37.7,38.3,37.5,37.9
2012/11/05,37.9,37.9,36.5,36.5
2012/11/06,36.5,37.2,36.2,37.0
2012/11/07,37.2,37.5,36.8,37.5
2012/11/08,36.8,37.3,36.6,37.1
2012/11/09,37.2,37.6,36.6,37.3
2012/11/12,37.6,37.6,37.0,37.3
2012/11/13,37.5,37.5,36.5,36.6
2012/11/14,36.6,37.1,36.0,36.6
2012/11/15,36.2,36.9,36.2,36.8
2012/11/16,36.4,37.2,36.4,36.6
2012/11/19,36.7,36.9,36.0,36.0
2012/11/20,36.4,36.5,36.0,36.0
2012/11/21,36.6,36.6,35.5,35.8
2012/11/22,36.0,36.8,35.5,35.8
2012/11/23,37.5,37.5,36.3,37.0
2012/11/26,37.5,37.9,37.3,37.5
2012/11/27,37.7,37.8,37.5,37.8
2012/11/28,37.7,37.8,37.0,37.0
2012/11/29,37.3,37.6,37.1,37.2
2012/11/30,37.6,38.9,37.3,38.0
2012/12/03,38.5,38.6,37.8,37.8
2012/12/04,37.8,38.4,37.8,38.4
2012/12/05,38.7,38.7,38.2,38.3
2012/12/06,38.5,38.7,37.8,37.8
2012/12/07,38.2,39.2,38.0,38.8
2012/12/10,39.1,39.1,38.2,38.5
2012/12/11,38.7,38.7,37.3,37.4
2012/12/12,37.9,37.9,37.4,37.5
2012/12/13,37.8,38.2,37.6,37.8
2012/12/14,37.9,38.4,37.9,38.1
2012/12/17,38.3,38.3,37.2,37.2
2012/12/18,37.8,37.8,37.1,37.3
2012/12/19,38.2,38.6,37.7,38.6
2012/12/20,38.7,39.6,38.5,39.2
2012/12/21,39.5,39.5,38.2,38.2
2012/12/24,38.0,38.6,37.5,37.6
2012/12/25,37.6,38.5,37.6,38.2
2012/12/26,38.3,38.5,38.0,38.0
2012/12/27,37.9,38.7,37.7,38.3
2012/12/28,39.2,39.7,38.6,38.8
2013/01/02,39.0,39.5,38.9,39.3
2013/01/03,39.8,42.0,39.6,41.5
2013/01/04,41.2,42.3,40.8,41.0
2013/01/07,41.0,41.3,40.3,41.0
2013/01/08,40.7,41.1,40.6,40.8
2013/01/09,41.3,41.8,41.3,41.3
2013/01/10,41.6,42.2,41.4,41.4
2013/01/11,41.6,41.9,40.7,41.0
2013/01/14,40.0,40.6,39.9,40.6
2013/01/15,40.6,41.0,40.2,40.2
2013/01/16,40.5,40.8,40.2,40.2
2013/01/17,40.6,40.6,38.6,38.6
2013/01/18,39.4,40.0,39.0,40.0
2013/01/21,40.0,40.5,39.8,40.3
2013/01/22,40.8,40.8,39.8,40.7
2013/01/23,40.8,41.0,40.5,40.7
2013/01/24,40.8,41.2,40.3,40.3
2013/01/25,40.7,41.8,40.3,41.4
2013/01/28,42.0,42.0,40.9,41.0
2013/01/29,41.7,41.7,40.8,41.2
2013/01/30,41.3,41.6,41.0,41.0
2013/01/31,41.5,42.2,41.2,41.7
2013/02/01,42.4,42.9,41.6,41.7
2013/02/04,41.7,42.1,41.0,41.1
2013/02/05,41.1,41.8,40.8,41.7
2013/02/06,42.0,42.0,41.5,41.7
2013/02/18,42.0,42.8,42.0,42.5
2013/02/19,42.8,42.8,42.1,42.5
2013/02/20,42.6,44.3,42.6,43.7
2013/02/21,43.7,45.0,43.7,44.1
2013/02/22,44.1,44.6,43.7,43.9
2013/02/25,44.3,44.8,43.5,43.8
2013/02/26,43.1,43.5,42.4,42.4
2013/02/27,42.6,43.5,42.3,43.0
2013/03/01,43.5,44.3,43.5,43.7
2013/03/04,44.8,44.8,43.5,43.6
2013/03/05,43.7,44.6,43.7,44.3
2013/03/06,45.0,45.2,44.4,44.6
2013/03/07,45.0,45.0,43.9,44.0
2013/03/08,44.0,44.3,43.4,43.5
2013/03/11,43.8,44.5,43.5,44.0
2013/03/12,44.2,44.7,43.8,43.8
2013/03/13,44.4,44.5,43.3,43.5
2013/03/14,43.2,43.5,43.1,43.1
2013/03/15,43.5,44.4,43.3,43.8
2013/03/18,40.7,42.7,40.7,41.5
2013/03/19,41.8,42.4,41.7,42.4
2013/03/20,42.2,42.5,41.7,42.0
2013/03/21,42.6,42.7,42.0,42.0
2013/03/22,42.7,42.7,42.3,42.6
2013/03/25,42.3,42.9,42.2,42.8
2013/03/26,43.0,43.0,42.3,42.7
2013/03/27,43.1,43.1,42.3,42.4
2013/03/28,42.6,43.3,42.3,42.7
2013/03/29,42.7,43.3,42.5,42.6
2013/04/01,42.5,42.8,41.9,42.0
2013/04/02,42.0,42.4,41.5,42.3
2013/04/03,42.7,43.6,42.5,43.6
2013/04/08,43.5,43.6,42.2,42.6
2013/04/09,42.2,43.0,42.2,42.3
2013/04/10,43.6,43.6,42.8,43.0
2013/04/11,43.8,44.0,43.2,43.5
2013/04/12,43.7,43.8,42.6,42.8
2013/04/15,42.8,42.8,42.2,42.3
2013/04/16,41.1,42.5,41.1,42.5
2013/04/17,42.5,42.7,42.3,42.5
2013/04/18,42.4,43.1,41.8,42.0
2013/04/19,42.2,43.6,42.2,43.3
2013/04/22,43.8,44.4,43.5,43.8
2013/04/23,43.8,43.9,43.2,43.3
2013/04/24,44.0,44.0,43.3,43.4
2013/04/25,43.4,43.8,42.5,42.6
2013/04/26,43.0,43.0,41.8,42.0
2013/04/29,42.6,42.6,41.7,41.9
2013/04/30,42.2,42.8,41.8,41.9
2013/05/02,42.3,42.5,42.0,42.5
2013/05/03,42.9,42.9,41.9,41.9
2013/05/06,42.4,42.4,42.0,42.0
2013/05/07,42.3,42.3,41.7,41.8
2013/05/08,42.4,43.3,42.0,42.5
2013/05/09,43.3,43.3,42.4,42.7
2013/05/10,42.8,42.8,41.8,41.9
2013/05/13,42.0,42.1,41.2,41.5
2013/05/14,41.8,41.9,41.2,41.3
2013/05/15,41.5,41.6,41.1,41.1
2013/05/16,41.6,41.7,41.3,41.6
2013/05/17,41.9,42.2,41.5,42.0
2013/05/20,42.0,42.0,41.5,41.6
2013/05/21,41.0,41.8,41.0,41.2
2013/05/22,41.3,41.8,41.2,41.3
2013/05/23,41.1,41.3,40.7,41.3
2013/05/24,41.3,41.5,40.8,41.3
2013/05/27,41.3,41.3,40.8,40.9
2013/05/28,40.8,41.4,40.8,40.9
2013/05/29,41.1,41.3,40.8,40.8
2013/05/30,40.5,40.8,40.3,40.5
2013/05/31,41.0,41.1,40.2,40.4
2013/06/03,40.4,40.4,39.8,40.0
2013/06/04,40.8,40.8,40.2,40.2
2013/06/05,40.5,40.5,39.8,39.8
2013/06/06,39.8,40.1,39.5,39.6
2013/06/07,39.7,40.0,39.5,39.5
2013/06/10,39.7,40.0,39.7,39.7
2013/06/11,39.5,39.5,39.3,39.3
2013/06/13,39.0,39.0,38.2,38.4
2013/06/14,38.7,38.8,38.1,38.2
2013/06/17,38.5,38.5,38.0,38.1
2013/06/18,38.3,38.5,38.1,38.4
2013/06/19,38.5,38.9,38.5,38.7
2013/06/20,38.5,38.5,38.1,38.4
2013/06/21,38.0,39.5,37.8,39.0
2013/06/24,39.3,39.3,38.6,38.8
2013/06/25,38.5,38.5,38.0,38.1
2013/06/26,38.5,38.7,38.1,38.2
2013/06/27,39.0,39.3,38.6,39.0
2013/06/28,39.2,39.5,39.0,39.0
2013/07/01,36.5,37.0,36.0,36.9
2013/07/02,37.0,37.3,36.5,36.5
2013/07/03,36.9,36.9,36.1,36.2
2013/07/04,36.2,36.3,35.8,35.8
2013/07/05,36.0,36.3,36.0,36.1
2013/07/08,36.6,36.6,36.1,36.1
2013/07/09,36.3,36.4,35.9,35.9
2013/07/10,36.3,36.3,35.9,36.0
2013/07/11,36.0,36.0,34.8,35.8
2013/07/12,36.0,37.2,35.6,37.0
2013/07/15,37.0,37.0,36.6,36.7
2013/07/16,36.8,37.0,36.4,36.5
2013/07/17,37.0,37.0,36.6,36.6
2013/07/18,36.8,36.8,36.1,36.3
2013/07/19,36.3,36.3,35.8,35.8
2013/07/22,35.8,35.8,35.2,35.2
2013/07/23,35.2,35.8,35.2,35.3
2013/07/24,35.4,35.8,35.3,35.5
2013/07/25,35.6,36.1,35.6,36.0
2013/07/26,36.0,36.2,35.6,35.7
2013/07/29,35.7,35.8,35.0,35.2
2013/07/30,35.3,35.5,35.0,35.5
2013/07/31,35.5,35.6,35.0,35.1
2013/08/01,35.5,35.6,35.2,35.3
2013/08/02,35.4,35.8,35.3,35.4
2013/08/05,35.6,36.0,35.6,35.6
2013/08/06,35.8,36.4,35.6,36.3
2013/08/07,36.5,36.5,35.7,35.7
2013/08/08,35.8,36.2,35.5,36.2
2013/08/09,37.0,38.7,36.6,37.6
2013/08/12,37.6,39.0,37.0,38.1
2013/08/13,38.6,38.7,38.1,38.2
2013/08/14,38.5,38.7,37.9,38.0
2013/08/15,38.0,40.0,38.0,39.0
2013/08/16,38.8,39.2,38.5,39.0
2013/08/19,39.1,39.5,38.6,38.6
2013/08/20,38.3,38.9,37.7,37.7
2013/08/22,37.7,38.4,37.7,38.2
2013/08/23,38.5,38.5,37.8,37.9
2013/08/26,38.9,39.0,37.9,38.2
2013/08/27,38.0,38.1,37.3,37.6
2013/08/28,37.2,37.4,37.0,37.1
2013/08/29,37.2,38.1,37.2,37.6
2013/08/30,37.7,37.9,37.4,37.7
2013/09/02,37.7,38.0,37.4,37.8
2013/09/03,38.0,40.3,37.8,40.3
2013/09/04,39.6,39.8,38.8,39.2
2013/09/05,39.7,39.7,39.0,39.2
2013/09/06,39.5,40.1,39.2,39.7
2013/09/09,39.7,39.8,38.9,38.9
2013/09/10,39.4,39.4,38.3,38.3
2013/09/11,38.4,38.7,37.9,38.7
2013/09/12,38.6,38.7,38.3,38.6
2013/09/13,38.7,38.7,38.0,38.2
2013/09/16,38.0,38.3,38.0,38.2
2013/09/17,38.2,38.8,38.2,38.8
2013/09/18,38.8,38.8,38.5,38.8
2013/09/23,39.0,39.0,38.6,38.9
2013/09/24,38.8,39.4,38.8,39.2
2013/09/25,39.2,39.3,39.0,39.3
2013/09/26,39.0,39.3,38.6,39.0
2013/09/27,39.0,39.5,38.9,39.3
2013/09/30,39.3,40.3,39.0,39.9
2013/10/01,40.1,40.8,39.3,39.3
2013/10/02,39.5,40.0,39.5,39.8
2013/10/03,39.7,40.5,39.7,40.0
2013/10/04,39.5,40.0,39.5,39.8
2013/10/07,39.8,40.3,39.5,39.5
2013/10/08,39.4,40.2,39.4,39.7
2013/10/09,40.0,40.2,39.5,39.5
2013/10/11,39.7,40.0,38.7,38.9
2013/10/14,38.9,38.9,37.3,37.8
2013/10/15,37.8,38.5,37.8,38.3
2013/10/16,38.0,38.5,38.0,38.2
2013/10/17,38.7,39.2,38.5,38.8
2013/10/18,38.9,40.3,38.9,40.0
2013/10/21,40.5,41.2,40.4,40.9
2013/10/22,42.0,42.2,40.9,40.9
2013/10/23,41.0,41.0,40.2,40.5
2013/10/24,40.5,41.0,40.5,40.8
2013/10/25,40.8,41.9,40.5,41.6
2013/10/28,41.6,44.5,41.6,44.3
2013/10/29,45.0,47.3,45.0,46.2
2013/10/30,47.2,49.4,46.7,48.6
2013/10/31,48.9,49.0,47.9,49.0
2013/11/01,49.0,49.5,47.9,48.5
2013/11/04,48.5,48.5,46.7,47.2
2013/11/05,47.5,47.8,46.5,47.1
2013/11/06,48.0,48.0,45.5,47.9
2013/11/07,48.5,49.2,47.2,47.8
2013/11/08,48.0,48.3,46.6,46.8
2013/11/11,46.8,47.8,46.0,46.0
2013/11/12,46.0,46.6,44.7,45.8
2013/11/13,45.9,46.8,45.3,45.6
2013/11/14,46.3,47.9,45.6,47.8
2013/11/15,48.3,48.4,46.8,48.0
2013/11/18,49.4,49.7,46.5,46.5
2013/11/19,46.5,47.2,46.2,46.4
2013/11/20,47.0,47.5,46.6,46.8
2013/11/21,46.8,46.8,44.5,44.5
2013/11/22,44.7,45.2,44.7,44.8
2013/11/25,45.7,45.8,44.3,44.5
2013/11/26,44.5,45.3,44.3,44.8
2013/11/27,45.0,46.5,44.8,45.8
2013/11/28,46.0,47.2,45.6,45.7
2013/11/29,45.4,45.9,44.8,44.9
2013/12/02,45.1,45.3,44.3,44.3
2013/12/03,44.1,45.9,43.3,45.7
2013/12/04,45.7,46.5,45.2,45.2
2013/12/05,45.3,45.7,44.6,44.8
2013/12/06,44.8,45.2,44.7,44.8
2013/12/09,45.0,46.0,45.0,45.6
2013/12/10,45.8,45.8,44.0,44.4
2013/12/11,44.5,44.6,43.8,43.8
2013/12/12,44.0,44.2,43.6,44.1
2013/12/13,44.1,45.3,44.1,45.1
2013/12/16,45.1,45.1,43.8,44.0
2013/12/17,44.0,44.5,44.0,44.2
2013/12/18,44.3,46.0,44.2,46.0
2013/12/19,46.5,46.5,45.5,45.5
2013/12/20,45.5,46.4,45.2,46.0
2013/12/23,46.2,47.2,46.1,46.1
2013/12/24,46.2,46.4,45.2,45.4
2013/12/25,45.4,45.7,45.1,45.5
2013/12/26,45.9,46.5,45.7,46.0
2013/12/27,46.3,46.7,45.8,46.0
2013/12/30,47.0,47.0,45.8,45.9
2013/12/31,46.0,46.2,46.0,46.0
2014/01/02,46.0,47.0,46.0,47.0
2014/01/03,47.0,47.0,46.7,46.9
2014/01/06,47.1,47.8,47.0,47.0
2014/01/07,47.8,50.3,47.7,50.3
2014/01/08,51.8,53.8,51.8,53.8
2014/01/09,54.2,55.3,53.1,53.8
2014/01/10,54.5,56.0,53.4,53.8
2014/01/13,54.0,54.4,52.3,53.0
2014/01/14,53.0,55.3,52.4,54.2
2014/01/15,54.6,55.2,53.8,54.0
2014/01/16,55.0,56.7,54.9,55.5
2014/01/17,55.7,56.5,55.0,56.0
2014/01/20,55.6,56.4,54.3,55.0
2014/01/21,54.4,55.9,54.2,54.6
2014/01/22,53.7,55.2,53.2,54.2
2014/01/23,54.0,54.0,52.4,52.7
2014/01/24,52.7,53.8,52.6,52.8
2014/01/27,51.6,52.1,51.2,52.0
2014/02/05,50.9,52.9,50.8,52.9
2014/02/06,53.5,54.3,52.9,53.5
2014/02/07,54.5,54.5,52.9,53.0
2014/02/10,52.8,53.5,51.7,52.4
2014/02/11,53.0,53.0,52.0,52.4
2014/02/12,52.9,53.3,52.0,52.1
2014/02/13,53.2,54.7,52.8,54.2
2014/02/14,54.3,55.1,53.0,53.1
2014/02/17,53.2,53.5,52.1,52.6
2014/02/18,52.6,53.9,52.4,53.9
2014/02/19,53.9,54.8,53.2,53.3
2014/02/20,53.6,54.4,53.3,53.4
2014/02/21,54.3,54.7,53.6,54.1
2014/02/24,55.0,56.3,54.5,54.9
2014/02/25,55.8,55.9,54.9,55.4
2014/02/26,55.9,55.9,54.0,54.0
2014/02/27,54.1,54.4,53.1,53.3
2014/03/03,53.0,53.0,52.2,53.0
2014/03/04,52.4,53.3,52.4,52.5
2014/03/05,53.0,53.0,52.5,52.5
2014/03/06,52.6,53.3,52.4,53.1
2014/03/07,53.3,54.4,52.7,53.0
2014/03/10,53.0,53.4,51.9,52.2
2014/03/11,52.1,52.8,52.1,52.4
2014/03/12,52.2,52.5,52.0,52.0
2014/03/13,52.5,52.8,52.2,52.4
2014/03/14,52.0,55.4,52.0,53.8
2014/03/17,54.6,57.5,54.5,57.5
2014/03/18,58.0,58.1,56.5,57.1
2014/03/19,58.3,59.4,56.7,57.1
2014/03/20,56.7,56.8,54.6,55.8
2014/03/21,55.8,56.5,53.9,54.2
2014/03/24,53.5,54.0,52.1,53.2
2014/03/25,52.8,53.6,52.8,53.5
2014/03/26,53.8,53.9,53.1,53.3
2014/03/27,53.3,53.9,52.7,52.9
2014/03/28,52.5,53.7,52.0,52.0
2014/03/31,52.2,54.8,52.2,54.6
2014/04/01,54.4,55.3,53.8,54.5
2014/04/02,55.2,56.0,54.8,55.2
2014/04/03,56.0,56.3,55.0,55.2
2014/04/07,54.7,54.9,53.5,54.7
2014/04/08,54.7,55.5,53.9,55.4
2014/04/09,55.6,55.8,55.0,55.3
2014/04/10,54.2,54.3,53.1,53.3
2014/04/11,52.5,53.6,52.4,53.5
2014/04/14,53.5,53.6,51.7,52.0
2014/04/15,52.8,53.5,52.3,53.1
2014/04/16,53.2,53.5,52.5,52.7
2014/04/17,53.0,53.6,53.0,53.0
2014/04/18,53.9,53.9,53.0,53.0
2014/04/21,53.0,55.9,53.0,55.7
2014/04/22,55.7,57.8,55.2,56.0
2014/04/23,56.5,57.5,55.6,56.2
2014/04/24,56.2,56.4,54.6,54.9
2014/04/25,54.1,55.0,52.0,52.6
2014/04/28,51.5,54.4,51.5,54.2
2014/04/29,54.5,56.7,54.4,55.9
2014/04/30,59.8,59.8,58.4,59.8
2014/05/02,60.0,60.3,58.5,59.6
2014/05/05,60.3,61.7,59.8,60.6
2014/05/06,61.3,61.5,59.4,60.7
2014/05/07,60.3,61.0,59.8,59.8
2014/05/08,60.2,60.3,58.4,58.5
2014/05/09,60.0,60.0,56.3,57.0
2014/05/12,57.0,58.3,56.5,57.0
2014/05/13,58.8,60.0,57.2,57.6
2014/05/14,57.6,58.8,57.6,58.3
2014/05/15,58.3,59.7,58.0,59.2
2014/05/16,59.0,59.5,57.5,58.7
2014/05/19,58.9,59.4,58.5,59.2
2014/05/20,59.5,59.7,58.8,59.4
2014/05/21,59.4,61.0,57.9,59.1
2014/05/22,59.5,60.2,59.0,59.7
2014/05/23,60.3,60.5,59.4,59.6
2014/05/26,60.2,61.4,59.7,59.8
2014/05/27,60.0,60.7,58.7,58.7
2014/05/28,59.2,59.8,57.7,58.5
2014/05/29,59.0,59.2,58.0,58.9
2014/05/30,59.5,59.5,58.7,59.0
2014/06/03,59.2,59.4,58.3,58.3
2014/06/04,58.5,59.8,58.4,59.2
2014/06/05,59.6,63.3,59.3,63.3
2014/06/06,64.7,64.9,62.3,62.4
2014/06/09,63.0,63.3,62.2,62.9
2014/06/10,63.3,64.0,62.0,62.0
2014/06/11,62.1,63.0,61.6,61.9
2014/06/12,62.5,63.0,61.8,62.1
2014/06/13,61.8,62.4,61.2,61.7
2014/06/16,62.5,62.5,61.6,61.7
2014/06/17,62.2,62.8,61.5,61.7
2014/06/18,61.8,62.7,60.2,61.5
2014/06/19,61.6,62.3,61.3,62.2
2014/06/20,64.0,66.5,63.6,66.5
2014/06/23,67.4,67.9,61.9,61.9
2014/06/24,62.2,63.1,61.5,62.2
2014/06/25,61.3,62.3,61.3,61.8
2014/06/26,62.7,64.2,62.5,63.0
2014/06/27,65.0,65.0,63.2,63.2
2014/06/30,63.6,63.9,62.3,62.8
2014/07/01,63.0,63.7,62.3,63.7
2014/07/02,64.5,64.5,63.0,63.7
2014/07/03,64.5,65.0,64.1,64.3
2014/07/04,64.3,65.7,64.3,65.7
2014/07/07,66.0,66.3,64.3,65.0
2014/07/08,62.3,64.0,61.3,63.2
2014/07/09,63.0,63.5,62.3,62.7
2014/07/10,63.2,65.3,63.1,64.4
2014/07/11,64.4,64.8,62.9,63.0
2014/07/14,64.1,64.8,63.4,64.0
2014/07/15,64.5,64.6,63.6,63.6
2014/07/16,64.4,64.4,63.1,63.1
2014/07/17,62.0,63.6,62.0,63.3
2014/07/18,62.5,63.7,62.3,62.9
2014/07/21,63.5,64.9,63.2,64.6
2014/07/22,64.9,65.6,63.9,64.0
2014/07/24,64.7,67.5,64.3,66.8
2014/07/25,67.3,68.7,65.2,65.2
2014/07/28,65.2,65.6,63.3,65.6
2014/07/29,65.8,66.2,63.2,63.5
2014/07/30,63.0,64.2,62.9,63.4
2014/07/31,64.0,64.6,63.3,63.4
2014/08/01,63.0,63.8,62.5,63.4
2014/08/04,63.4,63.9,63.1,63.6
2014/08/05,64.0,64.9,63.2,64.0
2014/08/06,64.3,64.4,59.6,62.0
2014/08/07,63.5,63.5,61.5,62.1
2014/08/08,61.8,62.2,59.9,61.1
2014/08/11,63.5,64.2,62.5,63.9
2014/08/12,63.9,64.4,63.1,63.5
2014/08/13,63.5,63.9,62.8,63.5
2014/08/14,63.7,65.0,63.4,63.4
2014/08/15,64.0,64.5,63.4,64.3
2014/08/18,64.5,65.5,63.0,63.3
2014/08/19,64.5,64.5,63.2,63.5
2014/08/20,64.4,64.4,63.4,63.4
2014/08/21,63.4,63.4,61.6,61.9
2014/08/22,62.0,63.2,62.0,62.5
2014/08/25,62.5,64.1,62.5,64.0
2014/08/26,64.4,64.7,63.9,64.2
2014/08/27,64.9,65.4,64.4,64.8
2014/08/28,65.3,65.3,63.8,63.9
2014/08/29,63.9,65.3,63.6,65.1
2014/09/01,66.0,67.2,65.8,66.3
2014/09/02,66.5,66.6,64.3,64.9
2014/09/03,65.2,65.3,64.0,64.9
2014/09/04,64.9,65.4,64.4,64.4
2014/09/05,64.8,65.2,64.2,65.2
2014/09/09,65.5,66.1,64.6,65.6
2014/09/10,66.7,66.8,65.0,66.1
2014/09/11,66.1,66.6,65.6,66.1
2014/09/12,66.6,67.1,65.4,66.4
2014/09/15,66.4,67.5,66.3,66.7
2014/09/16,67.0,67.5,66.2,67.5
2014/09/17,68.0,71.4,67.6,69.5
2014/09/18,70.3,70.6,68.5,69.3
2014/09/19,70.0,71.9,70.0,70.8
2014/09/22,70.6,71.3,69.5,71.2
2014/09/23,71.5,71.6,70.5,70.7
2014/09/24,70.9,74.8,70.9,74.1
2014/09/25,74.1,75.3,72.0,72.9
2014/09/26,72.5,72.8,71.5,72.8
2014/09/29,73.5,73.5,72.0,72.2
2014/09/30,72.0,72.7,70.1,72.3
2014/10/01,71.8,73.4,71.6,72.8
2014/10/02,72.5,73.0,71.5,72.9
2014/10/03,73.2,75.5,72.4,74.5
2014/10/06,74.5,76.0,74.0,75.1
2014/10/07,74.1,74.8,71.0,71.0
2014/10/08,70.2,72.2,69.6,69.6
2014/10/09,72.0,73.6,69.9,71.2
2014/10/13,69.0,69.5,66.5,66.8
2014/10/14,67.2,70.8,67.2,70.1
2014/10/15,71.0,71.8,69.3,70.6
2014/10/16,69.1,70.3,66.7,69.1
2014/10/17,70.0,70.0,67.1,67.4
2014/10/20,70.0,70.0,67.7,68.2
2014/10/21,68.0,68.1,66.9,67.5
2014/10/22,68.3,70.3,68.3,69.9
2014/10/23,69.8,70.7,69.3,70.0
2014/10/24,70.6,70.6,68.8,69.2
2014/10/27,70.3,71.3,68.3,68.8
2014/10/28,70.0,70.9,69.3,70.0
2014/10/29,70.6,74.4,70.2,73.5
2014/10/30,73.9,74.7,72.6,74.4
2014/10/31,74.9,74.9,72.5,73.3
2014/11/03,73.8,74.4,72.5,73.4
2014/11/04,73.6,74.5,72.8,73.7
2014/11/05,74.5,75.5,72.0,72.2
2014/11/06,72.1,72.3,70.1,70.1
2014/11/07,71.4,71.4,69.0,70.9
2014/11/10,71.0,72.4,71.0,71.5
2014/11/11,72.0,72.3,71.1,71.6
2014/11/12,71.6,72.1,70.0,71.2
2014/11/13,70.6,71.0,70.0,70.1
2014/11/14,70.8,70.9,70.0,70.5
2014/11/17,71.2,71.2,69.9,69.9
2014/11/18,70.1,70.4,65.3,67.0
2014/11/19,67.6,68.9,66.6,68.9
2014/11/20,68.9,70.7,68.2,70.5
2014/11/21,70.5,71.8,70.5,70.7
2014/11/24,72.0,72.8,71.2,72.8
2014/11/25,72.8,73.5,72.0,73.4
2014/11/26,73.4,73.4,72.5,72.5
2014/11/27,72.5,73.7,72.5,72.6
2014/11/28,72.6,73.6,72.6,73.5
2014/12/01,72.0,74.3,71.6,73.9
2014/12/02,73.9,75.6,73.0,74.9
2014/12/03,75.3,76.0,74.3,76.0
2014/12/04,76.5,81.0,76.0,79.5
2014/12/05,79.9,80.8,77.5,79.0
2014/12/08,79.4,79.7,77.7,78.1
2014/12/09,77.5,79.3,76.9,77.8
2014/12/10,77.8,78.4,76.4,76.9
2014/12/11,76.2,77.5,76.2,77.4
2014/12/12,77.7,79.9,77.7,79.7
2014/12/15,79.0,79.0,78.0,78.7
2014/12/16,78.1,78.5,76.8,77.1
2014/12/17,76.5,77.4,75.7,76.0
2014/12/18,76.7,79.0,76.6,78.4
2014/12/19,79.4,79.7,77.5,78.0
2014/12/22,78.5,78.5,77.4,77.7
2014/12/23,78.0,78.8,77.8,78.5
2014/12/24,78.5,83.9,78.5,81.9
2014/12/25,81.8,81.8,79.9,80.1
2014/12/26,80.1,80.8,80.1,80.2
2014/12/29,80.4,80.8,79.2,80.2
2014/12/30,80.8,80.9,79.8,80.9
2014/12/31,80.9,81.6,80.3,81.4
2015/01/05,81.7,83.5,81.7,83.5
2015/01/06,83.0,83.0,81.2,81.5
2015/01/07,81.8,86.7,81.5,85.6
2015/01/08,85.6,88.4,84.5,85.0
2015/01/09,86.0,87.9,85.2,87.2
2015/01/12,88.0,90.5,87.3,88.8
2015/01/13,88.8,90.0,87.6,88.3
2015/01/14,88.6,93.5,87.5,92.0
2015/01/15,91.9,93.8,91.2,92.2
2015/01/16,93.0,98.3,91.0,91.1
2015/01/19,92.6,93.3,91.4,92.0
2015/01/20,92.2,92.8,91.2,92.3
2015/01/21,93.1,94.7,92.5,94.1
2015/01/22,94.8,97.2,94.0,94.9
2015/01/23,96.0,97.0,95.5,97.0
2015/01/26,97.7,100.5,96.7,99.7
2015/01/27,100.5,101.5,99.0,100.0
2015/01/28,99.5,107.0,99.1,107.0
2015/01/29,106.0,106.5,103.0,105.0
2015/01/30,106.0,106.0,99.5,104.0
2015/02/02,103.5,105.0,100.0,102.5
2015/02/03,102.5,104.5,99.5,102.0
2015/02/04,102.0,104.0,100.0,103.5
2015/02/05,103.5,104.5,99.4,99.6
2015/02/06,99.8,101.0,97.8,98.9
2015/02/09,98.9,101.0,98.1,100.5
2015/02/10,101.5,102.5,98.7,99.0
2015/02/11,100.0,101.5,99.6,100.5
2015/02/12,100.5,100.5,97.0,99.8
2015/02/13,100.0,106.5,99.1,106.5
2015/02/24,109.0,113.5,107.0,111.0
2015/02/25,109.0,113.0,109.0,111.0
2015/02/26,110.0,112.5,107.0,108.5
2015/03/02,108.5,111.0,107.5,111.0
2015/03/03,111.0,114.0,109.0,109.0
2015/03/04,108.5,110.5,108.0,110.0
2015/03/05,111.0,117.5,110.5,116.5
2015/03/06,117.0,118.5,114.0,116.0
2015/03/09,116.0,121.0,114.5,120.5
2015/03/10,116.5,119.5,112.5,112.5
2015/03/11,109.5,112.5,107.5,110.5
2015/03/12,112.0,114.0,110.5,114.0
2015/03/13,115.0,115.0,113.0,113.0
2015/03/16,112.0,113.5,110.0,111.0
2015/03/17,111.0,112.5,104.0,105.0
2015/03/18,106.0,106.0,100.5,104.5
2015/03/19,105.0,108.0,104.0,106.0
2015/03/20,107.0,112.0,106.0,111.0
2015/03/23,112.0,113.0,108.5,110.0
2015/03/24,110.0,111.0,107.0,109.5
2015/03/25,109.5,111.0,107.5,107.5
2015/03/26,107.0,110.5,106.0,110.0
2015/03/27,111.0,111.5,108.0,110.0
2015/03/30,110.0,114.0,106.0,114.0
2015/03/31,115.0,115.0,109.5,114.0
2015/04/01,112.0,112.5,109.5,109.5
2015/04/02,109.5,113.0,107.5,112.5
2015/04/07,112.0,112.0,108.5,109.0
2015/04/08,108.5,110.5,105.5,105.5
2015/04/09,106.5,109.5,105.5,106.0
2015/04/10,109.0,109.5,103.0,103.5
2015/04/13,104.5,106.0,102.0,106.0
2015/04/14,105.5,106.0,104.5,104.5
2015/04/15,105.0,105.5,101.0,101.5
2015/04/16,102.0,103.5,101.5,103.0
2015/04/17,104.0,104.5,101.0,104.5
2015/04/20,102.5,103.5,101.0,101.0
2015/04/21,102.0,102.5,94.0,94.0
2015/04/22,93.0,98.0,89.0,97.0
2015/04/23,99.1,99.6,97.1,98.7
2015/04/24,99.1,104.0,99.1,101.5
2015/04/27,102.5,108.5,98.4,108.5
2015/04/28,110.0,112.5,106.0,108.0
2015/04/29,108.0,111.5,104.0,104.0
2015/04/30,106.0,111.0,105.0,111.0
2015/05/04,112.0,113.0,108.0,110.0
2015/05/05,111.0,111.0,107.0,110.0
2015/05/06,108.5,109.5,102.5,103.0
2015/05/07,103.0,103.0,95.8,98.8
2015/05/08,99.5,101.0,93.8,95.5
2015/05/11,97.3,98.0,94.5,96.0
2015/05/12,96.0,97.9,94.7,96.5
2015/05/13,97.0,97.5,95.1,96.0
2015/05/14,97.0,98.8,96.1,96.5
2015/05/15,97.9,98.9,97.0,98.0
2015/05/18,99.0,99.2,95.2,97.9
2015/05/19,98.0,99.8,96.7,99.3
2015/05/20,99.9,102.0,99.3,100.0
2015/05/21,100.0,103.5,99.0,103.0
2015/05/22,104.0,104.5,100.0,100.0
2015/05/25,98.5,99.7,96.5,96.6
2015/05/26,96.6,98.0,96.0,96.3
2015/05/27,97.0,103.0,96.9,103.0
2015/05/28,105.0,105.5,101.5,102.5
2015/05/29,105.0,109.5,104.5,109.5
2015/06/01,108.5,109.0,102.0,105.0
2015/06/02,105.0,113.5,104.0,111.5
2015/06/03,113.0,113.5,107.5,108.0
2015/06/04,109.5,109.5,97.3,97.6
2015/06/05,97.6,103.0,97.6,102.5
2015/06/08,101.5,102.0,95.5,97.9
2015/06/09,97.0,99.7,92.5,92.5
2015/06/10,93.2,96.5,93.2,95.2
2015/06/11,96.5,99.6,95.2,98.0
2015/06/12,97.6,101.0,96.2,97.5
2015/06/15,97.3,100.5,97.2,98.0
2015/06/16,99.2,101.0,99.0,100.5
2015/06/17,101.0,101.5,99.0,99.5
2015/06/18,99.5,108.0,99.0,107.0
2015/06/22,108.0,112.5,105.0,106.0
2015/06/23,108.0,109.5,106.0,106.5
2015/06/24,106.5,111.0,106.0,107.0
2015/06/25,107.5,109.5,106.5,107.0
2015/06/26,107.0,107.5,105.0,105.0
2015/06/29,102.0,103.0,98.7,100.0
2015/06/30,100.0,102.5,99.7,100.5
2015/07/01,102.0,107.5,101.5,107.5
2015/07/02,108.5,109.0,104.0,104.5
2015/07/03,105.0,105.0,102.0,102.0
2015/07/06,102.0,105.0,101.0,102.0
2015/07/07,100.0,102.0,98.7,99.1
2015/07/08,100.0,100.0,91.2,93.7
2015/07/09,92.5,97.8,89.2,97.8
2015/07/13,99.5,100.5,98.4,98.6
2015/07/14,100.5,101.0,95.2,95.2
2015/07/15,96.5,96.5,94.7,95.0
2015/07/16,95.8,97.4,95.6,95.7
2015/07/17,96.5,97.3,95.4,95.4
2015/07/20,96.0,96.4,90.0,90.2
2015/07/21,90.2,90.2,81.8,84.0
2015/07/22,83.8,86.4,82.6,83.1
2015/07/23,83.4,84.4,78.2,81.1
2015/07/24,81.2,82.0,77.3,78.2
2015/07/27,75.1,77.9,70.4,70.4
2015/07/28,70.6,77.4,70.6,77.4
2015/07/29,77.5,79.6,75.5,75.9
2015/07/30,77.0,80.9,76.7,78.8
2015/07/31,78.9,79.4,77.0,77.5
2015/08/03,77.0,77.0,71.6,72.8
2015/08/04,73.4,76.0,69.6,71.0
2015/08/05,71.7,73.9,70.7,71.7
2015/08/06,72.5,73.0,71.2,72.0
2015/08/07,73.0,78.6,72.9,75.9
2015/08/10,75.4,78.5,74.2,77.5
2015/08/11,78.5,82.2,78.4,80.0
2015/08/12,80.0,80.6,77.6,78.3
2015/08/13,79.0,79.6,77.0,78.5
2015/08/14,78.4,78.4,76.1,76.1
2015/08/17,76.0,78.4,73.8,78.0
2015/08/18,79.2,81.8,78.8,79.0
2015/08/19,80.1,82.8,79.4,82.8
2015/08/20,83.5,87.0,82.5,84.5
2015/08/21,82.8,84.5,82.2,83.3
2015/08/24,82.8,82.8,75.6,79.9
2015/08/25,75.5,81.9,75.5,81.9
2015/08/26,81.9,81.9,78.8,80.3
2015/08/27,83.3,85.8,82.4,85.0
2015/08/28,87.6,89.0,84.1,84.1
2015/08/31,84.1,86.3,83.5,85.9
2015/09/01,85.0,88.5,84.9,87.6
2015/09/02,87.8,88.4,86.6,86.6
2015/09/03,87.4,87.5,85.3,85.5
2015/09/04,85.5,87.3,85.4,85.5
2015/09/07,86.9,89.1,86.6,88.5
2015/09/08,88.9,90.0,87.6,90.0
2015/09/09,91.0,92.5,88.9,90.4
2015/09/10,91.1,92.3,89.0,89.0
2015/09/11,90.0,91.5,89.7,90.0
2015/09/14,91.6,98.0,91.5,94.5
2015/09/15,95.4,96.8,92.2,92.2
2015/09/16,93.4,94.3,92.2,92.2
2015/09/17,93.6,94.7,93.2,94.2
2015/09/18,94.1,99.4,93.8,97.8
2015/09/21,96.4,97.1,94.9,95.9
2015/09/22,96.8,97.3,95.2,96.5
2015/09/23,96.4,96.4,93.0,93.1
2015/09/24,93.2,94.5,91.4,93.2
2015/09/25,94.0,95.2,93.6,94.8
2015/09/30,92.0,95.4,92.0,95.2
2015/10/01,96.1,97.6,96.0,96.6
2015/10/02,97.5,98.3,96.5,96.9
2015/10/05,97.4,102.0,97.4,100.5
2015/10/06,101.5,102.0,96.4,97.1
2015/10/07,97.2,99.3,97.1,97.5
2015/10/08,100.5,100.5,95.5,95.7
2015/10/12,97.2,97.2,95.6,95.6
2015/10/13,96.0,97.8,96.0,96.2
2015/10/14,96.0,96.7,95.2,95.3
2015/10/15,95.7,96.4,93.7,93.9
2015/10/16,94.2,96.2,93.8,96.0
2015/10/19,96.4,96.5,93.5,93.9
2015/10/20,93.9,95.8,93.1,95.8
2015/10/21,96.0,98.5,95.0,95.1
2015/10/22,94.6,95.5,93.2,93.9
2015/10/23,94.8,95.1,91.4,91.8
2015/10/26,92.1,93.6,91.2,92.5
2015/10/27,92.5,93.3,91.0,92.6
2015/10/28,92.6,93.4,92.0,92.0
2015/10/29,93.0,93.0,90.5,90.5
2015/10/30,90.9,92.6,89.7,91.3
2015/11/02,92.2,92.5,90.9,91.5
2015/11/03,92.0,96.8,91.7,96.2
2015/11/04,97.1,101.0,96.3,99.4
2015/11/05,101.0,104.5,99.1,104.0
2015/11/06,103.5,103.5,99.1,99.7
2015/11/09,98.3,99.2,95.2,95.3
2015/11/10,95.3,97.4,94.8,95.5
2015/11/11,96.4,96.4,92.5,92.5
2015/11/12,93.0,93.8,91.0,93.1
2015/11/13,92.2,95.3,92.2,94.0
2015/11/16,91.5,92.6,90.0,90.7
2015/11/17,92.0,93.9,91.6,93.0
2015/11/18,93.0,93.0,90.8,90.8
2015/11/19,91.8,92.1,90.7,91.0
2015/11/20,91.0,91.0,87.5,88.2
2015/11/23,88.2,88.2,84.8,84.8
2015/11/24,84.6,87.9,84.6,86.1
2015/11/25,86.0,86.6,84.7,85.6
2015/11/26,86.0,88.7,85.2,88.0
2015/11/27,88.6,88.8,86.8,88.1
2015/11/30,88.1,90.5,86.5,90.5
2015/12/01,89.3,90.4,88.5,89.6
2015/12/02,90.6,93.5,90.0,90.0
2015/12/03,89.3,91.4,89.3,90.0
2015/12/04,89.5,91.5,89.0,90.6
2015/12/07,91.8,97.5,91.0,96.5
2015/12/08,97.4,97.6,92.4,92.5
2015/12/09,92.5,93.4,89.5,90.5
2015/12/10,91.6,92.3,90.0,91.0
2015/12/11,91.5,92.4,88.0,88.0
2015/12/14,85.2,89.4,85.2,88.8
2015/12/15,88.8,89.6,88.1,89.6
2015/12/16,90.4,90.4,88.5,88.5
2015/12/17,91.0,92.9,89.2,92.0
2015/12/18,92.0,94.7,90.8,92.0
2015/12/21,91.4,93.8,90.5,93.5
2015/12/22,94.6,95.0,92.0,93.0
2015/12/23,94.0,94.5,91.8,92.0
2015/12/24,93.0,93.6,90.5,91.2
2015/12/25,90.8,92.1,90.8,92.1
2015/12/28,92.8,92.8,90.5,90.5
2015/12/29,90.1,92.6,88.2,92.5
2015/12/30,93.2,93.2,90.7,90.8
2015/12/31,90.8,93.3,90.3,93.3
2016/01/05,90.9,90.9,87.4,87.4
2016/01/06,87.4,88.2,85.1,85.5
2016/01/07,85.4,86.6,79.1,79.8
2016/01/08,80.3,87.7,80.3,87.7
2016/01/11,86.5,88.8,84.7,87.3
2016/01/12,88.0,89.0,84.3,84.3
2016/01/13,86.0,88.5,86.0,87.6
2016/01/14,85.1,86.5,84.1,84.4
2016/01/15,86.0,86.3,84.5,85.0
2016/01/18,83.5,91.3,83.3,90.0
2016/01/19,89.6,90.6,87.1,90.4
2016/01/20,89.7,89.7,87.5,87.7
2016/01/21,89.4,90.6,88.2,88.7
2016/01/22,90.3,91.3,89.9,90.4
2016/01/25,91.2,94.8,90.7,93.3
2016/01/26,92.9,94.8,92.3,94.6
2016/01/27,94.9,97.0,94.4,95.3
2016/01/28,96.0,98.0,95.7,96.6
2016/01/29,96.1,97.7,95.5,97.7
2016/02/01,97.0,99.1,96.6,98.9
2016/02/02,98.4,98.9,97.1,97.3
2016/02/03,96.6,97.4,96.5,96.6
2016/02/15,96.5,97.6,95.6,96.6
2016/02/16,97.2,99.4,96.2,96.6
2016/02/17,97.0,97.9,94.0,94.6
2016/02/18,95.8,96.3,94.8,95.5
2016/02/19,95.5,96.8,95.0,95.2
2016/02/22,96.5,96.5,94.1,94.5
2016/02/23,96.3,99.0,95.8,96.4
2016/02/24,97.1,97.4,94.1,94.4
2016/02/25,96.1,96.1,93.2,93.3
2016/02/26,93.9,94.2,92.7,94.0
2016/03/01,94.5,94.9,93.3,94.5
2016/03/02,95.3,97.0,94.3,94.4
2016/03/03,95.0,95.2,91.1,91.8
2016/03/04,92.7,92.7,91.1,91.3
2016/03/07,91.8,93.0,91.5,91.8
2016/03/08,91.8,91.8,89.6,90.7
2016/03/09,90.7,90.7,88.5,89.0
2016/03/10,89.0,90.5,88.7,89.4
2016/03/11,89.6,91.0,89.0,89.9
2016/03/14,90.7,93.9,90.1,93.5
2016/03/15,93.1,94.3,92.8,93.2
2016/03/16,93.3,95.0,93.3,94.6
2016/03/17,95.3,95.8,92.0,92.0
2016/03/18,92.5,93.3,91.6,92.7
2016/03/21,92.9,92.9,91.6,91.6
2016/03/22,91.6,92.0,90.0,90.0
2016/03/23,90.8,91.2,89.5,89.7
2016/03/24,89.8,92.6,89.8,90.8
2016/03/25,91.7,92.5,91.1,91.4
2016/03/28,91.9,93.0,91.5,92.1
2016/03/29,92.1,93.9,90.8,91.4
2016/03/30,92.5,92.5,91.4,92.2
2016/03/31,93.6,94.5,92.6,93.2
2016/04/01,93.5,94.6,92.6,92.7
2016/04/06,90.7,91.1,89.1,89.2
2016/04/07,90.0,90.6,89.1,90.0
2016/04/08,90.2,90.5,89.1,89.5
2016/04/11,89.9,90.4,88.6,89.0
2016/04/12,88.5,89.5,86.7,86.7
2016/04/13,87.2,90.2,87.2,89.5
2016/04/14,90.5,93.4,90.0,92.8
2016/04/15,92.5,98.5,92.5,95.5
2016/04/18,95.0,96.7,93.7,94.5
2016/04/19,96.0,96.0,93.2,93.3
2016/04/20,94.5,94.6,90.6,91.5
2016/04/21,92.5,95.6,91.7,94.5
2016/04/22,94.5,95.1,92.9,94.5
2016/04/25,94.5,97.6,93.5,96.1
2016/04/26,96.6,97.8,95.1,95.2
2016/04/27,95.2,96.0,94.5,95.3
2016/04/28,95.5,95.5,93.1,94.3
2016/04/29,94.5,95.0,93.4,94.4
2016/05/03,95.3,96.3,94.6,95.6
2016/05/04,95.6,95.9,93.5,93.7
2016/05/05,93.7,96.0,93.0,96.0
2016/05/06,95.9,96.0,92.6,92.7
2016/05/09,91.3,93.2,90.6,90.9
2016/05/10,91.0,94.3,90.7,93.0
2016/05/11,94.0,94.8,92.4,94.1
2016/05/12,94.7,96.2,93.5,95.1
2016/05/13,95.0,95.6,94.3,95.3
2016/05/16,95.1,96.0,93.6,93.6
2016/05/17,94.1,94.6,93.1,93.9
2016/05/18,93.1,94.1,91.7,92.5
2016/05/19,93.2,93.5,91.5,91.8
2016/05/20,91.7,94.0,91.3,93.0
2016/05/23,93.0,94.0,91.0,93.4
2016/05/24,93.4,94.4,93.0,93.4
2016/05/25,94.3,96.9,94.0,95.5
2016/05/26,96.2,96.2,94.0,94.5
2016/05/27,95.5,95.8,94.5,95.0
2016/05/30,95.5,98.2,94.4,97.3
2016/05/31,98.0,99.4,96.4,99.3
2016/06/01,101.0,108.5,101.0,105.0
2016/06/02,105.0,106.5,101.0,102.0
2016/06/03,103.5,104.0,100.0,101.5
2016/06/06,102.5,103.0,100.5,101.5
2016/06/07,102.5,105.0,101.5,102.0
2016/06/08,103.5,105.5,102.0,103.0
2016/06/13,103.0,103.5,99.3,100.5
2016/06/14,101.0,102.5,99.7,101.0
2016/06/15,101.5,103.5,99.9,100.5
2016/06/16,101.0,101.0,99.5,100.5
2016/06/17,101.5,106.5,100.5,104.0
2016/06/20,105.0,105.0,103.0,104.0
2016/06/21,104.0,106.0,103.5,104.5
2016/06/22,105.0,106.5,103.0,103.0
2016/06/23,104.5,104.5,101.5,101.5
2016/06/24,103.0,103.0,97.1,99.1
2016/06/27,98.5,102.0,98.5,102.0
2016/06/28,101.0,103.0,101.0,102.5
2016/06/29,103.0,103.5,101.5,102.0
2016/06/30,103.5,106.0,102.5,105.0
2016/07/01,106.0,106.0,103.5,104.5
2016/07/04,104.5,106.0,103.5,105.5
2016/07/05,106.5,109.5,106.5,107.5
2016/07/06,107.0,107.0,103.5,104.5
2016/07/07,100.5,102.0,99.0,101.0
2016/07/11,102.5,104.5,101.0,104.5
2016/07/12,104.5,105.5,103.5,104.5
2016/07/13,105.5,106.0,104.5,105.0
2016/07/14,103.0,105.5,103.0,104.5
2016/07/15,105.0,111.0,105.0,110.0
2016/07/18,109.0,109.5,106.5,107.0
2016/07/19,107.0,108.0,104.5,105.5
2016/07/20,106.5,108.0,105.0,106.0
2016/07/21,106.5,107.0,105.0,106.0
2016/07/22,106.0,108.5,105.5,106.5
2016/07/25,107.0,108.0,102.0,103.5
2016/07/26,103.5,105.0,103.0,105.0
2016/07/27,105.0,106.5,103.5,104.0
2016/07/28,105.0,105.0,103.5,104.5
2016/07/29,104.5,106.5,104.0,106.0
2016/08/01,106.0,106.0,104.5,105.5
2016/08/02,106.0,106.0,103.0,104.0
2016/08/03,104.0,104.0,101.5,103.0
2016/08/04,104.0,104.5,103.0,104.0
2016/08/05,104.0,104.5,102.0,103.5
2016/08/08,105.0,105.5,103.0,103.0
2016/08/09,104.0,104.0,102.0,102.0
2016/08/10,103.0,103.5,102.0,102.5
2016/08/11,102.5,103.0,99.5,99.5
2016/08/12,100.0,101.0,99.0,99.2
2016/08/15,99.2,101.0,99.1,101.0
2016/08/16,101.0,106.0,100.0,103.0
2016/08/17,102.5,104.5,101.5,102.5
2016/08/18,102.0,105.0,102.0,105.0
2016/08/19,106.0,106.5,101.0,101.0
2016/08/22,101.0,101.5,97.2,97.4
2016/08/23,97.7,99.3,97.7,98.7
2016/08/24,99.0,102.0,99.0,101.5
2016/08/25,100.5,102.0,100.5,101.5
2016/08/26,101.0,102.5,100.5,101.5
2016/08/29,101.5,104.0,100.5,103.5
2016/08/30,103.5,105.0,102.0,103.5
2016/08/31,104.5,106.0,104.0,106.0
2016/09/01,107.0,107.0,104.5,105.0
2016/09/02,105.0,108.0,104.5,106.0
2016/09/05,108.0,108.0,105.0,107.5
2016/09/06,107.0,107.0,105.0,106.0
2016/09/07,105.5,107.0,104.5,106.5
2016/09/08,106.0,108.5,105.0,108.5
2016/09/09,107.0,108.0,104.0,104.5
2016/09/12,102.5,103.0,101.5,101.5
2016/09/13,102.5,103.0,99.9,100.5
2016/09/14,100.0,101.5,100.0,101.0
2016/09/19,101.5,104.0,101.5,103.5
2016/09/20,104.0,104.5,103.0,104.0
2016/09/21,103.5,106.0,103.0,103.5
2016/09/22,104.0,105.0,103.5,104.0
2016/09/23,105.0,105.5,103.5,104.0
2016/09/26,104.0,105.5,104.0,104.0
2016/09/29,105.0,105.5,104.0,104.0
2016/09/30,103.5,105.0,102.0,103.5
2016/10/03,104.0,105.0,102.5,104.0
2016/10/04,103.5,105.0,103.5,104.5
2016/10/05,104.5,104.5,102.0,102.0
2016/10/06,102.5,104.0,102.0,103.5
2016/10/07,105.0,107.0,105.0,105.0
2016/10/11,106.5,106.5,103.5,104.5
2016/10/12,104.5,105.5,104.0,104.5
2016/10/13,105.5,105.5,104.0,105.0
2016/10/14,104.5,105.0,102.5,104.0
2016/10/17,104.0,108.0,103.5,108.0
2016/10/18,107.5,109.0,107.0,107.5
2016/10/19,107.5,109.0,107.0,108.0
2016/10/20,108.5,115.5,108.5,111.5
2016/10/21,111.0,112.5,110.5,112.0
2016/10/24,112.5,119.0,111.5,117.0
2016/10/25,117.0,119.0,115.0,115.5
2016/10/26,115.5,117.5,114.5,116.5
2016/10/27,117.0,118.5,115.5,118.5
2016/10/28,118.0,118.0,114.5,117.0
2016/10/31,117.0,117.5,115.0,117.0
2016/11/01,117.0,117.0,114.0,117.0
2016/11/02,116.5,117.0,110.0,110.5
2016/11/03,111.5,113.0,110.0,110.5
2016/11/04,111.0,112.5,110.0,111.5
2016/11/07,112.0,113.5,111.5,113.0
2016/11/08,114.0,114.0,105.5,108.0
2016/11/09,109.0,110.0,103.5,105.5
2016/11/10,108.5,111.5,107.5,110.5
2016/11/11,107.5,108.5,106.5,108.0
2016/11/14,108.0,109.0,105.0,108.0
2016/11/15,107.5,108.0,106.5,106.5
2016/11/16,107.0,109.0,107.0,108.0
2016/11/17,108.0,108.5,106.5,107.5
2016/11/18,107.5,109.0,106.5,108.5
2016/11/21,108.5,112.0,108.5,111.0
2016/11/22,112.0,114.0,110.5,112.5
2016/11/23,113.0,113.5,111.5,112.5
2016/11/24,112.5,112.5,111.0,111.5
2016/11/25,111.5,114.5,111.0,112.5
2016/11/28,112.5,113.5,112.0,113.0
2016/11/29,112.0,112.5,111.0,111.5
2016/11/30,111.5,113.0,110.5,111.5
2016/12/01,111.0,111.5,109.5,110.5
2016/12/02,110.5,110.5,108.0,108.5
2016/12/05,108.5,109.0,106.0,107.0
2016/12/06,107.5,109.0,106.5,107.5
2016/12/07,108.0,110.0,108.0,110.0
2016/12/08,110.0,111.5,109.5,110.5
2016/12/09,108.0,108.5,106.5,107.5
2016/12/12,107.5,107.5,105.0,106.0
2016/12/13,106.0,106.5,104.5,105.0
2016/12/14,105.0,106.0,103.0,103.0
2016/12/15,103.0,104.0,101.5,103.5
2016/12/16,103.5,103.5,101.0,102.5
2016/12/19,103.0,103.5,102.0,103.0
2016/12/20,103.5,104.0,102.5,103.0
2016/12/21,103.0,103.0,100.0,100.5
2016/12/22,100.5,100.5,98.7,99.6
2016/12/23,99.7,100.0,98.0,99.5
2016/12/26,100.0,101.5,99.3,100.5
2016/12/27,101.0,101.0,99.7,99.9
2016/12/28,101.0,102.0,100.5,101.5
2016/12/29,101.5,102.0,100.5,102.0
2016/12/30,102.5,103.5,102.0,102.5
2017/01/03,102.5,102.5,100.5,102.0
2017/01/04,102.0,102.0,99.2,99.4
2017/01/05,99.5,100.5,99.3,99.4
2017/01/06,99.5,100.5,99.0,100.0
2017/01/09,96.0,96.0,91.7,92.0
2017/01/10,91.6,94.8,91.6,94.5
2017/01/11,95.0,95.2,94.2,95.2
2017/01/12,95.2,95.4,94.3,95.2
2017/01/13,95.2,95.2,92.5,92.8
2017/01/16,93.5,93.8,92.3,92.6
2017/01/17,93.4,95.8,92.7,94.6
2017/01/18,94.7,95.2,93.5,93.8
2017/01/19,93.8,94.9,93.3,94.5
2017/01/20,94.5,94.5,93.5,93.9
2017/01/23,93.9,94.5,93.7,93.9
2017/01/24,93.9,95.1,93.9,94.2
2017/02/02,94.7,95.6,93.9,95.0
2017/02/03,95.2,96.3,94.6,96.0
2017/02/06,96.6,98.3,96.1,97.0
2017/02/07,96.2,96.2,93.7,94.4
2017/02/08,94.4,95.3,94.0,94.9
2017/02/09,95.7,97.7,94.9,96.6
2017/02/10,98.0,98.0,96.3,97.3
2017/02/13,98.0,98.8,97.3,98.2
2017/02/14,100.0,103.5,100.0,102.0
2017/02/15,101.0,103.0,100.0,101.0
2017/02/16,101.0,102.0,99.1,99.1
2017/02/17,99.2,100.0,98.4,98.6
2017/02/20,99.2,102.0,98.8,100.0
2017/02/21,100.0,100.0,98.1,98.4
2017/02/22,101.0,101.0,99.8,100.5
2017/02/23,100.5,101.0,99.6,100.5
2017/02/24,100.5,100.5,99.2,99.3
2017/03/01,99.3,99.5,98.4,98.5
2017/03/02,98.9,99.2,98.0,98.0
2017/03/03,98.1,99.5,98.1,98.6
2017/03/06,98.7,99.3,98.5,98.8
2017/03/07,98.9,100.5,98.9,99.7
2017/03/08,100.5,101.0,99.4,100.5
2017/03/09,100.0,100.0,99.4,99.4
2017/03/10,99.2,99.2,98.0,98.7
2017/03/13,98.7,99.4,98.4,98.6
2017/03/14,98.9,99.3,98.5,98.9
2017/03/15,98.8,100.5,98.8,99.7
2017/03/16,100.5,101.0,99.9,101.0
2017/03/17,101.0,103.5,100.5,101.5
2017/03/20,102.0,102.0,100.5,101.0
2017/03/21,101.0,101.5,100.5,101.0
2017/03/22,100.5,101.0,99.3,100.0
2017/03/23,100.5,100.5,99.7,99.8
2017/03/24,99.8,100.0,99.0,99.3
2017/03/27,99.5,100.5,99.5,99.5
2017/03/28,100.0,100.5,98.0,99.3
2017/03/29,99.3,99.3,98.3,98.6
2017/03/30,98.7,100.0,98.7,99.4
2017/03/31,99.4,99.4,98.4,98.6
2017/04/05,98.6,99.6,98.4,99.6
2017/04/06,99.3,99.6,98.6,98.9
2017/04/07,98.8,98.8,96.6,96.7
2017/04/10,96.6,96.8,94.5,94.6
2017/04/11,94.6,94.6,93.0,93.7
2017/04/12,93.0,93.3,92.0,92.1
2017/04/13,92.0,93.1,91.9,92.3
2017/04/14,93.0,93.0,91.7,92.3
2017/04/17,92.8,92.9,91.3,91.5
2017/04/18,92.2,92.3,90.1,90.4
2017/04/19,90.5,90.8,89.5,89.6
2017/04/20,89.3,91.8,89.3,90.7
2017/04/21,91.0,91.5,89.0,90.4
2017/04/24,91.3,91.3,89.6,89.6
2017/04/25,89.8,90.6,89.8,90.1
2017/04/26,90.5,91.4,90.5,91.1
2017/04/27,91.1,91.7,90.2,91.1
2017/04/28,91.1,91.1,90.3,90.6
2017/05/02,90.7,92.7,90.7,92.1
2017/05/03,92.1,92.4,91.2,91.4
2017/05/04,91.5,91.7,91.0,91.4
2017/05/05,91.8,92.0,91.2,91.2
2017/05/08,91.8,91.8,91.3,91.3
2017/05/09,90.2,91.3,89.5,90.2
2017/05/10,90.2,91.1,90.2,90.6
2017/05/11,90.6,91.3,89.6,90.0
2017/05/12,90.8,90.8,89.5,90.0
2017/05/15,90.3,91.2,90.1,90.8
2017/05/16,91.0,91.2,89.8,90.3
2017/05/17,90.3,90.3,89.5,90.0
2017/05/18,89.4,89.4,88.8,88.8
2017/05/19,88.1,88.6,87.5,87.6
2017/05/22,88.0,89.0,86.1,86.1
2017/05/23,86.4,86.4,85.4,85.5
2017/05/24,85.5,87.6,85.5,86.5
2017/05/25,87.5,89.8,87.3,89.6
2017/05/26,90.0,90.3,87.3,87.6
2017/05/31,87.5,88.9,87.1,88.9
2017/06/01,88.9,89.1,87.7,87.9
2017/06/02,88.5,88.6,87.8,87.9
2017/06/05,88.4,89.8,88.3,88.9
2017/06/06,89.3,89.5,88.5,88.5
2017/06/07,88.5,89.0,87.4,88.6
2017/06/08,88.8,88.9,87.4,87.7
2017/06/09,87.9,88.7,87.6,87.7
2017/06/12,88.2,90.0,87.8,89.2
2017/06/13,90.2,92.7,89.9,92.0
2017/06/14,93.6,93.6,90.8,92.6
2017/06/15,92.8,94.0,92.8,93.0
2017/06/16,93.3,94.9,92.0,94.9
2017/06/19,95.0,95.5,94.1,95.2
2017/06/20,94.7,95.3,93.2,93.2
2017/06/21,93.1,94.8,92.5,94.8
2017/06/22,95.2,95.6,94.2,94.2
2017/06/23,94.5,95.3,94.0,95.2
2017/06/26,95.6,95.8,94.3,94.8
2017/06/27,95.1,95.3,94.1,94.1
2017/06/28,93.7,93.9,93.5,93.5
2017/06/29,93.5,95.2,93.5,94.3
2017/06/30,93.5,94.4,93.5,93.8
2017/07/03,94.2,94.6,93.8,94.2
2017/07/04,94.2,94.2,93.5,93.5
2017/07/05,93.5,94.8,93.5,94.6
2017/07/06,95.0,95.5,94.0,95.3
2017/07/07,89.5,89.8,87.6,87.7
2017/07/10,88.1,88.3,86.3,86.7
2017/07/11,86.1,88.8,86.1,88.4
2017/07/12,88.4,88.9,87.6,88.4
2017/07/13,88.4,89.5,88.1,89.4
2017/07/14,89.7,90.0,88.5,89.5
2017/07/17,91.1,93.6,91.1,91.5
2017/07/18,92.5,92.7,90.8,91.1
2017/07/19,91.1,92.2,91.1,91.4
2017/07/20,92.3,94.8,91.5,93.6
2017/07/21,94.4,95.0,93.7,94.5
2017/07/24,94.1,98.0,94.0,97.6
2017/07/25,98.6,98.7,96.5,98.4
2017/07/26,98.5,98.6,97.1,97.1
2017/07/27,97.7,98.5,96.5,97.6
2017/07/28,97.7,98.0,95.2,95.8
2017/07/31,95.8,96.9,95.0,96.5
2017/08/01,96.8,99.0,96.3,98.9
2017/08/02,98.9,99.0,96.9,97.5
2017/08/03,97.5,97.5,96.1,96.1
2017/08/04,96.1,97.3,95.7,97.0
2017/08/07,96.5,98.0,96.5,97.1
2017/08/08,97.6,97.6,95.6,95.8
2017/08/09,95.8,95.8,94.0,94.0
2017/08/10,93.5,93.9,90.9,91.1
2017/08/11,90.5,93.0,90.2,93.0
2017/08/14,94.0,94.2,90.0,90.0
2017/08/15,91.3,92.0,90.1,91.0
2017/08/16,92.0,92.7,91.5,92.0
2017/08/17,92.8,93.3,92.5,93.2
2017/08/18,92.4,92.4,91.5,91.7
2017/08/21,91.5,91.5,90.2,90.2
2017/08/22,90.3,91.7,89.6,91.2
2017/08/23,91.6,91.7,90.5,90.5
2017/08/24,91.0,92.5,90.8,91.7
2017/08/25,92.5,93.0,91.1,92.3
2017/08/28,92.1,93.5,91.7,92.1
2017/08/29,92.2,92.3,90.8,90.8
2017/08/30,90.9,92.2,90.8,91.5
2017/08/31,92.1,92.1,91.1,91.6
2017/09/01,91.6,91.6,91.1,91.2
2017/09/04,93.8,95.0,92.9,93.7
2017/09/05,93.9,94.4,93.1,93.2
2017/09/06,92.8,93.8,92.1,92.2
2017/09/07,92.2,92.5,89.9,90.1
2017/09/08,90.1,91.5,90.1,90.6
2017/09/11,90.5,91.9,90.1,90.3
2017/09/12,90.8,91.2,90.0,90.1
2017/09/13,92.0,92.0,90.7,91.1
2017/09/14,91.4,91.4,90.7,90.8
2017/09/15,91.2,91.2,90.3,90.4
2017/09/18,90.5,91.0,90.0,90.2
2017/09/19,90.2,90.8,90.1,90.4
2017/09/20,90.4,90.4,89.4,89.4
2017/09/21,90.5,90.6,89.9,89.9
2017/09/22,89.9,89.9,88.0,88.0
2017/09/25,88.0,88.1,79.3,83.1
2017/09/26,83.1,85.0,82.9,83.2
2017/09/27,83.3,84.4,83.3,83.6
2017/09/28,84.4,84.4,83.0,84.0
2017/09/29,84.6,89.0,84.3,88.0
2017/10/02,89.7,90.8,89.0,89.0
2017/10/03,89.3,90.6,87.7,88.1
2017/10/05,88.3,89.0,87.7,88.2
2017/10/06,88.0,88.2,86.5,86.9
2017/10/11,86.5,87.8,86.3,86.9
2017/10/12,87.0,87.0,86.1,86.3
2017/10/13,86.2,86.9,86.0,86.5
2017/10/16,86.9,87.3,86.2,87.3
2017/10/17,87.2,87.2,85.8,85.9
2017/10/18,86.0,86.4,84.5,84.8
2017/10/19,84.8,85.5,84.6,85.1
2017/10/20,85.0,86.4,84.0,85.7
2017/10/23,86.0,89.0,85.7,87.0
2017/10/24,87.5,88.9,87.5,88.0
2017/10/25,88.5,88.5,86.6,86.6
2017/10/26,86.6,87.2,86.1,86.5
2017/10/27,87.3,87.3,85.5,85.6
2017/10/30,85.6,86.0,84.0,84.7
2017/10/31,85.8,86.8,85.1,85.4
2017/11/01,85.9,89.4,85.9,89.0
2017/11/02,89.8,89.8,87.8,88.0
2017/11/03,88.0,88.5,86.9,87.0
2017/11/06,87.5,87.5,86.0,86.1
2017/11/07,86.0,86.0,85.0,85.4
2017/11/08,85.0,86.3,84.5,86.0
2017/11/09,86.0,86.2,84.1,85.0
2017/11/10,84.8,84.8,84.0,84.4
2017/11/13,84.6,84.8,83.0,83.2
2017/11/14,83.2,83.2,81.1,81.8
2017/11/15,81.5,81.5,79.7,80.4
2017/11/16,80.4,82.2,80.4,81.4
2017/11/17,83.2,83.2,82.2,82.3
2017/11/20,82.1,82.9,82.0,82.3
2017/11/21,82.6,83.3,82.4,83.0
2017/11/22,83.8,84.5,83.2,83.7
2017/11/23,84.2,84.6,83.5,84.6
2017/11/24,84.6,84.9,84.1,84.2
2017/11/27,84.0,84.5,83.6,83.6
2017/11/28,83.8,84.9,83.8,84.0
2017/11/29,84.8,84.8,84.0,84.2
2017/11/30,83.8,83.8,82.1,82.1
2017/12/01,82.8,83.0,80.7,82.1
2017/12/04,82.2,82.8,81.8,82.0
2017/12/05,82.0,82.0,81.1,81.3
2017/12/06,81.5,81.7,80.1,80.2
2017/12/07,80.2,80.3,79.5,79.7
2017/12/08,80.0,80.2,79.0,79.6
2017/12/11,80.0,81.4,79.8,80.6
2017/12/12,81.1,81.1,80.4,80.8
2017/12/13,80.8,81.5,80.6,80.7
2017/12/14,81.4,81.4,80.2,80.4
2017/12/15,81.0,81.2,79.5,79.6
2017/12/18,80.0,80.6,79.5,79.5
2017/12/19,79.6,80.4,79.5,79.7
2017/12/20,80.3,82.6,80.0,82.0
2017/12/21,84.0,85.5,83.7,84.5
2017/12/22,84.7,84.9,83.8,84.7
2017/12/25,84.7,84.7,83.7,83.8
2017/12/26,83.4,83.6,81.7,82.1
2017/12/27,82.6,83.3,82.4,82.5
2017/12/28,82.6,83.4,82.6,83.4
2017/12/29,83.6,84.0,82.9,83.6
2018/01/02,83.8,84.8,83.8,84.7
2018/01/03,85.0,85.0,84.2,84.2
2018/01/04,84.5,87.0,83.5,87.0
2018/01/05,86.0,88.1,85.8,87.4
2018/01/08,87.5,87.5,86.0,86.0
2018/01/09,86.2,86.8,84.5,84.5
2018/01/10,85.0,85.7,83.4,83.5
2018/01/11,84.1,84.1,83.2,83.3
2018/01/12,84.4,84.9,83.9,84.1
2018/01/16,89.5,91.8,89.0,91.1
2018/01/17,92.4,92.7,90.5,90.6
2018/01/18,91.8,91.8,90.4,90.4
2018/01/19,91.0,91.1,89.5,90.0
2018/01/22,90.2,92.4,90.2,91.2
2018/01/23,92.3,92.3,89.8,89.8
2018/01/24,89.8,90.4,89.1,89.1
2018/01/25,88.9,89.2,87.4,87.5
2018/01/26,88.0,88.6,87.5,88.6
2018/01/29,88.7,89.5,87.8,88.4
2018/01/30,88.4,88.4,86.1,86.2
2018/01/31,86.1,88.7,86.1,86.9
2018/02/01,87.6,89.4,86.9,86.9
2018/02/02,87.5,88.8,86.5,88.2
2018/02/05,85.4,86.9,85.4,86.4
2018/02/06,84.0,84.9,79.8,80.9
2018/02/07,83.0,84.2,82.6,82.8
2018/02/08,82.9,83.4,81.9,82.5
2018/02/09,80.0,82.0,79.5,81.5
2018/02/12,82.0,82.3,81.0,82.0
2018/02/21,84.2,84.3,82.8,82.9
2018/02/22,83.1,83.8,81.6,81.7
2018/02/23,82.1,83.8,82.1,83.6
2018/02/26,84.1,84.3,83.4,83.7
2018/02/27,84.2,84.5,83.8,83.9
2018/03/01,83.9,86.5,83.7,86.3
2018/03/02,86.0,86.0,84.6,85.2
2018/03/05,85.2,85.4,83.7,83.7
2018/03/06,84.6,84.6,83.8,83.8
2018/03/07,82.5,83.8,82.3,82.6
2018/03/08,82.8,85.5,82.8,84.1
2018/03/09,84.7,84.9,83.9,84.5
2018/03/12,84.8,87.5,84.8,86.8
2018/03/13,87.0,87.8,86.0,87.7
2018/03/14,87.5,88.8,87.0,88.7
2018/03/15,88.4,89.5,88.0,89.1
2018/03/16,89.7,90.7,87.0,90.7
2018/03/19,90.0,90.0,88.6,88.6
2018/03/20,87.8,88.6,87.2,88.4
2018/03/21,88.4,88.8,88.0,88.2
2018/03/22,88.2,89.0,88.0,88.3
2018/03/23,86.6,87.0,86.0,86.6
2018/03/26,86.2,87.5,86.2,86.9
2018/03/27,87.6,88.0,86.6,88.0
2018/03/28,89.0,89.7,87.9,87.9
2018/03/29,88.0,88.2,86.4,86.6
2018/03/30,86.7,87.2,86.7,86.9
2018/04/02,87.9,88.5,87.4,88.0
2018/04/03,87.9,89.0,87.6,88.3
2018/04/09,88.2,88.8,87.3,87.3
2018/04/10,87.6,88.2,86.7,86.7
2018/04/11,87.0,87.6,86.7,87.2
2018/04/12,87.9,88.1,87.5,87.8
2018/04/13,88.3,90.5,87.9,89.6
2018/04/16,90.2,90.7,89.3,90.4
2018/04/17,90.7,90.8,89.2,90.0
2018/04/18,90.6,92.7,89.6,92.7
2018/04/19,95.2,96.7,94.1,94.1
2018/04/20,92.9,94.6,92.2,93.4
2018/04/23,93.0,93.2,90.6,90.8
2018/04/24,91.0,91.2,87.4,89.1
2018/04/25,87.7,89.0,87.6,88.6
2018/04/26,89.3,89.5,86.4,86.4
2018/04/27,86.7,87.3,84.1,84.6
2018/04/30,84.3,85.2,82.5,85.2
2018/05/02,86.0,86.9,85.6,86.6
2018/05/03,86.6,86.6,85.2,85.8
2018/05/04,85.8,86.2,85.1,86.1
2018/05/07,86.4,86.7,85.8,85.8
2018/05/08,86.4,86.8,86.0,86.4
2018/05/09,87.1,92.0,86.7,89.7
2018/05/10,90.0,90.6,89.1,89.5
2018/05/11,89.6,90.6,88.2,89.0
2018/05/14,89.7,91.4,88.4,90.8
2018/05/15,90.8,91.5,88.5,88.5
2018/05/16,88.5,88.5,87.2,87.2
2018/05/17,87.8,88.1,87.2,87.2
2018/05/18,87.2,87.4,86.6,86.7
2018/05/21,87.4,88.0,86.9,88.0
2018/05/22,88.4,88.4,87.3,87.4
2018/05/23,88.1,88.1,87.0,87.3
2018/05/24,86.5,87.7,86.5,87.3
2018/05/25,87.7,91.6,87.4,91.2
2018/05/28,91.6,91.8,89.0,91.1
2018/05/29,91.0,91.4,89.7,91.0
2018/05/30,91.0,91.9,90.1,90.1
2018/05/31,91.5,91.5,90.7,91.2
2018/06/01,90.7,93.2,90.3,90.3
2018/06/04,91.0,92.9,90.3,91.8
2018/06/05,92.2,94.0,91.2,93.5
2018/06/06,94.9,99.5,94.4,97.5
2018/06/07,99.8,101.5,98.1,98.5
2018/06/08,99.5,108.0,98.1,104.5
2018/06/11,108.0,114.5,107.5,114.5
2018/06/12,116.5,119.5,113.0,116.0
2018/06/13,119.0,127.0,118.0,119.0
2018/06/14,121.0,122.5,114.5,116.0
2018/06/15,115.5,117.5,111.5,115.0
2018/06/19,114.5,118.5,113.0,116.0
2018/06/20,116.0,117.5,109.0,112.5
2018/06/21,115.0,123.5,115.0,121.0
2018/06/22,120.0,125.0,116.5,125.0
2018/06/25,125.5,128.0,120.5,120.5
2018/06/26,121.5,128.0,119.0,128.0
2018/06/27,130.0,132.5,115.5,115.5
2018/06/28,112.5,117.5,110.0,115.0
2018/06/29,116.5,119.0,114.5,117.5
2018/07/02,116.5,118.5,114.0,115.0
2018/07/03,117.0,120.0,114.0,114.5
2018/07/04,115.5,124.5,114.0,124.0
2018/07/05,125.5,127.0,114.0,116.5
2018/07/06,118.0,122.5,114.0,119.5
2018/07/09,118.5,118.5,108.0,108.0
2018/07/10,109.0,110.5,105.5,107.5
2018/07/11,107.5,110.5,106.5,106.5
2018/07/12,107.0,110.5,105.5,108.5
2018/07/13,110.5,114.0,109.0,113.5
2018/07/16,110.0,111.5,107.0,107.0
2018/07/17,107.0,108.0,102.5,103.0
2018/07/18,104.5,105.0,99.1,100.0
2018/07/19,101.0,101.5,99.6,100.0
2018/07/20,100.5,101.0,95.1,95.6
2018/07/23,96.8,100.5,96.6,98.0
2018/07/24,97.6,99.6,96.3,99.0
2018/07/25,99.0,99.9,98.1,98.4
2018/07/26,99.7,101.5,98.5,101.5
2018/07/27,101.5,103.0,100.0,102.0
2018/07/30,102.0,102.0,96.6,98.0
2018/07/31,97.0,97.9,95.0,96.2
2018/08/01,96.4,98.0,95.6,97.7
2018/08/02,97.4,97.4,93.5,93.6
2018/08/03,94.5,98.6,94.5,98.4
2018/08/06,98.0,99.5,97.2,98.7
2018/08/07,98.7,98.7,96.9,97.1
2018/08/08,97.9,103.0,97.5,100.0
2018/08/09,100.0,100.0,97.2,98.4
2018/08/10,98.0,100.5,97.7,97.7
2018/08/13,96.9,97.1,90.1,91.7
2018/08/14,92.5,95.5,91.7,95.0
2018/08/15,94.5,96.4,93.0,95.3
2018/08/16,94.0,96.4,93.2,94.8
2018/08/17,95.0,96.2,93.3,93.8
2018/08/20,96.0,99.4,94.2,94.5
2018/08/21,94.6,97.2,94.6,96.9
2018/08/22,97.2,97.8,95.0,95.0
2018/08/23,94.6,95.1,93.0,93.6
2018/08/24,93.6,95.5,93.0,95.2
2018/08/27,96.0,98.6,95.4,97.5
2018/08/28,97.7,98.8,96.2,98.0
2018/08/29,98.1,99.3,97.1,98.7
2018/08/30,99.0,99.0,96.0,96.0
2018/08/31,96.0,97.3,95.0,96.8
2018/09/03,96.0,96.8,92.4,92.7
2018/09/04,92.7,94.2,92.5,93.5
2018/09/05,93.9,94.0,92.5,93.2
2018/09/06,95.5,95.5,92.1,92.4
2018/09/07,91.1,91.4,84.0,85.0
2018/09/10,86.0,86.0,82.9,83.7
2018/09/11,84.9,85.3,83.1,83.1
2018/09/12,83.1,83.1,79.3,80.1
2018/09/13,82.0,84.2,81.0,83.4
2018/09/14,83.7,86.5,82.5,85.2
2018/09/17,84.0,86.2,83.4,85.9
2018/09/18,84.0,85.0,83.0,83.5
2018/09/19,83.6,84.5,83.1,83.1
2018/09/20,83.1,84.4,81.8,83.3
2018/09/21,83.9,84.3,81.9,83.4
2018/09/25,83.4,83.9,82.7,83.8
2018/09/26,84.5,85.6,84.4,84.9
2018/09/27,84.8,85.2,84.0,84.7
2018/09/28,85.2,85.2,82.9,83.8
2018/10/01,83.8,86.2,83.8,86.0
2018/10/02,85.6,85.6,83.2,83.2
2018/10/03,82.9,83.5,79.1,80.0
2018/10/04,80.0,81.4,79.6,81.0
2018/10/05,80.0,80.7,78.0,78.6
2018/10/08,78.1,79.9,78.1,79.3
2018/10/09,79.6,80.7,78.1,78.6
2018/10/11,71.6,73.5,70.8,70.8
2018/10/12,71.5,73.5,70.8,73.0
2018/10/15,73.0,74.6,72.4,74.5
2018/10/16,74.1,76.0,73.2,74.5
2018/10/17,75.5,76.1,74.1,75.0
2018/10/18,75.6,80.7,75.6,79.2
2018/10/19,79.0,84.6,78.9,82.0
2018/10/22,82.0,83.5,81.6,82.8
2018/10/23,81.8,83.0,80.0,80.5
2018/10/24,80.1,81.0,77.5,80.1
2018/10/25,78.0,78.9,75.5,76.7
2018/10/26,78.9,78.9,75.4,77.2
2018/10/29,76.6,77.8,73.7,73.8
2018/10/30,74.0,76.2,74.0,76.2
2018/10/31,77.0,80.8,76.5,80.0
2018/11/01,80.9,85.0,80.8,83.2
2018/11/02,85.3,87.7,85.2,86.8
2018/11/05,86.8,88.0,85.3,87.3
2018/11/06,87.3,87.3,83.6,84.3
2018/11/07,86.6,87.6,86.5,87.0
2018/11/08,89.0,95.1,88.0,92.8
2018/11/09,91.8,92.2,88.4,92.2
2018/11/12,90.0,92.3,89.2,92.2
2018/11/13,88.3,91.5,88.2,91.0
2018/11/14,91.6,94.2,91.0,92.3
2018/11/15,92.5,94.0,91.8,93.6
2018/11/16,94.5,98.8,94.4,98.0
2018/11/19,97.0,98.5,96.7,98.5
2018/11/20,97.5,98.6,96.1,96.2
2018/11/21,95.0,95.6,94.0,95.0
2018/11/22,96.3,98.7,92.0,92.2
2018/11/23,92.5,94.9,90.0,93.1
2018/11/26,94.3,98.1,94.3,98.0
2018/11/27,98.5,99.4,97.0,99.0
2018/11/28,100.0,103.0,99.2,101.0
2018/11/29,103.0,103.5,99.8,101.0
2018/11/30,103.0,111.0,102.5,111.0
2018/12/03,115.0,116.0,108.0,110.5
2018/12/04,112.5,114.0,108.0,109.0
2018/12/05,106.0,112.0,104.0,111.0
2018/12/06,109.5,112.5,104.5,106.5
2018/12/07,110.0,115.0,110.0,110.5
2018/12/10,107.5,111.5,102.0,105.0
2018/12/11,107.5,115.0,106.0,115.0
2018/12/12,116.0,118.5,113.0,113.0
2018/12/13,115.5,119.0,114.5,117.5
2018/12/14,116.5,118.5,113.5,113.5
2018/12/17,113.5,116.5,113.0,115.0
2018/12/18,115.0,115.5,108.5,109.0
2018/12/19,111.0,112.5,109.0,109.5
2018/12/20,108.0,111.0,107.5,110.0
2018/12/21,108.0,109.0,102.0,106.0
2018/12/24,102.5,105.0,100.0,103.5
2018/12/25,100.5,103.0,99.0,99.7
2018/12/26,101.0,102.0,97.8,97.8
2018/12/27,100.5,101.5,98.8,99.4
2018/12/28,99.6,101.0,99.6,100.5
2019/01/02,102.0,102.0,98.1,98.5
2019/01/03,100.0,104.5,99.3,103.0
2019/01/04,101.0,101.5,95.3,95.6
2019/01/07,98.0,100.5,96.5,99.6
2019/01/08,99.6,99.9,98.1,99.1
2019/01/09,100.5,104.5,99.5,102.5
2019/01/10,102.0,108.0,102.0,105.0
2019/01/11,105.5,107.5,104.5,107.0
2019/01/14,108.0,108.5,102.5,103.0
2019/01/15,103.5,112.0,103.5,108.0
2019/01/16,109.0,114.0,108.5,109.5
2019/01/17,110.0,110.5,104.0,105.0
2019/01/18,109.5,114.0,107.0,111.5
2019/01/21,110.0,117.0,108.5,113.5
2019/01/22,112.5,115.0,111.5,113.5
2019/01/23,112.0,115.0,112.0,114.5
2019/01/24,114.5,115.5,111.0,113.5
2019/01/25,114.5,117.5,114.0,117.0
2019/01/28,116.0,117.5,112.5,113.5
2019/01/29,113.5,113.5,109.0,110.0
2019/01/30,111.0,111.5,109.0,110.0
2019/02/11,110.5,113.0,109.0,113.0
2019/02/12,115.0,115.5,113.0,115.0
2019/02/13,116.5,117.0,109.0,110.0
2019/02/14,110.0,114.5,109.5,113.0
2019/02/15,112.0,114.0,110.0,114.0
2019/02/18,115.0,125.0,115.0,125.0
2019/02/19,123.5,123.5,119.5,121.0
2019/02/20,121.0,125.0,120.0,124.5
2019/02/21,124.0,125.0,120.0,121.0
2019/02/22,120.5,121.0,117.0,117.0
2019/02/25,118.5,122.5,116.0,120.5
2019/02/26,119.5,120.5,117.0,117.0
2019/02/27,117.5,118.0,114.5,117.0
2019/03/04,117.0,119.5,115.5,118.5
2019/03/05,118.5,121.5,114.0,115.0
2019/03/06,116.5,116.5,114.5,115.5
2019/03/07,116.5,122.5,116.5,120.5
2019/03/08,119.0,121.0,117.0,120.5
2019/03/11,120.5,127.0,119.5,125.5
2019/03/12,127.0,129.5,124.0,124.0
2019/03/13,124.0,131.0,123.5,128.5
2019/03/14,129.0,136.5,129.0,135.5
2019/03/15,136.0,137.0,132.0,135.0
2019/03/18,138.5,141.5,137.0,140.0
2019/03/19,140.0,142.0,137.0,141.0
2019/03/20,141.0,141.0,135.5,137.5
2019/03/21,138.5,143.0,137.0,142.5
2019/03/22,140.5,142.0,137.5,139.0
2019/03/25,137.5,144.5,135.0,143.0
2019/03/26,142.0,146.5,141.0,141.5
2019/03/27,137.5,141.0,136.0,137.5
2019/03/28,137.5,140.0,135.5,139.5
2019/03/29,141.0,144.5,140.0,141.5
2019/04/01,142.0,146.5,139.0,144.5
2019/04/02,145.5,151.5,144.0,150.0
2019/04/03,146.5,149.5,144.0,145.5
2019/04/08,145.5,146.0,142.0,142.0
2019/04/09,144.0,150.5,144.0,146.5
2019/04/10,144.5,145.0,140.0,143.0
2019/04/11,143.0,143.5,136.5,138.0
2019/04/12,138.0,139.5,134.5,135.5
2019/04/15,136.0,138.5,133.5,135.5
2019/04/16,135.5,137.5,135.5,136.0
2019/04/17,138.5,138.5,133.0,133.5
2019/04/18,134.0,137.5,133.0,135.5
2019/04/19,136.5,137.5,134.5,137.0
2019/04/22,139.0,139.0,134.0,134.0
2019/04/23,135.5,137.5,134.0,134.5
2019/04/24,139.0,141.5,137.5,138.5
2019/04/25,137.5,138.5,135.5,138.5
2019/04/26,137.5,137.5,130.0,132.5
2019/04/29,132.0,132.0,126.5,128.0
2019/04/30,129.0,131.0,127.0,127.0
2019/05/02,129.0,132.5,128.5,130.5
2019/05/03,129.0,136.5,129.0,135.5
2019/05/06,130.5,133.5,129.5,129.5
2019/05/07,133.5,142.0,133.0,138.5
2019/05/08,137.0,141.0,135.0,140.5
2019/05/09,139.5,140.5,133.5,134.0
2019/05/10,136.0,139.0,130.5,133.0
2019/05/13,134.0,137.0,131.5,136.0
2019/05/14,134.5,134.5,130.5,132.0
2019/05/15,133.5,139.5,132.5,138.0
2019/05/16,139.0,141.5,133.5,133.5
2019/05/17,137.0,137.0,120.5,120.5
2019/05/20,119.5,119.5,108.5,114.5
2019/05/21,115.0,118.5,111.5,117.5
2019/05/22,118.0,126.5,117.0,124.0
2019/05/23,121.0,122.5,118.5,120.5
2019/05/24,122.0,123.5,114.5,115.0
2019/05/27,116.0,116.5,110.5,115.0
2019/05/28,115.5,117.0,114.0,117.0
2019/05/29,114.0,116.5,112.5,114.5
2019/05/30,115.0,119.0,115.0,118.0
2019/05/31,118.0,128.5,118.0,126.0
2019/06/03,124.5,129.0,122.0,128.0
2019/06/04,128.0,131.5,127.0,129.0
2019/06/05,131.5,133.5,130.5,133.5
2019/06/06,131.0,132.5,128.0,131.0
2019/06/10,134.0,138.5,131.0,138.0
2019/06/11,137.0,137.5,131.0,131.0
2019/06/12,131.0,132.5,129.0,131.5
2019/06/13,135.0,136.5,131.5,132.0
2019/06/14,134.0,136.5,133.5,134.5
2019/06/17,137.0,139.5,135.5,139.5
2019/06/18,142.0,142.5,131.0,132.0
2019/06/19,134.5,136.0,133.0,135.5
2019/06/20,135.0,137.5,134.5,135.5
2019/06/21,135.5,137.0,131.5,132.5
2019/06/24,133.0,133.5,130.0,132.5
2019/06/25,134.0,134.0,130.0,130.0
2019/06/26,131.5,132.0,128.5,131.0
2019/06/27,133.0,133.5,131.5,133.5
2019/06/28,133.5,134.0,129.5,130.0
2019/07/01,133.5,139.0,132.5,137.5
2019/07/02,138.0,141.0,136.5,139.0
2019/07/03,140.0,140.0,134.5,135.0
2019/07/04,138.0,138.0,134.0,136.0
2019/07/05,136.0,136.5,134.5,135.0
2019/07/08,134.0,138.0,134.0,135.0
2019/07/09,136.5,137.0,134.5,136.5
2019/07/10,137.5,138.0,136.5,138.0
2019/07/11,139.5,144.0,138.5,144.0
2019/07/12,146.0,147.0,143.5,145.5
2019/07/15,140.5,142.0,138.5,141.0
2019/07/16,141.0,146.0,141.0,145.5
2019/07/17,147.0,147.5,143.0,144.0
2019/07/18,144.0,145.5,140.0,140.0
2019/07/19,142.5,145.0,141.5,145.0
2019/07/22,143.0,145.0,141.0,142.0
2019/07/23,142.0,143.0,139.0,140.0
2019/07/24,141.5,142.0,136.0,136.0
2019/07/25,137.5,140.5,136.0,139.0
2019/07/26,139.0,142.0,137.5,142.0
2019/07/29,142.0,142.5,138.0,139.0
2019/07/30,140.0,140.5,136.0,139.0
2019/07/31,141.5,142.5,135.0,136.5
2019/08/01,134.5,139.0,133.5,138.5
2019/08/02,136.5,137.0,134.5,135.0
2019/08/05,136.0,137.0,134.0,134.5
2019/08/06,130.0,132.0,124.5,132.0
2019/08/07,136.5,138.0,135.5,136.5
2019/08/08,138.5,141.0,136.5,140.5
2019/08/12,140.0,142.5,139.0,140.5
2019/08/13,139.0,143.5,138.5,141.5
2019/08/14,144.0,145.5,140.5,140.5
2019/08/15,139.0,145.0,137.5,144.5
2019/08/16,144.5,145.5,142.5,144.0
2019/08/19,146.0,158.0,145.5,158.0
2019/08/20,162.5,168.0,161.5,162.5
2019/08/21,161.0,167.0,161.0,164.0
2019/08/22,165.5,169.0,163.5,167.0
2019/08/23,168.0,168.5,159.5,162.0
2019/08/26,158.0,161.5,155.0,158.5
2019/08/27,163.5,164.0,159.0,160.5
2019/08/28,160.0,161.5,157.5,161.0
2019/08/29,163.0,164.0,158.0,158.5
2019/08/30,161.0,162.5,158.5,162.0
2019/09/02,163.5,164.5,157.0,158.0
2019/09/03,157.5,158.0,153.0,153.5
2019/09/04,154.0,156.0,154.0,154.5
2019/09/05,157.0,164.5,156.0,164.0
2019/09/06,163.0,165.5,161.0,165.0
2019/09/09,167.5,168.0,163.0,164.5
2019/09/10,165.5,168.0,163.0,164.0
2019/09/11,165.0,179.5,164.0,174.0
2019/09/12,174.0,179.0,173.0,178.0
2019/09/16,178.0,181.0,173.0,174.5
2019/09/17,175.0,181.0,174.0,174.5
2019/09/18,173.0,174.5,167.0,169.0
2019/09/19,169.5,172.0,168.0,171.0
2019/09/20,172.0,174.0,169.0,174.0
2019/09/23,174.0,175.5,171.0,175.5
2019/09/24,176.5,177.0,171.5,171.5
2019/09/25,171.5,174.5,170.5,174.5
2019/09/26,174.5,175.5,170.0,170.0
2019/09/27,170.0,171.5,166.0,166.5
2019/10/01,168.5,172.0,167.0,171.0
2019/10/02,172.0,176.5,170.0,170.5
2019/10/03,168.0,177.5,167.0,177.0
2019/10/04,178.0,186.0,174.0,183.0
2019/10/07,184.5,184.5,179.0,179.5
2019/10/08,182.5,183.5,175.0,175.0
2019/10/09,176.0,178.5,173.0,174.0
2019/10/14,177.0,179.5,176.0,176.0
2019/10/15,177.0,182.0,176.0,176.5
2019/10/16,178.0,179.5,173.5,173.5
2019/10/17,174.5,179.0,174.0,179.0
2019/10/18,181.0,184.0,178.0,181.5
2019/10/21,184.0,193.0,177.5,177.5
2019/10/22,179.5,183.0,177.0,183.0
2019/10/23,183.0,183.5,178.5,180.0
2019/10/24,181.5,184.5,180.5,184.5
2019/10/25,185.5,188.5,182.5,185.0
2019/10/28,187.0,196.5,186.0,194.5
2019/10/29,195.5,197.0,186.5,188.5
2019/10/30,188.5,190.0,186.5,188.0
2019/10/31,190.0,190.5,180.5,182.0
2019/11/01,183.0,184.0,180.5,183.5
2019/11/04,183.5,184.0,181.0,181.5
2019/11/05,181.5,183.0,178.0,181.0
2019/11/06,181.5,184.0,175.0,175.5
2019/11/07,174.5,177.0,165.5,172.0
2019/11/08,174.0,174.5,169.0,170.0
2019/11/11,168.5,168.5,162.5,164.5
2019/11/12,167.0,173.0,166.5,172.5
2019/11/13,170.5,170.5,167.0,168.0
2019/11/14,168.0,168.5,165.0,165.5
2019/11/15,166.5,169.5,165.0,166.0
2019/11/18,167.0,172.0,166.0,170.0
2019/11/19,170.0,173.0,169.0,169.5
2019/11/20,170.5,171.0,167.5,168.0
2019/11/21,166.0,170.0,164.5,170.0
2019/11/22,170.0,172.0,168.5,171.0
2019/11/25,172.5,174.5,172.0,173.0
2019/11/26,174.5,175.0,171.5,172.5
2019/11/27,173.0,178.0,173.0,178.0
2019/11/28,178.0,178.0,174.0,174.0
2019/11/29,173.5,175.0,168.0,169.0
2019/12/02,169.0,170.5,163.5,166.5
2019/12/03,164.0,169.5,164.0,169.5
2019/12/04,167.5,171.0,167.5,169.0
2019/12/05,170.5,174.0,170.0,174.0
2019/12/06,174.0,176.5,172.5,176.0
2019/12/09,174.5,175.0,170.5,171.0
2019/12/10,170.5,172.0,169.0,171.0
2019/12/11,170.0,172.0,168.0,168.5
2019/12/12,169.0,171.0,167.5,167.5
2019/12/13,169.5,172.0,168.0,170.5
2019/12/16,172.0,172.0,169.0,170.0
2019/12/17,170.5,171.0,169.0,169.0
2019/12/18,170.0,171.0,167.0,167.5
2019/12/19,167.5,170.5,167.5,169.0
2019/12/20,170.0,175.5,168.5,173.0
2019/12/23,175.0,175.5,170.0,170.0
2019/12/24,169.0,170.5,166.5,166.5
2019/12/25,167.5,170.0,167.0,168.5
2019/12/26,169.5,169.5,167.0,167.0
2019/12/27,169.5,171.5,168.0,170.5
2019/12/30,171.0,171.0,166.5,168.0
2019/12/31,168.0,168.0,166.0,167.5
2020/01/02,168.0,170.5,168.0,170.0
2020/01/03,171.0,171.0,166.5,167.0
2020/01/06,166.0,166.0,164.0,165.0
2020/01/07,165.0,169.0,165.0,168.0
2020/01/08,167.0,167.0,162.5,163.0
2020/01/09,164.0,166.5,164.0,165.0
2020/01/10,166.0,166.5,161.0,161.5
2020/01/13,163.0,168.5,162.5,168.5
2020/01/14,168.5,170.5,166.5,170.5
2020/01/15,169.5,170.0,167.0,168.0
2020/01/16,167.0,169.0,167.0,169.0
2020/01/17,169.5,170.0,166.5,167.0
2020/01/20,168.0,168.0,166.5,167.0
2020/01/30,157.0,159.5,150.5,151.0
2020/01/31,158.0,158.0,151.5,154.5
2020/02/03,148.5,149.0,144.0,148.5
2020/02/04,150.5,152.5,149.0,152.0
2020/02/05,153.0,154.5,151.0,152.5
2020/02/06,153.0,155.0,152.5,154.5
2020/02/07,155.0,160.0,153.0,157.5
2020/02/10,155.0,159.0,152.0,155.5
2020/02/11,157.5,158.5,154.5,157.0
2020/02/12,158.0,166.5,157.0,166.5
2020/02/13,169.5,171.5,164.0,164.0
2020/02/14,164.0,168.5,164.0,166.0
2020/02/17,165.0,166.5,164.0,164.0
2020/02/18,164.5,165.5,160.5,160.5
2020/02/19,161.5,165.5,159.0,162.0
2020/02/20,163.0,163.5,159.5,159.5
2020/02/21,159.0,159.5,155.0,156.0
2020/02/24,154.5,156.0,151.0,151.5
2020/02/25,149.0,152.0,148.5,150.0
2020/02/26,148.5,152.0,147.5,149.5
2020/02/27,151.5,151.5,144.0,144.0
2020/03/02,139.5,144.0,136.5,141.0
2020/03/03,147.0,155.0,146.5,155.0
2020/03/04,155.5,156.0,151.0,155.0
2020/03/05,158.5,165.0,158.0,162.0
2020/03/06,161.5,164.0,160.5,162.5
2020/03/09,160.0,163.0,151.0,151.0
2020/03/10,150.5,157.0,150.0,156.5
2020/03/11,155.5,157.0,151.0,151.0
2020/03/12,152.0,152.5,137.0,139.0
2020/03/13,127.5,134.5,125.5,133.0
2020/03/16,132.0,136.5,121.5,123.0
2020/03/17,115.5,125.5,115.5,119.0
2020/03/18,121.0,123.5,112.0,112.0
2020/03/19,109.5,111.0,101.0,101.0
2020/03/20,105.5,110.5,103.5,107.5
2020/03/23,100.5,104.5,98.0,102.0
2020/03/24,106.5,110.5,106.0,110.0
2020/03/25,115.0,117.0,114.0,114.5
2020/03/26,113.5,115.0,111.0,114.5
2020/03/27,120.0,122.0,115.5,117.5
2020/03/30,114.0,118.5,112.5,118.0
2020/03/31,120.5,121.5,116.5,118.0
2020/04/01,117.5,122.0,116.0,120.5
2020/04/06,122.0,127.0,121.0,127.0
2020/04/07,130.5,135.5,130.5,133.0
2020/04/08,131.5,134.5,130.5,132.5
2020/04/09,133.5,134.5,128.0,128.5
2020/04/10,130.5,131.5,128.0,131.5
2020/04/13,132.5,132.5,129.0,129.0
2020/04/14,130.0,133.0,130.0,132.5
2020/04/15,133.5,136.5,132.5,133.0
2020/04/16,130.5,133.0,130.0,133.0
2020/04/17,137.0,137.5,131.5,132.5
2020/04/20,133.0,135.0,131.5,133.5
2020/04/21,133.5,135.0,128.5,128.5
2020/04/22,124.5,132.0,124.5,132.0
2020/04/23,133.5,135.5,132.0,134.5
2020/04/24,136.0,137.0,134.5,135.5
2020/04/27,137.0,137.5,135.5,136.0
2020/04/28,138.0,138.0,135.5,136.5
2020/04/29,138.0,143.0,137.5,139.0
2020/04/30,144.5,146.5,142.0,146.5
2020/05/04,142.0,145.0,142.0,144.0
2020/05/05,145.5,146.0,141.5,142.5
2020/05/06,143.5,144.0,142.0,142.0
2020/05/07,140.0,145.0,138.0,144.5
2020/05/08,145.5,151.0,143.0,148.5
2020/05/11,151.5,154.5,149.0,149.5
2020/05/12,148.5,150.5,146.0,147.5
2020/05/13,146.5,149.0,146.0,148.5
2020/05/14,148.0,149.0,143.0,143.0
2020/05/15,145.0,146.0,140.0,142.0
2020/05/18,143.0,144.5,138.0,138.5
2020/05/19,143.5,152.0,143.0,152.0
2020/05/20,155.0,155.0,146.0,147.0
2020/05/21,147.0,153.0,147.0,149.5
2020/05/22,147.0,148.5,142.5,143.0
2020/05/25,144.0,148.5,141.0,147.5
2020/05/26,150.0,153.5,148.0,148.0
2020/05/27,149.0,152.5,148.5,150.0
2020/05/28,153.5,161.0,153.5,155.5
2020/05/29,155.0,155.5,151.5,152.0
2020/06/01,153.5,154.5,152.0,153.0
2020/06/02,154.0,155.5,152.0,152.0
2020/06/03,153.5,156.5,153.0,153.5
2020/06/04,151.5,152.5,148.0,150.5
2020/06/05,151.5,155.5,150.5,155.5
2020/06/08,160.0,160.5,153.0,154.0
2020/06/09,151.0,153.5,150.0,151.5
2020/06/10,153.5,159.5,153.0,159.0
2020/06/11,162.0,165.0,154.0,155.5
2020/06/12,151.0,156.5,150.5,156.5
2020/06/15,156.5,157.0,150.5,151.0
2020/06/16,154.0,157.0,152.0,156.0
2020/06/17,155.5,158.0,153.5,157.0
2020/06/18,158.0,158.0,154.5,156.0
2020/06/19,156.5,157.5,153.0,153.0
2020/06/22,154.0,157.5,154.0,156.0
2020/06/23,157.5,158.5,154.5,156.5
2020/06/24,157.0,157.0,153.0,155.0
2020/06/29,153.5,156.0,153.0,154.0
2020/06/30,155.0,155.5,153.0,154.0
2020/07/01,154.0,158.0,154.0,156.5
2020/07/02,158.0,158.0,155.5,157.0
2020/07/03,158.0,158.0,155.0,156.0
2020/07/06,156.5,162.5,156.5,162.5
2020/07/07,165.5,166.5,156.5,157.5
2020/07/08,157.5,159.0,156.0,156.5
2020/07/09,158.5,165.0,157.5,159.5
2020/07/10,160.0,160.0,154.5,155.0
2020/07/13,156.5,157.5,154.0,155.5
2020/07/14,155.5,156.5,154.0,156.5
2020/07/15,157.5,160.0,155.5,155.5
2020/07/16,157.5,158.0,155.5,156.0
2020/07/17,157.5,160.0,156.5,157.0
2020/07/20,159.0,159.5,156.5,158.0
2020/07/21,159.0,159.5,156.0,156.5
2020/07/22,157.5,158.5,156.5,157.5
2020/07/23,158.0,161.0,157.5,159.5
2020/07/24,159.5,160.5,155.0,155.5
2020/07/27,156.0,157.0,150.0,151.5
2020/07/28,152.5,153.5,145.0,145.5
2020/07/29,145.5,147.5,144.0,147.0
2020/07/30,141.5,143.0,138.5,143.0
2020/07/31,144.0,151.5,143.0,150.0
2020/08/03,150.5,150.5,143.0,144.0
2020/08/04,145.0,146.0,142.0,143.5
2020/08/05,144.5,148.5,144.0,148.0
2020/08/06,149.5,152.0,149.0,149.0
2020/08/07,152.5,155.5,150.5,150.5
2020/08/10,150.0,150.0,144.0,145.0
2020/08/11,144.5,145.0,141.0,141.5
2020/08/12,141.5,142.0,139.5,141.5
2020/08/13,143.0,144.5,141.5,141.5
2020/08/14,142.5,143.5,140.5,143.5
2020/08/17,145.0,145.0,142.5,143.5
2020/08/18,145.0,145.0,141.0,141.0
2020/08/19,141.5,142.5,136.5,137.5
2020/08/20,136.5,136.5,126.0,130.0
2020/08/21,132.0,133.5,130.0,132.0
2020/08/24,133.0,135.5,131.5,134.5
2020/08/25,135.5,143.0,135.5,141.0
2020/08/26,140.0,145.0,140.0,144.0
2020/08/27,144.0,146.0,142.0,142.5
2020/08/28,144.0,148.0,143.0,146.5
2020/08/31,148.5,149.0,142.5,144.0
2020/09/01,145.5,146.0,143.5,145.0
2020/09/02,148.5,152.0,145.5,146.0
2020/09/03,147.0,147.0,142.5,142.5
2020/09/04,139.5,144.5,138.0,144.0
2020/09/07,144.0,146.5,142.0,143.0
2020/09/08,146.0,146.0,143.0,143.0
2020/09/09,141.0,144.5,140.0,144.0
2020/09/10,144.0,145.0,141.5,141.5
2020/09/11,142.0,143.0,140.5,141.0
2020/09/14,141.5,143.0,140.0,142.0
2020/09/15,142.0,143.5,141.5,142.5
2020/09/16,143.5,144.5,142.0,142.0
2020/09/17,142.0,145.0,142.0,143.0
2020/09/18,144.0,144.5,141.5,142.5
2020/09/21,142.5,142.5,138.0,138.5
2020/09/22,138.0,138.0,135.0,136.5
2020/09/23,136.5,137.5,133.5,135.0
2020/09/24,132.0,133.5,129.5,129.5
2020/09/25,130.5,132.0,124.5,126.5
2020/09/28,128.5,131.0,127.0,130.0
2020/09/29,130.5,132.5,129.0,129.0
2020/09/30,128.5,131.0,127.0,130.5
2020/10/05,130.5,132.0,130.0,131.5
2020/10/06,132.5,135.0,132.0,133.0
2020/10/07,132.0,132.5,131.0,132.0
2020/10/08,133.0,133.5,129.5,130.0
2020/10/12,131.0,131.0,126.0,127.0
2020/10/13,126.5,129.5,125.5,129.0
2020/10/14,129.0,129.5,127.5,128.5
2020/10/15,129.0,131.0,128.0,129.0
2020/10/16,130.0,130.0,127.5,127.5
2020/10/19,128.5,129.5,127.5,129.0
2020/10/20,129.0,130.5,128.5,130.0
2020/10/21,131.0,131.0,129.5,130.5
2020/10/22,130.0,131.0,127.5,131.0
2020/10/23,130.5,133.0,129.0,130.5
2020/10/26,129.5,131.0,129.5,130.5
2020/10/27,129.5,132.0,129.0,130.0
2020/10/28,130.5,131.0,127.5,128.0
2020/10/29,126.0,128.5,125.0,127.5
2020/10/30,127.5,128.0,126.0,126.0
2020/11/02,126.0,126.5,122.0,122.5
2020/11/03,124.0,127.5,124.0,126.0
2020/11/04,126.0,128.5,125.5,128.0
2020/11/05,129.0,129.5,128.0,128.5
2020/11/06,130.5,132.0,129.5,129.5
2020/11/09,131.0,135.5,131.0,132.5
2020/11/10,133.5,135.0,131.0,132.0
2020/11/11,132.0,133.5,132.0,133.5
2020/11/12,134.0,134.5,132.5,134.5
2020/11/13,134.0,135.0,133.0,134.5
2020/11/16,136.0,138.5,135.0,137.0
2020/11/17,138.0,138.5,135.0,136.0
2020/11/18,137.0,139.0,136.0,137.5
2020/11/19,137.5,138.5,136.0,137.5
2020/11/20,138.0,138.0,136.0,136.5
2020/11/23,137.0,139.0,137.0,138.0
2020/11/24,139.0,141.0,138.0,138.0
2020/11/25,139.0,139.0,137.0,137.0
2020/11/26,137.5,139.5,137.5,138.5
2020/11/27,139.0,141.0,139.0,141.0
2020/11/30,141.0,142.0,138.5,140.0
2020/12/01,140.0,140.5,138.0,140.5
2020/12/02,140.0,140.5,138.0,138.5
2020/12/03,139.5,139.5,136.5,137.0
2020/12/04,137.5,139.5,137.0,137.5
2020/12/07,138.5,141.5,138.0,141.0
2020/12/08,142.0,143.5,139.0,140.0
2020/12/09,140.0,141.5,139.0,141.0
2020/12/10,141.0,141.0,138.5,139.0
2020/12/11,140.0,147.5,140.0,145.0
2020/12/14,145.5,147.5,141.0,141.0
2020/12/15,141.0,145.0,140.0,143.0
2020/12/16,148.5,152.0,146.0,147.5
2020/12/17,149.0,151.0,146.0,150.0
2020/12/18,149.5,154.5,148.5,153.5
2020/12/21,153.5,158.0,151.0,156.0
2020/12/22,158.0,162.5,152.5,154.5
2020/12/23,157.5,160.5,156.0,158.5
2020/12/24,163.0,164.0,159.5,160.0
2020/12/25,162.0,162.0,158.5,159.0
2020/12/28,161.0,167.5,157.5,164.0
2020/12/29,165.0,166.0,160.0,161.0
2020/12/30,161.5,163.5,160.0,161.5
2020/12/31,162.5,165.5,161.5,162.5
2021/01/04,163.5,164.0,160.0,163.0
2021/01/05,164.0,167.5,162.5,167.0
2021/01/06,167.0,167.5,161.0,163.5
2021/01/07,167.5,168.0,163.5,165.0
2021/01/08,166.5,166.5,162.0,165.0
2021/01/11,166.5,173.5,166.0,166.5
2021/01/12,166.5,168.0,163.5,164.0
2021/01/13,165.0,170.5,165.0,170.5
2021/01/14,171.0,175.5,171.0,172.0
2021/01/15,173.5,177.0,168.5,175.0
2021/01/18,176.0,178.0,170.0,177.0
2021/01/19,177.0,178.5,175.0,175.5
2021/01/20,175.5,177.0,168.0,170.0
2021/01/21,174.0,174.5,167.5,171.5
2021/01/22,172.0,178.0,172.0,178.0
2021/01/25,178.0,178.0,170.0,171.5
2021/01/26,171.5,171.5,167.5,167.5
2021/01/27,169.0,171.5,168.0,170.0
2021/01/28,168.0,169.0,165.0,165.5
2021/01/29,167.0,168.0,160.5,160.5
2021/02/01,158.5,161.5,156.5,161.0
2021/02/02,162.5,164.0,162.5,163.0
2021/02/03,164.5,165.0,163.0,164.5
2021/02/04,164.5,164.5,163.0,163.5
2021/02/05,165.5,170.0,165.0,168.0
2021/02/17,174.5,176.0,170.0,175.5
2021/02/18,174.0,174.0,170.0,173.5
2021/02/19,173.5,175.0,172.0,175.0
2021/02/22,177.0,178.0,175.0,175.5
2021/02/23,174.0,174.5,171.5,173.5
2021/02/24,172.0,179.5,172.0,175.0
2021/02/25,176.5,192.5,176.5,192.5
2021/02/26,188.5,199.0,182.0,193.5
2021/03/02,205.0,212.5,203.5,212.5
2021/03/03,211.0,211.5,196.0,208.0
2021/03/04,210.0,214.5,199.0,201.5
2021/03/05,197.0,202.0,192.0,200.0
2021/03/08,200.0,203.0,194.0,196.5
2021/03/09,194.5,196.0,188.0,190.0
2021/03/10,194.5,194.5,190.0,190.0
2021/03/11,193.0,200.5,192.5,195.0
2021/03/12,196.5,206.0,196.0,203.0
2021/03/15,202.5,219.5,202.0,211.0
2021/03/16,212.0,232.0,210.5,227.0
2021/03/17,232.0,235.0,217.0,223.0
2021/03/18,228.0,242.0,227.5,235.0
2021/03/19,233.0,248.5,226.0,243.5
2021/03/22,243.0,250.0,238.0,239.0
2021/03/23,242.0,245.0,227.0,230.5
2021/03/24,231.5,234.5,228.5,233.5
2021/03/25,235.5,241.5,228.5,235.5
2021/03/26,233.0,241.0,231.5,236.0
2021/03/29,236.0,242.5,235.0,242.0
2021/03/30,244.5,246.5,238.5,239.0
2021/03/31,242.0,249.5,239.0,239.0
2021/04/01,242.0,244.0,233.0,233.5
2021/04/06,236.0,247.5,236.0,243.0
2021/04/07,244.0,254.5,243.0,253.0
2021/04/08,257.5,273.0,254.0,256.5
2021/04/09,259.0,262.0,250.5,253.5
2021/04/12,254.0,255.5,233.0,235.5
2021/04/13,237.5,244.5,232.0,232.0
2021/04/14,233.5,236.0,214.0,227.0
2021/04/15,230.0,242.0,225.0,237.0
2021/04/16,242.0,249.5,240.5,245.5
2021/04/19,251.0,259.0,245.5,247.0
2021/04/20,253.0,271.5,248.5,261.0
2021/04/21,265.5,278.0,262.0,276.5
2021/04/22,282.5,298.5,270.0,273.0
2021/04/23,276.0,300.0,271.5,300.0
2021/04/26,305.0,317.5,297.5,317.5
2021/04/27,317.0,318.5,308.0,309.5
2021/04/28,320.0,340.0,309.0,326.5
2021/04/29,332.0,338.5,311.5,314.5
2021/05/03,312.0,323.5,299.0,311.5
2021/05/04,315.0,316.5,281.0,303.5
2021/05/05,299.0,301.0,273.5,275.0
2021/05/06,278.0,281.0,250.0,257.5
2021/05/07,267.0,282.0,258.5,279.5
2021/05/10,283.5,286.0,261.0,262.0
2021/05/11,243.0,257.5,236.0,236.0
2021/05/12,237.0,242.0,212.5,221.0
2021/05/13,220.0,234.0,212.0,229.0
2021/05/14,239.0,248.5,230.0,234.0
2021/05/17,224.5,241.5,215.0,225.0
2021/05/18,235.0,244.0,225.5,238.0
2021/05/19,236.0,260.0,232.5,260.0
2021/05/20,252.5,259.0,234.0,234.5
2021/05/21,239.0,243.0,230.5,240.0
2021/05/24,237.0,264.0,233.0,261.0
2021/05/25,268.5,283.0,263.0,270.0
2021/05/26,270.0,273.0,255.5,260.0
2021/05/27,254.0,266.0,250.0,256.5
2021/05/28,262.5,273.0,261.5,266.0
2021/05/31,273.0,292.0,270.5,288.5
2021/06/01,290.5,302.0,282.0,287.0
2021/06/02,288.5,292.0,272.5,274.0
2021/06/03,279.5,283.5,274.0,277.0
2021/06/04,274.0,286.5,270.5,282.5
2021/06/07,283.5,284.0,270.0,281.5
2021/06/08,286.0,297.0,282.0,284.0
2021/06/09,284.0,294.5,282.5,292.0
2021/06/10,299.5,303.5,289.0,292.0
2021/06/11,293.0,297.0,286.0,291.5
2021/06/15,294.0,299.0,290.0,298.0
2021/06/16,298.0,301.0,288.0,288.5
2021/06/17,283.5,292.5,282.0,291.5
2021/06/18,292.0,295.0,284.0,285.0
2021/06/21,280.0,284.5,273.5,276.5
2021/06/22,280.0,281.5,268.0,272.5
2021/06/23,277.0,285.5,274.5,284.5
2021/06/24,286.5,288.0,281.0,283.5
2021/06/25,286.0,289.0,283.5,285.0
2021/06/28,285.5,291.0,282.0,291.0
2021/06/29,295.0,298.0,288.0,288.0
2021/06/30,292.5,314.0,292.0,313.0
2021/07/01,317.0,319.0,298.5,302.5
2021/07/02,300.5,312.0,296.0,310.5
2021/07/05,318.0,326.0,313.5,319.5
2021/07/06,320.0,328.0,312.0,318.5
2021/07/07,317.0,327.0,313.0,314.0
2021/07/08,316.0,324.0,310.5,314.0
2021/07/09,311.0,318.5,305.0,314.5
2021/07/12,320.0,321.0,310.0,311.0
2021/07/13,314.5,318.0,296.0,298.5
2021/07/14,302.5,306.5,288.5,300.0
2021/07/15,298.0,307.5,296.0,307.5
2021/07/16,304.0,324.0,302.5,311.5
2021/07/19,315.5,323.5,311.0,318.0
2021/07/20,313.0,313.5,300.0,303.0
2021/07/21,309.0,316.5,305.0,314.0
2021/07/22,322.5,338.5,316.0,335.0
2021/07/23,336.5,350.0,327.0,333.5
2021/07/26,339.0,366.5,338.5,366.5
2021/07/27,371.0,388.0,357.0,382.0
2021/07/28,380.0,380.0,344.0,344.0
2021/07/29,350.0,372.0,334.0,367.5
2021/07/30,371.0,401.5,364.5,384.0
2021/08/02,400.0,416.5,390.0,398.5
2021/08/03,398.5,406.0,385.5,391.5
2021/08/04,394.5,400.0,381.5,393.5
2021/08/05,390.0,397.5,383.0,389.0
2021/08/06,390.0,397.5,382.0,393.0
2021/08/09,386.0,392.0,363.5,363.5
2021/08/10,370.5,384.0,367.0,379.5
2021/08/11,369.5,377.0,353.0,365.0
2021/08/12,369.5,378.0,366.0,369.5
2021/08/13,370.0,373.0,350.0,350.0
2021/08/16,341.0,353.5,336.0,352.0
2021/08/17,347.0,355.0,323.5,327.5
2021/08/18,321.0,335.0,304.5,335.0
2021/08/19,328.0,339.0,314.5,314.5
2021/08/20,320.0,328.5,313.0,323.5
2021/08/23,328.0,338.5,327.0,332.5
2021/08/24,336.5,338.0,314.0,314.0
2021/08/25,312.0,315.0,305.0,309.0
2021/08/26,315.0,318.0,299.0,300.5
2021/08/27,300.0,308.0,292.0,299.0
2021/08/30,303.0,304.5,294.0,301.0
2021/08/31,303.0,306.0,293.0,295.0
2021/09/01,290.5,300.5,288.5,300.0
2021/09/02,299.0,302.0,284.0,284.5
2021/09/03,289.0,290.0,279.0,279.5
2021/09/06,279.0,279.0,255.0,256.0
2021/09/07,259.0,267.5,257.0,261.0
2021/09/08,258.5,269.0,257.5,263.5
2021/09/09,262.0,273.5,262.0,267.5
2021/09/10,269.0,274.5,264.0,273.0
2021/09/13,272.5,273.5,263.5,264.0
2021/09/14,266.0,269.0,260.0,265.0
2021/09/15,263.5,264.5,252.0,259.0
2021/09/16,261.5,267.0,260.5,262.0
2021/09/17,263.0,268.0,259.5,268.0
2021/09/22,259.0,260.0,252.0,260.0
2021/09/23,260.5,263.5,254.0,255.5
2021/09/24,258.5,264.0,255.5,259.5
2021/09/27,258.5,263.0,255.0,261.0
2021/09/28,259.0,259.5,251.5,251.5
2021/09/29,242.0,247.5,235.5,238.0
2021/09/30,241.5,246.5,237.0,244.0
2021/10/01,242.0,250.5,237.0,238.5
2021/10/04,241.0,242.5,225.5,225.5
2021/10/05,220.5,237.5,220.5,234.0
2021/10/06,235.0,235.0,225.0,226.5
2021/10/07,230.5,237.0,230.0,236.0
2021/10/08,235.5,240.0,233.0,234.0
2021/10/12,234.0,236.0,226.0,226.5
2021/10/13,229.0,231.5,219.0,219.0
2021/10/14,224.0,226.5,218.0,224.0
2021/10/15,231.0,231.5,227.5,229.5
2021/10/18,231.0,231.0,223.0,225.0
2021/10/19,227.0,234.0,227.0,233.0
2021/10/20,236.0,239.5,231.0,239.5
2021/10/21,237.5,255.0,236.5,238.5
2021/10/22,240.0,247.0,237.5,246.0
2021/10/25,247.0,247.0,238.5,245.5
2021/10/26,247.5,257.5,247.5,250.0
2021/10/27,248.5,255.5,246.5,255.5
2021/10/28,255.0,272.0,252.5,262.0
2021/10/29,274.0,275.0,263.5,266.5
2021/11/01,268.0,269.0,256.5,256.5
2021/11/02,256.0,258.5,241.5,241.5
2021/11/03,243.5,254.0,241.5,251.5
2021/11/04,250.5,260.0,248.0,258.0
2021/11/05,257.0,271.0,255.5,267.0
2021/11/08,268.0,273.5,265.0,269.0
2021/11/09,272.0,280.0,271.5,274.5
2021/11/10,278.0,281.0,274.0,277.0
2021/11/11,274.0,278.5,271.5,273.5
2021/11/12,276.5,279.5,274.0,275.0
2021/11/15,279.5,288.0,278.0,282.0
2021/11/16,284.5,286.0,279.0,279.5
2021/11/17,281.5,299.0,281.0,294.5
2021/11/18,297.0,305.0,292.0,295.0
2021/11/19,299.0,301.5,288.5,292.0
2021/11/22,294.0,298.5,291.0,293.5
2021/11/23,290.0,291.5,280.0,281.5
2021/11/24,281.5,287.0,276.0,287.0
2021/11/25,287.0,289.5,281.0,281.0
2021/11/26,280.0,283.5,275.5,276.0
2021/11/29,271.5,280.5,262.5,277.5
2021/11/30,282.0,285.0,279.5,280.5
2021/12/01,283.0,296.0,282.5,292.5
2021/12/02,293.5,300.0,290.0,298.0
2021/12/03,300.0,306.5,296.5,298.0
2021/12/06,298.0,301.5,296.0,298.5
2021/12/07,303.5,310.0,300.0,306.0
2021/12/08,312.0,313.0,307.5,311.0
2021/12/09,314.0,314.5,301.0,301.0
2021/12/10,300.0,304.0,295.0,300.0
2021/12/13,304.0,304.5,300.0,301.5
2021/12/14,299.0,299.5,289.0,289.5
2021/12/15,290.0,305.0,288.5,305.0
2021/12/16,312.0,325.5,310.0,324.0
2021/12/17,322.0,340.0,318.0,332.0
2021/12/20,334.5,339.5,323.0,323.0
2021/12/21,327.5,328.0,317.0,325.5
2021/12/22,330.5,334.5,319.5,321.5
2021/12/23,325.5,326.0,319.5,320.5
2021/12/24,324.0,328.0,320.5,320.5
2021/12/27,322.0,326.5,319.5,320.5
2021/12/28,324.5,326.5,320.5,322.0
2021/12/29,324.0,324.0,319.5,319.5
2021/12/30,321.0,324.0,319.0,320.0
2022/01/03,322.5,323.5,317.5,321.0
2022/01/04,322.0,323.5,315.0,317.0
2022/01/05,316.0,316.0,306.0,306.0
2022/01/06,302.0,309.5,301.5,307.5
2022/01/07,306.5,309.0,296.5,300.0
2022/01/10,298.0,307.0,297.0,307.0
2022/01/11,308.0,308.0,297.0,297.0
2022/01/12,299.0,301.5,286.0,286.5
2022/01/13,287.0,290.5,278.0,280.5
2022/01/14,279.0,285.5,273.5,285.5
2022/01/17,288.0,294.5,282.5,294.5
2022/01/18,294.5,299.5,291.5,294.0
2022/01/19,287.5,293.5,286.5,287.0
2022/01/20,287.0,293.5,284.0,293.5
2022/01/21,288.5,290.0,284.0,285.0
2022/01/24,281.0,287.0,278.0,287.0
2022/01/25,283.0,289.0,281.5,282.0
2022/01/26,282.0,285.5,280.5,282.5
2022/02/07,283.0,285.0,278.0,280.0
2022/02/08,283.0,289.0,283.0,288.0
2022/02/09,289.5,293.5,288.5,293.0
2022/02/10,293.0,293.0,288.0,289.0
2022/02/11,292.0,302.5,292.0,298.0
2022/02/14,293.0,294.0,289.5,290.0
2022/02/15,291.0,297.5,290.5,293.0
2022/02/16,298.5,301.0,296.0,296.0
2022/02/17,297.0,298.5,293.0,294.5
2022/02/18,292.0,299.0,289.5,298.5
2022/02/21,297.0,302.5,296.0,301.5
2022/02/22,298.5,299.0,288.5,290.5
2022/02/23,294.0,301.0,293.5,299.0
2022/02/24,294.0,296.5,287.0,288.0
2022/02/25,294.0,294.5,290.0,291.5
2022/03/01,293.0,296.5,292.0,294.5
2022/03/02,292.0,300.5,292.0,300.0
2022/03/03,302.0,304.5,298.5,300.0
2022/03/04,295.0,300.0,295.0,296.0
2022/03/07,292.0,292.0,282.5,284.5
2022/03/08,280.5,290.5,280.5,287.0
2022/03/09,291.0,298.0,290.5,296.5
2022/03/10,304.0,314.0,301.0,307.0
2022/03/11,304.5,308.5,302.5,305.5
2022/03/14,307.5,308.5,299.5,303.0
2022/03/15,300.0,300.0,291.5,291.5
2022/03/16,296.0,297.5,290.5,293.5
2022/03/17,301.0,306.0,297.5,304.5
2022/03/18,307.5,313.0,306.0,306.5
2022/03/21,307.0,308.0,303.0,303.5
2022/03/22,301.5,304.5,297.0,299.5
2022/03/23,301.5,303.5,299.5,301.0
2022/03/24,300.0,301.0,298.0,300.0
2022/03/25,302.5,304.5,299.0,299.0
2022/03/28,296.0,297.0,292.5,297.0
2022/03/29,298.5,300.0,292.5,294.0
2022/03/30,297.0,297.0,292.0,292.5
2022/03/31,292.5,293.5,290.5,290.5
2022/04/01,288.5,294.5,286.0,294.5
2022/04/06,291.5,292.5,290.0,291.0
2022/04/07,290.0,293.0,284.0,284.0
2022/04/08,285.0,288.5,284.5,286.5
2022/04/11,287.0,287.5,277.0,277.0
2022/04/12,275.5,281.0,275.0,279.5
2022/04/13,282.5,285.0,280.0,283.5
2022/04/14,284.5,284.5,279.5,280.0
2022/04/15,277.5,278.0,273.5,273.5
2022/04/18,273.5,276.0,270.0,273.5
2022/04/19,276.5,279.0,274.5,274.5
2022/04/20,276.0,278.0,269.0,269.0
2022/04/21,269.5,271.0,265.0,265.0
2022/04/22,261.0,263.5,259.5,262.0
2022/04/25,258.5,260.5,256.0,256.0
2022/04/26,259.5,260.0,252.0,252.0
2022/04/27,242.0,249.0,239.0,247.0
2022/04/28,250.0,256.0,242.5,249.5
2022/04/29,258.0,261.5,256.0,257.5
2022/05/03,258.0,260.0,256.5,259.0
2022/05/04,261.0,261.5,255.5,256.0
2022/05/05,260.0,260.5,256.0,256.0
2022/05/06,250.5,253.0,249.5,251.0
2022/05/09,247.0,248.5,243.0,243.0
2022/05/10,238.5,248.0,236.0,247.0
2022/05/11,245.5,247.5,241.0,243.0
2022/05/12,242.5,251.5,242.0,245.5
2022/05/13,250.0,251.0,248.0,248.0
2022/05/16,251.0,252.5,244.0,244.0
2022/05/17,244.5,248.5,243.5,247.0
2022/05/18,251.0,253.5,250.5,250.5
2022/05/19,244.0,248.0,242.0,248.0
2022/05/20,249.0,249.0,246.5,247.0
2022/05/23,246.0,246.5,242.0,242.0
2022/05/24,244.0,244.0,237.0,237.0
2022/05/25,238.0,239.0,234.0,238.5
2022/05/26,239.0,240.5,235.5,235.5
2022/05/27,238.0,244.0,237.5,244.0
2022/05/30,250.0,254.5,248.5,254.0
2022/05/31,254.0,259.0,252.0,258.0
2022/06/01,258.0,271.0,257.0,264.0
2022/06/02,264.0,266.5,262.0,262.5
2022/06/06,262.0,262.0,256.0,259.0
2022/06/07,258.5,261.0,258.0,260.5
2022/06/08,258.0,258.0,252.0,252.5
2022/06/09,250.0,251.0,247.0,249.5
2022/06/10,246.5,250.0,245.5,247.0
2022/06/13,241.5,242.5,240.0,240.0
2022/06/14,237.5,246.0,235.5,245.5
2022/06/15,246.0,247.0,242.0,242.5
2022/06/16,246.0,248.0,236.0,236.0
2022/06/17,233.5,235.5,225.5,228.0
2022/06/20,228.0,230.0,218.0,218.0
2022/06/21,220.0,224.5,218.5,224.5
2022/06/22,223.0,223.5,207.0,207.0
2022/06/23,207.0,210.0,199.0,202.5
2022/06/24,207.5,211.5,205.5,207.0
2022/06/27,211.5,213.5,209.5,211.0
2022/06/28,210.0,211.0,202.0,203.0
2022/06/29,199.5,206.5,199.0,206.0
2022/06/30,203.0,203.5,200.0,200.0
2022/07/01,199.5,199.5,187.5,188.0
2022/07/04,188.0,191.5,186.5,187.0
2022/07/05,191.0,192.0,184.0,190.0
2022/07/06,188.5,191.0,181.5,181.5
2022/07/07,183.0,186.0,179.0,185.5
2022/07/08,183.5,190.0,181.5,189.0
2022/07/11,190.5,190.5,184.0,186.0
2022/07/12,184.0,185.0,170.0,170.5
2022/07/13,175.5,175.5,169.0,170.0
2022/07/14,136.5,143.0,136.0,142.5
2022/07/15,143.0,144.0,139.0,142.0
2022/07/18,144.5,148.5,143.5,148.0
2022/07/19,147.0,148.5,145.0,148.0
2022/07/20,152.5,159.5,151.5,155.5
2022/07/21,155.0,162.0,154.5,162.0
2022/07/22,167.5,173.5,166.0,169.0
2022/07/25,165.0,166.0,161.0,164.0
2022/07/26,162.5,162.5,158.0,160.0
2022/07/27,158.5,164.0,158.0,163.5
2022/07/28,165.5,166.5,159.5,160.0
2022/07/29,165.0,171.5,164.0,167.5
2022/08/01,166.5,169.5,166.0,167.0
2022/08/02,164.5,165.0,160.5,161.0
2022/08/03,161.0,162.0,155.5,159.0
2022/08/04,157.5,161.5,156.0,160.0
2022/08/05,163.5,166.5,162.5,166.0
2022/08/08,163.0,167.0,163.0,166.5
2022/08/09,166.0,169.0,164.5,167.0
2022/08/10,165.0,165.5,163.0,163.0
2022/08/11,166.5,170.0,166.0,168.5
2022/08/12,169.0,180.0,169.0,179.5
2022/08/15,182.0,182.0,177.0,180.0
2022/08/16,180.0,180.0,176.0,176.0
2022/08/17,175.0,176.0,172.0,172.5
2022/08/18,171.0,182.5,169.0,180.5
2022/08/19,180.0,182.0,178.5,179.5
2022/08/22,183.0,193.0,183.0,188.0
2022/08/23,185.5,191.0,184.0,188.5
2022/08/24,189.5,190.5,185.0,186.0
2022/08/25,188.0,191.0,186.5,188.5
2022/08/26,192.0,194.0,189.5,189.5
2022/08/29,182.0,187.0,182.0,185.5
2022/08/30,186.5,191.0,186.5,190.5
2022/08/31,189.0,192.5,188.0,190.5
2022/09/01,189.0,192.0,186.5,187.5
2022/09/02,190.5,192.0,187.0,187.5
2022/09/05,188.5,189.5,177.0,178.0
2022/09/06,179.0,181.0,173.5,174.0
2022/09/07,170.5,176.5,170.0,172.5
2022/09/08,176.0,179.0,172.5,177.5
2022/09/12,181.0,181.5,178.0,180.0
2022/09/13,180.0,186.0,180.0,180.0
2022/09/14,174.5,180.0,174.5,178.0
2022/09/15,178.5,180.5,175.5,176.0
2022/09/16,174.0,175.0,170.5,170.5
2022/09/19,171.0,172.0,166.0,168.5
2022/09/20,170.0,171.5,168.5,171.0
2022/09/21,169.0,170.0,167.0,168.0
2022/09/22,165.0,169.5,164.0,169.5
2022/09/23,167.5,170.5,165.0,165.0
2022/09/26,163.0,163.0,155.0,157.0
2022/09/27,157.5,161.0,155.5,160.5
2022/09/28,159.0,162.5,155.0,155.0
2022/09/29,160.5,162.0,157.0,159.0
2022/09/30,155.0,165.0,154.0,164.5
2022/10/03,162.0,167.0,161.0,164.5
2022/10/04,168.5,171.0,167.5,170.5
2022/10/05,174.0,174.5,169.5,170.5
2022/10/06,171.0,176.0,171.0,175.5
2022/10/07,173.0,176.5,173.0,174.5
2022/10/11,169.0,169.5,165.0,166.0
2022/10/12,166.0,167.5,162.5,165.0
2022/10/13,165.0,165.5,156.0,156.0
2022/10/14,163.0,171.5,163.0,169.5
2022/10/17,165.0,178.0,165.0,178.0
2022/10/18,182.0,183.0,176.0,180.0
2022/10/19,178.5,181.0,175.0,176.5
2022/10/20,174.0,176.0,171.0,175.0
2022/10/21,175.0,176.5,170.5,170.5
2022/10/24,176.0,178.5,173.0,173.5
2022/10/25,173.5,174.0,168.0,168.0
2022/10/26,170.0,170.0,166.0,166.5
2022/10/27,168.0,172.0,167.5,171.5
2022/10/28,170.0,171.0,163.5,164.0
2022/10/31,167.5,167.5,164.0,165.5
2022/11/01,165.5,170.0,165.5,169.5
2022/11/02,170.5,174.0,170.0,172.0
2022/11/03,170.0,174.0,169.0,173.5
2022/11/04,172.0,174.5,170.5,174.0
2022/11/07,175.0,180.0,173.5,178.5
2022/11/08,180.0,189.5,179.0,180.0
2022/11/09,182.5,198.0,182.0,195.0
2022/11/10,193.5,198.0,192.0,197.0
2022/11/11,213.0,213.0,196.0,196.0
2022/11/14,192.5,194.0,186.5,189.5
2022/11/15,189.0,192.0,186.5,190.5
2022/11/16,190.5,196.0,189.0,192.0
2022/11/17,192.0,196.0,190.0,193.0
2022/11/18,193.0,195.5,189.5,189.5
2022/11/21,190.0,192.0,187.0,187.0
2022/11/22,187.5,188.5,185.5,186.5
2022/11/23,188.5,189.0,186.5,186.5
2022/11/24,189.0,192.0,188.0,192.0
2022/11/25,191.0,191.5,188.0,188.5
2022/11/28,186.5,190.5,186.5,188.0
2022/11/29,189.0,189.0,186.0,188.0
2022/11/30,189.0,191.5,188.5,190.5
2022/12/01,194.0,196.5,193.5,194.0
2022/12/02,192.0,193.5,190.5,192.0
2022/12/05,194.5,196.5,191.5,192.0
2022/12/06,191.0,192.0,184.0,184.5
2022/12/07,183.5,186.0,179.0,180.5
2022/12/08,178.0,182.0,177.5,181.0
2022/12/09,183.0,183.0,178.5,179.5
2022/12/12,179.0,179.5,177.5,179.0
2022/12/13,181.5,181.5,176.5,176.5
2022/12/14,177.5,181.0,177.0,181.0
2022/12/15,179.5,184.5,179.5,183.0
2022/12/16,179.5,185.5,179.5,185.0
2022/12/19,185.5,185.5,179.0,179.5
2022/12/20,178.5,180.5,172.5,172.5
2022/12/21,174.0,174.5,172.0,172.5
2022/12/22,174.5,175.5,173.5,174.0
2022/12/23,171.5,174.0,168.0,173.5
2022/12/26,174.5,174.5,172.0,172.0
2022/12/27,174.5,180.0,174.0,178.0
2022/12/28,176.0,176.5,174.0,176.0
2022/12/29,174.0,178.0,173.5,178.0
2022/12/30,180.0,181.5,177.5,177.5
2023/01/03,176.0,186.0,176.0,185.5
2023/01/04,185.0,187.5,183.5,185.0
2023/01/05,187.0,190.0,185.0,186.5
2023/01/06,187.5,191.5,187.0,189.0
2023/01/09,193.0,193.0,189.0,190.0
2023/01/10,190.0,190.0,184.5,185.0
2023/01/11,186.0,188.0,185.5,186.5
2023/01/12,188.0,188.0,186.0,187.0
2023/01/13,188.5,189.0,183.0,183.0
2023/01/16,184.0,185.0,183.5,184.0
2023/01/17,185.0,187.0,184.5,186.5
2023/01/30,194.0,197.0,191.0,196.5
2023/01/31,197.5,212.5,196.5,211.5
2023/02/01,212.5,216.0,209.0,214.5
2023/02/02,215.5,217.0,212.0,215.0
2023/02/03,215.5,216.5,210.5,210.5
2023/02/06,208.5,214.5,208.5,212.5
2023/02/07,211.5,217.0,211.0,215.0
2023/02/08,217.0,226.0,214.5,222.5
2023/02/09,221.0,221.0,216.0,216.5
2023/02/10,214.0,215.0,209.0,211.0
2023/02/13,211.0,212.0,209.0,211.0
2023/02/14,213.0,215.0,210.5,210.5
2023/02/15,210.0,211.5,206.0,208.5
2023/02/16,210.5,215.5,209.5,214.5
2023/02/17,216.5,222.0,216.0,217.5
2023/02/20,216.5,227.0,216.0,226.0
2023/02/21,227.0,248.0,227.0,243.0
2023/02/22,240.0,242.0,230.0,233.0
2023/02/23,237.5,242.0,235.0,236.5
2023/02/24,239.0,240.5,227.5,228.0
2023/03/01,228.0,234.0,223.0,230.0
2023/03/02,231.0,233.5,227.0,232.5
2023/03/03,234.5,236.0,229.5,229.5
2023/03/06,233.0,236.0,231.0,233.0
2023/03/07,233.0,233.5,227.5,231.5
2023/03/08,232.5,235.5,230.0,234.5
2023/03/09,236.0,236.0,232.5,233.0
2023/03/10,230.0,232.0,222.0,223.5
2023/03/13,221.0,224.5,217.0,224.5
2023/03/14,221.5,224.0,220.5,221.0
2023/03/15,224.5,228.5,224.0,225.0
2023/03/16,225.0,231.0,224.5,227.5
2023/03/17,233.5,236.0,220.5,224.5
2023/03/20,226.0,236.0,226.0,233.0
2023/03/21,240.0,241.5,235.0,237.5
2023/03/22,238.0,242.0,237.5,241.0
2023/03/23,241.0,241.0,237.0,239.5
2023/03/24,240.0,241.5,238.0,240.0
2023/03/27,242.0,245.5,238.0,243.0
2023/03/28,246.5,249.5,235.0,235.5
2023/03/29,237.0,237.0,231.5,233.0
2023/03/30,237.0,237.0,233.0,234.5
2023/03/31,236.0,241.0,234.5,237.5
2023/04/06,237.0,239.0,234.0,235.0
2023/04/07,235.5,240.5,234.0,239.5
2023/04/10,239.5,244.0,239.5,240.5
2023/04/11,242.5,251.0,240.5,250.5
2023/04/12,252.0,253.0,246.5,252.5
2023/04/13,252.0,252.0,245.5,245.5
2023/04/14,248.0,253.5,246.0,253.0
2023/04/17,256.5,260.0,250.0,250.0
2023/04/18,252.0,252.0,245.0,245.0
2023/04/19,247.5,247.5,240.0,240.5
2023/04/20,238.5,242.0,236.0,236.5
2023/04/21,236.5,239.0,228.5,229.5
2023/04/24,226.0,234.0,226.0,229.0
2023/04/25,231.5,231.5,218.0,219.5
2023/04/26,215.5,222.0,215.5,221.5
2023/04/27,221.5,224.0,216.5,221.5
2023/04/28,225.0,229.5,224.5,227.5
2023/05/02,225.5,230.5,225.5,228.5
2023/05/03,227.5,228.0,224.5,226.5
2023/05/04,226.0,228.0,222.0,222.5
2023/05/05,221.0,225.0,220.5,223.5
2023/05/08,224.0,226.0,222.5,223.5
2023/05/09,225.0,225.5,219.5,220.5
2023/05/10,220.0,227.5,220.0,223.0
2023/05/11,223.5,224.5,218.0,218.0
2023/05/12,216.5,220.0,216.0,220.0
2023/05/15,218.5,219.0,210.0,215.0
2023/05/16,218.0,225.5,216.5,220.5
2023/05/17,221.5,223.5,218.0,222.5
2023/05/18,225.0,225.0,221.5,222.5
2023/05/19,224.0,226.0,222.5,223.5
2023/05/22,225.0,226.5,224.0,224.0
2023/05/23,224.0,226.5,222.0,226.0
2023/05/24,225.0,225.0,222.5,223.5
2023/05/25,224.5,226.0,222.0,224.5
2023/05/26,225.5,226.0,219.5,221.0
2023/05/29,223.0,227.5,223.0,225.5
2023/05/30,226.0,226.0,222.5,223.5
2023/05/31,224.5,227.5,224.0,225.0
2023/06/01,225.0,225.0,222.0,223.0
2023/06/02,225.0,226.5,223.5,226.0
2023/06/05,228.0,234.5,227.0,234.0
2023/06/06,233.5,233.5,229.0,231.5
2023/06/07,231.5,236.5,231.5,235.5
2023/06/08,235.5,239.0,232.5,234.5
2023/06/09,235.5,237.5,234.0,237.5
2023/06/12,239.5,239.5,232.5,239.0
2023/06/13,241.5,242.5,237.0,239.5
2023/06/14,241.0,241.0,237.5,238.0
2023/06/15,238.5,239.5,237.5,239.0
2023/06/16,238.5,238.5,235.0,238.5
2023/06/19,237.5,237.5,235.0,235.5
2023/06/20,235.0,237.0,233.0,236.0
2023/06/21,237.0,238.5,234.5,236.5
2023/06/26,236.0,236.0,231.0,231.0
2023/06/27,230.0,237.5,228.0,233.0
2023/06/28,235.5,239.0,234.5,238.0
2023/06/29,240.5,244.0,239.0,239.0
2023/06/30,239.0,239.0,232.5,234.5
2023/07/03,235.0,246.0,234.0,244.5
2023/07/04,248.0,250.0,244.0,250.0
2023/07/05,254.5,254.5,245.5,246.5
2023/07/06,244.5,250.5,243.5,250.5
2023/07/07,249.5,249.5,244.0,248.5
2023/07/10,245.5,249.5,244.0,248.0
2023/07/11,249.0,250.0,246.0,246.0
2023/07/12,247.0,248.5,244.0,246.5
2023/07/13,229.5,232.0,219.0,219.0
2023/07/14,223.0,223.5,220.0,220.0
2023/07/17,222.0,222.0,216.0,216.5
2023/07/18,218.0,218.0,212.5,216.0
2023/07/19,218.0,226.0,217.5,224.0
2023/07/20,223.0,225.0,220.0,221.0
2023/07/21,218.5,221.5,216.5,221.0
2023/07/24,221.0,221.0,214.0,214.5
2023/07/25,215.0,216.0,212.0,213.0
2023/07/26,213.0,213.5,206.0,207.5
2023/07/27,209.0,222.0,209.0,219.5
2023/07/28,219.0,222.0,217.0,219.0
2023/07/31,220.0,222.5,217.5,220.0
2023/08/01,221.5,231.0,221.5,230.5
2023/08/02,234.0,240.0,228.5,230.0
2023/08/04,235.0,238.5,229.0,234.0
2023/08/07,234.0,238.5,232.0,235.5
2023/08/08,236.0,237.5,230.5,236.5
2023/08/09,234.0,237.5,230.5,236.5
2023/08/10,236.0,236.5,231.0,235.5
2023/08/11,236.5,238.5,234.0,236.5
2023/08/14,236.0,237.5,232.0,237.0
2023/08/15,238.5,244.0,236.0,239.5
2023/08/16,237.5,241.0,237.0,239.5
2023/08/17,239.0,242.5,238.0,239.0
2023/08/18,239.0,239.5,233.5,233.5
2023/08/21,236.0,237.5,233.0,237.0
2023/08/22,238.0,238.0,234.5,235.0
2023/08/23,235.0,237.5,234.5,236.0
2023/08/24,237.0,242.5,236.0,242.0
2023/08/25,239.5,240.0,234.5,236.0
2023/08/28,239.0,244.0,237.0,243.5
2023/08/29,246.0,247.5,240.5,244.0
2023/08/30,245.0,249.5,244.5,248.5
2023/08/31,246.0,250.0,245.0,250.0
2023/09/01,250.5,250.5,248.0,250.5
2023/09/04,250.0,255.0,245.0,255.0
2023/09/05,256.5,280.0,255.5,279.0
2023/09/06,279.5,279.5,268.5,273.5
2023/09/07,273.0,279.0,270.0,271.5
2023/09/08,272.5,279.0,270.5,277.5
2023/09/11,280.0,296.0,280.0,291.5
2023/09/12,293.0,297.0,284.5,292.0
2023/09/13,292.5,299.0,288.0,295.0
2023/09/14,297.0,303.0,297.0,300.0
2023/09/15,304.0,314.5,302.5,302.5
2023/09/18,302.5,310.5,292.0,293.0
2023/09/19,296.5,298.0,285.0,295.5
2023/09/20,300.0,300.0,285.5,286.5
2023/09/21,284.5,289.0,280.0,284.5
2023/09/22,281.0,285.0,279.0,285.0
2023/09/25,285.0,285.5,281.0,282.5
2023/09/26,282.5,286.0,275.5,278.5
2023/09/27,278.0,279.0,270.5,278.5
2023/09/28,279.0,281.0,275.5,278.5
2023/10/02,282.5,282.5,273.5,277.5
2023/10/03,275.5,288.5,275.5,280.0
2023/10/04,277.5,284.0,274.0,281.5
2023/10/05,284.0,284.0,278.0,278.5
2023/10/06,279.0,279.5,275.5,276.0
2023/10/11,280.0,280.0,273.5,274.5
2023/10/12,276.0,276.5,269.5,272.0
2023/10/13,272.0,275.0,271.0,271.5
2023/10/16,271.0,273.0,265.0,272.0
2023/10/17,273.5,283.5,273.5,278.5
2023/10/18,283.5,286.0,279.5,282.5
2023/10/19,281.0,292.0,280.0,284.5
2023/10/20,284.5,288.0,279.5,287.0
2023/10/23,285.5,291.5,275.0,276.5
2023/10/24,276.5,279.5,269.5,279.5
2023/10/25,279.5,281.0,275.5,275.5
2023/10/26,272.0,277.5,271.0,274.5
2023/10/27,277.5,278.5,270.0,270.5
2023/10/30,273.0,286.5,272.0,285.0
2023/10/31,287.5,287.5,283.0,285.0
2023/11/01,287.5,291.0,286.0,290.0
2023/11/02,294.5,296.5,285.0,296.5
2023/11/03,294.5,294.5,282.0,283.0
2023/11/06,286.5,287.0,281.5,285.5
2023/11/07,284.0,292.5,284.0,290.5
2023/11/08,292.5,294.5,288.0,288.5
2023/11/09,292.0,293.5,288.5,289.0
2023/11/10,289.0,292.0,283.0,284.5
2023/11/13,286.5,289.0,285.0,287.0
2023/11/14,287.0,292.5,285.5,292.0
2023/11/15,296.0,296.0,290.0,291.5
2023/11/16,293.5,293.5,284.5,285.0
2023/11/17,284.5,294.0,284.0,294.0
2023/11/20,296.0,299.0,290.0,291.0
2023/11/21,294.5,295.0,289.0,289.5
2023/11/22,289.5,297.5,289.0,296.0
2023/11/23,300.0,303.5,290.0,290.0
2023/11/24,292.0,295.0,290.5,293.5
2023/11/27,295.0,296.5,288.5,289.0
2023/11/28,290.0,294.0,285.5,294.0
2023/11/29,294.0,297.5,293.0,294.5
2023/11/30,295.0,299.0,289.0,289.0
2023/12/01,290.5,294.0,288.5,292.0
2023/12/04,295.0,295.0,290.0,291.5
2023/12/05,291.5,292.0,283.0,284.5
2023/12/06,287.5,291.0,285.0,290.5
2023/12/07,290.0,292.5,288.0,288.0
2023/12/08,291.0,294.0,291.0,292.0
2023/12/11,295.0,295.0,289.5,293.0
2023/12/12,293.0,297.0,290.0,290.0
2023/12/13,290.5,296.0,289.5,289.5
2023/12/14,293.0,295.0,290.5,293.0
2023/12/15,295.0,295.0,288.5,288.5
2023/12/18,289.0,291.0,286.0,289.0
2023/12/19,287.5,290.0,279.0,280.0
2023/12/20,281.0,284.0,274.5,279.0
2023/12/21,277.0,279.0,272.0,276.0
2023/12/22,278.5,281.0,274.0,281.0
2023/12/25,283.0,283.0,274.0,274.0
2023/12/26,277.0,278.0,273.5,276.5
2023/12/27,277.5,282.0,277.5,280.0
2023/12/28,280.5,280.5,276.0,276.0
2023/12/29,278.5,280.0,276.0,278.0
2024/01/02,279.0,279.0,273.5,276.0
2024/01/03,274.0,280.5,273.0,278.0
2024/01/04,278.0,283.0,277.5,283.0
2024/01/05,283.0,284.0,277.0,280.0
2024/01/08,281.0,282.5,276.0,276.0
2024/01/09,279.5,281.0,277.5,277.5
2024/01/10,276.5,281.5,275.0,280.5
2024/01/11,280.5,280.5,276.0,277.5
2024/01/12,278.0,278.5,275.0,276.5
2024/01/15,278.5,281.5,278.0,281.0
2024/01/16,281.0,281.0,277.5,281.0
2024/01/17,281.5,283.5,279.5,282.5
2024/01/18,282.5,282.5,275.0,275.5
2024/01/19,278.0,281.5,276.5,279.0
2024/01/22,280.5,282.5,277.5,280.0
2024/01/23,280.0,283.0,279.0,280.5
2024/01/24,281.5,281.5,277.5,277.5
2024/01/25,280.0,281.5,277.5,279.0
2024/01/26,277.5,277.5,273.5,273.5
2024/01/29,274.0,279.0,271.0,279.0
2024/01/30,279.0,279.5,274.0,274.0
2024/01/31,273.0,275.5,272.5,272.5
2024/02/01,273.0,274.0,270.0,271.5
2024/02/02,273.0,276.5,272.5,275.0
2024/02/05,274.0,274.0,271.5,272.0
2024/02/15,276.0,277.5,272.5,277.0
2024/02/16,277.0,278.5,275.5,278.0
2024/02/19,279.0,284.5,277.0,282.0
2024/02/20,285.0,302.0,285.0,295.0
2024/02/21,296.0,297.5,290.5,290.5
2024/02/22,290.5,294.0,289.0,292.5
2024/02/23,294.0,295.5,291.5,292.0
2024/02/26,293.0,294.5,288.5,291.0
2024/02/27,292.0,298.0,291.5,293.0
2024/02/29,295.5,295.5,290.0,290.0
2024/03/01,290.5,300.0,290.5,296.5
2024/03/04,300.5,309.0,295.0,308.0
2024/03/05,310.0,315.0,301.0,305.5
2024/03/06,305.0,305.0,296.5,296.5
2024/03/07,299.0,300.5,292.0,292.5
2024/03/08,295.0,298.0,283.5,283.5
2024/03/11,283.0,288.0,282.0,282.0
2024/03/12,286.0,290.0,284.0,287.5
2024/03/13,292.0,297.0,287.0,287.5
2024/03/14,288.0,288.0,278.0,278.0
2024/03/15,278.0,289.5,278.0,282.0
2024/03/18,283.5,299.5,281.5,299.0
2024/03/19,298.0,304.5,296.0,300.0
2024/03/20,305.0,323.0,303.0,317.0
2024/03/21,320.0,320.0,308.0,314.5
2024/03/22,315.0,315.0,299.0,300.0
2024/03/25,301.0,309.5,296.0,296.5
2024/03/26,296.0,297.5,289.5,290.0
2024/03/27,292.0,307.5,289.0,303.5
2024/03/28,305.0,315.0,297.5,300.0
2024/03/29,297.5,302.5,291.5,291.5
2024/04/01,294.5,295.5,288.5,290.5
2024/04/02,292.0,295.0,292.0,293.5
2024/04/03,294.0,298.0,290.5,295.5
2024/04/08,296.5,297.5,291.0,296.5
2024/04/09,292.0,292.5,285.0,285.5
2024/04/10,286.0,292.5,285.5,288.5
2024/04/11,288.5,292.0,287.0,291.5
2024/04/12,294.0,297.5,287.5,289.0
2024/04/15,287.0,290.0,285.5,286.5
2024/04/16,285.0,287.5,279.0,283.5
2024/04/17,285.0,286.5,281.5,283.0
2024/04/18,280.5,282.0,278.0,278.5
2024/04/19,278.0,278.0,266.0,270.5
2024/04/22,271.0,273.5,259.0,263.0
2024/04/23,265.5,267.5,262.0,267.5
2024/04/24,270.5,274.0,269.0,274.0
2024/04/25,271.5,275.5,270.5,272.0
2024/04/26,273.0,276.0,272.0,276.0
2024/04/29,275.5,278.5,274.0,277.5
2024/04/30,277.5,280.0,275.5,280.0
2024/05/02,279.5,279.5,274.5,276.0
2024/05/03,279.0,281.0,275.0,275.0
2024/05/06,274.0,276.5,271.0,272.5
2024/05/07,272.5,275.5,269.5,274.5
2024/05/08,273.5,275.5,271.0,271.5
2024/05/09,273.5,273.5,269.0,269.0
2024/05/10,269.0,271.0,265.0,270.0
2024/05/13,270.0,270.5,264.0,264.0
2024/05/14,264.0,266.5,264.0,264.5
2024/05/15,266.5,269.0,265.5,266.5
2024/05/16,268.5,269.5,265.0,268.0
2024/05/17,268.0,268.0,262.5,262.5
2024/05/20,259.0,263.5,253.5,256.5
2024/05/21,260.0,260.5,256.0,259.5
2024/05/22,260.0,267.0,259.0,267.0
2024/05/23,265.0,266.0,261.0,261.0
2024/05/24,260.0,263.0,258.5,261.0
2024/05/27,262.5,264.5,261.0,261.5
2024/05/28,263.0,266.0,263.0,264.5
2024/05/29,264.5,266.5,264.0,264.5
2024/05/30,263.5,263.5,259.5,259.5
2024/05/31,261.0,262.5,259.5,260.0
2024/06/03,261.5,266.0,258.5,266.0
2024/06/04,266.5,268.0,263.0,266.5
2024/06/05,268.0,271.0,265.0,267.0
2024/06/06,270.0,270.0,262.0,264.0
2024/06/07,265.5,267.0,263.5,267.0
2024/06/11,268.5,273.5,268.0,272.0
2024/06/12,273.0,277.5,271.5,275.5
2024/06/13,276.0,283.0,276.0,279.5
2024/06/14,284.5,287.0,282.0,283.0
2024/06/17,283.0,283.5,280.5,282.0
2024/06/18,282.0,284.0,282.0,283.0
2024/06/19,283.0,284.0,280.5,280.5
2024/06/20,283.0,283.0,279.0,280.5
2024/06/21,280.0,280.0,276.5,278.5
2024/06/24,263.0,266.0,261.0,264.0
2024/06/25,263.0,263.0,258.5,259.5
2024/06/26,260.0,264.0,260.0,262.5
2024/06/27,260.5,261.5,258.5,258.5
2024/06/28,259.5,261.0,258.0,258.5
2024/07/01,258.5,258.5,254.5,256.5
2024/07/02,257.5,259.0,254.0,258.5
2024/07/03,261.0,261.0,248.0,248.0
2024/07/04,250.0,254.0,248.0,254.0
2024/07/05,255.5,257.0,253.0,255.5
2024/07/08,256.0,256.0,249.0,250.0
2024/07/09,250.5,256.0,246.0,256.0
2024/07/10,254.0,254.0,251.0,251.0
2024/07/11,253.0,253.5,251.0,253.0
2024/07/12,252.5,257.0,250.0,254.5
2024/07/15,255.5,256.0,252.0,254.5
2024/07/16,256.0,256.0,252.5,252.5
2024/07/17,252.5,254.0,249.5,250.5
2024/07/18,248.5,254.5,246.5,254.5
2024/07/19,254.0,254.0,245.5,245.5
2024/07/22,243.0,243.0,231.5,233.5
2024/07/23,237.0,243.5,235.0,243.0
2024/07/26,235.5,249.5,234.5,249.0
2024/07/29,247.0,251.5,246.0,247.5
2024/07/30,244.0,248.5,243.5,246.5
2024/07/31,247.0,249.5,245.0,248.5
2024/08/01,251.5,251.5,244.5,245.5
2024/08/02,245.0,253.0,240.5,240.5
2024/08/05,237.5,237.5,220.0,222.5
2024/08/06,225.5,228.5,213.0,219.5
2024/08/07,220.0,232.5,220.0,231.0
2024/08/08,225.0,228.0,221.5,221.5
2024/08/09,226.0,228.5,222.0,222.0
2024/08/12,222.5,228.5,222.5,228.0
2024/08/13,228.0,229.5,225.0,226.0
2024/08/14,228.0,231.0,227.0,231.0
2024/08/15,232.0,232.0,227.5,227.5
2024/08/16,231.0,231.0,227.5,228.5
2024/08/19,229.0,231.5,228.5,230.0
2024/08/20,231.0,231.5,228.5,228.5
2024/08/21,228.5,230.5,228.0,228.5
2024/08/22,229.0,230.0,227.5,229.0
2024/08/23,228.0,228.5,225.5,227.0
2024/08/26,228.0,231.0,227.0,227.0
2024/08/27,227.0,232.0,227.0,232.0
2024/08/28,231.0,233.0,228.5,230.5
2024/08/29,230.5,232.0,229.0,230.5
2024/08/30,232.5,239.5,232.0,234.0
2024/09/02,234.0,235.0,232.0,232.0
2024/09/03,234.0,234.5,229.5,229.5
2024/09/04,225.0,226.0,216.5,220.0
2024/09/05,222.0,224.5,215.5,215.5
2024/09/06,216.5,218.0,213.5,216.5
2024/09/09,215.5,221.5,215.5,218.0
2024/09/10,221.0,221.0,211.0,211.5
2024/09/11,212.0,215.0,212.0,213.0
2024/09/12,216.0,218.0,215.0,217.0
2024/09/13,217.0,221.0,217.0,219.5
2024/09/16,222.0,222.5,219.0,221.0
2024/09/18,220.0,221.5,215.0,215.0
2024/09/19,217.0,223.5,217.0,221.0
2024/09/20,222.0,225.5,220.5,220.5
2024/09/23,222.0,232.0,222.0,227.5
2024/09/24,228.0,229.5,224.0,227.0
2024/09/25,229.5,232.0,228.5,229.5
2024/09/26,232.5,232.5,228.0,228.5
2024/09/27,232.5,236.5,230.5,232.0
2024/09/30,230.0,235.0,228.5,228.5
2024/10/01,228.5,231.0,227.5,230.0
2024/10/04,231.0,235.5,230.5,233.0
2024/10/07,236.0,237.5,234.5,237.5
2024/10/08,237.5,237.5,232.0,234.5
2024/10/09,235.5,236.0,231.5,231.5
2024/10/11,231.5,233.0,228.5,230.0
2024/10/14,232.0,232.0,228.5,232.0
2024/10/15,232.0,232.5,230.5,232.0
2024/10/16,230.0,232.5,230.0,232.5
2024/10/17,232.5,237.0,232.5,234.5
2024/10/18,236.0,236.0,232.0,232.0
2024/10/21,234.5,238.0,232.0,237.5
2024/10/22,237.5,237.5,233.5,235.5
2024/10/23,235.5,241.0,235.5,236.5
2024/10/24,236.5,236.5,233.0,233.0
2024/10/25,234.5,235.5,232.0,235.5
2024/10/28,234.5,235.0,230.5,230.5
2024/10/29,230.0,230.0,222.0,224.5
2024/10/30,226.0,226.0,222.0,222.0
2024/11/01,217.0,220.0,214.5,219.0
2024/11/04,219.0,219.0,212.5,214.5
2024/11/05,214.0,216.0,212.0,215.0
2024/11/06,215.0,217.5,213.5,217.5
2024/11/07,218.0,222.5,218.0,222.0
2024/11/08,226.0,226.0,219.0,219.0
2024/11/11,218.0,219.0,214.5,218.0
2024/11/12,215.5,220.0,215.5,218.5
2024/11/13,217.0,222.5,217.0,222.0
2024/11/14,221.0,222.0,217.0,219.0
2024/11/15,219.0,223.5,219.0,219.5
2024/11/18,220.5,221.5,215.5,216.5
2024/11/19,219.0,219.0,213.5,216.0
2024/11/20,217.0,217.0,212.0,212.5
2024/11/21,213.5,215.0,212.0,215.0
2024/11/22,215.0,217.5,215.0,215.0
2024/11/25,215.5,217.0,213.5,214.5
2024/11/26,214.5,215.5,212.5,212.5
2024/11/27,213.0,213.5,205.0,205.0
2024/11/28,206.0,206.0,201.0,203.5
2024/11/29,203.0,207.0,202.0,207.0
2024/12/02,208.0,208.0,205.5,206.5
2024/12/03,208.0,210.0,205.5,207.0
2024/12/04,207.0,211.0,206.5,211.0
2024/12/05,212.0,212.5,209.0,209.0
2024/12/06,209.0,213.0,209.0,209.0
2024/12/09,211.5,211.5,207.5,210.0
2024/12/10,210.5,210.5,206.5,206.5
2024/12/11,207.5,207.5,203.5,203.5
2024/12/12,204.5,207.0,203.0,207.0
2024/12/13,206.0,206.5,201.5,206.0
2024/12/16,206.5,208.0,202.0,203.0
2024/12/17,204.0,213.0,203.0,209.5
2024/12/18,210.0,215.5,210.0,214.0
2024/12/19,212.0,219.5,212.0,214.0
2024/12/20,217.5,219.5,214.5,216.5
2024/12/23,218.0,220.0,215.0,217.0
2024/12/24,218.5,220.5,216.0,216.0
2024/12/25,217.0,219.0,216.0,217.0
2024/12/26,219.0,224.0,218.5,220.0
2024/12/27,222.5,222.5,217.0,217.0
2024/12/30,217.0,217.5,211.5,211.5
2024/12/31,212.0,213.0,210.0,212.5
2025/01/02,213.0,217.5,212.0,216.5
2025/01/03,217.5,218.0,214.0,214.0
2025/01/06,216.5,219.0,215.5,219.0
2025/01/07,221.0,224.5,220.0,224.0
2025/01/08,225.0,225.0,219.0,220.0
2025/01/09,220.5,220.5,213.5,213.5
2025/01/10,213.0,215.0,211.0,211.5
2025/01/13,210.5,210.5,204.0,206.5
2025/01/14,206.5,208.5,206.0,208.0
2025/01/15,206.5,209.0,206.5,208.0
2025/01/16,211.0,211.0,208.5,208.5
2025/01/17,208.5,208.5,206.5,207.0
2025/01/20,206.5,209.5,206.0,209.5
2025/01/21,209.5,211.0,209.0,210.0
2025/01/22,211.0,211.5,208.5,209.5
2025/02/03,204.0,208.0,202.0,206.5
2025/02/04,207.0,210.5,206.5,210.0
2025/02/05,212.0,214.0,210.5,211.0
2025/02/06,212.5,216.0,212.5,213.5
2025/02/07,213.0,216.0,212.5,214.0
2025/02/10,212.5,214.0,211.0,211.0
2025/02/11,211.0,213.0,208.5,208.5
2025/02/12,209.0,210.0,205.0,205.0
2025/02/13,207.0,210.0,206.0,208.5
2025/02/14,209.5,210.5,207.0,208.0
2025/02/17,209.5,211.5,208.5,208.5
2025/02/18,209.0,210.5,209.0,209.0
2025/02/19,210.0,215.0,210.0,213.0
2025/02/20,213.0,217.0,213.0,214.5
2025/02/21,215.5,225.0,214.0,221.0
2025/02/24,221.0,225.0,221.0,224.5
2025/02/25,223.0,224.5,222.0,222.0
2025/02/26,221.5,222.0,218.5,220.0
2025/02/27,221.0,222.0,217.0,217.5
2025/03/03,214.5,217.0,213.0,213.0
2025/03/04,210.0,214.5,207.5,213.5
2025/03/05,214.0,217.0,212.5,215.0
2025/03/06,216.5,218.5,214.5,217.0
2025/03/07,216.5,219.0,216.5,217.0
2025/03/10,217.5,217.5,213.5,214.5
2025/03/11,210.0,216.0,208.5,216.0
2025/03/12,216.0,220.0,216.0,216.5
2025/03/13,217.5,219.0,214.5,214.5
2025/03/14,215.0,216.5,213.5,213.5
2025/03/17,215.0,215.5,212.5,212.5
2025/03/18,213.0,214.5,213.0,213.5
2025/03/19,214.0,217.0,212.5,212.5
2025/03/20,215.0,220.5,214.0,219.0
2025/03/21,221.0,221.5,217.0,218.5
2025/03/24,219.5,219.5,214.5,214.5
2025/03/25,216.5,217.0,214.5,215.5
2025/03/26,216.5,217.0,214.0,214.0
2025/03/27,213.0,214.0,210.5,210.5
2025/03/28,209.5,209.5,201.5,203.5
2025/03/31,199.0,199.0,192.5,192.5
2025/04/01,193.0,194.0,191.0,193.0
2025/04/02,193.0,194.5,190.0,193.5
2025/04/07,174.5,174.5,174.5,174.5
2025/04/08,163.0,169.0,163.0,168.5
2025/04/09,165.5,172.0,160.5,162.5
2025/04/10,178.5,178.5,178.5,178.5
2025/04/11,172.5,187.0,162.5,186.5
2025/04/14,189.0,198.0,188.0,194.0
2025/04/15,194.0,201.0,193.5,199.0
2025/04/16,195.5,202.0,195.5,197.5
2025/04/17,197.5,197.5,193.0,194.5
2025/04/18,197.0,199.5,192.5,196.0
2025/04/21,195.5,196.0,191.5,191.5
2025/04/22,189.5,194.0,189.0,191.5
2025/04/23,195.0,198.5,195.0,197.5
2025/04/24,199.0,199.5,197.5,199.5
2025/04/25,203.5,203.5,200.5,200.5
2025/04/28,200.5,210.5,200.5,209.0
2025/04/29,209.0,214.5,207.5,208.5
2025/04/30,209.0,215.0,209.0,212.5
2025/05/02,212.5,214.5,211.5,213.5
2025/05/05,214.0,214.5,207.5,209.0
2025/05/06,209.0,210.5,206.0,209.5
2025/05/07,210.5,210.5,207.0,208.0
2025/05/08,208.5,210.0,208.0,208.0
2025/05/09,209.0,209.5,208.0,209.0
2025/05/12,210.0,210.5,209.0,209.5
2025/05/13,211.0,216.0,211.0,215.0
2025/05/14,218.0,218.0,215.5,217.5
2025/05/15,218.0,219.0,217.0,217.5
2025/05/16,217.5,218.0,214.0,217.0
2025/05/19,214.5,217.5,214.0,214.5
2025/05/20,215.5,218.0,214.0,217.0
2025/05/21,217.5,220.0,216.0,218.5
2025/05/22,217.0,220.5,217.0,217.0
2025/05/23,217.5,218.0,215.0,216.5
2025/05/26,217.0,219.0,213.0,213.0
2025/05/27,214.0,216.0,209.0,210.5
2025/05/28,212.5,214.5,209.5,211.5
2025/05/29,214.0,217.5,212.5,217.5
2025/06/02,215.0,217.0,210.0,210.0
2025/06/03,212.5,217.5,212.5,217.5
2025/06/04,219.0,220.0,216.5,217.0
2025/06/05,216.5,218.0,216.0,216.0
2025/06/06,216.0,216.5,213.0,213.5
2025/06/09,215.0,216.5,210.0,213.0
2025/06/10,215.0,216.0,213.0,216.0
2025/06/11,216.0,216.5,213.0,216.5
2025/06/12,215.5,215.5,210.0,210.0
2025/06/13,210.0,212.0,207.5,211.5
2025/06/16,199.5,203.5,197.5,202.5
2025/06/17,203.5,207.5,202.5,204.0
2025/06/18,204.0,204.0,201.0,201.0
2025/06/19,201.0,201.0,195.5,195.5
2025/06/20,195.5,197.0,192.5,193.5
2025/06/23,192.0,194.5,189.5,194.0
2025/06/24,196.5,202.0,196.5,200.5
2025/06/25,203.0,206.5,201.5,205.5
2025/06/26,206.5,210.5,206.0,207.0
2025/06/27,207.5,210.5,206.5,210.0
2025/06/30,209.5,210.0,202.5,202.5
2025/07/01,203.5,209.0,203.0,203.5
2025/07/02,204.0,211.5,204.0,209.5
2025/07/03,210.0,213.5,207.5,211.0
2025/07/04,211.0,211.5,205.0,205.0
2025/07/07,205.5,207.5,203.0,207.0
2025/07/08,205.0,205.0,201.5,201.5
2025/07/09,201.5,211.0,201.5,210.5
2025/07/10,209.0,210.5,207.0,207.0
2025/07/11,206.5,208.5,206.0,206.0
2025/07/14,205.5,206.5,203.5,204.5
2025/07/15,204.5,206.5,204.5,205.0
2025/07/16,205.0,208.0,205.0,207.5
2025/07/17,209.0,210.5,208.0,209.5
2025/07/18,211.0,211.0,207.5,208.5
2025/07/21,208.5,208.5,205.0,205.0
2025/07/22,206.0,206.5,199.0,199.5
2025/07/23,201.0,202.5,198.5,200.5
2025/07/24,201.5,204.5,201.0,204.0
2025/07/25,203.0,205.0,202.0,202.5
2025/07/28,203.0,204.5,202.0,202.0
2025/07/29,203.0,203.0,199.5,200.0
2025/07/30,200.0,203.0,199.0,203.0
2025/07/31,203.0,203.0,197.0,199.5
2025/08/01,201.0,204.0,198.5,204.0
2025/08/04,202.5,203.5,200.5,203.5
2025/08/05,203.5,206.5,203.5,204.0
2025/08/06,204.0,206.5,202.5,206.5
2025/08/07,206.5,207.0,204.0,204.0
2025/08/08,205.0,208.0,203.0,203.0
2025/08/11,204.0,205.0,199.5,205.0
2025/08/12,205.0,207.0,202.0,207.0
2025/08/13,207.5,210.0,206.0,207.0
2025/08/14,206.0,210.0,206.0,208.0
2025/08/15,208.0,208.0,206.0,207.0
2025/08/18,206.0,207.0,203.5,204.5
2025/08/19,204.0,204.0,202.0,202.0
2025/08/20,202.0,202.0,199.5,200.5
2025/08/21,200.5,203.5,200.5,202.5
2025/08/22,202.0,203.5,201.0,202.5
2025/08/25,204.5,206.5,203.5,206.0
2025/08/26,205.5,206.5,204.5,206.5
2025/08/27,205.0,209.0,205.0,208.5
2025/08/28,208.5,212.0,208.5,211.5
2025/08/29,211.5,213.0,210.0,210.0
2025/09/01,210.0,210.5,205.5,206.0
2025/09/02,208.0,209.0,204.0,205.5
2025/09/03,205.5,208.5,205.5,207.0
2025/09/04,208.0,211.5,208.0,208.5
2025/09/05,211.5,211.5,208.0,210.0
2025/09/08,211.5,215.5,210.0,211.5
2025/09/09,213.0,213.5,209.0,209.0
2025/09/10,210.0,212.0,208.5,208.5
2025/09/11,209.5,211.0,204.0,204.5
2025/09/12,207.0,209.0,205.5,205.5
2025/09/15,206.0,209.0,205.0,206.5
2025/09/16,208.0,211.5,207.0,210.0
2025/09/17,210.0,215.0,209.0,210.5
2025/09/18,212.0,213.5,211.0,211.0
2025/09/19,212.0,221.0,212.0,219.0
2025/09/22,222.5,234.5,217.5,230.0
2025/09/23,228.0,228.5,221.0,225.0
2025/09/24,225.0,225.0,217.5,217.5
2025/09/25,218.0,219.5,215.5,218.0
2025/09/26,218.0,218.0,211.5,213.5
2025/09/30,217.0,217.0,213.0,217.0
2025/10/01,218.0,218.0,209.5,210.0
2025/10/02,212.0,212.0,207.5,209.0
2025/10/03,211.0,211.0,207.0,207.0
2025/10/07,208.5,209.5,205.5,207.0
2025/10/08,208.0,216.0,208.0,215.0
2025/10/09,216.5,217.0,211.5,211.5
2025/10/13,200.5,209.0,200.5,209.0
2025/10/14,209.0,212.0,207.0,207.0
2025/10/15,207.5,209.0,207.0,209.0
2025/10/16,209.0,211.0,208.0,209.0
2025/10/17,208.0,210.5,208.0,210.0
2025/10/20,210.5,216.0,210.5,215.5
2025/10/21,218.0,221.5,215.0,215.0
2025/10/22,215.0,219.0,215.0,217.0
2025/10/23,217.5,217.5,212.5,212.5
2025/10/27,215.0,216.0,208.0,208.0
2025/10/28,210.0,212.0,207.5,208.0
2025/10/29,210.5,210.5,203.5,203.5
2025/10/30,204.5,206.0,201.5,202.5
2025/10/31,202.5,204.5,200.0,200.5
2025/11/03,200.0,200.5,195.0,195.0
2025/11/04,195.5,195.5,188.5,189.0
2025/11/05,186.5,186.5,182.0,185.0
2025/11/06,186.5,188.0,185.5,187.0
2025/11/07,183.5,185.0,181.5,182.0
2025/11/10,182.0,183.0,181.0,181.5
2025/11/11,183.5,186.0,183.5,184.0
2025/11/12,190.5,192.5,185.5,185.5
2025/11/13,186.0,187.0,182.5,183.0
2025/11/14,180.5,183.0,179.5,181.0
2025/11/17,180.5,180.5,176.0,177.0
2025/11/18,174.0,179.0,174.0,175.5
2025/11/19,175.5,177.5,173.5,173.5
2025/11/20,177.0,180.0,176.5,179.0
2025/11/21,176.5,182.0,176.0,178.0
2025/11/24,180.0,180.0,174.0,174.0
2025/11/25,176.5,178.5,175.5,178.0
2025/11/26,178.5,180.5,178.5,179.5
2025/11/27,180.0,182.0,180.0,181.0
2025/11/28,181.0,183.5,181.0,182.5
2025/12/01,182.0,183.0,180.5,180.5
2025/12/02,181.5,182.0,178.5,178.5
2025/12/03,178.5,181.0,178.5,179.0
2025/12/04,180.0,181.5,179.0,180.0
2025/12/05,180.0,181.0,177.0,179.5
2025/12/08,181.0,181.0,179.0,180.0
2025/12/09,185.0,188.0,182.0,182.0
2025/12/10,182.5,182.5,180.0,180.5
2025/12/11,181.5,184.5,181.5,183.0
2025/12/12,184.5,185.0,182.5,182.5
2025/12/15,179.5,180.0,177.5,178.5
2025/12/16,177.0,179.0,175.0,177.5
2025/12/17,177.5,184.0,177.5,181.0
2025/12/18,180.0,182.5,178.5,182.5
2025/12/19,184.0,184.0,180.5,181.0
2025/12/22,183.0,184.0,181.5,184.0
2025/12/23,185.0,185.0,181.5,182.5
2025/12/24,183.0,184.0,181.0,181.5
2025/12/26,182.5,182.5,178.5,178.5
2025/12/29,179.5,181.0,178.0,179.5
2025/12/30,179.0,179.5,177.5,179.0
2025/12/31,178.0,180.5,178.0,179.5
2026/01/02,180.0,183.0,179.0,180.5
2026/01/05,180.5,182.0,175.0,176.5
2026/01/06,178.0,181.5,177.5,180.5
2026/01/07,181.0,184.0,180.5,184.0
2026/01/08,187.0,188.0,182.5,186.0
2026/01/09,188.0,189.5,185.0,187.5
2026/01/12,189.0,189.5,186.5,189.5
2026/01/13,190.5,190.5,186.5,188.0
2026/01/14,188.0,193.0,187.0,191.5
2026/01/15,193.0,193.0,188.5,190.0
2026/01/16,190.5,190.5,187.5,189.0
2026/01/19,189.0,191.5,188.0,190.0
2026/01/20,188.5,193.0,188.5,191.5
2026/01/21,190.0,192.0,189.0,190.0
2026/01/22,190.5,194.5,190.5,193.0
2026/01/23,193.5,195.5,192.0,192.0
2026/01/26,193.0,193.5,191.0,191.5
2026/01/27,191.5,195.5,191.5,193.5
2026/01/28,195.0,198.0,194.0,195.5
2026/01/29,195.5,197.5,193.5,197.0
2026/01/30,197.0,198.0,194.5,195.5
2026/02/02,193.0,193.5,188.5,189.0
2026/02/03,190.5,194.0,188.5,193.0
2026/02/04,191.5,193.5,190.5,193.5
2026/02/05,192.5,195.0,189.5,190.0
2026/02/06,190.0,190.5,184.5,190.5
2026/02/09,189.0,195.5,189.0,192.5
2026/02/10,193.0,193.0,190.0,190.0
2026/02/11,190.5,191.0,188.0,190.0
2026/02/23,192.5,195.5,190.5,194.0
2026/02/24,194.0,197.0,194.0,197.0
2026/02/25,197.5,198.0,194.5,196.0
2026/02/26,198.5,200.5,196.5,199.0
2026/03/02,195.5,196.5,193.0,194.5
2026/03/03,194.5,196.0,191.0,193.0
2026/03/04,191.0,191.0,183.0,183.0
2026/03/05,188.0,190.5,186.0,190.5
2026/03/06,191.0,195.5,189.0,195.0
2026/03/09,190.0,191.0,187.0,190.0
2026/03/10,193.0,196.0,190.5,193.0
2026/03/11,193.5,196.0,193.0,194.0
2026/03/12,194.0,198.0,194.0,198.0
2026/03/13,195.5,202.0,195.5,201.0
2026/03/16,201.0,204.0,201.0,202.0
2026/03/17,203.5,204.5,200.5,202.5
2026/03/18,203.0,203.5,200.5,201.5
2026/03/19,200.0,202.0,197.5,199.0
2026/03/20,199.0,201.0,195.5,201.0
2026/03/23,196.5,199.5,194.5,195.5
2026/03/24,199.0,199.0,193.0,194.5
2026/03/25,198.0,198.5,195.0,197.0
2026/03/26,198.5,201.0,196.5,199.5
2026/03/27,198.0,199.0,195.5,198.5
2026/03/30,196.0,203.0,193.5,198.5
2026/03/31,196.5,197.5,190.0,191.0
2026/04/01,194.5,195.5,193.5,194.5
2026/04/02,194.5,196.0,190.0,191.0
2026/04/07,192.5,194.0,192.0,194.0
2026/04/08,195.0,203.0,194.5,202.0
2026/04/09,202.0,203.5,200.0,203.0
2026/04/10,203.0,206.0,202.0,202.5
2026/04/13,203.0,203.5,200.0,201.5
2026/04/14,203.0,203.5,202.0,203.0
2026/04/15,205.0,212.5,205.0,209.5
2026/04/16,211.5,212.0,207.5,208.5
2026/04/20,217.5,221.0,212.5,219.0
2026/04/21,221.0,221.0,216.0,219.0
2026/04/22,222.0,240.5,221.5,240.5
2026/04/23,247.0,248.5,216.5,224.5
2026/04/24,230.0,236.5,228.0,229.5
2026/04/27,235.5,235.5,223.5,223.5
2026/04/28,224.5,225.5,220.5,221.5
2026/04/29,223.5,229.5,219.5,228.5
2026/04/30,229.5,233.0,227.0,230.0
2026/05/04,234.0,236.5,231.0,233.5
2026/05/05,233.5,235.5,230.5,234.5
2026/05/06,239.0,242.5,235.0,241.5
2026/05/07,244.0,265.5,242.0,265.5
2026/05/08,271.0,279.5,262.0,273.0
2026/05/11,273.0,275.5,268.0,268.5
2026/05/12,270.5,276.5,268.5,274.0
2026/05/13,271.5,272.0,262.0,268.0
2026/05/14,270.5,294.5,270.5,294.5
2026/05/15,293.5,293.5,270.5,274.0
2026/05/18,270.0,276.0,268.0,275.0
2026/05/19,275.0,285.0,271.5,280.5
2026/05/20,280.5,294.0,276.0,285.5
2026/05/21,292.5,300.0,287.5,297.5
2026/05/22,297.0,297.0,287.0,292.0
2026/05/25,293.5,294.5,288.5,291.0
2026/05/26,292.5,292.5,286.5,289.5
2026/05/27,292.0,305.0,290.0,301.0
2026/05/28,303.5,305.0,297.0,300.0
2026/05/29,304.0,306.0,298.0,306.0
2026/06/01,306.0,310.0,298.0,309.0
2026/06/02,309.0,309.0,296.5,302.0
2026/06/03,307.0,310.0,303.5,304.0
2026/06/04,302.5,307.0,302.5,303.5
2026/06/05,301.5,306.0,298.0,303.5
2026/06/08,274.5,287.0,274.0,285.0
2026/06/09,289.0,303.0,289.0,297.0
2026/06/10,295.0,302.0,286.0,286.5
2026/06/11,288.0,294.5,283.0,286.5
2026/06/12,293.0,298.0,287.0,289.5
2026/06/15,278.5,287.0,274.0,274.0
2026/06/16,278.0,281.0,270.0,278.5
2026/06/17,277.5,297.0,277.5,295.5
2026/06/18,301.0,305.0,298.0,300.5
2026/06/22,300.5,317.0,300.5,315.0
2026/06/23,316.5,328.5,313.5,320.5
2026/06/24,310.0,327.0,308.0,315.0
2026/06/25,318.0,344.0,318.0,330.5
2026/06/26,326.0,335.0,310.5,311.0
2026/06/29,313.0,328.5,306.5,317.0
2026/06/30,321.0,341.0,313.0,332.0
2026/07/01,338.0,347.5,334.5,339.0
2026/07/02,330.5,335.5,320.5,327.5
2026/07/03,320.5,336.5,320.0,334.0
2026/07/06,338.0,347.5,330.5,332.0
2026/07/07,332.0,365.0,332.0,352.0
2026/07/08,346.0,354.5,334.0,352.0
2026/07/09,357.0,376.5,351.0,363.0
2026/07/13,367.5,368.0,327.0,327.0
2026/07/14,323.5,324.0,296.0,309.5
2026/07/15,318.0,319.0,302.0,302.0
2026/07/16,299.5,301.0,292.5,295.0
2026/07/17,285.5,292.0,282.0,286.0
2026/07/20,286.0,287.0,267.5,274.0
2026/07/21,275.5,290.0,275.5,288.0
2026/07/22,293.0,309.5,293.0,299.5
2026/07/23,296.5,301.5,293.0,298.0
2026/07/24,292.0,305.0,292.0,294.0
2026/07/27,296.5,300.0,286.5,293.5
2026/07/28,286.5,286.5,273.5,273.5
2026/07/29,277.0,286.0,257.0,264.5
2026/07/30,262.5,266.0,251.0,254.5
2026/07/31,270.0,275.5,262.5,266.5
2026/08/03,263.5,282.5,263.5,276.0
2026/08/04,273.5,281.5,270.5,280.0
2026/08/05,289.5,300.5,289.5,292.5
2026/08/06,291.5,315.0,289.5,308.5
2026/08/07,315.0,323.0,308.5,310.5
2026/08/10,312.0,318.0,306.5,311.0
2026/08/11,309.0,312.5,306.0,306.0
