Date,Open,High,Low,Close
2008/01/21,47.7,47.7,46.3,47.7
2008/01/22,44.4,46.7,44.4,45.1
2008/01/23,47.9,48.0,43.8,43.8
2008/01/24,44.5,45.1,40.8,41.5
2008/01/25,41.5,44.4,41.5,43.6
2008/01/28,42.6,43.0,40.6,40.6
2008/01/29,40.6,40.6,37.8,37.8
2008/01/30,36.4,37.2,35.2,36.6
2008/01/31,35.7,35.7,34.0,34.1
2008/02/01,35.0,36.3,34.3,36.0
2008/02/12,35.6,37.2,34.9,35.7
2008/02/13,36.4,38.2,36.4,38.2
2008/02/14,39.7,40.8,39.7,40.8
2008/02/15,41.0,43.3,40.6,41.7
2008/02/18,41.7,44.6,41.7,43.6
2008/02/19,44.8,46.2,43.8,46.2
2008/02/20,45.9,46.2,44.7,44.9
2008/02/21,46.6,47.8,45.7,46.5
2008/02/22,46.2,46.3,43.9,45.2
2008/02/25,45.3,46.7,44.7,44.8
2008/02/26,44.9,45.7,44.3,44.3
2008/02/27,44.5,47.4,44.5,47.4
2008/02/29,47.7,50.6,46.5,50.3
2008/03/03,49.5,49.5,47.3,48.9
2008/03/04,48.9,51.7,48.4,50.8
2008/03/05,51.3,53.4,50.5,52.9
2008/03/06,53.4,54.6,52.1,52.4
2008/03/07,51.7,52.8,49.2,50.1
2008/03/10,50.2,51.6,49.1,50.1
2008/03/11,49.3,51.1,49.3,50.1
2008/03/12,52.1,52.1,49.7,50.1
2008/03/13,49.6,50.1,48.4,48.4
2008/03/14,48.6,49.2,47.7,47.8
2008/03/17,46.7,47.0,46.2,46.3
2008/03/18,46.5,46.5,45.2,45.6
2008/03/19,47.1,47.4,45.7,45.7
2008/03/20,45.7,46.3,45.3,45.3
2008/03/21,45.5,46.6,45.3,46.3
2008/03/24,49.6,49.6,47.3,48.6
2008/03/25,49.3,49.3,48.0,48.4
2008/03/26,48.8,49.0,47.2,47.2
2008/03/27,47.2,48.2,46.8,47.6
2008/03/28,47.6,48.3,47.3,48.0
2008/03/31,48.0,50.4,47.2,50.4
2008/04/01,50.1,50.1,47.3,47.3
2008/04/02,48.6,49.2,48.0,48.6
2008/04/03,49.1,49.1,47.8,47.8
2008/04/07,48.0,49.8,48.0,49.2
2008/04/08,49.5,49.9,48.6,48.8
2008/04/09,48.6,48.6,47.2,47.8
2008/04/10,48.0,48.5,47.4,48.5
2008/04/11,48.7,49.1,47.2,47.2
2008/04/14,47.2,47.2,46.3,46.3
2008/04/15,46.7,47.3,46.3,46.7
2008/04/16,47.4,47.5,46.8,47.2
2008/04/17,48.1,49.3,47.3,48.8
2008/04/18,49.2,49.2,47.7,47.8
2008/04/21,47.8,48.5,47.8,47.9
2008/04/22,48.1,48.6,47.5,48.4
2008/04/23,48.5,48.6,47.7,47.7
2008/04/24,47.7,48.0,46.7,46.7
2008/04/25,46.7,47.5,46.4,46.5
2008/04/28,47.5,47.5,45.9,46.3
2008/04/29,46.3,46.3,44.3,45.0
2008/04/30,45.1,47.7,44.2,47.7
2008/05/02,47.6,47.6,45.6,46.4
2008/05/05,46.3,46.3,44.8,45.0
2008/05/06,44.7,45.0,44.0,44.3
2008/05/07,44.3,45.7,44.3,45.5
2008/05/08,48.4,48.4,48.4,48.4
2008/05/09,49.1,50.5,47.3,47.3
2008/05/12,47.2,47.6,44.0,44.3
2008/05/13,44.4,45.5,44.4,45.3
2008/05/14,45.3,46.6,45.3,45.9
2008/05/15,46.7,46.7,45.1,45.8
2008/05/16,46.2,47.9,45.9,47.2
2008/05/19,47.8,49.5,47.2,49.4
2008/05/20,49.8,49.8,48.1,48.1
2008/05/21,48.1,49.1,48.1,48.1
2008/05/22,47.2,49.3,47.2,48.6
2008/05/23,49.0,52.0,49.0,51.2
2008/05/26,51.1,51.1,47.7,47.7
2008/05/27,45.6,47.6,45.5,46.8
2008/05/28,46.3,47.4,45.2,45.4
2008/05/29,46.2,46.6,45.5,45.7
2008/05/30,45.9,46.7,44.0,45.4
2008/06/02,45.5,46.2,44.7,45.2
2008/06/03,44.7,45.0,44.0,44.3
2008/06/04,44.3,44.8,44.0,44.4
2008/06/05,44.8,45.3,44.3,45.3
2008/06/06,46.3,46.3,44.8,44.8
2008/06/09,41.9,43.5,41.9,43.4
2008/06/10,43.7,43.7,41.9,41.9
2008/06/11,42.6,42.6,40.8,40.8
2008/06/12,40.1,40.3,37.9,38.0
2008/06/13,39.7,39.7,37.2,38.0
2008/06/16,38.6,40.1,38.6,39.4
2008/06/17,39.3,39.5,38.4,38.8
2008/06/18,38.8,39.9,38.8,39.7
2008/06/19,38.4,39.4,38.4,39.1
2008/06/20,39.1,39.2,37.7,37.8
2008/06/23,37.1,37.7,37.1,37.2
2008/06/24,37.2,37.5,36.6,37.0
2008/06/25,36.8,38.3,35.4,38.3
2008/06/26,38.3,38.6,37.3,37.9
2008/06/27,35.6,36.0,35.2,35.2
2008/06/30,35.2,35.2,32.8,32.8
2008/07/01,32.8,33.1,30.8,31.9
2008/07/02,32.3,33.1,31.8,31.9
2008/07/03,30.4,33.1,30.4,33.0
2008/07/04,33.1,34.6,33.1,33.3
2008/07/07,33.3,33.3,32.4,33.3
2008/07/08,33.2,33.2,31.0,32.0
2008/07/09,32.3,33.9,32.3,32.5
2008/07/10,32.5,32.7,31.4,31.7
2008/07/11,31.7,32.5,31.6,32.4
2008/07/14,32.4,33.0,32.1,32.1
2008/07/15,32.3,33.6,31.7,32.1
2008/07/16,33.3,33.3,31.8,31.8
2008/07/17,32.3,32.8,31.6,32.1
2008/07/18,32.5,32.5,30.2,30.5
2008/07/21,31.0,31.9,30.6,31.1
2008/07/22,30.7,31.8,30.6,31.8
2008/07/23,32.3,33.8,32.3,33.8
2008/07/24,34.7,36.2,34.2,36.2
2008/07/25,33.3,35.7,33.1,34.9
2008/07/29,34.4,35.7,33.7,34.9
2008/07/30,35.9,36.3,35.3,35.6
2008/07/31,37.3,37.3,34.6,35.2
2008/08/01,34.4,34.8,34.1,34.1
2008/08/04,34.1,34.7,34.0,34.0
2008/08/05,34.8,34.8,32.5,32.5
2008/08/06,33.3,34.0,33.0,33.6
2008/08/07,33.9,34.7,33.6,33.6
2008/08/08,33.6,35.6,33.6,35.6
2008/08/11,36.1,38.0,36.1,37.1
2008/08/12,36.9,37.2,36.6,36.9
2008/08/13,36.3,36.9,35.9,36.8
2008/08/14,36.2,37.0,36.2,37.0
2008/08/15,37.5,38.4,36.5,36.5
2008/08/18,36.6,36.8,34.3,34.3
2008/08/19,34.0,35.2,33.8,34.5
2008/08/20,34.5,35.1,34.2,34.9
2008/08/21,34.4,34.5,33.6,33.6
2008/08/22,33.8,33.9,31.9,33.3
2008/08/25,33.6,33.8,32.9,33.4
2008/08/26,33.3,33.4,32.6,33.4
2008/08/27,33.3,34.3,33.2,34.3
2008/08/28,34.3,34.4,33.6,33.6
2008/08/29,33.3,33.8,33.3,33.6
2008/09/01,33.3,33.3,32.2,32.2
2008/09/02,32.1,32.1,30.9,31.5
2008/09/03,31.4,31.4,29.4,30.0
2008/09/04,28.1,30.0,27.9,30.0
2008/09/05,28.0,29.7,28.0,29.6
2008/09/08,30.2,31.7,30.2,31.7
2008/09/09,30.6,30.7,29.6,30.6
2008/09/10,29.7,30.6,29.6,30.1
2008/09/11,30.1,30.1,28.2,29.2
2008/09/12,29.2,29.6,27.4,29.6
2008/09/15,28.3,29.2,27.9,29.2
2008/09/16,27.2,27.6,27.1,27.1
2008/09/17,27.8,28.0,26.2,26.2
2008/09/18,24.4,24.4,24.4,24.4
2008/09/19,24.7,26.0,24.7,25.9
2008/09/22,25.9,26.6,24.4,25.0
2008/09/23,24.4,25.0,23.6,24.9
2008/09/24,24.9,26.6,24.5,26.6
2008/09/25,27.0,27.8,25.6,25.6
2008/09/26,25.8,26.0,23.8,24.1
2008/09/30,22.4,22.4,22.4,22.4
2008/10/01,22.5,23.0,21.0,21.7
2008/10/02,21.5,22.5,20.8,20.9
2008/10/03,19.7,21.2,19.5,20.9
2008/10/06,20.2,20.2,19.5,19.5
2008/10/07,18.2,18.9,18.2,18.8
2008/10/08,18.6,19.6,17.5,18.2
2008/10/09,18.6,18.6,17.6,17.7
2008/10/13,17.1,17.2,17.1,17.1
2008/10/14,18.0,18.2,17.8,18.2
2008/10/15,18.2,18.7,18.1,18.5
2008/10/16,17.9,18.2,17.9,17.9
2008/10/17,17.8,18.2,17.4,17.4
2008/10/20,17.1,17.7,16.8,17.5
2008/10/21,18.2,18.3,17.5,17.9
2008/10/22,17.6,17.9,17.3,17.3
2008/10/23,16.7,16.8,16.7,16.7
2008/10/24,17.2,17.2,16.1,16.1
2008/10/27,15.0,15.6,15.0,15.0
2008/10/28,14.0,15.9,14.0,15.6
2008/10/29,16.7,16.7,15.5,15.5
2008/10/30,15.6,16.5,15.6,16.5
2008/10/31,16.7,17.6,16.6,17.5
2008/11/03,17.6,18.0,17.3,17.8
2008/11/04,17.6,17.6,17.0,17.3
2008/11/05,17.4,18.2,17.1,17.7
2008/11/06,16.7,16.7,16.5,16.5
2008/11/07,15.4,17.1,15.4,16.5
2008/11/10,16.5,16.7,15.8,16.0
2008/11/11,15.7,15.7,14.9,14.9
2008/11/12,14.6,15.1,14.3,14.4
2008/11/13,13.9,14.1,13.4,13.4
2008/11/14,14.4,14.4,13.0,13.0
2008/11/17,12.8,13.8,12.6,13.8
2008/11/18,13.8,13.8,13.1,13.1
2008/11/19,12.8,13.7,12.8,13.6
2008/11/20,12.8,13.1,12.6,12.6
2008/11/21,11.9,13.0,11.9,13.0
2008/11/24,13.1,13.1,12.4,12.8
2008/11/25,12.9,13.2,12.5,12.7
2008/11/26,12.8,12.9,12.3,12.4
2008/11/27,12.7,13.2,12.7,13.2
2008/11/28,13.7,14.2,13.4,14.2
2008/12/01,14.4,15.1,14.4,15.1
2008/12/02,14.3,14.6,14.1,14.3
2008/12/03,14.4,14.7,14.1,14.2
2008/12/04,14.4,14.4,13.6,13.8
2008/12/05,13.4,14.0,13.4,13.8
2008/12/08,13.9,14.8,13.9,14.5
2008/12/09,14.7,15.1,14.2,14.5
2008/12/10,14.5,15.4,14.4,15.3
2008/12/11,15.8,15.8,15.0,15.1
2008/12/12,14.8,15.0,14.1,14.1
2008/12/15,14.4,14.8,14.3,14.4
2008/12/16,14.2,14.3,14.0,14.1
2008/12/17,14.6,14.6,14.1,14.1
2008/12/18,14.2,14.3,13.9,14.1
2008/12/19,14.1,14.4,13.5,14.3
2008/12/22,15.0,15.0,13.9,13.9
2008/12/23,13.4,13.5,13.0,13.0
2008/12/24,12.7,13.3,12.6,13.0
2008/12/25,13.1,13.2,13.0,13.2
2008/12/26,13.2,13.5,13.0,13.0
2008/12/29,13.0,13.2,12.8,13.0
2008/12/30,13.0,13.6,13.0,13.6
2008/12/31,14.0,14.0,13.2,13.5
2009/01/05,13.7,14.0,13.7,13.8
2009/01/06,13.9,14.7,13.5,14.7
2009/01/07,14.8,15.6,14.8,15.1
2009/01/08,14.7,14.7,14.1,14.1
2009/01/09,13.8,13.9,13.6,13.8
2009/01/12,13.5,13.9,13.3,13.7
2009/01/13,13.4,13.8,13.3,13.6
2009/01/14,13.6,14.3,13.6,14.3
2009/01/15,13.7,13.8,13.4,13.4
2009/01/16,13.6,13.7,13.2,13.5
2009/01/19,14.7,14.8,14.1,14.1
2009/01/20,13.9,14.0,13.6,13.8
2009/01/21,13.5,14.1,13.4,14.0
2009/02/02,14.0,14.2,13.9,14.0
2009/02/03,14.1,14.9,13.9,14.8
2009/02/04,15.0,15.0,14.2,14.2
2009/02/05,14.2,15.1,14.0,14.7
2009/02/06,14.7,15.7,14.7,15.7
2009/02/09,15.9,16.1,15.5,15.6
2009/02/10,15.6,15.7,15.4,15.7
2009/02/11,15.4,16.0,15.3,15.9
2009/02/12,16.2,17.0,16.0,16.2
2009/02/13,16.6,16.9,16.0,16.7
2009/02/16,16.9,17.8,16.9,17.6
2009/02/17,16.9,17.4,16.4,16.4
2009/02/18,15.9,16.2,15.5,15.9
2009/02/19,15.7,16.2,15.7,16.2
2009/02/20,16.0,16.8,16.0,16.0
2009/02/23,15.8,16.1,15.2,16.0
2009/02/24,15.4,15.7,15.3,15.5
2009/02/25,15.7,16.1,15.7,15.7
2009/02/26,16.0,16.3,15.7,16.0
2009/02/27,16.1,17.1,16.1,17.1
2009/03/02,17.1,17.2,16.2,16.3
2009/03/03,17.1,17.5,16.2,17.5
2009/03/04,17.5,18.7,17.5,18.7
2009/03/05,19.3,19.4,18.5,18.8
2009/03/06,18.6,18.8,18.3,18.7
2009/03/09,18.8,19.2,18.6,18.9
2009/03/10,18.9,19.9,18.7,19.4
2009/03/11,19.8,20.0,19.1,19.4
2009/03/12,19.4,20.0,19.4,19.7
2009/03/13,19.9,20.0,19.3,19.4
2009/03/16,19.6,19.9,19.1,19.4
2009/03/17,19.4,19.4,18.5,18.8
2009/03/18,18.9,19.4,18.7,19.2
2009/03/19,19.5,19.6,18.8,18.9
2009/03/20,19.0,19.0,18.3,18.6
2009/03/23,18.6,19.0,18.5,19.0
2009/03/24,19.4,19.6,19.2,19.2
2009/03/25,19.4,20.0,19.3,19.7
2009/03/26,20.4,20.4,19.7,19.9
2009/03/27,20.1,20.2,19.4,19.6
2009/03/30,20.4,20.9,18.7,18.8
2009/03/31,18.9,19.1,18.2,18.4
2009/04/01,18.6,19.2,18.6,18.7
2009/04/02,19.0,19.1,18.5,18.9
2009/04/03,19.0,19.4,18.5,18.5
2009/04/06,18.5,19.0,18.5,18.6
2009/04/07,18.9,19.9,18.9,19.9
2009/04/08,19.9,21.3,19.9,21.3
2009/04/09,22.5,22.8,21.6,22.8
2009/04/10,23.7,24.3,23.2,23.8
2009/04/13,23.8,23.9,22.5,23.7
2009/04/14,23.7,24.9,23.2,24.1
2009/04/15,24.1,25.3,23.7,23.8
2009/04/16,24.5,24.9,23.9,24.1
2009/04/17,24.5,24.5,22.5,22.5
2009/04/20,22.1,22.2,20.9,21.1
2009/04/21,20.4,21.9,20.4,21.9
2009/04/22,22.5,22.8,22.1,22.8
2009/04/23,22.9,23.0,21.9,22.1
2009/04/24,22.3,22.6,21.5,21.5
2009/04/27,21.8,22.2,20.6,20.7
2009/04/28,20.7,21.3,20.2,20.4
2009/04/29,20.7,20.7,19.3,19.4
2009/04/30,20.0,20.8,20.0,20.8
2009/05/04,21.0,22.0,20.9,21.8
2009/05/05,21.8,22.0,20.9,21.1
2009/05/06,21.3,22.4,21.3,22.0
2009/05/07,22.5,22.7,21.6,22.3
2009/05/08,22.2,23.0,21.9,22.7
2009/05/11,22.8,23.6,22.8,23.2
2009/05/12,23.2,23.5,22.2,22.5
2009/05/13,22.8,23.7,22.8,23.7
2009/05/14,23.4,23.4,22.5,22.9
2009/05/15,23.1,23.3,22.3,22.3
2009/05/18,22.2,23.1,22.2,22.5
2009/05/19,22.9,23.2,22.1,22.1
2009/05/20,22.9,22.9,22.3,22.6
2009/05/21,22.9,24.2,22.9,24.2
2009/05/22,25.3,25.8,24.7,25.8
2009/05/25,27.6,27.6,27.1,27.6
2009/05/26,28.0,28.7,26.1,26.3
2009/05/27,27.7,28.1,26.9,28.1
2009/06/01,30.1,30.1,29.2,29.5
2009/06/02,27.5,29.3,27.5,28.4
2009/06/03,27.5,29.0,27.0,28.5
2009/06/04,29.1,29.6,28.1,28.2
2009/06/05,28.3,29.0,27.8,28.3
2009/06/08,30.1,30.1,27.7,27.7
2009/06/09,26.1,27.0,25.8,25.8
2009/06/10,24.5,25.9,24.0,24.2
2009/06/11,24.2,25.1,22.9,24.9
2009/06/12,25.0,25.7,24.5,24.6
2009/06/15,24.3,24.4,22.9,23.2
2009/06/16,22.7,23.9,22.7,23.9
2009/06/17,24.1,24.5,23.5,23.7
2009/06/18,23.7,24.3,23.3,23.7
2009/06/19,24.1,24.4,23.8,24.4
2009/06/22,24.5,25.4,24.1,25.2
2009/06/23,23.7,25.2,23.7,25.2
2009/06/24,25.3,25.5,24.8,24.9
2009/06/25,25.3,25.3,24.4,25.3
2009/06/26,25.9,26.1,25.4,26.0
2009/06/29,25.6,26.0,25.1,25.4
2009/06/30,25.5,25.9,25.1,25.3
2009/07/01,25.1,25.6,25.1,25.5
2009/07/02,25.6,27.3,25.6,26.4
2009/07/03,26.4,26.8,26.0,26.4
2009/07/06,26.8,28.3,26.5,28.3
2009/07/07,29.1,30.2,29.1,29.2
2009/07/08,27.4,29.5,27.4,28.9
2009/07/09,28.9,30.5,28.4,29.4
2009/07/10,30.2,30.2,29.4,29.4
2009/07/13,29.9,29.9,28.0,28.0
2009/07/14,28.2,29.9,28.2,29.9
2009/07/15,30.4,32.0,30.3,31.1
2009/07/16,31.1,31.5,30.3,30.7
2009/07/17,30.7,31.7,30.4,31.6
2009/07/20,32.4,32.5,31.4,31.4
2009/07/21,31.4,31.4,30.1,30.3
2009/07/22,30.1,30.8,30.1,30.1
2009/07/23,29.9,30.4,29.6,29.9
2009/07/24,29.9,31.5,29.8,31.5
2009/07/27,31.9,33.7,31.0,33.7
2009/07/28,33.7,33.8,32.9,33.7
2009/07/29,34.2,36.0,33.3,36.0
2009/07/30,36.0,36.2,34.7,36.0
2009/07/31,36.1,37.4,35.3,36.1
2009/08/03,36.0,37.0,34.8,34.8
2009/08/04,34.9,35.5,32.4,32.5
2009/08/05,32.4,32.9,31.5,31.9
2009/08/06,31.8,33.0,31.1,32.9
2009/08/10,33.2,33.4,32.0,32.3
2009/08/11,32.3,33.4,31.8,33.4
2009/08/12,32.9,33.0,32.0,32.4
2009/08/13,32.9,33.4,32.3,33.0
2009/08/14,32.4,33.8,32.0,33.8
2009/08/17,34.0,34.2,32.7,32.8
2009/08/18,32.3,32.3,31.1,31.8
2009/08/19,32.3,32.3,31.5,31.5
2009/08/20,31.5,31.5,30.4,31.0
2009/08/21,31.0,32.6,31.0,31.5
2009/08/24,33.1,33.1,31.7,31.8
2009/08/25,32.3,32.3,31.6,31.6
2009/08/26,32.3,33.0,31.7,32.2
2009/08/27,34.5,34.5,32.5,32.5
2009/08/28,32.3,33.0,32.1,32.1
2009/08/31,31.7,32.7,31.5,31.5
2009/09/01,31.5,33.0,31.5,32.3
2009/09/02,32.0,33.9,32.0,33.6
2009/09/03,34.4,34.4,33.0,33.4
2009/09/04,32.8,33.6,32.7,33.2
2009/09/07,33.5,35.5,33.3,35.5
2009/09/08,35.9,36.0,34.7,34.8
2009/09/09,34.7,35.0,33.6,33.6
2009/09/10,34.6,34.6,33.6,33.6
2009/09/11,34.0,35.0,33.7,34.1
2009/09/14,33.8,34.0,33.5,33.6
2009/09/15,33.7,34.2,33.0,34.0
2009/09/16,34.3,35.1,34.1,34.4
2009/09/17,34.8,35.8,34.7,35.1
2009/09/18,35.1,35.1,34.5,35.0
2009/09/21,35.0,35.0,34.1,34.2
2009/09/22,34.0,34.8,34.0,34.6
2009/09/23,34.6,37.0,34.4,35.4
2009/09/24,35.3,35.4,34.2,34.4
2009/09/25,33.6,34.8,33.6,34.2
2009/09/28,33.9,34.3,33.6,33.6
2009/09/29,33.7,34.8,33.7,33.7
2009/09/30,34.2,34.5,33.9,34.5
2009/10/01,36.8,36.9,34.7,34.7
2009/10/02,33.9,35.5,33.9,34.9
2009/10/05,35.5,36.1,35.1,35.5
2009/10/06,35.9,37.9,35.5,37.1
2009/10/07,37.1,37.6,36.4,36.9
2009/10/08,37.2,39.5,37.2,37.7
2009/10/09,38.5,40.2,37.5,39.2
2009/10/12,39.3,39.5,38.1,38.6
2009/10/13,37.4,38.3,37.4,38.0
2009/10/14,38.1,38.8,37.8,37.8
2009/10/15,38.2,38.7,36.9,37.1
2009/10/16,37.3,38.0,37.1,37.2
2009/10/19,37.2,37.7,37.1,37.6
2009/10/20,38.1,38.4,37.3,37.3
2009/10/21,37.3,37.6,36.8,37.1
2009/10/22,36.8,37.1,35.4,35.7
2009/10/23,35.9,36.4,35.4,35.4
2009/10/26,35.7,36.0,35.1,35.1
2009/10/27,35.1,35.6,35.1,35.4
2009/10/28,35.4,35.8,34.9,34.9
2009/10/29,34.1,34.1,32.4,32.4
2009/10/30,32.8,33.0,32.4,32.4
2009/11/02,31.7,31.9,31.1,31.4
2009/11/03,31.6,32.7,31.6,32.4
2009/11/04,32.6,33.4,32.5,32.8
2009/11/05,32.8,33.1,32.5,32.5
2009/11/06,33.4,33.4,32.5,32.5
2009/11/09,32.9,34.1,32.7,33.4
2009/11/10,33.6,34.0,32.7,32.8
2009/11/11,32.7,33.1,32.0,32.3
2009/11/12,32.5,33.1,32.3,32.5
2009/11/13,32.3,32.9,32.3,32.8
2009/11/16,32.8,33.5,32.7,33.0
2009/11/17,33.2,33.8,32.6,32.6
2009/11/18,33.0,33.1,32.7,33.1
2009/11/19,33.6,34.6,32.8,34.0
2009/11/20,34.2,34.5,33.2,33.3
2009/11/23,33.4,34.0,33.2,33.2
2009/11/24,33.2,33.8,32.8,32.9
2009/11/25,32.9,33.8,32.7,32.8
2009/11/26,33.0,33.2,32.5,32.6
2009/11/27,32.2,32.3,31.3,31.3
2009/11/30,31.7,32.4,31.6,31.9
2009/12/01,32.0,32.3,31.7,31.9
2009/12/02,32.3,33.1,32.2,32.5
2009/12/03,32.9,32.9,31.8,31.9
2009/12/04,31.9,32.2,31.5,31.6
2009/12/07,32.2,33.2,31.9,32.9
2009/12/08,33.4,34.2,32.7,33.2
2009/12/09,33.0,35.5,33.0,35.3
2009/12/10,35.9,35.9,33.8,33.9
2009/12/11,34.5,34.9,34.2,34.3
2009/12/14,34.6,36.2,34.6,35.7
2009/12/15,36.2,36.6,35.3,35.4
2009/12/16,35.9,37.1,35.1,36.1
2009/12/17,36.4,36.8,35.3,35.3
2009/12/18,35.3,36.5,34.8,36.0
2009/12/21,36.6,36.6,35.4,35.5
2009/12/22,35.8,36.6,35.3,35.5
2009/12/23,35.7,36.0,35.3,35.4
2009/12/24,36.2,36.8,35.6,35.6
2009/12/25,36.1,36.4,35.4,35.6
2009/12/28,35.6,35.9,35.3,35.3
2009/12/29,35.3,36.0,35.1,35.4
2009/12/30,35.8,36.0,35.4,35.5
2009/12/31,35.5,36.1,35.3,35.5
2010/01/04,35.6,35.9,35.3,35.4
2010/01/05,35.5,35.8,34.1,34.1
2010/01/06,34.2,35.1,34.1,34.6
2010/01/07,34.9,35.6,34.3,34.4
2010/01/08,34.6,34.6,33.9,34.1
2010/01/11,34.1,34.5,33.7,33.8
2010/01/12,33.8,34.1,33.5,33.8
2010/01/13,33.6,33.6,33.0,33.6
2010/01/14,33.9,34.3,33.4,34.0
2010/01/15,34.0,35.9,34.0,35.4
2010/01/18,35.4,36.6,35.0,35.0
2010/01/19,35.1,35.9,34.8,34.8
2010/01/20,34.8,35.3,33.9,33.9
2010/01/21,33.9,34.2,33.5,33.5
2010/01/22,33.0,33.1,32.1,32.4
2010/01/25,32.0,32.4,31.5,31.6
2010/01/26,31.7,32.2,29.4,29.4
2010/01/27,30.1,30.1,28.5,28.7
2010/01/28,29.1,30.5,28.8,30.4
2010/01/29,29.8,30.9,29.5,30.8
2010/02/01,30.6,30.7,29.5,29.7
2010/02/02,29.8,30.0,28.5,28.7
2010/02/03,28.8,29.3,28.6,28.8
2010/02/04,28.8,29.4,28.8,29.0
2010/02/05,27.6,27.9,27.0,27.1
2010/02/08,26.0,26.9,26.0,26.7
2010/02/09,26.6,28.2,26.4,28.2
2010/02/10,28.5,29.1,28.2,28.4
2010/02/22,29.0,29.1,28.4,28.6
2010/02/23,28.4,28.6,28.0,28.5
2010/02/24,28.5,28.7,28.2,28.4
2010/02/25,28.6,28.8,28.0,28.0
2010/02/26,28.1,28.2,27.6,27.7
2010/03/01,27.9,28.8,27.5,28.4
2010/03/02,28.5,28.7,28.3,28.5
2010/03/03,28.6,29.0,28.5,28.7
2010/03/04,28.5,28.7,28.3,28.3
2010/03/05,28.5,28.9,28.3,28.6
2010/03/08,29.4,29.8,29.1,29.6
2010/03/09,29.6,29.8,29.2,29.4
2010/03/10,29.8,29.9,29.3,29.5
2010/03/11,29.7,29.9,29.0,29.4
2010/03/12,29.5,29.6,29.0,29.2
2010/03/15,29.2,29.9,29.1,29.2
2010/03/16,29.2,29.2,28.7,29.0
2010/03/17,29.1,29.9,29.0,29.9
2010/03/18,30.2,30.5,29.7,30.0
2010/03/19,30.6,32.1,30.3,32.1
2010/03/22,32.6,34.1,32.5,34.0
2010/03/23,34.4,35.6,33.2,33.7
2010/03/24,34.1,34.3,33.3,33.6
2010/03/25,33.5,33.7,33.0,33.2
2010/03/26,33.0,34.1,33.0,33.5
2010/03/29,34.0,34.4,33.5,34.2
2010/03/30,34.3,34.4,32.9,33.6
2010/03/31,33.6,33.8,33.0,33.4
2010/04/01,33.4,33.6,32.6,33.2
2010/04/02,33.4,33.8,32.7,33.2
2010/04/06,33.8,33.8,32.7,32.7
2010/04/07,32.7,33.0,32.3,32.5
2010/04/08,32.5,32.8,31.7,31.8
2010/04/09,31.8,32.0,31.1,31.2
2010/04/12,31.2,31.7,30.3,30.5
2010/04/13,30.5,30.5,29.5,29.7
2010/04/14,29.8,30.4,29.6,30.1
2010/04/15,30.2,31.7,30.2,31.2
2010/04/16,31.6,31.6,31.1,31.3
2010/04/19,30.8,31.2,29.6,29.8
2010/04/20,30.5,31.9,30.4,31.9
2010/04/21,33.0,33.6,32.2,32.3
2010/04/22,32.3,32.3,31.4,31.6
2010/04/23,31.7,32.7,31.7,31.9
2010/04/26,32.7,32.7,31.5,31.6
2010/04/27,31.9,31.9,31.0,31.0
2010/04/28,30.5,31.4,30.2,31.1
2010/04/29,31.4,32.0,31.2,31.4
2010/04/30,31.6,31.7,30.7,31.5
2010/05/03,30.8,31.4,30.3,31.0
2010/05/04,31.0,31.0,30.3,30.5
2010/05/05,29.6,29.9,28.9,29.3
2010/05/06,29.3,30.8,28.5,30.8
2010/05/07,28.9,30.2,28.9,30.2
2010/05/10,30.0,30.3,29.8,30.2
2010/05/11,30.5,30.8,29.9,29.9
2010/05/12,30.0,30.5,29.6,29.7
2010/05/13,30.4,30.5,29.7,30.2
2010/05/14,30.2,30.5,30.0,30.4
2010/05/17,30.1,30.8,29.4,30.8
2010/05/18,30.8,30.8,29.7,29.8
2010/05/19,29.4,29.6,29.0,29.3
2010/05/20,29.3,29.6,28.3,28.3
2010/05/21,27.3,27.3,26.3,27.0
2010/05/24,27.0,27.3,26.7,27.0
2010/05/25,26.4,26.6,25.2,26.2
2010/05/26,26.2,26.2,25.4,25.9
2010/05/27,25.7,26.4,25.4,26.4
2010/05/28,26.8,28.0,26.7,27.5
2010/05/31,27.5,27.9,27.1,27.4
2010/06/01,27.4,27.6,26.7,26.8
2010/06/02,26.8,27.2,26.6,26.6
2010/06/03,27.1,27.4,26.8,26.9
2010/06/04,27.3,27.4,26.9,27.3
2010/06/07,26.5,26.8,25.9,26.5
2010/06/08,26.8,27.4,26.6,27.3
2010/06/09,27.3,27.8,26.4,26.7
2010/06/10,27.2,27.2,26.5,26.8
2010/06/11,27.3,27.7,27.3,27.5
2010/06/14,27.9,28.0,27.3,27.7
2010/06/15,27.6,27.9,27.5,27.7
2010/06/17,28.0,28.6,27.9,28.0
2010/06/18,28.0,28.6,27.7,28.3
2010/06/21,28.6,29.1,28.5,28.5
2010/06/22,28.5,28.7,28.3,28.5
2010/06/23,28.4,28.4,28.1,28.1
2010/06/24,28.2,29.1,28.2,28.4
2010/06/25,28.0,28.4,26.9,27.4
2010/06/28,27.5,27.8,27.4,27.6
2010/06/29,27.7,27.8,27.0,27.5
2010/06/30,26.6,27.1,26.5,26.7
2010/07/01,26.8,26.9,26.6,26.7
2010/07/02,26.8,27.0,26.8,26.9
2010/07/05,27.1,27.6,26.7,27.6
2010/07/06,27.6,29.4,27.6,29.4
2010/07/07,29.7,29.9,29.1,29.3
2010/07/08,29.4,30.5,29.2,30.5
2010/07/09,30.6,30.6,29.7,29.7
2010/07/12,29.9,30.2,29.4,29.4
2010/07/13,29.4,29.7,28.7,28.8
2010/07/14,28.8,29.3,28.7,28.8
2010/07/15,28.9,29.5,28.9,29.1
2010/07/16,29.1,29.7,28.7,28.8
2010/07/19,28.3,29.7,28.1,29.2
2010/07/20,29.4,30.8,29.2,30.1
2010/07/21,30.5,30.7,29.8,30.2
2010/07/22,30.1,31.0,30.1,30.3
2010/07/23,30.7,31.1,30.4,30.4
2010/07/26,30.5,30.6,29.8,30.0
2010/07/27,30.1,30.3,29.6,29.6
2010/07/28,29.8,30.3,29.7,30.1
2010/07/29,30.3,31.1,30.3,30.5
2010/07/30,30.7,30.9,30.0,30.1
2010/08/02,30.5,30.9,30.1,30.5
2010/08/03,31.0,31.0,30.2,30.3
2010/08/04,30.4,30.5,29.8,30.1
2010/08/05,30.2,30.2,29.3,29.3
2010/08/06,29.7,29.7,28.7,28.8
2010/08/09,28.8,29.7,28.8,29.4
2010/08/10,29.3,29.6,29.2,29.2
2010/08/11,29.2,29.4,28.8,29.3
2010/08/12,28.5,30.2,28.5,30.2
2010/08/13,30.0,30.2,29.7,30.1
2010/08/16,30.3,30.5,30.0,30.1
2010/08/17,30.4,31.4,30.2,30.8
2010/08/18,31.3,31.3,30.4,30.8
2010/08/19,30.5,31.7,30.5,31.3
2010/08/20,30.7,31.7,30.7,30.8
2010/08/23,31.2,31.2,30.1,30.1
2010/08/24,30.2,30.4,29.8,30.4
2010/08/25,30.4,30.4,29.1,29.8
2010/08/26,29.8,29.9,29.0,29.9
2010/08/27,29.6,29.6,29.2,29.4
2010/08/30,29.6,29.6,27.3,27.7
2010/08/31,27.2,27.2,25.8,27.1
2010/09/01,27.1,27.1,26.3,26.3
2010/09/02,26.8,27.1,26.7,26.8
2010/09/03,27.1,27.4,26.9,27.3
2010/09/06,27.5,28.1,27.5,27.9
2010/09/07,27.9,27.9,27.5,27.8
2010/09/08,27.8,27.8,27.4,27.4
2010/09/09,27.8,27.8,27.3,27.4
2010/09/10,27.8,27.8,27.4,27.4
2010/09/13,27.6,27.8,27.3,27.7
2010/09/14,27.7,28.2,27.5,28.2
2010/09/15,28.4,28.4,27.8,28.0
2010/09/16,28.1,28.1,27.6,28.0
2010/09/17,28.0,28.6,28.0,28.6
2010/09/20,28.7,28.8,28.2,28.3
2010/09/21,28.5,28.8,28.0,28.8
2010/09/23,28.7,28.7,28.3,28.4
2010/09/24,28.4,28.8,28.0,28.8
2010/09/27,28.8,28.8,28.4,28.4
2010/09/28,28.4,28.5,28.3,28.3
2010/09/29,28.4,28.5,28.3,28.3
2010/09/30,28.4,28.6,28.2,28.5
2010/10/01,28.6,28.6,28.1,28.3
2010/10/04,28.3,28.4,28.0,28.0
2010/10/05,28.0,28.3,27.4,28.3
2010/10/06,28.3,28.8,28.2,28.3
2010/10/07,28.3,28.3,28.0,28.2
2010/10/08,28.2,28.3,28.0,28.2
2010/10/11,28.3,28.5,28.1,28.4
2010/10/12,28.5,28.5,28.0,28.5
2010/10/13,28.5,28.5,28.2,28.3
2010/10/14,28.3,28.5,28.2,28.5
2010/10/15,28.8,28.8,27.9,28.1
2010/10/18,28.3,28.3,27.7,28.2
2010/10/19,28.2,28.3,27.7,28.3
2010/10/20,28.3,28.4,27.8,28.4
2010/10/21,28.5,28.6,28.1,28.1
2010/10/22,28.1,28.4,28.1,28.1
2010/10/25,28.4,28.4,28.2,28.3
2010/10/26,28.4,28.4,28.2,28.2
2010/10/27,28.2,28.6,28.2,28.3
2010/10/28,28.3,28.6,28.3,28.3
2010/10/29,28.3,28.4,28.1,28.2
2010/11/01,28.3,28.4,28.1,28.3
2010/11/02,28.3,28.4,28.2,28.2
2010/11/03,28.3,28.3,26.2,27.8
2010/11/04,27.4,27.4,26.8,27.1
2010/11/05,27.3,27.3,27.0,27.3
2010/11/08,27.3,27.3,26.9,27.2
2010/11/09,27.2,27.4,27.1,27.1
2010/11/10,27.1,27.2,26.8,26.9
2010/11/11,26.9,27.4,26.9,27.2
2010/11/12,26.9,26.9,26.7,26.8
2010/11/15,26.8,26.9,26.6,26.8
2010/11/16,26.3,27.1,26.3,26.8
2010/11/17,26.5,26.7,26.3,26.6
2010/11/18,26.3,26.7,26.2,26.3
2010/11/19,26.6,26.6,26.3,26.4
2010/11/22,26.4,26.6,26.4,26.4
2010/11/23,26.4,26.7,26.2,26.7
2010/11/24,26.2,26.6,26.2,26.2
2010/11/25,26.2,26.5,26.2,26.4
2010/11/26,26.4,26.4,26.2,26.2
2010/11/29,26.5,26.5,26.0,26.2
2010/11/30,26.4,26.7,26.2,26.7
2010/12/01,26.8,28.5,26.8,28.3
2010/12/02,28.3,28.3,27.8,28.3
2010/12/03,28.3,28.8,27.9,28.8
2010/12/06,28.8,30.8,28.8,30.8
2010/12/07,31.3,31.5,30.3,30.9
2010/12/08,31.0,31.1,30.4,30.4
2010/12/09,30.4,31.1,30.2,30.4
2010/12/10,30.6,30.6,29.9,29.9
2010/12/13,29.9,31.9,29.9,31.9
2010/12/14,32.1,32.2,30.9,31.2
2010/12/15,32.9,32.9,31.4,32.1
2010/12/16,32.5,33.3,32.1,32.5
2010/12/17,33.0,34.6,32.9,33.5
2010/12/20,34.0,35.8,34.0,35.4
2010/12/21,35.2,35.2,34.1,34.8
2010/12/22,34.8,37.1,34.1,35.9
2010/12/23,35.9,37.0,35.6,35.9
2010/12/24,36.6,37.0,33.7,34.5
2010/12/27,33.8,35.7,32.7,34.4
2010/12/28,35.4,35.9,34.1,34.8
2010/12/29,34.9,35.0,33.0,33.1
2010/12/30,33.2,33.9,33.1,33.2
2010/12/31,33.9,34.5,33.2,33.8
2011/01/03,34.9,35.1,33.9,34.3
2011/01/04,34.6,34.7,33.3,34.3
2011/01/05,34.4,34.6,33.3,33.4
2011/01/06,33.8,33.8,33.3,33.4
2011/01/07,33.7,35.3,33.5,34.0
2011/01/10,34.0,35.0,34.0,34.7
2011/01/11,34.9,37.1,34.4,36.4
2011/01/12,36.7,37.0,35.7,36.3
2011/01/13,35.8,37.5,35.7,36.5
2011/01/14,37.0,37.0,35.1,35.6
2011/01/17,35.4,36.4,34.6,35.2
2011/01/18,35.2,35.9,34.7,35.4
2011/01/19,35.7,37.7,35.7,36.9
2011/01/20,36.7,37.1,35.6,35.7
2011/01/21,35.4,36.1,34.8,35.8
2011/01/24,36.1,36.5,35.5,36.3
2011/01/25,36.7,36.8,35.7,36.5
2011/01/26,36.5,36.9,36.1,36.2
2011/01/27,36.5,36.7,36.3,36.6
2011/01/28,36.8,37.8,36.5,36.6
2011/02/08,37.1,37.1,35.3,35.9
2011/02/09,35.6,35.9,35.1,35.3
2011/02/10,35.3,36.1,35.3,35.4
2011/02/11,35.6,36.0,34.2,34.6
2011/02/14,34.6,35.0,34.5,34.6
2011/02/15,34.6,34.8,33.6,33.8
2011/02/16,33.5,33.8,32.8,33.0
2011/02/17,33.1,33.6,33.0,33.2
2011/02/18,33.5,33.8,33.3,33.4
2011/02/21,33.6,33.8,32.4,32.4
2011/02/22,31.9,32.2,30.1,30.6
2011/02/23,30.3,30.9,29.1,29.6
2011/02/24,29.7,30.3,29.3,29.6
2011/02/25,29.9,30.1,29.0,29.6
2011/03/01,29.9,30.6,29.8,30.4
2011/03/02,30.2,32.5,30.0,32.5
2011/03/03,33.6,34.7,33.5,34.3
2011/03/04,34.6,35.5,34.0,34.4
2011/03/07,34.7,35.6,34.0,34.0
2011/03/08,34.6,35.0,33.9,33.9
2011/03/09,34.4,34.5,33.0,33.4
2011/03/10,33.3,33.3,31.1,31.7
2011/03/11,30.9,31.3,30.6,31.0
2011/03/14,30.2,30.6,29.3,30.3
2011/03/15,30.2,30.8,28.3,28.5
2011/03/16,29.3,29.9,28.4,28.7
2011/03/17,28.3,28.5,27.7,27.8
2011/03/18,28.2,29.0,28.2,28.9
2011/03/21,29.3,29.8,28.9,29.2
2011/03/22,29.4,29.7,29.3,29.5
2011/03/23,29.7,30.2,29.6,30.0
2011/03/24,30.2,31.5,30.2,30.8
2011/03/25,31.3,31.3,30.1,30.1
2011/03/28,30.1,30.9,29.7,30.1
2011/03/29,29.9,30.5,29.6,29.7
2011/03/30,29.7,30.6,29.7,30.0
2011/03/31,30.0,30.8,30.0,30.1
2011/04/01,30.1,30.8,30.1,30.1
2011/04/06,30.1,30.4,29.7,29.9
2011/04/07,29.9,30.3,29.9,30.1
2011/04/08,30.1,30.3,30.1,30.2
2011/04/11,30.2,30.2,29.2,29.4
2011/04/12,29.3,29.3,28.1,28.3
2011/04/13,28.3,28.4,27.8,28.3
2011/04/14,28.7,29.0,28.5,28.6
2011/04/15,28.7,28.8,28.4,28.5
2011/04/18,28.8,29.4,28.4,28.4
2011/04/19,28.3,28.3,28.1,28.2
2011/04/20,28.5,28.9,28.3,28.5
2011/04/21,29.1,29.1,28.5,28.5
2011/04/22,28.5,29.1,28.5,28.5
2011/04/25,28.6,28.8,28.5,28.5
2011/04/26,28.5,29.0,28.4,28.7
2011/04/27,29.1,29.2,28.7,28.8
2011/04/28,29.1,29.1,28.4,28.4
2011/04/29,29.3,30.3,29.2,30.3
2011/05/03,30.6,31.2,30.3,30.3
2011/05/04,30.3,31.0,29.4,31.0
2011/05/05,31.2,31.9,31.2,31.4
2011/05/06,31.2,31.3,30.7,30.8
2011/05/09,30.8,30.8,30.0,30.2
2011/05/10,30.2,30.7,30.0,30.2
2011/05/11,30.5,30.7,29.7,29.7
2011/05/12,29.3,29.9,29.3,29.5
2011/05/13,29.5,30.3,29.5,30.3
2011/05/16,30.2,30.2,29.6,29.6
2011/05/17,29.4,29.8,29.1,29.2
2011/05/18,29.2,29.6,29.2,29.5
2011/05/19,29.5,29.6,29.2,29.2
2011/05/20,29.3,29.5,28.3,28.7
2011/05/23,28.3,29.5,28.3,29.3
2011/05/24,29.3,31.2,29.2,30.3
2011/05/25,30.4,31.4,30.4,30.6
2011/05/26,30.9,31.2,30.4,30.6
2011/05/27,30.9,31.4,30.4,31.0
2011/05/30,31.3,32.3,31.3,31.9
2011/05/31,32.4,32.9,31.7,31.7
2011/06/01,32.2,32.6,31.7,31.9
2011/06/02,31.6,32.3,31.6,32.3
2011/06/03,32.9,33.6,32.6,33.4
2011/06/07,33.4,33.5,32.5,32.9
2011/06/08,32.9,33.3,32.6,32.6
2011/06/09,32.3,32.9,31.9,32.1
2011/06/10,32.6,32.8,31.5,31.5
2011/06/13,30.9,31.4,30.4,30.4
2011/06/14,30.4,31.1,30.4,30.7
2011/06/15,30.7,31.0,30.4,30.4
2011/06/16,30.1,30.3,29.9,29.9
2011/06/17,30.0,30.8,30.0,30.4
2011/06/20,30.4,30.7,29.5,29.9
2011/06/21,29.9,31.9,29.9,31.9
2011/06/22,32.3,32.8,31.9,32.5
2011/06/23,32.4,32.4,31.6,31.7
2011/06/24,31.9,32.1,31.5,31.8
2011/06/27,31.5,31.7,31.1,31.5
2011/06/28,31.8,32.3,31.7,31.7
2011/06/29,31.9,32.4,31.6,31.7
2011/06/30,32.1,32.3,31.8,31.9
2011/07/01,32.2,33.4,32.0,32.9
2011/07/04,33.0,33.0,31.7,31.7
2011/07/05,31.6,32.3,31.5,32.1
2011/07/06,32.1,32.7,32.0,32.1
2011/07/07,32.1,32.9,32.0,32.2
2011/07/08,32.2,32.3,31.5,31.5
2011/07/11,31.5,31.5,31.0,31.0
2011/07/12,30.6,31.5,30.6,31.3
2011/07/13,31.0,31.8,30.9,31.0
2011/07/14,31.0,31.4,29.8,30.2
2011/07/15,30.3,30.3,28.9,30.2
2011/07/18,29.8,29.9,29.3,29.4
2011/07/19,29.2,29.4,29.0,29.2
2011/07/20,29.4,30.0,29.4,29.7
2011/07/21,29.6,30.0,29.3,29.3
2011/07/22,29.3,29.9,29.3,29.5
2011/07/25,29.4,30.0,29.4,29.5
2011/07/26,29.7,30.2,29.6,30.0
2011/07/27,29.9,29.9,29.5,29.8
2011/07/28,29.5,29.5,28.8,29.3
2011/07/29,29.3,29.4,28.6,28.7
2011/08/01,28.2,28.6,28.2,28.6
2011/08/02,28.6,28.6,28.4,28.4
2011/08/03,27.9,28.1,27.3,28.1
2011/08/04,28.3,28.4,27.6,27.6
2011/08/05,25.7,26.1,25.7,25.7
2011/08/08,24.8,25.6,23.9,23.9
2011/08/09,22.3,23.1,22.3,22.3
2011/08/10,22.7,23.6,22.7,22.7
2011/08/11,21.5,22.7,21.5,22.7
2011/08/12,23.5,23.9,23.1,23.4
2011/08/15,23.6,24.3,23.6,23.9
2011/08/16,24.2,24.4,24.0,24.4
2011/08/17,24.4,24.4,24.0,24.0
2011/08/18,23.8,24.0,23.4,23.4
2011/08/19,22.2,22.5,21.8,21.8
2011/08/22,21.5,22.2,21.0,21.3
2011/08/23,21.5,22.2,21.3,22.2
2011/08/24,22.2,22.2,21.9,22.0
2011/08/25,22.1,22.3,21.7,21.8
2011/08/26,21.8,22.1,21.8,22.0
2011/08/29,22.2,22.5,22.1,22.5
2011/08/30,22.7,23.2,22.5,22.8
2011/08/31,23.5,24.4,23.2,24.3
2011/09/01,24.7,25.2,24.5,24.9
2011/09/02,25.3,26.5,24.9,26.0
2011/09/05,25.5,25.5,24.8,25.3
2011/09/06,25.2,25.2,23.8,24.0
2011/09/07,24.7,25.2,24.7,25.2
2011/09/08,25.2,25.6,24.7,24.8
2011/09/09,24.8,25.6,24.8,25.2
2011/09/13,25.2,25.9,25.2,25.5
2011/09/14,25.7,26.2,24.7,25.2
2011/09/15,25.8,26.6,25.4,26.6
2011/09/16,26.8,26.8,26.1,26.6
2011/09/19,26.6,26.6,25.8,25.8
2011/09/20,26.0,26.3,25.7,25.7
2011/09/21,25.7,26.1,25.7,25.9
2011/09/22,25.8,25.8,25.3,25.4
2011/09/23,23.6,24.8,23.6,23.8
2011/09/26,24.3,24.3,22.2,22.2
2011/09/27,23.2,23.5,22.5,23.1
2011/09/28,23.5,23.5,22.7,23.0
2011/09/29,22.8,23.2,22.6,23.0
2011/09/30,23.0,23.2,22.4,22.5
2011/10/03,22.2,22.7,22.0,22.1
2011/10/04,22.0,22.6,21.8,22.5
2011/10/05,22.5,22.7,22.0,22.4
2011/10/06,22.6,23.0,22.4,22.4
2011/10/07,23.3,23.3,22.8,22.8
2011/10/11,23.1,23.5,23.1,23.3
2011/10/12,23.6,23.6,22.8,23.3
2011/10/13,23.4,23.7,23.2,23.4
2011/10/14,23.4,23.4,22.8,23.1
2011/10/17,23.3,23.5,22.9,23.1
2011/10/18,22.8,23.0,22.5,22.6
2011/10/19,22.9,22.9,22.6,22.8
2011/10/20,22.5,22.8,22.3,22.4
2011/10/21,22.3,22.6,22.2,22.4
2011/10/24,22.8,23.1,22.5,22.9
2011/10/25,23.1,23.3,23.0,23.1
2011/10/26,23.0,23.2,22.8,23.2
2011/10/27,23.1,23.4,23.0,23.2
2011/10/28,23.5,23.6,23.1,23.4
2011/10/31,23.8,23.9,23.3,23.3
2011/11/01,23.1,23.7,23.1,23.4
2011/11/02,23.2,23.6,23.0,23.6
2011/11/03,23.6,23.6,23.1,23.1
2011/11/04,23.3,23.8,23.3,23.6
2011/11/07,23.6,24.5,23.6,24.3
2011/11/08,24.3,24.4,23.8,23.8
2011/11/09,23.8,24.0,23.2,23.4
2011/11/10,22.9,22.9,22.1,22.3
2011/11/11,22.3,22.5,21.9,22.2
2011/11/14,22.5,22.8,22.4,22.5
2011/11/15,22.4,22.5,22.2,22.3
2011/11/16,22.3,22.9,22.1,22.1
2011/11/17,21.9,22.3,21.9,22.2
2011/11/18,21.8,22.0,21.7,21.7
2011/11/21,21.6,21.7,20.8,20.8
2011/11/22,20.5,21.1,20.0,20.0
2011/11/23,19.3,19.9,18.6,18.6
2011/11/24,18.3,18.9,17.8,18.7
2011/11/25,18.7,18.8,18.4,18.5
2011/11/28,19.2,19.8,19.0,19.6
2011/11/29,20.2,20.4,19.8,20.2
2011/11/30,20.2,20.2,19.4,19.6
2011/12/01,20.1,20.6,20.1,20.4
2011/12/02,20.3,20.4,19.9,20.4
2011/12/05,20.3,20.4,19.9,20.1
2011/12/06,20.1,20.5,19.7,20.0
2011/12/07,20.0,20.3,19.8,19.9
2011/12/08,19.3,20.2,19.3,20.1
2011/12/09,19.9,20.2,19.4,20.1
2011/12/12,20.5,20.5,19.6,19.6
2011/12/13,19.6,19.6,19.3,19.5
2011/12/14,19.8,20.8,19.4,20.8
2011/12/15,20.4,20.4,19.7,20.4
2011/12/16,20.5,20.5,20.0,20.0
2011/12/19,19.9,19.9,18.7,18.7
2011/12/20,18.3,19.1,18.3,18.8
2011/12/21,19.5,19.8,19.3,19.8
2011/12/22,19.8,19.8,19.4,19.5
2011/12/23,19.9,20.2,19.8,19.9
2011/12/26,20.1,20.1,19.9,19.9
2011/12/27,19.9,20.0,19.4,19.8
2011/12/28,19.8,20.0,19.5,19.6
2011/12/29,19.5,19.8,19.4,19.6
2011/12/30,19.9,19.9,19.7,19.7
2012/01/02,19.8,19.8,19.3,19.5
2012/01/03,19.5,19.8,19.5,19.6
2012/01/04,19.9,19.9,19.6,19.6
2012/01/05,19.7,19.8,19.6,19.7
2012/01/06,19.7,20.5,19.7,20.2
2012/01/09,20.3,20.3,19.8,19.8
2012/01/10,19.8,20.2,19.8,20.1
2012/01/11,20.2,20.2,19.9,19.9
2012/01/12,20.1,20.1,19.5,19.7
2012/01/13,19.7,19.9,19.5,19.5
2012/01/16,19.9,20.1,19.4,19.5
2012/01/17,19.3,20.2,19.3,20.0
2012/01/18,20.0,20.1,19.9,19.9
2012/01/30,20.4,20.5,20.2,20.5
2012/01/31,20.6,21.3,20.4,21.1
2012/02/01,21.9,22.6,21.4,22.6
2012/02/02,23.6,23.6,22.4,22.8
2012/02/03,22.8,23.0,22.2,22.7
2012/02/06,22.9,23.1,22.3,22.3
2012/02/07,22.3,22.9,22.1,22.7
2012/02/08,22.7,23.2,22.7,23.0
2012/02/09,23.1,23.8,23.1,23.6
2012/02/10,23.9,24.2,23.4,23.7
2012/02/13,23.7,23.9,23.5,23.7
2012/02/14,23.8,24.9,23.8,24.0
2012/02/15,24.2,24.8,24.2,24.4
2012/02/16,25.3,26.0,24.2,24.4
2012/02/17,25.0,25.6,24.3,24.7
2012/02/20,24.7,24.9,24.5,24.7
2012/02/21,24.7,24.9,24.3,24.3
2012/02/22,24.0,24.6,24.0,24.4
2012/02/23,24.3,24.9,24.3,24.4
2012/02/24,24.3,24.9,24.3,24.5
2012/02/29,24.8,25.1,24.5,24.5
2012/03/01,24.5,24.7,24.3,24.6
2012/03/02,24.9,25.1,24.7,24.8
2012/03/05,24.9,24.9,24.5,24.5
2012/03/06,24.5,24.5,23.4,23.6
2012/03/07,23.1,23.5,23.1,23.4
2012/03/08,23.9,23.9,23.4,23.7
2012/03/09,23.9,24.0,23.6,23.8
2012/03/12,23.9,23.9,23.4,23.5
2012/03/13,23.4,23.7,23.4,23.6
2012/03/14,23.9,24.3,23.8,24.1
2012/03/15,24.0,24.4,24.0,24.1
2012/03/16,24.2,24.6,24.2,24.3
2012/03/19,24.3,24.6,23.8,23.9
2012/03/20,23.7,24.0,23.2,23.3
2012/03/21,23.3,23.6,23.2,23.4
2012/03/22,23.6,23.7,23.5,23.5
2012/03/23,23.5,23.6,23.3,23.6
2012/03/26,23.4,23.7,23.4,23.5
2012/03/27,23.8,23.8,23.2,23.3
2012/03/28,23.5,23.5,23.1,23.2
2012/03/29,23.1,23.1,21.6,21.9
2012/03/30,21.5,22.1,21.0,22.1
2012/04/02,22.3,22.3,21.4,21.7
2012/04/03,21.7,21.8,20.9,21.0
2012/04/05,20.7,20.7,19.9,20.5
2012/04/06,20.6,21.2,20.5,21.2
2012/04/09,20.8,20.8,20.5,20.6
2012/04/10,20.9,21.2,20.5,20.6
2012/04/11,20.3,20.7,20.2,20.4
2012/04/12,20.6,20.7,20.3,20.4
2012/04/13,20.6,20.9,20.6,20.8
2012/04/16,20.8,20.8,20.4,20.6
2012/04/17,20.5,20.6,19.9,19.9
2012/04/18,20.1,20.2,19.9,20.0
2012/04/19,20.0,20.0,19.8,19.8
2012/04/20,19.8,19.9,19.7,19.8
2012/04/23,19.9,19.9,19.5,19.6
2012/04/24,19.5,19.8,19.5,19.7
2012/04/25,19.8,20.0,19.8,19.9
2012/04/26,20.1,20.1,19.7,19.7
2012/04/27,19.7,19.9,19.5,19.6
2012/04/30,19.5,19.8,19.5,19.7
2012/05/02,20.1,20.3,19.9,20.3
2012/05/03,20.3,20.4,20.2,20.3
2012/05/04,20.3,20.6,20.3,20.5
2012/05/07,20.3,20.3,19.8,19.9
2012/05/08,19.9,20.1,19.9,20.0
2012/05/09,19.9,20.6,19.9,20.4
2012/05/10,20.3,20.8,20.1,20.5
2012/05/11,20.4,20.4,19.9,19.9
2012/05/14,19.9,20.0,19.4,19.4
2012/05/15,19.3,19.3,18.9,19.2
2012/05/16,19.1,19.1,18.3,18.3
2012/05/17,18.3,18.6,18.3,18.5
2012/05/18,18.5,18.5,18.1,18.1
2012/05/21,18.1,18.4,18.1,18.1
2012/05/22,18.1,18.4,18.1,18.4
2012/05/23,18.3,18.3,17.9,18.0
2012/05/24,17.9,18.2,17.8,17.9
2012/05/25,17.9,18.0,17.7,17.7
2012/05/28,17.7,17.9,17.5,17.8
2012/05/29,17.8,18.8,17.8,18.7
2012/05/30,18.5,18.5,18.1,18.2
2012/05/31,17.9,17.9,17.7,17.8
2012/06/01,17.8,18.0,17.7,17.8
2012/06/04,17.6,17.6,16.9,17.1
2012/06/05,17.3,17.5,17.2,17.5
2012/06/06,17.5,17.7,17.3,17.3
2012/06/07,17.5,17.7,17.4,17.4
2012/06/08,17.4,17.6,17.2,17.2
2012/06/11,17.4,17.7,17.4,17.6
2012/06/12,17.4,17.6,17.3,17.6
2012/06/13,17.6,17.7,17.4,17.5
2012/06/14,17.7,17.7,17.3,17.3
2012/06/15,17.4,17.5,17.4,17.4
2012/06/18,17.7,18.0,17.6,17.9
2012/06/19,17.9,17.9,17.6,17.8
2012/06/20,17.9,18.0,17.8,17.9
2012/06/21,17.9,18.0,17.8,17.9
2012/06/22,17.7,17.9,17.7,17.8
2012/06/25,17.9,18.6,17.9,18.3
2012/06/26,18.1,18.3,18.0,18.0
2012/06/27,17.9,18.1,17.9,18.0
2012/06/28,18.1,18.1,17.9,17.9
2012/06/29,18.0,18.1,17.9,18.1
2012/07/02,18.1,18.7,18.1,18.5
2012/07/03,18.5,18.6,18.4,18.4
2012/07/04,18.5,18.7,18.4,18.6
2012/07/05,18.7,18.7,18.5,18.6
2012/07/06,18.6,18.6,18.3,18.4
2012/07/09,18.3,18.4,18.2,18.4
2012/07/10,18.5,18.5,18.3,18.3
2012/07/11,18.3,18.4,18.3,18.4
2012/07/12,18.3,18.3,17.9,18.0
2012/07/13,18.0,18.0,17.7,17.9
2012/07/16,17.9,17.9,17.7,17.7
2012/07/17,17.7,17.8,17.6,17.7
2012/07/18,17.7,17.7,17.5,17.5
2012/07/19,17.6,17.8,17.6,17.8
2012/07/20,17.9,18.0,17.7,17.8
2012/07/23,17.7,17.7,17.4,17.4
2012/07/24,17.5,17.6,17.2,17.2
2012/07/25,17.2,17.4,17.2,17.3
2012/07/26,17.6,17.8,17.4,17.8
2012/07/27,17.4,17.5,17.1,17.3
2012/07/30,17.5,17.6,17.3,17.3
2012/07/31,17.3,17.5,17.2,17.4
2012/08/01,17.4,17.6,17.4,17.5
2012/08/03,17.4,17.4,17.3,17.3
2012/08/06,17.4,17.5,17.3,17.3
2012/08/07,17.5,17.5,16.9,16.9
2012/08/08,17.0,17.1,17.0,17.1
2012/08/09,17.1,17.7,17.1,17.6
2012/08/10,18.0,18.0,17.6,17.8
2012/08/13,17.9,17.9,17.6,17.7
2012/08/14,17.7,18.3,17.7,17.9
2012/08/15,18.0,18.4,18.0,18.2
2012/08/16,18.7,19.5,18.7,19.5
2012/08/17,20.1,20.8,20.0,20.4
2012/08/20,20.2,21.2,20.0,20.7
2012/08/21,20.5,21.1,20.4,20.6
2012/08/22,20.6,20.6,19.7,20.2
2012/08/23,20.1,20.4,19.9,20.4
2012/08/24,20.4,20.4,20.0,20.3
2012/08/27,20.4,20.5,20.0,20.4
2012/08/28,20.3,20.7,19.8,19.9
2012/08/29,19.9,20.0,19.4,19.4
2012/08/30,19.5,20.0,19.5,19.9
2012/08/31,19.9,19.9,19.5,19.5
2012/09/03,19.7,20.5,19.5,20.2
2012/09/04,20.3,20.4,19.6,19.8
2012/09/05,19.8,19.8,19.5,19.7
2012/09/06,20.0,20.5,20.0,20.1
2012/09/07,20.7,20.7,19.9,19.9
2012/09/10,20.0,20.2,19.9,20.0
2012/09/11,20.3,20.4,20.1,20.1
2012/09/12,20.1,20.3,20.0,20.0
2012/09/13,20.1,21.3,20.0,21.3
2012/09/14,21.5,21.7,21.1,21.2
2012/09/17,21.2,21.3,20.7,21.0
2012/09/18,21.0,21.1,20.7,20.9
2012/09/19,20.7,21.2,20.7,20.7
2012/09/20,20.7,20.9,20.6,20.6
2012/09/21,20.6,21.2,20.4,20.6
2012/09/24,20.5,20.7,20.4,20.6
2012/09/25,20.6,20.7,20.4,20.5
2012/09/26,20.4,20.4,20.2,20.2
2012/09/27,20.4,20.4,20.0,20.0
2012/09/28,20.0,20.2,19.8,20.0
2012/10/01,20.5,21.2,20.3,20.8
2012/10/02,20.9,21.3,20.7,20.7
2012/10/03,20.5,20.8,20.5,20.7
2012/10/04,20.7,20.8,20.4,20.5
2012/10/05,20.7,21.2,20.4,20.4
2012/10/08,20.4,20.7,20.1,20.1
2012/10/09,20.2,20.4,19.5,19.7
2012/10/11,19.7,19.8,19.3,19.3
2012/10/12,19.4,19.6,19.2,19.2
2012/10/15,19.5,19.5,19.1,19.3
2012/10/16,19.3,19.5,19.3,19.5
2012/10/17,20.0,20.0,19.6,19.6
2012/10/18,19.8,19.8,19.2,19.3
2012/10/19,19.3,19.5,19.1,19.1
2012/10/22,19.0,19.0,18.6,18.8
2012/10/23,18.8,18.9,18.7,18.7
2012/10/24,18.7,19.0,18.5,18.7
2012/10/25,18.7,19.1,18.7,18.7
2012/10/26,18.7,18.9,17.6,18.0
2012/10/29,18.2,18.2,17.7,17.7
2012/10/30,18.0,18.7,17.9,18.3
2012/10/31,18.5,18.5,18.0,18.1
2012/11/01,18.0,18.5,18.0,18.3
2012/11/02,18.5,18.6,18.4,18.4
2012/11/05,18.3,18.4,18.2,18.2
2012/11/06,18.2,18.4,17.9,18.4
2012/11/07,18.4,18.6,18.4,18.6
2012/11/08,18.5,18.5,18.1,18.1
2012/11/09,18.1,18.5,18.1,18.5
2012/11/12,18.5,18.5,18.2,18.2
2012/11/13,18.3,18.3,18.0,18.0
2012/11/14,18.2,18.2,18.0,18.0
2012/11/15,18.0,18.0,17.6,18.0
2012/11/16,18.0,18.2,17.9,17.9
2012/11/19,18.0,18.1,17.8,17.9
2012/11/20,18.1,18.1,17.9,17.9
2012/11/21,18.2,18.2,17.7,17.8
2012/11/22,18.0,18.0,17.7,17.7
2012/11/23,18.0,18.1,17.7,18.1
2012/11/26,18.2,18.6,18.2,18.4
2012/11/27,18.5,18.6,18.4,18.5
2012/11/28,18.5,18.5,18.4,18.5
2012/11/29,18.5,18.7,18.4,18.6
2012/11/30,18.7,18.9,18.6,18.7
2012/12/03,19.0,19.4,19.0,19.0
2012/12/04,19.2,19.3,19.0,19.3
2012/12/05,19.3,19.4,19.2,19.3
2012/12/06,19.4,19.5,19.0,19.2
2012/12/07,19.2,19.3,18.9,18.9
2012/12/10,18.9,19.1,18.6,18.7
2012/12/11,18.8,18.9,18.4,18.6
2012/12/12,18.7,18.8,18.5,18.6
2012/12/13,18.8,19.0,18.7,18.9
2012/12/14,19.0,19.0,18.7,18.7
2012/12/17,18.6,18.7,18.4,18.5
2012/12/18,18.6,18.7,18.5,18.6
2012/12/19,18.7,18.8,18.5,18.6
2012/12/20,18.6,18.7,18.5,18.6
2012/12/21,18.7,18.7,18.5,18.5
2012/12/24,18.6,19.2,18.6,18.9
2012/12/25,19.1,19.1,18.9,18.9
2012/12/26,19.0,19.0,18.6,18.8
2012/12/27,18.9,18.9,18.7,18.7
2012/12/28,18.7,19.1,18.6,18.7
2013/01/02,18.9,19.1,18.9,19.0
2013/01/03,19.0,19.2,19.0,19.1
2013/01/04,19.2,19.2,18.9,19.0
2013/01/07,19.0,19.0,18.8,18.9
2013/01/08,18.9,19.0,18.8,18.9
2013/01/09,19.0,19.1,18.9,18.9
2013/01/10,19.1,19.1,18.9,18.9
2013/01/11,19.1,19.1,18.9,18.9
2013/01/14,19.1,20.2,19.0,20.2
2013/01/15,20.4,20.8,20.1,20.2
2013/01/16,20.2,20.4,20.0,20.0
2013/01/17,20.0,20.2,19.0,19.0
2013/01/18,19.2,19.3,19.1,19.2
2013/01/21,19.2,19.5,19.1,19.3
2013/01/22,19.6,19.7,19.3,19.5
2013/01/23,19.8,19.8,19.3,19.3
2013/01/24,19.3,19.5,19.2,19.2
2013/01/25,19.3,19.5,19.2,19.3
2013/01/28,19.4,19.8,19.4,19.5
2013/01/29,19.6,19.8,19.6,19.7
2013/01/30,19.8,20.0,19.7,19.8
2013/01/31,19.8,19.8,19.6,19.6
2013/02/01,19.8,20.0,19.7,19.7
2013/02/04,19.8,19.8,19.5,19.5
2013/02/05,19.5,19.5,19.2,19.2
2013/02/06,19.3,19.4,19.2,19.2
2013/02/18,19.4,19.5,19.2,19.3
2013/02/19,19.3,19.6,19.3,19.3
2013/02/20,19.5,19.6,19.4,19.5
2013/02/21,19.6,19.6,19.3,19.3
2013/02/22,19.4,19.4,19.0,19.0
2013/02/25,19.1,19.1,19.0,19.0
2013/02/26,18.7,19.1,18.7,18.9
2013/02/27,18.8,19.1,18.8,18.9
2013/03/01,18.9,19.2,18.9,19.1
2013/03/04,19.2,19.2,18.9,18.9
2013/03/05,19.1,19.1,19.0,19.1
2013/03/06,19.3,19.7,19.2,19.6
2013/03/07,20.0,20.9,19.7,20.7
2013/03/08,20.6,20.6,19.9,19.9
2013/03/11,20.0,20.3,19.8,20.1
2013/03/12,20.1,20.2,19.6,19.6
2013/03/13,19.8,19.8,19.6,19.6
2013/03/14,19.8,19.8,19.5,19.5
2013/03/15,19.7,19.7,19.5,19.5
2013/03/18,19.4,19.5,19.2,19.2
2013/03/19,19.3,19.5,19.2,19.5
2013/03/20,19.6,20.1,19.6,19.7
2013/03/21,19.8,19.8,19.6,19.6
2013/03/22,19.7,19.8,19.5,19.5
2013/03/25,19.7,20.0,19.6,19.7
2013/03/26,19.8,19.8,19.6,19.6
2013/03/27,19.7,19.9,19.6,19.8
2013/03/28,19.8,19.9,19.7,19.7
2013/03/29,19.8,20.1,19.7,19.7
2013/04/01,19.8,20.0,19.7,19.7
2013/04/02,19.8,19.8,19.7,19.7
2013/04/03,19.8,19.8,19.7,19.8
2013/04/08,19.6,19.6,19.0,19.0
2013/04/09,19.1,19.2,19.0,19.1
2013/04/10,19.2,19.4,19.1,19.2
2013/04/11,19.4,19.6,19.3,19.4
2013/04/12,19.5,19.6,19.3,19.4
2013/04/15,19.4,19.4,18.9,19.1
2013/04/16,18.9,19.1,18.7,19.0
2013/04/17,19.0,19.3,19.0,19.3
2013/04/18,19.2,19.4,19.2,19.3
2013/04/19,19.3,19.5,19.3,19.4
2013/04/22,19.5,19.7,19.3,19.3
2013/04/23,19.3,19.6,19.3,19.6
2013/04/24,19.7,20.4,19.7,20.0
2013/04/25,20.0,20.2,19.6,19.6
2013/04/26,19.7,20.0,19.5,19.6
2013/04/29,19.6,19.8,19.6,19.7
2013/04/30,19.8,20.1,19.7,19.8
2013/05/02,19.8,20.5,19.8,20.2
2013/05/03,20.3,20.4,19.8,19.9
2013/05/06,20.1,20.4,19.9,20.3
2013/05/07,20.5,20.6,20.0,20.0
2013/05/08,20.1,20.2,20.0,20.0
2013/05/09,20.1,20.2,20.0,20.1
2013/05/10,20.2,20.4,20.1,20.2
2013/05/13,20.4,20.7,20.2,20.3
2013/05/14,20.3,20.3,20.0,20.0
2013/05/15,20.0,20.1,19.8,20.0
2013/05/16,20.1,20.2,19.7,19.7
2013/05/17,19.8,20.7,19.7,20.7
2013/05/20,20.7,20.7,20.3,20.4
2013/05/21,20.4,21.2,20.3,20.6
2013/05/22,20.7,20.9,20.5,20.6
2013/05/23,20.3,20.7,20.1,20.1
2013/05/24,20.2,20.3,20.1,20.1
2013/05/27,20.2,20.4,20.2,20.4
2013/05/28,20.5,20.5,20.1,20.1
2013/05/29,20.2,20.8,20.2,20.5
2013/05/30,20.6,21.3,20.5,20.9
2013/05/31,21.2,22.2,21.2,21.4
2013/06/03,21.4,21.8,21.2,21.4
2013/06/04,21.5,21.6,20.8,20.8
2013/06/05,20.8,21.3,20.8,21.1
2013/06/06,21.1,21.6,21.1,21.3
2013/06/07,22.0,22.0,20.8,21.1
2013/06/10,21.4,21.4,21.0,21.0
2013/06/11,21.1,21.2,20.8,20.8
2013/06/13,20.8,21.0,20.4,20.4
2013/06/14,20.5,20.7,19.8,19.8
2013/06/17,19.9,20.2,19.9,20.2
2013/06/18,20.3,20.3,20.0,20.1
2013/06/19,20.3,20.3,20.0,20.0
2013/06/20,19.8,20.1,19.7,19.8
2013/06/21,19.4,19.8,19.3,19.6
2013/06/24,19.6,19.8,19.6,19.6
2013/06/25,19.6,19.6,18.8,18.8
2013/06/26,19.3,19.5,19.1,19.3
2013/06/27,19.6,19.6,19.3,19.4
2013/06/28,19.6,19.9,19.5,19.7
2013/07/01,19.8,19.9,19.6,19.9
2013/07/02,20.0,20.0,19.6,19.6
2013/07/03,19.6,19.7,19.4,19.5
2013/07/04,19.6,19.7,19.3,19.3
2013/07/05,19.5,19.9,19.5,19.7
2013/07/08,20.0,20.1,19.7,19.7
2013/07/09,19.8,20.0,19.8,20.0
2013/07/10,20.0,20.2,19.8,19.8
2013/07/11,20.1,20.2,19.8,20.0
2013/07/12,20.2,20.2,20.0,20.2
2013/07/15,20.3,20.3,20.1,20.2
2013/07/16,20.2,20.4,20.1,20.3
2013/07/17,20.4,20.6,20.2,20.3
2013/07/18,20.4,20.5,20.3,20.3
2013/07/19,20.3,20.3,20.0,20.0
2013/07/22,20.0,20.2,20.0,20.1
2013/07/23,20.3,20.4,20.1,20.2
2013/07/24,20.3,20.4,20.3,20.4
2013/07/25,20.5,20.7,20.4,20.4
2013/07/26,20.4,20.6,20.3,20.4
2013/07/29,20.6,20.7,20.4,20.6
2013/07/30,20.6,21.1,20.6,20.8
2013/07/31,20.9,21.0,20.5,20.6
2013/08/01,20.8,20.8,20.5,20.5
2013/08/02,20.6,20.9,20.5,20.6
2013/08/05,20.5,20.7,20.5,20.6
2013/08/06,20.6,20.6,20.5,20.5
2013/08/07,20.4,20.5,20.1,20.1
2013/08/08,20.1,20.2,20.0,20.0
2013/08/09,20.1,20.3,20.0,20.0
2013/08/12,19.3,19.6,19.3,19.4
2013/08/13,19.6,19.9,19.4,19.8
2013/08/14,19.8,19.9,19.7,19.7
2013/08/15,19.7,19.7,19.4,19.6
2013/08/16,19.4,19.6,19.4,19.6
2013/08/19,19.6,19.8,19.6,19.6
2013/08/20,19.6,19.7,19.4,19.5
2013/08/22,19.5,19.6,19.4,19.4
2013/08/23,19.5,20.0,19.5,19.8
2013/08/26,19.9,20.2,19.8,20.1
2013/08/27,20.3,20.3,19.8,19.8
2013/08/28,19.8,19.8,19.7,19.7
2013/08/29,19.9,20.1,19.9,19.9
2013/08/30,20.0,20.2,19.9,20.0
2013/09/02,20.1,20.3,20.1,20.2
2013/09/03,20.3,20.4,20.2,20.2
2013/09/04,20.4,20.7,20.3,20.6
2013/09/05,20.6,20.8,20.4,20.6
2013/09/06,20.6,20.7,20.2,20.2
2013/09/09,20.2,20.3,19.8,19.8
2013/09/10,19.9,20.2,19.8,19.8
2013/09/11,19.8,20.0,19.7,19.8
2013/09/12,19.9,20.1,19.8,19.9
2013/09/13,20.1,20.2,19.9,20.1
2013/09/16,21.0,21.4,20.9,21.0
2013/09/17,21.0,21.2,20.8,21.0
2013/09/18,21.1,21.2,20.6,20.7
2013/09/23,20.7,20.9,20.7,20.7
2013/09/24,20.9,20.9,20.7,20.8
2013/09/25,20.9,21.3,20.9,20.9
2013/09/26,21.1,21.1,20.7,20.7
2013/09/27,20.8,21.4,20.8,21.2
2013/09/30,21.2,21.7,21.2,21.3
2013/10/01,21.4,21.6,21.2,21.2
2013/10/02,21.6,22.0,21.2,22.0
2013/10/03,22.3,22.9,22.3,22.3
2013/10/04,22.6,23.9,22.6,23.3
2013/10/07,23.8,24.0,23.4,23.6
2013/10/08,24.0,24.9,23.7,24.4
2013/10/09,25.0,25.3,23.6,23.8
2013/10/11,24.4,24.4,23.1,23.3
2013/10/14,23.9,24.7,23.9,24.4
2013/10/15,24.6,24.7,23.9,24.6
2013/10/16,24.7,25.7,24.3,24.8
2013/10/17,24.9,25.1,23.9,24.3
2013/10/18,24.8,25.3,24.6,24.9
2013/10/21,25.2,25.3,24.7,24.7
2013/10/22,24.6,24.7,24.2,24.3
2013/10/23,24.4,24.8,23.4,23.7
2013/10/24,23.9,23.9,23.4,23.9
2013/10/25,23.7,23.9,23.6,23.7
2013/10/28,23.9,24.4,23.8,24.0
2013/10/29,24.0,24.6,23.8,24.6
2013/10/30,25.0,25.1,24.5,24.6
2013/10/31,24.7,25.3,24.4,25.1
2013/11/01,25.1,25.3,24.7,24.7
2013/11/04,25.0,25.4,24.8,25.4
2013/11/05,25.7,26.5,25.4,25.4
2013/11/06,25.7,25.8,24.3,24.7
2013/11/07,24.8,25.2,24.7,24.7
2013/11/08,24.4,24.4,23.0,23.1
2013/11/11,23.2,23.5,22.8,22.8
2013/11/12,23.1,23.3,22.6,22.8
2013/11/13,22.8,23.6,22.8,23.2
2013/11/14,23.2,23.3,22.7,22.9
2013/11/15,22.9,23.3,22.9,23.2
2013/11/18,23.3,23.6,23.1,23.1
2013/11/19,23.1,23.3,23.1,23.3
2013/11/20,23.3,23.8,23.3,23.6
2013/11/21,23.4,23.4,23.1,23.2
2013/11/22,23.1,23.4,22.8,22.8
2013/11/25,22.8,23.1,22.8,22.8
2013/11/26,22.9,23.7,22.9,23.6
2013/11/27,23.7,23.8,23.5,23.6
2013/11/28,23.7,24.2,23.7,24.0
2013/11/29,24.1,24.1,23.8,23.9
2013/12/02,23.9,23.9,23.5,23.6
2013/12/03,23.6,23.6,23.3,23.4
2013/12/04,23.4,23.8,23.4,23.8
2013/12/05,24.1,24.1,23.3,23.3
2013/12/06,23.7,23.7,23.3,23.3
2013/12/09,23.3,23.4,22.8,22.8
2013/12/10,22.8,23.0,22.3,22.4
2013/12/11,22.4,22.6,22.0,22.1
2013/12/12,22.1,22.6,22.0,22.5
2013/12/13,22.4,22.7,22.3,22.3
2013/12/16,22.3,22.6,22.2,22.2
2013/12/17,22.3,22.6,22.3,22.3
2013/12/18,22.3,22.6,22.3,22.4
2013/12/19,22.8,22.8,22.5,22.7
2013/12/20,22.7,22.8,22.4,22.4
2013/12/23,22.8,23.6,22.7,23.3
2013/12/24,23.4,23.6,23.1,23.1
2013/12/25,23.2,23.3,23.1,23.2
2013/12/26,23.2,23.8,23.2,23.3
2013/12/27,23.4,23.6,23.3,23.3
2013/12/30,23.3,24.0,23.2,23.6
2013/12/31,23.6,23.7,23.4,23.4
2014/01/02,23.4,23.6,23.1,23.3
2014/01/03,23.1,23.7,23.1,23.4
2014/01/06,23.7,23.7,23.4,23.4
2014/01/07,23.7,24.7,23.5,24.1
2014/01/08,24.4,24.9,24.3,24.4
2014/01/09,24.5,24.7,23.8,23.9
2014/01/10,24.1,24.1,23.7,23.8
2014/01/13,24.2,24.2,23.8,24.0
2014/01/14,24.0,24.2,23.8,24.0
2014/01/15,24.2,24.6,24.1,24.2
2014/01/16,24.4,24.5,24.2,24.2
2014/01/17,24.4,24.5,24.3,24.4
2014/01/20,24.4,24.4,24.1,24.3
2014/01/21,24.4,24.4,23.9,23.9
2014/01/22,23.9,24.2,23.8,23.8
2014/01/23,23.9,23.9,23.6,23.6
2014/01/24,23.4,23.8,23.4,23.7
2014/01/27,23.3,23.4,23.0,23.0
2014/02/05,22.4,22.8,22.4,22.8
2014/02/06,22.9,23.3,22.8,23.3
2014/02/07,23.3,23.7,23.2,23.2
2014/02/10,23.4,23.6,23.1,23.2
2014/02/11,23.6,23.7,23.3,23.7
2014/02/12,24.0,24.0,23.8,23.8
2014/02/13,23.8,23.8,23.5,23.5
2014/02/14,23.7,23.8,23.4,23.8
2014/02/17,23.9,24.5,23.9,23.9
2014/02/18,24.2,24.2,23.8,23.8
2014/02/19,23.9,24.0,23.7,23.7
2014/02/20,23.8,24.1,23.7,23.7
2014/02/21,23.9,24.4,23.9,24.2
2014/02/24,24.4,24.7,24.2,24.2
2014/02/25,24.3,24.6,24.2,24.3
2014/02/26,24.3,24.9,24.3,24.6
2014/02/27,24.9,24.9,24.3,24.3
2014/03/03,24.3,24.6,24.2,24.2
2014/03/04,24.2,24.3,24.0,24.1
2014/03/05,24.2,24.4,24.2,24.4
2014/03/06,24.3,24.7,24.3,24.6
2014/03/07,24.8,25.6,24.7,24.7
2014/03/10,24.8,25.0,24.6,24.8
2014/03/11,25.0,25.1,24.7,24.9
2014/03/12,25.1,25.1,24.4,24.4
2014/03/13,24.6,24.7,24.3,24.6
2014/03/14,24.5,24.5,24.1,24.2
2014/03/17,24.1,24.4,24.1,24.2
2014/03/18,24.3,25.8,24.3,25.8
2014/03/19,26.4,26.8,26.0,26.6
2014/03/20,26.6,27.0,25.8,26.7
2014/03/21,26.7,27.0,25.7,25.9
2014/03/24,25.8,25.8,24.6,25.7
2014/03/25,26.1,27.4,26.1,27.1
2014/03/26,27.8,28.7,27.3,28.6
2014/03/27,28.6,28.7,27.8,28.0
2014/03/28,28.0,28.0,26.8,26.8
2014/03/31,26.9,27.6,26.9,27.5
2014/04/01,27.6,27.6,26.9,27.0
2014/04/02,27.2,27.2,26.7,26.7
2014/04/03,26.7,27.2,26.6,27.0
2014/04/07,26.7,26.7,26.2,26.7
2014/04/08,26.7,26.9,26.5,26.9
2014/04/09,27.2,27.2,26.9,27.1
2014/04/10,27.3,27.3,26.7,26.7
2014/04/11,26.3,26.6,25.4,25.8
2014/04/14,25.6,25.9,25.0,25.1
2014/04/15,25.2,25.5,25.1,25.4
2014/04/16,25.4,26.2,25.4,25.9
2014/04/17,25.9,26.0,25.6,25.7
2014/04/18,25.8,25.9,25.6,25.6
2014/04/21,25.6,25.8,25.6,25.7
2014/04/22,25.7,26.3,25.7,26.2
2014/04/23,26.3,26.8,25.9,25.9
2014/04/24,25.9,26.1,25.4,25.4
2014/04/25,25.4,25.7,23.8,24.1
2014/04/28,23.3,24.5,23.3,24.4
2014/04/29,24.4,24.9,24.4,24.6
2014/04/30,24.6,24.7,24.0,24.0
2014/05/02,24.1,24.6,24.1,24.5
2014/05/05,24.7,24.8,24.3,24.7
2014/05/06,24.7,24.9,24.6,24.9
2014/05/07,24.9,24.9,24.6,24.7
2014/05/08,25.6,25.8,25.2,25.4
2014/05/09,25.6,25.8,25.4,25.4
2014/05/12,25.6,25.6,25.1,25.2
2014/05/13,25.3,25.6,25.1,25.2
2014/05/14,25.2,25.3,25.0,25.2
2014/05/15,25.4,25.6,25.0,25.2
2014/05/16,25.3,25.9,25.3,25.6
2014/05/19,25.9,26.1,25.7,26.1
2014/05/20,26.2,26.6,25.6,25.6
2014/05/21,25.8,25.8,25.4,25.4
2014/05/22,25.7,25.9,25.5,25.7
2014/05/23,25.9,25.9,25.6,25.7
2014/05/26,25.9,26.0,25.7,25.8
2014/05/27,25.9,26.0,25.6,25.7
2014/05/28,25.7,26.1,25.7,26.1
2014/05/29,26.1,27.7,26.1,27.7
2014/05/30,27.9,28.3,27.2,27.3
2014/06/03,27.3,27.5,26.9,27.1
2014/06/04,27.4,28.9,27.2,28.6
2014/06/05,28.5,29.0,28.1,28.6
2014/06/06,28.8,29.1,27.9,27.9
2014/06/09,28.3,28.9,28.3,28.3
2014/06/10,28.3,29.4,28.2,28.8
2014/06/11,28.8,29.1,28.2,28.2
2014/06/12,27.9,28.2,27.6,27.7
2014/06/13,27.7,29.6,27.7,29.6
2014/06/16,30.3,31.6,30.2,31.6
2014/06/17,32.0,32.7,31.6,32.1
2014/06/18,31.9,32.0,30.6,31.3
2014/06/19,31.3,31.9,31.0,31.4
2014/06/20,31.4,31.7,30.7,30.7
2014/06/23,30.7,31.3,29.0,29.4
2014/06/24,29.4,30.1,29.3,29.5
2014/06/25,29.2,30.9,28.9,30.8
2014/06/26,31.1,31.7,30.8,30.9
2014/06/27,31.3,32.2,31.2,31.6
2014/06/30,31.9,32.2,31.1,31.5
2014/07/01,31.5,32.3,31.5,31.8
2014/07/02,31.9,32.4,30.2,30.7
2014/07/03,30.9,31.3,30.7,30.9
2014/07/04,31.1,31.6,30.9,31.4
2014/07/07,31.4,31.5,30.8,31.4
2014/07/08,31.4,33.6,31.4,33.6
2014/07/09,33.8,34.1,32.7,33.1
2014/07/10,33.2,35.3,33.2,35.1
2014/07/11,35.3,36.9,34.6,35.6
2014/07/14,35.6,36.2,34.7,35.3
2014/07/15,35.3,36.1,34.9,35.4
2014/07/16,35.4,35.6,34.6,34.6
2014/07/17,34.6,35.2,33.4,34.1
2014/07/18,33.6,33.9,33.0,33.4
2014/07/21,33.9,34.5,33.7,34.5
2014/07/22,34.4,35.6,34.4,35.5
2014/07/24,35.6,35.6,34.7,34.7
2014/07/25,34.7,34.9,34.1,34.1
2014/07/28,34.0,34.3,32.6,32.6
2014/07/29,31.9,33.3,31.9,32.2
2014/07/30,32.2,32.9,32.1,32.6
2014/07/31,33.9,34.8,33.0,34.6
2014/08/01,34.0,36.0,33.9,35.1
2014/08/04,34.9,35.6,34.0,35.4
2014/08/05,35.2,35.9,34.8,35.2
2014/08/06,35.4,35.4,33.7,33.9
2014/08/07,34.1,34.7,33.7,33.9
2014/08/08,34.4,35.0,33.9,34.2
2014/08/11,33.9,34.2,33.2,33.7
2014/08/12,34.3,34.7,33.6,33.8
2014/08/13,33.8,34.2,33.4,33.8
2014/08/14,34.0,34.4,33.4,33.4
2014/08/15,33.4,33.9,32.7,32.8
2014/08/18,32.9,33.1,32.0,32.6
2014/08/19,32.8,33.7,32.8,33.4
2014/08/20,33.7,33.9,33.4,33.6
2014/08/21,33.6,33.8,32.6,33.2
2014/08/22,33.6,33.6,33.0,33.3
2014/08/25,33.2,33.7,33.2,33.4
2014/08/26,33.2,34.2,33.2,33.4
2014/08/27,33.4,33.6,33.1,33.1
2014/08/28,33.1,35.4,33.1,35.4
2014/08/29,35.6,37.7,35.6,37.6
2014/09/01,38.6,38.6,37.0,37.6
2014/09/02,37.4,37.4,36.2,36.9
2014/09/03,36.9,37.8,35.9,35.9
2014/09/04,35.7,35.9,35.0,35.6
2014/09/05,35.6,36.7,35.4,36.2
2014/09/09,36.4,37.1,36.3,36.3
2014/09/10,36.4,37.1,36.3,36.4
2014/09/11,36.4,36.4,35.2,35.2
2014/09/12,35.1,35.8,34.8,34.9
2014/09/15,34.7,35.4,34.6,34.8
2014/09/16,34.9,35.1,34.4,34.4
2014/09/17,34.7,35.2,34.7,34.7
2014/09/18,35.0,37.1,35.0,37.1
2014/09/19,37.6,37.8,36.2,36.6
2014/09/22,36.5,37.1,36.3,36.8
2014/09/23,36.8,38.0,36.8,37.3
2014/09/24,37.5,37.8,36.9,37.0
2014/09/25,37.4,37.4,35.3,35.6
2014/09/26,35.4,36.1,35.1,35.6
2014/09/29,35.6,37.2,35.4,37.2
2014/09/30,37.2,38.3,36.7,38.3
2014/10/01,38.3,39.5,35.7,35.7
2014/10/02,35.2,35.6,33.6,34.9
2014/10/03,35.1,35.7,34.7,35.0
2014/10/06,35.6,35.6,33.9,34.0
2014/10/07,34.7,35.3,34.4,34.7
2014/10/08,34.7,35.3,34.1,34.2
2014/10/09,34.9,35.1,34.2,34.5
2014/10/13,33.3,33.8,32.7,32.8
2014/10/14,32.8,33.7,32.8,33.4
2014/10/15,33.6,33.9,33.1,33.1
2014/10/16,32.7,33.0,30.8,32.4
2014/10/17,32.5,32.9,30.8,30.9
2014/10/20,32.4,32.4,31.7,32.2
2014/10/21,32.4,32.7,32.2,32.6
2014/10/22,33.0,33.2,32.5,32.6
2014/10/23,32.6,32.8,32.0,32.1
2014/10/24,32.8,32.8,31.8,32.2
2014/10/27,32.7,32.7,30.6,30.6
2014/10/28,30.9,31.4,30.9,31.4
2014/10/29,31.7,32.3,31.7,32.0
2014/10/30,32.2,32.3,31.8,31.9
2014/10/31,32.1,32.3,31.9,32.1
2014/11/03,32.4,33.0,32.2,32.7
2014/11/04,32.8,33.0,32.2,32.7
2014/11/05,32.8,32.8,32.4,32.4
2014/11/06,32.4,32.6,31.7,32.2
2014/11/07,32.7,33.2,32.7,32.8
2014/11/10,33.3,33.3,32.3,32.6
2014/11/11,32.8,32.9,32.3,32.4
2014/11/12,32.6,32.7,32.0,32.2
2014/11/13,32.7,32.9,32.2,32.6
2014/11/14,32.8,32.8,32.6,32.8
2014/11/17,33.4,33.4,32.0,32.1
2014/11/18,32.3,32.4,30.7,31.1
2014/11/19,31.4,31.7,31.0,31.7
2014/11/20,31.9,31.9,31.5,31.6
2014/11/21,31.6,32.1,31.3,31.8
2014/11/24,32.1,32.4,31.4,31.9
2014/11/25,31.9,31.9,31.6,31.7
2014/11/26,31.9,32.0,31.5,31.8
2014/11/27,31.8,31.9,31.1,31.6
2014/11/28,31.6,31.6,30.5,31.0
2014/12/01,30.1,31.5,30.0,30.8
2014/12/02,30.8,31.3,30.8,31.2
2014/12/03,31.4,31.8,31.1,31.7
2014/12/04,31.7,32.0,31.0,31.4
2014/12/05,31.4,31.8,31.4,31.7
2014/12/08,31.9,32.0,31.4,31.4
2014/12/09,31.2,31.6,31.2,31.3
2014/12/10,31.3,31.6,31.2,31.2
2014/12/11,31.0,31.2,30.9,30.9
2014/12/12,30.9,31.2,30.9,30.9
2014/12/15,30.6,30.8,30.6,30.7
2014/12/16,30.7,31.0,30.7,30.8
2014/12/17,30.6,30.8,30.0,30.6
2014/12/18,30.6,30.8,30.4,30.6
2014/12/19,30.9,30.9,30.3,30.4
2014/12/22,30.6,30.7,30.3,30.6
2014/12/23,30.7,30.8,30.7,30.7
2014/12/24,30.6,31.8,30.6,31.4
2014/12/25,31.5,31.8,31.3,31.5
2014/12/26,31.4,31.6,31.3,31.4
2014/12/29,31.6,31.6,31.3,31.4
2014/12/30,31.5,31.6,31.1,31.1
2014/12/31,31.1,31.8,31.0,31.7
2015/01/05,32.2,32.2,31.8,32.0
2015/01/06,31.9,31.9,31.3,31.3
2015/01/07,31.2,31.3,31.1,31.2
2015/01/08,31.2,31.5,31.2,31.2
2015/01/09,31.7,31.9,31.3,31.3
2015/01/12,31.4,31.6,31.2,31.3
2015/01/13,31.3,31.4,31.1,31.1
2015/01/14,31.2,31.3,30.9,31.0
2015/01/15,31.0,31.1,30.6,30.9
2015/01/16,31.0,31.2,30.8,30.8
2015/01/19,30.9,31.1,30.5,30.6
2015/01/20,30.6,31.1,30.6,31.0
2015/01/21,31.0,31.1,30.7,30.7
2015/01/22,30.7,30.9,30.7,30.9
2015/01/23,31.1,31.8,31.0,31.6
2015/01/26,31.6,31.9,31.6,31.8
2015/01/27,32.0,32.1,31.8,31.8
2015/01/28,31.8,31.9,31.6,31.7
2015/01/29,31.5,31.6,31.2,31.2
2015/01/30,31.2,31.3,30.9,31.1
2015/02/02,30.9,31.2,30.9,31.0
2015/02/03,31.1,31.3,31.0,31.1
2015/02/04,31.3,31.5,31.1,31.1
2015/02/05,31.3,31.7,31.2,31.5
2015/02/06,31.7,31.7,31.2,31.3
2015/02/09,31.3,31.3,31.2,31.2
2015/02/10,31.2,31.3,30.9,30.9
2015/02/11,31.1,31.1,30.9,30.9
2015/02/12,30.9,31.2,30.7,30.7
2015/02/13,30.8,30.9,30.8,30.8
2015/02/24,31.1,31.3,31.0,31.2
2015/02/25,31.2,31.4,31.1,31.2
2015/02/26,31.2,33.1,31.1,32.7
2015/03/02,33.1,33.1,32.3,32.4
2015/03/03,32.6,32.6,32.0,32.0
2015/03/04,32.0,32.6,31.8,32.3
2015/03/05,32.3,32.4,32.1,32.2
2015/03/06,32.4,32.6,32.3,32.3
2015/03/09,32.2,32.2,31.9,32.0
2015/03/10,32.2,34.2,32.0,33.5
2015/03/11,33.2,33.5,32.6,33.2
2015/03/12,33.2,33.7,33.2,33.2
2015/03/13,33.3,34.1,33.3,33.7
2015/03/16,33.9,34.1,33.7,33.7
2015/03/17,34.6,34.8,34.1,34.3
2015/03/18,34.6,35.7,34.5,35.3
2015/03/19,36.4,36.4,35.1,35.2
2015/03/20,35.4,35.4,34.9,35.0
2015/03/23,35.3,36.2,35.3,35.6
2015/03/24,35.8,35.8,35.1,35.4
2015/03/25,35.6,36.4,35.6,35.9
2015/03/26,35.9,37.2,35.6,36.4
2015/03/27,37.1,37.4,35.8,36.4
2015/03/30,37.0,37.3,35.1,35.5
2015/03/31,35.8,35.9,35.4,35.6
2015/04/01,34.6,35.5,34.6,35.0
2015/04/02,35.2,35.9,35.1,35.3
2015/04/07,35.4,35.7,34.8,35.4
2015/04/08,35.4,35.9,35.1,35.8
2015/04/09,36.1,36.3,35.6,35.6
2015/04/10,36.2,37.3,36.1,36.6
2015/04/13,36.7,37.6,35.9,36.6
2015/04/14,36.4,37.2,36.3,36.6
2015/04/15,37.1,37.9,36.7,36.9
2015/04/16,36.9,37.0,36.1,36.3
2015/04/17,36.2,36.2,35.3,35.3
2015/04/20,34.6,35.1,33.8,34.4
2015/04/21,34.4,34.8,33.3,33.6
2015/04/22,33.6,35.0,33.6,34.9
2015/04/23,35.3,35.4,34.2,34.3
2015/04/24,34.9,34.9,34.2,34.2
2015/04/27,34.3,35.1,34.3,34.3
2015/04/28,34.8,34.8,34.2,34.3
2015/04/29,34.6,34.6,32.7,32.8
2015/04/30,32.9,33.1,31.9,32.4
2015/05/04,32.4,32.6,31.6,31.9
2015/05/05,31.9,32.4,31.8,32.3
2015/05/06,32.3,33.1,31.9,33.1
2015/05/07,33.2,33.2,32.3,32.4
2015/05/08,32.2,32.2,31.1,31.1
2015/05/11,31.1,31.5,29.5,31.0
2015/05/12,31.0,31.4,30.6,31.1
2015/05/13,30.9,31.2,30.8,30.9
2015/05/14,30.8,31.0,29.8,30.0
2015/05/15,30.0,30.6,29.8,30.2
2015/05/18,30.2,30.4,29.1,29.6
2015/05/19,29.4,30.9,29.3,30.8
2015/05/20,30.6,30.9,30.3,30.7
2015/05/21,30.3,30.3,29.6,29.7
2015/05/22,29.8,30.0,29.4,29.5
2015/05/25,29.6,29.8,29.2,29.4
2015/05/26,29.2,29.6,29.2,29.3
2015/05/27,29.2,29.3,28.5,28.7
2015/05/28,28.8,29.0,28.7,28.8
2015/05/29,29.0,29.0,28.4,28.7
2015/06/01,28.6,28.6,27.1,27.3
2015/06/02,27.3,28.1,27.3,27.6
2015/06/03,27.7,28.8,27.6,27.8
2015/06/04,27.9,28.2,27.4,27.6
2015/06/05,27.6,28.1,27.3,27.7
2015/06/08,27.7,27.7,26.9,27.4
2015/06/09,27.2,27.2,25.1,25.2
2015/06/10,25.3,26.0,25.3,25.6
2015/06/11,25.8,26.6,25.7,26.5
2015/06/12,26.4,27.1,26.1,27.1
2015/06/15,27.1,27.2,26.9,26.9
2015/06/16,26.9,27.0,26.6,26.7
2015/06/17,26.7,27.1,26.4,26.7
2015/06/18,26.7,27.1,26.6,27.1
2015/06/22,27.2,27.9,27.2,27.8
2015/06/23,28.1,28.8,28.0,28.7
2015/06/24,28.7,29.3,28.6,28.7
2015/06/25,28.9,29.1,28.6,28.8
2015/06/26,28.8,28.9,28.3,28.7
2015/06/29,28.3,28.3,27.2,27.7
2015/06/30,27.9,28.7,27.9,28.7
2015/07/01,28.9,29.1,28.6,29.1
2015/07/02,29.3,29.3,28.7,28.7
2015/07/03,28.7,29.2,28.4,28.8
2015/07/06,28.5,28.7,27.9,28.0
2015/07/07,28.2,28.3,27.7,27.7
2015/07/08,27.3,27.3,25.8,26.2
2015/07/09,25.6,25.8,24.4,25.7
2015/07/13,26.0,26.4,26.0,26.3
2015/07/14,26.6,26.7,26.4,26.4
2015/07/15,26.6,27.1,26.4,26.8
2015/07/16,26.8,27.6,26.7,27.1
2015/07/17,27.1,27.5,27.1,27.1
2015/07/20,27.2,27.2,26.4,26.4
2015/07/21,26.7,26.7,25.7,25.9
2015/07/22,25.8,26.2,25.8,26.0
2015/07/23,25.9,26.3,25.2,25.3
2015/07/24,25.4,25.7,25.1,25.2
2015/07/27,24.5,25.2,22.7,22.7
2015/07/28,22.2,23.1,22.2,22.4
2015/07/29,22.9,24.7,22.6,24.6
2015/07/30,23.4,24.3,23.4,23.7
2015/07/31,23.8,23.8,22.7,22.9
2015/08/03,22.9,23.0,22.4,22.9
2015/08/04,22.9,23.3,22.3,22.3
2015/08/05,22.3,23.3,22.3,23.3
2015/08/06,23.5,23.5,23.0,23.2
2015/08/07,22.8,23.6,22.8,23.5
2015/08/10,24.3,25.8,24.2,25.8
2015/08/11,26.3,26.8,25.8,25.8
2015/08/12,26.1,26.1,24.7,25.6
2015/08/13,25.8,26.4,25.6,26.3
2015/08/14,26.3,26.4,25.7,25.8
2015/08/17,26.1,26.4,25.8,26.1
2015/08/18,26.3,26.3,25.9,26.0
2015/08/19,25.9,26.1,25.1,25.3
2015/08/20,25.1,25.4,24.7,25.0
2015/08/21,24.6,24.6,23.6,23.7
2015/08/24,22.9,23.1,21.3,21.7
2015/08/25,20.2,21.9,20.2,21.9
2015/08/26,21.9,22.8,21.1,22.4
2015/08/27,22.8,23.6,22.7,23.3
2015/08/28,23.3,23.8,23.1,23.3
2015/08/31,23.4,23.9,23.1,23.8
2015/09/01,23.4,24.0,23.4,23.8
2015/09/02,23.2,24.1,23.2,24.1
2015/09/03,24.1,25.1,23.9,24.7
2015/09/04,24.8,25.4,24.2,24.3
2015/09/07,24.3,24.9,24.2,24.9
2015/09/08,25.4,26.9,25.1,26.3
2015/09/09,26.8,27.2,26.5,26.7
2015/09/10,26.7,26.8,26.2,26.4
2015/09/11,26.6,27.7,26.6,27.1
2015/09/14,27.6,27.7,27.0,27.2
2015/09/15,27.6,27.6,26.5,26.6
2015/09/16,26.9,27.4,26.8,27.1
2015/09/17,27.3,27.6,27.0,27.2
2015/09/18,27.4,28.2,27.1,27.7
2015/09/21,28.0,29.5,28.0,28.4
2015/09/22,28.6,29.0,28.6,28.9
2015/09/23,28.9,29.8,28.2,28.5
2015/09/24,29.1,29.6,28.3,29.1
2015/09/25,29.1,29.4,28.5,29.0
2015/09/30,28.7,28.9,27.9,28.1
2015/10/01,28.5,28.9,28.4,28.7
2015/10/02,28.9,28.9,28.6,28.9
2015/10/05,29.0,29.3,28.7,29.1
2015/10/06,29.4,30.8,29.4,29.8
2015/10/07,30.1,30.2,29.6,29.8
2015/10/08,30.2,30.2,28.4,28.6
2015/10/12,29.3,29.4,28.8,28.9
2015/10/13,28.9,29.3,28.8,29.2
2015/10/14,29.3,29.3,28.9,29.0
2015/10/15,28.9,29.2,28.7,28.9
2015/10/16,29.0,29.2,27.7,28.1
2015/10/19,28.2,28.3,27.9,28.2
2015/10/20,28.4,29.3,28.4,29.2
2015/10/21,29.4,29.6,28.9,29.3
2015/10/22,29.7,30.0,29.6,29.6
2015/10/23,30.0,30.0,29.6,29.7
2015/10/26,29.9,30.5,29.9,30.2
2015/10/27,30.1,30.2,29.6,29.7
2015/10/28,29.9,30.2,29.8,30.0
2015/10/29,30.1,30.2,29.9,30.1
2015/10/30,30.1,30.2,29.2,29.4
2015/11/02,29.6,31.2,29.4,30.7
2015/11/03,31.4,32.1,30.9,30.9
2015/11/04,31.0,31.1,30.2,30.3
2015/11/05,30.2,30.8,30.2,30.5
2015/11/06,30.8,30.8,30.1,30.3
2015/11/09,30.3,30.3,28.6,28.8
2015/11/10,28.4,29.4,28.0,29.2
2015/11/11,29.4,29.6,28.5,28.7
2015/11/12,28.6,29.1,27.9,28.2
2015/11/13,27.8,28.3,27.8,27.9
2015/11/16,27.3,27.6,26.8,27.5
2015/11/17,28.1,28.5,27.9,28.1
2015/11/18,28.4,28.4,27.6,27.7
2015/11/19,28.0,28.2,27.7,28.0
2015/11/20,28.1,28.1,27.4,27.4
2015/11/23,27.8,28.1,27.3,27.8
2015/11/24,27.9,28.1,27.1,27.3
2015/11/25,27.3,27.3,26.2,26.4
2015/11/26,26.7,27.2,26.7,26.8
2015/11/27,26.9,27.1,26.0,26.2
2015/11/30,26.1,26.3,25.8,26.3
2015/12/01,26.6,26.9,26.6,26.9
2015/12/02,27.1,27.2,26.9,27.0
2015/12/03,26.9,27.1,26.8,26.9
2015/12/04,26.7,26.9,26.6,26.8
2015/12/07,26.9,27.3,26.4,27.2
2015/12/08,27.2,27.2,26.6,26.7
2015/12/09,26.6,26.7,25.8,25.9
2015/12/10,25.6,26.3,25.6,26.1
2015/12/11,26.3,26.4,25.6,25.6
2015/12/14,25.6,25.6,25.2,25.2
2015/12/15,25.2,25.4,25.1,25.2
2015/12/16,25.4,25.6,25.3,25.4
2015/12/17,25.7,26.0,25.6,25.8
2015/12/18,25.8,26.2,25.6,26.1
2015/12/21,25.8,26.6,25.6,26.4
2015/12/22,26.7,26.7,26.1,26.1
2015/12/23,26.1,26.3,25.9,25.9
2015/12/24,25.9,26.2,25.8,25.8
2015/12/25,26.0,26.0,25.7,25.8
2015/12/28,25.8,26.0,25.5,25.9
2015/12/29,25.7,25.9,25.6,25.7
2015/12/30,25.8,25.9,25.6,25.6
2015/12/31,25.6,25.7,25.4,25.6
2016/01/05,25.6,25.7,25.5,25.6
2016/01/06,25.6,25.7,25.3,25.3
2016/01/07,25.3,25.3,23.4,24.1
2016/01/08,24.1,24.9,24.1,24.9
2016/01/11,24.9,24.9,23.6,23.6
2016/01/12,23.9,23.9,23.6,23.6
2016/01/13,23.7,24.1,23.4,23.4
2016/01/14,23.0,23.2,22.8,22.8
2016/01/15,23.1,23.3,23.0,23.1
2016/01/18,22.2,23.8,22.2,23.7
2016/01/19,23.7,23.7,23.1,23.6
2016/01/20,23.6,23.7,22.8,22.8
2016/01/21,23.0,23.1,22.7,22.7
2016/01/22,23.0,23.0,22.3,22.7
2016/01/25,22.8,23.1,22.6,23.1
2016/01/26,22.8,23.0,22.6,22.8
2016/01/27,23.4,24.7,23.3,23.9
2016/01/28,23.8,24.3,23.6,23.7
2016/01/29,23.9,24.2,23.7,23.9
2016/02/01,25.2,25.2,24.4,24.7
2016/02/02,24.4,24.6,24.2,24.4
2016/02/03,24.1,24.3,24.1,24.2
2016/02/15,23.6,23.9,23.4,23.6
2016/02/16,23.8,24.2,23.8,24.2
2016/02/17,24.3,24.3,23.9,24.0
2016/02/18,24.1,24.4,24.1,24.4
2016/02/19,24.4,24.8,24.3,24.6
2016/02/22,24.6,24.8,24.3,24.6
2016/02/23,24.8,25.2,24.7,25.1
2016/02/24,25.1,25.4,24.7,24.9
2016/02/25,24.9,25.2,24.9,25.1
2016/02/26,25.1,25.4,24.8,25.4
2016/03/01,25.2,26.1,25.2,25.9
2016/03/02,26.1,26.6,26.0,26.1
2016/03/03,26.1,26.3,25.3,25.7
2016/03/04,25.7,26.2,25.7,26.0
2016/03/07,26.3,26.4,25.9,25.9
2016/03/08,26.1,26.1,25.4,25.7
2016/03/09,25.8,26.0,25.7,25.9
2016/03/10,26.5,26.5,26.2,26.3
2016/03/11,26.3,27.1,26.3,26.8
2016/03/14,27.0,27.2,26.8,27.2
2016/03/15,28.8,29.1,27.2,27.2
2016/03/16,27.3,27.7,27.1,27.3
2016/03/17,27.3,27.4,26.4,26.6
2016/03/18,26.5,26.9,26.4,26.9
2016/03/21,26.9,26.9,26.4,26.7
2016/03/22,26.7,26.7,26.2,26.3
2016/03/23,26.3,26.4,25.8,25.8
2016/03/24,25.8,26.2,25.7,25.9
2016/03/25,25.9,26.3,25.7,25.9
2016/03/28,25.9,26.0,25.6,26.0
2016/03/29,25.9,26.1,25.4,25.5
2016/03/30,25.6,26.0,25.6,25.9
2016/03/31,25.9,26.1,25.7,25.8
2016/04/01,25.7,25.8,25.4,25.6
2016/04/06,25.4,25.7,25.2,25.6
2016/04/07,25.4,25.8,25.2,25.2
2016/04/08,25.2,25.4,25.2,25.3
2016/04/11,25.3,25.3,24.7,24.7
2016/04/12,24.7,24.9,24.2,24.3
2016/04/13,24.3,24.6,24.2,24.4
2016/04/14,24.4,24.8,24.2,24.4
2016/04/15,24.3,24.7,24.2,24.7
2016/04/18,24.8,24.8,24.4,24.7
2016/04/19,24.7,24.9,24.6,24.8
2016/04/20,24.8,25.3,24.7,24.9
2016/04/21,25.0,25.1,24.8,24.9
2016/04/22,25.0,25.0,24.4,24.4
2016/04/25,24.7,24.7,24.1,24.4
2016/04/26,24.4,24.4,24.3,24.4
2016/04/27,24.2,24.4,24.1,24.4
2016/04/28,24.2,24.2,23.9,23.9
2016/04/29,23.7,24.0,23.5,24.0
2016/05/03,24.0,24.0,23.4,23.7
2016/05/04,23.7,23.7,23.1,23.1
2016/05/05,23.2,23.2,22.5,22.9
2016/05/06,22.9,22.9,22.6,22.6
2016/05/09,22.6,22.7,22.3,22.3
2016/05/10,22.3,22.8,22.1,22.4
2016/05/11,22.5,22.6,22.3,22.3
2016/05/12,22.3,22.4,22.1,22.1
2016/05/13,22.1,22.1,21.4,21.8
2016/05/16,21.8,22.1,21.5,21.7
2016/05/17,21.7,22.6,21.7,22.4
2016/05/18,22.5,22.8,22.2,22.4
2016/05/19,22.4,22.4,22.1,22.1
2016/05/20,22.2,22.3,21.9,22.0
2016/05/23,22.0,22.8,22.0,22.4
2016/05/24,22.6,22.8,22.5,22.6
2016/05/25,22.8,23.5,22.7,23.0
2016/05/26,23.0,23.3,22.9,23.0
2016/05/27,23.0,23.2,22.7,22.8
2016/05/30,22.7,23.3,22.7,23.2
2016/05/31,23.2,23.8,23.1,23.8
2016/06/01,23.7,23.9,23.6,23.6
2016/06/02,23.7,23.7,23.2,23.2
2016/06/03,23.2,23.4,23.1,23.2
2016/06/06,23.2,23.3,23.1,23.2
2016/06/07,23.3,23.4,23.3,23.3
2016/06/08,23.3,23.3,23.1,23.1
2016/06/13,23.0,23.0,22.5,22.5
2016/06/14,22.8,22.8,22.6,22.6
2016/06/15,22.6,22.8,22.6,22.6
2016/06/16,22.6,22.7,22.4,22.6
2016/06/17,22.6,22.9,22.6,22.6
2016/06/20,22.6,23.0,22.6,22.9
2016/06/21,23.4,23.4,22.9,23.0
2016/06/22,23.2,23.2,22.9,23.1
2016/06/23,23.1,23.2,23.1,23.1
2016/06/24,23.1,23.2,22.4,22.6
2016/06/27,22.8,22.9,22.4,22.7
2016/06/28,22.7,22.9,22.7,22.8
2016/06/29,22.9,23.6,22.9,23.4
2016/06/30,23.5,23.7,23.3,23.5
2016/07/01,23.6,23.6,23.3,23.3
2016/07/04,23.3,23.7,23.3,23.6
2016/07/05,23.6,23.8,23.4,23.6
2016/07/06,23.6,23.6,23.3,23.5
2016/07/07,23.4,23.8,23.4,23.5
2016/07/11,23.9,24.8,23.9,24.6
2016/07/12,24.6,24.8,24.4,24.5
2016/07/13,24.6,24.8,24.3,24.3
2016/07/14,24.3,24.4,24.3,24.4
2016/07/15,24.6,24.7,24.3,24.3
2016/07/18,24.3,24.6,24.3,24.4
2016/07/19,24.4,24.7,24.4,24.7
2016/07/20,24.7,25.4,24.7,24.8
2016/07/21,24.8,25.1,24.8,24.9
2016/07/22,24.9,25.3,24.9,25.0
2016/07/25,25.3,25.6,25.1,25.2
2016/07/26,25.2,25.3,24.9,25.0
2016/07/27,25.2,25.2,25.0,25.1
2016/07/28,25.1,25.1,24.8,24.9
2016/07/29,24.8,25.2,24.8,25.1
2016/08/01,25.2,25.7,25.2,25.3
2016/08/02,25.4,25.4,25.2,25.3
2016/08/03,25.1,25.3,25.1,25.2
2016/08/04,23.8,24.1,23.8,23.9
2016/08/05,23.9,24.0,23.8,23.8
2016/08/08,23.8,24.2,23.8,23.8
2016/08/09,23.8,23.8,23.4,23.5
2016/08/10,23.5,23.7,23.4,23.4
2016/08/11,23.3,23.4,22.7,22.8
2016/08/12,22.7,23.2,22.7,22.9
2016/08/15,22.8,22.8,22.4,22.4
2016/08/16,22.4,22.8,22.2,22.2
2016/08/17,22.3,22.3,21.9,22.1
2016/08/18,22.2,22.5,22.2,22.4
2016/08/19,22.6,22.6,22.4,22.4
2016/08/22,22.4,22.6,22.2,22.3
2016/08/23,22.6,22.6,22.2,22.3
2016/08/24,22.3,22.3,22.2,22.3
2016/08/25,22.4,22.8,22.4,22.7
2016/08/26,22.7,22.9,22.6,22.6
2016/08/29,22.6,22.6,22.3,22.4
2016/08/30,22.4,22.6,22.2,22.4
2016/08/31,22.4,22.6,22.3,22.5
2016/09/01,22.6,22.6,22.2,22.3
2016/09/02,22.3,22.4,22.0,22.1
2016/09/05,22.1,22.2,21.9,22.1
2016/09/06,22.1,23.1,22.1,23.1
2016/09/07,23.2,23.2,22.8,22.9
2016/09/08,22.9,22.9,22.6,22.8
2016/09/09,22.8,23.2,22.6,23.2
2016/09/12,22.8,22.8,22.3,22.3
2016/09/13,22.6,22.6,22.1,22.1
2016/09/14,22.1,22.3,22.1,22.1
2016/09/19,22.2,22.8,22.2,22.5
2016/09/20,22.5,22.7,22.5,22.7
2016/09/21,22.7,22.8,22.6,22.7
2016/09/22,22.7,22.8,22.6,22.7
2016/09/23,22.9,23.2,22.8,22.9
2016/09/26,22.9,22.9,22.7,22.7
2016/09/29,22.9,22.9,22.5,22.5
2016/09/30,22.4,22.6,22.4,22.4
2016/10/03,22.5,22.5,22.3,22.4
2016/10/04,22.4,22.6,22.4,22.5
2016/10/05,22.5,22.6,22.3,22.4
2016/10/06,22.5,22.5,22.4,22.5
2016/10/07,22.4,22.6,22.3,22.3
2016/10/11,22.6,22.7,22.2,22.3
2016/10/12,22.2,22.6,22.2,22.3
2016/10/13,22.3,22.3,22.2,22.2
2016/10/14,22.2,22.3,22.1,22.1
2016/10/17,22.1,22.1,21.9,22.1
2016/10/18,22.1,22.2,22.0,22.0
2016/10/19,22.1,22.2,22.0,22.0
2016/10/20,22.2,22.2,22.0,22.1
2016/10/21,22.1,22.4,22.1,22.3
2016/10/24,22.3,22.3,22.1,22.1
2016/10/25,22.2,22.3,22.1,22.2
2016/10/26,22.3,22.8,22.3,22.5
2016/10/27,22.7,22.8,22.7,22.7
2016/10/28,22.8,22.8,22.6,22.6
2016/10/31,22.5,22.5,21.7,22.1
2016/11/01,22.1,22.3,22.1,22.3
2016/11/02,22.1,22.1,21.6,21.9
2016/11/03,21.9,22.0,21.7,21.7
2016/11/04,21.7,21.7,21.6,21.6
2016/11/07,21.7,22.0,21.7,21.9
2016/11/08,21.9,21.9,21.5,21.7
2016/11/09,21.9,21.9,20.9,21.1
2016/11/10,21.3,21.7,21.3,21.6
2016/11/11,21.6,21.6,21.2,21.2
2016/11/14,21.1,21.3,20.8,21.0
2016/11/15,21.1,21.3,20.9,20.9
2016/11/16,20.9,21.3,20.9,21.2
2016/11/17,21.2,21.2,21.1,21.1
2016/11/18,21.1,21.2,20.9,21.2
2016/11/21,21.2,21.3,21.1,21.2
2016/11/22,21.2,21.5,21.2,21.3
2016/11/23,21.4,21.6,21.4,21.5
2016/11/24,21.6,21.7,21.4,21.5
2016/11/25,21.6,21.7,21.4,21.4
2016/11/28,21.4,21.6,21.2,21.2
2016/11/29,21.3,21.3,21.2,21.2
2016/11/30,21.3,21.6,21.3,21.4
2016/12/01,21.6,21.7,21.4,21.7
2016/12/02,21.7,21.8,21.7,21.7
2016/12/05,21.7,21.8,21.7,21.8
2016/12/06,21.9,21.9,21.7,21.8
2016/12/07,21.8,22.0,21.8,21.8
2016/12/08,22.1,22.5,21.9,22.4
2016/12/09,22.4,22.5,22.1,22.3
2016/12/12,22.3,22.6,22.3,22.3
2016/12/13,22.5,22.5,22.2,22.2
2016/12/14,22.3,22.4,22.1,22.3
2016/12/15,22.3,22.3,22.0,22.1
2016/12/16,22.1,22.3,22.1,22.1
2016/12/19,22.1,22.2,21.9,21.9
2016/12/20,21.9,22.1,21.8,21.8
2016/12/21,21.8,22.1,21.8,21.8
2016/12/22,21.8,22.0,21.6,21.7
2016/12/23,21.6,21.8,21.6,21.6
2016/12/26,21.7,21.7,21.4,21.4
2016/12/27,21.4,21.6,21.3,21.4
2016/12/28,21.4,21.7,21.4,21.6
2016/12/29,21.7,21.7,21.6,21.7
2016/12/30,21.8,21.8,21.6,21.8
2017/01/03,21.9,22.2,21.7,21.9
2017/01/04,22.1,22.4,22.0,22.3
2017/01/05,22.4,22.5,22.3,22.4
2017/01/06,22.6,22.6,22.2,22.4
2017/01/09,22.4,22.7,22.3,22.3
2017/01/10,22.4,22.5,22.2,22.3
2017/01/11,22.4,22.4,22.2,22.3
2017/01/12,22.3,22.6,22.3,22.4
2017/01/13,22.4,22.6,22.3,22.6
2017/01/16,22.6,22.6,22.2,22.2
2017/01/17,22.1,22.4,22.1,22.3
2017/01/18,22.4,22.4,22.3,22.4
2017/01/19,22.4,22.5,22.3,22.3
2017/01/20,22.4,22.4,22.3,22.3
2017/01/23,22.3,22.4,22.2,22.3
2017/01/24,22.4,22.4,22.2,22.2
2017/02/02,22.2,22.3,22.0,22.1
2017/02/03,22.2,22.4,22.2,22.3
2017/02/06,22.3,22.6,22.3,22.4
2017/02/07,22.4,22.6,22.3,22.5
2017/02/08,22.5,23.6,22.5,23.3
2017/02/09,23.4,23.8,23.2,23.3
2017/02/10,23.2,23.6,23.1,23.2
2017/02/13,23.2,23.6,23.2,23.4
2017/02/14,23.7,23.7,23.3,23.3
2017/02/15,23.6,23.6,23.4,23.6
2017/02/16,23.7,24.4,23.6,23.9
2017/02/17,24.0,24.1,23.8,24.1
2017/02/20,24.8,25.2,24.6,25.1
2017/02/21,25.1,25.2,24.6,24.7
2017/02/22,24.7,24.9,24.4,24.6
2017/02/23,24.6,24.9,24.6,24.9
2017/02/24,24.8,24.8,23.9,24.2
2017/03/01,24.2,25.2,24.2,24.9
2017/03/02,25.3,25.7,24.9,25.1
2017/03/03,25.1,25.5,25.1,25.2
2017/03/06,25.5,25.6,24.9,25.2
2017/03/07,25.3,25.4,25.1,25.3
2017/03/08,25.6,26.1,25.4,25.8
2017/03/09,26.0,26.0,25.5,25.6
2017/03/10,25.7,25.8,25.2,25.7
2017/03/13,26.0,26.1,25.6,25.8
2017/03/14,25.9,26.3,25.8,26.2
2017/03/15,26.5,27.2,26.3,27.1
2017/03/16,27.7,27.8,27.1,27.2
2017/03/17,27.2,27.8,27.1,27.8
2017/03/20,28.1,29.1,27.9,29.1
2017/03/21,29.3,29.7,28.6,28.9
2017/03/22,28.9,30.0,28.1,30.0
2017/03/23,30.4,31.1,29.7,30.4
2017/03/24,30.2,30.6,29.8,30.6
2017/03/27,30.6,30.6,28.9,29.3
2017/03/28,29.7,30.0,29.1,29.7
2017/03/29,29.7,30.3,29.7,30.0
2017/03/30,30.1,30.3,29.8,30.0
2017/03/31,30.2,30.3,29.9,30.1
2017/04/05,30.3,30.4,30.0,30.2
2017/04/06,30.3,32.4,30.3,31.4
2017/04/07,31.9,32.7,31.3,32.1
2017/04/10,32.2,32.3,31.4,31.4
2017/04/11,32.1,32.1,31.4,31.6
2017/04/12,32.1,32.4,31.7,32.2
2017/04/13,32.4,33.1,29.0,29.0
2017/04/14,29.4,30.1,27.3,27.8
2017/04/17,28.8,29.4,27.9,29.2
2017/04/18,29.4,30.9,28.9,30.9
2017/04/19,31.2,31.9,30.6,31.1
2017/04/20,31.1,31.6,29.7,29.9
2017/04/21,30.4,31.3,30.1,31.0
2017/04/24,31.7,32.4,31.1,31.1
2017/04/25,30.6,30.9,28.3,29.8
2017/04/26,30.1,30.3,29.4,29.8
2017/04/27,29.7,30.3,29.6,30.2
2017/04/28,30.3,30.7,29.7,29.7
2017/05/02,29.7,29.9,28.9,29.4
2017/05/03,29.8,29.9,29.5,29.5
2017/05/04,29.7,30.9,29.7,30.8
2017/05/05,31.3,31.3,29.8,29.8
2017/05/08,29.6,29.6,28.9,28.9
2017/05/09,28.9,29.1,27.8,28.7
2017/05/10,28.7,29.6,28.4,29.6
2017/05/11,29.6,29.9,29.3,29.3
2017/05/12,29.4,29.9,29.1,29.7
2017/05/15,29.4,29.9,28.9,29.0
2017/05/16,29.3,29.8,29.1,29.6
2017/05/17,29.6,30.1,28.9,29.1
2017/05/18,28.6,28.9,28.3,28.6
2017/05/19,28.6,28.9,28.4,28.4
2017/05/22,28.4,28.7,28.4,28.4
2017/05/23,28.4,28.7,28.4,28.4
2017/05/24,28.3,28.6,28.3,28.4
2017/05/25,28.4,28.5,27.8,28.0
2017/05/26,27.9,27.9,27.4,27.6
2017/05/31,27.4,27.6,26.9,26.9
2017/06/01,26.9,27.3,26.8,27.1
2017/06/02,27.4,27.6,27.1,27.5
2017/06/05,27.8,27.8,27.0,27.2
2017/06/06,27.3,27.6,27.2,27.4
2017/06/07,27.1,27.3,27.1,27.2
2017/06/08,27.2,27.3,27.1,27.2
2017/06/09,27.3,27.3,26.8,26.8
2017/06/12,26.7,26.7,25.9,26.0
2017/06/13,26.1,26.3,26.0,26.1
2017/06/14,26.2,26.3,25.5,25.6
2017/06/15,25.7,25.9,25.6,25.9
2017/06/16,25.9,26.5,25.9,26.2
2017/06/19,26.2,26.4,26.2,26.2
2017/06/20,26.3,26.3,25.8,25.9
2017/06/21,25.9,26.1,25.7,25.9
2017/06/22,25.9,26.9,25.9,26.7
2017/06/23,27.3,27.3,26.8,26.8
2017/06/26,26.8,26.8,26.3,26.4
2017/06/27,26.4,26.9,26.3,26.6
2017/06/28,26.7,26.8,26.3,26.4
2017/06/29,26.4,27.3,26.4,27.3
2017/06/30,27.3,27.6,27.1,27.5
2017/07/03,27.4,27.7,27.3,27.4
2017/07/04,27.7,28.4,27.4,27.8
2017/07/05,28.3,28.3,27.8,27.8
2017/07/06,27.8,27.9,27.7,27.7
2017/07/07,27.7,27.7,27.2,27.2
2017/07/10,27.2,27.3,26.7,26.8
2017/07/11,26.4,27.6,26.4,27.4
2017/07/12,27.8,27.8,27.1,27.3
2017/07/13,27.3,27.5,27.3,27.5
2017/07/14,27.6,27.7,27.3,27.3
2017/07/17,27.4,27.4,26.9,26.9
2017/07/18,27.0,27.1,26.8,26.8
2017/07/19,26.8,26.8,26.6,26.7
2017/07/20,26.7,26.8,26.4,26.7
2017/07/21,26.9,26.9,26.4,26.5
2017/07/24,26.5,26.5,25.8,25.9
2017/07/25,26.1,26.1,25.8,25.8
2017/07/26,25.9,26.3,25.9,25.9
2017/07/27,26.0,26.4,25.9,26.4
2017/07/28,26.4,26.4,26.1,26.2
2017/07/31,26.3,26.3,25.7,26.0
2017/08/01,26.0,26.1,25.9,26.0
2017/08/02,26.1,26.3,25.9,26.3
2017/08/03,25.4,25.7,25.3,25.4
2017/08/04,25.4,25.6,25.3,25.5
2017/08/07,25.6,25.6,25.3,25.4
2017/08/08,25.4,25.4,24.6,24.7
2017/08/09,24.7,24.8,24.3,24.3
2017/08/10,24.3,24.3,23.4,23.5
2017/08/11,23.3,23.6,23.2,23.4
2017/08/14,23.4,23.6,22.4,22.4
2017/08/15,22.7,22.9,22.2,22.5
2017/08/16,22.6,23.8,22.3,23.4
2017/08/17,23.3,23.7,23.2,23.3
2017/08/18,23.3,23.6,23.0,23.4
2017/08/21,23.4,23.5,23.1,23.4
2017/08/22,23.6,24.9,23.5,24.8
2017/08/23,24.9,25.4,24.3,24.3
2017/08/24,24.7,24.8,24.4,24.7
2017/08/25,24.8,24.9,24.2,24.3
2017/08/28,24.3,24.4,23.9,24.0
2017/08/29,24.0,24.6,24.0,24.3
2017/08/30,24.3,24.4,24.1,24.2
2017/08/31,24.3,24.4,23.9,23.9
2017/09/01,23.9,24.6,23.9,24.6
2017/09/04,24.6,24.6,24.2,24.3
2017/09/05,24.3,24.7,24.3,24.6
2017/09/06,24.7,24.8,24.3,24.4
2017/09/07,24.6,24.7,24.2,24.2
2017/09/08,24.3,24.4,24.0,24.2
2017/09/11,24.3,25.4,24.2,24.8
2017/09/12,24.9,25.1,24.4,24.5
2017/09/13,24.6,24.9,24.4,24.7
2017/09/14,24.6,24.7,24.5,24.6
2017/09/15,24.7,24.7,24.4,24.7
2017/09/18,24.9,24.9,24.4,24.4
2017/09/19,24.4,24.5,24.0,24.0
2017/09/20,24.0,24.0,23.3,23.4
2017/09/21,23.4,23.7,23.4,23.6
2017/09/22,23.6,23.6,23.1,23.2
2017/09/25,23.2,23.3,22.7,22.9
2017/09/26,22.9,23.1,22.6,22.7
2017/09/27,22.7,23.0,22.7,23.0
2017/09/28,23.0,23.1,22.8,22.9
2017/09/29,23.0,23.3,22.8,23.3
2017/10/02,24.1,24.4,24.1,24.3
2017/10/03,24.3,24.4,23.9,24.0
2017/10/05,24.1,24.3,23.9,24.3
2017/10/06,24.4,24.4,24.0,24.0
2017/10/11,24.2,24.3,24.2,24.2
2017/10/12,24.2,24.3,24.1,24.2
2017/10/13,24.2,24.4,24.1,24.4
2017/10/16,24.4,24.6,24.3,24.3
2017/10/17,24.3,24.4,23.8,23.9
2017/10/18,24.0,24.1,23.9,23.9
2017/10/19,24.0,24.2,23.9,24.0
2017/10/20,23.9,24.1,23.8,24.1
2017/10/23,23.9,24.2,23.9,24.0
2017/10/24,24.2,24.7,24.1,24.4
2017/10/25,24.7,25.2,24.7,24.8
2017/10/26,24.8,25.3,24.7,24.7
2017/10/27,24.5,24.7,24.1,24.1
2017/10/30,24.1,24.3,23.6,23.7
2017/10/31,23.7,24.0,23.7,23.9
2017/11/01,24.0,24.1,23.8,24.0
2017/11/02,24.1,24.2,24.1,24.2
2017/11/03,24.2,24.3,24.1,24.3
2017/11/06,24.6,25.5,24.5,25.5
2017/11/07,25.4,25.4,24.7,24.9
2017/11/08,24.8,25.1,24.7,24.8
2017/11/09,24.9,25.1,24.3,24.3
2017/11/10,24.3,24.4,23.9,24.3
2017/11/13,24.2,24.3,23.7,23.8
2017/11/14,23.8,24.0,23.6,23.7
2017/11/15,23.7,23.7,23.4,23.5
2017/11/16,23.6,23.7,23.5,23.7
2017/11/17,23.7,23.9,23.7,23.7
2017/11/20,23.7,23.7,23.5,23.6
2017/11/21,23.6,24.2,23.5,23.9
2017/11/22,24.1,24.1,23.9,24.1
2017/11/23,24.1,24.1,23.8,23.9
2017/11/24,24.1,24.1,23.8,23.8
2017/11/27,23.8,23.9,23.6,23.7
2017/11/28,23.6,23.7,23.4,23.4
2017/11/29,23.5,23.7,23.5,23.6
2017/11/30,23.6,23.8,23.5,23.6
2017/12/01,23.6,23.7,23.1,23.3
2017/12/04,23.3,23.5,23.1,23.3
2017/12/05,23.2,23.4,23.2,23.2
2017/12/06,23.2,23.4,23.1,23.1
2017/12/07,23.1,23.3,23.1,23.1
2017/12/08,23.1,23.1,22.5,22.7
2017/12/11,22.8,23.0,22.7,22.9
2017/12/12,23.0,23.1,22.8,22.8
2017/12/13,23.0,23.4,22.9,23.2
2017/12/14,23.2,23.6,23.1,23.4
2017/12/15,23.5,23.5,23.2,23.2
2017/12/18,23.2,23.3,23.2,23.3
2017/12/19,23.4,23.4,23.2,23.3
2017/12/20,23.3,23.8,23.2,23.6
2017/12/21,23.6,23.8,23.6,23.6
2017/12/22,23.7,23.9,23.7,23.8
2017/12/25,24.0,25.2,23.7,24.3
2017/12/26,24.4,24.6,23.8,23.8
2017/12/27,24.0,24.0,23.7,23.7
2017/12/28,23.9,24.2,23.8,24.0
2017/12/29,24.1,24.1,23.9,23.9
2018/01/02,23.9,24.3,23.8,24.2
2018/01/03,24.3,24.4,24.1,24.2
2018/01/04,24.2,24.2,23.9,24.1
2018/01/05,24.1,24.3,23.9,24.3
2018/01/08,24.2,24.2,24.0,24.0
2018/01/09,23.9,23.9,23.3,23.4
2018/01/10,23.4,23.5,23.3,23.3
2018/01/11,23.3,23.3,23.1,23.2
2018/01/12,23.3,23.9,23.3,23.7
2018/01/16,23.5,23.7,23.4,23.6
2018/01/17,23.7,23.7,23.5,23.6
2018/01/18,23.6,23.7,23.5,23.6
2018/01/19,23.6,23.8,23.6,23.6
2018/01/22,23.6,23.6,23.3,23.4
2018/01/23,23.4,23.6,23.4,23.4
2018/01/24,23.4,23.5,23.3,23.3
2018/01/25,23.3,23.5,23.3,23.3
2018/01/26,23.3,23.4,23.2,23.2
2018/01/29,23.2,23.5,23.2,23.2
2018/01/30,23.4,23.5,23.2,23.2
2018/01/31,23.2,23.4,23.0,23.2
2018/02/01,23.1,23.3,23.1,23.1
2018/02/02,23.1,23.2,23.0,23.1
2018/02/05,22.9,23.0,22.7,22.8
2018/02/06,22.4,22.6,21.4,21.4
2018/02/07,21.8,22.6,21.6,21.7
2018/02/08,21.6,21.7,21.6,21.6
2018/02/09,20.5,21.3,20.5,20.9
2018/02/12,21.1,21.3,21.0,21.0
2018/02/21,21.2,21.5,21.2,21.3
2018/02/22,21.3,21.7,21.3,21.5
2018/02/23,21.7,22.2,21.7,22.1
2018/02/26,22.8,23.1,22.3,22.4
2018/02/27,22.7,22.9,22.4,22.6
2018/03/01,22.4,22.8,22.2,22.8
2018/03/02,22.6,22.7,22.5,22.6
2018/03/05,22.6,22.9,22.6,22.7
2018/03/06,22.9,22.9,22.5,22.7
2018/03/07,22.6,22.9,22.5,22.6
2018/03/08,22.8,22.9,22.6,22.7
2018/03/09,22.9,23.4,22.7,23.4
2018/03/12,23.8,23.9,23.3,23.5
2018/03/13,23.4,23.5,23.3,23.4
2018/03/14,23.4,23.7,23.3,23.4
2018/03/15,23.5,23.7,23.4,23.6
2018/03/16,23.6,23.8,23.4,23.5
2018/03/19,23.5,23.6,23.2,23.3
2018/03/20,23.1,23.3,22.9,23.1
2018/03/21,23.1,23.2,22.9,22.9
2018/03/22,22.9,23.0,22.8,22.9
2018/03/23,22.6,22.8,22.3,22.4
2018/03/26,22.4,22.6,22.3,22.6
2018/03/27,22.7,22.9,22.6,22.8
2018/03/28,22.8,22.9,22.7,22.8
2018/03/29,22.8,22.9,22.7,22.8
2018/03/30,22.9,22.9,22.7,22.7
2018/04/02,22.7,23.1,22.6,22.9
2018/04/03,22.7,22.8,22.6,22.7
2018/04/09,22.7,22.7,22.3,22.3
2018/04/10,22.4,22.5,22.3,22.4
2018/04/11,22.4,22.9,22.4,22.5
2018/04/12,22.5,22.6,22.4,22.5
2018/04/13,22.5,22.6,22.5,22.5
2018/04/16,22.6,22.7,22.3,22.5
2018/04/17,22.5,22.6,22.2,22.5
2018/04/18,22.6,23.1,22.4,22.9
2018/04/19,22.9,23.0,22.6,22.7
2018/04/20,22.7,22.9,22.6,22.6
2018/04/23,22.8,22.8,22.3,22.4
2018/04/24,22.3,22.3,22.0,22.3
2018/04/25,22.2,22.3,22.1,22.2
2018/04/26,22.4,22.4,22.1,22.2
2018/04/27,22.3,22.3,22.1,22.1
2018/04/30,22.1,22.2,22.1,22.1
2018/05/02,22.1,22.1,21.6,21.7
2018/05/03,21.7,21.9,21.6,21.7
2018/05/04,21.9,22.2,21.8,22.0
2018/05/07,22.1,22.2,22.1,22.2
2018/05/08,22.1,22.2,22.0,22.2
2018/05/09,22.3,22.4,22.2,22.2
2018/05/10,22.3,22.3,22.2,22.3
2018/05/11,22.4,22.4,22.2,22.3
2018/05/14,22.3,22.9,22.3,22.9
2018/05/15,22.9,23.2,22.9,23.0
2018/05/16,23.1,23.1,22.9,23.1
2018/05/17,23.1,23.2,22.9,22.9
2018/05/18,23.0,23.1,22.7,22.9
2018/05/21,23.0,23.1,22.9,22.9
2018/05/22,22.9,23.1,22.8,22.8
2018/05/23,22.9,23.3,22.8,23.2
2018/05/24,23.3,23.7,23.2,23.4
2018/05/25,23.4,23.4,23.2,23.3
2018/05/28,23.4,23.6,23.3,23.5
2018/05/29,23.5,23.6,23.3,23.3
2018/05/30,23.2,23.3,23.1,23.2
2018/05/31,23.2,23.5,23.2,23.3
2018/06/01,23.4,23.7,23.3,23.7
2018/06/04,23.7,24.6,23.7,24.2
2018/06/05,24.2,24.4,23.9,24.0
2018/06/06,24.2,24.3,24.0,24.1
2018/06/07,24.1,25.1,24.1,25.0
2018/06/08,24.8,24.8,24.3,24.3
2018/06/11,24.4,24.8,24.2,24.4
2018/06/12,24.6,24.8,24.3,24.4
2018/06/13,24.2,24.3,23.9,24.1
2018/06/14,24.0,24.4,24.0,24.1
2018/06/15,24.1,24.3,23.8,23.8
2018/06/19,23.7,24.0,23.4,23.5
2018/06/20,23.5,23.8,23.1,23.3
2018/06/21,23.3,23.8,23.2,23.4
2018/06/22,23.4,23.6,23.2,23.4
2018/06/25,23.4,23.7,23.2,23.2
2018/06/26,22.9,23.1,22.8,22.9
2018/06/27,23.0,23.3,22.9,23.0
2018/06/28,22.9,23.1,22.8,23.0
2018/06/29,23.0,23.3,22.8,23.1
2018/07/02,23.1,23.5,23.0,23.1
2018/07/03,23.1,23.1,22.8,23.0
2018/07/04,22.9,22.9,22.7,22.8
2018/07/05,22.8,22.9,22.7,22.8
2018/07/06,22.8,23.1,22.4,22.7
2018/07/09,23.0,23.0,22.5,22.7
2018/07/10,22.7,23.4,22.6,22.9
2018/07/11,22.6,22.9,22.6,22.8
2018/07/12,22.8,22.9,22.6,22.9
2018/07/13,22.9,23.2,22.9,23.1
2018/07/16,23.2,23.3,22.9,23.1
2018/07/17,22.9,23.2,22.8,22.9
2018/07/18,22.8,23.2,22.8,23.0
2018/07/19,23.0,23.2,23.0,23.2
2018/07/20,23.1,23.2,22.9,23.0
2018/07/23,22.6,22.9,22.6,22.7
2018/07/24,22.6,22.9,22.6,22.8
2018/07/25,22.8,23.5,22.8,23.3
2018/07/26,23.3,23.8,23.2,23.4
2018/07/27,22.9,23.0,22.7,22.7
2018/07/30,22.6,22.7,22.3,22.3
2018/07/31,22.4,22.7,22.4,22.4
2018/08/01,22.6,22.9,22.6,22.6
2018/08/02,22.4,22.7,22.2,22.3
2018/08/03,22.3,22.4,22.1,22.3
2018/08/06,22.3,22.7,22.1,22.6
2018/08/07,22.8,22.9,22.6,22.6
2018/08/08,22.8,22.9,22.6,22.7
2018/08/09,22.8,22.8,22.4,22.4
2018/08/10,22.4,22.4,22.1,22.1
2018/08/13,22.1,22.2,21.6,21.7
2018/08/14,21.7,21.9,21.4,21.9
2018/08/15,21.7,21.9,21.4,21.6
2018/08/16,21.6,21.6,21.3,21.4
2018/08/17,21.4,21.6,21.4,21.5
2018/08/20,21.7,21.7,21.4,21.4
2018/08/21,21.7,21.7,21.5,21.5
2018/08/22,21.5,21.7,21.5,21.6
2018/08/23,21.7,21.8,21.6,21.7
2018/08/24,21.7,21.8,21.7,21.7
2018/08/27,21.7,21.8,21.7,21.8
2018/08/28,21.8,21.9,21.7,21.8
2018/08/29,21.8,21.8,21.7,21.7
2018/08/30,21.8,21.8,21.6,21.7
2018/08/31,21.7,21.8,21.5,21.6
2018/09/03,21.6,21.6,21.4,21.4
2018/09/04,21.4,21.7,21.4,21.7
2018/09/05,21.6,21.6,21.3,21.4
2018/09/06,21.4,21.4,21.1,21.2
2018/09/07,21.3,21.3,20.7,20.8
2018/09/10,20.8,21.3,20.7,21.2
2018/09/11,21.2,21.2,20.9,21.2
2018/09/12,21.1,21.1,20.9,21.0
2018/09/13,20.9,21.2,20.9,21.0
2018/09/14,21.0,21.2,21.0,21.2
2018/09/17,21.2,21.2,21.0,21.2
2018/09/18,20.9,21.1,20.7,20.9
2018/09/19,21.0,21.3,20.8,21.3
2018/09/20,21.4,21.6,21.0,21.0
2018/09/21,21.1,21.2,20.8,20.9
2018/09/25,21.1,21.2,20.9,21.1
2018/09/26,21.1,21.2,21.0,21.1
2018/09/27,21.0,21.1,21.0,21.1
2018/09/28,21.1,21.2,20.9,20.9
2018/10/01,20.9,21.7,20.9,21.7
2018/10/02,21.7,21.7,21.3,21.3
2018/10/03,21.3,21.4,21.1,21.3
2018/10/04,21.3,21.3,21.0,21.2
2018/10/05,21.0,21.0,20.7,20.8
2018/10/08,20.8,20.8,20.7,20.7
2018/10/09,20.8,20.8,20.2,20.2
2018/10/22,18.1,18.6,17.7,18.4
2018/10/23,18.2,18.3,18.0,18.0
2018/10/24,18.0,18.3,17.9,17.9
2018/10/25,17.4,17.5,17.2,17.3
2018/10/26,17.3,17.6,16.7,16.8
2018/10/29,16.8,17.1,16.7,16.8
2018/10/30,16.8,16.9,16.7,16.8
2018/10/31,16.9,17.2,16.9,17.2
2018/11/01,17.2,17.4,17.2,17.2
2018/11/02,17.3,17.7,17.3,17.6
2018/11/05,17.6,17.8,17.5,17.8
2018/11/06,17.7,17.8,17.6,17.7
2018/11/07,17.9,18.0,17.8,18.0
2018/11/08,18.4,18.5,18.1,18.1
2018/11/09,18.1,18.1,17.6,17.7
2018/11/12,17.7,18.0,17.7,17.9
2018/11/13,17.7,18.1,17.4,17.8
2018/11/14,17.9,18.2,17.8,18.0
2018/11/15,18.2,18.2,17.8,18.1
2018/11/16,18.1,18.3,18.0,18.2
2018/11/19,18.1,18.2,18.0,18.1
2018/11/20,18.0,18.1,17.9,18.0
2018/11/21,18.0,18.4,17.9,18.2
2018/11/22,18.3,18.4,18.0,18.2
2018/11/23,18.1,18.2,18.0,18.2
2018/11/26,18.2,18.4,18.1,18.1
2018/11/27,18.1,18.2,18.1,18.2
2018/11/28,18.2,18.3,18.2,18.3
2018/11/29,18.4,18.4,18.2,18.3
2018/11/30,18.4,18.7,18.3,18.7
2018/12/03,18.8,19.0,18.8,18.8
2018/12/04,18.8,18.9,18.7,18.9
2018/12/05,18.7,18.8,18.5,18.8
2018/12/06,18.8,18.8,18.4,18.4
2018/12/07,18.5,18.7,18.4,18.6
2018/12/10,18.6,18.6,18.4,18.4
2018/12/11,18.5,19.3,18.4,19.2
2018/12/12,19.3,19.3,18.8,19.0
2018/12/13,19.0,19.1,18.8,18.8
2018/12/14,18.7,18.7,18.5,18.6
2018/12/17,18.6,18.7,18.5,18.6
2018/12/18,18.4,18.5,18.3,18.4
2018/12/19,18.4,18.5,18.2,18.2
2018/12/20,18.3,18.3,18.0,18.1
2018/12/21,18.1,18.2,17.9,18.1
2018/12/24,18.0,18.1,17.9,18.0
2018/12/25,17.9,17.9,17.7,17.8
2018/12/26,17.9,17.9,17.8,17.8
2018/12/27,18.0,18.0,17.9,17.9
2018/12/28,18.0,18.0,17.8,17.9
2019/01/02,17.9,17.9,17.8,17.8
2019/01/03,17.7,17.9,17.7,17.7
2019/01/04,17.5,17.8,17.5,17.7
2019/01/07,17.8,17.9,17.8,17.8
2019/01/08,18.1,18.1,17.9,17.9
2019/01/09,18.0,18.1,18.0,18.1
2019/01/10,17.9,18.1,17.9,18.0
2019/01/11,18.0,18.1,17.9,18.0
2019/01/14,18.0,18.1,18.0,18.1
2019/01/15,18.1,18.4,18.1,18.3
2019/01/16,18.4,18.4,18.2,18.4
2019/01/17,18.4,18.4,18.2,18.3
2019/01/18,18.2,18.4,18.2,18.4
2019/01/21,18.5,18.6,18.3,18.3
2019/01/22,18.3,18.3,18.1,18.1
2019/01/23,18.1,18.2,18.1,18.2
2019/01/24,18.3,18.3,18.1,18.1
2019/01/25,18.2,18.3,18.2,18.3
2019/01/28,18.3,18.5,18.3,18.3
2019/01/29,18.3,18.4,18.3,18.4
2019/01/30,18.3,18.4,18.3,18.4
2019/02/11,18.5,18.5,18.3,18.4
2019/02/12,18.4,18.6,18.4,18.5
2019/02/13,18.5,18.7,18.4,18.6
2019/02/14,18.8,19.5,18.7,19.1
2019/02/15,19.1,19.3,19.1,19.1
2019/02/18,19.2,19.4,19.2,19.4
2019/02/19,19.4,19.5,19.3,19.5
2019/02/20,19.5,19.7,19.5,19.7
2019/02/21,19.7,19.7,19.6,19.7
2019/02/22,19.7,19.7,19.6,19.7
2019/02/25,19.9,20.3,19.9,20.1
2019/02/26,20.1,20.4,19.9,20.1
2019/02/27,20.1,20.2,20.0,20.1
2019/03/04,20.1,20.5,20.1,20.5
2019/03/05,20.7,20.7,20.4,20.4
2019/03/06,20.5,20.5,20.2,20.4
2019/03/07,20.4,20.4,20.1,20.2
2019/03/08,20.1,20.3,20.0,20.2
2019/03/11,20.0,20.2,19.9,20.2
2019/03/12,20.3,20.4,20.2,20.3
2019/03/13,20.4,20.4,20.2,20.4
2019/03/14,20.4,20.4,20.1,20.1
2019/03/15,20.1,20.3,20.1,20.3
2019/03/18,20.1,20.3,20.1,20.2
2019/03/19,20.3,20.3,20.1,20.2
2019/03/20,20.3,20.4,20.2,20.4
2019/03/21,20.4,20.6,20.4,20.6
2019/03/22,20.7,20.9,20.5,20.6
2019/03/25,20.4,20.5,20.2,20.4
2019/03/26,20.2,20.4,20.1,20.2
2019/03/27,20.4,20.4,20.2,20.3
2019/03/28,20.3,20.4,20.2,20.4
2019/03/29,20.3,20.4,20.2,20.3
2019/04/01,20.4,20.4,20.2,20.4
2019/04/02,20.4,20.8,20.3,20.7
2019/04/03,20.7,20.7,20.6,20.7
2019/04/08,20.7,21.8,20.6,21.8
2019/04/09,21.8,22.0,21.3,21.3
2019/04/10,21.2,21.2,20.9,20.9
2019/04/11,20.8,21.0,20.8,20.8
2019/04/12,20.8,20.8,20.3,20.3
2019/04/15,20.4,20.6,20.4,20.5
2019/04/16,20.4,20.5,20.3,20.5
2019/04/17,20.6,21.2,20.4,21.0
2019/04/18,20.9,20.9,20.5,20.6
2019/04/19,20.8,20.8,20.6,20.7
2019/04/22,20.7,20.8,20.5,20.6
2019/04/23,20.7,20.7,20.4,20.4
2019/04/24,20.6,20.6,20.3,20.3
2019/04/25,20.3,20.3,20.2,20.2
2019/04/26,20.2,20.2,20.0,20.0
2019/04/29,20.0,20.5,20.0,20.1
2019/04/30,20.1,20.2,20.1,20.2
2019/05/02,20.2,20.4,20.2,20.4
2019/05/03,20.4,20.5,20.2,20.3
2019/05/06,20.2,20.3,19.9,20.0
2019/05/07,20.2,20.3,20.1,20.1
2019/05/08,20.1,20.1,20.0,20.0
2019/05/09,20.0,20.1,19.6,19.6
2019/05/10,19.6,19.8,19.3,19.3
2019/05/13,19.3,19.3,18.8,18.9
2019/05/14,18.8,18.9,18.5,18.8
2019/05/15,18.9,19.0,18.9,18.9
2019/05/16,18.9,19.1,18.9,18.9
2019/05/17,18.9,19.0,18.6,18.6
2019/05/20,18.6,18.7,18.4,18.5
2019/05/21,18.7,18.8,18.5,18.7
2019/05/22,18.8,18.9,18.7,18.8
2019/05/23,18.8,18.9,18.7,18.8
2019/05/24,18.8,18.9,18.8,18.9
2019/05/27,19.0,19.3,18.9,19.2
2019/05/28,19.2,19.2,19.1,19.1
2019/05/29,19.1,19.1,18.9,19.0
2019/05/30,19.0,19.1,18.9,19.0
2019/05/31,19.0,19.2,19.0,19.2
2019/06/03,19.0,19.0,18.9,19.0
2019/06/04,19.0,19.1,18.9,19.0
2019/06/05,19.1,19.1,19.0,19.0
2019/06/06,19.0,19.1,18.9,18.9
2019/06/10,19.1,19.1,19.0,19.0
2019/06/11,19.1,19.2,19.0,19.1
2019/06/12,19.2,19.2,19.1,19.2
2019/06/13,19.2,19.3,19.2,19.3
2019/06/14,19.3,19.3,19.2,19.2
2019/06/17,19.2,19.3,19.2,19.2
2019/06/18,19.4,19.4,19.2,19.2
2019/06/19,19.3,19.4,19.2,19.4
2019/06/20,19.4,19.5,19.3,19.4
2019/06/21,19.4,19.5,19.4,19.4
2019/06/24,19.5,19.6,19.3,19.4
2019/06/25,19.4,19.4,19.3,19.4
2019/06/26,19.4,19.4,19.2,19.2
2019/06/27,19.2,19.4,19.2,19.4
2019/06/28,19.4,19.5,19.3,19.4
2019/07/01,19.6,19.8,19.6,19.8
2019/07/02,19.8,19.8,19.7,19.8
2019/07/03,19.8,19.9,19.7,19.8
2019/07/04,19.8,19.9,19.8,19.8
2019/07/05,19.9,19.9,19.8,19.9
2019/07/08,19.9,19.9,19.8,19.8
2019/07/09,19.9,20.0,19.7,19.8
2019/07/10,19.8,20.1,19.8,20.0
2019/07/11,20.0,20.2,20.0,20.1
2019/07/12,20.3,20.3,20.1,20.3
2019/07/15,20.2,20.2,20.1,20.2
2019/07/16,20.2,20.3,20.2,20.2
2019/07/17,20.2,20.3,20.1,20.1
2019/07/18,20.1,20.2,20.0,20.0
2019/07/19,20.1,20.2,20.0,20.1
2019/07/22,20.1,20.3,20.1,20.2
2019/07/23,20.3,20.4,20.3,20.3
2019/07/24,20.4,20.5,20.1,20.2
2019/07/25,19.1,19.3,19.1,19.2
2019/07/26,19.2,19.2,19.1,19.2
2019/07/29,19.3,19.4,19.2,19.4
2019/07/30,19.4,19.5,19.1,19.2
2019/07/31,19.1,19.2,19.0,19.1
2019/08/01,19.1,19.1,19.0,19.1
2019/08/02,19.0,19.0,18.6,19.0
2019/08/05,18.9,18.9,18.7,18.9
2019/08/06,18.6,18.8,18.5,18.8
2019/08/07,18.8,19.0,18.7,19.0
2019/08/08,19.1,19.2,19.0,19.1
2019/08/12,19.0,19.1,18.9,19.1
2019/08/13,19.0,19.1,19.0,19.0
2019/08/14,19.1,19.1,19.0,19.1
2019/08/15,18.9,18.9,18.7,18.8
2019/08/16,18.8,18.8,18.7,18.8
2019/08/19,18.9,19.0,18.9,19.0
2019/08/20,19.0,19.1,18.9,19.0
2019/08/21,18.9,19.3,18.8,19.1
2019/08/22,19.3,19.3,19.0,19.2
2019/08/23,19.2,20.2,19.2,19.9
2019/08/26,19.5,19.8,19.4,19.8
2019/08/27,20.0,20.3,19.8,20.3
2019/08/28,20.3,20.3,19.7,20.1
2019/08/29,20.4,20.7,20.3,20.5
2019/08/30,20.5,20.5,20.2,20.3
2019/09/02,20.4,20.4,19.9,20.1
2019/09/03,20.1,20.1,19.9,20.0
2019/09/04,20.0,20.3,20.0,20.2
2019/09/05,20.2,20.3,20.1,20.2
2019/09/06,20.4,21.2,20.3,20.6
2019/09/09,20.6,20.7,20.2,20.3
2019/09/10,20.5,20.5,20.2,20.3
2019/09/11,20.4,20.4,20.1,20.1
2019/09/12,20.4,20.4,20.2,20.3
2019/09/16,20.3,20.6,20.3,20.3
2019/09/17,20.4,20.4,20.1,20.2
2019/09/18,20.1,20.4,20.1,20.3
2019/09/19,20.3,20.5,19.8,19.9
2019/09/20,19.9,20.2,19.9,20.0
2019/09/23,20.0,20.4,20.0,20.2
2019/09/24,20.4,20.5,20.3,20.3
2019/09/25,20.3,20.3,20.0,20.1
2019/09/26,20.3,20.3,19.9,20.0
2019/09/27,20.0,20.0,19.6,19.6
2019/10/01,19.7,19.7,19.6,19.6
2019/10/02,19.6,19.7,19.6,19.6
2019/10/03,19.6,19.6,19.4,19.5
2019/10/04,19.5,19.8,19.5,19.6
2019/10/07,19.8,19.9,19.7,19.7
2019/10/08,19.7,19.9,19.7,19.7
2019/10/09,19.7,19.7,19.5,19.5
2019/10/14,19.8,19.8,19.7,19.7
2019/10/15,19.7,19.8,19.5,19.7
2019/10/16,19.8,19.9,19.7,19.8
2019/10/17,19.9,20.0,19.8,19.8
2019/10/18,19.8,19.9,19.7,19.7
2019/10/21,19.7,20.0,19.7,19.8
2019/10/22,20.0,20.0,19.9,19.9
2019/10/23,20.0,21.5,19.9,21.0
2019/10/24,21.0,22.4,20.7,22.3
2019/10/25,22.4,23.2,21.8,22.0
2019/10/28,22.0,22.8,21.9,22.5
2019/10/29,22.5,22.8,21.8,22.1
2019/10/30,22.1,22.9,21.9,22.9
2019/10/31,23.0,23.6,22.0,22.4
2019/11/01,22.3,22.3,22.1,22.2
2019/11/04,22.5,22.7,22.2,22.3
2019/11/05,22.3,22.3,22.0,22.0
2019/11/06,22.4,22.7,22.1,22.2
2019/11/07,22.3,22.4,22.0,22.1
2019/11/08,22.8,23.2,22.4,22.7
2019/11/11,22.9,23.1,22.5,22.7
2019/11/12,23.0,24.7,22.8,23.1
2019/11/13,23.3,23.8,22.9,23.5
2019/11/14,23.5,23.6,22.6,23.2
2019/11/15,23.5,23.5,23.1,23.3
2019/11/18,23.4,23.6,22.9,23.0
2019/11/19,23.1,23.1,22.3,22.5
2019/11/20,22.5,22.7,22.3,22.4
2019/11/21,22.4,22.4,22.0,22.2
2019/11/22,22.3,22.4,22.0,22.0
2019/11/25,22.1,22.2,22.0,22.0
2019/11/26,22.2,22.8,22.0,22.6
2019/11/27,22.7,23.1,22.5,23.1
2019/11/28,23.6,23.7,23.0,23.0
2019/11/29,23.0,23.0,22.5,22.5
2019/12/02,22.6,22.7,22.1,22.2
2019/12/03,22.2,23.2,22.2,23.2
2019/12/04,23.0,23.3,22.7,23.3
2019/12/05,23.9,24.4,23.5,23.5
2019/12/06,23.1,23.3,22.8,22.9
2019/12/09,23.1,23.2,22.8,22.8
2019/12/10,23.0,23.0,22.7,22.7
2019/12/11,22.7,22.9,22.6,22.8
2019/12/12,23.0,23.4,22.9,23.1
2019/12/13,23.3,23.3,22.9,22.9
2019/12/16,22.9,23.1,22.8,22.9
2019/12/17,23.1,23.7,22.9,23.7
2019/12/18,23.6,23.8,23.2,23.2
2019/12/19,23.4,23.4,22.9,22.9
2019/12/20,22.9,23.2,22.9,22.9
2019/12/23,22.9,23.1,22.7,22.7
2019/12/24,22.7,22.7,22.5,22.5
2019/12/25,22.4,22.6,22.4,22.5
2019/12/26,22.5,22.6,22.4,22.4
2019/12/27,22.5,22.8,22.5,22.5
2019/12/30,22.5,22.8,22.5,22.6
2019/12/31,22.6,22.6,22.4,22.5
2020/01/02,22.5,22.8,22.5,22.7
2020/01/03,22.8,23.1,22.5,22.8
2020/01/06,22.7,22.7,22.4,22.5
2020/01/07,22.5,22.6,21.6,21.9
2020/01/08,21.9,22.2,21.8,21.9
2020/01/09,22.2,22.4,22.1,22.3
2020/01/10,22.3,22.8,22.3,22.8
2020/01/13,23.1,23.4,22.9,23.3
2020/01/14,23.5,23.5,23.1,23.3
2020/01/15,23.3,23.6,23.2,23.2
2020/01/16,23.4,23.4,23.2,23.2
2020/01/17,23.3,23.7,23.3,23.4
2020/01/20,23.6,23.8,23.5,23.7
2020/01/30,22.8,22.8,21.3,21.3
2020/01/31,21.5,22.0,21.0,21.3
2020/02/03,20.0,20.4,19.2,20.0
2020/02/04,20.5,21.4,20.4,21.3
2020/02/05,21.2,22.0,20.0,21.1
2020/02/06,21.1,22.1,20.5,21.3
2020/02/07,21.1,21.9,20.5,20.5
2020/02/10,20.1,20.3,19.9,20.1
2020/02/11,20.1,20.4,20.1,20.1
2020/02/12,20.3,20.6,20.3,20.5
2020/02/13,20.7,20.9,20.5,20.5
2020/02/14,20.4,20.8,20.3,20.6
2020/02/17,20.5,20.5,20.1,20.2
2020/02/18,20.2,20.6,19.9,20.6
2020/02/19,20.6,20.8,20.4,20.8
2020/02/20,20.8,21.3,20.6,21.1
2020/02/21,21.4,21.6,20.9,20.9
2020/02/24,20.7,20.9,20.6,20.8
2020/02/25,20.3,20.8,20.3,20.5
2020/02/26,20.4,20.6,20.3,20.4
2020/02/27,20.5,20.5,19.9,20.0
2020/03/02,19.7,20.3,19.7,20.0
2020/03/03,20.4,21.0,20.3,20.7
2020/03/04,20.7,20.9,20.2,20.4
2020/03/05,20.5,20.9,20.3,20.5
2020/03/06,20.3,20.3,20.0,20.1
2020/03/09,20.0,20.0,19.6,19.6
2020/03/10,19.2,19.9,18.8,19.8
2020/03/11,19.8,19.9,19.2,19.3
2020/03/12,19.0,19.1,18.0,18.4
2020/03/13,17.5,17.7,16.9,17.6
2020/03/16,17.5,17.7,17.0,17.0
2020/03/17,16.5,17.2,16.4,16.5
2020/03/18,16.8,17.0,16.0,16.1
2020/03/19,15.8,15.8,14.5,14.6
2020/03/20,15.0,16.0,15.0,16.0
2020/03/23,15.3,16.0,15.2,15.8
2020/03/24,16.3,16.8,16.2,16.4
2020/03/25,16.9,17.2,16.7,16.8
2020/03/26,16.9,17.0,16.6,17.0
2020/03/27,17.2,17.3,16.8,16.8
2020/03/30,16.7,17.0,16.4,16.8
2020/03/31,17.1,17.1,16.8,16.9
2020/04/01,16.9,17.0,16.8,17.0
2020/04/06,17.2,17.2,16.9,17.1
2020/04/07,17.3,17.6,17.2,17.5
2020/04/08,17.6,18.0,17.4,17.9
2020/04/09,18.0,18.4,17.9,18.1
2020/04/10,18.2,18.4,18.0,18.4
2020/04/13,18.4,18.6,18.2,18.3
2020/04/14,18.3,18.9,18.3,18.6
2020/04/15,18.7,19.0,18.6,18.9
2020/04/16,18.8,19.2,18.5,18.9
2020/04/17,19.1,19.2,18.9,18.9
2020/04/20,18.9,19.1,18.7,18.9
2020/04/21,18.9,18.9,18.3,18.3
2020/04/22,18.2,18.9,17.9,18.8
2020/04/23,18.9,19.1,18.7,19.0
2020/04/24,19.0,19.1,18.7,18.8
2020/04/27,18.8,19.2,18.8,19.2
2020/04/28,19.1,19.4,18.9,19.4
2020/04/29,19.4,19.5,19.2,19.3
2020/04/30,19.4,19.7,19.4,19.5
2020/05/04,19.2,19.6,18.8,19.5
2020/05/05,19.5,19.7,19.2,19.6
2020/05/06,19.6,20.0,19.4,19.8
2020/05/07,19.8,20.2,19.6,20.1
2020/05/08,20.1,20.5,19.9,20.3
2020/05/11,20.4,21.3,20.0,21.0
2020/05/12,20.8,21.4,20.5,20.9
2020/05/13,20.7,21.2,20.3,20.8
2020/05/14,20.7,20.7,20.2,20.6
2020/05/15,20.8,21.0,20.0,20.1
2020/05/18,20.0,20.1,19.8,19.9
2020/05/19,20.0,20.6,20.0,20.5
2020/05/20,20.6,20.6,20.3,20.3
2020/05/21,20.3,20.7,20.3,20.4
2020/05/22,20.4,20.7,19.9,19.9
2020/05/25,19.9,20.1,19.7,20.1
2020/05/26,20.2,20.3,19.9,20.0
2020/05/27,20.2,20.4,20.0,20.3
2020/05/28,20.4,20.5,20.0,20.1
2020/05/29,20.0,20.2,20.0,20.1
2020/06/01,20.2,20.4,20.2,20.4
2020/06/02,20.4,20.4,20.3,20.3
2020/06/03,20.4,20.7,20.4,20.5
2020/06/04,20.6,20.6,20.5,20.5
2020/06/05,20.5,20.7,20.4,20.6
2020/06/08,20.7,20.9,20.6,20.8
2020/06/09,21.1,21.9,21.0,21.3
2020/06/10,21.2,21.6,21.0,21.4
2020/06/11,21.7,21.7,20.0,20.0
2020/06/12,19.9,20.9,19.5,20.8
2020/06/15,21.1,21.9,21.1,21.3
2020/06/16,21.4,21.8,21.3,21.6
2020/06/17,21.6,21.9,21.6,21.6
2020/06/18,21.8,22.1,21.7,21.8
2020/06/19,21.9,22.0,21.7,21.7
2020/06/22,21.6,21.8,21.6,21.6
2020/06/23,21.7,21.8,21.4,21.5
2020/06/24,21.8,22.2,21.7,22.1
2020/06/29,22.1,22.3,21.8,22.0
2020/06/30,22.1,23.0,22.1,22.6
2020/07/01,22.6,23.0,22.4,22.4
2020/07/02,22.4,22.5,21.8,22.1
2020/07/03,22.2,22.3,21.9,22.3
2020/07/06,22.5,22.9,22.3,22.8
2020/07/07,23.0,23.1,22.5,22.8
2020/07/08,22.9,23.5,22.9,23.5
2020/07/09,23.7,23.9,23.2,23.9
2020/07/10,24.2,24.5,23.5,23.5
2020/07/13,23.9,24.1,23.3,23.5
2020/07/14,23.6,24.2,23.5,23.6
2020/07/15,23.8,24.0,23.8,23.8
2020/07/16,24.0,25.4,24.0,25.0
2020/07/17,25.3,25.3,23.7,23.8
2020/07/20,23.8,23.8,23.1,23.4
2020/07/21,23.6,24.1,23.6,24.0
2020/07/22,24.1,24.3,23.8,23.9
2020/07/23,24.1,24.4,23.9,24.2
2020/07/24,24.2,24.5,23.5,23.8
2020/07/27,22.9,22.9,21.8,21.9
2020/07/28,22.8,22.8,21.7,21.7
2020/07/29,21.6,22.1,21.6,22.0
2020/07/30,22.1,22.1,21.7,22.0
2020/07/31,22.1,22.2,21.6,22.2
2020/08/03,22.2,22.2,21.7,21.7
2020/08/04,21.8,22.0,21.8,21.9
2020/08/05,22.0,22.6,21.9,22.4
2020/08/06,22.5,22.7,22.2,22.4
2020/08/07,22.4,22.5,22.2,22.4
2020/08/10,22.9,23.4,22.8,23.0
2020/08/11,22.9,23.1,22.5,22.5
2020/08/12,22.6,23.1,22.0,22.7
2020/08/13,22.8,23.0,22.7,22.9
2020/08/14,22.9,23.9,22.9,23.6
2020/08/17,23.7,24.3,23.7,23.8
2020/08/18,23.9,24.0,23.5,23.8
2020/08/19,23.8,23.9,23.5,23.6
2020/08/20,23.5,23.5,21.7,21.9
2020/08/21,22.2,22.4,21.8,22.1
2020/08/24,22.2,22.2,21.8,21.8
2020/08/25,21.8,22.6,21.8,22.5
2020/08/26,22.6,22.9,22.5,22.6
2020/08/27,22.6,22.9,22.4,22.7
2020/08/28,22.6,22.8,22.4,22.5
2020/08/31,22.6,23.1,22.6,23.0
2020/09/01,23.0,23.0,22.7,22.9
2020/09/02,23.0,23.0,22.6,22.8
2020/09/03,22.9,23.3,22.9,23.2
2020/09/04,22.9,23.4,22.6,23.3
2020/09/07,23.4,23.7,23.3,23.3
2020/09/08,23.4,23.9,23.2,23.6
2020/09/09,23.3,23.3,22.8,23.2
2020/09/10,23.3,23.4,22.8,22.9
2020/09/11,22.8,22.9,22.3,22.4
2020/09/14,22.3,22.7,22.2,22.6
2020/09/15,22.7,22.7,22.5,22.5
2020/09/16,22.6,22.8,22.5,22.8
2020/09/17,22.8,22.8,22.6,22.6
2020/09/18,22.9,22.9,22.6,22.6
2020/09/21,22.6,22.8,22.5,22.5
2020/09/22,22.4,22.4,21.9,22.0
2020/09/23,22.1,22.3,21.5,21.6
2020/09/24,21.4,21.4,20.8,20.9
2020/09/25,20.9,21.1,19.5,20.4
2020/09/28,20.6,21.7,20.6,21.6
2020/09/29,21.8,22.1,21.5,21.5
2020/09/30,21.5,21.8,21.2,21.7
2020/10/05,21.9,22.6,21.9,22.4
2020/10/06,22.8,22.8,22.4,22.7
2020/10/07,22.6,22.7,22.4,22.6
2020/10/08,22.8,22.8,22.5,22.7
2020/10/12,22.7,22.9,22.5,22.6
2020/10/13,22.6,22.6,22.2,22.3
2020/10/14,22.3,23.0,22.3,22.7
2020/10/15,22.8,22.8,22.4,22.7
2020/10/16,22.7,22.9,22.6,22.7
2020/10/19,22.9,23.2,22.8,22.9
2020/10/20,22.9,23.1,22.7,22.8
2020/10/21,23.0,23.0,22.6,22.7
2020/10/22,22.5,22.8,22.5,22.6
2020/10/23,22.7,22.7,22.6,22.7
2020/10/26,22.8,22.8,22.6,22.7
2020/10/27,22.5,22.8,22.5,22.6
2020/10/28,22.8,22.8,22.5,22.5
2020/10/29,22.3,22.3,21.8,22.3
2020/10/30,22.1,22.1,21.4,21.6
2020/11/02,21.7,21.7,21.2,21.4
2020/11/03,21.4,21.7,21.4,21.5
2020/11/04,21.6,21.7,21.3,21.5
2020/11/05,21.6,21.6,21.1,21.4
2020/11/06,21.5,21.5,21.3,21.4
2020/11/09,21.6,22.3,21.5,22.1
2020/11/10,22.7,22.7,22.1,22.3
2020/11/11,23.1,24.5,23.1,24.5
2020/11/12,25.6,26.8,25.3,26.0
2020/11/13,25.7,26.5,25.4,26.4
2020/11/16,26.8,26.8,25.9,26.6
2020/11/17,26.1,26.5,25.8,25.9
2020/11/18,25.2,25.9,25.2,25.5
2020/11/19,25.5,26.2,25.5,25.7
2020/11/20,25.9,26.1,25.7,25.9
2020/11/23,25.9,26.0,25.6,25.7
2020/11/24,25.7,26.4,25.7,26.0
2020/11/25,27.0,28.6,26.9,27.1
2020/11/26,26.9,27.0,26.4,26.6
2020/11/27,27.0,27.3,26.5,26.7
2020/11/30,27.1,27.1,26.5,26.7
2020/12/01,27.0,27.1,26.2,26.5
2020/12/02,26.7,27.1,26.3,26.8
2020/12/03,26.8,27.6,26.7,26.8
2020/12/04,26.8,26.9,26.3,26.7
2020/12/07,26.9,27.5,26.6,26.7
2020/12/08,27.1,27.9,26.8,27.9
2020/12/09,29.0,29.1,27.9,28.4
2020/12/10,28.1,28.1,27.1,27.2
2020/12/11,27.4,27.7,26.3,27.1
2020/12/14,27.1,27.3,26.8,27.2
2020/12/15,27.5,28.0,26.8,26.9
2020/12/16,27.2,27.4,26.9,26.9
2020/12/17,27.0,28.0,26.9,27.9
2020/12/18,28.0,28.3,27.2,27.2
2020/12/21,27.0,27.2,26.5,26.9
2020/12/22,26.9,27.4,26.5,26.5
2020/12/23,26.5,26.8,26.5,26.6
2020/12/24,26.7,27.3,26.7,27.0
2020/12/25,27.0,27.4,27.0,27.2
2020/12/28,27.4,27.7,27.2,27.4
2020/12/29,27.6,28.0,27.5,27.7
2020/12/30,28.1,28.2,27.5,27.6
2020/12/31,27.7,27.9,27.4,27.6
2021/01/04,28.3,30.4,28.3,29.3
2021/01/05,28.9,29.4,28.6,28.9
2021/01/06,29.5,29.6,28.4,28.7
2021/01/07,28.9,29.3,28.5,28.7
2021/01/08,29.0,29.2,27.5,27.7
2021/01/11,27.9,29.2,27.8,29.2
2021/01/12,29.1,29.1,28.3,28.3
2021/01/13,28.9,29.3,28.5,28.7
2021/01/14,28.7,29.4,28.6,29.1
2021/01/15,29.7,30.4,28.5,28.8
2021/01/18,28.6,28.8,27.0,28.4
2021/01/19,28.9,29.2,28.3,28.3
2021/01/20,28.5,28.8,27.1,27.3
2021/01/21,27.3,28.9,27.0,28.8
2021/01/22,28.4,28.5,27.4,27.5
2021/01/25,27.5,27.7,27.0,27.5
2021/01/26,27.7,28.3,27.6,27.7
2021/01/27,28.2,28.3,27.7,27.8
2021/01/28,27.5,28.1,27.3,27.4
2021/01/29,27.8,27.8,26.6,26.6
2021/02/01,26.6,26.7,25.6,26.0
2021/02/02,26.3,26.7,26.2,26.5
2021/02/03,26.9,26.9,26.5,26.5
2021/02/04,26.3,26.7,26.3,26.5
2021/02/05,26.5,26.7,26.2,26.2
2021/02/17,26.8,27.4,26.6,27.3
2021/02/18,27.3,27.9,27.3,27.8
2021/02/19,27.7,28.7,27.6,28.5
2021/02/22,28.9,28.9,28.1,28.4
2021/02/23,28.2,28.8,28.0,28.7
2021/02/24,28.8,29.1,28.4,28.4
2021/02/25,28.6,29.6,28.6,29.1
2021/02/26,28.7,29.6,28.0,29.6
2021/03/02,30.5,32.5,30.5,32.2
2021/03/03,32.2,32.9,31.2,32.3
2021/03/04,32.2,33.0,32.1,32.3
2021/03/05,32.0,33.8,31.6,31.8
2021/03/08,32.1,32.6,31.4,31.4
2021/03/09,31.9,32.3,31.1,32.3
2021/03/10,32.3,32.5,31.8,32.2
2021/03/11,32.8,33.2,31.8,32.0
2021/03/12,32.6,33.0,31.3,31.7
2021/03/15,32.0,32.3,31.6,31.7
2021/03/16,32.3,34.1,32.1,33.8
2021/03/17,34.1,34.1,32.2,32.5
2021/03/18,32.7,33.3,32.3,32.5
2021/03/19,32.9,33.4,32.7,32.9
2021/03/22,33.6,33.8,32.8,33.1
2021/03/23,33.2,33.8,32.8,33.0
2021/03/24,33.2,35.1,33.0,33.4
2021/03/25,33.3,33.4,32.5,32.5
2021/03/26,32.5,33.0,32.2,32.5
2021/03/29,32.9,32.9,32.3,32.6
2021/03/30,32.8,33.2,32.5,32.8
2021/03/31,33.0,34.3,33.0,34.0
2021/04/01,34.7,36.7,34.1,35.0
2021/04/06,36.0,38.5,35.3,38.5
2021/04/07,41.3,42.4,39.0,40.0
2021/04/08,40.1,41.7,40.1,40.2
2021/04/09,41.0,44.2,40.4,44.2
2021/04/12,46.0,48.5,43.4,43.4
2021/04/13,44.0,44.5,41.8,42.1
2021/04/14,43.0,44.2,39.7,41.6
2021/04/15,41.4,42.8,41.4,42.7
2021/04/16,42.7,43.5,41.7,42.3
2021/04/19,42.3,43.3,41.5,42.3
2021/04/20,43.5,44.2,42.9,44.0
2021/04/21,44.0,44.2,43.0,43.0
2021/04/22,43.1,45.4,41.8,41.8
2021/04/23,42.6,45.9,41.7,41.9
2021/04/26,42.7,43.0,41.0,41.3
2021/04/27,41.5,42.2,41.3,41.6
2021/04/28,41.9,42.1,41.0,41.7
2021/04/29,42.1,42.1,41.0,41.1
2021/05/03,41.1,41.6,39.0,39.5
2021/05/04,39.6,40.5,35.5,38.0
2021/05/05,39.0,39.8,37.8,38.3
2021/05/06,39.2,39.3,37.7,38.4
2021/05/07,38.9,40.0,38.5,39.9
2021/05/10,40.9,40.9,38.3,38.8
2021/05/11,38.1,39.6,37.6,38.1
2021/05/12,38.1,38.3,34.3,34.4
2021/05/13,31.6,35.2,31.3,34.2
2021/05/14,35.9,37.6,34.3,37.6
2021/05/17,35.2,38.1,34.0,34.7
2021/05/18,35.8,37.6,35.0,36.7
2021/05/19,36.0,37.8,36.0,36.9
2021/05/20,36.4,37.7,36.0,36.0
2021/05/21,36.6,37.7,36.5,37.5
2021/05/24,36.9,38.8,36.8,38.7
2021/05/25,39.3,41.2,39.3,39.5
2021/05/26,40.5,40.9,39.8,40.1
2021/05/27,39.7,40.6,39.3,40.2
2021/05/28,40.5,41.8,39.2,39.6
2021/05/31,39.6,40.3,39.3,39.4
2021/06/01,39.6,41.5,39.6,41.5
2021/06/02,41.4,41.7,37.3,38.2
2021/06/03,38.8,39.7,38.2,39.0
2021/06/04,39.2,39.2,38.0,38.4
2021/06/07,38.4,39.0,37.1,39.0
2021/06/08,39.8,40.4,39.3,39.7
2021/06/09,39.8,40.3,37.9,40.1
2021/06/10,40.1,40.3,39.5,39.7
2021/06/11,39.9,39.9,39.0,39.0
2021/06/15,39.3,39.8,38.0,39.7
2021/06/16,39.6,39.8,38.9,39.0
2021/06/17,39.0,41.2,38.9,41.1
2021/06/18,41.6,41.7,40.2,40.5
2021/06/21,40.0,40.0,38.9,39.0
2021/06/22,39.4,39.6,38.5,38.9
2021/06/23,39.1,41.1,38.9,40.4
2021/06/24,40.6,42.4,39.7,41.6
2021/06/25,42.5,43.5,39.5,40.3
2021/06/28,40.3,40.8,39.8,40.1
2021/06/29,40.6,40.6,39.7,39.9
2021/06/30,40.3,40.4,39.8,39.9
2021/07/01,40.2,42.3,40.1,40.2
2021/07/02,40.4,41.0,40.0,41.0
2021/07/05,41.4,42.3,41.0,42.2
2021/07/06,42.6,43.3,41.6,41.7
2021/07/07,41.7,42.5,41.2,41.4
2021/07/08,42.5,42.9,41.6,41.6
2021/07/09,41.3,43.3,41.0,43.1
2021/07/12,44.4,44.5,42.6,43.3
2021/07/13,43.9,47.3,43.3,44.9
2021/07/14,45.5,46.2,42.5,42.6
2021/07/15,42.7,44.2,42.4,44.1
2021/07/16,43.7,44.6,43.3,43.6
2021/07/19,43.6,45.5,42.6,45.0
2021/07/20,44.5,45.7,43.8,45.5
2021/07/21,46.7,47.4,45.2,46.0
2021/07/22,46.5,48.3,45.7,45.8
2021/07/23,46.0,48.7,45.7,47.8
2021/07/26,48.3,49.5,47.7,48.8
2021/07/27,49.0,49.1,46.3,46.4
2021/07/28,46.0,47.2,42.2,45.6
2021/07/29,46.3,47.3,45.0,47.0
2021/07/30,47.0,48.3,46.3,46.5
2021/08/02,47.2,47.2,45.5,45.6
2021/08/03,45.3,46.3,45.1,45.6
2021/08/04,46.1,46.6,45.0,45.4
2021/08/05,45.7,45.7,44.5,44.8
2021/08/06,45.1,45.1,43.9,44.5
2021/08/09,43.5,44.7,43.2,43.4
2021/08/10,43.4,44.3,42.4,42.7
2021/08/11,43.3,43.9,42.0,42.8
2021/08/12,43.0,43.5,42.6,42.8
2021/08/13,43.1,43.1,40.1,40.3
2021/08/16,40.0,40.9,38.6,39.4
2021/08/17,39.8,39.9,37.7,37.7
2021/08/18,37.5,39.7,36.7,39.5
2021/08/19,39.5,39.5,38.0,38.0
2021/08/20,38.1,39.0,37.4,38.0
2021/08/23,38.3,39.3,38.3,38.9
2021/08/24,39.7,39.8,37.2,38.6
2021/08/25,38.6,40.8,38.6,40.3
2021/08/26,40.8,40.8,39.9,40.8
2021/08/27,40.8,41.0,40.2,40.2
2021/08/30,40.3,41.5,40.3,40.7
2021/08/31,40.8,41.3,40.3,41.2
2021/09/01,41.4,42.5,41.3,42.4
2021/09/02,42.5,43.2,41.6,41.7
2021/09/03,42.4,42.4,41.6,41.8
2021/09/06,42.0,43.2,41.8,41.9
2021/09/07,41.8,42.0,40.7,41.3
2021/09/08,41.9,42.3,40.4,40.4
2021/09/09,40.1,42.1,40.1,41.9
2021/09/10,41.4,42.0,41.4,41.9
2021/09/13,41.2,42.2,41.2,41.7
2021/09/14,41.9,41.9,40.9,41.0
2021/09/15,41.0,41.5,40.4,40.7
2021/09/16,41.0,41.9,40.9,41.4
2021/09/17,41.5,41.9,41.2,41.8
2021/09/22,40.7,41.0,40.0,40.1
2021/09/23,40.5,41.2,40.2,41.1
2021/09/24,41.4,43.2,41.4,43.0
2021/09/27,43.4,43.5,41.6,41.8
2021/09/28,41.9,42.2,41.4,41.6
2021/09/29,40.5,40.8,40.2,40.4
2021/09/30,40.8,40.8,39.5,39.9
2021/10/01,39.4,39.4,37.5,37.5
2021/10/04,38.0,38.1,36.5,36.5
2021/10/05,36.1,37.5,35.0,37.4
2021/10/06,37.4,37.6,36.4,36.5
2021/10/07,36.8,38.4,36.8,38.4
2021/10/08,38.7,38.7,37.9,38.0
2021/10/12,37.8,38.2,37.6,37.9
2021/10/13,38.1,38.2,36.7,36.8
2021/10/14,37.6,37.6,36.3,36.6
2021/10/15,37.2,37.8,37.0,37.7
2021/10/18,38.0,38.1,37.4,37.5
2021/10/19,37.7,39.5,37.7,39.1
2021/10/20,39.5,39.6,39.0,39.3
2021/10/21,39.5,39.7,38.9,39.0
2021/10/22,39.1,39.2,38.6,38.8
2021/10/25,38.8,39.3,38.5,39.0
2021/10/26,39.3,39.8,39.1,39.1
2021/10/27,39.2,41.0,39.1,41.0
2021/10/28,40.6,42.2,40.3,41.5
2021/10/29,41.5,41.9,41.0,41.5
2021/11/01,41.9,43.1,41.7,43.1
2021/11/02,44.0,44.9,42.9,43.5
2021/11/03,44.4,45.3,43.9,44.1
2021/11/04,44.7,46.2,44.5,46.2
2021/11/05,46.5,46.9,43.9,44.5
2021/11/08,43.0,43.1,40.5,40.8
2021/11/09,40.6,40.6,40.0,40.3
2021/11/10,40.3,40.9,40.2,40.7
2021/11/11,40.6,40.9,40.3,40.3
2021/11/12,40.7,41.1,40.4,40.6
2021/11/15,40.5,42.0,40.5,41.7
2021/11/16,41.8,43.4,41.3,42.9
2021/11/17,42.5,42.5,42.0,42.2
2021/11/18,42.5,42.5,41.3,41.3
2021/11/19,41.5,41.7,41.0,41.0
2021/11/22,41.1,41.7,41.1,41.5
2021/11/23,41.6,42.2,40.8,40.8
2021/11/24,41.2,41.8,40.9,41.7
2021/11/25,41.8,42.2,41.2,41.3
2021/11/26,41.5,41.5,40.2,40.3
2021/11/29,39.3,40.6,39.0,40.3
2021/11/30,40.6,42.8,40.6,41.7
2021/12/01,42.0,42.7,41.8,42.3
2021/12/02,42.7,42.7,41.5,41.5
2021/12/03,41.8,42.3,41.7,41.8
2021/12/06,42.1,42.5,41.7,42.3
2021/12/07,42.5,42.6,42.0,42.2
2021/12/08,42.6,42.7,42.1,42.3
2021/12/09,42.3,42.8,41.8,41.8
2021/12/10,41.7,42.3,41.6,41.9
2021/12/13,42.1,42.5,41.9,42.3
2021/12/14,42.3,42.3,41.0,41.7
2021/12/15,41.3,42.1,41.3,42.0
2021/12/16,42.4,43.3,42.1,43.2
2021/12/17,43.2,43.2,40.7,40.7
2021/12/20,40.1,40.5,39.4,40.5
2021/12/21,40.1,40.5,40.0,40.4
2021/12/22,40.7,40.8,40.6,40.6
2021/12/23,40.8,41.5,40.8,41.3
2021/12/24,41.6,41.9,41.0,41.1
2021/12/27,41.7,42.3,41.4,42.0
2021/12/28,42.0,42.4,42.0,42.2
2021/12/29,42.5,42.6,41.9,42.2
2021/12/30,42.5,42.6,42.2,42.2
2022/01/03,42.4,43.0,42.1,42.7
2022/01/04,43.0,43.0,42.0,42.1
2022/01/05,42.1,42.3,41.3,41.4
2022/01/06,41.1,42.1,40.8,41.7
2022/01/07,41.7,41.8,40.0,40.3
2022/01/10,40.2,41.1,39.7,41.0
2022/01/11,41.0,41.2,40.7,41.0
2022/01/12,41.5,42.5,40.8,41.0
2022/01/13,41.5,42.1,41.3,41.4
2022/01/14,41.8,41.8,40.2,40.7
2022/01/17,40.8,41.2,40.5,41.1
2022/01/18,41.3,42.2,41.1,41.3
2022/01/19,40.9,41.4,40.9,41.1
2022/01/20,41.3,41.3,40.5,41.0
2022/01/21,40.6,40.9,40.0,40.0
2022/01/24,39.2,39.9,38.1,39.0
2022/01/25,38.8,39.0,38.0,38.0
2022/01/26,38.0,38.3,37.8,38.1
2022/02/07,38.2,39.2,38.2,38.9
2022/02/08,39.1,39.2,38.5,39.0
2022/02/09,39.2,39.8,39.1,39.8
2022/02/10,40.0,40.0,39.1,39.3
2022/02/11,39.2,39.5,38.9,39.1
2022/02/14,38.8,38.8,38.2,38.5
2022/02/15,38.5,39.3,38.5,38.6
2022/02/16,39.0,39.3,38.8,39.1
2022/02/17,39.3,39.7,39.2,39.4
2022/02/18,38.9,39.7,38.9,39.4
2022/02/21,39.9,40.2,39.8,39.8
2022/02/22,39.6,39.7,38.8,39.0
2022/02/23,39.1,39.6,39.0,39.4
2022/02/24,39.2,40.5,39.0,39.1
2022/02/25,39.0,39.5,38.2,38.6
2022/03/01,38.8,38.9,38.5,38.8
2022/03/02,38.7,38.9,38.3,38.7
2022/03/03,38.9,39.0,38.6,38.7
2022/03/04,38.7,38.8,38.3,38.3
2022/03/07,38.2,38.2,36.8,37.0
2022/03/08,36.7,37.0,35.8,35.9
2022/03/09,36.1,36.3,35.8,36.0
2022/03/10,37.0,37.1,36.6,36.7
2022/03/11,36.8,36.8,36.1,36.4
2022/03/14,36.5,36.8,36.4,36.6
2022/03/15,36.6,36.6,35.5,35.5
2022/03/16,35.8,35.9,35.3,35.4
2022/03/17,36.0,36.4,35.9,36.3
2022/03/18,36.4,36.7,36.3,36.6
2022/03/21,36.7,37.0,36.7,36.9
2022/03/22,37.0,37.2,36.7,37.2
2022/03/23,37.3,37.7,37.0,37.2
2022/03/24,37.0,37.4,37.0,37.3
2022/03/25,37.4,37.5,37.0,37.2
2022/03/28,37.1,37.1,36.4,36.9
2022/03/29,37.2,37.2,36.7,36.8
2022/03/30,37.0,37.1,36.8,37.1
2022/03/31,37.2,37.2,36.4,36.6
2022/04/01,36.4,36.4,36.1,36.4
2022/04/06,36.6,36.6,36.0,36.1
2022/04/07,36.1,36.2,35.2,35.2
2022/04/08,35.2,35.5,35.1,35.5
2022/04/11,35.4,35.6,34.1,34.1
2022/04/12,33.5,34.4,33.4,33.9
2022/04/13,34.1,34.6,34.1,34.6
2022/04/14,34.8,34.8,34.2,34.3
2022/04/15,34.2,34.2,33.6,33.7
2022/04/18,33.5,33.7,32.9,33.6
2022/04/19,33.9,34.1,33.8,33.9
2022/04/20,34.1,34.1,33.8,34.0
2022/04/21,34.1,34.4,34.1,34.3
2022/04/22,34.2,34.2,34.0,34.0
2022/04/25,33.9,33.9,32.5,32.8
2022/04/26,33.1,34.4,33.1,34.2
2022/04/27,33.5,33.5,32.7,33.1
2022/04/28,33.4,33.4,32.9,33.2
2022/04/29,33.3,33.7,33.3,33.3
2022/05/03,33.2,33.6,33.1,33.5
2022/05/04,33.7,33.8,33.4,33.5
2022/05/05,33.9,34.5,33.8,34.4
2022/05/06,33.6,34.2,33.3,34.2
2022/05/09,33.7,33.8,33.1,33.1
2022/05/10,33.1,33.6,32.3,33.4
2022/05/11,33.3,33.3,32.9,32.9
2022/05/12,32.5,33.0,32.0,32.0
2022/05/13,32.3,33.5,32.2,33.4
2022/05/16,33.6,33.9,33.4,33.8
2022/05/17,34.0,34.4,33.8,34.2
2022/05/18,34.5,34.7,33.8,33.9
2022/05/19,33.4,34.0,33.3,33.9
2022/05/20,34.0,34.2,33.9,33.9
2022/05/23,34.0,34.3,33.9,34.1
2022/05/24,34.2,34.3,33.4,33.5
2022/05/25,33.6,33.9,33.3,33.7
2022/05/26,33.8,34.1,33.6,33.6
2022/05/27,33.3,33.9,33.3,33.8
2022/05/30,34.1,34.4,34.0,34.2
2022/05/31,34.1,34.5,34.1,34.4
2022/06/01,34.4,35.3,34.4,35.1
2022/06/02,35.1,35.1,34.7,34.8
2022/06/06,34.8,34.8,34.4,34.5
2022/06/07,34.4,34.6,34.3,34.4
2022/06/08,34.4,34.6,34.3,34.3
2022/06/09,34.3,34.4,34.1,34.4
2022/06/10,34.2,34.3,34.1,34.2
2022/06/13,33.6,33.6,33.3,33.4
2022/06/14,33.4,33.4,32.6,33.1
2022/06/15,33.1,33.4,32.8,33.1
2022/06/16,33.4,33.5,32.5,32.5
2022/06/17,32.0,32.1,31.7,32.0
2022/06/20,32.0,32.0,30.5,30.6
2022/06/21,30.8,31.5,30.8,31.5
2022/06/22,31.5,31.5,30.1,30.3
2022/06/23,30.3,30.6,29.9,30.4
2022/06/24,30.7,31.4,30.6,31.0
2022/06/27,31.5,31.9,31.4,31.6
2022/06/28,31.6,31.6,31.1,31.3
2022/06/29,31.1,31.9,31.0,31.9
2022/06/30,31.9,31.9,30.6,30.8
2022/07/01,30.7,30.7,29.2,29.2
2022/07/04,29.3,29.8,29.0,29.3
2022/07/05,29.9,30.0,29.3,29.9
2022/07/06,29.9,30.5,29.7,30.1
2022/07/07,30.2,30.5,29.7,30.4
2022/07/08,30.4,30.9,30.4,30.6
2022/07/11,30.3,31.1,29.9,29.9
2022/07/12,29.9,29.9,28.3,28.3
2022/07/13,28.8,29.1,28.8,28.8
2022/07/14,26.3,29.0,26.3,28.9
2022/07/15,29.1,29.2,28.6,29.2
2022/07/18,29.3,29.9,29.3,29.8
2022/07/19,29.8,30.2,29.7,30.0
2022/07/20,30.2,30.5,30.1,30.1
2022/07/21,27.9,28.4,27.9,28.4
2022/07/22,28.4,28.5,28.1,28.1
2022/07/25,28.3,28.3,28.0,28.2
2022/07/26,28.1,28.2,27.5,27.7
2022/07/27,28.1,28.1,27.6,27.7
2022/07/28,28.2,28.4,27.9,28.4
2022/07/29,28.5,28.7,28.4,28.5
2022/08/01,28.5,28.9,28.5,28.6
2022/08/02,28.3,28.7,28.2,28.6
2022/08/03,28.5,28.8,28.0,28.0
2022/08/04,28.0,28.2,27.6,28.0
2022/08/05,28.4,28.7,28.3,28.3
2022/08/08,28.3,28.9,28.2,28.7
2022/08/09,28.6,29.1,28.6,28.9
2022/08/10,28.7,28.9,28.7,28.8
2022/08/11,29.0,29.0,28.7,28.9
2022/08/12,29.0,29.2,28.6,28.8
2022/08/15,29.0,29.4,28.9,29.2
2022/08/16,29.4,29.7,29.0,29.6
2022/08/17,30.1,30.2,29.6,29.6
2022/08/18,29.7,29.8,29.3,29.6
2022/08/19,29.9,30.2,29.6,30.0
2022/08/22,29.8,29.8,29.4,29.5
2022/08/23,29.2,29.2,28.8,29.2
2022/08/24,29.2,29.7,29.2,29.3
2022/08/25,29.3,29.5,29.2,29.2
2022/08/26,29.4,29.5,29.2,29.3
2022/08/29,28.6,28.7,28.4,28.6
2022/08/30,28.5,29.0,28.4,29.0
2022/08/31,28.9,29.3,28.8,29.3
2022/09/01,29.2,29.3,28.8,28.8
2022/09/02,29.0,29.0,28.6,28.6
2022/09/05,28.5,28.5,28.0,28.1
2022/09/06,28.1,28.2,27.5,27.6
2022/09/07,27.4,27.4,27.2,27.2
2022/09/08,27.6,27.9,27.2,27.7
2022/09/12,28.1,28.5,27.9,28.2
2022/09/13,28.5,28.5,28.1,28.2
2022/09/14,27.6,28.2,27.5,28.1
2022/09/15,28.1,28.4,28.0,28.1
2022/09/16,27.9,28.2,27.8,27.9
2022/09/19,27.9,27.9,27.5,27.5
2022/09/20,27.5,27.6,27.2,27.4
2022/09/21,27.1,27.3,27.0,27.0
2022/09/22,26.9,27.1,26.6,27.1
2022/09/23,27.4,27.4,26.6,26.7
2022/09/26,26.2,26.3,25.2,25.3
2022/09/27,25.4,25.6,25.2,25.6
2022/09/28,25.7,25.7,23.6,24.3
2022/09/29,24.5,25.5,24.5,25.3
2022/09/30,25.0,25.2,24.5,25.2
2022/10/03,25.0,25.4,24.9,25.1
2022/10/04,25.5,25.8,25.4,25.7
2022/10/05,26.1,26.1,25.6,25.7
2022/10/06,25.7,25.7,25.4,25.5
2022/10/07,25.5,25.6,25.4,25.6
2022/10/11,25.0,25.0,24.3,24.5
2022/10/12,24.4,25.0,24.1,24.7
2022/10/13,24.7,24.7,23.5,23.6
2022/10/14,24.3,24.8,24.2,24.6
2022/10/17,24.2,24.7,23.8,24.6
2022/10/18,24.9,25.5,24.8,25.3
2022/10/19,25.4,25.6,25.1,25.2
2022/10/20,24.8,25.0,24.7,24.9
2022/10/21,24.9,25.7,24.2,25.5
2022/10/24,26.0,26.1,25.7,25.8
2022/10/25,26.0,28.3,25.6,25.6
2022/10/26,25.5,28.2,25.5,28.0
2022/10/27,27.7,28.4,27.5,27.6
2022/10/28,28.0,30.2,27.5,28.0
2022/10/31,28.0,28.5,27.8,28.4
2022/11/01,28.1,28.5,27.9,28.4
2022/11/02,28.5,29.4,28.4,28.5
2022/11/03,28.1,28.8,28.1,28.5
2022/11/04,28.6,30.1,28.6,29.1
2022/11/07,28.9,29.6,28.2,29.4
2022/11/08,29.2,30.3,29.2,29.4
2022/11/09,29.9,31.1,29.6,30.2
2022/11/10,30.2,30.6,29.4,29.4
2022/11/11,30.1,30.4,29.1,29.2
2022/11/14,29.3,29.8,29.3,29.6
2022/11/15,29.5,29.8,29.4,29.7
2022/11/16,29.7,30.2,29.3,29.3
2022/11/17,29.6,30.0,29.5,29.8
2022/11/18,29.8,30.1,29.1,29.1
2022/11/21,29.2,29.3,28.9,28.9
2022/11/22,28.9,29.0,28.7,28.9
2022/11/23,29.1,29.4,29.0,29.1
2022/11/24,29.4,29.4,29.0,29.2
2022/11/25,29.2,29.6,29.1,29.2
2022/11/28,28.8,29.6,28.8,29.3
2022/11/29,29.3,29.5,29.2,29.4
2022/11/30,29.4,30.0,29.4,29.8
2022/12/01,30.1,30.2,29.7,30.0
2022/12/02,30.0,30.1,29.8,29.8
2022/12/05,29.7,30.2,29.7,29.8
2022/12/06,30.0,30.0,29.2,29.2
2022/12/07,29.8,29.8,28.6,28.9
2022/12/08,28.8,29.3,28.3,29.0
2022/12/09,29.0,29.2,28.9,28.9
2022/12/12,28.9,29.1,28.4,29.1
2022/12/13,29.3,29.9,29.1,29.5
2022/12/14,29.9,29.9,29.5,29.5
2022/12/15,29.5,30.0,29.5,29.7
2022/12/16,29.5,30.1,29.4,29.9
2022/12/19,29.7,30.1,29.7,29.9
2022/12/20,29.7,29.9,29.3,29.4
2022/12/21,30.0,30.5,29.4,29.4
2022/12/22,29.8,30.2,29.7,29.7
2022/12/23,29.7,30.2,29.6,30.1
2022/12/26,30.2,31.3,30.2,30.7
2022/12/27,30.9,31.1,30.5,30.6
2022/12/28,30.6,30.9,29.8,29.8
2022/12/29,29.8,30.6,29.8,30.6
2022/12/30,30.6,30.9,30.5,30.7
2023/01/03,30.7,31.1,30.5,30.8
2023/01/04,30.8,31.0,30.6,30.8
2023/01/05,31.0,31.1,30.4,30.4
2023/01/06,30.4,30.7,30.3,30.4
2023/01/09,30.5,30.9,30.5,30.8
2023/01/10,30.9,30.9,30.3,30.3
2023/01/11,30.5,30.6,30.0,30.0
2023/01/12,30.0,30.0,29.5,29.5
2023/01/13,29.7,30.0,29.0,29.0
2023/01/16,29.0,29.0,28.8,28.8
2023/01/17,28.9,29.0,28.8,28.9
2023/01/30,29.6,29.6,29.1,29.1
2023/01/31,29.1,29.5,29.1,29.4
2023/02/01,29.7,29.7,29.4,29.6
2023/02/02,29.6,29.8,29.5,29.5
2023/02/03,29.5,29.7,29.4,29.5
2023/02/06,29.4,29.6,29.3,29.3
2023/02/07,29.4,29.4,29.2,29.3
2023/02/08,29.4,29.6,29.2,29.6
2023/02/09,29.6,30.1,29.6,29.9
2023/02/10,30.0,30.0,29.5,29.6
2023/02/13,29.6,29.7,29.2,29.3
2023/02/14,29.3,29.4,29.1,29.3
2023/02/15,29.3,29.3,29.1,29.2
2023/02/16,29.4,29.4,29.1,29.2
2023/02/17,29.2,29.3,29.1,29.2
2023/02/20,29.4,29.5,29.3,29.3
2023/02/21,29.8,30.1,29.3,29.4
2023/02/22,29.3,29.4,29.1,29.4
2023/02/23,29.4,29.6,29.3,29.6
2023/02/24,29.7,29.7,29.3,29.4
2023/03/01,29.4,29.4,29.1,29.2
2023/03/02,29.3,29.6,29.3,29.5
2023/03/03,29.6,30.0,29.6,29.9
2023/03/06,30.2,30.2,30.0,30.0
2023/03/07,30.0,30.2,30.0,30.1
2023/03/08,30.1,30.3,30.0,30.3
2023/03/09,30.4,30.5,30.0,30.1
2023/03/10,30.0,30.1,29.5,29.6
2023/03/13,29.3,29.4,28.9,29.3
2023/03/14,29.3,29.3,29.1,29.2
2023/03/15,29.2,29.5,29.2,29.3
2023/03/16,29.2,29.2,28.7,28.7
2023/03/17,28.8,29.2,28.8,29.2
2023/03/20,29.2,29.3,29.1,29.2
2023/03/21,29.2,29.5,29.2,29.5
2023/03/22,29.7,29.7,29.4,29.6
2023/03/23,29.6,29.9,29.5,29.7
2023/03/24,29.8,30.1,29.6,30.0
2023/03/27,30.1,30.1,29.8,29.8
2023/03/28,29.8,29.9,29.4,29.5
2023/03/29,29.5,29.5,29.3,29.3
2023/03/30,29.4,29.5,29.3,29.4
2023/03/31,29.4,29.6,29.4,29.5
2023/04/06,29.8,29.8,29.3,29.5
2023/04/07,29.7,29.9,29.5,29.6
2023/04/10,29.7,29.7,29.4,29.5
2023/04/11,29.4,29.5,29.4,29.5
2023/04/12,29.5,29.9,29.5,29.8
2023/04/13,29.8,29.8,29.6,29.6
2023/04/14,29.6,29.8,29.6,29.6
2023/04/17,29.6,30.1,29.6,30.1
2023/04/18,30.1,30.3,29.8,29.9
2023/04/19,29.9,29.9,29.6,29.6
2023/04/20,29.6,29.6,29.3,29.3
2023/04/21,29.4,29.4,28.9,29.0
2023/04/24,29.0,29.1,28.7,29.1
2023/04/25,29.1,29.1,28.2,28.3
2023/04/26,28.3,28.7,28.2,28.7
2023/04/27,28.7,29.0,28.4,28.7
2023/04/28,28.9,29.0,28.8,28.9
2023/05/02,29.2,29.3,29.0,29.3
2023/05/03,29.3,29.4,29.1,29.4
2023/05/04,29.4,29.7,29.4,29.6
2023/05/05,29.8,29.9,29.5,29.6
2023/05/08,29.2,29.7,28.8,29.6
2023/05/09,29.5,30.5,29.5,29.6
2023/05/10,29.6,30.0,29.4,29.4
2023/05/11,29.8,29.8,29.0,29.1
2023/05/12,29.1,29.3,28.9,29.1
2023/05/15,29.1,29.1,28.9,28.9
2023/05/16,28.9,29.2,28.9,29.1
2023/05/17,29.1,29.5,29.0,29.4
2023/05/18,29.5,29.5,29.4,29.4
2023/05/19,29.6,30.3,29.6,29.6
2023/05/22,29.6,29.9,29.6,29.7
2023/05/23,29.7,29.8,29.6,29.7
2023/05/24,29.7,30.1,29.7,29.9
2023/05/25,30.0,30.2,29.8,30.0
2023/05/26,30.0,30.0,29.8,29.9
2023/05/29,29.9,30.1,29.9,30.0
2023/05/30,30.0,30.0,29.7,29.8
2023/05/31,29.8,30.5,29.8,30.4
2023/06/01,30.6,31.8,30.5,30.6
2023/06/02,30.7,32.6,30.7,32.5
2023/06/05,32.4,32.7,31.9,31.9
2023/06/06,31.8,32.2,31.3,31.6
2023/06/07,31.6,31.9,31.4,31.4
2023/06/08,31.7,31.7,31.0,31.0
2023/06/09,31.2,31.4,30.6,31.2
2023/06/12,31.6,32.1,31.0,32.0
2023/06/13,32.0,32.3,31.8,31.8
2023/06/14,31.9,32.1,31.7,31.7
2023/06/15,31.7,31.7,31.3,31.3
2023/06/16,31.3,31.5,31.0,31.0
2023/06/19,30.8,31.2,30.7,31.1
2023/06/20,31.1,31.1,30.8,30.8
2023/06/21,30.7,31.4,30.7,30.8
2023/06/26,30.8,30.8,30.3,30.3
2023/06/27,30.2,30.6,30.1,30.2
2023/06/28,30.2,30.5,30.2,30.2
2023/06/29,30.4,30.4,30.1,30.2
2023/06/30,30.4,30.4,30.1,30.2
2023/07/03,30.3,30.6,30.3,30.4
2023/07/04,30.5,30.5,30.2,30.3
2023/07/05,30.4,30.7,30.2,30.5
2023/07/06,30.4,30.7,30.4,30.6
2023/07/07,30.7,30.7,30.0,30.1
2023/07/10,30.3,30.5,30.0,30.2
2023/07/11,30.3,30.6,30.3,30.4
2023/07/12,30.8,31.3,30.6,31.2
2023/07/13,32.2,32.6,31.3,31.8
2023/07/14,32.8,34.2,32.7,33.9
2023/07/17,33.6,35.9,33.2,34.8
2023/07/18,34.9,35.1,33.5,34.0
2023/07/19,34.0,34.0,33.0,33.1
2023/07/20,33.2,35.3,33.2,34.7
2023/07/21,33.9,35.4,33.8,34.6
2023/07/24,34.3,34.4,33.4,33.6
2023/07/25,33.6,35.0,33.6,34.7
2023/07/26,34.7,34.7,33.5,33.6
2023/07/27,33.7,34.1,33.1,33.4
2023/07/28,33.4,34.2,33.2,33.8
2023/07/31,34.0,34.2,33.6,33.7
2023/08/01,34.2,34.7,33.7,34.2
2023/08/02,35.0,35.2,33.8,33.8
2023/08/04,31.3,31.6,30.9,31.2
2023/08/07,30.1,30.1,29.0,29.5
2023/08/08,29.5,29.8,29.2,29.3
2023/08/09,29.1,29.1,28.6,28.7
2023/08/10,28.6,28.6,27.3,27.4
2023/08/11,27.5,27.6,27.0,27.1
2023/08/14,27.1,27.1,26.5,26.8
2023/08/15,26.8,27.3,26.8,27.2
2023/08/16,26.6,27.0,26.5,26.8
2023/08/17,26.6,27.6,26.3,27.6
2023/08/18,27.5,27.6,26.8,27.0
2023/08/21,27.0,27.4,26.9,27.1
2023/08/22,27.2,27.4,27.1,27.1
2023/08/23,27.3,27.6,27.0,27.5
2023/08/24,27.8,27.9,27.3,27.3
2023/08/25,27.2,27.9,27.1,27.4
2023/08/28,27.6,27.6,27.0,27.0
2023/08/29,27.2,27.5,27.2,27.4
2023/08/30,27.5,27.9,27.5,27.9
2023/08/31,28.0,28.0,27.7,27.9
2023/09/01,28.2,28.5,28.0,28.4
2023/09/04,28.4,28.5,28.2,28.2
2023/09/05,28.5,28.5,28.3,28.4
2023/09/06,28.5,28.5,28.0,28.3
2023/09/07,28.4,28.5,28.0,28.0
2023/09/08,28.2,28.3,27.8,27.9
2023/09/11,28.0,28.0,27.2,27.3
2023/09/12,27.5,27.6,27.3,27.6
2023/09/13,27.7,27.9,27.7,27.8
2023/09/14,28.2,28.2,28.0,28.0
2023/09/15,28.2,28.2,27.9,27.9
2023/09/18,27.9,28.3,27.9,28.1
2023/09/19,28.1,28.2,27.7,27.7
2023/09/20,27.7,27.8,27.5,27.5
2023/09/21,27.2,27.4,27.2,27.2
2023/09/22,27.2,27.2,26.8,27.0
2023/09/25,27.2,27.5,27.2,27.5
2023/09/26,27.2,27.4,27.0,27.0
2023/09/27,27.0,27.0,26.8,27.0
2023/09/28,27.5,27.5,27.0,27.1
2023/10/02,27.3,27.7,27.2,27.3
2023/10/03,27.1,27.3,27.1,27.1
2023/10/04,27.2,27.2,27.0,27.0
2023/10/05,27.0,27.2,27.0,27.1
2023/10/06,27.1,27.3,27.0,27.2
2023/10/11,27.5,27.5,26.9,26.9
2023/10/12,27.0,27.2,26.9,27.2
2023/10/13,27.2,27.7,27.2,27.2
2023/10/16,27.2,27.2,27.0,27.1
2023/10/17,27.5,27.5,26.9,26.9
2023/10/18,26.9,27.0,26.8,26.8
2023/10/19,26.6,26.8,26.6,26.7
2023/10/20,26.7,26.8,26.1,26.4
2023/10/23,26.4,26.5,26.1,26.3
2023/10/24,26.5,26.7,26.3,26.5
2023/10/25,26.5,27.3,26.5,27.0
2023/10/26,26.8,26.9,26.6,26.6
2023/10/27,26.8,27.3,26.7,26.8
2023/10/30,27.1,27.1,26.7,26.7
2023/10/31,26.7,27.1,26.5,26.5
2023/11/01,26.4,26.6,26.3,26.5
2023/11/02,26.9,27.2,26.7,27.0
2023/11/03,26.9,27.3,26.8,27.3
2023/11/06,27.3,27.3,27.0,27.1
2023/11/07,27.2,27.3,27.0,27.0
2023/11/08,27.1,27.1,26.8,26.8
2023/11/09,26.9,26.9,26.7,26.7
2023/11/10,26.7,26.7,26.3,26.5
2023/11/13,26.6,27.0,26.5,26.5
2023/11/14,26.5,26.7,26.3,26.5
2023/11/15,26.6,27.0,26.6,26.8
2023/11/16,26.8,27.0,26.6,27.0
2023/11/17,26.8,26.8,26.5,26.7
2023/11/20,26.7,27.1,26.7,27.1
2023/11/21,27.2,27.4,27.0,27.4
2023/11/22,27.2,27.5,27.2,27.4
2023/11/23,27.5,27.5,27.3,27.3
2023/11/24,27.3,27.3,27.2,27.2
2023/11/27,27.2,27.2,27.0,27.0
2023/11/28,27.0,27.5,27.0,27.5
2023/11/29,27.5,27.5,27.2,27.3
2023/11/30,27.4,27.4,27.2,27.3
2023/12/01,27.3,28.0,27.3,28.0
2023/12/04,28.0,28.5,28.0,28.4
2023/12/05,28.5,28.5,27.9,28.1
2023/12/06,28.2,28.4,28.2,28.4
2023/12/07,28.4,28.4,28.0,28.0
2023/12/08,27.9,28.2,27.9,28.1
2023/12/11,28.1,28.2,28.0,28.1
2023/12/12,28.1,28.2,28.1,28.2
2023/12/13,28.2,28.4,28.1,28.3
2023/12/14,28.5,28.6,28.3,28.4
2023/12/15,28.4,28.5,28.3,28.5
2023/12/18,28.5,28.6,28.2,28.3
2023/12/19,28.2,28.2,27.6,27.8
2023/12/20,27.8,27.9,27.8,27.9
2023/12/21,27.8,27.9,27.7,27.7
2023/12/22,27.7,27.8,27.6,27.7
2023/12/25,27.7,27.8,27.6,27.6
2023/12/26,27.6,27.7,27.6,27.7
2023/12/27,27.7,28.1,27.7,28.0
2023/12/28,28.3,28.3,28.0,28.1
2023/12/29,28.2,28.2,27.9,28.0
2024/01/02,28.0,28.0,27.7,27.7
2024/01/03,27.7,27.9,27.6,27.9
2024/01/04,28.1,28.1,27.8,27.8
2024/01/05,27.6,27.7,27.6,27.6
2024/01/08,27.8,27.8,27.4,27.4
2024/01/09,27.5,27.5,26.9,27.1
2024/01/10,27.1,27.1,26.9,26.9
2024/01/11,26.9,27.1,26.9,27.0
2024/01/12,27.1,27.1,26.9,26.9
2024/01/15,26.9,27.0,26.8,26.8
2024/01/16,26.9,29.5,26.6,29.5
2024/01/17,29.8,31.1,28.1,28.4
2024/01/18,27.5,28.4,27.5,28.2
2024/01/19,28.1,28.4,27.7,27.8
2024/01/22,27.8,28.6,27.7,28.0
2024/01/23,28.0,28.6,27.5,27.9
2024/01/24,28.1,29.1,28.1,28.1
2024/01/25,28.4,28.6,28.2,28.2
2024/01/26,28.4,28.5,28.1,28.2
2024/01/29,28.0,28.2,28.0,28.1
2024/01/30,28.3,28.7,28.0,28.5
2024/01/31,28.5,28.5,28.0,28.0
2024/02/01,28.2,28.2,27.9,28.1
2024/02/02,28.1,28.1,27.9,28.1
2024/02/05,28.2,28.2,27.9,28.2
2024/02/15,28.2,28.5,28.0,28.4
2024/02/16,28.7,29.1,28.6,29.0
2024/02/19,29.4,29.5,29.1,29.1
2024/02/20,29.1,29.2,28.7,28.8
2024/02/21,28.8,29.2,28.8,29.1
2024/02/22,29.5,29.6,29.1,29.4
2024/02/23,29.5,30.6,29.4,29.4
2024/02/26,29.4,29.5,29.1,29.4
2024/02/27,29.5,29.9,28.8,29.1
2024/02/29,29.1,29.1,28.8,28.9
2024/03/01,29.3,29.3,28.6,28.7
2024/03/04,28.7,28.8,28.6,28.6
2024/03/05,28.6,28.6,28.2,28.4
2024/03/06,28.2,28.9,28.2,28.9
2024/03/07,28.9,29.2,28.3,28.4
2024/03/08,28.6,28.6,27.7,28.0
2024/03/11,28.0,28.4,28.0,28.1
2024/03/12,28.1,28.4,28.1,28.4
2024/03/13,28.4,28.5,27.9,28.1
2024/03/14,28.1,28.4,27.8,27.8
2024/03/15,27.5,27.8,27.4,27.6
2024/03/18,27.5,27.6,27.3,27.5
2024/03/19,27.4,28.2,27.4,28.0
2024/03/20,28.0,28.1,27.9,28.0
2024/03/21,28.1,28.3,28.0,28.2
2024/03/22,28.2,28.8,28.2,28.8
2024/03/25,29.0,29.1,28.7,29.1
2024/03/26,29.1,29.2,28.4,28.8
2024/03/27,28.6,28.9,28.5,28.8
2024/03/28,28.8,29.1,28.7,28.7
2024/03/29,28.6,28.8,28.5,28.6
2024/04/01,28.6,29.2,28.6,29.1
2024/04/02,29.2,29.5,28.9,29.2
2024/04/03,29.2,29.4,29.1,29.2
2024/04/08,29.2,29.6,29.2,29.4
2024/04/09,29.4,29.8,29.3,29.6
2024/04/10,30.0,31.4,30.0,30.6
2024/04/11,30.7,30.8,30.1,30.4
2024/04/12,30.6,31.2,30.5,30.6
2024/04/15,30.6,30.6,30.2,30.3
2024/04/16,30.3,30.3,29.1,29.6
2024/04/17,29.8,30.3,29.8,30.0
2024/04/18,29.9,30.2,29.7,30.1
2024/04/19,30.0,30.1,28.6,29.2
2024/04/22,29.2,29.4,28.8,29.0
2024/04/23,29.3,29.3,29.0,29.3
2024/04/24,29.5,29.8,29.4,29.8
2024/04/25,29.7,29.7,29.2,29.3
2024/04/26,29.3,29.7,29.2,29.3
2024/04/29,29.3,29.8,29.3,29.6
2024/04/30,29.6,29.9,29.6,29.7
2024/05/02,29.7,29.8,29.5,29.5
2024/05/03,29.8,30.0,29.6,29.8
2024/05/06,30.0,30.1,29.8,30.0
2024/05/07,30.2,30.5,29.8,30.0
2024/05/08,30.2,30.6,30.0,30.6
2024/05/09,30.9,30.9,30.4,30.5
2024/05/10,30.6,30.7,30.2,30.7
2024/05/13,31.3,31.3,30.5,30.5
2024/05/14,30.6,30.7,30.1,30.1
2024/05/15,30.1,30.4,30.0,30.1
2024/05/16,30.4,30.8,30.3,30.3
2024/05/17,30.3,30.3,30.1,30.2
2024/05/20,30.4,30.4,29.9,30.0
2024/05/21,30.0,30.3,29.8,30.2
2024/05/22,30.2,30.7,30.2,30.7
2024/05/23,30.7,30.7,30.3,30.3
2024/05/24,30.2,30.7,30.1,30.7
2024/05/27,31.0,32.0,31.0,31.4
2024/05/28,31.7,31.7,31.1,31.4
2024/05/29,31.5,31.6,31.0,31.1
2024/05/30,31.0,31.3,30.5,30.6
2024/05/31,30.7,31.3,30.7,31.0
2024/06/03,31.1,31.1,30.8,30.8
2024/06/04,30.9,30.9,30.2,30.2
2024/06/05,30.2,30.4,29.9,30.0
2024/06/06,30.5,32.7,30.4,32.0
2024/06/07,32.1,32.8,31.7,31.8
2024/06/11,31.9,32.6,31.9,32.0
2024/06/12,32.9,33.7,32.5,32.8
2024/06/13,32.8,32.9,32.1,32.3
2024/06/14,32.4,32.8,32.1,32.1
2024/06/17,31.8,32.3,31.7,32.1
2024/06/18,31.8,31.9,31.2,31.8
2024/06/19,31.8,32.1,30.9,31.7
2024/06/20,32.0,32.2,31.2,31.6
2024/06/21,31.6,32.5,31.5,32.4
2024/06/24,32.4,32.4,31.8,31.8
2024/06/25,31.8,31.8,31.2,31.5
2024/06/26,31.4,31.9,31.4,31.5
2024/06/27,31.4,31.6,31.2,31.2
2024/06/28,31.2,31.7,31.2,31.2
2024/07/01,31.4,31.5,31.2,31.3
2024/07/02,31.2,31.6,30.9,31.0
2024/07/03,31.2,31.4,30.9,30.9
2024/07/04,30.5,33.1,30.5,33.0
2024/07/05,32.9,33.6,32.3,33.2
2024/07/08,35.0,36.1,33.2,34.7
2024/07/09,34.7,34.7,33.0,33.0
2024/07/10,33.0,34.6,33.0,34.2
2024/07/11,34.7,37.2,34.2,35.9
2024/07/12,35.3,35.8,35.0,35.6
2024/07/15,36.4,37.9,35.5,37.3
2024/07/16,37.6,39.4,36.5,37.2
2024/07/17,37.0,37.6,36.4,37.5
2024/07/18,37.0,37.3,36.0,36.4
2024/07/19,36.4,36.4,34.9,35.1
2024/07/22,35.0,35.1,33.6,33.9
2024/07/23,34.6,37.0,34.6,36.4
2024/07/26,35.2,36.3,34.5,36.2
2024/07/29,36.4,36.9,35.5,35.7
2024/07/30,35.2,36.6,34.6,36.4
2024/07/31,36.0,36.4,35.3,35.3
2024/08/01,35.9,36.6,35.8,36.0
2024/08/02,35.4,35.4,34.2,34.2
2024/08/05,32.5,32.6,30.8,30.8
2024/08/06,31.0,31.5,27.7,28.9
2024/08/07,29.5,31.7,29.2,31.5
2024/08/08,30.6,33.3,30.2,32.0
2024/08/09,33.1,33.6,32.5,32.9
2024/08/12,33.0,33.4,32.4,33.0
2024/08/13,32.8,33.2,32.3,33.2
2024/08/14,33.9,34.3,33.2,33.3
2024/08/15,34.0,35.4,33.9,34.6
2024/08/16,36.0,38.1,35.9,37.2
2024/08/19,37.8,37.9,36.6,37.0
2024/08/20,37.3,37.8,37.0,37.1
2024/08/21,37.2,38.3,37.0,37.4
2024/08/22,37.7,39.1,37.0,38.1
2024/08/23,38.9,41.8,37.7,40.6
2024/08/26,41.8,41.8,38.8,38.8
2024/08/27,39.8,40.9,38.9,40.0
2024/08/28,40.3,40.3,38.7,39.2
2024/08/29,38.6,39.4,38.5,38.8
2024/08/30,39.1,39.4,37.7,37.8
2024/09/02,38.3,38.6,37.2,37.3
2024/09/03,37.0,39.5,36.8,37.9
2024/09/04,34.5,36.4,34.1,35.5
2024/09/05,35.7,37.3,35.7,36.7
2024/09/06,37.1,37.7,36.4,37.3
2024/09/09,36.4,36.9,35.9,36.3
2024/09/10,37.1,37.2,34.0,34.4
2024/09/11,34.6,34.8,33.4,33.6
2024/09/12,34.6,35.5,34.3,35.0
2024/09/13,35.5,35.6,34.5,35.5
2024/09/16,35.8,36.3,35.7,36.0
2024/09/18,36.4,36.5,35.2,35.2
2024/09/19,35.4,36.0,35.0,36.0
2024/09/20,36.4,36.4,35.6,36.0
2024/09/23,36.1,37.8,35.9,37.4
2024/09/24,37.0,38.2,36.6,37.1
2024/09/25,37.6,39.0,37.4,37.4
2024/09/26,38.0,38.0,36.5,36.6
2024/09/27,36.9,36.9,35.6,36.0
2024/09/30,36.0,36.0,34.9,35.1
2024/10/01,35.2,35.5,34.6,35.0
2024/10/04,35.0,35.0,33.7,33.8
2024/10/07,34.2,34.7,34.2,34.5
2024/10/08,34.5,34.5,33.5,34.1
2024/10/09,34.7,35.4,34.3,34.5
2024/10/11,34.5,34.7,34.0,34.1
2024/10/14,34.1,35.2,34.0,35.1
2024/10/15,35.4,36.6,35.3,35.3
2024/10/16,35.2,36.7,34.9,36.5
2024/10/17,37.1,37.9,36.8,37.2
2024/10/18,37.2,37.3,36.7,37.0
2024/10/21,37.3,37.8,37.1,37.5
2024/10/22,37.7,40.7,37.3,39.9
2024/10/23,40.0,40.3,39.2,39.3
2024/10/24,39.7,39.8,38.7,38.7
2024/10/25,38.9,41.4,38.7,40.5
2024/10/28,41.1,41.1,39.7,40.2
2024/10/29,39.8,39.8,38.8,39.0
2024/10/30,39.2,40.3,38.4,39.4
2024/11/01,38.3,40.1,38.3,39.9
2024/11/04,40.0,41.1,39.3,40.2
2024/11/05,40.4,40.9,39.6,39.7
2024/11/06,40.0,40.0,39.1,39.1
2024/11/07,38.7,39.7,38.6,39.6
2024/11/08,39.8,41.2,39.3,39.4
2024/11/11,39.1,39.1,35.7,36.0
2024/11/12,35.3,35.5,34.1,35.1
2024/11/13,35.2,36.3,34.9,34.9
2024/11/14,35.1,35.4,34.5,34.5
2024/11/15,34.5,35.2,34.1,34.1
2024/11/18,34.2,34.2,33.5,33.5
2024/11/19,33.9,34.6,33.7,34.2
2024/11/20,34.6,34.7,34.0,34.0
2024/11/21,33.9,34.7,33.8,34.7
2024/11/22,35.0,35.2,34.2,34.2
2024/11/25,34.5,34.7,34.3,34.5
2024/11/26,34.4,34.6,34.0,34.2
2024/11/27,34.2,34.4,33.0,33.0
2024/11/28,32.5,33.2,32.4,32.9
2024/11/29,32.8,33.1,32.5,33.0
2024/12/02,33.2,33.4,32.6,32.7
2024/12/03,32.9,33.3,32.9,33.1
2024/12/04,33.1,34.0,33.1,33.8
2024/12/05,34.0,34.1,33.5,33.6
2024/12/06,33.7,34.3,33.7,33.9
2024/12/09,34.1,34.7,33.7,33.9
2024/12/10,33.7,34.2,33.3,33.4
2024/12/11,33.6,33.7,32.9,33.2
2024/12/12,33.4,34.1,33.2,33.3
2024/12/13,33.3,33.6,32.5,32.6
2024/12/16,32.6,32.8,32.0,32.0
2024/12/17,32.1,33.2,32.1,32.8
2024/12/18,32.8,34.4,32.6,33.9
2024/12/19,33.6,34.3,33.6,33.9
2024/12/20,34.3,34.8,33.6,33.6
2024/12/23,34.0,34.9,34.0,34.3
2024/12/24,34.6,34.8,33.9,33.9
2024/12/25,34.1,34.4,33.8,34.1
2024/12/26,34.2,34.5,33.8,33.8
2024/12/27,33.8,34.0,33.6,33.6
2024/12/30,33.5,33.9,33.1,33.1
2024/12/31,32.8,33.7,32.8,33.4
2025/01/02,33.6,34.1,33.5,33.5
2025/01/03,33.7,34.1,33.1,33.1
2025/01/06,33.1,34.1,33.0,33.5
2025/01/07,33.5,33.7,32.9,33.0
2025/01/08,33.0,33.5,32.9,33.3
2025/01/09,34.0,34.5,33.1,33.2
2025/01/10,33.2,33.5,32.8,33.0
2025/01/13,32.6,32.6,31.1,31.6
2025/01/14,31.9,32.3,31.5,32.3
2025/01/15,32.0,32.5,31.9,32.0
2025/01/16,32.4,32.7,32.1,32.1
2025/01/17,32.3,32.3,31.8,32.3
2025/01/20,32.6,32.7,32.0,32.6
2025/01/21,32.5,32.8,32.3,32.4
2025/01/22,32.6,32.9,32.5,32.9
2025/02/03,32.4,32.4,31.0,32.2
2025/02/04,32.2,32.2,31.8,31.9
2025/02/05,32.1,32.7,32.1,32.6
2025/02/06,32.9,33.3,32.8,33.1
2025/02/07,33.0,33.7,33.0,33.5
2025/02/10,33.4,34.3,33.4,34.1
2025/02/11,34.4,34.5,34.0,34.1
2025/02/12,34.2,34.5,33.7,33.8
2025/02/13,33.7,34.3,33.7,34.1
2025/02/14,34.1,34.4,33.9,34.3
2025/02/17,34.5,34.6,34.1,34.5
2025/02/18,34.4,35.0,34.2,34.9
2025/02/19,35.0,35.2,34.8,35.0
2025/02/20,35.1,35.3,34.9,35.3
2025/02/21,35.4,35.7,35.2,35.3
2025/02/24,35.2,35.2,34.9,35.0
2025/02/25,35.0,35.1,34.6,34.6
2025/02/26,34.6,34.7,34.2,34.6
2025/02/27,34.3,34.5,33.2,33.2
2025/03/03,32.5,33.0,32.0,32.2
2025/03/04,31.7,32.4,31.5,32.2
2025/03/05,32.1,32.6,32.1,32.6
2025/03/06,32.6,32.7,31.9,31.9
2025/03/07,31.8,32.0,31.7,31.7
2025/03/10,31.7,32.1,31.6,31.8
2025/03/11,31.5,31.5,30.5,31.0
2025/03/12,31.1,31.8,31.1,31.6
2025/03/13,31.9,32.1,31.1,31.1
2025/03/14,31.1,31.4,30.9,31.3
2025/03/17,31.2,31.6,31.2,31.3
2025/03/18,31.4,31.7,31.4,31.6
2025/03/19,31.6,31.8,31.2,31.4
2025/03/20,31.6,31.7,31.4,31.4
2025/03/21,31.4,31.4,31.0,31.1
2025/03/24,31.1,31.2,30.8,30.8
2025/03/25,30.9,31.2,30.5,30.6
2025/03/26,30.6,31.0,30.6,30.8
2025/03/27,30.5,30.7,30.0,30.1
2025/03/28,30.1,30.1,29.4,29.6
2025/03/31,29.1,29.1,28.4,28.4
2025/04/01,28.5,29.2,28.4,29.0
2025/04/02,29.0,29.1,28.7,29.0
2025/04/07,26.1,26.1,26.1,26.1
2025/04/08,23.6,24.4,23.5,23.7
2025/04/09,23.0,23.5,21.4,21.5
2025/04/10,23.7,23.7,23.7,23.7
2025/04/11,23.7,24.5,22.7,24.5
2025/04/14,25.2,26.0,25.0,25.2
2025/04/15,25.4,26.6,25.4,26.5
2025/04/16,26.4,26.5,25.8,25.8
2025/04/17,25.3,26.0,25.3,25.8
2025/04/18,26.1,26.3,25.8,25.9
2025/04/21,26.2,26.3,25.1,25.9
2025/04/22,25.2,26.0,25.2,25.6
2025/04/23,25.7,26.2,25.7,26.0
2025/04/24,26.2,26.3,25.8,26.0
2025/04/25,26.2,26.6,26.2,26.3
2025/04/28,26.3,26.9,26.3,26.8
2025/04/29,26.6,27.3,26.6,27.3
2025/04/30,27.0,27.2,26.6,26.7
2025/05/02,27.0,27.6,27.0,27.3
2025/05/05,27.3,27.3,25.9,26.3
2025/05/06,26.4,26.9,26.4,26.8
2025/05/07,26.8,27.0,26.6,26.7
2025/05/08,27.0,27.2,26.9,27.1
2025/05/09,26.9,27.7,26.9,27.5
2025/05/12,27.6,28.2,27.6,28.1
2025/05/13,28.8,28.8,28.1,28.2
2025/05/14,28.2,28.5,28.1,28.4
2025/05/15,29.0,29.4,28.7,29.1
2025/05/16,29.5,29.5,28.9,29.0
2025/05/19,29.1,29.1,28.1,28.2
2025/05/20,28.5,28.5,28.1,28.2
2025/05/21,28.5,28.7,28.4,28.6
2025/05/22,28.5,28.5,28.1,28.2
2025/05/23,28.2,29.1,28.2,28.3
2025/05/26,28.2,28.5,28.2,28.2
2025/05/27,28.3,28.6,28.2,28.3
2025/05/28,28.4,30.2,28.4,29.4
2025/05/29,29.6,29.7,28.7,28.9
2025/06/02,28.6,28.7,28.3,28.4
2025/06/03,28.5,28.7,28.3,28.4
2025/06/04,28.5,29.4,28.5,28.8
2025/06/05,28.8,29.1,28.7,28.8
2025/06/06,28.9,29.3,28.7,28.8
2025/06/09,29.2,29.4,28.8,29.3
2025/06/10,29.2,30.0,29.2,29.8
2025/06/11,29.9,31.7,29.6,31.3
2025/06/12,31.5,31.9,31.2,31.7
2025/06/13,31.7,32.4,31.3,32.2
2025/06/16,32.1,33.2,31.8,32.9
2025/06/17,33.0,34.1,32.9,33.9
2025/06/18,34.3,35.4,34.2,35.0
2025/06/19,35.0,35.2,34.4,35.0
2025/06/20,34.6,35.6,34.6,35.0
2025/06/23,34.3,38.2,34.1,36.3
2025/06/24,37.9,39.9,36.6,39.2
2025/06/25,40.4,43.0,39.8,40.6
2025/06/26,41.6,42.2,41.0,41.6
2025/06/27,42.0,42.5,39.7,41.8
2025/06/30,41.7,46.0,41.1,45.7
2025/07/01,46.0,46.3,43.6,43.8
2025/07/02,44.7,47.7,44.3,46.7
2025/07/03,46.6,48.3,45.6,46.9
2025/07/04,47.7,50.9,47.4,49.7
2025/07/07,50.0,50.4,47.5,48.8
2025/07/08,48.1,50.3,47.7,50.0
2025/07/09,49.9,53.3,49.4,53.3
2025/07/10,53.6,55.5,52.8,54.1
2025/07/11,54.1,54.4,51.8,53.3
2025/07/14,53.3,54.0,52.0,52.6
2025/07/15,53.5,54.5,51.1,52.6
2025/07/16,52.9,56.5,51.3,51.9
2025/07/17,51.9,52.3,49.2,50.3
2025/07/18,51.1,54.1,50.5,53.4
2025/07/21,53.5,54.2,51.3,52.0
2025/07/22,51.9,54.2,49.6,49.7
2025/07/23,50.7,52.1,50.0,50.7
2025/07/24,51.2,54.1,50.5,53.0
2025/07/25,52.6,53.1,51.5,52.5
2025/07/28,54.0,57.7,54.0,57.7
2025/07/29,58.7,62.0,58.0,58.8
2025/07/30,58.9,59.8,57.0,57.5
2025/07/31,57.8,63.2,56.8,63.2
2025/08/01,61.9,69.0,61.8,66.0
2025/08/04,66.0,72.0,64.6,69.1
2025/08/05,69.8,71.1,67.5,68.1
2025/08/06,68.0,74.0,67.5,71.0
2025/08/07,72.8,78.1,72.4,78.1
2025/08/08,80.2,83.9,78.8,82.6
2025/08/11,81.0,82.0,78.5,81.5
2025/08/12,82.3,84.9,82.0,84.0
2025/08/13,86.5,92.0,85.0,88.0
2025/08/14,91.0,93.1,90.4,92.0
2025/08/15,92.7,92.9,88.6,92.0
2025/08/18,92.1,101.0,90.6,101.0
2025/08/19,104.0,105.0,91.0,93.4
2025/08/20,88.0,92.5,84.1,89.2
2025/08/21,93.3,95.0,92.0,94.2
2025/08/22,92.2,93.0,89.0,89.2
2025/08/25,91.9,95.0,89.6,91.3
2025/08/26,89.2,89.2,83.4,83.4
2025/08/27,84.6,87.6,84.6,87.6
2025/08/28,87.7,87.7,85.2,86.5
2025/08/29,87.8,91.0,86.7,90.5
2025/09/01,88.0,90.0,81.5,81.5
2025/09/02,83.5,83.5,75.0,81.5
2025/09/03,81.7,84.8,81.1,84.0
2025/09/04,82.3,83.1,79.0,79.0
2025/09/05,81.0,82.0,80.5,82.0
2025/09/08,84.4,90.2,84.4,90.2
2025/09/09,94.0,99.2,92.2,99.2
2025/09/10,102.0,105.0,94.0,96.0
2025/09/11,97.3,98.7,88.0,90.4
2025/09/12,91.7,93.0,85.1,85.3
2025/09/15,85.1,85.6,81.4,83.6
2025/09/16,84.3,91.9,82.4,91.9
2025/09/17,93.4,98.9,93.3,93.4
2025/09/18,93.0,97.2,89.8,94.0
2025/09/19,94.9,95.2,91.6,92.0
2025/09/22,93.0,95.6,92.1,93.4
2025/09/23,94.5,102.5,92.8,92.9
2025/09/24,93.5,94.0,89.5,89.7
2025/09/25,89.7,98.6,88.6,98.6
2025/09/26,99.1,102.5,89.8,92.2
2025/09/30,95.4,101.0,94.0,101.0
2025/10/01,105.0,111.0,104.5,111.0
2025/10/02,115.5,118.5,110.0,118.0
2025/10/03,118.5,123.0,115.0,120.0
2025/10/07,120.5,121.0,113.5,117.0
2025/10/08,118.0,124.5,114.0,116.5
2025/10/09,118.0,118.5,111.0,116.0
2025/10/13,106.5,113.5,106.5,112.0
2025/10/14,113.5,114.5,103.5,104.5
2025/10/15,106.0,109.5,102.5,104.5
2025/10/16,104.0,106.5,103.0,104.5
2025/10/17,103.5,104.0,98.6,99.9
2025/10/20,106.0,109.5,103.0,109.5
2025/10/21,113.0,115.0,108.0,110.0
2025/10/22,111.0,114.5,108.0,110.0
2025/10/23,109.5,116.0,109.0,111.0
2025/10/27,113.0,121.0,110.5,115.5
2025/10/28,116.5,123.0,112.5,122.0
2025/10/29,121.5,128.0,113.0,114.0
2025/10/30,115.5,119.5,113.0,113.5
2025/10/31,114.5,122.0,113.0,118.5
2025/11/03,119.5,125.0,117.0,123.5
2025/11/04,127.5,131.5,117.5,117.5
2025/11/05,113.0,122.5,113.0,122.5
2025/11/06,123.5,125.0,120.5,122.0
2025/11/07,123.5,131.5,123.5,128.5
2025/11/10,125.0,125.5,116.0,119.5
2025/11/11,121.0,128.0,120.5,120.5
2025/11/12,124.0,132.5,123.0,132.5
2025/11/13,135.5,140.5,133.0,136.5
2025/11/14,130.5,133.5,126.0,126.5
2025/11/17,130.5,135.5,128.5,133.0
2025/11/18,133.0,133.5,122.0,124.5
2025/11/19,124.0,128.0,119.0,119.0
2025/11/20,126.5,130.0,123.0,126.5
2025/11/21,122.0,123.5,116.5,119.0
2025/11/24,122.0,129.0,118.5,127.0
2025/11/25,132.0,139.5,131.0,139.5
2025/11/26,145.5,147.0,133.0,134.5
2025/11/27,137.0,138.0,132.5,133.5
2025/11/28,134.5,137.5,133.0,135.5
2025/12/01,135.5,135.5,130.0,134.5
2025/12/02,139.5,141.0,132.0,134.0
2025/12/03,134.0,135.5,132.5,133.5
2025/12/04,133.5,138.0,132.5,132.5
2025/12/05,133.0,135.5,130.0,135.0
2025/12/08,135.5,136.0,133.5,135.5
2025/12/09,136.5,140.0,134.5,138.0
2025/12/10,139.5,151.5,138.5,151.5
2025/12/11,156.0,166.5,154.0,166.5
2025/12/12,167.5,171.0,162.0,162.5
2025/12/15,159.0,168.0,158.5,167.0
2025/12/16,166.0,167.0,155.0,158.5
2025/12/17,159.5,164.5,159.5,160.5
2025/12/18,159.0,162.0,156.0,162.0
2025/12/19,165.5,171.0,160.5,163.0
2025/12/22,165.0,167.0,162.5,164.0
2025/12/23,165.0,173.5,164.0,165.5
2025/12/24,166.0,173.0,165.0,170.0
2025/12/26,174.5,176.5,168.0,168.5
2025/12/29,169.5,185.0,167.0,185.0
2025/12/30,186.0,191.5,183.0,186.5
2025/12/31,188.0,196.0,187.0,190.0
2026/01/02,193.5,195.0,186.0,189.5
2026/01/05,192.5,193.0,180.0,181.0
2026/01/06,182.5,187.5,182.0,183.5
2026/01/07,188.0,198.5,183.5,193.0
2026/01/08,198.0,209.5,194.5,196.0
2026/01/09,200.0,215.5,198.5,215.5
2026/01/12,218.5,228.0,214.0,218.0
2026/01/13,223.0,223.5,205.0,209.5
2026/01/14,212.0,224.0,209.5,214.5
2026/01/15,216.0,225.0,215.0,222.5
2026/01/16,222.5,224.0,217.0,221.5
2026/01/19,223.5,228.0,218.0,219.0
2026/01/20,220.5,238.0,219.5,225.0
2026/01/21,222.5,226.5,217.5,220.0
2026/01/22,226.0,242.0,222.5,242.0
2026/01/23,243.5,247.5,230.0,233.0
2026/01/26,228.0,232.5,225.5,229.5
2026/01/27,230.0,235.0,230.0,231.0
2026/01/28,235.0,235.0,228.5,231.5
2026/01/29,233.5,233.5,220.0,221.0
2026/01/30,217.0,217.0,199.5,205.0
2026/02/02,196.5,196.5,189.0,190.0
2026/02/03,198.5,203.5,188.0,203.0
2026/02/04,198.5,213.5,198.5,213.0
2026/02/05,210.0,215.5,209.0,209.0
2026/02/06,198.5,203.0,190.5,201.0
2026/02/09,212.5,216.0,196.0,198.5
2026/02/10,202.0,209.5,190.5,195.5
2026/02/11,200.5,208.0,198.0,203.0
2026/02/23,210.5,223.0,210.5,223.0
2026/02/24,227.0,245.0,226.5,245.0
2026/02/25,251.0,268.0,237.0,264.5
2026/02/26,262.0,264.5,250.5,256.0
2026/03/02,248.0,261.5,246.0,253.0
2026/03/03,255.5,271.0,246.5,256.0
2026/03/04,243.5,252.0,230.5,230.5
2026/03/05,245.0,248.0,227.0,231.0
2026/03/06,230.0,241.5,226.5,234.5
2026/03/09,211.5,213.5,211.5,211.5
2026/03/10,220.0,232.5,216.0,227.5
2026/03/11,236.0,245.0,234.5,242.0
2026/03/12,242.5,248.0,235.0,236.5
2026/03/13,230.0,246.0,228.0,243.5
2026/03/16,247.0,247.0,233.0,236.0
2026/03/17,238.0,244.0,234.0,237.0
2026/03/18,240.5,260.5,239.5,260.5
2026/03/19,255.0,276.0,252.5,260.0
2026/03/20,268.0,277.5,253.5,264.5
2026/03/23,252.0,256.0,238.5,238.5
2026/03/24,246.5,249.0,222.5,231.0
2026/03/25,242.0,250.0,239.5,247.5
2026/03/26,252.0,268.0,250.0,256.5
2026/03/27,253.0,275.0,252.0,268.0
2026/03/30,262.5,269.0,251.0,265.0
2026/03/31,262.0,269.0,240.0,243.0
2026/04/01,257.0,257.5,244.0,248.0
2026/04/02,250.0,259.0,242.5,242.5
2026/04/07,250.0,266.5,248.5,266.5
2026/04/08,276.0,293.0,272.0,293.0
2026/04/09,291.0,303.0,283.0,289.0
2026/04/10,308.0,317.5,307.5,317.5
2026/04/13,346.0,349.0,323.0,349.0
2026/04/14,370.0,371.0,337.0,350.0
2026/04/15,343.0,346.0,334.0,340.0
2026/04/16,351.0,351.0,347.0,348.5
2026/04/20,402.0,429.5,402.0,418.0
2026/04/21,418.0,420.0,397.0,405.0
2026/04/22,424.5,445.5,424.0,445.5
2026/04/23,468.0,484.0,438.0,450.0
