Date,Open,High,Low,Close
2005/06/30,21.2,21.3,21.1,21.3
2005/07/04,21.3,21.6,21.3,21.5
2005/07/05,21.5,21.6,21.3,21.4
2005/07/06,21.5,21.5,21.1,21.2
2005/07/07,21.2,21.4,20.9,20.9
2005/07/11,21.0,21.2,21.0,21.1
2005/07/12,21.1,21.1,20.7,20.7
2005/07/13,20.8,20.9,19.9,19.9
2005/07/14,19.9,20.3,19.6,20.3
2005/07/18,20.3,20.4,19.7,19.8
2005/07/19,19.8,20.3,19.8,20.0
2005/07/20,19.7,19.9,19.7,19.9
2005/07/21,21.2,21.2,20.7,21.2
2005/07/25,21.2,21.4,20.4,20.4
2005/07/26,20.4,20.6,19.8,19.9
2005/07/27,19.9,20.2,19.6,19.8
2005/07/28,20.0,20.2,19.9,20.1
2005/08/01,19.9,20.1,19.8,20.1
2005/08/02,20.1,20.2,19.8,19.9
2005/08/03,19.9,20.1,19.9,19.9
2005/08/08,19.7,20.2,19.7,19.8
2005/08/09,19.8,20.1,19.8,19.9
2005/08/10,19.9,20.1,19.8,19.8
2005/08/11,19.8,20.6,19.8,20.3
2005/08/15,19.9,20.0,19.8,19.8
2005/08/16,19.7,20.0,19.7,19.7
2005/08/17,19.9,19.9,19.8,19.9
2005/08/18,19.9,20.0,19.7,19.8
2005/08/22,20.1,20.9,20.1,20.6
2005/08/23,20.6,20.6,20.2,20.2
2005/08/24,20.2,20.5,20.0,20.2
2005/08/25,20.3,20.5,20.2,20.2
2005/08/29,19.9,19.9,19.1,19.2
2005/08/30,19.1,19.1,17.8,17.8
2005/09/01,17.8,17.8,17.3,17.6
2005/09/05,17.6,18.2,17.3,18.2
2005/09/06,18.2,18.2,17.7,17.8
2005/09/07,17.9,18.0,17.6,17.6
2005/09/08,17.6,17.8,17.6,17.7
2005/09/12,16.3,16.4,16.2,16.3
2005/09/13,16.5,16.8,16.3,16.6
2005/09/14,16.5,16.5,16.4,16.5
2005/09/15,16.5,16.5,16.2,16.3
2005/09/19,15.7,15.7,15.5,15.6
2005/09/20,15.6,15.9,15.5,15.8
2005/09/21,15.7,15.7,15.4,15.4
2005/09/22,15.4,15.6,14.8,15.1
2005/09/26,14.4,14.4,13.6,13.7
2005/09/27,13.7,13.8,13.4,13.4
2005/09/28,13.4,13.6,13.2,13.3
2005/09/29,13.4,13.9,13.4,13.8
2005/10/03,13.9,14.3,13.9,14.1
2005/10/04,14.1,14.3,14.1,14.1
2005/10/05,14.1,14.3,14.1,14.2
2005/10/06,14.4,15.0,14.4,14.7
2005/10/10,15.0,15.1,14.8,14.9
2005/10/11,14.9,14.9,14.1,14.3
2005/10/12,14.3,14.3,14.2,14.2
2005/10/13,14.2,14.5,14.2,14.4
2005/10/17,13.9,14.2,13.9,14.1
2005/10/18,14.1,14.6,13.7,14.0
2005/10/19,14.0,14.2,13.8,14.1
2005/10/20,14.1,14.4,13.9,14.3
2005/10/24,15.7,15.7,15.0,15.0
2005/10/25,15.0,15.3,15.0,15.0
2005/10/26,15.0,15.3,14.6,14.6
2005/10/27,14.6,15.0,14.6,14.9
2005/10/31,15.2,15.3,15.1,15.3
2005/11/01,15.2,15.3,15.2,15.2
2005/11/02,15.0,15.2,15.0,15.0
2005/11/03,15.0,15.5,15.0,15.4
2005/11/07,15.3,15.3,14.8,14.8
2005/11/08,14.8,15.1,14.8,14.9
2005/11/09,15.0,15.2,15.0,15.0
2005/11/10,15.1,15.1,14.8,14.9
2005/11/14,15.1,15.2,14.9,15.0
2005/11/15,14.8,15.0,14.8,15.0
2005/11/16,15.0,15.0,14.9,15.0
2005/11/17,15.0,15.2,14.9,15.1
2005/11/21,15.1,15.3,15.1,15.2
2005/11/22,15.2,15.9,15.2,15.9
2005/11/23,16.0,16.5,15.8,16.2
2005/11/24,16.5,16.9,16.5,16.6
2005/11/28,16.3,16.8,16.1,16.8
2005/11/29,16.8,16.9,16.6,16.9
2005/11/30,16.9,17.4,16.9,17.4
2005/12/01,17.4,17.7,17.4,17.7
2005/12/05,18.7,18.7,17.8,18.1
2005/12/06,18.0,18.0,17.3,17.4
2005/12/07,17.4,17.4,17.2,17.2
2005/12/08,17.2,17.6,17.2,17.2
2005/12/12,17.6,17.7,17.2,17.3
2005/12/13,17.1,17.2,16.8,16.9
2005/12/14,17.2,17.2,16.9,17.2
2005/12/15,17.3,17.3,17.0,17.0
2005/12/19,17.0,17.7,17.0,17.4
2005/12/20,17.6,17.7,17.2,17.3
2005/12/21,17.3,17.5,17.2,17.2
2005/12/22,17.3,17.5,17.2,17.4
2005/12/26,17.9,18.2,17.5,17.5
2005/12/27,17.5,17.7,17.4,17.4
2005/12/28,17.4,17.6,17.3,17.4
2005/12/29,17.4,18.4,17.4,18.3
2006/01/02,17.4,17.9,17.4,17.7
2006/01/03,17.7,17.8,17.4,17.6
2006/01/04,17.6,17.8,17.6,17.6
2006/01/05,17.6,17.9,17.5,17.5
2006/01/09,17.6,17.8,17.5,17.6
2006/01/10,17.6,17.9,17.6,17.8
2006/01/11,17.8,18.5,17.8,18.1
2006/01/13,18.1,19.2,18.0,18.7
2006/01/16,18.9,19.3,18.2,18.3
2006/01/17,18.6,18.7,18.2,18.3
2006/01/18,18.2,18.3,17.6,17.6
2006/01/19,17.7,17.9,17.3,17.6
2006/01/20,17.6,17.8,17.3,17.4
2006/01/23,17.0,17.3,16.7,17.2
2006/01/24,17.2,17.5,17.2,17.3
2006/01/25,17.4,17.6,17.4,17.6
2006/02/02,18.3,18.8,16.3,16.3
2006/02/03,17.6,17.8,17.4,17.6
2006/02/06,17.6,18.2,17.6,18.2
2006/02/07,18.2,18.9,18.2,18.7
2006/02/08,18.5,18.7,18.3,18.5
2006/02/09,18.7,18.7,18.3,18.3
2006/02/13,18.4,18.4,18.1,18.1
2006/02/14,18.0,18.1,17.7,17.8
2006/02/15,17.9,17.9,17.8,17.8
2006/02/16,18.0,18.1,17.8,17.8
2006/02/17,17.8,18.0,17.8,17.9
2006/02/20,17.8,17.9,17.5,17.9
2006/02/21,17.9,17.9,17.4,17.5
2006/02/22,17.5,17.6,17.1,17.3
2006/02/23,16.9,17.3,16.6,16.6
2006/02/24,16.6,16.8,16.4,16.6
2006/02/27,16.5,16.5,16.1,16.4
2006/03/01,16.4,17.3,16.1,17.2
2006/03/02,17.3,17.3,16.9,17.2
2006/03/03,17.2,17.2,16.7,16.7
2006/03/06,16.7,17.0,16.4,17.0
2006/03/07,16.7,16.7,16.7,16.7
2006/03/08,16.5,16.8,16.4,16.8
2006/03/10,16.7,16.7,16.5,16.5
2006/03/13,16.5,16.7,16.5,16.6
2006/03/14,16.5,16.5,16.2,16.4
2006/03/15,16.3,16.5,16.3,16.4
2006/03/16,16.6,16.6,16.3,16.3
2006/03/17,16.3,16.4,16.1,16.2
2006/03/20,16.3,16.9,16.3,16.7
2006/03/21,16.6,17.0,16.6,16.9
2006/03/22,16.8,16.8,16.6,16.6
2006/03/23,16.7,16.8,16.5,16.8
2006/03/24,16.9,17.1,16.8,17.0
2006/03/27,17.2,17.3,17.1,17.2
2006/03/28,17.3,17.3,17.1,17.2
2006/03/29,17.2,17.3,17.1,17.3
2006/03/30,17.3,17.5,17.3,17.4
2006/03/31,17.4,17.7,17.4,17.6
2006/04/03,17.7,18.0,17.7,17.9
2006/04/04,17.9,17.9,17.7,17.9
2006/04/06,17.9,18.1,17.8,18.1
2006/04/07,18.1,18.5,18.1,18.5
2006/04/10,18.6,19.0,18.6,18.8
2006/04/11,19.0,19.0,18.3,18.8
2006/04/12,18.4,18.9,18.4,18.9
2006/04/13,18.9,19.0,18.7,18.8
2006/04/14,18.8,19.0,18.7,18.8
2006/04/17,19.0,19.5,18.9,19.4
2006/04/18,19.7,19.7,19.2,19.4
2006/04/19,19.4,19.6,19.2,19.6
2006/04/20,19.5,19.8,19.5,19.7
2006/04/21,19.7,20.3,19.6,19.8
2006/04/24,19.8,20.2,19.8,20.2
2006/04/25,20.2,20.5,20.1,20.3
2006/04/26,20.3,20.5,19.9,20.2
2006/04/27,20.1,20.3,20.1,20.3
2006/04/28,19.7,20.2,19.7,20.2
2006/05/02,19.9,20.2,18.9,19.0
2006/05/03,19.0,19.4,19.0,19.3
2006/05/04,19.4,19.5,19.3,19.3
2006/05/05,19.5,19.5,19.2,19.2
2006/05/08,19.5,20.2,19.5,20.0
2006/05/09,20.2,21.4,20.2,21.4
2006/05/10,21.6,22.1,21.5,22.0
2006/05/11,22.0,22.0,20.6,20.6
2006/05/12,20.6,22.0,20.6,21.5
2006/05/15,21.5,22.0,21.3,21.6
2006/05/16,22.2,22.7,21.3,21.3
2006/05/17,21.3,21.6,20.8,21.3
2006/05/18,20.9,21.4,20.9,21.1
2006/05/19,21.1,21.3,20.9,20.9
2006/05/22,21.1,21.2,20.5,20.6
2006/05/23,20.6,20.6,20.4,20.4
2006/05/24,20.4,20.9,19.9,20.2
2006/05/25,21.6,21.6,21.6,21.6
2006/05/26,23.1,23.1,22.6,23.1
2006/05/29,22.9,23.5,22.5,23.0
2006/05/30,23.2,24.0,22.9,22.9
2006/06/01,23.2,23.2,22.4,22.8
2006/06/02,22.8,23.6,22.7,23.6
2006/06/05,24.0,24.8,22.4,22.4
2006/06/06,22.3,22.7,20.9,20.9
2006/06/07,20.5,21.5,20.5,20.9
2006/06/08,20.9,22.2,20.9,21.4
2006/06/09,21.7,22.9,21.6,22.7
2006/06/12,22.5,23.5,21.9,23.1
2006/06/13,22.8,24.0,22.5,22.9
2006/06/14,22.9,23.5,22.7,23.1
2006/06/15,23.5,24.2,23.1,23.5
2006/06/16,24.2,24.2,23.1,23.4
2006/06/19,23.6,25.0,23.5,24.4
2006/06/20,24.7,24.7,23.0,23.8
2006/06/21,23.9,23.9,22.1,22.2
2006/06/22,22.7,23.2,22.2,22.3
2006/06/23,22.4,23.5,22.3,23.4
2006/06/26,23.6,24.6,23.4,24.2
2006/06/27,24.2,24.6,23.9,24.0
2006/06/28,23.8,24.4,23.6,24.2
2006/06/29,24.5,25.2,24.2,24.2
2006/06/30,24.4,24.6,23.2,23.3
2006/07/03,23.5,23.9,23.5,23.6
2006/07/04,22.9,23.7,22.9,23.5
2006/07/05,23.4,23.5,22.8,22.8
2006/07/06,22.8,22.8,22.1,22.4
2006/07/07,22.2,22.4,21.3,21.6
2006/07/10,21.6,22.3,21.6,22.2
2006/07/11,22.4,22.8,22.3,22.6
2006/07/12,22.7,22.7,21.6,21.9
2006/07/13,22.2,22.2,21.6,21.7
2006/07/14,21.3,21.4,20.6,20.9
2006/07/17,20.9,20.9,19.5,19.6
2006/07/18,19.6,19.8,19.5,19.6
2006/07/19,19.8,20.8,19.6,20.1
2006/07/20,20.5,21.5,20.3,21.3
2006/07/21,21.3,21.3,20.7,21.1
2006/07/24,21.3,21.3,20.9,21.1
2006/07/25,21.3,21.3,20.7,21.1
2006/07/26,20.9,20.9,20.2,20.3
2006/07/27,20.3,20.7,20.3,20.6
2006/07/28,20.9,21.6,20.9,21.5
2006/07/31,21.7,21.9,21.4,21.8
2006/08/01,21.8,22.7,21.8,22.1
2006/08/02,21.9,22.2,21.6,21.6
2006/08/03,21.6,21.8,21.0,21.1
2006/08/04,21.5,21.8,21.1,21.1
2006/08/07,21.2,21.6,20.8,20.9
2006/08/08,20.9,20.9,20.7,20.9
2006/08/09,21.0,21.1,20.7,21.1
2006/08/10,21.1,21.1,20.7,20.8
2006/08/11,20.8,20.8,20.2,20.2
2006/08/14,20.2,20.5,19.6,19.7
2006/08/15,20.0,20.3,19.7,20.3
2006/08/16,20.5,21.2,20.3,20.9
2006/08/17,21.3,21.3,20.6,20.6
2006/08/18,20.7,21.0,20.2,20.2
2006/08/21,20.3,20.3,19.3,19.3
2006/08/22,19.4,19.5,18.8,18.8
2006/08/23,18.9,19.2,18.8,19.0
2006/08/24,19.2,19.3,18.9,18.9
2006/08/25,19.0,19.4,18.9,18.9
2006/08/28,19.0,19.0,18.3,18.3
2006/08/29,18.6,18.6,18.1,18.3
2006/08/30,18.3,18.9,18.3,18.9
2006/08/31,19.0,19.1,18.9,19.1
2006/09/01,18.9,19.1,18.7,18.9
2006/09/04,18.9,19.3,18.9,19.2
2006/09/05,19.4,19.5,19.2,19.2
2006/09/06,18.8,18.8,18.6,18.7
2006/09/07,18.5,18.7,18.5,18.7
2006/09/08,18.5,18.7,18.5,18.5
2006/09/11,18.6,18.6,18.3,18.3
2006/09/12,18.4,18.4,17.3,17.7
2006/09/13,17.8,18.0,17.3,17.4
2006/09/14,17.4,17.7,16.3,16.8
2006/09/15,16.6,17.2,16.6,17.2
2006/09/18,17.9,18.3,17.4,18.2
2006/09/19,18.2,18.7,17.9,18.5
2006/09/20,18.4,18.5,18.0,18.1
2006/09/21,18.5,19.3,18.1,19.3
2006/09/22,19.3,19.9,19.3,19.8
2006/09/25,19.8,20.1,19.6,19.6
2006/09/26,19.7,19.8,19.3,19.3
2006/09/27,19.6,19.6,19.3,19.3
2006/09/28,19.4,19.4,18.7,18.9
2006/09/29,18.9,19.2,18.8,18.8
2006/10/02,18.9,20.0,18.9,19.8
2006/10/03,20.1,20.7,19.5,20.2
2006/10/04,20.4,20.6,20.0,20.2
2006/10/05,20.3,20.6,19.9,20.0
2006/10/10,20.0,20.0,20.0,20.0
2006/10/11,20.0,21.0,19.7,21.0
2006/10/12,21.0,21.0,20.2,20.4
2006/10/13,20.6,21.1,20.4,20.4
2006/10/16,20.2,20.4,20.1,20.1
2006/10/17,20.3,20.3,19.7,19.7
2006/10/18,19.5,19.6,19.0,19.2
2006/10/19,19.2,19.6,18.9,18.9
2006/10/20,19.1,19.8,19.0,19.4
2006/10/23,19.6,19.7,19.1,19.3
2006/10/24,19.5,19.6,19.3,19.3
2006/10/25,19.3,19.4,19.1,19.1
2006/10/26,19.1,19.3,18.7,18.7
2006/10/27,18.7,18.9,18.2,18.3
2006/10/30,18.1,18.2,17.7,17.8
2006/10/31,17.8,18.2,17.8,18.1
2006/11/01,18.1,18.2,17.9,18.2
2006/11/02,18.3,18.3,18.0,18.2
2006/11/03,18.2,18.8,18.1,18.7
2006/11/06,18.1,18.7,18.1,18.4
2006/11/07,18.8,19.0,18.5,18.7
2006/11/08,18.5,18.8,18.5,18.5
2006/11/09,18.6,18.7,18.3,18.3
2006/11/10,18.3,18.6,18.3,18.5
2006/11/13,18.6,19.0,18.5,18.9
2006/11/14,19.1,19.4,18.9,19.1
2006/11/15,19.1,19.3,18.9,19.1
2006/11/16,19.3,19.6,19.2,19.2
2006/11/17,19.3,19.4,19.1,19.2
2006/11/20,19.3,19.3,19.0,19.0
2006/11/21,19.1,19.1,18.9,18.9
2006/11/22,18.9,19.3,18.9,19.3
2006/11/23,19.3,19.6,19.2,19.2
2006/11/24,19.3,19.4,19.3,19.3
2006/11/27,19.3,19.5,19.2,19.2
2006/11/28,19.3,19.9,19.2,19.6
2006/11/29,19.7,19.9,19.4,19.4
2006/11/30,19.6,20.8,19.6,20.8
2006/12/01,21.1,22.2,21.1,22.2
2006/12/04,22.6,23.7,22.3,22.6
2006/12/05,23.2,23.4,21.6,21.8
2006/12/06,22.0,22.8,22.0,22.3
2006/12/07,22.5,23.4,22.5,23.4
2006/12/08,23.4,23.6,22.9,23.4
2006/12/11,23.3,23.5,21.9,22.0
2006/12/12,22.1,22.4,21.3,21.3
2006/12/13,21.3,21.7,20.5,20.7
2006/12/14,21.3,21.6,20.9,21.1
2006/12/15,21.6,21.8,21.4,21.6
2006/12/18,21.8,22.4,21.7,22.3
2006/12/19,22.5,23.1,22.2,22.4
2006/12/20,22.9,23.0,22.2,22.5
2006/12/21,22.6,22.6,21.8,21.8
2006/12/22,21.7,22.1,21.7,21.8
2006/12/25,22.1,23.3,21.9,23.3
2006/12/26,23.7,24.5,23.0,23.5
2006/12/27,23.7,24.0,23.1,23.4
2006/12/28,23.7,24.0,23.4,23.6
2006/12/29,23.8,24.6,23.7,24.3
2007/01/01,24.3,24.3,24.3,24.3
2007/01/02,24.8,25.6,24.5,24.5
2007/01/03,24.6,24.7,23.3,23.8
2007/01/04,23.8,24.0,23.3,23.6
2007/01/05,23.3,23.6,23.0,23.2
2007/01/08,23.2,23.9,23.2,23.7
2007/01/09,24.1,24.3,23.8,23.9
2007/01/10,23.7,23.9,23.4,23.4
2007/01/11,23.4,23.7,21.8,21.8
2007/01/12,21.9,22.4,21.8,22.1
2007/01/15,22.2,22.4,21.9,22.1
2007/01/16,22.5,22.9,22.4,22.4
2007/01/17,22.5,23.1,22.4,22.9
2007/01/18,23.1,23.1,22.9,22.9
2007/01/19,22.9,23.1,22.6,22.8
2007/01/22,22.9,24.0,22.6,23.5
2007/01/23,23.9,24.7,23.9,24.2
2007/01/24,24.4,24.4,24.0,24.0
2007/01/25,24.4,24.8,23.7,23.7
2007/01/26,23.6,23.8,23.3,23.4
2007/01/29,23.3,23.6,22.9,22.9
2007/01/30,23.0,23.1,22.9,22.9
2007/01/31,23.3,23.3,22.8,22.8
2007/02/01,22.9,23.0,22.6,22.6
2007/02/02,22.6,22.9,22.6,22.7
2007/02/05,22.9,23.0,22.8,22.8
2007/02/06,22.9,23.4,22.9,23.3
2007/02/07,23.4,23.7,23.3,23.4
2007/02/08,23.7,23.7,23.3,23.4
2007/02/09,23.4,23.7,23.3,23.3
2007/02/12,23.3,23.4,23.0,23.1
2007/02/13,23.2,23.3,23.1,23.2
2007/02/14,23.2,23.3,23.0,23.0
2007/02/26,23.3,23.9,23.1,23.6
2007/02/27,23.7,24.0,23.6,23.6
2007/03/01,22.0,22.9,22.0,22.8
2007/03/02,22.8,22.9,22.5,22.6
2007/03/05,22.5,22.8,21.2,21.3
2007/03/06,21.5,22.8,21.4,22.8
2007/03/07,22.8,23.1,22.3,22.6
2007/03/08,22.8,24.2,22.8,23.9
2007/03/09,23.8,24.0,23.5,23.8
2007/03/12,23.8,24.5,23.4,23.8
2007/03/13,24.1,24.3,23.9,23.9
2007/03/14,23.3,24.0,23.3,23.6
2007/03/15,24.1,24.2,23.7,23.8
2007/03/16,24.0,25.3,24.0,24.8
2007/03/20,24.7,25.0,23.9,24.1
2007/03/21,24.4,24.6,24.0,24.2
2007/03/22,24.4,24.6,24.3,24.5
2007/03/23,24.6,24.7,24.3,24.6
2007/03/26,24.6,25.0,24.6,24.6
2007/03/27,24.6,24.6,23.8,23.9
2007/03/28,23.7,24.0,23.4,23.7
2007/03/29,23.7,24.6,23.6,24.6
2007/03/30,24.7,25.0,24.3,24.4
2007/04/02,24.8,26.1,24.6,26.1
2007/04/03,26.3,26.9,25.4,26.1
2007/04/04,26.1,26.3,25.5,25.7
2007/04/09,26.1,26.8,26.0,26.5
2007/04/10,26.7,27.4,26.3,26.6
2007/04/11,26.7,26.7,26.0,26.6
2007/04/12,26.1,26.6,26.1,26.3
2007/04/13,26.4,26.5,25.9,26.0
2007/04/16,26.4,27.3,26.2,26.8
2007/04/17,27.0,27.0,25.4,25.4
2007/04/18,25.4,26.2,25.4,26.2
2007/04/19,26.2,26.2,25.7,25.7
2007/04/20,25.8,25.9,25.0,25.4
2007/04/23,25.4,25.9,25.1,25.2
2007/04/24,25.2,25.5,24.6,25.0
2007/04/25,25.0,25.0,24.4,24.6
2007/04/26,24.8,24.8,24.2,24.3
2007/04/27,24.3,24.4,24.0,24.0
2007/04/30,23.7,23.9,22.7,22.9
2007/05/02,22.9,23.2,22.6,23.1
2007/05/03,23.3,23.3,22.5,22.8
2007/05/04,22.8,23.5,22.8,23.4
2007/05/07,23.7,24.0,23.5,23.8
2007/05/08,24.1,24.1,23.7,23.7
2007/05/09,23.9,23.9,23.4,23.4
2007/05/10,23.4,23.7,23.3,23.4
2007/05/11,23.4,23.4,22.9,23.2
2007/05/14,23.2,23.2,22.6,22.6
2007/05/15,22.7,22.9,22.3,22.8
2007/05/16,22.9,23.0,22.8,22.9
2007/05/17,22.9,23.1,22.8,22.8
2007/05/18,22.8,23.0,22.7,22.8
2007/05/21,23.2,23.9,23.0,23.8
2007/05/22,24.1,24.3,23.9,24.1
2007/05/23,24.1,24.7,24.1,24.5
2007/05/24,24.6,24.8,24.1,24.2
2007/05/25,24.1,24.1,23.7,23.7
2007/05/28,23.8,23.9,23.4,23.5
2007/05/29,23.6,23.8,23.5,23.5
2007/05/30,23.6,23.7,23.3,23.4
2007/05/31,23.4,23.7,23.4,23.4
2007/06/01,23.5,23.7,23.4,23.5
2007/06/04,23.7,23.8,23.4,23.7
2007/06/05,23.7,24.6,23.7,24.5
2007/06/06,24.5,25.0,24.4,24.7
2007/06/07,24.7,24.7,24.2,24.2
2007/06/08,24.2,24.2,23.8,24.1
2007/06/11,24.4,24.4,24.0,24.0
2007/06/12,24.0,24.3,24.0,24.0
2007/06/13,24.6,25.5,24.3,25.5
2007/06/14,25.8,25.8,24.9,24.9
2007/06/15,25.0,25.5,24.9,25.0
2007/06/20,25.4,25.9,25.1,25.4
2007/06/21,25.5,25.7,25.1,25.3
2007/06/22,25.3,25.5,25.1,25.2
2007/06/25,26.4,26.4,25.8,26.1
2007/06/26,26.1,26.2,25.5,25.5
2007/06/27,25.5,26.3,25.3,26.0
2007/06/28,26.3,26.5,25.8,26.2
2007/06/29,26.4,26.5,26.1,26.1
2007/07/02,26.3,26.5,26.1,26.4
2007/07/03,26.6,27.7,26.4,27.6
2007/07/04,27.8,28.6,27.0,28.2
2007/07/05,28.2,28.4,27.1,27.3
2007/07/06,27.3,27.6,26.7,26.8
2007/07/09,26.8,27.3,26.8,26.8
2007/07/10,27.3,28.0,27.1,27.7
2007/07/11,27.5,27.6,26.9,27.0
2007/07/12,27.1,27.4,26.8,27.0
2007/07/13,27.3,27.3,26.5,26.5
2007/07/16,26.6,27.0,26.2,26.2
2007/07/17,26.5,26.8,26.2,26.5
2007/07/18,26.6,27.5,26.6,27.5
2007/07/19,27.7,27.7,26.8,26.8
2007/07/20,26.9,27.0,26.4,26.4
2007/07/23,26.4,26.8,26.4,26.4
2007/07/24,27.0,27.0,26.4,26.4
2007/07/25,26.4,26.7,26.4,26.4
2007/07/26,26.7,27.5,26.6,26.8
2007/07/27,26.6,28.4,26.4,27.2
2007/07/30,28.6,28.8,27.8,28.0
2007/07/31,28.5,29.9,28.4,29.9
2007/08/01,29.9,30.5,27.8,27.8
2007/08/02,28.2,28.5,25.9,26.3
2007/08/03,26.9,26.9,26.2,26.3
2007/08/06,25.9,26.8,25.9,26.6
2007/08/07,27.2,27.2,26.4,26.4
2007/08/08,27.0,27.5,26.7,27.3
2007/08/09,27.8,29.0,27.7,28.2
2007/08/10,27.2,28.2,27.2,27.7
2007/08/13,28.2,29.3,27.8,28.5
2007/08/14,28.6,29.0,27.9,28.0
2007/08/15,27.8,28.6,26.1,26.1
2007/08/16,25.6,26.0,24.3,24.3
2007/08/17,24.0,24.6,22.6,22.7
2007/08/20,24.1,24.2,23.5,24.2
2007/08/21,24.9,25.6,24.5,25.0
2007/08/22,25.0,25.7,24.7,25.0
2007/08/23,25.4,25.6,25.0,25.5
2007/08/24,25.4,25.5,25.0,25.0
2007/08/27,25.6,25.8,25.0,25.1
2007/08/28,25.5,25.5,25.0,25.0
2007/08/29,24.8,24.9,23.9,24.3
2007/08/30,24.7,25.7,24.4,25.6
2007/08/31,25.8,26.0,25.5,25.9
2007/09/03,26.0,26.4,25.9,25.9
2007/09/04,26.0,26.1,24.9,25.2
2007/09/05,25.6,25.7,25.0,25.0
2007/09/06,24.6,25.0,24.6,24.8
2007/09/07,24.8,25.0,24.3,24.3
2007/09/10,24.1,25.1,23.9,25.1
2007/09/11,25.1,25.4,25.0,25.0
2007/09/12,24.5,24.7,24.2,24.3
2007/09/13,24.5,24.5,24.2,24.2
2007/09/14,24.4,24.6,24.3,24.4
2007/09/17,24.6,25.2,24.5,24.6
2007/09/19,25.3,25.3,24.3,24.3
2007/09/20,24.9,24.9,24.2,24.2
2007/09/21,24.2,24.7,24.2,24.5
2007/09/26,24.7,25.5,24.7,25.3
2007/09/27,25.4,25.5,25.0,25.0
2007/09/28,25.1,25.5,25.1,25.1
2007/10/01,25.6,25.8,25.3,25.4
2007/10/02,25.5,26.2,25.3,25.5
2007/10/03,25.8,26.1,24.9,25.0
2007/10/04,25.0,25.0,24.6,24.7
2007/10/05,24.9,25.0,24.7,24.9
2007/10/08,25.0,25.3,24.8,24.8
2007/10/09,24.8,25.0,24.4,24.5
2007/10/11,24.5,24.7,24.3,24.4
2007/10/12,24.4,24.5,24.1,24.1
2007/10/15,24.1,24.5,23.7,23.7
2007/10/16,23.7,24.0,23.4,23.8
2007/10/17,24.0,24.1,23.8,23.8
2007/10/18,23.8,24.1,23.8,23.8
2007/10/19,23.8,24.5,23.8,23.8
2007/10/22,23.4,23.8,23.4,23.6
2007/10/23,23.8,24.0,23.6,23.8
2007/10/24,23.8,24.2,23.7,23.7
2007/10/25,23.6,24.0,23.6,23.6
2007/10/26,23.8,24.1,23.6,23.9
2007/10/29,24.1,24.1,23.8,23.8
2007/10/30,24.1,24.1,23.8,24.0
2007/10/31,24.0,24.0,23.4,23.5
2007/11/01,23.6,23.7,23.0,23.2
2007/11/02,23.0,23.0,22.4,22.5
2007/11/05,22.5,22.5,21.7,22.3
2007/11/06,22.4,22.4,22.0,22.2
2007/11/07,22.4,22.7,22.2,22.2
2007/11/08,21.7,21.9,20.7,20.7
2007/11/09,20.7,21.0,20.2,20.5
2007/11/12,20.0,20.3,19.2,20.0
2007/11/13,20.0,20.2,19.8,20.0
2007/11/14,20.6,20.7,20.2,20.4
2007/11/15,20.5,20.5,20.1,20.1
2007/11/16,20.0,20.0,19.6,19.7
2007/11/19,20.0,20.3,19.9,20.0
2007/11/20,19.7,20.2,19.7,20.2
2007/11/21,20.2,20.7,20.2,20.4
2007/11/22,20.5,20.6,20.1,20.1
2007/11/23,20.4,20.4,19.7,19.7
2007/11/26,20.2,20.5,20.1,20.2
2007/11/27,20.0,20.5,19.6,19.9
2007/11/28,20.0,20.2,19.9,19.9
2007/11/29,20.3,20.4,20.0,20.0
2007/11/30,20.1,20.5,20.1,20.3
2007/12/03,21.1,21.1,21.1,21.1
2007/12/04,21.1,21.6,21.1,21.5
2007/12/05,21.5,21.5,20.9,21.1
2007/12/06,21.3,21.4,20.9,20.9
2007/12/07,21.0,21.2,20.9,20.9
2007/12/10,20.9,21.0,20.8,20.9
2007/12/11,21.0,21.0,20.7,20.7
2007/12/12,20.7,21.2,20.7,21.0
2007/12/13,20.9,21.0,20.1,20.3
2007/12/14,20.3,20.6,19.6,19.9
2007/12/17,19.7,19.8,18.6,18.6
2007/12/18,17.5,18.3,17.3,17.3
2007/12/19,17.1,17.9,17.1,17.8
2007/12/20,17.7,17.9,16.9,16.9
2007/12/21,16.9,17.7,16.7,17.4
2007/12/24,17.8,18.2,17.5,18.2
2007/12/25,18.4,19.3,18.2,19.2
2007/12/26,19.2,19.2,18.6,18.8
2007/12/27,19.0,19.4,19.0,19.2
2007/12/28,19.0,19.7,18.9,19.6
2007/12/31,20.0,20.9,19.7,20.9
2008/01/02,21.7,22.2,21.2,21.9
2008/01/03,21.3,22.3,21.2,22.3
2008/01/04,22.2,23.4,21.6,23.4
2008/01/07,22.9,23.0,21.8,21.8
2008/01/08,21.8,23.1,21.8,22.7
2008/01/09,22.4,23.3,22.2,23.1
2008/01/10,23.2,23.5,22.5,22.5
2008/01/11,23.0,23.0,22.2,22.4
2008/01/14,23.4,23.4,22.5,22.6
2008/01/15,22.7,23.6,22.5,22.6
2008/01/16,22.3,22.5,21.3,21.8
2008/01/17,22.0,22.8,22.0,22.2
2008/01/18,22.2,22.8,21.8,22.8
2008/01/21,22.8,23.1,22.5,22.5
2008/01/22,21.1,22.2,21.0,21.0
2008/01/23,21.2,21.6,20.7,20.9
2008/01/24,21.7,21.7,20.6,20.9
2008/01/25,21.3,21.4,21.0,21.1
2008/01/28,21.0,21.4,20.9,21.1
2008/01/29,21.2,21.3,20.7,20.9
2008/01/30,21.1,21.1,20.7,20.7
2008/01/31,20.9,21.1,20.6,20.9
2008/02/01,21.3,21.7,21.2,21.5
2008/02/12,22.1,22.7,21.7,22.5
2008/02/13,23.2,23.2,22.3,22.5
2008/02/14,23.0,23.1,22.2,22.5
2008/02/15,22.5,23.2,22.4,23.0
2008/02/18,23.4,24.0,23.1,23.9
2008/02/19,24.2,24.2,23.8,24.0
2008/02/20,23.8,23.9,23.5,23.7
2008/02/21,23.7,24.0,23.6,23.7
2008/02/22,23.7,23.9,23.6,23.7
2008/02/25,24.2,24.6,24.0,24.5
2008/02/26,24.5,24.7,23.6,23.7
2008/02/27,24.2,24.6,24.0,24.0
2008/02/29,23.8,24.4,23.8,24.2
2008/03/03,24.0,24.3,23.8,24.2
2008/03/04,24.5,25.3,24.0,25.0
2008/03/05,25.2,25.2,24.5,24.9
2008/03/06,25.0,25.4,24.5,24.7
2008/03/07,24.3,24.6,24.1,24.2
2008/03/10,24.2,24.2,23.4,23.5
2008/03/11,23.5,24.1,23.3,23.7
2008/03/12,24.0,24.4,23.3,23.3
2008/03/13,23.4,23.7,23.1,23.1
2008/03/14,23.2,23.4,23.0,23.1
2008/03/17,23.1,23.5,22.8,23.5
2008/03/18,23.7,23.9,23.4,23.9
2008/03/19,24.3,24.3,23.8,23.8
2008/03/20,23.8,24.0,23.7,23.9
2008/03/21,24.0,24.4,24.0,24.1
2008/03/24,25.8,25.8,24.6,25.8
2008/03/25,25.8,26.1,25.1,25.5
2008/03/26,25.5,26.1,25.5,25.6
2008/03/27,25.6,26.1,25.4,25.8
2008/03/28,25.8,26.6,25.5,26.5
2008/03/31,26.5,27.3,26.3,26.8
2008/04/01,26.9,27.4,26.5,26.7
2008/04/02,27.1,27.1,26.3,26.7
2008/04/03,26.7,27.0,26.3,26.6
2008/04/07,27.0,27.6,26.9,27.4
2008/04/08,27.3,27.3,27.0,27.3
2008/04/09,27.3,28.0,27.2,27.9
2008/04/10,27.5,28.7,27.5,28.5
2008/04/11,28.9,30.1,28.1,28.3
2008/04/14,28.4,29.8,28.3,29.2
2008/04/15,29.2,29.3,28.5,29.0
2008/04/16,29.0,29.5,28.7,29.2
2008/04/17,29.6,29.8,28.8,29.2
2008/04/18,29.2,29.2,28.3,28.4
2008/04/21,28.8,29.1,28.4,28.7
2008/04/22,28.7,29.5,28.7,28.9
2008/04/23,28.9,28.9,28.4,28.5
2008/04/24,28.5,29.1,28.5,29.0
2008/04/25,29.7,31.1,29.7,30.3
2008/04/28,30.5,31.7,30.5,30.9
2008/04/29,31.0,31.3,30.1,30.7
2008/04/30,30.8,30.9,29.6,29.8
2008/05/02,30.1,31.7,30.1,31.5
2008/05/05,31.5,31.6,30.9,31.2
2008/05/06,31.3,31.3,30.3,30.5
2008/05/07,30.5,30.8,30.1,30.5
2008/05/08,30.4,30.4,30.4,30.4
2008/05/09,30.1,30.3,29.6,29.7
2008/05/12,30.3,31.5,30.3,30.9
2008/05/13,31.1,31.2,30.6,31.0
2008/05/14,31.0,32.1,30.7,31.6
2008/05/15,32.3,32.8,31.8,32.3
2008/05/16,32.6,32.8,32.1,32.6
2008/05/19,33.0,33.0,32.0,32.6
2008/05/20,32.9,32.9,32.1,32.1
2008/05/21,32.1,32.6,32.1,32.1
2008/05/22,32.1,32.3,30.9,31.3
2008/05/23,31.4,31.9,30.5,30.5
2008/05/26,30.1,30.7,30.1,30.6
2008/05/27,30.6,31.1,30.4,30.9
2008/05/28,31.4,31.5,30.9,30.9
2008/05/29,31.0,32.9,31.0,31.4
2008/05/30,32.0,32.7,31.0,31.3
2008/06/02,31.3,31.9,30.8,31.7
2008/06/03,31.7,32.0,31.5,31.7
2008/06/04,31.7,32.1,31.5,31.6
2008/06/05,31.3,31.4,29.6,30.9
2008/06/06,30.9,31.1,30.2,30.9
2008/06/09,29.6,30.1,29.5,29.9
2008/06/10,30.0,30.3,29.1,29.3
2008/06/11,29.9,30.1,28.8,28.8
2008/06/12,28.4,28.5,27.8,28.4
2008/06/13,28.4,28.5,26.9,28.0
2008/06/16,28.4,28.4,27.5,27.8
2008/06/17,28.2,29.0,28.2,28.4
2008/06/18,28.6,29.0,28.3,28.8
2008/06/19,28.3,28.8,27.5,27.8
2008/06/20,28.1,28.5,27.7,27.8
2008/06/23,27.5,28.3,27.5,28.0
2008/06/24,28.0,28.5,27.7,27.7
2008/06/25,27.9,28.4,27.5,28.3
2008/06/26,28.6,29.6,28.4,28.9
2008/06/27,28.5,28.5,26.9,27.6
2008/06/30,27.8,28.3,27.3,27.3
2008/07/01,27.3,27.9,25.9,26.0
2008/07/02,25.5,27.1,25.5,27.1
2008/07/03,26.3,28.8,26.3,28.8
2008/07/04,28.8,30.1,28.4,29.6
2008/07/07,29.9,30.2,29.2,29.7
2008/07/08,29.7,30.1,28.7,28.9
2008/07/09,29.3,30.3,29.0,30.0
2008/07/10,29.7,31.6,29.5,31.3
2008/07/11,31.7,32.1,30.5,31.3
2008/07/14,31.3,31.8,30.6,31.1
2008/07/15,30.6,31.1,29.0,29.0
2008/07/16,29.1,29.2,27.1,27.5
2008/07/17,28.1,29.4,28.1,29.2
2008/07/18,29.6,29.9,28.4,28.4
2008/07/21,29.5,29.5,28.9,28.9
2008/07/22,28.9,30.9,28.9,30.6
2008/07/23,31.3,31.6,31.0,31.1
2008/07/24,31.3,31.3,30.8,30.9
2008/07/25,30.2,30.4,29.7,30.1
2008/07/29,29.6,29.9,29.3,29.5
2008/07/30,30.1,30.7,29.9,30.1
2008/07/31,30.6,30.9,29.5,30.5
2008/08/01,30.5,31.1,30.1,30.8
2008/08/04,30.9,31.4,30.1,30.1
2008/08/05,30.5,30.5,28.0,28.1
2008/08/06,28.3,28.7,26.2,27.7
2008/08/07,27.5,28.4,26.7,27.7
2008/08/08,26.7,28.0,26.7,28.0
2008/08/11,28.2,28.2,27.3,27.4
2008/08/12,27.0,27.0,26.2,26.3
2008/08/13,27.1,28.2,27.1,28.2
2008/08/14,28.0,28.5,27.6,28.0
2008/08/15,28.1,28.3,27.1,27.1
2008/08/18,27.2,27.3,26.3,26.5
2008/08/19,26.6,27.1,26.3,27.1
2008/08/20,27.1,27.3,26.5,27.0
2008/08/21,27.1,27.1,25.7,25.7
2008/08/22,25.6,25.8,23.9,24.0
2008/08/25,24.2,24.6,23.7,24.6
2008/08/26,23.9,25.5,23.9,24.5
2008/08/27,24.6,25.2,24.3,25.1
2008/08/28,25.4,26.6,25.4,26.0
2008/08/29,26.4,26.9,26.1,26.6
2008/09/01,27.0,27.0,25.6,26.0
2008/09/02,26.2,26.2,24.9,25.4
2008/09/03,25.4,25.7,24.2,24.4
2008/09/04,24.4,24.4,22.9,23.5
2008/09/05,23.5,25.1,23.5,25.1
2008/09/08,26.0,26.8,25.6,26.6
2008/09/09,26.4,26.4,25.0,25.5
2008/09/10,25.3,26.4,25.2,26.1
2008/09/11,26.2,26.3,25.1,25.2
2008/09/12,25.5,25.9,24.5,25.5
2008/09/15,25.3,25.3,24.2,24.8
2008/09/16,23.7,24.2,23.1,23.1
2008/09/17,24.0,24.4,22.6,23.8
2008/09/18,22.3,22.9,22.2,22.2
2008/09/19,23.3,23.7,22.8,23.7
2008/09/22,24.7,25.3,23.9,24.3
2008/09/23,24.0,25.9,24.0,25.9
2008/09/24,26.4,26.7,25.5,25.9
2008/09/25,25.6,25.6,24.9,25.5
2008/09/26,25.5,25.5,24.4,24.7
2008/09/30,23.0,24.6,23.0,24.5
2008/10/01,24.7,25.1,24.0,24.6
2008/10/02,24.4,24.9,24.0,24.7
2008/10/03,24.3,25.0,23.9,24.9
2008/10/06,24.7,24.7,23.8,23.8
2008/10/07,22.6,24.8,22.6,24.1
2008/10/08,23.6,23.9,22.8,23.0
2008/10/09,22.9,23.2,21.5,21.7
2008/10/13,21.0,21.0,21.0,21.0
2008/10/14,22.4,22.4,21.2,21.3
2008/10/15,20.6,20.9,20.6,20.6
2008/10/16,19.9,19.9,19.9,19.9
2008/10/17,19.3,19.5,19.2,19.2
2008/10/20,18.6,18.7,18.6,18.6
2008/10/21,19.8,19.8,19.6,19.8
2008/10/22,19.8,20.9,19.4,20.2
2008/10/23,19.5,20.3,19.5,20.3
2008/10/24,19.8,20.1,19.6,19.6
2008/10/27,18.8,20.3,18.7,19.9
2008/10/28,20.0,21.3,19.1,21.3
2008/10/29,22.4,22.4,20.9,21.1
2008/10/30,21.6,22.6,21.1,22.6
2008/10/31,22.5,23.3,21.8,22.6
2008/11/03,22.7,22.9,22.2,22.8
2008/11/04,22.8,22.8,22.0,22.5
2008/11/05,22.7,24.0,22.6,23.2
2008/11/06,22.0,22.6,22.0,22.1
2008/11/07,21.2,23.2,21.2,23.1
2008/11/10,23.2,24.6,23.0,24.2
2008/11/11,23.7,25.1,23.5,24.5
2008/11/12,24.5,24.9,24.0,24.6
2008/11/13,23.8,24.5,23.7,23.9
2008/11/14,24.7,25.6,24.4,25.5
2008/11/17,25.4,26.7,25.3,26.2
2008/11/18,26.0,26.0,24.4,25.0
2008/11/19,25.3,25.5,24.5,25.4
2008/11/20,24.2,25.0,23.8,23.8
2008/11/21,23.0,24.6,23.0,24.4
2008/11/24,24.4,25.6,24.4,25.1
2008/11/25,25.6,25.9,24.4,24.6
2008/11/26,24.6,24.9,24.3,24.6
2008/11/27,25.4,25.5,24.9,25.1
2008/11/28,25.1,25.3,24.5,24.6
2008/12/01,24.6,25.2,24.5,24.9
2008/12/02,23.8,24.7,23.8,24.3
2008/12/03,24.4,25.0,24.3,24.3
2008/12/04,24.5,24.7,23.2,23.4
2008/12/05,23.4,23.5,22.6,23.2
2008/12/08,23.4,24.6,23.3,24.3
2008/12/09,24.8,26.0,24.5,25.5
2008/12/10,25.5,26.3,25.2,25.6
2008/12/11,25.9,25.9,25.0,25.5
2008/12/12,25.4,25.6,23.8,24.1
2008/12/15,24.7,24.9,24.4,24.4
2008/12/16,24.2,24.6,24.1,24.4
2008/12/17,24.9,25.0,24.4,24.4
2008/12/18,24.6,25.1,24.4,25.1
2008/12/19,25.2,26.3,25.2,25.5
2008/12/22,25.7,25.8,24.6,24.6
2008/12/23,24.3,24.6,24.1,24.4
2008/12/24,24.3,25.0,24.3,24.9
2008/12/25,25.1,25.1,24.4,24.5
2008/12/26,24.7,24.7,24.5,24.6
2008/12/29,24.6,24.8,24.3,24.6
2008/12/30,24.7,25.4,24.7,25.2
2008/12/31,25.2,25.3,24.7,24.8
2009/01/05,25.5,26.5,25.2,25.8
2009/01/06,26.0,27.1,25.9,26.8
2009/01/07,27.2,27.9,27.0,27.8
2009/01/08,27.4,27.8,26.5,26.6
2009/01/09,26.7,28.1,26.7,27.8
2009/01/12,27.1,27.6,27.1,27.5
2009/01/13,27.1,27.7,27.1,27.7
2009/01/14,27.7,27.7,27.2,27.2
2009/01/15,26.3,26.9,26.3,26.4
2009/01/16,26.5,26.9,26.5,26.8
2009/01/19,27.9,28.0,27.4,27.4
2009/01/20,27.2,27.9,27.2,27.7
2009/01/21,27.2,27.9,27.2,27.5
2009/02/02,27.5,28.4,27.5,27.9
2009/02/03,28.1,28.9,28.1,28.9
2009/02/04,29.2,29.2,26.9,26.9
2009/02/05,28.3,28.8,27.8,28.8
2009/02/06,28.9,28.9,27.0,27.7
2009/02/09,27.9,28.3,26.7,26.9
2009/02/10,26.7,27.3,26.7,27.2
2009/02/11,27.1,27.4,26.9,27.3
2009/02/12,27.3,28.0,27.2,27.2
2009/02/13,27.7,28.4,27.7,28.1
2009/02/16,28.0,28.1,27.7,27.8
2009/02/17,27.8,28.0,27.7,27.8
2009/02/18,27.7,27.8,27.3,27.5
2009/02/19,27.4,28.0,27.4,27.8
2009/02/20,27.7,27.7,27.2,27.5
2009/02/23,27.3,27.7,27.2,27.5
2009/02/24,27.2,27.6,27.2,27.4
2009/02/25,27.7,28.2,27.6,27.7
2009/02/26,28.1,28.3,27.8,28.1
2009/02/27,28.2,28.4,28.1,28.4
2009/03/02,28.4,28.4,27.9,28.1
2009/03/03,27.8,28.7,27.8,28.7
2009/03/04,28.8,29.2,28.3,28.9
2009/03/05,29.4,30.5,29.2,30.0
2009/03/06,30.0,30.7,29.5,30.3
2009/03/09,30.5,30.5,29.9,30.5
2009/03/10,30.4,30.5,30.1,30.3
2009/03/11,30.4,30.6,29.7,29.8
2009/03/12,29.8,30.1,29.6,29.7
2009/03/13,30.1,31.2,29.8,30.6
2009/03/16,30.7,31.2,30.4,30.4
2009/03/17,30.7,31.2,30.2,30.8
2009/03/18,30.8,31.0,30.5,30.5
2009/03/19,30.7,31.8,30.5,30.9
2009/03/20,31.1,31.8,30.9,31.2
2009/03/23,31.5,32.4,31.2,32.3
2009/03/24,32.8,32.8,31.7,31.9
2009/03/25,32.1,32.6,32.0,32.0
2009/03/26,32.4,32.4,31.5,31.5
2009/03/27,31.5,31.9,31.2,31.3
2009/03/30,31.3,32.4,30.8,31.6
2009/03/31,31.9,33.2,31.9,31.9
2009/04/01,32.4,34.1,32.1,34.1
2009/04/02,35.2,36.5,34.7,35.3
2009/04/03,35.3,36.6,34.9,35.6
2009/04/06,35.9,38.0,35.9,37.2
2009/04/07,36.9,37.1,36.4,36.9
2009/04/08,36.8,36.9,34.4,35.3
2009/04/09,35.3,36.6,35.3,35.9
2009/04/10,36.9,37.9,36.9,37.5
2009/04/13,38.0,40.1,37.6,38.6
2009/04/14,38.6,38.6,37.6,38.4
2009/04/15,37.6,38.3,37.3,37.8
2009/04/16,37.8,38.2,37.1,37.8
2009/04/17,37.9,38.7,35.2,35.3
2009/04/20,35.0,36.6,34.1,36.3
2009/04/21,35.3,38.1,35.3,37.2
2009/04/22,37.2,38.7,37.0,38.0
2009/04/23,38.1,39.4,37.0,39.4
2009/04/24,39.6,41.4,39.6,40.1
2009/04/27,40.9,40.9,38.7,39.0
2009/04/28,39.2,39.7,36.9,36.9
2009/04/29,36.9,38.5,36.4,38.4
2009/04/30,40.4,41.1,39.3,41.1
2009/05/04,42.6,43.3,41.4,41.8
2009/05/05,41.8,41.9,40.3,40.4
2009/05/06,40.4,42.0,40.2,41.2
2009/05/07,40.6,41.2,39.8,40.3
2009/05/08,39.0,41.1,39.0,41.0
2009/05/11,40.8,41.1,40.2,40.7
2009/05/12,39.8,40.0,38.9,39.5
2009/05/13,39.8,40.2,39.3,39.8
2009/05/14,39.2,39.8,39.2,39.4
2009/05/15,39.5,40.7,39.5,39.8
2009/05/18,40.6,42.5,40.5,42.4
2009/05/19,43.7,43.8,41.8,41.9
2009/05/20,42.2,44.8,42.0,44.3
2009/05/21,43.9,44.3,42.1,43.6
2009/05/22,42.2,43.3,42.2,42.9
2009/05/25,42.8,43.2,41.8,41.8
2009/05/26,41.7,43.5,41.7,42.6
2009/05/27,42.9,43.2,42.3,42.8
2009/06/01,42.9,43.9,42.2,43.3
2009/06/02,43.4,43.8,42.6,42.9
2009/06/03,42.7,42.9,41.6,42.4
2009/06/04,42.4,42.4,40.4,41.0
2009/06/05,41.0,41.6,40.5,40.8
2009/06/08,42.0,42.0,39.9,40.0
2009/06/09,40.1,40.6,38.4,40.0
2009/06/10,40.2,42.1,39.6,41.2
2009/06/11,41.2,41.8,40.7,41.8
2009/06/12,41.8,43.3,41.3,41.8
2009/06/15,41.6,41.6,39.7,40.0
2009/06/16,39.9,41.0,39.6,40.9
2009/06/17,40.9,41.7,40.5,40.9
2009/06/18,41.4,42.0,40.6,41.0
2009/06/19,42.1,42.1,41.2,41.2
2009/06/22,41.1,41.6,40.9,41.2
2009/06/23,40.4,41.2,40.4,40.9
2009/06/24,41.3,41.6,40.8,41.2
2009/06/25,41.2,43.0,41.2,42.4
2009/06/26,42.8,43.7,42.7,42.9
2009/06/29,43.3,43.6,42.2,42.4
2009/06/30,42.7,43.1,42.1,42.1
2009/07/01,42.1,42.9,41.9,42.7
2009/07/02,43.0,44.9,42.7,43.8
2009/07/03,43.6,45.6,43.4,45.5
2009/07/06,46.1,46.7,45.0,45.6
2009/07/07,45.6,46.5,44.3,45.0
2009/07/08,44.4,45.0,43.7,44.9
2009/07/09,45.1,45.7,44.5,44.5
2009/07/10,44.5,45.6,43.9,44.8
2009/07/13,45.0,45.0,43.0,43.1
2009/07/14,43.4,43.9,43.2,43.7
2009/07/15,43.9,44.7,43.9,44.4
2009/07/16,45.3,45.6,44.4,44.4
2009/07/17,45.1,46.7,44.7,46.0
2009/07/20,46.7,47.6,46.4,47.1
2009/07/21,47.4,47.5,46.7,46.9
2009/07/22,46.9,47.3,45.9,46.1
2009/07/23,46.1,46.9,45.6,45.9
2009/07/24,45.8,46.4,44.7,44.9
2009/07/27,45.3,46.6,44.7,45.8
2009/07/28,46.2,46.4,45.4,46.0
2009/07/29,46.4,46.4,45.3,45.6
2009/07/30,45.6,46.3,45.3,46.2
2009/07/31,46.4,46.7,45.9,45.9
2009/08/03,45.8,47.1,45.6,46.8
2009/08/04,46.7,46.7,44.8,45.4
2009/08/05,45.6,45.8,45.0,45.2
2009/08/06,45.3,45.8,44.0,45.7
2009/08/10,47.0,47.2,46.3,47.0
2009/08/11,47.0,47.5,46.4,46.7
2009/08/12,46.5,47.2,46.5,46.7
2009/08/13,47.0,48.2,46.9,48.1
2009/08/14,48.1,48.5,47.4,47.8
2009/08/17,47.3,47.8,46.8,46.8
2009/08/18,46.4,46.4,43.6,44.5
2009/08/19,44.5,44.6,43.6,43.9
2009/08/20,43.9,44.1,42.7,43.9
2009/08/21,43.9,44.7,43.2,43.3
2009/08/24,43.8,43.9,43.4,43.6
2009/08/25,43.6,44.5,43.2,44.5
2009/08/26,44.5,44.9,42.8,44.8
2009/08/27,44.8,45.5,44.2,44.2
2009/08/28,44.2,44.7,44.0,44.2
2009/08/31,44.2,45.4,44.2,44.7
2009/09/01,45.1,46.4,44.7,46.4
2009/09/02,46.3,46.8,45.6,46.5
2009/09/03,45.7,47.9,45.7,47.2
2009/09/04,47.7,48.1,47.0,47.3
2009/09/07,47.8,48.0,47.1,47.3
2009/09/08,47.8,48.7,47.3,47.7
2009/09/09,47.9,47.9,46.9,47.1
2009/09/10,47.9,47.9,46.6,47.0
2009/09/11,47.0,47.8,47.0,47.3
2009/09/14,47.5,47.8,47.2,47.5
2009/09/15,47.6,48.6,47.5,48.1
2009/09/16,48.7,50.3,48.2,48.5
2009/09/17,49.0,49.1,48.3,48.5
2009/09/18,48.5,49.2,47.9,49.2
2009/09/21,49.3,49.8,48.7,49.8
2009/09/22,50.0,50.0,49.4,49.7
2009/09/23,49.5,50.0,48.3,48.9
2009/09/24,48.6,48.8,47.9,48.1
2009/09/25,47.9,48.7,47.9,48.2
2009/09/28,48.2,48.7,47.3,47.6
2009/09/29,47.9,48.1,47.2,47.3
2009/09/30,47.5,47.9,47.1,47.3
2009/10/01,47.9,48.6,47.6,48.3
2009/10/02,47.6,47.9,47.4,47.8
2009/10/05,47.9,48.1,47.5,47.8
2009/10/06,48.0,48.6,47.9,47.9
2009/10/07,48.5,49.7,48.5,49.1
2009/10/08,49.4,49.6,48.3,48.6
2009/10/09,48.9,49.3,47.7,47.9
2009/10/12,47.9,48.0,47.5,47.9
2009/10/13,47.4,48.0,47.4,48.0
2009/10/14,48.3,48.3,47.7,47.8
2009/10/15,47.9,48.0,47.5,47.5
2009/10/16,47.8,48.4,47.7,47.9
2009/10/19,48.5,51.2,47.9,50.1
2009/10/20,49.8,50.5,49.5,49.9
2009/10/21,49.8,50.8,49.2,50.8
2009/10/22,50.8,51.9,50.4,50.6
2009/10/23,51.2,52.2,50.6,52.2
2009/10/26,52.9,55.0,52.2,52.2
2009/10/27,52.2,52.6,51.2,51.6
2009/10/28,51.2,52.2,50.5,50.5
2009/10/29,49.7,50.1,48.2,49.5
2009/10/30,50.0,51.5,49.0,50.0
2009/11/02,49.5,50.5,49.2,49.9
2009/11/03,50.2,51.1,49.9,49.9
2009/11/04,50.8,51.1,50.0,50.5
2009/11/05,50.8,51.5,50.5,50.6
2009/11/06,51.5,51.5,50.6,50.6
2009/11/09,50.8,51.3,50.8,51.2
2009/11/10,51.6,51.6,50.9,51.0
2009/11/11,50.8,50.8,50.1,50.2
2009/11/12,50.5,51.0,50.3,50.8
2009/11/13,50.8,51.7,50.5,50.8
2009/11/16,51.3,51.3,50.9,50.9
2009/11/17,51.1,51.6,50.8,50.9
2009/11/18,51.1,51.2,50.5,50.8
2009/11/19,50.8,51.0,50.3,50.4
2009/11/20,50.3,50.6,49.9,50.0
2009/11/23,50.0,50.2,49.6,49.8
2009/11/24,50.2,50.2,49.5,49.6
2009/11/25,49.8,50.8,49.8,50.1
2009/11/26,50.5,50.6,49.5,49.5
2009/11/27,49.4,49.8,49.0,49.0
2009/11/30,49.1,49.6,49.0,49.1
2009/12/01,49.1,49.4,48.6,49.1
2009/12/02,49.4,50.6,49.0,49.7
2009/12/03,50.0,50.2,49.1,49.1
2009/12/04,49.1,49.6,48.7,48.9
2009/12/07,48.9,49.5,48.7,49.5
2009/12/08,49.7,49.7,48.7,48.7
2009/12/09,48.4,49.1,48.4,48.8
2009/12/10,48.9,49.1,48.5,48.5
2009/12/11,48.5,49.3,48.4,48.7
2009/12/14,49.1,49.9,48.9,49.4
2009/12/15,50.1,50.2,49.2,49.2
2009/12/16,49.2,49.2,48.6,48.6
2009/12/17,48.6,48.9,48.5,48.5
2009/12/18,48.5,48.7,48.2,48.5
2009/12/21,49.0,49.0,48.1,48.4
2009/12/22,48.9,49.1,48.4,48.8
2009/12/23,49.1,49.3,48.7,48.9
2009/12/24,48.9,49.3,48.6,48.7
2009/12/25,48.7,50.1,48.7,49.5
2009/12/28,49.5,49.8,49.4,49.5
2009/12/29,49.6,49.8,49.3,49.5
2009/12/30,49.8,49.8,49.5,49.5
2009/12/31,49.8,50.6,49.5,49.8
2010/01/04,49.8,50.2,49.5,50.0
2010/01/05,50.2,50.3,49.6,49.8
2010/01/06,50.2,51.6,50.0,51.1
2010/01/07,51.6,53.2,51.2,51.8
2010/01/08,52.3,52.7,51.2,51.4
2010/01/11,51.3,52.0,50.6,50.6
2010/01/12,50.6,51.1,50.6,51.1
2010/01/13,50.8,51.2,50.2,50.3
2010/01/14,51.0,51.0,50.3,50.9
2010/01/15,51.1,53.0,50.9,52.3
2010/01/18,52.6,53.0,52.2,52.7
2010/01/19,53.1,53.2,52.0,52.6
2010/01/20,52.9,53.6,51.9,52.2
2010/01/21,52.2,52.4,51.1,51.1
2010/01/22,50.8,51.7,50.4,50.4
2010/01/25,50.4,51.1,50.2,50.7
2010/01/26,51.2,51.4,47.2,48.8
2010/01/27,48.9,49.9,48.4,49.4
2010/01/28,49.5,50.1,49.5,50.1
2010/01/29,50.1,50.1,49.0,49.2
2010/02/01,49.2,50.4,48.9,50.4
2010/02/02,50.6,50.6,49.1,49.1
2010/02/03,49.4,49.6,49.2,49.5
2010/02/04,49.7,49.7,49.4,49.5
2010/02/05,48.7,48.9,46.1,46.8
2010/02/08,49.2,49.7,48.7,49.6
2010/02/09,49.4,49.7,49.0,49.0
2010/02/10,49.6,49.7,49.0,49.2
2010/02/22,49.8,50.2,49.4,49.7
2010/02/23,49.5,49.8,49.5,49.6
2010/02/24,49.5,50.2,49.4,49.8
2010/02/25,50.2,50.3,49.7,49.8
2010/02/26,50.1,50.1,48.9,49.0
2010/03/01,49.5,52.0,49.2,51.5
2010/03/02,51.9,52.4,51.1,51.2
2010/03/03,51.5,52.0,50.9,51.0
2010/03/04,51.7,51.7,50.7,51.0
2010/03/05,51.7,52.7,51.2,51.7
2010/03/08,52.2,52.2,51.2,52.1
2010/03/09,52.1,52.3,51.5,51.5
2010/03/10,51.5,51.7,50.5,51.5
2010/03/11,50.9,51.3,50.5,50.6
2010/03/12,50.9,51.4,50.6,51.1
2010/03/15,51.5,51.5,50.8,50.8
2010/03/16,51.1,51.1,50.2,50.8
2010/03/17,50.8,51.3,50.8,51.2
2010/03/18,51.5,52.6,51.3,52.2
2010/03/19,52.4,53.4,51.9,53.1
2010/03/22,53.2,54.5,53.1,53.8
2010/03/23,54.1,54.2,52.9,53.4
2010/03/24,53.4,53.9,53.2,53.4
2010/03/25,53.4,53.4,52.4,52.7
2010/03/26,52.7,53.0,52.3,52.5
2010/03/29,52.7,56.0,52.5,55.3
2010/03/30,56.2,57.4,55.1,55.2
2010/03/31,55.4,56.9,55.2,55.9
2010/04/01,56.4,57.0,55.5,56.0
2010/04/02,56.5,56.5,55.7,55.7
2010/04/06,56.6,56.6,55.7,56.0
2010/04/07,56.4,58.0,56.1,57.4
2010/04/08,57.7,57.7,55.9,56.3
2010/04/09,56.4,57.4,55.7,57.4
2010/04/12,57.5,57.9,53.4,53.4
2010/04/13,57.1,57.1,55.6,56.0
2010/04/14,55.9,56.9,55.1,56.4
2010/04/15,56.4,57.8,56.3,56.8
2010/04/16,57.0,57.8,56.9,57.4
2010/04/19,56.9,57.3,55.8,55.9
2010/04/20,56.4,56.6,54.7,55.5
2010/04/21,55.8,56.4,55.0,56.2
2010/04/22,56.1,56.6,55.7,56.4
2010/04/23,56.4,57.8,56.4,56.5
2010/04/26,56.9,57.3,56.2,56.4
2010/04/27,56.5,57.2,56.2,56.6
2010/04/28,55.1,56.1,55.0,55.8
2010/04/29,55.9,57.4,55.7,57.4
2010/04/30,57.4,58.2,56.2,57.2
2010/05/03,57.2,57.7,55.7,56.9
2010/05/04,57.3,57.3,56.2,56.4
2010/05/05,54.4,56.5,54.4,56.2
2010/05/06,56.0,56.4,54.9,55.3
2010/05/07,54.1,54.3,52.4,53.6
2010/05/10,53.7,54.3,53.1,54.0
2010/05/11,54.3,56.0,54.2,55.2
2010/05/12,55.2,56.1,54.9,55.5
2010/05/13,55.9,55.9,55.3,55.9
2010/05/14,56.9,57.1,56.0,56.0
2010/05/17,55.7,55.8,54.6,55.0
2010/05/18,55.2,55.8,55.0,55.8
2010/05/19,56.2,56.7,55.2,55.6
2010/05/20,55.6,56.3,55.3,55.6
2010/05/21,53.8,55.6,52.0,53.6
2010/05/24,54.5,54.8,53.9,54.7
2010/05/25,54.1,55.1,53.4,53.6
2010/05/26,53.8,54.6,53.6,54.3
2010/05/27,54.3,54.8,53.2,54.4
2010/05/28,54.6,55.1,54.3,54.4
2010/05/31,55.0,55.8,54.6,55.8
2010/06/01,55.5,56.0,55.0,55.8
2010/06/02,55.6,55.9,55.0,55.2
2010/06/03,55.5,56.8,55.5,55.8
2010/06/04,56.2,56.2,55.5,55.5
2010/06/07,54.1,56.2,53.9,55.9
2010/06/08,55.2,56.9,55.2,56.9
2010/06/09,57.0,58.7,55.8,57.2
2010/06/10,57.0,58.0,56.5,56.6
2010/06/11,57.4,57.7,56.7,56.7
2010/06/14,57.4,57.4,56.2,56.7
2010/06/15,56.4,57.1,56.3,56.9
2010/06/17,56.9,57.2,56.5,57.1
2010/06/18,57.2,57.2,56.3,56.5
2010/06/21,57.3,58.0,57.0,57.4
2010/06/22,57.6,58.2,57.3,57.8
2010/06/23,57.8,58.3,57.3,57.5
2010/06/24,57.5,58.6,57.5,57.7
2010/06/25,57.2,57.4,56.4,56.4
2010/06/28,56.5,56.7,56.1,56.4
2010/06/29,56.4,56.9,55.8,56.4
2010/06/30,55.3,55.9,55.1,55.6
2010/07/01,55.4,55.7,54.9,55.0
2010/07/02,55.0,55.8,55.0,55.3
2010/07/05,55.5,56.4,55.5,56.4
2010/07/06,56.4,56.7,56.0,56.5
2010/07/07,56.7,56.7,55.9,56.1
2010/07/08,56.9,56.9,55.8,56.1
2010/07/09,56.4,56.5,55.6,55.8
2010/07/12,55.8,56.3,55.8,55.8
2010/07/13,55.8,56.0,55.1,55.4
2010/07/14,56.2,56.2,54.9,55.4
2010/07/15,55.3,55.8,54.8,55.2
2010/07/16,55.2,55.2,54.2,54.2
2010/07/19,54.1,55.0,53.8,54.4
2010/07/20,54.7,55.2,54.7,55.2
2010/07/21,55.5,55.8,54.7,54.7
2010/07/22,54.8,55.1,54.5,54.8
2010/07/23,55.4,55.4,54.3,54.5
2010/07/26,54.5,54.9,53.5,53.9
2010/07/27,53.9,54.2,53.7,54.2
2010/07/28,54.1,55.2,54.1,54.8
2010/07/29,55.5,56.4,55.0,56.2
2010/07/30,56.7,56.7,55.9,56.0
2010/08/02,56.1,58.5,56.1,58.0
2010/08/03,58.3,58.4,57.3,57.8
2010/08/04,57.8,61.0,57.8,60.6
2010/08/05,60.6,62.2,59.9,60.2
2010/08/06,60.2,60.2,59.4,59.7
2010/08/09,59.7,61.6,59.6,60.4
2010/08/10,60.6,61.4,60.2,60.2
2010/08/11,60.2,60.2,58.1,59.0
2010/08/12,56.6,57.4,55.9,56.6
2010/08/13,56.6,57.0,55.5,56.1
2010/08/16,56.2,57.0,56.0,57.0
2010/08/17,56.6,57.8,56.6,57.0
2010/08/18,57.5,57.9,57.1,57.5
2010/08/19,58.0,58.0,57.5,57.6
2010/08/20,57.5,57.7,56.6,57.0
2010/08/23,57.0,57.9,57.0,57.5
2010/08/24,57.5,57.6,57.1,57.4
2010/08/25,57.3,57.3,56.7,57.1
2010/08/26,57.2,58.1,57.2,58.0
2010/08/27,59.0,59.1,56.0,56.8
2010/08/30,57.2,57.3,56.8,56.9
2010/08/31,56.7,56.9,55.4,56.9
2010/09/01,56.6,57.1,56.4,57.1
2010/09/02,57.5,58.5,56.9,58.5
2010/09/03,58.5,59.0,57.8,59.0
2010/09/06,59.5,59.6,58.1,59.0
2010/09/07,59.2,59.4,57.9,57.9
2010/09/08,57.6,58.5,57.5,57.5
2010/09/09,57.5,58.1,57.5,57.7
2010/09/10,58.0,58.3,57.6,57.7
2010/09/13,58.4,58.4,57.6,58.4
2010/09/14,58.3,58.4,57.4,57.5
2010/09/15,57.9,58.0,57.5,57.6
2010/09/16,58.1,58.2,57.6,57.6
2010/09/17,57.7,58.9,57.7,58.6
2010/09/20,59.0,59.0,58.3,58.6
2010/09/21,59.0,59.1,58.0,58.8
2010/09/23,58.9,58.9,57.8,57.9
2010/09/24,58.1,58.1,57.3,57.9
2010/09/27,58.1,58.3,57.9,58.0
2010/09/28,57.9,58.0,57.6,57.9
2010/09/29,58.3,58.7,57.9,58.0
2010/09/30,58.0,58.3,57.8,58.2
2010/10/01,58.2,58.2,57.9,57.9
2010/10/04,58.1,58.3,57.9,57.9
2010/10/05,57.9,58.0,57.3,57.6
2010/10/06,58.4,60.4,58.0,60.0
2010/10/07,60.0,60.0,59.1,59.6
2010/10/08,59.6,60.0,59.0,59.4
2010/10/11,59.5,59.6,58.6,59.2
2010/10/12,59.5,60.3,59.3,59.7
2010/10/13,59.9,60.3,59.1,59.5
2010/10/14,60.2,60.2,59.6,59.7
2010/10/15,60.2,60.2,59.0,59.3
2010/10/18,59.4,59.5,58.2,58.2
2010/10/19,58.2,58.2,57.2,57.2
2010/10/20,56.9,57.3,56.5,57.0
2010/10/21,57.4,57.6,56.8,57.4
2010/10/22,57.5,57.6,56.9,56.9
2010/10/25,56.8,57.6,56.8,57.5
2010/10/26,58.0,59.4,58.0,59.0
2010/10/27,59.0,59.2,58.0,58.1
2010/10/28,58.6,59.0,58.4,58.6
2010/10/29,58.1,58.9,58.1,58.4
2010/11/01,58.7,59.2,58.5,58.9
2010/11/02,59.0,59.4,58.4,58.4
2010/11/03,57.7,58.8,57.7,57.8
2010/11/04,58.3,60.7,58.3,60.4
2010/11/05,60.8,63.5,60.8,63.3
2010/11/08,63.8,63.8,62.4,63.3
2010/11/09,63.2,63.2,62.2,62.4
2010/11/10,62.6,63.6,62.3,62.6
2010/11/11,62.8,63.1,62.1,62.3
2010/11/12,62.3,62.4,62.0,62.4
2010/11/15,62.0,62.2,61.7,62.0
2010/11/16,62.0,62.2,61.5,61.9
2010/11/17,61.2,61.6,61.0,61.2
2010/11/18,61.5,62.2,61.2,61.2
2010/11/19,61.5,62.1,61.5,62.1
2010/11/22,62.2,63.5,62.2,62.6
2010/11/23,62.6,63.2,62.6,62.9
2010/11/24,62.3,62.9,62.0,62.1
2010/11/25,62.3,62.9,62.0,62.7
2010/11/26,62.7,63.4,62.0,63.2
2010/11/29,63.4,64.4,63.4,64.3
2010/11/30,64.3,66.1,63.9,66.1
2010/12/01,66.1,67.5,64.8,66.9
2010/12/02,66.9,67.1,66.2,66.2
2010/12/03,66.2,66.7,65.8,66.2
2010/12/06,66.2,66.3,65.3,66.3
2010/12/07,65.4,66.0,65.4,66.0
2010/12/08,65.7,66.2,65.2,65.8
2010/12/09,65.8,66.0,65.3,66.0
2010/12/10,65.9,65.9,64.9,65.1
2010/12/13,65.1,65.9,64.9,65.2
2010/12/14,65.2,65.7,64.8,65.2
2010/12/15,65.2,65.2,63.5,64.2
2010/12/16,63.8,64.1,62.1,62.9
2010/12/17,62.5,63.5,62.5,63.1
2010/12/20,63.1,63.5,62.6,63.0
2010/12/21,63.2,64.3,62.7,64.3
2010/12/22,64.3,64.3,63.5,64.3
2010/12/23,64.3,64.3,63.5,64.1
2010/12/24,64.1,64.7,63.5,63.6
2010/12/27,63.5,64.1,63.4,64.0
2010/12/28,63.9,63.9,63.0,63.1
2010/12/29,63.1,63.1,62.3,63.1
2010/12/30,63.0,63.6,62.6,63.0
2010/12/31,62.8,63.8,62.3,63.8
2011/01/03,63.5,63.5,62.8,63.0
2011/01/04,63.4,63.8,63.0,63.3
2011/01/05,63.7,65.5,63.6,64.3
2011/01/06,64.5,65.8,63.9,64.0
2011/01/07,63.9,64.9,63.8,64.2
2011/01/10,65.7,68.6,65.2,67.1
2011/01/11,66.9,67.9,66.7,67.0
2011/01/12,67.3,67.5,66.5,67.3
2011/01/13,67.3,67.3,66.5,67.0
2011/01/14,66.8,67.4,66.2,66.6
2011/01/17,66.6,66.8,66.2,66.2
2011/01/18,66.2,66.2,64.9,65.5
2011/01/19,65.4,65.8,65.3,65.6
2011/01/20,65.6,66.0,65.4,65.8
2011/01/21,65.6,66.6,65.2,65.8
2011/01/24,66.1,67.0,66.1,66.6
2011/01/25,66.7,67.4,66.4,66.6
2011/01/26,66.7,67.0,66.4,66.6
2011/01/27,66.7,67.0,66.2,66.2
2011/01/28,66.2,66.8,66.0,66.3
2011/02/08,66.6,66.9,66.1,66.7
2011/02/09,66.9,66.9,65.2,65.7
2011/02/10,65.7,66.2,65.3,65.5
2011/02/11,65.7,65.7,64.6,64.6
2011/02/14,64.6,65.2,64.2,64.5
2011/02/15,64.4,64.6,63.6,64.2
2011/02/16,64.2,64.6,63.6,64.3
2011/02/17,63.9,65.3,63.9,64.6
2011/02/18,65.2,65.4,64.7,65.2
2011/02/21,65.2,65.6,64.9,65.6
2011/02/22,65.4,65.4,63.9,64.0
2011/02/23,63.8,64.0,62.5,62.7
2011/02/24,62.3,62.9,61.9,62.3
2011/02/25,62.3,62.9,61.1,62.3
2011/03/01,62.9,65.5,62.9,65.3
2011/03/02,64.3,65.2,64.3,64.8
2011/03/03,65.0,65.3,64.6,64.8
2011/03/04,65.5,65.5,64.9,65.2
2011/03/07,65.2,66.8,65.2,66.1
2011/03/08,66.2,66.7,65.5,66.1
2011/03/09,66.4,67.6,66.4,67.3
2011/03/10,67.6,67.8,66.7,67.1
2011/03/11,66.7,66.7,65.7,66.2
2011/03/14,65.8,66.7,65.3,66.3
2011/03/15,66.6,66.7,62.8,64.8
2011/03/16,65.3,69.3,64.4,69.0
2011/03/17,69.0,70.7,67.6,69.4
2011/03/18,69.8,70.5,69.0,69.2
2011/03/21,69.2,71.2,68.6,68.6
2011/03/22,68.6,69.2,67.6,69.0
2011/03/23,69.6,70.7,69.2,69.6
2011/03/24,70.0,70.2,68.9,69.6
2011/03/25,69.7,71.1,69.6,71.1
2011/03/28,71.2,71.7,69.6,69.7
2011/03/29,69.2,70.0,69.2,70.0
2011/03/30,70.5,72.3,70.1,71.9
2011/03/31,71.9,72.0,70.2,70.8
2011/04/01,70.3,72.3,70.3,71.1
2011/04/06,71.2,72.2,71.2,71.6
2011/04/07,71.9,75.7,71.6,74.7
2011/04/08,74.9,77.4,73.9,76.6
2011/04/11,76.7,79.0,75.1,78.6
2011/04/12,78.6,79.0,76.7,78.4
2011/04/13,78.2,78.3,76.8,77.7
2011/04/14,78.2,78.3,77.2,77.3
2011/04/15,77.3,78.0,75.0,75.3
2011/04/18,75.8,77.0,75.1,75.3
2011/04/19,74.9,76.2,74.9,76.2
2011/04/20,76.7,78.6,76.7,76.9
2011/04/21,76.9,79.2,76.1,79.2
2011/04/22,79.3,79.4,78.3,78.4
2011/04/25,79.2,79.2,77.1,78.1
2011/04/26,78.2,79.1,77.5,77.9
2011/04/27,77.9,80.1,77.6,80.1
2011/04/28,80.1,81.9,79.4,80.8
2011/04/29,80.8,80.8,78.9,80.3
2011/05/03,80.5,80.8,79.4,80.4
2011/05/04,80.8,84.4,80.8,83.0
2011/05/05,83.0,84.2,82.2,82.5
2011/05/06,82.0,83.0,81.8,81.8
2011/05/09,82.0,83.3,78.4,78.9
2011/05/10,78.7,81.0,78.4,79.8
2011/05/11,80.7,80.7,79.6,79.6
2011/05/12,79.6,82.1,79.6,80.7
2011/05/13,80.7,81.9,79.8,81.5
2011/05/16,81.0,81.3,79.9,79.9
2011/05/17,79.9,80.5,78.6,80.1
2011/05/18,80.1,80.1,79.2,79.6
2011/05/19,79.7,80.5,76.8,77.3
2011/05/20,77.8,78.5,74.1,78.5
2011/05/23,78.1,78.6,77.2,78.5
2011/05/24,78.1,79.1,77.2,78.9
2011/05/25,78.6,79.7,78.1,79.4
2011/05/26,81.5,84.1,80.7,80.7
2011/05/27,81.3,82.9,79.7,80.5
2011/05/30,79.7,80.3,78.6,78.6
2011/05/31,78.6,79.4,77.9,78.6
2011/06/01,78.6,80.0,78.6,79.3
2011/06/02,78.6,79.1,78.5,78.7
2011/06/03,79.6,79.6,78.4,79.2
2011/06/07,78.9,79.0,78.1,78.6
2011/06/08,78.5,79.1,78.3,78.5
2011/06/09,78.5,78.8,78.4,78.8
2011/06/10,78.9,79.2,78.2,78.3
2011/06/13,78.1,78.6,77.6,77.7
2011/06/14,77.7,78.8,77.7,78.8
2011/06/15,79.1,80.2,78.9,80.0
2011/06/16,80.0,80.2,79.1,79.6
2011/06/17,80.1,81.8,79.6,80.0
2011/06/20,80.0,80.1,78.2,78.2
2011/06/21,78.5,78.7,77.8,78.4
2011/06/22,79.2,79.8,78.6,79.4
2011/06/23,79.4,79.9,78.9,79.8
2011/06/24,79.8,80.6,79.6,80.5
2011/06/27,80.1,80.4,79.5,80.0
2011/06/28,80.6,81.0,79.6,79.7
2011/06/29,80.0,80.2,79.6,79.9
2011/06/30,80.4,83.6,80.4,82.9
2011/07/01,83.4,83.5,82.2,83.0
2011/07/04,83.3,84.9,83.0,84.9
2011/07/05,84.9,85.3,84.2,84.7
2011/07/06,84.7,85.3,84.1,84.9
2011/07/07,84.9,85.0,84.2,84.2
2011/07/08,82.0,82.7,81.0,81.0
2011/07/11,80.8,82.5,79.9,81.8
2011/07/12,81.1,81.6,80.5,81.0
2011/07/13,80.6,81.0,79.6,80.7
2011/07/14,80.6,80.7,79.7,80.0
2011/07/15,80.0,83.9,79.6,83.9
2011/07/18,84.0,84.7,83.0,84.2
2011/07/19,84.2,86.1,83.6,85.0
2011/07/20,85.4,86.1,84.5,85.4
2011/07/21,85.4,86.4,85.4,85.4
2011/07/22,85.4,85.9,85.2,85.4
2011/07/25,85.4,87.6,85.1,85.7
2011/07/26,86.1,86.7,85.1,85.9
2011/07/27,85.9,86.0,85.1,85.8
2011/07/28,85.8,85.8,85.1,85.4
2011/07/29,84.9,85.7,84.6,84.7
2011/08/01,84.7,86.4,84.7,85.0
2011/08/02,84.7,85.7,84.7,85.4
2011/08/03,83.3,85.0,83.3,84.1
2011/08/04,84.1,84.6,82.6,83.6
2011/08/05,77.8,80.7,77.8,79.1
2011/08/08,78.2,79.1,73.8,73.9
2011/08/09,69.4,76.0,68.8,75.9
2011/08/10,78.1,79.7,75.5,77.0
2011/08/11,74.3,77.0,73.2,74.7
2011/08/12,74.8,75.7,73.2,73.2
2011/08/15,74.1,78.1,73.7,78.1
2011/08/16,78.1,81.0,77.6,81.0
2011/08/17,81.0,81.2,79.7,80.7
2011/08/18,80.6,80.6,78.2,78.7
2011/08/19,76.7,78.5,76.7,78.4
2011/08/22,78.4,79.1,76.7,77.9
2011/08/23,77.9,78.9,77.9,78.7
2011/08/24,78.7,79.1,78.3,78.3
2011/08/25,78.3,78.7,76.7,77.0
2011/08/26,77.1,77.9,73.2,74.0
2011/08/29,74.1,75.6,73.0,75.2
2011/08/30,76.7,77.5,75.7,76.7
2011/08/31,77.0,77.3,76.4,76.9
2011/09/01,77.0,77.7,76.9,77.1
2011/09/02,77.1,78.1,76.5,78.0
2011/09/05,76.2,76.9,76.2,76.9
2011/09/06,76.7,76.9,75.7,75.9
2011/09/07,76.2,76.4,75.7,75.7
2011/09/08,75.7,77.0,74.4,75.1
2011/09/09,75.0,75.2,73.8,74.1
2011/09/13,73.2,73.4,70.3,71.3
2011/09/14,71.3,71.6,67.0,68.4
2011/09/15,68.6,70.4,67.6,69.8
2011/09/16,70.3,71.2,69.3,70.6
2011/09/19,70.3,70.3,69.1,69.2
2011/09/20,68.4,68.8,66.9,67.3
2011/09/21,67.4,69.3,67.2,68.6
2011/09/22,68.3,68.3,67.4,67.9
2011/09/23,65.4,66.8,64.9,66.4
2011/09/26,66.4,67.3,62.4,62.4
2011/09/27,63.5,64.1,62.2,63.3
2011/09/28,64.0,64.7,63.5,64.4
2011/09/29,64.0,64.6,63.4,64.1
2011/09/30,64.0,64.4,63.8,64.1
2011/10/03,64.0,65.4,63.5,63.9
2011/10/04,63.7,64.4,63.5,63.9
2011/10/05,63.9,64.6,63.7,64.0
2011/10/06,64.9,66.3,64.4,65.9
2011/10/07,66.4,67.6,66.4,67.0
2011/10/11,67.4,68.5,67.4,67.5
2011/10/12,68.0,68.0,67.2,67.5
2011/10/13,68.2,69.5,67.5,69.3
2011/10/14,68.3,69.9,68.3,69.6
2011/10/17,69.9,69.9,69.0,69.8
2011/10/18,69.3,69.7,68.2,68.2
2011/10/19,68.2,68.8,67.4,67.4
2011/10/20,67.4,68.3,67.3,67.9
2011/10/21,67.9,67.9,66.3,67.0
2011/10/24,68.2,68.2,67.2,67.4
2011/10/25,67.8,67.9,67.3,67.4
2011/10/26,66.7,67.8,66.6,67.7
2011/10/27,67.7,69.1,67.0,68.5
2011/10/28,69.2,69.8,63.8,63.8
2011/10/31,63.5,64.9,63.5,63.7
2011/11/01,63.6,65.2,62.9,65.2
2011/11/02,64.2,66.2,64.1,66.1
2011/11/03,65.9,66.6,64.6,65.9
2011/11/04,66.3,66.8,65.5,65.9
2011/11/07,64.9,64.9,62.6,63.0
2011/11/08,62.6,63.8,62.6,63.4
2011/11/09,63.4,63.4,59.0,59.7
2011/11/10,58.6,60.1,58.1,60.1
2011/11/11,60.5,60.8,59.1,60.1
2011/11/14,60.7,60.9,60.1,60.5
2011/11/15,60.7,61.7,60.4,60.4
2011/11/16,60.5,60.8,59.3,59.4
2011/11/17,59.4,60.7,58.7,60.5
2011/11/18,60.1,60.4,59.8,59.8
2011/11/21,59.6,59.6,57.2,57.3
2011/11/22,57.1,57.7,56.6,56.6
2011/11/23,56.2,56.6,53.7,54.0
2011/11/24,53.7,55.3,53.7,55.0
2011/11/25,55.0,55.5,53.8,53.9
2011/11/28,53.7,54.5,52.3,53.6
2011/11/29,54.3,54.9,53.7,54.3
2011/11/30,54.3,54.3,51.8,52.2
2011/12/01,54.7,55.9,53.3,55.9
2011/12/02,55.9,56.3,54.6,56.3
2011/12/05,56.5,57.0,55.8,57.0
2011/12/06,56.6,56.6,55.0,55.3
2011/12/07,55.3,59.1,55.3,58.0
2011/12/08,57.5,58.2,56.9,58.0
2011/12/09,56.6,57.5,56.1,56.9
2011/12/12,57.1,57.8,56.1,56.2
2011/12/13,55.9,55.9,53.7,54.2
2011/12/14,54.1,55.3,53.9,54.9
2011/12/15,54.7,54.7,53.0,53.6
2011/12/16,54.0,54.3,53.4,53.8
2011/12/19,53.2,53.8,52.2,52.2
2011/12/20,52.2,53.3,52.2,52.8
2011/12/21,54.7,55.8,54.7,55.7
2011/12/22,55.7,55.7,54.7,54.8
2011/12/23,55.2,57.2,55.2,56.9
2011/12/26,57.1,57.1,56.2,56.6
2011/12/27,56.6,56.6,55.8,55.9
2011/12/28,55.9,55.9,55.1,55.1
2011/12/29,54.2,55.6,54.2,55.2
2011/12/30,55.2,55.7,54.3,54.5
2012/01/02,54.3,54.8,54.2,54.2
2012/01/03,54.4,54.7,54.3,54.6
2012/01/04,55.3,55.3,54.1,54.3
2012/01/05,54.3,54.7,54.1,54.5
2012/01/06,55.1,56.7,55.0,55.0
2012/01/09,55.2,55.8,55.0,55.6
2012/01/10,56.0,58.1,56.0,58.0
2012/01/11,59.1,59.8,58.3,58.8
2012/01/12,58.8,59.7,58.3,59.1
2012/01/13,59.4,59.9,58.4,58.4
2012/01/16,59.0,59.3,58.2,58.5
2012/01/17,59.1,61.8,59.0,61.3
2012/01/18,61.7,62.3,60.3,60.7
2012/01/30,61.5,64.8,61.5,63.9
2012/01/31,63.9,64.2,63.4,63.5
2012/02/01,63.0,64.3,63.0,63.7
2012/02/02,64.2,64.3,63.0,63.5
2012/02/03,63.5,63.5,61.5,62.1
2012/02/06,61.5,62.8,61.5,62.0
2012/02/07,62.5,64.3,62.5,63.7
2012/02/08,64.3,65.1,64.0,64.7
2012/02/09,64.7,66.6,64.7,66.0
2012/02/10,66.4,66.7,65.9,66.5
2012/02/13,67.6,71.1,66.6,70.5
2012/02/14,70.5,71.5,69.1,70.8
2012/02/15,70.8,70.9,69.9,70.2
2012/02/16,70.3,72.5,70.3,70.5
2012/02/17,70.5,72.5,68.9,70.5
2012/02/20,70.5,71.3,68.8,69.5
2012/02/21,69.3,69.3,68.4,69.2
2012/02/22,69.3,69.6,66.7,68.1
2012/02/23,67.1,68.4,67.1,68.1
2012/02/24,68.3,68.9,67.2,68.8
2012/02/29,69.2,69.2,67.5,67.6
2012/03/01,67.4,68.8,67.4,68.2
2012/03/02,68.2,68.6,67.9,68.5
2012/03/05,69.8,69.8,68.2,68.4
2012/03/06,68.4,68.4,65.6,66.4
2012/03/07,64.4,67.1,64.4,66.9
2012/03/08,67.4,68.8,66.7,68.5
2012/03/09,68.4,68.7,68.0,68.2
2012/03/12,68.2,68.2,67.0,67.1
2012/03/13,67.9,67.9,66.9,67.0
2012/03/14,67.9,68.4,67.6,68.0
2012/03/15,68.2,68.7,67.9,67.9
2012/03/16,68.0,68.0,67.1,67.1
2012/03/19,67.1,68.1,66.4,66.5
2012/03/20,66.5,66.9,65.8,66.1
2012/03/21,66.1,66.4,64.1,65.4
2012/03/22,65.4,66.3,64.3,65.1
2012/03/23,65.0,66.5,64.7,66.1
2012/03/26,66.4,66.4,65.7,66.4
2012/03/27,66.4,66.8,66.1,66.2
2012/03/28,66.4,66.7,66.1,66.2
2012/03/29,66.1,66.1,63.5,64.4
2012/03/30,64.3,65.7,63.7,65.3
2012/04/02,65.5,65.5,64.7,65.3
2012/04/03,64.9,65.4,63.5,63.7
2012/04/05,61.5,61.8,59.4,59.9
2012/04/06,60.1,60.9,60.1,60.8
2012/04/09,60.2,60.5,59.5,60.0
2012/04/10,60.6,60.9,59.7,59.7
2012/04/11,59.4,60.1,59.0,59.6
2012/04/12,59.6,61.0,59.4,60.7
2012/04/13,61.5,64.9,61.4,64.3
2012/04/16,63.6,64.3,63.3,64.3
2012/04/17,64.3,65.0,63.3,63.5
2012/04/18,64.4,64.4,63.0,63.5
2012/04/19,63.4,64.6,62.5,64.6
2012/04/20,64.6,65.5,64.0,64.3
2012/04/23,64.0,65.4,64.0,64.4
2012/04/24,64.4,64.6,64.1,64.3
2012/04/25,64.6,66.4,64.5,66.2
2012/04/26,66.9,66.9,64.8,65.2
2012/04/27,65.4,66.1,63.3,63.4
2012/04/30,61.0,64.1,60.5,64.1
2012/05/02,64.8,67.6,64.1,67.1
2012/05/03,67.4,67.9,66.1,66.5
2012/05/04,66.2,67.7,66.2,66.5
2012/05/07,65.6,66.9,65.3,66.0
2012/05/08,66.3,66.9,66.0,66.0
2012/05/09,66.0,67.0,66.0,66.6
2012/05/10,66.6,67.0,66.2,66.6
2012/05/11,66.3,66.7,65.4,65.4
2012/05/14,65.4,66.2,65.3,65.4
2012/05/15,64.4,65.8,64.4,65.5
2012/05/16,65.5,65.7,64.2,64.3
2012/05/17,64.4,64.8,63.3,63.6
2012/05/18,62.7,62.8,61.3,61.3
2012/05/21,61.5,62.4,61.5,62.0
2012/05/22,63.3,63.3,60.7,62.3
2012/05/23,62.0,62.0,60.9,61.0
2012/05/24,61.3,61.7,61.1,61.2
2012/05/25,61.1,61.5,60.5,61.0
2012/05/28,61.9,62.3,61.2,61.8
2012/05/29,62.6,64.3,62.4,63.9
2012/05/30,63.8,63.8,63.1,63.8
2012/05/31,62.4,63.9,62.4,63.8
2012/06/01,64.1,64.6,62.6,62.7
2012/06/04,61.2,61.3,59.0,59.7
2012/06/05,60.3,61.1,60.1,60.5
2012/06/06,61.0,62.0,60.5,61.4
2012/06/07,61.9,62.5,61.3,61.4
2012/06/08,61.9,61.9,60.3,60.3
2012/06/11,60.7,61.5,60.3,60.5
2012/06/12,60.5,61.1,60.2,60.6
2012/06/13,61.0,62.9,60.6,62.2
2012/06/14,62.9,63.0,62.1,62.2
2012/06/15,62.5,66.5,62.3,66.5
2012/06/18,65.9,68.4,65.5,67.4
2012/06/19,66.9,67.4,66.1,66.4
2012/06/20,66.8,66.8,65.3,65.6
2012/06/21,65.6,66.8,65.2,66.4
2012/06/22,65.4,66.6,65.1,66.4
2012/06/25,66.1,66.1,64.9,64.9
2012/06/26,64.6,64.9,63.7,64.3
2012/06/27,64.3,64.9,64.3,64.4
2012/06/28,64.4,64.8,63.7,64.4
2012/06/29,64.4,65.5,64.3,65.2
2012/07/02,65.8,66.7,65.3,66.4
2012/07/03,66.8,66.9,66.1,66.5
2012/07/04,66.5,67.0,66.2,66.6
2012/07/05,66.6,66.7,66.3,66.6
2012/07/06,66.6,66.6,65.9,66.3
2012/07/09,66.3,66.3,65.8,66.3
2012/07/10,66.8,67.5,64.7,65.3
2012/07/11,65.7,66.7,65.3,66.4
2012/07/12,66.4,67.7,66.4,67.4
2012/07/13,67.4,67.6,65.0,65.0
2012/07/16,65.0,65.7,64.1,64.7
2012/07/17,64.4,66.0,64.2,65.8
2012/07/18,63.4,64.1,62.9,62.9
2012/07/19,63.5,64.1,63.3,63.5
2012/07/20,63.6,64.1,63.1,63.1
2012/07/23,63.5,64.0,62.7,63.1
2012/07/24,63.1,63.2,62.3,63.1
2012/07/25,62.7,63.9,62.7,63.7
2012/07/26,64.2,64.4,63.6,63.7
2012/07/27,64.4,64.6,63.9,64.2
2012/07/30,64.6,66.2,64.4,65.0
2012/07/31,65.0,65.7,64.8,65.0
2012/08/01,64.8,65.4,64.5,64.6
2012/08/03,64.7,66.4,64.4,66.2
2012/08/06,66.9,67.4,66.0,66.2
2012/08/07,66.4,66.9,66.0,66.3
2012/08/08,66.5,68.4,66.1,67.5
2012/08/09,68.1,68.4,66.7,67.6
2012/08/10,67.6,68.1,66.1,66.7
2012/08/13,67.2,67.2,65.7,66.2
2012/08/14,66.2,67.2,66.0,66.3
2012/08/15,66.1,66.8,65.9,66.3
2012/08/16,66.4,66.8,66.3,66.7
2012/08/17,67.0,67.4,66.3,66.7
2012/08/20,67.0,67.5,66.6,66.6
2012/08/21,66.9,67.3,66.5,66.5
2012/08/22,66.6,66.8,66.2,66.4
2012/08/23,66.5,66.8,66.3,66.3
2012/08/24,66.3,66.6,66.3,66.4
2012/08/27,66.7,66.7,64.9,65.4
2012/08/28,65.4,65.4,63.8,63.8
2012/08/29,63.8,64.4,63.3,64.3
2012/08/30,64.1,64.3,63.3,64.3
2012/08/31,63.6,64.2,63.3,63.3
2012/09/03,63.1,64.3,62.7,64.2
2012/09/04,64.4,64.4,63.4,63.7
2012/09/05,63.7,63.7,62.5,62.6
2012/09/06,62.5,62.8,61.4,61.5
2012/09/07,62.1,62.4,60.5,60.8
2012/09/10,61.0,61.2,60.0,60.5
2012/09/11,60.5,61.3,60.4,60.7
2012/09/12,61.0,61.6,61.0,61.5
2012/09/13,62.0,62.2,61.5,62.1
2012/09/14,62.7,63.1,61.1,61.6
2012/09/17,61.9,62.0,61.3,61.5
2012/09/18,61.7,62.9,61.3,62.6
2012/09/19,62.7,64.0,62.7,64.0
2012/09/20,64.0,64.0,63.0,63.9
2012/09/21,63.9,64.0,63.1,63.2
2012/09/24,63.2,63.2,61.7,62.3
2012/09/25,62.5,62.7,61.9,61.9
2012/09/26,61.8,62.4,61.6,62.4
2012/09/27,62.4,62.8,61.9,62.7
2012/09/28,62.7,62.7,62.2,62.7
2012/10/01,62.6,64.3,62.6,64.0
2012/10/02,64.3,65.8,64.3,64.9
2012/10/03,64.9,65.3,64.5,64.9
2012/10/04,64.9,65.1,64.0,65.0
2012/10/05,65.6,67.0,65.6,66.2
2012/10/08,66.4,66.6,65.9,66.2
2012/10/09,66.1,66.3,64.7,64.8
2012/10/11,64.0,64.3,63.0,64.3
2012/10/12,64.2,65.1,64.0,65.0
2012/10/15,65.4,65.4,64.8,65.3
2012/10/16,65.6,65.6,64.4,64.5
2012/10/17,65.1,65.4,63.8,64.4
2012/10/18,64.6,64.7,63.9,64.3
2012/10/19,64.4,64.4,64.0,64.4
2012/10/22,64.3,64.4,63.7,64.4
2012/10/23,64.4,64.4,63.7,63.9
2012/10/24,63.5,63.7,63.1,63.4
2012/10/25,63.4,64.1,63.1,63.2
2012/10/26,63.2,63.7,62.2,62.2
2012/10/29,62.0,62.2,59.9,60.6
2012/10/30,61.2,62.1,61.0,62.0
2012/10/31,62.5,62.5,60.5,60.7
2012/11/01,60.7,60.7,59.3,60.4
2012/11/02,60.5,61.0,60.1,60.4
2012/11/05,60.1,60.4,59.3,59.4
2012/11/06,59.4,59.4,58.6,59.1
2012/11/07,59.5,60.2,59.4,60.1
2012/11/08,59.6,60.9,59.6,60.3
2012/11/09,60.3,62.0,60.1,61.7
2012/11/12,61.7,62.1,61.4,61.5
2012/11/13,61.3,61.5,60.5,60.8
2012/11/14,61.1,61.1,60.5,61.0
2012/11/15,61.0,61.3,60.6,61.3
2012/11/16,61.3,61.6,60.9,61.0
2012/11/19,61.1,61.2,60.6,60.9
2012/11/20,60.9,61.3,60.6,60.9
2012/11/21,60.8,60.9,59.7,59.7
2012/11/22,59.8,60.2,59.6,59.7
2012/11/23,59.7,61.3,59.7,60.9
2012/11/26,61.0,61.3,60.3,60.8
2012/11/27,60.5,60.6,59.6,59.7
2012/11/28,59.7,59.7,59.0,59.2
2012/11/29,59.6,60.0,59.3,59.6
2012/11/30,59.9,60.2,59.1,59.5
2012/12/03,59.6,60.1,59.4,59.6
2012/12/04,59.6,60.0,58.9,59.6
2012/12/05,59.6,60.8,59.5,60.3
2012/12/06,60.3,61.3,60.3,60.7
2012/12/07,61.2,61.2,60.2,60.7
2012/12/10,60.5,60.9,59.8,60.1
2012/12/11,60.1,60.1,59.0,59.4
2012/12/12,59.5,60.0,59.0,59.3
2012/12/13,59.4,59.8,59.0,59.7
2012/12/14,59.7,60.0,59.4,59.6
2012/12/17,59.6,61.0,59.6,60.6
2012/12/18,61.0,61.0,60.1,60.1
2012/12/19,60.3,61.8,60.3,61.0
2012/12/20,61.0,61.9,60.9,61.3
2012/12/21,61.5,61.6,60.7,61.2
2012/12/24,62.0,62.2,61.6,61.8
2012/12/25,61.8,62.2,61.8,61.9
2012/12/26,61.9,62.3,61.8,62.0
2012/12/27,62.0,62.5,61.7,61.7
2012/12/28,61.7,62.6,61.7,62.1
2013/01/02,63.0,65.5,62.4,64.4
2013/01/03,65.0,67.1,64.4,66.7
2013/01/04,66.7,67.7,66.0,66.3
2013/01/07,66.3,67.9,66.3,66.9
2013/01/08,67.0,67.4,66.3,66.9
2013/01/09,66.9,71.3,66.9,70.6
2013/01/10,70.9,72.7,69.7,70.2
2013/01/11,69.9,70.7,69.0,69.4
2013/01/14,69.1,71.7,69.1,71.1
2013/01/15,71.3,72.0,70.4,71.0
2013/01/16,71.0,71.0,69.6,70.1
2013/01/17,70.1,71.5,69.5,69.8
2013/01/18,70.1,70.9,69.4,70.3
2013/01/21,70.3,70.3,69.7,69.8
2013/01/22,69.8,69.9,68.9,69.2
2013/01/23,69.3,72.4,69.3,70.9
2013/01/24,70.8,72.1,69.9,70.0
2013/01/25,70.1,70.6,69.5,69.5
2013/01/28,69.6,70.9,69.2,70.7
2013/01/29,70.7,70.9,70.2,70.6
2013/01/30,70.7,71.8,70.0,70.6
2013/01/31,70.5,72.2,70.0,71.8
2013/02/01,71.8,74.1,71.2,74.1
2013/02/04,74.2,76.7,73.8,74.7
2013/02/05,74.7,75.3,74.0,74.3
2013/02/06,74.7,75.2,74.2,74.5
2013/02/18,75.1,76.2,73.5,74.2
2013/02/19,74.3,74.3,72.8,73.1
2013/02/20,73.1,75.2,73.0,74.2
2013/02/21,74.1,74.1,73.0,73.3
2013/02/22,73.0,73.7,72.8,73.1
2013/02/25,73.2,73.4,72.7,72.7
2013/02/26,72.3,74.0,72.3,73.1
2013/02/27,73.1,73.5,72.5,72.8
2013/03/01,73.2,75.6,73.2,74.8
2013/03/04,75.4,76.1,74.7,74.8
2013/03/05,74.8,76.0,74.5,76.0
2013/03/06,76.2,77.6,75.7,76.7
2013/03/07,76.7,77.2,75.6,76.1
2013/03/08,75.7,76.2,75.1,75.4
2013/03/11,75.4,75.4,74.2,75.1
2013/03/12,75.2,75.2,74.4,74.7
2013/03/13,74.7,75.7,74.5,75.7
2013/03/14,75.7,75.7,74.2,75.4
2013/03/15,75.4,76.4,74.7,75.5
2013/03/18,75.5,76.7,75.4,75.8
2013/03/19,76.2,76.2,75.5,75.6
2013/03/20,75.6,75.8,74.7,74.7
2013/03/21,75.2,76.8,75.1,76.6
2013/03/22,76.6,76.6,75.7,76.1
2013/03/25,76.1,76.2,75.2,75.8
2013/03/26,75.8,76.6,75.8,76.0
2013/03/27,76.2,76.2,75.5,75.6
2013/03/28,76.0,76.0,75.1,75.4
2013/03/29,75.4,76.0,75.4,75.8
2013/04/01,75.9,75.9,72.3,73.2
2013/04/02,71.8,72.1,69.3,69.7
2013/04/03,68.6,70.0,68.4,69.5
2013/04/08,69.3,69.7,68.7,69.3
2013/04/09,70.3,71.9,69.6,71.0
2013/04/10,71.2,71.6,70.0,71.1
2013/04/11,71.3,72.4,71.3,72.3
2013/04/12,72.3,72.8,71.8,71.9
2013/04/15,73.1,73.1,71.5,71.5
2013/04/16,71.1,72.0,70.8,71.5
2013/04/17,72.2,73.7,72.0,73.3
2013/04/18,72.3,74.3,72.3,73.6
2013/04/19,73.6,74.4,73.2,73.8
2013/04/22,73.7,75.2,73.2,75.2
2013/04/23,75.2,76.0,74.9,76.0
2013/04/24,76.7,77.0,76.1,76.9
2013/04/25,76.9,77.1,76.3,76.4
2013/04/26,76.7,77.0,74.9,76.4
2013/04/29,77.1,78.7,77.0,78.0
2013/04/30,78.0,82.4,77.6,80.1
2013/05/02,80.1,80.8,78.5,79.7
2013/05/03,79.7,79.7,78.2,78.8
2013/05/06,79.5,80.5,78.8,79.3
2013/05/07,80.1,80.5,77.1,78.2
2013/05/08,78.2,78.6,76.2,77.4
2013/05/09,77.4,78.1,77.3,78.0
2013/05/10,78.1,78.6,76.7,77.7
2013/05/13,76.7,77.0,75.4,75.7
2013/05/14,76.0,76.9,75.3,76.7
2013/05/15,77.4,77.4,76.7,76.9
2013/05/16,76.9,77.9,76.2,77.6
2013/05/17,77.6,78.3,77.1,77.7
2013/05/20,77.7,78.0,76.2,77.9
2013/05/21,78.0,78.0,77.2,77.9
2013/05/22,77.7,78.2,76.9,77.1
2013/05/23,76.7,77.0,75.5,75.9
2013/05/24,75.9,75.9,71.8,73.7
2013/05/27,73.7,75.1,73.5,74.8
2013/05/28,75.0,76.8,74.7,76.8
2013/05/29,77.1,77.3,76.6,77.1
2013/05/30,76.3,77.1,76.3,76.6
2013/05/31,76.7,77.0,75.6,75.8
2013/06/03,75.2,75.2,73.6,74.2
2013/06/04,74.3,75.6,74.0,74.3
2013/06/05,74.5,75.7,74.4,75.7
2013/06/06,75.0,75.6,74.6,74.7
2013/06/07,75.2,75.9,74.4,75.2
2013/06/10,75.2,76.3,74.8,76.3
2013/06/11,75.3,75.3,74.0,74.4
2013/06/13,73.7,73.9,72.8,72.8
2013/06/14,72.8,74.0,72.6,72.7
2013/06/17,73.0,74.3,72.9,73.7
2013/06/18,73.7,73.8,73.5,73.7
2013/06/19,74.0,74.5,73.2,73.2
2013/06/20,73.2,73.2,71.3,72.3
2013/06/21,71.7,71.7,68.8,70.9
2013/06/24,70.8,70.9,69.3,70.3
2013/06/25,69.6,70.3,68.1,69.3
2013/06/26,69.8,70.1,67.9,68.6
2013/06/27,68.6,69.7,67.6,69.1
2013/06/28,69.2,69.6,68.4,68.5
2013/07/01,68.5,72.7,68.5,72.6
2013/07/02,72.7,73.7,71.9,72.8
2013/07/03,72.8,73.0,72.1,72.6
2013/07/04,72.6,73.1,72.1,72.1
2013/07/05,73.0,74.0,72.9,73.5
2013/07/08,73.5,73.6,71.9,71.9
2013/07/09,72.3,73.1,72.0,72.6
2013/07/10,72.5,72.5,70.1,70.4
2013/07/11,70.9,71.3,69.8,70.9
2013/07/12,70.9,71.7,70.4,70.9
2013/07/15,71.3,72.2,70.8,71.3
2013/07/16,71.8,72.5,71.3,72.3
2013/07/17,72.5,74.0,72.5,73.7
2013/07/18,72.7,73.2,71.1,71.1
2013/07/19,71.4,72.2,71.1,72.2
2013/07/22,72.5,72.7,71.4,71.5
2013/07/23,70.9,71.7,70.9,71.3
2013/07/24,70.8,71.1,69.0,69.3
2013/07/25,68.9,69.3,68.2,68.4
2013/07/26,68.4,69.1,68.2,68.6
2013/07/29,68.8,68.8,67.4,67.4
2013/07/30,67.4,68.4,66.0,66.4
2013/07/31,66.4,66.8,64.8,65.0
2013/08/01,65.0,66.7,65.0,66.0
2013/08/02,66.5,66.6,65.5,66.4
2013/08/05,66.4,67.7,66.1,66.9
2013/08/06,66.9,66.9,65.9,66.2
2013/08/07,66.0,66.0,65.0,65.0
2013/08/08,65.4,65.4,64.9,65.2
2013/08/09,65.4,66.7,65.3,65.8
2013/08/12,66.4,66.7,65.2,65.5
2013/08/13,66.0,66.5,65.8,66.3
2013/08/14,66.5,66.6,65.9,66.3
2013/08/15,66.1,66.1,65.7,65.9
2013/08/16,65.4,66.5,65.4,65.9
2013/08/19,65.9,66.0,65.4,65.4
2013/08/20,65.4,65.4,64.3,64.3
2013/08/22,64.0,64.4,63.4,63.9
2013/08/23,64.3,64.3,63.6,63.6
2013/08/26,63.9,65.7,63.9,65.5
2013/08/27,65.4,65.4,64.3,64.3
2013/08/28,64.0,64.1,63.6,63.7
2013/08/29,64.0,64.4,64.0,64.0
2013/08/30,64.1,64.7,64.0,64.3
2013/09/02,64.4,64.4,64.1,64.1
2013/09/03,64.3,66.0,64.2,65.4
2013/09/04,65.6,65.7,64.5,64.7
2013/09/05,65.1,65.3,64.7,64.9
2013/09/06,65.2,65.9,65.0,65.4
2013/09/09,65.9,66.9,65.4,66.7
2013/09/10,66.9,67.0,65.8,66.0
2013/09/11,65.7,65.7,63.3,63.8
2013/09/12,63.9,64.1,62.9,63.5
2013/09/13,63.3,63.4,62.5,62.6
2013/09/16,62.6,63.3,62.5,62.8
2013/09/17,63.1,63.9,62.8,63.5
2013/09/18,63.9,63.9,63.3,63.5
2013/09/23,63.7,64.3,63.7,63.9
2013/09/24,64.3,64.8,63.9,64.4
2013/09/25,64.5,64.5,63.5,63.6
2013/09/26,64.2,64.2,62.7,62.8
2013/09/27,63.0,63.5,62.8,62.9
2013/09/30,62.7,63.2,62.3,62.7
2013/10/01,62.5,62.8,62.3,62.4
2013/10/02,62.5,62.9,62.1,62.4
2013/10/03,62.4,63.0,62.1,62.5
2013/10/04,62.8,63.1,62.3,62.3
2013/10/07,62.5,63.6,62.5,62.9
2013/10/08,63.0,63.4,62.6,62.8
2013/10/09,62.8,62.8,62.2,62.2
2013/10/11,62.5,62.6,61.1,61.5
2013/10/14,61.2,61.5,60.1,60.1
2013/10/15,60.5,61.3,60.5,61.2
2013/10/16,61.4,61.9,60.9,61.2
2013/10/17,61.5,61.8,61.3,61.6
2013/10/18,61.6,62.7,61.6,62.3
2013/10/21,62.3,62.8,62.3,62.6
2013/10/22,62.8,62.8,62.1,62.5
2013/10/23,62.5,62.7,61.6,61.7
2013/10/24,61.5,61.7,60.8,61.0
2013/10/25,61.0,61.1,59.9,60.1
2013/10/28,60.3,60.6,60.1,60.2
2013/10/29,60.9,60.9,59.9,60.1
2013/10/30,60.1,60.5,59.7,60.1
2013/10/31,60.2,60.7,60.1,60.5
2013/11/01,60.5,60.7,59.0,59.3
2013/11/04,59.3,59.3,57.3,57.3
2013/11/05,57.3,57.3,55.4,55.8
2013/11/06,56.3,56.4,53.0,55.2
2013/11/07,55.2,56.9,54.2,56.8
2013/11/08,56.8,57.9,56.3,57.4
2013/11/11,57.1,57.2,55.9,56.7
2013/11/12,57.1,57.5,56.5,57.0
2013/11/13,57.4,57.8,56.7,57.0
2013/11/14,57.0,57.0,56.4,56.5
2013/11/15,56.7,58.5,56.6,58.1
2013/11/18,58.3,58.4,57.2,57.5
2013/11/19,57.2,59.1,57.2,58.5
2013/11/20,58.9,59.2,58.1,58.7
2013/11/21,58.7,59.1,58.4,58.9
2013/11/22,58.9,60.3,58.9,59.8
2013/11/25,60.1,60.4,59.8,60.1
2013/11/26,59.6,59.9,59.0,59.3
2013/11/27,59.2,59.8,59.1,59.3
2013/11/28,59.3,59.9,59.3,59.7
2013/11/29,59.9,59.9,59.5,59.6
2013/12/02,59.6,60.0,58.8,59.0
2013/12/03,58.7,58.8,57.9,58.1
2013/12/04,57.6,57.9,57.1,57.8
2013/12/05,58.0,58.1,57.4,57.7
2013/12/06,57.8,58.9,57.8,58.6
2013/12/09,59.0,59.2,58.5,58.5
2013/12/10,58.5,58.6,57.2,57.9
2013/12/11,58.1,58.7,57.3,57.8
2013/12/12,57.4,57.6,57.1,57.3
2013/12/13,57.1,57.4,56.4,56.4
2013/12/16,56.4,56.8,55.9,56.0
2013/12/17,56.2,56.5,56.0,56.0
2013/12/18,56.0,57.8,56.0,57.2
2013/12/19,57.6,58.2,57.3,57.4
2013/12/20,57.4,57.5,56.9,57.0
2013/12/23,57.4,57.8,57.1,57.5
2013/12/24,57.5,58.4,57.5,58.2
2013/12/25,58.3,60.1,58.3,59.7
2013/12/26,59.6,60.1,59.4,59.4
2013/12/27,59.4,60.0,59.4,59.6
2013/12/30,60.2,61.5,59.9,61.1
2013/12/31,61.7,62.5,61.2,61.3
2014/01/02,61.3,61.5,60.6,61.3
2014/01/03,61.3,62.1,61.1,61.6
2014/01/06,61.6,61.9,60.8,60.9
2014/01/07,60.9,61.3,60.8,61.3
2014/01/08,61.5,62.7,61.5,62.3
2014/01/09,62.2,62.2,61.5,61.6
2014/01/10,61.6,61.7,61.2,61.3
2014/01/13,61.5,61.7,61.2,61.3
2014/01/14,61.0,61.2,60.2,60.7
2014/01/15,60.8,62.1,60.8,61.3
2014/01/16,62.4,63.5,61.7,62.8
2014/01/17,63.3,64.0,62.3,63.0
2014/01/20,63.8,64.2,63.1,64.0
2014/01/21,64.0,64.3,63.4,63.5
2014/01/22,63.4,64.0,63.0,63.2
2014/01/23,63.5,63.5,62.7,62.9
2014/01/24,62.5,62.9,61.8,62.4
2014/01/27,61.5,62.2,61.3,62.1
2014/02/05,60.7,62.0,60.7,61.5
2014/02/06,61.5,63.4,61.5,62.9
2014/02/07,63.5,63.5,62.6,62.8
2014/02/10,63.5,64.3,63.2,63.4
2014/02/11,64.0,64.2,63.3,63.9
2014/02/12,64.4,65.5,64.3,65.0
2014/02/13,65.2,65.2,64.0,64.4
2014/02/14,64.4,65.1,63.6,63.7
2014/02/17,64.0,64.2,63.5,63.6
2014/02/18,63.7,64.3,63.4,64.0
2014/02/19,64.1,64.4,63.6,64.0
2014/02/20,64.0,64.2,63.6,63.7
2014/02/21,63.8,64.4,63.8,64.1
2014/02/24,64.1,64.4,63.9,64.3
2014/02/25,64.3,65.2,64.3,64.7
2014/02/26,64.7,65.1,64.5,64.5
2014/02/27,64.5,64.7,64.0,64.1
2014/03/03,64.0,64.2,63.6,64.0
2014/03/04,63.7,64.0,63.5,63.6
2014/03/05,64.2,64.4,63.7,64.1
2014/03/06,64.1,64.3,63.6,63.7
2014/03/07,63.6,63.9,62.8,62.8
2014/03/10,62.5,63.5,61.7,63.5
2014/03/11,63.7,64.1,63.6,64.0
2014/03/12,64.0,64.2,63.4,63.4
2014/03/13,63.3,63.4,63.0,63.1
2014/03/14,62.6,63.9,62.5,63.5
2014/03/17,63.5,63.9,63.3,63.4
2014/03/18,63.8,64.2,63.6,63.7
2014/03/19,64.0,64.0,63.4,63.9
2014/03/20,63.6,64.2,63.2,63.8
2014/03/21,63.8,63.9,63.1,63.8
2014/03/24,63.3,63.5,62.4,62.8
2014/03/25,62.5,63.2,62.5,63.0
2014/03/26,63.2,63.5,63.0,63.1
2014/03/27,63.2,67.1,63.2,66.4
2014/03/28,66.9,67.0,65.1,65.2
2014/03/31,65.2,65.3,63.8,64.4
2014/04/01,64.4,65.0,64.3,64.3
2014/04/02,64.3,64.6,64.0,64.1
2014/04/03,64.4,64.4,63.3,64.2
2014/04/07,64.2,64.2,63.3,63.5
2014/04/08,63.5,64.0,63.4,63.6
2014/04/09,63.6,64.0,63.6,63.9
2014/04/10,64.2,64.2,63.6,63.9
2014/04/11,63.5,63.7,62.2,62.7
2014/04/14,62.1,62.6,60.9,61.3
2014/04/15,61.5,62.2,61.3,62.0
2014/04/16,62.0,62.2,61.3,61.8
2014/04/17,62.0,63.3,62.0,63.1
2014/04/18,63.5,63.6,62.2,63.3
2014/04/21,63.5,63.5,62.7,62.9
2014/04/22,63.3,63.4,62.6,62.8
2014/04/23,63.0,63.0,62.6,62.9
2014/04/24,62.5,62.8,62.3,62.3
2014/04/25,62.2,62.5,61.0,61.5
2014/04/28,60.1,61.0,59.8,60.9
2014/04/29,60.9,61.9,60.7,60.9
2014/04/30,60.9,61.2,60.6,60.7
2014/05/02,60.7,61.4,60.7,61.1
2014/05/05,61.1,61.5,60.9,61.3
2014/05/06,61.5,61.7,61.2,61.4
2014/05/07,61.4,61.6,61.2,61.2
2014/05/08,61.4,61.6,61.1,61.4
2014/05/09,61.4,61.6,60.8,60.8
2014/05/12,60.8,61.0,60.5,60.5
2014/05/13,60.3,60.5,57.2,59.5
2014/05/14,57.6,58.3,57.2,57.8
2014/05/15,57.0,57.6,56.3,57.3
2014/05/16,56.6,57.2,55.9,56.3
2014/05/19,57.1,57.7,57.0,57.7
2014/05/20,57.6,58.1,57.6,57.9
2014/05/21,57.9,57.9,56.8,57.0
2014/05/22,57.5,57.7,56.9,57.6
2014/05/23,57.6,57.6,57.1,57.5
2014/05/26,57.8,59.4,57.8,59.1
2014/05/27,59.1,59.4,58.5,58.9
2014/05/28,59.1,59.1,58.6,58.6
2014/05/29,58.4,59.0,58.1,58.3
2014/05/30,58.3,58.8,57.8,58.0
2014/06/03,58.6,58.7,58.2,58.4
2014/06/04,58.4,58.8,58.3,58.4
2014/06/05,58.6,58.6,57.7,57.9
2014/06/06,57.9,58.5,57.9,58.3
2014/06/09,58.4,58.9,58.3,58.5
2014/06/10,58.5,59.1,58.4,58.6
2014/06/11,58.6,59.0,58.1,58.2
2014/06/12,58.2,58.3,57.5,57.5
2014/06/13,57.6,58.1,57.6,57.9
2014/06/16,57.9,58.4,57.6,57.7
2014/06/17,57.7,58.0,57.5,57.8
2014/06/18,57.8,58.1,57.3,57.4
2014/06/19,57.8,57.9,57.4,57.8
2014/06/20,57.8,57.9,57.3,57.5
2014/06/23,58.1,59.0,57.9,58.5
2014/06/24,58.6,58.9,57.9,58.1
2014/06/25,58.3,58.4,57.4,57.7
2014/06/26,57.7,58.4,57.4,57.7
2014/06/27,57.7,57.7,57.2,57.4
2014/06/30,57.4,58.0,57.2,58.0
2014/07/01,58.0,58.2,57.6,57.8
2014/07/02,57.8,58.3,57.6,57.8
2014/07/03,57.8,57.8,57.5,57.5
2014/07/04,57.5,57.9,57.4,57.5
2014/07/07,57.6,58.1,57.3,57.6
2014/07/08,57.6,59.8,57.6,59.6
2014/07/09,60.1,60.4,59.4,60.0
2014/07/10,60.1,60.1,59.3,59.6
2014/07/11,59.6,59.7,58.3,58.3
2014/07/14,59.0,59.0,58.4,58.8
2014/07/15,59.1,59.2,58.7,59.0
2014/07/16,59.4,60.4,59.2,59.5
2014/07/17,60.1,60.1,59.5,59.8
2014/07/18,59.6,60.0,59.3,59.7
2014/07/21,59.8,60.5,59.8,60.4
2014/07/22,60.5,60.5,59.9,59.9
2014/07/24,58.6,59.1,58.0,58.6
2014/07/25,58.6,59.1,58.1,58.7
2014/07/28,59.1,59.6,58.7,59.4
2014/07/29,59.4,59.6,59.0,59.3
2014/07/30,59.5,61.4,59.3,61.3
2014/07/31,61.3,61.5,60.0,61.1
2014/08/01,60.3,60.7,60.0,60.1
2014/08/04,60.1,60.5,60.0,60.1
2014/08/05,60.5,60.9,59.5,59.6
2014/08/06,59.5,59.6,57.1,58.3
2014/08/07,58.4,58.9,57.3,58.4
2014/08/08,58.4,59.0,58.0,58.9
2014/08/11,59.3,59.9,58.7,59.0
2014/08/12,58.6,58.6,57.8,58.2
2014/08/13,57.8,58.1,57.5,57.9
2014/08/14,57.9,58.2,57.7,58.1
2014/08/15,58.3,58.3,57.3,57.4
2014/08/18,57.1,57.2,56.3,56.5
2014/08/19,56.5,57.1,56.5,56.5
2014/08/20,56.8,57.4,56.6,57.3
2014/08/21,57.3,57.6,56.8,56.9
2014/08/22,56.9,57.1,56.6,56.9
2014/08/25,56.9,56.9,56.3,56.7
2014/08/26,56.7,58.0,56.7,57.6
2014/08/27,57.8,58.3,57.1,57.5
2014/08/28,57.5,57.8,57.2,57.6
2014/08/29,57.8,58.0,57.3,58.0
2014/09/01,58.0,58.0,57.4,57.8
2014/09/02,57.4,57.6,57.1,57.2
2014/09/03,57.2,57.3,57.0,57.1
2014/09/04,57.1,57.5,57.1,57.1
2014/09/05,57.1,57.4,56.8,56.9
2014/09/09,56.6,56.7,56.1,56.3
2014/09/10,56.3,56.6,56.1,56.3
2014/09/11,56.3,57.0,56.1,56.1
2014/09/12,56.6,56.6,55.6,55.6
2014/09/15,55.6,55.8,55.2,55.3
2014/09/16,55.2,55.3,54.9,55.0
2014/09/17,55.0,55.6,54.7,55.1
2014/09/18,55.1,55.2,54.9,54.9
2014/09/19,55.0,55.2,54.7,54.8
2014/09/22,54.7,55.1,54.7,55.1
2014/09/23,55.2,55.2,54.8,54.8
2014/09/24,55.1,55.5,55.0,55.4
2014/09/25,55.7,55.8,54.7,54.7
2014/09/26,54.6,54.6,54.2,54.2
2014/09/29,54.5,55.1,54.2,54.5
2014/09/30,54.5,54.9,53.7,54.7
2014/10/01,54.7,55.1,54.6,54.6
2014/10/02,54.5,54.5,54.2,54.4
2014/10/03,54.4,54.7,54.4,54.5
2014/10/06,54.7,54.9,54.4,54.7
2014/10/07,54.7,54.7,53.9,54.0
2014/10/08,53.8,54.0,53.3,53.3
2014/10/09,53.4,53.7,53.0,53.0
2014/10/13,52.5,52.5,49.4,49.7
2014/10/14,49.3,49.8,47.5,48.4
2014/10/15,48.4,48.5,47.0,47.0
2014/10/16,46.9,46.9,44.1,45.4
2014/10/17,45.6,46.5,45.0,45.8
2014/10/20,46.4,47.7,45.9,47.7
2014/10/21,47.7,48.4,47.4,48.4
2014/10/22,48.8,48.9,48.6,48.9
2014/10/23,48.8,48.8,48.0,48.1
2014/10/24,48.1,48.3,47.7,47.8
2014/10/27,47.9,47.9,47.4,47.5
2014/10/28,47.8,47.8,46.7,47.4
2014/10/29,47.4,48.1,47.4,48.1
2014/10/30,48.1,48.8,47.7,48.7
2014/10/31,48.8,48.8,48.0,48.6
2014/11/03,48.6,48.6,47.2,47.5
2014/11/04,47.5,47.7,46.8,47.4
2014/11/05,47.4,47.7,46.9,46.9
2014/11/06,46.9,47.2,46.7,46.7
2014/11/07,46.7,46.9,46.6,46.7
2014/11/10,46.8,48.1,46.8,47.3
2014/11/11,47.3,47.7,47.3,47.4
2014/11/12,47.8,47.9,47.3,47.5
2014/11/13,47.5,47.8,47.5,47.8
2014/11/14,47.9,47.9,47.5,47.7
2014/11/17,47.7,47.8,47.0,47.0
2014/11/18,46.9,47.2,46.7,46.7
2014/11/19,46.7,47.5,46.7,47.2
2014/11/20,47.6,47.9,47.4,47.9
2014/11/21,48.1,48.8,48.1,48.8
2014/11/24,48.9,49.3,48.7,49.1
2014/11/25,49.2,49.2,48.3,48.3
2014/11/26,48.6,48.8,48.4,48.8
2014/11/27,48.8,49.6,48.8,49.1
2014/11/28,49.1,49.6,49.0,49.0
2014/12/01,48.1,49.6,48.1,49.4
2014/12/02,49.3,49.9,49.1,49.9
2014/12/03,50.5,50.5,49.9,50.3
2014/12/04,50.4,50.4,49.8,50.3
2014/12/05,50.3,53.2,50.3,53.2
2014/12/08,54.0,55.2,54.0,54.6
2014/12/09,54.6,54.6,53.0,53.8
2014/12/10,53.7,54.2,53.1,53.7
2014/12/11,53.7,54.7,53.2,53.9
2014/12/12,54.1,54.7,54.0,54.4
2014/12/15,53.8,55.1,53.7,54.4
2014/12/16,54.6,55.9,54.5,55.4
2014/12/17,55.3,55.3,54.3,54.4
2014/12/18,54.7,54.9,53.2,53.4
2014/12/19,53.7,54.5,53.2,53.2
2014/12/22,53.3,54.1,53.2,54.1
2014/12/23,54.2,54.2,53.3,53.7
2014/12/24,53.7,53.7,53.4,53.5
2014/12/25,53.6,53.8,53.2,53.2
2014/12/26,53.3,54.2,53.0,54.1
2014/12/29,53.7,54.5,53.6,54.0
2014/12/30,54.3,54.5,53.7,54.0
2014/12/31,54.0,54.5,53.7,54.5
2015/01/05,54.5,54.5,53.6,53.9
2015/01/06,53.7,53.7,52.7,53.6
2015/01/07,53.0,53.8,53.0,53.1
2015/01/08,53.5,53.9,53.1,53.3
2015/01/09,53.5,53.8,53.2,53.5
2015/01/12,53.7,54.6,53.4,54.0
2015/01/13,54.0,54.5,53.7,54.5
2015/01/14,54.7,55.1,54.4,54.6
2015/01/15,54.6,54.7,54.2,54.3
2015/01/16,54.4,54.4,53.3,53.3
2015/01/19,53.7,53.9,53.3,53.3
2015/01/20,53.6,54.4,53.4,54.4
2015/01/21,54.7,54.7,54.1,54.5
2015/01/22,54.9,57.1,54.8,56.5
2015/01/23,56.6,57.2,55.6,55.7
2015/01/26,55.7,56.0,55.2,55.8
2015/01/27,56.1,56.5,55.8,56.2
2015/01/28,56.2,56.4,55.9,55.9
2015/01/29,56.0,56.6,55.8,56.1
2015/01/30,56.2,56.6,56.0,56.1
2015/02/02,56.1,56.8,56.0,56.6
2015/02/03,56.6,56.9,56.0,56.1
2015/02/04,56.2,56.6,56.0,56.3
2015/02/05,56.3,56.6,55.8,55.9
2015/02/06,56.0,56.1,55.7,56.0
2015/02/09,56.0,56.2,53.7,54.7
2015/02/10,54.5,55.0,54.1,54.4
2015/02/11,54.7,55.0,54.2,54.2
2015/02/12,54.2,55.0,53.8,54.9
2015/02/13,54.9,55.5,54.8,55.1
2015/02/24,55.1,55.4,54.8,55.2
2015/02/25,55.0,55.2,54.7,55.1
2015/02/26,55.1,55.3,54.9,55.2
2015/03/02,55.2,55.9,55.1,55.1
2015/03/03,55.2,56.0,55.2,55.7
2015/03/04,56.0,58.4,55.9,57.4
2015/03/05,57.4,57.9,56.8,57.5
2015/03/06,57.6,60.1,57.6,59.1
2015/03/09,59.1,60.1,58.7,60.1
2015/03/10,60.2,60.7,59.4,59.6
2015/03/11,59.1,61.5,58.8,60.7
2015/03/12,60.8,62.2,59.9,60.4
2015/03/13,60.6,61.4,60.0,60.4
2015/03/16,60.8,61.7,60.1,60.5
2015/03/17,60.6,61.3,60.1,60.1
2015/03/18,60.1,60.9,60.0,60.2
2015/03/19,60.5,61.7,60.1,61.0
2015/03/20,61.5,61.6,60.1,60.1
2015/03/23,60.1,60.5,58.4,59.2
2015/03/24,59.1,59.2,57.9,58.0
2015/03/25,58.1,59.1,58.0,58.0
2015/03/26,57.7,58.9,57.7,58.1
2015/03/27,58.3,59.0,58.0,58.6
2015/03/30,59.0,60.5,58.7,60.0
2015/03/31,60.5,60.6,58.8,59.0
2015/04/01,58.6,59.4,56.6,57.4
2015/04/02,58.0,58.3,57.4,57.5
2015/04/07,58.5,60.0,58.1,60.0
2015/04/08,60.0,60.0,59.2,59.6
2015/04/09,59.9,60.1,58.8,59.1
2015/04/10,58.9,59.6,58.9,59.4
2015/04/13,59.7,59.7,58.3,58.7
2015/04/14,58.8,60.0,58.6,59.6
2015/04/15,59.8,59.8,58.6,58.7
2015/04/16,58.8,60.0,58.8,59.3
2015/04/17,59.4,59.7,58.3,58.9
2015/04/20,59.3,59.7,58.4,58.5
2015/04/21,58.5,58.8,56.9,57.1
2015/04/22,57.3,57.8,57.3,57.7
2015/04/23,57.8,58.1,57.3,57.5
2015/04/24,57.8,57.8,55.5,56.8
2015/04/27,57.3,57.3,56.6,56.8
2015/04/28,56.8,57.7,56.4,57.6
2015/04/29,56.9,57.6,56.9,57.4
2015/04/30,57.4,57.5,56.8,56.9
2015/05/04,56.3,56.6,55.3,56.3
2015/05/05,56.3,56.9,55.9,56.0
2015/05/06,55.8,56.3,55.3,56.0
2015/05/07,56.0,57.2,55.7,56.8
2015/05/08,56.9,57.3,56.3,56.6
2015/05/11,57.3,57.8,56.6,57.0
2015/05/12,56.8,57.5,56.8,57.2
2015/05/13,57.2,57.6,56.8,56.8
2015/05/14,56.8,59.4,56.3,59.1
2015/05/15,59.1,61.1,58.2,60.2
2015/05/18,60.2,60.5,59.0,59.9
2015/05/19,59.9,62.9,59.4,61.5
2015/05/20,62.3,62.8,61.1,61.8
2015/05/21,61.8,61.8,60.9,61.4
2015/05/22,61.4,61.8,61.0,61.7
2015/05/25,61.7,63.1,61.2,62.6
2015/05/26,62.6,62.7,61.4,61.6
2015/05/27,61.6,62.8,61.6,62.7
2015/05/28,62.9,63.2,62.3,62.6
2015/05/29,62.8,63.1,61.8,61.9
2015/06/01,61.9,64.9,61.8,64.9
2015/06/02,65.0,67.7,64.9,65.6
2015/06/03,65.9,66.9,63.7,63.7
2015/06/04,63.6,63.6,60.6,61.0
2015/06/05,60.8,61.4,59.4,61.3
2015/06/08,61.3,62.6,60.2,61.2
2015/06/09,60.8,60.9,58.3,58.8
2015/06/10,59.6,60.8,59.4,59.8
2015/06/11,59.8,61.5,59.3,60.4
2015/06/12,60.4,61.2,59.5,59.6
2015/06/15,59.6,60.1,58.0,58.5
2015/06/16,58.6,59.2,58.0,58.7
2015/06/17,59.1,59.4,58.1,58.3
2015/06/18,58.4,60.5,58.4,60.1
2015/06/22,60.5,60.9,59.9,60.1
2015/06/23,60.3,60.4,59.2,59.4
2015/06/24,59.8,60.1,59.3,59.6
2015/06/25,59.6,60.1,59.3,59.3
2015/06/26,59.3,59.8,59.1,59.2
2015/06/29,58.9,59.2,57.3,58.0
2015/06/30,58.0,60.4,57.7,60.4
2015/07/01,60.4,60.8,59.9,60.0
2015/07/02,59.8,60.4,59.4,59.4
2015/07/03,59.4,59.7,58.3,59.0
2015/07/06,58.4,59.1,57.5,57.9
2015/07/07,58.1,58.5,57.6,57.7
2015/07/08,57.7,57.7,54.5,55.1
2015/07/09,53.8,54.8,52.3,53.8
2015/07/13,54.7,55.6,54.7,55.1
2015/07/14,55.6,56.2,54.8,54.9
2015/07/15,55.3,55.3,54.1,54.4
2015/07/16,54.8,56.4,54.5,55.5
2015/07/17,55.5,56.4,54.6,54.8
2015/07/20,55.0,55.3,52.6,54.3
2015/07/21,54.3,54.5,52.6,53.6
2015/07/22,53.3,53.4,52.4,52.4
2015/07/23,52.3,52.3,50.5,51.1
2015/07/24,51.1,52.2,51.1,51.3
2015/07/27,49.1,49.4,47.4,48.0
2015/07/28,48.0,49.1,46.9,48.6
2015/07/29,49.8,50.0,49.0,49.0
2015/07/30,49.3,50.1,49.3,49.6
2015/07/31,49.3,49.6,49.2,49.3
2015/08/03,49.3,49.3,48.1,48.7
2015/08/04,48.7,49.4,48.2,48.3
2015/08/05,48.4,49.2,48.3,48.9
2015/08/06,48.9,49.4,48.7,48.8
2015/08/07,48.6,48.6,47.5,47.7
2015/08/10,47.8,47.8,46.3,47.1
2015/08/11,47.7,48.5,47.4,47.9
2015/08/12,49.4,52.6,48.8,52.6
2015/08/13,52.5,52.5,51.0,51.3
2015/08/14,51.3,52.7,51.0,51.1
2015/08/17,51.1,51.6,50.1,50.2
2015/08/18,50.4,50.7,49.4,49.5
2015/08/19,49.4,49.5,47.7,47.7
2015/08/20,47.7,48.9,47.5,48.2
2015/08/21,46.9,47.9,46.9,47.2
2015/08/24,46.4,46.5,42.6,44.1
2015/08/25,43.5,48.5,43.3,46.9
2015/08/26,46.3,46.9,44.7,46.9
2015/08/27,47.2,47.8,46.1,47.5
2015/08/28,48.0,48.2,47.6,47.6
2015/08/31,47.6,48.0,47.2,48.0
2015/09/01,47.9,48.2,47.7,48.0
2015/09/02,47.4,48.0,47.2,48.0
2015/09/03,48.1,49.2,47.7,49.2
2015/09/04,49.2,49.6,48.4,48.4
2015/09/07,48.3,48.7,48.2,48.7
2015/09/08,48.4,48.9,48.3,48.8
2015/09/09,49.0,49.6,49.0,49.1
2015/09/10,49.1,49.4,48.9,48.9
2015/09/11,48.2,49.2,48.1,48.8
2015/09/14,49.1,49.2,48.3,48.8
2015/09/15,48.7,48.7,48.3,48.6
2015/09/16,48.9,48.9,48.3,48.4
2015/09/17,48.4,49.3,48.4,49.3
2015/09/18,49.2,49.3,48.9,49.3
2015/09/21,49.1,49.1,47.6,47.9
2015/09/22,48.1,48.8,48.1,48.8
2015/09/23,48.5,48.6,48.2,48.6
2015/09/24,48.6,48.7,47.6,47.6
2015/09/25,47.7,47.9,47.3,47.8
2015/09/30,47.8,47.8,46.7,47.1
2015/10/01,47.1,48.8,46.4,48.3
2015/10/02,47.8,48.3,47.2,48.3
2015/10/05,48.3,48.6,47.7,48.1
2015/10/06,48.3,49.3,48.0,48.7
2015/10/07,48.7,49.3,48.4,49.3
2015/10/08,49.3,50.5,49.0,49.8
2015/10/12,49.9,50.7,49.6,50.2
2015/10/13,49.5,49.8,48.6,49.8
2015/10/14,51.1,51.5,50.1,50.4
2015/10/15,50.8,51.2,50.4,50.8
2015/10/16,51.1,51.3,50.1,50.1
2015/10/19,50.6,50.8,50.1,50.2
2015/10/20,50.6,52.3,50.5,52.2
2015/10/21,52.5,53.8,52.0,53.7
2015/10/22,53.3,53.5,52.6,52.7
2015/10/23,53.5,53.5,52.6,52.8
2015/10/26,53.1,54.3,52.9,53.4
2015/10/27,53.4,53.4,52.3,52.3
2015/10/28,52.6,53.0,52.2,52.5
2015/10/29,52.5,52.7,51.5,51.5
2015/10/30,51.5,51.9,50.8,51.4
2015/11/02,51.8,51.8,50.9,51.2
2015/11/03,51.4,51.8,50.9,51.2
2015/11/04,51.5,51.5,50.9,51.3
2015/11/05,51.4,52.7,51.4,52.3
2015/11/06,52.3,52.3,51.0,51.0
2015/11/09,51.0,51.4,49.9,50.0
2015/11/10,49.8,49.8,49.1,49.8
2015/11/11,49.5,49.5,48.3,49.4
2015/11/12,49.3,49.3,48.5,49.0
2015/11/13,48.5,50.0,48.4,49.8
2015/11/16,48.9,49.9,48.8,49.9
2015/11/17,50.1,50.5,49.8,50.4
2015/11/18,50.0,50.4,49.7,50.4
2015/11/19,50.0,50.4,49.8,50.4
2015/11/20,50.0,50.7,49.9,50.5
2015/11/23,50.2,50.4,49.9,49.9
2015/11/24,49.8,49.8,49.1,49.8
2015/11/25,49.4,50.1,49.3,50.1
2015/11/26,49.9,50.3,49.5,49.9
2015/11/27,49.8,49.8,49.5,49.8
2015/11/30,49.4,49.8,49.0,49.8
2015/12/01,49.7,49.8,49.3,49.8
2015/12/02,49.7,49.8,49.1,49.1
2015/12/03,49.0,49.0,48.5,48.5
2015/12/04,48.4,48.5,48.0,48.0
2015/12/07,48.0,48.3,47.7,47.7
2015/12/08,47.6,47.7,46.9,47.2
2015/12/09,47.2,47.2,45.6,45.7
2015/12/10,45.7,49.2,44.9,48.4
2015/12/11,47.8,48.8,46.9,48.5
2015/12/14,47.6,47.8,47.4,47.4
2015/12/15,48.1,48.1,46.8,46.8
2015/12/16,47.0,47.7,46.6,47.1
2015/12/17,47.5,47.5,47.1,47.1
2015/12/18,47.1,47.2,46.6,46.8
2015/12/21,46.6,46.8,46.4,46.5
2015/12/22,46.5,46.6,46.4,46.4
2015/12/23,46.5,46.9,46.3,46.4
2015/12/24,46.5,47.1,46.4,46.4
2015/12/25,46.4,46.6,46.4,46.5
2015/12/28,46.8,47.8,46.7,47.5
2015/12/29,47.5,47.5,46.8,46.8
2015/12/30,46.8,47.0,46.7,46.8
2015/12/31,46.7,47.3,46.6,47.0
2016/01/05,47.6,47.7,47.0,47.2
2016/01/06,47.2,47.3,46.8,46.8
2016/01/07,47.0,47.0,45.3,46.6
2016/01/08,46.4,46.4,45.9,46.1
2016/01/11,46.1,46.1,45.4,45.8
2016/01/12,45.8,46.0,45.4,45.8
2016/01/13,45.9,46.0,45.0,45.7
2016/01/14,45.2,45.4,44.3,45.0
2016/01/15,45.3,45.3,44.0,45.3
2016/01/18,44.8,45.3,44.3,45.0
2016/01/19,45.0,45.7,45.0,45.4
2016/01/20,45.3,45.6,44.7,44.7
2016/01/21,44.8,45.3,44.5,44.5
2016/01/22,45.2,45.2,44.3,44.5
2016/01/25,45.3,45.6,45.1,45.3
2016/01/26,44.8,45.0,44.5,44.6
2016/01/27,44.7,44.8,44.1,44.2
2016/01/28,44.2,44.7,44.1,44.2
2016/01/29,44.6,45.0,44.3,44.8
2016/02/01,45.8,46.8,45.5,46.3
2016/02/02,46.6,46.8,46.3,46.7
2016/02/03,46.7,46.7,46.0,46.3
2016/02/15,45.6,46.8,45.6,46.5
2016/02/16,46.7,47.3,46.5,47.2
2016/02/17,47.3,47.5,47.1,47.3
2016/02/18,47.4,47.7,46.9,46.9
2016/02/19,46.9,46.9,46.5,46.7
2016/02/22,46.8,47.6,46.8,47.4
2016/02/23,47.8,47.8,47.4,47.6
2016/02/24,47.6,48.0,47.5,47.9
2016/02/25,48.1,48.7,48.0,48.3
2016/02/26,48.5,48.8,47.9,48.8
2016/03/01,48.8,49.0,48.6,48.8
2016/03/02,48.8,49.1,48.7,49.0
2016/03/03,49.1,49.2,48.7,48.9
2016/03/04,48.8,49.2,48.7,49.0
2016/03/07,49.3,51.3,49.2,50.8
2016/03/08,50.8,51.1,49.8,50.3
2016/03/09,49.8,50.2,49.3,49.6
2016/03/10,49.6,49.8,49.3,49.8
2016/03/11,49.8,50.2,49.3,50.1
2016/03/14,50.1,50.6,48.8,48.8
2016/03/15,48.8,48.8,47.6,47.6
2016/03/16,47.7,48.3,47.7,47.9
2016/03/17,48.1,48.5,47.7,47.9
2016/03/18,47.9,47.9,47.5,47.6
2016/03/21,47.6,47.8,47.2,47.4
2016/03/22,47.5,48.1,47.4,47.7
2016/03/23,47.7,47.8,47.0,47.1
2016/03/24,47.0,47.0,46.5,46.7
2016/03/25,46.7,47.1,46.5,46.6
2016/03/28,46.5,46.7,45.8,45.8
2016/03/29,45.8,46.4,45.6,45.7
2016/03/30,46.0,47.0,46.0,46.4
2016/03/31,47.0,47.0,46.5,46.6
2016/04/01,46.7,47.1,46.2,46.6
2016/04/06,46.6,47.4,46.5,47.4
2016/04/07,47.3,47.6,46.3,46.3
2016/04/08,46.4,46.9,46.3,46.4
2016/04/11,46.6,46.7,46.2,46.4
2016/04/12,46.5,48.1,46.0,47.0
2016/04/13,47.0,48.7,47.0,48.7
2016/04/14,48.8,49.4,48.2,49.3
2016/04/15,48.9,50.3,48.7,49.8
2016/04/18,49.4,50.1,49.2,49.8
2016/04/19,49.9,50.7,49.8,50.1
2016/04/20,50.0,50.6,49.1,49.8
2016/04/21,49.8,49.8,49.1,49.8
2016/04/22,49.8,50.0,49.0,50.0
2016/04/25,49.9,51.8,49.3,50.8
2016/04/26,50.1,51.4,50.1,51.3
2016/04/27,51.4,52.1,51.0,51.6
2016/04/28,51.7,51.9,50.9,51.3
2016/04/29,50.8,51.0,50.1,50.7
2016/05/03,50.5,51.5,50.3,50.6
2016/05/04,50.6,51.5,50.6,50.8
2016/05/05,51.1,51.6,50.5,51.6
2016/05/06,51.7,52.2,51.3,51.8
2016/05/09,52.1,52.2,49.8,49.8
2016/05/10,49.6,50.7,49.3,50.5
2016/05/11,50.4,50.8,49.8,50.5
2016/05/12,50.3,50.7,49.4,49.6
2016/05/13,49.3,50.1,48.1,49.0
2016/05/16,48.7,49.2,48.4,48.7
2016/05/17,48.8,48.8,48.3,48.4
2016/05/18,48.3,49.2,48.1,48.4
2016/05/19,48.4,48.8,47.5,47.5
2016/05/20,47.5,48.0,47.3,47.7
2016/05/23,47.7,48.6,47.7,48.2
2016/05/24,48.3,48.4,48.0,48.2
2016/05/25,48.2,48.5,47.8,47.9
2016/05/26,48.0,48.3,47.8,48.3
2016/05/27,48.3,48.4,48.0,48.1
2016/05/30,48.5,48.5,48.1,48.2
2016/05/31,48.4,49.6,48.4,49.1
2016/06/01,48.9,49.4,48.8,48.9
2016/06/02,49.1,49.1,48.3,48.3
2016/06/03,48.9,48.9,47.9,48.1
2016/06/06,48.3,48.5,47.9,48.3
2016/06/07,48.5,48.7,48.4,48.7
2016/06/08,48.7,49.2,48.5,49.0
2016/06/13,48.8,48.9,48.2,48.2
2016/06/14,48.1,48.9,47.9,48.6
2016/06/15,48.6,48.6,48.0,48.6
2016/06/16,48.3,48.6,48.0,48.0
2016/06/17,48.0,48.4,47.7,47.9
2016/06/20,48.1,48.1,47.4,47.6
2016/06/21,47.8,47.8,47.1,47.6
2016/06/22,47.6,47.8,47.3,47.4
2016/06/23,47.7,48.2,47.6,48.0
2016/06/24,48.1,48.1,46.9,47.4
2016/06/27,46.8,47.6,46.8,47.5
2016/06/28,47.6,47.6,47.1,47.5
2016/06/29,47.5,48.1,47.5,47.7
2016/06/30,47.9,48.1,47.7,47.8
2016/07/01,47.8,48.0,47.8,47.8
2016/07/04,47.8,48.7,47.8,48.6
2016/07/05,48.6,48.7,48.3,48.6
2016/07/06,48.6,48.6,48.1,48.2
2016/07/07,48.1,48.4,48.0,48.0
2016/07/11,48.2,48.2,47.5,47.6
2016/07/12,47.7,48.1,47.7,47.8
2016/07/13,48.0,48.1,47.7,48.1
2016/07/14,48.1,49.4,48.1,49.2
2016/07/15,49.4,49.6,49.2,49.3
2016/07/18,49.4,49.4,48.9,49.0
2016/07/19,49.1,49.3,48.7,48.8
2016/07/20,48.8,49.0,48.4,48.6
2016/07/21,48.7,49.6,48.6,49.3
2016/07/22,47.6,47.6,46.7,46.7
2016/07/25,46.7,47.0,46.3,46.5
2016/07/26,46.5,46.7,46.2,46.3
2016/07/27,46.5,46.6,46.3,46.5
2016/07/28,46.7,46.7,46.0,46.0
2016/07/29,46.0,46.3,46.0,46.2
2016/08/01,46.3,47.0,46.2,46.6
2016/08/02,46.8,47.3,46.8,47.2
2016/08/03,47.2,47.3,46.8,47.3
2016/08/04,47.3,47.4,47.0,47.3
2016/08/05,47.3,47.3,47.1,47.3
2016/08/08,47.3,47.5,46.9,47.1
2016/08/09,47.2,47.2,46.7,47.0
2016/08/10,47.0,47.3,46.6,47.2
2016/08/11,47.2,47.2,46.7,47.0
2016/08/12,47.1,47.2,46.8,47.0
2016/08/15,47.2,47.2,46.7,46.8
2016/08/16,46.8,47.6,46.8,47.5
2016/08/17,47.8,47.8,47.3,47.5
2016/08/18,47.5,48.3,47.5,48.2
2016/08/19,48.6,48.6,47.8,48.1
2016/08/22,48.2,48.2,47.5,47.7
2016/08/23,47.7,48.1,47.5,47.7
2016/08/24,47.7,47.8,47.6,47.7
2016/08/25,47.7,48.0,47.7,47.7
2016/08/26,47.7,47.8,47.6,47.6
2016/08/29,47.6,47.8,47.3,47.5
2016/08/30,47.4,47.5,46.8,46.9
2016/08/31,46.9,46.9,46.5,46.7
2016/09/01,46.6,46.6,46.2,46.3
2016/09/02,46.3,46.7,45.7,46.0
2016/09/05,46.0,46.6,46.0,46.4
2016/09/06,46.4,46.9,46.4,46.8
2016/09/07,46.9,47.0,46.6,46.7
2016/09/08,46.8,46.9,46.7,46.7
2016/09/09,46.8,47.2,46.5,47.0
2016/09/12,46.9,47.1,46.6,46.6
2016/09/13,46.7,46.8,46.4,46.4
2016/09/14,46.4,46.6,46.2,46.6
2016/09/19,46.7,47.0,46.4,47.0
2016/09/20,47.4,47.7,47.4,47.5
2016/09/21,47.5,47.6,47.4,47.4
2016/09/22,47.6,48.0,47.5,47.9
2016/09/23,48.0,48.1,47.8,47.9
2016/09/26,47.9,48.1,47.8,48.1
2016/09/29,48.4,49.0,48.4,48.7
2016/09/30,48.6,49.1,48.5,48.7
2016/10/03,48.7,48.9,48.5,48.6
2016/10/04,48.6,49.0,48.5,49.0
2016/10/05,49.1,49.6,49.1,49.2
2016/10/06,49.4,50.1,49.2,49.8
2016/10/07,50.0,50.1,49.3,49.5
2016/10/11,49.5,49.5,48.4,48.8
2016/10/12,49.5,51.1,49.2,50.7
2016/10/13,50.8,51.8,50.5,50.9
2016/10/14,50.6,51.7,50.6,50.8
2016/10/17,51.2,51.3,50.4,51.3
2016/10/18,51.2,51.5,50.8,51.2
2016/10/19,51.3,51.4,50.6,50.8
2016/10/20,50.8,52.1,50.7,51.5
2016/10/21,51.5,52.0,51.1,51.4
2016/10/24,51.4,51.7,51.3,51.6
2016/10/25,51.7,51.7,51.0,51.3
2016/10/26,51.3,51.4,50.7,51.3
2016/10/27,51.3,51.3,50.6,50.6
2016/10/28,50.6,51.3,50.6,51.0
2016/10/31,51.3,51.6,50.9,51.5
2016/11/01,51.3,52.4,51.2,51.9
2016/11/02,51.8,51.9,50.7,50.7
2016/11/03,50.8,50.9,50.3,50.3
2016/11/04,50.3,50.8,50.1,50.1
2016/11/07,50.4,51.3,50.4,51.0
2016/11/08,51.3,51.4,49.8,50.4
2016/11/09,50.5,50.6,48.3,48.8
2016/11/10,49.8,50.9,49.8,50.9
2016/11/11,50.1,50.4,49.3,49.9
2016/11/14,50.6,50.8,49.9,50.1
2016/11/15,50.3,50.8,49.9,50.5
2016/11/16,50.7,50.8,50.0,50.3
2016/11/17,50.3,51.9,50.0,51.5
2016/11/18,51.8,53.9,51.4,53.2
2016/11/21,53.4,54.0,53.2,53.9
2016/11/22,53.8,53.8,53.2,53.5
2016/11/23,53.5,55.3,52.9,54.6
2016/11/24,55.1,55.3,53.8,53.8
2016/11/25,53.8,53.8,53.2,53.2
2016/11/28,53.8,54.1,53.3,53.4
2016/11/29,53.6,54.2,53.4,53.8
2016/11/30,54.0,54.8,53.6,54.2
2016/12/01,54.3,54.3,53.8,54.1
2016/12/02,54.0,54.1,53.5,53.8
2016/12/05,53.5,54.3,53.5,54.0
2016/12/06,54.3,55.4,52.7,53.1
2016/12/07,53.4,53.7,52.5,53.3
2016/12/08,53.5,53.9,53.3,53.6
2016/12/09,53.7,54.5,53.5,54.1
2016/12/12,54.3,54.3,53.5,53.6
2016/12/13,53.6,54.1,53.3,54.0
2016/12/14,53.9,54.0,53.5,53.7
2016/12/15,53.5,53.6,52.4,53.2
2016/12/16,53.2,53.3,52.4,52.6
2016/12/19,52.3,53.3,52.3,52.9
2016/12/20,52.9,53.0,52.6,52.8
2016/12/21,53.2,53.2,52.3,52.4
2016/12/22,52.3,52.9,51.8,52.4
2016/12/23,52.3,52.5,51.8,51.8
2016/12/26,51.9,52.2,51.4,51.5
2016/12/27,51.6,51.8,51.3,51.3
2016/12/28,51.8,52.3,51.6,52.1
2016/12/29,52.1,52.2,51.9,52.1
2016/12/30,52.3,52.7,52.2,52.5
2017/01/03,52.5,53.1,52.5,53.0
2017/01/04,53.0,53.7,52.8,53.4
2017/01/05,53.4,53.9,53.2,53.8
2017/01/06,53.9,54.2,53.6,54.2
2017/01/09,54.2,54.2,53.4,53.6
2017/01/10,53.5,54.2,53.5,54.1
2017/01/11,53.8,54.8,53.2,54.7
2017/01/12,54.6,54.8,54.2,54.4
2017/01/13,54.4,54.6,53.9,53.9
2017/01/16,53.9,54.1,52.8,52.9
2017/01/17,52.9,53.3,52.5,53.0
2017/01/18,53.0,53.3,52.5,53.3
2017/01/19,53.3,53.3,52.8,53.1
2017/01/20,52.9,53.2,52.8,52.8
2017/01/23,52.8,53.2,52.8,52.8
2017/01/24,52.8,53.3,52.8,53.3
2017/02/02,53.7,54.0,53.6,53.8
2017/02/03,53.7,54.1,53.1,53.3
2017/02/06,53.3,53.8,53.0,53.3
2017/02/07,53.3,54.1,53.3,53.8
2017/02/08,54.0,54.8,53.8,54.5
2017/02/09,54.5,54.7,54.2,54.3
2017/02/10,54.5,55.7,54.5,54.9
2017/02/13,55.7,58.2,55.7,57.8
2017/02/14,58.6,59.3,57.8,58.2
2017/02/15,58.1,58.7,57.7,58.5
2017/02/16,58.7,58.9,57.6,58.7
2017/02/17,58.5,58.6,57.9,58.3
2017/02/20,58.3,58.8,57.6,58.4
2017/02/21,58.3,58.8,57.9,58.8
2017/02/22,59.1,59.7,58.9,59.2
2017/02/23,59.2,59.8,58.9,59.0
2017/02/24,59.2,59.7,58.8,59.6
2017/03/01,59.6,60.7,59.3,60.5
2017/03/02,61.1,61.2,60.0,60.7
2017/03/03,60.7,60.8,59.8,59.9
2017/03/06,59.9,60.8,59.7,60.3
2017/03/07,60.3,60.3,59.8,60.2
2017/03/08,60.3,60.7,59.8,60.7
2017/03/09,60.7,60.8,59.6,60.3
2017/03/10,60.2,60.2,58.4,59.0
2017/03/13,59.4,60.2,58.3,60.2
2017/03/14,59.4,60.1,59.4,59.6
2017/03/15,59.5,59.7,59.2,59.4
2017/03/16,59.7,60.1,59.4,59.8
2017/03/17,60.1,60.2,59.8,60.2
2017/03/20,60.6,61.6,60.4,61.6
2017/03/21,62.3,62.3,60.5,60.8
2017/03/22,60.4,60.7,59.6,60.7
2017/03/23,60.7,60.8,60.2,60.6
2017/03/24,60.3,60.4,59.7,59.8
2017/03/27,60.0,60.1,58.6,58.6
2017/03/28,58.8,59.2,56.6,58.6
2017/03/29,58.9,58.9,58.4,58.6
2017/03/30,58.5,58.6,57.5,58.1
2017/03/31,58.1,58.6,57.7,58.6
2017/04/05,58.7,60.4,58.3,59.4
2017/04/06,59.4,59.8,58.7,59.3
2017/04/07,59.2,59.2,58.3,58.7
2017/04/10,59.0,59.2,58.5,58.6
2017/04/11,60.1,60.1,58.6,58.7
2017/04/12,58.8,59.0,57.9,59.0
2017/04/13,59.0,59.1,58.1,58.5
2017/04/14,58.4,58.4,56.6,57.2
2017/04/17,57.1,57.5,56.0,56.7
2017/04/18,57.0,57.4,56.3,57.4
2017/04/19,57.4,58.2,56.8,57.4
2017/04/20,57.4,58.3,57.3,57.6
2017/04/21,58.1,58.7,58.0,58.5
2017/04/24,58.5,59.5,58.5,59.4
2017/04/25,59.8,61.4,59.8,61.1
2017/04/26,61.7,61.8,60.9,61.4
2017/04/27,61.4,61.8,61.3,61.7
2017/04/28,61.1,62.8,61.1,62.3
2017/05/02,62.4,62.7,61.8,62.4
2017/05/03,62.4,62.4,61.2,61.3
2017/05/04,61.6,61.8,60.8,61.6
2017/05/05,61.6,61.7,61.0,61.1
2017/05/08,61.7,62.1,61.7,62.0
2017/05/09,62.0,62.1,61.1,61.3
2017/05/10,61.4,61.8,61.2,61.8
2017/05/11,60.8,61.4,60.4,61.2
2017/05/12,62.0,63.6,62.0,63.1
2017/05/15,63.2,64.0,62.3,62.7
2017/05/16,62.6,62.6,61.9,62.2
2017/05/17,62.4,62.9,61.6,62.2
2017/05/18,61.2,61.7,61.0,61.4
2017/05/19,61.4,61.5,61.0,61.3
2017/05/22,61.3,61.5,61.0,61.0
2017/05/23,61.0,61.7,61.0,61.1
2017/05/24,61.2,62.4,61.0,62.4
2017/05/25,62.5,62.5,61.4,61.6
2017/05/26,61.6,62.0,61.2,61.9
2017/05/31,62.2,62.3,61.3,61.3
2017/06/01,61.3,61.9,61.1,61.6
2017/06/02,61.9,63.7,61.9,63.5
2017/06/05,63.3,63.4,62.7,63.0
2017/06/06,63.0,63.2,62.5,62.8
2017/06/07,62.8,62.8,62.0,62.5
2017/06/08,62.5,62.8,62.1,62.5
2017/06/09,62.7,63.7,62.7,63.2
2017/06/12,62.5,62.5,61.1,61.2
2017/06/13,61.2,61.4,60.3,60.6
2017/06/14,60.8,61.0,58.8,59.6
2017/06/15,60.1,61.0,59.1,60.9
2017/06/16,61.0,61.3,60.2,61.2
2017/06/19,61.2,62.0,61.1,62.0
2017/06/20,62.5,62.5,61.3,61.3
2017/06/21,61.2,61.7,61.0,61.5
2017/06/22,61.5,61.5,60.4,60.5
2017/06/23,60.1,60.8,60.1,60.6
2017/06/26,60.8,61.2,60.7,60.7
2017/06/27,61.4,61.4,60.9,61.3
2017/06/28,61.1,61.2,60.6,61.2
2017/06/29,61.2,61.2,59.9,60.0
2017/06/30,59.8,60.6,59.6,60.5
2017/07/03,60.2,60.2,59.7,59.9
2017/07/04,59.9,60.6,59.7,60.3
2017/07/05,60.1,60.2,59.4,59.7
2017/07/06,59.7,60.2,59.6,60.1
2017/07/07,59.8,60.1,59.3,59.7
2017/07/10,59.6,59.9,58.8,58.8
2017/07/11,58.8,59.2,58.1,59.0
2017/07/12,57.3,58.5,56.5,57.8
2017/07/13,58.0,58.1,57.4,57.5
2017/07/14,57.4,57.6,56.9,57.4
2017/07/17,57.6,57.6,56.8,56.8
2017/07/18,56.8,56.8,55.6,55.9
2017/07/19,55.8,55.8,54.8,55.0
2017/07/20,55.1,55.5,54.8,54.8
2017/07/21,54.8,55.1,54.3,54.4
2017/07/24,54.5,55.2,54.5,55.1
2017/07/25,55.1,55.3,54.8,54.9
2017/07/26,54.9,55.2,54.8,54.8
2017/07/27,54.9,55.0,54.6,54.8
2017/07/28,54.8,55.2,54.4,54.4
2017/07/31,54.7,54.7,54.3,54.4
2017/08/01,54.4,55.0,54.3,54.8
2017/08/02,55.0,55.1,54.4,54.5
2017/08/03,54.8,54.8,52.9,53.5
2017/08/04,53.5,54.0,53.5,54.0
2017/08/07,54.1,54.3,54.0,54.2
2017/08/08,54.5,55.6,54.4,55.3
2017/08/09,55.2,55.2,53.9,53.9
2017/08/10,53.9,53.9,52.3,52.7
2017/08/11,52.6,53.2,52.2,53.0
2017/08/14,53.3,54.5,53.2,53.7
2017/08/15,54.3,54.6,54.0,54.2
2017/08/16,54.2,54.5,54.0,54.1
2017/08/17,54.1,56.3,54.1,55.3
2017/08/18,54.8,54.9,54.2,54.3
2017/08/21,54.6,54.8,54.3,54.3
2017/08/22,54.3,54.6,53.8,53.9
2017/08/23,54.1,54.5,53.9,53.9
2017/08/24,53.9,54.2,53.8,53.9
2017/08/25,53.9,54.5,53.8,54.5
2017/08/28,54.7,54.7,54.1,54.5
2017/08/29,54.5,54.5,54.0,54.0
2017/08/30,54.3,54.6,54.0,54.1
2017/08/31,54.3,54.5,54.1,54.5
2017/09/01,54.6,55.3,54.4,54.9
2017/09/04,55.0,55.1,54.3,54.6
2017/09/05,54.6,55.8,54.6,55.8
2017/09/06,55.8,55.8,54.9,55.3
2017/09/07,55.5,55.5,55.0,55.3
2017/09/08,55.6,55.7,55.1,55.6
2017/09/11,55.2,55.5,54.7,54.7
2017/09/12,54.9,55.5,54.8,55.5
2017/09/13,55.5,55.6,55.0,55.2
2017/09/14,55.1,56.3,55.1,55.9
2017/09/15,56.3,56.6,55.8,56.2
2017/09/18,56.1,56.1,55.0,55.4
2017/09/19,55.8,55.8,55.1,55.1
2017/09/20,55.1,55.3,54.5,54.5
2017/09/21,54.6,55.8,54.5,54.8
2017/09/22,54.7,55.3,54.6,55.2
2017/09/25,55.7,56.2,54.7,55.4
2017/09/26,55.4,56.3,55.4,55.5
2017/09/27,56.0,56.2,55.5,55.6
2017/09/28,55.5,55.6,54.9,54.9
2017/09/29,55.0,55.3,53.9,54.8
2017/10/02,54.3,55.1,54.3,55.1
2017/10/03,55.3,55.4,55.0,55.1
2017/10/05,55.3,55.4,54.8,55.3
2017/10/06,54.9,55.7,54.9,55.6
2017/10/11,55.6,55.9,55.3,55.9
2017/10/12,55.9,55.9,55.1,55.9
2017/10/13,55.9,55.9,55.4,55.8
2017/10/16,55.9,55.9,55.3,55.5
2017/10/17,55.5,55.8,54.9,55.6
2017/10/18,55.6,55.6,54.8,55.1
2017/10/19,55.1,55.2,54.6,55.0
2017/10/20,54.8,55.0,54.4,55.0
2017/10/23,55.0,55.0,54.4,54.5
2017/10/24,54.5,54.6,54.2,54.4
2017/10/25,54.4,54.9,54.3,54.5
2017/10/26,54.9,55.4,54.6,55.3
2017/10/27,55.4,55.5,55.0,55.0
2017/10/30,54.9,55.1,54.4,54.6
2017/10/31,54.6,54.8,54.2,54.3
2017/11/01,54.3,54.9,54.3,54.4
2017/11/02,54.5,54.8,54.4,54.6
2017/11/03,54.8,54.8,54.4,54.4
2017/11/06,54.4,54.7,54.4,54.6
2017/11/07,54.6,54.6,54.2,54.2
2017/11/08,54.1,54.1,52.4,53.0
2017/11/09,53.0,53.0,52.7,52.8
2017/11/10,52.8,53.5,52.5,52.7
2017/11/13,53.5,53.9,53.2,53.5
2017/11/14,53.5,53.6,53.0,53.1
2017/11/15,53.1,53.9,52.9,53.5
2017/11/16,53.5,53.6,53.0,53.0
2017/11/17,53.1,53.8,53.0,53.0
2017/11/20,53.0,53.7,53.0,53.0
2017/11/21,53.1,53.6,53.0,53.5
2017/11/22,53.3,54.4,53.3,54.4
2017/11/23,54.4,54.4,53.7,54.2
2017/11/24,54.2,54.4,53.7,53.8
2017/11/27,54.2,54.3,53.8,53.8
2017/11/28,54.1,54.1,53.5,53.5
2017/11/29,53.6,53.9,53.5,53.6
2017/11/30,53.8,54.1,53.7,54.1
2017/12/01,54.2,54.9,53.8,54.5
2017/12/04,54.9,56.2,54.9,56.0
2017/12/05,55.8,56.8,55.4,56.0
2017/12/06,56.1,56.2,55.1,55.1
2017/12/07,55.5,56.1,55.1,55.4
2017/12/08,55.4,56.2,55.2,56.1
2017/12/11,56.5,57.3,56.4,56.8
2017/12/12,57.2,57.2,56.5,56.8
2017/12/13,57.2,59.0,57.1,58.4
2017/12/14,58.6,59.0,57.9,58.2
2017/12/15,58.0,58.1,57.2,57.8
2017/12/18,58.1,58.7,57.9,58.6
2017/12/19,58.3,58.4,57.3,57.4
2017/12/20,57.4,58.2,57.3,57.3
2017/12/21,57.3,58.0,57.3,57.7
2017/12/22,57.6,57.6,57.1,57.2
2017/12/25,57.3,57.6,57.1,57.3
2017/12/26,57.2,57.2,56.5,56.5
2017/12/27,56.5,56.9,56.5,56.8
2017/12/28,56.8,57.2,56.3,56.8
2017/12/29,56.8,57.7,56.8,57.3
2018/01/02,57.3,57.3,56.4,56.5
2018/01/03,56.5,56.8,56.2,56.2
2018/01/04,56.4,56.6,56.2,56.3
2018/01/05,56.4,56.8,56.3,56.7
2018/01/08,56.7,57.1,56.4,56.5
2018/01/09,56.5,58.5,56.4,57.9
2018/01/10,57.7,57.7,56.8,57.3
2018/01/11,57.6,57.6,56.5,57.0
2018/01/12,57.0,57.2,56.8,57.1
2018/01/16,57.7,57.7,57.2,57.7
2018/01/17,57.8,57.9,57.3,57.4
2018/01/18,57.4,58.0,57.2,57.2
2018/01/19,57.4,57.5,56.6,56.8
2018/01/22,56.8,56.8,56.3,56.6
2018/01/23,56.6,56.9,56.3,56.5
2018/01/24,56.4,56.4,55.8,56.4
2018/01/25,56.4,56.7,56.0,56.4
2018/01/26,56.4,56.8,56.1,56.6
2018/01/29,56.8,56.8,56.2,56.5
2018/01/30,56.5,56.7,56.1,56.3
2018/01/31,56.3,56.3,55.8,56.0
2018/02/01,56.0,56.3,55.9,56.0
2018/02/02,56.0,56.5,56.0,56.2
2018/02/05,55.3,55.8,55.3,55.8
2018/02/06,55.3,55.4,52.9,54.2
2018/02/07,54.5,55.1,54.5,54.5
2018/02/08,54.5,54.5,53.8,54.0
2018/02/09,53.0,53.2,51.9,53.2
2018/02/12,53.4,53.7,52.9,53.7
2018/02/21,54.2,54.6,53.8,54.5
2018/02/22,54.6,54.6,53.7,53.8
2018/02/23,53.9,54.9,53.9,54.8
2018/02/26,54.9,55.2,54.9,54.9
2018/02/27,55.0,55.1,54.5,54.8
2018/03/01,54.2,54.7,54.1,54.4
2018/03/02,54.1,54.5,53.9,54.1
2018/03/05,54.1,54.2,53.0,53.8
2018/03/06,53.9,54.2,53.8,53.9
2018/03/07,53.8,54.6,53.6,53.6
2018/03/08,53.7,53.9,53.1,53.3
2018/03/09,53.5,54.0,53.5,54.0
2018/03/12,54.4,55.4,54.4,54.9
2018/03/13,55.1,56.1,55.0,55.3
2018/03/14,55.7,56.0,54.9,55.4
2018/03/15,55.4,56.0,55.2,55.3
2018/03/16,55.4,55.5,54.8,54.8
2018/03/19,54.9,55.2,54.5,55.0
2018/03/20,55.0,55.1,54.8,54.8
2018/03/21,55.0,55.3,54.7,54.8
2018/03/22,55.0,55.7,55.0,55.1
2018/03/23,54.3,55.0,54.3,54.8
2018/03/26,54.3,55.3,54.3,54.6
2018/03/27,54.9,55.5,54.9,55.2
2018/03/28,55.2,56.4,55.1,56.2
2018/03/29,56.5,56.6,55.6,55.8
2018/03/30,56.2,56.2,55.8,55.8
2018/04/02,55.5,55.6,54.8,54.9
2018/04/03,54.5,54.7,54.4,54.4
2018/04/09,54.1,54.5,53.6,53.7
2018/04/10,54.0,54.0,53.3,53.5
2018/04/11,53.7,54.0,53.4,53.5
2018/04/12,53.5,53.8,53.4,53.8
2018/04/13,54.0,54.0,53.5,53.6
2018/04/16,53.8,53.9,53.3,53.3
2018/04/17,53.4,53.4,52.8,52.9
2018/04/18,53.0,53.4,53.0,53.4
2018/04/19,53.7,53.7,52.9,53.0
2018/04/20,53.0,53.2,52.7,52.9
2018/04/23,52.9,53.3,52.8,52.9
2018/04/24,52.9,52.9,51.8,52.2
2018/04/25,51.8,51.8,49.8,50.8
2018/04/26,50.8,51.2,50.4,50.4
2018/04/27,50.2,50.7,49.9,50.7
2018/04/30,50.6,51.5,50.4,51.5
2018/05/02,51.5,51.5,51.0,51.4
2018/05/03,51.0,51.0,50.6,50.6
2018/05/04,50.6,51.0,50.1,50.1
2018/05/07,50.2,50.3,49.8,50.0
2018/05/08,50.1,50.6,49.9,50.1
2018/05/09,50.2,50.6,50.2,50.4
2018/05/10,50.6,50.7,50.3,50.5
2018/05/11,50.6,52.0,50.6,51.5
2018/05/14,51.5,51.8,51.5,51.5
2018/05/15,51.5,51.6,50.9,51.2
2018/05/16,51.2,51.8,51.0,51.4
2018/05/17,51.5,52.0,51.5,51.6
2018/05/18,51.7,51.8,51.1,51.1
2018/05/21,51.1,51.3,51.0,51.0
2018/05/22,51.1,51.9,51.0,51.4
2018/05/23,51.6,51.7,51.0,51.0
2018/05/24,51.1,51.3,50.8,50.9
2018/05/25,50.9,51.3,50.9,51.1
2018/05/28,51.6,52.2,51.4,52.2
2018/05/29,52.2,52.2,51.5,51.8
2018/05/30,51.6,51.6,51.1,51.1
2018/05/31,51.2,51.5,51.0,51.2
2018/06/01,51.4,51.7,51.3,51.6
2018/06/04,51.9,53.0,51.9,53.0
2018/06/05,52.9,53.7,52.7,52.9
2018/06/06,53.1,54.0,53.0,53.5
2018/06/07,53.6,53.8,53.2,53.4
2018/06/08,53.6,54.3,53.2,54.2
2018/06/11,54.2,54.6,53.5,53.8
2018/06/12,53.6,53.7,53.2,53.4
2018/06/13,53.3,54.1,53.1,53.3
2018/06/14,53.3,53.6,52.9,53.6
2018/06/15,53.4,53.7,53.1,53.5
2018/06/19,53.4,53.4,52.6,52.7
2018/06/20,52.7,53.3,52.6,53.0
2018/06/21,53.0,53.5,53.0,53.3
2018/06/22,53.3,53.4,53.0,53.1
2018/06/25,53.2,53.3,53.0,53.1
2018/06/26,53.1,53.1,52.5,53.0
2018/06/27,53.3,53.6,53.0,53.6
2018/06/28,53.6,53.6,53.1,53.1
2018/06/29,53.2,53.5,52.7,53.5
2018/07/02,53.7,53.8,53.0,53.3
2018/07/03,53.3,53.5,51.7,51.8
2018/07/04,49.8,50.9,49.7,50.6
2018/07/05,50.7,50.7,50.3,50.7
2018/07/06,50.8,50.8,49.8,50.6
2018/07/09,50.7,51.1,50.6,50.9
2018/07/10,50.4,51.0,50.4,51.0
2018/07/11,50.8,50.9,50.2,50.5
2018/07/12,50.5,51.0,50.5,50.9
2018/07/13,51.2,51.5,50.9,51.5
2018/07/16,51.6,51.8,51.5,51.5
2018/07/17,51.5,51.5,50.8,51.1
2018/07/18,51.2,51.4,51.1,51.4
2018/07/19,51.6,51.6,51.3,51.3
2018/07/20,51.5,51.7,51.3,51.6
2018/07/23,51.8,52.1,51.7,51.9
2018/07/24,51.8,52.2,51.8,52.2
2018/07/25,52.3,53.0,52.3,52.8
2018/07/26,53.2,53.2,52.4,52.7
2018/07/27,53.0,53.1,52.7,53.0
2018/07/30,53.2,53.3,52.9,53.2
2018/07/31,53.3,53.6,53.1,53.1
2018/08/01,53.1,53.3,52.4,52.5
2018/08/02,52.4,52.6,51.8,52.2
2018/08/03,52.3,52.8,52.3,52.8
2018/08/06,52.9,54.0,52.9,53.7
2018/08/07,53.7,54.0,53.6,53.9
2018/08/08,54.0,54.0,53.5,53.5
2018/08/09,53.6,53.7,53.3,53.5
2018/08/10,53.5,53.5,53.1,53.2
2018/08/13,53.5,53.6,52.5,53.2
2018/08/14,53.2,53.5,53.0,53.3
2018/08/15,53.3,53.3,52.4,52.6
2018/08/16,52.6,53.0,52.0,52.9
2018/08/17,52.9,53.2,52.6,52.8
2018/08/20,52.8,53.0,52.4,52.9
2018/08/21,52.9,53.2,52.8,53.2
2018/08/22,53.2,53.2,52.9,52.9
2018/08/23,52.8,52.8,52.4,52.7
2018/08/24,52.7,52.8,52.3,52.4
2018/08/27,52.4,52.6,52.1,52.3
2018/08/28,52.3,52.5,52.2,52.3
2018/08/29,52.3,52.3,52.1,52.2
2018/08/30,52.2,52.4,52.0,52.3
2018/08/31,52.3,52.5,52.1,52.3
2018/09/03,52.3,52.3,51.7,51.8
2018/09/04,51.9,52.4,51.8,52.3
2018/09/05,52.6,52.6,52.0,52.0
2018/09/06,52.0,52.0,51.8,52.0
2018/09/07,51.8,52.0,51.3,51.5
2018/09/10,51.4,51.5,50.7,50.7
2018/09/11,50.8,50.9,50.4,50.5
2018/09/12,51.3,51.3,50.7,50.9
2018/09/13,51.0,51.3,50.8,51.3
2018/09/14,51.3,52.0,51.3,52.0
2018/09/17,52.1,52.1,51.6,51.8
2018/09/18,51.8,51.8,50.9,51.1
2018/09/19,51.2,51.6,50.9,51.1
2018/09/20,51.4,51.4,50.8,50.8
2018/09/21,50.8,51.0,50.8,50.8
2018/09/25,50.8,50.9,50.6,50.7
2018/09/26,50.8,51.1,50.7,50.9
2018/09/27,51.0,51.3,50.9,50.9
2018/09/28,50.9,51.1,50.9,50.9
2018/10/01,51.6,51.6,51.0,51.4
2018/10/02,51.4,51.5,51.1,51.3
2018/10/03,51.4,51.4,51.2,51.3
2018/10/04,51.3,51.3,50.4,50.5
2018/10/05,50.4,50.4,49.0,49.7
2018/10/08,49.7,49.7,49.3,49.5
2018/10/09,49.5,50.1,49.3,50.1
2018/10/11,48.7,48.7,46.7,46.8
2018/10/12,46.7,47.3,46.2,47.2
2018/10/15,47.2,47.3,46.6,47.1
2018/10/16,47.1,47.6,47.1,47.3
2018/10/17,48.0,48.0,47.3,47.3
2018/10/18,47.8,47.8,46.5,46.8
2018/10/19,46.8,48.8,46.3,48.8
2018/10/22,48.1,48.3,47.7,48.0
2018/10/23,47.6,47.8,47.5,47.7
2018/10/24,47.7,47.7,46.8,47.0
2018/10/25,46.4,47.4,46.2,47.2
2018/10/26,47.8,48.2,47.3,48.2
2018/10/29,48.2,48.2,47.5,47.5
2018/10/30,47.5,47.7,46.8,47.6
2018/10/31,47.6,47.7,47.3,47.5
2018/11/01,47.4,47.6,46.8,47.6
2018/11/02,47.6,47.8,47.4,47.8
2018/11/05,47.8,47.8,47.2,47.6
2018/11/06,47.6,47.9,47.6,47.9
2018/11/07,47.9,48.3,47.9,48.2
2018/11/08,48.2,48.6,48.2,48.6
2018/11/09,48.3,48.5,48.1,48.1
2018/11/12,47.6,47.9,47.3,47.9
2018/11/13,47.4,47.8,47.1,47.8
2018/11/14,47.8,48.2,47.7,47.7
2018/11/15,47.7,48.1,47.4,47.8
2018/11/16,47.9,48.2,47.9,48.2
2018/11/19,48.2,48.4,48.1,48.1
2018/11/20,48.0,48.2,47.6,47.7
2018/11/21,47.7,47.8,47.3,47.4
2018/11/22,47.4,47.7,47.2,47.2
2018/11/23,46.8,47.2,46.8,47.0
2018/11/26,47.3,47.6,47.2,47.3
2018/11/27,47.4,47.5,47.3,47.4
2018/11/28,47.7,48.0,47.5,47.8
2018/11/29,48.1,48.1,47.8,47.8
2018/11/30,48.1,48.1,45.6,45.6
2018/12/03,46.9,47.8,46.9,47.8
2018/12/04,47.8,48.3,47.8,47.8
2018/12/05,47.3,47.6,47.3,47.3
2018/12/06,47.3,47.4,46.8,46.8
2018/12/07,46.9,47.3,46.9,47.0
2018/12/10,47.0,47.1,46.8,47.0
2018/12/11,47.0,47.2,46.9,46.9
2018/12/12,46.9,47.1,46.9,47.0
2018/12/13,47.0,47.4,47.0,47.4
2018/12/14,47.3,47.3,46.9,47.1
2018/12/17,47.1,47.2,46.8,47.2
2018/12/18,47.0,47.1,46.8,47.0
2018/12/19,46.9,47.1,46.9,47.0
2018/12/20,47.5,47.5,46.9,47.0
2018/12/21,47.0,47.2,46.9,46.9
2018/12/24,46.9,47.1,46.9,47.0
2018/12/25,47.0,47.0,46.8,46.9
2018/12/26,46.9,47.1,46.9,46.9
2018/12/27,47.1,47.1,46.9,46.9
2018/12/28,46.9,47.3,46.9,47.3
2019/01/02,47.3,47.4,46.9,46.9
2019/01/03,46.9,47.1,46.9,46.9
2019/01/04,46.9,47.0,46.7,47.0
2019/01/07,47.0,47.4,47.0,47.4
2019/01/08,47.4,47.4,47.2,47.2
2019/01/09,47.3,47.8,47.3,47.7
2019/01/10,47.9,48.1,47.8,48.1
2019/01/11,48.2,48.2,47.9,48.1
2019/01/14,48.1,48.1,47.8,47.9
2019/01/15,47.9,48.1,47.9,48.0
2019/01/16,48.0,48.3,47.8,47.8
2019/01/17,48.1,48.1,47.9,47.9
2019/01/18,48.1,49.6,48.1,49.4
2019/01/21,49.7,50.3,49.6,50.2
2019/01/22,49.9,50.1,49.7,49.8
2019/01/23,49.7,49.7,49.4,49.6
2019/01/24,49.8,50.4,49.8,50.0
2019/01/25,50.2,50.2,49.8,49.8
2019/01/28,49.8,50.1,49.2,49.6
2019/01/29,49.6,49.6,49.2,49.5
2019/01/30,49.8,49.8,49.5,49.5
2019/02/11,49.5,50.0,49.3,49.9
2019/02/12,49.8,50.4,49.8,50.4
2019/02/13,50.4,50.5,50.3,50.4
2019/02/14,50.4,50.6,50.4,50.6
2019/02/15,50.6,50.8,50.5,50.6
2019/02/18,50.8,51.1,50.6,50.8
2019/02/19,50.8,50.9,50.6,50.9
2019/02/20,50.8,50.9,50.3,50.8
2019/02/21,50.7,50.8,50.1,50.5
2019/02/22,50.5,50.8,50.1,50.4
2019/02/25,50.3,50.3,50.0,50.1
2019/02/26,50.1,50.4,49.8,50.0
2019/02/27,50.0,50.3,49.9,50.2
2019/03/04,50.3,50.3,50.0,50.1
2019/03/05,50.1,50.1,49.8,49.9
2019/03/06,50.0,50.0,49.9,49.9
2019/03/07,49.9,50.1,49.7,49.7
2019/03/08,49.8,49.8,49.6,49.7
2019/03/11,49.6,50.0,49.6,49.9
2019/03/12,49.9,50.2,49.8,50.0
2019/03/13,50.0,50.5,50.0,50.4
2019/03/14,50.4,50.5,50.1,50.1
2019/03/15,50.1,50.3,50.0,50.3
2019/03/18,50.2,50.3,49.9,50.0
2019/03/19,50.2,50.2,49.6,49.8
2019/03/20,49.8,50.1,49.7,50.0
2019/03/21,49.8,49.9,49.6,49.7
2019/03/22,49.8,49.8,49.6,49.8
2019/03/25,49.5,49.6,49.3,49.3
2019/03/26,49.3,49.5,49.3,49.5
2019/03/27,49.4,49.4,48.7,48.8
2019/03/28,48.8,49.0,48.5,48.7
2019/03/29,48.7,49.1,48.7,49.0
2019/04/01,49.0,49.0,48.8,48.8
2019/04/02,48.9,49.1,48.9,48.9
2019/04/03,49.0,49.0,48.7,48.8
2019/04/08,48.8,49.7,48.8,49.3
2019/04/09,49.3,49.5,49.3,49.4
2019/04/10,49.5,49.5,49.2,49.3
2019/04/11,49.7,49.9,49.5,49.6
2019/04/12,49.6,49.7,49.4,49.4
2019/04/15,49.6,49.6,49.3,49.4
2019/04/16,49.4,49.4,49.2,49.3
2019/04/17,49.4,49.4,49.2,49.4
2019/04/18,49.4,49.4,49.0,49.0
2019/04/19,49.3,49.3,48.8,49.0
2019/04/22,48.9,49.2,48.9,49.1
2019/04/23,49.3,49.4,49.1,49.4
2019/04/24,49.5,49.6,49.0,49.1
2019/04/25,49.2,49.3,49.0,49.2
2019/04/26,49.2,49.4,49.1,49.3
2019/04/29,49.6,49.6,49.3,49.3
2019/04/30,49.6,49.6,49.3,49.4
2019/05/02,49.4,49.7,49.4,49.7
2019/05/03,49.7,49.8,49.6,49.8
2019/05/06,48.7,49.0,48.2,49.0
2019/05/07,49.0,49.3,48.9,49.2
2019/05/08,49.0,49.3,48.7,49.3
2019/05/09,49.3,49.5,48.8,48.8
2019/05/10,48.7,48.8,48.5,48.6
2019/05/13,48.7,49.0,48.5,48.5
2019/05/14,48.2,48.8,47.8,48.8
2019/05/15,48.8,49.2,48.8,48.9
2019/05/16,49.1,49.1,48.7,48.7
2019/05/17,48.7,49.0,48.5,48.8
2019/05/20,48.8,49.1,48.3,48.5
2019/05/21,48.3,49.1,48.3,49.1
2019/05/22,49.2,49.2,48.9,49.1
2019/05/23,49.0,49.0,48.7,48.8
2019/05/24,48.8,49.1,48.8,48.9
2019/05/27,48.9,49.2,48.9,49.1
2019/05/28,49.3,50.4,49.3,50.0
2019/05/29,50.0,50.8,49.8,50.6
2019/05/30,51.0,51.8,51.0,51.8
2019/05/31,52.0,52.3,51.2,51.6
2019/06/03,51.5,51.5,50.9,51.1
2019/06/04,51.3,51.7,51.2,51.4
2019/06/05,51.8,51.8,51.4,51.4
2019/06/06,51.4,51.7,51.2,51.6
2019/06/10,51.7,51.7,51.4,51.7
2019/06/11,51.7,51.7,50.8,51.0
2019/06/12,51.0,51.3,50.8,51.0
2019/06/13,50.7,51.1,50.7,51.0
2019/06/14,51.0,51.7,50.9,51.5
2019/06/17,51.8,52.2,51.6,52.1
2019/06/18,52.3,52.6,52.0,52.0
2019/06/19,52.4,52.4,51.9,51.9
2019/06/20,52.8,54.6,52.3,54.5
2019/06/21,55.0,55.1,54.0,54.3
2019/06/24,54.4,55.2,54.4,55.0
2019/06/25,55.1,55.4,54.5,55.4
2019/06/26,55.0,55.7,54.7,55.0
2019/06/27,55.3,55.6,54.8,55.6
2019/06/28,55.7,55.8,55.0,55.1
2019/07/01,55.5,55.5,54.5,54.9
2019/07/02,54.8,55.2,54.6,55.1
2019/07/03,55.2,56.1,55.1,55.9
2019/07/04,56.1,56.6,55.9,56.5
2019/07/05,54.7,54.9,53.9,54.0
2019/07/08,53.9,54.1,52.1,53.9
2019/07/09,53.9,54.4,53.3,54.4
2019/07/10,54.7,54.7,54.2,54.2
2019/07/11,54.2,54.2,53.6,53.6
2019/07/12,53.8,54.1,53.3,54.1
2019/07/15,54.1,54.4,53.9,54.3
2019/07/16,54.3,54.4,54.0,54.3
2019/07/17,54.3,55.6,54.2,55.3
2019/07/18,55.5,55.9,54.9,55.6
2019/07/19,55.6,56.0,55.3,55.4
2019/07/22,55.7,56.5,55.1,56.1
2019/07/23,56.2,56.3,55.6,55.9
2019/07/24,55.9,56.6,55.6,55.8
2019/07/25,56.3,56.3,55.6,56.1
2019/07/26,56.1,56.1,55.2,55.6
2019/07/29,55.6,55.8,54.7,55.0
2019/07/30,55.2,55.2,54.4,54.8
2019/07/31,54.8,55.2,53.8,54.7
2019/08/01,54.3,55.0,54.1,54.7
2019/08/02,54.3,54.5,53.7,54.4
2019/08/05,54.4,54.4,53.6,53.6
2019/08/06,52.8,53.3,52.2,53.2
2019/08/07,53.8,53.8,53.2,53.4
2019/08/08,53.0,54.6,53.0,54.6
2019/08/12,54.8,54.9,54.0,54.0
2019/08/13,53.7,53.9,53.0,53.7
2019/08/14,53.7,54.3,53.4,54.3
2019/08/15,53.5,53.6,53.1,53.3
2019/08/16,53.0,54.2,53.0,54.2
2019/08/19,54.5,54.5,53.6,54.3
2019/08/20,54.3,54.5,54.1,54.2
2019/08/21,54.0,55.3,54.0,55.3
2019/08/22,55.5,55.8,55.2,55.3
2019/08/23,55.7,58.3,55.2,58.3
2019/08/26,58.0,58.0,56.6,57.5
2019/08/27,57.7,57.9,56.9,56.9
2019/08/28,57.1,57.8,56.8,57.3
2019/08/29,57.8,58.1,57.4,57.4
2019/08/30,57.8,57.8,57.1,57.5
2019/09/02,57.8,57.8,57.5,57.6
2019/09/03,57.7,58.9,57.3,57.8
2019/09/04,57.9,57.9,57.3,57.9
2019/09/05,58.1,58.1,57.3,57.6
2019/09/06,57.6,58.6,57.6,57.6
2019/09/09,57.6,58.4,57.6,57.9
2019/09/10,58.3,58.4,58.0,58.2
2019/09/11,58.0,58.4,57.7,58.0
2019/09/12,58.2,58.3,57.7,57.7
2019/09/16,57.5,57.5,55.9,56.0
2019/09/17,56.2,58.2,56.2,57.3
2019/09/18,57.4,58.0,57.3,57.3
2019/09/19,57.8,57.8,57.1,57.6
2019/09/20,57.5,57.5,56.5,57.0
2019/09/23,56.8,57.2,56.4,56.6
2019/09/24,56.7,56.8,56.3,56.3
2019/09/25,56.1,56.7,55.9,56.0
2019/09/26,56.0,56.4,55.8,56.0
2019/09/27,56.0,56.0,54.6,55.1
2019/10/01,55.0,55.1,54.4,55.1
2019/10/02,55.0,55.1,54.7,54.9
2019/10/03,54.4,54.5,53.9,54.5
2019/10/04,54.4,54.4,53.8,54.0
2019/10/07,53.8,53.8,52.5,53.3
2019/10/08,53.3,54.7,53.3,53.8
2019/10/09,53.8,54.3,53.1,53.1
2019/10/14,53.5,53.5,52.6,52.8
2019/10/15,52.8,53.1,52.6,52.8
2019/10/16,52.8,53.1,52.6,52.6
2019/10/17,52.8,54.2,52.7,53.4
2019/10/18,53.4,53.8,52.5,53.6
2019/10/21,53.6,55.0,53.3,54.9
2019/10/22,55.0,55.0,54.1,54.6
2019/10/23,54.7,54.9,54.1,54.1
2019/10/24,53.9,55.2,53.9,55.0
2019/10/25,55.0,55.2,54.3,54.9
2019/10/28,54.9,55.2,54.7,54.9
2019/10/29,54.9,55.6,54.8,54.8
2019/10/30,54.8,55.3,54.7,54.8
2019/10/31,54.8,54.9,54.4,54.8
2019/11/01,54.8,54.8,54.5,54.5
2019/11/04,54.5,54.8,54.4,54.4
2019/11/05,54.4,55.5,54.4,55.1
2019/11/06,54.9,55.1,54.5,54.8
2019/11/07,54.8,54.8,54.2,54.2
2019/11/08,54.2,54.8,53.9,54.6
2019/11/11,54.3,54.5,53.9,54.1
2019/11/12,54.3,55.0,54.3,54.6
2019/11/13,55.5,57.7,55.5,57.5
2019/11/14,57.5,58.3,57.3,57.8
2019/11/15,58.1,58.2,57.4,57.4
2019/11/18,57.6,58.5,57.6,58.2
2019/11/19,58.2,58.8,57.8,58.4
2019/11/20,58.4,59.1,58.3,58.6
2019/11/21,58.5,58.6,58.0,58.1
2019/11/22,58.1,58.8,58.1,58.6
2019/11/25,58.6,59.1,58.2,58.4
2019/11/26,58.7,58.8,58.1,58.7
2019/11/27,58.7,59.3,58.4,58.5
2019/11/28,58.4,58.7,57.9,58.7
2019/11/29,58.9,59.0,57.9,58.5
2019/12/02,58.5,58.5,57.8,58.4
2019/12/03,58.0,58.4,57.6,58.4
2019/12/04,57.9,58.4,57.9,58.4
2019/12/05,58.4,58.9,58.0,58.9
2019/12/06,58.9,59.2,58.6,58.6
2019/12/09,59.1,59.1,58.5,58.7
2019/12/10,58.7,58.9,58.6,58.7
2019/12/11,58.7,60.4,58.7,59.9
2019/12/12,60.1,60.1,59.4,59.7
2019/12/13,59.3,59.7,59.0,59.7
2019/12/16,59.5,59.8,59.1,59.4
2019/12/17,59.4,60.4,59.3,59.9
2019/12/18,59.8,59.9,59.5,59.8
2019/12/19,59.8,60.2,59.8,60.0
2019/12/20,60.0,61.1,59.8,60.2
2019/12/23,60.3,61.1,60.2,60.9
2019/12/24,60.7,62.5,60.7,61.9
2019/12/25,62.1,62.2,61.3,61.9
2019/12/26,61.8,61.8,61.0,61.2
2019/12/27,61.0,61.3,60.9,61.3
2019/12/30,61.3,62.4,61.3,61.6
2019/12/31,61.9,62.3,61.6,61.8
2020/01/02,61.8,62.3,61.8,62.1
2020/01/03,62.3,62.9,62.1,62.8
2020/01/06,62.3,62.3,61.5,62.0
2020/01/07,62.0,62.1,61.6,61.7
2020/01/08,61.6,61.9,61.3,61.7
2020/01/09,61.8,61.9,61.3,61.8
2020/01/10,61.8,63.3,61.8,62.8
2020/01/13,63.1,63.5,62.8,63.4
2020/01/14,63.8,65.0,63.8,64.9
2020/01/15,64.9,64.9,64.2,64.3
2020/01/16,64.3,64.9,64.2,64.6
2020/01/17,64.4,64.4,63.4,63.8
2020/01/20,63.8,63.8,63.5,63.8
2020/01/30,61.1,61.2,58.4,59.2
2020/01/31,59.2,60.5,59.2,60.2
2020/02/03,58.4,59.2,57.2,59.1
2020/02/04,58.9,59.6,58.3,59.0
2020/02/05,59.6,59.6,58.9,59.1
2020/02/06,59.1,61.0,59.1,60.9
2020/02/07,60.8,60.8,59.4,60.1
2020/02/10,59.3,60.1,59.0,59.7
2020/02/11,59.9,60.5,59.9,60.2
2020/02/12,60.1,60.6,59.8,60.4
2020/02/13,60.7,60.7,60.1,60.5
2020/02/14,60.3,60.7,60.3,60.7
2020/02/17,60.4,60.4,59.8,60.0
2020/02/18,59.8,60.4,59.6,59.8
2020/02/19,59.6,60.5,59.6,59.8
2020/02/20,59.8,61.0,59.7,60.5
2020/02/21,60.4,60.9,60.0,60.4
2020/02/24,59.8,60.3,59.3,59.8
2020/02/25,59.0,59.8,59.0,59.7
2020/02/26,59.5,60.0,58.9,59.5
2020/02/27,59.5,60.2,58.9,58.9
2020/03/02,58.3,59.4,58.3,58.4
2020/03/03,59.4,59.9,59.2,59.6
2020/03/04,59.6,59.9,59.3,59.5
2020/03/05,59.7,60.7,59.7,60.1
2020/03/06,59.7,60.1,59.4,59.4
2020/03/09,58.6,59.5,57.1,57.1
2020/03/10,56.0,56.8,55.3,56.8
2020/03/11,56.8,58.6,56.7,57.7
2020/03/12,57.0,57.0,53.5,53.7
2020/03/13,50.9,50.9,48.4,49.9
2020/03/16,49.9,49.9,47.8,47.8
2020/03/17,46.8,47.1,44.7,45.8
2020/03/18,45.8,46.3,43.7,43.8
2020/03/19,42.8,43.0,39.4,40.3
2020/03/20,41.8,44.2,41.8,43.9
2020/03/23,40.5,43.0,40.5,42.8
2020/03/24,45.6,46.5,45.3,45.4
2020/03/25,47.0,47.9,46.7,47.3
2020/03/26,47.7,47.8,46.3,47.5
2020/03/27,48.1,49.0,47.6,47.8
2020/03/30,47.8,48.7,46.8,48.3
2020/03/31,48.5,49.9,48.5,49.3
2020/04/01,49.3,49.3,48.6,49.0
2020/04/06,48.8,49.1,47.8,48.8
2020/04/07,49.4,50.0,49.2,49.3
2020/04/08,49.3,50.3,49.0,50.0
2020/04/09,50.2,51.4,50.1,50.7
2020/04/10,50.7,51.0,50.3,50.6
2020/04/13,50.5,50.5,49.7,49.9
2020/04/14,50.0,51.0,49.9,50.8
2020/04/15,51.3,51.8,50.6,51.8
2020/04/16,51.2,51.4,50.8,51.1
2020/04/17,51.4,52.0,51.0,51.1
2020/04/20,51.3,51.3,50.3,50.4
2020/04/21,50.0,50.5,49.4,49.7
2020/04/22,49.3,49.4,48.7,49.4
2020/04/23,49.6,49.9,49.1,49.5
2020/04/24,49.4,50.0,49.2,49.8
2020/04/27,50.4,50.5,49.7,50.4
2020/04/28,50.6,51.3,50.6,51.1
2020/04/29,51.4,53.3,51.3,53.0
2020/04/30,53.0,54.4,52.9,54.3
2020/05/04,52.8,54.6,52.3,54.0
2020/05/05,54.0,54.5,53.6,54.1
2020/05/06,53.9,54.5,53.4,53.4
2020/05/07,53.4,54.0,53.4,54.0
2020/05/08,54.4,54.5,53.7,53.8
2020/05/11,53.9,55.0,53.9,54.8
2020/05/12,54.5,54.8,54.1,54.8
2020/05/13,54.4,55.1,54.4,55.1
2020/05/14,54.6,55.0,53.8,53.8
2020/05/15,54.1,54.5,53.2,53.4
2020/05/18,53.5,54.4,53.1,53.9
2020/05/19,54.6,56.6,54.3,56.6
2020/05/20,56.3,56.4,54.4,54.4
2020/05/21,54.5,55.3,54.4,54.8
2020/05/22,54.4,54.6,54.0,54.0
2020/05/25,54.2,54.4,53.5,54.3
2020/05/26,54.3,54.8,54.1,54.4
2020/05/27,54.6,54.8,54.3,54.6
2020/05/28,54.9,55.2,54.3,54.3
2020/05/29,54.3,54.5,53.3,53.3
2020/06/01,54.1,55.3,54.0,54.9
2020/06/02,55.0,55.3,54.5,54.7
2020/06/03,55.1,55.2,54.7,54.9
2020/06/04,55.1,55.3,54.7,54.9
2020/06/05,54.9,56.2,54.9,55.7
2020/06/08,56.1,56.3,55.6,56.1
2020/06/09,56.1,56.5,55.6,56.1
2020/06/10,56.1,56.9,55.9,56.8
2020/06/11,56.3,56.5,55.0,55.0
2020/06/12,53.6,54.6,53.6,54.6
2020/06/15,54.6,54.8,53.9,54.0
2020/06/16,54.7,54.8,54.4,54.8
2020/06/17,55.0,55.0,54.1,54.2
2020/06/18,54.5,54.5,53.7,54.2
2020/06/19,54.7,54.7,53.6,53.7
2020/06/22,53.9,56.0,53.9,55.6
2020/06/23,56.1,56.1,55.0,55.3
2020/06/24,55.6,55.7,55.1,55.2
2020/06/29,54.5,54.9,54.0,54.4
2020/06/30,54.6,55.1,54.6,54.7
2020/07/01,55.0,56.0,55.0,55.6
2020/07/02,55.6,56.2,55.6,56.0
2020/07/03,56.2,56.2,55.8,55.9
2020/07/06,56.1,57.6,56.1,57.4
2020/07/07,58.2,58.2,56.8,57.8
2020/07/08,57.9,58.1,57.2,58.1
2020/07/09,58.1,59.0,58.0,58.9
2020/07/10,58.4,58.5,57.4,57.6
2020/07/13,57.4,58.4,57.4,58.3
2020/07/14,57.8,58.4,57.6,57.6
2020/07/15,57.9,58.3,57.5,57.8
2020/07/16,55.0,55.6,54.5,54.5
2020/07/17,54.9,55.0,53.8,54.0
2020/07/20,54.0,54.2,53.1,53.3
2020/07/21,53.4,53.7,52.9,53.1
2020/07/22,53.4,54.0,53.4,53.5
2020/07/23,53.5,55.1,53.5,54.6
2020/07/24,54.4,54.6,53.3,53.3
2020/07/27,53.2,53.7,52.9,53.1
2020/07/28,53.1,53.6,52.5,53.6
2020/07/29,53.1,53.3,52.6,52.7
2020/07/30,52.5,53.3,52.5,52.9
2020/07/31,52.7,53.7,52.7,53.3
2020/08/03,53.0,53.3,52.7,53.3
2020/08/04,53.2,53.8,53.1,53.5
2020/08/05,53.4,53.8,53.3,53.6
2020/08/06,53.6,54.3,53.5,54.2
2020/08/07,54.2,54.2,53.8,54.0
2020/08/10,54.0,54.5,53.8,54.1
2020/08/11,54.6,55.4,54.2,54.3
2020/08/12,54.6,54.6,54.0,54.4
2020/08/13,55.3,57.3,55.0,55.7
2020/08/14,55.7,56.8,55.3,56.5
2020/08/17,56.9,57.5,56.5,56.8
2020/08/18,56.9,57.4,56.4,57.1
2020/08/19,57.3,58.3,57.1,57.4
2020/08/20,57.4,58.5,56.0,57.4
2020/08/21,57.5,58.2,56.6,57.1
2020/08/24,57.5,57.5,56.5,57.3
2020/08/25,57.6,58.2,57.1,57.7
2020/08/26,57.7,58.5,57.4,58.4
2020/08/27,58.5,59.8,58.2,59.8
2020/08/28,59.6,60.2,59.1,59.4
2020/08/31,59.2,59.4,58.3,58.6
2020/09/01,58.8,59.2,57.8,59.1
2020/09/02,59.0,59.1,57.8,58.8
2020/09/03,58.8,58.9,58.0,58.8
2020/09/04,58.0,58.3,57.8,57.8
2020/09/07,57.8,58.5,57.3,57.4
2020/09/08,58.0,58.0,56.8,56.9
2020/09/09,56.5,57.7,56.2,56.9
2020/09/10,57.3,57.3,56.2,56.3
2020/09/11,56.0,56.2,55.3,55.4
2020/09/14,55.4,56.5,55.2,56.1
2020/09/15,56.1,56.3,55.6,55.9
2020/09/16,56.0,56.4,55.8,56.0
2020/09/17,56.0,56.4,55.8,56.1
2020/09/18,56.2,56.8,56.2,56.8
2020/09/21,56.8,57.0,56.2,56.4
2020/09/22,56.4,56.4,55.0,55.6
2020/09/23,55.5,55.5,55.0,55.0
2020/09/24,54.8,54.8,53.6,53.7
2020/09/25,53.7,54.2,53.2,53.6
2020/09/28,53.8,54.8,53.5,54.5
2020/09/29,54.8,55.1,54.5,54.7
2020/09/30,55.0,55.1,54.6,54.7
2020/10/05,54.6,55.4,54.6,55.1
2020/10/06,55.5,56.1,55.5,56.0
2020/10/07,55.8,56.2,55.8,56.0
2020/10/08,56.1,56.5,56.0,56.3
2020/10/12,56.4,56.6,55.8,56.2
2020/10/13,56.0,56.0,55.4,55.9
2020/10/14,55.8,56.3,55.5,56.2
2020/10/15,56.2,56.3,55.7,56.2
2020/10/16,56.2,56.3,55.8,56.0
2020/10/19,55.8,56.2,55.8,55.9
2020/10/20,55.8,56.2,55.6,55.7
2020/10/21,56.0,56.2,55.9,56.2
2020/10/22,56.2,58.3,56.1,58.3
2020/10/23,57.9,57.9,57.1,57.6
2020/10/26,57.6,57.7,57.0,57.4
2020/10/27,57.3,58.6,57.2,58.5
2020/10/28,58.5,59.0,58.1,58.8
2020/10/29,58.2,58.8,58.0,58.5
2020/10/30,58.5,58.8,58.1,58.2
2020/11/02,58.2,58.3,57.6,58.2
2020/11/03,58.2,59.1,57.9,58.6
2020/11/04,58.8,58.8,58.2,58.7
2020/11/05,58.8,58.9,58.4,58.6
2020/11/06,58.8,59.5,58.6,59.5
2020/11/09,59.7,59.7,59.3,59.5
2020/11/10,59.5,60.5,59.2,60.2
2020/11/11,60.4,60.5,59.8,60.5
2020/11/12,60.7,60.8,60.1,60.4
2020/11/13,60.4,60.6,59.4,59.8
2020/11/16,60.0,60.1,59.4,59.7
2020/11/17,59.8,60.2,59.6,60.2
2020/11/18,60.2,60.2,59.5,59.6
2020/11/19,59.4,60.0,59.3,59.7
2020/11/20,59.7,59.7,59.4,59.7
2020/11/23,59.7,59.8,59.2,59.5
2020/11/24,59.5,59.5,58.9,59.1
2020/11/25,59.2,59.4,58.7,58.9
2020/11/26,58.9,59.1,58.5,58.8
2020/11/27,58.8,59.2,58.7,59.2
2020/11/30,59.6,60.0,59.1,60.0
2020/12/01,60.0,60.0,59.5,59.8
2020/12/02,59.8,59.9,59.1,59.5
2020/12/03,59.5,59.5,59.1,59.3
2020/12/04,59.2,59.4,58.9,59.0
2020/12/07,59.0,59.1,58.6,58.8
2020/12/08,58.8,59.1,58.3,59.1
2020/12/09,59.0,59.3,58.8,58.8
2020/12/10,58.9,59.1,58.6,58.8
2020/12/11,58.9,58.9,58.3,58.3
2020/12/14,58.1,58.6,57.8,58.5
2020/12/15,58.3,58.4,58.0,58.1
2020/12/16,58.3,58.7,58.2,58.3
2020/12/17,58.5,58.5,58.0,58.2
2020/12/18,58.2,58.4,58.1,58.2
2020/12/21,58.1,58.7,58.1,58.7
2020/12/22,58.3,58.9,58.0,58.0
2020/12/23,58.1,58.5,58.1,58.4
2020/12/24,58.4,58.7,58.1,58.4
2020/12/25,58.7,58.8,58.4,58.8
2020/12/28,59.0,59.8,58.9,59.8
2020/12/29,60.0,60.8,59.6,59.8
2020/12/30,59.8,60.2,59.5,60.2
2020/12/31,60.2,60.4,59.7,60.1
2021/01/04,60.6,62.0,60.4,61.5
2021/01/05,61.3,61.6,61.1,61.5
2021/01/06,61.5,61.5,60.6,60.7
2021/01/07,60.9,61.9,60.9,61.0
2021/01/08,61.0,61.3,60.7,60.9
2021/01/11,60.6,61.7,60.6,60.9
2021/01/12,60.6,60.6,59.8,59.8
2021/01/13,59.8,60.4,59.8,60.0
2021/01/14,60.4,60.5,59.4,60.1
2021/01/15,60.3,60.3,59.3,59.4
2021/01/18,59.2,59.2,58.1,58.7
2021/01/19,58.5,59.3,58.5,58.9
2021/01/20,58.9,58.9,57.8,57.8
2021/01/21,58.2,58.7,57.8,58.0
2021/01/22,58.4,58.4,57.8,58.2
2021/01/25,58.0,58.5,57.8,58.5
2021/01/26,58.5,58.5,57.6,57.6
2021/01/27,57.7,58.3,57.6,57.7
2021/01/28,57.1,57.8,57.1,57.2
2021/01/29,58.2,58.2,56.6,56.6
2021/02/01,56.6,57.2,56.4,57.1
2021/02/02,57.1,58.1,57.0,57.8
2021/02/03,57.9,58.3,57.6,58.1
2021/02/04,57.8,59.4,57.8,59.3
2021/02/05,59.0,59.6,59.0,59.4
2021/02/17,60.1,60.8,59.9,60.4
2021/02/18,60.4,60.8,60.1,60.8
2021/02/19,60.7,61.0,60.3,61.0
2021/02/22,61.4,63.0,61.3,62.7
2021/02/23,62.7,62.8,62.2,62.7
2021/02/24,62.7,62.8,61.8,62.0
2021/02/25,62.3,63.0,62.2,63.0
2021/02/26,62.5,63.3,62.3,63.2
2021/03/02,63.7,65.0,63.7,64.3
2021/03/03,64.3,64.9,63.5,64.3
2021/03/04,64.3,64.9,63.7,64.4
2021/03/05,64.2,65.3,63.3,64.4
2021/03/08,65.7,67.7,65.0,66.2
2021/03/09,66.3,66.4,64.5,65.8
2021/03/10,66.5,67.1,65.5,67.0
2021/03/11,66.8,68.0,66.3,67.1
2021/03/12,67.1,67.5,66.5,67.3
2021/03/15,67.3,67.4,66.5,67.4
2021/03/16,67.4,67.4,66.6,66.9
2021/03/17,66.7,67.6,66.5,67.6
2021/03/18,67.8,68.0,67.2,67.7
2021/03/19,67.6,68.0,67.2,68.0
2021/03/22,67.9,68.1,67.3,67.7
2021/03/23,67.7,68.3,67.0,67.4
2021/03/24,68.0,68.0,67.2,67.6
2021/03/25,67.5,67.5,66.7,67.2
2021/03/26,67.2,67.2,66.7,67.0
2021/03/29,67.0,67.4,66.8,66.9
2021/03/30,66.9,67.2,66.4,67.0
2021/03/31,66.8,68.9,66.8,68.9
2021/04/01,69.0,69.0,68.0,68.8
2021/04/06,68.9,68.9,68.1,68.6
2021/04/07,68.5,69.4,68.0,69.2
2021/04/08,69.1,69.4,68.7,69.3
2021/04/09,69.4,70.4,69.1,69.2
2021/04/12,69.4,71.5,69.1,71.0
2021/04/13,71.9,75.7,71.9,74.7
2021/04/14,74.8,75.4,72.7,74.9
2021/04/15,75.2,78.7,74.7,74.7
2021/04/16,75.4,76.7,74.9,75.4
2021/04/19,75.8,78.5,75.4,77.2
2021/04/20,77.2,77.2,74.9,76.8
2021/04/21,77.7,81.7,77.4,81.4
2021/04/22,82.0,83.2,77.5,79.9
2021/04/23,79.8,80.3,78.5,79.6
2021/04/26,78.6,79.7,77.9,79.2
2021/04/27,79.2,79.2,77.6,77.7
2021/04/28,78.3,78.9,76.7,78.1
2021/04/29,78.1,79.0,77.1,78.3
2021/05/03,78.0,79.1,76.1,76.7
2021/05/04,76.4,76.9,72.2,74.4
2021/05/05,73.5,75.4,73.3,74.9
2021/05/06,74.8,75.1,72.3,73.1
2021/05/07,74.0,74.9,73.6,74.6
2021/05/10,74.8,75.8,74.2,75.8
2021/05/11,74.1,75.2,71.3,73.1
2021/05/12,72.5,72.7,66.9,69.5
2021/05/13,68.2,70.1,66.3,68.9
2021/05/14,69.1,70.6,68.5,69.1
2021/05/17,66.3,68.1,64.8,65.8
2021/05/18,67.2,69.5,66.5,69.5
2021/05/19,69.5,70.5,68.3,69.3
2021/05/20,69.3,69.9,68.9,69.5
2021/05/21,70.1,70.3,69.1,69.9
2021/05/24,69.1,70.1,68.8,69.8
2021/05/25,69.9,70.8,69.6,70.7
2021/05/26,70.7,71.2,70.1,70.8
2021/05/27,70.7,70.7,69.7,69.8
2021/05/28,70.4,70.5,69.9,70.2
2021/05/31,70.3,70.8,70.2,70.4
2021/06/01,70.4,70.5,69.9,70.5
2021/06/02,70.7,72.7,70.2,72.6
2021/06/03,72.4,72.4,71.0,71.7
2021/06/04,71.4,71.6,70.9,71.5
2021/06/07,71.7,71.7,69.9,71.0
2021/06/08,71.0,71.0,70.3,70.6
2021/06/09,70.3,70.9,70.2,70.7
2021/06/10,70.7,70.9,70.3,70.9
2021/06/11,71.2,71.2,70.4,70.7
2021/06/15,71.2,73.5,71.0,73.4
2021/06/16,73.2,74.6,72.4,74.0
2021/06/17,73.7,74.7,73.0,74.0
2021/06/18,73.8,75.0,73.3,74.4
2021/06/21,73.7,74.7,73.3,74.5
2021/06/22,74.5,76.0,74.1,75.7
2021/06/23,76.9,77.0,75.2,75.9
2021/06/24,76.2,76.2,75.2,75.7
2021/06/25,75.7,76.1,75.4,75.7
2021/06/28,75.8,76.9,75.7,76.7
2021/06/29,77.2,77.2,76.1,76.3
2021/06/30,76.0,76.6,75.4,76.6
2021/07/01,76.6,77.1,76.3,76.6
2021/07/02,77.5,78.2,77.0,77.3
2021/07/05,78.1,78.3,77.6,78.1
2021/07/06,78.4,78.4,77.7,77.7
2021/07/07,77.5,77.6,76.7,76.9
2021/07/08,73.8,75.5,73.7,74.8
2021/07/09,74.5,75.6,74.0,74.6
2021/07/12,74.7,75.1,73.5,74.8
2021/07/13,74.8,74.8,73.6,74.5
2021/07/14,74.5,74.5,73.0,73.4
2021/07/15,73.4,73.7,73.0,73.5
2021/07/16,73.7,75.1,73.6,74.7
2021/07/19,74.6,75.2,73.9,75.2
2021/07/20,74.7,75.2,74.0,74.5
2021/07/21,75.1,75.1,73.4,74.2
2021/07/22,74.6,74.6,73.4,73.9
2021/07/23,73.9,74.0,72.7,73.5
2021/07/26,73.5,74.7,73.5,74.0
2021/07/27,74.2,75.1,74.2,74.7
2021/07/28,74.7,75.1,73.2,74.0
2021/07/29,74.6,74.9,73.6,74.7
2021/07/30,74.9,78.0,74.9,77.7
2021/08/02,78.8,79.6,77.8,79.3
2021/08/03,79.2,80.6,79.2,80.5
2021/08/04,80.6,80.6,78.7,79.7
2021/08/05,79.7,80.2,78.5,79.7
2021/08/06,79.8,79.8,78.5,79.4
2021/08/09,79.4,80.4,78.3,78.3
2021/08/10,78.3,79.2,77.4,78.1
2021/08/11,79.4,79.6,76.5,77.2
2021/08/12,78.3,78.3,77.0,77.5
2021/08/13,77.5,77.7,76.6,76.7
2021/08/16,76.7,76.7,74.4,75.3
2021/08/17,76.6,77.7,74.9,75.0
2021/08/18,73.8,75.3,73.2,75.1
2021/08/19,75.2,75.3,73.8,74.2
2021/08/20,74.2,74.3,73.1,73.7
2021/08/23,74.6,75.6,74.6,75.1
2021/08/24,75.0,76.0,74.7,74.8
2021/08/25,75.4,75.4,74.5,74.7
2021/08/26,75.1,75.1,74.1,74.7
2021/08/27,74.4,74.7,73.9,74.3
2021/08/30,74.5,74.7,74.1,74.7
2021/08/31,74.5,74.5,74.0,74.5
2021/09/01,74.4,74.4,73.6,74.1
2021/09/02,74.2,74.2,73.5,73.7
2021/09/03,75.0,75.0,73.8,73.9
2021/09/06,74.3,74.3,72.5,72.9
2021/09/07,72.7,73.1,72.1,72.7
2021/09/08,72.5,72.5,70.7,71.2
2021/09/09,70.8,71.9,70.5,71.6
2021/09/10,71.7,72.1,71.1,71.7
2021/09/13,70.7,71.5,70.6,71.2
2021/09/14,71.2,71.7,71.0,71.6
2021/09/15,71.5,71.5,70.6,71.1
2021/09/16,70.7,71.1,70.3,70.8
2021/09/17,70.8,71.1,70.5,71.1
2021/09/22,70.3,70.4,69.6,70.4
2021/09/23,70.4,70.8,70.0,70.7
2021/09/24,70.8,71.8,70.7,71.1
2021/09/27,71.5,71.5,70.6,71.2
2021/09/28,71.3,71.5,70.7,71.0
2021/09/29,70.5,70.5,69.6,70.3
2021/09/30,70.3,70.6,69.6,70.6
2021/10/01,70.6,70.6,69.0,69.2
2021/10/04,69.2,69.5,68.2,68.7
2021/10/05,68.2,68.7,67.5,68.3
2021/10/06,69.1,69.2,67.5,68.4
2021/10/07,68.4,68.7,67.5,68.0
2021/10/08,68.2,69.0,67.7,68.7
2021/10/12,68.4,68.4,67.4,68.0
2021/10/13,66.8,67.2,65.6,66.5
2021/10/14,65.3,66.2,65.1,66.0
2021/10/15,66.3,66.6,65.3,66.2
2021/10/18,66.2,66.2,65.5,66.0
2021/10/19,66.0,67.1,65.9,67.1
2021/10/20,67.1,67.1,66.1,66.2
2021/10/21,66.5,67.2,65.7,65.7
2021/10/22,65.8,66.4,64.8,64.8
2021/10/25,64.8,65.8,64.8,65.3
2021/10/26,65.2,65.5,64.6,65.0
2021/10/27,64.8,65.0,64.3,64.6
2021/10/28,64.3,64.4,64.1,64.2
2021/10/29,64.0,65.2,64.0,64.8
2021/11/01,64.8,66.1,64.8,65.9
2021/11/02,66.1,66.6,65.8,66.1
2021/11/03,66.2,68.5,66.2,67.4
2021/11/04,67.7,67.7,66.8,67.2
2021/11/05,67.2,67.2,66.7,67.2
2021/11/08,67.2,67.9,67.2,67.7
2021/11/09,68.0,68.0,67.2,67.9
2021/11/10,67.9,68.0,67.5,67.5
2021/11/11,67.8,68.9,67.8,68.6
2021/11/12,69.0,69.0,68.1,68.5
2021/11/15,69.1,69.1,68.2,68.6
2021/11/16,68.1,68.6,68.1,68.3
2021/11/17,68.1,68.4,67.6,67.8
2021/11/18,67.9,68.2,67.4,67.5
2021/11/19,67.8,68.1,67.3,67.3
2021/11/22,67.3,67.8,67.3,67.8
2021/11/23,67.9,68.0,67.4,68.0
2021/11/24,68.0,68.1,67.5,67.6
2021/11/25,67.6,67.7,67.2,67.4
2021/11/26,67.3,67.7,66.8,67.7
2021/11/29,66.7,67.0,66.2,66.6
2021/11/30,66.9,68.0,66.7,66.7
2021/12/01,66.8,67.5,66.8,67.4
2021/12/02,67.4,67.5,67.1,67.1
2021/12/03,67.2,67.9,67.2,67.8
2021/12/06,67.8,68.3,67.5,68.1
2021/12/07,68.1,68.1,67.6,67.7
2021/12/08,67.8,68.1,67.6,67.8
2021/12/09,67.9,67.9,67.5,67.8
2021/12/10,67.9,67.9,67.3,67.6
2021/12/13,67.8,69.1,67.8,68.8
2021/12/14,68.8,68.8,68.0,68.3
2021/12/15,68.2,68.3,68.0,68.1
2021/12/16,68.5,68.8,68.1,68.8
2021/12/17,68.9,69.8,68.8,69.7
2021/12/20,70.3,70.3,69.2,69.5
2021/12/21,69.4,69.5,68.8,69.5
2021/12/22,69.5,69.5,68.9,69.0
2021/12/23,69.0,69.4,68.9,69.1
2021/12/24,69.1,69.3,68.9,69.1
2021/12/27,69.1,70.1,69.1,69.8
2021/12/28,69.8,70.1,69.6,69.6
2021/12/29,69.9,71.1,69.7,70.9
2021/12/30,70.8,71.3,70.7,71.3
2022/01/03,71.6,71.6,70.4,70.5
2022/01/04,70.5,70.6,69.9,70.5
2022/01/05,70.6,70.9,70.3,70.6
2022/01/06,70.8,70.8,70.2,70.2
2022/01/07,70.6,70.6,69.7,69.9
2022/01/10,69.9,70.5,69.9,70.3
2022/01/11,70.7,71.4,70.2,71.0
2022/01/12,71.1,71.4,70.6,71.3
2022/01/13,71.3,71.5,70.9,71.4
2022/01/14,71.4,73.0,71.3,71.4
2022/01/17,71.5,71.8,71.4,71.7
2022/01/18,71.7,72.2,70.2,72.2
2022/01/19,71.3,71.6,70.8,71.6
2022/01/20,71.7,72.4,71.6,72.3
2022/01/21,71.5,72.0,71.2,71.3
2022/01/24,70.9,71.3,69.9,71.3
2022/01/25,71.2,71.2,69.9,70.0
2022/01/26,69.9,70.9,69.9,70.9
2022/02/07,70.9,71.0,70.3,70.9
2022/02/08,71.2,71.2,70.4,71.2
2022/02/09,71.6,74.8,71.5,74.2
2022/02/10,74.3,77.0,74.1,76.3
2022/02/11,75.3,76.6,75.3,75.9
2022/02/14,75.4,75.4,74.6,75.3
2022/02/15,75.3,75.7,74.8,75.4
2022/02/16,75.8,76.2,75.0,76.2
2022/02/17,76.3,76.3,75.3,76.2
2022/02/18,75.9,76.6,75.7,76.6
2022/02/21,76.0,76.9,75.9,76.1
2022/02/22,76.2,76.2,74.9,75.8
2022/02/23,75.7,75.9,75.2,75.8
2022/02/24,75.4,75.9,73.6,75.6
2022/02/25,75.5,75.5,74.5,74.7
2022/03/01,74.7,75.7,74.6,75.7
2022/03/02,75.7,76.2,75.2,75.8
2022/03/03,75.8,77.5,75.7,77.4
2022/03/04,76.8,78.2,76.8,77.4
2022/03/07,76.5,77.4,75.2,75.8
2022/03/08,74.5,75.3,72.4,73.7
2022/03/09,74.0,74.0,72.5,73.1
2022/03/10,74.2,75.8,73.9,75.6
2022/03/11,75.5,76.2,74.9,74.9
2022/03/14,75.2,77.0,75.2,76.8
2022/03/15,77.2,77.3,75.0,75.4
2022/03/16,75.8,75.9,74.4,75.0
2022/03/17,75.7,76.3,74.9,75.6
2022/03/18,75.6,76.5,75.1,76.0
2022/03/21,75.9,76.2,75.8,76.1
2022/03/22,76.1,76.6,75.7,76.4
2022/03/23,76.5,77.6,76.3,76.4
2022/03/24,76.7,77.3,76.4,76.9
2022/03/25,76.9,78.2,76.8,78.1
2022/03/28,78.4,79.7,77.6,79.5
2022/03/29,80.4,80.9,78.5,78.8
2022/03/30,78.8,79.2,77.6,78.7
2022/03/31,78.7,79.0,78.4,78.5
2022/04/01,78.3,78.8,78.1,78.7
2022/04/06,78.5,79.7,78.3,78.5
2022/04/07,78.5,78.7,77.3,77.4
2022/04/08,77.4,78.7,77.4,78.0
2022/04/11,78.4,78.4,76.1,77.0
2022/04/12,76.3,76.6,75.7,76.2
2022/04/13,76.5,76.9,76.2,76.5
2022/04/14,76.7,77.3,76.0,76.4
2022/04/15,76.4,76.4,75.3,75.6
2022/04/18,75.3,76.1,75.3,75.6
2022/04/19,75.8,76.6,75.8,76.5
2022/04/20,76.7,77.2,76.6,76.8
2022/04/21,76.8,77.1,76.4,76.5
2022/04/22,76.2,76.6,76.2,76.4
2022/04/25,75.7,75.8,74.3,74.9
2022/04/26,74.8,75.6,74.7,74.9
2022/04/27,74.2,74.2,72.5,73.9
2022/04/28,73.9,74.7,73.6,74.7
2022/04/29,74.7,75.5,74.6,75.1
2022/05/03,75.2,75.3,74.3,74.7
2022/05/04,75.0,75.1,74.5,74.9
2022/05/05,75.1,75.9,74.9,75.7
2022/05/06,74.3,75.3,74.3,74.8
2022/05/09,74.8,74.8,73.6,73.8
2022/05/10,73.7,74.0,72.7,74.0
2022/05/11,74.9,74.9,73.8,73.9
2022/05/12,73.9,74.0,72.8,73.1
2022/05/13,73.3,74.5,73.3,73.8
2022/05/16,73.9,74.0,73.0,73.8
2022/05/17,74.1,74.2,73.5,74.1
2022/05/18,73.8,74.0,73.5,73.7
2022/05/19,72.7,72.9,71.2,72.1
2022/05/20,72.0,72.3,71.0,71.9
2022/05/23,71.9,73.1,71.4,73.1
2022/05/24,73.2,73.6,72.7,72.9
2022/05/25,72.8,74.6,72.8,74.2
2022/05/26,74.7,75.4,74.2,74.2
2022/05/27,74.7,75.0,74.2,74.6
2022/05/30,75.7,75.7,74.7,74.9
2022/05/31,74.9,74.9,74.4,74.4
2022/06/01,74.4,74.8,74.2,74.4
2022/06/02,74.4,74.8,74.3,74.8
2022/06/06,75.0,75.0,74.4,75.0
2022/06/07,74.8,75.0,74.5,74.9
2022/06/08,75.1,76.3,74.8,76.2
2022/06/09,76.2,76.7,75.7,76.5
2022/06/10,76.0,77.1,75.9,76.8
2022/06/13,76.2,77.2,75.8,77.1
2022/06/14,77.1,77.4,76.2,77.2
2022/06/15,77.2,78.5,77.2,78.2
2022/06/16,78.7,79.1,76.7,77.4
2022/06/17,77.3,77.6,76.1,77.0
2022/06/20,77.3,78.5,76.9,77.7
2022/06/21,78.4,79.1,77.7,77.7
2022/06/22,78.0,79.1,77.5,77.9
2022/06/23,77.8,78.4,76.2,77.0
2022/06/24,77.7,78.2,76.7,78.2
2022/06/27,78.4,78.6,77.3,77.9
2022/06/28,77.7,78.1,77.4,77.7
2022/06/29,77.7,77.7,76.8,77.2
2022/06/30,76.9,77.2,75.6,75.8
2022/07/01,75.8,75.8,73.7,73.8
2022/07/04,74.7,74.7,73.5,73.9
2022/07/05,74.1,74.2,72.8,73.6
2022/07/06,70.1,70.7,69.7,70.2
2022/07/07,70.3,71.3,69.8,71.3
2022/07/08,71.7,72.7,71.4,72.0
2022/07/11,72.7,73.1,72.1,72.6
2022/07/12,72.2,72.2,70.4,70.7
2022/07/13,70.9,71.8,70.6,71.1
2022/07/14,71.1,71.1,70.4,70.9
2022/07/15,71.2,71.2,70.4,70.7
2022/07/18,71.0,71.3,70.7,71.3
2022/07/19,71.6,71.8,71.1,71.7
2022/07/20,71.7,72.4,71.4,71.9
2022/07/21,71.9,72.1,71.3,72.0
2022/07/22,72.1,73.2,71.8,72.8
2022/07/25,72.9,73.7,72.3,73.6
2022/07/26,73.6,73.6,72.9,73.2
2022/07/27,73.1,74.3,72.9,74.3
2022/07/28,74.2,75.0,73.7,74.5
2022/07/29,74.5,74.5,73.0,73.8
2022/08/01,73.7,73.7,73.1,73.7
2022/08/02,73.1,73.4,72.8,72.9
2022/08/03,72.6,73.0,72.0,72.3
2022/08/04,72.3,72.5,71.6,72.5
2022/08/05,72.7,73.3,72.7,73.2
2022/08/08,72.7,73.5,72.5,73.5
2022/08/09,73.4,73.6,72.9,73.6
2022/08/10,73.5,74.5,73.4,73.5
2022/08/11,73.9,74.1,73.4,73.6
2022/08/12,73.6,74.2,73.4,74.2
2022/08/15,74.4,74.8,74.1,74.5
2022/08/16,74.5,74.7,74.2,74.5
2022/08/17,74.8,77.0,74.8,76.7
2022/08/18,76.5,76.7,75.3,76.1
2022/08/19,76.1,76.1,75.3,75.6
2022/08/22,75.3,75.7,74.9,75.6
2022/08/23,75.3,75.6,74.9,75.6
2022/08/24,75.8,75.9,75.3,75.4
2022/08/25,75.5,75.7,75.1,75.4
2022/08/26,75.4,76.3,75.4,76.0
2022/08/29,74.7,75.3,74.5,75.0
2022/08/30,75.0,75.2,74.6,74.8
2022/08/31,74.4,75.1,74.4,74.6
2022/09/01,74.6,75.3,73.9,75.0
2022/09/02,75.6,75.6,74.3,74.4
2022/09/05,74.2,75.3,73.9,74.7
2022/09/06,74.3,74.9,74.1,74.9
2022/09/07,74.3,76.0,74.2,75.6
2022/09/08,75.6,77.5,75.6,77.5
2022/09/12,79.7,80.0,77.6,79.2
2022/09/13,80.4,81.7,79.6,81.2
2022/09/14,80.2,83.1,79.8,82.7
2022/09/15,82.7,83.3,82.4,82.8
2022/09/16,82.6,83.2,82.1,83.0
2022/09/19,82.7,82.9,80.5,81.6
2022/09/20,82.1,84.6,81.7,84.5
2022/09/21,84.2,84.7,83.2,83.6
2022/09/22,82.9,84.0,82.1,83.5
2022/09/23,83.7,84.1,82.2,82.5
2022/09/26,81.4,82.2,80.0,80.9
2022/09/27,81.5,83.0,81.2,82.8
2022/09/28,82.3,83.3,80.0,80.2
2022/09/29,81.2,84.1,81.2,83.5
2022/09/30,82.8,84.4,82.1,83.5
2022/10/03,83.4,83.9,81.4,81.9
2022/10/04,83.6,85.6,82.5,85.5
2022/10/05,85.7,85.9,82.3,84.1
2022/10/06,84.1,84.5,82.8,83.0
2022/10/07,82.9,83.9,82.5,83.2
2022/10/11,80.4,81.5,79.8,80.5
2022/10/12,80.5,81.1,79.7,80.7
2022/10/13,81.1,81.8,79.8,79.9
2022/10/14,81.3,82.5,80.8,81.4
2022/10/17,80.4,80.9,79.8,80.1
2022/10/18,80.4,80.5,79.1,79.2
2022/10/19,79.2,79.8,78.3,78.8
2022/10/20,78.8,79.2,77.0,79.2
2022/10/21,80.5,80.5,78.0,78.9
2022/10/24,78.9,79.7,77.7,77.8
2022/10/25,78.6,79.0,76.0,76.5
2022/10/26,76.9,81.1,76.2,80.8
2022/10/27,81.1,84.7,81.1,84.6
2022/10/28,84.7,85.3,83.8,84.6
2022/10/31,84.6,84.6,82.2,83.1
2022/11/01,82.9,84.1,82.4,84.0
2022/11/02,84.2,84.2,82.8,83.0
2022/11/03,82.7,83.8,82.4,83.7
2022/11/04,83.7,84.3,83.1,84.3
2022/11/07,84.7,84.9,83.5,84.4
2022/11/08,84.5,84.5,83.1,83.5
2022/11/09,83.7,84.2,82.4,82.6
2022/11/10,83.3,83.7,81.7,81.9
2022/11/11,84.7,84.7,81.5,81.5
2022/11/14,81.7,82.4,80.9,81.3
2022/11/15,81.9,81.9,80.4,80.6
2022/11/16,80.4,81.4,80.1,80.1
2022/11/17,80.1,81.7,80.1,81.6
2022/11/18,81.4,82.0,81.1,82.0
2022/11/21,82.2,82.6,81.8,82.1
2022/11/22,82.3,82.3,81.5,81.6
2022/11/23,81.6,82.3,81.3,81.9
2022/11/24,81.7,82.3,81.4,82.0
2022/11/25,82.0,82.4,81.5,81.5
2022/11/28,81.3,82.4,80.9,81.6
2022/11/29,81.4,82.1,81.3,81.7
2022/11/30,81.7,82.2,80.3,80.3
2022/12/01,81.1,82.5,80.7,81.8
2022/12/02,81.8,82.3,81.1,82.1
2022/12/05,81.9,83.3,81.7,83.0
2022/12/06,82.6,83.6,82.5,83.3
2022/12/07,83.3,84.2,82.6,83.8
2022/12/08,83.8,84.2,83.4,83.7
2022/12/09,83.7,83.7,82.8,83.0
2022/12/12,83.5,83.8,82.1,83.8
2022/12/13,84.0,84.1,83.4,83.9
2022/12/14,84.3,85.0,83.9,85.0
2022/12/15,85.0,88.3,84.2,88.3
2022/12/16,87.5,88.6,86.8,86.8
2022/12/19,86.7,88.3,86.2,87.5
2022/12/20,87.5,87.5,83.8,83.8
2022/12/21,84.2,85.0,82.8,83.7
2022/12/22,84.2,85.5,83.5,84.8
2022/12/23,84.6,86.6,83.3,86.6
2022/12/26,86.6,86.9,85.4,86.8
2022/12/27,87.3,87.6,85.8,86.5
2022/12/28,86.7,87.6,85.5,85.7
2022/12/29,85.0,86.7,84.2,86.7
2022/12/30,86.0,87.4,86.0,86.7
2023/01/03,86.2,86.3,85.1,86.1
2023/01/04,85.7,86.1,85.1,85.8
2023/01/05,85.5,86.9,85.3,86.6
2023/01/06,86.3,87.7,86.0,87.1
2023/01/09,87.3,88.2,87.2,87.4
2023/01/10,87.4,87.6,86.9,87.2
2023/01/11,87.5,88.8,86.5,87.2
2023/01/12,87.2,87.4,85.4,86.0
2023/01/13,86.3,86.7,85.2,85.4
2023/01/16,85.4,87.7,85.4,87.0
2023/01/17,86.7,87.1,86.1,86.7
2023/01/30,87.0,88.8,87.0,88.5
2023/01/31,88.8,90.1,88.5,89.1
2023/02/01,89.6,91.3,89.4,90.0
2023/02/02,90.0,90.8,89.2,90.0
2023/02/03,90.6,91.4,89.8,91.3
2023/02/06,91.2,91.3,90.0,90.2
2023/02/07,90.5,91.3,89.9,91.3
2023/02/08,91.5,94.8,91.1,94.1
2023/02/09,93.6,96.4,92.7,93.1
2023/02/10,92.4,94.3,89.6,92.1
2023/02/13,91.4,92.3,90.4,91.9
2023/02/14,92.2,94.1,91.2,91.3
2023/02/15,91.3,92.6,91.1,92.2
2023/02/16,92.6,95.0,92.2,94.0
2023/02/17,93.5,96.8,93.4,96.2
2023/02/20,96.0,97.1,94.6,95.5
2023/02/21,95.7,97.6,94.9,97.4
2023/02/22,96.4,97.7,94.9,95.2
2023/02/23,95.3,98.0,95.3,96.0
2023/02/24,96.6,97.0,95.6,96.1
2023/03/01,95.6,95.9,93.7,95.8
2023/03/02,96.5,97.4,95.2,96.1
2023/03/03,96.6,100.1,96.4,99.6
2023/03/06,99.6,102.1,98.4,101.1
2023/03/07,101.1,102.1,99.6,100.6
2023/03/08,100.6,101.6,98.9,100.6
2023/03/09,100.6,104.1,98.9,104.1
2023/03/10,101.6,102.1,99.2,100.6
2023/03/13,100.6,100.6,97.0,98.5
2023/03/14,98.6,100.1,97.8,98.1
2023/03/15,99.2,100.1,98.7,98.7
2023/03/16,98.3,99.4,97.0,98.5
2023/03/17,98.9,99.2,96.7,97.4
2023/03/20,97.5,99.1,97.3,98.8
2023/03/21,99.1,100.6,99.0,99.4
2023/03/22,99.6,100.1,98.9,99.2
2023/03/23,99.4,99.4,97.8,98.2
2023/03/24,98.0,98.0,96.4,97.1
2023/03/27,96.6,98.0,96.2,97.7
2023/03/28,97.7,97.9,95.6,95.7
2023/03/29,95.7,97.1,95.6,96.2
2023/03/30,96.6,96.6,95.1,95.4
2023/03/31,95.6,96.8,95.2,96.8
2023/04/06,96.7,96.9,96.2,96.8
2023/04/07,96.9,98.7,96.9,98.6
2023/04/10,98.8,100.1,98.3,98.4
2023/04/11,98.5,100.1,98.0,99.6
2023/04/12,99.6,100.1,98.9,99.6
2023/04/13,99.0,100.1,99.0,99.5
2023/04/14,100.1,101.6,100.1,100.6
2023/04/17,101.1,102.6,100.1,100.1
2023/04/18,100.1,101.6,99.3,100.1
2023/04/19,99.6,101.1,99.5,99.5
2023/04/20,99.6,99.6,98.0,98.3
2023/04/21,98.3,99.2,97.1,98.1
2023/04/24,98.1,100.1,97.9,99.1
2023/04/25,99.4,99.6,97.6,97.6
2023/04/26,97.1,98.6,96.3,98.1
2023/04/27,98.1,100.1,97.8,98.4
2023/04/28,99.1,100.1,99.1,99.5
2023/05/02,99.6,100.6,99.4,99.6
2023/05/03,99.1,100.6,99.0,99.6
2023/05/04,99.6,100.6,99.1,100.1
2023/05/05,100.1,100.6,99.5,100.1
2023/05/08,100.6,105.6,99.4,103.1
2023/05/09,102.6,104.6,100.6,103.6
2023/05/10,97.7,97.8,93.8,96.6
2023/05/11,96.4,97.8,96.4,97.1
2023/05/12,96.8,98.4,96.2,98.3
2023/05/15,98.9,100.6,98.4,99.6
2023/05/16,100.6,100.6,99.0,99.1
2023/05/17,99.6,101.6,98.7,100.6
2023/05/18,101.1,101.6,100.1,100.1
2023/05/19,100.1,102.1,100.1,101.1
2023/05/22,101.1,103.6,100.1,103.1
2023/05/23,103.1,107.6,102.6,106.6
2023/05/24,106.6,107.6,103.6,105.6
2023/05/25,104.6,106.6,103.6,106.1
2023/05/26,105.6,105.6,101.6,102.6
2023/05/29,104.6,107.6,104.6,106.1
2023/05/30,106.1,106.6,104.6,105.6
2023/05/31,106.1,106.1,103.1,103.6
2023/06/01,103.6,105.1,102.6,104.1
2023/06/02,105.1,107.6,103.6,106.6
2023/06/05,107.6,107.6,104.1,104.6
2023/06/06,104.6,105.1,103.1,103.6
2023/06/07,103.6,103.6,101.6,102.6
2023/06/08,102.1,102.1,100.6,100.6
2023/06/09,101.6,102.1,100.6,101.6
2023/06/12,102.1,102.6,100.1,102.1
2023/06/13,101.6,102.1,100.1,101.6
2023/06/14,101.1,102.1,100.1,101.6
2023/06/15,101.6,101.6,99.6,100.1
2023/06/16,100.1,103.1,99.6,103.1
2023/06/19,103.6,105.6,102.1,105.6
2023/06/20,105.6,106.6,104.1,106.6
2023/06/21,106.6,106.6,104.6,104.6
2023/06/26,103.6,104.6,103.1,103.6
2023/06/27,103.6,106.6,103.6,104.6
2023/06/28,105.6,107.1,105.1,105.1
2023/06/29,105.6,107.1,105.1,106.6
2023/06/30,106.6,107.1,105.1,105.1
2023/07/03,105.1,106.1,105.1,105.6
2023/07/04,102.1,104.1,102.1,102.6
2023/07/05,102.6,106.6,102.1,105.1
2023/07/06,104.1,105.6,103.6,104.1
2023/07/07,104.1,104.6,102.6,103.1
2023/07/10,103.6,104.6,102.1,102.6
2023/07/11,104.1,105.1,102.6,104.6
2023/07/12,104.6,105.1,102.1,102.6
2023/07/13,102.6,104.6,102.1,103.6
2023/07/14,104.1,105.6,103.6,103.6
2023/07/17,103.6,106.6,103.6,104.1
2023/07/18,104.1,104.6,102.1,102.6
2023/07/19,103.6,105.6,102.6,103.6
2023/07/20,103.6,105.1,103.6,104.6
2023/07/21,104.1,104.6,103.1,104.1
2023/07/24,104.1,104.1,102.6,102.6
2023/07/25,103.6,105.6,102.6,104.6
2023/07/26,105.1,105.6,103.1,105.1
2023/07/27,106.1,107.6,106.1,106.1
2023/07/28,106.6,107.6,105.1,106.6
2023/07/31,107.6,108.1,106.1,107.1
2023/08/01,108.6,108.6,104.1,104.6
2023/08/02,106.1,106.6,103.1,104.1
2023/08/04,104.6,105.1,103.1,104.6
2023/08/07,104.6,104.6,103.6,104.1
2023/08/08,104.1,104.6,102.1,102.6
2023/08/09,102.6,103.6,102.1,102.6
2023/08/10,102.6,103.1,101.6,102.1
2023/08/11,102.1,102.6,99.6,100.6
2023/08/14,100.1,100.1,97.3,97.9
2023/08/15,98.1,100.1,97.3,99.6
2023/08/16,99.6,99.6,98.6,98.9
2023/08/17,99.0,99.0,97.9,98.7
2023/08/18,98.7,99.6,98.1,98.6
2023/08/21,98.9,101.6,98.9,100.1
2023/08/22,100.6,101.6,99.1,100.1
2023/08/23,100.1,103.6,99.1,103.6
2023/08/24,104.1,104.1,101.6,103.6
2023/08/25,102.6,103.1,101.6,102.6
2023/08/28,103.1,103.6,101.1,102.1
2023/08/29,102.6,102.6,101.1,102.1
2023/08/30,102.6,104.1,101.1,103.1
2023/08/31,103.6,104.6,102.1,104.1
2023/09/01,104.1,104.6,103.1,103.1
2023/09/04,103.1,105.1,102.6,104.6
2023/09/05,104.6,106.1,104.1,105.1
2023/09/06,105.1,106.1,103.6,104.6
2023/09/07,103.6,104.1,103.1,104.1
2023/09/08,103.1,105.1,103.1,105.1
2023/09/11,106.1,106.1,104.6,105.1
2023/09/12,104.6,105.6,104.1,105.6
2023/09/13,105.6,106.6,104.1,106.6
2023/09/14,106.6,106.6,105.1,105.1
2023/09/15,105.1,107.1,103.6,106.1
2023/09/18,106.1,106.1,104.1,105.1
2023/09/19,105.1,105.1,104.1,104.6
2023/09/20,104.1,105.6,103.1,104.1
2023/09/21,104.1,105.1,103.6,104.1
2023/09/22,104.1,105.6,103.1,105.1
2023/09/25,105.1,105.6,104.1,105.6
2023/09/26,104.6,106.1,104.1,106.1
2023/09/27,105.6,106.1,104.6,106.1
2023/09/28,106.1,106.1,104.6,105.1
2023/10/02,105.6,106.1,104.6,106.1
2023/10/03,106.1,106.6,104.6,104.6
2023/10/04,104.1,105.1,103.6,105.1
2023/10/05,105.1,105.6,104.1,105.6
2023/10/06,105.6,105.6,104.6,104.6
2023/10/11,103.6,104.1,102.6,103.1
2023/10/12,103.1,104.1,102.6,103.1
2023/10/13,103.1,103.6,102.6,102.6
2023/10/16,102.6,103.6,101.6,103.1
2023/10/17,103.1,103.1,101.6,101.6
2023/10/18,102.1,103.1,100.1,103.1
2023/10/19,102.6,102.6,101.1,101.1
2023/10/20,101.1,102.1,100.1,101.1
2023/10/23,100.6,102.1,100.1,101.6
2023/10/24,101.6,101.6,100.1,101.1
2023/10/25,101.6,102.1,100.6,102.1
2023/10/26,101.6,101.6,100.1,100.1
2023/10/27,101.1,101.6,100.1,101.1
2023/10/30,101.1,102.6,99.4,102.1
2023/10/31,102.6,102.6,100.1,100.1
2023/11/01,100.6,102.1,100.1,102.1
2023/11/02,101.6,101.6,101.1,101.1
2023/11/03,101.6,102.1,100.6,102.1
2023/11/06,102.1,103.1,101.6,102.1
2023/11/07,102.1,102.6,101.1,102.1
2023/11/08,102.1,103.1,102.1,102.1
2023/11/09,102.1,105.1,102.1,104.6
2023/11/10,104.6,104.6,102.6,103.1
2023/11/13,105.1,105.6,103.6,104.6
2023/11/14,105.1,105.6,103.6,105.6
2023/11/15,105.6,106.1,104.6,105.1
2023/11/16,105.1,106.1,104.1,104.6
2023/11/17,105.1,105.6,104.6,105.1
2023/11/20,105.6,111.1,105.6,109.1
2023/11/21,110.1,111.1,109.1,110.1
2023/11/22,109.6,115.0,109.6,114.0
2023/11/23,114.0,115.0,112.6,114.5
2023/11/24,115.0,115.5,113.5,114.5
2023/11/27,115.5,118.5,115.0,117.0
2023/11/28,117.0,117.5,114.5,115.5
2023/11/29,116.0,116.0,113.5,115.5
2023/11/30,120.5,125.0,118.5,119.5
2023/12/01,119.5,123.5,119.0,120.0
2023/12/04,120.0,123.0,119.0,122.0
2023/12/05,122.0,122.0,120.0,121.5
2023/12/06,122.0,124.5,122.0,124.0
2023/12/07,125.0,125.5,122.5,123.0
2023/12/08,124.5,125.5,123.0,125.0
2023/12/11,123.5,124.0,120.0,122.0
2023/12/12,123.0,124.0,121.5,122.5
2023/12/13,122.5,122.5,120.5,121.5
2023/12/14,122.0,124.0,121.5,122.5
2023/12/15,123.0,126.0,123.0,123.0
2023/12/18,123.0,124.5,122.0,123.5
2023/12/19,123.5,124.0,121.0,123.0
2023/12/20,123.0,125.0,121.0,122.0
2023/12/21,121.5,123.5,121.0,121.5
2023/12/22,121.5,123.0,120.5,122.5
2023/12/25,122.5,123.0,121.5,123.0
2023/12/26,122.5,124.5,122.0,124.0
2023/12/27,123.5,125.0,123.5,124.5
2023/12/28,124.0,125.0,123.0,123.0
2023/12/29,124.0,124.5,122.5,124.5
2024/01/02,124.0,124.5,122.0,122.0
2024/01/03,122.5,123.5,121.0,122.5
2024/01/04,122.5,123.5,121.5,123.0
2024/01/05,123.0,123.5,122.0,122.5
2024/01/08,122.0,124.0,121.5,123.5
2024/01/09,124.0,128.5,123.5,127.0
2024/01/10,126.5,126.5,124.5,125.0
2024/01/11,127.0,128.5,125.5,126.5
2024/01/12,125.0,126.0,124.0,125.0
2024/01/15,125.0,127.5,124.5,126.5
2024/01/16,126.0,129.5,125.5,129.0
2024/01/17,129.5,131.0,127.5,129.0
2024/01/18,128.0,128.5,125.0,126.5
2024/01/19,125.5,127.5,125.0,127.0
2024/01/22,126.5,130.5,126.0,130.0
2024/01/23,130.0,133.0,128.5,133.0
2024/01/24,133.5,133.5,130.5,130.5
2024/01/25,130.5,130.5,128.0,128.5
2024/01/26,129.0,132.0,128.5,131.0
2024/01/29,131.0,137.5,131.0,137.0
2024/01/30,136.0,139.4,136.0,136.5
2024/01/31,136.5,138.9,136.5,138.9
2024/02/01,139.4,139.9,136.0,137.0
2024/02/02,138.5,138.5,134.0,135.5
2024/02/05,135.5,137.5,134.0,137.0
2024/02/15,137.5,142.4,137.5,142.4
2024/02/16,142.9,142.9,138.5,141.4
2024/02/19,141.4,142.9,139.4,139.9
2024/02/20,139.9,141.4,138.5,141.4
2024/02/21,141.4,142.4,139.9,140.4
2024/02/22,140.4,142.4,139.9,141.9
2024/02/23,141.9,141.9,140.4,140.4
2024/02/26,140.4,145.9,139.9,144.4
2024/02/27,145.9,147.4,143.9,145.4
2024/02/29,144.9,146.4,144.9,144.9
2024/03/01,144.9,146.4,143.4,145.4
2024/03/04,144.4,145.4,143.9,145.4
2024/03/05,145.4,149.4,144.9,147.9
2024/03/06,147.4,150.4,147.4,148.9
2024/03/07,149.4,149.9,147.9,148.4
2024/03/08,147.9,148.9,142.4,145.4
2024/03/11,142.9,145.9,141.4,145.4
2024/03/12,144.4,145.9,142.9,144.4
2024/03/13,143.9,144.4,141.9,142.9
2024/03/14,142.9,144.4,142.4,143.4
2024/03/15,143.4,143.9,142.4,142.4
2024/03/18,142.9,145.4,142.4,142.9
2024/03/19,143.9,144.9,142.9,142.9
2024/03/20,144.4,144.9,141.4,141.9
2024/03/21,143.9,145.4,142.4,145.4
2024/03/22,145.4,145.4,142.4,143.4
2024/03/25,143.9,145.9,142.9,145.4
2024/03/26,145.4,146.9,144.4,146.9
2024/03/27,146.9,147.4,145.9,146.4
2024/03/28,146.4,147.4,145.4,145.4
2024/03/29,145.4,145.4,142.9,143.4
2024/04/01,143.9,146.9,142.9,145.9
2024/04/02,145.9,147.9,145.9,146.9
2024/04/03,146.9,146.9,144.9,145.9
2024/04/08,145.4,151.4,145.4,151.4
2024/04/09,151.4,151.4,148.4,148.4
2024/04/10,147.9,148.9,146.9,148.4
2024/04/11,147.9,151.4,147.9,151.4
2024/04/12,151.4,158.4,151.4,154.4
2024/04/15,155.9,155.9,152.9,153.9
2024/04/16,154.9,154.9,151.4,151.9
2024/04/17,151.9,154.9,151.9,154.9
2024/04/18,156.4,159.9,153.4,159.4
2024/04/19,158.4,159.9,154.4,158.4
2024/04/22,158.4,162.4,154.4,160.4
2024/04/23,159.9,159.9,152.4,154.4
2024/04/24,156.4,156.4,153.4,154.9
2024/04/25,156.4,159.4,155.9,157.9
2024/04/26,157.9,158.4,155.9,157.4
2024/04/29,157.9,159.4,157.4,159.4
2024/04/30,158.4,158.9,157.9,158.4
2024/05/02,158.9,162.4,158.4,161.9
2024/05/03,164.3,168.8,162.4,167.3
2024/05/06,169.8,169.8,164.8,166.8
2024/05/07,166.3,168.3,165.3,166.3
2024/05/08,167.3,171.8,165.3,170.3
2024/05/09,172.3,176.3,170.3,170.3
2024/05/10,172.3,177.8,171.8,174.8
2024/05/13,174.8,175.3,169.3,171.8
2024/05/14,171.8,174.3,170.3,171.3
2024/05/15,172.8,172.8,165.3,166.3
2024/05/16,167.3,167.8,163.4,163.4
2024/05/17,164.3,164.3,159.4,159.9
2024/05/20,159.9,162.9,158.9,161.9
2024/05/21,161.9,161.9,157.9,158.4
2024/05/22,157.9,160.4,157.4,159.4
2024/05/23,161.4,161.9,156.4,159.4
2024/05/24,159.4,160.4,157.9,159.4
2024/05/27,158.9,161.9,158.9,160.4
2024/05/28,161.4,162.9,160.4,161.9
2024/05/29,162.9,162.9,159.9,159.9
2024/05/30,158.9,161.4,157.4,159.9
2024/05/31,161.4,162.9,159.9,162.4
2024/06/03,162.4,162.9,160.4,160.4
2024/06/04,160.4,162.4,159.4,160.9
2024/06/05,161.9,166.3,160.4,165.3
2024/06/06,165.3,166.8,163.9,164.3
2024/06/07,164.8,168.8,163.4,165.8
2024/06/11,165.8,165.8,162.4,162.9
2024/06/12,163.9,164.3,161.4,161.9
2024/06/13,161.9,164.3,161.4,163.4
2024/06/14,163.4,165.3,161.4,161.4
2024/06/17,161.4,163.9,161.4,161.4
2024/06/18,163.9,163.9,161.4,161.4
2024/06/19,162.4,166.3,162.4,164.8
2024/06/20,164.8,165.3,163.4,163.4
2024/06/21,163.4,169.3,163.4,169.3
2024/06/24,169.3,170.3,164.3,164.3
2024/06/25,165.3,166.8,163.4,165.8
2024/06/26,166.8,168.3,165.3,166.8
2024/06/27,165.8,169.3,165.8,166.3
2024/06/28,167.3,172.3,166.8,170.8
2024/07/01,172.3,175.3,170.3,172.8
2024/07/02,173.3,174.8,172.3,172.3
2024/07/03,173.3,173.3,169.3,170.3
2024/07/04,166.8,168.8,166.3,166.8
2024/07/05,168.3,169.3,164.8,164.8
2024/07/08,165.3,166.3,163.4,165.8
2024/07/09,167.3,167.3,164.3,164.8
2024/07/10,164.3,166.3,161.4,166.3
2024/07/11,165.3,165.8,161.4,161.4
2024/07/12,161.4,163.4,160.4,162.4
2024/07/15,161.9,162.4,160.4,161.9
2024/07/16,163.4,163.9,161.9,161.9
2024/07/17,162.4,164.8,162.4,163.9
2024/07/18,163.9,167.3,162.9,166.3
2024/07/19,166.3,171.3,164.3,170.3
2024/07/22,171.3,171.3,163.4,164.8
2024/07/23,164.8,169.3,164.8,168.3
2024/07/26,168.3,168.3,160.4,160.9
2024/07/29,161.9,163.4,155.4,155.4
2024/07/30,154.9,156.9,151.9,156.4
2024/07/31,156.4,156.9,153.4,155.9
2024/08/01,156.9,162.9,156.9,161.9
2024/08/02,160.4,166.3,158.9,161.4
2024/08/05,157.4,157.4,149.4,153.9
2024/08/06,157.4,158.4,149.9,155.9
2024/08/07,154.4,162.9,154.4,161.4
2024/08/08,158.4,158.9,152.4,153.9
2024/08/09,155.4,157.4,154.4,154.9
2024/08/12,157.4,158.4,153.9,155.4
2024/08/13,157.4,159.4,155.4,159.4
2024/08/14,160.4,163.4,158.4,163.4
2024/08/15,165.3,166.3,161.9,164.3
2024/08/16,165.3,166.3,163.4,165.8
2024/08/19,166.3,166.3,163.9,164.3
2024/08/20,164.8,165.8,160.9,160.9
2024/08/21,161.9,164.3,158.9,160.4
2024/08/22,160.4,160.9,156.9,157.4
2024/08/23,157.4,158.4,156.4,157.4
2024/08/26,158.4,159.4,155.4,156.9
2024/08/27,157.4,159.4,156.4,159.4
2024/08/28,158.4,159.4,157.4,158.4
2024/08/29,157.9,158.4,156.4,156.9
2024/08/30,157.4,160.4,156.9,160.4
2024/09/02,162.9,163.4,160.9,162.4
2024/09/03,162.4,162.4,158.4,159.4
2024/09/04,155.4,159.4,153.9,155.9
2024/09/05,156.9,158.4,155.4,156.4
2024/09/06,156.4,157.4,154.4,154.4
2024/09/09,152.9,158.9,152.4,158.9
2024/09/10,159.9,159.9,156.4,158.9
2024/09/11,158.9,158.9,155.9,157.4
2024/09/12,158.4,159.9,156.4,159.9
2024/09/13,160.4,161.9,159.9,161.9
2024/09/16,161.4,161.9,159.9,160.9
2024/09/18,159.9,160.9,158.9,158.9
2024/09/19,159.4,159.9,157.9,159.4
2024/09/20,160.9,160.9,158.4,159.9
2024/09/23,159.9,161.4,158.9,158.9
2024/09/24,160.9,169.3,159.9,169.3
2024/09/25,173.3,173.3,166.8,167.8
2024/09/26,169.3,170.3,166.3,166.3
2024/09/27,168.3,168.8,164.8,166.3
2024/09/30,166.3,167.8,162.4,162.4
2024/10/01,162.4,162.9,156.9,160.4
2024/10/04,160.4,163.9,160.4,161.9
2024/10/07,162.5,164.0,162.0,163.5
2024/10/08,163.5,163.5,160.0,161.0
2024/10/09,162.5,162.5,158.0,158.0
2024/10/11,160.0,160.0,156.0,156.0
2024/10/14,157.0,158.0,156.0,157.0
2024/10/15,157.5,158.5,156.0,157.5
2024/10/16,157.0,157.5,153.5,154.5
2024/10/17,155.0,158.0,154.5,157.0
2024/10/18,157.0,157.5,154.5,155.5
2024/10/21,157.0,157.0,154.0,155.0
2024/10/22,155.0,155.5,152.5,154.5
2024/10/23,155.0,155.0,153.5,154.0
2024/10/24,154.0,157.0,153.5,157.0
2024/10/25,156.0,156.5,155.0,155.5
2024/10/28,155.0,156.5,154.5,155.0
2024/10/29,154.5,154.5,153.0,153.0
2024/10/30,153.0,153.5,149.0,153.0
2024/11/01,150.0,154.0,149.5,153.0
2024/11/04,153.0,156.0,153.0,155.0
2024/11/05,155.5,155.5,154.0,155.0
2024/11/06,155.0,157.0,154.0,156.5
2024/11/07,156.0,157.5,155.0,156.0
2024/11/08,157.0,159.0,155.5,155.5
2024/11/11,156.0,156.0,150.0,151.5
2024/11/12,151.5,154.0,151.5,153.0
2024/11/13,152.5,154.0,151.5,152.5
2024/11/14,152.5,155.5,152.0,153.0
2024/11/15,153.0,157.0,152.5,156.5
2024/11/18,157.5,157.5,154.5,156.0
2024/11/19,156.0,157.0,155.5,157.0
2024/11/20,157.0,157.0,152.5,153.5
2024/11/21,154.0,154.0,149.0,149.0
2024/11/22,149.5,150.5,148.5,150.0
2024/11/25,151.0,152.5,150.0,152.5
2024/11/26,152.5,152.5,151.5,151.5
2024/11/27,151.0,152.0,149.5,149.5
2024/11/28,149.5,149.5,147.0,147.0
2024/11/29,146.5,148.0,144.0,147.0
2024/12/02,147.0,149.0,147.0,148.5
2024/12/03,148.5,149.5,148.0,148.5
2024/12/04,149.5,151.0,149.0,149.0
2024/12/05,151.0,151.0,148.0,148.5
2024/12/06,148.0,149.0,147.5,149.0
2024/12/09,149.0,149.0,145.0,145.5
2024/12/10,147.0,147.5,145.5,146.0
2024/12/11,146.0,148.0,145.0,145.5
2024/12/12,147.0,147.0,144.5,144.5
2024/12/13,144.5,144.5,141.5,143.0
2024/12/16,144.0,145.5,142.0,142.0
2024/12/17,142.0,143.5,142.0,142.5
2024/12/18,142.5,145.0,142.0,145.0
2024/12/19,144.5,146.5,143.5,145.0
2024/12/20,145.0,150.0,145.0,146.0
2024/12/23,148.0,152.0,147.5,149.5
2024/12/24,150.0,150.0,147.5,148.0
2024/12/25,149.5,149.5,147.0,148.0
2024/12/26,149.0,150.0,148.5,149.0
2024/12/27,150.5,150.5,149.0,149.0
2024/12/30,149.0,150.0,148.5,149.0
2024/12/31,148.5,150.0,147.0,147.5
2025/01/02,147.0,148.0,146.5,147.5
2025/01/03,147.5,148.5,145.0,145.0
2025/01/06,148.0,148.0,145.5,145.5
2025/01/07,146.0,146.5,144.5,145.0
2025/01/08,145.5,147.5,144.0,147.5
2025/01/09,147.0,147.5,143.5,143.5
2025/01/10,144.0,145.5,144.0,144.5
2025/01/13,144.5,145.5,142.0,144.5
2025/01/14,145.5,147.5,144.5,146.0
2025/01/15,147.0,152.0,146.5,148.5
2025/01/16,151.5,155.5,150.0,153.0
2025/01/17,152.0,155.0,152.0,153.0
2025/01/20,152.0,157.0,152.0,155.5
2025/01/21,156.5,160.5,155.0,158.5
2025/01/22,157.0,162.0,157.0,161.5
2025/02/03,159.5,161.0,157.5,157.5
2025/02/04,157.5,161.0,157.5,159.5
2025/02/05,160.0,164.0,160.0,160.0
2025/02/06,160.0,161.0,157.5,157.5
2025/02/07,158.0,161.0,156.5,159.5
2025/02/10,159.5,160.0,157.5,158.0
2025/02/11,159.5,160.0,157.5,157.5
2025/02/12,157.0,159.0,157.0,157.5
2025/02/13,158.5,164.0,158.5,161.5
2025/02/14,161.5,162.5,159.5,159.5
2025/02/17,160.5,162.0,159.0,160.0
2025/02/18,160.5,162.5,160.0,162.5
2025/02/19,162.5,162.5,161.0,161.5
2025/02/20,161.0,161.0,159.5,160.5
2025/02/21,159.5,162.0,159.5,162.0
2025/02/24,161.5,163.0,161.0,163.0
2025/02/25,162.0,165.5,161.0,163.0
2025/02/26,165.0,168.0,163.5,166.0
2025/02/27,168.0,170.0,165.5,168.0
2025/03/03,167.0,167.5,163.5,166.0
2025/03/04,163.5,166.0,162.5,166.0
2025/03/05,164.5,166.0,164.0,165.0
2025/03/06,165.0,165.5,162.5,164.5
2025/03/07,163.0,164.0,162.5,163.5
2025/03/10,163.5,166.0,161.5,166.0
2025/03/11,164.0,166.0,161.5,165.0
2025/03/12,166.0,166.5,162.5,162.5
2025/03/13,162.5,164.0,158.0,159.5
2025/03/14,160.0,163.0,155.5,163.0
2025/03/17,162.5,162.5,158.5,162.5
2025/03/18,164.0,165.5,160.5,165.5
2025/03/19,164.0,164.5,159.5,160.0
2025/03/20,161.0,161.5,159.5,159.5
2025/03/21,160.0,162.0,159.0,161.5
2025/03/24,161.5,161.5,157.0,158.5
2025/03/25,159.0,159.0,156.5,156.5
2025/03/26,156.5,158.0,156.5,156.5
2025/03/27,156.0,157.0,155.5,156.5
2025/03/28,156.5,156.5,152.0,153.5
2025/03/31,149.0,151.0,147.0,147.0
2025/04/01,147.5,154.0,147.5,152.5
2025/04/02,151.5,153.5,150.5,151.0
2025/04/07,136.0,141.0,136.0,139.0
2025/04/08,142.0,147.0,142.0,147.0
2025/04/09,138.0,143.5,133.0,134.5
2025/04/10,147.5,147.5,144.5,146.5
2025/04/11,140.5,146.5,139.0,146.0
2025/04/14,145.5,151.5,145.5,149.5
2025/04/15,148.0,154.5,148.0,154.0
2025/04/16,153.0,155.0,151.0,154.0
2025/04/17,153.0,153.5,150.0,151.0
2025/04/18,151.5,157.0,151.5,155.5
2025/04/21,154.5,155.0,153.0,153.0
2025/04/22,152.5,154.0,151.0,152.0
2025/04/23,153.5,155.5,152.0,152.0
2025/04/24,153.5,153.5,150.5,151.0
2025/04/25,152.5,153.5,148.5,151.5
2025/04/28,152.5,152.5,150.5,151.0
2025/04/29,151.0,151.5,149.5,150.5
2025/04/30,150.5,154.5,150.5,154.0
2025/05/02,154.0,156.0,152.5,155.5
2025/05/05,156.0,158.5,154.0,154.0
2025/05/06,154.0,155.0,152.0,153.0
2025/05/07,153.0,156.0,153.0,155.0
2025/05/08,155.5,156.5,154.0,156.5
2025/05/09,157.0,158.0,154.5,157.0
2025/05/12,155.0,155.0,151.5,152.0
2025/05/13,153.0,154.5,152.0,154.0
2025/05/14,154.0,154.0,151.5,153.0
2025/05/15,153.0,153.0,151.0,151.5
2025/05/16,152.0,153.5,151.5,153.5
2025/05/19,154.0,155.0,152.0,153.0
2025/05/20,153.0,154.0,152.0,152.0
2025/05/21,153.0,153.5,151.5,152.0
2025/05/22,151.5,153.0,150.5,151.5
2025/05/23,151.5,152.5,151.0,151.0
2025/05/26,152.0,152.0,149.5,150.5
2025/05/27,151.0,151.5,148.0,149.5
2025/05/28,149.5,150.5,148.0,149.0
2025/05/29,149.0,149.5,147.0,147.0
2025/06/02,147.0,148.0,145.5,147.0
2025/06/03,147.0,149.5,146.5,148.5
2025/06/04,149.0,150.5,149.0,150.5
2025/06/05,150.5,152.5,149.5,150.5
2025/06/06,150.5,151.5,149.5,151.0
2025/06/09,152.0,153.5,152.0,152.0
2025/06/10,153.0,154.5,152.0,154.0
2025/06/11,152.5,156.0,152.5,154.0
2025/06/12,154.0,157.0,153.5,154.0
2025/06/13,154.0,155.0,153.5,154.0
2025/06/16,155.5,161.0,155.0,159.0
2025/06/17,159.5,161.0,158.5,158.5
2025/06/18,157.0,160.5,157.0,160.0
2025/06/19,158.5,160.5,158.5,160.0
2025/06/20,159.0,161.0,159.0,160.5
2025/06/23,159.5,161.0,157.5,160.0
2025/06/24,160.0,161.5,160.0,161.5
2025/06/25,161.5,162.0,159.0,161.0
2025/06/26,160.5,161.0,158.0,160.0
2025/06/27,159.0,161.0,158.5,159.0
2025/06/30,160.0,160.0,158.0,158.0
2025/07/01,158.5,159.0,157.5,157.5
2025/07/02,151.5,154.0,151.0,151.5
2025/07/03,152.5,158.0,152.5,156.5
2025/07/04,156.5,156.5,153.5,154.0
2025/07/07,155.0,157.0,153.5,155.5
2025/07/08,155.5,155.5,152.5,152.5
2025/07/09,152.0,154.5,152.0,152.5
2025/07/10,152.5,153.5,150.5,151.0
2025/07/11,152.0,153.0,151.0,151.5
2025/07/14,152.0,153.0,151.0,152.0
2025/07/15,151.5,153.5,151.5,153.0
2025/07/16,152.0,153.0,149.5,150.0
2025/07/17,150.5,151.5,149.5,151.0
2025/07/18,151.5,151.5,148.5,149.0
2025/07/21,149.0,151.0,148.0,149.5
2025/07/22,149.5,150.5,148.0,148.0
2025/07/23,149.5,152.5,148.5,151.5
2025/07/24,152.0,153.0,151.0,151.5
2025/07/25,151.5,153.5,151.0,151.0
2025/07/28,151.0,151.5,149.5,149.5
2025/07/29,150.5,150.5,148.0,148.5
2025/07/30,149.5,149.5,148.5,148.5
2025/07/31,148.5,149.0,146.5,146.5
2025/08/01,146.0,147.0,145.5,146.0
2025/08/04,146.0,146.0,143.0,144.0
2025/08/05,144.0,145.5,144.0,144.5
2025/08/06,144.5,146.5,144.0,144.0
2025/08/07,144.5,145.5,143.5,143.5
2025/08/08,143.5,145.0,143.0,143.0
2025/08/11,143.0,145.0,141.0,141.0
2025/08/12,142.0,142.5,140.0,141.0
2025/08/13,141.5,141.5,138.5,139.5
2025/08/14,140.0,140.0,137.5,139.5
2025/08/15,140.5,141.0,139.5,140.0
2025/08/18,139.5,142.0,139.5,140.5
2025/08/19,140.5,140.5,139.0,139.0
2025/08/20,139.0,139.0,137.0,138.0
2025/08/21,138.5,140.0,138.0,138.5
2025/08/22,138.5,140.0,138.0,139.5
2025/08/25,140.5,140.5,139.0,139.5
2025/08/26,139.5,140.5,139.0,139.0
2025/08/27,139.0,140.0,139.0,139.0
2025/08/28,139.0,139.5,137.5,138.0
2025/08/29,139.0,139.0,137.5,138.5
2025/09/01,138.5,138.5,135.0,136.0
2025/09/02,135.5,136.0,133.5,134.0
2025/09/03,134.0,134.0,132.5,133.0
2025/09/04,133.0,134.5,133.0,133.5
2025/09/05,134.0,135.5,133.0,133.5
2025/09/08,134.5,134.5,132.5,132.5
2025/09/09,133.0,134.0,131.5,132.0
2025/09/10,132.0,133.5,131.0,132.5
2025/09/11,131.0,131.5,125.5,128.5
2025/09/12,129.5,129.5,128.0,128.0
2025/09/15,128.5,132.5,128.5,131.0
2025/09/16,131.0,131.0,128.5,128.5
2025/09/17,129.5,130.0,127.0,127.0
2025/09/18,128.5,129.0,127.0,127.0
2025/09/19,128.5,129.0,127.5,128.0
2025/09/22,129.0,130.5,129.0,130.0
2025/09/23,130.0,130.0,129.0,129.0
2025/09/24,129.0,130.0,128.0,128.0
2025/09/25,128.0,129.5,127.5,128.5
2025/09/26,128.5,129.0,126.5,127.0
2025/09/30,128.0,128.5,127.5,127.5
2025/10/01,128.0,128.0,126.5,127.0
2025/10/02,127.5,127.5,125.5,125.5
2025/10/03,126.0,126.5,125.0,125.5
2025/10/07,125.5,127.0,125.0,126.5
2025/10/08,126.5,127.5,126.0,126.0
2025/10/09,127.5,128.0,126.5,127.5
2025/10/13,126.5,126.5,124.5,124.5
2025/10/14,125.0,127.0,124.5,124.5
2025/10/15,125.0,127.0,124.5,127.0
2025/10/16,127.5,129.5,126.5,127.5
2025/10/17,126.5,131.0,126.5,128.5
2025/10/20,128.5,130.5,128.5,129.5
2025/10/21,130.0,131.5,129.5,130.0
2025/10/22,130.5,132.0,130.0,131.5
2025/10/23,132.0,133.0,131.0,133.0
2025/10/27,133.5,133.5,130.5,131.0
2025/10/28,132.0,132.0,130.5,130.5
2025/10/29,131.5,131.5,128.5,130.0
2025/10/30,130.5,130.5,129.0,130.0
2025/10/31,131.0,131.0,126.5,126.5
2025/11/03,126.5,126.5,124.5,125.5
2025/11/04,126.0,126.5,124.5,125.0
2025/11/05,125.5,125.5,124.0,124.5
2025/11/06,126.0,127.0,126.0,126.5
2025/11/07,126.5,127.5,124.0,124.0
2025/11/10,126.0,128.5,126.0,127.0
2025/11/11,127.5,127.5,124.5,125.5
2025/11/12,125.5,128.0,125.5,127.5
2025/11/13,128.0,129.0,127.0,127.0
2025/11/14,127.0,130.5,126.5,128.0
2025/11/17,129.5,130.0,127.5,128.0
2025/11/18,128.0,128.0,125.0,125.0
2025/11/19,126.0,126.5,121.5,122.0
2025/11/20,123.0,123.0,121.5,122.5
2025/11/21,122.0,125.0,122.0,122.5
2025/11/24,123.0,125.0,123.0,123.5
2025/11/25,124.0,125.0,123.5,124.5
2025/11/26,125.0,128.0,125.0,127.0
2025/11/27,127.0,127.5,125.5,127.0
2025/11/28,127.0,128.5,125.5,128.0
2025/12/01,127.0,128.5,126.0,126.0
2025/12/02,126.0,126.5,125.5,126.0
2025/12/03,126.5,127.0,126.0,126.0
2025/12/04,126.0,127.0,126.0,126.0
2025/12/05,126.5,127.0,125.0,125.0
2025/12/08,125.0,125.0,122.5,123.5
2025/12/09,123.5,123.5,119.0,120.5
2025/12/10,120.5,120.5,119.5,119.5
2025/12/11,118.0,118.0,114.5,117.0
2025/12/12,117.0,117.5,115.5,116.0
2025/12/15,115.0,118.0,114.5,118.0
2025/12/16,117.5,118.5,116.0,118.5
2025/12/17,118.0,119.0,117.5,118.0
2025/12/18,118.0,119.0,116.5,117.5
2025/12/19,118.5,120.0,118.5,119.0
2025/12/22,120.0,120.0,117.5,119.0
2025/12/23,119.0,119.5,118.5,118.5
2025/12/24,118.5,121.0,118.5,121.0
2025/12/26,121.0,121.0,119.0,119.0
2025/12/29,119.5,121.0,119.0,120.5
2025/12/30,120.0,121.0,119.5,120.5
2025/12/31,121.0,122.0,120.5,121.0
2026/01/02,122.0,122.5,120.0,120.5
2026/01/05,120.0,120.5,116.5,116.5
2026/01/06,116.5,118.0,115.5,117.0
2026/01/07,117.0,119.5,116.5,118.5
2026/01/08,119.0,120.5,119.0,119.0
2026/01/09,119.5,120.0,119.0,120.0
2026/01/12,119.5,120.0,117.0,117.5
2026/01/13,117.5,118.0,116.0,116.5
2026/01/14,116.5,119.0,116.5,119.0
2026/01/15,119.0,120.0,118.0,119.5
2026/01/16,119.5,119.5,117.5,117.5
2026/01/19,117.5,119.5,117.0,118.5
2026/01/20,118.0,118.5,117.0,117.5
2026/01/21,118.5,119.5,117.0,119.0
2026/01/22,119.5,120.5,119.0,120.0
2026/01/23,120.5,122.0,120.0,120.5
2026/01/26,121.0,123.0,119.0,122.5
2026/01/27,123.5,127.0,120.0,121.0
2026/01/28,122.0,123.0,120.5,122.0
2026/01/29,123.5,124.0,121.5,123.0
2026/01/30,123.5,123.5,118.5,120.0
2026/02/02,120.0,120.0,116.0,117.0
2026/02/03,118.0,118.0,117.0,118.0
2026/02/04,118.5,119.5,117.5,119.0
2026/02/05,118.5,121.0,118.5,120.0
2026/02/06,119.0,120.0,117.5,119.0
2026/02/09,120.0,120.0,118.0,119.0
2026/02/10,120.0,120.0,118.0,119.0
2026/02/11,119.5,121.5,118.5,120.5
2026/02/23,121.5,124.0,120.5,124.0
2026/02/24,123.5,124.0,121.0,122.0
2026/02/25,121.5,123.5,121.5,123.5
2026/02/26,123.0,123.0,119.5,122.0
2026/03/02,120.0,124.5,120.0,123.5
2026/03/03,122.5,124.0,121.0,123.5
2026/03/04,121.5,122.0,119.5,120.0
2026/03/05,120.5,121.5,118.5,120.5
2026/03/06,120.5,120.5,119.0,119.5
2026/03/09,118.0,120.5,116.5,120.0
2026/03/10,121.0,124.0,120.5,123.5
2026/03/11,123.0,123.0,120.5,122.5
2026/03/12,121.0,122.0,119.0,119.0
2026/03/13,118.5,120.5,118.0,120.5
2026/03/16,120.5,123.5,120.0,123.0
2026/03/17,123.0,127.5,123.0,124.5
2026/03/18,124.5,125.5,121.0,121.5
2026/03/19,121.5,122.0,118.0,118.5
2026/03/20,118.5,118.5,116.5,117.0
2026/03/23,115.0,116.0,114.5,115.0
2026/03/24,116.0,118.5,115.5,117.5
2026/03/25,119.0,120.0,117.0,120.0
2026/03/26,120.0,120.5,119.5,120.0
2026/03/27,118.0,121.0,118.0,120.0
2026/03/30,118.0,119.5,117.5,117.5
2026/03/31,117.0,118.0,114.5,115.5
2026/04/01,117.0,117.0,116.0,117.0
2026/04/02,117.0,118.5,116.0,116.0
2026/04/07,116.5,117.0,116.0,116.5
2026/04/08,117.0,118.5,114.5,115.5
2026/04/09,115.5,116.0,114.0,115.5
2026/04/10,115.5,116.0,111.5,112.0
2026/04/13,112.0,112.0,108.5,111.0
2026/04/14,111.5,112.5,109.5,110.0
2026/04/15,112.0,112.5,110.0,111.5
2026/04/16,112.5,114.5,112.5,114.5
2026/04/17,114.5,114.5,113.5,114.5
2026/04/20,115.0,120.0,114.5,119.0
2026/04/21,120.0,120.0,118.0,120.0
2026/04/22,119.0,119.0,117.0,117.5
2026/04/23,117.0,117.0,113.5,114.5
2026/04/24,114.5,114.5,111.5,112.5
2026/04/27,112.5,113.0,111.0,112.0
2026/04/28,113.0,113.5,111.0,113.0
2026/04/29,113.5,113.5,112.5,112.5
2026/04/30,112.5,113.0,111.5,111.5
2026/05/04,112.0,113.5,111.5,112.5
2026/05/05,113.0,113.0,111.0,111.5
2026/05/06,112.5,112.5,111.0,111.0
2026/05/07,111.5,111.5,110.0,110.5
2026/05/08,111.5,112.0,109.5,111.5
2026/05/11,113.0,121.0,113.0,120.0
2026/05/12,120.5,126.0,119.5,122.5
2026/05/13,122.0,122.0,119.0,119.0
2026/05/14,119.5,123.0,118.5,121.0
2026/05/15,121.5,125.5,120.0,125.0
2026/05/18,124.5,125.0,122.0,122.5
2026/05/19,123.5,128.0,122.5,125.5
2026/05/20,124.0,125.0,122.5,124.0
2026/05/21,125.0,127.0,124.5,126.0
2026/05/22,127.5,128.5,125.5,127.0
2026/05/25,127.0,127.0,124.5,124.5
2026/05/26,124.5,125.0,122.5,122.5
2026/05/27,122.5,124.0,122.0,122.5
2026/05/28,124.0,124.0,121.5,123.0
2026/05/29,123.0,124.0,122.0,123.5
2026/06/01,124.0,124.5,122.0,124.5
2026/06/02,124.5,125.5,123.5,123.5
2026/06/03,124.0,127.0,123.0,126.5
2026/06/04,126.0,127.5,125.0,125.5
2026/06/05,125.5,129.5,124.5,127.5
2026/06/08,122.5,127.0,122.5,126.0
2026/06/09,125.0,130.0,125.0,127.0
2026/06/10,128.0,133.0,127.5,130.5
2026/06/11,130.5,132.0,129.0,132.0
2026/06/12,131.5,134.0,131.5,133.5
2026/06/15,134.5,136.0,133.0,133.5
2026/06/16,133.5,134.5,132.0,133.0
2026/06/17,132.0,134.0,131.5,134.0
2026/06/18,134.0,135.5,133.0,134.0
2026/06/22,134.5,134.5,131.0,131.5
2026/06/23,132.0,132.5,129.5,131.5
2026/06/24,130.0,130.0,128.0,128.5
2026/06/25,128.5,131.0,128.0,128.5
2026/06/26,128.0,129.0,125.5,129.0
2026/06/29,129.5,130.5,127.0,127.0
2026/06/30,127.0,129.5,125.0,128.5
2026/07/01,128.5,129.0,125.5,127.5
2026/07/02,119.0,121.0,116.0,118.0
2026/07/03,119.0,124.0,118.5,122.0
2026/07/06,122.5,126.0,122.5,124.0
2026/07/07,124.0,125.0,122.5,124.5
2026/07/08,124.5,125.5,122.0,124.0
2026/07/09,124.0,124.0,121.0,122.5
2026/07/13,124.5,125.0,121.0,124.0
2026/07/14,124.0,125.0,123.0,125.0
2026/07/15,125.0,126.0,123.5,125.0
2026/07/16,125.0,125.5,124.0,125.5
2026/07/17,124.5,126.0,123.5,125.5
2026/07/20,125.5,129.0,124.0,128.5
2026/07/21,128.5,133.0,127.5,132.5
2026/07/22,133.0,134.0,130.5,132.0
2026/07/23,131.5,132.0,129.0,130.0
2026/07/24,129.5,131.0,129.0,130.0
